time.yy,time.mm,time.dd,time.hh,tre200h0,ure200h0,fkl010h0,fkl010h1,dkl010h0,skycover,gls,str.diffus,str.direkt
2035,1,1,0,2.6,69.2,1.3,2.8,106,,0,0,0
2035,1,1,1,2.7,70.1,1.2,2.6,94,,0,0,0
2035,1,1,2,2.7,71.2,1.2,2.5,79,,0,0,0
2035,1,1,3,2.8,72.1,1.1,2.4,82,,0,0,0
2035,1,1,4,3,73.7,1.1,2.2,54,,0,0,0
2035,1,1,5,3,74.7,1,2.2,50,,0,0,0
2035,1,1,6,3.1,75.8,0.9,2.1,40,,0,0,0
2035,1,1,7,3.1,75,0.7,2.1,43,,5,0,0
2035,1,1,8,3.1,74,0.5,1.7,27,,35,35,0
2035,1,1,9,3.3,73.6,0.5,2.8,169,,97,86,48
2035,1,1,10,3.9,70.8,1.8,4.8,142,,218,108,357
2035,1,1,11,4.5,70.1,1.4,4.5,163,,267,83,534
2035,1,1,12,4.8,70.5,1.9,5.5,174,,259,120,404
2035,1,1,13,4.8,75.4,0.9,3,193,,130,116,48
2035,1,1,14,4.7,76.8,0.9,2.3,186,,71,71,1
2035,1,1,15,4.8,75.9,0.5,1.8,202,,40,34,64
2035,1,1,16,4.6,76.3,0.6,1.5,189,,1,0,0
2035,1,1,17,4.7,75.5,0.9,1.9,193,,1,0,0
2035,1,1,18,4.6,73.1,1.1,2,10,,0,0,0
2035,1,1,19,4.7,73.1,1.3,2.1,4,,0,0,0
2035,1,1,20,4.7,73.4,1,2.3,17,,0,0,0
2035,1,1,21,4.7,74.9,1,2.1,333,,0,0,0
2035,1,1,22,4.5,77.2,1.2,2.1,355,,0,0,0
2035,1,1,23,3.9,81.4,1.7,3.3,13,,0,0,0
2035,1,2,0,3.4,83.8,1.2,2.4,9,,0,0,0
2035,1,2,1,3.1,84.8,1.6,2.6,14,,0,0,0
2035,1,2,2,3.6,83.1,1.4,2.7,12,,0,0,0
2035,1,2,3,4.3,80,0.9,1.9,333,,0,0,0
2035,1,2,4,4.2,81.3,1,2,16,,0,0,0
2035,1,2,5,4.3,82.1,0.4,1.3,270,,0,0,0
2035,1,2,6,3.7,84.1,1.4,3.3,360,,0,0,0
2035,1,2,7,3.3,85.4,1.5,3.6,360,,3,0,0
2035,1,2,8,4.2,80.8,0.8,3.1,338,,86,46,360
2035,1,2,9,4.7,77.1,1.4,3.7,162,,183,66,516
2035,1,2,10,4.8,74.4,1.1,3.7,191,,248,65,598
2035,1,2,11,5.2,74.1,1.1,3,198,,277,73,587
2035,1,2,12,5.9,72.6,1.2,3.6,194,,287,96,557
2035,1,2,13,6,72.7,0.9,3.4,207,,196,114,271
2035,1,2,14,6.2,71.5,1.3,4,219,,153,64,412
2035,1,2,15,5.9,75.7,0.8,3.1,243,,43,36,78
2035,1,2,16,5.3,80,1.1,4.6,17,,3,0,0
2035,1,2,17,4.7,81.4,1.2,3.5,355,,0,0,0
2035,1,2,18,4.2,82.4,1.7,3.7,4,,0,0,0
2035,1,2,19,4.2,81.8,2.1,4.7,17,,0,0,0
2035,1,2,20,4.5,79,1.7,3.5,14,,0,0,0
2035,1,2,21,4.7,76.9,1.1,2.8,10,,0,0,0
2035,1,2,22,4.9,77.5,0.7,1.8,8,,0,0,0
2035,1,2,23,4.9,79.5,0.3,1.7,360,,0,0,0
2035,1,3,0,4.6,80.2,0.9,2.9,214,,0,0,0
2035,1,3,1,4.4,80.9,1.1,2.2,162,,0,0,0
2035,1,3,2,4.4,80.9,1,2.9,180,,0,0,0
2035,1,3,3,4.5,80.9,0.9,2.1,166,,0,0,0
2035,1,3,4,4.2,81,0.5,1.7,169,,0,0,0
2035,1,3,5,4.5,81.3,0.8,2.5,187,,0,0,0
2035,1,3,6,4.3,80.6,0.7,2.1,180,,0,0,0
2035,1,3,7,4.3,80.5,1.1,2.6,162,,1,0,0
2035,1,3,8,4.1,80.2,0.8,2,180,,16,16,0
2035,1,3,9,4.2,80.1,1,3.5,229,,42,42,0
2035,1,3,10,4.3,79.2,1.1,3.7,216,,85,85,0
2035,1,3,11,4.5,79.3,1.3,3.4,221,,227,141,245
2035,1,3,12,4.8,76.4,1.3,2.8,222,,298,89,605
2035,1,3,13,5.2,72.3,1.1,2.4,207,,246,59,618
2035,1,3,14,5.6,75.3,0.9,2.4,201,,163,49,524
2035,1,3,15,5.6,76.4,0.5,1.7,217,,60,29,298
2035,1,3,16,5.2,76.4,0.5,1.6,256,,1,0,0
2035,1,3,17,4.7,79.7,1.5,2.8,16,,0,0,0
2035,1,3,18,3.9,81.4,1.7,2.9,31,,0,0,0
2035,1,3,19,4,80.2,1.9,3,32,,0,0,0
2035,1,3,20,3.7,80.3,2.2,3.5,28,,0,0,0
2035,1,3,21,3.5,79.1,1.8,3.3,34,,0,0,0
2035,1,3,22,3.7,82.2,2,3.6,30,,0,0,0
2035,1,3,23,3.6,85.6,2,3.8,18,,0,0,0
2035,1,4,0,2.9,86.1,2,3,21,,0,0,0
2035,1,4,1,2.2,86.7,1.8,2.9,21,,0,0,0
2035,1,4,2,2.4,86.1,2.7,4.3,20,,0,0,0
2035,1,4,3,2.8,84,2.9,3.9,17,,0,0,0
2035,1,4,4,2.5,84.4,2.8,4,17,,0,0,0
2035,1,4,5,2.7,84.2,2.4,3.7,24,,0,0,0
2035,1,4,6,3.3,82.4,2.2,3.7,30,,0,0,0
2035,1,4,7,3.5,82.1,1.9,3,32,,4,0,0
2035,1,4,8,3.5,82.5,1.3,2.7,17,,62,38,218
2035,1,4,9,4.2,78.9,0.6,2.1,225,,172,50,536
2035,1,4,10,5,73.1,1.6,3.7,169,,261,55,667
2035,1,4,11,5.5,69,2.2,4,167,,301,58,696
2035,1,4,12,5.7,67.8,1.8,3.7,167,,296,60,680
2035,1,4,13,6,69.5,1.5,3.6,172,,250,58,630
2035,1,4,14,6.2,70.2,0.6,2.5,225,,162,48,516
2035,1,4,15,6.5,70.5,0.8,2.5,239,,60,30,281
2035,1,4,16,6.5,71.1,0.6,2.5,63,,4,0,0
2035,1,4,17,6.6,70.8,0.7,1.9,225,,3,0,0
2035,1,4,18,7,69.3,0.7,2.1,225,,0,0,0
2035,1,4,19,6.9,70.1,0.6,2.3,270,,0,0,0
2035,1,4,20,6.9,73.5,0.6,2.5,225,,0,0,0
2035,1,4,21,6.9,72.6,1.5,3.3,20,,0,0,0
2035,1,4,22,6.4,80.1,0.7,2.6,346,,0,0,0
2035,1,4,23,6.9,76.3,0.5,2.9,315,,0,0,0
2035,1,5,0,6.7,77.1,1,3.3,288,,0,0,0
2035,1,5,1,6.6,77.8,0.7,3.7,279,,0,0,0
2035,1,5,2,6.4,77.5,1,3.5,90,,0,0,0
2035,1,5,3,6.7,75.9,0.9,2.9,108,,0,0,0
2035,1,5,4,6.4,76.6,1,3.4,23,,0,0,0
2035,1,5,5,6.8,80.1,0.7,3.1,45,,0,0,0
2035,1,5,6,7,81.7,0.4,1.7,360,,0,0,0
2035,1,5,7,7.1,78.7,0.2,1.2,27,,0,0,0
2035,1,5,8,7.3,75.1,0.2,1.8,360,,23,23,0
2035,1,5,9,7.6,74.8,0.2,1.6,225,,104,86,74
2035,1,5,10,8.3,67.9,0.5,1.6,259,,138,120,55
2035,1,5,11,8.6,68.2,0.6,2.1,217,,86,86,0
2035,1,5,12,8.2,75.1,0.8,2.3,198,,117,117,1
2035,1,5,13,7.9,74.2,0.6,2.3,217,,112,109,9
2035,1,5,14,8,71.7,0.5,1.5,233,,86,80,28
2035,1,5,15,8.4,70.2,0.4,1.3,225,,70,50,190
2035,1,5,16,7.9,74.5,0.4,2.5,342,,4,0,0
2035,1,5,17,6.8,80.5,0.8,1.9,330,,0,0,0
2035,1,5,18,6.1,80.8,1.3,2.7,356,,0,0,0
2035,1,5,19,5.9,80.7,2.1,4.5,49,,0,0,0
2035,1,5,20,5.9,81,1.4,3.1,55,,0,0,0
2035,1,5,21,5.9,81.2,1.8,3.4,24,,0,0,0
2035,1,5,22,5.9,81.4,2,4,29,,0,0,0
2035,1,5,23,5.9,81.6,1.8,3.1,19,,0,0,0
2035,1,6,0,5.9,81.9,1.7,2.8,24,,0,0,0
2035,1,6,1,5.8,82.1,1.3,2.8,48,,0,0,0
2035,1,6,2,5.8,82.3,0.8,2.2,8,,0,0,0
2035,1,6,3,5.8,82.6,0.7,2,180,,0,0,0
2035,1,6,4,5.8,82.8,0.4,1.6,153,,0,0,0
2035,1,6,5,5.8,83,0.6,1.7,135,,0,0,0
2035,1,6,6,5.8,83.3,0.6,1.3,307,,0,0,0
2035,1,6,7,5.8,83.5,1.2,3.7,110,,2,0,0
2035,1,6,8,5.7,83.7,0.9,2.4,174,,11,11,0
2035,1,6,9,5.7,83.9,1.4,3.7,163,,44,44,0
2035,1,6,10,5.7,84.2,1.7,4.2,155,,63,63,0
2035,1,6,11,6.3,82,1.3,3.7,171,,122,116,15
2035,1,6,12,6.6,81.3,2.1,4.1,163,,192,138,154
2035,1,6,13,6.8,80,1.1,2.5,190,,215,93,398
2035,1,6,14,7.2,78.7,1.1,2.5,180,,127,75,232
2035,1,6,15,7.1,79.6,0.6,1.8,202,,47,41,51
2035,1,6,16,6.4,82.1,1,3.1,342,,2,0,0
2035,1,6,17,6,82.7,0.8,2.7,349,,0,0,0
2035,1,6,18,5.6,83,1.3,3.3,13,,0,0,0
2035,1,6,19,5.6,81.4,1.6,3,15,,0,0,0
2035,1,6,20,4.6,85.2,1.4,3.5,9,,0,0,0
2035,1,6,21,4.3,85.4,1.9,3.5,32,,0,0,0
2035,1,6,22,4.3,85.1,1.9,3.4,35,,0,0,0
2035,1,6,23,4.3,84.8,1.7,3.3,24,,0,0,0
2035,1,7,0,3.8,84.2,1.6,2.9,18,,0,0,0
2035,1,7,1,3.6,83.6,1.8,3,13,,0,0,0
2035,1,7,2,3.8,80.7,1.5,3.1,34,,0,0,0
2035,1,7,3,4,79.4,1.2,2.2,11,,0,0,0
2035,1,7,4,4.2,76.8,1.4,2.5,13,,0,0,0
2035,1,7,5,4.2,78.2,1,2.4,69,,0,0,0
2035,1,7,6,4.1,79.5,0.7,2.2,90,,0,0,0
2035,1,7,7,3.9,79.8,1.2,2.8,5,,4,0,0
2035,1,7,8,4,78.7,1.2,3.4,17,,64,38,225
2035,1,7,9,4.9,76.5,0.7,2.7,196,,176,50,545
2035,1,7,10,5.5,76.9,1.3,3.9,194,,261,55,662
2035,1,7,11,5.9,77.5,1.3,2.9,219,,297,61,663
2035,1,7,12,5.8,78.4,1.5,3.8,225,,282,76,581
2035,1,7,13,6,78.5,1.3,3.4,219,,235,73,517
2035,1,7,14,6,78.8,1.3,2.8,235,,156,61,415
2035,1,7,15,5.7,81.4,0.9,2.2,240,,59,36,203
2035,1,7,16,5.3,83.8,0.8,1.6,270,,4,0,0
2035,1,7,17,5.2,84.5,1,2,360,,0,0,0
2035,1,7,18,4.8,85.5,1.9,2.9,16,,0,0,0
2035,1,7,19,4.8,85.3,1.2,2.3,10,,0,0,0
2035,1,7,20,5,83.6,1.5,2.6,8,,0,0,0
2035,1,7,21,5,83.5,1,2.2,360,,0,0,0
2035,1,7,22,4.9,85.3,0.2,1.6,225,,0,0,0
2035,1,7,23,4.9,83.5,0.5,1.2,270,,0,0,0
2035,1,8,0,4.9,83.8,0.5,1.8,202,,0,0,0
2035,1,8,1,4.8,84.9,0.6,1.7,180,,0,0,0
2035,1,8,2,4.8,83.4,0.9,2.9,180,,0,0,0
2035,1,8,3,4.4,81.2,0.1,1.2,180,,0,0,0
2035,1,8,4,4.3,81.8,0.5,2,194,,0,0,0
2035,1,8,5,4.3,81.8,0.5,1.4,270,,0,0,0
2035,1,8,6,4.2,82.8,0.7,1.6,279,,0,0,0
2035,1,8,7,3.6,81.5,1.6,3.5,4,,0,0,0
2035,1,8,8,3.7,80.8,1.8,4.1,7,,39,38,12
2035,1,8,9,4.3,79.3,0.5,2,360,,112,93,82
2035,1,8,10,4.4,78.9,0.8,2.5,180,,117,115,9
2035,1,8,11,5.1,73.1,0.7,2.5,198,,181,150,85
2035,1,8,12,5.3,69.5,0.6,2.1,239,,148,136,32
2035,1,8,13,5.5,71.7,0.9,2,240,,150,130,65
2035,1,8,14,5.4,79.2,0.5,1.7,207,,86,85,5
2035,1,8,15,5.3,78.9,0.5,1.5,180,,36,36,0
2035,1,8,16,5.1,77.8,0.5,1.6,252,,0,0,0
2035,1,8,17,5.1,79.4,0.6,1.7,307,,0,0,0
2035,1,8,18,4.9,76.1,0.9,1.8,353,,0,0,0
2035,1,8,19,4.9,74.9,0.8,2,346,,0,0,0
2035,1,8,20,5,75.8,0.7,2,68,,0,0,0
2035,1,8,21,4.9,73.8,0.8,1.6,292,,0,0,0
2035,1,8,22,5,70.3,0.9,1.9,346,,0,0,0
2035,1,8,23,5.1,67.3,0.3,1.3,288,,0,0,0
2035,1,9,0,4.8,66.6,0.1,1.1,270,,0,0,0
2035,1,9,1,4.8,66.8,1.1,2,346,,0,0,0
2035,1,9,2,4.8,70.7,0.8,1.9,153,,0,0,0
2035,1,9,3,4.8,72.1,1.1,1.7,24,,0,0,0
2035,1,9,4,4.8,74.4,0.8,1.8,16,,0,0,0
2035,1,9,5,5,77.7,1.3,2,355,,0,0,0
2035,1,9,6,5.1,82.6,0.7,1.6,352,,0,0,0
2035,1,9,7,4.8,75.4,0.8,1.9,39,,2,0,0
2035,1,9,8,4.8,69,0.3,1.2,297,,30,30,0
2035,1,9,9,5.2,65.6,0.3,1.5,315,,82,81,6
2035,1,9,10,6,61.3,0.9,2.4,187,,205,122,265
2035,1,9,11,6.6,60.1,1.1,2.3,190,,238,142,267
2035,1,9,12,7.1,63.2,1.1,2.3,191,,166,141,69
2035,1,9,13,6.7,69.6,0.6,2.4,202,,98,98,0
2035,1,9,14,6.8,69.2,0.4,1.2,236,,54,54,0
2035,1,9,15,7,74.1,0,0.8,0,,13,13,0
2035,1,9,16,6.9,74.3,0.3,0.9,236,,3,0,0
2035,1,9,17,6.7,75.9,0.1,0.8,225,,0,0,0
2035,1,9,18,6.4,71.7,0,0.1,0,,0,0,0
2035,1,9,19,6.5,76.5,0.6,1.5,297,,0,0,0
2035,1,9,20,6.4,78.1,0.9,1.6,354,,0,0,0
2035,1,9,21,6.4,79.4,0.9,1.7,13,,0,0,0
2035,1,9,22,6.5,79.3,1.1,1.9,11,,0,0,0
2035,1,9,23,6.4,79.8,1,1.6,13,,0,0,0
2035,1,10,0,6.4,81.9,0.4,1.2,14,,0,0,0
2035,1,10,1,6.2,86.8,1,1.8,354,,0,0,0
2035,1,10,2,6.1,86.8,0.8,1.5,330,,0,0,0
2035,1,10,3,6.1,87,0.5,2.1,338,,0,0,0
2035,1,10,4,6.1,87.3,0.5,1.9,45,,0,0,0
2035,1,10,5,5.9,85.7,0.5,1.3,45,,0,0,0
2035,1,10,6,6,83.5,1.1,1.9,354,,0,0,0
2035,1,10,7,5.9,79.4,0.9,2.8,360,,2,0,0
2035,1,10,8,6.2,80.5,0.2,1.4,270,,9,9,0
2035,1,10,9,6.2,79.6,0.6,2.5,281,,23,23,0
2035,1,10,10,6.1,78.9,0.7,3.1,307,,32,32,0
2035,1,10,11,6.1,80,1.5,5.1,356,,65,65,0
2035,1,10,12,6.1,79.3,1,5.8,30,,61,61,0
2035,1,10,13,6.1,76.5,0.8,3.5,360,,55,55,0
2035,1,10,14,6.4,75.9,0.6,2.8,329,,38,38,0
2035,1,10,15,6.1,76.1,0.7,3,297,,18,18,0
2035,1,10,16,5.9,75.6,1,3.7,319,,5,0,0
2035,1,10,17,5.8,73.5,0.7,3,288,,0,0,0
2035,1,10,18,5.7,75.6,0.5,4.1,304,,0,0,0
2035,1,10,19,5.5,75.2,1.4,6.7,39,,0,0,0
2035,1,10,20,5.3,73.6,2.9,8.6,39,,0,0,0
2035,1,10,21,5.2,73.3,3.2,8.9,34,,0,0,0
2035,1,10,22,5,76.3,3,8,41,,0,0,0
2035,1,10,23,5.1,76.9,1.5,5.5,58,,0,0,0
2035,1,11,0,5,78,2.5,6.3,17,,0,0,0
2035,1,11,1,5,78.2,2.3,6.1,18,,0,0,0
2035,1,11,2,5.1,77.7,1.4,3.3,4,,0,0,0
2035,1,11,3,4.9,77.6,1.5,4.2,8,,0,0,0
2035,1,11,4,4.9,77.6,1.9,4.5,13,,0,0,0
2035,1,11,5,4.8,77.5,1.8,4,16,,0,0,0
2035,1,11,6,4.5,77.5,2.9,5.1,17,,0,0,0
2035,1,11,7,4.3,78.2,2.6,5.1,18,,4,0,0
2035,1,11,8,4.4,78,2.4,4.9,18,,52,42,81
2035,1,11,9,5,73.3,1,3.6,346,,72,72,0
2035,1,11,10,5.4,73.1,0.9,2.1,234,,78,78,0
2035,1,11,11,5.3,73.9,0.7,3.3,288,,57,57,0
2035,1,11,12,5.2,72.2,1.5,4.8,352,,67,67,0
2035,1,11,13,5.4,69.3,1.7,4.5,21,,98,98,0
2035,1,11,14,5.3,70.6,2.1,5,20,,50,50,0
2035,1,11,15,5.1,71.5,1.7,6,43,,13,13,0
2035,1,11,16,5.2,71.8,1.5,4.9,30,,1,0,0
2035,1,11,17,5,70,2.8,7.1,21,,0,0,0
2035,1,11,18,4.9,71.3,3,6.9,24,,0,0,0
2035,1,11,19,4.9,71.7,2.9,6.6,25,,0,0,0
2035,1,11,20,4.9,71.2,2.9,6.4,21,,0,0,0
2035,1,11,21,4.8,72.7,2.6,6.2,23,,0,0,0
2035,1,11,22,4.8,72.7,2.3,5.6,25,,0,0,0
2035,1,11,23,4.7,72.7,1.3,3.6,23,,0,0,0
2035,1,12,0,4.6,72.9,1.3,3.1,13,,0,0,0
2035,1,12,1,4.6,71.3,1.6,3.6,14,,0,0,0
2035,1,12,2,4.6,71.4,0.8,2.8,169,,0,0,0
2035,1,12,3,4.4,73,0.5,2.1,153,,0,0,0
2035,1,12,4,4.2,75.9,0.5,1.5,217,,0,0,0
2035,1,12,5,3.8,76.4,1,3.3,63,,0,0,0
2035,1,12,6,3.7,73.8,2,3.9,20,,0,0,0
2035,1,12,7,3.6,71.6,2.2,3.8,18,,3,0,0
2035,1,12,8,3.6,72.2,1.7,3.5,22,,70,36,279
2035,1,12,9,4.2,69.3,0.9,2.9,180,,167,58,464
2035,1,12,10,4.8,67.4,1.4,3,193,,265,89,550
2035,1,12,11,4.7,66.1,1.6,3.9,180,,277,129,405
2035,1,12,12,5,65.1,1.5,3.5,188,,286,88,541
2035,1,12,13,5.2,65.5,1.4,3.1,201,,247,79,518
2035,1,12,14,5.2,66.9,1.1,2.6,202,,167,64,427
2035,1,12,15,5.1,68.9,0.6,2.6,211,,68,40,216
2035,1,12,16,4.8,70.8,0.3,1.8,180,,5,0,0
2035,1,12,17,4.3,72.5,2.1,4.4,23,,0,0,0
2035,1,12,18,3.7,73.5,2.9,4.6,22,,0,0,0
2035,1,12,19,3.4,74.4,2.9,4.7,22,,0,0,0
2035,1,12,20,3.3,75.4,2.1,3.8,22,,0,0,0
2035,1,12,21,3,77.2,2.1,3.8,25,,0,0,0
2035,1,12,22,2.7,78.8,1.9,3.4,21,,0,0,0
2035,1,12,23,3.3,73.2,1.6,2.8,18,,0,0,0
2035,1,13,0,3.2,74,1.8,3,19,,0,0,0
2035,1,13,1,3,77.6,2.6,4.5,23,,0,0,0
2035,1,13,2,2.9,77.7,2.5,4,21,,0,0,0
2035,1,13,3,2.8,77.5,2.1,3.5,20,,0,0,0
2035,1,13,4,2.6,78.3,2.5,4.2,21,,0,0,0
2035,1,13,5,2.4,80.5,2.9,4.9,25,,0,0,0
2035,1,13,6,2.3,80.7,2.9,4.6,22,,0,0,0
2035,1,13,7,2.1,80.5,2.3,4.6,23,,5,0,0
2035,1,13,8,2.5,78.8,2.4,4.9,25,,77,36,342
2035,1,13,9,2.8,76.1,1.2,4.2,22,,163,82,338
2035,1,13,10,3.2,71.7,1.5,3.8,214,,258,65,597
2035,1,13,11,3.3,68.7,1.3,3,207,,303,70,632
2035,1,13,12,4.1,64.6,1.3,3.3,184,,307,69,645
2035,1,13,13,4.6,62.3,1.4,3.3,192,,264,65,608
2035,1,13,14,4.6,60.3,1.3,2.8,189,,185,54,532
2035,1,13,15,4.5,60.2,1.1,2.4,190,,80,35,348
2035,1,13,16,4.3,60.9,0.5,2.2,180,,7,0,0
2035,1,13,17,3.8,63.1,1.2,2.9,24,,0,0,0
2035,1,13,18,3.4,66.3,2.2,4.1,13,,0,0,0
2035,1,13,19,2.9,70.6,2.2,4.4,21,,0,0,0
2035,1,13,20,2.7,72.2,2.3,3.9,23,,0,0,0
2035,1,13,21,2.2,73.6,1.9,3.3,21,,0,0,0
2035,1,13,22,2,73,2,3.5,24,,0,0,0
2035,1,13,23,1.9,69.8,2.3,4,23,,0,0,0
2035,1,14,0,1.4,69.2,2,3.8,27,,0,0,0
2035,1,14,1,0.9,69.9,1.9,3.1,21,,0,0,0
2035,1,14,2,0.7,68.9,2.2,3.5,18,,0,0,0
2035,1,14,3,0.9,65.2,2.5,4.4,24,,0,0,0
2035,1,14,4,0.9,64.3,2.7,4.2,23,,0,0,0
2035,1,14,5,0.8,65.4,2.6,4.3,21,,0,0,0
2035,1,14,6,0.9,64.9,1.7,3.7,30,,0,0,0
2035,1,14,7,0.7,64.8,1.5,3.9,27,,5,0,0
2035,1,14,8,1.4,58.3,1.2,4.6,127,,70,38,267
2035,1,14,9,2.5,50.7,2.3,5.7,144,,182,52,539
2035,1,14,10,3.6,50.8,2.7,6.3,158,,273,58,659
2035,1,14,11,3.5,57.7,1.6,4.2,184,,313,63,673
2035,1,14,12,4.1,57.5,1.1,3.4,185,,310,68,651
2035,1,14,13,4.6,56.6,1.3,3,209,,264,69,592
2035,1,14,14,4.4,59.5,0.9,2.6,207,,184,58,506
2035,1,14,15,4.4,61.5,0.8,2.4,203,,81,36,335
2035,1,14,16,3.9,61.1,0.3,1.7,243,,8,0,0
2035,1,14,17,3.8,62.6,0.3,1.7,18,,0,0,0
2035,1,14,18,3.4,64.5,0.9,1.9,284,,0,0,0
2035,1,14,19,2.8,68.4,0.9,2.9,90,,0,0,0
2035,1,14,20,2.8,68.7,1.7,5.6,63,,0,0,0
2035,1,14,21,2.6,68.9,1.4,3.7,14,,0,0,0
2035,1,14,22,2.2,71.5,0.8,3.6,27,,0,0,0
2035,1,14,23,1.9,72.9,1.3,3.5,95,,0,0,0
2035,1,15,0,1.8,74.8,2.2,5.1,82,,0,0,0
2035,1,15,1,1.5,76.4,2.3,4.3,51,,0,0,0
2035,1,15,2,1.1,78.1,1.9,3.5,28,,0,0,0
2035,1,15,3,0.8,78.6,2,4.7,21,,0,0,0
2035,1,15,4,0.5,78.1,1.8,4,13,,0,0,0
2035,1,15,5,0.2,79.1,1.4,3.1,4,,0,0,0
2035,1,15,6,0,78,2.3,5,21,,0,0,0
2035,1,15,7,0,73.3,2.8,5.5,36,,5,0,0
2035,1,15,8,0.1,69.9,3.1,6.5,33,,50,44,54
2035,1,15,9,0.9,69,2.3,5.7,45,,161,86,310
2035,1,15,10,1.6,71.4,1.6,5.4,59,,257,81,535
2035,1,15,11,2.1,71.5,1.6,3.8,214,,318,80,636
2035,1,15,12,2.2,71.7,1.8,4,257,,306,92,566
2035,1,15,13,2.4,70.6,1.5,5.4,288,,249,116,398
2035,1,15,14,2.1,71.2,2.4,6.2,30,,125,100,102
2035,1,15,15,1.6,70.3,1.9,5.8,34,,39,39,0
2035,1,15,16,1.4,71.3,0.9,4.7,7,,8,0,0
2035,1,15,17,1.2,72.9,0.4,1.6,360,,0,0,0
2035,1,15,18,1.2,72,0.3,2.1,135,,1,0,0
2035,1,15,19,0.9,71.4,0.7,4.2,39,,0,0,0
2035,1,15,20,0.5,73.2,0.9,4.1,106,,0,0,0
2035,1,15,21,0.1,74.3,1.3,4.7,105,,0,0,0
2035,1,15,22,0,74.8,3.9,9.6,100,,0,0,0
2035,1,15,23,-0.1,74.9,3.1,9.4,86,,0,0,0
2035,1,16,0,-0.4,75.2,3.6,7.8,42,,0,0,0
2035,1,16,1,-0.5,75.8,4.2,11.2,35,,0,0,0
2035,1,16,2,-0.7,75.9,3.9,9.2,74,,0,0,0
2035,1,16,3,-0.8,76.1,3.8,9.4,63,,0,0,0
2035,1,16,4,-0.8,76.1,2.1,11,51,,0,0,0
2035,1,16,5,-0.8,76.8,4.8,11.1,47,,0,0,0
2035,1,16,6,-0.6,76.3,4,9.8,68,,0,0,0
2035,1,16,7,-0.5,75.2,3.8,10.8,53,,4,0,0
2035,1,16,8,-0.4,74,3,8.9,76,,20,20,0
2035,1,16,9,0,72.4,3.5,10.1,61,,54,54,0
2035,1,16,10,0.3,71,2.5,6.8,70,,86,86,0
2035,1,16,11,0.8,69.8,1.9,7.1,97,,69,69,0
2035,1,16,12,1.2,68.9,1.1,7,304,,79,79,0
2035,1,16,13,1.5,67.7,1.7,4.2,252,,134,129,15
2035,1,16,14,1.5,67.1,1,5.2,315,,91,90,5
2035,1,16,15,1.5,68,0.9,5.9,333,,39,39,0
2035,1,16,16,1.2,67.8,1.4,6.6,45,,7,0,0
2035,1,16,17,1,68.1,0.6,5.2,56,,1,0,0
2035,1,16,18,0.9,67.7,1.3,6.6,66,,1,0,0
2035,1,16,19,0.8,67,0.5,6.3,104,,0,0,0
2035,1,16,20,0.6,67.2,2.2,8.4,85,,0,0,0
2035,1,16,21,0.4,67.4,2.5,7.2,81,,0,0,0
2035,1,16,22,0.2,69.1,1.8,5,114,,0,0,0
2035,1,16,23,-0.1,70.8,0.8,5.1,117,,0,0,0
2035,1,17,0,-0.1,71.6,1,4.1,127,,0,0,0
2035,1,17,1,-0.3,72.4,1.2,4.5,84,,0,0,0
2035,1,17,2,-0.6,73.7,3.3,8.2,36,,0,0,0
2035,1,17,3,-0.8,74.7,3.3,7.5,60,,0,0,0
2035,1,17,4,-0.9,74.8,3.5,7.6,46,,0,0,0
2035,1,17,5,-1.2,76.4,2.4,6.3,82,,0,0,0
2035,1,17,6,-1.3,76.3,2.5,7.5,106,,0,0,0
2035,1,17,7,-1.2,76.1,1,4.1,74,,5,0,0
2035,1,17,8,-1,74.3,1,3,96,,44,42,16
2035,1,17,9,-0.1,71.6,1.1,3.3,117,,152,86,267
2035,1,17,10,0.9,67.2,1.5,3.7,180,,273,95,535
2035,1,17,11,1.6,66.9,1.3,3.7,185,,309,76,614
2035,1,17,12,2.2,67.4,1.1,3.4,190,,310,79,606
2035,1,17,13,3.2,64.3,1.2,2.7,186,,279,76,596
2035,1,17,14,3.8,63.3,1.1,2.8,209,,185,80,404
2035,1,17,15,3.5,63.6,0.7,2.2,188,,80,45,248
2035,1,17,16,3.2,65.7,0.5,1.5,207,,5,5,0
2035,1,17,17,3.2,66.2,0.9,2.6,34,,0,0,0
2035,1,17,18,3.1,68.8,1.2,2.9,53,,1,0,0
2035,1,17,19,3.2,72.2,1.2,2.8,342,,0,0,0
2035,1,17,20,3.6,75.9,0.9,2.9,360,,0,0,0
2035,1,17,21,3.1,79.2,1.1,2.7,360,,0,0,0
2035,1,17,22,3,80.3,0.9,2,304,,0,0,0
2035,1,17,23,3,79.8,1.1,3.4,319,,0,0,0
2035,1,18,0,2.9,80.2,1.3,3.9,351,,0,0,0
2035,1,18,1,2.7,81.6,1.4,2.5,21,,0,0,0
2035,1,18,2,1.9,84.9,1.5,2.7,4,,0,0,0
2035,1,18,3,2.1,84.4,1.6,3.1,17,,0,0,0
2035,1,18,4,2.5,85,1.4,3,17,,0,0,0
2035,1,18,5,3,85.9,1.1,2.8,360,,0,0,0
2035,1,18,6,3.4,85.2,0.6,1.6,360,,0,0,0
2035,1,18,7,3.7,82.7,0.9,2,23,,5,0,0
2035,1,18,8,4.1,81.5,0.5,1.6,214,,33,33,0
2035,1,18,9,4.2,82.6,0.7,2.3,315,,69,69,0
2035,1,18,10,4.7,82.3,0.5,2.8,169,,106,106,0
2035,1,18,11,5.6,79.4,0.6,2.1,225,,94,94,0
2035,1,18,12,6.2,77.4,0.8,2.4,188,,191,155,93
2035,1,18,13,6.7,74.8,0.6,2.4,202,,172,139,96
2035,1,18,14,6.5,75.5,0.7,2.5,189,,139,104,134
2035,1,18,15,7,67.8,1.8,8.3,21,,93,49,301
2035,1,18,16,6.8,67.2,1.4,7.5,22,,7,7,0
2035,1,18,17,6.5,67.9,1.4,3.4,12,,2,0,0
2035,1,18,18,6.2,67.7,2.2,5.2,30,,1,0,0
2035,1,18,19,6.1,68.4,3.1,8.2,33,,0,0,0
2035,1,18,20,6,69,3.5,8.5,30,,0,0,0
2035,1,18,21,5.9,69.3,3.8,8.5,23,,0,0,0
2035,1,18,22,5.6,71.1,3.2,7.1,28,,0,0,0
2035,1,18,23,5.7,71.7,3.3,9.1,35,,0,0,0
2035,1,19,0,5.4,74.1,4,9.6,32,,0,0,0
2035,1,19,1,5.3,73.9,4.5,10.9,33,,0,0,0
2035,1,19,2,5.2,72.4,5.6,13.9,33,,0,0,0
2035,1,19,3,4.8,68.3,5.6,13.3,39,,0,0,0
2035,1,19,4,4.2,64.6,5.4,12.8,40,,0,0,0
2035,1,19,5,3.9,64.6,6,14.1,46,,0,0,0
2035,1,19,6,3.5,63.2,6.1,14.3,36,,0,0,0
2035,1,19,7,3.2,62,5.6,14.8,37,,6,0,0
2035,1,19,8,3.2,61.6,5.6,13.9,44,,78,40,284
2035,1,19,9,3.5,58.6,5.5,14.5,47,,194,54,555
2035,1,19,10,3.9,51.2,5.9,14.8,47,,289,59,678
2035,1,19,11,4.2,48,5,12.9,42,,333,60,706
2035,1,19,12,4.4,46.7,4.8,12.6,30,,332,63,691
2035,1,19,13,4.5,46.1,4.6,11.1,33,,286,63,642
2035,1,19,14,4.5,47.3,4.6,12,30,,191,82,410
2035,1,19,15,4.1,51.1,4.5,11.4,32,,90,49,267
2035,1,19,16,3.3,54.2,4.2,11.7,30,,10,10,0
2035,1,19,17,2.8,56.3,4.4,11.3,33,,0,0,0
2035,1,19,18,2.5,57.9,4.4,11.5,37,,0,0,0
2035,1,19,19,2.2,59.4,4.8,13.8,42,,0,0,0
2035,1,19,20,1.9,59.8,4.4,11.4,40,,0,0,0
2035,1,19,21,1.9,58.6,4.7,14.2,42,,0,0,0
2035,1,19,22,1.8,59.5,5.2,12.8,49,,0,0,0
2035,1,19,23,1.5,62.5,3.7,11.2,44,,0,0,0
2035,1,20,0,1.3,62.9,4.1,12,53,,0,0,0
2035,1,20,1,1.2,60.4,3.7,10,35,,0,0,0
2035,1,20,2,1,60.4,3.7,10.3,35,,0,0,0
2035,1,20,3,0.9,61.4,4.4,10.9,31,,0,0,0
2035,1,20,4,0.8,60.9,3.9,9.7,35,,0,0,0
2035,1,20,5,0.7,60.2,4.4,9.4,30,,0,0,0
2035,1,20,6,0.7,60.1,2.7,8.3,28,,0,0,0
2035,1,20,7,0.3,62.6,0.9,5.6,22,,9,0,0
2035,1,20,8,0.5,63.9,0.8,4,351,,81,37,334
2035,1,20,9,1.4,60.5,0.9,2.9,259,,188,57,517
2035,1,20,10,1.9,62,1.6,3.9,195,,280,63,635
2035,1,20,11,2.5,62.4,1.6,3.7,194,,316,80,610
2035,1,20,12,2.7,65,1.5,3.7,219,,320,80,613
2035,1,20,13,3.1,64,1.5,3.4,208,,306,87,624
2035,1,20,14,3.2,63.9,1.3,3.9,207,,197,69,479
2035,1,20,15,3,63.7,0.9,2.6,240,,95,59,238
2035,1,20,16,2.8,64.6,0.5,2.1,315,,16,16,0
2035,1,20,17,2.7,65.2,2.1,3.5,19,,1,0,0
2035,1,20,18,2.6,65.3,2.4,4.1,20,,2,0,0
2035,1,20,19,2.1,60.8,2.2,4,18,,0,0,0
2035,1,20,20,1.5,61.5,2.4,4.5,18,,0,0,0
2035,1,20,21,1.5,61.5,2.5,5.5,18,,0,0,0
2035,1,20,22,1.3,65.6,1.7,4.6,3,,0,0,0
2035,1,20,23,1.1,67.6,1.6,6.1,7,,0,0,0
2035,1,21,0,0.9,67,2.6,6.2,11,,0,0,0
2035,1,21,1,1.1,66.3,2.5,5.2,19,,0,0,0
2035,1,21,2,1.4,65.7,2.6,5.5,23,,0,0,0
2035,1,21,3,1.6,64.8,1.6,4.3,15,,0,0,0
2035,1,21,4,1.9,61.7,1.3,3.4,20,,0,0,0
2035,1,21,5,2.1,60.1,1.6,3.1,11,,0,0,0
2035,1,21,6,2.2,59.7,1.5,3.3,11,,0,0,0
2035,1,21,7,2.4,59,0.8,2.2,352,,3,0,0
2035,1,21,8,2.6,59,1,2.4,347,,18,18,0
2035,1,21,9,2.9,62.3,0.7,2.3,278,,38,38,0
2035,1,21,10,3.4,58.4,0.4,3.4,360,,114,113,4
2035,1,21,11,3.7,60.4,1,3.3,360,,129,127,4
2035,1,21,12,4.1,59.9,1.4,3.6,216,,234,126,272
2035,1,21,13,4.9,56.9,1.8,4.4,227,,359,178,511
2035,1,21,14,4.9,55.9,1.3,4.7,232,,137,93,161
2035,1,21,15,4.8,56.6,0.7,2.7,180,,42,42,0
2035,1,21,16,4.2,60.5,1.2,4.8,18,,6,6,0
2035,1,21,17,4.4,60.8,2.1,6.2,20,,1,0,0
2035,1,21,18,4.5,61.9,2.8,7.1,15,,0,0,0
2035,1,21,19,4.2,63.5,2.9,7.4,27,,0,0,0
2035,1,21,20,3.9,64.9,3,7.6,34,,0,0,0
2035,1,21,21,3.3,66.8,2.4,6.8,22,,0,0,0
2035,1,21,22,3,68.6,1.5,5.9,13,,0,0,0
2035,1,21,23,3.1,67.6,2.3,6.8,18,,0,0,0
2035,1,22,0,3,67.1,1.4,4.5,17,,0,0,0
2035,1,22,1,2.8,67.4,1,2.9,23,,0,0,0
2035,1,22,2,2.4,71,1.1,2.7,288,,0,0,0
2035,1,22,3,2,74.2,1.1,2.8,17,,0,0,0
2035,1,22,4,2.3,72.6,0.8,2.8,36,,0,0,0
2035,1,22,5,2.3,71.3,0.6,2.1,315,,0,0,0
2035,1,22,6,2,75,2.3,3.7,10,,0,0,0
2035,1,22,7,2.4,73.2,0.7,2.3,309,,5,0,0
2035,1,22,8,2.3,79.3,1.4,3.5,279,,16,16,0
2035,1,22,9,2.5,78.9,0.7,2.3,278,,37,37,0
2035,1,22,10,2.9,75.5,0.8,2.6,196,,82,82,0
2035,1,22,11,2.6,76.5,2.2,6.7,288,,36,36,0
2035,1,22,12,3.1,77.3,2,6.5,261,,30,30,0
2035,1,22,13,3.9,72.4,3.7,10.8,264,,25,25,0
2035,1,22,14,4.1,72.9,4.6,11.9,261,,29,29,0
2035,1,22,15,4.2,70,3.6,8.8,256,,14,14,0
2035,1,22,16,4.3,68,3,8.3,260,,5,5,0
2035,1,22,17,3.7,75.4,3.9,9.6,269,,2,0,0
2035,1,22,18,2.8,90,2.2,7.5,267,,1,0,0
2035,1,22,19,2.6,91.1,1,2.9,257,,0,0,0
2035,1,22,20,2.4,91.8,1,2.7,143,,0,0,0
2035,1,22,21,2.4,91.9,0.2,1.6,180,,0,0,0
2035,1,22,22,2.4,91.8,0.5,1.3,194,,0,0,0
2035,1,22,23,2.5,91.3,0.6,2.5,279,,0,0,0
2035,1,23,0,2.4,90.7,1.2,2.2,279,,0,0,0
2035,1,23,1,2.5,89.6,1,2,360,,0,0,0
2035,1,23,2,2.6,88.2,1.5,2.7,20,,0,0,0
2035,1,23,3,2.6,87.4,1.2,2.8,29,,0,0,0
2035,1,23,4,2.4,88.1,1.4,2.4,17,,0,0,0
2035,1,23,5,2,85.6,1.7,2.8,13,,0,0,0
2035,1,23,6,2,85,1.8,3,24,,0,0,0
2035,1,23,7,2,80.6,0.9,2.1,21,,5,0,0
2035,1,23,8,2.3,75.9,0.7,2,18,,34,34,0
2035,1,23,9,2.7,79.4,0.9,1.7,67,,94,92,7
2035,1,23,10,2.9,79.8,0.6,2.7,117,,106,106,0
2035,1,23,11,3.1,83.1,0.7,2.2,153,,170,155,37
2035,1,23,12,3.1,83.6,0,0.9,0,,94,94,0
2035,1,23,13,3.1,86.1,1.9,5.2,270,,85,85,0
2035,1,23,14,3.1,86.7,1.2,3.3,270,,46,46,0
2035,1,23,15,3,87.4,1.5,6.3,282,,27,27,0
2035,1,23,16,2.7,90.3,1.6,3.9,288,,5,5,0
2035,1,23,17,2.7,90.9,1.3,3.7,279,,0,0,0
2035,1,23,18,2.8,90.9,1.3,3.4,279,,0,0,0
2035,1,23,19,2.9,90.4,0.8,2.2,277,,0,0,0
2035,1,23,20,2.8,89.1,1,2.2,287,,0,0,0
2035,1,23,21,2.7,87.9,0.5,2,315,,0,0,0
2035,1,23,22,2.8,88.3,1,2,18,,0,0,0
2035,1,23,23,2.9,89,1.4,2.3,12,,0,0,0
2035,1,24,0,2.7,88.5,1.5,2.5,11,,0,0,0
2035,1,24,1,2.6,87.6,1.4,2.6,8,,0,0,0
2035,1,24,2,2.3,82.1,2,3,15,,0,0,0
2035,1,24,3,2.2,77.3,1.5,2.7,16,,0,0,0
2035,1,24,4,2.1,78.1,0.3,1.7,315,,0,0,0
2035,1,24,5,1.9,76.3,1.6,5.8,20,,0,0,0
2035,1,24,6,1.5,74.2,3.6,9.6,30,,0,0,0
2035,1,24,7,1,75.1,4.5,11.7,35,,6,0,0
2035,1,24,8,0.6,74.9,5.2,12.9,39,,35,35,0
2035,1,24,9,0.1,73.2,4.7,12.2,28,,57,57,0
2035,1,24,10,0,72.7,4.9,12.7,24,,80,80,0
2035,1,24,11,0,70.8,3.5,12.9,14,,134,133,3
2035,1,24,12,0.6,66,2.6,10.6,22,,326,147,439
2035,1,24,13,0.4,63.9,3.9,10,42,,320,77,663
2035,1,24,14,0,65,4.6,11.7,34,,224,56,590
2035,1,24,15,-1.1,65.1,4.7,12.7,34,,114,44,415
2035,1,24,16,-2.1,60.5,4.7,12.1,33,,16,16,0
2035,1,24,17,-3.3,56.7,5.3,13.3,28,,0,0,0
2035,1,24,18,-4,57.1,6,13.3,26,,0,0,0
2035,1,24,19,-4.3,61.4,5.3,11.9,27,,0,0,0
2035,1,24,20,-4.3,66,5.4,11.7,25,,0,0,0
2035,1,24,21,-4,67.5,3.6,10.6,23,,0,0,0
2035,1,24,22,-3.9,69.2,2.9,8.9,20,,0,0,0
2035,1,24,23,-4,69.6,2.9,8.7,27,,0,0,0
2035,1,25,0,-4.1,71.1,3.2,8.6,24,,0,0,0
2035,1,25,1,-3.8,71.3,1.3,5.2,14,,0,0,0
2035,1,25,2,-3.9,71.8,2.7,6,16,,0,0,0
2035,1,25,3,-4.3,72.3,3.8,8.1,17,,0,0,0
2035,1,25,4,-4.3,71.6,3.3,7.4,23,,0,0,0
2035,1,25,5,-4,71.2,2.7,7.6,22,,0,0,0
2035,1,25,6,-3.9,69.8,3.3,6.9,12,,0,0,0
2035,1,25,7,-3.9,70.6,4,9.4,23,,2,0,0
2035,1,25,8,-4.1,69.9,4.1,9.7,28,,24,24,0
2035,1,25,9,-4,69,4.1,10.1,33,,49,49,0
2035,1,25,10,-3.5,67.5,3.5,8.9,33,,90,90,0
2035,1,25,11,-3.2,66.8,3.4,8.8,33,,120,120,0
2035,1,25,12,-3.2,65.9,3.6,8.9,35,,155,153,5
2035,1,25,13,-3.1,65.1,3.2,8.8,32,,162,140,59
2035,1,25,14,-3,64.5,3.3,8.2,27,,122,112,34
2035,1,25,15,-3,64.2,3.2,6.5,20,,60,59,5
2035,1,25,16,-3.9,66.3,2.9,6.4,18,,12,12,0
2035,1,25,17,-4.4,67.2,2.9,6.3,27,,0,0,0
2035,1,25,18,-4.5,63.9,3.4,7.7,27,,0,0,0
2035,1,25,19,-4.6,64.4,3.7,7.7,22,,0,0,0
2035,1,25,20,-4.3,66.9,3.1,6,13,,0,0,0
2035,1,25,21,-3.7,68.2,3.2,5,16,,0,0,0
2035,1,25,22,-3.3,69.3,3.1,5.1,15,,0,0,0
2035,1,25,23,-3.4,70.2,2.3,4.2,10,,0,0,0
2035,1,26,0,-3.5,71,2.4,4.4,15,,0,0,0
2035,1,26,1,-3.7,71.6,2.5,4.2,14,,0,0,0
2035,1,26,2,-3.6,72.2,1.9,3.3,16,,0,0,0
2035,1,26,3,-3.6,72.7,1.3,2.5,9,,0,0,0
2035,1,26,4,-3.5,73.8,1.5,3.3,11,,0,0,0
2035,1,26,5,-3.8,74.5,1.3,3,342,,0,0,0
2035,1,26,6,-3.7,75.6,1.4,3.5,328,,0,0,0
2035,1,26,7,-3.5,76,0.9,2.1,300,,4,4,0
2035,1,26,8,-3.7,76,1,3.8,294,,25,25,0
2035,1,26,9,-3.6,73.4,1.3,3.8,284,,60,60,0
2035,1,26,10,-2.7,73,0.9,2.3,159,,91,91,0
2035,1,26,11,-2.2,73.4,1.1,3.4,225,,134,134,1
2035,1,26,12,-1.9,73,1.2,2.8,232,,126,126,0
2035,1,26,13,-1.7,71.8,0.6,2.1,270,,155,144,33
2035,1,26,14,-1.5,71.7,0.9,3.1,187,,153,120,112
2035,1,26,15,-1.4,73.9,0.9,2.7,220,,118,56,348
2035,1,26,16,-1.7,74.8,0.7,2.4,236,,20,20,0
2035,1,26,17,-1.7,76.7,0.7,2.5,162,,0,0,0
2035,1,26,18,-1.8,77.9,2.4,4.7,19,,0,0,0
2035,1,26,19,-2.2,78.4,2.6,4.9,21,,0,0,0
2035,1,26,20,-2.2,78.4,1.7,3.1,17,,0,0,0
2035,1,26,21,-1.6,79.9,1.3,3.3,10,,0,0,0
2035,1,26,22,-1.4,79.3,1.1,3.1,270,,0,0,0
2035,1,26,23,-1.7,79,1.4,2.8,274,,0,0,0
2035,1,27,0,-1.9,78.9,1.2,2.4,270,,0,0,0
2035,1,27,1,-1.9,79.2,1.7,3.3,270,,0,0,0
2035,1,27,2,-2,80.1,1.6,3.3,274,,0,0,0
2035,1,27,3,-2.1,80.2,1.5,2.8,278,,0,0,0
2035,1,27,4,-2,81,0.8,2,277,,0,0,0
2035,1,27,5,-1.6,81.8,0.6,1.8,307,,0,0,0
2035,1,27,6,-1.6,82,1.3,3.3,283,,0,0,0
2035,1,27,7,-1.7,82.6,1.5,3.1,278,,3,3,0
2035,1,27,8,-1.6,82.1,0.8,2.3,262,,27,27,0
2035,1,27,9,-1.3,81.1,0.8,2.3,247,,73,73,0
2035,1,27,10,-1.2,80.2,0.9,3,264,,116,116,1
2035,1,27,11,-0.7,79.7,1.2,3.5,232,,139,138,3
2035,1,27,12,-0.8,81.1,0.7,3.4,198,,142,138,9
2035,1,27,13,-0.6,80.2,1.1,2.6,246,,149,144,14
2035,1,27,14,-0.7,80.1,1.2,3.1,239,,216,91,422
2035,1,27,15,-0.7,80.8,0.9,2.7,240,,123,45,434
2035,1,27,16,-0.5,81.2,0.4,1.7,236,,20,20,0
2035,1,27,17,-0.7,82,0.3,1.9,297,,0,0,0
2035,1,27,18,-0.7,82.7,1.4,2.4,27,,0,0,0
2035,1,27,19,-0.6,84.9,1.2,2.2,24,,0,0,0
2035,1,27,20,-0.9,86.7,2.1,3.5,23,,0,0,0
2035,1,27,21,-0.7,85.3,2,3.1,30,,0,0,0
2035,1,27,22,-0.6,84.3,1.3,2.7,39,,0,0,0
2035,1,27,23,-0.5,85,1.4,2.4,9,,0,0,0
2035,1,28,0,-0.6,83.3,2,3.1,49,,0,0,0
2035,1,28,1,-0.9,81.3,1.9,3.5,28,,0,0,0
2035,1,28,2,-1.5,78.6,2.8,4.4,19,,0,0,0
2035,1,28,3,-1.3,72.5,2.4,3.7,31,,0,0,0
2035,1,28,4,-1.1,71.8,1.9,3,30,,0,0,0
2035,1,28,5,-1.1,74.1,2.2,3.6,43,,0,0,0
2035,1,28,6,-0.7,76.9,2.3,4,45,,0,0,0
2035,1,28,7,-0.2,76.3,1.8,3.5,35,,14,14,0
2035,1,28,8,0.3,76.4,0.7,2,342,,98,59,246
2035,1,28,9,0.7,72.5,0.2,2,225,,146,113,119
2035,1,28,10,1.1,64.1,0.9,3.3,180,,151,140,30
2035,1,28,11,1.7,63.3,1.6,4.2,158,,166,163,5
2035,1,28,12,2.1,63.7,0.8,2.2,196,,130,130,0
2035,1,28,13,2.3,68.1,1.1,3,180,,110,110,0
2035,1,28,14,2.7,72.8,0.3,1.4,198,,106,104,5
2035,1,28,15,3,63.2,0.6,1.4,217,,78,69,48
2035,1,28,16,3.1,59.9,0.1,0.9,225,,32,32,0
2035,1,28,17,3,64.7,0.5,1.5,270,,1,0,0
2035,1,28,18,3,64.6,0.7,2.4,53,,2,0,0
2035,1,28,19,3.1,62.9,0.7,1.9,351,,0,0,0
2035,1,28,20,2.9,62.9,1.2,3.3,20,,0,0,0
2035,1,28,21,2.6,65.1,1.2,3,16,,0,0,0
2035,1,28,22,2.4,66.2,2.1,3.4,17,,0,0,0
2035,1,28,23,2.1,69.1,2.1,3.1,18,,0,0,0
2035,1,29,0,1.9,71.2,2,3.9,23,,0,0,0
2035,1,29,1,2.7,69.1,1.5,3,23,,0,0,0
2035,1,29,2,2.6,69.5,1,2.3,352,,0,0,0
2035,1,29,3,2.8,69.4,0.7,1.9,297,,0,0,0
2035,1,29,4,3,69.8,1.7,3.4,348,,0,0,0
2035,1,29,5,3.1,68.2,1.8,4.3,332,,0,0,0
2035,1,29,6,3.3,68.9,1.8,4.3,329,,0,0,0
2035,1,29,7,3.6,69,1.4,3.6,325,,7,7,0
2035,1,29,8,4.2,69.9,0.7,2.3,297,,33,33,0
2035,1,29,9,4.6,69.8,0.5,2.6,252,,66,66,0
2035,1,29,10,5.2,68,1.5,8.1,298,,106,106,0
2035,1,29,11,5.8,65.4,4.3,10.1,288,,88,88,0
2035,1,29,12,6.2,70.6,4.7,11,266,,38,38,0
2035,1,29,13,5.3,80.6,5.9,11.8,286,,35,35,0
2035,1,29,14,4.8,87.3,6.2,13.7,283,,19,19,0
2035,1,29,15,5.1,88.7,5.6,11.4,275,,7,7,0
2035,1,29,16,5.3,88.6,4.5,10.1,276,,2,0,0
2035,1,29,17,5.4,88.4,4,8.4,274,,0,0,0
2035,1,29,18,5.7,89.2,3.8,8.8,273,,1,0,0
2035,1,29,19,5.9,89.5,3.9,8.9,267,,0,0,0
2035,1,29,20,6.1,89.8,3.6,8.2,272,,0,0,0
2035,1,29,21,6.4,89.4,3.1,7.9,276,,0,0,0
2035,1,29,22,6.4,89.8,3.3,7.2,295,,0,0,0
2035,1,29,23,6.8,89,3.3,9.3,310,,0,0,0
2035,1,30,0,7.5,88.6,4,8.9,302,,0,0,0
2035,1,30,1,8,86.8,4,9.2,292,,0,0,0
2035,1,30,2,8,87.6,4,9.1,292,,0,0,0
2035,1,30,3,8,86.7,3.5,9.1,299,,0,0,0
2035,1,30,4,8.2,86.1,3.8,9.7,299,,0,0,0
2035,1,30,5,8.5,84,4.3,13,295,,0,0,0
2035,1,30,6,8.5,82.6,4.3,11.4,300,,0,0,0
2035,1,30,7,8.5,83.4,4.3,9.7,304,,3,3,0
2035,1,30,8,8.3,86.4,4.6,10.3,304,,15,15,0
2035,1,30,9,8.3,88.3,4.6,10.4,303,,27,27,0
2035,1,30,10,8.5,88.7,4.2,9.1,303,,40,40,0
2035,1,30,11,8.7,88.2,3.2,7.6,300,,49,49,0
2035,1,30,12,8.8,88.3,1.8,4.6,280,,49,49,0
2035,1,30,13,8.8,88.7,2.2,5,286,,55,55,0
2035,1,30,14,8.9,88.7,2.2,4.9,286,,38,38,0
2035,1,30,15,9.1,88.7,2.1,5.6,290,,20,20,0
2035,1,30,16,9,88.5,2.6,6.3,298,,6,6,0
2035,1,30,17,9,87.7,2.9,5.6,301,,2,0,0
2035,1,30,18,9.1,87.4,3.1,7.2,297,,3,0,0
2035,1,30,19,9.2,87.1,2.5,7.5,294,,0,0,0
2035,1,30,20,8.9,87.1,2.2,4.9,301,,0,0,0
2035,1,30,21,8.8,86.9,1.6,5.4,310,,0,0,0
2035,1,30,22,8.8,85.8,1,2.6,302,,0,0,0
2035,1,30,23,8.6,84.4,0.9,3,270,,0,0,0
2035,1,31,0,8.4,84.1,0.9,2.4,291,,0,0,0
2035,1,31,1,7.7,85.4,1.4,3.3,321,,0,0,0
2035,1,31,2,6.9,86.6,1.3,2.7,336,,0,0,0
2035,1,31,3,6.6,87.1,2.2,3.8,352,,0,0,0
2035,1,31,4,6.1,87.9,1.3,3.3,31,,0,0,0
2035,1,31,5,5.7,88.2,1,2.4,8,,0,0,0
2035,1,31,6,6.6,85.1,1.4,2.9,23,,0,0,0
2035,1,31,7,6.3,84.2,1.2,3.3,346,,14,14,0
2035,1,31,8,7.1,83.1,1,2.9,13,,49,49,0
2035,1,31,9,8.3,79.7,0.6,2.3,243,,100,99,3
2035,1,31,10,8.6,78.7,0.5,1.9,207,,158,146,32
2035,1,31,11,9.5,73.6,0.9,2.6,234,,305,173,306
2035,1,31,12,10.1,71.3,0.9,2.7,212,,370,116,582
2035,1,31,13,11.1,66.5,1.3,3.5,189,,360,87,689
2035,1,31,14,11.2,67.3,1.1,3,188,,254,61,612
2035,1,31,15,10.7,68.7,0.8,2.4,187,,149,52,488
2035,1,31,16,10.3,70.8,0.8,2.2,177,,40,40,0
2035,1,31,17,9.7,73.6,0.9,2.3,192,,0,0,0
2035,1,31,18,8.8,76.6,1.2,2.7,190,,0,0,0
2035,1,31,19,8.1,79.1,1.4,3,162,,0,0,0
2035,1,31,20,7.1,79.8,1.5,3.2,118,,0,0,0
2035,1,31,21,5.5,79.5,1.7,3.6,91,,0,0,0
2035,1,31,22,4.2,78.7,1.8,3.7,74,,0,0,0
2035,1,31,23,2.4,76.7,1.9,3.9,41,,0,0,0
2035,2,1,0,0.7,74.2,2,4,24,,0,0,0
2035,2,1,1,-0.9,71.9,2,4.2,25,,0,0,0
2035,2,1,2,-2.1,70.6,2,4.1,27,,0,0,0
2035,2,1,3,-3.1,69.3,2,4.1,45,,0,0,0
2035,2,1,4,-3.7,69,1.9,4,54,,0,0,0
2035,2,1,5,-3.7,70.2,1.8,3.6,83,,0,0,0
2035,2,1,6,-3.7,71.3,1.6,3.3,109,,8,0,0
2035,2,1,7,-3.1,72.3,1.2,2.8,163,,20,0,0
2035,2,1,8,-2.7,74.3,0.6,1.7,68,,82,11,0
2035,2,1,9,-2.3,74.5,0.7,4.2,153,,229,42,500
2035,2,1,10,-1.5,73.2,1.4,4.5,156,,376,57,666
2035,2,1,11,-1,65,1.6,5.3,200,,337,95,610
2035,2,1,12,-0.4,62.8,1.3,4.3,209,,352,169,415
2035,2,1,13,0.3,60.7,0.9,3,159,,158,155,6
2035,2,1,14,0.3,62.4,1.3,4.3,141,,51,51,0
2035,2,1,15,0.2,62.1,1.1,3.3,124,,22,22,0
2035,2,1,16,0.1,75.9,3.1,6.7,262,,12,12,0
2035,2,1,17,0.3,77.2,2.9,8.5,255,,7,7,0
2035,2,1,18,0,80,3.4,6.9,273,,7,0,0
2035,2,1,19,0,81.8,3.1,6.4,281,,0,0,0
2035,2,1,20,0.1,80.1,1.9,5,298,,0,0,0
2035,2,1,21,-0.1,80.6,2.3,6.3,299,,0,0,0
2035,2,1,22,-0.1,83.6,2.2,6.4,306,,0,0,0
2035,2,1,23,-0.1,83.2,2.1,5,299,,0,0,0
2035,2,2,0,-0.4,80.8,2.5,5.8,300,,0,0,0
2035,2,2,1,-0.3,79.8,2.7,6.2,285,,0,0,0
2035,2,2,2,0.1,76.5,1.5,5.5,280,,0,0,0
2035,2,2,3,0,74.6,1.8,5.2,249,,0,0,0
2035,2,2,4,-0.1,74.5,1.6,4.4,284,,0,0,0
2035,2,2,5,0.2,73.4,2.1,5,270,,0,0,0
2035,2,2,6,0.4,73.9,2.5,5.5,265,,7,0,0
2035,2,2,7,0.6,69.9,1.5,4.3,270,,22,0,0
2035,2,2,8,0.9,67.8,2,5.3,267,,56,13,0
2035,2,2,9,1.4,62.2,1.6,4.5,248,,144,85,305
2035,2,2,10,1.3,60,1.5,4.1,236,,144,125,59
2035,2,2,11,1.4,61.5,1,3.5,253,,160,151,22
2035,2,2,12,2.1,61.6,1.9,4.9,257,,280,189,203
2035,2,2,13,2.7,59.6,2,5.4,250,,375,166,471
2035,2,2,14,2.7,61,3.5,6.5,265,,109,109,0
2035,2,2,15,3.3,59.3,1.8,5.7,204,,95,95,0
2035,2,2,16,3.2,60.1,0.8,2.2,135,,19,19,0
2035,2,2,17,3.2,63.4,0.6,3,135,,7,7,0
2035,2,2,18,3.2,61.3,1.2,4.3,157,,7,0,0
2035,2,2,19,3.1,65.5,0.6,1.8,124,,0,0,0
2035,2,2,20,3,62.4,2.8,7.1,257,,0,0,0
2035,2,2,21,2.6,70.7,3.6,9.1,275,,0,0,0
2035,2,2,22,2.6,73.7,3.8,7.9,273,,0,0,0
2035,2,2,23,2.5,78.4,2.9,8.4,272,,0,0,0
2035,2,3,0,2.9,76.8,2.8,6.4,268,,0,0,0
2035,2,3,1,3.3,73.7,2,6.2,250,,0,0,0
2035,2,3,2,3.6,73,0.5,3.1,233,,0,0,0
2035,2,3,3,3.6,70.5,0.5,2.5,207,,0,0,0
2035,2,3,4,3.6,72.1,0.7,3.4,252,,0,0,0
2035,2,3,5,3.7,73.6,0.3,1.2,333,,0,0,0
2035,2,3,6,3.8,64.3,1.7,5.7,248,,7,0,0
2035,2,3,7,3.9,65.8,2.5,6,268,,10,0,0
2035,2,3,8,4.1,66.2,1.3,5.2,212,,30,30,0
2035,2,3,9,4.3,67.4,0.3,2.1,270,,64,64,0
2035,2,3,10,4.5,64.1,0.9,4.2,225,,112,111,4
2035,2,3,11,4.6,62.2,0.8,3.9,240,,142,141,2
2035,2,3,12,5.7,57.2,0.7,2.7,288,,200,190,23
2035,2,3,13,7.6,51.6,1,4.7,171,,391,149,540
2035,2,3,14,8.1,52.1,0.9,3.1,196,,316,152,405
2035,2,3,15,8.5,53.3,1.2,2.8,166,,178,136,132
2035,2,3,16,7,61.6,0.8,2.8,112,,49,49,0
2035,2,3,17,6.6,61.1,1.7,3.8,24,,8,8,0
2035,2,3,18,6.3,61.1,2,4.1,20,,7,0,0
2035,2,3,19,5.3,65.4,1.8,4.4,22,,0,0,0
2035,2,3,20,4.5,69.2,2.1,4.1,19,,0,0,0
2035,2,3,21,3.7,72.6,2.2,4,18,,0,0,0
2035,2,3,22,4,70.8,2,3.4,27,,0,0,0
2035,2,3,23,3.2,74.4,1.6,3.7,18,,0,0,0
2035,2,4,0,3.5,71.3,1.4,3,32,,0,0,0
2035,2,4,1,3.2,71.3,1.6,4,48,,0,0,0
2035,2,4,2,3.1,72.1,1.9,3.8,45,,0,0,0
2035,2,4,3,2.9,72.6,1.9,4.4,43,,0,0,0
2035,2,4,4,2.6,72.5,2,4.2,27,,0,0,0
2035,2,4,5,2.7,72,1.8,3.2,34,,0,0,0
2035,2,4,6,2.6,70.5,1.8,3.4,29,,7,0,0
2035,2,4,7,2.7,72.6,1.7,3,33,,23,0,0
2035,2,4,8,3.4,75.3,1.2,2.3,24,,120,17,0
2035,2,4,9,4.2,75.7,0.7,2.2,153,,215,144,353
2035,2,4,10,4.8,72.9,1,2.7,193,,370,111,513
2035,2,4,11,4.9,73.4,1.2,3,211,,407,113,719
2035,2,4,12,6,67.6,1.2,3,200,,409,118,642
2035,2,4,13,6.4,62.1,0.7,2.7,198,,358,176,400
2035,2,4,14,6.7,54.6,0.6,2.1,180,,235,185,123
2035,2,4,15,6.8,57,0.4,1.6,198,,132,127,16
2035,2,4,16,6.8,58.7,0.2,1.1,180,,36,36,0
2035,2,4,17,5.8,64.4,0.9,2.7,36,,7,7,0
2035,2,4,18,5.2,66.2,0.9,3.3,342,,7,0,0
2035,2,4,19,5.3,67.4,1.1,2,22,,0,0,0
2035,2,4,20,5.1,69.7,0.8,1.9,39,,0,0,0
2035,2,4,21,5,69.5,0.6,2,351,,0,0,0
2035,2,4,22,5.3,72.4,0.8,1.9,14,,0,0,0
2035,2,4,23,5.4,68.2,0.7,2.4,31,,0,0,0
2035,2,5,0,5.4,72.4,0.4,1.5,315,,0,0,0
2035,2,5,1,5.5,77.3,0.6,1.9,72,,0,0,0
2035,2,5,2,4.9,83.9,1.4,4.9,360,,0,0,0
2035,2,5,3,5,84.6,2.3,4.4,345,,0,0,0
2035,2,5,4,5.1,86.8,1.2,3.2,315,,0,0,0
2035,2,5,5,4.4,87.8,1.2,3.1,5,,0,0,0
2035,2,5,6,4.7,86.2,1.4,3.2,356,,7,0,0
2035,2,5,7,5.7,84.1,1.2,3.2,343,,8,0,0
2035,2,5,8,5.9,83.3,0.7,2.4,127,,16,16,0
2035,2,5,9,5.1,88.5,1.1,4.3,90,,15,15,0
2035,2,5,10,4.5,87,1,2.4,24,,22,22,0
2035,2,5,11,3.3,89.1,0.9,1.7,14,,21,21,0
2035,2,5,12,2.7,91.9,0.8,1.9,304,,36,36,0
2035,2,5,13,2.8,91,0.2,1.2,297,,37,37,0
2035,2,5,14,2.9,90.2,0.1,1,315,,35,35,0
2035,2,5,15,2.9,90.8,0.6,1.7,329,,22,22,0
2035,2,5,16,3.3,90.9,1.4,2.8,4,,11,11,0
2035,2,5,17,3.8,89.9,1,2.4,6,,7,7,0
2035,2,5,18,4,89.9,0.6,1.7,59,,7,0,0
2035,2,5,19,4.1,88.8,1.2,2.6,355,,0,0,0
2035,2,5,20,4.3,87.7,1.1,2.3,15,,0,0,0
2035,2,5,21,4.3,88.4,1.1,2.1,10,,0,0,0
2035,2,5,22,4.4,88.5,0.9,2.1,27,,0,0,0
2035,2,5,23,4.4,88.1,1,1.8,32,,0,0,0
2035,2,6,0,4.1,88.2,1.2,3.4,342,,0,0,0
2035,2,6,1,4.1,87.5,1.6,3.2,18,,0,0,0
2035,2,6,2,4.4,87,1,2,24,,0,0,0
2035,2,6,3,4.2,88.1,0.6,2.1,81,,0,0,0
2035,2,6,4,4,88.5,0.8,2.3,51,,0,0,0
2035,2,6,5,4.1,87,0.6,1.8,68,,0,0,0
2035,2,6,6,3.6,88.2,0.5,1.5,333,,8,0,0
2035,2,6,7,3.3,87.6,0.8,1.7,326,,17,0,0
2035,2,6,8,3.9,86.1,0.5,1.6,63,,90,21,5
2035,2,6,9,4.2,87.2,0.5,2.2,124,,105,75,144
2035,2,6,10,4.6,84.5,0.2,1.1,90,,128,123,15
2035,2,6,11,4.9,86.2,0.6,2,207,,113,113,0
2035,2,6,12,4.8,87.7,0.7,2,219,,116,116,0
2035,2,6,13,4.4,87.7,0.8,2.5,263,,47,47,0
2035,2,6,14,4.1,87.9,0.5,1.7,243,,34,34,0
2035,2,6,15,3.7,88.4,0.6,1.9,261,,47,47,0
2035,2,6,16,4.1,88.4,0.2,0.9,180,,35,35,0
2035,2,6,17,4.2,88.9,0.1,0.8,90,,7,7,0
2035,2,6,18,4.2,89.2,0.4,1.2,34,,7,0,0
2035,2,6,19,4.1,89.2,0.6,1.9,31,,0,0,0
2035,2,6,20,3.9,87.4,0.7,2,31,,0,0,0
2035,2,6,21,3.8,88.7,0.8,2.6,309,,0,0,0
2035,2,6,22,3.7,86.9,1.1,2.5,32,,0,0,0
2035,2,6,23,4,82.6,0.4,2.6,214,,0,0,0
2035,2,7,0,4,80.7,0.5,1.8,315,,0,0,0
2035,2,7,1,3.8,80.6,0.7,5.1,31,,0,0,0
2035,2,7,2,3.3,80.3,0.6,3.4,243,,0,0,0
2035,2,7,3,3.3,79.7,0.6,2.2,297,,0,0,0
2035,2,7,4,3.2,80,1.1,4.2,38,,0,0,0
2035,2,7,5,2.9,81.4,0.4,3.4,304,,0,0,0
2035,2,7,6,3,82.5,0.9,3.4,261,,8,0,0
2035,2,7,7,3.1,82.8,0.5,2.3,180,,17,0,0
2035,2,7,8,3.6,81.4,0.5,2.6,233,,111,21,54
2035,2,7,9,4,80.9,1.1,2.5,253,,201,92,514
2035,2,7,10,4.9,78,1.1,7.8,180,,322,98,671
2035,2,7,11,5.8,72.1,4.4,13.4,40,,378,138,569
2035,2,7,12,6,71,4.4,11.7,36,,233,180,113
2035,2,7,13,6,71.5,4.9,12.2,31,,80,80,0
2035,2,7,14,5.5,72.7,5,13.7,34,,140,139,2
2035,2,7,15,5.7,70.1,5.1,12.5,38,,198,146,155
2035,2,7,16,4.8,72,4.9,11.7,32,,52,52,0
2035,2,7,17,4.4,75.1,3.5,11.1,33,,8,8,0
2035,2,7,18,4.1,75.6,4.1,9.5,45,,7,0,0
2035,2,7,19,3.9,75.4,4.1,10,35,,0,0,0
2035,2,7,20,3.6,74.6,3.5,10.1,31,,0,0,0
2035,2,7,21,3.3,75.3,3.6,11.2,39,,0,0,0
2035,2,7,22,2.9,75.6,2.9,7.2,34,,0,0,0
2035,2,7,23,2.8,75.4,2.5,6.2,23,,0,0,0
2035,2,8,0,2.9,75.5,2.9,6.7,14,,0,0,0
2035,2,8,1,3,74.4,2.5,5.8,12,,0,0,0
2035,2,8,2,3,73.9,1.4,5,13,,0,0,0
2035,2,8,3,2.9,74.8,1.4,3.2,16,,0,0,0
2035,2,8,4,2.6,74.9,1.7,4.3,43,,0,0,0
2035,2,8,5,2.4,74.7,1.2,3.5,35,,0,0,0
2035,2,8,6,2.2,75.2,1.8,4,19,,8,0,0
2035,2,8,7,1.9,72.7,1.5,3.7,25,,23,0,0
2035,2,8,8,2.2,68.3,1.2,3.5,53,,131,24,34
2035,2,8,9,2.6,67,1.6,3.3,113,,325,46,548
2035,2,8,10,3.8,66.2,1.4,3.9,148,,433,58,696
2035,2,8,11,3.7,67.9,1.8,4.2,196,,567,95,688
2035,2,8,12,4.2,65.2,2.3,4.7,185,,503,146,756
2035,2,8,13,4.4,64.7,1.9,4.4,196,,438,121,670
2035,2,8,14,4.5,65.5,1.9,4.1,193,,335,164,399
2035,2,8,15,4.7,65.4,1.4,3.7,196,,198,139,171
2035,2,8,16,4.1,69.2,1,2.5,153,,44,44,0
2035,2,8,17,3.5,68.5,1,3.9,32,,8,8,0
2035,2,8,18,2.7,71,2.3,5,15,,8,0,0
2035,2,8,19,2.4,71.4,2.4,5.2,15,,0,0,0
2035,2,8,20,2.3,71.3,2.1,5.5,19,,0,0,0
2035,2,8,21,2.2,71.3,2.8,5.3,15,,0,0,0
2035,2,8,22,1.8,71.6,2.1,5.1,25,,0,0,0
2035,2,8,23,1.4,73.6,2.4,5.4,38,,0,0,0
2035,2,9,0,1.7,71.8,1.7,5.2,21,,0,0,0
2035,2,9,1,1.7,71.9,2.5,4.7,13,,0,0,0
2035,2,9,2,1.8,72.3,1.9,4.3,18,,0,0,0
2035,2,9,3,1.9,72.8,1.9,3.8,16,,0,0,0
2035,2,9,4,1.8,72.3,1.3,3.1,31,,0,0,0
2035,2,9,5,1.7,64.9,1.3,4,70,,0,0,0
2035,2,9,6,1.3,66.2,1.6,5.7,51,,8,0,0
2035,2,9,7,1.1,68.8,1.5,6.5,21,,15,0,0
2035,2,9,8,1.5,66.6,1.3,3.1,66,,47,36,161
2035,2,9,9,1.7,73.3,1.7,3.8,87,,80,79,6
2035,2,9,10,1.8,78.8,0.7,2.1,108,,133,131,5
2035,2,9,11,2.4,83.6,1,2.4,221,,140,139,2
2035,2,9,12,2.5,86.9,0.7,2.4,207,,115,115,0
2035,2,9,13,2.4,87.2,0.7,1.8,207,,62,62,0
2035,2,9,14,2.2,88.6,0.6,1.5,219,,55,55,0
2035,2,9,15,2.3,88.6,0.4,1.4,214,,34,34,0
2035,2,9,16,2.5,87.7,0.2,0.9,180,,18,18,0
2035,2,9,17,2.6,87.4,0.2,0.7,117,,8,8,0
2035,2,9,18,2.4,89.6,0,0,0,,8,0,0
2035,2,9,19,2.4,88.8,0,0,0,,0,0,0
2035,2,9,20,2.4,89.4,0,0,0,,0,0,0
2035,2,9,21,2.2,86.6,0,0,0,,0,0,0
2035,2,9,22,2.2,84.7,0,0,0,,0,0,0
2035,2,9,23,1.8,85,0,0,0,,0,0,0
2035,2,10,0,1.6,84.9,0,0,0,,0,0,0
2035,2,10,1,1.4,85.7,0,0,0,,0,0,0
2035,2,10,2,0.9,84.1,0,0,0,,0,0,0
2035,2,10,3,0.4,84,0,0,0,,0,0,0
2035,2,10,4,0.2,80.7,0,0,0,,0,0,0
2035,2,10,5,0.2,80.1,0,0,0,,0,0,0
2035,2,10,6,0.2,78.1,0,0,0,,8,0,0
2035,2,10,7,-0.1,79.2,0,0,0,,11,0,0
2035,2,10,8,-0.4,81.4,0,0,0,,36,28,94
2035,2,10,9,-0.4,79.6,0,0,0,,82,81,3
2035,2,10,10,-0.3,75.4,0,0,0,,119,118,5
2035,2,10,11,0.2,71.4,0.7,4,360,,217,189,65
2035,2,10,12,0.2,69.7,1.3,4.5,29,,163,160,6
2035,2,10,13,0.1,70.5,1.3,4.9,360,,146,146,0
2035,2,10,14,0,69.6,1.9,5.5,18,,106,106,0
2035,2,10,15,-0.3,69.4,2.5,7.2,21,,86,86,0
2035,2,10,16,-0.8,69,3.3,8.5,22,,48,48,0
2035,2,10,17,-1.6,71.1,2.9,8.3,22,,10,10,0
2035,2,10,18,-2.6,69,2.6,8.3,18,,8,0,0
2035,2,10,19,-3.3,69.3,3,8.3,30,,0,0,0
2035,2,10,20,-4,64.6,2.7,7.6,33,,0,0,0
2035,2,10,21,-4.4,64,2,5.7,12,,0,0,0
2035,2,10,22,-4.8,63.9,1.8,5.3,354,,0,0,0
2035,2,10,23,-5.4,64.2,2.9,6.6,2,,0,0,0
2035,2,11,0,-5.7,65.9,3.9,10.1,19,,0,0,0
2035,2,11,1,-5.9,67.1,4.3,10.3,26,,0,0,0
2035,2,11,2,-6,67.8,4.6,12.2,31,,0,0,0
2035,2,11,3,-6.2,69.9,3.6,11.3,35,,0,0,0
2035,2,11,4,-6.3,70.1,3.5,11.9,39,,0,0,0
2035,2,11,5,-6.4,70.6,0.6,6.1,349,,0,0,0
2035,2,11,6,-6.5,70.1,3.7,12.8,39,,8,0,0
2035,2,11,7,-6.4,69.8,3.4,11.3,37,,29,0,0
2035,2,11,8,-6.1,67.9,3.4,9.8,30,,142,29,72
2035,2,11,9,-5.6,66,3.5,10,37,,271,47,569
2035,2,11,10,-4.7,61.6,4,10.5,35,,398,75,661
2035,2,11,11,-4.3,59.8,3.8,10.9,34,,454,126,743
2035,2,11,12,-3.6,56.8,3.9,10.5,27,,469,158,638
2035,2,11,13,-3.8,56.9,3.8,11.3,28,,302,215,179
2035,2,11,14,-3.3,56.7,3.8,12.4,35,,337,178,358
2035,2,11,15,-3.4,57.7,3.7,10.5,38,,205,147,163
2035,2,11,16,-3.8,64.5,2.7,7.5,32,,64,64,0
2035,2,11,17,-4,65.9,2.5,7,26,,9,9,0
2035,2,11,18,-4,68.1,2.8,9.9,23,,8,0,0
2035,2,11,19,-4,68.6,3,8.7,27,,0,0,0
2035,2,11,20,-3.9,68,3.1,10.4,32,,0,0,0
2035,2,11,21,-4,68,2.9,8.9,31,,0,0,0
2035,2,11,22,-3.9,67.5,1.6,7,40,,0,0,0
2035,2,11,23,-3.8,69.4,1.9,6.9,49,,0,0,0
2035,2,12,0,-3.9,71.1,2.8,9,41,,0,0,0
2035,2,12,1,-3.8,71.1,3.2,9.8,39,,0,0,0
2035,2,12,2,-3.7,69.4,3.4,9.1,30,,0,0,0
2035,2,12,3,-3.6,67,2.4,9,19,,0,0,0
2035,2,12,4,-3.5,65.8,1.4,4.9,8,,0,0,0
2035,2,12,5,-3.4,66.6,0.6,2.6,346,,0,0,0
2035,2,12,6,-3.1,66.9,0.3,2.1,117,,8,0,0
2035,2,12,7,-2.9,69.2,0.9,2.5,97,,15,0,0
2035,2,12,8,-2.8,72.6,0.8,2.3,135,,62,40,262
2035,2,12,9,-2.1,67.3,1.4,5.2,100,,298,82,427
2035,2,12,10,-2.2,63.4,1.8,6.8,47,,227,152,211
2035,2,12,11,-1.6,62,2.4,8.7,59,,367,164,456
2035,2,12,12,-1.4,60.5,2.2,6.9,24,,316,234,166
2035,2,12,13,-0.9,56.6,2.2,7.2,39,,300,233,136
2035,2,12,14,-1.3,58,2.2,8.1,39,,147,146,3
2035,2,12,15,-1.5,57,3,8.1,41,,110,110,0
2035,2,12,16,-1.7,59.6,2.4,6.3,36,,70,70,0
2035,2,12,17,-2.4,61.4,3,7.1,42,,9,9,0
2035,2,12,18,-2.8,63.7,3.5,8.8,40,,8,0,0
2035,2,12,19,-3.1,64.6,3.5,9.2,40,,0,0,0
2035,2,12,20,-3.5,65.3,3.6,9.1,37,,0,0,0
2035,2,12,21,-4,66.2,3.7,9.1,25,,0,0,0
2035,2,12,22,-3.8,64,3.6,8.7,30,,0,0,0
2035,2,12,23,-4,64,4.2,10.3,25,,0,0,0
2035,2,13,0,-4.1,64.5,4.1,10.2,24,,0,0,0
2035,2,13,1,-4.2,64.8,4.1,9.6,24,,0,0,0
2035,2,13,2,-4.4,64.7,4.2,10.5,24,,0,0,0
2035,2,13,3,-4.5,66.6,3.6,9.8,28,,0,0,0
2035,2,13,4,-4.8,67.8,3.2,8.1,23,,0,0,0
2035,2,13,5,-4.8,68.4,3.3,8,27,,0,0,0
2035,2,13,6,-4.8,66.5,2.9,8,31,,8,0,0
2035,2,13,7,-4.8,66.2,3,8.4,28,,37,0,0
2035,2,13,8,-4.3,64.9,3.3,8.2,35,,155,33,97
2035,2,13,9,-3.5,62.7,2.6,8.2,40,,286,85,429
2035,2,13,10,-2.5,58.4,2.8,10.3,48,,396,171,620
2035,2,13,11,-2,56,2.2,6.4,68,,456,121,745
2035,2,13,12,-1.4,54.8,2.2,6.8,60,,470,125,692
2035,2,13,13,-1.3,56.5,1.9,4.9,41,,340,227,227
2035,2,13,14,-1.1,56.2,1.5,3.8,37,,204,193,24
2035,2,13,15,-1.3,57.5,1.8,5.1,29,,90,90,0
2035,2,13,16,-1.5,60.2,1.6,4.3,27,,42,42,0
2035,2,13,17,-2.1,63.1,1.8,4.8,19,,10,10,0
2035,2,13,18,-2.3,63.4,2.3,4.8,18,,8,0,0
2035,2,13,19,-2,63.2,2.1,4.6,20,,0,0,0
2035,2,13,20,-2,63.4,1.7,4.9,14,,0,0,0
2035,2,13,21,-2.1,63.8,1.8,5.2,16,,0,0,0
2035,2,13,22,-2.2,63.8,2.1,5.5,25,,0,0,0
2035,2,13,23,-2.3,64.4,2.1,4.9,20,,0,0,0
2035,2,14,0,-2.4,64.9,2,5.1,18,,0,0,0
2035,2,14,1,-2.4,65.5,2.2,4.7,17,,0,0,0
2035,2,14,2,-2.5,65.6,2.2,4.9,19,,0,0,0
2035,2,14,3,-2.5,65.9,2.3,5.1,18,,0,0,0
2035,2,14,4,-2.6,66.2,2.4,5.5,19,,0,0,0
2035,2,14,5,-2.8,66.2,2.6,5.7,16,,0,0,0
2035,2,14,6,-3,66.8,2.8,6.1,19,,8,0,0
2035,2,14,7,-3.1,66.6,2.8,6.4,19,,12,0,0
2035,2,14,8,-2.9,66.9,2.4,5.6,23,,29,29,0
2035,2,14,9,-2.6,67.9,2,5.1,23,,76,76,0
2035,2,14,10,-2.2,63.3,1.7,4.8,22,,148,146,6
2035,2,14,11,-1.5,61.5,1,3.8,53,,227,198,63
2035,2,14,12,-1.3,61.4,1.3,3.5,200,,341,230,220
2035,2,14,13,-1.1,60.1,1.2,3,211,,164,163,3
2035,2,14,14,-1,59,0.8,2.3,211,,106,106,0
2035,2,14,15,-1.1,56.7,1,3.8,56,,55,55,0
2035,2,14,16,-1.4,57.2,1.9,4.9,27,,27,27,0
2035,2,14,17,-1.4,57.4,2.1,4.9,23,,8,8,0
2035,2,14,18,-1.6,58.9,1.8,4.5,27,,8,0,0
2035,2,14,19,-1.8,59.4,1.8,4.4,27,,0,0,0
2035,2,14,20,-1.8,60.3,1.9,4.8,28,,0,0,0
2035,2,14,21,-1.8,61.1,2,4.8,20,,0,0,0
2035,2,14,22,-2,62.5,2,5.5,21,,0,0,0
2035,2,14,23,-2,63.2,1.9,5,21,,0,0,0
2035,2,15,0,-2,63.9,2.2,5.1,18,,0,0,0
2035,2,15,1,-2,64.1,1.9,4.2,12,,0,0,0
2035,2,15,2,-1.9,65.1,1.9,4,16,,0,0,0
2035,2,15,3,-2,65.3,1.5,3.6,20,,0,0,0
2035,2,15,4,-2.1,66,1.9,4.6,18,,0,0,0
2035,2,15,5,-2.3,66.4,2.6,6.2,21,,0,0,0
2035,2,15,6,-2.3,65.9,2.4,5.7,19,,9,0,0
2035,2,15,7,-2.1,64.9,2.6,5.8,18,,23,0,0
2035,2,15,8,-1.9,63.5,1.9,5.2,25,,71,45,264
2035,2,15,9,-1.6,62.3,1.7,4.5,36,,169,82,350
2035,2,15,10,-1.1,60,0.9,3.9,169,,332,98,626
2035,2,15,11,-0.4,57.2,1.5,3.9,184,,484,135,755
2035,2,15,12,0.3,54.6,1.8,5.4,193,,487,127,710
2035,2,15,13,0.9,53.7,1.8,5.2,197,,450,144,602
2035,2,15,14,1.2,55.6,1.3,3.4,180,,365,183,390
2035,2,15,15,0.9,59.2,1.1,3.5,191,,230,156,197
2035,2,15,16,0.9,59.3,0.8,2.6,214,,80,80,0
2035,2,15,17,0.1,64.1,0.9,2.4,69,,11,11,0
2035,2,15,18,-0.5,62.9,2.4,5.6,17,,9,0,0
2035,2,15,19,-0.9,62.9,2.9,5.2,16,,0,0,0
2035,2,15,20,-1,63.6,2.9,5.7,16,,0,0,0
2035,2,15,21,-1.3,66.1,2.3,4.2,18,,0,0,0
2035,2,15,22,-1.4,70.3,2.1,4.1,19,,0,0,0
2035,2,15,23,-1.3,73.7,2.1,4.1,23,,0,0,0
2035,2,16,0,-1.3,75.5,2.1,3.9,23,,0,0,0
2035,2,16,1,-1.5,78,2,3.7,23,,0,0,0
2035,2,16,2,-1.7,79,2.3,4.3,20,,0,0,0
2035,2,16,3,-3,77.8,2.5,5,18,,0,0,0
2035,2,16,4,-2.6,75.8,2.2,4.3,18,,0,0,0
2035,2,16,5,-2.1,75.9,1.8,3.3,19,,0,0,0
2035,2,16,6,-1.9,79.5,1.9,3.8,21,,9,0,0
2035,2,16,7,-1.6,79,1.8,3.9,19,,33,0,0
2035,2,16,8,-0.7,76.7,1,2.5,27,,142,36,164
2035,2,16,9,0,75,0.9,2.7,203,,322,74,508
2035,2,16,10,1.1,69.4,1.1,2.8,190,,391,153,627
2035,2,16,11,1.4,67.6,0.9,3,203,,295,202,198
2035,2,16,12,1.7,69,1.1,3,202,,299,260,77
2035,2,16,13,2.3,70.5,0.8,2.4,188,,254,225,57
2035,2,16,14,2.2,70.4,0.6,2.2,198,,183,174,18
2035,2,16,15,2.6,67.5,0.5,1.6,194,,106,106,0
2035,2,16,16,2.5,70.7,0.3,1.2,207,,40,40,0
2035,2,16,17,2.5,72.5,0.4,1.3,45,,9,9,0
2035,2,16,18,2.7,71.7,0.8,2.2,30,,8,0,0
2035,2,16,19,2.5,70.3,0.9,1.9,54,,0,0,0
2035,2,16,20,2.4,64.9,1.2,2.7,49,,0,0,0
2035,2,16,21,2.6,62.6,1.1,2.6,45,,0,0,0
2035,2,16,22,2.4,65.3,1,2.7,49,,0,0,0
2035,2,16,23,2.5,65.1,1,2.2,37,,0,0,0
2035,2,17,0,2.5,65.6,0.8,2.2,30,,0,0,0
2035,2,17,1,2.3,65.1,1.5,3.8,53,,0,0,0
2035,2,17,2,2.4,62,0.8,3.3,59,,0,0,0
2035,2,17,3,2.4,64.4,1,1.9,53,,0,0,0
2035,2,17,4,2.3,64.6,0.9,1.9,45,,0,0,0
2035,2,17,5,2.3,65.4,0.6,1.9,22,,0,0,0
2035,2,17,6,2.4,69.4,0.4,1.5,45,,8,0,0
2035,2,17,7,2.5,70.4,0.6,1.7,45,,43,0,0
2035,2,17,8,2.9,69.8,0.5,1.5,76,,107,81,236
2035,2,17,9,3.4,69.7,0.9,2.5,135,,147,82,250
2035,2,17,10,3.8,72.5,1.3,3,156,,270,159,290
2035,2,17,11,4.2,70,0.7,3.1,207,,151,150,1
2035,2,17,12,4.4,70.5,1,3.4,225,,138,138,0
2035,2,17,13,5,73.6,0.7,2.3,211,,130,130,0
2035,2,17,14,5.6,71.7,1,3.3,180,,303,206,204
2035,2,17,15,5.8,71.3,0.7,2.8,243,,144,141,8
2035,2,17,16,5.6,73.1,0.6,1.8,219,,62,62,0
2035,2,17,17,5.3,73.8,0.3,1.4,297,,9,9,0
2035,2,17,18,5.2,74.7,0.8,2.1,39,,7,0,0
2035,2,17,19,5,76.1,0.7,1.9,40,,0,0,0
2035,2,17,20,5.4,75.5,0.8,1.9,8,,0,0,0
2035,2,17,21,5,79.4,0.7,1.4,39,,0,0,0
2035,2,17,22,5,82,0.8,1.7,40,,0,0,0
2035,2,17,23,4.9,82.7,1.1,2.1,49,,0,0,0
2035,2,18,0,5,84.6,0.7,1.9,360,,0,0,0
2035,2,18,1,5,86.4,0.9,1.9,36,,0,0,0
2035,2,18,2,5,85.5,0.6,1.4,9,,0,0,0
2035,2,18,3,5,87.4,0.8,1.7,60,,0,0,0
2035,2,18,4,5,86.8,0.7,1.9,39,,0,0,0
2035,2,18,5,5.4,87.5,0.5,1.5,27,,0,0,0
2035,2,18,6,5.8,87,0.5,1.4,360,,7,0,0
2035,2,18,7,6.3,85.1,0.4,1.4,18,,17,0,0
2035,2,18,8,6.7,84.4,0.4,1.5,135,,59,44,136
2035,2,18,9,6.7,84.8,0.3,1.3,153,,48,48,0
2035,2,18,10,7,85.6,0.5,3,315,,101,101,0
2035,2,18,11,7.8,84.1,1.1,4.8,243,,209,176,69
2035,2,18,12,8.4,83.5,1.2,3.5,253,,359,240,229
2035,2,18,13,9.5,78.7,1.3,2.9,171,,467,146,613
2035,2,18,14,10.2,73,1,3.3,193,,381,164,454
2035,2,18,15,10.4,68.3,0.7,2.4,211,,251,153,253
2035,2,18,16,10.3,65.5,0.9,2.1,173,,97,94,10
2035,2,18,17,9.3,70.9,0.6,2,45,,11,11,0
2035,2,18,18,8.9,69,1,3.1,24,,7,0,0
2035,2,18,19,7.8,72.6,2,3.9,21,,0,0,0
2035,2,18,20,6.5,76.7,2.2,4.2,18,,0,0,0
2035,2,18,21,6.9,74.8,1.9,3.9,24,,0,0,0
2035,2,18,22,6.3,75.2,2.1,4.2,25,,0,0,0
2035,2,18,23,5.9,75.6,1.5,3.8,28,,0,0,0
2035,2,19,0,5.5,78.2,1,2.1,6,,0,0,0
2035,2,19,1,6.1,77.7,1.3,2.4,42,,0,0,0
2035,2,19,2,5.6,79.2,1,2.2,27,,0,0,0
2035,2,19,3,5.3,81,0.5,1.5,333,,0,0,0
2035,2,19,4,5.5,80.8,0.9,1.8,40,,0,0,0
2035,2,19,5,5.6,81.4,0.5,1.3,342,,0,0,0
2035,2,19,6,5.8,84.8,0.5,1.7,45,,8,0,0
2035,2,19,7,5.7,87.2,0.8,1.7,50,,9,0,0
2035,2,19,8,5.9,87.4,0.3,2,90,,24,24,0
2035,2,19,9,5.9,87.9,0.1,1.1,135,,47,47,0
2035,2,19,10,6.1,88.3,0.3,1.2,198,,34,34,0
2035,2,19,11,6.1,86,0.3,2.1,270,,45,45,0
2035,2,19,12,5.7,84.1,1.1,3.9,331,,64,64,0
2035,2,19,13,6,83.8,0.6,3.9,307,,55,55,0
2035,2,19,14,5.9,86.2,1.1,3.3,127,,88,88,0
2035,2,19,15,5.6,86.7,0.7,2.7,117,,34,34,0
2035,2,19,16,5.6,85.4,0.4,1.5,117,,23,23,0
2035,2,19,17,5.1,86.9,0.9,3.5,121,,9,9,0
2035,2,19,18,5.1,85.4,1.4,4,21,,7,0,0
2035,2,19,19,4.2,85.7,1,3.7,7,,0,0,0
2035,2,19,20,4.6,82.1,1.1,2.9,346,,0,0,0
2035,2,19,21,4.1,85,0.8,2.2,31,,0,0,0
2035,2,19,22,3.9,74,1.4,2.3,36,,0,0,0
2035,2,19,23,3.5,69.8,1.6,3.9,11,,0,0,0
2035,2,20,0,3.2,72.4,1.6,3,356,,0,0,0
2035,2,20,1,2.9,69.6,2.4,4.1,9,,0,0,0
2035,2,20,2,2.9,67,2.4,4.2,358,,0,0,0
2035,2,20,3,2.8,62.8,2.5,4.3,9,,0,0,0
2035,2,20,4,2.6,59.6,1.4,3.8,4,,0,0,0
2035,2,20,5,2.6,56.9,0.6,2,39,,0,0,0
2035,2,20,6,2.4,58,1.3,2.4,29,,8,0,0
2035,2,20,7,2.5,56.7,1.3,2.5,24,,30,0,0
2035,2,20,8,2.8,58.9,1.1,2.5,58,,113,70,348
2035,2,20,9,3.8,61.8,1.3,3.3,171,,286,130,569
2035,2,20,10,4,55.8,1.4,3.7,157,,354,109,614
2035,2,20,11,4.4,58.1,1.2,4.3,190,,452,128,664
2035,2,20,12,4.9,53.7,1.3,3.7,185,,371,245,236
2035,2,20,13,5.3,50.7,1.3,3.6,234,,378,244,251
2035,2,20,14,5.5,50,1.3,3.3,202,,262,222,82
2035,2,20,15,4.9,53.5,1.1,3.3,146,,142,140,8
2035,2,20,16,5.4,49.4,1.3,5.2,252,,43,43,0
2035,2,20,17,4.6,60.7,2.8,9.2,263,,8,8,0
2035,2,20,18,4,73.2,2.7,8.5,264,,8,0,0
2035,2,20,19,4.1,74.2,1.5,5,281,,0,0,0
2035,2,20,20,4.2,72.4,2.3,5.6,267,,0,0,0
2035,2,20,21,4.2,68.1,1.4,4.3,234,,0,0,0
2035,2,20,22,4.2,65.3,1.1,3.3,232,,0,0,0
2035,2,20,23,3.8,69.3,1.1,4.8,253,,0,0,0
2035,2,21,0,3.3,75.2,1.4,3.2,312,,0,0,0
2035,2,21,1,3.5,74.5,1.4,3,4,,0,0,0
2035,2,21,2,3.6,73.7,1.1,2.5,354,,0,0,0
2035,2,21,3,3.5,71.4,2,4.8,279,,0,0,0
2035,2,21,4,3.1,76.1,2.5,7.4,286,,0,0,0
2035,2,21,5,2.9,79.4,1.4,4.5,295,,0,0,0
2035,2,21,6,3.3,76.9,0.8,2.5,315,,9,0,0
2035,2,21,7,3.5,76.1,1.3,2.9,288,,33,0,0
2035,2,21,8,4,71.3,0.8,2.7,243,,141,108,258
2035,2,21,9,4.5,67.6,1,3,180,,337,116,405
2035,2,21,10,5.3,61.1,1.3,3.4,225,,444,187,635
2035,2,21,11,5.8,58.3,1.5,3.9,261,,465,159,622
2035,2,21,12,6.8,52.8,1.1,3.6,217,,419,233,345
2035,2,21,13,7.6,49.3,1.1,3.8,191,,453,205,458
2035,2,21,14,8.4,46.5,1.2,3.4,180,,381,207,352
2035,2,21,15,8.8,44.8,1.1,3,175,,283,173,271
2035,2,21,16,8.3,44.2,0.6,2.5,217,,102,100,6
2035,2,21,17,8.2,45.9,0.7,3.3,68,,13,13,0
2035,2,21,18,7.5,49.8,1.1,3.2,61,,7,0,0
2035,2,21,19,7.9,47,1.2,3.2,37,,0,0,0
2035,2,21,20,8.3,44.5,1.1,2.8,353,,0,0,0
2035,2,21,21,7.6,54.6,0.9,3.7,286,,0,0,0
2035,2,21,22,7,66.7,1.6,4.6,288,,0,0,0
2035,2,21,23,6.5,70.1,2.8,6.2,285,,0,0,0
2035,2,22,0,5.9,80.6,2.9,6.1,280,,0,0,0
2035,2,22,1,5.6,85,2.6,5.8,290,,0,0,0
2035,2,22,2,5.7,84.1,1.6,3.7,297,,0,0,0
2035,2,22,3,5.7,82.7,1,2.1,23,,0,0,0
2035,2,22,4,5.7,82.7,0.8,2.3,82,,0,0,0
2035,2,22,5,6.1,78.3,0.9,2.7,63,,0,0,0
2035,2,22,6,6.4,76.5,1.3,3.3,42,,9,0,0
2035,2,22,7,6.7,73.7,1.2,2.6,42,,63,0,0
2035,2,22,8,7.1,70.4,0.9,3.9,129,,129,94,268
2035,2,22,9,7.3,71.5,1.1,3.2,158,,227,109,413
2035,2,22,10,8,66.5,1.1,2.7,158,,271,163,265
2035,2,22,11,8.9,61.1,0.8,2.3,157,,407,163,491
2035,2,22,12,10.2,56.5,1.3,4,151,,497,140,656
2035,2,22,13,11.8,52.4,1.1,3,180,,485,151,612
2035,2,22,14,12.2,50.9,0.8,2.8,172,,392,181,424
2035,2,22,15,13.1,48.5,0.7,3.1,225,,257,166,222
2035,2,22,16,12.7,49.1,0.6,2.1,153,,95,95,0
2035,2,22,17,12.4,50.6,0.6,2.4,108,,11,11,0
2035,2,22,18,12,49.2,0.6,2.9,37,,7,0,0
2035,2,22,19,10.8,42.5,1.6,6.9,98,,0,0,0
2035,2,22,20,11,43.5,1.3,7.4,100,,0,0,0
2035,2,22,21,10.6,46,1.7,6.8,101,,0,0,0
2035,2,22,22,10.2,49.1,1.7,5.1,107,,0,0,0
2035,2,22,23,9.7,65.2,1.1,4.2,323,,0,0,0
2035,2,23,0,8.8,82.4,1.3,3.4,331,,0,0,0
2035,2,23,1,8.6,86.3,1.5,4.6,302,,0,0,0
2035,2,23,2,8.5,86.9,0.5,1.7,346,,0,0,0
2035,2,23,3,8.2,82.1,1,4.4,72,,0,0,0
2035,2,23,4,7.8,77.3,1.9,6.1,87,,0,0,0
2035,2,23,5,8.2,79.4,1.6,2.9,27,,0,0,0
2035,2,23,6,8.3,82.1,1.4,3.2,4,,8,0,0
2035,2,23,7,8.1,86.5,1.1,3.5,270,,12,0,0
2035,2,23,8,7.5,85.1,1.4,4.9,122,,32,32,0
2035,2,23,9,7.9,78.7,1.5,4.9,110,,113,109,16
2035,2,23,10,8.4,76.5,1.3,4.9,148,,84,84,0
2035,2,23,11,8.7,82.4,0.9,3.9,288,,114,114,0
2035,2,23,12,9,86.8,1.1,3.1,246,,66,66,0
2035,2,23,13,8.9,84.2,1.3,3.6,99,,143,143,0
2035,2,23,14,9.6,78,0.8,4.3,127,,193,185,14
2035,2,23,15,9.6,77.5,1,3.6,159,,240,173,163
2035,2,23,16,9.8,73.2,0.5,2.1,90,,79,79,0
2035,2,23,17,10.1,70,1.1,2.1,11,,13,13,0
2035,2,23,18,9.5,73.6,1.2,2.7,326,,7,0,0
2035,2,23,19,9.2,76.2,0.7,3.3,301,,0,0,0
2035,2,23,20,9.1,75.8,1.8,3.5,9,,0,0,0
2035,2,23,21,8.9,76.9,1.7,3.7,328,,0,0,0
2035,2,23,22,8.9,77.9,0.7,2.6,45,,0,0,0
2035,2,23,23,8.8,79.3,0.9,2.4,69,,0,0,0
2035,2,24,0,8.4,81,1.7,3.8,25,,0,0,0
2035,2,24,1,7.9,83.2,1.7,3.9,11,,0,0,0
2035,2,24,2,7.9,82.4,1.4,3.3,4,,0,0,0
2035,2,24,3,7.8,84.5,1.3,2.9,18,,0,0,0
2035,2,24,4,7.6,87.3,0.7,2.8,76,,0,0,0
2035,2,24,5,7.5,85,0.8,3.4,59,,0,0,0
2035,2,24,6,7.5,86.3,0.4,1.4,45,,7,0,0
2035,2,24,7,7.5,85.6,0.4,1.4,297,,28,0,0
2035,2,24,8,7.6,83.5,0.6,2.4,171,,227,42,321
2035,2,24,9,7.8,80.5,1.1,3.2,149,,265,82,619
2035,2,24,10,8.9,77.2,0.6,2.1,180,,361,147,508
2035,2,24,11,9.5,73.4,1.4,4.1,240,,308,221,171
2035,2,24,12,9.5,73.4,1.1,2.7,233,,233,205,50
2035,2,24,13,9.8,73.1,0.7,2.8,198,,344,246,175
2035,2,24,14,10.1,72.3,1,2.6,140,,183,173,20
2035,2,24,15,9.6,76.6,1.9,11.7,270,,56,56,0
2035,2,24,16,7.5,85.6,1.1,3.6,127,,16,16,0
2035,2,24,17,7.4,80.3,1.1,5.1,111,,9,9,0
2035,2,24,18,7.5,76,1.1,4.8,135,,7,0,0
2035,2,24,19,7.5,78.7,1.5,4.3,270,,0,0,0
2035,2,24,20,7.3,78.7,1.2,2.6,315,,0,0,0
2035,2,24,21,7.3,78.5,1.3,4.1,290,,0,0,0
2035,2,24,22,7.2,78.9,1.1,3.2,20,,0,0,0
2035,2,24,23,7.3,78,1.2,3,9,,0,0,0
2035,2,25,0,7.2,77,1.3,2.2,18,,0,0,0
2035,2,25,1,7.4,74.7,1.9,3.4,16,,0,0,0
2035,2,25,2,7.3,72.5,2,3.4,12,,0,0,0
2035,2,25,3,7.1,73.6,1.7,2.9,17,,0,0,0
2035,2,25,4,6.9,74.3,1.1,2.3,22,,0,0,0
2035,2,25,5,6.7,75.3,1.7,2.8,21,,0,0,0
2035,2,25,6,6.8,75,1.9,3.5,18,,8,0,0
2035,2,25,7,7.4,68.4,1.3,3,360,,30,0,0
2035,2,25,8,7.7,66.1,1.4,3.4,300,,75,45,202
2035,2,25,9,8.7,63,1.3,4.2,253,,405,111,466
2035,2,25,10,9.3,61.2,1.1,4,230,,476,227,583
2035,2,25,11,9.1,63.8,1,3.4,139,,289,230,114
2035,2,25,12,9.5,64.8,0.7,2.4,153,,177,175,4
2035,2,25,13,10.1,64.9,1,3.9,159,,180,178,4
2035,2,25,14,9.5,76.3,1,3.6,276,,54,54,0
2035,2,25,15,9.5,85.3,0.8,2.1,108,,48,48,0
2035,2,25,16,9.8,83.2,1.1,3.1,11,,30,30,0
2035,2,25,17,9.8,80.2,1,3.1,353,,10,10,0
2035,2,25,18,9.6,80.7,0.8,2.7,14,,7,0,0
2035,2,25,19,9.5,84.2,1,2.7,69,,0,0,0
2035,2,25,20,9.4,81.1,1.4,7.7,90,,0,0,0
2035,2,25,21,9.6,80.4,1.7,3.6,7,,0,0,0
2035,2,25,22,9.3,85.2,0.9,4.5,90,,0,0,0
2035,2,25,23,9.3,85.8,0.8,3,108,,0,0,0
2035,2,26,0,9.5,79.6,1,4.3,122,,0,0,0
2035,2,26,1,8.7,81.7,2.9,11,270,,0,0,0
2035,2,26,2,7.6,85.7,1.2,4,135,,0,0,0
2035,2,26,3,7.5,84.7,1.1,4,63,,0,0,0
2035,2,26,4,7.3,86.3,2.2,6.7,158,,0,0,0
2035,2,26,5,7.2,79.2,1.9,8.8,155,,0,0,0
2035,2,26,6,7.5,73.7,1.5,7.2,135,,7,0,0
2035,2,26,7,8.2,72.5,1.8,9.6,270,,19,0,0
2035,2,26,8,8.5,72,1.1,6.1,230,,67,51,107
2035,2,26,9,8.9,67.1,3.5,12.9,225,,246,135,364
2035,2,26,10,8.9,59.8,3.6,12,224,,113,113,0
2035,2,26,11,7.5,65.4,5.1,16.3,271,,98,98,0
2035,2,26,12,8,65.5,3.6,9.3,285,,181,178,5
2035,2,26,13,7.6,68.2,4.6,11.2,258,,102,102,0
2035,2,26,14,7.4,71,2.4,12.5,242,,184,174,18
2035,2,26,15,8,68.5,2,5.7,208,,303,256,109
2035,2,26,16,8.2,66,1.3,4.3,180,,90,90,0
2035,2,26,17,8.4,61.4,0.9,4.3,186,,18,18,0
2035,2,26,18,7.8,62.7,0.8,3.8,117,,8,0,0
2035,2,26,19,7.8,60.4,0.7,2.7,342,,0,0,0
2035,2,26,20,7.4,63,0.9,4,339,,0,0,0
2035,2,26,21,6.8,65.6,1.7,3.3,353,,0,0,0
2035,2,26,22,6.2,67.4,2.2,3.8,13,,0,0,0
2035,2,26,23,6.1,66.4,1.8,3,27,,0,0,0
2035,2,27,0,5.3,70.4,1.9,3,22,,0,0,0
2035,2,27,1,5.7,62.6,1.3,2.6,29,,0,0,0
2035,2,27,2,5.3,63.2,1.6,2.7,28,,0,0,0
2035,2,27,3,4.9,67.2,1.4,2.4,27,,0,0,0
2035,2,27,4,5,63.9,1.5,3.3,34,,0,0,0
2035,2,27,5,4.5,61.8,1.4,3.1,27,,0,0,0
2035,2,27,6,4.3,61.3,1.2,3.9,63,,11,0,0
2035,2,27,7,4.6,56.2,2.3,5.5,105,,92,0,0
2035,2,27,8,5.8,53.1,2.2,6.3,126,,255,45,367
2035,2,27,9,6.4,61.9,2,6.1,141,,393,88,560
2035,2,27,10,7.5,58.6,1.3,3.4,162,,448,122,746
2035,2,27,11,7.8,52.1,1.9,6,149,,439,209,438
2035,2,27,12,8.6,48.6,0.8,2.2,188,,310,267,75
2035,2,27,13,8.6,50.3,1.1,3.1,225,,291,268,39
2035,2,27,14,9.3,44.6,1,2.1,186,,230,214,31
2035,2,27,15,8.8,46.5,0.3,1.8,225,,92,92,0
2035,2,27,16,8.5,47.2,0.3,1.3,153,,22,22,0
2035,2,27,17,8.8,47.6,1.2,5.1,13,,8,8,0
2035,2,27,18,8.2,49.1,0.9,3.5,270,,8,0,0
2035,2,27,19,8,60.6,1,3.6,319,,0,0,0
2035,2,27,20,7.9,76.1,1.8,4.4,353,,0,0,0
2035,2,27,21,8.1,77.8,2,3.6,12,,0,0,0
2035,2,27,22,8.3,77.4,2.1,4.4,23,,0,0,0
2035,2,27,23,8.5,74.2,1.6,4.6,20,,0,0,0
2035,2,28,0,8.2,72.8,0.9,3,40,,0,0,0
2035,2,28,1,9.1,69.9,0.7,2.6,39,,0,0,0
2035,2,28,2,10.1,63.6,0.8,3.4,14,,0,0,0
2035,2,28,3,10.2,61.4,0.8,2.5,360,,0,0,0
2035,2,28,4,10.4,61.4,0.7,3,349,,0,0,0
2035,2,28,5,10.3,70.3,0.7,6.7,90,,0,0,0
2035,2,28,6,10.5,69.4,0.8,4.4,90,,7,0,0
2035,2,28,7,11.2,63.8,1.6,10.7,85,,10,0,0
2035,2,28,8,10.9,77.4,2.9,9.7,229,,20,20,0
2035,2,28,9,11.6,66.5,3.2,11.2,226,,78,78,0
2035,2,28,10,11.8,58,3.9,12.3,221,,109,109,0
2035,2,28,11,12.2,50.9,4.2,15.3,228,,213,203,19
2035,2,28,12,12,53,3.9,12.4,236,,253,247,11
2035,2,28,13,12.3,49.3,3.1,9.1,232,,261,253,12
2035,2,28,14,12.4,46.9,2.6,10.2,223,,221,214,12
2035,2,28,15,12.5,46.6,3.2,12.6,238,,182,172,24
2035,2,28,16,10.8,60.2,2.5,13.9,250,,57,57,0
2035,2,28,17,9.8,66.9,2.1,11.6,270,,11,11,0
2035,2,28,18,9.6,68.6,1.8,8.8,282,,7,0,0
2035,2,28,19,9.2,70.5,1.7,7.1,291,,0,0,0
2035,2,28,20,9.3,69.1,1.9,6.7,286,,0,0,0
2035,2,28,21,9.5,69.3,2,5.9,284,,0,0,0
2035,2,28,22,9.7,68.7,2.4,6,285,,0,0,0
2035,2,28,23,10.2,68.7,2.8,6.7,278,,0,0,0
2035,3,1,0,10.6,69.4,3.2,7.4,273,,0,0,0
2035,3,1,1,11,71,3.5,8,273,,0,0,0
2035,3,1,2,11.2,72.1,3.7,8.6,271,,0,0,0
2035,3,1,3,11.4,73.7,3.7,9,266,,0,0,0
2035,3,1,4,11.5,75.4,3.8,9.5,264,,0,0,0
2035,3,1,5,11.4,76,3.6,9.4,260,,0,0,0
2035,3,1,6,11.4,76.3,3.1,9.4,251,,0,0,0
2035,3,1,7,11.4,75.7,3.2,9.8,246,,0,0,0
2035,3,1,8,11.5,74.4,2.9,8.3,236,,10,10,0
2035,3,1,9,11.2,78.1,4.5,11.6,269,,31,31,0
2035,3,1,10,11.4,78.6,4.7,11.8,284,,98,98,0
2035,3,1,11,11.7,77.5,5,11.9,268,,189,188,2
2035,3,1,12,12.2,76.6,4.5,11.6,269,,228,223,8
2035,3,1,13,12.4,77.6,5.1,11.7,276,,178,177,1
2035,3,1,14,12.5,77.9,4.1,11.4,273,,196,194,3
2035,3,1,15,12.7,73.1,3.6,8.4,268,,113,113,0
2035,3,1,16,12.5,68.9,3.8,9.3,265,,132,123,28
2035,3,1,17,12.1,69.1,2.8,7.9,260,,10,10,0
2035,3,1,18,12,68.6,2.9,6.9,278,,0,0,0
2035,3,1,19,12,68.6,2.2,5.7,291,,0,0,0
2035,3,1,20,11.8,69.6,2.5,6.4,279,,0,0,0
2035,3,1,21,11.6,68.3,2.7,6.7,276,,0,0,0
2035,3,1,22,11.3,67.2,2.7,9,278,,0,0,0
2035,3,1,23,11.4,59.5,3,8,276,,0,0,0
2035,3,2,0,11.4,61.2,2.1,6.9,262,,0,0,0
2035,3,2,1,10.9,66.5,1.8,4.6,273,,0,0,0
2035,3,2,2,10.7,64.3,2.1,5.5,276,,0,0,0
2035,3,2,3,10.6,65.2,2.4,5.4,268,,0,0,0
2035,3,2,4,10.5,69,2.3,5.5,270,,0,0,0
2035,3,2,5,10.5,69,2,7.1,256,,0,0,0
2035,3,2,6,10.4,69.7,2.5,6,272,,0,0,0
2035,3,2,7,10.3,71.2,1,4.4,270,,13,13,0
2035,3,2,8,10.5,69.6,1.2,4.1,280,,66,64,15
2035,3,2,9,10.9,68.5,1.6,4.8,310,,93,93,0
2035,3,2,10,11.5,64.5,1,4.8,277,,240,194,102
2035,3,2,11,12.7,59.9,0.5,2.7,217,,439,204,431
2035,3,2,12,13.8,55.5,1.1,3.1,198,,438,247,323
2035,3,2,13,15,52.3,0.9,2.4,166,,416,256,272
2035,3,2,14,15.7,50.5,1.1,3,170,,415,202,393
2035,3,2,15,16.4,48.8,1,2.4,156,,332,174,346
2035,3,2,16,16.8,46.9,0.8,2.8,173,,143,129,41
2035,3,2,17,15.5,51.9,0.3,2.6,135,,23,23,0
2035,3,2,18,14.1,56.2,1.2,2.7,29,,0,0,0
2035,3,2,19,13.4,59,1.9,3.1,22,,0,0,0
2035,3,2,20,12.3,64.2,1.9,3,21,,0,0,0
2035,3,2,21,11.8,64.9,1.8,2.9,16,,0,0,0
2035,3,2,22,11.5,64.8,1.9,3,28,,0,0,0
2035,3,2,23,11,66.1,1.9,2.9,22,,0,0,0
2035,3,3,0,10.4,69,1.8,3.1,9,,0,0,0
2035,3,3,1,10.2,69.5,1.5,2.7,4,,0,0,0
2035,3,3,2,9.8,71.6,1.3,3.1,9,,0,0,0
2035,3,3,3,9.8,71.9,1.9,3.3,12,,0,0,0
2035,3,3,4,9.6,72.9,1.9,3.3,3,,0,0,0
2035,3,3,5,9.8,72.5,1.6,3.4,356,,0,0,0
2035,3,3,6,10.2,71.4,0.8,4,256,,3,0,0
2035,3,3,7,10.1,73.7,1.5,4.3,300,,19,19,0
2035,3,3,8,10.5,73.5,1.9,4.5,276,,53,53,0
2035,3,3,9,10.9,71.3,2.7,6.7,272,,78,78,0
2035,3,3,10,11.4,68.4,3.2,6.9,259,,191,180,23
2035,3,3,11,12.1,64.3,3.1,7.7,252,,269,243,47
2035,3,3,12,12.1,63.5,3.3,8.5,256,,216,213,6
2035,3,3,13,11.8,67.9,4.7,9.5,270,,160,160,0
2035,3,3,14,11.4,70.5,4,9,274,,99,99,0
2035,3,3,15,11.3,71.8,3.8,8.4,273,,77,77,0
2035,3,3,16,11.4,70.4,3.5,7.4,270,,34,34,0
2035,3,3,17,11.2,73.7,3.8,7.9,287,,1,0,0
2035,3,3,18,8.9,78.3,4.1,9.1,339,,0,0,0
2035,3,3,19,8.2,73.3,1,4.6,333,,0,0,0
2035,3,3,20,6.7,67.5,2.6,7.6,353,,0,0,0
2035,3,3,21,6.7,62,1.9,6,348,,0,0,0
2035,3,3,22,6.7,55,1.1,4.4,270,,0,0,0
2035,3,3,23,6.6,62.3,0.8,2.1,50,,0,0,0
2035,3,4,0,6.6,65.9,1.4,3.2,350,,0,0,0
2035,3,4,1,6.1,65.3,1.8,4.6,286,,0,0,0
2035,3,4,2,6.1,68.1,1.7,4.4,280,,0,0,0
2035,3,4,3,6.3,71.7,1.3,5.3,270,,0,0,0
2035,3,4,4,5.7,75.2,3,9.3,262,,0,0,0
2035,3,4,5,5.3,79.3,2.2,6.1,281,,0,0,0
2035,3,4,6,5.5,77.1,2.5,7.8,265,,0,0,0
2035,3,4,7,4.8,70.4,3.9,9.7,269,,24,24,0
2035,3,4,8,4.5,56,2.6,6.5,283,,72,70,14
2035,3,4,9,4.4,53.4,2.8,6.4,298,,97,97,0
2035,3,4,10,5.1,50.9,2.3,5.5,272,,302,206,204
2035,3,4,11,5.6,48.2,2.2,5.5,264,,409,258,272
2035,3,4,12,6.4,42.5,2.3,5.5,235,,520,245,457
2035,3,4,13,6.4,47.2,2.1,4.5,211,,392,262,217
2035,3,4,14,6.2,48.9,1.8,4.4,213,,254,242,22
2035,3,4,15,5.6,58.1,1.8,5.9,318,,77,77,0
2035,3,4,16,5.9,51.8,1.1,3.7,259,,92,92,0
2035,3,4,17,5.3,56.4,1,3,111,,11,11,0
2035,3,4,18,4.7,57.8,1,2.6,354,,0,0,0
2035,3,4,19,4,62.9,2.1,7.7,8,,0,0,0
2035,3,4,20,3.6,72.6,2.8,7.3,4,,0,0,0
2035,3,4,21,3.3,76.1,3.1,7.3,360,,0,0,0
2035,3,4,22,3,76.8,2.6,8.1,9,,0,0,0
2035,3,4,23,2.4,74.1,3.2,10,6,,0,0,0
2035,3,5,0,2.3,78.2,2.5,7.6,29,,0,0,0
2035,3,5,1,2.2,74,2.1,7.5,25,,0,0,0
2035,3,5,2,2,77.3,1.4,6.1,25,,0,0,0
2035,3,5,3,2.2,80.6,1,5.1,32,,0,0,0
2035,3,5,4,2.2,78,2.1,7.9,19,,0,0,0
2035,3,5,5,1.9,73.5,2.7,9.1,25,,0,0,0
2035,3,5,6,1.7,76.3,3.2,10.5,37,,5,0,0
2035,3,5,7,1.8,73.3,4.3,12.8,34,,103,4,0
2035,3,5,8,2.1,70.7,4.3,12.2,39,,320,50,449
2035,3,5,9,2.7,64.9,3.8,13.4,43,,462,64,683
2035,3,5,10,3,60.6,3.7,13.4,39,,566,82,756
2035,3,5,11,3.8,60.7,3,9.8,33,,583,125,814
2035,3,5,12,3.8,54.8,3.8,12.3,20,,682,257,701
2035,3,5,13,3,49.5,2.9,12.2,32,,429,253,290
2035,3,5,14,3.5,42.7,3.1,11.9,38,,435,255,322
2035,3,5,15,2.9,42.1,2.4,11.1,36,,189,183,12
2035,3,5,16,2.9,42.2,2.3,10.9,49,,93,93,0
2035,3,5,17,2,48.2,2.2,7.5,45,,19,19,0
2035,3,5,18,1.1,52.9,1.9,7,54,,0,0,0
2035,3,5,19,0.7,58.2,0.8,5.6,8,,0,0,0
2035,3,5,20,0.6,55.6,1.2,6.2,27,,0,0,0
2035,3,5,21,0.2,56.9,2.6,9.5,20,,0,0,0
2035,3,5,22,-0.2,59.5,3,9.1,29,,0,0,0
2035,3,5,23,-0.5,59.6,2.8,8.9,42,,0,0,0
2035,3,6,0,-0.7,59.8,3.5,9.6,21,,0,0,0
2035,3,6,1,-1,58.9,2.5,10.6,35,,0,0,0
2035,3,6,2,-1.2,57.8,1.4,6.2,86,,0,0,0
2035,3,6,3,-1.6,60.2,3,9.2,53,,0,0,0
2035,3,6,4,-1.9,61.6,4,11.4,49,,0,0,0
2035,3,6,5,-2.1,60.7,1.7,6.6,76,,0,0,0
2035,3,6,6,-2,61.2,0.5,2.9,207,,7,0,0
2035,3,6,7,-1.6,61.3,0.9,4.2,0,,139,6,0
2035,3,6,8,-0.6,54.9,1.9,6.5,32,,309,51,459
2035,3,6,9,0.9,44.9,0.8,5.9,360,,471,65,687
2035,3,6,10,2.2,38.4,0.8,8.4,333,,586,73,781
2035,3,6,11,3.4,30.8,1.8,9.1,349,,648,148,699
2035,3,6,12,4,29.9,1.6,9.5,307,,650,132,846
2035,3,6,13,5,26.3,4,11.6,30,,598,158,721
2035,3,6,14,5.1,25.8,4.9,12.9,23,,493,209,505
2035,3,6,15,5.1,24.9,4.7,13.5,31,,347,206,298
2035,3,6,16,5,26.9,4.2,13.4,39,,173,142,89
2035,3,6,17,4,30.6,3,10.3,46,,26,26,0
2035,3,6,18,3.2,30.4,2.6,9.3,51,,0,0,0
2035,3,6,19,2.7,30.9,1.2,6.7,55,,0,0,0
2035,3,6,20,2.2,33.5,1.5,6.6,51,,0,0,0
2035,3,6,21,1.7,36.1,1.2,5.4,20,,0,0,0
2035,3,6,22,1.5,36.6,1.4,5.3,30,,0,0,0
2035,3,6,23,1.3,38.7,1.3,7.7,42,,0,0,0
2035,3,7,0,0.5,45.2,4,10.5,21,,0,0,0
2035,3,7,1,0.2,48.9,3.9,10.1,21,,0,0,0
2035,3,7,2,-0.2,52.1,2.9,8.6,23,,0,0,0
2035,3,7,3,-0.1,53.1,3.3,9.8,31,,0,0,0
2035,3,7,4,-0.3,54.8,3.7,9.2,32,,0,0,0
2035,3,7,5,-0.4,56.5,4,10.6,23,,0,0,0
2035,3,7,6,-0.4,57.9,2.8,9.5,35,,4,0,0
2035,3,7,7,0.1,56.1,2,7.8,45,,48,8,0
2035,3,7,8,0.6,55.3,0.8,4.9,323,,150,72,384
2035,3,7,9,1.3,53.9,0.9,4.5,117,,215,162,148
2035,3,7,10,2.3,49.8,1.6,5.3,27,,277,243,70
2035,3,7,11,3,43.4,1.4,5.6,86,,371,312,101
2035,3,7,12,3.8,39.5,2,6.7,87,,371,316,88
2035,3,7,13,4.2,47.2,1.3,4,204,,367,327,65
2035,3,7,14,3.9,49.2,1.5,3.6,234,,261,241,36
2035,3,7,15,4.6,45.7,1.1,2.8,209,,284,214,149
2035,3,7,16,4.9,44.2,0.4,1.8,180,,75,75,0
2035,3,7,17,4.9,44.9,0.5,1.6,360,,10,10,0
2035,3,7,18,4.9,46.5,1.9,3.7,9,,0,0,0
2035,3,7,19,4.7,44.4,1.5,3.1,16,,0,0,0
2035,3,7,20,4.6,45,1.4,2.8,45,,0,0,0
2035,3,7,21,4.4,52.5,0.9,2.9,60,,0,0,0
2035,3,7,22,4.3,50.6,0.7,2,16,,0,0,0
2035,3,7,23,4.3,53.2,0.5,2,349,,0,0,0
2035,3,8,0,4.3,55.3,0.8,1.8,352,,0,0,0
2035,3,8,1,4.3,56.7,1.2,2.6,20,,0,0,0
2035,3,8,2,4.4,56.8,1,2.2,24,,0,0,0
2035,3,8,3,4.3,55.2,1.2,2.1,31,,0,0,0
2035,3,8,4,4.3,55.6,0.9,1.9,36,,0,0,0
2035,3,8,5,4.2,59.3,0.8,1.8,36,,0,0,0
2035,3,8,6,4.5,57,0.9,1.8,21,,3,0,0
2035,3,8,7,4.6,56.8,0.4,1.4,315,,32,32,0
2035,3,8,8,4.8,59,0.6,1.7,248,,111,88,104
2035,3,8,9,5.6,57.9,1.2,2.6,229,,257,150,294
2035,3,8,10,6.4,55,1.6,4.2,176,,473,124,710
2035,3,8,11,7.7,48.1,1.7,4.2,176,,636,150,841
2035,3,8,12,8.6,46.5,1.6,4.2,162,,658,178,771
2035,3,8,13,8.5,47.9,1.6,4.1,162,,515,279,381
2035,3,8,14,9.7,47.1,1.7,4.2,150,,442,262,314
2035,3,8,15,9.9,49.1,1.6,4.1,147,,270,225,94
2035,3,8,16,9.5,50.6,0.7,1.9,149,,130,128,6
2035,3,8,17,9.1,51.8,0.6,2.1,166,,13,13,0
2035,3,8,18,8.9,53.7,1.2,2.9,24,,0,0,0
2035,3,8,19,8.3,57.9,1.8,3.5,19,,0,0,0
2035,3,8,20,7.5,64.4,1.4,3.6,16,,0,0,0
2035,3,8,21,7.1,63.1,2,3.9,21,,0,0,0
2035,3,8,22,6.7,63.5,1.8,3.5,25,,0,0,0
2035,3,8,23,6.3,66.2,1.9,3.4,21,,0,0,0
2035,3,9,0,5.9,67.8,1.8,3.1,25,,0,0,0
2035,3,9,1,5.6,69.3,1.8,3,18,,0,0,0
2035,3,9,2,5.1,70.3,2,3.8,18,,0,0,0
2035,3,9,3,4.7,71.2,1.8,3.5,16,,0,0,0
2035,3,9,4,4.8,70.4,1.9,3.1,21,,0,0,0
2035,3,9,5,5,75.4,1.8,2.8,22,,0,0,0
2035,3,9,6,4.7,73.8,1.7,2.7,28,,15,0,0
2035,3,9,7,4.9,69.8,0.8,2,14,,110,12,0
2035,3,9,8,5.9,68.1,0.7,2.3,189,,310,53,501
2035,3,9,9,7,65.8,1.2,2.8,204,,454,66,702
2035,3,9,10,7.2,64.1,1.3,2.8,194,,463,161,607
2035,3,9,11,7.6,61.1,0.8,2.7,198,,331,258,125
2035,3,9,12,8.3,57.1,0.7,2.5,207,,337,303,54
2035,3,9,13,9.1,55,0.9,3.3,236,,333,300,53
2035,3,9,14,9.7,54.6,0.9,3.6,220,,308,252,97
2035,3,9,15,10.1,55.8,0.9,3,239,,225,205,39
2035,3,9,16,10.2,55.7,1.2,6.7,259,,58,58,0
2035,3,9,17,10.4,57.1,0.6,3.3,233,,8,8,0
2035,3,9,18,10,60.2,2.1,8.1,258,,0,0,0
2035,3,9,19,9.2,67.8,4.2,9.1,270,,0,0,0
2035,3,9,20,8.7,75.7,3.7,9.1,272,,0,0,0
2035,3,9,21,8.4,81.1,2.9,6.3,276,,0,0,0
2035,3,9,22,8.2,80.4,2.8,6.3,294,,0,0,0
2035,3,9,23,8,80.7,2.6,6.5,288,,0,0,0
2035,3,10,0,7.9,81.5,2.2,5,297,,0,0,0
2035,3,10,1,7.7,82.6,1.7,4.2,294,,0,0,0
2035,3,10,2,7.5,81.3,2,5,297,,0,0,0
2035,3,10,3,7.1,81.4,2.3,5.1,294,,0,0,0
2035,3,10,4,6.9,80,2.1,4.8,284,,0,0,0
2035,3,10,5,7.1,81.6,0.8,2.4,300,,0,0,0
2035,3,10,6,7.1,83.8,0.7,2.3,279,,3,0,0
2035,3,10,7,7.3,81.1,1.2,3.7,265,,118,15,0
2035,3,10,8,7.6,76.3,2.4,5.8,270,,187,72,516
2035,3,10,9,8.2,73.2,2.5,6.2,258,,413,182,612
2035,3,10,10,8.2,71.8,2.4,6.1,252,,307,228,158
2035,3,10,11,8.9,70.2,1.9,3.8,257,,198,193,8
2035,3,10,12,9.6,67.8,1.7,5.7,243,,298,286,19
2035,3,10,13,9.8,67.4,2.8,6.8,264,,199,197,3
2035,3,10,14,10.1,65.9,4.6,11.7,265,,108,108,0
2035,3,10,15,9.6,64.8,6.1,13.8,262,,36,36,0
2035,3,10,16,8.3,77.5,6.9,15.5,269,,3,3,0
2035,3,10,17,7.7,82.1,5.7,13.5,273,,0,0,0
2035,3,10,18,7.7,79.7,4.8,10.2,272,,0,0,0
2035,3,10,19,7.7,79.4,5.2,11,279,,0,0,0
2035,3,10,20,7.6,78.5,5.3,11.2,278,,0,0,0
2035,3,10,21,7.9,76.3,4.7,10.6,262,,0,0,0
2035,3,10,22,8,72.3,4.3,13.1,248,,0,0,0
2035,3,10,23,8,68.4,2.4,7.5,230,,0,0,0
2035,3,11,0,8,67.2,2.6,9.5,228,,0,0,0
2035,3,11,1,8,65.9,2.8,9,232,,0,0,0
2035,3,11,2,7.8,64.7,2.4,8.6,237,,0,0,0
2035,3,11,3,7.8,66.2,2.9,9.7,239,,0,0,0
2035,3,11,4,7.4,72.5,3.4,10.3,247,,0,0,0
2035,3,11,5,7.2,72.8,2.8,9.4,258,,0,0,0
2035,3,11,6,6.4,78.2,4.3,13.3,258,,1,0,0
2035,3,11,7,6.7,76.5,2.5,8.4,243,,25,25,0
2035,3,11,8,7.1,72.7,4.2,10.6,256,,33,33,0
2035,3,11,9,8.1,65.1,2.9,7.9,243,,209,159,131
2035,3,11,10,8.6,59.5,3.5,8.5,246,,179,176,8
2035,3,11,11,8.7,58.5,3.5,9.1,251,,248,241,11
2035,3,11,12,8.4,63.2,4.6,9.6,264,,183,182,1
2035,3,11,13,8.4,65.9,4.6,8.9,272,,185,184,1
2035,3,11,14,8,73.3,4.6,10.5,274,,98,98,0
2035,3,11,15,8.3,76.3,3.8,7.4,273,,73,73,0
2035,3,11,16,8.3,78.6,3.5,7.7,277,,12,12,0
2035,3,11,17,7.9,84.6,3.3,7.9,282,,1,0,0
2035,3,11,18,8,84.8,2.6,6.8,279,,0,0,0
2035,3,11,19,8.2,85.1,2,6.2,282,,0,0,0
2035,3,11,20,8.5,85.4,1.7,5,280,,0,0,0
2035,3,11,21,8.8,85.1,1,3.3,283,,0,0,0
2035,3,11,22,9.1,85.5,0.8,3,320,,0,0,0
2035,3,11,23,9.5,86,1.1,5.5,301,,0,0,0
2035,3,12,0,9.8,86.5,1.1,4.1,299,,0,0,0
2035,3,12,1,10.1,86.9,1,5,286,,0,0,0
2035,3,12,2,10.4,85.9,2.3,5.9,293,,0,0,0
2035,3,12,3,10.8,83.3,2.4,8.1,275,,0,0,0
2035,3,12,4,10.9,83.5,4.1,9,287,,0,0,0
2035,3,12,5,11,83.7,4,8.6,289,,0,0,0
2035,3,12,6,10.9,84.1,3.9,8.3,288,,0,0,0
2035,3,12,7,10.9,82.9,4.1,8.8,290,,15,15,0
2035,3,12,8,10.8,84.7,4.4,10.5,287,,43,43,0
2035,3,12,9,10.8,85.2,4.7,11,281,,66,66,0
2035,3,12,10,11.2,82.4,4.2,9.8,278,,112,112,0
2035,3,12,11,11.4,79.6,4,10.2,264,,119,119,0
2035,3,12,12,11.9,76.5,3.8,9.8,247,,116,116,0
2035,3,12,13,11.5,81.2,3.4,8.5,291,,83,83,0
2035,3,12,14,11.4,84.6,4.5,12,284,,54,54,0
2035,3,12,15,11.8,77.9,3.9,11.1,267,,149,149,0
2035,3,12,16,11.7,65.9,4.1,9.2,266,,181,151,79
2035,3,12,17,11.1,57.5,3.6,7.7,273,,40,40,0
2035,3,12,18,10.4,59.7,3.5,9.1,291,,0,0,0
2035,3,12,19,9.8,62.9,3.4,9.8,300,,0,0,0
2035,3,12,20,9.1,65.9,2.5,8,285,,0,0,0
2035,3,12,21,9,63.2,1.1,4.2,243,,0,0,0
2035,3,12,22,9,59.9,2.7,7.7,285,,0,0,0
2035,3,12,23,8.6,61.5,2.9,6.2,270,,0,0,0
2035,3,13,0,8.4,62,2.7,6.4,283,,0,0,0
2035,3,13,1,8.3,65.6,2.6,6.2,277,,0,0,0
2035,3,13,2,8.1,61.6,2.4,5.9,280,,0,0,0
2035,3,13,3,7.9,66.4,1.7,5.5,284,,0,0,0
2035,3,13,4,7.6,64.6,1.6,3.9,281,,0,0,0
2035,3,13,5,7.5,64.9,1.7,4.8,291,,0,0,0
2035,3,13,6,7.5,68.7,2.6,6.1,272,,14,0,0
2035,3,13,7,7.7,69.3,2.5,6.7,261,,68,68,0
2035,3,13,8,8.2,66,2.7,7.2,250,,136,98,157
2035,3,13,9,8.6,61.1,2.7,6.7,248,,217,169,122
2035,3,13,10,9,52.1,3.1,7.3,257,,405,232,332
2035,3,13,11,10,44.8,4.4,8.3,265,,687,261,704
2035,3,13,12,10.4,43.7,3.7,8.6,262,,571,275,456
2035,3,13,13,11.2,41.8,3.7,7.6,267,,554,267,444
2035,3,13,14,11.5,43.8,2.2,5.6,176,,523,242,469
2035,3,13,15,11,46.1,1.5,3.5,152,,262,222,79
2035,3,13,16,10.2,47.1,1.2,3,138,,67,67,0
2035,3,13,17,10.1,45.8,0.4,2.3,72,,7,7,0
2035,3,13,18,10.1,46.7,0.8,2.2,63,,0,0,0
2035,3,13,19,10.3,44.8,1,1.8,27,,0,0,0
2035,3,13,20,10.2,47.1,0.4,2.2,90,,0,0,0
2035,3,13,21,10,50.9,1.5,4.5,274,,0,0,0
2035,3,13,22,9.9,53.6,0.8,3.3,281,,0,0,0
2035,3,13,23,9.9,53.8,0.9,1.9,34,,0,0,0
2035,3,14,0,9.4,55.4,0.5,2.3,79,,0,0,0
2035,3,14,1,9.8,52,0.8,1.9,360,,0,0,0
2035,3,14,2,9.6,55.5,0.5,1.5,360,,0,0,0
2035,3,14,3,9.4,58.9,0.4,1.8,360,,0,0,0
2035,3,14,4,9.6,56.8,0.6,2.1,9,,0,0,0
2035,3,14,5,9.7,63.2,0.7,2.2,37,,0,0,0
2035,3,14,6,10,68.7,1,2.4,24,,12,0,0
2035,3,14,7,10.4,64.7,0.5,1.4,284,,76,61,209
2035,3,14,8,10.7,60.1,0.3,1.8,153,,144,96,195
2035,3,14,9,11.9,54.1,0.8,2.3,172,,448,202,618
2035,3,14,10,13.2,52.1,1,3.2,221,,554,142,787
2035,3,14,11,13.8,53.3,1.4,3.2,201,,720,141,741
2035,3,14,12,15.1,51.7,1.4,3.4,184,,670,130,825
2035,3,14,13,16,48.5,1.7,3.6,152,,595,202,603
2035,3,14,14,16.1,47.9,1.8,3.5,146,,517,193,537
2035,3,14,15,16.1,48,1.6,3.6,148,,371,213,310
2035,3,14,16,15.9,48.9,1.1,2.3,153,,200,158,110
2035,3,14,17,14.9,50.6,0.8,2.7,146,,47,47,0
2035,3,14,18,14.2,53.2,1.1,2.8,22,,0,0,0
2035,3,14,19,13.7,56.3,2,4.1,20,,0,0,0
2035,3,14,20,12.9,56.9,2.5,5.2,18,,0,0,0
2035,3,14,21,12.8,57.8,2,4.9,9,,0,0,0
2035,3,14,22,11.8,62.6,1.2,3.7,15,,0,0,0
2035,3,14,23,10.8,66.7,1.9,4.7,16,,0,0,0
2035,3,15,0,10.6,67.2,1.7,3.4,28,,0,0,0
2035,3,15,1,10.6,65.4,1.9,3.7,32,,0,0,0
2035,3,15,2,9.3,70.2,1.4,3,17,,0,0,0
2035,3,15,3,8.9,71.1,1.2,3.1,20,,0,0,0
2035,3,15,4,9.1,67.1,0.6,1.8,39,,0,0,0
2035,3,15,5,8.6,67.1,1,2.8,41,,0,0,0
2035,3,15,6,8.5,69.1,1.1,1.9,37,,30,0,0
2035,3,15,7,9.2,63.6,0.7,2.2,104,,175,26,68
2035,3,15,8,9.7,65.3,0.9,2.4,148,,343,56,557
2035,3,15,9,10.6,60.5,1.2,3.3,158,,495,85,687
2035,3,15,10,11.5,59.1,1.1,2.4,180,,558,127,813
2035,3,15,11,12.7,51.8,1.2,3.2,186,,651,125,850
2035,3,15,12,13.8,48,1.4,3.6,163,,658,166,746
2035,3,15,13,14.5,46,1.4,3.1,153,,466,306,245
2035,3,15,14,15.8,37.7,1,2.5,174,,416,278,227
2035,3,15,15,16.3,37.6,0.8,2.3,166,,220,207,25
2035,3,15,16,15.2,41.8,0.6,1.8,158,,132,131,3
2035,3,15,17,15.5,42,0.3,1.2,90,,24,24,0
2035,3,15,18,14.2,44.1,1,2.2,17,,0,0,0
2035,3,15,19,13.5,50.1,0.6,2.8,349,,0,0,0
2035,3,15,20,12.9,57.9,2.6,10.7,279,,0,0,0
2035,3,15,21,12.7,76.2,4.9,13.6,255,,0,0,0
2035,3,15,22,11.7,82.1,3.7,11.4,239,,0,0,0
2035,3,15,23,11.1,76.7,1.4,7.1,231,,0,0,0
2035,3,16,0,10.9,77.9,1.7,5.4,274,,0,0,0
2035,3,16,1,10.9,82.1,1.2,6.1,265,,0,0,0
2035,3,16,2,10.3,80.1,3.3,12.6,282,,0,0,0
2035,3,16,3,9.1,77.8,2.9,12.6,249,,0,0,0
2035,3,16,4,9.2,69.7,2.1,9.2,205,,0,0,0
2035,3,16,5,9.7,62.5,1.7,8.7,213,,0,0,0
2035,3,16,6,9.6,62.2,1.7,6.9,220,,1,0,0
2035,3,16,7,9.2,67.6,2.9,6.9,282,,30,29,13
2035,3,16,8,9.5,65.9,3.5,12,247,,87,87,0
2035,3,16,9,8.9,73.2,2.6,11.4,238,,82,82,0
2035,3,16,10,10,68.8,1.6,6.6,242,,384,332,99
2035,3,16,11,9.6,69.3,4.3,14.2,255,,96,96,0
2035,3,16,12,9.6,72.6,3.5,6.9,272,,180,179,2
2035,3,16,13,9.6,75.8,3.3,8,298,,89,89,0
2035,3,16,14,9.6,75.7,2.8,12,289,,87,87,0
2035,3,16,15,10.4,71.2,1.3,4.7,279,,125,125,0
2035,3,16,16,9.3,79.6,2.7,12.2,265,,17,17,0
2035,3,16,17,10.2,69.2,1.7,10.1,222,,8,8,0
2035,3,16,18,9.5,78.6,3.5,9.1,267,,0,0,0
2035,3,16,19,9,82.3,3.3,7.1,279,,0,0,0
2035,3,16,20,8.8,82.7,2.6,8.2,286,,0,0,0
2035,3,16,21,8.7,81.2,3.1,8,281,,0,0,0
2035,3,16,22,8.6,82.6,3.4,7.8,293,,0,0,0
2035,3,16,23,8.6,82.6,1.5,6.6,254,,0,0,0
2035,3,17,0,8.6,81.5,2.4,5.8,277,,0,0,0
2035,3,17,1,8.4,83,2.9,6.7,288,,0,0,0
2035,3,17,2,8.2,81.8,2.3,6.7,280,,0,0,0
2035,3,17,3,8,80.8,3.2,7.1,288,,0,0,0
2035,3,17,4,8,80,3,6.4,298,,0,0,0
2035,3,17,5,8.2,79.1,2.5,5.1,300,,0,0,0
2035,3,17,6,8.2,78.5,2.5,6,297,,0,0,0
2035,3,17,7,8.2,78.4,2.6,5.9,296,,6,6,0
2035,3,17,8,8.3,77.8,2.5,5.4,291,,33,33,0
2035,3,17,9,8.5,77.4,2.1,5.4,287,,53,53,0
2035,3,17,10,8.6,77.8,2.3,5.8,288,,81,81,0
2035,3,17,11,9.1,76.2,2.8,7,288,,138,138,0
2035,3,17,12,9,76.4,2.4,5.2,282,,70,70,0
2035,3,17,13,9.3,75.3,2.1,5.5,281,,143,143,0
2035,3,17,14,9.3,74.1,2.1,6,267,,113,113,0
2035,3,17,15,9.3,73.9,1.8,4.6,267,,78,78,0
2035,3,17,16,9.3,74.3,2.3,5,275,,55,55,0
2035,3,17,17,9.3,75.1,2,5.4,282,,7,7,0
2035,3,17,18,9.4,76.7,1.8,5,294,,0,0,0
2035,3,17,19,9.2,80.6,1.9,3.8,298,,0,0,0
2035,3,17,20,8.7,77.4,1.5,3.2,309,,0,0,0
2035,3,17,21,8,76.6,0.9,3.6,360,,0,0,0
2035,3,17,22,7.8,74.6,0.9,6,60,,0,0,0
2035,3,17,23,7.4,74.6,0.8,3.1,297,,0,0,0
2035,3,18,0,7.2,74.6,1.3,5.9,23,,0,0,0
2035,3,18,1,7,72.8,2.3,7.9,23,,0,0,0
2035,3,18,2,6.1,71,3.3,8.9,21,,0,0,0
2035,3,18,3,5.8,70.8,2.9,7.4,24,,0,0,0
2035,3,18,4,5.6,72.9,3.1,7.6,27,,0,0,0
2035,3,18,5,5.3,73.6,3.7,8.8,31,,0,0,0
2035,3,18,6,4.8,69.6,4.3,11.1,34,,16,0,0
2035,3,18,7,5,65.3,4.1,9.9,33,,170,37,85
2035,3,18,8,5.4,64.4,3.8,10.2,29,,381,85,484
2035,3,18,9,5.9,61.7,3.8,10,35,,412,105,724
2035,3,18,10,6.3,59.9,4.3,11.3,34,,437,241,359
2035,3,18,11,7.3,53.6,4.1,10.7,40,,615,167,708
2035,3,18,12,7.8,47.7,4,11.7,32,,684,169,763
2035,3,18,13,8.4,46.9,3.8,9.4,35,,594,294,447
2035,3,18,14,8.9,46.1,3.9,9.8,40,,549,171,607
2035,3,18,15,7.8,48,3.9,11.5,37,,245,233,23
2035,3,18,16,7.1,48.7,3.6,12.2,32,,165,155,25
2035,3,18,17,6.5,48.2,3,8,32,,49,49,0
2035,3,18,18,5.5,49.3,3.1,7.9,32,,0,0,0
2035,3,18,19,4.9,49.3,3.3,8.8,31,,0,0,0
2035,3,18,20,4.6,50.4,3.6,8,32,,0,0,0
2035,3,18,21,4.1,53.9,3.5,8.3,31,,0,0,0
2035,3,18,22,3.8,55.7,3.6,9.2,30,,0,0,0
2035,3,18,23,3.6,54.6,3.6,8.8,28,,0,0,0
2035,3,19,0,3.5,54.8,3.6,9.4,33,,0,0,0
2035,3,19,1,3.3,54.9,3.3,8.7,31,,0,0,0
2035,3,19,2,3,57.5,3.4,8,28,,0,0,0
2035,3,19,3,2.6,59.8,2.9,7.9,27,,0,0,0
2035,3,19,4,2.3,61.3,1.2,5.7,42,,0,0,0
2035,3,19,5,2.3,62.5,0.9,4.8,18,,0,0,0
2035,3,19,6,2.5,61.8,0.5,2.6,270,,35,0,0
2035,3,19,7,3.4,59.6,0.6,2.7,158,,189,39,99
2035,3,19,8,4.2,55.5,2,7.5,76,,314,89,483
2035,3,19,9,5.5,45.7,3.4,8.4,45,,538,73,740
2035,3,19,10,6.4,40.5,3,7.5,49,,679,149,687
2035,3,19,11,6.1,39.4,2.3,7.8,72,,717,265,709
2035,3,19,12,6.7,37.4,2.1,6.7,20,,375,309,96
2035,3,19,13,6.8,37.2,2.5,6.8,2,,376,346,44
2035,3,19,14,7,38.4,2.5,8.1,7,,287,279,14
2035,3,19,15,7,38,2.5,8.6,9,,268,231,68
2035,3,19,16,7.1,36.4,2.3,6.6,15,,197,173,57
2035,3,19,17,6.2,37.6,2.1,5.7,23,,45,45,0
2035,3,19,18,5.5,40.4,1.8,4.8,27,,0,0,0
2035,3,19,19,4.5,47.2,2.3,6.6,20,,0,0,0
2035,3,19,20,4,53.1,2.3,6.4,23,,0,0,0
2035,3,19,21,3.6,57.3,2.4,5.6,24,,0,0,0
2035,3,19,22,3.6,58.4,2.2,5.4,36,,0,0,0
2035,3,19,23,3.4,61.4,2.4,6.8,28,,0,0,0
2035,3,20,0,2.9,61.5,2.6,6.7,28,,0,0,0
2035,3,20,1,2.8,62.4,2.6,7.1,28,,0,0,0
2035,3,20,2,2.7,61.4,2.2,5.5,24,,0,0,0
2035,3,20,3,2.4,61.4,2.8,7,26,,0,0,0
2035,3,20,4,2.1,66.6,2.3,6.2,20,,0,0,0
2035,3,20,5,2.2,64.9,1.7,4.6,14,,0,0,0
2035,3,20,6,2.3,64.2,2.4,7.1,20,,39,0,0
2035,3,20,7,3,62.5,3.3,7.9,26,,225,39,138
2035,3,20,8,4.1,56.1,3.2,7.5,30,,401,90,489
2035,3,20,9,5.1,49.5,2.4,6.1,45,,572,78,733
2035,3,20,10,5.6,44.5,1.6,5.8,95,,514,202,559
2035,3,20,11,6,41,1.3,5,243,,353,290,98
2035,3,20,12,6,38.3,1.2,4.3,229,,427,379,69
2035,3,20,13,6.7,36.5,1.5,4.1,228,,443,368,109
2035,3,20,14,6.6,35.2,1.6,5.9,315,,432,364,107
2035,3,20,15,6.3,38.2,2.3,5.5,326,,331,264,125
2035,3,20,16,6.1,41.1,2.3,5.1,339,,128,128,0
2035,3,20,17,5.5,40.7,2.1,5,321,,17,17,0
2035,3,20,18,5,46.5,1.5,3.8,326,,0,0,0
2035,3,20,19,4.8,49.1,1.1,3.4,315,,0,0,0
2035,3,20,20,4.6,47.8,1.8,3.6,273,,0,0,0
2035,3,20,21,4.5,50.7,1.8,4.2,254,,0,0,0
2035,3,20,22,4.5,52.8,2.5,7.2,244,,0,0,0
2035,3,20,23,4.4,53.1,3.1,8.2,243,,0,0,0
2035,3,21,0,4.1,54.4,3.1,9.2,232,,0,0,0
2035,3,21,1,4,54.3,3.7,11.6,239,,0,0,0
2035,3,21,2,3.8,56.7,4.7,13.6,251,,0,0,0
2035,3,21,3,3.2,70.5,4.5,12.5,250,,0,0,0
2035,3,21,4,2.7,84.1,4.6,12.1,258,,0,0,0
2035,3,21,5,2.4,88.4,4.8,10.4,263,,0,0,0
2035,3,21,6,2.6,89,5,10.9,267,,0,0,0
2035,3,21,7,2.7,89.8,4.8,9.6,266,,3,3,0
2035,3,21,8,2.9,90,4.5,10.5,271,,14,14,0
2035,3,21,9,3.4,89.2,4.4,11.6,276,,30,30,0
2035,3,21,10,3.5,88.7,4.7,10,281,,40,40,0
2035,3,21,11,4,87.8,4.6,10,281,,55,55,0
2035,3,21,12,4.5,88.4,5.1,10.4,277,,52,52,0
2035,3,21,13,4.9,88,5.1,11.1,272,,42,42,0
2035,3,21,14,4.9,87.7,5,13.5,282,,54,54,0
2035,3,21,15,4.5,86.7,5.2,11.6,292,,34,34,0
2035,3,21,16,4.7,86.9,4.6,10.5,268,,6,6,0
2035,3,21,17,5.5,84.1,2.8,10.5,240,,1,0,0
2035,3,21,18,5.7,80.7,3.2,9,281,,0,0,0
2035,3,21,19,5.3,78.8,3.8,9.2,275,,0,0,0
2035,3,21,20,5.2,67.5,2.5,8.9,270,,0,0,0
2035,3,21,21,4.9,65.1,1.1,4,283,,0,0,0
2035,3,21,22,4.5,72.9,1.9,4.2,304,,0,0,0
2035,3,21,23,4.2,74,1.6,3.9,326,,0,0,0
2035,3,22,0,4,76.6,1.3,4.3,326,,0,0,0
2035,3,22,1,4.1,78.9,1.9,4.6,267,,0,0,0
2035,3,22,2,3.8,78.8,1.9,4.3,292,,0,0,0
2035,3,22,3,3.8,83.1,1.9,5.1,292,,0,0,0
2035,3,22,4,3.5,81.3,2.1,4.9,293,,0,0,0
2035,3,22,5,3.5,79.7,2.6,7,266,,0,0,0
2035,3,22,6,3.6,71.9,2.4,6.3,242,,34,0,0
2035,3,22,7,3.8,70.8,2.3,6.1,229,,112,80,264
2035,3,22,8,4.5,61,2.5,6.8,235,,373,113,429
2035,3,22,9,5,61.5,3.1,8,240,,427,148,628
2035,3,22,10,5.4,56.6,4.1,10.2,255,,387,266,212
2035,3,22,11,4.8,65,4.2,11.8,271,,196,193,4
2035,3,22,12,4.8,69.7,4.1,9.4,277,,187,186,1
2035,3,22,13,5.5,62.2,4.5,10.7,266,,235,232,4
2035,3,22,14,5.2,72.1,4,8.7,269,,185,184,2
2035,3,22,15,4.5,78.5,2.6,7.8,239,,61,61,0
2035,3,22,16,4.3,79.7,1.4,4.6,243,,105,105,0
2035,3,22,17,5.1,74.4,0.7,2.8,198,,95,94,6
2035,3,22,18,4.5,62.6,0.6,1.9,56,,1,0,0
2035,3,22,19,4.2,69.6,1.2,3.5,80,,0,0,0
2035,3,22,20,2.8,81.7,2.4,6.3,327,,0,0,0
2035,3,22,21,3.4,75.8,1.8,3.3,3,,0,0,0
2035,3,22,22,3.5,77.1,1.4,2.4,17,,0,0,0
2035,3,22,23,3.6,78,1.7,2.8,33,,0,0,0
2035,3,23,0,3.2,78.4,1.7,2.8,24,,0,0,0
2035,3,23,1,3.1,76.2,1.5,3,12,,0,0,0
2035,3,23,2,3,76.6,1.7,3,17,,0,0,0
2035,3,23,3,3.2,74.9,1,3.2,326,,0,0,0
2035,3,23,4,2.8,79.6,0.9,2.9,277,,0,0,0
2035,3,23,5,2.5,85.2,1.4,3.9,300,,0,0,0
2035,3,23,6,2.1,85.6,1.4,3.4,318,,3,0,0
2035,3,23,7,2.3,83.9,0.6,2.3,288,,39,39,0
2035,3,23,8,2.4,81.5,1.3,3.6,279,,183,128,181
2035,3,23,9,3.2,77.7,1.5,3.7,262,,239,198,93
2035,3,23,10,3.7,77.6,1.5,4.1,228,,157,157,0
2035,3,23,11,4.2,74.6,1.5,4.2,205,,545,276,409
2035,3,23,12,3.7,77.3,1.8,5.8,248,,318,315,5
2035,3,23,13,3.4,76.5,1.7,6.3,328,,307,299,11
2035,3,23,14,3.8,73.8,1.1,5.1,259,,176,175,1
2035,3,23,15,3.7,66.3,2,6.6,297,,178,176,4
2035,3,23,16,3.6,57,3.8,9.1,320,,238,184,129
2035,3,23,17,2.6,57.7,3.9,10.8,328,,60,60,0
2035,3,23,18,2,60.6,3.2,7.5,336,,0,0,0
2035,3,23,19,1.7,59.7,2.7,6.4,336,,0,0,0
2035,3,23,20,1.4,61,2.2,5.6,341,,0,0,0
2035,3,23,21,0.8,57.4,2.3,5.5,355,,0,0,0
2035,3,23,22,0.5,52.8,2.4,5.7,2,,0,0,0
2035,3,23,23,0.4,51.3,1.7,3.8,17,,0,0,0
2035,3,24,0,0.5,49.7,1.4,2.9,21,,0,0,0
2035,3,24,1,0,57.2,1.8,3.7,19,,0,0,0
2035,3,24,2,-0.1,59.4,2.1,4,17,,0,0,0
2035,3,24,3,-0.4,63.6,2,3.6,15,,0,0,0
2035,3,24,4,-0.6,66.8,1.8,3.1,16,,0,0,0
2035,3,24,5,-0.8,68.8,2.3,3.8,15,,0,0,0
2035,3,24,6,-0.7,67.6,2,3.5,11,,49,0,0
2035,3,24,7,-0.1,66.9,1.3,3.1,276,,184,52,167
2035,3,24,8,0.2,68.1,1.5,3.5,250,,218,118,333
2035,3,24,9,1.1,64.1,2.6,6.5,257,,439,148,636
2035,3,24,10,1.2,61.9,4.2,10.2,260,,273,237,61
2035,3,24,11,0.6,77.3,4.2,8.9,266,,159,159,0
2035,3,24,12,1.2,76.6,3,7.7,270,,103,103,0
2035,3,24,13,2.4,62.8,3.7,7.9,259,,208,206,3
2035,3,24,14,2.5,67.8,3.3,8.4,254,,163,163,0
2035,3,24,15,2.9,61.6,3.5,9.3,250,,129,129,0
2035,3,24,16,2.6,66.8,3.4,8.5,258,,56,56,0
2035,3,24,17,2.7,62.2,3.4,8.4,256,,10,10,0
2035,3,24,18,2.2,73,3.3,8.4,252,,0,0,0
2035,3,24,19,2.1,83.9,3.3,7.8,267,,0,0,0
2035,3,24,20,2.4,79.5,1.8,9.3,248,,0,0,0
2035,3,24,21,2.5,82.7,4,9.2,261,,0,0,0
2035,3,24,22,2.5,85.6,3.4,7.1,268,,0,0,0
2035,3,24,23,2.5,84.1,3.8,9.6,268,,0,0,0
2035,3,25,0,2.6,85.2,4.1,8.6,274,,0,0,0
2035,3,25,1,2.7,86.3,3.4,7.7,277,,0,0,0
2035,3,25,2,2.8,85.4,3.9,9.1,283,,0,0,0
2035,3,25,3,2.9,84.1,3.7,9,276,,0,0,0
2035,3,25,4,2.4,82.3,3.1,7.3,298,,0,0,0
2035,3,25,5,1.6,63.8,1.9,6.3,301,,0,0,0
2035,3,25,6,1.2,61.1,1.1,4.7,343,,24,0,0
2035,3,25,7,1.6,58.9,2.1,5.1,293,,97,37,433
2035,3,25,8,2.4,58,3.5,7.9,275,,388,98,515
2035,3,25,9,3,55,3.4,7,263,,329,211,254
2035,3,25,10,3.6,55.9,3.8,8.7,267,,543,175,628
2035,3,25,11,4.5,53.3,3.8,8.7,263,,624,199,635
2035,3,25,12,5.2,45.6,3.3,7.2,252,,619,237,537
2035,3,25,13,5.2,42.4,3.4,7.7,261,,331,305,36
2035,3,25,14,5.4,45.6,4.3,9,265,,297,294,4
2035,3,25,15,5.2,54.9,4.5,9.2,262,,231,219,21
2035,3,25,16,4.5,62.9,4.4,10.5,266,,98,98,0
2035,3,25,17,4.7,61.8,3.8,9.7,253,,20,20,0
2035,3,25,18,4.6,62.2,3.4,8.3,255,,0,0,0
2035,3,25,19,4.5,65.5,2.8,6.8,253,,0,0,0
2035,3,25,20,4.4,66.2,2.9,7.2,258,,0,0,0
2035,3,25,21,4.5,60.3,1.5,4.9,242,,0,0,0
2035,3,25,22,4.3,63.5,2.1,5.5,258,,0,0,0
2035,3,25,23,4.1,70.1,2.2,6,246,,0,0,0
2035,3,26,0,3.7,75,2.1,4.4,270,,0,0,0
2035,3,26,1,3.5,79.3,0.8,3.5,135,,0,0,0
2035,3,26,2,3.2,84.2,0.7,1.9,59,,0,0,0
2035,3,26,3,3.3,81,1.3,3.5,309,,0,0,0
2035,3,26,4,3.5,78.9,1,2.5,333,,0,0,0
2035,3,26,5,3.8,76.6,1.2,2.1,24,,0,0,0
2035,3,26,6,4.1,75.9,1.1,1.9,27,,27,0,0
2035,3,26,7,4.4,75.4,1.9,4.8,298,,108,62,314
2035,3,26,8,4.6,72.5,1.6,4,254,,198,138,191
2035,3,26,9,5.2,68.9,1,2.7,193,,396,175,472
2035,3,26,10,6.3,62.3,1,3.4,194,,608,154,770
2035,3,26,11,7.3,54.3,1.4,3.7,188,,669,190,708
2035,3,26,12,8.6,49.5,1.4,3.4,193,,675,237,613
2035,3,26,13,9.3,46.7,1.4,3.5,180,,571,358,300
2035,3,26,14,9.9,44.2,1.2,3.1,195,,484,289,296
2035,3,26,15,9.8,47.2,1.2,3,153,,137,137,0
2035,3,26,16,8.6,50.7,0.7,1.9,129,,50,50,0
2035,3,26,17,8.8,49,0.7,2.2,113,,20,20,0
2035,3,26,18,8.7,51.5,0.6,3,90,,0,0,0
2035,3,26,19,8.6,51.6,1.4,3,27,,0,0,0
2035,3,26,20,8.3,52.3,1.4,2.8,25,,0,0,0
2035,3,26,21,8.1,54.1,1.5,2.5,25,,0,0,0
2035,3,26,22,8.1,58.3,1.1,5.3,270,,0,0,0
2035,3,26,23,7.6,71.2,2,5.6,276,,0,0,0
2035,3,27,0,7.3,82.5,2.7,6.3,262,,0,0,0
2035,3,27,1,7.1,83.4,1.2,4.7,238,,0,0,0
2035,3,27,2,6.7,75.3,3,9.6,229,,0,0,0
2035,3,27,3,6.4,69.5,2.8,8.4,235,,0,0,0
2035,3,27,4,6.6,67.1,2.3,7.3,236,,0,0,0
2035,3,27,5,6.6,68.9,3.4,8,254,,0,0,0
2035,3,27,6,6.1,77.2,3.3,8.6,272,,3,0,0
2035,3,27,7,6.1,78.9,3.2,7.2,263,,69,44,169
2035,3,27,8,6.8,70.4,3.3,10.5,249,,307,117,592
2035,3,27,9,7.1,63.7,3.7,8.4,250,,570,156,598
2035,3,27,10,7.4,54.8,3.7,7.6,259,,369,267,170
2035,3,27,11,8.1,46.9,3.4,7.3,254,,779,249,620
2035,3,27,12,8.8,40.5,3.4,6.6,247,,755,160,827
2035,3,27,13,9.4,36.8,3.2,7.1,265,,711,214,695
2035,3,27,14,9.9,35.3,3.2,7.8,270,,608,218,588
2035,3,27,15,9.7,35.8,3.3,8.3,274,,434,269,291
2035,3,27,16,9.2,34.4,2.3,6.6,280,,120,120,0
2035,3,27,17,9.2,34.3,1.9,6.1,267,,36,36,0
2035,3,27,18,8,43.5,2,4.2,351,,1,0,0
2035,3,27,19,7.1,46.3,2.1,4.4,18,,0,0,0
2035,3,27,20,6.6,49,2.3,5.1,18,,0,0,0
2035,3,27,21,6.4,51.6,1.5,3.9,16,,0,0,0
2035,3,27,22,6.1,53.5,1.6,3,18,,0,0,0
2035,3,27,23,5.9,55.7,1.8,3.2,16,,0,0,0
2035,3,28,0,5.8,58.1,1.8,3.9,19,,0,0,0
2035,3,28,1,4.9,62.2,2.1,3.8,19,,0,0,0
2035,3,28,2,4.5,62.7,1.9,3.7,21,,0,0,0
2035,3,28,3,4.3,61.8,1.9,3.7,25,,0,0,0
2035,3,28,4,4.1,65.4,2,3.6,29,,0,0,0
2035,3,28,5,3.8,69.2,1.9,3.5,25,,1,0,0
2035,3,28,6,4.2,70.3,1.6,3,22,,85,0,0
2035,3,28,7,4.7,57,0.7,3.9,153,,269,56,264
2035,3,28,8,5.6,54.2,1.5,3.9,164,,452,78,606
2035,3,28,9,6.3,59.8,1.6,3.8,157,,606,78,765
2035,3,28,10,7.6,54.1,1.4,3.7,189,,723,121,767
2035,3,28,11,8.1,53.1,2,4.4,156,,710,151,816
2035,3,28,12,8.8,46.1,1.2,3.9,198,,719,223,684
2035,3,28,13,10.1,41,2,4.5,246,,638,233,563
2035,3,28,14,10.8,34.2,1.5,5.1,214,,386,307,120
2035,3,28,15,10,38.5,0.8,3.8,173,,156,156,0
2035,3,28,16,9.8,43.1,1.2,4,146,,62,62,0
2035,3,28,17,9.6,45.5,0.5,2.1,162,,21,21,0
2035,3,28,18,10.3,44.7,0.9,5.8,288,,0,0,0
2035,3,28,19,10.1,46.5,1.5,4.3,278,,0,0,0
2035,3,28,20,9.8,54.7,2.5,7.3,272,,0,0,0
2035,3,28,21,9.4,60.7,3.5,8.9,285,,0,0,0
2035,3,28,22,9.4,66.3,3.8,10,287,,0,0,0
2035,3,28,23,9.2,75.4,2.7,7.6,283,,0,0,0
2035,3,29,0,9.6,74.6,2.7,6.5,279,,0,0,0
2035,3,29,1,9.6,69.2,3.2,7.7,281,,0,0,0
2035,3,29,2,9.2,68.1,3.6,7.9,264,,0,0,0
2035,3,29,3,8.7,63.1,2.1,6.4,281,,0,0,0
2035,3,29,4,8.2,65.5,2.1,5,301,,0,0,0
2035,3,29,5,7.8,65.3,1.5,3.3,318,,1,0,0
2035,3,29,6,7.5,67,1.5,3.8,335,,51,0,0
2035,3,29,7,8.1,67.4,2.3,5.5,272,,264,50,323
2035,3,29,8,8.7,61,3,6.2,262,,448,75,620
2035,3,29,9,9.6,51.6,2.2,5.4,257,,603,79,767
2035,3,29,10,10.5,46.8,2.2,5,235,,713,159,708
2035,3,29,11,11.2,46.1,1.3,4.1,203,,771,210,813
2035,3,29,12,12.2,43.8,1.6,3.7,198,,770,150,850
2035,3,29,13,12.5,41.3,1.9,4.1,158,,713,214,689
2035,3,29,14,14,32.2,1.3,3.4,184,,601,287,468
2035,3,29,15,14.3,25.1,1.1,2.6,195,,430,278,264
2035,3,29,16,13.8,31.9,1,2.7,151,,220,190,70
2035,3,29,17,13.4,37.7,0.7,2,153,,84,84,0
2035,3,29,18,12.4,42.9,0.8,2.1,39,,1,0,0
2035,3,29,19,12,41.1,1.5,2.5,27,,0,0,0
2035,3,29,20,11.3,44.3,1.5,3,32,,0,0,0
2035,3,29,21,10.6,48.8,1.9,2.8,25,,0,0,0
2035,3,29,22,10.2,51.4,1.2,2.7,20,,0,0,0
2035,3,29,23,9.6,54.9,1.6,2.7,8,,0,0,0
2035,3,30,0,9.9,50.2,1.9,3.6,25,,0,0,0
2035,3,30,1,9.3,51.3,1.8,3.8,14,,0,0,0
2035,3,30,2,8.9,52.1,1.5,3,32,,0,0,0
2035,3,30,3,8,57.6,1.3,4.9,20,,0,0,0
2035,3,30,4,9.1,46.4,1,2.2,45,,0,0,0
2035,3,30,5,7.2,56.2,1,2.8,18,,1,0,0
2035,3,30,6,7.1,56.4,1.2,3.1,40,,94,0,0
2035,3,30,7,8.8,55.3,0.8,2.1,144,,276,51,338
2035,3,30,8,10.3,57.2,0.8,2.1,187,,449,75,631
2035,3,30,9,11.6,49.8,0.9,2.9,194,,596,116,695
2035,3,30,10,12.8,41.7,1.1,2.9,212,,640,126,841
2035,3,30,11,14.2,30,0.7,2.9,219,,671,204,672
2035,3,30,12,14.9,29.8,0.7,2.9,207,,576,380,268
2035,3,30,13,16.7,29.8,1,2.8,164,,586,371,296
2035,3,30,14,17.3,28.3,0.8,3.3,162,,423,324,146
2035,3,30,15,17.4,29.4,1.3,5,250,,300,251,83
2035,3,30,16,16.8,32.9,1.3,4.1,279,,80,80,0
2035,3,30,17,16,38.4,2.1,6.4,287,,20,20,0
2035,3,30,18,15.5,41.4,2.3,5.3,291,,0,0,0
2035,3,30,19,14.9,43.2,2.4,9.2,261,,0,0,0
2035,3,30,20,14,49.3,3.4,9.9,260,,0,0,0
2035,3,30,21,12.6,58.1,4.5,12.4,269,,0,0,0
2035,3,30,22,10.6,74.3,2.5,6.4,261,,0,0,0
2035,3,30,23,9.7,79.1,2.3,6.1,278,,0,0,0
2035,3,31,0,9.2,75.6,2.7,6.4,288,,0,0,0
2035,3,31,1,9,78.8,2.5,5.3,291,,0,0,0
2035,3,31,2,8.5,82.6,2.4,5.5,287,,0,0,0
2035,3,31,3,8.3,82.3,1.8,4.3,289,,0,0,0
2035,3,31,4,8.3,85.2,1.5,3.3,254,,0,0,0
2035,3,31,5,7.8,84.4,1.5,4,259,,0,0,0
2035,3,31,6,7.7,83.4,1.1,3.4,248,,11,0,0
2035,3,31,7,7.5,82,0.2,1,0,,83,58,141
2035,3,31,8,7.7,79.8,0.4,1.7,225,,131,126,13
2035,3,31,9,8.7,80.9,1.3,2.4,209,,187,185,3
2035,3,31,10,8.6,81.2,1.6,4.3,278,,162,162,0
2035,3,31,11,9.2,77.7,1.5,3.7,228,,177,177,0
2035,3,31,12,9.1,81.7,1.2,3.8,160,,234,232,3
2035,3,31,13,8.6,84.3,0.8,2.1,214,,155,155,0
2035,3,31,14,8.8,81.9,0.9,2.4,229,,135,135,0
2035,3,31,15,9.1,80.2,0.6,1.6,225,,146,146,0
2035,3,31,16,9.3,78.8,0.7,1.9,204,,84,84,0
2035,3,31,17,9.4,78.8,0.6,1.8,168,,31,31,0
2035,3,31,18,9.3,80,0.7,1.9,172,,0,0,0
2035,3,31,19,9.2,80.6,0.7,1.9,141,,0,0,0
2035,3,31,20,9.2,79.8,0.8,2,125,,0,0,0
2035,3,31,21,9.4,78.2,1,2.2,109,,0,0,0
2035,3,31,22,9.4,76.5,1.1,2.4,77,,0,0,0
2035,3,31,23,9.6,73.8,1.2,2.5,69,,0,0,0
2035,4,1,0,9.8,70.6,1.3,2.7,52,,0,0,0
2035,4,1,1,10,67.5,1.3,2.7,34,,0,0,0
2035,4,1,2,10,65.3,1.3,2.8,46,,0,0,0
2035,4,1,3,10.1,62.9,1.2,2.8,68,,0,0,0
2035,4,1,4,10.1,61.5,1,2.7,89,,0,0,0
2035,4,1,5,10,61.3,0.9,2.7,104,,3,0,0
2035,4,1,6,10,60.2,0.7,2.8,171,,74,0,0
2035,4,1,7,10.1,60.8,0.9,3.1,170,,142,66,434
2035,4,1,8,10.3,62.8,1.4,3.6,126,,297,91,595
2035,4,1,9,10.7,60.6,0.8,3.1,150,,353,221,265
2035,4,1,10,11.4,59.5,1,2.9,148,,315,270,73
2035,4,1,11,12.8,50.6,1.4,3.6,211,,433,314,170
2035,4,1,12,12.4,54.9,1.1,3.2,234,,197,194,5
2035,4,1,13,11.9,65.2,2,5.2,279,,194,193,1
2035,4,1,14,11.7,67.1,1.8,5.5,238,,207,203,6
2035,4,1,15,11.2,74.5,1.5,6.5,300,,29,29,0
2035,4,1,16,11.3,84.2,1,4.1,288,,18,18,0
2035,4,1,17,11.5,80.6,0.6,2.2,68,,30,30,0
2035,4,1,18,11.3,80,1,2.8,63,,2,0,0
2035,4,1,19,11.3,80.1,1.3,3,45,,0,0,0
2035,4,1,20,11.4,80,1.7,3.1,24,,0,0,0
2035,4,1,21,11.2,82.4,1.2,3.1,301,,0,0,0
2035,4,1,22,9.7,86.5,1.4,5,132,,0,0,0
2035,4,1,23,9.7,81.3,1.2,4.2,84,,0,0,0
2035,4,2,0,10.1,78.8,1.1,2.9,27,,0,0,0
2035,4,2,1,10,78.6,1.1,2.2,17,,0,0,0
2035,4,2,2,9.5,82.6,1.6,2.8,18,,0,0,0
2035,4,2,3,9.1,82.2,1.6,2.7,22,,0,0,0
2035,4,2,4,8.7,82.6,1.4,2.5,42,,0,0,0
2035,4,2,5,8.6,83.2,1.8,4,25,,3,0,0
2035,4,2,6,9.4,78.3,1.3,2.7,29,,103,0,0
2035,4,2,7,9.7,79.3,0.9,2.4,186,,248,51,367
2035,4,2,8,9.9,79.2,1.1,3.3,166,,455,69,642
2035,4,2,9,11.1,74.5,1.4,3.4,180,,594,83,746
2035,4,2,10,12,67.3,0.9,2.8,207,,606,147,735
2035,4,2,11,12.6,67.4,1.3,3.8,180,,537,327,298
2035,4,2,12,13.2,62.3,0.7,3.1,214,,282,269,17
2035,4,2,13,13.1,61.9,0.8,3,252,,173,172,1
2035,4,2,14,13.8,53.9,0.8,3.3,262,,149,149,0
2035,4,2,15,12.2,67.7,3.2,9.6,311,,105,105,0
2035,4,2,16,12.6,63.2,1.4,3.8,283,,54,54,0
2035,4,2,17,11.8,72.3,1.5,4.6,291,,1,0,0
2035,4,2,18,11,80.3,1,3,106,,0,0,0
2035,4,2,19,10.9,81.2,1,2.7,36,,0,0,0
2035,4,2,20,10.7,81.2,1.1,2.5,49,,0,0,0
2035,4,2,21,10.7,79.2,0.6,3,207,,0,0,0
2035,4,2,22,10.6,80.5,1,2.1,37,,0,0,0
2035,4,2,23,10.3,84.2,1.6,6.1,286,,0,0,0
2035,4,3,0,9.6,83.5,2.2,9.9,288,,0,0,0
2035,4,3,1,8.9,80,2.9,8.8,316,,0,0,0
2035,4,3,2,9.6,76.7,2.2,4.6,307,,0,0,0
2035,4,3,3,8.7,80.8,2.9,10,282,,0,0,0
2035,4,3,4,8.6,79.8,1.5,5.3,288,,0,0,0
2035,4,3,5,8.6,78.4,2.1,6.7,289,,2,0,0
2035,4,3,6,8.6,77.3,2,4.3,285,,77,0,0
2035,4,3,7,8.2,68.8,1.4,4.4,274,,128,59,369
2035,4,3,8,8.5,64.2,2.2,5.3,257,,316,75,677
2035,4,3,9,9.5,56.2,2.7,6.6,242,,615,136,646
2035,4,3,10,10.3,46.1,3.2,6.8,256,,694,201,784
2035,4,3,11,11.2,41,3.3,6.4,250,,802,190,700
2035,4,3,12,11.5,38.9,2.8,6.4,251,,792,237,740
2035,4,3,13,11.6,40.5,2.6,6.5,245,,364,315,67
2035,4,3,14,12.1,37.8,3.1,6.1,257,,514,292,322
2035,4,3,15,11.6,43.5,1.6,6.3,187,,145,145,0
2035,4,3,16,11.3,46.2,1.4,5.9,305,,133,133,0
2035,4,3,17,11,46.7,2.1,6.2,283,,55,55,0
2035,4,3,18,10.2,52.6,1,3.4,56,,2,0,0
2035,4,3,19,9.2,61,1.4,3.6,21,,0,0,0
2035,4,3,20,8.7,59.2,2.2,5,21,,0,0,0
2035,4,3,21,8.5,60.5,1.9,3.5,21,,0,0,0
2035,4,3,22,7.8,62.9,1.8,4.3,22,,0,0,0
2035,4,3,23,7,66.4,2.4,4.6,15,,0,0,0
2035,4,4,0,6.8,66.5,2.2,4.3,16,,0,0,0
2035,4,4,1,7.1,64.4,1.9,3.7,15,,0,0,0
2035,4,4,2,6.5,66.8,1.9,3.5,21,,0,0,0
2035,4,4,3,5.8,71.1,2.2,3.9,18,,0,0,0
2035,4,4,4,5.9,67.8,2,3.9,28,,0,0,0
2035,4,4,5,5.6,64.5,1.5,3.2,28,,3,0,0
2035,4,4,6,5.9,64.8,1.2,4.4,104,,126,0,0
2035,4,4,7,6.4,70.4,0.8,2.7,150,,308,53,393
2035,4,4,8,7.4,62.1,1,2.4,198,,482,69,654
2035,4,4,9,8.2,59.1,1.1,3.7,174,,626,81,756
2035,4,4,10,10,50.3,1.2,2.9,197,,715,167,686
2035,4,4,11,10.4,47.9,1.5,3.5,193,,760,135,873
2035,4,4,12,12.2,45,1.4,3.3,184,,756,176,768
2035,4,4,13,12.1,46.2,1.4,3.4,216,,703,232,630
2035,4,4,14,13.9,37,1.3,3.7,198,,586,240,497
2035,4,4,15,14.3,31.7,0.8,2.4,198,,450,280,284
2035,4,4,16,14.5,28.3,0.9,2.1,210,,258,198,130
2035,4,4,17,14.1,27.9,0.2,1.4,180,,39,39,0
2035,4,4,18,13,34.7,0.4,1.7,135,,0,0,0
2035,4,4,19,12.6,43.4,0.9,2.5,76,,0,0,0
2035,4,4,20,11.8,40.3,0.9,2.4,333,,0,0,0
2035,4,4,21,11.3,42.9,0.9,2.5,81,,0,0,0
2035,4,4,22,10.6,55.1,0.8,2.7,360,,0,0,0
2035,4,4,23,9.3,73.6,1.8,4,24,,0,0,0
2035,4,5,0,9,79.7,2.5,5.9,21,,0,0,0
2035,4,5,1,8.7,79,1.7,5,33,,0,0,0
2035,4,5,2,7.9,80.5,2.5,5.6,14,,0,0,0
2035,4,5,3,7.4,80.4,2.9,7.4,14,,0,0,0
2035,4,5,4,6.8,79.6,1.8,7.1,32,,0,0,0
2035,4,5,5,7.1,81.4,1.4,4.4,17,,0,0,0
2035,4,5,6,7.1,85.2,0.7,3,90,,1,0,0
2035,4,5,7,7.5,81.3,0.7,2.5,56,,15,15,0
2035,4,5,8,7.9,81.4,0.8,5.8,135,,29,29,0
2035,4,5,9,8.4,81.6,1.2,3.3,107,,35,35,0
2035,4,5,10,7.6,84.2,1,3.4,146,,33,33,0
2035,4,5,11,7.5,85.3,1.1,2.9,135,,48,48,0
2035,4,5,12,7.2,83.9,1.1,6.1,108,,19,19,0
2035,4,5,13,5.8,80.7,3.5,8.7,18,,28,28,0
2035,4,5,14,5.5,79.4,1.5,6.4,32,,31,31,0
2035,4,5,15,4.6,77.8,3.2,10.1,21,,26,26,0
2035,4,5,16,3.9,77.8,4,10.6,37,,13,13,0
2035,4,5,17,3.5,78.8,3.9,11.3,22,,4,4,0
2035,4,5,18,3.4,78.5,3,9.6,30,,0,0,0
2035,4,5,19,3.2,78.2,3.4,9.8,11,,0,0,0
2035,4,5,20,3,78.3,3.6,11.6,37,,0,0,0
2035,4,5,21,2.9,77.3,4.3,10.9,37,,0,0,0
2035,4,5,22,2.9,76.6,4.1,13.4,35,,0,0,0
2035,4,5,23,2.7,76.6,4.4,12.5,43,,0,0,0
2035,4,6,0,2.4,76.7,3.8,10.9,40,,0,0,0
2035,4,6,1,2.1,76.5,3.4,12.7,40,,0,0,0
2035,4,6,2,1.9,75.8,2.6,12.9,67,,0,0,0
2035,4,6,3,1.9,74.8,0.9,6.7,45,,0,0,0
2035,4,6,4,1.9,75.3,1.5,7.4,45,,0,0,0
2035,4,6,5,1.6,76,2.4,8.8,34,,4,0,0
2035,4,6,6,1.5,76.9,3.3,9.8,38,,95,4,0
2035,4,6,7,2.1,73.4,3.5,8.3,36,,322,66,361
2035,4,6,8,2.9,70.6,2.8,8,30,,503,71,660
2035,4,6,9,3.6,68.3,2.6,8.1,45,,648,82,759
2035,4,6,10,4.2,66.2,2.7,9.5,41,,746,177,674
2035,4,6,11,5.5,62.2,2.9,8.7,39,,799,210,811
2035,4,6,12,6.5,58.5,3.2,9.3,36,,685,336,457
2035,4,6,13,7.2,56.5,2.9,8,27,,610,299,413
2035,4,6,14,7.2,57.6,2.7,7.8,51,,262,251,16
2035,4,6,15,6.7,56.8,2.6,7.2,36,,196,195,1
2035,4,6,16,7.1,57,2.2,6.8,39,,162,159,7
2035,4,6,17,6.8,58.4,2.5,6.4,32,,41,41,0
2035,4,6,18,6.2,60.1,2.5,6.1,30,,4,4,0
2035,4,6,19,5.5,60.6,2.9,6.9,25,,0,0,0
2035,4,6,20,5.3,61,2.6,5.9,21,,0,0,0
2035,4,6,21,5.5,60.1,2.3,6.2,20,,0,0,0
2035,4,6,22,5.4,61.4,0.5,3.2,360,,0,0,0
2035,4,6,23,5,64,0.7,2.8,8,,0,0,0
2035,4,7,0,4.9,65.4,1,2.4,29,,0,0,0
2035,4,7,1,4.6,69.6,1.6,3.2,32,,0,0,0
2035,4,7,2,4.4,70.9,1.3,2.8,32,,0,0,0
2035,4,7,3,4.5,70.6,1,2,72,,0,0,0
2035,4,7,4,4.1,73.3,1.1,2.2,68,,0,0,0
2035,4,7,5,3.9,72.5,1,2.2,53,,8,0,0
2035,4,7,6,4,71.8,0.8,2.1,40,,60,6,0
2035,4,7,7,4.5,69.9,0.7,2.6,207,,123,81,199
2035,4,7,8,5.2,66.7,0.9,2.7,225,,259,155,274
2035,4,7,9,6.2,64.4,1.3,3.1,198,,621,141,652
2035,4,7,10,7.1,61.7,1.5,3.5,209,,729,176,679
2035,4,7,11,7.8,60.6,1.4,3.5,168,,778,137,878
2035,4,7,12,8.7,56.7,1.6,3.5,165,,783,162,808
2035,4,7,13,10,52.4,1.3,3.6,180,,730,220,670
2035,4,7,14,10.4,48.5,1.3,2.9,162,,627,300,464
2035,4,7,15,12,35.1,1.1,2.8,180,,487,276,347
2035,4,7,16,11.3,33,1,2.5,180,,297,210,184
2035,4,7,17,11,34,0.4,1.4,180,,115,114,6
2035,4,7,18,10.3,27.8,0.9,3,30,,6,6,0
2035,4,7,19,10,37.2,2,3.7,20,,0,0,0
2035,4,7,20,9.2,49.3,1.9,3.5,22,,0,0,0
2035,4,7,21,8.3,47.1,1.9,3.5,21,,0,0,0
2035,4,7,22,7.6,53,1.9,3.5,24,,0,0,0
2035,4,7,23,7.2,53.8,1.8,3,34,,0,0,0
2035,4,8,0,6.7,60.6,1.7,3,33,,0,0,0
2035,4,8,1,6.8,66.2,2,3.3,37,,0,0,0
2035,4,8,2,6.8,65.9,1.4,2.8,32,,0,0,0
2035,4,8,3,6.6,70.2,1.7,2.8,33,,0,0,0
2035,4,8,4,6.4,70.7,1.7,3.3,28,,0,0,0
2035,4,8,5,6.4,71.1,1.5,3.1,42,,8,0,0
2035,4,8,6,6.6,74.6,0.8,2,51,,134,7,0
2035,4,8,7,7.4,73.2,0.9,2.2,173,,307,56,437
2035,4,8,8,8.4,65.6,0.9,2.6,174,,476,71,670
2035,4,8,9,9.2,59.3,1.3,3,171,,620,126,682
2035,4,8,10,11.1,50.7,1.2,3.8,202,,726,208,793
2035,4,8,11,12.5,45.4,1.4,6.1,231,,757,140,840
2035,4,8,12,13.9,37.4,2.5,6.4,253,,741,223,671
2035,4,8,13,15.3,29.7,3,7.2,255,,663,345,415
2035,4,8,14,16.3,28.2,3,6.5,260,,541,351,267
2035,4,8,15,16.9,30.9,2.2,7.3,231,,518,214,496
2035,4,8,16,17,31.3,4.5,10.6,261,,262,210,109
2035,4,8,17,16.5,30.8,3,8.9,258,,74,74,0
2035,4,8,18,15.7,34.4,1.9,5.8,248,,7,7,0
2035,4,8,19,14.9,40.6,0.8,3.4,281,,0,0,0
2035,4,8,20,14.5,42.4,0.6,3.1,301,,0,0,0
2035,4,8,21,14,48.8,3.1,7.8,274,,0,0,0
2035,4,8,22,13.7,54.1,2.6,6,263,,0,0,0
2035,4,8,23,13.5,57.6,2.9,6.6,262,,0,0,0
2035,4,9,0,13.2,60.4,2.6,9.3,261,,0,0,0
2035,4,9,1,12.5,67.1,2.9,7.6,282,,0,0,0
2035,4,9,2,11.9,76.2,2.2,6.4,321,,0,0,0
2035,4,9,3,12,74.7,1.7,4,300,,0,0,0
2035,4,9,4,11.7,74.9,2.1,8.9,291,,0,0,0
2035,4,9,5,11.4,74.8,0.7,3.3,323,,0,0,0
2035,4,9,6,11.5,76.2,0.9,2.1,27,,25,25,0
2035,4,9,7,12.2,72.1,1.3,2.6,17,,93,80,60
2035,4,9,8,12.5,68.9,0.6,2,360,,86,86,0
2035,4,9,9,12.1,72.5,1.3,3,329,,93,93,0
2035,4,9,10,12.3,72.8,0.6,2.6,326,,142,142,0
2035,4,9,11,11.8,77.6,1.9,6.6,335,,128,128,0
2035,4,9,12,11.4,80,1.6,4.7,4,,109,109,0
2035,4,9,13,11,81.2,1.7,5,12,,50,50,0
2035,4,9,14,10.8,81.8,1.8,6.2,353,,30,30,0
2035,4,9,15,9.8,80.6,2.9,6.3,18,,24,24,0
2035,4,9,16,9.6,79.8,2.4,6.2,19,,20,20,0
2035,4,9,17,9.1,81.5,1.6,5.6,338,,1,0,0
2035,4,9,18,8.6,81.6,1.1,5.1,39,,0,0,0
2035,4,9,19,8.1,82.8,1.4,4.7,9,,0,0,0
2035,4,9,20,8,83.1,2.7,5.5,10,,0,0,0
2035,4,9,21,6.2,82.9,3.9,12,11,,0,0,0
2035,4,9,22,6.5,82.4,2.4,7,25,,0,0,0
2035,4,9,23,7,85.6,0.7,3.6,288,,0,0,0
2035,4,10,0,7,84.5,0.7,1.9,344,,0,0,0
2035,4,10,1,6.5,82.6,1,2.9,45,,0,0,0
2035,4,10,2,6.6,85.1,1.5,4.2,103,,0,0,0
2035,4,10,3,6.3,87.5,0.9,3,135,,0,0,0
2035,4,10,4,6.6,86.5,0.4,1.6,90,,0,0,0
2035,4,10,5,7,85.6,0.8,3.8,304,,0,0,0
2035,4,10,6,7.7,84,0.6,2.7,360,,3,3,0
2035,4,10,7,7.7,84.8,1,2.4,158,,20,20,0
2035,4,10,8,7.4,86.5,0.4,1.5,214,,32,32,0
2035,4,10,9,7.3,82.6,1.5,4.3,290,,81,81,0
2035,4,10,10,6.3,81.8,2,4.6,303,,101,101,0
2035,4,10,11,6.3,80.6,1.1,4.2,311,,88,88,0
2035,4,10,12,6,80.8,1.5,4,315,,88,88,0
2035,4,10,13,5.1,80.7,1.6,4.7,328,,71,71,0
2035,4,10,14,4.5,83.2,2.1,4.6,325,,51,51,0
2035,4,10,15,3.7,85.4,1.6,3.7,317,,27,27,0
2035,4,10,16,3.5,86.2,1.4,3,290,,12,12,0
2035,4,10,17,2.7,88.5,1.4,3.3,270,,8,8,0
2035,4,10,18,2.8,87.3,0.4,2.3,270,,0,0,0
2035,4,10,19,3.3,85.7,0.8,2.1,252,,0,0,0
2035,4,10,20,3.6,81.9,0.5,3,90,,0,0,0
2035,4,10,21,3.7,81.1,0.5,2.2,180,,0,0,0
2035,4,10,22,3.6,81.5,0.8,3.9,337,,0,0,0
2035,4,10,23,3.7,81.3,1.2,4.6,360,,0,0,0
2035,4,11,0,3.4,79.9,2.6,7.8,2,,0,0,0
2035,4,11,1,3.5,80.5,1.5,6.2,16,,0,0,0
2035,4,11,2,3.5,80.7,0.6,3.2,315,,0,0,0
2035,4,11,3,3.5,77.1,0.8,4.8,315,,0,0,0
2035,4,11,4,3.3,78.8,1.3,5.3,360,,0,0,0
2035,4,11,5,3.4,74.9,1.3,4.6,23,,6,0,0
2035,4,11,6,3.7,73.1,1.7,5.2,31,,85,14,0
2035,4,11,7,4.2,71.7,2,5.8,24,,366,59,460
2035,4,11,8,5,69.9,2.3,6.7,34,,555,74,675
2035,4,11,9,5.7,63.5,2.4,7.6,33,,615,86,763
2035,4,11,10,6.6,59.1,2.8,7.9,52,,820,148,731
2035,4,11,11,6.6,59.5,3.1,8,45,,751,233,692
2035,4,11,12,6.3,61.9,3.4,8.6,68,,499,348,193
2035,4,11,13,7.6,54.5,3.5,9.7,50,,800,309,634
2035,4,11,14,7.9,47.2,2.3,7.6,45,,417,328,122
2035,4,11,15,8.1,43,2.4,5.2,65,,252,251,3
2035,4,11,16,6.9,51.8,2,5.7,99,,113,113,0
2035,4,11,17,6.3,52.5,1.4,3.3,113,,36,36,0
2035,4,11,18,5.9,51.5,1.4,3.6,29,,8,8,0
2035,4,11,19,5.6,50.4,2.7,4.7,13,,0,0,0
2035,4,11,20,5.2,51.6,2.1,4.2,23,,0,0,0
2035,4,11,21,4.8,56.2,2.2,4.1,15,,0,0,0
2035,4,11,22,4.3,63.9,2,3.8,23,,0,0,0
2035,4,11,23,4.1,66.7,1.6,3.3,25,,0,0,0
2035,4,12,0,4.1,63.3,1.1,1.9,17,,0,0,0
2035,4,12,1,4,64.7,0.9,1.8,18,,0,0,0
2035,4,12,2,3.9,63.6,1,2,29,,0,0,0
2035,4,12,3,3.9,66.7,0.9,1.9,36,,0,0,0
2035,4,12,4,4,65.7,0.9,3.5,77,,0,0,0
2035,4,12,5,4.2,60.9,1.1,4.8,103,,3,0,0
2035,4,12,6,4.4,62.1,1.1,4.6,131,,40,40,0
2035,4,12,7,4.7,60.5,0.7,2.3,207,,56,56,0
2035,4,12,8,4.9,64,1.5,3.8,250,,98,98,0
2035,4,12,9,4.7,63,1.8,6.4,273,,148,148,0
2035,4,12,10,4.8,66.2,1.2,5.1,90,,288,286,4
2035,4,12,11,5.2,66.9,1.7,4.8,142,,252,249,4
2035,4,12,12,6,62.6,0.8,2.8,153,,309,295,17
2035,4,12,13,7.1,59.8,1,3,159,,454,358,122
2035,4,12,14,7.3,61.2,2.4,5.4,270,,282,268,19
2035,4,12,15,7.9,60.8,2.2,5.2,256,,372,271,160
2035,4,12,16,7.6,62.3,1.3,3.3,284,,120,120,0
2035,4,12,17,8.3,58.1,1,3.5,264,,133,125,23
2035,4,12,18,8,61.6,0.8,2.4,135,,7,7,0
2035,4,12,19,7.5,64.9,0.3,1.2,27,,0,0,0
2035,4,12,20,7.6,65,0.7,2.4,27,,0,0,0
2035,4,12,21,7.3,69,0.8,2,34,,0,0,0
2035,4,12,22,7.4,64,1.4,4.9,17,,0,0,0
2035,4,12,23,7.3,65.8,1.6,3.8,18,,0,0,0
2035,4,13,0,7.1,71.5,1.3,3.8,35,,0,0,0
2035,4,13,1,7.1,75.5,1.3,2.6,27,,0,0,0
2035,4,13,2,6.4,77.6,1.6,2.5,25,,0,0,0
2035,4,13,3,6,74.5,1.8,3.1,29,,0,0,0
2035,4,13,4,5.7,77.1,1.8,2.8,22,,0,0,0
2035,4,13,5,5.9,77.3,1.7,2.7,25,,13,0,0
2035,4,13,6,6.2,75.6,0.4,1.8,360,,109,19,0
2035,4,13,7,6.8,72.9,0.8,2.4,207,,284,95,333
2035,4,13,8,7.2,71.8,1.1,3.4,225,,264,159,256
2035,4,13,9,7.3,69.4,0.9,2.8,243,,184,177,12
2035,4,13,10,7.7,64.3,0.8,3.1,214,,201,200,2
2035,4,13,11,7.8,63.8,1.2,2.9,238,,148,148,0
2035,4,13,12,8.3,63.9,0.8,2.9,270,,147,147,0
2035,4,13,13,8.9,61.1,1,3.2,236,,147,147,0
2035,4,13,14,9.2,61.6,0.7,2.4,180,,133,133,0
2035,4,13,15,9.6,61.2,0.7,2.5,162,,94,94,0
2035,4,13,16,9.1,62.9,0.8,2.8,126,,55,55,0
2035,4,13,17,9,65.7,0.5,1.9,108,,16,16,0
2035,4,13,18,9.1,69.6,1,2,53,,2,0,0
2035,4,13,19,9.3,68.3,1.2,2.7,45,,0,0,0
2035,4,13,20,9,69.9,0.9,2.6,60,,0,0,0
2035,4,13,21,9.3,66.7,0.5,2.1,63,,0,0,0
2035,4,13,22,9.7,64.5,0.4,1.7,342,,0,0,0
2035,4,13,23,9.6,64.4,0.6,2.3,27,,0,0,0
2035,4,14,0,9.6,65.4,0.7,1.6,27,,0,0,0
2035,4,14,1,9.2,71.7,0.9,1.9,27,,0,0,0
2035,4,14,2,9.3,66.5,0.2,1.4,27,,0,0,0
2035,4,14,3,9.3,67,0.8,1.8,22,,0,0,0
2035,4,14,4,9.1,73,0.6,2,22,,0,0,0
2035,4,14,5,9.2,71,1,2.6,32,,8,0,0
2035,4,14,6,9.3,73.9,0.5,2.5,180,,83,22,0
2035,4,14,7,9.7,71,0.5,1.7,180,,181,76,427
2035,4,14,8,10.6,65.9,0.7,2.5,172,,303,148,376
2035,4,14,9,11.7,60.4,1.2,3,166,,552,132,747
2035,4,14,10,12.7,55.6,1.7,3.3,156,,765,167,708
2035,4,14,11,14.1,52,1.3,3.2,174,,812,134,890
2035,4,14,12,14.7,49.5,1.1,3.6,191,,805,163,806
2035,4,14,13,15.9,47,1.4,3.3,202,,745,226,659
2035,4,14,14,15.9,47.7,1.4,3.4,163,,611,267,470
2035,4,14,15,17.2,45.2,0.9,2.5,164,,491,265,356
2035,4,14,16,18.6,41.9,0.7,2,196,,271,215,112
2035,4,14,17,17.5,45.1,0.4,1.6,162,,109,109,0
2035,4,14,18,16.9,48.5,0.3,2,117,,24,24,0
2035,4,14,19,15.9,53.1,1.6,3.9,27,,0,0,0
2035,4,14,20,14.3,58.3,2.2,4,21,,0,0,0
2035,4,14,21,13.6,60.5,2.1,3.8,23,,0,0,0
2035,4,14,22,13.5,60,1.9,3.5,32,,0,0,0
2035,4,14,23,13,60.4,1,3.3,32,,0,0,0
2035,4,15,0,11.7,66.4,1.3,2.8,13,,0,0,0
2035,4,15,1,11.4,67.4,1.4,2.4,12,,0,0,0
2035,4,15,2,11.2,68.2,0.9,2.3,13,,0,0,0
2035,4,15,3,11.1,67.9,1.1,2.7,17,,0,0,0
2035,4,15,4,11,68.3,0.5,1.6,27,,0,0,0
2035,4,15,5,10.5,72.2,0.7,2.1,45,,13,0,0
2035,4,15,6,10.8,71,0.8,2.7,121,,117,25,0
2035,4,15,7,10.5,75.7,1.3,3.1,103,,140,91,193
2035,4,15,8,10.7,74.6,1.1,3.3,131,,148,141,17
2035,4,15,9,10.9,73.9,0.8,2.1,164,,158,157,1
2035,4,15,10,11,73.5,0.9,2.1,225,,61,61,0
2035,4,15,11,11.1,77.7,1,3.2,320,,64,64,0
2035,4,15,12,11.6,79.4,0.9,2.8,180,,200,199,1
2035,4,15,13,11.9,79.3,0.9,2.8,270,,132,132,0
2035,4,15,14,12.4,74.3,0.9,2.9,243,,101,101,0
2035,4,15,15,12.4,73.6,0.6,2.4,45,,82,82,0
2035,4,15,16,12.5,74.2,0.6,2.2,104,,23,23,0
2035,4,15,17,12.5,75.5,0.8,2.6,70,,4,4,0
2035,4,15,18,12.5,75.7,0.8,2.7,107,,0,0,0
2035,4,15,19,12.5,76.6,1,3.3,115,,0,0,0
2035,4,15,20,12.5,77.3,1.2,2.3,152,,0,0,0
2035,4,15,21,12.6,77.2,1.2,1.9,168,,0,0,0
2035,4,15,22,12.7,76.9,1.3,5.9,166,,0,0,0
2035,4,15,23,12.9,76.2,1.2,6,183,,0,0,0
2035,4,16,0,13.1,75.5,1.1,1.4,162,,0,0,0
2035,4,16,1,13.4,75,1,2.3,142,,0,0,0
2035,4,16,2,13.5,75,0.9,2.4,133,,0,0,0
2035,4,16,3,13.8,74.1,0.7,1,118,,0,0,0
2035,4,16,4,13.9,74.3,0.7,1.3,99,,3,0,0
2035,4,16,5,13.9,74.2,0.7,1.2,133,,4,0,0
2035,4,16,6,14.1,73.6,0.9,3.2,125,,26,26,0
2035,4,16,7,14.4,71.2,0.9,2.2,177,,109,100,35
2035,4,16,8,14.7,70,1.1,2.3,230,,180,174,14
2035,4,16,9,14.8,71.6,0.8,1.9,188,,261,242,34
2035,4,16,10,16.1,59.4,1.2,3.1,169,,449,309,204
2035,4,16,11,17.2,54.8,1.5,4.3,175,,711,302,532
2035,4,16,12,17.8,51.6,1.5,3.8,198,,637,366,337
2035,4,16,13,17.8,49.3,1.7,4,222,,342,318,30
2035,4,16,14,18.2,46.1,1.9,5.6,55,,213,209,6
2035,4,16,15,18.6,44.7,1.7,5,41,,246,241,7
2035,4,16,16,18.5,45.3,2,5.1,16,,180,178,4
2035,4,16,17,18.4,46,1.9,6.3,17,,134,133,4
2035,4,16,18,17.8,48.7,2,5.4,27,,74,67,41
2035,4,16,19,16.9,53,1.9,4.6,34,,6,6,0
2035,4,16,20,15.9,54.9,2.6,7.4,32,,3,0,0
2035,4,16,21,15.2,58.5,3.1,7.2,28,,0,0,0
2035,4,16,22,14.9,64.9,1.9,7.7,42,,0,0,0
2035,4,16,23,14.7,63.1,1.5,5.7,307,,0,0,0
2035,4,17,0,14.2,65,1.5,4,4,,0,0,0
2035,4,17,1,13.7,66.2,0.8,2.5,342,,0,0,0
2035,4,17,2,13.1,67.6,1.2,2.9,315,,0,0,0
2035,4,17,3,12.7,70,1.4,4.1,32,,0,0,0
2035,4,17,4,12.4,71.9,1.3,3.3,42,,2,0,0
2035,4,17,5,12.5,71.6,0.6,1.6,45,,5,0,0
2035,4,17,6,12.5,71.1,0.9,2.4,50,,66,40,292
2035,4,17,7,12.8,71,0.9,2.5,180,,239,76,626
2035,4,17,8,13.6,68.4,1,2.2,212,,420,70,819
2035,4,17,9,14.5,64.2,1.1,2.3,212,,580,80,866
2035,4,17,10,15.9,57.4,1.4,3.2,185,,706,92,886
2035,4,17,11,17.4,51.4,1.5,3.6,168,,793,114,878
2035,4,17,12,18,50.2,1.6,3.9,198,,816,141,836
2035,4,17,13,20,46.8,1.5,3.2,184,,797,145,818
2035,4,17,14,20.6,45.4,1.7,4.1,201,,726,180,737
2035,4,17,15,22,40.7,1.7,4.4,207,,543,228,488
2035,4,17,16,22.3,39,1.5,3.3,218,,440,143,579
2035,4,17,17,22.4,38.2,2.1,6.3,45,,252,123,363
2035,4,17,18,21.6,36.2,2.9,8,34,,113,59,300
2035,4,17,19,20.2,38.9,2.9,6.8,36,,12,12,0
2035,4,17,20,19.5,41.1,3.5,8.2,39,,3,0,0
2035,4,17,21,18.9,41.4,3.9,8.5,34,,0,0,0
2035,4,17,22,18.3,42.6,3.8,8.8,30,,0,0,0
2035,4,17,23,17,48.6,1.4,6.1,9,,0,0,0
2035,4,18,0,16.1,52.9,1.8,4.4,21,,0,0,0
2035,4,18,1,15.6,55.2,2.6,6,14,,0,0,0
2035,4,18,2,15.5,53.9,1.4,5.6,34,,0,0,0
2035,4,18,3,14.8,57.9,1.7,4.3,27,,0,0,0
2035,4,18,4,14.3,59.2,1.8,3.6,28,,3,0,0
2035,4,18,5,13.9,60.2,1.6,3.3,17,,8,0,0
2035,4,18,6,13.8,62,1.8,4.4,21,,81,57,276
2035,4,18,7,14.7,60.8,0.9,2.3,239,,254,93,603
2035,4,18,8,15.6,55.5,0.9,2.7,203,,436,112,748
2035,4,18,9,16.7,50.8,1.2,3,180,,596,85,881
2035,4,18,10,17.5,45.8,1.6,2.9,180,,719,100,887
2035,4,18,11,18.8,43.6,1.5,3.2,207,,800,128,866
2035,4,18,12,19.6,42.8,1.5,3.7,207,,815,149,821
2035,4,18,13,20.7,42,1.4,2.8,194,,798,151,808
2035,4,18,14,21.6,40.9,1.3,3.6,190,,720,155,757
2035,4,18,15,23.7,35.6,1.4,2.8,180,,603,148,703
2035,4,18,16,23.1,35.6,1.1,2.4,174,,445,142,587
2035,4,18,17,22.9,34.8,0.9,1.9,174,,263,124,388
2035,4,18,18,22.8,34.8,0.8,4.8,59,,84,69,86
2035,4,18,19,22,33.2,2.3,5.1,30,,9,9,0
2035,4,18,20,21.4,34.4,1.6,6.1,34,,3,0,0
2035,4,18,21,20,40.6,0.9,2.2,352,,0,0,0
2035,4,18,22,18.6,45.6,1.4,2.8,12,,0,0,0
2035,4,18,23,17.4,49.9,1.8,4.4,25,,0,0,0
2035,4,19,0,16.6,52.9,1.9,3.4,31,,0,0,0
2035,4,19,1,15.9,55.3,2.1,3.3,27,,0,0,0
2035,4,19,2,15.5,53.9,1.9,3.4,25,,0,0,0
2035,4,19,3,14.6,54.5,1.9,3.3,28,,0,0,0
2035,4,19,4,14.4,51.6,2.1,3.6,27,,2,0,0
2035,4,19,5,14.3,51.4,1.9,3.4,29,,6,0,0
2035,4,19,6,14.3,51.5,1.9,3.5,27,,75,44,317
2035,4,19,7,15.8,47.3,0.9,2,243,,253,80,641
2035,4,19,8,17,42.8,1,2.7,180,,433,72,826
2035,4,19,9,17.6,39.1,1.4,3,176,,594,86,868
2035,4,19,10,18.4,37.2,1.5,3.1,163,,722,88,903
2035,4,19,11,20.2,32.5,1.5,3.5,163,,807,129,869
2035,4,19,12,22,32.4,1.6,3,176,,818,183,778
2035,4,19,13,22.3,33.6,1.4,2.9,166,,803,151,810
2035,4,19,14,24,30.8,1.4,2.9,198,,731,160,763
2035,4,19,15,24.5,32.2,1.2,2.6,191,,606,149,703
2035,4,19,16,24.4,35.3,0.9,2.9,194,,443,149,566
2035,4,19,17,25.3,32.1,0.7,2.1,189,,266,125,389
2035,4,19,18,25.4,26.3,0.6,1.9,217,,96,75,115
2035,4,19,19,24.1,29.1,0.9,3.2,27,,10,10,0
2035,4,19,20,22,37,0.4,1.1,27,,2,0,0
2035,4,19,21,21,40.6,1,3.1,16,,0,0,0
2035,4,19,22,19.6,46.6,1.7,3.4,23,,0,0,0
2035,4,19,23,19.2,47.6,2.1,4,18,,0,0,0
2035,4,20,0,18.6,46.1,1.6,4.1,66,,0,0,0
2035,4,20,1,17,49.8,1.3,3,18,,0,0,0
2035,4,20,2,16,53.3,1.8,3.6,22,,0,0,0
2035,4,20,3,16.4,44.2,2.2,3.8,30,,0,0,0
2035,4,20,4,15.9,45,2.2,3.9,35,,2,0,0
2035,4,20,5,15.6,42.4,1.8,3.4,36,,6,0,0
2035,4,20,6,15.5,43.3,1,3.2,45,,78,43,341
2035,4,20,7,16.3,43.8,0.5,1.7,135,,260,83,640
2035,4,20,8,17.1,47.2,1.2,2.4,163,,440,72,832
2035,4,20,9,17.8,44.5,1.1,2.8,174,,599,84,875
2035,4,20,10,19.7,39.4,1.4,3,171,,726,90,900
2035,4,20,11,20.8,35,1.3,3,185,,815,109,901
2035,4,20,12,21.5,34.4,1.4,3,209,,832,140,845
2035,4,20,13,23.7,31.6,1.4,3,193,,817,139,839
2035,4,20,14,24.3,29.5,1.2,2.9,202,,741,154,781
2035,4,20,15,25.3,31.7,1.3,2.7,195,,614,146,713
2035,4,20,16,25.7,30.1,1,2.5,193,,448,149,571
2035,4,20,17,26.4,27.5,0.7,1.7,171,,266,130,369
2035,4,20,18,25.1,32.1,0.4,1.5,162,,96,76,106
2035,4,20,19,24,34.5,1.1,2.9,45,,10,10,0
2035,4,20,20,22.1,37.7,1.6,3.1,23,,2,0,0
2035,4,20,21,21,40.6,2.1,3.8,24,,0,0,0
2035,4,20,22,20.5,40.8,2.6,5.1,21,,0,0,0
2035,4,20,23,20.3,40.6,2.5,5.9,28,,0,0,0
2035,4,21,0,19.5,39.7,0.8,3.3,45,,0,0,0
2035,4,21,1,18.2,47.3,0.8,2.4,323,,0,0,0
2035,4,21,2,17.1,50.2,1.4,3.6,23,,0,0,0
2035,4,21,3,16.8,46.3,2,3.5,35,,0,0,0
2035,4,21,4,16.6,47.1,1.9,3.4,38,,3,0,0
2035,4,21,5,16,44.7,2.2,3.6,30,,7,0,0
2035,4,21,6,15.9,45,1.8,3.5,27,,86,48,355
2035,4,21,7,16.6,42.8,1,3.2,120,,271,95,624
2035,4,21,8,16.9,42.2,1.3,4,141,,434,101,744
2035,4,21,9,18.7,39,1.2,2.7,175,,574,95,806
2035,4,21,10,20,37.3,1.3,3,180,,725,92,893
2035,4,21,11,21.1,32.7,1.4,3.2,167,,809,116,879
2035,4,21,12,22.4,32.3,1.6,3.9,176,,841,136,856
2035,4,21,13,23.6,30.8,1.4,2.9,185,,817,144,829
2035,4,21,14,24.3,30.5,1.3,2.7,189,,743,139,800
2035,4,21,15,25.4,28,1.3,2.5,203,,623,143,728
2035,4,21,16,26,24.7,1.1,2.3,197,,458,142,600
2035,4,21,17,26.3,24.6,0.8,1.8,198,,277,126,407
2035,4,21,18,25.7,25.6,0.5,1.9,135,,102,78,125
2035,4,21,19,23.8,30,0.7,3.3,22,,10,10,0
2035,4,21,20,22.1,36.9,2,3.4,30,,3,0,0
2035,4,21,21,21.4,33.5,2.3,3.9,27,,0,0,0
2035,4,21,22,20.3,38.3,2.2,3.7,27,,0,0,0
2035,4,21,23,19.8,37.3,2,4.2,28,,0,0,0
2035,4,22,0,18.8,41.2,1.5,3.2,25,,0,0,0
2035,4,22,1,17.9,42.6,1.8,3.4,33,,0,0,0
2035,4,22,2,17.6,42,1.8,3.2,34,,0,0,0
2035,4,22,3,17.5,39.1,1.8,3.4,38,,0,0,0
2035,4,22,4,16.9,42.2,1.8,3.5,27,,3,0,0
2035,4,22,5,16.7,42.4,1.4,3.2,36,,8,0,0
2035,4,22,6,16.7,40.5,1,3.8,72,,91,48,385
2035,4,22,7,17.2,41.4,0.8,2.2,117,,280,94,654
2035,4,22,8,17.7,43,2.1,5,139,,467,132,740
2035,4,22,9,17.8,47.2,1.4,4,138,,564,134,719
2035,4,22,10,19.9,42.4,1.4,3,185,,708,129,813
2035,4,22,11,21.7,35.1,1.1,2.6,180,,764,211,700
2035,4,22,12,22.9,30.7,1.4,3.2,198,,819,171,785
2035,4,22,13,24.2,30.7,1.2,3,191,,806,166,785
2035,4,22,14,25,29.9,1.3,2.9,218,,731,181,725
2035,4,22,15,25.5,29.1,1,3.8,239,,602,175,646
2035,4,22,16,26.2,25.9,1.1,3.4,220,,447,160,541
2035,4,22,17,26,24.2,0.8,2.2,171,,250,144,283
2035,4,22,18,25.4,23.7,0.5,2.7,56,,88,77,56
2035,4,22,19,23.9,27.3,1.6,3.8,27,,10,10,0
2035,4,22,20,22.3,32,2.2,3.9,25,,3,0,0
2035,4,22,21,21.6,34.3,2,3.4,30,,0,0,0
2035,4,22,22,20.2,40.6,2.2,3.6,11,,0,0,0
2035,4,22,23,19.5,44.4,2.2,3.7,22,,0,0,0
2035,4,23,0,18.8,45.2,2.5,3.9,17,,0,0,0
2035,4,23,1,18.1,46.9,2.5,3.8,21,,0,0,0
2035,4,23,2,17.7,47.4,2.1,3.6,18,,0,0,0
2035,4,23,3,17.2,50.7,2.2,4.1,19,,0,0,0
2035,4,23,4,16.5,54.3,2,3.3,22,,2,0,0
2035,4,23,5,16.5,53.9,1.9,3.2,32,,10,0,0
2035,4,23,6,16.7,52.9,1.5,3.6,25,,64,39,218
2035,4,23,7,17.4,46.2,0.5,1.9,270,,193,96,337
2035,4,23,8,18.6,42.8,0.8,2.3,191,,386,143,534
2035,4,23,9,18.8,42.9,0.9,2.3,166,,399,253,244
2035,4,23,10,19.7,41.2,1.5,3.1,171,,687,205,673
2035,4,23,11,21.8,36.3,1.4,3.1,185,,686,300,487
2035,4,23,12,20.8,38,1.8,6.6,249,,293,280,16
2035,4,23,13,21.4,38.5,4,9,274,,209,208,1
2035,4,23,14,20.7,42.6,3.9,8.1,273,,107,107,0
2035,4,23,15,19.7,48.3,2.9,6.9,297,,53,53,0
2035,4,23,16,17.8,61.9,3.2,7,6,,48,48,0
2035,4,23,17,17.4,64.9,2.6,5.4,11,,22,22,0
2035,4,23,18,17.3,63.2,2.2,4.6,19,,15,15,0
2035,4,23,19,17,61.9,1.9,3.9,27,,12,12,0
2035,4,23,20,16.2,66.4,2.3,4.6,18,,3,0,0
2035,4,23,21,16,66.7,2.6,5.1,23,,0,0,0
2035,4,23,22,15.5,68,2.1,4.5,25,,0,0,0
2035,4,23,23,15.3,68,2.3,5,23,,0,0,0
2035,4,24,0,15,68.5,1.8,4.1,30,,0,0,0
2035,4,24,1,14.2,72.5,2,4.3,24,,0,0,0
2035,4,24,2,14.3,72.1,2.2,4.2,25,,0,0,0
2035,4,24,3,13.9,73.1,1.9,3.3,27,,0,0,0
2035,4,24,4,13.5,75.4,1.8,2.9,31,,3,0,0
2035,4,24,5,13.4,75.6,1.9,3.5,27,,8,0,0
2035,4,24,6,13.8,76,1.3,2.5,27,,90,41,407
2035,4,24,7,14.7,73.3,0.6,2,166,,275,61,729
2035,4,24,8,15.6,69.8,1.2,2.6,174,,455,78,821
2035,4,24,9,16.6,66.6,1.3,2.7,190,,611,79,880
2035,4,24,10,17,61.9,1.7,3.4,172,,741,98,893
2035,4,24,11,18.6,55.3,1.4,3,156,,825,119,885
2035,4,24,12,20.2,47.9,1.6,3.1,169,,844,147,838
2035,4,24,13,21.8,35.9,1.5,3.4,171,,831,143,838
2035,4,24,14,22.4,30.1,1.6,3,168,,760,132,820
2035,4,24,15,22.9,25,1.6,3.4,150,,634,150,726
2035,4,24,16,22.5,23.2,1.2,3,180,,468,160,574
2035,4,24,17,23,28.3,0.9,2.3,144,,293,123,446
2035,4,24,18,22.8,33.9,0.7,2,153,,100,78,108
2035,4,24,19,21.6,37,0.7,2.5,9,,14,14,0
2035,4,24,20,20.1,47.3,1.9,3.8,21,,3,0,0
2035,4,24,21,18.7,54.9,2,3.7,25,,0,0,0
2035,4,24,22,18.1,54.3,2.1,3.6,18,,0,0,0
2035,4,24,23,18,52.8,2.4,4,18,,0,0,0
2035,4,25,0,16.9,57.7,2,3.6,9,,0,0,0
2035,4,25,1,17.3,53.1,2.4,4.3,24,,0,0,0
2035,4,25,2,15.9,58,2,3.8,16,,0,0,0
2035,4,25,3,15.1,62.5,1.9,3.3,19,,0,0,0
2035,4,25,4,15.4,61,2,3.4,28,,2,0,0
2035,4,25,5,15.7,57.4,1.8,3.2,19,,10,0,0
2035,4,25,6,16,56.5,0.7,2.3,31,,79,47,257
2035,4,25,7,16.6,55.9,0.9,2.6,135,,266,72,650
2035,4,25,8,17,49.3,1.2,3.5,167,,431,73,774
2035,4,25,9,18.7,49.4,1.2,3.2,174,,605,121,795
2035,4,25,10,20.1,49.7,1.4,4.1,186,,670,218,625
2035,4,25,11,21.8,42.5,2.1,7.6,246,,791,205,731
2035,4,25,12,22.8,38.4,3.1,6.4,260,,780,295,581
2035,4,25,13,23.2,39.1,4.2,9.4,264,,721,332,473
2035,4,25,14,24.3,37.5,5.1,9.9,263,,748,200,714
2035,4,25,15,24.6,35.5,4.2,10,261,,613,175,653
2035,4,25,16,24.9,35,3.7,8.3,255,,464,201,488
2035,4,25,17,23.8,37.3,3.6,8.4,267,,154,133,55
2035,4,25,18,22.5,44.6,4.5,10.1,301,,133,82,245
2035,4,25,19,19.6,52.5,2.8,6.9,329,,16,16,0
2035,4,25,20,18.4,46.3,1.7,6.2,333,,2,0,0
2035,4,25,21,18.2,45.7,1.4,4,261,,0,0,0
2035,4,25,22,17.5,47.3,1.6,4.4,295,,0,0,0
2035,4,25,23,16.7,48.8,1.9,4.6,273,,0,0,0
2035,4,26,0,15.5,52.6,2,4.5,332,,0,0,0
2035,4,26,1,15.2,56.3,1.9,4.9,277,,0,0,0
2035,4,26,2,14.9,61.3,2.4,5,273,,0,0,0
2035,4,26,3,14.7,64.3,2.3,4.8,267,,0,0,0
2035,4,26,4,14,60.1,2.5,6.6,309,,3,0,0
2035,4,26,5,13.3,50.6,2.3,5.6,347,,8,0,0
2035,4,26,6,13.4,48.4,2.6,5.9,2,,48,43,40
2035,4,26,7,13.3,47.4,2.4,5,2,,82,82,0
2035,4,26,8,13.7,47.9,1.9,4.6,10,,158,157,1
2035,4,26,9,14.2,45.7,1.2,3.8,323,,295,282,22
2035,4,26,10,14.9,44.4,1.8,3.8,191,,492,327,227
2035,4,26,11,15.4,43.6,2.4,4.5,177,,895,252,799
2035,4,26,12,17.1,39.4,2.2,4.2,166,,848,213,757
2035,4,26,13,18,37.3,1.9,3.9,191,,870,152,868
2035,4,26,14,17.7,37.1,1.8,3.6,187,,779,157,807
2035,4,26,15,18.6,36.4,1.8,4.1,198,,688,136,820
2035,4,26,16,18.5,36.9,2.3,6.9,320,,463,169,543
2035,4,26,17,17.6,37.7,3.2,7.1,338,,256,152,269
2035,4,26,18,16.3,39.2,3.3,7.9,347,,114,91,109
2035,4,26,19,14.9,42.6,2.6,6.6,9,,17,17,0
2035,4,26,20,13.9,46.6,3.1,7,29,,3,0,0
2035,4,26,21,13.1,49.6,3.6,8.5,26,,0,0,0
2035,4,26,22,12.9,48.8,3.7,8.8,25,,0,0,0
2035,4,26,23,12.4,56.5,3.3,8,29,,0,0,0
2035,4,27,0,12.1,59.8,2.3,7.5,35,,0,0,0
2035,4,27,1,11.6,61.9,1.7,5.4,37,,0,0,0
2035,4,27,2,11,63.3,1.8,5.4,30,,0,0,0
2035,4,27,3,10.7,62.5,0.8,3,14,,0,0,0
2035,4,27,4,9.9,61.3,0.8,2.1,23,,3,0,0
2035,4,27,5,10.1,57.8,0.9,3.2,23,,9,0,0
2035,4,27,6,10.4,60.9,1.6,4.1,12,,108,54,405
2035,4,27,7,11,63.2,1,2.6,135,,290,84,673
2035,4,27,8,11.8,60.9,1.7,3.4,208,,471,79,833
2035,4,27,9,13.1,55.4,1.5,3.1,197,,630,93,872
2035,4,27,10,13.7,54.1,1.6,3.2,220,,754,95,903
2035,4,27,11,15.1,50.9,1.7,3.8,169,,834,146,851
2035,4,27,12,16,48.1,1.8,4.1,157,,849,158,821
2035,4,27,13,17.8,43.1,1.5,4.2,171,,835,154,820
2035,4,27,14,19.3,41.9,1.3,3,212,,759,148,790
2035,4,27,15,22.4,34.6,1.6,6.3,190,,645,186,679
2035,4,27,16,22.9,30.7,1.1,2.9,188,,386,236,275
2035,4,27,17,23.4,29.6,0.9,2.5,153,,297,125,442
2035,4,27,18,22.6,30.3,0.8,3.9,143,,138,71,306
2035,4,27,19,22.1,31.9,0.9,3,45,,13,13,0
2035,4,27,20,20.3,39,2.1,3.5,6,,2,0,0
2035,4,27,21,19.5,43.4,1.5,3.1,27,,0,0,0
2035,4,27,22,18.9,45.3,1.7,4.2,22,,0,0,0
2035,4,27,23,18,45.8,2.7,5,21,,0,0,0
2035,4,28,0,17.3,47.7,1.9,5.3,13,,0,0,0
2035,4,28,1,17,48.9,1.9,3.7,6,,0,0,0
2035,4,28,2,16.4,51.3,2.2,4.4,19,,0,0,0
2035,4,28,3,15.9,53.5,2.8,5.3,17,,0,0,0
2035,4,28,4,15.4,54.5,2.7,5.5,23,,2,0,0
2035,4,28,5,14.9,57.2,2.5,5.8,28,,10,0,0
2035,4,28,6,14.8,57.7,2.2,5.1,25,,74,51,168
2035,4,28,7,15.9,54.9,1.7,4.9,23,,151,123,90
2035,4,28,8,16.6,53.7,1.4,3.4,229,,417,165,528
2035,4,28,9,17,53.2,1.4,3.4,200,,542,184,577
2035,4,28,10,18.1,51.7,1.5,3,197,,678,206,642
2035,4,28,11,19.4,48.7,1.7,3.8,203,,804,203,742
2035,4,28,12,20,50.2,1.5,3.2,204,,800,256,644
2035,4,28,13,20.9,48.4,1.6,3.6,205,,782,300,579
2035,4,28,14,21.8,45.9,1.5,3.8,185,,437,349,114
2035,4,28,15,22.1,45.1,1.3,2.9,207,,409,321,129
2035,4,28,16,21.1,47.4,1,2.7,234,,178,176,4
2035,4,28,17,21.3,48,1.2,3,231,,92,92,0
2035,4,28,18,20.6,51.1,1.1,3.1,18,,41,41,0
2035,4,28,19,19.6,55.9,1,3.8,51,,8,8,0
2035,4,28,20,18.9,58,0.8,2.7,23,,2,0,0
2035,4,28,21,18.6,59,1.5,2.9,28,,0,0,0
2035,4,28,22,18.3,59.2,1.3,3.4,38,,0,0,0
2035,4,28,23,17.6,62.1,1.7,4.3,28,,0,0,0
2035,4,29,0,16.9,65.4,2.2,4.3,19,,0,0,0
2035,4,29,1,16.2,67.9,2.1,4.1,23,,0,0,0
2035,4,29,2,16.1,69.3,1.8,3.4,29,,0,0,0
2035,4,29,3,16,69.4,1.8,3.6,28,,0,0,0
2035,4,29,4,15.3,71.7,1.4,3.2,39,,3,0,0
2035,4,29,5,15,73.1,1.8,3.1,50,,11,0,0
2035,4,29,6,15.2,72.4,1.9,4,40,,110,50,418
2035,4,29,7,15.9,71.5,0.9,2.5,135,,294,65,730
2035,4,29,8,16.6,69.3,1.2,3.1,151,,472,111,753
2035,4,29,9,17.5,64,1.4,3,167,,604,162,710
2035,4,29,10,18.2,63.8,1.2,2.9,185,,633,281,477
2035,4,29,11,18.4,64.3,1.4,2.9,198,,650,369,345
2035,4,29,12,19.6,59.5,1.6,3.8,201,,779,312,550
2035,4,29,13,20.3,55.8,1.6,5.9,207,,672,388,340
2035,4,29,14,20.9,52.8,1.2,3.6,186,,359,346,17
2035,4,29,15,20.2,52.1,1.1,3.3,180,,315,284,45
2035,4,29,16,21,44.7,2.8,10.9,122,,256,235,38
2035,4,29,17,20.8,38,5.7,14,114,,88,88,0
2035,4,29,18,19.5,41,6.5,16.9,112,,35,35,0
2035,4,29,19,18.6,47.1,3.6,13.8,123,,7,7,0
2035,4,29,20,17.3,64.3,4.5,17,261,,4,0,0
2035,4,29,21,12.7,73.7,6.7,17,274,,0,0,0
2035,4,29,22,11,78.4,3.7,16.8,279,,0,0,0
2035,4,29,23,10.7,81.4,2.4,6.5,283,,0,0,0
2035,4,30,0,10.4,82.3,1.1,3.6,146,,0,0,0
2035,4,30,1,10.8,78.5,1.6,5.9,191,,0,0,0
2035,4,30,2,11.3,74.9,2.5,8.7,225,,0,0,0
2035,4,30,3,11,76,3.9,9.3,245,,0,0,0
2035,4,30,4,10.9,74.3,4.3,11,252,,3,0,0
2035,4,30,5,10.8,68.7,2.9,8.3,239,,9,0,0
2035,4,30,6,10.8,71.5,4.8,11,275,,132,76,382
2035,4,30,7,11.2,67.6,5,10.8,266,,322,112,660
2035,4,30,8,11.7,61,5.8,11.1,268,,494,125,765
2035,4,30,9,12.4,57.1,6.4,13.2,273,,537,218,508
2035,4,30,10,13.2,49.9,6.8,12.9,269,,897,200,708
2035,4,30,11,14.2,46.8,6.2,12,263,,846,210,778
2035,4,30,12,14.7,45.4,6.4,14.2,263,,661,401,306
2035,4,30,13,13.7,49.8,4.1,13,250,,333,314,22
2035,4,30,14,15.4,44.7,3.7,9.8,240,,547,360,239
2035,4,30,15,15,46.9,3.7,9.2,236,,479,352,185
2035,4,30,16,14.9,46.1,2.8,9.5,231,,428,222,370
2035,4,30,17,14,50.1,3.9,9.2,259,,187,146,102
2035,4,30,18,13.1,54.8,3.9,8.4,270,,139,91,211
2035,4,30,19,12.6,56.1,2.3,7.8,275,,14,14,0
2035,4,30,20,12.6,54.5,2.5,7.2,268,,2,0,0
2035,4,30,21,12.2,58.4,2.6,6.8,277,,0,0,0
2035,4,30,22,11.7,62.6,3.3,6.2,274,,0,0,0
2035,4,30,23,10.9,70,2.1,5.8,249,,0,0,0
2035,5,1,0,10.5,74.3,2.2,5.5,279,,0,0,0
2035,5,1,1,10.2,76.6,2.5,5.1,285,,0,0,0
2035,5,1,2,10,81.7,2,4.7,288,,0,0,0
2035,5,1,3,10,80.5,2.1,4.4,299,,0,0,0
2035,5,1,4,10,78.8,1.9,4.1,295,,2,0,0
2035,5,1,5,9.9,76.4,1,3.8,276,,5,0,0
2035,5,1,6,9.6,76.3,1.6,3.6,360,,26,26,0
2035,5,1,7,9.6,72.8,2,3.8,12,,95,95,0
2035,5,1,8,9.8,69.9,1.7,4,17,,67,67,0
2035,5,1,9,10.2,65.4,1.3,4.1,90,,208,206,3
2035,5,1,10,10.6,65.8,1.4,2.9,153,,302,295,9
2035,5,1,11,10.9,64.7,1.7,3.1,184,,359,348,13
2035,5,1,12,10.7,66,1.3,3,153,,227,226,2
2035,5,1,13,10.9,65.4,1.6,3.8,143,,309,303,8
2035,5,1,14,11.7,64.5,1.7,3.9,160,,455,366,114
2035,5,1,15,11.9,61.5,1.3,3,153,,395,322,106
2035,5,1,16,12.4,58.5,0.9,2.7,189,,207,193,25
2035,5,1,17,12.6,58.2,0.8,2.6,189,,266,174,231
2035,5,1,18,12.7,58.2,0.4,1.7,207,,82,80,7
2035,5,1,19,12.4,59.1,0.6,2.1,135,,14,14,0
2035,5,1,20,12.1,63.3,0.4,1.2,18,,2,0,0
2035,5,1,21,11.9,63,0.6,1.7,207,,0,0,0
2035,5,1,22,11.3,64.5,0.9,1.6,76,,0,0,0
2035,5,1,23,10.9,66.6,1.2,3.1,49,,0,0,0
2035,5,2,0,10.8,71.9,1.2,3.2,38,,0,0,0
2035,5,2,1,10.6,68.3,1.5,3.7,39,,0,0,0
2035,5,2,2,10.3,69.3,1.5,3.3,28,,0,0,0
2035,5,2,3,9.7,73.4,1.5,3.7,28,,0,0,0
2035,5,2,4,9.5,75.3,1,3.8,49,,3,0,0
2035,5,2,5,9.7,74.4,1.2,2.5,22,,14,0,0
2035,5,2,6,10,73.1,1.1,2.4,17,,77,65,77
2035,5,2,7,10.6,72.1,0.8,2.4,217,,179,146,100
2035,5,2,8,11,73.3,1.1,2.3,204,,312,225,180
2035,5,2,9,11.2,72.9,1.3,3.5,204,,385,286,157
2035,5,2,10,11.7,69.8,1.4,4,203,,483,364,159
2035,5,2,11,11.7,68.6,0.9,2.5,207,,304,298,8
2035,5,2,12,12.4,66.2,0.9,3,180,,270,269,2
2035,5,2,13,13.6,61.2,1.5,3.5,197,,625,359,315
2035,5,2,14,14.1,59,1.3,3.2,207,,430,351,100
2035,5,2,15,14,57.6,0.8,2.1,198,,203,200,5
2035,5,2,16,14.7,56.4,0.9,2,187,,164,163,1
2035,5,2,17,14.8,57.5,0.5,1.9,214,,91,91,0
2035,5,2,18,14.3,59.5,1,2.9,21,,41,41,0
2035,5,2,19,13.7,60.6,0.7,2.8,11,,8,8,0
2035,5,2,20,13.4,60.2,1.2,4.5,6,,2,0,0
2035,5,2,21,12.8,65.8,0.6,1.9,333,,0,0,0
2035,5,2,22,12.6,67.3,0.8,2,352,,0,0,0
2035,5,2,23,12.4,74,0.7,2.1,248,,0,0,0
2035,5,3,0,12.1,76.5,0.3,2,27,,0,0,0
2035,5,3,1,12,72.4,1.1,3.6,66,,0,0,0
2035,5,3,2,12,73,1.8,5,35,,0,0,0
2035,5,3,3,12,72.2,2.3,5.8,33,,0,0,0
2035,5,3,4,11.9,72,3.3,8.7,33,,2,0,0
2035,5,3,5,11.7,73,3.6,8.7,20,,6,0,0
2035,5,3,6,11.5,75.8,3,7.7,13,,62,51,68
2035,5,3,7,11.6,72.3,3.2,10.1,31,,287,154,403
2035,5,3,8,11.8,72.2,4.4,10.5,33,,239,188,103
2035,5,3,9,11.9,73,4.8,11.7,34,,246,241,8
2035,5,3,10,12.6,70.3,5,13,34,,456,363,124
2035,5,3,11,13.3,66.4,4.8,12,38,,578,387,231
2035,5,3,12,13.5,64.8,4.9,12.6,36,,454,431,27
2035,5,3,13,13.4,64.3,5,12,33,,336,328,9
2035,5,3,14,13.6,63.9,5.4,12.8,34,,311,304,9
2035,5,3,15,13.8,63.6,4.8,13.3,37,,174,174,1
2035,5,3,16,13.8,63.6,4.2,12.7,31,,143,143,0
2035,5,3,17,13.8,64.7,4,10.6,34,,134,134,0
2035,5,3,18,13.8,65.8,3.2,8.9,28,,71,71,0
2035,5,3,19,13.6,67.5,3.1,8.7,32,,9,9,0
2035,5,3,20,13.4,68.1,3.2,8.9,31,,2,0,0
2035,5,3,21,13.4,68.7,3,7.5,27,,0,0,0
2035,5,3,22,13.3,69.1,3.4,9.7,31,,0,0,0
2035,5,3,23,13.6,67.3,4,9.7,37,,0,0,0
2035,5,4,0,13.6,67.3,3.8,9.4,41,,0,0,0
2035,5,4,1,13.4,68.6,3.9,10.1,36,,0,0,0
2035,5,4,2,13.4,68.9,3.3,9.1,38,,0,0,0
2035,5,4,3,13.5,67.1,3,7.8,30,,0,0,0
2035,5,4,4,13.3,68.2,2.7,7.6,34,,2,0,0
2035,5,4,5,13.5,68.9,2.8,7.9,32,,11,0,0
2035,5,4,6,13.8,67.6,2,7.9,50,,60,57,20
2035,5,4,7,14.7,65.6,1.7,7,78,,251,130,361
2035,5,4,8,15.4,63.8,2.6,8.5,53,,454,102,709
2035,5,4,9,16.4,61.9,3.1,10.7,28,,653,89,883
2035,5,4,10,17.6,58.4,4.4,12,39,,776,119,873
2035,5,4,11,18.6,54.7,4.4,11.6,35,,834,166,806
2035,5,4,12,19.3,53.6,4.7,11.7,42,,848,193,761
2035,5,4,13,19.6,53,4.7,11.7,33,,832,191,755
2035,5,4,14,19.8,53.4,4.7,11.5,36,,760,199,708
2035,5,4,15,19.7,54.3,4.4,10.7,35,,632,227,583
2035,5,4,16,19.8,55.1,4.2,11.3,41,,337,255,145
2035,5,4,17,19.1,58.7,4.2,10.2,35,,187,171,39
2035,5,4,18,18.5,62.1,4,10.1,40,,83,82,2
2035,5,4,19,18,64.1,4,9.7,37,,19,19,0
2035,5,4,20,17.7,65.6,3.9,9.5,36,,2,0,0
2035,5,4,21,17.5,66.6,2.6,7.5,24,,0,0,0
2035,5,4,22,17.3,67,2.9,8,21,,0,0,0
2035,5,4,23,17.2,66.5,3.1,7.7,39,,0,0,0
2035,5,5,0,17,67,3.5,8.7,50,,0,0,0
2035,5,5,1,16.5,68.8,3.8,8.9,38,,0,0,0
2035,5,5,2,16.4,69.4,3.7,8.9,39,,0,0,0
2035,5,5,3,16.1,71.3,2.4,7.3,45,,0,0,0
2035,5,5,4,15.9,72.1,2.8,9.3,37,,2,0,0
2035,5,5,5,15.3,74.3,0.8,3.3,256,,16,0,0
2035,5,5,6,15.7,72.9,0.6,1.9,194,,122,47,453
2035,5,5,7,16.3,70.6,0.8,1.9,214,,300,60,710
2035,5,5,8,16.7,68,1.4,3.1,219,,477,68,819
2035,5,5,9,18,63.4,1.6,3.4,196,,643,85,868
2035,5,5,10,18.7,61.2,1.5,2.9,193,,777,108,886
2035,5,5,11,20.2,56.5,1.8,3.9,212,,837,164,810
2035,5,5,12,21,53.8,1.7,3.8,208,,844,203,743
2035,5,5,13,21.7,51.3,1.4,3.4,209,,834,190,757
2035,5,5,14,23.2,46.4,1.4,3.9,204,,760,205,698
2035,5,5,15,24,40.7,2.6,6.9,29,,633,228,580
2035,5,5,16,23.5,43.8,2.3,6.8,35,,417,244,306
2035,5,5,17,23.7,43.5,2.8,7.3,37,,314,127,452
2035,5,5,18,22.7,48.4,2.9,7.7,39,,146,89,231
2035,5,5,19,21.8,52.5,2.8,7,40,,28,25,35
2035,5,5,20,21.1,54.8,1.3,4.8,13,,3,0,0
2035,5,5,21,20.2,58.8,1.4,5.2,360,,0,0,0
2035,5,5,22,20.1,58.5,1.2,4.2,104,,0,0,0
2035,5,5,23,19.1,62.9,0.8,2.3,333,,0,0,0
2035,5,6,0,18.4,65.5,0.9,3.2,51,,0,0,0
2035,5,6,1,18.2,66.5,1.3,3.6,49,,0,0,0
2035,5,6,2,17.2,69.7,0.8,2.1,9,,0,0,0
2035,5,6,3,16.8,72.2,1,2.3,50,,0,0,0
2035,5,6,4,16.6,73.4,1.4,3,23,,2,0,0
2035,5,6,5,16.6,73,0.8,3,59,,17,0,0
2035,5,6,6,16.6,73,0.5,2,108,,124,47,451
2035,5,6,7,17.1,71.1,1,2,173,,302,60,709
2035,5,6,8,17.7,67.8,1.2,3,214,,475,70,804
2035,5,6,9,18.4,65.2,1.4,3.3,212,,625,98,816
2035,5,6,10,19.1,62.3,1.3,2.8,207,,746,130,812
2035,5,6,11,20.2,59.6,1.6,3.1,201,,819,170,779
2035,5,6,12,21.7,56.8,1.4,3,200,,836,221,711
2035,5,6,13,23.1,52.9,1.4,3,203,,820,218,706
2035,5,6,14,23.8,51.3,1.5,3.2,207,,753,200,694
2035,5,6,15,24.9,48.9,1.3,3.5,211,,635,189,637
2035,5,6,16,26.7,41.3,2,6.5,50,,481,161,560
2035,5,6,17,25.3,43.2,2.6,7.6,18,,315,148,401
2035,5,6,18,24.3,43.5,2.5,9.5,13,,136,93,172
2035,5,6,19,22.6,52.2,3.2,8.9,33,,16,16,0
2035,5,6,20,21.7,55.8,2.5,8.5,35,,2,0,0
2035,5,6,21,20.4,60.6,2,5,307,,0,0,0
2035,5,6,22,20.3,60.2,1.7,6.3,45,,0,0,0
2035,5,6,23,19.7,62.7,1.2,4.1,180,,0,0,0
2035,5,7,0,19.1,65.2,0.6,3.3,236,,0,0,0
2035,5,7,1,18.5,66.9,1.2,4.2,16,,0,0,0
2035,5,7,2,17.8,65.3,0.7,2.5,34,,0,0,0
2035,5,7,3,17.1,63.6,1.3,4.5,24,,0,0,0
2035,5,7,4,16.8,66.8,1.8,4,25,,2,0,0
2035,5,7,5,16.4,69.4,1.6,3.3,42,,17,0,0
2035,5,7,6,16.6,68.9,1.6,3.5,32,,64,54,60
2035,5,7,7,17.3,66.9,0.9,2.2,141,,271,123,430
2035,5,7,8,18,63.9,1,3.1,180,,476,132,678
2035,5,7,9,18.8,59,1.3,2.8,215,,521,272,384
2035,5,7,10,19.8,55.1,1.4,2.9,209,,744,180,741
2035,5,7,11,21.1,49.3,1.5,2.8,207,,840,151,824
2035,5,7,12,22.6,45.5,1.5,3.1,210,,864,175,793
2035,5,7,13,22.9,46.7,1.5,3.3,203,,858,161,814
2035,5,7,14,24.2,43.3,1.7,3.6,216,,789,191,748
2035,5,7,15,25.2,38.3,1.6,3.4,218,,611,272,483
2035,5,7,16,23.7,42.3,2.6,10.4,133,,199,187,20
2035,5,7,17,22.8,37.3,5.8,15,107,,327,262,154
2035,5,7,18,21.6,35.7,5,11.5,99,,112,95,69
2035,5,7,19,20.3,37.1,4.5,11.2,90,,22,22,0
2035,5,7,20,19.3,41.4,2.9,6.6,61,,3,0,0
2035,5,7,21,18.5,44.1,2,5.2,24,,0,0,0
2035,5,7,22,18.1,45.3,3.3,13,103,,0,0,0
2035,5,7,23,16.6,56.6,2.1,8.9,144,,0,0,0
2035,5,8,0,16.3,56.6,1.5,3.2,48,,0,0,0
2035,5,8,1,16.2,54.9,1.8,4.7,75,,0,0,0
2035,5,8,2,15.9,56.3,1.5,4.8,72,,0,0,0
2035,5,8,3,15.5,59.8,1.7,4.2,8,,0,0,0
2035,5,8,4,15.4,60.7,1.1,2.9,18,,3,0,0
2035,5,8,5,14.6,65.5,0.8,2.5,27,,20,0,0
2035,5,8,6,15.2,61.6,1.1,3,90,,160,90,395
2035,5,8,7,16.4,57,1.2,3.7,186,,407,133,448
2035,5,8,8,16.5,58,1.5,4.1,180,,522,145,740
2035,5,8,9,17.8,54.5,1.7,4.4,135,,641,103,825
2035,5,8,10,19.3,48.6,1.6,3.5,152,,771,133,836
2035,5,8,11,20.1,46.7,1.4,3.7,175,,819,254,673
2035,5,8,12,22,43.1,1.4,3.2,211,,654,424,264
2035,5,8,13,22.7,40.3,1.9,5.1,213,,861,240,723
2035,5,8,14,23.4,39.4,1.8,3.8,213,,753,309,553
2035,5,8,15,22.8,40.9,0.9,2,180,,319,295,35
2035,5,8,16,21.9,46.5,0.9,2.8,149,,191,189,3
2035,5,8,17,20,60.1,1.5,4.4,323,,83,83,0
2035,5,8,18,20.4,61.7,0.9,2.9,63,,57,57,0
2035,5,8,19,19.2,57.7,1.4,2.9,45,,20,20,0
2035,5,8,20,19,62.1,2.2,4.4,22,,2,0,0
2035,5,8,21,18.8,63,1.4,3.1,20,,2,0,0
2035,5,8,22,18.1,65.1,1.1,3.8,329,,0,0,0
2035,5,8,23,16.8,79.6,1.6,6.9,27,,0,0,0
2035,5,9,0,16.8,81.7,1.6,3.5,25,,0,0,0
2035,5,9,1,16.3,81.2,1.2,2.5,45,,0,0,0
2035,5,9,2,16.1,80,1.7,3.6,18,,0,0,0
2035,5,9,3,15.7,80.8,1.8,3.4,27,,0,0,0
2035,5,9,4,15.4,79.3,1.7,4.2,25,,3,0,0
2035,5,9,5,15.3,81.3,1.7,3.3,25,,17,17,0
2035,5,9,6,15.9,79.2,1.2,3,20,,108,55,297
2035,5,9,7,16,78.8,1.1,3,214,,224,128,275
2035,5,9,8,16.4,76,0.8,2.6,180,,317,228,174
2035,5,9,9,17.4,72,1.2,2.6,191,,582,228,542
2035,5,9,10,17.9,67.7,1,2.4,186,,325,286,51
2035,5,9,11,17.9,66.7,0.6,1.7,135,,161,160,1
2035,5,9,12,18.2,63.6,0.7,2,166,,158,158,1
2035,5,9,13,17.7,68.8,1,4,180,,91,91,0
2035,5,9,14,17.7,73.4,0.9,2.9,180,,231,229,2
2035,5,9,15,16.9,74.4,1.3,3.4,90,,120,120,0
2035,5,9,16,17.7,76,1.1,3.8,36,,48,48,0
2035,5,9,17,16.8,78.3,1.7,3.9,360,,18,18,0
2035,5,9,18,16.7,80.6,1.2,3.2,41,,34,34,0
2035,5,9,19,16.1,82,1.1,3,50,,11,11,0
2035,5,9,20,15.8,82.8,1.3,2.8,34,,2,0,0
2035,5,9,21,15.4,81,1.7,3.1,25,,2,0,0
2035,5,9,22,14.8,82.6,1.8,3.4,18,,0,0,0
2035,5,9,23,14.9,83.7,1.1,3.2,16,,0,0,0
2035,5,10,0,14.8,80,1.9,3.8,25,,0,0,0
2035,5,10,1,14.7,81.7,1.1,2.7,37,,0,0,0
2035,5,10,2,14.3,79.8,1.8,3.6,24,,0,0,0
2035,5,10,3,14,80.4,1.2,2.7,27,,0,0,0
2035,5,10,4,14.3,80.9,1.5,3,16,,2,0,0
2035,5,10,5,14.6,79.3,0.8,3,27,,9,9,0
2035,5,10,6,14.8,75.8,0.7,2.6,351,,42,42,0
2035,5,10,7,14.8,79.6,1.1,3.2,281,,41,41,0
2035,5,10,8,14.6,82.9,1.2,3.7,297,,33,33,0
2035,5,10,9,14.7,85.9,1.6,4.3,278,,74,74,0
2035,5,10,10,14.5,84.9,1.1,3,264,,63,63,0
2035,5,10,11,14.9,81.8,0.9,2.3,40,,60,60,0
2035,5,10,12,15.3,80.6,1.1,2.7,342,,65,65,0
2035,5,10,13,15,74.7,1,2.3,153,,97,97,0
2035,5,10,14,14.6,72.8,1.1,2.4,151,,69,69,0
2035,5,10,15,14.6,72.4,1.1,2.3,127,,58,58,0
2035,5,10,16,14.5,75.1,0.6,2.2,90,,49,49,0
2035,5,10,17,14.2,71.9,0.7,2.5,90,,41,41,0
2035,5,10,18,14.2,76.6,0.8,2.4,63,,39,39,0
2035,5,10,19,14,71.2,1.1,2.4,17,,7,7,0
2035,5,10,20,13.8,68.5,1.7,3.6,17,,2,0,0
2035,5,10,21,13.4,68.1,1.6,4.6,16,,2,0,0
2035,5,10,22,13.1,70,1,4,8,,0,0,0
2035,5,10,23,12.8,69.7,1.2,3.8,328,,0,0,0
2035,5,11,0,12.2,71.9,1.6,3,353,,0,0,0
2035,5,11,1,11.7,75.3,1.1,3,342,,0,0,0
2035,5,11,2,11.9,75,0.9,3,315,,0,0,0
2035,5,11,3,11.6,76.2,1.1,4,270,,0,0,0
2035,5,11,4,11.5,77.2,0.7,2.6,270,,3,0,0
2035,5,11,5,11.4,75.3,1.2,2.4,58,,30,2,0
2035,5,11,6,11.9,73.7,0.8,2.5,101,,166,89,412
2035,5,11,7,12.3,73.9,1.3,3,211,,302,100,565
2035,5,11,8,13,74.5,1.6,3.3,205,,516,114,777
2035,5,11,9,14,70.5,1.6,3.2,219,,659,98,851
2035,5,11,10,14.9,65.9,1.6,3.1,210,,782,116,863
2035,5,11,11,16,61.2,1.5,3.4,207,,850,156,821
2035,5,11,12,16.8,59.5,1.4,3.6,204,,872,185,784
2035,5,11,13,17.7,58.2,1.5,2.9,193,,861,174,794
2035,5,11,14,19.3,53.4,1.5,3.2,207,,786,176,754
2035,5,11,15,20.9,46.6,1.4,2.8,204,,668,172,697
2035,5,11,16,21.3,46,1.3,2.8,185,,514,145,633
2035,5,11,17,20.8,43.7,0.9,2.2,194,,339,137,471
2035,5,11,18,20.2,44.4,0.7,2,180,,162,93,265
2035,5,11,19,19.7,49.7,0.5,1.9,37,,29,29,0
2035,5,11,20,18.6,55.7,1.3,2.4,35,,3,0,0
2035,5,11,21,17.5,59.1,1.5,3.1,25,,3,0,0
2035,5,11,22,17.3,62.9,2,3.6,24,,0,0,0
2035,5,11,23,17.1,64.9,1.7,3.1,18,,0,0,0
2035,5,12,0,16.3,68.5,2,4.2,20,,0,0,0
2035,5,12,1,16.3,67.1,1.9,3.7,25,,0,0,0
2035,5,12,2,15.6,70.3,1.8,3.3,24,,0,0,0
2035,5,12,3,15.3,71.4,1.8,3.4,24,,0,0,0
2035,5,12,4,15.6,69.7,1.6,2.7,25,,3,0,0
2035,5,12,5,15.4,70.3,1.1,2.7,29,,21,21,0
2035,5,12,6,15.6,71.7,0.8,2.3,333,,115,65,265
2035,5,12,7,16.5,68.2,0.5,1.7,162,,294,86,579
2035,5,12,8,17.3,65.8,1.2,2.5,195,,447,143,584
2035,5,12,9,17.1,66.1,1,2.4,210,,519,282,358
2035,5,12,10,18.5,62.7,1.2,2.6,204,,764,206,722
2035,5,12,11,19.6,58.5,1.4,3.2,198,,846,161,808
2035,5,12,12,20.9,53.5,1.5,2.8,203,,862,207,744
2035,5,12,13,22.4,50.5,1.8,3.9,203,,839,286,637
2035,5,12,14,22,49.5,1.4,4,198,,573,308,327
2035,5,12,15,22.8,46.1,0.9,2.1,187,,359,333,36
2035,5,12,16,22.8,41.7,1,2.2,216,,317,256,105
2035,5,12,17,22.9,40.1,1.3,3,280,,222,184,88
2035,5,12,18,22.4,45.3,1.5,3.5,309,,51,51,0
2035,5,12,19,19,67.3,2.2,5.6,39,,7,7,0
2035,5,12,20,17.6,75.4,2.4,7.8,56,,2,0,0
2035,5,12,21,17.1,78.5,2.6,6.1,29,,2,0,0
2035,5,12,22,16.6,80,2.4,5.8,5,,0,0,0
2035,5,12,23,16.1,78.6,2.7,6.1,21,,0,0,0
2035,5,13,0,16.1,80.1,1.4,3.4,346,,0,0,0
2035,5,13,1,15.6,80.1,0.7,3,270,,0,0,0
2035,5,13,2,15.4,82.2,0.6,1.7,59,,0,0,0
2035,5,13,3,15.2,82.4,0.6,1.7,315,,0,0,0
2035,5,13,4,15.1,83.1,0.7,1.7,270,,2,0,0
2035,5,13,5,13.2,79.1,2.8,7.3,355,,9,9,0
2035,5,13,6,12.4,76.6,2.8,6,13,,11,11,0
2035,5,13,7,11.8,78.4,2.4,6.4,333,,15,15,0
2035,5,13,8,11.5,79.2,1.6,3.5,281,,29,29,0
2035,5,13,9,11.4,79.4,2.1,6.9,357,,63,63,0
2035,5,13,10,11.4,76.7,1.5,4,276,,106,106,0
2035,5,13,11,11.4,76,2,5.1,308,,155,155,1
2035,5,13,12,11.8,72.5,2,5,329,,139,139,0
2035,5,13,13,11.7,70.3,1.9,5.3,325,,143,143,0
2035,5,13,14,11.9,69.6,1.9,5.2,317,,116,116,0
2035,5,13,15,11.8,70,2.1,5,342,,122,122,0
2035,5,13,16,11.5,72.2,1.9,4.3,317,,53,53,0
2035,5,13,17,11.2,69.9,1.9,4.6,322,,32,32,0
2035,5,13,18,11,78.3,2.5,5.1,280,,15,15,0
2035,5,13,19,10.8,85.8,2.6,6.1,259,,4,4,0
2035,5,13,20,10.5,85.5,2.7,7.2,254,,2,0,0
2035,5,13,21,10.4,83.7,2,5.6,254,,2,0,0
2035,5,13,22,10.1,80.4,0.9,2.4,291,,0,0,0
2035,5,13,23,10.1,77.2,1,2.9,293,,0,0,0
2035,5,14,0,10,76.4,1.3,2.6,294,,0,0,0
2035,5,14,1,10,77,1,2.5,283,,0,0,0
2035,5,14,2,9.9,76.2,1.3,2.9,279,,0,0,0
2035,5,14,3,9.7,77.8,1.3,3.2,288,,0,0,0
2035,5,14,4,9.8,76.4,1.3,3.2,293,,2,0,0
2035,5,14,5,9.7,77.7,2.4,5.5,280,,8,8,0
2035,5,14,6,9.5,81.8,2.4,5.1,280,,32,32,0
2035,5,14,7,9.8,80.5,2.2,4.4,275,,135,131,11
2035,5,14,8,10,78.6,2.2,4.6,273,,263,229,64
2035,5,14,9,10.7,73.3,1.5,3.7,225,,380,323,86
2035,5,14,10,11.4,68.5,1.9,3.8,210,,534,386,189
2035,5,14,11,11.6,66.4,1.6,3.5,203,,583,385,231
2035,5,14,12,12.9,61.5,2.1,4.4,193,,957,337,702
2035,5,14,13,13.8,56.4,1.9,4.4,198,,900,185,821
2035,5,14,14,14.3,54,1.8,4.1,202,,789,254,656
2035,5,14,15,14.6,53.9,1.5,3.5,215,,576,318,357
2035,5,14,16,14.9,54.1,1.4,3,215,,368,252,196
2035,5,14,17,14.6,55,1.3,3.1,200,,115,115,0
2035,5,14,18,14.5,56.7,0.9,2.3,262,,51,51,0
2035,5,14,19,14.2,64.1,1.2,2.9,259,,9,9,0
2035,5,14,20,14.1,71.6,0.9,3.9,207,,3,0,0
2035,5,14,21,13.3,80.1,1,3.1,162,,3,0,0
2035,5,14,22,12.8,83.7,1.9,4.1,276,,0,0,0
2035,5,14,23,12.5,85,2,4.8,276,,0,0,0
2035,5,15,0,12,86.4,2.2,4.9,284,,0,0,0
2035,5,15,1,11.7,86.5,2.6,5.8,289,,0,0,0
2035,5,15,2,11.7,85.8,2.2,4.5,299,,0,0,0
2035,5,15,3,11.8,84.8,1.9,3.9,304,,0,0,0
2035,5,15,4,11.8,84.5,0.9,2.5,284,,2,0,0
2035,5,15,5,11.9,83,0.6,1.6,180,,7,7,0
2035,5,15,6,11.9,81,0.3,1.1,236,,19,19,0
2035,5,15,7,11.9,81.4,0.4,1.7,153,,49,49,0
2035,5,15,8,12.2,83.1,0.7,1.9,149,,39,39,0
2035,5,15,9,12.5,83.9,0.6,2.1,202,,147,147,0
2035,5,15,10,12.9,79,1.2,3.2,209,,587,414,222
2035,5,15,11,13.4,76.6,1.6,3.6,217,,245,244,1
2035,5,15,12,12.9,81.4,1.6,4.7,250,,156,156,0
2035,5,15,13,14.2,78.7,0.7,2.4,217,,407,393,16
2035,5,15,14,14.5,76.2,1.2,3.3,201,,374,361,16
2035,5,15,15,15.1,70.5,1.2,3.4,225,,517,309,287
2035,5,15,16,14.9,69.5,1.2,3,207,,265,243,37
2035,5,15,17,14.1,80,1,2.9,98,,45,45,0
2035,5,15,18,14.2,79.8,1.5,3.5,21,,48,48,0
2035,5,15,19,14.6,81.4,0.7,2.1,45,,17,17,0
2035,5,15,20,14.1,81.4,1,4,30,,3,0,0
2035,5,15,21,13.9,82.2,1.1,3,16,,2,0,0
2035,5,15,22,13.6,81.2,1.5,2.9,28,,0,0,0
2035,5,15,23,13.1,81.6,1.6,3,23,,0,0,0
2035,5,16,0,13.1,82.7,1.6,3.5,23,,0,0,0
2035,5,16,1,12.8,81.4,1.8,3.3,27,,0,0,0
2035,5,16,2,12.4,81.3,1.7,3,25,,0,0,0
2035,5,16,3,12,82.2,1.8,3.5,22,,0,0,0
2035,5,16,4,11.7,82.9,1.8,3.4,22,,3,0,0
2035,5,16,5,12.1,84.2,1.2,2.9,20,,18,18,0
2035,5,16,6,12.5,84.2,0.6,1.8,53,,37,37,0
2035,5,16,7,12.6,82.8,1.4,2.9,270,,51,51,0
2035,5,16,8,12.5,80.2,1.6,3.7,262,,137,137,0
2035,5,16,9,13.4,78.3,1,2.4,277,,220,217,4
2035,5,16,10,13.6,79.8,1.5,3.7,295,,148,148,0
2035,5,16,11,13.6,82.7,1.2,2.7,225,,63,63,0
2035,5,16,12,12.8,84.6,0.9,3.3,129,,113,113,0
2035,5,16,13,13.4,78,0.4,1.4,153,,176,175,1
2035,5,16,14,13.7,78.9,0.9,2.7,153,,149,149,0
2035,5,16,15,13.9,74.2,0.7,2.6,214,,133,133,0
2035,5,16,16,14.6,73,0.8,2.5,180,,352,257,157
2035,5,16,17,14.3,73.2,0.6,1.9,153,,104,104,0
2035,5,16,18,14.4,75,0.4,1.3,153,,48,48,0
2035,5,16,19,14.4,75.7,0.7,1.5,76,,8,8,0
2035,5,16,20,14.4,78.6,0.9,2.3,30,,2,0,0
2035,5,16,21,14.4,79.4,0.7,2.8,63,,3,0,0
2035,5,16,22,14,81.4,0.7,2.2,16,,0,0,0
2035,5,16,23,14,80.7,0.8,1.9,8,,0,0,0
2035,5,17,0,13.9,77.7,1,2.1,36,,0,0,0
2035,5,17,1,13.2,79.9,1,2.9,18,,0,0,0
2035,5,17,2,12.7,81.9,1.8,3.2,15,,0,0,0
2035,5,17,3,12.2,77.7,1.5,3.2,36,,2,0,0
2035,5,17,4,11.8,79.2,1.5,4.2,20,,3,0,0
2035,5,17,5,12.1,77.7,0.5,1.9,360,,31,31,0
2035,5,17,6,12,78,1,2.7,68,,163,68,464
2035,5,17,7,13.2,74.8,0.8,2.9,180,,314,81,623
2035,5,17,8,13.8,74,1.3,3,186,,492,90,754
2035,5,17,9,14.2,72.2,1.6,3.5,205,,663,107,826
2035,5,17,10,15.7,68.1,1.6,3.4,207,,816,130,875
2035,5,17,11,17.9,53.5,1.7,4.3,192,,937,170,894
2035,5,17,12,19.5,46.8,2.6,8,90,,902,249,733
2035,5,17,13,19.7,47.5,3.5,9.3,40,,769,326,506
2035,5,17,14,20.2,46,2.9,8.5,37,,914,292,758
2035,5,17,15,19.7,45.1,2.6,9.1,23,,433,331,140
2035,5,17,16,19.5,48.4,3.2,9.2,39,,325,279,76
2035,5,17,17,18.8,52.1,2.8,8.3,31,,258,198,133
2035,5,17,18,17.8,52.3,2.7,9.1,51,,129,114,53
2035,5,17,19,16.7,57.2,3.7,10.9,45,,44,41,29
2035,5,17,20,15.7,62.1,4.2,11.4,37,,3,0,0
2035,5,17,21,15.4,65.5,3.6,9.7,38,,2,0,0
2035,5,17,22,15,69.1,3.2,8.4,51,,0,0,0
2035,5,17,23,14.5,72.6,3.6,9.7,31,,0,0,0
2035,5,18,0,14.2,73.2,3.9,9.1,26,,0,0,0
2035,5,18,1,14.1,72.6,1.4,5.8,31,,0,0,0
2035,5,18,2,13.4,74.8,1.2,5.1,34,,0,0,0
2035,5,18,3,13.3,74,2.4,4.8,82,,2,0,0
2035,5,18,4,12.7,75.3,1.6,4.3,60,,3,0,0
2035,5,18,5,12.6,74.9,0.8,2.8,31,,23,23,0
2035,5,18,6,13.1,72.5,1.1,2.8,360,,174,56,571
2035,5,18,7,14,70.4,1.2,2.5,225,,356,147,556
2035,5,18,8,14.5,70.6,1.5,5,45,,326,237,165
2035,5,18,9,15.4,66.4,2.3,5.5,33,,582,242,504
2035,5,18,10,16.7,61.9,2.1,6.8,307,,782,178,768
2035,5,18,11,17.4,61.5,2,3.9,199,,877,167,827
2035,5,18,12,18.2,57.5,1.5,3.3,207,,886,188,784
2035,5,18,13,19.2,54.4,1.7,3.9,210,,880,172,806
2035,5,18,14,20.4,50.5,1.9,5,208,,814,162,792
2035,5,18,15,22.5,34.5,2.3,6.7,90,,693,177,708
2035,5,18,16,23.3,32.5,2.9,7.6,32,,530,169,601
2035,5,18,17,22.3,40.1,2.9,7.1,23,,324,173,336
2035,5,18,18,20.8,46.3,3.2,8.5,4,,139,115,86
2035,5,18,19,19.7,51.4,2.7,8.5,16,,54,42,100
2035,5,18,20,18.6,52.7,3.4,8.4,30,,5,0,0
2035,5,18,21,18.1,54.1,3.6,9,36,,2,0,0
2035,5,18,22,17.7,55.5,2,6.8,45,,0,0,0
2035,5,18,23,16.9,59.7,2,6.8,38,,0,0,0
2035,5,19,0,16.2,63,1.1,4.3,27,,0,0,0
2035,5,19,1,15.2,66.6,0.8,3,31,,0,0,0
2035,5,19,2,14.9,67.6,1,4.2,45,,0,0,0
2035,5,19,3,14.4,69,1.4,2.9,27,,3,0,0
2035,5,19,4,14,70.1,1.4,2.5,30,,3,0,0
2035,5,19,5,13.8,71.3,1.4,2.7,36,,31,31,0
2035,5,19,6,14.5,69.4,0.9,2.6,60,,138,61,367
2035,5,19,7,15,69.2,1.3,2.4,124,,311,91,581
2035,5,19,8,15.6,69.9,1.4,2.7,180,,510,80,800
2035,5,19,9,16.2,65.7,1.6,3.2,214,,666,99,837
2035,5,19,10,17.2,62.4,1.6,3.2,222,,776,143,803
2035,5,19,11,17.8,61.8,1.7,3.4,198,,851,179,780
2035,5,19,12,19.4,57.5,1.5,3.5,207,,875,233,720
2035,5,19,13,20.1,54.9,1.9,5.3,227,,809,348,523
2035,5,19,14,19.5,55.2,3.3,9,13,,304,289,18
2035,5,19,15,19.8,45.3,2.8,7.1,353,,362,346,22
2035,5,19,16,18.9,48.4,3.5,8.7,115,,362,261,168
2035,5,19,17,18.7,52.7,3.2,7.9,125,,386,160,501
2035,5,19,18,18.4,51.6,1.6,5.5,94,,182,116,234
2035,5,19,19,17.6,53.2,1.8,5.6,18,,35,35,0
2035,5,19,20,16.3,58.2,2,7.8,22,,4,0,0
2035,5,19,21,15.3,61.1,4.1,11,39,,2,0,0
2035,5,19,22,14.8,64.4,1.8,8.4,56,,0,0,0
2035,5,19,23,14.3,67.4,1,3.2,304,,0,0,0
2035,5,20,0,14,66.9,1.3,3.6,31,,0,0,0
2035,5,20,1,13.6,71.2,2.7,6.8,18,,0,0,0
2035,5,20,2,13.6,68.5,1.5,6.1,29,,0,0,0
2035,5,20,3,13.2,73.7,1.5,3,343,,3,0,0
2035,5,20,4,13,75.4,1.7,4,22,,3,0,0
2035,5,20,5,12.5,74.6,2,4.7,24,,29,29,0
2035,5,20,6,13.1,73.1,1.7,5.1,12,,176,67,514
2035,5,20,7,13.9,71.6,1.2,3.4,212,,340,75,698
2035,5,20,8,14.5,71,1.7,3.6,217,,540,118,782
2035,5,20,9,15,69.3,1.6,3.3,208,,636,193,653
2035,5,20,10,16.3,65.2,1.6,3.3,205,,817,162,830
2035,5,20,11,16.7,64,1.7,3.3,191,,888,163,841
2035,5,20,12,18.4,59.3,1.6,3.4,201,,903,168,822
2035,5,20,13,19.4,54.9,1.6,3.5,193,,887,167,816
2035,5,20,14,19.5,53.3,1.6,3.3,184,,823,226,723
2035,5,20,15,19.2,54.8,1.2,4.4,193,,444,335,149
2035,5,20,16,20,50.7,1.2,3.6,198,,324,270,89
2035,5,20,17,20.1,49.1,1.2,3,169,,296,195,224
2035,5,20,18,18.7,57.1,1.5,3.9,141,,162,127,123
2035,5,20,19,17.8,58.7,1.1,3.6,117,,44,41,24
2035,5,20,20,17.8,58.7,2.2,5,22,,4,0,0
2035,5,20,21,17.2,62.3,1.9,3.9,24,,3,0,0
2035,5,20,22,16.7,64.5,1.4,3,36,,0,0,0
2035,5,20,23,15.9,69.5,1.1,2.6,29,,0,0,0
2035,5,21,0,15.9,69.5,1.6,3,32,,0,0,0
2035,5,21,1,16.1,67.9,1.2,2.4,31,,0,0,0
2035,5,21,2,15.7,72.2,1.1,1.9,37,,0,0,0
2035,5,21,3,15.7,73.3,1.3,2.1,29,,2,0,0
2035,5,21,4,15.5,74,1.6,2.9,32,,4,0,0
2035,5,21,5,15.4,75.6,1.2,2.3,31,,28,28,0
2035,5,21,6,15.7,77.5,0.6,1.9,53,,125,76,229
2035,5,21,7,16.1,74.5,0.7,2.1,162,,201,156,115
2035,5,21,8,16.9,69.7,1.3,3,200,,541,212,608
2035,5,21,9,17.4,65.6,1.5,3.7,207,,652,175,702
2035,5,21,10,17.6,64.3,1.5,2.9,203,,665,318,439
2035,5,21,11,17.8,62.9,1.2,2.8,174,,429,386,50
2035,5,21,12,17.9,58.9,1,2.6,150,,282,280,2
2035,5,21,13,19.8,53.1,0.9,3,180,,498,406,104
2035,5,21,14,21.3,40.5,1.2,3.2,214,,599,381,263
2035,5,21,15,22.8,36.1,2.3,4.4,229,,646,272,511
2035,5,21,16,23.2,32.4,1.8,4.4,228,,423,271,251
2035,5,21,17,22.5,33.1,0.8,2.1,191,,244,197,102
2035,5,21,18,22.3,42.7,1.1,3.7,45,,121,113,26
2035,5,21,19,21.2,46.6,1.2,4.9,49,,53,45,67
2035,5,21,20,19.8,49.5,1.6,4.3,347,,4,0,0
2035,5,21,21,18.9,51.8,1.7,5.4,12,,3,0,0
2035,5,21,22,18.7,51.9,1.1,4.3,40,,0,0,0
2035,5,21,23,18.1,56.7,1.5,3.6,4,,0,0,0
2035,5,22,0,17.5,64.7,1,2.7,36,,0,0,0
2035,5,22,1,17,66.9,1.8,3,17,,0,0,0
2035,5,22,2,16.6,71,1.7,4,330,,0,0,0
2035,5,22,3,16.4,71.5,1.7,3.1,360,,3,0,0
2035,5,22,4,16.1,70.7,1.8,3,16,,4,0,0
2035,5,22,5,16,71.2,1.7,3.2,21,,39,39,0
2035,5,22,6,16.2,71.9,0.6,2.3,53,,143,59,389
2035,5,22,7,17,69.5,0.7,2.2,129,,319,116,527
2035,5,22,8,17.8,60.4,1.3,2.9,185,,540,112,786
2035,5,22,9,18.4,52.2,1.6,3.3,216,,682,93,864
2035,5,22,10,20,50.8,1.5,3.1,189,,806,121,864
2035,5,22,11,20.8,51.7,1.7,3.7,215,,880,172,818
2035,5,22,12,20.9,53.3,1.8,3.5,207,,879,275,673
2035,5,22,13,22.4,48.9,1.8,3.7,205,,914,248,752
2035,5,22,14,22.6,47.2,1.8,3.7,205,,635,397,287
2035,5,22,15,20.5,65.3,2.7,8.2,72,,177,174,4
2035,5,22,16,19.2,72.6,3.6,8.5,353,,84,84,0
2035,5,22,17,18.6,70.8,1.3,5.3,30,,35,35,0
2035,5,22,18,18.1,78.6,0.8,2.4,180,,13,13,0
2035,5,22,19,17.1,82.1,1.1,3.1,284,,8,8,0
2035,5,22,20,17,80.9,1,2.9,343,,2,0,0
2035,5,22,21,17,79.2,1.1,3.1,11,,2,0,0
2035,5,22,22,16.6,79.3,1.1,2.6,11,,0,0,0
2035,5,22,23,16.5,78.5,1.3,2.4,18,,0,0,0
2035,5,23,0,16.5,80.5,1.5,3,23,,0,0,0
2035,5,23,1,16.6,79.9,1.6,3.2,18,,0,0,0
2035,5,23,2,16.8,79.9,1,2.4,6,,0,0,0
2035,5,23,3,16.8,79.2,0.6,1.2,31,,2,0,0
2035,5,23,4,16.8,80.9,0.8,1.5,30,,3,0,0
2035,5,23,5,16.8,82.6,0.4,1.2,360,,50,50,0
2035,5,23,6,17.1,78.9,0.6,1.5,191,,85,79,29
2035,5,23,7,17,79.1,0.5,1.2,202,,60,60,0
2035,5,23,8,17.1,78,0.8,1.7,262,,102,102,0
2035,5,23,9,17.4,77,1,2.5,249,,117,117,0
2035,5,23,10,17.6,76.6,1.3,2.5,231,,137,137,0
2035,5,23,11,17.5,75.5,1.5,3.3,253,,254,250,4
2035,5,23,12,17.9,72.3,2,3.6,225,,560,395,183
2035,5,23,13,18,74.6,1.9,3.5,227,,366,355,13
2035,5,23,14,17.8,73.6,2.3,4.4,253,,385,369,20
2035,5,23,15,17.9,72.8,1.7,3.4,242,,207,205,2
2035,5,23,16,17.8,67.9,0.8,2.1,261,,169,169,0
2035,5,23,17,18,70,1.3,3,259,,181,174,16
2035,5,23,18,17.6,69.4,1,2.3,187,,136,114,74
2035,5,23,19,17.8,72.4,0.6,1.7,117,,59,44,120
2035,5,23,20,17.7,74.5,0.9,2.6,63,,4,0,0
2035,5,23,21,17.3,79.5,1.4,3.3,52,,2,0,0
2035,5,23,22,16.9,80.1,1.1,3.3,27,,0,0,0
2035,5,23,23,16.5,82.1,1.6,3.5,27,,0,0,0
2035,5,24,0,16.4,83.2,1.9,3.8,19,,0,0,0
2035,5,24,1,16,83.1,2.1,4.2,23,,0,0,0
2035,5,24,2,16,83.4,1.4,3,9,,0,0,0
2035,5,24,3,16.3,83.1,0.9,1.7,13,,2,0,0
2035,5,24,4,16.1,84.1,0.4,1,72,,3,0,0
2035,5,24,5,15.5,82.9,0.7,1.7,326,,43,43,0
2035,5,24,6,16,80.4,0.9,2.5,270,,136,76,273
2035,5,24,7,16.3,78.9,1.1,2.5,238,,329,116,549
2035,5,24,8,16.9,75.5,1.2,2.7,185,,546,125,771
2035,5,24,9,17.8,72,1.4,3.1,184,,685,94,862
2035,5,24,10,18.7,67.6,1.5,3.3,188,,811,120,868
2035,5,24,11,19.6,62.1,1.4,3.1,193,,884,150,847
2035,5,24,12,20.7,51.3,1.8,3.7,194,,905,176,811
2035,5,24,13,22.7,41.2,1.8,3.7,188,,888,178,800
2035,5,24,14,23,36.1,1.5,3.9,203,,824,159,798
2035,5,24,15,23.7,39.9,1.5,3.3,180,,706,153,748
2035,5,24,16,24.5,39,1.6,4.2,168,,577,109,764
2035,5,24,17,23.8,39.6,1.3,3.1,160,,397,113,615
2035,5,24,18,22.4,41.1,1.2,2.9,142,,213,91,410
2035,5,24,19,21.9,41.8,1.1,2.7,45,,50,43,53
2035,5,24,20,20.9,47.1,2.3,4.9,24,,5,0,0
2035,5,24,21,19.6,53.4,2.5,5.5,27,,3,0,0
2035,5,24,22,18.7,58,2.5,5.1,22,,0,0,0
2035,5,24,23,18.9,56,2.5,4.4,15,,0,0,0
2035,5,25,0,18.4,60,1.5,3,25,,0,0,0
2035,5,25,1,17.9,62.9,1.7,2.9,4,,0,0,0
2035,5,25,2,17.5,64.2,1.7,3.9,28,,0,0,0
2035,5,25,3,16.6,67.2,1.9,3.6,22,,2,0,0
2035,5,25,4,16.9,58.9,2,3.6,32,,6,0,0
2035,5,25,5,16.7,60.5,1.5,3.3,25,,58,58,0
2035,5,25,6,17.4,58.8,0.9,1.9,50,,186,56,584
2035,5,25,7,18.2,56.7,1.5,3.8,138,,375,71,782
2035,5,25,8,19,55.4,1.4,3,170,,535,78,834
2035,5,25,9,19.7,56.4,1.2,2.7,204,,685,95,858
2035,5,25,10,21.1,49.9,1.5,2.8,185,,805,126,851
2035,5,25,11,22.3,46.4,1.6,3.4,197,,877,179,803
2035,5,25,12,22.6,47,1.5,3.3,194,,883,279,671
2035,5,25,13,24.7,46.6,1.2,3.2,191,,770,366,454
2035,5,25,14,25.5,43.8,1.8,3.6,205,,810,231,694
2035,5,25,15,27.1,35.4,1.6,3.1,196,,699,220,646
2035,5,25,16,25.8,39.6,1.2,2.8,201,,396,285,179
2035,5,25,17,24.8,44.2,1.1,3.7,162,,291,206,184
2035,5,25,18,24.7,40.7,0.4,1.5,90,,135,115,63
2035,5,25,19,23.8,44.7,0.8,2.5,30,,38,38,0
2035,5,25,20,22.8,50.4,2,4,21,,3,0,0
2035,5,25,21,22.4,52.9,1.8,3.8,17,,2,0,0
2035,5,25,22,21.5,57.4,2.2,4.5,22,,0,0,0
2035,5,25,23,20.5,57.8,2.2,5.2,25,,0,0,0
2035,5,26,0,20.2,56.5,2,4.5,35,,0,0,0
2035,5,26,1,19.4,60.8,2,3.5,24,,0,0,0
2035,5,26,2,19,59.2,1.9,3.6,29,,0,0,0
2035,5,26,3,18.6,61.6,1.8,3.4,24,,2,0,0
2035,5,26,4,18.2,60.8,1.8,3,27,,3,0,0
2035,5,26,5,18.1,61.1,1.4,3.1,32,,42,42,0
2035,5,26,6,19.1,57.3,0.7,2.4,68,,199,98,447
2035,5,26,7,19.9,60.6,1.1,3.3,146,,323,128,501
2035,5,26,8,20.1,61.9,2,8.1,253,,399,306,168
2035,5,26,9,19.8,66.9,2.1,4.5,13,,78,78,0
2035,5,26,10,20.1,67.4,1.5,4.2,333,,440,341,124
2035,5,26,11,21.1,55.4,1.3,3.1,246,,640,326,360
2035,5,26,12,22.3,48.9,1.5,3.1,176,,368,329,42
2035,5,26,13,23.9,53,1.4,3.1,151,,701,431,303
2035,5,26,14,25.2,47,1.8,4.2,159,,766,406,432
2035,5,26,15,24.2,48.6,1.3,5.4,70,,170,169,1
2035,5,26,16,23.9,48.4,1.8,9,118,,49,49,0
2035,5,26,17,23.5,47.3,3.8,13.1,88,,239,205,74
2035,5,26,18,23.7,44.2,3.6,10.8,81,,224,114,365
2035,5,26,19,22.8,45.4,3,7.4,66,,51,45,46
2035,5,26,20,23,42.5,3.7,9,66,,3,0,0
2035,5,26,21,22.1,45.2,3.4,9.8,65,,2,0,0
2035,5,26,22,22,44.4,2.2,6,58,,0,0,0
2035,5,26,23,20.8,50.8,2.5,6.9,51,,0,0,0
2035,5,27,0,21,47.3,3.6,10.1,81,,0,0,0
2035,5,27,1,20.5,48.5,2,7.9,83,,0,0,0
2035,5,27,2,19.9,51.1,3.3,10.5,84,,0,0,0
2035,5,27,3,19.9,50.2,2.9,9.9,76,,2,0,0
2035,5,27,4,18.4,64.9,1.7,5.4,144,,3,0,0
2035,5,27,5,18.5,68,1.6,3.2,17,,14,14,0
2035,5,27,6,18.6,67.5,1.3,5.1,49,,22,22,0
2035,5,27,7,18.5,69.7,1.4,3.8,58,,39,39,0
2035,5,27,8,20,62.6,1,4.3,243,,345,252,170
2035,5,27,9,20.6,63.3,1.5,4.2,246,,453,344,158
2035,5,27,10,21.3,58,1.6,4,270,,422,354,85
2035,5,27,11,22.2,59.6,1,2.6,214,,564,374,219
2035,5,27,12,22.2,57.4,1.1,3.5,284,,280,275,5
2035,5,27,13,23.8,53.4,1.2,4.1,153,,513,394,134
2035,5,27,14,26.7,42.4,1.9,5.7,131,,782,324,547
2035,5,27,15,26.9,42.9,1.4,5.4,153,,620,299,430
2035,5,27,16,26.6,44,1.4,4.2,180,,390,288,165
2035,5,27,17,26.4,41.2,1.2,5.9,146,,229,197,68
2035,5,27,18,23.6,52.4,3.4,11.7,272,,35,35,0
2035,5,27,19,19.6,66.3,3.3,10.3,291,,6,6,0
2035,5,27,20,18.3,76.7,1.7,4.9,318,,2,0,0
2035,5,27,21,18.3,76.3,2.7,6.7,21,,2,0,0
2035,5,27,22,18.5,78,1.9,4.9,25,,0,0,0
2035,5,27,23,17.6,80.6,1.2,3.1,347,,0,0,0
2035,5,28,0,17.7,78.9,1.8,3.6,14,,0,0,0
2035,5,28,1,17.7,78.1,1.2,3.6,45,,0,0,0
2035,5,28,2,17.6,77.6,1.1,2.8,37,,0,0,0
2035,5,28,3,17.5,79,0.8,2.3,22,,2,0,0
2035,5,28,4,17.4,80.8,0.8,2,51,,3,0,0
2035,5,28,5,17.3,81.6,0.5,1.5,270,,46,46,0
2035,5,28,6,17.9,78.4,0.5,1.4,194,,71,71,0
2035,5,28,7,18.2,75.5,0.3,1.1,135,,82,82,0
2035,5,28,8,18.4,73.3,0.4,2.4,180,,129,129,0
2035,5,28,9,18.9,73.3,0.6,2.1,169,,196,191,7
2035,5,28,10,19.9,71.1,1.1,3.6,167,,664,401,329
2035,5,28,11,20.3,67.7,0.8,2.1,172,,277,266,13
2035,5,28,12,21.5,63.7,1.5,3.7,203,,852,393,506
2035,5,28,13,22.4,63.2,1.1,3.1,186,,753,366,434
2035,5,28,14,23.4,57.6,1,3,203,,684,365,381
2035,5,28,15,25.4,51.6,1.2,3.4,207,,639,284,476
2035,5,28,16,25.1,51.8,1.1,3,196,,362,286,121
2035,5,28,17,23.4,55.9,1.1,3.4,261,,211,200,24
2035,5,28,18,22.4,61.9,1,3.3,243,,131,125,20
2035,5,28,19,21.9,64.9,2.5,5.9,285,,30,30,0
2035,5,28,20,21,66.8,2.6,6.3,280,,4,0,0
2035,5,28,21,20.3,71.4,1.9,4.9,283,,3,0,0
2035,5,28,22,19.7,73,1.6,6,278,,0,0,0
2035,5,28,23,19.1,73.4,1.6,4.5,293,,0,0,0
2035,5,29,0,18.4,76.2,2.6,6.3,277,,0,0,0
2035,5,29,1,17.5,83.1,2.5,5.9,288,,0,0,0
2035,5,29,2,17.1,86,1.9,4.7,294,,0,0,0
2035,5,29,3,16.9,86.3,1.5,3.5,283,,2,0,0
2035,5,29,4,17.3,85,1.4,3.5,309,,2,0,0
2035,5,29,5,17.3,83.1,0.7,1.6,321,,7,7,0
2035,5,29,6,17.5,82.4,0.3,1.1,117,,62,62,0
2035,5,29,7,17.8,80.7,0.4,1.1,146,,119,119,0
2035,5,29,8,18.2,77.6,0.7,2.4,121,,180,178,3
2035,5,29,9,18.9,79.3,0.9,2.3,187,,336,314,32
2035,5,29,10,19.5,74.9,1,2.2,180,,447,362,107
2035,5,29,11,20,71.8,1,2.9,187,,743,370,426
2035,5,29,12,20.7,66.8,1.5,3.3,167,,897,263,699
2035,5,29,13,21.8,61.4,1.5,3.4,167,,878,203,755
2035,5,29,14,22.9,55.5,1.3,2.9,180,,817,202,732
2035,5,29,15,23.9,49.2,1.4,2.9,189,,684,224,616
2035,5,29,16,24,46.8,1.2,2.6,197,,496,249,398
2035,5,29,17,23.5,44,0.9,4.7,180,,425,133,619
2035,5,29,18,23.3,49.2,0.9,3.5,180,,209,112,316
2035,5,29,19,21.5,58.3,1.2,3.5,67,,35,35,0
2035,5,29,20,21.3,58.9,1.2,3.1,24,,4,0,0
2035,5,29,21,20.3,66.5,1.1,3.5,101,,4,0,0
2035,5,29,22,18.6,79.2,2,4.3,4,,0,0,0
2035,5,29,23,18.7,80.6,1.8,3.5,32,,0,0,0
2035,5,30,0,18.1,81.4,1.6,4.4,25,,0,0,0
2035,5,30,1,17.7,78.5,1.4,3.1,25,,0,0,0
2035,5,30,2,17.2,81.1,2.3,4.4,18,,0,0,0
2035,5,30,3,16.9,80.5,2.2,5.3,22,,2,0,0
2035,5,30,4,16.7,78.2,1.8,4.6,36,,4,0,0
2035,5,30,5,17.1,78.1,1.6,3,27,,43,43,0
2035,5,30,6,17.4,78.6,0.7,2.6,39,,141,83,249
2035,5,30,7,18,76.8,0.7,2.1,180,,204,166,95
2035,5,30,8,19.1,74.3,1,2.7,201,,446,210,426
2035,5,30,9,19.6,71.9,1,3.4,219,,630,185,643
2035,5,30,10,20.5,68.7,1.3,3.1,211,,800,149,812
2035,5,30,11,21.7,63.2,1.3,3.9,218,,873,245,718
2035,5,30,12,22.1,62.2,1.7,3.7,208,,697,480,238
2035,5,30,13,22,63.9,1.1,3.1,212,,331,302,32
2035,5,30,14,21.2,70.3,1.7,5.2,112,,131,131,0
2035,5,30,15,23.5,60.7,1.3,4,315,,486,375,149
2035,5,30,16,23.8,57.8,2.1,3.9,232,,550,210,545
2035,5,30,17,23.1,59.7,1.1,4,229,,285,209,161
2035,5,30,18,22.4,60.8,0.9,2.7,214,,59,59,0
2035,5,30,19,20,75.3,2.8,8.4,277,,17,17,0
2035,5,30,20,19.1,77.7,2.5,7.2,288,,3,0,0
2035,5,30,21,18.5,77.8,1.7,5.6,278,,3,0,0
2035,5,30,22,18.3,79.9,0.9,3.4,81,,0,0,0
2035,5,30,23,18.4,74.3,1.5,3,25,,0,0,0
2035,5,31,0,18,76.7,1.8,3.6,17,,0,0,0
2035,5,31,1,17.8,74,1.4,3.1,32,,0,0,0
2035,5,31,2,17.5,72.9,1.5,3.5,25,,0,0,0
2035,5,31,3,17.3,71.1,0.8,2.3,51,,2,0,0
2035,5,31,4,16.9,71.4,1.6,3.7,30,,4,0,0
2035,5,31,5,16.8,76.2,1,2.4,45,,41,41,0
2035,5,31,6,17,78.6,0.8,2.7,243,,176,75,431
2035,5,31,7,17.4,79,1.5,3,243,,302,137,414
2035,5,31,8,17.9,76,1.1,2.5,198,,376,247,232
2035,5,31,9,19.1,70,1.3,3.6,204,,648,194,655
2035,5,31,10,20.1,66,1.4,3.7,203,,714,287,532
2035,5,31,11,20.7,61.9,1.5,3.3,197,,781,335,510
2035,5,31,12,21.2,56.4,2,4.4,239,,689,483,227
2035,5,31,13,21,58.5,2.1,4.4,245,,321,294,30
2035,5,31,14,19.8,74.9,3.4,7.6,33,,227,225,3
2035,5,31,15,20.7,68.6,1.6,4.8,300,,189,188,2
2035,5,31,16,19.7,73.4,2.3,6.7,355,,215,206,14
2035,5,31,17,19.1,67.3,3.3,7.2,355,,164,161,6
2035,5,31,18,18.3,67.7,2.3,6.2,315,,30,30,0
2035,5,31,19,17,79.9,1.4,5.5,320,,19,19,0
2035,5,31,20,17.3,78.4,1.8,4.7,31,,5,0,0
2035,5,31,21,17.2,78.4,1.1,4.1,34,,2,0,0
2035,5,31,22,17.1,76.5,1.4,3.4,21,,0,0,0
2035,5,31,23,17.2,77.7,1.4,2.9,21,,0,0,0
2035,6,1,0,17.2,77.7,1.4,2.7,23,,0,0,0
2035,6,1,1,16.9,78,1.4,2.7,360,,0,0,0
2035,6,1,2,16.8,78.4,1.2,2.6,350,,0,0,0
2035,6,1,3,16.7,77.5,1.2,2.6,15,,3,0,0
2035,6,1,4,16.6,78.6,1.7,2.6,17,,4,0,0
2035,6,1,5,16.3,78.8,1.5,2.6,30,,24,24,0
2035,6,1,6,16.7,78.1,0.7,2.6,51,,187,56,560
2035,6,1,7,17.5,75.9,1.1,2.6,198,,380,76,761
2035,6,1,8,17.7,74.6,1.3,3.1,200,,582,222,648
2035,6,1,9,19.2,66.6,1.3,3,207,,630,218,593
2035,6,1,10,19.3,62.3,1.4,3.3,204,,816,176,796
2035,6,1,11,20.1,57.1,1.7,3.8,207,,896,149,852
2035,6,1,12,21.3,50.4,2.1,4.5,229,,910,186,796
2035,6,1,13,22.1,46.3,2,4.1,204,,888,199,767
2035,6,1,14,22.9,45.7,1.7,3.7,203,,832,171,783
2035,6,1,15,23.3,46.2,2,4.9,209,,738,159,771
2035,6,1,16,23.6,46.6,1.7,3.9,200,,524,215,493
2035,6,1,17,24.2,43.6,1.4,3.1,145,,362,181,380
2035,6,1,18,22.6,53.3,1,4.9,214,,130,119,34
2035,6,1,19,21.7,54.2,2.6,5.5,360,,42,42,0
2035,6,1,20,20.3,57.4,2.6,6.1,17,,6,0,0
2035,6,1,21,19.7,60.8,1.8,4.5,14,,2,0,0
2035,6,1,22,19.3,61.2,1.5,4.7,12,,0,0,0
2035,6,1,23,19,62.4,1.3,3.7,9,,0,0,0
2035,6,2,0,18.6,64.3,1.1,2.7,32,,0,0,0
2035,6,2,1,18.1,66.6,1.5,3.1,12,,0,0,0
2035,6,2,2,18,67,1.9,3.4,25,,0,0,0
2035,6,2,3,17.6,70.6,2.1,3.6,27,,2,0,0
2035,6,2,4,17.3,71.1,1.8,3.2,33,,5,0,0
2035,6,2,5,17.2,72.5,1.8,3.3,25,,37,37,0
2035,6,2,6,17.8,72.6,0.7,2.4,37,,197,55,604
2035,6,2,7,18.4,71.5,1,2.7,187,,374,69,761
2035,6,2,8,18.9,69.3,1.4,2.8,194,,543,70,848
2035,6,2,9,19.9,65.8,1.5,3.3,207,,696,97,862
2035,6,2,10,20.4,62.1,1.6,3.4,171,,821,124,867
2035,6,2,11,21.5,59,1.4,3.4,194,,898,143,860
2035,6,2,12,23,56.4,1.5,3.6,203,,917,199,790
2035,6,2,13,24.2,53.1,1.9,4,202,,886,194,770
2035,6,2,14,25,49,1.8,3.6,200,,830,169,782
2035,6,2,15,25.9,46,1.6,3.7,201,,706,204,666
2035,6,2,16,25.2,46.1,1.4,3.2,228,,492,255,378
2035,6,2,17,25.3,44.7,1.6,3.3,253,,344,211,277
2035,6,2,18,25.2,44.1,1,2.4,27,,91,91,0
2035,6,2,19,24.1,49.9,1.2,3.4,24,,68,54,95
2035,6,2,20,23.1,53.8,2.3,6,18,,6,0,0
2035,6,2,21,22.3,56.1,2.1,6.5,32,,2,0,0
2035,6,2,22,21.8,58,1,4.7,90,,0,0,0
2035,6,2,23,21.2,60.6,0.7,2.1,146,,0,0,0
2035,6,3,0,20.6,63.2,0.7,1.8,72,,0,0,0
2035,6,3,1,20.1,65.2,1.1,2.9,29,,0,0,0
2035,6,3,2,19.6,67,1.5,2.7,356,,0,0,0
2035,6,3,3,19.2,66.7,1.8,3.7,24,,2,0,0
2035,6,3,4,18.6,68.4,1.8,4.8,360,,6,0,0
2035,6,3,5,19.1,70,1.3,2.5,42,,43,43,0
2035,6,3,6,19.4,70.6,0.8,1.7,79,,184,116,292
2035,6,3,7,19.8,68.4,0.8,1.9,129,,207,168,97
2035,6,3,8,20.1,67.7,0.8,2.4,162,,254,235,32
2035,6,3,9,20.3,67.1,1.2,3.4,212,,464,343,174
2035,6,3,10,21.9,63.1,1.6,3.5,191,,815,228,727
2035,6,3,11,22.8,62,1.5,3.9,193,,858,214,733
2035,6,3,12,23.7,58.7,1.6,3.4,203,,891,212,745
2035,6,3,13,24.2,56.8,1.5,4.1,194,,889,181,786
2035,6,3,14,25.6,53.1,1.8,4.6,215,,830,267,666
2035,6,3,15,25.5,54.1,1.5,4.1,222,,347,297,66
2035,6,3,16,25.4,54.1,1.4,3.8,150,,161,161,1
2035,6,3,17,23.8,59.4,1.2,5.4,112,,107,107,0
2035,6,3,18,23,68,1.2,4.3,90,,31,31,0
2035,6,3,19,22.1,67.6,0.9,2.5,225,,24,24,0
2035,6,3,20,20.9,64.7,2.4,9,280,,4,4,0
2035,6,3,21,19.3,70.5,3.7,11,291,,3,0,0
2035,6,3,22,18.5,75.4,1.9,5.8,273,,0,0,0
2035,6,3,23,18.5,72.4,1.7,3.9,318,,0,0,0
2035,6,4,0,18.8,71.6,1.4,3.2,360,,0,0,0
2035,6,4,1,18.6,70.3,1.7,3.5,23,,0,0,0
2035,6,4,2,18.4,72.9,1,2.2,24,,0,0,0
2035,6,4,3,18.5,74.2,1.2,2.9,24,,2,0,0
2035,6,4,4,18.3,75.7,1.3,2.7,18,,6,0,0
2035,6,4,5,18.1,74.8,1,2.2,24,,45,45,0
2035,6,4,6,18.6,75.8,0.5,1.6,45,,168,77,381
2035,6,4,7,18.7,76.9,1.1,2.7,241,,171,159,29
2035,6,4,8,19.2,74.6,1.2,2.6,238,,360,253,193
2035,6,4,9,19.9,71.5,1.4,3.8,194,,493,348,207
2035,6,4,10,20.1,70.5,1.4,3.3,198,,656,337,396
2035,6,4,11,21.3,65.6,1.3,3.1,204,,650,436,244
2035,6,4,12,21.8,63.8,1.2,3.2,187,,592,451,154
2035,6,4,13,22.2,61,1.5,3.1,214,,623,457,184
2035,6,4,14,23.3,58.2,1.5,3.8,189,,698,363,396
2035,6,4,15,23.7,59.9,1.4,3.1,180,,673,295,500
2035,6,4,16,23.8,58,1.1,2.6,186,,235,220,23
2035,6,4,17,21.7,66.1,2.2,7.7,276,,88,88,0
2035,6,4,18,19.8,79.1,3,7.4,299,,44,44,0
2035,6,4,19,19.2,81.6,1.7,5.9,304,,10,10,0
2035,6,4,20,18.9,83.5,1.5,3.3,322,,3,3,0
2035,6,4,21,18.6,82.9,1.3,3.8,331,,2,0,0
2035,6,4,22,18.7,80.1,0.9,2.2,45,,2,0,0
2035,6,4,23,18.7,80.1,1.4,2.7,27,,0,0,0
2035,6,5,0,18.5,81.8,1.6,2.7,22,,0,0,0
2035,6,5,1,18.5,81.5,1.5,2.9,28,,0,0,0
2035,6,5,2,18.4,81.9,0.9,1.9,36,,0,0,0
2035,6,5,3,18.4,81.6,1.1,2,27,,2,0,0
2035,6,5,4,18.4,81.9,1,2,24,,4,0,0
2035,6,5,5,18.6,80.7,0.8,1.6,34,,34,34,0
2035,6,5,6,18.9,80.8,0.6,2.2,180,,131,91,169
2035,6,5,7,18.9,79.7,0.9,2.7,157,,224,169,138
2035,6,5,8,19.3,75.2,0.7,3.3,256,,454,238,387
2035,6,5,9,20.6,69.3,1.7,3.4,198,,726,266,660
2035,6,5,10,21.2,65.5,1.8,4.1,208,,809,177,783
2035,6,5,11,21.6,62.1,1.9,4.9,223,,838,258,658
2035,6,5,12,22.7,57.2,2,4.7,207,,850,313,589
2035,6,5,13,23.3,56.7,1.9,4.3,216,,839,339,554
2035,6,5,14,24.6,51.6,1.7,3.6,201,,848,203,760
2035,6,5,15,24.8,51.5,1.5,3.2,193,,665,272,520
2035,6,5,16,25.4,50.5,1.4,3.2,204,,563,151,651
2035,6,5,17,25.2,50.6,1.6,3.5,235,,409,145,545
2035,6,5,18,24.7,52.3,1.1,3.2,27,,82,82,0
2035,6,5,19,23.6,58,1.2,2.6,338,,27,27,0
2035,6,5,20,21.5,68.5,2.7,8.7,305,,4,4,0
2035,6,5,21,19.5,78.9,2.3,7.4,325,,4,0,0
2035,6,5,22,19.9,80.7,2.2,4.9,305,,1,0,0
2035,6,5,23,19.9,82,2.2,5.3,311,,0,0,0
2035,6,6,0,19.5,80.3,1.5,4.2,323,,0,0,0
2035,6,6,1,19.4,80.4,1.7,3.2,11,,0,0,0
2035,6,6,2,19.1,80.5,2,3.5,21,,0,0,0
2035,6,6,3,18.6,80.6,1.7,3.5,25,,2,0,0
2035,6,6,4,18.6,79.5,1.9,3,22,,9,0,0
2035,6,6,5,18.8,80.5,1.8,3.4,16,,28,28,0
2035,6,6,6,19.4,80,1.2,2.7,20,,103,89,58
2035,6,6,7,19.8,78.3,0.8,2.8,231,,249,167,202
2035,6,6,8,20.4,72.9,1.6,3.4,236,,495,199,529
2035,6,6,9,21.1,68.8,1.6,3.2,219,,468,335,191
2035,6,6,10,21,67.5,1.6,3.3,196,,467,369,122
2035,6,6,11,21.9,64.7,1.5,4.1,214,,677,425,286
2035,6,6,12,22,64.8,1.9,4.3,245,,691,444,270
2035,6,6,13,22.6,58.1,2,4.7,230,,599,425,192
2035,6,6,14,23.1,48.4,2.3,4.7,256,,761,335,501
2035,6,6,15,23.6,46,2.4,4.9,245,,402,352,64
2035,6,6,16,22.6,57.4,1.7,3.6,250,,127,127,0
2035,6,6,17,20.6,73.9,1.1,2.7,333,,41,41,0
2035,6,6,18,20.7,73.7,2.3,4,18,,83,83,0
2035,6,6,19,20.8,71.3,2,3.9,21,,49,49,0
2035,6,6,20,20.4,70.9,1.4,3.1,13,,4,4,0
2035,6,6,21,19.6,76.6,1.8,6.1,297,,2,0,0
2035,6,6,22,18.9,79.8,1.8,5.7,295,,3,0,0
2035,6,6,23,18.7,79.1,1.2,2.5,349,,0,0,0
2035,6,7,0,18.5,80.3,1.1,2.8,360,,0,0,0
2035,6,7,1,18.6,79.9,1.3,3.4,27,,0,0,0
2035,6,7,2,18.4,82.7,0.7,1.6,31,,0,0,0
2035,6,7,3,18.4,82.3,1,2.3,6,,2,0,0
2035,6,7,4,18.6,81.4,1.1,2.3,22,,3,0,0
2035,6,7,5,18.6,82,0.9,1.8,14,,18,18,0
2035,6,7,6,18.8,81.5,0.2,1,45,,79,79,0
2035,6,7,7,19.2,79.3,1.1,2.4,257,,180,165,36
2035,6,7,8,19.3,75.5,1.1,2.5,230,,339,255,151
2035,6,7,9,20.3,70.6,2.1,5,234,,550,304,352
2035,6,7,10,20.9,68,2.5,5.1,221,,726,275,558
2035,6,7,11,21,66.3,2,3.9,220,,818,312,573
2035,6,7,12,21.1,60.8,1.2,3.7,214,,725,429,323
2035,6,7,13,22.4,57,1.5,4.3,204,,724,417,340
2035,6,7,14,23.5,56.4,1.5,3.7,203,,755,339,489
2035,6,7,15,22.5,62.6,1.6,3.6,222,,421,362,78
2035,6,7,16,23.1,63.5,0.9,2.5,198,,266,243,36
2035,6,7,17,23.5,59,0.9,3.1,173,,203,195,17
2035,6,7,18,22.1,67,1.1,4,122,,105,105,0
2035,6,7,19,22.2,64.3,1.1,2.8,30,,29,29,0
2035,6,7,20,21.5,63.9,1.1,3.2,17,,6,6,0
2035,6,7,21,21,65.1,1.3,3.9,338,,2,0,0
2035,6,7,22,20.8,66.4,1.4,3.6,360,,2,0,0
2035,6,7,23,20.5,68.3,1.3,3.1,48,,0,0,0
2035,6,8,0,19.9,75.3,2.3,6.5,299,,0,0,0
2035,6,8,1,19.1,76.9,3.2,6.7,287,,0,0,0
2035,6,8,2,18.7,74.9,1.5,4.2,312,,0,0,0
2035,6,8,3,18.8,73.6,1.5,3.7,339,,2,0,0
2035,6,8,4,18.7,73.1,0.6,1.9,34,,5,0,0
2035,6,8,5,18.8,72.5,1.1,3.1,22,,20,20,0
2035,6,8,6,19.2,77.3,0.4,1.8,18,,126,83,180
2035,6,8,7,19.8,75.9,0.4,1.5,214,,155,149,15
2035,6,8,8,20.3,73.2,1.5,3.5,207,,472,220,450
2035,6,8,9,20.8,70.3,1.9,4,208,,500,341,227
2035,6,8,10,21.1,69,1.7,4.1,227,,358,344,17
2035,6,8,11,21.3,68.4,1.6,3.8,245,,446,440,7
2035,6,8,12,22.2,65.4,1.8,3.8,208,,566,409,171
2035,6,8,13,22.2,64.6,1.5,3.3,215,,415,399,18
2035,6,8,14,22.8,70.2,1.5,3.9,198,,579,278,354
2035,6,8,15,20.3,75.2,2.9,9,34,,68,68,0
2035,6,8,16,19.6,79.9,2.8,5.3,6,,83,83,0
2035,6,8,17,20.1,79.9,1.1,4,53,,104,104,0
2035,6,8,18,20,77.8,0.8,3,243,,94,94,0
2035,6,8,19,20.2,79.6,0.5,1.3,346,,26,26,0
2035,6,8,20,20,80.4,0.7,2,135,,3,3,0
2035,6,8,21,19.7,80,0.6,1.7,31,,2,0,0
2035,6,8,22,19.4,81.6,0.7,2.4,31,,2,0,0
2035,6,8,23,19.2,81.5,1.2,2.7,24,,0,0,0
2035,6,9,0,19.1,79.3,1.6,3.6,16,,0,0,0
2035,6,9,1,19,80.1,1.1,2.3,29,,0,0,0
2035,6,9,2,18.9,81,1.4,3.2,21,,0,0,0
2035,6,9,3,18.7,80,1.5,3,25,,2,0,0
2035,6,9,4,18.5,81.7,1.8,3.4,17,,9,0,0
2035,6,9,5,18.9,78.2,1.3,2.6,32,,55,55,0
2035,6,9,6,19,78.7,0.4,1.4,76,,93,87,25
2035,6,9,7,19.5,77.1,0.8,2.3,188,,266,163,255
2035,6,9,8,20,76,1,2.7,153,,412,219,345
2035,6,9,9,20.8,72.9,1.4,3,212,,629,227,575
2035,6,9,10,21.5,67.5,1.4,2.9,207,,688,313,463
2035,6,9,11,22.1,61.8,1.7,3.7,207,,889,216,764
2035,6,9,12,23.6,55.3,1.7,3.8,200,,922,167,825
2035,6,9,13,23.9,52.7,1.7,3.6,207,,897,222,747
2035,6,9,14,25.3,45,1.7,3.7,217,,876,197,795
2035,6,9,15,25.8,44.6,1.8,3.6,202,,723,189,701
2035,6,9,16,25.7,47.5,1.3,3.1,185,,615,117,781
2035,6,9,17,26.7,42.3,1.3,2.7,202,,405,266,283
2035,6,9,18,24.2,53.8,0.8,2.4,90,,54,54,0
2035,6,9,19,24.1,57.5,1.3,2.3,31,,32,32,0
2035,6,9,20,23,59.6,1.3,2.4,38,,7,7,0
2035,6,9,21,22.2,60.9,1.8,3.7,28,,2,0,0
2035,6,9,22,21.7,63.9,2,4.1,24,,2,0,0
2035,6,9,23,21.5,63.3,2.1,4.4,23,,0,0,0
2035,6,10,0,20.9,65.2,2.2,4.2,22,,0,0,0
2035,6,10,1,20.7,66.1,1.9,3.2,29,,0,0,0
2035,6,10,2,20.3,68.4,2,3.2,24,,0,0,0
2035,6,10,3,19.9,71.3,1.9,3.2,25,,2,0,0
2035,6,10,4,19.7,72.7,2.2,4.2,22,,4,0,0
2035,6,10,5,19.6,74.4,1.5,3,21,,23,23,0
2035,6,10,6,20.5,72.2,1.1,3.1,36,,174,60,473
2035,6,10,7,21.1,69.9,0.7,1.9,194,,342,79,651
2035,6,10,8,22.1,68.5,1.3,2.9,204,,491,164,581
2035,6,10,9,22.4,66.8,1,2.8,229,,490,333,225
2035,6,10,10,22.9,62.9,1.5,2.8,203,,506,396,135
2035,6,10,11,23.2,61.7,1.4,2.8,212,,614,405,236
2035,6,10,12,23.8,60.9,1.5,3.2,184,,820,369,493
2035,6,10,13,25.4,52.3,1.4,3.5,221,,871,306,623
2035,6,10,14,25.9,49,1.8,3.7,215,,687,393,345
2035,6,10,15,26.3,43.8,1.1,3.3,207,,474,373,132
2035,6,10,16,26.8,41.6,0.8,2.8,217,,449,311,216
2035,6,10,17,26.9,40.1,0.8,2.8,214,,351,202,304
2035,6,10,18,26.2,46.9,1.3,2.7,142,,270,127,434
2035,6,10,19,25.7,48.6,0.9,2.1,76,,69,58,58
2035,6,10,20,24.2,56.3,1.6,2.8,27,,8,8,0
2035,6,10,21,23.8,56.3,2.1,3.9,17,,2,0,0
2035,6,10,22,23.5,57.1,1.6,3.5,28,,2,0,0
2035,6,10,23,23,58.5,1.9,3.6,24,,0,0,0
2035,6,11,0,22.5,60.4,2,3.8,25,,0,0,0
2035,6,11,1,22.2,63.9,1.6,2.9,12,,0,0,0
2035,6,11,2,21.9,64.5,1.1,4,319,,0,0,0
2035,6,11,3,21.4,68.1,2.1,4.4,21,,2,0,0
2035,6,11,4,21,68.4,2.2,4.1,22,,3,0,0
2035,6,11,5,21.2,66,1.9,3.8,22,,19,19,0
2035,6,11,6,21.4,65.1,1.7,4.1,7,,43,43,0
2035,6,11,7,21.7,67.2,1.1,2.1,324,,61,61,0
2035,6,11,8,21.6,66.6,1.3,3.7,292,,149,149,0
2035,6,11,9,21.3,74.2,1.8,5.7,281,,73,73,0
2035,6,11,10,19.6,82.2,3.5,8.3,274,,46,46,0
2035,6,11,11,18.9,84.9,2.8,7.8,263,,52,52,0
2035,6,11,12,18.9,83.1,2,6.8,331,,202,198,4
2035,6,11,13,20.9,75.9,1.8,4.7,143,,745,455,321
2035,6,11,14,22.5,69.8,1.3,3.8,170,,818,251,664
2035,6,11,15,23.1,65.2,1.5,3.9,172,,712,182,693
2035,6,11,16,23,64.9,1.2,2.9,180,,565,171,616
2035,6,11,17,23.2,63,1.1,3.3,216,,390,153,481
2035,6,11,18,22.3,62.8,1.1,2.7,229,,226,122,313
2035,6,11,19,22.1,64.4,0.9,2.5,270,,54,54,0
2035,6,11,20,21.7,78.1,1.5,3.3,24,,4,4,0
2035,6,11,21,20.9,81.7,2,13.7,340,,2,0,0
2035,6,11,22,17.8,83,3.7,14.8,333,,4,0,0
2035,6,11,23,19,82.8,1.5,4.9,360,,0,0,0
2035,6,12,0,18.9,81.8,1.3,3.4,24,,0,0,0
2035,6,12,1,18.7,81.5,1.8,3.5,7,,0,0,0
2035,6,12,2,18.6,80.2,1.3,3.2,29,,0,0,0
2035,6,12,3,18.7,80.8,1.6,2.9,23,,2,0,0
2035,6,12,4,18.6,82.3,1.4,3,17,,3,0,0
2035,6,12,5,18.4,81.6,1.2,2.6,17,,7,7,0
2035,6,12,6,18.7,81.1,0.9,2.3,21,,56,56,0
2035,6,12,7,19.3,78.9,0.6,1.8,360,,117,117,0
2035,6,12,8,19.3,77.8,0.7,1.9,189,,145,145,0
2035,6,12,9,19.5,77.7,0.5,1.6,153,,156,156,0
2035,6,12,10,19.8,76.1,0.6,2.7,180,,311,303,10
2035,6,12,11,20.6,72.6,1.4,3.3,150,,383,368,17
2035,6,12,12,20.6,74.4,1.5,3.9,148,,378,370,8
2035,6,12,13,21.6,62.8,2,5.8,90,,789,524,292
2035,6,12,14,22.8,53.4,2.1,5.5,56,,445,354,106
2035,6,12,15,21.5,63,1.9,5,336,,146,146,0
2035,6,12,16,20.9,75.5,1.7,5.2,349,,150,150,0
2035,6,12,17,18.7,71,2.9,7.3,50,,23,23,0
2035,6,12,18,17.4,76.3,1.3,5.2,41,,8,8,0
2035,6,12,19,17.2,79.9,1.8,4,30,,10,10,0
2035,6,12,20,17.4,81.8,1.6,3.4,360,,3,3,0
2035,6,12,21,17,82,1.6,2.8,11,,2,0,0
2035,6,12,22,17.1,79.8,1.1,2.8,27,,2,0,0
2035,6,12,23,17.1,81,0.5,1.5,14,,0,0,0
2035,6,13,0,17.1,81.8,1.1,2.5,24,,0,0,0
2035,6,13,1,17,81.8,1,2.3,13,,0,0,0
2035,6,13,2,17,81.6,0.5,1.3,27,,0,0,0
2035,6,13,3,17,81.6,0.8,1.5,23,,2,0,0
2035,6,13,4,17.1,81.3,1.1,1.9,10,,3,0,0
2035,6,13,5,17.2,80.4,0.9,2.2,30,,14,14,0
2035,6,13,6,17.2,78.7,0.6,2.8,56,,33,33,0
2035,6,13,7,16.4,76.8,1.6,5.9,17,,95,95,0
2035,6,13,8,16.5,75.5,2.2,6.4,357,,116,116,0
2035,6,13,9,16.4,72.9,1.5,5,353,,136,136,0
2035,6,13,10,16.8,69,3.4,9.9,20,,176,176,1
2035,6,13,11,16.7,66.7,3.5,10.5,17,,177,176,1
2035,6,13,12,16.7,66,3,10,13,,164,163,1
2035,6,13,13,16.9,64.3,2.7,9,18,,193,191,2
2035,6,13,14,16.4,65.7,3.2,9.2,21,,135,135,0
2035,6,13,15,16.2,64.4,2.9,10.3,29,,77,77,0
2035,6,13,16,16.1,63.6,3.6,10.4,29,,44,44,0
2035,6,13,17,16.1,63.5,1.4,5.3,256,,49,49,0
2035,6,13,18,16.1,61.6,0.7,3,27,,53,53,0
2035,6,13,19,15.8,63.2,1,2.8,360,,29,29,0
2035,6,13,20,15.3,66,1.4,3.3,350,,7,7,0
2035,6,13,21,15.1,66.1,1.9,5.6,25,,2,0,0
2035,6,13,22,15.1,64.6,2.5,5.9,28,,2,0,0
2035,6,13,23,14.6,67.5,1.6,5.6,323,,0,0,0
2035,6,14,0,14.1,71.3,1.7,5.4,305,,0,0,0
2035,6,14,1,13.8,73.7,2.1,8.2,333,,0,0,0
2035,6,14,2,13.6,73.9,1.7,7,333,,0,0,0
2035,6,14,3,13.4,73.1,1.6,5.9,308,,2,0,0
2035,6,14,4,13.2,73.3,1,4,315,,8,0,0
2035,6,14,5,13,74.1,0.7,2.9,360,,45,45,0
2035,6,14,6,13.4,72,1.3,4.2,11,,216,82,557
2035,6,14,7,14,69.7,2.1,5.8,75,,344,148,484
2035,6,14,8,14.8,66.8,2.2,4.7,87,,381,245,243
2035,6,14,9,15.9,61.9,2.9,7.6,79,,751,293,655
2035,6,14,10,17.5,55.7,1.9,5.8,65,,802,220,719
2035,6,14,11,17.9,58.1,1.9,7.6,162,,962,181,884
2035,6,14,12,18.6,57.6,2,4.6,197,,1018,172,922
2035,6,14,13,20.5,52,1.9,4.7,202,,931,180,827
2035,6,14,14,21,50,1.9,3.9,204,,868,280,687
2035,6,14,15,21.1,48.7,1.4,4.3,198,,464,354,144
2035,6,14,16,21.8,46.2,1.2,4.3,117,,231,219,19
2035,6,14,17,22.6,45.2,1.5,3.8,29,,279,220,120
2035,6,14,18,21.3,49.6,1.4,4,18,,173,146,81
2035,6,14,19,20.1,56.1,1.2,3.3,355,,54,54,0
2035,6,14,20,18.8,59.7,1.4,3.5,351,,7,7,0
2035,6,14,21,17.9,60.6,2.1,5.8,12,,2,0,0
2035,6,14,22,17.7,59.8,2.9,7,27,,2,0,0
2035,6,14,23,17.2,60.7,3.3,8.6,32,,0,0,0
2035,6,15,0,16.8,59.7,3.1,7.4,35,,0,0,0
2035,6,15,1,16.6,58.4,3,10.1,29,,0,0,0
2035,6,15,2,16.5,58.7,3.1,8.3,21,,0,0,0
2035,6,15,3,16.2,60.2,1.1,5.6,56,,2,0,0
2035,6,15,4,16.1,62.9,1.6,3.4,286,,6,0,0
2035,6,15,5,16.1,63.5,0.7,3.1,53,,78,78,0
2035,6,15,6,16.4,63.3,1.2,3.9,315,,137,97,167
2035,6,15,7,16.9,62.2,1.1,3.7,18,,194,166,68
2035,6,15,8,17.4,61.6,1.5,4.5,117,,272,247,44
2035,6,15,9,18.6,58.8,1.5,5.2,169,,610,264,494
2035,6,15,10,19.3,59.1,2.1,4.4,205,,859,274,723
2035,6,15,11,20.4,56.2,1.9,4,208,,885,193,784
2035,6,15,12,21.8,45.9,1.8,4.7,222,,930,172,826
2035,6,15,13,23.4,33.9,2,6.2,45,,927,179,824
2035,6,15,14,24,29.2,2.3,6.4,16,,922,182,864
2035,6,15,15,24.1,33.1,1.8,9,143,,730,229,655
2035,6,15,16,24.1,35,1.4,5.3,34,,491,281,326
2035,6,15,17,24.3,32.8,1.8,5.4,23,,416,152,530
2035,6,15,18,23.8,36.8,1.7,4.5,11,,234,113,360
2035,6,15,19,22.9,40.9,1.5,4.3,4,,71,59,72
2035,6,15,20,21.1,45.3,1.8,5.2,22,,8,8,0
2035,6,15,21,20.2,47.1,3,7,25,,2,0,0
2035,6,15,22,19.8,49.9,3.4,7.4,28,,2,0,0
2035,6,15,23,19.4,55.2,3.3,7.7,27,,0,0,0
2035,6,16,0,19.1,57.1,2.4,6.3,29,,0,0,0
2035,6,16,1,18.4,61.1,1.1,4,288,,0,0,0
2035,6,16,2,17.8,63.6,1,2.7,18,,0,0,0
2035,6,16,3,17.4,66.4,1.6,4,42,,2,0,0
2035,6,16,4,17.1,67.3,1.9,5,50,,5,0,0
2035,6,16,5,17.1,68.2,1.4,2.9,22,,40,40,0
2035,6,16,6,17.6,67.9,1,3.1,315,,202,55,609
2035,6,16,7,18.3,68.4,0.9,3.1,187,,376,60,781
2035,6,16,8,18.8,66.2,1.4,3.4,203,,550,72,851
2035,6,16,9,20.1,62.5,1.6,3.3,184,,692,102,843
2035,6,16,10,20.6,58.7,1.5,3.4,201,,819,148,829
2035,6,16,11,21.3,55.9,1.4,3.4,200,,830,318,579
2035,6,16,12,23.3,49.4,1.9,4.1,230,,913,226,749
2035,6,16,13,24.3,44.9,1.7,4,212,,887,249,701
2035,6,16,14,24.8,41.3,2,4.6,214,,802,272,617
2035,6,16,15,25.2,37.1,1.4,3.3,219,,718,247,613
2035,6,16,16,25.2,36,1.6,3.5,225,,422,300,189
2035,6,16,17,24.5,41.6,1.5,3.4,243,,263,216,96
2035,6,16,18,24.6,45.1,1,2.6,188,,201,118,245
2035,6,16,19,23.8,48.2,1.5,3.8,9,,49,49,0
2035,6,16,20,22.8,49.6,2,4.8,360,,6,6,0
2035,6,16,21,22.3,47.7,2,4.9,15,,2,0,0
2035,6,16,22,21.9,49.7,1.2,2.9,41,,2,0,0
2035,6,16,23,21.3,53.2,1.5,2.8,356,,0,0,0
2035,6,17,0,20.9,57.8,1.5,3,25,,0,0,0
2035,6,17,1,20.6,59.7,2,4.4,16,,0,0,0
2035,6,17,2,20.3,61.4,1.1,2.8,90,,0,0,0
2035,6,17,3,20.1,63.4,1.2,2.3,20,,2,0,0
2035,6,17,4,20,63.7,1.5,3,23,,3,0,0
2035,6,17,5,19.9,65,2.3,5.2,16,,22,22,0
2035,6,17,6,19.8,65.3,1.3,3,5,,64,64,0
2035,6,17,7,20.1,62,0.6,1.6,90,,131,131,1
2035,6,17,8,20.6,61.8,1,2.2,203,,348,258,160
2035,6,17,9,21.1,59.7,1.6,3.8,172,,547,307,344
2035,6,17,10,21.8,56.1,1.8,4.4,158,,775,252,646
2035,6,17,11,23.6,50.1,2,4.5,173,,926,196,826
2035,6,17,12,23.7,48.6,2.2,4.6,190,,924,256,728
2035,6,17,13,23.5,48.7,2.7,7.2,281,,748,398,385
2035,6,17,14,24.3,47.6,3.8,9,336,,820,290,619
2035,6,17,15,24.1,46.4,3.4,7.8,347,,571,356,281
2035,6,17,16,23,50.4,3.8,10.1,342,,386,303,130
2035,6,17,17,21.3,55.7,4.3,9.3,347,,254,214,82
2035,6,17,18,21.2,55.6,4.1,9.6,354,,113,113,1
2035,6,17,19,19.9,57.9,3.7,8.3,2,,27,27,0
2035,6,17,20,19.6,58.6,3.7,7.6,353,,4,4,0
2035,6,17,21,19.1,59,3.2,7.3,347,,2,0,0
2035,6,17,22,18.9,60.3,2,4.5,13,,2,0,0
2035,6,17,23,18.7,61.3,1.9,4,6,,0,0,0
2035,6,18,0,18.3,62.6,2.2,5,3,,0,0,0
2035,6,18,1,18.1,63.3,1.5,4.6,360,,0,0,0
2035,6,18,2,17.9,62.5,1.2,3.8,11,,0,0,0
2035,6,18,3,17.9,60.4,1,3.2,339,,2,0,0
2035,6,18,4,18.1,61,1.2,3.4,349,,5,0,0
2035,6,18,5,17.7,64.2,1.5,4.5,331,,46,46,0
2035,6,18,6,18.3,64.2,1,4.1,50,,171,73,406
2035,6,18,7,19,61.4,1.2,3.9,225,,387,166,545
2035,6,18,8,19.7,59.3,2.2,4,229,,426,231,348
2035,6,18,9,20.4,57.7,1.8,4,227,,523,318,293
2035,6,18,10,21.6,54.7,1.7,4,208,,750,287,573
2035,6,18,11,22.2,51.2,1.8,4,198,,923,201,817
2035,6,18,12,22.9,47.3,2,4.3,199,,994,172,896
2035,6,18,13,23.8,47.2,2,4.5,204,,1001,292,780
2035,6,18,14,24.5,45.9,1.9,4.2,197,,793,311,562
2035,6,18,15,25.1,40.5,1.7,3.6,203,,662,268,513
2035,6,18,16,26.2,35,1.6,3.8,207,,482,288,301
2035,6,18,17,25.8,35.1,1.9,6.4,355,,434,152,565
2035,6,18,18,25.2,38.8,2.1,5.5,6,,258,105,455
2035,6,18,19,23.8,44.8,1.7,4.3,15,,83,59,136
2035,6,18,20,21.8,51.9,2.7,6.2,9,,9,9,0
2035,6,18,21,20.8,55.4,2.8,6.8,22,,3,0,0
2035,6,18,22,20.2,58.5,3,7,21,,2,0,0
2035,6,18,23,19.8,58.7,3.3,7.6,29,,0,0,0
2035,6,19,0,19.5,59.8,3.2,7.6,22,,0,0,0
2035,6,19,1,19.1,62.3,1.8,6.8,12,,0,0,0
2035,6,19,2,18.6,63.7,1.4,5.3,340,,0,0,0
2035,6,19,3,18.3,65.2,1,3.4,9,,2,0,0
2035,6,19,4,18.2,65.6,1.3,5.2,11,,5,0,0
2035,6,19,5,18.1,66.6,0.5,2.7,27,,37,37,0
2035,6,19,6,18.7,64.5,1.2,3.5,207,,212,60,635
2035,6,19,7,19.8,59.8,1.1,3.9,207,,388,77,770
2035,6,19,8,21.1,56,1.9,5.7,60,,549,79,838
2035,6,19,9,22.5,52.8,2.2,6,60,,704,97,869
2035,6,19,10,23.3,52.7,2.1,6.5,45,,827,119,874
2035,6,19,11,24.5,49.3,1.9,5.4,225,,911,138,874
2035,6,19,12,25.7,48.3,1.9,8.1,173,,928,177,818
2035,6,19,13,27.1,40.5,2.5,6.8,38,,909,187,795
2035,6,19,14,28.3,32.8,2.7,6.9,38,,860,158,817
2035,6,19,15,28.8,29,2.8,7.4,27,,744,163,756
2035,6,19,16,28.5,31.7,3,9,28,,595,141,702
2035,6,19,17,28,34.7,2.8,8.6,35,,427,113,628
2035,6,19,18,27.4,37.6,3.2,10.4,38,,253,109,426
2035,6,19,19,26.3,41,2.7,8.2,45,,81,60,119
2035,6,19,20,24.7,45.5,3.7,9.5,39,,7,7,0
2035,6,19,21,24.1,46.1,4,11.2,38,,2,0,0
2035,6,19,22,23.4,50.2,3.9,9.4,32,,2,0,0
2035,6,19,23,22.7,53.7,1.5,6,77,,0,0,0
2035,6,20,0,22,57,1.9,7.1,40,,0,0,0
2035,6,20,1,21.3,58,2.2,5.8,30,,0,0,0
2035,6,20,2,20.6,62.2,0.8,3.5,53,,0,0,0
2035,6,20,3,20.3,62.9,1.6,3.2,15,,2,0,0
2035,6,20,4,20,63.6,1.6,3.1,12,,5,0,0
2035,6,20,5,19.8,65.8,1.8,3.8,24,,37,37,0
2035,6,20,6,20.7,64.5,0.6,2,31,,200,59,592
2035,6,20,7,21.3,64,1.1,2.2,174,,370,65,759
2035,6,20,8,21.9,61.5,1.2,2.6,202,,536,72,828
2035,6,20,9,23,59.6,1.4,2.6,209,,685,98,841
2035,6,20,10,23.7,58.5,1.4,3.3,204,,804,129,834
2035,6,20,11,24.9,55.4,1.5,3,212,,887,147,838
2035,6,20,12,26.3,51.2,1.5,3.1,197,,908,190,781
2035,6,20,13,28.6,44.6,1.5,3.2,198,,887,206,750
2035,6,20,14,28.4,42.9,1.4,4,198,,833,174,767
2035,6,20,15,28.9,40.6,1.7,4.6,225,,727,178,714
2035,6,20,16,29.6,40.4,1.8,4.3,238,,576,151,656
2035,6,20,17,29.3,44,1.2,3.9,209,,408,147,520
2035,6,20,18,28.8,47.3,1.2,2.9,214,,193,130,186
2035,6,20,19,27.8,52.5,0.8,1.8,117,,59,58,3
2035,6,20,20,26.5,57.3,1.3,3,29,,7,7,0
2035,6,20,21,25.9,56,1.7,3.3,25,,2,0,0
2035,6,20,22,25.1,59.1,1.8,4.5,13,,2,0,0
2035,6,20,23,24.6,62.7,2.1,3.9,20,,0,0,0
2035,6,21,0,24.1,64.2,2,4.4,24,,0,0,0
2035,6,21,1,23.9,63.6,1.7,3.2,28,,0,0,0
2035,6,21,2,23.3,66.1,1.8,3.2,28,,0,0,0
2035,6,21,3,22.6,68.4,1.9,3.1,21,,2,0,0
2035,6,21,4,22.4,69.4,1.9,3.1,18,,5,0,0
2035,6,21,5,22.4,70,1.7,2.7,25,,36,36,0
2035,6,21,6,22.5,67.6,0.6,2.1,34,,207,62,607
2035,6,21,7,23.1,61.7,0.7,2.4,225,,386,78,763
2035,6,21,8,24.2,56.3,1.4,3.8,235,,556,83,846
2035,6,21,9,25,52.4,1.9,3.8,240,,706,89,884
2035,6,21,10,26.4,43.1,1.4,3.3,203,,828,107,892
2035,6,21,11,27.9,36.1,1.6,3.1,203,,908,142,866
2035,6,21,12,28.5,37.5,1.7,4.3,222,,919,217,764
2035,6,21,13,29.3,35.2,2.4,5,240,,894,217,743
2035,6,21,14,29.8,32.3,2.6,5.1,240,,843,185,766
2035,6,21,15,29.5,31.5,2.5,5.2,238,,732,231,651
2035,6,21,16,29.1,36.3,2.7,7.2,297,,423,313,171
2035,6,21,17,27.7,40.4,4.2,9.3,345,,395,185,420
2035,6,21,18,26.9,40.7,3.7,8.8,347,,197,136,180
2035,6,21,19,25.5,46,3.2,7.7,345,,73,63,55
2035,6,21,20,23.4,55.8,2.9,7.7,354,,7,7,0
2035,6,21,21,22.2,58.1,1.8,6.1,4,,3,0,0
2035,6,21,22,21.4,58.5,1.4,5.2,331,,2,0,0
2035,6,21,23,20.3,60.5,1.5,5.2,343,,0,0,0
2035,6,22,0,19.4,61.3,3.4,7.7,21,,0,0,0
2035,6,22,1,18.9,58.2,3.9,8.8,26,,0,0,0
2035,6,22,2,17.8,58.2,4.1,11.7,30,,0,0,0
2035,6,22,3,17.1,53.8,4.5,11.5,30,,3,0,0
2035,6,22,4,16.6,50.3,4.5,11.1,37,,9,0,0
2035,6,22,5,15.3,52.2,5,13.8,38,,49,49,0
2035,6,22,6,15.1,52.2,5.2,12.8,30,,222,81,591
2035,6,22,7,15.5,49.9,4.7,13.3,31,,401,107,729
2035,6,22,8,16.7,46.9,5,12.6,33,,575,85,876
2035,6,22,9,17.6,43.8,5.5,13.8,37,,728,87,919
2035,6,22,10,18.6,41.1,5,13.1,35,,858,111,925
2035,6,22,11,20.7,36.8,4.9,12.2,30,,941,120,929
2035,6,22,12,21.4,33.1,4.9,13.1,39,,956,141,889
2035,6,22,13,22,26.9,4.9,11.4,34,,949,137,892
2035,6,22,14,23,22.7,5,12.8,32,,893,126,892
2035,6,22,15,22.5,24.7,4.8,12.6,34,,775,154,807
2035,6,22,16,22.3,26.9,4.6,11.6,32,,614,139,732
2035,6,22,17,21.2,29.7,4.7,12.2,38,,441,133,614
2035,6,22,18,20.4,32.9,3.9,11.7,26,,259,100,466
2035,6,22,19,19.3,36.8,3.1,8.1,33,,83,64,108
2035,6,22,20,17.9,41,3.2,8.8,33,,8,8,0
2035,6,22,21,16.9,45,3.6,9.4,38,,2,0,0
2035,6,22,22,15.9,48.6,4.5,11.1,32,,3,0,0
2035,6,22,23,15.3,47.6,5.4,13.8,38,,0,0,0
2035,6,23,0,14.8,47.6,4.7,13.7,39,,0,0,0
2035,6,23,1,14.4,47.8,4.9,11.1,42,,0,0,0
2035,6,23,2,13.8,49.5,4.7,12.4,43,,0,0,0
2035,6,23,3,13.4,52.2,2.6,7.8,54,,2,0,0
2035,6,23,4,13.1,54.8,2.2,8.1,34,,5,0,0
2035,6,23,5,12.8,57,1.1,2.7,270,,36,36,0
2035,6,23,6,13.4,56.8,0.9,2.4,211,,222,83,587
2035,6,23,7,14.8,52.9,1.4,6.2,270,,405,112,729
2035,6,23,8,16.5,49.2,2.9,9,47,,576,83,883
2035,6,23,9,17.9,46.8,2.4,7.9,41,,726,90,912
2035,6,23,10,18.2,50.5,2.2,5.7,202,,848,113,910
2035,6,23,11,19.9,43.2,2.3,7.3,63,,927,128,905
2035,6,23,12,22.6,32.3,2.7,8.4,31,,950,147,875
2035,6,23,13,23.4,25.5,2.7,7,32,,939,149,868
2035,6,23,14,23.8,22.2,3.1,8,39,,879,142,857
2035,6,23,15,23.9,23.3,3.3,7.6,29,,765,129,824
2035,6,23,16,24.2,23.5,3.1,8.4,22,,614,140,730
2035,6,23,17,23.5,25.5,3.6,9.1,33,,435,154,561
2035,6,23,18,22.5,30.4,3.5,8.7,32,,221,144,224
2035,6,23,19,21.1,36.4,2.6,6.1,38,,65,62,16
2035,6,23,20,19.7,39.7,3.5,8.6,28,,9,9,0
2035,6,23,21,18.7,41.6,3.8,9.2,31,,2,0,0
2035,6,23,22,18,43.4,3.9,10.4,35,,2,0,0
2035,6,23,23,17.8,40.7,3.5,8.9,33,,0,0,0
2035,6,24,0,17.5,44.9,3,9.3,40,,0,0,0
2035,6,24,1,16.8,47.8,1.7,5.7,234,,0,0,0
2035,6,24,2,16.8,50.4,1.2,3.2,326,,0,0,0
2035,6,24,3,16.1,53,1.1,5,56,,2,0,0
2035,6,24,4,15.4,56.1,1,3.3,30,,5,0,0
2035,6,24,5,15.3,57.2,1.8,4.7,25,,31,31,0
2035,6,24,6,15.7,56.8,1.7,3.9,17,,118,89,123
2035,6,24,7,15.9,58.7,0.9,2,214,,148,139,23
2035,6,24,8,16.7,55.9,1.4,3.5,232,,381,241,250
2035,6,24,9,17.2,55.4,2,3.7,196,,694,176,745
2035,6,24,10,18.4,52.1,1.9,3.7,197,,790,179,757
2035,6,24,11,19.7,50.3,1.6,3.1,214,,915,188,824
2035,6,24,12,20.5,49.5,1.9,3.6,191,,864,356,554
2035,6,24,13,21.6,47,1.5,3.1,203,,772,425,381
2035,6,24,14,23.3,41.8,1.7,3.6,214,,658,394,306
2035,6,24,15,23.9,40.4,2.2,4.5,215,,751,208,703
2035,6,24,16,22.7,44.9,2.3,5.7,253,,521,281,370
2035,6,24,17,23.2,42.8,1.9,5.1,293,,180,171,19
2035,6,24,18,22.8,43,2.2,6.9,24,,191,136,160
2035,6,24,19,21.4,44.6,2.4,7.2,36,,47,47,0
2035,6,24,20,20.2,38.9,3.2,7.9,28,,8,8,0
2035,6,24,21,19.3,40.9,3.4,9.2,32,,3,0,0
2035,6,24,22,18.7,43.1,3.4,8.6,32,,2,0,0
2035,6,24,23,18.4,44.7,3.8,10.2,39,,0,0,0
2035,6,25,0,18,47.2,3.6,9.7,34,,0,0,0
2035,6,25,1,17.5,49.1,3.5,9.3,30,,0,0,0
2035,6,25,2,17.1,50.9,3.7,9.7,33,,0,0,0
2035,6,25,3,16.7,53.6,2.4,9.5,39,,2,0,0
2035,6,25,4,16.3,56.1,1.4,6,63,,4,0,0
2035,6,25,5,16,57.8,1.3,5.1,9,,34,34,0
2035,6,25,6,16.4,57.7,1,4.1,304,,204,53,642
2035,6,25,7,17.5,55.7,2.2,7.7,52,,382,66,789
2035,6,25,8,18.9,51.3,2.2,8.1,53,,551,73,858
2035,6,25,9,20.2,48.1,3.3,10.9,48,,706,92,883
2035,6,25,10,21.4,43.9,4.6,11.9,44,,835,119,887
2035,6,25,11,22.2,42.2,4.2,12.1,27,,913,140,876
2035,6,25,12,23,40.9,4.5,12.8,36,,934,190,811
2035,6,25,13,24.1,39.2,4.6,12.6,37,,906,194,783
2035,6,25,14,24.1,40.6,4.6,12.2,34,,843,192,758
2035,6,25,15,24.4,39.6,4.5,11,36,,734,176,723
2035,6,25,16,23.9,39.4,4.3,11.7,40,,589,159,663
2035,6,25,17,23.4,40.1,4.1,12.9,41,,420,147,544
2035,6,25,18,22.9,40.6,3.8,10.4,41,,248,110,402
2035,6,25,19,21.9,41.3,3.8,10.4,37,,81,65,94
2035,6,25,20,20.7,42,3.9,11,34,,7,7,0
2035,6,25,21,19.9,42.7,4.3,10.7,26,,2,0,0
2035,6,25,22,19.1,49.6,4.1,9.9,32,,2,0,0
2035,6,25,23,18.6,52.6,4,10.3,46,,0,0,0
2035,6,26,0,18.3,52.8,4.9,12.4,40,,0,0,0
2035,6,26,1,17.8,53.6,4.1,10.2,34,,0,0,0
2035,6,26,2,17.6,52.7,4.5,11,36,,0,0,0
2035,6,26,3,17.1,53.7,4,11,31,,2,0,0
2035,6,26,4,16.6,54.7,1.3,5,90,,5,0,0
2035,6,26,5,15.6,60.8,2.4,5.6,34,,33,33,0
2035,6,26,6,16.7,57.8,1.6,5.6,63,,212,76,579
2035,6,26,7,18.1,54,1.4,3.4,104,,390,73,795
2035,6,26,8,19,52.9,1.4,3.5,198,,558,82,856
2035,6,26,9,20.6,46.5,1.4,3.7,207,,707,93,884
2035,6,26,10,22.8,38.4,2.2,5.4,214,,831,120,881
2035,6,26,11,24.6,31.3,2,4.5,185,,913,138,878
2035,6,26,12,25.3,29.6,2.7,8.4,61,,940,159,852
2035,6,26,13,26.5,29.5,3.9,9.9,25,,914,183,803
2035,6,26,14,26.9,28.9,4,9.8,37,,850,182,777
2035,6,26,15,27.6,27.3,3.5,9.4,35,,742,180,729
2035,6,26,16,27.2,28.4,3.5,10,40,,592,158,669
2035,6,26,17,26.7,29.8,3.8,10.5,34,,432,118,622
2035,6,26,18,26.1,32.2,4.2,11.7,43,,256,110,424
2035,6,26,19,24.9,36.4,3.8,11.2,44,,81,65,93
2035,6,26,20,23.4,41.6,3.4,9.4,39,,7,7,0
2035,6,26,21,22.5,46.9,4.1,10.1,40,,2,0,0
2035,6,26,22,21.7,52.2,4.6,13.8,37,,2,0,0
2035,6,26,23,20.9,53.7,5.1,12.8,32,,0,0,0
2035,6,27,0,20.2,54,5.1,13.1,30,,0,0,0
2035,6,27,1,19.5,55.7,4.8,11,31,,0,0,0
2035,6,27,2,18.8,60.1,2.5,11.2,32,,0,0,0
2035,6,27,3,18.1,63.6,0.7,2.6,315,,3,0,0
2035,6,27,4,18,64.8,1.3,3.8,63,,4,0,0
2035,6,27,5,17.9,66.6,1.3,3.1,219,,33,33,0
2035,6,27,6,18.1,66.3,0.9,3.1,135,,209,62,629
2035,6,27,7,19.1,61.5,1.2,3.3,31,,387,78,776
2035,6,27,8,20.3,57.5,1.4,3.6,204,,553,82,848
2035,6,27,9,21.5,56.4,1.7,4.1,222,,702,95,875
2035,6,27,10,23.7,48.7,2.1,6.7,220,,829,121,878
2035,6,27,11,24.8,45.8,3.6,11.5,28,,916,140,880
2035,6,27,12,25.5,42.2,4,10.5,26,,934,191,811
2035,6,27,13,26.3,38.1,4.4,10.9,31,,911,186,797
2035,6,27,14,26.9,35.3,4.1,12.6,32,,846,186,767
2035,6,27,15,26.7,33.2,4.1,11.4,37,,735,177,725
2035,6,27,16,26.6,29.7,4.4,10.1,39,,593,162,665
2035,6,27,17,26.4,26.4,4.7,12.8,44,,430,123,609
2035,6,27,18,26,25.3,4.1,11,46,,255,111,419
2035,6,27,19,24.7,32.1,4.6,11.4,46,,84,65,110
2035,6,27,20,23.2,37,4.9,11.7,44,,8,8,0
2035,6,27,21,22.1,39.9,4.3,10.6,39,,2,0,0
2035,6,27,22,21.2,42.6,4.6,12.9,37,,2,0,0
2035,6,27,23,20.5,44.6,4.4,11.9,36,,0,0,0
2035,6,28,0,19.8,47.2,4.8,11.3,29,,0,0,0
2035,6,28,1,19.1,49.9,4.6,10.8,19,,0,0,0
2035,6,28,2,17.7,54.8,5.2,11.9,10,,0,0,0
2035,6,28,3,17.4,53,4.9,11.8,24,,2,0,0
2035,6,28,4,16.8,54,4.3,10.6,23,,5,0,0
2035,6,28,5,16.6,54.7,4.9,11.5,22,,33,33,0
2035,6,28,6,16.7,54.1,4.9,12,24,,215,82,575
2035,6,28,7,18.1,50.3,4.4,11.2,29,,398,111,724
2035,6,28,8,19.6,45.5,5.3,12.9,27,,567,83,873
2035,6,28,9,20.9,41.9,4.2,11.1,24,,714,96,891
2035,6,28,10,22.5,37.9,5.2,15.2,34,,836,116,895
2035,6,28,11,23.4,35.7,5.2,15.1,39,,913,161,854
2035,6,28,12,24.3,36,5.3,14.3,41,,927,194,800
2035,6,28,13,24.6,36.9,5.6,15.5,41,,900,207,761
2035,6,28,14,25.5,35.6,4.9,15.3,38,,831,231,697
2035,6,28,15,25.5,36.7,5.4,15.8,46,,761,178,757
2035,6,28,16,24.1,40.3,5.8,15.2,43,,547,238,476
2035,6,28,17,23.7,40.2,4.9,13,45,,286,219,132
2035,6,28,18,22.8,44.3,4.9,14.5,45,,281,169,328
2035,6,28,19,21.1,47.8,4.8,14.3,33,,54,54,0
2035,6,28,20,20.4,49.5,4.5,14.4,43,,6,6,0
2035,6,28,21,19.4,49.8,4.8,13.6,36,,3,0,0
2035,6,28,22,18.6,53.5,5.3,13.3,35,,2,0,0
2035,6,28,23,18.1,57.6,5,12.4,40,,0,0,0
2035,6,29,0,18,59.5,4.3,10.9,38,,0,0,0
2035,6,29,1,17.7,61.8,4.2,10.8,40,,0,0,0
2035,6,29,2,17.3,65,4,10.1,36,,0,0,0
2035,6,29,3,16.6,70.1,3.5,9.2,34,,3,0,0
2035,6,29,4,16.5,71,2.6,9.8,41,,4,0,0
2035,6,29,5,16.5,71.9,2.3,7.3,51,,35,35,0
2035,6,29,6,17.2,69.7,1.6,5.7,61,,153,81,311
2035,6,29,7,17.6,68.4,1.5,4.6,52,,293,123,429
2035,6,29,8,18.8,63.9,1.5,4.5,197,,473,174,541
2035,6,29,9,19.2,61.2,2,4,211,,706,144,812
2035,6,29,10,20.6,56.5,1.7,3.8,191,,817,145,836
2035,6,29,11,21.9,53.5,1.7,3.5,196,,889,159,829
2035,6,29,12,23,52.2,1.7,3.9,207,,909,203,769
2035,6,29,13,24.5,48.6,1.6,3.7,197,,887,229,723
2035,6,29,14,25,47.3,1.9,4.1,208,,829,210,720
2035,6,29,15,26.5,43.6,2.3,4.3,233,,717,208,660
2035,6,29,16,26.2,44.8,1.9,4.1,230,,577,174,621
2035,6,29,17,26.3,44.8,1.6,3.4,201,,406,152,507
2035,6,29,18,25.5,47.1,0.9,2.2,189,,231,127,302
2035,6,29,19,25.2,49.2,1.9,6.2,19,,76,62,79
2035,6,29,20,23.8,54.6,2.7,6.7,18,,8,8,0
2035,6,29,21,23.3,56.1,2.2,5.4,23,,2,0,0
2035,6,29,22,22.5,59.4,0.8,4.8,56,,3,0,0
2035,6,29,23,22,61.5,2,4.4,39,,0,0,0
2035,6,30,0,21.4,64.1,2,4.3,28,,0,0,0
2035,6,30,1,21.1,65.7,1.6,3.9,32,,0,0,0
2035,6,30,2,20.4,68.4,1.5,2.9,28,,0,0,0
2035,6,30,3,20.1,68.5,1.7,3.3,25,,2,0,0
2035,6,30,4,19.9,69.2,1.6,3.1,27,,5,0,0
2035,6,30,5,19.7,70.6,1.2,2.9,24,,33,33,0
2035,6,30,6,20.3,69.8,0.5,1.5,117,,185,51,581
2035,6,30,7,20.9,67.9,0.9,2.3,188,,357,58,756
2035,6,30,8,21.7,65,1,2.8,193,,523,74,812
2035,6,30,9,22.8,59.4,1.3,2.9,195,,668,110,806
2035,6,30,10,23.7,55.6,1.4,3.3,189,,790,143,805
2035,6,30,11,24.8,51.9,1.4,3.2,207,,870,173,792
2035,6,30,12,26.5,47,1.5,3.3,203,,896,215,743
2035,6,30,13,26.9,47.5,1.4,3.4,215,,881,232,714
2035,6,30,14,29,41.1,1.7,3.4,203,,826,204,723
2035,6,30,15,29.4,38.3,1.5,3,203,,721,191,688
2035,6,30,16,29.7,34.4,1.2,2.9,197,,586,152,669
2035,6,30,17,30.5,30.3,1.2,2.7,214,,429,116,622
2035,6,30,18,30.4,26.3,0.6,3,162,,248,117,382
2035,6,30,19,29.5,30.6,0.8,3.1,37,,75,62,74
2035,6,30,20,27.6,39.4,1.9,3.3,22,,8,8,0
2035,6,30,21,26.3,48.3,1,3.5,7,,2,0,0
2035,6,30,22,25.8,49.1,1.6,3.5,15,,2,0,0
2035,6,30,23,24.6,53,1.9,3.6,25,,0,0,0
2035,7,1,0,23.8,54.5,2.2,3.6,22,,0,0,0
2035,7,1,1,23.4,54,2.1,3.5,27,,0,0,0
2035,7,1,2,22.6,55.5,1.8,3.4,28,,0,0,0
2035,7,1,3,21.9,57.7,1.8,3.3,27,,2,0,0
2035,7,1,4,21.5,59.2,1.9,3.2,32,,4,0,0
2035,7,1,5,21.4,62.4,1.7,2.9,25,,32,32,0
2035,7,1,6,21.8,63.2,0.9,2.7,53,,193,61,577
2035,7,1,7,22.5,62.8,0.8,2.5,214,,363,66,755
2035,7,1,8,23.6,57.8,1.1,2.5,212,,529,70,832
2035,7,1,9,24.5,52.5,1.1,2.8,204,,675,105,826
2035,7,1,10,25.7,48,1.5,2.8,176,,800,134,829
2035,7,1,11,26.9,44,1.6,3.1,201,,880,157,822
2035,7,1,12,28.8,41.3,1.4,2.8,209,,910,181,797
2035,7,1,13,29.1,42.2,1.6,3.8,205,,892,201,760
2035,7,1,14,31,34.8,1.4,3,198,,834,194,744
2035,7,1,15,31.7,31.5,1.2,3.3,195,,718,207,662
2035,7,1,16,32.3,27.5,1.1,2.8,193,,566,200,564
2035,7,1,17,32.5,23.3,1.2,3.1,246,,399,209,379
2035,7,1,18,31.6,26.9,1.1,3.6,279,,111,111,0
2035,7,1,19,30.3,37.6,1.1,3.9,68,,91,58,186
2035,7,1,20,29.1,39.3,0.9,3.3,56,,9,9,0
2035,7,1,21,28,44.4,1.1,5.6,56,,2,0,0
2035,7,1,22,27.2,47,0.9,2.9,297,,3,0,0
2035,7,1,23,25.8,49.9,0.8,3.4,31,,0,0,0
2035,7,2,0,24.9,53.2,1.9,4.5,21,,0,0,0
2035,7,2,1,24,56,1.5,4.4,27,,0,0,0
2035,7,2,2,23,58.2,2.3,5,22,,0,0,0
2035,7,2,3,22.5,58.3,1.9,4.7,31,,2,0,0
2035,7,2,4,22.1,59.5,1.3,2.8,35,,5,0,0
2035,7,2,5,22.3,61,1,2.2,29,,39,39,0
2035,7,2,6,22.4,61.8,0.8,2.5,121,,202,94,476
2035,7,2,7,22.8,64.7,1.1,2.7,151,,338,114,568
2035,7,2,8,23.6,58.4,1.3,2.7,160,,494,101,714
2035,7,2,9,23.9,55.2,1.1,2.8,207,,651,126,761
2035,7,2,10,25.3,52.2,1.4,3.4,194,,785,141,804
2035,7,2,11,27.2,47,1.3,3.1,170,,866,175,787
2035,7,2,12,28.6,42.2,1.6,3.4,168,,875,256,677
2035,7,2,13,30.6,35.9,1.6,3.3,164,,868,265,664
2035,7,2,14,31.3,31.3,1.2,3.1,225,,820,229,689
2035,7,2,15,31.7,27.9,1.5,4.2,228,,721,203,673
2035,7,2,16,32,28.6,1.9,4.1,253,,566,185,587
2035,7,2,17,31.8,29.8,2.1,6,261,,398,184,428
2035,7,2,18,30.1,38.2,2.9,7.1,329,,170,138,95
2035,7,2,19,29,41.4,2.5,6.5,15,,78,64,82
2035,7,2,20,28.5,44.1,1.4,3.6,39,,13,13,0
2035,7,2,21,27.7,47.1,1.1,3.8,34,,2,0,0
2035,7,2,22,26.5,51.4,2.5,7.8,19,,3,0,0
2035,7,2,23,25.7,55.9,1.7,6,31,,0,0,0
2035,7,3,0,24.8,56,1.2,3.4,45,,0,0,0
2035,7,3,1,24.7,52.4,1.9,4.6,32,,0,0,0
2035,7,3,2,24.1,53.4,1.5,4,66,,0,0,0
2035,7,3,3,23.6,59.1,1,3.3,225,,2,0,0
2035,7,3,4,20.4,71.8,2.3,7.6,290,,5,0,0
2035,7,3,5,20,76.7,1.9,4.8,40,,4,4,0
2035,7,3,6,20.1,77.1,2.1,5.1,41,,25,25,0
2035,7,3,7,20.5,75.4,2.4,5.8,13,,65,65,0
2035,7,3,8,21.6,70.6,1.3,3.2,38,,192,188,8
2035,7,3,9,22,67.6,1.2,3.5,90,,440,338,149
2035,7,3,10,23.9,54.6,1.7,5.4,315,,706,294,515
2035,7,3,11,24.4,56.6,1.6,3.7,172,,775,315,524
2035,7,3,12,25.2,58.9,1.5,3,189,,727,394,364
2035,7,3,13,26.5,54.6,1.8,4.1,150,,887,277,672
2035,7,3,14,27.8,50.4,1.9,3.8,155,,823,215,708
2035,7,3,15,27.5,50.2,1.5,3.2,185,,707,358,453
2035,7,3,16,26.9,49.5,1.6,4.5,351,,101,101,0
2035,7,3,17,24.5,56.8,2.8,9.8,355,,76,76,0
2035,7,3,18,23.4,66.6,1.7,5,49,,72,72,0
2035,7,3,19,23.1,70.2,1.5,3.9,39,,40,40,0
2035,7,3,20,23.1,68.5,1.8,5,33,,8,8,0
2035,7,3,21,22.8,68.4,2.1,4.5,20,,2,0,0
2035,7,3,22,22.4,68.3,1.7,4,28,,2,0,0
2035,7,3,23,21.7,71.7,1.5,2.8,36,,0,0,0
2035,7,4,0,21.5,70.7,1.7,2.9,33,,0,0,0
2035,7,4,1,21.6,70.3,1.2,2.8,20,,0,0,0
2035,7,4,2,21.4,68.5,1.1,3,27,,0,0,0
2035,7,4,3,21.2,69.9,1.9,3.1,3,,2,0,0
2035,7,4,4,20.7,71.3,1.5,3.1,13,,4,0,0
2035,7,4,5,20.6,72.6,1.8,3.3,55,,29,29,0
2035,7,4,6,21,72,0.5,1.6,72,,164,77,385
2035,7,4,7,21.4,66.7,1.2,3.1,162,,369,97,698
2035,7,4,8,22.4,62.6,1.2,3.2,162,,534,75,839
2035,7,4,9,23.2,62.7,1.5,3.8,157,,685,89,867
2035,7,4,10,24.7,52.8,1.5,3.2,180,,813,117,870
2035,7,4,11,26.4,45.4,1.5,3.1,184,,905,128,886
2035,7,4,12,27.7,42.9,1.5,3.4,180,,928,158,843
2035,7,4,13,29.2,36.9,1.4,3.3,221,,920,155,843
2035,7,4,14,29.8,31.5,1.3,3.3,218,,857,179,790
2035,7,4,15,30.1,26.1,1.7,4.3,228,,719,291,556
2035,7,4,16,29.9,27.5,1.4,3.5,186,,349,298,78
2035,7,4,17,28.1,37.8,1,2.4,124,,193,186,14
2035,7,4,18,28.3,37.5,1.2,2.8,60,,148,141,21
2035,7,4,19,27.9,37.6,2,4.7,21,,50,50,0
2035,7,4,20,27.1,38,3.6,6,13,,6,6,0
2035,7,4,21,26.1,41.6,3.1,6.7,12,,2,0,0
2035,7,4,22,24.7,52.6,2.4,15.1,256,,5,0,0
2035,7,4,23,19.8,81.1,3.7,14.2,323,,0,0,0
2035,7,5,0,19.9,79,2.4,6.5,9,,0,0,0
2035,7,5,1,19.8,79.6,1.7,4.3,11,,0,0,0
2035,7,5,2,19.9,79.1,2.1,4.6,23,,0,0,0
2035,7,5,3,19.7,78.8,1.8,4.1,27,,2,0,0
2035,7,5,4,19.5,75.3,2.1,4.5,23,,2,0,0
2035,7,5,5,19.6,78.4,1.5,3.4,12,,7,7,0
2035,7,5,6,19.5,80.4,1,2.9,45,,23,23,0
2035,7,5,7,19.8,78.2,0.6,2,225,,112,112,0
2035,7,5,8,20.3,76.3,1.5,3.3,258,,322,247,138
2035,7,5,9,20.8,72.7,1.7,4.5,250,,384,320,94
2035,7,5,10,21,74.2,2.1,5.6,285,,277,271,7
2035,7,5,11,21,69.9,1.6,5.9,287,,294,272,25
2035,7,5,12,23,59.8,2.2,5.3,232,,943,392,605
2035,7,5,13,23.7,57.5,2.4,6.6,158,,824,355,517
2035,7,5,14,24.5,55.9,1.9,4.9,147,,836,264,666
2035,7,5,15,23.8,55.1,1.9,6.5,157,,520,298,287
2035,7,5,16,21.7,60.3,1.8,6.6,132,,121,121,0
2035,7,5,17,22.4,47.6,2.6,6.3,275,,225,208,33
2035,7,5,18,21.9,50.8,3.4,7.3,265,,109,109,0
2035,7,5,19,20.8,53.9,3.3,7.6,268,,23,23,0
2035,7,5,20,19.7,55.7,2.5,5.9,285,,8,8,0
2035,7,5,21,19.2,59.6,2.1,4.9,290,,2,0,0
2035,7,5,22,18.7,66.8,2.7,5.9,283,,2,0,0
2035,7,5,23,18.4,74.3,2.3,5.5,299,,0,0,0
2035,7,6,0,18.3,80.4,1.1,3.7,319,,0,0,0
2035,7,6,1,18.4,78.1,1.1,3.7,299,,0,0,0
2035,7,6,2,18.2,78.8,1.5,3.8,282,,0,0,0
2035,7,6,3,18,80.9,1.6,4.5,298,,2,0,0
2035,7,6,4,18.1,79.9,1.4,3.3,302,,2,0,0
2035,7,6,5,17.9,81.1,1.6,4.6,304,,9,9,0
2035,7,6,6,17.9,82.6,0.9,3,306,,25,25,0
2035,7,6,7,18.1,82.7,1.2,2.9,284,,57,57,0
2035,7,6,8,18.4,82.5,1.2,2.8,290,,129,129,0
2035,7,6,9,18.2,82,1.4,4,283,,177,176,1
2035,7,6,10,19.1,77.4,0.8,2.1,286,,331,321,13
2035,7,6,11,19.6,75.3,0.7,2.1,225,,208,205,3
2035,7,6,12,20.3,73.6,0.9,2.6,196,,453,439,16
2035,7,6,13,21.2,65.6,1.7,3.7,153,,863,361,555
2035,7,6,14,22.1,61.8,1.9,4.1,149,,583,282,351
2035,7,6,15,21.3,71.9,1.6,4.3,99,,114,114,0
2035,7,6,16,21.9,73.9,1.8,6,97,,238,232,9
2035,7,6,17,21.6,66.3,1.6,4.8,53,,196,190,12
2035,7,6,18,21.5,63.5,1.1,3.2,297,,122,120,5
2035,7,6,19,21.5,64.6,0.8,1.9,8,,85,59,152
2035,7,6,20,20.5,66.3,1.5,3.5,356,,5,5,0
2035,7,6,21,20.5,70.2,1.3,4,41,,3,0,0
2035,7,6,22,20,69.6,0.9,3.6,63,,2,0,0
2035,7,6,23,19.6,70.3,0.7,3.1,333,,0,0,0
2035,7,7,0,19.3,72.7,1,2.2,45,,0,0,0
2035,7,7,1,19,74.9,0.9,2.3,338,,0,0,0
2035,7,7,2,18.8,76.2,1.1,2.5,336,,0,0,0
2035,7,7,3,18.6,75.9,1.2,2.5,343,,2,0,0
2035,7,7,4,18.3,76.5,1.5,4.4,36,,4,0,0
2035,7,7,5,18.2,75.5,1.2,3.4,61,,27,27,0
2035,7,7,6,18.3,69.4,1,2.6,40,,184,56,585
2035,7,7,7,19.2,67.1,1.3,3.8,127,,362,72,754
2035,7,7,8,20,64.1,1.6,5.5,143,,531,77,835
2035,7,7,9,22.1,57.2,1.7,4.2,214,,682,93,862
2035,7,7,10,24.3,47.8,1.7,6.8,184,,804,126,850
2035,7,7,11,25.2,41.6,3.2,10.3,48,,897,146,859
2035,7,7,12,26.2,38.8,3.8,8.7,35,,913,213,768
2035,7,7,13,26.5,40.1,3.6,10.1,39,,893,210,754
2035,7,7,14,27.5,35.1,3.8,9.9,32,,843,184,770
2035,7,7,15,27.5,32.1,3.7,10,25,,737,181,724
2035,7,7,16,27.4,32.3,3.5,9.4,42,,585,160,658
2035,7,7,17,26.9,34.7,3.6,9.7,39,,418,147,542
2035,7,7,18,26.2,35.3,3,8.9,35,,243,110,391
2035,7,7,19,25.1,40.1,2.8,7.7,37,,77,63,80
2035,7,7,20,23.8,42.4,3.3,8.2,33,,7,7,0
2035,7,7,21,23.1,44.9,3.7,9.3,38,,2,0,0
2035,7,7,22,22.6,48.8,4.1,10.1,39,,2,0,0
2035,7,7,23,22.4,48.6,3.7,8.3,38,,0,0,0
2035,7,8,0,22,49.6,1.5,8.8,38,,0,0,0
2035,7,8,1,21.4,52.7,0.7,2.3,351,,0,0,0
2035,7,8,2,20.5,56.3,0.8,2.1,321,,0,0,0
2035,7,8,3,19.8,60,1.1,2.6,315,,2,0,0
2035,7,8,4,19.3,62.8,1.8,4.2,50,,5,0,0
2035,7,8,5,19.4,61.5,2,4.4,28,,38,38,0
2035,7,8,6,20.1,57.9,1.5,4.5,32,,181,55,578
2035,7,8,7,21.1,55.1,0.8,2.3,211,,358,70,753
2035,7,8,8,22.6,52.1,1.4,3.5,200,,524,76,827
2035,7,8,9,22.6,55.7,1.4,3.5,204,,672,100,838
2035,7,8,10,24.7,46.3,1.5,4.9,189,,804,124,853
2035,7,8,11,26.8,39.2,2.5,7.2,68,,887,153,840
2035,7,8,12,27.6,37.6,2.7,6.3,52,,915,206,778
2035,7,8,13,28.5,35.6,2.2,6.2,52,,877,305,633
2035,7,8,14,29,34.6,1.6,4.3,72,,583,350,272
2035,7,8,15,29.2,33.1,1.7,4.8,34,,608,338,352
2035,7,8,16,29,35.2,2.3,6.7,39,,570,196,578
2035,7,8,17,28.8,35.7,2.5,6.5,36,,406,147,519
2035,7,8,18,27.7,37.5,2.7,7,27,,230,123,315
2035,7,8,19,26.4,41,2.4,7.4,21,,83,61,128
2035,7,8,20,24.8,44.8,2.8,6.6,34,,10,10,0
2035,7,8,21,23.9,46.9,3.2,7.8,33,,2,0,0
2035,7,8,22,23.3,47.7,3.2,8.5,30,,2,0,0
2035,7,8,23,22.9,47.7,3.3,8.8,31,,0,0,0
2035,7,9,0,22.7,46.5,3.5,10.1,34,,0,0,0
2035,7,9,1,22.3,46,3.2,8.7,34,,0,0,0
2035,7,9,2,21.5,49.3,1.5,5.2,45,,0,0,0
2035,7,9,3,20.5,55.4,1,4.4,259,,3,0,0
2035,7,9,4,20.3,54.3,0.8,2.5,18,,4,0,0
2035,7,9,5,19.6,56.8,0.8,4.2,45,,26,26,0
2035,7,9,6,20.2,56.9,0.4,1.8,360,,175,52,570
2035,7,9,7,21.2,56.2,1.1,2.7,180,,350,59,762
2035,7,9,8,21.6,57.2,1.4,2.8,204,,523,69,842
2035,7,9,9,22.6,56.4,1.5,3.3,210,,675,97,849
2035,7,9,10,23,54.4,1.7,3.6,200,,802,125,853
2035,7,9,11,25.2,48.9,1.7,4,188,,888,149,847
2035,7,9,12,26.6,43.4,1.9,3.8,208,,909,187,794
2035,7,9,13,28.1,32.6,1.9,3.9,219,,891,211,753
2035,7,9,14,29.6,28,1.5,5.5,124,,837,191,755
2035,7,9,15,29.9,29.7,1.9,6.2,54,,729,187,707
2035,7,9,16,29.8,30.7,2.2,6.7,38,,563,198,565
2035,7,9,17,29.4,31.1,2.5,6,51,,414,150,529
2035,7,9,18,28.2,33.6,2.1,6.9,41,,226,120,314
2035,7,9,19,26.8,35.3,1.6,4.7,23,,64,61,20
2035,7,9,20,25.3,34.3,1.9,4.8,9,,9,9,0
2035,7,9,21,24.2,33,2.6,6.4,19,,2,0,0
2035,7,9,22,23.7,36.6,2.6,6.7,32,,2,0,0
2035,7,9,23,23.2,38,1.1,6.6,39,,0,0,0
2035,7,10,0,22.7,39.3,1,3,45,,0,0,0
2035,7,10,1,21.5,42.9,1.1,2.7,6,,0,0,0
2035,7,10,2,21.1,45.4,2,4.1,28,,0,0,0
2035,7,10,3,20.3,49.3,1.3,3.4,39,,2,0,0
2035,7,10,4,19.9,53.7,1.6,3.2,39,,3,0,0
2035,7,10,5,19.7,55.2,2,3.7,34,,30,30,0
2035,7,10,6,20.2,55.6,0.9,2.2,40,,170,52,554
2035,7,10,7,20.9,59.9,1.2,3.1,142,,344,59,751
2035,7,10,8,21.5,57.9,1.4,2.9,171,,530,78,839
2035,7,10,9,22.8,49.8,1.4,2.9,198,,677,94,857
2035,7,10,10,23.7,45.4,1.6,3.1,184,,816,118,880
2035,7,10,11,24.8,42.5,2,3.9,201,,922,189,841
2035,7,10,12,25.7,36.9,2,4.8,216,,838,245,653
2035,7,10,13,26.5,32.2,2.3,7.5,333,,671,424,273
2035,7,10,14,27.5,30.6,2.9,6.5,337,,763,345,490
2035,7,10,15,27.1,29.4,2.1,6.4,339,,687,263,553
2035,7,10,16,26.9,30.1,3.2,8,335,,608,127,747
2035,7,10,17,26,34.3,3.9,8.4,336,,444,141,610
2035,7,10,18,24.5,38.1,3.5,8.1,341,,198,132,199
2035,7,10,19,23.5,42.2,3.1,8.4,348,,55,55,0
2035,7,10,20,22.2,45.9,1.9,6.7,7,,8,8,0
2035,7,10,21,21.4,50.4,1.6,4.3,8,,3,0,0
2035,7,10,22,20.5,53.1,2.2,4.5,11,,3,0,0
2035,7,10,23,19.9,55.1,2.4,5.5,10,,0,0,0
2035,7,11,0,19.1,56,1.5,4.8,14,,0,0,0
2035,7,11,1,18.5,55.5,2,5.2,32,,0,0,0
2035,7,11,2,18.1,55.9,2.9,6.1,19,,0,0,0
2035,7,11,3,17.8,56.2,3.2,5.7,17,,2,0,0
2035,7,11,4,17.5,56.4,2.3,5.3,24,,4,0,0
2035,7,11,5,17.3,56.5,1.9,5.4,16,,25,25,0
2035,7,11,6,17.7,56.3,2.5,6.1,22,,177,55,575
2035,7,11,7,18.3,53.6,3.4,8.3,32,,360,69,771
2035,7,11,8,19.3,49.5,2.9,7.1,42,,537,73,863
2035,7,11,9,20.4,47.9,2.2,5.8,43,,694,88,893
2035,7,11,10,21.7,44.9,1.7,4.7,210,,832,114,906
2035,7,11,11,23,41.3,2.4,4.9,208,,930,159,887
2035,7,11,12,24.1,32.3,1.8,4,208,,942,172,847
2035,7,11,13,25.1,30.4,2.1,16.7,209,,910,175,816
2035,7,11,14,25.3,30.4,1.9,7.2,106,,847,175,788
2035,7,11,15,25.5,31,2.4,8.5,51,,745,148,781
2035,7,11,16,25,33.1,2.9,7.4,37,,595,146,699
2035,7,11,17,25.1,33.4,2.7,8.7,22,,427,133,592
2035,7,11,18,24.3,34.6,2.6,6.5,29,,246,104,423
2035,7,11,19,22.7,38.6,2.3,6.4,19,,78,56,131
2035,7,11,20,21.3,42.9,2.4,6.3,24,,8,8,0
2035,7,11,21,20.1,44.4,2.9,7.4,27,,3,0,0
2035,7,11,22,19.4,46.6,3.1,7.9,29,,2,0,0
2035,7,11,23,19,48.9,2.8,8,31,,0,0,0
2035,7,12,0,18.8,48.3,2.9,8.7,36,,0,0,0
2035,7,12,1,18.3,49.1,2.2,7.5,31,,0,0,0
2035,7,12,2,17.2,54.9,0.6,2.1,270,,0,0,0
2035,7,12,3,17.4,53,1,3.5,309,,2,0,0
2035,7,12,4,16.5,56.1,1.3,4,5,,3,0,0
2035,7,12,5,16.2,58.2,1.4,4.4,42,,24,24,0
2035,7,12,6,16.8,56.9,0.8,3,45,,181,58,586
2035,7,12,7,17.9,55.9,1.3,3.2,151,,364,70,780
2035,7,12,8,18.6,56.6,1.5,3.7,207,,539,124,776
2035,7,12,9,19.6,53.4,1.6,3.6,197,,662,138,776
2035,7,12,10,20.8,51.5,1.7,3.8,203,,834,280,701
2035,7,12,11,21.3,50.6,1.3,3.4,202,,624,338,329
2035,7,12,12,23.1,45.9,1.7,3.7,207,,947,360,647
2035,7,12,13,24.1,42,1.6,3.4,205,,807,339,519
2035,7,12,14,25,37,1.5,3.3,197,,840,233,713
2035,7,12,15,26,32.5,1.5,3.9,203,,756,148,796
2035,7,12,16,26.6,29.6,1.6,3.3,207,,586,177,637
2035,7,12,17,26.1,29.9,1,2.4,203,,392,180,428
2035,7,12,18,26.2,30.4,0.7,1.9,214,,167,133,102
2035,7,12,19,25.2,36.1,1.4,3.4,18,,106,60,280
2035,7,12,20,24.6,36.5,2.6,5,9,,11,11,0
2035,7,12,21,23.3,38.3,1.1,3.3,22,,3,0,0
2035,7,12,22,22.5,44.1,1.3,3.9,22,,2,0,0
2035,7,12,23,21.6,45.5,0.9,2.8,342,,0,0,0
2035,7,13,0,21,45.8,1.4,3.3,45,,0,0,0
2035,7,13,1,20.5,48.3,2,3.6,11,,0,0,0
2035,7,13,2,19.6,53.2,2.1,4.2,27,,0,0,0
2035,7,13,3,19,55,2.5,5.8,24,,2,0,0
2035,7,13,4,18.3,59.1,1.9,3.9,32,,4,0,0
2035,7,13,5,18.3,64.3,1.8,3.1,29,,24,24,0
2035,7,13,6,19,65.5,1.1,3.4,14,,170,56,547
2035,7,13,7,19.3,62.5,1.2,3,260,,345,65,748
2035,7,13,8,20.4,59.4,1.5,3,212,,517,69,840
2035,7,13,9,21.6,54,1.5,3.3,207,,667,96,846
2035,7,13,10,22.9,49.4,1.6,3.2,196,,797,124,853
2035,7,13,11,24.2,45,1.6,3.2,192,,881,152,841
2035,7,13,12,25.8,39.4,1.8,3.5,159,,905,210,769
2035,7,13,13,26.3,36.3,1.6,4.1,168,,861,279,646
2035,7,13,14,28,31.3,1.5,3.3,193,,809,238,671
2035,7,13,15,28.8,28.2,1.6,3.4,194,,728,206,685
2035,7,13,16,28.4,31.2,1.7,3.8,155,,508,270,371
2035,7,13,17,28.1,31.6,1.3,3.2,158,,404,195,421
2035,7,13,18,27.1,34,0.7,2.7,135,,116,114,6
2035,7,13,19,27.1,37.1,1.1,3.7,29,,47,47,0
2035,7,13,20,25.9,39.1,2.2,5,22,,6,6,0
2035,7,13,21,25.2,40.7,2.6,5,18,,2,0,0
2035,7,13,22,24.4,43.4,2.3,4.1,10,,2,0,0
2035,7,13,23,24.1,44.4,1.6,4.2,15,,0,0,0
2035,7,14,0,23.2,47.4,1.6,3.5,11,,0,0,0
2035,7,14,1,22.6,48.3,1.8,4.1,16,,0,0,0
2035,7,14,2,22.2,50.4,1.4,2.7,27,,0,0,0
2035,7,14,3,22,53,1.8,3.5,22,,2,0,0
2035,7,14,4,21,56.9,1.8,3.3,27,,4,0,0
2035,7,14,5,20.9,58.4,1.9,3.7,25,,30,30,0
2035,7,14,6,21.4,63,1.5,2.9,28,,156,95,295
2035,7,14,7,22.4,61.1,0.7,2,124,,253,143,297
2035,7,14,8,23.2,61.1,0.9,2.5,194,,456,162,551
2035,7,14,9,24.1,55.9,1,2.6,186,,461,329,195
2035,7,14,10,25.3,51.4,1.2,3,191,,793,266,668
2035,7,14,11,26.8,45.4,1.3,3.1,207,,788,333,526
2035,7,14,12,27.2,42.3,1.2,2.7,197,,587,394,215
2035,7,14,13,28.4,40.1,1.6,3.6,214,,892,327,629
2035,7,14,14,29.1,38,1.8,3.4,205,,769,333,512
2035,7,14,15,29.1,35.2,1.7,4.6,247,,365,316,63
2035,7,14,16,28.6,34.5,2.6,5.4,279,,223,213,16
2035,7,14,17,27.4,45.4,2.7,7.3,146,,393,272,244
2035,7,14,18,25.3,46.6,3.1,8.7,112,,83,83,0
2035,7,14,19,25.2,44,2.7,8.2,106,,33,33,0
2035,7,14,20,22.1,67,2.7,9.7,94,,6,6,0
2035,7,14,21,20.7,76.6,1.8,4.5,74,,2,0,0
2035,7,14,22,20.9,75.2,1.7,4,45,,0,0,0
2035,7,14,23,20.7,69.8,1.6,5.4,60,,0,0,0
2035,7,15,0,20.4,70.7,1.6,3.4,16,,0,0,0
2035,7,15,1,20.2,67.7,1.3,3.4,49,,0,0,0
2035,7,15,2,19.9,69.3,1.7,3.6,47,,0,0,0
2035,7,15,3,19.8,70.2,1.7,4.6,35,,3,0,0
2035,7,15,4,19.3,72.7,1.8,3.7,24,,4,0,0
2035,7,15,5,19.6,68.5,1.4,3.7,42,,35,35,0
2035,7,15,6,19.7,69.2,1.8,4.4,101,,152,54,482
2035,7,15,7,20.5,69.1,1.7,3.4,122,,314,111,545
2035,7,15,8,20.8,69.5,1.6,4.2,144,,316,241,142
2035,7,15,9,21.8,65.7,1.6,3.6,163,,652,161,730
2035,7,15,10,22.2,63.5,1.7,4.9,205,,783,120,844
2035,7,15,11,23.2,58.8,1.8,3.8,195,,885,140,862
2035,7,15,12,24.9,49.8,1.4,3.7,190,,926,182,823
2035,7,15,13,26.7,42.7,1.7,3.3,172,,977,196,870
2035,7,15,14,27.6,42.1,1.6,3.2,168,,870,195,795
2035,7,15,15,27.4,39.6,1.7,4.2,162,,711,245,613
2035,7,15,16,27.9,38.4,1.6,3.3,163,,467,296,267
2035,7,15,17,26.9,42.3,1.1,5.8,14,,110,110,0
2035,7,15,18,21.7,67.1,5.2,13.5,347,,11,11,0
2035,7,15,19,19.5,78.5,3.7,11.2,347,,7,7,0
2035,7,15,20,19.2,80.3,2.1,7.9,86,,15,0,0
2035,7,15,21,19.3,76.9,1.9,5.7,23,,2,0,0
2035,7,15,22,18.9,79.9,2.1,4.1,20,,0,0,0
2035,7,15,23,19,75.9,2.3,4.9,24,,0,0,0
2035,7,16,0,18.7,74,2,3.4,28,,0,0,0
2035,7,16,1,18.6,75.9,2,4.2,24,,0,0,0
2035,7,16,2,18.5,76.3,1.9,4,28,,0,0,0
2035,7,16,3,18.4,78.1,1.9,3.4,27,,2,0,0
2035,7,16,4,18.4,78.3,1.9,3.2,25,,3,0,0
2035,7,16,5,18.5,78.2,1.7,3.3,25,,27,27,0
2035,7,16,6,18.8,74.8,1.1,2.7,6,,159,52,533
2035,7,16,7,19.8,69.3,0.7,2.3,189,,338,59,759
2035,7,16,8,20.2,68.5,1.1,3,174,,516,67,850
2035,7,16,9,21.2,64.1,1.3,4.2,163,,667,92,856
2035,7,16,10,22,61,1.5,3.5,171,,796,114,869
2035,7,16,11,23.1,59.4,1.4,3,185,,886,126,881
2035,7,16,12,26.1,51.9,1.6,3.5,212,,914,144,853
2035,7,16,13,28.1,37.4,1.4,3.3,190,,896,170,810
2035,7,16,14,27.2,42.8,1.6,3.3,216,,837,174,781
2035,7,16,15,28.2,33.8,1.5,4.2,207,,724,184,711
2035,7,16,16,29.1,28.5,1.7,7.2,51,,566,187,595
2035,7,16,17,28.8,30.4,2,6.1,47,,387,170,442
2035,7,16,18,28.6,30.8,1.7,5.1,40,,214,124,277
2035,7,16,19,27.5,36.1,1.1,2.6,22,,64,57,44
2035,7,16,20,25.8,39.9,2.6,5.5,18,,6,6,0
2035,7,16,21,24.8,37.4,3.4,6.2,12,,2,0,0
2035,7,16,22,24.1,39,2.8,6,18,,0,0,0
2035,7,16,23,23.3,40,2.8,5.7,15,,0,0,0
2035,7,17,0,22.8,44.6,2.3,5.9,10,,0,0,0
2035,7,17,1,21.7,50.8,1.2,5.6,339,,0,0,0
2035,7,17,2,21.5,51.9,1.9,4.4,33,,0,0,0
2035,7,17,3,21.5,52.7,2.3,4.9,24,,2,0,0
2035,7,17,4,20.2,65.8,2.1,5.1,357,,4,0,0
2035,7,17,5,19.7,74.4,1.8,4.3,40,,20,20,0
2035,7,17,6,20.4,76.9,2,4.4,21,,128,66,309
2035,7,17,7,21.3,62.7,0.8,2.8,135,,323,72,685
2035,7,17,8,21.9,59.1,1,3.3,256,,493,74,796
2035,7,17,9,23,53.9,1.4,3,214,,656,97,836
2035,7,17,10,24.6,45.9,1.6,3.2,200,,788,121,852
2035,7,17,11,25.5,42.2,1.9,3.6,213,,854,191,768
2035,7,17,12,26.1,44.1,2.1,5.6,239,,933,176,841
2035,7,17,13,27.3,37.1,2.3,4.8,240,,885,220,743
2035,7,17,14,27.2,39.1,1.9,4.5,193,,852,153,825
2035,7,17,15,27.6,33.2,1.6,3.4,215,,742,155,774
2035,7,17,16,28,30.7,1.6,3.1,212,,574,158,654
2035,7,17,17,27.7,31.8,1.2,2.6,197,,407,185,454
2035,7,17,18,25.4,47,2,11.6,309,,105,105,0
2035,7,17,19,23.1,67.8,3.2,7.5,9,,46,46,0
2035,7,17,20,23.3,56.6,2.9,5.4,10,,8,8,0
2035,7,17,21,22.8,55.4,2.1,5.4,32,,2,0,0
2035,7,17,22,22.1,60.4,1.9,3.9,9,,0,0,0
2035,7,17,23,22,57.5,2.6,5,12,,0,0,0
2035,7,18,0,21.8,56.6,2.1,4.8,9,,0,0,0
2035,7,18,1,21.1,60.3,1.9,4.1,18,,0,0,0
2035,7,18,2,20.7,60,2.1,3.9,24,,0,0,0
2035,7,18,3,19.9,65.1,1.4,2.8,13,,2,0,0
2035,7,18,4,20,64.1,1,3,353,,3,0,0
2035,7,18,5,20.2,61,1.2,3,18,,20,20,0
2035,7,18,6,20.7,61.5,1.3,3.5,24,,158,51,543
2035,7,18,7,21.7,57.3,1.1,3.5,207,,338,62,761
2035,7,18,8,22.4,59.3,1.5,3.9,193,,515,66,855
2035,7,18,9,22.7,58.8,1.5,3,209,,669,89,868
2035,7,18,10,23.9,54.3,1.4,3,209,,795,118,866
2035,7,18,11,24.9,50.9,1.4,3.1,198,,877,144,852
2035,7,18,12,26.2,48.4,1.7,3.4,184,,897,197,778
2035,7,18,13,26.5,50.9,1.7,3.2,191,,876,202,755
2035,7,18,14,27.9,44.6,1.5,3.1,203,,819,200,732
2035,7,18,15,29,36.5,1.4,3.1,194,,716,187,698
2035,7,18,16,29.3,33.5,1.3,2.8,195,,562,170,617
2035,7,18,17,29.6,32.5,1.2,2.5,207,,392,148,502
2035,7,18,18,28.9,33.7,0.9,2.7,225,,209,126,257
2035,7,18,19,28.5,34.9,1.1,2.8,338,,51,51,0
2035,7,18,20,27,36.4,2.7,5.1,11,,6,6,0
2035,7,18,21,26,35.8,0.7,3.8,360,,2,0,0
2035,7,18,22,25.1,38.5,1,2.7,40,,0,0,0
2035,7,18,23,24.6,41.2,0.8,2.1,9,,0,0,0
2035,7,19,0,23.8,45.7,1.5,3.8,25,,0,0,0
2035,7,19,1,22.5,51.8,1.3,3.2,34,,0,0,0
2035,7,19,2,21.6,55.7,1.8,3.9,349,,0,0,0
2035,7,19,3,21.5,56.1,1.8,3.9,32,,0,0,0
2035,7,19,4,21.2,60,2,3.9,28,,3,0,0
2035,7,19,5,21.3,63.4,1.8,3,27,,17,17,0
2035,7,19,6,21.6,63.9,1.3,2.7,29,,150,52,505
2035,7,19,7,22.2,63.9,1,2.5,143,,329,58,750
2035,7,19,8,23,60.5,1.3,2.9,165,,502,66,834
2035,7,19,9,23.7,56.2,1.5,3.3,184,,651,98,832
2035,7,19,10,24.8,52.8,1.4,3,212,,746,201,698
2035,7,19,11,26.1,49.8,1.7,3.4,212,,872,162,827
2035,7,19,12,27.3,46.1,1.6,3.3,203,,897,177,801
2035,7,19,13,28,41.8,1.4,3,215,,885,199,769
2035,7,19,14,29.1,33.6,1.4,3.5,200,,825,199,742
2035,7,19,15,29.5,28.8,1.5,3.1,197,,719,200,688
2035,7,19,16,30.3,25.5,1.4,2.9,195,,561,185,593
2035,7,19,17,30.6,25.1,1.3,2.7,207,,363,183,370
2035,7,19,18,29.9,27,0.7,1.8,202,,234,110,382
2035,7,19,19,28.8,33.8,0.9,4,30,,47,47,0
2035,7,19,20,27.2,41.6,1.7,3.8,23,,6,0,0
2035,7,19,21,26.3,45.8,1.6,3.3,15,,3,0,0
2035,7,19,22,25.5,48.3,1.3,3.6,27,,0,0,0
2035,7,19,23,24.7,51.1,1.9,3.7,34,,0,0,0
2035,7,20,0,23.5,55.7,2,3.4,25,,0,0,0
2035,7,20,1,22.7,59.9,1.8,3.3,24,,0,0,0
2035,7,20,2,22.1,62.3,1.8,3.3,24,,0,0,0
2035,7,20,3,22,64.3,2,3.9,28,,0,0,0
2035,7,20,4,22,67.2,2,3.5,25,,3,0,0
2035,7,20,5,21.9,66,1.8,3.3,24,,20,20,0
2035,7,20,6,22.1,60.9,1.3,2.3,29,,142,52,470
2035,7,20,7,23,53.7,0.9,2.5,188,,318,59,721
2035,7,20,8,23.4,56.5,1.1,2.8,204,,493,97,761
2035,7,20,9,24.3,55.3,1.3,3.1,156,,575,220,535
2035,7,20,10,25.8,47.4,1.4,3.2,171,,695,324,476
2035,7,20,11,26.8,42.3,1.4,3.3,215,,777,323,529
2035,7,20,12,27.9,40.9,1.5,4.1,200,,751,395,396
2035,7,20,13,27.2,43.1,1.3,4.3,187,,188,183,6
2035,7,20,14,25.9,48.5,2.6,8.8,351,,394,335,70
2035,7,20,15,26.2,48.2,2.1,5.8,74,,172,170,2
2035,7,20,16,25.8,48.2,2.3,5.6,33,,70,70,0
2035,7,20,17,22.5,71.7,2.6,6.1,352,,17,17,0
2035,7,20,18,20.8,79.1,2.5,8.3,292,,4,4,0
2035,7,20,19,19.8,84.2,2.9,11,108,,5,5,0
2035,7,20,20,19.2,80.7,3.4,9.2,105,,2,0,0
2035,7,20,21,20,76.8,1.8,7.4,169,,2,0,0
2035,7,20,22,20,76.8,1.7,6.1,291,,0,0,0
2035,7,20,23,20.1,77.8,1.4,4.7,280,,0,0,0
2035,7,21,0,19.7,77.8,1.5,4.2,279,,0,0,0
2035,7,21,1,19.8,75.1,1.4,2.9,9,,0,0,0
2035,7,21,2,20,73.7,0.9,2.7,360,,0,0,0
2035,7,21,3,19.7,72.9,1.1,3.7,90,,0,0,0
2035,7,21,4,19.1,73.2,1.7,3.7,101,,2,0,0
2035,7,21,5,19.3,72.2,1.2,3.2,18,,21,21,0
2035,7,21,6,19.4,74.8,1.1,2.9,300,,65,65,2
2035,7,21,7,19.8,74.6,0.6,1.4,81,,89,89,0
2035,7,21,8,20.2,71.8,0.7,2.1,117,,203,195,15
2035,7,21,9,20.3,68.2,1.8,4.8,279,,322,300,33
2035,7,21,10,19.8,73.4,1.4,4.7,339,,199,198,2
2035,7,21,11,20.3,69.8,0.7,2.1,143,,264,260,5
2035,7,21,12,21.2,61.5,1.2,3,163,,618,416,225
2035,7,21,13,21.9,56.9,1.5,3.6,163,,610,440,191
2035,7,21,14,22.6,53.2,1.4,3.7,185,,583,420,194
2035,7,21,15,23.1,52.8,1.4,3,198,,604,330,364
2035,7,21,16,23.8,48.9,1.9,3.9,211,,475,274,320
2035,7,21,17,22.9,54,1.2,3.1,191,,193,183,18
2035,7,21,18,22.4,59.2,1.7,3.4,94,,96,96,0
2035,7,21,19,22.1,62.4,1.5,3.4,148,,39,39,0
2035,7,21,20,21.6,62,1.2,3.6,50,,5,0,0
2035,7,21,21,21.5,62,1.8,4.1,356,,2,0,0
2035,7,21,22,20.9,63.5,2.3,4.5,15,,0,0,0
2035,7,21,23,20.5,63.2,2.9,5,18,,0,0,0
2035,7,22,0,19.8,61.4,2.3,5,22,,0,0,0
2035,7,22,1,19.3,63.1,2.1,4,24,,0,0,0
2035,7,22,2,19,65.9,2.4,4.9,20,,0,0,0
2035,7,22,3,19.2,68.1,2.2,4.7,17,,0,0,0
2035,7,22,4,19,69.7,2.2,4.8,19,,2,0,0
2035,7,22,5,19.4,65.8,2.2,4.7,14,,22,22,0
2035,7,22,6,19.6,68.3,1.4,3.9,347,,83,69,77
2035,7,22,7,20,69.6,0.5,1.2,315,,125,123,5
2035,7,22,8,20.7,66.4,0.8,3.3,211,,435,197,460
2035,7,22,9,21,66.8,1.6,3.6,212,,714,295,636
2035,7,22,10,22.3,53.6,1.8,3.7,198,,731,292,567
2035,7,22,11,22.8,47.4,1.4,3.3,228,,397,340,68
2035,7,22,12,24.1,42.4,1.7,4.4,208,,599,381,244
2035,7,22,13,25.7,37.5,1.7,6,202,,783,364,472
2035,7,22,14,25.6,36.2,1.6,4.2,211,,606,391,256
2035,7,22,15,26.1,36.3,2.1,7,57,,697,248,598
2035,7,22,16,27.3,33.2,1.9,5.1,35,,538,219,509
2035,7,22,17,27,33,2.3,6.7,39,,461,101,750
2035,7,22,18,26.3,35.4,1.9,6,28,,283,89,612
2035,7,22,19,25.5,39.2,1.7,4.8,23,,87,64,159
2035,7,22,20,24.6,42.7,1.6,4.5,28,,5,0,0
2035,7,22,21,23.3,48.2,2.2,9.1,27,,2,0,0
2035,7,22,22,22.8,51.3,3.2,8,33,,0,0,0
2035,7,22,23,22.5,52.3,3.1,8,32,,0,0,0
2035,7,23,0,22.1,53.9,2.8,7.5,25,,0,0,0
2035,7,23,1,21.7,55.1,1.6,5,355,,0,0,0
2035,7,23,2,20.9,57.5,2.2,5.7,11,,0,0,0
2035,7,23,3,20.4,59.7,2.2,4.6,14,,0,0,0
2035,7,23,4,20.8,57.7,2.7,6.3,29,,2,0,0
2035,7,23,5,20.7,57.7,3,6.7,28,,28,28,0
2035,7,23,6,21.3,57.1,2.7,7.1,27,,159,72,469
2035,7,23,7,22.2,53.9,2,5.8,31,,328,89,679
2035,7,23,8,23.2,50.3,3,8.7,27,,499,74,825
2035,7,23,9,24.3,48.2,3.1,8.6,21,,644,96,832
2035,7,23,10,25.4,45.5,2.4,8.1,35,,771,126,835
2035,7,23,11,26.7,41.8,3.2,8.2,37,,863,151,834
2035,7,23,12,27.4,37.1,3.4,10.7,22,,888,191,781
2035,7,23,13,28.4,33.5,3.5,8.2,23,,880,193,775
2035,7,23,14,28.4,34.1,3.3,10.3,35,,803,228,685
2035,7,23,15,28.7,35.7,3.1,8.3,37,,698,197,670
2035,7,23,16,28.4,37.7,3.3,9,31,,547,174,595
2035,7,23,17,28.1,39.5,3,8,29,,380,146,490
2035,7,23,18,27.5,41.6,3.2,8,34,,203,118,272
2035,7,23,19,26.2,45.9,2.7,6.3,32,,62,51,75
2035,7,23,20,25.1,49.5,2.8,6.5,36,,5,0,0
2035,7,23,21,24.4,51.8,3.4,9,41,,2,0,0
2035,7,23,22,23.9,53.3,3.5,8.5,34,,0,0,0
2035,7,23,23,23.6,52.8,3.2,7.9,35,,0,0,0
2035,7,24,0,23,56,1.6,5.8,35,,0,0,0
2035,7,24,1,22.5,56.8,1.5,5,51,,0,0,0
2035,7,24,2,21.7,60.7,1.5,3.4,25,,0,0,0
2035,7,24,3,21.1,63.8,2.2,4.3,23,,0,0,0
2035,7,24,4,20.7,65.4,1.8,3.9,27,,3,0,0
2035,7,24,5,20.6,65.9,1.7,3.5,25,,17,17,0
2035,7,24,6,21.2,65.5,1.5,3.3,25,,137,54,457
2035,7,24,7,22,65.9,0.6,2.6,166,,302,59,695
2035,7,24,8,22.7,65.2,1.3,3,175,,478,66,806
2035,7,24,9,23.4,61.2,1.4,3.1,194,,633,96,819
2035,7,24,10,24.6,56,1.5,3.5,188,,764,119,837
2035,7,24,11,25.4,52.8,1.5,3.1,207,,832,171,775
2035,7,24,12,27.1,48.3,1.4,3,194,,879,187,777
2035,7,24,13,28.5,40.8,1.3,3.2,180,,885,169,809
2035,7,24,14,28.9,38,1.3,3.1,212,,813,203,729
2035,7,24,15,30.8,32.2,1.9,5,240,,702,167,716
2035,7,24,16,30.7,32.8,1.3,2.9,180,,554,163,625
2035,7,24,17,30.3,36.1,1.6,3.4,169,,381,143,502
2035,7,24,18,28.8,40,1.1,2.7,135,,204,116,284
2035,7,24,19,28.5,39.1,0.9,2.6,27,,55,50,35
2035,7,24,20,28.1,41.6,1.8,4.3,21,,4,0,0
2035,7,24,21,27.3,40.6,1.9,4.1,28,,2,0,0
2035,7,24,22,26.2,44.5,1.9,3.7,22,,0,0,0
2035,7,24,23,25.3,49.7,1.7,3.3,28,,0,0,0
2035,7,25,0,25.4,48.9,1.7,4.8,63,,0,0,0
2035,7,25,1,24.9,45,2.5,7.4,108,,0,0,0
2035,7,25,2,24.4,46.8,1,3.9,83,,0,0,0
2035,7,25,3,23.7,52.5,1.2,3.2,29,,0,0,0
2035,7,25,4,23.1,55.6,0.9,2.6,21,,3,0,0
2035,7,25,5,22.8,58,1,2.8,23,,13,13,0
2035,7,25,6,22.7,58.3,1.3,4,101,,90,60,167
2035,7,25,7,23.2,59.1,2,5.8,129,,322,146,508
2035,7,25,8,23.6,60.7,2,4.7,139,,471,132,667
2035,7,25,9,24.3,58.6,1.6,4.1,146,,556,231,498
2035,7,25,10,25.4,54.5,1.4,3.5,180,,757,164,770
2035,7,25,11,26.9,49.3,1.5,3.7,153,,866,156,834
2035,7,25,12,29.1,41.6,1.4,3.8,190,,884,184,788
2035,7,25,13,29.6,39.3,1.7,3.5,201,,879,178,793
2035,7,25,14,30.2,37.3,1.7,3.9,200,,818,250,680
2035,7,25,15,30.6,37.9,1.4,3.3,202,,580,373,277
2035,7,25,16,29.3,40.5,2.4,8.6,25,,70,70,0
2035,7,25,17,28,43.2,1.8,5.6,32,,46,46,0
2035,7,25,18,27,48.9,0.7,2.3,225,,43,43,0
2035,7,25,19,26.9,49.8,1.2,2.8,22,,34,34,0
2035,7,25,20,26.2,49.9,2.1,3.5,37,,5,0,0
2035,7,25,21,25.8,47.7,2.2,4.1,22,,2,0,0
2035,7,25,22,25,51,2.2,4.2,19,,0,0,0
2035,7,25,23,24.1,57.8,1.5,3.2,4,,0,0,0
2035,7,26,0,23.6,59.4,1.3,2.3,9,,0,0,0
2035,7,26,1,23.2,64.6,1.9,4.1,22,,0,0,0
2035,7,26,2,22.8,63.2,1.7,4.7,33,,0,0,0
2035,7,26,3,22.5,66.3,1.7,3.8,22,,0,0,0
2035,7,26,4,22.2,63,2.2,4.3,24,,2,0,0
2035,7,26,5,21.9,63.1,1.5,2.8,25,,14,14,0
2035,7,26,6,22.3,63.2,1,2.4,37,,133,51,465
2035,7,26,7,23.2,60.1,0.7,2.3,135,,311,57,736
2035,7,26,8,24,60.4,1.2,2.5,158,,484,61,833
2035,7,26,9,25,57.3,1.3,3.1,180,,637,91,837
2035,7,26,10,25.8,52.9,1.7,3.5,176,,768,113,854
2035,7,26,11,27.1,49.2,1.7,3.3,208,,854,129,855
2035,7,26,12,29.2,45.4,1.4,3.1,203,,876,179,786
2035,7,26,13,29.7,43.5,1.9,4.5,220,,870,168,796
2035,7,26,14,33.3,26.9,2.1,7.1,117,,804,205,719
2035,7,26,15,33.9,23,3.4,9.4,26,,709,199,685
2035,7,26,16,33,24.3,3.5,8.5,28,,517,231,461
2035,7,26,17,32.4,22.3,3.1,8.2,27,,334,210,263
2035,7,26,18,31.3,22.4,2,5,28,,113,110,8
2035,7,26,19,30.2,25.7,2.4,5.1,23,,38,38,0
2035,7,26,20,29.1,26.9,2.6,6,21,,4,0,0
2035,7,26,21,28.5,28.4,2.8,6.3,22,,2,0,0
2035,7,26,22,27.9,30.3,1.8,5.3,48,,0,0,0
2035,7,26,23,26.3,35.2,1,2.8,8,,0,0,0
2035,7,27,0,25.6,37.5,1.6,4.1,20,,0,0,0
2035,7,27,1,23.9,44.2,1.9,3.6,16,,0,0,0
2035,7,27,2,23.2,47.2,1.6,3.8,20,,0,0,0
2035,7,27,3,23.1,46.4,1.9,3.9,32,,0,0,0
2035,7,27,4,22.4,48.7,2.1,4.3,29,,3,0,0
2035,7,27,5,21.9,55,2,3.4,27,,18,18,0
2035,7,27,6,22.3,57.4,1.4,2.8,23,,137,50,498
2035,7,27,7,23.3,56.7,0.7,2.1,202,,319,63,746
2035,7,27,8,24.4,53.2,1.2,2.7,180,,491,72,829
2035,7,27,9,25.2,50.1,1.3,2.9,185,,645,89,856
2035,7,27,10,26.5,46.7,1.4,3.1,203,,775,116,860
2035,7,27,11,27.7,44.4,1.4,3,189,,860,166,820
2035,7,27,12,29.2,39.2,1.6,3,205,,842,308,603
2035,7,27,13,29.9,36.3,1.4,3.1,194,,741,362,432
2035,7,27,14,31.3,28.2,1.4,3.4,222,,754,293,556
2035,7,27,15,31.8,26.7,1.4,3.3,198,,696,190,683
2035,7,27,16,32.2,26.5,1.1,2.6,207,,540,189,570
2035,7,27,17,32.3,26,1.1,2.1,204,,357,177,383
2035,7,27,18,31.2,28.2,0.5,1.6,153,,176,119,191
2035,7,27,19,30.6,31.1,1.5,3.1,20,,46,46,3
2035,7,27,20,28.8,35.7,2.1,4.5,29,,4,0,0
2035,7,27,21,27.5,40.9,2,3.7,27,,2,0,0
2035,7,27,22,27.1,40,2.2,4.2,25,,0,0,0
2035,7,27,23,26.6,39.9,2,4.2,27,,0,0,0
2035,7,28,0,25.7,44.6,1.9,3.2,24,,0,0,0
2035,7,28,1,25,47.6,2,3.4,18,,0,0,0
2035,7,28,2,24.8,48.1,1.9,3.3,32,,0,0,0
2035,7,28,3,24.5,50.7,1.9,3,36,,0,0,0
2035,7,28,4,24.8,49.4,2,3.8,28,,2,0,0
2035,7,28,5,24.2,57.7,1.6,3.7,336,,8,8,0
2035,7,28,6,22.9,71.1,2,5.2,13,,38,38,0
2035,7,28,7,23.4,73.2,1.4,3.9,72,,227,159,199
2035,7,28,8,21.3,79.9,3.3,8.6,347,,20,20,0
2035,7,28,9,21.9,77.1,1.4,3.1,34,,93,93,0
2035,7,28,10,21.1,81.1,1,2.3,113,,35,35,0
2035,7,28,11,21.3,80.9,1.4,3.1,85,,161,160,1
2035,7,28,12,22,75.8,0.7,2.9,104,,186,184,2
2035,7,28,13,22.2,75.8,0.9,2.7,153,,106,106,0
2035,7,28,14,22.5,75.8,1.3,3.1,40,,200,192,9
2035,7,28,15,23.4,71.8,2,4.9,139,,561,341,298
2035,7,28,16,23.8,68.1,1.2,3.4,169,,462,240,361
2035,7,28,17,24,63,1.1,2.5,204,,338,171,357
2035,7,28,18,23.5,65.2,0.5,1.8,162,,147,119,93
2035,7,28,19,23.1,65.6,0.9,1.8,51,,54,45,67
2035,7,28,20,22.5,66.8,1.8,4,24,,4,0,0
2035,7,28,21,22,66.5,1.9,4.1,25,,2,0,0
2035,7,28,22,21.5,69.9,2.1,4.3,24,,0,0,0
2035,7,28,23,21.5,69.2,2,3.6,25,,0,0,0
2035,7,29,0,21,71,1.9,3.7,25,,0,0,0
2035,7,29,1,21,70.3,2,3.7,25,,0,0,0
2035,7,29,2,20.6,72.8,1.9,3.8,25,,0,0,0
2035,7,29,3,20.5,73.1,2.2,4.5,25,,0,0,0
2035,7,29,4,20.5,73.1,2.2,4.7,23,,2,0,0
2035,7,29,5,20.3,71.6,2.1,4.5,24,,14,0,0
2035,7,29,6,20.8,71.6,1.3,3.3,27,,124,53,420
2035,7,29,7,21.5,70.1,1.2,3.4,119,,302,57,726
2035,7,29,8,22.1,67.8,1.5,3.8,150,,479,58,839
2035,7,29,9,23.1,66.4,1.6,3.8,148,,627,82,845
2035,7,29,10,23.8,65.5,1.7,3.8,207,,760,100,867
2035,7,29,11,24.3,62.8,1.6,3.6,180,,838,125,848
2035,7,29,12,25.5,60.3,1.6,3.4,201,,867,165,796
2035,7,29,13,26.8,55.8,1.4,2.8,194,,865,162,802
2035,7,29,14,27.7,48.1,1.4,2.9,193,,804,172,764
2035,7,29,15,28.8,41.3,1.4,3,190,,704,147,755
2035,7,29,16,28.8,39.7,1.1,2.5,186,,553,140,672
2035,7,29,17,29.5,37.3,0.9,2.9,171,,385,118,577
2035,7,29,18,28.8,39.1,0.7,2.5,162,,194,110,282
2035,7,29,19,28.4,42.5,1.4,2.9,23,,49,45,34
2035,7,29,20,26.8,50.6,1.9,3.5,34,,4,0,0
2035,7,29,21,25.6,54.3,2.1,3.8,27,,2,0,0
2035,7,29,22,25.2,52.1,2.3,4.7,24,,0,0,0
2035,7,29,23,24.4,53.4,2.2,3.8,27,,0,0,0
2035,7,30,0,23.2,57.9,2.1,3.7,23,,0,0,0
2035,7,30,1,22.6,60.1,2.2,3.9,23,,0,0,0
2035,7,30,2,22.1,60.2,2.1,3.6,25,,0,0,0
2035,7,30,3,22.1,54.9,2.1,3.4,29,,0,0,0
2035,7,30,4,21.9,55.9,2,3.4,27,,2,0,0
2035,7,30,5,21.3,56.4,1.9,3.6,21,,13,0,0
2035,7,30,6,21.8,57.5,1.5,3.1,25,,124,51,437
2035,7,30,7,23.3,51.6,0.6,1.5,225,,305,66,714
2035,7,30,8,24.3,54.8,1.3,3,142,,477,67,823
2035,7,30,9,25.2,56.6,1.4,3.1,171,,632,80,858
2035,7,30,10,26.6,53.1,1.4,2.9,185,,759,119,845
2035,7,30,11,27.1,47.7,1.4,2.9,180,,842,164,806
2035,7,30,12,28.9,41.6,1.4,3,189,,857,223,721
2035,7,30,13,30.3,41.5,1.3,3.1,195,,863,170,793
2035,7,30,14,31.8,39.7,1.4,2.8,198,,800,175,757
2035,7,30,15,32.9,32.7,1.3,2.6,211,,651,214,594
2035,7,30,16,33.3,30.3,1.1,2.4,169,,509,215,482
2035,7,30,17,33,28.8,1,2.6,216,,326,188,302
2035,7,30,18,32,32.5,0.3,1.9,180,,160,119,139
2035,7,30,19,31.1,35.8,1.5,4.7,16,,52,43,72
2035,7,30,20,29.4,37.4,2.7,5.7,21,,4,0,0
2035,7,30,21,28.6,38,2.5,6.5,15,,2,0,0
2035,7,30,22,27.5,42,1,3,18,,0,0,0
2035,7,30,23,26.6,46,0.7,3.2,72,,0,0,0
2035,7,31,0,25.7,52,2,3.7,21,,0,0,0
2035,7,31,1,24.6,56.5,1.9,3.6,25,,0,0,0
2035,7,31,2,23.8,58.7,2.2,4.5,22,,0,0,0
2035,7,31,3,23.8,56.7,2.1,3.3,29,,0,0,0
2035,7,31,4,23.2,60.3,2.1,3.7,23,,2,0,0
2035,7,31,5,23.3,55.1,1.9,3.6,28,,18,0,0
2035,7,31,6,23.6,57.5,1.7,2.8,25,,101,71,185
2035,7,31,7,24.6,56.4,0.9,2.4,135,,316,149,502
2035,7,31,8,25.2,56.2,0.9,2.2,203,,407,146,526
2035,7,31,9,26.3,54.2,1.3,2.6,209,,614,111,787
2035,7,31,10,27.1,50.2,1.4,2.8,189,,731,209,690
2035,7,31,11,28.6,43.6,1,2.7,186,,613,311,360
2035,7,31,12,30.3,36.6,1.4,3.5,202,,870,262,694
2035,7,31,13,31.9,33.4,1.6,3.3,205,,855,200,751
2035,7,31,14,32.7,32.6,1.4,3.3,228,,799,172,762
2035,7,31,15,33.4,31.3,1.8,4,202,,722,98,851
2035,7,31,16,33.6,34.4,2,5.9,270,,559,134,699
2035,7,31,17,32.5,35.9,3,6.7,358,,376,149,496
2035,7,31,18,32,35.8,2.5,6.2,10,,164,115,171
2035,7,31,19,30.9,34.9,2.2,5.8,23,,60,42,152
2035,7,31,20,29.8,39.7,2.3,5.2,19,,4,0,0
2035,7,31,21,28.8,43.9,1.4,4.8,360,,2,0,0
2035,7,31,22,27.4,49.5,1.8,4.2,13,,0,0,0
2035,7,31,23,27.2,50.7,1.3,3.8,29,,0,0,0
2035,8,1,0,26.7,52.1,1.4,3.6,9,,0,0,0
2035,8,1,1,25.9,54.1,1.2,3.5,354,,0,0,0
2035,8,1,2,25.4,56.4,1.4,3.4,39,,0,0,0
2035,8,1,3,24.9,58.9,1.9,3.3,27,,0,0,0
2035,8,1,4,24.2,59.5,1.9,3.3,13,,2,0,0
2035,8,1,5,24.2,60,1.6,3.1,20,,17,0,0
2035,8,1,6,24.2,63.6,1.6,2.9,33,,58,53,32
2035,8,1,7,24.9,65.5,0.9,2.7,81,,260,106,464
2035,8,1,8,25.7,60.8,1.1,3,153,,400,130,547
2035,8,1,9,26.5,57.5,1.4,2.8,180,,602,123,751
2035,8,1,10,27.4,55.9,1.5,3.3,207,,727,132,788
2035,8,1,11,28.6,51.8,1.4,3,194,,817,150,798
2035,8,1,12,29.5,47.4,1.5,3.6,193,,852,183,765
2035,8,1,13,31.8,42.7,1.9,3.7,211,,839,205,728
2035,8,1,14,31.9,41.8,1.5,4.4,189,,786,196,720
2035,8,1,15,31.8,42.2,1.8,3.9,223,,630,268,496
2035,8,1,16,27.9,66.2,3.2,8,348,,238,221,28
2035,8,1,17,26.2,63.3,2.8,9.6,36,,18,18,0
2035,8,1,18,25.9,63.5,1.9,5.2,33,,5,5,0
2035,8,1,19,24.8,60.5,3.7,11.5,109,,18,18,0
2035,8,1,20,24.6,59,3,8.9,81,,6,0,0
2035,8,1,21,24.5,54.1,2.3,7.6,93,,2,0,0
2035,8,1,22,24.3,61.5,1.3,2.8,39,,0,0,0
2035,8,1,23,24,64.8,1.7,4.3,25,,0,0,0
2035,8,2,0,23.2,62.5,1.5,4,28,,0,0,0
2035,8,2,1,22.7,64.4,1.4,3.4,21,,0,0,0
2035,8,2,2,22.4,67.9,1.7,3.4,21,,0,0,0
2035,8,2,3,22.3,70,2.1,4.6,20,,0,0,0
2035,8,2,4,22.1,71.3,1.6,3.8,23,,2,0,0
2035,8,2,5,22.1,68.6,1.6,3.3,27,,14,0,0
2035,8,2,6,22,69.1,1.1,2.5,29,,100,48,333
2035,8,2,7,22.6,61.4,0.8,3.2,194,,294,100,592
2035,8,2,8,23.3,61.2,1.9,4.7,139,,447,66,777
2035,8,2,9,24.1,61.3,1.5,3.4,157,,616,87,831
2035,8,2,10,25,59.1,1.5,3.2,180,,738,110,835
2035,8,2,11,25.9,58,1.4,3,203,,823,129,833
2035,8,2,12,28.4,53,1.8,3.8,202,,853,164,789
2035,8,2,13,29,51.3,1.7,3.9,205,,841,181,762
2035,8,2,14,31.1,42,1.8,5.6,166,,769,211,681
2035,8,2,15,32.5,36.1,2.8,7.1,24,,665,190,653
2035,8,2,16,32.4,35.6,2.4,6.4,24,,518,174,570
2035,8,2,17,32.4,36.1,2.5,6.6,18,,349,145,451
2035,8,2,18,31.4,36.9,2.6,6.9,24,,175,109,235
2035,8,2,19,29.8,42,2.8,7,25,,42,39,24
2035,8,2,20,28.8,44.6,3,7.9,39,,3,0,0
2035,8,2,21,27.9,47.6,3.7,9.2,40,,2,0,0
2035,8,2,22,27.3,50.4,3.8,9.9,40,,0,0,0
2035,8,2,23,26.9,51.6,3.6,9,37,,0,0,0
2035,8,3,0,26.5,53,3.7,9.2,30,,0,0,0
2035,8,3,1,26,53.6,3.1,8.3,28,,0,0,0
2035,8,3,2,24.9,58.7,1.1,3.6,243,,0,0,0
2035,8,3,3,24.1,60.8,0.8,2.7,346,,0,0,0
2035,8,3,4,23.9,61.9,1.4,2.7,32,,2,0,0
2035,8,3,5,23.6,63.1,1.7,3.8,17,,12,0,0
2035,8,3,6,23.9,62.8,1.3,3,17,,106,54,339
2035,8,3,7,24.7,62.2,0.8,2.1,180,,281,61,678
2035,8,3,8,25.5,62.1,1.3,2.8,204,,448,63,789
2035,8,3,9,26.1,59,1.5,3.2,207,,599,94,797
2035,8,3,10,27.2,55.6,1.3,3.1,211,,730,118,815
2035,8,3,11,28.6,50.7,1.5,3,194,,812,149,798
2035,8,3,12,29.8,47.5,1.6,3.4,201,,836,198,732
2035,8,3,13,30.8,47.6,1.9,3.6,194,,832,190,742
2035,8,3,14,31.7,45.2,1.5,3.3,194,,758,224,654
2035,8,3,15,32.2,43.5,1.6,3.5,197,,648,202,616
2035,8,3,16,33,40.2,1.4,3,204,,512,149,605
2035,8,3,17,33.5,35.5,1.3,4.7,326,,385,104,624
2035,8,3,18,33.6,33.4,1.9,5.2,13,,196,101,333
2035,8,3,19,31.7,37.7,0.9,2.8,34,,39,38,12
2035,8,3,20,30.2,41.1,2.1,4.6,11,,3,0,0
2035,8,3,21,29.6,43.2,2.1,5.2,6,,2,0,0
2035,8,3,22,28.6,50.9,0.6,3,90,,0,0,0
2035,8,3,23,27.6,56.8,0.8,3.4,333,,0,0,0
2035,8,4,0,26.9,62.2,1.3,2.8,323,,0,0,0
2035,8,4,1,26.5,62.7,1.6,3,35,,0,0,0
2035,8,4,2,26,62.3,1.8,3.6,27,,0,0,0
2035,8,4,3,25.4,63.8,1.4,2.5,13,,0,0,0
2035,8,4,4,25,65.6,1.7,2.9,28,,2,0,0
2035,8,4,5,24.8,65.8,2,4,24,,12,0,0
2035,8,4,6,25,62.8,1.4,3.6,30,,105,48,380
2035,8,4,7,25.6,61.7,0.6,2.1,180,,277,53,696
2035,8,4,8,26.5,58.9,0.8,2.5,231,,446,61,793
2035,8,4,9,27.3,57.7,1.2,2.7,207,,600,86,815
2035,8,4,10,28.4,52.9,1.5,3.3,189,,731,105,836
2035,8,4,11,29.6,49.9,1.5,3.3,184,,820,226,717
2035,8,4,12,30.5,46.9,1.6,4.4,228,,571,398,200
2035,8,4,13,30,50.8,1.4,3.4,222,,280,262,21
2035,8,4,14,30.7,43.2,1,3,153,,125,125,0
2035,8,4,15,29.6,49.2,1.3,2.8,58,,78,78,0
2035,8,4,16,29.3,48,0.8,2.1,56,,43,43,0
2035,8,4,17,29,48.5,0.8,2.3,169,,62,62,0
2035,8,4,18,29.5,47.9,1.2,4.6,27,,193,100,330
2035,8,4,19,29.2,46.6,0.6,3.2,18,,56,38,168
2035,8,4,20,28.5,49.5,1.7,4.7,356,,4,0,0
2035,8,4,21,27.7,50.9,2,4,16,,2,0,0
2035,8,4,22,27.9,48.3,1.8,4.5,20,,0,0,0
2035,8,4,23,26.8,53.3,2.1,5,354,,0,0,0
2035,8,5,0,26,58.5,1.2,2.7,333,,0,0,0
2035,8,5,1,25.5,60.1,1.1,2.4,24,,0,0,0
2035,8,5,2,25.3,62.4,1,2.5,352,,0,0,0
2035,8,5,3,24.8,61.2,1.6,2.9,20,,0,0,0
2035,8,5,4,24.9,58.3,1.8,3.4,21,,2,0,0
2035,8,5,5,24.9,57.4,1.8,3.3,24,,11,0,0
2035,8,5,6,24.6,59.9,1.1,3,41,,102,53,337
2035,8,5,7,25.3,60.9,0.5,1.8,124,,276,61,674
2035,8,5,8,26.4,60.7,1,2.1,186,,444,59,797
2035,8,5,9,27,57.3,1.3,2.7,214,,597,86,813
2035,8,5,10,28.5,52.6,1.4,3,189,,729,106,835
2035,8,5,11,30,48,1.5,4,207,,813,129,828
2035,8,5,12,32.4,37.3,1.9,4.1,208,,844,195,749
2035,8,5,13,34.3,30.1,2,8.4,187,,837,199,741
2035,8,5,14,34.6,29.7,2.2,6.1,47,,776,199,711
2035,8,5,15,35.3,27,2.7,8.4,50,,689,146,754
2035,8,5,16,35.5,26.3,2.5,6,51,,558,106,760
2035,8,5,17,34.7,27.1,2.1,5.4,43,,371,161,475
2035,8,5,18,33.3,29.6,1.7,4.2,22,,108,101,23
2035,8,5,19,32,34.6,2.2,5.1,29,,31,31,0
2035,8,5,20,30.7,38.7,2.9,7.4,31,,4,0,0
2035,8,5,21,29.9,40.5,3.2,8.3,37,,2,0,0
2035,8,5,22,28.9,46.5,2.7,7.4,337,,0,0,0
2035,8,5,23,27.6,51.5,2,6.9,310,,0,0,0
2035,8,6,0,27.1,55.2,1.4,2.7,23,,0,0,0
2035,8,6,1,26.1,58.4,1.2,2.6,96,,0,0,0
2035,8,6,2,25.5,63.6,1.2,3.9,283,,0,0,0
2035,8,6,3,25.3,67.9,1.7,3.3,15,,0,0,0
2035,8,6,4,25.1,65.2,2,3.6,18,,2,0,0
2035,8,6,5,24.6,65.8,1.8,3.5,24,,12,0,0
2035,8,6,6,24.7,65.5,1.3,3.3,24,,102,56,317
2035,8,6,7,25.1,61.8,0.5,1.8,180,,256,71,583
2035,8,6,8,25.6,59.6,1.6,3.6,236,,434,69,761
2035,8,6,9,26.7,56.9,1.7,3.4,212,,582,106,759
2035,8,6,10,27.7,50.8,1.6,3.5,214,,696,179,695
2035,8,6,11,28.9,45.6,1.5,3,193,,803,165,773
2035,8,6,12,30.1,41.5,1.6,3.4,192,,852,193,764
2035,8,6,13,31.7,37.7,1.5,3.6,189,,911,140,899
2035,8,6,14,31.2,43.5,2.3,5.4,146,,862,216,799
2035,8,6,15,31.1,42.4,2.3,5.2,145,,646,245,558
2035,8,6,16,31.4,40.3,1.7,4.4,145,,496,186,524
2035,8,6,17,31.9,38.1,2,4.4,137,,349,175,395
2035,8,6,18,29.3,42.4,4.7,18.4,106,,96,94,7
2035,8,6,19,26,52.7,6.1,23.2,117,,14,14,0
2035,8,6,20,23.1,72.9,2,8.2,337,,4,0,0
2035,8,6,21,22.9,77.2,2.1,6.8,298,,2,0,0
2035,8,6,22,23,74.2,1.5,3.3,25,,0,0,0
2035,8,6,23,23.1,69.4,1.5,3,360,,0,0,0
2035,8,7,0,22.8,70.1,1.2,2.8,354,,0,0,0
2035,8,7,1,22.8,70.7,1.4,4.3,45,,0,0,0
2035,8,7,2,22.8,65.3,2,6.5,99,,0,0,0
2035,8,7,3,22.8,66.5,2.2,7,122,,0,0,0
2035,8,7,4,22.4,74.9,1.3,4.7,290,,3,0,0
2035,8,7,5,22.4,75.4,1.2,2.5,20,,8,0,0
2035,8,7,6,22.3,73.3,1.2,2.2,15,,83,47,260
2035,8,7,7,23.1,68,1.4,5.3,125,,252,78,554
2035,8,7,8,23.6,64.7,2.3,5.9,139,,451,60,821
2035,8,7,9,24.4,62.3,1.7,3.7,188,,616,70,874
2035,8,7,10,25,63,1.6,3.3,192,,734,97,859
2035,8,7,11,26.5,56.9,1.8,4.2,166,,812,144,812
2035,8,7,12,27.8,45.7,1.7,3.4,164,,840,193,752
2035,8,7,13,29.2,41,1.3,2.8,165,,837,189,757
2035,8,7,14,30.5,38.9,1.4,3.5,194,,774,192,722
2035,8,7,15,30.5,37,1.4,3.7,151,,661,183,670
2035,8,7,16,32.9,31.4,1,2.7,236,,507,165,581
2035,8,7,17,33.1,29.8,1.1,2.4,174,,348,126,510
2035,8,7,18,31.2,37.1,1.5,4.8,132,,197,66,485
2035,8,7,19,29.6,39.6,2.5,7.2,112,,49,32,167
2035,8,7,20,28.7,38.7,3.1,7.7,100,,3,0,0
2035,8,7,21,28.3,42.8,2.3,7.7,128,,2,0,0
2035,8,7,22,27.2,45.1,2.7,6.6,81,,0,0,0
2035,8,7,23,26.8,47.4,1.3,4.1,79,,0,0,0
2035,8,8,0,26.2,49.4,1.5,4.9,86,,0,0,0
2035,8,8,1,26.5,50,1,2.5,7,,0,0,0
2035,8,8,2,26.2,56.9,1,2.7,310,,0,0,0
2035,8,8,3,25.9,60.6,1.3,3,276,,0,0,0
2035,8,8,4,25.7,56.4,1.4,6.6,79,,2,0,0
2035,8,8,5,24.7,52.5,1.3,3.2,95,,11,0,0
2035,8,8,6,25.1,50.3,1,2.9,67,,102,56,337
2035,8,8,7,25.2,59.6,1.3,3.3,275,,269,94,562
2035,8,8,8,25.9,60.3,1.1,3.5,196,,380,148,490
2035,8,8,9,27,54.7,1.5,3.7,229,,634,181,729
2035,8,8,10,27.5,53.3,1.4,3.9,221,,751,89,895
2035,8,8,11,28.6,49.3,2.7,6.5,261,,851,141,866
2035,8,8,12,29.9,43.1,2.8,6.1,242,,839,236,702
2035,8,8,13,30.9,36.7,1.9,4.9,222,,806,236,667
2035,8,8,14,30.6,37.5,1.5,3.7,198,,752,214,670
2035,8,8,15,32.3,35,1.7,4.1,200,,665,147,729
2035,8,8,16,31.3,39,2.3,6.1,162,,571,155,710
2035,8,8,17,28.7,45.8,3.5,10.6,127,,348,146,467
2035,8,8,18,26.5,54.1,3.1,8.6,104,,97,94,12
2035,8,8,19,24.9,56.8,1.8,6.2,77,,12,12,0
2035,8,8,20,23.7,69.2,1.9,5.1,50,,3,0,0
2035,8,8,21,23.4,68.5,1.9,4.7,19,,2,0,0
2035,8,8,22,23.5,67.6,1.2,4.7,18,,0,0,0
2035,8,8,23,23.2,72,1.3,3.2,11,,0,0,0
2035,8,9,0,22.9,78.1,1.2,3.8,9,,0,0,0
2035,8,9,1,22.4,77.7,0.8,2.2,27,,0,0,0
2035,8,9,2,22.4,77.6,1.4,2.7,25,,0,0,0
2035,8,9,3,22.2,78.8,1.7,3.7,21,,0,0,0
2035,8,9,4,21.8,80.2,2.1,3.8,17,,2,0,0
2035,8,9,5,21.7,76.8,1.8,4,24,,10,0,0
2035,8,9,6,21.7,72.6,1.7,3.4,22,,95,48,347
2035,8,9,7,22.3,69,0.8,2.4,180,,277,80,639
2035,8,9,8,22.8,70.4,2,4.7,257,,430,57,790
2035,8,9,9,23.3,71.5,2.6,6,250,,592,226,592
2035,8,9,10,22.9,75.7,2.3,4.8,273,,135,135,0
2035,8,9,11,22.7,75,2.8,6.9,295,,95,95,0
2035,8,9,12,22.9,72.4,3,7,288,,283,271,14
2035,8,9,13,22.9,69.5,3,7.4,283,,180,179,1
2035,8,9,14,22.7,68.1,3.9,10.4,270,,166,165,1
2035,8,9,15,22.8,69.7,3.7,8.9,265,,167,167,1
2035,8,9,16,22.4,68.9,5,10.5,271,,186,184,3
2035,8,9,17,22.4,66.2,4.1,8,273,,212,180,75
2035,8,9,18,22.4,63.6,4.1,8.8,269,,92,91,3
2035,8,9,19,22.1,66.1,3,7.1,276,,16,16,0
2035,8,9,20,22,66.9,2.2,5.5,279,,2,0,0
2035,8,9,21,21.8,69.4,3.1,7,270,,2,0,0
2035,8,9,22,20.9,63,2.7,7.3,300,,0,0,0
2035,8,9,23,20,60.5,1.6,3.8,48,,0,0,0
2035,8,10,0,19.4,68.3,1.6,3.7,51,,0,0,0
2035,8,10,1,18.6,79.7,2,4,84,,0,0,0
2035,8,10,2,18.2,79.8,1.7,3.5,79,,0,0,0
2035,8,10,3,18.2,75.4,1.5,4.1,36,,0,0,0
2035,8,10,4,17.9,72.3,2.1,4.4,24,,2,0,0
2035,8,10,5,17.9,69.6,2,4,21,,7,0,0
2035,8,10,6,18.4,68.6,1.8,4,24,,69,55,107
2035,8,10,7,18.8,69,1.1,2.7,27,,129,94,113
2035,8,10,8,19.8,66.8,1,3.7,121,,485,222,559
2035,8,10,9,20.3,63.4,1.7,4.8,184,,695,131,915
2035,8,10,10,21,56.2,1.9,3.9,194,,820,205,838
2035,8,10,11,21.6,54.9,2,4.3,204,,851,174,830
2035,8,10,12,22.8,39.8,1.9,4,198,,876,149,852
2035,8,10,13,23.9,33.8,1.9,4,213,,869,148,850
2035,8,10,14,23.5,34.8,1.7,4.1,195,,825,137,863
2035,8,10,15,24.6,34.3,1.6,4,193,,680,178,712
2035,8,10,16,25.2,34.5,1.5,3.6,180,,515,141,647
2035,8,10,17,24.9,35.4,1.2,2.7,185,,342,140,475
2035,8,10,18,23.9,38,0.7,2.5,171,,117,98,72
2035,8,10,19,23.1,41.8,1.4,3.9,29,,19,19,0
2035,8,10,20,21.9,44.3,2.6,6.6,7,,2,0,0
2035,8,10,21,21,44.4,2.9,6.2,13,,0,0,0
2035,8,10,22,20.5,45.9,2.5,5.3,25,,0,0,0
2035,8,10,23,20.2,47.1,2.3,5.7,28,,0,0,0
2035,8,11,0,19.8,47.9,2.4,4.9,23,,0,0,0
2035,8,11,1,19.2,49.4,2.3,5.2,24,,0,0,0
2035,8,11,2,18.9,50.7,2.2,5,22,,0,0,0
2035,8,11,3,18.1,56,2.4,5.1,21,,0,0,0
2035,8,11,4,18.1,57.4,2.6,5.3,23,,2,0,0
2035,8,11,5,17.4,62.6,1.9,4.4,24,,10,0,0
2035,8,11,6,17.9,57.4,1.6,3.6,18,,102,57,355
2035,8,11,7,19.2,45.4,0.7,4.1,27,,259,82,586
2035,8,11,8,20.4,39.4,1.5,3.7,42,,456,71,826
2035,8,11,9,21.7,37.7,2,4.7,191,,651,168,786
2035,8,11,10,22.6,37,1.8,3.8,197,,604,314,395
2035,8,11,11,23.4,34,1.5,4.3,211,,741,318,520
2035,8,11,12,24.5,30.6,2.1,4.4,204,,795,312,568
2035,8,11,13,24.6,33.9,2.3,4.5,203,,884,175,839
2035,8,11,14,25.6,32.2,2.1,4.1,202,,792,164,791
2035,8,11,15,26.1,32.1,1.9,3.8,198,,677,149,751
2035,8,11,16,25.5,33.9,1.7,3.8,201,,515,136,660
2035,8,11,17,25.7,33.4,1.3,2.9,202,,339,138,476
2035,8,11,18,25.8,32.4,0.9,3,243,,142,104,149
2035,8,11,19,25,33.3,1.6,4.1,11,,29,28,12
2035,8,11,20,23.5,37.3,2.6,4.7,14,,3,0,0
2035,8,11,21,22.6,39.4,3,6.6,18,,0,0,0
2035,8,11,22,22,42.2,3.4,7.9,27,,0,0,0
2035,8,11,23,21.6,42.4,3.3,8.4,26,,0,0,0
2035,8,12,0,20.7,45.5,0.9,4.7,37,,0,0,0
2035,8,12,1,19.8,48,2,4.2,18,,0,0,0
2035,8,12,2,19.1,51.8,2.1,4.6,24,,0,0,0
2035,8,12,3,18.5,54.7,2.3,4.9,21,,0,0,0
2035,8,12,4,18.2,56.8,2.2,4.3,25,,2,0,0
2035,8,12,5,18,59.3,2.3,4.8,21,,7,0,0
2035,8,12,6,18.3,61.4,1.8,4.5,27,,92,48,354
2035,8,12,7,19.3,62.1,0.9,2.3,153,,280,63,728
2035,8,12,8,20,57.6,1.3,2.7,189,,457,76,823
2035,8,12,9,20.5,53.9,1.4,3.1,200,,612,80,870
2035,8,12,10,21.7,50.6,1.4,4.3,180,,746,103,881
2035,8,12,11,23.2,44.7,1.7,3.9,188,,837,126,877
2035,8,12,12,24.7,38.5,1.6,3.4,189,,861,155,832
2035,8,12,13,26.4,35.1,1.5,3.7,204,,854,152,834
2035,8,12,14,27.4,33.2,1.3,3.2,195,,785,148,805
2035,8,12,15,28.4,30.1,1.5,3.8,214,,671,143,756
2035,8,12,16,29.9,27.3,1.2,3.2,180,,513,130,671
2035,8,12,17,29.6,26.5,1.4,3.9,246,,337,114,534
2035,8,12,18,29.4,27.1,1.2,3.5,247,,151,92,237
2035,8,12,19,27.9,32.1,0.8,2,68,,22,22,0
2035,8,12,20,26,37.4,1.9,3.2,29,,2,0,0
2035,8,12,21,25.3,38,2,3.2,28,,0,0,0
2035,8,12,22,25.1,39.4,1.9,3.3,41,,0,0,0
2035,8,12,23,24.6,41.1,1.9,3.4,25,,0,0,0
2035,8,13,0,23.7,46.7,1.9,3.4,9,,0,0,0
2035,8,13,1,23.4,57.7,1.8,2.7,7,,0,0,0
2035,8,13,2,23.5,59.3,1.6,3.7,351,,0,0,0
2035,8,13,3,23.8,60.4,2.2,6.2,281,,0,0,0
2035,8,13,4,23.7,67.4,3,13,266,,2,0,0
2035,8,13,5,22.8,71.4,2.3,12,264,,5,0,0
2035,8,13,6,22.8,69.5,1.9,5,349,,12,12,0
2035,8,13,7,22.4,67.4,2.1,5.9,285,,41,41,0
2035,8,13,8,21.3,73.6,2.5,6.5,272,,65,65,0
2035,8,13,9,21.5,74.1,2.4,5.1,288,,230,224,10
2035,8,13,10,22.2,70.2,1.6,3.9,258,,379,320,82
2035,8,13,11,22.7,67.7,2.3,5.2,256,,436,366,87
2035,8,13,12,23.7,64.1,2,4.7,237,,647,415,275
2035,8,13,13,23.6,64.4,3.2,8.5,268,,271,253,22
2035,8,13,14,23.6,64.8,2.9,7,255,,307,299,10
2035,8,13,15,24.5,60.4,3.4,9.2,261,,473,337,195
2035,8,13,16,25,56.4,2.1,6.4,234,,332,248,149
2035,8,13,17,23.5,69.5,0.9,2.6,153,,55,55,0
2035,8,13,18,22.9,72.3,2.9,7.3,292,,34,34,0
2035,8,13,19,21,72.9,3.1,9.3,312,,8,8,0
2035,8,13,20,21.1,72.2,2.1,5.6,315,,2,0,0
2035,8,13,21,20.8,71.9,1.6,4.2,323,,0,0,0
2035,8,13,22,20.7,72.5,2.3,7.2,289,,0,0,0
2035,8,13,23,20,82.1,2,6.6,306,,0,0,0
2035,8,14,0,20.1,81,1.9,3.8,7,,0,0,0
2035,8,14,1,20,80.1,1.8,4.3,349,,0,0,0
2035,8,14,2,19.5,82.5,1.6,3.4,333,,0,0,0
2035,8,14,3,19.7,82.2,1.4,3.2,331,,0,0,0
2035,8,14,4,20,83.2,1.4,2.8,355,,2,0,0
2035,8,14,5,19.8,83.1,1.4,3.5,324,,4,0,0
2035,8,14,6,19.8,82.5,1,3.2,323,,26,26,0
2035,8,14,7,20,80,1.5,3.4,298,,127,121,22
2035,8,14,8,20.1,76.7,1.9,4.4,276,,292,198,205
2035,8,14,9,20.5,70,1.8,4.4,235,,393,289,171
2035,8,14,10,21,71.6,1.7,4.3,160,,440,352,123
2035,8,14,11,21.8,72.2,1.3,3.5,165,,721,307,514
2035,8,14,12,21.8,65.1,1.4,4.3,180,,439,351,104
2035,8,14,13,22.1,63.3,1.3,3.7,117,,385,370,18
2035,8,14,14,23,57.8,1.2,2.8,162,,523,319,261
2035,8,14,15,22,65.9,1,3.3,72,,146,146,0
2035,8,14,16,22.6,61.3,0.9,2.3,129,,231,221,18
2035,8,14,17,21.9,69.1,1,2.5,126,,107,107,0
2035,8,14,18,22.1,67.5,0.7,1.7,59,,76,76,0
2035,8,14,19,22,58,0.6,1.7,31,,17,17,0
2035,8,14,20,21.8,57.3,1.2,2.2,35,,3,0,0
2035,8,14,21,21.2,66.1,1,2.4,54,,0,0,0
2035,8,14,22,20.5,66.3,1.9,4.2,19,,0,0,0
2035,8,14,23,19.7,63.8,2,4.4,24,,0,0,0
2035,8,15,0,19.2,64.1,2.7,4.9,11,,0,0,0
2035,8,15,1,19.3,61.7,1.8,4.8,25,,0,0,0
2035,8,15,2,18.8,62.6,1.1,4.7,40,,0,0,0
2035,8,15,3,18.4,65.7,1.5,3.9,16,,0,0,0
2035,8,15,4,18.5,68.5,1.9,4,13,,2,0,0
2035,8,15,5,18.4,68.8,1.8,3.4,27,,6,0,0
2035,8,15,6,18.7,67.6,1.9,3.8,40,,86,44,366
2035,8,15,7,19.5,65.2,1.6,4.2,82,,266,80,642
2035,8,15,8,20.7,62,1.1,3.1,198,,423,86,739
2035,8,15,9,21.3,63,1.5,3.4,207,,622,225,657
2035,8,15,10,23.1,55.1,1.7,3.8,207,,665,202,643
2035,8,15,11,24.1,52.5,1.6,4.3,209,,760,222,670
2035,8,15,12,25.7,42.8,2.1,7.5,214,,766,333,515
2035,8,15,13,26.6,39.2,2.1,6.3,50,,837,209,754
2035,8,15,14,27,37.2,2,6,66,,759,188,730
2035,8,15,15,27.7,34.4,2,5.9,55,,641,173,680
2035,8,15,16,28.4,32.2,2,5.8,54,,485,153,592
2035,8,15,17,27.9,31.9,2,5.4,28,,312,141,421
2035,8,15,18,26.8,34.9,2,5.1,27,,134,88,192
2035,8,15,19,25.5,39.7,2.1,5,28,,19,19,0
2035,8,15,20,24.5,42.8,2.3,5,28,,2,0,0
2035,8,15,21,24,44,2.3,5.2,28,,0,0,0
2035,8,15,22,23.4,45.7,2.6,7.4,27,,0,0,0
2035,8,15,23,22.6,49.8,1.8,5.8,23,,0,0,0
2035,8,16,0,21.6,53.9,1.5,3,12,,0,0,0
2035,8,16,1,20.9,56.5,1.9,4.1,28,,0,0,0
2035,8,16,2,20.4,60.3,1.9,3.7,28,,0,0,0
2035,8,16,3,20,62.9,1.9,3.9,22,,0,0,0
2035,8,16,4,19.9,66,2,3.4,25,,2,0,0
2035,8,16,5,19.5,68,2.1,3.9,29,,7,0,0
2035,8,16,6,20,69.1,1.7,3.2,28,,82,43,352
2035,8,16,7,20.9,68.9,0.9,2.3,153,,258,66,672
2035,8,16,8,21.5,66,1.3,3.1,204,,431,68,803
2035,8,16,9,22.3,62.6,1.6,4,205,,585,79,844
2035,8,16,10,23.1,61.7,1.6,3.2,205,,714,104,849
2035,8,16,11,24,58.7,1.7,3.5,195,,798,133,833
2035,8,16,12,25.4,53.3,1.6,3.8,184,,826,173,779
2035,8,16,13,26.3,48.8,1.5,3.4,203,,817,178,769
2035,8,16,14,28,41,1.6,3.7,192,,745,196,705
2035,8,16,15,29,38.9,1.4,2.9,198,,630,174,665
2035,8,16,16,29,38.9,1.7,5.2,214,,486,137,627
2035,8,16,17,28.3,40.7,1,2.3,167,,299,147,377
2035,8,16,18,26.9,51.4,1,2.6,144,,109,84,104
2035,8,16,19,26,54.7,0.8,2.6,39,,11,11,0
2035,8,16,20,25.4,52.9,1.9,3.8,27,,2,0,0
2035,8,16,21,24.8,55.3,1.8,3.8,21,,0,0,0
2035,8,16,22,24.3,55.9,2,3.9,24,,0,0,0
2035,8,16,23,23.6,58.6,1.9,3,24,,0,0,0
2035,8,17,0,22.9,63,2.1,3.3,20,,0,0,0
2035,8,17,1,22.6,66.6,2.1,3.4,19,,0,0,0
2035,8,17,2,22.3,65,2,3.5,24,,0,0,0
2035,8,17,3,21.9,65.3,1.9,3.2,25,,0,0,0
2035,8,17,4,21.8,67.8,2,3.5,24,,2,0,0
2035,8,17,5,21.8,68.2,2,3.7,24,,5,0,0
2035,8,17,6,21.8,68.7,1.6,3.5,27,,76,39,338
2035,8,17,7,22.7,65.4,0.7,1.8,315,,252,63,666
2035,8,17,8,23.8,60.7,1.4,3,185,,423,62,802
2035,8,17,9,24.2,56,1.6,3.3,201,,592,80,857
2035,8,17,10,26,46.9,1.6,4.1,196,,790,206,817
2035,8,17,11,26.2,45.8,2.4,6.5,251,,873,365,639
2035,8,17,12,25.8,51,2.1,4.8,236,,406,354,62
2035,8,17,13,25.6,50.7,1.8,5.4,261,,208,206,3
2035,8,17,14,25.6,51.4,2,4.3,259,,391,315,97
2035,8,17,15,25.2,54,3.1,8.7,103,,437,330,158
2035,8,17,16,24.5,56.6,3,10.1,125,,298,248,92
2035,8,17,17,24.6,47.7,1.8,6,122,,123,123,0
2035,8,17,18,24.9,43.4,0.9,4,8,,99,83,73
2035,8,17,19,23.3,51.3,2.3,6.4,17,,19,19,0
2035,8,17,20,22.4,56.8,2,5.9,36,,2,0,0
2035,8,17,21,21.8,59.1,1.7,3.6,357,,0,0,0
2035,8,17,22,21.6,60.8,1.6,3.7,34,,0,0,0
2035,8,17,23,21.5,65.9,1,3.1,37,,0,0,0
2035,8,18,0,21.3,71.1,1.2,3.3,17,,0,0,0
2035,8,18,1,21.5,68,1.5,3.7,16,,0,0,0
2035,8,18,2,21.1,68.8,1.1,3.8,45,,0,0,0
2035,8,18,3,20.8,69.4,0.6,1.5,56,,0,0,0
2035,8,18,4,20.4,71.8,0.9,2,30,,2,0,0
2035,8,18,5,20.4,72.3,1,2,283,,7,0,0
2035,8,18,6,20.6,71.6,0.9,4.5,321,,82,48,327
2035,8,18,7,21.2,67.6,1.4,5,63,,315,146,607
2035,8,18,8,22.2,62.8,1.3,4.7,225,,491,234,576
2035,8,18,9,22.6,63,1.9,5.6,119,,450,265,312
2035,8,18,10,23.1,62,1.6,7.2,112,,364,338,38
2035,8,18,11,23.6,61,1.7,4.6,216,,478,366,140
2035,8,18,12,24.6,58.3,1.9,4.6,207,,651,385,321
2035,8,18,13,26.6,48.6,1.7,4.3,197,,643,381,317
2035,8,18,14,27,45.6,1.8,4.1,201,,707,271,565
2035,8,18,15,27.3,45,1.4,4.2,207,,401,329,107
2035,8,18,16,27.6,43.4,1.5,5,32,,156,156,0
2035,8,18,17,27.6,40.9,1.5,4.3,14,,232,168,161
2035,8,18,18,26.6,45.8,1.5,4.1,13,,104,86,83
2035,8,18,19,25,53.3,1,3.4,347,,12,12,0
2035,8,18,20,24,57.8,1.5,3.9,12,,2,0,0
2035,8,18,21,23.6,59.6,2.3,5.7,28,,0,0,0
2035,8,18,22,23.4,59.3,2.9,6.4,31,,0,0,0
2035,8,18,23,23.1,59.8,3,7,32,,0,0,0
2035,8,19,0,22.7,61.2,2.8,6.9,28,,0,0,0
2035,8,19,1,22.4,63.7,1.7,4.8,14,,0,0,0
2035,8,19,2,21.9,65.6,1.2,3.5,24,,0,0,0
2035,8,19,3,21.3,67.7,1.7,3.6,24,,0,0,0
2035,8,19,4,21,69.5,2,4.1,21,,2,0,0
2035,8,19,5,21.1,70.8,1.9,3.8,19,,6,0,0
2035,8,19,6,21.3,70,1.3,3.1,14,,67,37,295
2035,8,19,7,22,69.8,0.4,1.7,135,,233,54,648
2035,8,19,8,22.7,68.6,1.3,3.3,180,,404,60,775
2035,8,19,9,23.1,68.6,1.6,3.1,201,,571,72,844
2035,8,19,10,23.9,66.3,1.6,3.5,196,,694,102,834
2035,8,19,11,25,62.2,1.7,3.4,191,,784,119,842
2035,8,19,12,26.4,57.2,1.7,3.8,208,,811,155,792
2035,8,19,13,27.4,54.6,1.7,3.7,210,,805,156,790
2035,8,19,14,28.4,48.6,1.9,3.5,211,,739,159,755
2035,8,19,15,28.7,45.4,1.7,3.7,217,,624,155,695
2035,8,19,16,29.1,40.3,2.1,4.3,245,,488,127,662
2035,8,19,17,28.7,40.4,1.8,4.2,248,,283,161,311
2035,8,19,18,28.1,43.4,0.8,2.7,117,,51,51,0
2035,8,19,19,28,44.4,1.1,3.1,22,,17,17,0
2035,8,19,20,26.2,45.5,2.9,6.5,4,,2,0,0
2035,8,19,21,25.3,45.1,2.5,6.5,12,,0,0,0
2035,8,19,22,24.4,48.6,1.7,4.1,360,,0,0,0
2035,8,19,23,23.6,52.4,1.7,4.3,7,,0,0,0
2035,8,20,0,23.4,51.8,2.4,5,360,,0,0,0
2035,8,20,1,22.6,52.8,1.8,4.8,38,,0,0,0
2035,8,20,2,22.8,51.6,1.5,3.3,25,,0,0,0
2035,8,20,3,21.9,54.6,1.6,4.2,15,,0,0,0
2035,8,20,4,21.6,56.7,2,5,25,,2,0,0
2035,8,20,5,21.5,57.9,2.2,4.8,13,,6,0,0
2035,8,20,6,21.5,59.8,1.7,3.2,50,,70,39,317
2035,8,20,7,22.5,56.7,0.9,2.5,76,,243,64,658
2035,8,20,8,23.2,60.5,1.1,2.7,180,,424,71,802
2035,8,20,9,24,59.5,1.5,3.8,194,,580,78,854
2035,8,20,10,25.3,57.4,1.5,3.3,193,,708,95,868
2035,8,20,11,26.3,53.2,1.7,3.4,212,,794,123,853
2035,8,20,12,27.7,47,1.5,3.6,198,,822,151,812
2035,8,20,13,29.2,39.9,1.7,3.6,196,,802,168,776
2035,8,20,14,29.5,39.6,2,4.3,210,,730,190,707
2035,8,20,15,31.1,31.2,1.4,3.9,214,,611,179,644
2035,8,20,16,31.6,28,1.9,5.9,76,,458,148,573
2035,8,20,17,30.8,30.5,2.6,7,41,,287,138,387
2035,8,20,18,29.8,34.7,1.7,5.2,22,,107,81,120
2035,8,20,19,28.3,39.7,1.6,3.5,18,,13,13,0
2035,8,20,20,26.7,43.8,2.5,5.5,15,,3,0,0
2035,8,20,21,25.8,44.6,2.4,5.9,15,,0,0,0
2035,8,20,22,25.2,46.5,2.4,7,18,,0,0,0
2035,8,20,23,24.6,50.9,1.4,4.1,328,,0,0,0
2035,8,21,0,24.1,53.2,1.7,5.1,11,,0,0,0
2035,8,21,1,23.4,57,1.1,3.7,360,,0,0,0
2035,8,21,2,23.2,55.2,1.7,3.9,328,,0,0,0
2035,8,21,3,22.9,55.1,0.8,3.5,307,,0,0,0
2035,8,21,4,22.5,57.3,1.2,4.4,315,,2,0,0
2035,8,21,5,22.3,57.9,1,2.9,329,,6,0,0
2035,8,21,6,21.6,60.4,0.8,2.5,333,,65,38,287
2035,8,21,7,22.7,58.5,0.9,2.8,157,,234,60,647
2035,8,21,8,23.3,62.7,1.7,3.9,172,,407,63,787
2035,8,21,9,24.1,59.6,1.7,4,203,,559,86,807
2035,8,21,10,25.1,53.8,1.8,3.4,202,,688,120,808
2035,8,21,11,26.7,49.5,1.5,3.6,184,,774,138,810
2035,8,21,12,27.3,49.6,1.7,3.4,201,,796,187,741
2035,8,21,13,28.1,46.8,1.8,3.7,213,,784,191,729
2035,8,21,14,29.4,43,1.5,3.1,203,,715,195,685
2035,8,21,15,30,39.7,1.5,3,189,,607,167,659
2035,8,21,16,30.3,37.6,1.4,3.1,200,,478,126,655
2035,8,21,17,30,37.9,1.5,6.4,194,,289,151,363
2035,8,21,18,27.5,47.9,1.5,6.5,180,,43,43,0
2035,8,21,19,27.3,43.2,1.8,5.4,83,,13,13,0
2035,8,21,20,26.5,42.5,0.9,4.4,72,,2,0,0
2035,8,21,21,25.7,44.8,1.5,5.2,110,,0,0,0
2035,8,21,22,24.8,54.2,1.1,4.1,127,,0,0,0
2035,8,21,23,23.8,63.4,1,2.4,50,,0,0,0
2035,8,22,0,23.6,64.8,1.6,2.9,25,,0,0,0
2035,8,22,1,23.3,65.2,2,3.8,28,,0,0,0
2035,8,22,2,22.6,62.5,1.9,4.2,22,,0,0,0
2035,8,22,3,21.8,62.6,1.9,4,29,,0,0,0
2035,8,22,4,21.6,64.6,1.9,3.5,25,,2,0,0
2035,8,22,5,21.7,66.8,2,3.3,36,,5,0,0
2035,8,22,6,21.9,61.3,1.4,3,48,,66,39,294
2035,8,22,7,22.6,60.4,1.3,4,112,,234,86,553
2035,8,22,8,23.1,62.5,1.9,4.9,146,,353,144,482
2035,8,22,9,23.7,58.8,1.6,4,155,,562,192,637
2035,8,22,10,24.3,58.6,1.4,3.5,190,,476,342,192
2035,8,22,11,25.5,56.1,1.6,3.2,208,,590,369,283
2035,8,22,12,27.1,48.1,1.4,3.3,198,,794,264,647
2035,8,22,13,28.8,40.1,1.6,3.1,210,,793,179,759
2035,8,22,14,30,37.2,1.6,3.2,180,,728,157,755
2035,8,22,15,29.7,37.6,1.4,3.3,171,,618,151,705
2035,8,22,16,30.1,37.4,1.4,2.6,175,,457,135,606
2035,8,22,17,30.6,34.5,1.1,2.3,174,,311,93,579
2035,8,22,18,29.2,38.5,1.3,5.1,145,,134,58,370
2035,8,22,19,27.8,43.7,1.2,4,101,,17,17,0
2035,8,22,20,27.2,43.9,1.1,3.3,74,,3,0,0
2035,8,22,21,26.4,46.3,1.4,5,117,,0,0,0
2035,8,22,22,25,56.3,2.1,6.4,257,,0,0,0
2035,8,22,23,23.8,62.3,3.6,7.8,282,,0,0,0
2035,8,23,0,22.9,69.4,2.7,6.5,293,,0,0,0
2035,8,23,1,22.6,66.6,1,2.5,40,,0,0,0
2035,8,23,2,22.3,67.1,1.3,2.6,27,,0,0,0
2035,8,23,3,22.1,67.9,1.8,2.9,9,,0,0,0
2035,8,23,4,21.9,69,1.5,3,34,,2,0,0
2035,8,23,5,21.7,68.4,1.4,3.2,21,,7,0,0
2035,8,23,6,21.8,69.6,0.9,2.1,45,,71,48,264
2035,8,23,7,22.2,66,1.1,3.8,131,,174,95,300
2035,8,23,8,22.3,65.6,1.5,3.8,138,,225,186,92
2035,8,23,9,23.6,64.3,1.4,3.5,151,,521,206,546
2035,8,23,10,24.1,60.9,1.6,3.3,189,,620,235,551
2035,8,23,11,26,49,1.5,3.3,207,,767,158,782
2035,8,23,12,27.3,44.3,1.6,4.5,209,,809,148,810
2035,8,23,13,28.1,44.2,1.6,4.2,201,,792,165,777
2035,8,23,14,29.7,39,1.5,3.4,193,,720,175,723
2035,8,23,15,30.3,37.9,1.1,2.9,201,,578,199,577
2035,8,23,16,30.2,37.8,1.3,3.9,236,,440,163,525
2035,8,23,17,29.6,38.8,1.1,2.7,225,,284,111,468
2035,8,23,18,29.2,40.4,0.8,2.4,166,,74,71,17
2035,8,23,19,27.6,46.6,0.9,3.9,9,,5,5,0
2035,8,23,20,26.6,48.5,2.2,7.3,357,,3,0,0
2035,8,23,21,25.1,50.7,1.3,5.5,360,,0,0,0
2035,8,23,22,24.4,52.9,2.4,8.2,98,,0,0,0
2035,8,23,23,24.3,49,3.9,10,104,,0,0,0
2035,8,24,0,23.8,49.5,2.8,9,111,,0,0,0
2035,8,24,1,23.4,53.8,1.7,6,117,,0,0,0
2035,8,24,2,21.5,70.1,1.8,7.5,284,,0,0,0
2035,8,24,3,21,78.7,1.7,3.4,23,,0,0,0
2035,8,24,4,20.8,77.9,1.4,5.8,95,,2,0,0
2035,8,24,5,20.4,75.4,1.5,5.5,85,,4,0,0
2035,8,24,6,20.8,71.1,1,2.2,45,,38,30,85
2035,8,24,7,21.2,72.4,1.2,4,119,,223,83,536
2035,8,24,8,22,69.8,1.7,4.1,140,,346,119,530
2035,8,24,9,22.4,68.6,1.6,3.7,150,,484,196,501
2035,8,24,10,22.9,65.9,1.5,3.8,200,,692,132,807
2035,8,24,11,23.7,59.8,1.6,4.8,215,,771,165,781
2035,8,24,12,24.8,52.6,1.9,4.5,202,,707,304,496
2035,8,24,13,25.3,45.5,2,5.8,220,,696,359,419
2035,8,24,14,25.9,41.9,3.1,6.9,247,,656,305,468
2035,8,24,15,25.4,38.1,3.6,7.7,277,,287,267,30
2035,8,24,16,24.5,40.6,3.3,7.2,287,,193,188,10
2035,8,24,17,23.9,47,2.6,6.3,319,,239,157,223
2035,8,24,18,23.1,46,2.6,6.7,287,,97,80,88
2035,8,24,19,21.6,52,2.2,5.6,337,,10,10,0
2035,8,24,20,20.8,54.4,2.9,7.1,341,,3,0,0
2035,8,24,21,19.7,56.1,2.4,5.9,10,,0,0,0
2035,8,24,22,19.4,56,1.8,5.5,17,,0,0,0
2035,8,24,23,18.8,56,1.6,3.7,4,,0,0,0
2035,8,25,0,18.6,54.7,1.6,3.5,15,,0,0,0
2035,8,25,1,18.2,55.4,1.8,4.1,315,,0,0,0
2035,8,25,2,17.7,55.1,1.6,4.1,321,,0,0,0
2035,8,25,3,17.6,55.6,1.6,3,343,,0,0,0
2035,8,25,4,17.2,53.7,1.6,3.5,312,,2,0,0
2035,8,25,5,17.1,50.9,1.4,3.4,312,,3,0,0
2035,8,25,6,17.2,48.9,1.4,3.7,312,,39,31,83
2035,8,25,7,17.4,47.3,2.1,4.6,298,,67,67,0
2035,8,25,8,17.5,47.1,2.5,5.5,289,,123,123,0
2035,8,25,9,17.4,47.6,3.1,7.6,280,,156,156,0
2035,8,25,10,17.4,49.1,2.9,6.4,287,,140,140,0
2035,8,25,11,16.9,53.5,2.7,5.7,286,,111,111,0
2035,8,25,12,16.8,54.4,2.4,5.9,323,,62,62,0
2035,8,25,13,16.3,55.4,2,5.5,322,,50,50,0
2035,8,25,14,16.7,53.6,1.2,4.8,8,,137,137,0
2035,8,25,15,17.8,49.4,1.3,4.8,204,,223,217,10
2035,8,25,16,18.2,49.3,2,5.2,209,,444,347,189
2035,8,25,17,17.3,55,2.5,10.4,285,,162,126,100
2035,8,25,18,14.7,76.8,3.6,8.6,7,,16,16,0
2035,8,25,19,14.8,71.5,1.3,4.3,49,,5,5,0
2035,8,25,20,14.5,71.4,1.8,4.4,31,,3,0,0
2035,8,25,21,14.4,69.2,1.8,3.3,16,,0,0,0
2035,8,25,22,14.3,67.8,1.2,3,22,,0,0,0
2035,8,25,23,14.1,67.7,1.4,3.6,14,,0,0,0
2035,8,26,0,14.1,66.1,1.3,4.4,5,,0,0,0
2035,8,26,1,13.8,66.8,2.1,5.9,35,,0,0,0
2035,8,26,2,13.5,65.5,2.4,5.9,32,,0,0,0
2035,8,26,3,13.1,62.1,2.6,5.9,24,,0,0,0
2035,8,26,4,13,66,3.1,7.1,25,,2,0,0
2035,8,26,5,13.3,69.4,2.9,6.4,27,,6,0,0
2035,8,26,6,13.1,67.5,3,7.4,33,,83,66,219
2035,8,26,7,13.5,63.2,3.2,8.2,38,,209,72,539
2035,8,26,8,14.6,60.1,3.1,9.7,34,,425,111,747
2035,8,26,9,15.9,52.8,3.3,8.7,35,,591,83,892
2035,8,26,10,17.2,48.3,3.1,8,27,,723,100,905
2035,8,26,11,18.3,43.9,2.4,7,35,,781,202,755
2035,8,26,12,19.5,36.5,1.7,5.2,360,,694,292,499
2035,8,26,13,20,35.1,2.2,5.2,213,,803,214,740
2035,8,26,14,20.7,37,2.5,5.7,212,,685,227,618
2035,8,26,15,21.3,36.2,2.3,5.1,208,,592,154,678
2035,8,26,16,20.9,36.9,2.1,4.5,212,,450,126,631
2035,8,26,17,20.7,37.2,1.5,3.6,212,,270,121,418
2035,8,26,18,20.7,37,1.1,2.6,254,,92,72,108
2035,8,26,19,19.4,38.8,2.2,4.3,11,,9,9,0
2035,8,26,20,18.1,40.3,2.2,4.8,19,,3,0,0
2035,8,26,21,18,41.4,2.6,5,18,,0,0,0
2035,8,26,22,17.1,49.2,2.1,4.1,24,,0,0,0
2035,8,26,23,16.7,54.9,2.2,4,27,,0,0,0
2035,8,27,0,16,57.8,2.3,3.4,34,,0,0,0
2035,8,27,1,15.6,60.2,2,3.3,28,,0,0,0
2035,8,27,2,15.2,63.1,2,3.4,27,,0,0,0
2035,8,27,3,14.9,65.2,2.3,4.5,23,,0,0,0
2035,8,27,4,14.9,65.5,2.2,4,25,,2,0,0
2035,8,27,5,15,66,2,3.9,24,,4,0,0
2035,8,27,6,15.4,66.3,1.6,3.2,27,,39,39,0
2035,8,27,7,16.1,61.8,0.6,1.8,108,,228,75,613
2035,8,27,8,17.4,59.7,1.5,4,157,,404,67,806
2035,8,27,9,18.4,58.6,1.4,3.1,180,,564,82,852
2035,8,27,10,19.9,51.3,1.4,3,198,,688,99,859
2035,8,27,11,20.6,40.5,1.6,3.1,197,,778,123,857
2035,8,27,12,23,33.8,1.7,3.3,195,,796,215,725
2035,8,27,13,23.8,35.4,1.4,3.4,197,,703,269,549
2035,8,27,14,25.3,30.1,1.5,3.2,188,,715,204,693
2035,8,27,15,26.2,30.1,1.3,2.8,195,,580,192,605
2035,8,27,16,26.7,32,1.2,2.6,191,,418,165,496
2035,8,27,17,27,32.9,0.9,2.1,166,,258,119,393
2035,8,27,18,25.8,38.4,0.6,2.3,169,,92,70,123
2035,8,27,19,24.4,42.2,1,2.5,45,,7,7,0
2035,8,27,20,23.9,45.6,1.3,2.6,29,,2,0,0
2035,8,27,21,23.6,48.6,0.6,1.7,45,,0,0,0
2035,8,27,22,22.8,53.3,1,2.2,24,,0,0,0
2035,8,27,23,21.7,58.1,1.8,3.8,24,,0,0,0
2035,8,28,0,21,63.4,2.1,3.6,20,,0,0,0
2035,8,28,1,20.6,65.9,1.5,3.3,23,,0,0,0
2035,8,28,2,20.2,67,2.3,4.7,21,,0,0,0
2035,8,28,3,20,65.3,2.1,4.8,29,,0,0,0
2035,8,28,4,19.4,65.2,2,4.3,21,,2,0,0
2035,8,28,5,19,66.5,2.2,4.1,25,,4,0,0
2035,8,28,6,19.4,65.2,1.7,3.7,25,,53,53,0
2035,8,28,7,20.5,56.5,1,2.6,39,,218,57,652
2035,8,28,8,21,55.4,2.2,5.3,133,,396,69,787
2035,8,28,9,21.5,59.2,1.9,4.5,133,,554,81,840
2035,8,28,10,23,54.7,1.6,4.1,159,,680,101,851
2035,8,28,11,24.2,48.5,1.6,3.5,172,,765,127,839
2035,8,28,12,25.7,44.6,1.6,3.1,180,,793,155,799
2035,8,28,13,25.6,45.8,1.5,3.6,185,,780,153,795
2035,8,28,14,26.7,44.2,1.4,3,204,,693,189,688
2035,8,28,15,27.7,38.7,1.4,2.7,204,,571,160,644
2035,8,28,16,28.9,31.5,1.4,3,203,,434,124,614
2035,8,28,17,28.2,36.1,1.1,2.7,174,,245,116,373
2035,8,28,18,26.4,41,0.5,1.8,72,,71,61,56
2035,8,28,19,25.7,43.9,1.9,3.8,24,,6,6,0
2035,8,28,20,24.3,49.9,1.9,3.9,29,,3,0,0
2035,8,28,21,23.3,53.5,2.2,4.1,22,,0,0,0
2035,8,28,22,22.8,54.6,2.4,4.1,20,,0,0,0
2035,8,28,23,22.4,54.7,2.2,4,27,,0,0,0
2035,8,29,0,21.8,56.9,2.1,4,25,,0,0,0
2035,8,29,1,21.4,60.3,2.1,3.2,27,,0,0,0
2035,8,29,2,20.9,62.7,2,3.4,24,,0,0,0
2035,8,29,3,20.6,65.5,1.8,2.7,7,,0,0,0
2035,8,29,4,21.4,71.7,1.8,3.9,18,,2,0,0
2035,8,29,5,21.5,66.5,1.2,3.1,18,,3,0,0
2035,8,29,6,21.5,65.9,1.3,2.4,39,,34,34,0
2035,8,29,7,22.2,63,0.9,2.1,53,,212,71,579
2035,8,29,8,22.7,61.6,1.1,2.5,191,,370,77,713
2035,8,29,9,24.1,56.1,1.3,2.8,187,,493,211,503
2035,8,29,10,24.6,53.2,1.3,4,265,,391,321,102
2035,8,29,11,25.1,55.6,2.7,7.7,260,,415,350,86
2035,8,29,12,23.1,75.2,2.4,8.9,286,,109,109,0
2035,8,29,13,23.6,73.1,1.4,3.4,294,,334,299,45
2035,8,29,14,24.4,65.9,2.2,5.9,158,,497,361,187
2035,8,29,15,24.6,61.7,2.1,4.9,141,,358,302,88
2035,8,29,16,25.6,57.9,1.9,4.2,142,,282,225,113
2035,8,29,17,23,70.5,1.9,7.5,180,,48,48,0
2035,8,29,18,21.4,77.7,2.1,4.4,3,,9,9,0
2035,8,29,19,22.3,76.9,1.8,3.2,7,,3,0,0
2035,8,29,20,21.7,78.3,2,6.9,353,,3,0,0
2035,8,29,21,20.9,79.4,2,8.1,347,,0,0,0
2035,8,29,22,20.8,79.5,1.7,4.5,23,,0,0,0
2035,8,29,23,20.9,79.6,2.1,4.1,20,,0,0,0
2035,8,30,0,20.2,79.5,2.2,4.5,22,,0,0,0
2035,8,30,1,20.5,79.2,1.5,3.6,16,,0,0,0
2035,8,30,2,20.6,76.8,1.1,4.4,337,,0,0,0
2035,8,30,3,20.4,73.7,1.2,5.2,291,,0,0,0
2035,8,30,4,20,72.8,2.4,6.3,265,,2,0,0
2035,8,30,5,18.6,70.2,2.6,5.4,339,,4,0,0
2035,8,30,6,17.9,68.1,2.9,6.2,14,,21,21,0
2035,8,30,7,18.1,66.4,2.5,5.6,20,,52,52,0
2035,8,30,8,18.4,65.1,2.1,4.8,24,,113,113,0
2035,8,30,9,18.3,63.4,2.1,4.8,15,,163,163,0
2035,8,30,10,19,58.3,2.4,5.5,347,,244,240,5
2035,8,30,11,20.2,54.2,1.1,3.2,214,,313,302,15
2035,8,30,12,20.5,54,1.7,3.4,184,,444,361,104
2035,8,30,13,21,50.7,1.2,3.5,194,,358,346,16
2035,8,30,14,20.9,54.1,1.8,5.6,36,,178,176,2
2035,8,30,15,21,51.1,1.9,5.3,33,,179,179,1
2035,8,30,16,21,51.3,2.2,6.7,36,,186,179,11
2035,8,30,17,20.7,52.6,1.6,5.4,27,,86,86,0
2035,8,30,18,19.7,58.9,1.8,5.9,43,,32,32,0
2035,8,30,19,19.3,58.6,2.8,7.2,48,,3,0,0
2035,8,30,20,19.2,57.2,2.6,6.8,35,,2,0,0
2035,8,30,21,18.9,57.7,2.6,6.3,24,,0,0,0
2035,8,30,22,18.5,59.5,2.6,6.4,21,,0,0,0
2035,8,30,23,18.3,62.8,2.4,6.3,24,,0,0,0
2035,8,31,0,18.3,63.5,1.2,3.9,10,,0,0,0
2035,8,31,1,18.2,66.9,1.7,5.5,11,,0,0,0
2035,8,31,2,18.1,66.6,2.1,5.4,25,,0,0,0
2035,8,31,3,18,66.6,1.9,5.5,360,,0,0,0
2035,8,31,4,17.9,68.6,0.6,2.2,360,,2,0,0
2035,8,31,5,18,68.3,0.8,2.7,342,,3,0,0
2035,8,31,6,17.9,69,0.9,4.4,14,,28,28,0
2035,8,31,7,18.4,66.5,1.3,5.1,24,,94,87,28
2035,8,31,8,18.7,65.8,0.8,2.9,34,,83,83,0
2035,8,31,9,18.8,65.1,0.9,2.6,225,,81,81,0
2035,8,31,10,19,65.3,1.3,3,261,,71,71,0
2035,8,31,11,18.6,70.1,1,2.6,288,,145,145,0
2035,8,31,12,20,60.7,1,3.2,124,,593,374,278
2035,8,31,13,20.5,56.5,2.1,4.9,219,,576,329,318
2035,8,31,14,19.8,64.7,3.1,7.5,12,,320,287,47
2035,8,31,15,19,64.4,2.7,6.5,30,,148,148,0
2035,8,31,16,18.7,64,2.4,6.4,28,,144,144,0
2035,8,31,17,18.4,63.7,1.6,6,39,,223,141,246
2035,8,31,18,17.7,65.7,2.1,6.4,39,,64,57,46
2035,8,31,19,17.4,68.8,2.3,6.7,19,,5,0,0
2035,8,31,20,17,69.1,2.5,7.1,15,,2,0,0
2035,8,31,21,16.2,71.8,3.2,7.6,19,,0,0,0
2035,8,31,22,16,70.9,3.2,7.9,27,,0,0,0
2035,8,31,23,15.9,70.9,3.1,8,29,,0,0,0
2035,9,1,0,15.8,70.4,3.6,7.9,28,,0,0,0
2035,9,1,1,15.6,70.1,3.2,7.7,28,,0,0,0
2035,9,1,2,15.2,67.9,2.2,7.1,16,,0,0,0
2035,9,1,3,15.3,68.5,1.2,6.7,310,,0,0,0
2035,9,1,4,15.1,69.6,1.4,6,321,,2,0,0
2035,9,1,5,15.1,69.6,2.4,6,3,,3,0,0
2035,9,1,6,15.2,69.3,1.6,6.2,4,,11,11,0
2035,9,1,7,15.6,70.5,1.9,7,352,,77,77,0
2035,9,1,8,16.8,66.9,2,8.1,21,,329,150,444
2035,9,1,9,17,67.3,2.5,7.5,29,,328,249,143
2035,9,1,10,17.1,67,2.8,7.9,28,,228,225,4
2035,9,1,11,17.3,65.4,2.8,10.1,25,,204,203,2
2035,9,1,12,17.5,63.7,3,9.1,28,,260,256,5
2035,9,1,13,17.7,62.4,2.2,8.3,24,,196,195,1
2035,9,1,14,18.6,59.9,2.9,8.2,23,,362,346,22
2035,9,1,15,18.6,59.1,3.3,9.9,48,,248,243,9
2035,9,1,16,17.4,59,3.7,10.7,39,,144,144,0
2035,9,1,17,16.8,59.6,3.4,11.8,32,,42,42,0
2035,9,1,18,16.5,58.5,3.1,8.9,19,,52,52,2
2035,9,1,19,15.5,60.1,2.6,7.9,347,,8,0,0
2035,9,1,20,15,63.3,2.1,7.5,23,,2,0,0
2035,9,1,21,14.9,66.7,3.5,9.2,36,,0,0,0
2035,9,1,22,14.8,68,2.4,9.4,31,,0,0,0
2035,9,1,23,14.7,68.3,3,8.7,24,,0,0,0
2035,9,2,0,14.7,66.8,2.7,6.6,15,,0,0,0
2035,9,2,1,14.7,66.5,3.7,9.4,26,,0,0,0
2035,9,2,2,14.2,69.6,3.9,9.3,24,,0,0,0
2035,9,2,3,14.1,71.5,3.9,10.8,26,,0,0,0
2035,9,2,4,14.2,70.6,3.8,9.5,31,,2,0,0
2035,9,2,5,14,73.1,3.8,9.6,35,,3,0,0
2035,9,2,6,14.2,71.4,3.8,10.1,43,,43,43,0
2035,9,2,7,14.9,68.5,2.9,9.5,37,,178,72,463
2035,9,2,8,15.9,64.5,1.6,5,360,,318,130,476
2035,9,2,9,17,60.7,3.2,10,39,,543,113,789
2035,9,2,10,17.9,56.8,3.8,8.8,37,,669,103,852
2035,9,2,11,19.1,54.4,3.3,8.6,40,,725,194,715
2035,9,2,12,19.2,54.3,3.1,7.4,42,,690,285,520
2035,9,2,13,19.8,52.7,2.9,7.2,32,,428,356,94
2035,9,2,14,19.7,54.2,3.5,8.6,36,,368,351,23
2035,9,2,15,19.3,55.4,3,9.2,45,,229,225,6
2035,9,2,16,18.9,58.2,3.6,8.3,36,,191,189,5
2035,9,2,17,18.5,60.1,2.8,8.2,39,,100,100,0
2035,9,2,18,17.8,64.3,2.9,7.7,31,,36,36,0
2035,9,2,19,17.3,67.9,3.5,8.9,30,,3,0,0
2035,9,2,20,17.1,68.4,3,8,36,,2,0,0
2035,9,2,21,16.7,70.1,2.2,5.9,23,,0,0,0
2035,9,2,22,16.6,71,2.7,5.4,16,,0,0,0
2035,9,2,23,16.4,72.9,1.6,4.5,34,,0,0,0
2035,9,3,0,16.4,73.2,2.7,6.2,13,,0,0,0
2035,9,3,1,16.3,73.1,2,4.3,15,,0,0,0
2035,9,3,2,16.2,73.4,1.6,3.1,15,,0,0,0
2035,9,3,3,16.5,73,1.6,3.6,23,,0,0,0
2035,9,3,4,16.2,73.3,1.3,3.3,23,,2,0,0
2035,9,3,5,16,73.9,1.4,3.4,27,,3,0,0
2035,9,3,6,16.4,73.2,1.6,4.3,23,,28,28,0
2035,9,3,7,17.3,71.4,0.7,1.9,39,,106,86,88
2035,9,3,8,17.4,70.7,1.1,2.7,198,,248,168,204
2035,9,3,9,17.7,70.5,1.2,2.9,204,,198,188,19
2035,9,3,10,18.5,67.1,1.7,3.6,200,,665,235,651
2035,9,3,11,19.3,63.2,2,4,193,,705,209,670
2035,9,3,12,19.6,61.8,1.7,3.8,180,,705,274,556
2035,9,3,13,20,59.7,1.3,3.2,214,,485,381,135
2035,9,3,14,21.1,55.6,1.3,3.7,190,,446,352,133
2035,9,3,15,21.5,56.8,1.6,3.9,212,,328,281,78
2035,9,3,16,21.5,58.1,1.6,3.4,216,,390,194,415
2035,9,3,17,21.2,60.3,1.5,3.9,203,,280,125,492
2035,9,3,18,20.6,60.5,0.8,1.9,225,,73,53,139
2035,9,3,19,19.8,56.6,2.3,4.7,16,,5,0,0
2035,9,3,20,19,60.5,3,7.5,21,,0,0,0
2035,9,3,21,18.8,58.2,2.8,6.3,20,,0,0,0
2035,9,3,22,18.3,60.9,1.3,4.6,24,,0,0,0
2035,9,3,23,17.8,65.2,1.5,3.8,69,,0,0,0
2035,9,4,0,17.5,66,1.8,3.3,40,,0,0,0
2035,9,4,1,17.1,69.5,1.7,3.5,28,,0,0,0
2035,9,4,2,16.8,72.5,2.2,5.1,25,,0,0,0
2035,9,4,3,16.7,74.4,2,3.9,27,,0,0,0
2035,9,4,4,16.5,76.9,2,3.1,30,,2,0,0
2035,9,4,5,16.3,76.6,2,3.5,25,,3,0,0
2035,9,4,6,16.4,75.6,1.9,4.4,24,,40,40,0
2035,9,4,7,17.2,72,0.9,2.6,37,,193,58,603
2035,9,4,8,17.8,69.3,1.2,3.1,163,,372,67,781
2035,9,4,9,18.5,67.3,1.6,3.7,201,,529,78,836
2035,9,4,10,19.4,66.3,1.7,3.3,200,,655,96,851
2035,9,4,11,21.1,60.5,1.6,3.4,214,,742,117,849
2035,9,4,12,21.9,57.2,1.5,3.3,204,,770,137,821
2035,9,4,13,22.6,55.3,1.5,3.5,203,,756,136,817
2035,9,4,14,23.7,49.6,1.5,3.4,193,,677,155,743
2035,9,4,15,24.9,43.4,1.5,3.9,212,,557,135,697
2035,9,4,16,25,43.4,1.5,3.3,219,,394,125,573
2035,9,4,17,24.9,44.3,1.3,2.9,221,,206,117,287
2035,9,4,18,24.1,46.3,0.9,2,256,,51,46,33
2035,9,4,19,22.9,45.8,2.5,5.6,9,,4,0,0
2035,9,4,20,22.2,47,2.6,6.4,18,,0,0,0
2035,9,4,21,21.6,49.4,2.3,5.6,27,,0,0,0
2035,9,4,22,20.9,53.8,0.8,3.1,333,,0,0,0
2035,9,4,23,20,60.8,1.6,2.9,8,,0,0,0
2035,9,5,0,19.1,64.4,2,3.7,24,,0,0,0
2035,9,5,1,18.6,64.1,2,3.9,27,,0,0,0
2035,9,5,2,18.2,68.1,2,3.5,24,,0,0,0
2035,9,5,3,18.3,70,2,3.4,27,,0,0,0
2035,9,5,4,18,71.5,2.1,3.8,24,,2,0,0
2035,9,5,5,17.7,72.5,2,3.4,24,,3,0,0
2035,9,5,6,17.6,72.8,1.7,3,28,,38,38,0
2035,9,5,7,18.4,70.4,0.6,1.9,39,,188,60,585
2035,9,5,8,19,68.9,1.2,2.7,207,,366,67,771
2035,9,5,9,19.7,66.1,1.5,3.7,207,,522,78,829
2035,9,5,10,21.1,61,1.6,3.3,205,,649,97,844
2035,9,5,11,22.6,54.7,1.5,3.3,193,,733,121,836
2035,9,5,12,23.2,51.6,1.5,3.4,207,,764,140,814
2035,9,5,13,24.2,45.2,1.4,2.9,204,,748,144,801
2035,9,5,14,26.2,36.7,1.5,3.1,193,,665,188,683
2035,9,5,15,26.7,31.9,1.4,3.4,180,,502,217,476
2035,9,5,16,26.6,35.2,1.2,2.6,169,,384,148,507
2035,9,5,17,26.2,36.5,0.8,2,172,,209,114,312
2035,9,5,18,24.7,39.6,0.8,2.3,104,,31,31,0
2035,9,5,19,23.2,45.8,2,4.8,24,,3,0,0
2035,9,5,20,22.3,48.9,2.2,4.6,24,,0,0,0
2035,9,5,21,21.8,51.4,2,3.7,25,,0,0,0
2035,9,5,22,20.7,54.2,2,3.7,27,,0,0,0
2035,9,5,23,20.6,53,2.1,3.9,24,,0,0,0
2035,9,6,0,19.6,57.8,2,4.1,24,,0,0,0
2035,9,6,1,19,59.9,1.9,3.7,25,,0,0,0
2035,9,6,2,19.4,56.8,1.9,3.6,28,,0,0,0
2035,9,6,3,19.1,61,1.8,2.9,19,,0,0,0
2035,9,6,4,19.6,57.3,1.2,2.6,52,,0,0,0
2035,9,6,5,19.8,58.2,1.4,2.9,32,,3,0,0
2035,9,6,6,19.8,59.8,1,3.1,37,,22,22,0
2035,9,6,7,19.9,64.1,0.7,2.6,59,,81,77,17
2035,9,6,8,20.2,64.6,0.5,1.8,0,,42,42,0
2035,9,6,9,20,73.4,0.7,2.6,225,,82,82,0
2035,9,6,10,19.7,81.1,1.7,4.8,266,,236,231,8
2035,9,6,11,19.9,75.6,2,4.2,264,,230,229,2
2035,9,6,12,20,72.9,1.6,3.5,249,,241,238,4
2035,9,6,13,20.3,69,1.5,4,266,,348,330,23
2035,9,6,14,20,78.2,2.7,5.9,299,,153,153,0
2035,9,6,15,20.6,74.7,1.5,3.8,297,,177,176,1
2035,9,6,16,20.4,76.8,1.8,3.7,267,,145,145,0
2035,9,6,17,20.2,77.2,1.2,3.1,280,,36,36,0
2035,9,6,18,20.1,75.6,0.7,2.1,360,,9,9,0
2035,9,6,19,19.8,74.9,1.2,2.2,31,,2,0,0
2035,9,6,20,19.8,77.4,1.4,2.8,21,,0,0,0
2035,9,6,21,19.4,79,1.4,2.9,21,,0,0,0
2035,9,6,22,19.2,77.3,1.1,2.9,18,,0,0,0
2035,9,6,23,19.1,77.7,1.2,2.8,29,,0,0,0
2035,9,7,0,19,77.6,1.4,3,25,,0,0,0
2035,9,7,1,18.8,79.1,1.6,3,23,,0,0,0
2035,9,7,2,18.3,79.2,1.7,3.7,21,,0,0,0
2035,9,7,3,18.4,79.5,1.7,3.2,25,,0,0,0
2035,9,7,4,18.7,78.7,1.5,2.8,27,,0,0,0
2035,9,7,5,18.8,79.6,1.3,2.4,32,,2,0,0
2035,9,7,6,19.2,79.2,1.4,2.7,17,,19,19,0
2035,9,7,7,19.4,77.2,1,2.7,27,,68,68,0
2035,9,7,8,19.7,75.9,1,3.1,166,,295,150,382
2035,9,7,9,20.2,75.1,1.5,3.5,180,,382,247,254
2035,9,7,10,21.1,71,1.8,3.7,188,,715,357,554
2035,9,7,11,21.6,62.9,1.8,3.5,191,,770,166,834
2035,9,7,12,22.9,53,1.9,4.3,194,,857,187,883
2035,9,7,13,23.1,48.5,2.1,4.2,207,,776,157,830
2035,9,7,14,23.4,45.3,2,4.1,193,,674,136,780
2035,9,7,15,24.6,42.1,1.9,3.4,197,,560,106,771
2035,9,7,16,24.7,40.8,1.6,3.5,210,,396,142,559
2035,9,7,17,23.9,42.4,2.3,6.2,333,,167,126,142
2035,9,7,18,22.1,48.5,3.3,7.1,355,,46,43,28
2035,9,7,19,20.4,51,3.6,7.3,3,,3,0,0
2035,9,7,20,19.7,52.4,3.1,6.6,14,,0,0,0
2035,9,7,21,19.2,53.8,3.4,8,11,,0,0,0
2035,9,7,22,19,54.7,2.5,5.5,15,,0,0,0
2035,9,7,23,18.3,59.7,0.7,2.4,360,,0,0,0
2035,9,8,0,18,61.2,1.6,6.5,39,,0,0,0
2035,9,8,1,17.6,63.6,1.5,6,331,,0,0,0
2035,9,8,2,17.2,65.8,1.3,4.1,11,,0,0,0
2035,9,8,3,16.9,67.8,1.4,4.1,337,,0,0,0
2035,9,8,4,16.6,68.7,0.7,2.2,307,,0,0,0
2035,9,8,5,16.4,68.8,1.4,3.1,45,,3,0,0
2035,9,8,6,16.4,69.3,1.8,3.3,28,,34,34,0
2035,9,8,7,17.2,71,0.9,2.6,40,,183,71,541
2035,9,8,8,18.1,70.8,1.3,3.5,166,,365,75,770
2035,9,8,9,18.6,69.9,1.6,3.6,180,,526,79,851
2035,9,8,10,19.8,65.7,1.7,3.5,188,,651,87,878
2035,9,8,11,20.7,61.3,1.6,3.5,180,,737,105,877
2035,9,8,12,21.7,56.4,1.6,3.2,207,,767,121,857
2035,9,8,13,22.5,54.5,1.7,3.9,188,,755,116,862
2035,9,8,14,23.5,48.6,1.7,3.4,192,,668,124,797
2035,9,8,15,24.3,39.9,1.7,4.1,225,,560,102,783
2035,9,8,16,24.9,32.5,1.2,3.3,180,,392,115,618
2035,9,8,17,24.2,36.6,0.8,3,180,,197,103,322
2035,9,8,18,23.1,42.9,0.7,1.8,121,,44,39,49
2035,9,8,19,21.7,52,1.9,3.6,27,,3,0,0
2035,9,8,20,20.6,51.2,2.2,4.6,22,,0,0,0
2035,9,8,21,20.3,50.9,2.5,4.8,22,,0,0,0
2035,9,8,22,19.7,54.4,2.2,3.8,25,,0,0,0
2035,9,8,23,19,57.7,2.1,3.4,23,,0,0,0
2035,9,9,0,18.3,59.5,2.1,3.8,25,,0,0,0
2035,9,9,1,18.1,61.9,2.1,3.9,25,,0,0,0
2035,9,9,2,17.7,63.7,2.1,3.3,27,,0,0,0
2035,9,9,3,18,64,2.2,3.5,25,,0,0,0
2035,9,9,4,17.6,67.3,2.1,3.8,25,,0,0,0
2035,9,9,5,17.2,68,2.1,3.6,25,,3,0,0
2035,9,9,6,17.5,68.4,2.1,3.3,25,,30,30,0
2035,9,9,7,18.3,66.3,1,2.5,32,,177,69,530
2035,9,9,8,19.2,60.8,1.1,2.8,156,,357,94,703
2035,9,9,9,20.2,62,1.3,3,165,,511,75,835
2035,9,9,10,21.2,60.3,1.4,3.3,189,,637,91,856
2035,9,9,11,22.3,54.8,1.6,3.8,197,,716,117,837
2035,9,9,12,24.2,45.8,1.5,3,184,,748,134,819
2035,9,9,13,25.8,40.9,1.2,2.7,218,,731,135,808
2035,9,9,14,25.9,39.3,1.5,3.2,207,,647,168,705
2035,9,9,15,27.1,39.5,1.2,2.9,214,,460,231,395
2035,9,9,16,27.5,36.9,1.2,3,174,,340,148,435
2035,9,9,17,27.4,36.2,0.6,1.9,158,,186,104,291
2035,9,9,18,25.8,46.5,0.8,2.3,112,,44,37,57
2035,9,9,19,23.6,54.7,1.9,3.4,25,,3,0,0
2035,9,9,20,23,54.3,2.1,4.3,19,,0,0,0
2035,9,9,21,22.7,55.3,2,4.2,21,,0,0,0
2035,9,9,22,22,56.9,1.6,4,22,,0,0,0
2035,9,9,23,21.3,59.9,1.8,3.3,24,,0,0,0
2035,9,10,0,21.2,57.3,2.1,3.8,24,,0,0,0
2035,9,10,1,20.3,59.9,2,4.1,29,,0,0,0
2035,9,10,2,20.2,61.2,1.9,3.8,28,,0,0,0
2035,9,10,3,19.8,64.8,2,3.7,35,,0,0,0
2035,9,10,4,19.6,68.9,2,3.3,28,,0,0,0
2035,9,10,5,19.2,68,1.9,3.8,25,,3,0,0
2035,9,10,6,19.4,66.3,2,3.4,28,,28,28,0
2035,9,10,7,20.3,68.7,1,2.7,32,,174,69,526
2035,9,10,8,21.3,68.4,0.9,2.6,187,,355,97,696
2035,9,10,9,22.3,64.2,1.4,3,184,,506,73,837
2035,9,10,10,23.4,59.5,1.2,2.4,197,,642,91,868
2035,9,10,11,24.3,54.5,1.4,2.9,204,,701,138,791
2035,9,10,12,26.1,46.2,1.3,2.7,211,,746,130,827
2035,9,10,13,28,35.9,1.4,3.2,195,,742,131,833
2035,9,10,14,27.6,32.8,1.2,3.2,204,,637,195,657
2035,9,10,15,28.3,26.4,1.1,2.7,198,,475,223,441
2035,9,10,16,28.4,25.6,0.9,3.5,198,,267,195,166
2035,9,10,17,27.8,28.4,0.5,1.5,153,,151,109,151
2035,9,10,18,26.7,32.1,1.8,4.5,17,,39,36,17
2035,9,10,19,25.4,35.4,3.1,5.7,19,,4,0,0
2035,9,10,20,24.4,38.1,2.8,5.5,22,,0,0,0
2035,9,10,21,23.6,39.6,2.5,5.7,18,,0,0,0
2035,9,10,22,22.7,42.6,1.6,3.2,27,,0,0,0
2035,9,10,23,21.6,46,2.2,4.8,11,,0,0,0
2035,9,11,0,21.6,44.5,1.4,3,36,,0,0,0
2035,9,11,1,19.7,53,1.8,3.4,17,,0,0,0
2035,9,11,2,19.2,54.9,2,3.9,25,,0,0,0
2035,9,11,3,19.3,52.9,2.1,3.6,24,,0,0,0
2035,9,11,4,18.9,53,1.8,3,28,,0,0,0
2035,9,11,5,18.6,52.8,1.2,2.4,37,,2,0,0
2035,9,11,6,18.9,51.7,1.8,3.1,45,,28,2,0
2035,9,11,7,19.4,57.8,1.5,3.1,90,,172,69,526
2035,9,11,8,20.4,61.4,1.3,2.9,153,,354,98,697
2035,9,11,9,21.8,55.7,1.4,3,180,,509,76,842
2035,9,11,10,23.1,48,1.3,3,195,,631,95,851
2035,9,11,11,24.5,43.8,1.3,2.8,191,,707,117,834
2035,9,11,12,25,39.7,1.5,3.5,166,,736,138,806
2035,9,11,13,27.3,35.8,1.2,3,180,,723,131,815
2035,9,11,14,28,33,1.3,2.7,180,,640,146,739
2035,9,11,15,28.8,29.1,1.1,2.6,174,,522,128,694
2035,9,11,16,29.4,24.3,0.9,2,187,,359,115,561
2035,9,11,17,29.3,25.1,0.6,1.5,158,,174,101,269
2035,9,11,18,27.8,32.1,0.6,2.1,108,,36,33,26
2035,9,11,19,25.3,41.2,2,3.3,25,,2,0,0
2035,9,11,20,24.6,40.5,2.1,3.7,25,,0,0,0
2035,9,11,21,23.5,43.7,2.1,3.7,24,,0,0,0
2035,9,11,22,22.8,45.3,2.2,4,23,,0,0,0
2035,9,11,23,22.5,45.5,2.1,4.5,27,,0,0,0
2035,9,12,0,21.9,46.9,1.9,3.6,25,,0,0,0
2035,9,12,1,20.7,52,1.9,3.2,22,,0,0,0
2035,9,12,2,20.3,54.3,1.8,3,29,,0,0,0
2035,9,12,3,20,57.1,2,3.1,24,,0,0,0
2035,9,12,4,19.7,60.3,2,3.3,15,,0,0,0
2035,9,12,5,20.1,56.4,1.9,3.3,28,,2,0,0
2035,9,12,6,19.9,58.6,1.8,2.8,27,,26,0,0
2035,9,12,7,20.5,64.7,1,2.5,27,,160,57,534
2035,9,12,8,21.6,63.8,1.2,3.4,142,,336,64,753
2035,9,12,9,22.6,52,1.1,2.6,180,,489,74,815
2035,9,12,10,24.1,50.1,1.2,2.7,197,,615,96,829
2035,9,12,11,25.8,44,1.5,2.9,180,,693,127,805
2035,9,12,12,27,39.7,1.4,2.8,194,,716,158,758
2035,9,12,13,27.8,39.8,1.3,3,190,,690,180,704
2035,9,12,14,29.3,36.8,1.5,3.2,171,,602,210,590
2035,9,12,15,29.8,33.9,1.3,3.1,202,,456,216,426
2035,9,12,16,29.5,33,0.9,2.4,194,,303,158,338
2035,9,12,17,29.3,32.9,0.7,2.3,162,,152,103,182
2035,9,12,18,28.8,34.9,0.5,1.7,135,,21,21,0
2035,9,12,19,27.5,39.7,1,2.7,360,,2,0,0
2035,9,12,20,26.5,43.3,1.5,2.8,30,,0,0,0
2035,9,12,21,26.2,44.6,1.2,2.7,6,,0,0,0
2035,9,12,22,25,51.5,1.1,2.7,31,,0,0,0
2035,9,12,23,24.3,56,1.5,3.5,28,,0,0,0
2035,9,13,0,24,60.5,1,3.6,346,,0,0,0
2035,9,13,1,23.3,66.9,0.8,2.4,329,,0,0,0
2035,9,13,2,22.7,66,1.2,3.3,27,,0,0,0
2035,9,13,3,22.3,67,0.8,2,16,,0,0,0
2035,9,13,4,21.9,70.4,1.4,2.7,27,,0,0,0
2035,9,13,5,21.4,71,1.5,3,28,,2,0,0
2035,9,13,6,21.5,71.6,1,2.9,24,,28,0,0
2035,9,13,7,21.9,72.3,0.7,1.8,63,,168,96,378
2035,9,13,8,22.6,70.3,1.3,3.5,145,,306,108,550
2035,9,13,9,23.2,68.2,1.5,3.2,163,,493,70,838
2035,9,13,10,23.9,64.3,1.6,3.3,176,,627,87,867
2035,9,13,11,24.6,59.6,1.5,3.2,198,,671,152,741
2035,9,13,12,26.7,48.3,1.9,4.6,205,,723,239,660
2035,9,13,13,26,49.3,1.7,4.1,220,,380,313,93
2035,9,13,14,25.6,51.1,1.8,3.6,248,,174,173,2
2035,9,13,15,26.1,52.8,1.4,3.5,186,,426,321,188
2035,9,13,16,24.9,60.9,1.5,4.8,284,,152,147,11
2035,9,13,17,22.5,78.9,2.6,6.2,18,,30,30,0
2035,9,13,18,22,75.2,2,5.8,45,,30,29,17
2035,9,13,19,21.8,76.4,2.4,6.5,15,,2,0,0
2035,9,13,20,21.9,75.7,0.8,2.3,34,,0,0,0
2035,9,13,21,21.3,76.1,1.7,4.4,33,,0,0,0
2035,9,13,22,20.9,78.1,1.8,4.6,14,,0,0,0
2035,9,13,23,21,75.8,1.4,4.8,15,,0,0,0
2035,9,14,0,20.9,76.8,1.1,3.1,24,,0,0,0
2035,9,14,1,20.6,78.5,1.6,4,23,,0,0,0
2035,9,14,2,20.3,77.6,1.6,3.8,18,,0,0,0
2035,9,14,3,20.3,76.9,2,4.1,15,,0,0,0
2035,9,14,4,20.6,76.9,2.1,4.2,15,,0,0,0
2035,9,14,5,20.2,73.6,1,3.1,41,,2,0,0
2035,9,14,6,20.2,72.3,1.1,3.7,344,,5,5,0
2035,9,14,7,20.4,72.6,0.8,2.1,338,,27,27,0
2035,9,14,8,20.6,71.7,1,3.4,34,,139,134,14
2035,9,14,9,20.7,70.6,1.2,4,11,,235,217,36
2035,9,14,10,21.7,66.5,1.5,3.3,184,,424,293,213
2035,9,14,11,21.8,69.1,1.7,3.9,188,,563,308,368
2035,9,14,12,23.1,65.1,2,4.4,183,,684,233,619
2035,9,14,13,23.9,61.8,2,3.8,174,,734,207,738
2035,9,14,14,24.5,58.9,1.8,4.4,200,,729,304,650
2035,9,14,15,25.2,52.2,1.3,3.3,211,,484,214,489
2035,9,14,16,25,50.4,1.4,4.8,286,,241,182,140
2035,9,14,17,24.2,50.8,1.7,3.7,349,,55,55,0
2035,9,14,18,23.2,49.9,2.3,5,342,,23,23,0
2035,9,14,19,22,50.7,2.8,7.6,352,,2,0,0
2035,9,14,20,21.2,55.2,3.3,8.1,358,,0,0,0
2035,9,14,21,20.8,57.5,3,5.7,6,,0,0,0
2035,9,14,22,20.3,58.6,2.1,5.3,18,,0,0,0
2035,9,14,23,19.7,60.2,2.3,4.8,16,,0,0,0
2035,9,15,0,19.2,63.5,2.4,5.1,15,,0,0,0
2035,9,15,1,18.8,66.8,2.1,6.2,18,,0,0,0
2035,9,15,2,18.8,67.2,2.6,6.4,17,,0,0,0
2035,9,15,3,18.5,67.8,1.6,5.4,16,,0,0,0
2035,9,15,4,18,68,1.6,6,23,,0,0,0
2035,9,15,5,17.8,65.3,2,6.5,31,,2,0,0
2035,9,15,6,17.7,60.7,3.4,8.2,24,,18,0,0
2035,9,15,7,18.2,57.3,3.3,7.7,24,,104,67,204
2035,9,15,8,18.8,61.3,2.2,7.6,52,,314,135,511
2035,9,15,9,20,59,1.5,3.9,238,,365,229,272
2035,9,15,10,21,58,1.9,4,202,,597,159,713
2035,9,15,11,22.1,55.9,2.1,4.2,196,,703,108,860
2035,9,15,12,22.9,54,1.8,3.8,198,,728,116,845
2035,9,15,13,24.1,50.7,1.8,3.6,194,,709,115,836
2035,9,15,14,24.7,49.9,1.8,3.7,195,,621,134,749
2035,9,15,15,25.6,43.2,1.6,4.1,146,,489,150,620
2035,9,15,16,25.7,37.1,1.9,4.8,45,,326,141,452
2035,9,15,17,25.4,32.8,2,5,27,,150,91,235
2035,9,15,18,24.3,36.1,1.8,5.1,25,,30,28,30
2035,9,15,19,22.3,46.4,2.8,7.7,32,,3,0,0
2035,9,15,20,21.3,53.2,3.2,9.2,30,,0,0,0
2035,9,15,21,20.4,55.5,3.9,8.9,22,,0,0,0
2035,9,15,22,19.9,56.5,2.6,6.2,21,,0,0,0
2035,9,15,23,19.4,57.3,1.9,4,28,,0,0,0
2035,9,16,0,18.8,59.5,2.4,5,17,,0,0,0
2035,9,16,1,18.5,60.3,2.6,5,16,,0,0,0
2035,9,16,2,18.3,57.5,2.6,5.8,16,,0,0,0
2035,9,16,3,17.5,63.1,2.1,4.4,24,,0,0,0
2035,9,16,4,17.5,65.2,2.4,4.6,23,,0,0,0
2035,9,16,5,17.1,66.7,2,4.2,25,,3,0,0
2035,9,16,6,17.2,69.3,1.9,4.1,24,,32,0,0
2035,9,16,7,17.9,69.3,1,2.5,45,,91,61,168
2035,9,16,8,18.3,67.9,0.7,2,162,,127,125,7
2035,9,16,9,18.7,66.5,1.2,2.9,198,,404,208,397
2035,9,16,10,19.5,63,1.6,3.1,197,,563,155,668
2035,9,16,11,20.2,62.3,1.4,2.9,180,,579,271,449
2035,9,16,12,21.6,57.4,1.6,3.2,159,,653,226,594
2035,9,16,13,22.4,52.2,1.4,3.1,162,,635,221,588
2035,9,16,14,23.7,49.8,1.7,3.4,160,,533,260,422
2035,9,16,15,24.3,47.6,1,2.7,149,,381,243,254
2035,9,16,16,24.5,46.7,0.8,2.3,166,,210,172,92
2035,9,16,17,24.3,51,0.4,1.6,153,,102,96,26
2035,9,16,18,23.6,53,1,2.4,49,,25,24,20
2035,9,16,19,22.1,59.4,1.9,3.5,25,,3,0,0
2035,9,16,20,21.5,58.3,2.1,4,27,,0,0,0
2035,9,16,21,20.8,59.7,2.2,4.1,22,,0,0,0
2035,9,16,22,20.6,60,2.2,4.1,28,,0,0,0
2035,9,16,23,20.2,62.7,2.1,3.8,27,,0,0,0
2035,9,17,0,20,65.1,2,3.6,27,,0,0,0
2035,9,17,1,19.6,66.3,2.1,3.6,27,,0,0,0
2035,9,17,2,19.4,67.3,2,3.3,27,,0,0,0
2035,9,17,3,18.7,69.9,2,3.1,25,,0,0,0
2035,9,17,4,18.9,68.1,2,3.7,24,,0,0,0
2035,9,17,5,18.6,69.7,2,3.3,27,,2,0,0
2035,9,17,6,18.6,69.1,1.9,3.4,28,,22,0,0
2035,9,17,7,19.4,67.8,1,2.9,72,,169,99,398
2035,9,17,8,20.1,68.8,1,2.8,153,,315,103,618
2035,9,17,9,21.2,67,1.4,3.5,175,,470,71,814
2035,9,17,10,21.8,63.4,1.4,3.4,198,,592,91,827
2035,9,17,11,22.5,61.2,1.5,3.5,207,,669,120,805
2035,9,17,12,24.1,54.9,1.6,4,184,,696,143,774
2035,9,17,13,24.5,51.3,1.5,3.9,163,,677,150,754
2035,9,17,14,26.3,45.2,1.3,2.9,195,,585,161,663
2035,9,17,15,26.9,43.4,1.5,3.2,171,,466,140,608
2035,9,17,16,26.6,42.8,1.2,3,139,,309,142,417
2035,9,17,17,27.2,39.3,0.7,2,127,,137,90,197
2035,9,17,18,25.8,46.2,1.1,3.2,50,,23,22,10
2035,9,17,19,24.2,51.3,1.9,3.7,27,,3,0,0
2035,9,17,20,23.2,54.7,2.2,4,24,,0,0,0
2035,9,17,21,22.7,55.6,2.2,3.9,24,,0,0,0
2035,9,17,22,21.9,59.6,2.1,3.6,23,,0,0,0
2035,9,17,23,21.1,64.2,2,3.4,24,,0,0,0
2035,9,18,0,21.2,64.8,1.7,3.2,33,,0,0,0
2035,9,18,1,21.3,65.3,1.6,2.8,27,,0,0,0
2035,9,18,2,21,67.6,1.7,2.8,22,,0,0,0
2035,9,18,3,20.9,69.5,1.5,3.3,32,,0,0,0
2035,9,18,4,20.5,70.1,1.7,2.9,25,,0,0,0
2035,9,18,5,20.2,71.3,2,3.2,24,,2,0,0
2035,9,18,6,20.4,72.1,2,3.4,21,,14,0,0
2035,9,18,7,21.1,70,1.2,3.6,17,,134,55,462
2035,9,18,8,21.7,68.2,1,2.7,216,,307,63,719
2035,9,18,9,22.3,64.8,1.3,3,202,,460,68,807
2035,9,18,10,23.1,61.4,1.6,3.5,209,,584,90,820
2035,9,18,11,24.2,57.5,1.5,3.7,215,,664,117,806
2035,9,18,12,25.7,50.7,1.6,3.4,201,,703,116,828
2035,9,18,13,27.2,45.4,1.4,3.2,195,,701,112,849
2035,9,18,14,27.4,42.4,1.4,3.1,209,,646,194,713
2035,9,18,15,27.8,39.5,1.3,2.9,207,,341,247,177
2035,9,18,16,28.5,36.4,1,2.6,207,,326,212,289
2035,9,18,17,27.4,38.1,1,2.7,31,,32,32,0
2035,9,18,18,26.2,44,2,5.3,6,,8,8,0
2035,9,18,19,25.1,38.3,2.7,6.2,5,,2,0,0
2035,9,18,20,23.9,45.2,1.8,4.5,45,,0,0,0
2035,9,18,21,23,51.3,2.3,4.4,29,,0,0,0
2035,9,18,22,22.5,55.7,1.9,3.9,36,,0,0,0
2035,9,18,23,21.9,61.1,1.9,3.4,25,,0,0,0
2035,9,19,0,21.4,62.6,1.8,2.8,27,,0,0,0
2035,9,19,1,21.2,63.7,1.9,3.3,27,,0,0,0
2035,9,19,2,21,62.1,1.7,3.2,43,,0,0,0
2035,9,19,3,21.1,61.5,1.3,3.4,32,,0,0,0
2035,9,19,4,20.4,63.8,1.1,4,53,,0,0,0
2035,9,19,5,20.2,64.2,1.7,3.6,45,,3,0,0
2035,9,19,6,20.1,63.7,1.6,4.1,32,,19,0,0
2035,9,19,7,20.9,61,0.8,3.8,169,,103,82,125
2035,9,19,8,21.3,64.1,0.5,1.8,225,,130,123,17
2035,9,19,9,21.9,63.4,0.8,2.4,180,,325,216,226
2035,9,19,10,23.6,57.8,2,3.8,144,,570,160,686
2035,9,19,11,24.5,57,1.7,3.6,157,,644,142,745
2035,9,19,12,25,53.6,1.7,3.5,176,,672,161,725
2035,9,19,13,26.2,48.5,1.4,3.1,209,,657,161,720
2035,9,19,14,27.1,45.6,1.3,2.9,225,,567,172,627
2035,9,19,15,27.7,39.7,1.4,3.5,200,,442,157,543
2035,9,19,16,28,39.2,0.8,2.2,219,,269,155,296
2035,9,19,17,27.9,39.5,0.7,1.9,225,,100,83,77
2035,9,19,18,26.3,43.8,0.9,2.8,27,,14,14,0
2035,9,19,19,24.6,51.7,1.7,4.7,33,,2,0,0
2035,9,19,20,23.7,57.5,1.7,3.2,30,,0,0,0
2035,9,19,21,23.4,56,2.1,3.9,27,,0,0,0
2035,9,19,22,22.7,57.5,2,3.8,24,,0,0,0
2035,9,19,23,21.7,61.6,2.2,4.3,22,,0,0,0
2035,9,20,0,21.1,63.1,2.1,4.3,27,,0,0,0
2035,9,20,1,20.9,62.8,2,3.8,28,,0,0,0
2035,9,20,2,20.6,63.9,2,3.2,28,,0,0,0
2035,9,20,3,20.3,65,2,3.3,24,,0,0,0
2035,9,20,4,19.8,64.8,1.9,3.5,25,,0,0,0
2035,9,20,5,19.9,60.5,1.9,3.1,25,,2,0,0
2035,9,20,6,19.8,61.7,1.9,3,29,,15,0,0
2035,9,20,7,20.5,64.1,1,2.4,24,,131,54,470
2035,9,20,8,21.4,59.4,1.4,4,129,,305,66,721
2035,9,20,9,21.9,61.1,1.8,4.7,144,,455,68,810
2035,9,20,10,22.9,58.6,1.6,3.7,167,,576,92,816
2035,9,20,11,24.6,52.3,1.5,3.7,192,,651,122,788
2035,9,20,12,25,49.3,1.4,3.3,189,,679,143,766
2035,9,20,13,26.2,44.9,1.3,2.9,195,,659,142,756
2035,9,20,14,27.5,42.1,1.2,2.8,197,,578,141,702
2035,9,20,15,28.1,38.6,1.1,2.7,204,,459,122,648
2035,9,20,16,29,33.9,1.1,2.3,212,,300,131,442
2035,9,20,17,28.9,31.1,0.4,1.5,198,,120,90,140
2035,9,20,18,26.6,37.9,1.4,3.8,21,,14,14,0
2035,9,20,19,24.4,44.8,1.4,4.1,39,,3,0,0
2035,9,20,20,23.8,45.3,2.2,3.7,25,,0,0,0
2035,9,20,21,23.2,46.5,2.2,3.8,24,,0,0,0
2035,9,20,22,22.4,50,2.2,3.9,28,,0,0,0
2035,9,20,23,21.8,53.1,2,3.3,27,,0,0,0
2035,9,21,0,21.1,58.8,2.1,3.6,27,,0,0,0
2035,9,21,1,20.8,61.4,1.8,3.2,27,,0,0,0
2035,9,21,2,20.4,64.2,2,3.6,27,,0,0,0
2035,9,21,3,20,65.9,2,3.1,27,,0,0,0
2035,9,21,4,19.8,64.9,2,3.2,28,,0,0,0
2035,9,21,5,20,64.9,2,3.5,29,,2,0,0
2035,9,21,6,20.1,69,2,3.2,27,,14,0,0
2035,9,21,7,21.2,65.8,1.2,2.8,10,,122,73,311
2035,9,21,8,22.1,56.6,0.8,2.7,130,,244,115,392
2035,9,21,9,22.6,56,1.1,3,186,,478,206,572
2035,9,21,10,23.5,52.3,1.2,3,151,,420,271,252
2035,9,21,11,25.3,47.8,1,3,203,,508,305,306
2035,9,21,12,26.1,44.1,1.8,5.5,252,,330,312,26
2035,9,21,13,26.6,42.4,1.9,6,253,,292,280,18
2035,9,21,14,27,41,3.7,10.4,256,,140,140,0
2035,9,21,15,26,46.8,3.9,11,273,,64,64,0
2035,9,21,16,24.7,54.5,3.4,9.9,268,,53,53,0
2035,9,21,17,23.9,49.4,3.8,9.3,320,,30,30,0
2035,9,21,18,22.2,53,3,7.1,321,,5,5,0
2035,9,21,19,21.4,56.6,2.4,6,300,,3,0,0
2035,9,21,20,19.9,62.3,2.4,6.6,323,,0,0,0
2035,9,21,21,18.8,67.6,2.6,7.6,290,,0,0,0
2035,9,21,22,18,72.4,2.7,8,305,,0,0,0
2035,9,21,23,15.8,60.3,4,7.7,6,,0,0,0
2035,9,22,0,15,56.6,3,7.7,19,,0,0,0
2035,9,22,1,14.4,60.2,3.2,7.2,15,,0,0,0
2035,9,22,2,14.4,58.9,3,6.9,14,,0,0,0
2035,9,22,3,14.5,56.9,2.5,6.2,17,,0,0,0
2035,9,22,4,14.2,58.7,2,6.6,24,,0,0,0
2035,9,22,5,14,62.8,2.7,6.7,23,,2,0,0
2035,9,22,6,14,61.6,1.9,5.9,17,,15,0,0
2035,9,22,7,14.3,57.8,1.7,5.4,18,,69,60,61
2035,9,22,8,15.3,53.4,1.4,5.6,45,,220,118,314
2035,9,22,9,15.9,52.8,1.2,4,90,,353,175,378
2035,9,22,10,16.8,50.6,1.7,3.7,203,,484,222,448
2035,9,22,11,17.8,50.6,1.6,3.7,203,,560,247,474
2035,9,22,12,18.4,49.8,1.7,4.8,212,,639,222,605
2035,9,22,13,19.2,45.5,1.8,3.9,191,,637,214,627
2035,9,22,14,19.8,38.6,1.7,4.2,184,,507,252,416
2035,9,22,15,20,35.7,1.2,2.7,198,,303,235,136
2035,9,22,16,19.7,40.8,0.9,2.6,153,,228,158,187
2035,9,22,17,19.5,43.6,0.7,2,153,,60,60,0
2035,9,22,18,19.6,43.5,0.8,2.2,59,,10,10,0
2035,9,22,19,20,44.5,1.3,2.9,24,,2,0,0
2035,9,22,20,20.2,45.6,0.9,2.6,360,,0,0,0
2035,9,22,21,20.3,49.2,0.7,2.3,72,,0,0,0
2035,9,22,22,20.1,56.3,0.9,2.3,6,,0,0,0
2035,9,22,23,20.7,52.8,0.8,2,360,,0,0,0
2035,9,23,0,20.7,52,1.5,3.8,328,,0,0,0
2035,9,23,1,20.7,45.1,1.7,3.4,300,,0,0,0
2035,9,23,2,20.7,48.2,1.9,5.9,301,,0,0,0
2035,9,23,3,20.8,50.5,2.1,5.7,297,,0,0,0
2035,9,23,4,20.7,53.7,1.6,5.3,274,,0,0,0
2035,9,23,5,20.6,55.7,1.9,4.6,286,,2,0,0
2035,9,23,6,20.6,51.5,1.9,4.6,286,,8,0,0
2035,9,23,7,20.5,58.3,1.5,4,299,,40,40,0
2035,9,23,8,20.7,59.8,2.2,5,270,,224,120,324
2035,9,23,9,21.1,60.1,1.4,4.6,261,,243,203,85
2035,9,23,10,22,60.1,2.2,6.9,267,,275,240,61
2035,9,23,11,23.1,60.4,2.6,6.1,263,,352,305,71
2035,9,23,12,23.9,57,3.7,7.6,255,,741,358,559
2035,9,23,13,25.8,51.4,1.7,5.6,209,,673,179,737
2035,9,23,14,26.5,50.8,2.6,7.1,243,,508,236,449
2035,9,23,15,26.5,50.4,4.2,11.4,256,,308,232,153
2035,9,23,16,26.6,49,4.6,10.4,275,,124,124,1
2035,9,23,17,26.4,50.2,3.9,9,275,,62,62,0
2035,9,23,18,25.5,55.5,3.7,8.8,265,,5,5,0
2035,9,23,19,24.2,62.3,4,8.2,275,,2,0,0
2035,9,23,20,23.8,63.9,4.1,8.9,267,,0,0,0
2035,9,23,21,19.9,70.8,6.1,15.9,329,,0,0,0
2035,9,23,22,16.3,80.6,3.4,15.2,11,,0,0,0
2035,9,23,23,15.2,79.1,1.1,2.6,315,,0,0,0
2035,9,24,0,15.4,80.2,0.9,2.4,18,,0,0,0
2035,9,24,1,15.1,79.8,1.1,4.3,323,,0,0,0
2035,9,24,2,14.6,77.5,2.6,5.5,360,,0,0,0
2035,9,24,3,13.9,72.5,2.1,6.2,11,,0,0,0
2035,9,24,4,12.9,68.3,3.1,6.9,8,,0,0,0
2035,9,24,5,12.8,68.6,2.5,6.3,20,,2,0,0
2035,9,24,6,12.9,66.7,2.6,7.9,30,,11,0,0
2035,9,24,7,13.1,67.3,3.6,9.9,39,,119,63,380
2035,9,24,8,13.3,66.7,5,13.3,39,,337,126,665
2035,9,24,9,13.6,64.5,5.6,13.7,36,,477,118,778
2035,9,24,10,13.9,57.6,4.4,13,38,,597,86,887
2035,9,24,11,14.8,55.5,4.9,13.6,38,,660,111,844
2035,9,24,12,15.8,52.4,4.8,14.7,36,,675,143,784
2035,9,24,13,16,49.9,4.7,14.4,33,,671,119,831
2035,9,24,14,16,48.7,4.7,13,33,,576,127,746
2035,9,24,15,16.1,46.6,5.3,14.5,38,,460,98,727
2035,9,24,16,15.6,45.5,5.9,15.4,36,,288,112,490
2035,9,24,17,15,44.9,6.3,15.1,33,,107,79,145
2035,9,24,18,14,46.5,5.4,14.3,37,,12,12,0
2035,9,24,19,13.2,48,4.8,12.5,49,,2,0,0
2035,9,24,20,12.6,50.4,6.2,17,35,,0,0,0
2035,9,24,21,12.1,52.1,3.9,11.2,37,,0,0,0
2035,9,24,22,11.9,50.6,2.3,10.3,27,,0,0,0
2035,9,24,23,11.5,50.1,2.9,12.3,38,,0,0,0
2035,9,25,0,11,53.3,3.9,11,49,,0,0,0
2035,9,25,1,10.9,54.2,4.3,12.1,59,,0,0,0
2035,9,25,2,10.5,57.1,4,10.9,42,,0,0,0
2035,9,25,3,10,58.8,4.6,11.3,40,,0,0,0
2035,9,25,4,9.6,60.3,4.1,10.7,32,,0,0,0
2035,9,25,5,9.5,61,4.3,11.8,35,,2,0,0
2035,9,25,6,9.4,61.3,3.8,9.8,31,,11,0,0
2035,9,25,7,9.7,61.2,3.9,9.5,35,,124,63,430
2035,9,25,8,10.4,60.1,3,9.2,45,,304,86,700
2035,9,25,9,11.9,57.1,1.9,6.4,43,,458,109,763
2035,9,25,10,13.8,51.5,2.3,5.3,25,,575,89,850
2035,9,25,11,15.3,46.9,1.7,6.6,194,,646,97,849
2035,9,25,12,16.8,43.8,2.2,6.3,240,,673,109,835
2035,9,25,13,17.9,40.2,2.1,5.9,356,,648,137,775
2035,9,25,14,18.7,39.6,2.4,7,37,,555,145,689
2035,9,25,15,18.8,38.9,2.8,7.2,39,,431,148,575
2035,9,25,16,18.8,38.8,3,9.5,29,,267,122,409
2035,9,25,17,17.4,41.7,3.2,9.4,25,,97,76,111
2035,9,25,18,15.9,44.9,3.8,9.3,35,,10,10,0
2035,9,25,19,14.9,47,4.2,9.6,34,,3,0,0
2035,9,25,20,14,48.7,4.1,9.5,29,,0,0,0
2035,9,25,21,13.3,51,3.7,8.8,24,,0,0,0
2035,9,25,22,12.7,53.5,3,8.2,26,,0,0,0
2035,9,25,23,12.3,55,2.4,6.2,23,,0,0,0
2035,9,26,0,11.8,57.3,1.9,5.9,29,,0,0,0
2035,9,26,1,11.4,58.4,1.7,4.7,25,,0,0,0
2035,9,26,2,10.6,60.1,2,4.9,25,,0,0,0
2035,9,26,3,10.5,62.6,2.6,5.3,21,,0,0,0
2035,9,26,4,10.4,66.2,2,5.4,24,,0,0,0
2035,9,26,5,10.4,69.8,2,3.9,25,,3,0,0
2035,9,26,6,10.5,71.6,1.9,3.6,27,,9,0,0
2035,9,26,7,11.3,70.7,1.2,3.1,49,,116,57,427
2035,9,26,8,12.4,68,1,2.2,124,,294,87,675
2035,9,26,9,13.1,66.5,1.6,4.3,184,,446,69,831
2035,9,26,10,14.3,64.6,1.6,3.6,176,,564,89,837
2035,9,26,11,15.1,59.4,1.8,3.9,205,,638,100,838
2035,9,26,12,15.9,56.3,1.4,3.2,189,,671,106,842
2035,9,26,13,17.4,52.2,1.3,2.8,190,,647,121,805
2035,9,26,14,18.9,48.2,1.3,2.8,166,,556,125,729
2035,9,26,15,20.4,44.4,1.2,2.4,180,,431,111,658
2035,9,26,16,20.6,43.9,0.8,1.9,180,,275,104,492
2035,9,26,17,20.5,47.1,0.8,1.8,164,,107,65,230
2035,9,26,18,19.4,53.8,0.5,2.4,104,,11,11,0
2035,9,26,19,17.9,59.9,1.1,2.7,29,,2,0,0
2035,9,26,20,17.5,60.2,1.7,3.8,22,,0,0,0
2035,9,26,21,16.8,64.1,1.7,4.1,18,,0,0,0
2035,9,26,22,16.3,66.9,1.7,3.3,28,,0,0,0
2035,9,26,23,16,69.4,2.3,4.5,23,,0,0,0
2035,9,27,0,16.2,65.9,2.1,4,27,,0,0,0
2035,9,27,1,15.4,68.3,2,3.3,33,,0,0,0
2035,9,27,2,15.7,69.4,1.9,3.4,38,,0,0,0
2035,9,27,3,15.4,71.7,2,3.5,27,,0,0,0
2035,9,27,4,15.2,71.9,2.1,3.2,27,,0,0,0
2035,9,27,5,14.7,71.9,1.8,3.1,29,,2,0,0
2035,9,27,6,14.9,75,2,3.3,30,,8,0,0
2035,9,27,7,15.5,74.6,1.2,2.8,27,,115,62,393
2035,9,27,8,16.6,72.7,1,2.5,159,,290,87,670
2035,9,27,9,17,72.3,1.4,2.7,209,,440,72,821
2035,9,27,10,18.3,66.8,1.3,3.2,195,,562,83,852
2035,9,27,11,19.4,57.8,1.5,3.5,198,,630,101,830
2035,9,27,12,20,54.6,1.4,3.1,190,,659,111,822
2035,9,27,13,21.2,50,1.3,2.7,204,,635,112,806
2035,9,27,14,22.6,48.8,1.2,2.7,186,,550,120,735
2035,9,27,15,23.4,46.6,1.1,2.7,175,,429,117,649
2035,9,27,16,23.7,46.8,0.7,1.7,172,,261,115,426
2035,9,27,17,23.3,49.7,0.5,1.3,153,,87,63,136
2035,9,27,18,21.4,58.6,0.6,2.8,31,,8,8,0
2035,9,27,19,19.8,61.1,1.9,3.6,29,,3,0,0
2035,9,27,20,19,59.9,2,3.9,24,,0,0,0
2035,9,27,21,18.8,57.8,2.1,3.8,27,,0,0,0
2035,9,27,22,17.7,60.5,2,3.7,28,,0,0,0
2035,9,27,23,17,63,2,3.3,27,,0,0,0
2035,9,28,0,16.6,65.6,1.9,3.2,25,,0,0,0
2035,9,28,1,16.3,66.9,1.9,2.9,29,,0,0,0
2035,9,28,2,16.2,67.7,1.8,2.9,24,,0,0,0
2035,9,28,3,16.2,65.7,1.9,3.1,32,,0,0,0
2035,9,28,4,16,69.6,1.9,3.6,36,,0,0,0
2035,9,28,5,15.7,68.5,2,3,36,,2,0,0
2035,9,28,6,15.7,69.9,1.9,3,29,,8,0,0
2035,9,28,7,16,67,1.4,2.7,32,,111,61,383
2035,9,28,8,17,65.9,1,2.5,139,,286,86,668
2035,9,28,9,18,63.3,1.4,3.1,171,,439,73,823
2035,9,28,10,19.1,63.7,1.5,3.2,180,,556,82,849
2035,9,28,11,20.5,58.7,1.4,2.8,209,,620,103,817
2035,9,28,12,21.9,52,1.3,3,175,,654,109,824
2035,9,28,13,24.1,45.7,1.3,2.8,209,,625,123,782
2035,9,28,14,24.7,45.5,1.4,3.1,200,,534,130,696
2035,9,28,15,24.9,42.6,1.2,3.7,194,,402,146,541
2035,9,28,16,25.6,38.9,2.1,4.9,45,,237,142,283
2035,9,28,17,24.4,42,1.9,5.8,33,,56,56,0
2035,9,28,18,22.5,47.9,1.6,3.6,11,,6,0,0
2035,9,28,19,21.4,50.2,2.3,6.3,19,,2,0,0
2035,9,28,20,20.7,52.4,3.7,9,30,,0,0,0
2035,9,28,21,20.1,54.8,4,10.1,31,,0,0,0
2035,9,28,22,19.5,56.2,4.7,11.2,36,,0,0,0
2035,9,28,23,18.8,55.6,5.1,13.2,37,,0,0,0
2035,9,29,0,17.7,54.1,6.1,14.7,41,,0,0,0
2035,9,29,1,16.8,52.4,5.3,12.3,45,,0,0,0
2035,9,29,2,15.8,56.7,5.1,15.5,40,,0,0,0
2035,9,29,3,15,61.6,5.5,13.9,47,,0,0,0
2035,9,29,4,14.3,66.3,5.6,13.7,43,,0,0,0
2035,9,29,5,13.9,69.8,5,12.8,45,,2,0,0
2035,9,29,6,13.8,70.7,4.6,12.4,45,,9,0,0
2035,9,29,7,14,71,4,11.7,39,,101,58,339
2035,9,29,8,14.8,68.6,3.5,9.5,40,,263,84,606
2035,9,29,9,15.4,66.7,3.5,8.9,35,,325,194,298
2035,9,29,10,15.8,64.7,3.8,9.8,30,,342,255,159
2035,9,29,11,16.8,60,2.8,7.2,32,,551,223,521
2035,9,29,12,17.6,57,1.9,4.8,36,,505,303,308
2035,9,29,13,17.9,58.1,1.7,5,222,,617,176,693
2035,9,29,14,18.2,57,2,4.3,207,,508,171,588
2035,9,29,15,18.2,57.8,2,4,211,,379,163,461
2035,9,29,16,18.4,57.2,1.3,3.4,210,,220,120,303
2035,9,29,17,17.8,58.2,1.7,4.7,16,,89,74,91
2035,9,29,18,16.9,61.3,2.1,4.8,18,,8,0,0
2035,9,29,19,16.2,64.7,2.9,5.2,13,,3,0,0
2035,9,29,20,15.9,66.7,2.7,5.2,16,,0,0,0
2035,9,29,21,15.5,68.4,2.2,4.5,19,,0,0,0
2035,9,29,22,15.4,67.6,2,4.4,21,,0,0,0
2035,9,29,23,14.9,69.3,1.9,3.4,21,,0,0,0
2035,9,30,0,14.6,72.9,1.8,3.1,29,,0,0,0
2035,9,30,1,14.7,76,1.9,3.4,22,,0,0,0
2035,9,30,2,14.7,77.3,2.1,3.7,24,,0,0,0
2035,9,30,3,14.3,78,1.9,3.4,27,,0,0,0
2035,9,30,4,13.9,78.7,1.8,3.3,21,,0,0,0
2035,9,30,5,14.1,78.7,1.7,3.1,27,,2,0,0
2035,9,30,6,14.1,79.5,1.5,2.8,25,,10,0,0
2035,9,30,7,14.6,78.8,1,2.3,24,,64,43,165
2035,9,30,8,15,79,0.6,2.3,180,,231,95,468
2035,9,30,9,15.8,76,1.4,3.1,204,,403,71,762
2035,9,30,10,16.6,72,1.4,3.4,198,,522,92,784
2035,9,30,11,17.6,68.3,1.3,2.9,207,,595,120,763
2035,9,30,12,18.8,60.5,1.3,3,200,,630,180,692
2035,9,30,13,19.9,55,1.3,2.7,180,,479,297,288
2035,9,30,14,20.6,53.8,1.2,3.3,167,,569,205,639
2035,9,30,15,20.3,54.4,1,2.6,211,,236,202,74
2035,9,30,16,19.1,61.4,2.2,6.5,246,,31,31,0
2035,9,30,17,16.7,79.2,2,6.2,270,,6,6,0
2035,9,30,18,16.4,78.3,1.5,4.8,35,,2,0,0
2035,9,30,19,16.1,78.7,0.6,4.3,63,,0,0,0
2035,9,30,20,16.2,79.6,0.7,4.2,63,,0,0,0
2035,9,30,21,16.1,79.4,1,3.8,96,,0,0,0
2035,9,30,22,15.5,77.1,1.2,3.6,101,,0,0,0
2035,9,30,23,15.1,76.8,1.7,3.8,94,,0,0,0
2035,10,1,0,15.2,78.1,1,4.2,50,,0,0,0
2035,10,1,1,15.1,78.4,1.3,4.4,45,,0,0,0
2035,10,1,2,15.3,78.9,1.1,4.9,353,,0,0,0
2035,10,1,3,14.7,74.3,2.5,5.3,317,,0,0,0
2035,10,1,4,13.7,64.1,2.5,5.7,2,,0,0,0
2035,10,1,5,13.3,64.5,1.7,5.8,356,,3,0,0
2035,10,1,6,12.5,62.9,3,5.9,346,,7,0,0
2035,10,1,7,12.3,60.1,1.9,5.3,339,,27,27,0
2035,10,1,8,12.5,61.7,1,3.2,31,,48,48,0
2035,10,1,9,12.4,66.2,1.3,5.9,8,,70,70,0
2035,10,1,10,11.8,76.9,2.3,5.4,355,,78,78,0
2035,10,1,11,11.9,79.4,2.3,5.1,357,,95,95,0
2035,10,1,12,11.7,78.8,2.8,6.4,338,,70,70,0
2035,10,1,13,11.3,78.8,3.1,6.9,348,,73,73,0
2035,10,1,14,11.7,74.9,2.7,7.6,353,,104,104,0
2035,10,1,15,12.1,71.8,2.3,7.3,351,,175,170,12
2035,10,1,16,12.2,67.8,1.1,4.4,352,,90,90,0
2035,10,1,17,11.5,76.4,1.8,5.2,8,,23,23,0
2035,10,1,18,11.1,77.5,1.7,4.8,50,,3,0,0
2035,10,1,19,10.8,75.6,2,5.8,36,,0,0,0
2035,10,1,20,10.8,74.3,1.6,4,27,,0,0,0
2035,10,1,21,10.5,74.5,1.7,4,23,,0,0,0
2035,10,1,22,10.5,73.2,2,4.7,22,,0,0,0
2035,10,1,23,10.7,71.8,1.8,5.3,25,,0,0,0
2035,10,2,0,10.5,70.7,1.9,4.6,22,,0,0,0
2035,10,2,1,9.9,70.3,2.5,6.5,24,,0,0,0
2035,10,2,2,9.8,71.3,3.2,7.5,26,,0,0,0
2035,10,2,3,9.6,72.4,3.6,10.5,21,,0,0,0
2035,10,2,4,9.5,70.3,3.7,8.7,25,,0,0,0
2035,10,2,5,9.4,71.1,2.9,7.2,25,,3,0,0
2035,10,2,6,9.6,71.5,1.9,5.8,21,,11,0,0
2035,10,2,7,9.8,67.8,0.9,4.2,27,,99,56,376
2035,10,2,8,10.8,60.4,1.6,6.2,24,,265,103,571
2035,10,2,9,11.3,56.1,1.6,5.3,30,,249,185,150
2035,10,2,10,12.2,52.4,1.4,4.6,21,,393,233,296
2035,10,2,11,12.8,53,1.2,3.4,193,,471,275,321
2035,10,2,12,14.3,49.5,1.9,4.2,194,,640,213,667
2035,10,2,13,14.4,51.9,1.5,3.9,203,,465,292,280
2035,10,2,14,14.1,53.8,1.1,2.7,174,,286,248,67
2035,10,2,15,14.7,49.7,1,2.4,173,,200,196,8
2035,10,2,16,14.5,53,0.6,1.7,143,,99,99,0
2035,10,2,17,15,45.4,0.4,1.3,180,,48,48,0
2035,10,2,18,14.7,48.5,0.9,2.9,34,,4,0,0
2035,10,2,19,14.1,53.2,1.7,4.1,14,,0,0,0
2035,10,2,20,13.9,52.5,1.2,3.5,31,,0,0,0
2035,10,2,21,13.7,54.4,2.3,5.1,5,,0,0,0
2035,10,2,22,13.3,56,1.6,4.1,360,,0,0,0
2035,10,2,23,13.4,55.9,1.7,4,22,,0,0,0
2035,10,3,0,12.9,59.2,1.3,3.5,331,,0,0,0
2035,10,3,1,12.4,58.2,2.2,4.6,11,,0,0,0
2035,10,3,2,11.8,61.8,1.9,4.4,24,,0,0,0
2035,10,3,3,11.9,60.5,2,3.9,18,,0,0,0
2035,10,3,4,11.7,60.1,1.8,3.2,27,,0,0,0
2035,10,3,5,11.5,61.3,1.9,3.5,25,,2,0,0
2035,10,3,6,11.5,64.6,2.1,4.4,23,,6,0,0
2035,10,3,7,12.1,66.3,1.7,3.5,25,,102,64,340
2035,10,3,8,13.4,66.8,1.2,3.3,169,,297,141,557
2035,10,3,9,13.9,64.7,1.4,3.2,157,,382,117,626
2035,10,3,10,15.2,60.9,1.5,3.2,163,,521,87,812
2035,10,3,11,16.2,60.5,1.7,4,157,,585,111,781
2035,10,3,12,17.9,55.5,1.6,3.2,164,,622,110,805
2035,10,3,13,19.2,50.2,1.3,3.5,180,,608,108,812
2035,10,3,14,21.4,46.8,1.9,5.5,76,,505,170,608
2035,10,3,15,21,49.6,3.3,8.6,29,,296,198,220
2035,10,3,16,20.4,47.1,3.1,8.3,26,,205,112,304
2035,10,3,17,19.3,50.8,2.6,8.1,27,,65,55,69
2035,10,3,18,17.9,57.7,2.9,7.8,31,,5,0,0
2035,10,3,19,17.1,62.6,3.4,9,35,,0,0,0
2035,10,3,20,16.7,65.5,3.6,9.4,33,,0,0,0
2035,10,3,21,16.3,67.2,4.3,9.8,27,,0,0,0
2035,10,3,22,15.7,66.7,4.3,10.2,28,,0,0,0
2035,10,3,23,15.2,67.2,3.8,10.2,30,,0,0,0
2035,10,4,0,14.9,69.1,4.3,10.8,30,,0,0,0
2035,10,4,1,14.6,72,4.9,12.1,28,,0,0,0
2035,10,4,2,14.3,73.8,4.3,11.6,32,,0,0,0
2035,10,4,3,14,75,4,10.1,27,,0,0,0
2035,10,4,4,13.9,75.6,4.1,9.9,23,,0,0,0
2035,10,4,5,13.7,76.2,4.2,10.1,24,,2,0,0
2035,10,4,6,13.6,76.7,3.1,8.5,27,,6,0,0
2035,10,4,7,13.9,74.9,1.8,6.4,40,,86,46,363
2035,10,4,8,14.4,72.7,1.8,6.3,17,,258,80,651
2035,10,4,9,15.6,68.2,1.7,4.4,28,,415,70,824
2035,10,4,10,16,67.4,2,4.4,148,,548,123,801
2035,10,4,11,16.5,66.2,1.9,4,197,,579,138,731
2035,10,4,12,16.9,65.7,1.8,4.2,214,,614,111,797
2035,10,4,13,17.7,63.4,1.6,3.7,188,,583,125,750
2035,10,4,14,18.6,60.7,1.4,3,203,,495,127,675
2035,10,4,15,19.4,57.1,1.1,2.6,198,,360,143,492
2035,10,4,16,19.5,56.1,0.9,2.6,203,,202,109,310
2035,10,4,17,18.7,59.7,0.5,1.6,180,,57,50,42
2035,10,4,18,17.7,64.6,0.8,2.3,27,,5,0,0
2035,10,4,19,17,69.5,1.5,4,20,,0,0,0
2035,10,4,20,16.7,68.4,1.2,2.5,15,,0,0,0
2035,10,4,21,16.2,70.7,1.6,3.4,32,,0,0,0
2035,10,4,22,15.6,73.6,1.7,3.4,27,,0,0,0
2035,10,4,23,15.2,74.9,2,3.6,24,,0,0,0
2035,10,5,0,14.9,75.1,2.2,4.5,19,,0,0,0
2035,10,5,1,14.9,76.5,1.9,4.2,27,,0,0,0
2035,10,5,2,14.9,77.6,1.9,3.3,27,,0,0,0
2035,10,5,3,14.7,79.5,1.9,3.1,25,,0,0,0
2035,10,5,4,14.2,81.2,1.7,3,25,,0,0,0
2035,10,5,5,14.1,80.8,1.8,3.1,27,,2,0,0
2035,10,5,6,14.2,79.9,1.7,2.9,28,,6,0,0
2035,10,5,7,14.7,80.9,1.2,2.7,38,,87,50,341
2035,10,5,8,15.4,79.7,0.5,2.1,180,,201,90,412
2035,10,5,9,16.2,76.1,1.2,2.8,207,,394,88,741
2035,10,5,10,16.9,73.7,1.4,3.3,198,,508,81,812
2035,10,5,11,18,70.1,1.3,2.9,212,,579,100,801
2035,10,5,12,18.5,66,1.3,2.9,209,,605,112,789
2035,10,5,13,20.1,59.7,1.3,3,200,,570,131,724
2035,10,5,14,20.6,57,1.2,3,209,,483,132,650
2035,10,5,15,21.6,48.8,1,2.6,193,,358,138,506
2035,10,5,16,21.5,46,0.8,2,180,,198,110,298
2035,10,5,17,20.1,52.9,0.4,1.8,162,,59,49,67
2035,10,5,18,19.1,59.9,0.9,2.6,45,,6,0,0
2035,10,5,19,18.7,61.8,1.7,3.1,28,,0,0,0
2035,10,5,20,18.4,64.3,2,4.1,25,,0,0,0
2035,10,5,21,17.8,67.2,1.8,3.3,27,,0,0,0
2035,10,5,22,17.1,71.1,1.7,2.8,24,,0,0,0
2035,10,5,23,16.9,72.4,1.9,3.3,16,,0,0,0
2035,10,6,0,16.9,70.8,1.8,3.1,27,,0,0,0
2035,10,6,1,16.3,72.1,1.7,3.1,28,,0,0,0
2035,10,6,2,16.1,73.4,1.7,2.6,25,,0,0,0
2035,10,6,3,16.2,73.2,1.4,2.3,30,,0,0,0
2035,10,6,4,16.3,73.1,1.3,2.6,29,,0,0,0
2035,10,6,5,16.2,73.7,1.1,2.1,24,,2,0,0
2035,10,6,6,16.2,75.9,0.8,1.9,45,,4,0,0
2035,10,6,7,16.5,75.6,0.8,1.8,30,,44,34,98
2035,10,6,8,17,77.8,0.6,1.5,104,,161,106,210
2035,10,6,9,18,72,0.6,1.9,180,,241,183,142
2035,10,6,10,18.2,64.3,0.8,2,180,,301,241,115
2035,10,6,11,18.6,55.9,1,2.7,216,,452,265,316
2035,10,6,12,20,49.3,1.4,3.3,228,,436,275,258
2035,10,6,13,19.9,49.7,1,2.7,194,,417,299,197
2035,10,6,14,20.3,50,1.3,2.5,160,,291,247,84
2035,10,6,15,20.2,50.3,0.9,2.3,159,,218,187,72
2035,10,6,16,20.7,47.9,0.5,1.7,135,,155,117,133
2035,10,6,17,20.4,49.2,0.6,1.4,117,,66,43,174
2035,10,6,18,19.7,52.3,0.9,3,30,,4,0,0
2035,10,6,19,19,55.8,1.4,2.8,27,,0,0,0
2035,10,6,20,18.9,55.6,1.3,2.8,31,,0,0,0
2035,10,6,21,18.3,59.7,1.5,2.8,23,,0,0,0
2035,10,6,22,17.9,64.1,1.8,3.1,24,,0,0,0
2035,10,6,23,17.6,67.1,2,3.2,24,,0,0,0
2035,10,7,0,17.4,68.4,1.7,3.2,11,,0,0,0
2035,10,7,1,17.4,67.8,1.2,2.5,350,,0,0,0
2035,10,7,2,17.3,68.2,1.3,2.8,351,,0,0,0
2035,10,7,3,16.7,71.1,1.6,3,16,,0,0,0
2035,10,7,4,16.7,70.8,1.6,3.1,27,,0,0,0
2035,10,7,5,16.1,73.1,2,3.6,21,,2,0,0
2035,10,7,6,16,74,1.6,4,17,,5,0,0
2035,10,7,7,16.1,68.4,2.2,5.5,19,,30,30,0
2035,10,7,8,16.1,69.1,1.2,3.5,141,,27,27,0
2035,10,7,9,16.2,71.2,0.4,1.6,90,,58,58,0
2035,10,7,10,16.1,74.7,2.2,6.2,281,,77,77,0
2035,10,7,11,16.2,75.1,3.2,5.9,268,,225,221,6
2035,10,7,12,16.3,74.1,2.7,5.2,272,,149,149,0
2035,10,7,13,16.5,71.4,1.9,4.1,261,,177,177,1
2035,10,7,14,16.4,70.1,1.6,3.6,247,,185,182,6
2035,10,7,15,16.6,70.9,1.9,4,273,,68,68,0
2035,10,7,16,16.5,70.5,1.6,3.8,290,,25,25,0
2035,10,7,17,16.5,66.6,0.7,1.8,342,,9,9,0
2035,10,7,18,16.5,66.1,1.3,2.6,24,,3,0,0
2035,10,7,19,16.5,69,1.4,2.8,21,,0,0,0
2035,10,7,20,16.4,70.8,1.4,3.1,27,,0,0,0
2035,10,7,21,16.6,71.7,1.2,2.7,29,,0,0,0
2035,10,7,22,16.1,74.5,1.4,2.7,25,,0,0,0
2035,10,7,23,15.4,77,1.8,3.4,27,,0,0,0
2035,10,8,0,15,78.5,2.1,4,23,,0,0,0
2035,10,8,1,15.5,76.1,1.9,3.6,22,,0,0,0
2035,10,8,2,15,77.6,1.9,3.6,22,,0,0,0
2035,10,8,3,15.5,76.8,1.1,2.5,24,,0,0,0
2035,10,8,4,15.6,77.9,1.4,2.7,32,,0,0,0
2035,10,8,5,15.3,79.4,1.6,3.5,27,,2,0,0
2035,10,8,6,15.1,80.9,1.5,3.1,25,,5,0,0
2035,10,8,7,15.6,79.8,1.5,3,23,,61,45,176
2035,10,8,8,16.3,78.3,0.6,1.7,108,,134,96,150
2035,10,8,9,17.1,75.8,1.2,2.8,165,,246,172,182
2035,10,8,10,16.7,76.5,0.9,2.4,180,,209,200,17
2035,10,8,11,17.9,71.6,1.3,2.8,190,,368,276,157
2035,10,8,12,18.1,67.8,1.2,3.9,214,,391,292,162
2035,10,8,13,19.2,64.1,1.9,4.1,212,,583,205,642
2035,10,8,14,19.8,62.5,1.9,3.9,197,,483,122,690
2035,10,8,15,19.6,64.3,1.7,3.2,212,,339,142,470
2035,10,8,16,19.4,64.1,0.9,2.5,214,,179,105,269
2035,10,8,17,19,64.9,0.4,1.5,252,,40,39,12
2035,10,8,18,18.2,70.3,1.4,2.9,25,,3,0,0
2035,10,8,19,17.6,72.4,2.3,4.3,18,,0,0,0
2035,10,8,20,17.4,72.4,1.9,4.3,27,,0,0,0
2035,10,8,21,16.8,75.1,1.8,3.2,28,,0,0,0
2035,10,8,22,16.4,77.1,1.8,3.5,22,,0,0,0
2035,10,8,23,16.2,77.3,1.9,3.3,25,,0,0,0
2035,10,9,0,16,78.7,1.9,4.2,22,,0,0,0
2035,10,9,1,15.3,79.6,1.9,3.8,22,,0,0,0
2035,10,9,2,15.4,79.3,1.8,3.8,28,,0,0,0
2035,10,9,3,15.7,78.3,1.3,2.8,29,,0,0,0
2035,10,9,4,16.2,81,0.9,1.7,21,,0,0,0
2035,10,9,5,16.4,82,1,1.6,32,,2,0,0
2035,10,9,6,16.2,81.5,1.1,3.3,41,,5,0,0
2035,10,9,7,16.1,80,1.5,3,21,,80,53,298
2035,10,9,8,16.5,78.6,0.8,2.1,180,,226,103,488
2035,10,9,9,16.9,76.7,1.2,3.2,207,,370,65,770
2035,10,9,10,17.6,74,1.4,3.1,203,,487,77,808
2035,10,9,11,18.7,70,1.4,2.6,204,,553,101,784
2035,10,9,12,19.5,66.4,1.4,3.9,194,,586,103,799
2035,10,9,13,19.7,64.2,1.4,2.8,162,,556,108,769
2035,10,9,14,20.7,55.8,1.3,2.9,175,,476,123,680
2035,10,9,15,21.2,52.2,0.8,2.1,171,,325,146,434
2035,10,9,16,22,51.4,0.9,2.3,196,,172,104,254
2035,10,9,17,20.2,60.4,0.7,1.9,149,,34,34,0
2035,10,9,18,19.9,62.2,1.2,4.5,11,,2,0,0
2035,10,9,19,18.9,66,0.7,2.4,56,,0,0,0
2035,10,9,20,18.1,68.7,1.4,4.4,27,,0,0,0
2035,10,9,21,18,71.2,1.6,3.6,39,,0,0,0
2035,10,9,22,17.8,72.6,1,3.8,23,,0,0,0
2035,10,9,23,17.3,75.5,0.9,2.4,360,,0,0,0
2035,10,10,0,16.8,77.4,1.4,2.8,36,,0,0,0
2035,10,10,1,16.4,78.3,1.8,3.1,40,,0,0,0
2035,10,10,2,16.2,78.7,1.5,3.9,25,,0,0,0
2035,10,10,3,15.8,79.2,1.7,3.6,35,,0,0,0
2035,10,10,4,15.4,79.2,1.8,3.5,34,,0,0,0
2035,10,10,5,15,78.4,1.7,2.9,33,,2,0,0
2035,10,10,6,14.9,78.4,1.9,3.2,22,,4,0,0
2035,10,10,7,15.3,78.6,1.8,3.7,16,,63,39,283
2035,10,10,8,15.8,78.7,1,2.9,225,,214,119,379
2035,10,10,9,16.6,75.8,1.2,3,198,,189,167,56
2035,10,10,10,17.2,73.7,1.3,3.4,195,,459,179,557
2035,10,10,11,18,70.9,1.6,3.9,207,,548,99,784
2035,10,10,12,18.8,68.1,1.6,3.9,201,,571,112,767
2035,10,10,13,19.8,64.9,1.7,3.5,176,,541,117,735
2035,10,10,14,20.7,62.4,1.4,3.2,160,,459,192,522
2035,10,10,15,20,67.3,1.1,2.9,167,,209,174,84
2035,10,10,16,18.8,68.6,0.9,2.8,252,,108,105,13
2035,10,10,17,19.2,67.3,0.9,2.4,27,,20,20,0
2035,10,10,18,18.8,68.7,1.1,2.1,37,,3,0,0
2035,10,10,19,18.4,70.9,1.3,3,42,,0,0,0
2035,10,10,20,18.2,71.6,1.5,3,45,,0,0,0
2035,10,10,21,18.1,71.9,1.2,3,31,,0,0,0
2035,10,10,22,17.8,71.7,1.3,2.7,56,,0,0,0
2035,10,10,23,16.9,75.2,1.5,3.1,42,,0,0,0
2035,10,11,0,16.7,69.3,1.5,3.3,45,,0,0,0
2035,10,11,1,16.6,70.5,0.9,2,69,,0,0,0
2035,10,11,2,16.7,75.4,1.2,2.9,45,,0,0,0
2035,10,11,3,16.7,74.5,0.7,2.3,51,,0,0,0
2035,10,11,4,16.7,81.1,0.9,2.1,63,,0,0,0
2035,10,11,5,16.8,81,1.3,2.3,35,,2,0,0
2035,10,11,6,17.1,77.3,1.4,3.1,23,,3,0,0
2035,10,11,7,17.4,74.8,0.9,2.2,27,,25,25,0
2035,10,11,8,17.6,74.1,0.4,1.8,360,,28,28,0
2035,10,11,9,18,71.7,0.7,2,180,,112,112,0
2035,10,11,10,18,74.9,1.1,2.5,207,,168,166,4
2035,10,11,11,19.5,62.3,1.1,3.2,261,,454,264,335
2035,10,11,12,20.2,62.6,1.5,3.6,209,,487,236,422
2035,10,11,13,20.5,62.4,1.6,3.2,201,,555,153,703
2035,10,11,14,21.2,60.5,1.3,2.8,191,,450,134,625
2035,10,11,15,22.1,53.9,1.3,3.2,202,,322,128,487
2035,10,11,16,21.4,54.1,0.8,2.2,180,,166,100,256
2035,10,11,17,20.9,56.9,0.4,1.5,333,,24,24,0
2035,10,11,18,19.6,63.2,1.4,2.5,29,,3,0,0
2035,10,11,19,19.2,67,1.3,3.1,18,,0,0,0
2035,10,11,20,19.1,64.6,1.5,2.5,39,,0,0,0
2035,10,11,21,19.2,63.7,1.3,2.5,42,,0,0,0
2035,10,11,22,18.9,63.7,1.3,3.3,29,,0,0,0
2035,10,11,23,18.2,63.6,1.6,4.1,20,,0,0,0
2035,10,12,0,17.8,58.6,1.9,3.8,28,,0,0,0
2035,10,12,1,17.9,55.3,1.6,3.3,34,,0,0,0
2035,10,12,2,17.4,60.8,1.9,3.1,22,,0,0,0
2035,10,12,3,16.5,66.7,2,3.4,18,,0,0,0
2035,10,12,4,16.4,65,1.9,3.1,25,,0,0,0
2035,10,12,5,16.5,62.2,1.8,3.3,29,,2,0,0
2035,10,12,6,16.1,66,1.7,3.5,30,,6,0,0
2035,10,12,7,16.6,63.9,1.3,2.5,29,,83,65,223
2035,10,12,8,17.6,61.6,0.6,2.4,180,,226,106,498
2035,10,12,9,18.5,62.2,1.1,2.5,243,,274,164,287
2035,10,12,10,19.3,58.4,1.1,2.3,186,,398,186,429
2035,10,12,11,20.2,56,1.5,2.9,189,,560,149,731
2035,10,12,12,21,55.4,1.4,2.8,209,,563,113,765
2035,10,12,13,21.9,53.4,1.3,2.8,209,,526,125,707
2035,10,12,14,22.9,45.2,1.3,2.4,200,,468,142,652
2035,10,12,15,22.6,43,0.9,2.3,173,,272,161,281
2035,10,12,16,23.2,42.2,0.6,1.5,171,,164,95,275
2035,10,12,17,22.5,47.3,0.4,1.8,135,,32,31,13
2035,10,12,18,20.5,55.9,1.4,4.2,39,,2,0,0
2035,10,12,19,19.3,61.1,2.1,4,20,,0,0,0
2035,10,12,20,18.8,62.5,2.3,4.7,18,,0,0,0
2035,10,12,21,18.4,62.8,2,3.7,28,,0,0,0
2035,10,12,22,17.8,65.1,2,3.5,28,,0,0,0
2035,10,12,23,18,62.3,2,3.3,28,,0,0,0
2035,10,13,0,16.8,67,1.8,3.4,28,,0,0,0
2035,10,13,1,16.6,65.6,1.6,3.2,30,,0,0,0
2035,10,13,2,16.4,65,1.7,3,31,,0,0,0
2035,10,13,3,16.2,64.4,1.8,3.4,34,,0,0,0
2035,10,13,4,15.7,68.8,1.8,2.9,31,,0,0,0
2035,10,13,5,15.6,68,1.9,3.5,25,,2,0,0
2035,10,13,6,15.1,70.7,1.9,3.1,25,,4,0,0
2035,10,13,7,15.8,70.3,1.6,3.2,27,,61,39,299
2035,10,13,8,16.9,70.6,0.7,2.1,146,,213,73,593
2035,10,13,9,17.7,70.5,1.2,2.6,180,,360,88,723
2035,10,13,10,18.5,65.2,1.1,2.8,202,,471,75,812
2035,10,13,11,19.5,59.5,1.3,2.7,189,,535,96,788
2035,10,13,12,20.7,52.6,1.4,3.5,171,,559,106,777
2035,10,13,13,21.6,45,1.5,2.8,192,,533,104,763
2035,10,13,14,22.5,43.7,1.2,2.6,180,,445,130,636
2035,10,13,15,23.4,40.9,1.1,2.7,180,,311,124,481
2035,10,13,16,22.8,44.3,0.8,1.6,164,,157,93,257
2035,10,13,17,21.8,47.5,0.4,1.8,45,,29,29,0
2035,10,13,18,20.8,51,1.3,3.2,49,,3,0,0
2035,10,13,19,19.4,56.9,1.7,3.2,25,,0,0,0
2035,10,13,20,18.5,60.5,1.8,3.2,24,,0,0,0
2035,10,13,21,18.1,61.3,1.9,3.9,25,,0,0,0
2035,10,13,22,17.7,62.5,2.2,4,23,,0,0,0
2035,10,13,23,17.3,64.6,1.8,3.6,22,,0,0,0
2035,10,14,0,16.6,66.5,1.8,3.1,27,,0,0,0
2035,10,14,1,16.3,68.1,1.8,3.5,27,,0,0,0
2035,10,14,2,16,69.4,1.9,4,25,,0,0,0
2035,10,14,3,15.9,70,1.6,3.8,23,,0,0,0
2035,10,14,4,15.4,72.8,1.7,4.3,18,,0,0,0
2035,10,14,5,15.5,72.3,1.9,4,29,,2,0,0
2035,10,14,6,15.4,71.7,1.9,3.7,28,,4,0,0
2035,10,14,7,15.2,71.4,1.5,3.1,34,,59,40,278
2035,10,14,8,16.3,68.5,1.1,2.8,114,,211,74,590
2035,10,14,9,17.5,68.8,1.1,2.4,162,,358,90,719
2035,10,14,10,18.5,66.7,1.2,2.6,169,,471,72,825
2035,10,14,11,19.8,61.4,1.3,3.3,190,,539,84,825
2035,10,14,12,20.3,57.9,1.1,2.7,197,,562,93,811
2035,10,14,13,21.3,52.8,1.3,2.6,190,,537,93,799
2035,10,14,14,22.8,41.5,1,2.5,186,,439,154,582
2035,10,14,15,22.2,41.5,0.8,2.6,225,,251,164,226
2035,10,14,16,22,42.5,1,2.5,234,,129,106,94
2035,10,14,17,21.1,45.3,1.1,2.8,32,,15,15,0
2035,10,14,18,19.5,49,2.2,4.8,23,,3,0,0
2035,10,14,19,18.4,51.2,2,4.3,22,,0,0,0
2035,10,14,20,18.2,47.1,1.9,4,28,,0,0,0
2035,10,14,21,18.5,43.7,1.7,2.9,52,,0,0,0
2035,10,14,22,18.2,48.4,2,3.4,30,,0,0,0
2035,10,14,23,17.6,47.5,0.9,2.5,39,,0,0,0
2035,10,15,0,17.1,54.2,1.2,2.7,45,,0,0,0
2035,10,15,1,17.4,48.6,1,3.1,54,,0,0,0
2035,10,15,2,17,50.9,0.9,3.1,59,,0,0,0
2035,10,15,3,17,50.7,1.8,3.3,38,,0,0,0
2035,10,15,4,16.2,53,0.9,2.8,37,,0,0,0
2035,10,15,5,15.7,55.5,1.1,2.6,53,,3,0,0
2035,10,15,6,15.4,53.8,1.2,3.4,34,,4,0,0
2035,10,15,7,15.1,57.2,0.5,1.8,56,,57,42,231
2035,10,15,8,16.1,54.2,0.7,4.3,129,,202,72,571
2035,10,15,9,17.7,48.8,1.1,2.7,212,,351,59,792
2035,10,15,10,19,48.5,1.1,2.7,207,,468,73,825
2035,10,15,11,20.6,45.5,1.3,2.9,202,,525,100,778
2035,10,15,12,21.9,41.9,1.4,2.7,212,,560,94,816
2035,10,15,13,22.4,41.7,1.2,2.7,200,,512,195,576
2035,10,15,14,22,42.3,0.7,2.3,198,,237,179,121
2035,10,15,15,23.1,35.1,0.8,1.9,189,,373,149,593
2035,10,15,16,22.3,34.9,0.9,1.7,147,,189,73,486
2035,10,15,17,21.8,34,1.2,2.5,118,,26,26,1
2035,10,15,18,21.1,35.6,1.4,7.6,108,,2,0,0
2035,10,15,19,20.5,36.9,1.5,7.9,90,,0,0,0
2035,10,15,20,19.8,40.5,1.4,3,80,,0,0,0
2035,10,15,21,18.8,45.4,1.5,2.8,68,,0,0,0
2035,10,15,22,17.9,50.5,1.6,2.9,61,,0,0,0
2035,10,15,23,16.7,57.3,1.5,2.9,54,,0,0,0
2035,10,16,0,15.7,64,1.5,2.6,47,,0,0,0
2035,10,16,1,14.6,70.2,1.6,3.3,44,,0,0,0
2035,10,16,2,13.8,74.8,1.6,2.9,42,,0,0,0
2035,10,16,3,13.2,79.1,1.5,2.1,55,,0,0,0
2035,10,16,4,12.7,81.8,1.5,3.3,61,,0,0,0
2035,10,16,5,12.7,81.7,1.3,3.9,95,,0,0,0
2035,10,16,6,12.7,81.5,1.3,2.6,115,,16,16,0
2035,10,16,7,13.2,80.5,1.1,1.8,182,,93,80,64
2035,10,16,8,13.9,79.5,1,3.4,187,,244,141,291
2035,10,16,9,14.5,76.8,1.4,3.5,184,,388,162,487
2035,10,16,10,15.2,72.2,1.2,3,207,,502,125,699
2035,10,16,11,15.9,68.7,1.6,4.7,222,,534,129,711
2035,10,16,12,16.3,65.5,1.6,4.4,220,,513,128,698
2035,10,16,13,16.9,64.6,1.4,4.1,225,,442,119,659
2035,10,16,14,17.3,60.8,1.7,6.3,270,,323,113,541
2035,10,16,15,17.6,60.1,1.5,5.6,234,,192,90,404
2035,10,16,16,17.5,61.7,0.7,2.5,219,,53,35,195
2035,10,16,17,16.6,62.1,1.5,3.8,266,,1,0,0
2035,10,16,18,16,64.3,2.1,5,281,,0,0,0
2035,10,16,19,15.8,66.1,2.5,6.3,289,,0,0,0
2035,10,16,20,15.2,69.3,2.7,5.9,294,,0,0,0
2035,10,16,21,15.2,69,1.7,4.2,287,,0,0,0
2035,10,16,22,15.4,67.1,2.6,7.9,277,,0,0,0
2035,10,16,23,16,62.1,4.1,9,271,,0,0,0
2035,10,17,0,15.8,62.1,4.6,9.4,276,,0,0,0
2035,10,17,1,15.2,66.4,5,10.7,289,,0,0,0
2035,10,17,2,14.7,71.8,4.7,9.9,283,,0,0,0
2035,10,17,3,14.7,69.5,5.1,9.8,287,,0,0,0
2035,10,17,4,14.6,71.2,5.1,10.2,290,,0,0,0
2035,10,17,5,14.9,67.8,4.6,10,275,,0,0,0
2035,10,17,6,15,64.9,5.5,14.2,275,,9,9,0
2035,10,17,7,15,64.7,6.7,14.6,287,,17,17,0
2035,10,17,8,14.7,65.7,5.1,13.9,287,,36,36,0
2035,10,17,9,14.5,68.8,5.6,13.3,280,,52,52,0
2035,10,17,10,14.3,71.7,5.8,12.7,290,,63,63,0
2035,10,17,11,13.6,78,6.6,13.8,292,,63,63,0
2035,10,17,12,13.8,76.2,6.7,13.7,290,,100,100,0
2035,10,17,13,13.6,80.7,6.1,13.2,295,,45,45,0
2035,10,17,14,13.3,85.8,5.6,11.9,293,,30,30,0
2035,10,17,15,13.7,82.7,5.7,12.6,296,,21,21,0
2035,10,17,16,13.8,83.3,5.7,12.1,293,,6,6,0
2035,10,17,17,13.7,85.8,5.2,9.7,305,,0,0,0
2035,10,17,18,13.6,87.1,5.1,10.3,306,,0,0,0
2035,10,17,19,13.4,87.1,5.2,12.6,304,,0,0,0
2035,10,17,20,12.6,80.9,3.5,8,305,,0,0,0
2035,10,17,21,12.7,77,3.6,9.6,280,,0,0,0
2035,10,17,22,12.4,83.7,3.6,9.1,263,,0,0,0
2035,10,17,23,12.6,79.7,3.3,9.7,265,,0,0,0
2035,10,18,0,13.1,73.1,3.4,9.4,256,,0,0,0
2035,10,18,1,13.1,69.8,3.8,11.5,259,,0,0,0
2035,10,18,2,12.5,69.5,5,11.1,281,,0,0,0
2035,10,18,3,11.7,69.2,5,10.6,280,,0,0,0
2035,10,18,4,11.9,69.1,4.7,12.4,264,,0,0,0
2035,10,18,5,12,69.2,4.9,12.7,263,,0,0,0
2035,10,18,6,12.2,66.3,4.6,13,266,,3,3,0
2035,10,18,7,11.9,69.1,4.7,12.2,253,,14,14,0
2035,10,18,8,10.2,78.1,4.2,9.8,289,,26,26,0
2035,10,18,9,9.6,78.9,2.1,7.1,267,,29,29,0
2035,10,18,10,10.3,77.5,3.5,9,263,,105,105,0
2035,10,18,11,11,69.5,2.8,8.3,237,,187,185,4
2035,10,18,12,11.9,60.4,3.4,9.3,254,,289,245,82
2035,10,18,13,12.7,53.3,3.1,8,247,,365,223,298
2035,10,18,14,12.6,53.2,2.9,6.7,258,,145,141,10
2035,10,18,15,12.3,54.9,4.2,9.6,277,,81,81,0
2035,10,18,16,10.8,64,4.5,9.8,297,,10,10,0
2035,10,18,17,9.5,71.1,2.5,5.5,315,,0,0,0
2035,10,18,18,9.6,69.1,2.3,5,313,,0,0,0
2035,10,18,19,9.5,70.8,2.5,7,309,,0,0,0
2035,10,18,20,9.6,73.7,2.8,8.9,312,,0,0,0
2035,10,18,21,9.8,70.1,3,7.5,297,,0,0,0
2035,10,18,22,9.9,70.8,4.2,9.7,271,,0,0,0
2035,10,18,23,10.1,66.7,3.5,9.1,263,,0,0,0
2035,10,19,0,10,61.4,2.6,7.6,254,,0,0,0
2035,10,19,1,8.6,70.4,1.8,4.8,312,,0,0,0
2035,10,19,2,8.3,72.4,1.8,3.9,354,,0,0,0
2035,10,19,3,8.7,72.2,2.2,6.4,313,,0,0,0
2035,10,19,4,8.7,74.7,3.7,9.2,283,,0,0,0
2035,10,19,5,8.4,79.1,3.4,9.8,281,,1,0,0
2035,10,19,6,8.2,80.1,2.4,7.7,301,,2,0,0
2035,10,19,7,8.3,79.2,3.1,7.6,289,,47,47,0
2035,10,19,8,8.6,75,3.3,8,290,,70,70,0
2035,10,19,9,8.4,68.9,3.1,9.9,330,,198,191,16
2035,10,19,10,8.9,63,2.8,7.7,326,,368,270,188
2035,10,19,11,9.7,57.5,1.5,5.1,249,,448,265,332
2035,10,19,12,9,60.3,1.9,5,295,,104,104,0
2035,10,19,13,8.8,59.3,2,8,306,,155,155,0
2035,10,19,14,9.1,53.2,2,5.5,28,,140,137,8
2035,10,19,15,9.2,50.9,1.6,4.5,22,,107,97,43
2035,10,19,16,8.3,54.5,1.3,4.2,35,,31,29,25
2035,10,19,17,7.4,59.7,1.2,3.1,27,,1,0,0
2035,10,19,18,7,61.7,2.2,3.7,22,,1,0,0
2035,10,19,19,7,62.1,1.6,3.5,14,,0,0,0
2035,10,19,20,6.8,64.7,2.2,7.1,11,,0,0,0
2035,10,19,21,5.7,74.6,2.4,5.4,28,,0,0,0
2035,10,19,22,5.7,73.7,2.4,6.3,33,,0,0,0
2035,10,19,23,5.5,73.9,2,5.2,20,,0,0,0
2035,10,20,0,5.5,74.6,1.3,3.5,32,,0,0,0
2035,10,20,1,5.7,75.3,1.1,2.7,22,,0,0,0
2035,10,20,2,5.5,76.8,0.5,1.8,360,,0,0,0
2035,10,20,3,5.5,77.8,0.6,2.9,18,,0,0,0
2035,10,20,4,5.2,79,0.4,1.6,27,,0,0,0
2035,10,20,5,4.9,80,1.1,2.3,27,,0,0,0
2035,10,20,6,4.9,78.1,1.6,5.9,18,,13,13,0
2035,10,20,7,5.6,74.3,1.1,4.6,360,,87,75,66
2035,10,20,8,7.1,68.5,1.1,5.6,135,,317,120,592
2035,10,20,9,8,62.2,1.2,6.3,45,,437,153,638
2035,10,20,10,8.7,58.5,2.7,7.5,48,,304,245,114
2035,10,20,11,7.6,62,3.6,8.4,40,,189,187,3
2035,10,20,12,8.5,57.3,1.6,7.2,27,,425,275,283
2035,10,20,13,9,57.2,2.3,7.2,73,,218,208,21
2035,10,20,14,8.6,59.1,2.6,7.4,73,,275,155,325
2035,10,20,15,8.6,56,1.6,4.2,70,,140,92,209
2035,10,20,16,8.3,56.9,0.9,2.9,74,,28,27,15
2035,10,20,17,7.5,61.1,1.6,3.8,22,,1,0,0
2035,10,20,18,7.3,62.5,2.2,6,16,,0,0,0
2035,10,20,19,6.7,65.2,2.8,6.4,26,,0,0,0
2035,10,20,20,6.2,66.7,2.9,6.9,27,,0,0,0
2035,10,20,21,6,67.6,3.2,6.8,28,,0,0,0
2035,10,20,22,5.8,68.9,3.8,7.1,18,,0,0,0
2035,10,20,23,6,67.3,3.1,6.4,21,,0,0,0
2035,10,21,0,6.2,67.8,2.7,5.9,24,,0,0,0
2035,10,21,1,6,69.8,2.1,5.5,9,,0,0,0
2035,10,21,2,5.9,71.3,0.7,3,8,,0,0,0
2035,10,21,3,5.4,72.7,1.6,3.7,15,,0,0,0
2035,10,21,4,4.9,74.2,1.4,3.1,8,,0,0,0
2035,10,21,5,4.5,73.8,1.5,3.1,360,,0,0,0
2035,10,21,6,5.2,68.7,0.6,2.5,11,,17,17,0
2035,10,21,7,6,66.6,1.6,6.1,67,,135,53,442
2035,10,21,8,7.2,63,3.1,9.1,50,,296,63,706
2035,10,21,9,8.1,59.4,3.4,9.1,58,,430,68,820
2035,10,21,10,8.8,56.6,3.4,8.9,57,,518,72,866
2035,10,21,11,9.3,54.8,3.6,9.9,55,,562,72,900
2035,10,21,12,9.9,52.8,3.3,9.6,40,,537,72,885
2035,10,21,13,10.3,50.9,3.5,10.5,46,,459,69,839
2035,10,21,14,10,53.5,3.2,8.6,42,,330,67,729
2035,10,21,15,9.3,58.6,2.7,7.8,17,,179,53,563
2035,10,21,16,8.8,59.2,2.8,8.3,24,,37,24,189
2035,10,21,17,8.1,61,3.1,8.6,27,,0,0,0
2035,10,21,18,7.4,64.1,3,6.8,28,,0,0,0
2035,10,21,19,7.1,64.9,3.7,11,35,,0,0,0
2035,10,21,20,6.6,65.3,4.5,12.2,28,,0,0,0
2035,10,21,21,6.1,64.7,5,11.7,34,,0,0,0
2035,10,21,22,5.6,64.2,4.6,10.4,42,,0,0,0
2035,10,21,23,5.2,66.7,5.1,11.9,48,,0,0,0
2035,10,22,0,4.8,67.9,5.3,12.6,49,,0,0,0
2035,10,22,1,4.5,68.5,5.3,12.9,47,,0,0,0
2035,10,22,2,4.3,67.7,5.6,14,49,,0,0,0
2035,10,22,3,4,67.7,5.9,13.9,53,,0,0,0
2035,10,22,4,3.7,66.3,4.9,12.8,48,,0,0,0
2035,10,22,5,3.4,64.9,3.9,10.7,61,,0,0,0
2035,10,22,6,3.4,62.3,3.6,8.5,67,,17,17,0
2035,10,22,7,3.8,59.5,4.6,11.2,52,,117,70,259
2035,10,22,8,4.4,57.3,2.8,9.9,62,,274,88,574
2035,10,22,9,5.7,53.5,1.9,10,62,,398,90,707
2035,10,22,10,6.8,49.4,3.1,10.8,56,,484,108,738
2035,10,22,11,7.7,47.4,3.4,9.3,51,,534,145,724
2035,10,22,12,8.3,46.6,3,7.5,44,,478,175,582
2035,10,22,13,8.7,46.4,2.3,5.9,38,,342,211,287
2035,10,22,14,8.6,46.5,2.5,10.1,42,,226,167,165
2035,10,22,15,8.2,47.1,2.9,8.7,40,,157,84,335
2035,10,22,16,7.4,49,3.5,8.8,46,,33,24,134
2035,10,22,17,6.7,49.8,3.8,10.4,53,,0,0,0
2035,10,22,18,6.1,51.6,4.1,10.8,48,,1,0,0
2035,10,22,19,5.6,53.4,3.9,9.4,38,,0,0,0
2035,10,22,20,5.6,52.6,3.7,8.1,44,,0,0,0
2035,10,22,21,5.6,51,3.4,7.8,45,,0,0,0
2035,10,22,22,5.4,51.6,2.8,7.9,45,,0,0,0
2035,10,22,23,4.9,53.8,1.9,5.9,51,,0,0,0
2035,10,23,0,4.7,56.2,2.5,6.4,67,,0,0,0
2035,10,23,1,4.2,59.2,2.4,4.6,48,,0,0,0
2035,10,23,2,4.2,59.6,2.6,4.8,32,,0,0,0
2035,10,23,3,4.1,60.5,3.3,5.6,31,,0,0,0
2035,10,23,4,3.9,60.6,3.5,5.7,25,,0,0,0
2035,10,23,5,4.1,59.3,2.6,5,28,,0,0,0
2035,10,23,6,4.1,59.5,1.1,3.9,6,,14,14,0
2035,10,23,7,4.8,59.4,0.7,2.5,351,,120,66,302
2035,10,23,8,6.3,56.5,0.7,3.8,135,,280,77,634
2035,10,23,9,6.8,53.2,1.5,5.2,45,,411,71,787
2035,10,23,10,7.8,50.1,1.2,5.6,79,,495,78,826
2035,10,23,11,8.2,55.4,1.8,4.3,214,,526,82,832
2035,10,23,12,8.6,54.6,1.5,4.1,228,,495,140,688
2035,10,23,13,9.2,55,1.2,3.7,218,,380,193,411
2035,10,23,14,9.6,50.5,0.8,3.6,243,,165,156,27
2035,10,23,15,10,43.2,1.3,5.4,45,,116,94,103
2035,10,23,16,9.6,40.3,0.5,2.3,76,,18,18,0
2035,10,23,17,8.6,42.7,0.9,3.5,21,,0,0,0
2035,10,23,18,7.9,46.9,1.3,4.3,31,,0,0,0
2035,10,23,19,7.6,50.1,0.7,2.6,34,,0,0,0
2035,10,23,20,7.6,49.9,1.2,4.6,49,,0,0,0
2035,10,23,21,7.2,51.1,3.8,9.2,45,,0,0,0
2035,10,23,22,6.9,54.1,4.1,11.7,46,,0,0,0
2035,10,23,23,6.6,56.1,3,8.6,52,,0,0,0
2035,10,24,0,6.2,58.4,0.8,6.2,83,,0,0,0
2035,10,24,1,5.8,60.5,0.4,2.7,297,,0,0,0
2035,10,24,2,5.3,63,1.3,4.5,70,,0,0,0
2035,10,24,3,5,65.5,1.2,4,15,,0,0,0
2035,10,24,4,5,64.9,2.5,4.8,34,,0,0,0
2035,10,24,5,4.7,66,2.9,5.4,38,,0,0,0
2035,10,24,6,4.9,65.5,3.2,5.8,31,,11,11,0
2035,10,24,7,5.4,64.8,2.5,4.6,34,,92,76,92
2035,10,24,8,6.7,63.8,1,3.4,39,,238,125,358
2035,10,24,9,7.7,63.9,1.4,3.1,188,,387,112,646
2035,10,24,10,8.2,66.8,1.7,4,194,,470,97,748
2035,10,24,11,8.8,66,1.6,4.5,215,,505,97,775
2035,10,24,12,9.5,63.3,1.5,3.9,205,,473,118,695
2035,10,24,13,9.8,61.8,1.3,4.4,215,,393,115,621
2035,10,24,14,10.1,60.3,1.1,2.7,212,,269,114,450
2035,10,24,15,10.1,60.5,0.6,2.3,225,,136,70,314
2035,10,24,16,9.8,62.5,0.1,1.2,360,,27,21,121
2035,10,24,17,9,67.1,1.2,2.5,15,,1,0,0
2035,10,24,18,9.1,64.6,1.9,3.1,32,,0,0,0
2035,10,24,19,8.7,65,2.8,5,34,,0,0,0
2035,10,24,20,8.3,66.5,3.4,5.8,23,,0,0,0
2035,10,24,21,7.7,69,2.8,5.1,27,,0,0,0
2035,10,24,22,7.2,70.4,3.3,5.5,29,,0,0,0
2035,10,24,23,7,71.1,3.5,5.7,29,,0,0,0
2035,10,25,0,6.9,71.5,2.9,5.8,24,,0,0,0
2035,10,25,1,6.3,73.4,2.7,4.6,27,,0,0,0
2035,10,25,2,5.5,76.3,2.6,5.4,32,,0,0,0
2035,10,25,3,6.2,73,2.9,5,31,,0,0,0
2035,10,25,4,5.7,75.1,3.1,5.1,32,,0,0,0
2035,10,25,5,5.8,73.3,2.7,4.7,27,,0,0,0
2035,10,25,6,5.7,74.8,3.3,7.2,30,,11,11,0
2035,10,25,7,5.9,75,3.8,6.7,25,,73,60,77
2035,10,25,8,7.3,71.2,2,5,28,,241,96,464
2035,10,25,9,8.4,70.7,1.1,3.4,204,,374,117,610
2035,10,25,10,9,70.7,1.6,4.4,180,,505,125,770
2035,10,25,11,8.9,71.2,1.8,4.5,180,,411,219,368
2035,10,25,12,9,70.6,1.8,4.7,163,,363,261,202
2035,10,25,13,9,70,3,5.5,96,,310,197,256
2035,10,25,14,9,69.4,1.8,4.5,83,,287,138,438
2035,10,25,15,8.6,68.2,2.6,7.7,32,,119,76,206
2035,10,25,16,7.1,72.3,2.6,6.7,59,,19,19,0
2035,10,25,17,6.4,75.1,2.5,6.4,67,,0,0,0
2035,10,25,18,6.4,76.7,2.4,7.9,68,,0,0,0
2035,10,25,19,6.3,77.5,2,5.6,49,,0,0,0
2035,10,25,20,7.1,76.3,1.7,3,28,,0,0,0
2035,10,25,21,7.2,76.3,1.5,4.1,48,,0,0,0
2035,10,25,22,7.1,76.8,2.1,4.3,28,,0,0,0
2035,10,25,23,7.4,76,1.3,2.9,32,,0,0,0
2035,10,26,0,7.8,75.6,1,2.5,45,,0,0,0
2035,10,26,1,7.9,75.9,1.3,3.1,35,,0,0,0
2035,10,26,2,7.9,75.6,1,2.2,37,,0,0,0
2035,10,26,3,8,75.2,0.5,1.4,68,,0,0,0
2035,10,26,4,7.9,74.8,0.6,2,68,,0,0,0
2035,10,26,5,7.8,74.9,0.5,1.2,45,,0,0,0
2035,10,26,6,7.7,75.3,0.3,1.9,63,,4,4,0
2035,10,26,7,7.6,74.7,1.1,3.4,354,,29,29,0
2035,10,26,8,7.8,73.8,1.3,2.7,345,,76,76,0
2035,10,26,9,8.2,72.8,1,2.8,297,,252,183,166
2035,10,26,10,8.9,69.4,1.4,4,228,,398,190,425
2035,10,26,11,9.8,67.6,1.9,5,229,,482,142,656
2035,10,26,12,10.2,67.8,1.7,4.1,218,,456,119,677
2035,10,26,13,10.5,67.7,1.3,3.1,225,,375,123,577
2035,10,26,14,10.7,67.9,1,2.5,207,,258,110,440
2035,10,26,15,10.5,69.5,0.6,1.6,225,,112,82,147
2035,10,26,16,10.1,71.9,0.3,2.1,45,,19,19,0
2035,10,26,17,9.6,73.4,1.5,2.9,37,,0,0,0
2035,10,26,18,9.2,73.6,2.2,3.8,25,,0,0,0
2035,10,26,19,8.8,74.6,2.5,4.5,26,,0,0,0
2035,10,26,20,8.5,74.8,2.2,4.3,32,,0,0,0
2035,10,26,21,8.1,76.7,2,3.4,15,,0,0,0
2035,10,26,22,8.7,76.6,1,2.6,347,,0,0,0
2035,10,26,23,9.2,78.2,0.9,2.1,36,,0,0,0
2035,10,27,0,9.2,78.6,1.8,3.9,34,,0,0,0
2035,10,27,1,9.1,75.4,2,4.3,27,,0,0,0
2035,10,27,2,9,75.3,2,4,30,,0,0,0
2035,10,27,3,8.8,75.8,2,3.7,30,,0,0,0
2035,10,27,4,8.7,75.1,1.1,2.3,49,,0,0,0
2035,10,27,5,8.9,74.1,1.6,3.5,30,,0,0,0
2035,10,27,6,8.9,73.5,1.4,3.3,39,,5,5,0
2035,10,27,7,9.1,76.1,1.1,2.4,73,,44,44,0
2035,10,27,8,9.3,78.5,0.6,1.9,135,,88,88,0
2035,10,27,9,9.6,77.7,0.8,2.3,166,,146,145,4
2035,10,27,10,10.1,76,0.8,4,225,,254,217,77
2035,10,27,11,10.4,74.8,0.8,2.8,214,,163,163,1
2035,10,27,12,10.5,75.5,0.6,2,191,,141,141,0
2035,10,27,13,10.4,77.5,1.2,2.7,256,,107,107,0
2035,10,27,14,10.5,77.7,0.8,2.6,248,,167,143,74
2035,10,27,15,11.1,75,0.6,1.9,207,,76,74,11
2035,10,27,16,10.6,76.5,0.5,1.8,90,,8,8,0
2035,10,27,17,10.3,79.4,0.9,2.1,84,,0,0,0
2035,10,27,18,10.3,79.6,0.7,1.4,27,,0,0,0
2035,10,27,19,10.4,80.2,0.7,1.6,51,,0,0,0
2035,10,27,20,10.1,81.4,1.1,2.3,17,,0,0,0
2035,10,27,21,10.2,81.8,0.6,1.4,68,,0,0,0
2035,10,27,22,10,82.9,1.3,3.1,113,,0,0,0
2035,10,27,23,9.6,83.4,1,2.8,96,,0,0,0
2035,10,28,0,9.5,82.3,1,1.9,84,,0,0,0
2035,10,28,1,9.5,82.4,1.1,2,41,,0,0,0
2035,10,28,2,9.6,82,1.3,2,32,,0,0,0
2035,10,28,3,9.8,81.9,1,1.6,49,,0,0,0
2035,10,28,4,9.7,82.4,0.9,1.8,76,,0,0,0
2035,10,28,5,9.8,82.8,1.1,2.3,37,,0,0,0
2035,10,28,6,9.9,82.6,1,2,41,,9,0,0
2035,10,28,7,10.3,80.6,0.6,1.9,22,,47,47,0
2035,10,28,8,10.6,79,0.4,1.6,180,,75,75,0
2035,10,28,9,10.8,75.9,0.7,2.2,207,,150,149,2
2035,10,28,10,11.2,74.7,0.6,2.1,239,,148,148,0
2035,10,28,11,11.8,74.5,1,2.4,216,,277,232,89
2035,10,28,12,12.1,74.7,1.2,2.8,236,,245,233,25
2035,10,28,13,12.4,73.6,1.1,2.7,214,,191,187,8
2035,10,28,14,12.6,72.3,0.9,3,220,,154,140,45
2035,10,28,15,12.5,74.3,0.7,1.8,225,,66,66,0
2035,10,28,16,12.1,76,0.4,1.4,315,,6,6,0
2035,10,28,17,12,76,0.5,1.3,45,,0,0,0
2035,10,28,18,12,76.2,0.2,1.2,360,,0,0,0
2035,10,28,19,11.8,78.7,0.8,1.7,30,,0,0,0
2035,10,28,20,11.5,81.1,0.9,1.9,353,,0,0,0
2035,10,28,21,11.5,84,0.5,1.2,11,,0,0,0
2035,10,28,22,11.5,84.2,0.6,1.4,45,,0,0,0
2035,10,28,23,11.5,84.4,0.9,1.5,60,,0,0,0
2035,10,29,0,11.4,85.1,0.9,1.7,45,,0,0,0
2035,10,29,1,11.2,83.6,1.5,3.6,34,,0,0,0
2035,10,29,2,10.7,84.2,1,3.7,32,,0,0,0
2035,10,29,3,10.4,80.9,1.7,3.8,38,,0,0,0
2035,10,29,4,10.1,79.8,2.1,4.3,31,,0,0,0
2035,10,29,5,9.8,78.9,2.9,5.5,29,,0,0,0
2035,10,29,6,9.4,78.9,2.9,6.3,25,,5,0,0
2035,10,29,7,9.8,78.5,1.5,4.3,56,,44,44,0
2035,10,29,8,10.6,78.7,1,2.6,60,,156,126,101
2035,10,29,9,11.5,77.9,1.6,3.6,113,,278,169,272
2035,10,29,10,11.8,77.8,1.3,3,165,,303,219,177
2035,10,29,11,12.4,74.7,1.3,3.4,219,,435,203,461
2035,10,29,12,12.6,73.1,1.8,3.6,232,,497,124,770
2035,10,29,13,12.9,71.4,1.8,4.1,246,,347,148,472
2035,10,29,14,13,71,1.5,3.7,208,,238,104,416
2035,10,29,15,12.6,71.7,1.4,2.9,153,,104,75,156
2035,10,29,16,12,75,1.6,3.4,112,,14,14,0
2035,10,29,17,10.9,77.9,2.7,6.2,28,,0,0,0
2035,10,29,18,9.7,76.3,2.7,5.5,39,,0,0,0
2035,10,29,19,8.7,76.8,2.4,5.4,33,,0,0,0
2035,10,29,20,8.6,76.7,2.9,5.9,28,,0,0,0
2035,10,29,21,9,76.9,1.4,3.4,333,,0,0,0
2035,10,29,22,9,79.2,0.5,1.6,243,,0,0,0
2035,10,29,23,9,79.5,0.5,1.8,63,,0,0,0
2035,10,30,0,8.7,81.4,0.7,2.4,82,,0,0,0
2035,10,30,1,8.6,81.5,0.7,2.4,141,,0,0,0
2035,10,30,2,8.6,80.3,0.5,1.5,124,,0,0,0
2035,10,30,3,8.7,78.2,0.6,1.8,252,,0,0,0
2035,10,30,4,8.5,79.4,0.9,2.8,243,,0,0,0
2035,10,30,5,8.2,79.9,0.6,1.6,225,,0,0,0
2035,10,30,6,8,79.6,0.8,2.4,297,,3,0,0
2035,10,30,7,8.3,77.5,0.8,1.9,293,,27,27,0
2035,10,30,8,8.7,75.6,0.6,2.3,270,,68,68,0
2035,10,30,9,9,74.6,1.2,2.9,290,,92,92,0
2035,10,30,10,9.2,74.3,1.5,4.5,291,,152,152,0
2035,10,30,11,9.7,74.4,2,4.5,270,,230,225,9
2035,10,30,12,9.8,74.3,1.5,3.6,247,,228,218,20
2035,10,30,13,9.9,73.2,1.1,3,240,,169,162,16
2035,10,30,14,9.8,75.9,0.7,2.9,270,,54,54,0
2035,10,30,15,9.9,80.2,0.9,5.4,283,,43,43,0
2035,10,30,16,10.2,86.2,2.5,8.9,279,,1,0,0
2035,10,30,17,10,87.9,3.4,7.4,289,,0,0,0
2035,10,30,18,9.9,88.4,2.1,6.2,279,,0,0,0
2035,10,30,19,9.5,88.5,1.2,3,315,,0,0,0
2035,10,30,20,9.5,88.5,0.6,2.2,323,,0,0,0
2035,10,30,21,9.7,89.1,0.5,1.5,27,,0,0,0
2035,10,30,22,9.5,88.6,0.3,1.4,63,,0,0,0
2035,10,30,23,9.3,88.8,1,3.1,104,,0,0,0
2035,10,31,0,9.4,88.2,0.4,2.1,225,,0,0,0
2035,10,31,1,9.1,88.7,0.7,1.5,59,,0,0,0
2035,10,31,2,9,86.5,0.9,1.9,36,,0,0,0
2035,10,31,3,9.2,83.6,1.6,2.8,27,,0,0,0
2035,10,31,4,9.1,86.2,1.9,2.7,25,,0,0,0
2035,10,31,5,9.3,85.8,1.6,2.7,30,,0,0,0
2035,10,31,6,9.2,83.2,1.2,2.6,31,,6,0,0
2035,10,31,7,9.5,80.7,0.8,3,27,,44,44,0
2035,10,31,8,10,79.1,0.9,2.6,277,,130,113,62
2035,10,31,9,10.7,76.8,0.8,3.3,231,,304,164,353
2035,10,31,10,11.6,74.9,1.2,3.6,239,,472,116,768
2035,10,31,11,12.1,73.2,1.6,3.7,210,,526,126,815
2035,10,31,12,12.3,71.3,1.4,3.4,207,,464,103,760
2035,10,31,13,12.4,69.2,1.3,3,203,,383,111,660
2035,10,31,14,12.4,69.3,0.9,2.7,196,,178,137,133
2035,10,31,15,12.1,70.1,0.9,3.3,217,,91,66,140
2035,10,31,16,11.4,71.1,1.6,3.7,91,,9,9,0
2035,10,31,17,11,71.5,2,4,53,,0,0,0
2035,10,31,18,10.9,73,1.8,3.6,54,,0,0,0
2035,10,31,19,10.6,74.4,1.9,3.5,43,,0,0,0
2035,10,31,20,10.3,76,1.8,3.3,53,,0,0,0
2035,10,31,21,10.1,77.7,1.6,3.1,74,,0,0,0
2035,10,31,22,9.9,79.3,1.5,2.9,96,,0,0,0
2035,10,31,23,9.7,81,1.3,2.7,131,,0,0,0
2035,11,1,0,9.5,82.4,1.1,2.5,162,,0,0,0
2035,11,1,1,9.3,83.6,1,2.3,196,,0,0,0
2035,11,1,2,9.2,84.2,0.9,2.2,222,,0,0,0
2035,11,1,3,9.1,84.9,0.8,2.1,250,,0,0,0
2035,11,1,4,9,85.3,0.7,2,265,,0,0,0
2035,11,1,5,9,85.1,0.8,2.1,268,,0,0,0
2035,11,1,6,8.9,84.9,0.9,2.3,270,,4,0,0
2035,11,1,7,9,84.5,1,2.5,265,,24,0,0
2035,11,1,8,9.2,84.4,1,2.6,191,,53,53,0
2035,11,1,9,9.3,83.6,1.1,2.8,246,,87,87,0
2035,11,1,10,9.7,81.3,0.8,2.4,217,,160,159,4
2035,11,1,11,9.9,80.5,1,2.8,225,,168,164,10
2035,11,1,12,10,80.7,1.7,3.9,255,,401,221,373
2035,11,1,13,10.8,75.3,1.8,4.2,217,,389,169,477
2035,11,1,14,11.5,74.1,1.5,4,209,,262,172,229
2035,11,1,15,11.4,74.1,0.8,2.5,214,,116,112,15
2035,11,1,16,11.5,74.8,0.4,1.5,0,,19,19,0
2035,11,1,17,11.3,78.8,0.6,2.8,360,,3,0,0
2035,11,1,18,11.2,80.3,0.5,2.2,76,,3,0,0
2035,11,1,19,10.7,83.1,0.7,2.3,22,,0,0,0
2035,11,1,20,11.4,82,0.8,2.7,27,,0,0,0
2035,11,1,21,11.1,84.3,0.9,2.4,23,,0,0,0
2035,11,1,22,11.4,83.6,0.8,2.6,76,,0,0,0
2035,11,1,23,11.2,84.3,1.2,2.6,13,,0,0,0
2035,11,2,0,11,84.8,0.9,2.2,27,,0,0,0
2035,11,2,1,11.2,83.8,0.9,2.7,360,,0,0,0
2035,11,2,2,10.5,86.6,1,2.4,21,,0,0,0
2035,11,2,3,10.9,84.8,0.9,2.4,23,,0,0,0
2035,11,2,4,11.2,84.4,0.6,1.7,27,,0,0,0
2035,11,2,5,11,84.8,0.4,1.2,360,,0,0,0
2035,11,2,6,11,84.4,0.9,2.9,23,,8,0,0
2035,11,2,7,11.4,82,0.8,2.4,30,,73,0,0
2035,11,2,8,11.9,80,0.3,1.5,153,,168,115,361
2035,11,2,9,12.5,78.1,1.1,2.8,163,,314,150,577
2035,11,2,10,13.7,70.1,1.2,2.8,169,,416,122,753
2035,11,2,11,13.9,69.2,1.1,2.6,174,,409,148,573
2035,11,2,12,15,65.1,1.2,2.7,175,,423,150,571
2035,11,2,13,15.6,60.8,1.1,2.7,174,,378,179,438
2035,11,2,14,16,56.1,1,2.8,262,,251,171,204
2035,11,2,15,15.7,55.8,1,2.9,252,,111,108,9
2035,11,2,16,14.4,60.5,1.1,4.1,34,,23,23,0
2035,11,2,17,12.5,63.7,4.2,9.1,4,,3,0,0
2035,11,2,18,12.2,61.2,3.8,11,3,,3,0,0
2035,11,2,19,12.1,63.5,3.2,7.3,9,,0,0,0
2035,11,2,20,11.7,66.6,2.5,7.6,12,,0,0,0
2035,11,2,21,11.8,66.7,0.9,5.1,9,,0,0,0
2035,11,2,22,11.1,69.7,2.4,6.2,24,,0,0,0
2035,11,2,23,10.7,65,2.6,6.4,28,,0,0,0
2035,11,3,0,10.4,65.7,2.7,7.1,29,,0,0,0
2035,11,3,1,10.2,67.5,3,8.1,33,,0,0,0
2035,11,3,2,9.8,67.7,3.8,9.7,38,,0,0,0
2035,11,3,3,9.4,68.8,3.4,9.1,39,,0,0,0
2035,11,3,4,8.9,68.8,3,8.8,32,,0,0,0
2035,11,3,5,8.7,68.2,3.2,7.9,27,,0,0,0
2035,11,3,6,8.8,66.3,3.1,9.1,35,,7,0,0
2035,11,3,7,9.1,62.6,2.9,7.9,31,,56,0,0
2035,11,3,8,9.4,59.1,3.4,8.2,36,,133,78,381
2035,11,3,9,10.2,55.9,3.3,9.3,32,,347,84,618
2035,11,3,10,11.9,52.3,2.9,7.4,34,,441,186,662
2035,11,3,11,12.1,53.6,2.2,6.7,30,,366,205,360
2035,11,3,12,12.3,55.3,1.6,4.6,214,,331,224,224
2035,11,3,13,13.1,50.8,1.8,5,41,,408,175,518
2035,11,3,14,13.3,50.8,2.3,5.9,43,,263,165,257
2035,11,3,15,12.3,54,2.3,6,19,,116,111,20
2035,11,3,16,11.4,56.4,2.3,5.1,22,,19,19,0
2035,11,3,17,10.3,58.4,2.7,6.5,23,,4,0,0
2035,11,3,18,10,59.9,2.2,5.7,23,,0,0,0
2035,11,3,19,9.6,62.5,2.3,5.6,16,,0,0,0
2035,11,3,20,8.9,66,2,4,18,,0,0,0
2035,11,3,21,8.3,69.5,2,4.8,21,,0,0,0
2035,11,3,22,7.9,72.5,1.9,4.1,25,,0,0,0
2035,11,3,23,7.6,76.1,2,3.9,28,,0,0,0
2035,11,4,0,7.4,78.4,2,3.9,27,,0,0,0
2035,11,4,1,7.1,81.2,2,3,41,,0,0,0
2035,11,4,2,6.9,82.3,1.3,3.1,45,,0,0,0
2035,11,4,3,6.7,80.2,1.6,2.8,27,,0,0,0
2035,11,4,4,6.2,82.1,1.9,3.8,22,,0,0,0
2035,11,4,5,6.1,83.6,1.9,3.5,22,,0,0,0
2035,11,4,6,6.7,84.9,1.9,3.2,18,,7,0,0
2035,11,4,7,7.4,84.4,1.5,3.2,21,,85,0,0
2035,11,4,8,8,81.2,0.7,2.5,153,,227,63,253
2035,11,4,9,8.7,78.4,1.1,2.6,180,,318,156,592
2035,11,4,10,9.7,73.6,1.3,3.1,165,,406,118,759
2035,11,4,11,10.7,66,1.1,2.5,180,,449,121,735
2035,11,4,12,11.5,57.6,0.9,2.9,180,,367,200,356
2035,11,4,13,11.6,57,0.8,2.1,146,,304,210,212
2035,11,4,14,12.4,55.2,0.8,2.7,117,,173,162,31
2035,11,4,15,12.8,55.2,0.6,2.1,108,,76,76,0
2035,11,4,16,13.3,57.3,1.2,3,40,,6,6,0
2035,11,4,17,13.2,60.7,1.1,2.6,23,,3,0,0
2035,11,4,18,13.3,59.3,1.3,3,37,,0,0,0
2035,11,4,19,13.5,62.8,1.1,3.1,337,,0,0,0
2035,11,4,20,12.6,72.6,1.8,3.3,357,,0,0,0
2035,11,4,21,12.5,78.2,1.2,2.9,22,,0,0,0
2035,11,4,22,12,82.9,1.4,2.7,29,,0,0,0
2035,11,4,23,12.5,80.5,1.3,2.5,24,,0,0,0
2035,11,5,0,12.6,79.2,1.1,3.9,328,,0,0,0
2035,11,5,1,12.1,87.1,1.3,2.2,32,,0,0,0
2035,11,5,2,11.8,89.2,1.1,2.9,45,,0,0,0
2035,11,5,3,11,84.7,1.5,5,86,,0,0,0
2035,11,5,4,10.9,87.7,1.2,3.8,49,,0,0,0
2035,11,5,5,11,90.3,0.6,1.8,63,,0,0,0
2035,11,5,6,11,88.8,1.1,3.6,61,,3,0,0
2035,11,5,7,11,88.3,0.9,2.6,34,,8,0,0
2035,11,5,8,11,90,0.8,2.6,56,,13,13,0
2035,11,5,9,11,91.2,0.7,2.4,90,,20,20,0
2035,11,5,10,11.6,91,0.5,1.6,45,,50,50,0
2035,11,5,11,11.7,87,1.8,6.8,107,,76,76,0
2035,11,5,12,12.2,79.6,2.9,7.5,107,,54,54,0
2035,11,5,13,12.1,83.4,3.3,8,107,,49,49,0
2035,11,5,14,12,83.2,3,7.9,100,,24,24,0
2035,11,5,15,12.3,85,2,6.6,42,,6,6,0
2035,11,5,16,12.4,89.8,0.8,2.6,16,,3,3,0
2035,11,5,17,12.1,92.3,1.3,3.2,99,,3,0,0
2035,11,5,18,11.8,92,1.1,3.9,162,,0,0,0
2035,11,5,19,11,89.8,0.8,1.8,74,,0,0,0
2035,11,5,20,10.7,87.6,0.7,1.5,39,,0,0,0
2035,11,5,21,10.6,90.5,0.8,4.6,333,,0,0,0
2035,11,5,22,10.3,89.6,2.4,8.4,285,,0,0,0
2035,11,5,23,9.5,87,2.1,5.8,311,,0,0,0
2035,11,6,0,8.7,85.6,2.5,5.1,342,,0,0,0
2035,11,6,1,7.5,82.4,3.3,6.5,2,,0,0,0
2035,11,6,2,6.9,81.9,3.8,8.3,8,,0,0,0
2035,11,6,3,6.2,82.5,3.9,7.5,5,,0,0,0
2035,11,6,4,5.7,84.8,3.1,6.5,8,,0,0,0
2035,11,6,5,5.1,86,1.3,5,360,,0,0,0
2035,11,6,6,5.2,85.3,0.9,2.4,22,,4,0,0
2035,11,6,7,5.2,85.1,2.1,4.8,53,,15,0,0
2035,11,6,8,5.3,86,1.5,4.1,105,,24,24,0
2035,11,6,9,5.8,84.7,0.6,2.1,90,,82,82,0
2035,11,6,10,6,82.7,1,2.1,76,,59,59,0
2035,11,6,11,6.1,83.5,0.8,2.6,135,,82,82,0
2035,11,6,12,7.1,78.7,1,2.8,98,,327,206,264
2035,11,6,13,7.8,73.1,0.6,2.4,194,,212,175,83
2035,11,6,14,6.7,79.3,1.6,7.4,256,,45,45,0
2035,11,6,15,6.9,79.2,1,3.3,90,,95,95,0
2035,11,6,16,6.4,79,1.1,4.3,58,,9,9,0
2035,11,6,17,4.5,85.2,2.5,7.1,12,,4,0,0
2035,11,6,18,5.3,83.4,1.7,3.7,24,,0,0,0
2035,11,6,19,5.8,81.2,2.2,7.8,256,,0,0,0
2035,11,6,20,6.3,72.5,2.9,7.6,245,,0,0,0
2035,11,6,21,5.9,67.7,3.3,8,268,,0,0,0
2035,11,6,22,6,68.8,2.7,8.5,246,,0,0,0
2035,11,6,23,5.8,66.5,3,8.7,241,,0,0,0
2035,11,7,0,5.6,66.7,2.7,7.5,230,,0,0,0
2035,11,7,1,5.6,69.8,3.3,7.5,261,,0,0,0
2035,11,7,2,5.4,69.1,3,7.6,264,,0,0,0
2035,11,7,3,5.1,71.9,2.9,7.8,277,,0,0,0
2035,11,7,4,4,81.5,3.1,7.2,299,,0,0,0
2035,11,7,5,3.8,85.2,2,10.4,312,,0,0,0
2035,11,7,6,4.2,84.2,2.1,5.1,329,,4,0,0
2035,11,7,7,3.8,86.8,1.4,6.4,225,,14,0,0
2035,11,7,8,4.6,84.4,1.7,5.7,0,,54,50,31
2035,11,7,9,4.8,79.8,3,8,257,,139,114,96
2035,11,7,10,5.2,73.2,3,8.4,270,,207,184,64
2035,11,7,11,4.9,68.9,1.7,6.2,302,,207,190,39
2035,11,7,12,6.3,65.8,1.9,6.2,241,,309,233,168
2035,11,7,13,6.3,62.5,2,4.9,249,,256,225,69
2035,11,7,14,6.8,55.1,2.8,7.3,250,,225,167,160
2035,11,7,15,6,55.4,2.3,5.6,262,,45,45,0
2035,11,7,16,5.9,62.5,1.5,4.6,253,,11,11,0
2035,11,7,17,5.6,63.6,1.6,3.5,20,,4,0,0
2035,11,7,18,4.9,70.8,1.9,3.9,22,,0,0,0
2035,11,7,19,4.3,76.6,1.9,4,24,,0,0,0
2035,11,7,20,3.7,78.4,1.9,4.2,25,,0,0,0
2035,11,7,21,3.6,76.1,1.8,3.5,24,,0,0,0
2035,11,7,22,3.4,78.7,1.8,3.6,21,,0,0,0
2035,11,7,23,3.1,80.1,1.8,3.7,19,,0,0,0
2035,11,8,0,3.4,78,1.7,3.4,18,,0,0,0
2035,11,8,1,3,81,1.8,4.2,21,,0,0,0
2035,11,8,2,2.5,83.5,1.7,3.6,22,,0,0,0
2035,11,8,3,2.6,82.5,1.7,4.1,22,,0,0,0
2035,11,8,4,2.6,83.1,1.7,3.6,22,,0,0,0
2035,11,8,5,3.3,77.6,1.3,2.7,18,,0,0,0
2035,11,8,6,3.3,79.8,0.8,1.9,8,,4,0,0
2035,11,8,7,3.2,77.7,0.6,1.8,31,,13,0,0
2035,11,8,8,3.6,81.1,0.4,1.4,360,,31,31,0
2035,11,8,9,4,80.8,1.2,3.8,229,,63,63,0
2035,11,8,10,4.4,79.4,1.3,3.5,218,,66,66,0
2035,11,8,11,4.6,75.4,1.1,3.2,225,,93,93,0
2035,11,8,12,4.7,75,1.1,2.8,234,,137,137,0
2035,11,8,13,3.9,82.8,1,2.7,56,,29,29,0
2035,11,8,14,4.3,83.3,1.5,3.2,28,,25,25,0
2035,11,8,15,4.8,82.7,1.4,3.7,31,,11,11,0
2035,11,8,16,5.1,77.8,1.7,7.9,246,,4,4,0
2035,11,8,17,5,78.3,1.4,4.4,284,,3,0,0
2035,11,8,18,4.5,74.4,2,3.9,333,,0,0,0
2035,11,8,19,4.3,72.9,2.1,4.5,333,,0,0,0
2035,11,8,20,4.2,70.6,1.8,4.4,320,,0,0,0
2035,11,8,21,3.5,70.1,1.8,3.3,343,,0,0,0
2035,11,8,22,3.5,68.6,1.9,4.4,326,,0,0,0
2035,11,8,23,4,72.2,2.2,5.3,264,,0,0,0
2035,11,9,0,3.3,79.5,2.4,6.1,265,,0,0,0
2035,11,9,1,3.4,78,1.7,4.6,300,,0,0,0
2035,11,9,2,3.1,81.1,1.9,4.5,294,,0,0,0
2035,11,9,3,3.1,81,2.2,5.2,299,,0,0,0
2035,11,9,4,3.1,81.4,1.3,3.4,297,,0,0,0
2035,11,9,5,3.3,78.8,1.7,3.8,281,,0,0,0
2035,11,9,6,3.3,77.9,1.2,3.4,304,,4,0,0
2035,11,9,7,3.9,72,1.6,4.1,266,,28,0,0
2035,11,9,8,4,72.5,2.6,8,263,,81,59,189
2035,11,9,9,3.6,82,3.5,7.2,267,,81,81,0
2035,11,9,10,3.8,85.9,3.5,7,265,,113,113,0
2035,11,9,11,3.7,89.5,3.3,9.1,259,,57,57,0
2035,11,9,12,3.9,90.6,2.7,6.9,249,,29,29,0
2035,11,9,13,4.4,91.3,2.1,5.9,234,,14,14,0
2035,11,9,14,4.6,92.6,2.5,9.2,248,,8,8,0
2035,11,9,15,5.4,92.5,3.6,9.7,274,,8,8,0
2035,11,9,16,5.7,91.4,3.4,8.3,292,,6,6,0
2035,11,9,17,7,83.1,4,11.8,250,,3,0,0
2035,11,9,18,7.6,76,4,11.8,242,,0,0,0
2035,11,9,19,7.1,84.2,4.7,12.5,254,,0,0,0
2035,11,9,20,7.1,81.8,4,10.7,256,,0,0,0
2035,11,9,21,6.8,83.3,4.1,10.7,256,,0,0,0
2035,11,9,22,6.8,82.6,3.9,9.7,257,,0,0,0
2035,11,9,23,7.1,79.9,3.1,8.1,272,,0,0,0
2035,11,10,0,6.8,81.9,4.4,10.8,264,,0,0,0
2035,11,10,1,6.8,82.9,3.7,9.4,263,,0,0,0
2035,11,10,2,6.9,82.2,4.1,9.9,260,,0,0,0
2035,11,10,3,6.1,90.7,3.1,8.4,287,,0,0,0
2035,11,10,4,7.3,81.1,4.3,12.1,251,,0,0,0
2035,11,10,5,7.3,79.4,4.2,10.8,258,,0,0,0
2035,11,10,6,7.6,78.7,4,9.2,262,,3,0,0
2035,11,10,7,7.7,78.9,4.1,10.8,270,,11,0,0
2035,11,10,8,7.4,85,3.6,7.8,270,,33,33,0
2035,11,10,9,7.6,83.7,3.6,9.5,279,,51,51,0
2035,11,10,10,7.5,82.2,4.2,9.2,274,,36,36,0
2035,11,10,11,7.2,84,3.4,7.6,279,,28,28,0
2035,11,10,12,7.4,79.5,3.7,8.2,270,,33,33,0
2035,11,10,13,7.7,77.4,3.7,7.8,270,,30,30,0
2035,11,10,14,8,73.3,4.1,9.5,261,,19,19,0
2035,11,10,15,8.1,73.5,3.9,8.8,251,,11,11,0
2035,11,10,16,8,74.2,2.9,7.6,255,,4,4,0
2035,11,10,17,7.7,78.9,3.7,8.7,263,,4,0,0
2035,11,10,18,7.3,84.8,3.3,8.1,283,,0,0,0
2035,11,10,19,6.9,88.5,2.7,5.8,299,,0,0,0
2035,11,10,20,6.8,89.9,2.3,5.3,307,,0,0,0
2035,11,10,21,7.1,91,2.3,5,289,,0,0,0
2035,11,10,22,7.5,91.3,0.8,3,207,,0,0,0
2035,11,10,23,7.8,89.6,0.6,2.1,45,,0,0,0
2035,11,11,0,8,87.6,1.6,8,283,,0,0,0
2035,11,11,1,8.2,86.7,3.5,9.4,259,,0,0,0
2035,11,11,2,8.1,88.7,3.5,9.4,270,,0,0,0
2035,11,11,3,8.4,85.1,4.1,10.4,256,,0,0,0
2035,11,11,4,6.8,85.3,2.7,9.8,331,,0,0,0
2035,11,11,5,6.8,83.7,1.4,3.4,349,,0,0,0
2035,11,11,6,7,82.1,1.8,5.5,345,,4,0,0
2035,11,11,7,6.8,79.2,1.3,2.7,48,,21,0,0
2035,11,11,8,5.6,81.8,3.5,9.8,305,,14,14,0
2035,11,11,9,4.7,86.9,1.6,4.1,335,,59,59,0
2035,11,11,10,6,80.1,1.5,3.5,319,,180,153,79
2035,11,11,11,6.2,82.6,1,2.5,254,,261,188,177
2035,11,11,12,7.4,74.1,1.7,3.4,214,,463,191,623
2035,11,11,13,7,71.7,1.7,6.7,356,,134,134,0
2035,11,11,14,7.2,68.1,1.9,4.8,273,,63,63,0
2035,11,11,15,7,67.1,1.5,3.2,350,,14,14,0
2035,11,11,16,6.7,71.2,1.1,2.4,6,,4,4,0
2035,11,11,17,6.1,76.4,2.1,4.5,357,,4,0,0
2035,11,11,18,6.1,73.7,1.1,3.2,360,,0,0,0
2035,11,11,19,5.8,72.1,1.1,2.6,360,,0,0,0
2035,11,11,20,5.6,72.9,1.9,4,6,,0,0,0
2035,11,11,21,5.3,72.4,1.8,4.6,16,,0,0,0
2035,11,11,22,4.8,70.5,0.7,2.6,45,,0,0,0
2035,11,11,23,4.7,67.9,1.8,3.9,7,,0,0,0
2035,11,12,0,4.4,68.3,2.2,4.9,23,,0,0,0
2035,11,12,1,4,72.2,2.8,5.8,19,,0,0,0
2035,11,12,2,3.3,78.6,2.5,4.8,19,,0,0,0
2035,11,12,3,4,73,2.8,5.3,17,,0,0,0
2035,11,12,4,4.2,68.9,2.8,4.6,10,,0,0,0
2035,11,12,5,4.2,68.7,2.1,4.8,11,,0,0,0
2035,11,12,6,4.3,70.2,1.4,2.5,13,,4,0,0
2035,11,12,7,4.2,74.3,1.1,2.4,22,,24,0,0
2035,11,12,8,4.7,74.6,1.1,3,83,,137,41,242
2035,11,12,9,5.6,72.5,1.8,4.3,142,,331,61,637
2035,11,12,10,6.6,66.4,2.3,5.1,149,,455,64,793
2035,11,12,11,6.3,65.7,1.9,4.3,173,,551,150,648
2035,11,12,12,6.6,65.4,1.3,3.9,221,,232,181,119
2035,11,12,13,7.4,59.9,1.2,3.3,180,,338,183,376
2035,11,12,14,7.4,59.8,1.4,3.4,166,,213,156,164
2035,11,12,15,6.7,61.5,0.8,3,180,,60,60,0
2035,11,12,16,6.1,65.6,1.2,3,27,,8,8,0
2035,11,12,17,5.6,69.9,1.9,4,19,,4,0,0
2035,11,12,18,5.4,70.5,1.9,3.8,22,,0,0,0
2035,11,12,19,5.2,70.2,1.8,3.8,31,,0,0,0
2035,11,12,20,4.9,69.7,1.7,4.1,57,,0,0,0
2035,11,12,21,4.8,69.3,1.6,4,70,,0,0,0
2035,11,12,22,5,68,2.1,4.8,78,,0,0,0
2035,11,12,23,5.1,67.7,1.3,3,52,,0,0,0
2035,11,13,0,5.1,68.3,1.2,2.6,34,,0,0,0
2035,11,13,1,5.2,67.4,1.1,2.9,38,,0,0,0
2035,11,13,2,5.3,70.3,1.2,2.4,56,,0,0,0
2035,11,13,3,5.3,69.8,0.9,2.3,60,,0,0,0
2035,11,13,4,5.1,69.5,1.4,3.6,67,,0,0,0
2035,11,13,5,5.1,67,1.3,2.8,72,,0,0,0
2035,11,13,6,5.1,65.5,1.6,4.2,90,,4,0,0
2035,11,13,7,5.3,64.9,1,3,53,,24,0,0
2035,11,13,8,6,64.4,0.9,2.3,23,,110,84,254
2035,11,13,9,6.3,60.1,1,3.3,120,,175,113,266
2035,11,13,10,7,60.8,1.3,3,158,,256,148,320
2035,11,13,11,7.5,62.6,0.9,2.7,180,,225,193,79
2035,11,13,12,7.6,62.6,0.8,2.3,188,,199,185,32
2035,11,13,13,7.5,73.2,0.8,2.5,207,,81,81,0
2035,11,13,14,7.1,79.7,1,4.2,37,,57,57,0
2035,11,13,15,7,75.4,1,3.1,27,,32,32,0
2035,11,13,16,6.9,81,1.7,4.5,14,,6,6,0
2035,11,13,17,6.5,80.2,2.3,5.3,18,,4,0,0
2035,11,13,18,5.8,83,2.6,5.5,18,,0,0,0
2035,11,13,19,5.4,84.1,1.7,4,22,,0,0,0
2035,11,13,20,5.3,83,1.6,3.9,20,,0,0,0
2035,11,13,21,5.3,83.5,2,3.7,15,,0,0,0
2035,11,13,22,5.3,83,1.7,3.8,15,,0,0,0
2035,11,13,23,5,83.9,1.1,3.4,24,,0,0,0
2035,11,14,0,4.8,83.8,0.7,2.4,333,,0,0,0
2035,11,14,1,4.6,84.2,0.8,2.4,360,,0,0,0
2035,11,14,2,4.5,84.2,1.2,4.4,17,,0,0,0
2035,11,14,3,4.7,83.2,0.9,4.1,342,,0,0,0
2035,11,14,4,4.8,82.7,1.6,5.2,343,,0,0,0
2035,11,14,5,4.7,82.7,1.1,4.4,321,,0,0,0
2035,11,14,6,4.5,83.3,1.7,7.1,27,,4,0,0
2035,11,14,7,4.6,81.8,2.7,6.6,21,,17,0,0
2035,11,14,8,4.8,80,2.4,5.9,24,,60,47,135
2035,11,14,9,5.3,76.8,2.2,4.8,17,,86,86,2
2035,11,14,10,5.7,75.3,1.5,4.3,27,,110,110,0
2035,11,14,11,5.5,75.7,2.2,6.2,28,,132,132,0
2035,11,14,12,5.8,75.2,1.4,4.1,18,,153,153,1
2035,11,14,13,6.1,74.8,2,5.5,19,,188,174,33
2035,11,14,14,5.6,76.5,1.8,4.5,22,,123,123,1
2035,11,14,15,5.1,79.2,1.9,4.4,19,,63,63,0
2035,11,14,16,4.9,80,2.2,4.6,17,,8,8,0
2035,11,14,17,4.9,79.4,2.6,6.6,14,,3,0,0
2035,11,14,18,4.4,80.6,2.9,6.3,19,,0,0,0
2035,11,14,19,4.2,80.3,2.6,5.6,13,,0,0,0
2035,11,14,20,4.2,80.2,2.4,4.9,15,,0,0,0
2035,11,14,21,4,80.7,2.3,5.8,16,,0,0,0
2035,11,14,22,4.4,79.6,1.7,4.7,14,,0,0,0
2035,11,14,23,4.7,78.6,1.8,4,10,,0,0,0
2035,11,15,0,4.7,79.7,1,2.4,18,,0,0,0
2035,11,15,1,4.9,79.9,1.1,2.6,17,,0,0,0
2035,11,15,2,5,79.6,1,2.5,27,,0,0,0
2035,11,15,3,5.1,80.3,0.5,1.9,27,,0,0,0
2035,11,15,4,4.9,79.9,0.5,1.6,14,,0,0,0
2035,11,15,5,5.3,77.3,0.7,2.7,18,,0,0,0
2035,11,15,6,5.5,76.6,0.7,2,31,,4,0,0
2035,11,15,7,5.6,74.2,0.7,1.4,56,,19,0,0
2035,11,15,8,5.8,73.9,0.6,1.5,31,,60,32,299
2035,11,15,9,6.1,69.6,0.6,2.3,180,,184,60,546
2035,11,15,10,7.2,65.2,1.4,3.5,198,,424,78,737
2035,11,15,11,7.8,63.8,1.5,3.2,203,,413,102,783
2035,11,15,12,8.3,63.7,1.6,3.5,205,,390,140,595
2035,11,15,13,7.9,66.9,1.3,3.6,197,,264,183,200
2035,11,15,14,8.2,68.1,0.9,2.6,214,,210,156,161
2035,11,15,15,8.3,67.9,0.6,2.2,217,,81,81,0
2035,11,15,16,7.5,72,0.7,1.5,90,,9,9,0
2035,11,15,17,7.4,73.3,1.6,3,11,,3,0,0
2035,11,15,18,7.4,74.4,1.3,2.3,42,,0,0,0
2035,11,15,19,7.3,75.5,1.4,2.6,25,,0,0,0
2035,11,15,20,7,78.8,1.7,3.3,22,,0,0,0
2035,11,15,21,6.4,81.5,1.7,3.3,25,,0,0,0
2035,11,15,22,6.1,82.8,1.7,3.3,28,,0,0,0
2035,11,15,23,5.9,83.5,1.6,2.9,28,,0,0,0
2035,11,16,0,5.5,84.7,1.7,2.8,28,,0,0,0
2035,11,16,1,5.8,85.5,1.8,2.7,16,,0,0,0
2035,11,16,2,5.9,86.5,1.4,2.9,9,,0,0,0
2035,11,16,3,5.7,87.7,0.9,2.1,13,,0,0,0
2035,11,16,4,5.6,87.9,1.3,2,13,,0,0,0
2035,11,16,5,5.7,86.8,0.9,1.6,13,,0,0,0
2035,11,16,6,6.1,87,0.5,1.3,333,,4,0,0
2035,11,16,7,6.3,85.5,0.4,2.1,297,,20,0,0
2035,11,16,8,6.5,83.9,0.7,1.9,248,,101,79,246
2035,11,16,9,7,82.3,0.7,2.5,211,,196,111,378
2035,11,16,10,7.4,81.2,1,2.5,186,,257,114,439
2035,11,16,11,8,79.3,1,2.7,194,,256,181,192
2035,11,16,12,8.8,71.8,1,2.5,225,,267,195,173
2035,11,16,13,9.1,64.8,0.8,2.6,198,,178,155,57
2035,11,16,14,8.8,64.9,0.4,1.6,180,,64,64,0
2035,11,16,15,8.4,74.9,0.3,1,297,,23,23,0
2035,11,16,16,8.5,80,0.2,0.9,315,,5,5,0
2035,11,16,17,8.9,78.6,0.8,2.8,56,,3,0,0
2035,11,16,18,9.3,73.9,0.8,2.8,40,,0,0,0
2035,11,16,19,8.8,80.4,0.5,1.6,63,,0,0,0
2035,11,16,20,8.8,80.6,0.5,1.7,18,,0,0,0
2035,11,16,21,9.2,77.6,0.8,2,34,,0,0,0
2035,11,16,22,9.1,78.6,1.2,3.1,22,,0,0,0
2035,11,16,23,8.9,82.4,1.1,2.1,27,,0,0,0
2035,11,17,0,8.8,84,1.1,2.1,56,,0,0,0
2035,11,17,1,9.1,83.6,0.9,2.1,36,,0,0,0
2035,11,17,2,9.4,82.8,0.7,1.7,53,,0,0,0
2035,11,17,3,9.5,83.5,0.4,1.5,225,,0,0,0
2035,11,17,4,9.5,83.4,0.7,2,45,,0,0,0
2035,11,17,5,9.4,84.8,0.5,2.7,117,,0,0,0
2035,11,17,6,9.1,83.9,0.6,2.6,90,,4,0,0
2035,11,17,7,9.3,82,0.3,1.2,360,,11,0,0
2035,11,17,8,9.4,85.3,0.2,1,360,,29,29,0
2035,11,17,9,9.5,89.8,0.8,1.9,90,,71,71,0
2035,11,17,10,9.8,89,0.9,3.2,157,,168,138,90
2035,11,17,11,10.2,86.5,0.9,2.8,157,,436,207,587
2035,11,17,12,11.3,79,0.9,2.5,211,,295,178,283
2035,11,17,13,12.1,75.1,0.7,2.1,146,,251,184,169
2035,11,17,14,12.5,72.2,0.8,2.5,188,,232,150,251
2035,11,17,15,12.4,73.6,0.9,2.3,153,,65,65,0
2035,11,17,16,12.1,73.8,0.7,2.6,76,,7,7,0
2035,11,17,17,11.7,75.7,0.9,2.4,352,,3,0,0
2035,11,17,18,10.9,79.8,1.1,2.1,343,,0,0,0
2035,11,17,19,11.2,78.8,0.5,2,27,,0,0,0
2035,11,17,20,11.4,78.3,0.9,2.3,21,,0,0,0
2035,11,17,21,11.6,73.8,1.9,4.2,6,,0,0,0
2035,11,17,22,11.4,77,2,5.7,328,,0,0,0
2035,11,17,23,11.2,81.2,2.3,4.1,360,,0,0,0
2035,11,18,0,11.3,82.8,2,5.9,313,,0,0,0
2035,11,18,1,11.2,84.8,2.4,6.7,301,,0,0,0
2035,11,18,2,11.3,82.6,2.7,8.5,299,,0,0,0
2035,11,18,3,11.4,82.5,2.3,7.4,331,,0,0,0
2035,11,18,4,11.8,79.3,2.2,8,295,,0,0,0
2035,11,18,5,11.8,79.1,3.5,8.7,277,,0,0,0
2035,11,18,6,11.5,83.3,4.1,10.5,270,,4,0,0
2035,11,18,7,11.2,87.1,3.7,8.9,272,,6,0,0
2035,11,18,8,11.1,89.6,2.3,10,255,,17,17,0
2035,11,18,9,11,90.4,5.8,12.3,278,,21,21,0
2035,11,18,10,11,91.4,5.8,12.9,272,,23,23,0
2035,11,18,11,11.2,90.6,5.1,11.3,269,,22,22,0
2035,11,18,12,11.4,88.6,2.2,6.9,217,,14,14,0
2035,11,18,13,11.9,83.8,1.7,6.6,247,,26,26,0
2035,11,18,14,11.9,85.2,2.3,8.1,240,,15,15,0
2035,11,18,15,12.1,82,2.3,6.7,211,,7,7,0
2035,11,18,16,12.8,74.3,2.8,9.9,212,,3,3,0
2035,11,18,17,12,83.8,3.3,8.7,265,,3,0,0
2035,11,18,18,11.8,84.5,2.8,7.2,276,,0,0,0
2035,11,18,19,11.9,82.8,3.3,7.6,286,,0,0,0
2035,11,18,20,11.9,82.1,3.1,7.6,279,,0,0,0
2035,11,18,21,12.2,77.4,2.2,5.7,260,,0,0,0
2035,11,18,22,11.4,78,2.3,6.6,129,,0,0,0
2035,11,18,23,11.4,73.5,2.4,7.8,168,,0,0,0
2035,11,19,0,10.5,79.2,2.5,7.2,175,,0,0,0
2035,11,19,1,10,80.9,2.2,6.6,164,,0,0,0
2035,11,19,2,9.9,80.1,2.1,6,153,,0,0,0
2035,11,19,3,9.7,81.6,2.5,6.8,137,,0,0,0
2035,11,19,4,10.2,75.3,2.7,8.6,174,,0,0,0
2035,11,19,5,9.8,79.5,2.1,7.2,191,,0,0,0
2035,11,19,6,8.5,81.2,3,10.8,215,,4,0,0
2035,11,19,7,7,84.6,3.1,10.7,224,,7,0,0
2035,11,19,8,7.2,77.5,2.7,10.9,200,,14,14,0
2035,11,19,9,7.4,72.6,2.6,8.1,209,,68,68,0
2035,11,19,10,7.9,70,2.8,8.7,219,,145,121,75
2035,11,19,11,8.9,65.2,3.6,11,232,,444,215,598
2035,11,19,12,8.6,66.7,3,9.7,256,,311,185,311
2035,11,19,13,9.6,60.1,3.2,7.4,252,,281,158,318
2035,11,19,14,9.3,62.1,3,7.1,278,,200,149,159
2035,11,19,15,9.1,60.2,2.4,6.4,280,,78,78,0
2035,11,19,16,8.6,61.5,1.1,2.8,360,,7,7,0
2035,11,19,17,7.7,68,2,3.8,24,,4,0,0
2035,11,19,18,7.2,72.5,1.8,3.4,43,,0,0,0
2035,11,19,19,6.8,74.8,1.8,3.5,29,,0,0,0
2035,11,19,20,7,68.9,1,2.6,40,,0,0,0
2035,11,19,21,6.9,70.5,1.7,2.8,25,,0,0,0
2035,11,19,22,6.8,73.9,1.1,2.5,13,,0,0,0
2035,11,19,23,6.7,78.4,1.6,2.8,18,,0,0,0
2035,11,20,0,6.2,79.9,1.9,3.3,6,,0,0,0
2035,11,20,1,6.4,78,1.2,3,13,,0,0,0
2035,11,20,2,6.1,79.4,1.4,3.2,8,,0,0,0
2035,11,20,3,6.6,73.6,1.4,2.9,9,,0,0,0
2035,11,20,4,6.9,68.9,1.7,2.8,22,,0,0,0
2035,11,20,5,6.4,69.8,1.6,3.4,32,,0,0,0
2035,11,20,6,7,62.4,1.5,2.7,11,,4,0,0
2035,11,20,7,7,63.8,1.7,3,14,,30,0,0
2035,11,20,8,8.7,55.8,1.5,3.2,25,,94,36,29
2035,11,20,9,10.6,47.2,0.7,2.7,27,,235,119,561
2035,11,20,10,11.7,45,0.9,3,243,,337,111,725
2035,11,20,11,12.2,45.5,1.4,3.6,287,,390,104,756
2035,11,20,12,13.9,39.6,1.3,3.8,274,,385,124,650
2035,11,20,13,14.8,36.5,1.8,5,261,,302,148,404
2035,11,20,14,15.4,36.8,0.8,2.5,72,,191,149,134
2035,11,20,15,15.5,35.7,0.7,3.7,45,,62,62,0
2035,11,20,16,14.6,37.1,2.3,7,80,,5,5,0
2035,11,20,17,14.3,34.9,4.3,10,97,,3,0,0
2035,11,20,18,14.1,36.2,4.6,11.8,112,,0,0,0
2035,11,20,19,14.3,35.2,4.7,13.6,104,,0,0,0
2035,11,20,20,13.2,45.8,1.6,5.4,94,,0,0,0
2035,11,20,21,12.1,46.1,2.1,3.5,35,,0,0,0
2035,11,20,22,11.6,46.8,2.6,5.1,16,,0,0,0
2035,11,20,23,10.4,54,1.9,4.6,43,,0,0,0
2035,11,21,0,10.2,53.9,2.1,3.8,25,,0,0,0
2035,11,21,1,10.2,53.5,1.2,3.5,45,,0,0,0
2035,11,21,2,11.1,49.8,1.1,2.8,8,,0,0,0
2035,11,21,3,11.1,50.5,0.7,2.6,360,,0,0,0
2035,11,21,4,10.1,55.2,1.3,2.9,14,,0,0,0
2035,11,21,5,10.3,54.4,1,2.8,83,,0,0,0
2035,11,21,6,10.3,57.5,0.9,2.8,45,,3,0,0
2035,11,21,7,10.5,59.3,0.5,1.6,360,,15,0,0
2035,11,21,8,11,58.7,0.5,1.4,117,,54,40,203
2035,11,21,9,10.8,69.1,0.5,1.6,135,,67,67,0
2035,11,21,10,10.8,73,0.7,2.1,153,,82,82,0
2035,11,21,11,10.5,74.4,0.6,2.1,180,,64,64,0
2035,11,21,12,11.1,71.4,0.6,2.3,225,,70,70,0
2035,11,21,13,11.7,69.1,0.4,1.7,225,,103,103,0
2035,11,21,14,13.1,61.5,0.5,1.7,162,,40,40,0
2035,11,21,15,13.9,54,0.5,2.5,360,,15,15,0
2035,11,21,16,14,55.2,1.2,3.4,11,,3,3,0
2035,11,21,17,14,56.3,1.1,3.4,59,,3,0,0
2035,11,21,18,13.5,59.9,1.7,3.3,3,,0,0,0
2035,11,21,19,13.2,61.3,1.3,3.3,14,,0,0,0
2035,11,21,20,12.9,62.9,1.5,3.7,356,,0,0,0
2035,11,21,21,13.5,59.6,1.8,3.5,7,,0,0,0
2035,11,21,22,13.4,60,1.3,3.4,5,,0,0,0
2035,11,21,23,14.2,55.5,0.7,3.5,90,,0,0,0
2035,11,22,0,13.7,58.2,2,3.5,12,,0,0,0
2035,11,22,1,14.7,52.4,1.7,3.8,360,,0,0,0
2035,11,22,2,14.1,57.9,1.4,3.7,360,,0,0,0
2035,11,22,3,14.3,57.7,0.7,2.7,288,,0,0,0
2035,11,22,4,13.8,60.5,0.7,3.7,59,,0,0,0
2035,11,22,5,13.4,63,1.6,4.8,25,,0,0,0
2035,11,22,6,13,62.8,1.1,5.2,9,,3,0,0
2035,11,22,7,12.3,69.1,1.7,6.9,20,,12,0,0
2035,11,22,8,12.3,71.8,1.5,4.2,312,,37,26,172
2035,11,22,9,12.7,72.4,1,2.6,104,,129,85,219
2035,11,22,10,12.3,72.7,0.9,2.4,130,,156,134,71
2035,11,22,11,12.8,70.8,0.9,2.6,207,,213,168,121
2035,11,22,12,12.7,72.8,0.7,2.1,225,,103,103,0
2035,11,22,13,12.6,70.9,1,2.7,141,,85,85,0
2035,11,22,14,12.4,72.6,0.6,1.8,135,,75,75,0
2035,11,22,15,12.4,74.3,0.6,1.7,76,,22,22,0
2035,11,22,16,12.2,72.9,0.5,1.9,90,,4,4,0
2035,11,22,17,11.7,76.7,0.9,2.2,54,,3,0,0
2035,11,22,18,11.4,77.8,1.4,3.2,23,,0,0,0
2035,11,22,19,11.1,79.2,1.2,3,15,,0,0,0
2035,11,22,20,10.6,81.4,0.7,2.5,360,,0,0,0
2035,11,22,21,10.6,80.9,1.3,2.4,29,,0,0,0
2035,11,22,22,10.4,82.2,1.3,2.8,35,,0,0,0
2035,11,22,23,10.2,82.5,1,3.1,29,,0,0,0
2035,11,23,0,10.2,83,1.2,2.9,24,,0,0,0
2035,11,23,1,9.7,86.1,1.3,2.4,42,,0,0,0
2035,11,23,2,9.7,83.8,1.1,2.5,38,,0,0,0
2035,11,23,3,9.8,85.8,1.1,2.4,45,,0,0,0
2035,11,23,4,9.6,86.4,0.9,2.6,50,,0,0,0
2035,11,23,5,9.8,85.4,0.8,2.4,22,,0,0,0
2035,11,23,6,10.2,83.8,0.9,2.1,63,,3,0,0
2035,11,23,7,10.2,86.1,0.7,2.4,39,,8,0,0
2035,11,23,8,10.7,84.4,0.7,1.8,104,,36,30,89
2035,11,23,9,11,82.7,0.4,1.4,135,,98,85,64
2035,11,23,10,11.7,82.8,0.7,2.1,217,,183,127,185
2035,11,23,11,11,86.1,0.8,2,172,,106,106,0
2035,11,23,12,11.2,85.8,1,3.3,212,,214,175,102
2035,11,23,13,11.4,85.3,0.8,2.7,214,,106,106,0
2035,11,23,14,12,82.7,0.5,2.2,207,,102,102,0
2035,11,23,15,12,79.8,0.5,1.7,90,,44,44,0
2035,11,23,16,11.2,83.9,0.5,1.8,360,,5,5,0
2035,11,23,17,11.3,84.8,0.8,2.2,18,,3,0,0
2035,11,23,18,11.3,84.3,0.6,2,45,,0,0,0
2035,11,23,19,10.6,87,0.8,2.2,351,,0,0,0
2035,11,23,20,11,80.6,1.2,3.2,5,,0,0,0
2035,11,23,21,11.2,74.5,0.8,2.8,45,,0,0,0
2035,11,23,22,11.1,75.3,0.9,2.3,50,,0,0,0
2035,11,23,23,11.7,70.6,0.8,2.4,74,,0,0,0
2035,11,24,0,11.2,74.4,0.6,2,360,,0,0,0
2035,11,24,1,11.6,71.5,0.6,2,45,,0,0,0
2035,11,24,2,11.1,74,1,2.5,40,,0,0,0
2035,11,24,3,11.2,72.2,0.9,2.4,56,,0,0,0
2035,11,24,4,10.6,79.7,1.1,3.1,29,,0,0,0
2035,11,24,5,10.8,77,0.8,2,34,,0,0,0
2035,11,24,6,10.4,82.4,0.9,2.4,74,,3,0,0
2035,11,24,7,9.9,85.5,1,2.4,72,,21,0,0
2035,11,24,8,10.5,80.4,1.3,3.2,9,,97,25,38
2035,11,24,9,11.7,71.8,1.1,2.7,90,,211,132,405
2035,11,24,10,11.7,75.3,1.1,3.1,166,,154,129,83
2035,11,24,11,11.6,77.8,0.5,1.7,180,,103,103,0
2035,11,24,12,12.3,74.4,0.5,1.8,135,,144,142,4
2035,11,24,13,12.2,76.2,0.5,1.8,225,,59,59,0
2035,11,24,14,11.6,81.3,0.6,2,90,,34,34,0
2035,11,24,15,11.5,81.1,0.7,2.3,27,,9,9,0
2035,11,24,16,10.9,82.6,1,2.7,45,,3,3,0
2035,11,24,17,11.1,78.5,1.2,2.7,63,,3,0,0
2035,11,24,18,10.9,76.2,1.3,2.9,66,,0,0,0
2035,11,24,19,10.5,84.2,1.1,2.1,13,,0,0,0
2035,11,24,20,10.1,84.2,0.9,2.8,333,,0,0,0
2035,11,24,21,9.8,84.4,0.6,2.3,342,,0,0,0
2035,11,24,22,9.5,85.2,1.1,5.7,68,,0,0,0
2035,11,24,23,9,82.9,1.2,5.9,45,,0,0,0
2035,11,25,0,8.5,80.7,1.3,6.7,34,,0,0,0
2035,11,25,1,7.6,81.7,1,3,304,,0,0,0
2035,11,25,2,7.4,83.1,0.7,2.7,360,,0,0,0
2035,11,25,3,7.3,84.5,0.5,2.2,27,,0,0,0
2035,11,25,4,7.6,83.7,1.1,4.1,24,,0,0,0
2035,11,25,5,7.6,83.1,1.9,5,357,,0,0,0
2035,11,25,6,7.6,83.2,2,5,16,,3,0,0
2035,11,25,7,8.1,81.2,1,3.1,281,,6,0,0
2035,11,25,8,8.1,81.3,1.1,4.5,212,,28,24,77
2035,11,25,9,8.1,81.5,1.1,3.4,307,,77,73,20
2035,11,25,10,8.8,77.4,0.7,2.2,171,,63,63,0
2035,11,25,11,8.8,78.3,0.4,1.4,180,,45,45,0
2035,11,25,12,8.8,80.6,0.6,1.5,194,,54,54,0
2035,11,25,13,9.1,79.1,0.4,1.6,252,,50,50,0
2035,11,25,14,9.4,78.9,0.6,2,259,,22,22,0
2035,11,25,15,9.2,80.6,0.5,1.7,135,,13,13,0
2035,11,25,16,9.3,80.4,0.6,2.6,22,,8,8,0
2035,11,25,17,9.1,80.6,0.8,3.2,8,,3,0,0
2035,11,25,18,9,81.3,1.1,3.1,17,,0,0,0
2035,11,25,19,9.1,81.9,1.2,3.5,20,,0,0,0
2035,11,25,20,8.9,81.9,0.8,2,30,,0,0,0
2035,11,25,21,9,79.6,0.9,2.4,36,,0,0,0
2035,11,25,22,9,80.7,1.1,2.6,29,,0,0,0
2035,11,25,23,8.7,81.8,1.6,4.4,65,,0,0,0
2035,11,26,0,8.7,80.6,1,2.8,27,,0,0,0
2035,11,26,1,8.6,82.9,1.1,2.3,17,,0,0,0
2035,11,26,2,8.8,81.9,1.1,2.8,22,,0,0,0
2035,11,26,3,8.9,81.7,0.8,2.1,23,,0,0,0
2035,11,26,4,8.7,81.7,1,2.1,32,,0,0,0
2035,11,26,5,8.4,82.3,1.4,3,17,,0,0,0
2035,11,26,6,8,83.9,2.1,4,24,,4,0,0
2035,11,26,7,8.2,81.7,1.9,3.8,19,,8,0,0
2035,11,26,8,8.4,80,1,3.1,14,,22,21,20
2035,11,26,9,8.4,82.7,0.2,0.7,90,,17,17,0
2035,11,26,10,8.5,82.8,0.5,1.3,117,,30,30,0
2035,11,26,11,8.8,80,0.8,2.4,256,,70,70,0
2035,11,26,12,8.7,80.9,1.5,2.7,253,,85,85,0
2035,11,26,13,9,78.9,0.6,2,270,,173,159,40
2035,11,26,14,9.6,76.1,0.8,1.9,164,,140,135,19
2035,11,26,15,9.4,77.1,0.6,2.3,207,,90,80,53
2035,11,26,16,9,79,0.8,2,51,,9,9,0
2035,11,26,17,8.6,81.1,2.2,4.3,19,,3,0,0
2035,11,26,18,8.2,81.6,2,4.7,25,,0,0,0
2035,11,26,19,7.5,84.8,1.6,3.8,40,,0,0,0
2035,11,26,20,7.7,82.7,2,4.3,21,,0,0,0
2035,11,26,21,7.4,83.7,2.3,5.2,18,,0,0,0
2035,11,26,22,7.8,84.3,1.3,2.6,24,,0,0,0
2035,11,26,23,8,83.6,0.7,2.2,18,,0,0,0
2035,11,27,0,8.1,84.2,0.2,1.2,0,,0,0,0
2035,11,27,1,8.2,83.6,0.5,1.7,217,,0,0,0
2035,11,27,2,7.9,85,0.4,1.5,146,,0,0,0
2035,11,27,3,7.7,85.9,0.2,0.9,270,,0,0,0
2035,11,27,4,7.8,84.5,0.8,2.8,90,,0,0,0
2035,11,27,5,7.8,83.1,1,2.3,84,,0,0,0
2035,11,27,6,7.6,83.6,0.7,1.8,39,,4,0,0
2035,11,27,7,7.5,83.1,1.1,3.8,29,,11,0,0
2035,11,27,8,7.4,83.2,2,3.8,21,,39,28,225
2035,11,27,9,7.7,80.8,1.1,3.8,45,,180,64,625
2035,11,27,10,8.2,78.3,1.3,2.7,185,,320,122,685
2035,11,27,11,9,75.2,1.5,3.3,209,,355,101,718
2035,11,27,12,9.2,75.2,1.3,3.2,197,,337,130,547
2035,11,27,13,9.3,75.7,1.3,2.8,195,,292,152,389
2035,11,27,14,8.8,80.1,0.9,2.5,180,,139,127,42
2035,11,27,15,8.4,82.4,0.4,1.3,162,,44,44,0
2035,11,27,16,8.3,78.6,1.9,7.2,8,,6,6,0
2035,11,27,17,8.2,78.2,1.5,4.4,299,,3,0,0
2035,11,27,18,8.2,77.9,1,4,301,,0,0,0
2035,11,27,19,8.3,76.9,1.6,3.5,274,,0,0,0
2035,11,27,20,8.2,75.4,1.4,4.5,294,,0,0,0
2035,11,27,21,8.1,77.7,2.2,8,28,,0,0,0
2035,11,27,22,7.8,78.9,3.5,10.4,39,,0,0,0
2035,11,27,23,7.5,77.4,3.1,8.6,38,,0,0,0
2035,11,28,0,7.2,77.2,3.7,9.2,32,,0,0,0
2035,11,28,1,6.9,76.9,3.7,9,33,,0,0,0
2035,11,28,2,6.8,77,3.5,7.9,36,,0,0,0
2035,11,28,3,6.6,77.4,3.8,9.9,37,,0,0,0
2035,11,28,4,6.2,74.3,4.3,12.3,30,,0,0,0
2035,11,28,5,5.8,69.9,4.5,11.2,31,,0,0,0
2035,11,28,6,5.6,68.6,4.9,12.8,31,,4,0,0
2035,11,28,7,5.5,70.5,5.4,13,32,,13,0,0
2035,11,28,8,5.3,70.7,5.1,12.2,32,,115,18,0
2035,11,28,9,5.5,67.8,5.5,12.8,30,,237,72,417
2035,11,28,10,5.7,65,5.1,15.2,32,,324,146,623
2035,11,28,11,5.8,63.7,4,12.6,36,,326,139,533
2035,11,28,12,6,62.7,4,10.2,44,,218,172,121
2035,11,28,13,6.1,62,3.9,10.3,45,,148,142,17
2035,11,28,14,5.4,63.8,3.8,10.4,44,,64,64,0
2035,11,28,15,4.8,63.5,4.5,11,37,,24,24,0
2035,11,28,16,4.5,61.1,5,11.1,40,,4,4,0
2035,11,28,17,4.1,58.1,5,12.8,37,,4,0,0
2035,11,28,18,3.5,56.8,5.1,13.1,35,,0,0,0
2035,11,28,19,2.9,58.2,5.1,12.8,32,,0,0,0
2035,11,28,20,2.5,58.7,5.1,12.6,36,,0,0,0
2035,11,28,21,2.1,60.8,4.8,12.5,28,,0,0,0
2035,11,28,22,2.2,62.3,2.6,9.5,38,,0,0,0
2035,11,28,23,2,63.3,2.1,6.3,29,,0,0,0
2035,11,29,0,1.7,64.1,2.5,7.3,32,,0,0,0
2035,11,29,1,1.7,64.4,2.5,7.1,36,,0,0,0
2035,11,29,2,1.5,65.4,1.7,5.1,42,,0,0,0
2035,11,29,3,1.3,66.4,2.5,5.9,22,,0,0,0
2035,11,29,4,1.3,66.3,2.1,5.8,24,,0,0,0
2035,11,29,5,1.5,66.4,2.3,5.3,22,,0,0,0
2035,11,29,6,1.8,66.1,1.6,4.4,32,,4,0,0
2035,11,29,7,2,66.1,1.9,5.9,31,,9,0,0
2035,11,29,8,1.9,66.1,1.7,5.8,32,,44,34,214
2035,11,29,9,2.2,65.5,1.3,3.6,20,,96,78,105
2035,11,29,10,3,63.8,1.4,4.2,9,,133,121,40
2035,11,29,11,2.9,66,1.6,4.2,36,,148,146,5
2035,11,29,12,3.2,66.1,1.4,3.4,128,,192,176,40
2035,11,29,13,3.6,65.4,1.8,3.7,156,,152,150,5
2035,11,29,14,3.5,67.8,1.3,3,207,,145,131,50
2035,11,29,15,3.6,68,1.3,3.8,18,,47,47,0
2035,11,29,16,3.3,65.9,2.5,5.9,15,,5,5,0
2035,11,29,17,2.9,64.6,2.3,5.3,16,,4,0,0
2035,11,29,18,2.1,69,2.3,5.1,18,,0,0,0
2035,11,29,19,2,69.1,2.3,5,18,,0,0,0
2035,11,29,20,1.6,69,2.9,5.5,15,,0,0,0
2035,11,29,21,1.8,69.7,2.5,4.9,17,,0,0,0
2035,11,29,22,2.3,70.1,1.9,4.1,19,,0,0,0
2035,11,29,23,2.4,71.8,1,2.7,323,,0,0,0
2035,11,30,0,2.4,75.4,0.3,1.2,243,,0,0,0
2035,11,30,1,2.2,77.7,0.2,0.8,45,,0,0,0
2035,11,30,2,2.3,80.1,0.4,2.7,342,,0,0,0
2035,11,30,3,2.4,80.4,0.8,2.4,45,,0,0,0
2035,11,30,4,2.5,78.6,0.6,2.1,349,,0,0,0
2035,11,30,5,2.5,78,0.8,2.4,51,,0,0,0
2035,11,30,6,2.5,79.1,0.7,2.1,338,,4,0,0
2035,11,30,7,2.9,80.4,0.9,2.2,339,,10,0,0
2035,11,30,8,2.9,82.3,0.7,2.2,329,,54,15,0
2035,11,30,9,3.2,81.1,0.8,2.1,194,,162,72,517
2035,11,30,10,4.3,75.1,1.4,3.3,215,,306,113,696
2035,11,30,11,4.5,73.4,1.6,3.6,231,,355,98,740
2035,11,30,12,4.9,73,1.5,3.7,203,,332,130,545
2035,11,30,13,5,76.3,1.1,2.8,193,,274,136,392
2035,11,30,14,5.5,75.2,0.8,2.4,211,,167,124,145
2035,11,30,15,5.2,77.4,0.6,1.5,217,,53,53,0
2035,11,30,16,4.8,79.4,0.8,2.1,93,,5,5,0
2035,11,30,17,4.6,79.9,1.1,2.4,51,,4,0,0
2035,11,30,18,4.2,80.1,1.4,2.9,43,,0,0,0
2035,11,30,19,3.9,80.3,1.6,3.3,28,,0,0,0
2035,11,30,20,3.8,80.2,1.7,3.5,27,,0,0,0
2035,11,30,21,4,80.1,1.8,3.5,26,,0,0,0
2035,11,30,22,4.1,80,1.8,3.6,25,,0,0,0
2035,11,30,23,4.5,79.8,1.8,3.6,23,,0,0,0
2035,12,1,0,5,79.7,1.8,3.4,21,,0,0,0
2035,12,1,1,5.5,79.5,1.8,3.3,19,,0,0,0
2035,12,1,2,5.8,79.2,1.8,3.2,17,,0,0,0
2035,12,1,3,6.1,79,1.9,3.2,15,,0,0,0
2035,12,1,4,6.3,79.1,1.9,3.1,13,,0,0,0
2035,12,1,5,6.3,78.3,1.9,3.2,37,,0,0,0
2035,12,1,6,6.3,77.6,1.9,3.3,47,,0,0,0
2035,12,1,7,6.5,75.7,1.7,3.2,97,,20,0,0
2035,12,1,8,7,71.5,1.1,3.2,339,,74,13,0
2035,12,1,9,7.8,69.3,0.5,1.5,135,,145,75,405
2035,12,1,10,8.4,61.9,0.9,3.1,291,,178,116,226
2035,12,1,11,8.7,59.3,1.8,4.9,292,,148,126,63
2035,12,1,12,8.8,68.4,1.1,3.5,307,,44,44,0
2035,12,1,13,9,76.1,1.3,4.1,340,,31,31,0
2035,12,1,14,9.1,77.5,1.3,3.8,354,,13,13,0
2035,12,1,15,9.3,81.3,1.1,4.2,124,,4,4,0
2035,12,1,16,9.8,81,0.8,2.9,309,,0,0,0
2035,12,1,17,9.8,81.5,1.1,2.8,307,,0,0,0
2035,12,1,18,9.8,81.7,1.6,4.5,325,,0,0,0
2035,12,1,19,9.8,82.6,1.5,3.8,305,,0,0,0
2035,12,1,20,9.9,85.5,0.9,3.1,249,,0,0,0
2035,12,1,21,9.7,86.2,1.3,3.3,302,,0,0,0
2035,12,1,22,9.8,83.7,1.7,3.5,300,,0,0,0
2035,12,1,23,9.6,81.7,1.6,6.7,293,,0,0,0
2035,12,2,0,9.1,78.7,3.2,6.7,288,,0,0,0
2035,12,2,1,8.6,78.6,2.9,7.4,295,,0,0,0
2035,12,2,2,8.6,73.2,1.6,4.5,295,,0,0,0
2035,12,2,3,8.4,69.7,0.8,2.7,326,,0,0,0
2035,12,2,4,8.6,72.1,1.1,5,241,,0,0,0
2035,12,2,5,8.1,73.8,1.3,3.6,318,,0,0,0
2035,12,2,6,8.1,74.8,1.3,4.4,299,,0,0,0
2035,12,2,7,8.2,72,1.1,3.6,288,,2,0,0
2035,12,2,8,8.4,72.4,1.5,5.1,278,,34,34,0
2035,12,2,9,8.4,71.2,1.5,5.6,286,,40,40,0
2035,12,2,10,8.8,70.5,1.4,7.3,279,,82,82,0
2035,12,2,11,9.2,68.1,1.4,4.9,257,,82,82,0
2035,12,2,12,9.7,70.2,0.7,2.8,243,,123,123,0
2035,12,2,13,9.7,69.5,1.4,4.5,291,,83,83,0
2035,12,2,14,9.8,69.3,1.2,3.8,263,,37,37,0
2035,12,2,15,10,70.8,0.7,2.9,270,,6,6,0
2035,12,2,16,10.4,66.7,1.8,6.8,261,,0,0,0
2035,12,2,17,10.3,66.4,3.9,9.4,268,,0,0,0
2035,12,2,18,10,71.8,5.2,14.5,262,,0,0,0
2035,12,2,19,10,70.9,4.5,11.6,247,,0,0,0
2035,12,2,20,9.5,78.7,4.4,10.7,254,,0,0,0
2035,12,2,21,9.8,73.1,4.5,11.7,253,,0,0,0
2035,12,2,22,9,81.1,5.4,14.2,259,,0,0,0
2035,12,2,23,8.7,81.6,5.8,14.6,260,,0,0,0
2035,12,3,0,8.7,81.3,5.7,11.9,266,,0,0,0
2035,12,3,1,8.8,84.7,6,12.4,277,,0,0,0
2035,12,3,2,9.2,85.7,5.5,15.6,261,,0,0,0
2035,12,3,3,9.8,78.2,5,15.9,250,,0,0,0
2035,12,3,4,9.6,79.3,4.1,14.9,261,,0,0,0
2035,12,3,5,9.2,76.9,4,9.7,271,,0,0,0
2035,12,3,6,7.8,78.2,3.1,9,287,,0,0,0
2035,12,3,7,8.8,72.6,2.6,10.3,234,,0,0,0
2035,12,3,8,9.1,62.7,3.3,11,232,,11,11,0
2035,12,3,9,8.9,70.3,3.9,10.5,261,,4,4,0
2035,12,3,10,8,80.6,4.6,10.9,259,,14,14,0
2035,12,3,11,8.2,81.6,2.5,7.8,261,,25,25,0
2035,12,3,12,8.3,81.2,2.4,6.5,268,,33,33,0
2035,12,3,13,8.6,79.4,2.6,6.5,281,,56,56,0
2035,12,3,14,8.9,68.8,1.5,5.7,242,,58,58,0
2035,12,3,15,8.4,70.3,1.5,5.5,355,,16,16,0
2035,12,3,16,8,71.1,1.6,4,15,,0,0,0
2035,12,3,17,8,72.6,1.7,4.9,324,,0,0,0
2035,12,3,18,7.8,73.6,1.4,4.5,339,,0,0,0
2035,12,3,19,8,71.4,1.7,6.9,318,,0,0,0
2035,12,3,20,7.6,76.4,1.8,6.4,245,,0,0,0
2035,12,3,21,7.2,80.2,2.3,6.6,270,,0,0,0
2035,12,3,22,7.3,80.2,1.5,7.2,258,,0,0,0
2035,12,3,23,6.8,83.3,4.3,10,266,,0,0,0
2035,12,4,0,6.7,84.4,3.2,8.6,285,,0,0,0
2035,12,4,1,7.6,76.8,2.9,9,260,,0,0,0
2035,12,4,2,7.9,71.8,1.3,5.4,260,,0,0,0
2035,12,4,3,7.4,76.7,2.9,7.4,264,,0,0,0
2035,12,4,4,6.8,80.2,2.1,6.1,261,,0,0,0
2035,12,4,5,6.8,82.2,1.6,4.7,328,,0,0,0
2035,12,4,6,7.2,81.6,1.3,2.5,360,,0,0,0
2035,12,4,7,7.4,79.5,1.2,3.5,331,,2,0,0
2035,12,4,8,7.5,78,0.9,2.3,63,,13,13,0
2035,12,4,9,7.9,81.1,1.1,3.5,297,,28,28,0
2035,12,4,10,8.4,75.7,0.9,3.3,277,,76,76,0
2035,12,4,11,8.5,73.1,1.6,4.2,270,,44,44,0
2035,12,4,12,8.3,75.3,2.6,5.9,286,,38,38,0
2035,12,4,13,8.4,74.7,2.2,5.4,281,,26,26,0
2035,12,4,14,8.5,73.7,1.8,4.2,283,,45,45,0
2035,12,4,15,8.7,72.9,1.1,3.3,299,,16,16,0
2035,12,4,16,8.9,72.9,0.9,1.9,330,,0,0,0
2035,12,4,17,8.8,72.2,1.6,3.4,22,,0,0,0
2035,12,4,18,8.6,72.5,1.6,3.3,20,,0,0,0
2035,12,4,19,7.9,74.5,1.6,2.9,25,,0,0,0
2035,12,4,20,7.4,74.4,1.9,4.2,21,,0,0,0
2035,12,4,21,6.7,76.2,2.1,4.5,14,,0,0,0
2035,12,4,22,6.6,74.6,2,4.3,18,,0,0,0
2035,12,4,23,6.4,70.9,1.9,3.2,25,,0,0,0
2035,12,5,0,6.4,75.9,1.7,3.6,11,,0,0,0
2035,12,5,1,6.9,79,1.4,2.7,356,,0,0,0
2035,12,5,2,7.1,81.7,1.2,3,15,,0,0,0
2035,12,5,3,7,78.6,1.4,2.7,20,,0,0,0
2035,12,5,4,6.7,79.1,1.6,2.6,30,,0,0,0
2035,12,5,5,6.3,82.1,1.7,2.7,21,,0,0,0
2035,12,5,6,6.2,81.4,1.7,2.7,30,,0,0,0
2035,12,5,7,6.3,78.3,1.7,5.1,40,,3,0,0
2035,12,5,8,6.5,76.1,1.6,3.4,70,,38,8,0
2035,12,5,9,7.5,77.7,1.3,3.5,138,,207,66,316
2035,12,5,10,8.1,76.5,1.3,3.2,219,,300,152,553
2035,12,5,11,8.4,74.5,1.4,3.1,219,,328,101,678
2035,12,5,12,8.7,73.7,1.3,3.7,225,,320,97,616
2035,12,5,13,9,67,0.8,2.2,188,,262,113,434
2035,12,5,14,9.2,62.3,0.5,2.2,180,,162,111,178
2035,12,5,15,9.4,64.1,0.6,2.3,135,,42,42,0
2035,12,5,16,9.1,65.7,1.1,2.3,10,,0,0,0
2035,12,5,17,8.9,67.8,1,2.9,49,,0,0,0
2035,12,5,18,9,67.3,1.2,2.8,22,,0,0,0
2035,12,5,19,9.6,64.3,1.3,3.2,18,,0,0,0
2035,12,5,20,9.4,67.6,0.8,2.5,59,,0,0,0
2035,12,5,21,9.4,74.3,0.8,2.4,34,,0,0,0
2035,12,5,22,9.5,80,1,4.2,23,,0,0,0
2035,12,5,23,9.5,83.4,0.5,1.9,135,,0,0,0
2035,12,6,0,9.7,82.5,0.6,1.8,14,,0,0,0
2035,12,6,1,9.7,82,0.9,2.2,6,,0,0,0
2035,12,6,2,9.6,83.5,0.9,2.5,344,,0,0,0
2035,12,6,3,9.3,84.2,1.2,2.9,5,,0,0,0
2035,12,6,4,9.6,83.8,1.3,3.2,338,,0,0,0
2035,12,6,5,9.8,83.8,1.1,3.2,355,,0,0,0
2035,12,6,6,10,82.8,1.4,4.2,324,,0,0,0
2035,12,6,7,10.1,81.6,1.1,3.5,315,,3,0,0
2035,12,6,8,10.1,82.5,1.4,3.8,312,,21,21,0
2035,12,6,9,10,83.1,1.9,5.1,295,,29,29,0
2035,12,6,10,10.3,82.9,1.2,3.1,326,,96,94,7
2035,12,6,11,10.6,80.7,1.3,3.4,283,,128,124,13
2035,12,6,12,11.4,76.5,0.6,3.3,135,,199,147,145
2035,12,6,13,11.4,73.9,0.8,3.2,297,,124,121,8
2035,12,6,14,11.2,73.9,1.8,4.6,264,,64,64,0
2035,12,6,15,11.2,72.5,1.6,4,281,,12,12,0
2035,12,6,16,11.1,70.5,1.3,5.3,276,,0,0,0
2035,12,6,17,11.1,71.7,1.1,2.2,347,,0,0,0
2035,12,6,18,10.8,74.9,0.7,3.7,288,,0,0,0
2035,12,6,19,10.5,80.1,1.4,6.6,274,,0,0,0
2035,12,6,20,10.3,82,1.3,4.8,265,,0,0,0
2035,12,6,21,9.8,84.8,2.4,6.7,279,,0,0,0
2035,12,6,22,9.7,84,1.8,4.6,280,,0,0,0
2035,12,6,23,9.5,84.2,2.1,5.6,281,,0,0,0
2035,12,7,0,9.6,84.3,2.4,5.6,279,,0,0,0
2035,12,7,1,9.8,84.8,2.2,5.4,283,,0,0,0
2035,12,7,2,9.9,85.5,2.3,6.3,280,,0,0,0
2035,12,7,3,9.8,86.2,1.6,4.6,284,,0,0,0
2035,12,7,4,10.1,86.2,1.1,3.5,301,,0,0,0
2035,12,7,5,10.2,86.2,0.6,2.3,307,,0,0,0
2035,12,7,6,10.3,86.4,0.7,3.6,124,,0,0,0
2035,12,7,7,10.4,85.6,0.6,2.7,279,,0,0,0
2035,12,7,8,10.7,84.7,1.6,5.8,281,,6,6,0
2035,12,7,9,10.9,86.2,2.5,7.3,272,,12,12,0
2035,12,7,10,10.9,87,3.7,9.6,278,,26,26,0
2035,12,7,11,11,86.4,3.2,7.7,277,,43,43,0
2035,12,7,12,11.2,86.6,2.9,8.1,293,,39,39,0
2035,12,7,13,11.5,83.7,3.6,11.1,290,,16,16,0
2035,12,7,14,11.4,78,1.8,6.5,278,,25,25,0
2035,12,7,15,11.5,75.9,0.6,3.5,256,,5,5,0
2035,12,7,16,10.4,77.4,3.3,11.4,281,,0,0,0
2035,12,7,17,9.6,74.4,1.8,7.2,263,,0,0,0
2035,12,7,18,10.1,66.2,1.4,6.5,243,,0,0,0
2035,12,7,19,10.2,65.5,1.4,7.4,242,,0,0,0
2035,12,7,20,9.4,72.3,1.3,8.3,285,,0,0,0
2035,12,7,21,8,77.9,2.8,11.1,338,,0,0,0
2035,12,7,22,8.3,73.7,1.6,5.8,261,,0,0,0
2035,12,7,23,8,78.2,1.5,7,239,,0,0,0
2035,12,8,0,7.6,77.4,2.5,10.3,251,,0,0,0
2035,12,8,1,7.3,78.9,2.7,7.3,257,,0,0,0
2035,12,8,2,7.2,79.4,2,6.4,279,,0,0,0
2035,12,8,3,7.1,81.6,2.2,6.6,298,,0,0,0
2035,12,8,4,6.7,77.7,2,4.9,297,,0,0,0
2035,12,8,5,6.5,74.3,0.7,1.8,18,,0,0,0
2035,12,8,6,6.1,73.9,1,2.5,41,,0,0,0
2035,12,8,7,6,73.1,1.2,3.1,6,,1,0,0
2035,12,8,8,6.1,74.9,1.7,4.3,357,,17,17,0
2035,12,8,9,6.8,75.8,1,2.8,309,,50,50,0
2035,12,8,10,6.7,77.2,2.3,6.1,249,,197,119,302
2035,12,8,11,7.5,69.5,2.3,6.2,239,,360,165,598
2035,12,8,12,7.6,63.7,2.6,5.8,249,,308,127,509
2035,12,8,13,7.9,60.9,2.9,6.7,252,,194,149,134
2035,12,8,14,7.4,61.1,2.6,6.9,250,,77,77,0
2035,12,8,15,7.1,62.4,2.8,6.4,253,,11,11,0
2035,12,8,16,7,63.9,2.3,5.6,249,,0,0,0
2035,12,8,17,6.8,64.5,2.6,6.5,241,,0,0,0
2035,12,8,18,6.8,70.1,2.9,7.4,258,,0,0,0
2035,12,8,19,6.7,70.2,2.9,6.8,256,,0,0,0
2035,12,8,20,6.4,70.7,3.6,7.8,259,,0,0,0
2035,12,8,21,5.4,83.1,4.2,9.2,266,,0,0,0
2035,12,8,22,5.5,86.2,3.7,8.4,259,,0,0,0
2035,12,8,23,5.9,85.4,3.2,7.3,259,,0,0,0
2035,12,9,0,6.4,87.5,2.2,6,251,,0,0,0
2035,12,9,1,6.7,87.5,0.9,2.6,262,,0,0,0
2035,12,9,2,6.8,86.9,1.1,3.3,45,,0,0,0
2035,12,9,3,7.1,86.6,0.6,2.7,90,,0,0,0
2035,12,9,4,7.1,85.1,0.6,2.8,0,,0,0,0
2035,12,9,5,7.9,84.2,0.9,2.5,27,,0,0,0
2035,12,9,6,8.5,84.2,1.3,5.3,305,,0,0,0
2035,12,9,7,9.5,84.6,1.3,5.8,300,,0,0,0
2035,12,9,8,9.6,79.9,1.3,5.1,90,,7,7,0
2035,12,9,9,8.3,79.8,1.3,5,90,,18,18,0
2035,12,9,10,8.9,79.3,2.7,13.8,275,,11,11,0
2035,12,9,11,8.1,76.3,1.2,7.3,246,,76,76,0
2035,12,9,12,9.3,74.6,1.2,5.7,243,,110,110,0
2035,12,9,13,9.1,71.1,3.2,10.5,241,,20,20,0
2035,12,9,14,8.1,78.9,2.5,10.8,237,,15,15,0
2035,12,9,15,7.7,74.8,2.3,6.7,231,,18,18,0
2035,12,9,16,7.9,67.9,2.5,8,227,,0,0,0
2035,12,9,17,7.8,64.9,2,6.7,215,,0,0,0
2035,12,9,18,8.1,62.7,1.8,9.4,199,,0,0,0
2035,12,9,19,8.2,61.8,2.8,11.7,223,,0,0,0
2035,12,9,20,7.9,64.2,2.7,8.2,227,,0,0,0
2035,12,9,21,7.7,66.5,3.5,12.1,247,,0,0,0
2035,12,9,22,7.1,75.9,4,10.8,261,,0,0,0
2035,12,9,23,6.8,81.7,4.8,10.3,270,,0,0,0
2035,12,10,0,6.6,83.3,4.3,12.5,277,,0,0,0
2035,12,10,1,7,82.1,3.4,10.4,265,,0,0,0
2035,12,10,2,7.4,79,3.6,12.3,248,,0,0,0
2035,12,10,3,7.5,79,4.2,11.5,255,,0,0,0
2035,12,10,4,7.4,79.3,4.4,12,255,,0,0,0
2035,12,10,5,7.2,78.5,4,12.4,246,,0,0,0
2035,12,10,6,7.6,74.3,2.4,8.5,234,,0,0,0
2035,12,10,7,7.4,78.9,3.9,9.4,265,,0,0,0
2035,12,10,8,7.4,78.3,3.9,10.8,252,,9,9,0
2035,12,10,9,7.6,74.5,2.2,7.1,229,,8,8,0
2035,12,10,10,7.1,80.1,3.8,8.8,267,,19,19,0
2035,12,10,11,7.1,81,3.5,7.7,272,,72,72,0
2035,12,10,12,7.9,73.6,3,9.2,244,,66,66,0
2035,12,10,13,7.9,68.8,3,8.2,240,,73,73,0
2035,12,10,14,7.8,68.7,2.5,9.2,238,,13,13,0
2035,12,10,15,7.4,70.8,3.1,8.6,253,,0,0,0
2035,12,10,16,7.3,73.2,2.7,9.4,257,,0,0,0
2035,12,10,17,7.1,76.2,3,9.5,253,,0,0,0
2035,12,10,18,6.8,78,3.2,8.5,265,,0,0,0
2035,12,10,19,7,77.8,2.6,6.6,263,,0,0,0
2035,12,10,20,6.7,79.6,2.2,6.6,265,,0,0,0
2035,12,10,21,6.7,82.2,1,3.6,45,,0,0,0
2035,12,10,22,6.4,82.5,1.9,4.2,298,,0,0,0
2035,12,10,23,6.4,83.2,2.2,4.5,304,,0,0,0
2035,12,11,0,6.3,83.9,1.7,4.6,313,,0,0,0
2035,12,11,1,6.3,82.6,1,4.1,352,,0,0,0
2035,12,11,2,6.5,81.1,1,2.9,18,,0,0,0
2035,12,11,3,6.7,79.2,1.4,3.1,30,,0,0,0
2035,12,11,4,6.7,79,1.8,3.8,19,,0,0,0
2035,12,11,5,6.4,76.5,1.6,3.1,30,,0,0,0
2035,12,11,6,6.5,76.9,1.1,3.2,85,,0,0,0
2035,12,11,7,6.6,81.1,0.6,3.8,149,,0,0,0
2035,12,11,8,6.4,80.1,0.5,1.7,270,,5,5,0
2035,12,11,9,6.4,82.1,0.6,2.6,256,,11,11,0
2035,12,11,10,6.2,79.9,0.8,2.5,270,,28,28,0
2035,12,11,11,6.2,79.4,0.4,1.6,288,,102,102,0
2035,12,11,12,6.7,78.8,0.6,2,243,,104,104,0
2035,12,11,13,7,76.7,0.7,1.9,239,,61,61,0
2035,12,11,14,6.6,78.3,0.4,1.6,180,,33,33,0
2035,12,11,15,6,81,0.9,4,291,,3,3,0
2035,12,11,16,5.9,78.8,0.5,1.4,124,,0,0,0
2035,12,11,17,5.9,78.4,0.6,2.4,360,,0,0,0
2035,12,11,18,5.4,76.9,0.4,1.8,27,,0,0,0
2035,12,11,19,5.3,77.6,0.5,1.8,34,,0,0,0
2035,12,11,20,4.8,78.3,0.9,3.2,360,,0,0,0
2035,12,11,21,4.6,76.7,1.2,5.8,5,,0,0,0
2035,12,11,22,4.5,76.2,1,5.5,16,,0,0,0
2035,12,11,23,4.6,72.4,3,7.4,44,,0,0,0
2035,12,12,0,4.4,73,3.6,9.9,35,,0,0,0
2035,12,12,1,4.5,73.9,3.6,10.3,35,,0,0,0
2035,12,12,2,4.4,74.2,2.6,9.6,18,,0,0,0
2035,12,12,3,4.3,73.8,2.5,8.5,27,,0,0,0
2035,12,12,4,4.4,73.7,2.8,8.2,18,,0,0,0
2035,12,12,5,4.4,73.9,2.8,8,24,,0,0,0
2035,12,12,6,4.6,73.3,3,8.9,37,,0,0,0
2035,12,12,7,4.7,72.3,3,8.2,52,,2,0,0
2035,12,12,8,4.8,72.9,2.5,6.8,48,,29,3,0
2035,12,12,9,5.4,73.2,2.9,8.4,23,,157,108,337
2035,12,12,10,5.9,71.1,2.9,9.4,49,,259,125,535
2035,12,12,11,6.4,70.1,3.2,7.9,42,,318,103,672
2035,12,12,12,6.4,69.1,3.9,12.5,29,,315,90,643
2035,12,12,13,6.6,68.5,3.5,11.3,32,,259,94,492
2035,12,12,14,6.6,66.6,3.7,10.7,38,,159,117,149
2035,12,12,15,6.1,68.8,2.9,9.4,30,,38,38,0
2035,12,12,16,5.7,72.4,2.2,8.4,28,,0,0,0
2035,12,12,17,5.6,71.4,2.9,8.6,33,,0,0,0
2035,12,12,18,5.3,70.9,3.1,9.4,36,,0,0,0
2035,12,12,19,5.2,72.7,3.2,9.8,30,,0,0,0
2035,12,12,20,5,71.9,2.7,7.4,49,,0,0,0
2035,12,12,21,4.9,72.4,2.6,8.3,51,,0,0,0
2035,12,12,22,4.9,72.1,1.9,6.5,75,,0,0,0
2035,12,12,23,4.8,72.6,1.4,5.6,75,,0,0,0
2035,12,13,0,4.9,72.8,0.8,4.3,63,,0,0,0
2035,12,13,1,5,73,0.7,4.3,135,,0,0,0
2035,12,13,2,5.1,73,0.5,4.2,180,,0,0,0
2035,12,13,3,5,73.9,1.2,5.9,83,,0,0,0
2035,12,13,4,4.8,73.9,2.5,9.3,58,,0,0,0
2035,12,13,5,4.7,73.2,1,5.4,90,,0,0,0
2035,12,13,6,4.7,71.4,2.4,7.8,41,,0,0,0
2035,12,13,7,4.6,70.6,2.6,8.1,53,,2,0,0
2035,12,13,8,4.7,69.4,1.9,7.5,77,,33,2,0
2035,12,13,9,5.3,67,1.1,6.5,90,,194,49,337
2035,12,13,10,5.5,65,1.2,7.3,153,,271,137,537
2035,12,13,11,5.5,63.3,2.3,6,146,,291,105,583
2035,12,13,12,6.2,61.3,1.5,3.6,150,,187,144,122
2035,12,13,13,6.3,62.1,1.9,4.5,141,,250,111,414
2035,12,13,14,6.1,64.1,1.8,8,79,,85,85,0
2035,12,13,15,5.6,65.7,2.1,6.2,41,,13,13,0
2035,12,13,16,5.2,65.7,2.4,6.7,38,,0,0,0
2035,12,13,17,5,66.3,2.8,7.2,39,,0,0,0
2035,12,13,18,4.7,66.7,2.9,7.1,38,,0,0,0
2035,12,13,19,4.6,67.1,2.1,6.2,34,,0,0,0
2035,12,13,20,4.4,68.4,2.4,6.3,40,,0,0,0
2035,12,13,21,4.2,69.2,2.5,5.6,47,,0,0,0
2035,12,13,22,4.1,68.2,2.1,6.2,39,,0,0,0
2035,12,13,23,3.8,68.8,0.7,5,11,,0,0,0
2035,12,14,0,3.5,71.2,0.8,2.3,293,,0,0,0
2035,12,14,1,3.5,69.6,1.5,5.5,27,,0,0,0
2035,12,14,2,3.3,68.7,2.5,5.7,50,,0,0,0
2035,12,14,3,3.3,69.6,2.2,6.9,39,,0,0,0
2035,12,14,4,3.2,69.4,1.5,6.3,37,,0,0,0
2035,12,14,5,3.2,69.6,1.8,7.7,50,,0,0,0
2035,12,14,6,3.4,69.6,2.5,8,40,,0,0,0
2035,12,14,7,3.6,69.7,1.9,5.2,54,,4,0,0
2035,12,14,8,3.3,69.4,1.1,5.1,49,,88,0,0
2035,12,14,9,3.6,68.3,1.8,6.9,27,,191,39,404
2035,12,14,10,3.8,66.5,1.5,6.7,48,,287,51,629
2035,12,14,11,3.9,65.4,1.9,6.1,59,,370,56,715
2035,12,14,12,3.8,65.7,1.7,6.1,45,,308,62,712
2035,12,14,13,4.2,64,1,6.5,30,,308,111,590
2035,12,14,14,3.7,64.9,1.3,5.3,355,,154,94,215
2035,12,14,15,2.6,68.2,2.1,7.6,25,,26,26,0
2035,12,14,16,1.9,69.9,2.7,8.2,29,,0,0,0
2035,12,14,17,1.5,70.7,4.1,10.5,41,,0,0,0
2035,12,14,18,1.3,70.8,3.5,10.5,40,,0,0,0
2035,12,14,19,1.1,70.7,3.2,8,49,,0,0,0
2035,12,14,20,0.7,71.1,3.1,8.4,65,,0,0,0
2035,12,14,21,0.5,70.8,2.9,7.9,59,,0,0,0
2035,12,14,22,0.3,70,3.2,8.3,54,,0,0,0
2035,12,14,23,0.3,68.6,2.4,6.2,45,,0,0,0
2035,12,15,0,0.3,66.9,2.1,6.7,59,,0,0,0
2035,12,15,1,0.3,64.6,1.6,6.7,16,,0,0,0
2035,12,15,2,0.1,62.3,2.8,12.6,15,,0,0,0
2035,12,15,3,-0.4,61,2.6,10.3,23,,0,0,0
2035,12,15,4,-0.6,60.3,2.3,8.5,25,,0,0,0
2035,12,15,5,-0.7,60.4,3.4,8.8,43,,0,0,0
2035,12,15,6,-0.7,62.1,3.9,10.4,35,,0,0,0
2035,12,15,7,-0.7,62.4,4,10.2,35,,3,0,0
2035,12,15,8,-0.6,62.7,3.8,9.5,32,,47,0,0
2035,12,15,9,-0.1,62.3,3.5,10,32,,88,44,315
2035,12,15,10,0.4,60.3,3.2,8.5,31,,113,99,55
2035,12,15,11,0.7,58.1,3.2,8.8,33,,156,134,68
2035,12,15,12,1.1,56.3,3.5,8.7,35,,226,143,240
2035,12,15,13,1.4,55.4,3.2,8.7,39,,226,132,280
2035,12,15,14,1.4,56.2,3.2,9.4,35,,133,113,75
2035,12,15,15,0.8,58.7,2.9,9.8,32,,31,31,0
2035,12,15,16,0.2,61.1,3.1,8.4,31,,0,0,0
2035,12,15,17,-0.2,62.7,2.6,7.6,29,,0,0,0
2035,12,15,18,-0.4,64.3,3,7.6,37,,0,0,0
2035,12,15,19,-0.6,64.4,2.7,7,31,,0,0,0
2035,12,15,20,-0.7,64.3,2.8,7.5,30,,0,0,0
2035,12,15,21,-0.3,62.8,3,8.1,41,,0,0,0
2035,12,15,22,-0.3,62.5,2.5,6.1,32,,0,0,0
2035,12,15,23,-0.3,62.5,2.9,7.1,36,,0,0,0
2035,12,16,0,-0.4,62.8,2.7,7,34,,0,0,0
2035,12,16,1,-0.6,64.3,3.1,8.2,29,,0,0,0
2035,12,16,2,-0.8,65.3,3,7.5,28,,0,0,0
2035,12,16,3,-1,65.6,3,7.7,33,,0,0,0
2035,12,16,4,-1,66.2,3.1,7.7,37,,0,0,0
2035,12,16,5,-1.2,66.4,3,7.3,28,,0,0,0
2035,12,16,6,-1.3,65.8,3,7.7,30,,0,0,0
2035,12,16,7,-1.3,65.6,3,7.6,34,,2,0,0
2035,12,16,8,-1.3,65.2,3.2,8,36,,22,0,0
2035,12,16,9,-1,63.3,3,8.6,41,,74,54,147
2035,12,16,10,-0.6,60.5,2.5,6.9,29,,201,68,546
2035,12,16,11,0.3,58.1,2.4,7,38,,301,114,595
2035,12,16,12,0,58.5,2.5,7,24,,210,140,202
2035,12,16,13,0.2,57.5,2.2,6.4,27,,116,115,3
2035,12,16,14,-0.2,58.9,2.2,5.2,34,,65,65,0
2035,12,16,15,-0.5,59.8,2.4,6.7,38,,15,15,0
2035,12,16,16,-0.9,60.7,2.9,6.9,52,,0,0,0
2035,12,16,17,-1.1,61.3,2.7,7.4,56,,0,0,0
2035,12,16,18,-1.6,62.8,3.5,8.2,47,,0,0,0
2035,12,16,19,-1.7,63.2,3.5,8.9,50,,0,0,0
2035,12,16,20,-1.7,63.7,3.4,9,55,,0,0,0
2035,12,16,21,-1.3,63.7,1.7,6.3,66,,0,0,0
2035,12,16,22,-1,63.1,2,6.2,66,,0,0,0
2035,12,16,23,-1.1,63.3,2.4,7.7,73,,0,0,0
2035,12,17,0,-1.2,62.7,3,8.5,63,,0,0,0
2035,12,17,1,-1.2,63.1,3.5,8.7,52,,0,0,0
2035,12,17,2,-1.2,64.2,3.4,10.1,45,,0,0,0
2035,12,17,3,-1.3,64.9,1,8.5,360,,0,0,0
2035,12,17,4,-1.2,66.2,0.4,2.7,304,,0,0,0
2035,12,17,5,-1.4,67.8,1,2.5,307,,0,0,0
2035,12,17,6,-1.4,68.1,0.8,1.8,320,,0,0,0
2035,12,17,7,-1,66.6,0.8,2.5,344,,3,0,0
2035,12,17,8,-0.9,65.3,0.4,2.4,72,,41,0,0
2035,12,17,9,-0.7,62.4,1.2,5.8,77,,84,53,228
2035,12,17,10,-0.2,60.2,2.4,7.3,95,,245,117,527
2035,12,17,11,-0.1,59.4,1.2,4.5,66,,256,119,436
2035,12,17,12,0.4,57.9,1,4.8,69,,164,139,75
2035,12,17,13,0.9,57,1.4,4.3,32,,142,140,8
2035,12,17,14,0.8,57.8,1.9,5.7,35,,104,102,8
2035,12,17,15,0.3,60.8,2,7.7,39,,17,17,0
2035,12,17,16,-0.3,63.5,0.7,3.5,270,,0,0,0
2035,12,17,17,-0.4,63.4,0.7,4.6,360,,0,0,0
2035,12,17,18,-0.6,64.1,1.8,6.8,27,,0,0,0
2035,12,17,19,-1.1,65.9,2.1,6,43,,0,0,0
2035,12,17,20,-1.2,66.1,2.2,5.7,43,,0,0,0
2035,12,17,21,-1.1,67.1,1.9,6.8,43,,0,0,0
2035,12,17,22,-1.2,67.6,0.6,4.8,53,,0,0,0
2035,12,17,23,-1.5,68.8,0.3,2.1,360,,0,0,0
2035,12,18,0,-1.7,70.5,0.7,3.8,63,,0,0,0
2035,12,18,1,-2.1,72.9,1.2,3.5,11,,0,0,0
2035,12,18,2,-1.9,71.2,1.2,4.2,29,,0,0,0
2035,12,18,3,-1.9,71.4,2.4,5.4,7,,0,0,0
2035,12,18,4,-2.2,72,2.6,5.8,11,,0,0,0
2035,12,18,5,-2.4,72.2,1.6,5.3,45,,0,0,0
2035,12,18,6,-2.5,72.8,2.8,8.5,24,,0,0,0
2035,12,18,7,-2.2,72.1,2.4,6.5,28,,2,0,0
2035,12,18,8,-2.3,71.9,1.6,4.9,27,,40,0,0
2035,12,18,9,-1.6,70.5,1.8,3.9,16,,72,52,145
2035,12,18,10,-1,69.3,1.1,2.4,29,,109,96,53
2035,12,18,11,-0.9,69.5,1.4,3.9,61,,115,113,7
2035,12,18,12,-0.5,68.4,2.2,4.4,87,,167,144,67
2035,12,18,13,-0.1,65.3,1,4.4,66,,225,121,312
2035,12,18,14,0.1,65,1.5,3.9,28,,125,110,56
2035,12,18,15,-0.5,67.5,1.4,3.8,30,,19,19,0
2035,12,18,16,-1.3,71.1,2.5,6.3,37,,0,0,0
2035,12,18,17,-1.7,73,2.5,6.5,42,,0,0,0
2035,12,18,18,-1.5,72.3,2,5.4,24,,0,0,0
2035,12,18,19,-1.2,72.1,1.8,5.1,19,,0,0,0
2035,12,18,20,-0.7,73.6,1.8,4.2,13,,0,0,0
2035,12,18,21,-0.5,74.6,1.6,3.7,22,,0,0,0
2035,12,18,22,-0.4,74.5,0.9,2.9,41,,0,0,0
2035,12,18,23,-0.4,74.6,0.9,2.7,54,,0,0,0
2035,12,19,0,-0.3,75.8,1.3,2.7,14,,0,0,0
2035,12,19,1,-0.1,75.2,0.9,2.8,27,,0,0,0
2035,12,19,2,0.2,76.4,0.7,1.9,50,,0,0,0
2035,12,19,3,-0.2,75.9,0.8,2.1,68,,0,0,0
2035,12,19,4,0,75.5,0.4,1.2,108,,0,0,0
2035,12,19,5,0,75.9,0.2,1.2,360,,0,0,0
2035,12,19,6,0,74.4,0.7,2,74,,0,0,0
2035,12,19,7,0.5,75.2,1.4,2.9,78,,0,0,0
2035,12,19,8,0.5,76.6,1.3,2.8,81,,13,0,0
2035,12,19,9,0.7,76,1.4,2.9,86,,40,40,0
2035,12,19,10,0.7,76,1.1,2.8,90,,62,62,0
2035,12,19,11,0.9,75.8,0.7,2.7,101,,117,114,8
2035,12,19,12,1.5,73.2,0.8,2.9,187,,166,138,79
2035,12,19,13,1.8,69,1,3.2,198,,245,109,411
2035,12,19,14,1.8,67.8,1.1,3,197,,135,113,81
2035,12,19,15,1.5,71.5,0.6,1.7,180,,36,36,0
2035,12,19,16,1.3,74.3,1.1,2,41,,0,0,0
2035,12,19,17,1.4,74.9,1.5,3.8,20,,0,0,0
2035,12,19,18,0.9,73.7,1.6,3,22,,0,0,0
2035,12,19,19,0.8,74.2,1.9,4,21,,0,0,0
2035,12,19,20,0.7,74.6,1.9,3.7,18,,0,0,0
2035,12,19,21,0.4,76.1,1.7,3.4,24,,0,0,0
2035,12,19,22,0.1,77.1,1.7,3.4,7,,0,0,0
2035,12,19,23,0.1,77.5,1.8,4.2,19,,0,0,0
2035,12,20,0,0.5,77.1,1.4,3.6,21,,0,0,0
2035,12,20,1,0.8,78.2,1.2,2.5,24,,0,0,0
2035,12,20,2,1,80,0.9,2,21,,0,0,0
2035,12,20,3,0.9,79.8,0.6,1.2,11,,0,0,0
2035,12,20,4,0.9,80.4,0.4,1.2,90,,0,0,0
2035,12,20,5,0.9,80.3,0.7,2.7,225,,0,0,0
2035,12,20,6,0.7,82.2,0.9,3.1,257,,0,0,0
2035,12,20,7,0.8,81.9,0.8,2.4,247,,0,0,0
2035,12,20,8,0.7,82.3,1,2.4,336,,9,0,0
2035,12,20,9,0.9,80,0.6,1.7,9,,36,36,0
2035,12,20,10,1.3,78.5,0.9,2.9,234,,59,59,0
2035,12,20,11,0.9,79.5,0.9,2.4,225,,75,75,0
2035,12,20,12,1.1,80.3,0.6,2.7,90,,79,79,0
2035,12,20,13,1.2,78.6,0.9,2.3,254,,85,85,0
2035,12,20,14,1.4,78.4,0.9,2.2,221,,55,55,0
2035,12,20,15,1.3,78.9,0.6,2.8,180,,12,12,0
2035,12,20,16,1,81.8,0.7,2.8,90,,0,0,0
2035,12,20,17,1,84.3,0.7,3.4,117,,0,0,0
2035,12,20,18,1,85.2,0.5,2.5,124,,0,0,0
2035,12,20,19,1.1,85.3,1.1,2.7,104,,0,0,0
2035,12,20,20,1.1,84.2,0.5,2,108,,0,0,0
2035,12,20,21,0.9,84.7,0.5,2.5,214,,0,0,0
2035,12,20,22,0.4,84.7,1,2.3,257,,0,0,0
2035,12,20,23,0.1,85.3,1.3,2.8,266,,0,0,0
2035,12,21,0,0.2,85.6,0.6,1.5,292,,0,0,0
2035,12,21,1,0.6,85.2,0.8,2.2,180,,0,0,0
2035,12,21,2,0.6,85,0.7,2.3,261,,0,0,0
2035,12,21,3,0.7,85.4,0.5,1.8,315,,0,0,0
2035,12,21,4,0.7,85.4,0.4,2.2,315,,0,0,0
2035,12,21,5,0.7,85.2,0.4,2.2,270,,0,0,0
2035,12,21,6,0.7,85,0.8,2.6,270,,0,0,0
2035,12,21,7,0.8,83.9,0.8,2.5,288,,0,0,0
2035,12,21,8,0.9,83.4,0.5,2.3,270,,7,0,0
2035,12,21,9,0.8,83.1,0.7,2.2,270,,28,28,0
2035,12,21,10,0.9,83.5,0.8,3.1,236,,52,52,0
2035,12,21,11,0.9,82.6,1.1,2.8,264,,58,58,0
2035,12,21,12,0.7,84.6,0.6,3.1,101,,57,57,0
2035,12,21,13,0.7,84,0.6,2.4,117,,52,52,0
2035,12,21,14,1.1,83,0.6,2.4,143,,41,41,0
2035,12,21,15,1.2,82.9,0.6,1.8,194,,8,8,0
2035,12,21,16,1.1,83,0.9,3.4,72,,0,0,0
2035,12,21,17,1.2,84.4,0.8,2.8,117,,0,0,0
2035,12,21,18,1,84.4,1.6,3.5,63,,0,0,0
2035,12,21,19,1,84.5,1,2.4,53,,0,0,0
2035,12,21,20,0.9,84.5,0.8,3,288,,0,0,0
2035,12,21,21,0.3,86.1,1.5,3.6,258,,0,0,0
2035,12,21,22,0.1,87.1,0.6,1.9,301,,0,0,0
2035,12,21,23,0.3,85.8,0.6,2.1,261,,0,0,0
2035,12,22,0,0.4,87.3,0.5,2.1,104,,0,0,0
2035,12,22,1,0.7,86.5,0.8,2.6,45,,0,0,0
2035,12,22,2,0.9,86.3,0.4,1.8,243,,0,0,0
2035,12,22,3,0.9,86.1,0.5,2.3,315,,0,0,0
2035,12,22,4,1.2,85.9,0.6,2.6,11,,0,0,0
2035,12,22,5,1.6,86.3,0.6,2.3,18,,0,0,0
2035,12,22,6,1.6,85.5,0.7,2,270,,0,0,0
2035,12,22,7,1.4,85,0.8,2.3,256,,0,0,0
2035,12,22,8,1.6,84.8,0.5,2.3,108,,14,0,0
2035,12,22,9,1.5,84.9,0.7,2,135,,52,46,48
2035,12,22,10,1.8,82.2,0.8,2.5,284,,64,64,0
2035,12,22,11,2.2,81.5,0.7,2.2,217,,65,65,0
2035,12,22,12,2,80,0.8,2.9,239,,75,75,0
2035,12,22,13,2,79.5,0.8,2.3,220,,43,43,0
2035,12,22,14,1.8,82.3,0.7,1.9,207,,31,31,0
2035,12,22,15,1.9,83.1,0.6,2.2,233,,10,10,0
2035,12,22,16,1.9,83.8,0.4,1.3,72,,0,0,0
2035,12,22,17,2.1,82.2,0.8,2.1,23,,0,0,0
2035,12,22,18,1.9,83.6,1,2.2,29,,0,0,0
2035,12,22,19,1.8,83.3,0.8,1.8,7,,0,0,0
2035,12,22,20,2,84,0.7,1.6,18,,0,0,0
2035,12,22,21,2.2,84.4,1.1,2.3,37,,0,0,0
2035,12,22,22,2.6,83.1,1,2.2,18,,0,0,0
2035,12,22,23,2.7,83.6,1,2,24,,0,0,0
2035,12,23,0,2.7,84.1,0.6,1.5,18,,0,0,0
2035,12,23,1,2.7,84,0.5,1.8,243,,0,0,0
2035,12,23,2,2.6,85,0.7,1.7,27,,0,0,0
2035,12,23,3,2.6,84.8,0.8,2.1,40,,0,0,0
2035,12,23,4,2.6,84.7,1.3,2.5,29,,0,0,0
2035,12,23,5,2.7,84,1.2,2.4,14,,0,0,0
2035,12,23,6,3,83.3,1.3,2.8,24,,0,0,0
2035,12,23,7,3,81.6,1.6,3.3,18,,1,0,0
2035,12,23,8,2.6,82,1.4,3.7,54,,18,0,0
2035,12,23,9,2.9,80.8,0.4,1.4,14,,63,49,108
2035,12,23,10,3.2,78.7,0.4,1.6,124,,138,88,213
2035,12,23,11,3.2,76.1,0.9,2.9,126,,162,134,90
2035,12,23,12,3.3,76.7,1.2,3.2,193,,155,138,50
2035,12,23,13,3.3,77.4,0.9,2.6,225,,114,113,3
2035,12,23,14,3,78.5,0.8,2.6,207,,66,66,0
2035,12,23,15,2.8,79.5,0.6,2.2,135,,18,18,0
2035,12,23,16,2.7,81.3,1.1,1.9,49,,0,0,0
2035,12,23,17,2.6,82,0.7,1.7,59,,0,0,0
2035,12,23,18,2.5,82.4,0.9,2.3,27,,0,0,0
2035,12,23,19,2.5,81.6,0.8,2,34,,0,0,0
2035,12,23,20,2.3,82.1,1,2.5,32,,0,0,0
2035,12,23,21,2.2,81,1.4,2.5,30,,0,0,0
2035,12,23,22,1.9,79.2,1.4,2.5,34,,0,0,0
2035,12,23,23,2.2,79.8,1.4,2.9,25,,0,0,0
2035,12,24,0,2,79.1,1.7,3.4,28,,0,0,0
2035,12,24,1,1.6,78,1.5,4.2,12,,0,0,0
2035,12,24,2,1.7,82,1.5,3.1,25,,0,0,0
2035,12,24,3,2,80.9,1.2,3,20,,0,0,0
2035,12,24,4,1.8,82,1.5,3.4,20,,0,0,0
2035,12,24,5,2,81.9,1.1,2.9,34,,0,0,0
2035,12,24,6,1.8,83.1,1.7,3.1,17,,0,0,0
2035,12,24,7,1.7,84.1,1.6,3.6,11,,0,0,0
2035,12,24,8,1.8,83.6,1.2,3.1,55,,13,0,0
2035,12,24,9,2.3,81.7,1.3,3.5,77,,47,45,17
2035,12,24,10,2.3,80.2,0.6,2.7,112,,89,88,5
2035,12,24,11,2.5,78.2,0.9,2.4,158,,108,107,2
2035,12,24,12,2.6,76.6,1.1,2.8,191,,136,125,32
2035,12,24,13,2.6,76.8,0.9,2.4,187,,122,121,3
2035,12,24,14,2.5,77.8,0.7,2.2,191,,83,83,0
2035,12,24,15,2.6,78.8,0.8,2.2,117,,26,26,0
2035,12,24,16,2.3,82.2,1.2,2.8,55,,0,0,0
2035,12,24,17,2.1,83.1,1,2.1,32,,0,0,0
2035,12,24,18,2,82.6,1.2,2.4,20,,0,0,0
2035,12,24,19,1.9,82.6,1.3,4.1,35,,0,0,0
2035,12,24,20,2,82.2,1.5,3.1,42,,0,0,0
2035,12,24,21,2,81.6,1.5,3.2,53,,0,0,0
2035,12,24,22,2.1,81.9,0.8,2.7,37,,0,0,0
2035,12,24,23,2,84,0.7,2.4,22,,0,0,0
2035,12,25,0,1.8,83.9,1,2.3,24,,0,0,0
2035,12,25,1,2,82.4,0.6,2.1,68,,0,0,0
2035,12,25,2,2,83.4,0.6,1.7,202,,0,0,0
2035,12,25,3,1.8,84.4,0.9,2,249,,0,0,0
2035,12,25,4,1.8,84.2,0.5,2,243,,0,0,0
2035,12,25,5,1.7,82.2,0.4,1.4,124,,0,0,0
2035,12,25,6,1.4,81.4,1.1,2.8,17,,0,0,0
2035,12,25,7,1.5,82,0.4,1.6,117,,0,0,0
2035,12,25,8,1.4,81.9,0.8,2.4,256,,20,0,0
2035,12,25,9,1.3,80.8,1.1,2.6,253,,49,46,27
2035,12,25,10,1.5,79,0.7,2.3,231,,92,89,15
2035,12,25,11,1.9,76.2,1.2,3.3,232,,175,131,145
2035,12,25,12,1.7,77.4,0.9,2.6,225,,124,120,10
2035,12,25,13,1.6,78.4,1.1,3.1,217,,87,87,0
2035,12,25,14,1.6,79.6,1.5,3.6,250,,66,66,0
2035,12,25,15,1.4,80.6,0.6,2,207,,13,13,0
2035,12,25,16,1.2,81.7,1.1,3,270,,0,0,0
2035,12,25,17,1.3,81.8,0.5,1.7,236,,0,0,0
2035,12,25,18,1,82.1,0.8,2.7,342,,0,0,0
2035,12,25,19,1,82.1,0.9,2.4,9,,0,0,0
2035,12,25,20,0.9,82.5,1.1,3.2,347,,0,0,0
2035,12,25,21,1,82.6,1.3,3,360,,0,0,0
2035,12,25,22,0.9,82.9,0.9,2.4,315,,0,0,0
2035,12,25,23,1.4,82.4,0.8,1.6,351,,0,0,0
2035,12,26,0,1.5,82.7,0.7,2,360,,0,0,0
2035,12,26,1,1.7,82.7,0.6,2.1,59,,0,0,0
2035,12,26,2,1.8,82.9,0.8,2.7,67,,0,0,0
2035,12,26,3,2,83.7,0.8,2.2,40,,0,0,0
2035,12,26,4,2.3,82.9,1.1,2.6,22,,0,0,0
2035,12,26,5,2.4,83.6,0.6,2.1,45,,0,0,0
2035,12,26,6,2.5,84.6,0.5,1.2,304,,0,0,0
2035,12,26,7,2.6,84.5,0.7,2.2,27,,0,0,0
2035,12,26,8,3,83.2,0.5,2,360,,15,0,0
2035,12,26,9,3,83.3,0.5,1.4,153,,34,34,0
2035,12,26,10,3.3,82.8,0.4,1.4,162,,53,53,0
2035,12,26,11,3.7,81.9,0.6,1.5,202,,55,55,0
2035,12,26,12,3.9,82.2,0.6,1.7,194,,69,69,0
2035,12,26,13,4,82.3,0.4,1.7,162,,56,56,0
2035,12,26,14,4.4,78.5,0.6,2,231,,51,51,0
2035,12,26,15,4.2,80.3,0.7,1.7,135,,20,20,0
2035,12,26,16,4.1,81.9,1.1,2.1,49,,0,0,0
2035,12,26,17,4.2,82.7,1.1,1.8,24,,0,0,0
2035,12,26,18,4.2,83.2,1.4,2.5,45,,0,0,0
2035,12,26,19,3.8,84.5,1.6,3.1,23,,0,0,0
2035,12,26,20,3.7,84.5,1.3,2.3,29,,0,0,0
2035,12,26,21,4,84.4,1.4,2.5,21,,0,0,0
2035,12,26,22,3.7,84.7,1.6,3.3,23,,0,0,0
2035,12,26,23,3.2,85.5,1.3,2.9,39,,0,0,0
2035,12,27,0,2.8,85.9,1.4,2.8,27,,0,0,0
2035,12,27,1,3,84.2,1,2.7,18,,0,0,0
2035,12,27,2,2.8,83.5,1,2.3,7,,0,0,0
2035,12,27,3,2.3,84.8,0.8,2.2,40,,0,0,0
2035,12,27,4,1.6,84.9,1.8,3.4,19,,0,0,0
2035,12,27,5,1.7,83.4,1.7,3.8,24,,0,0,0
2035,12,27,6,1.5,79.2,1.8,4.1,19,,0,0,0
2035,12,27,7,1.4,83,2.3,5,13,,1,0,0
2035,12,27,8,1.6,79.6,1.2,2.6,20,,35,0,0
2035,12,27,9,2.3,79.3,0.6,2,63,,180,34,358
2035,12,27,10,3.2,77.1,1,2.6,180,,263,48,605
2035,12,27,11,3.2,77.5,1.1,2.9,202,,271,55,697
2035,12,27,12,3.3,79.1,1.9,4.2,243,,311,114,574
2035,12,27,13,3.6,77.5,1.7,4.6,228,,187,143,132
2035,12,27,14,3.3,79.5,1,2.6,216,,76,76,0
2035,12,27,15,2.9,81.3,0.9,2.8,249,,16,16,0
2035,12,27,16,2.7,81.3,0.8,2.9,34,,0,0,0
2035,12,27,17,2.3,81.2,1.3,3.1,29,,0,0,0
2035,12,27,18,1.9,77,2.2,5.4,47,,0,0,0
2035,12,27,19,1.8,76.5,2,4.5,18,,0,0,0
2035,12,27,20,1.9,77.5,1.9,4.4,16,,0,0,0
2035,12,27,21,2,77.8,2.5,4.9,16,,0,0,0
2035,12,27,22,1.8,76.5,2.2,4.6,18,,0,0,0
2035,12,27,23,1.6,75.1,1.9,4,18,,0,0,0
2035,12,28,0,1.4,74.8,1.6,3.5,18,,0,0,0
2035,12,28,1,1.3,77.1,1.6,3.2,18,,0,0,0
2035,12,28,2,1.3,78.2,1.3,3.2,23,,0,0,0
2035,12,28,3,1.3,79.4,1.2,2.7,24,,0,0,0
2035,12,28,4,1.3,80.2,1.3,2.7,18,,0,0,0
2035,12,28,5,1.4,79,0.8,1.8,16,,0,0,0
2035,12,28,6,1.5,79.1,0.6,2.3,27,,0,0,0
2035,12,28,7,1.4,78.2,0.6,1.9,239,,0,0,0
2035,12,28,8,1.1,79.1,0.7,2.2,243,,15,0,0
2035,12,28,9,1.2,77.8,1.1,3.1,255,,42,42,2
2035,12,28,10,1.3,77.2,0.9,2.5,276,,77,77,0
2035,12,28,11,1.6,75.7,0.7,2.3,198,,132,129,9
2035,12,28,12,1.6,75.4,1,3.3,221,,142,132,31
2035,12,28,13,2,73.9,0.8,3.1,217,,185,149,109
2035,12,28,14,2.3,71.5,1.3,2.9,222,,155,123,113
2035,12,28,15,1.8,75.3,1,3.5,212,,45,45,0
2035,12,28,16,1.5,78.3,0.7,1.4,101,,1,0,0
2035,12,28,17,1.3,78.6,0.9,1.5,36,,0,0,0
2035,12,28,18,1.2,80.2,0.5,2.4,53,,0,0,0
2035,12,28,19,0.9,82.5,0.5,1.8,360,,0,0,0
2035,12,28,20,0.9,82.3,1.3,3.2,355,,0,0,0
2035,12,28,21,0.6,84.6,0.6,1.7,349,,0,0,0
2035,12,28,22,0.5,85.8,0.8,2.3,16,,0,0,0
2035,12,28,23,0.2,87.1,1.4,2.9,23,,0,0,0
2035,12,29,0,0.2,86.2,1.8,2.7,13,,0,0,0
2035,12,29,1,0.8,85.1,1.6,2.5,27,,0,0,0
2035,12,29,2,0.8,84.4,1.8,3.2,19,,0,0,0
2035,12,29,3,0.6,83.6,1.6,2.7,18,,0,0,0
2035,12,29,4,1,85.1,1.7,3,14,,0,0,0
2035,12,29,5,0.7,84.7,1.7,3,22,,0,0,0
2035,12,29,6,0.3,80.4,1.5,3,16,,0,0,0
2035,12,29,7,0.7,75.6,1.3,2.3,23,,1,0,0
2035,12,29,8,1.2,73.8,0.9,2,21,,58,0,0
2035,12,29,9,3.4,60.1,0.6,2.8,207,,188,34,356
2035,12,29,10,4.1,74.6,0.8,2,219,,268,67,525
2035,12,29,11,5.3,50.5,0.8,2.5,196,,309,107,653
2035,12,29,12,5.7,52.3,0.5,1.9,180,,306,87,634
2035,12,29,13,6.5,40.4,0.5,2.7,207,,251,108,424
2035,12,29,14,6.7,42.7,0.6,2.9,270,,149,118,108
2035,12,29,15,7.1,39.8,1.8,5.6,360,,26,26,0
2035,12,29,16,7.3,40.3,1.5,3,20,,0,0,0
2035,12,29,17,7.7,38.4,0.5,2.8,18,,0,0,0
2035,12,29,18,7.7,39.2,1.1,2.8,331,,0,0,0
2035,12,29,19,7.5,43.1,0.9,2.9,326,,0,0,0
2035,12,29,20,7.2,57.1,0.6,3,297,,0,0,0
2035,12,29,21,7.2,61.1,0.3,1.7,27,,0,0,0
2035,12,29,22,7,69.7,2,6.7,315,,0,0,0
2035,12,29,23,7,72.5,1.1,6.1,360,,0,0,0
2035,12,30,0,6.6,74.8,1.2,3,37,,0,0,0
2035,12,30,1,6.2,78.4,0.7,3.1,45,,0,0,0
2035,12,30,2,6.2,82.2,1.2,3.5,70,,0,0,0
2035,12,30,3,6.1,84.2,1,2.5,76,,0,0,0
2035,12,30,4,6.1,83.6,0.5,1.4,360,,0,0,0
2035,12,30,5,6.1,85.2,0.5,1.2,360,,0,0,0
2035,12,30,6,5.9,83.9,0.8,1.8,31,,0,0,0
2035,12,30,7,5.6,84.2,1.4,2.7,5,,0,0,0
2035,12,30,8,5.9,82.9,1.3,2.7,61,,50,0,0
2035,12,30,9,6.5,79.1,0.6,2.4,124,,197,34,354
2035,12,30,10,7,78.2,0.7,2.2,261,,185,67,502
2035,12,30,11,7.3,69.9,1.2,4.4,276,,317,142,564
2035,12,30,12,7.6,74.9,1.9,4.1,210,,302,119,530
2035,12,30,13,7.5,74.2,0.8,2.9,162,,162,135,81
2035,12,30,14,7.2,67.9,0.3,1.5,90,,54,54,0
2035,12,30,15,7.1,64,0.4,1.5,117,,27,27,0
2035,12,30,16,6.2,65.9,0.8,2.8,21,,0,0,0
2035,12,30,17,5.6,67.3,1.1,2.6,45,,0,0,0
2035,12,30,18,5.4,68,0.9,2.9,333,,0,0,0
2035,12,30,19,5.1,68.9,1.3,3.3,355,,0,0,0
2035,12,30,20,5,68.2,0.9,3.6,37,,0,0,0
2035,12,30,21,4.6,68.7,1.2,3.9,50,,0,0,0
2035,12,30,22,4.5,70.1,1.8,7.7,16,,0,0,0
2035,12,30,23,4.5,69.6,1,8.1,72,,0,0,0
2035,12,31,0,4.2,71.4,0.7,2.9,307,,0,0,0
2035,12,31,1,3.8,71.2,2.3,6.4,39,,0,0,0
2035,12,31,2,3.6,68.8,3.4,8.8,44,,0,0,0
2035,12,31,3,3.5,66.5,2.6,6.5,29,,0,0,0
2035,12,31,4,3.2,66.8,3.2,7.1,22,,0,0,0
2035,12,31,5,3.1,67.5,3.1,7.9,25,,0,0,0
2035,12,31,6,3,71.3,2.5,7.8,23,,0,0,0
2035,12,31,7,3,68.1,2.3,5.2,13,,1,0,0
2035,12,31,8,3.2,69,1.2,3.2,24,,57,0,0
2035,12,31,9,4.1,66.3,1.4,5,32,,182,34,354
2035,12,31,10,4.9,64.1,1.8,5.7,31,,267,66,527
2035,12,31,11,5.4,61.2,1.8,5.6,56,,310,104,660
2035,12,31,12,5.8,55.5,0.9,3.3,150,,305,88,626
2035,12,31,13,6.1,53.7,1,3.3,162,,258,105,451
2035,12,31,14,5.8,55.4,1.2,6.3,90,,142,118,84
2035,12,31,15,5.4,57.9,1.6,5.4,30,,49,49,0
2035,12,31,16,4.8,59.5,1.3,4.3,237,,1,0,0
2035,12,31,17,4.3,60.9,1.3,3.7,291,,0,0,0
2035,12,31,18,3.9,62.7,1.3,3.6,282,,0,0,0
2035,12,31,19,3.5,64.5,1.3,3.4,258,,0,0,0
2035,12,31,20,3.2,65.8,1.4,3.4,222,,0,0,0
2035,12,31,21,2.9,66.8,1.4,3.2,192,,0,0,0
2035,12,31,22,2.7,67.8,1.4,3.1,145,,0,0,0
2035,12,31,23,2.6,68.4,1.3,3,133,,0,0,0
