station,time.yy,time.mm,time.dd,time.hh,temp,relhum,vappres,dewpt,mixratio,wetbulb,enthalpy,precip,airpres,winddir,windmean,windmax,rad.global,rad.direct,rad.diffus,rad.vert.N,rad.vert.E,rad.vert.S,rad.vert.W,ir.horiz,cloudcov,albedo,emissivity
BER,2011,1,1,0,2.2,95.7,7,1.6,4.6,1.9,13.7,0,956.6,9,1.3,2.3,0,0,0,0,0,0,0,234,25,55,97
BER,2011,1,1,1,1.2,95.1,6.4,0.5,4.22,0.9,11.7,0,956.4,180,0.5,1.3,0,0,0,0,0,0,0,234,25,55,97
BER,2011,1,1,2,0.6,94.1,6.1,-0.3,3.98,0.3,10.5,0,956.2,221,1,1.7,0,0,0,0,0,0,0,235,25,55,97
BER,2011,1,1,3,0.1,92.8,5.7,-0.9,3.76,-0.3,9.5,0,956,236,1.4,2.2,0,0,0,0,0,0,0,235,25,55,97
BER,2011,1,1,4,-0.1,91.6,5.6,-1.3,3.65,-0.5,9,0,955.8,237,1.7,2.5,0,0,0,0,0,0,0,236,25,55,97
BER,2011,1,1,5,0.1,90,5.5,-1.4,3.62,-0.5,9.1,0,955.9,208,2,3.7,0,0,0,0,0,0,0,236,29,55,97
BER,2011,1,1,6,0.2,88.3,5.5,-1.5,3.58,-0.5,9.1,0,956,202,1.8,3.3,0,0,0,0,0,0,0,237,29,55,97
BER,2011,1,1,7,0.2,87.4,5.4,-1.6,3.55,-0.5,9.1,0,956.1,220,1.6,2.6,16,38,13,11,40,37,11,245,25,55,97
BER,2011,1,1,8,0.2,86.7,5.4,-1.7,3.53,-0.5,9,0,956.2,214,1.5,2.5,111,242,71,59,229,254,59,250,25,55,97
BER,2011,1,1,9,0.4,84.9,5.3,-1.8,3.47,-0.4,9,0,956.2,202,1.7,2.6,195,284,122,101,258,369,101,257,0,55,97
BER,2011,1,1,10,0.6,83.6,5.3,-1.9,3.47,-0.4,9.3,0,955.9,180,1.5,2.6,249,297,155,128,234,435,128,255,0,55,97
BER,2011,1,1,11,1.1,81.6,5.4,-1.7,3.54,0,9.9,0,955.4,180,1.8,3.3,270,310,165,137,166,468,167,258,0,55,97
BER,2011,1,1,12,1.2,81.6,5.5,-1.6,3.6,0.1,10.2,0,954.7,205,1.4,3.4,252,314,152,127,128,452,239,264,0,55,97
BER,2011,1,1,13,1.2,82,5.5,-1.5,3.61,0.1,10.2,0,954.3,231,1.5,3.4,197,301,119,100,100,383,266,261,6,55,97
BER,2011,1,1,14,1.1,82.6,5.5,-1.5,3.61,0.1,10.1,0,954.1,257,1.7,3.4,108,236,71,58,58,248,224,262,30,55,97
BER,2011,1,1,15,0.9,83.6,5.5,-1.6,3.61,-0.1,9.9,0,954,270,1.4,3,16,55,13,10,10,47,53,261,33,55,97
BER,2011,1,1,16,0.7,84.6,5.4,-1.6,3.54,-0.2,9.5,0,954,291,1,2.3,0,0,0,0,0,0,0,258,25,55,97
BER,2011,1,1,17,0.5,86.4,5.5,-1.5,3.61,-0.3,9.5,0,954.2,350,1.3,2.3,0,0,0,0,0,0,0,257,25,55,97
BER,2011,1,1,18,0.4,87.1,5.5,-1.5,3.61,-0.3,9.4,0,954,51,0.9,2.3,0,0,0,0,0,0,0,260,25,55,97
BER,2011,1,1,19,0.4,89.6,5.6,-1.1,3.67,-0.2,9.6,0,954.2,40,0.8,1.8,0,0,0,0,0,0,0,256,25,55,97
BER,2011,1,1,20,0.2,87.9,5.4,-1.6,3.54,-0.5,9,0,954.2,58,1,3.1,0,0,0,0,0,0,0,258,25,55,97
BER,2011,1,1,21,0.1,87.6,5.4,-1.7,3.54,-0.6,8.9,0,954,18,0.4,2.4,0,0,0,0,0,0,0,254,25,55,97
BER,2011,1,1,22,0.1,87,5.4,-1.8,3.54,-0.6,8.9,0,953.4,67,0.8,2.3,0,0,0,0,0,0,0,253,25,55,97
BER,2011,1,1,23,0.1,88.9,5.5,-1.5,3.61,-0.5,9.1,0,953.1,20,1.5,3.1,0,0,0,0,0,0,0,252,25,55,97
BER,2011,1,2,0,-0.1,88.1,5.4,-1.8,3.54,-0.7,8.7,0,953.1,36,1.4,3.3,0,0,0,0,0,0,0,251,25,53,97
BER,2011,1,2,1,-0.3,86,5.1,-2.4,3.35,-1.1,8,0,953.2,45,1.3,2.9,0,0,0,0,0,0,0,250,25,53,97
BER,2011,1,2,2,-0.4,85.4,5.1,-2.5,3.35,-1.2,7.9,0,953.3,55,1.6,4,0,0,0,0,0,0,0,256,46,53,97
BER,2011,1,2,3,-0.5,86.1,5.1,-2.5,3.35,-1.2,7.8,0,953.3,77,1,2.8,0,0,0,0,0,0,0,252,29,53,97
BER,2011,1,2,4,-0.5,87.5,5.2,-2.3,3.41,-1.2,8,0,953.3,45,0.7,1.4,0,0,0,0,0,0,0,246,25,53,97
BER,2011,1,2,5,-0.5,88.9,5.2,-2.1,3.41,-1.1,8,0,953.4,41,1,1.9,0,0,0,0,0,0,0,257,81,53,97
BER,2011,1,2,6,-0.5,87.6,5.2,-2.3,3.41,-1.2,8,0,953.3,62,1.6,3.1,0,0,0,0,0,0,0,267,100,53,97
BER,2011,1,2,7,-0.5,88.8,5.2,-2.1,3.41,-1.1,8,0,953.7,42,1.3,2.7,16,33,13,10,36,33,11,262,88,53,97
BER,2011,1,2,8,-0.5,87.7,5.2,-2.3,3.41,-1.2,8,0,954.1,31,2.1,3.8,105,195,74,59,196,215,59,263,94,53,97
BER,2011,1,2,9,0,84.9,5.2,-2.2,3.41,-0.8,8.5,0,954.5,24,2.4,4.8,184,217,128,102,224,307,102,264,100,53,97
BER,2011,1,2,10,0.3,83.4,5.2,-2.2,3.41,-0.6,8.8,0,954.4,24,3.2,6.2,233,212,165,130,208,352,130,262,100,53,97
BER,2011,1,2,11,0.4,83,5.2,-2.1,3.41,-0.6,8.9,0,954.2,23,4.6,7.4,247,200,178,141,160,356,160,260,100,53,97
BER,2011,1,2,12,0.4,83.3,5.2,-2.1,3.41,-0.6,8.9,0,954.1,25,4,7.3,227,190,167,131,131,329,201,258,100,53,97
BER,2011,1,2,13,0.3,81.5,5.1,-2.5,3.34,-0.8,8.6,0,954.2,24,4.2,7.2,179,186,131,103,103,280,207,256,100,53,97
BER,2011,1,2,14,0.2,80.2,5,-2.8,3.28,-0.9,8.4,0,954.6,25,4.2,7.6,99,140,76,60,60,173,159,254,100,53,97
BER,2011,1,2,15,-0.2,77.2,4.7,-3.7,3.08,-1.5,7.5,0,955,32,3.8,7.8,16,36,13,10,10,34,38,252,100,53,97
BER,2011,1,2,16,-0.5,75.8,4.5,-4.2,2.94,-1.8,6.8,0,955.4,34,3.4,6.6,0,0,0,0,0,0,0,251,100,53,97
BER,2011,1,2,17,-0.9,75.5,4.3,-4.7,2.81,-2.2,6.1,0,955.6,36,2.4,4.3,0,0,0,0,0,0,0,249,100,53,97
BER,2011,1,2,18,-1.2,78.4,4.4,-4.5,2.88,-2.3,6,0,955.8,28,2.4,4.3,0,0,0,0,0,0,0,244,94,53,97
BER,2011,1,2,19,-1.7,79.7,4.3,-4.7,2.81,-2.7,5.3,0,956,23,3.3,5.7,0,0,0,0,0,0,0,242,60,53,97
BER,2011,1,2,20,-2.9,85.1,4.2,-5,2.74,-3.6,3.9,0,956.2,25,2.6,3.7,0,0,0,0,0,0,0,234,33,53,97
BER,2011,1,2,21,-3,84.6,4.2,-5.2,2.74,-3.7,3.8,0,956.4,32,2.5,4.1,0,0,0,0,0,0,0,225,29,53,97
BER,2011,1,2,22,-3.1,83.7,4.1,-5.5,2.68,-3.9,3.5,0,956.7,25,3,4.8,0,0,0,0,0,0,0,222,25,53,97
BER,2011,1,2,23,-3.7,85.9,4,-5.7,2.61,-4.3,2.8,0,956.6,27,2.7,4.1,0,0,0,0,0,0,0,220,29,53,97
BER,2011,1,3,0,-3.9,86.2,4,-5.9,2.61,-4.5,2.6,0,956.5,18,2,3.2,0,0,0,0,0,0,0,217,0,44,97
BER,2011,1,3,1,-3.7,85.2,4,-5.8,2.61,-4.4,2.8,0,956.5,16,1.8,2.6,0,0,0,0,0,0,0,213,13,44,97
BER,2011,1,3,2,-4.4,85.8,3.8,-6.4,2.48,-5,1.7,0,956.6,23,2.4,3.4,0,0,0,0,0,0,0,214,6,44,97
BER,2011,1,3,3,-5.5,87.5,3.5,-7.2,2.28,-6,0.1,0,956.4,29,3.1,4.5,0,0,0,0,0,0,0,208,0,44,97
BER,2011,1,3,4,-5.6,86.5,3.5,-7.5,2.28,-6.2,0,0,956.3,31,3.5,5.3,0,0,0,0,0,0,0,206,0,44,97
BER,2011,1,3,5,-6,85.5,3.4,-8,2.22,-6.6,-0.5,0,956.3,33,3.8,5.9,0,0,0,0,0,0,0,205,6,44,97
BER,2011,1,3,6,-6.5,86.1,3.2,-8.4,2.09,-7,-1.4,0,956.3,32,3.7,4.7,0,0,0,0,0,0,0,210,25,44,97
BER,2011,1,3,7,-6.8,86.9,3.2,-8.6,2.09,-7.3,-1.7,0,956.2,29,3.6,5,19,84,13,10,75,67,10,212,33,44,97
BER,2011,1,3,8,-6.5,85.6,3.2,-8.5,2.09,-7.1,-1.4,0,956.2,28,3.9,4.9,140,520,56,48,408,457,48,215,0,44,97
BER,2011,1,3,9,-5.5,83.2,3.4,-7.9,2.22,-6.2,0,0,956.5,25,3.6,5,248,627,85,77,409,650,77,212,0,44,97
BER,2011,1,3,10,-4,79.6,3.6,-7,2.35,-4.9,1.8,0,956.4,26,3.2,4.8,321,688,100,95,314,777,95,215,0,44,97
BER,2011,1,3,11,-3,77.1,3.8,-6.4,2.48,-4.1,3.1,0,955.9,30,2.4,4.6,346,695,107,102,154,811,151,217,0,44,97
BER,2011,1,3,12,-2.2,74.5,3.9,-6.1,2.55,-3.5,4.1,0,955.4,35,1.7,4.3,319,667,104,96,98,761,307,219,0,44,97
BER,2011,1,3,13,-1.6,70.4,3.8,-6.3,2.48,-3.1,4.6,0,955.4,10,3,5.4,247,606,89,78,80,635,395,217,0,44,97
BER,2011,1,3,14,-1.5,69.8,3.8,-6.3,2.48,-3.1,4.7,0,955.4,28,2.4,5.2,140,488,60,49,50,436,387,216,0,44,97
BER,2011,1,3,15,-2.2,72,3.8,-6.6,2.48,-3.6,4,0,955.3,37,2.5,5,21,86,14,10,10,69,77,214,13,44,97
BER,2011,1,3,16,-3.3,77.5,3.7,-6.7,2.42,-4.4,2.7,0,955.2,39,2.2,4.4,0,0,0,0,0,0,0,214,10,44,97
BER,2011,1,3,17,-4.6,82.7,3.6,-7.1,2.35,-5.4,1.2,0,955.3,34,2.3,4.2,0,0,0,0,0,0,0,218,33,44,97
BER,2011,1,3,18,-5.9,87,3.4,-7.7,2.22,-6.4,-0.4,0,955.1,27,1.8,3.3,0,0,0,0,0,0,0,215,25,44,97
BER,2011,1,3,19,-6.8,88.8,3.3,-8.3,2.16,-7.2,-1.5,0,955,25,1.5,2.4,0,0,0,0,0,0,0,216,46,44,97
BER,2011,1,3,20,-7.5,89.4,3.1,-8.9,2.03,-7.9,-2.5,0,954.9,34,0.4,1.2,0,0,0,0,0,0,0,224,100,44,97
BER,2011,1,3,21,-7,87.7,3.2,-8.7,2.09,-7.5,-1.9,0,954.8,169,0.5,1,0,0,0,0,0,0,0,223,100,44,97
BER,2011,1,3,22,-7.5,89.5,3.1,-8.9,2.03,-7.9,-2.5,0,955.1,217,0.5,1,0,0,0,0,0,0,0,222,100,44,97
BER,2011,1,3,23,-7,87.3,3.2,-8.7,2.09,-7.5,-1.9,0,955,186,1,2,0,0,0,0,0,0,0,220,94,44,97
BER,2011,1,4,0,-6.8,88.6,3.3,-8.4,2.16,-7.2,-1.5,0,954.3,225,0.6,1.9,0,0,0,0,0,0,0,219,100,41,97
BER,2011,1,4,1,-6,86.3,3.4,-7.9,2.22,-6.6,-0.5,0,954.2,243,0.6,1.6,0,0,0,0,0,0,0,220,100,41,97
BER,2011,1,4,2,-5.1,85,3.6,-7.2,2.36,-5.7,0.7,0,953.7,233,1,1.8,0,0,0,0,0,0,0,222,100,41,97
BER,2011,1,4,3,-4.4,80.9,3.6,-7.2,2.36,-5.3,1.4,0,953.3,186,1,1.8,0,0,0,0,0,0,0,220,84,41,97
BER,2011,1,4,4,-4,77.5,3.5,-7.3,2.29,-5,1.7,0,953,171,1.3,2.5,0,0,0,0,0,0,0,222,88,41,97
BER,2011,1,4,5,-4.2,81.1,3.6,-7,2.36,-5.1,1.6,0,952.7,108,1.2,2.3,0,0,0,0,0,0,0,225,100,41,97
BER,2011,1,4,6,-5,86.4,3.6,-6.9,2.36,-5.6,0.8,0,952.5,29,1.9,3.1,0,0,0,0,0,0,0,227,100,41,97
BER,2011,1,4,7,-4.9,85.9,3.7,-6.9,2.43,-5.5,1.1,0,952.6,16,1.9,2.9,19,83,12,9,74,66,9,232,100,41,97
BER,2011,1,4,8,-4.7,85.6,3.7,-6.7,2.43,-5.3,1.3,0,952.5,16,1.4,2.8,134,479,59,47,383,420,47,236,100,41,97
BER,2011,1,4,9,-4.3,84.1,3.7,-6.6,2.43,-5,1.7,0,952.7,7,0.9,2.5,162,313,87,67,249,344,67,236,78,41,97
BER,2011,1,4,10,-3.6,79.3,3.7,-6.7,2.43,-4.6,2.4,0,952.5,353,0.9,2.2,99,7,96,68,68,74,68,245,100,41,97
BER,2011,1,4,11,-3.4,80.5,3.9,-6.3,2.56,-4.3,2.9,0,951.8,21,1.4,2.4,109,4,108,75,75,79,75,249,100,41,97
BER,2011,1,4,12,-3,79.1,3.9,-6.1,2.56,-4,3.3,0,951.2,24,1,2,87,0,86,60,59,61,61,252,100,41,97
BER,2011,1,4,13,-2.6,77.4,3.9,-6,2.56,-3.7,3.8,0,950.7,27,0.5,1.1,61,0,61,43,42,43,43,252,100,41,97
BER,2011,1,4,14,-2.5,78.7,4,-5.7,2.63,-3.6,4,0,950.6,27,0.7,1.3,34,0,34,24,24,24,24,251,100,41,97
BER,2011,1,4,15,-2.5,79.2,4,-5.6,2.63,-3.5,4,0,950.5,13,1.3,2.3,6,0,6,4,4,4,4,251,100,41,97
BER,2011,1,4,16,-2.7,78.9,4,-5.8,2.63,-3.7,3.8,0,950.6,6,1.1,1.6,0,0,0,0,0,0,0,251,100,41,97
BER,2011,1,4,17,-2.8,81.5,4.1,-5.5,2.69,-3.7,3.9,0,950.8,9,1.2,1.8,0,0,0,0,0,0,0,251,84,41,97
BER,2011,1,4,18,-2.9,82.9,4.1,-5.4,2.69,-3.7,3.8,0,950.9,6,0.9,1.6,0,0,0,0,0,0,0,248,81,41,97
BER,2011,1,4,19,-3.1,86.6,4.2,-5,2.76,-3.7,3.7,0,950.6,21,0.9,1.3,0,0,0,0,0,0,0,248,100,41,97
BER,2011,1,4,20,-3.1,86.6,4.2,-5,2.76,-3.7,3.7,0,950.4,20,1.2,2,0,0,0,0,0,0,0,245,81,41,97
BER,2011,1,4,21,-2.9,85.4,4.2,-5,2.76,-3.6,3.9,0,950.3,23,0.8,1.8,0,0,0,0,0,0,0,240,39,41,97
BER,2011,1,4,22,-2.8,85.4,4.3,-4.9,2.83,-3.5,4.2,0,950.4,0,0.5,1.5,0,0,0,0,0,0,0,242,25,41,97
BER,2011,1,4,23,-2.2,81.6,4.3,-4.9,2.83,-3.1,4.8,0,950.2,191,1,2.5,0,0,0,0,0,0,0,241,25,41,97
BER,2011,1,5,0,-2.2,79.2,4.1,-5.3,2.7,-3.2,4.5,0,950,180,1.5,2.6,0,0,0,0,0,0,0,221,25,40,97
BER,2011,1,5,1,-2.4,77.7,4,-5.8,2.63,-3.5,4.1,0,949.9,169,1.6,3.3,0,0,0,0,0,0,0,221,25,40,97
BER,2011,1,5,2,-2.5,76.7,3.9,-6,2.56,-3.6,3.9,0,949.8,155,2.1,3.8,0,0,0,0,0,0,0,221,25,40,97
BER,2011,1,5,3,-2.6,77.1,3.9,-6.1,2.57,-3.7,3.8,0,949.5,144,1.4,3.5,0,0,0,0,0,0,0,219,29,40,97
BER,2011,1,5,4,-2.7,77.4,3.9,-6.1,2.57,-3.8,3.7,0,949.3,155,2.6,4.7,0,0,0,0,0,0,0,218,16,40,97
BER,2011,1,5,5,-3,77.7,3.8,-6.3,2.5,-4.1,3.2,0,949.4,145,1.7,3.3,0,0,0,0,0,0,0,217,10,40,97
BER,2011,1,5,6,-3,80.4,3.9,-5.9,2.57,-3.9,3.4,0,949.4,153,1,2.9,0,0,0,0,0,0,0,218,6,40,97
BER,2011,1,5,7,-3.8,79.3,3.6,-6.9,2.37,-4.8,2.1,0,949.7,191,1.8,2.7,14,12,13,10,19,18,10,220,13,40,97
BER,2011,1,5,8,-3.4,76.9,3.7,-6.9,2.43,-4.5,2.6,0,949.7,190,1.1,2.1,96,153,69,49,155,172,49,229,35,40,97
BER,2011,1,5,9,-2.4,73.1,3.8,-6.6,2.5,-3.7,3.8,0,949.5,183,1.7,3.3,207,383,101,78,269,435,78,233,38,40,97
BER,2011,1,5,10,-1.1,68.8,3.9,-6.1,2.57,-2.8,5.3,0,948.9,152,2.2,3.9,332,791,76,82,323,851,82,229,0,40,97
BER,2011,1,5,11,-0.3,69.1,4.1,-5.3,2.7,-2,6.4,0,948.1,163,1.5,3.5,344,708,99,92,145,809,138,234,0,40,97
BER,2011,1,5,12,0.2,71.2,4.4,-4.4,2.9,-1.4,7.4,0,947.7,287,1.4,3.3,318,676,98,88,89,757,298,242,6,40,97
BER,2011,1,5,13,0.8,68.1,4.4,-4.4,2.9,-1.1,8,0,947.5,249,1,2.6,256,694,72,68,70,696,421,235,0,40,97
BER,2011,1,5,14,1.2,63.9,4.3,-4.9,2.84,-1,8.3,0,947.1,165,1.2,2.3,145,518,58,47,47,455,404,244,36,40,97
BER,2011,1,5,15,1,62.6,4.1,-5.3,2.71,-1.2,7.8,0,946.8,185,1.1,1.9,17,36,13,9,9,34,37,235,6,40,97
BER,2011,1,5,16,-0.5,69.9,4.1,-5.3,2.71,-2.2,6.2,0,946.7,173,1.6,4.4,0,0,0,0,0,0,0,243,33,40,97
BER,2011,1,5,17,-1.2,74.7,4.2,-5.1,2.77,-2.5,5.7,0,946.6,188,1.5,4.2,0,0,0,0,0,0,0,246,33,40,97
BER,2011,1,5,18,-2.2,76.9,4,-5.7,2.64,-3.4,4.4,0,946.4,180,1.4,4.3,0,0,0,0,0,0,0,250,38,40,97
BER,2011,1,5,19,-2.5,79.6,4.1,-5.5,2.71,-3.5,4.2,0,945.9,207,0.7,1.8,0,0,0,0,0,0,0,272,94,40,97
BER,2011,1,5,20,-2.3,77,4,-5.8,2.64,-3.5,4.3,0,945.7,196,1.5,3.5,0,0,0,0,0,0,0,278,100,40,97
BER,2011,1,5,21,-2.4,78.8,4,-5.6,2.64,-3.5,4.2,0,945.5,199,2.2,4.8,0,0,0,0,0,0,0,281,94,40,97
BER,2011,1,5,22,-2.6,80,4.1,-5.6,2.71,-3.6,4.1,0,945.4,204,1.4,3.8,0,0,0,0,0,0,0,283,100,40,97
BER,2011,1,5,23,-2.5,80.7,4.1,-5.4,2.71,-3.5,4.2,0,944.9,212,1.3,3.3,0,0,0,0,0,0,0,283,100,40,97
BER,2011,1,6,0,-2.2,81.4,4.2,-4.9,2.78,-3.1,4.7,0,944.2,239,1.1,2.6,0,0,0,0,0,0,0,284,100,39,97
BER,2011,1,6,1,-1.7,81.4,4.4,-4.5,2.91,-2.7,5.5,0,944,221,1.1,2.8,0,0,0,0,0,0,0,287,100,39,97
BER,2011,1,6,2,-1.5,81.2,4.4,-4.3,2.91,-2.5,5.7,0,944.1,225,1,2.6,0,0,0,0,0,0,0,290,100,39,97
BER,2011,1,6,3,-0.9,81.5,4.7,-3.7,3.11,-1.9,6.8,0.1,944,214,1.5,3.8,0,0,0,0,0,0,0,294,100,39,97
BER,2011,1,6,4,0.1,80.4,5,-2.9,3.31,-1,8.4,0.1,944.1,180,2,3.6,0,0,0,0,0,0,0,297,100,39,97
BER,2011,1,6,5,0.6,79,5,-2.6,3.31,-0.6,8.9,0,943.9,188,2.3,5.3,0,0,0,0,0,0,0,297,84,39,97
BER,2011,1,6,6,0.5,80.9,5.1,-2.4,3.38,-0.6,8.9,0,943.8,195,1.6,3.8,0,0,0,0,0,0,0,303,100,39,97
BER,2011,1,6,7,0.3,80.1,5,-2.7,3.31,-0.8,8.6,0,943.8,197,1.4,5.4,4,0,4,3,3,3,3,306,100,39,97
BER,2011,1,6,8,1,77.9,5.1,-2.4,3.38,-0.3,9.4,0,944.3,193,2.4,5.3,49,85,34,24,83,93,24,309,100,39,97
BER,2011,1,6,9,1.8,81.2,5.6,-1.1,3.71,0.6,11.1,0.1,944.2,174,1.9,4.3,116,42,106,73,97,112,73,307,81,39,97
BER,2011,1,6,10,2.9,81.7,6.2,0.1,4.11,1.7,13.2,0,944.2,176,1.7,4,92,3,92,63,63,66,63,315,100,39,97
BER,2011,1,6,11,3.4,76.6,6,-0.3,3.98,1.9,13.4,0,943.8,180,1.7,3.7,209,142,160,111,129,262,121,316,94,39,97
BER,2011,1,6,12,3.9,77.3,6.3,0.3,4.18,2.4,14.4,0,943.5,169,1.1,4.1,235,255,152,107,106,369,199,317,88,39,97
BER,2011,1,6,13,4.9,72.3,6.3,0.3,4.18,2.9,15.4,0,943.3,191,1.1,3.5,74,8,72,50,49,57,54,321,100,39,97
BER,2011,1,6,14,4.8,76.5,6.6,1,4.38,3.1,15.8,0.1,943.6,190,1.2,2.8,41,3,40,28,27,30,29,322,100,39,97
BER,2011,1,6,15,4.2,80.1,6.6,1.1,4.38,2.9,15.2,0,943.7,162,1.9,4.4,3,0,3,2,2,2,2,322,94,39,97
BER,2011,1,6,16,4.1,82.9,6.8,1.5,4.51,3,15.4,0.7,944.1,171,1.9,3.5,0,0,0,0,0,0,0,324,100,39,97
BER,2011,1,6,17,3.8,87.8,7.1,2,4.71,3,15.6,0,944.4,183,1.9,4.9,0,0,0,0,0,0,0,325,100,39,97
BER,2011,1,6,18,3.9,87.7,7.1,2,4.71,3.1,15.7,0,944.9,167,2.6,5.3,0,0,0,0,0,0,0,326,100,39,97
BER,2011,1,6,19,3.6,90.3,7.1,2.2,4.71,3,15.4,0.8,945.4,183,2.1,5.8,0,0,0,0,0,0,0,327,100,39,97
BER,2011,1,6,20,3.5,89.8,7.1,2,4.71,2.8,15.3,0.1,945.6,177,2.2,5,0,0,0,0,0,0,0,327,100,39,97
BER,2011,1,6,21,3.7,87.7,7,1.9,4.64,2.9,15.3,0,946.2,189,2.4,5.7,0,0,0,0,0,0,0,327,94,39,97
BER,2011,1,6,22,3.4,91,7.1,2.1,4.7,2.8,15.2,0,946.7,189,1.4,4.4,0,0,0,0,0,0,0,328,100,39,97
BER,2011,1,6,23,3.4,91.2,7.1,2.1,4.7,2.8,15.2,0,946.8,189,1.4,3.2,0,0,0,0,0,0,0,328,100,39,97
BER,2011,1,7,0,3.2,92.1,7.1,2,4.7,2.7,15,0,946.9,217,0.7,1.9,0,0,0,0,0,0,0,327,94,35,97
BER,2011,1,7,1,3.1,92.6,7,2,4.63,2.6,14.7,0,947.4,171,0.7,2.2,0,0,0,0,0,0,0,329,100,35,97
BER,2011,1,7,2,3.2,93.3,7.1,2.2,4.7,2.8,15,0,947.7,191,0.6,1.7,0,0,0,0,0,0,0,329,100,35,97
BER,2011,1,7,3,2.8,94.8,7.1,2.1,4.69,2.5,14.6,0.5,947.9,180,0.7,1.5,0,0,0,0,0,0,0,329,100,35,97
BER,2011,1,7,4,3.1,94.5,7.2,2.3,4.76,2.7,15,0.6,947.8,180,1,2.3,0,0,0,0,0,0,0,330,100,35,97
BER,2011,1,7,5,3,95.1,7.2,2.3,4.76,2.7,14.9,0.6,947.5,180,0.4,1.2,0,0,0,0,0,0,0,326,90,35,97
BER,2011,1,7,6,3.7,93.8,7.5,2.8,4.96,3.3,16.1,0,947.6,186,1,3.8,0,0,0,0,0,0,0,318,51,35,97
BER,2011,1,7,7,3,95,7.2,2.3,4.76,2.7,14.9,0,947.8,210,0.8,2.8,19,73,13,9,66,59,9,302,45,35,97
BER,2011,1,7,8,3,94.4,7.1,2.2,4.69,2.6,14.8,0,948.2,207,0.5,1.8,70,164,41,28,140,159,28,309,63,35,97
BER,2011,1,7,9,3.5,94.1,7.4,2.6,4.89,3.1,15.8,0,948.1,360,0.2,1.1,228,560,81,63,363,568,63,292,38,35,97
BER,2011,1,7,10,5.4,90.7,8.1,4,5.36,4.7,18.9,0,948.1,252,0.6,1.5,320,749,75,73,302,798,72,301,31,35,97
BER,2011,1,7,11,7.1,85.1,8.6,4.8,5.69,6,21.4,0,948,190,1.1,2.2,328,675,92,80,130,758,122,300,36,35,97
BER,2011,1,7,12,8.5,79.1,8.8,5.1,5.83,6.8,23.2,0,947.4,167,1,2.6,273,465,120,88,88,551,240,302,48,35,97
BER,2011,1,7,13,9.6,76.6,9.2,5.7,6.1,7.6,25,0,947.3,180,1,3.3,276,690,89,70,71,703,429,297,36,35,97
BER,2011,1,7,14,9.4,76.5,9,5.5,5.96,7.4,24.5,0,947.6,180,1,2.3,123,411,46,35,35,366,309,314,69,35,97
BER,2011,1,7,15,6.9,86.2,8.6,4.8,5.69,5.9,21.2,0,947.9,158,0.6,1.9,1,0,1,1,1,1,1,327,88,35,97
BER,2011,1,7,16,7.1,84.9,8.6,4.7,5.69,5.9,21.4,0,948.1,165,1.2,3.8,0,0,0,0,0,0,0,334,100,35,97
BER,2011,1,7,17,6.6,86.1,8.4,4.4,5.56,5.5,20.6,0,948.1,180,1.1,3.3,0,0,0,0,0,0,0,333,100,35,97
BER,2011,1,7,18,6.7,86.1,8.4,4.5,5.56,5.6,20.7,0,947.8,193,1.7,4.3,0,0,0,0,0,0,0,322,81,35,97
BER,2011,1,7,19,5.8,87.8,8.1,3.9,5.36,4.9,19.3,0,947.5,189,1.8,5.3,0,0,0,0,0,0,0,328,94,35,97
BER,2011,1,7,20,5.7,88.7,8.1,4,5.36,4.9,19.2,0,947.6,197,1.4,4.8,0,0,0,0,0,0,0,322,85,35,97
BER,2011,1,7,21,5.1,90.9,8,3.7,5.29,4.4,18.4,0,947.9,214,0.4,1.9,0,0,0,0,0,0,0,324,94,35,97
BER,2011,1,7,22,4.4,92,7.7,3.2,5.09,3.9,17.2,0,948.4,211,0.7,1.7,0,0,0,0,0,0,0,319,94,35,97
BER,2011,1,7,23,4.4,91.1,7.6,3.1,5.02,3.8,17,0,948.4,198,1,2.5,0,0,0,0,0,0,0,331,100,35,97
BER,2011,1,8,0,4.1,91.2,7.5,2.8,4.96,3.5,16.5,0,948,0,0.4,1.4,0,0,0,0,0,0,0,331,100,29,97
BER,2011,1,8,1,4,91.4,7.4,2.7,4.89,3.4,16.3,0,948.2,146,0.6,1.8,0,0,0,0,0,0,0,331,100,29,97
BER,2011,1,8,2,4.1,91.5,7.5,2.8,4.96,3.5,16.5,0,948.2,207,0.5,1.8,0,0,0,0,0,0,0,331,100,29,97
BER,2011,1,8,3,4.2,91,7.5,2.9,4.95,3.6,16.6,0.1,949.1,315,0.4,1.4,0,0,0,0,0,0,0,331,100,29,97
BER,2011,1,8,4,4.5,91.5,7.7,3.2,5.08,3.9,17.3,2.4,949.8,193,1,2,0,0,0,0,0,0,0,331,100,29,97
BER,2011,1,8,5,4.5,93.1,7.9,3.5,5.22,4,17.6,0.6,949.4,207,0.7,1.5,0,0,0,0,0,0,0,324,90,29,97
BER,2011,1,8,6,4.6,93.1,7.9,3.6,5.22,4.1,17.7,0.1,949.4,243,0.4,1.4,0,0,0,0,0,0,0,301,64,29,97
BER,2011,1,8,7,4.8,92.8,8,3.7,5.28,4.3,18.1,0,949.7,14,0.9,3.2,15,79,9,6,68,59,6,317,78,29,97
BER,2011,1,8,8,4.3,93.2,7.8,3.3,5.15,3.8,17.2,0,949.9,270,0.3,2.1,116,387,53,33,308,336,33,308,64,29,97
BER,2011,1,8,9,6.4,89.6,8.6,4.8,5.68,5.6,20.7,0,950.1,198,0.4,1.3,166,231,110,72,206,274,72,297,53,29,97
BER,2011,1,8,10,8.5,83.8,9.3,5.9,6.15,7.2,24,0,949.7,186,1.1,3.2,334,756,85,67,304,805,67,271,33,29,97
BER,2011,1,8,11,10.1,73.7,9.1,5.6,6.02,7.8,25.3,0,949.3,166,1.7,3.2,338,690,95,74,127,765,115,294,49,29,97
BER,2011,1,8,12,11.1,67.8,8.9,5.4,5.89,8.2,26,0,948.9,173,0.9,2.5,320,715,82,66,67,764,277,299,45,29,97
BER,2011,1,8,13,11.6,66.5,9.1,5.6,6.03,8.5,26.9,0,948.4,170,1.1,2.7,257,598,94,63,64,613,375,296,50,29,97
BER,2011,1,8,14,11.8,65.5,9,5.6,5.96,8.6,26.9,0,948.6,170,1.8,3,136,422,62,41,41,374,331,292,48,29,97
BER,2011,1,8,15,10.4,73.7,9.3,5.9,6.16,8.1,26,0,948.7,167,1.5,3.1,23,87,16,10,10,68,79,283,33,29,97
BER,2011,1,8,16,7,87.2,8.7,5,5.76,6,21.5,0,948.4,124,0.6,2.6,0,0,0,0,0,0,0,290,45,29,97
BER,2011,1,8,17,6.2,86.5,8.2,4.1,5.42,5.2,19.8,0,948.7,172,0.8,2.9,0,0,0,0,0,0,0,308,66,29,97
BER,2011,1,8,18,6.7,82.7,8.1,4,5.36,5.4,20.2,0,948.3,180,1.5,5.2,0,0,0,0,0,0,0,290,73,29,97
BER,2011,1,8,19,6.1,84.7,8,3.7,5.29,5,19.4,0,948.4,194,1.7,3.9,0,0,0,0,0,0,0,316,94,29,97
BER,2011,1,8,20,4.5,89.2,7.5,2.9,4.96,3.8,16.9,0,948.4,198,0.8,2.1,0,0,0,0,0,0,0,326,100,29,97
BER,2011,1,8,21,4.4,90,7.5,2.9,4.96,3.7,16.8,0,948.4,180,0.3,1.3,0,0,0,0,0,0,0,322,94,29,97
BER,2011,1,8,22,4,90.2,7.3,2.5,4.82,3.3,16.1,0,948.4,171,0.7,1.3,0,0,0,0,0,0,0,308,78,29,97
BER,2011,1,8,23,2.9,92,7,1.7,4.62,2.4,14.5,0,948.5,196,0.8,1.6,0,0,0,0,0,0,0,293,41,29,97
BER,2011,1,9,0,2.4,92.5,6.7,1.3,4.43,1.9,13.5,0,948.4,194,1,2.8,0,0,0,0,0,0,0,308,78,27,97
BER,2011,1,9,1,1.8,92.2,6.4,0.7,4.23,1.3,12.4,0,948.3,202,0.7,2.3,0,0,0,0,0,0,0,308,79,27,97
BER,2011,1,9,2,2,89.5,6.3,0.5,4.16,1.4,12.4,0,948.4,198,1,2.7,0,0,0,0,0,0,0,300,58,27,97
BER,2011,1,9,3,1.7,91.9,6.3,0.5,4.16,1.2,12.1,0,948,207,0.5,1.4,0,0,0,0,0,0,0,296,45,27,97
BER,2011,1,9,4,1.4,91.2,6.2,0.1,4.1,0.9,11.6,0,947.8,201,0.9,2.7,0,0,0,0,0,0,0,298,54,27,97
BER,2011,1,9,5,1.4,89.9,6.1,-0.1,4.03,0.8,11.5,0,947.6,210,0.9,3.2,0,0,0,0,0,0,0,303,74,27,97
BER,2011,1,9,6,1.5,90.3,6.2,0.1,4.09,0.9,11.7,0,948,202,0.5,1.5,0,0,0,0,0,0,0,306,81,27,97
BER,2011,1,9,7,1.6,90,6.2,0.1,4.09,1,11.8,0,948.6,207,0.3,1,1,0,1,1,1,1,1,317,94,27,97
BER,2011,1,9,8,2.1,88.5,6.3,0.4,4.16,1.4,12.5,0,949.2,207,0.5,1.6,18,0,18,12,11,12,12,322,100,27,97
BER,2011,1,9,9,2.6,88.4,6.5,0.9,4.29,1.9,13.3,0,949.4,162,0.4,1.1,30,0,30,19,18,19,19,324,100,27,97
BER,2011,1,9,10,4,85.2,6.9,1.7,4.55,3,15.4,0,949.5,180,0.7,2.3,25,0,25,16,15,16,16,326,100,27,97
BER,2011,1,9,11,5.1,85.9,7.5,2.9,4.95,4.1,17.5,0,949.3,342,0.3,1,57,0,57,36,35,36,36,329,100,27,97
BER,2011,1,9,12,6.4,85.1,8.2,4.1,5.42,5.3,20,0,949.1,18,0.4,1.8,28,0,28,18,17,17,18,330,100,27,97
BER,2011,1,9,13,7.5,86.4,8.9,5.4,5.89,6.5,22.3,0.1,949.4,180,0.7,2.2,13,0,13,8,8,8,8,330,100,27,97
BER,2011,1,9,14,7.5,89.9,9.3,6,6.15,6.7,23,0.5,949.8,159,0.9,1.8,8,0,8,5,5,5,5,329,100,27,97
BER,2011,1,9,15,7.5,91.4,9.5,6.2,6.28,6.8,23.3,1.4,950.3,188,0.7,3.1,1,0,1,1,1,1,1,329,100,27,97
BER,2011,1,9,16,7.5,90.2,9.4,6,6.21,6.7,23.1,1.1,950.9,180,1.3,2.8,0,0,0,0,0,0,0,328,100,27,97
BER,2011,1,9,17,6.8,88.1,8.7,5,5.74,5.9,21.3,0.9,951.2,188,1.5,3.7,0,0,0,0,0,0,0,328,100,27,97
BER,2011,1,9,18,6.3,88.4,8.4,4.5,5.54,5.4,20.2,0.9,951.7,197,1.1,2.2,0,0,0,0,0,0,0,327,100,27,97
BER,2011,1,9,19,5.9,90.1,8.4,4.4,5.54,5.2,19.8,1.5,952.3,221,1.1,2.3,0,0,0,0,0,0,0,326,100,27,97
BER,2011,1,9,20,5.8,92.2,8.5,4.6,5.6,5.2,19.9,2.1,952.6,158,0.6,1.4,0,0,0,0,0,0,0,325,100,27,97
BER,2011,1,9,21,5.7,92.2,8.5,4.5,5.6,5.1,19.8,2.2,953.1,166,0.9,1.5,0,0,0,0,0,0,0,324,100,27,97
BER,2011,1,9,22,5.5,90.7,8.2,4.1,5.4,4.8,19.1,1,953.5,188,0.8,1.9,0,0,0,0,0,0,0,322,100,27,97
BER,2011,1,9,23,5.3,91.1,8.1,4,5.33,4.7,18.7,1.1,953.7,172,0.7,2.2,0,0,0,0,0,0,0,321,100,27,97
BER,2011,1,10,0,4.9,92.8,8,3.8,5.26,4.4,18.1,0.5,953.8,135,0.3,0.8,0,0,0,0,0,0,0,320,100,27,97
BER,2011,1,10,1,5,92.4,8.1,3.9,5.33,4.5,18.4,0,953.9,166,0.8,2.3,0,0,0,0,0,0,0,319,100,27,97
BER,2011,1,10,2,5.1,92.3,8.1,4,5.33,4.6,18.5,0,954.1,180,1,1.9,0,0,0,0,0,0,0,318,100,27,97
BER,2011,1,10,3,4.9,92.9,8.1,3.8,5.33,4.4,18.3,0.3,954,189,0.7,1.4,0,0,0,0,0,0,0,318,100,27,97
BER,2011,1,10,4,4.8,93.2,8,3.8,5.26,4.3,18,0.2,954,198,0.3,1.5,0,0,0,0,0,0,0,317,94,27,97
BER,2011,1,10,5,4.4,93.8,7.9,3.5,5.19,4,17.4,0.2,954,45,0.6,1.4,0,0,0,0,0,0,0,316,100,27,97
BER,2011,1,10,6,4.2,93.6,7.7,3.3,5.06,3.8,16.9,0,954.3,33,2.4,4.3,0,0,0,0,0,0,0,316,100,27,97
BER,2011,1,10,7,3.9,93.5,7.5,2.9,4.93,3.4,16.3,0,954.6,27,2,3.9,5,0,5,3,3,3,3,308,94,27,97
BER,2011,1,10,8,3.7,93.1,7.4,2.7,4.86,3.3,15.9,0,954.8,30,3.4,5.9,51,40,46,29,58,58,29,314,94,27,97
BER,2011,1,10,9,3.7,91.8,7.3,2.5,4.79,3.2,15.7,0,954.9,31,3.5,5.9,63,19,58,36,47,53,36,314,100,27,97
BER,2011,1,10,10,4,91.4,7.4,2.7,4.86,3.4,16.2,0,954.7,27,3.2,5.8,48,0,48,30,29,30,30,317,100,27,97
BER,2011,1,10,11,3.9,91.2,7.4,2.6,4.86,3.3,16.1,0,954.4,22,3.3,5.8,109,14,104,65,63,79,68,317,100,27,97
BER,2011,1,10,12,4,91.3,7.5,2.7,4.93,3.4,16.4,0,953.8,22,3.2,5.5,76,0,76,47,46,48,48,317,100,27,97
BER,2011,1,10,13,4.1,90.9,7.5,2.8,4.93,3.5,16.5,0,953.1,27,2.8,5,34,0,34,21,21,21,21,316,94,27,97
BER,2011,1,10,14,4.1,90.8,7.4,2.7,4.87,3.5,16.3,0,952.9,20,2.7,4.6,28,23,24,15,15,33,32,306,78,27,97
BER,2011,1,10,15,3.9,91.5,7.4,2.6,4.87,3.3,16.1,0,952.8,15,3,5.2,1,0,1,1,1,1,1,275,31,27,97
BER,2011,1,10,16,3.6,91.8,7.3,2.4,4.8,3.1,15.6,0,952.5,22,3.5,5.6,0,0,0,0,0,0,0,278,0,27,97
BER,2011,1,10,17,3.4,92.4,7.2,2.3,4.74,2.9,15.3,0,952.3,23,3.8,5.7,0,0,0,0,0,0,0,277,0,27,97
BER,2011,1,10,18,3.3,93.2,7.2,2.3,4.74,2.9,15.2,0,952.2,16,3.5,5.5,0,0,0,0,0,0,0,275,0,27,97
BER,2011,1,10,19,3.2,93.1,7.2,2.2,4.74,2.8,15.1,0,952.1,16,2.6,4.3,0,0,0,0,0,0,0,272,0,27,97
BER,2011,1,10,20,3.1,93.4,7.1,2.1,4.67,2.7,14.8,0,952,3,1.9,3.6,0,0,0,0,0,0,0,270,0,27,97
BER,2011,1,10,21,3,93.3,7.1,2,4.67,2.6,14.7,0,952,9,1.4,2.5,0,0,0,0,0,0,0,267,0,27,97
BER,2011,1,10,22,3,92.9,7,2,4.61,2.6,14.5,0,951.5,30,1.5,3.4,0,0,0,0,0,0,0,265,0,27,97
BER,2011,1,10,23,3,93,7,2,4.61,2.6,14.6,0,951,315,0.4,1.3,0,0,0,0,0,0,0,263,0,27,97
BER,2011,1,11,0,3.1,92.8,7.1,2.1,4.68,2.7,14.8,0,950.5,207,0.3,1.3,0,0,0,0,0,0,0,250,0,27,97
BER,2011,1,11,1,3.2,92.6,7.1,2.1,4.68,2.7,14.9,0,950.2,207,0.6,1.3,0,0,0,0,0,0,0,248,0,27,97
BER,2011,1,11,2,3.1,92.8,7.1,2.1,4.68,2.7,14.8,0,949.8,236,0.7,1.7,0,0,0,0,0,0,0,254,23,27,97
BER,2011,1,11,3,3.4,91.7,7.1,2.2,4.69,2.9,15.1,0,949.4,209,1,2.1,0,0,0,0,0,0,0,247,16,27,97
BER,2011,1,11,4,3.9,87.3,7,2,4.62,3.1,15.5,0,948.8,186,2,4,0,0,0,0,0,0,0,242,0,27,97
BER,2011,1,11,5,3.9,84.9,6.9,1.6,4.56,2.9,15.3,0,948.3,174,2.7,5.2,0,0,0,0,0,0,0,239,0,27,97
BER,2011,1,11,6,3.8,83.7,6.7,1.3,4.43,2.7,14.9,0,947.9,162,3,5.3,0,0,0,0,0,0,0,240,0,27,97
BER,2011,1,11,7,3.6,82.7,6.6,0.9,4.36,2.4,14.5,0,947.7,159,3.1,5.3,6,0,6,4,4,4,4,255,15,27,97
BER,2011,1,11,8,3.6,81.9,6.5,0.8,4.3,2.4,14.4,0,947.4,162,2.7,4.7,11,0,11,7,7,7,7,290,88,27,97
BER,2011,1,11,9,3.9,80.3,6.5,0.8,4.3,2.6,14.7,0,947.2,171,2,4.2,23,0,23,14,14,14,14,295,100,27,97
BER,2011,1,11,10,4.4,77.3,6.5,0.8,4.3,2.8,15.2,0,946.6,193,2.4,5.1,82,1,82,51,50,52,51,302,100,27,97
BER,2011,1,11,11,4.7,76.7,6.6,1,4.37,3.1,15.7,0,945.8,213,2.5,4.9,94,4,93,58,57,62,58,308,100,27,97
BER,2011,1,11,12,4.7,77.6,6.6,1.1,4.37,3.1,15.7,0,945.7,225,2.2,4.4,59,8,56,35,34,43,37,311,100,27,97
BER,2011,1,11,13,4.4,83.1,7,1.8,4.64,3.2,16,0.8,945.8,238,3,7.5,16,0,16,10,10,10,10,312,100,27,97
BER,2011,1,11,14,4.2,84.8,7,1.9,4.63,3.2,15.8,0.7,946.5,210,2.2,5.5,8,0,8,5,5,5,5,312,100,27,97
BER,2011,1,11,15,3.6,87.5,6.9,1.7,4.56,2.8,15,1.1,947.2,201,2.4,6.4,4,2,4,2,2,4,4,312,100,27,97
BER,2011,1,11,16,3.2,89.8,6.9,1.7,4.56,2.5,14.6,0.5,948,158,1.7,3.6,0,0,0,0,0,0,0,304,81,27,97
BER,2011,1,11,17,3.3,88.7,6.9,1.6,4.56,2.6,14.7,0.1,948.7,171,0.6,1.5,0,0,0,0,0,0,0,299,81,27,97
BER,2011,1,11,18,3.5,90.1,7.1,2,4.69,2.8,15.2,0.1,949.6,180,0.9,2.1,0,0,0,0,0,0,0,294,74,27,97
BER,2011,1,11,19,3.5,89.3,7,1.9,4.61,2.8,15.1,0,950.5,169,2.1,4.1,0,0,0,0,0,0,0,310,94,27,97
BER,2011,1,11,20,3.8,89.9,7.2,2.3,4.74,3.1,15.7,0.1,951.3,166,2.1,3.7,0,0,0,0,0,0,0,300,88,27,97
BER,2011,1,11,21,3.8,89.9,7.2,2.3,4.74,3.1,15.7,0,952.3,172,2.2,4.1,0,0,0,0,0,0,0,299,75,27,97
BER,2011,1,11,22,3.8,89.8,7.2,2.3,4.74,3.1,15.7,0,952.8,177,1.9,4.3,0,0,0,0,0,0,0,297,84,27,97
BER,2011,1,11,23,3.9,89,7.2,2.3,4.73,3.2,15.8,0,953.1,186,1.8,3.7,0,0,0,0,0,0,0,294,53,27,97
BER,2011,1,12,0,3.9,89.4,7.2,2.3,4.73,3.2,15.8,0,953.8,201,1.8,3.8,0,0,0,0,0,0,0,300,71,27,97
BER,2011,1,12,1,4,90.4,7.3,2.6,4.79,3.4,16,0,954.3,170,1.7,2.7,0,0,0,0,0,0,0,294,56,27,97
BER,2011,1,12,2,3.9,90.5,7.3,2.5,4.79,3.3,15.9,0,955.2,168,1.4,2.5,0,0,0,0,0,0,0,302,78,27,97
BER,2011,1,12,3,4.1,89.6,7.3,2.5,4.79,3.4,16.1,0,955.6,176,1.5,2.6,0,0,0,0,0,0,0,306,94,27,97
BER,2011,1,12,4,4,90.2,7.3,2.5,4.79,3.3,16,0,955.9,171,1.8,3.8,0,0,0,0,0,0,0,308,88,27,97
BER,2011,1,12,5,4.3,88.3,7.3,2.5,4.78,3.5,16.3,0,956.7,170,1.1,2.6,0,0,0,0,0,0,0,307,94,27,97
BER,2011,1,12,6,4.8,85.3,7.3,2.5,4.78,3.8,16.8,0,957,180,1,2.6,0,0,0,0,0,0,0,311,100,27,97
BER,2011,1,12,7,4.7,86.6,7.4,2.7,4.85,3.8,16.9,0,957.4,180,1.1,2.8,20,77,13,8,69,60,8,314,94,27,97
BER,2011,1,12,8,4.7,87.5,7.5,2.8,4.91,3.8,17,0,957.5,214,0.8,1.7,59,10,57,35,42,44,35,317,100,27,97
BER,2011,1,12,9,5.2,84.4,7.4,2.8,4.84,4.1,17.4,0,957.6,186,1,2.5,139,123,107,66,138,178,66,313,94,27,97
BER,2011,1,12,10,5.6,80.6,7.4,2.5,4.84,4.2,17.8,0,957.7,222,1.5,3.5,39,0,39,25,24,25,25,319,100,27,97
BER,2011,1,12,11,5.7,79.6,7.3,2.5,4.78,4.2,17.7,0,957.2,217,2.1,4.7,76,2,76,47,46,49,47,320,100,27,97
BER,2011,1,12,12,6,80.2,7.5,2.9,4.91,4.6,18.4,0,957.2,232,1.7,3.7,20,0,20,13,12,13,13,321,100,27,97
BER,2011,1,12,13,6,81.6,7.6,3.1,4.98,4.7,18.5,0,957.2,219,1.4,2.7,13,0,13,8,8,8,8,321,100,27,97
BER,2011,1,12,14,6,82.5,7.7,3.3,5.04,4.7,18.7,0.1,957.2,209,1.1,2,8,0,8,5,5,5,5,322,100,27,97
BER,2011,1,12,15,5.8,84.6,7.8,3.4,5.11,4.7,18.6,0,957.4,229,1,2.3,4,1,4,2,2,3,3,322,100,27,97
BER,2011,1,12,16,5.7,82.8,7.6,3,4.98,4.5,18.2,0,957.7,209,1.9,3.6,0,0,0,0,0,0,0,322,100,27,97
BER,2011,1,12,17,5.2,85.7,7.6,3,4.98,4.2,17.7,0.3,957.7,220,1.6,3.8,0,0,0,0,0,0,0,323,100,27,97
BER,2011,1,12,18,5.6,85.7,7.8,3.4,5.11,4.6,18.4,0,957.8,192,1.9,4.4,0,0,0,0,0,0,0,323,100,27,97
BER,2011,1,12,19,5.8,82.6,7.6,3.1,4.98,4.5,18.3,0,957.7,185,2.4,5,0,0,0,0,0,0,0,324,100,27,97
BER,2011,1,12,20,5.7,86.3,7.9,3.6,5.17,4.7,18.7,0.1,957.8,177,1.7,3.7,0,0,0,0,0,0,0,326,100,27,97
BER,2011,1,12,21,5.6,89.7,8.1,4,5.31,4.8,18.9,0.4,957.8,174,2.1,4.6,0,0,0,0,0,0,0,327,100,27,97
BER,2011,1,12,22,5.5,91.5,8.3,4.2,5.44,4.9,19.2,0.6,957.7,171,2,4.1,0,0,0,0,0,0,0,327,94,27,97
BER,2011,1,12,23,5.7,92,8.4,4.5,5.51,5.1,19.5,0.4,957.5,183,1.9,3.5,0,0,0,0,0,0,0,330,100,27,97
BER,2011,1,13,0,5.6,92.3,8.4,4.5,5.51,5.1,19.4,0.9,957.4,223,2,3.4,0,0,0,0,0,0,0,331,100,27,97
BER,2011,1,13,1,5.6,92.1,8.4,4.4,5.51,5,19.4,0.3,957.1,210,2.2,3.4,0,0,0,0,0,0,0,332,100,27,97
BER,2011,1,13,2,5.7,92.3,8.4,4.6,5.51,5.2,19.5,0,957,209,1.9,3.7,0,0,0,0,0,0,0,333,100,27,97
BER,2011,1,13,3,5.8,92.8,8.6,4.7,5.64,5.3,20,1.4,956.5,201,1.5,3.6,0,0,0,0,0,0,0,334,100,27,97
BER,2011,1,13,4,6.5,91.3,8.8,5.2,5.77,5.9,21,0.2,956.7,186,2,4.5,0,0,0,0,0,0,0,335,100,27,97
BER,2011,1,13,5,6.7,91.2,9,5.4,5.91,6.1,21.6,0,956.8,193,1.7,3.2,0,0,0,0,0,0,0,336,100,27,97
BER,2011,1,13,6,7,90.8,9.1,5.6,5.97,6.3,22,0,957.1,193,1.9,3.8,0,0,0,0,0,0,0,337,100,27,97
BER,2011,1,13,7,7.1,90.8,9.2,5.7,6.04,6.4,22.3,0,957.4,214,2,5.3,4,0,4,3,3,3,3,338,100,27,97
BER,2011,1,13,8,7.9,88.2,9.4,6.1,6.17,7,23.4,0,957.3,178,2.7,4.5,47,64,36,22,67,73,22,335,94,27,97
BER,2011,1,13,9,8.9,83.7,9.5,6.3,6.23,7.6,24.6,0,957.5,175,2.5,5.2,31,0,31,19,19,19,19,340,100,27,97
BER,2011,1,13,10,9.7,80.4,9.6,6.5,6.3,8,25.6,0,957.4,189,1.9,4.3,177,74,152,94,121,170,94,341,100,27,97
BER,2011,1,13,11,10.6,77.8,10,6.9,6.57,8.7,27.2,0,956.7,188,2.3,4.8,73,0,73,45,44,45,46,342,100,27,97
BER,2011,1,13,12,11.6,71.3,9.8,6.6,6.44,9,27.9,0,956.1,222,3,8.5,17,0,17,10,10,10,10,343,100,27,97
BER,2011,1,13,13,11.3,71.7,9.6,6.4,6.31,8.7,27.3,0,956.2,234,2.4,8.2,53,1,53,33,32,34,34,343,100,27,97
BER,2011,1,13,14,11.2,72.9,9.7,6.5,6.37,8.7,27.3,0,956.5,225,1.2,3.7,76,63,62,39,38,92,81,343,100,27,97
BER,2011,1,13,15,11.3,71.4,9.6,6.3,6.31,8.7,27.3,0,956.5,197,1.1,2.9,12,6,12,8,7,11,13,342,100,27,97
BER,2011,1,13,16,10.7,75.4,9.7,6.5,6.37,8.5,26.8,0,956.8,222,1.5,4.6,0,0,0,0,0,0,0,342,94,27,97
BER,2011,1,13,17,10.3,77.3,9.7,6.5,6.37,8.3,26.4,0,956.8,215,2,4.9,0,0,0,0,0,0,0,338,100,27,97
BER,2011,1,13,18,9.9,80.1,9.8,6.6,6.44,8.2,26.2,0,957,212,1.7,3.7,0,0,0,0,0,0,0,338,100,27,97
BER,2011,1,13,19,9.3,86.4,10.1,7.1,6.64,8.2,26,0,956.8,185,1.2,3,0,0,0,0,0,0,0,340,100,27,97
BER,2011,1,13,20,9,87.7,10.1,7.1,6.64,8,25.7,0,956.7,194,0.5,1.2,0,0,0,0,0,0,0,328,100,27,97
BER,2011,1,13,21,9.1,83.4,9.7,6.4,6.37,7.7,25.2,0,956.6,197,1.1,3.3,0,0,0,0,0,0,0,328,78,27,97
BER,2011,1,13,22,8.4,84.1,9.3,5.9,6.11,7.1,23.8,0,956.6,158,0.6,1.5,0,0,0,0,0,0,0,301,29,27,97
BER,2011,1,13,23,7.6,87.4,9.1,5.6,5.97,6.6,22.7,0,956.6,127,1,2.1,0,0,0,0,0,0,0,296,33,27,97
BER,2011,1,14,0,7.2,88.1,9,5.4,5.91,6.3,22.1,0,956.5,174,1.1,3.2,0,0,0,0,0,0,0,298,43,33,97
BER,2011,1,14,1,7.1,88.9,8.9,5.4,5.84,6.3,21.8,0,957,172,0.7,2.4,0,0,0,0,0,0,0,292,29,33,97
BER,2011,1,14,2,7.2,88.4,9,5.4,5.91,6.3,22.1,0,957,185,1.1,2.8,0,0,0,0,0,0,0,283,40,33,97
BER,2011,1,14,3,7.1,89.6,9,5.5,5.91,6.3,22,0,957,189,0.6,1.5,0,0,0,0,0,0,0,282,0,33,97
BER,2011,1,14,4,7.2,89.4,9.1,5.6,5.97,6.4,22.2,0,956.8,198,0.7,2,0,0,0,0,0,0,0,297,0,33,97
BER,2011,1,14,5,7.1,89.2,9,5.4,5.9,6.3,22,0,957.2,194,0.9,1.8,0,0,0,0,0,0,0,290,0,33,97
BER,2011,1,14,6,7.5,86.6,9,5.4,5.91,6.5,22.4,0,957,184,1.3,3.1,0,0,0,0,0,0,0,296,0,33,97
BER,2011,1,14,7,7.2,87.6,8.9,5.3,5.84,6.3,21.9,0,957.2,203,0.8,2.5,19,37,16,11,40,35,11,272,16,33,97
BER,2011,1,14,8,7.4,86.5,8.9,5.3,5.84,6.4,22.1,0,957,191,1,3,40,1,40,26,26,27,26,298,53,33,97
BER,2011,1,14,9,8.1,81.9,8.8,5.2,5.77,6.7,22.7,0,956.8,184,1.5,3.2,85,41,75,49,75,85,49,323,84,33,97
BER,2011,1,14,10,8.8,79.2,9,5.4,5.91,7.1,23.7,0,956.5,168,1.5,2.8,102,2,101,66,65,68,66,335,100,33,97
BER,2011,1,14,11,9.4,76.8,9,5.5,5.91,7.4,24.3,0,956.2,165,1.1,2.2,87,0,87,56,55,56,57,337,100,33,97
BER,2011,1,14,12,10,73,8.9,5.4,5.85,7.7,24.8,0,955.6,173,0.8,1.8,55,0,55,36,35,36,36,338,100,33,97
BER,2011,1,14,13,10.1,69.8,8.6,4.8,5.65,7.4,24.4,0,955.4,210,0.9,2,33,0,33,22,21,22,22,336,100,33,97
BER,2011,1,14,14,9.9,68.9,8.4,4.5,5.52,7.2,23.8,0,955.3,277,0.9,2.1,77,36,71,46,46,74,73,318,78,33,97
BER,2011,1,14,15,9.3,72.8,8.5,4.7,5.59,7,23.4,0,955,243,0.2,0.8,25,34,22,15,14,37,42,295,68,33,97
BER,2011,1,14,16,7.1,83.2,8.3,4.4,5.45,5.8,20.8,0,955,63,0.4,1.5,0,0,0,0,0,0,0,306,88,33,97
BER,2011,1,14,17,5.4,88.8,8,3.7,5.26,4.6,18.6,0,954.9,14,0.4,0.9,0,0,0,0,0,0,0,326,94,33,97
BER,2011,1,14,18,5.4,87.7,7.9,3.5,5.19,4.5,18.4,0,954.6,173,0.8,1.7,0,0,0,0,0,0,0,317,94,33,97
BER,2011,1,14,19,4.7,89.6,7.7,3.1,5.06,4,17.4,0,955,191,0.6,1.9,0,0,0,0,0,0,0,322,94,33,97
BER,2011,1,14,20,4,90.6,7.4,2.6,4.86,3.4,16.2,0,955.4,169,1.1,2.8,0,0,0,0,0,0,0,304,75,33,97
BER,2011,1,14,21,4.1,90.1,7.4,2.6,4.85,3.4,16.3,0,956.5,207,0.5,4.8,0,0,0,0,0,0,0,277,36,33,97
BER,2011,1,14,22,4.6,88.5,7.5,2.9,4.91,3.8,16.9,0,957.1,151,1.3,2.6,0,0,0,0,0,0,0,309,94,33,97
BER,2011,1,14,23,7,77.4,7.7,3.3,5.04,5.3,19.7,0,957.4,155,1.8,4.1,0,0,0,0,0,0,0,301,78,33,97
BER,2011,1,15,0,8.5,71.3,7.9,3.6,5.17,6.1,21.5,0.3,958.2,216,2.9,6.9,0,0,0,0,0,0,0,321,94,28,97
BER,2011,1,15,1,7.9,83,8.8,5.2,5.76,6.6,22.4,0.6,959,239,1.9,6.8,0,0,0,0,0,0,0,301,78,28,97
BER,2011,1,15,2,7.8,86.6,9.1,5.7,5.95,6.7,22.8,1.9,959.6,270,2.6,7.6,0,0,0,0,0,0,0,294,63,28,97
BER,2011,1,15,3,7.7,88.7,9.3,6,6.08,6.8,23,0.1,960.4,225,1.9,5.4,0,0,0,0,0,0,0,302,58,28,97
BER,2011,1,15,4,7.6,88.2,9.2,5.8,6.01,6.7,22.7,0.3,961.1,207,1.5,4.3,0,0,0,0,0,0,0,318,78,28,97
BER,2011,1,15,5,7.3,86.7,8.9,5.2,5.81,6.3,21.9,0,961.7,159,1.5,3.5,0,0,0,0,0,0,0,299,45,28,97
BER,2011,1,15,6,6.5,89.7,8.7,4.9,5.68,5.7,20.8,0,962.2,157,0.9,2.1,0,0,0,0,0,0,0,295,36,28,97
BER,2011,1,15,7,5.1,92.6,8.2,4,5.35,4.6,18.5,0,962,141,0.7,1.8,22,83,14,9,75,64,9,299,25,28,97
BER,2011,1,15,8,4.6,94,8,3.7,5.21,4.2,17.7,0,962.4,315,0.2,0.8,154,554,54,37,430,461,37,279,33,28,97
BER,2011,1,15,9,6.8,88.2,8.7,5,5.67,5.9,21.1,0,963.1,45,0.3,0.9,257,635,80,57,400,621,57,281,45,28,97
BER,2011,1,15,10,8.1,83,9,5.4,5.87,6.8,22.9,0,962.5,138,1.4,2.8,345,785,74,63,313,815,63,275,6,28,97
BER,2011,1,15,11,8.8,75.6,8.6,4.7,5.61,6.8,23,0,962,153,1.9,3.9,367,765,84,69,128,827,108,276,23,28,97
BER,2011,1,15,12,9.4,70.5,8.3,4.3,5.42,6.9,23.1,0,961.6,162,1.4,4,263,336,142,89,88,433,185,310,73,28,97
BER,2011,1,15,13,9.5,67.2,8,3.7,5.22,6.7,22.7,0,961.6,156,1.1,2.9,235,413,117,74,74,452,298,306,71,28,97
BER,2011,1,15,14,9.7,66.5,8,3.8,5.22,6.8,22.9,0,962,140,0.8,1.9,162,483,67,44,44,426,377,282,48,28,97
BER,2011,1,15,15,9.4,67,7.9,3.6,5.15,6.6,22.4,0,962.2,194,0.5,1.9,45,219,24,15,15,160,189,282,13,28,97
BER,2011,1,15,16,5.9,86.5,8,3.8,5.21,4.9,19,0,962.3,45,0.3,1.2,0,0,0,0,0,0,0,288,23,28,97
BER,2011,1,15,17,4.5,90,7.6,3,4.95,3.8,16.9,0,962.5,45,0.4,1.6,0,0,0,0,0,0,0,298,50,28,97
BER,2011,1,15,18,4.4,90.9,7.6,3,4.95,3.8,16.8,0,962.9,0,0.3,0.8,0,0,0,0,0,0,0,310,100,28,97
BER,2011,1,15,19,4,90.3,7.4,2.6,4.82,3.4,16.1,0,963,180,0.6,2.2,0,0,0,0,0,0,0,289,44,28,97
BER,2011,1,15,20,3.2,91.7,7.1,2,4.62,2.7,14.8,0,962.9,203,0.7,1.7,0,0,0,0,0,0,0,282,48,28,97
BER,2011,1,15,21,3,91.6,6.9,1.8,4.49,2.5,14.2,0,963.1,211,0.7,1.5,0,0,0,0,0,0,0,285,53,28,97
BER,2011,1,15,22,2.5,93.7,6.8,1.6,4.42,2.1,13.6,0,962.9,225,0.5,1.3,0,0,0,0,0,0,0,290,78,28,97
BER,2011,1,15,23,2.6,92,6.8,1.4,4.43,2.1,13.7,0,962.5,186,1,1.6,0,0,0,0,0,0,0,280,41,28,97
BER,2011,1,16,0,0.8,93.4,6.1,-0.1,3.97,0.4,10.7,0,962.1,201,0.9,1.6,0,0,0,0,0,0,0,262,0,26,97
BER,2011,1,16,1,1.3,92.4,6.2,0.2,4.03,0.8,11.4,0,962.1,187,0.8,1.7,0,0,0,0,0,0,0,259,0,26,97
BER,2011,1,16,2,0.8,92.1,6,-0.3,3.9,0.4,10.5,0,961.9,187,0.8,1.8,0,0,0,0,0,0,0,255,0,26,97
BER,2011,1,16,3,0.2,92.8,5.8,-0.8,3.77,-0.2,9.6,0,961.9,207,0.9,2.5,0,0,0,0,0,0,0,252,0,26,97
BER,2011,1,16,4,-0.2,93.2,5.6,-1.2,3.64,-0.6,8.9,0,962,135,0.2,0.6,0,0,0,0,0,0,0,249,0,26,97
BER,2011,1,16,5,-0.4,93.3,5.6,-1.3,3.64,-0.7,8.7,0,962.3,180,0.4,0.8,0,0,0,0,0,0,0,245,0,26,97
BER,2011,1,16,6,-0.8,92.6,5.4,-1.8,3.51,-1.2,7.9,0,962.8,180,0.8,1.7,0,0,0,0,0,0,0,244,0,26,97
BER,2011,1,16,7,-0.9,91.8,5.3,-2.1,3.44,-1.3,7.7,0,963.2,180,1,2,23,101,14,9,90,76,9,246,0,26,97
BER,2011,1,16,8,-0.1,91.1,5.5,-1.4,3.57,-0.6,8.8,0,963,194,0.7,1.6,158,582,53,35,448,477,35,249,0,26,97
BER,2011,1,16,9,1.9,87,6.1,0,3.96,1.1,11.8,0,963.2,225,0.6,1.3,275,729,70,51,444,694,51,251,0,26,97
BER,2011,1,16,10,4.2,81.6,6.7,1.3,4.36,2.9,15.1,0,963,225,1.1,2.2,354,788,81,62,320,819,62,254,0,26,97
BER,2011,1,16,11,6.8,70.7,6.9,1.9,4.49,4.6,18.1,0,962.4,225,1.1,2.1,388,826,80,66,127,881,107,238,0,26,97
BER,2011,1,16,12,8.1,60.9,6.6,1,4.3,4.9,18.9,0,961.8,230,0.8,2,365,800,81,64,65,839,289,230,0,26,97
BER,2011,1,16,13,9.1,58.4,6.8,1.4,4.43,5.6,20.3,0,961.2,252,0.4,1.6,298,768,70,53,54,742,436,254,0,26,97
BER,2011,1,16,14,9.6,57.6,6.9,1.7,4.5,5.9,21,0,961.1,360,0.3,1.3,183,615,59,39,40,523,460,251,0,26,97
BER,2011,1,16,15,8.4,71.9,7.9,3.6,5.15,6.1,21.4,0,961.2,360,1.2,2,49,234,25,15,15,170,202,249,0,26,97
BER,2011,1,16,16,4.9,84.9,7.3,2.6,4.76,3.9,16.9,0,961.4,15,1.6,2.3,0,0,0,0,0,0,0,246,0,26,97
BER,2011,1,16,17,3.1,89.3,6.8,1.5,4.43,2.4,14.2,0,961.6,14,0.4,1.6,0,0,0,0,0,0,0,244,0,26,97
BER,2011,1,16,18,2.6,91,6.7,1.3,4.36,2,13.5,0,961.9,45,0.4,1,0,0,0,0,0,0,0,242,0,26,97
BER,2011,1,16,19,2.1,91.5,6.5,0.9,4.23,1.6,12.7,0,962.2,191,0.6,1.2,0,0,0,0,0,0,0,242,0,26,97
BER,2011,1,16,20,1.2,92.2,6.1,0.1,3.97,0.8,11.1,0,962.4,203,0.8,1.8,0,0,0,0,0,0,0,243,0,26,97
BER,2011,1,16,21,0.2,93.2,5.8,-0.8,3.77,-0.2,9.6,0,962.3,211,0.7,1.8,0,0,0,0,0,0,0,243,0,26,97
BER,2011,1,16,22,0.3,92.9,5.8,-0.7,3.77,-0.1,9.7,0,962.3,214,0.5,1.2,0,0,0,0,0,0,0,243,0,26,97
BER,2011,1,16,23,-0.4,92.5,5.5,-1.5,3.58,-0.8,8.5,0,962.3,219,0.7,1.1,0,0,0,0,0,0,0,243,0,26,97
BER,2011,1,17,0,-0.3,92,5.5,-1.4,3.58,-0.7,8.6,0,962,196,0.7,1.4,0,0,0,0,0,0,0,243,0,25,97
BER,2011,1,17,1,-0.8,94.3,5.4,-1.6,3.51,-1.1,7.9,0,962,214,0.4,1,0,0,0,0,0,0,0,244,0,25,97
BER,2011,1,17,2,-0.5,93.3,5.5,-1.4,3.58,-0.8,8.4,0,961.9,162,0.3,1.1,0,0,0,0,0,0,0,244,0,25,97
BER,2011,1,17,3,-1.1,93.7,5.3,-2,3.45,-1.4,7.5,0,961.6,162,0.3,1,0,0,0,0,0,0,0,245,0,25,97
BER,2011,1,17,4,-1.3,92.2,5.2,-2.4,3.38,-1.7,7.1,0,961.4,194,0.5,1.3,0,0,0,0,0,0,0,246,0,25,97
BER,2011,1,17,5,-1.6,92.3,5,-2.7,3.25,-2,6.5,0,961.2,187,0.9,1.4,0,0,0,0,0,0,0,246,0,25,97
BER,2011,1,17,6,-1.4,91.6,5.1,-2.6,3.32,-1.8,6.9,0,961.1,172,0.9,1.8,0,0,0,0,0,0,0,248,0,25,97
BER,2011,1,17,7,-1.7,92,5,-2.8,3.25,-2.1,6.4,0,961.3,207,0.5,1.2,23,85,15,9,77,65,9,252,0,25,97
BER,2011,1,17,8,-0.7,91,5.3,-2,3.45,-1.2,7.9,0,961.2,189,0.6,1.3,155,561,53,34,435,459,34,256,0,25,97
BER,2011,1,17,9,1.3,88.3,6,-0.4,3.91,0.6,11.1,0,961.5,180,0.4,1.2,270,706,70,50,432,671,50,260,0,25,97
BER,2011,1,17,10,4.3,79,6.5,1,4.23,2.9,14.9,0,961.4,207,0.9,1.7,351,787,75,59,314,811,59,265,0,25,97
BER,2011,1,17,11,5.9,71.2,6.6,1.1,4.3,3.8,16.7,0,961.3,221,1.1,2,380,798,80,64,124,850,103,269,0,25,97
BER,2011,1,17,12,7.2,67.7,6.9,1.6,4.5,4.7,18.5,0,960.9,243,1.1,2.6,358,773,81,62,63,810,278,271,0,25,97
BER,2011,1,17,13,8.1,69.1,7.4,2.8,4.83,5.6,20.3,0,960.8,283,1.9,3.5,293,750,67,51,52,723,422,270,0,25,97
BER,2011,1,17,14,7.7,73.4,7.7,3.3,5.02,5.6,20.4,0,961.1,274,1.4,3.3,178,576,60,39,39,492,433,275,13,25,97
BER,2011,1,17,15,7,76.4,7.6,3.1,4.96,5.2,19.5,0,961.3,249,0.9,2.3,57,246,32,18,18,183,217,278,40,25,97
BER,2011,1,17,16,4.6,85.6,7.3,2.4,4.76,3.6,16.5,0,961.6,0,0.4,1.1,0,0,0,0,0,0,0,302,88,25,97
BER,2011,1,17,17,2.9,90.6,6.8,1.5,4.43,2.3,14,0,961.7,180,0.3,0.9,0,0,0,0,0,0,0,294,68,25,97
BER,2011,1,17,18,2.5,91.4,6.7,1.2,4.36,1.9,13.4,0,962,27,0.6,1.3,0,0,0,0,0,0,0,285,55,25,97
BER,2011,1,17,19,2.3,90.6,6.5,0.9,4.23,1.7,12.9,0,962.1,194,0.8,1.9,0,0,0,0,0,0,0,271,16,25,97
BER,2011,1,17,20,1.7,92.2,6.3,0.6,4.1,1.2,12,0,962.1,194,0.9,2,0,0,0,0,0,0,0,278,23,25,97
BER,2011,1,17,21,1.4,92.7,6.3,0.3,4.1,0.9,11.6,0,962.1,198,0.5,1.5,0,0,0,0,0,0,0,268,0,25,97
BER,2011,1,17,22,1,91.9,6,-0.2,3.9,0.5,10.7,0,962.2,162,0.5,1.5,0,0,0,0,0,0,0,266,0,25,97
BER,2011,1,17,23,0.4,92.6,5.8,-0.7,3.77,0,9.8,0,962.2,214,0.7,1.9,0,0,0,0,0,0,0,266,0,25,97
BER,2011,1,18,0,-0.1,92.8,5.7,-1.1,3.71,-0.5,9.1,0,962.2,45,0.5,1.3,0,0,0,0,0,0,0,265,0,25,97
BER,2011,1,18,1,-0.2,92.7,5.6,-1.2,3.64,-0.6,8.9,0,962,153,0.4,1,0,0,0,0,0,0,0,264,0,25,97
BER,2011,1,18,2,-0.4,92.5,5.5,-1.5,3.58,-0.8,8.5,0,962,360,0.5,2.3,0,0,0,0,0,0,0,263,0,25,97
BER,2011,1,18,3,-1.1,93,5.2,-2.1,3.38,-1.5,7.3,0,961.5,180,0.9,2.1,0,0,0,0,0,0,0,268,0,25,97
BER,2011,1,18,4,-1.3,93.2,5.2,-2.3,3.38,-1.7,7.1,0,961.2,225,0.6,1.3,0,0,0,0,0,0,0,268,6,25,97
BER,2011,1,18,5,-1.5,93,5.1,-2.5,3.32,-1.9,6.8,0,961.4,180,0.3,0.9,0,0,0,0,0,0,0,284,55,25,97
BER,2011,1,18,6,-0.8,91.6,5.3,-2,3.45,-1.3,7.8,0,961.6,45,0.8,1.5,0,0,0,0,0,0,0,286,64,25,97
BER,2011,1,18,7,-0.8,90.5,5.2,-2.2,3.38,-1.3,7.6,0,961.8,191,0.8,1.8,5,0,5,3,3,3,3,299,90,25,97
BER,2011,1,18,8,-0.2,91.1,5.5,-1.5,3.58,-0.7,8.7,0,961.7,233,0.6,1.9,80,46,72,44,78,79,44,304,94,25,97
BER,2011,1,18,9,1,88.4,5.8,-0.7,3.77,0.3,10.4,0,961.7,180,0.3,0.9,243,501,101,62,345,512,62,303,71,25,97
BER,2011,1,18,10,2.4,86.6,6.3,0.4,4.1,1.6,12.7,0,961.2,216,0.8,1.8,272,326,158,93,223,423,93,301,78,25,97
BER,2011,1,18,11,4.8,75.2,6.5,0.8,4.24,3.1,15.4,0,960.8,233,1,2.1,242,163,180,108,135,280,115,315,94,25,97
BER,2011,1,18,12,6.1,70.3,6.6,1.1,4.31,3.9,16.9,0,960,180,1.1,2.2,177,80,147,89,87,173,113,319,100,25,97
BER,2011,1,18,13,6.4,68.2,6.6,1,4.31,4,17.2,0,959.7,297,0.5,1.7,67,0,67,41,40,41,41,318,100,25,97
BER,2011,1,18,14,6.5,67.9,6.6,1,4.31,4.1,17.3,0,959.9,233,0.5,1.5,95,50,85,52,51,91,89,316,100,25,97
BER,2011,1,18,15,5.9,70.9,6.6,1,4.31,3.7,16.7,0,960.1,256,0.8,1.8,32,63,24,15,14,57,65,312,100,25,97
BER,2011,1,18,16,4.7,77.8,6.7,1.2,4.37,3.2,15.7,0,960.3,360,0.2,0.9,0,0,0,0,0,0,0,305,71,25,97
BER,2011,1,18,17,2.7,87.4,6.5,0.8,4.24,1.9,13.3,0,960.6,14,0.8,1.7,0,0,0,0,0,0,0,304,75,25,97
BER,2011,1,18,18,3,87.5,6.6,1.1,4.3,2.2,13.8,0,960.8,180,0.5,1.3,0,0,0,0,0,0,0,299,94,25,97
BER,2011,1,18,19,3.4,87.1,6.8,1.5,4.43,2.6,14.5,0,960.7,180,0.8,1.8,0,0,0,0,0,0,0,296,80,25,97
BER,2011,1,18,20,3.5,86.9,6.8,1.5,4.43,2.6,14.6,0,960.8,225,0.3,1,0,0,0,0,0,0,0,298,78,25,97
BER,2011,1,18,21,3.3,87.8,6.8,1.5,4.43,2.5,14.4,0,960.9,169,0.7,1.6,0,0,0,0,0,0,0,299,74,25,97
BER,2011,1,18,22,3.5,87.7,6.9,1.7,4.5,2.7,14.8,0,960.8,141,0.7,1.9,0,0,0,0,0,0,0,300,88,25,97
BER,2011,1,18,23,2.9,89.5,6.7,1.3,4.37,2.2,13.8,0,960.9,270,0.4,1.7,0,0,0,0,0,0,0,299,74,25,97
BER,2011,1,19,0,2,90.5,6.4,0.6,4.17,1.4,12.4,0,961.1,18,0.7,2.3,0,0,0,0,0,0,0,303,100,25,97
BER,2011,1,19,1,2.3,89.6,6.5,0.8,4.23,1.7,12.9,0,961.3,90,0.7,1.9,0,0,0,0,0,0,0,300,100,25,97
BER,2011,1,19,2,2.2,90.6,6.5,0.8,4.24,1.6,12.8,0,961.1,166,0.6,1.6,0,0,0,0,0,0,0,297,100,25,97
BER,2011,1,19,3,2.5,90.2,6.6,1.1,4.3,1.9,13.3,0,960.9,198,0.4,1,0,0,0,0,0,0,0,298,100,25,97
BER,2011,1,19,4,2.5,90,6.6,1,4.3,1.9,13.3,0,960.8,174,0.9,1.9,0,0,0,0,0,0,0,297,100,25,97
BER,2011,1,19,5,2.3,89.8,6.5,0.8,4.24,1.7,12.9,0,960.8,270,0.3,1.4,0,0,0,0,0,0,0,294,100,25,97
BER,2011,1,19,6,2.5,88,6.4,0.7,4.17,1.7,12.9,0,960.9,0,0.1,0.9,0,0,0,0,0,0,0,291,100,25,97
BER,2011,1,19,7,2.7,85,6.3,0.4,4.1,1.7,13,0,961.4,6,1,5,7,0,7,4,4,4,4,289,100,25,97
BER,2011,1,19,8,2.8,85.7,6.4,0.6,4.17,1.9,13.2,0,961.4,25,1.7,3.3,80,67,66,40,87,95,40,287,88,25,97
BER,2011,1,19,9,2.9,85.2,6.4,0.7,4.17,2,13.3,0,961.9,360,1.4,3.1,61,1,61,37,37,39,38,285,100,25,97
BER,2011,1,19,10,3.3,79.3,6.1,0.1,3.97,2,13.3,0,961.8,21,2.9,6.3,35,0,35,21,21,21,22,286,100,25,97
BER,2011,1,19,11,3.3,73.7,5.7,-0.9,3.71,1.6,12.6,0,961.7,45,2.6,5.3,72,0,72,44,43,44,45,286,100,25,97
BER,2011,1,19,12,3.3,69.3,5.4,-1.8,3.51,1.3,12.1,0,961.3,40,3.3,6.4,20,0,20,12,12,12,12,285,100,25,97
BER,2011,1,19,13,2.8,69.9,5.2,-2.1,3.38,0.9,11.3,0,961.2,20,3.4,6.4,15,0,15,9,9,9,9,279,100,25,97
BER,2011,1,19,14,2.5,68.8,5,-2.6,3.25,0.5,10.6,0,961.5,26,3,6,10,0,10,6,6,6,6,273,100,25,97
BER,2011,1,19,15,2.3,67.4,4.8,-3.1,3.12,0.2,10.1,0,961.7,32,2.2,5,6,0,6,4,4,4,4,269,100,25,97
BER,2011,1,19,16,2,63.5,4.5,-4.2,2.92,-0.3,9.3,0,961.8,39,1.9,4.6,0,0,0,0,0,0,0,266,100,25,97
BER,2011,1,19,17,1.5,61.1,4.2,-5.2,2.73,-0.9,8.3,0,961.9,36,1.4,3.8,0,0,0,0,0,0,0,263,100,25,97
BER,2011,1,19,18,0.8,64.9,4.2,-5,2.73,-1.3,7.6,0,961.9,63,1.1,2.3,0,0,0,0,0,0,0,261,100,25,97
BER,2011,1,19,19,-0.3,72.3,4.3,-4.7,2.79,-1.8,6.7,0,961.6,45,1.4,2.5,0,0,0,0,0,0,0,260,100,25,97
BER,2011,1,19,20,-1.3,78.8,4.4,-4.5,2.86,-2.4,5.8,0,961.5,11,1.1,2.3,0,0,0,0,0,0,0,258,100,25,97
BER,2011,1,19,21,-2.1,82.8,4.4,-4.6,2.86,-3,5,0,961.2,360,1.1,1.7,0,0,0,0,0,0,0,257,100,25,97
BER,2011,1,19,22,-2.4,84.8,4.3,-4.6,2.8,-3.1,4.5,0,960.8,14,0.6,1.7,0,0,0,0,0,0,0,255,100,25,97
BER,2011,1,19,23,-2.9,86.1,4.2,-4.9,2.73,-3.6,3.9,0,960.7,360,0.4,1,0,0,0,0,0,0,0,254,100,25,97
BER,2011,1,20,0,-3.3,87.5,4.2,-5.1,2.73,-3.9,3.5,0,960.5,15,1.1,1.8,0,0,0,0,0,0,0,234,0,25,97
BER,2011,1,20,1,-3.7,88.5,4.1,-5.3,2.67,-4.2,2.9,0,960.3,27,1.1,1.8,0,0,0,0,0,0,0,234,0,25,97
BER,2011,1,20,2,-3.8,88.8,4.1,-5.4,2.67,-4.3,2.8,0,960,18,0.4,1.2,0,0,0,0,0,0,0,233,0,25,97
BER,2011,1,20,3,-4.4,90.8,4,-5.7,2.6,-4.8,2,0,959.6,360,0.2,0.9,0,0,0,0,0,0,0,235,25,25,97
BER,2011,1,20,4,-4,90.1,4.1,-5.4,2.67,-4.5,2.6,0,959.2,198,0.4,1.4,0,0,0,0,0,0,0,243,60,25,97
BER,2011,1,20,5,-3.6,88.4,4.1,-5.2,2.67,-4.1,3,0,959.1,198,0.6,1.3,0,0,0,0,0,0,0,252,100,25,97
BER,2011,1,20,6,-2.9,87.3,4.3,-4.7,2.8,-3.5,4,0,958.8,239,0.6,1.3,0,0,0,0,0,0,0,252,100,25,97
BER,2011,1,20,7,-2.9,87.8,4.4,-4.6,2.87,-3.5,4.2,0,958.7,203,0.9,2.3,25,91,18,11,86,67,11,250,78,25,97
BER,2011,1,20,8,-2.1,85.5,4.5,-4.2,2.93,-2.8,5.2,0,958.5,203,0.8,1.8,44,40,39,24,54,52,24,255,100,25,97
BER,2011,1,20,9,-0.9,79.2,4.6,-4,3,-2,6.6,0,958.6,197,1.3,2.3,28,0,28,17,17,17,17,256,100,25,97
BER,2011,1,20,10,-1.3,88.1,4.9,-3,3.19,-1.9,6.6,0.6,958.9,28,1.7,3.5,71,1,71,44,43,44,44,257,100,25,97
BER,2011,1,20,11,-1.5,88.4,4.9,-3.2,3.2,-2.1,6.4,0.2,958.7,34,1.1,3,129,24,119,73,71,98,78,258,100,25,97
BER,2011,1,20,12,-0.6,82.8,4.9,-3.2,3.2,-1.5,7.4,0,958.4,336,1,2.5,83,3,82,50,49,54,51,259,100,25,97
BER,2011,1,20,13,-0.7,82.9,4.8,-3.2,3.13,-1.6,7.1,0,958.4,15,2.5,5.1,22,0,22,14,13,14,14,258,100,25,97
BER,2011,1,20,14,-1.1,83.1,4.7,-3.6,3.07,-2,6.5,0.1,958.3,29,1.9,5,60,9,58,35,35,43,42,256,100,25,97
BER,2011,1,20,15,-1.2,83.4,4.7,-3.6,3.07,-2.1,6.4,0,958.4,14,1.3,2.6,28,34,25,15,15,36,43,255,94,25,97
BER,2011,1,20,16,-1.7,87,4.7,-3.6,3.06,-2.4,5.9,0,958.6,34,0.4,0.9,0,0,0,0,0,0,0,257,100,25,97
BER,2011,1,20,17,-1.6,90.1,4.9,-3,3.2,-2.1,6.3,0.6,958.7,17,1.1,2.5,0,0,0,0,0,0,0,256,100,25,97
BER,2011,1,20,18,-1.6,90.6,4.9,-2.9,3.19,-2.1,6.3,0.2,958.9,21,1.8,4.4,0,0,0,0,0,0,0,255,94,25,97
BER,2011,1,20,19,-1.9,87.6,4.7,-3.7,3.06,-2.5,5.7,0,959.1,30,1.4,3.8,0,0,0,0,0,0,0,254,88,25,97
BER,2011,1,20,20,-2.6,84.2,4.3,-4.9,2.8,-3.4,4.3,0,959.3,9,1.4,4.5,0,0,0,0,0,0,0,252,81,25,97
BER,2011,1,20,21,-3.1,85.3,4.2,-5.2,2.73,-3.8,3.7,0,959.5,360,1,2.3,0,0,0,0,0,0,0,248,81,25,97
BER,2011,1,20,22,-2.1,86.9,4.6,-4,3,-2.8,5.3,0.1,959.6,28,1.5,4.9,0,0,0,0,0,0,0,249,94,25,97
BER,2011,1,20,23,-1.8,85.3,4.6,-3.9,3,-2.5,5.6,0,959.5,30,2.5,6.2,0,0,0,0,0,0,0,248,100,25,97
BER,2011,1,21,0,-1.8,86.4,4.6,-3.8,3,-2.5,5.6,0,959.4,29,2.3,6.7,0,0,0,0,0,0,0,246,100,25,97
BER,2011,1,21,1,-1.8,86.4,4.7,-3.8,3.06,-2.5,5.8,0,959.6,22,3.5,6.9,0,0,0,0,0,0,0,244,100,25,97
BER,2011,1,21,2,-1.6,86.6,4.7,-3.5,3.06,-2.3,6,0,959.5,22,3.2,6.9,0,0,0,0,0,0,0,242,100,25,97
BER,2011,1,21,3,-1.7,84.2,4.6,-4,3,-2.5,5.7,0,959.6,30,3.4,8,0,0,0,0,0,0,0,240,100,25,97
BER,2011,1,21,4,-2.1,80.9,4.3,-4.9,2.8,-3.1,4.9,0,959.5,34,4,10.3,0,0,0,0,0,0,0,238,100,25,97
BER,2011,1,21,5,-2.4,80.7,4.2,-5.3,2.73,-3.4,4.4,0,959.8,36,4.4,9.3,0,0,0,0,0,0,0,236,100,25,97
BER,2011,1,21,6,-2.8,81,4,-5.6,2.6,-3.7,3.6,0,960.2,36,3.7,7.5,0,0,0,0,0,0,0,235,100,25,97
BER,2011,1,21,7,-2.6,80.1,4.1,-5.6,2.67,-3.6,4,0,960.5,24,3.6,6.7,2,0,2,1,1,1,1,236,100,25,97
BER,2011,1,21,8,-2.4,80.8,4.2,-5.2,2.73,-3.3,4.4,0,960.9,21,3.7,7.4,61,18,57,35,47,50,35,236,94,25,97
BER,2011,1,21,9,-2.2,77.9,4,-5.5,2.6,-3.3,4.3,0,961,24,3.4,8.3,23,0,23,14,14,14,14,237,100,25,97
BER,2011,1,21,10,-2.1,76.1,4,-5.7,2.6,-3.3,4.4,0,961,41,2.9,6.7,21,0,21,13,13,13,13,238,100,25,97
BER,2011,1,21,11,-1.7,75.7,4.1,-5.4,2.67,-2.9,4.9,0,960.8,27,3.4,8.3,20,0,20,13,12,13,13,239,100,25,97
BER,2011,1,21,12,-1.5,72.1,3.9,-5.9,2.54,-3,4.8,0,960.5,35,3.9,10.2,24,0,24,15,15,15,15,240,100,25,97
BER,2011,1,21,13,-1.6,69.8,3.8,-6.4,2.47,-3.2,4.5,0,960.4,31,4.6,9.7,16,0,16,10,9,10,10,239,100,25,97
BER,2011,1,21,14,-1.8,70.3,3.8,-6.5,2.47,-3.3,4.3,0,960.4,32,4.5,9.5,10,0,10,6,6,6,6,239,100,25,97
BER,2011,1,21,15,-2.1,68,3.6,-7.2,2.34,-3.7,3.7,0,960.5,40,3.8,9.1,6,0,6,4,3,4,4,239,100,25,97
BER,2011,1,21,16,-2.6,67.5,3.4,-7.8,2.21,-4.2,2.9,0,960.8,46,4,9.5,0,0,0,0,0,0,0,239,100,25,97
BER,2011,1,21,17,-3.1,66.1,3.2,-8.5,2.08,-4.7,2,0,961,56,2.9,8.1,0,0,0,0,0,0,0,239,100,25,97
BER,2011,1,21,18,-3.3,68,3.3,-8.4,2.14,-4.8,2,0,961.3,49,1.9,5.7,0,0,0,0,0,0,0,238,100,25,97
BER,2011,1,21,19,-3.1,71.6,3.5,-7.5,2.27,-4.5,2.5,0,961.2,45,2.9,8,0,0,0,0,0,0,0,235,100,25,97
BER,2011,1,21,20,-3.1,72.2,3.5,-7.4,2.27,-4.4,2.5,0,961.2,47,2.3,6.8,0,0,0,0,0,0,0,233,100,25,97
BER,2011,1,21,21,-3.1,71.6,3.5,-7.5,2.27,-4.5,2.5,0,961.1,43,2.4,7.6,0,0,0,0,0,0,0,231,100,25,97
BER,2011,1,21,22,-3.2,70.9,3.5,-7.7,2.27,-4.6,2.4,0,961,42,2.6,7.2,0,0,0,0,0,0,0,229,100,25,97
BER,2011,1,21,23,-3.4,73.2,3.5,-7.5,2.27,-4.7,2.2,0,960.7,17,3.2,7.3,0,0,0,0,0,0,0,227,100,25,97
BER,2011,1,22,0,-3.7,75.1,3.5,-7.5,2.28,-4.9,1.9,0,960.2,27,3.4,7,0,0,0,0,0,0,0,225,100,25,97
BER,2011,1,22,1,-3.8,75.5,3.5,-7.5,2.28,-4.9,1.8,0,960,39,3.9,8,0,0,0,0,0,0,0,223,100,25,97
BER,2011,1,22,2,-4,75.9,3.5,-7.6,2.28,-5.1,1.6,0,959.9,40,4.2,9.1,0,0,0,0,0,0,0,222,100,25,97
BER,2011,1,22,3,-4.3,76,3.4,-7.9,2.21,-5.4,1.2,0,959.6,35,4.1,8.5,0,0,0,0,0,0,0,220,100,25,97
BER,2011,1,22,4,-4.5,76.1,3.4,-8.1,2.21,-5.6,1,0,959.6,40,3.9,9,0,0,0,0,0,0,0,218,100,25,97
BER,2011,1,22,5,-4.7,77.4,3.3,-8,2.15,-5.7,0.6,0,959.4,34,3.2,7.8,0,0,0,0,0,0,0,217,100,25,97
BER,2011,1,22,6,-4.8,76.1,3.3,-8.4,2.15,-5.8,0.5,0,959.4,27,3.3,8,0,0,0,0,0,0,0,216,100,25,97
BER,2011,1,22,7,-4.9,74.9,3.2,-8.7,2.08,-6,0.2,0,959.3,24,3.4,7.3,2,0,2,1,1,1,1,218,100,25,97
BER,2011,1,22,8,-4.7,73.6,3.2,-8.7,2.08,-5.9,0.4,0,959.4,26,3.3,7.3,23,0,23,14,14,14,14,220,100,25,97
BER,2011,1,22,9,-4.4,73.2,3.2,-8.5,2.08,-5.6,0.7,0,959.2,31,4.7,9.8,38,0,38,23,23,23,23,221,100,25,97
BER,2011,1,22,10,-4.3,72.5,3.2,-8.5,2.08,-5.5,0.8,0,959,36,3.5,9.8,51,0,51,31,30,31,31,223,100,25,97
BER,2011,1,22,11,-3.7,67.8,3.2,-8.8,2.08,-5.2,1.4,0,958.5,42,2.9,8.1,21,0,21,13,12,13,13,224,100,25,97
BER,2011,1,22,12,-3.2,62.3,3,-9.4,1.95,-5,1.6,0,958,50,3.5,8.8,20,0,20,12,12,12,12,225,100,25,97
BER,2011,1,22,13,-3.1,59.8,2.9,-9.8,1.89,-5,1.6,0,958.2,55,3.9,9.5,16,0,16,10,10,10,10,225,100,25,97
BER,2011,1,22,14,-3.3,59,2.8,-10.2,1.82,-5.3,1.2,0,958.2,41,3.8,9.1,10,0,10,6,6,6,6,225,100,25,97
BER,2011,1,22,15,-3.5,63.6,3,-9.4,1.95,-5.2,1.3,0,958.1,43,3.4,8.4,4,0,4,2,2,2,2,225,100,25,97
BER,2011,1,22,16,-3.8,69.7,3.2,-8.5,2.08,-5.2,1.3,0,958.1,45,3.1,6.6,0,0,0,0,0,0,0,225,100,25,97
BER,2011,1,22,17,-4,69,3.1,-8.8,2.02,-5.4,1,0,958,51,2,4.7,0,0,0,0,0,0,0,225,100,25,97
BER,2011,1,22,18,-4.1,71.1,3.2,-8.6,2.08,-5.4,1,0,957.9,40,2.5,6.6,0,0,0,0,0,0,0,224,100,25,97
BER,2011,1,22,19,-4.2,70.1,3.1,-8.8,2.02,-5.5,0.8,0,957.7,36,2.9,7,0,0,0,0,0,0,0,221,100,25,97
BER,2011,1,22,20,-4.2,68.1,3.1,-9.2,2.02,-5.6,0.8,0,957.4,47,2,5.2,0,0,0,0,0,0,0,219,100,25,97
BER,2011,1,22,21,-4.3,67.8,3,-9.3,1.95,-5.7,0.5,0,957.5,36,1.8,4.1,0,0,0,0,0,0,0,217,100,25,97
BER,2011,1,22,22,-4.3,68.1,3,-9.3,1.95,-5.7,0.5,0,957.6,45,1.3,3.6,0,0,0,0,0,0,0,215,100,25,97
BER,2011,1,22,23,-4.3,68.1,3,-9.3,1.95,-5.7,0.5,0,957.5,47,1.6,3.8,0,0,0,0,0,0,0,213,100,25,97
BER,2011,1,23,0,-4.3,68.2,3,-9.3,1.96,-5.7,0.5,0,957.3,51,1.9,5.4,0,0,0,0,0,0,0,211,100,31,97
BER,2011,1,23,1,-4.4,68,3,-9.4,1.96,-5.8,0.4,0,957.4,51,2.3,7.2,0,0,0,0,0,0,0,210,100,31,97
BER,2011,1,23,2,-4.5,67.1,3,-9.7,1.96,-6,0.3,0,957.4,50,2.6,6.2,0,0,0,0,0,0,0,210,100,31,97
BER,2011,1,23,3,-4.8,68.3,2.9,-9.7,1.89,-6.2,-0.1,0,957.2,48,2.9,8,0,0,0,0,0,0,0,209,100,31,97
BER,2011,1,23,4,-5,68.8,2.9,-9.8,1.89,-6.3,-0.4,0,957,46,3.2,6.8,0,0,0,0,0,0,0,208,88,31,97
BER,2011,1,23,5,-5.2,68.8,2.9,-10,1.89,-6.5,-0.6,0,957.2,55,3.4,7.8,0,0,0,0,0,0,0,207,100,31,97
BER,2011,1,23,6,-5.3,68.8,2.8,-10.1,1.82,-6.6,-0.8,0,957.4,72,2.9,7,0,0,0,0,0,0,0,209,88,31,97
BER,2011,1,23,7,-5.5,68.6,2.8,-10.4,1.82,-6.8,-1,0,957.3,69,2.6,7.8,3,0,3,2,2,2,2,213,100,31,97
BER,2011,1,23,8,-5.2,69.3,2.9,-9.9,1.89,-6.5,-0.6,0,957.5,59,2.6,6.5,65,5,64,42,45,46,42,218,88,31,97
BER,2011,1,23,9,-5,69.1,2.9,-9.8,1.89,-6.3,-0.4,0,957.5,44,3.2,7.3,244,390,122,81,298,439,81,222,48,31,97
BER,2011,1,23,10,-4.3,65.9,2.9,-9.7,1.89,-5.8,0.4,0,957.5,41,3.5,7.7,359,646,120,86,322,719,86,226,19,31,97
BER,2011,1,23,11,-3.7,63.4,3,-9.6,1.96,-5.4,1.1,0,957.1,42,3.7,7.8,417,739,123,93,173,838,123,228,36,31,97
BER,2011,1,23,12,-3.4,61.8,3,-9.7,1.96,-5.2,1.4,0,956.5,45,3.8,7.9,395,809,87,78,80,859,306,232,13,31,97
BER,2011,1,23,13,-3.1,59.8,2.9,-9.8,1.89,-5,1.6,0,956.5,52,3.6,7.8,342,799,84,70,71,790,473,233,19,31,97
BER,2011,1,23,14,-3.1,60,2.9,-9.8,1.89,-5,1.6,0,956.9,51,3.5,8.2,204,570,73,52,52,504,446,233,25,31,97
BER,2011,1,23,15,-3.7,61.7,2.9,-10,1.89,-5.5,1,0,957.2,64,2.5,8.1,55,136,38,24,24,116,135,237,65,31,97
BER,2011,1,23,16,-4.5,63.3,2.8,-10.4,1.82,-6.1,0,0,957.3,87,1.8,7,0,0,0,0,0,0,0,238,63,31,97
BER,2011,1,23,17,-5.2,65.7,2.7,-10.6,1.76,-6.7,-0.9,0,957.6,24,1.1,4,0,0,0,0,0,0,0,239,25,31,97
BER,2011,1,23,18,-5.6,66.7,2.7,-10.8,1.76,-7,-1.3,0,957.8,49,0.9,2.3,0,0,0,0,0,0,0,239,25,31,97
BER,2011,1,23,19,-6.3,70.7,2.7,-10.7,1.76,-7.5,-2,0,957.7,360,0.8,1.6,0,0,0,0,0,0,0,238,25,31,97
BER,2011,1,23,20,-7.4,77.3,2.7,-10.7,1.76,-8.2,-3.1,0,958,360,1.1,1.7,0,0,0,0,0,0,0,238,25,31,97
BER,2011,1,23,21,-8.1,81.3,2.7,-10.7,1.76,-8.8,-3.8,0,958.2,7,1.6,2.2,0,0,0,0,0,0,0,237,44,31,97
BER,2011,1,23,22,-8.7,84.1,2.7,-10.9,1.76,-9.2,-4.4,0,958.3,13,1.3,1.9,0,0,0,0,0,0,0,237,100,31,97
BER,2011,1,23,23,-8.9,85.2,2.7,-10.9,1.76,-9.4,-4.6,0,958.2,32,1.1,1.6,0,0,0,0,0,0,0,236,100,31,97
BER,2011,1,24,0,-9.4,86.6,2.6,-11.2,1.69,-9.8,-5.3,0,958,45,0.4,1.6,0,0,0,0,0,0,0,233,28,32,97
BER,2011,1,24,1,-9.3,86.7,2.6,-11.1,1.69,-9.7,-5.2,0,958,27,0.4,1,0,0,0,0,0,0,0,235,46,32,97
BER,2011,1,24,2,-9.3,87.1,2.6,-11,1.69,-9.7,-5.2,0,958.3,23,0.8,1.5,0,0,0,0,0,0,0,238,38,32,97
BER,2011,1,24,3,-8.9,85.1,2.7,-10.9,1.76,-9.4,-4.6,0,958.3,90,0.8,1.6,0,0,0,0,0,0,0,241,59,32,97
BER,2011,1,24,4,-8.7,83.8,2.7,-10.9,1.76,-9.2,-4.4,0,958.6,63,0.7,1.6,0,0,0,0,0,0,0,240,31,32,97
BER,2011,1,24,5,-9.4,86.7,2.6,-11.2,1.69,-9.8,-5.3,0,958.7,45,0.5,1.3,0,0,0,0,0,0,0,245,0,32,97
BER,2011,1,24,6,-10.1,87.4,2.5,-11.8,1.63,-10.5,-6.2,0,958.9,360,0.2,0.9,0,0,0,0,0,0,0,248,23,32,97
BER,2011,1,24,7,-9.4,85.8,2.6,-11.3,1.69,-9.9,-5.3,0,959.3,360,0.8,1.6,46,193,27,17,179,138,17,247,50,32,97
BER,2011,1,24,8,-8.4,83.7,2.7,-10.7,1.76,-9,-4.1,0,959.3,270,0.3,0.9,118,197,84,55,207,197,55,256,79,32,97
BER,2011,1,24,9,-6.8,79.8,2.9,-9.7,1.89,-7.6,-2.2,0,959.2,0,0.2,0.7,79,3,78,51,52,53,51,262,100,32,97
BER,2011,1,24,10,-5.3,74.4,3.1,-9.1,2.02,-6.4,-0.3,0,959,323,0.6,1.4,162,86,128,83,110,173,83,267,100,32,97
BER,2011,1,24,11,-4.3,70.8,3.2,-8.8,2.08,-5.6,0.8,0,958.2,243,0.3,1.4,382,655,119,96,164,745,122,266,50,32,97
BER,2011,1,24,12,-2.9,65.8,3.2,-8.4,2.09,-4.6,2.3,0,957.4,243,0.3,1.3,400,846,75,78,81,886,306,258,0,32,97
BER,2011,1,24,13,-1.6,62.3,3.4,-7.9,2.22,-3.6,3.9,0,956.6,326,0.5,3.1,333,795,73,68,70,777,463,257,0,32,97
BER,2011,1,24,14,-0.5,59.5,3.5,-7.4,2.28,-2.7,5.2,0,956.4,8,2.3,3.9,214,670,59,49,50,570,507,250,0,32,97
BER,2011,1,24,15,-0.6,61.6,3.6,-7.1,2.35,-2.7,5.2,0,956.3,22,1.6,3.2,74,317,36,25,25,228,283,255,0,32,97
BER,2011,1,24,16,-1.4,64.9,3.6,-7.1,2.35,-3.2,4.4,0,956.2,11,1,2.3,0,0,0,0,0,0,0,250,0,32,97
BER,2011,1,24,17,-3.3,74.4,3.6,-7.2,2.35,-4.5,2.5,0,956.3,14,1.2,1.8,0,0,0,0,0,0,0,247,0,32,97
BER,2011,1,24,18,-3.7,76.3,3.5,-7.3,2.28,-4.8,1.9,0,956.4,76,0.9,1.8,0,0,0,0,0,0,0,245,0,32,97
BER,2011,1,24,19,-4.7,81.6,3.5,-7.4,2.28,-5.5,0.9,0,956.3,27,0.7,1.8,0,0,0,0,0,0,0,267,0,32,97
BER,2011,1,24,20,-5.3,84.9,3.5,-7.4,2.29,-5.9,0.3,0,956.2,34,0.4,1.6,0,0,0,0,0,0,0,265,0,32,97
BER,2011,1,24,21,-5.3,86.1,3.6,-7.3,2.35,-5.9,0.5,0,955.8,8,0.7,1.3,0,0,0,0,0,0,0,262,0,32,97
BER,2011,1,24,22,-4.5,80.7,3.5,-7.3,2.29,-5.3,1.1,0,955.6,150,0.8,1.9,0,0,0,0,0,0,0,260,0,32,97
BER,2011,1,24,23,-4,78.6,3.6,-7.2,2.35,-5,1.8,0,955.4,180,0.7,1.8,0,0,0,0,0,0,0,245,0,32,97
BER,2011,1,25,0,-3.7,78.8,3.7,-6.8,2.42,-4.7,2.3,0,955.2,219,0.6,1.3,0,0,0,0,0,0,0,233,19,33,97
BER,2011,1,25,1,-3.7,78.9,3.7,-6.8,2.42,-4.7,2.3,0,955.1,238,0.9,1.6,0,0,0,0,0,0,0,233,0,33,97
BER,2011,1,25,2,-3.6,78.7,3.7,-6.8,2.42,-4.6,2.4,0,955,186,1.8,2.9,0,0,0,0,0,0,0,241,26,33,97
BER,2011,1,25,3,-3.3,77.5,3.7,-6.7,2.42,-4.4,2.7,0,954.7,189,1.3,2.7,0,0,0,0,0,0,0,256,69,33,97
BER,2011,1,25,4,-3,76.5,3.8,-6.5,2.49,-4.1,3.2,0,954.4,184,1.7,3.3,0,0,0,0,0,0,0,256,78,33,97
BER,2011,1,25,5,-2.8,76.1,3.8,-6.4,2.49,-4,3.4,0,954.3,180,1.8,3.3,0,0,0,0,0,0,0,257,94,33,97
BER,2011,1,25,6,-2.8,76.2,3.8,-6.4,2.49,-4,3.4,0,954.2,161,2.1,4.1,0,0,0,0,0,0,0,258,100,33,97
BER,2011,1,25,7,-2.7,75.7,3.8,-6.4,2.49,-3.9,3.5,0,954.4,177,1.8,3.3,18,25,15,10,30,26,10,260,94,33,97
BER,2011,1,25,8,-2.3,77.8,4,-5.6,2.62,-3.4,4.2,0,954.3,177,2.1,3.8,114,204,70,47,197,204,47,263,100,33,97
BER,2011,1,25,9,-1.6,77.7,4.2,-5,2.75,-2.8,5.2,0,954,164,2.6,4.3,140,26,132,86,101,110,87,266,100,33,97
BER,2011,1,25,10,-0.7,73.2,4.3,-4.9,2.82,-2.2,6.3,0,953.7,169,1.6,3.8,245,148,188,122,179,275,122,269,94,33,97
BER,2011,1,25,11,0.2,68.6,4.3,-4.9,2.82,-1.6,7.2,0,953,193,2.2,3.8,261,169,193,125,154,305,135,270,94,33,97
BER,2011,1,25,12,0.8,68.2,4.4,-4.4,2.89,-1.1,8,0,951.8,177,1.9,3.7,157,11,153,100,98,111,104,268,100,33,97
BER,2011,1,25,13,1.4,67.3,4.5,-4,2.96,-0.6,8.8,0,951.2,180,1.4,2.9,195,204,134,89,88,271,213,260,73,33,97
BER,2011,1,25,14,2.4,64.7,4.7,-3.6,3.09,0.1,10.1,0,950.9,200,1.7,4,168,336,80,57,57,333,280,259,66,33,97
BER,2011,1,25,15,2.1,66.8,4.7,-3.4,3.09,0,9.8,0,950.6,243,2.1,4.3,24,1,24,16,15,16,17,275,100,33,97
BER,2011,1,25,16,1.7,67.8,4.7,-3.6,3.09,-0.3,9.4,0,950.4,252,1.6,4.2,0,0,0,0,0,0,0,275,100,33,97
BER,2011,1,25,17,1.5,68.5,4.7,-3.7,3.09,-0.4,9.2,0,950.1,216,1.5,3.3,0,0,0,0,0,0,0,275,100,33,97
BER,2011,1,25,18,1.3,71.3,4.8,-3.3,3.16,-0.4,9.2,0,949.9,197,1.8,3.6,0,0,0,0,0,0,0,276,100,33,97
BER,2011,1,25,19,1.2,71.4,4.7,-3.4,3.09,-0.5,8.9,0,949.8,196,1.5,2.9,0,0,0,0,0,0,0,276,100,33,97
BER,2011,1,25,20,1,71.6,4.7,-3.5,3.09,-0.7,8.7,0,950,223,2.1,5.6,0,0,0,0,0,0,0,276,100,33,97
BER,2011,1,25,21,0.5,76.7,4.9,-3.1,3.23,-0.8,8.5,0,949.6,222,2.4,5.1,0,0,0,0,0,0,0,276,100,33,97
BER,2011,1,25,22,0.2,81.5,5.1,-2.6,3.36,-0.8,8.6,0,949.3,203,1.6,3.2,0,0,0,0,0,0,0,276,100,33,97
BER,2011,1,25,23,0.3,81.7,5.1,-2.5,3.36,-0.8,8.7,0,948.9,195,1.6,3.8,0,0,0,0,0,0,0,276,100,33,97
BER,2011,1,26,0,0.3,84.4,5.3,-2,3.5,-0.6,9,0.3,948.4,184,1.6,2.9,0,0,0,0,0,0,0,276,100,33,97
BER,2011,1,26,1,0.3,87.1,5.5,-1.6,3.63,-0.4,9.4,0,947.7,185,1.1,2.1,0,0,0,0,0,0,0,276,100,33,97
BER,2011,1,26,2,0.4,84.8,5.3,-1.9,3.5,-0.5,9.1,0,947.3,193,1.3,3,0,0,0,0,0,0,0,276,100,33,97
BER,2011,1,26,3,0.4,86.2,5.4,-1.6,3.57,-0.4,9.3,0,946.8,170,1.7,2.8,0,0,0,0,0,0,0,276,100,33,97
BER,2011,1,26,4,0.4,85.1,5.3,-1.8,3.5,-0.4,9.1,0,945.9,169,2.5,4.9,0,0,0,0,0,0,0,276,100,33,97
BER,2011,1,26,5,0.1,87.4,5.4,-1.7,3.57,-0.6,9,0,945.6,176,1.3,3.8,0,0,0,0,0,0,0,276,100,33,97
BER,2011,1,26,6,-0.6,89.2,5.2,-2.2,3.44,-1.2,8,0,945.6,180,0.6,1.6,0,0,0,0,0,0,0,277,100,33,97
BER,2011,1,26,7,0,87.3,5.3,-1.9,3.51,-0.7,8.7,0,945.1,168,1.4,2.8,21,62,14,9,60,48,9,281,94,33,97
BER,2011,1,26,8,0.6,82,5.2,-2.1,3.44,-0.4,9.2,0,944.8,188,1.4,3.8,80,146,56,37,153,139,37,271,71,33,97
BER,2011,1,26,9,1.4,76.1,5.2,-2.3,3.44,0,10,0,944.6,196,1.9,3.8,270,501,108,81,353,527,81,271,54,33,97
BER,2011,1,26,10,2.1,74.8,5.3,-1.9,3.51,0.5,10.9,0,944.3,171,1.9,3.8,125,19,118,78,85,97,78,282,78,33,97
BER,2011,1,26,11,2.8,74.1,5.5,-1.3,3.65,1.2,11.9,0,943.5,172,2.1,3.9,341,418,170,118,173,545,133,285,66,33,97
BER,2011,1,26,12,3.5,71.9,5.6,-1.1,3.72,1.6,12.8,0,942.8,162,1,2.8,230,129,179,117,116,251,166,285,78,33,97
BER,2011,1,26,13,3.7,70,5.6,-1.3,3.72,1.7,13,0,942.2,108,0.6,1.4,254,322,149,99,98,398,283,294,94,33,97
BER,2011,1,26,14,3.9,68.5,5.5,-1.4,3.65,1.7,13.1,0,942,150,1,2.8,205,484,83,61,61,450,389,293,75,33,97
BER,2011,1,26,15,3.6,70.3,5.6,-1.3,3.72,1.6,12.9,0,942,153,1.4,3.7,85,342,45,30,30,248,314,291,75,33,97
BER,2011,1,26,16,2,78.7,5.5,-1.3,3.65,0.7,11.1,0,942.1,39,0.8,2.5,0,0,0,0,0,0,0,288,100,33,97
BER,2011,1,26,17,0.6,85.7,5.5,-1.5,3.65,-0.2,9.7,0,942.3,36,1.9,4,0,0,0,0,0,0,0,289,100,33,97
BER,2011,1,26,18,-0.4,89.1,5.3,-2,3.52,-1,8.4,0,942.6,21,0.9,1.8,0,0,0,0,0,0,0,272,60,33,97
BER,2011,1,26,19,-1,90.9,5.2,-2.3,3.45,-1.5,7.6,0,943,13,1.3,2.4,0,0,0,0,0,0,0,256,30,33,97
BER,2011,1,26,20,-1.6,92,5,-2.7,3.31,-2,6.6,0,943.2,63,0.3,1.2,0,0,0,0,0,0,0,268,63,33,97
BER,2011,1,26,21,-2,92.8,4.9,-3,3.25,-2.4,6.1,0,943.3,18,0.7,1.9,0,0,0,0,0,0,0,276,88,33,97
BER,2011,1,26,22,-2.6,93.5,4.8,-3.5,3.18,-2.9,5.3,0,943.5,27,0.3,1.5,0,0,0,0,0,0,0,275,100,33,97
BER,2011,1,26,23,-2.3,92.5,4.8,-3.3,3.18,-2.7,5.6,0,943.7,8,0.8,1.6,0,0,0,0,0,0,0,272,100,33,97
BER,2011,1,27,0,-2.9,93.2,4.6,-3.8,3.05,-3.2,4.7,0,943.8,17,1,1.7,0,0,0,0,0,0,0,270,100,33,97
BER,2011,1,27,1,-2.5,92.5,4.7,-3.5,3.11,-2.9,5.2,0,944,17,1.7,2.6,0,0,0,0,0,0,0,269,100,33,97
BER,2011,1,27,2,-2.1,91,4.8,-3.4,3.18,-2.6,5.8,0,944.2,20,2.1,4.1,0,0,0,0,0,0,0,267,100,33,97
BER,2011,1,27,3,-1.8,91,4.9,-3.1,3.24,-2.3,6.3,0,944.5,45,0.5,2.8,0,0,0,0,0,0,0,266,100,33,97
BER,2011,1,27,4,-1.5,90,4.9,-2.9,3.24,-2,6.6,0,944.7,90,0.5,1.4,0,0,0,0,0,0,0,264,100,33,97
BER,2011,1,27,5,-1.4,87.9,4.8,-3.1,3.18,-2,6.5,0,945.1,150,0.8,1.7,0,0,0,0,0,0,0,263,100,33,97
BER,2011,1,27,6,-1.4,87.7,4.8,-3.2,3.17,-2,6.5,0,945.6,158,0.6,1.2,0,0,0,0,0,0,0,262,100,33,97
BER,2011,1,27,7,-1.3,86.5,4.8,-3.3,3.17,-2,6.6,0,946,171,0.6,1.4,20,45,16,11,49,37,11,265,100,33,97
BER,2011,1,27,8,-1,84.6,4.8,-3.3,3.17,-1.8,6.9,0,946.3,189,0.7,1.2,117,259,63,44,237,237,44,260,71,33,97
BER,2011,1,27,9,-0.6,82.2,4.8,-3.3,3.17,-1.6,7.3,0,946.6,203,0.7,1.9,128,17,123,81,90,96,81,259,53,33,97
BER,2011,1,27,10,0,80.2,4.9,-3,3.24,-1.1,8.1,0,946.9,225,0.2,0.8,202,84,169,111,141,198,111,262,63,33,97
BER,2011,1,27,11,1.7,80.8,5.6,-1.2,3.7,0.5,11,0,946.8,16,1.6,5.2,115,9,111,73,74,82,73,260,68,33,97
BER,2011,1,27,12,2.1,74.5,5.3,-2,3.5,0.5,10.9,0,946.4,21,2.2,4.9,91,1,90,59,58,60,60,260,88,33,97
BER,2011,1,27,13,2.1,77.4,5.5,-1.4,3.64,0.7,11.2,0,946.1,16,2.9,5.4,123,59,103,67,66,125,100,264,84,33,97
BER,2011,1,27,14,1.9,77.3,5.4,-1.6,3.57,0.5,10.8,0,946.1,21,3,6.2,79,8,77,51,50,57,57,268,100,33,97
BER,2011,1,27,15,1.7,78.8,5.4,-1.6,3.57,0.4,10.6,0,946.2,23,2.3,5.2,48,96,41,27,26,81,110,271,100,33,97
BER,2011,1,27,16,1.3,81.2,5.5,-1.6,3.64,0.2,10.4,0,946.4,23,1.5,3.4,0,0,0,0,0,0,0,270,100,33,97
BER,2011,1,27,17,1.1,82.1,5.4,-1.6,3.57,0,10,0,946.5,22,1.1,2.7,0,0,0,0,0,0,0,268,100,33,97
BER,2011,1,27,18,1,82,5.4,-1.7,3.57,0,9.9,0,946.6,25,1.5,3.3,0,0,0,0,0,0,0,267,100,33,97
BER,2011,1,27,19,0.8,83.4,5.4,-1.7,3.57,-0.2,9.7,0,946.7,27,1.5,3.6,0,0,0,0,0,0,0,265,100,33,97
BER,2011,1,27,20,0.8,84,5.4,-1.6,3.57,-0.1,9.7,0,947,27,1.8,3.3,0,0,0,0,0,0,0,262,100,33,97
BER,2011,1,27,21,0.7,84.8,5.5,-1.6,3.63,-0.2,9.8,0,946.9,25,2.4,4.8,0,0,0,0,0,0,0,260,100,33,97
BER,2011,1,27,22,0.6,85.4,5.5,-1.6,3.63,-0.3,9.7,0,946.8,32,2.8,5.4,0,0,0,0,0,0,0,258,100,33,97
BER,2011,1,27,23,0.5,85.6,5.4,-1.6,3.57,-0.3,9.4,0,946.9,27,3.3,6,0,0,0,0,0,0,0,256,100,33,97
BER,2011,1,28,0,0.3,86.7,5.4,-1.7,3.57,-0.5,9.2,0,946.7,26,3,5.5,0,0,0,0,0,0,0,255,100,35,97
BER,2011,1,28,1,0.1,86.8,5.3,-1.8,3.5,-0.6,8.8,0,946.9,31,3.2,6.2,0,0,0,0,0,0,0,254,100,35,97
BER,2011,1,28,2,0,86.1,5.3,-2,3.5,-0.8,8.7,0,946.9,32,3.8,6.3,0,0,0,0,0,0,0,254,100,35,97
BER,2011,1,28,3,-0.2,86,5.2,-2.3,3.43,-1,8.4,0,946.9,37,4,6.6,0,0,0,0,0,0,0,253,100,35,97
BER,2011,1,28,4,-0.2,85.6,5.2,-2.3,3.43,-1,8.4,0,947,35,3.7,6.5,0,0,0,0,0,0,0,253,100,35,97
BER,2011,1,28,5,-0.2,85.9,5.2,-2.3,3.43,-1,8.4,0,947.2,32,2.8,5,0,0,0,0,0,0,0,252,100,35,97
BER,2011,1,28,6,-0.2,85.8,5.2,-2.3,3.43,-1,8.4,0,947.5,39,2.2,4.3,0,0,0,0,0,0,0,253,100,35,97
BER,2011,1,28,7,-0.1,84.5,5.1,-2.4,3.36,-1,8.3,0,948.1,37,2,4,29,46,25,17,56,44,17,255,81,35,97
BER,2011,1,28,8,0,82.4,5,-2.6,3.3,-1,8.2,0,948.2,29,2.5,5,26,0,26,17,17,17,17,258,56,35,97
BER,2011,1,28,9,0.1,81.4,5,-2.7,3.3,-0.9,8.3,0,948.7,27,2.9,5.7,25,0,25,17,16,17,17,260,75,35,97
BER,2011,1,28,10,0.1,80.4,5,-2.9,3.29,-1,8.3,0,949.1,22,3.1,6.4,105,24,96,64,75,88,64,261,88,35,97
BER,2011,1,28,11,0.3,78.5,4.9,-3,3.23,-0.9,8.4,0,949,21,3,6,51,0,51,34,34,34,34,264,100,35,97
BER,2011,1,28,12,0.6,76.1,4.8,-3.1,3.16,-0.8,8.5,0,948.7,20,3,5.9,141,21,132,88,87,110,97,263,88,35,97
BER,2011,1,28,13,0.8,73.8,4.8,-3.3,3.16,-0.7,8.7,0,948.7,16,3.3,6.2,194,125,154,103,102,217,180,259,88,35,97
BER,2011,1,28,14,0.5,72.5,4.6,-3.9,3.03,-1.1,8.1,0,948.8,16,3.7,6.4,124,77,106,71,70,131,129,263,94,35,97
BER,2011,1,28,15,0.3,74,4.6,-3.8,3.03,-1.2,7.9,0,949,18,3.8,6.8,28,14,26,17,17,27,28,262,94,35,97
BER,2011,1,28,16,-0.2,76.7,4.6,-3.8,3.03,-1.5,7.3,0,949.2,26,4.1,8.1,0,0,0,0,0,0,0,262,100,35,97
BER,2011,1,28,17,-0.6,79.2,4.6,-3.7,3.03,-1.7,6.9,0,949.5,28,4.1,7.2,0,0,0,0,0,0,0,261,100,35,97
BER,2011,1,28,18,-0.8,80,4.6,-3.8,3.03,-1.9,6.7,0,949.8,34,4.3,7.5,0,0,0,0,0,0,0,260,100,35,97
BER,2011,1,28,19,-1,80.7,4.6,-3.9,3.03,-2,6.5,0,950,32,4.5,7.6,0,0,0,0,0,0,0,258,100,35,97
BER,2011,1,28,20,-1.2,81.3,4.6,-4,3.03,-2.2,6.3,0,949.9,34,4.6,7.5,0,0,0,0,0,0,0,259,100,35,97
BER,2011,1,28,21,-1.3,81.8,4.5,-4,2.96,-2.3,6.1,0,949.9,33,4,6.8,0,0,0,0,0,0,0,258,100,35,97
BER,2011,1,28,22,-1.4,81.7,4.5,-4.1,2.96,-2.3,6,0,950.1,29,3.7,5.9,0,0,0,0,0,0,0,257,100,35,97
BER,2011,1,28,23,-1.4,82.4,4.5,-4,2.96,-2.3,6,0,950.3,33,3.1,4.7,0,0,0,0,0,0,0,256,100,35,97
BER,2011,1,29,0,-1.5,82.5,4.5,-4.1,2.96,-2.4,5.9,0,950.3,18,2.7,4.9,0,0,0,0,0,0,0,231,10,31,97
BER,2011,1,29,1,-1.6,83.3,4.5,-4.1,2.96,-2.5,5.8,0,950.2,18,2.2,4.1,0,0,0,0,0,0,0,235,25,31,97
BER,2011,1,29,2,-1.8,83.4,4.5,-4.2,2.96,-2.6,5.6,0,949.9,21,1.7,2.9,0,0,0,0,0,0,0,245,69,31,97
BER,2011,1,29,3,-1.8,84.4,4.5,-4.1,2.96,-2.6,5.6,0,949.7,22,1.1,2,0,0,0,0,0,0,0,230,6,31,97
BER,2011,1,29,4,-1.6,83.7,4.5,-4,2.96,-2.4,5.8,0,949.5,32,1,1.8,0,0,0,0,0,0,0,234,25,31,97
BER,2011,1,29,5,-1.5,80.4,4.4,-4.4,2.9,-2.5,5.7,0,949.3,72,0.5,1.7,0,0,0,0,0,0,0,229,44,31,97
BER,2011,1,29,6,-1.5,79.7,4.3,-4.5,2.83,-2.5,5.5,0,949.2,349,0.8,2.2,0,0,0,0,0,0,0,231,13,31,97
BER,2011,1,29,7,-1.6,81.3,4.4,-4.4,2.9,-2.6,5.6,0,949.5,27,1,1.6,57,222,32,21,210,158,21,242,55,31,97
BER,2011,1,29,8,-1.5,78.8,4.3,-4.7,2.83,-2.6,5.5,0,949.3,20,1.2,1.9,85,24,80,52,69,69,52,258,100,31,97
BER,2011,1,29,9,-1.4,77.9,4.3,-4.7,2.83,-2.5,5.6,0,949.2,354,1.1,2.6,225,248,140,92,229,320,93,259,90,31,97
BER,2011,1,29,10,-0.7,75.8,4.4,-4.4,2.9,-2,6.5,0,948.9,360,1.6,3.3,425,861,88,82,385,893,81,244,23,31,97
BER,2011,1,29,11,-0.1,72.7,4.4,-4.4,2.9,-1.6,7.1,0,948.3,4,1.5,4,454,877,86,86,179,937,111,240,0,31,97
BER,2011,1,29,12,1.1,69.2,4.6,-3.9,3.03,-0.7,8.7,0,947.8,7,1.7,3.7,414,786,96,84,86,841,305,242,0,31,97
BER,2011,1,29,13,1.7,65.2,4.5,-4.1,2.97,-0.4,9.1,0,947.1,8,2.2,4.7,339,697,97,76,77,704,435,240,0,31,97
BER,2011,1,29,14,2,64.1,4.5,-4.1,2.97,-0.2,9.4,0,946.7,34,2.4,4.9,232,626,74,55,56,544,493,238,0,31,97
BER,2011,1,29,15,1.8,65.3,4.6,-4,3.04,-0.3,9.4,0,946.5,27,3,5.5,100,441,43,29,29,305,395,236,0,31,97
BER,2011,1,29,16,0.3,73.1,4.5,-3.9,2.97,-1.2,7.7,0,946.6,22,4,6.3,0,0,0,0,0,0,0,234,0,31,97
BER,2011,1,29,17,-0.8,78.6,4.6,-4,3.04,-1.9,6.8,0,946.8,16,1.5,4.3,0,0,0,0,0,0,0,233,0,31,97
BER,2011,1,29,18,-1.5,82.6,4.5,-4.1,2.97,-2.4,5.9,0,946.9,17,2.1,4.2,0,0,0,0,0,0,0,231,0,31,97
BER,2011,1,29,19,-1.9,84.3,4.5,-4.2,2.97,-2.7,5.5,0,946.9,18,3.2,6,0,0,0,0,0,0,0,230,0,31,97
BER,2011,1,29,20,-2.4,85.5,4.4,-4.5,2.9,-3.1,4.8,0,946.6,25,4.7,7.4,0,0,0,0,0,0,0,230,0,31,97
BER,2011,1,29,21,-2.4,85.9,4.4,-4.4,2.9,-3.1,4.8,0,947,22,4.2,7.4,0,0,0,0,0,0,0,229,0,31,97
BER,2011,1,29,22,-2,84.3,4.4,-4.3,2.9,-2.8,5.2,0,947.1,24,3.5,6.7,0,0,0,0,0,0,0,228,13,31,97
BER,2011,1,29,23,-2.1,85.4,4.5,-4.2,2.97,-2.8,5.3,0,947.2,21,2.6,5.4,0,0,0,0,0,0,0,235,25,31,97
BER,2011,1,30,0,-2.2,85.3,4.4,-4.3,2.9,-2.9,5,0,946.8,20,3,5.9,0,0,0,0,0,0,0,253,100,29,97
BER,2011,1,30,1,-2.3,85.1,4.4,-4.5,2.9,-3.1,4.9,0,946.9,29,2.3,5.1,0,0,0,0,0,0,0,254,100,29,97
BER,2011,1,30,2,-2.4,85.3,4.4,-4.5,2.9,-3.1,4.8,0,947,30,2,5.3,0,0,0,0,0,0,0,254,100,29,97
BER,2011,1,30,3,-2.5,86.5,4.4,-4.4,2.9,-3.2,4.7,0,946.8,22,1.8,4,0,0,0,0,0,0,0,255,100,29,97
BER,2011,1,30,4,-2.8,87,4.3,-4.7,2.84,-3.4,4.2,0,947,38,1.6,3.4,0,0,0,0,0,0,0,256,100,29,97
BER,2011,1,30,5,-2.8,87.3,4.4,-4.6,2.9,-3.4,4.4,0,947.3,19,1.8,3.8,0,0,0,0,0,0,0,256,100,29,97
BER,2011,1,30,6,-2.9,87.3,4.3,-4.7,2.84,-3.5,4.1,0,947.6,32,1.6,3.8,0,0,0,0,0,0,0,258,100,29,97
BER,2011,1,30,7,-3,87.3,4.3,-4.8,2.83,-3.6,4,0,948.1,27,2.3,4.3,8,0,8,5,5,5,5,261,100,29,97
BER,2011,1,30,8,-3.2,87.3,4.2,-5,2.77,-3.8,3.7,0,948.3,40,2.5,4.4,15,0,15,9,9,9,9,263,100,29,97
BER,2011,1,30,9,-3.3,87.8,4.2,-5,2.77,-3.9,3.6,0,948.4,38,2.8,4.7,17,0,17,11,10,11,11,266,100,29,97
BER,2011,1,30,10,-3.3,87.8,4.2,-5,2.77,-3.9,3.6,0,948.5,29,2.3,4,21,0,21,14,13,14,14,269,100,29,97
BER,2011,1,30,11,-3,86,4.2,-5,2.77,-3.7,3.9,0,948.3,18,1.9,3.1,23,0,23,14,14,14,14,272,100,29,97
BER,2011,1,30,12,-2.8,84.7,4.2,-5,2.77,-3.5,4.1,0,948,22,1.9,3.7,22,0,22,14,13,14,14,273,100,29,97
BER,2011,1,30,13,-2.8,83.6,4.2,-5.2,2.77,-3.6,4.1,0,948,28,2,4.1,18,0,18,11,11,11,11,274,100,29,97
BER,2011,1,30,14,-2.7,83.6,4.2,-5.1,2.77,-3.5,4.2,0,948.2,24,2.4,5,12,0,12,8,7,8,8,275,100,29,97
BER,2011,1,30,15,-2.8,83.6,4.2,-5.2,2.77,-3.6,4.1,0,948.6,25,2.7,4.8,5,0,5,3,3,3,3,276,100,29,97
BER,2011,1,30,16,-3,84.1,4.1,-5.3,2.7,-3.8,3.7,0,949.1,31,2.7,4.6,0,0,0,0,0,0,0,276,100,29,97
BER,2011,1,30,17,-3,84.8,4.1,-5.2,2.7,-3.7,3.7,0,949.7,25,2.1,3.5,0,0,0,0,0,0,0,277,100,29,97
BER,2011,1,30,18,-2.9,84.8,4.2,-5.1,2.76,-3.6,3.9,0,950.3,27,2,3.4,0,0,0,0,0,0,0,277,100,29,97
BER,2011,1,30,19,-3,84.2,4.1,-5.3,2.69,-3.8,3.7,0,950.8,18,2,2.9,0,0,0,0,0,0,0,275,100,29,97
BER,2011,1,30,20,-3.1,83.1,4,-5.6,2.63,-3.9,3.4,0,951.1,31,2.1,3.6,0,0,0,0,0,0,0,273,100,29,97
BER,2011,1,30,21,-3.3,82.2,4,-5.9,2.63,-4.1,3.2,0,951.5,31,2.5,4.3,0,0,0,0,0,0,0,270,100,29,97
BER,2011,1,30,22,-3.6,83.7,3.9,-6,2.56,-4.4,2.7,0,951.9,25,2.3,3.9,0,0,0,0,0,0,0,268,100,29,97
BER,2011,1,30,23,-3.7,84.7,3.9,-5.9,2.56,-4.4,2.6,0,952.3,24,1.3,2.4,0,0,0,0,0,0,0,266,100,29,97
BER,2011,1,31,0,-3.6,85.2,4,-5.7,2.62,-4.3,2.9,0,952.2,27,1.4,2.3,0,0,0,0,0,0,0,265,100,28,97
BER,2011,1,31,1,-3.5,85.3,4,-5.6,2.62,-4.2,3,0,952.3,24,1,2.5,0,0,0,0,0,0,0,263,100,28,97
BER,2011,1,31,2,-3.2,84,4,-5.5,2.62,-4,3.3,0,952.3,288,0.7,3.2,0,0,0,0,0,0,0,262,100,28,97
BER,2011,1,31,3,-3.1,83.7,4.1,-5.5,2.69,-3.9,3.6,0,952.3,261,0.7,2.3,0,0,0,0,0,0,0,260,100,28,97
BER,2011,1,31,4,-3.2,83.3,4,-5.6,2.62,-4,3.3,0,952.3,290,1.2,2.4,0,0,0,0,0,0,0,259,100,28,97
BER,2011,1,31,5,-3.2,84.1,4.1,-5.5,2.69,-4,3.5,0,952.7,45,0.6,1.9,0,0,0,0,0,0,0,258,100,28,97
BER,2011,1,31,6,-3.1,83.6,4.1,-5.5,2.69,-3.9,3.6,0,953.3,90,1,2.4,0,0,0,0,0,0,0,258,100,28,97
BER,2011,1,31,7,-3.2,84.7,4.1,-5.4,2.69,-3.9,3.5,0,953.7,50,1,2.3,9,0,9,6,6,6,6,260,100,28,97
BER,2011,1,31,8,-3.2,83.6,4,-5.6,2.62,-4,3.3,0,954,20,1.3,2.5,27,0,27,17,16,17,17,261,81,28,97
BER,2011,1,31,9,-3,83.3,4.1,-5.4,2.68,-3.8,3.7,0,954.3,21,1.4,2.4,27,0,27,17,16,17,17,263,100,28,97
BER,2011,1,31,10,-2.9,82.4,4.1,-5.5,2.68,-3.8,3.7,0,954.7,56,1.2,2.7,25,0,25,16,15,16,16,264,100,28,97
BER,2011,1,31,11,-2.8,82.1,4.1,-5.4,2.68,-3.7,3.8,0,954.8,4,1.6,3.2,27,0,27,17,16,17,17,265,100,28,97
BER,2011,1,31,12,-2.5,81.6,4.2,-5.2,2.75,-3.4,4.3,0,954.4,3,1.9,4.5,28,0,28,18,17,18,18,266,100,28,97
BER,2011,1,31,13,-2.2,81.3,4.3,-5,2.82,-3.1,4.8,0,954.3,9,1.9,4,25,0,25,16,16,16,16,265,100,28,97
BER,2011,1,31,14,-2.1,81.1,4.3,-4.9,2.82,-3.1,4.9,0,954.4,6,1.8,4.3,16,0,16,10,10,10,10,264,100,28,97
BER,2011,1,31,15,-2.2,80.8,4.2,-5,2.75,-3.1,4.6,0,954.7,45,1.2,3.8,11,0,11,7,7,7,7,263,100,28,97
BER,2011,1,31,16,-2.4,82.8,4.3,-4.9,2.79,-3.2,4.6,0,955.3,18,1.6,3.7,0,0,0,0,0,0,0,263,100,28,97
BER,2011,1,31,17,-2.6,83.7,4.2,-5,2.77,-3.4,4.3,0,955.8,25,1.5,3.7,0,0,0,0,0,0,0,262,100,28,97
BER,2011,1,31,18,-2.8,84.2,4.2,-5.1,2.74,-3.6,4,0,956.2,28,2.6,4.5,0,0,0,0,0,0,0,260,100,28,97
BER,2011,1,31,19,-3,84.8,4.2,-5.2,2.72,-3.7,3.7,0,956.6,27,3.1,5,0,0,0,0,0,0,0,257,100,28,97
BER,2011,1,31,20,-2.8,85.8,4.3,-4.8,2.84,-3.4,4.3,0,956.6,24,3.2,5.3,0,0,0,0,0,0,0,254,100,28,97
BER,2011,1,31,21,-2,87.3,4.7,-3.9,3.11,-2.7,5.7,0,956.2,23,3.3,4.9,0,0,0,0,0,0,0,251,100,28,97
BER,2011,1,31,22,-1.3,88.6,5.2,-2.9,3.38,-1.8,7.1,0,955.8,23,2.5,4.5,0,0,0,0,0,0,0,248,100,28,97
BER,2011,1,31,23,-0.1,90.3,5.8,-1.5,3.79,-0.6,9.3,0,955,22,2.2,3.2,0,0,0,0,0,0,0,245,100,28,97
BER,2017,2,1,0,1.1,92,6.4,0,4.21,0.7,11.6,0.2,954.1,203,0.9,2.7,0,0,0,0,0,0,0,329,100,29,97
BER,2017,2,1,1,2.3,93.6,7,1.4,4.61,2,13.9,0.2,953.3,204,1.8,3.8,0,0,0,0,0,0,0,328,100,29,97
BER,2017,2,1,2,3.1,94.7,7.4,2.4,4.86,2.8,15.3,0,952.7,217,1.5,3.1,0,0,0,0,0,0,0,328,100,29,97
BER,2017,2,1,3,3.8,95.8,7.8,3.2,5.11,3.6,16.6,0,952.1,212,1.3,2.7,0,0,0,0,0,0,0,328,100,29,97
BER,2017,2,1,4,4.2,96.3,7.9,3.6,5.22,3.9,17.2,0.1,951.7,211,1.1,3.3,0,0,0,0,0,0,0,325,94,29,97
BER,2017,2,1,5,4,96.4,7.9,3.5,5.17,3.8,17,0,951.8,219,0.7,2.3,0,0,0,0,0,0,0,327,100,29,97
BER,2017,2,1,6,3.8,96.6,7.8,3.3,5.11,3.6,16.6,0,951.8,333,0.3,1,0,0,0,0,0,0,0,323,88,29,97
BER,2017,2,1,7,4,96.2,7.8,3.5,5.17,3.8,17,0,952,270,0.2,1.3,50,189,26,16,177,132,16,323,84,29,97
BER,2017,2,1,8,4.3,96.4,8,3.8,5.27,4.1,17.5,0,952.2,243,0.2,0.9,142,199,98,62,217,210,62,317,68,29,97
BER,2017,2,1,9,5.5,93.7,8.5,4.6,5.6,5.1,19.6,0,952.2,297,0.4,1.2,321,703,85,67,469,672,67,290,36,29,97
BER,2017,2,1,10,7.6,89.2,9.3,5.9,6.14,6.7,23.1,0,952.1,284,0.6,1.7,403,759,98,82,361,793,81,291,35,29,97
BER,2017,2,1,11,9,86.9,10,6.9,6.61,7.9,25.7,0,951.5,248,1.1,2.2,426,751,100,86,175,816,110,304,54,29,97
BER,2017,2,1,12,10.3,76.5,9.6,6.4,6.34,8.3,26.3,0,950.9,225,0.8,2.5,422,826,76,77,79,855,297,280,10,29,97
BER,2017,2,1,13,11.2,72.1,9.6,6.4,6.35,8.7,27.3,0,950.5,229,1,2.3,351,762,76,68,69,738,449,271,6,29,97
BER,2017,2,1,14,11.7,71.4,9.9,6.7,6.55,9.1,28.3,0,950.5,211,0.7,2.1,242,662,66,52,53,561,512,277,25,29,97
BER,2017,2,1,15,11.7,71.9,9.8,6.8,6.48,9.1,28.1,0,950.5,156,1,2.5,96,332,44,30,30,242,303,286,44,29,97
BER,2017,2,1,16,7.9,92.1,9.8,6.7,6.48,7.3,24.2,0,950.4,72,0.4,1.1,4,11,3,2,2,7,12,314,71,29,97
BER,2017,2,1,17,5.5,98.9,8.9,5.3,5.88,5.4,20.3,0,950.8,11,0.5,1.1,0,0,0,0,0,0,0,305,48,29,97
BER,2017,2,1,18,4.4,99.2,8.3,4.3,5.48,4.4,18.1,0,950.7,135,0.2,0.9,0,0,0,0,0,0,0,318,94,29,97
BER,2017,2,1,19,4.6,97.6,8.3,4.3,5.48,4.5,18.4,0,950.8,189,0.7,1.8,0,0,0,0,0,0,0,323,100,29,97
BER,2017,2,1,20,4.8,97.2,8.3,4.4,5.48,4.6,18.6,0,951,202,0.5,1.4,0,0,0,0,0,0,0,314,81,29,97
BER,2017,2,1,21,4.1,98.8,8.1,3.9,5.34,4,17.5,0,951.2,191,0.6,1.2,0,0,0,0,0,0,0,319,100,29,97
BER,2017,2,1,22,3.2,99.3,7.7,3.1,5.08,3.2,15.9,0,951.1,203,0.8,1.5,0,0,0,0,0,0,0,318,100,29,97
BER,2017,2,1,23,3.1,99.8,7.6,3.1,5.01,3.1,15.7,0,951,180,0.4,1.2,0,0,0,0,0,0,0,307,90,29,97
BER,2017,2,2,0,2.4,99.4,7.2,2.3,4.75,2.4,14.3,0,950.4,198,0.7,2,0,0,0,0,0,0,0,312,90,26,97
BER,2017,2,2,1,2.2,99.5,7.1,2.1,4.68,2.2,13.9,0,950.5,225,0.6,2,0,0,0,0,0,0,0,304,88,26,97
BER,2017,2,2,2,1.6,99.4,6.8,1.5,4.48,1.6,12.8,0,950.3,207,0.6,1.4,0,0,0,0,0,0,0,301,69,26,97
BER,2017,2,2,3,1.4,99.6,6.7,1.3,4.42,1.4,12.4,0,950.1,198,0.3,1.3,0,0,0,0,0,0,0,288,45,26,97
BER,2017,2,2,4,0.5,100,6.4,0.5,4.22,0.5,11,0,950,217,0.5,1.1,0,0,0,0,0,0,0,287,46,26,97
BER,2017,2,2,5,-0.1,99.9,6.1,-0.1,4.02,-0.1,9.9,0,949.8,191,0.6,1.3,0,0,0,0,0,0,0,281,29,26,97
BER,2017,2,2,6,-0.3,100,6,-0.3,3.96,-0.3,9.6,0,949.6,189,0.6,1.6,0,0,0,0,0,0,0,286,51,26,97
BER,2017,2,2,7,-0.4,99.9,5.9,-0.4,3.89,-0.4,9.3,0,949.2,233,0.5,0.9,17,70,12,8,69,44,8,289,59,26,97
BER,2017,2,2,8,0,100,6.1,0,4.02,0,10,0,948.9,243,0.5,1.1,107,183,58,36,167,180,36,302,78,26,97
BER,2017,2,2,9,1,97.9,6.5,0.7,4.29,0.9,11.7,0,948.4,243,0.5,0.9,196,115,157,96,167,200,96,318,81,26,97
BER,2017,2,2,10,2.4,95.6,6.9,1.8,4.56,2.1,13.8,0,947.7,207,0.3,1,214,76,183,112,145,188,113,322,100,26,97
BER,2017,2,2,11,4.4,93.1,7.8,3.4,5.17,3.9,17.4,0,946.9,158,0.6,1.3,204,27,192,119,120,147,120,316,94,26,97
BER,2017,2,2,12,5.6,91.6,8.3,4.3,5.51,5,19.4,0,946.1,225,0.5,1.7,325,306,195,117,116,430,227,310,88,26,97
BER,2017,2,2,13,7,86.9,8.7,5,5.78,6,21.5,0,945.6,351,0.6,1.3,198,124,155,95,93,209,171,324,100,26,97
BER,2017,2,2,14,7.7,84.3,8.9,5.2,5.91,6.5,22.6,0,945.2,34,0.5,1.5,221,467,99,63,62,423,402,323,81,26,97
BER,2017,2,2,15,7.5,84.7,8.8,5.1,5.85,6.3,22.2,0,945.1,236,0.3,0.9,47,49,41,25,25,55,68,326,100,26,97
BER,2017,2,2,16,6,94.8,8.8,5.2,5.85,5.6,20.7,0,945.2,21,0.9,2,0,0,0,0,0,0,0,307,49,26,97
BER,2017,2,2,17,4.4,97.4,8.1,4,5.37,4.2,17.9,0,945.5,17,2.1,4,0,0,0,0,0,0,0,296,29,26,97
BER,2017,2,2,18,3.8,98.7,7.9,3.6,5.24,3.7,16.9,0,945.7,15,1.6,4,0,0,0,0,0,0,0,315,75,26,97
BER,2017,2,2,19,3.1,99.8,7.6,3.1,5.04,3.1,15.7,0,945.3,360,1.2,2.3,0,0,0,0,0,0,0,320,94,26,97
BER,2017,2,2,20,2.3,99.8,7.2,2.3,4.78,2.3,14.3,0,944.6,18,0.9,1.7,0,0,0,0,0,0,0,318,90,26,97
BER,2017,2,2,21,2.4,98.8,7.2,2.2,4.78,2.3,14.4,0,944.7,304,0.5,1.6,0,0,0,0,0,0,0,319,94,26,97
BER,2017,2,2,22,2.6,98.7,7.3,2.4,4.84,2.5,14.7,0,944.7,194,0.5,1.4,0,0,0,0,0,0,0,321,100,26,97
BER,2017,2,2,23,2.7,98.1,7.3,2.4,4.84,2.6,14.8,0,944.6,225,0.8,2.3,0,0,0,0,0,0,0,321,100,26,97
BER,2017,2,3,0,2.9,96.1,7.2,2.3,4.78,2.6,14.9,0,943.9,135,0.9,2.3,0,0,0,0,0,0,0,321,100,26,97
BER,2017,2,3,1,3,97.4,7.4,2.6,4.92,2.8,15.3,0,943.8,6,1.8,2.9,0,0,0,0,0,0,0,322,100,26,97
BER,2017,2,3,2,2.6,97.7,7.2,2.3,4.78,2.5,14.6,0,944,360,1.1,2.5,0,0,0,0,0,0,0,322,100,26,97
BER,2017,2,3,3,2.4,98.3,7.2,2.2,4.78,2.3,14.4,0,943.5,146,0.8,2.2,0,0,0,0,0,0,0,323,100,26,97
BER,2017,2,3,4,2.9,95.9,7.2,2.3,4.78,2.6,14.9,0,944.6,166,1.4,2.6,0,0,0,0,0,0,0,323,100,26,97
BER,2017,2,3,5,4.6,90.6,7.7,3.2,5.11,4,17.4,0.1,945.4,222,2.8,10.3,0,0,0,0,0,0,0,324,100,26,97
BER,2017,2,3,6,5.4,88.7,7.9,3.7,5.24,4.6,18.6,0.3,945.8,227,3.6,9.8,0,0,0,0,0,0,0,324,100,26,97
BER,2017,2,3,7,5.1,87.3,7.7,3.2,5.1,4.2,17.9,0,946,204,1.1,3.3,32,86,25,15,91,61,15,326,88,26,97
BER,2017,2,3,8,5,87,7.6,3,5.04,4.1,17.7,0,945.4,189,0.7,2.4,197,516,69,44,430,431,44,308,53,26,97
BER,2017,2,3,9,5.9,82.2,7.6,3.1,5.04,4.6,18.6,0,945.4,211,1.4,3.3,281,492,119,79,379,493,79,295,53,26,97
BER,2017,2,3,10,7,77,7.7,3.3,5.11,5.3,19.9,0,944.9,237,2,5.2,392,653,122,83,328,707,83,280,40,26,97
BER,2017,2,3,11,7.8,72.9,7.7,3.3,5.11,5.7,20.7,0,944.2,239,1.2,2.8,86,0,86,54,52,54,54,313,88,26,97
BER,2017,2,3,12,8.2,70.7,7.7,3.2,5.12,5.8,21.1,0,943.6,270,0.8,2.6,186,240,86,58,58,283,146,302,71,26,97
BER,2017,2,3,13,8.8,68.1,7.7,3.2,5.12,6.1,21.7,0,942.5,281,0.9,2.6,350,662,107,74,75,663,422,300,56,26,97
BER,2017,2,3,14,9,65.8,7.6,3,5.06,6.1,21.8,0,941.6,27,0.7,2.6,248,595,85,56,57,517,477,289,58,26,97
BER,2017,2,3,15,8.4,70.7,7.8,3.4,5.19,6,21.5,0,942.2,12,2,3.7,35,7,34,21,21,26,27,329,100,26,97
BER,2017,2,3,16,7.1,79.4,8,3.8,5.32,5.5,20.5,0,943.3,315,0.9,2.6,5,26,4,2,2,15,26,328,100,26,97
BER,2017,2,3,17,7.5,71.3,7.4,2.6,4.91,5.2,19.9,0,943.9,249,3.3,9.6,0,0,0,0,0,0,0,326,100,26,97
BER,2017,2,3,18,6.7,77,7.5,3,4.98,5,19.2,0,944.9,245,3.8,9.7,0,0,0,0,0,0,0,318,86,26,97
BER,2017,2,3,19,5.7,84.5,7.8,3.3,5.17,4.6,18.7,0,945.5,247,2.4,6.4,0,0,0,0,0,0,0,310,71,26,97
BER,2017,2,3,20,5.1,87.7,7.7,3.2,5.11,4.2,17.9,0,945.7,201,0.9,3.3,0,0,0,0,0,0,0,302,57,26,97
BER,2017,2,3,21,5.3,82.8,7.4,2.6,4.91,4.1,17.6,0,945.5,189,1.9,5.7,0,0,0,0,0,0,0,294,43,26,97
BER,2017,2,3,22,6,72.4,6.8,1.4,4.51,4,17.3,0,944.6,209,1.2,3.5,0,0,0,0,0,0,0,286,29,26,97
BER,2017,2,3,23,4.2,79.9,6.6,1,4.38,2.8,15.2,0,944.4,249,1,2.5,0,0,0,0,0,0,0,278,14,26,97
BER,2017,2,4,0,2.8,87.4,6.5,0.9,4.31,2,13.6,0,944.7,148,1,2.3,0,0,0,0,0,0,0,270,0,26,97
BER,2017,2,4,1,2.7,87.1,6.5,0.8,4.32,1.9,13.5,0,943.2,152,1.5,3.2,0,0,0,0,0,0,0,267,6,26,97
BER,2017,2,4,2,1.4,89.4,6,-0.1,3.99,0.8,11.4,0,942,170,1.2,3.6,0,0,0,0,0,0,0,279,73,26,97
BER,2017,2,4,3,-0.4,96.4,5.8,-0.9,3.86,-0.6,9.2,0,940.8,9,0.8,1.4,0,0,0,0,0,0,0,288,100,26,97
BER,2017,2,4,4,0.3,94.9,6,-0.4,4,0,10.3,0,940.1,17,1.6,3.4,0,0,0,0,0,0,0,284,100,26,97
BER,2017,2,4,5,0.1,95.8,5.9,-0.5,3.93,-0.1,9.9,0,939.2,11,1.1,3,0,0,0,0,0,0,0,281,100,26,97
BER,2017,2,4,6,-0.3,97,5.8,-0.7,3.87,-0.5,9.3,0,938.9,349,0.6,1.4,0,0,0,0,0,0,0,281,100,26,97
BER,2017,2,4,7,0,95.6,5.9,-0.6,3.93,-0.2,9.8,0,939.4,180,0.4,1,4,0,4,2,2,2,2,288,100,26,97
BER,2017,2,4,8,1,91.4,6,-0.2,4,0.5,11,0,939.3,163,1.1,3.2,12,0,12,8,7,8,8,294,100,26,97
BER,2017,2,4,9,1.5,92.1,6.3,0.4,4.2,1,12,0.7,939.3,194,0.8,2.5,20,0,20,12,12,12,12,301,100,26,97
BER,2017,2,4,10,1.5,95.3,6.5,0.8,4.34,1.2,12.3,1,938.9,180,1.4,3.7,57,0,57,35,35,35,36,305,100,26,97
BER,2017,2,4,11,2.2,93.4,6.7,1.2,4.48,1.8,13.4,0,937.4,239,1,2.4,157,18,149,92,94,111,92,304,88,26,97
BER,2017,2,4,12,2.9,91.8,6.9,1.7,4.61,2.4,14.5,0,937.4,274,1.5,3.4,40,0,40,25,24,25,25,316,100,26,97
BER,2017,2,4,13,2.7,94.6,7,1.9,4.68,2.4,14.4,0.3,937.6,228,1.5,3.3,56,0,56,34,34,34,35,316,100,26,97
BER,2017,2,4,14,3.2,93.6,7.2,2.3,4.81,2.8,15.3,0.6,938.4,196,1.8,4.9,54,8,51,32,31,39,37,315,100,26,97
BER,2017,2,4,15,5.2,83.5,7.4,2.6,4.94,4,17.6,0.5,939.7,217,8.2,17,26,7,25,15,15,19,22,315,100,26,97
BER,2017,2,4,16,5.5,77.9,7,2,4.66,3.9,17.2,0.1,941.2,224,8.6,16.5,1,0,1,0,0,0,0,315,100,26,97
BER,2017,2,4,17,6,66.6,6.2,0.3,4.12,3.5,16.4,0.1,942.3,232,7.2,14.5,0,0,0,0,0,0,0,315,100,26,97
BER,2017,2,4,18,6.7,53.8,5.3,-2,3.52,3.1,15.6,0,942.8,241,7.2,16.8,0,0,0,0,0,0,0,300,85,26,97
BER,2017,2,4,19,5.9,60,5.6,-1.3,3.71,2.9,15.2,0,943.7,217,4.6,11.8,0,0,0,0,0,0,0,287,50,26,97
BER,2017,2,4,20,4.8,64.2,5.5,-1.4,3.65,2.3,14,0,943.7,205,1.9,6.8,0,0,0,0,0,0,0,272,39,26,97
BER,2017,2,4,21,3.3,69.6,5.4,-1.7,3.58,1.3,12.3,0,943.6,180,1,3.8,0,0,0,0,0,0,0,265,23,26,97
BER,2017,2,4,22,2.2,74.5,5.3,-1.9,3.51,0.6,11,0,943.7,163,1.5,3.2,0,0,0,0,0,0,0,257,0,26,97
BER,2017,2,4,23,-0.5,91.2,5.4,-1.8,3.58,-1,8.4,0,943.3,143,0.7,1.4,0,0,0,0,0,0,0,251,0,26,97
BER,2017,2,5,0,-0.7,88.9,5.2,-2.3,3.45,-1.3,7.9,0,942.6,189,0.8,2.4,0,0,0,0,0,0,0,249,0,26,97
BER,2017,2,5,1,-0.8,88.1,5.1,-2.5,3.39,-1.4,7.6,0,942.2,180,0.8,2.5,0,0,0,0,0,0,0,252,0,26,97
BER,2017,2,5,2,-2.3,93.8,4.8,-3.2,3.19,-2.6,5.6,0,941.3,225,0.6,2.1,0,0,0,0,0,0,0,254,6,26,97
BER,2017,2,5,3,-2.5,93.6,4.8,-3.4,3.19,-2.8,5.4,0,940.7,315,0.5,2,0,0,0,0,0,0,0,271,56,26,97
BER,2017,2,5,4,-2.1,92.9,4.9,-3.1,3.26,-2.5,6,0,939.9,39,0.7,1.8,0,0,0,0,0,0,0,282,81,26,97
BER,2017,2,5,5,-0.9,90.4,5.1,-2.3,3.4,-1.4,7.6,0,939.4,4,1.3,3.1,0,0,0,0,0,0,0,294,100,26,97
BER,2017,2,5,6,-0.5,90.4,5.3,-1.9,3.53,-1,8.3,0,939,191,0.7,1.4,0,0,0,0,0,0,0,296,100,26,97
BER,2017,2,5,7,-0.3,88.6,5.3,-1.9,3.53,-0.9,8.5,0,939,186,1.1,2,4,0,4,2,2,2,2,299,100,26,97
BER,2017,2,5,8,0.2,84.3,5.2,-2.1,3.46,-0.7,8.8,0,938.8,180,0.6,1.6,16,0,16,10,9,10,10,301,100,26,97
BER,2017,2,5,9,0.6,82.2,5.2,-2.1,3.46,-0.4,9.2,0,939.2,194,0.9,2.2,25,0,25,15,15,15,16,304,100,26,97
BER,2017,2,5,10,0.3,89.1,5.6,-1.3,3.73,-0.3,9.6,0.7,939.2,174,0.9,1.8,26,0,26,16,16,16,16,307,100,26,97
BER,2017,2,5,11,0.2,97.1,6,-0.2,4,0,10.2,1.6,938.9,172,0.7,1.2,42,0,42,26,26,26,26,309,100,26,97
BER,2017,2,5,12,0.4,97.7,6.1,0.1,4.07,0.3,10.6,0.9,938.3,171,0.6,1.2,28,0,28,17,17,17,17,311,100,26,97
BER,2017,2,5,13,0.4,98.4,6.2,0.2,4.14,0.3,10.7,0.6,937.9,180,0.4,0.9,20,0,20,12,12,12,12,311,100,26,97
BER,2017,2,5,14,0.1,99.3,6.1,0,4.07,0.1,10.3,1.1,938.1,243,0.2,0.7,13,0,13,8,8,8,8,311,100,26,97
BER,2017,2,5,15,0.2,98.6,6.1,0,4.07,0.1,10.4,1.3,938.2,198,0.5,1.1,6,0,6,4,4,4,4,311,100,26,97
BER,2017,2,5,16,0.1,99.3,6.1,0,4.07,0.1,10.3,0.8,938.5,243,0.7,1.5,9,56,5,3,3,30,53,311,100,26,97
BER,2017,2,5,17,-0.1,99.8,6.1,-0.1,4.07,-0.1,10,0.9,938.9,225,0.4,1.3,0,0,0,0,0,0,0,311,100,26,97
BER,2017,2,5,18,0.3,98.7,6.1,0.1,4.07,0.2,10.4,1,939.2,180,0.6,1,0,0,0,0,0,0,0,311,100,26,97
BER,2017,2,5,19,0.4,97.8,6.2,0.1,4.13,0.3,10.7,0.9,939.3,162,0.7,1.1,0,0,0,0,0,0,0,311,100,26,97
BER,2017,2,5,20,0.6,97.2,6.2,0.2,4.13,0.4,10.9,0.6,939.7,188,0.7,1.2,0,0,0,0,0,0,0,311,100,26,97
BER,2017,2,5,21,0.6,97.3,6.2,0.2,4.13,0.4,10.9,0.6,940.1,180,0.9,1.4,0,0,0,0,0,0,0,310,100,26,97
BER,2017,2,5,22,0.6,97.4,6.2,0.2,4.13,0.4,10.9,1,940.9,171,1.2,2,0,0,0,0,0,0,0,310,100,26,97
BER,2017,2,5,23,0.6,97.3,6.2,0.2,4.12,0.4,10.9,1.5,941.8,180,0.9,1.4,0,0,0,0,0,0,0,310,100,26,97
BER,2017,2,6,0,0.4,97.9,6.2,0.1,4.12,0.3,10.7,1.1,942.3,180,0.8,1.1,0,0,0,0,0,0,0,310,100,26,97
BER,2017,2,6,1,0.4,98.4,6.2,0.2,4.12,0.3,10.7,0.7,943.1,157,0.7,1.1,0,0,0,0,0,0,0,308,100,26,97
BER,2017,2,6,2,0.6,97,6.2,0.2,4.11,0.4,10.9,0.7,944.2,172,0.7,1.2,0,0,0,0,0,0,0,308,100,26,97
BER,2017,2,6,3,0.5,97.8,6.2,0.2,4.11,0.4,10.8,1.2,944.7,193,0.9,1.5,0,0,0,0,0,0,0,308,100,26,97
BER,2017,2,6,4,0.7,97.5,6.3,0.4,4.17,0.6,11.1,0.2,945.9,185,1.3,2.3,0,0,0,0,0,0,0,308,100,26,97
BER,2017,2,6,5,0.7,97.5,6.3,0.4,4.17,0.6,11.1,0,946.5,207,1.8,3.5,0,0,0,0,0,0,0,308,100,26,97
BER,2017,2,6,6,0.8,97.5,6.3,0.5,4.16,0.7,11.2,0,947.3,207,1.2,2.1,0,0,0,0,0,0,0,309,100,26,97
BER,2017,2,6,7,1,96.8,6.4,0.5,4.23,0.8,11.6,0.2,948.4,166,1.2,2.5,6,0,6,4,4,4,4,310,100,26,97
BER,2017,2,6,8,1.1,96.6,6.4,0.6,4.22,0.9,11.6,0,949.3,27,1.1,3.4,11,0,11,7,7,7,7,312,100,26,97
BER,2017,2,6,9,1.2,97.3,6.5,0.8,4.29,1,11.9,0.1,949.9,16,1.8,4.4,108,15,103,64,72,76,64,313,100,26,97
BER,2017,2,6,10,1.5,98,6.7,1.2,4.41,1.4,12.5,0.1,950.7,360,0.6,1.6,73,0,73,45,44,45,45,315,100,26,97
BER,2017,2,6,11,2,96.9,6.8,1.6,4.48,1.8,13.2,0,950.9,0,0.1,0.7,67,0,67,42,41,41,42,316,100,26,97
BER,2017,2,6,12,2.5,95.6,7,1.9,4.61,2.2,14.1,0,950.8,180,0.3,1.1,48,0,48,30,29,29,30,317,100,26,97
BER,2017,2,6,13,2.9,93.7,7.1,2,4.68,2.5,14.6,0,951.1,360,0.2,0.8,59,0,59,37,36,37,37,316,100,26,97
BER,2017,2,6,14,2.9,94.3,7.1,2.1,4.68,2.5,14.6,0,951.7,30,0.8,1.9,172,142,129,78,77,196,183,306,71,26,97
BER,2017,2,6,15,3.1,88.4,6.8,1.4,4.47,2.4,14.3,0,952,342,0.3,1.7,100,218,65,40,39,175,226,293,33,26,97
BER,2017,2,6,16,2.2,93.9,6.7,1.3,4.41,1.8,13.2,0,952.5,270,0.1,0.5,11,62,7,4,4,35,61,269,13,26,97
BER,2017,2,6,17,0,99.7,6.1,0,4.01,0,10,0,953.2,0,0,0.5,0,0,0,0,0,0,0,268,0,26,97
BER,2017,2,6,18,-0.6,99.8,5.8,-0.6,3.81,-0.6,8.9,0,953.6,207,0.7,1.7,0,0,0,0,0,0,0,283,38,26,97
BER,2017,2,6,19,-1.1,99.9,5.6,-1.1,3.67,-1.1,8,0,953.8,297,0.4,1.3,0,0,0,0,0,0,0,281,31,26,97
BER,2017,2,6,20,-1.1,99.9,5.6,-1.1,3.67,-1.1,8,0,953.8,243,0.5,1.4,0,0,0,0,0,0,0,268,0,26,97
BER,2017,2,6,21,-1.4,99.9,5.5,-1.4,3.61,-1.4,7.6,0,953.6,18,0.4,1.4,0,0,0,0,0,0,0,278,0,26,97
BER,2017,2,6,22,-2.4,100,5.1,-2.4,3.34,-2.4,5.9,0,953.5,270,0.2,0.8,0,0,0,0,0,0,0,272,0,26,97
BER,2017,2,6,23,-2.4,100,5.1,-2.4,3.35,-2.4,5.9,0,953.3,207,0.3,1,0,0,0,0,0,0,0,266,10,26,97
BER,2017,2,7,0,-1.9,100,5.4,-1.9,3.54,-1.9,6.9,0,953.5,171,0.6,1.1,0,0,0,0,0,0,0,271,38,26,97
BER,2017,2,7,1,-1,98.2,5.6,-1.2,3.68,-1.1,8.2,0,953.4,209,1.1,2.8,0,0,0,0,0,0,0,290,74,26,97
BER,2017,2,7,2,-0.3,98.8,5.9,-0.5,3.87,-0.4,9.4,0,953,207,1.1,2,0,0,0,0,0,0,0,276,40,26,97
BER,2017,2,7,3,-1,100,5.7,-1,3.74,-1,8.3,0,952.7,180,0.7,1.4,0,0,0,0,0,0,0,257,0,26,97
BER,2017,2,7,4,-1.6,100,5.4,-1.6,3.55,-1.6,7.2,0,952.6,135,0.4,1.2,0,0,0,0,0,0,0,283,54,26,97
BER,2017,2,7,5,-1.8,100,5.4,-1.8,3.55,-1.8,7,0,952.3,56,0.3,1,0,0,0,0,0,0,0,290,69,26,97
BER,2017,2,7,6,-1.7,100,5.4,-1.7,3.55,-1.7,7.1,0,951.9,141,0.7,1.2,0,0,0,0,0,0,0,298,94,26,97
BER,2017,2,7,7,-1.3,100,5.6,-1.3,3.68,-1.3,7.9,0,952.2,117,0.3,0.9,8,0,8,5,5,5,5,303,100,26,97
BER,2017,2,7,8,-0.9,99.9,5.7,-0.9,3.75,-0.9,8.4,0,951.8,0,0.2,0.9,64,3,64,39,41,41,40,303,100,26,97
BER,2017,2,7,9,-0.2,98.3,5.9,-0.4,3.88,-0.3,9.5,0,951.6,236,0.4,1,66,1,65,41,40,41,41,306,100,26,97
BER,2017,2,7,10,0.5,95.6,6.1,-0.1,4.01,0.3,10.5,0,951.9,304,0.3,1,130,2,129,80,79,82,80,311,100,26,97
BER,2017,2,7,11,1.2,91.8,6.1,0,4.01,0.7,11.2,0,951.6,252,0.3,0.9,145,1,144,89,88,90,90,313,100,26,97
BER,2017,2,7,12,1.8,91.3,6.4,0.5,4.21,1.3,12.3,0,951.3,240,0.8,1.8,87,0,87,54,52,54,54,315,100,26,97
BER,2017,2,7,13,1.8,93.3,6.5,0.8,4.28,1.4,12.5,0.6,950.7,248,1.1,1.8,35,0,35,21,21,21,22,315,100,26,97
BER,2017,2,7,14,1,96.5,6.3,0.5,4.15,0.8,11.4,1,950.7,315,0.7,1.6,19,0,19,11,11,11,12,315,100,26,97
BER,2017,2,7,15,0.5,98.3,6.2,0.3,4.08,0.4,10.7,0.4,951.1,18,0.5,1.3,43,86,31,19,19,69,94,315,100,26,97
BER,2017,2,7,16,0.6,98.7,6.3,0.4,4.15,0.5,11,0.5,951.5,225,0.8,1.8,1,0,1,0,0,0,0,316,100,26,97
BER,2017,2,7,17,1,97.3,6.4,0.6,4.21,0.8,11.5,0.7,951.6,176,1.3,2.7,0,0,0,0,0,0,0,316,100,26,97
BER,2017,2,7,18,1.1,96.8,6.4,0.6,4.21,0.9,11.6,0.1,951.4,188,1.4,2.8,0,0,0,0,0,0,0,313,94,26,97
BER,2017,2,7,19,1.4,95.6,6.4,0.8,4.21,1.1,11.9,0,951.1,197,1.3,2.4,0,0,0,0,0,0,0,315,100,26,97
BER,2017,2,7,20,1.5,95.2,6.5,0.8,4.28,1.2,12.2,0,951.2,184,1.4,2.5,0,0,0,0,0,0,0,315,100,26,97
BER,2017,2,7,21,1.2,96,6.4,0.6,4.21,1,11.7,0.1,951.3,173,1,2.9,0,0,0,0,0,0,0,312,94,26,97
BER,2017,2,7,22,1.5,95.8,6.5,0.9,4.28,1.2,12.2,0.2,951.2,184,1.5,3.4,0,0,0,0,0,0,0,315,94,26,97
BER,2017,2,7,23,1.4,97.2,6.6,1,4.35,1.2,12.3,0.3,951,175,1.1,2.3,0,0,0,0,0,0,0,314,100,26,97
BER,2017,2,8,0,1.1,98.6,6.5,0.9,4.28,1,11.8,0,950.9,194,0.5,1.5,0,0,0,0,0,0,0,314,100,26,97
BER,2017,2,8,1,1.3,97.4,6.6,0.9,4.35,1.1,12.2,0.9,950.8,180,0.9,2.6,0,0,0,0,0,0,0,313,100,26,97
BER,2017,2,8,2,1.2,98.5,6.6,1,4.35,1.1,12.1,0,950.4,169,0.6,1.8,0,0,0,0,0,0,0,313,100,26,97
BER,2017,2,8,3,0.9,99.7,6.5,0.9,4.28,0.9,11.6,0.1,950.4,135,0.3,0.8,0,0,0,0,0,0,0,312,100,26,97
BER,2017,2,8,4,1.1,99.1,6.6,1,4.35,1.1,12,0,950.7,21,0.9,2,0,0,0,0,0,0,0,312,100,26,97
BER,2017,2,8,5,0.9,99,6.4,0.8,4.21,0.9,11.4,0,951.1,14,1.2,2.1,0,0,0,0,0,0,0,312,100,26,97
BER,2017,2,8,6,0.9,98.5,6.4,0.7,4.21,0.8,11.4,0,951.6,15,2,3.6,0,0,0,0,0,0,0,312,100,26,97
BER,2017,2,8,7,0.8,99.6,6.4,0.7,4.21,0.8,11.3,0,951.9,19,1.8,3.1,8,0,8,5,5,5,5,313,100,26,97
BER,2017,2,8,8,1,98.5,6.5,0.8,4.27,0.9,11.7,0,952.3,11,2.1,4.7,73,10,70,43,50,51,44,314,100,26,97
BER,2017,2,8,9,1.5,96.6,6.6,1,4.34,1.3,12.3,0,952.6,25,1.9,5.3,67,2,66,41,41,42,41,315,100,26,97
BER,2017,2,8,10,1.9,96.3,6.7,1.4,4.4,1.7,12.9,0,953.2,16,1.8,4.1,51,0,51,32,31,32,32,316,100,26,97
BER,2017,2,8,11,2.6,92.8,6.8,1.6,4.47,2.2,13.8,0,953.3,15,1.6,3.2,136,1,135,84,82,85,85,316,100,26,97
BER,2017,2,8,12,2.9,91.9,6.9,1.7,4.53,2.4,14.3,0,953.3,11,2.2,4,119,0,119,74,72,74,74,317,100,26,97
BER,2017,2,8,13,2.9,90.4,6.8,1.5,4.47,2.3,14.1,0,953.6,43,2.4,6.8,72,0,72,45,44,45,45,316,100,26,97
BER,2017,2,8,14,2.6,90.6,6.7,1.2,4.4,2,13.6,0.2,954,39,2.2,5.3,35,0,35,22,21,22,22,316,100,26,97
BER,2017,2,8,15,2.6,91.6,6.8,1.4,4.46,2.1,13.8,0.1,954.3,43,1.6,3.4,7,0,7,4,4,4,4,315,100,26,97
BER,2017,2,8,16,2.6,91.4,6.7,1.3,4.4,2,13.6,0.1,954.7,55,1.5,4.1,1,0,1,0,0,0,0,315,100,26,97
BER,2017,2,8,17,2.5,91.6,6.7,1.3,4.39,2,13.5,0.1,955.1,37,1,2.8,0,0,0,0,0,0,0,314,100,26,97
BER,2017,2,8,18,2.3,93.4,6.7,1.3,4.39,1.9,13.3,0,955.4,24,1.8,3.4,0,0,0,0,0,0,0,313,100,26,97
BER,2017,2,8,19,2.4,92.9,6.7,1.4,4.39,2,13.4,0,955.6,37,1.5,3.6,0,0,0,0,0,0,0,312,100,26,97
BER,2017,2,8,20,2.4,92.5,6.7,1.3,4.39,1.9,13.4,0,955.7,18,2.3,5.7,0,0,0,0,0,0,0,311,100,26,97
BER,2017,2,8,21,2.2,93,6.6,1.2,4.33,1.8,13,0,955.5,20,3.5,5.9,0,0,0,0,0,0,0,310,100,26,97
BER,2017,2,8,22,1.8,94.6,6.6,1,4.33,1.5,12.6,0,955.6,21,3.3,5.7,0,0,0,0,0,0,0,308,100,26,97
BER,2017,2,8,23,1.8,93.9,6.5,0.9,4.26,1.4,12.5,0,955.7,20,2.9,5.4,0,0,0,0,0,0,0,307,100,26,97
BER,2017,2,9,0,1.5,93.4,6.3,0.6,4.13,1.1,11.8,0,955.6,16,3.2,5.4,0,0,0,0,0,0,0,305,100,27,97
BER,2017,2,9,1,1.1,91.6,6.1,-0.1,4,0.6,11.1,0,955.6,12,3.5,6.2,0,0,0,0,0,0,0,302,100,27,97
BER,2017,2,9,2,0.5,90.5,5.7,-0.9,3.73,-0.1,9.8,0,955.3,17,4.1,7.4,0,0,0,0,0,0,0,303,100,27,97
BER,2017,2,9,3,-0.1,89.6,5.4,-1.6,3.54,-0.7,8.7,0,955.2,21,4.3,7.8,0,0,0,0,0,0,0,302,100,27,97
BER,2017,2,9,4,-0.3,88.2,5.3,-2,3.47,-0.9,8.4,0,955,20,5.3,8.5,0,0,0,0,0,0,0,299,100,27,97
BER,2017,2,9,5,-0.5,86.8,5.1,-2.4,3.34,-1.2,7.8,0,955,22,5.4,8.9,0,0,0,0,0,0,0,292,90,27,97
BER,2017,2,9,6,-1,87.2,4.9,-2.9,3.21,-1.7,7,0,955,23,3.8,7.3,0,0,0,0,0,0,0,296,63,27,97
BER,2017,2,9,7,-1.4,88.4,4.9,-3.1,3.21,-2,6.6,0,955,31,2.1,5.8,73,192,49,30,201,136,30,277,36,27,97
BER,2017,2,9,8,-1.2,87,4.9,-3.1,3.21,-1.9,6.8,0,954.6,36,2.4,6.2,164,167,119,72,203,199,72,286,68,27,97
BER,2017,2,9,9,-0.9,85.9,4.9,-3,3.21,-1.7,7.1,0,954.7,30,1.7,5.6,258,219,178,107,250,306,107,299,81,27,97
BER,2017,2,9,10,-0.4,82.6,4.9,-3,3.21,-1.4,7.6,0,954.5,17,3.1,8,171,15,165,103,108,117,103,291,88,27,97
BER,2017,2,9,11,-0.2,82.1,4.9,-2.9,3.21,-1.2,7.8,0,954.1,21,2.8,5.9,199,48,176,108,119,159,109,297,94,27,97
BER,2017,2,9,12,0.6,81.1,5.2,-2.3,3.41,-0.5,9.1,0,953.7,15,2.8,5.8,135,2,134,84,82,85,85,298,100,27,97
BER,2017,2,9,13,0.9,79.4,5.2,-2.3,3.41,-0.3,9.4,0,953.3,33,3.8,6.8,118,8,114,71,69,78,76,297,100,27,97
BER,2017,2,9,14,0.8,80.2,5.2,-2.2,3.41,-0.3,9.3,0,953.1,31,3.9,7,28,0,28,17,17,17,17,296,100,27,97
BER,2017,2,9,15,0.4,81.1,5.1,-2.5,3.35,-0.7,8.7,0,953.2,31,3.9,6.9,54,144,36,23,22,100,151,299,88,27,97
BER,2017,2,9,16,0,82.9,5.1,-2.6,3.35,-1,8.3,0,953.2,24,3.7,6.6,3,6,3,2,2,4,7,300,100,27,97
BER,2017,2,9,17,-0.3,84.4,5.1,-2.6,3.35,-1.2,8,0,953.3,25,4,7.1,0,0,0,0,0,0,0,299,100,27,97
BER,2017,2,9,18,-0.4,86.1,5.1,-2.4,3.35,-1.1,7.9,0,953.2,21,3.8,7,0,0,0,0,0,0,0,299,100,27,97
BER,2017,2,9,19,-0.6,87.1,5.1,-2.5,3.35,-1.3,7.7,0,953.1,24,3.4,5.7,0,0,0,0,0,0,0,299,100,27,97
BER,2017,2,9,20,-0.7,87.6,5.1,-2.5,3.35,-1.4,7.6,0,953,18,2.8,4.8,0,0,0,0,0,0,0,298,100,27,97
BER,2017,2,9,21,-0.7,88.5,5.1,-2.4,3.35,-1.3,7.6,0,952.7,18,2.5,4.4,0,0,0,0,0,0,0,298,100,27,97
BER,2017,2,9,22,-0.8,88.8,5.1,-2.4,3.35,-1.4,7.5,0,952.6,20,2.3,4.4,0,0,0,0,0,0,0,298,100,27,97
BER,2017,2,9,23,-0.9,90.1,5.2,-2.3,3.41,-1.4,7.6,0,952.7,20,2.3,4,0,0,0,0,0,0,0,297,100,27,97
BER,2017,2,10,0,-0.9,91.3,5.2,-2.1,3.41,-1.3,7.6,0,952.6,18,1.9,3.1,0,0,0,0,0,0,0,297,100,29,96
BER,2017,2,10,1,-1,91.3,5.2,-2.2,3.41,-1.4,7.5,0,952.5,11,1.6,2.4,0,0,0,0,0,0,0,297,100,29,96
BER,2017,2,10,2,-1,91.3,5.2,-2.2,3.41,-1.4,7.5,0,952.4,11,1.5,2.8,0,0,0,0,0,0,0,297,100,29,96
BER,2017,2,10,3,-1.1,92.1,5.2,-2.2,3.42,-1.5,7.4,0,952,4,1.3,2.2,0,0,0,0,0,0,0,291,94,29,96
BER,2017,2,10,4,-1.1,92.7,5.2,-2.1,3.42,-1.5,7.4,0,951.9,9,1.2,2,0,0,0,0,0,0,0,296,100,29,96
BER,2017,2,10,5,-1.1,92.3,5.2,-2.2,3.42,-1.5,7.4,0,952.1,7,0.9,1.4,0,0,0,0,0,0,0,296,100,29,96
BER,2017,2,10,6,-1.1,92.7,5.2,-2.1,3.42,-1.5,7.4,0,952.3,15,1.1,1.8,0,0,0,0,0,0,0,297,100,29,96
BER,2017,2,10,7,-1,94.1,5.3,-1.8,3.48,-1.3,7.7,0.1,952.8,10,1.1,1.8,9,0,9,6,6,6,6,298,100,29,96
BER,2017,2,10,8,-1,96.1,5.5,-1.5,3.61,-1.2,8,0.1,953,14,0.5,0.9,51,0,51,32,31,32,32,299,100,29,96
BER,2017,2,10,9,-0.4,94.5,5.6,-1.2,3.68,-0.7,8.8,0.1,953,24,1,2.7,28,0,28,18,18,18,18,300,100,29,96
BER,2017,2,10,10,-0.1,93.7,5.7,-1,3.74,-0.5,9.2,0,953.2,27,2.3,3.5,26,0,26,16,16,16,16,299,100,29,96
BER,2017,2,10,11,0.3,93,5.8,-0.7,3.81,-0.1,9.8,0,953.2,24,2.5,3.9,49,0,49,31,30,31,31,297,100,29,96
BER,2017,2,10,12,1,90.4,5.9,-0.4,3.87,0.4,10.7,0,953.4,18,2.5,3.9,146,48,125,78,77,127,101,295,94,29,96
BER,2017,2,10,13,1.6,88.8,6.1,0,4.01,0.9,11.6,0,952.9,41,2.2,3.9,390,705,109,84,86,695,460,275,41,29,96
BER,2017,2,10,14,2,87.1,6.1,0.1,4.01,1.2,12,0,953,26,3,4.7,260,492,103,70,70,455,417,271,23,29,96
BER,2017,2,10,15,1.8,88.3,6.1,0.1,4.01,1.1,11.8,0,952.7,17,2.8,4.6,147,506,59,39,39,341,474,271,6,29,96
BER,2017,2,10,16,1.5,90.3,6.1,0.1,4.01,0.9,11.5,0,952.9,9,2.6,4.8,17,84,11,7,7,47,84,266,13,29,96
BER,2017,2,10,17,1.2,92.8,6.2,0.2,4.07,0.8,11.4,0,953.1,7,1.7,3.1,0,0,0,0,0,0,0,261,0,29,96
BER,2017,2,10,18,1.1,92.6,6.1,0,4,0.7,11.1,0,953.6,306,1.1,2.4,0,0,0,0,0,0,0,259,0,29,96
BER,2017,2,10,19,0.9,93.8,6.1,0,4,0.5,10.9,0,953.5,344,0.9,1.6,0,0,0,0,0,0,0,258,0,29,96
BER,2017,2,10,20,0.8,95.6,6.2,0.2,4.07,0.6,11,0,953.8,23,0.8,1.7,0,0,0,0,0,0,0,249,0,29,96
BER,2017,2,10,21,0.6,95.8,6.1,0,4,0.4,10.6,0,953.7,17,1.1,1.9,0,0,0,0,0,0,0,255,0,29,96
BER,2017,2,10,22,0.6,96.7,6.1,0.1,4,0.4,10.6,0,953.8,13,1,2.1,0,0,0,0,0,0,0,253,0,29,96
BER,2017,2,10,23,0.6,96.7,6.2,0.1,4.07,0.4,10.8,0,954.1,360,0.7,1.2,0,0,0,0,0,0,0,251,0,29,96
BER,2017,2,11,0,0.8,96.1,6.2,0.3,4.07,0.6,11,0,954.3,360,0.3,0.9,0,0,0,0,0,0,0,241,6,28,96
BER,2017,2,11,1,1.1,91.7,6.1,-0.1,4,0.6,11.1,0,954.3,210,0.8,1.8,0,0,0,0,0,0,0,245,38,28,96
BER,2017,2,11,2,0.9,90.5,5.9,-0.5,3.87,0.3,10.6,0,954.1,240,0.8,2.3,0,0,0,0,0,0,0,248,23,28,96
BER,2017,2,11,3,0.1,93.5,5.8,-0.8,3.8,-0.3,9.6,0,954,225,0.7,2,0,0,0,0,0,0,0,249,61,28,96
BER,2017,2,11,4,-0.3,95.8,5.7,-0.9,3.74,-0.5,9,0,953.9,217,0.5,1.5,0,0,0,0,0,0,0,246,40,28,96
BER,2017,2,11,5,-0.6,94.6,5.5,-1.4,3.61,-0.9,8.4,0,953.6,194,0.5,1.1,0,0,0,0,0,0,0,239,19,28,96
BER,2017,2,11,6,-1.1,96.1,5.4,-1.6,3.54,-1.3,7.7,0,953.8,203,0.8,1.6,0,0,0,0,0,0,0,248,23,28,96
BER,2017,2,11,7,-1.7,98.3,5.3,-1.9,3.48,-1.8,6.9,0,953.9,219,0.7,1.3,94,365,39,27,347,229,27,242,0,28,96
BER,2017,2,11,8,0,91.8,5.6,-1.2,3.67,-0.5,9.2,0,954,214,0.8,1.4,251,702,64,50,587,538,50,247,0,28,96
BER,2017,2,11,9,1.9,79.1,5.5,-1.3,3.61,0.6,10.9,0,954,167,1.1,2.3,382,817,74,68,543,738,68,251,19,28,96
BER,2017,2,11,10,3.3,72,5.6,-1.3,3.67,1.4,12.5,0,954.1,170,1.2,2.5,445,727,120,92,380,764,92,274,54,28,96
BER,2017,2,11,11,4.1,68.2,5.6,-1.2,3.67,1.9,13.3,0,953.9,149,0.7,2.1,492,784,115,94,192,846,120,279,60,28,96
BER,2017,2,11,12,5,64.3,5.6,-1.2,3.68,2.4,14.2,0,953.2,0,0.6,2,452,676,137,102,103,743,304,290,71,28,96
BER,2017,2,11,13,5.9,65.3,6.1,-0.1,4.01,3.3,16,0,952.5,360,1.6,3.5,407,704,123,87,88,708,472,287,56,28,96
BER,2017,2,11,14,5.9,65.4,6.1,-0.1,4.01,3.3,16,0,952.4,8,2.2,4.3,253,444,118,76,76,415,406,288,68,28,96
BER,2017,2,11,15,5.6,69.9,6.3,0.5,4.14,3.4,16,0,952.3,11,2.1,3.6,132,328,70,44,44,246,326,286,65,28,96
BER,2017,2,11,16,4.1,77.2,6.3,0.5,4.14,2.6,14.5,0,952.5,11,1.5,2.8,25,131,15,9,9,69,131,267,33,28,96
BER,2017,2,11,17,1.9,86.9,6.1,0,4.01,1.1,11.9,0,952.6,24,1.2,2.5,0,0,0,0,0,0,0,259,25,28,96
BER,2017,2,11,18,0.9,91.5,6,-0.3,3.94,0.4,10.7,0,953,360,0.7,1.8,0,0,0,0,0,0,0,269,54,28,96
BER,2017,2,11,19,0.2,94.5,5.9,-0.6,3.87,-0.1,9.9,0,953.2,63,0.4,1.7,0,0,0,0,0,0,0,270,34,28,96
BER,2017,2,11,20,-0.5,96.5,5.7,-1,3.74,-0.7,8.8,0,953.2,360,0.4,1.3,0,0,0,0,0,0,0,268,35,28,96
BER,2017,2,11,21,-0.8,96.5,5.6,-1.3,3.68,-1,8.4,0,953.1,90,0.3,1,0,0,0,0,0,0,0,276,53,28,96
BER,2017,2,11,22,-0.9,97,5.6,-1.3,3.68,-1.1,8.3,0,953.3,11,0.6,2.2,0,0,0,0,0,0,0,278,69,28,96
BER,2017,2,11,23,-0.6,95.4,5.6,-1.2,3.68,-0.8,8.6,0,953.3,45,0.8,2.2,0,0,0,0,0,0,0,283,78,28,96
BER,2017,2,12,0,-0.4,95.4,5.7,-1,3.74,-0.6,8.9,0,953.7,0,0.4,1.3,0,0,0,0,0,0,0,298,84,27,96
BER,2017,2,12,1,-0.8,97,5.6,-1.2,3.67,-1,8.3,0,954.1,90,0.2,0.8,0,0,0,0,0,0,0,303,100,27,96
BER,2017,2,12,2,-0.6,96,5.6,-1.2,3.67,-0.8,8.6,0,954.1,12,1.5,3.4,0,0,0,0,0,0,0,304,100,27,96
BER,2017,2,12,3,-0.9,96.3,5.5,-1.4,3.6,-1.1,8.1,0,954.5,22,1.1,2.2,0,0,0,0,0,0,0,304,100,27,96
BER,2017,2,12,4,-0.8,96.2,5.6,-1.3,3.67,-1,8.3,0,955.2,15,1.5,2.5,0,0,0,0,0,0,0,305,100,27,96
BER,2017,2,12,5,-0.6,95.3,5.6,-1.3,3.67,-0.9,8.5,0,955,14,1.7,3,0,0,0,0,0,0,0,305,100,27,96
BER,2017,2,12,6,-0.7,95.4,5.5,-1.3,3.6,-0.9,8.3,0,955.2,17,2.7,4.9,0,0,0,0,0,0,0,295,88,27,96
BER,2017,2,12,7,-0.6,95.3,5.6,-1.3,3.66,-0.9,8.5,0,956,20,2.1,5.3,65,103,52,32,125,87,32,292,75,27,96
BER,2017,2,12,8,-0.2,94.5,5.7,-1,3.73,-0.5,9.1,0,956.4,18,3.2,5.9,138,78,114,70,129,131,70,306,94,27,96
BER,2017,2,12,9,0,94,5.7,-0.8,3.73,-0.3,9.3,0,956.5,7,3.8,6.9,237,188,167,102,227,266,102,306,88,27,96
BER,2017,2,12,10,0.7,91.1,5.9,-0.6,3.86,0.2,10.3,0,956.8,9,3.6,6.5,169,10,164,102,103,112,102,314,100,27,96
BER,2017,2,12,11,1.9,87.2,6.1,0,3.99,1.1,11.9,0,956.7,11,3.2,5.3,398,473,168,114,153,571,139,305,78,27,96
BER,2017,2,12,12,4.2,78,6.4,0.7,4.19,2.7,14.7,0,956.4,13,3.6,6.3,489,861,82,80,82,871,310,287,26,27,96
BER,2017,2,12,13,5.5,71.8,6.5,0.8,4.26,3.4,16.2,0,956.2,24,3.2,6,422,847,72,69,71,788,493,279,13,27,96
BER,2017,2,12,14,6.3,70.2,6.7,1.3,4.39,4.1,17.3,0,956.3,7,3.1,5.5,302,727,71,56,57,597,568,272,0,27,96
BER,2017,2,12,15,6.4,69.9,6.8,1.3,4.46,4.1,17.6,0,955.8,23,3.4,7.4,155,534,54,36,37,353,492,278,0,27,96
BER,2017,2,12,16,5.5,75,6.7,1.4,4.39,3.7,16.5,0,956.1,32,2.3,6.3,25,138,15,9,9,71,137,283,25,27,96
BER,2017,2,12,17,3.9,82.5,6.7,1.2,4.39,2.7,14.9,0,956.4,24,3,5.7,0,0,0,0,0,0,0,273,29,27,96
BER,2017,2,12,18,3.2,84.1,6.5,0.8,4.25,2.2,13.9,0,956.8,23,3.9,6.7,0,0,0,0,0,0,0,264,6,27,96
BER,2017,2,12,19,2.2,85.6,6.1,0,3.99,1.3,12.2,0,957.1,21,5.1,8.3,0,0,0,0,0,0,0,273,16,27,96
BER,2017,2,12,20,1.2,87.6,5.8,-0.6,3.79,0.5,10.7,0,957.5,20,4.9,8.2,0,0,0,0,0,0,0,272,38,27,96
BER,2017,2,12,21,0.5,90,5.7,-0.9,3.72,-0.1,9.8,0,957.6,18,4.2,6.8,0,0,0,0,0,0,0,283,69,27,96
BER,2017,2,12,22,-0.4,92.8,5.5,-1.4,3.59,-0.8,8.6,0,957.8,9,2.7,6.4,0,0,0,0,0,0,0,290,81,27,96
BER,2017,2,12,23,-0.6,92.7,5.4,-1.6,3.53,-1,8.2,0,958.1,16,3.2,7.5,0,0,0,0,0,0,0,280,61,27,96
BER,2017,2,13,0,-0.7,93.4,5.4,-1.6,3.52,-1,8.1,0,958.4,20,4.5,7.3,0,0,0,0,0,0,0,297,100,26,96
BER,2017,2,13,1,-0.6,94.7,5.5,-1.3,3.59,-0.9,8.3,0,958.5,21,3,5.8,0,0,0,0,0,0,0,294,100,26,96
BER,2017,2,13,2,-0.5,94.7,5.6,-1.2,3.66,-0.8,8.6,0,958.3,21,2.5,4.8,0,0,0,0,0,0,0,291,100,26,96
BER,2017,2,13,3,-0.5,95.1,5.6,-1.2,3.66,-0.8,8.6,0,958.4,29,2.5,5.1,0,0,0,0,0,0,0,288,100,26,96
BER,2017,2,13,4,-0.5,95,5.6,-1.2,3.66,-0.8,8.6,0,958.2,33,2.4,4.4,0,0,0,0,0,0,0,285,100,26,96
BER,2017,2,13,5,-0.5,94.4,5.6,-1.3,3.66,-0.8,8.6,0,958,31,2.3,4.8,0,0,0,0,0,0,0,282,100,26,96
BER,2017,2,13,6,-0.5,92.6,5.5,-1.5,3.59,-0.9,8.5,0,957.9,25,3.1,5.8,0,0,0,0,0,0,0,281,100,26,96
BER,2017,2,13,7,-0.7,91.7,5.4,-1.9,3.53,-1.2,8.1,0,958.2,27,3,5.7,13,0,13,8,8,8,8,284,100,26,96
BER,2017,2,13,8,-0.5,90.5,5.3,-1.9,3.46,-1,8.1,0,958.3,35,2,4.6,40,0,40,25,24,25,25,284,94,26,96
BER,2017,2,13,9,-0.2,90.3,5.4,-1.6,3.52,-0.7,8.6,0,958.4,22,1.7,3.4,27,0,27,17,16,17,17,289,100,26,96
BER,2017,2,13,10,-0.1,88.6,5.4,-1.8,3.52,-0.7,8.7,0,958.6,27,1.9,4.4,26,0,26,16,16,16,16,292,100,26,96
BER,2017,2,13,11,0.5,87,5.5,-1.4,3.59,-0.2,9.5,0,958.3,39,1.6,3.6,27,0,27,17,16,16,17,298,100,26,96
BER,2017,2,13,12,0.9,84.3,5.5,-1.4,3.59,0,9.9,0,957.9,35,2,4.8,25,0,25,16,15,16,16,302,100,26,96
BER,2017,2,13,13,1.2,82.5,5.5,-1.4,3.59,0.2,10.2,0,957.5,28,2,5.3,31,0,31,19,19,19,19,299,100,26,96
BER,2017,2,13,14,1.3,83,5.6,-1.3,3.66,0.3,10.4,0,957.3,18,2.2,5,29,0,29,18,18,18,18,296,100,26,96
BER,2017,2,13,15,1.2,83.5,5.6,-1.3,3.66,0.2,10.3,0,956.8,29,2.5,5.3,26,0,26,16,16,16,16,294,100,26,96
BER,2017,2,13,16,1,84.3,5.5,-1.3,3.6,0.1,10,0,956.9,29,2.3,4.5,2,0,2,1,1,1,1,291,100,26,96
BER,2017,2,13,17,0.8,85.1,5.5,-1.4,3.59,-0.1,9.8,0,957.2,45,1.9,4.2,0,0,0,0,0,0,0,289,100,26,96
BER,2017,2,13,18,0.6,85.9,5.5,-1.5,3.59,-0.2,9.6,0,957.5,42,1.5,3.6,0,0,0,0,0,0,0,291,100,26,96
BER,2017,2,13,19,0.5,87.3,5.5,-1.4,3.59,-0.2,9.5,0,957.8,28,1.5,3.2,0,0,0,0,0,0,0,291,100,26,96
BER,2017,2,13,20,0.5,86.7,5.5,-1.5,3.59,-0.3,9.5,0,958.1,39,1.5,2.6,0,0,0,0,0,0,0,292,100,26,96
BER,2017,2,13,21,0.4,87.5,5.5,-1.4,3.59,-0.3,9.4,0,958.5,36,1.3,2.4,0,0,0,0,0,0,0,292,100,26,96
BER,2017,2,13,22,0.4,87.3,5.5,-1.5,3.59,-0.3,9.4,0,958.9,9,0.7,1.7,0,0,0,0,0,0,0,293,100,26,96
BER,2017,2,13,23,0.4,87.6,5.5,-1.4,3.59,-0.3,9.4,0,959.1,351,0.7,1.6,0,0,0,0,0,0,0,293,100,26,96
BER,2017,2,14,0,0.3,88.1,5.5,-1.4,3.59,-0.4,9.2,0,959.3,27,0.6,1.4,0,0,0,0,0,0,0,252,0,26,96
BER,2017,2,14,1,0.3,88.1,5.5,-1.4,3.58,-0.4,9.2,0,959.8,207,0.6,1.8,0,0,0,0,0,0,0,252,0,26,96
BER,2017,2,14,2,0.2,89,5.5,-1.4,3.58,-0.4,9.1,0,959.9,239,0.7,2.1,0,0,0,0,0,0,0,252,0,26,96
BER,2017,2,14,3,0,90.3,5.5,-1.4,3.58,-0.5,8.9,0,960.3,153,1,2.6,0,0,0,0,0,0,0,252,0,26,96
BER,2017,2,14,4,-0.2,90.9,5.5,-1.5,3.58,-0.7,8.7,0,961,98,0.9,2.3,0,0,0,0,0,0,0,252,0,26,96
BER,2017,2,14,5,-0.5,92.1,5.4,-1.6,3.51,-0.9,8.3,0,961.1,111,1.1,2.8,0,0,0,0,0,0,0,252,0,26,96
BER,2017,2,14,6,-0.9,93.8,5.4,-1.8,3.51,-1.2,7.8,0,961.6,96,1,2.3,0,0,0,0,0,0,0,253,10,26,96
BER,2017,2,14,7,-1.2,95.1,5.3,-1.9,3.44,-1.5,7.4,0,962.5,104,0.7,2,51,18,48,30,46,40,30,268,23,26,96
BER,2017,2,14,8,-1.1,94.3,5.3,-1.9,3.44,-1.4,7.5,0,962.7,169,0.6,2,116,18,110,68,81,82,69,266,56,26,96
BER,2017,2,14,9,-0.4,91.8,5.5,-1.6,3.57,-0.9,8.5,0,963.1,288,0.5,1.4,262,214,173,106,233,300,106,289,59,26,96
BER,2017,2,14,10,1.1,86.5,5.7,-0.9,3.7,0.3,10.3,0,963.3,360,1.2,3.4,483,865,80,78,386,852,77,276,16,26,96
BER,2017,2,14,11,2.6,81.4,6,-0.3,3.9,1.4,12.4,0,963.3,352,2.2,3.7,527,911,76,82,177,923,106,274,0,26,96
BER,2017,2,14,12,4.3,75.6,6.3,0.4,4.1,2.6,14.6,0,963.1,342,1.6,3.1,499,853,88,81,83,864,316,276,0,26,96
BER,2017,2,14,13,6.5,68.2,6.6,1.1,4.29,4.1,17.3,0,963.3,345,1.5,3.2,424,784,91,74,76,747,478,274,0,26,96
BER,2017,2,14,14,7.7,64.9,6.8,1.5,4.42,4.9,18.8,0,963.5,360,1.9,3.8,306,685,83,60,61,571,551,272,0,26,96
BER,2017,2,14,15,7.7,64.6,6.8,1.5,4.42,4.9,18.8,0,963.7,8,2.1,3.3,168,589,53,36,37,380,540,270,0,26,96
BER,2017,2,14,16,7.1,65.9,6.7,1.2,4.35,4.5,18.1,0,964.1,17,2.1,3.1,29,156,16,10,10,79,155,269,0,26,96
BER,2017,2,14,17,4.1,79.7,6.5,0.9,4.22,2.7,14.7,0,964.6,15,1.6,2.3,0,0,0,0,0,0,0,267,0,26,96
BER,2017,2,14,18,2.2,89.1,6.4,0.6,4.15,1.5,12.6,0,965.2,11,1,1.8,0,0,0,0,0,0,0,265,0,26,96
BER,2017,2,14,19,0.9,92.3,6.1,-0.2,3.95,0.5,10.8,0,965.7,13,0.9,1.7,0,0,0,0,0,0,0,261,0,26,96
BER,2017,2,14,20,0.1,95,5.9,-0.6,3.82,-0.2,9.6,0,965.9,27,0.2,0.8,0,0,0,0,0,0,0,257,0,26,96
BER,2017,2,14,21,-0.1,95.7,5.8,-0.7,3.76,-0.3,9.3,0,966.4,360,0.1,0.6,0,0,0,0,0,0,0,254,0,26,96
BER,2017,2,14,22,-0.4,97.1,5.8,-0.8,3.75,-0.6,9,0,966.9,0,0.2,0.5,0,0,0,0,0,0,0,250,0,26,96
BER,2017,2,14,23,-0.5,97.3,5.7,-0.9,3.69,-0.7,8.7,0,967.5,180,0.3,0.8,0,0,0,0,0,0,0,252,19,26,96
BER,2017,2,15,0,-1,98.2,5.6,-1.2,3.62,-1.1,8,0,967.8,207,0.3,0.7,0,0,0,0,0,0,0,244,0,25,96
BER,2017,2,15,1,-1.6,99.3,5.4,-1.7,3.49,-1.6,7.1,0,967.9,207,0.3,0.9,0,0,0,0,0,0,0,243,0,25,96
BER,2017,2,15,2,-2.2,97.9,5.1,-2.5,3.29,-2.3,6,0,967.9,214,0.8,1.6,0,0,0,0,0,0,0,242,0,25,96
BER,2017,2,15,3,-2.2,97.9,5.1,-2.5,3.29,-2.3,6,0,968.1,196,0.7,1.3,0,0,0,0,0,0,0,241,0,25,96
BER,2017,2,15,4,-2.2,97.6,5.1,-2.5,3.29,-2.3,6,0,968.2,211,0.6,1.5,0,0,0,0,0,0,0,240,0,25,96
BER,2017,2,15,5,-2,97.1,5.1,-2.4,3.29,-2.1,6.2,0,968.3,202,0.6,1.9,0,0,0,0,0,0,0,239,0,25,96
BER,2017,2,15,6,-2.3,97,5,-2.7,3.23,-2.4,5.7,0,968.5,45,0.4,1.2,3,0,3,2,2,2,2,244,10,25,96
BER,2017,2,15,7,-2.3,96.3,5,-2.8,3.23,-2.5,5.7,0,969,360,0.2,0.7,115,466,44,28,444,273,28,250,0,25,96
BER,2017,2,15,8,0,92.3,5.7,-1.1,3.68,-0.4,9.2,0,969.6,90,0.3,0.8,272,727,64,48,607,545,48,255,0,25,96
BER,2017,2,15,9,3.3,81.3,6.3,0.4,4.07,2.1,13.5,0,969.6,172,0.7,1.4,399,802,81,66,539,719,66,262,0,25,96
BER,2017,2,15,10,6,70.1,6.6,1,4.26,3.8,16.7,0,969.8,217,1.1,2.1,489,860,85,77,389,847,76,269,0,25,96
BER,2017,2,15,11,8.4,58.5,6.4,0.7,4.13,4.9,18.8,0,969.4,201,1.5,3.2,530,899,80,80,177,911,105,234,0,25,96
BER,2017,2,15,12,10.2,54.5,6.7,1.4,4.33,6.1,21.2,0,969.2,245,1.9,3.7,507,855,91,80,82,864,318,242,0,25,96
BER,2017,2,15,13,10.9,51.9,6.8,1.4,4.4,6.5,22,0,968.8,255,1.2,3.3,437,828,82,71,72,772,492,237,0,25,96
BER,2017,2,15,14,11.5,49.7,6.8,1.4,4.4,6.7,22.6,0,968.8,270,1,2.3,320,745,73,56,57,604,585,237,0,25,96
BER,2017,2,15,15,11.3,53.8,7.2,2.3,4.66,7,23.1,0,968.5,356,1.5,2.8,173,591,53,36,36,380,542,238,0,25,96
BER,2017,2,15,16,9.8,62.6,7.5,3,4.85,6.5,22.1,0,968.6,10,1.8,2.8,29,157,15,9,9,78,156,267,0,25,96
BER,2017,2,15,17,5.5,79.9,7.2,2.3,4.66,4,17.2,0,968.9,12,1.4,2.3,0,0,0,0,0,0,0,276,0,25,96
BER,2017,2,15,18,3.9,86.9,7,1.9,4.53,3,15.3,0,969,63,0.6,1.4,0,0,0,0,0,0,0,275,0,25,96
BER,2017,2,15,19,3.8,82.4,6.6,1.1,4.27,2.6,14.5,0,968.9,166,0.6,1.6,0,0,0,0,0,0,0,273,0,25,96
BER,2017,2,15,20,2.8,83.9,6.3,0.4,4.07,1.8,13,0,969.2,333,0.8,2.1,0,0,0,0,0,0,0,278,0,25,96
BER,2017,2,15,21,1.9,87.9,6.1,0.1,3.94,1.2,11.8,0,969.1,180,0.7,2.7,0,0,0,0,0,0,0,269,0,25,96
BER,2017,2,15,22,1.4,91.1,6.1,0.1,3.94,0.9,11.2,0,969,180,0.5,1.8,0,0,0,0,0,0,0,268,0,25,96
BER,2017,2,15,23,0.7,92.3,5.9,-0.4,3.81,0.3,10.2,0,969,180,1.1,2.1,0,0,0,0,0,0,0,266,6,25,96
BER,2017,2,16,0,0,93.3,5.7,-0.9,3.68,-0.4,9.2,0,968.8,217,0.5,1.6,0,0,0,0,0,0,0,264,0,24,96
BER,2017,2,16,1,0,92.1,5.6,-1.1,3.62,-0.4,9,0,969.1,146,0.7,1.8,0,0,0,0,0,0,0,263,0,24,96
BER,2017,2,16,2,-0.4,92.6,5.5,-1.4,3.55,-0.8,8.5,0,968.7,185,1.1,1.9,0,0,0,0,0,0,0,262,0,24,96
BER,2017,2,16,3,-0.8,92.8,5.4,-1.8,3.49,-1.2,7.9,0,968.4,210,0.9,2.7,0,0,0,0,0,0,0,261,0,24,96
BER,2017,2,16,4,-1,94.3,5.4,-1.8,3.49,-1.3,7.7,0,968.5,202,0.7,1.6,0,0,0,0,0,0,0,259,0,24,96
BER,2017,2,16,5,-1.3,94.5,5.2,-2.1,3.36,-1.6,7.1,0,968.3,180,0.8,2.6,0,0,0,0,0,0,0,258,0,24,96
BER,2017,2,16,6,-1,93.3,5.3,-1.9,3.42,-1.3,7.5,0,968.2,211,1.3,3.1,4,0,4,2,2,2,3,262,0,24,96
BER,2017,2,16,7,-0.4,90.5,5.4,-1.8,3.49,-0.9,8.3,0,968.1,194,1.1,2.7,117,454,45,28,434,266,28,266,0,24,96
BER,2017,2,16,8,1.4,84.7,5.7,-0.9,3.69,0.5,10.6,0,967.8,221,1,2,270,694,68,48,584,522,48,272,0,24,96
BER,2017,2,16,9,4.4,73.8,6.2,0.1,4.01,2.6,14.5,0,967.4,246,1.2,2.9,400,799,79,64,533,710,63,278,0,24,96
BER,2017,2,16,10,7.4,61.9,6.4,0.6,4.14,4.4,17.8,0,967.2,214,1.2,2.3,491,865,79,73,383,842,73,253,0,24,96
BER,2017,2,16,11,9.4,57.4,6.8,1.4,4.41,5.7,20.5,0,966.4,229,1.2,2.8,534,907,75,76,171,909,101,247,0,24,96
BER,2017,2,16,12,10.8,52.8,6.9,1.6,4.48,6.5,22.1,0,965.7,228,1.4,3.7,506,849,89,77,79,851,313,249,0,24,96
BER,2017,2,16,13,11.9,49.9,6.9,1.8,4.48,7.1,23.3,0,965,216,1.1,3.3,432,785,91,70,72,739,475,250,6,24,96
BER,2017,2,16,14,12.3,47.6,6.8,1.5,4.42,7.2,23.5,0,964.5,236,0.7,1.8,310,657,88,59,60,549,532,272,33,24,96
BER,2017,2,16,15,12.2,49.4,7,1.9,4.55,7.3,23.7,0,964.1,306,1,2.7,184,523,71,43,43,358,494,289,45,24,96
BER,2017,2,16,16,10.2,59.8,7.5,2.7,4.88,6.6,22.5,0,964.1,16,1.8,2.7,16,19,15,9,9,17,27,315,75,24,96
BER,2017,2,16,17,7.3,70.1,7.2,2.2,4.68,5,19.1,0,964,37,1.1,1.8,0,0,0,0,0,0,0,324,94,24,96
BER,2017,2,16,18,5.3,79,7.1,2,4.62,3.8,16.9,0,964,18,0.4,1.1,0,0,0,0,0,0,0,318,88,24,96
BER,2017,2,16,19,4.9,80.1,6.9,1.8,4.48,3.5,16.2,0,964.1,180,0.4,1.2,0,0,0,0,0,0,0,287,64,24,96
BER,2017,2,16,20,4.7,82,7,1.9,4.55,3.5,16.1,0,964.3,175,1.2,3.1,0,0,0,0,0,0,0,304,50,24,96
BER,2017,2,16,21,4.5,81.3,6.8,1.6,4.42,3.2,15.6,0,964.1,191,1.7,4.7,0,0,0,0,0,0,0,297,38,24,96
BER,2017,2,16,22,4.2,82.4,6.8,1.5,4.42,3,15.3,0,963.8,180,1.3,3.2,0,0,0,0,0,0,0,308,75,24,96
BER,2017,2,16,23,5,76.9,6.7,1.3,4.35,3.4,15.9,0,963.7,196,1.8,3.8,0,0,0,0,0,0,0,318,100,24,96
BER,2017,2,17,0,4.5,79.9,6.7,1.3,4.36,3.1,15.4,0,963.4,219,1.9,3.4,0,0,0,0,0,0,0,303,53,23,96
BER,2017,2,17,1,4.6,76.7,6.5,0.9,4.23,3,15.2,0,963,199,2.1,4.4,0,0,0,0,0,0,0,302,53,23,96
BER,2017,2,17,2,4.1,78.7,6.4,0.7,4.16,2.6,14.5,0,962.5,209,1.8,3.3,0,0,0,0,0,0,0,311,88,23,96
BER,2017,2,17,3,4.5,75.2,6.3,0.5,4.1,2.8,14.8,0,962,191,2.3,5.9,0,0,0,0,0,0,0,319,100,23,96
BER,2017,2,17,4,4.2,76.9,6.3,0.5,4.1,2.6,14.5,0,961.8,185,1.3,4.5,0,0,0,0,0,0,0,320,100,23,96
BER,2017,2,17,5,3.7,81,6.5,0.7,4.23,2.4,14.3,0,961.6,153,0.6,1.8,0,0,0,0,0,0,0,320,100,23,96
BER,2017,2,17,6,4.3,79.5,6.6,1.1,4.3,2.9,15.1,0.2,961.7,176,1.6,3.2,0,0,0,0,0,0,0,320,100,23,96
BER,2017,2,17,7,4.5,89.8,7.6,3,4.95,3.8,16.9,1,961.8,163,1.7,3.2,6,0,6,4,4,4,4,322,100,23,96
BER,2017,2,17,8,5.1,91.1,8,3.8,5.22,4.5,18.2,0,961.8,166,1.6,3.1,18,0,18,11,11,11,11,323,100,23,96
BER,2017,2,17,9,5.2,92.3,8.2,4.1,5.35,4.7,18.6,0,961.9,211,1.2,2,36,0,36,22,21,22,22,324,100,23,96
BER,2017,2,17,10,6.3,89.4,8.5,4.7,5.55,5.5,20.3,0,961.9,225,0.5,1.3,32,0,32,19,19,19,19,326,100,23,96
BER,2017,2,17,11,6.9,86.6,8.6,4.8,5.61,5.9,21,0,961.7,135,0.3,1.3,27,0,27,16,16,16,16,327,100,23,96
BER,2017,2,17,12,6.9,85.4,8.5,4.6,5.55,5.8,20.9,0,961.6,19,1.9,3.9,40,0,40,24,24,24,24,328,100,23,96
BER,2017,2,17,13,7.4,75.4,7.7,3.3,5.02,5.5,20.1,0,961.4,22,0.8,3.2,99,25,89,53,52,75,70,327,100,23,96
BER,2017,2,17,14,8.2,63.5,6.9,1.7,4.5,5.2,19.5,0,961.2,17,1.8,3.8,245,309,138,81,80,322,313,317,71,23,96
BER,2017,2,17,15,7.8,64.8,6.9,1.6,4.5,5,19.1,0,961.1,53,0.8,2.3,31,0,31,19,19,19,19,324,100,23,96
BER,2017,2,17,16,6.8,85,8.4,4.5,5.48,5.7,20.6,0,961.2,157,1.6,3.5,2,0,2,1,1,1,1,323,100,23,96
BER,2017,2,17,17,6.4,84.4,8.1,4,5.28,5.3,19.7,0,961.6,167,1.4,2.6,0,0,0,0,0,0,0,322,100,23,96
BER,2017,2,17,18,5.5,88.1,8,3.7,5.22,4.7,18.6,0,961.8,135,0.6,1.5,0,0,0,0,0,0,0,303,68,23,96
BER,2017,2,17,19,3.6,94.8,7.5,2.8,4.89,3.2,15.9,0,961.7,117,0.5,1.4,0,0,0,0,0,0,0,291,46,23,96
BER,2017,2,17,20,1.9,97.1,6.8,1.5,4.43,1.7,13,0,961.8,32,1,2.9,0,0,0,0,0,0,0,264,6,23,96
BER,2017,2,17,21,0.6,98.7,6.3,0.4,4.1,0.5,10.8,0,961.7,17,1.1,1.8,0,0,0,0,0,0,0,261,25,23,96
BER,2017,2,17,22,-0.2,99.5,6,-0.3,3.91,-0.2,9.5,0,961.4,18,0.4,1.4,0,0,0,0,0,0,0,258,25,23,96
BER,2017,2,17,23,-0.7,99.9,5.8,-0.7,3.78,-0.7,8.7,0,961.2,0,0.2,0.8,0,0,0,0,0,0,0,255,25,23,96
BER,2017,2,18,0,-0.6,97.9,5.7,-0.9,3.71,-0.7,8.6,0,961,135,0.6,1.7,0,0,0,0,0,0,0,252,0,25,96
BER,2017,2,18,1,-1.9,99.6,5.3,-2,3.45,-1.9,6.7,0,960.9,360,0.6,1.4,0,0,0,0,0,0,0,249,0,25,96
BER,2017,2,18,2,-1.5,99.9,5.5,-1.5,3.58,-1.5,7.4,0,960.4,45,0.5,2.1,0,0,0,0,0,0,0,247,0,25,96
BER,2017,2,18,3,-1.9,100,5.3,-1.9,3.45,-1.9,6.7,0,960.3,4,1.3,2.2,0,0,0,0,0,0,0,244,0,25,96
BER,2017,2,18,4,-2.4,100,5.1,-2.4,3.32,-2.4,5.8,0,960.3,8,0.7,1.7,0,0,0,0,0,0,0,242,0,25,96
BER,2017,2,18,5,-2.1,100,5.2,-2.1,3.39,-2.1,6.3,0,960.2,21,0.9,1.6,0,0,0,0,0,0,0,239,0,25,96
BER,2017,2,18,6,-2.3,99.2,5.1,-2.4,3.32,-2.3,5.9,0,960.4,25,1.9,3.2,5,0,5,4,3,4,4,239,0,25,96
BER,2017,2,18,7,-2.7,99,5,-2.8,3.26,-2.7,5.4,0,960.4,8,1.5,3.2,133,482,51,32,465,285,32,248,13,25,96
BER,2017,2,18,8,-1.7,95.8,5.2,-2.3,3.39,-1.9,6.7,0,960.3,360,2,3.3,289,670,88,58,585,519,58,264,56,25,96
BER,2017,2,18,9,-0.7,94.4,5.5,-1.5,3.58,-1,8.2,0,960,4,3,4.7,430,862,75,67,573,756,67,258,23,25,96
BER,2017,2,18,10,0.6,91.9,5.9,-0.6,3.85,0.1,10.2,0,959.9,16,4,6.8,468,638,160,101,375,697,101,256,19,25,96
BER,2017,2,18,11,1.6,93.1,6.4,0.6,4.18,1.2,12,0,959.3,19,5.2,8.1,445,413,232,134,205,560,164,257,33,25,96
BER,2017,2,18,12,3.5,90,7.1,2,4.64,2.8,15.1,0,958.7,29,4.8,7.9,540,861,108,88,90,877,343,259,23,25,96
BER,2017,2,18,13,4.8,85.6,7.4,2.6,4.84,3.8,17,0,958.2,26,5.6,9.7,456,792,105,78,80,754,499,260,13,25,96
BER,2017,2,18,14,5.8,78,7.2,2.3,4.71,4.2,17.6,0,958.1,22,5.6,9.4,353,812,71,58,59,646,635,256,6,25,96
BER,2017,2,18,15,5.8,75.7,7,1.8,4.58,4,17.3,0,958.2,25,5.3,9.1,191,598,62,40,41,386,559,254,0,25,96
BER,2017,2,18,16,5.3,76.3,6.8,1.5,4.44,3.6,16.5,0,958.6,23,3.9,6.5,38,204,18,11,11,99,202,252,0,25,96
BER,2017,2,18,17,3.6,83.6,6.6,1.1,4.31,2.5,14.4,0,959,26,2.8,5.2,0,0,0,0,0,0,0,251,0,25,96
BER,2017,2,18,18,1.9,89.4,6.3,0.3,4.11,1.2,12.2,0,959.1,32,1.2,3.8,0,0,0,0,0,0,0,249,0,25,96
BER,2017,2,18,19,0.6,93.6,6,-0.3,3.91,0.2,10.4,0,959.3,10,1.1,2.1,0,0,0,0,0,0,0,245,0,25,96
BER,2017,2,18,20,-0.6,97.1,5.7,-1,3.72,-0.8,8.7,0,959.4,8,0.8,1.8,0,0,0,0,0,0,0,241,0,25,96
BER,2017,2,18,21,-1.2,98.2,5.5,-1.4,3.59,-1.3,7.7,0,959.3,34,0.4,1.2,0,0,0,0,0,0,0,237,0,25,96
BER,2017,2,18,22,-1.7,98.9,5.4,-1.8,3.52,-1.7,7.1,0,959.6,135,0.2,0.7,0,0,0,0,0,0,0,234,0,25,96
BER,2017,2,18,23,-1.6,99.6,5.4,-1.7,3.52,-1.6,7.2,0,959.8,207,0.2,0.8,0,0,0,0,0,0,0,230,0,25,96
BER,2017,2,19,0,-2,98.6,5.2,-2.2,3.39,-2.1,6.4,0,959.7,180,0.5,1.2,0,0,0,0,0,0,0,228,0,24,96
BER,2017,2,19,1,-2.6,98.2,5,-2.8,3.26,-2.7,5.5,0,960,207,0.7,1.4,0,0,0,0,0,0,0,227,0,24,96
BER,2017,2,19,2,-2.9,97.6,4.8,-3.2,3.13,-3,4.9,0,959.8,196,0.7,1.2,0,0,0,0,0,0,0,226,0,24,96
BER,2017,2,19,3,-2.8,96.8,4.8,-3.2,3.13,-2.9,5,0,959.8,198,0.6,1.1,0,0,0,0,0,0,0,225,0,24,96
BER,2017,2,19,4,-3.3,96.8,4.6,-3.7,3,-3.4,4.1,0,959.8,219,0.7,1.4,0,0,0,0,0,0,0,224,0,24,96
BER,2017,2,19,5,-3.1,97.8,4.8,-3.4,3.13,-3.2,4.7,0,959.8,180,0.5,1.3,0,0,0,0,0,0,0,223,0,24,96
BER,2017,2,19,6,-3.6,97.9,4.6,-3.9,2.99,-3.7,3.8,0,960.1,180,0.7,1.3,5,0,5,4,4,4,4,225,6,24,96
BER,2017,2,19,7,-2.4,92.1,4.8,-3.5,3.12,-2.8,5.4,0,960.3,184,1.4,2.8,138,476,62,37,473,278,37,232,13,24,96
BER,2017,2,19,8,-1.1,92.4,5.2,-2.2,3.39,-1.5,7.3,0,960.7,239,0.7,2.8,283,614,92,60,538,485,60,238,6,24,96
BER,2017,2,19,9,1.5,83.4,5.7,-1,3.71,0.5,10.8,0,960.7,221,1.1,2.4,446,883,78,67,587,772,67,245,0,24,96
BER,2017,2,19,10,3.8,74.5,6,-0.3,3.91,2.1,13.6,0,960.5,241,1.3,3.1,533,929,76,76,409,890,76,252,0,24,96
BER,2017,2,19,11,5.6,65.4,6,-0.4,3.91,3.1,15.4,0,960,261,1.3,3.9,566,928,82,81,181,929,109,258,0,24,96
BER,2017,2,19,12,7.3,60,6.1,0.1,3.98,4.1,17.3,0,959.1,254,1.9,4,535,859,99,82,84,864,329,262,13,24,96
BER,2017,2,19,13,7.7,66.4,7,1.8,4.57,5,19.2,0,958.8,345,2.3,4.9,464,829,91,73,75,771,503,271,0,24,96
BER,2017,2,19,14,9,60,6.9,1.7,4.51,5.6,20.4,0,958.6,270,2.2,4.9,304,589,89,63,64,500,475,297,59,24,96
BER,2017,2,19,15,8.9,62,7,2,4.58,5.7,20.5,0,958,263,1.7,3.8,83,26,77,47,46,62,70,314,100,24,96
BER,2017,2,19,16,7.9,66.4,7.1,2,4.65,5.2,19.6,0,957.8,240,0.9,2.2,38,155,23,14,14,78,160,285,44,24,96
BER,2017,2,19,17,6,73.1,6.8,1.6,4.45,4,17.2,0,958,171,0.8,2.3,0,0,0,0,0,0,0,260,6,24,96
BER,2017,2,19,18,4.5,80,6.7,1.4,4.38,3.1,15.5,0,958.4,144,0.9,2.1,0,0,0,0,0,0,0,259,0,24,96
BER,2017,2,19,19,2.6,87.3,6.4,0.7,4.18,1.8,13.1,0,958.6,166,0.5,1.7,0,0,0,0,0,0,0,257,0,24,96
BER,2017,2,19,20,1.8,89.7,6.3,0.3,4.11,1.2,12.1,0,959,153,0.6,1.8,0,0,0,0,0,0,0,263,31,24,96
BER,2017,2,19,21,1.3,91.7,6.1,0.1,3.98,0.8,11.2,0,959.3,153,0.4,1.2,0,0,0,0,0,0,0,279,66,24,96
BER,2017,2,19,22,1.4,88.3,6,-0.3,3.91,0.7,11.2,0,959.8,27,0.7,2.3,0,0,0,0,0,0,0,265,36,24,96
BER,2017,2,19,23,1.2,88.2,5.9,-0.5,3.85,0.5,10.8,0,960.1,186,1.2,2.7,0,0,0,0,0,0,0,248,10,24,96
BER,2017,2,20,0,0.7,88.4,5.7,-1,3.72,0,10,0,959.8,174,1,2.2,0,0,0,0,0,0,0,265,43,24,96
BER,2017,2,20,1,0,91.7,5.6,-1.2,3.65,-0.5,9.1,0,959.8,180,0.6,1.3,0,0,0,0,0,0,0,261,41,24,96
BER,2017,2,20,2,-0.4,93.5,5.5,-1.3,3.59,-0.7,8.5,0,959.7,187,0.8,2.1,0,0,0,0,0,0,0,277,78,24,96
BER,2017,2,20,3,-0.5,94.1,5.5,-1.3,3.59,-0.8,8.4,0,959.5,210,1,2.6,0,0,0,0,0,0,0,256,13,24,96
BER,2017,2,20,4,-0.6,91.6,5.4,-1.8,3.52,-1.1,8.2,0,959.4,180,1.1,2.1,0,0,0,0,0,0,0,252,20,24,96
BER,2017,2,20,5,-1.6,94.6,5.2,-2.4,3.39,-1.9,6.8,0,959.7,201,0.9,2.3,0,0,0,0,0,0,0,251,43,24,96
BER,2017,2,20,6,-1,91.7,5.2,-2.2,3.39,-1.4,7.4,0,959.9,202,1.9,3.7,6,0,6,4,4,4,4,260,39,24,96
BER,2017,2,20,7,-0.1,87.8,5.3,-1.9,3.45,-0.8,8.5,0,960.3,207,2,3,146,544,51,32,524,309,32,262,23,24,96
BER,2017,2,20,8,2.7,78.4,5.8,-0.7,3.78,1.3,12.2,0,960.2,213,1.7,2.8,298,691,79,55,591,525,55,260,25,24,96
BER,2017,2,20,9,5.6,63.4,5.8,-0.8,3.78,2.9,15.1,0,960.1,180,2.3,4.2,428,808,85,68,547,715,68,276,25,24,96
BER,2017,2,20,10,7.1,57.9,5.8,-0.6,3.78,3.8,16.6,0,960.4,208,1.7,4.1,518,876,83,76,394,845,76,280,0,24,96
BER,2017,2,20,11,8.5,54,6,-0.3,3.91,4.6,18.4,0,959.8,229,2.3,5.5,559,902,83,80,178,902,108,267,25,24,96
BER,2017,2,20,12,9.5,48.7,5.8,-0.8,3.78,5,19.1,0,959,246,2.1,5.1,525,826,102,82,84,833,323,285,39,24,96
BER,2017,2,20,13,10.4,49.1,6.2,0.2,4.05,5.8,20.7,0,958.1,244,3.1,6.1,412,576,146,93,93,599,399,299,59,24,96
BER,2017,2,20,14,10.6,52.5,6.7,1.3,4.38,6.3,21.7,0,957.8,256,2.6,5.5,326,657,97,64,65,541,550,294,51,24,96
BER,2017,2,20,15,10.4,53.9,6.8,1.5,4.45,6.2,21.7,0,957.5,254,2.6,5.1,152,260,94,55,54,209,288,312,75,24,96
BER,2017,2,20,16,10.1,56.2,6.9,1.8,4.52,6.2,21.5,0,957.4,270,1.3,2.8,28,57,22,13,13,37,67,307,88,24,96
BER,2017,2,20,17,9.4,59.6,7,1.9,4.58,5.9,21,0,958.1,254,0.7,2.3,0,0,0,0,0,0,0,326,100,24,96
BER,2017,2,20,18,9.1,61.2,7,2,4.58,5.8,20.7,0,958.2,215,1.6,3.6,0,0,0,0,0,0,0,318,100,24,96
BER,2017,2,20,19,8.6,61.3,6.8,1.6,4.45,5.4,19.8,0,958.3,205,1.5,3.6,0,0,0,0,0,0,0,326,100,24,96
BER,2017,2,20,20,8.5,63.4,7.1,2,4.64,5.5,20.2,0,958.3,187,1.8,3.6,0,0,0,0,0,0,0,322,88,24,96
BER,2017,2,20,21,8.2,65.1,7.1,2,4.64,5.3,19.9,0,958.2,174,1.8,2.8,0,0,0,0,0,0,0,326,100,24,96
BER,2017,2,20,22,7.5,68.9,7.2,2.2,4.71,5.1,19.4,0,958.6,170,1.1,2.3,0,0,0,0,0,0,0,319,75,24,96
BER,2017,2,20,23,7.5,72.9,7.5,3,4.9,5.4,19.9,0,958.6,205,1.9,4.6,0,0,0,0,0,0,0,321,88,24,96
BER,2017,2,21,0,7.5,73.4,7.6,3.1,4.97,5.4,20,0,958.4,180,2.1,4.3,0,0,0,0,0,0,0,320,78,24,96
BER,2017,2,21,1,7,70.9,7.1,2.1,4.64,4.8,18.7,0,958.1,166,2,3.9,0,0,0,0,0,0,0,325,94,24,96
BER,2017,2,21,2,6.8,71.6,7.1,2,4.65,4.6,18.5,0,957.7,171,2.5,5.2,0,0,0,0,0,0,0,328,100,24,96
BER,2017,2,21,3,6.5,74.8,7.3,2.4,4.78,4.6,18.5,0,957.2,177,1.7,3.1,0,0,0,0,0,0,0,329,100,24,96
BER,2017,2,21,4,6.7,73.1,7.2,2.2,4.72,4.6,18.6,0,956.9,170,1.8,3.8,0,0,0,0,0,0,0,329,100,24,96
BER,2017,2,21,5,6.5,79.8,7.7,3.3,5.05,5,19.2,0.1,956.8,184,1.6,3.8,0,0,0,0,0,0,0,330,100,24,96
BER,2017,2,21,6,6.5,80.7,7.8,3.4,5.11,5,19.4,0,956.7,180,1.6,3.7,1,0,1,0,0,0,0,331,100,24,96
BER,2017,2,21,7,6.6,83,8.1,3.9,5.31,5.3,20,0.2,957.4,177,2,4.8,8,0,8,5,5,5,5,333,100,24,96
BER,2017,2,21,8,6.7,84.9,8.3,4.3,5.44,5.5,20.4,0,957.5,176,1.7,4.2,44,0,44,27,26,27,27,335,100,24,96
BER,2017,2,21,9,7.2,83.7,8.5,4.6,5.57,5.9,21.2,0,957.3,166,2.5,4.1,26,0,26,16,16,16,16,337,100,24,96
BER,2017,2,21,10,8.2,79.5,8.6,4.9,5.64,6.6,22.4,0,957.3,167,2.8,4.9,80,0,80,49,48,49,49,339,100,24,96
BER,2017,2,21,11,8.6,79.6,8.9,5.3,5.84,7,23.3,0,957.2,170,2.3,4.6,29,0,29,18,17,18,18,341,100,24,96
BER,2017,2,21,12,8.9,80.1,9.1,5.7,5.97,7.3,24,0,956.6,167,2.6,4.6,49,0,49,30,29,30,30,343,100,24,96
BER,2017,2,21,13,10,77,9.4,6.2,6.17,8,25.6,0,956.4,166,2.5,4.3,26,0,26,16,15,16,16,343,100,24,96
BER,2017,2,21,14,10.2,76.5,9.5,6.3,6.24,8.2,26,0,956.3,164,1.8,3.4,19,0,19,12,11,12,12,343,100,24,96
BER,2017,2,21,15,10.6,75.5,9.6,6.5,6.31,8.5,26.5,0,956.3,165,1.5,2.7,11,0,11,7,7,7,7,343,100,24,96
BER,2017,2,21,16,10.6,77.4,9.8,6.8,6.44,8.6,26.9,0,956.4,158,1.8,3.3,3,0,3,2,2,2,2,339,100,24,96
BER,2017,2,21,17,10.5,75.8,9.6,6.4,6.31,8.4,26.4,0,956.4,175,1.3,2.7,0,0,0,0,0,0,0,343,100,24,96
BER,2017,2,21,18,10.3,77.3,9.7,6.5,6.37,8.3,26.4,0,956.5,176,1.5,3,0,0,0,0,0,0,0,338,100,24,96
BER,2017,2,21,19,10.2,77.5,9.7,6.4,6.37,8.2,26.3,0,956.4,174,1.1,1.9,0,0,0,0,0,0,0,341,100,24,96
BER,2017,2,21,20,9.9,77.6,9.5,6.2,6.24,8,25.7,0,956.4,241,1,3,0,0,0,0,0,0,0,325,94,24,96
BER,2017,2,21,21,9.4,80.7,9.5,6.3,6.24,7.8,25.2,0,956.2,204,1,2.5,0,0,0,0,0,0,0,327,84,24,96
BER,2017,2,21,22,9,83.1,9.5,6.3,6.24,7.6,24.8,0,956.2,174,0.9,2.1,0,0,0,0,0,0,0,338,100,24,96
BER,2017,2,21,23,8.7,85.2,9.6,6.4,6.31,7.5,24.6,0,956.2,167,1,2.6,0,0,0,0,0,0,0,337,100,24,96
BER,2017,2,22,0,8.5,85.6,9.5,6.2,6.24,7.3,24.2,0,955.7,180,0.8,1.7,0,0,0,0,0,0,0,327,74,24,96
BER,2017,2,22,1,8.7,82.8,9.3,5.9,6.11,7.3,24.1,0,955.4,225,1.3,3.9,0,0,0,0,0,0,0,295,39,24,96
BER,2017,2,22,2,8.3,83.8,9.2,5.7,6.05,7,23.6,0,954.8,212,1.6,3.8,0,0,0,0,0,0,0,293,48,24,96
BER,2017,2,22,3,8.4,83.5,9.2,5.8,6.05,7.1,23.7,0,954.4,191,1.5,3.3,0,0,0,0,0,0,0,298,56,24,96
BER,2017,2,22,4,7.9,85.6,9.1,5.6,5.99,6.7,23,0,954.2,160,1.5,3.2,0,0,0,0,0,0,0,304,78,24,96
BER,2017,2,22,5,8.2,83.8,9.1,5.6,5.99,6.9,23.3,0,954.3,180,1.9,6.4,0,0,0,0,0,0,0,322,88,24,96
BER,2017,2,22,6,8.4,82.8,9.1,5.6,5.99,7,23.5,0,954.3,214,3.2,7,15,74,9,5,76,33,5,292,36,24,96
BER,2017,2,22,7,8.2,82.3,8.9,5.4,5.85,6.8,23,0,954.7,183,2.3,5.1,120,332,64,39,344,201,39,298,54,24,96
BER,2017,2,22,8,9,76.1,8.7,5,5.72,7,23.4,0,955,239,3.9,9.1,182,126,143,85,191,174,85,329,81,24,96
BER,2017,2,22,9,9.4,70.2,8.3,4.3,5.46,6.9,23.2,0,954.6,233,4.6,13.9,327,301,194,112,308,379,113,322,81,24,96
BER,2017,2,22,10,10.8,63.6,8.3,4.2,5.46,7.5,24.6,0,954.5,247,5.1,10.7,438,516,173,109,301,588,110,321,71,24,96
BER,2017,2,22,11,11.9,60.5,8.4,4.5,5.52,8.2,25.9,0,954.2,254,4.8,9.4,450,401,234,133,209,542,158,318,71,24,96
BER,2017,2,22,12,11.9,60,8.4,4.4,5.53,8.1,25.9,0,953.5,254,4.4,9,522,761,123,88,90,789,321,313,50,24,96
BER,2017,2,22,13,12.5,57.5,8.3,4.3,5.47,8.4,26.4,0,952.8,266,4.6,8.9,410,523,164,99,99,564,391,317,78,24,96
BER,2017,2,22,14,12.3,57.7,8.2,4.2,5.4,8.2,26,0,952.3,265,4.4,8.8,192,88,161,96,94,164,168,340,94,24,96
BER,2017,2,22,15,11.4,59.5,8,3.8,5.27,7.6,24.7,0,952.2,267,3.3,9.3,179,413,86,52,52,283,421,301,54,24,96
BER,2017,2,22,16,10.5,61.6,7.8,3.4,5.14,7,23.5,0,952.1,256,3.2,8.1,38,125,25,15,15,65,135,322,75,24,96
BER,2017,2,22,17,10,63.7,7.8,3.4,5.14,6.8,23,0,952.3,230,2.5,5.7,0,0,0,0,0,0,0,335,100,24,96
BER,2017,2,22,18,9.6,64.8,7.8,3.3,5.14,6.6,22.6,0,952.2,219,2.6,5.4,0,0,0,0,0,0,0,334,100,24,96
BER,2017,2,22,19,9.5,64.7,7.7,3.2,5.07,6.5,22.3,0,952.2,211,2.3,4.7,0,0,0,0,0,0,0,332,100,24,96
BER,2017,2,22,20,9,67.3,7.7,3.3,5.07,6.3,21.8,0,952.3,189,1.4,3.3,0,0,0,0,0,0,0,330,100,24,96
BER,2017,2,22,21,9,67.8,7.8,3.4,5.14,6.3,22,0,952.1,175,2.3,4.7,0,0,0,0,0,0,0,329,100,24,96
BER,2017,2,22,22,8,73.1,7.8,3.5,5.14,5.9,21,0,951.7,167,1.7,2.8,0,0,0,0,0,0,0,322,100,24,96
BER,2017,2,22,23,7,78.2,7.8,3.5,5.14,5.3,19.9,0,951.3,165,2.7,4.7,0,0,0,0,0,0,0,299,63,24,96
BER,2017,2,23,0,6.3,80.4,7.7,3.2,5.08,4.9,19.1,0,950.9,173,2.6,4.7,0,0,0,0,0,0,0,295,33,24,96
BER,2017,2,23,1,6,79.7,7.5,2.8,4.95,4.5,18.4,0,950.8,178,2.6,4.3,0,0,0,0,0,0,0,296,44,24,96
BER,2017,2,23,2,5.1,82,7.2,2.3,4.75,3.8,17,0,950.5,173,2.4,4.2,0,0,0,0,0,0,0,275,0,24,96
BER,2017,2,23,3,3.8,86.9,7,1.8,4.62,2.9,15.4,0,950.1,180,1.9,3,0,0,0,0,0,0,0,273,0,24,96
BER,2017,2,23,4,3.3,86.4,6.7,1.3,4.42,2.4,14.4,0,949.6,193,1.7,3.1,0,0,0,0,0,0,0,270,0,24,96
BER,2017,2,23,5,2.4,88.4,6.4,0.7,4.22,1.7,13,0,948.8,190,1.2,2.4,0,0,0,0,0,0,0,280,0,24,96
BER,2017,2,23,6,1.9,85.6,6,-0.3,3.96,1,11.8,0,948.3,198,1.6,2.9,18,84,11,7,87,37,7,282,26,24,96
BER,2017,2,23,7,1.8,89,6.2,0.2,4.1,1.1,12,0,947.8,204,1,1.8,155,522,54,35,508,298,35,284,45,24,96
BER,2017,2,23,8,5.2,78.9,6.9,1.8,4.56,3.7,16.7,0,947.3,193,1,2.3,315,684,94,61,609,521,61,275,45,24,96
BER,2017,2,23,9,9,61.1,7,1.9,4.63,5.7,20.7,0,946.6,205,1.4,2.4,452,837,85,71,570,732,70,272,33,24,96
BER,2017,2,23,10,12.3,46,6.6,1,4.37,7,23.4,0,945.8,196,1.6,3.4,546,906,81,80,406,865,79,270,25,24,96
BER,2017,2,23,11,16.4,32.2,6,-0.2,3.97,8.5,26.5,0,944.9,229,4.7,16.6,587,930,82,84,186,921,110,270,33,24,96
BER,2017,2,23,12,18.2,23.5,4.9,-3,3.25,8.4,26.5,0,943.6,229,9.6,19.3,557,869,97,85,87,863,334,304,36,24,96
BER,2017,2,23,13,18.4,21.5,4.5,-4,2.98,8.2,26.1,0,942.4,239,10.8,20.2,483,830,93,76,78,764,512,292,41,24,96
BER,2017,2,23,14,17.6,21.9,4.4,-4.4,2.92,7.7,25.1,0,941.9,244,10.2,22.1,281,363,148,90,89,359,368,316,78,24,96
BER,2017,2,23,15,16.9,23.2,4.5,-4.2,2.99,7.5,24.6,0,941.4,240,10.2,20.8,168,295,90,56,55,232,309,319,84,24,96
BER,2017,2,23,16,16,26.4,4.8,-3.3,3.19,7.3,24.2,0,941.1,235,7.3,15.2,39,143,28,17,16,69,154,329,94,24,96
BER,2017,2,23,17,15.6,27.5,4.9,-3.1,3.26,7.2,23.9,0,941.1,236,8.3,16.8,0,0,0,0,0,0,0,336,100,24,96
BER,2017,2,23,18,15.3,29.9,5.2,-2.2,3.46,7.3,24.1,0,941.1,237,7.7,15.6,0,0,0,0,0,0,0,320,88,24,96
BER,2017,2,23,19,14.7,34.5,5.8,-0.8,3.86,7.5,24.5,0,941.5,251,7,13.7,0,0,0,0,0,0,0,325,94,24,96
BER,2017,2,23,20,12.8,47.6,7,2,4.65,7.6,24.6,0,942.4,265,6.8,14.3,0,0,0,0,0,0,0,313,88,24,96
BER,2017,2,23,21,11.3,59.1,7.9,3.6,5.25,7.5,24.6,0,943.3,262,7,15,0,0,0,0,0,0,0,332,100,24,96
BER,2017,2,23,22,10.2,65.5,8.1,4,5.38,7.1,23.8,0,943.7,252,7.9,15.6,0,0,0,0,0,0,0,332,100,24,96
BER,2017,2,23,23,9.6,69.4,8.3,4.3,5.52,7,23.5,0,944.1,244,7.7,15.8,0,0,0,0,0,0,0,331,100,24,96
BER,2017,2,24,0,9,67.5,7.8,3.3,5.18,6.3,22.1,0,944.5,250,6.6,16.2,0,0,0,0,0,0,0,330,100,24,96
BER,2017,2,24,1,7.8,75.3,8,3.7,5.31,5.8,21.2,0,945.4,259,6.3,13,0,0,0,0,0,0,0,328,100,24,96
BER,2017,2,24,2,6,67.6,6.3,0.5,4.17,3.6,16.5,0,945.4,276,5.6,11.8,0,0,0,0,0,0,0,326,100,24,96
BER,2017,2,24,3,5.6,64.8,5.9,-0.5,3.9,3,15.4,0,946.1,257,3.1,9.3,0,0,0,0,0,0,0,325,100,24,96
BER,2017,2,24,4,4.9,72,6.2,0.3,4.1,2.9,15.2,0.1,946.9,232,3,8.1,0,0,0,0,0,0,0,323,100,24,96
BER,2017,2,24,5,4.7,72.8,6.2,0.2,4.1,2.8,15,0,947.3,207,2.5,5.7,0,0,0,0,0,0,0,320,100,24,96
BER,2017,2,24,6,4.3,81.3,6.8,1.4,4.49,3,15.6,0,947.9,191,2.1,4.1,2,0,2,1,1,1,1,318,100,24,96
BER,2017,2,24,7,4.2,82.9,6.8,1.6,4.49,3.1,15.5,0,948.5,172,1.5,2.9,31,5,30,18,22,21,18,318,100,24,96
BER,2017,2,24,8,4.6,75.8,6.4,0.7,4.22,2.9,15.2,0,949.2,239,0.8,3.7,80,33,70,42,71,64,43,318,100,24,96
BER,2017,2,24,9,5.3,64.5,5.7,-0.8,3.76,2.7,14.7,0,949.8,247,1.5,4.1,139,11,134,81,87,91,82,318,100,24,96
BER,2017,2,24,10,5.8,53.6,4.9,-2.9,3.23,2.3,13.9,0,949.9,277,3.2,6.6,201,118,141,82,144,198,83,318,100,24,96
BER,2017,2,24,11,6.3,50.3,4.8,-3.3,3.16,2.5,14.3,0,949.4,285,2.7,6.3,268,156,183,107,152,268,107,318,100,24,96
BER,2017,2,24,12,6.4,48.7,4.7,-3.6,3.1,2.4,14.2,0,949.1,313,3.4,6.8,131,1,130,79,77,81,80,317,100,24,96
BER,2017,2,24,13,7,45.3,4.5,-4,2.96,2.6,14.5,0,949.2,291,2.9,6.2,139,10,134,82,80,91,89,314,100,24,96
BER,2017,2,24,14,7.1,43.1,4.4,-4.6,2.9,2.5,14.4,0,949.2,286,2.6,6.2,244,326,120,73,73,317,319,302,81,24,96
BER,2017,2,24,15,6.9,43.1,4.3,-4.8,2.83,2.4,14,0,949.6,295,2.3,5.5,22,0,22,13,13,13,13,308,100,24,96
BER,2017,2,24,16,5.9,51.1,4.7,-3.4,3.09,2.2,13.7,0,950.5,314,3.7,8.5,13,1,13,8,8,8,9,304,100,24,96
BER,2017,2,24,17,4.3,62,5.1,-2.3,3.35,1.7,12.7,0,951.7,340,3.8,6.6,0,0,0,0,0,0,0,301,100,24,96
BER,2017,2,24,18,4.2,63.2,5.2,-2.2,3.41,1.6,12.8,0,952.7,340,3.3,6.5,0,0,0,0,0,0,0,297,100,24,96
BER,2017,2,24,19,3.7,66.4,5.3,-2,3.48,1.4,12.4,0,953.4,13,1,2.8,0,0,0,0,0,0,0,287,84,24,96
BER,2017,2,24,20,1.8,74.8,5.2,-2.2,3.41,0.3,10.3,0,954.1,45,0.6,1.4,0,0,0,0,0,0,0,274,60,24,96
BER,2017,2,24,21,1.7,79.6,5.5,-1.4,3.61,0.5,10.7,0,954.4,18,0.3,0.9,0,0,0,0,0,0,0,280,94,24,96
BER,2017,2,24,22,1.9,78.8,5.5,-1.4,3.6,0.6,10.9,0,954.7,30,0.9,2.1,0,0,0,0,0,0,0,276,68,24,96
BER,2017,2,24,23,1.6,82,5.6,-1.1,3.67,0.5,10.8,0,955.1,23,1.6,3.2,0,0,0,0,0,0,0,273,81,24,96
BER,2017,2,25,0,1.8,83.6,5.8,-0.7,3.8,0.8,11.3,0,955.3,33,2.4,3.5,0,0,0,0,0,0,0,256,34,24,96
BER,2017,2,25,1,0.7,87,5.6,-1.2,3.67,0,9.9,0,955.4,32,2.3,3.6,0,0,0,0,0,0,0,242,0,24,96
BER,2017,2,25,2,-0.7,91.3,5.3,-1.9,3.47,-1.2,7.9,0,955.5,6,1,1.9,0,0,0,0,0,0,0,240,0,24,96
BER,2017,2,25,3,-1.1,92.1,5.2,-2.2,3.41,-1.5,7.4,0,955,21,1.9,2.6,0,0,0,0,0,0,0,238,0,24,96
BER,2017,2,25,4,-1.5,92.7,5.1,-2.5,3.34,-1.9,6.8,0,955.3,22,2.4,4.1,0,0,0,0,0,0,0,241,0,24,96
BER,2017,2,25,5,-1.3,93.5,5.2,-2.2,3.4,-1.6,7.2,0,955.4,32,2.7,5,0,0,0,0,0,0,0,237,0,24,96
BER,2017,2,25,6,-1.7,94.5,5.1,-2.5,3.34,-2,6.6,0,955.5,25,3.1,4.7,20,67,13,8,73,33,8,237,16,24,96
BER,2017,2,25,7,-1,92.3,5.3,-2.1,3.47,-1.4,7.6,0,955.4,24,3.5,5.1,179,620,57,36,603,342,36,241,0,24,96
BER,2017,2,25,8,0.3,89.6,5.6,-1.2,3.67,-0.3,9.4,0,955.9,29,3.9,6.3,313,635,102,64,578,490,64,247,19,24,96
BER,2017,2,25,9,1.8,85,5.9,-0.4,3.86,0.9,11.5,0,956.4,15,3.9,5.8,476,889,76,70,595,761,70,252,13,24,96
BER,2017,2,25,10,3.7,75.6,6,-0.2,3.93,2.1,13.5,0,956.7,8,3,5.6,565,915,86,82,414,872,82,261,19,24,96
BER,2017,2,25,11,5.7,61.6,5.6,-1.1,3.66,2.9,14.9,0,956.2,34,3,7.6,585,864,107,90,193,877,121,281,41,24,96
BER,2017,2,25,12,6.9,49.4,4.9,-3,3.21,2.9,15,0,955.3,32,4.1,7.2,556,801,125,92,94,819,345,287,45,24,96
BER,2017,2,25,13,8.2,44.9,4.9,-3,3.21,3.6,16.3,0,954.7,22,3.7,7.4,504,888,79,74,76,793,533,280,25,24,96
BER,2017,2,25,14,8.4,42.5,4.7,-3.6,3.08,3.5,16.2,0,954.7,14,3.4,6.6,380,786,82,63,64,615,636,279,35,24,96
BER,2017,2,25,15,8,44.3,4.7,-3.4,3.08,3.4,15.8,0,954.9,17,2.7,5.8,221,584,72,47,47,375,559,282,39,24,96
BER,2017,2,25,16,7.5,46.9,4.9,-3.1,3.21,3.2,15.6,0,954.8,21,1.8,3.3,42,109,27,16,16,62,120,294,70,24,96
BER,2017,2,25,17,5.7,54.4,4.9,-2.8,3.21,2.3,13.8,0,954.7,45,1.7,2.8,0,0,0,0,0,0,0,285,59,24,96
BER,2017,2,25,18,2.2,71.2,5.1,-2.5,3.34,0.4,10.6,0,954.9,18,1.3,2.4,0,0,0,0,0,0,0,278,46,24,96
BER,2017,2,25,19,1.4,71.9,4.9,-3.1,3.21,-0.3,9.4,0,954.9,53,0.8,1.8,0,0,0,0,0,0,0,281,60,24,96
BER,2017,2,25,20,0.9,74.6,4.8,-3.1,3.14,-0.6,8.7,0,955,243,0.5,1.5,0,0,0,0,0,0,0,280,56,24,96
BER,2017,2,25,21,1,75.6,5,-2.8,3.27,-0.4,9.2,0,955.1,193,0.9,1.6,0,0,0,0,0,0,0,290,88,24,96
BER,2017,2,25,22,0.3,79.4,5,-2.8,3.27,-0.9,8.5,0,954.9,196,0.8,1.7,0,0,0,0,0,0,0,288,66,24,96
BER,2017,2,25,23,-0.4,83.8,5,-2.8,3.27,-1.3,7.8,0,954.8,198,0.7,1.4,0,0,0,0,0,0,0,283,65,24,96
BER,2017,2,26,0,-0.4,85.3,5.1,-2.6,3.34,-1.2,7.9,0,954.5,187,0.9,1.7,0,0,0,0,0,0,0,296,100,24,96
BER,2017,2,26,1,-0.9,88.2,5,-2.6,3.28,-1.5,7.3,0,954.5,207,0.8,1.5,0,0,0,0,0,0,0,294,100,24,96
BER,2017,2,26,2,-0.3,86.9,5.2,-2.2,3.41,-1,8.2,0,954.5,218,1.5,2.8,0,0,0,0,0,0,0,297,100,24,96
BER,2017,2,26,3,-0.3,85.9,5.1,-2.4,3.34,-1.1,8,0,954.4,180,0.6,1.8,0,0,0,0,0,0,0,297,88,24,96
BER,2017,2,26,4,-1.1,90.3,5.1,-2.5,3.34,-1.6,7.2,0,954.1,229,0.9,3.3,0,0,0,0,0,0,0,297,100,24,96
BER,2017,2,26,5,-0.8,88.6,5.1,-2.4,3.34,-1.4,7.5,0,954.1,236,0.4,0.9,0,0,0,0,0,0,0,298,100,24,96
BER,2017,2,26,6,-1.7,92.5,5,-2.8,3.28,-2.1,6.4,0,954,217,1,2.1,22,94,13,8,99,42,8,288,71,24,96
BER,2017,2,26,7,-0.9,89.8,5.1,-2.4,3.34,-1.5,7.4,0,954.6,297,0.6,2,150,385,75,45,403,233,45,287,54,24,96
BER,2017,2,26,8,2.4,80.1,5.8,-0.7,3.8,1.1,11.9,0,954.9,232,1.2,3,240,356,123,74,369,312,74,302,78,24,96
BER,2017,2,26,9,5.1,66.1,5.8,-0.7,3.8,2.7,14.7,0,955,200,1.6,3.4,389,454,181,105,405,495,105,304,81,24,96
BER,2017,2,26,10,7.7,54.4,5.7,-0.9,3.74,4,17.1,0,954.5,177,1.8,4.8,415,357,229,136,307,472,136,302,84,24,96
BER,2017,2,26,11,9.8,46.4,5.6,-1.1,3.67,5,19.1,0,953.6,198,1.7,3.6,521,601,184,116,214,690,139,316,81,24,96
BER,2017,2,26,12,10.9,49.7,6.5,0.8,4.27,6.2,21.7,0,952.7,11,1.9,3.6,389,232,263,153,151,388,249,329,100,24,96
BER,2017,2,26,13,10.4,52.8,6.7,1.2,4.41,6.1,21.6,0,952.1,5,2.5,4.8,310,151,237,140,137,280,239,328,100,24,96
BER,2017,2,26,14,11.3,46.7,6.2,0.3,4.08,6.3,21.6,0,951.7,308,1.8,4.3,218,103,178,106,104,187,191,327,100,24,96
BER,2017,2,26,15,11,47.4,6.2,0.3,4.08,6.1,21.3,0,951.4,243,1.1,2.8,110,74,89,53,52,101,120,327,100,24,96
BER,2017,2,26,16,10.6,47.4,6,-0.1,3.95,5.8,20.6,0,951.3,194,0.9,2,29,22,27,17,16,24,38,326,100,24,96
BER,2017,2,26,17,8,63.4,6.8,1.5,4.48,5,19.3,0,951.7,31,1.2,2.1,0,0,0,0,0,0,0,306,78,24,96
BER,2017,2,26,18,5.4,73.5,6.6,1.1,4.34,3.5,16.3,0,951.8,18,0.5,1.8,0,0,0,0,0,0,0,281,45,24,96
BER,2017,2,26,19,3.4,80,6.2,0.3,4.08,2.1,13.6,0,951.7,9,0.6,1.7,0,0,0,0,0,0,0,265,6,24,96
BER,2017,2,26,20,3,82.3,6.2,0.3,4.08,1.9,13.2,0,951.7,45,0.5,1.5,0,0,0,0,0,0,0,273,0,24,96
BER,2017,2,26,21,2.9,81.4,6.1,0,4.01,1.7,13,0,951.4,180,0.6,1.4,0,0,0,0,0,0,0,269,0,24,96
BER,2017,2,26,22,2.6,81.6,6,-0.2,3.95,1.4,12.5,0,951.1,196,0.7,1.8,0,0,0,0,0,0,0,266,0,24,96
BER,2017,2,26,23,1.5,86.1,5.9,-0.6,3.88,0.7,11.2,0,950.7,171,0.6,1.7,0,0,0,0,0,0,0,262,0,24,96
BER,2017,2,27,0,0.6,87.8,5.6,-1.2,3.69,-0.1,9.8,0,950.4,198,0.9,1.9,0,0,0,0,0,0,0,264,0,24,96
BER,2017,2,27,1,-0.6,93.2,5.5,-1.6,3.62,-1,8.4,0,949.8,333,0.4,1.2,0,0,0,0,0,0,0,258,0,24,96
BER,2017,2,27,2,-0.6,92.6,5.4,-1.6,3.56,-1,8.3,0,949.3,315,0.3,0.7,0,0,0,0,0,0,0,257,0,24,96
BER,2017,2,27,3,-1.3,95.5,5.3,-1.9,3.49,-1.5,7.4,0,948.8,198,0.4,0.9,0,0,0,0,0,0,0,256,0,24,96
BER,2017,2,27,4,-1.9,97,5.2,-2.3,3.43,-2,6.6,0,948.5,214,0.4,1.2,0,0,0,0,0,0,0,258,13,24,96
BER,2017,2,27,5,-1.5,95.5,5.3,-2.1,3.5,-1.7,7.2,0,948,198,0.4,0.8,0,0,0,0,0,0,0,273,43,24,96
BER,2017,2,27,6,-1.7,95.7,5.2,-2.3,3.43,-1.9,6.8,0,947.7,233,0.6,1.2,22,78,14,9,84,36,9,269,45,24,96
BER,2017,2,27,7,-0.7,92.5,5.4,-1.8,3.57,-1.1,8.2,0,947.2,217,0.5,1.6,177,550,67,41,551,306,41,273,36,24,96
BER,2017,2,27,8,3.3,81.1,6.3,0.4,4.17,2.1,13.7,0,946.5,241,1.1,2.5,291,464,127,78,451,395,78,290,59,24,96
BER,2017,2,27,9,6.5,67.4,6.5,0.9,4.3,4,17.3,0,945.8,221,1,2.8,490,889,80,72,599,760,71,273,29,24,96
BER,2017,2,27,10,9,52.2,6,-0.3,3.97,4.9,19,0,944.9,245,1.5,4.8,558,851,103,86,402,825,86,271,48,24,96
BER,2017,2,27,11,10.7,48.1,6.2,0.2,4.11,5.9,21.1,0,943.9,260,2.3,5.9,606,925,84,86,184,906,114,241,0,24,96
BER,2017,2,27,12,12,45.3,6.3,0.5,4.19,6.7,22.6,0,942.5,243,3.3,7.2,567,818,118,90,92,823,344,276,35,24,96
BER,2017,2,27,13,13.6,42.2,6.6,1,4.39,7.6,24.8,0,941,223,2.6,6.7,507,853,89,76,78,767,525,249,6,24,96
BER,2017,2,27,14,15.2,37.1,6.4,0.7,4.26,8.2,26.1,0,940,242,4.5,10.8,386,785,80,62,63,609,634,243,0,24,96
BER,2017,2,27,15,14.7,38.5,6.4,0.7,4.27,8,25.6,0,939.2,250,6.8,13.5,231,635,67,44,45,389,605,254,13,24,96
BER,2017,2,27,16,13.6,41.2,6.4,0.7,4.27,7.5,24.5,0,939.1,246,6.1,11.3,72,292,35,20,20,135,302,286,48,24,96
BER,2017,2,27,17,12.3,47.7,6.8,1.5,4.54,7.2,23.8,0,939,228,4.7,9.8,0,0,0,0,0,0,0,317,81,24,96
BER,2017,2,27,18,11.6,51.3,7,1.9,4.67,7,23.4,0,938.7,226,5.1,10.1,0,0,0,0,0,0,0,291,56,24,96
BER,2017,2,27,19,11,53.5,7,1.9,4.67,6.7,22.8,0,938.6,223,4.7,8.9,0,0,0,0,0,0,0,300,66,24,96
BER,2017,2,27,20,11.1,51.9,6.9,1.6,4.61,6.6,22.8,0,938.3,202,5.9,11.3,0,0,0,0,0,0,0,331,100,24,96
BER,2017,2,27,21,10.8,53.1,6.9,1.6,4.61,6.5,22.5,0,937.8,211,5,9.5,0,0,0,0,0,0,0,325,88,24,96
BER,2017,2,27,22,9.7,56.1,6.8,1.4,4.55,5.9,21.2,0,936.7,202,3.6,9.3,0,0,0,0,0,0,0,329,100,24,96
BER,2017,2,27,23,8,56.5,6,-0.1,4.01,4.4,18.1,0,935.6,177,2,3.9,0,0,0,0,0,0,0,328,100,24,96
BER,2017,2,28,0,9,54.2,6.2,0.3,4.15,5.1,19.5,0,935,218,2.6,10.3,0,0,0,0,0,0,0,326,100,23,96
BER,2017,2,28,1,10.4,57.9,7.3,2.5,4.89,6.6,22.8,0,935.1,247,7.2,15.1,0,0,0,0,0,0,0,324,100,23,96
BER,2017,2,28,2,6.8,78.7,7.8,3.4,5.22,5.2,19.9,2.7,936.8,273,6.8,15.9,0,0,0,0,0,0,0,321,100,23,96
BER,2017,2,28,3,3.4,92.2,7.1,2.3,4.74,2.9,15.3,8,938,239,5.5,12,0,0,0,0,0,0,0,319,100,23,96
BER,2017,2,28,4,0.6,96.8,6.2,0.2,4.13,0.4,10.9,7.7,939.1,214,2.3,6.9,0,0,0,0,0,0,0,316,100,23,96
BER,2017,2,28,5,1.1,95.4,6.3,0.4,4.2,0.8,11.6,2.4,938.9,170,1.7,3.9,0,0,0,0,0,0,0,313,100,23,96
BER,2017,2,28,6,1.6,93.5,6.4,0.7,4.27,1.2,12.3,2.3,938.9,182,2.4,5,1,0,1,1,1,1,1,312,100,23,96
BER,2017,2,28,7,1.6,93.9,6.4,0.7,4.27,1.2,12.3,1.3,938.1,189,2.4,4.8,25,0,25,15,14,15,15,314,100,23,96
BER,2017,2,28,8,2.1,93.2,6.6,1.1,4.41,1.7,13.1,0.3,937.5,172,2.3,5.1,48,0,48,29,28,29,29,317,100,23,96
BER,2017,2,28,9,2.4,91.7,6.6,1.2,4.42,1.9,13.5,0,936.2,164,1.5,3,88,0,88,53,52,53,54,319,100,23,96
BER,2017,2,28,10,3,90.6,6.9,1.6,4.63,2.4,14.6,0,934.6,153,1.8,3.5,209,18,200,120,126,137,120,321,100,23,96
BER,2017,2,28,11,4.7,87.9,7.5,2.9,5.04,3.9,17.4,0,933.2,156,2.2,4.3,219,11,213,128,128,139,129,324,100,23,96
BER,2017,2,28,12,7,77.4,7.7,3.3,5.18,5.3,20,0,932.3,212,3.8,13.1,132,5,130,78,76,82,81,324,100,23,96
BER,2017,2,28,13,9,61.8,7.1,2.1,4.78,5.8,21.1,0,931.4,215,7.2,14.8,120,1,119,72,70,73,73,323,100,23,96
BER,2017,2,28,14,4.6,80.1,6.7,1.5,4.49,3.2,15.9,5.1,935,246,8,21.6,20,0,20,12,12,12,12,321,100,23,96
BER,2017,2,28,15,2.6,89.8,6.6,1.1,4.42,2,13.7,1.4,935.6,205,7.3,15.8,16,0,16,9,9,9,9,320,100,23,96
BER,2017,2,28,16,4.1,78.6,6.4,0.7,4.29,2.7,14.9,0,936.4,216,5.6,11.6,4,0,4,2,2,2,2,318,100,23,96
BER,2017,2,28,17,4.4,75.4,6.3,0.4,4.18,2.7,14.9,0,937.4,210,6.2,13.8,0,0,0,0,0,0,0,316,100,23,96
BER,2017,2,28,18,3.9,77.9,6.2,0.3,4.17,2.4,14.3,0,938.6,218,6.1,13.4,0,0,0,0,0,0,0,313,100,23,96
BER,2017,2,28,19,3.7,78.6,6.2,0.3,4.15,2.2,14.1,1.3,939.7,230,6.5,16.4,0,0,0,0,0,0,0,310,100,23,96
BER,2017,2,28,20,3.3,81,6.3,0.4,4.17,2.1,13.8,0,941.4,216,4.3,11.2,0,0,0,0,0,0,0,307,94,23,96
BER,2017,2,28,21,3.1,82.8,6.3,0.4,4.18,2,13.6,0,943.7,222,3.3,10.3,0,0,0,0,0,0,0,296,78,23,96
BER,2017,2,28,22,2.8,85.1,6.4,0.6,4.21,1.9,13.4,0.4,945.8,221,2.8,8.3,0,0,0,0,0,0,0,301,94,23,96
BER,2017,2,28,23,2.6,87.3,6.5,0.7,4.26,1.8,13.3,0.4,948.4,228,2.6,7.4,0,0,0,0,0,0,0,296,100,23,96
BER,2011,3,1,0,2.6,88.3,6.5,0.8,4.29,1.8,13.3,0,950.8,23,2.3,3,0,0,0,0,0,0,0,305,100,27,96
BER,2011,3,1,1,2.5,89.2,6.6,0.9,4.31,1.8,13.3,0,953.1,22,1.6,2.5,0,0,0,0,0,0,0,304,100,27,96
BER,2011,3,1,2,2.5,89.9,6.6,1,4.33,1.8,13.3,0,954.6,24,1.3,2,0,0,0,0,0,0,0,303,100,27,96
BER,2011,3,1,3,2.5,90.1,6.6,1,4.33,1.8,13.3,0,956,20,1.2,1.7,0,0,0,0,0,0,0,301,100,27,96
BER,2011,3,1,4,2.5,90.1,6.6,1,4.32,1.8,13.3,0,956.8,22,1.1,1.8,0,0,0,0,0,0,0,300,100,27,96
BER,2011,3,1,5,2.5,89.3,6.6,0.9,4.29,1.8,13.2,0,956.9,360,0.8,1.3,0,0,0,0,0,0,0,299,100,27,96
BER,2011,3,1,6,2.5,88.5,6.5,0.9,4.25,1.8,13.2,0,957.1,23,0.8,1.5,19,35,15,9,44,22,9,299,100,27,96
BER,2011,3,1,7,2.7,87.2,6.5,0.8,4.23,1.9,13.2,0,957.3,37,1,2.9,80,229,40,25,245,125,25,301,81,27,96
BER,2011,3,1,8,2.8,85.4,6.4,0.6,4.19,1.9,13.3,0,957.5,33,1.7,4,31,0,31,20,19,20,20,304,100,27,96
BER,2011,3,1,9,2.9,84.4,6.4,0.5,4.19,1.9,13.4,0,957.5,43,2.2,4.6,25,0,25,15,15,15,15,307,100,27,96
BER,2011,3,1,10,2.9,83.7,6.3,0.4,4.12,1.8,13.2,0,957.6,45,2,5,29,0,29,18,18,18,18,311,100,27,96
BER,2011,3,1,11,2.9,82.9,6.3,0.3,4.12,1.8,13.2,0,957.5,39,2.1,4.8,32,0,32,20,20,20,20,314,100,27,96
BER,2011,3,1,12,3,81.7,6.2,0.2,4.06,1.8,13.2,0,957.1,39,2.8,6.3,66,25,51,34,33,55,39,316,100,27,96
BER,2011,3,1,13,3.2,80.2,6.2,0.1,4.06,1.9,13.4,0,957,52,2.4,5.9,26,0,26,16,16,16,16,315,100,27,96
BER,2011,3,1,14,3.8,75.7,6,-0.1,3.93,2.2,13.6,0,956.8,71,2.2,6.6,105,7,102,64,63,69,70,314,100,27,96
BER,2011,3,1,15,4.7,70.7,6,-0.2,3.93,2.6,14.6,0,956.5,82,3.5,8.8,203,387,108,67,67,272,425,312,53,27,96
BER,2011,3,1,16,4.8,70.3,6.1,-0.1,3.99,2.7,14.8,0,956.7,82,2.2,5.8,66,199,38,24,23,100,215,311,94,27,96
BER,2011,3,1,17,4.2,75.4,6.2,0.2,4.06,2.5,14.4,0,956.8,53,1.6,4.7,0,0,0,0,0,0,0,309,100,27,96
BER,2011,3,1,18,4.2,75.2,6.2,0.2,4.06,2.5,14.4,0,956.9,65,1.4,3.3,0,0,0,0,0,0,0,305,100,27,96
BER,2011,3,1,19,4.5,73,6.1,0.1,3.99,2.6,14.5,0,956.7,65,1.9,7.3,0,0,0,0,0,0,0,298,100,27,96
BER,2011,3,1,20,4.4,66.5,5.6,-1.3,3.66,2.1,13.6,0,956.5,53,2.2,7.4,0,0,0,0,0,0,0,290,100,27,96
BER,2011,3,1,21,3.5,66.3,5.2,-2.2,3.4,1.2,12,0,956.5,34,3.4,9.8,0,0,0,0,0,0,0,281,100,27,96
BER,2011,3,1,22,2.6,68.6,5,-2.6,3.27,0.6,10.8,0,956.3,45,3.5,9.3,0,0,0,0,0,0,0,272,100,27,96
BER,2011,3,1,23,1.8,69.4,4.8,-3.2,3.14,-0.1,9.6,0,956.2,51,3.6,10.1,0,0,0,0,0,0,0,263,100,27,96
BER,2011,3,2,0,1.3,72,4.9,-3.2,3.2,-0.4,9.3,0,955.9,56,3.3,7.9,0,0,0,0,0,0,0,247,39,27,96
BER,2011,3,2,1,1,73.5,4.8,-3.2,3.14,-0.6,8.8,0,955.5,57,2.8,7.7,0,0,0,0,0,0,0,252,71,27,96
BER,2011,3,2,2,0.7,74.5,4.8,-3.3,3.14,-0.8,8.5,0,955,66,3.9,9.4,0,0,0,0,0,0,0,243,44,27,96
BER,2011,3,2,3,0.7,75.3,4.9,-3.2,3.21,-0.7,8.7,0,954.7,65,3.3,9.7,0,0,0,0,0,0,0,237,13,27,96
BER,2011,3,2,4,0.6,76.5,4.9,-3,3.21,-0.7,8.6,0,954.6,51,2.8,7.8,0,0,0,0,0,0,0,235,25,27,96
BER,2011,3,2,5,0.3,77.8,4.9,-3.1,3.21,-1,8.3,0,954.5,43,2.2,6,0,0,0,0,0,0,0,232,25,27,96
BER,2011,3,2,6,0.1,77.3,4.7,-3.4,3.08,-1.2,7.8,0,954.4,43,2.5,5.5,2,0,2,1,1,1,1,240,48,27,96
BER,2011,3,2,7,0,78.5,4.8,-3.3,3.14,-1.2,7.8,0,954.3,39,2.9,6.3,37,0,37,23,22,23,23,250,100,27,96
BER,2011,3,2,8,-0.1,77.1,4.7,-3.6,3.08,-1.4,7.6,0,954.2,41,2.9,6.8,47,0,47,29,28,29,29,253,100,27,96
BER,2011,3,2,9,0,75.7,4.6,-3.8,3.01,-1.4,7.5,0,954.1,39,3.3,6.7,31,0,31,20,19,20,20,263,100,27,96
BER,2011,3,2,10,0.3,73.6,4.6,-3.9,3.01,-1.2,7.8,0,954.2,54,2.3,5.2,34,0,34,21,21,21,22,276,100,27,96
BER,2011,3,2,11,0.8,70.5,4.6,-3.9,3.01,-0.9,8.3,0,954.3,77,1.9,5.1,107,5,104,65,63,70,66,289,100,27,96
BER,2011,3,2,12,1.7,67.5,4.7,-3.7,3.08,-0.3,9.4,0,953.9,119,3,6.5,449,628,96,84,85,628,287,262,0,27,96
BER,2011,3,2,13,3.3,62.1,4.8,-3.3,3.15,0.8,11.2,0,953.8,127,4.6,8.8,543,891,92,87,90,801,561,252,0,27,96
BER,2011,3,2,14,4,60.5,4.9,-2.9,3.21,1.3,12.1,0,953.9,143,4.6,7.6,415,811,87,72,73,630,669,247,0,27,96
BER,2011,3,2,15,4,59.6,4.9,-3.1,3.21,1.2,12.1,0,954.2,144,4.3,8.2,253,655,74,52,52,403,636,252,0,27,96
BER,2011,3,2,16,3.8,61.3,4.9,-3,3.21,1.2,11.9,0,954.4,133,2.7,5.4,84,334,40,25,25,146,350,254,6,27,96
BER,2011,3,2,17,3,62.1,4.7,-3.5,3.08,0.5,10.7,0,954.9,103,1.3,4.9,0,0,0,0,0,0,0,256,0,27,96
BER,2011,3,2,18,1.6,69.4,4.8,-3.4,3.14,-0.3,9.5,0,955.1,117,0.4,2,0,0,0,0,0,0,0,254,0,27,96
BER,2011,3,2,19,-0.5,80.2,4.7,-3.5,3.08,-1.6,7.2,0,955.2,37,1.1,2.4,0,0,0,0,0,0,0,250,0,27,96
BER,2011,3,2,20,-1.1,83.6,4.7,-3.5,3.08,-2,6.6,0,955.3,27,1.9,2.7,0,0,0,0,0,0,0,248,20,27,96
BER,2011,3,2,21,-0.9,77.2,4.4,-4.4,2.88,-2.1,6.3,0,955.1,29,2.3,4.3,0,0,0,0,0,0,0,246,23,27,96
BER,2011,3,2,22,-0.6,71.3,4.2,-5.1,2.75,-2.2,6.2,0,955.3,24,2.8,5.3,0,0,0,0,0,0,0,242,0,27,96
BER,2011,3,2,23,-0.6,69,4,-5.6,2.62,-2.3,5.9,0,955.3,27,3.4,7,0,0,0,0,0,0,0,240,0,27,96
BER,2011,3,3,0,-1.3,73.9,4.1,-5.3,2.68,-2.7,5.4,0,955.4,29,3.7,6.2,0,0,0,0,0,0,0,232,0,27,96
BER,2011,3,3,1,-1.3,72.5,4,-5.6,2.61,-2.7,5.2,0,955.5,25,3.1,5.7,0,0,0,0,0,0,0,231,0,27,96
BER,2011,3,3,2,-1.9,74.7,4,-5.8,2.62,-3.2,4.6,0,955.4,20,1.5,4.3,0,0,0,0,0,0,0,230,0,27,96
BER,2011,3,3,3,-2.2,76,4,-5.9,2.61,-3.4,4.3,0,955.5,27,3.1,5.1,0,0,0,0,0,0,0,230,0,27,96
BER,2011,3,3,4,-2.3,76,3.9,-5.9,2.55,-3.5,4,0,955.7,29,3.3,5.9,0,0,0,0,0,0,0,231,0,27,96
BER,2011,3,3,5,-2.4,76.6,3.9,-5.9,2.55,-3.5,3.9,0,956,30,3,5,0,0,0,0,0,0,0,232,10,27,96
BER,2011,3,3,6,-2.5,78.3,4,-5.8,2.61,-3.6,4,0,956.4,22,1.9,3.4,36,116,23,14,128,53,14,242,41,27,96
BER,2011,3,3,7,-1.9,76,4.1,-5.6,2.68,-3.1,4.7,0,956.9,26,2.5,5,219,612,78,49,622,349,49,238,29,27,96
BER,2011,3,3,8,-1.1,72.5,4.1,-5.4,2.68,-2.6,5.6,0,957.1,32,3.1,5.8,353,633,123,80,604,499,80,254,41,27,96
BER,2011,3,3,9,0,68.9,4.2,-5,2.74,-1.7,6.8,0,957.3,48,2.6,5.4,476,671,148,102,522,647,102,263,53,27,96
BER,2011,3,3,10,0.9,65.9,4.3,-4.7,2.81,-1.1,7.9,0,957.5,47,1.9,3.8,560,726,153,115,392,757,114,257,29,27,96
BER,2011,3,3,11,2,63.5,4.5,-4.2,2.94,-0.3,9.3,0,957.3,33,2.5,7.3,642,919,103,103,211,919,134,257,13,27,96
BER,2011,3,3,12,2.7,62.7,4.7,-3.7,3.07,0.3,10.4,0,957.1,7,3.2,6.6,598,830,125,105,107,838,371,262,13,27,96
BER,2011,3,3,13,3.6,61.1,4.8,-3.2,3.14,1,11.5,0,956.9,9,3.4,7.8,542,885,91,89,91,792,559,267,16,27,96
BER,2011,3,3,14,4.1,60.3,4.9,-2.9,3.2,1.4,12.1,0,956.7,10,4.1,7.5,394,674,121,83,84,556,602,274,50,27,96
BER,2011,3,3,15,4.2,59.8,5,-2.9,3.27,1.4,12.4,0,956.8,24,3.6,6.7,238,539,90,59,59,348,547,273,39,27,96
BER,2011,3,3,16,3.5,61.3,4.8,-3.2,3.14,0.9,11.4,0,957.1,37,3.4,6.9,85,315,41,26,25,140,332,272,39,27,96
BER,2011,3,3,17,2.3,65.4,4.7,-3.5,3.07,0.1,10,0,957.5,44,2.8,6.5,0,0,0,0,0,0,0,266,25,27,96
BER,2011,3,3,18,1.3,69.6,4.7,-3.6,3.07,-0.5,9,0,957.8,32,1.5,3.9,0,0,0,0,0,0,0,258,0,27,96
BER,2011,3,3,19,0.5,73.5,4.7,-3.7,3.07,-1,8.2,0,957.7,360,0.6,1.5,0,0,0,0,0,0,0,254,0,27,96
BER,2011,3,3,20,-0.6,79.7,4.7,-3.7,3.07,-1.7,7,0,957.9,20,1.2,3.3,0,0,0,0,0,0,0,251,0,27,96
BER,2011,3,3,21,-0.9,81.6,4.7,-3.6,3.07,-1.9,6.7,0,958.1,28,2.7,4.3,0,0,0,0,0,0,0,251,0,27,96
BER,2011,3,3,22,-1,81.9,4.6,-3.7,3,-2,6.5,0,958.3,25,1.9,4.4,0,0,0,0,0,0,0,260,30,27,96
BER,2011,3,3,23,-1.8,85.2,4.6,-4,3,-2.6,5.7,0,958.7,347,1,2.3,0,0,0,0,0,0,0,248,20,27,96
BER,2011,3,4,0,-2.1,86.6,4.6,-4,3,-2.8,5.3,0,958.9,9,1.3,2.6,0,0,0,0,0,0,0,242,0,25,96
BER,2011,3,4,1,-2.4,87.5,4.5,-4.2,2.93,-3,4.9,0,959.1,6,1,2.3,0,0,0,0,0,0,0,241,0,25,96
BER,2011,3,4,2,-2.9,88.7,4.4,-4.5,2.87,-3.4,4.2,0,959.4,18,0.7,2,0,0,0,0,0,0,0,239,0,25,96
BER,2011,3,4,3,-3.5,89.7,4.3,-4.9,2.8,-4,3.4,0,959.8,11,0.5,1.4,0,0,0,0,0,0,0,238,0,25,96
BER,2011,3,4,4,-3.5,90.4,4.3,-4.8,2.8,-3.9,3.4,0,960.1,45,0.3,0.9,0,0,0,0,0,0,0,236,0,25,96
BER,2011,3,4,5,-3.5,89.6,4.2,-5,2.73,-4,3.3,0,960.3,63,0.7,1.9,0,0,0,0,0,0,0,244,10,25,96
BER,2011,3,4,6,-3.8,89.7,4.2,-5.2,2.73,-4.3,3,0,960.4,63,0.5,1.3,45,182,25,15,195,74,15,242,19,25,96
BER,2011,3,4,7,-3,88.8,4.4,-4.6,2.86,-3.5,4.1,0,960.7,360,0.2,1.3,210,559,79,48,572,318,48,250,36,25,96
BER,2011,3,4,8,-0.9,84.4,4.8,-3.2,3.12,-1.7,6.9,0,960.8,5,1.1,2.4,383,792,85,65,694,571,65,256,45,25,96
BER,2011,3,4,9,0.6,77.7,5,-2.8,3.25,-0.7,8.7,0,960.7,16,1.5,2.5,475,664,149,97,520,634,96,272,71,25,96
BER,2011,3,4,10,1.7,73.2,5.1,-2.6,3.32,0.1,10,0,960.6,339,1.7,2.9,542,633,188,118,402,693,118,286,88,25,96
BER,2011,3,4,11,3,69.7,5.3,-2,3.45,1,11.6,0,960.2,12,1.5,3.3,564,592,213,130,230,700,164,294,81,25,96
BER,2011,3,4,12,4.3,65.8,5.5,-1.5,3.59,1.9,13.3,0,959.5,7,2.4,5.8,534,536,225,133,133,647,346,295,81,25,96
BER,2011,3,4,13,5.4,64.3,5.7,-0.8,3.72,2.8,14.8,0,958.9,6,2.9,5.4,449,467,206,125,125,532,403,304,88,25,96
BER,2011,3,4,14,5.6,64.4,5.8,-0.6,3.79,3,15.1,0,958.6,21,2.6,4.7,273,163,207,123,121,247,261,299,100,25,96
BER,2011,3,4,15,6.3,62.2,5.9,-0.4,3.85,3.4,16,0,958.2,26,2.6,4.8,206,313,121,72,71,243,363,284,69,25,96
BER,2011,3,4,16,6.2,62,5.9,-0.5,3.85,3.3,15.9,0,958.1,26,2.8,5.7,90,340,45,27,27,145,360,275,40,25,96
BER,2011,3,4,17,4.1,70.6,5.8,-0.8,3.79,2.1,13.6,0,958.3,23,2.9,4.5,0,0,0,0,0,0,0,260,25,25,96
BER,2011,3,4,18,2.1,78.3,5.6,-1.3,3.66,0.7,11.2,0,958.4,29,2.9,4.1,0,0,0,0,0,0,0,256,6,25,96
BER,2011,3,4,19,0.7,84.8,5.4,-1.6,3.52,-0.2,9.5,0,958.6,18,2.7,4.3,0,0,0,0,0,0,0,252,0,25,96
BER,2011,3,4,20,0.3,85.6,5.4,-1.8,3.52,-0.5,9.1,0,958.9,13,1,3.8,0,0,0,0,0,0,0,248,0,25,96
BER,2011,3,4,21,-0.5,88.9,5.2,-2.1,3.39,-1.1,8,0,958.8,17,1.1,2,0,0,0,0,0,0,0,244,0,25,96
BER,2011,3,4,22,-1,90.5,5.1,-2.4,3.33,-1.5,7.3,0,958.5,10,1.2,2.3,0,0,0,0,0,0,0,246,0,25,96
BER,2011,3,4,23,-1.4,90.8,5,-2.7,3.26,-1.9,6.7,0,958.3,360,1.2,1.8,0,0,0,0,0,0,0,244,0,25,96
BER,2011,3,5,0,-2,91.9,4.9,-3.1,3.2,-2.4,5.9,0,958.3,72,0.5,1.5,0,0,0,0,0,0,0,234,0,25,96
BER,2011,3,5,1,-2,91.7,4.8,-3.2,3.13,-2.4,5.8,0,958.2,18,0.3,0.7,0,0,0,0,0,0,0,234,0,25,96
BER,2011,3,5,2,-2.5,92.3,4.7,-3.6,3.07,-2.9,5.1,0,957.8,34,0.3,0.8,0,0,0,0,0,0,0,240,30,25,96
BER,2011,3,5,3,-2.6,91.9,4.7,-3.7,3.07,-3,5,0,957.7,34,0.5,1.3,0,0,0,0,0,0,0,252,75,25,96
BER,2011,3,5,4,-2.7,92.3,4.6,-3.8,3,-3.1,4.8,0,957.3,360,0.2,0.8,0,0,0,0,0,0,0,250,81,25,96
BER,2011,3,5,5,-2.9,91.9,4.5,-4,2.94,-3.3,4.4,0,957.2,45,0.2,0.8,0,0,0,0,0,0,0,230,16,25,96
BER,2011,3,5,6,-2.8,91.2,4.6,-4,3,-3.2,4.7,0,957.2,333,0.2,1.1,52,194,30,18,210,81,18,230,0,25,96
BER,2011,3,5,7,-2,91.6,4.9,-3.2,3.2,-2.4,6,0,957.2,13,1,1.8,210,527,87,52,551,302,52,233,0,25,96
BER,2011,3,5,8,-0.5,92.7,5.5,-1.5,3.6,-0.9,8.5,0,956.8,13,1.4,2.8,312,374,168,97,416,360,97,239,13,25,96
BER,2011,3,5,9,1.1,88.4,5.8,-0.6,3.79,0.4,10.6,0,956.6,7,2.3,4.7,530,816,124,89,594,732,89,244,0,25,96
BER,2011,3,5,10,2.5,81.6,6,-0.3,3.93,1.3,12.3,0,956.2,16,2.9,5.5,646,923,121,98,458,894,97,250,0,25,96
BER,2011,3,5,11,4.2,75.7,6.2,0.3,4.06,2.5,14.4,0,955.7,20,3.6,6.3,654,922,103,97,203,907,129,256,0,25,96
BER,2011,3,5,12,5.1,72.6,6.4,0.6,4.2,3.2,15.6,0,954.9,21,4,7.6,608,819,132,100,102,824,368,262,13,25,96
BER,2011,3,5,13,5.6,66.8,6.1,-0.1,4,3.2,15.7,0,954.6,28,4.3,9.1,541,825,111,87,89,750,542,259,0,25,96
BER,2011,3,5,14,5.7,61.7,5.7,-1.1,3.74,2.9,15.1,0,954.3,39,5.7,12.4,422,789,92,70,72,605,659,259,0,25,96
BER,2011,3,5,15,5.8,60.7,5.6,-1.2,3.67,2.9,15,0,954.4,37,4.9,10.4,266,676,73,50,51,401,655,259,0,25,96
BER,2011,3,5,16,4.5,66.8,5.6,-1.1,3.67,2.2,13.7,0,954.6,21,4.5,8.1,93,353,43,26,26,148,370,259,0,25,96
BER,2011,3,5,17,2.6,75.1,5.5,-1.4,3.6,1,11.6,0,954.9,26,4.4,7.4,0,0,0,0,0,0,0,259,0,25,96
BER,2011,3,5,18,1.9,77.3,5.4,-1.6,3.54,0.5,10.7,0,955.2,38,4,7.2,0,0,0,0,0,0,0,258,0,25,96
BER,2011,3,5,19,1.6,78.1,5.3,-1.8,3.47,0.3,10.3,0,955.4,35,3.7,6.8,0,0,0,0,0,0,0,255,0,25,96
BER,2011,3,5,20,0.8,82.1,5.3,-1.9,3.47,-0.2,9.5,0,955.4,22,3.7,5.3,0,0,0,0,0,0,0,252,0,25,96
BER,2011,3,5,21,0.2,85.3,5.3,-2,3.47,-0.6,8.9,0,955.3,21,3.7,4.8,0,0,0,0,0,0,0,248,0,25,96
BER,2011,3,5,22,-0.3,87.2,5.2,-2.2,3.4,-1,8.2,0,955.3,18,2.9,4.4,0,0,0,0,0,0,0,245,0,25,96
BER,2011,3,5,23,-0.6,88.6,5.2,-2.2,3.4,-1.2,7.9,0,955.2,24,2.5,3.6,0,0,0,0,0,0,0,242,0,25,96
BER,2011,3,6,0,-0.6,88.3,5.2,-2.3,3.4,-1.2,7.9,0,955.1,23,2.9,4.3,0,0,0,0,0,0,0,245,16,25,96
BER,2011,3,6,1,-0.5,88.3,5.2,-2.2,3.41,-1.1,8,0,954.8,27,2.4,4.4,0,0,0,0,0,0,0,248,26,25,96
BER,2011,3,6,2,-0.1,87.2,5.3,-2,3.47,-0.8,8.6,0,954.5,18,2.3,4.4,0,0,0,0,0,0,0,244,23,25,96
BER,2011,3,6,3,-0.4,88.8,5.3,-2,3.47,-1,8.3,0,954.6,14,2.5,4.8,0,0,0,0,0,0,0,242,23,25,96
BER,2011,3,6,4,-1.2,90.8,5.1,-2.5,3.34,-1.7,7.1,0,954.7,27,1.8,3.1,0,0,0,0,0,0,0,233,0,25,96
BER,2011,3,6,5,-1.4,90.4,5,-2.8,3.27,-1.9,6.7,0,954.9,22,1.6,2.5,0,0,0,0,0,0,0,232,0,25,96
BER,2011,3,6,6,-1.2,90,5,-2.6,3.27,-1.7,6.9,0,955.4,360,0.7,1.8,55,183,32,19,201,78,20,232,0,25,96
BER,2011,3,6,7,0.2,87,5.4,-1.7,3.53,-0.5,9,0,955.9,8,0.7,2.5,183,303,106,62,350,215,62,242,25,25,96
BER,2011,3,6,8,1.3,83.5,5.6,-1.2,3.66,0.3,10.5,0,956.2,23,1.6,4.3,320,388,165,96,420,370,97,243,23,25,96
BER,2011,3,6,9,2.2,80,5.7,-0.9,3.73,1,11.5,0,956.2,23,2.8,6.8,477,602,173,108,494,598,108,253,38,25,96
BER,2011,3,6,10,3.5,74.6,5.9,-0.6,3.86,1.8,13.2,0,956.1,36,3.6,8.4,658,937,121,99,464,903,98,250,6,25,96
BER,2011,3,6,11,4.4,69.5,5.8,-0.7,3.8,2.3,13.9,0,956.1,38,5.1,10.3,675,935,111,100,212,924,134,248,0,25,96
BER,2011,3,6,12,5.3,65.7,5.9,-0.6,3.86,2.8,15,0,955.8,36,5.3,10,623,830,137,102,104,835,378,258,13,25,96
BER,2011,3,6,13,6.2,61.3,5.8,-0.7,3.8,3.3,15.8,0,955.6,27,4.5,10.4,563,881,101,86,89,781,566,249,0,25,96
BER,2011,3,6,14,6.2,58.5,5.6,-1.3,3.67,3.1,15.4,0,955.6,38,4.7,11.7,442,840,86,70,72,632,694,249,0,25,96
BER,2011,3,6,15,6.2,58.5,5.5,-1.3,3.6,3.1,15.3,0,955.7,52,3.9,9.8,275,682,76,52,53,406,665,248,0,25,96
BER,2011,3,6,16,5.5,63.4,5.7,-0.9,3.73,2.8,14.9,0,956.1,51,3.2,9.2,99,362,47,28,28,151,384,248,0,25,96
BER,2011,3,6,17,3.8,68.1,5.5,-1.5,3.6,1.7,12.8,0,956.7,46,3.9,10.9,0,0,0,0,0,0,0,247,0,25,96
BER,2011,3,6,18,1.8,72.9,5,-2.5,3.27,0.1,10,0,957.3,28,7.3,13,0,0,0,0,0,0,0,246,0,25,96
BER,2011,3,6,19,0.9,74.7,4.9,-3.1,3.2,-0.6,8.9,0,958.1,42,5.3,14.6,0,0,0,0,0,0,0,242,0,25,96
BER,2011,3,6,20,0.5,75.9,4.8,-3.2,3.13,-0.9,8.3,0,958.6,54,1.1,6.7,0,0,0,0,0,0,0,239,20,25,96
BER,2011,3,6,21,0.7,76,4.9,-3,3.2,-0.7,8.7,0,958.8,39,3.4,9.5,0,0,0,0,0,0,0,237,6,25,96
BER,2011,3,6,22,0.7,74.3,4.8,-3.3,3.13,-0.8,8.5,0,958.9,40,3.7,8.4,0,0,0,0,0,0,0,240,25,25,96
BER,2011,3,6,23,0.3,71.9,4.5,-4.2,2.93,-1.3,7.6,0,958.9,33,3,6.4,0,0,0,0,0,0,0,235,29,25,96
BER,2011,3,7,0,-0.5,71.9,4.3,-4.9,2.8,-2,6.5,0,959,24,3.2,6.3,0,0,0,0,0,0,0,232,0,25,96
BER,2011,3,7,1,-0.7,72.1,4.2,-5.1,2.74,-2.2,6.1,0,958.9,30,3.3,6.5,0,0,0,0,0,0,0,230,0,25,96
BER,2011,3,7,2,-0.8,72.1,4.1,-5.2,2.67,-2.3,5.8,0,958.7,32,2.6,5.3,0,0,0,0,0,0,0,228,0,25,96
BER,2011,3,7,3,-0.9,72.5,4.1,-5.2,2.67,-2.4,5.7,0,958.7,28,3.2,5.9,0,0,0,0,0,0,0,225,25,25,96
BER,2011,3,7,4,-0.9,72.3,4.1,-5.2,2.67,-2.4,5.7,0,958.8,28,3,5.3,0,0,0,0,0,0,0,223,25,25,96
BER,2011,3,7,5,-1.1,71.8,4.1,-5.5,2.67,-2.6,5.5,0,959,29,3.5,6,0,0,0,0,0,0,0,221,29,25,96
BER,2011,3,7,6,-1.3,71.3,4,-5.8,2.6,-2.8,5.2,0,959.3,29,4.1,7,56,161,36,21,182,72,21,228,29,25,96
BER,2011,3,7,7,-1,70.1,4,-5.8,2.6,-2.6,5.5,0,959.8,29,3.7,5.8,164,165,122,72,231,157,72,233,58,25,96
BER,2011,3,7,8,-0.7,68.4,4,-5.8,2.6,-2.4,5.8,0,960.3,25,4.5,7.2,180,47,164,100,140,130,100,236,100,25,96
BER,2011,3,7,9,-0.2,67.3,4,-5.5,2.6,-2,6.3,0,960.6,32,4.1,7.8,126,0,126,77,76,77,78,243,100,25,96
BER,2011,3,7,10,0.7,65.4,4.2,-5,2.73,-1.3,7.5,0,960.9,18,2.7,6.3,402,229,266,159,254,382,159,261,84,25,96
BER,2011,3,7,11,2.2,62.2,4.5,-4.3,2.93,-0.2,9.5,0,960.8,358,2.3,6.6,689,948,112,102,216,935,137,250,26,25,96
BER,2011,3,7,12,3.3,59.8,4.6,-3.8,2.99,0.6,10.8,0,960.5,356,3.3,6.4,643,861,134,104,106,858,388,241,6,25,96
BER,2011,3,7,13,4.4,57.6,4.8,-3.2,3.12,1.4,12.2,0,960.4,7,3.4,7.7,578,897,102,89,91,794,579,238,0,25,96
BER,2011,3,7,14,5.4,54.9,4.9,-2.9,3.19,2.1,13.4,0,960.1,16,3.6,7.4,452,850,88,72,74,638,705,239,0,25,96
BER,2011,3,7,15,5.6,53.8,4.9,-3,3.19,2.2,13.6,0,960.1,15,3.6,7.5,285,708,77,53,54,416,690,240,0,25,96
BER,2011,3,7,16,5.4,54.7,4.9,-3,3.19,2.1,13.4,0,960.2,25,3,5.7,105,397,49,29,29,160,421,241,0,25,96
BER,2011,3,7,17,3.8,62,5,-2.8,3.25,1.2,12,0,960.6,26,2.5,5.1,0,0,0,0,0,0,0,242,0,25,96
BER,2011,3,7,18,1.6,71.5,4.9,-3,3.19,-0.1,9.6,0,960.9,25,1.5,3.2,0,0,0,0,0,0,0,242,0,25,96
BER,2011,3,7,19,0.3,77.4,4.9,-3.2,3.19,-1,8.2,0,961.2,18,0.7,1.4,0,0,0,0,0,0,0,240,0,25,96
BER,2011,3,7,20,-0.9,83.4,4.8,-3.4,3.12,-1.8,6.9,0,961.5,360,0.2,1.2,0,0,0,0,0,0,0,239,0,25,96
BER,2011,3,7,21,-1,83.8,4.8,-3.4,3.12,-1.9,6.8,0,961.7,360,0.2,0.8,0,0,0,0,0,0,0,237,0,25,96
BER,2011,3,7,22,-1.3,85,4.7,-3.5,3.05,-2.1,6.3,0,961.8,180,0.2,0.6,0,0,0,0,0,0,0,235,0,25,96
BER,2011,3,7,23,-1.5,85.3,4.7,-3.6,3.05,-2.2,6.1,0,961.9,180,0.2,0.6,0,0,0,0,0,0,0,233,0,25,96
BER,2011,3,8,0,-1.6,85.4,4.7,-3.7,3.05,-2.3,6,0,962.2,198,0.4,1.2,0,0,0,0,0,0,0,232,0,24,96
BER,2011,3,8,1,-2.6,87.2,4.4,-4.4,2.86,-3.2,4.5,0,962.4,203,0.8,1.4,0,0,0,0,0,0,0,231,0,24,96
BER,2011,3,8,2,-2.6,88.6,4.5,-4.2,2.92,-3.2,4.7,0,962.3,214,0.8,1.8,0,0,0,0,0,0,0,231,0,24,96
BER,2011,3,8,3,-2.1,87.9,4.6,-3.8,2.99,-2.7,5.3,0,962.4,180,1,1.7,0,0,0,0,0,0,0,230,0,24,96
BER,2011,3,8,4,-2.7,88.7,4.5,-4.3,2.92,-3.2,4.5,0,962.6,198,0.9,1.7,0,0,0,0,0,0,0,229,0,24,96
BER,2011,3,8,5,-2.6,89.4,4.5,-4.1,2.92,-3.1,4.6,0,962.6,225,0.5,1.1,0,0,0,0,0,0,0,229,0,24,96
BER,2011,3,8,6,-2.1,87.8,4.6,-3.8,2.99,-2.7,5.3,0,962.9,207,0.7,1.6,53,151,33,20,170,67,20,231,19,24,96
BER,2011,3,8,7,-1.2,87.3,4.9,-3,3.18,-1.9,6.7,0,963.2,252,0.7,1.4,228,584,76,48,594,322,48,238,0,24,96
BER,2011,3,8,8,1.2,81.4,5.4,-1.6,3.51,0.1,10,0,963,247,1.3,2.5,407,809,84,66,707,570,65,246,0,24,96
BER,2011,3,8,9,3.8,71.6,5.7,-0.9,3.7,1.9,13.1,0,962.7,236,1.1,2.8,543,887,89,81,612,744,81,254,0,24,96
BER,2011,3,8,10,6,63.6,5.9,-0.4,3.84,3.3,15.7,0,962.2,232,1.2,3.2,630,911,98,92,429,850,92,261,0,24,96
BER,2011,3,8,11,7.9,60.5,6.4,0.7,4.17,4.7,18.4,0,961.8,266,1.4,6,664,913,103,97,201,889,130,223,0,24,96
BER,2011,3,8,12,10,55.4,6.8,1.5,4.43,6,21.2,0,961,246,2.7,6.1,637,880,112,96,99,850,372,234,6,24,96
BER,2011,3,8,13,10.6,53.7,6.9,1.6,4.5,6.4,22,0,960.2,293,2.4,5.2,559,838,110,88,90,749,550,226,0,24,96
BER,2011,3,8,14,11.2,49.4,6.6,1,4.31,6.5,22.1,0,959.5,268,2.7,5.3,430,747,106,75,76,580,643,226,0,24,96
BER,2011,3,8,15,11.4,48.3,6.5,0.9,4.24,6.5,22.2,0,959.1,300,1.5,5.5,275,642,83,54,55,383,636,226,0,24,96
BER,2011,3,8,16,10.8,53.4,6.9,1.7,4.51,6.5,22.2,0,958.9,351,1.5,2.8,110,406,50,30,30,162,431,227,0,24,96
BER,2011,3,8,17,7.8,67.9,7.1,2.3,4.64,5.3,19.5,0,959,21,1.3,2,0,0,0,0,0,0,0,227,0,24,96
BER,2011,3,8,18,5,78.8,6.9,1.6,4.51,3.5,16.3,0,958.9,17,1.1,1.8,0,0,0,0,0,0,0,257,0,24,96
BER,2011,3,8,19,4.1,81.4,6.7,1.2,4.38,2.8,15.1,0,958.7,153,0.3,1,0,0,0,0,0,0,0,264,0,24,96
BER,2011,3,8,20,3.5,81.7,6.4,0.7,4.18,2.3,14,0,958.9,207,0.3,1.1,0,0,0,0,0,0,0,260,0,24,96
BER,2011,3,8,21,2.9,83.8,6.3,0.4,4.11,1.8,13.2,0,959,191,0.5,1.3,0,0,0,0,0,0,0,257,0,24,96
BER,2011,3,8,22,1.8,85,5.9,-0.4,3.85,0.9,11.4,0,958.8,171,0.7,2.3,0,0,0,0,0,0,0,255,0,24,96
BER,2011,3,8,23,1.4,86.9,5.9,-0.5,3.85,0.6,11,0,958.9,188,0.8,3.8,0,0,0,0,0,0,0,258,25,24,96
BER,2011,3,9,0,1.1,87.7,5.8,-0.7,3.79,0.4,10.6,0,958.8,186,1,2.5,0,0,0,0,0,0,0,247,0,23,96
BER,2011,3,9,1,0.8,88.1,5.7,-0.9,3.72,0.1,10.1,0,958.7,180,1.2,2.2,0,0,0,0,0,0,0,245,0,23,96
BER,2011,3,9,2,-0.4,90.4,5.4,-1.8,3.52,-0.9,8.4,0,958.6,188,0.7,1.8,0,0,0,0,0,0,0,244,0,23,96
BER,2011,3,9,3,-0.1,88.9,5.4,-1.7,3.52,-0.7,8.7,0,958.3,174,1,2,0,0,0,0,0,0,0,242,0,23,96
BER,2011,3,9,4,-1.2,91.7,5.1,-2.4,3.33,-1.6,7.1,0,958.3,270,0.3,0.9,0,0,0,0,0,0,0,240,0,23,96
BER,2011,3,9,5,-1.3,91.3,5.1,-2.5,3.33,-1.7,7,0,958.2,214,0.5,1.5,0,0,0,0,0,0,0,239,6,23,96
BER,2011,3,9,6,-1.4,91.5,5.1,-2.6,3.33,-1.8,6.9,0,958.3,214,0.4,1.3,59,195,32,19,212,80,19,240,0,23,96
BER,2011,3,9,7,-0.5,90.1,5.3,-1.9,3.46,-1,8.1,0,958.5,239,0.6,1.3,242,659,68,44,656,345,44,247,0,23,96
BER,2011,3,9,8,2.4,82.9,6,-0.2,3.92,1.3,12.2,0,958.8,239,0.6,1.8,410,805,84,63,702,562,63,258,16,23,96
BER,2011,3,9,9,5.3,68.2,6.1,-0.1,3.98,3,15.3,0,958.5,215,1.3,2.6,524,782,117,86,557,682,86,269,29,23,96
BER,2011,3,9,10,7.2,61.6,6.3,0.3,4.12,4.2,17.6,0,957.8,254,0.8,2.7,629,893,102,88,421,831,88,246,0,23,96
BER,2011,3,9,11,8.7,53.9,6.1,-0.1,3.99,4.8,18.8,0,957,277,1,3.7,664,901,106,93,196,873,126,228,0,23,96
BER,2011,3,9,12,10.2,49.9,6.2,0.2,4.06,5.7,20.5,0,956.1,333,1.6,5.8,639,875,112,92,94,836,367,238,6,23,96
BER,2011,3,9,13,11.2,43.8,5.8,-0.7,3.8,5.9,20.8,0,955.5,311,1.5,4.7,566,867,98,81,83,752,554,232,0,23,96
BER,2011,3,9,14,11.9,41,5.7,-0.9,3.73,6.1,21.4,0,955,259,1.2,4,438,786,95,69,70,588,660,238,13,23,96
BER,2011,3,9,15,12.2,36.9,5.3,-2.1,3.47,5.9,21,0,954.7,222,1.4,3.1,270,601,91,56,56,359,605,266,48,23,96
BER,2011,3,9,16,11.6,40,5.5,-1.5,3.6,5.8,20.7,0,954.8,238,1.4,2.8,66,98,48,28,27,65,125,315,81,23,96
BER,2011,3,9,17,10.3,46.5,5.8,-0.7,3.8,5.4,19.9,0,955,217,1.1,2.7,0,0,0,0,0,0,0,320,94,23,96
BER,2011,3,9,18,7.3,63.1,6.4,0.8,4.2,4.4,17.9,0,955.3,63,0.6,1.9,0,0,0,0,0,0,0,325,100,23,96
BER,2011,3,9,19,7.8,58.4,6.1,0.2,4,4.4,17.9,0,955.6,166,1.2,2.3,0,0,0,0,0,0,0,308,78,23,96
BER,2011,3,9,20,6.3,65.3,6.2,0.3,4.06,3.7,16.5,0,955.9,191,1,1.9,0,0,0,0,0,0,0,298,88,23,96
BER,2011,3,9,21,5.6,70.3,6.4,0.6,4.19,3.4,16.1,0,956,180,0.6,1.5,0,0,0,0,0,0,0,307,81,23,96
BER,2011,3,9,22,4.6,75.2,6.3,0.6,4.13,2.9,15,0,955.8,180,0.9,2.3,0,0,0,0,0,0,0,302,81,23,96
BER,2011,3,9,23,4.1,76.9,6.3,0.4,4.13,2.5,14.5,0,956.1,185,1.1,2.5,0,0,0,0,0,0,0,294,78,23,96
BER,2011,3,10,0,3.5,79.1,6.2,0.2,4.06,2.1,13.7,0,956.2,174,1,2.3,0,0,0,0,0,0,0,291,66,23,96
BER,2011,3,10,1,2.6,82.7,6.1,0,3.99,1.5,12.6,0,955.9,207,0.6,1.9,0,0,0,0,0,0,0,291,64,23,96
BER,2011,3,10,2,1.9,82.9,5.8,-0.7,3.8,0.9,11.4,0,955.7,180,0.6,2,0,0,0,0,0,0,0,303,94,23,96
BER,2011,3,10,3,1.7,82.4,5.7,-1,3.73,0.6,11,0,955.8,169,0.5,1.7,0,0,0,0,0,0,0,288,56,23,96
BER,2011,3,10,4,1.4,83.4,5.6,-1.1,3.66,0.4,10.6,0,956.2,187,0.8,2,0,0,0,0,0,0,0,282,50,23,96
BER,2011,3,10,5,2.1,79.7,5.7,-1,3.73,0.9,11.4,0,956.3,172,1.4,3.3,0,0,0,0,0,0,0,297,78,23,96
BER,2011,3,10,6,2.2,82.5,5.9,-0.5,3.86,1.1,11.9,0,956.7,194,0.9,3.3,28,20,26,16,36,21,16,298,100,23,96
BER,2011,3,10,7,3.3,80.7,6.3,0.3,4.12,2,13.6,0,956.9,221,1.1,2,132,121,95,56,171,122,56,308,88,23,96
BER,2011,3,10,8,6.3,66.9,6.4,0.6,4.19,3.8,16.8,0,957,194,1.2,2.9,366,545,138,83,529,445,83,284,41,23,96
BER,2011,3,10,9,9.4,53.2,6.3,0.4,4.12,5.3,19.8,0,957,227,2.2,5.8,551,879,91,79,606,731,79,257,33,23,96
BER,2011,3,10,10,11.3,50.4,6.7,1.4,4.39,6.6,22.4,0,956.7,269,4.7,10.4,609,787,141,100,419,772,99,291,38,23,96
BER,2011,3,10,11,12.1,47.9,6.8,1.4,4.46,7,23.4,0,956.1,264,5.4,11.6,557,491,251,144,204,616,200,332,60,23,96
BER,2011,3,10,12,12.6,45.1,6.6,1,4.33,7.1,23.6,0,955.6,268,5.2,11.2,506,411,259,151,150,532,333,310,65,23,96
BER,2011,3,10,13,12.7,46.1,6.8,1.4,4.46,7.3,24,0,954.8,268,4.7,11.1,549,760,135,92,93,698,529,298,53,23,96
BER,2011,3,10,14,12.9,44.3,6.6,1,4.33,7.3,23.9,0,954.5,263,4.2,9,442,769,103,73,74,580,659,266,29,23,96
BER,2011,3,10,15,12.8,45.1,6.6,1.2,4.33,7.3,23.8,0,954.2,270,3.6,8.1,267,513,100,62,62,334,524,280,51,23,96
BER,2011,3,10,16,12,47.5,6.6,1.2,4.33,6.9,23,0,954.3,274,2.9,7.7,94,215,60,35,34,106,249,280,55,23,96
BER,2011,3,10,17,10.5,51.7,6.6,1,4.33,6.1,21.5,0,955,253,2.4,5.3,3,11,3,2,2,4,13,269,29,23,96
BER,2011,3,10,18,9.2,56.6,6.6,1,4.33,5.5,20.1,0,955.5,222,1.5,4,0,0,0,0,0,0,0,275,41,23,96
BER,2011,3,10,19,8,61.9,6.6,1.2,4.33,4.9,18.9,0,955.7,176,1.6,3.3,0,0,0,0,0,0,0,243,0,23,96
BER,2011,3,10,20,7.3,64.8,6.6,1.1,4.32,4.5,18.2,0,956,163,1,3,0,0,0,0,0,0,0,237,0,23,96
BER,2011,3,10,21,4.5,76.5,6.4,0.7,4.19,2.9,15,0,956.3,108,0.4,1.2,0,0,0,0,0,0,0,275,0,23,96
BER,2011,3,10,22,5.1,71.6,6.3,0.4,4.12,3.1,15.5,0,956.5,139,1,2.3,0,0,0,0,0,0,0,283,25,23,96
BER,2011,3,10,23,5.9,68.9,6.4,0.6,4.19,3.6,16.4,0,956.5,163,1.6,3.1,0,0,0,0,0,0,0,281,20,23,96
BER,2011,3,11,0,5.2,72.9,6.5,0.7,4.26,3.2,15.9,0,956.3,159,1.7,2.8,0,0,0,0,0,0,0,279,19,23,96
BER,2011,3,11,1,4.1,78.6,6.4,0.7,4.19,2.6,14.6,0,956.1,157,0.9,2.3,0,0,0,0,0,0,0,275,25,23,96
BER,2011,3,11,2,3,83,6.3,0.4,4.13,1.9,13.3,0,955.8,180,0.6,1.8,0,0,0,0,0,0,0,272,25,23,96
BER,2011,3,11,3,2.2,85.5,6.2,0,4.06,1.3,12.4,0,955.6,190,1.1,3.1,0,0,0,0,0,0,0,261,0,23,96
BER,2011,3,11,4,1.6,87.4,6,-0.3,3.93,0.8,11.4,0,955.5,191,0.5,2,0,0,0,0,0,0,0,256,0,23,96
BER,2011,3,11,5,1.1,87.7,5.8,-0.7,3.8,0.4,10.6,0,955.7,196,0.8,1.9,0,0,0,0,0,0,0,253,0,23,96
BER,2011,3,11,6,0.9,87.9,5.7,-0.9,3.73,0.2,10.2,0,955.9,207,1,2.5,78,293,38,22,314,105,22,259,19,23,96
BER,2011,3,11,7,2.2,85.8,6.1,0.1,3.99,1.3,12.2,0,956.1,236,0.3,1,250,646,74,47,651,338,47,260,0,23,96
BER,2011,3,11,8,5.6,73,6.6,1.1,4.32,3.6,16.5,0,956.3,211,0.8,2.5,410,760,93,66,673,538,66,266,0,23,96
BER,2011,3,11,9,8.1,62.4,6.7,1.4,4.39,5,19.2,0,956.2,135,0.8,2.6,543,825,108,82,587,700,82,277,19,23,96
BER,2011,3,11,10,9.2,60.5,7,2,4.59,5.8,20.8,0,955.8,27,0.8,4.5,506,423,255,148,355,532,148,276,53,23,96
BER,2011,3,11,11,10.3,57.7,7.2,2.3,4.72,6.5,22.2,0,955.3,3,2.2,5.2,576,554,226,139,189,648,200,284,48,23,96
BER,2011,3,11,12,10.6,57.4,7.3,2.5,4.79,6.7,22.7,0,954.4,357,2,5.2,640,811,144,102,104,801,384,275,19,23,96
BER,2011,3,11,13,11.4,54.7,7.4,2.6,4.87,7.2,23.7,0,953.5,353,1.8,6.3,598,897,105,85,87,776,581,251,13,23,96
BER,2011,3,11,14,11.8,52.1,7.2,2.3,4.74,7.2,23.8,0,952.8,9,1.5,4.3,453,817,87,69,70,596,679,238,0,23,96
BER,2011,3,11,15,12.1,50.9,7.2,2.3,4.74,7.4,24.1,0,952.2,21,1.5,4,292,681,79,52,53,388,668,237,0,23,96
BER,2011,3,11,16,11.8,51.5,7.1,2.1,4.67,7.2,23.6,0,951.8,27,1.3,3.3,115,390,51,30,30,153,416,254,6,23,96
BER,2011,3,11,17,10.5,56.6,7.2,2.3,4.74,6.6,22.5,0,951.6,45,1.4,2.5,4,16,4,2,2,5,18,241,0,23,96
BER,2011,3,11,18,7.4,71.2,7.3,2.5,4.81,5.1,19.5,0,951.7,34,2.6,4.3,0,0,0,0,0,0,0,234,0,23,96
BER,2011,3,11,19,5.8,78.2,7.2,2.3,4.74,4.2,17.7,0,951.6,21,1.8,3.5,0,0,0,0,0,0,0,242,0,23,96
BER,2011,3,11,20,4.7,82.9,7.1,2,4.68,3.5,16.4,0,951.4,13,1.3,2.4,0,0,0,0,0,0,0,268,0,23,96
BER,2011,3,11,21,3.5,87.7,6.9,1.7,4.54,2.7,14.9,0,951.4,18,1.2,2.7,0,0,0,0,0,0,0,264,0,23,96
BER,2011,3,11,22,2.7,89.6,6.7,1.2,4.41,2.1,13.7,0,951.2,16,0.8,1.8,0,0,0,0,0,0,0,259,0,23,96
BER,2011,3,11,23,1.7,91.5,6.3,0.5,4.15,1.2,12.1,0,950.7,27,0.5,1.5,0,0,0,0,0,0,0,255,0,23,96
BER,2011,3,12,0,1.6,92.3,6.3,0.5,4.15,1.1,12,0,950.4,180,0.2,0.9,0,0,0,0,0,0,0,252,0,23,96
BER,2011,3,12,1,1.4,91.5,6.2,0.2,4.09,0.9,11.6,0,950.2,153,0.2,0.8,0,0,0,0,0,0,0,256,13,23,96
BER,2011,3,12,2,0.9,93.1,6.1,-0.1,4.02,0.5,10.9,0,949.5,198,0.3,0.9,0,0,0,0,0,0,0,263,41,23,96
BER,2011,3,12,3,0.9,92.6,6,-0.2,3.96,0.5,10.8,0,949,162,0.3,1.3,0,0,0,0,0,0,0,265,44,23,96
BER,2011,3,12,4,-0.5,93.6,5.5,-1.4,3.63,-0.8,8.5,0,948,18,0.5,1.2,0,0,0,0,0,0,0,277,80,23,96
BER,2011,3,12,5,-0.5,92.3,5.4,-1.6,3.57,-0.9,8.4,0,947.5,360,0.6,1.3,0,0,0,0,0,0,0,284,94,23,96
BER,2011,3,12,6,-0.2,92.6,5.6,-1.3,3.7,-0.6,9,0,947.6,207,0.4,1.3,84,315,39,23,337,111,23,272,55,23,96
BER,2011,3,12,7,1.4,88.7,6,-0.3,3.96,0.7,11.3,0,947.3,180,0.7,1.7,259,676,70,46,675,348,46,265,13,23,96
BER,2011,3,12,8,4.5,79.2,6.7,1.2,4.43,3.1,15.6,0,947,180,0.8,2.1,416,759,96,67,676,536,67,279,23,23,96
BER,2011,3,12,9,7.1,68.5,6.9,1.7,4.57,4.6,18.6,0,946.4,186,1,3.1,539,780,122,88,568,675,88,295,53,23,96
BER,2011,3,12,10,9.1,62.8,7.2,2.4,4.77,5.9,21.2,0,945.7,202,0.7,2.4,511,392,274,152,349,525,152,320,94,23,96
BER,2011,3,12,11,10.4,57.5,7.3,2.4,4.84,6.6,22.6,0,945.3,153,0.5,2,342,62,303,180,194,242,183,331,100,23,96
BER,2011,3,12,12,10.8,56.1,7.3,2.4,4.85,6.8,23.1,0,944.1,360,0.9,3.2,143,0,143,86,84,86,86,335,100,23,96
BER,2011,3,12,13,10.6,58.5,7.5,2.8,4.98,6.8,23.2,0,944.5,338,1.6,3.1,55,0,55,33,32,33,33,334,100,23,96
BER,2011,3,12,14,10.8,55,7.1,2.1,4.71,6.7,22.7,0,943.9,315,0.6,2,169,24,158,95,92,113,115,333,100,23,96
BER,2011,3,12,15,10.8,53.5,6.9,1.7,4.58,6.5,22.4,0,943.2,14,0.5,1.9,44,4,43,26,25,27,30,332,100,23,96
BER,2011,3,12,16,10.1,60.7,7.5,2.9,4.99,6.6,22.7,0,942.6,37,0.5,1.8,30,12,27,16,16,21,29,331,100,23,96
BER,2011,3,12,17,8.9,67.4,7.7,3.2,5.12,6.2,21.8,0,942.4,18,1,1.6,0,0,0,0,0,0,0,330,100,23,96
BER,2011,3,12,18,7.8,74.7,7.9,3.6,5.26,5.8,21.1,0,942.6,27,0.4,1.1,0,0,0,0,0,0,0,330,100,23,96
BER,2011,3,12,19,7.4,74.4,7.7,3.2,5.12,5.4,20.3,0,942.5,22,0.5,1.1,0,0,0,0,0,0,0,329,100,23,96
BER,2011,3,12,20,7.6,73.8,7.7,3.2,5.12,5.5,20.5,0,942.7,207,0.3,1.5,0,0,0,0,0,0,0,329,100,23,96
BER,2011,3,12,21,7.1,78.3,7.9,3.6,5.26,5.4,20.3,0,942.6,360,0.9,1.9,0,0,0,0,0,0,0,328,100,23,96
BER,2011,3,12,22,6.8,79.7,7.9,3.5,5.26,5.2,20,0,942.5,360,0.6,1.6,0,0,0,0,0,0,0,328,100,23,96
BER,2011,3,12,23,6.6,80.6,7.8,3.5,5.19,5.1,19.7,0,942.4,27,0.4,1.4,0,0,0,0,0,0,0,327,100,23,96
BER,2011,3,13,0,6.1,84,7.9,3.6,5.26,4.9,19.3,0,942.7,9,0.7,1.9,0,0,0,0,0,0,0,327,100,23,96
BER,2011,3,13,1,6.6,79.9,7.8,3.4,5.2,5.1,19.7,0,941.5,18,2,4,0,0,0,0,0,0,0,327,100,23,96
BER,2011,3,13,2,6.1,81.8,7.7,3.2,5.13,4.7,19,0,940.7,15,1.2,2.7,0,0,0,0,0,0,0,327,100,23,96
BER,2011,3,13,3,5.9,82.3,7.6,3.1,5.07,4.6,18.6,0,940.4,354,1.1,2.2,0,0,0,0,0,0,0,327,100,23,96
BER,2011,3,13,4,6.1,80.8,7.6,3.1,5.07,4.7,18.8,0,940.4,10,1.2,2.8,0,0,0,0,0,0,0,326,100,23,96
BER,2011,3,13,5,5.5,84.6,7.7,3.1,5.14,4.4,18.4,0,940.3,3,1.7,2.6,0,0,0,0,0,0,0,326,100,23,96
BER,2011,3,13,6,5.6,84.7,7.7,3.2,5.14,4.5,18.5,0,940.1,5,1.1,2.8,6,0,6,4,4,4,4,327,100,23,96
BER,2011,3,13,7,6.3,80.5,7.7,3.2,5.14,4.9,19.2,0,940.1,30,1.2,4.4,72,6,70,42,47,45,43,328,100,23,96
BER,2011,3,13,8,6.9,78.4,7.8,3.4,5.21,5.2,20,0,939.9,7,0.9,2.2,68,0,68,41,40,41,41,329,100,23,96
BER,2011,3,13,9,7.5,74.4,7.7,3.2,5.14,5.5,20.4,0,939.8,20,1.2,2.5,62,0,62,37,36,37,37,330,100,23,96
BER,2011,3,13,10,8.2,70.7,7.7,3.2,5.14,5.8,21.2,0,939.7,17,1.1,2.7,92,0,92,55,54,55,56,331,100,23,96
BER,2011,3,13,11,9.1,66.4,7.7,3.2,5.14,6.3,22.1,0,939.7,11,1.6,2.7,173,1,172,104,101,104,105,332,100,23,96
BER,2011,3,13,12,10.2,59.6,7.4,2.7,4.94,6.6,22.7,0,939.4,24,2.5,3.9,201,1,200,121,117,121,122,333,100,23,96
BER,2011,3,13,13,10.7,54.7,7.1,2,4.74,6.6,22.7,0,939.5,20,2.4,4.7,170,2,169,102,99,103,104,333,100,23,96
BER,2011,3,13,14,11.1,53.8,7.1,2.1,4.73,6.8,23.1,0,939.9,17,1.6,3.3,100,0,100,61,59,60,61,332,100,23,96
BER,2011,3,13,15,11,53.4,7,1.9,4.67,6.7,22.8,0,940.2,14,1.3,2.8,27,0,27,16,16,16,16,332,100,23,96
BER,2011,3,13,16,10.6,58.6,7.5,2.8,5,6.8,23.2,0,940.7,360,0.8,1.6,55,84,39,23,23,50,108,332,100,23,96
BER,2011,3,13,17,9,71.4,8.2,4.1,5.46,6.6,22.8,0,941.5,15,1.1,1.7,0,0,0,0,0,0,0,331,100,23,96
BER,2011,3,13,18,8.2,74.8,8.1,4,5.39,6.2,21.8,0,942.5,11,0.5,1.6,0,0,0,0,0,0,0,331,100,23,96
BER,2011,3,13,19,8,76,8.1,4,5.39,6.1,21.6,0,943.5,297,0.5,1.8,0,0,0,0,0,0,0,331,100,23,96
BER,2011,3,13,20,7.9,76.3,8.2,4,5.45,6,21.6,0,944.5,162,0.6,2.7,0,0,0,0,0,0,0,331,100,23,96
BER,2011,3,13,21,7.9,78.4,8.3,4.4,5.51,6.2,21.8,0,944.7,0,0.5,2,0,0,0,0,0,0,0,330,100,23,96
BER,2011,3,13,22,7,84,8.4,4.5,5.58,5.8,21,0,945.1,330,1.1,3.2,0,0,0,0,0,0,0,330,100,23,96
BER,2011,3,13,23,7.2,82.2,8.3,4.4,5.51,5.8,21.1,0,945.7,135,0.7,2.4,0,0,0,0,0,0,0,330,100,23,96
BER,2011,3,14,0,7.7,77.6,8.1,4,5.37,5.9,21.2,0,946.4,153,0.8,2,0,0,0,0,0,0,0,329,100,24,96
BER,2011,3,14,1,7.8,75.9,8,3.8,5.3,5.9,21.2,0,947.2,159,0.9,2.4,0,0,0,0,0,0,0,328,100,24,96
BER,2011,3,14,2,7.3,79.7,8.1,4,5.36,5.7,20.8,0,947.4,124,0.8,1.8,0,0,0,0,0,0,0,321,88,24,96
BER,2011,3,14,3,7.1,81.4,8.2,4.1,5.43,5.7,20.8,0,947.9,135,0.2,0.8,0,0,0,0,0,0,0,321,94,24,96
BER,2011,3,14,4,6.5,84.4,8.1,4.1,5.36,5.4,20,0,948.2,90,0.3,0.9,0,0,0,0,0,0,0,297,31,24,96
BER,2011,3,14,5,5.2,87.6,7.7,3.3,5.09,4.3,18,0,948.6,162,0.5,1.5,0,0,0,0,0,0,0,286,19,24,96
BER,2011,3,14,6,3.8,89.7,7.2,2.3,4.75,3.1,15.7,0,949.4,360,0.3,1,90,316,43,26,342,112,26,292,36,24,96
BER,2011,3,14,7,6.6,82.8,8.1,3.9,5.35,5.3,20.1,0,950.1,153,0.7,2.2,248,522,94,58,550,297,58,299,56,24,96
BER,2011,3,14,8,9.1,68.1,7.9,3.5,5.21,6.4,22.3,0,950.4,158,1.7,2.9,437,796,90,71,703,554,70,279,40,24,96
BER,2011,3,14,9,11.2,60.3,8,3.8,5.28,7.5,24.6,0,950.2,180,1,3.1,509,613,176,110,513,589,110,309,69,24,96
BER,2011,3,14,10,12.2,58.4,8.3,4.3,5.48,8.2,26.1,0,950.1,356,1.6,3.5,566,555,226,135,396,631,135,334,88,24,96
BER,2011,3,14,11,13.3,53.7,8.2,4.1,5.42,8.6,27,0,950.1,336,1.1,3.6,603,576,231,137,210,679,202,344,100,24,96
BER,2011,3,14,12,13.7,50.6,7.9,3.6,5.22,8.6,27,0,949.6,9,1.9,4.2,591,633,196,131,131,674,373,332,84,24,96
BER,2011,3,14,13,14.9,48.5,8.2,4.1,5.42,9.4,28.7,0,949.6,344,1.9,4.9,598,877,103,90,92,751,575,303,43,24,96
BER,2011,3,14,14,15.1,47,8.1,3.9,5.35,9.4,28.7,0,949.5,18,2.1,4.9,367,369,192,112,111,380,412,343,88,24,96
BER,2011,3,14,15,14.8,45.8,7.7,3.2,5.09,9,27.7,0,949.3,15,2,5.1,176,111,141,84,82,142,192,336,94,24,96
BER,2011,3,14,16,14.9,46.6,7.9,3.6,5.22,9.2,28.2,0,949.2,19,2.4,4.7,74,185,49,30,29,75,217,289,58,24,96
BER,2011,3,14,17,13.6,49,7.6,3.1,5.02,8.4,26.3,0,949.5,31,2.2,4.6,7,34,5,3,3,8,37,260,6,24,96
BER,2011,3,14,18,11.1,59.5,7.9,3.5,5.22,7.4,24.3,0,949.6,49,1.9,4.8,0,0,0,0,0,0,0,275,13,24,96
BER,2011,3,14,19,8.7,68.6,7.7,3.3,5.08,6.1,21.5,0,949.8,23,1.6,4.7,0,0,0,0,0,0,0,308,65,24,96
BER,2011,3,14,20,6.9,76.9,7.7,3.1,5.08,5.1,19.7,0,949.8,5,1.1,2.3,0,0,0,0,0,0,0,281,34,24,96
BER,2011,3,14,21,6.2,79.8,7.6,3,5.02,4.7,18.8,0,949.8,11,0.5,1.8,0,0,0,0,0,0,0,307,65,24,96
BER,2011,3,14,22,5,83.4,7.3,2.4,4.82,3.8,17.1,0,949.7,23,0.9,2.7,0,0,0,0,0,0,0,302,60,24,96
BER,2011,3,14,23,4.8,84.8,7.3,2.5,4.82,3.8,16.9,0,949.6,45,0.6,1.7,0,0,0,0,0,0,0,315,88,24,96
BER,2011,3,15,0,4.1,84.6,7,1.7,4.62,3,15.7,0,949.7,194,0.4,1.2,0,0,0,0,0,0,0,311,78,24,96
BER,2011,3,15,1,3.1,88.4,6.8,1.4,4.49,2.4,14.3,0,949.4,45,0.3,1.3,0,0,0,0,0,0,0,320,100,24,96
BER,2011,3,15,2,2.8,89.4,6.7,1.2,4.42,2.1,13.9,0,948.8,14,0.5,1.4,0,0,0,0,0,0,0,319,94,24,96
BER,2011,3,15,3,2.3,91,6.6,1,4.36,1.7,13.2,0,949,270,0.2,0.8,0,0,0,0,0,0,0,309,64,24,96
BER,2011,3,15,4,1.8,91.8,6.4,0.6,4.22,1.3,12.4,0,948.9,207,0.3,0.8,0,0,0,0,0,0,0,316,100,24,96
BER,2011,3,15,5,1.6,91.1,6.2,0.3,4.09,1.1,11.8,0,948.6,27,0.5,1.3,0,0,0,0,0,0,0,315,100,24,96
BER,2011,3,15,6,1.7,90.3,6.2,0.3,4.09,1.1,11.9,0,948.7,0,0.2,1.4,72,136,49,29,166,69,29,312,88,24,96
BER,2011,3,15,7,3.8,85.8,6.9,1.6,4.56,2.8,15.2,0,948.2,353,0.8,2.1,250,488,100,61,521,289,61,308,71,24,96
BER,2011,3,15,8,6.2,78.9,7.4,2.8,4.9,4.6,18.5,0,947.7,6,1.1,2.7,394,558,155,93,567,444,93,306,65,24,96
BER,2011,3,15,9,8.9,67.9,7.7,3.3,5.1,6.2,21.8,0,947.1,11,2.6,5.5,495,524,206,119,474,545,119,314,75,24,96
BER,2011,3,15,10,11.1,61.8,8.2,4.1,5.44,7.6,24.9,0,946.1,27,3.8,6.8,519,437,248,146,348,540,146,319,88,24,96
BER,2011,3,15,11,12.4,59,8.5,4.6,5.64,8.4,26.7,0,945.7,12,3.3,6.4,697,924,95,98,178,865,150,300,41,24,96
BER,2011,3,15,12,14.7,51.3,8.6,4.8,5.71,9.6,29.2,0,944.6,17,2.9,5.9,659,848,121,100,103,806,374,315,45,24,96
BER,2011,3,15,13,15.9,45.3,8.2,4.1,5.45,9.8,29.8,0,943.8,8,3.6,6.6,509,521,208,125,125,555,440,334,84,24,96
BER,2011,3,15,14,16,45.6,8.3,4.3,5.52,9.9,30.1,0,943.4,6,3.7,7.2,240,65,209,125,122,174,181,347,100,24,96
BER,2011,3,15,15,15.8,46.2,8.3,4.3,5.52,9.8,29.9,0,943.2,31,2.3,6,186,189,120,70,69,175,249,346,88,24,96
BER,2011,3,15,16,14.9,48.6,8.3,4.2,5.52,9.4,28.9,0,943,37,2.7,5.3,81,196,56,32,32,80,232,332,88,24,96
BER,2011,3,15,17,12.7,58.1,8.5,4.7,5.66,8.6,27,0,943,28,2.9,5,9,38,7,4,4,9,43,318,70,24,96
BER,2011,3,15,18,10,70.2,8.6,4.8,5.72,7.4,24.5,0,943.2,24,2.1,5,0,0,0,0,0,0,0,338,88,24,96
BER,2011,3,15,19,8.5,77.4,8.6,4.8,5.73,6.7,22.9,0,942.7,12,1.4,3.2,0,0,0,0,0,0,0,341,94,24,96
BER,2011,3,15,20,9,72.3,8.3,4.3,5.53,6.7,23,0,942.3,18,1.6,4.8,0,0,0,0,0,0,0,334,100,24,96
BER,2011,3,15,21,7.2,80.7,8.2,4.1,5.46,5.7,21,0,942.4,6,1.1,2.3,0,0,0,0,0,0,0,310,74,24,96
BER,2011,3,15,22,6.4,83.4,8,3.8,5.33,5.2,19.8,0,941.4,360,1.1,2.2,0,0,0,0,0,0,0,331,94,24,96
BER,2011,3,15,23,6.3,82.5,7.9,3.5,5.27,5,19.5,0,941.1,342,1.2,2.9,0,0,0,0,0,0,0,333,100,24,96
BER,2011,3,16,0,5.5,86.1,7.8,3.4,5.2,4.5,18.6,0,940.2,356,1.3,2.8,0,0,0,0,0,0,0,332,100,23,96
BER,2011,3,16,1,4.5,88.8,7.5,2.8,5.01,3.7,17.1,0,939.1,27,0.9,2.5,0,0,0,0,0,0,0,332,100,23,96
BER,2011,3,16,2,4.6,88.3,7.5,2.8,5.01,3.8,17.2,0,938.4,6,1.2,2.4,0,0,0,0,0,0,0,331,100,23,96
BER,2011,3,16,3,4.4,88.9,7.4,2.7,4.95,3.6,16.8,0,937.6,18,0.7,2,0,0,0,0,0,0,0,331,100,23,96
BER,2011,3,16,4,4.1,88.9,7.3,2.4,4.88,3.3,16.3,0,938.1,135,0.3,1.3,0,0,0,0,0,0,0,331,100,23,96
BER,2011,3,16,5,4.6,87.7,7.4,2.7,4.94,3.7,17,0,938.3,162,0.3,1.7,0,0,0,0,0,0,0,330,100,23,96
BER,2011,3,16,6,6.5,80.6,7.8,3.4,5.21,5,19.6,0,938.4,63,1.2,7.7,13,0,13,8,8,8,8,331,100,23,96
BER,2011,3,16,7,6.7,82.8,8.1,4,5.42,5.4,20.3,0,938.5,256,0.6,1.6,80,8,78,47,53,50,47,333,100,23,96
BER,2011,3,16,8,7.8,78.7,8.4,4.3,5.62,6.1,22,0,938.7,333,0.3,1,136,3,135,81,82,84,82,336,100,23,96
BER,2011,3,16,9,8.6,74.4,8.3,4.3,5.55,6.5,22.6,0,938.9,229,0.9,1.9,129,0,129,78,76,78,78,338,100,23,96
BER,2011,3,16,10,9.9,68.6,8.3,4.4,5.55,7.2,23.9,0,938.5,288,0.6,2.2,312,99,250,147,201,241,147,341,100,23,96
BER,2011,3,16,11,10.9,62.9,8.2,4.1,5.48,7.5,24.8,0,938.4,350,1.2,2.9,206,3,204,123,121,126,124,343,100,23,96
BER,2011,3,16,12,11.2,62.2,8.3,4.2,5.55,7.7,25.3,0,937.7,25,1.5,2.7,144,0,144,87,85,87,87,344,100,23,96
BER,2011,3,16,13,11.3,62.1,8.3,4.3,5.56,7.8,25.4,0,937.4,14,0.8,2,73,0,73,44,43,44,44,344,100,23,96
BER,2011,3,16,14,11.5,62.6,8.5,4.6,5.69,8,25.9,0,937.5,22,1.1,2.5,92,1,92,56,54,56,56,343,100,23,96
BER,2011,3,16,15,11.6,65.4,8.9,5.3,5.96,8.4,26.7,0,937.4,16,2.2,4.8,56,0,56,34,33,34,34,342,100,23,96
BER,2011,3,16,16,11.2,67.4,9,5.4,6.03,8.2,26.5,0,937.3,19,2.4,4.4,42,12,41,25,24,27,37,337,100,23,96
BER,2011,3,16,17,10.5,71.2,9,5.5,6.03,8,25.7,0,937.3,12,1.9,4,6,9,5,3,3,4,12,341,94,23,96
BER,2011,3,16,18,9.4,77.8,9.1,5.7,6.1,7.5,24.8,0,937.4,23,2.1,4.8,0,0,0,0,0,0,0,326,80,23,96
BER,2011,3,16,19,8.7,81.9,9.2,5.8,6.16,7.2,24.2,0,937.7,28,2.4,4.7,0,0,0,0,0,0,0,310,70,23,96
BER,2011,3,16,20,8.7,82.3,9.2,5.9,6.16,7.3,24.2,0,937.9,24,3,5.7,0,0,0,0,0,0,0,319,80,23,96
BER,2011,3,16,21,8,84.4,9.1,5.5,6.09,6.8,23.4,0,938,23,2.1,4.3,0,0,0,0,0,0,0,329,90,23,96
BER,2011,3,16,22,7.4,86.7,8.9,5.3,5.96,6.4,22.4,0,938.1,13,1.1,2.2,0,0,0,0,0,0,0,338,100,23,96
BER,2011,3,16,23,7.1,87.9,8.9,5.2,5.96,6.2,22.1,0,937.9,338,0.6,1.3,0,0,0,0,0,0,0,334,100,23,96
BER,2011,3,17,0,7,88.4,8.9,5.2,5.96,6.1,22,0,937.8,27,0.4,1.2,0,0,0,0,0,0,0,337,100,24,96
BER,2011,3,17,1,7.4,87,9,5.4,6.03,6.4,22.6,0,937.7,153,0.5,0.9,0,0,0,0,0,0,0,337,100,24,96
BER,2011,3,17,2,7.6,86,9,5.4,6.03,6.5,22.8,0,937.5,171,0.7,1.3,0,0,0,0,0,0,0,337,100,24,96
BER,2011,3,17,3,7.5,86.1,8.9,5.3,5.96,6.4,22.5,0,937.8,270,0.5,1.3,0,0,0,0,0,0,0,336,100,24,96
BER,2011,3,17,4,7.5,89.7,9.3,5.9,6.23,6.7,23.2,0.4,938.1,164,0.7,1.4,0,0,0,0,0,0,0,336,100,24,96
BER,2011,3,17,5,7.7,91.8,9.6,6.5,6.43,7.1,23.9,0.2,938.6,167,0.9,1.5,0,0,0,0,0,0,0,336,100,24,96
BER,2011,3,17,6,7.9,91.9,9.8,6.7,6.56,7.3,24.4,0.4,939.2,174,1,1.7,13,0,13,8,8,8,8,336,100,24,96
BER,2011,3,17,7,8.1,92.1,10,6.9,6.69,7.5,25,0.1,939.8,196,0.7,1.5,77,0,77,47,46,47,47,336,100,24,96
BER,2011,3,17,8,8.3,90.4,9.9,6.8,6.62,7.5,25,0,940.4,193,0.9,2,74,0,74,45,44,45,45,337,100,24,96
BER,2011,3,17,9,8.7,89.4,10.1,7.1,6.75,7.9,25.7,0,940.9,202,1.1,2.2,69,0,69,42,41,42,42,337,100,24,96
BER,2011,3,17,10,9.5,86.8,10.3,7.4,6.88,8.4,26.9,0,941.5,238,2.5,6.4,81,0,81,49,48,49,50,338,100,24,96
BER,2011,3,17,11,9.4,84.4,9.9,6.9,6.6,8.1,26.1,0,942.3,251,2.8,6.5,42,0,42,26,25,26,26,338,100,24,96
BER,2011,3,17,12,9.2,83.2,9.7,6.5,6.47,7.8,25.5,0,942.9,253,2.7,5.9,33,0,33,20,20,20,20,338,100,24,96
BER,2011,3,17,13,8.9,82.7,9.4,6.1,6.26,7.5,24.7,0.3,943.6,267,1.9,4.4,30,0,30,18,18,18,18,337,100,24,96
BER,2011,3,17,14,8.4,86.3,9.5,6.2,6.32,7.3,24.3,1.3,944.7,246,1.8,4.2,25,0,25,15,15,15,15,336,100,24,96
BER,2011,3,17,15,8,86.8,9.3,5.9,6.18,6.9,23.6,0.3,945.6,257,1.8,4.1,32,0,32,20,19,20,20,336,100,24,96
BER,2011,3,17,16,7.9,87.3,9.3,5.9,6.17,6.9,23.5,0.6,946.6,225,0.8,2.6,18,0,18,11,11,11,11,335,100,24,96
BER,2011,3,17,17,7.7,85.2,9,5.4,5.96,6.6,22.7,0,947.8,239,1.2,3.6,0,0,0,0,0,0,0,334,100,24,96
BER,2011,3,17,18,7.2,79.9,8.1,4,5.36,5.7,20.7,0,948.9,250,1.5,4.8,0,0,0,0,0,0,0,333,100,24,96
BER,2011,3,17,19,6.9,78.4,7.8,3.4,5.15,5.2,19.9,0,950.3,245,1.7,5.1,0,0,0,0,0,0,0,332,100,24,96
BER,2011,3,17,20,6.4,77.9,7.5,2.8,4.94,4.7,18.8,0,951.4,241,1.9,5.1,0,0,0,0,0,0,0,318,94,24,96
BER,2011,3,17,21,6.3,78.5,7.5,2.8,4.94,4.7,18.7,0,952.2,213,2,4.8,0,0,0,0,0,0,0,331,100,24,96
BER,2011,3,17,22,6.2,77.8,7.4,2.6,4.87,4.5,18.4,0,952.8,202,1.6,4.1,0,0,0,0,0,0,0,327,100,24,96
BER,2011,3,17,23,6.2,77.8,7.4,2.6,4.87,4.5,18.4,0,952.9,202,2.2,4.8,0,0,0,0,0,0,0,323,81,24,96
BER,2011,3,18,0,5.7,79.5,7.3,2.4,4.8,4.2,17.8,0,953.5,218,1.8,4.4,0,0,0,0,0,0,0,314,45,24,96
BER,2011,3,18,1,5.8,78.9,7.3,2.4,4.79,4.3,17.9,0,954.3,201,1.4,3.9,0,0,0,0,0,0,0,316,48,24,96
BER,2011,3,18,2,5.7,79.5,7.3,2.4,4.79,4.2,17.8,0,954.5,201,1.5,4.1,0,0,0,0,0,0,0,301,10,24,96
BER,2011,3,18,3,5.2,80.7,7.1,2.2,4.66,3.8,16.9,0,955.1,209,1.1,2,0,0,0,0,0,0,0,283,0,24,96
BER,2011,3,18,4,4.4,83.4,7,1.8,4.59,3.2,15.9,0,955.8,169,1,2.3,0,0,0,0,0,0,0,288,19,24,96
BER,2011,3,18,5,3.9,85,6.8,1.6,4.45,2.9,15.1,0,956.5,148,1.5,2.9,1,0,1,0,0,0,0,288,34,24,96
BER,2011,3,18,6,4.5,83,7,1.9,4.58,3.3,16,0,957.2,157,1.3,2.1,102,259,54,33,293,105,33,293,33,24,96
BER,2011,3,18,7,5.9,79.5,7.4,2.6,4.85,4.4,18.1,0,957.3,180,0.9,2.3,291,629,96,59,658,334,59,299,36,24,96
BER,2011,3,18,8,6.7,75,7.4,2.6,4.84,4.8,18.9,0,957.9,242,1.6,3.4,280,133,221,130,249,220,131,318,71,24,96
BER,2011,3,18,9,7.4,70.9,7.3,2.5,4.78,5.1,19.4,0,958,227,2.2,4.8,216,5,213,130,130,134,130,330,100,24,96
BER,2011,3,18,10,8.1,68.1,7.3,2.6,4.78,5.5,20.1,0,958,232,2.5,5,321,102,254,151,191,249,152,331,94,24,96
BER,2011,3,18,11,9,64.4,7.4,2.7,4.84,6,21.2,0,957.9,202,2.3,5.6,621,579,234,142,221,670,194,322,60,24,96
BER,2011,3,18,12,9.2,62.6,7.3,2.4,4.78,6,21.3,0,957.5,238,1.6,4.4,657,756,166,114,116,757,380,287,33,24,96
BER,2011,3,18,13,10.3,59.4,7.5,2.7,4.91,6.7,22.7,0,957.1,250,1.5,4.3,622,893,101,90,92,744,588,273,25,24,96
BER,2011,3,18,14,11.1,55.9,7.4,2.6,4.85,7,23.4,0,957,255,1.3,4.9,449,639,138,90,90,506,588,296,60,24,96
BER,2011,3,18,15,11.4,53.3,7.2,2.2,4.72,7,23.3,0,957,233,1.7,4.4,251,290,151,87,86,237,369,312,75,24,96
BER,2011,3,18,16,11.2,52.3,7,1.8,4.58,6.7,22.8,0,957.1,247,1.5,3.5,142,412,69,40,40,151,457,293,48,24,96
BER,2011,3,18,17,9.5,64.5,7.6,3.1,4.98,6.4,22.1,0,957.5,355,1.8,3.9,12,51,9,5,5,12,57,298,54,24,96
BER,2011,3,18,18,7.6,76.9,8,3.8,5.24,5.8,20.8,0,958,19,2.7,4.8,0,0,0,0,0,0,0,330,100,24,96
BER,2011,3,18,19,7.1,78,7.9,3.5,5.17,5.4,20.1,0,958.4,3,2,3.6,0,0,0,0,0,0,0,330,100,24,96
BER,2011,3,18,20,6.5,80.4,7.8,3.4,5.1,5,19.3,0,958.7,4,1.4,2.7,0,0,0,0,0,0,0,329,100,24,96
BER,2011,3,18,21,6.2,80.5,7.7,3.1,5.04,4.8,18.9,0,958.5,360,0.6,1.5,0,0,0,0,0,0,0,328,100,24,96
BER,2011,3,18,22,6.2,82,7.7,3.4,5.04,4.9,18.9,0,958.5,346,0.5,1.3,0,0,0,0,0,0,0,326,100,24,96
BER,2011,3,18,23,6.1,87.5,8.2,4.2,5.37,5.2,19.6,0.4,958.5,135,0.2,0.9,0,0,0,0,0,0,0,327,100,24,96
BER,2011,3,19,0,6.1,88.7,8.3,4.4,5.43,5.3,19.8,0.6,958.3,191,0.6,1.2,0,0,0,0,0,0,0,327,100,24,96
BER,2011,3,19,1,5.8,89.1,8.2,4.1,5.37,5,19.3,0.4,957.9,259,0.5,1.2,0,0,0,0,0,0,0,327,100,24,96
BER,2011,3,19,2,5.7,90.8,8.3,4.3,5.44,5,19.4,0.4,957.2,217,0.5,1,0,0,0,0,0,0,0,327,100,24,96
BER,2011,3,19,3,6,90.7,8.5,4.6,5.57,5.3,20,0.8,956.9,196,0.7,1.4,0,0,0,0,0,0,0,327,100,24,96
BER,2011,3,19,4,6.1,90,8.5,4.6,5.58,5.4,20.1,0.8,956.8,172,1.5,3,0,0,0,0,0,0,0,327,100,24,96
BER,2011,3,19,5,6.1,90.6,8.5,4.7,5.57,5.4,20.1,0.7,956.9,186,0.9,2.5,1,0,1,1,1,1,1,327,94,24,96
BER,2011,3,19,6,6.2,91,8.6,4.8,5.64,5.5,20.4,1.5,957,188,0.8,1.4,62,49,53,32,81,45,32,323,94,24,96
BER,2011,3,19,7,6.5,90.2,8.7,5,5.7,5.8,20.9,0.1,957.3,173,0.8,1.5,101,6,99,60,64,63,60,328,100,24,96
BER,2011,3,19,8,6.7,90.7,8.9,5.3,5.84,6,21.4,0.7,957.6,162,1,1.6,65,0,65,40,39,40,40,328,100,24,96
BER,2011,3,19,9,7,90.8,9.1,5.6,5.96,6.3,22,2.8,958.3,22,1.4,4.4,62,0,62,38,37,38,38,328,100,24,96
BER,2011,3,19,10,7.4,90,9.3,5.9,6.09,6.6,22.7,0.1,958.8,24,1.7,7.2,63,0,63,38,37,38,38,329,100,24,96
BER,2011,3,19,11,6.5,88.5,8.6,4.7,5.62,5.6,20.7,0.1,959.6,27,3.3,7.5,63,0,63,38,37,38,39,329,100,24,96
BER,2011,3,19,12,6.1,86.7,8.2,4.1,5.36,5.1,19.6,0.3,960.1,44,3.4,7.2,45,0,45,27,27,27,27,329,100,24,96
BER,2011,3,19,13,5.3,85.7,7.6,3.1,4.96,4.3,17.8,0,960.4,31,4.9,12.7,32,0,32,19,19,19,19,326,100,24,96
BER,2011,3,19,14,4.4,87.5,7.3,2.5,4.76,3.5,16.4,0,961,33,3.8,8.3,24,0,24,15,14,15,15,324,100,24,96
BER,2011,3,19,15,3.6,87.2,6.9,1.7,4.5,2.8,14.9,0,961.4,25,4.7,8.3,23,0,23,14,14,14,14,322,100,24,96
BER,2011,3,19,16,3.5,86.1,6.8,1.4,4.43,2.6,14.6,0,961.9,33,3.8,8.5,63,32,58,35,34,43,68,319,88,24,96
BER,2011,3,19,17,3.3,86.4,6.7,1.3,4.36,2.4,14.2,0,962.6,33,3.3,8.3,3,0,3,2,2,2,2,316,100,24,96
BER,2011,3,19,18,2.8,85.7,6.4,0.6,4.16,1.9,13.2,0,963,29,2.7,6.2,0,0,0,0,0,0,0,298,61,24,96
BER,2011,3,19,19,2.8,86.5,6.5,0.8,4.23,2,13.4,0,963.4,22,1.9,4.3,0,0,0,0,0,0,0,283,45,24,96
BER,2011,3,19,20,3.1,85.8,6.5,1,4.22,2.2,13.7,0,963.8,32,1.4,3.4,0,0,0,0,0,0,0,279,40,24,96
BER,2011,3,19,21,3.2,87.9,6.8,1.4,4.42,2.4,14.3,0,963.5,28,1.5,3.7,0,0,0,0,0,0,0,257,6,24,96
BER,2011,3,19,22,2.6,88.8,6.6,0.9,4.29,1.9,13.3,0,963.2,33,1.7,3.3,0,0,0,0,0,0,0,253,0,24,96
BER,2011,3,19,23,2.1,89.2,6.4,0.5,4.16,1.4,12.5,0,963,35,2.1,3.8,0,0,0,0,0,0,0,249,0,24,96
BER,2011,3,20,0,2.2,84,6,-0.2,3.9,1.2,12,0,962.9,38,4.4,8.8,0,0,0,0,0,0,0,245,0,23,96
BER,2011,3,20,1,2.1,84.8,6,-0.2,3.9,1.2,11.9,0,962.7,29,4.5,8.6,0,0,0,0,0,0,0,242,0,23,96
BER,2011,3,20,2,1.6,87.5,6,-0.2,3.9,0.9,11.4,0,962.4,32,3.4,6.6,0,0,0,0,0,0,0,239,0,23,96
BER,2011,3,20,3,1.4,85,5.7,-0.8,3.71,0.5,10.7,0,962.1,38,1.6,3.9,0,0,0,0,0,0,0,236,0,23,96
BER,2011,3,20,4,0.8,87,5.6,-1.1,3.64,0.1,9.9,0,962.3,40,1.6,3.6,0,0,0,0,0,0,0,232,0,23,96
BER,2011,3,20,5,0.5,86.6,5.5,-1.5,3.57,-0.3,9.4,0,962.8,17,2.1,5.4,4,0,4,3,3,3,3,229,0,23,96
BER,2011,3,20,6,0.3,86.8,5.4,-1.6,3.51,-0.4,9.1,0,963,356,1.4,3.6,128,417,51,32,451,137,32,228,0,23,96
BER,2011,3,20,7,0.8,84.9,5.5,-1.4,3.57,-0.1,9.7,0,963.2,21,1.7,4.1,300,604,104,61,639,326,61,233,13,23,96
BER,2011,3,20,8,2.4,81.5,5.9,-0.4,3.83,1.3,12,0,963.4,29,2,6,471,742,121,80,679,530,79,247,25,23,96
BER,2011,3,20,9,3.6,73.8,5.8,-0.6,3.77,1.9,13,0,963.5,33,3.4,8,642,889,125,93,636,741,92,244,25,23,96
BER,2011,3,20,10,4.8,67.6,5.8,-0.7,3.77,2.5,14.3,0,963.4,40,4.4,10.1,742,967,114,99,457,867,98,249,0,23,96
BER,2011,3,20,11,5.9,62.2,5.8,-0.8,3.77,3.1,15.4,0,963.4,63,4.7,12.2,747,941,110,100,182,872,165,213,0,23,96
BER,2011,3,20,12,7,54.7,5.5,-1.5,3.57,3.4,16,0,963.3,69,3.9,12.8,708,874,134,102,104,816,404,214,6,23,96
BER,2011,3,20,13,8.1,49.5,5.3,-1.8,3.44,3.9,16.8,0,962.8,76,4.6,11.6,633,874,116,90,93,731,592,214,6,23,96
BER,2011,3,20,14,8.8,48.4,5.5,-1.5,3.57,4.4,17.8,0,962.6,68,4.3,10.8,509,844,96,74,76,586,720,238,16,23,96
BER,2011,3,20,15,8.8,46.5,5.2,-2,3.38,4.2,17.3,0,962.6,48,4.1,8.8,338,703,91,58,59,378,709,220,6,23,96
BER,2011,3,20,16,8.2,46.9,5.1,-2.5,3.31,3.7,16.6,0,962.9,85,3.7,7.7,165,542,60,35,35,177,580,247,13,23,96
BER,2011,3,20,17,7.2,44.3,4.5,-4.1,2.92,2.7,14.6,0,963.4,60,3.3,8.1,13,66,8,5,4,12,71,270,19,23,96
BER,2011,3,20,18,5.5,51.2,4.6,-3.8,2.98,1.9,13,0,963.8,55,1.7,3.8,0,0,0,0,0,0,0,296,74,23,96
BER,2011,3,20,19,2.9,65.1,4.9,-3,3.18,0.6,10.9,0,963.9,52,1.1,2.8,0,0,0,0,0,0,0,271,41,23,96
BER,2011,3,20,20,1.4,73.5,5,-2.8,3.24,-0.2,9.5,0,963.8,34,1.4,2.3,0,0,0,0,0,0,0,248,0,23,96
BER,2011,3,20,21,0.7,76.3,4.9,-3,3.18,-0.7,8.6,0,963.7,29,2.1,3.5,0,0,0,0,0,0,0,245,0,23,96
BER,2011,3,20,22,1.1,67.8,4.5,-4.2,2.92,-0.8,8.4,0,963.7,31,2.7,4.8,0,0,0,0,0,0,0,242,0,23,96
BER,2011,3,20,23,0.9,65.6,4.3,-4.8,2.79,-1.1,7.9,0,963.8,38,2.3,4.2,0,0,0,0,0,0,0,239,0,23,96
BER,2011,3,21,0,0.5,65.6,4.1,-5.2,2.66,-1.5,7.1,0,963.5,30,1.4,3.1,0,0,0,0,0,0,0,237,0,21,96
BER,2011,3,21,1,0.3,66.5,4.2,-5.2,2.72,-1.6,7.1,0,963.5,52,1.7,3.5,0,0,0,0,0,0,0,235,0,21,96
BER,2011,3,21,2,-0.2,69.5,4.2,-5.1,2.72,-1.9,6.6,0,963.2,45,2.3,5.3,0,0,0,0,0,0,0,234,0,21,96
BER,2011,3,21,3,-0.6,72.4,4.2,-4.9,2.72,-2.1,6.2,0,963.4,30,1.6,3.4,0,0,0,0,0,0,0,232,0,21,96
BER,2011,3,21,4,-0.9,74,4.3,-4.9,2.79,-2.3,6,0,963.7,36,1.9,4,0,0,0,0,0,0,0,231,0,21,96
BER,2011,3,21,5,-1.5,77.5,4.2,-4.9,2.72,-2.7,5.3,0,963.9,17,1.3,2.9,5,0,5,3,3,3,3,229,0,21,96
BER,2011,3,21,6,-1.3,79,4.4,-4.5,2.85,-2.4,5.8,0,964.2,18,1.6,2.6,137,469,55,31,504,140,31,232,6,21,96
BER,2011,3,21,7,1.1,69.2,4.6,-3.9,2.98,-0.7,8.5,0,964.4,36,1.7,4.6,322,736,78,50,738,357,50,235,0,21,96
BER,2011,3,21,8,3,62.2,4.7,-3.5,3.05,0.5,10.6,0,964.7,31,3.2,7.8,490,832,96,69,730,554,68,240,0,21,96
BER,2011,3,21,9,4.8,58.2,5,-2.7,3.24,1.8,12.9,0,964.7,40,3.6,8.6,626,890,106,83,617,714,82,245,0,21,96
BER,2011,3,21,10,6.3,51.9,4.9,-2.8,3.18,2.6,14.3,0,964.4,32,5.2,11.1,717,930,108,91,430,822,91,240,0,21,96
BER,2011,3,21,11,7.5,42.8,4.4,-4.3,2.85,2.8,14.7,0,964.1,46,5.6,12.1,750,939,110,95,177,860,158,213,0,21,96
BER,2011,3,21,12,8.5,39.1,4.4,-4.6,2.85,3.3,15.7,0,963.8,50,5.4,11.5,724,926,111,92,95,828,397,217,0,21,96
BER,2011,3,21,13,9.3,33.7,3.9,-5.9,2.53,3.4,15.7,0,963.5,49,6,12.8,641,888,110,85,87,728,590,216,0,21,96
BER,2011,3,21,14,9.7,34.4,4.1,-5.2,2.66,3.8,16.4,0,963.4,53,5.2,11.8,510,826,103,72,74,573,711,215,0,21,96
BER,2011,3,21,15,9.8,35.2,4.2,-4.8,2.72,3.9,16.7,0,963.3,62,4.5,10.6,347,739,84,54,55,382,734,214,0,21,96
BER,2011,3,21,16,9.4,36.2,4.2,-4.8,2.72,3.7,16.3,0,963.3,59,3.3,8.3,166,540,59,34,34,172,576,213,0,21,96
BER,2011,3,21,17,8.2,38.5,4.2,-5.1,2.72,3,15.1,0,964,55,2.8,8,19,105,12,7,7,16,114,218,0,21,96
BER,2011,3,21,18,6.9,42.3,4.2,-5,2.72,2.3,13.8,0,964.4,58,1.3,4.8,0,0,0,0,0,0,0,220,0,21,96
BER,2011,3,21,19,4.9,51.9,4.5,-4.1,2.91,1.4,12.2,0,964.9,351,0.7,1.4,0,0,0,0,0,0,0,250,0,21,96
BER,2011,3,21,20,4.2,54.9,4.5,-4,2.91,1.1,11.5,0,965,66,1,3.7,0,0,0,0,0,0,0,246,0,21,96
BER,2011,3,21,21,4.2,56.2,4.7,-3.7,3.04,1.2,11.8,0,965,43,2,6.9,0,0,0,0,0,0,0,242,0,21,96
BER,2011,3,21,22,3.1,63.2,4.8,-3.2,3.11,0.7,10.9,0,965,23,3.1,5.3,0,0,0,0,0,0,0,239,0,21,96
BER,2011,3,21,23,2.2,67.7,4.8,-3.1,3.11,0.2,10,0,964.9,24,4.3,7.2,0,0,0,0,0,0,0,235,13,21,96
BER,2011,3,22,0,2,67.6,4.8,-3.4,3.11,0,9.8,0,965.2,354,1.3,4.9,0,0,0,0,0,0,0,237,29,21,96
BER,2011,3,22,1,0.9,73.2,4.8,-3.3,3.11,-0.7,8.7,0,965.4,9,0.8,2.1,0,0,0,0,0,0,0,237,19,21,96
BER,2011,3,22,2,-0.7,82.3,4.8,-3.3,3.11,-1.6,7,0,965.6,9,1.3,2,0,0,0,0,0,0,0,232,0,21,96
BER,2011,3,22,3,-1,82.7,4.7,-3.6,3.04,-1.9,6.6,0,966,20,1.5,3.3,0,0,0,0,0,0,0,232,0,21,96
BER,2011,3,22,4,-1.8,86,4.6,-3.8,2.97,-2.5,5.6,0,966.4,13,0.9,1.8,0,0,0,0,0,0,0,231,0,21,96
BER,2011,3,22,5,-2,87.1,4.6,-3.9,2.97,-2.7,5.4,0,966.9,27,0.7,1.6,5,0,5,4,3,4,4,236,16,21,96
BER,2011,3,22,6,-1.8,87.3,4.7,-3.6,3.04,-2.4,5.7,0,967.4,18,0.6,1.4,137,426,62,35,467,132,35,244,35,21,96
BER,2011,3,22,7,0.3,80.7,5.1,-2.6,3.3,-0.8,8.5,0,967.8,180,0.1,0.9,324,712,84,53,722,350,53,250,33,21,96
BER,2011,3,22,8,2.7,71.8,5.3,-1.9,3.42,0.9,11.3,0,968.1,333,0.3,1.6,488,797,107,73,713,539,72,262,35,21,96
BER,2011,3,22,9,4.9,62,5.4,-1.8,3.49,2.2,13.7,0,968.1,360,1.6,3.3,630,890,105,84,616,710,84,273,29,21,96
BER,2011,3,22,10,6.5,58.6,5.7,-1,3.68,3.3,15.8,0,968.1,360,2.1,4.3,717,931,102,92,426,814,91,259,29,21,96
BER,2011,3,22,11,8.2,54.3,5.9,-0.5,3.82,4.4,17.8,0,967.8,356,2.7,6.3,738,892,125,99,183,833,163,259,23,21,96
BER,2011,3,22,12,9.6,50.4,6,-0.2,3.88,5.2,19.4,0,967.2,360,2.6,6.8,721,918,108,93,96,816,395,251,19,21,96
BER,2011,3,22,13,11,48.2,6.3,0.5,4.08,6.2,21.3,0,966.8,7,3.4,7.4,639,887,104,85,87,719,587,261,29,21,96
BER,2011,3,22,14,12.2,46.2,6.5,1,4.21,6.9,22.9,0,966.3,19,3.4,7.3,505,808,103,73,75,559,697,248,33,21,96
BER,2011,3,22,15,12.3,44.6,6.4,0.6,4.15,6.8,22.8,0,966.1,11,4.3,8.5,346,731,83,55,56,375,727,257,25,21,96
BER,2011,3,22,16,11.9,43.9,6.1,0,3.95,6.4,21.9,0,966.2,18,4.1,7.2,165,515,59,35,35,165,552,238,29,21,96
BER,2011,3,22,17,10.7,47.1,6.1,-0.1,3.95,5.8,20.7,0,966.5,35,3.9,7.4,16,47,12,7,7,11,55,250,29,21,96
BER,2011,3,22,18,9.2,50.1,5.8,-0.6,3.75,4.9,18.7,0,967.2,35,2.5,7,0,0,0,0,0,0,0,258,48,21,96
BER,2011,3,22,19,7.4,56,5.8,-0.8,3.75,3.9,16.9,0,967.6,349,0.5,2,0,0,0,0,0,0,0,290,75,21,96
BER,2011,3,22,20,4.6,69.9,5.9,-0.4,3.81,2.5,14.2,0,967.9,8,0.7,1.8,0,0,0,0,0,0,0,250,43,21,96
BER,2011,3,22,21,4.2,70.3,5.8,-0.7,3.75,2.2,13.6,0,968,39,1.3,3.3,0,0,0,0,0,0,0,268,20,21,96
BER,2011,3,22,22,3.1,77.4,5.9,-0.5,3.81,1.6,12.7,0,968,25,2.3,3.5,0,0,0,0,0,0,0,264,6,21,96
BER,2011,3,22,23,2.4,79.9,5.8,-0.7,3.75,1.1,11.8,0,968.2,34,1.6,2.9,0,0,0,0,0,0,0,261,0,21,96
BER,2011,3,23,0,1.7,82.7,5.7,-0.9,3.68,0.7,10.9,0,968.2,45,0.2,1,0,0,0,0,0,0,0,258,0,21,96
BER,2011,3,23,1,0.7,86.7,5.6,-1.3,3.62,-0.1,9.7,0,968.3,14,0.5,1.5,0,0,0,0,0,0,0,256,0,21,96
BER,2011,3,23,2,0.6,86.3,5.5,-1.4,3.55,-0.2,9.5,0,968.1,45,0.6,1.3,0,0,0,0,0,0,0,253,0,21,96
BER,2011,3,23,3,-0.2,88.4,5.4,-1.9,3.49,-0.8,8.5,0,968.1,27,0.9,2,0,0,0,0,0,0,0,251,0,21,96
BER,2011,3,23,4,-0.2,88.7,5.4,-1.8,3.49,-0.8,8.5,0,968.3,27,0.5,1.1,0,0,0,0,0,0,0,249,0,21,96
BER,2011,3,23,5,-0.5,89,5.2,-2.1,3.36,-1.1,7.9,0,968.8,34,0.4,1.4,6,0,6,4,4,4,4,247,16,21,96
BER,2011,3,23,6,-0.3,87.9,5.3,-2.1,3.42,-1,8.2,0,969.2,45,0.2,0.8,145,478,56,32,515,140,32,251,13,21,96
BER,2011,3,23,7,2.4,82.3,6,-0.3,3.87,1.3,12.1,0,969.7,270,0.2,0.9,328,720,80,51,724,348,51,256,0,21,96
BER,2011,3,23,8,5.9,65.6,6.1,0,3.94,3.4,15.8,0,969.9,360,1.2,4,496,831,93,68,725,544,68,252,0,21,96
BER,2011,3,23,9,8.3,58.8,6.4,0.7,4.13,4.9,18.7,0,969.5,16,2.5,5.3,628,876,106,83,607,696,82,225,0,21,96
BER,2011,3,23,10,10.2,53.4,6.7,1.2,4.33,6,21.2,0,968.8,2,3.1,5.9,716,908,111,91,422,799,91,236,0,21,96
BER,2011,3,23,11,11.9,48.3,6.7,1.3,4.33,6.9,22.9,0,968.4,7,3.1,6.9,751,929,108,94,173,841,158,250,0,21,96
BER,2011,3,23,12,13.6,42.2,6.6,1,4.27,7.6,24.5,0,968,28,3.9,7.9,724,914,110,92,94,809,393,257,0,21,96
BER,2011,3,23,13,14.3,36.9,6,-0.2,3.88,7.5,24.2,0,967.6,39,4.8,9.9,641,875,109,84,86,709,584,254,0,21,96
BER,2011,3,23,14,15.1,34.9,6,-0.3,3.88,7.8,25,0,967.2,45,4.3,9.3,511,818,101,72,73,557,705,251,0,21,96
BER,2011,3,23,15,14.8,34.6,5.8,-0.7,3.75,7.6,24.4,0,966.8,44,5.8,11.4,348,723,86,55,55,368,722,248,0,21,96
BER,2011,3,23,16,14.6,34.7,5.8,-0.8,3.75,7.5,24.2,0,967,41,5.4,11.3,170,540,59,34,34,166,576,251,0,21,96
BER,2011,3,23,17,13.6,38.6,6,-0.2,3.88,7.2,23.5,0,967.2,47,2.5,8,21,93,13,8,7,15,103,243,0,21,96
BER,2011,3,23,18,10.9,48.4,6.3,0.4,4.08,6.1,21.2,0,967.6,47,2.4,4.2,0,0,0,0,0,0,0,239,0,21,96
BER,2011,3,23,19,8.1,61.2,6.6,1.1,4.27,4.9,18.9,0,967.8,43,2.3,5.1,0,0,0,0,0,0,0,233,0,21,96
BER,2011,3,23,20,6,69.8,6.5,0.9,4.21,3.8,16.6,0,967.9,10,1.3,2.9,0,0,0,0,0,0,0,231,0,21,96
BER,2011,3,23,21,4.8,74.8,6.5,0.7,4.21,3,15.4,0,967.7,30,1.5,2.9,0,0,0,0,0,0,0,229,0,21,96
BER,2011,3,23,22,4.5,77,6.5,0.8,4.21,2.9,15.1,0,967.8,352,0.7,1.8,0,0,0,0,0,0,0,262,26,21,96
BER,2011,3,23,23,3.4,81.3,6.4,0.5,4.14,2.2,13.8,0,967.7,355,1.2,2,0,0,0,0,0,0,0,288,45,21,96
BER,2011,3,24,0,2.8,82.2,6.1,0.1,3.95,1.7,12.7,0,967.7,45,0.4,1.3,0,0,0,0,0,0,0,262,0,21,96
BER,2011,3,24,1,2.4,84.2,6.1,0,3.95,1.4,12.3,0,967.5,0,0.3,1.2,0,0,0,0,0,0,0,260,0,21,96
BER,2011,3,24,2,2.2,83.5,6,-0.3,3.88,1.2,11.9,0,967.2,180,0.3,0.9,0,0,0,0,0,0,0,258,0,21,96
BER,2011,3,24,3,1.7,84.8,5.9,-0.6,3.82,0.8,11.2,0,967.4,180,0.4,1.3,0,0,0,0,0,0,0,257,0,21,96
BER,2011,3,24,4,1.1,87,5.8,-0.8,3.75,0.3,10.5,0,967.5,198,0.4,0.9,0,0,0,0,0,0,0,255,0,21,96
BER,2011,3,24,5,1,87.2,5.7,-0.9,3.69,0.2,10.2,0,967.7,207,0.5,1,6,0,6,4,4,4,4,259,10,21,96
BER,2011,3,24,6,0.9,88.2,5.8,-0.8,3.75,0.2,10.3,0,968,180,0.3,1.1,150,475,60,34,515,139,34,263,13,21,96
BER,2011,3,24,7,3.4,81.7,6.3,0.6,4.07,2.2,13.6,0,968.2,239,0.6,1.4,340,748,78,51,748,355,51,265,0,21,96
BER,2011,3,24,8,6.7,74.5,7.3,2.5,4.73,4.8,18.6,0,968.2,360,0.3,1,502,832,94,68,726,542,68,237,0,21,96
BER,2011,3,24,9,9.6,62.7,7.5,2.8,4.86,6.4,21.9,0,967.8,270,0.4,1.8,634,881,105,82,608,695,82,230,0,21,96
BER,2011,3,24,10,11.6,56.4,7.7,3.2,4.99,7.5,24.2,0,967.5,281,0.7,2.5,724,923,105,90,420,801,89,240,0,21,96
BER,2011,3,24,11,13.3,50.9,7.8,3.4,5.06,8.4,26.1,0,966.9,11,0.8,2.8,756,933,106,93,172,838,156,252,0,21,96
BER,2011,3,24,12,14.7,48.6,8.1,4,5.26,9.2,28.1,0,966.3,346,0.8,2.9,726,906,113,92,94,800,393,270,0,21,96
BER,2011,3,24,13,15.6,43.1,7.7,3.1,5,9.3,28.3,0,965.6,4,1.4,4.3,642,865,113,85,87,701,582,256,0,21,96
BER,2011,3,24,14,16.3,41.6,7.7,3.2,5,9.6,29.1,0,965,360,1.5,5.1,512,802,106,73,74,548,697,253,0,21,96
BER,2011,3,24,15,16.5,41.8,7.8,3.5,5.07,9.8,29.4,0,964.5,356,1.6,3.6,352,719,88,55,56,364,721,249,0,21,96
BER,2011,3,24,16,16.3,41.8,7.7,3.3,5.01,9.7,29.1,0,963.9,32,1.9,3.7,169,490,62,36,36,158,528,278,33,21,96
BER,2011,3,24,17,14.6,49.2,8.1,4.1,5.27,9.2,28,0,963.6,34,1.5,2.3,15,22,13,8,7,9,30,276,43,21,96
BER,2011,3,24,18,11.1,62.9,8.3,4.3,5.4,7.7,24.8,0,963.7,35,2.2,3.2,0,0,0,0,0,0,0,305,68,21,96
BER,2011,3,24,19,8.8,71.8,8.2,4,5.34,6.5,22.3,0,963.7,9,0.6,2.1,0,0,0,0,0,0,0,287,55,21,96
BER,2011,3,24,20,7.7,75.2,7.9,3.6,5.14,5.7,20.7,0,963.6,180,0.4,1.8,0,0,0,0,0,0,0,268,31,21,96
BER,2011,3,24,21,7.1,75.4,7.6,3.1,4.95,5.2,19.6,0,963.1,180,0.3,1.3,0,0,0,0,0,0,0,266,29,21,96
BER,2011,3,24,22,6.6,77.4,7.6,2.9,4.95,4.9,19.1,0,962.8,198,0.7,1.3,0,0,0,0,0,0,0,250,13,21,96
BER,2011,3,24,23,5.8,81.1,7.5,2.8,4.89,4.4,18.1,0,962.3,180,1.1,1.7,0,0,0,0,0,0,0,259,29,21,96
BER,2011,3,25,0,5.3,83.5,7.4,2.7,4.82,4.1,17.4,0,962.1,190,1.1,1.8,0,0,0,0,0,0,0,275,29,21,96
BER,2011,3,25,1,4.4,85.8,7.2,2.2,4.69,3.4,16.2,0,961.7,186,0.9,1.7,0,0,0,0,0,0,0,285,29,21,96
BER,2011,3,25,2,3.6,87.7,6.9,1.8,4.5,2.8,14.9,0,961.3,186,1,1.8,0,0,0,0,0,0,0,291,38,21,96
BER,2011,3,25,3,3.5,88,6.9,1.7,4.5,2.7,14.8,0,960.9,187,0.8,1.4,0,0,0,0,0,0,0,310,81,21,96
BER,2011,3,25,4,3.1,89.3,6.8,1.5,4.43,2.4,14.2,0,960.5,194,0.8,1.5,0,0,0,0,0,0,0,293,50,21,96
BER,2011,3,25,5,2.1,90.3,6.4,0.7,4.17,1.5,12.5,0,960.3,197,1.1,1.7,6,0,6,4,4,4,4,271,10,21,96
BER,2011,3,25,6,2.6,89,6.6,1,4.3,1.9,13.4,0,960.2,225,0.7,1.6,153,473,60,34,513,138,34,273,0,21,96
BER,2011,3,25,7,5.9,81.8,7.6,3,4.96,4.6,18.4,0,960,225,0.7,1.8,337,726,79,52,729,344,52,248,0,21,96
BER,2011,3,25,8,9.6,64.5,7.7,3.2,5.03,6.5,22.3,0,959.5,204,1.3,3,504,831,91,69,724,537,69,240,0,21,96
BER,2011,3,25,9,12,54.8,7.7,3.2,5.04,7.7,24.8,0,958.6,239,0.6,2,639,895,96,82,609,694,82,244,0,21,96
BER,2011,3,25,10,13.9,47,7.5,2.8,4.91,8.4,26.4,0,957.5,239,0.8,2.9,721,905,109,92,419,788,92,264,6,21,96
BER,2011,3,25,11,15.9,43.8,7.9,3.6,5.18,9.6,29.1,0,956.7,254,1.1,4,757,929,105,95,172,831,157,289,25,21,96
BER,2011,3,25,12,17,39.2,7.6,3,4.99,9.8,29.7,0,955.5,298,1.5,4.1,729,915,106,92,95,798,394,277,19,21,96
BER,2011,3,25,13,17.7,37.1,7.5,2.9,4.93,10.1,30.3,0,954.4,265,1.4,4.8,639,847,118,87,89,688,578,274,6,21,96
BER,2011,3,25,14,18.4,33.8,7.1,2.2,4.67,10.1,30.3,0,953.5,281,1.7,4.6,508,772,113,76,77,534,680,289,29,21,96
BER,2011,3,25,15,18.3,33.6,7.1,2,4.67,10,30.2,0,952.7,270,2.5,7.3,351,707,88,56,57,356,711,267,6,21,96
BER,2011,3,25,16,17.8,33.9,6.9,1.7,4.54,9.7,29.4,0,952.3,264,2.9,5.4,177,551,59,35,35,163,589,259,0,21,96
BER,2011,3,25,17,16.1,42.4,7.8,3.3,5.14,9.6,29.2,0,952.1,259,1.6,5.5,26,117,16,9,9,17,128,256,6,21,96
BER,2011,3,25,18,12.4,58.3,8.3,4.4,5.47,8.4,26.3,0,952.3,45,0.4,1.2,0,0,0,0,0,0,0,286,38,21,96
BER,2011,3,25,19,11.7,61.4,8.4,4.5,5.53,8.1,25.7,0,952.8,153,0.5,1.5,0,0,0,0,0,0,0,289,40,21,96
BER,2011,3,25,20,11.4,56.6,7.6,3.1,5,7.4,24.1,0,952.8,162,0.7,1.8,0,0,0,0,0,0,0,269,0,21,96
BER,2011,3,25,21,9.8,60.4,7.3,2.5,4.8,6.3,21.9,0,952.7,171,1.2,2.3,0,0,0,0,0,0,0,251,6,21,96
BER,2011,3,25,22,8.9,62.4,7.1,2.1,4.67,5.7,20.7,0,952.9,159,1.7,2.7,0,0,0,0,0,0,0,243,0,21,96
BER,2011,3,25,23,7.7,67.2,7,2,4.6,5.1,19.3,0,952.7,168,1.4,3.6,0,0,0,0,0,0,0,241,0,21,96
BER,2011,3,26,0,6.6,70.1,6.8,1.5,4.47,4.3,17.9,0,952.8,163,1.4,2.8,0,0,0,0,0,0,0,250,13,21,96
BER,2011,3,26,1,5.5,74,6.6,1.2,4.34,3.6,16.4,0,952.5,163,1.7,2.5,0,0,0,0,0,0,0,238,0,21,96
BER,2011,3,26,2,5.2,75.6,6.7,1.2,4.41,3.4,16.3,0,952.2,180,1.7,3.5,0,0,0,0,0,0,0,256,0,21,96
BER,2011,3,26,3,4.1,79.8,6.5,0.9,4.28,2.7,14.8,0,951.9,175,1.2,2.3,0,0,0,0,0,0,0,273,0,21,96
BER,2011,3,26,4,3.5,82.6,6.5,0.8,4.28,2.3,14.2,0,951.9,185,1.3,2.9,0,0,0,0,0,0,0,274,20,21,96
BER,2011,3,26,5,3.1,84.4,6.4,0.7,4.21,2.1,13.6,0,951.9,180,0.4,1.5,6,0,6,4,4,4,4,303,75,21,96
BER,2011,3,26,6,3.2,83.9,6.4,0.7,4.21,2.1,13.8,0,951.8,180,0.8,2,105,162,72,41,208,78,42,306,84,21,96
BER,2011,3,26,7,6.4,76.6,7.4,2.6,4.87,4.7,18.7,0,951.8,201,1.5,2.7,169,120,126,72,190,128,72,307,88,21,96
BER,2011,3,26,8,9.2,65.5,7.6,3.1,5,6.3,21.8,0,952.2,198,1.3,2.3,275,77,237,138,206,189,139,328,100,21,96
BER,2011,3,26,9,10.5,55.1,7,1.9,4.61,6.4,22.2,0,952.2,227,2.3,6.3,259,77,209,120,170,188,121,326,100,21,96
BER,2011,3,26,10,13,47.4,7.1,2.1,4.67,7.7,24.9,0,951.9,191,2.4,6.5,614,571,222,134,356,606,134,309,74,21,96
BER,2011,3,26,11,14.7,40.8,6.8,1.5,4.48,8.3,26.1,0,951.3,200,2.6,6.4,626,479,288,157,228,599,220,308,64,21,96
BER,2011,3,26,12,14.8,40.1,6.7,1.4,4.41,8.3,26,0,950.7,230,2.2,6.2,301,116,220,124,122,236,176,338,94,21,96
BER,2011,3,26,13,14.9,37.2,6.3,0.4,4.15,8,25.5,0,950,210,1.6,7.3,194,26,178,105,102,126,125,343,100,21,96
BER,2011,3,26,14,14.5,40.7,6.7,1.3,4.42,8.1,25.7,0,949.7,247,2.9,7,102,1,101,60,59,61,61,343,100,21,96
BER,2011,3,26,15,13,51,7.6,3.1,5.02,8.1,25.7,0,949.5,339,2.7,5.8,98,2,98,58,56,59,61,342,100,21,96
BER,2011,3,26,16,12.1,59.4,8.4,4.4,5.55,8.2,26.2,0,949.2,33,2.1,4.7,60,7,58,35,34,37,41,342,100,21,96
BER,2011,3,26,17,11.6,61.8,8.4,4.5,5.55,8,25.7,0,949.3,22,1.6,2.5,1,0,1,1,1,1,1,342,100,21,96
BER,2011,3,26,18,10.2,71.4,8.9,5.3,5.89,7.7,25.1,0,949.5,10,1.7,2.5,0,0,0,0,0,0,0,341,100,21,96
BER,2011,3,26,19,9,77.3,8.9,5.2,5.88,7.1,23.8,0,950,11,1.5,2.8,0,0,0,0,0,0,0,314,65,21,96
BER,2011,3,26,20,7.7,81.4,8.6,4.7,5.68,6.2,22,0,950.2,9,1.4,2.7,0,0,0,0,0,0,0,315,71,21,96
BER,2011,3,26,21,7.6,81.7,8.5,4.7,5.61,6.2,21.7,0,950.1,315,0.4,1.4,0,0,0,0,0,0,0,308,64,21,96
BER,2011,3,26,22,7.6,81.4,8.5,4.6,5.62,6.1,21.8,0,949.8,37,0.8,1.8,0,0,0,0,0,0,0,310,94,21,96
BER,2011,3,26,23,7.5,81.2,8.4,4.5,5.55,6,21.5,0,949.6,207,0.3,1.1,0,0,0,0,0,0,0,293,45,21,96
BER,2011,3,27,0,6.3,83.5,8,3.7,5.29,5.1,19.6,0,949.5,27,0.5,1.3,0,0,0,0,0,0,0,317,81,21,96
BER,2011,3,27,1,5.8,85.2,7.9,3.5,5.22,4.7,18.9,0,949.2,162,0.6,1.7,0,0,0,0,0,0,0,316,94,21,96
BER,2011,3,27,2,5.6,85.8,7.8,3.4,5.16,4.6,18.6,0,948.8,207,1.1,2.9,0,0,0,0,0,0,0,329,100,21,96
BER,2011,3,27,3,6.1,83.7,7.9,3.6,5.22,4.9,19.2,0,948.6,180,0.6,1.6,0,0,0,0,0,0,0,328,100,21,96
BER,2011,3,27,4,5.8,85.7,7.9,3.6,5.22,4.8,18.9,0,948.5,198,0.6,1.4,0,0,0,0,0,0,0,325,100,21,96
BER,2011,3,27,5,5.7,85.5,7.8,3.5,5.16,4.7,18.7,0,948.5,203,0.8,1.7,4,0,4,2,2,2,2,324,100,21,96
BER,2011,3,27,6,5.8,85.3,7.9,3.5,5.23,4.7,18.9,0,948.3,211,0.7,1.5,105,110,83,48,160,73,48,321,81,21,96
BER,2011,3,27,7,7.1,80.4,8.1,4,5.36,5.6,20.6,0,948.4,207,0.4,1.7,158,49,142,83,131,104,84,331,100,21,96
BER,2011,3,27,8,9.4,68.6,8.1,3.9,5.36,6.7,22.9,0,948.5,180,0.9,1.9,294,102,243,141,230,208,141,335,100,21,96
BER,2011,3,27,9,10.5,61.3,7.8,3.4,5.16,7,23.5,0,948.5,270,0.6,1.4,351,79,302,176,231,242,177,339,100,21,96
BER,2011,3,27,10,12.1,59.9,8.5,4.6,5.63,8.3,26.4,0,948.1,5,1.2,3.1,499,232,339,189,305,408,189,343,100,21,96
BER,2011,3,27,11,13.1,56.3,8.5,4.6,5.63,8.8,27.4,0,947.3,352,2.3,4.8,616,444,300,161,232,578,224,347,100,21,96
BER,2011,3,27,12,13.6,55.5,8.6,4.9,5.7,9.1,28.1,0,946.7,16,2.5,4.5,425,120,342,196,192,311,256,349,100,21,96
BER,2011,3,27,13,13.5,55.6,8.6,4.8,5.71,9,28,0,946.2,15,2,3.8,351,75,304,177,173,241,232,348,100,21,96
BER,2011,3,27,14,14,54.1,8.7,4.9,5.77,9.3,28.7,0,946,19,2.2,4.5,205,17,197,117,114,127,132,348,100,21,96
BER,2011,3,27,15,14,53.1,8.5,4.6,5.64,9.2,28.3,0,945.8,13,1.8,3.4,153,18,146,86,84,95,104,347,100,21,96
BER,2011,3,27,16,13.4,55.8,8.6,4.8,5.71,9,27.9,0,945.9,340,2.1,4.7,69,13,66,39,38,42,52,346,100,21,96
BER,2011,3,27,17,12.2,58.4,8.3,4.3,5.5,8.2,26.1,0,946.3,335,3.3,5.3,11,5,10,6,6,6,11,346,100,21,96
BER,2011,3,27,18,11.2,66.7,8.9,5.2,5.9,8.1,26.1,0,946.6,351,2.7,4.8,0,0,0,0,0,0,0,345,100,21,96
BER,2011,3,27,19,10.5,72.3,9.2,5.7,6.1,8,25.9,0,947,11,1.1,3.3,0,0,0,0,0,0,0,344,100,21,96
BER,2011,3,27,20,9.8,80.8,9.8,6.7,6.5,8.2,26.2,0,947.1,0,0.4,1.8,0,0,0,0,0,0,0,343,100,21,96
BER,2011,3,27,21,9.8,83.5,10.1,7.1,6.7,8.4,26.7,0,947.3,194,0.6,1.9,0,0,0,0,0,0,0,342,100,21,96
BER,2011,3,27,22,9.4,79.4,9.3,6,6.17,7.7,25,0.1,947.2,297,0.3,1.4,0,0,0,0,0,0,0,341,100,21,96
BER,2011,3,27,23,8.9,83.6,9.5,6.3,6.3,7.6,24.8,0,947.2,135,0.4,1.8,0,0,0,0,0,0,0,340,100,21,96
BER,2011,3,28,0,8.8,80.5,9.1,5.6,6.03,7.2,24,0,947,201,0.9,2.2,0,0,0,0,0,0,0,339,100,21,96
BER,2011,3,28,1,8.6,80.7,9,5.5,5.97,7,23.7,0,946.8,288,0.3,1.2,0,0,0,0,0,0,0,338,100,21,96
BER,2011,3,28,2,8.4,82.4,9.1,5.6,6.04,7,23.6,0,946.6,297,0.2,1.3,0,0,0,0,0,0,0,338,100,21,96
BER,2011,3,28,3,8.4,84.4,9.3,5.9,6.17,7.1,24,0,946.6,194,0.4,1.3,0,0,0,0,0,0,0,338,100,21,96
BER,2011,3,28,4,8.3,85.9,9.4,6.1,6.24,7.2,24,0,946.8,225,0.3,0.8,0,0,0,0,0,0,0,337,100,21,96
BER,2011,3,28,5,8.2,87,9.4,6.2,6.24,7.2,23.9,0.1,947.1,207,0.5,0.9,4,0,4,2,2,2,2,337,100,21,96
BER,2011,3,28,6,8.3,86.5,9.5,6.2,6.3,7.2,24.2,0,947.5,180,0.3,1,36,0,36,22,21,22,22,337,100,21,96
BER,2011,3,28,7,8.4,86.3,9.5,6.2,6.3,7.3,24.3,0.1,947.9,270,0.3,0.9,88,0,88,52,51,52,52,339,100,21,96
BER,2011,3,28,8,8.6,85.2,9.5,6.3,6.29,7.4,24.5,0,948.3,270,0.4,1.3,144,0,144,86,83,85,86,341,100,21,96
BER,2011,3,28,9,9,82.3,9.4,6.1,6.22,7.5,24.7,0,948.7,270,0.5,1.4,70,0,70,42,41,42,42,343,100,21,96
BER,2011,3,28,10,9.4,80.5,9.5,6.2,6.29,7.8,25.3,0,949,342,0.6,2.1,45,0,45,27,26,27,27,344,100,21,96
BER,2011,3,28,11,9.7,81.1,9.8,6.6,6.49,8.1,26.1,0,948.9,356,1.4,2.7,72,0,72,43,42,43,43,346,100,21,96
BER,2011,3,28,12,10.6,79.7,10.2,7.2,6.76,8.8,27.7,0,948.9,3,1.8,3.5,229,24,212,125,122,147,139,347,100,21,96
BER,2011,3,28,13,11.7,72.1,9.9,6.8,6.56,9.1,28.3,0,948.7,17,2.2,4.8,223,6,219,131,127,135,136,346,100,21,96
BER,2011,3,28,14,12.1,69.1,9.8,6.6,6.49,9.2,28.5,0,948.4,9,1.5,4.1,304,183,212,123,120,236,286,336,88,21,96
BER,2011,3,28,15,12.5,65.1,9.4,6.1,6.23,9.1,28.3,0,948.6,18,2,4.9,117,114,80,46,45,88,161,331,81,21,96
BER,2011,3,28,16,12.6,64,9.3,6,6.16,9.1,28.2,0,948.7,13,1.9,4.2,149,269,83,48,48,115,321,330,53,21,96
BER,2011,3,28,17,11.4,75.6,10.2,7.2,6.76,9.2,28.5,0,949.3,19,2.5,4.3,4,0,4,2,2,2,2,334,54,21,96
BER,2011,3,28,18,9.9,80.9,9.9,6.8,6.55,8.3,26.4,0,950,27,3.2,5.1,0,0,0,0,0,0,0,298,54,21,96
BER,2011,3,28,19,9.1,83.5,9.6,6.5,6.35,7.8,25.1,0,950.4,20,2.6,4.6,0,0,0,0,0,0,0,312,88,21,96
BER,2011,3,28,20,9,85,9.7,6.6,6.41,7.8,25.2,0,950.7,76,0.5,1.8,0,0,0,0,0,0,0,337,100,21,96
BER,2011,3,28,21,8.1,88.6,9.5,6.3,6.28,7.2,23.9,0,950.7,27,0.4,1,0,0,0,0,0,0,0,322,81,21,96
BER,2011,3,28,22,7.5,89.4,9.3,5.9,6.14,6.7,23,0,950.9,117,0.3,0.9,0,0,0,0,0,0,0,298,65,21,96
BER,2011,3,28,23,6,92.4,8.7,4.9,5.74,5.5,20.4,0,950.9,9,0.6,1.2,0,0,0,0,0,0,0,306,41,21,96
BER,2011,3,29,0,4.7,93.5,8,3.7,5.28,4.2,18,0,950.9,27,0.5,1.5,0,0,0,0,0,0,0,280,0,21,96
BER,2011,3,29,1,4.4,93.6,7.8,3.5,5.15,4,17.3,0,950.7,117,0.5,1.3,0,0,0,0,0,0,0,285,20,21,96
BER,2011,3,29,2,4.1,94.1,7.7,3.2,5.08,3.7,16.8,0,950.4,270,0.1,0.8,0,0,0,0,0,0,0,275,0,21,96
BER,2011,3,29,3,3,93.7,7.1,2.1,4.68,2.6,14.7,0,950.4,180,0.2,1,0,0,0,0,0,0,0,273,0,21,96
BER,2011,3,29,4,2.3,93.9,6.8,1.4,4.48,1.9,13.5,0,950.5,360,0.4,1,0,0,0,0,0,0,0,271,0,21,96
BER,2011,3,29,5,2.6,95.3,7,1.9,4.61,2.3,14.2,0,950.8,360,0.2,0.8,22,68,15,9,78,13,9,271,0,21,96
BER,2011,3,29,6,3,95,7.2,2.3,4.74,2.7,14.9,0,951.3,270,0.1,0.8,181,546,61,36,588,147,36,272,6,21,96
BER,2011,3,29,7,5.6,88,8,3.8,5.27,4.8,18.9,0,951.4,297,0.3,1.1,363,742,84,56,748,344,56,275,0,21,96
BER,2011,3,29,8,7.7,84.9,8.9,5.3,5.87,6.5,22.5,0,951.4,15,1.7,3.6,526,818,101,74,721,528,73,245,0,21,96
BER,2011,3,29,9,8.5,83.1,9.2,5.8,6.07,7.1,23.8,0,951.3,10,3.4,5.6,660,884,105,86,607,682,86,248,0,21,96
BER,2011,3,29,10,10.6,75.9,9.7,6.5,6.41,8.5,26.8,0,951.1,14,3.4,5.5,750,932,101,94,418,787,93,251,0,21,96
BER,2011,3,29,11,12.4,66.5,9.6,6.3,6.34,9.2,28.5,0,950.9,13,3.1,5.7,776,925,110,98,174,816,165,260,0,21,96
BER,2011,3,29,12,13.7,59.2,9.3,5.9,6.15,9.6,29.3,0,950.5,16,3.3,6.3,744,894,118,97,99,777,405,262,0,21,96
BER,2011,3,29,13,14.9,44.6,7.5,3,4.95,8.9,27.5,0,949.7,29,2.8,5.4,662,868,112,88,90,683,592,256,0,21,96
BER,2011,3,29,14,15,41.8,7.1,2.1,4.69,8.6,26.9,0,949.1,4,1.7,4.6,533,814,104,75,77,534,711,272,0,21,96
BER,2011,3,29,15,15.6,36.1,6.4,0.6,4.22,8.4,26.4,0,948.7,12,1.5,4.7,371,732,87,57,58,351,736,260,0,21,96
BER,2011,3,29,16,15.3,34.4,6,-0.3,3.96,7.9,25.4,0,948.5,360,1.7,3.7,193,564,64,38,38,157,607,286,20,21,96
BER,2011,3,29,17,13.9,42.3,6.7,1.3,4.42,7.8,25.1,0,948.8,17,1.7,3.2,23,44,18,11,10,13,56,299,40,21,96
BER,2011,3,29,18,9.6,62.5,7.4,2.8,4.89,6.4,21.9,0,949.4,29,1.3,1.9,0,0,0,0,0,0,0,320,50,21,96
BER,2011,3,29,19,8.8,66.1,7.5,2.8,4.95,6,21.3,0,950.2,135,0.5,1.8,0,0,0,0,0,0,0,329,94,21,96
BER,2011,3,29,20,9.7,65.7,7.9,3.6,5.22,6.7,22.9,0,950.1,108,0.5,1.4,0,0,0,0,0,0,0,338,100,21,96
BER,2011,3,29,21,9.3,72.1,8.4,4.5,5.55,6.9,23.3,0,950.4,166,0.6,1.7,0,0,0,0,0,0,0,336,100,21,96
BER,2011,3,29,22,9.2,72.5,8.4,4.5,5.55,6.9,23.2,0,950.5,135,0.4,1.6,0,0,0,0,0,0,0,335,100,21,96
BER,2011,3,29,23,9,73.9,8.5,4.6,5.61,6.8,23.2,0,950.6,189,0.7,2,0,0,0,0,0,0,0,333,100,21,96
BER,2011,3,30,0,9.2,77.6,9,5.5,5.94,7.3,24.2,0.2,951,217,1.5,3.9,0,0,0,0,0,0,0,332,100,21,97
BER,2011,3,30,1,8.9,85.9,9.8,6.7,6.48,7.8,25.2,0,951,216,1.4,3.9,0,0,0,0,0,0,0,333,100,21,97
BER,2011,3,30,2,8.9,87.8,10,7,6.61,7.9,25.6,0.1,951.1,221,1,2.7,0,0,0,0,0,0,0,325,94,21,97
BER,2011,3,30,3,8.6,87.3,9.8,6.6,6.47,7.6,24.9,0.1,951.5,233,2,4.8,0,0,0,0,0,0,0,335,100,21,97
BER,2011,3,30,4,7.9,87.7,9.3,6,6.14,6.9,23.4,2,952.1,225,1.6,4.1,0,0,0,0,0,0,0,335,100,21,97
BER,2011,3,30,5,7.6,88.2,9.2,5.8,6.07,6.7,22.9,0.3,952.6,153,0.5,1.3,3,0,3,2,2,2,2,336,100,21,97
BER,2011,3,30,6,7.8,88.9,9.4,6.1,6.19,6.9,23.4,0.1,953.3,187,0.9,1.8,90,30,83,49,78,56,49,337,100,21,97
BER,2011,3,30,7,8.4,86,9.5,6.2,6.26,7.3,24.2,0,953.8,195,1.2,2.4,142,11,138,82,90,86,82,339,100,21,97
BER,2011,3,30,8,9,86.3,9.9,6.8,6.52,7.9,25.5,0,954,214,1.5,3,280,105,221,127,214,202,128,341,94,21,97
BER,2011,3,30,9,10,79.3,9.7,6.6,6.39,8.2,26.1,0,954.4,234,1.9,3.8,231,16,221,130,140,143,131,343,100,21,97
BER,2011,3,30,10,10.6,73,9.3,6,6.12,8.2,26.1,0,954.4,232,1.9,4.3,125,0,125,74,72,74,75,345,100,21,97
BER,2011,3,30,11,11.4,67.6,9.1,5.6,5.99,8.4,26.6,0,954.1,225,1.6,3.8,277,15,266,157,158,171,158,346,100,21,97
BER,2011,3,30,12,12.4,64.7,9.3,5.9,6.12,9,27.9,0,953.8,216,1.5,3.7,390,121,306,177,173,283,247,342,94,21,97
BER,2011,3,30,13,12.9,59.2,8.8,5.1,5.8,8.9,27.6,0,953.3,231,1.4,4.5,404,266,241,140,138,332,331,332,88,21,97
BER,2011,3,30,14,13.2,56.6,8.6,4.8,5.66,8.9,27.6,0,953.2,247,2.9,7.1,217,91,167,95,93,159,176,341,94,21,97
BER,2011,3,30,15,13.2,57.3,8.7,5,5.73,9,27.7,0,953.4,254,3.3,7.3,88,9,85,50,49,54,60,346,100,21,97
BER,2011,3,30,16,13,56.9,8.5,4.7,5.59,8.8,27.2,0,953.5,246,2.3,5.8,172,425,81,47,46,127,481,310,48,21,97
BER,2011,3,30,17,11.8,60.8,8.4,4.5,5.52,8.1,25.8,0,954.1,262,1.5,4.3,39,147,24,15,13,20,165,307,54,21,97
BER,2011,3,30,18,10.5,68,8.6,4.9,5.65,7.7,24.8,0,954.6,173,0.9,2.8,0,0,0,0,0,0,0,339,100,21,97
BER,2011,3,30,19,10.2,72.6,9,5.5,5.92,7.8,25.2,0,955.2,159,1.4,2.7,0,0,0,0,0,0,0,343,100,21,97
BER,2011,3,30,20,9.6,76.2,9.1,5.6,5.98,7.6,24.7,0,955.4,171,1.9,3.7,0,0,0,0,0,0,0,326,88,21,97
BER,2011,3,30,21,8.8,79.3,9,5.4,5.91,7.1,23.7,0,955.5,177,1.9,3.7,0,0,0,0,0,0,0,326,81,21,97
BER,2011,3,30,22,8.7,79.6,9,5.4,5.91,7,23.6,0,955.6,167,1.9,3.4,0,0,0,0,0,0,0,339,100,21,97
BER,2011,3,30,23,8.6,80.5,9,5.4,5.91,7,23.5,0,955.8,192,1.5,2.7,0,0,0,0,0,0,0,338,100,21,97
BER,2011,3,31,0,8.5,82.8,9.1,5.7,5.98,7.1,23.6,0,956.2,201,0.9,2.4,0,0,0,0,0,0,0,337,100,21,97
BER,2011,3,31,1,8.6,83.3,9.3,5.9,6.11,7.2,24,0,956.1,169,1.7,3.4,0,0,0,0,0,0,0,337,100,21,97
BER,2011,3,31,2,8.6,83.5,9.3,6,6.11,7.3,24,0,956.1,180,1.1,2.3,0,0,0,0,0,0,0,337,100,21,97
BER,2011,3,31,3,8.6,83.3,9.3,5.9,6.11,7.2,24,0,956.3,170,1.2,2.8,0,0,0,0,0,0,0,332,94,21,97
BER,2011,3,31,4,8.6,80,8.9,5.3,5.84,7,23.3,0,956.3,158,1.8,3.2,0,0,0,0,0,0,0,310,63,21,97
BER,2011,3,31,5,8.4,80.8,8.9,5.3,5.84,6.9,23.1,0,956.6,180,1.6,3.7,13,4,12,7,12,7,7,323,81,21,97
BER,2011,3,31,6,8.5,78.1,8.7,4.9,5.71,6.7,22.9,0,957.1,180,1.9,4.2,183,483,67,39,527,141,39,301,41,21,97
BER,2011,3,31,7,9.6,75,9,5.4,5.9,7.5,24.5,0,957.2,155,3.7,5.7,313,501,123,73,551,267,73,317,69,21,97
BER,2011,3,31,8,11.3,66.6,8.9,5.3,5.84,8.2,26.1,0,957.2,165,2.4,4.7,374,260,235,130,358,302,130,334,88,21,97
BER,2011,3,31,9,12.8,62.9,9.3,5.9,6.1,9.2,28.3,0,957,229,2.1,4.5,392,140,304,173,278,286,174,346,100,21,97
BER,2011,3,31,10,12.7,66.4,9.7,6.6,6.37,9.5,28.8,0,957.3,273,2.2,4.3,193,0,193,114,111,114,115,349,100,21,97
BER,2011,3,31,11,12.2,71.5,10.2,7.2,6.7,9.5,29.2,0.2,957.7,264,1.9,5.8,194,0,194,115,112,114,115,352,100,21,97
BER,2011,3,31,12,11.9,77.6,10.8,8.1,7.09,9.8,29.9,0.2,957.9,242,2.9,6,173,0,173,103,100,102,103,354,100,21,97
BER,2011,3,31,13,11.6,82.2,11.2,8.7,7.36,10,30.2,0.8,958.2,221,2.7,7.2,93,0,93,55,53,55,55,353,100,21,97
BER,2011,3,31,14,11.4,86.8,11.7,9.3,7.69,10.2,30.8,1.2,958.6,228,1.4,3.2,63,0,63,37,36,37,38,353,100,21,97
BER,2011,3,31,15,11.4,89.2,12,9.7,7.88,10.5,31.3,0.6,959,223,1.7,4.4,51,0,51,30,30,30,31,353,100,21,97
BER,2011,3,31,16,11.4,89.5,12.1,9.8,7.92,10.5,31.4,0.1,959.3,212,2.6,5,14,0,14,8,8,8,8,353,100,21,97
BER,2011,3,31,17,11.4,89.8,12.1,9.8,7.92,10.5,31.4,0,959.7,227,2,3.4,2,0,2,1,1,1,1,352,100,21,97
BER,2011,3,31,18,11.2,89.5,11.9,9.6,7.8,10.3,30.9,0,960.2,260,1.3,3.1,0,0,0,0,0,0,0,352,100,21,97
BER,2011,3,31,19,11.1,89.2,11.8,9.4,7.72,10.2,30.6,0,960.7,248,1.1,3.2,0,0,0,0,0,0,0,344,94,21,97
BER,2011,3,31,20,10.8,88.6,11.5,9,7.55,9.9,29.9,0,960.1,193,0.9,2.3,0,0,0,0,0,0,0,351,100,21,97
BER,2011,3,31,21,10.4,87.8,11.1,8.5,7.29,9.4,28.8,0,958.6,175,1.2,2.7,0,0,0,0,0,0,0,351,100,21,97
BER,2011,3,31,22,10,86.3,10.7,7.8,7.01,8.8,27.7,0,957.1,180,0.9,1.9,0,0,0,0,0,0,0,346,94,21,97
BER,2011,3,31,23,9.4,84.3,10.1,6.9,6.62,8.1,26.1,0,954.5,163,1.3,2.7,0,0,0,0,0,0,0,344,90,21,97
BER,2023,4,1,0,8.9,82.3,9.5,6,6.25,7.4,24.6,1.7,951.9,213,4,9.4,0,0,0,0,0,0,0,319,88,21,97
BER,2023,4,1,1,8.3,80.1,8.9,5.1,5.87,6.7,23.1,0.1,949.2,220,5.2,10.4,0,0,0,0,0,0,0,310,63,21,97
BER,2023,4,1,2,7.9,78.6,8.5,4.4,5.6,6.2,22,0,947.3,216,5.4,13.3,0,0,0,0,0,0,0,301,48,21,97
BER,2023,4,1,3,7.5,77.4,8.1,3.8,5.34,5.7,21,0,945.4,222,5.2,11.5,0,0,0,0,0,0,0,310,74,21,97
BER,2023,4,1,4,7.3,76.1,7.8,3.3,5.17,5.4,20.3,0.2,944.4,219,4.7,11,0,0,0,0,0,0,0,312,73,21,97
BER,2023,4,1,5,7.2,76.6,7.8,3.4,5.18,5.4,20.3,0.1,944.4,224,5.4,10.3,0,0,0,0,0,0,0,301,51,21,97
BER,2023,4,1,6,7.1,78.4,7.9,3.6,5.25,5.4,20.4,0.2,944.4,223,4.3,8.6,14,18,12,7,25,8,7,314,84,21,97
BER,2023,4,1,7,7.3,78.3,8,3.8,5.31,5.6,20.7,0.2,944.6,217,5.4,11.7,124,238,68,40,281,87,41,321,94,21,97
BER,2023,4,1,8,7.8,75.8,8,3.8,5.31,5.9,21.2,0,944.8,224,5.7,14.2,231,161,160,93,244,171,93,325,100,21,97
BER,2023,4,1,9,8,76.4,8.2,4.1,5.44,6.1,21.7,0.1,945.1,224,6.4,14.6,334,194,234,133,309,254,133,326,100,21,97
BER,2023,4,1,10,8.8,71.3,8.1,3.9,5.38,6.4,22.4,0,945.1,224,6.5,13.8,249,9,243,145,147,151,145,328,100,21,97
BER,2023,4,1,11,9.3,69.9,8.2,4.1,5.45,6.8,23.1,0.2,944.7,230,6.7,14.8,456,176,329,186,269,351,186,329,100,21,97
BER,2023,4,1,12,9.9,68.1,8.3,4.3,5.51,7.1,23.8,0,944.7,238,7.4,16.5,423,85,361,209,213,291,233,331,100,21,97
BER,2023,4,1,13,11.4,61.6,8.3,4.3,5.52,7.8,25.4,0,944.4,231,6.9,13.8,507,259,321,182,179,412,301,326,88,21,97
BER,2023,4,1,14,11.3,62,8.3,4.3,5.52,7.8,25.3,0,944,234,6.9,15.5,561,470,257,142,141,506,466,310,71,21,97
BER,2023,4,1,15,11.8,57.1,7.9,3.6,5.25,7.7,25.1,0,943.8,239,5.7,13.1,268,167,177,102,100,208,244,316,78,21,97
BER,2023,4,1,16,8.7,80.3,9,5.5,5.99,7.1,23.8,0.3,944.1,252,3.1,12.3,86,112,48,27,27,66,140,323,90,21,97
BER,2023,4,1,17,9.9,69.6,8.5,4.6,5.65,7.3,24.2,0,944.2,252,3.3,7.8,214,600,71,41,41,160,651,305,44,21,97
BER,2023,4,1,18,9.1,69.4,8,3.8,5.31,6.5,22.5,0,944.6,242,3.1,7.7,45,195,23,17,12,20,214,309,58,21,97
BER,2023,4,1,19,8.2,73.7,8,3.8,5.31,6.1,21.6,0,945.5,225,1.5,4.3,0,0,0,0,0,0,0,299,45,21,97
BER,2023,4,1,20,7.3,79,8.1,3.9,5.37,5.7,20.8,0.6,946.3,293,2.3,7.8,0,0,0,0,0,0,0,316,88,21,97
BER,2023,4,1,21,6.5,87,8.4,4.5,5.57,5.5,20.5,0,946.5,162,1.1,2.2,0,0,0,0,0,0,0,316,84,21,97
BER,2023,4,1,22,6.4,89.5,8.6,4.8,5.7,5.6,20.7,1,946.6,212,1.7,3.6,0,0,0,0,0,0,0,322,100,21,97
BER,2023,4,1,23,6.3,92,8.8,5.1,5.83,5.7,21,0.1,947,197,1.7,4,0,0,0,0,0,0,0,321,100,21,97
BER,2023,4,2,0,6.2,87.6,8.3,4.3,5.5,5.3,20,0.2,947.2,202,2.4,4.6,0,0,0,0,0,0,0,320,100,21,97
BER,2023,4,2,1,6,87.6,8.2,4.1,5.43,5.1,19.7,0,947.2,184,1.5,3.3,0,0,0,0,0,0,0,319,94,23,97
BER,2023,4,2,2,5.9,88.2,8.2,4.1,5.43,5,19.6,0,947.3,187,1.8,3.4,0,0,0,0,0,0,0,293,48,23,97
BER,2023,4,2,3,5.5,90.7,8.2,4.1,5.43,4.8,19.1,0,947.6,189,1.5,3.4,0,0,0,0,0,0,0,294,48,23,97
BER,2023,4,2,4,5.2,89.4,7.9,3.6,5.23,4.5,18.3,0,947.7,172,2.1,4.2,0,0,0,0,0,0,0,291,33,23,97
BER,2023,4,2,5,4.9,90,7.8,3.4,5.16,4.2,17.9,0,948.1,177,2,4.2,0,0,0,0,0,0,0,295,49,23,97
BER,2023,4,2,6,5.3,90,8,3.8,5.29,4.6,18.6,0.1,948.4,180,1.8,3.3,2,0,2,1,1,1,1,316,100,23,97
BER,2023,4,2,7,5.9,91.3,8.5,4.6,5.62,5.3,20,0.1,949,202,1.2,2.8,77,14,73,44,57,48,44,320,100,23,97
BER,2023,4,2,8,6.9,87.7,8.7,5,5.75,6,21.4,0,949.5,194,1.2,2.2,223,118,172,101,215,160,101,323,94,23,97
BER,2023,4,2,9,7.8,84.2,8.9,5.3,5.88,6.6,22.6,0,949.9,215,1.3,2.7,430,352,238,134,443,364,134,325,100,23,97
BER,2023,4,2,10,8.5,80.3,8.9,5.3,5.88,6.9,23.3,0,950.3,259,1.2,2.9,275,72,231,136,192,192,137,328,94,23,97
BER,2023,4,2,11,9.7,75.6,9.1,5.6,6.01,7.6,24.9,0,950.5,257,2.8,5.9,345,29,324,194,204,221,195,330,100,23,97
BER,2023,4,2,12,10.3,72.6,9.1,5.6,6.01,7.9,25.5,0,950.8,270,3.5,9,592,361,326,187,241,512,246,327,94,23,97
BER,2023,4,2,13,10.9,66.9,8.7,5,5.74,7.9,25.4,0,951,265,3.7,6.7,426,103,353,207,202,303,268,316,71,23,97
BER,2023,4,2,14,11.5,62.1,8.4,4.5,5.54,8,25.5,0,951,253,3.6,6.9,675,870,109,96,99,669,597,293,40,23,97
BER,2023,4,2,15,11.7,61.3,8.4,4.5,5.54,8.1,25.7,0,951.3,261,3.3,6.6,335,142,255,148,145,248,275,309,50,23,97
BER,2023,4,2,16,11.9,60.5,8.4,4.5,5.54,8.2,25.9,0,951.4,249,3.1,6.3,370,630,116,73,73,322,670,298,45,23,97
BER,2023,4,2,17,11.7,62.6,8.6,4.8,5.67,8.2,26.1,0,952.1,268,2.9,5.3,105,149,63,36,36,76,191,325,84,23,97
BER,2023,4,2,18,9.5,75,8.9,5.3,5.86,7.4,24.3,1.2,953.1,173,3.7,9.9,2,0,2,1,1,1,1,329,100,23,97
BER,2023,4,2,19,7.7,88.4,9.3,5.9,6.12,6.8,23.1,1.4,953.8,126,1.9,4.9,0,0,0,0,0,0,0,328,100,23,97
BER,2023,4,2,20,7.5,89.6,9.3,5.9,6.12,6.7,22.9,1.8,954.6,118,1.5,3.3,0,0,0,0,0,0,0,327,100,23,97
BER,2023,4,2,21,7.4,89.6,9.2,5.8,6.05,6.6,22.6,0.8,954.9,188,1,2.2,0,0,0,0,0,0,0,327,100,23,97
BER,2023,4,2,22,7.3,92.1,9.4,6.1,6.18,6.7,22.9,0.1,955.2,124,0.9,2,0,0,0,0,0,0,0,326,100,23,97
BER,2023,4,2,23,7.1,93.3,9.4,6.1,6.18,6.6,22.7,0.2,955.1,27,0.5,1.1,0,0,0,0,0,0,0,318,75,23,97
BER,2023,4,3,0,7,92.7,9.3,5.9,6.12,6.5,22.4,0.1,955,41,1.1,2.1,0,0,0,0,0,0,0,309,54,23,97
BER,2023,4,3,1,6.8,93.3,9.2,5.8,6.05,6.3,22,0.2,954.8,10,1.1,2.4,0,0,0,0,0,0,0,324,100,24,97
BER,2023,4,3,2,6.8,93.3,9.2,5.8,6.05,6.3,22,0.1,954.7,31,1.8,6.8,0,0,0,0,0,0,0,322,100,24,97
BER,2023,4,3,3,6.6,93.3,9.1,5.6,5.99,6.1,21.7,0,954.7,26,4.4,8.2,0,0,0,0,0,0,0,319,100,24,97
BER,2023,4,3,4,5.6,92.6,8.4,4.5,5.52,5.1,19.5,0,954.9,29,4.5,9.6,0,0,0,0,0,0,0,315,100,24,97
BER,2023,4,3,5,5,92.6,8.1,3.9,5.32,4.5,18.4,0,955.1,14,3.1,7.5,0,0,0,0,0,0,0,311,100,24,97
BER,2023,4,3,6,4.4,91.9,7.7,3.2,5.05,3.9,17.1,0,955.5,21,3.7,8,3,0,3,2,2,2,2,307,100,24,97
BER,2023,4,3,7,4.1,91.9,7.5,2.9,4.92,3.6,16.4,0,955.8,30,3.4,7.6,41,0,41,25,24,25,25,305,100,24,97
BER,2023,4,3,8,4.3,85.6,7.1,2.1,4.65,3.3,16,0,956,43,2.8,8.3,122,2,121,74,73,74,74,306,100,24,97
BER,2023,4,3,9,5.2,78.1,6.9,1.7,4.52,3.6,16.6,0,956.2,34,3.2,9.3,303,68,266,159,218,204,160,303,94,24,97
BER,2023,4,3,10,4.8,73.1,6.3,0.4,4.12,2.9,15.2,0,956.4,42,4.4,9.8,465,199,334,193,341,360,194,306,78,24,97
BER,2023,4,3,11,6.3,64.9,6.2,0.2,4.06,3.7,16.5,0,956,33,5.2,10.6,568,311,343,197,348,476,198,312,75,24,97
BER,2023,4,3,12,5.6,64.8,5.9,-0.5,3.86,3,15.3,0,955.9,43,5.6,11.7,351,60,306,183,202,241,184,320,94,24,97
BER,2023,4,3,13,5.8,63.9,5.9,-0.5,3.86,3.1,15.5,0,955.5,43,5.5,10.3,210,0,210,127,124,127,128,321,100,24,97
BER,2023,4,3,14,6,59.8,5.6,-1.2,3.67,3,15.2,0,955.4,38,4.6,11.5,242,11,235,142,139,151,151,316,100,24,97
BER,2023,4,3,15,6.2,58.2,5.5,-1.4,3.6,3,15.3,0,955.1,50,4.5,9.7,284,45,259,156,153,186,198,311,100,24,97
BER,2023,4,3,16,6,57.7,5.4,-1.7,3.54,2.8,14.9,0,955,52,4.3,9.4,143,6,141,85,83,88,92,306,100,24,97
BER,2023,4,3,17,5.6,62.9,5.7,-0.9,3.73,2.9,15,0,955,42,4,10.5,56,0,56,34,33,34,34,300,100,24,97
BER,2023,4,3,18,5.1,65.1,5.7,-0.9,3.73,2.6,14.5,0,955.1,49,3.3,8.5,9,0,9,5,5,5,6,294,100,24,97
BER,2023,4,3,19,4.7,64.6,5.5,-1.4,3.6,2.2,13.7,0,955.3,50,3.3,7,0,0,0,0,0,0,0,287,100,24,97
BER,2023,4,3,20,4.3,64,5.3,-1.9,3.47,1.8,13,0,955.3,47,2.6,6.6,0,0,0,0,0,0,0,278,100,24,97
BER,2023,4,3,21,3.6,68.2,5.4,-1.7,3.54,1.5,12.5,0,954.9,50,2.5,6.4,0,0,0,0,0,0,0,267,100,24,97
BER,2023,4,3,22,3,70.1,5.3,-1.9,3.47,1.1,11.7,0,954.6,39,2,8.6,0,0,0,0,0,0,0,257,100,24,97
BER,2023,4,3,23,2.3,69.5,5,-2.7,3.28,0.4,10.5,0,954.4,33,2.2,6.5,0,0,0,0,0,0,0,251,100,24,97
BER,2023,4,4,0,2,65.4,4.6,-3.8,3.01,-0.2,9.5,0,954.4,60,2.2,6.2,0,0,0,0,0,0,0,246,100,24,97
BER,2023,4,4,1,1.4,66.7,4.5,-4.1,2.95,-0.6,8.8,0,954.1,36,1.8,5.3,0,0,0,0,0,0,0,225,0,21,97
BER,2023,4,4,2,0.8,68.1,4.4,-4.4,2.88,-1.1,8,0,954,354,1,5.1,0,0,0,0,0,0,0,223,0,21,97
BER,2023,4,4,3,0.2,69.5,4.3,-4.7,2.82,-1.5,7.2,0,953.9,333,0.9,3.3,0,0,0,0,0,0,0,222,0,21,97
BER,2023,4,4,4,-0.6,73.7,4.3,-4.7,2.82,-2,6.4,0,953.7,360,1,3.1,0,0,0,0,0,0,0,220,0,21,97
BER,2023,4,4,5,-1,77.7,4.4,-4.4,2.88,-2.2,6.2,0,953.8,36,3.7,7.9,0,0,0,0,0,0,0,218,0,21,97
BER,2023,4,4,6,-1.1,78.2,4.4,-4.4,2.88,-2.3,6.1,0,954.2,31,4.8,8.2,40,133,22,14,150,19,14,216,0,21,97
BER,2023,4,4,7,-0.2,73.3,4.4,-4.4,2.88,-1.7,7,0,954.4,31,3.8,9.3,235,700,60,38,743,161,38,217,0,21,97
BER,2023,4,4,8,1.2,66.2,4.4,-4.4,2.88,-0.8,8.4,0,954.5,52,4,9.1,424,836,79,58,830,363,58,222,0,21,97
BER,2023,4,4,9,2.5,61.7,4.5,-4.1,2.95,0,9.9,0,954.5,58,4.8,10.7,594,916,90,76,786,553,75,226,0,21,97
BER,2023,4,4,10,4.4,56,4.7,-3.6,3.08,1.3,12.1,0,954.4,41,4.5,10.6,732,979,88,88,644,709,87,231,0,21,97
BER,2023,4,4,11,5.7,51.1,4.7,-3.6,3.08,2,13.4,0,954.4,52,4.7,10.4,817,1004,89,97,429,806,96,236,0,21,97
BER,2023,4,4,12,6.5,44.5,4.3,-4.7,2.82,2.2,13.6,0,954.3,52,5.5,13.3,842,998,96,100,172,835,172,242,0,21,97
BER,2023,4,4,13,7.3,42.2,4.3,-4.7,2.82,2.6,14.4,0,954.4,38,5.7,11.6,807,969,104,98,101,794,428,244,0,21,97
BER,2023,4,4,14,7.8,39.8,4.2,-5,2.75,2.8,14.7,0,954.2,57,5.8,12.1,719,938,102,90,92,694,632,244,0,21,97
BER,2023,4,4,15,7.9,39.6,4.2,-5,2.75,2.9,14.8,0,954.2,53,5.9,13.1,585,894,93,76,78,542,770,244,0,21,97
BER,2023,4,4,16,7.8,37.8,4,-5.7,2.62,2.6,14.4,0,954.3,60,4.6,10.1,416,817,80,58,59,353,812,243,0,21,97
BER,2023,4,4,17,7.1,38.7,3.9,-6,2.55,2.1,13.5,0,954.4,73,4.1,9.1,232,698,57,37,37,156,737,243,0,21,97
BER,2023,4,4,18,5.9,43,4,-5.7,2.62,1.6,12.5,0,954.4,68,3.2,7.9,52,276,24,26,13,18,295,242,0,21,97
BER,2023,4,4,19,4.6,47.1,4,-5.7,2.62,0.8,11.2,0,954.6,83,1.9,4.1,0,0,0,0,0,0,0,241,0,21,97
BER,2023,4,4,20,3.4,54.1,4.2,-5,2.75,0.3,10.3,0,955,42,1.4,3,0,0,0,0,0,0,0,239,0,21,97
BER,2023,4,4,21,1.5,64.8,4.4,-4.4,2.88,-0.6,8.7,0,955.1,25,1.7,2.8,0,0,0,0,0,0,0,237,0,21,97
BER,2023,4,4,22,0.5,69.6,4.4,-4.4,2.88,-1.3,7.7,0,955.2,28,2.4,4.4,0,0,0,0,0,0,0,235,0,21,97
BER,2023,4,4,23,0.8,66.6,4.3,-4.7,2.81,-1.2,7.8,0,955.2,43,1.7,4.2,0,0,0,0,0,0,0,233,0,21,97
BER,2023,4,5,0,-0.5,73.2,4.3,-4.7,2.81,-2,6.5,0,954.9,30,2.3,4.2,0,0,0,0,0,0,0,231,26,21,97
BER,2023,4,5,1,-0.9,73.7,4.2,-5,2.75,-2.3,5.9,0,954.8,29,2.1,3.9,0,0,0,0,0,0,0,232,6,20,97
BER,2023,4,5,2,-0.8,73.1,4.2,-5,2.75,-2.2,6,0,954.4,23,1.5,3.7,0,0,0,0,0,0,0,245,59,20,97
BER,2023,4,5,3,-0.9,73.7,4.2,-5,2.75,-2.3,5.9,0,954,14,1.7,3.4,0,0,0,0,0,0,0,252,94,20,97
BER,2023,4,5,4,-1.4,76.4,4.2,-5,2.75,-2.6,5.4,0,953.6,13,1.4,3.9,0,0,0,0,0,0,0,249,81,20,97
BER,2023,4,5,5,-1.6,77.6,4.2,-5,2.75,-2.8,5.2,0,953.6,354,0.9,2.1,0,0,0,0,0,0,0,235,16,20,97
BER,2023,4,5,6,-1.8,78.7,4.2,-5,2.75,-2.9,5,0,953.9,6,1.1,2.1,39,112,23,14,130,19,14,236,16,20,97
BER,2023,4,5,7,-0.2,73.3,4.4,-4.4,2.88,-1.7,7,0,954.2,25,1.6,3.9,238,700,58,37,740,157,36,235,6,20,97
BER,2023,4,5,8,2,63.9,4.5,-4.1,2.95,-0.2,9.4,0,954.4,36,2.4,4.5,414,782,90,59,788,345,59,247,39,20,97
BER,2023,4,5,9,4,57.6,4.7,-3.6,3.08,1.1,11.7,0,954.4,32,2.7,6.8,594,933,76,70,781,542,70,244,13,20,97
BER,2023,4,5,10,5.8,53.1,4.9,-3,3.21,2.3,13.9,0,954.3,41,3.1,5.9,726,976,80,83,630,691,82,247,0,20,97
BER,2023,4,5,11,6.7,44.9,4.4,-4.4,2.88,2.4,14,0,954.2,2,3.3,7.7,809,995,83,91,413,784,91,251,0,20,97
BER,2023,4,5,12,7.7,38.9,4.1,-5.4,2.68,2.6,14.5,0,954,360,3.4,7.3,833,985,91,95,165,812,164,256,0,20,97
BER,2023,4,5,13,8.6,31.4,3.5,-7.4,2.29,2.6,14.4,0,953.7,8,3.4,7.7,797,952,102,94,96,771,418,258,0,20,97
BER,2023,4,5,14,9.2,29.2,3.4,-7.8,2.23,2.8,14.8,0,953.4,11,2.8,6.3,708,907,108,87,89,671,616,256,0,20,97
BER,2023,4,5,15,9.5,26.1,3.1,-9,2.03,2.7,14.7,0,952.9,357,2.2,5.8,575,851,103,75,77,521,743,255,0,20,97
BER,2023,4,5,16,9.6,27.6,3.3,-8.2,2.16,3,15.1,0,952.9,16,1.9,5.4,413,800,81,56,58,342,796,253,0,20,97
BER,2023,4,5,17,9.2,33.6,3.9,-6,2.56,3.3,15.7,0,953,25,2.4,5.1,233,692,57,36,36,150,731,251,0,20,97
BER,2023,4,5,18,8.4,34.4,3.8,-6.4,2.49,2.8,14.7,0,953.3,48,1.4,3.1,55,275,24,31,13,14,294,250,0,20,97
BER,2023,4,5,19,5.1,53.3,4.7,-3.6,3.08,1.7,12.8,0,953.7,76,0.9,2,0,0,0,0,0,0,0,248,0,20,97
BER,2023,4,5,20,3.2,60,4.6,-3.8,3.01,0.6,10.8,0,954.1,8,0.8,1.5,0,0,0,0,0,0,0,245,0,20,97
BER,2023,4,5,21,1.9,65.8,4.6,-3.8,3.01,-0.2,9.4,0,954.2,34,0.5,1.3,0,0,0,0,0,0,0,242,0,20,97
BER,2023,4,5,22,1.3,69.8,4.7,-3.6,3.08,-0.5,9,0,954.3,162,0.4,1.1,0,0,0,0,0,0,0,239,0,20,97
BER,2023,4,5,23,1.1,70.8,4.7,-3.6,3.08,-0.6,8.8,0,954.5,180,0.4,1.2,0,0,0,0,0,0,0,237,0,20,97
BER,2023,4,6,0,0.6,75.1,4.8,-3.3,3.14,-0.8,8.4,0,954.5,190,1.1,2.4,0,0,0,0,0,0,0,234,13,20,97
BER,2023,4,6,1,-0.2,79.6,4.8,-3.3,3.14,-1.3,7.6,0,954.2,202,0.7,1.4,0,0,0,0,0,0,0,232,0,20,97
BER,2023,4,6,2,-0.6,80.1,4.7,-3.6,3.08,-1.7,7.1,0,953.8,186,1,2,0,0,0,0,0,0,0,233,13,20,97
BER,2023,4,6,3,-0.7,80.7,4.7,-3.6,3.08,-1.7,7,0,953.7,198,1,2.1,0,0,0,0,0,0,0,233,25,20,97
BER,2023,4,6,4,-1.3,84.3,4.7,-3.6,3.08,-2.1,6.4,0,953.7,210,0.9,2,0,0,0,0,0,0,0,233,25,20,97
BER,2023,4,6,5,-1.6,84.9,4.6,-3.8,3.01,-2.4,5.9,0,954.1,217,0.7,1.3,0,0,0,0,0,0,0,234,29,20,97
BER,2023,4,6,6,-1.4,83.7,4.6,-3.8,3.01,-2.3,6.1,0,954.5,198,1,2,47,138,28,22,158,16,16,244,53,20,97
BER,2023,4,6,7,0.5,80.3,5.1,-2.5,3.34,-0.6,8.8,0,954.6,211,1.2,2.4,241,695,59,37,735,154,37,244,16,20,97
BER,2023,4,6,8,4.3,61.2,5.1,-2.5,3.34,1.6,12.7,0,954.6,189,1.6,3.3,438,853,78,57,842,359,57,252,40,20,97
BER,2023,4,6,9,6.6,50.3,4.9,-3,3.21,2.7,14.7,0,954.7,203,1.6,3.3,579,849,102,76,736,519,76,268,39,20,97
BER,2023,4,6,10,8.7,44.5,5,-2.7,3.28,3.9,17,0,954.5,265,1.5,5.2,703,846,140,95,611,656,94,277,45,20,97
BER,2023,4,6,11,9.8,36.4,4.4,-4.4,2.88,4,17.1,0,954.4,292,2.1,4.8,738,740,196,119,425,688,119,302,78,20,97
BER,2023,4,6,12,10.8,30.2,3.9,-6,2.55,4.1,17.3,0,954.1,283,2.2,5.8,669,455,324,168,241,583,243,316,100,20,97
BER,2023,4,6,13,11.4,25.2,3.4,-7.8,2.23,4,17.1,0,953.7,273,2.3,6,623,402,328,172,171,528,385,319,100,20,97
BER,2023,4,6,14,11.6,26.3,3.6,-7.1,2.36,4.2,17.6,0,953.5,288,2.2,5.2,487,277,298,163,160,386,355,318,100,20,97
BER,2023,4,6,15,11.7,32.1,4.4,-4.4,2.88,5,19,0,953.2,286,2.1,6.6,240,22,227,133,129,147,152,318,100,20,97
BER,2023,4,6,16,11.8,32.6,4.5,-4.1,2.95,5.1,19.3,0,953.2,273,2.1,5.2,154,7,151,89,86,92,96,318,100,20,97
BER,2023,4,6,17,11.5,32.5,4.4,-4.4,2.88,4.9,18.8,0,953.1,280,1.2,3.8,92,12,89,52,51,54,66,317,100,20,97
BER,2023,4,6,18,10.6,41.6,5.3,-1.9,3.48,5.2,19.4,0,953,0,0.2,0.9,5,0,5,3,3,3,3,317,100,20,97
BER,2023,4,6,19,9.1,52.1,6,-0.2,3.94,5,19.1,0,953.4,326,0.6,2.3,0,0,0,0,0,0,0,317,100,20,97
BER,2023,4,6,20,9.5,47.1,5.6,-1.2,3.67,4.8,18.8,0,954.1,236,0.4,2,0,0,0,0,0,0,0,315,100,20,97
BER,2023,4,6,21,9.1,49.5,5.7,-0.9,3.74,4.7,18.5,0,954.1,225,1.8,11,0,0,0,0,0,0,0,312,100,20,97
BER,2023,4,6,22,9.1,49.5,5.7,-0.9,3.74,4.7,18.6,0,953.8,215,1.3,3.2,0,0,0,0,0,0,0,313,100,20,97
BER,2023,4,6,23,8.6,52.7,5.9,-0.5,3.87,4.6,18.4,0,953.2,188,0.8,2.6,0,0,0,0,0,0,0,312,100,20,97
BER,2023,4,7,0,8.4,53.4,5.9,-0.5,3.88,4.5,18.2,0,952.7,189,1.3,3.2,0,0,0,0,0,0,0,308,94,20,97
BER,2023,4,7,1,7.3,60.6,6.2,0.2,4.08,4.2,17.6,0,952.4,171,1.1,3.3,0,0,0,0,0,0,0,292,68,20,97
BER,2023,4,7,2,5.8,69.2,6.4,0.6,4.21,3.5,16.4,0,951.5,90,0.7,2.7,0,0,0,0,0,0,0,307,94,20,97
BER,2023,4,7,3,4.8,73.1,6.3,0.4,4.15,2.9,15.2,0,950.8,173,0.9,1.9,0,0,0,0,0,0,0,309,100,20,97
BER,2023,4,7,4,4.8,74.2,6.4,0.6,4.22,3,15.4,0,950.2,207,0.6,2.5,0,0,0,0,0,0,0,309,100,20,97
BER,2023,4,7,5,4.8,76.9,6.6,1.1,4.35,3.2,15.7,0,950,7,0.8,1.8,0,0,0,0,0,0,0,309,100,20,97
BER,2023,4,7,6,4.9,78.6,6.8,1.5,4.48,3.4,16.2,0,950.5,256,0.7,2.3,3,0,3,2,2,2,2,310,100,20,97
BER,2023,4,7,7,4.1,86.8,7.1,2.1,4.68,3.2,15.8,4.8,951.4,233,2.3,5,15,0,15,9,9,9,9,310,100,20,97
BER,2023,4,7,8,1.5,95.8,6.5,0.9,4.28,1.2,12.2,3.8,951.7,201,1,3.7,36,0,36,21,21,21,22,312,100,20,97
BER,2023,4,7,9,1.6,95.1,6.5,0.9,4.28,1.3,12.3,1.1,951.8,167,1,2.3,123,0,123,73,71,73,73,314,100,20,97
BER,2023,4,7,10,2.6,93.8,6.9,1.7,4.54,2.2,14,0.1,952,202,1.2,2.3,96,0,96,57,55,57,57,316,100,20,97
BER,2023,4,7,11,4.1,89.3,7.3,2.5,4.81,3.4,16.2,0,952,185,1.1,2.1,179,0,179,105,103,105,106,318,100,20,97
BER,2023,4,7,12,5.9,87,8.1,3.9,5.34,5,19.3,0,951.9,207,1.1,3.8,364,45,329,191,189,234,206,320,100,20,97
BER,2023,4,7,13,7.3,80.1,8.2,4.1,5.4,5.8,20.9,0,952,315,1.8,3.8,197,2,196,115,112,117,117,321,100,20,97
BER,2023,4,7,14,8,74.8,8,3.8,5.27,6,21.3,0,951.9,247,1.8,4.9,342,44,312,182,177,217,216,321,100,20,97
BER,2023,4,7,15,8.3,70.2,7.7,3.2,5.07,5.9,21.1,0,952,340,2.7,4.9,142,3,140,83,80,85,86,320,100,20,97
BER,2023,4,7,16,8.4,67.3,7.4,2.7,4.87,5.7,20.7,0,952.1,3,2.2,4.6,297,319,173,100,98,209,414,312,84,20,97
BER,2023,4,7,17,8.5,64.1,7.1,2.1,4.67,5.5,20.3,0,952.3,17,1.8,4.3,169,209,109,61,60,108,279,313,84,20,97
BER,2023,4,7,18,7.7,70.6,7.4,2.7,4.87,5.4,20,0,952.8,20,1.2,2.3,38,80,31,26,17,18,100,309,71,20,97
BER,2023,4,7,19,6.2,83.4,7.9,3.6,5.2,5,19.3,0,953.5,23,1.3,2.1,0,0,0,0,0,0,0,302,68,20,97
BER,2023,4,7,20,5.9,87,8.1,3.9,5.33,5,19.3,0,953.9,18,1,2.7,0,0,0,0,0,0,0,301,71,20,97
BER,2023,4,7,21,5.8,90.1,8.3,4.3,5.46,5.1,19.5,0,954.2,18,0.7,1.7,0,0,0,0,0,0,0,311,100,20,97
BER,2023,4,7,22,5.4,91.3,8.2,4.1,5.39,4.8,18.9,0,954.3,24,1.1,2.1,0,0,0,0,0,0,0,309,100,20,97
BER,2023,4,7,23,5.1,91.9,8.1,3.9,5.32,4.5,18.5,0,954.3,27,0.7,2.1,0,0,0,0,0,0,0,300,84,20,97
BER,2023,4,8,0,5.2,92.6,8.2,4.1,5.39,4.7,18.7,0,954.4,45,0.3,1.2,0,0,0,0,0,0,0,302,100,20,97
BER,2023,4,8,1,5,93.9,8.2,4.1,5.39,4.6,18.5,0,954.3,29,1,1.8,0,0,0,0,0,0,0,300,74,22,97
BER,2023,4,8,2,5,91.9,8,3.8,5.26,4.4,18.2,0,954.2,135,0.5,1.7,0,0,0,0,0,0,0,278,36,22,97
BER,2023,4,8,3,4.8,93.2,8,3.8,5.26,4.3,18,0,954.3,27,0.3,1,0,0,0,0,0,0,0,277,35,22,97
BER,2023,4,8,4,3.7,94.5,7.5,2.9,4.93,3.3,16.1,0,954.5,90,0.4,1.4,0,0,0,0,0,0,0,278,33,22,97
BER,2023,4,8,5,2.7,95.8,7.1,2.1,4.66,2.4,14.4,0,954.8,45,0.2,1.1,0,0,0,0,0,0,0,276,31,22,97
BER,2023,4,8,6,3.8,91.2,7.3,2.5,4.79,3.2,15.8,0,955.2,162,0.4,1.3,21,1,20,12,13,12,12,287,79,22,97
BER,2023,4,8,7,4.7,86.8,7.4,2.7,4.86,3.8,16.9,0,955.4,166,0.4,1.5,149,115,114,66,185,95,66,282,69,22,97
BER,2023,4,8,8,6.4,78.8,7.6,3,4.99,4.8,18.9,0,955.6,297,0.5,1.6,462,849,96,66,857,372,66,279,36,22,97
BER,2023,4,8,9,7.9,75.3,8,3.8,5.25,5.9,21.1,0,955.9,24,1.5,6.1,581,793,134,94,729,504,93,287,29,22,97
BER,2023,4,8,10,8.9,67.4,7.7,3.2,5.05,6.2,21.7,0,956,48,2.5,4.8,547,386,290,162,443,449,163,301,54,22,97
BER,2023,4,8,11,10.4,61,7.7,3.2,5.05,6.9,23.2,0,955.8,38,3.3,6.8,520,319,280,161,288,428,161,307,75,22,97
BER,2023,4,8,12,11.3,54.6,7.3,2.5,4.79,7.1,23.4,0,955.5,43,3.9,7.6,457,140,350,202,239,329,212,329,94,22,97
BER,2023,4,8,13,12,51.4,7.2,2.3,4.72,7.3,24,0,955.5,29,4.2,9.3,449,145,340,195,191,325,270,332,94,22,97
BER,2023,4,8,14,12.1,55.2,7.8,3.4,5.12,7.8,25.1,0,955.3,14,4.7,9.9,397,184,277,159,156,294,300,321,84,22,97
BER,2023,4,8,15,12.4,52.6,7.6,3,4.99,7.8,25,0,955.3,23,4.3,7.8,563,785,121,85,87,491,713,298,43,22,97
BER,2023,4,8,16,12.3,51.9,7.4,2.7,4.86,7.6,24.6,0,955.4,39,3.7,7.6,422,802,80,61,62,333,800,286,36,22,97
BER,2023,4,8,17,11.5,55.5,7.5,2.9,4.92,7.3,24,0,955.6,28,3.5,6.5,223,545,80,47,47,135,603,296,50,22,97
BER,2023,4,8,18,10.7,58.9,7.6,3,4.98,7,23.3,0,956,42,3.2,7.7,36,55,28,20,16,16,74,315,78,22,97
BER,2023,4,8,19,9.7,64.8,7.8,3.4,5.11,6.7,22.6,0,956.8,50,2.6,5.3,0,0,0,0,0,0,0,326,100,22,97
BER,2023,4,8,20,9,67,7.7,3.2,5.04,6.2,21.7,0,957.2,30,1.6,6.1,0,0,0,0,0,0,0,309,71,22,97
BER,2023,4,8,21,8.3,71.2,7.8,3.4,5.11,6,21.2,0,957.1,52,1.4,5,0,0,0,0,0,0,0,312,84,22,97
BER,2023,4,8,22,7.4,77.9,8,3.8,5.24,5.7,20.6,0,957.1,5,1.2,2.4,0,0,0,0,0,0,0,304,84,22,97
BER,2023,4,8,23,5.9,87,8.1,3.9,5.31,5,19.3,0,957,14,1.6,2.5,0,0,0,0,0,0,0,282,33,22,97
BER,2023,4,9,0,4.4,91.9,7.7,3.2,5.05,3.9,17.1,0,956.8,23,2.1,3.8,0,0,0,0,0,0,0,275,10,22,97
BER,2023,4,9,1,4.4,91.9,7.7,3.2,5.05,3.9,17.1,0,956.6,29,3.3,4.9,0,0,0,0,0,0,0,259,0,20,97
BER,2023,4,9,2,4.3,92.5,7.7,3.2,5.05,3.8,17,0,956.6,27,1.9,4.3,0,0,0,0,0,0,0,258,0,20,97
BER,2023,4,9,3,3.9,93.8,7.6,3,4.98,3.5,16.4,0,956.3,30,2.5,4.2,0,0,0,0,0,0,0,256,0,20,97
BER,2023,4,9,4,3.7,93.2,7.4,2.7,4.85,3.3,15.9,0,956.2,4,1.8,4.2,0,0,0,0,0,0,0,255,0,20,97
BER,2023,4,9,5,2.5,94.4,6.9,1.7,4.52,2.2,13.8,0,956.3,17,2.1,4.1,0,0,0,0,0,0,0,253,0,20,97
BER,2023,4,9,6,2.6,95.1,7,1.9,4.59,2.3,14.1,0,956.4,15,1.3,2.7,62,221,30,33,244,17,17,257,13,20,97
BER,2023,4,9,7,3.8,92.5,7.4,2.7,4.85,3.3,16,0,956.8,22,2.5,4.8,257,711,59,38,749,150,38,253,0,20,97
BER,2023,4,9,8,5.5,87.5,7.9,3.6,5.18,4.6,18.5,0,957.2,32,3.1,6.2,439,826,79,58,815,340,57,258,0,20,97
BER,2023,4,9,9,7.6,78.5,8.2,4.1,5.37,5.9,21.1,0,957.2,32,3.6,6.4,608,910,84,73,767,524,73,263,0,20,97
BER,2023,4,9,10,8.8,73.3,8.3,4.3,5.44,6.6,22.5,0,956.9,24,3.7,6.8,739,957,87,85,621,670,85,229,0,20,97
BER,2023,4,9,11,10.3,67.7,8.5,4.6,5.58,7.5,24.4,0,956.7,13,3.4,6.9,823,985,86,93,409,764,92,231,0,20,97
BER,2023,4,9,12,11.5,62.1,8.4,4.5,5.51,8,25.5,0,956.4,10,3.9,7.1,848,982,92,96,163,792,168,233,0,20,97
BER,2023,4,9,13,12.4,55.7,8,3.8,5.25,8.1,25.7,0,956.2,2,3.7,7.3,815,964,96,94,96,755,420,235,0,20,97
BER,2023,4,9,14,13.3,52.5,8,3.8,5.25,8.5,26.6,0,955.8,5,3.6,7,724,918,102,87,89,654,622,235,0,20,97
BER,2023,4,9,15,13.5,51.8,8,3.8,5.25,8.6,26.8,0,955.6,10,4,7.8,588,853,102,76,77,503,746,236,0,20,97
BER,2023,4,9,16,13.5,49,7.6,3,4.99,8.3,26.2,0,955.4,18,4,7,424,788,85,58,59,325,790,236,0,20,97
BER,2023,4,9,17,13,50.2,7.5,2.9,4.92,8,25.5,0,955.5,15,4,7.3,245,693,58,37,38,137,732,237,0,20,97
BER,2023,4,9,18,11.6,55.1,7.5,2.9,4.92,7.4,24.1,0,955.8,21,3.2,6.7,65,315,27,44,15,15,336,237,0,20,97
BER,2023,4,9,19,9.1,65.1,7.5,2.9,4.92,6.2,21.5,0,956.4,24,2.4,3.8,0,0,0,0,0,0,0,236,0,20,97
BER,2023,4,9,20,7.4,71,7.3,2.5,4.78,5.1,19.5,0,956.8,27,2.8,4,0,0,0,0,0,0,0,233,0,20,97
BER,2023,4,9,21,6.4,72.9,7,1.9,4.59,4.4,17.9,0,956.6,10,1.2,3.1,0,0,0,0,0,0,0,266,0,20,97
BER,2023,4,9,22,4.7,80.9,6.9,1.7,4.52,3.4,16,0,956.6,360,1.6,2.5,0,0,0,0,0,0,0,262,0,20,97
BER,2023,4,9,23,3.7,85.5,6.8,1.5,4.45,2.7,14.9,0,956.6,24,1,1.6,0,0,0,0,0,0,0,258,0,20,97
BER,2023,4,10,0,3,88.6,6.7,1.3,4.39,2.3,14,0,956.6,27,0.5,1.3,0,0,0,0,0,0,0,254,10,20,97
BER,2023,4,10,1,2.5,90.5,6.6,1.1,4.32,1.9,13.3,0,956.4,27,0.3,1,0,0,0,0,0,0,0,266,38,19,97
BER,2023,4,10,2,2.3,91.8,6.6,1.1,4.32,1.8,13.1,0,956.5,315,0.2,0.7,0,0,0,0,0,0,0,277,60,19,97
BER,2023,4,10,3,2.4,89.8,6.5,0.9,4.26,1.8,13.1,0,956.6,0,0.1,0.5,0,0,0,0,0,0,0,292,100,19,97
BER,2023,4,10,4,2.2,91.1,6.5,0.9,4.26,1.7,12.9,0,956.3,180,0.4,1.1,0,0,0,0,0,0,0,293,100,19,97
BER,2023,4,10,5,1.6,93,6.4,0.6,4.19,1.2,12.1,0,956.5,34,0.3,0.8,0,0,0,0,0,0,0,292,94,19,97
BER,2023,4,10,6,1.5,93.7,6.4,0.6,4.19,1.1,12,0,956.6,270,0.1,0.4,69,238,32,35,262,18,18,280,60,19,97
BER,2023,4,10,7,3.3,88,6.8,1.5,4.45,2.5,14.5,0,956.8,180,0.1,0.8,260,699,62,39,738,148,39,264,26,19,97
BER,2023,4,10,8,6.5,78.3,7.6,3,4.98,4.9,19,0,956.9,233,0.5,1.4,445,836,77,56,821,337,56,274,29,19,97
BER,2023,4,10,9,9.5,66.6,7.9,3.6,5.18,6.6,22.6,0,956.6,135,0.7,2.2,539,591,199,104,610,446,104,298,71,19,97
BER,2023,4,10,10,11.1,61.1,8.1,3.9,5.31,7.5,24.5,0,956.5,315,0.7,2.2,651,610,234,123,536,563,123,307,75,19,97
BER,2023,4,10,11,13.2,54,8.2,4.1,5.38,8.6,26.9,0,955.9,315,1.7,4.3,719,628,249,136,418,630,136,315,78,19,97
BER,2023,4,10,12,14,48.8,7.8,3.4,5.12,8.7,27,0,955.7,293,2.3,5.9,689,475,322,166,233,585,250,324,81,19,97
BER,2023,4,10,13,14.9,49.7,8.4,4.5,5.52,9.5,28.9,0,955.1,289,2.4,5,521,181,385,211,207,376,313,346,100,19,97
BER,2023,4,10,14,15.8,48.6,8.7,5,5.72,10.1,30.4,0,954.6,257,2.1,4.9,516,281,321,173,170,395,376,338,94,19,97
BER,2023,4,10,15,16,50,9.1,5.6,5.99,10.5,31.2,0,954.5,282,2,4.2,341,101,284,160,156,224,256,343,100,19,97
BER,2023,4,10,16,15.2,53.8,9.3,5.9,6.12,10.3,30.8,0,954,267,2,4,169,12,164,95,93,101,108,342,100,19,97
BER,2023,4,10,17,14.7,54.4,9.1,5.6,5.99,9.9,29.9,0,953.9,259,1.1,2.4,73,3,72,42,41,43,46,341,100,19,97
BER,2023,4,10,18,14.4,53.2,8.7,5,5.73,9.5,29,0,953.5,239,0.7,2.5,10,0,10,6,6,6,6,339,100,19,97
BER,2023,4,10,19,13.5,57.6,8.9,5.3,5.86,9.2,28.4,0,953.8,218,1.1,2.3,0,0,0,0,0,0,0,338,100,19,97
BER,2023,4,10,20,13.4,53.3,8.2,4.1,5.39,8.7,27.1,0,954.5,201,1.4,3.1,0,0,0,0,0,0,0,337,100,19,97
BER,2023,4,10,21,13.7,46.7,7.3,2.5,4.8,8.2,25.9,0,954.2,211,1.8,5.3,0,0,0,0,0,0,0,336,100,19,97
BER,2023,4,10,22,13.5,45.3,7,1.9,4.6,7.9,25.2,0,953.9,207,1.2,2.4,0,0,0,0,0,0,0,335,100,19,97
BER,2023,4,10,23,12.9,49.9,7.4,2.7,4.87,7.9,25.3,0,953.2,197,1.1,3.8,0,0,0,0,0,0,0,334,100,19,97
BER,2023,4,11,0,12.6,50.9,7.4,2.7,4.87,7.8,25,0,952,208,1.6,2.8,0,0,0,0,0,0,0,333,100,19,97
BER,2023,4,11,1,12.2,53.3,7.6,3,5.01,7.7,24.9,0,951.7,225,1,3.2,0,0,0,0,0,0,0,333,100,19,97
BER,2023,4,11,2,12.6,51.9,7.6,3,5.01,7.9,25.3,0,951.9,202,2.3,5.3,0,0,0,0,0,0,0,334,100,19,97
BER,2023,4,11,3,13.1,54.3,8.2,4.1,5.4,8.6,26.8,0,952.1,239,3.4,8.9,0,0,0,0,0,0,0,335,100,19,97
BER,2023,4,11,4,11.5,69.9,9.5,6.2,6.27,8.7,27.4,0.4,951.8,242,4.1,12.9,0,0,0,0,0,0,0,335,100,19,97
BER,2023,4,11,5,10.5,82.2,10.4,7.6,6.87,9,27.9,0.8,952.5,272,4.1,10.9,0,0,0,0,0,0,0,336,100,19,97
BER,2023,4,11,6,8.8,87.3,9.9,6.8,6.53,7.8,25.3,1.2,953.1,268,3.5,9.4,4,0,4,2,2,2,2,337,100,19,97
BER,2023,4,11,7,9,87.9,10.1,7.1,6.66,8,25.8,0.6,953.5,193,2,5.4,24,0,24,14,13,14,14,337,100,19,97
BER,2023,4,11,8,9.6,87.3,10.4,7.6,6.86,8.5,26.9,0.2,953.8,214,2,4.7,45,0,45,26,25,26,26,338,100,19,97
BER,2023,4,11,9,9.4,79.8,9.4,6.1,6.19,7.7,25,0,954,294,2.4,5.6,94,0,94,55,53,55,55,338,100,19,97
BER,2023,4,11,10,9,76.5,8.8,5.1,5.79,7.1,23.6,0.6,954.2,325,1.3,3.7,123,0,123,72,70,72,72,339,100,19,97
BER,2023,4,11,11,9.5,79.9,9.5,6.2,6.25,7.8,25.3,0.3,954.2,191,1.2,2.3,183,0,183,107,104,107,107,339,100,19,97
BER,2023,4,11,12,10.2,74.1,9.2,5.8,6.05,7.9,25.5,0,954.3,234,1.8,6.2,217,1,217,127,123,127,127,340,100,19,97
BER,2023,4,11,13,10.9,67.4,8.8,5.1,5.79,8,25.5,0,954.2,245,1.8,4.9,191,0,191,111,108,111,112,339,100,19,97
BER,2023,4,11,14,11.2,65.6,8.7,5,5.73,8.1,25.7,0,953.5,225,1.7,4.6,196,2,195,114,111,115,115,339,100,19,97
BER,2023,4,11,15,11.2,64.7,8.6,4.8,5.66,8,25.5,0,953.1,223,2.3,4.8,100,0,100,58,57,58,59,338,100,19,97
BER,2023,4,11,16,10.3,78.3,9.8,6.7,6.47,8.4,26.6,0.1,952.5,175,2.3,4.7,55,0,55,32,31,32,32,337,100,19,97
BER,2023,4,11,17,9.7,83.8,10.1,7.1,6.67,8.3,26.5,0.3,952.1,152,2.1,3.8,37,0,37,22,21,22,22,336,100,19,97
BER,2023,4,11,18,9.4,87.3,10.3,7.4,6.8,8.3,26.6,0.4,951.8,158,1.6,3.1,5,0,5,3,3,3,3,335,100,19,97
BER,2023,4,11,19,9,89.1,10.2,7.3,6.74,8.1,26,0.3,951.8,172,1.5,4,0,0,0,0,0,0,0,335,100,19,97
BER,2023,4,11,20,8.8,90.9,10.3,7.4,6.81,8.1,26,0.4,951.5,171,2,4.3,0,0,0,0,0,0,0,334,100,19,97
BER,2023,4,11,21,8.6,91.5,10.2,7.3,6.75,7.9,25.6,0.3,950.7,163,1.8,4,0,0,0,0,0,0,0,334,100,19,97
BER,2023,4,11,22,8.6,91.5,10.2,7.3,6.75,7.9,25.6,0,950,160,1.2,2.7,0,0,0,0,0,0,0,334,100,19,97
BER,2023,4,11,23,8.5,90.3,10,7,6.62,7.7,25.2,0.2,949.5,162,1.9,3.6,0,0,0,0,0,0,0,334,100,19,97
BER,2023,4,12,0,8.4,89,9.8,6.7,6.5,7.5,24.8,0,948.2,167,1.9,3.5,0,0,0,0,0,0,0,334,100,19,97
BER,2023,4,12,1,8.5,87.2,9.7,6.5,6.44,7.5,24.7,0,946.9,165,1.5,3.4,0,0,0,0,0,0,0,334,100,19,97
BER,2023,4,12,2,8.2,90.9,9.9,6.8,6.58,7.5,24.8,0,946.3,221,1.2,1.9,0,0,0,0,0,0,0,334,100,19,97
BER,2023,4,12,3,8,92.1,9.9,6.8,6.58,7.4,24.6,0,945.6,197,1.3,2.8,0,0,0,0,0,0,0,335,100,19,97
BER,2023,4,12,4,8.2,90.3,9.8,6.7,6.52,7.4,24.6,0,944.7,180,1.7,4.3,0,0,0,0,0,0,0,335,100,19,97
BER,2023,4,12,5,8.3,88.4,9.7,6.5,6.46,7.4,24.6,0,944,165,2.3,5.2,0,0,0,0,0,0,0,336,100,19,97
BER,2023,4,12,6,8.5,86.6,9.6,6.4,6.39,7.4,24.6,0,943.7,173,2.6,6,31,3,30,18,20,18,18,336,100,19,97
BER,2023,4,12,7,9.1,84.9,9.8,6.7,6.53,7.9,25.6,0,943.4,186,1.8,3.8,82,5,80,47,50,48,47,338,100,19,97
BER,2023,4,12,8,10.2,79.4,9.9,6.8,6.6,8.4,26.9,0,942.5,187,1.8,3.8,161,10,156,91,97,95,91,340,100,19,97
BER,2023,4,12,9,11.6,73.9,10.1,7.1,6.74,9.2,28.7,0,942.4,225,1.2,3.2,340,144,250,139,261,236,140,342,100,19,97
BER,2023,4,12,10,13.8,62.2,9.8,6.7,6.54,10,30.4,0,941.9,216,2.6,13.2,426,121,342,191,280,288,192,345,100,19,97
BER,2023,4,12,11,14.5,53.2,8.8,5.1,5.87,9.6,29.4,0,941.5,245,5.3,11.5,431,84,367,208,251,283,209,347,100,19,97
BER,2023,4,12,12,13.1,63.8,9.6,6.4,6.4,9.6,29.3,0.2,942.1,247,5.2,12.9,216,0,216,126,123,126,127,350,100,19,97
BER,2023,4,12,13,11.6,75.4,10.3,7.4,6.88,9.4,29,0.5,941.6,224,5,10.8,209,0,209,122,119,122,123,350,100,19,97
BER,2023,4,12,14,11.6,76.9,10.5,7.7,7.02,9.5,29.4,0.8,941.3,228,4.7,12.5,306,23,290,168,163,185,186,347,100,19,97
BER,2023,4,12,15,10.8,81.7,10.6,7.8,7.09,9.2,28.7,0.7,940.7,225,3.8,8.9,135,0,135,79,77,79,80,344,100,19,97
BER,2023,4,12,16,10.6,83.9,10.7,8,7.15,9.2,28.7,1.5,941.4,241,3.8,9.7,65,0,65,38,37,38,38,342,100,19,97
BER,2023,4,12,17,9.6,83.8,10,7,6.68,8.2,26.5,2.5,941.3,219,6.1,13,26,0,26,15,15,15,15,339,100,19,97
BER,2023,4,12,18,9.2,84.3,9.8,6.7,6.55,7.9,25.7,0.8,941.1,213,3.8,8.4,10,0,10,6,6,6,6,336,100,19,97
BER,2023,4,12,19,9.4,78.7,9.3,5.9,6.2,7.6,25.1,0.1,942.1,219,3.6,7.8,0,0,0,0,0,0,0,334,100,19,97
BER,2023,4,12,20,9.1,82,9.5,6.2,6.33,7.6,25.1,0.1,942.4,216,3,6.7,0,0,0,0,0,0,0,331,100,19,97
BER,2023,4,12,21,8.4,86,9.5,6.2,6.32,7.3,24.3,1.1,943.9,236,3.7,9.4,0,0,0,0,0,0,0,329,100,19,97
BER,2023,4,12,22,7.3,83,8.5,4.6,5.65,6,21.5,0.2,944.3,219,2.3,5.6,0,0,0,0,0,0,0,327,100,19,97
BER,2023,4,12,23,6.8,81.7,8.1,3.9,5.38,5.4,20.3,0,944.7,214,2.4,6,0,0,0,0,0,0,0,321,94,19,97
BER,2023,4,13,0,6.5,77.7,7.5,2.9,4.98,4.8,19,0,944.6,232,2,5.3,0,0,0,0,0,0,0,314,88,19,97
BER,2023,4,13,1,5.7,68.7,6.3,0.4,4.18,3.4,16.2,0,944.4,207,2.1,4.7,0,0,0,0,0,0,0,295,54,19,97
BER,2023,4,13,2,5.1,68.5,6,-0.2,3.98,2.9,15.1,0,944.1,191,1.6,3.5,0,0,0,0,0,0,0,273,6,19,97
BER,2023,4,13,3,4,77.3,6.3,0.4,4.18,2.5,14.5,0,943.7,204,1.1,2.6,0,0,0,0,0,0,0,285,41,19,97
BER,2023,4,13,4,3.3,81.2,6.3,0.4,4.18,2.1,13.8,0,944.1,195,1.2,3.1,0,0,0,0,0,0,0,281,44,19,97
BER,2023,4,13,5,3.1,80,6.1,0,4.04,1.8,13.2,0,944.4,150,1.5,2.9,0,0,0,0,0,0,0,278,43,19,97
BER,2023,4,13,6,4.1,73.5,6,-0.2,3.98,2.3,14.1,0,944.8,198,1.4,3.1,77,261,33,42,287,20,20,274,38,19,97
BER,2023,4,13,7,5.6,68.2,6.2,0.2,4.11,3.3,15.9,0,944.8,193,1.9,5.4,277,728,60,39,765,143,39,275,30,19,97
BER,2023,4,13,8,6.8,62.7,6.2,0.2,4.11,3.9,17.2,0,944.5,240,4.3,9.5,428,691,119,73,722,304,73,282,51,19,97
BER,2023,4,13,9,7.7,58.1,6.1,0,4.04,4.3,17.9,0,944.3,257,3.8,9,570,707,158,99,667,452,99,292,51,19,97
BER,2023,4,13,10,8.1,58.2,6.3,0.4,4.18,4.7,18.6,0,944.2,275,4.1,9.5,334,129,247,137,238,234,138,306,88,19,97
BER,2023,4,13,11,9,60.2,6.9,1.7,4.58,5.6,20.6,0,943.7,256,4,9.3,707,626,229,138,382,598,138,301,68,19,97
BER,2023,4,13,12,8.5,61.4,6.8,1.5,4.51,5.3,19.9,0,943.8,255,4.6,10.8,584,323,330,182,259,456,195,312,88,19,97
BER,2023,4,13,13,7,71,7.1,2.1,4.72,4.8,18.9,0.1,943.4,229,2.5,7.9,245,7,240,140,136,145,145,318,100,19,97
BER,2023,4,13,14,5.1,82.1,7.2,2.3,4.78,3.8,17.1,1.7,943.8,79,3.5,10.2,145,0,145,85,83,85,86,317,100,19,97
BER,2023,4,13,15,4.3,86.8,7.2,2.3,4.78,3.4,16.3,0,944,156,2.4,6.8,63,0,63,37,36,37,37,315,100,19,97
BER,2023,4,13,16,4.6,87.5,7.4,2.7,4.91,3.7,16.9,0.4,944.3,137,2.4,7,67,0,67,39,38,39,40,313,100,19,97
BER,2023,4,13,17,4.6,87.5,7.4,2.7,4.91,3.7,16.9,0,944.3,152,4.2,7.2,149,100,123,70,68,84,176,311,100,19,97
BER,2023,4,13,18,4,88.7,7.2,2.3,4.78,3.2,16,0,944.5,147,4.6,8.4,65,219,39,51,21,21,246,304,88,19,97
BER,2023,4,13,19,3.6,89.9,7.1,2.1,4.71,2.9,15.4,0,944.9,140,3.4,6,0,0,0,0,0,0,0,307,100,19,97
BER,2023,4,13,20,3.9,89.3,7.2,2.3,4.77,3.2,15.9,0,945.6,149,2.2,4.8,0,0,0,0,0,0,0,302,94,19,97
BER,2023,4,13,21,4.3,86.8,7.2,2.3,4.77,3.4,16.3,0.1,945.5,147,2.6,4.6,0,0,0,0,0,0,0,303,100,19,97
BER,2023,4,13,22,3.9,88,7.1,2.1,4.7,3.1,15.7,0,945.8,174,2.1,3.3,0,0,0,0,0,0,0,300,100,19,97
BER,2023,4,13,23,3.9,89.3,7.2,2.3,4.77,3.2,15.9,0,945.8,176,1.7,2.9,0,0,0,0,0,0,0,298,100,19,97
BER,2023,4,14,0,3.6,89.9,7.1,2.1,4.7,2.9,15.4,0,945.9,171,2.4,4.3,0,0,0,0,0,0,0,287,78,19,97
BER,2023,4,14,1,3.3,90.5,7,1.9,4.64,2.7,14.9,0,946,163,2.8,4.6,0,0,0,0,0,0,0,282,68,20,97
BER,2023,4,14,2,2.9,90.5,6.8,1.5,4.5,2.3,14.2,0,945.9,175,2.4,3.8,0,0,0,0,0,0,0,273,46,20,97
BER,2023,4,14,3,2.4,92.4,6.7,1.3,4.44,1.9,13.5,0,946.1,192,2,3.5,0,0,0,0,0,0,0,256,0,20,97
BER,2023,4,14,4,2.1,93.1,6.6,1.1,4.37,1.7,13,0,946.1,196,1.9,3.4,0,0,0,0,0,0,0,274,60,20,97
BER,2023,4,14,5,2.2,92.4,6.6,1.1,4.37,1.7,13.1,0,946.4,180,0.9,3.8,0,0,0,0,0,0,0,283,94,20,97
BER,2023,4,14,6,2.4,91.1,6.6,1.1,4.37,1.8,13.3,0,946.6,188,1.4,3.1,40,20,36,23,41,21,21,287,94,20,97
BER,2023,4,14,7,4.4,86.2,7.2,2.3,4.77,3.5,16.4,0,946.5,176,1.4,2.5,200,215,130,72,296,120,72,294,94,20,97
BER,2023,4,14,8,6.3,77.7,7.4,2.7,4.9,4.6,18.6,0,946.2,164,1.9,3.6,330,250,218,119,373,222,119,301,100,20,97
BER,2023,4,14,9,7.6,71.1,7.4,2.7,4.9,5.3,20,0,946,214,1.2,3.3,444,249,294,159,386,320,159,308,100,20,97
BER,2023,4,14,10,8.4,64.5,7.1,2.1,4.71,5.5,20.3,0,945.6,279,0.9,3,503,210,354,194,346,363,195,316,100,20,97
BER,2023,4,14,11,9.4,57.7,6.8,1.5,4.51,5.7,20.8,0,945.2,180,1.3,3.5,670,432,338,174,396,546,175,321,100,20,97
BER,2023,4,14,12,9.9,53.5,6.5,0.9,4.31,5.8,20.8,0,944.4,288,0.9,3.2,782,694,234,131,210,680,224,311,78,20,97
BER,2023,4,14,13,11.2,43.6,5.8,-0.7,3.85,5.9,21,0,943.5,252,1.3,4.3,822,923,116,98,101,721,425,288,43,20,97
BER,2023,4,14,14,11.9,37.3,5.2,-2.2,3.45,5.7,20.7,0,942.7,115,2.4,5.3,691,784,151,111,112,569,587,286,41,20,97
BER,2023,4,14,15,12,39.9,5.6,-1.2,3.72,6.1,21.4,0,942.1,297,1.4,4.1,604,865,97,76,78,480,751,267,33,20,97
BER,2023,4,14,16,12.2,38.8,5.5,-1.4,3.65,6.1,21.5,0,941.8,262,1.7,3.6,442,787,85,61,62,307,784,279,41,20,97
BER,2023,4,14,17,11.3,43.4,5.8,-0.7,3.85,5.9,21.1,0,941.9,353,1.8,3.8,204,303,118,69,63,108,381,300,78,20,97
BER,2023,4,14,18,10.2,51.3,6.4,0.6,4.26,5.8,21,0,941.9,27,1.4,2.3,49,63,41,32,23,23,89,323,100,20,97
BER,2023,4,14,19,9.1,60.6,7,1.9,4.66,5.8,20.9,0,942.3,23,0.8,1.7,0,0,0,0,0,0,0,323,100,20,97
BER,2023,4,14,20,9.4,57.7,6.8,1.5,4.52,5.7,20.8,0,942.7,270,1.3,3.1,0,0,0,0,0,0,0,322,100,20,97
BER,2023,4,14,21,9.1,58.9,6.8,1.5,4.52,5.6,20.5,0,942.7,297,1.2,3.1,0,0,0,0,0,0,0,316,88,20,97
BER,2023,4,14,22,8,68.2,7.3,2.5,4.85,5.4,20.2,0,942.8,248,0.8,2.2,0,0,0,0,0,0,0,319,100,20,97
BER,2023,4,14,23,7.8,71.1,7.5,2.9,4.99,5.5,20.4,0,942.9,186,1.1,2.2,0,0,0,0,0,0,0,313,88,20,97
BER,2023,4,15,0,7.3,75.2,7.7,3.2,5.12,5.4,20.2,0,943,187,0.9,1.9,0,0,0,0,0,0,0,317,100,20,97
BER,2023,4,15,1,7.5,74.1,7.7,3.2,5.12,5.5,20.4,0,942.8,196,0.7,1.9,0,0,0,0,0,0,0,314,94,20,97
BER,2023,4,15,2,7.3,77.3,7.9,3.6,5.26,5.5,20.5,0,942.8,225,0.8,1.4,0,0,0,0,0,0,0,318,100,20,97
BER,2023,4,15,3,7.1,79.5,8,3.8,5.32,5.5,20.5,0,942.9,212,1,2.1,0,0,0,0,0,0,0,319,100,20,97
BER,2023,4,15,4,6.7,85.8,8.4,4.5,5.59,5.6,20.8,0.5,942.7,207,1.1,2.7,0,0,0,0,0,0,0,320,100,20,97
BER,2023,4,15,5,6.5,90.8,8.8,5.1,5.86,5.8,21.2,1.3,942.8,188,0.7,1.7,0,0,0,0,0,0,0,321,100,20,97
BER,2023,4,15,6,6.6,90.1,8.8,5.1,5.86,5.9,21.3,0.4,942.7,151,1.2,2.3,35,7,33,21,26,20,20,322,100,20,97
BER,2023,4,15,7,6.6,87,8.5,4.6,5.66,5.6,20.8,0.2,942.7,144,1.4,4,94,5,92,54,58,55,54,323,100,20,97
BER,2023,4,15,8,6.6,86.4,8.4,4.5,5.59,5.6,20.7,0.9,942.8,148,1.4,3,104,6,102,60,65,62,60,324,100,20,97
BER,2023,4,15,9,6.8,88.9,8.8,5.1,5.86,6,21.5,2.1,943.2,164,1.9,5.1,167,3,165,97,97,98,97,326,100,20,97
BER,2023,4,15,10,7.4,84.7,8.7,5,5.79,6.2,22,1.2,943.7,210,3.4,7.9,135,0,135,80,77,79,80,327,100,20,97
BER,2023,4,15,11,7.7,84.8,8.9,5.3,5.92,6.5,22.6,0,944.3,227,4.5,8.8,198,0,198,116,113,116,117,328,100,20,97
BER,2023,4,15,12,7.7,86.5,9.1,5.6,6.05,6.7,22.9,0.3,944.9,230,4.3,10,318,14,307,180,175,192,186,330,100,20,97
BER,2023,4,15,13,7.9,84.8,9,5.5,5.98,6.7,23,0.3,945.8,242,4.2,10.2,271,6,266,156,152,161,160,330,100,20,97
BER,2023,4,15,14,7.6,85.3,8.9,5.3,5.9,6.5,22.5,0.9,946.8,256,3.3,9.1,100,0,100,59,57,58,59,330,100,20,97
BER,2023,4,15,15,7.6,87.1,9.1,5.6,6.03,6.6,22.8,0.1,947.5,248,2.7,6.4,89,0,89,52,51,52,53,329,100,20,97
BER,2023,4,15,16,7.5,85.9,8.9,5.3,5.89,6.4,22.3,0.1,948.5,236,1.6,4.3,96,0,96,57,55,57,57,329,100,20,97
BER,2023,4,15,17,8,86,9.2,5.8,6.09,6.9,23.3,0,949.2,207,1.4,4,125,69,109,67,61,65,136,326,94,20,97
BER,2023,4,15,18,7.5,85.9,8.9,5.3,5.88,6.4,22.3,0,950.3,217,1.5,3,60,181,38,48,21,22,206,319,71,20,97
BER,2023,4,15,19,6.9,87.7,8.7,5,5.74,6,21.4,0,951,198,1,2.3,0,0,0,0,0,0,0,318,78,20,97
BER,2023,4,15,20,6.6,88.3,8.6,4.8,5.67,5.7,20.9,0,951.8,189,1.3,2.8,0,0,0,0,0,0,0,326,100,20,97
BER,2023,4,15,21,6.7,88.9,8.7,5,5.74,5.9,21.1,0,952.1,177,2,3.7,0,0,0,0,0,0,0,325,100,20,97
BER,2023,4,15,22,6.7,89.5,8.8,5.1,5.8,5.9,21.3,0,952.6,172,2.3,3.8,0,0,0,0,0,0,0,324,100,20,97
BER,2023,4,15,23,6.7,88.9,8.7,5,5.73,5.9,21.1,0,952.9,183,2,3.7,0,0,0,0,0,0,0,323,100,20,97
BER,2023,4,16,0,6.8,87.1,8.6,4.8,5.66,5.8,21.1,0,953.2,177,2.1,3.6,0,0,0,0,0,0,0,322,100,20,97
BER,2023,4,16,1,6.6,88.3,8.6,4.8,5.66,5.7,20.9,0,953.1,174,2,3.3,0,0,0,0,0,0,0,321,100,20,97
BER,2023,4,16,2,6.6,89.5,8.7,5,5.73,5.8,21,0.3,953.3,184,1.6,2.7,0,0,0,0,0,0,0,321,100,20,97
BER,2023,4,16,3,6.5,92,8.9,5.3,5.86,5.9,21.2,2.2,953.5,180,1.3,2.8,0,0,0,0,0,0,0,322,100,20,97
BER,2023,4,16,4,6.4,94,9,5.5,5.93,6,21.3,1.4,953.6,168,1.5,2.8,0,0,0,0,0,0,0,322,100,20,97
BER,2023,4,16,5,6.5,93.3,9,5.5,5.93,6,21.4,0.5,953.7,163,1.7,2.8,0,0,0,0,0,0,0,322,100,20,97
BER,2023,4,16,6,6.5,92,8.9,5.3,5.86,5.9,21.2,0.3,954,159,2.2,3.8,13,0,13,8,8,8,8,322,100,20,97
BER,2023,4,16,7,6.4,91.4,8.8,5.1,5.79,5.8,21,0.1,954.3,154,2.5,4.3,54,1,54,32,32,32,32,323,100,20,97
BER,2023,4,16,8,6.5,90.1,8.7,5,5.72,5.8,20.9,0,954.6,158,2.2,4.3,81,0,81,47,46,47,48,324,100,20,97
BER,2023,4,16,9,6.8,88.3,8.7,5,5.72,5.9,21.2,0.1,955.1,162,1.7,3.1,149,1,148,87,86,88,88,325,100,20,97
BER,2023,4,16,10,7.2,88.9,9,5.5,5.92,6.4,22.1,0,955.3,165,1.5,3.2,81,0,81,48,47,48,48,327,100,20,97
BER,2023,4,16,11,7.7,86.5,9.1,5.6,5.98,6.7,22.8,0,955.5,160,1.6,2.7,81,0,81,48,46,47,48,328,100,20,97
BER,2023,4,16,12,8,84.8,9.1,5.6,5.98,6.8,23.1,0,955.5,158,1.2,2.3,54,0,54,32,31,32,32,329,100,20,97
BER,2023,4,16,13,8.1,85.4,9.2,5.8,6.05,6.9,23.3,0,955.6,167,0.9,1.7,44,0,44,26,25,26,26,330,100,20,97
BER,2023,4,16,14,8.2,83.6,9.1,5.6,5.98,6.9,23.3,0,955.6,180,0.6,1.4,40,0,40,23,23,23,23,330,100,20,97
BER,2023,4,16,15,8.2,84.8,9.2,5.8,6.05,7,23.4,0,955.7,156,1,2.2,39,0,39,23,22,23,23,330,100,20,97
BER,2023,4,16,16,8.2,84.8,9.2,5.8,6.04,7,23.4,0,955.9,153,1.1,1.8,59,0,59,35,34,35,35,330,100,20,97
BER,2023,4,16,17,8.1,86,9.3,5.9,6.11,7,23.5,0,956.1,166,0.8,1.7,34,0,34,20,20,20,20,330,100,20,97
BER,2023,4,16,18,7.9,89,9.5,6.2,6.24,7,23.6,0,956.3,207,0.2,0.9,17,0,17,10,10,10,10,330,100,20,97
BER,2023,4,16,19,7.7,90.2,9.5,6.2,6.24,6.9,23.4,0,956.5,162,0.4,1.1,0,0,0,0,0,0,0,329,100,20,97
BER,2023,4,16,20,7.4,93.4,9.6,6.4,6.3,6.9,23.3,0,956.7,90,0.2,0.8,0,0,0,0,0,0,0,329,100,20,97
BER,2023,4,16,21,7.3,94,9.6,6.4,6.31,6.8,23.2,0.1,956.4,90,0.2,0.6,0,0,0,0,0,0,0,328,100,20,97
BER,2023,4,16,22,7.2,94.6,9.6,6.4,6.31,6.8,23.1,0.2,956.2,90,0.1,0.3,0,0,0,0,0,0,0,327,100,20,97
BER,2023,4,16,23,7,94.6,9.5,6.2,6.24,6.6,22.7,0.1,955.9,135,0.2,0.6,0,0,0,0,0,0,0,326,100,20,97
BER,2023,4,17,0,7.1,94,9.5,6.2,6.25,6.6,22.8,0.3,955.6,135,0.3,0.7,0,0,0,0,0,0,0,325,100,20,97
BER,2023,4,17,1,7.1,94,9.5,6.2,6.25,6.6,22.8,0.5,955.1,162,0.3,0.6,0,0,0,0,0,0,0,325,100,21,97
BER,2023,4,17,2,7.1,93.3,9.4,6.1,6.18,6.6,22.7,0.2,954.9,166,0.4,1.1,0,0,0,0,0,0,0,325,100,21,97
BER,2023,4,17,3,6.9,91.4,9.1,5.6,5.99,6.3,22,0.2,954.8,166,0.8,2,0,0,0,0,0,0,0,324,100,21,97
BER,2023,4,17,4,6.8,93.3,9.2,5.8,6.05,6.3,22,0,954.6,135,0.2,0.9,0,0,0,0,0,0,0,320,90,21,97
BER,2023,4,17,5,6.8,94,9.3,5.9,6.12,6.4,22.2,0.1,954.6,90,0.1,0.7,0,0,0,0,0,0,0,309,64,21,97
BER,2023,4,17,6,6.9,93.3,9.3,5.9,6.12,6.4,22.3,0.1,954.8,162,0.3,1.5,56,113,41,42,139,24,24,314,71,21,97
BER,2023,4,17,7,7.5,92.7,9.6,6.4,6.32,6.9,23.4,0.1,954.7,27,0.4,1.7,160,155,109,63,222,92,63,317,71,21,97
BER,2023,4,17,8,8.2,90.9,9.9,6.8,6.52,7.5,24.6,0,954.7,39,2.1,7,71,0,71,42,41,42,42,327,94,21,97
BER,2023,4,17,9,8.6,89.7,10,7,6.58,7.8,25.2,0,954.7,41,2.9,7.3,122,0,122,72,70,72,73,330,100,21,97
BER,2023,4,17,10,9.5,84.4,10,7,6.59,8.2,26.1,0,954.5,35,3.2,7.9,149,4,146,86,87,89,87,332,94,21,97
BER,2023,4,17,11,9.5,81.5,9.7,6.5,6.39,8,25.6,0,954.4,42,4.1,7.9,188,0,187,111,108,111,112,335,100,21,97
BER,2023,4,17,12,10.6,75.7,9.7,6.5,6.39,8.5,26.8,0,954,54,4,8.6,442,233,257,152,162,331,204,317,75,21,97
BER,2023,4,17,13,12.1,63.1,8.9,5.3,5.86,8.6,26.9,0,953.7,41,4.1,9.3,635,522,233,160,159,497,358,296,55,21,97
BER,2023,4,17,14,12.7,57.8,8.5,4.6,5.6,8.6,26.9,0,953.2,43,4.5,9.6,592,457,268,154,152,462,462,299,50,21,97
BER,2023,4,17,15,13.4,50.7,7.8,3.4,5.13,8.4,26.4,0,952.8,59,4.1,9.6,287,152,196,112,110,198,247,322,71,21,97
BER,2023,4,17,16,13.3,49.3,7.5,2.9,4.94,8.2,25.8,0,952.5,69,3.5,8.3,410,663,116,78,79,263,699,292,51,21,97
BER,2023,4,17,17,13.3,51.8,7.9,3.6,5.2,8.4,26.5,0,952.6,51,3.6,7.8,250,556,88,63,52,109,617,285,40,21,97
BER,2023,4,17,18,11.3,63.4,8.5,4.6,5.6,7.9,25.5,0,953.1,35,4.2,9.4,71,215,47,66,26,27,246,295,54,21,97
BER,2023,4,17,19,9.7,70,8.4,4.5,5.53,7.1,23.7,0,953.6,31,3.6,7.1,0,0,0,0,0,0,0,299,63,21,97
BER,2023,4,17,20,8.9,73.9,8.4,4.5,5.53,6.7,22.9,0,953.6,31,3.9,7.7,0,0,0,0,0,0,0,282,29,21,97
BER,2023,4,17,21,8.2,77.5,8.4,4.5,5.53,6.4,22.1,0,953.5,30,4.5,8.8,0,0,0,0,0,0,0,295,13,21,97
BER,2023,4,17,22,7.7,79,8.3,4.3,5.46,6.1,21.5,0,953.2,31,4.2,8.6,0,0,0,0,0,0,0,295,0,21,97
BER,2023,4,17,23,6.9,83.5,8.3,4.3,5.46,5.6,20.7,0,953,27,3.2,7.4,0,0,0,0,0,0,0,292,0,21,97
BER,2023,4,18,0,6.5,87,8.4,4.5,5.53,5.5,20.4,0,952.7,29,4.2,6.8,0,0,0,0,0,0,0,290,0,21,97
BER,2023,4,18,1,7,85.9,8.6,4.8,5.67,5.9,21.3,0,952.4,32,4.2,8.5,0,0,0,0,0,0,0,278,6,21,97
BER,2023,4,18,2,7.3,85.3,8.7,5,5.74,6.2,21.8,0,951.9,28,4.5,8.7,0,0,0,0,0,0,0,278,0,21,97
BER,2023,4,18,3,7,87.1,8.7,5,5.74,6,21.4,0,952.2,27,2.8,7.3,0,0,0,0,0,0,0,289,16,21,97
BER,2023,4,18,4,6.6,88.3,8.6,4.8,5.67,5.7,20.9,0,952.1,36,0.9,3,0,0,0,0,0,0,0,292,29,21,97
BER,2023,4,18,5,6.6,88.3,8.6,4.8,5.67,5.7,20.9,0,952.2,18,0.7,2.4,0,0,0,0,0,0,0,298,48,21,97
BER,2023,4,18,6,6.7,90.8,8.9,5.3,5.87,6,21.5,0,952.3,360,0.9,2,76,120,60,55,156,34,35,296,40,21,97
BER,2023,4,18,7,8.5,83.1,9.2,5.8,6.07,7.1,23.8,0,952.5,37,2.1,4.4,278,546,95,56,607,145,56,296,25,21,97
BER,2023,4,18,8,9.5,76.6,9.1,5.6,6,7.5,24.7,0,952.5,32,1.8,4.8,331,241,218,122,364,217,122,298,43,21,97
BER,2023,4,18,9,10.2,70.6,8.8,5.1,5.8,7.6,24.9,0,952.6,24,3.2,6.4,313,47,284,166,205,195,167,325,94,21,97
BER,2023,4,18,10,11.3,67.5,9,5.5,5.93,8.3,26.3,0,952.7,27,3.6,6.7,457,163,337,191,300,320,192,321,84,21,97
BER,2023,4,18,11,12.5,63.6,9.2,5.8,6.07,9,27.9,0,952.4,13,3.8,7.1,784,761,184,127,390,659,126,288,38,21,97
BER,2023,4,18,12,13.7,59.2,9.3,5.9,6.13,9.6,29.3,0,952.2,22,4.3,8.7,876,986,83,102,165,750,172,279,6,21,97
BER,2023,4,18,13,14.3,58.2,9.5,6.2,6.27,10,30.2,0,952,16,5,9.3,838,966,85,99,102,709,426,259,0,21,97
BER,2023,4,18,14,15.2,56,9.7,6.5,6.4,10.5,31.5,0,952,24,5.1,10.2,747,919,94,92,94,610,624,260,0,21,97
BER,2023,4,18,15,15.5,55.7,9.8,6.7,6.47,10.7,31.9,0,952,28,5.1,10.8,617,883,86,78,80,467,761,281,0,21,97
BER,2023,4,18,16,15.2,54.9,9.5,6.2,6.27,10.4,31.1,0,952.2,39,4.7,9.3,445,761,90,65,66,290,767,299,38,21,97
BER,2023,4,18,17,14.5,58.2,9.6,6.4,6.33,10.2,30.6,0,952.4,37,4.6,9.5,274,714,59,52,42,107,754,279,19,21,97
BER,2023,4,18,18,13.7,58.8,9.2,5.8,6.06,9.6,29.1,0,952.9,40,4.6,9.3,89,334,38,71,22,22,361,299,39,21,97
BER,2023,4,18,19,11.8,68,9.4,6.1,6.19,8.8,27.5,0,953.3,20,2.4,5.3,0,0,0,0,0,0,0,277,26,21,97
BER,2023,4,18,20,10.8,72.7,9.4,6.1,6.19,8.4,26.5,0,953.7,26,3.4,6.2,0,0,0,0,0,0,0,258,6,21,97
BER,2023,4,18,21,10.1,76.7,9.5,6.2,6.26,8.1,25.9,0,953.8,26,3,6.2,0,0,0,0,0,0,0,256,0,21,97
BER,2023,4,18,22,9.4,79.8,9.4,6.1,6.19,7.7,25,0,954.4,9,0.8,4.2,0,0,0,0,0,0,0,253,0,21,97
BER,2023,4,18,23,8.2,84.8,9.2,5.8,6.05,7,23.5,0,954.4,4,1.4,3.6,0,0,0,0,0,0,0,268,0,21,97
BER,2023,4,19,0,7.7,86.5,9.1,5.6,5.99,6.7,22.8,0,954.4,18,0.9,3.7,0,0,0,0,0,0,0,282,0,21,97
BER,2023,4,19,1,7.2,88.9,9,5.5,5.92,6.4,22.1,0,954.4,360,1,4.5,0,0,0,0,0,0,0,290,0,22,97
BER,2023,4,19,2,6.8,90.1,8.9,5.3,5.86,6.1,21.5,0,954.2,17,1.1,3.4,0,0,0,0,0,0,0,291,0,22,97
BER,2023,4,19,3,7.2,89.6,9.1,5.6,5.99,6.4,22.3,0,954.2,23,2.1,4.8,0,0,0,0,0,0,0,291,0,22,97
BER,2023,4,19,4,7.3,90.2,9.2,5.8,6.06,6.6,22.6,0,954,26,2.6,4.5,0,0,0,0,0,0,0,291,0,22,97
BER,2023,4,19,5,7.8,89,9.4,6.1,6.19,6.9,23.4,0,954.1,30,2.4,4.5,3,0,3,2,2,2,2,285,20,22,97
BER,2023,4,19,6,8.3,86.6,9.5,6.2,6.25,7.2,24.1,0,954.2,34,2.7,4.8,55,47,50,39,76,30,30,283,55,22,97
BER,2023,4,19,7,8.8,84.9,9.6,6.4,6.32,7.6,24.7,0,954.5,35,2.6,4.2,117,8,114,68,75,69,68,305,100,22,97
BER,2023,4,19,8,9.2,84.3,9.8,6.7,6.45,7.9,25.5,0,954.5,25,1.5,2.8,146,0,146,87,85,87,87,331,100,22,97
BER,2023,4,19,9,10.1,78.3,9.7,6.5,6.39,8.2,26.2,0,954.3,31,1.4,3.2,187,3,186,111,110,112,111,335,100,22,97
BER,2023,4,19,10,10.8,73.2,9.5,6.2,6.26,8.4,26.6,0,953.8,21,1.1,2.8,304,31,282,166,188,189,167,338,100,22,97
BER,2023,4,19,11,12.5,65.4,9.5,6.2,6.26,9.2,28.4,0,953.3,36,1.7,4.4,537,227,359,206,318,389,207,336,78,22,97
BER,2023,4,19,12,12.9,63.7,9.5,6.2,6.27,9.4,28.8,0,952.6,10,3,6.1,568,228,384,216,234,418,281,345,81,22,97
BER,2023,4,19,13,13.2,63.4,9.6,6.4,6.33,9.6,29.3,0,952.3,21,3.3,8.4,677,457,321,177,175,540,420,323,56,22,97
BER,2023,4,19,14,13.7,61.3,9.6,6.4,6.34,9.8,29.8,0,951.4,12,3.8,9.5,686,680,204,122,123,556,581,304,39,22,97
BER,2023,4,19,15,14.2,58.6,9.5,6.2,6.28,9.9,30.1,0,950.7,17,4.1,8.1,622,889,84,80,82,466,766,269,13,22,97
BER,2023,4,19,16,13.7,58,9.1,5.6,6.01,9.5,29,0,950.4,18,4.7,8.5,459,835,71,62,63,290,824,269,0,22,97
BER,2023,4,19,17,13.2,60.8,9.2,5.8,6.08,9.3,28.6,0,950.3,22,4.1,9.2,277,716,58,54,43,105,756,270,13,22,97
BER,2023,4,19,18,12.2,61.8,8.8,5.1,5.81,8.6,26.9,0,950.1,32,3.3,7.2,87,333,36,74,21,21,360,301,48,22,97
BER,2023,4,19,19,10.6,70.7,9,5.5,5.95,8,25.6,0,950.3,17,2.4,4.6,0,0,0,0,0,0,0,315,68,22,97
BER,2023,4,19,20,10.2,72.6,9,5.5,5.95,7.8,25.2,0,950.2,25,2.4,4.8,0,0,0,0,0,0,0,327,88,22,97
BER,2023,4,19,21,9.8,75.1,9.1,5.6,6.02,7.7,25,0,949.9,29,3.6,7,0,0,0,0,0,0,0,305,59,22,97
BER,2023,4,19,22,8.2,80.2,8.7,5,5.75,6.6,22.7,0,949.8,27,5.1,11,0,0,0,0,0,0,0,309,68,22,97
BER,2023,4,19,23,6.7,80.6,7.9,3.6,5.22,5.2,19.8,0,949.4,27,5.9,10.1,0,0,0,0,0,0,0,327,100,22,97
BER,2023,4,20,0,6.2,82.2,7.8,3.4,5.16,4.9,19.2,0,948.9,24,5.1,9.7,0,0,0,0,0,0,0,325,100,22,97
BER,2023,4,20,1,5.9,82.8,7.7,3.2,5.09,4.6,18.7,0,948.2,25,5.2,9.4,0,0,0,0,0,0,0,323,100,22,97
BER,2023,4,20,2,5.6,82.7,7.5,2.9,4.96,4.4,18.1,0,947.7,21,3.5,8.7,0,0,0,0,0,0,0,322,100,22,97
BER,2023,4,20,3,5.4,82.7,7.4,2.7,4.9,4.2,17.7,0,947.1,21,2.9,6.1,0,0,0,0,0,0,0,321,100,22,97
BER,2023,4,20,4,5,85,7.4,2.7,4.9,4,17.3,0,946.7,20,3,6,0,0,0,0,0,0,0,320,100,22,97
BER,2023,4,20,5,4.9,86.9,7.5,2.9,4.97,4,17.4,0,946.7,24,3.6,7.5,4,0,4,2,2,2,2,317,94,22,97
BER,2023,4,20,6,4.9,87.5,7.6,3,5.03,4,17.5,0,946.7,24,3.8,7.4,81,140,64,65,180,38,38,310,71,22,97
BER,2023,4,20,7,4.8,88.1,7.6,3,5.03,4,17.4,0,946.8,27,4.1,7.7,34,0,34,21,20,21,21,318,100,22,97
BER,2023,4,20,8,4.3,88.1,7.3,2.5,4.83,3.5,16.4,0,946.6,31,4.7,9.2,70,0,70,42,41,42,42,321,100,22,97
BER,2023,4,20,9,4.5,86.8,7.3,2.5,4.83,3.6,16.6,0,946.5,22,4.4,7.1,93,0,93,56,55,56,56,323,100,22,97
BER,2023,4,20,10,4.2,87.4,7.2,2.3,4.77,3.4,16.2,0,946.8,20,3.8,6.6,118,0,118,71,69,71,72,325,100,22,97
BER,2023,4,20,11,4.4,90.6,7.6,3,5.03,3.8,17,0,946.5,24,3.4,5.8,170,0,170,102,99,102,102,327,100,22,97
BER,2023,4,20,12,4.7,92.6,7.9,3.6,5.24,4.2,17.8,0.3,946.4,22,2.4,4.3,122,0,122,73,71,73,74,328,100,22,97
BER,2023,4,20,13,5.1,91.3,8,3.8,5.3,4.5,18.4,0.1,946.4,12,2,3.3,109,0,109,66,64,65,66,329,100,22,97
BER,2023,4,20,14,5.4,89.4,8,3.8,5.3,4.6,18.7,0,946.9,18,1.4,2.8,89,0,89,54,52,53,54,329,100,22,97
BER,2023,4,20,15,5.5,86.3,7.8,3.4,5.17,4.5,18.5,0.1,947.1,34,0.5,1.5,57,0,57,34,33,34,34,329,100,22,97
BER,2023,4,20,16,5.9,86.4,8,3.8,5.3,4.9,19.2,0.3,947.3,225,0.8,1.9,82,0,82,49,48,49,50,329,100,22,97
BER,2023,4,20,17,6.1,85.2,8,3.8,5.3,5,19.4,0.1,947.5,215,1.3,2.3,40,4,39,24,23,23,28,329,100,22,97
BER,2023,4,20,18,6.1,84,7.9,3.6,5.23,4.9,19.3,0,947.5,158,1.1,2,61,158,39,52,23,23,183,318,78,22,97
BER,2023,4,20,19,5.5,87.5,7.9,3.6,5.23,4.6,18.6,0,947.5,130,0.8,1.6,0,0,0,0,0,0,0,321,94,22,97
BER,2023,4,20,20,5.4,90,8.1,3.9,5.36,4.7,18.9,0,947.6,90,0.7,1.6,0,0,0,0,0,0,0,310,58,22,97
BER,2023,4,20,21,5.4,90,8.1,3.9,5.36,4.7,18.9,0,947.7,68,0.7,1.8,0,0,0,0,0,0,0,305,69,22,97
BER,2023,4,20,22,5.1,90,7.9,3.6,5.23,4.4,18.2,0,947.9,76,1.2,3.3,0,0,0,0,0,0,0,295,45,22,97
BER,2023,4,20,23,3.8,94.5,7.6,3,5.03,3.4,16.4,0,947.7,129,0.8,1.9,0,0,0,0,0,0,0,295,55,22,97
BER,2023,4,21,0,2.6,96.5,7.1,2.1,4.7,2.4,14.4,0,947.6,101,0.6,1.5,0,0,0,0,0,0,0,274,6,22,97
BER,2023,4,21,1,2.2,96.5,6.9,1.7,4.56,2,13.6,0,947.1,90,0.2,1.4,0,0,0,0,0,0,0,260,0,23,97
BER,2023,4,21,2,1.7,97.2,6.7,1.3,4.43,1.5,12.8,0,947.1,149,0.8,3,0,0,0,0,0,0,0,262,0,23,97
BER,2023,4,21,3,1.4,96.5,6.5,0.9,4.3,1.2,12.1,0,947.2,45,1,2.5,0,0,0,0,0,0,0,264,0,23,97
BER,2023,4,21,4,1.8,99.3,6.9,1.7,4.56,1.8,13.2,0,947.3,18,1,1.9,0,0,0,0,0,0,0,266,0,23,97
BER,2023,4,21,5,2.6,96.5,7.1,2.1,4.7,2.4,14.4,0,947.5,18,1,2.2,8,53,5,17,55,3,3,268,0,23,97
BER,2023,4,21,6,3,96.5,7.3,2.5,4.83,2.8,15.1,0,947.7,31,2.4,4.8,83,105,64,54,146,38,38,291,43,23,97
BER,2023,4,21,7,3.7,95.2,7.6,3,5.03,3.4,16.3,0,947.3,21,1.5,2.8,202,158,144,87,248,117,85,302,60,23,97
BER,2023,4,21,8,4.4,93.2,7.8,3.4,5.17,3.9,17.4,0,947.1,4,1.4,2.7,277,85,235,138,222,175,139,312,68,23,97
BER,2023,4,21,9,6.1,87,8.2,4.1,5.43,5.1,19.8,0,947,342,1,2.2,531,438,254,144,522,397,145,300,53,23,97
BER,2023,4,21,10,7.5,81.8,8.5,4.6,5.63,6.1,21.7,0,947.2,338,1.2,2.9,494,219,337,198,358,349,199,330,94,23,97
BER,2023,4,21,11,8.4,78,8.6,4.8,5.69,6.6,22.8,0,948,299,1.3,3.1,293,30,269,161,176,186,161,340,100,23,97
BER,2023,4,21,12,8.7,80.3,9,5.5,5.97,7.1,23.8,0.1,947.3,6,2.2,5.8,215,2,213,129,125,130,130,345,100,23,97
BER,2023,4,21,13,9.2,82.6,9.6,6.4,6.37,7.8,25.3,0,947.3,32,2,4.2,478,198,325,194,190,340,306,349,94,23,97
BER,2023,4,21,14,10.4,74.7,9.4,6.1,6.24,8.2,26.2,0,946.7,297,0.8,3.1,389,72,336,199,194,255,254,348,100,23,97
BER,2023,4,21,15,10.8,73.2,9.5,6.2,6.3,8.4,26.7,0,946.7,300,0.9,2.3,244,14,236,142,138,149,155,347,100,23,97
BER,2023,4,21,16,11.1,72.8,9.6,6.4,6.37,8.6,27.2,0,946.7,301,0.8,1.8,149,2,148,89,87,90,92,346,100,23,97
BER,2023,4,21,17,10.9,76.8,10,7,6.64,8.8,27.7,0,946.5,27,1.2,2.3,94,4,93,56,55,56,60,345,100,23,97
BER,2023,4,21,18,10.3,82.2,10.3,7.4,6.84,8.8,27.6,0,946.6,360,1.2,2.3,30,0,30,18,18,18,19,345,100,23,97
BER,2023,4,21,19,9.3,86.1,10.1,7.1,6.71,8.2,26.2,0,946.8,29,1.3,2.7,0,0,0,0,0,0,0,343,100,23,97
BER,2023,4,21,20,8.2,90.9,9.9,6.8,6.57,7.5,24.8,0,947,21,0.9,1.7,0,0,0,0,0,0,0,340,100,23,97
BER,2023,4,21,21,7.4,93.4,9.6,6.4,6.37,6.9,23.4,0,946.7,21,0.9,1.8,0,0,0,0,0,0,0,337,100,23,97
BER,2023,4,21,22,7.2,93.4,9.5,6.2,6.3,6.7,23.1,0,946.9,6,1,2.2,0,0,0,0,0,0,0,334,100,23,97
BER,2023,4,21,23,6.6,95.3,9.3,5.9,6.17,6.3,22.1,0,947,135,0.2,0.5,0,0,0,0,0,0,0,324,88,23,97
BER,2023,4,22,0,6,95.3,8.9,5.3,5.9,5.7,20.8,0,946.9,171,0.7,1.4,0,0,0,0,0,0,0,321,74,23,97
BER,2023,4,22,1,5.7,95.2,8.7,5,5.77,5.4,20.2,0,946.7,194,0.4,1.4,0,0,0,0,0,0,0,323,81,23,97
BER,2023,4,22,2,5,97.2,8.5,4.6,5.64,4.8,19.2,0,946.7,207,0.3,1,0,0,0,0,0,0,0,306,51,23,97
BER,2023,4,22,3,4.5,97.2,8.2,4.1,5.43,4.3,18.1,0,947.3,198,0.4,1.9,0,0,0,0,0,0,0,315,75,23,97
BER,2023,4,22,4,3.2,98.6,7.6,3,5.03,3.1,15.8,0,947.3,194,0.6,1.1,0,0,0,0,0,0,0,309,69,23,97
BER,2023,4,22,5,3.3,97.2,7.5,2.9,4.96,3.1,15.7,0,947.2,220,0.9,2.1,5,11,5,6,13,3,3,330,100,23,97
BER,2023,4,22,6,4.7,94.5,8.1,3.9,5.36,4.3,18.2,0,947.8,191,0.7,1.4,148,506,59,119,553,34,34,316,70,23,97
BER,2023,4,22,7,6.7,92.7,9.1,5.6,6.03,6.2,21.9,0,948.1,235,1.3,2.8,215,287,126,84,370,100,75,316,61,23,97
BER,2023,4,22,8,8.8,85.5,9.7,6.5,6.43,7.6,25,0,947.7,193,1.1,2.9,477,669,132,91,700,316,91,309,54,23,97
BER,2023,4,22,9,11.9,70.9,9.9,6.8,6.57,9.2,28.5,0,947.6,207,1.1,3.8,564,582,202,132,602,408,132,313,54,23,97
BER,2023,4,22,10,13.8,66.2,10.4,7.6,6.9,10.4,31.3,0,947.7,247,1.5,3.6,660,566,246,154,513,514,154,329,71,23,97
BER,2023,4,22,11,14.7,62.8,10.5,7.7,6.97,10.9,32.4,0,947.7,227,1.7,3.8,427,61,378,225,252,277,226,354,100,23,97
BER,2023,4,22,12,15.5,58.5,10.3,7.4,6.84,11.1,32.9,0,947.6,225,1.3,4.4,431,82,364,214,212,287,246,359,100,23,97
BER,2023,4,22,13,16.2,59.1,10.9,8.2,7.24,11.7,34.6,0,947.9,267,2.4,5.6,286,6,281,169,165,174,173,362,100,23,97
BER,2023,4,22,14,15.1,66.9,11.5,9,7.64,11.7,34.5,0.2,947.5,261,2.3,6.8,134,1,134,81,79,81,81,361,100,23,97
BER,2023,4,22,15,14.1,78.9,12.7,10.5,8.45,12,35.5,0,947.4,4,2,5.3,230,15,221,133,129,140,148,360,100,23,97
BER,2023,4,22,16,14.7,72.9,12.2,9.9,8.12,12,35.3,0,947.1,68,0.8,2.3,288,203,186,108,106,188,311,350,88,23,97
BER,2023,4,22,17,14.9,69.6,11.8,9.4,7.85,11.8,34.8,0,947,207,0.5,1.8,86,14,82,50,48,51,64,357,100,23,97
BER,2023,4,22,18,13.8,78.9,12.4,10.2,8.25,11.7,34.7,0,946.9,15,1.1,1.7,37,3,36,22,21,22,25,356,100,23,97
BER,2023,4,22,19,12.7,84.7,12.4,10.2,8.25,11.3,33.6,0,947.3,25,1.7,2.9,0,0,0,0,0,0,0,355,100,23,97
BER,2023,4,22,20,12.4,86.4,12.4,10.2,8.25,11.2,33.3,0,947.5,337,1.5,3.9,0,0,0,0,0,0,0,353,100,23,97
BER,2023,4,22,21,12.2,85.8,12.2,9.9,8.11,10.9,32.7,0,947.9,153,0.9,2.9,0,0,0,0,0,0,0,351,100,23,97
BER,2023,4,22,22,11.9,85.2,11.9,9.5,7.91,10.6,31.9,0,947.9,217,0.7,1.4,0,0,0,0,0,0,0,350,100,23,97
BER,2023,4,22,23,11,90.5,11.9,9.5,7.91,10.2,31,0,948.1,146,0.4,0.9,0,0,0,0,0,0,0,348,100,23,97
BER,2023,4,23,0,10.7,91.7,11.8,9.4,7.84,10,30.5,0,948.3,90,0.1,0.6,0,0,0,0,0,0,0,347,100,23,97
BER,2023,4,23,1,11.1,86.3,11.4,8.9,7.57,9.9,30.2,0.2,948.2,315,0.6,1.8,0,0,0,0,0,0,0,346,100,23,97
BER,2023,4,23,2,10.7,86.8,11.2,8.6,7.43,9.6,29.5,0,948.2,243,0.7,2,0,0,0,0,0,0,0,345,94,23,97
BER,2023,4,23,3,10.9,87.5,11.4,8.9,7.57,9.8,30,0.3,948.1,246,1.3,3.5,0,0,0,0,0,0,0,345,100,23,97
BER,2023,4,23,4,10.6,89.2,11.4,8.9,7.57,9.7,29.7,0,947.8,234,1.8,4.5,0,0,0,0,0,0,0,345,100,23,97
BER,2023,4,23,5,10.6,88.6,11.3,8.8,7.51,9.6,29.6,0,947.8,256,1.4,5.9,10,55,7,19,59,4,4,344,100,23,97
BER,2023,4,23,6,10.5,89.8,11.4,8.9,7.57,9.6,29.6,0.1,947.5,139,1,1.6,48,13,45,29,40,27,28,344,100,23,97
BER,2023,4,23,7,11.5,83.5,11.3,8.8,7.51,10,30.5,0,947,166,0.9,2.8,289,536,94,69,596,135,63,330,59,23,97
BER,2023,4,23,8,12.8,77.1,11.4,8.9,7.58,10.6,32,0,946.6,151,1.1,2.4,510,816,97,78,819,328,78,329,68,23,97
BER,2023,4,23,9,14.1,70.4,11.3,8.8,7.52,11.1,33.2,0,946.3,243,1,3.1,626,737,153,107,688,471,107,338,75,23,97
BER,2023,4,23,10,14.9,67.8,11.5,9,7.66,11.6,34.3,0,945.8,326,1.7,4.4,697,626,237,146,557,551,146,322,48,23,97
BER,2023,4,23,11,15.7,64.4,11.5,9,7.66,11.9,35.2,0,945.5,304,1.4,4.4,543,204,379,220,327,392,221,336,63,23,97
BER,2023,4,23,12,17.3,61.8,12.2,9.9,8.14,13,38,0,944.7,238,2,6.2,731,516,307,181,252,589,253,356,94,23,97
BER,2023,4,23,13,17.4,55.8,11.1,8.5,7.4,12.4,36.2,0,944.3,272,2.6,7.1,432,103,348,206,201,295,260,362,100,23,97
BER,2023,4,23,14,17.6,51.2,10.3,7.4,6.86,11.9,35.1,0,943.7,247,4.7,11.2,263,5,259,157,153,160,161,359,100,23,97
BER,2023,4,23,15,17.7,42.5,8.6,4.8,5.72,10.8,32.3,0,943.3,234,6.4,13.2,293,71,249,148,145,189,217,357,100,23,97
BER,2023,4,23,16,17.1,44.7,8.7,5,5.79,10.7,31.9,0,943.3,241,5.2,11.6,157,24,146,87,85,97,113,355,100,23,97
BER,2023,4,23,17,15.4,50.2,8.8,5.1,5.85,10,30.3,0,945,248,5.6,16.4,59,11,56,34,33,35,45,352,100,23,97
BER,2023,4,23,18,11.4,76.4,10.3,7.4,6.85,9.3,28.7,0.1,945.2,238,5,13.5,18,1,18,11,11,11,12,350,100,23,97
BER,2023,4,23,19,10.9,80.6,10.5,7.7,6.99,9.2,28.6,0.1,945.4,242,2.7,6.9,0,0,0,0,0,0,0,348,100,23,97
BER,2023,4,23,20,10.9,79,10.3,7.4,6.85,9,28.2,0,945.8,232,1.2,4.4,0,0,0,0,0,0,0,345,100,23,97
BER,2023,4,23,21,10.4,83.3,10.5,7.7,6.98,9,28,0,945.9,209,1.1,2.9,0,0,0,0,0,0,0,343,100,23,97
BER,2023,4,23,22,10.1,84.4,10.4,7.6,6.91,8.8,27.6,0,946.1,255,1.2,6.6,0,0,0,0,0,0,0,341,100,23,97
BER,2023,4,23,23,9.5,86.1,10.2,7.3,6.78,8.3,26.6,0.6,946,244,3.1,8.4,0,0,0,0,0,0,0,338,100,23,97
BER,2023,4,24,0,8.8,89.1,10.1,7.1,6.72,7.9,25.7,1.5,945.6,208,2.9,7.2,0,0,0,0,0,0,0,336,100,23,97
BER,2023,4,24,1,8.7,87.8,9.9,6.8,6.58,7.7,25.3,0,945.7,205,1.9,5.2,0,0,0,0,0,0,0,334,100,24,97
BER,2023,4,24,2,8.6,86.6,9.7,6.5,6.45,7.5,24.9,0.3,945.4,203,2.3,4.4,0,0,0,0,0,0,0,330,94,24,97
BER,2023,4,24,3,8.5,84.8,9.4,6.1,6.25,7.3,24.3,0,945.5,195,2.3,5.6,0,0,0,0,0,0,0,321,81,24,97
BER,2023,4,24,4,8.5,85.4,9.5,6.2,6.31,7.3,24.4,0.3,945.6,203,1.4,4.1,0,0,0,0,0,0,0,334,100,24,97
BER,2023,4,24,5,8.4,87.8,9.7,6.5,6.44,7.4,24.6,0.1,946,193,1.9,4.4,1,0,1,0,0,0,0,308,49,24,97
BER,2023,4,24,6,9.2,84.9,9.9,6.8,6.57,8,25.8,0,946.7,202,1.9,5.1,119,306,56,80,347,34,34,305,63,24,97
BER,2023,4,24,7,10.7,78.4,10.1,7.1,6.7,8.8,27.6,0,947.1,232,3.2,8.9,313,614,101,80,683,132,67,287,50,24,97
BER,2023,4,24,8,10.9,69.8,9.1,5.6,6.03,8.2,26.2,0,947.8,251,5.3,11.6,322,349,159,100,436,197,100,310,69,24,97
BER,2023,4,24,9,11.2,60.7,8.1,3.9,5.36,7.6,24.8,0,948.4,263,5.1,11,481,370,233,145,432,347,145,325,84,24,97
BER,2023,4,24,10,11.5,55.5,7.5,2.9,4.96,7.3,24.1,0,948.7,261,5.4,12.1,283,8,277,168,170,173,169,337,94,24,97
BER,2023,4,24,11,12,50.7,7.1,2.1,4.69,7.2,23.9,0,948.8,255,6.9,14.3,587,336,318,182,359,453,182,332,78,24,97
BER,2023,4,24,12,12.4,53.4,7.7,3.2,5.09,7.9,25.3,0,948.7,264,5.7,12,194,10,186,113,114,121,113,338,94,24,97
BER,2023,4,24,13,12.5,55.3,8,3.8,5.29,8.2,25.9,0,948.7,250,6,12.8,636,585,169,123,124,510,368,321,78,24,97
BER,2023,4,24,14,13.3,50.3,7.7,3.2,5.09,8.3,26.2,0,948.4,255,6.4,13,636,493,273,170,169,482,496,320,71,24,97
BER,2023,4,24,15,13.6,51.5,8,3.8,5.29,8.7,27,0,948.1,268,4.9,10.5,460,353,249,151,149,317,466,307,63,24,97
BER,2023,4,24,16,13.5,47.9,7.4,2.7,4.89,8.2,25.9,0,948.1,266,5,10.2,494,792,116,81,82,303,833,294,43,24,97
BER,2023,4,24,17,12.4,52.3,7.5,2.9,4.96,7.7,25,0,948.2,273,4.3,9.1,269,561,78,66,55,101,613,298,61,24,97
BER,2023,4,24,18,11.4,55,7.4,2.7,4.89,7.2,23.8,0,948.1,266,2.8,6.8,40,15,37,25,22,22,38,316,81,24,97
BER,2023,4,24,19,10.5,58.4,7.4,2.7,4.89,6.8,22.9,0,948.6,255,2.1,4.8,0,0,0,0,0,0,0,309,74,24,97
BER,2023,4,24,20,10,60.4,7.4,2.7,4.89,6.5,22.4,0,949.1,238,1.6,3.9,0,0,0,0,0,0,0,324,88,24,97
BER,2023,4,24,21,9.4,61.1,7.2,2.3,4.75,6.1,21.4,0,949.1,221,2.1,5.2,0,0,0,0,0,0,0,309,63,24,97
BER,2023,4,24,22,9,61.9,7.1,2.1,4.69,5.8,20.8,0,948.7,215,1.6,3.7,0,0,0,0,0,0,0,326,100,24,97
BER,2023,4,24,23,8.9,61.5,7,1.9,4.63,5.7,20.6,0,948.4,212,1.3,2.7,0,0,0,0,0,0,0,321,88,24,97
BER,2023,4,25,0,8.8,61.9,7,1.9,4.63,5.6,20.5,0,948.1,193,1.4,3.2,0,0,0,0,0,0,0,321,100,24,97
BER,2023,4,25,1,8.8,63.7,7.2,2.3,4.76,5.8,20.8,0,947.6,175,1.2,2.9,0,0,0,0,0,0,0,315,100,24,97
BER,2023,4,25,2,8.7,65.9,7.4,2.7,4.9,5.9,21.1,0,947.2,187,0.9,2,0,0,0,0,0,0,0,321,100,24,97
BER,2023,4,25,3,8.3,68.7,7.5,2.9,4.97,5.8,20.8,0,947,208,1.7,3.8,0,0,0,0,0,0,0,321,94,24,97
BER,2023,4,25,4,7.2,71,7.2,2.3,4.77,4.9,19.2,0,946.8,209,2.1,4.3,0,0,0,0,0,0,0,307,60,24,97
BER,2023,4,25,5,6.9,74.6,7.4,2.7,4.9,5,19.2,0.1,946.9,197,1.8,3.5,5,2,5,4,5,3,3,320,88,24,97
BER,2023,4,25,6,6.5,83.4,8.1,3.9,5.36,5.3,20,0.5,947.4,233,1.6,4.8,34,0,34,21,20,21,21,320,100,24,97
BER,2023,4,25,7,6.5,88.9,8.6,4.8,5.7,5.7,20.8,0.6,947.4,211,0.9,2.5,116,40,99,59,101,70,60,321,94,24,97
BER,2023,4,25,8,6.8,85.2,8.4,4.5,5.56,5.7,20.8,1.3,948,227,2.2,9.3,109,5,107,65,69,67,65,325,100,24,97
BER,2023,4,25,9,8.2,79.1,8.6,4.8,5.69,6.5,22.6,0,948.3,276,1.2,4.4,499,513,181,121,544,350,121,321,88,24,97
BER,2023,4,25,10,7.4,80.7,8.3,4.3,5.48,5.9,21.2,0.6,949.7,298,3.3,8.9,282,18,268,163,171,177,163,329,100,24,97
BER,2023,4,25,11,7.9,83.6,8.9,5.3,5.88,6.6,22.7,0,950,213,2.4,4.9,305,53,262,156,178,203,157,330,94,24,97
BER,2023,4,25,12,8.5,76.4,8.5,4.6,5.61,6.6,22.7,0.1,950.2,258,2.4,6.1,153,2,151,92,90,93,92,331,100,24,97
BER,2023,4,25,13,10.2,66.8,8.3,4.3,5.48,7.3,24.1,0,950,236,2.4,6.1,789,702,226,159,161,628,448,313,59,24,97
BER,2023,4,25,14,10.7,66.9,8.6,4.8,5.68,7.7,25.1,0,950.1,193,3.4,6.7,570,316,336,193,190,423,429,321,75,24,97
BER,2023,4,25,15,9.2,73.9,8.6,4.8,5.68,7,23.5,0.6,950.1,208,2.5,10.6,89,1,89,54,53,54,55,331,100,24,97
BER,2023,4,25,16,10.3,69.6,8.7,5,5.75,7.6,24.8,0,950.2,191,2.2,5.2,461,681,134,90,91,280,738,308,51,24,97
BER,2023,4,25,17,10.1,73.6,9.1,5.6,6.01,7.8,25.3,0,950.4,147,2.1,5.1,287,576,92,83,61,107,641,299,50,24,97
BER,2023,4,25,18,9.6,69.5,8.3,4.3,5.48,7,23.4,0,950.7,41,1.2,4.2,47,38,42,35,25,26,64,305,68,24,97
BER,2023,4,25,19,7.9,79.1,8.4,4.5,5.54,6.2,21.9,0,951.3,76,0.6,2.2,0,0,0,0,0,0,0,313,56,24,97
BER,2023,4,25,20,7.5,83,8.6,4.8,5.67,6.2,21.8,0,951.6,163,1.1,2.8,0,0,0,0,0,0,0,313,61,24,97
BER,2023,4,25,21,7.3,85.3,8.7,5,5.74,6.2,21.8,0,951.7,170,1.2,2.8,0,0,0,0,0,0,0,304,40,24,97
BER,2023,4,25,22,6.2,90.7,8.6,4.8,5.67,5.5,20.5,0,951.9,27,1.1,2.1,0,0,0,0,0,0,0,291,23,24,97
BER,2023,4,25,23,5.9,92.6,8.6,4.8,5.67,5.4,20.2,0.1,952.1,135,0.4,1.2,0,0,0,0,0,0,0,297,46,24,97
BER,2023,4,26,0,6.2,89.5,8.5,4.6,5.6,5.4,20.3,0,952.2,180,1,2.5,0,0,0,0,0,0,0,287,29,24,97
BER,2023,4,26,1,5.1,91.3,8,3.8,5.27,4.5,18.3,0,952.3,164,0.8,1.9,0,0,0,0,0,0,0,265,13,23,97
BER,2023,4,26,2,4.3,91.2,7.6,3,5.01,3.7,16.9,0,952,187,0.9,2.1,0,0,0,0,0,0,0,260,0,23,97
BER,2023,4,26,3,3.5,94.5,7.4,2.7,4.87,3.1,15.7,0,951.9,360,0.4,1.4,0,0,0,0,0,0,0,260,0,23,97
BER,2023,4,26,4,3,95.1,7.2,2.3,4.74,2.7,14.9,0,951.9,180,0.2,0.7,0,0,0,0,0,0,0,260,0,23,97
BER,2023,4,26,5,2.4,96.5,7,1.9,4.61,2.2,13.9,0,951.9,214,0.3,1,9,22,7,10,26,4,4,271,25,23,97
BER,2023,4,26,6,3.2,95.2,7.3,2.5,4.8,2.9,15.2,0,952.4,214,0.4,1.4,143,385,59,96,429,36,37,282,53,23,97
BER,2023,4,26,7,6.2,83.4,7.9,3.6,5.2,5,19.3,0,952.4,155,1.8,3.6,303,493,121,83,574,140,72,293,68,23,97
BER,2023,4,26,8,8.2,72.7,7.9,3.6,5.2,6,21.3,0,952,148,1.7,3.5,480,642,148,95,694,301,95,300,65,23,97
BER,2023,4,26,9,9.9,65.8,8,3.8,5.27,6.9,23.2,0,952,225,0.7,2.2,701,956,80,91,795,495,91,270,31,23,97
BER,2023,4,26,10,11.5,62.1,8.4,4.5,5.54,8,25.5,0,951.8,180,1,3.3,812,963,89,105,625,622,104,266,25,23,97
BER,2023,4,26,11,13.3,53.6,8.2,4.1,5.41,8.6,27,0,951.4,296,2.8,9.3,880,924,129,119,427,707,119,273,33,23,97
BER,2023,4,26,12,13.9,46.7,7.4,2.7,4.88,8.4,26.3,0,951.2,275,3.7,9.1,908,974,99,118,184,731,195,305,65,23,97
BER,2023,4,26,13,14.5,44.9,7.4,2.7,4.88,8.6,26.9,0,951,253,2.5,5.8,863,933,113,116,120,685,459,316,71,23,97
BER,2023,4,26,14,14.9,43.8,7.4,2.7,4.88,8.8,27.3,0,950.7,274,3,6.4,592,349,335,188,186,436,456,322,81,23,97
BER,2023,4,26,15,14.9,42,7.1,2.1,4.68,8.6,26.8,0,950.6,274,2.8,6.7,330,84,274,161,158,214,240,338,100,23,97
BER,2023,4,26,16,15.2,43.6,7.5,2.9,4.95,9,27.8,0,950.5,275,2.4,5.3,308,165,229,133,130,191,305,333,94,23,97
BER,2023,4,26,17,14.9,43.8,7.4,2.7,4.88,8.8,27.3,0,950.7,275,2.7,5.4,180,130,135,86,77,93,218,338,94,23,97
BER,2023,4,26,18,14.4,45.9,7.5,2.9,4.94,8.7,27,0,951.1,284,1.4,3.5,34,26,30,23,17,18,44,338,100,23,97
BER,2023,4,26,19,13.4,54,8.3,4.3,5.47,8.8,27.3,0,951.5,270,0.5,1.8,0,0,0,0,0,0,0,337,100,23,97
BER,2023,4,26,20,11.8,65.3,9,5.5,5.94,8.6,26.8,0,952.2,20,1.2,2.4,0,0,0,0,0,0,0,335,100,23,97
BER,2023,4,26,21,10.4,81.1,10.2,7.3,6.73,8.8,27.4,0.1,952.5,27,1.2,3.1,0,0,0,0,0,0,0,317,68,23,97
BER,2023,4,26,22,10.2,84.5,10.5,7.7,6.93,8.9,27.7,0.1,952.4,180,0.4,1,0,0,0,0,0,0,0,311,59,23,97
BER,2023,4,26,23,9.3,89.1,10.4,7.6,6.87,8.4,26.6,0,952.6,16,0.7,1.6,0,0,0,0,0,0,0,312,61,23,97
BER,2023,4,27,0,9.1,86.7,10,7,6.6,8,25.8,0,952.5,51,0.8,2.1,0,0,0,0,0,0,0,304,36,23,97
BER,2023,4,27,1,9.3,89.1,10.4,7.6,6.87,8.4,26.6,0,952.5,6,1,2.2,0,0,0,0,0,0,0,328,100,21,97
BER,2023,4,27,2,9.2,88.5,10.3,7.4,6.8,8.3,26.4,0,952.6,14,1.3,2.3,0,0,0,0,0,0,0,324,94,21,97
BER,2023,4,27,3,9.4,85.5,10.1,7.1,6.67,8.2,26.2,0,952.6,188,0.8,2.1,0,0,0,0,0,0,0,294,63,21,97
BER,2023,4,27,4,8.1,87.8,9.5,6.2,6.26,7.1,23.9,0,952.9,27,0.6,1.4,0,0,0,0,0,0,0,273,23,21,97
BER,2023,4,27,5,6.8,90.1,8.9,5.3,5.86,6.1,21.6,0,952.9,135,0.5,1.3,14,41,11,18,47,6,6,270,0,21,97
BER,2023,4,27,6,7.7,86.5,9.1,5.6,5.99,6.7,22.8,0,953.4,180,0.3,1.2,154,510,51,119,547,31,31,261,19,21,97
BER,2023,4,27,7,10.4,76.8,9.7,6.5,6.39,8.4,26.6,0,953.6,180,0.9,2.1,347,779,64,63,815,120,49,269,16,21,97
BER,2023,4,27,8,12.7,65.9,9.7,6.5,6.39,9.4,28.9,0,953.4,165,1.3,2.6,475,634,151,90,691,291,90,307,63,21,97
BER,2023,4,27,9,14.1,58.9,9.5,6.2,6.26,9.9,30,0,953.3,135,0.8,2.4,611,637,198,116,642,435,116,322,81,21,97
BER,2023,4,27,10,15,55.2,9.4,6.1,6.2,10.3,30.7,0,953.1,63,1,3.5,681,548,265,155,499,511,155,339,94,21,97
BER,2023,4,27,11,16.5,53.4,10,7,6.6,11.3,33.3,0,952.6,315,2,5.4,883,955,104,109,409,692,108,319,59,21,97
BER,2023,4,27,12,17.5,49.1,9.8,6.7,6.47,11.6,34,0,952.4,311,2.7,6.4,811,671,251,146,228,647,240,336,81,21,97
BER,2023,4,27,13,18.4,41.2,8.7,5,5.74,11.2,33,0,952.2,280,3.3,7.3,845,880,135,114,117,660,449,335,68,21,97
BER,2023,4,27,14,19.1,40.9,9,5.5,5.94,11.7,34.3,0,951.9,279,2.5,8.6,777,911,103,99,102,579,631,318,50,21,97
BER,2023,4,27,15,19,42.3,9.3,5.9,6.14,11.8,34.7,0,951.8,273,2.2,4.5,617,737,153,99,101,428,705,327,64,21,97
BER,2023,4,27,16,19.2,40,8.9,5.3,5.87,11.7,34.2,0,951.4,259,1.8,4.7,469,743,102,73,74,265,762,314,43,21,97
BER,2023,4,27,17,18.9,41.4,9,5.5,5.94,11.6,34.1,0,951.3,278,2.3,4.8,295,666,75,81,51,89,716,309,40,21,97
BER,2023,4,27,18,18.2,44.4,9.3,5.9,6.14,11.5,33.9,0,951.4,286,1.8,3.6,124,445,46,117,27,27,476,309,44,21,97
BER,2023,4,27,19,16.4,52.6,9.8,6.7,6.47,11.1,32.9,0,951.7,360,0.7,2.3,1,0,1,0,0,0,0,348,94,21,97
BER,2023,4,27,20,14.6,65,10.8,8.1,7.14,11,32.7,0,951.8,135,0.2,0.9,0,0,0,0,0,0,0,342,88,21,97
BER,2023,4,27,21,14.4,64.5,10.6,7.8,7.01,10.8,32.2,0,951.8,158,0.6,1.3,0,0,0,0,0,0,0,342,94,21,97
BER,2023,4,27,22,12.9,72.1,10.7,8,7.07,10.2,30.8,0,951.8,180,0.5,1.3,0,0,0,0,0,0,0,316,68,21,97
BER,2023,4,27,23,11.9,76,10.6,7.8,7.01,9.7,29.6,0,951.7,191,0.7,1.9,0,0,0,0,0,0,0,331,88,21,97
BER,2023,4,28,0,11.5,79.1,10.7,8,7.07,9.6,29.4,0,951.7,180,0.7,1.4,0,0,0,0,0,0,0,343,100,21,97
BER,2023,4,28,1,11.7,78,10.7,8,7.08,9.7,29.6,0,951.2,190,1.1,2.8,0,0,0,0,0,0,0,343,100,21,97
BER,2023,4,28,2,12,78.6,11,8.4,7.28,10,30.4,0,951,202,1.7,3.2,0,0,0,0,0,0,0,344,100,21,97
BER,2023,4,28,3,12.4,75.5,10.9,8.2,7.21,10.1,30.7,0,951,212,1.4,3.6,0,0,0,0,0,0,0,346,100,21,97
BER,2023,4,28,4,12,83,11.6,9.2,7.68,10.4,31.4,0.4,951.1,198,1.4,2.8,0,0,0,0,0,0,0,347,100,21,97
BER,2023,4,28,5,12.1,83,11.7,9.3,7.75,10.5,31.7,0,950.8,184,1.6,4.2,5,0,5,3,3,3,3,345,100,21,97
BER,2023,4,28,6,12.4,83.6,12,9.7,7.95,10.9,32.5,0,951.4,201,0.9,3.2,40,9,38,24,31,22,22,347,94,21,97
BER,2023,4,28,7,13.2,78.3,11.9,9.5,7.88,11.1,33.2,0.1,951.3,191,1.9,3.8,79,6,77,47,51,46,46,349,94,21,97
BER,2023,4,28,8,13.9,80.5,12.8,10.6,8.48,12,35.4,0.3,951.7,186,1.1,2.6,105,0,105,62,61,62,63,355,100,21,97
BER,2023,4,28,9,14.8,78.5,13.2,11.1,8.75,12.6,37,0.5,952,162,2,4.3,149,2,148,88,87,89,89,358,100,21,97
BER,2023,4,28,10,15.2,82.3,14.2,12.2,9.42,13.4,39.1,0.5,952.1,117,1,2.2,180,2,179,106,104,107,107,362,100,21,97
BER,2023,4,28,11,17.2,72.9,14.3,12.3,9.49,14.2,41.3,0,951.9,162,0.7,2.9,407,45,369,216,234,254,217,362,94,21,97
BER,2023,4,28,12,16.9,80.4,15.5,13.5,10.3,14.8,43.1,1,951.7,330,1.3,4.3,184,0,184,109,106,109,110,368,100,21,97
BER,2023,4,28,13,17.4,78.9,15.7,13.7,10.44,15.1,43.9,0,951.4,63,0.9,2.5,411,68,357,208,203,263,252,367,88,21,97
BER,2023,4,28,14,19.3,69.6,15.6,13.6,10.38,15.7,45.7,0,950.7,189,1.4,3.1,270,36,242,141,138,169,168,370,100,21,97
BER,2023,4,28,15,20,62,14.5,12.5,9.64,15.4,44.6,0,950.2,225,2.4,5.5,210,5,207,123,120,125,128,369,100,21,97
BER,2023,4,28,16,20.2,59.2,14,12,9.31,15.2,43.9,0,949.8,225,3.1,6.8,234,91,194,113,110,138,208,369,94,21,97
BER,2023,4,28,17,20.9,54.2,13.4,11.3,8.9,15.1,43.6,0,949.9,249,3.8,8.8,219,264,127,83,73,97,345,356,78,21,97
BER,2023,4,28,18,20.2,56.2,13.3,11.2,8.83,14.8,42.7,0,950.1,241,2.8,8.6,57,29,51,37,30,30,60,368,100,21,97
BER,2023,4,28,19,19.4,58.7,13.2,11.1,8.76,14.4,41.7,0,950,245,1.7,4.8,3,0,3,2,1,2,2,367,100,21,97
BER,2023,4,28,20,18.1,64.9,13.5,11.4,8.96,14.1,40.9,0,950.9,207,1.1,4.5,0,0,0,0,0,0,0,365,100,21,97
BER,2023,4,28,21,17,71.9,13.9,11.9,9.23,13.9,40.5,0,951.1,218,1.2,4.1,0,0,0,0,0,0,0,364,100,21,97
BER,2023,4,28,22,15.8,80.7,14.5,12.5,9.63,13.8,40.2,0.1,951.3,192,1.5,4.4,0,0,0,0,0,0,0,362,100,21,97
BER,2023,4,28,23,14.4,88.4,14.5,12.5,9.62,13.3,38.8,9.7,951.9,191,1.1,3.2,0,0,0,0,0,0,0,361,100,21,97
BER,2023,4,29,0,13.7,90.1,14.1,12.1,9.36,12.8,37.4,0.2,951.5,156,2.3,4.9,0,0,0,0,0,0,0,360,100,21,97
BER,2023,4,29,1,13.5,91.8,14.2,12.2,9.43,12.7,37.4,0.7,951.1,108,1.1,2.6,0,0,0,0,0,0,0,359,100,21,97
BER,2023,4,29,2,13.6,91.2,14.2,12.2,9.43,12.8,37.5,0,950.8,168,2.6,5.3,0,0,0,0,0,0,0,358,100,21,97
BER,2023,4,29,3,13.4,87.7,13.5,11.4,8.96,12.2,36.1,0,950.9,161,2.8,5.4,0,0,0,0,0,0,0,358,100,21,97
BER,2023,4,29,4,13.1,89.4,13.5,11.4,8.96,12.1,35.8,0.1,950.6,160,2.7,4.8,0,0,0,0,0,0,0,358,100,21,97
BER,2023,4,29,5,13,90.6,13.6,11.5,9.02,12.1,35.8,0.1,951.1,151,2.9,5.9,1,0,1,1,1,1,1,358,100,21,97
BER,2023,4,29,6,13.1,89.4,13.5,11.4,8.95,12.1,35.8,0,951.4,163,2.4,5.3,16,0,16,10,10,10,10,357,100,21,97
BER,2023,4,29,7,13.3,88.3,13.5,11.4,8.95,12.2,36,0,951.6,157,2.4,5.2,88,1,88,52,52,52,52,358,100,21,97
BER,2023,4,29,8,14.3,84.4,13.7,11.7,9.08,12.8,37.3,0,951.9,158,2.4,4.9,264,94,210,121,211,164,122,360,100,21,97
BER,2023,4,29,9,16,77.1,14,12,9.28,13.6,39.6,0,951.9,153,2.8,4.8,639,752,142,98,679,440,98,334,50,21,97
BER,2023,4,29,10,17.4,70.6,14,12,9.29,14.1,41,0,951.6,146,1.6,4.8,683,555,263,147,521,508,147,342,60,21,97
BER,2023,4,29,11,18.2,68.4,14.3,12.3,9.49,14.6,42.4,0,951.4,238,1.9,4.3,695,487,291,171,353,520,171,348,75,21,97
BER,2023,4,29,12,19.2,62.2,13.8,11.8,9.16,14.7,42.5,0,950.9,191,1.5,3.7,780,598,277,157,232,605,253,350,75,21,97
BER,2023,4,29,13,20.1,57.3,13.5,11.4,8.96,14.8,43,0,950.6,274,2,5.3,684,418,346,186,184,512,422,350,75,21,97
BER,2023,4,29,14,20.3,52.9,12.6,10.4,8.36,14.4,41.6,0,950.5,308,1.8,4.4,599,366,328,178,175,430,461,348,75,21,97
BER,2023,4,29,15,18.3,63.7,13.4,11.3,8.89,14.1,40.9,0.8,950.7,313,3.3,7.2,383,190,255,147,145,251,307,361,94,21,97
BER,2023,4,29,16,18,68,14,12,9.3,14.4,41.7,0,950.8,62,1.7,4.2,323,204,223,126,124,194,337,354,88,21,97
BER,2023,4,29,17,18.8,62.5,13.6,11.5,9.03,14.4,41.8,0,950.8,29,2.5,5,244,370,122,95,70,90,450,343,75,21,97
BER,2023,4,29,18,17.6,67.4,13.6,11.5,9.02,14,40.6,0,951.2,10,3.1,6.9,47,90,27,32,15,15,109,348,81,21,97
BER,2023,4,29,19,16.3,70.4,13,10.9,8.62,13.1,38.2,0,951.4,28,2,4.6,1,0,1,0,0,0,0,349,88,21,97
BER,2023,4,29,20,14.4,77.4,12.7,10.5,8.41,12.1,35.7,0,951.9,23,2.5,4.1,0,0,0,0,0,0,0,321,59,21,97
BER,2023,4,29,21,13.7,77.8,12.2,9.9,8.07,11.5,34.2,0,952.1,28,2.8,6.3,0,0,0,0,0,0,0,303,36,21,97
BER,2023,4,29,22,12.9,76.1,11.3,8.8,7.47,10.6,31.8,0,952.5,22,2.3,5.8,0,0,0,0,0,0,0,300,33,21,97
BER,2023,4,29,23,12,77.5,10.9,8.2,7.2,9.9,30.2,0,952.3,30,3.9,8,0,0,0,0,0,0,0,287,13,21,97
BER,2023,4,30,0,11.2,80.6,10.7,8,7.07,9.5,29.1,0,952.3,27,3.8,7.8,0,0,0,0,0,0,0,280,13,21,97
BER,2023,4,30,1,10.4,85.1,10.7,8,7.07,9.1,28.3,0,952,27,3.9,7,0,0,0,0,0,0,0,303,50,21,97
BER,2023,4,30,2,9.7,87.3,10.5,7.7,6.94,8.6,27.2,0,952,28,2.7,6.1,0,0,0,0,0,0,0,301,46,21,97
BER,2023,4,30,3,9.6,87.9,10.5,7.7,6.94,8.6,27.1,0,951.8,27,3.2,6.5,0,0,0,0,0,0,0,324,78,21,97
BER,2023,4,30,4,9.1,89.1,10.3,7.4,6.81,8.2,26.3,0,951.6,27,3.3,7,0,0,0,0,0,0,0,333,94,21,97
BER,2023,4,30,5,9,89.7,10.3,7.4,6.8,8.2,26.2,0,951.9,29,2.3,4.9,2,0,2,1,1,1,1,343,100,21,97
BER,2023,4,30,6,9.9,88,10.7,8,7.07,8.9,27.8,0,952.1,39,2.3,4.2,69,14,66,42,53,39,39,343,100,21,97
BER,2023,4,30,7,11.1,85.7,11.3,8.8,7.47,9.8,30,0,952,28,3.2,5.7,166,48,149,90,137,93,88,345,100,21,97
BER,2023,4,30,8,11.8,81.8,11.3,8.8,7.47,10.1,30.7,0,952,23,3.1,6.2,236,40,214,125,163,142,126,348,100,21,97
BER,2023,4,30,9,12.7,79.8,11.7,9.3,7.74,10.8,32.3,0,952,22,3.3,7.1,375,92,312,180,259,238,181,351,94,21,97
BER,2023,4,30,10,14.3,73.8,12,9.7,7.94,11.7,34.4,0,951.9,24,4.5,8.1,510,166,384,216,340,342,217,354,88,21,97
BER,2023,4,30,11,14.3,73.8,12,9.7,7.94,11.7,34.4,0,951.8,23,4.4,8.7,449,61,399,233,261,283,234,357,100,21,97
BER,2023,4,30,12,14.1,73.8,11.9,9.5,7.88,11.5,34.1,0,951.8,21,4,7.9,265,2,263,156,153,157,157,360,100,21,97
BER,2023,4,30,13,14.4,70.9,11.6,9.2,7.67,11.5,33.9,0,951.8,32,4.1,7.3,209,0,209,124,121,124,125,362,100,21,97
BER,2023,4,30,14,14.5,69.1,11.4,8.9,7.54,11.4,33.6,0,951.5,33,3.8,8.5,174,0,174,104,101,103,104,361,100,21,97
BER,2023,4,30,15,14.5,69.1,11.4,8.9,7.54,11.4,33.6,0,951.4,35,3.9,7.3,169,0,169,100,98,100,101,360,100,21,97
BER,2023,4,30,16,14.8,66.4,11.2,8.6,7.41,11.3,33.6,0,951.3,40,3.1,6,125,0,125,74,72,74,75,359,100,21,97
BER,2023,4,30,17,14.8,65.9,11.1,8.5,7.34,11.3,33.4,0,951.4,41,2,4.8,83,2,82,49,47,49,51,358,100,21,97
BER,2023,4,30,18,14.5,67.2,11.1,8.5,7.34,11.2,33.1,0,951.5,32,1,2.1,39,0,39,23,22,23,24,357,100,21,97
BER,2023,4,30,19,13.9,72.3,11.5,9,7.61,11.2,33.2,0,951.6,22,0.5,1.1,1,0,1,1,1,1,1,356,100,21,97
BER,2023,4,30,20,12.9,84.2,12.5,10.3,8.28,11.4,33.9,0,951.9,45,0.2,0.8,0,0,0,0,0,0,0,354,100,21,97
BER,2023,4,30,21,12.4,85.3,12.3,10,8.14,11,33,0,951.8,8,0.7,1.4,0,0,0,0,0,0,0,352,100,21,97
BER,2023,4,30,22,12.3,87,12.4,10.2,8.21,11.1,33.1,0.6,951.9,76,0.6,1.6,0,0,0,0,0,0,0,350,100,21,97
BER,2023,4,30,23,12,93,13,10.9,8.61,11.4,33.8,3.7,951.8,146,0.4,0.9,0,0,0,0,0,0,0,349,100,21,97
BER,2023,5,1,0,12,93.6,13.1,11,8.68,11.4,34,2.3,951.7,90,0.2,0.9,0,0,0,0,0,0,0,347,100,21,97
BER,2023,5,1,1,11.8,94.8,13.1,11,8.69,11.3,33.8,1.3,951.2,207,0.5,1.1,0,0,0,0,0,0,0,346,100,21,97
BER,2023,5,1,2,11.7,94.8,13,10.9,8.62,11.2,33.5,0.9,951,217,0.5,1.2,0,0,0,0,0,0,0,345,100,21,97
BER,2023,5,1,3,11.4,92.9,12.5,10.3,8.29,10.8,32.4,0.5,950.8,145,1.3,2.7,0,0,0,0,0,0,0,345,100,21,97
BER,2023,5,1,4,11.1,91.7,12.1,9.8,8.02,10.4,31.4,0.8,950.7,149,1.2,2.9,0,0,0,0,0,0,0,345,100,21,97
BER,2023,5,1,5,10.7,91,11.7,9.3,7.75,9.9,30.3,0.8,950.9,153,1.9,4.2,1,0,1,1,1,1,1,344,100,21,97
BER,2023,5,1,6,10.7,88.6,11.4,8.9,7.55,9.7,29.8,0.3,951.1,145,2.1,4,22,0,22,13,13,13,13,344,100,21,97
BER,2023,5,1,7,10.8,88.6,11.5,9,7.61,9.8,30,0.1,951.1,173,1.8,3.4,63,0,63,37,36,37,38,344,100,21,97
BER,2023,5,1,8,10.9,85.7,11.2,8.6,7.41,9.6,29.6,0.2,951.3,152,2.1,4.8,138,0,138,82,80,82,82,345,100,21,97
BER,2023,5,1,9,11.3,85.7,11.5,9,7.61,10,30.5,0.2,951.7,159,1.9,4.2,202,2,200,119,118,120,120,347,100,21,97
BER,2023,5,1,10,11.3,87.5,11.7,9.3,7.74,10.2,30.9,1.5,951.8,156,2,3.8,151,0,151,90,87,90,90,348,100,21,97
BER,2023,5,1,11,11.7,84.6,11.6,9.2,7.67,10.3,31.1,0,952,150,2.1,3.8,182,0,182,108,105,108,109,349,100,21,97
BER,2023,5,1,12,11.3,89.9,12,9.7,7.94,10.4,31.4,4.2,952,142,1.8,3.8,119,0,119,71,69,70,71,350,100,21,97
BER,2023,5,1,13,11.6,88.7,12.1,9.8,8.01,10.6,31.8,0.5,952.2,157,2.2,3.6,196,0,196,117,114,116,117,351,100,21,97
BER,2023,5,1,14,11.7,87.5,12,9.7,7.94,10.6,31.8,0.3,952.1,147,2.1,4.3,215,0,214,127,124,127,128,350,100,21,97
BER,2023,5,1,15,12,85.8,12,9.7,7.94,10.7,32.1,0.1,951.8,152,3.1,5.1,206,3,204,121,118,122,125,349,100,21,97
BER,2023,5,1,16,12,81.3,11.4,8.9,7.53,10.3,31.1,0,952.6,182,3.5,6.5,123,1,123,73,71,73,74,349,100,21,97
BER,2023,5,1,17,9.9,90.4,11,8.4,7.27,9.1,28.3,2.1,952.5,187,1.9,3.8,39,0,39,23,23,23,23,348,100,21,97
BER,2023,5,1,18,10.1,89.2,11,8.4,7.27,9.2,28.5,0.3,952.6,159,2.7,5.4,35,8,33,21,19,20,28,347,100,21,97
BER,2023,5,1,19,10,87.4,10.7,8,7.06,8.9,27.8,0,952.9,164,1.9,3.7,0,0,0,0,0,0,0,346,100,21,97
BER,2023,5,1,20,10.1,89.2,11,8.4,7.26,9.2,28.4,0,953.4,161,2.2,4.6,0,0,0,0,0,0,0,345,100,21,97
BER,2023,5,1,21,10.1,89.2,11,8.4,7.26,9.2,28.4,0,953.9,161,1.8,3.6,0,0,0,0,0,0,0,343,100,21,97
BER,2023,5,1,22,10,88,10.8,8.1,7.12,9,28,0,953.8,159,2,3.5,0,0,0,0,0,0,0,342,100,21,97
BER,2023,5,1,23,10,88.6,10.9,8.2,7.19,9,28.2,0,954.2,187,1.7,2.8,0,0,0,0,0,0,0,340,100,21,97
BER,2023,5,2,0,9.8,89.8,10.9,8.2,7.19,8.9,27.9,0,954.3,140,1.4,2.4,0,0,0,0,0,0,0,339,100,21,97
BER,2023,5,2,1,9,93.4,10.7,8,7.05,8.5,26.8,0,954.2,22,0.8,2.1,0,0,0,0,0,0,0,327,84,22,97
BER,2023,5,2,2,8.6,92.2,10.3,7.4,6.79,8,25.7,0,954.3,159,0.8,1.9,0,0,0,0,0,0,0,326,81,22,97
BER,2023,5,2,3,9.1,90.3,10.4,7.6,6.85,8.3,26.4,0,954.4,166,1.2,2.8,0,0,0,0,0,0,0,330,84,22,97
BER,2023,5,2,4,9.2,90.9,10.6,7.8,6.98,8.5,26.8,0,954.7,185,1.1,2.3,0,0,0,0,0,0,0,339,100,22,97
BER,2023,5,2,5,9.2,90.3,10.5,7.7,6.91,8.4,26.6,0,955,166,0.9,1.9,22,71,15,31,79,9,9,317,63,22,97
BER,2023,5,2,6,9,93.4,10.7,8,7.04,8.5,26.8,0,955.9,22,1.1,2.3,85,79,64,53,120,37,38,319,68,22,97
BER,2023,5,2,7,10.5,88,11.2,8.6,7.37,9.5,29.1,0,956.3,90,0.8,2.1,304,470,112,70,537,133,69,309,54,22,97
BER,2023,5,2,8,12.3,77.6,11.1,8.5,7.3,10.2,30.8,0,956.4,59,1.5,5.3,498,680,141,95,721,277,95,302,41,22,97
BER,2023,5,2,9,13.8,68,10.7,8,7.04,10.6,31.6,0,956.5,45,3.1,7.3,461,226,315,179,385,302,179,320,64,22,97
BER,2023,5,2,10,14.5,63.2,10.4,7.6,6.84,10.7,31.9,0,956.6,67,3.7,7.3,623,368,341,188,455,446,189,313,55,22,97
BER,2023,5,2,11,14.6,59.5,9.9,6.8,6.5,10.4,31.1,0,956.6,50,3.7,8,669,375,357,207,369,482,207,323,63,22,97
BER,2023,5,2,12,15.4,57.3,10,7,6.57,10.8,32.1,0,956.5,55,3.2,8.2,639,270,410,229,278,457,279,331,68,22,97
BER,2023,5,2,13,16.2,51.1,9.4,6.1,6.17,10.8,31.9,0,956.4,51,3.7,7.5,732,654,191,134,135,546,380,315,54,22,97
BER,2023,5,2,14,17,51.7,10,7,6.57,11.5,33.7,0,956.2,33,3.6,7.8,733,729,178,132,133,520,558,313,51,22,97
BER,2023,5,2,15,15.9,54.7,9.9,6.8,6.5,10.9,32.4,0,956.6,62,3.3,7.6,260,20,247,147,143,157,167,351,100,22,97
BER,2023,5,2,16,16,54,9.8,6.7,6.44,10.9,32.4,0,956.7,71,3.4,8.5,277,109,224,130,127,164,245,340,88,22,97
BER,2023,5,2,17,15.7,52.1,9.3,5.9,6.1,10.5,31.2,0,956.9,59,2.5,6.3,109,24,101,64,58,60,86,339,81,22,97
BER,2023,5,2,18,15.2,54.9,9.5,6.2,6.24,10.4,31,0,957.2,62,3,7.9,66,88,45,45,26,26,117,330,84,22,97
BER,2023,5,2,19,13.9,62.2,9.9,6.8,6.5,10.1,30.4,0,957.5,31,1.3,3,3,0,3,2,2,2,2,347,100,22,97
BER,2023,5,2,20,11.8,78.6,10.9,8.2,7.16,9.8,29.9,0,957.8,27,2.5,4.1,0,0,0,0,0,0,0,318,71,22,97
BER,2023,5,2,21,10.7,84.5,10.9,8.2,7.16,9.4,28.8,0,957.9,29,2.2,3.9,0,0,0,0,0,0,0,299,53,22,97
BER,2023,5,2,22,9.9,89.2,10.9,8.2,7.16,9,28,0,957.7,27,2.7,4.8,0,0,0,0,0,0,0,261,6,22,97
BER,2023,5,2,23,9.5,90.3,10.7,8,7.03,8.7,27.2,0,957.7,33,3,6.5,0,0,0,0,0,0,0,253,0,22,97
BER,2023,5,3,0,9.2,90.9,10.6,7.8,6.96,8.5,26.8,0,957.6,39,2.6,5.9,0,0,0,0,0,0,0,266,0,22,97
BER,2023,5,3,1,8.7,90.9,10.2,7.3,6.7,8,25.6,0,957.3,33,2.8,5,0,0,0,0,0,0,0,280,0,20,97
BER,2023,5,3,2,8.1,91.5,9.9,6.8,6.5,7.4,24.5,0,957.2,32,2.3,3.9,0,0,0,0,0,0,0,280,0,20,97
BER,2023,5,3,3,7.3,92.7,9.5,6.2,6.24,6.7,23,0,957,50,1,2.9,0,0,0,0,0,0,0,255,0,20,97
BER,2023,5,3,4,7,92.1,9.2,5.8,6.04,6.4,22.2,0,956.9,41,1.1,3.6,0,0,0,0,0,0,0,247,0,20,97
BER,2023,5,3,5,6,93.9,8.8,5.1,5.77,5.6,20.5,0,957.3,27,0.7,1.9,26,93,17,40,100,10,10,246,0,20,97
BER,2023,5,3,6,7.8,90.8,9.6,6.4,6.3,7.1,23.7,0,957.5,18,0.4,2.5,178,504,65,140,547,36,36,246,0,20,97
BER,2023,5,3,7,10.2,83.9,10.4,7.6,6.83,8.8,27.5,0,957.3,29,2.2,5.1,372,747,84,86,793,106,53,246,0,20,97
BER,2023,5,3,8,11.8,77.5,10.7,8,7.04,9.7,29.6,0,956.5,35,3.6,7.9,534,764,118,76,771,295,76,249,0,20,97
BER,2023,5,3,9,13.2,69.3,10.5,7.7,6.9,10.2,30.7,0,956.4,39,4.1,7.9,706,892,104,85,750,455,85,252,0,20,97
BER,2023,5,3,10,14.9,63.3,10.7,8,7.04,11.1,32.8,0,956.4,37,4.8,10.2,829,940,102,95,604,583,95,255,0,20,97
BER,2023,5,3,11,15.6,59.7,10.6,7.8,6.97,11.3,33.3,0,956.5,43,4.8,10.4,900,946,111,103,401,663,103,259,0,20,97
BER,2023,5,3,12,16.5,56,10.5,7.7,6.91,11.6,34.1,0,956.3,43,5,10.4,917,937,119,107,168,684,197,268,13,20,97
BER,2023,5,3,13,17.6,52.2,10.5,7.7,6.91,12.1,35.2,0,955.9,68,4.1,9.5,879,915,125,104,107,646,449,264,0,20,97
BER,2023,5,3,14,18.2,52,10.9,8.2,7.18,12.5,36.5,0,955.3,54,5.5,10.5,785,862,135,99,101,551,628,265,0,20,97
BER,2023,5,3,15,18.4,51.4,10.9,8.2,7.18,12.6,36.7,0,954.8,41,6.1,12.2,658,833,119,85,87,415,748,266,0,20,97
BER,2023,5,3,16,18.4,50.7,10.7,8,7.05,12.5,36.4,0,954.8,41,5.4,10.6,497,775,103,69,70,250,789,266,0,20,97
BER,2023,5,3,17,18,52,10.7,8,7.05,12.4,36,0,954.9,39,5.2,9.8,320,689,79,91,50,82,737,278,13,20,97
BER,2023,5,3,18,17.1,55,10.7,8,7.05,12,35,0,955.1,38,4.3,9.3,141,455,56,142,31,31,489,288,29,20,97
BER,2023,5,3,19,15.3,61.7,10.7,8,7.04,11.3,33.2,0,955.4,30,3.4,6.8,10,43,7,19,4,4,46,267,6,20,97
BER,2023,5,3,20,13.6,69.3,10.8,8.1,7.11,10.6,31.6,0,955.6,29,3.6,5.8,0,0,0,0,0,0,0,265,0,20,97
BER,2023,5,3,21,12.4,74.5,10.7,8,7.04,10,30.2,0,955.5,26,2.6,5.6,0,0,0,0,0,0,0,262,0,20,97
BER,2023,5,3,22,12,74.9,10.5,7.7,6.91,9.7,29.5,0,955.4,18,0.8,2.2,0,0,0,0,0,0,0,259,0,20,97
BER,2023,5,3,23,10.4,81.6,10.3,7.4,6.78,8.8,27.5,0,955.2,24,2,3.8,0,0,0,0,0,0,0,257,0,20,97
BER,2023,5,4,0,9.4,86.7,10.2,7.3,6.71,8.3,26.3,0,955.2,17,1.7,4,0,0,0,0,0,0,0,264,13,20,97
BER,2023,5,4,1,8.3,90.3,9.9,6.8,6.51,7.5,24.7,0,955.1,6,0.9,1.7,0,0,0,0,0,0,0,296,53,18,97
BER,2023,5,4,2,7.5,93.4,9.7,6.5,6.38,7,23.6,0,955.2,45,0.3,1.2,0,0,0,0,0,0,0,269,23,18,97
BER,2023,5,4,3,7.2,94.6,9.6,6.4,6.31,6.8,23.1,0,955.3,14,0.4,1,0,0,0,0,0,0,0,254,0,18,97
BER,2023,5,4,4,7,94.6,9.5,6.2,6.25,6.6,22.7,0,955.3,360,0.1,0.4,0,0,0,0,0,0,0,255,0,18,97
BER,2023,5,4,5,6.8,95.3,9.4,6.1,6.18,6.4,22.4,0,955.5,180,0.3,0.8,27,102,18,43,110,10,10,256,0,18,97
BER,2023,5,4,6,8.3,92.1,10.1,7.1,6.64,7.7,25,0,955.8,225,0.4,1.2,182,518,63,142,559,35,35,256,0,18,97
BER,2023,5,4,7,11.4,82.9,11.2,8.6,7.38,9.9,30.1,0,955.7,196,0.8,1.9,363,717,84,83,759,101,51,283,25,18,97
BER,2023,5,4,8,13.9,72.3,11.5,9,7.58,11.2,33.1,0,955.4,207,0.7,1.9,531,764,116,72,768,282,71,297,44,18,97
BER,2023,5,4,9,15.7,67.5,12,9.7,7.91,12.3,35.8,0,955.3,225,0.6,2.2,670,763,155,94,688,432,94,320,59,18,97
BER,2023,5,4,10,17.8,63.1,12.9,10.7,8.52,13.6,39.5,0,955,162,0.8,2.3,817,909,112,91,590,566,90,291,33,18,97
BER,2023,5,4,11,19.5,55.3,12.5,10.3,8.25,14.1,40.5,0,954.5,279,1.4,3.3,894,940,108,96,389,646,96,293,13,18,97
BER,2023,5,4,12,20.5,54.1,13,10.9,8.59,14.7,42.4,0,954,241,1.4,3.7,909,924,119,100,166,665,184,310,33,18,97
BER,2023,5,4,13,21.8,48.9,12.8,10.6,8.46,15.1,43.4,0,953.6,283,2.4,6.4,867,889,131,99,101,626,439,305,33,18,97
BER,2023,5,4,14,22.8,47.6,13.2,11.1,8.74,15.7,45.1,0,953,256,3.2,6.6,742,725,192,108,109,519,583,330,49,18,97
BER,2023,5,4,15,23.1,49,13.8,11.8,9.14,16.1,46.5,0,952.5,266,3.1,7.3,611,660,180,98,99,391,650,336,65,18,97
BER,2023,5,4,16,22.6,46,12.6,10.4,8.34,15.3,43.9,0,952.4,260,3,7,441,553,155,87,87,233,612,347,71,18,97
BER,2023,5,4,17,22.3,40.9,11,8.4,7.27,14.2,40.9,0,952.4,242,3.1,6.3,246,302,140,111,75,84,390,353,75,18,97
BER,2023,5,4,18,21.5,39.3,10.1,7.1,6.66,13.3,38.6,0,952.8,249,2.5,6.9,114,275,66,109,35,36,314,342,54,18,97
BER,2023,5,4,19,20,44.6,10.4,7.6,6.86,13,37.5,0,953.5,227,1.6,3.5,9,30,7,14,4,4,33,347,74,18,97
BER,2023,5,4,20,18.2,53.1,11.1,8.5,7.32,12.7,36.9,0,954.2,191,0.6,1.9,0,0,0,0,0,0,0,358,94,18,97
BER,2023,5,4,21,16.3,61.9,11.5,9,7.59,12.2,35.6,0,954.5,135,0.7,1.6,0,0,0,0,0,0,0,336,61,18,97
BER,2023,5,4,22,15.3,67.4,11.7,9.3,7.72,11.9,34.9,0,954.7,149,0.6,1.6,0,0,0,0,0,0,0,345,75,18,97
BER,2023,5,4,23,14.4,71.4,11.7,9.3,7.71,11.5,34,0,955.1,166,0.5,1.7,0,0,0,0,0,0,0,305,16,18,97
BER,2023,5,5,0,12.5,77.1,11.2,8.6,7.38,10.4,31.2,0,955.1,170,1.2,1.9,0,0,0,0,0,0,0,308,25,18,97
BER,2023,5,5,1,12.4,77.1,11.1,8.5,7.32,10.3,30.9,0,954.9,171,1.3,2.5,0,0,0,0,0,0,0,337,73,18,97
BER,2023,5,5,2,12.2,79.7,11.3,8.8,7.45,10.3,31.1,0,954.7,180,1,2,0,0,0,0,0,0,0,354,100,18,97
BER,2023,5,5,3,11.9,81.3,11.3,8.8,7.45,10.2,30.8,0,954.7,180,0.7,1.9,0,0,0,0,0,0,0,335,81,18,97
BER,2023,5,5,4,11.9,80.2,11.2,8.6,7.39,10.1,30.6,0,954.5,198,0.8,1.6,0,0,0,0,0,0,0,333,65,18,97
BER,2023,5,5,5,11.8,81.8,11.3,8.8,7.45,10.1,30.7,0,954.6,194,0.8,2.4,21,52,15,25,59,8,9,339,71,18,97
BER,2023,5,5,6,12.5,81.4,11.8,9.4,7.78,10.8,32.2,0,955,231,0.7,1.6,150,300,84,117,352,45,45,332,60,18,97
BER,2023,5,5,7,15.5,69.3,12.2,9.9,8.05,12.3,35.9,0,954.9,170,1.2,3.2,309,434,132,91,511,117,71,333,55,18,97
BER,2023,5,5,8,17.7,58.2,11.8,9.4,7.78,12.9,37.5,0,954.8,195,1.5,3,456,481,194,101,569,259,101,351,78,18,97
BER,2023,5,5,9,18.6,56.9,12.2,9.9,8.05,13.5,39.1,0,954.3,236,0.7,2.2,540,379,285,147,483,352,147,358,88,18,97
BER,2023,5,5,10,19.6,53.1,12.1,9.8,7.99,13.8,40,0,953.9,252,0.6,2.4,717,608,242,126,518,507,126,357,81,18,97
BER,2023,5,5,11,20.6,51.3,12.4,10.2,8.2,14.4,41.5,0,953.4,231,1.1,3,774,604,268,139,405,566,139,360,81,18,97
BER,2023,5,5,12,21.7,47.3,12.3,10,8.14,14.7,42.5,0,952.7,281,1.3,3.8,786,591,281,145,222,579,241,361,78,18,97
BER,2023,5,5,13,22.5,50.8,13.8,11.8,9.15,15.9,45.9,0,952.3,275,1.8,5.6,779,649,241,129,130,565,438,355,65,18,97
BER,2023,5,5,14,22.2,46.5,12.4,10.2,8.21,15,43.2,0,951.9,261,2.8,5.8,588,556,158,92,92,407,437,360,73,18,97
BER,2023,5,5,15,20.6,52,12.6,10.4,8.34,14.5,41.9,0,952.5,290,3.7,7.9,354,182,242,133,130,214,305,371,94,18,97
BER,2023,5,5,16,20.1,56.2,13.2,11.1,8.74,14.7,42.4,0,952.6,291,2.8,7.1,417,468,177,96,95,220,551,356,68,18,97
BER,2023,5,5,17,19.6,57.5,13.1,11,8.67,14.5,41.7,0,952.9,277,2.8,6.6,256,326,138,109,72,89,414,357,75,18,97
BER,2023,5,5,18,18.4,55.7,11.8,9.4,7.8,13.2,38.3,0,952.9,240,2,6.1,83,67,71,59,39,40,108,367,88,18,97
BER,2023,5,5,19,17.6,59,11.9,9.5,7.86,12.9,37.6,0,953.4,196,0.8,1.7,10,8,9,8,5,5,13,360,84,18,97
BER,2023,5,5,20,15.8,70.7,12.7,10.5,8.39,12.7,37.1,0,953.8,27,0.6,1.4,0,0,0,0,0,0,0,366,100,18,97
BER,2023,5,5,21,14.8,75.9,12.8,10.6,8.46,12.4,36.3,0,953.8,27,0.6,1.8,0,0,0,0,0,0,0,360,94,18,97
BER,2023,5,5,22,14.5,80.6,13.3,11.2,8.8,12.6,36.8,0.2,953.7,32,1.6,3.7,0,0,0,0,0,0,0,350,81,18,97
BER,2023,5,5,23,14.2,87.8,14.2,12.2,9.4,13,38,2.2,953.6,23,2.4,5.4,0,0,0,0,0,0,0,357,100,18,97
BER,2023,5,6,0,13.9,90.7,14.4,12.4,9.54,13,38.1,0.1,953.4,129,1.1,3.3,0,0,0,0,0,0,0,355,100,18,97
BER,2023,5,6,1,13.4,92.4,14.2,12.2,9.41,12.7,37.2,0,953.3,198,0.4,1.7,0,0,0,0,0,0,0,326,56,18,97
BER,2023,5,6,2,13,94.3,14.1,12.1,9.34,12.5,36.6,0.1,953.3,31,0.7,1.8,0,0,0,0,0,0,0,335,69,18,97
BER,2023,5,6,3,13.2,94.3,14.3,12.3,9.47,12.7,37.2,1,953.1,225,1.1,3.9,0,0,0,0,0,0,0,350,94,18,97
BER,2023,5,6,4,13,94.3,14.1,12.1,9.34,12.5,36.6,0,953.3,214,0.5,1.9,0,0,0,0,0,0,0,331,54,18,97
BER,2023,5,6,5,12.9,93.6,13.9,11.9,9.21,12.3,36.2,0,953.1,146,0.5,1.7,18,18,16,16,26,9,9,332,61,18,97
BER,2023,5,6,6,13.2,93.7,14.2,12.2,9.41,12.6,37,0,953.3,27,0.4,1.6,89,85,75,66,128,42,43,330,53,18,97
BER,2023,5,6,7,14,91.9,14.7,12.7,9.74,13.2,38.7,0,953.3,13,0.9,1.8,233,223,155,113,314,93,88,334,54,18,97
BER,2023,5,6,8,15.2,88.4,15.3,13.3,10.14,14,40.9,0,953.5,13,1.1,2.5,422,409,192,109,486,236,110,339,60,18,97
BER,2023,5,6,9,16.1,86.2,15.8,13.8,10.48,14.7,42.7,0,953.3,18,1,1.8,473,283,273,148,381,306,148,346,71,18,97
BER,2023,5,6,10,18.3,78.5,16.5,14.5,10.96,15.9,46.2,0,952.8,6,1,2.4,657,434,317,162,466,459,162,359,81,18,97
BER,2023,5,6,11,19.8,70.1,16.2,14.2,10.76,16.3,47.2,0,952.3,31,1.1,3.2,758,545,299,153,404,552,153,359,81,18,97
BER,2023,5,6,12,20.7,60.5,14.8,12.8,9.82,15.8,45.8,0,951.9,346,1.3,3.9,762,513,321,163,237,557,256,362,88,18,97
BER,2023,5,6,13,21.5,56.9,14.6,12.6,9.69,16,46.2,0,951.5,279,1.4,4.1,714,460,331,169,167,512,417,373,94,18,97
BER,2023,5,6,14,22.2,55.6,14.9,12.9,9.9,16.4,47.5,0,951,252,1.1,2.8,649,471,289,148,147,449,496,368,88,18,97
BER,2023,5,6,15,22.4,51.8,14,12,9.3,16,46.2,0,950.7,313,2,4.8,507,342,285,148,146,323,468,367,88,18,97
BER,2023,5,6,16,21.8,55.9,14.6,12.6,9.7,16.1,46.6,0,950.7,330,2.6,5.2,278,159,203,115,113,149,276,371,94,18,97
BER,2023,5,6,17,21.2,58.7,14.8,12.8,9.84,16,46.3,0,950.7,18,2.5,5.2,265,364,132,109,70,90,447,355,71,18,97
BER,2023,5,6,18,20.2,61.2,14.5,12.5,9.63,15.5,44.8,0,950.8,43,2.2,6.1,120,257,69,105,37,38,298,351,68,18,97
BER,2023,5,6,19,17.9,70.7,14.5,12.5,9.63,14.6,42.4,0,951.2,148,3.1,6.8,14,43,10,21,6,6,47,355,84,18,97
BER,2023,5,6,20,16,72.7,13.2,11.1,8.75,13.1,38.2,0,951.4,144,2.6,4.8,0,0,0,0,0,0,0,360,88,18,97
BER,2023,5,6,21,15.2,76,13.1,11,8.69,12.7,37.2,0,951.2,141,2.1,4.4,0,0,0,0,0,0,0,360,94,18,97
BER,2023,5,6,22,14.6,79.5,13.2,11.1,8.75,12.6,36.8,0,951.3,151,1.9,3.3,0,0,0,0,0,0,0,353,88,18,97
BER,2023,5,6,23,14.2,81.6,13.2,11.1,8.75,12.4,36.4,0,951.3,162,1.9,3.3,0,0,0,0,0,0,0,357,100,18,97
BER,2023,5,7,0,13.7,82.1,12.9,10.7,8.55,12,35.4,0,951.1,155,1.7,2.9,0,0,0,0,0,0,0,345,88,18,97
BER,2023,5,7,1,13.3,82.6,12.6,10.4,8.35,11.6,34.5,0,951.3,153,1.6,2.8,0,0,0,0,0,0,0,351,100,19,97
BER,2023,5,7,2,13,83.7,12.5,10.3,8.28,11.5,34,0,951.2,170,1.8,3.1,0,0,0,0,0,0,0,348,94,19,97
BER,2023,5,7,3,12,87.6,12.3,10,8.15,10.9,32.6,0,951.3,193,1.3,2.7,0,0,0,0,0,0,0,349,94,19,97
BER,2023,5,7,4,11.7,88.7,12.2,9.9,8.08,10.7,32.1,0,951.5,190,1.7,3.8,0,0,0,0,0,0,0,342,80,19,97
BER,2023,5,7,5,11.5,90.5,12.3,10,8.14,10.7,32.1,0,952.1,228,1.2,2.1,32,93,22,43,103,12,12,333,65,19,97
BER,2023,5,7,6,12.6,88.2,12.9,10.7,8.54,11.5,34.2,0,952.6,204,1.1,2,54,44,47,40,70,27,27,353,90,19,97
BER,2023,5,7,7,14,84.3,13.5,11.4,8.94,12.5,36.7,0,952.5,171,0.8,2.3,231,216,149,105,302,91,86,351,88,19,97
BER,2023,5,7,8,16,76.6,13.9,11.9,9.21,13.6,39.4,0,952.3,153,1.2,2.7,187,19,177,102,120,108,103,361,100,19,97
BER,2023,5,7,9,17,73.8,14.3,12.3,9.48,14.2,41.1,0,952.6,176,1.7,3.6,537,358,292,152,469,349,153,357,88,19,97
BER,2023,5,7,10,18.8,64.6,14,12,9.28,14.7,42.4,0,952.4,202,1.2,3.8,577,272,366,194,398,386,195,367,100,19,97
BER,2023,5,7,11,19.9,62,14.4,12.4,9.55,15.3,44.2,0,952.3,267,2,5,618,272,387,207,337,423,208,363,88,19,97
BER,2023,5,7,12,20.7,56.3,13.7,11.7,9.08,15.2,43.9,0,951.9,273,2.4,5.2,475,139,354,195,241,311,198,370,94,19,97
BER,2023,5,7,13,19.7,62.3,14.3,12.3,9.49,15.2,43.9,0,952,310,3.4,6.5,156,4,153,89,86,91,91,375,100,19,97
BER,2023,5,7,14,18.6,64.2,13.7,11.7,9.08,14.4,41.7,0.1,952.3,326,2.6,4.8,71,0,71,41,40,41,41,373,100,19,97
BER,2023,5,7,15,15.3,86.2,15,13,9.95,13.9,40.5,6.7,953,199,2.7,12.2,46,0,46,27,26,27,27,372,100,19,97
BER,2023,5,7,16,14.9,89.6,15.2,13.2,10.07,13.9,40.4,2.2,953.9,174,1,3.2,96,0,96,56,54,56,56,371,100,19,97
BER,2023,5,7,17,15,90.7,15.5,13.5,10.27,14.1,41.1,2.9,954.1,161,2.2,4,27,0,27,16,15,16,16,369,100,19,97
BER,2023,5,7,18,14.7,91.3,15.3,13.3,10.13,13.8,40.4,3.2,954.8,193,2.3,6.8,11,0,11,7,6,7,7,368,100,19,97
BER,2023,5,7,19,14.2,91.9,14.9,12.9,9.85,13.4,39.2,2.9,955.4,166,1.7,3.3,1,0,1,0,0,0,0,366,100,19,97
BER,2023,5,7,20,13.9,92.5,14.7,12.7,9.72,13.2,38.5,1.9,955.8,162,1.9,3.3,0,0,0,0,0,0,0,365,100,19,97
BER,2023,5,7,21,13.7,91.9,14.4,12.4,9.51,12.9,37.8,0.6,956.2,165,1.6,3.1,0,0,0,0,0,0,0,363,100,19,97
BER,2023,5,7,22,13.6,91.2,14.2,12.2,9.38,12.8,37.4,0.2,956.2,167,1.4,2.5,0,0,0,0,0,0,0,361,100,19,97
BER,2023,5,7,23,13.3,90.6,13.8,11.8,9.11,12.4,36.4,0.1,956.2,163,1.5,3.1,0,0,0,0,0,0,0,359,100,19,97
BER,2023,5,8,0,13.3,91.8,14,12,9.24,12.5,36.7,0,956,174,1.9,3.6,0,0,0,0,0,0,0,358,100,19,97
BER,2023,5,8,1,13.2,91.8,13.9,11.9,9.18,12.4,36.4,0,956,171,2,3.6,0,0,0,0,0,0,0,357,100,19,97
BER,2023,5,8,2,13,92.4,13.8,11.8,9.11,12.3,36.1,0.5,956.1,161,2.1,3.9,0,0,0,0,0,0,0,357,100,19,97
BER,2023,5,8,3,12.9,92.4,13.7,11.7,9.04,12.2,35.8,0,956.1,165,2,3.6,0,0,0,0,0,0,0,357,100,19,97
BER,2023,5,8,4,12.8,91.2,13.5,11.4,8.91,12,35.4,0,956.1,160,2,3.5,0,0,0,0,0,0,0,357,100,19,97
BER,2023,5,8,5,12.8,91.2,13.5,11.4,8.91,12,35.4,0,956.2,161,2.2,4,4,0,4,2,2,2,2,358,100,19,97
BER,2023,5,8,6,13.1,88.8,13.4,11.3,8.84,12.1,35.5,0,956.4,159,2,3.8,52,2,52,30,31,30,30,358,100,19,97
BER,2023,5,8,7,13.4,88.3,13.6,11.5,8.97,12.3,36.1,0,956.6,164,1.8,3.2,182,46,163,95,139,100,94,359,100,19,97
BER,2023,5,8,8,13.9,86.6,13.7,11.7,9.04,12.6,36.8,0,956.7,158,1.6,3.1,199,10,193,112,118,115,112,361,100,19,97
BER,2023,5,8,9,14.9,83.9,14.2,12.2,9.37,13.3,38.7,0,956.6,153,1.2,2.3,413,173,289,160,301,260,160,360,94,19,97
BER,2023,5,8,10,16.1,79.7,14.6,12.6,9.64,14,40.6,0,956.7,164,1.2,3.1,394,179,257,141,275,254,142,359,88,19,97
BER,2023,5,8,11,15.7,85.1,15.2,13.2,10.04,14.2,41.2,0.5,956.6,24,1.1,2.1,240,4,237,137,135,140,138,369,100,19,97
BER,2023,5,8,12,16.2,79.7,14.7,12.7,9.71,14.1,40.9,0.7,956.5,360,0.9,2.6,183,0,183,106,103,106,107,371,100,19,97
BER,2023,5,8,13,17.4,76.4,15.2,13.2,10.05,14.8,42.9,0,956.3,340,2.2,4.4,349,27,326,187,182,208,205,372,100,19,97
BER,2023,5,8,14,18.2,68.4,14.3,12.3,9.45,14.6,42.2,0,955.8,325,1.9,4.3,49,0,49,29,28,28,29,372,100,19,97
BER,2023,5,8,15,18.6,62.9,13.5,11.4,8.91,14.3,41.3,0,955.6,335,1.7,4,151,19,139,80,78,88,99,371,100,19,97
BER,2023,5,8,16,18.2,68.4,14.3,12.3,9.45,14.6,42.2,0,955.8,13,2,5.5,207,17,198,114,111,119,132,370,100,19,97
BER,2023,5,8,17,17.2,73.4,14.4,12.4,9.51,14.3,41.4,0,956,49,2.1,4.2,109,10,106,63,60,61,72,369,100,19,97
BER,2023,5,8,18,16.6,74.2,14,12,9.24,13.8,40.1,0,956.3,56,0.9,3.4,63,16,60,39,34,34,51,364,100,19,97
BER,2023,5,8,19,16,80.2,14.6,12.6,9.64,13.9,40.5,0,956.5,151,1.3,2.9,10,11,9,9,5,5,16,363,94,19,97
BER,2023,5,8,20,15,87.8,15,13,9.91,13.8,40.1,6.9,956.6,360,1.2,4.2,0,0,0,0,0,0,0,363,100,19,97
BER,2023,5,8,21,14.3,92.5,15.1,13.1,9.97,13.6,39.6,1.7,956.9,135,0.3,1.3,0,0,0,0,0,0,0,360,100,19,97
BER,2023,5,8,22,14.3,91.9,15,13,9.91,13.5,39.4,0.5,956.3,108,0.8,2.3,0,0,0,0,0,0,0,353,94,19,97
BER,2023,5,8,23,14,92.5,14.8,12.8,9.78,13.3,38.8,0.1,955.9,45,0.5,1.5,0,0,0,0,0,0,0,339,71,19,97
BER,2023,5,9,0,12.9,94.9,14.1,12.1,9.32,12.4,36.5,0,955.4,90,0.3,1.2,0,0,0,0,0,0,0,332,65,19,97
BER,2023,5,9,1,12.1,95.5,13.5,11.4,8.92,11.7,34.7,0,955,360,0.2,0.8,0,0,0,0,0,0,0,341,94,19,97
BER,2023,5,9,2,11.3,96.1,12.9,10.7,8.52,11,32.8,0,954.5,34,0.5,1.1,0,0,0,0,0,0,0,349,100,19,97
BER,2023,5,9,3,11.3,95.5,12.8,10.6,8.46,10.9,32.7,0,954.4,270,0.7,1.3,0,0,0,0,0,0,0,351,100,19,97
BER,2023,5,9,4,12.7,92.4,13.6,11.5,8.99,12,35.5,0,954.3,180,1.1,3.4,0,0,0,0,0,0,0,352,100,19,97
BER,2023,5,9,5,12.7,94.3,13.8,11.8,9.13,12.2,35.8,0,954.1,211,0.7,1.4,20,10,19,15,20,11,11,353,100,19,97
BER,2023,5,9,6,13.3,90.6,13.8,11.8,9.13,12.4,36.4,0,954,160,1.2,2.4,123,113,96,84,170,54,55,344,81,19,97
BER,2023,5,9,7,13.9,88.9,14.1,12.1,9.34,12.8,37.6,0,953.4,146,1.4,2.5,253,197,168,97,296,123,92,349,88,19,97
BER,2023,5,9,8,15.2,83.9,14.5,12.5,9.61,13.6,39.6,0,952.7,148,1.2,2.6,443,394,223,116,505,253,116,349,81,19,97
BER,2023,5,9,9,16.1,78.2,14.3,12.3,9.49,13.8,40.2,0,952,79,0.8,2.5,520,303,311,164,437,332,164,359,94,19,97
BER,2023,5,9,10,17.6,73.9,14.9,12.9,9.9,14.7,42.8,0,951.2,326,1.1,3.2,566,237,379,202,379,373,203,366,100,19,97
BER,2023,5,9,11,17.8,70.2,14.3,12.3,9.5,14.5,42,0,950.3,352,1.2,3.3,504,102,417,234,284,317,235,369,100,19,97
BER,2023,5,9,12,18.4,66.7,14.1,12.1,9.38,14.6,42.3,0,949.4,300,1.1,3,482,73,419,237,246,298,254,372,100,19,97
BER,2023,5,9,13,18.6,66.7,14.3,12.3,9.52,14.8,42.8,0,949,266,1.7,4.4,367,32,340,195,190,221,214,373,100,19,97
BER,2023,5,9,14,18,70.2,14.5,12.5,9.66,14.6,42.6,0,948.6,267,1.9,3.8,215,1,214,125,121,125,126,372,100,19,97
BER,2023,5,9,15,16.3,81.9,15.2,13.2,10.13,14.4,42,1.4,948.4,243,1.7,3.3,103,0,103,60,58,60,60,370,100,19,97
BER,2023,5,9,16,15.5,87.9,15.5,13.5,10.34,14.3,41.7,1.3,948.3,254,2,5.5,77,0,77,45,44,45,45,368,100,19,97
BER,2023,5,9,17,14.9,89,15.1,13.1,10.07,13.8,40.4,1.6,948.2,238,2.5,7.4,64,1,64,37,36,37,38,367,100,19,97
BER,2023,5,9,18,14.1,91.3,14.7,12.7,9.79,13.3,38.9,2.8,948.3,228,2.5,6.7,12,0,12,7,7,7,7,365,100,19,97
BER,2023,5,9,19,13.9,90.7,14.4,12.4,9.59,13,38.2,1.9,948.6,210,2.5,7.5,1,0,1,1,1,1,1,363,100,19,97
BER,2023,5,9,20,13.7,90.1,14.1,12.1,9.38,12.8,37.5,1.4,949.1,212,3.3,8.4,0,0,0,0,0,0,0,361,100,19,97
BER,2023,5,9,21,13.4,91.8,14.1,12.1,9.38,12.6,37.2,3.5,949.1,217,2,5.4,0,0,0,0,0,0,0,359,100,19,97
BER,2023,5,9,22,13.2,91.8,13.9,11.9,9.24,12.4,36.6,0.4,949.4,230,3.2,8.1,0,0,0,0,0,0,0,357,100,19,97
BER,2023,5,9,23,13,90.6,13.6,11.5,9.04,12.1,35.9,0,949.8,225,2.5,6.9,0,0,0,0,0,0,0,355,100,19,97
BER,2023,5,10,0,12.7,90.6,13.3,11.2,8.83,11.8,35.1,0.1,949.7,216,1.7,4.4,0,0,0,0,0,0,0,353,100,19,97
BER,2023,5,10,1,12.6,90,13.1,11,8.7,11.7,34.6,0,949.5,210,1.6,4.4,0,0,0,0,0,0,0,345,88,19,97
BER,2023,5,10,2,12.4,88.8,12.8,10.6,8.5,11.4,33.9,0,949.5,210,2,4.2,0,0,0,0,0,0,0,351,100,19,97
BER,2023,5,10,3,12.1,88.7,12.5,10.3,8.3,11.1,33.1,0.2,949.7,231,1.4,3.6,0,0,0,0,0,0,0,339,88,19,97
BER,2023,5,10,4,11.6,88.1,12,9.7,7.96,10.5,31.7,0,949.8,211,1.9,4.2,0,0,0,0,0,0,0,337,80,19,97
BER,2023,5,10,5,11.3,89.9,12,9.7,7.96,10.4,31.4,0,950,223,2,7.6,40,122,26,58,133,15,15,323,65,19,97
BER,2023,5,10,6,11.3,89.9,12,9.7,7.95,10.4,31.4,0.4,950.6,236,2.6,7.7,125,202,84,105,251,47,48,339,88,19,97
BER,2023,5,10,7,11.3,88.7,11.9,9.5,7.88,10.3,31.2,0,951,229,1.9,4.9,241,234,144,95,321,100,80,347,88,19,97
BER,2023,5,10,8,11.7,85.8,11.8,9.4,7.81,10.4,31.5,0,951.2,210,1.5,4.1,188,18,178,103,119,109,104,347,100,19,97
BER,2023,5,10,9,11.6,80.7,11,8.4,7.28,9.9,30,0.2,951.2,270,1.2,3.1,138,4,135,79,80,81,79,348,100,19,97
BER,2023,5,10,10,12.7,76.1,11.2,8.6,7.41,10.4,31.5,0,951.2,227,1.9,4.2,183,3,180,106,105,107,106,348,100,19,97
BER,2023,5,10,11,13,74.6,11.2,8.6,7.41,10.6,31.8,0,951.1,223,2.2,4.8,331,39,297,171,188,202,172,339,88,19,97
BER,2023,5,10,12,13.9,67.5,10.7,8,7.08,10.7,31.9,0,951,236,3.4,6.8,572,160,433,240,249,374,296,349,94,19,97
BER,2023,5,10,13,14.9,59.5,10.1,7.1,6.68,10.7,31.9,0,950.7,247,2.8,6.3,433,169,289,159,156,289,249,339,88,19,97
BER,2023,5,10,14,14.3,66.3,10.8,8.1,7.15,10.9,32.4,0.1,950.9,212,3.2,8.6,182,6,177,104,101,107,109,348,100,19,97
BER,2023,5,10,15,15,56.8,9.7,6.5,6.41,10.4,31.3,0,950.7,250,3.8,8.3,521,407,242,139,138,320,472,333,71,19,97
BER,2023,5,10,16,15.2,54.5,9.4,6.1,6.21,10.3,31,0,951,255,4.5,9.7,391,352,214,118,116,203,472,342,78,19,97
BER,2023,5,10,17,14.5,58.2,9.6,6.4,6.34,10.2,30.6,0,951.3,251,4.1,9.8,309,540,114,129,63,77,611,319,45,19,97
BER,2023,5,10,18,13.5,60.9,9.4,6.1,6.21,9.6,29.2,0,951.4,263,3.7,8.6,115,223,63,94,33,34,263,321,61,19,97
BER,2023,5,10,19,11.7,67.1,9.2,5.8,6.07,8.6,27.1,0,951.7,252,2.1,4.4,17,47,14,26,8,8,53,314,28,19,97
BER,2023,5,10,20,10.5,73.1,9.3,5.9,6.13,8.1,26,0,952.2,197,1.1,2.9,0,0,0,0,0,0,0,302,0,19,97
BER,2023,5,10,21,9.8,79.3,9.6,6.4,6.34,8,25.8,0,952.1,180,0.8,1.7,0,0,0,0,0,0,0,325,69,19,97
BER,2023,5,10,22,9.4,84.9,10,7,6.6,8.1,26.1,0,952.1,157,0.7,1.5,0,0,0,0,0,0,0,331,81,19,97
BER,2023,5,10,23,9.8,85,10.3,7.4,6.8,8.5,27,0,952,173,0.9,1.8,0,0,0,0,0,0,0,338,100,19,97
BER,2023,5,11,0,9.7,85,10.2,7.3,6.74,8.4,26.7,0,951.8,191,0.6,2.6,0,0,0,0,0,0,0,337,100,19,97
BER,2023,5,11,1,9.5,86.1,10.2,7.3,6.74,8.3,26.5,0,951.4,180,0.9,1.8,0,0,0,0,0,0,0,336,94,20,97
BER,2023,5,11,2,9.6,86.1,10.3,7.4,6.81,8.4,26.8,0,951.5,158,0.6,1.3,0,0,0,0,0,0,0,337,100,20,97
BER,2023,5,11,3,9.6,86.1,10.3,7.4,6.81,8.4,26.8,0,951.2,189,0.8,1.6,0,0,0,0,0,0,0,337,100,20,97
BER,2023,5,11,4,9.5,87.9,10.4,7.6,6.88,8.5,26.9,0,950.8,234,0.8,1.4,0,0,0,0,0,0,0,337,100,20,97
BER,2023,5,11,5,9.6,87.3,10.4,7.6,6.88,8.5,27,0,950.9,198,0.7,1.7,2,0,2,1,1,1,1,337,100,20,97
BER,2023,5,11,6,9.7,86.7,10.4,7.6,6.88,8.6,27.1,0.1,951.1,203,0.8,1.9,32,0,32,19,18,19,19,338,100,20,97
BER,2023,5,11,7,10.2,85,10.6,7.8,7.01,8.9,27.9,0,950.9,218,1.2,2.6,143,9,138,81,88,83,82,339,100,20,97
BER,2023,5,11,8,11,82.3,10.8,8.1,7.15,9.4,29.1,0,950.8,229,1,2.3,367,177,265,148,324,217,148,340,94,20,97
BER,2023,5,11,9,11.6,76.4,10.4,7.6,6.88,9.5,29,0,950.7,219,0.8,2.1,372,191,246,138,311,229,139,342,100,20,97
BER,2023,5,11,10,12.9,70.6,10.5,7.7,6.95,10.1,30.5,0.1,950.1,196,1.1,3.5,450,121,352,198,283,288,199,343,100,20,97
BER,2023,5,11,11,13.6,65.7,10.2,7.3,6.75,10.2,30.7,0,949.7,56,1.3,4.1,492,99,407,231,280,313,232,345,100,20,97
BER,2023,5,11,12,12.7,67.3,9.9,6.8,6.55,9.6,29.3,0.2,949.6,198,2.2,5.4,118,0,118,70,68,69,70,347,100,20,97
BER,2023,5,11,13,11.6,79.6,10.9,8.2,7.22,9.8,29.9,0.1,949.3,157,2.8,5.9,120,0,120,70,68,70,71,348,100,20,97
BER,2023,5,11,14,12,78.6,11,8.4,7.29,10,30.5,0.2,949.1,103,2.7,6.2,379,64,331,190,185,232,245,347,100,20,97
BER,2023,5,11,15,13.4,73.7,11.3,8.8,7.5,10.8,32.4,0,948.7,114,1.9,4.6,461,332,245,134,132,283,440,347,88,20,97
BER,2023,5,11,16,13,64.6,9.7,6.5,6.43,9.6,29.3,0,948.7,39,0.7,2.1,270,58,240,139,135,157,199,346,100,20,97
BER,2023,5,11,17,12.6,73.5,10.7,8,7.09,10.1,30.6,0,949,3,2.7,6.1,139,12,135,81,77,80,92,345,100,20,97
BER,2023,5,11,18,10.5,86.8,11,8.4,7.29,9.4,28.9,2,949,54,2.6,6.1,67,15,64,42,37,38,53,345,100,20,97
BER,2023,5,11,19,10.2,91,11.3,8.8,7.49,9.4,29.1,0.1,949.2,270,0.5,1.1,5,0,5,3,3,3,3,344,100,20,97
BER,2023,5,11,20,10.2,92.3,11.5,9,7.62,9.5,29.5,0.1,949.6,22,0.6,1.2,0,0,0,0,0,0,0,342,100,20,97
BER,2023,5,11,21,9.8,92.2,11.2,8.6,7.42,9.2,28.5,0,949.7,37,0.5,1,0,0,0,0,0,0,0,341,100,20,97
BER,2023,5,11,22,9.7,92.2,11.1,8.5,7.36,9.1,28.3,0,949.6,63,0.7,1.5,0,0,0,0,0,0,0,339,100,20,97
BER,2023,5,11,23,9.6,92.8,11.1,8.5,7.36,9,28.2,0.2,949.6,9,0.7,1.7,0,0,0,0,0,0,0,338,100,20,97
BER,2023,5,12,0,9.6,92.8,11.1,8.5,7.36,9,28.2,0.1,949.4,90,0.4,0.9,0,0,0,0,0,0,0,336,100,20,97
BER,2023,5,12,1,9.6,93.5,11.2,8.6,7.43,9.1,28.4,0,949,45,0.3,0.7,0,0,0,0,0,0,0,336,100,21,97
BER,2023,5,12,2,9.4,94.7,11.2,8.6,7.43,9,28.1,0,948.9,45,0.2,0.7,0,0,0,0,0,0,0,336,100,21,97
BER,2023,5,12,3,9.6,94.7,11.3,8.8,7.5,9.2,28.5,0.2,948.8,45,0.1,0.5,0,0,0,0,0,0,0,337,100,21,97
BER,2023,5,12,4,9.6,93.5,11.2,8.6,7.43,9.1,28.4,0,948.6,14,0.4,1.4,0,0,0,0,0,0,0,338,100,21,97
BER,2023,5,12,5,9.5,93.5,11.1,8.5,7.36,9,28.1,0,948.7,27,0.9,1.8,22,7,21,15,19,12,12,338,100,21,97
BER,2023,5,12,6,9.7,92.2,11.1,8.5,7.36,9.1,28.3,0,949,18,0.7,1.7,59,1,59,35,35,35,35,339,100,21,97
BER,2023,5,12,7,10.5,91.6,11.6,9.2,7.7,9.8,29.9,0,949,7,0.9,2.1,179,32,166,100,129,101,98,340,100,21,97
BER,2023,5,12,8,11.6,86.3,11.8,9.4,7.83,10.4,31.4,0,949,32,1.6,3.5,254,28,238,141,166,150,142,343,100,21,97
BER,2023,5,12,9,12.1,83,11.7,9.3,7.77,10.5,31.8,0,948.9,24,2.1,4.1,339,38,312,184,213,205,185,345,100,21,97
BER,2023,5,12,10,13.2,76.7,11.6,9.2,7.7,11,32.7,0,948.7,15,2.5,5.8,430,68,375,219,265,268,220,343,94,21,97
BER,2023,5,12,11,13.8,69.9,11,8.4,7.3,10.8,32.3,0,948.5,32,2.5,5.8,286,10,277,165,165,172,165,350,100,21,97
BER,2023,5,12,12,15.6,62.6,11.1,8.5,7.37,11.6,34.3,0,948.1,40,3,8.7,660,351,354,208,223,451,303,329,74,21,97
BER,2023,5,12,13,15.5,61.3,10.8,8.1,7.17,11.4,33.7,0,948,38,3.3,6.9,329,62,277,160,157,209,202,353,100,21,97
BER,2023,5,12,14,15.5,61.3,10.8,8.1,7.17,11.4,33.7,0,947.9,31,3.7,7.7,440,106,355,205,201,280,286,353,100,21,97
BER,2023,5,12,15,16.1,57.8,10.6,7.8,7.03,11.5,34,0,947.9,41,3.6,7.9,526,349,289,159,157,335,477,344,81,21,97
BER,2023,5,12,16,15.9,61,11,8.4,7.3,11.7,34.5,0,947.9,46,3,6.7,395,336,223,126,125,210,465,348,78,21,97
BER,2023,5,12,17,15.6,59.7,10.6,7.8,7.03,11.3,33.5,0,947.9,44,3.1,8,176,170,103,64,60,77,233,348,88,21,97
BER,2023,5,12,18,14.7,62.4,10.4,7.6,6.9,10.8,32.2,0,948.3,54,1.8,7,76,30,71,52,41,42,72,351,94,21,97
BER,2023,5,12,19,14.3,64,10.4,7.6,6.89,10.6,31.8,0,948.6,52,1.2,4,9,3,9,6,5,5,8,334,71,21,97
BER,2023,5,12,20,13,72.6,10.9,8.2,7.23,10.4,31.3,0,949.2,39,0.7,2.2,0,0,0,0,0,0,0,321,59,21,97
BER,2023,5,12,21,12.1,80.2,11.3,8.8,7.49,10.3,31.1,0,949.5,11,1.5,2.9,0,0,0,0,0,0,0,313,50,21,97
BER,2023,5,12,22,11.3,82.3,11,8.4,7.29,9.7,29.7,0,949.7,350,1.2,3.7,0,0,0,0,0,0,0,304,35,21,97
BER,2023,5,12,23,11,84,11,8.4,7.29,9.6,29.4,0,949.9,12,1.4,3.8,0,0,0,0,0,0,0,318,61,21,97
BER,2023,5,13,0,10.7,85.7,11,8.4,7.29,9.5,29.1,0,950,355,1.3,2.7,0,0,0,0,0,0,0,294,33,21,97
BER,2023,5,13,1,10.8,87.4,11.3,8.8,7.49,9.7,29.7,0,949.9,20,3.5,8.2,0,0,0,0,0,0,0,305,35,22,97
BER,2023,5,13,2,10.8,86.3,11.2,8.6,7.42,9.6,29.6,0,949.9,22,4.9,8.2,0,0,0,0,0,0,0,289,20,22,97
BER,2023,5,13,3,10.8,86.3,11.2,8.6,7.42,9.6,29.5,0,950.3,15,2.8,6.4,0,0,0,0,0,0,0,310,38,22,97
BER,2023,5,13,4,10.8,85.7,11.1,8.5,7.35,9.6,29.4,0,950.6,17,2.5,5,0,0,0,0,0,0,0,328,75,22,97
BER,2023,5,13,5,10.9,84.5,11,8.4,7.28,9.5,29.3,0,950.8,22,2.4,4.7,10,0,10,6,6,6,6,337,94,22,97
BER,2023,5,13,6,11,84,11,8.4,7.28,9.6,29.4,0,951.1,23,1.4,4.5,36,0,36,21,21,21,21,341,100,22,97
BER,2023,5,13,7,11.7,82.4,11.3,8.8,7.48,10.1,30.6,0,951.4,360,1.2,3.3,75,0,75,45,44,45,45,343,100,22,97
BER,2023,5,13,8,11.7,81.3,11.2,8.6,7.41,10,30.4,0,951.5,11,1.6,3.5,116,0,116,70,68,70,70,345,100,22,97
BER,2023,5,13,9,12.1,80.8,11.4,8.9,7.54,10.3,31.2,0,951.6,13,1.9,3.8,131,0,131,79,77,78,79,347,100,22,97
BER,2023,5,13,10,12.8,77.1,11.4,8.9,7.54,10.6,31.9,0,951.5,36,2,4.2,165,0,165,99,97,99,100,350,100,22,97
BER,2023,5,13,11,14.2,68.5,11.1,8.5,7.34,11,32.8,0,951.4,34,2.6,6.2,560,194,392,227,312,376,227,352,100,22,97
BER,2023,5,13,12,15.7,66.1,11.8,9.4,7.81,12.1,35.6,0,951.1,25,4.1,8.2,763,471,351,194,271,552,278,355,100,22,97
BER,2023,5,13,13,15.5,64.8,11.4,8.9,7.55,11.8,34.7,0,951.2,38,4.2,9.2,345,18,330,197,192,211,208,356,100,22,97
BER,2023,5,13,14,15.7,65.7,11.7,9.3,7.75,12.1,35.4,0,950.9,29,4.2,8.5,362,55,319,188,184,226,233,355,100,22,97
BER,2023,5,13,15,15.5,64.3,11.3,8.8,7.48,11.7,34.5,0,950.7,16,3.9,8.3,170,6,166,99,97,102,106,355,100,22,97
BER,2023,5,13,16,14.3,71.9,11.7,9.3,7.75,11.5,34,0.8,950.8,56,1.5,7.4,194,11,188,113,110,115,125,354,100,22,97
BER,2023,5,13,17,13,83.7,12.5,10.3,8.28,11.5,34,0.6,951,45,1.4,4.3,244,259,151,127,86,97,356,353,100,22,97
BER,2023,5,13,18,12.5,85.9,12.4,10.2,8.22,11.2,33.3,0.1,951.2,108,1.2,3.1,142,299,69,119,40,41,342,353,94,22,97
BER,2023,5,13,19,12,85.8,12,9.7,7.95,10.7,32.1,0,951.4,151,1.3,2.9,8,2,8,5,4,5,6,351,71,22,97
BER,2023,5,13,20,11,88.6,11.6,9.2,7.67,10,30.4,0,951.8,153,0.8,2.3,0,0,0,0,0,0,0,309,36,22,97
BER,2023,5,13,21,10.9,91.1,11.9,9.5,7.87,10.1,30.8,0,951.9,180,0.3,0.6,0,0,0,0,0,0,0,285,33,22,97
BER,2023,5,13,22,10.9,92.3,12,9.7,7.94,10.2,31,0,951.8,90,0.2,0.9,0,0,0,0,0,0,0,301,6,22,97
BER,2023,5,13,23,11.1,88.7,11.7,9.3,7.74,10.1,30.7,0,951.7,27,0.9,2.3,0,0,0,0,0,0,0,317,43,22,97
BER,2023,5,14,0,10.9,89.2,11.6,9.2,7.68,10,30.3,0,951.3,24,1.2,2.1,0,0,0,0,0,0,0,318,45,22,97
BER,2023,5,14,1,10.7,89.2,11.5,9,7.61,9.8,29.9,0,950.9,29,1,1.9,0,0,0,0,0,0,0,308,31,24,97
BER,2023,5,14,2,10.2,91,11.3,8.8,7.48,9.4,29.1,0,950.8,29,1.1,2,0,0,0,0,0,0,0,312,41,24,97
BER,2023,5,14,3,10.3,91,11.4,8.9,7.55,9.5,29.4,0,950.6,34,1.1,2.4,0,0,0,0,0,0,0,338,94,24,97
BER,2023,5,14,4,10.2,89.8,11.2,8.6,7.42,9.3,28.9,0,950.5,29,2.3,4.2,0,0,0,0,0,0,0,339,100,24,97
BER,2023,5,14,5,10.4,88,11.1,8.5,7.35,9.4,29,0,950.7,21,2.5,4.1,3,0,3,2,2,2,2,340,100,24,97
BER,2023,5,14,6,10.6,86.8,11.1,8.5,7.35,9.5,29.2,0,950.7,19,1.8,4.8,71,7,70,44,49,42,42,342,94,24,97
BER,2023,5,14,7,11.1,85.7,11.3,8.8,7.48,9.8,30,0,950.7,23,1.6,3.6,233,106,185,114,220,127,110,343,100,24,97
BER,2023,5,14,8,12.4,80.8,11.6,9.2,7.68,10.6,31.9,0,950.6,23,2.7,5.5,327,110,267,158,269,195,159,346,100,24,97
BER,2023,5,14,9,13.4,73.7,11.3,8.8,7.48,10.8,32.4,0,950.5,31,3.5,6.7,411,119,325,192,294,261,193,340,94,24,97
BER,2023,5,14,10,14.7,66.8,11.2,8.6,7.42,11.3,33.5,0,950.1,16,3,6.4,670,467,299,179,494,457,179,324,59,24,97
BER,2023,5,14,11,15,64.6,11,8.4,7.29,11.3,33.5,0,950,27,3.6,8.1,337,43,299,179,197,214,180,353,100,24,97
BER,2023,5,14,12,15.4,63,11,8.4,7.29,11.5,33.9,0,949.8,29,2.9,6.3,502,131,387,226,267,335,234,356,100,24,97
BER,2023,5,14,13,15.4,63,11,8.4,7.29,11.5,33.9,0,949.3,43,2.7,6.8,376,23,357,215,210,232,231,357,100,24,97
BER,2023,5,14,14,15.9,61,11,8.4,7.29,11.7,34.4,0,949,4,2.9,6.4,502,269,294,173,171,334,373,352,84,24,97
BER,2023,5,14,15,16,56.2,10.2,7.3,6.76,11.2,33.2,0,948.9,23,3,6.2,222,39,195,116,114,138,154,351,94,24,97
BER,2023,5,14,16,15,65.5,11.2,8.6,7.43,11.4,33.9,0,949.3,90,2.7,5.8,224,31,207,125,122,134,158,354,100,24,97
BER,2023,5,14,17,12.8,79.8,11.8,9.4,7.83,10.9,32.6,1,949.6,117,2.1,6.9,125,57,106,76,62,63,124,354,100,24,97
BER,2023,5,14,18,12,86.4,12.1,9.8,8.03,10.8,32.3,0.1,949.8,150,2,4,91,220,53,105,31,32,250,341,84,24,97
BER,2023,5,14,19,11.6,88.7,12.1,9.8,8.02,10.6,31.9,0,950.3,225,0.9,2.1,23,67,17,37,10,10,74,330,48,24,97
BER,2023,5,14,20,11.3,92.9,12.4,10.2,8.22,10.7,32.1,0.1,950.6,180,0.7,1.8,0,0,0,0,0,0,0,337,68,24,97
BER,2023,5,14,21,11.1,84.6,11.2,8.6,7.42,9.7,29.9,0.2,950.6,145,2.3,6.6,0,0,0,0,0,0,0,343,84,24,97
BER,2023,5,14,22,9.9,91,11.1,8.5,7.35,9.1,28.5,0,950.7,135,0.7,2.2,0,0,0,0,0,0,0,302,33,24,97
BER,2023,5,14,23,9.7,92.8,11.2,8.6,7.42,9.1,28.4,0,950.5,149,0.7,1.4,0,0,0,0,0,0,0,329,69,24,97
BER,2023,5,15,0,10.1,92.2,11.4,8.9,7.56,9.4,29.2,0,949.8,180,1.2,2.6,0,0,0,0,0,0,0,341,100,24,97
BER,2023,5,15,1,10.3,91.6,11.5,9,7.62,9.6,29.6,0,949.8,176,1.5,2.8,0,0,0,0,0,0,0,340,100,24,97
BER,2023,5,15,2,10.1,92.9,11.5,9,7.62,9.5,29.4,0,949.7,185,1.1,1.9,0,0,0,0,0,0,0,332,78,24,97
BER,2023,5,15,3,9.8,93.5,11.3,8.8,7.49,9.3,28.7,0,949.5,176,1.5,3.1,0,0,0,0,0,0,0,341,88,24,97
BER,2023,5,15,4,9.6,92.2,11,8.4,7.29,9,28,0,949.5,173,1.8,3.8,0,0,0,0,0,0,0,342,94,24,97
BER,2023,5,15,5,9.8,91,11,8.4,7.29,9,28.2,0.6,949.7,177,1.8,3.6,3,0,3,2,2,2,2,343,100,24,97
BER,2023,5,15,6,10.4,88.6,11.2,8.6,7.42,9.4,29.1,0.1,949.9,161,1.9,3.4,117,152,72,80,200,42,42,326,80,24,97
BER,2023,5,15,7,11.1,86.9,11.5,9,7.62,9.9,30.4,0,949.9,161,1.8,3.9,288,253,173,114,360,136,103,326,63,24,97
BER,2023,5,15,8,12.9,78.2,11.6,9.2,7.69,10.8,32.4,0,949.9,176,1.6,3.3,593,841,109,89,840,288,89,310,36,24,97
BER,2023,5,15,9,13.9,74.8,11.9,9.5,7.89,11.4,33.9,0,949.7,198,1.5,3.7,375,192,247,146,319,234,147,324,59,24,97
BER,2023,5,15,10,13.9,71.8,11.4,8.9,7.56,11.1,33.1,0,949.2,180,0.9,2.4,395,184,253,153,284,256,154,351,100,24,97
BER,2023,5,15,11,15.2,67.8,11.7,9.3,7.77,11.9,34.9,0,948.6,130,1.2,3.3,769,539,303,189,409,542,189,349,68,24,97
BER,2023,5,15,12,16.4,63.7,11.9,9.5,7.91,12.4,36.5,0,948.2,151,2.3,4.6,864,719,231,164,239,615,264,326,55,24,97
BER,2023,5,15,13,12,78.6,11,8.4,7.3,10,30.5,3.9,948.8,59,2.3,8.3,127,0,127,77,75,77,78,357,100,24,97
BER,2023,5,15,14,12.5,79.2,11.5,9,7.63,10.6,31.8,0.1,949.2,147,3.4,7.8,194,2,193,117,114,118,119,356,100,24,97
BER,2023,5,15,15,12.1,81.3,11.5,9,7.63,10.4,31.4,0.1,949,192,1.6,3.3,170,4,168,102,99,104,105,355,100,24,97
BER,2023,5,15,16,12.1,83,11.7,9.3,7.76,10.5,31.7,0.2,949.2,69,1.4,2.9,78,0,78,47,46,47,48,355,100,24,97
BER,2023,5,15,17,12.1,84.1,11.9,9.5,7.9,10.6,32.1,0,949.2,122,1.2,3.5,63,51,44,36,27,27,78,354,100,24,97
BER,2023,5,15,18,12.1,85.2,12,9.7,7.96,10.8,32.2,0,949.6,16,0.9,4.2,42,12,39,27,23,24,36,353,100,24,97
BER,2023,5,15,19,11.6,89.3,12.2,9.9,8.09,10.6,32.1,0,949.7,34,0.9,3.4,6,0,6,4,4,4,4,348,94,24,97
BER,2023,5,15,20,11.1,89.9,11.9,9.5,7.89,10.2,31,0,949.9,121,0.6,1.4,0,0,0,0,0,0,0,346,94,24,97
BER,2023,5,15,21,10.4,92.3,11.6,9.2,7.69,9.7,29.8,0,949.9,27,0.4,0.9,0,0,0,0,0,0,0,337,71,24,97
BER,2023,5,15,22,10.5,92.3,11.7,9.3,7.76,9.8,30.1,0.1,949.6,153,0.4,1.6,0,0,0,0,0,0,0,345,100,24,97
BER,2023,5,15,23,10.5,92.9,11.8,9.4,7.83,9.9,30.3,0.1,949.4,135,0.2,0.9,0,0,0,0,0,0,0,343,100,24,97
BER,2023,5,16,0,10.3,94.1,11.8,9.4,7.83,9.8,30.1,0,949.2,45,0.1,1,0,0,0,0,0,0,0,333,78,24,97
BER,2023,5,16,1,10.3,94.1,11.8,9.4,7.83,9.8,30.1,0,949,27,0.4,0.9,0,0,0,0,0,0,0,339,100,24,97
BER,2023,5,16,2,10.2,94.1,11.7,9.3,7.77,9.7,29.8,0,948.8,45,0.3,0.9,0,0,0,0,0,0,0,340,100,24,97
BER,2023,5,16,3,10.1,94.8,11.7,9.3,7.77,9.7,29.7,0,948.5,18,0.3,1.3,0,0,0,0,0,0,0,341,100,24,97
BER,2023,5,16,4,10.1,94.8,11.7,9.3,7.77,9.7,29.7,0,948.3,20,1.5,2.2,0,0,0,0,0,0,0,341,100,24,97
BER,2023,5,16,5,10.3,93.5,11.7,9.3,7.77,9.7,29.9,0,948.5,21,1.5,2.3,6,0,6,3,3,3,3,342,100,24,97
BER,2023,5,16,6,10.7,92.3,11.9,9.5,7.9,10,30.7,0.1,948.6,16,1.5,3,88,37,79,59,85,48,48,343,100,24,97
BER,2023,5,16,7,11.2,91.1,12.1,9.8,8.03,10.4,31.5,0,948.8,28,1.6,3.8,154,22,143,88,108,91,87,343,100,24,97
BER,2023,5,16,8,11.4,90.5,12.2,9.9,8.1,10.6,31.9,0,949.1,14,1.8,4.1,96,0,96,58,57,58,59,344,100,24,97
BER,2023,5,16,9,11.4,84.6,11.4,8.9,7.56,10,30.5,0,949.3,23,2.9,7,179,0,179,109,107,109,110,344,100,24,97
BER,2023,5,16,10,11.2,85.7,11.4,8.9,7.56,9.9,30.3,0.3,949.4,28,2.5,4.8,173,0,173,106,103,105,106,345,100,24,97
BER,2023,5,16,11,11.2,88.1,11.7,9.3,7.76,10.1,30.8,0.6,949.6,31,3.6,7.1,231,13,219,133,136,143,134,345,100,24,97
BER,2023,5,16,12,11.4,86.9,11.7,9.3,7.76,10.2,31,0.3,949.6,32,2.9,7.8,179,3,177,108,106,110,108,346,100,24,97
BER,2023,5,16,13,11.4,84,11.3,8.8,7.49,10,30.3,0,950.1,30,2.9,8.7,71,0,71,43,42,43,43,346,100,24,97
BER,2023,5,16,14,11.3,82.9,11.1,8.5,7.35,9.8,29.9,0,950.4,21,3.2,7.6,110,0,110,67,65,67,67,344,100,24,97
BER,2023,5,16,15,10.9,83.4,10.9,8.2,7.21,9.4,29.1,0,950.6,13,3.2,8.1,53,0,53,32,32,32,33,343,100,24,97
BER,2023,5,16,16,10.5,84.5,10.7,8,7.08,9.2,28.4,0,950.9,13,3.3,7.4,95,0,95,58,56,58,58,342,100,24,97
BER,2023,5,16,17,9.9,86.2,10.5,7.7,6.94,8.7,27.4,0.5,951.4,14,3.4,9.1,39,0,39,24,23,24,24,340,100,24,97
BER,2023,5,16,18,9.3,91.6,10.7,8,7.07,8.6,27.2,0.6,951.6,15,2.4,6,48,0,48,29,29,29,29,339,100,24,97
BER,2023,5,16,19,9,92.2,10.6,7.8,7,8.4,26.7,0,952.2,33,2.1,6,7,0,7,4,4,4,4,337,100,24,97
BER,2023,5,16,20,8.8,92.2,10.4,7.6,6.86,8.2,26.1,0.5,953,33,2.1,4.3,0,0,0,0,0,0,0,336,100,24,97
BER,2023,5,16,21,8.6,92.2,10.3,7.4,6.79,8,25.7,0.3,953.6,35,1.7,4.4,0,0,0,0,0,0,0,335,100,24,97
BER,2023,5,16,22,8.5,92.1,10.2,7.3,6.72,7.9,25.5,0.2,953.9,19,1.9,4.1,0,0,0,0,0,0,0,334,100,24,97
BER,2023,5,16,23,8.4,89.6,9.9,6.8,6.52,7.6,24.8,0,954.2,41,1.2,3.7,0,0,0,0,0,0,0,332,100,24,97
BER,2023,5,17,0,7.8,87.2,9.2,5.8,6.06,6.8,23.1,0.1,954.2,58,1.6,4.6,0,0,0,0,0,0,0,331,100,24,97
BER,2023,5,17,1,7.5,87.1,9,5.5,5.92,6.5,22.4,0,954.1,37,1.2,3.6,0,0,0,0,0,0,0,330,100,24,97
BER,2023,5,17,2,7.4,79.5,8.2,4.1,5.39,5.8,21,0,954.1,47,2.5,7,0,0,0,0,0,0,0,330,100,24,97
BER,2023,5,17,3,7.2,80.6,8.2,4.1,5.39,5.7,20.8,0,954,37,2.2,4.7,0,0,0,0,0,0,0,330,100,24,97
BER,2023,5,17,4,7.2,79.5,8.1,3.9,5.33,5.6,20.6,0,954.2,30,3.3,6.3,0,0,0,0,0,0,0,329,100,24,97
BER,2023,5,17,5,7.3,77.3,7.9,3.6,5.19,5.5,20.4,0,954.5,29,3.1,6.7,43,75,34,50,93,20,20,329,100,24,97
BER,2023,5,17,6,7.4,76.8,7.9,3.6,5.19,5.6,20.5,0,954.8,32,3.6,8.6,190,342,92,141,403,56,56,326,65,24,97
BER,2023,5,17,7,8,73.7,7.9,3.6,5.19,5.9,21.1,0,955.3,25,4.7,8.8,373,566,130,140,649,105,81,311,50,24,97
BER,2023,5,17,8,8.8,70.8,8,3.8,5.25,6.4,22.1,0,955.5,28,5.6,12.2,535,641,172,113,711,270,113,327,65,24,97
BER,2023,5,17,9,9.9,67.2,8.2,4.1,5.38,7,23.5,0,955.7,35,4.7,11.4,624,543,246,155,605,385,155,324,84,24,97
BER,2023,5,17,10,10.9,59.8,7.8,3.4,5.12,7.2,23.8,0,956.1,45,5.4,11.8,511,124,410,243,335,332,244,336,100,24,97
BER,2023,5,17,11,11,57.7,7.6,3,4.98,7.1,23.6,0,956.1,56,5.1,10.8,587,174,436,255,345,395,256,338,100,24,97
BER,2023,5,17,12,11.5,55.9,7.6,3,4.98,7.4,24.1,0,956,51,5.2,11.2,448,46,408,246,253,283,255,340,100,24,97
BER,2023,5,17,13,12.3,56.1,8,3.8,5.25,8.1,25.6,0,955.9,67,4.6,9.3,563,158,428,251,247,375,355,341,100,24,97
BER,2023,5,17,14,13.1,52.5,7.9,3.6,5.19,8.3,26.3,0,955.5,59,4.4,10.2,448,84,383,229,224,284,301,340,100,24,97
BER,2023,5,17,15,13,52.8,7.9,3.6,5.19,8.3,26.2,0,955.3,78,4.2,10.2,383,81,327,196,191,239,273,340,100,24,97
BER,2023,5,17,16,12.4,54.9,7.9,3.6,5.19,8,25.5,0,955.4,74,3.9,9.5,230,17,220,134,131,139,152,339,100,24,97
BER,2023,5,17,17,12.2,54.1,7.7,3.2,5.05,7.8,25,0,955.3,81,3.9,9.2,120,4,118,73,70,72,77,339,100,24,97
BER,2023,5,17,18,11.9,54.4,7.6,3,4.99,7.5,24.5,0,955.3,64,3.1,7,59,3,58,37,35,36,39,338,100,24,97
BER,2023,5,17,19,11.3,58.2,7.8,3.4,5.12,7.4,24.3,0,955.3,79,2.4,7.4,2,0,2,1,1,1,1,337,100,24,97
BER,2023,5,17,20,10.8,59.3,7.7,3.2,5.05,7.1,23.6,0,955.6,79,1.8,5.5,0,0,0,0,0,0,0,336,100,24,97
BER,2023,5,17,21,10.4,64,8.1,3.9,5.32,7.2,23.8,0,955.7,48,1.4,4.8,0,0,0,0,0,0,0,334,100,24,97
BER,2023,5,17,22,10,68.6,8.4,4.5,5.52,7.3,23.9,0,955.6,38,1.7,5,0,0,0,0,0,0,0,333,100,24,97
BER,2023,5,17,23,9.6,70.5,8.4,4.5,5.52,7.1,23.5,0,955.4,34,2.8,6.2,0,0,0,0,0,0,0,331,44,24,97
BER,2023,5,18,0,8.9,72.8,8.3,4.3,5.45,6.6,22.7,0,955.2,39,2.3,5.2,0,0,0,0,0,0,0,321,39,24,97
BER,2023,5,18,1,7.8,77.4,8.2,4.1,5.39,6,21.4,0,954.6,24,2.8,5.3,0,0,0,0,0,0,0,329,100,25,97
BER,2023,5,18,2,7,80.6,8.1,3.9,5.32,5.5,20.4,0,954.4,25,3.3,6.2,0,0,0,0,0,0,0,330,100,25,97
BER,2023,5,18,3,6.7,81.7,8,3.8,5.26,5.3,19.9,0,954.1,28,4.1,6.5,0,0,0,0,0,0,0,330,100,25,97
BER,2023,5,18,4,6.6,82.3,8,3.8,5.26,5.3,19.8,0,954.1,29,4.8,8.3,0,0,0,0,0,0,0,331,100,25,97
BER,2023,5,18,5,6.8,81.2,8,3.8,5.26,5.4,20,0,954.4,27,5.3,8.4,23,4,23,16,18,14,14,332,100,25,97
BER,2023,5,18,6,7.4,78.4,8.1,3.9,5.32,5.7,20.8,0,954.6,27,4.7,8.6,127,60,109,84,128,66,67,333,100,25,97
BER,2023,5,18,7,8.4,76.4,8.4,4.5,5.52,6.5,22.3,0,955.1,30,4,7.1,366,522,131,130,601,111,87,323,64,25,97
BER,2023,5,18,8,9.7,71.5,8.6,4.8,5.65,7.3,24,0,955.3,40,3.4,7.1,536,653,162,110,717,271,110,326,60,25,97
BER,2023,5,18,9,10.2,67.7,8.4,4.5,5.52,7.4,24.1,0,955.4,45,3.4,6.8,578,388,301,177,516,376,177,336,81,25,97
BER,2023,5,18,10,11.1,64.2,8.5,4.6,5.58,7.8,25.2,0,955.4,48,3.3,7,559,194,403,238,386,374,239,344,100,25,97
BER,2023,5,18,11,11.9,60.9,8.5,4.6,5.58,8.2,26,0,955.6,72,3.5,8.9,376,27,353,216,227,236,217,347,100,25,97
BER,2023,5,18,12,12.9,58.6,8.7,5,5.72,8.8,27.4,0,955.4,73,3.7,7.7,569,146,439,262,273,381,309,350,100,25,97
BER,2023,5,18,13,13.2,59.5,9,5.5,5.92,9.2,28.2,0,955.3,54,4,9.6,456,64,401,243,238,293,284,352,100,25,97
BER,2023,5,18,14,13.8,58.5,9.2,5.8,6.05,9.6,29.2,0,955.2,47,4.1,8.8,483,133,376,224,220,317,330,351,100,25,97
BER,2023,5,18,15,13.8,59.7,9.4,6.1,6.18,9.7,29.5,0,954.8,40,4.1,8.8,270,11,262,161,157,166,172,350,100,25,97
BER,2023,5,18,16,13.8,58.5,9.2,5.8,6.05,9.6,29.2,0,954.8,53,4.1,10.3,258,47,233,143,139,154,192,350,94,25,97
BER,2023,5,18,17,13.3,61.7,9.4,6.1,6.18,9.5,29,0,954.9,42,3.1,7.3,212,125,162,123,96,98,230,336,71,25,97
BER,2023,5,18,18,12.8,63.7,9.4,6.1,6.18,9.3,28.5,0,954.9,43,2.7,6.1,34,4,33,21,20,20,24,348,94,25,97
BER,2023,5,18,19,12.3,67.7,9.7,6.5,6.38,9.2,28.5,0,955,36,2.5,4.7,4,0,4,2,2,2,2,347,100,25,97
BER,2023,5,18,20,11.8,69.5,9.6,6.4,6.31,9,27.8,0,955.6,24,2.5,4.8,0,0,0,0,0,0,0,341,78,25,97
BER,2023,5,18,21,11.5,70.8,9.6,6.4,6.31,8.8,27.5,0,955.5,23,0.9,3.2,0,0,0,0,0,0,0,344,94,25,97
BER,2023,5,18,22,11.3,71.8,9.6,6.4,6.31,8.7,27.3,0,955.3,22,0.9,2.4,0,0,0,0,0,0,0,342,100,25,97
BER,2023,5,18,23,11,73.7,9.7,6.5,6.38,8.7,27.1,0,955.1,90,0.4,1.7,0,0,0,0,0,0,0,340,100,25,97
BER,2023,5,19,0,10.8,74.7,9.7,6.5,6.39,8.6,26.9,0,954.6,72,0.6,2.9,0,0,0,0,0,0,0,338,100,25,97
BER,2023,5,19,1,10.3,77.3,9.7,6.5,6.39,8.3,26.4,0,954.3,33,1.7,4.1,0,0,0,0,0,0,0,337,100,25,97
BER,2023,5,19,2,9.7,78.8,9.5,6.2,6.26,7.9,25.5,0,954,31,1.8,4.1,0,0,0,0,0,0,0,338,100,25,97
BER,2023,5,19,3,9.3,80.4,9.4,6.1,6.19,7.7,24.9,0,954.1,28,2,4.3,0,0,0,0,0,0,0,339,100,25,97
BER,2023,5,19,4,8.8,83.1,9.4,6.1,6.19,7.4,24.4,0,954,27,2,4.1,0,0,0,0,0,0,0,339,100,25,97
BER,2023,5,19,5,8.9,82.6,9.4,6.1,6.19,7.5,24.5,0,954.2,360,1.2,4.2,55,170,30,83,183,18,18,332,75,25,97
BER,2023,5,19,6,9.6,80.4,9.6,6.4,6.32,7.9,25.6,0,954.2,25,1.5,4.3,186,326,98,151,389,60,60,326,63,25,97
BER,2023,5,19,7,11.6,73.9,10.1,7.1,6.65,9.2,28.4,0,954.3,28,2.9,6.8,339,417,162,153,525,117,97,320,53,25,97
BER,2023,5,19,8,12.6,71.6,10.4,7.6,6.85,9.9,30,0,954.3,34,3.8,7.3,566,757,119,97,770,274,97,309,29,25,97
BER,2023,5,19,9,13.2,70.7,10.7,8,7.06,10.4,31.1,0,953.9,33,4.3,7.6,704,727,191,135,715,428,135,319,43,25,97
BER,2023,5,19,10,14,67.6,10.8,8.1,7.12,10.8,32.1,0,953.8,44,3.5,7.7,702,490,309,185,527,481,185,343,78,25,97
BER,2023,5,19,11,14.1,67.1,10.8,8.1,7.12,10.8,32.2,0,953.7,40,4.1,7.4,633,241,424,248,382,436,249,354,100,25,97
BER,2023,5,19,12,14.3,64,10.4,7.6,6.86,10.6,31.7,0,953.7,57,3.9,8.3,672,276,427,248,302,471,303,357,100,25,97
BER,2023,5,19,13,15.1,61.7,10.6,7.8,6.99,11.1,32.9,0,953.3,70,3.9,8.6,590,187,428,253,248,399,367,359,100,25,97
BER,2023,5,19,14,15.4,60.1,10.5,7.7,6.93,11.2,33,0,953.1,67,4,9.2,465,97,389,234,229,299,315,359,100,25,97
BER,2023,5,19,15,15.4,58.5,10.2,7.3,6.73,11,32.5,0,953,69,4.1,10.8,352,63,307,186,182,220,246,358,100,25,97
BER,2023,5,19,16,14.9,60.4,10.2,7.3,6.73,10.8,32,0,952.9,53,3.6,9.1,214,27,198,121,118,130,149,358,100,25,97
BER,2023,5,19,17,14.2,64.5,10.4,7.6,6.86,10.6,31.6,0,952.8,50,2.8,7.3,107,1,106,66,64,65,67,357,100,25,97
BER,2023,5,19,18,13.7,67.5,10.6,7.8,7,10.5,31.4,0,952.8,51,2.3,5.3,11,0,11,7,7,7,7,357,100,25,97
BER,2023,5,19,19,13.1,71.2,10.7,8,7.06,10.3,31,0,952.8,47,2.6,6.4,2,0,2,1,1,1,1,356,100,25,97
BER,2023,5,19,20,12.8,73.1,10.8,8.1,7.13,10.2,30.9,0,952.9,45,3.2,7.8,0,0,0,0,0,0,0,353,100,25,97
BER,2023,5,19,21,12.5,74,10.7,8,7.06,10.1,30.4,0,952.9,40,3.4,6.9,0,0,0,0,0,0,0,351,100,25,97
BER,2023,5,19,22,12.1,75,10.6,7.8,7,9.8,29.8,0,952.7,42,3.7,8.8,0,0,0,0,0,0,0,349,100,25,97
BER,2023,5,19,23,11.9,75.4,10.5,7.7,6.93,9.6,29.5,0,952.3,29,2.4,6.6,0,0,0,0,0,0,0,340,81,25,97
BER,2023,5,20,0,11.7,77,10.6,7.8,7.01,9.6,29.4,0,951.8,24,3.6,6.1,0,0,0,0,0,0,0,337,84,25,97
BER,2023,5,20,1,11.4,78,10.5,7.7,6.94,9.4,29,0,951.6,29,2.1,6,0,0,0,0,0,0,0,340,94,28,97
BER,2023,5,20,2,11.1,79.5,10.5,7.7,6.94,9.3,28.7,0,951.3,34,0.7,2.4,0,0,0,0,0,0,0,337,88,28,97
BER,2023,5,20,3,10.8,81.7,10.6,7.8,7.01,9.2,28.5,0,951,37,0.7,2.5,0,0,0,0,0,0,0,331,65,28,97
BER,2023,5,20,4,10,85,10.4,7.6,6.88,8.7,27.4,0,951.1,56,0.6,2.9,0,0,0,0,0,0,0,309,40,28,97
BER,2023,5,20,5,10.4,85.6,10.8,8.1,7.14,9.2,28.5,0,951,22,0.7,2,4,0,4,2,2,2,2,344,100,28,97
BER,2023,5,20,6,11.5,81.2,11,8.4,7.28,9.8,29.9,0,950.7,38,1.2,2.9,39,1,38,24,24,24,24,341,94,28,97
BER,2023,5,20,7,12,80.8,11.3,8.8,7.48,10.2,30.9,0,950.5,30,1.7,3.8,160,15,154,100,110,97,97,339,81,28,97
BER,2023,5,20,8,12.5,77.1,11.2,8.6,7.42,10.4,31.3,0,950.2,40,1.9,4.8,232,12,225,142,150,146,142,338,56,28,97
BER,2023,5,20,9,13.4,73.7,11.3,8.8,7.49,10.8,32.4,0,950,45,2.6,5.8,243,6,238,150,152,153,151,346,94,28,97
BER,2023,5,20,10,13.9,71.3,11.3,8.8,7.49,11.1,32.9,0,950,42,3.1,7.3,295,23,276,173,189,188,174,354,100,28,97
BER,2023,5,20,11,14.2,70.4,11.4,8.9,7.55,11.2,33.4,0,950,50,2.9,6.6,355,22,337,211,220,228,212,365,100,28,97
BER,2023,5,20,12,14.8,69.6,11.7,9.3,7.76,11.7,34.5,0,949.7,60,3,6.8,341,7,334,210,208,216,212,365,100,28,97
BER,2023,5,20,13,14.9,71,12,9.7,7.96,11.9,35.1,0,949.4,41,2.5,5.1,257,3,254,160,157,162,163,371,100,28,97
BER,2023,5,20,14,15.4,71.6,12.5,10.3,8.3,12.4,36.5,0,949.5,37,2.3,5.1,252,1,252,159,155,159,160,370,100,28,97
BER,2023,5,20,15,15.4,72.6,12.7,10.5,8.43,12.6,36.8,0,949.3,30,2.4,4.9,152,0,152,96,94,96,96,370,100,28,97
BER,2023,5,20,16,15.7,70.7,12.6,10.4,8.37,12.6,37,0,949.3,83,2.2,6.8,102,0,102,65,63,64,65,369,100,28,97
BER,2023,5,20,17,15.8,71.2,12.8,10.6,8.5,12.8,37.4,0,949.2,43,2,4.1,109,1,109,69,67,69,70,368,100,28,97
BER,2023,5,20,18,15.4,76,13.3,11.2,8.84,12.9,37.8,0,949.3,41,1,2.5,138,211,92,130,56,57,271,364,94,28,97
BER,2023,5,20,19,14.5,81.6,13.5,11.4,8.97,12.7,37.3,0,949.2,34,1.2,3.1,11,4,11,9,7,7,11,362,94,28,97
BER,2023,5,20,20,13.6,86,13.4,11.3,8.9,12.3,36.2,0,949.4,18,1.3,2.9,0,0,0,0,0,0,0,363,100,28,97
BER,2023,5,20,21,12.6,90.6,13.2,11.1,8.77,11.7,34.8,0,949.3,338,0.8,1.7,0,0,0,0,0,0,0,360,100,28,97
BER,2023,5,20,22,11.8,92.3,12.8,10.6,8.51,11.1,33.3,0,948.9,45,0.5,1.4,0,0,0,0,0,0,0,358,100,28,97
BER,2023,5,20,23,11.6,93,12.7,10.5,8.44,11,32.9,0,948.5,135,0.3,1.2,0,0,0,0,0,0,0,355,100,28,97
BER,2023,5,21,0,11.4,92.9,12.5,10.3,8.31,10.8,32.4,0,948.3,180,0.5,1.5,0,0,0,0,0,0,0,353,100,28,97
BER,2023,5,21,1,11.5,93.6,12.7,10.5,8.45,10.9,32.9,0,948,202,0.5,0.9,0,0,0,0,0,0,0,351,100,24,97
BER,2023,5,21,2,11.2,93.6,12.4,10.2,8.25,10.6,32,0,947.7,189,0.6,1.3,0,0,0,0,0,0,0,353,100,24,97
BER,2023,5,21,3,10.6,94.8,12.1,9.8,8.05,10.2,30.9,0,947.6,45,0.3,1.1,0,0,0,0,0,0,0,354,100,24,97
BER,2023,5,21,4,10.2,94.8,11.8,9.4,7.84,9.8,30,0,947.9,162,0.3,1.1,0,0,0,0,0,0,0,355,100,24,97
BER,2023,5,21,5,10.4,93.5,11.8,9.4,7.84,9.8,30.2,0,948.4,198,0.7,1.7,53,125,35,71,142,21,21,357,100,24,97
BER,2023,5,21,6,11.5,91.7,12.4,10.2,8.24,10.8,32.3,0,948.4,193,1,2,159,167,115,120,239,68,68,358,88,24,97
BER,2023,5,21,7,13.4,84.8,13,10.9,8.64,12,35.3,0,948.4,219,0.7,1.8,331,372,162,138,475,118,97,361,73,24,97
BER,2023,5,21,8,15,77,13.1,11,8.71,12.7,37.1,0,948.4,180,0.7,1.9,595,826,109,91,825,271,91,350,48,24,97
BER,2023,5,21,9,16.6,73.3,13.8,11.8,9.18,13.7,39.9,0,948.4,346,0.8,2.7,722,846,115,107,732,411,107,352,41,24,97
BER,2023,5,21,10,18.7,66.8,14.4,12.4,9.59,14.9,43.1,0,948.3,342,2,4.9,854,913,110,120,610,540,119,336,29,24,97
BER,2023,5,21,11,20,60,14,12,9.32,15.1,43.8,0,947.9,332,1.9,3.8,861,761,198,147,437,592,146,371,66,24,97
BER,2023,5,21,12,21.6,52.6,13.6,11.5,9.06,15.4,44.7,0,947.8,321,1.7,5.3,896,814,172,143,224,617,224,356,59,24,97
BER,2023,5,21,13,22.8,51.5,14.3,12.3,9.53,16.3,47.2,0,947.7,344,2,5,758,524,307,184,184,525,454,375,75,24,97
BER,2023,5,21,14,23.5,48.8,14.1,12.1,9.4,16.4,47.5,0,947.5,347,1.8,4.7,700,550,265,166,166,458,542,369,66,24,97
BER,2023,5,21,15,23.9,44.3,13.1,11,8.72,16,46.2,0,947.3,355,1.7,3.8,669,768,139,108,110,377,719,361,33,24,97
BER,2023,5,21,16,24.7,37.6,11.7,9.3,7.78,15.5,44.7,0,947.4,350,2,4.6,326,204,211,125,123,182,330,375,88,24,97
BER,2023,5,21,17,24.1,44,13.2,11.1,8.79,16.1,46.6,0,947.4,34,3,6.7,160,54,140,97,83,84,141,382,100,24,97
BER,2023,5,21,18,19.4,69.1,15.6,13.6,10.41,15.8,45.9,0.2,947.8,137,2.6,5.7,42,0,42,25,25,25,26,382,100,24,97
BER,2023,5,21,19,18.5,75.1,16,14,10.67,15.7,45.7,0,948.6,63,1.7,5.4,19,50,15,31,9,9,55,380,94,24,97
BER,2023,5,21,20,18.3,72.6,15.3,13.3,10.19,15.2,44.2,0,949.5,186,1.1,2.8,0,0,0,0,0,0,0,376,100,24,97
BER,2023,5,21,21,16.1,81.3,14.9,12.9,9.91,14.2,41.3,0.1,950.2,225,2.2,6.6,0,0,0,0,0,0,0,371,100,24,97
BER,2023,5,21,22,15.3,90.2,15.7,13.7,10.45,14.3,41.8,7.6,950.5,193,2.6,5.4,0,0,0,0,0,0,0,367,100,24,97
BER,2023,5,21,23,15.2,91.9,15.9,13.9,10.58,14.4,42,1.7,950.6,187,1.1,2.9,0,0,0,0,0,0,0,359,94,24,97
BER,2023,5,22,0,14.9,91.3,15.5,13.5,10.31,14,41.1,0.1,950.3,141,0.9,2.3,0,0,0,0,0,0,0,335,48,24,97
BER,2023,5,22,1,14.4,91.9,15.1,13.1,10.04,13.6,39.9,0,950.2,180,1.7,3.3,0,0,0,0,0,0,0,315,34,23,97
BER,2023,5,22,2,13.5,94.3,14.6,12.6,9.7,13,38.1,0.1,950.4,207,1,2.1,0,0,0,0,0,0,0,319,33,23,97
BER,2023,5,22,3,12.7,94.9,13.9,11.9,9.23,12.2,36.1,0,950.4,173,0.8,1.9,0,0,0,0,0,0,0,318,23,23,97
BER,2023,5,22,4,12.6,94.2,13.7,11.7,9.1,12.1,35.6,0,950.3,174,0.9,2,0,0,0,0,0,0,0,302,0,23,97
BER,2023,5,22,5,12.7,96.1,14.1,12.1,9.36,12.3,36.4,0,950.7,207,1.2,2.4,70,232,39,116,246,23,23,303,0,23,97
BER,2023,5,22,6,13.5,94.9,14.7,12.7,9.77,13,38.2,0,950.8,221,1.1,1.8,227,560,70,195,602,45,45,304,6,23,97
BER,2023,5,22,7,15.5,81.8,14.4,12.4,9.57,13.6,39.8,0,950.8,180,1.8,3.1,406,731,85,134,772,85,65,305,0,23,97
BER,2023,5,22,8,17.2,74.8,14.7,12.7,9.77,14.5,42,0,950.9,195,1.3,2.9,571,786,107,87,783,254,87,308,0,23,97
BER,2023,5,22,9,19,72.3,15.9,13.9,10.58,15.8,45.9,0,950.7,230,1,2.8,716,819,127,106,719,406,105,310,0,23,97
BER,2023,5,22,10,20.2,66.7,15.8,13.8,10.51,16.2,47,0,950.6,254,1.2,3.3,827,843,140,120,592,526,120,313,0,23,97
BER,2023,5,22,11,21.9,61.2,16.1,14.1,10.72,16.9,49.3,0,950.2,234,1.4,3.7,902,875,136,127,415,600,126,316,0,23,97
BER,2023,5,22,12,23.5,55.2,16,14,10.66,17.4,50.8,0,949.7,259,1.4,4.4,930,909,119,126,191,622,210,323,0,23,97
BER,2023,5,22,13,24.9,40.9,12.9,10.7,8.57,16.2,46.9,0,949.5,326,1.7,5.4,903,916,111,122,126,588,452,347,35,23,97
BER,2023,5,22,14,25.2,39.1,12.5,10.3,8.3,16.1,46.5,0,949,325,2,4.8,759,679,224,149,150,482,601,362,65,23,97
BER,2023,5,22,15,25.5,38.4,12.5,10.3,8.3,16.2,46.8,0,948.8,30,2,4.5,586,500,242,146,145,346,577,350,48,23,97
BER,2023,5,22,16,24,46.1,13.7,11.7,9.11,16.4,47.3,0,949.1,351,3.4,9,317,198,201,117,115,179,313,366,81,23,97
BER,2023,5,22,17,23.2,51.6,14.7,12.7,9.79,16.6,48.2,0,949.1,342,3.9,7.6,303,419,127,142,81,81,495,372,81,23,97
BER,2023,5,22,18,22.7,55.7,15.4,13.4,10.25,16.8,48.9,0,949.6,346,3.1,6.6,183,390,94,187,53,53,448,365,64,23,97
BER,2023,5,22,19,21.7,62,16.1,14.1,10.72,16.9,49.1,0,950,332,2.7,5.3,37,110,24,61,14,14,119,373,71,23,97
BER,2023,5,22,20,20.2,67.1,15.9,13.9,10.58,16.2,47.2,0,950.5,344,2,3.9,0,0,0,0,0,0,0,376,100,23,97
BER,2023,5,22,21,19.2,72.3,16.1,14.1,10.71,16,46.5,0,951.4,130,1.3,3.2,0,0,0,0,0,0,0,373,100,23,97
BER,2023,5,22,22,18.7,72.7,15.7,13.7,10.43,15.6,45.3,0,951.6,162,1.6,3.1,0,0,0,0,0,0,0,370,100,23,97
BER,2023,5,22,23,17.7,76.9,15.6,13.6,10.37,15.2,44.1,0,951.6,170,1.4,4,0,0,0,0,0,0,0,366,100,23,97
BER,2023,5,23,0,16.8,85.2,16.3,14.3,10.84,15.2,44.3,0,951.3,270,0.4,1,0,0,0,0,0,0,0,363,100,23,97
BER,2023,5,23,1,16.1,87.9,16.1,14.1,10.71,14.9,43.3,0,951.4,173,0.9,2.4,0,0,0,0,0,0,0,351,94,21,97
BER,2023,5,23,2,15.7,88.5,15.8,13.8,10.5,14.5,42.4,0,951.4,207,0.5,1.2,0,0,0,0,0,0,0,362,100,21,97
BER,2023,5,23,3,15.3,89,15.5,13.5,10.3,14.2,41.4,0,951.5,180,0.6,1.3,0,0,0,0,0,0,0,364,100,21,97
BER,2023,5,23,4,14.9,90.1,15.3,13.3,10.16,13.9,40.7,0,951.8,135,0.1,1.1,0,0,0,0,0,0,0,365,100,21,97
BER,2023,5,23,5,15.3,87.3,15.2,13.2,10.09,14,40.9,0,952,169,0.5,1.5,22,0,22,13,13,13,13,367,100,21,97
BER,2023,5,23,6,15.9,84,15.2,13.2,10.09,14.3,41.5,0,952.2,172,0.8,2.1,124,69,106,84,131,62,62,355,71,21,97
BER,2023,5,23,7,16.4,83,15.5,13.5,10.29,14.6,42.5,0,952.5,360,0.5,1.4,263,149,193,126,264,125,111,359,75,21,97
BER,2023,5,23,8,17,82.5,16,14,10.62,15.1,44,0,952.7,24,1.1,2.8,186,61,152,88,149,105,88,372,100,21,97
BER,2023,5,23,9,17.9,77.9,16,14,10.63,15.5,44.9,0,952.6,49,1.9,4.1,116,0,116,69,67,69,69,374,100,21,97
BER,2023,5,23,10,19.3,74.7,16.7,14.7,11.1,16.4,47.6,0,952.5,35,2.6,5.8,413,50,373,218,249,252,219,376,100,21,97
BER,2023,5,23,11,20.7,67.2,16.4,14.4,10.9,16.7,48.5,0,952.3,50,3,6.5,417,45,378,221,244,255,223,379,100,21,97
BER,2023,5,23,12,20.4,69.3,16.6,14.6,11.04,16.7,48.5,0,952.1,20,2.9,5.9,249,4,246,146,143,148,147,381,100,21,97
BER,2023,5,23,13,20.7,66.3,16.2,14.2,10.77,16.6,48.2,0,951.8,17,2.7,6.5,492,177,340,189,186,321,304,382,100,21,97
BER,2023,5,23,14,21.8,60.8,15.9,13.9,10.57,16.8,48.8,0,951.3,55,2.6,6.3,737,648,224,137,138,460,572,363,63,21,97
BER,2023,5,23,15,22.6,57.2,15.7,13.7,10.44,17,49.3,0,951.2,43,3.8,9.2,548,401,262,152,150,323,485,368,71,21,97
BER,2023,5,23,16,21.3,57.6,14.6,12.6,9.7,15.9,46.1,0,951.2,25,4,8.5,463,511,186,109,109,207,600,356,65,21,97
BER,2023,5,23,17,21.6,54.4,14,12,9.29,15.7,45.3,0,951.2,20,4.5,9.1,297,374,134,134,80,80,451,361,65,21,97
BER,2023,5,23,18,20.3,60.8,14.5,12.5,9.63,15.5,44.8,0,951.5,43,3.5,8.3,85,43,73,57,42,43,87,371,88,21,97
BER,2023,5,23,19,19,66,14.5,12.5,9.62,15,43.5,0,951.8,34,3,6.5,47,157,30,85,16,17,166,344,43,21,97
BER,2023,5,23,20,17.2,68.7,13.5,11.4,8.94,13.7,39.9,0,952.6,16,2.6,5.9,0,0,0,0,0,0,0,333,36,21,97
BER,2023,5,23,21,16.1,73.7,13.5,11.4,8.94,13.3,38.8,0,953.2,21,3.1,8.3,0,0,0,0,0,0,0,333,33,21,97
BER,2023,5,23,22,15.8,78.1,14,12,9.27,13.5,39.3,0,953.4,36,5.1,10,0,0,0,0,0,0,0,337,29,21,97
BER,2023,5,23,23,15.3,80.7,14,12,9.27,13.3,38.8,0,953.3,27,3.3,7.9,0,0,0,0,0,0,0,343,16,21,97
BER,2023,5,24,0,15,80.6,13.7,11.7,9.07,13,38,0,952.9,32,3.2,6.5,0,0,0,0,0,0,0,340,20,21,97
BER,2023,5,24,1,14.5,83.8,13.8,11.8,9.14,12.9,37.7,0,952.9,16,1.9,6.6,0,0,0,0,0,0,0,357,100,20,97
BER,2023,5,24,2,14.4,79.5,13,10.9,8.6,12.4,36.2,0,952.7,40,2.5,6.1,0,0,0,0,0,0,0,356,100,20,97
BER,2023,5,24,3,14.1,79.4,12.8,10.6,8.47,12.1,35.6,0,952.6,27,1.7,6.5,0,0,0,0,0,0,0,356,100,20,97
BER,2023,5,24,4,13.9,79.4,12.6,10.4,8.34,11.9,35,0,952.6,39,3.5,8.4,0,0,0,0,0,0,0,355,100,20,97
BER,2023,5,24,5,13.7,80.5,12.6,10.4,8.34,11.8,34.8,0,952.6,39,4.2,8.8,14,0,14,8,8,8,8,354,100,20,97
BER,2023,5,24,6,13.6,82.1,12.8,10.6,8.47,11.9,35.1,0,952.9,34,4.2,7.9,80,3,79,47,48,47,47,354,100,20,97
BER,2023,5,24,7,13.4,83.7,12.9,10.7,8.53,11.8,35,0,953.2,32,4.8,8.5,97,0,97,57,56,57,57,354,100,20,97
BER,2023,5,24,8,13.8,81,12.8,10.6,8.47,12,35.3,0,953.2,37,3.8,7.4,175,1,175,103,101,103,103,355,100,20,97
BER,2023,5,24,9,13.8,81.5,12.9,10.7,8.53,12,35.4,0,953.5,35,4.1,8.2,123,0,123,73,71,72,73,357,100,20,97
BER,2023,5,24,10,13.5,82.6,12.8,10.6,8.46,11.8,34.9,0,953.6,36,2.9,7.6,137,0,137,81,79,81,81,358,100,20,97
BER,2023,5,24,11,13.2,83.7,12.7,10.5,8.39,11.7,34.5,0,953.9,25,4.4,8.9,100,0,100,59,57,59,59,359,100,20,97
BER,2023,5,24,12,13.3,80.4,12.3,10,8.13,11.4,33.9,0,953.9,40,3.7,8.6,100,0,100,59,58,59,59,361,100,20,97
BER,2023,5,24,13,13.9,77.3,12.3,10,8.13,11.7,34.5,0,953.9,34,3.6,7.8,137,0,137,81,79,81,81,361,100,20,97
BER,2023,5,24,14,14.5,74.4,12.3,10,8.13,11.9,35.1,0,953.8,36,3.5,8.3,91,0,91,53,52,53,54,360,100,20,97
BER,2023,5,24,15,14.3,74.8,12.2,9.9,8.06,11.8,34.7,0,953.6,25,3.6,8.1,154,0,154,91,88,90,91,359,100,20,97
BER,2023,5,24,16,13.7,77.3,12.1,9.8,7.99,11.5,34,0,953.6,32,3.2,6.3,155,2,154,91,88,91,93,358,100,20,97
BER,2023,5,24,17,13.2,79.3,12,9.7,7.93,11.2,33.3,0,953.5,23,2.6,5.9,106,2,105,62,60,61,64,357,100,20,97
BER,2023,5,24,18,13.4,78.3,12,9.7,7.93,11.3,33.5,0,953.5,35,2.5,5.5,64,16,61,42,35,35,51,356,100,20,97
BER,2023,5,24,19,13.1,80.9,12.2,9.9,8.06,11.3,33.5,0,953.6,27,1.6,3.6,18,13,17,16,10,10,22,355,100,20,97
BER,2023,5,24,20,12.7,83.1,12.2,9.9,8.06,11.1,33.1,0,953.6,16,1.5,3.4,0,0,0,0,0,0,0,352,100,20,97
BER,2023,5,24,21,11.9,87,12.1,9.8,7.99,10.7,32.1,0,953.6,21,0.9,2.3,0,0,0,0,0,0,0,350,100,20,97
BER,2023,5,24,22,11.4,89.3,12,9.7,7.93,10.5,31.4,0,953.4,34,0.8,3,0,0,0,0,0,0,0,348,100,20,97
BER,2023,5,24,23,11.2,87.5,11.6,9.2,7.66,10.1,30.6,0,953.3,360,1.2,3.1,0,0,0,0,0,0,0,346,100,20,97
BER,2023,5,25,0,11.2,79.6,10.6,7.8,7,9.4,28.9,0,952.8,30,2.3,6,0,0,0,0,0,0,0,344,100,20,97
BER,2023,5,25,1,11.1,79.5,10.5,7.7,6.93,9.3,28.6,0,952.6,27,1.9,5.3,0,0,0,0,0,0,0,343,100,20,97
BER,2023,5,25,2,10.7,78.4,10.1,7.1,6.67,8.8,27.6,0,952.4,25,2.1,4.8,0,0,0,0,0,0,0,343,100,20,97
BER,2023,5,25,3,10.4,72.1,9.1,5.6,6,8,25.6,0,952,31,2.9,6.3,0,0,0,0,0,0,0,344,100,20,97
BER,2023,5,25,4,9.9,75.6,9.2,5.8,6.07,7.8,25.2,0,952.3,33,3.6,8,0,0,0,0,0,0,0,344,100,20,97
BER,2023,5,25,5,9.5,83.2,9.9,6.8,6.53,8.1,26,0.1,952.8,29,5.4,9.6,18,0,18,11,11,11,11,345,100,20,97
BER,2023,5,25,6,10.2,83.9,10.4,7.6,6.86,8.8,27.5,0,953.2,35,4.7,8.8,80,71,55,50,104,31,31,342,94,20,97
BER,2023,5,25,7,11,80.6,10.6,7.8,6.99,9.3,28.7,0,953.6,41,3.7,8.1,335,374,166,138,470,111,91,337,75,20,97
BER,2023,5,25,8,11.4,79.6,10.7,8,7.05,9.6,29.2,0,954.4,32,3.4,6.8,323,110,262,149,259,180,149,348,88,20,97
BER,2023,5,25,9,11.9,77.5,10.8,8.1,7.11,9.8,29.9,0,955,21,3.1,6.4,335,29,314,183,204,197,183,356,100,20,97
BER,2023,5,25,10,12.9,73.1,10.9,8.2,7.18,10.3,31.1,0,955.5,34,4,7.4,382,32,355,206,224,228,207,361,94,20,97
BER,2023,5,25,11,13.9,71.3,11.3,8.8,7.44,11.1,32.8,0,956,36,3.8,8.1,448,108,352,200,244,280,201,361,94,20,97
BER,2023,5,25,12,16.1,64.9,11.9,9.5,7.84,12.3,36,0,956.2,49,3.6,7.4,860,689,243,142,225,573,233,351,55,20,97
BER,2023,5,25,13,17.3,62.2,12.3,10,8.11,13.1,37.9,0,956.1,56,3.7,8.5,887,844,154,116,118,560,449,346,39,20,97
BER,2023,5,25,14,17.7,61.4,12.4,10.2,8.17,13.3,38.5,0,956.2,55,3.7,7.8,733,605,244,138,138,458,539,351,61,20,97
BER,2023,5,25,15,17.7,61.9,12.5,10.3,8.24,13.4,38.7,0,956.3,57,3.8,8.4,621,576,221,122,122,349,614,357,71,20,97
BER,2023,5,25,16,18.3,60.8,12.8,10.6,8.44,13.8,39.8,0,956.5,73,3.4,7.5,418,322,233,127,125,215,446,370,94,20,97
BER,2023,5,25,17,18.4,60.8,12.9,10.7,8.5,13.8,40.1,0,956.7,60,3.1,7,332,513,127,170,71,72,588,340,45,20,97
BER,2023,5,25,18,17.7,63.5,12.9,10.7,8.5,13.6,39.3,0,956.9,78,2.2,5.9,200,520,73,208,40,40,556,330,33,20,97
BER,2023,5,25,19,16.6,70.9,13.4,11.3,8.83,13.5,39,0,957.1,106,0.8,1.5,40,107,28,63,16,16,117,335,39,20,97
BER,2023,5,25,20,15.6,78.1,13.8,11.8,9.1,13.3,38.7,0,957.5,82,0.7,1.5,0,0,0,0,0,0,0,337,41,20,97
BER,2023,5,25,21,14.5,83.3,13.7,11.7,9.03,12.8,37.4,0,957.5,28,1.8,2.8,0,0,0,0,0,0,0,334,38,20,97
BER,2023,5,25,22,15.1,80.6,13.8,11.8,9.1,13.1,38.2,0,957.5,40,1.6,3.1,0,0,0,0,0,0,0,327,30,20,97
BER,2023,5,25,23,14.7,83.9,14,12,9.23,13.1,38.1,0,957.4,346,0.5,1.4,0,0,0,0,0,0,0,325,19,20,97
BER,2023,5,26,0,14,87.2,13.9,11.9,9.16,12.8,37.2,0,957.3,153,0.4,1.3,0,0,0,0,0,0,0,314,0,20,97
BER,2023,5,26,1,13.3,88.8,13.6,11.5,8.97,12.2,36,0,957.1,166,0.4,1.6,0,0,0,0,0,0,0,292,0,20,97
BER,2023,5,26,2,13.2,89.4,13.6,11.5,8.96,12.2,35.9,0,957.2,166,0.5,1.3,0,0,0,0,0,0,0,303,29,20,97
BER,2023,5,26,3,12.9,90,13.4,11.3,8.83,12,35.3,0,957.1,231,0.7,1.1,0,0,0,0,0,0,0,311,36,20,97
BER,2023,5,26,4,11.8,91.7,12.7,10.5,8.36,11.1,33,0,957.3,243,0.4,1.1,0,0,0,0,0,0,0,303,16,20,97
BER,2023,5,26,5,12,91.7,12.9,10.7,8.49,11.3,33.5,0,957.5,0,0.1,0.7,43,36,40,39,56,23,23,325,44,20,97
BER,2023,5,26,6,13,88.8,13.3,11.2,8.76,12,35.2,0,957.8,225,0.1,0.8,111,22,104,68,82,61,61,358,100,20,97
BER,2023,5,26,7,14.2,84.9,13.7,11.7,9.02,12.7,37.1,0,958,225,0.6,1.7,202,39,183,110,145,111,107,360,94,20,97
BER,2023,5,26,8,16,75.6,13.7,11.7,9.02,13.4,38.9,0,958.2,22,2.3,4.9,340,107,278,158,265,192,159,356,71,20,97
BER,2023,5,26,9,17.8,67.5,13.7,11.7,9.02,14.1,40.8,0,958.1,23,2.8,6.5,616,512,235,141,526,355,142,338,48,20,97
BER,2023,5,26,10,19.4,63.5,14.3,12.3,9.43,15.1,43.4,0,958,22,2.6,5.3,768,639,244,142,542,481,142,341,45,20,97
BER,2023,5,26,11,20.7,61.3,15,13,9.9,15.9,46,0,957.6,17,2.7,7.3,814,616,270,157,397,535,157,343,45,20,97
BER,2023,5,26,12,22,57,15.1,13.1,9.97,16.4,47.5,0,957.4,33,3.8,8.5,903,803,183,128,212,588,209,339,35,20,97
BER,2023,5,26,13,23,51.9,14.6,12.6,9.64,16.5,47.6,0,957.1,52,3.9,9.1,949,939,131,112,115,596,464,315,6,20,97
BER,2023,5,26,14,23.6,48.8,14.2,12.2,9.37,16.5,47.6,0,956.8,38,4.3,8.5,850,918,113,101,104,493,634,312,0,20,97
BER,2023,5,26,15,23.8,47.9,14.1,12.1,9.31,16.5,47.6,0,956.5,39,3.9,8.1,714,881,98,87,89,353,753,313,0,20,97
BER,2023,5,26,16,24.1,45.8,13.7,11.7,9.04,16.4,47.3,0,956.1,43,4.1,7.9,540,772,104,74,75,200,772,314,0,20,97
BER,2023,5,26,17,24,44.9,13.4,11.3,8.84,16.2,46.6,0,956,47,3.9,7.6,365,661,93,166,59,58,707,315,0,20,97
BER,2023,5,26,18,23.4,43.8,12.6,10.4,8.31,15.5,44.7,0,956.2,53,2.8,6.3,193,490,70,196,40,40,524,316,0,20,97
BER,2023,5,26,19,21.6,52.6,13.6,11.5,8.97,15.4,44.5,0,956.5,43,2,6.1,47,176,27,92,15,15,180,315,0,20,97
BER,2023,5,26,20,19.6,62.7,14.3,12.3,9.44,15.1,43.7,0,956.8,32,1.5,3.5,0,0,0,0,0,0,0,311,0,20,97
BER,2023,5,26,21,18.3,65.8,13.8,11.8,9.1,14.4,41.5,0,956.9,27,2.1,5.2,0,0,0,0,0,0,0,307,0,20,97
BER,2023,5,26,22,17.4,69.2,13.7,11.7,9.03,14,40.4,0,956.9,25,3.6,5.6,0,0,0,0,0,0,0,302,0,20,97
BER,2023,5,26,23,16.6,70,13.2,11.1,8.7,13.4,38.7,0,956.9,20,3.3,6,0,0,0,0,0,0,0,302,0,20,97
BER,2023,5,27,0,15.5,74.1,13,10.9,8.57,12.8,37.3,0,956.7,304,1.2,2.5,0,0,0,0,0,0,0,310,0,20,97
BER,2023,5,27,1,14.5,79,13,10.9,8.57,12.4,36.2,0,956.5,332,1.7,3.2,0,0,0,0,0,0,0,291,0,19,97
BER,2023,5,27,2,13.5,82.1,12.7,10.5,8.37,11.8,34.7,0,956.1,297,0.7,1.4,0,0,0,0,0,0,0,291,0,19,97
BER,2023,5,27,3,12.5,85.9,12.4,10.2,8.17,11.2,33.2,0,956.2,315,1,2,0,0,0,0,0,0,0,292,0,19,97
BER,2023,5,27,4,12,87.6,12.3,10,8.11,10.9,32.5,0,956.1,11,2.2,4.3,0,0,0,0,0,0,0,292,0,19,97
BER,2023,5,27,5,12.3,85.8,12.3,10,8.1,11,32.8,0,956.3,18,2.6,3.9,78,267,41,135,276,22,23,292,0,19,97
BER,2023,5,27,6,13.9,78.9,12.5,10.3,8.24,11.8,34.8,0,956.2,20,3.5,6.7,240,593,70,207,626,40,40,292,0,19,97
BER,2023,5,27,7,15.8,70.7,12.7,10.5,8.37,12.7,37.1,0,956,32,4,7.3,417,736,87,134,765,73,57,293,0,19,97
BER,2023,5,27,8,17.4,66.1,13.1,11,8.64,13.6,39.4,0,955.9,15,3.3,7.7,589,822,97,72,789,229,72,296,0,19,97
BER,2023,5,27,9,18.8,62.1,13.5,11.4,8.91,14.4,41.5,0,955.5,9,3.3,6.8,738,871,105,86,719,378,85,298,0,19,97
BER,2023,5,27,10,20.5,57.8,13.9,11.9,9.19,15.3,43.9,0,955.1,12,4.2,8.3,850,891,116,97,578,496,97,301,0,19,97
BER,2023,5,27,11,21.9,54.8,14.4,12.4,9.53,16,46.2,0,954.7,13,4.3,8.6,922,914,117,103,389,570,103,304,0,19,97
BER,2023,5,27,12,23,51.9,14.6,12.6,9.66,16.5,47.7,0,954.2,19,5.2,9.5,940,909,123,106,169,591,192,306,0,19,97
BER,2023,5,27,13,23.7,48.5,14.2,12.2,9.4,16.5,47.8,0,953.8,22,4.9,9.4,909,908,117,102,105,557,432,308,0,19,97
BER,2023,5,27,14,24.4,47.1,14.4,12.4,9.54,16.9,48.8,0,953.4,19,4.6,9.3,827,884,116,95,98,472,609,308,0,19,97
BER,2023,5,27,15,24.4,44.1,13.5,11.4,8.94,16.4,47.3,0,952.9,16,4.9,9.5,698,826,119,86,88,348,724,308,0,19,97
BER,2023,5,27,16,24.4,41.3,12.6,10.4,8.33,15.9,45.8,0,952.9,30,4.4,8.3,540,754,112,73,74,201,759,308,0,19,97
BER,2023,5,27,17,23.9,42.5,12.6,10.4,8.34,15.7,45.3,0,952.8,25,4.3,9.4,371,677,91,166,56,55,718,308,0,19,97
BER,2023,5,27,18,23,43.7,12.3,10,8.13,15.2,43.8,0,952.9,30,3.5,7.2,200,531,67,206,37,37,560,313,6,19,97
BER,2023,5,27,19,21.5,47.6,12.2,9.9,8.06,14.6,42.1,0,953.2,38,2.4,5.8,53,199,30,104,16,16,203,334,45,19,97
BER,2023,5,27,20,18.6,60.8,13,10.9,8.6,14,40.5,0,953.4,25,1.9,2.8,0,0,0,0,0,0,0,317,20,19,97
BER,2023,5,27,21,16.9,67.7,13,10.9,8.6,13.4,38.8,0,953.4,24,2.4,3.8,0,0,0,0,0,0,0,300,0,19,97
BER,2023,5,27,22,16.3,68.5,12.7,10.5,8.4,12.9,37.6,0,953.2,19,2.4,4.5,0,0,0,0,0,0,0,296,0,19,97
BER,2023,5,27,23,15,74,12.6,10.4,8.33,12.3,36.1,0,953.2,18,1.3,3.9,0,0,0,0,0,0,0,293,0,19,97
BER,2023,5,28,0,14.5,75.4,12.4,10.2,8.2,12,35.3,0,952.8,7,0.8,1.9,0,0,0,0,0,0,0,289,0,19,97
BER,2023,5,28,1,13.4,79.9,12.3,10,8.14,11.5,34,0,952.4,360,0.9,2,0,0,0,0,0,0,0,287,0,18,97
BER,2023,5,28,2,12.3,85.3,12.2,9.9,8.07,10.9,32.7,0,952.1,360,1.3,2.5,0,0,0,0,0,0,0,287,0,18,97
BER,2023,5,28,3,11.4,88.1,11.9,9.5,7.87,10.3,31.3,0,952.1,27,0.7,1.9,0,0,0,0,0,0,0,287,0,18,97
BER,2023,5,28,4,10.8,90.4,11.7,9.3,7.74,10,30.4,0,952.1,18,0.7,1.5,0,0,0,0,0,0,0,288,0,18,97
BER,2023,5,28,5,10.9,91.1,11.9,9.5,7.87,10.1,30.8,0,952.4,9,0.7,2,79,267,42,136,276,23,23,301,0,18,97
BER,2023,5,28,6,12.9,84.8,12.6,10.4,8.34,11.5,34,0,952.6,11,0.6,1.4,241,586,72,208,620,41,41,288,0,18,97
BER,2023,5,28,7,15.4,74.5,13,10.9,8.61,12.8,37.2,0,952.6,5,1.1,3.4,419,733,89,136,763,73,56,289,0,18,97
BER,2023,5,28,8,17.4,63.9,12.7,10.5,8.41,13.4,38.8,0,952.5,10,2.4,4.8,591,819,100,71,787,228,71,291,0,18,97
BER,2023,5,28,9,19.3,58.2,13,10.9,8.61,14.3,41.2,0,952.2,24,2.7,5.7,747,895,96,82,726,373,82,293,0,18,97
BER,2023,5,28,10,20.9,53.1,13.1,11,8.68,14.9,43.1,0,951.9,10,3.2,7.2,863,924,101,93,581,492,92,295,0,18,97
BER,2023,5,28,11,21.9,48.6,12.8,10.6,8.48,15.1,43.6,0,951.7,15,3.8,8.1,929,922,114,101,388,567,100,296,0,18,97
BER,2023,5,28,12,23.1,42,11.9,9.5,7.88,15,43.3,0,951.2,7,4.2,8.8,945,912,123,104,169,589,189,298,0,18,97
BER,2023,5,28,13,23.9,36.2,10.7,8,7.08,14.6,42.1,0,950.7,16,3.9,8,914,908,120,100,103,555,431,300,0,18,97
BER,2023,5,28,14,24.6,33.1,10.2,7.3,6.75,14.6,41.9,0,950.2,27,4.2,8.6,826,865,128,95,98,472,607,300,0,18,97
BER,2023,5,28,15,24.8,32.7,10.2,7.3,6.75,14.6,42.1,0,949.9,33,4.5,9.7,703,830,120,84,86,347,726,300,0,18,97
BER,2023,5,28,16,24.6,33.3,10.3,7.4,6.82,14.6,42.1,0,949.7,36,4.7,9.1,549,780,105,70,71,196,774,300,0,18,97
BER,2023,5,28,17,24.1,33.4,10,7,6.62,14.3,41.1,0,949.6,43,4.2,10,376,682,92,168,55,55,722,300,0,18,97
BER,2023,5,28,18,23.1,36.2,10.2,7.3,6.75,14,40.4,0,949.9,44,3.6,9.3,205,547,66,212,37,37,575,300,0,18,97
BER,2023,5,28,19,21.4,43.3,11,8.4,7.29,13.9,40,0,950.1,53,2.1,4.9,53,210,29,109,15,15,212,298,0,18,97
BER,2023,5,28,20,19.6,48.7,11.1,8.5,7.35,13.2,38.4,0,950.6,58,1.3,2.5,0,0,0,0,0,0,0,293,0,18,97
BER,2023,5,28,21,16.6,62,11.7,9.3,7.75,12.4,36.3,0,951.1,30,1.7,2.5,0,0,0,0,0,0,0,288,0,18,97
BER,2023,5,28,22,15.5,66.1,11.6,9.2,7.68,11.9,35,0,950.9,27,2.2,3.9,0,0,0,0,0,0,0,283,0,18,97
BER,2023,5,28,23,15.7,61,10.9,8.2,7.21,11.5,34,0,950.8,27,3,4.5,0,0,0,0,0,0,0,278,0,18,97
BER,2023,5,29,0,15.3,60.9,10.6,7.8,7.01,11.2,33.1,0,951,19,2.2,4.8,0,0,0,0,0,0,0,273,0,18,97
BER,2023,5,29,1,13.4,70.3,10.8,8.1,7.15,10.5,31.5,0,950.9,353,1,2,0,0,0,0,0,0,0,270,0,18,97
BER,2023,5,29,2,13.4,66.5,10.2,7.3,6.75,10.1,30.5,0,950.8,43,2.2,4.3,0,0,0,0,0,0,0,271,0,18,97
BER,2023,5,29,3,12.2,73.5,10.4,7.6,6.88,9.7,29.6,0,950.7,339,1.1,2.4,0,0,0,0,0,0,0,272,0,18,97
BER,2023,5,29,4,10.7,79.5,10.2,7.3,6.75,8.9,27.8,0,950.8,31,0.6,1.8,0,0,0,0,0,0,0,273,0,18,97
BER,2023,5,29,5,10.4,83.9,10.6,7.8,7.01,9,28.1,0,951.3,27,0.4,1.2,85,311,43,157,317,23,23,279,6,18,97
BER,2023,5,29,6,13.2,75.7,11.5,9,7.61,10.9,32.5,0,951.6,9,0.7,1.5,247,599,73,213,632,40,40,274,0,18,97
BER,2023,5,29,7,15.9,59.8,10.8,8.1,7.14,11.6,34.1,0,951.7,21,2.3,5.5,429,765,84,136,788,71,54,276,0,18,97
BER,2023,5,29,8,17.6,54.8,11,8.4,7.27,12.4,36.1,0,951.8,15,3.5,6.6,598,827,100,70,793,227,70,280,0,18,97
BER,2023,5,29,9,19.9,47.4,11,8.4,7.27,13.3,38.5,0,951.6,20,4.3,8.6,748,878,108,83,722,374,82,284,0,18,97
BER,2023,5,29,10,21.2,45,11.3,8.8,7.47,14,40.3,0,951.6,19,5.1,10.5,863,910,112,93,580,491,92,288,0,18,97
BER,2023,5,29,11,22.5,42.7,11.6,9.2,7.68,14.6,42.1,0,951.5,27,5.6,12.4,931,923,115,99,387,564,98,292,0,18,97
BER,2023,5,29,12,23.4,38.3,11,8.4,7.28,14.6,42.1,0,951.2,39,5.9,13,948,917,121,101,165,585,186,295,0,18,97
BER,2023,5,29,13,24.2,35.8,10.8,8.1,7.14,14.8,42.5,0,951.2,39,6.3,12.5,913,903,122,99,101,551,428,299,0,18,97
BER,2023,5,29,14,25,33.2,10.5,7.7,6.95,14.9,42.8,0,950.8,50,5.7,11.5,830,878,121,92,95,467,606,298,0,18,97
BER,2023,5,29,15,25.2,32.1,10.3,7.4,6.81,14.8,42.7,0,950.7,40,5.4,12,706,838,115,82,84,343,725,299,0,18,97
BER,2023,5,29,16,25,28.7,9.1,5.6,6.01,14,40.5,0,950.8,47,5.2,11.8,549,772,108,69,70,194,767,299,0,18,97
BER,2023,5,29,17,24.5,30.2,9.3,5.9,6.14,13.9,40.3,0,950.9,58,4.2,9.9,377,682,92,168,54,54,720,300,0,18,97
BER,2023,5,29,18,23.4,32.3,9.3,5.9,6.14,13.5,39.2,0,951,51,3.5,9.9,206,546,67,212,37,37,573,300,0,18,97
BER,2023,5,29,19,21.9,37.3,9.8,6.7,6.48,13.3,38.5,0,951.2,42,2.8,7.1,55,213,29,111,15,16,215,299,0,18,97
BER,2023,5,29,20,19.6,44.8,10.2,7.3,6.74,12.7,36.8,0,951.9,30,2.3,4.8,0,0,0,0,0,0,0,294,0,18,97
BER,2023,5,29,21,17.7,51.5,10.4,7.6,6.87,12.1,35.2,0,952.4,20,2.4,3.6,0,0,0,0,0,0,0,289,0,18,97
BER,2023,5,29,22,16.9,52,10,7,6.6,11.5,33.7,0,952.4,25,3.3,4.8,0,0,0,0,0,0,0,284,0,18,97
BER,2023,5,29,23,16.5,51.2,9.6,6.4,6.33,11,32.6,0,952.4,29,3.1,5,0,0,0,0,0,0,0,279,0,18,97
BER,2023,5,30,0,15.9,52.5,9.5,6.2,6.27,10.7,31.8,0,952.3,24,2.8,4.4,0,0,0,0,0,0,0,275,0,18,97
BER,2023,5,30,1,13.9,63.1,10,7,6.6,10.2,30.6,0,952.4,331,1.4,2.9,0,0,0,0,0,0,0,272,0,18,97
BER,2023,5,30,2,12.1,71,10,7,6.6,9.4,28.8,0,952.3,4,1.3,2.1,0,0,0,0,0,0,0,274,0,18,97
BER,2023,5,30,3,11.1,76.3,10.1,7.1,6.66,9,28,0,952.8,14,1.7,2.3,0,0,0,0,0,0,0,280,6,18,97
BER,2023,5,30,4,10.9,76.8,10,7,6.6,8.8,27.6,0,952.9,29,2.1,4.5,0,0,0,0,0,0,0,322,49,18,97
BER,2023,5,30,5,12.2,71,10.1,7.1,6.66,9.5,29.1,0,953.4,22,1.7,3.7,65,160,40,90,175,22,22,329,71,18,97
BER,2023,5,30,6,13.8,65.3,10.3,7.4,6.79,10.3,31,0,953.7,351,0.7,1.8,221,428,102,192,484,54,54,334,68,18,97
BER,2023,5,30,7,15.8,59,10.6,7.8,6.99,11.4,33.6,0,954,45,1.5,4.3,321,278,192,145,389,116,103,352,88,18,97
BER,2023,5,30,8,17.5,54.4,10.9,8.2,7.19,12.3,35.8,0,953.8,29,3.1,6.9,517,512,205,108,590,247,109,351,81,18,97
BER,2023,5,30,9,18.9,52.6,11.5,9,7.59,13.2,38.3,0,953.6,27,4.4,7.5,663,590,227,123,593,371,123,346,71,18,97
BER,2023,5,30,10,20.8,48,11.8,9.4,7.79,14.1,40.7,0,953.5,22,4.6,9.9,812,744,197,114,563,489,114,350,68,18,97
BER,2023,5,30,11,22,45.8,12.1,9.8,8,14.7,42.5,0,953.3,24,5.4,10.6,876,750,212,121,413,557,121,357,75,18,97
BER,2023,5,30,12,23.1,39.3,11.1,8.5,7.33,14.5,41.9,0,952.8,37,5.6,11,915,817,178,114,195,581,205,352,65,18,97
BER,2023,5,30,13,23.9,37.7,11.2,8.6,7.4,14.9,42.9,0,952.6,36,5.4,11.6,894,829,167,110,113,552,439,346,59,18,97
BER,2023,5,30,14,24.4,33.5,10.2,7.3,6.73,14.5,41.7,0,952.3,48,5.3,12.2,818,837,141,98,100,466,600,333,35,18,97
BER,2023,5,30,15,24.5,33.5,10.3,7.4,6.8,14.6,42,0,952.2,41,5.3,10.3,707,846,110,82,84,340,727,303,6,18,97
BER,2023,5,30,16,24.4,32.3,9.9,6.8,6.53,14.3,41.2,0,952.2,42,5,11,550,778,105,70,71,192,770,303,0,18,97
BER,2023,5,30,17,24,31.6,9.4,6.1,6.2,13.8,39.9,0,951.9,39,4.7,9.6,379,694,88,170,54,54,729,303,0,18,97
BER,2023,5,30,18,23.2,34,9.7,6.5,6.4,13.7,39.6,0,952.1,58,3.4,8.3,206,531,68,210,38,38,560,304,0,18,97
BER,2023,5,30,19,21.7,36.3,9.4,6.1,6.2,13,37.6,0,952.3,54,2.3,6.1,55,211,29,110,15,16,213,302,0,18,97
BER,2023,5,30,20,19.5,44.2,10,7,6.6,12.5,36.4,0,952.6,34,1.1,2.9,0,0,0,0,0,0,0,299,0,18,97
BER,2023,5,30,21,17.4,53.3,10.6,7.8,7,12,35.2,0,952.8,25,2.3,5.4,0,0,0,0,0,0,0,295,0,18,97
BER,2023,5,30,22,17.6,51.9,10.4,7.6,6.87,12,35.1,0,952.4,29,4.2,8.1,0,0,0,0,0,0,0,291,0,18,97
BER,2023,5,30,23,16.6,56,10.6,7.8,7,11.7,34.4,0,952.2,30,4.2,7.4,0,0,0,0,0,0,0,288,0,18,97
BER,2023,5,31,0,15.3,62.1,10.8,8.1,7.14,11.3,33.4,0,952.2,339,2,5.5,0,0,0,0,0,0,0,284,0,18,97
BER,2023,5,31,1,14.1,67.1,10.8,8.1,7.14,10.8,32.2,0,952,28,1.7,3.2,0,0,0,0,0,0,0,282,0,18,97
BER,2023,5,31,2,14.1,66.7,10.7,8,7.07,10.7,32,0,951.7,39,2.3,3.9,0,0,0,0,0,0,0,283,0,18,97
BER,2023,5,31,3,13.1,71.2,10.7,8,7.07,10.3,31,0,952,26,3,4.9,0,0,0,0,0,0,0,284,0,18,97
BER,2023,5,31,4,12.7,72.1,10.6,7.8,7,10,30.4,0,952.1,25,4,7.5,0,0,0,0,0,0,0,286,0,18,97
BER,2023,5,31,5,13.3,70.2,10.7,8,7.07,10.4,31.2,0,952.5,34,2.3,5,84,296,42,151,303,23,23,296,6,18,97
BER,2023,5,31,6,14.5,66.8,11,8.4,7.26,11.1,32.9,0,952.9,33,3.4,6.4,244,585,72,211,618,41,41,288,0,18,97
BER,2023,5,31,7,16,62.7,11.4,8.9,7.53,12,35.1,0,953,33,3.8,6.9,422,744,85,138,768,71,55,290,0,18,97
BER,2023,5,31,8,17.3,60.1,11.9,9.5,7.87,12.8,37.3,0,952.9,37,4,7.1,590,811,101,71,780,221,71,293,0,18,97
BER,2023,5,31,9,18.6,57.3,12.3,10,8.14,13.6,39.3,0,952.6,27,3.6,7.4,740,865,107,84,713,367,84,296,0,18,97
BER,2023,5,31,10,20.1,54.3,12.8,10.6,8.47,14.4,41.7,0,952.5,15,4.1,8.9,853,893,114,94,574,483,94,299,0,18,97
BER,2023,5,31,11,21.1,51.4,12.9,10.7,8.54,14.9,42.9,0,952.2,16,4.6,8.3,925,917,112,100,385,556,99,302,0,18,97
BER,2023,5,31,12,22,48.7,12.9,10.7,8.55,15.2,43.8,0,951.9,20,4.8,10.6,943,914,117,102,165,577,186,305,0,18,97
BER,2023,5,31,13,23.2,46.5,13.2,11.1,8.75,15.8,45.6,0,951.6,24,4.6,9.9,893,847,149,106,108,544,428,342,40,18,97
BER,2023,5,31,14,24,42.3,12.6,10.4,8.35,15.8,45.4,0,951.3,37,5,10.4,693,482,306,159,158,423,513,359,71,18,97
BER,2023,5,31,15,24.1,41.7,12.5,10.3,8.28,15.7,45.3,0,951.1,35,4,10,555,420,249,135,134,310,484,354,65,18,97
BER,2023,5,31,16,22.4,45,12.2,9.9,8.08,14.9,43.1,0,951.6,331,4.1,8.6,153,14,144,83,81,88,98,376,94,18,97
BER,2023,5,31,17,20.4,51.2,12.3,10,8.14,14.2,41.2,0,951.9,245,2.8,5.7,116,9,113,67,63,65,75,380,100,18,97
BER,2023,5,31,18,20.1,54.3,12.8,10.6,8.48,14.4,41.7,0,952.2,207,1.7,3.3,93,124,69,87,38,39,160,373,94,18,97
BER,2023,5,31,19,18.8,63.4,13.7,11.7,9.08,14.5,41.9,0,952.4,225,1,3.5,63,216,36,118,19,19,222,335,48,18,97
BER,2023,5,31,20,17.1,71.9,14,12,9.28,14,40.7,0,952.8,207,0.3,1.2,0,0,0,0,0,0,0,303,20,18,97
BER,2023,5,31,21,16.2,77.2,14.2,12.2,9.41,13.8,40.1,0,953,180,0.5,2.1,0,0,0,0,0,0,0,299,0,18,97
BER,2023,5,31,22,14.9,83.9,14.2,12.2,9.41,13.3,38.8,0,953.1,207,0.3,1,0,0,0,0,0,0,0,295,0,18,97
BER,2023,5,31,23,13.8,87.1,13.7,11.7,9.07,12.6,36.8,0,953.2,166,0.5,1.3,0,0,0,0,0,0,0,291,0,18,97
BER,2023,6,1,0,13.3,88.3,13.5,11.4,8.93,12.2,35.9,0,953.3,198,0.5,1.3,0,0,0,0,0,0,0,287,0,18,97
BER,2023,6,1,1,12.8,90,13.3,11.2,8.8,11.9,35.1,0,953.3,194,0.5,1,0,0,0,0,0,0,0,296,16,18,97
BER,2023,6,1,2,12.7,90.6,13.3,11.2,8.8,11.8,35,0,953.5,203,0.9,1.5,0,0,0,0,0,0,0,322,50,18,97
BER,2023,6,1,3,12.2,92.4,13.1,11,8.67,11.5,34.1,0,953.3,207,0.7,1.4,0,0,0,0,0,0,0,337,71,18,97
BER,2023,6,1,4,11.9,92.4,12.9,10.7,8.53,11.2,33.5,0,953.4,180,0.6,1.6,0,0,0,0,0,0,0,320,48,18,97
BER,2023,6,1,5,12.1,92.4,13,10.9,8.6,11.4,33.8,0,953.7,202,0.7,1.3,87,327,40,163,329,22,22,298,6,18,97
BER,2023,6,1,6,14.3,84.9,13.8,11.8,9.13,12.8,37.5,0,953.8,180,0.7,1.4,246,607,68,215,634,39,39,293,0,18,97
BER,2023,6,1,7,16.6,73.3,13.8,11.8,9.13,13.7,39.8,0,954,159,1,2,423,755,80,150,773,53,53,295,0,18,97
BER,2023,6,1,8,18.5,59.6,12.7,10.5,8.39,13.8,39.9,0,953.8,349,1,2.8,593,834,89,67,788,211,67,298,0,18,97
BER,2023,6,1,9,20.2,51.5,12.2,9.9,8.06,14.1,40.8,0,953.7,45,2.1,5.9,741,879,98,80,713,358,80,302,0,18,97
BER,2023,6,1,10,21.6,46.6,12,9.7,7.93,14.6,41.9,0,953.3,13,2.6,5.8,856,913,99,90,569,474,89,305,0,18,97
BER,2023,6,1,11,22.6,46.3,12.7,10.5,8.4,15.3,44.1,0,952.9,39,3,7,925,926,103,96,377,547,95,308,0,18,97
BER,2023,6,1,12,24.1,44.3,13.3,11.2,8.81,16.2,46.7,0,952.4,14,3.6,8,942,921,108,98,158,568,179,316,6,18,97
BER,2023,6,1,13,24.6,42.2,13,10.9,8.61,16.2,46.7,0,952,10,3.3,7.6,874,797,173,111,113,533,426,343,45,18,97
BER,2023,6,1,14,25.3,39.1,12.6,10.4,8.35,16.2,46.7,0,951.6,45,2.9,7.1,537,284,302,156,153,333,367,383,88,18,97
BER,2023,6,1,15,25.6,38.2,12.5,10.3,8.29,16.3,46.9,0,950.9,40,2.8,7.1,292,82,237,132,128,166,213,387,100,18,97
BER,2023,6,1,16,25.5,36.1,11.8,9.4,7.82,15.8,45.6,0,950.6,45,2.8,7,354,230,230,127,124,168,357,375,84,18,97
BER,2023,6,1,17,24.8,43.3,13.6,11.5,9.03,16.6,47.9,0,950.3,108,1.9,6.2,352,562,120,177,66,66,623,348,45,18,97
BER,2023,6,1,18,24,42.8,12.8,10.6,8.49,15.8,45.8,0,950.3,30,2.1,4.5,142,210,80,106,45,45,252,364,59,18,97
BER,2023,6,1,19,21.9,53.4,14,12,9.3,15.8,45.7,0.1,950.6,29,2.3,9.8,38,64,32,49,18,18,77,355,58,18,97
BER,2023,6,1,20,17.1,85.2,16.6,14.6,11.05,15.5,45.2,0,950.7,24,1.8,3,0,0,0,0,0,0,0,338,41,18,97
BER,2023,6,1,21,17.3,78.9,15.6,13.6,10.38,15,43.7,0,950.8,45,1.2,3,0,0,0,0,0,0,0,324,25,18,97
BER,2023,6,1,22,17.7,70.2,14.2,12.2,9.43,14.4,41.7,0,950.8,151,1.3,3,0,0,0,0,0,0,0,307,6,18,97
BER,2023,6,1,23,17.8,66.1,13.5,11.4,8.96,14,40.6,0,950.8,150,1.6,2.8,0,0,0,0,0,0,0,305,0,18,97
BER,2023,6,2,0,16.9,69.1,13.3,11.2,8.83,13.5,39.3,0,950.6,144,1.7,2.8,0,0,0,0,0,0,0,322,43,18,97
BER,2023,6,2,1,16.2,71.8,13.2,11.1,8.76,13.2,38.5,0,950.5,150,1.6,2.8,0,0,0,0,0,0,0,354,88,18,97
BER,2023,6,2,2,15.1,77.5,13.3,11.2,8.83,12.8,37.5,0,950.4,158,1.1,2.3,0,0,0,0,0,0,0,360,100,18,97
BER,2023,6,2,3,14.1,83.8,13.5,11.4,8.96,12.5,36.8,0,950.6,180,0.3,1.1,0,0,0,0,0,0,0,348,81,18,97
BER,2023,6,2,4,13.2,87.1,13.2,11.1,8.76,12,35.4,0,950.6,153,0.2,0.9,0,0,0,0,0,0,0,314,29,18,97
BER,2023,6,2,5,13.8,84.3,13.3,11.2,8.82,12.3,36.2,0,950.9,153,0.9,2.3,81,254,45,137,264,24,24,314,39,18,97
BER,2023,6,2,6,16.1,75.1,13.7,11.7,9.09,13.5,39.2,0,950.8,153,1.4,2.5,245,589,70,210,617,40,40,315,23,18,97
BER,2023,6,2,7,17.7,70.2,14.2,12.2,9.43,14.4,41.7,0,951,158,0.8,2.3,427,772,76,150,785,52,52,303,6,18,97
BER,2023,6,2,8,19.9,60.4,14,12,9.29,15.1,43.6,0,950.9,28,2,4.4,597,847,84,66,794,207,66,301,0,18,97
BER,2023,6,2,9,21.1,54.9,13.7,11.7,9.09,15.4,44.3,0,950.7,2,2.8,5.8,745,890,93,79,716,355,79,303,0,18,97
BER,2023,6,2,10,22.8,53.3,14.8,12.8,9.84,16.5,48,0,950.5,3,3.5,7.4,862,927,93,89,571,472,88,305,0,18,97
BER,2023,6,2,11,24.2,46.1,13.9,11.9,9.23,16.6,47.8,0,950.2,11,3.5,7,938,958,87,94,373,545,93,312,6,18,97
BER,2023,6,2,12,25.3,39.4,12.7,10.5,8.43,16.3,46.9,0,949.9,8,4.4,10.1,918,838,159,111,178,563,200,334,33,18,97
BER,2023,6,2,13,25.6,37.2,12.2,9.9,8.1,16.1,46.4,0,949.5,11,4.6,9.4,909,896,121,99,102,535,424,320,23,18,97
BER,2023,6,2,14,25.9,36.3,12.1,9.8,8.03,16.1,46.5,0,949.1,28,4.5,8.8,841,917,94,87,90,452,600,311,0,18,97
BER,2023,6,2,15,26,38,12.8,10.6,8.51,16.5,47.8,0,948.8,20,4.8,8.9,705,831,114,81,83,333,714,311,0,18,97
BER,2023,6,2,16,25.5,37.1,12.1,9.8,8.04,16,46.1,0,948.5,16,4.9,9.6,553,778,103,68,69,186,764,311,0,18,97
BER,2023,6,2,17,25,38,12,9.7,7.97,15.8,45.4,0,948.5,17,4.4,8.8,384,700,86,170,53,52,730,311,0,18,97
BER,2023,6,2,18,23.9,40.8,12.1,9.8,8.04,15.4,44.5,0,948.7,18,4.3,8.6,213,561,65,218,36,36,584,312,0,18,97
BER,2023,6,2,19,22.1,46.8,12.4,10.2,8.23,15,43.2,0,949.3,17,2.9,6.2,65,262,34,138,18,18,262,319,13,18,97
BER,2023,6,2,20,20.2,51.5,12.2,9.9,8.09,14.1,40.9,0,949.8,19,2.4,4,0,0,0,0,0,0,0,306,13,18,97
BER,2023,6,2,21,18.7,56.9,12.3,10,8.16,13.6,39.5,0,950.3,15,1.6,3.3,0,0,0,0,0,0,0,302,0,18,97
BER,2023,6,2,22,17.1,64.7,12.6,10.4,8.36,13.2,38.4,0,950.5,346,1,2.3,0,0,0,0,0,0,0,311,6,18,97
BER,2023,6,2,23,15.7,71.2,12.7,10.5,8.42,12.7,37.1,0,950.4,306,1,3.1,0,0,0,0,0,0,0,294,0,18,97
BER,2023,6,3,0,14.8,74.4,12.5,10.3,8.29,12.2,35.8,0,950.3,315,0.6,2,0,0,0,0,0,0,0,290,0,18,97
BER,2023,6,3,1,13.7,77.8,12.2,9.9,8.09,11.5,34.2,0,950.3,5,1.1,1.9,0,0,0,0,0,0,0,288,0,18,97
BER,2023,6,3,2,13.7,75.7,11.9,9.5,7.89,11.3,33.7,0,950.3,21,1.8,3.8,0,0,0,0,0,0,0,289,0,18,97
BER,2023,6,3,3,13.3,77.7,11.9,9.5,7.89,11.2,33.3,0,950.5,21,1.7,4,0,0,0,0,0,0,0,291,0,18,97
BER,2023,6,3,4,12.2,83.6,11.9,9.5,7.88,10.7,32.2,0,950.7,18,0.7,1.5,0,0,0,0,0,0,0,292,0,18,97
BER,2023,6,3,5,12.4,83.6,12,9.7,7.95,10.9,32.5,0,950.8,27,0.7,1.4,90,339,41,171,340,22,22,294,0,18,97
BER,2023,6,3,6,14.6,77.4,12.9,10.7,8.56,12.3,36.3,0,950.8,45,0.2,0.8,249,610,68,219,637,40,40,295,0,18,97
BER,2023,6,3,7,16.3,70.4,13,10.9,8.62,13.1,38.2,0,951,90,0.4,1.7,424,747,83,155,768,56,55,297,0,18,97
BER,2023,6,3,8,17.9,64.4,13.2,11.1,8.75,13.9,40.2,0,951.1,63,0.7,2,594,828,92,70,786,212,70,300,0,18,97
BER,2023,6,3,9,19.8,60.3,13.9,11.9,9.22,15,43.3,0,951.2,352,1.2,2.7,742,878,98,83,715,358,83,303,0,18,97
BER,2023,6,3,10,21.4,55.4,14.1,12.1,9.36,15.7,45.3,0,951.2,350,1.5,3.9,858,913,100,93,574,474,93,306,0,18,97
BER,2023,6,3,11,22.7,51.8,14.3,12.3,9.5,16.2,47,0,951,342,2.3,5.9,932,941,95,98,379,546,98,309,0,18,97
BER,2023,6,3,12,23.6,48.5,14.1,12.1,9.37,16.5,47.6,0,950.5,344,2.3,5.9,954,950,92,100,157,568,175,312,0,18,97
BER,2023,6,3,13,24.3,46.2,14,12,9.3,16.6,48.1,0,950.2,3,2.2,6.2,916,920,104,99,102,536,416,323,13,18,97
BER,2023,6,3,14,25.1,41.2,13.1,11,8.7,16.4,47.4,0,949.9,2,2.9,7.2,774,690,210,118,119,457,563,352,43,18,97
BER,2023,6,3,15,24.9,39.8,12.5,10.3,8.3,16,46.2,0,949.8,14,2.6,8.9,480,202,334,180,176,281,368,377,84,18,97
BER,2023,6,3,16,24.5,39.4,12.1,9.8,8.02,15.6,45.1,0,950.2,149,4.8,10.2,428,318,245,129,127,210,452,372,81,18,97
BER,2023,6,3,17,23.1,44.3,12.5,10.3,8.29,15.4,44.3,0,950.1,164,4.6,8.3,289,291,172,165,92,94,393,371,81,18,97
BER,2023,6,3,18,21,51.1,12.7,10.5,8.43,14.7,42.5,0,950.3,161,3.8,7.8,200,393,95,186,50,51,442,360,71,18,97
BER,2023,6,3,19,20,55,12.9,10.7,8.56,14.4,41.8,0,950.5,151,3,5.8,75,258,43,143,22,23,265,360,71,18,97
BER,2023,6,3,20,19,60.1,13.2,11.1,8.75,14.3,41.3,0,951.3,157,2.6,5.1,0,0,0,0,0,0,0,373,94,18,97
BER,2023,6,3,21,18.4,62.4,13.2,11.1,8.75,14,40.7,0,951.7,151,2.4,4.6,0,0,0,0,0,0,0,370,94,18,97
BER,2023,6,3,22,17.4,67.8,13.5,11.4,8.95,13.8,40.2,0,951.6,165,2,3.9,0,0,0,0,0,0,0,331,38,18,97
BER,2023,6,3,23,16.3,72.7,13.5,11.4,8.95,13.4,39,0,951.6,171,1.3,2.8,0,0,0,0,0,0,0,305,0,18,97
BER,2023,6,4,0,15.5,76,13.4,11.3,8.88,13,38,0,951.8,172,1.4,2.9,0,0,0,0,0,0,0,302,0,18,97
BER,2023,6,4,1,14.9,77,13,10.9,8.61,12.6,36.8,0,951.8,176,1.5,2.9,0,0,0,0,0,0,0,301,0,18,97
BER,2023,6,4,2,14,80,12.8,10.6,8.48,12,35.5,0,951.8,191,1.6,3.8,0,0,0,0,0,0,0,302,0,18,97
BER,2023,6,4,3,13.5,81.5,12.6,10.4,8.34,11.7,34.6,0,951.9,190,1.8,3.2,0,0,0,0,0,0,0,303,0,18,97
BER,2023,6,4,4,12.9,83.6,12.4,10.2,8.21,11.4,33.7,0,952.3,186,1,3,0,0,0,0,0,0,0,310,0,18,97
BER,2023,6,4,5,13.4,82,12.6,10.4,8.34,11.7,34.5,0,952.4,180,1.3,2.7,73,166,50,103,184,27,28,337,40,18,97
BER,2023,6,4,6,15.2,76,13.1,11,8.67,12.7,37.2,0,952.6,165,1.6,3.1,216,373,101,172,429,54,54,347,68,18,97
BER,2023,6,4,7,16.6,71.4,13.5,11.4,8.94,13.5,39.3,0,952.7,160,1.3,2.7,369,470,150,165,551,80,80,348,68,18,97
BER,2023,6,4,8,18.4,64.1,13.6,11.5,9.01,14.3,41.3,0,952.5,163,1.2,2.6,584,796,100,72,764,212,72,329,23,18,97
BER,2023,6,4,9,20.4,60.9,14.6,12.6,9.68,15.6,45.1,0,952.3,225,1,3.9,739,878,95,83,712,352,82,311,6,18,97
BER,2023,6,4,10,21.7,56.9,14.8,12.8,9.82,16.2,46.8,0,952.1,360,2.1,5.2,851,900,103,94,570,469,93,327,13,18,97
BER,2023,6,4,11,22.5,54.2,14.8,12.8,9.82,16.4,47.6,0,951.8,22,2.7,6.3,911,881,126,103,390,544,103,335,20,18,97
BER,2023,6,4,12,23.6,51.1,14.9,12.9,9.9,16.9,48.9,0,951.5,21,3.2,6.8,724,364,394,204,270,470,271,355,59,18,97
BER,2023,6,4,13,24.7,46,14.3,12.3,9.49,16.9,49,0,951.2,23,4.1,9.2,695,423,324,176,174,435,395,367,75,18,97
BER,2023,6,4,14,24.1,44.3,13.3,11.2,8.82,16.2,46.7,0,951.3,16,4.6,9.7,546,201,385,209,205,330,374,379,100,18,97
BER,2023,6,4,15,23.7,43.6,12.8,10.6,8.49,15.7,45.4,0,951.1,15,4.3,9.1,260,26,241,138,134,152,162,382,100,18,97
BER,2023,6,4,16,24.3,39.1,11.9,9.5,7.88,15.4,44.5,0,951.1,34,3.6,7.5,250,52,221,126,123,138,181,381,100,18,97
BER,2023,6,4,17,24.6,39.7,12.3,10,8.15,15.8,45.5,0,950.9,38,3.5,6.9,148,33,133,84,74,76,111,380,100,18,97
BER,2023,6,4,18,21.9,49.6,13,10.9,8.62,15.2,43.9,0,951.3,145,4.5,8.8,49,19,46,34,26,26,45,375,100,18,97
BER,2023,6,4,19,19.5,53.8,12.2,9.9,8.08,13.9,40.1,0,951.8,139,2,5.7,40,109,28,67,15,15,116,365,81,18,97
BER,2023,6,4,20,18.3,58,12.2,9.9,8.07,13.4,38.9,0,952,146,1.1,2.8,0,0,0,0,0,0,0,327,23,18,97
BER,2023,6,4,21,16.8,64.2,12.3,10,8.14,12.9,37.5,0,952.3,159,1.4,2.6,0,0,0,0,0,0,0,303,0,18,97
BER,2023,6,4,22,15.6,71.2,12.6,10.4,8.34,12.6,36.8,0,952.8,164,1.5,2.6,0,0,0,0,0,0,0,298,0,18,97
BER,2023,6,4,23,14.1,78.4,12.6,10.4,8.34,12,35.2,0,952.7,162,0.7,1.5,0,0,0,0,0,0,0,293,0,18,97
BER,2023,6,5,0,13.5,81.5,12.6,10.4,8.34,11.7,34.6,0,952.4,188,0.7,1.4,0,0,0,0,0,0,0,288,0,18,97
BER,2023,6,5,1,12.9,84.2,12.5,10.3,8.27,11.4,33.8,0,952.5,214,0.4,1.2,0,0,0,0,0,0,0,285,0,19,97
BER,2023,6,5,2,12.2,86.4,12.3,10,8.14,11,32.8,0,952.5,194,0.4,1.3,0,0,0,0,0,0,0,286,0,19,97
BER,2023,6,5,3,11.7,88.7,12.2,9.9,8.07,10.7,32.1,0,952.4,198,0.3,1.4,0,0,0,0,0,0,0,286,0,19,97
BER,2023,6,5,4,11.4,89.9,12.1,9.8,8,10.5,31.6,0,952.4,214,0.4,1,0,0,0,0,0,0,0,286,0,19,97
BER,2023,6,5,5,11.6,89.3,12.2,9.9,8.07,10.6,32,0,952.7,198,0.3,1,90,316,43,163,321,24,24,286,0,19,97
BER,2023,6,5,6,14.1,80,12.9,10.7,8.54,12.1,35.7,0,952.8,153,0.7,2.2,253,617,69,225,646,41,41,286,0,19,97
BER,2023,6,5,7,16.2,71.3,13.1,11,8.67,13.1,38.2,0,952.8,360,1,3.6,436,790,74,159,804,56,56,286,0,19,97
BER,2023,6,5,8,18.1,61.1,12.7,10.5,8.4,13.6,39.5,0,952.6,18,2.4,5.6,611,873,81,72,818,209,71,287,0,19,97
BER,2023,6,5,9,20,54.3,12.7,10.5,8.41,14.3,41.4,0,952.3,22,3,6.6,763,925,84,85,740,359,85,288,0,19,97
BER,2023,6,5,10,22,46.1,12.2,9.9,8.07,14.8,42.6,0,952,8,3.8,8.4,883,950,93,97,593,484,97,295,0,19,97
BER,2023,6,5,11,22.6,42.7,11.7,9.3,7.74,14.7,42.4,0,951.8,26,4.3,9.7,925,883,138,111,406,558,110,303,25,19,97
BER,2023,6,5,12,23.5,38.3,11.1,8.5,7.34,14.7,42.3,0,951.6,19,4.1,9.8,956,923,118,108,174,579,191,300,19,19,97
BER,2023,6,5,13,23.8,37.9,11.2,8.6,7.41,14.8,42.8,0,951,9,4.4,9.6,934,928,114,106,109,550,434,324,25,19,97
BER,2023,6,5,14,24.1,35.3,10.6,7.8,7.01,14.6,42.1,0,950.8,24,3.8,9.3,849,912,104,97,100,462,610,307,6,19,97
BER,2023,6,5,15,24.6,32.4,10,7,6.61,14.4,41.6,0,950.5,16,3.6,8.5,713,826,123,91,93,340,723,315,29,19,97
BER,2023,6,5,16,24.8,34.5,10.8,8.1,7.15,15,43.2,0,950,44,3.1,6.9,573,831,89,70,72,183,803,311,16,19,97
BER,2023,6,5,17,24.3,36.3,11,8.4,7.29,14.9,43,0,949.9,32,3.7,8.1,337,440,149,177,81,82,526,336,48,19,97
BER,2023,6,5,18,23.4,41,11.8,9.4,7.82,15.1,43.4,0,950.2,21,3.3,7.1,216,525,71,211,41,41,555,332,43,19,97
BER,2023,6,5,19,22.3,44.1,11.9,9.5,7.89,14.7,42.5,0,950.4,23,2.1,5.3,76,293,40,158,21,22,294,305,19,19,97
BER,2023,6,5,20,20.1,51.2,12,9.7,7.95,14,40.4,0,950.6,45,1.3,2.6,0,0,0,0,0,0,0,294,6,19,97
BER,2023,6,5,21,17.8,61.1,12.4,10.2,8.22,13.4,38.7,0,950.9,28,1.5,2.1,0,0,0,0,0,0,0,301,19,19,97
BER,2023,6,5,22,16.1,68.5,12.5,10.3,8.28,12.7,37.2,0,951,36,2.2,2.8,0,0,0,0,0,0,0,289,0,19,97
BER,2023,6,5,23,14.9,73.9,12.5,10.3,8.28,12.2,35.9,0,951.2,29,1,2.8,0,0,0,0,0,0,0,286,0,19,97
BER,2023,6,6,0,13.9,78.9,12.5,10.3,8.28,11.8,34.9,0,951.3,16,0.8,1.8,0,0,0,0,0,0,0,283,0,19,97
BER,2023,6,6,1,13,83.1,12.4,10.2,8.21,11.4,33.8,0,951.3,34,0.5,1.3,0,0,0,0,0,0,0,282,0,19,97
BER,2023,6,6,2,12.5,84.2,12.2,9.9,8.08,11,33,0,951.5,27,0.4,1.4,0,0,0,0,0,0,0,283,0,19,97
BER,2023,6,6,3,12.1,85.8,12.1,9.8,8.01,10.8,32.4,0,951.7,27,0.2,1.2,0,0,0,0,0,0,0,285,0,19,97
BER,2023,6,6,4,11.5,86.9,11.8,9.4,7.81,10.3,31.2,0,952,27,0.5,1.6,0,0,0,0,0,0,0,286,0,19,97
BER,2023,6,6,5,11.8,87.5,12.1,9.8,8,10.7,32,0,952.4,18,0.3,1.3,92,337,44,174,340,24,24,287,0,19,97
BER,2023,6,6,6,14.5,79,13,10.9,8.61,12.4,36.3,0,952.5,0,0.1,0.8,253,611,70,226,640,42,42,289,0,19,97
BER,2023,6,6,7,17,65.1,12.6,10.4,8.34,13.1,38.2,0,952.6,23,0.9,2.3,431,761,82,164,782,57,57,290,0,19,97
BER,2023,6,6,8,18.2,62.8,13.1,11,8.67,13.9,40.3,0,952.7,3,1.8,3.7,603,844,90,73,800,210,72,292,0,19,97
BER,2023,6,6,9,20.3,59.7,14.2,12.2,9.41,15.3,44.3,0,952.5,13,2.9,5.9,758,913,86,85,733,356,85,293,0,19,97
BER,2023,6,6,10,22.1,54.1,14.4,12.4,9.55,16.1,46.5,0,952.2,27,3.2,7.5,884,951,93,97,593,482,97,294,0,19,97
BER,2023,6,6,11,23.6,45.7,13.3,11.2,8.81,16,46.2,0,951.9,12,4.2,7.7,964,966,102,105,401,566,105,296,0,19,97
BER,2023,6,6,12,24.2,41.8,12.6,10.4,8.35,15.8,45.6,0,951.7,4,4.5,9.4,982,952,116,109,177,591,191,303,19,19,97
BER,2023,6,6,13,24.7,38.2,11.9,9.5,7.88,15.6,44.9,0,951.5,21,3.8,10.3,846,684,240,138,139,530,436,335,40,19,97
BER,2023,6,6,14,25.1,35.1,11.2,8.6,7.41,15.3,44.1,0,951.2,35,3.7,8.2,801,758,182,116,117,459,587,340,43,19,97
BER,2023,6,6,15,25.3,32.6,10.5,7.7,6.94,15,43.1,0,951,23,3.8,7.7,698,775,145,96,98,340,702,338,39,19,97
BER,2023,6,6,16,25,33.4,10.6,7.8,7.01,14.9,43,0,950.8,38,3.7,8.6,562,781,107,74,75,190,773,324,19,19,97
BER,2023,6,6,17,24.6,33.3,10.3,7.4,6.81,14.6,42.1,0,950.9,40,3.6,7.4,395,720,84,179,56,56,750,300,0,19,97
BER,2023,6,6,18,23.8,34,10,7,6.61,14.1,40.8,0,951.2,50,2.8,6.2,204,463,70,185,41,41,494,348,59,19,97
BER,2023,6,6,19,22.6,37.3,10.2,7.3,6.74,13.8,39.9,0,951.4,62,1.6,3.8,19,6,18,14,10,11,16,373,88,19,97
BER,2023,6,6,20,20.2,45.3,10.7,8,7.07,13.2,38.3,0,951.8,45,1.2,2.6,0,0,0,0,0,0,0,359,81,19,97
BER,2023,6,6,21,16.9,58.8,11.3,8.8,7.47,12.3,35.9,0,952,21,2.3,2.8,0,0,0,0,0,0,0,327,43,19,97
BER,2023,6,6,22,15.6,64.8,11.5,9,7.6,11.9,34.9,0,952.1,31,2.4,3.3,0,0,0,0,0,0,0,292,0,19,97
BER,2023,6,6,23,14.7,67.7,11.3,8.8,7.47,11.4,33.7,0,952.2,22,2.4,3.6,0,0,0,0,0,0,0,289,0,19,97
BER,2023,6,7,0,14.1,70.9,11.4,8.9,7.54,11.2,33.2,0,952.1,17,1.6,4,0,0,0,0,0,0,0,286,6,19,97
BER,2023,6,7,1,13.1,74.1,11.2,8.6,7.4,10.6,31.9,0,952.1,11,1.2,2.8,0,0,0,0,0,0,0,285,0,19,97
BER,2023,6,7,2,12.2,78.6,11.2,8.6,7.4,10.2,30.9,0,952.1,20,1.2,2.2,0,0,0,0,0,0,0,296,13,19,97
BER,2023,6,7,3,12.2,80.2,11.4,8.9,7.54,10.4,31.3,0,952.2,16,0.9,2,0,0,0,0,0,0,0,328,58,19,97
BER,2023,6,7,4,12.4,80.8,11.6,9.2,7.67,10.6,31.8,0,952.3,27,0.8,1.6,0,0,0,0,0,0,0,329,63,19,97
BER,2023,6,7,5,13.2,77.2,11.7,9.3,7.74,11,32.8,0,952.4,18,0.7,1.4,60,90,46,66,111,26,26,350,68,19,97
BER,2023,6,7,6,14.8,72.5,12.2,9.9,8.07,12,35.3,0,952.5,34,0.4,1.2,227,471,77,181,508,46,46,330,41,19,97
BER,2023,6,7,7,17,63,12.2,9.9,8.07,12.9,37.5,0,952.6,5,1.3,2.6,434,783,74,161,796,56,55,297,0,19,97
BER,2023,6,7,8,19.1,59.4,13.1,11,8.67,14.3,41.2,0,952.6,22,2.4,5,610,866,83,72,814,206,71,298,0,19,97
BER,2023,6,7,9,20.9,55.6,13.7,11.7,9.08,15.3,44.1,0,952.5,21,2.4,4.8,756,912,85,85,732,353,85,300,0,19,97
BER,2023,6,7,10,22.8,48.9,13.6,11.5,9.01,15.9,45.8,0,952.3,10,3.1,7.3,871,941,88,96,583,471,95,301,0,19,97
BER,2023,6,7,11,24.1,41.7,12.5,10.3,8.28,15.7,45.3,0,951.9,32,3.5,9.8,952,960,96,104,393,554,103,303,0,19,97
BER,2023,6,7,12,24.7,39.2,12.2,9.9,8.08,15.8,45.4,0,951.5,33,3.3,8.5,971,964,94,105,166,575,181,315,6,19,97
BER,2023,6,7,13,25.3,35.6,11.5,9,7.61,15.6,44.8,0,950.9,36,2.9,7.7,925,931,100,103,106,536,418,335,25,19,97
BER,2023,6,7,14,25.9,32.5,10.9,8.2,7.22,15.4,44.4,0,950.5,360,3.3,7.5,767,658,229,129,130,452,563,341,45,19,97
BER,2023,6,7,15,26.1,30.5,10.3,7.4,6.82,15.1,43.6,0,950.2,17,3.4,7.1,708,817,122,89,91,338,712,315,26,19,97
BER,2023,6,7,16,26,30.4,10.2,7.3,6.75,15.1,43.4,0,950,21,2.8,6.8,541,695,136,83,83,199,720,308,29,19,97
BER,2023,6,7,17,25.3,31.1,10,7,6.62,14.7,42.3,0,949.8,21,3.4,7.5,388,674,94,178,59,59,712,314,25,19,97
BER,2023,6,7,18,24.3,35.3,10.7,8,7.08,14.8,42.5,0,950.1,19,3.8,7.8,223,583,64,230,38,38,606,319,25,19,97
BER,2023,6,7,19,22.1,40.9,10.9,8.2,7.22,14,40.6,0,950.3,30,2.2,4.3,70,223,38,123,20,21,231,349,65,19,97
BER,2023,6,7,20,21.4,41.5,10.6,7.8,7.01,13.6,39.3,0,950.9,63,1.4,3.9,0,0,0,0,0,0,0,348,51,19,97
BER,2023,6,7,21,19.2,54.8,12.2,9.9,8.08,13.7,39.8,0,951.2,146,1.1,2.9,0,0,0,0,0,0,0,315,13,19,97
BER,2023,6,7,22,18.1,59.9,12.4,10.2,8.22,13.5,39,0,951.2,151,1,2.5,0,0,0,0,0,0,0,320,29,19,97
BER,2023,6,7,23,17.4,62.6,12.4,10.2,8.22,13.2,38.3,0,951,158,1.2,2.2,0,0,0,0,0,0,0,297,0,19,97
BER,2023,6,8,0,16.3,67.6,12.5,10.3,8.28,12.8,37.4,0,951,152,1.5,2.8,0,0,0,0,0,0,0,312,28,19,97
BER,2023,6,8,1,15.2,73,12.6,10.4,8.35,12.4,36.4,0,950.7,163,1.4,2.7,0,0,0,0,0,0,0,321,46,20,97
BER,2023,6,8,2,14.2,77.4,12.5,10.3,8.29,12,35.2,0,950.9,197,1.1,3,0,0,0,0,0,0,0,311,33,20,97
BER,2023,6,8,3,13.8,78.9,12.4,10.2,8.22,11.7,34.6,0,950.7,180,1.4,2.7,0,0,0,0,0,0,0,296,0,20,97
BER,2023,6,8,4,13.4,78.8,12.1,9.8,8.02,11.4,33.7,0,950.7,180,1.4,3.4,1,0,1,1,1,1,1,304,6,20,97
BER,2023,6,8,5,13.6,78.3,12.2,9.9,8.08,11.5,34.1,0,950.9,174,1,2.4,87,278,44,147,286,24,24,312,10,20,97
BER,2023,6,8,6,16.2,68,12.5,10.3,8.29,12.8,37.3,0,950.9,173,1.7,3.7,252,616,67,227,642,41,41,313,6,20,97
BER,2023,6,8,7,18.1,62,12.9,10.7,8.56,13.7,39.9,0,950.8,158,1.9,3.3,421,720,93,173,753,62,61,322,25,20,97
BER,2023,6,8,8,19.5,58.3,13.2,11.1,8.76,14.5,41.8,0,950.8,218,1.5,2.9,600,812,108,79,791,215,78,337,43,20,97
BER,2023,6,8,9,20.9,55.6,13.7,11.7,9.09,15.3,44.1,0,950.7,248,0.9,2.8,721,783,147,100,695,361,100,343,48,20,97
BER,2023,6,8,10,22.3,49.7,13.4,11.3,8.9,15.6,45,0,950.1,302,1.7,4.8,826,795,161,113,560,474,113,339,44,20,97
BER,2023,6,8,11,23.7,44.5,13,10.9,8.63,15.9,45.8,0,949.7,5,2.7,6.4,949,957,95,105,393,552,105,323,19,20,97
BER,2023,6,8,12,24.8,40,12.5,10.3,8.3,16,46.1,0,949.1,347,2.5,5.8,955,931,107,108,173,570,184,339,25,20,97
BER,2023,6,8,13,25.5,38.4,12.5,10.3,8.3,16.2,46.8,0,948.7,341,2.4,5.8,778,550,288,170,170,482,392,358,53,20,97
BER,2023,6,8,14,26,37.3,12.5,10.3,8.31,16.4,47.3,0,948.3,339,2.4,6.6,137,0,137,80,78,80,81,389,100,20,97
BER,2023,6,8,15,26.1,35.8,12.1,9.8,8.04,16.2,46.8,0,948.1,351,2.8,7,329,37,304,176,171,192,212,388,94,20,97
BER,2023,6,8,16,24.1,43.7,13.1,11,8.71,16.1,46.4,0,948.4,136,4,8.6,325,221,203,113,111,156,335,383,88,20,97
BER,2023,6,8,17,22.8,46,12.8,10.6,8.51,15.4,44.6,0,948.3,140,3.7,7.9,337,410,160,182,85,85,505,366,68,20,97
BER,2023,6,8,18,22.2,50,13.4,11.3,8.91,15.6,45,0,948.5,145,2.5,5.6,225,587,64,231,39,39,609,335,29,20,97
BER,2023,6,8,19,21.2,55.3,13.9,11.9,9.25,15.5,44.8,0,948.6,150,2.6,5.5,75,290,38,157,21,21,290,330,19,20,97
BER,2023,6,8,20,19.8,61.5,14.2,12.2,9.45,15.2,43.9,0,949,120,1.2,2.5,0,0,0,0,0,0,0,324,0,20,97
BER,2023,6,8,21,17.7,70.2,14.2,12.2,9.45,14.4,41.7,0,949.3,45,1,2.5,0,0,0,0,0,0,0,321,19,20,97
BER,2023,6,8,22,16.1,77.2,14.1,12.1,9.38,13.7,39.9,0,949.2,27,0.4,1.2,0,0,0,0,0,0,0,345,63,20,97
BER,2023,6,8,23,15.6,77.6,13.7,11.7,9.11,13.3,38.7,0,949,108,0.6,1.6,0,0,0,0,0,0,0,349,65,20,97
BER,2023,6,9,0,14.5,81.6,13.5,11.4,8.97,12.7,37.3,0,949.1,72,0.6,1.7,0,0,0,0,0,0,0,322,39,20,97
BER,2023,6,9,1,14.9,79,13.4,11.3,8.91,12.8,37.5,0,948.9,111,1,2.4,0,0,0,0,0,0,0,302,6,19,97
BER,2023,6,9,2,13.7,84.3,13.2,11.1,8.78,12.2,35.9,0,948.8,27,0.9,2.2,0,0,0,0,0,0,0,299,0,19,97
BER,2023,6,9,3,13.3,85.4,13,10.9,8.64,11.9,35.2,0,948.4,104,0.7,2.2,0,0,0,0,0,0,0,315,23,19,97
BER,2023,6,9,4,12.2,89.9,12.8,10.6,8.51,11.3,33.7,0,948.5,27,0.7,2.3,4,0,4,2,2,2,2,306,6,19,97
BER,2023,6,9,5,12.9,87.6,13,10.9,8.64,11.7,34.8,0,948.7,22,0.7,1.7,92,328,43,172,331,24,24,303,13,19,97
BER,2023,6,9,6,15.6,76.6,13.6,11.5,9.04,13.2,38.6,0,949,143,0.7,1.8,253,622,66,229,646,40,40,304,0,19,97
BER,2023,6,9,7,17.8,69.7,14.2,12.2,9.45,14.4,41.8,0,948.9,79,1.1,2.3,430,764,78,163,779,55,55,305,0,19,97
BER,2023,6,9,8,19.2,63.9,14.2,12.2,9.45,14.9,43.3,0,948.9,360,1.7,3.9,596,827,92,71,786,203,71,306,0,19,97
BER,2023,6,9,9,21.3,57.2,14.5,12.5,9.66,15.9,46,0,948.3,2,2.7,6.4,747,887,94,84,719,348,84,307,0,19,97
BER,2023,6,9,10,22.6,54.3,14.9,12.9,9.93,16.5,48,0,947.9,27,2.7,6.2,865,926,92,94,577,464,93,308,0,19,97
BER,2023,6,9,11,24.6,49.1,15.2,13.2,10.14,17.4,50.6,0,947.5,18,3.5,8.3,936,942,94,100,384,538,100,315,0,19,97
BER,2023,6,9,12,26.1,39.3,13.3,11.2,8.86,16.9,48.8,0,947.2,47,3.7,7.5,952,927,107,104,163,562,185,338,26,19,97
BER,2023,6,9,13,26.8,38,13.4,11.3,8.93,17.1,49.7,0,946.6,31,3.9,8.1,917,904,115,103,106,531,420,354,35,19,97
BER,2023,6,9,14,27.3,36.4,13.2,11.1,8.8,17.2,49.9,0,946.2,19,4.2,8.6,752,624,235,136,136,438,523,376,78,19,97
BER,2023,6,9,15,26.6,36.2,12.6,10.4,8.4,16.6,48.2,0,946,22,3.8,9.6,479,187,342,186,182,279,361,391,100,19,97
BER,2023,6,9,16,26.3,36.9,12.6,10.4,8.4,16.5,47.9,0,946,30,2.2,4.8,245,19,233,136,131,139,155,391,100,19,97
BER,2023,6,9,17,26.2,39.4,13.4,11.3,8.94,16.9,49.1,0,946.2,66,2.3,5.5,281,207,191,158,102,104,321,382,88,19,97
BER,2023,6,9,18,24.7,42.7,13.3,11.2,8.86,16.4,47.4,0,947,214,2,7.5,69,11,65,41,37,37,49,390,100,19,97
BER,2023,6,9,19,22.4,55.6,15.1,13.1,10.07,16.6,48.1,0,947.5,212,3,6.2,39,47,34,42,19,19,63,389,100,19,97
BER,2023,6,9,20,21.1,60.2,15.1,13.1,10.07,16.1,46.8,0,948.1,171,2.5,5.2,0,0,0,0,0,0,0,387,100,19,97
BER,2023,6,9,21,20.2,64.1,15.2,13.2,10.13,15.8,46,0,948.7,167,2.6,5.3,0,0,0,0,0,0,0,384,100,19,97
BER,2023,6,9,22,19.5,69.2,15.7,13.7,10.46,15.9,46.2,0,949,162,2.3,4.7,0,0,0,0,0,0,0,382,100,19,97
BER,2023,6,9,23,18.7,74.6,16.1,14.1,10.73,15.8,46,0,949.1,162,2.3,3.9,0,0,0,0,0,0,0,379,100,19,97
BER,2023,6,10,0,18,80.5,16.6,14.6,11.07,15.9,46.2,0.1,949,169,1.7,3,0,0,0,0,0,0,0,377,100,19,97
BER,2023,6,10,1,17.5,83.6,16.7,14.7,11.14,15.7,45.8,0,948.8,165,2,3.6,0,0,0,0,0,0,0,376,100,19,97
BER,2023,6,10,2,17.2,85.8,16.8,14.8,11.21,15.7,45.7,0,949.1,170,1.8,3.3,0,0,0,0,0,0,0,377,100,19,97
BER,2023,6,10,3,17.1,86.3,16.8,14.8,11.21,15.7,45.6,0,949.1,176,1.6,2.8,0,0,0,0,0,0,0,377,100,19,97
BER,2023,6,10,4,17,87.4,16.9,14.9,11.27,15.7,45.6,0,949.3,158,1.7,2.8,0,0,0,0,0,0,0,378,100,19,97
BER,2023,6,10,5,17.4,85.8,17.1,15,11.41,15.9,46.4,0,949.6,166,1.7,2.8,11,0,11,7,6,7,7,379,100,19,97
BER,2023,6,10,6,17.6,84.7,17,15,11.34,16,46.4,0,949.8,158,1.9,3.1,56,0,56,32,32,32,33,380,100,19,97
BER,2023,6,10,7,18.1,82.6,17.2,15.1,11.47,16.2,47.3,0,949.8,159,2,3.4,126,1,126,73,72,73,74,381,100,19,97
BER,2023,6,10,8,18.8,79.1,17.2,15.1,11.47,16.4,48,0,950.1,171,1.3,2.6,232,14,223,129,139,133,130,384,100,19,97
BER,2023,6,10,9,19.5,76.2,17.3,15.2,11.54,16.7,48.9,0,950,212,1.2,2.9,305,15,294,170,179,177,171,386,100,19,97
BER,2023,6,10,10,20.9,72.2,17.8,15.7,11.88,17.5,51.2,0,949.8,225,0.8,2,574,212,395,213,370,352,214,385,100,19,97
BER,2023,6,10,11,22.3,62.5,16.8,14.8,11.2,17.5,50.9,0,949.6,210,1.3,3.1,726,400,367,192,388,463,192,373,68,19,97
BER,2023,6,10,12,23.4,52.7,15.2,13.2,10.12,17,49.3,0,949.2,83,1.1,2.8,595,167,442,243,284,371,267,375,88,19,97
BER,2023,6,10,13,23.9,51.5,15.3,13.3,10.19,17.2,50,0,948.9,342,0.9,2.9,729,410,365,188,186,466,413,374,71,19,97
BER,2023,6,10,14,24.8,47.5,14.9,12.9,9.93,17.3,50.2,0,948.4,211,1.6,4.9,311,120,209,114,112,190,198,391,81,19,97
BER,2023,6,10,15,25.5,43,14,12,9.32,17.1,49.4,0,948,278,1.8,4.4,576,453,256,144,142,301,527,377,88,19,97
BER,2023,6,10,16,25.9,45.7,15.3,13.3,10.21,17.9,52.1,0,947.8,192,1.9,5.2,537,692,132,97,82,174,711,351,41,19,97
BER,2023,6,10,17,26,41.4,13.9,11.9,9.26,17.2,49.8,0,947.8,297,1.3,3.7,387,677,91,179,57,57,711,341,19,19,97
BER,2023,6,10,18,24.3,57.2,17.4,15.3,11.63,18.4,54,0,948.3,270,1.8,5.2,221,556,67,223,39,39,580,335,0,19,97
BER,2023,6,10,19,22.6,60.6,16.6,14.6,11.08,17.5,50.9,0,948.7,235,1.3,4,74,263,39,145,21,22,266,334,0,19,97
BER,2023,6,10,20,20.9,68.5,16.9,14.9,11.27,17.1,49.6,0,949.4,162,0.5,1.3,0,0,0,0,0,0,0,359,46,19,97
BER,2023,6,10,21,19.4,75.7,17.1,15,11.4,16.6,48.4,0,949.7,63,0.5,1.6,0,0,0,0,0,0,0,384,100,19,97
BER,2023,6,10,22,19.1,76.6,16.9,14.9,11.27,16.4,47.8,0,949.8,172,0.7,1.5,0,0,0,0,0,0,0,372,88,19,97
BER,2023,6,10,23,18,78.5,16.2,14.2,10.79,15.6,45.5,0,949.8,180,0.5,1.5,0,0,0,0,0,0,0,333,28,19,97
BER,2023,6,11,0,16.6,84.6,16,14,10.66,15,43.7,0,949.9,360,0.1,1.3,0,0,0,0,0,0,0,314,0,19,97
BER,2023,6,11,1,16,87.9,16,14,10.65,14.8,43,0,950.1,180,0.1,0.9,0,0,0,0,0,0,0,311,0,18,97
BER,2023,6,11,2,15.5,87.9,15.5,13.5,10.31,14.3,41.7,0,950.2,180,0.3,1.2,0,0,0,0,0,0,0,312,0,18,97
BER,2023,6,11,3,14.7,89.5,15,13,9.98,13.7,40,0,950.3,135,0.3,1.1,0,0,0,0,0,0,0,313,0,18,97
BER,2023,6,11,4,14.5,91.3,15.1,13.1,10.04,13.7,40,0,950.4,180,0.1,1.1,2,0,2,1,1,1,1,315,10,18,97
BER,2023,6,11,5,14.8,89,15,13,9.97,13.7,40.1,0,950.5,153,0.3,0.9,86,256,45,140,266,25,25,327,25,18,97
BER,2023,6,11,6,16.8,83.6,16,14,10.65,15.1,43.8,0,950.7,207,0.5,1.7,248,586,69,219,612,41,41,330,13,18,97
BER,2023,6,11,7,19.3,70.9,15.9,13.9,10.58,15.9,46.2,0,950.9,360,0.6,2.3,431,773,74,163,783,54,53,318,0,18,97
BER,2023,6,11,8,20.9,65.1,16.1,14.1,10.71,16.6,48.2,0,951,357,1.9,4,602,852,82,69,798,195,68,320,0,18,97
BER,2023,6,11,9,22.2,59,15.8,13.8,10.51,16.9,49,0,950.7,5,2.4,5.2,753,901,88,82,724,343,81,322,0,18,97
BER,2023,6,11,10,24,51.9,15.5,13.5,10.31,17.3,50.4,0,950.5,13,3.4,6.4,871,931,94,93,581,463,92,324,0,18,97
BER,2023,6,11,11,25.3,45.8,14.8,12.8,9.84,17.4,50.5,0,950.3,24,3.8,7.7,941,947,94,99,385,536,98,325,0,18,97
BER,2023,6,11,12,25.9,45.7,15.3,13.3,10.18,17.9,52,0,949.9,40,3.7,7.9,957,950,90,100,160,554,170,341,0,18,97
BER,2023,6,11,13,26.6,41.9,14.6,12.6,9.72,17.7,51.5,0,949.3,32,4.2,8.7,876,793,172,116,118,519,415,354,39,18,97
BER,2023,6,11,14,26.8,42.5,15,13,9.99,18,52.4,0,948.9,46,4,8.3,805,780,162,105,107,449,572,345,36,18,97
BER,2023,6,11,15,27,40.1,14.3,12.3,9.52,17.7,51.4,0,948.7,47,4.2,8.9,654,633,199,112,113,331,628,337,39,18,97
BER,2023,6,11,16,26.9,40.4,14.3,12.3,9.52,17.7,51.3,0,948.4,50,4.3,9.1,557,754,111,89,74,171,747,325,13,18,97
BER,2023,6,11,17,26.6,38.2,13.3,11.2,8.85,17,49.3,0,948.4,46,4.4,10.3,392,681,92,179,57,56,714,323,0,18,97
BER,2023,6,11,18,25.7,43.3,14.3,12.3,9.52,17.3,50.1,0,948.5,58,3.5,8.2,226,568,67,226,38,38,591,322,0,18,97
BER,2023,6,11,19,24.3,45.3,13.7,11.7,9.11,16.5,47.6,0,948.9,60,2.3,7.4,81,301,41,164,22,22,301,320,0,18,97
BER,2023,6,11,20,22.4,50.8,13.7,11.7,9.11,15.8,45.7,0,949.3,54,1,3.2,0,0,0,0,0,0,0,316,0,18,97
BER,2023,6,11,21,19.7,61.5,14.1,12.1,9.37,15.1,43.6,0,949.6,32,2.3,3.6,0,0,0,0,0,0,0,311,0,18,97
BER,2023,6,11,22,18.8,64.2,13.9,11.9,9.24,14.6,42.3,0,949.4,25,3.1,4.7,0,0,0,0,0,0,0,307,0,18,97
BER,2023,6,11,23,18.5,62,13.2,11.1,8.77,14.1,40.8,0,949.4,25,3.5,5.3,0,0,0,0,0,0,0,303,0,18,97
BER,2023,6,12,0,17.4,66.1,13.1,11,8.7,13.6,39.5,0,949.6,360,0.9,2.9,0,0,0,0,0,0,0,298,0,18,97
BER,2023,6,12,1,15,76.5,13,10.9,8.63,12.6,36.9,0,949.7,9,1.3,2,0,0,0,0,0,0,0,296,0,17,97
BER,2023,6,12,2,13.8,79.9,12.6,10.4,8.37,11.8,35,0,949.5,13,1,1.5,0,0,0,0,0,0,0,296,0,17,97
BER,2023,6,12,3,13.4,79.9,12.3,10,8.16,11.5,34.1,0,949.8,22,0.7,1.5,0,0,0,0,0,0,0,296,0,17,97
BER,2023,6,12,4,12.9,82,12.2,9.9,8.09,11.2,33.4,0,950.1,45,0.3,1.4,3,0,3,2,1,1,2,300,0,17,97
BER,2023,6,12,5,13.2,84.2,12.8,10.6,8.49,11.7,34.7,0,950.1,360,0.1,0.6,92,311,45,164,315,24,24,305,6,17,97
BER,2023,6,12,6,16,73.6,13.4,11.3,8.9,13.2,38.6,0,950.2,180,0.1,0.8,258,634,66,232,654,38,38,296,0,17,97
BER,2023,6,12,7,18.9,60.9,13.3,11.2,8.83,14.3,41.4,0,950.4,18,0.8,3.7,437,787,74,164,794,52,51,296,0,17,97
BER,2023,6,12,8,20.6,54.5,13.2,11.1,8.76,14.9,43,0,950.1,30,2.2,6,609,866,80,65,805,191,65,297,0,17,97
BER,2023,6,12,9,22,48.3,12.8,10.6,8.5,15.1,43.7,0,949.8,33,3.3,6.9,757,905,89,78,724,340,78,298,0,17,97
BER,2023,6,12,10,23.1,43.2,12.2,9.9,8.1,15.2,43.8,0,949.6,19,3.9,7.9,873,935,92,88,578,458,87,299,0,17,97
BER,2023,6,12,11,24.3,41.8,12.7,10.5,8.44,15.9,45.9,0,949.2,22,4.2,8,946,953,93,94,381,532,93,305,0,17,97
BER,2023,6,12,12,25.3,39.9,12.9,10.7,8.57,16.3,47.3,0,948.8,19,4.4,8.3,966,953,96,96,158,556,170,314,0,17,97
BER,2023,6,12,13,25.8,37.5,12.4,10.2,8.24,16.3,47,0,948.3,30,3.8,9.4,924,905,120,97,100,528,414,340,23,17,97
BER,2023,6,12,14,26.2,35.4,12,9.7,7.98,16.2,46.7,0,947.7,40,4,8.5,832,823,152,99,101,454,584,355,53,17,97
BER,2023,6,12,15,26.5,35.5,12.3,10,8.18,16.4,47.5,0,947.4,33,3.7,8.9,670,649,201,106,106,341,639,366,71,17,97
BER,2023,6,12,16,26.6,34.1,11.9,9.5,7.91,16.2,46.9,0,947.1,37,4.4,9.6,487,450,218,125,110,205,549,371,75,17,97
BER,2023,6,12,17,26.2,32,10.9,8.2,7.24,15.5,44.8,0,946.9,45,4.2,9,361,521,138,189,73,73,593,354,56,17,97
BER,2023,6,12,18,25.1,32.8,10.4,7.6,6.91,14.9,42.8,0,947.1,59,2.5,6.8,227,545,76,228,41,41,575,335,33,17,97
BER,2023,6,12,19,23.5,36.3,10.5,7.7,6.97,14.3,41.4,0,947.2,52,1.2,3.2,73,230,40,128,21,21,236,346,50,17,97
BER,2023,6,12,20,20.2,49.5,11.7,9.3,7.78,13.8,40.1,0,947.4,31,0.7,1.5,0,0,0,0,0,0,0,325,43,17,97
BER,2023,6,12,21,18.4,53.9,11.4,8.9,7.57,12.9,37.7,0,947.6,14,1.6,2.4,0,0,0,0,0,0,0,304,40,17,97
BER,2023,6,12,22,17.2,60.1,11.8,9.4,7.84,12.7,37.2,0,947.4,28,2.6,3.8,0,0,0,0,0,0,0,325,45,17,97
BER,2023,6,12,23,16.8,61.2,11.7,9.3,7.78,12.5,36.6,0,947.3,360,1.2,2.5,0,0,0,0,0,0,0,302,23,17,97
BER,2023,6,13,0,15.5,66.5,11.7,9.3,7.78,12,35.3,0,946.9,342,0.7,1.6,0,0,0,0,0,0,0,308,45,17,97
BER,2023,6,13,1,15.8,60.2,10.8,8.1,7.18,11.5,34.1,0,946.4,8,1.5,3.3,0,0,0,0,0,0,0,291,6,17,97
BER,2023,6,13,2,14.7,64.1,10.7,8,7.11,11,32.8,0,946.3,354,0.9,3,0,0,0,0,0,0,0,311,33,17,97
BER,2023,6,13,3,13.7,68.4,10.7,8,7.11,10.6,31.7,0,946.4,16,1.9,3.8,0,0,0,0,0,0,0,286,0,17,97
BER,2023,6,13,4,13.8,66.2,10.4,7.6,6.91,10.4,31.3,0,946.5,13,2.3,4.6,3,0,3,2,2,2,2,294,10,17,97
BER,2023,6,13,5,13.9,68,10.8,8.1,7.18,10.7,32.1,0,946.8,338,1.2,2.4,92,297,45,158,303,24,24,322,33,17,97
BER,2023,6,13,6,15.6,60.9,10.8,8.1,7.18,11.4,33.8,0,946.9,6,2.8,6.4,243,515,92,222,558,48,48,330,45,17,97
BER,2023,6,13,7,17.2,55.4,10.9,8.2,7.24,12.1,35.6,0,946.7,28,3.5,6.3,373,482,159,188,567,84,84,341,65,17,97
BER,2023,6,13,8,18.3,53.9,11.3,8.8,7.52,12.9,37.5,0,946.4,17,2.9,6.4,413,223,272,146,361,216,146,358,78,17,97
BER,2023,6,13,9,20,50.1,11.7,9.3,7.79,13.8,39.9,0,946.3,12,2.7,5.7,746,855,114,83,708,347,83,325,31,17,97
BER,2023,6,13,10,21.5,42.4,10.9,8.2,7.25,13.8,40,0,946.2,14,3.5,7.3,864,899,113,91,578,461,91,320,16,17,97
BER,2023,6,13,11,22.7,42.5,11.7,9.3,7.79,14.8,42.6,0,945.9,19,4,8.6,941,934,105,96,388,534,95,303,6,17,97
BER,2023,6,13,12,23.9,38.4,11.4,8.9,7.59,15,43.4,0,945.6,17,4.1,7.7,961,934,109,98,163,557,175,306,0,17,97
BER,2023,6,13,13,24.6,38.4,11.9,9.5,7.93,15.5,44.9,0,945.1,44,3.9,8.3,932,926,108,96,98,527,411,311,0,17,97
BER,2023,6,13,14,25.3,37.6,12.1,9.8,8.07,15.9,46,0,944.9,30,4.4,8.1,851,896,112,90,92,448,594,309,0,17,97
BER,2023,6,13,15,25.5,37.1,12.1,9.8,8.07,16,46.2,0,944.6,24,4.5,9.5,730,859,108,80,82,327,722,308,0,17,97
BER,2023,6,13,16,25.2,38,12.2,9.9,8.14,15.9,46.1,0,944.5,37,4.3,9.6,583,821,98,82,69,166,793,307,6,17,97
BER,2023,6,13,17,24.4,38.1,11.6,9.2,7.73,15.3,44.2,0,944.6,49,3.6,7.8,404,702,91,179,56,55,731,327,33,17,97
BER,2023,6,13,18,23.8,37.6,11.1,8.5,7.39,14.8,42.8,0,944.8,49,3.1,6.6,235,599,68,238,38,38,620,314,25,17,97
BER,2023,6,13,19,23,36.4,10.2,7.3,6.79,14,40.4,0,945.2,45,2.6,6.3,77,282,38,151,20,20,282,315,19,17,97
BER,2023,6,13,20,20.4,40.4,9.7,6.5,6.44,12.6,36.9,0,945.9,25,1.9,3.8,0,0,0,0,0,0,0,309,20,17,97
BER,2023,6,13,21,18.4,42.1,8.9,5.3,5.9,11.3,33.5,0,946.4,18,2.2,3.6,0,0,0,0,0,0,0,285,0,17,97
BER,2023,6,13,22,17,41.7,8.1,3.9,5.37,10.2,30.7,0,946.4,21,2.5,4.3,0,0,0,0,0,0,0,279,0,17,97
BER,2023,6,13,23,16.2,41.7,7.7,3.2,5.1,9.6,29.2,0,946.7,22,1.9,3.4,0,0,0,0,0,0,0,276,0,17,97
BER,2023,6,14,0,15,46.4,7.9,3.6,5.23,9.2,28.3,0,946.6,356,1.5,2.9,0,0,0,0,0,0,0,273,0,17,97
BER,2023,6,14,1,13.2,54.7,8.3,4.3,5.5,8.7,27.2,0,946.6,343,1.2,2.9,0,0,0,0,0,0,0,271,0,17,97
BER,2023,6,14,2,11.8,61.3,8.5,4.6,5.64,8.2,26.1,0,946.7,360,0.9,2.2,0,0,0,0,0,0,0,272,0,17,97
BER,2023,6,14,3,11.2,62.4,8.3,4.3,5.5,7.8,25.1,0,946.8,13,1.8,2.4,0,0,0,0,0,0,0,273,0,17,97
BER,2023,6,14,4,9.5,72.5,8.6,4.8,5.7,7.2,23.9,0,947.1,24,1.2,2.1,3,0,3,2,2,2,2,273,0,17,97
BER,2023,6,14,5,10.4,70.6,8.9,5.3,5.9,7.8,25.3,0,947.7,34,0.5,1.4,97,353,43,183,352,23,23,279,0,17,97
BER,2023,6,14,6,13.7,60.5,9.5,6.2,6.3,9.7,29.7,0,947.9,45,0.3,0.9,263,650,66,239,670,38,38,274,0,17,97
BER,2023,6,14,7,17.1,46.6,9.1,5.6,6.03,10.9,32.5,0,948.3,17,1.5,5,440,780,80,171,793,53,53,275,0,17,97
BER,2023,6,14,8,19,40.5,8.9,5.3,5.89,11.6,34,0,948.4,34,3.3,6.6,610,850,92,67,801,196,67,277,0,17,97
BER,2023,6,14,9,20.9,37.3,9.2,5.8,6.09,12.5,36.5,0,948.4,23,2.9,6.8,758,887,103,80,724,345,80,279,0,17,97
BER,2023,6,14,10,22.3,34.5,9.3,5.9,6.16,13.1,38.1,0,948.5,24,3.9,8.6,872,912,110,90,582,462,90,287,0,17,97
BER,2023,6,14,11,23.8,31.3,9.2,5.8,6.09,13.6,39.4,0,948.3,27,4.2,8.7,944,929,112,96,393,536,96,297,0,17,97
BER,2023,6,14,12,24.7,27.6,8.6,4.8,5.69,13.6,39.3,0,948.1,11,4.6,10.3,969,947,104,97,163,558,172,308,0,17,97
BER,2023,6,14,13,25.3,26.1,8.4,4.5,5.56,13.7,39.6,0,948.1,25,4.6,9.1,938,934,107,95,98,528,411,315,0,17,97
BER,2023,6,14,14,25.9,23.3,7.8,3.4,5.16,13.5,39.2,0,948.1,34,4.2,8.8,855,899,112,90,92,449,595,312,0,17,97
BER,2023,6,14,15,25.9,22.7,7.6,3,5.03,13.3,38.9,0,948.1,29,4.1,8.2,734,867,106,80,81,327,725,310,0,17,97
BER,2023,6,14,16,25.7,23.3,7.7,3.2,5.09,13.3,38.8,0,948.1,48,3.5,9.1,600,835,105,92,70,167,810,341,47,17,97
BER,2023,6,14,17,25.3,27.1,8.7,5,5.76,13.9,40.1,0,948.3,58,3.1,8.2,478,783,132,232,65,65,845,377,100,17,97
BER,2023,6,14,18,24.5,30.6,9.4,6.1,6.22,14,40.5,0,949,23,2.9,6.7,274,637,93,271,45,45,679,365,85,17,97
BER,2023,6,14,19,22.9,37.4,10.4,7.6,6.89,14.1,40.6,0,949.6,18,2.6,6,83,333,39,177,20,20,328,316,23,17,97
BER,2023,6,14,20,20.8,44,10.8,8.1,7.15,13.5,39.1,0,950.2,42,1.4,3.5,0,0,0,0,0,0,0,292,0,17,97
BER,2023,6,14,21,17.8,54.5,11.1,8.5,7.35,12.5,36.5,0,950.5,22,1.6,2.3,0,0,0,0,0,0,0,285,0,17,97
BER,2023,6,14,22,16,61,11.1,8.5,7.35,11.8,34.7,0,950.7,18,2,2.7,0,0,0,0,0,0,0,282,0,17,97
BER,2023,6,14,23,15.4,63.4,11.1,8.5,7.35,11.5,34.1,0,950.9,25,1.5,3.6,0,0,0,0,0,0,0,280,0,17,97
BER,2023,6,15,0,14,69.4,11.1,8.5,7.35,10.9,32.6,0,950.9,5,1.1,2,0,0,0,0,0,0,0,278,0,17,97
BER,2023,6,15,1,13.3,72.2,11,8.4,7.28,10.6,31.7,0,951.2,0,0.4,1,0,0,0,0,0,0,0,277,0,18,97
BER,2023,6,15,2,13.1,73.6,11.1,8.5,7.34,10.6,31.7,0,951.3,146,0.4,1.4,0,0,0,0,0,0,0,278,0,18,97
BER,2023,6,15,3,12.2,78.6,11.2,8.6,7.41,10.2,31,0,951.4,207,0.5,1.2,0,0,0,0,0,0,0,279,0,18,97
BER,2023,6,15,4,11.7,79.1,10.9,8.2,7.21,9.8,29.9,0,951.7,189,0.7,1.2,3,0,3,2,2,2,2,280,0,18,97
BER,2023,6,15,5,11.8,82.4,11.4,8.9,7.54,10.2,30.9,0,952.3,180,0.3,1.1,96,350,43,183,349,23,23,287,6,18,97
BER,2023,6,15,6,14.3,74.3,12.1,9.8,8,11.7,34.6,0,952.6,0,0,0.3,257,622,69,234,645,40,40,283,0,18,97
BER,2023,6,15,7,17.2,58.5,11.5,9,7.6,12.5,36.5,0,952.8,166,0.6,2.2,433,760,83,172,778,55,55,284,0,18,97
BER,2023,6,15,8,19.4,50.6,11.4,8.9,7.53,13.3,38.6,0,952.8,180,0.9,3.1,602,831,95,70,790,197,70,285,0,18,97
BER,2023,6,15,9,21.3,45.3,11.5,9,7.6,14.1,40.7,0,952.8,338,1.1,3.8,755,893,95,82,724,341,82,287,0,18,97
BER,2023,6,15,10,22.5,41.6,11.3,8.8,7.46,14.5,41.6,0,952.9,312,1.9,6.2,877,944,88,91,583,457,90,293,0,18,97
BER,2023,6,15,11,23.3,37.8,10.8,8.1,7.13,14.4,41.6,0,952.7,349,1.6,5.2,955,967,89,97,388,536,97,300,0,18,97
BER,2023,6,15,12,24.2,35,10.6,7.8,7,14.6,42.2,0,952.5,90,1.9,4.2,977,971,90,99,162,560,170,309,13,18,97
BER,2023,6,15,13,25.4,31.5,10.2,7.3,6.74,14.8,42.7,0,952.2,261,2.5,5.8,894,810,173,115,117,525,422,343,43,18,97
BER,2023,6,15,14,26,31.1,10.4,7.6,6.87,15.2,43.7,0,952.1,310,3.2,10.6,766,631,247,132,132,444,555,347,43,18,97
BER,2023,6,15,15,26.1,29.2,9.9,6.8,6.54,14.9,42.9,0,952,333,2.3,5.4,666,636,206,113,113,338,632,347,45,18,97
BER,2023,6,15,16,25.3,34.2,11,8.4,7.27,15.3,44,0,952,352,2.5,5.3,425,335,235,147,127,171,455,355,53,18,97
BER,2023,6,15,17,24,35.2,10.5,7.7,6.94,14.5,41.8,0,952.1,345,2.5,5.2,423,763,84,187,55,54,784,331,29,18,97
BER,2023,6,15,18,23.5,39.4,11.4,8.9,7.54,14.9,42.8,0,952.3,29,1.3,2.3,240,625,62,241,37,37,641,313,13,18,97
BER,2023,6,15,19,22.2,45.3,12.1,9.8,8,14.8,42.7,0,952.5,20,1.2,2.8,84,323,41,175,22,22,320,315,29,18,97
BER,2023,6,15,20,19.5,52,11.8,9.4,7.8,13.6,39.4,0,953,38,1.2,1.7,0,0,0,0,0,0,0,328,44,18,97
BER,2023,6,15,21,17.9,54.1,11.1,8.5,7.33,12.6,36.6,0,953.4,23,1.3,2.3,0,0,0,0,0,0,0,321,43,18,97
BER,2023,6,15,22,17.5,58.2,11.6,9.2,7.66,12.7,37,0,953.6,315,0.3,1.7,0,0,0,0,0,0,0,329,55,18,97
BER,2023,6,15,23,16.5,62.8,11.8,9.4,7.79,12.4,36.3,0,953.7,166,0.5,1.6,0,0,0,0,0,0,0,309,19,18,97
BER,2023,6,16,0,14.9,70.1,11.9,9.5,7.86,11.8,34.9,0,953.4,211,0.7,1.4,0,0,0,0,0,0,0,289,0,18,97
BER,2023,6,16,1,14.2,73.3,11.9,9.5,7.86,11.5,34.1,0,953.4,203,0.8,1.8,0,0,0,0,0,0,0,294,0,19,97
BER,2023,6,16,2,13.5,76.2,11.8,9.4,7.8,11.2,33.3,0,953.3,207,0.7,2,0,0,0,0,0,0,0,290,0,19,97
BER,2023,6,16,3,12.7,79.8,11.7,9.3,7.73,10.8,32.3,0,953.4,214,0.4,2.1,0,0,0,0,0,0,0,290,0,19,97
BER,2023,6,16,4,12.1,82.4,11.6,9.2,7.66,10.5,31.5,0,953.6,360,0.7,2.1,3,0,3,2,1,2,2,291,0,19,97
BER,2023,6,16,5,11.9,84.1,11.7,9.3,7.72,10.5,31.4,0,953.8,214,0.4,1.3,91,290,44,155,296,24,24,301,25,19,97
BER,2023,6,16,6,13.5,81,12.5,10.3,8.26,11.7,34.4,0,954.2,225,0.5,1.4,246,541,86,228,580,47,47,321,39,19,97
BER,2023,6,16,7,16.9,64.6,12.4,10.2,8.19,13,37.7,0,954.6,194,1.3,3.7,403,606,125,185,666,70,70,322,40,19,97
BER,2023,6,16,8,19.2,52.3,11.6,9.2,7.65,13.4,38.7,0,954.7,191,1.1,2.7,545,603,168,99,638,224,99,335,50,19,97
BER,2023,6,16,9,21.8,44,11.5,9,7.59,14.3,41.2,0,954.4,162,1,2.3,763,917,86,84,737,342,83,293,0,19,97
BER,2023,6,16,10,23,38.4,10.8,8.1,7.12,14.3,41.2,0,954,50,1.3,3.6,883,948,91,95,593,464,94,312,13,19,97
BER,2023,6,16,11,23.6,33.9,9.9,6.8,6.52,14,40.3,0,954,297,1.9,4.6,926,878,142,113,413,537,113,339,34,19,97
BER,2023,6,16,12,24.4,34.2,10.4,7.6,6.86,14.6,42,0,953.8,45,2,5.4,788,469,360,186,264,507,272,356,58,19,97
BER,2023,6,16,13,25,32.5,10.3,7.4,6.79,14.7,42.5,0,953.3,349,2.1,5.3,695,362,374,201,198,433,399,360,71,19,97
BER,2023,6,16,14,24.9,33.4,10.5,7.7,6.93,14.8,42.7,0,953.2,14,2.5,5.2,720,582,233,138,138,414,487,357,61,19,97
BER,2023,6,16,15,25.3,29.4,9.5,6.2,6.26,14.4,41.4,0,952.8,356,2,4.7,359,139,263,146,143,201,279,376,81,19,97
BER,2023,6,16,16,25.3,28.8,9.3,5.9,6.13,14.2,41.1,0,952.5,337,1.7,5.1,471,408,226,136,121,202,515,362,61,19,97
BER,2023,6,16,17,25.4,28,9.1,5.6,6,14.1,40.8,0,952.4,352,1.8,6.9,344,469,129,160,74,75,532,344,50,19,97
BER,2023,6,16,18,24.3,31,9.4,6.1,6.2,14,40.2,0,952.6,35,2,4.4,243,604,72,245,41,41,630,329,36,19,97
BER,2023,6,16,19,22.6,39.1,10.7,8,7.07,14.1,40.7,0,952.7,55,1.2,3.6,63,134,41,84,23,23,150,352,69,19,97
BER,2023,6,16,20,19.7,48.4,11.1,8.5,7.33,13.3,38.4,0,953.1,34,1.2,2.1,0,0,0,0,0,0,0,357,71,19,97
BER,2023,6,16,21,18.5,53.5,11.4,8.9,7.53,13,37.7,0,953.4,27,0.4,1.7,0,0,0,0,0,0,0,339,56,19,97
BER,2023,6,16,22,17.1,59.7,11.6,9.2,7.66,12.6,36.6,0,953.4,90,0.5,1.3,0,0,0,0,0,0,0,295,6,19,97
BER,2023,6,16,23,15.7,64.4,11.5,9,7.59,11.9,35,0,953.4,180,0.6,1.6,0,0,0,0,0,0,0,288,0,19,97
BER,2023,6,17,0,15,66.4,11.3,8.8,7.46,11.5,33.9,0,953.1,214,0.4,1.2,0,0,0,0,0,0,0,285,0,19,97
BER,2023,6,17,1,14.1,71.4,11.5,9,7.6,11.2,33.4,0,952.8,187,0.9,2,0,0,0,0,0,0,0,283,0,18,97
BER,2023,6,17,2,13.8,72.8,11.5,9,7.6,11.1,33.1,0,952.8,198,0.3,1.1,0,0,0,0,0,0,0,284,0,18,97
BER,2023,6,17,3,12.7,79.8,11.7,9.3,7.73,10.8,32.3,0,952.7,270,0.4,1,0,0,0,0,0,0,0,295,13,18,97
BER,2023,6,17,4,12.5,80.8,11.7,9.3,7.73,10.7,32.1,0,952.9,198,0.4,1.3,0,0,0,0,0,0,0,343,56,18,97
BER,2023,6,17,5,12.5,81.4,11.8,9.4,7.8,10.8,32.2,0,952.9,211,0.7,1.5,76,157,48,97,175,27,27,317,35,18,97
BER,2023,6,17,6,15.6,68.8,12.2,9.9,8.07,12.3,36.1,0,953,186,1.1,2.3,255,590,74,227,618,42,42,292,6,18,97
BER,2023,6,17,7,18.6,54.7,11.7,9.3,7.73,13.2,38.3,0,953.3,155,2,3.6,443,797,76,174,807,54,54,288,0,18,97
BER,2023,6,17,8,20.7,49.3,12,9.7,7.93,14.2,41,0,953.3,176,1.5,4,612,869,82,68,813,190,68,294,13,18,97
BER,2023,6,17,9,22.5,42.1,11.5,9,7.6,14.6,42,0,952.8,212,1.1,2.9,741,837,124,88,710,347,88,323,40,18,97
BER,2023,6,17,10,24.4,37.6,11.5,9,7.6,15.2,43.9,0,952.5,243,1,3,869,917,103,93,585,459,93,327,33,18,97
BER,2023,6,17,11,25.5,29.5,9.6,6.4,6.34,14.5,41.8,0,952.1,315,1.4,4.9,948,953,94,98,389,533,98,340,33,18,97
BER,2023,6,17,12,26,28.8,9.7,6.5,6.4,14.7,42.5,0,951.9,274,2.1,7.3,978,964,96,101,166,562,172,348,33,18,97
BER,2023,6,17,13,27,28.1,10,7,6.61,15.3,44,0,951.5,290,2.1,6,918,873,139,105,107,532,418,355,35,18,97
BER,2023,6,17,14,27.6,24.1,8.9,5.3,5.88,14.8,42.8,0,951.1,286,2.1,5.5,816,768,180,108,110,457,580,366,50,18,97
BER,2023,6,17,15,27.3,23.7,8.6,4.8,5.68,14.5,41.9,0,950.8,257,2,4.9,644,558,234,125,124,341,584,370,65,18,97
BER,2023,6,17,16,27,26.6,9.5,6.2,6.28,14.9,43.2,0,950.6,201,1.7,3.9,543,645,159,105,88,190,687,364,53,18,97
BER,2023,6,17,17,26.5,30.6,10.6,7.8,7.02,15.4,44.5,0,950.4,238,1.6,3.3,348,404,167,185,85,86,501,372,75,18,97
BER,2023,6,17,18,26.1,33.7,11.4,8.9,7.55,15.8,45.5,0,950.5,274,1.4,3,210,406,98,199,51,52,455,360,51,18,97
BER,2023,6,17,19,24.4,41.3,12.6,10.4,8.36,15.9,45.8,0,950.6,297,0.8,2.3,83,293,44,164,23,24,295,337,16,18,97
BER,2023,6,17,20,20.7,52.4,12.8,10.6,8.48,14.7,42.4,0,951.2,31,0.6,1.7,0,0,0,0,0,0,0,320,13,18,97
BER,2023,6,17,21,19.3,56,12.5,10.3,8.28,14,40.4,0,951.5,63,0.6,3,0,0,0,0,0,0,0,347,59,18,97
BER,2023,6,17,22,18.2,60.8,12.7,10.5,8.41,13.7,39.6,0,951.5,166,0.6,2,0,0,0,0,0,0,0,339,61,18,97
BER,2023,6,17,23,17.2,66.5,13,10.9,8.62,13.5,39.1,0,951.4,198,0.6,1.4,0,0,0,0,0,0,0,337,58,18,97
BER,2023,6,18,0,15.7,71.2,12.7,10.5,8.42,12.7,37.1,0,950.9,135,0.2,1.3,0,0,0,0,0,0,0,326,54,18,97
BER,2023,6,18,1,15.2,73,12.6,10.4,8.35,12.4,36.4,0,951.1,225,0.3,1.4,0,0,0,0,0,0,0,293,6,18,97
BER,2023,6,18,2,14,76.8,12.3,10,8.15,11.7,34.7,0,951,360,0.3,1,0,0,0,0,0,0,0,291,0,18,97
BER,2023,6,18,3,13.1,78.8,11.9,9.5,7.88,11.1,33.1,0,950.9,90,0.1,0.7,0,0,0,0,0,0,0,293,0,18,97
BER,2023,6,18,4,13.1,79.8,12,9.7,7.95,11.2,33.2,0,951.1,243,0.3,1.3,4,0,4,2,2,2,2,296,6,18,97
BER,2023,6,18,5,13.3,80.4,12.3,10,8.15,11.4,33.9,0,951.1,0,0,0.8,94,328,46,177,329,25,25,325,33,18,97
BER,2023,6,18,6,15.6,74.6,13.2,11.1,8.75,13,37.8,0,951.4,211,0.6,2.1,251,596,70,229,621,40,40,301,6,18,97
BER,2023,6,18,7,18.7,60.9,13.1,11,8.68,14.1,40.8,0,951.6,209,1.2,3.1,433,772,76,170,782,53,53,313,13,18,97
BER,2023,6,18,8,21.7,47.9,12.4,10.2,8.21,14.8,42.7,0,951.4,202,1.3,2.9,595,832,87,68,784,188,67,320,23,18,97
BER,2023,6,18,9,23.5,43,12.4,10.2,8.22,15.5,44.5,0,951,203,1.1,2.8,725,822,122,88,697,334,87,353,39,18,97
BER,2023,6,18,10,25.3,38.6,12.4,10.2,8.22,16.1,46.4,0,950.7,225,1,2.9,743,566,267,142,501,436,143,377,75,18,97
BER,2023,6,18,11,27,35.4,12.6,10.4,8.36,16.8,48.5,0,950.1,311,1.4,3.9,901,823,162,115,389,523,115,379,56,18,97
BER,2023,6,18,12,28.3,30.5,11.7,9.3,7.76,16.7,48.3,0,949.5,266,1.9,4.8,978,934,124,103,184,571,177,385,43,18,97
BER,2023,6,18,13,29.2,27.9,11.3,8.8,7.49,16.8,48.5,0,949.1,279,1.8,5.1,912,897,112,98,101,515,398,391,38,18,97
BER,2023,6,18,14,29.2,28.1,11.4,8.9,7.56,16.8,48.7,0,949.2,260,3.1,6.8,403,70,344,192,187,239,246,400,100,18,97
BER,2023,6,18,15,27.9,32.2,12.1,9.8,8.03,16.8,48.6,0,949.2,270,2.7,5.2,237,9,230,132,128,136,141,401,100,18,97
BER,2023,6,18,16,27,38.6,13.7,11.7,9.11,17.4,50.4,0,949.3,242,1.6,4.3,158,13,151,89,84,86,100,401,100,18,97
BER,2023,6,18,17,26.9,38.8,13.7,11.7,9.11,17.4,50.3,0,949.2,237,1.8,5.5,211,88,169,116,92,94,186,401,100,18,97
BER,2023,6,18,18,26.4,40.5,13.9,11.9,9.24,17.3,50.1,0,949.4,241,1.3,3.7,77,10,74,46,41,42,53,401,94,18,97
BER,2023,6,18,19,25.1,47.3,15.1,13.1,10.05,17.5,50.9,0,949.5,236,0.3,1.2,67,192,35,106,18,19,200,391,78,18,97
BER,2023,6,18,20,22.9,55.1,15.4,13.4,10.25,16.9,49.1,0,949.9,45,0.1,0.9,0,0,0,0,0,0,0,371,46,18,97
BER,2023,6,18,21,21.1,61.8,15.5,13.5,10.31,16.3,47.4,0,950.4,207,0.2,1.1,0,0,0,0,0,0,0,353,25,18,97
BER,2023,6,18,22,20,65.7,15.4,13.4,10.24,15.9,46.1,0,950.5,180,1,2.5,0,0,0,0,0,0,0,351,25,18,97
BER,2023,6,18,23,18.7,71.3,15.4,13.4,10.24,15.4,44.8,0,950.7,198,1,2.2,0,0,0,0,0,0,0,376,84,18,97
BER,2023,6,19,0,18.5,72.2,15.4,13.4,10.24,15.3,44.6,0,951.2,196,0.8,1.8,0,0,0,0,0,0,0,382,94,18,97
BER,2023,6,19,1,18.4,73.6,15.6,13.6,10.36,15.4,44.8,0,951.8,219,0.9,2.1,0,0,0,0,0,0,0,380,100,18,97
BER,2023,6,19,2,18.8,71.8,15.6,13.6,10.36,15.6,45.2,0,952.2,117,0.3,1.1,0,0,0,0,0,0,0,385,100,18,97
BER,2023,6,19,3,18.4,76.5,16.2,14.2,10.76,15.8,45.8,0,952.7,207,0.7,2.3,0,0,0,0,0,0,0,386,100,18,97
BER,2023,6,19,4,18.5,79,16.8,14.8,11.17,16.2,46.9,0,952.6,157,2.5,5.1,4,0,4,2,2,2,2,384,94,18,97
BER,2023,6,19,5,18.7,80.6,17.4,15.3,11.57,16.5,48.1,0,952.5,164,3,6.8,34,44,30,40,56,17,17,382,88,18,97
BER,2023,6,19,6,19.3,79.7,17.8,15.7,11.84,17,49.4,0,952.7,157,2.6,5.7,102,30,92,62,81,52,52,389,100,18,97
BER,2023,6,19,7,20.3,74.4,17.7,15.6,11.78,17.3,50.3,0,952.6,147,3.1,6.1,247,106,199,138,218,110,111,385,100,18,97
BER,2023,6,19,8,21.9,67.9,17.8,15.7,11.85,17.9,52.1,0,952.4,145,3,5.9,461,387,224,119,485,211,120,384,88,18,97
BER,2023,6,19,9,23.6,58.9,17.2,15.1,11.44,18.1,52.8,0,952.3,139,2.1,4.4,726,864,90,78,697,321,77,363,48,18,97
BER,2023,6,19,10,25.2,48.9,15.7,13.7,10.43,17.8,51.9,0,951.8,217,1.1,3.3,817,817,136,96,557,440,95,371,48,18,97
BER,2023,6,19,11,26.6,44.4,15.5,13.5,10.3,18.2,53,0,951.5,270,2.2,6,587,305,317,173,327,354,174,394,84,18,97
BER,2023,6,19,12,25.5,48.7,15.9,13.9,10.57,18,52.6,0,951.3,270,2.1,4.8,191,0,191,110,107,110,111,407,100,18,97
BER,2023,6,19,13,25.8,48.4,16.1,14.1,10.72,18.2,53.3,0,950.6,297,1.4,3.7,298,59,246,136,133,177,177,409,100,18,97
BER,2023,6,19,14,27.3,45.2,16.4,14.4,10.92,18.9,55.3,0,950.3,252,1.1,3.5,715,580,242,141,141,394,510,388,58,18,97
BER,2023,6,19,15,28.5,42.7,16.6,14.6,11.07,19.4,56.9,0,949.7,315,1.2,4.4,677,710,157,94,95,327,643,383,54,18,97
BER,2023,6,19,16,28.8,42,16.6,14.6,11.07,19.5,57.2,0,949.5,360,1.4,5,513,598,162,105,90,175,644,384,54,18,97
BER,2023,6,19,17,28.3,42.1,16.2,14.2,10.8,19.1,56,0,949.1,23,1.5,4,385,636,102,179,59,58,676,374,36,18,97
BER,2023,6,19,18,27.9,44.8,16.8,14.8,11.21,19.3,56.7,0,949.1,90,1.7,4.8,203,378,87,170,47,48,420,383,56,18,97
BER,2023,6,19,19,26.4,53.5,18.4,16.2,12.3,19.6,57.9,0,949.1,144,2.4,4.8,58,131,44,90,24,24,144,389,65,18,97
BER,2023,6,19,20,24.5,56.9,17.5,15.4,11.68,18.5,54.4,0,949.3,156,2,4,0,0,0,0,0,0,0,386,61,18,97
BER,2023,6,19,21,23.8,60.9,18,15.8,12.01,18.5,54.5,0.7,949.9,104,1.3,4.1,0,0,0,0,0,0,0,392,78,18,97
BER,2023,6,19,22,21,80.4,20,17.5,13.35,18.7,55,0.9,952.1,186,3.5,10.4,0,0,0,0,0,0,0,400,100,18,97
BER,2023,6,19,23,19.5,88.2,20,17.5,13.33,18.2,53.4,2.3,953.1,204,2.3,10.8,0,0,0,0,0,0,0,397,100,18,97
BER,2023,6,20,0,19.2,88.8,19.8,17.3,13.21,17.9,52.8,2.5,952.4,163,1.9,4.2,0,0,0,0,0,0,0,394,100,18,97
BER,2023,6,20,1,18.9,90.4,19.8,17.3,13.21,17.8,52.5,1,952.2,174,2,4.1,0,0,0,0,0,0,0,392,100,18,97
BER,2023,6,20,2,18.6,89.8,19.2,16.9,12.8,17.5,51.2,0,952,139,1.1,3.9,0,0,0,0,0,0,0,387,84,18,97
BER,2023,6,20,3,18.1,92.7,19.2,16.9,12.81,17.3,50.7,0,951.8,45,0.8,1.6,0,0,0,0,0,0,0,381,71,18,97
BER,2023,6,20,4,18,92.7,19.1,16.8,12.74,17.2,50.4,0.1,951.7,45,0.5,1,0,0,0,0,0,0,0,381,78,18,97
BER,2023,6,20,5,18,92.7,19.1,16.8,12.74,17.2,50.4,0,951.6,24,1,2.3,87,255,46,141,265,24,24,384,68,18,97
BER,2023,6,20,6,18.8,88.2,19.1,16.8,12.74,17.5,51.2,0,951.7,40,0.9,2.7,227,451,87,193,492,47,47,375,59,18,97
BER,2023,6,20,7,19.9,83.4,19.4,17,12.95,18,52.9,0,951.4,45,0.5,2,403,658,101,175,695,59,59,369,41,18,97
BER,2023,6,20,8,21.4,78,19.9,17.4,13.29,18.7,55.3,0,951,17,1.2,2.8,549,666,144,81,685,206,81,381,60,18,97
BER,2023,6,20,9,22.8,68.9,19.1,16.8,12.75,18.8,55.4,0,950.6,11,1.7,3.6,680,687,176,99,641,338,98,388,68,18,97
BER,2023,6,20,10,24.1,66.2,19.9,17.4,13.3,19.6,58.1,0,950.6,27,1.6,3.9,705,501,290,150,494,414,150,400,81,18,97
BER,2023,6,20,11,25.7,61.3,20.2,17.7,13.51,20.3,60.3,0,950.5,315,1.8,5.5,838,679,229,124,408,509,124,400,75,18,97
BER,2023,6,20,12,27.3,54.4,19.8,17.3,13.24,20.5,61.2,0,950.1,198,1.1,2.8,827,599,278,143,226,518,233,407,81,18,97
BER,2023,6,20,13,28.1,47.2,18,15.8,12.02,19.9,58.9,0,949.7,13,1.5,3.5,750,470,330,167,165,468,404,409,94,18,97
BER,2023,6,20,14,29.3,40,16.3,14.3,10.86,19.5,57.2,0,949.5,207,1.3,3.1,771,692,199,112,113,433,547,402,64,18,97
BER,2023,6,20,15,30,38.4,16.3,14.3,10.87,19.7,58,0,949.3,254,1.2,4,639,584,211,112,112,329,590,401,60,18,97
BER,2023,6,20,16,29.4,42.1,17.3,15.2,11.54,20,59.1,0,949.4,258,2.6,8.2,468,422,209,119,109,201,510,403,68,18,97
BER,2023,6,20,17,27.3,51.4,18.6,16.4,12.43,20,59.2,0,949.5,13,3.1,6.4,368,560,120,179,66,66,616,396,68,18,97
BER,2023,6,20,18,26.7,55.3,19.4,17,12.97,20.2,59.9,0,949.6,73,2,4,219,473,82,205,44,44,509,394,65,18,97
BER,2023,6,20,19,25.5,59,19.2,16.9,12.83,19.7,58.3,0,950.2,148,2.6,5.5,63,134,40,82,21,21,150,400,88,18,97
BER,2023,6,20,20,24.2,65,19.6,17.2,13.09,19.5,57.7,0,950.9,101,1.8,4.4,0,0,0,0,0,0,0,404,100,18,97
BER,2023,6,20,21,23,71.2,20,17.5,13.35,19.3,57.1,0,951.7,127,0.7,1.6,0,0,0,0,0,0,0,398,94,18,97
BER,2023,6,20,22,21.4,80,20.4,17.8,13.62,19,56.1,0,951.7,124,0.6,2.1,0,0,0,0,0,0,0,373,43,18,97
BER,2023,6,20,23,21.1,79.9,20,17.5,13.35,18.7,55.1,0,951.6,151,1,2.3,0,0,0,0,0,0,0,352,6,18,97
BER,2023,6,21,0,20,85.5,20,17.5,13.35,18.3,54,0,952,174,1,2.3,0,0,0,0,0,0,0,379,75,18,97
BER,2023,6,21,1,19.9,86.1,20,17.5,13.34,18.3,53.9,0,952.7,198,1,1.9,0,0,0,0,0,0,0,389,100,18,97
BER,2023,6,21,2,20.1,84.5,19.9,17.4,13.27,18.3,53.9,0,952.9,176,1.7,3.8,0,0,0,0,0,0,0,390,100,18,97
BER,2023,6,21,3,19.6,86.6,19.8,17.3,13.19,18.1,53.2,0,953.4,225,1.3,3.6,0,0,0,0,0,0,0,392,100,18,97
BER,2023,6,21,4,19.1,89.3,19.7,17.3,13.12,17.9,52.5,0,953.7,117,0.6,2.2,1,0,1,1,1,1,1,394,100,18,97
BER,2023,6,21,5,19.2,88.2,19.6,17.2,13.04,17.9,52.4,0,954.4,191,0.8,2.3,63,123,42,79,139,24,24,387,84,18,97
BER,2023,6,21,6,20.3,85,20.3,17.7,13.51,18.6,54.7,0,955,229,1,2.4,152,158,109,120,217,60,60,391,88,18,97
BER,2023,6,21,7,20.4,77.8,18.6,16.4,12.34,17.8,51.8,3.3,956,254,2.6,9.8,237,104,186,127,209,103,103,399,94,18,97
BER,2023,6,21,8,20.7,69.8,17,15,11.27,17,49.4,0,955,90,1.1,2.2,503,547,175,95,602,200,95,388,78,18,97
BER,2023,6,21,9,22.7,62.6,17.3,15.2,11.48,17.8,52,0,954.9,117,1.7,3.9,594,438,271,140,513,324,140,397,88,18,97
BER,2023,6,21,10,23.8,63.3,18.6,16.4,12.35,18.9,55.4,0,955.2,21,2.9,5.6,798,765,162,105,552,435,104,392,61,18,97
BER,2023,6,21,11,24.7,63.5,19.8,17.3,13.17,19.7,58.4,0,954.9,31,3.8,6.5,844,706,211,120,401,507,120,400,75,18,97
BER,2023,6,21,12,25.9,59.8,20,17.5,13.3,20.2,60,0,955,33,3.9,6.9,855,684,229,128,209,525,216,401,71,18,97
BER,2023,6,21,13,25.9,62.9,21,18.3,13.98,20.7,61.7,0,955.5,22,2.1,6.5,309,53,261,145,142,185,174,419,100,18,97
BER,2023,6,21,14,25.8,63.3,21,18.3,13.98,20.7,61.6,0,955.3,53,1.7,3.9,515,222,336,186,182,297,351,416,94,18,97
BER,2023,6,21,15,25.8,63.3,21,18.3,13.98,20.7,61.6,0,955.6,329,1.9,5.7,521,437,202,126,124,253,450,413,88,18,97
BER,2023,6,21,16,26.3,59.2,20.2,17.7,13.45,20.5,60.7,0,954.6,19,1.9,4.1,487,508,187,117,100,179,578,404,63,18,97
BER,2023,6,21,17,26.8,55,19.4,17,12.92,20.2,59.9,0,953.7,37,1.7,3.6,361,504,134,178,70,70,572,398,58,18,97
BER,2023,6,21,18,26.1,59.9,20.2,17.7,13.47,20.4,60.6,0,953.3,16,2.2,5,179,240,104,138,55,56,298,410,74,18,97
BER,2023,6,21,19,24.5,67.5,20.8,18.1,13.88,20.2,60,0,952.9,26,3.5,6.1,28,7,27,19,15,16,22,414,94,18,97
BER,2023,6,21,20,23.2,74,21,18.3,14.03,19.9,59,0,952,32,3.2,6.1,0,0,0,0,0,0,0,403,81,18,97
BER,2023,6,21,21,22.1,80.6,21.4,18.6,14.3,19.7,58.6,0,952.1,24,3.2,5.4,0,0,0,0,0,0,0,372,31,18,97
BER,2023,6,21,22,21,85.1,21.1,18.4,14.1,19.2,56.9,0,952.2,13,1.4,3.5,0,0,0,0,0,0,0,357,6,18,97
BER,2023,6,21,23,20.4,86.7,20.8,18.1,13.89,18.9,55.8,0,952.4,360,1.1,3.1,0,0,0,0,0,0,0,361,29,18,97
BER,2023,6,22,0,19.6,90.5,20.6,18,13.75,18.5,54.6,0,952.4,146,0.6,1.7,0,0,0,0,0,0,0,345,13,18,97
BER,2023,6,22,1,18.9,91,19.9,17.4,13.27,17.9,52.7,0,952.5,198,0.6,1.4,0,0,0,0,0,0,0,346,13,18,97
BER,2023,6,22,2,18.5,89.8,19.1,16.8,12.73,17.4,50.9,0,952.2,158,0.6,1.7,0,0,0,0,0,0,0,373,58,18,97
BER,2023,6,22,3,17.7,91.5,18.5,16.3,12.33,16.8,49,0,951.7,22,0.8,1.9,0,0,0,0,0,0,0,366,46,18,97
BER,2023,6,22,4,17.8,92.7,18.9,16.6,12.61,17,49.8,0,951.5,4,1.5,2.7,3,0,3,2,2,2,2,358,29,18,97
BER,2023,6,22,5,17.8,92.7,18.9,16.6,12.6,17,49.8,0,951.6,6,1,2.3,87,286,42,153,290,23,23,362,33,18,97
BER,2023,6,22,6,19.1,87.6,19.4,17,12.93,17.7,52,0,952.6,360,0.7,2.3,145,230,87,134,272,48,49,385,78,18,97
BER,2023,6,22,7,20.3,83.4,19.9,17.4,13.25,18.4,54,0,954.2,260,2.1,12.2,146,7,143,84,87,82,83,400,100,18,97
BER,2023,6,22,8,21.3,77,19.5,17.1,12.99,18.5,54.4,0,953,59,0.7,2.2,220,10,214,123,129,126,124,403,100,18,97
BER,2023,6,22,9,22.7,70.2,19.4,17,12.93,18.9,55.7,0,952.5,204,1.2,3.8,257,10,249,143,148,147,144,406,100,18,97
BER,2023,6,22,10,23.4,70.4,20.3,17.7,13.55,19.6,58,0,952.1,230,1,2.5,224,1,222,128,126,129,129,409,100,18,97
BER,2023,6,22,11,23.5,68.2,19.8,17.3,13.2,19.3,57.2,0,953.1,277,0.9,2.6,230,8,223,128,128,134,129,412,100,18,97
BER,2023,6,22,12,23.9,71.3,21.2,18.4,14.15,20.2,60.1,0,953.1,228,1.5,3.8,328,27,303,172,179,193,174,416,100,18,97
BER,2023,6,22,13,24.3,63.4,19.2,16.9,12.78,19.4,57,0,953.7,243,1.5,5.1,163,0,163,94,91,94,95,416,100,18,97
BER,2023,6,22,14,23,70.3,19.8,17.3,13.2,19.2,56.7,0.6,952.8,247,1.2,3.6,144,0,144,83,81,83,84,414,100,18,97
BER,2023,6,22,15,20.7,80.9,19.7,17.3,13.14,18.4,54.2,0.9,952.4,140,1.8,4.9,55,0,55,31,31,31,32,411,100,18,97
BER,2023,6,22,16,20.9,76.4,18.9,16.6,12.61,18.1,53,0.5,951.2,162,2,7.9,55,0,55,32,31,32,32,408,100,18,97
BER,2023,6,22,17,19.6,77.2,17.6,15.5,11.67,17,49.3,0.1,955.4,234,5.9,19.8,194,127,144,115,78,80,210,402,94,18,97
BER,2023,6,22,18,17.1,86.9,16.9,14.9,11.21,15.7,45.6,0.6,954.9,216,2.8,10.3,218,460,83,200,45,45,497,400,94,18,97
BER,2023,6,22,19,16.9,89.1,17.2,15.1,11.4,15.8,45.9,1.2,955.5,0,0.7,2,34,42,29,37,16,16,55,400,100,18,97
BER,2023,6,22,20,16.7,89.7,17.1,15,11.33,15.6,45.5,0.4,955.7,201,0.9,2.5,0,0,0,0,0,0,0,394,94,18,97
BER,2023,6,22,21,16.5,90.8,17,15,11.26,15.6,45.1,0,956.1,186,2,4.6,0,0,0,0,0,0,0,386,78,18,97
BER,2023,6,22,22,16.6,89.1,16.8,14.8,11.12,15.5,44.8,0.2,956.9,198,2,3.8,0,0,0,0,0,0,0,390,100,18,97
BER,2023,6,22,23,16.2,90.2,16.6,14.6,10.99,15.2,44.1,0.1,956.5,208,1.8,5.3,0,0,0,0,0,0,0,384,94,18,97
BER,2023,6,23,0,16.5,89.7,16.8,14.8,11.11,15.4,44.7,0.2,957.7,192,1.7,4.1,0,0,0,0,0,0,0,384,100,18,97
BER,2023,6,23,1,16.6,90.3,17,15,11.24,15.6,45.1,0.4,957.8,189,1.3,2.7,0,0,0,0,0,0,0,382,100,20,97
BER,2023,6,23,2,16.6,90.3,17,15,11.23,15.6,45.1,0.1,958.5,221,1.2,2.8,0,0,0,0,0,0,0,381,100,20,97
BER,2023,6,23,3,16.6,89.7,16.9,14.9,11.16,15.5,44.9,0,959,210,0.8,2.2,0,0,0,0,0,0,0,380,100,20,97
BER,2023,6,23,4,16.6,88.5,16.7,14.7,11.02,15.4,44.6,0,959.4,157,0.8,2.1,4,0,4,2,2,2,2,370,80,20,97
BER,2023,6,23,5,16.5,87.4,16.4,14.4,10.81,15.2,44,0,960,180,0.7,1.6,97,351,44,187,351,24,24,356,58,20,97
BER,2023,6,23,6,16.7,89.1,16.9,14.9,11.14,15.6,45,0,960.2,149,0.5,1.5,240,544,83,231,580,48,48,343,43,20,97
BER,2023,6,23,7,17.9,81.6,16.7,14.7,11.01,15.9,45.9,0,960.3,187,1,2.4,370,506,147,192,585,83,83,344,44,20,97
BER,2023,6,23,8,18.9,73.7,16.1,14.1,10.6,15.9,45.9,0,960.4,246,1.4,2.8,520,549,179,106,602,220,106,354,61,20,97
BER,2023,6,23,9,20.2,61.6,14.6,12.6,9.6,15.5,44.7,0,960.6,270,2.1,4.5,730,786,147,104,686,355,104,338,48,20,97
BER,2023,6,23,10,21.2,56.4,14.2,12.2,9.33,15.7,45,0,960.6,236,1.8,6.3,893,929,118,103,616,483,102,319,25,20,97
BER,2023,6,23,11,22.2,49.7,13.3,11.2,8.73,15.5,44.5,0,960.6,313,2.1,5.8,945,914,127,110,421,550,109,329,25,20,97
BER,2023,6,23,12,23.1,44.3,12.5,10.3,8.2,15.4,44.1,0,960.3,266,1.9,5.2,981,942,119,112,189,579,186,318,33,20,97
BER,2023,6,23,13,23.1,44.9,12.7,10.5,8.34,15.5,44.4,0,959.9,320,1.9,5.5,904,821,171,120,122,538,428,326,36,20,97
BER,2023,6,23,14,24,42.3,12.6,10.4,8.27,15.8,45.2,0,959.8,325,2.3,5.5,772,649,233,140,141,444,542,348,48,20,97
BER,2023,6,23,15,23.9,42.5,12.6,10.4,8.27,15.7,45.1,0,959.8,315,2.5,7.1,706,750,161,102,103,346,690,348,45,20,97
BER,2023,6,23,16,24,41.7,12.4,10.2,8.14,15.7,44.9,0,959.8,15,3.2,6.6,487,495,190,115,114,198,563,342,50,20,97
BER,2023,6,23,17,24.1,39.3,11.8,9.4,7.74,15.3,43.9,0,959.9,8,3.1,5.9,426,780,74,183,57,56,794,313,10,20,97
BER,2023,6,23,18,23.6,38.4,11.2,8.6,7.34,14.8,42.4,0,960.1,11,2.7,6.1,248,635,63,245,40,39,654,304,0,20,97
BER,2023,6,23,19,22.1,46.2,12.3,10,8.07,14.9,42.7,0,960.3,27,2.6,6.2,84,306,41,167,23,23,306,303,0,20,97
BER,2023,6,23,20,19.9,52.5,12.2,9.9,8,14,40.3,0,960.5,30,1.4,3.2,0,0,0,0,0,0,0,302,0,20,97
BER,2023,6,23,21,16.7,66.3,12.6,10.4,8.27,13,37.7,0,960.7,20,1.2,2.1,0,0,0,0,0,0,0,300,0,20,97
BER,2023,6,23,22,14.9,74.9,12.7,10.5,8.33,12.4,36,0,960.7,17,1.4,2.2,0,0,0,0,0,0,0,298,0,20,97
BER,2023,6,23,23,14.5,77.4,12.8,10.6,8.4,12.2,35.8,0,960.7,24,1.9,2.9,0,0,0,0,0,0,0,313,33,20,97
BER,2023,6,24,0,14,80,12.8,10.6,8.4,12,35.3,0,960.3,22,2.4,3.3,0,0,0,0,0,0,0,320,43,20,97
BER,2023,6,24,1,13.7,80.5,12.6,10.4,8.27,11.8,34.7,0,960.4,19,1.9,4.1,0,0,0,0,0,0,0,318,39,17,97
BER,2023,6,24,2,13,84.2,12.6,10.4,8.27,11.5,33.9,0,960.4,35,2,4,0,0,0,0,0,0,0,308,19,17,97
BER,2023,6,24,3,12.1,88.2,12.4,10.2,8.14,11,32.7,0,960.2,16,0.8,1.8,0,0,0,0,0,0,0,305,0,17,97
BER,2023,6,24,4,11.6,88.7,12.1,9.8,7.94,10.6,31.7,0,960.3,360,1.1,2,2,0,2,1,1,1,1,318,33,17,97
BER,2023,6,24,5,12.2,88.8,12.6,10.4,8.27,11.2,33.1,0,960.4,8,0.7,1.4,77,182,48,109,197,26,26,334,51,17,97
BER,2023,6,24,6,14.8,80.6,13.6,11.5,8.93,12.9,37.5,0,960.5,31,1.2,5.2,248,593,70,229,617,39,39,326,39,17,97
BER,2023,6,24,7,17.2,69.1,13.6,11.5,8.94,13.8,39.9,0,960.3,29,3.8,5.7,428,771,75,170,780,51,51,306,19,17,97
BER,2023,6,24,8,20.5,60.9,14.7,12.7,9.67,15.7,45.2,0,959.8,20,3.3,7.3,599,855,80,65,798,180,64,304,0,17,97
BER,2023,6,24,9,22.2,54.5,14.6,12.6,9.61,16.2,46.8,0,959.4,37,4.6,10.3,741,871,100,80,714,331,79,314,13,17,97
BER,2023,6,24,10,23.4,48.1,13.8,11.8,9.08,16.2,46.6,0,959.1,44,5.1,11.3,858,908,101,89,578,447,88,309,0,17,97
BER,2023,6,24,11,24.2,44,13.3,11.2,8.75,16.2,46.6,0,958.8,44,5.3,11.7,932,929,100,94,389,521,94,313,0,17,97
BER,2023,6,24,12,25,40.1,12.7,10.5,8.35,16.1,46.4,0,958.3,53,5.7,13,953,925,107,97,166,547,168,321,0,17,97
BER,2023,6,24,13,25.6,40.8,13.4,11.3,8.83,16.7,48.2,0,957.8,56,5.1,9.9,924,913,109,95,98,519,398,325,0,17,97
BER,2023,6,24,14,26.1,38.8,13.1,11,8.63,16.8,48.3,0,957.4,38,5.8,12.9,845,882,113,90,93,444,580,323,0,17,97
BER,2023,6,24,15,26.1,37,12.5,10.3,8.23,16.4,47.2,0,956.9,50,5.3,10.9,724,834,115,82,84,328,703,321,0,17,97
BER,2023,6,24,16,26,38.3,12.9,10.7,8.5,16.6,47.8,0,956.6,47,5.3,11.1,575,783,105,69,70,185,759,319,0,17,97
BER,2023,6,24,17,25.7,40.5,13.4,11.3,8.84,16.8,48.4,0,956.2,47,5.1,10.8,410,719,86,177,54,53,741,319,0,17,97
BER,2023,6,24,18,24.9,40.6,12.8,10.6,8.44,16.2,46.5,0,956.1,38,4.9,10.2,242,612,64,236,37,37,630,320,0,17,97
BER,2023,6,24,19,23.7,43,12.6,10.4,8.31,15.6,45,0,956.1,39,3.7,9.1,86,333,40,177,21,21,329,319,0,17,97
BER,2023,6,24,20,21.7,48.6,12.6,10.4,8.31,14.9,42.9,0,956.2,30,2.4,5.1,0,0,0,0,0,0,0,316,0,17,97
BER,2023,6,24,21,19.7,56.8,13,10.9,8.58,14.4,41.6,0,955.9,26,3.1,4.7,0,0,0,0,0,0,0,313,0,17,97
BER,2023,6,24,22,18.7,60.5,13,10.9,8.58,14.1,40.5,0,955.9,22,3.5,5,0,0,0,0,0,0,0,309,0,17,97
BER,2023,6,24,23,17.9,62.3,12.8,10.6,8.44,13.6,39.4,0,955.8,18,2.4,5.2,0,0,0,0,0,0,0,306,0,17,97
BER,2023,6,25,0,17.3,64.7,12.8,10.6,8.44,13.4,38.8,0,955.6,301,0.7,1.8,0,0,0,0,0,0,0,303,0,17,97
BER,2023,6,25,1,15.5,74.1,13,10.9,8.58,12.8,37.3,0,955.4,328,1.1,2.4,0,0,0,0,0,0,0,301,0,17,97
BER,2023,6,25,2,13.7,83.2,13,10.9,8.58,12.1,35.5,0,955.1,23,1.4,3.2,0,0,0,0,0,0,0,303,0,17,97
BER,2023,6,25,3,13.2,84.2,12.8,10.6,8.45,11.7,34.6,0,955,18,0.4,1.3,0,0,0,0,0,0,0,304,0,17,97
BER,2023,6,25,4,12.8,86.5,12.8,10.6,8.45,11.5,34.2,0,955,0,0.1,0.4,2,0,2,1,1,1,1,309,10,17,97
BER,2023,6,25,5,13.5,84.8,13.1,11,8.65,12.1,35.4,0,954.9,0,0,0.4,90,318,43,170,318,22,23,311,13,17,97
BER,2023,6,25,6,16.1,75.6,13.8,11.8,9.12,13.5,39.3,0,955,180,0.4,1.7,251,623,65,235,641,37,37,307,0,17,97
BER,2023,6,25,7,18.7,67.7,14.6,12.6,9.66,15,43.3,0,955.1,236,0.7,1.7,426,761,78,170,772,50,50,309,0,17,97
BER,2023,6,25,8,20.8,59.8,14.7,12.7,9.72,15.8,45.6,0,955,158,0.9,2.3,594,835,88,64,785,181,63,312,0,17,97
BER,2023,6,25,9,22.5,55.7,15.2,13.2,10.06,16.7,48.2,0,954.9,248,0.9,2.7,741,877,97,76,713,326,76,315,0,17,97
BER,2023,6,25,10,24.4,52.3,16,14,10.6,17.7,51.5,0,954.6,294,1.6,4.2,855,901,104,86,575,444,85,318,0,17,97
BER,2023,6,25,11,25.8,48.4,16.1,14.1,10.67,18.2,53.2,0,954.4,293,1.8,5.2,928,919,105,91,388,518,91,321,0,17,97
BER,2023,6,25,12,27.3,41.8,15.2,13.2,10.07,18.3,53.2,0,953.9,270,1.8,4,952,927,104,93,160,543,164,328,0,17,97
BER,2023,6,25,13,28.3,39.4,15.2,13.2,10.08,18.6,54.2,0,953.5,320,2,5.2,922,909,110,92,94,516,394,333,0,17,97
BER,2023,6,25,14,28.9,38.8,15.5,13.5,10.28,18.9,55.3,0,953.3,293,2.1,5.5,844,884,111,86,89,439,575,331,0,17,97
BER,2023,6,25,15,29.5,39.3,16.2,14.2,10.76,19.5,57.2,0,953,270,2,4.7,724,840,111,78,80,324,701,330,0,17,97
BER,2023,6,25,16,29.6,39.8,16.5,14.5,10.96,19.7,57.8,0,952.7,321,1.9,4.8,576,795,99,65,67,180,762,332,0,17,97
BER,2023,6,25,17,29.3,40.5,16.5,14.5,10.96,19.6,57.5,0,952.7,318,1.8,4.3,410,722,84,174,52,51,741,333,0,17,97
BER,2023,6,25,18,28.6,43.3,16.9,14.9,11.23,19.6,57.5,0,952.9,315,1.3,2.9,238,585,68,228,37,37,605,335,0,17,97
BER,2023,6,25,19,27.1,49.1,17.6,15.5,11.7,19.4,57.1,0,953.1,340,1.5,2.8,87,323,42,173,22,22,321,335,0,17,97
BER,2023,6,25,20,24.1,59.8,17.9,15.8,11.9,18.6,54.5,0,953.4,27,0.9,1.5,0,0,0,0,0,0,0,341,16,17,97
BER,2023,6,25,21,22,68.8,18.2,16,12.1,18.1,52.9,0,954,27,0.6,1.3,0,0,0,0,0,0,0,329,0,17,97
BER,2023,6,25,22,21.2,71.8,18.1,15.9,12.03,17.7,51.9,0,954.3,153,0.5,0.9,0,0,0,0,0,0,0,326,0,17,97
BER,2023,6,25,23,19.7,79.7,18.3,16.1,12.16,17.4,50.7,0,954.4,189,0.8,2.5,0,0,0,0,0,0,0,323,0,17,97
BER,2023,6,26,0,18.7,83.2,18,15.8,11.95,16.8,49.1,0,954.6,207,0.8,1.8,0,0,0,0,0,0,0,321,0,17,97
BER,2023,6,26,1,18.5,82.2,17.5,15.4,11.62,16.5,48,0,954.6,171,1.3,2.2,0,0,0,0,0,0,0,319,0,17,97
BER,2023,6,26,2,17.7,84.7,17.2,15.1,11.41,16,46.7,0,954.6,190,1.2,2.3,0,0,0,0,0,0,0,321,0,17,97
BER,2023,6,26,3,16.9,87.4,16.8,14.8,11.14,15.6,45.2,0,954.7,197,1.5,3.2,0,0,0,0,0,0,0,323,0,17,97
BER,2023,6,26,4,16.3,88.5,16.4,14.4,10.87,15.1,43.9,0,954.8,213,1.7,3.1,0,0,0,0,0,0,0,324,0,17,97
BER,2023,6,26,5,16.9,86.3,16.6,14.6,11,15.5,44.8,0,955.4,212,1.3,2.4,85,280,44,153,284,23,23,330,0,17,97
BER,2023,6,26,6,19.8,72,16.6,14.6,11,16.5,47.8,0,955.2,174,2,3.7,245,601,66,229,621,38,38,328,0,17,97
BER,2023,6,26,7,22.6,57.5,15.8,13.8,10.46,17,49.3,0,955.2,185,2.2,3.9,421,761,74,168,770,51,50,330,0,17,97
BER,2023,6,26,8,24.3,52.6,16,14,10.6,17.7,51.4,0,955.2,218,1.9,3.3,586,827,86,65,779,179,65,332,0,17,97
BER,2023,6,26,9,26.3,47.9,16.4,14.4,10.87,18.6,54.2,0,955,233,2.3,5,732,869,94,78,707,324,77,334,0,17,97
BER,2023,6,26,10,28,42,15.9,13.9,10.53,18.8,55.1,0,954.8,246,3.1,6,849,908,93,87,571,439,86,336,0,17,97
BER,2023,6,26,11,28.9,40.1,16,14,10.6,19.2,56.2,0,954.8,275,3.1,7.3,906,875,124,98,396,515,98,338,19,17,97
BER,2023,6,26,12,29.7,39.6,16.5,14.5,10.94,19.7,57.8,0,954.8,268,4.2,8.3,896,779,184,114,190,538,201,366,43,17,97
BER,2023,6,26,13,29.1,44.5,17.9,15.8,11.89,20.2,59.6,0,954.6,299,4.1,7.5,820,623,263,136,136,504,417,382,58,17,97
BER,2023,6,26,14,29.1,43.1,17.4,15.3,11.55,19.9,58.8,0,954.3,248,4,7.7,683,554,228,132,132,379,479,384,63,17,97
BER,2023,6,26,15,29.7,40.4,16.8,14.8,11.15,19.8,58.4,0,954.1,279,4.1,9,686,715,161,95,96,334,647,368,25,17,97
BER,2023,6,26,16,28.8,42.2,16.7,14.7,11.08,19.5,57.3,0,954,310,4.7,9.3,532,615,163,87,87,206,657,369,33,17,97
BER,2023,6,26,17,27.7,44.4,16.5,14.5,10.94,19.1,55.8,0,954.2,332,4.5,7.8,374,533,132,178,69,69,598,370,40,17,97
BER,2023,6,26,18,26.3,44.9,15.4,13.4,10.2,18,52.5,0,954.7,335,4.4,9.2,223,480,86,211,45,45,518,365,43,17,97
BER,2023,6,26,19,24.7,46.6,14.5,12.5,9.59,17,49.3,0,955.4,339,3.8,6.8,53,67,43,55,23,24,87,381,71,17,97
BER,2023,6,26,20,23.1,50.9,14.4,12.4,9.51,16.4,47.4,0,956.1,348,2.7,6,0,0,0,0,0,0,0,371,64,17,97
BER,2023,6,26,21,21.7,56.2,14.6,12.6,9.64,16.1,46.3,0,956.6,13,2.2,4.4,0,0,0,0,0,0,0,362,60,17,97
BER,2023,6,26,22,20.1,61.2,14.4,12.4,9.51,15.4,44.3,0,956.7,23,1.5,4.2,0,0,0,0,0,0,0,357,53,17,97
BER,2023,6,26,23,20.1,60,14.1,12.1,9.3,15.2,43.8,0,956.7,7,1.7,3.8,0,0,0,0,0,0,0,369,71,17,97
BER,2023,6,27,0,19.1,61,13.5,11.4,8.9,14.5,41.8,0,956.7,16,2,4.3,0,0,0,0,0,0,0,355,68,17,97
BER,2023,6,27,1,18.4,62.4,13.2,11.1,8.7,14,40.6,0,956.8,27,1.9,3.5,0,0,0,0,0,0,0,347,61,18,97
BER,2023,6,27,2,17.7,63.5,12.9,10.7,8.5,13.6,39.3,0,956.8,18,1.9,3.6,0,0,0,0,0,0,0,353,68,18,97
BER,2023,6,27,3,17.2,67.8,13.3,11.2,8.77,13.6,39.5,0,956.7,15,1.6,3,0,0,0,0,0,0,0,364,81,18,97
BER,2023,6,27,4,17.1,70.5,13.7,11.7,9.03,13.9,40.1,0,956.9,18,1.6,2.8,0,0,0,0,0,0,0,360,81,18,97
BER,2023,6,27,5,17.5,65.6,13.1,11,8.63,13.6,39.5,0,956.9,20,1.2,2.2,31,5,30,19,21,17,17,375,100,18,97
BER,2023,6,27,6,18.1,62,12.9,10.7,8.5,13.7,39.7,0,957,7,1.7,3.4,101,24,92,61,76,53,53,375,100,18,97
BER,2023,6,27,7,18.8,58.9,12.8,10.6,8.43,13.9,40.3,0,957,27,2.4,4.5,307,243,194,164,356,103,104,365,81,18,97
BER,2023,6,27,8,19.8,56.5,13,10.9,8.57,14.5,41.6,0,956.9,30,2.5,4.6,519,558,175,97,608,215,97,359,65,18,97
BER,2023,6,27,9,20.7,52,12.7,10.5,8.37,14.6,42.1,0,956.7,30,2.3,4.8,699,739,156,94,667,342,94,346,43,18,97
BER,2023,6,27,10,21.4,51.5,13.1,11,8.64,15.1,43.5,0,956.4,20,2.4,5.5,809,767,171,105,566,452,105,357,56,18,97
BER,2023,6,27,11,22.3,49.4,13.3,11.2,8.77,15.5,44.7,0,956.2,13,2,6.9,765,486,332,170,419,479,171,382,94,18,97
BER,2023,6,27,12,23.2,44.6,12.7,10.5,8.38,15.5,44.6,0,955.7,18,2.2,5.8,746,404,377,193,250,476,281,385,94,18,97
BER,2023,6,27,13,24,39.5,11.8,9.4,7.78,15.3,43.9,0,955.3,315,2,5.4,807,587,284,148,148,501,428,378,81,18,97
BER,2023,6,27,14,24.6,34.9,10.8,8.1,7.12,14.9,42.9,0,954.9,344,2.5,5.5,769,653,228,123,124,445,548,377,75,18,97
BER,2023,6,27,15,24.4,35.3,10.8,8.1,7.12,14.8,42.7,0,954.6,308,2.2,4.8,615,478,263,135,134,337,546,379,81,18,97
BER,2023,6,27,16,24.6,37.1,11.5,9,7.59,15.3,44.1,0,954.4,335,3,6,450,337,250,130,128,217,468,381,94,18,97
BER,2023,6,27,17,24.3,35.6,10.8,8.1,7.12,14.8,42.6,0,954.1,320,2.8,6,396,651,103,181,60,60,692,352,44,18,97
BER,2023,6,27,18,23.6,35.3,10.3,7.4,6.79,14.2,41,0,954.1,328,3.6,5.8,231,535,75,218,42,42,564,352,45,18,97
BER,2023,6,27,19,21.9,32.1,8.4,4.5,5.52,12.4,36.1,0,954.4,338,3.4,5.9,87,320,41,171,22,22,319,337,16,18,97
BER,2023,6,27,20,19.6,38.5,8.8,5.1,5.79,11.7,34.4,0,954.9,14,1.8,4.2,0,0,0,0,0,0,0,335,33,18,97
BER,2023,6,27,21,17.8,47.2,9.6,6.4,6.31,11.6,33.9,0,955.4,21,1,2.9,0,0,0,0,0,0,0,329,25,18,97
BER,2023,6,27,22,15.9,55.8,10.1,7.1,6.64,11.1,32.8,0,955.6,72,0.4,1.1,0,0,0,0,0,0,0,327,25,18,97
BER,2023,6,27,23,14.6,61.5,10.2,7.3,6.71,10.6,31.6,0,955.4,27,0.2,1.1,0,0,0,0,0,0,0,336,38,18,97
BER,2023,6,28,0,13.9,65.7,10.4,7.6,6.85,10.5,31.3,0,955.1,135,0.2,0.9,0,0,0,0,0,0,0,334,33,18,97
BER,2023,6,28,1,12.8,71.6,10.6,7.8,6.98,10.1,30.5,0,955.1,0,0.1,0.3,0,0,0,0,0,0,0,324,25,18,97
BER,2023,6,28,2,12.7,71.6,10.5,7.7,6.92,10,30.2,0,954.9,0,0.1,0.8,0,0,0,0,0,0,0,325,25,18,97
BER,2023,6,28,3,12,74.9,10.5,7.7,6.92,9.7,29.5,0,954.7,18,0.3,1.2,0,0,0,0,0,0,0,336,46,18,97
BER,2023,6,28,4,11.4,77.4,10.4,7.6,6.85,9.4,28.7,0,954.4,34,0.4,1.3,0,0,0,0,0,0,0,342,51,18,97
BER,2023,6,28,5,11.7,78.6,10.8,8.1,7.12,9.7,29.7,0,954.3,90,0.2,0.8,55,54,46,51,77,26,26,366,94,18,97
BER,2023,6,28,6,13.7,74.7,11.7,9.3,7.72,11.2,33.3,0,954.4,270,0.1,0.3,173,182,121,133,249,66,66,359,71,18,97
BER,2023,6,28,7,15.6,67,11.9,9.5,7.85,12.1,35.5,0,954.7,315,0.2,0.9,216,77,183,124,181,103,103,370,94,18,97
BER,2023,6,28,8,17.4,63,12.5,10.3,8.25,13.2,38.4,0,954.8,12,1.5,3.6,338,114,266,147,258,185,148,373,100,18,97
BER,2023,6,28,9,19.5,54.9,12.4,10.2,8.19,14,40.4,0,954.7,27,2.9,6,494,230,329,176,387,279,177,377,88,18,97
BER,2023,6,28,10,20.4,50.9,12.2,9.9,8.05,14.2,41,0,954.5,50,2.8,6.6,610,292,367,193,405,369,193,381,94,18,97
BER,2023,6,28,11,22.2,43.8,11.7,9.3,7.72,14.6,42,0,954.3,61,2.9,6.9,879,806,158,111,390,512,111,353,35,18,97
BER,2023,6,28,12,23.5,40.2,11.6,9.2,7.66,15,43.1,0,954.1,38,3.4,6.8,936,910,104,98,166,541,166,336,0,18,97
BER,2023,6,28,13,24.5,37.1,11.4,8.9,7.52,15.2,43.8,0,953.7,16,3.4,7.4,905,888,113,97,100,515,392,347,13,18,97
BER,2023,6,28,14,25.4,37.6,12.2,9.9,8.06,16,46.1,0,953.4,2,3.6,7.5,820,831,132,96,98,441,570,351,23,18,97
BER,2023,6,28,15,26,34.8,11.7,9.3,7.73,15.9,45.9,0,953.3,13,3.2,8,718,841,104,81,83,324,699,334,0,18,97
BER,2023,6,28,16,25.7,36.4,12,9.7,7.93,16,46.1,0,952.8,37,3,6.1,573,802,92,67,69,180,765,331,0,18,97
BER,2023,6,28,17,25.4,37.1,12,9.7,7.93,15.9,45.8,0,952.7,34,3.1,6.2,406,717,83,172,54,54,737,329,0,18,97
BER,2023,6,28,18,24.8,39.8,12.4,10.2,8.2,15.9,45.8,0,952.8,40,3.7,7.8,235,566,69,223,39,39,591,328,0,18,97
BER,2023,6,28,19,23.4,44.1,12.7,10.5,8.4,15.6,44.9,0,952.8,39,2.9,5.3,84,305,41,164,22,22,305,327,0,18,97
BER,2023,6,28,20,21.5,50.2,12.9,10.7,8.53,15,43.3,0,953.1,29,2.5,4.3,0,0,0,0,0,0,0,325,0,18,97
BER,2023,6,28,21,19.4,59.4,13.4,11.3,8.87,14.5,42,0,953.2,24,1.8,3.4,0,0,0,0,0,0,0,336,29,18,97
BER,2023,6,28,22,18.5,62.5,13.3,11.2,8.8,14.1,40.9,0,953.3,24,2.2,3.7,0,0,0,0,0,0,0,321,0,18,97
BER,2023,6,28,23,17.8,64.8,13.2,11.1,8.74,13.8,40,0,953,23,2.1,3.5,0,0,0,0,0,0,0,325,13,18,97
BER,2023,6,29,0,16.4,70.8,13.2,11.1,8.74,13.3,38.6,0,952.8,5,1.5,2.6,0,0,0,0,0,0,0,348,48,18,97
BER,2023,6,29,1,15.6,75.1,13.3,11.2,8.81,13,38,0,952.7,24,1.1,2.8,0,0,0,0,0,0,0,363,84,18,97
BER,2023,6,29,2,14.5,80,13.2,11.1,8.74,12.5,36.7,0,952.5,27,0.5,1.1,0,0,0,0,0,0,0,348,25,18,97
BER,2023,6,29,3,14,82.1,13.1,11,8.67,12.3,36,0,952.4,27,0.4,1,0,0,0,0,0,0,0,334,0,18,97
BER,2023,6,29,4,13.8,83.2,13.1,11,8.67,12.2,35.8,0,952.4,180,0.2,0.5,0,0,0,0,0,0,0,338,0,18,97
BER,2023,6,29,5,14.3,82.2,13.4,11.3,8.88,12.5,36.8,0,952.5,214,0.4,0.9,75,196,44,113,208,24,24,354,36,18,97
BER,2023,6,29,6,15.6,79.1,14,12,9.28,13.5,39.2,0,952.4,214,0.5,1,236,543,78,224,576,43,43,348,13,18,97
BER,2023,6,29,7,18.4,68,14.4,12.4,9.55,14.7,42.7,0,952.4,225,0.7,1.9,407,708,85,169,730,55,55,328,0,18,97
BER,2023,6,29,8,20.8,57.5,14.1,12.1,9.35,15.5,44.7,0,952.4,229,1.3,3.7,578,818,85,67,775,180,67,331,0,18,97
BER,2023,6,29,9,22.4,52.8,14.3,12.3,9.48,16.1,46.6,0,952.2,261,1,2.7,716,832,107,82,696,327,82,334,0,18,97
BER,2023,6,29,10,24.6,47.5,14.7,12.7,9.76,17.1,49.6,0,951.9,225,1.6,4.8,816,820,136,97,566,444,96,338,0,18,97
BER,2023,6,29,11,25.7,43,14.2,12.2,9.42,17.2,49.9,0,951.6,266,2,4.7,794,593,267,148,414,483,148,370,54,18,97
BER,2023,6,29,12,26.5,42.1,14.6,12.6,9.69,17.7,51.4,0,951.3,256,1.9,5,601,219,401,214,275,376,236,399,88,18,97
BER,2023,6,29,13,26.6,41.3,14.4,12.4,9.57,17.6,51.2,0,950.7,240,1.6,3.6,196,7,190,109,106,114,114,404,100,18,97
BER,2023,6,29,14,27.6,39.8,14.7,12.7,9.77,18.1,52.7,0,950.4,274,2.1,6,598,321,329,179,176,357,393,393,81,18,97
BER,2023,6,29,15,27.5,39.2,14.4,12.4,9.57,17.9,52.1,0,949.9,239,1.5,4.7,423,137,320,177,173,244,299,399,94,18,97
BER,2023,6,29,16,27.3,41.8,15.2,13.2,10.12,18.3,53.3,0,949.6,315,2,4.1,172,8,167,96,93,98,104,402,100,18,97
BER,2023,6,29,17,25,51.4,16.3,14.3,10.86,18.1,52.8,0,950.1,144,3.8,9.3,103,0,103,59,58,59,60,401,100,18,97
BER,2023,6,29,18,22.1,67.9,18.1,15.9,12.08,18,52.9,0,950.3,164,5.4,9.6,77,12,74,47,41,43,55,401,100,18,97
BER,2023,6,29,19,19.7,83.4,19.1,16.8,12.74,17.8,52.1,0.6,951.4,220,2.2,6.7,15,7,15,12,8,8,15,399,100,18,97
BER,2023,6,29,20,18.9,88.2,19.2,16.9,12.82,17.6,51.5,6.5,950.8,153,3.7,9,0,0,0,0,0,0,0,397,100,18,97
BER,2023,6,29,21,18.8,87.1,18.9,16.6,12.61,17.4,50.9,0,951.4,176,2.8,6,0,0,0,0,0,0,0,394,100,18,97
BER,2023,6,29,22,18.7,86.5,18.7,16.4,12.48,17.2,50.4,0,951,178,2.4,5.1,0,0,0,0,0,0,0,392,100,18,97
BER,2023,6,29,23,18.4,84.8,17.9,15.8,11.94,16.7,48.8,0,950.6,184,1.7,3.4,0,0,0,0,0,0,0,390,100,18,97
BER,2023,6,30,0,18.1,84.8,17.6,15.5,11.74,16.4,48,0,950,174,2.2,3.8,0,0,0,0,0,0,0,387,100,18,97
BER,2023,6,30,1,17.8,84.8,17.3,15.2,11.54,16.1,47.1,0,949.7,183,1.9,3.6,0,0,0,0,0,0,0,386,100,18,97
BER,2023,6,30,2,17.7,85.3,17.3,15.2,11.54,16.1,47,0,949.9,172,2.2,4.3,0,0,0,0,0,0,0,386,100,18,97
BER,2023,6,30,3,17.7,88.6,17.9,15.8,11.95,16.5,48.1,0,949.7,180,1.4,3.4,0,0,0,0,0,0,0,386,100,18,97
BER,2023,6,30,4,17.6,88.1,17.7,15.6,11.81,16.3,47.6,0,950.1,245,2,5.5,0,0,0,0,0,0,0,386,100,18,97
BER,2023,6,30,5,17.2,86.9,17,15,11.33,15.8,46,0,950.3,235,2.1,7.1,30,23,28,28,36,16,16,386,100,18,97
BER,2023,6,30,6,17,86.9,16.8,14.8,11.19,15.6,45.4,0.1,950.4,194,0.9,2.3,54,1,54,32,31,31,32,386,100,18,97
BER,2023,6,30,7,17.7,84.2,17.1,15,11.4,16,46.7,0.1,950.4,200,1.2,3.1,142,23,132,81,97,75,76,383,94,18,97
BER,2023,6,30,8,18.1,82.6,17.2,15.1,11.47,16.2,47.3,0,950.3,222,1.6,3.3,135,0,135,78,76,78,78,387,100,18,97
BER,2023,6,30,9,18.9,79.1,17.3,15.2,11.53,16.5,48.3,0,950.3,227,2.3,4.5,257,10,250,144,149,148,145,387,100,18,97
BER,2023,6,30,10,19.9,75.3,17.5,15.4,11.67,17,49.6,0,949.9,270,2.7,8.3,457,156,330,181,301,272,182,385,94,18,97
BER,2023,6,30,11,17.5,85.3,17.1,15,11.4,15.9,46.5,0.8,950.5,289,2,7.3,349,9,341,197,196,203,198,389,100,18,97
BER,2023,6,30,12,18.5,80.6,17.2,15.1,11.47,16.3,47.7,0.2,950.3,270,0.7,2.7,285,2,283,164,160,165,165,390,100,18,97
BER,2023,6,30,13,18.5,85.4,18.2,16,12.14,16.9,49.4,0.8,950.7,288,2.1,6.7,203,0,203,117,114,117,118,390,100,18,97
BER,2023,6,30,14,18.3,86.5,18.2,16,12.15,16.8,49.2,0.1,950.3,216,1.3,2.4,271,5,268,155,150,157,159,389,100,18,97
BER,2023,6,30,15,18.7,82.7,17.8,15.7,11.87,16.8,48.9,0.4,950.5,254,2.2,5.1,163,0,163,94,92,94,95,387,100,18,97
BER,2023,6,30,16,17.6,86.9,17.5,15.4,11.67,16.2,47.3,0.4,950.6,229,2.1,5.4,128,0,128,74,72,74,75,386,100,18,97
BER,2023,6,30,17,17.3,87.5,17.3,15.2,11.53,16,46.6,0.1,950.7,231,2.2,5.9,92,0,92,54,52,53,54,385,100,18,97
BER,2023,6,30,18,16.7,86.3,16.4,14.4,10.92,15.3,44.4,0,950.9,234,2.4,5.6,99,27,90,61,50,52,80,384,100,18,97
BER,2023,6,30,19,16.4,86.8,16.2,14.2,10.78,15,43.8,0,951.1,219,1.5,3.7,50,50,43,48,24,25,72,382,100,18,97
BER,2023,6,30,20,16.2,85.1,15.7,13.7,10.43,14.7,42.7,0,951.6,210,0.9,2.1,0,0,0,0,0,0,0,380,100,18,97
BER,2023,6,30,21,16.3,83.5,15.5,13.5,10.3,14.6,42.4,0,951.8,202,1.1,1.9,0,0,0,0,0,0,0,378,100,18,97
BER,2023,6,30,22,16.2,83.5,15.4,13.4,10.23,14.5,42.2,0,951.7,209,1,1.7,0,0,0,0,0,0,0,376,100,18,97
BER,2023,6,30,23,16.1,84.6,15.5,13.5,10.3,14.5,42.3,0,951.4,184,1.6,2.6,0,0,0,0,0,0,0,374,100,18,97
BER,2023,7,1,0,16.1,82.4,15.1,13.1,10.03,14.3,41.6,0,951.1,180,1.7,3.6,0,0,0,0,0,0,0,372,100,18,97
BER,2023,7,1,1,16,83.5,15.2,13.2,10.1,14.3,41.7,0,950.9,192,1.6,3.7,0,0,0,0,0,0,0,371,100,18,97
BER,2023,7,1,2,15.9,85.1,15.4,13.4,10.24,14.4,41.9,0,950.6,195,1.2,2.1,0,0,0,0,0,0,0,371,100,18,97
BER,2023,7,1,3,15.7,84.5,15.1,13.1,10.04,14.1,41.2,0,950.4,194,0.9,1.4,0,0,0,0,0,0,0,370,100,18,97
BER,2023,7,1,4,15.6,83.4,14.8,12.8,9.84,13.9,40.6,0,950.2,203,0.7,2,0,0,0,0,0,0,0,370,100,18,97
BER,2023,7,1,5,15.7,84.5,15.1,13.1,10.05,14.1,41.2,0,949.9,207,0.7,1.3,40,49,31,39,64,17,17,365,90,18,97
BER,2023,7,1,6,16,80.8,14.7,12.7,9.78,14,40.8,0,950,225,1.1,3.3,223,470,86,202,510,45,45,337,45,18,97
BER,2023,7,1,7,17.2,68.2,13.4,11.3,8.9,13.7,39.8,0,949.9,234,2.4,4.7,423,771,75,170,782,51,51,327,0,18,97
BER,2023,7,1,8,18.4,58.8,12.4,10.2,8.23,13.6,39.4,0,949.8,251,3,6.7,602,862,85,66,812,185,66,329,13,18,97
BER,2023,7,1,9,19.1,57.4,12.7,10.5,8.43,14,40.6,0,949.4,247,2.4,6.2,686,714,166,97,658,336,97,346,50,18,97
BER,2023,7,1,10,21.2,51.1,12.9,10.7,8.57,14.9,43.1,0,948.9,243,3.8,9.7,769,680,208,119,547,434,119,358,63,18,97
BER,2023,7,1,11,21.7,48.9,12.7,10.5,8.44,15,43.3,0,948.7,249,4.1,9.5,542,121,434,238,304,328,240,381,100,18,97
BER,2023,7,1,12,21.5,47.6,12.2,9.9,8.11,14.6,42.2,0,948.4,244,4.4,8.3,434,60,380,213,232,258,216,384,100,18,97
BER,2023,7,1,13,20.3,50.5,12,9.7,7.97,14.1,40.6,0,948.4,246,4.5,9.6,158,0,158,91,88,91,91,386,100,18,97
BER,2023,7,1,14,20.9,52.8,13,10.9,8.65,14.9,43,0,948.2,229,4.7,9.8,254,24,234,133,129,148,152,386,100,18,97
BER,2023,7,1,15,21.4,52.9,13.5,11.4,8.99,15.3,44.4,0,947.9,239,5.1,10.5,306,75,248,137,134,177,204,386,100,18,97
BER,2023,7,1,16,21.3,55,13.9,11.9,9.26,15.5,44.9,0,947.8,233,4.9,10.6,208,6,204,117,114,119,124,386,100,18,97
BER,2023,7,1,17,21,58.7,14.6,12.6,9.73,15.8,45.8,0,947.9,236,4.1,9.9,191,46,169,106,93,95,144,386,100,18,97
BER,2023,7,1,18,19.9,64.9,15.1,13.1,10.06,15.7,45.6,0,948.4,236,4.2,10.5,64,5,63,38,35,36,41,386,100,18,97
BER,2023,7,1,19,19.3,69.6,15.6,13.6,10.4,15.7,45.8,0,948.6,236,3.2,9.2,17,3,17,11,9,10,13,385,100,18,97
BER,2023,7,1,20,18.9,70.9,15.5,13.5,10.33,15.5,45.2,0,949.1,230,2.4,7.1,0,0,0,0,0,0,0,369,71,18,97
BER,2023,7,1,21,18.3,76.5,16.1,14.1,10.73,15.7,45.6,0.2,949.8,224,3.4,8.1,0,0,0,0,0,0,0,379,94,18,97
BER,2023,7,1,22,16.9,89.1,17.2,15.1,11.47,15.8,46,0.1,950,210,1.7,6.7,0,0,0,0,0,0,0,381,100,18,97
BER,2023,7,1,23,17.2,87.5,17.2,15.1,11.47,15.9,46.3,0,949.9,184,1.4,2.8,0,0,0,0,0,0,0,380,100,18,97
BER,2023,7,2,0,17.4,85.8,17.1,15,11.4,15.9,46.4,0,949.7,180,1.1,2.1,0,0,0,0,0,0,0,378,100,18,97
BER,2023,7,2,1,17.5,82.6,16.5,14.5,11,15.6,45.5,0,949.8,212,1.6,3.4,0,0,0,0,0,0,0,377,100,18,97
BER,2023,7,2,2,17.6,80.5,16.2,14.2,10.79,15.5,45,0,950,227,1.8,4.5,0,0,0,0,0,0,0,377,100,18,97
BER,2023,7,2,3,17.4,80.4,16,14,10.65,15.3,44.5,0,950.2,239,2.5,5.4,0,0,0,0,0,0,0,377,100,18,97
BER,2023,7,2,4,17.1,80.9,15.8,13.8,10.51,15.1,43.8,0,950.6,237,2.5,6.6,0,0,0,0,0,0,0,377,100,18,97
BER,2023,7,2,5,16.7,80.3,15.3,13.3,10.17,14.6,42.5,0,950.8,222,1.3,4.7,27,4,27,17,18,15,15,377,100,18,97
BER,2023,7,2,6,17.1,77.8,15.2,13.2,10.1,14.7,42.8,0,951,225,1.1,2.7,90,5,88,53,54,51,51,377,100,18,97
BER,2023,7,2,7,17.7,75.9,15.4,13.4,10.23,15,43.7,0,951.4,240,2,4.4,230,86,189,126,194,106,106,377,100,18,97
BER,2023,7,2,8,18.6,72.7,15.6,13.6,10.37,15.5,45,0,951.4,235,3,6.3,414,245,266,142,387,214,142,380,88,18,97
BER,2023,7,2,9,19.9,66.6,15.5,13.5,10.3,15.9,46.2,0,951.3,244,3.8,8.2,509,395,222,128,442,265,128,375,75,18,97
BER,2023,7,2,10,20,65.7,15.4,13.4,10.24,15.9,46.1,0,951.2,250,2.9,7.7,495,233,302,166,326,295,167,373,75,18,97
BER,2023,7,2,11,20.8,62.2,15.3,13.3,10.17,16.1,46.7,0,951.1,255,2.5,5.2,290,41,253,143,162,173,144,383,81,18,97
BER,2023,7,2,12,22.8,56.8,15.8,13.8,10.51,17.1,49.7,0,950.8,277,3,7.5,845,652,250,146,214,522,236,363,53,18,97
BER,2023,7,2,13,23.3,53.4,15.3,13.3,10.17,17,49.3,0,950.9,268,3.6,8.6,336,30,309,177,172,199,193,386,94,18,97
BER,2023,7,2,14,22.5,57.5,15.7,13.7,10.44,16.9,49.2,0,951,276,4.3,10.3,430,202,262,146,143,254,285,381,81,18,97
BER,2023,7,2,15,21.6,60.8,15.7,13.7,10.44,16.6,48.3,0,951.1,255,4,9.3,414,233,253,147,144,215,340,378,84,18,97
BER,2023,7,2,16,22.5,54.6,14.9,12.9,9.9,16.5,47.8,0,950.9,264,3.2,7.9,523,628,134,87,87,200,632,363,64,18,97
BER,2023,7,2,17,23.1,49,13.8,11.8,9.16,16.1,46.5,0,950.9,250,3.8,8.7,375,559,130,184,73,73,623,353,58,18,97
BER,2023,7,2,18,23.1,50.3,14.2,12.2,9.43,16.3,47.2,0,950.8,241,2.4,5.3,238,586,68,227,40,39,611,335,33,18,97
BER,2023,7,2,19,21.7,51.2,13.3,11.2,8.82,15.3,44.2,0,951,288,2.3,5.3,89,362,39,189,21,21,357,341,33,18,97
BER,2023,7,2,20,19.9,56.9,13.2,11.1,8.75,14.6,42.2,0,951.6,287,1.1,2.3,0,0,0,0,0,0,0,347,46,18,97
BER,2023,7,2,21,19.4,58.7,13.2,11.1,8.74,14.4,41.7,0,952.1,214,0.7,2.3,0,0,0,0,0,0,0,365,94,18,97
BER,2023,7,2,22,18.8,60.5,13.1,11,8.67,14.1,40.9,0,952.4,225,1,2.8,0,0,0,0,0,0,0,344,44,18,97
BER,2023,7,2,23,18.5,59.6,12.7,10.5,8.41,13.8,39.9,0,952.3,229,1.3,4.1,0,0,0,0,0,0,0,347,54,18,97
BER,2023,7,3,0,18.2,62.4,13,10.9,8.61,13.9,40.1,0,952.2,198,1.1,3,0,0,0,0,0,0,0,354,71,18,97
BER,2023,7,3,1,18,65.3,13.5,11.4,8.95,14.1,40.8,0,952.1,217,1,2.3,0,0,0,0,0,0,0,359,75,18,97
BER,2023,7,3,2,17.6,67,13.5,11.4,8.95,13.9,40.4,0,952,228,1.2,2.9,0,0,0,0,0,0,0,364,100,18,97
BER,2023,7,3,3,17.4,66.5,13.2,11.1,8.74,13.7,39.6,0,952.1,211,1.1,2.2,0,0,0,0,0,0,0,368,90,18,97
BER,2023,7,3,4,17.6,63.5,12.8,10.6,8.48,13.5,39.2,0,952.2,204,1.2,2.6,0,0,0,0,0,0,0,369,100,18,97
BER,2023,7,3,5,17.3,67.4,13.3,11.2,8.81,13.7,39.7,0,952.3,221,1.1,1.9,34,7,33,22,25,19,19,370,100,18,97
BER,2023,7,3,6,17.7,66.1,13.4,11.3,8.87,13.9,40.3,0,952.6,232,1.2,2.6,129,49,114,82,113,65,66,370,100,18,97
BER,2023,7,3,7,18.3,62.8,13.2,11.1,8.74,14,40.6,0,952.8,234,1.9,3.3,280,188,194,151,300,106,106,364,81,18,97
BER,2023,7,3,8,19.7,58.7,13.5,11.4,8.94,14.7,42.5,0,952.7,246,1.9,4.8,483,453,206,116,530,214,117,348,58,18,97
BER,2023,7,3,9,20.4,54.8,13.1,11,8.67,14.7,42.5,0,952.8,247,2.7,6.9,467,191,332,182,356,264,183,358,71,18,97
BER,2023,7,3,10,21.4,49.5,12.6,10.4,8.34,14.8,42.7,0,952.8,234,3,7.7,745,609,235,137,501,432,137,350,50,18,97
BER,2023,7,3,11,22.1,48,12.8,10.6,8.47,15.2,43.8,0,952.6,259,3,7.5,855,728,208,127,423,516,127,345,48,18,97
BER,2023,7,3,12,23,47,13.2,11.1,8.74,15.7,45.4,0,952.5,273,4,9.3,936,884,129,107,184,556,174,346,35,18,97
BER,2023,7,3,13,23.5,47.5,13.7,11.7,9.08,16.2,46.7,0,952.2,292,3.6,8,935,960,80,96,99,527,385,343,25,18,97
BER,2023,7,3,14,24.4,45,13.7,11.7,9.08,16.5,47.7,0,952.2,287,4.1,8.5,826,835,131,100,102,452,562,346,29,18,97
BER,2023,7,3,15,24.7,43.6,13.6,11.5,9.01,16.5,47.8,0,952.2,287,4.6,9.3,709,797,128,89,91,338,688,343,33,18,97
BER,2023,7,3,16,24.2,44.9,13.6,11.5,9.01,16.4,47.3,0,952,285,4.3,9.1,581,830,83,67,69,183,783,324,6,18,97
BER,2023,7,3,17,23.6,45.4,13.2,11.1,8.74,16,46,0,952.1,273,4.1,8.2,416,774,67,164,52,51,780,321,0,18,97
BER,2023,7,3,18,23.3,43.8,12.5,10.3,8.28,15.5,44.5,0,951.9,275,3.4,8.4,240,622,60,229,37,37,638,322,0,18,97
BER,2023,7,3,19,22.2,47.8,12.8,10.6,8.48,15.2,43.9,0,952,281,2.2,5.4,83,316,38,165,21,21,314,322,0,18,97
BER,2023,7,3,20,20.3,55.8,13.3,11.2,8.81,14.8,42.8,0,952.8,254,0.9,2.3,0,0,0,0,0,0,0,328,13,18,97
BER,2023,7,3,21,18.9,62.1,13.6,11.5,9,14.4,41.8,0,953.2,194,0.5,2.6,0,0,0,0,0,0,0,356,53,18,97
BER,2023,7,3,22,18.5,65.4,13.9,11.9,9.2,14.5,41.9,0,953.2,173,0.8,1.5,0,0,0,0,0,0,0,336,23,18,97
BER,2023,7,3,23,17.3,70.6,13.9,11.9,9.21,14.1,40.7,0,953.1,180,0.7,1.7,0,0,0,0,0,0,0,327,6,18,97
BER,2023,7,4,0,16.9,73.3,14.1,12.1,9.34,14,40.6,0,953.2,162,1.3,2.7,0,0,0,0,0,0,0,344,44,18,97
BER,2023,7,4,1,17,76.3,14.8,12.8,9.81,14.4,41.9,0,953.2,191,0.6,1.4,0,0,0,0,0,0,0,365,94,19,97
BER,2023,7,4,2,17.7,71.6,14.5,12.5,9.61,14.5,42.1,0,953.1,174,1,1.7,0,0,0,0,0,0,0,368,94,19,97
BER,2023,7,4,3,17.8,70.7,14.4,12.4,9.54,14.5,42.1,0,953.1,194,0.9,2.2,0,0,0,0,0,0,0,365,88,19,97
BER,2023,7,4,4,17.2,73.4,14.4,12.4,9.54,14.3,41.5,0,953.2,167,0.9,1.8,0,0,0,0,0,0,0,344,45,19,97
BER,2023,7,4,5,16.9,76.3,14.7,12.7,9.74,14.3,41.7,0,953.2,173,0.8,1.6,79,292,37,153,292,21,21,339,23,19,97
BER,2023,7,4,6,18.2,72.6,15.2,13.2,10.08,15.1,43.8,0,953.3,164,0.9,2,244,642,60,239,660,37,37,332,25,19,97
BER,2023,7,4,7,19.8,64.9,15,13,9.94,15.6,45.1,0,953.3,212,1.1,2.5,409,728,83,172,752,56,56,335,29,19,97
BER,2023,7,4,8,21,57.5,14.3,12.3,9.48,15.6,45.2,0,953,220,1.2,4.2,576,809,92,71,777,189,71,341,33,19,97
BER,2023,7,4,9,22.4,52.5,14.2,12.2,9.41,16.1,46.5,0,952.8,235,2,4.8,659,633,202,114,631,342,114,361,53,19,97
BER,2023,7,4,10,22.5,52.5,14.3,12.3,9.48,16.2,46.7,0,952.8,306,2.4,4.8,759,648,222,134,527,438,134,366,61,19,97
BER,2023,7,4,11,23.6,46.6,13.6,11.5,9.01,16.2,46.7,0,952.6,273,2.6,5.9,702,428,324,189,379,424,190,375,68,19,97
BER,2023,7,4,12,24.5,45.3,13.9,11.9,9.21,16.7,48.1,0,952.2,246,2.9,6.4,799,552,296,162,245,509,236,368,57,19,97
BER,2023,7,4,13,24.9,44.5,14,12,9.29,16.9,48.7,0,951.6,288,2.3,8.5,876,767,192,126,128,528,413,360,36,19,97
BER,2023,7,4,14,25.9,41.4,13.8,11.8,9.16,17.1,49.4,0,951.1,289,2.6,7.4,647,494,231,149,148,367,410,364,50,19,97
BER,2023,7,4,15,25.8,41.9,13.9,11.9,9.23,17.1,49.5,0,950.5,280,3.2,7.4,493,288,278,160,157,274,387,365,55,19,97
BER,2023,7,4,16,26.2,41.5,14.1,12.1,9.37,17.3,50.2,0,950.2,276,2.8,7,567,752,110,80,81,200,731,355,40,19,97
BER,2023,7,4,17,26,41.4,13.9,11.9,9.24,17.2,49.7,0,950,277,2.2,6.2,398,673,97,175,61,60,710,355,35,19,97
BER,2023,7,4,18,25.4,42.4,13.7,11.7,9.1,16.9,48.7,0,950.1,270,2.3,5.3,202,379,83,160,49,49,420,356,48,19,97
BER,2023,7,4,19,24.3,47.1,14.3,12.3,9.5,16.8,48.6,0,950.5,296,2.6,5.7,44,55,38,48,21,22,72,364,61,19,97
BER,2023,7,4,20,21.4,57.2,14.6,12.6,9.7,15.9,46.2,0,950.9,315,1,3.5,0,0,0,0,0,0,0,332,13,19,97
BER,2023,7,4,21,18.8,68.1,14.8,12.8,9.83,15.1,43.8,0,950.9,45,0.3,1,0,0,0,0,0,0,0,323,0,19,97
BER,2023,7,4,22,17.8,71.1,14.5,12.5,9.63,14.6,42.3,0,950.8,90,0.3,0.8,0,0,0,0,0,0,0,321,0,19,97
BER,2023,7,4,23,17.1,74.8,14.6,12.6,9.7,14.4,41.8,0,950.6,180,0.7,2,0,0,0,0,0,0,0,323,6,19,97
BER,2023,7,5,0,16.3,79.8,14.8,12.8,9.84,14.2,41.3,0,950.5,225,0.8,2,0,0,0,0,0,0,0,353,73,19,97
BER,2023,7,5,1,16.7,83,15.8,13.8,10.51,14.9,43.4,0.3,950.9,180,1.7,4.2,0,0,0,0,0,0,0,366,90,20,97
BER,2023,7,5,2,16.5,86.8,16.3,14.3,10.84,15.1,44,0.3,951.4,191,1.3,3.3,0,0,0,0,0,0,0,360,81,20,97
BER,2023,7,5,3,16.7,88,16.7,14.7,11.12,15.4,44.9,0.1,951,188,0.8,1.7,0,0,0,0,0,0,0,368,94,20,97
BER,2023,7,5,4,16.8,88,16.8,14.8,11.18,15.5,45.2,0,951.4,171,1.9,4.8,0,0,0,0,0,0,0,362,78,20,97
BER,2023,7,5,5,17,86.9,16.8,14.8,11.18,15.6,45.4,0,951.7,184,1.4,2.9,23,16,21,19,27,12,12,366,78,20,97
BER,2023,7,5,6,18.7,78.6,16.9,14.9,11.25,16.3,47.3,0,951.6,187,1.9,4.3,101,86,80,80,131,46,46,362,65,20,97
BER,2023,7,5,7,17.8,83.7,17.1,15,11.37,16,46.7,2.8,952.8,225,2.8,7.8,132,36,116,77,104,67,67,377,100,20,97
BER,2023,7,5,8,16.9,89.7,17.3,15.2,11.5,15.8,46.1,1.7,953.2,249,2.7,7.3,203,14,195,114,124,118,114,378,94,20,97
BER,2023,7,5,9,17.5,86.9,17.4,15.3,11.56,16.1,46.9,0.1,953.5,215,2.2,4.1,208,5,205,120,122,122,121,380,100,20,97
BER,2023,7,5,10,17.7,86.4,17.5,15.4,11.63,16.2,47.3,1.1,953.7,216,1.8,3.8,253,8,246,144,147,148,145,381,100,20,97
BER,2023,7,5,11,17.7,83.7,16.9,14.9,11.22,15.9,46.2,0,954.1,209,2.6,4.8,190,1,190,112,109,112,112,383,100,20,97
BER,2023,7,5,12,17.9,81.6,16.7,14.7,11.08,15.9,46.1,0.2,954.1,208,2.5,5,357,66,297,169,165,219,199,380,94,20,97
BER,2023,7,5,13,19.1,74.2,16.4,14.4,10.88,16.1,46.8,0,953.9,215,2.9,7.3,410,61,356,204,199,249,242,384,100,20,97
BER,2023,7,5,14,20,69.7,16.3,14.3,10.81,16.4,47.6,0,953.8,215,3.3,6.6,388,116,292,163,160,237,254,379,94,20,97
BER,2023,7,5,15,19.7,71,16.3,14.3,10.81,16.3,47.2,0,953.9,209,4.2,8,267,40,237,136,133,158,173,382,100,20,97
BER,2023,7,5,16,20.4,62.5,15,13,9.94,15.8,45.8,0,953.6,204,3.8,8.4,452,384,231,131,129,206,500,366,75,20,97
BER,2023,7,5,17,21,56.8,14.1,12.1,9.34,15.5,44.8,0,953.5,205,3,6,410,726,84,171,59,58,752,349,38,20,97
BER,2023,7,5,18,21.1,57.5,14.4,12.4,9.54,15.7,45.5,0,953.3,214,2.5,5.4,234,565,71,221,42,42,594,347,36,20,97
BER,2023,7,5,19,20.1,54.3,12.8,10.6,8.46,14.4,41.7,0,953.5,250,1.2,5,80,287,38,150,21,21,290,345,45,20,97
BER,2023,7,5,20,17.3,70.6,13.9,11.9,9.2,14.1,40.7,0,954,90,0.3,1.2,0,0,0,0,0,0,0,350,61,20,97
BER,2023,7,5,21,16.4,79.8,14.9,12.9,9.86,14.3,41.5,0,954.4,135,0.4,1.2,0,0,0,0,0,0,0,370,100,20,97
BER,2023,7,5,22,16.9,76.8,14.8,12.8,9.8,14.4,41.8,0,954.5,153,0.6,1.7,0,0,0,0,0,0,0,367,100,20,97
BER,2023,7,5,23,16.2,81.3,15,13,9.93,14.3,41.4,0,954.7,180,0.8,2.2,0,0,0,0,0,0,0,360,94,20,97
BER,2023,7,6,0,16.3,83.5,15.5,13.5,10.27,14.6,42.4,0,954.3,180,0.7,1.8,0,0,0,0,0,0,0,353,88,20,97
BER,2023,7,6,1,16.2,86.8,16,14,10.6,14.8,43.1,0.2,954.7,204,1.3,2.5,0,0,0,0,0,0,0,359,100,19,97
BER,2023,7,6,2,15.7,89,15.9,13.9,10.54,14.6,42.4,0.1,954.3,159,1.8,3.9,0,0,0,0,0,0,0,353,94,19,97
BER,2023,7,6,3,15.1,89,15.3,13.3,10.14,14,40.8,0,953.9,171,1.3,2.3,0,0,0,0,0,0,0,355,94,19,97
BER,2023,7,6,4,14.7,90.1,15.1,13.1,10.01,13.7,40.1,0,953.8,153,0.8,3,0,0,0,0,0,0,0,335,61,19,97
BER,2023,7,6,5,14.2,92.5,15,13,9.94,13.5,39.4,0,953.9,14,0.5,1.2,47,52,38,45,71,22,22,342,68,19,97
BER,2023,7,6,6,15.4,86.7,15.2,13.2,10.07,14.1,41,0,954,27,0.9,2,181,237,110,141,300,60,60,340,64,19,97
BER,2023,7,6,7,16.8,79.3,15.2,13.2,10.07,14.6,42.4,0,954.2,23,1.4,2.4,407,734,80,170,757,54,54,317,20,19,97
BER,2023,7,6,8,18.5,68.5,14.6,12.6,9.66,14.9,43.1,0,954.3,7,1.1,3,580,836,83,68,794,184,67,305,0,19,97
BER,2023,7,6,9,20.2,59.2,14,12,9.26,15.2,43.8,0,954.3,7,1.3,3.6,730,887,87,81,727,332,81,307,0,19,97
BER,2023,7,6,10,21.5,52.2,13.4,11.3,8.86,15.3,44.1,0,954,63,1.4,3.7,851,926,86,91,588,452,91,309,0,19,97
BER,2023,7,6,11,23.1,48,13.6,11.5,9,16,46.1,0,954,324,2.2,5.5,921,928,97,99,401,531,99,311,6,19,97
BER,2023,7,6,12,23.7,45.1,13.2,11.1,8.73,16,46.1,0,953.8,290,1.7,4.1,942,893,129,110,182,564,181,331,29,19,97
BER,2023,7,6,13,24.9,44.2,13.9,11.9,9.2,16.8,48.5,0,953.4,287,2.3,8.1,912,864,144,113,116,538,402,337,45,19,97
BER,2023,7,6,14,25.1,37.8,12,9.7,7.93,15.8,45.5,0,953.1,262,2.6,6.7,817,805,151,105,107,458,565,344,44,19,97
BER,2023,7,6,15,25.9,37.7,12.6,10.4,8.33,16.4,47.3,0,952.9,283,2.3,7.1,726,860,101,84,86,339,712,329,19,19,97
BER,2023,7,6,16,25.3,39.6,12.8,10.6,8.47,16.3,47,0,952.7,298,2.3,6.7,605,840,103,73,75,208,812,340,39,19,97
BER,2023,7,6,17,24.7,40.3,12.5,10.3,8.27,15.9,45.9,0,952.8,319,2.3,4.3,417,720,94,175,59,58,752,347,41,19,97
BER,2023,7,6,18,24.5,42.4,13,10.9,8.6,16.2,46.5,0,953.1,328,2,3.6,244,650,56,233,36,36,664,316,0,19,97
BER,2023,7,6,19,23.3,46.2,13.2,11.1,8.73,15.8,45.7,0,953.3,351,1.5,2.5,84,352,35,178,20,20,346,315,0,19,97
BER,2023,7,6,20,20.8,56,13.7,11.7,9.06,15.3,43.9,0,953.8,55,1.4,3.1,0,0,0,0,0,0,0,311,0,19,97
BER,2023,7,6,21,19.5,64.4,14.6,12.6,9.66,15.3,44.1,0,954.2,117,0.8,2.8,0,0,0,0,0,0,0,308,0,19,97
BER,2023,7,6,22,18.9,69,15.1,13.1,10,15.3,44.4,0,954.3,97,0.9,2.6,0,0,0,0,0,0,0,304,0,19,97
BER,2023,7,6,23,18.2,73.1,15.3,13.3,10.13,15.2,44,0,954.6,138,1.3,2.3,0,0,0,0,0,0,0,300,0,19,97
BER,2023,7,7,0,17.9,72.1,14.8,12.8,9.79,14.8,42.8,0,954.7,140,1.8,4.3,0,0,0,0,0,0,0,297,0,19,97
BER,2023,7,7,1,16.3,80.3,14.9,12.9,9.86,14.2,41.3,0,954.8,146,1.5,2.9,0,0,0,0,0,0,0,295,0,17,97
BER,2023,7,7,2,16.1,79.7,14.6,12.6,9.66,14,40.6,0,954.8,143,1.6,3.2,0,0,0,0,0,0,0,331,46,17,97
BER,2023,7,7,3,15.4,82.3,14.4,12.4,9.52,13.6,39.6,0,955.1,150,1.4,2.8,0,0,0,0,0,0,0,310,19,17,97
BER,2023,7,7,4,15.3,81.7,14.2,12.2,9.39,13.4,39.1,0,955.1,131,0.9,2,0,0,0,0,0,0,0,311,13,17,97
BER,2023,7,7,5,14.6,86.1,14.3,12.3,9.45,13.2,38.6,0,955.4,63,0.5,1.3,57,118,39,73,133,21,21,330,55,17,97
BER,2023,7,7,6,17,76.8,14.9,12.9,9.85,14.5,42,0,955.7,129,0.7,1.9,211,442,92,201,485,48,48,337,54,17,97
BER,2023,7,7,7,19.2,64.7,14.4,12.4,9.51,15,43.4,0,956,146,0.6,2.3,394,660,95,155,688,59,59,330,39,17,97
BER,2023,7,7,8,21,62.2,15.5,13.5,10.25,16.3,47.2,0,956,354,1.1,2.6,588,867,74,62,810,178,62,303,0,17,97
BER,2023,7,7,9,23,54.7,15.4,13.4,10.19,16.9,49,0,955.8,352,1.8,4.4,738,907,81,75,731,328,75,306,6,17,97
BER,2023,7,7,10,25,48.8,15.5,13.5,10.26,17.7,51.3,0,955.6,340,1.8,3.8,853,927,89,86,586,450,85,310,0,17,97
BER,2023,7,7,11,26.5,43.8,15.2,13.2,10.06,18,52.3,0,955.4,8,2.3,4.5,933,963,78,90,390,525,90,320,0,17,97
BER,2023,7,7,12,28.3,32.8,12.6,10.4,8.32,17.2,49.7,0,955,360,2.2,5.3,953,951,89,94,162,554,155,333,13,17,97
BER,2023,7,7,13,29.5,28.8,11.9,9.5,7.85,17.2,49.7,0,954.4,345,1.9,4.9,912,896,117,96,99,530,393,345,23,17,97
BER,2023,7,7,14,30.3,28.1,12.1,9.8,7.99,17.6,50.9,0,954.1,346,2.4,5.4,842,890,106,88,90,453,572,339,0,17,97
BER,2023,7,7,15,30.4,26.4,11.5,9,7.59,17.3,50,0,953.7,341,2.3,5.8,728,851,110,81,83,340,709,356,36,17,97
BER,2023,7,7,16,30,28,11.9,9.5,7.86,17.3,50.3,0,953.4,338,1.9,4.1,538,651,152,84,84,209,682,372,56,17,97
BER,2023,7,7,17,29.7,30,12.5,10.3,8.27,17.6,51,0,953.2,351,2,5.3,350,436,148,158,78,78,513,392,78,17,97
BER,2023,7,7,18,29.1,32.6,13.1,11,8.67,17.7,51.4,0,953.3,5,1.2,2.7,121,48,105,75,58,59,109,404,100,17,97
BER,2023,7,7,19,28.3,38.4,14.8,12.8,9.81,18.4,53.5,0,953.4,79,0.8,1.9,48,82,39,62,22,22,97,403,100,17,97
BER,2023,7,7,20,25.4,44.4,14.4,12.4,9.54,17.2,49.9,0,953.2,120,0.8,2,0,0,0,0,0,0,0,399,94,17,97
BER,2023,7,7,21,23.9,50.8,15.1,13.1,10.01,17.1,49.5,0,953.5,157,0.8,2.1,0,0,0,0,0,0,0,394,100,17,97
BER,2023,7,7,22,23.3,53.7,15.4,13.4,10.21,17,49.4,0,953.8,166,1.3,3.8,0,0,0,0,0,0,0,386,100,17,97
BER,2023,7,7,23,21.9,61.2,16.1,14.1,10.68,16.9,49.2,0,954.1,158,1.1,3.4,0,0,0,0,0,0,0,378,88,17,97
BER,2023,7,8,0,21.5,61.1,15.7,13.7,10.41,16.6,48.1,0,953.7,110,2.2,4.6,0,0,0,0,0,0,0,370,78,17,97
BER,2023,7,8,1,20.1,71.1,16.7,14.7,11.09,16.7,48.4,0,953.5,143,1.5,3,0,0,0,0,0,0,0,376,94,17,97
BER,2023,7,8,2,19.1,76.6,16.9,14.9,11.21,16.4,47.6,0,954.3,360,1.1,3.6,0,0,0,0,0,0,0,378,94,17,97
BER,2023,7,8,3,19.6,72.4,16.5,14.5,10.94,16.4,47.5,0,954.5,17,1.6,4.4,0,0,0,0,0,0,0,383,94,17,97
BER,2023,7,8,4,18.4,83.2,17.6,15.5,11.67,16.5,48.1,1.5,955.6,29,3.2,7.4,0,0,0,0,0,0,0,385,100,17,97
BER,2023,7,8,5,17.8,90.4,18.4,16.2,12.18,16.8,48.8,6.3,957.7,14,2.2,6.3,4,0,4,2,2,2,2,387,100,17,97
BER,2023,7,8,6,17.6,91.5,18.4,16.2,12.18,16.7,48.6,4.7,958.1,157,1.2,4.1,70,96,46,60,120,25,25,389,100,17,97
BER,2023,7,8,7,17.8,91.5,18.6,16.4,12.31,16.9,49.1,1.9,958.3,165,1.4,3.6,145,12,140,82,90,80,80,392,100,17,97
BER,2023,7,8,8,18.6,88.1,18.9,16.6,12.52,17.3,50.5,0.2,957.7,153,1.3,3.5,166,6,162,93,96,94,93,396,100,17,97
BER,2023,7,8,9,19.2,82.8,18.4,16.2,12.19,17.3,50.2,0,957.6,188,1.5,3.4,192,2,191,109,108,110,110,400,100,17,97
BER,2023,7,8,10,21,75.5,18.8,16.5,12.46,18,52.8,0,957.1,131,1.3,3.2,527,169,386,207,332,317,208,400,100,17,97
BER,2023,7,8,11,23.2,64.3,18.3,16.1,12.13,18.5,54.2,0,956.8,156,2.2,4.7,753,602,216,133,336,448,133,391,71,17,97
BER,2023,7,8,12,24.9,57.7,18.2,16,12.07,19,55.8,0,956.3,99,1.5,4.3,915,875,120,97,175,543,157,375,29,17,97
BER,2023,7,8,13,26.3,59.2,20.2,17.7,13.43,20.5,60.7,0,955.9,13,1.7,3.8,902,904,99,91,93,518,376,365,0,17,97
BER,2023,7,8,14,28,50.9,19.3,16.9,12.82,20.5,60.9,0,955.8,360,1.8,4.7,828,879,101,85,88,445,559,361,0,17,97
BER,2023,7,8,15,28.8,42,16.6,14.6,10.99,19.5,57.1,0,955.8,252,3.3,7.9,712,842,99,77,78,330,690,358,0,17,97
BER,2023,7,8,16,28.7,47.4,18.6,16.4,12.35,20.4,60.4,0,955.5,267,2.3,5.8,565,789,93,65,66,189,753,355,0,17,97
BER,2023,7,8,17,28.7,47.4,18.6,16.4,12.35,20.4,60.4,0,955.5,288,1.1,3,401,718,79,156,51,50,735,363,10,17,97
BER,2023,7,8,18,28.1,47.2,18,15.8,11.94,19.9,58.8,0,955.6,284,1.3,3,225,542,70,206,39,39,568,384,45,17,97
BER,2023,7,8,19,26.1,55.2,18.6,16.4,12.34,19.6,57.7,0,955.8,243,0.4,1,80,320,36,162,19,19,318,356,6,17,97
BER,2023,7,8,20,22.4,72,19.5,17.1,12.95,18.9,55.4,0,956.3,22,0.7,1.4,0,0,0,0,0,0,0,362,0,17,97
BER,2023,7,8,21,21,76.9,19.1,16.8,12.67,18.2,53.3,0,957,18,0.6,1.5,0,0,0,0,0,0,0,357,0,17,97
BER,2023,7,8,22,19.8,83.4,19.2,16.9,12.73,17.9,52.2,0,957.1,90,0.6,1.3,0,0,0,0,0,0,0,352,0,17,97
BER,2023,7,8,23,19.8,81.8,18.9,16.6,12.53,17.7,51.7,0,957,162,0.3,1,0,0,0,0,0,0,0,346,0,17,97
BER,2023,7,9,0,19,85.4,18.8,16.5,12.46,17.4,50.7,0,957.2,45,0.4,1.2,0,0,0,0,0,0,0,345,13,17,97
BER,2023,7,9,1,18.5,87,18.5,16.3,12.26,17.1,49.7,0,957.4,27,0.5,1.7,0,0,0,0,0,0,0,323,0,17,97
BER,2023,7,9,2,18,87.5,18.1,15.9,11.99,16.6,48.5,0,957.4,166,0.5,1.5,0,0,0,0,0,0,0,335,13,17,97
BER,2023,7,9,3,17.6,88.6,17.8,15.7,11.78,16.4,47.5,0,957.6,189,0.7,1.8,0,0,0,0,0,0,0,355,49,17,97
BER,2023,7,9,4,17.1,89.7,17.5,15.4,11.57,16,46.5,0,958,202,0.6,1.5,0,0,0,0,0,0,0,346,23,17,97
BER,2023,7,9,5,17,89.7,17.4,15.3,11.51,15.9,46.2,0,958,360,0.2,0.9,72,277,35,142,276,19,19,340,6,17,97
BER,2023,7,9,6,19.6,78.7,17.9,15.8,11.84,17.1,49.8,0,957.9,167,1,2.5,227,588,62,219,608,35,35,340,19,17,97
BER,2023,7,9,7,22.2,61.7,16.5,14.5,10.9,17.3,50,0,957.8,148,1.7,2.9,399,738,74,159,753,48,48,334,0,17,97
BER,2023,7,9,8,24.3,51.3,15.6,13.6,10.3,17.5,50.7,0,957.9,198,0.9,2.3,566,819,83,62,775,178,61,336,0,17,97
BER,2023,7,9,9,25.8,54,17.9,15.8,11.85,19.2,56.1,0,957.8,349,1,4.1,715,872,87,73,710,323,73,339,0,17,97
BER,2023,7,9,10,27.7,51.8,19.3,16.9,12.8,20.4,60.5,0,957.5,343,1.4,4.3,833,909,87,82,573,440,82,349,0,17,97
BER,2023,7,9,11,29.5,45.2,18.6,16.4,12.33,20.7,61.2,0,957.2,12,2.2,6.2,904,915,94,89,388,517,89,361,16,17,97
BER,2023,7,9,12,31.2,36.1,16.4,14.4,10.85,20.1,59.1,0,956.9,357,2.5,5.2,928,915,97,91,161,545,153,375,0,17,97
BER,2023,7,9,13,32.5,31.2,15.3,13.3,10.11,19.9,58.6,0,956.4,9,2.2,4.9,897,887,109,91,94,520,378,382,0,17,97
BER,2023,7,9,14,33.1,28.1,14.2,12.2,9.38,19.5,57.3,0,955.9,20,1.8,4.5,825,863,112,87,89,448,561,392,44,17,97
BER,2023,7,9,15,30.9,37.2,16.6,14.6,10.99,20.1,59.2,0,955.9,24,1.1,2.3,128,10,120,68,66,73,77,421,100,17,97
BER,2023,7,9,16,28.6,52.4,20.5,17.9,13.63,21.3,63.6,0,955.8,309,1,3.9,305,199,192,102,100,149,302,421,88,17,97
BER,2023,7,9,17,31,35.3,15.9,13.9,10.52,19.8,58.1,0,955.8,18,1.1,3,183,51,158,99,85,88,142,421,100,17,97
BER,2023,7,9,18,30.5,38.1,16.6,14.6,10.99,20,58.8,0,956,360,0.9,2.6,121,57,102,76,56,57,116,417,94,17,97
BER,2023,7,9,19,29.1,46.9,18.9,16.6,12.55,20.7,61.3,0,955.9,180,0.7,1.7,32,18,29,24,16,16,33,419,100,17,97
BER,2023,7,9,20,26.3,59.2,20.3,17.7,13.49,20.5,60.8,0,956.4,180,0.9,1.6,0,0,0,0,0,0,0,415,100,17,97
BER,2023,7,9,21,24.7,66.7,20.8,18.1,13.82,20.2,60,0,957,194,0.9,1.8,0,0,0,0,0,0,0,410,100,17,97
BER,2023,7,9,22,23.6,69.1,20.1,17.6,13.34,19.6,57.7,0,957.2,166,0.8,3.6,0,0,0,0,0,0,0,392,78,17,97
BER,2023,7,9,23,22.8,69.8,19.4,17,12.87,18.9,55.7,0,957.3,184,1.5,3.8,0,0,0,0,0,0,0,353,19,17,97
BER,2023,7,10,0,22.2,71.5,19.1,16.8,12.66,18.6,54.5,0,957.2,184,1.6,3.1,0,0,0,0,0,0,0,360,41,17,97
BER,2023,7,10,1,21.1,76.9,19.3,16.9,12.8,18.3,53.7,0,957.4,202,1.1,2.6,0,0,0,0,0,0,0,372,63,18,97
BER,2023,7,10,2,20.3,81.3,19.4,17,12.86,18.1,53.1,0,957.7,186,0.9,2.3,0,0,0,0,0,0,0,363,39,18,97
BER,2023,7,10,3,20.2,79.3,18.8,16.5,12.45,17.8,51.9,0,957.8,196,1.6,3.7,0,0,0,0,0,0,0,359,34,18,97
BER,2023,7,10,4,19.9,80.3,18.6,16.4,12.31,17.6,51.3,0,958.2,205,1.5,3.5,0,0,0,0,0,0,0,388,90,18,97
BER,2023,7,10,5,19.6,81.3,18.5,16.3,12.24,17.4,50.8,0,958.6,0,0.5,1.5,71,234,38,124,241,20,20,382,60,18,97
BER,2023,7,10,6,19.8,80.8,18.6,16.4,12.3,17.6,51.1,0,959.5,180,0.9,1.8,225,588,63,221,610,36,36,371,33,18,97
BER,2023,7,10,7,21.4,74.1,18.9,16.6,12.5,18.2,53.3,0,959.5,45,1,2.7,313,381,139,142,453,77,77,385,58,18,97
BER,2023,7,10,8,22.3,73.3,19.7,17.3,13.03,19,55.6,0,959.8,355,1.8,5.7,515,633,150,87,668,194,87,391,65,18,97
BER,2023,7,10,9,22.5,79.6,21.7,18.8,14.39,20,59.2,0.4,959.5,6,1.2,3.4,713,833,114,82,710,338,82,384,46,18,97
BER,2023,7,10,10,25.2,69.4,22.2,19.2,14.73,21.1,62.9,0,959.4,18,2.2,4,802,819,130,93,565,446,93,365,13,18,97
BER,2023,7,10,11,27.2,61.3,22.1,19.1,14.67,21.6,64.8,0,959.1,18,2.4,4.5,884,867,118,96,395,521,96,359,0,18,97
BER,2023,7,10,12,28.2,56,21.4,18.6,14.21,21.6,64.6,0,958.4,28,2,4.3,919,901,102,96,169,548,157,360,0,18,97
BER,2023,7,10,13,29.4,52.9,21.7,18.8,14.42,22,66.4,0,957.8,6,1.8,4.8,905,926,84,92,94,521,371,360,0,18,97
BER,2023,7,10,14,30.3,52.2,22.5,19.4,14.97,22.7,68.8,0,957.5,315,1.7,4.6,824,878,101,88,91,449,562,360,0,18,97
BER,2023,7,10,15,30.5,48.8,21.3,18.5,14.16,22.2,66.9,0,957.2,304,2.2,5.8,717,871,84,76,79,332,700,359,0,18,97
BER,2023,7,10,16,30.5,50.3,22,19,14.64,22.5,68.1,0,956.6,300,2,4.9,570,821,80,64,66,188,771,358,0,18,97
BER,2023,7,10,17,30.2,50.2,21.6,18.7,14.37,22.2,67.1,0,956.5,328,1.8,3.7,403,739,73,152,51,50,752,357,0,18,97
BER,2023,7,10,18,29.6,50.1,20.7,18.1,13.76,21.7,64.9,0,956.3,332,1.6,3.3,230,587,62,212,36,36,608,356,0,18,97
BER,2023,7,10,19,28.3,58.2,22.4,19.3,14.92,22,66.6,0,956.4,22,1.6,3.3,74,258,36,132,20,20,262,355,0,18,97
BER,2023,7,10,20,26.2,68.3,23.2,19.9,15.46,21.8,65.8,0,956.5,22,2.4,4.1,0,0,0,0,0,0,0,353,0,18,97
BER,2023,7,10,21,25.1,72,22.9,19.7,15.26,21.3,64.1,0,956.5,34,2.9,4.5,0,0,0,0,0,0,0,351,0,18,97
BER,2023,7,10,22,24.2,73.2,22.1,19.1,14.71,20.7,61.8,0,956.5,29,2.2,5.1,0,0,0,0,0,0,0,349,0,18,97
BER,2023,7,10,23,22.6,80.1,22,19,14.64,20.1,60,0,956.5,39,1.6,3.7,0,0,0,0,0,0,0,347,0,18,97
BER,2023,7,11,0,21.3,85.7,21.7,18.8,14.44,19.6,58.1,0,956.2,22,0.7,1.3,0,0,0,0,0,0,0,345,0,18,97
BER,2023,7,11,1,20.8,86.7,21.3,18.5,14.18,19.2,56.9,0,955.9,153,0.4,1.8,0,0,0,0,0,0,0,343,0,18,97
BER,2023,7,11,2,19.7,90.5,20.8,18.1,13.84,18.6,54.9,0,955.4,14,0.5,1.1,0,0,0,0,0,0,0,343,0,18,97
BER,2023,7,11,3,19.3,91.6,20.5,17.9,13.64,18.4,54,0,955,14,0.8,1.7,0,0,0,0,0,0,0,343,0,18,97
BER,2023,7,11,4,19.5,91.6,20.8,18.1,13.85,18.6,54.7,0,955,180,0.2,1.2,0,0,0,0,0,0,0,343,0,18,97
BER,2023,7,11,5,19.7,91.1,20.9,18.2,13.92,18.7,55.1,0,955,214,0.8,2.1,69,273,34,141,272,19,19,343,0,18,97
BER,2023,7,11,6,21.4,84.6,21.6,18.7,14.39,19.6,58.1,0,955,203,1,2,223,590,60,217,610,35,35,343,0,18,97
BER,2023,7,11,7,23.8,73.1,21.6,18.7,14.4,20.3,60.6,0,954.8,215,1.3,2.8,396,742,72,158,757,50,50,351,6,18,97
BER,2023,7,11,8,25.5,64.8,21.1,18.4,14.06,20.6,61.5,0,954.5,246,1.2,2.8,568,828,81,65,787,183,64,356,6,18,97
BER,2023,7,11,9,27.5,54.8,20.1,17.6,13.39,20.8,61.8,0,954,249,1.7,4.5,713,870,88,78,715,330,77,345,0,18,97
BER,2023,7,11,10,29,51.5,20.6,18,13.74,21.4,64.3,0,953.4,265,1.6,4.2,830,898,94,88,580,450,88,354,0,18,97
BER,2023,7,11,11,30.3,49.6,21.4,18.6,14.29,22.2,67,0,952.8,297,1.2,4,902,907,101,95,397,529,95,367,0,18,97
BER,2023,7,11,12,32.5,44.9,22,19,14.71,23,70.4,0,952,252,2.2,5.6,928,910,103,98,171,557,160,383,0,18,97
BER,2023,7,11,13,33.7,38.7,20.3,17.7,13.56,22.6,68.7,0,951.3,252,3.2,8.1,900,893,109,97,99,532,384,391,0,18,97
BER,2023,7,11,14,34.5,36.3,19.9,17.4,13.3,22.6,68.8,0,950.5,258,2.8,8,830,889,97,89,91,455,565,384,0,18,97
BER,2023,7,11,15,34.6,34.3,18.9,16.6,12.63,22.2,67.2,0,949.7,257,1.7,4.8,714,857,92,79,81,337,699,377,0,18,97
BER,2023,7,11,16,35,31.7,17.8,15.7,11.89,21.9,65.7,0,948.9,307,1.2,3.5,561,785,94,68,69,196,753,382,20,18,97
BER,2023,7,11,17,34.5,33.4,18.3,16.1,12.25,21.9,66.1,0,947.3,0,1.6,4.6,218,97,174,119,94,96,199,420,94,18,97
BER,2023,7,11,18,32,40,19,16.7,12.73,21.6,64.8,0.1,947.6,4,2.1,8.7,93,38,84,62,46,48,86,423,100,18,97
BER,2023,7,11,19,23.6,64.4,18.8,16.5,12.54,18.9,55.7,0.7,951.1,202,4.2,20.1,33,36,30,35,17,17,50,421,100,18,97
BER,2023,7,11,20,21.6,76.1,19.6,17.2,13.06,18.7,54.9,1.7,953.3,201,3.1,13,0,0,0,0,0,0,0,417,100,18,97
BER,2023,7,11,21,21.1,78.4,19.6,17.2,13.07,18.5,54.4,0.4,952.3,159,3.2,7.8,0,0,0,0,0,0,0,413,100,18,97
BER,2023,7,11,22,20.9,78.4,19.4,17,12.93,18.3,53.9,1.5,952.7,173,2.8,7.6,0,0,0,0,0,0,0,409,100,18,97
BER,2023,7,11,23,20.1,83.9,19.8,17.3,13.22,18.2,53.8,0.6,951.1,148,4.1,10.8,0,0,0,0,0,0,0,405,100,18,97
BER,2023,7,12,0,20.4,80.8,19.4,17,12.94,18.2,53.4,0,951.9,172,2.6,8.6,0,0,0,0,0,0,0,401,100,18,97
BER,2023,7,12,1,19.6,86,19.6,17.2,13.08,18,52.9,0,951.4,80,1.5,3,0,0,0,0,0,0,0,399,100,18,97
BER,2023,7,12,2,20.2,80.8,19.1,16.8,12.76,18,52.7,0,950.4,162,2.2,4.9,0,0,0,0,0,0,0,399,100,18,97
BER,2023,7,12,3,20,82.9,19.4,17,12.95,18,53,0,951.5,186,1.8,4.3,0,0,0,0,0,0,0,399,100,18,97
BER,2023,7,12,4,19.9,89.9,20.9,18.2,13.95,18.8,55.4,6.6,952.6,178,2.8,8.9,0,0,0,0,0,0,0,399,100,18,97
BER,2023,7,12,5,19.7,91.1,20.9,18.2,13.96,18.7,55.2,2.7,952.1,172,1.4,4.2,25,6,24,16,19,14,14,399,100,18,97
BER,2023,7,12,6,20,91.7,21.4,18.6,14.31,19.1,56.4,0.2,951.7,333,0.9,2.5,129,157,77,86,199,44,44,396,94,18,97
BER,2023,7,12,7,21,85.6,21.3,18.5,14.24,19.3,57.3,0.1,951.6,193,1.2,3,349,539,122,169,600,67,67,382,58,18,97
BER,2023,7,12,8,21.9,81.6,21.4,18.6,14.3,19.7,58.4,0,952.3,177,2.2,4.5,321,108,258,143,251,174,144,394,81,18,97
BER,2023,7,12,9,22.5,79.1,21.5,18.7,14.37,19.9,59.2,0,952.4,203,1.6,3.3,344,82,287,160,234,198,161,402,94,18,97
BER,2023,7,12,10,23.6,74,21.6,18.7,14.44,20.3,60.5,0,952.3,225,1.6,3.5,312,81,246,135,196,187,136,407,100,18,97
BER,2023,7,12,11,24,71.4,21.3,18.5,14.23,20.2,60.4,0,952.1,263,1,3.3,249,3,246,141,139,143,142,409,100,18,97
BER,2023,7,12,12,24.5,69.3,21.3,18.5,14.24,20.4,60.9,0,951.9,207,2.1,5.5,213,11,202,116,117,124,116,412,94,18,97
BER,2023,7,12,13,24.6,71.5,22.1,19.1,14.79,20.8,62.4,0,951.4,180,1.7,4.6,494,152,359,195,190,307,279,403,88,18,97
BER,2023,7,12,14,23.1,76.8,21.7,18.8,14.52,20.2,60.2,2.2,951.1,180,1.8,9.3,307,39,275,155,151,181,186,409,100,18,97
BER,2023,7,12,15,21.6,83.6,21.6,18.7,14.45,19.6,58.4,0,951.5,159,2,4.4,202,1,201,116,113,116,117,407,100,18,97
BER,2023,7,12,16,21.9,83.1,21.8,18.9,14.59,19.9,59.1,0,951.4,156,1,2.5,122,2,120,69,67,70,72,404,100,18,97
BER,2023,7,12,17,21.4,90,22.9,19.7,15.34,20.2,60.5,1.8,951.3,90,0.9,3,47,0,47,27,26,27,27,401,100,18,97
BER,2023,7,12,18,21.1,91.7,22.9,19.7,15.34,20.1,60.2,0,951.5,90,0.5,1.3,11,0,11,7,6,7,7,399,100,18,97
BER,2023,7,12,19,21,89.5,22.3,19.2,14.93,19.8,59,0.8,951.6,15,1.3,3.3,11,0,11,6,6,6,6,396,100,18,97
BER,2023,7,12,20,19.5,88.8,20.1,17.6,13.41,18.2,53.6,1.6,952.6,17,1.5,5.3,0,0,0,0,0,0,0,394,100,18,97
BER,2023,7,12,21,18.9,89.3,19.5,17.1,12.99,17.7,51.9,0,953.2,142,1.3,2.8,0,0,0,0,0,0,0,392,100,18,97
BER,2023,7,12,22,18.9,88.2,19.3,16.9,12.84,17.6,51.6,0,953.9,163,1.8,3.8,0,0,0,0,0,0,0,387,94,18,97
BER,2023,7,12,23,18.8,87.1,18.9,16.6,12.58,17.4,50.8,0,953.6,164,1.5,3.3,0,0,0,0,0,0,0,387,100,18,97
BER,2023,7,13,0,18.5,87.6,18.6,16.4,12.37,17.1,50,1.4,953.7,155,2.2,4.5,0,0,0,0,0,0,0,385,100,18,97
BER,2023,7,13,1,17.9,91.5,18.8,16.5,12.5,17,49.7,6.2,954.1,17,1.7,3.8,0,0,0,0,0,0,0,381,94,18,97
BER,2023,7,13,2,17.5,92.7,18.5,16.3,12.3,16.7,48.8,3.8,953.7,21,1,2.4,0,0,0,0,0,0,0,384,100,18,97
BER,2023,7,13,3,17.1,93.2,18.2,16,12.1,16.4,47.8,0,953.7,21,1.7,3.6,0,0,0,0,0,0,0,383,100,18,97
BER,2023,7,13,4,17.1,92.6,18.1,15.9,12.03,16.3,47.7,0.4,953.6,27,1.3,3.1,0,0,0,0,0,0,0,383,100,18,97
BER,2023,7,13,5,17,92.6,18,15.8,11.96,16.2,47.4,0.4,954.3,23,1.4,2.2,37,50,31,40,64,17,17,383,100,18,97
BER,2023,7,13,6,16.9,93.2,17.9,15.8,11.88,16.2,47.1,1.9,954.7,21,1,1.8,90,26,83,56,72,47,48,383,100,18,97
BER,2023,7,13,7,17.3,92.1,18.2,16,12.08,16.5,48,0.2,955.1,24,1.3,2.1,200,82,166,113,176,92,93,383,100,18,97
BER,2023,7,13,8,17.9,89.2,18.3,16.1,12.15,16.7,48.8,0,955.5,37,1.1,2,199,6,195,112,115,114,113,384,100,18,97
BER,2023,7,13,9,18.9,78.6,17.2,15.1,11.4,16.5,47.9,0,955.6,58,1.1,2.3,423,140,327,180,308,243,181,385,100,18,97
BER,2023,7,13,10,19.2,78.1,17.4,15.3,11.53,16.7,48.6,0,955.8,151,1.1,3.6,319,17,305,175,182,186,176,386,100,18,97
BER,2023,7,13,11,20.5,74,17.8,15.7,11.8,17.4,50.6,0,955.9,166,1.8,3.6,847,724,209,128,409,521,128,367,71,18,97
BER,2023,7,13,12,22.5,62.6,17,15,11.26,17.7,51.3,0,955.7,197,2,4.3,904,813,169,112,189,563,193,356,53,18,97
BER,2023,7,13,13,23.6,52.8,15.4,13.4,10.19,17.1,49.7,0,955.3,227,2.6,6.5,745,470,332,178,177,469,404,371,69,18,97
BER,2023,7,13,14,24,46.4,13.8,11.8,9.12,16.4,47.3,0,955.4,235,3,6.6,782,697,207,117,118,467,541,359,55,18,97
BER,2023,7,13,15,24.7,40.3,12.5,10.3,8.25,15.9,45.8,0,955.2,238,2.6,5.6,558,384,286,157,155,306,482,360,63,18,97
BER,2023,7,13,16,24.6,40.5,12.5,10.3,8.25,15.9,45.7,0,955.2,299,2.5,6.4,576,812,93,67,69,205,776,333,16,18,97
BER,2023,7,13,17,24.5,41.6,12.8,10.6,8.45,16,46.2,0,955.1,278,1.8,5.2,412,763,75,155,52,51,780,319,25,18,97
BER,2023,7,13,18,23.7,41.9,12.3,10,8.11,15.5,44.5,0,955.3,341,2.7,4.9,234,609,63,217,37,37,632,328,19,18,97
BER,2023,7,13,19,22.1,46.2,12.3,10,8.11,14.9,42.8,0,955.3,340,2.1,3.9,80,358,34,175,18,18,353,330,25,18,97
BER,2023,7,13,20,19.6,57.5,13.1,11,8.64,14.5,41.6,0,955.7,27,1.7,3.1,0,0,0,0,0,0,0,333,40,18,97
BER,2023,7,13,21,17.2,67.8,13.3,11.2,8.77,13.6,39.5,0,956.1,20,1.5,2.7,0,0,0,0,0,0,0,323,29,18,97
BER,2023,7,13,22,15.6,76.1,13.5,11.4,8.91,13.1,38.2,0,956,34,0.5,1.9,0,0,0,0,0,0,0,324,33,18,97
BER,2023,7,13,23,14.9,79.6,13.5,11.4,8.91,12.8,37.5,0,956.1,14,0.5,1.6,0,0,0,0,0,0,0,341,55,18,97
BER,2023,7,14,0,14.3,86,14,12,9.25,12.9,37.7,0,955.7,360,0.2,0.8,0,0,0,0,0,0,0,349,68,18,97
BER,2023,7,14,1,13.8,88.3,13.9,11.9,9.18,12.7,37.1,0,955.4,270,0.1,0.7,0,0,0,0,0,0,0,339,59,17,97
BER,2023,7,14,2,13.1,90,13.6,11.5,8.99,12.2,35.9,0,954.9,27,0.3,1,0,0,0,0,0,0,0,304,6,17,97
BER,2023,7,14,3,12.4,90.6,13,10.9,8.59,11.5,34.1,0,954.6,21,0.8,1.9,0,0,0,0,0,0,0,298,0,17,97
BER,2023,7,14,4,12,91.7,12.9,10.7,8.53,11.3,33.6,0,954.1,27,0.3,1.3,0,0,0,0,0,0,0,299,0,17,97
BER,2023,7,14,5,12.4,91.2,13.1,11,8.66,11.6,34.3,0,953.9,14,0.4,1.5,62,217,34,114,222,18,18,333,43,17,97
BER,2023,7,14,6,15.1,83.3,14.3,12.3,9.46,13.4,39.1,0,954.1,360,0.9,1.6,212,513,74,201,545,39,39,342,53,17,97
BER,2023,7,14,7,17.6,72,14.5,12.5,9.6,14.5,42,0,953.8,56,0.5,1.4,386,683,93,162,718,54,54,347,50,17,97
BER,2023,7,14,8,19.7,62.7,14.4,12.4,9.54,15.2,44,0,953.3,352,1,2.6,555,765,105,69,746,197,69,348,51,17,97
BER,2023,7,14,9,21.1,57.9,14.5,12.5,9.61,15.8,45.6,0,953.2,342,0.9,2.6,722,890,85,74,725,335,74,337,29,17,97
BER,2023,7,14,10,22.7,52.5,14.5,12.5,9.61,16.4,47.3,0,952.7,315,1,2.8,840,924,87,83,587,455,83,344,25,17,97
BER,2023,7,14,11,24.3,52.6,16,14,10.63,17.7,51.5,0,952.4,276,1.5,3.3,924,958,81,89,394,536,88,331,25,17,97
BER,2023,7,14,12,25.4,47.7,15.5,13.5,10.3,17.8,51.8,0,951.9,281,2,5.6,941,944,88,91,161,562,151,328,13,17,97
BER,2023,7,14,13,26.4,48,16.5,14.5,10.98,18.7,54.5,0,951.4,256,2,4.5,876,805,164,104,106,537,392,376,58,17,97
BER,2023,7,14,14,26.9,45.4,16.1,14.1,10.72,18.6,54.4,0,950.5,299,1.5,4.8,817,833,134,91,93,464,564,364,35,17,97
BER,2023,7,14,15,28.1,42.9,16.3,14.3,10.86,19.1,56,0,949.9,261,1.7,4.3,710,829,111,78,80,347,692,335,0,17,97
BER,2023,7,14,16,28.8,40.1,15.9,13.9,10.59,19.1,56,0,949.4,240,1.9,3.8,566,798,93,64,66,200,762,337,0,17,97
BER,2023,7,14,17,29.1,35,14.1,12.1,9.38,18.3,53.2,0,949.2,238,2.7,5.6,399,723,79,148,51,50,743,340,0,17,97
BER,2023,7,14,18,28.4,38,14.7,12.7,9.79,18.4,53.6,0,949,229,3.3,6.6,229,603,60,211,34,34,624,343,0,17,97
BER,2023,7,14,19,27.5,40.3,14.8,12.8,9.85,18.1,52.8,0,949.2,200,2.7,5.9,75,314,34,154,18,18,312,343,0,17,97
BER,2023,7,14,20,25.6,42.2,13.8,11.8,9.17,17,49.1,0,949.8,217,2.1,4.3,0,0,0,0,0,0,0,339,0,17,97
BER,2023,7,14,21,22.5,51.5,14,12,9.3,16,46.3,0,950.3,193,1,2.9,0,0,0,0,0,0,0,335,0,17,97
BER,2023,7,14,22,21.2,62.7,15.8,13.8,10.52,16.5,48,0,950.3,169,1.5,4.3,0,0,0,0,0,0,0,331,0,17,97
BER,2023,7,14,23,22.3,65,17.5,15.4,11.67,17.8,52.1,0,950.4,165,2.4,4.8,0,0,0,0,0,0,0,327,0,17,97
BER,2023,7,15,0,21.3,69.1,17.5,15.4,11.67,17.5,51.1,0,950.5,174,2.1,3.8,0,0,0,0,0,0,0,324,0,17,97
BER,2023,7,15,1,20.7,71.2,17.4,15.3,11.6,17.2,50.3,0,950.3,183,2,4.5,0,0,0,0,0,0,0,322,0,17,97
BER,2023,7,15,2,19.9,73.4,17.1,15,11.4,16.8,48.9,0,949.9,173,1.7,3.7,0,0,0,0,0,0,0,323,0,17,97
BER,2023,7,15,3,20.3,71.1,16.9,14.9,11.27,16.8,49,0,949.8,169,2.1,4.1,0,0,0,0,0,0,0,325,0,17,97
BER,2023,7,15,4,19.6,73.3,16.7,14.7,11.13,16.5,48,0,949.6,154,2.6,4.8,0,0,0,0,0,0,0,326,0,17,97
BER,2023,7,15,5,17.9,81.6,16.7,14.7,11.14,15.9,46.2,0,949.3,195,1.3,4.3,61,235,31,118,237,16,16,332,6,17,97
BER,2023,7,15,6,20.6,69.8,16.9,14.9,11.28,17,49.4,0,948.8,166,1.4,3,212,556,64,206,580,35,35,347,29,17,97
BER,2023,7,15,7,22.6,62.6,17.2,15.1,11.48,17.7,51.9,0,949,171,1.5,3.4,387,730,74,152,748,47,47,336,6,17,97
BER,2023,7,15,8,24.4,55.8,17,15,11.34,18.3,53.4,0,949.1,197,1.5,2.9,554,806,85,61,770,185,61,337,0,17,97
BER,2023,7,15,9,25.9,51.7,17.3,15.2,11.55,18.9,55.5,0,949,249,1.2,3,703,859,91,72,707,329,72,341,0,17,97
BER,2023,7,15,10,27.5,48.3,17.7,15.6,11.82,19.6,57.8,0,948.8,282,1.7,5,824,910,83,80,574,446,80,350,6,17,97
BER,2023,7,15,11,28.3,43.5,16.7,14.7,11.15,19.4,56.9,0,948.3,281,1.8,4.8,881,868,118,92,396,524,91,384,31,17,97
BER,2023,7,15,12,29.5,38,15.7,13.7,10.47,19.2,56.4,0,948,294,1.4,3.8,879,795,162,107,176,543,183,399,58,17,97
BER,2023,7,15,13,29.5,42.7,17.6,15.5,11.76,20.2,59.7,0,948.1,220,2.4,7.1,396,175,242,135,132,238,214,421,94,17,97
BER,2023,7,15,14,30.5,41.4,18.1,15.9,12.11,20.7,61.7,0,947.8,278,2.5,6,803,827,126,88,90,453,552,390,34,17,97
BER,2023,7,15,15,30.8,38.1,16.9,14.9,11.3,20.2,59.9,0,947.5,255,1.9,4.4,695,810,110,77,78,341,676,363,0,17,97
BER,2023,7,15,16,30.9,38.9,17.4,15.3,11.64,20.5,60.9,0,946.8,229,1.3,4.1,460,537,132,77,77,193,550,393,66,17,97
BER,2023,7,15,17,30.4,40.3,17.5,15.4,11.72,20.4,60.5,0,946.6,215,2.1,4,315,477,111,140,61,61,531,397,59,17,97
BER,2023,7,15,18,29.9,42.8,18.1,15.9,12.12,20.5,61.1,0,947,198,1.9,5.8,216,492,82,195,43,43,531,399,64,17,97
BER,2023,7,15,19,27.3,51.4,18.7,16.4,12.52,20,59.4,0,947.5,252,0.7,2,34,103,22,58,12,12,108,408,81,17,97
BER,2023,7,15,20,25.9,58.7,19.6,17.2,13.12,20,59.5,0.3,949.1,274,3,11,0,0,0,0,0,0,0,410,100,17,97
BER,2023,7,15,21,21.6,82.5,21.3,18.5,14.27,19.5,58,0.3,949.8,135,1.4,5.9,0,0,0,0,0,0,0,392,64,17,97
BER,2023,7,15,22,21.5,84.1,21.5,18.7,14.38,19.6,58.2,0.1,951.3,166,1.4,3.7,0,0,0,0,0,0,0,399,94,17,97
BER,2023,7,15,23,21.7,76.1,19.7,17.3,13.14,18.8,55.2,0,952.4,275,2.6,7.5,0,0,0,0,0,0,0,402,83,17,97
BER,2023,7,16,0,20.7,70.3,17.2,15.1,11.43,17.1,49.8,0,953.5,289,2.6,7.4,0,0,0,0,0,0,0,381,71,17,97
BER,2023,7,16,1,19.6,70.1,16,14,10.61,16.1,46.6,0,953.7,238,1.6,4.5,0,0,0,0,0,0,0,391,94,17,97
BER,2023,7,16,2,19.5,68.7,15.6,13.6,10.34,15.8,45.8,0,953.9,233,1.1,3.8,0,0,0,0,0,0,0,392,100,17,97
BER,2023,7,16,3,19.2,70.9,15.8,13.8,10.47,15.8,45.9,0,954,225,0.6,2.4,0,0,0,0,0,0,0,388,94,17,97
BER,2023,7,16,4,19,70.9,15.6,13.6,10.34,15.6,45.3,0,954.4,232,1.2,3.7,0,0,0,0,0,0,0,390,100,17,97
BER,2023,7,16,5,18.9,72.7,15.9,13.9,10.54,15.8,45.7,0,954.4,146,0.7,2.5,17,3,16,11,12,9,9,385,100,17,97
BER,2023,7,16,6,19,72.3,15.9,13.9,10.54,15.8,45.8,0,954.6,18,1.3,3,67,3,66,39,40,38,38,387,100,17,97
BER,2023,7,16,7,19.3,70,15.7,13.7,10.4,15.8,45.8,0,954.3,34,1.9,3.6,169,44,148,92,128,83,84,387,100,17,97
BER,2023,7,16,8,20.2,68.8,16.3,14.3,10.81,16.5,47.7,0,954.3,23,2.2,4.2,460,430,206,106,520,219,106,380,71,17,97
BER,2023,7,16,9,20.8,69.9,17.2,15.1,11.42,17.1,49.9,0,954.4,19,2.4,4.4,485,255,301,158,384,282,158,380,75,17,97
BER,2023,7,16,10,21.9,64.9,17.1,15,11.35,17.5,50.9,0,954.5,6,1.7,4,593,293,353,183,398,367,183,386,75,17,97
BER,2023,7,16,11,22.6,60.2,16.5,14.5,10.94,17.4,50.6,0,954.4,27,1.3,4.2,560,150,428,231,316,345,232,400,100,17,97
BER,2023,7,16,12,23.1,60.3,17,15,11.28,17.9,51.9,0,954.2,342,1.3,3.7,456,89,376,208,211,276,239,399,94,17,97
BER,2023,7,16,13,24.7,54.4,16.9,14.9,11.22,18.3,53.4,0,953.7,236,2,4.8,800,616,258,136,136,510,403,387,58,17,97
BER,2023,7,16,14,25.3,53.6,17.3,15.2,11.49,18.7,54.7,0,953.5,27,2.3,4.9,799,798,145,94,96,464,551,380,48,17,97
BER,2023,7,16,15,25.5,50.9,16.6,14.6,11.02,18.4,53.7,0,953.4,34,1.6,4.3,576,425,269,139,137,328,501,380,55,17,97
BER,2023,7,16,16,25.2,51.2,16.4,14.4,10.89,18.2,53.1,0,953.1,14,1.5,3.3,510,591,166,89,89,217,640,379,50,17,97
BER,2023,7,16,17,25.3,55.3,17.8,15.7,11.84,19,55.6,0,953.1,16,2.8,8.1,384,664,89,140,54,54,694,377,29,17,97
BER,2023,7,16,18,24,60.5,18.1,15.9,12.04,18.7,54.8,0,953.4,20,3.9,7,209,480,77,187,41,41,517,373,39,17,97
BER,2023,7,16,19,22.5,65,17.7,15.6,11.76,18,52.5,0,953.8,17,3.5,7,70,246,36,123,19,19,253,375,43,17,97
BER,2023,7,16,20,21.6,66.9,17.3,15.2,11.48,17.5,50.9,0,954.4,22,4,7.9,0,0,0,0,0,0,0,377,59,17,97
BER,2023,7,16,21,20.7,69.8,17.1,15,11.34,17,49.6,0,954.7,28,3.4,6.7,0,0,0,0,0,0,0,378,68,17,97
BER,2023,7,16,22,20,72.9,17.1,15,11.34,16.8,48.9,0,955.2,16,2.6,5.3,0,0,0,0,0,0,0,382,78,17,97
BER,2023,7,16,23,19.9,73.4,17,15,11.26,16.8,48.6,0,955.7,22,1.9,4.1,0,0,0,0,0,0,0,380,81,17,97
BER,2023,7,17,0,19.4,77.7,17.5,15.4,11.6,16.8,48.9,0,956,23,0.9,3.1,0,0,0,0,0,0,0,383,94,17,97
BER,2023,7,17,1,19.3,81.2,18.2,16,12.07,17.2,50,0,956.1,180,0.7,1.8,0,0,0,0,0,0,0,384,100,18,97
BER,2023,7,17,2,19.4,82.3,18.5,16.3,12.27,17.4,50.6,0,956.1,202,0.6,1.4,0,0,0,0,0,0,0,382,100,18,97
BER,2023,7,17,3,19.5,80.7,18.3,16.1,12.14,17.3,50.4,0,956.1,166,0.5,1.3,0,0,0,0,0,0,0,377,81,18,97
BER,2023,7,17,4,19,83.3,18.3,16.1,12.13,17.1,49.9,0,956.3,135,0.8,2,0,0,0,0,0,0,0,381,81,18,97
BER,2023,7,17,5,18.9,83.3,18.2,16,12.06,17,49.6,0,956.5,11,0.6,1.8,30,50,24,36,60,13,13,382,71,18,97
BER,2023,7,17,6,19.5,81.8,18.5,16.3,12.26,17.4,50.7,0,956.9,13,1,1.9,109,94,85,79,141,47,47,379,74,18,97
BER,2023,7,17,7,20.5,74.9,18.1,15.9,11.99,17.5,51,0,957.3,29,1.4,2.9,165,18,157,94,106,90,91,388,94,18,97
BER,2023,7,17,8,21.5,65.6,16.8,14.8,11.11,17.2,49.9,0,957.3,24,1.4,2.7,292,64,254,143,205,164,144,391,94,18,97
BER,2023,7,17,9,22.3,64.6,17.4,15.3,11.51,17.8,51.7,0,957.4,31,1.5,3.3,400,99,330,184,273,232,185,397,100,18,97
BER,2023,7,17,10,23,61.1,17.2,15.1,11.38,17.9,52.1,0,957.3,16,2.1,5,385,49,344,195,226,228,196,400,100,18,97
BER,2023,7,17,11,23.7,58.6,17.2,15.1,11.38,18.1,52.8,0,957.1,22,1.9,3.8,547,148,417,227,315,338,228,404,100,18,97
BER,2023,7,17,12,24.4,53.7,16.4,14.4,10.85,18,52.2,0,956.9,270,1.1,2.9,592,189,422,227,242,374,285,407,94,18,97
BER,2023,7,17,13,25,53.5,16.9,14.9,11.19,18.4,53.6,0,956.6,104,1.1,3.1,726,449,333,172,170,470,397,399,68,18,97
BER,2023,7,17,14,26.4,49.5,17,15,11.26,18.9,55.3,0,956.3,360,1.6,4.3,823,894,92,87,89,464,560,371,29,18,97
BER,2023,7,17,15,27,50.3,18,15.8,11.93,19.6,57.6,0,956.1,288,2.8,5.9,703,832,106,80,82,351,695,370,33,18,97
BER,2023,7,17,16,26.1,52.1,17.6,15.5,11.66,19.1,56,0,956.1,21,2.3,4.3,507,574,164,91,91,225,619,381,48,18,97
BER,2023,7,17,17,25.9,53,17.7,15.6,11.73,19.1,56,0,956.3,28,2.4,5.1,252,198,162,107,87,105,291,389,68,18,97
BER,2023,7,17,18,25.5,50.9,16.6,14.6,10.98,18.4,53.6,0,956.7,13,3.1,5.4,156,195,98,111,53,54,252,389,50,18,97
BER,2023,7,17,19,24.3,53.3,16.2,14.2,10.71,17.8,51.7,0,957.3,36,2.6,4.8,55,146,36,82,19,20,159,385,48,18,97
BER,2023,7,17,20,22.5,59.8,16.3,14.3,10.77,17.3,50,0,957.7,34,2.3,4.3,0,0,0,0,0,0,0,388,44,18,97
BER,2023,7,17,21,21.9,60.4,15.9,13.9,10.5,16.8,48.7,0,958,33,1.7,3.5,0,0,0,0,0,0,0,376,50,18,97
BER,2023,7,17,22,20.7,68.1,16.6,14.6,10.97,16.8,48.7,0,958.2,7,0.9,1.8,0,0,0,0,0,0,0,361,38,18,97
BER,2023,7,17,23,19.6,72.9,16.6,14.6,10.96,16.4,47.5,0,958.3,27,0.2,1,0,0,0,0,0,0,0,351,0,18,97
BER,2023,7,18,0,17.9,77.9,16,14,10.57,15.5,44.8,0,957.9,21,0.9,1.8,0,0,0,0,0,0,0,326,6,18,97
BER,2023,7,18,1,16.6,83.5,15.8,13.8,10.43,14.9,43.1,0,957.7,21,0.9,1.8,0,0,0,0,0,0,0,320,0,18,97
BER,2023,7,18,2,16.8,82.5,15.8,13.8,10.44,14.9,43.3,0,957.5,12,1.5,2.7,0,0,0,0,0,0,0,320,10,18,97
BER,2023,7,18,3,16.3,85.1,15.8,13.8,10.44,14.8,42.8,0,957.2,6,1,2,0,0,0,0,0,0,0,336,40,18,97
BER,2023,7,18,4,16,87.9,16,14,10.58,14.8,42.8,0,957,360,1.1,2.3,0,0,0,0,0,0,0,320,10,18,97
BER,2023,7,18,5,15.7,89,15.9,13.9,10.51,14.6,42.4,0,956.9,10,1.1,2.1,55,240,26,118,240,14,14,324,0,18,97
BER,2023,7,18,6,17.6,83.6,16.8,14.8,11.12,15.8,45.9,0,956.6,360,0.3,1.1,211,579,58,206,602,35,35,320,0,18,97
BER,2023,7,18,7,19.9,71.5,16.6,14.6,10.99,16.5,47.9,0,956.3,360,1.1,2.6,385,745,71,150,765,50,50,323,0,18,97
BER,2023,7,18,8,21.5,64,16.4,14.4,10.86,17,49.2,0,955.7,22,1.7,3.2,553,823,80,65,789,192,65,330,0,18,97
BER,2023,7,18,9,23.3,60.4,17.3,15.2,11.47,18,52.6,0,955.1,356,1.5,3.8,698,852,95,80,716,343,79,336,0,18,97
BER,2023,7,18,10,24.9,59.6,18.8,16.5,12.49,19.3,56.9,0,954.8,4,1.8,4.6,819,901,89,89,585,462,88,353,16,18,97
BER,2023,7,18,11,26.3,53.1,18.2,16,12.07,19.5,57.2,0,955.8,22,2.2,7,499,338,208,121,283,311,122,401,79,18,97
BER,2023,7,18,12,26.4,52.1,17.9,15.8,11.88,19.4,56.8,0,955.4,40,3.5,7.5,691,613,141,98,173,439,133,406,74,18,97
BER,2023,7,18,13,23.9,63.7,18.9,16.6,12.59,19.1,56.1,1.8,952.6,126,3.9,13.7,165,25,142,80,78,100,95,421,100,18,97
BER,2023,7,18,14,23.2,76.3,21.7,18.8,14.48,20.2,60.2,0.1,953.7,16,4.6,8.3,501,391,190,114,113,294,366,410,84,18,97
BER,2023,7,18,15,25.6,64.5,21.1,18.4,14.09,20.7,61.7,0,952.6,35,4.2,8.3,689,806,111,83,85,353,681,400,58,18,97
BER,2023,7,18,16,26.9,52.6,18.7,16.4,12.46,19.9,58.8,0,952,74,1.3,4.4,140,23,127,73,71,79,97,417,94,18,97
BER,2023,7,18,17,26.5,60,20.7,18.1,13.83,20.8,61.9,0,951.5,194,1.5,3.5,151,47,128,74,71,80,123,416,100,18,97
BER,2023,7,18,18,26.2,64.2,21.8,18.9,14.59,21.2,63.5,0,951.3,297,0.6,1.9,105,75,89,77,49,50,125,412,94,18,97
BER,2023,7,18,19,25.2,69.4,22.3,19.2,14.93,21.1,63.4,0,951.6,229,1.3,2.6,44,161,28,87,15,15,166,407,100,18,97
BER,2023,7,18,20,23.5,78.3,22.7,19.5,15.2,20.7,62.3,0,951.9,236,0.5,1.7,0,0,0,0,0,0,0,404,84,18,97
BER,2023,7,18,21,22.4,84.2,22.8,19.6,15.26,20.5,61.3,0,952,40,0.9,2.3,0,0,0,0,0,0,0,397,75,18,97
BER,2023,7,18,22,22.7,82.2,22.7,19.5,15.19,20.5,61.5,0,952.4,172,1.6,3.6,0,0,0,0,0,0,0,387,61,18,97
BER,2023,7,18,23,22.2,83.1,22.2,19.2,14.84,20.1,60.1,0,952.6,171,1.3,3.5,0,0,0,0,0,0,0,371,34,18,97
BER,2023,7,19,0,21.2,87.3,21.9,19,14.64,19.7,58.5,0,952.4,187,0.9,1.8,0,0,0,0,0,0,0,357,33,18,97
BER,2023,7,19,1,20.6,87.2,21.2,18.4,14.17,19.1,56.7,0,952,148,0.9,2.3,0,0,0,0,0,0,0,348,6,19,97
BER,2023,7,19,2,20.5,86.1,20.8,18.1,13.89,18.9,55.9,0,952.2,166,0.6,1.6,0,0,0,0,0,0,0,361,29,19,97
BER,2023,7,19,3,21.1,86.2,21.5,18.7,14.36,19.5,57.7,0,952.6,194,0.9,1.8,0,0,0,0,0,0,0,363,40,19,97
BER,2023,7,19,4,21.8,82.6,21.5,18.7,14.36,19.7,58.4,0,952.6,163,1.4,3.3,0,0,0,0,0,0,0,363,36,19,97
BER,2023,7,19,5,22.7,77.7,21.4,18.6,14.29,19.9,59.2,0,953.1,152,1.5,3.6,18,8,17,13,17,10,10,377,63,19,97
BER,2023,7,19,6,22.8,79.2,21.9,19,14.63,20.2,60.1,0,953.2,207,0.8,2.8,82,32,73,52,73,42,42,394,100,19,97
BER,2023,7,19,7,24.3,65.8,20,17.5,13.33,19.7,58.4,0,953.2,235,1.7,5.3,361,614,98,149,661,59,59,363,38,19,97
BER,2023,7,19,8,25.3,59.7,19.3,16.9,12.86,19.7,58.2,0,952.8,272,2.5,7.6,554,795,97,71,779,206,70,356,25,19,97
BER,2023,7,19,9,26.3,56.3,19.2,16.9,12.8,20,59.1,0,952.4,278,3.7,8.1,720,899,86,81,745,353,80,347,13,19,97
BER,2023,7,19,10,26.3,53.1,18.2,16,12.12,19.5,57.4,0,952.3,287,3.4,7.1,580,428,241,135,434,353,136,384,69,19,97
BER,2023,7,19,11,26.5,51.8,17.9,15.8,11.92,19.4,57,0,952.1,250,3,8.9,492,204,312,171,264,316,171,394,81,19,97
BER,2023,7,19,12,27.9,47.2,17.7,15.6,11.79,19.7,58.2,0,951.4,220,3.1,6,598,204,415,225,246,385,280,387,75,19,97
BER,2023,7,19,13,29.6,32.1,13.3,11.2,8.82,18,52.3,0,951,257,4.7,10.7,882,852,136,106,109,554,399,369,43,19,97
BER,2023,7,19,14,28.9,33.6,13.4,11.3,8.89,17.8,51.8,0,950.8,264,3.8,8.5,556,332,287,156,154,348,384,383,68,19,97
BER,2023,7,19,15,28.6,33.5,13.1,11,8.69,17.6,51,0,950.7,273,4.1,9.5,575,454,258,146,144,321,526,380,59,19,97
BER,2023,7,19,16,27.8,39,14.6,12.6,9.7,18.1,52.7,0,950.8,303,4.6,9.4,328,173,221,124,121,180,290,382,69,19,97
BER,2023,7,19,17,27.4,37.9,13.8,11.8,9.16,17.6,50.9,0,951.1,305,5.1,9.4,355,558,121,148,70,81,621,358,39,19,97
BER,2023,7,19,18,26,36.5,12.3,10,8.15,16.3,46.9,0,951.5,301,4.2,9.2,222,605,58,204,36,35,628,332,0,19,97
BER,2023,7,19,19,24.4,45.3,13.8,11.8,9.15,16.6,47.8,0,952,287,2.4,6.3,68,280,33,136,18,18,282,331,0,19,97
BER,2023,7,19,20,22.3,54.9,14.8,12.8,9.82,16.4,47.4,0,952.3,279,0.7,2.2,0,0,0,0,0,0,0,329,0,19,97
BER,2023,7,19,21,20.9,61,15.1,13.1,10.02,16,46.5,0,952.6,158,0.6,1.8,0,0,0,0,0,0,0,335,0,19,97
BER,2023,7,19,22,19.8,66.6,15.4,13.4,10.22,15.8,45.8,0,952.6,180,0.6,1.3,0,0,0,0,0,0,0,350,30,19,97
BER,2023,7,19,23,19.2,70.5,15.7,13.7,10.42,15.8,45.7,0,952.9,135,0.3,0.9,0,0,0,0,0,0,0,352,44,19,97
BER,2023,7,20,0,18.2,75,15.7,13.7,10.42,15.4,44.7,0,952.6,72,0.5,1.2,0,0,0,0,0,0,0,349,40,19,97
BER,2023,7,20,1,16.7,78.3,14.9,12.9,9.88,14.4,41.8,0,952.7,360,0.3,1.2,0,0,0,0,0,0,0,344,43,18,97
BER,2023,7,20,2,16.3,80.3,14.9,12.9,9.89,14.2,41.4,0,952.4,153,0.3,0.9,0,0,0,0,0,0,0,345,48,18,97
BER,2023,7,20,3,16,81.8,14.9,12.9,9.88,14.1,41.1,0,952.6,90,0.1,0.5,0,0,0,0,0,0,0,347,43,18,97
BER,2023,7,20,4,16,80.8,14.7,12.7,9.75,14,40.8,0,952.6,153,0.4,1.2,0,0,0,0,0,0,0,352,50,18,97
BER,2023,7,20,5,15.9,81.8,14.8,12.8,9.82,14,40.8,0,952.6,166,0.5,2,36,72,29,49,83,16,17,351,48,18,97
BER,2023,7,20,6,17.2,78.3,15.4,13.4,10.22,14.9,43.2,0,952.5,171,0.7,1.5,128,103,103,94,161,58,59,371,80,18,97
BER,2023,7,20,7,18.6,71.7,15.4,13.4,10.22,15.4,44.6,0,952.5,203,0.9,2,233,138,170,119,235,95,95,372,78,18,97
BER,2023,7,20,8,20.4,62.9,15.1,13.1,10.02,15.9,46,0,952.3,288,0.4,1.3,507,625,144,86,656,217,86,351,50,18,97
BER,2023,7,20,9,21.9,55.5,14.6,12.6,9.69,16.1,46.6,0,952.1,236,0.8,2.8,723,903,87,79,749,357,79,321,13,18,97
BER,2023,7,20,10,23.1,53.7,15.2,13.2,10.1,16.9,48.9,0,951.7,265,1.9,4.8,826,919,85,88,594,470,88,322,0,18,97
BER,2023,7,20,11,24,51.2,15.3,13.3,10.17,17.2,50,0,951,243,1.7,4.6,901,934,87,95,400,550,95,322,0,18,97
BER,2023,7,20,12,25.3,44.1,14.2,12.2,9.43,17.1,49.5,0,950.5,238,2.3,7.2,923,921,99,99,171,580,161,326,0,18,97
BER,2023,7,20,13,26.2,37.1,12.6,10.4,8.36,16.5,47.7,0,949.9,273,2.3,6.7,897,904,105,98,101,556,383,330,0,18,97
BER,2023,7,20,14,27,35.6,12.7,10.5,8.43,16.8,48.7,0,949.3,219,2.8,5.7,810,835,130,97,99,482,564,344,25,18,97
BER,2023,7,20,15,27.3,36.2,13.1,11,8.71,17.2,49.7,0,948.7,232,2.8,6.9,683,751,145,92,93,369,670,357,46,18,97
BER,2023,7,20,16,27.1,36.8,13.2,11.1,8.78,17.1,49.7,0,948.3,350,1.8,4.9,538,702,128,78,78,226,714,360,53,18,97
BER,2023,7,20,17,26.7,40.8,14.3,12.3,9.52,17.6,51.1,0,948.3,21,3.7,7.6,365,569,119,137,65,82,632,368,64,18,97
BER,2023,7,20,18,25.3,46.1,14.9,12.9,9.93,17.4,50.7,0,948.3,33,3.6,6.9,185,319,97,149,51,52,376,368,64,18,97
BER,2023,7,20,19,23.7,50.8,14.9,12.9,9.92,16.9,49.1,0,948.7,28,2.9,5.7,66,249,36,125,19,20,255,345,33,18,97
BER,2023,7,20,20,21.9,55.2,14.5,12.5,9.65,16.1,46.6,0,949,24,2,3.3,0,0,0,0,0,0,0,329,0,18,97
BER,2023,7,20,21,20.2,61.2,14.5,12.5,9.65,15.5,44.8,0,949.1,18,2.1,3.7,0,0,0,0,0,0,0,343,20,18,97
BER,2023,7,20,22,18.2,69.8,14.6,12.6,9.72,14.8,42.9,0,949.1,13,1,2.3,0,0,0,0,0,0,0,363,68,18,97
BER,2023,7,20,23,17,75.3,14.6,12.6,9.72,14.3,41.7,0,948.9,23,0.8,1.7,0,0,0,0,0,0,0,380,100,18,97
BER,2023,7,21,0,16.9,75.8,14.6,12.6,9.72,14.3,41.6,0,948.9,14,0.6,1.4,0,0,0,0,0,0,0,370,88,18,97
BER,2023,7,21,1,16.8,77.3,14.8,12.8,9.86,14.4,41.9,0,948.6,315,0.1,0.8,0,0,0,0,0,0,0,373,94,19,97
BER,2023,7,21,2,15.5,81.8,14.4,12.4,9.59,13.6,39.8,0,948.1,360,0.2,0.8,0,0,0,0,0,0,0,370,84,19,97
BER,2023,7,21,3,15.9,81.3,14.7,12.7,9.8,14,40.8,0,948,18,0.3,1,0,0,0,0,0,0,0,378,100,19,97
BER,2023,7,21,4,15.9,82.9,15,13,10,14.1,41.3,0,947.8,45,0.5,1.3,0,0,0,0,0,0,0,378,100,19,97
BER,2023,7,21,5,16.3,85.7,15.9,13.9,10.6,14.8,43.2,2,949.1,349,1.2,3.8,12,1,11,7,8,7,7,379,100,19,97
BER,2023,7,21,6,16.4,89.1,16.6,14.6,11.08,15.3,44.5,0.8,948.5,117,1.2,5.3,86,139,58,81,169,33,33,380,94,19,97
BER,2023,7,21,7,16.8,88.6,16.9,14.9,11.28,15.6,45.5,0.1,948.5,161,1.9,4.4,33,0,33,19,19,19,20,381,100,19,97
BER,2023,7,21,8,17.1,87.5,17,15,11.35,15.8,45.9,0.2,948.8,156,1.5,3.3,173,40,152,86,125,97,87,382,100,19,97
BER,2023,7,21,9,17.8,89.8,18.3,16.1,12.22,16.7,48.9,0.8,949.5,261,1.1,2.6,189,39,164,93,129,110,93,381,94,19,97
BER,2023,7,21,10,18.1,85.3,17.7,15.6,11.81,16.5,48.1,0.4,949.8,255,1.4,3.1,427,218,248,135,282,269,135,382,94,19,97
BER,2023,7,21,11,20.1,76.8,18.1,15.9,12.09,17.4,50.9,0,949.6,211,1.4,3.7,771,555,287,151,413,511,151,366,64,19,97
BER,2023,7,21,12,21.5,70.9,18.2,16,12.16,17.9,52.5,0,949.5,225,1.3,3.2,841,675,238,132,222,562,213,361,55,19,97
BER,2023,7,21,13,22.4,61.7,16.7,14.7,11.14,17.5,50.8,0,949.4,239,1.4,3.6,620,323,336,180,177,406,328,376,78,19,97
BER,2023,7,21,14,22.1,60.1,16,14,10.66,17,49.3,0,949.4,337,3.6,7.8,256,9,249,144,140,150,151,389,100,19,97
BER,2023,7,21,15,22.5,58.6,16,14,10.66,17.1,49.7,0,949.5,342,3.2,6.3,388,171,265,148,145,227,294,380,88,19,97
BER,2023,7,21,16,22.5,55.3,15.1,13.1,10.05,16.6,48.2,0,949.4,337,2.5,7.6,165,41,139,78,76,95,120,387,94,19,97
BER,2023,7,21,17,20.3,73.5,17.5,15.4,11.67,17.1,50,1.6,950,248,1.5,4.9,247,313,125,127,71,72,384,374,78,19,97
BER,2023,7,21,18,19.9,80.8,18.8,16.5,12.55,17.7,51.9,0,950.4,130,0.9,1.7,124,105,90,79,50,51,159,377,84,19,97
BER,2023,7,21,19,19,84.3,18.5,16.3,12.34,17.2,50.4,0,951.2,99,0.8,1.8,6,0,6,3,3,3,3,383,100,19,97
BER,2023,7,21,20,18,81.6,16.8,14.8,11.17,16,46.4,0,952,34,0.9,2,0,0,0,0,0,0,0,380,100,19,97
BER,2023,7,21,21,18.3,79.5,16.7,14.7,11.1,16,46.5,0,952.7,159,1,2.7,0,0,0,0,0,0,0,377,100,19,97
BER,2023,7,21,22,17.8,83.7,17.1,15,11.36,16,46.7,0,953.1,147,2.1,4.2,0,0,0,0,0,0,0,367,88,19,97
BER,2023,7,21,23,17.6,84.7,17,15,11.29,16,46.3,0,953.4,169,1,3.3,0,0,0,0,0,0,0,371,100,19,97
BER,2023,7,22,0,17.6,85.8,17.3,15.2,11.5,16.1,46.8,0,953.2,174,1.1,2.5,0,0,0,0,0,0,0,368,100,19,97
BER,2023,7,22,1,17.5,86.4,17.3,15.2,11.5,16,46.7,0,953,158,1.1,2,0,0,0,0,0,0,0,367,100,18,97
BER,2023,7,22,2,17.2,87.5,17.2,15.1,11.43,15.9,46.3,0,952.9,159,0.9,2.4,0,0,0,0,0,0,0,360,88,18,97
BER,2023,7,22,3,16.9,88.6,17.1,15,11.37,15.7,45.8,0,952.7,156,1,2.7,0,0,0,0,0,0,0,369,100,18,97
BER,2023,7,22,4,16.6,89.7,16.9,14.9,11.23,15.5,45.1,0,953,163,1.1,2.5,0,0,0,0,0,0,0,362,88,18,97
BER,2023,7,22,5,16.4,89.7,16.7,14.7,11.09,15.3,44.6,0,953.4,186,1,1.9,35,95,22,50,103,12,12,360,75,18,97
BER,2023,7,22,6,17,88,17,15,11.29,15.7,45.7,0,953.7,162,1.4,2.9,189,459,74,180,497,40,40,345,50,18,97
BER,2023,7,22,7,17.9,83.1,17,15,11.28,16.1,46.6,0,954,150,1.5,2.9,386,750,76,148,777,50,49,339,40,18,97
BER,2023,7,22,8,19.5,70.5,16,14,10.61,16,46.5,0,954.2,191,1.2,2.9,523,696,135,80,723,210,80,336,39,18,97
BER,2023,7,22,9,21.2,55.7,14,12,9.26,15.6,44.9,0,954.1,225,1.9,4.7,653,676,178,99,648,362,99,347,53,18,97
BER,2023,7,22,10,21.9,45.8,12,9.7,7.92,14.7,42.2,0,954,277,2.7,6.7,849,949,87,87,612,489,87,315,20,18,97
BER,2023,7,22,11,23,43.1,12.1,9.8,7.99,15.1,43.5,0,953.7,260,2.8,7.3,915,965,77,92,402,560,91,306,0,18,97
BER,2023,7,22,12,23.9,37.7,11.2,8.6,7.39,14.9,42.9,0,953.3,265,3,6.9,931,934,98,97,171,589,158,312,0,18,97
BER,2023,7,22,13,24.9,34.3,10.8,8.1,7.13,15,43.2,0,952.9,261,3.4,8,900,903,112,97,99,565,388,310,0,18,97
BER,2023,7,22,14,25.6,35.7,11.7,9.3,7.73,15.8,45.5,0,952.6,259,3.4,8.8,827,888,107,90,92,488,574,309,0,18,97
BER,2023,7,22,15,25.7,34.3,11.3,8.8,7.47,15.6,44.9,0,952.3,263,3.5,8.3,712,863,98,79,81,368,712,309,0,18,97
BER,2023,7,22,16,25.8,33.6,11.2,8.6,7.4,15.5,44.8,0,952.2,259,3.5,8.1,565,830,83,65,66,216,788,308,0,18,97
BER,2023,7,22,17,25.5,34.7,11.3,8.8,7.47,15.5,44.7,0,952,276,3.2,7.1,394,754,71,121,50,66,773,308,0,18,97
BER,2023,7,22,18,25.1,34.6,11,8.4,7.27,15.2,43.8,0,951.9,253,2.8,6.9,219,606,57,198,34,34,629,308,0,18,97
BER,2023,7,22,19,23.5,38.1,11,8.4,7.27,14.6,42.1,0,952.1,276,1,4.2,62,267,29,125,16,16,269,308,0,18,97
BER,2023,7,22,20,19.3,57.1,12.8,10.6,8.47,14.1,40.9,0,952.6,108,0.3,1.3,0,0,0,0,0,0,0,306,0,18,97
BER,2023,7,22,21,17.1,66,12.9,10.7,8.54,13.3,38.8,0,952.9,135,0.3,1.1,0,0,0,0,0,0,0,304,0,18,97
BER,2023,7,22,22,17.1,65.5,12.8,10.6,8.47,13.3,38.6,0,953,189,0.6,1.3,0,0,0,0,0,0,0,302,0,18,97
BER,2023,7,22,23,16.2,71.3,13.1,11,8.67,13.1,38.2,0,953,187,0.9,2.3,0,0,0,0,0,0,0,301,0,18,97
BER,2023,7,23,0,17.8,64.8,13.2,11.1,8.74,13.8,40,0,952.8,168,2,4,0,0,0,0,0,0,0,299,0,18,97
BER,2023,7,23,1,17.4,64.7,12.9,10.7,8.54,13.5,39.1,0,952.5,167,2.1,3.9,0,0,0,0,0,0,0,298,0,18,97
BER,2023,7,23,2,16.7,67.2,12.8,10.6,8.48,13.1,38.2,0,952.2,163,2.1,5,0,0,0,0,0,0,0,299,0,18,97
BER,2023,7,23,3,16.2,69.4,12.8,10.6,8.48,12.9,37.7,0,952.2,163,2.1,4.3,0,0,0,0,0,0,0,300,0,18,97
BER,2023,7,23,4,14.6,78.5,13,10.9,8.61,12.4,36.4,0,952.2,190,1.2,2.4,0,0,0,0,0,0,0,300,0,18,97
BER,2023,7,23,5,13.5,85.4,13.2,11.1,8.74,12.1,35.6,0,952.5,212,1,2.3,48,195,28,98,198,15,15,327,35,18,97
BER,2023,7,23,6,15.7,78.1,13.9,11.9,9.21,13.4,39.1,0,952.7,229,1,2,133,170,86,97,220,47,48,359,81,18,97
BER,2023,7,23,7,18.9,65.5,14.3,12.3,9.48,14.9,43,0,952.8,204,1.1,2.8,371,688,93,154,731,55,55,344,51,18,97
BER,2023,7,23,8,20.4,55.9,13.4,11.3,8.87,14.9,43,0,952.9,190,1.8,3.4,343,152,259,141,296,186,142,379,100,18,97
BER,2023,7,23,9,21.8,52,13.6,11.5,9.01,15.5,44.8,0,952.8,229,2.2,5.3,668,726,154,98,653,359,98,362,61,18,97
BER,2023,7,23,10,24.1,48.6,14.6,12.6,9.68,16.9,48.9,0,952.5,254,2.8,7.3,795,816,144,98,587,476,97,352,48,18,97
BER,2023,7,23,11,25.7,44.8,14.8,12.8,9.82,17.5,50.9,0,951.8,243,3.1,6.5,902,901,121,97,421,569,96,356,39,18,97
BER,2023,7,23,12,28.1,34.3,13,10.9,8.62,17.4,50.3,0,951.3,234,5.3,14.1,836,703,210,134,212,541,189,373,53,18,97
BER,2023,7,23,13,28.8,30.8,12.2,9.9,8.08,17.1,49.6,0,950.9,236,7.1,13.4,798,625,253,134,134,530,397,385,60,18,97
BER,2023,7,23,14,29.1,30.3,12.2,9.9,8.09,17.2,49.9,0,950.4,233,6.8,13.8,630,461,261,141,139,392,454,385,71,18,97
BER,2023,7,23,15,29.3,31.1,12.7,10.5,8.43,17.6,51,0,949.8,234,6.5,13.5,340,116,254,138,135,204,243,390,81,18,97
BER,2023,7,23,16,29.4,32.4,13.3,11.2,8.84,17.9,52.2,0,949.1,218,3.4,7.4,490,542,177,93,93,233,606,378,64,18,97
BER,2023,7,23,17,29,33.6,13.5,11.4,8.98,17.9,52.1,0,948.4,239,2.2,6.6,338,484,125,120,69,85,548,376,61,18,97
BER,2023,7,23,18,28.6,37,14.5,12.5,9.66,18.3,53.4,0,948.1,225,1,3.3,178,351,80,139,44,44,395,379,64,18,97
BER,2023,7,23,19,25.8,48.4,16.1,14.1,10.75,18.2,53.3,0,947.8,31,0.8,2.4,53,179,31,90,16,17,188,367,53,18,97
BER,2023,7,23,20,24.2,51.2,15.5,13.5,10.34,17.4,50.7,0,947.9,38,1.8,5.2,0,0,0,0,0,0,0,393,94,18,97
BER,2023,7,23,21,21.5,63.1,16.2,14.2,10.81,16.9,49.1,0,948,37,0.8,2.3,0,0,0,0,0,0,0,368,60,18,97
BER,2023,7,23,22,20.7,65,15.9,13.9,10.61,16.4,47.8,0,947.9,13,1,2,0,0,0,0,0,0,0,348,29,18,97
BER,2023,7,23,23,21,62.2,15.5,13.5,10.34,16.3,47.4,0,947.5,175,1.3,3.3,0,0,0,0,0,0,0,364,65,18,97
BER,2023,7,24,0,20.2,69.7,16.5,14.5,11.02,16.6,48.3,0,947.9,212,1.5,3.3,0,0,0,0,0,0,0,378,94,18,97
BER,2023,7,24,1,19.2,72.8,16.2,14.2,10.82,16.1,46.8,0,947.1,164,0.8,1.8,0,0,0,0,0,0,0,352,49,18,97
BER,2023,7,24,2,19.1,70.9,15.7,13.7,10.49,15.7,45.8,0,946.2,185,1.2,3.4,0,0,0,0,0,0,0,372,81,18,97
BER,2023,7,24,3,18.3,74.1,15.6,13.6,10.43,15.4,44.8,0,946.1,193,1,2.9,0,0,0,0,0,0,0,379,94,18,97
BER,2023,7,24,4,18.1,78,16.2,14.2,10.8,15.7,45.6,0.3,949.3,222,1.5,12.7,0,0,0,0,0,0,0,384,100,18,97
BER,2023,7,24,5,18.6,89.3,19.1,16.8,12.79,17.4,51.1,4.5,947.9,229,3.2,14.2,17,12,16,14,20,9,9,385,100,18,97
BER,2023,7,24,6,18.6,89.3,19.1,16.8,12.8,17.4,51.2,0,946.9,146,0.9,2.3,69,13,66,41,50,38,38,386,100,18,97
BER,2023,7,24,7,19.4,84.9,19.1,16.8,12.8,17.7,52,0,947.6,201,1.5,3.2,94,20,87,55,69,50,50,388,100,18,97
BER,2023,7,24,8,19.8,80.3,18.5,16.3,12.4,17.5,51.4,0.1,946.6,162,1.5,3.3,344,313,157,87,375,173,87,388,94,18,97
BER,2023,7,24,9,21.5,73.7,18.9,16.6,12.68,18.3,53.8,0,946,193,1.2,2.7,368,126,279,155,264,216,155,390,94,18,97
BER,2023,7,24,10,22.6,70.2,19.3,16.9,12.95,18.8,55.7,0,946.3,250,2.4,5.1,601,364,311,169,419,373,169,389,88,18,97
BER,2023,7,24,11,22.7,71.1,19.6,17.2,13.15,19,56.3,0,946.4,281,1.9,4.9,347,60,296,166,201,210,166,397,100,18,97
BER,2023,7,24,12,24,66.2,19.8,17.3,13.3,19.5,58,0,945.6,252,1.9,5.9,501,218,308,173,185,316,221,396,92,18,97
BER,2023,7,24,13,25.3,55.7,18,15.8,12.08,19,56.2,0,944.6,256,4,8.9,417,168,268,151,148,261,211,397,94,18,97
BER,2023,7,24,14,23.7,62.4,18.3,16.1,12.28,18.7,55.1,0.1,945.2,246,2.3,4.8,291,86,220,124,121,176,178,399,100,18,97
BER,2023,7,24,15,24.4,58.7,18,15.8,12.08,18.7,55.3,0,945,227,4.4,10.1,258,43,229,129,126,149,172,398,100,18,97
BER,2023,7,24,16,23.1,65.6,18.5,16.3,12.41,18.6,54.8,1,945.4,272,3.5,7.8,356,327,161,88,87,181,393,390,88,18,97
BER,2023,7,24,17,20.9,79.4,19.6,17.2,13.17,18.4,54.5,0.2,945.1,193,2,7.7,79,9,76,45,42,43,53,395,100,18,97
BER,2023,7,24,18,20.9,84.6,20.9,18.2,14.06,19.1,56.7,3.9,945.7,160,1.6,4.1,97,119,66,72,35,36,157,393,94,18,97
BER,2023,7,24,19,19.3,87.1,19.5,17.1,13.1,17.9,52.6,1.1,945.1,135,0.9,4.6,27,45,22,31,12,13,55,385,88,18,97
BER,2023,7,24,20,18.3,91,19.1,16.8,12.83,17.3,50.9,0,945.2,127,0.9,2.3,0,0,0,0,0,0,0,386,94,18,97
BER,2023,7,24,21,18.2,91,19,16.7,12.76,17.2,50.6,0,945.4,180,0.5,1.8,0,0,0,0,0,0,0,387,100,18,97
BER,2023,7,24,22,18.4,88.1,18.6,16.4,12.49,17.1,50.2,0,945.1,165,1.5,3.8,0,0,0,0,0,0,0,384,100,18,97
BER,2023,7,24,23,18.4,87.6,18.5,16.3,12.42,17,50,0,944.9,189,1.4,3.2,0,0,0,0,0,0,0,382,100,18,97
BER,2023,7,25,0,18.6,88.1,18.9,16.6,12.7,17.3,50.9,0,944.9,162,1.8,3.6,0,0,0,0,0,0,0,379,100,18,97
BER,2023,7,25,1,18.2,92.1,19.2,16.9,12.91,17.3,51,0,944.3,211,0.6,1.5,0,0,0,0,0,0,0,378,100,17,97
BER,2023,7,25,2,18.1,92.7,19.3,16.9,12.98,17.3,51.1,0,944,216,0.9,1.6,0,0,0,0,0,0,0,377,100,17,97
BER,2023,7,25,3,17.8,89.2,18.2,16,12.24,16.6,48.9,0,943.4,200,1.3,2.9,0,0,0,0,0,0,0,373,88,17,97
BER,2023,7,25,4,17.5,85.3,17.1,15,11.48,15.9,46.7,0.1,943.6,205,1.9,4.3,0,0,0,0,0,0,0,359,71,17,97
BER,2023,7,25,5,17.4,81.5,16.2,14.2,10.86,15.4,45,0,944.1,201,1.4,4,10,2,10,7,7,6,6,375,100,17,97
BER,2023,7,25,6,17.6,77.9,15.7,13.7,10.51,15.2,44.3,0,944.5,218,1.7,5.4,139,247,82,121,291,45,45,363,75,17,97
BER,2023,7,25,7,18.3,74.5,15.7,13.7,10.51,15.4,45.1,0,944.5,225,2.6,6,249,241,150,122,326,84,83,354,68,17,97
BER,2023,7,25,8,18.4,69.8,14.8,12.8,9.9,15,43.6,0,944.4,232,4.1,9.1,361,260,216,116,371,185,117,363,71,17,97
BER,2023,7,25,9,19.6,61.9,14.1,12.1,9.43,15,43.6,0,944.3,234,5.4,10.8,659,747,146,94,681,348,94,347,51,17,97
BER,2023,7,25,10,19.1,62.6,13.8,11.8,9.22,14.7,42.6,0,944.8,235,5.3,10.9,290,18,276,158,169,169,159,372,100,17,97
BER,2023,7,25,11,19,68.2,15,13,10.03,15.3,44.6,0,944.8,249,4.5,11,567,195,399,213,321,361,214,368,94,17,97
BER,2023,7,25,12,19.9,62.4,14.5,12.5,9.7,15.4,44.6,0,944.4,242,4.9,12.8,653,315,374,198,275,428,231,364,81,17,97
BER,2023,7,25,13,18.1,70.2,14.6,12.6,9.76,14.7,42.9,9.2,945.3,242,5.3,12.3,365,57,316,176,172,222,207,377,100,17,97
BER,2023,7,25,14,16.9,84.7,16.3,14.3,10.91,15.3,44.6,0.5,945.2,223,2.9,7.4,352,71,295,164,159,212,221,371,94,17,97
BER,2023,7,25,15,18.8,64.2,13.9,11.9,9.28,14.6,42.4,0,945.4,221,4.1,9,347,64,303,170,165,203,231,369,94,17,97
BER,2023,7,25,16,20.3,50.9,12.1,9.8,8.06,14.1,40.9,0,945.4,230,5.3,11.4,455,411,214,112,110,235,508,355,75,17,97
BER,2023,7,25,17,19.7,52.4,12,9.7,7.99,13.8,40.1,0,946.1,266,5.5,12.2,287,369,127,108,68,82,440,357,81,17,97
BER,2023,7,25,18,16.6,68.1,12.9,10.7,8.59,13.1,38.4,0,947.2,302,2.6,7.9,110,119,72,69,40,40,162,367,100,17,97
BER,2023,7,25,19,16.1,66.7,12.2,9.9,8.11,12.5,36.7,0.1,948.3,226,3.7,8.3,6,0,6,3,3,3,3,365,100,17,97
BER,2023,7,25,20,14.2,83.8,13.6,11.5,9.04,12.6,37.1,0.6,949.4,234,2.4,6.5,0,0,0,0,0,0,0,363,100,17,97
BER,2023,7,25,21,13.9,87.2,13.8,11.8,9.17,12.7,37.1,0.1,949.9,216,2.5,6.7,0,0,0,0,0,0,0,362,100,17,97
BER,2023,7,25,22,13.7,85.4,13.4,11.3,8.9,12.3,36.2,0,950.4,225,2,5.1,0,0,0,0,0,0,0,345,81,17,97
BER,2023,7,25,23,13.3,85.9,13.1,11,8.69,12,35.3,0,950.8,203,1.6,3.1,0,0,0,0,0,0,0,343,74,17,97
BER,2023,7,26,0,13,87.6,13.1,11,8.68,11.8,35,0,951.4,214,1.2,3,0,0,0,0,0,0,0,353,94,17,97
BER,2023,7,26,1,13,87.1,13,10.9,8.62,11.8,34.8,0,951.5,180,0.9,2.2,0,0,0,0,0,0,0,346,88,18,97
BER,2023,7,26,2,12.8,88.8,13.1,11,8.68,11.8,34.8,0,951.6,207,0.7,2.1,0,0,0,0,0,0,0,348,88,18,97
BER,2023,7,26,3,12.9,88.2,13.1,11,8.68,11.8,34.9,0,951.7,180,0.5,1.5,0,0,0,0,0,0,0,356,100,18,97
BER,2023,7,26,4,13.1,86.5,13,10.9,8.61,11.8,34.9,0,951.8,198,0.7,1.8,0,0,0,0,0,0,0,356,100,18,97
BER,2023,7,26,5,13,87.6,13.1,11,8.68,11.8,35,0,952.1,225,0.9,1.5,5,0,5,3,3,3,3,355,100,18,97
BER,2023,7,26,6,13.1,85.4,12.9,10.7,8.54,11.7,34.7,0.1,952.4,198,1,2.2,62,1,62,36,36,35,36,355,100,18,97
BER,2023,7,26,7,13.5,84.3,13,10.9,8.6,12,35.3,0,952.8,193,1,2.8,107,6,105,61,65,60,61,356,100,18,97
BER,2023,7,26,8,13.9,83.8,13.3,11.2,8.8,12.3,36.2,0.6,953.1,200,1.6,3.1,154,1,153,88,86,88,89,358,100,18,97
BER,2023,7,26,9,14.8,80.6,13.6,11.5,9,12.9,37.6,0,953.1,195,1.7,4.3,251,5,247,142,143,144,143,360,100,18,97
BER,2023,7,26,10,16.3,71.8,13.3,11.2,8.8,13.3,38.7,0,953.3,225,3.1,7.5,479,161,349,191,306,295,192,362,94,18,97
BER,2023,7,26,11,17.5,59.4,11.9,9.5,7.86,12.9,37.5,0,953.2,238,4.1,9,619,251,401,212,344,402,213,355,88,18,97
BER,2023,7,26,12,17.7,57.5,11.6,9.2,7.66,12.8,37.2,0,953.1,238,3.7,11,421,217,228,134,168,264,138,362,88,18,97
BER,2023,7,26,13,18.7,52.9,11.4,8.9,7.53,13.1,37.9,0,953,243,4.1,10.3,543,179,387,206,202,348,306,368,94,18,97
BER,2023,7,26,14,19.7,48.7,11.2,8.6,7.4,13.3,38.6,0,953.2,252,4.5,9.9,579,289,347,184,181,367,394,359,81,18,97
BER,2023,7,26,15,20.1,46.9,11,8.4,7.26,13.4,38.6,0,953.2,251,3.6,8.8,597,489,249,130,129,356,536,350,71,18,97
BER,2023,7,26,16,19.1,50.2,11.1,8.5,7.33,13,37.8,0,953.1,272,2.5,6.5,257,76,218,122,119,141,202,369,94,18,97
BER,2023,7,26,17,19.6,48.3,11,8.4,7.26,13.2,38.1,0,952.9,275,2.7,6.3,320,421,142,123,77,90,499,348,71,18,97
BER,2023,7,26,18,19.4,49.3,11.1,8.5,7.33,13.1,38.1,0,953.1,252,2.1,4.5,208,584,58,186,33,33,611,315,20,18,97
BER,2023,7,26,19,18.1,53.1,11,8.4,7.26,12.6,36.6,0,953.3,284,0.9,3.1,53,238,25,106,13,13,240,330,33,18,97
BER,2023,7,26,20,15.4,74.5,13,10.9,8.6,12.8,37.2,0,953.7,90,0.6,2,0,0,0,0,0,0,0,337,48,18,97
BER,2023,7,26,21,13.8,79.4,12.5,10.3,8.26,11.8,34.7,0,953.6,153,0.4,1.4,0,0,0,0,0,0,0,321,20,18,97
BER,2023,7,26,22,13.2,80.4,12.2,9.9,8.06,11.3,33.6,0,953.4,171,0.6,2,0,0,0,0,0,0,0,311,0,18,97
BER,2023,7,26,23,14,75.3,12,9.7,7.93,11.6,34.1,0,953.2,169,1.6,3.1,0,0,0,0,0,0,0,303,0,18,97
BER,2023,7,27,0,12.9,80.9,12,9.7,7.93,11.1,33,0,953.1,162,1,2.9,0,0,0,0,0,0,0,300,0,18,97
BER,2023,7,27,1,13.2,77.2,11.7,9.3,7.73,11,32.8,0,952.8,174,2,3.8,0,0,0,0,0,0,0,315,38,17,97
BER,2023,7,27,2,13.1,78.2,11.8,9.4,7.8,11,32.9,0,952.3,174,2.1,4.1,0,0,0,0,0,0,0,337,80,17,97
BER,2023,7,27,3,13.1,77.2,11.6,9.2,7.67,10.9,32.5,0,952,174,1.9,3.4,0,0,0,0,0,0,0,351,100,17,97
BER,2023,7,27,4,12.7,80.9,11.9,9.5,7.87,10.9,32.6,0,952,197,1.6,3.5,0,0,0,0,0,0,0,354,100,17,97
BER,2023,7,27,5,12.2,86.4,12.3,10,8.14,11,32.8,0,952,215,1.3,2.3,27,35,23,28,46,13,13,339,71,17,97
BER,2023,7,27,6,12.9,84.8,12.6,10.4,8.35,11.5,34,0,951.6,233,1,1.7,122,127,88,83,177,48,48,355,94,17,97
BER,2023,7,27,7,14,78.4,12.5,10.3,8.28,11.9,35,0,951.8,225,1.1,2.6,200,118,154,106,206,87,86,361,100,17,97
BER,2023,7,27,8,16.3,67.6,12.5,10.3,8.28,12.8,37.3,0,951.6,202,1.8,3.6,526,778,94,63,763,209,63,345,61,17,97
BER,2023,7,27,9,17.6,61.8,12.4,10.2,8.22,13.3,38.5,0,951.1,230,2.5,4.5,431,186,298,161,321,258,162,367,94,17,97
BER,2023,7,27,10,19.2,56.3,12.5,10.3,8.29,13.9,40.3,0,950.7,232,2,4.2,686,559,244,135,501,429,135,359,71,17,97
BER,2023,7,27,11,21.8,52.6,13.7,11.7,9.1,15.6,45,0,950.4,252,2.3,6.4,807,732,174,124,358,513,124,355,59,17,97
BER,2023,7,27,12,24,45.5,13.6,11.5,9.04,16.3,47.1,0,949.5,236,3.4,11.8,845,730,200,121,204,564,195,359,56,17,97
BER,2023,7,27,13,24.7,41.1,12.8,10.6,8.5,16.1,46.5,0,949,229,4,9.3,870,829,153,105,106,569,386,357,53,17,97
BER,2023,7,27,14,26.4,38.6,13.3,11.2,8.85,17,49.1,0,948.5,242,4.4,10.1,693,530,271,139,138,446,502,365,65,17,97
BER,2023,7,27,15,27,35.8,12.8,10.6,8.51,16.9,48.9,0,948,234,4,8.3,695,842,104,77,79,376,702,345,33,17,97
BER,2023,7,27,16,27.4,35.2,12.9,10.7,8.59,17.1,49.5,0,947.4,251,3.9,7.7,540,785,92,63,65,224,758,331,0,17,97
BER,2023,7,27,17,27.3,35,12.7,10.5,8.45,16.9,49,0,947.1,256,3.8,9.2,373,707,78,112,49,67,734,328,0,17,97
BER,2023,7,27,18,26.7,36,12.6,10.4,8.39,16.7,48.2,0,947.1,246,3.1,7,202,571,57,181,33,32,598,329,0,17,97
BER,2023,7,27,19,25.3,40.4,13,10.9,8.65,16.4,47.5,0,947.4,227,1.8,4.2,51,224,25,100,13,13,227,328,0,17,97
BER,2023,7,27,20,22.8,47.3,13.1,11,8.71,15.6,45.1,0,948.1,214,0.9,1.8,0,0,0,0,0,0,0,326,0,17,97
BER,2023,7,27,21,19.1,64.7,14.3,12.3,9.52,15,43.4,0,948.3,129,0.7,1.6,0,0,0,0,0,0,0,323,0,17,97
BER,2023,7,27,22,17.7,71.1,14.4,12.4,9.59,14.5,42.1,0,948,180,0.7,2.8,0,0,0,0,0,0,0,325,13,17,97
BER,2023,7,27,23,18.1,69.8,14.5,12.5,9.66,14.7,42.7,0,947.7,172,0.9,3.8,0,0,0,0,0,0,0,349,59,17,97
BER,2023,7,28,0,19.2,64.3,14.3,12.3,9.53,15,43.5,0,947.6,175,2.2,4.8,0,0,0,0,0,0,0,354,64,17,97
BER,2023,7,28,1,18.7,65.9,14.2,12.2,9.46,14.7,42.8,0,947.6,183,2.2,3.5,0,0,0,0,0,0,0,350,63,17,97
BER,2023,7,28,2,17.9,72.1,14.8,12.8,9.86,14.8,43,0,948.4,204,1.9,4,0,0,0,0,0,0,0,347,50,17,97
BER,2023,7,28,3,16.5,79.3,14.9,12.9,9.92,14.3,41.7,0,948.7,185,1.2,2.8,0,0,0,0,0,0,0,327,6,17,97
BER,2023,7,28,4,17,75.8,14.7,12.7,9.79,14.4,41.9,0,948.7,153,1.3,3.7,0,0,0,0,0,0,0,345,40,17,97
BER,2023,7,28,5,17.5,74.4,14.9,12.9,9.92,14.7,42.7,0,948.8,156,1,2.3,18,6,18,12,16,10,10,364,66,17,97
BER,2023,7,28,6,19.7,68.3,15.7,13.7,10.46,15.9,46.4,0,949,174,0.9,1.7,149,349,57,121,381,30,31,359,59,17,97
BER,2023,7,28,7,21.7,61.6,16,14,10.66,16.8,48.9,0,949.3,225,1.1,2.4,335,583,99,120,633,69,56,355,45,17,97
BER,2023,7,28,8,23.4,58.1,16.7,14.7,11.14,17.8,51.9,0,949.3,236,2.8,5.9,519,758,100,65,750,210,65,350,40,17,97
BER,2023,7,28,9,24.5,56.9,17.5,15.4,11.68,18.5,54.4,0,949.3,239,2.8,6.1,545,401,271,138,496,325,138,369,65,17,97
BER,2023,7,28,10,25.1,51.5,16.4,14.4,10.93,18.2,53.1,0,949.3,237,5.1,9.8,554,241,366,192,380,350,193,392,100,17,97
BER,2023,7,28,11,25.3,51.5,16.6,14.6,11.07,18.4,53.7,0,949.4,233,4.5,9.3,513,189,349,193,269,323,194,391,94,17,97
BER,2023,7,28,12,25.6,47.1,15.5,13.5,10.33,17.9,52.1,0,949.2,229,4.9,9,343,37,310,174,186,205,175,397,100,17,97
BER,2023,7,28,13,25.4,47.4,15.4,13.4,10.26,17.7,51.7,0,948.8,223,4.7,9.9,236,1,235,135,131,136,136,399,100,17,97
BER,2023,7,28,14,27.3,40.7,14.8,12.8,9.86,18.1,52.6,0,948.4,228,5.5,12,393,131,285,156,152,244,244,399,94,17,97
BER,2023,7,28,15,26,46.6,15.7,13.7,10.46,18.1,52.8,0,949,259,5.4,12.6,303,48,268,150,146,178,193,395,94,17,97
BER,2023,7,28,16,22.7,68,18.8,16.5,12.57,18.6,54.8,2.2,949.3,11,2.6,7.3,184,35,163,92,89,104,128,395,100,17,97
BER,2023,7,28,17,21,84.6,21,18.3,14.07,19.2,56.9,0,949.3,72,0.8,2,212,200,120,75,65,86,265,391,94,17,97
BER,2023,7,28,18,21.7,79.5,20.6,18,13.8,19.2,56.9,0,949.4,81,0.9,2.3,97,75,77,63,42,43,120,391,88,17,97
BER,2023,7,28,19,20.5,84.5,20.4,17.8,13.66,18.7,55.3,0,949.4,72,0.5,1.5,39,115,27,60,14,15,125,380,60,17,97
BER,2023,7,28,20,19.1,89.9,19.9,17.4,13.31,18,53,0,949.9,27,1,2.9,0,0,0,0,0,0,0,364,33,17,97
BER,2023,7,28,21,19.1,89.3,19.8,17.3,13.24,17.9,52.8,0,950.1,9,2.6,5.3,0,0,0,0,0,0,0,362,38,17,97
BER,2023,7,28,22,18.9,91,19.9,17.4,13.31,17.9,52.7,0,950.1,17,1.7,4.2,0,0,0,0,0,0,0,380,88,17,97
BER,2023,7,28,23,18.4,93.3,19.7,17.3,13.17,17.7,51.9,0.1,950.1,21,0.9,1.9,0,0,0,0,0,0,0,371,84,17,97
BER,2023,7,29,0,17.6,93.3,18.8,16.5,12.56,16.9,49.5,0,949.7,22,0.5,1.7,0,0,0,0,0,0,0,363,61,17,97
BER,2023,7,29,1,17.4,93.9,18.6,16.4,12.43,16.8,49,0,949.5,18,0.7,1.4,0,0,0,0,0,0,0,378,94,18,97
BER,2023,7,29,2,17.7,91.5,18.5,16.3,12.36,16.8,49.1,0,949.7,167,1.2,2.7,0,0,0,0,0,0,0,380,100,18,97
BER,2023,7,29,3,18,89.8,18.5,16.3,12.35,16.9,49.4,2.5,949.9,176,1.7,4.3,0,0,0,0,0,0,0,381,100,18,97
BER,2023,7,29,4,17.9,88.7,18.2,16,12.15,16.7,48.8,0,949.8,174,2,4.4,0,0,0,0,0,0,0,370,63,18,97
BER,2023,7,29,5,17.9,89.2,18.3,16.1,12.22,16.7,49,0,950.1,188,2.4,4.3,16,50,12,27,53,7,7,371,68,18,97
BER,2023,7,29,6,18.6,84.8,18.2,16,12.15,16.9,49.5,0,950.1,175,2.4,4.5,168,438,63,152,471,35,35,367,55,18,97
BER,2023,7,29,7,19.5,82.3,18.6,16.4,12.42,17.5,51.1,0,950.3,164,2.6,5.4,333,592,95,114,636,71,57,368,51,18,97
BER,2023,7,29,8,21.3,76,19.2,16.9,12.83,18.4,54,0,950.1,166,2.2,3.8,503,719,109,68,725,211,68,365,43,18,97
BER,2023,7,29,9,23.2,69.4,19.8,17.3,13.24,19.3,57,0,949.7,199,2,5.3,637,726,141,87,662,356,87,371,49,18,97
BER,2023,7,29,10,25.5,58.6,19.1,16.8,12.76,19.7,58.2,0,949.8,230,4.4,11.2,568,361,284,156,400,358,156,380,69,18,97
BER,2023,7,29,11,26.2,51.1,17.4,15.3,11.61,19,55.9,0,949.8,230,6.3,14.7,795,672,220,126,411,532,126,382,68,18,97
BER,2023,7,29,12,25.5,52.6,17.2,15.1,11.47,18.7,54.9,0,949.6,230,6,12.1,455,66,396,223,238,276,231,402,100,18,97
BER,2023,7,29,13,24.9,52.4,16.5,14.5,10.99,18.2,53,0,950.4,228,5.9,12.8,290,7,285,164,159,168,168,403,100,18,97
BER,2023,7,29,14,23,63.5,17.8,15.7,11.86,18.2,53.3,0,951.1,237,6.5,14,191,0,191,110,107,110,111,402,100,18,97
BER,2023,7,29,15,20.6,79.9,19.4,17,12.95,18.2,53.6,0.4,951.3,221,3,8.5,118,0,118,68,66,68,68,401,100,18,97
BER,2023,7,29,16,19.8,80.3,18.5,16.3,12.34,17.5,51.2,0.7,951.3,200,3,7.1,69,0,69,40,39,40,40,400,100,18,97
BER,2023,7,29,17,18.5,86.5,18.4,16.2,12.27,17,49.7,1.7,951.2,186,2.9,5.8,38,0,38,22,22,22,22,398,100,18,97
BER,2023,7,29,18,18.2,88.7,18.5,16.3,12.34,17,49.6,1.1,950.8,174,3,6.1,23,0,23,13,13,13,13,397,100,18,97
BER,2023,7,29,19,18.4,88.7,18.8,16.5,12.54,17.2,50.3,0,951,175,2.5,4.4,22,21,20,20,11,11,32,396,100,18,97
BER,2023,7,29,20,18.4,88.7,18.8,16.5,12.54,17.2,50.3,0,951.1,165,2.3,5.3,0,0,0,0,0,0,0,393,100,18,97
BER,2023,7,29,21,18.3,88.7,18.6,16.4,12.4,17.1,49.8,0,951.7,193,1.5,5.1,0,0,0,0,0,0,0,388,94,18,97
BER,2023,7,29,22,17.9,90.9,18.7,16.4,12.46,16.9,49.6,0,951.9,191,1.1,2.5,0,0,0,0,0,0,0,375,68,18,97
BER,2023,7,29,23,17.8,91.5,18.7,16.4,12.46,16.9,49.5,0,951.9,186,1.2,2.8,0,0,0,0,0,0,0,371,68,18,97
BER,2023,7,30,0,17.8,91.5,18.7,16.4,12.47,16.9,49.5,0.1,951.8,186,1.1,2,0,0,0,0,0,0,0,375,78,18,97
BER,2023,7,30,1,17.8,91.5,18.6,16.4,12.4,16.9,49.3,0,951.9,171,1.4,3.2,0,0,0,0,0,0,0,379,94,19,97
BER,2023,7,30,2,17.8,90.9,18.5,16.3,12.33,16.8,49.1,0.1,951.8,172,1.6,3,0,0,0,0,0,0,0,379,88,19,97
BER,2023,7,30,3,17.8,90.9,18.5,16.3,12.33,16.8,49.1,0.4,951.9,180,1.4,2.9,0,0,0,0,0,0,0,372,78,19,97
BER,2023,7,30,4,17.7,90.9,18.4,16.2,12.26,16.7,48.9,0,952,168,1.5,3.7,0,0,0,0,0,0,0,361,55,19,97
BER,2023,7,30,5,17.6,90.9,18.3,16.1,12.18,16.6,48.6,0,952.5,174,1,2.4,11,16,9,12,20,5,5,357,59,19,97
BER,2023,7,30,6,18.3,89.3,18.8,16.5,12.52,17.1,50.1,0,952.6,175,1.2,3,168,428,65,150,464,37,37,356,49,19,97
BER,2023,7,30,7,19.2,84.4,18.8,16.5,12.52,17.4,51.1,0,953.1,220,1.6,3.4,230,309,122,120,379,71,71,357,66,19,97
BER,2023,7,30,8,19.6,79.2,18.1,15.9,12.04,17.2,50.3,0,953.3,259,2.7,6.6,228,31,212,122,151,130,122,379,88,19,97
BER,2023,7,30,9,20.1,76.3,17.9,15.8,11.9,17.3,50.4,0,953.6,250,3.1,7.7,420,160,314,174,322,251,174,380,94,19,97
BER,2023,7,30,10,20.8,68.5,16.8,14.8,11.15,17,49.2,0,953.9,255,3.8,9.1,681,539,260,142,510,442,142,363,65,19,97
BER,2023,7,30,11,22,62.9,16.6,14.6,11.02,17.3,50.1,0,953.8,268,3.6,8.2,781,619,255,144,424,530,144,352,48,19,97
BER,2023,7,30,12,22.8,56.1,15.6,13.6,10.34,17,49.2,0,953.7,263,3.8,9.6,859,758,194,122,211,592,189,350,44,19,97
BER,2023,7,30,13,23.9,48.9,14.5,12.5,9.61,16.8,48.5,0,953.3,256,4.8,10.2,907,966,78,94,97,593,380,320,13,19,97
BER,2023,7,30,14,24.3,42.9,13,10.9,8.6,16.1,46.3,0,953.4,273,4.8,9.6,825,937,79,87,90,510,579,311,0,19,97
BER,2023,7,30,15,24.5,39.9,12.3,10,8.13,15.7,45.3,0,953.5,281,4.6,8.9,701,888,83,77,80,386,723,311,0,19,97
BER,2023,7,30,16,24.2,39.3,11.9,9.5,7.86,15.4,44.4,0,953.6,284,4.4,8.8,547,829,79,64,66,233,791,316,0,19,97
BER,2023,7,30,17,23.6,37.3,10.9,8.2,7.19,14.6,42,0,953.6,270,3.5,8.1,372,729,72,107,50,68,755,330,23,19,97
BER,2023,7,30,18,22.6,40.2,11,8.4,7.25,14.3,41.2,0,954.1,259,2.2,5.4,191,520,63,167,36,36,554,347,45,19,97
BER,2023,7,30,19,21.1,45.3,11.3,8.8,7.45,13.9,40.1,0,954.5,238,1.5,3.1,48,210,25,94,13,14,216,334,23,19,97
BER,2023,7,30,20,18.5,56.9,12.1,9.8,7.98,13.4,38.8,0,955,259,0.8,2.1,0,0,0,0,0,0,0,338,25,19,97
BER,2023,7,30,21,16.4,68.5,12.8,10.6,8.45,13,37.9,0,955.2,360,0.7,1.7,0,0,0,0,0,0,0,346,53,19,97
BER,2023,7,30,22,15,76.5,13,10.9,8.58,12.6,36.8,0,955.4,153,0.5,1.4,0,0,0,0,0,0,0,348,58,19,97
BER,2023,7,30,23,14.2,81.6,13.2,11.1,8.71,12.4,36.3,0,955.6,180,0.4,1,0,0,0,0,0,0,0,330,20,19,97
BER,2023,7,31,0,13.6,84.3,13.1,11,8.65,12.1,35.5,0,955.1,162,0.4,1,0,0,0,0,0,0,0,329,13,19,97
BER,2023,7,31,1,13.4,85.4,13.1,11,8.65,12,35.3,0,954.8,158,0.6,1.8,0,0,0,0,0,0,0,331,39,18,97
BER,2023,7,31,2,12.4,88.8,12.8,10.6,8.45,11.4,33.8,0,954.5,180,0.3,1.5,0,0,0,0,0,0,0,315,13,18,97
BER,2023,7,31,3,12.4,90.6,13,10.9,8.59,11.5,34.1,0,954.2,202,0.6,1.3,0,0,0,0,0,0,0,346,65,18,97
BER,2023,7,31,4,12.3,90,12.9,10.7,8.52,11.4,33.9,0,954.5,198,0.7,1.3,0,0,0,0,0,0,0,361,94,18,97
BER,2023,7,31,5,12.5,90.6,13.1,11,8.65,11.6,34.4,0,954.7,194,0.9,1.7,13,1,13,8,8,7,7,366,100,18,97
BER,2023,7,31,6,13.6,86.5,13.5,11.4,8.92,12.3,36.2,0,954.8,188,0.8,2.3,82,19,77,50,63,45,45,367,100,18,97
BER,2023,7,31,7,15.6,76.1,13.5,11.4,8.92,13.1,38.3,0,954.5,180,1.5,3.1,344,640,88,112,684,70,53,336,50,18,97
BER,2023,7,31,8,17.2,65.6,12.9,10.7,8.52,13.4,38.9,0,954.2,227,1.7,4.2,493,674,127,77,700,221,77,346,48,18,97
BER,2023,7,31,9,19.1,60.2,13.3,11.2,8.8,14.4,41.5,0,953.9,247,2.8,6.6,667,828,104,79,715,370,79,346,53,18,97
BER,2023,7,31,10,19.9,56.5,13.1,11,8.67,14.6,42,0,953.2,251,2,4.8,745,726,175,108,559,479,108,352,61,18,97
BER,2023,7,31,11,21.7,50.6,13.1,11,8.67,15.2,43.9,0,952.5,253,2.1,7.3,842,817,145,108,401,562,108,349,48,18,97
BER,2023,7,31,12,23.2,44.6,12.7,10.5,8.41,15.5,44.7,0,952,250,3.5,7.8,902,920,96,96,174,608,150,351,38,18,97
BER,2023,7,31,13,24.3,38.3,11.6,9.2,7.68,15.3,44,0,951.1,248,3.4,7.4,843,808,150,108,110,569,377,356,39,18,97
BER,2023,7,31,14,24.9,40,12.6,10.4,8.36,16.1,46.3,0,950.5,244,3.5,7.3,671,480,292,149,148,448,490,378,81,18,97
BER,2023,7,31,15,25.6,40.8,13.4,11.3,8.9,16.7,48.4,0,949.9,241,2.9,7.1,617,604,199,107,107,375,605,376,71,18,97
BER,2023,7,31,16,25.5,43,14,12,9.31,17.1,49.4,0,949.6,242,2.5,5.2,466,504,183,96,95,243,581,374,68,18,97
BER,2023,7,31,17,25.4,42.4,13.7,11.7,9.11,16.9,48.8,0,949.2,255,2.8,5.9,294,343,151,118,79,99,435,379,75,18,97
BER,2023,7,31,18,24.7,45.1,14,12,9.31,16.8,48.6,0,948.9,248,2.3,6,167,409,76,154,42,42,452,365,51,18,97
BER,2023,7,31,19,23.7,46.3,13.6,11.5,9.05,16.2,46.9,0,948.8,222,1.6,4.1,36,126,25,62,13,14,134,370,55,18,97
BER,2023,7,31,20,22.4,52.1,14.1,12.1,9.38,16,46.4,0,948.7,200,1.6,2.9,0,0,0,0,0,0,0,380,81,18,97
BER,2023,7,31,21,21.6,56.5,14.6,12.6,9.72,16,46.4,0,948.7,176,1.5,2.4,0,0,0,0,0,0,0,385,94,18,97
BER,2023,7,31,22,21.2,57.9,14.6,12.6,9.73,15.9,46,0,948.1,184,1.4,2.8,0,0,0,0,0,0,0,386,100,18,97
BER,2023,7,31,23,20.7,60.1,14.7,12.7,9.81,15.7,45.7,0,947.1,169,1.6,2.8,0,0,0,0,0,0,0,384,100,18,97
BER,2023,8,1,0,20.1,62.4,14.7,12.7,9.81,15.5,45.1,0,946.4,176,1.7,2.5,0,0,0,0,0,0,0,378,94,18,97
BER,2023,8,1,1,20,62.8,14.7,12.7,9.82,15.5,45,0,945.7,180,1.7,4,0,0,0,0,0,0,0,377,81,18,97
BER,2023,8,1,2,20.9,56,13.8,11.8,9.22,15.3,44.4,0,945.2,201,2.3,4.6,0,0,0,0,0,0,0,377,94,18,97
BER,2023,8,1,3,20.7,56.3,13.7,11.7,9.15,15.2,44,0,945.2,198,2.3,4.9,0,0,0,0,0,0,0,380,100,18,97
BER,2023,8,1,4,20.6,55.6,13.5,11.4,9.02,15,43.6,0,944.7,222,2.8,6.4,0,0,0,0,0,0,0,380,100,18,97
BER,2023,8,1,5,20.4,54.4,13,10.9,8.68,14.7,42.6,0,944.3,207,2.2,5.8,6,0,6,3,3,3,3,380,100,18,97
BER,2023,8,1,6,20.1,59.2,13.9,11.9,9.29,15.1,43.8,0,944.7,186,1.1,3.7,69,129,44,63,153,24,25,374,88,18,97
BER,2023,8,1,7,18.4,70.8,15,13,10.02,15.1,43.9,1.5,945.7,272,2.9,11,84,45,70,49,86,39,39,378,94,18,97
BER,2023,8,1,8,16.4,84.6,15.8,13.8,10.57,14.8,43.3,0.9,945.3,219,2.9,8.3,91,0,91,53,51,53,53,382,100,18,97
BER,2023,8,1,9,16.9,84.1,16.2,14.2,10.85,15.2,44.5,0.9,945.3,219,2.4,6.7,161,0,161,93,90,93,94,383,100,18,97
BER,2023,8,1,10,18.2,81.6,17,15,11.39,16.2,47.2,0.1,945.1,186,2.1,4.3,346,177,202,116,214,218,117,381,94,18,97
BER,2023,8,1,11,20.8,65.5,16.1,14.1,10.78,16.6,48.3,0,944.8,232,5.1,13.5,521,181,367,200,302,336,201,378,88,18,97
BER,2023,8,1,12,20.9,63.4,15.7,13.7,10.51,16.4,47.7,0.7,944.9,252,5.7,17,349,39,315,179,191,211,180,386,100,18,97
BER,2023,8,1,13,18.2,82.1,17.2,15.1,11.53,16.2,47.5,2.4,945.4,293,2.8,7.3,205,2,203,117,114,119,119,387,100,18,97
BER,2023,8,1,14,18.1,85.9,17.8,15.7,11.93,16.6,48.4,1.1,945.5,259,2.4,5.6,188,4,184,106,103,109,110,386,100,18,97
BER,2023,8,1,15,18.7,84.9,18.3,16.1,12.27,17,49.9,0.2,946,241,4,11.4,176,10,169,97,94,102,107,385,100,18,97
BER,2023,8,1,16,18.4,84.3,17.8,15.7,11.93,16.7,48.7,0.8,946.2,267,1.9,5.9,296,163,198,110,108,169,265,376,88,18,97
BER,2023,8,1,17,19.5,78.7,17.8,15.7,11.92,17,49.9,0.2,946.5,227,1.9,5.9,109,16,103,62,58,59,76,379,94,18,97
BER,2023,8,1,18,19.4,69.6,15.7,13.7,10.49,15.8,46.1,0,946.9,248,2.5,4.9,90,51,79,60,44,45,97,374,88,18,97
BER,2023,8,1,19,18.3,73.6,15.5,13.5,10.35,15.3,44.6,0,947.4,240,1.8,5.8,7,0,7,4,4,4,4,381,100,18,97
BER,2023,8,1,20,17.6,78.4,15.8,13.8,10.54,15.2,44.4,0,947.9,193,1.4,2.9,0,0,0,0,0,0,0,375,94,18,97
BER,2023,8,1,21,16.7,76.7,14.6,12.6,9.73,14.2,41.4,0,947.9,192,1.5,2.9,0,0,0,0,0,0,0,347,20,18,97
BER,2023,8,1,22,15.6,82.9,14.7,12.7,9.8,13.8,40.5,0,947.7,174,1,2.2,0,0,0,0,0,0,0,345,28,18,97
BER,2023,8,1,23,14.4,90.1,14.8,12.8,9.87,13.4,39.4,0,947.2,157,0.8,2.6,0,0,0,0,0,0,0,362,81,18,97
BER,2023,8,2,0,14.5,90.7,15,13,10.02,13.6,39.9,0,946.6,207,0.5,1.2,0,0,0,0,0,0,0,367,88,18,97
BER,2023,8,2,1,15,89.6,15.3,13.3,10.22,14,40.9,0,946.1,180,0.5,1.4,0,0,0,0,0,0,0,364,81,18,97
BER,2023,8,2,2,15.6,85.6,15.2,13.2,10.17,14.1,41.4,0,944.9,163,1.4,3,0,0,0,0,0,0,0,361,78,18,97
BER,2023,8,2,3,15.4,88.4,15.5,13.5,10.38,14.2,41.7,0,944.1,214,1.2,2.8,0,0,0,0,0,0,0,368,81,18,97
BER,2023,8,2,4,16.1,85.7,15.7,13.7,10.52,14.6,42.8,0,943.7,173,1.8,3.4,0,0,0,0,0,0,0,378,100,18,97
BER,2023,8,2,5,16.4,84.6,15.8,13.8,10.59,14.8,43.3,0,943.5,177,1.9,5.7,8,15,7,10,18,4,4,374,88,18,97
BER,2023,8,2,6,17.4,75.9,15.1,13.1,10.12,14.8,43.1,0,943.4,171,2,4,36,0,36,21,21,21,21,381,100,18,97
BER,2023,8,2,7,17.5,78.4,15.7,13.7,10.53,15.1,44.3,0,943.2,165,1.9,3.4,159,153,91,52,201,70,52,381,94,18,97
BER,2023,8,2,8,19.2,71.8,16,14,10.74,15.9,46.5,0,942.8,183,1.9,4.3,302,158,221,122,279,164,123,386,94,18,97
BER,2023,8,2,9,21.3,63.9,16.2,14.2,10.89,16.8,49.1,0,941.9,216,3.3,8.8,484,307,275,148,412,294,149,390,94,18,97
BER,2023,8,2,10,22.9,57.2,16,14,10.76,17.2,50.4,0,941.1,230,5.6,12.1,778,816,141,94,584,502,93,379,63,18,97
BER,2023,8,2,11,25.1,52.1,16.6,14.6,11.17,18.3,53.7,0,940.6,254,5.7,12.9,857,893,100,90,396,574,90,358,23,18,97
BER,2023,8,2,12,26.4,48.3,16.6,14.6,11.19,18.7,55.1,0,939.7,233,6.4,12.6,881,882,113,95,171,605,157,352,6,18,97
BER,2023,8,2,13,27.9,43.6,16.4,14.4,11.06,19.1,56.3,0,938.8,233,6.7,15.3,855,865,118,94,96,580,379,352,0,18,97
BER,2023,8,2,14,29.3,40,16.3,14.3,11,19.5,57.6,0,938.3,237,6.9,18.1,770,804,134,92,93,501,552,358,16,18,97
BER,2023,8,2,15,28.6,37,14.5,12.5,9.77,18.3,53.7,0,937.7,233,6.1,16.6,553,433,249,136,134,339,486,387,66,18,97
BER,2023,8,2,16,27.7,37.8,14,12,9.43,17.8,51.9,0,937.8,229,6.6,16.5,186,9,181,104,101,107,113,405,100,18,97
BER,2023,8,2,17,27.7,39.8,14.8,12.8,9.97,18.2,53.3,0,938.3,233,7.9,20.2,44,0,44,25,25,25,25,403,100,18,97
BER,2023,8,2,18,25.9,48.1,16.1,14.1,10.85,18.3,53.7,0,938.9,227,7.2,16.3,113,147,81,86,43,44,195,390,69,18,97
BER,2023,8,2,19,25.2,51.8,16.6,14.6,11.19,18.3,53.9,0,939.2,230,7,13.8,35,105,23,50,12,12,114,371,55,18,97
BER,2023,8,2,20,21.9,71,18.7,16.4,12.61,18.3,54.1,4.3,941.4,232,6.1,19.3,0,0,0,0,0,0,0,388,88,18,97
BER,2023,8,2,21,19.5,84.9,19.3,16.9,13.01,17.8,52.6,0.6,942.2,224,5,14.1,0,0,0,0,0,0,0,384,88,18,97
BER,2023,8,2,22,19.3,74.2,16.6,14.6,11.15,16.3,47.7,0,942.9,228,6.2,14.6,0,0,0,0,0,0,0,340,20,18,97
BER,2023,8,2,23,19.8,65.3,15.1,13.1,10.12,15.6,45.6,0,943.2,229,6.9,14.1,0,0,0,0,0,0,0,321,0,18,97
BER,2023,8,3,0,19.2,64.7,14.4,12.4,9.64,15,43.8,0,943.4,237,4.5,11.5,0,0,0,0,0,0,0,313,0,18,97
BER,2023,8,3,1,18.3,64.5,13.6,11.5,9.1,14.2,41.5,0,943.4,209,3.3,8,0,0,0,0,0,0,0,308,0,18,97
BER,2023,8,3,2,17.9,64,13.1,11,8.75,13.8,40.2,0,944,227,5.3,12.6,0,0,0,0,0,0,0,325,33,18,97
BER,2023,8,3,3,17.2,64.7,12.7,10.5,8.48,13.3,38.8,0,944.7,230,5.2,12.3,0,0,0,0,0,0,0,348,58,18,97
BER,2023,8,3,4,17,63.4,12.3,10,8.2,12.9,37.9,0,945,218,3.4,7.3,0,0,0,0,0,0,0,349,60,18,97
BER,2023,8,3,5,16.6,63.7,12,9.7,8,12.6,36.9,0,945.3,215,3,8.2,24,82,16,40,88,9,9,328,29,18,97
BER,2023,8,3,6,17.3,62.2,12.3,10,8.2,13.1,38.2,0,945.6,215,4.1,9.5,139,324,74,132,365,41,41,337,53,18,97
BER,2023,8,3,7,18.7,58.5,12.6,10.4,8.4,13.8,40.1,0,945.9,224,4.6,10.5,293,469,120,125,538,71,67,338,56,18,97
BER,2023,8,3,8,19.2,55.2,12.3,10,8.19,13.8,40.1,0,946.1,239,5.1,11.8,443,481,175,98,546,230,98,344,63,18,97
BER,2023,8,3,9,20,54.3,12.7,10.5,8.46,14.3,41.6,0,946.2,248,6.3,13.4,659,753,148,92,686,391,91,342,48,18,97
BER,2023,8,3,10,20.6,51.3,12.4,10.2,8.26,14.4,41.7,0,946.2,247,6,13.6,759,750,174,107,570,501,106,341,45,18,97
BER,2023,8,3,11,21.2,51.1,12.9,10.7,8.6,14.9,43.2,0,946.4,250,6.2,12.7,832,764,187,114,427,579,113,334,40,18,97
BER,2023,8,3,12,21.9,50,13.1,11,8.73,15.3,44.2,0,946.2,264,5.9,12.2,836,719,210,129,202,585,209,343,50,18,97
BER,2023,8,3,13,22.4,45.9,12.4,10.2,8.26,15.1,43.5,0,946.3,270,6,12.6,883,927,96,93,96,600,384,334,33,18,97
BER,2023,8,3,14,22.9,45.5,12.7,10.5,8.46,15.4,44.6,0,946.1,275,5.2,12,795,861,117,91,93,519,571,341,29,18,97
BER,2023,8,3,15,23.2,44.1,12.5,10.3,8.33,15.4,44.5,0,945.9,277,5.5,11.6,680,840,103,79,81,397,705,318,13,18,97
BER,2023,8,3,16,23.4,42.4,12.2,9.9,8.13,15.3,44.2,0,945.7,270,5.1,10.4,529,797,89,64,65,243,773,323,13,18,97
BER,2023,8,3,17,23.1,43.4,12.3,10,8.2,15.2,44.1,0,945.6,279,4,8.3,354,688,80,90,50,84,725,312,0,18,97
BER,2023,8,3,18,21.4,49.2,12.5,10.3,8.33,14.8,42.7,0,946.2,293,3.8,7.5,183,513,63,158,34,34,549,321,6,18,97
BER,2023,8,3,19,19,57.4,12.6,10.4,8.39,13.9,40.4,0,946.7,320,1,4.9,36,139,22,62,12,12,147,334,6,18,97
BER,2023,8,3,20,16.8,70,13.4,11.3,8.93,13.5,39.5,0,947.2,117,0.4,1.2,0,0,0,0,0,0,0,356,64,18,97
BER,2023,8,3,21,17,68.7,13.3,11.2,8.86,13.6,39.5,0,947.5,163,1.1,2.3,0,0,0,0,0,0,0,346,38,18,97
BER,2023,8,3,22,15.5,78.1,13.7,11.7,9.12,13.2,38.7,0,947.7,162,0.4,1.5,0,0,0,0,0,0,0,334,19,18,97
BER,2023,8,3,23,14.7,82.2,13.7,11.7,9.12,12.9,37.8,0,947.6,162,0.6,1.3,0,0,0,0,0,0,0,322,0,18,97
BER,2023,8,4,0,13.6,86.5,13.5,11.4,8.99,12.3,36.4,0,947.7,45,0.6,1.8,0,0,0,0,0,0,0,324,0,18,97
BER,2023,8,4,1,13.2,87.7,13.3,11.2,8.85,12,35.6,0,947.9,45,0.3,0.8,0,0,0,0,0,0,0,336,43,19,96
BER,2023,8,4,2,13.4,88.3,13.6,11.5,9.05,12.3,36.3,0,947.9,225,0.4,0.9,0,0,0,0,0,0,0,359,84,19,96
BER,2023,8,4,3,14.1,86.6,13.9,11.9,9.26,12.8,37.6,0,947.8,243,0.2,0.8,0,0,0,0,0,0,0,356,88,19,96
BER,2023,8,4,4,14.3,87.2,14.2,12.2,9.46,13,38.3,0,948,207,0.5,1.2,0,0,0,0,0,0,0,364,100,19,96
BER,2023,8,4,5,14.4,86.6,14.2,12.2,9.46,13.1,38.4,0,948.2,225,0.4,1.1,8,16,7,10,19,4,4,361,81,19,96
BER,2023,8,4,6,15.5,82.9,14.6,12.6,9.73,13.8,40.2,0,948.3,180,0.4,1,89,56,78,61,100,44,45,361,94,19,96
BER,2023,8,4,7,16.6,74.2,14,12,9.32,13.8,40.3,0,948.6,219,0.7,1.8,201,97,163,102,193,100,92,366,94,19,96
BER,2023,8,4,8,17.7,69.2,14,12,9.32,14.3,41.4,0,948.6,290,1.3,3.8,433,480,177,99,556,222,99,351,78,19,96
BER,2023,8,4,9,18.3,64.1,13.5,11.4,8.98,14.2,41.2,0,948.8,273,2.3,5.7,480,267,302,161,406,301,161,355,81,19,96
BER,2023,8,4,10,19.3,59.8,13.4,11.3,8.91,14.5,42,0,949,265,2.9,6.6,520,207,362,197,358,334,198,364,88,19,96
BER,2023,8,4,11,19.5,61.5,13.9,11.9,9.25,14.9,43.1,0,949,257,2.7,5.9,492,150,365,202,282,317,203,370,81,19,96
BER,2023,8,4,12,20.3,60.4,14.4,12.4,9.59,15.4,44.8,0,948.7,306,2.2,5.7,625,269,392,210,283,425,235,368,78,19,96
BER,2023,8,4,13,19.9,57.6,13.4,11.3,8.91,14.7,42.6,0,948.7,315,2.7,7.6,171,1,170,99,96,99,100,376,100,19,96
BER,2023,8,4,14,18.8,66.4,14.4,12.4,9.58,14.9,43.2,0,948.9,325,4.9,9.2,516,263,315,173,169,334,370,371,88,19,96
BER,2023,8,4,15,18.6,66.3,14.2,12.2,9.44,14.7,42.6,0,949.6,333,4.8,9.3,431,209,285,156,153,269,339,370,94,19,96
BER,2023,8,4,16,18.6,65,13.9,11.9,9.23,14.5,42.1,0,950.4,330,5,9.8,186,26,172,99,96,108,126,372,100,19,96
BER,2023,8,4,17,17.7,67.9,13.7,11.7,9.09,14.1,40.8,0,951.1,346,4.3,8.6,99,5,96,56,54,57,62,371,100,19,96
BER,2023,8,4,18,16.8,70.9,13.6,11.5,9.02,13.6,39.7,0,951.5,338,3,7.3,42,9,39,25,22,23,32,369,100,19,96
BER,2023,8,4,19,16.3,74.2,13.7,11.7,9.08,13.6,39.4,0,952.2,331,1.1,2.7,4,0,4,3,2,3,3,368,100,19,96
BER,2023,8,4,20,16.2,74.7,13.7,11.7,9.08,13.5,39.3,0,952.6,347,1.2,2.7,0,0,0,0,0,0,0,367,100,19,96
BER,2023,8,4,21,15.7,76.1,13.6,11.5,9,13.2,38.6,0,953.1,56,1,2.3,0,0,0,0,0,0,0,366,100,19,96
BER,2023,8,4,22,15.5,82.3,14.5,12.5,9.6,13.7,39.9,0,953.7,171,0.8,2.1,0,0,0,0,0,0,0,365,100,19,96
BER,2023,8,4,23,15.1,86.1,14.8,12.8,9.81,13.7,40,0,953.2,153,0.9,1.8,0,0,0,0,0,0,0,355,84,19,96
BER,2023,8,5,0,14.8,89,15,13,9.94,13.7,40,0,953.3,151,1.1,2.2,0,0,0,0,0,0,0,354,90,19,96
BER,2023,8,5,1,15,87.3,14.9,12.9,9.88,13.7,40.1,0,953.2,166,0.9,1.5,0,0,0,0,0,0,0,363,100,19,96
BER,2023,8,5,2,14.9,82.8,14,12,9.27,13.2,38.4,0,953,198,0.7,1.6,0,0,0,0,0,0,0,362,100,19,96
BER,2023,8,5,3,14.4,84.4,13.8,11.8,9.14,12.9,37.6,0,952.7,210,0.8,1.6,0,0,0,0,0,0,0,359,84,19,96
BER,2023,8,5,4,14,84.3,13.5,11.4,8.94,12.5,36.7,0,953,198,1,1.9,0,0,0,0,0,0,0,349,71,19,96
BER,2023,8,5,5,13.9,83.8,13.3,11.2,8.8,12.3,36.2,0,953,220,0.8,1.6,8,1,8,5,5,4,4,359,88,19,96
BER,2023,8,5,6,14.3,83.3,13.6,11.5,9,12.7,37.1,0,953.2,202,0.6,2,88,40,78,56,85,45,46,362,100,19,96
BER,2023,8,5,7,15.5,78.1,13.7,11.7,9.07,13.2,38.5,0,953,207,1.2,2.8,300,466,114,99,532,87,65,336,63,19,96
BER,2023,8,5,8,16.6,70.4,13.3,11.2,8.81,13.4,39,0,952.8,180,0.9,2.5,386,464,151,87,533,190,87,334,49,19,96
BER,2023,8,5,9,17,66.4,12.9,10.7,8.54,13.3,38.7,0,952.4,279,1.2,3,288,30,267,155,178,172,155,368,94,19,96
BER,2023,8,5,10,18,63.6,13.1,11,8.68,13.8,40.1,0,952,315,1,3.2,427,82,363,207,266,265,208,370,100,19,96
BER,2023,8,5,11,18.6,61.3,13.1,11,8.68,14.1,40.7,0,951.5,202,1.3,3.1,370,38,337,194,210,225,195,369,100,19,96
BER,2023,8,5,12,19.3,54.5,12.2,9.9,8.08,13.8,39.9,0,951,247,1.2,3.9,595,201,421,230,260,398,279,367,88,19,96
BER,2023,8,5,13,20.3,51.6,12.3,10,8.16,14.2,41.1,0,950.4,291,1.3,4.8,698,412,352,184,182,495,404,361,81,19,96
BER,2023,8,5,14,21.2,50.1,12.6,10.4,8.36,14.7,42.6,0,949.9,278,2.4,5.2,695,567,253,140,140,476,516,352,65,19,96
BER,2023,8,5,15,21.3,49.1,12.4,10.2,8.23,14.7,42.3,0,949.2,242,1.9,4.4,520,455,210,120,119,327,491,351,58,19,96
BER,2023,8,5,16,21.8,44.9,11.7,9.3,7.77,14.4,41.7,0,948.6,240,2.5,5.4,488,627,139,84,85,255,659,340,45,19,96
BER,2023,8,5,17,21.3,46.9,11.9,9.5,7.91,14.3,41.5,0,947.9,267,2.1,5.3,297,408,128,88,72,111,482,352,63,19,96
BER,2023,8,5,18,20.4,48.9,11.7,9.3,7.77,13.9,40.2,0,947.9,280,1.8,4.1,84,29,77,52,43,45,75,375,100,19,96
BER,2023,8,5,19,17.1,73.8,14.4,12.4,9.59,14.3,41.5,0.4,948.4,259,2.2,6.5,4,0,4,2,2,2,2,374,100,19,96
BER,2023,8,5,20,16.5,82.4,15.5,13.5,10.33,14.7,42.7,0,948.7,163,1.2,2.8,0,0,0,0,0,0,0,372,100,19,96
BER,2023,8,5,21,17,73.3,14.2,12.2,9.45,14.1,41,0,948.7,202,1.7,4.6,0,0,0,0,0,0,0,370,100,19,96
BER,2023,8,5,22,16.9,67.7,13,10.9,8.64,13.4,38.9,0,948.8,232,2.3,6.7,0,0,0,0,0,0,0,363,94,19,96
BER,2023,8,5,23,16.5,68.1,12.8,10.6,8.51,13,38.1,0,948.8,234,4.2,10.1,0,0,0,0,0,0,0,357,88,19,96
BER,2023,8,6,0,16,67.1,12.2,9.9,8.1,12.5,36.6,0,948.8,213,2.5,6.2,0,0,0,0,0,0,0,343,71,19,96
BER,2023,8,6,1,16.1,64.9,11.9,9.5,7.91,12.3,36.2,0,948.1,205,2.4,5.3,0,0,0,0,0,0,0,357,94,20,96
BER,2023,8,6,2,15.9,68,12.3,10,8.18,12.5,36.7,0,947.9,221,3.1,7.4,0,0,0,0,0,0,0,360,100,20,96
BER,2023,8,6,3,15.7,69.8,12.4,10.2,8.25,12.5,36.6,0,947.8,223,2.4,6.1,0,0,0,0,0,0,0,348,71,20,96
BER,2023,8,6,4,14.6,74.9,12.4,10.2,8.25,12.1,35.5,0.1,947.7,221,3.6,10.7,0,0,0,0,0,0,0,350,84,20,96
BER,2023,8,6,5,13.6,82.6,12.9,10.7,8.57,11.9,35.3,1.4,948.7,250,3.1,7.8,2,0,2,1,1,1,1,358,100,20,96
BER,2023,8,6,6,13,87.1,13,10.9,8.64,11.8,34.9,0.3,949.1,214,3,6.6,117,191,68,80,233,39,39,342,78,20,96
BER,2023,8,6,7,13.2,82,12.4,10.2,8.23,11.5,34,0,950,210,3.3,6.9,64,0,64,38,37,38,38,356,94,20,96
BER,2023,8,6,8,13.4,78.3,12,9.7,7.95,11.3,33.6,0,950.3,223,3.7,7.3,140,1,140,82,80,82,83,357,100,20,96
BER,2023,8,6,9,14.4,73.9,12.1,9.8,8.02,11.8,34.7,0.1,950.8,239,4.6,11.2,473,266,290,160,391,303,160,354,94,20,96
BER,2023,8,6,10,14.2,77.4,12.5,10.3,8.28,12,35.2,0.1,951.4,238,4.4,9.6,204,6,200,117,119,121,118,359,100,20,96
BER,2023,8,6,11,14.3,76.4,12.4,10.2,8.21,11.9,35.1,0,951.8,250,4,9.2,231,2,229,134,132,136,135,360,100,20,96
BER,2023,8,6,12,15.4,69.2,12.1,9.8,8.01,12.2,35.7,0,951.8,247,5.3,13.1,420,73,357,204,200,265,230,360,100,20,96
BER,2023,8,6,13,14.8,74.4,12.5,10.3,8.27,12.2,35.8,0,952.4,248,5.9,14.1,382,29,357,208,202,231,224,361,100,20,96
BER,2023,8,6,14,15.2,70.6,12.2,9.9,8.07,12.2,35.7,0,952.5,254,5.2,12.2,418,84,352,200,195,263,265,356,94,20,96
BER,2023,8,6,15,14.3,78.4,12.8,10.6,8.47,12.2,35.8,1,953.2,254,4,8.9,158,82,106,58,57,98,138,355,94,20,96
BER,2023,8,6,16,14.7,79,13.2,11.1,8.73,12.6,36.8,0,953.6,235,3.6,9.5,350,278,209,123,120,186,390,347,78,20,96
BER,2023,8,6,17,14.4,76.4,12.5,10.3,8.26,12,35.3,0,954,238,3.5,8.8,152,166,85,50,49,66,215,349,88,20,96
BER,2023,8,6,18,13.9,78.4,12.4,10.2,8.19,11.8,34.7,0.1,954.3,228,1.5,5,111,226,60,89,32,33,265,344,78,20,96
BER,2023,8,6,19,12.9,85.9,12.8,10.6,8.45,11.6,34.3,0,954.6,188,1.1,4.6,13,40,10,21,6,6,44,335,68,20,96
BER,2023,8,6,20,12.6,86.4,12.6,10.4,8.32,11.3,33.7,0,955,197,1.6,4.2,0,0,0,0,0,0,0,332,78,20,96
BER,2023,8,6,21,12,85.8,12,9.7,7.91,10.7,32,0,955.3,180,1.6,3.7,0,0,0,0,0,0,0,324,61,20,96
BER,2023,8,6,22,11.9,83.5,11.6,9.2,7.64,10.4,31.2,0,955.6,162,2,3.9,0,0,0,0,0,0,0,326,68,20,96
BER,2023,8,6,23,11.9,85.2,11.9,9.5,7.84,10.6,31.7,0,955.6,169,1.7,3.5,0,0,0,0,0,0,0,345,100,20,96
BER,2023,8,7,0,11.8,85.8,11.9,9.5,7.84,10.5,31.6,0.3,955.7,219,1.6,4.8,0,0,0,0,0,0,0,347,100,20,96
BER,2023,8,7,1,11.3,85.7,11.5,9,7.58,10,30.5,0,955.6,188,1.6,4.4,0,0,0,0,0,0,0,346,94,20,96
BER,2023,8,7,2,10.9,86.9,11.3,8.8,7.44,9.8,29.7,0,955.7,203,1.4,3.4,0,0,0,0,0,0,0,342,94,20,96
BER,2023,8,7,3,11,85.1,11.2,8.6,7.37,9.7,29.6,0.4,955.9,188,1.4,3,0,0,0,0,0,0,0,347,100,20,96
BER,2023,8,7,4,11,87.5,11.5,9,7.57,9.9,30.1,0,955.8,176,1.3,3,0,0,0,0,0,0,0,347,100,20,96
BER,2023,8,7,5,11.1,88.1,11.6,9.2,7.64,10.1,30.4,0.1,956,177,2.3,4.8,5,0,5,3,3,3,3,347,100,20,96
BER,2023,8,7,6,11.5,85.8,11.6,9.2,7.64,10.2,30.8,0,956.3,167,1.9,4.5,53,7,51,31,36,30,30,347,100,20,96
BER,2023,8,7,7,12.1,82.4,11.6,9.2,7.64,10.5,31.4,0,956.6,183,1.8,2.9,117,4,116,68,70,68,68,348,100,20,96
BER,2023,8,7,8,12.5,81.4,11.8,9.4,7.77,10.8,32.2,0,956.9,178,2.4,4.7,184,10,179,105,112,108,105,351,100,20,96
BER,2023,8,7,9,13.2,84.2,12.8,10.6,8.43,11.7,34.6,0.2,957.1,167,2.3,3.8,268,43,240,138,175,162,139,353,100,20,96
BER,2023,8,7,10,14.2,81.1,13.1,11,8.63,12.3,36.1,0,957.1,160,2.5,4.5,431,184,290,161,298,283,162,346,88,20,96
BER,2023,8,7,11,15.5,68.8,12.1,9.8,7.96,12.2,35.7,0,957.1,189,2.1,4.7,285,19,269,156,165,171,157,358,100,20,96
BER,2023,8,7,12,16.5,59.5,11.2,8.6,7.37,12,35.2,0,956.8,211,3.1,8.9,555,325,275,160,172,385,231,356,88,20,96
BER,2023,8,7,13,17.1,54.3,10.6,7.8,6.97,11.9,34.8,0,956.8,215,2.6,6.7,461,317,192,115,114,324,219,349,84,20,96
BER,2023,8,7,14,17.4,52.5,10.4,7.6,6.83,11.9,34.8,0,957,227,2.5,9.5,398,185,252,144,141,262,267,347,81,20,96
BER,2023,8,7,15,15.6,74.1,13.1,11,8.63,12.9,37.5,0,957.2,48,3.1,7.3,345,418,76,54,55,205,388,349,78,20,96
BER,2023,8,7,16,17.2,65.6,12.9,10.7,8.5,13.4,38.8,0,956.9,43,2.4,6.4,532,833,81,66,68,259,807,314,19,20,96
BER,2023,8,7,17,17.9,57.1,11.7,9.3,7.7,12.9,37.5,0,956.7,18,1.2,2.9,350,691,82,88,53,93,734,315,29,20,96
BER,2023,8,7,18,17.4,57,11.3,8.8,7.43,12.5,36.3,0,956.7,13,1.4,3.3,180,482,76,160,40,40,532,313,36,20,96
BER,2023,8,7,19,15,73,12.4,10.2,8.17,12.2,35.7,0,956.8,40,1.6,3.2,27,123,16,51,9,9,128,304,23,20,96
BER,2023,8,7,20,12.3,87.6,12.5,10.3,8.23,11.2,33.1,0,956.8,27,0.5,1.7,0,0,0,0,0,0,0,312,20,20,96
BER,2023,8,7,21,11.7,86.4,11.9,9.5,7.83,10.5,31.5,0,956.7,180,0.3,0.9,0,0,0,0,0,0,0,320,45,20,96
BER,2023,8,7,22,10.8,89.8,11.6,9.2,7.64,9.9,30.1,0,956.5,162,0.3,1.6,0,0,0,0,0,0,0,316,50,20,96
BER,2023,8,7,23,11,86.3,11.3,8.8,7.44,9.8,29.8,0,956.4,153,0.7,2.3,0,0,0,0,0,0,0,341,90,20,96
BER,2023,8,8,0,10,91,11.2,8.6,7.37,9.2,28.6,0,955.9,27,0.6,1.3,0,0,0,0,0,0,0,345,100,20,96
BER,2023,8,8,1,10.8,86.3,11.2,8.6,7.38,9.6,29.4,0,955.7,164,0.8,2.2,0,0,0,0,0,0,0,339,90,20,96
BER,2023,8,8,2,10.1,89.2,11,8.4,7.24,9.2,28.4,0,955.4,180,0.9,1.8,0,0,0,0,0,0,0,333,78,20,96
BER,2023,8,8,3,10.1,91.6,11.3,8.8,7.44,9.4,28.9,0,955.4,27,0.5,1.3,0,0,0,0,0,0,0,346,100,20,96
BER,2023,8,8,4,10.2,91.6,11.4,8.9,7.51,9.5,29.2,0,955.4,207,0.5,1.3,0,0,0,0,0,0,0,347,100,20,96
BER,2023,8,8,5,10.2,91.6,11.4,8.9,7.51,9.5,29.2,0,955.6,243,0.4,1,5,0,5,3,3,3,3,344,94,20,96
BER,2023,8,8,6,11.3,88.1,11.8,9.4,7.78,10.2,31,0,955.8,191,0.6,1.4,86,52,74,55,95,42,43,350,100,20,96
BER,2023,8,8,7,13.1,78.2,11.8,9.4,7.78,11,32.8,0,955.7,171,1.4,3.1,186,79,157,95,171,99,90,352,100,20,96
BER,2023,8,8,8,14.7,70,11.7,9.3,7.71,11.6,34.3,0,955.4,161,1.9,3.8,351,202,244,134,340,207,134,355,100,20,96
BER,2023,8,8,9,16.3,61.9,11.5,9,7.58,12.2,35.6,0,955.3,202,1.2,2.8,571,513,233,125,574,371,125,350,88,20,96
BER,2023,8,8,10,18,55.6,11.5,9,7.58,12.8,37.3,0,955.1,202,0.9,2.8,725,685,203,121,569,504,121,344,75,20,96
BER,2023,8,8,11,19.4,51.7,11.6,9.2,7.65,13.5,38.9,0,954.9,239,1.1,4,716,462,330,172,415,521,172,356,88,20,96
BER,2023,8,8,12,20.1,43.8,10.3,7.4,6.78,12.9,37.4,0,954.7,242,2.3,6.3,650,321,375,201,277,461,239,369,88,20,96
BER,2023,8,8,13,20.6,43,10.4,7.6,6.85,13.2,38.1,0,954.6,270,2.3,5.3,668,366,363,193,190,475,394,362,88,20,96
BER,2023,8,8,14,21.1,44.1,11,8.4,7.25,13.8,39.6,0,954.2,252,2.2,5.6,617,523,219,138,137,415,465,350,69,20,96
BER,2023,8,8,15,21.2,43.8,11,8.4,7.25,13.8,39.7,0,954.1,240,1.9,4.8,549,434,261,140,138,358,525,354,71,20,96
BER,2023,8,8,16,21.9,41.1,10.8,8.1,7.12,13.9,40.1,0,953.8,216,2.5,5.8,514,785,92,68,69,259,774,332,39,20,96
BER,2023,8,8,17,21.5,41.8,10.7,8,7.06,13.7,39.6,0,953.8,234,1.8,5.4,326,580,103,93,61,101,641,343,60,20,96
BER,2023,8,8,18,20.9,44.9,11.1,8.5,7.32,13.7,39.6,0,953.9,278,0.9,2.3,106,140,71,71,39,40,185,361,81,20,96
BER,2023,8,8,19,19,54.8,12,9.7,7.92,13.6,39.2,0,954,11,0.5,1.6,20,50,17,27,9,9,58,355,71,20,96
BER,2023,8,8,20,16.8,65.9,12.6,10.4,8.32,13.1,38,0,954.1,45,0.9,1.8,0,0,0,0,0,0,0,371,100,20,96
BER,2023,8,8,21,15.8,74.6,13.4,11.3,8.86,13.1,38.3,0,954.2,45,0.5,1.5,0,0,0,0,0,0,0,369,100,20,96
BER,2023,8,8,22,16,73.2,13.3,11.2,8.79,13.2,38.3,0,954.5,180,0.2,0.9,0,0,0,0,0,0,0,367,100,20,96
BER,2023,8,8,23,15.8,75.1,13.5,11.4,8.93,13.2,38.5,0,953.8,175,1.3,4.1,0,0,0,0,0,0,0,361,94,20,96
BER,2023,8,9,0,15.5,74.5,13.1,11,8.66,12.9,37.5,0,953.5,204,1.1,2.6,0,0,0,0,0,0,0,362,100,20,96
BER,2023,8,9,1,15.2,77.5,13.4,11.3,8.86,12.9,37.7,0,953.6,214,0.8,1.9,0,0,0,0,0,0,0,361,100,20,96
BER,2023,8,9,2,15,79.6,13.6,11.5,9,12.9,37.8,0,953.7,207,0.9,1.5,0,0,0,0,0,0,0,362,100,20,96
BER,2023,8,9,3,15.1,77,13.2,11.1,8.73,12.8,37.2,0,954.1,191,1.7,3.8,0,0,0,0,0,0,0,363,100,20,96
BER,2023,8,9,4,14.8,79,13.3,11.2,8.79,12.7,37.1,0,954.4,197,1.4,3.1,0,0,0,0,0,0,0,364,100,20,96
BER,2023,8,9,5,14.8,79.5,13.4,11.3,8.85,12.7,37.3,0,954.7,202,1.2,2.8,7,2,7,5,6,4,4,364,100,20,96
BER,2023,8,9,6,15.3,79.6,13.8,11.8,9.12,13.2,38.5,0,954.8,209,1.4,2.7,90,122,60,60,159,34,34,358,88,20,96
BER,2023,8,9,7,16.5,72.3,13.6,11.5,8.98,13.5,39.3,0,955.1,205,1.4,3.1,186,95,154,101,187,92,89,367,94,20,96
BER,2023,8,9,8,17.6,66.5,13.4,11.3,8.85,13.8,40.1,0,955.3,189,1.3,2.2,207,50,183,106,156,120,106,371,100,20,96
BER,2023,8,9,9,18.2,63.6,13.3,11.2,8.78,14,40.6,0,955.5,180,1.3,2.8,257,18,245,143,155,153,144,375,100,20,96
BER,2023,8,9,10,19.9,60.4,14,12,9.25,15.1,43.5,0,955,196,1.8,4.7,401,99,323,184,250,256,185,380,100,20,96
BER,2023,8,9,11,22.5,48.5,13.2,11.1,8.72,15.6,44.8,0,954.6,219,3.1,6.3,808,773,163,120,397,587,120,362,61,20,96
BER,2023,8,9,12,24.1,44.9,13.5,11.4,8.92,16.3,47,0,954.4,255,4.4,9.1,835,767,179,119,203,625,195,368,68,20,96
BER,2023,8,9,13,24.9,42.8,13.5,11.4,8.92,16.6,47.8,0,954.5,265,3.8,7.8,774,653,229,134,135,572,406,375,71,20,96
BER,2023,8,9,14,25.5,41,13.4,11.3,8.86,16.7,48.2,0,954.4,277,4,8.6,588,327,335,180,177,409,420,377,68,20,96
BER,2023,8,9,15,25,42.8,13.6,11.5,8.99,16.6,48,0,954.5,299,4.1,7.9,510,376,264,145,143,332,479,373,75,20,96
BER,2023,8,9,16,24.4,45,13.7,11.7,9.06,16.5,47.6,0,954.7,319,3.5,6.7,432,493,176,100,100,238,576,372,61,20,96
BER,2023,8,9,17,24.1,46.7,14,12,9.25,16.6,47.8,0,955,337,3.5,8.2,330,666,78,84,52,91,709,355,36,20,96
BER,2023,8,9,18,23.4,48.1,13.8,11.8,9.12,16.2,46.7,0,955.2,2,2.5,5.1,124,256,65,92,36,36,298,360,48,20,96
BER,2023,8,9,19,22.2,51.7,13.8,11.8,9.12,15.8,45.5,0,955.5,33,1.7,3.5,16,28,14,17,8,8,36,348,23,20,96
BER,2023,8,9,20,19,65.1,14.3,12.3,9.45,14.9,43.1,0,955.8,52,1.3,3,0,0,0,0,0,0,0,332,0,20,96
BER,2023,8,9,21,17,74.8,14.5,12.5,9.58,14.3,41.4,0,956,27,0.4,1.4,0,0,0,0,0,0,0,329,0,20,96
BER,2023,8,9,22,15.8,79.7,14.3,12.3,9.45,13.7,39.8,0,956,22,0.8,1.9,0,0,0,0,0,0,0,325,0,20,96
BER,2023,8,9,23,14.9,83.9,14.2,12.2,9.38,13.3,38.7,0,956.1,45,0.6,1.4,0,0,0,0,0,0,0,322,0,20,96
BER,2023,8,10,0,14.1,86.6,13.9,11.9,9.17,12.8,37.4,0,956.5,31,0.7,1.4,0,0,0,0,0,0,0,318,0,20,96
BER,2023,8,10,1,13.3,90,13.7,11.7,9.04,12.4,36.2,0,956.1,18,0.4,1.2,0,0,0,0,0,0,0,316,0,19,96
BER,2023,8,10,2,13.3,90,13.7,11.7,9.04,12.4,36.2,0,956.2,23,0.9,2.2,0,0,0,0,0,0,0,316,0,19,96
BER,2023,8,10,3,12.8,91.8,13.6,11.5,8.98,12,35.5,0,956.1,360,0.2,0.9,0,0,0,0,0,0,0,316,0,19,96
BER,2023,8,10,4,12.4,93,13.4,11.3,8.84,11.8,34.8,0,956.3,270,0.4,0.8,0,0,0,0,0,0,0,316,0,19,96
BER,2023,8,10,5,12.2,93,13.2,11.1,8.7,11.6,34.2,0,957,333,0.4,1.1,16,52,12,24,57,7,7,316,0,19,96
BER,2023,8,10,6,13.7,90.1,14.1,12.1,9.3,12.8,37.3,0,957.4,360,0.3,0.9,145,443,55,130,476,30,30,316,0,19,96
BER,2023,8,10,7,16.8,79.8,15.3,13.3,10.1,14.7,42.5,0,957.3,352,0.7,2,318,663,76,82,705,83,47,317,0,19,96
BER,2023,8,10,8,19.3,68.7,15.4,13.4,10.17,15.6,45.2,0,957.4,360,0.9,2.2,490,769,89,63,763,244,63,320,0,19,96
BER,2023,8,10,9,21,62.6,15.6,13.6,10.31,16.3,47.3,0,957,342,1,3.1,643,822,103,78,712,401,77,323,0,19,96
BER,2023,8,10,10,23,60.7,17.1,15,11.33,17.8,51.9,0,956.2,7,1.5,4.4,764,856,111,89,587,528,89,327,0,19,96
BER,2023,8,10,11,24.3,56.1,17,15,11.26,18.3,53.1,0,956.3,11,2.6,6.6,838,865,122,98,410,610,97,345,26,19,96
BER,2023,8,10,12,25.9,49.1,16.4,14.4,10.86,18.4,53.7,0,955.9,349,1.9,5,874,899,108,97,173,643,161,349,25,19,96
BER,2023,8,10,13,26.7,44.7,15.7,13.7,10.39,18.3,53.3,0,955.9,310,1.7,4.5,848,889,109,95,98,616,387,352,33,19,96
BER,2023,8,10,14,27.4,41.3,15.1,13.1,9.99,18.2,53,0,955.5,261,1.6,4.8,601,407,283,156,154,416,415,397,88,19,96
BER,2023,8,10,15,27.5,39,14.3,12.3,9.45,17.9,51.8,0,955.1,241,1.1,2.9,559,491,235,123,122,368,549,397,84,19,96
BER,2023,8,10,16,27.6,38.5,14.2,12.2,9.39,17.8,51.7,0,954.7,58,1.8,4.4,394,362,195,108,106,229,453,386,78,19,96
BER,2023,8,10,17,27.2,40.7,14.7,12.7,9.72,18,52.2,0,954.9,43,2.5,5.5,259,303,148,104,78,104,397,389,75,19,96
BER,2023,8,10,18,25.9,44.2,14.8,12.8,9.79,17.6,51,0,955.4,21,1.5,3.7,97,102,72,62,40,41,147,400,94,19,96
BER,2023,8,10,19,24.1,55,16.5,14.5,10.93,17.9,52.1,0,955.9,24,2.1,3.2,2,0,2,1,1,1,1,402,100,19,96
BER,2023,8,10,20,22.2,63.7,17.1,15,11.32,17.6,51.1,0,956.5,24,2.2,3.4,0,0,0,0,0,0,0,394,90,19,96
BER,2023,8,10,21,20.6,69.4,16.8,14.8,11.11,16.9,48.9,0,957.1,8,1.1,2.3,0,0,0,0,0,0,0,354,28,19,96
BER,2023,8,10,22,18.4,78.5,16.6,14.6,10.98,16,46.3,0,957.2,14,0.7,1.6,0,0,0,0,0,0,0,336,0,19,96
BER,2023,8,10,23,17.8,82.1,16.7,14.7,11.04,15.8,45.9,0,957.3,243,0.4,1.3,0,0,0,0,0,0,0,333,0,19,96
BER,2023,8,11,0,17.3,84.7,16.7,14.7,11.04,15.7,45.4,0,957.3,180,0.3,1,0,0,0,0,0,0,0,330,0,19,96
BER,2023,8,11,1,16.5,88,16.5,14.5,10.9,15.2,44.2,0,957.7,180,0.1,0.8,0,0,0,0,0,0,0,329,0,18,96
BER,2023,8,11,2,16.1,90.2,16.5,14.5,10.9,15.1,43.8,0,957.9,225,0.1,0.8,0,0,0,0,0,0,0,329,0,18,96
BER,2023,8,11,3,15.2,91.9,15.9,13.9,10.5,14.4,41.8,0,958,18,0.3,1,0,0,0,0,0,0,0,329,0,18,96
BER,2023,8,11,4,15.1,92.5,15.9,13.9,10.5,14.4,41.7,0,958,90,0.2,0.8,0,0,0,0,0,0,0,329,0,18,96
BER,2023,8,11,5,15,92.5,15.8,13.8,10.43,14.3,41.4,0,958.3,315,0.2,0.7,14,32,11,17,38,6,6,336,6,18,96
BER,2023,8,11,6,16.3,89.7,16.6,14.6,10.96,15.2,44.1,0,958.7,153,0.3,0.9,139,417,55,123,451,30,30,333,0,18,96
BER,2023,8,11,7,18.7,80.1,17.3,15.2,11.43,16.5,47.8,0,958.8,256,0.4,1.4,313,661,73,78,700,80,44,331,0,18,96
BER,2023,8,11,8,21.7,65.7,17.1,15,11.29,17.4,50.5,0,958.9,203,1.4,3.4,485,767,87,60,757,242,59,334,0,18,96
BER,2023,8,11,9,23.8,57.5,16.9,14.9,11.16,18,52.3,0,958.9,214,1,2.7,636,818,101,74,704,398,73,336,0,18,96
BER,2023,8,11,10,25.3,54.6,17.6,15.5,11.63,18.9,55.1,0,958.6,248,1,2.4,759,860,106,84,580,525,83,339,0,18,96
BER,2023,8,11,11,26.8,49.6,17.5,15.4,11.57,19.3,56.5,0,958.3,231,1,2.9,838,883,108,90,398,608,90,342,6,18,96
BER,2023,8,11,12,28.3,45.2,17.4,15.3,11.5,19.7,57.8,0,958.2,284,1.5,5.7,863,879,116,94,171,637,158,346,25,18,96
BER,2023,8,11,13,29.5,42.7,17.6,15.5,11.64,20.2,59.4,0,957.8,246,1.3,4.3,839,877,112,91,94,612,383,358,29,18,96
BER,2023,8,11,14,30.1,37.2,15.9,13.9,10.5,19.5,57.1,0,957.6,306,1.5,4.3,766,863,105,84,86,532,567,348,0,18,96
BER,2023,8,11,15,30.7,32.4,14.3,12.3,9.43,18.9,55,0,957.2,342,1.8,4.7,642,807,107,76,77,407,691,349,0,18,96
BER,2023,8,11,16,30.5,35,15.3,13.3,10.11,19.3,56.5,0,956.9,344,1.8,5,488,738,99,63,64,255,734,350,0,18,96
BER,2023,8,11,17,30.1,36.5,15.6,13.6,10.31,19.3,56.6,0,956.6,16,2.1,4.5,316,626,85,79,49,90,672,355,6,18,96
BER,2023,8,11,18,29.4,39.8,16.3,14.3,10.78,19.5,57.1,0,956.6,21,2,3.8,149,447,57,126,31,31,482,352,6,18,96
BER,2023,8,11,19,26.7,50.3,17.6,15.5,11.66,19.3,56.6,0,956.7,34,1.4,2.8,19,63,13,28,7,7,69,352,0,18,96
BER,2023,8,11,20,22.8,62.2,17.3,15.2,11.45,17.9,52.1,0,956.7,27,0.9,2.4,0,0,0,0,0,0,0,350,0,18,96
BER,2023,8,11,21,20.7,69.4,16.9,14.9,11.18,17,49.2,0,956.9,45,0.3,1.2,0,0,0,0,0,0,0,348,0,18,96
BER,2023,8,11,22,20.1,70.6,16.6,14.6,10.98,16.6,48.1,0,956.9,0,0.2,0.6,0,0,0,0,0,0,0,349,6,18,96
BER,2023,8,11,23,19.4,75.7,17,15,11.25,16.6,48,0,956.9,270,0.2,0.9,0,0,0,0,0,0,0,365,41,18,96
BER,2023,8,12,0,19.3,78.7,17.6,15.5,11.65,16.9,49,0,956.9,207,0.5,1.1,0,0,0,0,0,0,0,369,59,18,96
BER,2023,8,12,1,18.7,81.7,17.6,15.5,11.66,16.6,48.4,0,956.5,194,0.6,1.9,0,0,0,0,0,0,0,377,71,18,96
BER,2023,8,12,2,18.7,82.2,17.7,15.6,11.73,16.7,48.5,0,956.3,189,0.7,1.6,0,0,0,0,0,0,0,379,78,18,96
BER,2023,8,12,3,18.5,84.3,18,15.8,11.93,16.8,48.9,0,956.3,202,0.7,2,0,0,0,0,0,0,0,388,94,18,96
BER,2023,8,12,4,18.7,83.2,18,15.8,11.93,16.8,49.1,0,956.2,197,1.1,2,0,0,0,0,0,0,0,386,88,18,96
BER,2023,8,12,5,18.5,83.8,17.8,15.7,11.8,16.7,48.5,0,956.2,212,1.1,1.8,13,39,9,18,44,5,5,380,88,18,96
BER,2023,8,12,6,19.6,80.2,18.3,16.1,12.14,17.3,50.5,0,956.2,191,1.1,2.4,90,105,68,61,145,38,38,383,74,18,96
BER,2023,8,12,7,21.1,76.5,19.1,16.8,12.68,18.3,53.4,0,956.3,191,1.7,3.3,125,29,115,67,93,68,66,388,81,18,96
BER,2023,8,12,8,22.6,70.2,19.3,16.9,12.81,18.8,55.3,0,956.7,211,1.4,2.7,175,168,97,55,218,90,55,395,94,18,96
BER,2023,8,12,9,21.5,79,20.3,17.7,13.48,19,55.9,0.5,956.8,180,1.9,4.3,44,0,44,26,25,26,26,406,100,18,96
BER,2023,8,12,10,20.8,84,20.6,18,13.68,18.9,55.7,5.5,957.3,196,1.3,5.3,202,36,176,99,127,123,99,410,100,18,96
BER,2023,8,12,11,22.1,82.6,21.9,19,14.57,20,59.2,0,957.1,153,1.3,3.8,725,599,229,133,362,527,133,403,75,18,96
BER,2023,8,12,12,25.1,68.1,21.7,18.8,14.44,20.8,62,0,956.6,217,1.4,3.4,803,734,182,112,190,600,186,398,55,18,96
BER,2023,8,12,13,26.8,62,21.8,18.9,14.51,21.3,64,0,956.1,243,1.4,4.2,778,728,175,111,112,572,369,400,61,18,96
BER,2023,8,12,14,28,60,22.7,19.5,15.13,22.1,66.8,0,955.7,265,2.4,5.7,459,167,334,181,177,298,312,417,94,18,96
BER,2023,8,12,15,28.2,54,20.6,18,13.71,21.2,63.4,0,955.3,263,2.5,5.8,492,499,157,91,91,322,481,409,81,18,96
BER,2023,8,12,16,28.2,49.1,18.8,16.5,12.49,20.3,60.2,0,955.4,240,4,8.5,298,347,128,72,72,157,405,411,84,18,96
BER,2023,8,12,17,28,50.9,19.3,16.9,12.82,20.5,60.9,0,955.4,241,2.7,5.8,273,391,118,72,63,113,459,399,68,18,96
BER,2023,8,12,18,27.8,53.2,19.9,17.4,13.23,20.7,61.7,0,955.3,243,1.7,5.1,137,366,62,110,33,33,405,393,50,18,96
BER,2023,8,12,19,25.5,64,20.9,18.2,13.91,20.5,61.1,0,955.8,146,0.9,4.1,17,45,13,22,7,7,51,390,61,18,96
BER,2023,8,12,20,24.6,64.2,19.9,17.4,13.22,19.8,58.4,0,956.4,152,1.7,4.1,0,0,0,0,0,0,0,403,88,18,96
BER,2023,8,12,21,23.4,69,19.9,17.4,13.22,19.4,57.2,0,956.5,146,1.1,3.4,0,0,0,0,0,0,0,389,68,18,96
BER,2023,8,12,22,22.2,73.3,19.6,17.2,13.02,18.9,55.4,0,956.3,160,1.5,3.5,0,0,0,0,0,0,0,377,48,18,96
BER,2023,8,12,23,21.4,78,19.9,17.4,13.22,18.7,55.1,0,955.9,151,2.1,3.5,0,0,0,0,0,0,0,371,39,18,96
BER,2023,8,13,0,20.4,83.4,20,17.5,13.29,18.5,54.3,0,956,82,1.5,3.8,0,0,0,0,0,0,0,373,51,18,96
BER,2023,8,13,1,19.7,88.2,20.2,17.7,13.43,18.4,53.9,0,955.7,53,0.7,3.4,0,0,0,0,0,0,0,381,78,18,96
BER,2023,8,13,2,19,90.4,19.9,17.4,13.23,17.9,52.7,0,955.7,207,0.4,1.3,0,0,0,0,0,0,0,390,94,18,96
BER,2023,8,13,3,18.7,90.4,19.5,17.1,12.96,17.6,51.7,0,955.4,162,0.8,2.1,0,0,0,0,0,0,0,393,100,18,96
BER,2023,8,13,4,18.6,89.8,19.2,16.9,12.76,17.5,51,0,955.3,166,0.9,1.6,0,0,0,0,0,0,0,394,100,18,96
BER,2023,8,13,5,17.8,92.1,18.8,16.5,12.48,17,49.5,0,955.6,217,0.6,1.4,8,21,7,11,24,4,4,383,75,18,96
BER,2023,8,13,6,18.6,89.8,19.2,16.9,12.75,17.5,51,0,955.7,135,0.3,0.9,116,270,60,88,307,33,33,375,56,18,96
BER,2023,8,13,7,21.3,74.6,18.9,16.6,12.55,18.2,53.3,0,955.7,170,1.2,2.5,283,524,98,82,584,90,54,371,40,18,96
BER,2023,8,13,8,22.9,68.5,19.1,16.8,12.68,18.9,55.3,0,955.7,169,1.1,2.4,460,692,106,66,706,243,66,373,43,18,96
BER,2023,8,13,9,24.5,62.6,19.3,16.9,12.82,19.4,57.3,0,955.4,220,0.9,2.6,554,587,180,104,588,357,104,387,61,18,96
BER,2023,8,13,10,25.7,58.7,19.4,17,12.9,19.9,58.7,0,955.1,250,1.4,3.8,700,694,176,101,540,504,101,398,71,18,96
BER,2023,8,13,11,27.2,53.4,19.3,16.9,12.84,20.3,60.1,0,954.6,282,2.2,4.4,798,799,142,98,393,595,98,390,50,18,96
BER,2023,8,13,12,28.4,51.7,20,17.5,13.32,21,62.6,0,954.2,248,2,5.1,827,814,140,99,178,625,166,384,45,18,96
BER,2023,8,13,13,29.6,48.5,20.1,17.6,13.39,21.4,64,0,953.7,262,2.1,8.4,780,733,176,107,108,585,387,398,56,18,96
BER,2023,8,13,14,30.2,46.9,20.1,17.6,13.4,21.6,64.6,0,953.2,247,2.8,7.2,700,686,178,103,104,506,527,403,68,18,96
BER,2023,8,13,15,27.9,51.6,19.4,17,12.92,20.5,61,0,953.5,329,3.3,6,376,255,219,124,122,233,346,418,94,18,96
BER,2023,8,13,16,26.5,57.4,19.9,17.4,13.26,20.3,60.5,0,953.6,358,2.6,5.3,118,1,117,68,66,68,70,420,100,18,96
BER,2023,8,13,17,25.9,62.1,20.8,18.1,13.87,20.6,61.4,0,953.3,31,2.2,4.3,250,362,125,94,67,89,439,407,65,18,96
BER,2023,8,13,18,25.9,60.2,20.1,17.6,13.4,20.3,60.2,0,953.3,45,2.1,4.8,136,372,63,114,33,34,412,395,39,18,96
BER,2023,8,13,19,23.7,73.1,21.4,18.6,14.28,20.2,60.2,0,953.4,27,1.9,3.1,15,40,12,19,6,6,46,409,84,18,96
BER,2023,8,13,20,22.5,81.1,22.1,19.1,14.75,20.2,60.1,0,953.8,19,1.9,4.5,0,0,0,0,0,0,0,412,100,18,96
BER,2023,8,13,21,22,85.2,22.5,19.4,15.02,20.2,60.3,0,954,14,0.9,2.4,0,0,0,0,0,0,0,408,100,18,96
BER,2023,8,13,22,21.7,87.3,22.6,19.5,15.09,20.2,60.2,0,953.9,360,0.4,1.1,0,0,0,0,0,0,0,404,100,18,96
BER,2023,8,13,23,21.1,87.3,21.8,18.9,14.54,19.6,58.2,0,954.1,198,0.6,2.2,0,0,0,0,0,0,0,400,100,18,96
BER,2023,8,14,0,20.8,87.8,21.5,18.7,14.34,19.4,57.3,0,953.9,63,0.6,1.6,0,0,0,0,0,0,0,393,94,18,96
BER,2023,8,14,1,20.3,88.8,21.2,18.4,14.15,19,56.3,0,953.4,124,0.5,1.4,0,0,0,0,0,0,0,393,100,18,96
BER,2023,8,14,2,20.3,88.3,21,18.3,14.01,19,56,0,953.1,135,0.8,1.8,0,0,0,0,0,0,0,380,69,18,96
BER,2023,8,14,3,19.7,90.5,20.7,18.1,13.81,18.6,54.9,0,952.7,22,1.6,2.4,0,0,0,0,0,0,0,361,36,18,96
BER,2023,8,14,4,19.1,91.6,20.3,17.7,13.54,18.2,53.6,0,952.7,9,1.3,2.2,0,0,0,0,0,0,0,379,65,18,96
BER,2023,8,14,5,19,92.2,20.3,17.7,13.54,18.1,53.4,0,952.7,5,1.1,2.4,10,33,8,15,37,4,4,355,16,18,96
BER,2023,8,14,6,19.3,91.6,20.5,17.9,13.68,18.4,54.1,0,952.7,45,0.1,0.7,126,368,57,111,404,31,31,360,13,18,96
BER,2023,8,14,7,21,85.6,21.3,18.5,14.22,19.3,57.2,0,952.9,198,0.6,1.8,307,657,75,76,700,85,45,356,19,18,96
BER,2023,8,14,8,23.2,78.2,22.3,19.2,14.9,20.5,61.2,0,953.2,240,0.9,2,447,645,123,71,678,244,71,376,48,18,96
BER,2023,8,14,9,25.2,67.3,21.5,18.7,14.35,20.7,61.9,0,953.7,243,1.5,3.8,537,485,225,116,539,362,116,391,68,18,96
BER,2023,8,14,10,26.4,61.1,21,18.3,14,20.9,62.3,0,953.9,231,2.6,5.5,569,333,321,167,416,397,168,409,94,18,96
BER,2023,8,14,11,27,59.4,21.2,18.4,14.14,21.1,63.2,0,953.6,250,2.4,4.8,539,193,380,205,307,365,206,417,100,18,96
BER,2023,8,14,12,28.4,51,19.7,17.3,13.13,20.9,62.1,0,953.1,277,1.3,3.5,757,603,249,135,205,574,216,409,81,18,96
BER,2023,8,14,13,29.4,42.7,17.5,15.4,11.64,20.1,59.3,0,952.6,209,2,4.6,554,269,336,184,181,382,327,418,88,18,96
BER,2023,8,14,14,29.4,41.1,16.8,14.8,11.17,19.8,58.1,0,952.1,222,1.5,4.7,498,204,342,186,182,334,334,410,81,18,96
BER,2023,8,14,15,29.8,39.6,16.6,14.6,11.04,19.8,58.2,0,951.7,256,0.9,2.3,595,691,147,89,89,396,641,389,38,18,96
BER,2023,8,14,16,30.2,44.8,19.2,16.9,12.81,21.2,63.1,0,951.5,301,1.3,3.5,466,705,102,64,65,257,710,368,0,18,96
BER,2023,8,14,17,30.2,45.1,19.4,17,12.94,21.2,63.5,0,951.6,90,0.8,2.7,301,613,80,73,48,91,657,373,13,18,96
BER,2023,8,14,18,29.3,46.9,19.1,16.8,12.74,20.8,62,0,951.6,27,0.9,2,135,414,54,112,29,29,448,376,6,18,96
BER,2023,8,14,19,27.3,55.8,20.3,17.7,13.55,20.8,62,0,952.3,70,1.7,4,14,38,11,18,6,6,44,404,70,18,96
BER,2023,8,14,20,25.8,56.9,18.9,16.6,12.58,19.7,58,0,953.2,145,3.3,6.8,0,0,0,0,0,0,0,404,84,18,96
BER,2023,8,14,21,24.4,54,16.5,14.5,10.95,18,52.4,0,953.5,144,3.6,8.5,0,0,0,0,0,0,0,407,94,18,96
BER,2023,8,14,22,23.9,60.1,17.8,15.7,11.83,18.5,54.1,0,953.9,153,3.9,8,0,0,0,0,0,0,0,392,68,18,96
BER,2023,8,14,23,23.5,64,18.5,16.3,12.3,18.7,54.9,0,953.9,144,3.3,6.6,0,0,0,0,0,0,0,396,88,18,96
BER,2023,8,15,0,23,68.1,19.1,16.8,12.71,18.9,55.5,0,953.5,145,3.6,6.6,0,0,0,0,0,0,0,390,80,18,96
BER,2023,8,15,1,22.4,68,18.4,16.2,12.24,18.3,53.6,0,953.5,157,2.9,5.3,0,0,0,0,0,0,0,380,75,18,96
BER,2023,8,15,2,22,67.9,18,15.8,11.97,18,52.6,0,953.1,165,2.5,4.5,0,0,0,0,0,0,0,388,79,18,96
BER,2023,8,15,3,21.5,70.4,18.1,15.9,12.04,17.8,52.2,0,953,177,2.1,4.2,0,0,0,0,0,0,0,384,88,18,96
BER,2023,8,15,4,21.1,73.6,18.4,16.2,12.24,17.9,52.3,0,953.1,183,2.2,4.1,0,0,0,0,0,0,0,381,68,18,96
BER,2023,8,15,5,20.4,75.9,18.2,16,12.1,17.5,51.2,0,953.6,196,1.9,3.5,7,11,6,7,14,3,3,371,54,18,96
BER,2023,8,15,6,20.8,75.4,18.5,16.3,12.3,17.9,52.1,0,954.4,191,2.2,3.8,49,19,46,31,44,26,26,381,75,18,96
BER,2023,8,15,7,22,70.1,18.5,16.3,12.29,18.3,53.4,0,955.1,180,1.8,3.4,278,501,96,75,558,96,54,373,46,18,96
BER,2023,8,15,8,24,62.5,18.7,16.4,12.42,19,55.7,0,955.5,197,1.8,4.4,466,748,87,60,742,251,60,356,16,18,96
BER,2023,8,15,9,26,50.7,17.1,15,11.34,18.8,55.1,0,955.3,239,2.4,5.5,487,446,200,118,473,316,118,381,58,18,96
BER,2023,8,15,10,27.5,44.7,16.4,14.4,10.87,19,55.4,0,954.9,263,1.3,3.9,744,868,94,83,576,535,83,364,23,18,96
BER,2023,8,15,11,28.5,40.3,15.7,13.7,10.4,18.9,55.2,0,955,297,2.3,6.1,764,706,190,115,403,578,115,380,51,18,96
BER,2023,8,15,12,29.2,36,14.6,12.6,9.66,18.6,54.1,0,954.4,279,2.4,8.1,830,832,132,100,177,637,166,379,38,18,96
BER,2023,8,15,13,30.4,32.9,14.3,12.3,9.47,18.8,54.8,0,954,255,2.2,5.6,817,866,109,92,94,618,383,364,19,18,96
BER,2023,8,15,14,30.5,32.8,14.3,12.3,9.47,18.8,54.9,0,953.5,303,2.2,5.9,734,819,118,88,90,535,558,366,0,18,96
BER,2023,8,15,15,30.8,32.6,14.5,12.5,9.61,19,55.6,0,953.4,263,3.1,6.8,613,766,115,79,80,410,669,376,35,18,96
BER,2023,8,15,16,30.9,29.2,13,10.9,8.6,18.3,53.1,0,953.1,253,3.8,7.7,457,673,113,67,68,258,692,378,29,18,96
BER,2023,8,15,17,30,35.3,15,13,9.94,19,55.6,0,953.3,312,3.2,6.5,297,613,80,72,47,91,659,361,0,18,96
BER,2023,8,15,18,28.4,45.5,17.6,15.5,11.69,19.8,58.4,0,953.7,10,3,5.3,133,412,54,111,29,30,447,368,6,18,96
BER,2023,8,15,19,26.3,54.5,18.7,16.4,12.43,19.7,58.2,0,954.2,25,2.8,5.3,10,35,7,15,4,4,38,364,6,18,96
BER,2023,8,15,20,24.8,59.6,18.7,16.4,12.43,19.2,56.6,0,954.5,34,3,5.3,0,0,0,0,0,0,0,357,0,18,96
BER,2023,8,15,21,23.9,61.7,18.3,16.1,12.15,18.8,55,0,954.9,27,1.6,4.9,0,0,0,0,0,0,0,359,13,18,96
BER,2023,8,15,22,22.7,67.2,18.5,16.3,12.28,18.5,54.1,0,955.2,28,1.8,4.3,0,0,0,0,0,0,0,352,13,18,96
BER,2023,8,15,23,21.8,70.5,18.4,16.2,12.22,18.1,53,0,955.3,36,1.4,2.8,0,0,0,0,0,0,0,360,31,18,96
BER,2023,8,16,0,20.2,76.8,18.2,16,12.08,17.5,51,0,955,45,0.1,1.8,0,0,0,0,0,0,0,354,33,18,96
BER,2023,8,16,1,18.8,82.7,18,15.8,11.95,16.9,49.2,0,954.6,0,0,0.3,0,0,0,0,0,0,0,339,0,18,96
BER,2023,8,16,2,17.9,87,17.8,15.7,11.82,16.5,47.9,0,954.6,0,0,0.3,0,0,0,0,0,0,0,339,0,18,96
BER,2023,8,16,3,18,86.4,17.8,15.7,11.82,16.5,48.1,0,954.4,0,0,0.3,0,0,0,0,0,0,0,339,0,18,96
BER,2023,8,16,4,17.4,88.6,17.6,15.5,11.68,16.2,47.1,0,954.6,180,0.2,1.4,0,0,0,0,0,0,0,339,0,18,96
BER,2023,8,16,5,17.4,89.2,17.7,15.6,11.75,16.2,47.3,0,954.9,214,0.8,2.1,7,20,6,10,23,3,3,339,0,18,96
BER,2023,8,16,6,17.9,87.5,17.9,15.8,11.88,16.6,48.1,0,955.2,225,0.2,1.3,123,374,53,103,408,29,29,338,0,18,96
BER,2023,8,16,7,20.7,76.4,18.6,16.4,12.35,17.9,52.2,0,955.3,211,1,3,297,645,73,70,686,87,44,343,6,18,96
BER,2023,8,16,8,23.2,63.9,18.2,16,12.08,18.5,54.1,0,955.4,135,1,2.4,460,715,100,63,724,257,63,363,36,18,96
BER,2023,8,16,9,24.9,56.6,17.8,15.7,11.81,18.8,55.1,0,955.2,0,0.7,2.1,615,787,109,77,688,413,77,366,35,18,96
BER,2023,8,16,10,26.7,46.8,16.4,14.4,10.87,18.7,54.6,0,955.1,243,0.8,2.4,745,868,97,84,579,543,83,348,6,18,96
BER,2023,8,16,11,28.6,40.3,15.8,13.8,10.47,19,55.5,0,954.6,270,1.3,2.8,819,877,107,92,395,624,91,351,13,18,96
BER,2023,8,16,12,30,36.5,15.5,13.5,10.27,19.3,56.4,0,954.2,326,1.7,4.6,843,874,113,95,166,652,162,355,0,18,96
BER,2023,8,16,13,31.2,34.9,15.9,13.9,10.54,19.8,58.4,0,953.8,293,1.7,4.5,816,864,113,93,95,624,384,359,0,18,96
BER,2023,8,16,14,31.7,27.2,12.7,10.5,8.4,18.3,53.4,0,953.5,279,3.5,7.4,735,826,117,87,89,541,563,365,10,18,96
BER,2023,8,16,15,31.5,30.5,14.1,12.1,9.34,19,55.6,0,953.2,274,3,7.3,558,617,163,101,101,372,588,383,48,18,96
BER,2023,8,16,16,31.3,31.3,14.3,12.3,9.48,19.1,55.7,0,952.9,274,1.7,4.7,463,720,97,63,64,261,722,360,0,18,96
BER,2023,8,16,17,30.9,33.7,15.1,13.1,10.02,19.3,56.7,0,952.7,278,1.3,4.4,295,621,77,60,46,101,665,361,0,18,96
BER,2023,8,16,18,29.9,36,15.2,13.2,10.08,19.1,55.9,0,953,300,1,3.1,129,401,53,106,29,29,436,362,0,18,96
BER,2023,8,16,19,26.4,49.2,16.9,14.9,11.23,18.9,55.2,0,953.3,54,1.1,2.7,10,30,8,13,4,4,34,377,35,18,96
BER,2023,8,16,20,25.7,52.6,17.4,15.3,11.56,18.9,55.3,0,953.9,99,1.5,3.8,0,0,0,0,0,0,0,383,53,18,96
BER,2023,8,16,21,24.9,59.2,18.6,16.4,12.37,19.3,56.6,0,953.9,126,1.5,3.3,0,0,0,0,0,0,0,400,88,18,96
BER,2023,8,16,22,23.5,64.4,18.6,16.4,12.37,18.8,55.1,0,953.9,82,1.1,2.5,0,0,0,0,0,0,0,380,54,18,96
BER,2023,8,16,23,21.4,73.6,18.8,16.5,12.5,18.2,53.3,0,954,153,0.4,1.3,0,0,0,0,0,0,0,395,94,18,96
BER,2023,8,17,0,20.2,78.8,18.7,16.4,12.44,17.7,51.9,0,953.7,27,0.4,1.6,0,0,0,0,0,0,0,395,100,18,96
BER,2023,8,17,1,20,81.3,19,16.7,12.64,17.8,52.2,0,953.9,191,0.5,1,0,0,0,0,0,0,0,392,100,18,96
BER,2023,8,17,2,19.7,83.4,19.1,16.8,12.71,17.8,52.1,0,953.8,166,0.4,1.3,0,0,0,0,0,0,0,390,94,18,96
BER,2023,8,17,3,19.2,86,19.1,16.8,12.71,17.6,51.6,0,953.6,214,0.5,1.4,0,0,0,0,0,0,0,394,100,18,96
BER,2023,8,17,4,18.2,88.7,18.5,16.3,12.31,17,49.5,0,953.6,180,0.3,0.9,0,0,0,0,0,0,0,394,100,18,96
BER,2023,8,17,5,18.1,88.1,18.3,16.1,12.17,16.8,49,0,953.7,225,0.3,1.2,7,21,6,10,24,3,3,373,56,18,96
BER,2023,8,17,6,18.3,87.6,18.4,16.2,12.23,16.9,49.4,0,954,207,0.3,0.9,123,391,52,104,424,28,28,350,23,18,96
BER,2023,8,17,7,20,82.3,19.2,16.9,12.77,18,52.5,0,954.7,240,0.9,2.4,145,149,101,73,209,60,57,384,81,18,96
BER,2023,8,17,8,21.6,67.8,17.5,15.4,11.61,17.6,51.2,0.1,955.4,215,2,4.2,174,45,150,85,127,105,85,396,100,18,96
BER,2023,8,17,9,23.4,62,17.8,15.7,11.81,18.4,53.6,0,955.6,215,1.4,4.4,346,89,289,162,241,215,163,399,100,18,96
BER,2023,8,17,10,25.1,55.3,17.6,15.5,11.67,18.8,55,0,955.3,221,1.9,4.4,324,24,306,176,190,193,177,405,100,18,96
BER,2023,8,17,11,26.1,50.4,17,15,11.28,18.8,55,0,954.6,232,1.2,3.3,580,292,345,186,335,412,187,401,88,18,96
BER,2023,8,17,12,28.2,45.2,17.3,15.2,11.49,19.6,57.7,0,953.8,145,2,5.8,764,636,235,127,208,598,207,397,75,18,96
BER,2023,8,17,13,28,43.4,16.4,14.4,10.89,19.1,56,0,953.5,160,3.1,7.4,472,189,318,174,170,326,264,408,92,18,96
BER,2023,8,17,14,27.4,45.2,16.5,14.5,10.96,19,55.5,0,953.2,157,2.3,4.7,522,293,308,167,164,361,385,405,88,18,96
BER,2023,8,17,15,28.2,44.3,16.9,14.9,11.23,19.4,57,0,953.3,154,3,5.5,475,316,273,143,141,322,431,404,94,18,96
BER,2023,8,17,16,28.5,40.5,15.8,13.8,10.49,18.9,55.5,0,952.7,177,3.8,7,353,280,211,112,110,217,395,407,88,18,96
BER,2023,8,17,17,27.8,41.7,15.6,13.6,10.36,18.6,54.4,0,952.5,166,3.8,7.5,219,229,136,76,73,110,313,394,75,18,96
BER,2023,8,17,18,26.3,44.9,15.4,13.4,10.23,18,52.5,0,952.2,145,3,5.8,88,129,62,59,34,35,168,394,74,18,96
BER,2023,8,17,19,24.4,51.6,15.8,13.8,10.49,17.6,51.2,0,952.8,133,2.5,5.3,1,0,1,1,1,1,1,394,74,18,96
BER,2023,8,17,20,23.2,53.7,15.3,13.3,10.15,16.9,49.2,0,953,131,1.2,3.8,0,0,0,0,0,0,0,390,78,18,96
BER,2023,8,17,21,21.9,61.2,16.1,14.1,10.69,16.9,49.2,0,952.9,122,1,2.5,0,0,0,0,0,0,0,357,26,18,96
BER,2023,8,17,22,21.3,64.8,16.4,14.4,10.89,16.9,49.1,0,953.1,58,1.3,2.8,0,0,0,0,0,0,0,371,59,18,96
BER,2023,8,17,23,19.9,72,16.7,14.7,11.09,16.6,48.2,0,953.4,16,1.5,2.9,0,0,0,0,0,0,0,357,46,18,96
BER,2023,8,18,0,18.2,79.5,16.6,14.6,11.02,15.9,46.2,0,953.4,30,0.8,2.2,0,0,0,0,0,0,0,351,39,18,96
BER,2023,8,18,1,17.2,83.6,16.4,14.4,10.89,15.4,44.9,0,953.3,18,0.8,1.6,0,0,0,0,0,0,0,334,16,18,96
BER,2023,8,18,2,16.9,85.2,16.4,14.4,10.89,15.3,44.6,0,953.1,180,0.3,1.1,0,0,0,0,0,0,0,348,41,18,96
BER,2023,8,18,3,16.5,86.8,16.3,14.3,10.82,15.1,44,0,953.2,198,0.4,1.8,0,0,0,0,0,0,0,345,26,18,96
BER,2023,8,18,4,15.7,89.6,16,14,10.62,14.6,42.7,0,953.1,217,0.5,1.4,0,0,0,0,0,0,0,329,0,18,96
BER,2023,8,18,5,15.6,90.2,16,14,10.62,14.6,42.5,0,953.3,214,0.4,1,6,12,5,6,14,3,3,329,6,18,96
BER,2023,8,18,6,16.5,87.4,16.4,14.4,10.89,15.2,44.1,0,953.5,207,0.4,1.2,118,366,53,98,400,28,28,330,13,18,96
BER,2023,8,18,7,19.6,74.8,17.1,15,11.36,16.7,48.5,0,953.6,225,1.2,2.2,292,642,73,58,684,99,43,330,0,18,96
BER,2023,8,18,8,22.7,56.5,15.6,13.6,10.34,16.9,49.1,0,953.8,225,1.4,2.9,467,769,83,58,758,263,58,331,0,18,96
BER,2023,8,18,9,24.7,51,15.9,13.9,10.54,17.8,51.7,0,954,238,1.2,2.9,623,836,91,71,711,423,71,332,0,18,96
BER,2023,8,18,10,26.8,44.5,15.7,13.7,10.41,18.4,53.5,0,953.5,288,0.8,2.5,744,869,100,83,580,552,82,340,25,18,96
BER,2023,8,18,11,29.2,35.3,14.3,12.3,9.47,18.4,53.6,0,953.1,288,0.9,2.7,812,855,123,93,400,631,92,363,33,18,96
BER,2023,8,18,12,30.9,32.2,14.4,12.4,9.55,19,55.5,0,952.7,333,1.3,3.8,842,857,131,97,177,663,166,393,55,18,96
BER,2023,8,18,13,31.5,30.7,14.2,12.2,9.42,19.1,55.8,0,952.3,360,1.2,4.3,811,847,127,94,96,631,389,399,46,18,96
BER,2023,8,18,14,33,26.1,13.1,11,8.68,19,55.4,0,952.1,295,2.4,5.7,740,850,110,84,86,553,571,378,13,18,96
BER,2023,8,18,15,33,24.7,12.4,10.2,8.21,18.6,54.2,0,951.8,330,1.7,4.8,615,796,108,75,76,424,690,364,0,18,96
BER,2023,8,18,16,32.9,24.4,12.2,9.9,8.08,18.4,53.8,0,951.5,37,1.4,5,466,735,98,62,63,270,738,369,29,18,96
BER,2023,8,18,17,32.6,23.8,11.7,9.3,7.75,18.1,52.6,0,951.3,50,1.5,3.8,281,557,89,61,49,107,612,373,36,18,96
BER,2023,8,18,18,31.5,24.5,11.3,8.8,7.48,17.5,50.8,0,951.4,52,1.7,3.2,128,403,55,105,29,29,440,368,29,18,96
BER,2023,8,18,19,25.8,41.9,13.9,11.9,9.22,17.1,49.4,0,951.7,54,1.2,2.4,8,23,7,11,4,4,27,378,56,18,96
BER,2023,8,18,20,23.8,48.2,14.2,12.2,9.42,16.6,47.9,0,951.9,0,0.4,1,0,0,0,0,0,0,0,399,84,18,96
BER,2023,8,18,21,24.5,51,15.7,13.7,10.43,17.6,51.2,0,952.1,163,1.4,3.3,0,0,0,0,0,0,0,388,84,18,96
BER,2023,8,18,22,23.8,54.9,16.2,14.2,10.76,17.6,51.3,0,952.5,153,1.4,3.2,0,0,0,0,0,0,0,358,31,18,96
BER,2023,8,18,23,21.9,62.8,16.5,14.5,10.96,17.2,49.9,0,952.6,156,1.4,2.9,0,0,0,0,0,0,0,361,43,18,96
BER,2023,8,19,0,20.3,68.9,16.4,14.4,10.89,16.6,48.1,0,952.8,146,0.9,2.2,0,0,0,0,0,0,0,343,13,18,96
BER,2023,8,19,1,19.8,71,16.4,14.4,10.89,16.4,47.5,0,953,196,0.9,2.7,0,0,0,0,0,0,0,338,6,18,96
BER,2023,8,19,2,18.4,78,16.5,14.5,10.96,15.9,46.3,0,953.1,201,0.9,2.7,0,0,0,0,0,0,0,357,44,18,96
BER,2023,8,19,3,18,81,16.7,14.7,11.09,15.9,46.2,0,953.4,180,0.3,1,0,0,0,0,0,0,0,358,38,18,96
BER,2023,8,19,4,17.3,83.1,16.4,14.4,10.89,15.5,45,0,953.4,204,1.1,2.4,0,0,0,0,0,0,0,355,33,18,96
BER,2023,8,19,5,17.3,82,16.2,14.2,10.74,15.4,44.6,0,954,209,1.2,2.3,6,11,5,6,14,3,3,337,0,18,96
BER,2023,8,19,6,18.2,80,16.7,14.7,11.08,16,46.4,0,954.4,212,1.1,1.9,113,351,51,92,384,28,28,345,19,18,96
BER,2023,8,19,7,21.3,66,16.7,14.7,11.07,17.1,49.6,0,954.8,212,1.5,2.8,265,493,101,67,557,105,54,365,44,18,96
BER,2023,8,19,8,24.6,50.7,15.7,13.7,10.39,17.6,51.2,0,955.2,192,1.6,3.2,431,610,133,73,653,258,73,374,58,18,96
BER,2023,8,19,9,27.3,42.9,15.6,13.6,10.33,18.5,53.8,0,955.2,197,1.3,2.8,540,541,198,105,561,378,105,380,64,18,96
BER,2023,8,19,10,29,39.4,15.8,13.8,10.46,19.1,55.9,0,955.3,260,1.4,3.5,616,478,266,137,476,455,138,394,75,18,96
BER,2023,8,19,11,29.9,35.7,15.1,13.1,9.99,19,55.6,0,955.1,240,1.6,3.2,695,520,277,142,394,536,142,404,75,18,96
BER,2023,8,19,12,31.7,32.7,15.3,13.3,10.13,19.7,57.8,0,954.9,246,1.4,4,835,892,98,89,157,660,152,401,43,18,96
BER,2023,8,19,13,32.2,32.8,15.8,13.8,10.46,20.1,59.2,0,955.1,332,1.9,4.5,482,184,332,185,181,328,263,421,94,18,96
BER,2023,8,19,14,32.9,30.3,15.2,13.2,10.06,20,58.9,0,955,180,1,2.8,447,134,349,192,187,291,298,424,100,18,96
BER,2023,8,19,15,33.5,28.8,14.9,12.9,9.86,20,59,0,954.8,143,1.4,3.7,530,538,194,107,106,367,557,411,64,18,96
BER,2023,8,19,16,33.7,27.2,14.2,12.2,9.39,19.7,58,0,954.7,219,1.6,3.7,442,688,102,62,63,261,699,390,39,18,96
BER,2023,8,19,17,32.4,32.4,15.8,13.8,10.47,20.1,59.4,0,954.6,117,0.6,2.3,276,520,99,65,53,112,582,410,69,18,96
BER,2023,8,19,18,30.9,36.7,16.4,14.4,10.87,20,58.9,0,954.9,32,1.4,2.3,42,13,40,25,22,23,36,422,100,18,96
BER,2023,8,19,19,29.3,44.3,18.1,15.9,12.01,20.3,60.2,0,955.2,24,2.4,4.6,4,2,3,2,2,2,4,409,81,18,96
BER,2023,8,19,20,27.4,49.2,18,15.8,11.94,19.7,58,0,955.7,23,1.9,4.3,0,0,0,0,0,0,0,383,38,18,96
BER,2023,8,19,21,24.6,60.3,18.6,16.4,12.34,19.2,56.2,0,956.1,18,0.8,1.8,0,0,0,0,0,0,0,376,31,18,96
BER,2023,8,19,22,22.9,65.5,18.3,16.1,12.14,18.4,53.9,0,956.2,18,0.7,1.6,0,0,0,0,0,0,0,358,6,18,96
BER,2023,8,19,23,21.6,71.4,18.4,16.2,12.2,18.1,52.7,0,956.4,37,0.6,2.1,0,0,0,0,0,0,0,361,19,18,96
BER,2023,8,20,0,20.8,75,18.4,16.2,12.2,17.8,51.9,0,956.3,11,0.5,1.7,0,0,0,0,0,0,0,351,0,18,96
BER,2023,8,20,1,19.9,79.2,18.4,16.2,12.2,17.5,51,0,956.4,135,0.4,1.3,0,0,0,0,0,0,0,357,13,18,96
BER,2023,8,20,2,19.3,80.7,18.1,15.9,11.99,17.1,49.8,0,956.7,0,0.1,0.6,0,0,0,0,0,0,0,365,28,18,96
BER,2023,8,20,3,18.9,81.7,17.8,15.7,11.79,16.8,48.9,0,956.9,166,0.4,0.9,0,0,0,0,0,0,0,349,0,18,96
BER,2023,8,20,4,18.7,81.7,17.6,15.5,11.65,16.6,48.4,0,957,158,0.7,1.9,0,0,0,0,0,0,0,375,50,18,96
BER,2023,8,20,5,18.1,85.3,17.7,15.6,11.72,16.5,47.9,0,957.3,191,0.6,1.7,2,0,2,1,1,1,1,381,61,18,96
BER,2023,8,20,6,18.7,83.2,18,15.8,11.92,16.8,49,0,957.6,207,0.9,2.5,111,336,54,91,371,28,29,371,43,18,96
BER,2023,8,20,7,21.2,73.6,18.5,16.3,12.25,18,52.4,0,957.8,256,0.4,1.3,277,596,77,56,642,102,44,364,13,18,96
BER,2023,8,20,8,24.4,60.2,18.4,16.2,12.18,19,55.6,0,958,230,0.9,2.5,453,750,84,57,741,264,57,358,0,18,96
BER,2023,8,20,9,26.6,51.2,17.8,15.7,11.77,19.4,56.8,0,958.1,239,0.8,2.3,605,812,95,70,694,422,70,356,0,18,96
BER,2023,8,20,10,28.7,45,17.7,15.6,11.71,20,58.8,0,958,259,0.9,2.4,721,832,110,83,564,547,82,359,0,18,96
BER,2023,8,20,11,30.7,40.6,18,15.8,11.91,20.7,61.4,0,957.7,338,0.8,2,802,869,106,88,386,632,87,364,0,18,96
BER,2023,8,20,12,32.6,35.3,17.4,15.3,11.51,21,62.3,0,957.3,318,1.7,5,827,872,110,90,160,660,157,375,0,18,96
BER,2023,8,20,13,33.6,33.6,17.5,15.4,11.59,21.3,63.5,0,956.9,328,2.1,5.3,797,853,114,89,91,630,383,381,0,18,96
BER,2023,8,20,14,34.6,28.7,15.8,13.8,10.45,20.8,61.6,0,956.6,349,2,4.9,715,811,120,84,86,545,557,376,6,18,96
BER,2023,8,20,15,34.6,27.8,15.3,13.3,10.11,20.5,60.8,0,956.4,17,2,5.6,577,686,142,84,85,409,627,396,40,18,96
BER,2023,8,20,16,33.6,31.9,16.6,14.6,10.99,20.9,62,0,956.3,22,3.4,5.5,290,225,178,98,96,176,318,411,71,18,96
BER,2023,8,20,17,33,35,17.6,15.5,11.66,21.2,63.1,0,956.4,18,2.9,5,170,91,139,80,76,92,174,412,68,18,96
BER,2023,8,20,18,31.3,44.9,20.5,17.9,13.62,22,66.3,0,956.7,9,2.7,5.3,115,362,52,91,27,28,396,396,45,18,96
BER,2023,8,20,19,29.2,52.9,21.4,18.6,14.22,21.9,65.7,0,957.3,21,2,4.8,1,0,1,1,1,1,1,397,54,18,96
BER,2023,8,20,20,25.9,65.3,21.8,18.9,14.49,21.1,63,0,957.7,27,0.9,2,0,0,0,0,0,0,0,371,6,18,96
BER,2023,8,20,21,24.6,69.7,21.5,18.7,14.28,20.6,61.1,0,958,16,0.8,1.4,0,0,0,0,0,0,0,364,0,18,96
BER,2023,8,20,22,23.2,74.9,21.3,18.5,14.14,20,59.3,0,958.2,34,0.5,1.6,0,0,0,0,0,0,0,361,0,18,96
BER,2023,8,20,23,22.9,75.8,21.2,18.4,14.07,19.8,58.8,0,958.3,360,0.1,0.7,0,0,0,0,0,0,0,361,0,18,96
BER,2023,8,21,0,21.6,81,20.9,18.2,13.87,19.3,57,0,958.2,360,0.2,1,0,0,0,0,0,0,0,359,0,18,96
BER,2023,8,21,1,21.1,83.5,20.9,18.2,13.87,19.1,56.4,0,958.2,198,0.4,1,0,0,0,0,0,0,0,354,0,18,96
BER,2023,8,21,2,21,83.5,20.8,18.1,13.8,19.1,56.2,0,958.4,207,0.5,1.3,0,0,0,0,0,0,0,354,0,18,96
BER,2023,8,21,3,20.4,86.1,20.6,18,13.66,18.8,55.2,0,958.4,217,0.5,1.4,0,0,0,0,0,0,0,354,0,18,96
BER,2023,8,21,4,19.4,87.1,19.6,17.2,12.99,17.9,52.5,0,958.4,360,0.3,0.9,0,0,0,0,0,0,0,354,0,18,96
BER,2023,8,21,5,19.2,87.6,19.5,17.1,12.91,17.8,52.1,0,958.8,243,0.3,0.8,4,0,4,2,2,2,2,355,0,18,96
BER,2023,8,21,6,19.9,85,19.7,17.3,13.04,18.2,53.1,0,959.3,217,0.5,1.1,107,339,49,85,371,27,27,355,0,18,96
BER,2023,8,21,7,22.7,72.9,20.1,17.6,13.31,19.3,56.7,0,959.4,225,0.7,1.9,277,619,72,54,662,103,42,356,0,18,96
BER,2023,8,21,8,25.8,58.3,19.4,17,12.84,19.9,58.7,0,959.5,151,1.1,3,446,728,90,58,727,267,58,358,0,18,96
BER,2023,8,21,9,27.9,54.2,20.4,17.8,13.51,21,62.6,0,959.3,297,0.9,2.4,599,796,101,72,687,424,72,360,0,18,96
BER,2023,8,21,10,29.9,51.1,21.5,18.7,14.27,22.1,66.5,0,958.9,349,1.5,4.2,721,844,104,82,566,553,81,362,0,18,96
BER,2023,8,21,11,31.3,45.4,20.7,18.1,13.73,22.2,66.6,0,958.6,338,1.9,5.1,800,874,103,88,384,637,87,366,0,18,96
BER,2023,8,21,12,32.5,39.9,19.5,17.1,12.92,21.9,65.8,0,958.2,360,1.7,4.8,824,872,109,91,160,665,157,376,0,18,96
BER,2023,8,21,13,33.7,35,18.3,16.1,12.12,21.7,65,0,957.8,281,1.9,5.3,796,863,109,89,91,635,383,382,0,18,96
BER,2023,8,21,14,34.6,30.6,16.8,14.8,11.11,21.3,63.3,0,957.3,225,1.6,5.9,713,817,116,84,86,549,561,376,0,18,96
BER,2023,8,21,15,34.8,26.6,14.8,12.8,9.77,20.3,60.1,0,957,281,2.4,6.6,594,781,105,73,74,423,678,371,0,18,96
BER,2023,8,21,16,34.8,27.6,15.4,13.4,10.18,20.6,61.1,0,956.5,276,2.1,5.1,439,703,96,60,61,267,709,369,0,18,96
BER,2023,8,21,17,33.9,29.8,15.8,13.8,10.45,20.6,60.9,0,956.2,294,1.5,4,272,600,75,54,44,103,645,369,0,18,96
BER,2023,8,21,18,32.3,41.3,20,17.5,13.29,22.1,66.5,0,956.2,17,2.8,5.3,107,357,47,86,25,25,388,370,0,18,96
BER,2023,8,21,19,30,50.2,21.3,18.5,14.17,22,66.4,0,956.6,28,3,5.1,4,4,4,4,2,2,7,369,0,18,96
BER,2023,8,21,20,28.4,52.3,20.2,17.7,13.41,21.1,62.8,0,957,24,2.5,4.4,0,0,0,0,0,0,0,367,0,18,96
BER,2023,8,21,21,25.9,62.9,21,18.3,13.95,20.7,61.6,0,957.2,5,1.1,2.3,0,0,0,0,0,0,0,364,0,18,96
BER,2023,8,21,22,24.1,67.9,20.4,17.8,13.54,19.8,58.7,0,957.2,22,0.6,1.5,0,0,0,0,0,0,0,362,0,18,96
BER,2023,8,21,23,22.7,72.9,20.1,17.6,13.34,19.3,56.8,0,957.2,27,0.3,1.5,0,0,0,0,0,0,0,360,0,18,96
BER,2023,8,22,0,22,76.1,20.1,17.6,13.34,19.1,56,0,957,90,0.2,0.7,0,0,0,0,0,0,0,357,0,18,96
BER,2023,8,22,1,21.5,79,20.3,17.7,13.48,19,55.9,0,956.9,243,0.2,0.9,0,0,0,0,0,0,0,356,0,18,96
BER,2023,8,22,2,21.2,80.4,20.2,17.7,13.41,18.9,55.4,0,957,166,0.9,1.6,0,0,0,0,0,0,0,356,0,18,96
BER,2023,8,22,3,20.1,86.1,20.2,17.7,13.41,18.5,54.3,0,956.9,198,0.7,1.4,0,0,0,0,0,0,0,356,0,18,96
BER,2023,8,22,4,20.2,85,20.1,17.6,13.35,18.5,54.2,0,956.8,188,0.8,1.5,0,0,0,0,0,0,0,355,0,18,96
BER,2023,8,22,5,19.5,88.2,20,17.5,13.28,18.2,53.3,0,956.9,225,0.4,1.4,4,0,4,2,2,2,2,358,0,18,96
BER,2023,8,22,6,20.2,85,20.1,17.6,13.34,18.5,54.2,0,957.2,270,0.2,0.7,104,329,48,80,361,26,26,358,0,18,96
BER,2023,8,22,7,22.7,73.4,20.3,17.7,13.47,19.3,57.1,0,957.4,243,0.5,1.2,274,616,72,54,660,105,43,356,0,18,96
BER,2023,8,22,8,26.3,57,19.5,17.1,12.93,20.1,59.4,0,957.5,176,1.5,3.4,444,733,88,58,731,271,58,359,0,18,96
BER,2023,8,22,9,28.1,50.6,19.2,16.9,12.73,20.5,60.8,0,957.4,185,1.3,3.1,593,786,104,73,682,427,73,361,0,18,96
BER,2023,8,22,10,30,46.5,19.8,17.3,13.14,21.3,63.8,0,957.2,256,0.9,2.5,715,834,107,83,564,556,83,364,0,18,96
BER,2023,8,22,11,31.8,42.5,20,17.5,13.28,22,66,0,956.7,204,1.4,3.5,792,863,107,89,384,639,89,372,0,18,96
BER,2023,8,22,12,32.9,38.2,19.1,16.8,12.68,21.9,65.6,0,956.2,234,1.6,5.4,816,865,110,92,160,666,159,398,23,18,96
BER,2023,8,22,13,34.1,36.4,19.5,17.1,12.95,22.4,67.5,0,956,302,2,4.8,733,669,203,115,116,589,395,410,50,18,96
BER,2023,8,22,14,35,30.3,17.1,15,11.34,21.5,64.3,0,955.4,280,1.6,4.7,703,805,119,86,88,548,559,384,16,18,96
BER,2023,8,22,15,35,31.1,17.5,15.4,11.61,21.7,65,0,955,277,2.2,4.6,588,783,102,73,74,424,678,379,0,18,96
BER,2023,8,22,16,34.9,32.1,17.9,15.8,11.88,21.9,65.6,0,954.8,254,1.5,4.9,434,703,94,60,61,267,707,374,0,18,96
BER,2023,8,22,17,34.4,34.1,18.5,16.3,12.29,22,66.1,0,954.6,246,1.3,3.4,265,584,75,54,44,104,631,374,0,18,96
BER,2023,8,22,18,32.8,42.5,21.1,18.4,14.06,22.7,69,0,954.8,347,1.9,4.3,103,335,47,81,26,26,366,375,0,18,96
BER,2023,8,22,19,30.5,49.7,21.7,18.8,14.46,22.3,67.7,0,955,30,2.3,4.3,4,0,4,3,2,3,3,374,0,18,96
BER,2023,8,22,20,29,54.8,22,19,14.66,22,66.6,0,955.5,32,2.6,4.8,0,0,0,0,0,0,0,372,0,18,96
BER,2023,8,22,21,27.5,59.5,21.8,18.9,14.52,21.5,64.7,0,955.7,354,1.2,3.1,0,0,0,0,0,0,0,369,0,18,96
BER,2023,8,22,22,25.4,67.7,21.9,19,14.59,21,62.7,0,955.7,27,0.6,2,0,0,0,0,0,0,0,366,0,18,96
BER,2023,8,22,23,24.3,72.3,21.9,19,14.59,20.7,61.6,0,955.6,34,0.4,1.3,0,0,0,0,0,0,0,363,0,18,96
BER,2023,8,23,0,23.1,77.3,21.8,18.9,14.52,20.2,60.2,0,955.7,18,0.6,1.4,0,0,0,0,0,0,0,361,0,18,96
BER,2023,8,23,1,22.5,79.6,21.7,18.8,14.45,20,59.4,0,955.8,27,0.5,1.4,0,0,0,0,0,0,0,359,0,19,96
BER,2023,8,23,2,21.6,83.6,21.6,18.7,14.38,19.6,58.3,0,955.8,27,0.3,0.8,0,0,0,0,0,0,0,358,0,19,96
BER,2023,8,23,3,21.2,85.7,21.5,18.7,14.32,19.5,57.7,0,955.6,135,0.2,0.7,0,0,0,0,0,0,0,358,0,19,96
BER,2023,8,23,4,20.7,87.8,21.4,18.6,14.25,19.3,57,0,955.6,180,0.2,0.7,0,0,0,0,0,0,0,357,0,19,96
BER,2023,8,23,5,20.7,86.7,21.2,18.4,14.11,19.1,56.6,0,955.7,180,0.5,1,3,0,3,2,2,2,2,357,0,19,96
BER,2023,8,23,6,21.1,86.2,21.6,18.7,14.38,19.5,57.7,0,956,214,0.4,1.1,101,323,47,77,355,26,26,359,0,19,96
BER,2023,8,23,7,23.4,74.5,21.4,18.6,14.24,20.1,59.8,0,956.2,231,0.7,1.9,268,599,74,54,645,108,44,356,0,19,96
BER,2023,8,23,8,26,61.8,20.8,18.1,13.83,20.6,61.4,0,956.3,176,1.5,2.9,440,731,87,60,730,275,59,358,0,19,96
BER,2023,8,23,9,27.9,56,21,18.3,13.97,21.3,63.7,0,956.3,217,0.9,3.4,591,790,101,75,686,433,74,359,0,19,96
BER,2023,8,23,10,29.8,52.4,21.9,19,14.59,22.3,67.3,0,955.8,288,1,2.7,710,826,111,86,566,561,86,379,6,19,96
BER,2023,8,23,11,32,43.4,20.6,18,13.71,22.3,67.3,0,955.5,281,1.5,4.8,789,856,112,93,388,646,92,368,0,19,96
BER,2023,8,23,12,33.8,32.4,17.1,15,11.34,21.2,63.1,0,955.2,267,2.2,5.8,814,859,116,96,165,674,165,374,0,19,96
BER,2023,8,23,13,34.6,28.5,15.7,13.7,10.4,20.7,61.5,0,954.8,261,2.4,5.4,788,856,112,93,95,646,390,379,0,19,96
BER,2023,8,23,14,34.6,32,17.6,15.5,11.68,21.6,64.8,0,954.6,335,2.3,6.1,712,839,106,85,87,562,569,381,6,19,96
BER,2023,8,23,15,34.8,33.5,18.6,16.4,12.36,22.2,66.7,0,954.6,346,2.5,6.3,590,795,99,74,76,432,689,386,29,19,96
BER,2023,8,23,16,34,41,21.8,18.9,14.54,23.4,71.5,0,954.6,20,3.3,7.1,435,724,89,60,61,273,725,365,0,19,96
BER,2023,8,23,17,32.5,45.5,22.3,19.2,14.88,23.1,70.8,0,954.6,41,4.1,7.3,264,593,74,54,44,106,640,363,0,19,96
BER,2023,8,23,18,31,50.4,22.6,19.5,15.08,22.9,69.8,0,954.6,44,3.3,6.3,99,315,48,78,26,27,348,363,0,19,96
BER,2023,8,23,19,29.2,54.9,22.2,19.2,14.81,22.2,67.2,0,954.7,32,2.8,5,0,0,0,0,0,0,0,362,0,19,96
BER,2023,8,23,20,27.6,59.5,21.9,19,14.6,21.6,65,0,955.2,27,2.5,5.7,0,0,0,0,0,0,0,359,0,19,96
BER,2023,8,23,21,25.9,65.3,21.8,18.9,14.52,21.1,63.1,0,955.4,16,1.9,3.8,0,0,0,0,0,0,0,379,40,19,96
BER,2023,8,23,22,24.3,71.4,21.7,18.8,14.46,20.5,61.3,0,955.1,8,0.8,2.8,0,0,0,0,0,0,0,371,33,19,96
BER,2023,8,23,23,22.9,77.2,21.6,18.7,14.4,20,59.6,0,954.8,13,1,2.3,0,0,0,0,0,0,0,362,23,19,96
BER,2023,8,24,0,22.3,79.6,21.4,18.6,14.27,19.8,58.7,0,954.5,5,1.1,2.2,0,0,0,0,0,0,0,350,6,19,96
BER,2023,8,24,1,21.3,84.1,21.3,18.5,14.2,19.4,57.5,0,954,14,1.3,3,0,0,0,0,0,0,0,368,44,19,96
BER,2023,8,24,2,20.8,85.1,20.9,18.2,13.94,19.1,56.3,0,953.6,18,0.7,1.7,0,0,0,0,0,0,0,358,25,19,96
BER,2023,8,24,3,19.7,88.2,20.2,17.7,13.47,18.4,54,0,953.3,45,0.4,1.1,0,0,0,0,0,0,0,345,0,19,96
BER,2023,8,24,4,19.7,87.7,20.1,17.6,13.4,18.3,53.8,0,953.2,333,0.2,1,0,0,0,0,0,0,0,345,0,19,96
BER,2023,8,24,5,19,88.2,19.4,17,12.92,17.7,51.9,0,953.4,207,0.6,1.2,3,0,3,2,2,2,2,345,0,19,96
BER,2023,8,24,6,19.9,85.5,19.9,17.4,13.26,18.2,53.7,0,953.7,201,0.9,1.8,100,323,48,77,356,27,27,345,0,19,96
BER,2023,8,24,7,22.3,77.1,20.8,18.1,13.87,19.5,57.7,0,953.8,203,0.8,1.8,268,606,73,54,653,111,44,346,0,19,96
BER,2023,8,24,8,25.5,58.3,19,16.7,12.65,19.6,57.9,0,953.4,174,1.9,3.6,440,731,89,61,732,281,61,348,0,19,96
BER,2023,8,24,9,27.6,49.5,18.3,16.1,12.18,19.9,58.8,0,953.2,203,1.2,3.4,592,794,102,76,691,441,76,352,0,19,96
BER,2023,8,24,10,29.8,43.6,18.3,16.1,12.18,20.6,61.1,0,952.7,252,1.3,4.2,714,841,107,87,571,571,87,366,0,19,96
BER,2023,8,24,11,32.2,39.5,19,16.7,12.67,21.6,64.8,0,952,270,1.9,4.2,789,860,112,94,391,654,94,382,0,19,96
BER,2023,8,24,12,33.6,35.8,18.7,16.4,12.47,21.8,65.8,0,951.5,270,2.2,5.3,814,866,114,97,166,682,166,401,0,19,96
BER,2023,8,24,13,34.8,34.6,19.2,16.9,12.82,22.5,67.9,0,950.8,276,2.1,5.9,785,854,114,95,97,651,392,413,19,19,96
BER,2023,8,24,14,34.3,34.5,18.7,16.4,12.49,22,66.5,0,950,247,2.2,5.8,251,222,85,50,50,199,174,427,90,19,96
BER,2023,8,24,15,34.4,35.4,19.2,16.9,12.84,22.3,67.5,0,949.3,270,1,2.6,418,312,231,129,127,292,404,421,81,19,96
BER,2023,8,24,16,33.7,37,19.4,17,12.98,22.2,67.2,0,949.2,283,1.4,4.3,324,296,176,97,96,213,385,424,94,19,96
BER,2023,8,24,17,31.7,38.6,18.1,15.9,12.09,21,62.8,0,949.5,338,2.1,6.5,107,17,101,59,57,62,77,426,100,19,96
BER,2023,8,24,18,30.4,44.9,19.5,17.1,13.04,21.3,63.9,0,949.8,338,4,14.3,19,0,19,11,11,11,12,424,100,19,96
BER,2023,8,24,19,28.2,46.9,18,15.8,11.99,19.9,59,0,951.4,336,4.1,12.5,0,0,0,0,0,0,0,421,100,19,96
BER,2023,8,24,20,25.9,54.4,18.2,16,12.13,19.3,57,0,951.8,18,1.9,6.6,0,0,0,0,0,0,0,409,84,19,96
BER,2023,8,24,21,24.6,60.3,18.6,16.4,12.4,19.2,56.3,0,951.9,32,1.8,5.3,0,0,0,0,0,0,0,391,55,19,96
BER,2023,8,24,22,23.7,68.2,20,17.5,13.35,19.5,57.8,0.1,951.5,35,1.5,5.3,0,0,0,0,0,0,0,398,94,19,96
BER,2023,8,24,23,22.3,77.6,20.9,18.2,13.97,19.5,58,0,951.2,35,3.9,6.4,0,0,0,0,0,0,0,393,78,19,96
BER,2023,8,25,0,21.3,82,20.7,18.1,13.84,19.1,56.6,0,950.9,23,3.6,5.3,0,0,0,0,0,0,0,361,23,19,96
BER,2023,8,25,1,20.7,83.5,20.4,17.8,13.64,18.8,55.5,0,950.6,21,1.8,3.4,0,0,0,0,0,0,0,372,48,19,96
BER,2023,8,25,2,20.4,84.5,20.3,17.7,13.57,18.6,55,0,950.5,16,2.3,4.7,0,0,0,0,0,0,0,390,81,19,96
BER,2023,8,25,3,20.4,84.5,20.2,17.7,13.51,18.6,54.8,0,950,25,2.5,5.3,0,0,0,0,0,0,0,377,59,19,96
BER,2023,8,25,4,19.5,87.7,19.9,17.4,13.31,18.1,53.4,0,949.6,18,1,2.4,0,0,0,0,0,0,0,367,45,19,96
BER,2023,8,25,5,19.4,88.2,19.9,17.4,13.31,18.1,53.3,0,949.7,270,0.6,1.9,0,0,0,0,0,0,0,386,78,19,96
BER,2023,8,25,6,20.3,85,20.2,17.7,13.5,18.6,54.7,0,950.7,254,0.8,6.3,38,94,28,34,111,16,16,391,84,19,96
BER,2023,8,25,7,21.8,79.5,20.7,18.1,13.83,19.3,57.1,0.1,951.6,190,1.7,7.4,127,90,94,53,146,74,53,402,100,19,96
BER,2023,8,25,8,23.5,69.9,20.2,17.7,13.48,19.6,57.9,0,952.4,167,2,4.4,360,389,179,96,481,237,96,398,88,19,96
BER,2023,8,25,9,25.7,60.2,19.9,17.4,13.26,20.1,59.7,0,953.2,203,1.8,4.4,339,160,241,135,276,229,135,405,94,19,96
BER,2023,8,25,10,26.1,54.8,18.5,16.3,12.3,19.6,57.6,0,953.7,279,1.5,4.7,227,3,225,131,130,133,132,411,100,19,96
BER,2023,8,25,11,26.3,50.8,17.4,15.3,11.56,19.1,55.9,0,953.6,270,3.9,10,344,84,277,157,191,229,158,414,100,19,96
BER,2023,8,25,12,27.1,45.7,16.4,14.4,10.9,18.8,55.1,0,952,238,3.6,7.8,431,76,370,211,216,279,231,417,100,19,96
BER,2023,8,25,13,26.6,48.6,16.9,14.9,11.25,18.9,55.4,0.2,951.4,207,3.3,8,235,28,212,122,119,147,136,418,100,19,96
BER,2023,8,25,14,27.2,49.4,17.8,15.7,11.88,19.6,57.7,0,950.1,171,2.7,8.2,379,236,214,118,116,278,292,407,88,19,96
BER,2023,8,25,15,26.4,55.9,19.3,16.9,12.92,20,59.5,1.1,948.4,153,2,6.1,66,0,66,39,37,38,39,416,100,19,96
BER,2023,8,25,16,26.2,61.1,20.8,18.1,13.95,20.7,61.9,0,948.5,360,2.2,6,428,640,126,72,73,285,680,398,71,19,96
BER,2023,8,25,17,25,59.6,18.9,16.6,12.65,19.4,57.4,0,948,26,2.8,5.8,184,315,82,49,47,91,366,402,78,19,96
BER,2023,8,25,18,24.8,57.7,18.1,15.9,12.11,18.9,55.8,0,947.9,39,2.3,5,27,2,27,16,15,16,18,413,100,19,96
BER,2023,8,25,19,23.6,61.2,17.8,15.7,11.9,18.4,54,0,948.5,35,1.9,4.7,0,0,0,0,0,0,0,411,100,19,96
BER,2023,8,25,20,21.3,73.6,18.6,16.4,12.44,18.1,53,0,948.8,30,0.9,1.9,0,0,0,0,0,0,0,408,100,19,96
BER,2023,8,25,21,21.6,73.7,19,16.7,12.7,18.4,54,0,949.5,4,1.6,3.4,0,0,0,0,0,0,0,406,100,19,96
BER,2023,8,25,22,21.3,75,19,16.7,12.7,18.3,53.7,0,949.8,270,0.9,2.6,0,0,0,0,0,0,0,403,100,19,96
BER,2023,8,25,23,21,77.4,19.3,16.9,12.9,18.3,53.9,0,949.9,162,0.7,2,0,0,0,0,0,0,0,401,100,19,96
BER,2023,8,26,0,21.3,75,19,16.7,12.7,18.3,53.7,0,949.7,167,1,2.3,0,0,0,0,0,0,0,398,100,19,96
BER,2023,8,26,1,21,77.4,19.2,16.9,12.83,18.3,53.7,0,949.7,189,0.7,1.5,0,0,0,0,0,0,0,385,71,19,96
BER,2023,8,26,2,20.5,80.3,19.4,17,12.97,18.2,53.5,0,949.9,153,0.5,1.4,0,0,0,0,0,0,0,376,58,19,96
BER,2023,8,26,3,20.8,76.9,18.9,16.6,12.62,18,53,0,950.1,240,1.1,3.7,0,0,0,0,0,0,0,376,63,19,96
BER,2023,8,26,4,19.1,81.2,18,15.8,12.02,17,49.7,0,949.8,45,0.6,2.3,0,0,0,0,0,0,0,365,43,19,96
BER,2023,8,26,5,18.8,84.3,18.3,16.1,12.22,17.1,49.9,0,950.1,90,0.9,2.1,0,0,0,0,0,0,0,371,71,19,96
BER,2023,8,26,6,19.9,78.7,18.3,16.1,12.22,17.4,51,0,950.1,360,0.4,1.1,31,4,30,18,21,18,18,383,78,19,96
BER,2023,8,26,7,20.7,73.5,17.9,15.8,11.95,17.5,51.2,0,949.9,180,0.4,0.9,111,27,103,61,87,62,60,389,100,19,96
BER,2023,8,26,8,21.8,65.3,17.1,15,11.4,17.4,50.9,0,949.8,22,1.2,3.1,194,23,182,106,126,116,107,390,100,19,96
BER,2023,8,26,9,22.4,62.5,16.9,14.9,11.27,17.6,51.2,0,949.3,23,1.1,3.3,283,66,242,138,195,179,139,391,100,19,96
BER,2023,8,26,10,21.4,68.6,17.5,15.4,11.66,17.5,51.2,2.4,950.7,297,2,5.4,89,0,89,52,51,52,53,392,100,19,96
BER,2023,8,26,11,19.1,89.3,19.8,17.3,13.23,17.9,52.8,2.8,950.6,135,0.5,1.8,50,0,50,29,29,29,30,393,100,19,96
BER,2023,8,26,12,18.5,90.4,19.3,16.9,12.88,17.5,51.3,5.4,951.3,277,1,3.3,46,0,46,27,26,27,27,394,100,19,96
BER,2023,8,26,13,18.1,91,18.9,16.6,12.62,17.1,50.2,4.3,950.6,214,1.2,3.3,54,0,54,32,31,32,32,394,100,19,96
BER,2023,8,26,14,18.4,87.6,18.5,16.3,12.36,17,49.8,0.8,949.5,191,0.8,2.6,156,47,124,70,68,104,110,390,94,19,96
BER,2023,8,26,15,19.5,83.9,19,16.7,12.69,17.7,51.8,0,950,217,1.4,3.2,456,393,227,129,127,325,470,383,68,19,96
BER,2023,8,26,16,21.1,77.4,19.4,17,12.97,18.4,54.2,0,949.5,286,1.9,4.2,349,366,175,94,93,236,455,377,71,19,96
BER,2023,8,26,17,20.7,76.4,18.6,16.4,12.43,17.9,52.4,0,949.4,255,1.3,3.6,97,55,84,53,47,49,106,384,94,19,96
BER,2023,8,26,18,19.9,81.3,18.9,16.6,12.63,17.7,52.1,0,949.6,90,1.1,2.2,60,131,35,36,19,19,156,383,88,19,96
BER,2023,8,26,19,19.3,87.1,19.5,17.1,13.04,17.9,52.5,0,949.3,40,1.8,3.1,0,0,0,0,0,0,0,388,100,19,96
BER,2023,8,26,20,18.9,88.7,19.4,17,12.98,17.7,51.9,0,949.3,28,2.8,5.5,0,0,0,0,0,0,0,387,100,19,96
BER,2023,8,26,21,17.8,90.9,18.5,16.3,12.37,16.8,49.2,0,948.7,22,3.4,5.8,0,0,0,0,0,0,0,386,100,19,96
BER,2023,8,26,22,17.3,90.3,17.8,15.7,11.89,16.3,47.5,0,948.8,19,3.5,5.9,0,0,0,0,0,0,0,385,100,19,96
BER,2023,8,26,23,17.2,88.6,17.4,15.3,11.62,16,46.7,0,948.8,12,2.6,5.1,0,0,0,0,0,0,0,384,100,19,96
BER,2023,8,27,0,16.8,91.5,17.5,15.4,11.69,15.9,46.5,2.2,948.6,312,1.6,3.8,0,0,0,0,0,0,0,384,100,19,96
BER,2023,8,27,1,16.7,92,17.5,15.4,11.69,15.9,46.4,1.9,949,63,0.7,1.7,0,0,0,0,0,0,0,383,100,19,96
BER,2023,8,27,2,16.7,89.7,17,15,11.34,15.6,45.5,2.4,949.2,171,2,4.2,0,0,0,0,0,0,0,382,100,19,96
BER,2023,8,27,3,16.2,89.1,16.4,14.4,10.95,15.1,44,1.6,948,169,2.2,5.8,0,0,0,0,0,0,0,381,100,19,96
BER,2023,8,27,4,15.7,88.5,15.8,13.8,10.55,14.5,42.5,0.3,947.5,159,1.6,6.1,0,0,0,0,0,0,0,380,100,19,96
BER,2023,8,27,5,15.6,88.5,15.7,13.7,10.48,14.4,42.2,0.1,947.5,63,1.4,3.7,0,0,0,0,0,0,0,380,100,19,96
BER,2023,8,27,6,15.6,90.8,16.1,14.1,10.75,14.7,42.9,0,947.5,18,0.9,3.3,5,0,5,3,3,3,3,379,100,19,96
BER,2023,8,27,7,16.1,88.5,16.2,14.2,10.81,14.9,43.6,0.1,948,159,1,2.1,51,4,49,29,33,30,29,378,100,19,96
BER,2023,8,27,8,16.3,87.9,16.3,14.3,10.88,15.1,43.9,0,948.1,167,1.1,2.3,125,3,124,72,73,73,73,379,100,19,96
BER,2023,8,27,9,17,84.7,16.4,14.4,10.95,15.4,44.8,0,948,159,1.4,3,172,2,171,100,99,101,101,379,100,19,96
BER,2023,8,27,10,17.6,79.9,16.1,14.1,10.75,15.4,44.9,0,948,180,1.2,2.5,204,1,203,119,116,119,119,379,100,19,96
BER,2023,8,27,11,18,78.5,16.2,14.2,10.82,15.6,45.5,0,947.5,233,0.7,2.2,224,0,224,131,127,131,131,379,100,19,96
BER,2023,8,27,12,18.6,73.2,15.7,13.7,10.48,15.5,45.3,0,947.6,236,0.8,2.4,221,1,221,129,126,129,130,379,100,19,96
BER,2023,8,27,13,17.1,79.9,15.6,13.6,10.4,14.9,43.5,1.4,948.2,331,3.7,11.2,122,0,121,71,69,71,71,378,100,19,96
BER,2023,8,27,14,15.3,89.6,15.6,13.6,10.4,14.3,41.7,0.7,948.6,15,2,5,64,0,64,38,36,37,38,377,100,19,96
BER,2023,8,27,15,15.4,85.6,15,13,9.99,13.9,40.7,0,949,158,0.9,2.2,85,2,84,49,48,50,51,376,100,19,96
BER,2023,8,27,16,15.5,86.7,15.3,13.3,10.19,14.2,41.4,0,949.4,170,2.4,4.4,106,2,105,62,60,62,64,375,100,19,96
BER,2023,8,27,17,15.3,89,15.5,13.5,10.32,14.2,41.5,0.2,949.3,159,1.8,3.5,20,0,20,12,12,12,12,374,100,19,96
BER,2023,8,27,18,15.3,89,15.5,13.5,10.32,14.2,41.5,0.2,949.6,147,2,3.7,20,0,20,11,11,11,12,373,100,19,96
BER,2023,8,27,19,15.2,88.4,15.3,13.3,10.18,14,41,0,950.2,162,1.6,3.6,0,0,0,0,0,0,0,372,100,19,96
BER,2023,8,27,20,15,89.6,15.3,13.3,10.18,14,40.8,0.2,950.3,143,0.7,1.9,0,0,0,0,0,0,0,371,100,19,96
BER,2023,8,27,21,14.4,91.3,15,13,9.98,13.6,39.7,0,950.1,90,0.2,0.8,0,0,0,0,0,0,0,370,100,19,96
BER,2023,8,27,22,14.3,91.3,14.9,12.9,9.91,13.5,39.4,0,950.2,90,0.2,0.8,0,0,0,0,0,0,0,368,100,19,96
BER,2023,8,27,23,14.2,92.5,15,13,9.98,13.5,39.5,0,949.5,90,0.4,1.3,0,0,0,0,0,0,0,367,100,19,96
BER,2023,8,28,0,14.1,92.5,14.9,12.9,9.93,13.4,39.3,0,948.5,63,0.3,0.7,0,0,0,0,0,0,0,366,100,19,96
BER,2023,8,28,1,14.1,93.1,15,13,10,13.4,39.4,0.2,947.9,39,0.7,1.3,0,0,0,0,0,0,0,365,100,19,96
BER,2023,8,28,2,13.9,93.1,14.8,12.8,9.87,13.2,38.9,0.3,947.3,32,1,2.3,0,0,0,0,0,0,0,364,100,19,96
BER,2023,8,28,3,14,93.1,14.9,12.9,9.95,13.3,39.2,3.2,946.8,13,1.4,3.4,0,0,0,0,0,0,0,363,100,19,96
BER,2023,8,28,4,14.2,92.5,15,13,10.02,13.5,39.6,1.5,946.1,25,1.8,4.6,0,0,0,0,0,0,0,362,100,19,96
BER,2023,8,28,5,13.7,90.7,14.2,12.2,9.47,12.8,37.7,1.8,946.5,40,1.7,4.3,0,0,0,0,0,0,0,360,100,19,96
BER,2023,8,28,6,13,90,13.5,11.4,9,12.1,35.8,4.4,946.3,49,2.2,6.5,5,0,5,3,3,3,3,359,100,19,96
BER,2023,8,28,7,12.4,90.6,13,10.9,8.66,11.5,34.3,0.8,946.5,34,1.9,5.3,28,0,28,16,16,16,16,358,100,19,96
BER,2023,8,28,8,12.7,91.2,13.4,11.3,8.93,11.9,35.3,0.5,946.5,14,1.3,3.4,108,7,105,61,66,63,61,357,100,19,96
BER,2023,8,28,9,13.4,90,13.8,11.8,9.2,12.5,36.7,0.2,946.4,27,1.4,4.1,171,10,166,96,103,102,97,357,100,19,96
BER,2023,8,28,10,14,84.9,13.6,11.5,9.07,12.5,37,0,946.3,35,2.2,5.5,229,24,212,123,140,140,123,356,100,19,96
BER,2023,8,28,11,14.2,85.5,13.8,11.8,9.21,12.8,37.5,0.2,946,37,2.1,4.6,163,0,163,95,93,95,96,355,100,19,96
BER,2023,8,28,12,14.3,84.9,13.8,11.8,9.21,12.8,37.7,0.3,945.7,33,1.9,4.2,151,0,151,88,86,88,89,354,100,19,96
BER,2023,8,28,13,14,84.9,13.6,11.5,9.07,12.5,37,0.7,945.8,331,2.5,4.6,92,0,92,54,52,54,54,353,100,19,96
BER,2023,8,28,14,13.5,87.7,13.6,11.5,9.07,12.3,36.5,3.7,946.3,328,2,5.4,94,0,94,55,53,55,55,353,100,19,96
BER,2023,8,28,15,13.6,88.9,13.8,11.8,9.2,12.5,36.9,0.6,946.7,14,2,4.7,58,0,58,34,33,34,34,352,100,19,96
BER,2023,8,28,16,13,88.2,13.2,11.1,8.79,11.9,35.3,0.2,947.1,50,1.7,3.8,98,0,98,57,56,57,58,351,100,19,96
BER,2023,8,28,17,12.7,87.6,12.9,10.7,8.58,11.6,34.4,0.5,947.6,39,0.7,2.3,39,0,39,23,22,22,23,351,100,19,96
BER,2023,8,28,18,12.6,88.2,12.9,10.7,8.58,11.5,34.3,0.5,947.8,101,0.6,1.6,16,0,16,9,9,9,9,350,100,19,96
BER,2023,8,28,19,12.3,90,12.9,10.7,8.58,11.4,34,0.6,948.3,117,0.5,1.3,0,0,0,0,0,0,0,350,100,19,96
BER,2023,8,28,20,12.3,91.8,13.1,11,8.71,11.6,34.3,0.6,948.4,157,0.8,1.5,0,0,0,0,0,0,0,350,100,19,96
BER,2023,8,28,21,12.1,90.5,12.8,10.6,8.51,11.2,33.6,0.4,948.4,172,0.7,1.7,0,0,0,0,0,0,0,351,100,19,96
BER,2023,8,28,22,12,91.7,12.9,10.7,8.58,11.3,33.7,0.7,948.3,360,0.2,0.6,0,0,0,0,0,0,0,351,100,19,96
BER,2023,8,28,23,11.9,93.6,13,10.9,8.65,11.3,33.8,1,948,27,0.2,0.8,0,0,0,0,0,0,0,351,100,19,96
BER,2023,8,29,0,11.9,92.4,12.9,10.7,8.58,11.2,33.6,0.5,947.7,135,0.2,0.9,0,0,0,0,0,0,0,351,100,19,96
BER,2023,8,29,1,11.6,93,12.7,10.5,8.45,11,33,0.2,947.7,135,0.4,1,0,0,0,0,0,0,0,351,100,19,96
BER,2023,8,29,2,11.5,92.9,12.6,10.4,8.38,10.9,32.7,0.2,947.6,135,0.2,1,0,0,0,0,0,0,0,351,100,19,96
BER,2023,8,29,3,11.4,92.3,12.4,10.2,8.25,10.7,32.3,0.2,947.5,225,0.3,1,0,0,0,0,0,0,0,351,100,19,96
BER,2023,8,29,4,11.3,91.7,12.3,10,8.18,10.6,32,0.7,947.4,288,0.4,1.2,0,0,0,0,0,0,0,351,100,19,96
BER,2023,8,29,5,11.2,91.1,12.1,9.8,8.05,10.4,31.5,0.8,947.5,231,0.7,1.3,0,0,0,0,0,0,0,351,100,19,96
BER,2023,8,29,6,11.3,92.9,12.4,10.2,8.25,10.7,32.1,0.3,947.7,236,1.1,2.3,4,0,4,3,2,3,3,351,100,19,96
BER,2023,8,29,7,11.5,91.7,12.4,10.2,8.24,10.8,32.3,0.3,947.9,225,1,1.8,106,21,100,58,79,62,58,351,100,19,96
BER,2023,8,29,8,12.1,89.3,12.6,10.4,8.38,11.1,33.3,0,948.1,238,1.1,2.8,223,161,141,78,233,153,78,353,100,19,96
BER,2023,8,29,9,12.9,83.6,12.4,10.2,8.24,11.4,33.8,0,948.2,263,0.9,2.8,347,140,267,150,277,230,151,354,100,19,96
BER,2023,8,29,10,13.8,74.7,11.8,9.4,7.84,11.3,33.7,0,948.3,135,0.6,2.3,306,44,276,158,190,191,159,356,100,19,96
BER,2023,8,29,11,14.5,71.9,11.9,9.5,7.91,11.7,34.6,0,948.2,27,0.7,1.9,274,4,271,158,156,161,159,358,100,19,96
BER,2023,8,29,12,14.9,71.5,12.1,9.8,8.04,12,35.3,0,948.1,45,0.7,2.5,337,16,325,189,186,202,193,359,100,19,96
BER,2023,8,29,13,15.2,69.7,12,9.7,7.97,12.1,35.4,0,948.1,149,0.8,2.5,224,0,224,131,127,131,131,360,100,19,96
BER,2023,8,29,14,15,70.6,12,9.7,7.97,12,35.2,0,948,124,1.2,2.4,192,1,191,112,109,112,113,360,100,19,96
BER,2023,8,29,15,15.5,68.8,12.1,9.8,8.04,12.2,35.9,0,948,148,1.1,3.1,294,69,255,146,142,185,212,360,100,19,96
BER,2023,8,29,16,15.6,69.3,12.3,10,8.18,12.4,36.4,0,948,143,0.8,2.1,215,69,183,104,102,134,175,360,100,19,96
BER,2023,8,29,17,14.9,74.9,12.7,10.5,8.44,12.4,36.3,0,948.3,80,1.4,2.7,60,0,60,35,34,35,35,360,100,19,96
BER,2023,8,29,18,14,83.8,13.4,11.3,8.91,12.4,36.6,0,948.4,49,1.1,1.9,14,0,14,8,8,8,8,360,100,19,96
BER,2023,8,29,19,13.7,88.9,13.9,11.9,9.25,12.6,37.1,0,948.6,30,0.8,1.5,0,0,0,0,0,0,0,359,100,19,96
BER,2023,8,29,20,13.3,91.2,13.9,11.9,9.25,12.5,36.7,0,948.7,24,0.9,1.6,0,0,0,0,0,0,0,356,100,19,96
BER,2023,8,29,21,13,92.4,13.8,11.8,9.18,12.3,36.3,0,948.5,27,0.5,1.2,0,0,0,0,0,0,0,354,100,19,96
BER,2023,8,29,22,12.8,91.2,13.5,11.4,8.98,12,35.5,0,948.2,90,0.1,0.6,0,0,0,0,0,0,0,352,100,19,96
BER,2023,8,29,23,12.1,93,13.1,11,8.72,11.5,34.2,0,947.7,45,0.2,0.5,0,0,0,0,0,0,0,343,88,19,96
BER,2023,8,30,0,11.5,93.6,12.7,10.5,8.45,10.9,32.9,0,947.6,37,0.5,1.1,0,0,0,0,0,0,0,347,100,19,96
BER,2023,8,30,1,11.9,91.7,12.8,10.6,8.52,11.2,33.5,0,947.3,135,0.8,1.5,0,0,0,0,0,0,0,346,100,20,96
BER,2023,8,30,2,11.4,92.3,12.4,10.2,8.25,10.7,32.3,0,947.2,153,0.6,1.7,0,0,0,0,0,0,0,335,81,20,96
BER,2023,8,30,3,10.9,92.9,12.1,9.8,8.05,10.3,31.2,0,947,63,0.4,0.9,0,0,0,0,0,0,0,345,100,20,96
BER,2023,8,30,4,11.2,93.6,12.4,10.2,8.26,10.6,32.1,0,946.7,0,0.2,0.9,0,0,0,0,0,0,0,345,100,20,96
BER,2023,8,30,5,10.9,93.5,12.2,9.9,8.12,10.3,31.4,0,946.8,27,0.3,0.7,0,0,0,0,0,0,0,345,100,20,96
BER,2023,8,30,6,12,90.5,12.7,10.5,8.45,11.1,33.4,0,947.1,202,0.8,2,5,0,5,3,3,3,3,345,100,20,96
BER,2023,8,30,7,12.7,86.5,12.7,10.5,8.45,11.4,34.1,0,947.1,157,0.9,2.6,166,146,117,66,218,100,66,335,88,20,96
BER,2023,8,30,8,13.9,78.9,12.5,10.3,8.32,11.8,35,0,947.2,167,1.9,3.6,331,288,197,107,395,231,108,346,81,20,96
BER,2023,8,30,9,14.9,73.5,12.4,10.2,8.25,12.2,35.8,0,947.4,153,1.2,2.6,456,329,259,139,432,344,139,346,88,20,96
BER,2023,8,30,10,16,67.1,12.2,9.9,8.12,12.5,36.6,0,947.3,198,0.8,3.4,590,451,270,146,449,478,146,343,78,20,96
BER,2023,8,30,11,17.3,59.3,11.7,9.3,7.78,12.7,37.1,0,946.8,90,0.9,2.5,768,809,148,104,402,679,103,334,45,20,96
BER,2023,8,30,12,18.4,55,11.6,9.2,7.72,13.1,38.1,0,946.6,315,1.5,5.2,807,860,129,104,177,718,175,337,43,20,96
BER,2023,8,30,13,18.9,55.9,12.2,9.9,8.12,13.6,39.6,0,946.4,324,1.6,4.4,680,577,236,141,141,574,367,352,56,20,96
BER,2023,8,30,14,19.9,50.4,11.7,9.3,7.79,13.7,39.8,0,946.3,289,2.4,6,474,243,307,169,166,351,353,363,75,20,96
BER,2023,8,30,15,20,49.1,11.5,9,7.65,13.6,39.5,0,946.5,272,2.6,5.5,441,325,247,135,133,331,421,353,71,20,96
BER,2023,8,30,16,20.1,51.2,12,9.7,7.99,14,40.5,0,946.7,253,3.2,6.9,307,247,198,109,107,208,362,361,75,20,96
BER,2023,8,30,17,19.3,51.3,11.5,9,7.65,13.3,38.8,0,946.9,257,2.6,5.8,203,351,105,58,57,111,423,340,64,20,96
BER,2023,8,30,18,17.9,59.5,12.2,9.9,8.12,13.2,38.6,0,947.2,265,1.2,4.9,63,180,37,41,21,21,205,341,61,20,96
BER,2023,8,30,19,16.3,73.2,13.6,11.5,9.05,13.4,39.3,0,947.9,191,0.7,3.9,0,0,0,0,0,0,0,363,100,20,96
BER,2023,8,30,20,15.6,75.6,13.4,11.3,8.91,13.1,38.2,0,948.4,166,1.1,2.7,0,0,0,0,0,0,0,344,78,20,96
BER,2023,8,30,21,14.1,85.5,13.7,11.7,9.11,12.7,37.2,0,948.6,169,1.1,2,0,0,0,0,0,0,0,330,100,20,96
BER,2023,8,30,22,13.2,89.4,13.6,11.5,9.05,12.2,36.1,0,948.8,153,0.4,1.5,0,0,0,0,0,0,0,340,78,20,96
BER,2023,8,30,23,13.6,88.9,13.8,11.8,9.18,12.5,36.9,0,949,158,0.6,1.7,0,0,0,0,0,0,0,355,100,20,96
BER,2023,8,31,0,13.8,85.4,13.5,11.4,8.97,12.4,36.5,0,949.1,180,0.6,1.6,0,0,0,0,0,0,0,345,88,20,96
BER,2023,8,31,1,13.6,85.4,13.3,11.2,8.84,12.2,36,0,949,191,1.1,3.2,0,0,0,0,0,0,0,352,100,22,96
BER,2023,8,31,2,14,83.2,13.3,11.2,8.84,12.4,36.4,0,949,171,1.4,3.3,0,0,0,0,0,0,0,352,100,22,96
BER,2023,8,31,3,13.8,83.7,13.2,11.1,8.77,12.2,36,0,949.2,174,1.1,2.2,0,0,0,0,0,0,0,348,94,22,96
BER,2023,8,31,4,13.9,83.8,13.3,11.2,8.84,12.3,36.3,0,949.5,186,1,2.1,0,0,0,0,0,0,0,349,100,22,96
BER,2023,8,31,5,14.2,82.1,13.3,11.2,8.83,12.4,36.6,0,950.1,180,1.6,3.3,0,0,0,0,0,0,0,353,100,22,96
BER,2023,8,31,6,14.3,81.1,13.2,11.1,8.76,12.4,36.5,0,950.6,194,0.9,2.9,32,3,31,19,22,19,19,353,100,22,96
BER,2023,8,31,7,14.6,81.1,13.5,11.4,8.96,12.7,37.3,0,951,157,0.9,1.6,106,12,102,61,71,63,61,354,100,22,96
BER,2023,8,31,8,15.5,78.1,13.7,11.7,9.09,13.2,38.6,0,951.6,185,1.1,2.3,188,106,145,85,191,121,85,358,94,22,96
BER,2023,8,31,9,16.3,74.2,13.7,11.7,9.08,13.6,39.4,0,952,219,1.4,3.3,206,10,200,119,125,125,120,361,100,22,96
BER,2023,8,31,10,16.9,71.4,13.7,11.7,9.08,13.8,40,0,952.1,232,1.7,3.2,315,39,287,170,194,202,171,364,100,22,96
BER,2023,8,31,11,18.3,60.4,12.7,10.5,8.41,13.7,39.7,0,952,252,2.1,5.2,539,222,370,208,325,407,209,367,100,22,96
BER,2023,8,31,12,18.7,54,11.6,9.2,7.67,13.2,38.3,0,952,286,2.8,5.6,468,116,377,219,227,326,252,371,100,22,96
BER,2023,8,31,13,19.4,53.4,12,9.7,7.94,13.7,39.7,0,951.9,277,2.6,5.6,416,82,353,206,202,280,251,373,100,22,96
BER,2023,8,31,14,19.9,53.6,12.4,10.2,8.21,14.2,40.9,0,951.6,265,2.7,6.7,459,191,328,186,183,336,335,372,100,22,96
BER,2023,8,31,15,20.6,52.3,12.7,10.5,8.41,14.6,42.1,0,951.6,263,1.9,4.1,395,404,172,109,108,297,451,362,75,22,96
BER,2023,8,31,16,21,50.7,12.6,10.4,8.35,14.7,42.3,0,951.6,239,2.1,5.7,424,717,106,69,70,314,746,354,64,22,96
BER,2023,8,31,17,20.9,52.8,13,10.9,8.62,14.9,42.9,0,951.5,227,2.3,4.8,200,392,92,55,54,110,455,358,78,22,96
BER,2023,8,31,18,19.7,58.3,13.4,11.3,8.88,14.6,42.4,0,951.5,225,1.6,3.5,68,187,40,44,22,22,217,361,84,22,96
BER,2023,8,31,19,19.3,59.8,13.4,11.3,8.88,14.5,41.9,0,952.2,217,1,2,0,0,0,0,0,0,0,370,100,22,96
BER,2023,8,31,20,19,60.5,13.3,11.2,8.8,14.3,41.4,0,952.9,203,1.3,2.8,0,0,0,0,0,0,0,369,100,22,96
BER,2023,8,31,21,18.2,65.8,13.7,11.7,9.07,14.3,41.3,0,953.4,207,0.7,1.9,0,0,0,0,0,0,0,362,84,22,96
BER,2023,8,31,22,17.6,66.5,13.4,11.3,8.86,13.8,40.2,0,953.7,186,1.1,3.3,0,0,0,0,0,0,0,368,81,22,96
BER,2023,8,31,23,18,63.6,13.1,11,8.66,13.8,40.1,0,953.8,201,1.5,5,0,0,0,0,0,0,0,360,75,22,96
BER,2023,9,1,0,17.6,67,13.5,11.4,8.93,13.9,40.3,0,953.5,176,1.7,3.8,0,0,0,0,0,0,0,366,88,22,96
BER,2023,9,1,1,17.1,70.5,13.7,11.7,9.07,13.9,40.2,0,953.4,176,1.6,2.7,0,0,0,0,0,0,0,352,55,19,96
BER,2023,9,1,2,15.8,79.7,14.3,12.3,9.47,13.7,39.9,0,953.2,167,1.4,2.7,0,0,0,0,0,0,0,342,44,19,96
BER,2023,9,1,3,15.2,84.5,14.6,12.6,9.68,13.6,39.8,0,953,163,1.3,3,0,0,0,0,0,0,0,339,36,19,96
BER,2023,9,1,4,14.8,85,14.3,12.3,9.48,13.3,38.8,0,953,170,1.2,2.7,0,0,0,0,0,0,0,346,54,19,96
BER,2023,9,1,5,14.9,85,14.4,12.4,9.54,13.4,39.1,0,953.2,184,1.4,3.3,0,0,0,0,0,0,0,362,94,19,96
BER,2023,9,1,6,15.5,80.2,14.1,12.1,9.34,13.5,39.2,0,953.4,169,1.7,3.2,41,12,39,24,34,23,23,359,84,19,96
BER,2023,9,1,7,16.1,77.2,14.1,12.1,9.33,13.7,39.8,0,953.7,171,2,3.8,238,491,85,49,543,140,49,344,58,19,96
BER,2023,9,1,8,18,68.9,14.2,12.2,9.4,14.5,41.9,0,953.8,152,2.4,4.1,423,767,75,55,753,310,55,317,6,19,96
BER,2023,9,1,9,20,59.6,13.9,11.9,9.2,15.1,43.5,0,953.9,172,1.8,5,579,841,82,70,706,478,70,316,0,19,96
BER,2023,9,1,10,21.9,52.7,13.8,11.8,9.13,15.7,45.2,0,953.7,241,1.7,5.5,698,872,92,82,569,610,82,319,0,19,96
BER,2023,9,1,11,23.4,48.7,14,12,9.27,16.3,47.1,0,953.3,272,2.9,6.8,775,898,93,89,377,696,88,321,0,19,96
BER,2023,9,1,12,24.4,45.9,14,12,9.27,16.7,48.2,0,952.9,270,2.8,6.8,798,899,97,92,152,722,163,323,0,19,96
BER,2023,9,1,13,25.3,44.4,14.3,12.3,9.48,17.1,49.6,0,952.7,279,3.6,8.8,769,897,93,88,91,690,398,325,0,19,96
BER,2023,9,1,14,26.1,40.1,13.6,11.5,9.01,17,49.2,0,952.3,257,3.1,7.8,690,884,85,80,82,601,587,325,0,19,96
BER,2023,9,1,15,26.5,38.2,13.2,11.1,8.74,16.9,49,0,952.1,263,3.4,7.6,562,831,83,69,70,461,712,324,0,19,96
BER,2023,9,1,16,26.3,38.9,13.3,11.2,8.81,16.9,48.9,0,952,260,2.9,7.2,403,753,75,54,55,292,748,324,0,19,96
BER,2023,9,1,17,25.7,42.5,14,12,9.28,17.1,49.5,0,952.1,286,1.9,3.6,229,625,57,36,37,118,662,328,0,19,96
BER,2023,9,1,18,23.8,50.5,14.9,12.9,9.89,16.9,49.1,0,952.3,323,1.1,2.8,60,258,26,41,15,15,278,324,0,19,96
BER,2023,9,1,19,19.6,71.5,16.3,14.3,10.82,16.3,47.2,0,953,360,0.3,1.3,0,0,0,0,0,0,0,323,0,19,96
BER,2023,9,1,20,18.2,75,15.7,13.7,10.41,15.4,44.7,0,953.5,17,1.2,2.5,0,0,0,0,0,0,0,321,0,19,96
BER,2023,9,1,21,17.1,80.4,15.7,13.7,10.41,15,43.5,0,954.1,90,0.5,1.3,0,0,0,0,0,0,0,326,6,19,96
BER,2023,9,1,22,16,84.6,15.4,13.4,10.2,14.4,41.9,0,954.2,18,0.4,1.3,0,0,0,0,0,0,0,348,48,19,96
BER,2023,9,1,23,15.1,86.7,14.9,12.9,9.86,13.8,40.1,0,954.4,360,0.3,1.2,0,0,0,0,0,0,0,366,84,19,96
BER,2023,9,2,0,14.6,88.4,14.7,12.7,9.73,13.5,39.3,0,954.4,342,0.3,1.2,0,0,0,0,0,0,0,335,40,19,96
BER,2023,9,2,1,14.1,89.5,14.4,12.4,9.53,13.1,38.3,0,954.4,18,0.4,1.4,0,0,0,0,0,0,0,329,39,19,96
BER,2023,9,2,2,13.5,91.2,14.1,12.1,9.33,12.7,37.1,0,954.6,18,0.4,1.3,0,0,0,0,0,0,0,329,35,19,96
BER,2023,9,2,3,13.1,93,14,12,9.25,12.5,36.5,0,954.9,360,0.1,0.6,0,0,0,0,0,0,0,311,0,19,96
BER,2023,9,2,4,12.9,93.6,13.9,11.9,9.19,12.3,36.2,0,954.7,0,0,0.3,0,0,0,0,0,0,0,311,0,19,96
BER,2023,9,2,5,12.5,93,13.5,11.4,8.92,11.9,35.1,0,955,225,0.2,1,0,0,0,0,0,0,0,324,23,19,96
BER,2023,9,2,6,13.1,91.8,13.8,11.8,9.11,12.3,36.2,0,955.6,162,0.4,1.1,67,231,30,35,254,18,18,338,41,19,96
BER,2023,9,2,7,15.3,86.2,15,13,9.91,13.9,40.5,0,956.1,220,0.9,1.7,246,631,61,38,668,137,38,326,23,19,96
BER,2023,9,2,8,18.5,72.2,15.4,13.4,10.18,15.3,44.4,0,956.5,197,1.1,2.3,419,763,77,55,750,311,54,330,23,19,96
BER,2023,9,2,9,20.9,62.6,15.5,13.5,10.25,16.3,47,0,956.5,216,1,3.4,577,843,81,68,704,481,68,326,10,19,96
BER,2023,9,2,10,23,54.4,15.3,13.3,10.11,16.9,48.9,0,956.2,300,1,3.1,698,885,86,79,568,615,78,323,0,19,96
BER,2023,9,2,11,24.4,52.6,16.1,14.1,10.65,17.8,51.7,0,956,360,2,4.5,768,884,100,88,375,694,87,345,33,19,96
BER,2023,9,2,12,25.5,49,16,14,10.59,18.1,52.6,0,956.1,18,2.2,5,795,905,93,88,147,725,159,347,6,19,96
BER,2023,9,2,13,26.5,45,15.6,13.6,10.32,18.2,53,0,956.2,13,3,6.4,762,885,98,87,89,688,395,349,25,19,96
BER,2023,9,2,14,27,40.1,14.3,12.3,9.44,17.7,51.2,0,956.5,18,2.9,6.3,660,778,129,87,89,578,558,369,54,19,96
BER,2023,9,2,15,27.2,38.4,13.8,11.8,9.11,17.5,50.6,0,956.2,29,2.4,5.2,541,760,109,73,74,448,680,359,41,19,96
BER,2023,9,2,16,27,39.9,14.2,12.2,9.38,17.7,51.1,0,956,55,2.2,4.5,380,642,100,60,61,281,663,364,41,19,96
BER,2023,9,2,17,26.4,42.1,14.5,12.5,9.58,17.6,51,0,956.4,42,2.5,5.6,204,449,77,44,44,116,498,370,53,19,96
BER,2023,9,2,18,24.8,48.2,15.1,13.1,9.97,17.4,50.3,0,956.9,36,1.8,3.8,48,144,31,33,17,17,164,357,45,19,96
BER,2023,9,2,19,21.2,62.7,15.8,13.8,10.44,16.5,47.8,0,957.5,41,1.8,3.3,0,0,0,0,0,0,0,347,19,19,96
BER,2023,9,2,20,18.6,73.6,15.8,13.8,10.43,15.6,45.2,0,957.8,360,0.7,2,0,0,0,0,0,0,0,345,33,19,96
BER,2023,9,2,21,17.8,77.9,15.9,13.9,10.5,15.4,44.5,0,958,339,0.9,1.9,0,0,0,0,0,0,0,352,48,19,96
BER,2023,9,2,22,17,80.9,15.7,13.7,10.36,15,43.3,0,958.1,45,0.6,1.7,0,0,0,0,0,0,0,335,33,19,96
BER,2023,9,2,23,16.1,84,15.4,13.4,10.16,14.4,41.9,0,958.5,22,0.6,2,0,0,0,0,0,0,0,322,0,19,96
BER,2023,9,3,0,15.5,85.1,15,13,9.89,14,40.6,0,958.7,27,0.6,1.4,0,0,0,0,0,0,0,319,0,19,96
BER,2023,9,3,1,14.8,88.4,14.9,12.9,9.82,13.7,39.7,0,959,45,0.2,0.6,0,0,0,0,0,0,0,317,0,19,96
BER,2023,9,3,2,14.3,89.5,14.6,12.6,9.61,13.3,38.7,0,959.4,360,0.3,0.9,0,0,0,0,0,0,0,316,0,19,96
BER,2023,9,3,3,14.1,90.7,14.6,12.6,9.61,13.2,38.5,0,959.6,198,0.5,1.1,0,0,0,0,0,0,0,332,28,19,96
BER,2023,9,3,4,13.8,91.3,14.4,12.4,9.48,13,37.8,0,959.7,207,0.3,1.6,0,0,0,0,0,0,0,356,71,19,96
BER,2023,9,3,5,13.6,91.8,14.3,12.3,9.4,12.8,37.4,0,960.1,34,0.5,1.4,0,0,0,0,0,0,0,352,64,19,96
BER,2023,9,3,6,13.7,91.9,14.4,12.4,9.47,12.9,37.7,0,960.5,180,0.3,0.9,48,48,40,26,72,23,23,361,81,19,96
BER,2023,9,3,7,15.8,87.3,15.7,13.7,10.33,14.5,42,0,961,315,0.3,0.9,169,161,120,66,234,104,66,378,100,19,96
BER,2023,9,3,8,18.8,77.6,16.8,14.8,11.06,16.3,46.9,0,961.6,360,0.7,2.9,358,444,156,83,511,267,83,368,78,19,96
BER,2023,9,3,9,21.2,69,17.4,15.3,11.46,17.4,50.4,0,961.5,13,2.3,4.4,551,732,123,78,651,463,78,360,59,19,96
BER,2023,9,3,10,23,64.7,18.2,16,12,18.4,53.7,0,961.3,17,2.9,6.5,646,681,176,100,522,567,100,373,68,19,96
BER,2023,9,3,11,25,57.8,18.3,16.1,12.07,19.1,55.9,0,961.1,19,3.9,9.4,729,743,170,102,385,659,102,372,68,19,96
BER,2023,9,3,12,26.3,50.2,17.2,15.1,11.34,19,55.4,0,961,38,4.8,10.3,747,736,180,107,180,679,190,374,61,19,96
BER,2023,9,3,13,26.8,48.1,16.9,14.9,11.14,19,55.4,0,960.8,49,4.1,9,700,668,202,113,114,624,407,384,71,19,96
BER,2023,9,3,14,27.1,44.6,16,14,10.53,18.6,54.1,0,960.8,44,4.2,8.8,573,475,251,130,129,479,465,399,94,19,96
BER,2023,9,3,15,26.7,48.4,16.9,14.9,11.14,19,55.3,0,960.6,42,3.9,8.4,457,428,217,113,112,362,494,398,94,19,96
BER,2023,9,3,16,26.3,48.3,16.5,14.5,10.87,18.6,54.2,0,960.5,51,3,8.6,324,373,162,85,84,236,455,396,94,19,96
BER,2023,9,3,17,25.6,50,16.4,14.4,10.8,18.3,53.3,0,960.5,47,2.3,5,149,156,110,61,60,86,224,395,94,19,96
BER,2023,9,3,18,23.6,57.8,16.8,14.8,11.08,17.9,51.9,0,960.1,34,1.8,3.8,39,80,29,25,16,17,99,386,81,19,96
BER,2023,9,3,19,21.5,66.5,17,15,11.21,17.3,50.1,0,960.2,18,0.8,1.9,0,0,0,0,0,0,0,395,100,19,96
BER,2023,9,3,20,19.1,76.1,16.8,14.8,11.07,16.4,47.3,0,960.5,344,0.9,1.7,0,0,0,0,0,0,0,392,100,19,96
BER,2023,9,3,21,18.6,76.1,16.3,14.3,10.74,15.9,45.9,0,960.3,340,1.2,2.5,0,0,0,0,0,0,0,388,100,19,96
BER,2023,9,3,22,19.3,71.4,16,14,10.54,16,46.1,0,960.5,9,1.9,5.2,0,0,0,0,0,0,0,384,100,19,96
BER,2023,9,3,23,17.2,80.9,15.9,13.9,10.47,15.1,43.8,0,960.5,22,1.1,2.5,0,0,0,0,0,0,0,381,100,19,96
BER,2023,9,4,0,17.1,81.4,15.9,13.9,10.47,15.1,43.7,0,960.4,354,1.1,2.3,0,0,0,0,0,0,0,377,100,19,96
BER,2023,9,4,1,16.4,86.8,16.2,14.2,10.68,15,43.5,0,960.1,15,2.2,4.9,0,0,0,0,0,0,0,375,100,19,96
BER,2023,9,4,2,16.5,86.8,16.3,14.3,10.75,15.1,43.8,0,959.8,24,3.2,5.5,0,0,0,0,0,0,0,371,88,19,96
BER,2023,9,4,3,15.6,89,15.8,13.8,10.41,14.5,42,0,959.7,17,2.1,3.8,0,0,0,0,0,0,0,375,100,19,96
BER,2023,9,4,4,15.7,88.5,15.8,13.8,10.41,14.5,42.1,0,959.6,28,1.7,4.4,0,0,0,0,0,0,0,371,100,19,96
BER,2023,9,4,5,15.5,88.4,15.6,13.6,10.28,14.3,41.6,0,959.9,22,1.9,3.9,0,0,0,0,0,0,0,375,100,19,96
BER,2023,9,4,6,15.2,89.6,15.5,13.5,10.21,14.2,41.1,0,959.8,18,2,3.5,33,13,31,19,31,18,18,376,100,19,96
BER,2023,9,4,7,17,85.2,16.5,14.5,10.88,15.4,44.6,0,960,25,1.5,3.4,154,114,121,68,186,94,68,374,100,19,96
BER,2023,9,4,8,18.8,79.6,17.3,15.2,11.42,16.5,47.9,0,959.9,33,3.2,5.3,380,572,123,70,606,293,70,361,61,19,96
BER,2023,9,4,9,20.5,74.4,17.9,15.8,11.82,17.5,50.6,0,959.9,29,2.7,4.8,573,848,82,68,707,492,67,345,29,19,96
BER,2023,9,4,10,22.2,68.4,18.3,16.1,12.09,18.2,53.1,0,959.6,5,2.7,5.5,694,893,83,78,567,626,78,343,29,19,96
BER,2023,9,4,11,23.8,64.5,19,16.7,12.57,19.1,55.9,0,959,14,2.8,6.3,761,882,102,88,372,703,87,352,29,19,96
BER,2023,9,4,12,25.1,59.3,18.9,16.6,12.51,19.4,57.1,0,958.6,2,2.7,5.2,788,904,94,88,146,734,161,345,13,19,96
BER,2023,9,4,13,26.2,55.2,18.8,16.5,12.45,19.7,58.1,0,958,9,2.4,5.3,760,904,90,85,87,701,398,343,25,19,96
BER,2023,9,4,14,27.1,51.3,18.4,16.2,12.19,19.8,58.4,0,957.5,18,2.8,5.8,673,864,93,78,80,605,584,342,23,19,96
BER,2023,9,4,15,27.7,50.5,18.8,16.5,12.46,20.2,59.7,0,957.1,29,2.7,7.5,547,822,85,66,68,466,708,360,29,19,96
BER,2023,9,4,16,27.3,50.7,18.4,16.2,12.2,19.9,58.6,0,956.8,32,3.2,5.8,393,780,65,49,50,299,765,350,19,19,96
BER,2023,9,4,17,26.8,52.9,18.7,16.4,12.4,19.8,58.6,0,956.5,41,3.2,6.3,213,596,59,35,35,119,636,349,25,19,96
BER,2023,9,4,18,25.1,58.5,18.6,16.4,12.34,19.3,56.7,0,956.5,38,2.8,5.7,50,233,23,34,13,13,251,336,0,19,96
BER,2023,9,4,19,23.2,64.8,18.4,16.2,12.2,18.6,54.4,0,956.4,35,3.2,5.6,0,0,0,0,0,0,0,334,0,19,96
BER,2023,9,4,20,21.8,68.3,17.8,15.7,11.8,17.8,51.9,0,956.4,16,0.9,3.7,0,0,0,0,0,0,0,330,0,19,96
BER,2023,9,4,21,20.8,69.4,17.1,15,11.33,17.1,49.7,0,956.2,31,1.8,3.9,0,0,0,0,0,0,0,327,0,19,96
BER,2023,9,4,22,19.6,73.3,16.7,14.7,11.06,16.5,47.8,0,956,16,1.9,4.2,0,0,0,0,0,0,0,323,0,19,96
BER,2023,9,4,23,18.5,78,16.6,14.6,10.99,16,46.5,0,956,24,1.8,4.2,0,0,0,0,0,0,0,319,0,19,96
BER,2023,9,5,0,17.9,79.5,16.3,14.3,10.79,15.6,45.3,0,956,18,2.2,4.3,0,0,0,0,0,0,0,316,0,19,96
BER,2023,9,5,1,16.6,85.2,16.1,14.1,10.65,15,43.7,0,956,14,1.2,2.3,0,0,0,0,0,0,0,313,0,19,96
BER,2023,9,5,2,15.7,88.5,15.8,13.8,10.45,14.5,42.2,0,956.2,17,1.1,2.3,0,0,0,0,0,0,0,314,0,19,96
BER,2023,9,5,3,14.7,91.3,15.3,13.3,10.11,13.8,40.3,0,956.2,34,0.4,1.5,0,0,0,0,0,0,0,314,0,19,96
BER,2023,9,5,4,14.2,92.5,15,13,9.91,13.5,39.3,0,956.5,27,0.3,1,0,0,0,0,0,0,0,314,0,19,96
BER,2023,9,5,5,14.1,92.5,14.9,12.9,9.84,13.4,39,0,957,360,0.2,1.1,0,0,0,0,0,0,0,314,0,19,96
BER,2023,9,5,6,14.6,91.9,15.3,13.3,10.1,13.8,40.2,0,957.3,243,0.2,0.8,62,222,29,25,244,22,17,314,0,19,96
BER,2023,9,5,7,16.7,86.3,16.4,14.4,10.84,15.3,44.2,0,957.5,225,0.3,0.9,239,645,59,36,680,146,36,315,0,19,96
BER,2023,9,5,8,19.2,79.1,17.6,15.5,11.65,16.8,48.9,0,957.4,297,0.5,1.7,416,789,69,52,765,328,52,319,0,19,96
BER,2023,9,5,9,21.4,71.8,18.3,16.1,12.12,17.9,52.3,0,957.1,315,0.6,1.8,570,848,81,67,707,497,67,322,0,19,96
BER,2023,9,5,10,23,64.7,18.2,16,12.06,18.4,53.8,0,956.7,315,0.7,1.9,689,877,92,79,565,629,79,330,6,19,96
BER,2023,9,5,11,24.6,59.5,18.4,16.2,12.2,19,55.8,0,956.2,329,1.2,3.5,768,915,88,85,370,718,85,334,6,19,96
BER,2023,9,5,12,26.4,56.6,19.5,17.1,12.96,20.1,59.6,0,955.5,18,1.5,4.6,787,904,97,88,147,740,162,333,0,19,96
BER,2023,9,5,13,27.3,53.1,19.3,16.9,12.83,20.3,60.2,0,954.9,360,2.1,4.2,758,907,90,85,87,707,401,334,0,19,96
BER,2023,9,5,14,28.2,51.6,19.8,17.3,13.18,20.8,62,0,954.2,11,2.8,5.7,677,890,84,77,79,616,593,333,0,19,96
BER,2023,9,5,15,28.3,51.3,19.7,17.3,13.12,20.8,62,0,953.9,17,3.2,6.7,548,837,82,65,67,473,718,331,0,19,96
BER,2023,9,5,16,28,51.9,19.6,17.2,13.05,20.7,61.5,0,953.8,32,3.8,6.8,386,752,75,51,52,299,748,330,0,19,96
BER,2023,9,5,17,27.1,55.1,19.7,17.3,13.12,20.5,60.7,0,953.7,14,3.3,7,212,618,55,34,34,121,655,338,6,19,96
BER,2023,9,5,18,25.1,56.3,18,15.8,11.96,19,55.7,0,954.1,22,4.1,7,49,246,22,33,12,12,263,336,13,19,96
BER,2023,9,5,19,22.8,61.4,17,15,11.28,17.8,51.6,0,954.5,25,4.1,6.4,0,0,0,0,0,0,0,325,0,19,96
BER,2023,9,5,20,21.3,67.3,17.1,15,11.34,17.3,50.2,0,955.2,10,1.8,4.7,0,0,0,0,0,0,0,321,0,19,96
BER,2023,9,5,21,20,71.5,16.7,14.7,11.07,16.6,48.2,0,955.3,360,1.7,3.8,0,0,0,0,0,0,0,318,0,19,96
BER,2023,9,5,22,19.4,74.7,16.8,14.8,11.13,16.5,47.8,0,955.3,17,2.8,4.4,0,0,0,0,0,0,0,314,0,19,96
BER,2023,9,5,23,17.8,81,16.5,14.5,10.93,15.7,45.6,0,955.5,360,1.4,3.9,0,0,0,0,0,0,0,311,0,19,96
BER,2023,9,6,0,17.5,82.6,16.5,14.5,10.93,15.6,45.3,0,955.7,21,2.6,5,0,0,0,0,0,0,0,307,0,19,96
BER,2023,9,6,1,16.3,86.8,16.1,14.1,10.66,14.9,43.4,0,955.6,7,0.8,1.8,0,0,0,0,0,0,0,305,0,19,96
BER,2023,9,6,2,15.4,90.2,15.8,13.8,10.46,14.4,41.9,0,955.6,27,0.5,1.1,0,0,0,0,0,0,0,304,0,19,96
BER,2023,9,6,3,15.3,91.4,15.9,13.9,10.52,14.4,42,0,955.8,162,0.4,1.3,0,0,0,0,0,0,0,304,0,19,96
BER,2023,9,6,4,14.6,91.9,15.3,13.3,10.12,13.8,40.2,0,956.1,360,0.2,0.5,0,0,0,0,0,0,0,303,0,19,96
BER,2023,9,6,5,14.6,92.5,15.4,13.4,10.18,13.9,40.4,0,956.4,360,0.2,0.6,0,0,0,0,0,0,0,303,0,19,96
BER,2023,9,6,6,14.5,92.5,15.3,13.3,10.11,13.8,40.1,0,956.4,0,0,0.4,60,230,26,22,251,21,15,302,0,19,96
BER,2023,9,6,7,17.1,86.9,16.9,14.9,11.19,15.7,45.5,0,956.6,207,0.2,0.9,240,658,58,36,693,152,36,304,0,19,96
BER,2023,9,6,8,19.7,78.2,18,15.8,11.93,17.2,50.1,0,956.5,360,0.5,1.7,416,784,73,53,765,335,53,308,0,19,96
BER,2023,9,6,9,21.7,70.5,18.3,16.1,12.13,18,52.7,0,956.4,360,0.6,1.4,577,870,78,67,719,510,67,322,16,19,96
BER,2023,9,6,10,23.8,63.3,18.6,16.4,12.34,18.9,55.3,0,956,207,0.8,2.6,685,860,104,82,566,632,82,348,45,19,96
BER,2023,9,6,11,25.6,58.3,19.1,16.8,12.68,19.7,58.1,0,955.7,260,1.4,3.2,767,911,93,86,372,725,86,331,16,19,96
BER,2023,9,6,12,26.7,53.9,18.9,16.6,12.55,19.9,58.9,0,955.3,352,1.7,4.3,790,919,92,88,145,751,162,326,0,19,96
BER,2023,9,6,13,27.7,48.9,18.2,16,12.09,19.9,58.7,0,954.9,19,2.1,4.7,757,910,90,85,87,714,404,329,0,19,96
BER,2023,9,6,14,28,46,17.4,15.3,11.55,19.6,57.6,0,954.6,27,1.9,4.7,671,885,86,77,79,619,593,331,0,19,96
BER,2023,9,6,15,28.1,44.8,17,15,11.28,19.5,57.1,0,954.2,36,2.1,4.7,541,833,82,65,67,474,716,332,0,19,96
BER,2023,9,6,16,28.1,44.8,17.1,15,11.35,19.5,57.2,0,954.1,3,2,4,379,754,71,50,51,299,748,334,0,19,96
BER,2023,9,6,17,27.5,47,17.3,15.2,11.49,19.4,57,0,954.2,18,2.4,4.8,203,592,56,34,34,120,629,335,0,19,96
BER,2023,9,6,18,25.9,53.4,17.8,15.7,11.82,19.2,56.2,0,954.4,34,2.3,3.8,44,219,21,29,12,12,235,337,0,19,96
BER,2023,9,6,19,23.5,61.2,17.7,15.6,11.75,18.3,53.5,0,954.8,30,2.8,4.4,0,0,0,0,0,0,0,337,0,19,96
BER,2023,9,6,20,22.1,65.8,17.5,15.4,11.61,17.8,51.7,0,955,20,2.1,3.8,0,0,0,0,0,0,0,334,0,19,96
BER,2023,9,6,21,20.7,71.7,17.5,15.4,11.61,17.3,50.3,0,954.9,8,1.4,3.1,0,0,0,0,0,0,0,331,0,19,96
BER,2023,9,6,22,19.7,77.7,17.8,15.7,11.81,17.1,49.8,0,955.2,11,1.5,3.8,0,0,0,0,0,0,0,329,0,19,96
BER,2023,9,6,23,18,85.3,17.6,15.5,11.67,16.4,47.7,0,955.3,6,0.9,1.7,0,0,0,0,0,0,0,326,0,19,96
BER,2023,9,7,0,17.5,86.9,17.4,15.3,11.54,16.1,46.8,0,955.5,14,0.6,1.5,0,0,0,0,0,0,0,324,0,19,96
BER,2023,9,7,1,17,89.1,17.3,15.2,11.47,15.9,46.1,0,955.3,135,0.2,0.6,0,0,0,0,0,0,0,322,0,19,96
BER,2023,9,7,2,16.9,91.5,17.6,15.5,11.67,16,46.6,0,955.3,207,0.2,0.8,0,0,0,0,0,0,0,322,0,19,96
BER,2023,9,7,3,16,92.6,16.8,14.8,11.13,15.2,44.3,0,955.4,360,0.2,0.6,0,0,0,0,0,0,0,321,0,19,96
BER,2023,9,7,4,16,93.2,16.9,14.9,11.2,15.3,44.4,0,955.4,360,0.2,0.8,0,0,0,0,0,0,0,321,0,19,96
BER,2023,9,7,5,15.9,93.8,16.9,14.9,11.2,15.3,44.3,0,955.4,270,0.1,0.4,0,0,0,0,0,0,0,320,0,19,96
BER,2023,9,7,6,16,92.6,16.8,14.8,11.13,15.2,44.2,0,955.7,233,0.5,0.9,56,207,26,21,227,21,15,320,0,19,96
BER,2023,9,7,7,18.2,89.2,18.6,16.4,12.34,17,49.6,0,955.9,315,0.2,0.7,231,636,57,36,670,151,36,321,0,19,96
BER,2023,9,7,8,20.5,80.9,19.5,17.1,12.95,18.3,53.5,0,956,252,0.5,1.3,405,774,70,52,752,332,52,326,0,19,96
BER,2023,9,7,9,22.5,72.5,19.7,17.3,13.09,19,55.9,0,955.9,233,0.8,2.5,557,833,84,67,695,499,67,330,0,19,96
BER,2023,9,7,10,24.4,64.6,19.8,17.3,13.16,19.6,58.1,0,955.6,225,1,3,678,875,89,78,559,634,78,335,0,19,96
BER,2023,9,7,11,26.1,59.9,20.3,17.7,13.5,20.4,60.7,0,955.3,229,1.3,3.8,754,905,88,84,363,720,84,340,0,19,96
BER,2023,9,7,12,27.5,57.6,21.2,18.4,14.12,21.2,63.7,0,954.9,229,1.4,3.9,772,898,94,87,142,741,162,345,0,19,96
BER,2023,9,7,13,28.5,52.7,20.5,17.9,13.65,21.2,63.5,0,954.5,254,1.3,3.7,738,880,97,85,87,703,400,348,0,19,96
BER,2023,9,7,14,29.1,48.4,19.5,17.1,12.98,20.9,62.4,0,954.2,343,1.7,4,658,872,85,76,78,613,585,348,0,19,96
BER,2023,9,7,15,29.4,48.5,19.9,17.4,13.25,21.2,63.4,0,954.2,7,1.4,3.8,530,827,78,64,65,471,710,348,0,19,96
BER,2023,9,7,16,29.1,48.1,19.4,17,12.91,20.9,62.3,0,954.2,14,1.7,4,366,716,76,51,52,294,717,348,0,19,96
BER,2023,9,7,17,28.5,51.7,20.1,17.6,13.39,21.1,62.9,0,954.1,36,1.8,3.6,194,573,56,33,33,119,611,347,0,19,96
BER,2023,9,7,18,26.9,57.1,20.2,17.7,13.45,20.6,61.4,0,954.4,45,1.3,2.1,40,187,20,25,11,11,202,347,0,19,96
BER,2023,9,7,19,23.3,72.1,20.6,18,13.72,19.7,58.3,0,954.8,42,1.4,2.1,0,0,0,0,0,0,0,346,0,19,96
BER,2023,9,7,20,21.8,77.5,20.2,17.7,13.44,19.1,56.1,0,955,21,1.4,2.5,0,0,0,0,0,0,0,343,0,19,96
BER,2023,9,7,21,20.6,81.4,19.8,17.3,13.17,18.4,54.2,0,954.9,7,0.9,1.4,0,0,0,0,0,0,0,339,0,19,96
BER,2023,9,7,22,19.4,84.9,19.1,16.8,12.69,17.7,51.7,0,955.1,27,0.3,0.8,0,0,0,0,0,0,0,336,0,19,96
BER,2023,9,7,23,18.9,87.6,19.1,16.8,12.69,17.5,51.2,0,955,360,0.3,1.3,0,0,0,0,0,0,0,333,0,19,96
BER,2023,9,8,0,18.8,88.2,19.1,16.8,12.69,17.5,51.1,0,955.2,270,0.2,0.6,0,0,0,0,0,0,0,329,0,19,96
BER,2023,9,8,1,18.1,91,18.9,16.6,12.56,17.1,50,0,955.2,0,0,0.5,0,0,0,0,0,0,0,327,0,20,96
BER,2023,9,8,2,17.8,91.5,18.6,16.4,12.35,16.9,49.2,0,955.2,270,0.2,0.9,0,0,0,0,0,0,0,327,0,20,96
BER,2023,9,8,3,17.3,92.7,18.3,16.1,12.15,16.5,48.2,0,955.3,270,0.2,0.9,0,0,0,0,0,0,0,327,0,20,96
BER,2023,9,8,4,17.1,92.6,18.1,15.9,12.01,16.3,47.6,0,955.3,270,0.1,0.6,0,0,0,0,0,0,0,326,0,20,96
BER,2023,9,8,5,16.9,93.8,18.1,15.9,12.01,16.3,47.4,0,955.5,225,0.3,1,0,0,0,0,0,0,0,326,0,20,96
BER,2023,9,8,6,17.1,92.6,18.1,15.9,12.01,16.3,47.6,0,955.8,198,0.3,0.8,53,197,26,20,217,21,15,326,0,20,96
BER,2023,9,8,7,18.9,88.2,19.3,16.9,12.82,17.6,51.5,0,956,230,0.9,1.6,227,625,58,37,660,153,37,327,0,20,96
BER,2023,9,8,8,21.8,79,20.6,18,13.7,19.2,56.7,0,955.9,228,1.3,2.4,400,761,73,54,744,335,54,330,0,20,96
BER,2023,9,8,9,23.8,70.4,20.7,18.1,13.77,19.9,59,0,955.9,229,1.1,2.8,556,844,79,68,701,508,68,333,0,20,96
BER,2023,9,8,10,25.4,64,20.7,18.1,13.77,20.4,60.6,0,955.6,239,0.9,2.5,679,896,80,79,564,646,78,336,0,20,96
BER,2023,9,8,11,27.2,58.3,21,18.3,13.98,21.1,63,0,955.2,225,1.1,3.1,755,921,81,86,365,732,86,340,0,20,96
BER,2023,9,8,12,28.4,54.7,21.2,18.4,14.12,21.5,64.6,0,954.9,353,1.5,3.8,759,859,114,95,162,735,165,356,25,20,96
BER,2023,9,8,13,29,48.4,19.4,17,12.9,20.9,62.1,0,954.5,266,1.7,4.6,723,837,118,94,96,694,402,349,25,20,96
BER,2023,9,8,14,29.5,45.2,18.6,16.4,12.37,20.7,61.3,0,954.1,270,1.3,4.3,646,838,100,81,83,610,579,345,19,20,96
BER,2023,9,8,15,29.7,42.2,17.6,15.5,11.69,20.2,59.8,0,953.9,309,1.7,4.8,526,827,78,65,67,476,712,344,6,20,96
BER,2023,9,8,16,29.6,41.6,17.3,15.2,11.49,20,59.2,0,953.6,329,0.9,2.8,362,720,75,52,52,298,721,344,0,20,96
BER,2023,9,8,17,28.9,41.5,16.5,14.5,10.95,19.4,57,0,953.6,20,1.7,3.1,190,571,55,33,33,120,609,344,0,20,96
BER,2023,9,8,18,27.4,49.2,18,15.8,11.96,19.7,58.1,0,953.8,43,1.7,3.8,35,164,17,20,10,10,177,343,0,20,96
BER,2023,9,8,19,25.2,58.5,18.8,16.5,12.5,19.4,57.2,0,954.2,41,2.3,4.3,0,0,0,0,0,0,0,342,0,20,96
BER,2023,9,8,20,22.6,68.5,18.8,16.5,12.5,18.6,54.5,0,954.3,27,1.7,4.2,0,0,0,0,0,0,0,340,0,20,96
BER,2023,9,8,21,20.9,74,18.3,16.1,12.16,17.8,51.9,0,954.3,351,0.7,1.3,0,0,0,0,0,0,0,337,0,20,96
BER,2023,9,8,22,20.6,74,17.9,15.8,11.89,17.5,50.9,0,954.2,45,0.5,2.4,0,0,0,0,0,0,0,335,0,20,96
BER,2023,9,8,23,19.2,79.7,17.7,15.6,11.76,16.9,49.1,0,954.1,360,0.2,0.8,0,0,0,0,0,0,0,333,0,20,96
BER,2023,9,9,0,18.8,82.7,18,15.8,11.96,16.9,49.2,0,954.2,225,0.2,1,0,0,0,0,0,0,0,330,0,20,96
BER,2023,9,9,1,18.2,85.9,17.9,15.8,11.89,16.7,48.4,0,954.3,210,0.8,1.4,0,0,0,0,0,0,0,328,0,20,96
BER,2023,9,9,2,17.9,88.7,18.2,16,12.09,16.7,48.6,0,954.3,201,1,1.8,0,0,0,0,0,0,0,328,0,20,96
BER,2023,9,9,3,17.7,89.8,18.2,16,12.09,16.6,48.4,0,954.3,180,0.1,0.6,0,0,0,0,0,0,0,327,0,20,96
BER,2023,9,9,4,17,92.1,17.8,15.7,11.82,16.2,47,0,954.5,214,0.4,0.9,0,0,0,0,0,0,0,326,0,20,96
BER,2023,9,9,5,16.8,91.5,17.5,15.4,11.62,15.9,46.3,0,954.6,214,0.8,1.4,0,0,0,0,0,0,0,326,0,20,96
BER,2023,9,9,6,17.1,92.1,18,15.8,11.95,16.3,47.5,0,954.9,194,0.4,1.2,51,195,25,19,214,21,15,325,0,20,96
BER,2023,9,9,7,19,87.6,19.2,16.9,12.76,17.6,51.5,0,955.3,217,0.6,1.2,225,630,56,36,664,157,36,326,0,20,96
BER,2023,9,9,8,22,74.7,19.8,17.3,13.16,18.9,55.6,0,955.3,197,1.1,2.4,398,766,72,53,746,340,53,328,0,20,96
BER,2023,9,9,9,23.7,65.3,19.1,16.8,12.69,19.1,56.1,0,955.4,229,1.1,2.8,552,837,82,68,698,511,68,331,0,20,96
BER,2023,9,9,10,25.6,59,19.4,17,12.89,19.8,58.6,0,955.2,233,0.9,2.9,673,880,87,80,561,647,79,333,0,20,96
BER,2023,9,9,11,26.9,55,19.5,17.1,12.97,20.3,60.1,0,954.8,236,1,2.8,751,919,82,86,362,737,85,336,0,20,96
BER,2023,9,9,12,28.5,49.2,19.1,16.8,12.7,20.6,61.1,0,954.4,309,1.6,4.2,770,914,88,89,141,759,163,340,0,20,96
BER,2023,9,9,13,29.2,46.3,18.8,16.5,12.5,20.6,61.3,0,954.2,9,1.4,4.3,734,890,94,87,89,717,407,344,0,20,96
BER,2023,9,9,14,29.9,37.2,15.7,13.7,10.41,19.3,56.7,0,953.9,284,1.7,4.5,648,862,91,79,81,621,588,340,0,20,96
BER,2023,9,9,15,30,35.3,15,13,9.94,19,55.6,0,953.7,340,1.5,4,516,798,89,67,69,473,699,340,0,20,96
BER,2023,9,9,16,29.8,37.6,15.8,13.8,10.48,19.4,56.8,0,953.7,323,1.3,3.8,359,729,72,50,51,301,729,340,0,20,96
BER,2023,9,9,17,29,41.5,16.6,14.6,11.02,19.5,57.3,0,953.8,42,1.6,3.8,187,582,52,32,32,121,618,340,0,20,96
BER,2023,9,9,18,26.6,49.9,17.4,15.3,11.55,19.2,56.2,0,954.1,52,1.2,2.3,31,158,15,17,8,8,170,340,0,20,96
BER,2023,9,9,19,22.4,66.3,18,15.8,11.95,18.1,52.9,0,954.6,27,0.7,1.7,0,0,0,0,0,0,0,338,0,20,96
BER,2023,9,9,20,21.1,68.6,17.2,15.1,11.41,17.2,50.2,0,954.9,27,0.6,3.3,0,0,0,0,0,0,0,335,0,20,96
BER,2023,9,9,21,20.3,72.1,17.2,15.1,11.41,17,49.4,0,954.9,146,0.5,1.6,0,0,0,0,0,0,0,332,0,20,96
BER,2023,9,9,22,19.3,76.2,17.1,15,11.34,16.6,48.2,0,954.9,315,0.2,0.7,0,0,0,0,0,0,0,328,0,20,96
BER,2023,9,9,23,19,78.6,17.3,15.2,11.48,16.6,48.2,0,954.9,194,0.5,1.2,0,0,0,0,0,0,0,325,0,20,96
BER,2023,9,10,0,18.1,85.3,17.7,15.6,11.74,16.5,48,0,955.1,198,0.7,1.3,0,0,0,0,0,0,0,322,0,20,96
BER,2023,9,10,1,17.6,86.9,17.5,15.4,11.61,16.2,47.1,0,955.1,214,0.4,1.3,0,0,0,0,0,0,0,320,0,20,96
BER,2023,9,10,2,17.2,89.7,17.6,15.5,11.68,16.1,46.9,0,955.1,225,0.1,0.7,0,0,0,0,0,0,0,319,0,20,96
BER,2023,9,10,3,16.6,90.9,17.2,15.1,11.4,15.7,45.6,0,955.3,360,0.1,0.8,0,0,0,0,0,0,0,319,0,20,96
BER,2023,9,10,4,16.1,93.2,17,15,11.27,15.4,44.7,0,955.3,180,0.2,0.9,0,0,0,0,0,0,0,319,0,20,96
BER,2023,9,10,5,16.4,90.8,16.9,14.9,11.2,15.5,44.8,0,955.5,198,0.3,0.9,0,0,0,0,0,0,0,319,0,20,96
BER,2023,9,10,6,15.9,92.6,16.7,14.7,11.06,15.1,44,0,955.7,225,0.6,1.3,51,203,24,18,221,22,14,318,0,20,96
BER,2023,9,10,7,18.3,87,18.3,16.1,12.14,16.9,49.2,0,955.9,220,0.8,1.8,222,625,57,36,660,160,36,319,0,20,96
BER,2023,9,10,8,21.4,77.5,19.7,17.3,13.09,18.7,54.8,0,956.1,222,1.4,2.7,395,766,72,53,746,344,53,323,0,20,96
BER,2023,9,10,9,23.9,64.9,19.3,16.9,12.82,19.2,56.7,0,956,185,1.2,2.4,549,836,83,68,696,516,68,326,0,20,96
BER,2023,9,10,10,25.6,56.8,18.7,16.4,12.41,19.5,57.4,0,955.7,231,1,2.5,671,885,85,79,560,653,79,329,0,20,96
BER,2023,9,10,11,27.2,51.7,18.6,16.4,12.35,20,58.9,0,955.2,279,1.1,3.4,746,913,85,86,361,739,85,333,0,20,96
BER,2023,9,10,12,28.7,43.6,17.2,15.1,11.41,19.7,58,0,954.8,256,1.1,3.8,763,900,95,89,143,758,165,339,0,20,96
BER,2023,9,10,13,29.6,41.9,17.4,15.3,11.55,20.1,59.3,0,954.3,354,1.6,4.1,729,893,92,86,88,721,406,345,0,20,96
BER,2023,9,10,14,30.1,40.2,17.2,15.1,11.42,20.1,59.5,0,953.9,319,1.6,4.1,644,867,87,77,79,624,589,340,0,20,96
BER,2023,9,10,15,30.3,41,17.7,15.6,11.76,20.5,60.6,0,953.7,270,1.4,4.5,513,808,84,66,67,477,703,339,0,20,96
BER,2023,9,10,16,30.1,34.6,14.8,12.8,9.81,18.9,55.4,0,953.4,212,1.7,4.1,353,731,70,49,50,301,729,340,0,20,96
BER,2023,9,10,17,29.4,35.4,14.5,12.5,9.61,18.6,54.1,0,953.4,243,1.2,3,180,568,52,31,32,121,603,340,0,20,96
BER,2023,9,10,18,25.8,49.1,16.3,14.3,10.82,18.4,53.5,0,953.5,270,0.4,1.3,27,130,15,15,8,8,141,341,0,20,96
BER,2023,9,10,19,22.2,61.3,16.4,14.4,10.88,17.2,50,0,954.1,18,0.6,2.6,0,0,0,0,0,0,0,340,0,20,96
BER,2023,9,10,20,20.9,65.5,16.2,14.2,10.74,16.7,48.3,0,954.3,153,0.2,0.7,0,0,0,0,0,0,0,337,0,20,96
BER,2023,9,10,21,20.5,68.9,16.6,14.6,11.01,16.7,48.6,0,954.3,194,0.4,1.4,0,0,0,0,0,0,0,334,0,20,96
BER,2023,9,10,22,19.3,76.2,17.1,15,11.35,16.6,48.2,0,954.2,198,0.6,1.3,0,0,0,0,0,0,0,331,0,20,96
BER,2023,9,10,23,18.6,80.1,17.2,15.1,11.42,16.4,47.7,0,954.2,198,0.3,1.2,0,0,0,0,0,0,0,328,0,20,96
BER,2023,9,11,0,17.6,85.3,17.2,15.1,11.42,16,46.6,0,954,146,0.4,0.9,0,0,0,0,0,0,0,325,0,20,96
BER,2023,9,11,1,17.4,86.4,17.2,15.1,11.43,15.9,46.4,0,953.6,270,0.1,0.6,0,0,0,0,0,0,0,323,0,20,96
BER,2023,9,11,2,17,88,17.1,15,11.36,15.7,45.9,0,953.5,180,0.2,1.3,0,0,0,0,0,0,0,323,0,20,96
BER,2023,9,11,3,16.3,91.4,16.9,14.9,11.22,15.4,44.8,0,953.6,198,0.8,1.7,0,0,0,0,0,0,0,322,0,20,96
BER,2023,9,11,4,16.1,92,16.8,14.8,11.16,15.3,44.4,0,953.3,217,0.6,1,0,0,0,0,0,0,0,322,0,20,96
BER,2023,9,11,5,15.6,92.6,16.4,14.4,10.89,14.9,43.2,0,953.2,217,0.6,1.3,0,0,0,0,0,0,0,321,0,20,96
BER,2023,9,11,6,15.9,92,16.6,14.6,11.02,15.1,43.9,0,953.4,214,0.4,1.2,48,188,24,17,206,22,14,321,0,20,96
BER,2023,9,11,7,17.9,85.9,17.6,15.5,11.7,16.4,47.6,0,953.5,212,1,1.9,218,624,55,35,657,162,35,321,0,20,96
BER,2023,9,11,8,21.5,71.4,18.3,16.1,12.17,18,52.5,0,953.4,191,1.6,3.1,394,786,65,51,758,350,51,324,0,20,96
BER,2023,9,11,9,23.8,63.3,18.6,16.4,12.38,18.9,55.4,0,953.4,197,1.4,3.1,545,839,80,68,696,519,67,335,13,20,96
BER,2023,9,11,10,25.6,55.7,18.3,16.1,12.18,19.3,56.8,0,953,239,1.4,3.3,643,787,127,87,541,628,87,364,50,20,96
BER,2023,9,11,11,27.2,51,18.4,16.2,12.25,19.9,58.6,0,952.4,228,1.6,4,737,893,94,87,361,737,87,357,33,20,96
BER,2023,9,11,12,28.2,46.9,18,15.8,11.99,19.9,59,0,952,241,1.6,3.9,758,904,92,89,140,762,165,351,19,20,96
BER,2023,9,11,13,29.1,42.6,17.2,15.1,11.45,19.8,58.5,0,951.5,249,1.6,4,718,870,101,87,90,717,405,370,23,20,96
BER,2023,9,11,14,29.8,38.6,16.2,14.2,10.78,19.6,57.5,0,950.9,233,1.5,4.2,638,855,94,79,81,625,590,359,29,20,96
BER,2023,9,11,15,30.1,35.1,15,13,9.97,19,55.8,0,950.6,252,1.4,3.9,507,808,83,65,67,478,704,339,0,20,96
BER,2023,9,11,16,29.8,35.5,14.9,12.9,9.91,18.9,55.3,0,950.2,238,1.5,3.5,347,721,71,49,50,302,721,335,0,20,96
BER,2023,9,11,17,29.1,36.2,14.6,12.6,9.71,18.5,54.1,0,950,240,1,2.5,173,551,52,31,31,120,587,335,0,20,96
BER,2023,9,11,18,25,54.2,17.2,15.1,11.47,18.5,54.4,0,950,11,0.6,1.3,27,137,14,14,8,8,147,335,0,20,96
BER,2023,9,11,19,21.3,63.1,16,14,10.65,16.7,48.5,0,950.5,22,0.6,1.4,0,0,0,0,0,0,0,343,13,20,96
BER,2023,9,11,20,20.7,63.8,15.6,13.6,10.38,16.2,47.2,0,950.6,135,0.3,0.9,0,0,0,0,0,0,0,366,53,20,96
BER,2023,9,11,21,19.8,68.3,15.8,13.8,10.51,16,46.6,0,950.7,169,0.6,1.5,0,0,0,0,0,0,0,357,45,20,96
BER,2023,9,11,22,19.2,74.2,16.5,14.5,10.99,16.2,47.2,0,950.7,210,0.9,2.3,0,0,0,0,0,0,0,348,45,20,96
BER,2023,9,11,23,18.9,75.1,16.4,14.4,10.92,16.1,46.7,0,950.7,186,1,2.4,0,0,0,0,0,0,0,362,61,20,96
BER,2023,9,12,0,18.2,81.6,17.1,15,11.39,16.2,47.2,0,950.7,198,0.8,1.4,0,0,0,0,0,0,0,360,61,20,96
BER,2023,9,12,1,17.6,85.8,17.3,15.2,11.53,16.1,46.9,0,950.8,186,0.9,1.8,0,0,0,0,0,0,0,364,65,20,96
BER,2023,9,12,2,17.6,84.7,17,15,11.32,16,46.4,0,950.8,194,0.9,1.8,0,0,0,0,0,0,0,357,56,20,96
BER,2023,9,12,3,17.4,86.9,17.3,15.2,11.53,16,46.7,0,950.8,210,0.9,2.3,0,0,0,0,0,0,0,337,20,20,96
BER,2023,9,12,4,16.9,88,16.9,14.9,11.26,15.6,45.5,0,950.4,194,0.9,2.5,0,0,0,0,0,0,0,356,50,20,96
BER,2023,9,12,5,17.1,87.5,17,15,11.32,15.8,45.9,0,950.7,207,0.7,1.9,0,0,0,0,0,0,0,373,81,20,96
BER,2023,9,12,6,16.8,89.1,17.1,15,11.39,15.7,45.7,0,950.7,194,0.5,1.8,16,2,16,9,11,9,9,376,88,20,96
BER,2023,9,12,7,18.4,84.8,18,15.8,12,16.7,48.9,0,950.9,236,0.7,1.8,221,611,65,38,652,170,38,362,48,20,96
BER,2023,9,12,8,21.3,71.3,18.1,15.9,12.07,17.8,52.1,0,951,207,0.8,3,262,234,167,93,322,199,94,382,78,20,96
BER,2023,9,12,9,22.7,67.2,18.5,16.3,12.34,18.5,54.2,0,951.2,229,1.1,2.2,409,322,228,124,394,340,125,387,88,20,96
BER,2023,9,12,10,24.3,57.6,17.5,15.4,11.66,18.5,54.1,0,951,230,0.9,2.5,531,508,203,120,436,483,120,387,81,20,96
BER,2023,9,12,11,25.6,50.6,16.6,14.6,11.05,18.5,53.9,0,950.7,235,1.7,3.6,484,293,272,161,258,398,162,388,78,20,96
BER,2023,9,12,12,26.6,49,17,15,11.33,19,55.6,0,950.6,259,2.2,4.9,359,137,258,147,174,271,150,398,88,20,96
BER,2023,9,12,13,28.1,44.6,16.9,14.9,11.26,19.4,57,0,950.4,242,2.7,6.8,696,827,113,90,92,699,401,381,61,20,96
BER,2023,9,12,14,28.6,37.5,14.7,12.7,9.77,18.4,53.7,0,950.1,237,3.7,7.2,596,731,134,89,90,582,548,384,58,20,96
BER,2023,9,12,15,29.4,32.7,13.4,11.3,8.9,18,52.3,0,949.6,234,2.9,6.3,459,642,131,82,82,423,614,376,48,20,96
BER,2023,9,12,16,29.1,31.7,12.8,10.6,8.5,17.6,51,0,949.8,219,2.9,6.3,325,615,89,56,56,285,633,375,46,20,96
BER,2023,9,12,17,27.7,35.6,13.2,11.1,8.76,17.3,50.2,0,950,213,2.9,6.4,53,8,51,30,29,31,39,399,100,20,96
BER,2023,9,12,18,24.4,53,16.2,14.2,10.78,17.8,52,0,950.5,141,3.3,8,1,0,1,1,1,1,1,398,100,20,96
BER,2023,9,12,19,22.8,61.4,17,15,11.32,17.8,51.7,0,951,147,4.3,8.8,0,0,0,0,0,0,0,396,100,20,96
BER,2023,9,12,20,21.9,66.2,17.4,15.3,11.58,17.6,51.5,0,952,159,4.6,9.8,0,0,0,0,0,0,0,394,100,20,96
BER,2023,9,12,21,20.8,69,16.9,14.9,11.24,17,49.4,0,952.5,149,4.4,9.2,0,0,0,0,0,0,0,392,100,20,96
BER,2023,9,12,22,19.9,72.4,16.8,14.8,11.17,16.6,48.3,0,952.6,161,3.8,7.1,0,0,0,0,0,0,0,390,100,20,96
BER,2023,9,12,23,19.8,72.4,16.7,14.7,11.1,16.6,48.1,0,952.5,180,3,6.9,0,0,0,0,0,0,0,375,78,20,96
BER,2023,9,13,0,19.4,72.4,16.3,14.3,10.83,16.2,47,0,952.4,166,3.4,7.5,0,0,0,0,0,0,0,367,71,20,96
BER,2023,9,13,1,18.8,75.1,16.3,14.3,10.83,16,46.4,0,952.3,156,1.8,3.6,0,0,0,0,0,0,0,367,64,20,96
BER,2023,9,13,2,18.6,77,16.5,14.5,10.96,16,46.5,0,952.5,161,1.9,3.8,0,0,0,0,0,0,0,381,94,20,96
BER,2023,9,13,3,18.5,80.6,17.2,15.1,11.44,16.3,47.6,0,952.7,157,2.1,4.1,0,0,0,0,0,0,0,383,100,20,96
BER,2023,9,13,4,18.1,83.7,17.4,15.3,11.57,16.3,47.5,0.6,952.8,173,1.8,3.9,0,0,0,0,0,0,0,383,100,20,96
BER,2023,9,13,5,17.3,88.6,17.5,15.4,11.64,16.1,46.9,1,952.6,167,1.5,3.8,0,0,0,0,0,0,0,382,100,20,96
BER,2023,9,13,6,17.2,90.3,17.7,15.6,11.77,16.2,47.1,0,953,171,1.2,2.4,2,0,2,1,1,1,1,381,100,20,96
BER,2023,9,13,7,17.6,88.1,17.7,15.6,11.77,16.3,47.5,0,953.4,195,1.2,2.3,15,0,15,9,9,9,9,381,100,20,96
BER,2023,9,13,8,18,87,18,15.8,11.96,16.6,48.4,0.1,953.9,177,1.8,3.6,59,1,59,35,34,35,35,384,100,20,96
BER,2023,9,13,9,18.8,84.3,18.3,16.1,12.16,17.1,49.7,0.1,954.3,177,1.7,3.4,167,5,164,97,98,100,97,386,100,20,96
BER,2023,9,13,10,19.2,84.4,18.8,16.5,12.5,17.4,51,0,954.5,217,1.1,2.3,280,28,262,153,167,177,153,388,100,20,96
BER,2023,9,13,11,19.8,78.2,18.1,15.9,12.02,17.3,50.4,0,954.6,239,1.3,3,298,24,281,164,173,186,165,390,100,20,96
BER,2023,9,13,12,20.5,74.9,18.1,15.9,12.02,17.5,51.1,0,954.5,252,0.9,2.5,379,60,335,194,194,251,210,393,100,20,96
BER,2023,9,13,13,21.4,66.9,17.1,15,11.35,17.3,50.4,0,954.3,230,1.1,2.5,370,77,317,182,178,252,228,393,100,20,96
BER,2023,9,13,14,21.2,70.8,17.8,15.7,11.82,17.6,51.4,0,954.3,283,1.5,3.6,259,48,228,131,128,172,166,392,100,20,96
BER,2023,9,13,15,20.5,71.2,17.2,15.1,11.41,17,49.6,0,954.7,248,3.6,10,122,6,119,70,68,73,75,390,100,20,96
BER,2023,9,13,16,19.1,76.1,16.8,14.8,11.14,16.4,47.5,0,955.1,234,3.7,7.2,61,0,61,36,35,36,36,389,100,20,96
BER,2023,9,13,17,18.8,78.6,17.1,15,11.33,16.4,47.6,0,955.5,236,1.9,4.1,14,0,14,8,8,8,8,387,100,20,96
BER,2023,9,13,18,18,81.6,16.8,14.8,11.13,16,46.3,0.4,956,227,1.8,5.5,11,15,10,6,6,6,21,386,100,20,96
BER,2023,9,13,19,17.3,86.4,17.1,15,11.32,15.8,46.1,0.8,956.4,195,1.2,2.3,0,0,0,0,0,0,0,385,100,20,96
BER,2023,9,13,20,17,88,17.1,15,11.32,15.7,45.8,0.1,956.8,186,1,2.2,0,0,0,0,0,0,0,383,100,20,96
BER,2023,9,13,21,17.2,88.6,17.4,15.3,11.52,16,46.5,0,957.2,191,0.5,1.2,0,0,0,0,0,0,0,382,100,20,96
BER,2023,9,13,22,16.6,92,17.4,15.3,11.52,15.8,45.8,2.3,957.2,180,0.3,1.4,0,0,0,0,0,0,0,381,100,20,96
BER,2023,9,13,23,16.6,92.6,17.5,15.4,11.59,15.8,46,1.4,957,171,0.7,1.3,0,0,0,0,0,0,0,380,100,20,96
BER,2023,9,14,0,16.6,93.2,17.6,15.5,11.65,15.9,46.2,0.1,957.2,135,0.3,1.3,0,0,0,0,0,0,0,379,100,20,96
BER,2023,9,14,1,16.6,93.2,17.6,15.5,11.65,15.9,46.2,0,957,31,0.6,1.3,0,0,0,0,0,0,0,377,100,20,96
BER,2023,9,14,2,16.4,92.6,17.3,15.2,11.45,15.6,45.5,0,956.8,32,1,1.7,0,0,0,0,0,0,0,376,100,20,96
BER,2023,9,14,3,16.2,93.2,17.2,15.1,11.39,15.5,45.1,0,956.5,34,1.5,2.6,0,0,0,0,0,0,0,375,100,20,96
BER,2023,9,14,4,16.3,92.6,17.2,15.1,11.39,15.5,45.2,0,956.5,36,1.7,3.3,0,0,0,0,0,0,0,374,100,20,96
BER,2023,9,14,5,16.4,92,17.2,15.1,11.39,15.6,45.3,0.1,956.5,40,2.5,4.4,0,0,0,0,0,0,0,373,100,20,96
BER,2023,9,14,6,16.4,93.2,17.4,15.3,11.52,15.7,45.7,0,956.6,30,1.7,3.7,8,0,8,5,4,5,5,372,100,20,96
BER,2023,9,14,7,16.4,92.6,17.3,15.2,11.45,15.6,45.5,0,956.7,30,2.8,5,91,24,85,50,73,56,50,370,88,20,96
BER,2023,9,14,8,16.8,91.5,17.5,15.4,11.59,15.9,46.2,0,957,27,3.1,5.3,116,4,115,68,70,69,68,376,100,20,96
BER,2023,9,14,9,17,90.9,17.6,15.5,11.65,16,46.6,0,957.1,30,3,6.2,140,7,136,80,83,85,80,380,100,20,96
BER,2023,9,14,10,18.4,84.8,17.9,15.8,11.86,16.7,48.6,0,956.8,33,2.9,6.8,451,322,237,136,322,389,137,369,78,20,96
BER,2023,9,14,11,19.9,75.3,17.5,15.4,11.59,17,49.4,0,956.3,38,2.6,5.4,522,396,244,138,312,472,138,376,74,20,96
BER,2023,9,14,12,20.2,72,17,15,11.26,16.9,48.9,0,955.9,41,2.3,5.9,332,28,311,182,180,208,190,390,100,20,96
BER,2023,9,14,13,20.8,70.8,17.4,15.3,11.54,17.3,50.2,0,955.6,27,2.4,7,353,49,318,185,180,230,213,392,100,20,96
BER,2023,9,14,14,20.9,68.1,16.8,14.8,11.13,17,49.3,0,955.3,36,3.5,8.1,262,17,252,148,144,161,161,390,100,20,96
BER,2023,9,14,15,20.8,67.2,16.5,14.5,10.93,16.8,48.7,0,955.1,39,3.5,6.8,188,10,183,108,105,113,117,389,100,20,96
BER,2023,9,14,16,20.7,67.6,16.5,14.5,10.94,16.8,48.6,0,955,41,3.2,6.5,161,36,148,86,84,102,122,388,100,20,96
BER,2023,9,14,17,20.3,68.9,16.4,14.4,10.87,16.6,48,0,955,34,3.4,6.8,60,7,59,35,34,36,41,387,100,20,96
BER,2023,9,14,18,19.7,74.3,17,15,11.27,16.7,48.4,0,954.9,27,3.2,6,6,1,6,4,4,4,5,385,100,20,96
BER,2023,9,14,19,19.2,76.6,17.1,15,11.34,16.5,48.1,0,955.2,25,2.1,4.9,0,0,0,0,0,0,0,384,100,20,96
BER,2023,9,14,20,18.8,79.1,17.2,15.1,11.41,16.4,47.8,0,955.1,18,0.4,2.5,0,0,0,0,0,0,0,381,100,20,96
BER,2023,9,14,21,18,82.6,17.1,15,11.34,16.1,46.8,0,954.7,360,0.5,2.2,0,0,0,0,0,0,0,375,100,20,96
BER,2023,9,14,22,16.9,88,16.9,14.9,11.21,15.6,45.4,0,954.5,36,1.4,3.9,0,0,0,0,0,0,0,366,94,20,96
BER,2023,9,14,23,16.4,89.7,16.7,14.7,11.08,15.3,44.5,0,954.1,29,2.5,4.6,0,0,0,0,0,0,0,367,100,20,96
BER,2023,9,15,0,16.4,88.5,16.5,14.5,10.95,15.2,44.2,0,953.9,36,1.7,4.3,0,0,0,0,0,0,0,361,88,20,96
BER,2023,9,15,1,15.6,91.4,16.2,14.2,10.75,14.7,42.9,0,953.9,352,0.8,1.9,0,0,0,0,0,0,0,366,94,20,96
BER,2023,9,15,2,15.2,91.9,15.9,13.9,10.55,14.4,42,0,953.7,21,2.3,4.1,0,0,0,0,0,0,0,366,94,20,96
BER,2023,9,15,3,15,92.5,15.8,13.8,10.48,14.3,41.6,0,953.7,24,1.8,3.3,0,0,0,0,0,0,0,368,100,20,96
BER,2023,9,15,4,14.9,92.5,15.7,13.7,10.41,14.2,41.3,0,953.7,360,0.7,2.2,0,0,0,0,0,0,0,368,100,20,96
BER,2023,9,15,5,15.7,91.4,16.3,14.3,10.81,14.8,43.1,0,953.9,90,0.4,1.1,0,0,0,0,0,0,0,368,100,20,96
BER,2023,9,15,6,16.1,90.8,16.6,14.6,11.01,15.2,44.1,0,954.2,180,0.5,1.2,4,0,4,2,2,2,2,367,100,20,96
BER,2023,9,15,7,16.5,90.8,17,15,11.28,15.6,45.1,0,954.3,360,0.2,0.6,82,18,77,45,62,51,45,369,100,20,96
BER,2023,9,15,8,17.2,87.5,17.2,15.1,11.42,15.9,46.2,0,954.3,153,0.3,1.2,118,15,112,66,80,72,66,374,100,20,96
BER,2023,9,15,9,18,84.8,17.5,15.4,11.62,16.3,47.5,0,954.3,315,0.3,0.9,297,107,238,136,224,213,136,379,100,20,96
BER,2023,9,15,10,19.1,80.2,17.7,15.6,11.76,16.8,49,0,954.2,34,0.6,2,316,86,263,151,213,221,152,384,100,20,96
BER,2023,9,15,11,19.8,77.2,17.8,15.7,11.83,17.2,49.9,0,953.9,330,1,2.3,136,0,135,80,78,80,80,389,100,20,96
BER,2023,9,15,12,20.3,73.9,17.6,15.5,11.7,17.2,50.1,0,953.5,288,0.6,1.8,216,21,201,117,114,137,126,394,100,20,96
BER,2023,9,15,13,21.2,72.7,18.3,16.1,12.18,17.9,52.3,0,952.8,34,1.1,3.1,480,359,237,141,140,421,318,387,81,20,96
BER,2023,9,15,14,22.7,67.6,18.6,16.4,12.39,18.5,54.3,0,952.2,352,1.2,3.4,611,868,77,75,77,633,588,348,10,20,96
BER,2023,9,15,15,23.2,63.9,18.2,16,12.13,18.5,54.2,0,951.5,34,0.9,2.3,478,790,79,64,65,479,688,360,23,20,96
BER,2023,9,15,16,23.5,61.6,17.8,15.7,11.86,18.4,53.8,0,951.4,354,1.5,3.6,303,584,86,55,55,278,601,361,41,20,96
BER,2023,9,15,17,23,63.1,17.7,15.6,11.79,18.2,53.1,0,951.3,34,1.5,3.1,110,178,72,41,40,79,225,370,68,20,96
BER,2023,9,15,18,21.9,67,17.6,15.5,11.72,17.7,51.8,0,951.4,48,1.4,2.8,1,0,1,0,0,0,0,385,100,20,96
BER,2023,9,15,19,21,69.5,17.3,15.2,11.52,17.3,50.4,0,951.3,68,1.7,2.8,0,0,0,0,0,0,0,380,88,20,96
BER,2023,9,15,20,19,83.8,18.4,16.2,12.26,17.2,50.2,0,951.7,180,0.5,2,0,0,0,0,0,0,0,384,94,20,96
BER,2023,9,15,21,18.1,88.1,18.3,16.1,12.2,16.8,49.1,0,951.4,180,0.4,1.2,0,0,0,0,0,0,0,380,100,20,96
BER,2023,9,15,22,18.4,87,18.4,16.2,12.27,17,49.6,0,951.3,27,0.5,1.4,0,0,0,0,0,0,0,368,94,20,96
BER,2023,9,15,23,17.7,89.2,18.1,15.9,12.06,16.5,48.4,0,951.6,14,0.5,1.3,0,0,0,0,0,0,0,362,81,20,96
BER,2023,9,16,0,17.7,89.8,18.2,16,12.13,16.6,48.5,0,951.8,18,0.3,0.9,0,0,0,0,0,0,0,371,100,20,96
BER,2023,9,16,1,18,87,18,15.8,11.99,16.6,48.5,0,951.8,135,0.3,1.2,0,0,0,0,0,0,0,369,100,20,96
BER,2023,9,16,2,17.7,85.3,17.3,15.2,11.52,16.1,47,0,951.6,127,0.6,1.2,0,0,0,0,0,0,0,364,90,20,96
BER,2023,9,16,3,16.5,89.7,16.8,14.8,11.18,15.4,44.9,0,951.5,112,0.8,1.8,0,0,0,0,0,0,0,339,48,20,96
BER,2023,9,16,4,15.7,91.4,16.3,14.3,10.85,14.8,43.2,0,951,333,0.5,2.8,0,0,0,0,0,0,0,323,20,20,96
BER,2023,9,16,5,15.2,92.5,16,14,10.65,14.5,42.2,0,950.8,22,0.7,2,0,0,0,0,0,0,0,357,78,20,96
BER,2023,9,16,6,16,92.6,16.8,14.8,11.19,15.2,44.4,0,950.9,6,1,2.3,13,1,13,8,8,8,8,371,100,20,96
BER,2023,9,16,7,16.9,90.9,17.5,15.4,11.66,15.9,46.5,0,950.8,20,1.5,2.9,162,327,73,43,368,134,43,363,81,20,96
BER,2023,9,16,8,17.9,87,17.8,15.7,11.86,16.5,48.1,0,951,18,0.8,2.4,249,212,164,93,295,194,93,371,75,20,96
BER,2023,9,16,9,19.8,79.7,18.4,16.2,12.27,17.5,51,0,951.3,342,1.1,2.4,492,693,114,81,594,487,81,357,50,20,96
BER,2023,9,16,10,22,67.9,18,15.8,12,18,52.6,0,951.2,338,1.2,4.2,627,828,98,81,531,653,80,346,25,20,96
BER,2023,9,16,11,23.8,56.7,16.7,14.7,11.12,17.9,52.2,0,951.1,291,1.3,4.2,705,886,87,84,345,747,84,335,0,20,96
BER,2023,9,16,12,25.2,53.2,17,15,11.32,18.5,54.2,0,950.9,231,2.4,5.2,704,809,125,94,126,738,197,356,31,20,96
BER,2023,9,16,13,24.9,49.1,15.5,13.5,10.3,17.6,51.3,0,951.2,256,2.4,6.5,290,18,278,163,159,179,173,398,100,20,96
BER,2023,9,16,14,23.7,61.3,17.9,15.8,11.93,18.5,54.2,0,951.5,257,2.8,7.9,187,14,178,104,102,115,115,400,100,20,96
BER,2023,9,16,15,23,65.5,18.4,16.2,12.27,18.5,54.3,0,951.5,259,2.1,5.3,99,24,89,52,50,65,74,399,100,20,96
BER,2023,9,16,16,22.9,61.9,17.3,15.2,11.52,17.9,52.3,0,951.7,259,1.7,4.3,271,454,111,65,64,240,500,381,69,20,96
BER,2023,9,16,17,22.2,61.7,16.5,14.5,10.98,17.3,50.2,0,951.6,228,1.3,2.4,142,464,51,30,30,115,499,374,50,20,96
BER,2023,9,16,18,20.2,73,17.3,15.2,11.52,17,49.5,0,951.6,304,0.7,1.5,8,24,7,4,4,5,29,380,69,20,96
BER,2023,9,16,19,18.1,82.1,17.1,15,11.38,16.1,47,0,951.9,45,0.8,1.7,0,0,0,0,0,0,0,384,84,20,96
BER,2023,9,16,20,17.2,85.8,16.8,14.8,11.17,15.7,45.6,0,952.4,90,0.3,1.2,0,0,0,0,0,0,0,367,61,20,96
BER,2023,9,16,21,17.2,82.5,16.2,14.2,10.76,15.3,44.6,0,952.3,180,0.5,1.5,0,0,0,0,0,0,0,356,40,20,96
BER,2023,9,16,22,16.1,85.1,15.6,13.6,10.36,14.6,42.4,0,952.4,198,0.6,1.5,0,0,0,0,0,0,0,370,78,20,96
BER,2023,9,16,23,16.4,88,16.4,14.4,10.9,15.2,44.1,0,952.6,180,0.8,1.8,0,0,0,0,0,0,0,375,88,20,96
BER,2023,9,17,0,16.8,86.3,16.5,14.5,10.96,15.4,44.6,0,953,196,0.8,1.5,0,0,0,0,0,0,0,378,100,20,96
BER,2023,9,17,1,16.8,88,16.8,14.8,11.16,15.5,45.2,0,952.8,191,0.5,0.9,0,0,0,0,0,0,0,374,94,20,96
BER,2023,9,17,2,16.7,86.9,16.5,14.5,10.96,15.3,44.5,0,952.7,194,0.5,1.5,0,0,0,0,0,0,0,376,100,20,96
BER,2023,9,17,3,16.5,88,16.5,14.5,10.96,15.2,44.3,0,952.6,189,0.7,1.9,0,0,0,0,0,0,0,373,94,20,96
BER,2023,9,17,4,16.3,86.3,16,14,10.63,14.9,43.3,0,952.5,166,0.9,2.5,0,0,0,0,0,0,0,372,94,20,96
BER,2023,9,17,5,15.4,89,15.6,13.6,10.35,14.3,41.7,0,952.8,135,0.2,1.2,0,0,0,0,0,0,0,371,94,20,96
BER,2023,9,17,6,15.3,90.2,15.7,13.7,10.42,14.3,41.7,0,952.9,188,0.8,1.9,26,41,20,12,54,16,12,368,94,20,96
BER,2023,9,17,7,16.6,87.4,16.5,14.5,10.96,15.3,44.4,0,952.9,0,0.5,1.5,136,186,94,53,244,100,54,363,75,20,96
BER,2023,9,17,8,19.1,76.1,16.8,14.8,11.16,16.4,47.5,0,952.9,90,0.7,1.9,334,566,106,64,584,320,64,361,59,20,96
BER,2023,9,17,9,20.9,69,17,15,11.3,17.1,49.7,0,952.8,207,0.6,1.9,406,397,203,115,446,362,115,371,78,20,96
BER,2023,9,17,10,22.5,62.2,16.9,14.9,11.23,17.6,51.2,0,952.7,252,1.1,2.4,579,650,170,101,495,586,101,376,71,20,96
BER,2023,9,17,11,23.6,57.8,16.8,14.8,11.17,17.9,52.2,0,951.9,360,0.9,2.9,577,441,271,145,337,542,146,387,81,20,96
BER,2023,9,17,12,24.8,55.5,17.4,15.3,11.59,18.6,54.5,0,951.6,339,1.3,3.6,643,607,212,123,153,646,235,393,81,20,96
BER,2023,9,17,13,26,52.4,17.6,15.5,11.73,19.1,56,0,951.1,347,1.7,3.7,678,850,101,87,89,723,408,369,39,20,96
BER,2023,9,17,14,26.7,49.6,17.4,15.3,11.6,19.2,56.4,0,950.8,348,1.8,4,571,727,130,87,89,590,543,373,54,20,96
BER,2023,9,17,15,27,50.3,18,15.8,12.01,19.6,57.8,0,950.2,352,1.8,3.9,431,597,136,80,80,425,578,378,54,20,96
BER,2023,9,17,16,26.6,52.5,18.3,16.1,12.22,19.6,57.9,0,949.9,347,1.1,2.8,236,271,137,77,76,196,342,387,75,20,96
BER,2023,9,17,17,25.8,54.7,18.2,16,12.16,19.3,56.9,0,949.3,345,1.7,3,129,403,56,32,31,105,442,372,40,20,96
BER,2023,9,17,18,23.3,65.6,18.8,16.5,12.57,18.8,55.4,0,949,6,1,2.1,1,0,1,0,0,0,0,363,34,20,96
BER,2023,9,17,19,20.9,75.9,18.8,16.5,12.57,18,52.9,0,949.1,34,0.9,1.8,0,0,0,0,0,0,0,360,35,20,96
BER,2023,9,17,20,19.9,79.2,18.4,16.2,12.29,17.5,51.2,0,949.4,225,0.4,1.7,0,0,0,0,0,0,0,351,19,20,96
BER,2023,9,17,21,19.2,81.2,18.1,15.9,12.09,17.1,50,0,949,180,0.9,2.7,0,0,0,0,0,0,0,355,33,20,96
BER,2023,9,17,22,18.7,83.8,18.1,15.9,12.09,16.9,49.5,0,949.2,202,0.9,2.6,0,0,0,0,0,0,0,379,79,20,96
BER,2023,9,17,23,18,88.1,18.2,16,12.16,16.7,48.9,0,949.2,252,1.1,3.7,0,0,0,0,0,0,0,367,63,20,96
BER,2023,9,18,0,18.2,86.4,18.1,15.9,12.1,16.7,49,0,948.3,142,1.3,3.1,0,0,0,0,0,0,0,347,35,20,96
BER,2023,9,18,1,17.2,90.9,17.8,15.7,11.9,16.2,47.4,0,948.3,214,1.1,4.1,0,0,0,0,0,0,0,352,31,21,97
BER,2023,9,18,2,17.6,88.6,17.8,15.7,11.89,16.4,47.8,0,949,180,1.6,3.4,0,0,0,0,0,0,0,382,94,21,97
BER,2023,9,18,3,17.9,87,17.8,15.7,11.89,16.5,48.1,0,949.3,187,1.2,3,0,0,0,0,0,0,0,385,100,21,97
BER,2023,9,18,4,18.2,85.3,17.8,15.7,11.89,16.6,48.4,0,948.8,143,1.2,3.3,0,0,0,0,0,0,0,385,94,21,97
BER,2023,9,18,5,17.9,89.8,18.4,16.2,12.3,16.8,49.2,0.2,948.8,342,0.9,2.3,0,0,0,0,0,0,0,385,100,21,97
BER,2023,9,18,6,18,90.4,18.6,16.4,12.43,17,49.6,6.6,949.7,300,1.4,3.8,2,0,2,1,1,1,1,386,100,21,97
BER,2023,9,18,7,17.4,90.3,18,15.8,12,16.4,47.9,5.5,950.8,190,1.9,5.8,18,0,18,11,10,11,11,386,100,21,97
BER,2023,9,18,8,17.1,90.3,17.6,15.5,11.73,16.1,46.9,4.1,951,189,1.4,4.5,22,0,22,13,12,13,13,388,100,21,97
BER,2023,9,18,9,17.1,90.9,17.7,15.6,11.79,16.1,47,3.2,951.7,176,1.6,3.7,31,0,31,18,18,18,18,390,100,21,97
BER,2023,9,18,10,17.4,89.2,17.7,15.6,11.79,16.2,47.4,1.3,951.5,174,1.9,5.4,51,0,51,30,30,30,31,391,100,21,97
BER,2023,9,18,11,17.4,85.8,17,15,11.32,15.9,46.2,1.3,951,173,3.5,8.2,87,0,87,52,50,52,52,393,100,21,97
BER,2023,9,18,12,17.9,87.5,17.9,15.8,11.93,16.6,48.2,0.3,951.4,205,2.5,5.2,220,12,212,125,122,135,128,395,100,21,97
BER,2023,9,18,13,17.5,86.4,17.3,15.2,11.53,16,46.8,0.4,950.7,210,2.1,6.2,87,0,87,51,50,51,52,395,100,21,97
BER,2023,9,18,14,17.7,88.6,17.9,15.8,11.93,16.5,48,0,950.8,235,1.5,3.6,87,0,87,51,50,51,52,393,100,21,97
BER,2023,9,18,15,17.6,87.5,17.6,15.5,11.74,16.3,47.4,0,950.1,262,0.8,2.7,99,5,96,57,55,59,62,392,100,21,97
BER,2023,9,18,16,17.7,86.9,17.6,15.5,11.75,16.3,47.6,0,949.4,220,0.9,2.1,79,0,79,47,46,47,48,390,100,21,97
BER,2023,9,18,17,18,85.3,17.6,15.5,11.75,16.4,47.9,0,949.2,197,1.1,2.8,42,6,41,24,23,25,30,388,100,21,97
BER,2023,9,18,18,17.4,85.8,17.1,15,11.4,15.9,46.4,0,949.7,198,0.8,2.6,0,0,0,0,0,0,0,383,100,21,97
BER,2023,9,18,19,16.8,84.1,16.1,14.1,10.72,15.1,44,0,950,177,2,4.4,0,0,0,0,0,0,0,378,94,21,97
BER,2023,9,18,20,16.3,89.1,16.5,14.5,10.99,15.2,44.2,0,950.7,171,2.4,6,0,0,0,0,0,0,0,382,100,21,97
BER,2023,9,18,21,16.5,88,16.5,14.5,10.98,15.2,44.4,0.5,951.2,171,1.9,5.3,0,0,0,0,0,0,0,380,100,21,97
BER,2023,9,18,22,16.3,90.8,16.8,14.8,11.17,15.4,44.7,0.3,952.1,171,1.1,3,0,0,0,0,0,0,0,371,94,21,97
BER,2023,9,18,23,16.4,90.8,16.9,14.9,11.24,15.5,44.9,0.3,952.4,183,2,5.1,0,0,0,0,0,0,0,375,100,21,97
BER,2023,9,19,0,16.1,87.4,16,14,10.62,14.8,43.1,0.1,952.7,213,2.1,4.8,0,0,0,0,0,0,0,372,100,21,97
BER,2023,9,19,1,16,86.8,15.8,13.8,10.49,14.6,42.6,0.1,952.9,184,1.4,3.3,0,0,0,0,0,0,0,371,100,21,97
BER,2023,9,19,2,15.8,87.3,15.7,13.7,10.42,14.5,42.2,0,952.9,186,1.1,3.2,0,0,0,0,0,0,0,370,100,21,97
BER,2023,9,19,3,15.8,86.8,15.6,13.6,10.35,14.4,42.1,0,952.9,174,1,2.5,0,0,0,0,0,0,0,366,94,21,97
BER,2023,9,19,4,15.6,89.6,15.9,13.9,10.55,14.6,42.4,0,953.2,233,1.2,2.3,0,0,0,0,0,0,0,366,94,21,97
BER,2023,9,19,5,15.7,88.5,15.8,13.8,10.48,14.5,42.3,0.7,953.3,180,1.2,2.4,0,0,0,0,0,0,0,362,88,21,97
BER,2023,9,19,6,15.4,91.4,16,14,10.61,14.5,42.3,0.7,953.8,180,1.6,3,22,45,17,10,56,15,10,358,81,21,97
BER,2023,9,19,7,15.9,89.6,16.2,14.2,10.74,14.8,43.2,0,954.1,177,2,3.8,102,77,86,50,128,70,50,362,88,21,97
BER,2023,9,19,8,16.5,86.8,16.3,14.3,10.8,15.1,43.9,0,954.7,205,1.5,3.2,97,4,95,56,58,58,57,368,100,21,97
BER,2023,9,19,9,17,86.9,16.8,14.8,11.14,15.6,45.3,0,954.7,214,1.5,3.2,296,122,231,131,234,220,132,374,100,21,97
BER,2023,9,19,10,18.3,79,16.6,14.6,11.01,16,46.3,0,954.6,214,2.3,5.1,490,422,225,126,386,465,127,365,71,21,97
BER,2023,9,19,11,19.3,69.6,15.6,13.6,10.33,15.7,45.6,0,954.6,228,2.6,5.9,233,98,168,95,146,184,96,363,71,21,97
BER,2023,9,19,12,20.6,60.5,14.7,12.7,9.73,15.7,45.4,0,954.2,246,3.1,6,705,838,119,94,131,767,198,353,41,21,97
BER,2023,9,19,13,21.3,56.8,14.4,12.4,9.54,15.8,45.6,0,953.7,254,3.4,7,564,520,211,133,133,550,326,351,50,21,97
BER,2023,9,19,14,22,53,14,12,9.27,15.8,45.7,0,953.2,262,3.1,5.7,530,607,174,106,107,534,513,355,50,21,97
BER,2023,9,19,15,22,53,14,12,9.28,15.8,45.7,0,952.7,249,2.7,6.5,461,786,83,63,65,490,693,329,10,21,97
BER,2023,9,19,16,21.7,54.4,14.1,12.1,9.34,15.8,45.6,0,952.6,252,2.8,6.3,303,715,63,45,46,311,713,315,0,21,97
BER,2023,9,19,17,21.2,56.1,14.1,12.1,9.34,15.6,45.1,0,952.6,231,1.6,3.3,128,462,45,27,27,115,493,322,13,21,97
BER,2023,9,19,18,18.7,69,14.9,12.9,9.88,15.1,43.9,0,952.7,217,0.7,2.6,6,19,5,3,3,4,22,340,29,21,97
BER,2023,9,19,19,16.2,83.5,15.4,13.4,10.22,14.5,42.1,0,953.1,135,0.4,1,0,0,0,0,0,0,0,355,65,21,97
BER,2023,9,19,20,17.1,83,16.2,14.2,10.75,15.3,44.4,0,953.5,360,0.1,0.6,0,0,0,0,0,0,0,350,65,21,97
BER,2023,9,19,21,16.6,82.4,15.6,13.6,10.34,14.8,42.9,0,953.6,148,1,2.2,0,0,0,0,0,0,0,335,39,21,97
BER,2023,9,19,22,16,85.7,15.6,13.6,10.35,14.5,42.3,0,953.5,180,0.2,1.8,0,0,0,0,0,0,0,336,44,21,97
BER,2023,9,19,23,15.3,83.9,14.6,12.6,9.68,13.7,39.9,0,953.2,175,1.1,2.3,0,0,0,0,0,0,0,327,6,21,97
BER,2023,9,20,0,14.3,87.8,14.3,12.3,9.48,13.1,38.3,0,953,173,0.8,2.6,0,0,0,0,0,0,0,318,0,21,97
BER,2023,9,20,1,13.1,91.8,13.8,11.8,9.14,12.3,36.2,0,952.8,180,0.2,0.8,0,0,0,0,0,0,0,308,20,20,97
BER,2023,9,20,2,13.4,92.4,14.2,12.2,9.41,12.7,37.2,0,952.6,153,0.2,1,0,0,0,0,0,0,0,304,6,20,97
BER,2023,9,20,3,13,93,13.9,11.9,9.21,12.4,36.3,0,952.5,225,0.1,0.7,0,0,0,0,0,0,0,300,10,20,97
BER,2023,9,20,4,12.8,91.8,13.6,11.5,9.01,12,35.6,0,952.3,180,0.6,1.5,0,0,0,0,0,0,0,299,0,20,97
BER,2023,9,20,5,12.6,93,13.6,11.5,9.02,12,35.4,0,951.7,180,0.6,1.3,0,0,0,0,0,0,0,299,0,20,97
BER,2023,9,20,6,12.3,91.8,13.1,11,8.68,11.6,34.3,0,951.5,166,0.5,1.4,24,87,14,9,97,19,9,299,0,20,97
BER,2023,9,20,7,13.4,91.2,14,12,9.29,12.6,36.9,0,951.4,360,0.2,0.8,183,574,53,32,602,178,32,300,0,20,97
BER,2023,9,20,8,15.6,84.5,15,13,9.96,14,40.9,0,951.5,279,0.8,2,355,750,67,50,720,375,49,303,0,20,97
BER,2023,9,20,9,17.5,76.4,15.3,13.3,10.17,14.9,43.4,0,951.3,252,1.1,2.3,508,830,78,65,677,552,65,306,0,20,97
BER,2023,9,20,10,19,70.9,15.6,13.6,10.37,15.6,45.4,0,951.1,225,0.6,2.1,624,863,89,77,538,685,77,308,0,20,97
BER,2023,9,20,11,20.9,64.7,16,14,10.65,16.5,48.1,0,950.4,283,1.5,3.7,699,904,84,83,342,775,83,311,0,20,97
BER,2023,9,20,12,21.7,57.7,15,13,9.98,16.3,47.2,0,950,267,2.2,5.8,709,875,101,88,118,783,192,314,13,20,97
BER,2023,9,20,13,22.6,55.3,15.2,13.2,10.12,16.7,48.5,0,949.1,268,3,6.4,683,910,78,81,83,758,413,316,0,20,97
BER,2023,9,20,14,23.3,55.5,15.9,13.9,10.61,17.3,50.4,0,948.2,246,2.4,5.6,591,868,79,73,74,650,592,317,0,20,97
BER,2023,9,20,15,23.8,51.8,15.3,13.3,10.21,17.2,49.9,0,947.6,227,1.9,5.2,443,721,99,66,67,470,651,342,33,20,97
BER,2023,9,20,16,23.7,44.8,13.1,11,8.73,15.9,46,0,946.9,232,1.9,5.3,291,656,75,47,48,299,667,347,43,20,97
BER,2023,9,20,17,23.2,45.2,12.9,10.7,8.6,15.6,45.2,0,946.4,200,1.6,3.3,78,130,51,29,28,62,161,361,69,20,97
BER,2023,9,20,18,20.1,64.5,15.2,13.2,10.16,15.8,46,0,946.2,90,0.5,1.8,4,4,3,2,2,2,6,371,94,20,97
BER,2023,9,20,19,18.9,74.6,16.3,14.3,10.9,16,46.6,0,946.6,18,0.9,1.8,0,0,0,0,0,0,0,373,81,20,97
BER,2023,9,20,20,17.6,81.5,16.4,14.4,10.97,15.6,45.5,0,946.7,180,0.5,1.5,0,0,0,0,0,0,0,376,94,20,97
BER,2023,9,20,21,17.7,81.5,16.5,14.5,11.04,15.7,45.8,0,946.4,225,0.1,0.7,0,0,0,0,0,0,0,378,100,20,97
BER,2023,9,20,22,17.5,84.2,16.8,14.8,11.24,15.8,46.1,0,946.1,214,0.3,1,0,0,0,0,0,0,0,377,100,20,97
BER,2023,9,20,23,17.3,85.2,16.8,14.8,11.25,15.7,45.9,0,945.8,225,0.7,1.3,0,0,0,0,0,0,0,377,100,20,97
BER,2023,9,21,0,17.1,87.5,17,15,11.39,15.8,46,0,945.2,194,0.5,0.9,0,0,0,0,0,0,0,376,100,20,97
BER,2023,9,21,1,16.9,88,16.9,14.9,11.33,15.6,45.7,0,944.8,198,0.6,1.2,0,0,0,0,0,0,0,369,88,20,97
BER,2023,9,21,2,16.4,91.4,17,15,11.4,15.5,45.4,0,944.2,202,0.6,1.3,0,0,0,0,0,0,0,372,94,20,97
BER,2023,9,21,3,16.6,90.3,17,15,11.41,15.6,45.6,0,943.7,220,0.8,1.3,0,0,0,0,0,0,0,375,100,20,97
BER,2023,9,21,4,16.3,90.2,16.7,14.7,11.21,15.3,44.8,0,943.4,207,0.7,1.3,0,0,0,0,0,0,0,375,100,20,97
BER,2023,9,21,5,16.2,90.8,16.7,14.7,11.22,15.3,44.7,0,942.8,243,0.3,1.1,0,0,0,0,0,0,0,375,100,20,97
BER,2023,9,21,6,16.2,90.2,16.6,14.6,11.15,15.2,44.5,0,942.7,214,0.4,1.6,5,0,5,3,3,3,3,374,100,20,97
BER,2023,9,21,7,16.9,85.8,16.5,14.5,11.08,15.4,45.1,0,942.5,202,1.4,2.5,96,95,70,40,136,73,40,376,100,20,97
BER,2023,9,21,8,18.1,79,16.4,14.4,11.02,15.8,46.1,0,942.1,185,1.2,2.6,199,99,162,93,187,144,93,376,100,20,97
BER,2023,9,21,9,19.2,72.8,16.2,14.2,10.89,16.1,46.9,0,941.9,172,1.5,3.3,342,324,165,100,330,314,101,379,94,20,97
BER,2023,9,21,10,20.8,69,16.9,14.9,11.37,17,49.8,0,941.4,260,1.4,3.4,512,491,214,120,430,503,120,373,75,20,97
BER,2023,9,21,11,21.2,66.4,16.7,14.7,11.24,17,49.9,0,940.6,300,1.1,3.3,431,164,321,180,256,336,181,390,100,20,97
BER,2023,9,21,12,21.6,64.4,16.6,14.6,11.19,17.1,50.1,0,939.7,337,1.2,3.2,322,59,282,162,162,220,178,394,100,20,97
BER,2023,9,21,13,21.6,64.8,16.7,14.7,11.26,17.2,50.3,0,939.5,324,1.8,3.4,167,6,164,96,94,101,100,395,100,20,97
BER,2023,9,21,14,22.1,61.7,16.4,14.4,11.06,17.2,50.3,0,939,266,1.5,3.4,285,190,180,106,104,236,245,384,88,20,97
BER,2023,9,21,15,22.3,60.5,16.3,14.3,10.99,17.2,50.4,0,938.7,261,1.5,3.3,328,297,193,107,105,288,373,379,75,20,97
BER,2023,9,21,16,21.9,63.2,16.6,14.6,11.2,17.2,50.5,0,938.2,254,0.8,1.9,105,19,98,57,56,66,76,389,100,20,97
BER,2023,9,21,17,19.5,78.7,17.8,15.7,12.02,17,50.1,1.5,938.7,207,1.5,7,6,0,6,3,3,3,3,388,100,20,97
BER,2023,9,21,18,18.6,87,18.6,16.4,12.56,17.2,50.6,0.4,939.4,214,1.2,6.6,0,0,0,0,0,0,0,386,100,20,97
BER,2023,9,21,19,17.2,78.3,15.4,13.4,10.35,14.9,43.5,0.3,940.7,270,3,7.6,0,0,0,0,0,0,0,383,100,20,97
BER,2023,9,21,20,15.2,89,15.4,13.4,10.34,14.1,41.4,4.9,941.6,246,4.6,11.2,0,0,0,0,0,0,0,380,100,20,97
BER,2023,9,21,21,14.3,88.9,14.5,12.5,9.72,13.2,38.9,2,942.2,243,3,8.9,0,0,0,0,0,0,0,377,100,20,97
BER,2023,9,21,22,14.1,86,13.8,11.8,9.24,12.7,37.5,0.3,942.3,292,1.2,4.1,0,0,0,0,0,0,0,373,100,20,97
BER,2023,9,21,23,13.9,86.6,13.7,11.7,9.18,12.6,37.2,0.3,942,261,0.7,3.3,0,0,0,0,0,0,0,370,100,20,97
BER,2023,9,22,0,13.7,90.7,14.2,12.2,9.52,12.8,37.8,0.8,942.2,203,0.9,2.8,0,0,0,0,0,0,0,367,100,20,97
BER,2023,9,22,1,13.7,89.5,14,12,9.38,12.7,37.5,0.5,942,172,0.8,2.3,0,0,0,0,0,0,0,365,100,21,97
BER,2023,9,22,2,13.8,90.1,14.2,12.2,9.52,12.8,37.9,0.4,942,158,1.1,2.6,0,0,0,0,0,0,0,364,100,21,97
BER,2023,9,22,3,13.8,90.1,14.2,12.2,9.52,12.8,37.9,0.6,941.6,167,1.4,2.6,0,0,0,0,0,0,0,363,100,21,97
BER,2023,9,22,4,13.7,90.1,14.1,12.1,9.45,12.8,37.6,0.1,941.9,193,1,2.1,0,0,0,0,0,0,0,362,100,21,97
BER,2023,9,22,5,13.6,90,14,12,9.38,12.7,37.4,1.4,942.5,199,2.5,7.3,0,0,0,0,0,0,0,361,100,21,97
BER,2023,9,22,6,13.5,86,13.3,11.2,8.9,12.2,36.1,0.1,942.4,180,1,4,5,0,5,3,3,3,3,360,100,21,97
BER,2023,9,22,7,13.5,88.9,13.7,11.7,9.17,12.4,36.7,0.1,942.7,135,0.6,1.6,70,25,64,37,61,46,37,360,100,21,97
BER,2023,9,22,8,13.9,84.9,13.5,11.4,9.03,12.4,36.8,0,943,166,0.8,2.3,279,370,145,81,434,259,81,350,81,21,97
BER,2023,9,22,9,14.8,81.7,13.7,11.7,9.16,13,38,0,943.5,217,1.1,3.5,448,573,158,93,548,462,93,345,75,21,97
BER,2023,9,22,10,15.9,70.8,12.8,10.6,8.55,12.8,37.6,0,943.5,230,2.8,5.2,572,692,148,100,482,614,100,345,71,21,97
BER,2023,9,22,11,16.8,64.2,12.3,10,8.22,12.9,37.7,0,943.1,228,3.3,8.1,389,120,309,177,233,291,177,349,75,21,97
BER,2023,9,22,12,18.1,54.9,11.4,8.9,7.61,12.8,37.5,0,942.9,241,4.4,10,615,653,168,118,123,651,229,340,54,21,97
BER,2023,9,22,13,18.9,53.3,11.6,9.2,7.75,13.3,38.7,0,942.7,237,5.1,10.7,657,835,112,91,93,735,416,335,43,21,97
BER,2023,9,22,14,19.4,44.8,10.1,7.1,6.73,12.5,36.6,0,942.9,229,6.6,14.3,485,477,213,120,119,479,460,338,48,21,97
BER,2023,9,22,15,19.5,41.8,9.5,6.2,6.33,12.2,35.7,0,942.9,230,5.1,11.4,452,828,68,59,61,508,715,324,25,21,97
BER,2023,9,22,16,19.3,47.3,10.6,7.8,7.07,12.8,37.3,0,943.2,251,3.9,9.3,264,545,81,52,52,275,560,310,29,21,97
BER,2023,9,22,17,17.8,53.4,10.9,8.2,7.27,12.4,36.3,0,943.9,237,3.4,8.1,116,398,56,31,31,109,437,319,40,21,97
BER,2023,9,22,18,15.2,62.1,10.7,8,7.12,11.2,33.3,0,945.4,276,3.3,9.8,5,29,4,2,2,4,32,344,78,21,97
BER,2023,9,22,19,13.9,67.5,10.7,8,7.11,10.7,31.9,0,946.6,235,3.2,7.8,0,0,0,0,0,0,0,349,88,21,97
BER,2023,9,22,20,12.1,82.4,11.6,9.2,7.71,10.5,31.6,0,947.5,233,3.1,7.3,0,0,0,0,0,0,0,355,100,21,97
BER,2023,9,22,21,11.7,84.6,11.6,9.2,7.7,10.3,31.2,0.3,948.3,215,2,5.3,0,0,0,0,0,0,0,354,100,21,97
BER,2023,9,22,22,11.8,84.6,11.7,9.3,7.77,10.4,31.4,0,948.9,204,1.2,2.3,0,0,0,0,0,0,0,352,100,21,97
BER,2023,9,22,23,11.8,85.2,11.8,9.4,7.83,10.5,31.6,0,949.2,207,0.7,1.5,0,0,0,0,0,0,0,351,100,21,97
BER,2023,9,23,0,11.9,84.7,11.8,9.4,7.83,10.5,31.7,0,949.5,188,0.7,1.8,0,0,0,0,0,0,0,350,100,21,97
BER,2023,9,23,1,11.9,85.2,11.9,9.5,7.89,10.6,31.9,0,949.7,180,0.4,1.3,0,0,0,0,0,0,0,348,100,21,97
BER,2023,9,23,2,12,85.8,12,9.7,7.96,10.7,32.1,0,950.1,157,0.8,1.8,0,0,0,0,0,0,0,343,94,21,97
BER,2023,9,23,3,11.9,86.4,12,9.7,7.95,10.7,32,0,950.5,173,0.8,1.7,0,0,0,0,0,0,0,342,94,21,97
BER,2023,9,23,4,11.7,86.4,11.9,9.5,7.88,10.5,31.6,0,950.9,219,0.7,2.3,0,0,0,0,0,0,0,346,100,21,97
BER,2023,9,23,5,11,84.6,11.1,8.5,7.34,9.6,29.6,0.7,951.4,336,1.8,6,0,0,0,0,0,0,0,345,100,21,97
BER,2023,9,23,6,10.4,87.4,11,8.4,7.27,9.3,28.8,0.3,952.1,150,1.5,2.8,19,44,14,8,53,15,9,339,94,21,97
BER,2023,9,23,7,10.9,85.1,11.1,8.5,7.33,9.6,29.4,0,952.8,160,1.5,3.1,79,32,73,43,75,50,44,344,100,21,97
BER,2023,9,23,8,11.8,80.2,11.1,8.5,7.33,10,30.3,0,953.6,151,2.3,3.9,197,76,168,98,170,140,99,346,100,21,97
BER,2023,9,23,9,13,76.7,11.5,9,7.59,10.8,32.2,0,954.1,147,2.4,5.5,355,247,230,129,337,306,129,334,81,21,97
BER,2023,9,23,10,14.3,68.6,11.2,8.6,7.39,11.1,33,0,954.2,139,2.2,4.1,458,354,237,137,340,431,138,345,88,21,97
BER,2023,9,23,11,14.8,62.4,10.5,7.7,6.92,10.9,32.4,0,954.3,148,2.6,4.8,550,438,261,149,335,537,149,347,78,21,97
BER,2023,9,23,12,15,58.8,10,7,6.59,10.7,31.7,0,954.3,143,1.1,3.2,387,82,331,193,191,274,220,354,100,21,97
BER,2023,9,23,13,16.1,52.9,9.7,6.5,6.39,10.9,32.4,0,954.3,236,1,3.5,502,425,230,138,137,488,346,345,74,21,97
BER,2023,9,23,14,15.3,58,10.1,7.1,6.65,10.8,32.2,0,954.8,316,3.2,7.5,285,120,213,123,121,224,202,349,90,21,97
BER,2023,9,23,15,15.1,55.2,9.5,6.2,6.25,10.3,31,0,955,40,1.2,3.3,61,0,61,36,35,36,36,353,100,21,97
BER,2023,9,23,16,15.3,57.6,10,7,6.58,10.8,32,0,955.7,16,0.8,2,87,2,86,51,50,52,53,352,100,21,97
BER,2023,9,23,17,14.4,69,11.3,8.8,7.44,11.3,33.3,0,956.3,23,1.5,2.6,65,117,51,30,29,50,149,341,88,21,97
BER,2023,9,23,18,13.8,72.3,11.4,8.9,7.5,11.1,32.8,0,956.8,58,1.4,2.7,0,0,0,0,0,0,0,345,84,21,97
BER,2023,9,23,19,12.8,79.8,11.8,9.4,7.76,10.9,32.5,0,957.6,342,0.5,1.5,0,0,0,0,0,0,0,344,88,21,97
BER,2023,9,23,20,11.6,88.1,12,9.7,7.89,10.5,31.6,0,958.2,14,0.9,1.5,0,0,0,0,0,0,0,337,74,21,97
BER,2023,9,23,21,12,87,12.2,9.9,8.02,10.8,32.3,0,958.8,20,1.2,1.9,0,0,0,0,0,0,0,344,94,21,97
BER,2023,9,23,22,11.7,87.5,12,9.7,7.88,10.6,31.6,0,959.1,41,1.3,2.2,0,0,0,0,0,0,0,325,51,21,97
BER,2023,9,23,23,11.2,88.7,11.8,9.4,7.75,10.2,30.8,0,959,63,0.4,1.3,0,0,0,0,0,0,0,311,29,21,97
BER,2023,9,24,0,10.5,90.4,11.5,9,7.55,9.7,29.6,0,959.2,90,0.1,1.2,0,0,0,0,0,0,0,308,40,21,97
BER,2023,9,24,1,9.4,91.6,10.8,8.1,7.08,8.7,27.3,0,959.3,135,0.2,0.9,0,0,0,0,0,0,0,260,0,21,97
BER,2023,9,24,2,8.7,92.8,10.4,7.6,6.82,8.1,25.9,0,959.3,135,0.1,0.8,0,0,0,0,0,0,0,258,0,21,97
BER,2023,9,24,3,7.8,93.4,9.9,6.8,6.48,7.3,24.1,0,959.6,90,0.3,1.2,0,0,0,0,0,0,0,256,0,21,97
BER,2023,9,24,4,7,94.6,9.5,6.2,6.22,6.6,22.7,0,959.7,11,0.5,1.1,0,0,0,0,0,0,0,255,0,21,97
BER,2023,9,24,5,6.6,95.3,9.3,5.9,6.09,6.3,21.9,0,959.9,11,0.6,1.8,0,0,0,0,0,0,0,253,0,21,97
BER,2023,9,24,6,6.8,94,9.3,5.9,6.08,6.4,22.1,0,960.3,17,1.1,2,21,79,13,8,89,19,8,261,0,21,97
BER,2023,9,24,7,8.2,92.8,10.1,7.1,6.61,7.6,24.9,0,960.6,11,1.1,2,178,592,52,32,618,196,32,251,0,21,97
BER,2023,9,24,8,10.6,85.1,10.9,8.2,7.14,9.3,28.6,0,960.7,7,0.9,1.7,355,785,66,50,749,407,50,253,0,21,97
BER,2023,9,24,9,12.5,79.2,11.5,9,7.54,10.6,31.6,0,960.5,15,2.1,4.6,510,857,80,67,696,589,66,256,0,21,97
BER,2023,9,24,10,14.8,70.5,11.9,9.5,7.81,11.8,34.6,0,960.1,31,3.5,8.2,629,897,89,79,553,730,79,258,0,21,97
BER,2023,9,24,11,16.7,60.4,11.5,9,7.54,12.3,35.9,0,959.9,38,4.7,9,705,935,86,86,347,822,85,261,0,21,97
BER,2023,9,24,12,17.3,57.4,11.3,8.8,7.41,12.5,36.2,0,959.4,35,5.3,9.7,718,923,95,89,118,835,199,269,6,21,97
BER,2023,9,24,13,18.1,53.4,11.1,8.5,7.29,12.6,36.7,0,958.8,46,4.8,10,680,917,91,84,87,792,433,265,0,21,97
BER,2023,9,24,14,18.4,52.4,11.1,8.5,7.29,12.8,37,0,958.3,51,4.7,8.7,591,897,81,74,76,687,618,264,0,21,97
BER,2023,9,24,15,18.5,52.5,11.2,8.6,7.36,12.8,37.3,0,958,50,4.8,9.5,451,819,80,62,63,520,720,263,0,21,97
BER,2023,9,24,16,18.1,51,10.6,7.8,6.96,12.3,35.8,0,957.9,52,4.5,10.4,284,708,67,44,45,322,710,262,0,21,97
BER,2023,9,24,17,17.2,55,10.8,8.1,7.09,12.1,35.3,0,958.2,44,3.8,7.9,109,458,39,23,23,118,483,261,0,21,97
BER,2023,9,24,18,15,66.4,11.3,8.8,7.42,11.5,33.9,0,958,37,2.5,4.9,0,0,0,0,0,0,0,260,0,21,97
BER,2023,9,24,19,13.2,75.2,11.4,8.9,7.49,10.8,32.2,0,958.2,29,2.6,4.1,0,0,0,0,0,0,0,259,0,21,97
BER,2023,9,24,20,12,80.8,11.3,8.8,7.42,10.2,30.8,0,958.4,354,1.1,3.1,0,0,0,0,0,0,0,256,0,21,97
BER,2023,9,24,21,10.4,88,11.1,8.5,7.29,9.4,28.8,0,958.3,16,1.5,2.6,0,0,0,0,0,0,0,253,0,21,97
BER,2023,9,24,22,9.5,90.3,10.7,8,7.02,8.7,27.2,0,958.4,22,0.6,2.1,0,0,0,0,0,0,0,262,0,21,97
BER,2023,9,24,23,8.8,92.8,10.5,7.7,6.89,8.2,26.2,0,958.6,18,0.4,1.3,0,0,0,0,0,0,0,272,0,21,97
BER,2023,9,25,0,8.3,94,10.3,7.4,6.76,7.8,25.3,0,958.5,0,0,0.5,0,0,0,0,0,0,0,269,13,21,97
BER,2023,9,25,1,7.6,94,9.8,6.7,6.43,7.1,23.8,0,958.5,360,0.1,0.7,0,0,0,0,0,0,0,243,0,21,97
BER,2023,9,25,2,7.2,94.6,9.6,6.4,6.29,6.8,23,0,958.3,360,0.2,0.8,0,0,0,0,0,0,0,241,0,21,97
BER,2023,9,25,3,6.9,95.3,9.5,6.2,6.23,6.5,22.6,0,958.2,45,0.1,0.8,0,0,0,0,0,0,0,240,0,21,97
BER,2023,9,25,4,6.7,94.6,9.3,5.9,6.1,6.3,22,0,958.3,18,0.3,0.9,0,0,0,0,0,0,0,239,0,21,97
BER,2023,9,25,5,6.5,95.3,9.2,5.8,6.03,6.2,21.7,0,958.5,225,0.2,0.6,0,0,0,0,0,0,0,237,0,21,97
BER,2023,9,25,6,6.5,94,9.1,5.6,5.96,6.1,21.5,0,958.7,225,0.3,1.2,10,0,10,7,7,7,8,242,13,21,97
BER,2023,9,25,7,8,92.1,9.9,6.8,6.49,7.4,24.4,0,958.9,270,0.2,0.9,179,607,52,32,633,204,32,236,0,21,97
BER,2023,9,25,8,10.6,85.1,10.9,8.2,7.15,9.3,28.7,0,958.9,288,0.6,1.8,357,788,70,52,755,417,51,241,0,21,97
BER,2023,9,25,9,13.1,73.6,11.1,8.5,7.28,10.6,31.6,0,959.1,207,1.1,2.4,512,859,84,69,701,601,69,246,0,21,97
BER,2023,9,25,10,15,69.2,11.8,9.4,7.75,11.8,34.7,0,958.9,219,0.9,2.3,634,912,88,81,561,747,81,250,0,21,97
BER,2023,9,25,11,16.7,63.7,12.1,9.8,7.95,12.7,36.9,0,958.8,261,1.3,2.7,710,956,82,87,351,841,87,255,0,21,97
BER,2023,9,25,12,18.2,56.8,11.9,9.5,7.82,13.2,38.1,0,958.6,225,1,2.6,719,926,98,91,120,847,205,269,6,21,97
BER,2023,9,25,13,19.3,54.1,12.1,9.8,7.95,13.7,39.6,0,958.4,214,1,2.6,681,925,91,86,89,804,440,266,0,21,97
BER,2023,9,25,14,20.3,51.6,12.3,10,8.09,14.2,40.9,0,958.2,349,1.5,4.5,588,896,85,76,78,694,623,264,0,21,97
BER,2023,9,25,15,20.5,51.6,12.4,10.2,8.16,14.4,41.3,0,958.1,356,1.6,3.9,448,826,80,62,64,527,726,264,0,21,97
BER,2023,9,25,16,20,49.8,11.6,9.2,7.62,13.7,39.5,0,957.9,28,1.8,3.4,280,713,66,44,45,327,715,265,0,21,97
BER,2023,9,25,17,18.9,54.4,11.9,9.5,7.82,13.4,38.8,0,958,16,1.5,3,105,453,39,23,23,118,479,265,0,21,97
BER,2023,9,25,18,15.9,71.2,12.9,10.7,8.49,12.9,37.5,0,958.1,36,1.8,3.2,0,0,0,0,0,0,0,266,0,21,97
BER,2023,9,25,19,12.9,85.3,12.7,10.5,8.35,11.5,34.1,0,958.4,17,1.1,2.1,0,0,0,0,0,0,0,266,0,21,97
BER,2023,9,25,20,12.1,88.2,12.4,10.2,8.15,11,32.7,0,958.7,18,0.3,1.5,0,0,0,0,0,0,0,265,0,21,97
BER,2023,9,25,21,11.3,91.1,12.2,9.9,8.02,10.5,31.6,0,958.7,225,0.2,0.9,0,0,0,0,0,0,0,265,0,21,97
BER,2023,9,25,22,10.9,92.3,12,9.7,7.88,10.2,30.8,0,958.7,0,0.5,1.1,0,0,0,0,0,0,0,264,0,21,97
BER,2023,9,25,23,10.1,92.2,11.4,8.9,7.48,9.4,29,0,958.9,180,0.4,1.3,0,0,0,0,0,0,0,263,0,21,97
BER,2023,9,26,0,10.1,92.9,11.5,9,7.55,9.5,29.2,0,958.7,180,0.7,1.3,0,0,0,0,0,0,0,263,19,21,97
BER,2023,9,26,1,9.8,93.5,11.3,8.8,7.42,9.3,28.5,0,958.8,207,0.9,1.9,0,0,0,0,0,0,0,262,0,21,97
BER,2023,9,26,2,9.2,95.4,11.1,8.5,7.29,8.8,27.6,0,958.5,198,0.3,0.9,0,0,0,0,0,0,0,262,0,21,97
BER,2023,9,26,3,8.8,94.7,10.7,8,7.02,8.4,26.5,0,958.5,189,0.6,1,0,0,0,0,0,0,0,261,0,21,97
BER,2023,9,26,4,8.5,94.7,10.5,7.7,6.89,8.1,25.9,0,958.4,203,0.9,1.7,0,0,0,0,0,0,0,261,0,21,97
BER,2023,9,26,5,7.9,94.7,10.1,7.1,6.63,7.5,24.6,0,958.2,210,0.8,1.4,0,0,0,0,0,0,0,260,0,21,97
BER,2023,9,26,6,8.1,93.4,10.1,7.1,6.62,7.6,24.8,0,958.6,207,0.3,0.8,10,0,10,7,7,7,7,265,6,21,97
BER,2023,9,26,7,9.7,89.7,10.8,8.1,7.09,8.8,27.6,0,958.6,191,1,2.4,170,581,50,31,604,199,31,261,0,21,97
BER,2023,9,26,8,12.9,77.2,11.5,9,7.55,10.7,32,0,958.7,194,1.7,3.3,345,771,67,49,734,409,49,266,0,21,97
BER,2023,9,26,9,15,66.4,11.3,8.8,7.42,11.5,33.8,0,958.6,209,1.3,2.9,499,851,79,66,688,593,65,271,0,21,97
BER,2023,9,26,10,16.7,64.2,12.2,9.9,8.02,12.8,37.1,0,958.4,236,0.8,2.5,619,908,81,77,547,739,77,276,0,21,97
BER,2023,9,26,11,18.5,58.8,12.5,10.3,8.22,13.7,39.4,0,958,225,1,2.8,692,938,80,84,340,826,83,280,0,21,97
BER,2023,9,26,12,20,52.2,12.2,9.9,8.03,14,40.5,0,957.5,288,0.9,5.8,695,886,106,90,119,822,203,291,6,21,97
BER,2023,9,26,13,21.5,48.5,12.4,10.2,8.17,14.8,42.4,0,957,309,1.5,4.2,662,904,90,83,85,787,429,289,0,21,97
BER,2023,9,26,14,22,44.9,11.9,9.5,7.83,14.6,42,0,956.8,290,1.4,3.5,571,879,82,73,75,681,608,288,0,21,97
BER,2023,9,26,15,22.6,44.5,12.2,9.9,8.04,15,43.2,0,956.6,301,0.9,3.1,431,796,81,60,62,512,702,288,0,21,97
BER,2023,9,26,16,22,50.3,13.3,11.2,8.77,15.4,44.4,0,956.7,332,1.6,3.3,266,672,67,43,44,313,677,288,0,21,97
BER,2023,9,26,17,20.2,58.1,13.7,11.7,9.03,15,43.2,0,957,360,1.6,3.3,98,432,38,22,22,114,456,288,0,21,97
BER,2023,9,26,18,16.5,75.2,14.1,12.1,9.3,13.9,40.1,0,957.5,17,1.4,2,0,0,0,0,0,0,0,293,13,21,97
BER,2023,9,26,19,14.4,84.4,13.8,11.8,9.09,12.9,37.5,0,957.9,14,0.4,1.3,0,0,0,0,0,0,0,298,19,21,97
BER,2023,9,26,20,13.6,86.5,13.5,11.4,8.89,12.3,36.1,0,958.2,0,0,0.6,0,0,0,0,0,0,0,284,0,21,97
BER,2023,9,26,21,13,88.8,13.3,11.2,8.76,12,35.2,0,958.1,225,0.1,1,0,0,0,0,0,0,0,282,0,21,97
BER,2023,9,26,22,12.2,89.9,12.8,10.6,8.42,11.3,33.5,0,958.1,207,0.4,1.2,0,0,0,0,0,0,0,280,0,21,97
BER,2023,9,26,23,11.9,91.7,12.8,10.6,8.42,11.2,33.2,0,957.8,146,0.4,1.2,0,0,0,0,0,0,0,277,10,21,97
BER,2023,9,27,0,11,92.9,12.2,9.9,8.02,10.4,31.3,0,957.9,225,0.4,1.4,0,0,0,0,0,0,0,308,46,21,97
BER,2023,9,27,1,10.6,94.8,12.1,9.8,7.96,10.2,30.7,0,957.7,188,0.9,1.9,0,0,0,0,0,0,0,316,56,21,97
BER,2023,9,27,2,10.4,93.5,11.8,9.4,7.76,9.8,30,0,957.8,189,0.7,1.3,0,0,0,0,0,0,0,313,50,21,97
BER,2023,9,27,3,9.8,93.5,11.3,8.8,7.43,9.3,28.5,0,957.8,196,0.9,1.9,0,0,0,0,0,0,0,270,0,21,97
BER,2023,9,27,4,9.6,92.8,11.1,8.5,7.29,9,28,0,958.1,146,0.5,1.3,0,0,0,0,0,0,0,269,0,21,97
BER,2023,9,27,5,9,93.4,10.7,8,7.02,8.5,26.7,0,958.1,217,0.5,1.3,0,0,0,0,0,0,0,268,0,21,97
BER,2023,9,27,6,8.6,94.1,10.5,7.7,6.89,8.1,26,0,958,225,0.5,1.2,10,0,10,7,7,7,7,266,0,21,97
BER,2023,9,27,7,9.7,91.6,11,8.4,7.22,9,27.9,0,958.1,315,0.4,1.4,166,588,48,30,609,201,30,278,13,21,97
BER,2023,9,27,8,12.6,83.6,12.2,9.9,8.03,11.1,32.9,0,957.7,225,0.3,1.6,337,749,70,50,718,406,50,271,0,21,97
BER,2023,9,27,9,15.8,73.6,13.2,11.1,8.7,13,37.9,0,957.3,360,0.3,1.5,489,827,85,67,675,588,67,276,0,21,97
BER,2023,9,27,10,18.1,63.2,13.1,11,8.63,13.9,40.1,0,956.9,4,1.6,3.8,609,885,88,79,541,733,78,286,0,21,97
BER,2023,9,27,11,19.7,57.2,13.1,11,8.64,14.5,41.7,0,956.5,22,2.3,4.7,682,921,86,85,338,823,85,312,13,21,97
BER,2023,9,27,12,20.9,51.4,12.7,10.5,8.38,14.7,42.3,0,955.8,7,1.7,3.5,697,924,88,87,114,841,197,327,35,21,97
BER,2023,9,27,13,22.2,47.8,12.8,10.6,8.45,15.2,43.8,0,955.2,4,1.6,3.6,656,907,87,83,85,791,429,323,29,21,97
BER,2023,9,27,14,23,43.7,12.3,10,8.12,15.2,43.8,0,954.8,355,1.4,3.1,553,824,100,77,78,661,593,314,29,21,97
BER,2023,9,27,15,23.1,43.4,12.3,10,8.12,15.2,43.9,0,954.5,349,1.2,2.5,432,805,83,61,62,521,714,320,36,21,97
BER,2023,9,27,16,22.5,48.2,13.1,11,8.65,15.5,44.6,0,954.6,29,1.3,2.3,257,616,76,47,47,303,629,339,48,21,97
BER,2023,9,27,17,20.8,58.2,14.3,12.3,9.45,15.6,44.9,0,955.2,304,1.1,2.3,86,334,41,24,23,96,361,331,43,21,97
BER,2023,9,27,18,16.8,78.3,15,13,9.92,14.5,42,0,955.2,45,0.3,0.9,0,0,0,0,0,0,0,316,29,21,97
BER,2023,9,27,19,15.3,84.5,14.7,12.7,9.72,13.7,40,0,955.5,135,0.2,1.1,0,0,0,0,0,0,0,316,29,21,97
BER,2023,9,27,20,14.6,85,14.1,12.1,9.31,13.1,38.2,0,955.7,198,0.6,2,0,0,0,0,0,0,0,328,41,21,97
BER,2023,9,27,21,14,86.6,13.8,11.8,9.11,12.7,37.1,0,955.9,189,0.7,1.7,0,0,0,0,0,0,0,354,78,21,97
BER,2023,9,27,22,13.2,91.2,13.8,11.8,9.11,12.4,36.3,0,955.9,180,0.6,1.3,0,0,0,0,0,0,0,352,78,21,97
BER,2023,9,27,23,12.9,90.6,13.5,11.4,8.91,12,35.5,0,955.9,214,0.4,1.4,0,0,0,0,0,0,0,367,100,21,97
BER,2023,9,28,0,12.9,90.6,13.5,11.4,8.91,12,35.5,0,956.1,207,0.5,1.5,0,0,0,0,0,0,0,364,100,21,97
BER,2023,9,28,1,12.9,89.4,13.3,11.2,8.77,11.9,35.1,0,956.1,194,0.4,2,0,0,0,0,0,0,0,363,94,21,97
BER,2023,9,28,2,12.9,88.8,13.2,11.1,8.71,11.9,35,0,955.9,196,0.9,2.9,0,0,0,0,0,0,0,358,94,21,97
BER,2023,9,28,3,12.6,89.4,13,10.9,8.57,11.6,34.3,0,956.2,214,0.6,2.6,0,0,0,0,0,0,0,362,100,21,97
BER,2023,9,28,4,12.5,90.6,13.1,11,8.64,11.6,34.4,0,956.4,198,0.8,1.6,0,0,0,0,0,0,0,361,100,21,97
BER,2023,9,28,5,12,91.1,12.8,10.6,8.44,11.2,33.3,0,956.4,203,0.9,1.6,0,0,0,0,0,0,0,345,78,21,97
BER,2023,9,28,6,11.9,91.7,12.8,10.6,8.43,11.2,33.2,0,956.7,270,0.1,0.9,10,0,10,6,6,6,6,333,63,21,97
BER,2023,9,28,7,13,88.2,13.2,11.1,8.7,11.9,35,0,957,216,1.1,4.3,147,453,57,34,480,172,34,322,48,21,97
BER,2023,9,28,8,15.7,76.1,13.6,11.5,8.97,13.2,38.5,0,957,186,1.1,2.6,308,629,92,57,629,361,57,328,51,21,97
BER,2023,9,28,9,18.4,65.4,13.8,11.8,9.1,14.4,41.6,0,957,188,0.9,2.8,463,755,96,68,624,555,68,328,39,21,97
BER,2023,9,28,10,20.2,58.1,13.7,11.7,9.04,15,43.2,0,956.8,342,0.6,1.5,592,877,80,75,526,721,75,328,33,21,97
BER,2023,9,28,11,21.8,48.9,12.8,10.6,8.44,15.1,43.4,0,956.6,304,0.5,1.7,575,564,214,120,330,627,120,363,71,21,97
BER,2023,9,28,12,23.4,46.8,13.5,11.4,8.91,16,46.2,0,956,292,0.8,2.3,664,856,104,87,114,800,196,354,53,21,97
BER,2023,9,28,13,24.3,45.6,13.8,11.8,9.11,16.5,47.6,0,955.7,6,1.3,3.6,621,824,108,85,87,745,409,348,43,21,97
BER,2023,9,28,14,24.8,43.9,13.7,11.7,9.05,16.7,48,0,955.3,25,1.5,3.8,544,859,77,70,72,666,591,330,33,21,97
BER,2023,9,28,15,25.1,42.6,13.6,11.5,8.99,16.7,48.1,0,954.9,15,1.7,4.1,408,778,74,57,58,500,682,319,6,21,97
BER,2023,9,28,16,24.7,40.3,12.5,10.3,8.25,15.9,45.9,0,954.7,22,1.7,3,241,595,68,43,44,291,602,342,43,21,97
BER,2023,9,28,17,22.1,50.7,13.5,11.4,8.92,15.6,44.9,0,954.8,24,1,2.1,81,346,34,20,20,99,366,330,33,21,97
BER,2023,9,28,18,17.9,71.1,14.6,12.6,9.65,14.7,42.5,0,955.2,6,0.9,1.6,0,0,0,0,0,0,0,315,0,21,97
BER,2023,9,28,19,17.1,74.3,14.5,12.5,9.58,14.3,41.5,0,956.1,162,0.5,1.4,0,0,0,0,0,0,0,314,0,21,97
BER,2023,9,28,20,15.5,80.2,14.1,12.1,9.31,13.5,39.1,0,956.4,187,0.8,1.8,0,0,0,0,0,0,0,313,0,21,97
BER,2023,9,28,21,15.1,83.9,14.4,12.4,9.51,13.5,39.2,0,956.7,207,0.5,1.4,0,0,0,0,0,0,0,311,0,21,97
BER,2023,9,28,22,14.2,87.2,14.1,12.1,9.3,13,37.8,0,956.9,204,1,2.1,0,0,0,0,0,0,0,310,0,21,97
BER,2023,9,28,23,13.5,90,13.9,11.9,9.17,12.6,36.7,0,957.1,194,0.8,1.7,0,0,0,0,0,0,0,309,0,21,97
BER,2023,9,29,0,13.1,91.8,13.8,11.8,9.1,12.3,36.1,0,957.3,188,0.7,1.6,0,0,0,0,0,0,0,332,43,21,97
BER,2023,9,29,1,12.8,90,13.3,11.2,8.76,11.9,35,0,957.4,195,1.2,2.5,0,0,0,0,0,0,0,323,28,21,97
BER,2023,9,29,2,12.2,91.8,13,10.9,8.56,11.5,33.9,0,957.3,194,0.9,2.7,0,0,0,0,0,0,0,308,0,21,97
BER,2023,9,29,3,11.9,91.1,12.7,10.5,8.36,11.1,33.1,0,957.3,212,1.1,3.1,0,0,0,0,0,0,0,316,0,21,97
BER,2023,9,29,4,11.6,91.7,12.5,10.3,8.23,10.9,32.4,0,957.7,198,0.7,1.7,0,0,0,0,0,0,0,319,6,21,97
BER,2023,9,29,5,11.1,92.9,12.3,10,8.09,10.5,31.6,0,957.9,207,0.5,1.1,0,0,0,0,0,0,0,311,0,21,97
BER,2023,9,29,6,11.2,91.7,12.2,9.9,8.02,10.5,31.5,0,958.5,180,0.1,0.8,6,0,6,4,4,4,4,313,0,21,97
BER,2023,9,29,7,12.3,88.2,12.6,10.4,8.28,11.2,33.3,0,959.1,225,0.8,1.8,144,483,50,30,505,178,30,315,0,21,97
BER,2023,9,29,8,15.5,79.1,13.9,11.9,9.15,13.4,38.7,0,959.2,219,1.4,2.2,314,716,65,47,680,392,47,331,23,21,97
BER,2023,9,29,9,18.5,62.9,13.4,11.3,8.81,14.2,40.9,0,959.3,198,1.4,2.7,458,792,77,64,637,566,63,330,13,21,97
BER,2023,9,29,10,20.5,56.3,13.6,11.5,8.95,15,43.3,0,959.1,204,1.3,2.8,571,841,84,75,510,703,75,328,0,21,97
BER,2023,9,29,11,22.4,53.2,14.4,12.4,9.48,16.2,46.6,0,958.8,255,1.8,5.1,643,886,78,81,316,793,80,332,0,21,97
BER,2023,9,29,12,23.9,52.2,15.5,13.5,10.23,17.3,50.1,0,958.3,252,2.4,6,647,846,98,86,111,790,193,345,6,21,97
BER,2023,9,29,13,24.6,51,15.8,13.8,10.43,17.7,51.3,0,957.9,245,3,7.2,461,468,167,108,107,499,281,376,60,21,97
BER,2023,9,29,14,25.8,50.7,16.8,14.8,11.1,18.6,54.3,0,957.8,245,3.2,8.7,378,304,213,124,122,362,332,386,75,21,97
BER,2023,9,29,15,25.5,51.2,16.7,14.7,11.04,18.5,53.8,0,957.8,253,3.5,7.9,278,253,173,100,98,258,320,395,75,21,97
BER,2023,9,29,16,24.7,53.4,16.6,14.6,10.97,18.2,52.8,0,958.2,268,3.3,7.8,89,20,85,50,49,57,70,392,94,21,97
BER,2023,9,29,17,23.3,49,14,12,9.21,16.3,46.9,0,959,270,2.5,6.7,34,91,25,15,14,33,107,376,78,21,97
BER,2023,9,29,18,21,57.9,14.4,12.4,9.48,15.7,45.2,0,959.4,252,0.7,3.3,0,0,0,0,0,0,0,368,66,21,97
BER,2023,9,29,19,18.6,69,14.8,12.8,9.74,15,43.4,0,960,153,0.6,1.8,0,0,0,0,0,0,0,345,25,21,97
BER,2023,9,29,20,18,72.6,15,13,9.87,14.9,43.1,0,960.6,149,0.6,1.6,0,0,0,0,0,0,0,359,60,21,97
BER,2023,9,29,21,17.7,74,15,13,9.86,14.8,42.8,0,961.1,166,0.8,1.8,0,0,0,0,0,0,0,357,50,21,97
BER,2023,9,29,22,16.4,80.3,15,13,9.86,14.3,41.4,0,961.2,68,1,2.1,0,0,0,0,0,0,0,345,41,21,97
BER,2023,9,29,23,16.9,79.8,15.4,13.4,10.13,14.7,42.6,0,961.2,31,0.8,1.8,0,0,0,0,0,0,0,359,70,21,97
BER,2023,9,30,0,17,79.9,15.5,13.5,10.19,14.8,42.9,0,961.2,24,1.3,1.8,0,0,0,0,0,0,0,373,100,21,97
BER,2023,9,30,1,16.9,78.8,15.2,13.2,10,14.6,42.3,0,961.1,10,1.2,2,0,0,0,0,0,0,0,361,60,21,97
BER,2023,9,30,2,16.6,82.4,15.6,13.6,10.27,14.8,42.7,0,960.8,360,0.6,1.6,0,0,0,0,0,0,0,354,60,21,97
BER,2023,9,30,3,16.5,83.5,15.7,13.7,10.33,14.8,42.7,0,960.7,18,1.3,2.4,0,0,0,0,0,0,0,336,34,21,97
BER,2023,9,30,4,16.3,84.6,15.7,13.7,10.33,14.7,42.5,0,960.9,13,1.9,3.7,0,0,0,0,0,0,0,339,51,21,97
BER,2023,9,30,5,16,85.7,15.6,13.6,10.26,14.5,42.1,0,960.9,16,1.9,3.8,0,0,0,0,0,0,0,340,55,21,97
BER,2023,9,30,6,15.9,85.7,15.5,13.5,10.19,14.4,41.8,0,961.2,19,2.2,3.8,4,0,4,3,3,3,3,345,65,21,97
BER,2023,9,30,7,15.9,84.5,15.3,13.3,10.05,14.3,41.4,0,961.9,9,2,4,103,224,60,34,257,108,34,358,78,21,97
BER,2023,9,30,8,16.9,80.4,15.5,13.5,10.19,14.8,42.8,0,961.8,5,1.2,3,210,199,141,80,266,190,80,351,68,21,97
BER,2023,9,30,9,18.8,69,15,13,9.86,15.2,43.9,0,961.7,21,1.4,3.9,434,661,111,78,548,515,78,345,51,21,97
BER,2023,9,30,10,20.1,62.4,14.7,12.7,9.65,15.5,44.7,0,961.8,27,2.7,6.1,519,623,161,102,444,594,102,342,45,21,97
BER,2023,9,30,11,20.4,59.3,14.2,12.2,9.33,15.4,44.2,0,961.2,41,3.1,6,651,904,79,81,320,812,80,317,10,21,97
BER,2023,9,30,12,21.5,56.9,14.6,12.6,9.6,16,46,0,960.9,5,2.4,5.3,660,880,93,84,111,817,194,323,16,21,97
BER,2023,9,30,13,21.7,56.6,14.7,12.7,9.66,16.1,46.4,0,960.9,18,2.4,5.8,465,359,242,140,138,460,293,360,65,21,97
BER,2023,9,30,14,21.6,56.2,14.5,12.5,9.53,16,45.9,0,960.6,67,1.4,3.3,476,576,167,95,95,542,483,358,60,21,97
BER,2023,9,30,15,21.8,55.9,14.6,12.6,9.6,16.1,46.3,0,960.6,37,1.3,3.8,290,245,186,103,102,269,321,373,88,21,97
BER,2023,9,30,16,21.4,56.1,14.3,12.3,9.4,15.8,45.4,0,960.4,39,1.5,2.7,206,428,94,53,52,234,467,357,61,21,97
BER,2023,9,30,17,20.2,63.3,15,13,9.86,15.7,45.4,0,960.8,30,2.5,5.8,47,83,34,20,19,43,104,362,78,21,97
BER,2023,9,30,18,18.4,72.2,15.3,13.3,10.06,15.2,44,0,961.1,37,3.1,5.4,0,0,0,0,0,0,0,348,53,21,97
BER,2023,9,30,19,17.3,74.9,14.8,12.8,9.73,14.6,42,0,961.1,38,2.4,5.9,0,0,0,0,0,0,0,316,0,21,97
BER,2023,9,30,20,15.9,81.8,14.8,12.8,9.73,14,40.6,0,961.2,20,2.1,4.3,0,0,0,0,0,0,0,307,0,21,97
BER,2023,9,30,21,15.1,84.5,14.5,12.5,9.52,13.5,39.3,0,961.4,15,2.3,3.4,0,0,0,0,0,0,0,305,0,21,97
BER,2023,9,30,22,14.2,88.3,14.3,12.3,9.39,13.1,38,0,961.9,18,2,3.4,0,0,0,0,0,0,0,303,0,21,97
BER,2023,9,30,23,13.3,91.2,13.9,11.9,9.12,12.5,36.4,0,962.1,15,1.1,2.4,0,0,0,0,0,0,0,301,0,21,97
BER,2023,10,1,0,12.5,93,13.5,11.4,8.85,11.9,34.9,0,962,37,0.5,1.6,0,0,0,0,0,0,0,298,0,21,97
BER,2023,10,1,1,12.1,93.6,13.2,11.1,8.65,11.5,34,0,962.1,27,0.4,1.4,0,0,0,0,0,0,0,296,0,22,97
BER,2023,10,1,2,11.4,95.5,12.9,10.7,8.46,11,32.8,0,961.7,27,0.3,1.3,0,0,0,0,0,0,0,294,0,22,97
BER,2023,10,1,3,11.5,94.2,12.8,10.6,8.39,11,32.7,0,961.7,27,0.3,1,0,0,0,0,0,0,0,292,0,22,97
BER,2023,10,1,4,10.9,95.4,12.4,10.2,8.12,10.5,31.4,0,961.8,0,0,0.2,0,0,0,0,0,0,0,290,0,22,97
BER,2023,10,1,5,10.6,95.4,12.2,9.9,7.99,10.2,30.8,0,961.7,0,0,0.3,0,0,0,0,0,0,0,288,0,22,97
BER,2023,10,1,6,10.3,96.1,12,9.7,7.86,10,30.1,0,961.9,0,0.1,0.3,5,0,5,4,4,4,4,286,0,22,97
BER,2023,10,1,7,10.9,96.1,12.5,10.3,8.19,10.6,31.6,0,962,0,0,0.3,141,479,52,31,503,184,31,287,0,22,97
BER,2023,10,1,8,12.6,91.8,13.4,11.3,8.78,11.8,34.8,0,962.2,270,0.2,0.7,313,724,67,49,688,406,48,291,0,22,97
BER,2023,10,1,9,15.4,82.8,14.5,12.5,9.52,13.7,39.6,0,962.2,243,0.3,1.3,463,812,80,65,654,590,65,295,0,22,97
BER,2023,10,1,10,18,71.6,14.8,12.8,9.72,14.8,42.7,0,962.1,342,0.9,2.9,579,870,84,77,523,734,77,300,0,22,97
BER,2023,10,1,11,19.7,64.8,14.9,12.9,9.79,15.5,44.6,0,961.9,12,2,4.1,652,914,79,83,324,827,83,304,0,22,97
BER,2023,10,1,12,21,61.8,15.4,13.4,10.13,16.2,46.8,0,961.4,12,2.6,5.3,659,885,93,87,113,829,198,314,6,22,97
BER,2023,10,1,13,22.2,60.1,16.1,14.1,10.6,17,49.3,0,960.8,10,2.4,4.7,618,869,92,83,85,779,422,311,0,22,97
BER,2023,10,1,14,22.6,56.4,15.5,13.5,10.2,16.9,48.7,0,960.4,11,2.3,4.7,523,815,93,74,76,660,582,310,0,22,97
BER,2023,10,1,15,22.9,55.4,15.5,13.5,10.21,17,49,0,960.1,360,2.3,4.6,386,726,87,61,62,490,652,309,0,22,97
BER,2023,10,1,16,22.5,59,16.1,14.1,10.61,17.1,49.6,0,960.1,13,2.3,4,232,643,62,40,41,306,644,308,0,22,97
BER,2023,10,1,17,20.9,66.8,16.5,14.5,10.88,16.8,48.6,0,960.2,21,1.8,3.3,66,294,29,17,17,90,311,312,0,22,97
BER,2023,10,1,18,17.7,83.1,16.8,14.8,11.08,15.9,45.9,0,960.3,14,1.2,1.8,0,0,0,0,0,0,0,306,0,22,97
BER,2023,10,1,19,16.2,87.9,16.2,14.2,10.67,15,43.3,0,960.8,360,0.3,0.8,0,0,0,0,0,0,0,305,0,22,97
BER,2023,10,1,20,15.4,90.8,15.9,13.9,10.46,14.5,41.9,0,961.1,225,0.2,0.9,0,0,0,0,0,0,0,327,34,22,97
BER,2023,10,1,21,14.5,91.3,15.1,13.1,9.93,13.7,39.7,0,961.1,211,0.6,1.3,0,0,0,0,0,0,0,354,74,22,97
BER,2023,10,1,22,14.1,91.9,14.8,12.8,9.73,13.3,38.8,0,961.1,191,1,1.7,0,0,0,0,0,0,0,366,100,22,97
BER,2023,10,1,23,13.5,92.4,14.3,12.3,9.4,12.8,37.3,0,961,191,1,2.1,0,0,0,0,0,0,0,358,88,22,97
BER,2023,10,2,0,13.1,93.6,14.1,12.1,9.26,12.5,36.6,0,961,187,0.8,1.5,0,0,0,0,0,0,0,339,68,22,97
BER,2023,10,2,1,13,92.4,13.8,11.8,9.06,12.3,35.9,0,961,185,1.1,2,0,0,0,0,0,0,0,333,66,22,97
BER,2023,10,2,2,12.7,90,13.2,11.1,8.66,11.8,34.6,0,960.9,196,1.8,3.3,0,0,0,0,0,0,0,320,50,22,97
BER,2023,10,2,3,12.1,91.1,12.9,10.7,8.47,11.3,33.5,0,960.7,208,1.5,2.7,0,0,0,0,0,0,0,308,38,22,97
BER,2023,10,2,4,11.5,92.9,12.6,10.4,8.27,10.9,32.4,0,960.8,216,0.9,1.8,0,0,0,0,0,0,0,318,59,22,97
BER,2023,10,2,5,11.2,93.6,12.4,10.2,8.13,10.6,31.8,0,960.8,189,0.6,1.2,0,0,0,0,0,0,0,309,48,22,97
BER,2023,10,2,6,10.4,93.5,11.8,9.4,7.73,9.8,29.9,0,961,219,0.7,1.5,5,0,5,4,4,4,4,303,35,22,97
BER,2023,10,2,7,11.7,90.5,12.4,10.2,8.13,10.9,32.3,0,961.3,214,0.7,1.6,140,496,49,30,516,190,30,287,6,22,97
BER,2023,10,2,8,14.3,81.1,13.2,11.1,8.66,12.4,36.3,0,961.2,238,1.4,2.8,310,723,69,49,688,410,49,287,0,22,97
BER,2023,10,2,9,17.3,66,13,10.9,8.53,13.5,39,0,961.1,220,1.7,3.1,459,807,82,66,651,593,66,292,0,22,97
BER,2023,10,2,10,19.3,60.2,13.5,11.4,8.87,14.5,41.9,0,960.6,203,0.9,3.3,576,867,86,78,523,738,77,297,0,22,97
BER,2023,10,2,11,21.3,55.4,14,12,9.21,15.6,44.8,0,960,231,0.8,2.2,644,892,89,85,326,822,85,306,0,22,97
BER,2023,10,2,12,23.3,47.1,13.5,11.4,8.88,16,46,0,959.4,254,1,3,644,834,114,92,118,808,206,328,13,22,97
BER,2023,10,2,13,24.4,45.6,13.9,11.9,9.15,16.6,47.8,0,958.7,290,1.4,3.3,618,882,89,83,85,791,427,338,19,22,97
BER,2023,10,2,14,25.2,45.5,14.6,12.6,9.62,17.3,49.9,0,958.2,288,1.2,3.2,518,817,91,74,76,664,583,349,20,22,97
BER,2023,10,2,15,25.5,46.5,15.2,13.2,10.03,17.7,51.2,0,957.8,288,1.2,3.1,383,746,81,59,60,499,663,333,19,22,97
BER,2023,10,2,16,25.4,46.5,15.1,13.1,9.97,17.6,50.9,0,957.5,225,0.3,2.5,223,609,62,41,41,298,611,339,29,22,97
BER,2023,10,2,17,23.2,60.7,17.3,15.2,11.44,18,52.4,0,957.6,13,1.4,2.5,61,278,27,16,16,86,293,327,26,22,97
BER,2023,10,2,18,19.4,75.7,17.1,15,11.31,16.6,48.2,0,957.5,39,0.9,2.2,0,0,0,0,0,0,0,312,0,22,97
BER,2023,10,2,19,17.7,81,16.4,14.4,10.84,15.6,45.3,0,957.8,180,0.6,1.5,0,0,0,0,0,0,0,311,0,22,97
BER,2023,10,2,20,16.5,83,15.6,13.6,10.3,14.7,42.7,0,957.7,204,1.1,2.9,0,0,0,0,0,0,0,308,0,22,97
BER,2023,10,2,21,15.8,87.9,15.8,13.8,10.43,14.6,42.3,0,957.8,214,0.4,1.3,0,0,0,0,0,0,0,306,0,22,97
BER,2023,10,2,22,14.8,90.1,15.2,13.2,10.03,13.8,40.2,0,957.8,166,0.4,1.3,0,0,0,0,0,0,0,303,0,22,97
BER,2023,10,2,23,14.2,90.1,14.6,12.6,9.63,13.2,38.6,0,957.8,198,0.3,0.8,0,0,0,0,0,0,0,300,25,22,97
BER,2023,10,3,0,13.4,90.6,13.9,11.9,9.16,12.5,36.6,0,957.6,180,0.5,1.1,0,0,0,0,0,0,0,298,33,22,97
BER,2023,10,3,1,12.8,91.2,13.5,11.4,8.9,12,35.3,0,957.5,203,0.8,2.2,0,0,0,0,0,0,0,301,6,22,97
BER,2023,10,3,2,12.5,92.4,13.4,11.3,8.83,11.8,34.9,0,957.2,214,0.4,1.6,0,0,0,0,0,0,0,301,0,22,97
BER,2023,10,3,3,11.9,93.6,13,10.9,8.57,11.3,33.6,0,957,198,0.4,1.3,0,0,0,0,0,0,0,297,0,22,97
BER,2023,10,3,4,11.3,93.6,12.5,10.3,8.23,10.7,32.1,0,956.8,219,0.7,1.7,0,0,0,0,0,0,0,297,0,22,97
BER,2023,10,3,5,11.3,91.7,12.3,10,8.1,10.6,31.8,0,956.7,207,0.5,1.7,0,0,0,0,0,0,0,298,0,22,97
BER,2023,10,3,6,11.1,92.3,12.2,9.9,8.03,10.4,31.4,0,956.9,207,0.5,1.7,5,0,5,3,3,3,3,298,0,22,97
BER,2023,10,3,7,12,89.9,12.6,10.4,8.3,11.1,33,0,957.4,202,0.6,1.3,135,470,50,30,491,186,30,304,6,22,97
BER,2023,10,3,8,15.5,78.6,13.8,11.8,9.09,13.3,38.6,0,957.7,222,1.3,3.5,300,685,73,50,656,400,50,321,19,22,97
BER,2023,10,3,9,19.1,63,13.9,11.9,9.16,14.7,42.4,0,957.7,192,2,3.3,448,789,83,66,636,586,66,349,41,22,97
BER,2023,10,3,10,20.6,58.2,14.1,12.1,9.3,15.4,44.3,0,957.6,197,2.1,4.3,538,745,119,89,477,672,88,355,56,22,97
BER,2023,10,3,11,23,52.6,14.8,12.8,9.77,16.6,48,0,957.2,228,2.8,5.4,618,847,96,85,317,793,85,342,25,22,97
BER,2023,10,3,12,25.4,44.7,14.5,12.5,9.57,17.3,49.9,0,956.8,242,4.2,9.5,598,788,103,87,114,760,185,347,30,22,97
BER,2023,10,3,13,26.2,40.7,13.8,11.8,9.1,17.2,49.6,0,957,251,6.1,12,586,817,100,83,85,750,408,360,43,22,97
BER,2023,10,3,14,24.6,51,15.8,13.8,10.43,17.7,51.3,0,958.4,271,5.1,10.9,180,77,137,80,78,148,132,390,94,22,97
BER,2023,10,3,15,22.3,58.2,15.7,13.7,10.35,16.9,48.7,0,959.3,250,4.6,10.9,53,2,52,31,30,32,33,390,100,22,97
BER,2023,10,3,16,21.9,61.6,16.2,14.2,10.68,17,49.2,0,959.7,241,3.2,7.3,69,134,44,27,26,72,157,382,94,22,97
BER,2023,10,3,17,21.1,63.5,15.9,13.9,10.47,16.6,47.8,0,960.2,256,1.9,7.3,22,57,16,9,9,23,67,375,94,22,97
BER,2023,10,3,18,19.6,64.8,14.8,12.8,9.72,15.4,44.4,0,961.6,306,2.9,9.5,0,0,0,0,0,0,0,379,100,22,97
BER,2023,10,3,19,18.2,67.5,14.1,12.1,9.25,14.5,41.7,0,962.7,327,2.6,7,0,0,0,0,0,0,0,376,100,22,97
BER,2023,10,3,20,17.3,70.6,13.9,11.9,9.11,14.1,40.5,0,963.4,27,1.2,3.2,0,0,0,0,0,0,0,369,94,22,97
BER,2023,10,3,21,17,65.1,12.6,10.4,8.24,13.1,38,0,963.9,353,1.9,4.3,0,0,0,0,0,0,0,367,94,22,97
BER,2023,10,3,22,16.1,66.2,12.1,9.8,7.91,12.5,36.2,0,964.1,11,2.3,4.5,0,0,0,0,0,0,0,368,100,22,97
BER,2023,10,3,23,15.4,70.2,12.3,10,8.04,12.3,35.8,0,964,11,2.1,4,0,0,0,0,0,0,0,366,100,22,97
BER,2023,10,4,0,15.3,71.6,12.4,10.2,8.11,12.4,35.9,0,963.7,18,2.1,4.6,0,0,0,0,0,0,0,363,100,22,97
BER,2023,10,4,1,14.8,74.4,12.5,10.3,8.17,12.2,35.5,0,963.6,16,2.2,4.4,0,0,0,0,0,0,0,334,63,22,97
BER,2023,10,4,2,14,78.4,12.5,10.3,8.18,11.9,34.7,0,963.3,22,2.2,3.8,0,0,0,0,0,0,0,315,36,22,97
BER,2023,10,4,3,13.7,81,12.7,10.5,8.31,11.9,34.8,0,963.2,34,2.2,4.2,0,0,0,0,0,0,0,326,50,22,97
BER,2023,10,4,4,13.3,83.7,12.8,10.6,8.38,11.7,34.5,0,963.4,22,2.2,4.2,0,0,0,0,0,0,0,319,50,22,97
BER,2023,10,4,5,13,85.3,12.8,10.6,8.37,11.6,34.2,0,963.7,11,1.2,3.3,0,0,0,0,0,0,0,321,51,22,97
BER,2023,10,4,6,12.3,88.2,12.6,10.4,8.24,11.2,33.2,0,963.9,360,1.3,2.8,5,0,5,3,3,3,3,304,38,22,97
BER,2023,10,4,7,13.1,83.7,12.6,10.4,8.24,11.6,34,0,964,4,1.4,4.1,133,470,49,30,488,188,30,298,29,22,97
BER,2023,10,4,8,14.7,75.9,12.7,10.5,8.3,12.3,35.8,0,964.1,14,1.8,4.2,304,723,68,48,685,418,48,276,0,22,97
BER,2023,10,4,9,15.8,71.7,12.9,10.7,8.44,12.8,37.2,0,963.8,25,2.8,6.8,455,814,82,65,653,606,65,277,0,22,97
BER,2023,10,4,10,17,67.7,13.1,11,8.57,13.5,38.8,0,963.4,36,2.7,6,572,871,88,78,524,751,77,303,6,22,97
BER,2023,10,4,11,18.5,61.6,13.1,11,8.58,14,40.3,0,963.2,21,2.8,6.5,634,867,103,87,330,821,87,314,33,22,97
BER,2023,10,4,12,19.1,58.2,12.9,10.7,8.45,14.1,40.6,0,962.6,10,3.7,7.3,629,798,132,95,125,798,213,325,38,22,97
BER,2023,10,4,13,19.4,55.2,12.4,10.2,8.12,14,40.1,0,962.2,20,3.5,6.8,546,598,192,112,112,645,386,346,69,22,97
BER,2023,10,4,14,19.3,54.5,12.2,9.9,7.99,13.8,39.7,0,961.9,21,3.6,6.9,417,401,213,118,117,448,407,359,88,22,97
BER,2023,10,4,15,18.8,56.2,12.2,9.9,7.99,13.6,39.2,0,962,32,3.4,7.1,289,287,173,97,96,293,347,357,88,22,97
BER,2023,10,4,16,17.8,59.8,12.2,9.9,7.99,13.2,38.1,0,961.8,25,3.4,7.2,151,180,101,58,57,148,231,356,94,22,97
BER,2023,10,4,17,16.5,64.1,12,9.7,7.86,12.6,36.5,0,962.2,29,2.6,5.2,57,247,30,17,17,81,264,337,71,22,97
BER,2023,10,4,18,15.4,67.4,11.8,9.4,7.72,12,35,0,962.1,31,2.7,4.8,0,0,0,0,0,0,0,346,74,22,97
BER,2023,10,4,19,14.4,70,11.5,9,7.52,11.4,33.5,0,962.2,28,2.6,4.9,0,0,0,0,0,0,0,316,45,22,97
BER,2023,10,4,20,12.3,81.3,11.6,9.2,7.59,10.6,31.5,0,962.4,347,0.9,2.1,0,0,0,0,0,0,0,310,36,22,97
BER,2023,10,4,21,11,86.9,11.4,8.9,7.46,9.8,29.8,0,962.5,360,1.2,2.3,0,0,0,0,0,0,0,327,65,22,97
BER,2023,10,4,22,10.3,88.6,11.1,8.5,7.26,9.3,28.6,0,962.2,353,0.8,1.7,0,0,0,0,0,0,0,315,55,22,97
BER,2023,10,4,23,9.4,91.6,10.8,8.1,7.06,8.7,27.2,0,961.8,18,0.6,1.2,0,0,0,0,0,0,0,330,75,22,97
BER,2023,10,5,0,9.4,91.6,10.8,8.1,7.06,8.7,27.2,0,961.9,45,0.4,1,0,0,0,0,0,0,0,346,100,22,97
BER,2023,10,5,1,9.4,92.2,10.9,8.2,7.13,8.8,27.4,0,962.2,153,0.2,0.9,0,0,0,0,0,0,0,323,71,22,97
BER,2023,10,5,2,8.9,92.8,10.6,7.8,6.93,8.3,26.4,0,961.6,180,0.4,0.9,0,0,0,0,0,0,0,313,54,22,97
BER,2023,10,5,3,8.2,94.7,10.3,7.4,6.74,7.8,25.2,0,961.4,225,0.2,1.2,0,0,0,0,0,0,0,329,71,22,97
BER,2023,10,5,4,8.1,95.3,10.3,7.4,6.74,7.7,25.1,0,961.4,0,0,0.5,0,0,0,0,0,0,0,338,94,22,97
BER,2023,10,5,5,8.1,94.7,10.2,7.3,6.67,7.7,24.9,0,961.6,18,0.3,1.2,0,0,0,0,0,0,0,338,94,22,97
BER,2023,10,5,6,7.9,94.7,10.1,7.1,6.6,7.5,24.5,0,961.7,225,0.5,0.9,5,0,5,3,3,3,3,330,84,22,97
BER,2023,10,5,7,9,93.4,10.7,8,7,8.5,26.7,0,962,270,0.3,1,115,318,57,33,344,148,33,321,71,22,97
BER,2023,10,5,8,11.3,88.1,11.8,9.4,7.72,10.2,30.8,0,962.4,207,0.6,2.4,265,477,111,63,498,326,63,323,68,22,97
BER,2023,10,5,9,13.8,77.8,12.3,10,8.05,11.6,34.2,0,962.6,215,1.6,3.1,396,535,154,89,503,475,89,331,71,22,97
BER,2023,10,5,10,15.4,71.1,12.4,10.2,8.12,12.4,36,0,962.7,204,1.4,2.2,504,601,171,103,435,607,103,327,64,22,97
BER,2023,10,5,11,17.2,65.1,12.8,10.6,8.39,13.3,38.5,0,962.2,225,1.3,3.8,618,816,122,92,322,796,92,322,53,22,97
BER,2023,10,5,12,18.7,62.1,13.4,11.3,8.79,14.3,41.1,0,961.8,297,2.2,4.4,628,844,106,88,114,818,201,316,35,22,97
BER,2023,10,5,13,19.6,55.3,12.6,10.4,8.26,14.1,40.7,0,961.4,288,1.2,4.1,600,877,89,81,83,795,425,291,13,22,97
BER,2023,10,5,14,20.3,45.3,10.8,8.1,7.07,13.3,38.4,0,961.4,287,1.6,4.3,503,786,105,76,78,662,573,320,41,22,97
BER,2023,10,5,15,20.5,39.9,9.6,6.4,6.28,12.6,36.6,0,960.7,346,1.1,4.6,293,465,122,74,73,351,473,341,68,22,97
BER,2023,10,5,16,19.7,45.5,10.4,7.6,6.81,12.9,37.1,0,960.9,347,1.5,3.8,108,144,66,39,38,113,172,361,94,22,97
BER,2023,10,5,17,18.1,56.4,11.7,9.3,7.67,13,37.6,0,961,32,1.6,2.4,24,50,21,12,12,22,62,354,88,22,97
BER,2023,10,5,18,14.9,71,12,9.7,7.86,11.9,34.9,0,961.4,23,1.5,2.5,0,0,0,0,0,0,0,357,94,22,97
BER,2023,10,5,19,14,73.8,11.8,9.4,7.73,11.4,33.6,0,961.8,21,2,3.4,0,0,0,0,0,0,0,360,100,22,97
BER,2023,10,5,20,12.9,79.8,11.9,9.5,7.79,11,32.6,0,962,14,0.9,2.3,0,0,0,0,0,0,0,358,100,22,97
BER,2023,10,5,21,11.4,85.2,11.5,9,7.53,10.1,30.4,0,962,14,0.5,1.7,0,0,0,0,0,0,0,355,100,22,97
BER,2023,10,5,22,10.3,88.6,11.1,8.5,7.26,9.3,28.6,0,962,23,0.8,2.2,0,0,0,0,0,0,0,343,94,22,97
BER,2023,10,5,23,9.7,92.2,11.1,8.5,7.26,9.1,28,0,961.8,27,0.2,1.3,0,0,0,0,0,0,0,341,100,22,97
BER,2023,10,6,0,9.4,91.6,10.8,8.1,7.06,8.7,27.2,0,962.4,11,0.5,1.8,0,0,0,0,0,0,0,315,64,22,97
BER,2023,10,6,1,8.8,92.8,10.5,7.7,6.86,8.2,26.1,0,962.4,135,0.6,1.4,0,0,0,0,0,0,0,300,33,23,97
BER,2023,10,6,2,8.8,92.8,10.5,7.7,6.86,8.2,26.1,0,962,198,0.4,1.3,0,0,0,0,0,0,0,296,29,23,97
BER,2023,10,6,3,7.9,94.7,10.1,7.1,6.6,7.5,24.5,0,962.2,9,1,1.8,0,0,0,0,0,0,0,293,33,23,97
BER,2023,10,6,4,7.7,95.3,10,7,6.53,7.3,24.2,0,962.2,14,0.5,1.3,0,0,0,0,0,0,0,280,6,23,97
BER,2023,10,6,5,7.4,96,9.9,6.8,6.47,7.1,23.7,0,962.1,45,0.2,0.8,0,0,0,0,0,0,0,294,29,23,97
BER,2023,10,6,6,7.2,96.6,9.8,6.7,6.4,6.9,23.3,0,962.2,270,0.2,0.7,4,0,4,3,3,3,3,297,36,23,97
BER,2023,10,6,7,8.2,94.7,10.3,7.4,6.73,7.8,25.2,0,962.5,198,0.4,1,119,403,46,29,420,174,29,299,35,23,97
BER,2023,10,6,8,10.8,88,11.4,8.9,7.45,9.8,29.6,0,962.7,202,0.7,1.4,294,719,67,48,680,421,48,282,13,23,97
BER,2023,10,6,9,13.7,79.4,12.4,10.2,8.12,11.7,34.3,0,962.6,231,0.7,2.2,440,787,86,68,634,600,67,311,39,23,97
BER,2023,10,6,10,16.1,68.9,12.6,10.4,8.25,12.8,37.1,0,962.2,270,0.6,2.1,544,794,110,85,496,719,85,331,58,23,97
BER,2023,10,6,11,18,60.7,12.5,10.3,8.19,13.5,38.9,0,962,360,1.1,3.2,579,686,166,105,328,726,105,342,68,23,97
BER,2023,10,6,12,19.4,59,13.3,11.2,8.72,14.5,41.6,0,961.6,352,1.1,3.5,629,867,97,89,114,836,202,325,42,23,97
BER,2023,10,6,13,20.7,54.8,13.4,11.3,8.8,15,43.2,0,961,14,0.8,2,590,851,97,85,87,788,423,322,29,23,97
BER,2023,10,6,14,21.6,49.2,12.7,10.5,8.33,14.9,42.9,0,960.8,14,1.1,3,476,703,123,84,85,619,534,344,65,23,97
BER,2023,10,6,15,21.1,53.2,13.3,11.2,8.73,15.1,43.4,0,960.7,21,1.4,3.1,353,650,98,67,68,469,591,354,78,23,97
BER,2023,10,6,16,20.6,60.9,14.8,12.8,9.73,15.8,45.4,0,960.8,347,1.9,3.8,101,36,92,55,54,72,90,372,100,23,97
BER,2023,10,6,17,18.7,68.5,14.8,12.8,9.73,15.1,43.5,0,960.9,338,1.2,2.8,19,14,17,10,10,15,24,358,88,23,97
BER,2023,10,6,18,15.5,81.8,14.4,12.4,9.46,13.6,39.5,0,961.4,20,1.5,2.2,0,0,0,0,0,0,0,345,75,23,97
BER,2023,10,6,19,13.7,86,13.5,11.4,8.85,12.4,36.1,0,961.9,117,0.4,1.4,0,0,0,0,0,0,0,319,48,23,97
BER,2023,10,6,20,12.9,87.6,13,10.9,8.52,11.7,34.5,0,962,194,0.5,1.1,0,0,0,0,0,0,0,322,58,23,97
BER,2023,10,6,21,12.1,90.5,12.8,10.6,8.39,11.2,33.3,0,962.2,191,0.5,1.2,0,0,0,0,0,0,0,306,48,23,97
BER,2023,10,6,22,11.2,94.2,12.5,10.3,8.18,10.7,31.9,0,962.5,194,0.6,2.3,0,0,0,0,0,0,0,286,23,23,97
BER,2023,10,6,23,10.9,95.4,12.4,10.2,8.12,10.5,31.4,0,962.5,180,0.4,1,0,0,0,0,0,0,0,262,0,23,97
BER,2023,10,7,0,9.9,95.4,11.6,9.2,7.59,9.5,29.1,0,962.5,194,0.4,1,0,0,0,0,0,0,0,258,0,23,97
BER,2023,10,7,1,9.6,94.7,11.3,8.8,7.39,9.2,28.3,0,962.2,186,1,2,0,0,0,0,0,0,0,255,0,23,97
BER,2023,10,7,2,9.2,94.7,11,8.4,7.19,8.8,27.4,0,962,187,0.8,1.7,0,0,0,0,0,0,0,254,0,23,97
BER,2023,10,7,3,8.3,95.3,10.4,7.6,6.8,7.9,25.4,0,961.9,203,0.8,1.7,0,0,0,0,0,0,0,253,0,23,97
BER,2023,10,7,4,7.8,96.6,10.2,7.3,6.67,7.5,24.6,0,961.9,202,0.6,1.6,0,0,0,0,0,0,0,252,0,23,97
BER,2023,10,7,5,7.7,95.3,10,7,6.53,7.3,24.2,0.1,962.1,180,0.4,0.9,0,0,0,0,0,0,0,251,0,23,97
BER,2023,10,7,6,7.1,95.3,9.6,6.4,6.27,6.7,22.9,0,962.7,202,0.6,1.4,4,0,4,3,3,3,3,250,0,23,97
BER,2023,10,7,7,7.8,93.4,9.9,6.8,6.46,7.3,24.1,0,962.9,197,1.1,2.8,125,486,45,28,500,197,28,252,0,23,97
BER,2023,10,7,8,10.8,83.4,10.8,8.1,7.05,9.3,28.6,0,963.4,247,0.9,2.2,291,718,67,47,677,424,47,260,0,23,97
BER,2023,10,7,9,14,72.8,11.6,9.2,7.58,11.3,33.2,0,963.5,229,1.2,2.8,436,797,83,65,637,606,65,272,0,23,97
BER,2023,10,7,10,16.9,56.1,10.8,8.1,7.05,12,34.9,0,963.3,187,1.7,3.3,548,847,89,77,508,745,77,287,0,23,97
BER,2023,10,7,11,18.9,51.9,11.3,8.8,7.39,13.1,37.7,0,962.9,209,1.4,3.3,615,890,84,83,313,834,83,306,6,23,97
BER,2023,10,7,12,20.9,44,10.9,8.2,7.12,13.6,39.1,0,962.8,288,1.5,3.3,590,731,145,99,122,758,215,341,41,23,97
BER,2023,10,7,13,22.1,45.2,12,9.7,7.85,14.7,42.2,0,962.6,225,0.8,2.8,578,860,87,80,82,785,418,333,13,23,97
BER,2023,10,7,14,23.2,34.5,9.8,6.7,6.4,13.8,39.6,0,962.3,214,0.9,2.2,483,807,85,71,72,664,571,318,0,23,97
BER,2023,10,7,15,24,26.1,7.8,3.4,5.08,12.8,37.1,0,962.2,248,0.6,1.7,349,727,76,56,57,494,643,311,0,23,97
BER,2023,10,7,16,23.5,32.5,9.4,6.1,6.14,13.7,39.3,0,962.1,346,0.6,2,191,579,57,37,37,288,579,304,0,23,97
BER,2023,10,7,17,20.2,52.9,12.5,10.3,8.19,14.3,41.1,0,962.4,24,2,3.1,38,167,21,12,12,59,178,304,6,23,97
BER,2023,10,7,18,16.6,66.8,12.6,10.4,8.25,13,37.6,0,962.9,45,0.6,2.7,0,0,0,0,0,0,0,300,0,23,97
BER,2023,10,7,19,14.9,71,12,9.7,7.85,11.9,34.8,0,963.1,153,0.4,1.5,0,0,0,0,0,0,0,299,0,23,97
BER,2023,10,7,20,13.9,73.3,11.6,9.2,7.58,11.3,33.1,0,963.3,180,0.6,1.8,0,0,0,0,0,0,0,297,0,23,97
BER,2023,10,7,21,13.2,75.7,11.5,9,7.51,10.9,32.2,0,963.4,180,1,2.1,0,0,0,0,0,0,0,295,0,23,97
BER,2023,10,7,22,12.6,78.2,11.4,8.9,7.45,10.5,31.5,0,963.5,180,0.3,1,0,0,0,0,0,0,0,292,0,23,97
BER,2023,10,7,23,11.4,84,11.3,8.8,7.38,10,30.1,0,963.4,207,0.4,1.5,0,0,0,0,0,0,0,290,0,23,97
BER,2023,10,8,0,10.8,86.3,11.2,8.6,7.32,9.6,29.3,0,963.2,194,0.5,1.3,0,0,0,0,0,0,0,288,0,23,97
BER,2023,10,8,1,10.5,85.7,10.9,8.2,7.12,9.3,28.5,0,963,207,0.6,1,0,0,0,0,0,0,0,286,0,23,97
BER,2023,10,8,2,10.1,88,10.9,8.2,7.12,9.1,28.1,0,962.8,194,0.4,1.1,0,0,0,0,0,0,0,286,0,23,97
BER,2023,10,8,3,9.6,90.4,10.8,8.1,7.06,8.8,27.4,0,962.7,202,0.5,1.7,0,0,0,0,0,0,0,285,0,23,97
BER,2023,10,8,4,9.3,91.6,10.7,8,6.99,8.6,26.9,0,962.6,207,0.2,1.2,0,0,0,0,0,0,0,285,0,23,97
BER,2023,10,8,5,8.6,92.2,10.3,7.4,6.73,8,25.6,0,962.5,225,0.2,1.2,0,0,0,0,0,0,0,284,0,23,97
BER,2023,10,8,6,8,93.4,10,7,6.53,7.5,24.5,0,962.7,207,0.5,1.5,4,0,4,2,2,2,2,283,0,23,97
BER,2023,10,8,7,9.3,90.3,10.6,7.8,6.92,8.5,26.8,0,963.4,270,0.2,0.8,114,431,44,27,444,180,27,285,0,23,97
BER,2023,10,8,8,12.1,80.2,11.3,8.8,7.38,10.3,30.8,0,963.3,220,0.8,2,277,679,67,47,641,408,47,289,0,23,97
BER,2023,10,8,9,15.6,67.9,12,9.7,7.84,12.2,35.5,0,963.5,239,1.2,2.2,424,780,81,64,622,596,64,296,0,23,97
BER,2023,10,8,10,19,55.5,12.2,9.9,7.98,13.7,39.3,0,963.4,222,1.3,2.8,537,837,88,77,500,739,76,306,0,23,97
BER,2023,10,8,11,21.3,46.9,11.9,9.5,7.78,14.3,41.2,0,963.3,239,1.3,3,603,868,90,84,311,824,83,317,0,23,97
BER,2023,10,8,12,23.2,40.9,11.6,9.2,7.59,14.9,42.6,0,962.8,256,1,2.2,607,833,105,88,111,818,202,337,13,23,97
BER,2023,10,8,13,24.9,37,11.6,9.2,7.59,15.5,44.4,0,962.3,248,0.7,1.8,573,858,87,80,82,788,419,337,6,23,97
BER,2023,10,8,14,26.2,34.7,11.8,9.4,7.73,16,46.1,0,961.7,309,0.8,2.5,480,812,84,70,72,669,575,324,0,23,97
BER,2023,10,8,15,26.3,39.1,13.4,11.3,8.79,17,48.9,0,961.5,360,1.4,3.4,345,725,76,56,57,496,643,315,0,23,97
BER,2023,10,8,16,24.8,49.4,15.5,13.5,10.19,17.6,50.9,0,961.4,360,2.2,3.4,188,582,56,36,37,291,580,307,0,23,97
BER,2023,10,8,17,22.4,58.2,15.8,13.8,10.39,16.9,48.9,0,961.6,4,1.5,2.7,32,135,17,10,10,49,144,313,6,23,97
BER,2023,10,8,18,18.2,73.1,15.3,13.3,10.05,15.2,43.8,0,962,18,1,2.6,0,0,0,0,0,0,0,342,53,23,97
BER,2023,10,8,19,16.8,76.8,14.7,12.7,9.65,14.3,41.3,0,962,162,0.4,1.2,0,0,0,0,0,0,0,322,29,23,97
BER,2023,10,8,20,15.9,79.7,14.4,12.4,9.45,13.8,39.9,0,961.9,198,0.3,1.7,0,0,0,0,0,0,0,322,33,23,97
BER,2023,10,8,21,14.6,85,14.1,12.1,9.25,13.1,38.1,0,962.1,203,0.8,1.6,0,0,0,0,0,0,0,311,23,23,97
BER,2023,10,8,22,14.2,88.3,14.3,12.3,9.39,13.1,38,0,961.9,194,0.4,1.2,0,0,0,0,0,0,0,296,13,23,97
BER,2023,10,8,23,13.5,89.4,13.8,11.8,9.06,12.5,36.4,0,961.7,191,1.1,1.8,0,0,0,0,0,0,0,288,0,23,97
BER,2023,10,9,0,13.1,88.8,13.4,11.3,8.79,12.1,35.4,0,961.5,188,1.4,2.2,0,0,0,0,0,0,0,285,0,23,97
BER,2023,10,9,1,12,91.1,12.8,10.6,8.39,11.2,33.2,0,961.3,191,1.1,1.9,0,0,0,0,0,0,0,287,6,23,97
BER,2023,10,9,2,11.4,92.9,12.5,10.3,8.2,10.8,32.1,0,961.2,194,0.8,1.5,0,0,0,0,0,0,0,308,31,23,97
BER,2023,10,9,3,11.4,92.3,12.4,10.2,8.13,10.7,32,0,961,191,1,2,0,0,0,0,0,0,0,281,0,23,97
BER,2023,10,9,4,11.1,91.7,12.1,9.8,7.93,10.4,31.2,0,960.9,194,1.3,2.1,0,0,0,0,0,0,0,280,0,23,97
BER,2023,10,9,5,10.4,91,11.5,9,7.53,9.6,29.4,0,961,187,0.9,1.9,0,0,0,0,0,0,0,279,0,23,97
BER,2023,10,9,6,9.8,93.5,11.3,8.8,7.4,9.3,28.5,0,961.2,214,0.3,1.5,3,0,3,2,2,2,2,278,0,23,97
BER,2023,10,9,7,10.3,91.6,11.5,9,7.53,9.6,29.3,0,961.5,207,0.5,1,112,430,44,27,443,182,27,280,0,23,97
BER,2023,10,9,8,13.3,81.5,12.4,10.2,8.13,11.5,33.9,0,961.6,214,1.1,2.8,276,693,66,46,651,416,46,284,0,23,97
BER,2023,10,9,9,17.2,68.2,13.4,11.3,8.79,13.7,39.6,0,961.7,222,1.5,2.8,421,777,82,64,620,599,64,302,0,23,97
BER,2023,10,9,10,20.2,51.5,12.2,9.9,7.99,14.1,40.6,0,961.6,222,1.5,3.1,536,852,84,76,504,751,75,303,0,23,97
BER,2023,10,9,11,22,45.8,12.1,9.8,7.93,14.7,42.3,0,961,243,0.7,1.8,600,873,88,83,310,830,83,315,0,23,97
BER,2023,10,9,12,24.1,43.4,13,10.9,8.53,16,46,0,960.5,292,1.3,3.6,607,851,99,87,110,831,201,339,13,23,97
BER,2023,10,9,13,25.4,43.2,14,12,9.21,17,49,0,959.9,291,1.2,3.3,570,868,83,79,81,796,419,343,19,23,97
BER,2023,10,9,14,26,42.6,14.3,12.3,9.41,17.4,50.1,0,959.3,275,1.5,2.9,475,817,81,69,71,673,575,335,23,23,97
BER,2023,10,9,15,26,41.7,14,12,9.22,17.2,49.7,0,958.7,265,1.1,2.8,337,704,80,56,57,489,628,317,19,23,97
BER,2023,10,9,16,25.5,47.1,15.4,13.4,10.16,17.8,51.5,0,958.6,284,0.8,2.7,177,522,58,37,37,272,522,334,29,23,97
BER,2023,10,9,17,22.5,59,16.1,14.1,10.62,17.1,49.6,0,958.8,23,1.5,2.7,28,107,17,10,10,41,116,319,16,23,97
BER,2023,10,9,18,18.6,75.1,16.1,14.1,10.62,15.8,45.6,0,959.1,34,0.5,1.3,0,0,0,0,0,0,0,316,0,23,97
BER,2023,10,9,19,16.9,80.4,15.5,13.5,10.22,14.8,42.9,0,959.2,162,0.5,1.2,0,0,0,0,0,0,0,336,48,23,97
BER,2023,10,9,20,16.3,80.8,15,13,9.88,14.3,41.4,0,959.4,207,0.5,1.8,0,0,0,0,0,0,0,347,63,23,97
BER,2023,10,9,21,15.3,86.7,15.1,13.1,9.94,14,40.5,0,959.9,194,0.4,2,0,0,0,0,0,0,0,328,35,23,97
BER,2023,10,9,22,14.6,88.4,14.7,12.7,9.67,13.5,39.1,0,960,196,0.8,1.8,0,0,0,0,0,0,0,350,81,23,97
BER,2023,10,9,23,13.5,90,13.9,11.9,9.14,12.6,36.7,0,960,162,0.4,1.2,0,0,0,0,0,0,0,323,39,23,97
BER,2023,10,10,0,13,89.4,13.4,11.3,8.81,12,35.3,0,959.9,197,1,2.1,0,0,0,0,0,0,0,293,0,23,97
BER,2023,10,10,1,12.4,91.2,13.1,11,8.61,11.6,34.2,0,959.6,169,0.6,1.6,0,0,0,0,0,0,0,291,0,23,97
BER,2023,10,10,2,11.8,90.5,12.5,10.3,8.21,10.9,32.6,0,959.3,214,0.5,1.6,0,0,0,0,0,0,0,289,0,23,97
BER,2023,10,10,3,11.3,91.7,12.3,10,8.08,10.6,31.7,0,959.4,162,0.4,1.3,0,0,0,0,0,0,0,288,0,23,97
BER,2023,10,10,4,10.6,94.8,12.1,9.8,7.94,10.2,30.7,0,959.5,214,0.5,1,0,0,0,0,0,0,0,286,0,23,97
BER,2023,10,10,5,10.4,92.3,11.6,9.2,7.61,9.7,29.6,0,959.3,194,0.9,1.4,0,0,0,0,0,0,0,285,0,23,97
BER,2023,10,10,6,10.1,94.1,11.6,9.2,7.61,9.6,29.3,0,959.4,207,0.5,0.9,0,0,0,0,0,0,0,283,0,23,97
BER,2023,10,10,7,10.7,91,11.7,9.3,7.68,9.9,30.1,0,959.7,214,0.5,0.9,103,379,47,28,396,165,28,316,39,23,97
BER,2023,10,10,8,13.2,83.7,12.7,10.5,8.34,11.7,34.3,0,959.7,243,0.9,1.4,274,693,65,46,650,421,46,316,39,23,97
BER,2023,10,10,9,16.7,69.5,13.2,11.1,8.67,13.4,38.8,0,959.7,240,1.4,2.2,419,793,78,63,627,609,63,310,19,23,97
BER,2023,10,10,10,19.8,53.9,12.4,10.2,8.14,14.1,40.6,0,959.5,229,1.2,2.6,512,749,118,83,478,700,83,336,53,23,97
BER,2023,10,10,11,21.6,45.7,11.8,9.4,7.75,14.4,41.4,0,959.3,218,1.2,2.6,529,583,190,113,302,659,113,358,71,23,97
BER,2023,10,10,12,23.1,44,12.4,10.2,8.15,15.3,44,0,958.5,270,0.8,2.6,569,699,155,102,130,745,216,355,54,23,97
BER,2023,10,10,13,24.4,40.2,12.3,10,8.09,15.7,45.1,0,957.9,243,1.3,3.1,523,659,157,98,99,682,393,364,68,23,97
BER,2023,10,10,14,24.9,40.3,12.7,10.5,8.36,16.1,46.3,0,957.6,326,0.7,2.5,432,601,145,88,88,565,490,361,64,23,97
BER,2023,10,10,15,25.5,40.2,13.1,11,8.63,16.6,47.6,0,957.4,270,0.7,1.9,303,518,120,71,71,401,510,350,59,23,97
BER,2023,10,10,16,23.8,49.5,14.6,12.6,9.63,16.8,48.4,0,957.5,335,2.1,3.5,169,478,63,39,39,256,486,349,61,23,97
BER,2023,10,10,17,21.3,59.5,15.1,13.1,9.96,16.2,46.7,0,957.8,17,1.7,2.9,21,63,17,10,10,27,73,360,71,23,97
BER,2023,10,10,18,18,74,15.3,13.3,10.1,15.1,43.7,0,958,16,0.8,1.7,0,0,0,0,0,0,0,338,53,23,97
BER,2023,10,10,19,16.1,79.7,14.6,12.6,9.62,14,40.5,0,958.2,27,0.2,1.3,0,0,0,0,0,0,0,336,56,23,97
BER,2023,10,10,20,15.8,79.2,14.2,12.2,9.36,13.6,39.6,0,958.3,180,0.5,1.4,0,0,0,0,0,0,0,345,68,23,97
BER,2023,10,10,21,14.8,82.8,13.9,11.9,9.16,13.1,38,0,958.2,198,0.4,1,0,0,0,0,0,0,0,313,28,23,97
BER,2023,10,10,22,13.3,90,13.7,11.7,9.02,12.4,36.1,0,958.3,194,0.4,1,0,0,0,0,0,0,0,304,19,23,97
BER,2023,10,10,23,12.8,90,13.3,11.2,8.76,11.9,35,0,958.1,188,0.7,1.5,0,0,0,0,0,0,0,288,0,23,97
BER,2023,10,11,0,12.1,91.1,12.9,10.7,8.49,11.3,33.6,0,958.2,188,0.8,1.5,0,0,0,0,0,0,0,286,0,23,97
BER,2023,10,11,1,11.5,91.7,12.4,10.2,8.16,10.8,32.1,0,958.1,186,1,1.6,0,0,0,0,0,0,0,284,0,23,97
BER,2023,10,11,2,10.8,92.9,12,9.7,7.89,10.2,30.7,0,957.9,198,0.6,1.6,0,0,0,0,0,0,0,283,0,23,97
BER,2023,10,11,3,10.9,92.3,12,9.7,7.89,10.2,30.8,0,957.8,187,0.8,1.5,0,0,0,0,0,0,0,282,0,23,97
BER,2023,10,11,4,10.6,91.7,11.7,9.3,7.69,9.9,30,0,957.9,198,0.6,1.4,0,0,0,0,0,0,0,280,0,23,97
BER,2023,10,11,5,9.7,94.1,11.3,8.8,7.42,9.2,28.4,0,958.1,202,0.6,1.4,0,0,0,0,0,0,0,279,0,23,97
BER,2023,10,11,6,9.5,93.5,11.1,8.5,7.29,9,27.9,0,958.2,202,0.5,1.6,0,0,0,0,0,0,0,278,0,23,97
BER,2023,10,11,7,10.3,91,11.4,8.9,7.49,9.5,29.2,0,958.5,216,0.8,1.5,99,362,41,25,373,165,25,278,13,23,97
BER,2023,10,11,8,13.3,81.5,12.4,10.2,8.15,11.5,34,0,958.4,222,1.2,2.5,269,688,65,45,644,420,45,281,0,23,97
BER,2023,10,11,9,16.7,66.3,12.6,10.4,8.29,13,37.8,0,958.5,238,1.6,3.1,416,789,80,63,624,611,63,283,0,23,97
BER,2023,10,11,10,19.2,54.5,12.1,9.8,7.95,13.7,39.5,0,958.3,219,1.4,2.8,529,848,87,75,500,757,75,287,0,23,97
BER,2023,10,11,11,21.3,47.8,12.1,9.8,7.96,14.5,41.6,0,957.8,238,1.1,2.9,596,876,91,82,309,841,82,296,0,23,97
BER,2023,10,11,12,22.9,44.9,12.5,10.3,8.23,15.3,44,0,957,236,1.2,3.5,600,843,105,87,110,836,205,316,13,23,97
BER,2023,10,11,13,24.1,42,12.6,10.4,8.3,15.8,45.4,0,956.4,261,1.5,3.6,567,877,85,78,80,809,425,315,6,23,97
BER,2023,10,11,14,24.7,42.5,13.2,11.1,8.71,16.3,47,0,955.9,245,1.7,4.2,470,822,83,69,70,683,580,302,0,23,97
BER,2023,10,11,15,24.8,44.2,13.8,11.8,9.12,16.7,48.2,0,955.5,280,1.8,4.1,334,733,75,54,55,505,647,295,0,23,97
BER,2023,10,11,16,23.8,49.5,14.6,12.6,9.65,16.8,48.5,0,955.5,265,1.4,3,174,562,56,35,35,287,560,290,0,23,97
BER,2023,10,11,17,21.1,59.1,14.8,12.8,9.78,15.9,46.1,0,955.7,236,0.9,2.3,27,145,14,8,8,51,151,288,0,23,97
BER,2023,10,11,18,18,71.6,14.8,12.8,9.78,14.8,42.9,0,956.1,180,0.6,1.7,0,0,0,0,0,0,0,288,0,23,97
BER,2023,10,11,19,16.3,77.7,14.4,12.4,9.51,13.9,40.5,0,956.2,180,0.4,1.8,0,0,0,0,0,0,0,286,0,23,97
BER,2023,10,11,20,15,77,13.1,11,8.64,12.7,36.9,0,956.4,196,0.8,1.8,0,0,0,0,0,0,0,284,0,23,97
BER,2023,10,11,21,14.1,78.9,12.7,10.5,8.37,12,35.3,0,956.7,201,1,4,0,0,0,0,0,0,0,281,0,23,97
BER,2023,10,11,22,14.4,77.4,12.7,10.5,8.37,12.1,35.6,0,956.6,196,2,4.6,0,0,0,0,0,0,0,279,0,23,97
BER,2023,10,11,23,12.9,82.5,12.3,10,8.1,11.3,33.4,0,956.5,207,1.4,3.6,0,0,0,0,0,0,0,276,0,23,97
BER,2023,10,12,0,12,87,12.2,9.9,8.04,10.8,32.3,0,956.5,210,1.5,3.8,0,0,0,0,0,0,0,291,40,23,97
BER,2023,10,12,1,12.3,81.9,11.7,9.3,7.7,10.6,31.8,0,956.4,203,1.7,6.3,0,0,0,0,0,0,0,300,29,23,97
BER,2023,10,12,2,11.4,85.2,11.5,9,7.57,10.1,30.5,0,956.3,219,1.4,3.5,0,0,0,0,0,0,0,272,0,23,97
BER,2023,10,12,3,10.8,85.7,11.1,8.5,7.31,9.6,29.3,0,956.2,209,1.4,3.3,0,0,0,0,0,0,0,272,0,23,97
BER,2023,10,12,4,10.7,86.3,11.1,8.5,7.31,9.5,29.2,0,956.1,217,1.1,2.4,0,0,0,0,0,0,0,307,41,23,97
BER,2023,10,12,5,10.3,88,11,8.4,7.24,9.3,28.6,0,956.1,220,0.9,1.8,0,0,0,0,0,0,0,342,81,23,97
BER,2023,10,12,6,10.2,86.2,10.7,8,7.04,9,28,0,956.6,225,0.5,1.3,0,0,0,0,0,0,0,351,100,23,97
BER,2023,10,12,7,10.4,85.1,10.7,8,7.03,9.1,28.2,0,957.2,198,0.7,1.7,106,373,47,28,388,176,28,311,41,23,97
BER,2023,10,12,8,13.7,73.2,11.5,9,7.56,11.1,32.9,0,957.4,203,1.6,3.3,259,639,72,48,605,403,48,317,45,23,97
BER,2023,10,12,9,17.6,55.1,11.1,8.5,7.3,12.4,36.2,0,957.2,202,2.1,4.5,395,694,99,71,563,567,71,326,51,23,97
BER,2023,10,12,10,20,44.6,10.4,7.6,6.83,13,37.5,0,957.3,195,1.4,3.7,488,694,128,88,446,669,88,335,52,23,97
BER,2023,10,12,11,21.3,42.6,10.8,8.1,7.1,13.7,39.5,0,956.9,225,1.3,4.2,586,863,93,84,309,836,84,323,29,23,97
BER,2023,10,12,12,23,40.9,11.5,9,7.57,14.7,42.4,0,956.3,239,1.9,4.4,592,850,98,86,109,840,203,343,45,23,97
BER,2023,10,12,13,24.6,38.4,11.9,9.5,7.84,15.5,44.7,0,955.7,228,2.6,5.3,478,516,195,114,114,591,351,364,75,23,97
BER,2023,10,12,14,24.9,35.5,11.2,8.6,7.38,15.2,43.8,0,955.4,232,2.9,5.3,262,100,213,126,123,215,197,381,100,23,97
BER,2023,10,12,15,24.2,38,11.5,9,7.58,15.2,43.6,0,955.2,228,2.4,5.2,203,176,145,85,83,200,241,374,94,23,97
BER,2023,10,12,16,23.6,38.1,11.1,8.5,7.31,14.7,42.3,0,955.2,218,2.4,4.3,109,122,80,47,47,110,163,367,88,23,97
BER,2023,10,12,17,22,40,10.6,7.8,6.98,13.8,39.9,0,955.7,225,1.5,3.4,9,5,8,5,5,6,10,373,100,23,97
BER,2023,10,12,18,19.1,49.9,11,8.4,7.24,13,37.6,0,955.8,170,1.2,2.3,0,0,0,0,0,0,0,370,100,23,97
BER,2023,10,12,19,16.5,59.5,11.2,8.6,7.37,12,35.3,0,956.1,163,1.2,3,0,0,0,0,0,0,0,368,100,23,97
BER,2023,10,12,20,16.3,57.9,10.7,8,7.04,11.7,34.2,0,956.3,180,1.7,4.2,0,0,0,0,0,0,0,365,100,23,97
BER,2023,10,12,21,14.5,67.2,11.1,8.5,7.3,11.2,33,0,956.5,207,0.9,3.1,0,0,0,0,0,0,0,355,88,23,97
BER,2023,10,12,22,13.4,75.7,11.6,9.2,7.64,11,32.8,0,956.5,196,0.8,2.6,0,0,0,0,0,0,0,352,88,23,97
BER,2023,10,12,23,12.2,80.8,11.5,9,7.57,10.4,31.4,0,956.2,189,0.6,2,0,0,0,0,0,0,0,346,88,23,97
BER,2023,10,13,0,11.9,81.3,11.3,8.8,7.44,10.2,30.7,0,956.2,203,0.8,2.8,0,0,0,0,0,0,0,341,81,23,97
BER,2023,10,13,1,10.9,84.5,11,8.4,7.24,9.5,29.2,0,956.2,211,0.6,1.6,0,0,0,0,0,0,0,320,48,23,97
BER,2023,10,13,2,10.4,85.1,10.7,8,7.04,9.1,28.2,0,956,180,0.5,1.5,0,0,0,0,0,0,0,353,100,23,97
BER,2023,10,13,3,9.7,87.9,10.6,7.8,6.98,8.7,27.3,0,955.6,198,0.7,1.5,0,0,0,0,0,0,0,331,71,23,97
BER,2023,10,13,4,9.1,90.3,10.4,7.6,6.85,8.3,26.4,0,955.3,214,0.4,1.1,0,0,0,0,0,0,0,313,48,23,97
BER,2023,10,13,5,8.8,90.3,10.2,7.3,6.72,8,25.7,0,955,225,0.7,1.7,0,0,0,0,0,0,0,319,54,23,97
BER,2023,10,13,6,9.1,88.5,10.2,7.3,6.71,8.2,26,0,955.2,180,0.1,0.9,0,0,0,0,0,0,0,295,30,23,97
BER,2023,10,13,7,9.1,89.1,10.3,7.4,6.78,8.2,26.2,0,955.4,211,0.6,1,90,330,39,24,340,155,24,285,6,23,97
BER,2023,10,13,8,12.4,76.6,11,8.4,7.24,10.2,30.7,0,955.4,220,0.8,1.5,255,670,64,45,625,414,44,283,0,23,97
BER,2023,10,13,9,16.1,61.1,11.2,8.6,7.38,11.9,34.9,0,955.1,241,1.3,2.3,400,772,79,62,608,605,62,289,0,23,97
BER,2023,10,13,10,18.9,46.8,10.2,7.3,6.72,12.4,36,0,954.6,250,1.2,2.7,513,837,85,75,490,753,74,299,0,23,97
BER,2023,10,13,11,21.1,40,10,7,6.59,13.1,38,0,953.8,229,1.1,3.2,580,874,86,82,303,841,81,314,0,23,97
BER,2023,10,13,12,22.9,37.6,10.5,7.7,6.93,14.1,40.7,0,953.1,245,2.4,5.1,586,850,97,85,106,841,202,337,19,23,97
BER,2023,10,13,13,23.8,36.9,10.9,8.2,7.2,14.7,42.3,0,952.2,246,2.1,4.8,545,842,92,79,81,792,418,333,19,23,97
BER,2023,10,13,14,24.7,35.9,11.2,8.6,7.41,15.2,43.7,0,951.5,245,2.5,5.7,452,803,83,68,70,675,568,318,0,23,97
BER,2023,10,13,15,25.1,31.7,10.1,7.1,6.68,14.7,42.3,0,951,243,3.4,8.3,317,711,74,53,54,496,627,310,0,23,97
BER,2023,10,13,16,24.3,30.6,9.3,5.9,6.14,13.9,40.1,0,950.7,236,3.8,8.3,160,542,53,33,33,279,538,303,0,23,97
BER,2023,10,13,17,22.1,37.9,10.1,7.1,6.68,13.6,39.2,0,950.7,233,2.1,6.4,21,103,13,7,7,39,109,297,6,23,97
BER,2023,10,13,18,20.9,44.6,11,8.4,7.28,13.7,39.5,0,950.8,231,2.7,7.6,0,0,0,0,0,0,0,291,0,23,97
BER,2023,10,13,19,20.1,51.5,12.1,9.8,8.02,14,40.6,0,950.9,231,3.7,9.5,0,0,0,0,0,0,0,292,0,23,97
BER,2023,10,13,20,19.5,57.9,13.1,11,8.69,14.4,41.6,0,951.1,212,2.9,7.4,0,0,0,0,0,0,0,296,0,23,97
BER,2023,10,13,21,16.9,65.9,12.7,10.5,8.42,13.2,38.3,0,951.4,171,2.2,4.8,0,0,0,0,0,0,0,317,28,23,97
BER,2023,10,13,22,15.4,68.8,12,9.7,7.95,12.1,35.6,0,951.2,164,1.9,3.5,0,0,0,0,0,0,0,337,65,23,97
BER,2023,10,13,23,15.7,68.8,12.3,10,8.15,12.4,36.4,0,951.2,160,2,3.6,0,0,0,0,0,0,0,360,94,23,97
BER,2023,10,14,0,15.2,68.7,11.9,9.5,7.89,12,35.2,0,950.6,174,1.9,3.7,0,0,0,0,0,0,0,359,88,23,97
BER,2023,10,14,1,15.2,68.7,11.9,9.5,7.88,12,35.2,0,950.8,189,1.5,3.3,0,0,0,0,0,0,0,368,100,23,97
BER,2023,10,14,2,17,64.2,12.4,10.2,8.22,13,37.9,0.1,950.9,188,1.8,4.8,0,0,0,0,0,0,0,368,100,23,97
BER,2023,10,14,3,17.2,72.9,14.3,12.3,9.5,14.2,41.4,0.3,950.4,215,3.5,9.7,0,0,0,0,0,0,0,365,94,23,97
BER,2023,10,14,4,17.4,70.1,13.9,11.9,9.23,14.1,40.9,0,950.5,198,1.4,3.2,0,0,0,0,0,0,0,365,94,23,97
BER,2023,10,14,5,16.9,78.3,15.1,13.1,10.03,14.6,42.4,4.8,951.1,230,3.2,8.3,0,0,0,0,0,0,0,369,100,23,97
BER,2023,10,14,6,15.9,90.8,16.4,14.4,10.91,15,43.6,9.6,951.3,236,4.2,10.9,0,0,0,0,0,0,0,369,100,23,97
BER,2023,10,14,7,15.6,87.3,15.5,13.5,10.3,14.3,41.7,0.4,951.7,195,2.8,7.7,58,72,47,28,98,58,28,359,81,23,97
BER,2023,10,14,8,16.7,84.1,16,14,10.64,15,43.7,0,951.6,177,1.8,3.9,158,125,122,72,185,149,72,360,81,23,97
BER,2023,10,14,9,18.2,77.5,16.2,14.2,10.77,15.7,45.6,0,951.4,216,2.1,7.7,240,263,124,78,253,278,79,356,69,23,97
BER,2023,10,14,10,19.3,71.4,16,14,10.64,16,46.4,0,951.5,238,4.3,9.7,262,154,188,113,208,243,113,366,81,23,97
BER,2023,10,14,11,16.8,87.4,16.7,14.7,11.11,15.5,45,1.7,951.7,269,4.2,10.5,52,0,52,31,31,31,32,374,100,23,97
BER,2023,10,14,12,16.1,88.5,16.2,14.2,10.77,14.9,43.4,1.6,951.7,224,3.3,9.4,68,0,68,41,40,41,41,376,100,23,97
BER,2023,10,14,13,18.5,78,16.6,14.6,11.05,16,46.6,0,951.3,198,2.2,5.7,363,360,170,107,106,426,263,361,81,23,97
BER,2023,10,14,14,17.1,77.8,15.2,13.2,10.09,14.7,42.8,6.6,951.9,258,4.7,12.9,104,66,72,42,41,101,85,365,94,23,97
BER,2023,10,14,15,15.3,88.4,15.4,13.4,10.22,14.1,41.2,0.5,952.7,191,1.7,3.3,38,0,38,23,22,23,23,369,100,23,97
BER,2023,10,14,16,15.4,75,13.1,11,8.67,12.8,37.4,0,953.4,291,2.9,8.4,16,0,16,9,9,9,9,366,100,23,97
BER,2023,10,14,17,14.1,74.8,12,9.7,7.92,11.6,34.2,0,954.1,301,1.6,6.1,10,21,8,5,5,12,25,362,94,23,97
BER,2023,10,14,18,12.8,79.8,11.8,9.4,7.78,10.9,32.5,0,954.9,6,1.3,3,0,0,0,0,0,0,0,359,100,23,97
BER,2023,10,14,19,12.3,84.7,12.1,9.8,7.98,10.9,32.5,0,955.3,36,0.9,2.6,0,0,0,0,0,0,0,357,100,23,97
BER,2023,10,14,20,12,81.3,11.4,8.9,7.51,10.3,31,0,955.9,16,2.2,5.3,0,0,0,0,0,0,0,354,100,23,97
BER,2023,10,14,21,11.2,76.9,10.2,7.3,6.71,9.1,28.2,0,955.9,32,2.3,4.1,0,0,0,0,0,0,0,352,100,23,97
BER,2023,10,14,22,10.9,79,10.3,7.4,6.78,9,28,0,955.6,17,1.1,3.1,0,0,0,0,0,0,0,350,100,23,97
BER,2023,10,14,23,10.6,82.8,10.6,7.8,6.98,9.1,28.2,0,955.2,63,0.3,1.1,0,0,0,0,0,0,0,348,100,23,97
BER,2023,10,15,0,10.4,90.4,11.4,8.9,7.51,9.6,29.4,0,955.2,63,0.4,1.2,0,0,0,0,0,0,0,346,100,23,97
BER,2023,10,15,1,10.4,90.4,11.4,8.9,7.51,9.6,29.4,0,955.3,108,0.4,1.4,0,0,0,0,0,0,0,344,100,23,97
BER,2023,10,15,2,10.2,89.8,11.2,8.6,7.38,9.3,28.8,0,955.4,40,0.9,1.6,0,0,0,0,0,0,0,343,100,23,97
BER,2023,10,15,3,9.8,89.8,10.9,8.2,7.18,8.9,27.9,0.5,955.6,162,0.5,2,0,0,0,0,0,0,0,342,100,23,97
BER,2023,10,15,4,9.3,87.9,10.3,7.4,6.78,8.3,26.4,0,955.6,166,0.9,2,0,0,0,0,0,0,0,341,100,23,97
BER,2023,10,15,5,9.3,89.1,10.4,7.6,6.84,8.4,26.6,0,955.6,166,1.3,2.3,0,0,0,0,0,0,0,340,100,23,97
BER,2023,10,15,6,9.2,86.7,10.1,7.1,6.64,8.1,26,0,955.8,177,1.9,4.3,0,0,0,0,0,0,0,339,100,23,97
BER,2023,10,15,7,9.1,87.3,10.1,7.1,6.64,8.1,25.9,0,956.2,170,1.7,3.2,34,16,31,19,33,26,19,339,100,23,97
BER,2023,10,15,8,9.3,87.3,10.2,7.3,6.7,8.3,26.2,0,956.8,161,2.2,3.9,54,0,54,32,32,32,33,340,100,23,97
BER,2023,10,15,9,10,83.3,10.2,7.3,6.7,8.6,26.9,0,956.8,144,2.7,4.9,285,348,135,83,322,352,83,335,94,23,97
BER,2023,10,15,10,11,77.9,10.2,7.3,6.7,9,27.9,0,956.8,154,2.9,4.8,333,192,236,137,250,317,138,330,94,23,97
BER,2023,10,15,11,12,68.5,9.6,6.4,6.31,9.1,28,0,956.5,175,2.6,5.5,342,123,273,160,204,287,161,342,100,23,97
BER,2023,10,15,12,11.6,65.2,8.9,5.3,5.84,8.4,26.4,0,956.2,337,2.3,6.6,157,18,147,88,89,107,90,343,100,23,97
BER,2023,10,15,13,11.3,67.9,9.1,5.6,5.97,8.4,26.4,0,956.5,31,2.8,4.8,226,41,204,122,119,162,144,342,100,23,97
BER,2023,10,15,14,12.4,64.1,9.2,5.8,6.04,9,27.7,0,956.6,29,2.2,5,390,499,167,97,96,507,438,317,75,23,97
BER,2023,10,15,15,12.3,59.3,8.5,4.6,5.58,8.4,26.4,0,956.7,30,1.6,3.8,290,546,106,65,65,423,513,321,81,23,97
BER,2023,10,15,16,11.9,58.8,8.2,4.1,5.38,8,25.5,0,956.6,58,1.1,3.8,130,307,72,42,41,187,332,319,81,23,97
BER,2023,10,15,17,10,72.5,8.9,5.3,5.84,7.6,24.8,0,956.7,72,1.3,2.8,12,23,10,6,6,13,29,334,100,23,97
BER,2023,10,15,18,8.5,83.1,9.2,5.8,6.04,7.1,23.7,0,957.2,35,1.6,2.6,0,0,0,0,0,0,0,333,100,23,97
BER,2023,10,15,19,8,84.8,9.1,5.6,5.97,6.8,23.1,0,957.1,13,1.4,2.4,0,0,0,0,0,0,0,331,100,23,97
BER,2023,10,15,20,7.5,84.1,8.7,5,5.7,6.3,21.9,0,957.3,16,1.9,3.8,0,0,0,0,0,0,0,317,88,23,97
BER,2023,10,15,21,7.4,79.5,8.2,4.1,5.38,5.8,20.9,0,956.9,29,3.2,6.8,0,0,0,0,0,0,0,327,100,23,97
BER,2023,10,15,22,6.8,81.7,8.1,3.9,5.31,5.4,20.2,0,956.4,28,3.9,6.7,0,0,0,0,0,0,0,325,100,23,97
BER,2023,10,15,23,6.3,85.8,8.2,4.1,5.38,5.3,19.8,0,955.9,29,3.8,7.6,0,0,0,0,0,0,0,323,100,23,97
BER,2023,10,16,0,6,85.8,8,3.8,5.25,5,19.2,0,955.2,32,4.7,8.2,0,0,0,0,0,0,0,319,100,23,97
BER,2023,10,16,1,5.5,86.3,7.8,3.4,5.12,4.5,18.4,0,955.1,26,3.5,7.4,0,0,0,0,0,0,0,315,100,23,97
BER,2023,10,16,2,5.2,85.7,7.6,3,4.99,4.2,17.7,0,954.7,13,1.5,4.6,0,0,0,0,0,0,0,313,100,23,97
BER,2023,10,16,3,4.8,86.2,7.4,2.7,4.86,3.8,17,0,954.3,21,1.5,3.6,0,0,0,0,0,0,0,311,100,23,97
BER,2023,10,16,4,4.6,85,7.2,2.3,4.73,3.6,16.5,0,954.4,28,2.4,4.7,0,0,0,0,0,0,0,309,100,23,97
BER,2023,10,16,5,4.2,87.4,7.2,2.3,4.73,3.4,16.1,0,954,28,4.6,6.3,0,0,0,0,0,0,0,307,100,23,97
BER,2023,10,16,6,3.8,88.6,7.1,2.1,4.66,3,15.5,0,953.9,29,4.6,6.7,0,0,0,0,0,0,0,305,100,23,97
BER,2023,10,16,7,3.8,88.6,7.1,2.1,4.66,3,15.5,0,954.2,29,3.9,6.3,92,365,40,24,373,175,24,291,55,23,97
BER,2023,10,16,8,5.1,84.5,7.4,2.7,4.86,4,17.3,0,954.4,27,3.6,6.1,251,635,74,48,596,415,48,300,54,23,97
BER,2023,10,16,9,6.9,78.4,7.8,3.4,5.13,5.2,19.8,0,954.3,29,3.9,6.7,404,816,77,61,633,644,61,274,13,23,97
BER,2023,10,16,10,8.4,75.4,8.3,4.3,5.46,6.4,22.2,0,954,28,3.8,6.5,509,830,97,77,492,767,76,291,19,23,97
BER,2023,10,16,11,9.5,71.4,8.5,4.6,5.59,7.1,23.6,0,953.6,33,4,8.7,582,904,85,81,305,877,80,264,0,23,97
BER,2023,10,16,12,10.6,67.3,8.6,4.8,5.67,7.7,24.9,0,952.8,13,3.8,7.1,590,895,89,83,104,882,203,278,6,23,97
BER,2023,10,16,13,11.6,63.9,8.7,5,5.74,8.2,26.1,0,952.2,9,4,7.4,542,860,93,79,81,816,426,296,23,23,97
BER,2023,10,16,14,12,63.5,8.9,5.3,5.87,8.6,26.9,0,951.8,10,3.1,6.2,432,724,111,76,77,642,539,318,55,23,97
BER,2023,10,16,15,12.1,63.1,8.9,5.3,5.87,8.6,27,0,951.6,16,2.7,4.6,290,580,95,60,61,441,530,318,59,23,97
BER,2023,10,16,16,11.6,66.1,9,5.5,5.94,8.5,26.6,0,951.6,17,2.8,4.8,143,445,64,37,37,245,456,317,60,23,97
BER,2023,10,16,17,9.8,76.7,9.3,5.9,6.14,7.8,25.3,0,951.9,32,1.9,3.2,14,74,9,5,5,30,77,336,90,23,97
BER,2023,10,16,18,8.6,81.4,9.1,5.6,6,7.1,23.7,0,952.2,20,2.1,3.9,0,0,0,0,0,0,0,339,100,23,97
BER,2023,10,16,19,7.9,83.6,8.9,5.3,5.87,6.6,22.7,0,952.2,21,1.8,3.7,0,0,0,0,0,0,0,320,64,23,97
BER,2023,10,16,20,6.9,88.3,8.8,5.1,5.8,6,21.5,0,952.4,17,1.4,3.1,0,0,0,0,0,0,0,326,64,23,97
BER,2023,10,16,21,5.9,93.9,8.7,5,5.73,5.5,20.3,0,952.6,18,1,2.7,0,0,0,0,0,0,0,319,55,23,97
BER,2023,10,16,22,5.1,94.6,8.3,4.3,5.46,4.7,18.8,0,953,23,0.7,1.5,0,0,0,0,0,0,0,332,44,23,97
BER,2023,10,16,23,4.6,96.6,8.2,4.1,5.4,4.4,18.2,0,952.8,27,0.2,0.7,0,0,0,0,0,0,0,325,94,23,97
BER,2023,10,17,0,4.4,96.5,8.1,3.9,5.33,4.2,17.8,0,952.6,198,0.4,1.3,0,0,0,0,0,0,0,306,68,23,97
BER,2023,10,17,1,3.9,96.5,7.8,3.4,5.14,3.7,16.8,0,952.2,34,0.5,1.3,0,0,0,0,0,0,0,309,36,23,97
BER,2023,10,17,2,3.6,95.8,7.6,3,5.01,3.3,16.2,0,952,270,0.2,0.9,0,0,0,0,0,0,0,301,13,23,97
BER,2023,10,17,3,3.1,97.2,7.4,2.7,4.87,2.9,15.3,0,952.1,45,0.6,1.1,0,0,0,0,0,0,0,296,0,23,97
BER,2023,10,17,4,2.2,99.3,7.1,2.1,4.67,2.2,13.9,0,952.1,270,0.1,0.8,0,0,0,0,0,0,0,299,0,23,97
BER,2023,10,17,5,2.7,98.6,7.3,2.5,4.81,2.6,14.7,0,952,18,0.4,0.9,0,0,0,0,0,0,0,308,36,23,97
BER,2023,10,17,6,3,97.9,7.4,2.7,4.87,2.9,15.2,0,952.1,7,0.8,1.5,0,0,0,0,0,0,0,304,20,23,97
BER,2023,10,17,7,3.9,99.3,8,3.8,5.27,3.9,17.1,0,952.3,9,0.6,1.4,36,13,34,20,33,27,20,313,61,23,97
BER,2023,10,17,8,5.3,97.9,8.7,5,5.73,5.2,19.7,0,952.3,252,0.5,1.6,136,69,117,70,130,113,70,325,75,23,97
BER,2023,10,17,9,6.2,95.9,9.1,5.6,6,5.9,21.3,0,952.2,211,0.8,1.7,299,316,171,98,337,351,98,326,71,23,97
BER,2023,10,17,10,8.4,89,9.8,6.7,6.47,7.5,24.7,0,951.8,297,0.7,1.9,450,603,153,93,417,625,93,332,71,23,97
BER,2023,10,17,11,10.8,73.2,9.5,6.2,6.27,8.4,26.7,0,951.4,281,0.6,2.1,548,808,107,85,298,812,85,321,55,23,97
BER,2023,10,17,12,12.7,65.9,9.7,6.5,6.41,9.4,28.9,0,950.7,243,0.6,2.1,561,806,114,87,111,827,206,329,64,23,97
BER,2023,10,17,13,14.1,65.8,10.6,7.8,7.02,10.6,31.9,0,950.1,6,1.2,3,487,675,136,92,93,693,374,332,68,23,97
BER,2023,10,17,14,14.6,65,10.8,8.1,7.15,11,32.8,0,949.7,6,2,4.2,397,617,128,79,80,574,487,342,81,23,97
BER,2023,10,17,15,14.2,66.7,10.8,8.1,7.16,10.8,32.4,0,949.2,22,2.4,4.6,261,472,106,64,64,379,450,340,78,23,97
BER,2023,10,17,16,13.2,70.7,10.7,8,7.09,10.4,31.2,0,948.8,27,3.1,5,91,111,69,41,40,98,145,352,100,23,97
BER,2023,10,17,17,11.8,78.6,10.9,8.2,7.23,9.8,30.1,0,948.8,28,3.5,5.4,6,6,5,3,3,5,9,350,100,23,97
BER,2023,10,17,18,10.6,84.5,10.8,8.1,7.16,9.3,28.7,0,948.9,21,4,6.2,0,0,0,0,0,0,0,349,100,23,97
BER,2023,10,17,19,9.8,87.3,10.6,7.8,7.03,8.7,27.5,0,948.6,17,3.4,5.5,0,0,0,0,0,0,0,347,100,23,97
BER,2023,10,17,20,9.2,89.7,10.4,7.6,6.89,8.4,26.6,0,948.6,11,3.1,5.4,0,0,0,0,0,0,0,345,100,23,97
BER,2023,10,17,21,8.7,90.9,10.2,7.3,6.76,8,25.8,0,948.5,6,2.1,4.3,0,0,0,0,0,0,0,344,100,23,97
BER,2023,10,17,22,8.2,92.1,10,7,6.63,7.6,24.9,0,948.4,4,1.3,3.6,0,0,0,0,0,0,0,343,100,23,97
BER,2023,10,17,23,8.1,92.8,10,7,6.63,7.5,24.8,0,948.2,7,0.9,1.6,0,0,0,0,0,0,0,341,100,23,97
BER,2023,10,18,0,8,92.1,9.9,6.8,6.57,7.4,24.5,0,947.8,9,1.3,2.6,0,0,0,0,0,0,0,340,100,23,97
BER,2023,10,18,1,8,91.5,9.8,6.7,6.5,7.3,24.4,0,947.3,10,1.1,2.1,0,0,0,0,0,0,0,335,81,24,97
BER,2023,10,18,2,8,92.1,9.9,6.8,6.57,7.4,24.6,0,946.7,8,1.6,3.5,0,0,0,0,0,0,0,318,43,24,97
BER,2023,10,18,3,7.4,94,9.7,6.5,6.44,6.9,23.6,0,946.4,11,1.7,3.3,0,0,0,0,0,0,0,334,90,24,97
BER,2023,10,18,4,7.5,94.7,9.8,6.7,6.51,7.1,23.9,0,945.7,24,2.8,5.3,0,0,0,0,0,0,0,333,94,24,97
BER,2023,10,18,5,7.5,94.7,9.8,6.7,6.52,7.1,23.9,0,945.2,15,3.1,6.6,0,0,0,0,0,0,0,336,75,24,97
BER,2023,10,18,6,7.4,94,9.7,6.5,6.45,6.9,23.7,0,944.7,10,2.4,5.1,0,0,0,0,0,0,0,328,68,24,97
BER,2023,10,18,7,7.4,94,9.7,6.5,6.45,6.9,23.6,0,945.1,360,1.4,2.4,41,58,33,20,75,45,20,330,78,24,97
BER,2023,10,18,8,8.2,92.1,10,7,6.65,7.6,25,0,945.1,13,1.4,2.7,65,32,57,35,63,53,35,335,88,24,97
BER,2023,10,18,9,9,90.9,10.4,7.6,6.93,8.3,26.5,0,944.3,15,2.1,4.5,237,188,158,96,225,247,96,341,78,24,97
BER,2023,10,18,10,10.4,85.1,10.7,8,7.13,9.1,28.4,0,943.8,6,2.2,4.8,319,282,186,110,281,362,110,346,81,24,97
BER,2023,10,18,11,11.6,81.3,11.1,8.5,7.41,9.9,30.3,0,943.4,4,1.4,2.8,218,47,192,116,129,164,116,356,88,24,97
BER,2023,10,18,12,12.9,77.2,11.5,9,7.68,10.7,32.4,0,942.4,11,1.1,2.4,139,7,135,82,80,90,85,365,100,24,97
BER,2023,10,18,13,13.3,77.7,11.9,9.5,7.95,11.2,33.5,0,942.4,23,1.5,2.6,54,0,54,33,32,33,33,368,100,24,97
BER,2023,10,18,14,13.6,77.8,12.1,9.8,8.1,11.4,34.1,0,941.4,42,1.5,2.9,183,176,110,67,66,207,192,366,94,24,97
BER,2023,10,18,15,13.8,78.9,12.4,10.2,8.3,11.7,34.9,0,941.1,25,1.5,3.3,159,98,129,77,76,144,161,365,94,24,97
BER,2023,10,18,16,13.2,82.6,12.5,10.3,8.38,11.5,34.4,0,940.7,16,2,3.8,48,3,47,29,28,30,32,363,100,24,97
BER,2023,10,18,17,12.3,87,12.4,10.2,8.31,11.1,33.3,0,940.5,18,2.8,4.6,7,20,6,4,3,10,23,362,100,24,97
BER,2023,10,18,18,11.3,89.9,12,9.7,8.04,10.4,31.6,0,940.4,10,2.4,4.2,0,0,0,0,0,0,0,360,100,24,97
BER,2023,10,18,19,10.9,90.5,11.8,9.4,7.91,10.1,30.9,0,940.1,12,1.6,4.2,0,0,0,0,0,0,0,359,100,24,97
BER,2023,10,18,20,10.9,90.5,11.8,9.4,7.9,10.1,30.9,0,940.5,329,0.7,1.8,0,0,0,0,0,0,0,359,100,24,97
BER,2023,10,18,21,11.1,91.7,12.1,9.8,8.11,10.4,31.6,0,940.3,153,0.8,2,0,0,0,0,0,0,0,359,100,24,97
BER,2023,10,18,22,11.4,91.1,12.3,10,8.24,10.6,32.2,0,940.4,207,0.8,1.8,0,0,0,0,0,0,0,358,100,24,97
BER,2023,10,18,23,11.7,92.3,12.7,10.5,8.52,11,33.2,0.2,940,164,0.8,1.4,0,0,0,0,0,0,0,358,100,24,97
BER,2023,10,19,0,11.5,93.6,12.7,10.5,8.52,10.9,33,0,939.6,202,0.7,1.4,0,0,0,0,0,0,0,358,100,24,97
BER,2023,10,19,1,11.7,93.6,12.9,10.7,8.66,11.1,33.6,0,939.1,198,0.4,1.9,0,0,0,0,0,0,0,358,100,24,97
BER,2023,10,19,2,11.8,94.2,13,10.9,8.74,11.3,33.9,0.1,938.6,180,0.5,1.7,0,0,0,0,0,0,0,357,100,24,97
BER,2023,10,19,3,12,94.2,13.2,11.1,8.88,11.5,34.5,0.2,938,194,0.5,1.3,0,0,0,0,0,0,0,357,100,24,97
BER,2023,10,19,4,12.2,93,13.2,11.1,8.88,11.6,34.7,1.1,937.4,190,1.2,2.9,0,0,0,0,0,0,0,357,100,24,97
BER,2023,10,19,5,12.3,93,13.3,11.2,8.96,11.7,35,0.6,936.6,167,1.1,4.1,0,0,0,0,0,0,0,356,100,24,97
BER,2023,10,19,6,12.2,93.6,13.3,11.2,8.96,11.6,34.9,0.4,936.2,135,0.5,1.5,0,0,0,0,0,0,0,356,100,24,97
BER,2023,10,19,7,12.4,93.6,13.5,11.4,9.1,11.8,35.4,0.1,935.8,214,1,2.5,7,0,7,4,4,4,4,357,100,24,97
BER,2023,10,19,8,12.7,93.6,13.7,11.7,9.24,12.1,36.1,0,935.6,288,0.5,2.3,13,0,13,8,8,8,8,360,100,24,97
BER,2023,10,19,9,13.5,91.2,14.1,12.1,9.52,12.7,37.6,0.3,935,135,0.1,1.2,77,2,76,46,46,47,47,362,94,24,97
BER,2023,10,19,10,15,86.7,14.8,12.8,10.01,13.7,40.4,0,934.5,360,0.9,2.6,281,235,174,110,242,302,110,359,88,24,97
BER,2023,10,19,11,15.2,86.1,14.9,12.9,10.08,13.8,40.8,0,933.9,29,1.9,3.5,237,199,129,78,125,272,78,365,94,24,97
BER,2023,10,19,12,15.7,85.6,15.3,13.3,10.36,14.2,42,0,933.6,20,1.5,3.1,78,4,76,46,46,50,46,371,100,24,97
BER,2023,10,19,13,16.4,81.9,15.3,13.3,10.38,14.5,42.8,0,932.5,23,2.2,4.5,227,75,188,112,110,188,146,369,94,24,97
BER,2023,10,19,14,16.6,84.6,16,14,10.87,15,44.2,0,931.2,26,3.7,7,251,290,136,85,84,306,289,364,88,24,97
BER,2023,10,19,15,15.8,89.6,16.1,14.1,10.95,14.7,43.6,0,930.6,16,3.4,6.1,91,38,77,46,45,75,78,369,100,24,97
BER,2023,10,19,16,15.5,89.6,15.8,13.8,10.75,14.5,42.8,0,930.4,9,2,4.6,6,0,6,4,4,4,4,368,100,24,97
BER,2023,10,19,17,15.4,90.2,15.8,13.8,10.74,14.4,42.7,0.1,930.5,340,1.5,2.8,0,0,0,0,0,0,0,366,94,24,97
BER,2023,10,19,18,15.1,91.9,15.8,13.8,10.76,14.3,42.4,0.1,929.4,22,1.6,5.6,0,0,0,0,0,0,0,365,100,24,97
BER,2023,10,19,19,14.8,93.7,15.8,13.8,10.77,14.2,42.1,0,928.7,14,1.3,4.4,0,0,0,0,0,0,0,364,100,24,97
BER,2023,10,19,20,14.7,94.3,15.8,13.8,10.77,14.1,42,0.1,928,21,1.4,3.4,0,0,0,0,0,0,0,364,100,24,97
BER,2023,10,19,21,14.6,94.3,15.7,13.7,10.71,14,41.7,0,927.6,13,1.8,4.1,0,0,0,0,0,0,0,363,100,24,97
BER,2023,10,19,22,14.5,94.3,15.6,13.6,10.65,14,41.5,0,926.3,10,1.8,4.4,0,0,0,0,0,0,0,363,100,24,97
BER,2023,10,19,23,14.3,94.9,15.5,13.5,10.6,13.8,41.2,0,925.4,60,1.1,5.5,0,0,0,0,0,0,0,362,100,24,97
BER,2023,10,20,0,14.2,94.9,15.4,13.4,10.53,13.7,40.9,0,924.7,349,1,2.9,0,0,0,0,0,0,0,362,100,24,97
BER,2023,10,20,1,14.2,94.3,15.3,13.3,10.48,13.7,40.8,0.1,923,14,1.3,3.8,0,0,0,0,0,0,0,361,100,24,97
BER,2023,10,20,2,14,93.7,15,13,10.3,13.4,40.1,0,920.9,27,1.2,2.6,0,0,0,0,0,0,0,361,100,24,97
BER,2023,10,20,3,13.8,93.7,14.8,12.8,10.18,13.2,39.6,0,919.2,21,2.8,5.5,0,0,0,0,0,0,0,361,100,24,97
BER,2023,10,20,4,13.5,94.3,14.6,12.6,10.06,13,39,0,917.5,33,3.2,6.3,0,0,0,0,0,0,0,361,94,24,97
BER,2023,10,20,5,13.3,94.3,14.4,12.4,9.93,12.8,38.4,0,916.8,307,0.9,3.1,0,0,0,0,0,0,0,361,100,24,97
BER,2023,10,20,6,13.5,93.1,14.4,12.4,9.91,12.8,38.6,0,917.9,242,2.7,8.5,0,0,0,0,0,0,0,361,100,24,97
BER,2023,10,20,7,13.8,91.9,14.5,12.5,9.96,13,39,0.5,919.6,232,2.4,5.4,16,0,16,10,10,10,10,361,100,24,97
BER,2023,10,20,8,14.2,91.3,14.8,12.8,10.16,13.4,40,2.2,920.7,253,1.9,6.4,25,0,25,15,15,15,15,362,100,24,97
BER,2023,10,20,9,14.2,88.9,14.4,12.4,9.87,13.1,39.2,2,921.7,233,3.6,10.3,35,0,35,22,21,21,22,362,100,24,97
BER,2023,10,20,10,13.5,87.7,13.6,11.5,9.31,12.3,37.1,1.5,922.7,251,4.7,10.1,84,1,84,51,51,52,52,363,100,24,97
BER,2023,10,20,11,13.4,87.7,13.5,11.4,9.22,12.2,36.8,1.2,924.1,250,4.4,10.8,43,0,43,26,26,26,26,363,100,24,97
BER,2023,10,20,12,13.3,85.9,13.1,11,8.95,12,36,0.6,923.9,237,3.8,8.8,28,0,28,17,17,17,17,364,100,24,97
BER,2023,10,20,13,13.3,85.9,13.1,11,8.95,12,36,0.4,923.6,225,1.3,3.3,25,0,25,16,15,16,16,364,100,24,97
BER,2023,10,20,14,13.3,83.7,12.8,10.6,8.74,11.7,35.4,0.1,923.8,194,0.8,2.4,20,0,20,12,12,12,12,362,100,24,97
BER,2023,10,20,15,13.2,85.9,13,10.9,8.87,11.9,35.7,0,924.3,153,0.6,1.9,73,18,67,41,40,53,57,359,100,24,97
BER,2023,10,20,16,13.9,82.1,13,10.9,8.87,12.2,36.4,0,924.4,158,1.2,3.3,55,143,39,23,23,84,160,354,88,24,97
BER,2023,10,20,17,12.3,91.2,13,10.9,8.87,11.5,34.7,0,924.7,124,0.5,1.5,7,39,5,3,3,16,40,345,51,24,97
BER,2023,10,20,18,11.8,91.7,12.7,10.5,8.65,11.1,33.7,0,925.7,180,0.8,3.2,0,0,0,0,0,0,0,353,100,24,97
BER,2023,10,20,19,12.5,87,12.6,10.4,8.58,11.3,34.2,0,926,174,2,4,0,0,0,0,0,0,0,335,56,24,97
BER,2023,10,20,20,12.1,88.7,12.5,10.3,8.5,11.1,33.6,0,927.1,196,1.6,3.3,0,0,0,0,0,0,0,334,53,24,97
BER,2023,10,20,21,12.3,88.8,12.7,10.5,8.63,11.3,34.1,0,927.8,180,2,3.8,0,0,0,0,0,0,0,352,94,24,97
BER,2023,10,20,22,12.4,88.2,12.7,10.5,8.62,11.3,34.2,0,928.7,180,2.9,6.4,0,0,0,0,0,0,0,349,94,24,97
BER,2023,10,20,23,12.2,85.8,12.2,9.9,8.27,10.9,33.1,0,929.4,167,1.8,3.1,0,0,0,0,0,0,0,339,68,24,97
BER,2023,10,21,0,13.4,74.7,11.5,9,7.78,10.9,33.1,0,930.7,207,1.7,4.3,0,0,0,0,0,0,0,349,84,24,97
BER,2023,10,21,1,14.5,71,11.7,9.3,7.91,11.6,34.6,0,931.5,241,3.7,10.4,0,0,0,0,0,0,0,352,94,24,97
BER,2023,10,21,2,13.7,79.4,12.4,10.2,8.38,11.7,34.9,1.1,933,236,5.6,13.7,0,0,0,0,0,0,0,351,100,24,97
BER,2023,10,21,3,12.8,84.8,12.5,10.3,8.44,11.4,34.2,0.4,933.7,209,3.3,9.3,0,0,0,0,0,0,0,346,94,24,97
BER,2023,10,21,4,12.5,84.7,12.3,10,8.3,11.1,33.5,0,934.3,200,1.6,4.9,0,0,0,0,0,0,0,345,81,24,97
BER,2023,10,21,5,12.4,81.4,11.7,9.3,7.88,10.7,32.4,0,934.8,217,1.6,4.1,0,0,0,0,0,0,0,332,71,24,97
BER,2023,10,21,6,11.9,86.4,12,9.7,8.08,10.7,32.3,0,935.7,201,1.1,3.2,0,0,0,0,0,0,0,320,48,24,97
BER,2023,10,21,7,12.3,84.1,12,9.7,8.07,10.8,32.7,0,936.5,27,0.7,2.8,25,10,24,15,23,18,15,347,94,24,97
BER,2023,10,21,8,13.1,81.5,12.3,10,8.27,11.3,34.1,0,937.2,234,1.2,4.4,154,231,103,62,268,193,62,349,88,24,97
BER,2023,10,21,9,13.6,81,12.6,10.4,8.47,11.8,35.1,0,937.7,213,1.8,4,216,110,173,103,184,195,103,351,94,24,97
BER,2023,10,21,10,14.2,75.8,12.3,10,8.26,11.8,35.2,0,938.3,237,2.8,6.8,250,127,193,116,194,229,117,354,94,24,97
BER,2023,10,21,11,14.4,70.9,11.6,9.2,7.79,11.5,34.2,0,938.3,228,2.8,7.3,159,28,144,87,94,117,87,356,100,24,97
BER,2023,10,21,12,16.2,58.7,10.8,8.1,7.24,11.7,34.6,0,938.2,238,5.3,11.8,443,427,215,127,143,553,211,345,68,24,97
BER,2023,10,21,13,17.1,52.4,10.2,7.3,6.84,11.7,34.5,0,938.3,246,5.3,10.4,291,117,233,139,136,254,202,353,81,24,97
BER,2023,10,21,14,17,53.1,10.3,7.4,6.9,11.7,34.6,0,938.6,253,4.6,10.6,231,122,180,107,105,213,192,351,75,24,97
BER,2023,10,21,15,16.5,51.6,9.7,6.5,6.49,11.1,33,0,939.1,235,5.4,10.8,143,281,69,43,42,215,282,339,65,24,97
BER,2023,10,21,16,15.7,56.2,10,7,6.69,11,32.7,0,939.6,225,3.8,7.7,55,46,45,27,27,53,70,351,88,24,97
BER,2023,10,21,17,14.6,58.3,9.7,6.5,6.48,10.3,31.1,0,940.4,221,3,5.9,0,0,0,0,0,0,0,315,51,24,97
BER,2023,10,21,18,13.2,66.5,10.1,7.1,6.74,9.9,30.3,0,941.5,194,1.9,4.8,0,0,0,0,0,0,0,305,41,24,97
BER,2023,10,21,19,12.4,73.5,10.6,7.8,7.08,9.9,30.3,0,942,194,1.4,3,0,0,0,0,0,0,0,287,29,24,97
BER,2023,10,21,20,12,79.1,11.1,8.5,7.41,10.1,30.8,0,942.7,175,1.1,2.5,0,0,0,0,0,0,0,307,54,24,97
BER,2023,10,21,21,11.1,83.4,11,8.4,7.34,9.6,29.7,0,943.3,207,0.5,2.6,0,0,0,0,0,0,0,297,34,24,97
BER,2023,10,21,22,11.2,82.9,11,8.4,7.34,9.7,29.8,0,943.7,166,1.7,3.3,0,0,0,0,0,0,0,292,31,24,97
BER,2023,10,21,23,11,82.3,10.8,8.1,7.2,9.4,29.2,0,944.1,162,2,4.2,0,0,0,0,0,0,0,302,55,24,97
BER,2023,10,22,0,10.1,88,10.9,8.2,7.26,9.1,28.4,0,944.8,174,1.3,3.6,0,0,0,0,0,0,0,300,65,24,97
BER,2023,10,22,1,9.7,91.6,11,8.4,7.32,9,28.2,0,945.1,207,0.6,2.2,0,0,0,0,0,0,0,311,78,25,97
BER,2023,10,22,2,9.9,90.4,11,8.4,7.32,9.1,28.4,0,945.6,214,0.9,2.1,0,0,0,0,0,0,0,319,81,25,97
BER,2023,10,22,3,9.8,91.6,11.1,8.5,7.39,9.1,28.4,0,945.8,166,0.4,1.5,0,0,0,0,0,0,0,309,64,25,97
BER,2023,10,22,4,9.5,92.8,11,8.4,7.32,8.9,28,0,946.3,214,0.5,2.2,0,0,0,0,0,0,0,291,48,25,97
BER,2023,10,22,5,9.2,93.5,10.9,8.2,7.25,8.7,27.5,0,946.6,135,0.3,1.4,0,0,0,0,0,0,0,290,41,25,97
BER,2023,10,22,6,9.6,90.4,10.8,8.1,7.18,8.8,27.7,0,947,171,0.7,1.8,0,0,0,0,0,0,0,316,64,25,97
BER,2023,10,22,7,9.7,87.3,10.5,7.7,6.97,8.6,27.3,0,947.8,176,1.4,3.5,64,245,33,19,250,130,19,287,36,25,97
BER,2023,10,22,8,11,80.6,10.6,7.8,7.03,9.3,28.8,0,948,162,2.2,4.3,207,525,74,48,496,367,48,274,23,25,97
BER,2023,10,22,9,12.7,73.5,10.8,8.1,7.17,10.2,30.9,0,948.3,166,1.8,3.9,324,557,121,78,483,496,78,284,36,25,97
BER,2023,10,22,10,13.8,63.5,10,7,6.63,10.1,30.6,0,948.4,191,2.4,4.5,507,777,141,92,495,785,92,283,36,25,97
BER,2023,10,22,11,14.7,58.7,9.8,6.7,6.49,10.4,31.2,0,948.5,237,2.6,6,536,869,85,82,291,865,82,285,36,25,97
BER,2023,10,22,12,15.3,55.7,9.7,6.5,6.43,10.6,31.6,0,948.1,236,3,6.4,511,703,140,96,117,767,214,310,55,25,97
BER,2023,10,22,13,15.8,52.5,9.4,6.1,6.23,10.6,31.6,0,948,255,2.6,5.7,447,585,160,101,101,642,365,322,68,25,97
BER,2023,10,22,14,15.7,51,9.1,5.6,6.03,10.3,31,0,948.2,262,2.4,5.3,351,517,137,89,89,510,420,327,68,25,97
BER,2023,10,22,15,15.4,51.6,9,5.5,5.96,10.2,30.6,0,948.4,238,1.3,3.3,156,114,120,72,71,156,168,348,100,25,97
BER,2023,10,22,16,14.5,58.2,9.6,6.4,6.36,10.2,30.6,0,948.6,270,0.6,1.5,46,13,43,27,26,33,38,341,94,25,97
BER,2023,10,22,17,12,76.5,10.7,8,7.09,9.8,30,0,948.9,45,0.2,1,0,0,0,0,0,0,0,344,100,25,97
BER,2023,10,22,18,10.9,82.3,10.7,8,7.09,9.3,28.8,0,949.4,360,0.1,0.9,0,0,0,0,0,0,0,341,100,25,97
BER,2023,10,22,19,10.2,86.2,10.7,8,7.09,9,28.1,0,949.3,27,0.2,0.9,0,0,0,0,0,0,0,322,73,25,97
BER,2023,10,22,20,9.4,89.1,10.5,7.7,6.95,8.5,26.9,0,949.9,0,0,0.5,0,0,0,0,0,0,0,327,79,25,97
BER,2023,10,22,21,9.4,89.1,10.5,7.7,6.95,8.5,26.9,0,950,207,0.3,1.3,0,0,0,0,0,0,0,337,100,25,97
BER,2023,10,22,22,9.2,89.7,10.4,7.6,6.89,8.4,26.6,0,949.5,90,0.4,1.1,0,0,0,0,0,0,0,336,100,25,97
BER,2023,10,22,23,8.8,90.9,10.3,7.4,6.82,8.1,26,0,949.6,18,0.6,1.3,0,0,0,0,0,0,0,335,100,25,97
BER,2023,10,23,0,8.8,92.2,10.4,7.6,6.89,8.2,26.2,0,949.7,270,0.1,1.1,0,0,0,0,0,0,0,334,100,25,97
BER,2023,10,23,1,8.8,92.8,10.5,7.7,6.95,8.2,26.3,0,949.8,225,0.2,0.9,0,0,0,0,0,0,0,333,100,25,97
BER,2023,10,23,2,8.8,93.4,10.6,7.8,7.02,8.3,26.5,0,949.4,270,0.1,0.6,0,0,0,0,0,0,0,333,100,25,97
BER,2023,10,23,3,8.9,92.2,10.5,7.7,6.96,8.3,26.5,0,948.9,27,0.9,1.8,0,0,0,0,0,0,0,330,94,25,97
BER,2023,10,23,4,8.8,92.8,10.5,7.7,6.96,8.2,26.4,0,948.6,16,0.7,1.5,0,0,0,0,0,0,0,334,100,25,97
BER,2023,10,23,5,8.8,92.8,10.5,7.7,6.96,8.2,26.4,0,948.2,8,1.5,2.8,0,0,0,0,0,0,0,335,100,25,97
BER,2023,10,23,6,8.8,92.2,10.4,7.6,6.9,8.2,26.2,0,947.9,5,1.3,3.4,0,0,0,0,0,0,0,335,100,25,97
BER,2023,10,23,7,8.9,92.2,10.5,7.7,6.97,8.3,26.5,0,947.6,11,1.6,3.6,11,2,10,6,8,7,7,337,100,25,97
BER,2023,10,23,8,9.1,91.6,10.6,7.8,7.03,8.4,26.8,0.6,948.6,14,1.7,3.6,86,39,78,48,82,70,48,341,100,25,97
BER,2023,10,23,9,9.6,92.2,11,8.4,7.31,9,28,0.2,947.6,29,2.9,5.8,115,18,108,66,78,81,66,337,88,25,97
BER,2023,10,23,10,10.4,92.3,11.6,9.2,7.71,9.7,29.9,0.3,947.4,13,1.4,3.1,57,0,57,35,34,35,35,348,100,25,97
BER,2023,10,23,11,10.9,91.1,11.9,9.5,7.92,10.1,30.9,0.1,946.1,28,2.2,4.5,123,8,118,73,74,81,73,352,100,25,97
BER,2023,10,23,12,11.9,89.9,12.5,10.3,8.34,11,33,0,944.9,29,2.9,7,269,144,194,116,114,265,165,352,100,25,97
BER,2023,10,23,13,12.6,87.6,12.8,10.6,8.55,11.5,34.3,0,943.6,26,4,7.1,313,183,224,134,132,315,224,358,100,25,97
BER,2023,10,23,14,13.1,85.4,12.9,10.7,8.63,11.7,34.9,0,943,24,4,6.2,230,119,183,111,109,213,196,356,100,25,97
BER,2023,10,23,15,12.9,84.8,12.6,10.4,8.42,11.5,34.2,0,943,7,2.4,5.6,165,172,121,74,72,184,222,350,94,25,97
BER,2023,10,23,16,12.4,85.3,12.3,10,8.22,11,33.2,0,942.8,352,0.8,2.3,61,72,48,29,29,69,94,349,94,25,97
BER,2023,10,23,17,11.4,91.1,12.3,10,8.22,10.6,32.2,0,943.1,297,0.3,1.1,1,0,1,1,1,1,1,351,100,25,97
BER,2023,10,23,18,10.6,94.2,12,9.7,8.01,10.1,30.8,0,943.8,90,0.3,0.9,0,0,0,0,0,0,0,350,100,25,97
BER,2023,10,23,19,10.9,93.5,12.2,9.9,8.14,10.3,31.5,0,944.9,135,0.3,2,0,0,0,0,0,0,0,349,100,25,97
BER,2023,10,23,20,11.4,91.1,12.3,10,8.2,10.6,32.1,0,945.1,173,1.8,3.7,0,0,0,0,0,0,0,349,100,25,97
BER,2023,10,23,21,11.7,89.3,12.3,10,8.2,10.7,32.4,0,944.9,180,1.6,3.5,0,0,0,0,0,0,0,349,100,25,97
BER,2023,10,23,22,11.5,89.9,12.2,9.9,8.13,10.6,32.1,0,945.1,37,1.8,4.5,0,0,0,0,0,0,0,349,100,25,97
BER,2023,10,23,23,11.2,92.3,12.3,10,8.2,10.5,31.9,0,945.3,17,1.5,4.2,0,0,0,0,0,0,0,349,100,25,97
BER,2023,10,24,0,11,93.5,12.3,10,8.2,10.4,31.7,0,944.8,0,1.1,3,0,0,0,0,0,0,0,350,100,25,97
BER,2023,10,24,1,10.5,95.4,12.1,9.8,8.08,10.1,30.9,0,944,27,0.4,1.4,0,0,0,0,0,0,0,350,100,26,97
BER,2023,10,24,2,10.6,94.8,12.1,9.8,8.08,10.2,31,0,944,225,0.3,1.6,0,0,0,0,0,0,0,350,100,26,97
BER,2023,10,24,3,10.5,95.4,12.1,9.8,8.08,10.1,30.9,0,943.4,162,0.5,1.8,0,0,0,0,0,0,0,350,100,26,97
BER,2023,10,24,4,10.7,94.2,12.1,9.8,8.08,10.2,31.1,0,943.5,297,0.6,1.4,0,0,0,0,0,0,0,350,100,26,97
BER,2023,10,24,5,11,93.5,12.3,10,8.22,10.4,31.8,0,943.2,360,0.6,1.6,0,0,0,0,0,0,0,351,100,26,97
BER,2023,10,24,6,11.1,92.3,12.2,9.9,8.15,10.4,31.7,0,943,329,1,1.8,0,0,0,0,0,0,0,351,100,26,97
BER,2023,10,24,7,11.1,94.8,12.5,10.3,8.35,10.6,32.2,4.6,943.5,225,0.9,3,3,0,3,2,2,2,2,351,100,26,97
BER,2023,10,24,8,11.3,95.5,12.8,10.6,8.55,10.9,32.9,2.3,944.2,247,1,4.5,21,0,21,13,13,13,13,353,100,26,97
BER,2023,10,24,9,11.7,93,12.8,10.6,8.55,11.1,33.3,1.8,943.8,159,1,3.2,22,0,22,14,13,14,14,354,100,26,97
BER,2023,10,24,10,12.1,93,13.1,11,8.76,11.5,34.3,0.8,943.7,180,1,1.9,35,0,35,22,21,22,22,355,100,26,97
BER,2023,10,24,11,12.3,92.4,13.2,11.1,8.83,11.6,34.6,0.8,943.2,180,1.1,2.4,87,0,87,54,53,54,54,356,100,26,97
BER,2023,10,24,12,12.5,92.4,13.4,11.3,8.97,11.8,35.2,1,943,222,1.2,2.5,40,0,40,25,24,25,25,357,100,26,97
BER,2023,10,24,13,12.2,91.8,13,10.9,8.69,11.5,34.2,1.5,943,232,1.6,4.9,29,0,29,18,17,18,18,357,100,26,97
BER,2023,10,24,14,12.3,90,12.9,10.7,8.63,11.4,34.1,0.4,942.8,194,1.2,3,48,0,48,30,29,30,30,355,100,26,97
BER,2023,10,24,15,13.1,85.4,12.9,10.7,8.63,11.7,35,0,942.5,180,1.5,3,82,36,73,45,44,68,77,346,81,26,97
BER,2023,10,24,16,13,87.1,13,10.9,8.7,11.8,35,0,942.2,172,1.5,2.8,47,32,44,27,26,40,57,345,78,26,97
BER,2023,10,24,17,12.5,88.8,12.9,10.7,8.63,11.5,34.4,0,942.2,169,1.1,2,0,0,0,0,0,0,0,350,70,26,97
BER,2023,10,24,18,12.4,88.2,12.7,10.5,8.49,11.3,33.9,0,942.8,189,1.3,2.9,0,0,0,0,0,0,0,340,88,26,97
BER,2023,10,24,19,11.9,91.7,12.8,10.6,8.56,11.2,33.6,0,942.8,194,0.7,1.4,0,0,0,0,0,0,0,317,40,26,97
BER,2023,10,24,20,11.6,93,12.7,10.5,8.49,11,33.1,0,942.8,180,0.8,1.8,0,0,0,0,0,0,0,313,41,26,97
BER,2023,10,24,21,11.1,95.4,12.6,10.4,8.42,10.7,32.4,0,943.2,202,0.6,1.9,0,0,0,0,0,0,0,321,63,26,97
BER,2023,10,24,22,11.1,95.4,12.6,10.4,8.42,10.7,32.4,0,943.3,0,0,0,0,0,0,0,0,0,0,331,84,26,97
BER,2023,10,24,23,11.2,95.4,12.7,10.5,8.49,10.8,32.7,0,943,180,0.8,1.8,0,0,0,0,0,0,0,336,94,26,97
BER,2023,10,25,0,11,95.4,12.5,10.3,8.36,10.6,32.1,0.1,942.9,189,0.7,1.9,0,0,0,0,0,0,0,320,65,26,97
BER,2023,10,25,1,10.8,93.5,12.1,9.8,8.09,10.2,31.2,0,942.5,180,0.7,1.9,0,0,0,0,0,0,0,295,28,26,97
BER,2023,10,25,2,10.3,94.8,11.9,9.5,7.96,9.9,30.4,0,942,169,0.6,1.4,0,0,0,0,0,0,0,273,0,26,97
BER,2023,10,25,3,10.6,94.2,12,9.7,8.03,10.1,30.9,0,941.8,180,1,2.1,0,0,0,0,0,0,0,280,13,26,97
BER,2023,10,25,4,10.4,94.1,11.9,9.5,7.96,9.9,30.5,0,941.3,180,1.3,2.3,0,0,0,0,0,0,0,309,60,26,97
BER,2023,10,25,5,10,94.8,11.6,9.2,7.77,9.6,29.6,0,940.7,211,1.2,2.4,0,0,0,0,0,0,0,320,79,26,97
BER,2023,10,25,6,9.4,96,11.3,8.8,7.56,9.1,28.5,0,940.4,230,0.8,2,0,0,0,0,0,0,0,301,48,26,97
BER,2023,10,25,7,9.1,95.4,11,8.4,7.36,8.7,27.7,0,940.3,207,1.1,3.4,18,10,17,11,19,15,11,319,78,26,97
BER,2023,10,25,8,10.1,90.4,11.2,8.6,7.5,9.3,29,0,940.1,185,1.4,3.9,167,331,88,54,338,260,54,314,63,26,97
BER,2023,10,25,9,11.4,84,11.3,8.8,7.57,10,30.5,0,939.7,167,1.9,3.9,329,637,102,69,520,555,69,311,55,26,97
BER,2023,10,25,10,12.2,80.2,11.4,8.9,7.64,10.4,31.5,0,939.5,216,1.5,3.8,137,7,134,83,85,89,83,347,94,26,97
BER,2023,10,25,11,12.8,82,12.1,9.8,8.12,11.1,33.4,0.1,938.8,255,1.4,3.1,240,66,208,127,152,194,127,351,100,26,97
BER,2023,10,25,12,12.7,85.3,12.5,10.3,8.4,11.3,34,0.6,938,231,1.6,4.4,110,0,110,68,66,68,68,356,100,26,97
BER,2023,10,25,13,13.2,85.9,13,10.9,8.75,11.9,35.4,0.2,937.5,236,1.9,3.8,163,98,115,70,68,167,109,355,94,26,97
BER,2023,10,25,14,13.4,86,13.2,11.1,8.89,12.1,35.9,0.2,937.1,222,1.5,3.8,88,2,87,54,53,56,56,358,100,26,97
BER,2023,10,25,15,13.8,81.5,12.9,10.7,8.68,12,35.8,0,936.8,220,1.8,6.5,118,80,99,61,59,111,131,350,88,26,97
BER,2023,10,25,16,14.1,75.3,12.1,9.8,8.14,11.7,34.7,0,936.5,222,2.6,6.1,57,110,44,27,27,79,130,356,88,26,97
BER,2023,10,25,17,13.6,78.3,12.2,9.9,8.2,11.5,34.4,0.3,937.1,215,3.3,8.8,0,0,0,0,0,0,0,356,100,26,97
BER,2023,10,25,18,13,84.8,12.7,10.5,8.53,11.6,34.6,0.2,938.4,214,4.5,11.3,0,0,0,0,0,0,0,355,100,26,97
BER,2023,10,25,19,11.4,82.9,11.2,8.6,7.51,9.9,30.4,1.6,939.2,216,5.4,13,0,0,0,0,0,0,0,354,100,26,97
BER,2023,10,25,20,10.7,83.9,10.8,8.1,7.23,9.3,29,0.7,939.4,184,2.8,7.6,0,0,0,0,0,0,0,353,100,26,97
BER,2023,10,25,21,11.2,79,10.5,7.7,7.03,9.3,29,0.1,939.7,187,3.4,9.2,0,0,0,0,0,0,0,353,100,26,97
BER,2023,10,25,22,11.7,77,10.6,7.8,7.1,9.6,29.7,0,939.5,196,4.1,10.9,0,0,0,0,0,0,0,352,100,26,97
BER,2023,10,25,23,11.2,85.1,11.3,8.8,7.58,9.9,30.4,1,939.1,182,2.9,6.1,0,0,0,0,0,0,0,351,100,26,97
BER,2023,10,26,0,10.7,88.6,11.4,8.9,7.65,9.7,30,0.3,938.8,172,2.8,5.2,0,0,0,0,0,0,0,350,100,26,97
BER,2023,10,26,1,10.5,92.3,11.7,9.3,7.85,9.8,30.3,1.3,938.5,171,2,3.8,0,0,0,0,0,0,0,346,94,25,97
BER,2023,10,26,2,10.6,94.2,12,9.7,8.06,10.1,31,1.2,937.6,177,1.9,5.3,0,0,0,0,0,0,0,351,100,25,97
BER,2023,10,26,3,10.6,92.3,11.8,9.4,7.93,9.9,30.6,0.1,937.4,197,1.1,3.1,0,0,0,0,0,0,0,351,100,25,97
BER,2023,10,26,4,10.7,91,11.7,9.3,7.87,9.9,30.6,0.5,936.8,160,2.1,4.1,0,0,0,0,0,0,0,352,100,25,97
BER,2023,10,26,5,10.8,92.9,12,9.7,8.07,10.2,31.2,0.6,936.5,161,2.6,4.8,0,0,0,0,0,0,0,353,100,25,97
BER,2023,10,26,6,11,91.7,12,9.7,8.08,10.3,31.4,0.5,936.1,174,2.9,4.8,0,0,0,0,0,0,0,353,100,25,97
BER,2023,10,26,7,11.6,91.1,12.4,10.2,8.35,10.8,32.7,0.1,936.3,175,2.3,4.3,3,0,3,2,2,2,2,354,100,25,97
BER,2023,10,26,8,12.6,89.4,13,10.9,8.75,11.6,34.8,0,936.7,168,1.5,3.1,97,118,72,44,146,114,44,349,94,25,97
BER,2023,10,26,9,13.9,85.4,13.6,11.5,9.16,12.5,37.1,0,937,177,2.1,4.3,79,1,79,49,48,49,49,357,100,25,97
BER,2023,10,26,10,15.4,78.6,13.7,11.7,9.23,13.2,38.8,0,936.9,227,3.9,9.7,226,74,191,116,153,189,117,359,100,25,97
BER,2023,10,26,11,15.7,76.1,13.6,11.5,9.16,13.2,39,0,936.7,237,4.9,10.5,124,43,103,62,81,107,63,360,100,25,97
BER,2023,10,26,12,15.6,75.1,13.3,11.2,8.97,13,38.4,0,935.8,228,5,12.8,127,2,126,78,76,79,79,362,100,25,97
BER,2023,10,26,13,15.4,70.2,12.3,10,8.29,12.3,36.4,0,935.7,250,5.1,10.9,117,0,117,72,70,72,72,362,100,25,97
BER,2023,10,26,14,14.7,68.6,11.5,9,7.74,11.5,34.4,0,935.1,254,4.4,10,72,3,71,44,43,46,46,361,100,25,97
BER,2023,10,26,15,14.4,72.4,11.9,9.5,8.02,11.6,34.7,0,934.9,240,2.1,6.2,17,0,17,10,10,10,10,360,100,25,97
BER,2023,10,26,16,13.8,77.8,12.3,10,8.29,11.6,34.8,0.3,934.9,223,1.7,4.2,11,0,11,7,6,7,7,358,100,25,97
BER,2023,10,26,17,12.8,86.5,12.8,10.6,8.63,11.5,34.7,1.7,934.9,208,1.8,4.1,0,0,0,0,0,0,0,357,100,25,97
BER,2023,10,26,18,12.2,91.8,13,10.9,8.77,11.5,34.4,1.7,934.5,174,1,2.3,0,0,0,0,0,0,0,356,100,25,97
BER,2023,10,26,19,12,91.7,12.9,10.7,8.71,11.3,34,1.1,933.7,162,0.9,2.7,0,0,0,0,0,0,0,355,100,25,97
BER,2023,10,26,20,11.7,93.6,12.9,10.7,8.72,11.1,33.8,0.6,932.7,90,0.4,1.2,0,0,0,0,0,0,0,354,100,25,97
BER,2023,10,26,21,11.5,94.8,12.9,10.7,8.73,11,33.6,1.8,932.3,17,1.1,2.1,0,0,0,0,0,0,0,353,100,25,97
BER,2023,10,26,22,11.4,94.8,12.8,10.6,8.66,10.9,33.3,2.9,932.3,11,0.6,1.4,0,0,0,0,0,0,0,352,100,25,97
BER,2023,10,26,23,11.2,94.8,12.6,10.4,8.52,10.7,32.7,2.4,932.8,270,0.8,2.5,0,0,0,0,0,0,0,351,100,25,97
BER,2023,10,27,0,11.3,94.2,12.6,10.4,8.52,10.8,32.8,1.9,932.9,174,1.3,2.8,0,0,0,0,0,0,0,351,100,25,97
BER,2023,10,27,1,11.4,93.6,12.6,10.4,8.51,10.8,32.9,3.4,933.2,186,2.1,5.6,0,0,0,0,0,0,0,350,100,25,97
BER,2023,10,27,2,11.3,94.2,12.6,10.4,8.52,10.8,32.8,2.7,932.7,195,1.6,3.3,0,0,0,0,0,0,0,348,100,25,97
BER,2023,10,27,3,11.4,93.6,12.6,10.4,8.52,10.8,32.9,0.7,932.5,180,1.4,2.4,0,0,0,0,0,0,0,347,100,25,97
BER,2023,10,27,4,11.5,89.9,12.2,9.9,8.23,10.6,32.3,2.1,934,217,3.6,11.3,0,0,0,0,0,0,0,346,100,25,97
BER,2023,10,27,5,11.1,85.7,11.3,8.8,7.61,9.8,30.3,0.1,935.3,217,3.6,8.7,0,0,0,0,0,0,0,341,88,25,97
BER,2023,10,27,6,10.6,82.8,10.6,7.8,7.13,9.1,28.6,0,935.9,216,3,8.1,0,0,0,0,0,0,0,306,38,25,97
BER,2023,10,27,7,10.4,83.3,10.5,7.7,7.05,9,28.2,0,936.3,199,1.9,4.2,35,92,26,16,101,58,16,303,38,25,97
BER,2023,10,27,8,10.7,81.7,10.5,7.7,7.05,9.1,28.5,0,936.6,214,2.4,7.2,84,63,73,44,100,81,44,338,94,25,97
BER,2023,10,27,9,11,84,11,8.4,7.39,9.6,29.7,0,937.1,221,3.6,7.6,183,75,156,94,147,158,94,337,88,25,97
BER,2023,10,27,10,12.5,75,10.9,8.2,7.32,10.2,31,0,937.7,223,5.1,11.5,390,550,151,95,391,584,95,312,53,25,97
BER,2023,10,27,11,13.5,67.5,10.4,7.6,6.98,10.3,31.2,0,937.5,228,6.2,13,495,803,98,80,280,826,80,299,43,25,97
BER,2023,10,27,12,14.7,62.8,10.5,7.7,7.05,10.9,32.6,0,937.1,231,5.7,12.8,490,704,137,93,115,770,214,305,48,25,97
BER,2023,10,27,13,14.9,56,9.5,6.2,6.37,10.3,31.1,0,937.2,236,6.8,13.6,459,741,114,82,84,755,385,304,43,25,97
BER,2023,10,27,14,14.4,59,9.7,6.5,6.5,10.2,30.9,0,937.4,233,6,12.5,387,763,95,67,69,684,550,292,35,25,97
BER,2023,10,27,15,14,60.1,9.6,6.4,6.44,10,30.3,0,937.4,243,3.8,9.6,217,489,93,57,57,380,460,305,50,25,97
BER,2023,10,27,16,13.4,66.5,10.2,7.3,6.84,10.1,30.8,0,937.1,245,2.8,6.4,76,223,49,29,29,139,234,303,44,25,97
BER,2023,10,27,17,12.1,72.4,10.2,7.3,6.85,9.5,29.4,0,936.9,204,1.1,2.8,0,0,0,0,0,0,0,274,29,25,97
BER,2023,10,27,18,11.4,75.9,10.2,7.3,6.84,9.2,28.7,0,937.2,193,1,2.3,0,0,0,0,0,0,0,300,51,25,97
BER,2023,10,27,19,11,78.4,10.3,7.4,6.91,9.1,28.5,0,937.5,195,1.2,5.4,0,0,0,0,0,0,0,337,100,25,97
BER,2023,10,27,20,10.9,80.6,10.5,7.7,7.03,9.2,28.7,1,938.9,230,2.7,14.8,0,0,0,0,0,0,0,336,100,25,97
BER,2023,10,27,21,9.9,84.4,10.3,7.4,6.89,8.6,27.3,0.8,940.6,216,5.4,11.8,0,0,0,0,0,0,0,331,90,25,97
BER,2023,10,27,22,9.8,81.6,9.9,6.8,6.61,8.2,26.5,0,941,187,2.7,7.1,0,0,0,0,0,0,0,308,63,25,97
BER,2023,10,27,23,10,79.9,9.8,6.7,6.55,8.3,26.5,0,941.1,207,3.2,7.1,0,0,0,0,0,0,0,292,35,25,97
BER,2023,10,28,0,10.1,76.7,9.5,6.2,6.34,8.1,26.1,0.1,941.1,204,2.2,5,0,0,0,0,0,0,0,324,75,25,97
BER,2023,10,28,1,9.8,79.3,9.6,6.4,6.41,8,26,0,941,196,1.8,4.3,0,0,0,0,0,0,0,296,50,23,97
BER,2023,10,28,2,9.4,79.8,9.4,6.1,6.28,7.7,25.3,0,940.6,192,1.4,2.8,0,0,0,0,0,0,0,293,46,23,97
BER,2023,10,28,3,8,87.8,9.4,6.1,6.28,7,23.8,0,940.7,180,1.5,3.1,0,0,0,0,0,0,0,259,0,23,97
BER,2023,10,28,4,7.1,90.2,9.1,5.6,6.08,6.4,22.4,0,940.4,171,1.9,3.3,0,0,0,0,0,0,0,268,13,23,97
BER,2023,10,28,5,7,90.8,9.1,5.6,6.08,6.3,22.3,0,940.7,189,1.4,3.6,0,0,0,0,0,0,0,301,60,23,97
BER,2023,10,28,6,7.3,90.8,9.3,5.9,6.21,6.6,22.9,0,940.8,212,1.5,2.4,0,0,0,0,0,0,0,307,71,23,97
BER,2023,10,28,7,6.9,92.7,9.2,5.8,6.14,6.4,22.4,0,940.8,180,1.2,4.2,40,181,21,13,179,98,13,275,23,23,97
BER,2023,10,28,8,8.3,88.4,9.7,6.5,6.48,7.4,24.6,0,941.4,238,1.1,3.7,186,586,57,37,528,394,37,261,0,23,97
BER,2023,10,28,9,10.6,75.7,9.7,6.5,6.47,8.5,27,0,941.7,167,1.4,2.6,325,735,72,53,555,609,53,264,0,23,97
BER,2023,10,28,10,12.7,68.7,10.1,7.1,6.74,9.7,29.8,0,941.7,191,0.9,2.8,433,814,78,65,452,765,65,276,13,23,97
BER,2023,10,28,11,14.9,53.3,9,5.5,6,9.9,30.2,0,941.5,237,3.7,10.2,365,432,157,98,235,509,98,325,78,23,97
BER,2023,10,28,12,14.5,55.9,9.2,5.8,6.14,9.9,30.1,0,940.5,243,3,6.7,365,330,202,120,119,449,204,338,88,23,97
BER,2023,10,28,13,15.6,53.1,9.4,6.1,6.28,10.5,31.6,0,940.3,245,4.5,12.4,375,494,143,97,97,545,273,316,63,23,97
BER,2023,10,28,14,15.6,51,9,5.5,6.01,10.3,30.9,0,940.9,250,5,11.7,240,252,151,93,91,290,268,339,75,23,97
BER,2023,10,28,15,15.2,51.6,8.9,5.3,5.94,10,30.3,0,940.7,242,4.4,9.8,235,587,81,49,49,447,521,310,50,23,97
BER,2023,10,28,16,14.7,54.4,9.1,5.6,6.08,9.9,30.1,0,940.7,215,1.8,6.9,65,140,44,26,25,102,152,333,88,23,97
BER,2023,10,28,17,13.3,60.8,9.3,5.9,6.21,9.4,29,0,941,201,0.9,2.7,0,0,0,0,0,0,0,340,100,23,97
BER,2023,10,28,18,12.8,62.8,9.3,5.9,6.21,9.2,28.5,0,941.2,158,1.6,3.3,0,0,0,0,0,0,0,338,100,23,97
BER,2023,10,28,19,11.3,72.3,9.7,6.5,6.48,8.8,27.7,0,941.2,157,1.4,3.3,0,0,0,0,0,0,0,327,88,23,97
BER,2023,10,28,20,11.7,71.4,9.8,6.7,6.55,9.1,28.3,0,940.9,156,1.8,3.2,0,0,0,0,0,0,0,336,100,23,97
BER,2023,10,28,21,11.5,72.8,9.9,6.8,6.61,9,28.2,0,941.1,148,1.3,2.9,0,0,0,0,0,0,0,321,81,23,97
BER,2023,10,28,22,9.5,81.5,9.7,6.5,6.48,8,25.9,0,940.9,180,1,2.7,0,0,0,0,0,0,0,330,94,23,97
BER,2023,10,28,23,8.9,84.9,9.7,6.5,6.48,7.7,25.2,0,940.8,166,0.9,2.3,0,0,0,0,0,0,0,329,94,23,97
BER,2023,10,29,0,8.6,84.9,9.5,6.2,6.35,7.4,24.6,0,940.7,185,1.2,3.5,0,0,0,0,0,0,0,333,100,23,97
BER,2023,10,29,1,8.1,89,9.6,6.4,6.41,7.2,24.3,0,941.1,188,0.7,2,0,0,0,0,0,0,0,328,94,23,97
BER,2023,10,29,2,7.5,89,9.2,5.8,6.14,6.6,23,0,940.7,184,1.5,3,0,0,0,0,0,0,0,323,88,23,97
BER,2023,10,29,3,6.5,95.3,9.2,5.8,6.15,6.2,22,0,940.4,198,0.4,2.3,0,0,0,0,0,0,0,319,81,23,97
BER,2023,10,29,4,6.2,92,8.7,5,5.81,5.6,20.8,0,940.4,180,0.5,1.8,0,0,0,0,0,0,0,319,81,23,97
BER,2023,10,29,5,5.9,92.6,8.6,4.8,5.74,5.4,20.3,0,940,236,0.6,1.8,0,0,0,0,0,0,0,304,58,23,97
BER,2023,10,29,6,5.4,94.6,8.5,4.6,5.68,5,19.7,0,940,180,0.6,2.2,0,0,0,0,0,0,0,307,64,23,97
BER,2023,10,29,7,5.4,93.9,8.4,4.5,5.61,5,19.5,0,940.5,187,1,3.3,35,133,21,13,135,76,13,317,75,23,97
BER,2023,10,29,8,6.9,90.8,9,5.5,6.01,6.2,22,0,940.8,225,1,2.8,126,201,88,51,227,173,52,323,78,23,97
BER,2023,10,29,9,9.6,83.8,10,7,6.68,8.2,26.5,0,940.6,218,1.2,2.4,195,164,135,78,191,218,79,340,94,23,97
BER,2023,10,29,10,12.3,69.1,9.9,6.8,6.62,9.4,29.1,0,940.4,200,1.6,3.1,331,429,139,90,277,473,90,335,81,23,97
BER,2023,10,29,11,13.7,61.8,9.7,6.5,6.48,9.9,30.2,0,940.1,236,0.9,3.1,298,155,224,130,188,289,131,354,100,23,97
BER,2023,10,29,12,14.6,66.3,11,8.4,7.36,11.2,33.3,0,940.1,360,1,2.2,331,208,229,132,132,349,192,354,94,23,97
BER,2023,10,29,13,16.2,54.8,10.1,7.1,6.76,11.2,33.4,0,939.9,346,0.7,1.8,345,329,195,111,110,432,268,352,88,23,97
BER,2023,10,29,14,16.6,54.1,10.2,7.3,6.82,11.5,34,0,939.9,284,0.5,1.8,166,34,153,91,89,121,114,360,100,23,97
BER,2023,10,29,15,16.5,55.6,10.4,7.6,6.96,11.6,34.2,0,939.6,174,1.1,2.6,93,14,90,54,53,64,66,358,100,23,97
BER,2023,10,29,16,15.6,63.9,11.3,8.8,7.57,11.8,34.8,0,939.5,171,2,3.5,24,5,23,14,14,17,18,357,100,23,97
BER,2023,10,29,17,13.5,74.2,11.5,9,7.7,11,33,0,940.1,153,1.2,3.6,0,0,0,0,0,0,0,355,100,23,97
BER,2023,10,29,18,11.8,82.9,11.5,9,7.7,10.3,31.3,0,941,146,0.7,2.6,0,0,0,0,0,0,0,353,100,23,97
BER,2023,10,29,19,11.6,81.3,11.1,8.5,7.42,9.9,30.4,0,941.2,180,1.1,3.8,0,0,0,0,0,0,0,352,100,23,97
BER,2023,10,29,20,11,82.8,10.9,8.2,7.28,9.5,29.4,0,941.8,191,1.1,3,0,0,0,0,0,0,0,350,100,23,97
BER,2023,10,29,21,10.2,85,10.6,7.8,7.08,8.9,28.1,0,942,172,0.8,2.3,0,0,0,0,0,0,0,343,94,23,97
BER,2023,10,29,22,8.7,91.5,10.3,7.4,6.88,8,26,0,942.1,90,0.3,1.5,0,0,0,0,0,0,0,313,53,23,97
BER,2023,10,29,23,8.4,89.6,9.9,6.8,6.61,7.6,25.1,0,942.1,193,1,2,0,0,0,0,0,0,0,297,33,23,97
BER,2023,10,30,0,8,92.1,9.9,6.8,6.6,7.4,24.6,0,942.4,162,0.4,1.7,0,0,0,0,0,0,0,313,64,23,97
BER,2023,10,30,1,7.3,92.7,9.5,6.2,6.33,6.7,23.3,0,942.4,188,0.8,2.3,0,0,0,0,0,0,0,335,94,22,97
BER,2023,10,30,2,6.6,94.6,9.2,5.8,6.13,6.2,22,0,942,180,0.6,1.6,0,0,0,0,0,0,0,334,90,22,97
BER,2023,10,30,3,6,95.3,8.9,5.3,5.94,5.7,20.9,0,941.6,180,0.2,1.1,0,0,0,0,0,0,0,278,16,22,97
BER,2023,10,30,4,6,97.3,9.1,5.6,6.07,5.8,21.3,0,941.5,207,0.5,1.1,0,0,0,0,0,0,0,274,13,22,97
BER,2023,10,30,5,5.3,96.6,8.6,4.8,5.73,5.1,19.7,0,941.6,0,0.4,1.6,0,0,0,0,0,0,0,289,39,22,97
BER,2023,10,30,6,4.7,97.2,8.3,4.3,5.53,4.5,18.6,0,941.2,45,0.2,1.2,0,0,0,0,0,0,0,286,38,22,97
BER,2023,10,30,7,5,96.6,8.4,4.5,5.6,4.8,19.1,0,941.2,243,0.3,1.2,23,72,18,10,76,43,10,316,71,22,97
BER,2023,10,30,8,6.6,93.3,9.1,5.6,6.07,6.1,21.9,0,940.9,270,0.2,1.1,117,191,83,48,215,162,49,330,84,22,97
BER,2023,10,30,9,8.2,88.4,9.6,6.4,6.42,7.3,24.4,0,940.2,0,0.2,0.9,97,1,97,58,57,59,58,346,100,22,97
BER,2023,10,30,10,9.9,85.6,10.4,7.6,6.96,8.7,27.5,0,940.1,342,0.4,1.3,75,0,75,45,44,45,45,352,100,22,97
BER,2023,10,30,11,10.8,82.8,10.7,8,7.16,9.3,28.9,0,940.2,236,0.6,3.4,74,0,74,44,43,44,45,357,100,22,97
BER,2023,10,30,12,11.2,83.4,11.1,8.5,7.45,9.7,30,0,938.4,352,2.5,6.9,85,0,85,51,50,51,52,362,100,22,97
BER,2023,10,30,13,11.9,81.3,11.3,8.8,7.59,10.2,31.1,0,937.2,9,1.4,4.8,62,0,62,37,36,37,37,365,100,22,97
BER,2023,10,30,14,11.7,85.2,11.7,9.3,7.86,10.4,31.6,0.2,937.4,236,1.2,3.1,25,0,25,15,15,15,15,364,100,22,97
BER,2023,10,30,15,11.2,91.1,12.1,9.8,8.13,10.4,31.7,0.2,938,27,0.9,3.9,11,0,11,7,6,7,7,362,100,22,97
BER,2023,10,30,16,11.1,91.1,12,9.7,8.06,10.3,31.5,1.6,938.3,225,0.4,2.4,4,0,4,2,2,2,2,361,100,22,97
BER,2023,10,30,17,11,91.7,12,9.7,8.06,10.3,31.4,1.9,938.1,219,1.6,5.4,0,0,0,0,0,0,0,359,100,22,97
BER,2023,10,30,18,11.1,91.1,12,9.7,8.05,10.3,31.5,1.3,938.9,227,2.1,6.1,0,0,0,0,0,0,0,358,100,22,97
BER,2023,10,30,19,10.9,91.1,11.9,9.5,7.98,10.1,31.1,3.9,939.4,226,4.6,9.4,0,0,0,0,0,0,0,356,100,22,97
BER,2023,10,30,20,10.6,89.2,11.4,8.9,7.64,9.7,29.9,1.8,939.3,197,2.2,5.8,0,0,0,0,0,0,0,353,100,22,97
BER,2023,10,30,21,10.4,91,11.5,9,7.71,9.6,29.9,0.3,939.5,184,1.7,3.7,0,0,0,0,0,0,0,350,100,22,97
BER,2023,10,30,22,10.3,91,11.4,8.9,7.63,9.5,29.6,0.1,940.3,193,1.8,3.8,0,0,0,0,0,0,0,348,100,22,97
BER,2023,10,30,23,10.5,89.8,11.4,8.9,7.63,9.6,29.8,0.1,940.6,192,2,7.1,0,0,0,0,0,0,0,345,100,22,97
BER,2023,10,31,0,10.5,88,11.2,8.6,7.49,9.5,29.4,0,940.9,194,1.8,4.3,0,0,0,0,0,0,0,343,100,22,97
BER,2023,10,31,1,10.1,87.4,10.8,8.1,7.22,9,28.3,0,941.3,202,1.9,4.7,0,0,0,0,0,0,0,341,100,22,97
BER,2023,10,31,2,9.6,87.3,10.4,7.6,6.95,8.5,27.1,0,941.4,200,2.1,4.3,0,0,0,0,0,0,0,340,100,22,97
BER,2023,10,31,3,9.4,84.9,10,7,6.67,8.1,26.2,0,942.1,202,2.4,5.7,0,0,0,0,0,0,0,340,100,22,97
BER,2023,10,31,4,9.5,82.7,9.8,6.7,6.54,8,26,0,942.2,187,1.8,4,0,0,0,0,0,0,0,339,100,22,97
BER,2023,10,31,5,9.3,87.3,10.2,7.3,6.81,8.3,26.5,0,942.5,180,0.8,2.4,0,0,0,0,0,0,0,338,100,22,97
BER,2023,10,31,6,9.2,87.9,10.2,7.3,6.8,8.2,26.4,0,942.6,202,0.6,2.8,0,0,0,0,0,0,0,337,100,22,97
BER,2023,10,31,7,9.3,87.3,10.2,7.3,6.8,8.3,26.5,0.3,943.4,198,1,2.3,7,0,7,4,4,4,4,337,100,22,97
BER,2023,10,31,8,9.5,86.7,10.3,7.4,6.86,8.4,26.8,0,944.1,194,0.9,2.5,63,5,62,37,40,41,38,339,100,22,97
BER,2023,10,31,9,10.1,84.4,10.4,7.6,6.93,8.8,27.6,0,944.3,188,0.8,2,182,92,151,88,153,166,89,340,94,22,97
BER,2023,10,31,10,11.2,80.6,10.7,8,7.13,9.5,29.2,0,944.4,233,1.6,3.8,315,345,170,99,284,416,100,333,78,22,97
BER,2023,10,31,11,12.2,70.5,10,7,6.66,9.4,29.1,0,944.5,243,5.5,15.5,449,684,125,80,256,736,80,320,61,22,97
BER,2023,10,31,12,12.5,70.6,10.2,7.3,6.79,9.7,29.7,0,945,236,6.6,13.3,426,619,128,87,105,675,158,326,70,22,97
BER,2023,10,31,13,10.8,79.5,10.3,7.4,6.85,9,28.1,0.6,945.9,236,5.9,12.3,94,10,90,54,52,63,58,344,100,22,97
BER,2023,10,31,14,10.2,86.8,10.8,8.1,7.18,9.1,28.3,0.4,946.4,223,2.7,9.3,67,15,61,36,35,50,46,343,100,22,97
BER,2023,10,31,15,10.5,87.4,11.1,8.5,7.37,9.4,29.1,0.3,947.3,223,3.4,8.3,26,0,26,16,15,16,16,341,88,22,97
BER,2023,10,31,16,10.7,83.3,10.7,8,7.11,9.3,28.7,0,948.3,217,3.6,7.9,19,3,19,11,11,12,14,331,81,22,97
BER,2023,10,31,17,10.6,81.8,10.5,7.6,6.93,9,28.1,0,949.1,214,3.1,7.7,0,0,0,0,0,0,0,301,46,22,97
BER,2023,10,31,18,9.9,83,10.1,7.1,6.7,8.4,26.8,0,949.4,219,1.5,3.2,0,0,0,0,0,0,0,288,38,22,97
BER,2023,10,31,19,9.2,84.1,9.8,6.7,6.48,7.9,25.6,0,949.8,203,1.3,3.2,0,0,0,0,0,0,0,273,16,22,97
BER,2023,10,31,20,8.2,86.7,9.5,6.1,6.26,7.1,24,0,948.8,171,0.8,1.8,0,0,0,0,0,0,0,260,0,22,97
BER,2023,10,31,21,7.2,88.5,9.1,5.4,6,6.3,22.3,0,946.8,360,0.2,1.1,0,0,0,0,0,0,0,258,0,22,97
BER,2023,10,31,22,6.3,90.1,8.7,4.8,5.76,5.6,20.8,0,944.7,162,0.7,1.8,0,0,0,0,0,0,0,257,0,22,97
BER,2023,10,31,23,5.4,91.1,8.2,4,5.48,4.7,19.1,0,941.5,180,0.1,1.2,0,0,0,0,0,0,0,290,0,22,97
BER,2012,11,1,0,4.5,92.3,7.8,3.3,5.23,3.9,17.6,0,938.3,162,0.8,1.8,0,0,0,0,0,0,0,320,100,27,97
BER,2012,11,1,1,3.7,92.7,7.5,2.7,5,3.2,16.3,0,935.1,166,0.5,1.5,0,0,0,0,0,0,0,320,100,27,97
BER,2012,11,1,2,3.2,93.1,7.2,2.1,4.82,2.7,15.2,0,933,173,0.9,1.6,0,0,0,0,0,0,0,308,69,27,97
BER,2012,11,1,3,2.7,93.3,6.9,1.7,4.66,2.3,14.3,0,930.9,135,0.5,1.4,0,0,0,0,0,0,0,308,81,27,97
BER,2012,11,1,4,2.3,93.9,6.8,1.4,4.56,1.9,13.7,0,929.8,180,0.6,2.2,0,0,0,0,0,0,0,294,36,27,97
BER,2012,11,1,5,2.4,93.5,6.8,1.5,4.58,2,13.9,0,929.9,174,1,1.7,0,0,0,0,0,0,0,304,70,27,97
BER,2012,11,1,6,2.4,93.9,6.8,1.5,4.57,2,13.8,0,930.1,225,0.3,1.5,6,0,6,4,4,4,4,315,94,27,97
BER,2012,11,1,7,3.4,89.9,6.9,1.8,4.68,2.7,15.1,0,930.2,214,1.1,2.6,96,107,74,45,136,116,46,315,88,27,97
BER,2012,11,1,8,4.8,85,7.3,2.5,4.92,3.8,17.2,0,930.2,202,1.1,2.3,279,522,106,71,431,487,71,307,68,27,97
BER,2012,11,1,9,6.6,73.3,7.1,2.2,4.78,4.6,18.6,0,930.1,192,1.4,2.8,420,756,103,81,443,755,80,292,49,27,97
BER,2012,11,1,10,8.2,71.3,7.7,3.3,5.19,5.9,21.3,0,929.8,231,1.9,6.2,473,803,98,84,284,841,84,288,39,27,97
BER,2012,11,1,11,9.9,66.9,8.1,4,5.47,7,23.7,0,929.4,232,2.5,5,490,827,97,86,106,871,203,286,36,27,97
BER,2012,11,1,12,11.7,58.3,8.1,3.8,5.47,7.8,25.6,0,929.1,218,4.9,11.8,428,745,100,82,83,762,376,297,41,27,97
BER,2012,11,1,13,12.1,54.3,7.7,3.2,5.19,7.7,25.3,0,929.8,236,5.8,12.8,197,127,149,92,91,207,174,335,94,27,97
BER,2012,11,1,14,10.9,58.6,7.6,3.1,5.12,7.1,23.9,0,930.7,234,5.9,13.5,99,254,47,29,29,194,244,334,88,27,97
BER,2012,11,1,15,10.1,63.7,7.8,3.5,5.26,6.9,23.4,0,930.5,226,3.1,7.1,42,95,28,18,17,71,102,338,100,27,97
BER,2012,11,1,16,9.5,66,7.8,3.5,5.26,6.6,22.8,0,930.5,196,1.5,3.4,0,0,0,0,0,0,0,337,100,27,97
BER,2012,11,1,17,8.2,76.2,8.3,4.3,5.59,6.3,22.3,0,931.2,225,0.3,1.7,0,0,0,0,0,0,0,336,100,27,97
BER,2012,11,1,18,8.6,73.8,8.3,4.2,5.59,6.5,22.7,0,932,214,0.8,3.5,0,0,0,0,0,0,0,335,100,27,97
BER,2012,11,1,19,9.1,70.6,8.1,4,5.45,6.6,22.9,0,932.2,198,2.3,7.2,0,0,0,0,0,0,0,333,100,27,97
BER,2012,11,1,20,9.8,65.7,8,3.7,5.37,6.8,23.4,0,933.9,223,5.5,16.3,0,0,0,0,0,0,0,332,100,27,97
BER,2012,11,1,21,6.1,87.4,8.2,4.2,5.5,5.2,19.9,2,935.5,256,3.6,11.5,0,0,0,0,0,0,0,331,100,27,97
BER,2012,11,1,22,6.2,89.5,8.5,4.6,5.7,5.4,20.5,1.5,936.1,219,3.4,9.4,0,0,0,0,0,0,0,329,100,27,97
BER,2012,11,1,23,6.6,83.9,8.2,4.1,5.49,5.4,20.4,0.1,937,209,2.9,9.4,0,0,0,0,0,0,0,328,100,27,97
BER,2012,11,2,0,6.1,83.7,7.9,3.6,5.28,4.9,19.4,0.4,937.8,210,4.2,8,0,0,0,0,0,0,0,327,100,25,97
BER,2012,11,2,1,6.1,81.7,7.7,3.2,5.15,4.7,19,0,938.4,209,4.8,9.3,0,0,0,0,0,0,0,326,100,25,97
BER,2012,11,2,2,6.4,81,7.8,3.4,5.21,5,19.5,0.3,939.2,204,4,8.8,0,0,0,0,0,0,0,325,100,25,97
BER,2012,11,2,3,5.8,85,7.9,3.5,5.27,4.7,19.1,0.4,939.6,187,2.8,6.9,0,0,0,0,0,0,0,324,100,25,97
BER,2012,11,2,4,5.6,87.5,7.9,3.7,5.27,4.7,18.9,1.4,939.9,225,2.1,7.8,0,0,0,0,0,0,0,318,94,25,97
BER,2012,11,2,5,5.3,91.2,8.2,4,5.47,4.7,19,0.8,940.7,192,1.5,3.7,0,0,0,0,0,0,0,322,100,25,97
BER,2012,11,2,6,5.7,90.1,8.2,4.2,5.47,5,19.4,0,941.1,183,2,4.6,17,17,15,9,24,18,9,320,94,25,97
BER,2012,11,2,7,6.1,89.6,8.4,4.5,5.6,5.3,20.2,0.1,942.1,180,1.6,3.8,55,26,49,30,51,48,30,318,94,25,97
BER,2012,11,2,8,7.3,82.6,8.4,4.5,5.6,5.9,21.4,0,942.1,198,2.1,5.3,268,540,87,61,415,489,61,293,54,25,97
BER,2012,11,2,9,9.5,68.5,8.1,4,5.39,6.8,23.1,0,942,228,4.4,12.4,417,844,69,65,457,797,65,252,6,25,97
BER,2012,11,2,10,10.9,59.3,7.7,3.3,5.13,7.2,23.9,0,941.4,229,5.1,12.1,472,854,77,73,272,867,73,254,0,25,97
BER,2012,11,2,11,12.1,53.4,7.5,2.9,5,7.6,24.8,0,940.5,235,3.8,9.7,475,818,90,77,95,852,190,255,0,25,97
BER,2012,11,2,12,12.6,52.4,7.7,3.1,5.14,7.9,25.6,0,940,238,4,8.3,439,779,100,76,78,789,387,295,50,25,97
BER,2012,11,2,13,12.7,50.5,7.4,2.7,4.94,7.8,25.2,0,939.6,241,3.6,8.8,192,107,156,94,92,186,171,330,100,25,97
BER,2012,11,2,14,12.5,52.7,7.6,3.1,5.07,7.9,25.4,0,939.2,249,3,6.8,30,0,30,18,18,18,18,340,100,25,97
BER,2012,11,2,15,12.3,52.2,7.4,2.8,4.94,7.7,24.8,0,939.6,233,3.7,11.3,5,0,5,3,3,3,3,339,100,25,97
BER,2012,11,2,16,11.9,55.1,7.7,3.2,5.14,7.6,24.9,0,940,224,4.1,9.6,0,0,0,0,0,0,0,339,100,25,97
BER,2012,11,2,17,12.1,52.3,7.4,2.6,4.93,7.5,24.6,0,940.5,232,3.8,8.9,0,0,0,0,0,0,0,329,88,25,97
BER,2012,11,2,18,12.5,50.2,7.3,2.4,4.86,7.6,24.8,0,941.1,236,3.7,8.8,0,0,0,0,0,0,0,338,100,25,97
BER,2012,11,2,19,12.3,53.5,7.7,3.1,5.13,7.8,25.3,0,941.6,250,4.5,10.6,0,0,0,0,0,0,0,338,100,25,97
BER,2012,11,2,20,11.7,57.9,8,3.7,5.33,7.7,25.2,0,941.7,241,4.2,11.7,0,0,0,0,0,0,0,334,100,25,97
BER,2012,11,2,21,11.4,62.5,8.4,4.5,5.6,7.9,25.6,0,942.2,245,3.1,6.8,0,0,0,0,0,0,0,334,100,25,97
BER,2012,11,2,22,11.4,62.7,8.4,4.5,5.59,7.9,25.6,0,942.5,245,3.5,12.8,0,0,0,0,0,0,0,325,88,25,97
BER,2012,11,2,23,12,59.4,8.3,4.3,5.53,8.1,26,0,942.6,238,5.2,11.4,0,0,0,0,0,0,0,339,100,25,97
BER,2012,11,3,0,11.7,61.6,8.4,4.6,5.59,8.1,25.9,0,942.7,243,5,11.4,0,0,0,0,0,0,0,313,46,25,97
BER,2012,11,3,1,11.8,59.8,8.3,4.2,5.52,8,25.8,0,942.9,237,3.7,10.9,0,0,0,0,0,0,0,327,78,25,97
BER,2012,11,3,2,11.3,63,8.4,4.5,5.59,7.9,25.5,0,943,221,1.9,4.8,0,0,0,0,0,0,0,336,100,25,97
BER,2012,11,3,3,10.8,65,8.4,4.5,5.59,7.7,24.9,0,942.9,229,1.9,5.8,0,0,0,0,0,0,0,331,94,25,97
BER,2012,11,3,4,11,62.4,8.2,4.1,5.46,7.6,24.8,0,942.8,241,2.1,4.5,0,0,0,0,0,0,0,309,69,25,97
BER,2012,11,3,5,9.4,69.5,8.2,4.1,5.46,6.8,23.2,0,942.3,185,1.3,3.3,0,0,0,0,0,0,0,294,48,25,97
BER,2012,11,3,6,9.3,67.9,8,3.7,5.32,6.6,22.7,0,942.5,172,0.9,2.9,24,91,15,10,91,56,10,297,36,25,97
BER,2012,11,3,7,9.2,68.7,8,3.8,5.32,6.6,22.6,0,943.1,148,1.4,3.2,134,351,68,42,337,262,42,308,59,25,97
BER,2012,11,3,8,9.7,69,8.3,4.3,5.52,7,23.7,0,942.8,172,1.4,2.8,260,501,107,67,421,458,67,326,74,25,97
BER,2012,11,3,9,11.8,60,8.3,4.3,5.53,8,25.8,0,942.4,146,1.4,2.9,368,601,122,79,372,627,79,330,75,25,97
BER,2012,11,3,10,13.6,53.9,8.4,4.4,5.6,8.9,27.8,0,942,162,1,2.5,352,344,193,117,207,462,117,343,94,25,97
BER,2012,11,3,11,14.9,51.2,8.7,4.9,5.8,9.7,29.6,0,941.6,231,1.5,8.7,416,551,160,98,118,649,191,328,75,25,97
BER,2012,11,3,12,15,46.8,8,3.7,5.33,9.2,28.6,0,941.6,243,5.7,13.9,373,503,157,93,93,578,317,333,75,25,97
BER,2012,11,3,13,15.1,45.7,7.9,3.5,5.26,9.2,28.5,0,941.5,236,6.1,13.3,304,538,113,71,71,527,408,326,68,25,97
BER,2012,11,3,14,15.1,48.5,8.3,4.3,5.53,9.5,29.2,0,941.6,229,5,12.3,160,318,76,48,48,278,289,331,74,25,97
BER,2012,11,3,15,14.2,52.7,8.5,4.7,5.67,9.3,28.6,0,941.5,228,4.1,10.1,63,290,30,18,18,173,275,304,45,25,97
BER,2012,11,3,16,13.5,55.2,8.6,4.7,5.73,9,28,0,941.6,200,2.9,6.3,0,0,0,0,0,0,0,311,55,25,97
BER,2012,11,3,17,12.6,59.1,8.6,4.8,5.73,8.6,27.1,0,941.9,180,2.3,5.7,0,0,0,0,0,0,0,323,69,25,97
BER,2012,11,3,18,11.4,63.4,8.6,4.7,5.73,8,25.9,0,942.1,166,1.7,3.8,0,0,0,0,0,0,0,320,60,25,97
BER,2012,11,3,19,9.9,71.5,8.7,5,5.8,7.4,24.6,0,942,180,1,2.5,0,0,0,0,0,0,0,345,100,25,97
BER,2012,11,3,20,9.7,73.8,8.9,5.3,5.93,7.5,24.7,0,942,184,1.6,3.6,0,0,0,0,0,0,0,345,100,25,97
BER,2012,11,3,21,10.1,72.8,9,5.4,6,7.7,25.3,0,942.3,189,2,5,0,0,0,0,0,0,0,345,100,25,97
BER,2012,11,3,22,8.9,86.9,9.9,6.8,6.6,7.8,25.6,0.2,942.2,270,0.5,1.8,0,0,0,0,0,0,0,344,100,25,97
BER,2012,11,3,23,9.1,87.4,10.1,7.1,6.74,8.1,26.1,0.2,942.1,104,0.5,2.9,0,0,0,0,0,0,0,344,100,25,97
BER,2012,11,4,0,8.7,93.2,10.5,7.7,7.01,8.2,26.4,0.2,942.1,166,0.5,2.3,0,0,0,0,0,0,0,344,100,25,97
BER,2012,11,4,1,8.7,94.8,10.7,7.9,7.14,8.3,26.7,0.1,942.2,146,0.4,1.8,0,0,0,0,0,0,0,344,100,25,97
BER,2012,11,4,2,8.8,96.6,10.9,8.3,7.29,8.5,27.2,0,941.4,135,0.5,1.3,0,0,0,0,0,0,0,340,94,25,97
BER,2012,11,4,3,8.7,95.6,10.7,8,7.15,8.3,26.7,0.1,941.3,180,0.4,1.3,0,0,0,0,0,0,0,333,90,25,97
BER,2012,11,4,4,8.7,95.1,10.7,8,7.16,8.3,26.7,0.2,940.8,207,0.7,2.3,0,0,0,0,0,0,0,343,100,25,97
BER,2012,11,4,5,8.7,95.2,10.7,8,7.16,8.3,26.7,0.1,940.8,225,0.6,1.9,0,0,0,0,0,0,0,343,94,25,97
BER,2012,11,4,6,8.4,96.6,10.6,7.9,7.09,8.1,26.3,0.4,940.8,198,0.5,1.5,6,1,6,4,4,4,4,344,100,25,97
BER,2012,11,4,7,8.8,95.1,10.8,8.1,7.22,8.4,27,0,940.7,315,0.5,1.5,67,29,60,37,59,57,37,343,100,25,97
BER,2012,11,4,8,10.1,87.5,10.8,8.1,7.23,9,28.4,0,940.2,169,0.6,2.8,195,209,125,76,215,252,76,340,84,25,97
BER,2012,11,4,9,12.3,72,10.3,7.4,6.89,9.7,29.8,0,939.9,170,1.1,2.7,367,652,106,73,393,658,73,326,45,25,97
BER,2012,11,4,10,13.7,64.7,10.2,7.2,6.83,10.2,31,0,939.3,196,0.9,2.5,221,109,172,103,139,216,103,335,81,25,97
BER,2012,11,4,11,14.8,61.6,10.4,7.5,6.97,10.8,32.5,0,938.7,227,1.8,6.1,191,101,144,87,87,192,106,351,94,25,97
BER,2012,11,4,12,15.5,63.1,11.1,8.5,7.45,11.6,34.4,0,938,219,2,5.3,167,28,155,95,93,123,108,356,100,25,97
BER,2012,11,4,13,14.5,75.2,12.3,10.2,8.26,12,35.5,0.3,938.4,315,1.5,3.6,30,0,30,19,18,19,19,357,100,25,97
BER,2012,11,4,14,12.7,90.7,13.3,11.2,8.95,11.8,35.4,0.8,937.7,45,0.7,2.3,34,0,34,21,20,21,21,355,100,25,97
BER,2012,11,4,15,12.4,90.8,13,10.9,8.75,11.5,34.5,0.8,937.2,331,1.2,2.8,3,0,3,2,2,2,2,353,100,25,97
BER,2012,11,4,16,10.7,92.4,11.9,9.5,7.99,10,30.9,3.1,938.3,270,1.9,9.4,0,0,0,0,0,0,0,350,100,25,97
BER,2012,11,4,17,9.1,92.3,10.7,7.9,7.17,8.5,27.2,1.7,938.7,207,2.1,4.2,0,0,0,0,0,0,0,348,100,25,97
BER,2012,11,4,18,8.6,94.4,10.5,7.8,7.03,8.2,26.3,2.7,939.3,212,0.9,2.7,0,0,0,0,0,0,0,346,100,25,97
BER,2012,11,4,19,8.6,94.2,10.5,7.7,7.03,8.1,26.3,3.3,939.5,222,1.4,4.9,0,0,0,0,0,0,0,344,100,25,97
BER,2012,11,4,20,8.5,93.5,10.4,7.5,6.96,8,26,3.3,939.8,197,1.4,3.3,0,0,0,0,0,0,0,342,100,25,97
BER,2012,11,4,21,8,90.8,9.8,6.6,6.55,7.3,24.5,2,940.3,216,1.4,3.1,0,0,0,0,0,0,0,340,100,25,97
BER,2012,11,4,22,7.7,92.1,9.6,6.5,6.42,7.1,23.9,2.7,940.3,230,1,4.7,0,0,0,0,0,0,0,338,100,25,97
BER,2012,11,4,23,7.2,92.4,9.4,6.1,6.28,6.6,23,1.7,940.8,241,1.1,4.8,0,0,0,0,0,0,0,336,100,25,97
BER,2012,11,5,0,6.9,93,9.2,5.8,6.14,6.4,22.4,1.3,941.1,234,1.8,4.3,0,0,0,0,0,0,0,334,100,26,97
BER,2012,11,5,1,6.5,91.8,8.9,5.3,5.94,5.9,21.4,0.7,940.8,186,2.1,4.8,0,0,0,0,0,0,0,333,100,26,97
BER,2012,11,5,2,6.2,90.9,8.6,4.8,5.74,5.5,20.6,0.3,940.6,176,1.6,3,0,0,0,0,0,0,0,331,100,26,97
BER,2012,11,5,3,6.1,91.8,8.6,4.9,5.74,5.5,20.5,0,940.5,180,1,3.2,0,0,0,0,0,0,0,325,88,26,97
BER,2012,11,5,4,6.1,94.1,8.9,5.2,5.94,5.7,21,0,940.8,219,0.7,2.2,0,0,0,0,0,0,0,320,81,26,97
BER,2012,11,5,5,6,94.2,8.8,5.1,5.87,5.6,20.8,0,940.8,207,1.3,3.1,0,0,0,0,0,0,0,294,23,26,97
BER,2012,11,5,6,5.4,93,8.4,4.4,5.6,4.9,19.5,0,941.3,202,1.1,2.6,18,72,12,8,72,45,8,294,13,26,97
BER,2012,11,5,7,5.5,93.1,8.4,4.5,5.6,5,19.6,0,941.8,207,1.2,2.6,153,559,51,34,495,387,34,286,0,26,97
BER,2012,11,5,8,6.7,88.7,8.7,5,5.8,5.9,21.3,0,942.1,219,2.1,4.3,294,747,65,52,552,631,52,273,0,26,97
BER,2012,11,5,9,8.5,80.6,8.9,5.4,5.93,6.9,23.5,0,942.2,230,3.2,10.8,392,780,82,69,437,758,68,272,29,26,97
BER,2012,11,5,10,9.3,65.3,7.6,3.1,5.06,6.3,22.1,0,942.4,234,5.5,11.8,330,329,185,115,226,440,116,297,71,26,97
BER,2012,11,5,11,9.4,61.1,7.2,2.3,4.79,6.1,21.5,0,942.4,239,4.6,10.9,56,0,56,35,34,35,35,334,100,26,97
BER,2012,11,5,12,8.7,66.5,7.5,2.8,4.99,5.9,21.3,0.1,942.7,232,4,11.3,33,0,33,20,20,20,20,334,100,26,97
BER,2012,11,5,13,8.2,72.7,7.9,3.6,5.25,6,21.5,0.3,943,233,4.4,11,27,0,27,17,17,17,17,323,100,26,97
BER,2012,11,5,14,8.4,72.7,8,3.8,5.32,6.2,21.8,0.1,943.6,243,4,10,14,0,14,8,8,8,8,332,100,26,97
BER,2012,11,5,15,8.3,73.8,8.1,3.9,5.38,6.2,21.9,0,944.5,227,4,12.3,39,102,30,18,18,72,109,318,81,26,97
BER,2012,11,5,16,6.4,82.9,8,3.7,5.31,5.1,19.8,0.3,945.5,253,3.5,11.4,0,0,0,0,0,0,0,299,65,26,97
BER,2012,11,5,17,6.2,87,8.3,4.2,5.5,5.2,20,0.1,946.4,210,2.3,7.9,0,0,0,0,0,0,0,304,35,26,97
BER,2012,11,5,18,6.2,82.9,7.9,3.5,5.23,4.9,19.4,0,947.2,196,2.2,4.8,0,0,0,0,0,0,0,316,81,26,97
BER,2012,11,5,19,5.9,85.9,8,3.7,5.29,4.9,19.2,1,948.1,205,3.1,11.5,0,0,0,0,0,0,0,322,94,26,97
BER,2012,11,5,20,6,82.4,7.7,3.2,5.09,4.7,18.8,0,949,210,2.2,6.3,0,0,0,0,0,0,0,313,94,26,97
BER,2012,11,5,21,5.4,81.3,7.3,2.5,4.82,4.1,17.5,0,949,167,1.3,3.1,0,0,0,0,0,0,0,297,64,26,97
BER,2012,11,5,22,4,90.5,7.3,2.6,4.82,3.4,16.1,0,948.9,135,0.4,1.7,0,0,0,0,0,0,0,285,55,26,97
BER,2012,11,5,23,3.8,91.9,7.4,2.6,4.89,3.3,16.1,0,948.8,180,0.4,1.7,0,0,0,0,0,0,0,301,80,26,97
BER,2012,11,6,0,4.1,93.7,7.7,3.2,5.09,3.7,16.9,0.7,949.3,236,0.5,2,0,0,0,0,0,0,0,309,100,26,97
BER,2012,11,6,1,4.7,93.1,7.9,3.7,5.22,4.2,17.8,0.4,949.3,162,1.3,2.6,0,0,0,0,0,0,0,309,100,26,97
BER,2012,11,6,2,4.9,92.2,8,3.7,5.29,4.3,18.2,0.9,949.4,176,1.4,3.6,0,0,0,0,0,0,0,308,100,26,97
BER,2012,11,6,3,4.9,92.7,8,3.8,5.29,4.4,18.2,1.1,949.4,194,1.3,4.8,0,0,0,0,0,0,0,308,100,26,97
BER,2012,11,6,4,4.8,93.6,8,3.9,5.28,4.4,18.1,3.1,950.1,231,0.9,5.3,0,0,0,0,0,0,0,308,100,26,97
BER,2012,11,6,5,4.5,89.3,7.5,2.9,4.95,3.8,16.9,3.6,950.6,273,1.7,5.4,0,0,0,0,0,0,0,307,100,26,97
BER,2012,11,6,6,4.2,91.7,7.6,3,5.01,3.7,16.8,2,951.2,270,0.6,3.6,12,15,11,7,20,15,7,308,100,26,97
BER,2012,11,6,7,4.3,92.1,7.7,3.1,5.07,3.8,17,0,952,143,1,2.3,63,21,59,37,53,51,37,310,100,26,97
BER,2012,11,6,8,4.3,89.8,7.5,2.8,4.93,3.6,16.7,0,953,155,2.4,4.4,72,5,70,43,46,47,44,312,100,26,97
BER,2012,11,6,9,4.3,92.2,7.6,3.1,5,3.8,16.8,0.7,953.9,149,1.3,3.3,95,2,95,59,58,60,59,315,100,26,97
BER,2012,11,6,10,5.1,89,7.8,3.4,5.13,4.3,18,0,954.3,160,1.6,2.7,299,178,221,132,192,319,133,319,81,26,97
BER,2012,11,6,11,6.1,79.4,7.5,2.8,4.93,4.6,18.5,0,954,146,1.5,3,438,714,116,86,104,779,182,307,59,26,97
BER,2012,11,6,12,7.1,69.6,7,1.9,4.6,4.7,18.7,0,954.3,117,1,3.2,214,84,178,108,106,195,146,301,84,26,97
BER,2012,11,6,13,7.1,68.1,6.8,1.6,4.46,4.6,18.3,0,954.7,45,0.8,1.9,187,181,131,80,78,231,208,308,88,26,97
BER,2012,11,6,14,7.5,64.3,6.7,1.2,4.39,4.7,18.6,0,955.2,331,1,3.3,165,378,85,53,53,312,357,300,56,26,97
BER,2012,11,6,15,7.1,68.7,7,1.7,4.59,4.6,18.7,0,955.9,352,1.7,2.9,48,198,28,17,17,125,191,296,38,26,97
BER,2012,11,6,16,4.5,85.9,7.2,2.3,4.72,3.5,16.3,0,956.4,20,1.1,2.3,0,0,0,0,0,0,0,269,0,26,97
BER,2012,11,6,17,3,94.6,7.2,2.2,4.71,2.6,14.8,0,957.5,22,1.6,2.3,0,0,0,0,0,0,0,260,0,26,97
BER,2012,11,6,18,2.3,95.9,6.9,1.7,4.51,2,13.6,0,958.1,34,0.9,1.7,0,0,0,0,0,0,0,258,0,26,97
BER,2012,11,6,19,1.6,97.1,6.7,1.2,4.38,1.4,12.5,0,958.6,360,0.1,0.7,0,0,0,0,0,0,0,257,0,26,97
BER,2012,11,6,20,1.4,97.5,6.6,1,4.31,1.2,12.2,0,959.4,243,0.3,0.8,0,0,0,0,0,0,0,256,0,26,97
BER,2012,11,6,21,0.9,98.2,6.4,0.6,4.17,0.8,11.3,0,959.9,225,0.1,0.6,0,0,0,0,0,0,0,255,0,26,97
BER,2012,11,6,22,0.3,97.4,6.1,-0.1,3.98,0.1,10.2,0,960.5,211,0.6,1.1,0,0,0,0,0,0,0,254,0,26,97
BER,2012,11,6,23,-0.2,98.7,5.9,-0.4,3.84,-0.3,9.4,0,961.1,198,0.4,0.9,0,0,0,0,0,0,0,265,38,26,97
BER,2012,11,7,0,0.3,96.3,6,-0.2,3.91,0.1,10,0,961.5,187,0.8,1.9,0,0,0,0,0,0,0,290,100,26,97
BER,2012,11,7,1,1.1,95.6,6.3,0.5,4.1,0.9,11.3,0,961.8,198,0.7,1.5,0,0,0,0,0,0,0,300,100,26,97
BER,2012,11,7,2,1.5,95,6.4,0.8,4.17,1.2,11.9,0,962.1,196,0.8,1.3,0,0,0,0,0,0,0,300,100,26,97
BER,2012,11,7,3,1.7,94.9,6.6,1,4.29,1.4,12.4,0,962.5,203,1.3,2.3,0,0,0,0,0,0,0,305,100,26,97
BER,2012,11,7,4,1.9,96.3,6.8,1.4,4.42,1.7,13,0,963,225,1.4,2.4,0,0,0,0,0,0,0,306,100,26,97
BER,2012,11,7,5,2.2,95.2,6.8,1.5,4.42,1.9,13.3,0,963.5,225,1.3,2.8,0,0,0,0,0,0,0,307,100,26,97
BER,2012,11,7,6,3,88.4,6.7,1.3,4.35,2.3,13.9,0,964.1,186,1.8,4,7,3,6,4,7,6,4,308,100,26,97
BER,2012,11,7,7,3.6,84.9,6.7,1.3,4.35,2.6,14.5,0,964.8,180,1.8,3.3,82,66,69,42,96,88,42,311,100,26,97
BER,2012,11,7,8,4.1,81.8,6.7,1.3,4.35,2.9,15,0,965.1,180,1.8,3.3,76,1,76,47,47,48,47,314,100,26,97
BER,2012,11,7,9,5,79.5,6.9,1.8,4.48,3.6,16.2,0,965.3,187,1.7,3.4,150,23,141,87,97,110,87,318,100,26,97
BER,2012,11,7,10,6.3,72.1,6.9,1.7,4.48,4.2,17.6,0,965.4,198,1.7,3.4,196,31,182,112,118,145,113,321,100,26,97
BER,2012,11,7,11,7,66.2,6.6,1.1,4.28,4.4,17.8,0,965.2,242,1.5,3.6,213,43,195,120,119,164,131,324,100,26,97
BER,2012,11,7,12,7.4,62.1,6.4,0.6,4.15,4.4,17.9,0,965,283,1.4,2.9,215,66,188,116,113,182,148,321,94,26,97
BER,2012,11,7,13,8,62.1,6.7,1.2,4.35,4.9,19,0,964.5,311,1,2.5,290,592,99,68,69,555,442,278,48,26,97
BER,2012,11,7,14,8.4,48.2,5.3,-1.9,3.44,4,17.1,0,964.2,27,0.7,2.1,189,618,54,39,39,465,516,290,0,26,97
BER,2012,11,7,15,8,54.9,5.9,-0.5,3.83,4.3,17.7,0,963.9,18,0.7,1.7,47,221,24,15,15,136,208,289,0,26,97
BER,2012,11,7,16,4.3,81.5,6.7,1.4,4.35,3,15.2,0,964,21,0.9,2,0,0,0,0,0,0,0,293,0,26,97
BER,2012,11,7,17,3.1,88.8,6.8,1.4,4.42,2.4,14.2,0,963.8,17,1.3,2.8,0,0,0,0,0,0,0,290,0,26,97
BER,2012,11,7,18,2.6,89.6,6.6,1.1,4.29,2,13.3,0,963.4,63,0.3,1,0,0,0,0,0,0,0,283,0,26,97
BER,2012,11,7,19,1.8,92.5,6.4,0.7,4.16,1.3,12.2,0,963.3,27,0.4,1.3,0,0,0,0,0,0,0,275,0,26,97
BER,2012,11,7,20,1,95.1,6.2,0.3,4.03,0.7,11.1,0,963.2,16,0.7,1.5,0,0,0,0,0,0,0,272,0,26,97
BER,2012,11,7,21,0.6,96,6.1,0,3.97,0.4,10.5,0,962.9,360,0.2,0.9,0,0,0,0,0,0,0,270,0,26,97
BER,2012,11,7,22,0.7,95.3,6.1,0,3.97,0.4,10.6,0,962.6,169,0.6,1.5,0,0,0,0,0,0,0,267,0,26,97
BER,2012,11,7,23,0,95.7,5.9,-0.6,3.84,-0.2,9.6,0,962.7,196,0.7,1.4,0,0,0,0,0,0,0,264,0,26,97
BER,2012,11,8,0,0.3,95.3,5.9,-0.4,3.84,0,9.9,0,962.3,189,1.3,2.3,0,0,0,0,0,0,0,262,36,27,97
BER,2012,11,8,1,0,96.6,5.9,-0.5,3.84,-0.2,9.6,0,961.6,193,1,1.7,0,0,0,0,0,0,0,280,56,27,97
BER,2012,11,8,2,-0.3,96.6,5.8,-0.8,3.78,-0.5,9.1,0,961.2,207,1,2.5,0,0,0,0,0,0,0,271,48,27,97
BER,2012,11,8,3,-0.4,95.8,5.7,-1,3.71,-0.6,8.9,0,960.6,187,0.8,1.7,0,0,0,0,0,0,0,280,65,27,97
BER,2012,11,8,4,-0.6,96.4,5.6,-1.1,3.65,-0.8,8.5,0,960.3,214,0.7,1.8,0,0,0,0,0,0,0,295,88,27,97
BER,2012,11,8,5,-0.6,96.2,5.6,-1.1,3.65,-0.8,8.5,0,959.9,217,0.6,1.6,0,0,0,0,0,0,0,299,100,27,97
BER,2012,11,8,6,-0.9,96.4,5.5,-1.4,3.59,-1.1,8,0,959.5,220,0.8,2,8,2,8,5,6,6,5,301,100,27,97
BER,2012,11,8,7,-0.2,95.7,5.8,-0.8,3.78,-0.4,9.2,0,959.9,252,0.4,1,82,70,70,43,100,90,43,305,94,27,97
BER,2012,11,8,8,1.2,92.5,6.1,0.1,3.98,0.8,11.1,0,959.8,243,0.5,1.3,124,36,114,71,96,100,71,313,100,27,97
BER,2012,11,8,9,3.2,89,6.8,1.6,4.44,2.5,14.3,0,959.3,243,0.5,1.7,304,387,153,97,283,460,98,309,75,27,97
BER,2012,11,8,10,5.6,77.4,7,2,4.57,4,17.1,0,958.7,243,0.5,1.8,284,295,157,98,187,393,99,318,88,27,97
BER,2012,11,8,11,6.9,70.6,7,1.9,4.58,4.6,18.4,0,957.6,243,0.6,2.2,407,578,152,101,119,675,199,322,81,27,97
BER,2012,11,8,12,7.9,66.7,7.1,2.1,4.65,5.2,19.6,0,956.7,238,1.1,2.3,355,537,133,90,90,601,295,320,81,27,97
BER,2012,11,8,13,8.6,65.5,7.3,2.5,4.79,5.7,20.7,0,956.2,291,1,2.7,192,121,151,92,91,202,171,329,94,27,97
BER,2012,11,8,14,8,68.2,7.3,2.5,4.79,5.4,20.1,0,955.5,294,1.2,2.6,109,132,84,52,51,142,161,328,94,27,97
BER,2012,11,8,15,6.9,78,7.7,3.3,5.05,5.2,19.6,0,955.8,354,1.2,2.7,30,100,22,13,13,66,102,322,88,27,97
BER,2012,11,8,16,5.2,88.7,7.8,3.5,5.12,4.4,18.1,0,956.1,45,0.3,0.9,0,0,0,0,0,0,0,331,100,27,97
BER,2012,11,8,17,4.7,90.2,7.7,3.2,5.05,4,17.4,0,956.4,169,0.6,1.6,0,0,0,0,0,0,0,330,100,27,97
BER,2012,11,8,18,3.6,94,7.4,2.7,4.85,3.2,15.8,0,956.4,11,0.5,1.2,0,0,0,0,0,0,0,328,100,27,97
BER,2012,11,8,19,3.7,93.5,7.4,2.8,4.85,3.3,15.9,0,956.2,196,0.9,1.8,0,0,0,0,0,0,0,319,81,27,97
BER,2012,11,8,20,3,95.6,7.3,2.4,4.78,2.7,15,0,956.6,11,0.8,2.7,0,0,0,0,0,0,0,323,94,27,97
BER,2012,11,8,21,3.2,94.6,7.3,2.4,4.78,2.8,15.2,0,956.7,16,1,3.4,0,0,0,0,0,0,0,322,100,27,97
BER,2012,11,8,22,3.2,96,7.4,2.6,4.85,2.9,15.4,0,956.4,203,0.8,2.5,0,0,0,0,0,0,0,317,81,27,97
BER,2012,11,8,23,3.4,95.3,7.4,2.7,4.85,3.1,15.6,0,956,214,1.2,2.3,0,0,0,0,0,0,0,315,71,27,97
BER,2012,11,9,0,2.6,95.7,7.1,2,4.66,2.3,14.3,0,955.3,360,0.3,1.1,0,0,0,0,0,0,0,290,6,25,97
BER,2012,11,9,1,1.7,97.9,6.7,1.4,4.39,1.6,12.7,0,955,0,0.2,0.9,0,0,0,0,0,0,0,281,0,25,97
BER,2012,11,9,2,1.2,97.9,6.5,0.9,4.26,1.1,11.9,0,954.7,45,0.2,0.8,0,0,0,0,0,0,0,278,0,25,97
BER,2012,11,9,3,0.6,97.7,6.2,0.3,4.07,0.5,10.8,0,954.6,27,0.2,1.4,0,0,0,0,0,0,0,276,0,25,97
BER,2012,11,9,4,0.2,98,6.1,-0.1,4,0.1,10.2,0,954.4,27,0.4,1,0,0,0,0,0,0,0,282,29,25,97
BER,2012,11,9,5,-0.1,97.5,6,-0.4,3.94,-0.2,9.7,0,954.3,0,0.3,0.8,0,0,0,0,0,0,0,292,59,25,97
BER,2012,11,9,6,-0.4,98.4,5.9,-0.6,3.87,-0.5,9.2,0,954.4,360,0.2,0.9,10,50,7,4,48,30,4,299,75,25,97
BER,2012,11,9,7,0.5,97.1,6.1,0.1,4,0.3,10.5,0,954.2,14,0.4,1,129,425,56,35,382,312,35,298,48,25,97
BER,2012,11,9,8,3.5,94,7.4,2.6,4.86,3.1,15.7,0,954,360,0.5,1.9,223,431,106,66,371,405,66,309,63,25,97
BER,2012,11,9,9,5.9,85.8,8,3.7,5.26,4.9,19.1,0,953.6,343,1.1,2,347,621,114,75,386,641,75,301,60,25,97
BER,2012,11,9,10,8.5,74.5,8.2,4.2,5.4,6.4,22.1,0,952.9,3,2,5.3,425,774,91,74,253,813,74,284,45,25,97
BER,2012,11,9,11,9.7,68.7,8.2,4.2,5.41,7,23.4,0,951.8,18,2.4,4.8,443,841,76,71,87,872,179,285,19,25,97
BER,2012,11,9,12,10.7,63.8,8.2,4.1,5.41,7.4,24.4,0,951,17,2.4,4.9,400,796,82,68,69,798,379,317,55,25,97
BER,2012,11,9,13,10.9,61.1,7.9,3.7,5.21,7.4,24.1,0,950.4,10,2.8,5,253,379,130,78,77,409,323,323,69,25,97
BER,2012,11,9,14,11.2,62.8,8.3,4.4,5.48,7.8,25.1,0,950,24,1.8,3.6,176,528,62,41,41,413,446,315,53,25,97
BER,2012,11,9,15,9.7,73.3,8.8,5.2,5.82,7.4,24.4,0,949.7,21,0.9,2,22,35,20,12,12,30,43,334,75,25,97
BER,2012,11,9,16,8.3,83.4,9.1,5.7,6.02,7,23.5,0,949.1,135,0.3,1.3,0,0,0,0,0,0,0,340,100,25,97
BER,2012,11,9,17,7.8,87.9,9.3,5.9,6.16,6.8,23.3,0,948.8,135,0.4,1,0,0,0,0,0,0,0,339,100,25,97
BER,2012,11,9,18,7.4,91,9.4,6,6.22,6.7,23.1,0,949.1,243,0.6,1.7,0,0,0,0,0,0,0,338,100,25,97
BER,2012,11,9,19,8.1,85.8,9.3,5.9,6.15,7,23.6,0,949.2,174,1,2.3,0,0,0,0,0,0,0,338,100,25,97
BER,2012,11,9,20,8.2,84.5,9.2,5.7,6.09,6.9,23.5,0,949.3,169,1,1.9,0,0,0,0,0,0,0,339,100,25,97
BER,2012,11,9,21,7.7,91.2,9.6,6.4,6.36,7,23.7,0.1,949.2,198,1.3,3,0,0,0,0,0,0,0,340,100,25,97
BER,2012,11,9,22,7.2,94.7,9.6,6.4,6.36,6.8,23.2,0,948.6,214,0.5,1.4,0,0,0,0,0,0,0,340,100,25,97
BER,2012,11,9,23,7.4,95.1,9.8,6.7,6.5,7,23.8,0.7,948.1,342,0.5,1.2,0,0,0,0,0,0,0,341,100,25,97
BER,2012,11,10,0,7.4,96.2,9.9,6.8,6.57,7.1,23.9,1,947.3,180,0.5,1.2,0,0,0,0,0,0,0,341,100,26,97
BER,2012,11,10,1,7.2,96.9,9.9,6.7,6.57,6.9,23.8,0.1,946.5,360,0.3,1.3,0,0,0,0,0,0,0,341,100,26,97
BER,2012,11,10,2,7.2,96.5,9.8,6.7,6.51,6.9,23.6,0,945.8,18,0.4,1.1,0,0,0,0,0,0,0,342,100,26,97
BER,2012,11,10,3,7.3,97,9.9,6.9,6.58,7.1,23.9,0.1,945.7,349,0.8,1.5,0,0,0,0,0,0,0,342,100,26,97
BER,2012,11,10,4,7.3,97.4,10,6.9,6.65,7.1,24,1.5,945.9,315,0.4,1.3,0,0,0,0,0,0,0,342,100,26,97
BER,2012,11,10,5,7.4,97,10,7,6.66,7.2,24.2,2,944.5,162,0.8,1.6,0,0,0,0,0,0,0,342,100,26,97
BER,2012,11,10,6,7.2,97,9.9,6.8,6.6,7,23.8,0.5,943.3,7,0.9,2.3,0,0,0,0,0,0,0,343,100,26,97
BER,2012,11,10,7,7.4,96.7,9.9,6.9,6.6,7.1,24,1.2,943.4,344,0.9,3.3,11,0,11,7,7,7,7,344,100,26,97
BER,2012,11,10,8,7.8,96,10.2,7.2,6.8,7.5,24.9,0.1,943.1,307,1.2,2.5,13,0,13,8,8,8,8,345,100,26,97
BER,2012,11,10,9,8,96.3,10.3,7.4,6.86,7.7,25.3,0.6,943.7,207,1,2.2,25,0,25,16,15,16,16,346,100,26,97
BER,2012,11,10,10,8.5,96.1,10.7,7.9,7.14,8.2,26.5,0.5,943,225,1.1,3.6,36,0,36,22,22,22,22,348,100,26,97
BER,2012,11,10,11,8.9,96.6,11,8.4,7.35,8.6,27.4,1,942.2,281,0.8,2.2,45,0,45,28,27,28,28,349,100,26,97
BER,2012,11,10,12,9.3,95.8,11.2,8.7,7.49,9,28.2,0.3,941.1,45,0.9,3.1,48,0,48,30,29,30,30,349,100,26,97
BER,2012,11,10,13,9.2,96.3,11.2,8.6,7.49,8.9,28.1,0.2,940.8,18,1.4,2.8,17,0,17,10,10,10,10,349,100,26,97
BER,2012,11,10,14,9.4,95.6,11.3,8.7,7.56,9,28.5,1.3,940.8,9,1.7,4.8,10,0,10,6,6,6,6,348,100,26,97
BER,2012,11,10,15,9.2,96,11.2,8.6,7.49,8.9,28.1,0.8,941.1,356,1.7,3.9,2,0,2,1,1,1,1,347,100,26,97
BER,2012,11,10,16,9.1,96.2,11.1,8.5,7.42,8.8,27.8,0.7,941.2,117,0.9,2.8,0,0,0,0,0,0,0,346,100,26,97
BER,2012,11,10,17,9.2,96.1,11.2,8.6,7.49,8.9,28.1,0.9,941.5,153,0.9,2.3,0,0,0,0,0,0,0,345,100,26,97
BER,2012,11,10,18,9,97.5,11.2,8.6,7.49,8.8,27.9,3.8,941.8,315,0.3,1.3,0,0,0,0,0,0,0,345,100,26,97
BER,2012,11,10,19,9.1,97.7,11.3,8.8,7.55,8.9,28.1,5,942.5,117,0.4,1.4,0,0,0,0,0,0,0,344,100,26,97
BER,2012,11,10,20,9.3,95.4,11.1,8.6,7.41,8.9,28,3.6,943,140,0.8,1.5,0,0,0,0,0,0,0,344,100,26,97
BER,2012,11,10,21,9.1,94.3,10.9,8.2,7.27,8.6,27.4,3.5,943.6,141,0.7,2.7,0,0,0,0,0,0,0,343,100,26,97
BER,2012,11,10,22,9,95.2,10.9,8.3,7.27,8.6,27.3,1.9,943.4,148,1.4,3.6,0,0,0,0,0,0,0,343,100,26,97
BER,2012,11,10,23,8.8,94.8,10.7,8,7.14,8.4,26.8,0.8,943.1,159,0.9,2.6,0,0,0,0,0,0,0,342,100,26,97
BER,2012,11,11,0,8.6,96.3,10.7,8,7.14,8.3,26.6,0.5,942.8,166,0.5,1.7,0,0,0,0,0,0,0,342,100,25,97
BER,2012,11,11,1,8.5,96.5,10.7,8,7.14,8.2,26.5,0.7,942.6,174,0.9,1.8,0,0,0,0,0,0,0,342,100,25,97
BER,2012,11,11,2,8.2,97.6,10.6,7.8,7.07,8,26,0.3,942.6,236,0.3,1.6,0,0,0,0,0,0,0,341,100,25,97
BER,2012,11,11,3,8.2,97.5,10.6,7.8,7.08,8,26,0.8,942.5,333,0.3,1.3,0,0,0,0,0,0,0,341,100,25,97
BER,2012,11,11,4,8.4,96.9,10.7,7.9,7.14,8.1,26.4,1.6,943.1,135,0.2,1,0,0,0,0,0,0,0,341,100,25,97
BER,2012,11,11,5,8.3,96.6,10.6,7.8,7.07,8,26.1,1.5,943.4,121,0.6,1,0,0,0,0,0,0,0,340,100,25,97
BER,2012,11,11,6,8,97.4,10.5,7.6,7,7.8,25.6,1.7,943.8,22,0.6,1.7,2,0,2,1,1,1,1,340,100,25,97
BER,2012,11,11,7,8.2,96.4,10.5,7.7,7,7.9,25.8,1.5,943.8,27,1,2.2,17,0,17,10,10,10,10,341,100,25,97
BER,2012,11,11,8,8.4,95.6,10.5,7.7,6.99,8,26,0.6,944.7,9,0.7,2.7,29,0,29,18,17,18,18,341,100,25,97
BER,2012,11,11,9,8.5,95.8,10.6,7.9,7.06,8.2,26.3,0.9,945.1,353,0.8,1.3,18,0,18,11,11,11,11,342,100,25,97
BER,2012,11,11,10,8.7,96.1,10.8,8.1,7.18,8.4,26.8,1.8,946.4,333,0.3,0.9,25,0,25,15,15,15,15,342,100,25,97
BER,2012,11,11,11,9.1,93.5,10.8,8.1,7.18,8.6,27.2,1.3,946.6,27,0.5,1.4,94,1,94,58,56,58,58,343,100,25,97
BER,2012,11,11,12,9.6,91.3,10.9,8.3,7.24,8.9,27.9,0,947,18,1.2,2.3,30,0,30,19,18,18,19,343,100,25,97
BER,2012,11,11,13,9.3,92.1,10.8,8.1,7.17,8.7,27.4,0,947.8,39,1.5,2.6,16,0,16,10,10,10,10,342,100,25,97
BER,2012,11,11,14,9.2,93.1,10.8,8.1,7.16,8.6,27.3,0,948.6,36,0.9,1.9,8,0,8,5,5,5,5,341,100,25,97
BER,2012,11,11,15,9.2,93.8,10.9,8.3,7.23,8.7,27.4,0,949.2,32,0.9,1.8,4,0,4,3,3,3,3,341,100,25,97
BER,2012,11,11,16,8.8,95.1,10.8,8.1,7.15,8.4,26.8,0,950.3,40,0.8,1.3,0,0,0,0,0,0,0,340,100,25,97
BER,2012,11,11,17,8.4,97.2,10.7,8,7.07,8.2,26.2,0,951.7,27,0.2,0.8,0,0,0,0,0,0,0,335,88,25,97
BER,2012,11,11,18,8.3,96.5,10.6,7.8,7,8,25.9,0,952.5,36,0.9,1.7,0,0,0,0,0,0,0,319,84,25,97
BER,2012,11,11,19,8,96.4,10.3,7.5,6.79,7.7,25.1,0,953.3,360,0.4,0.9,0,0,0,0,0,0,0,331,94,25,97
BER,2012,11,11,20,7.8,96.5,10.2,7.3,6.72,7.5,24.7,0.1,954.3,18,0.3,0.9,0,0,0,0,0,0,0,310,75,25,97
BER,2012,11,11,21,7.9,96.3,10.3,7.3,6.78,7.6,25,0.1,954.8,27,0.9,1.6,0,0,0,0,0,0,0,317,75,25,97
BER,2012,11,11,22,7.8,96,10.2,7.2,6.72,7.5,24.7,0,955,6,0.9,1.7,0,0,0,0,0,0,0,304,61,25,97
BER,2012,11,11,23,7.5,96.9,10,7,6.58,7.2,24.1,0,955.4,22,1.6,2.8,0,0,0,0,0,0,0,302,56,25,97
BER,2012,11,12,0,7.4,97.2,10,7,6.58,7.2,24,0,955.6,27,2,3.8,0,0,0,0,0,0,0,334,100,25,97
BER,2012,11,12,1,7.5,94.7,9.8,6.7,6.44,7.1,23.7,0,956.2,25,2.7,4.3,0,0,0,0,0,0,0,333,100,25,97
BER,2012,11,12,2,7.4,95.8,9.9,6.8,6.51,7.1,23.8,0,956.3,27,1.8,3.9,0,0,0,0,0,0,0,332,100,25,97
BER,2012,11,12,3,7.4,94.9,9.8,6.6,6.44,7,23.6,0,956.6,351,0.7,1.9,0,0,0,0,0,0,0,332,100,25,97
BER,2012,11,12,4,7.4,94.9,9.8,6.6,6.44,7,23.6,0,956.9,12,1.4,2.8,0,0,0,0,0,0,0,331,100,25,97
BER,2012,11,12,5,7.3,94.9,9.7,6.5,6.37,6.9,23.3,0,957,16,2.2,3.8,0,0,0,0,0,0,0,330,100,25,97
BER,2012,11,12,6,7.2,94.2,9.5,6.3,6.23,6.7,22.9,0,957.8,31,2.3,4.2,0,0,0,0,0,0,0,330,100,25,97
BER,2012,11,12,7,7,93.9,9.4,6.1,6.16,6.5,22.5,0,958.2,18,2.3,4.1,18,0,18,11,11,11,11,332,100,25,97
BER,2012,11,12,8,7.2,91.4,9.3,5.9,6.09,6.5,22.5,0,958.6,17,1.4,2.8,108,68,89,54,100,112,54,333,75,25,97
BER,2012,11,12,9,8,87.7,9.4,6.1,6.16,7,23.5,0,959.2,11,1.6,3.6,95,1,95,58,57,59,59,335,100,25,97
BER,2012,11,12,10,8.4,85,9.4,6,6.15,7.2,23.9,0,959.5,8,2.1,4.3,156,7,153,94,94,101,95,337,100,25,97
BER,2012,11,12,11,8.5,84.2,9.4,6,6.15,7.2,24,0,959.5,15,2.3,4.3,105,2,105,65,63,66,65,338,100,25,97
BER,2012,11,12,12,8.8,80.9,9.2,5.7,6.02,7.2,24,0,959.5,10,2.4,3.9,55,0,55,34,33,34,34,339,100,25,97
BER,2012,11,12,13,8.5,81.6,9.1,5.5,5.95,7,23.5,0,959.7,17,2.1,4.5,87,4,86,53,52,56,56,338,88,25,97
BER,2012,11,12,14,8.4,82.5,9.1,5.6,5.95,7,23.4,0,959.9,40,1.7,3.3,64,37,55,34,33,63,62,327,84,25,97
BER,2012,11,12,15,8.2,85.4,9.3,5.9,6.08,7,23.5,0,960.2,27,1.4,3.1,4,0,4,3,3,3,3,336,100,25,97
BER,2012,11,12,16,7.7,87,9.2,5.7,6.02,6.7,22.9,0,960.5,24,2.2,4.4,0,0,0,0,0,0,0,335,100,25,97
BER,2012,11,12,17,7.4,87.9,9,5.5,5.88,6.5,22.2,0,961.1,22,1.6,3.4,0,0,0,0,0,0,0,334,100,25,97
BER,2012,11,12,18,7.2,86.8,8.8,5.2,5.75,6.2,21.7,0,961.5,18,1,3,0,0,0,0,0,0,0,333,100,25,97
BER,2012,11,12,19,7,85.6,8.6,4.8,5.61,5.9,21.1,0,961.9,17,1.4,3.3,0,0,0,0,0,0,0,331,100,25,97
BER,2012,11,12,20,7,84,8.4,4.5,5.48,5.8,20.8,0,962.2,22,2.4,4.6,0,0,0,0,0,0,0,329,100,25,97
BER,2012,11,12,21,6.5,86.6,8.4,4.4,5.48,5.5,20.3,0,962.5,19,1.8,4.3,0,0,0,0,0,0,0,327,100,25,97
BER,2012,11,12,22,6,84.5,7.9,3.6,5.15,4.9,18.9,0,962.5,45,1.4,4.4,0,0,0,0,0,0,0,324,100,25,97
BER,2012,11,12,23,5.5,88.6,8,3.8,5.21,4.7,18.6,0,962.6,27,3.4,5.6,0,0,0,0,0,0,0,322,100,25,97
BER,2012,11,13,0,5.5,90,8.1,4,5.28,4.8,18.8,0,962.7,30,3,5.1,0,0,0,0,0,0,0,276,80,29,97
BER,2012,11,13,1,5.5,91.4,8.2,4.2,5.34,4.9,18.9,0,963,42,1.6,3.9,0,0,0,0,0,0,0,277,100,29,97
BER,2012,11,13,2,5.8,91.3,8.4,4.5,5.47,5.2,19.6,0,962.9,37,1.5,2.5,0,0,0,0,0,0,0,279,33,29,97
BER,2012,11,13,3,5.9,91,8.5,4.5,5.54,5.2,19.8,0,962.9,30,1.6,2.9,0,0,0,0,0,0,0,272,34,29,97
BER,2012,11,13,4,6,89.8,8.4,4.5,5.47,5.3,19.8,0,963.3,24,1.3,3.1,0,0,0,0,0,0,0,277,54,29,97
BER,2012,11,13,5,5.9,92.4,8.6,4.8,5.6,5.4,20,0,963.5,28,1.7,4.8,0,0,0,0,0,0,0,303,100,29,97
BER,2012,11,13,6,5.8,94.8,8.7,5,5.67,5.4,20,0,963.8,30,0.8,3.8,5,0,5,4,4,4,4,306,100,29,97
BER,2012,11,13,7,5.9,93.7,8.7,5,5.66,5.5,20.1,0,964.3,21,0.9,3.5,95,209,61,38,208,179,38,312,73,29,97
BER,2012,11,13,8,6.1,93,8.8,5.1,5.73,5.6,20.5,0,964.4,32,1.4,3.8,229,496,98,64,407,463,64,319,25,29,97
BER,2012,11,13,9,6.6,91.4,8.9,5.3,5.79,6,21.2,0,964.5,21,1.8,5,108,4,107,68,69,71,68,322,100,29,97
BER,2012,11,13,10,6.9,90.5,9,5.5,5.86,6.2,21.7,0,964.4,29,3.7,6.9,48,0,48,30,30,30,31,330,100,29,97
BER,2012,11,13,11,6.7,91.3,8.9,5.4,5.8,6.1,21.3,0,963.9,23,3.6,5.8,32,0,32,20,20,20,21,334,100,29,97
BER,2012,11,13,12,6.7,90.9,8.9,5.3,5.8,6,21.3,0,963.5,27,2.3,4.2,47,0,47,30,29,29,30,335,100,29,97
BER,2012,11,13,13,7,89.8,9,5.4,5.87,6.2,21.8,0,963.1,29,2,3.8,43,0,43,27,27,27,27,333,100,29,97
BER,2012,11,13,14,7.2,87.7,8.9,5.3,5.8,6.3,21.8,0,962.8,30,2.2,4.1,76,29,72,45,44,65,69,332,71,29,97
BER,2012,11,13,15,7,87.4,8.8,5.1,5.74,6.1,21.4,0,962.6,31,2.5,5.6,27,104,19,12,12,71,102,297,30,29,97
BER,2012,11,13,16,6.5,88.1,8.5,4.7,5.54,5.6,20.4,0,962.4,28,2.7,5.9,0,0,0,0,0,0,0,273,81,29,97
BER,2012,11,13,17,6.3,88.8,8.5,4.6,5.54,5.5,20.2,0,962.5,28,4.3,7.3,0,0,0,0,0,0,0,280,71,29,97
BER,2012,11,13,18,6.1,89.9,8.4,4.6,5.48,5.4,19.9,0,962.5,28,3.8,6.3,0,0,0,0,0,0,0,267,34,29,97
BER,2012,11,13,19,5.9,90.4,8.4,4.5,5.48,5.2,19.7,0,962.7,33,3.5,5.7,0,0,0,0,0,0,0,266,44,29,97
BER,2012,11,13,20,5.9,91,8.4,4.5,5.47,5.2,19.7,0,962.9,32,3.2,5.3,0,0,0,0,0,0,0,274,44,29,97
BER,2012,11,13,21,5.8,91.4,8.4,4.5,5.47,5.2,19.6,0,962.9,32,2.6,4.7,0,0,0,0,0,0,0,275,81,29,97
BER,2012,11,13,22,5.8,92,8.5,4.6,5.54,5.2,19.7,0,962.7,25,2.3,3.7,0,0,0,0,0,0,0,267,63,29,97
BER,2012,11,13,23,5.7,92.9,8.5,4.6,5.54,5.2,19.6,0,962.7,20,2,3.3,0,0,0,0,0,0,0,260,25,29,97
BER,2012,11,14,0,5.7,92.8,8.5,4.6,5.54,5.2,19.6,0,962.5,30,2,3.5,0,0,0,0,0,0,0,271,25,28,97
BER,2012,11,14,1,5.6,93.4,8.5,4.6,5.54,5.1,19.5,0,962.6,20,1.5,2.3,0,0,0,0,0,0,0,269,25,28,97
BER,2012,11,14,2,5.5,91.9,8.3,4.3,5.41,4.9,19.1,0,962.3,45,0.5,1.2,0,0,0,0,0,0,0,266,29,28,97
BER,2012,11,14,3,5.6,86,7.8,3.4,5.09,4.6,18.4,0,961.7,108,0.5,2.1,0,0,0,0,0,0,0,262,25,28,97
BER,2012,11,14,4,5.5,83.8,7.5,3,4.89,4.3,17.8,0,961.5,30,0.9,1.9,0,0,0,0,0,0,0,260,25,28,97
BER,2012,11,14,5,5.2,87.5,7.8,3.3,5.09,4.3,18,0,961.5,36,1.4,2.2,0,0,0,0,0,0,0,258,25,28,97
BER,2012,11,14,6,4.9,87.6,7.6,3,4.95,4,17.3,0,961.8,45,1.1,2.3,5,0,5,4,4,4,4,262,23,28,97
BER,2012,11,14,7,4.9,85.9,7.4,2.7,4.82,3.9,17,0,962,45,0.8,2,90,227,62,38,228,181,38,266,23,28,97
BER,2012,11,14,8,5.3,81.1,7.2,2.3,4.69,3.9,17.1,0,961.9,135,0.7,2.1,136,61,121,75,118,125,75,301,19,28,97
BER,2012,11,14,9,5.4,79.6,7.2,2.2,4.69,4,17.2,0,961.7,143,0.7,2.7,224,216,143,89,188,301,89,302,56,28,97
BER,2012,11,14,10,6.1,77.1,7.3,2.4,4.76,4.4,18.1,0,961.2,162,0.8,2.3,430,822,94,78,273,873,77,258,19,28,97
BER,2012,11,14,11,7,74.9,7.5,2.9,4.9,5.1,19.3,0,960.4,180,0.5,1.6,430,831,85,75,94,881,183,236,0,28,97
BER,2012,11,14,12,8.2,72.2,7.8,3.5,5.1,6,21.1,0,959.6,207,0.4,1.5,382,776,87,71,72,796,371,238,0,28,97
BER,2012,11,14,13,8.8,69.4,7.9,3.5,5.17,6.3,21.8,0,958.9,18,1.3,3.5,296,749,69,56,57,683,500,237,0,28,97
BER,2012,11,14,14,8.8,70.8,8,3.8,5.23,6.4,22,0,958.8,18,1.9,3.3,172,617,53,38,38,474,506,236,13,28,97
BER,2012,11,14,15,8.1,74.1,8,3.8,5.23,6,21.3,0,958.9,27,2.2,3.8,30,147,16,10,10,96,135,265,19,28,97
BER,2012,11,14,16,6.1,84.3,7.9,3.7,5.17,5,19.1,0,959,27,2.5,3.5,0,0,0,0,0,0,0,282,0,28,97
BER,2012,11,14,17,4.8,90.8,7.8,3.4,5.1,4.2,17.6,0,959.2,19,1.8,2.9,0,0,0,0,0,0,0,276,10,28,97
BER,2012,11,14,18,3.8,94.4,7.6,3,4.97,3.4,16.3,0,959.1,14,0.8,1.9,0,0,0,0,0,0,0,280,0,28,97
BER,2012,11,14,19,3,96,7.3,2.4,4.77,2.7,15,0,959,27,0.5,1.2,0,0,0,0,0,0,0,279,10,28,97
BER,2012,11,14,20,2.5,96.8,7.1,2,4.64,2.3,14.1,0,959,360,0.2,0.6,0,0,0,0,0,0,0,279,33,28,97
BER,2012,11,14,21,2.3,97,7,1.9,4.57,2.1,13.7,0,959,135,0.2,1.3,0,0,0,0,0,0,0,279,40,28,97
BER,2012,11,14,22,2.1,96.2,6.8,1.6,4.44,1.9,13.2,0,959,203,0.9,1.5,0,0,0,0,0,0,0,269,25,28,97
BER,2012,11,14,23,1.5,96.9,6.6,1.1,4.31,1.3,12.3,0,958.9,187,0.8,1.7,0,0,0,0,0,0,0,267,25,28,97
BER,2012,11,15,0,1.1,97.9,6.5,0.8,4.25,1,11.7,0,958.6,198,0.4,1.1,0,0,0,0,0,0,0,257,29,29,97
BER,2012,11,15,1,0.5,98.3,6.2,0.3,4.05,0.4,10.6,0,958.5,180,0.2,1,0,0,0,0,0,0,0,258,25,29,97
BER,2012,11,15,2,0,98.6,6,-0.2,3.92,-0.1,9.8,0,958.4,214,0.4,1,0,0,0,0,0,0,0,259,25,29,97
BER,2012,11,15,3,-0.2,98.2,5.9,-0.4,3.85,-0.3,9.4,0,958.1,0,0.3,0.9,0,0,0,0,0,0,0,260,29,29,97
BER,2012,11,15,4,-0.8,98.5,5.7,-1,3.72,-0.9,8.5,0,958,360,0.3,0.9,0,0,0,0,0,0,0,262,25,29,97
BER,2012,11,15,5,-1.6,99.9,5.4,-1.6,3.53,-1.6,7.2,0,958,225,0.4,1.1,0,0,0,0,0,0,0,270,25,29,97
BER,2012,11,15,6,-1.1,100,5.6,-1.1,3.66,-1.1,8,0,958,243,0.2,0.7,5,0,5,3,3,3,3,274,19,29,97
BER,2012,11,15,7,0,99.6,6.1,-0.1,3.99,0,9.9,0,958.2,219,0.7,1.3,118,457,54,34,408,334,34,283,25,29,97
BER,2012,11,15,8,0.5,100,6.3,0.5,4.12,0.5,10.8,0,958,297,0.3,1.2,172,195,123,77,216,238,77,283,0,29,97
BER,2012,11,15,9,1.2,100,6.7,1.2,4.38,1.2,12.2,0,957.7,360,0.3,1.3,206,100,170,107,158,206,108,288,20,29,97
BER,2012,11,15,10,2.3,98.4,7.1,2.1,4.65,2.2,13.9,0,957.2,326,0.4,1.7,309,288,192,119,205,421,119,272,13,29,97
BER,2012,11,15,11,3.8,94.8,7.6,3,4.98,3.4,16.3,0,956.6,7,1,2.7,410,722,114,88,107,802,199,244,6,29,97
BER,2012,11,15,12,4.6,92.6,7.8,3.5,5.12,4.1,17.4,0,956,6,1.9,4.1,403,848,84,74,76,866,398,238,6,29,97
BER,2012,11,15,13,4.4,95.1,7.9,3.7,5.19,4.1,17.4,0,955.5,13,3.1,4.9,286,677,80,62,63,639,460,237,0,29,97
BER,2012,11,15,14,3.9,96.7,7.8,3.4,5.12,3.7,16.7,0,955.3,15,3.2,5.3,149,405,71,46,46,340,359,247,13,29,97
BER,2012,11,15,15,3.3,98.1,7.6,3,4.99,3.2,15.8,0,955.4,18,3,5.3,24,76,17,11,11,56,75,294,33,29,97
BER,2012,11,15,16,2.7,98.8,7.3,2.5,4.79,2.6,14.7,0,955.6,5,2.2,4.2,0,0,0,0,0,0,0,281,25,29,97
BER,2012,11,15,17,2.3,99,7.1,2.2,4.66,2.3,14,0,955.7,13,1.8,3.3,0,0,0,0,0,0,0,278,25,29,97
BER,2012,11,15,18,1.9,99.7,7,1.9,4.59,1.9,13.4,0,955.7,37,1.1,2.4,0,0,0,0,0,0,0,276,25,29,97
BER,2012,11,15,19,1.6,99.4,6.8,1.5,4.46,1.6,12.7,0,955.7,325,1.3,2.5,0,0,0,0,0,0,0,273,25,29,97
BER,2012,11,15,20,1.4,99.5,6.7,1.3,4.39,1.4,12.4,0,955.8,284,0.7,1.6,0,0,0,0,0,0,0,271,25,29,97
BER,2012,11,15,21,1.2,100,6.7,1.2,4.39,1.2,12.2,0,955.8,346,0.5,1.5,0,0,0,0,0,0,0,268,25,29,97
BER,2012,11,15,22,1.8,99.9,7,1.8,4.59,1.8,13.3,0,955.7,174,0.9,2.2,0,0,0,0,0,0,0,266,25,29,97
BER,2012,11,15,23,2.1,99.6,7.1,2,4.66,2.1,13.7,0,955.8,162,1,1.8,0,0,0,0,0,0,0,263,25,29,97
BER,2012,11,16,0,2,98.6,6.9,1.8,4.52,1.9,13.3,0,955.6,215,1.4,2.7,0,0,0,0,0,0,0,291,100,31,97
BER,2012,11,16,1,1.5,98,6.7,1.2,4.39,1.4,12.5,0,955.6,241,1.9,2.9,0,0,0,0,0,0,0,289,100,31,97
BER,2012,11,16,2,1.3,98.3,6.6,1.1,4.33,1.2,12.1,0,955.3,238,1.6,2.9,0,0,0,0,0,0,0,288,100,31,97
BER,2012,11,16,3,1.3,98.5,6.6,1.1,4.33,1.2,12.1,0,955.1,228,1.6,2.8,0,0,0,0,0,0,0,287,100,31,97
BER,2012,11,16,4,1,98.3,6.5,0.8,4.26,0.9,11.6,0,955.1,210,1.5,3.6,0,0,0,0,0,0,0,286,100,31,97
BER,2012,11,16,5,0.9,98.5,6.4,0.7,4.2,0.8,11.4,0,954.9,176,1.3,2.9,0,0,0,0,0,0,0,285,100,31,97
BER,2012,11,16,6,0.8,98.4,6.4,0.6,4.2,0.7,11.3,0,954.8,191,1.7,3.1,4,0,4,3,3,3,3,287,100,31,97
BER,2012,11,16,7,0.7,97.4,6.2,0.3,4.06,0.5,10.8,0,955.3,231,1.4,2.6,110,379,58,37,348,289,37,296,79,31,97
BER,2012,11,16,8,0.7,97.6,6.3,0.4,4.13,0.6,11,0,955.3,221,1.1,2.1,112,35,104,67,92,95,68,305,23,31,97
BER,2012,11,16,9,1.1,96.9,6.4,0.7,4.2,0.9,11.6,0,955.3,208,1.6,3,74,0,74,48,47,48,48,314,100,31,97
BER,2012,11,16,10,1.3,96.5,6.4,0.8,4.2,1.1,11.8,0,954.7,198,0.7,2.4,102,0,102,66,65,66,67,322,100,31,97
BER,2012,11,16,11,2.1,95.7,6.8,1.5,4.46,1.8,13.3,0,954.2,180,0.8,3.1,86,0,86,56,55,56,56,327,100,31,97
BER,2012,11,16,12,2.8,95.2,7.1,2.1,4.66,2.5,14.5,0,953.9,225,0.8,2.7,69,0,69,44,43,44,45,328,100,31,97
BER,2012,11,16,13,3.2,94.8,7.3,2.4,4.8,2.8,15.2,0,953.5,281,0.6,2.6,43,0,43,28,27,28,28,326,100,31,97
BER,2012,11,16,14,3.5,94.9,7.4,2.8,4.87,3.2,15.7,0,953.2,239,0.7,2.3,17,0,17,11,11,11,11,323,100,31,97
BER,2012,11,16,15,3.3,94.8,7.3,2.5,4.8,2.9,15.3,0,953,198,0.8,2.3,4,0,4,3,3,3,3,317,100,31,97
BER,2012,11,16,16,3.3,95.3,7.4,2.6,4.87,3,15.5,0,952.9,248,0.6,1.8,0,0,0,0,0,0,0,312,100,31,97
BER,2012,11,16,17,3.3,95.2,7.4,2.6,4.87,3,15.5,0,953,135,0.7,2,0,0,0,0,0,0,0,306,100,31,97
BER,2012,11,16,18,3.2,95.5,7.3,2.6,4.8,2.9,15.2,0,953,180,0.3,1.8,0,0,0,0,0,0,0,302,100,31,97
BER,2012,11,16,19,3.1,97,7.4,2.7,4.87,2.9,15.3,0,952.9,153,0.8,2.3,0,0,0,0,0,0,0,299,100,31,97
BER,2012,11,16,20,2.5,98.9,7.2,2.3,4.74,2.4,14.4,0,952.9,147,1.7,2.8,0,0,0,0,0,0,0,296,100,31,97
BER,2012,11,16,21,2.4,98.1,7.1,2.1,4.67,2.3,14.1,0,952.9,169,1.6,2.8,0,0,0,0,0,0,0,293,100,31,97
BER,2012,11,16,22,1.9,97.3,6.8,1.5,4.47,1.7,13.1,0,952.6,205,1.7,3.1,0,0,0,0,0,0,0,290,100,31,97
BER,2012,11,16,23,1.8,97.2,6.8,1.4,4.47,1.6,13,0,952.5,169,2.2,3.7,0,0,0,0,0,0,0,287,100,31,97
BER,2012,11,17,0,2,97.2,6.9,1.6,4.54,1.8,13.4,0,952.2,162,2.3,4,0,0,0,0,0,0,0,285,100,33,97
BER,2012,11,17,1,1.9,97.4,6.9,1.5,4.54,1.7,13.3,0,952,164,2.5,4.3,0,0,0,0,0,0,0,285,44,33,97
BER,2012,11,17,2,2,97.3,6.9,1.6,4.54,1.8,13.4,0,951.7,175,2.3,4,0,0,0,0,0,0,0,266,55,33,97
BER,2012,11,17,3,1.7,97.2,6.7,1.3,4.41,1.5,12.7,0,951.5,201,1.7,2.8,0,0,0,0,0,0,0,260,25,33,97
BER,2012,11,17,4,1.6,96.3,6.6,1.1,4.35,1.4,12.5,0,951.2,208,2,3.5,0,0,0,0,0,0,0,273,25,33,97
BER,2012,11,17,5,1.7,95.9,6.6,1.1,4.35,1.4,12.6,0,951,203,2.4,5.2,0,0,0,0,0,0,0,284,70,33,97
BER,2012,11,17,6,2.1,95.4,6.8,1.4,4.48,1.8,13.3,0,951.1,188,2.9,5.8,3,0,3,2,2,2,2,290,88,33,97
BER,2012,11,17,7,2.3,95.6,6.9,1.7,4.54,2,13.7,0,951.2,174,2,3.9,46,98,36,24,105,84,24,296,68,33,97
BER,2012,11,17,8,2.6,95.3,7,1.9,4.61,2.3,14.1,0,951.4,171,2.1,4.4,95,44,83,54,83,92,54,307,68,33,97
BER,2012,11,17,9,3,94.8,7.2,2.2,4.75,2.6,14.9,0,951,170,2.3,4.5,50,0,50,33,32,33,33,316,78,33,97
BER,2012,11,17,10,3.4,94.6,7.4,2.6,4.88,3,15.6,0,950.6,160,2,3.5,153,20,145,95,100,116,95,320,88,33,97
BER,2012,11,17,11,3.8,92.6,7.4,2.7,4.88,3.3,16,0,950,147,1.7,3.3,183,39,167,109,108,151,119,329,81,33,97
BER,2012,11,17,12,4.6,93,7.9,3.6,5.22,4.1,17.7,0,949.5,135,0.9,2.3,141,23,133,87,85,110,96,331,94,33,97
BER,2012,11,17,13,4.7,91.1,7.8,3.4,5.15,4.1,17.6,0,949,72,0.5,1.6,135,42,123,80,79,117,109,318,88,33,97
BER,2012,11,17,14,4.8,89.5,7.7,3.2,5.09,4.1,17.6,0,948.8,243,0.3,1.3,28,2,28,18,18,19,19,326,100,33,97
BER,2012,11,17,15,4.8,89.9,7.7,3.3,5.09,4.1,17.6,0,948.6,153,0.2,1.5,1,0,1,1,1,1,1,323,100,33,97
BER,2012,11,17,16,4.4,93.4,7.8,3.4,5.16,3.9,17.3,0,948.7,158,0.7,1.8,0,0,0,0,0,0,0,312,59,33,97
BER,2012,11,17,17,4,97.2,7.9,3.6,5.22,3.8,17.1,0,948.7,153,0.7,1.5,0,0,0,0,0,0,0,309,53,33,97
BER,2012,11,17,18,3.9,95.9,7.7,3.3,5.09,3.6,16.7,0,948.8,186,0.9,1.8,0,0,0,0,0,0,0,313,61,33,97
BER,2012,11,17,19,3.8,95.8,7.7,3.2,5.09,3.5,16.6,0,949.1,198,1,2.3,0,0,0,0,0,0,0,315,100,33,97
BER,2012,11,17,20,3.8,97.3,7.8,3.4,5.15,3.6,16.7,0,949.3,186,1.1,2.4,0,0,0,0,0,0,0,315,90,33,97
BER,2012,11,17,21,4,97.5,8,3.6,5.29,3.8,17.3,0,949.5,180,0.9,1.8,0,0,0,0,0,0,0,312,60,33,97
BER,2012,11,17,22,3.9,97.3,7.9,3.5,5.22,3.7,17,0,949.2,159,1.7,3.1,0,0,0,0,0,0,0,315,81,33,97
BER,2012,11,17,23,3.7,96.4,7.6,3.2,5.02,3.5,16.3,0,949.2,167,1.8,3.2,0,0,0,0,0,0,0,315,94,33,97
BER,2012,11,18,0,3.1,96.1,7.4,2.5,4.89,2.8,15.3,0,949,172,2.1,3.6,0,0,0,0,0,0,0,308,71,33,97
BER,2012,11,18,1,2.7,96.2,7.1,2.2,4.69,2.5,14.4,0,948.8,177,1.9,3.4,0,0,0,0,0,0,0,314,100,33,97
BER,2012,11,18,2,2.2,96.6,6.9,1.7,4.56,2,13.6,0,948.7,180,2,3.7,0,0,0,0,0,0,0,314,100,33,97
BER,2012,11,18,3,1.8,96.9,6.7,1.4,4.42,1.6,12.9,0,948.6,193,1.9,3.5,0,0,0,0,0,0,0,313,100,33,97
BER,2012,11,18,4,1.5,96.7,6.6,1,4.36,1.3,12.4,0,948.6,183,2,4.1,0,0,0,0,0,0,0,312,100,33,97
BER,2012,11,18,5,1.3,98.8,6.6,1.1,4.36,1.2,12.2,0,948.8,153,1.4,2.8,0,0,0,0,0,0,0,312,100,33,97
BER,2012,11,18,6,1,98.2,6.5,0.7,4.29,0.9,11.7,0,949.1,156,2,3.6,0,0,0,0,0,0,0,308,81,33,97
BER,2012,11,18,7,1.3,96.6,6.5,0.8,4.29,1.1,12,0,949.5,165,2.3,4.3,27,55,21,14,60,48,14,316,88,33,97
BER,2012,11,18,8,2.2,97,6.9,1.8,4.55,2,13.6,0,949.6,180,1.7,3.2,82,17,78,51,61,65,51,319,94,33,97
BER,2012,11,18,9,3.1,96.4,7.4,2.6,4.88,2.9,15.3,0,949.7,184,1.4,2.4,164,55,145,95,123,149,96,322,100,33,97
BER,2012,11,18,10,4.4,92.5,7.7,3.3,5.08,3.9,17.2,0,949.8,186,0.9,2.2,246,145,189,123,165,276,123,325,100,33,97
BER,2012,11,18,11,5,88.7,7.7,3.3,5.09,4.2,17.8,0,949.3,207,0.5,2.2,247,127,197,128,131,263,155,328,100,33,97
BER,2012,11,18,12,5.5,86.2,7.8,3.4,5.15,4.5,18.5,0,949.1,270,0.6,2.1,325,552,125,92,93,622,322,319,74,33,97
BER,2012,11,18,13,6.3,83,7.9,3.6,5.22,5,19.4,0,948.8,45,0.4,1.3,280,729,69,62,64,680,490,283,33,33,97
BER,2012,11,18,14,7.1,80,8.1,3.9,5.35,5.6,20.6,0,949,315,0.6,1.5,156,558,54,41,42,444,462,269,6,33,97
BER,2012,11,18,15,6.6,82.1,8,3.8,5.29,5.3,19.9,0,949,8,0.8,1.5,20,68,15,10,10,50,67,289,0,33,97
BER,2012,11,18,16,4,93.3,7.6,3,5.02,3.5,16.6,0,949.4,34,0.4,1.3,0,0,0,0,0,0,0,282,0,33,97
BER,2012,11,18,17,2.7,96,7.2,2.1,4.75,2.4,14.6,0,949.9,45,0.3,1.1,0,0,0,0,0,0,0,280,0,33,97
BER,2012,11,18,18,1.6,96.9,6.7,1.2,4.42,1.4,12.6,0,950.4,14,0.4,1.1,0,0,0,0,0,0,0,278,0,33,97
BER,2012,11,18,19,1.5,97.6,6.6,1.2,4.35,1.4,12.4,0,950.7,180,0.4,1.4,0,0,0,0,0,0,0,285,23,33,97
BER,2012,11,18,20,0.9,100,6.5,0.9,4.28,0.9,11.6,0,950.9,207,0.3,1.2,0,0,0,0,0,0,0,284,44,33,97
BER,2012,11,18,21,1.2,100,6.7,1.2,4.41,1.2,12.2,0,950.7,146,0.4,1,0,0,0,0,0,0,0,271,6,33,97
BER,2012,11,18,22,0.9,100,6.5,0.9,4.28,0.9,11.6,0,950.7,135,0.3,0.9,0,0,0,0,0,0,0,265,0,33,97
BER,2012,11,18,23,0.2,100,6.2,0.2,4.08,0.2,10.4,0,950.9,18,0.3,1.2,0,0,0,0,0,0,0,262,0,33,97
BER,2012,11,19,0,0.5,100,6.3,0.5,4.15,0.5,10.9,0,950.9,7,0.8,1.8,0,0,0,0,0,0,0,303,100,33,97
BER,2012,11,19,1,0.3,100,6.2,0.3,4.08,0.3,10.5,0,951,45,0.3,1,0,0,0,0,0,0,0,302,100,33,97
BER,2012,11,19,2,0.3,100,6.2,0.3,4.08,0.3,10.5,0,950.8,180,0.4,1.5,0,0,0,0,0,0,0,301,100,33,97
BER,2012,11,19,3,0.3,100,6.3,0.3,4.15,0.3,10.7,0,950.9,0,0.1,0.5,0,0,0,0,0,0,0,300,80,33,97
BER,2012,11,19,4,0.9,99.6,6.5,0.8,4.28,0.9,11.6,0,951.2,225,0.4,1.1,0,0,0,0,0,0,0,300,34,33,97
BER,2012,11,19,5,1.2,99.7,6.7,1.2,4.41,1.2,12.2,0,951.5,207,0.5,1.4,0,0,0,0,0,0,0,299,100,33,97
BER,2012,11,19,6,1.2,99.6,6.7,1.1,4.41,1.2,12.2,0,951.5,342,0.4,1.3,0,0,0,0,0,0,0,298,100,33,97
BER,2012,11,19,7,1.3,99.4,6.7,1.2,4.41,1.3,12.3,0,951.7,207,0.3,1.4,97,349,56,37,323,265,37,299,66,33,97
BER,2012,11,19,8,1.4,99.4,6.7,1.3,4.41,1.4,12.4,0,951.7,149,0.6,1.8,106,37,98,65,90,94,65,304,23,33,97
BER,2012,11,19,9,1.7,98.3,6.8,1.5,4.47,1.6,12.9,0,952,135,1,1.9,42,0,42,28,27,28,28,309,100,33,97
BER,2012,11,19,10,1.8,98.2,6.8,1.5,4.47,1.7,13,0,952.1,53,0.7,1.9,41,0,41,27,26,27,27,314,100,33,97
BER,2012,11,19,11,2.3,97.3,7,1.9,4.61,2.1,13.8,0,951.7,29,1.4,3.2,58,0,58,38,37,38,38,320,100,33,97
BER,2012,11,19,12,2,97.2,6.9,1.6,4.54,1.8,13.4,0,951.8,6,1.9,3.5,68,0,68,45,44,45,45,322,100,33,97
BER,2012,11,19,13,1.9,97.7,6.9,1.6,4.54,1.8,13.3,0,951.7,11,1,2.3,31,0,31,21,20,21,21,319,100,33,97
BER,2012,11,19,14,2,97.4,6.9,1.6,4.54,1.8,13.4,0,951.7,326,0.6,2,13,0,13,8,8,8,8,316,100,33,97
BER,2012,11,19,15,1.8,97.8,6.8,1.5,4.48,1.7,13,0,951.9,27,0.4,1.4,2,0,2,1,1,1,1,313,100,33,97
BER,2012,11,19,16,1.8,98.6,6.8,1.6,4.47,1.7,13,0,952.4,217,0.7,2.4,0,0,0,0,0,0,0,310,100,33,97
BER,2012,11,19,17,1.9,98.6,6.9,1.7,4.54,1.8,13.3,0,952.7,153,0.4,1.9,0,0,0,0,0,0,0,307,100,33,97
BER,2012,11,19,18,1.8,98.7,6.8,1.6,4.47,1.7,13,0,953,360,0.7,1.8,0,0,0,0,0,0,0,304,100,33,97
BER,2012,11,19,19,1.7,99,6.8,1.6,4.47,1.7,12.9,0,953.2,202,0.7,1.9,0,0,0,0,0,0,0,302,100,33,97
BER,2012,11,19,20,1.8,98.9,6.9,1.6,4.53,1.7,13.1,0,953.3,135,0.8,1.9,0,0,0,0,0,0,0,299,100,33,97
BER,2012,11,19,21,2,97.9,6.9,1.7,4.53,1.9,13.3,0,953.6,160,1.2,2.9,0,0,0,0,0,0,0,296,100,33,97
BER,2012,11,19,22,1.6,97.8,6.7,1.3,4.4,1.5,12.6,0,953.6,166,1.7,3.1,0,0,0,0,0,0,0,294,100,33,97
BER,2012,11,19,23,1.4,97.3,6.6,1,4.33,1.2,12.2,0,953.7,197,1.1,2.5,0,0,0,0,0,0,0,291,100,33,97
BER,2012,11,20,0,1,96.6,6.4,0.5,4.2,0.8,11.5,0,953.9,171,1.8,3.3,0,0,0,0,0,0,0,288,100,33,97
BER,2012,11,20,1,0.5,96.3,6.1,0,4,0.3,10.5,0,954.1,185,1.4,2.8,0,0,0,0,0,0,0,287,100,33,97
BER,2012,11,20,2,0.6,96,6.1,0,4,0.4,10.6,0,953.9,169,1.7,3.5,0,0,0,0,0,0,0,285,100,33,97
BER,2012,11,20,3,0.4,97.1,6.1,0,4,0.2,10.4,0,953.9,205,1.7,3.6,0,0,0,0,0,0,0,282,100,33,97
BER,2012,11,20,4,0.4,97.6,6.2,0.1,4.07,0.3,10.6,0,954,229,1.1,2.5,0,0,0,0,0,0,0,280,100,33,97
BER,2012,11,20,5,0.4,98.3,6.2,0.2,4.07,0.3,10.6,0,954,225,1,2,0,0,0,0,0,0,0,278,100,33,97
BER,2012,11,20,6,0.3,98.2,6.1,0,4,0.2,10.3,0,954.2,261,0.6,1.8,0,0,0,0,0,0,0,278,100,33,97
BER,2012,11,20,7,0.6,95.8,6.1,0,4,0.4,10.6,0,954.6,250,1.2,2.8,83,236,51,34,224,196,34,283,94,33,97
BER,2012,11,20,8,0.5,95.2,6,-0.2,3.93,0.2,10.3,0,954.8,219,1.3,3,118,61,104,68,112,117,69,292,43,33,97
BER,2012,11,20,9,0.3,93.7,5.9,-0.6,3.87,-0.1,9.9,0,954.9,198,1.7,3.3,96,2,95,63,62,64,63,300,100,33,97
BER,2012,11,20,10,0.8,91,5.9,-0.5,3.87,0.3,10.5,0,954.8,176,1.3,2.8,142,6,139,92,92,98,92,309,100,33,97
BER,2012,11,20,11,1.1,89.5,6,-0.4,3.94,0.5,10.9,0,954.1,202,0.7,2.7,107,0,107,70,69,71,71,317,100,33,97
BER,2012,11,20,12,1.5,90.5,6.2,0.1,4.07,0.9,11.7,0,953.8,326,0.9,2.5,94,0,94,61,60,61,62,321,100,33,97
BER,2012,11,20,13,1.6,92.1,6.3,0.5,4.14,1.1,11.9,0,953.6,315,0.8,2.1,101,6,99,65,64,70,70,316,88,33,97
BER,2012,11,20,14,1.8,92.9,6.5,0.8,4.27,1.4,12.5,0,953.5,324,1,2.8,43,1,43,28,27,29,29,310,100,33,97
BER,2012,11,20,15,1.3,94.7,6.4,0.5,4.2,1,11.8,0,953.5,360,1.3,2.8,4,0,4,2,2,2,2,305,100,33,97
BER,2012,11,20,16,1.1,96.4,6.4,0.6,4.2,0.9,11.6,0,953.7,9,1.4,2.5,0,0,0,0,0,0,0,299,100,33,97
BER,2012,11,20,17,1.1,97.8,6.5,0.8,4.27,1,11.8,0,953.9,23,0.8,1.5,0,0,0,0,0,0,0,294,100,33,97
BER,2012,11,20,18,1,98.8,6.5,0.8,4.27,0.9,11.7,0,954.1,6,0.9,1.8,0,0,0,0,0,0,0,290,100,33,97
BER,2012,11,20,19,0.9,99.4,6.5,0.8,4.27,0.9,11.6,0,954,23,0.8,1.5,0,0,0,0,0,0,0,288,100,33,97
BER,2012,11,20,20,1,99.2,6.5,0.9,4.27,1,11.7,0,953.9,16,0.8,1.6,0,0,0,0,0,0,0,286,100,33,97
BER,2012,11,20,21,0.9,99,6.5,0.8,4.27,0.9,11.6,0,953.9,13,1.3,2.1,0,0,0,0,0,0,0,284,100,33,97
BER,2012,11,20,22,0.8,99.4,6.4,0.7,4.2,0.8,11.3,0,953.9,22,0.5,1.5,0,0,0,0,0,0,0,282,100,33,97
BER,2012,11,20,23,0.9,98.3,6.4,0.7,4.2,0.8,11.4,0,953.9,240,0.9,2.3,0,0,0,0,0,0,0,281,100,33,97
BER,2012,11,21,0,0.7,96.8,6.2,0.3,4.07,0.5,10.9,0,953.4,234,1.4,2.8,0,0,0,0,0,0,0,260,0,33,97
BER,2012,11,21,1,0.7,96.7,6.2,0.2,4.07,0.5,10.9,0,953.3,188,1.5,3.1,0,0,0,0,0,0,0,263,0,33,97
BER,2012,11,21,2,0.4,97.4,6.1,0,4.01,0.2,10.4,0,952.9,155,1.7,3.3,0,0,0,0,0,0,0,262,0,33,97
BER,2012,11,21,3,0.1,97.5,6,-0.2,3.94,0,9.9,0,952.6,157,1.4,3,0,0,0,0,0,0,0,258,0,33,97
BER,2012,11,21,4,0.2,97.8,6.1,-0.1,4.01,0.1,10.2,0,952.7,212,1,2.2,0,0,0,0,0,0,0,259,0,33,97
BER,2012,11,21,5,0.1,97.8,6,-0.2,3.94,0,9.9,0,952.9,152,1.5,3.3,0,0,0,0,0,0,0,259,0,33,97
BER,2012,11,21,6,0.2,96.3,6,-0.3,3.94,0,10,0,953.3,159,1.7,3.3,0,0,0,0,0,0,0,263,0,33,97
BER,2012,11,21,7,0.2,95.9,5.9,-0.4,3.87,0,9.9,0,953.6,156,2.2,3.8,89,310,49,33,282,243,33,276,6,33,97
BER,2012,11,21,8,0.1,95.5,5.9,-0.5,3.87,-0.1,9.8,0,953.7,193,1.8,3.9,117,68,102,67,115,122,67,303,33,33,97
BER,2012,11,21,9,0.3,95.6,6,-0.3,3.94,0.1,10.1,0,953.9,195,1.6,3.3,81,0,81,53,52,53,53,311,100,33,97
BER,2012,11,21,10,1,93.3,6.1,0,4,0.6,11,0,953.8,214,1.6,3.4,116,1,115,76,75,77,76,318,88,33,97
BER,2012,11,21,11,1.5,93.4,6.3,0.6,4.14,1.1,11.8,0,953.8,210,1.4,4,202,63,177,116,114,183,133,325,100,33,97
BER,2012,11,21,12,2.4,91.9,6.6,1.2,4.33,1.9,13.2,0,954.1,222,1.4,2.8,174,54,156,102,101,155,129,327,100,33,97
BER,2012,11,21,13,3,90.2,6.8,1.6,4.46,2.4,14.2,0,954.2,230,1,2.7,145,74,122,80,79,149,124,327,100,33,97
BER,2012,11,21,14,3.3,91.3,7.1,2,4.66,2.7,15,0,954.7,261,0.7,2.1,94,184,58,40,39,180,173,322,94,33,97
BER,2012,11,21,15,3.4,91.6,7.1,2.2,4.66,2.9,15.1,0,955,216,0.9,2.3,9,12,8,5,5,13,15,326,100,33,97
BER,2012,11,21,16,2.8,93.8,7,1.9,4.59,2.4,14.3,0,955.6,214,0.5,1.3,0,0,0,0,0,0,0,323,94,33,97
BER,2012,11,21,17,1.6,95.9,6.6,1,4.32,1.3,12.4,0,956.1,153,0.2,1.1,0,0,0,0,0,0,0,323,94,33,97
BER,2012,11,21,18,1.8,96.1,6.7,1.2,4.39,1.5,12.8,0,956.5,18,0.7,1.4,0,0,0,0,0,0,0,325,100,33,97
BER,2012,11,21,19,2.4,95.8,7,1.8,4.58,2.1,13.9,0,957,45,0.3,1,0,0,0,0,0,0,0,325,100,33,97
BER,2012,11,21,20,2.7,94.4,7,1.9,4.58,2.4,14.2,0,957.4,180,0.5,1.1,0,0,0,0,0,0,0,325,100,33,97
BER,2012,11,21,21,2.7,95.2,7.1,2,4.65,2.4,14.3,0,957.5,315,0.4,1.1,0,0,0,0,0,0,0,323,94,33,97
BER,2012,11,21,22,2.9,94.6,7.1,2.1,4.64,2.5,14.5,0,957.9,180,0.2,0.7,0,0,0,0,0,0,0,325,100,33,97
BER,2012,11,21,23,3.1,95.1,7.3,2.4,4.78,2.8,15.1,0,958.2,9,0.8,1.8,0,0,0,0,0,0,0,325,100,33,97
BER,2012,11,22,0,3.2,95.1,7.3,2.5,4.77,2.9,15.2,0,958.3,9,1.2,1.8,0,0,0,0,0,0,0,326,100,33,97
BER,2012,11,22,1,3.4,95.1,7.4,2.7,4.84,3.1,15.5,0.3,958.5,18,1.3,2,0,0,0,0,0,0,0,326,100,33,97
BER,2012,11,22,2,3.4,95.4,7.4,2.7,4.84,3.1,15.5,0,958.3,13,1.8,2.8,0,0,0,0,0,0,0,326,100,33,97
BER,2012,11,22,3,3.4,96.1,7.5,2.8,4.91,3.1,15.7,0,958.2,10,1.1,1.7,0,0,0,0,0,0,0,326,100,33,97
BER,2012,11,22,4,3.6,96.6,7.6,3.1,4.97,3.4,16.1,0,958.1,18,0.6,1.2,0,0,0,0,0,0,0,326,100,33,97
BER,2012,11,22,5,3.8,96.7,7.7,3.3,5.04,3.6,16.4,0,958.2,9,0.6,1.3,0,0,0,0,0,0,0,326,100,33,97
BER,2012,11,22,6,3.9,95.7,7.7,3.3,5.04,3.6,16.5,0,958.4,5,1.2,2.4,0,0,0,0,0,0,0,326,100,33,97
BER,2012,11,22,7,4,95.9,7.8,3.4,5.1,3.7,16.8,0,958.7,13,0.9,1.9,27,90,19,12,87,70,12,326,94,33,97
BER,2012,11,22,8,4.3,95.9,8,3.7,5.23,4,17.4,0,958.8,18,0.6,1.2,72,19,68,45,56,60,45,331,100,33,97
BER,2012,11,22,9,4.2,96.1,7.9,3.6,5.17,3.9,17.2,0,958.8,11,0.5,0.7,175,219,99,68,164,281,68,333,100,33,97
BER,2012,11,22,10,4.4,95.4,8,3.7,5.23,4.1,17.5,0,958.8,22,0.5,1,312,440,147,102,229,547,102,335,94,33,97
BER,2012,11,22,11,5.7,93.3,8.6,4.7,5.63,5.2,19.9,0,958.7,14,0.8,3.3,427,805,116,94,124,907,202,319,68,33,97
BER,2012,11,22,12,8.1,87,9.4,6.1,6.17,7.1,23.6,0,957.5,2,2.7,5.3,331,661,99,82,83,711,333,329,55,33,97
BER,2012,11,22,13,8.6,87.3,9.7,6.6,6.37,7.6,24.7,0,957,27,2.9,5.6,233,479,97,71,71,492,349,321,58,33,97
BER,2012,11,22,14,8.5,86.4,9.6,6.4,6.3,7.4,24.4,0,957.1,23,2.1,4.2,77,81,61,40,39,105,99,337,94,33,97
BER,2012,11,22,15,8,87.1,9.3,6,6.1,7,23.4,0,957,37,1.5,3.1,3,0,3,2,2,2,2,336,94,33,97
BER,2012,11,22,16,6.5,90.6,8.8,5.1,5.77,5.8,21,0,956.8,25,1.9,3,0,0,0,0,0,0,0,299,35,33,97
BER,2012,11,22,17,5.5,94,8.5,4.6,5.58,5.1,19.5,0,956.7,20,2.4,3.3,0,0,0,0,0,0,0,256,0,33,97
BER,2012,11,22,18,5.9,93.6,8.7,4.9,5.71,5.4,20.3,0,956.3,21,2.5,4.2,0,0,0,0,0,0,0,254,0,33,97
BER,2012,11,22,19,6.3,93.4,8.9,5.3,5.84,5.8,21,0,956.3,16,2.5,3.8,0,0,0,0,0,0,0,276,6,33,97
BER,2012,11,22,20,6.2,93.8,8.9,5.3,5.84,5.8,20.9,0,956.7,8,1.4,2.7,0,0,0,0,0,0,0,288,0,33,97
BER,2012,11,22,21,6.3,94.1,9,5.4,5.91,5.9,21.2,0,956.9,270,0.5,1.6,0,0,0,0,0,0,0,280,0,33,97
BER,2012,11,22,22,6.5,93.2,9,5.5,5.91,6,21.4,0,957,149,0.6,1.4,0,0,0,0,0,0,0,278,0,33,97
BER,2012,11,22,23,6.6,91.5,8.9,5.3,5.84,6,21.3,0,956.6,162,1.1,2.8,0,0,0,0,0,0,0,277,0,33,97
BER,2012,11,23,0,6.5,90.6,8.8,5.1,5.78,5.8,21,0,956.4,168,1.5,3.1,0,0,0,0,0,0,0,274,23,32,97
BER,2012,11,23,1,5.3,94.1,8.4,4.4,5.51,4.9,19.1,0,956.6,180,0.9,2.3,0,0,0,0,0,0,0,271,6,32,97
BER,2012,11,23,2,4.9,93.8,8.1,4,5.31,4.5,18.2,0,956.4,193,0.9,2.5,0,0,0,0,0,0,0,268,0,32,97
BER,2012,11,23,3,3.6,94.3,7.4,2.8,4.85,3.2,15.8,0,955.9,172,0.7,1.9,0,0,0,0,0,0,0,293,54,32,97
BER,2012,11,23,4,3.9,92.5,7.5,2.8,4.92,3.4,16.2,0,955.7,158,1.1,3.8,0,0,0,0,0,0,0,307,100,32,97
BER,2012,11,23,5,4.2,92.9,7.7,3.2,5.05,3.7,16.9,0,955.9,214,1.3,3.1,0,0,0,0,0,0,0,302,100,32,97
BER,2012,11,23,6,5.3,86.3,7.7,3.2,5.05,4.3,18,0,956.1,159,2,4.3,0,0,0,0,0,0,0,303,100,32,97
BER,2012,11,23,7,5.3,86.2,7.7,3.2,5.05,4.3,18,0,956.5,177,1.9,3.8,81,288,46,30,261,225,30,312,100,32,97
BER,2012,11,23,8,5.4,85.3,7.7,3.1,5.05,4.3,18.1,0,956.6,175,1.2,2.3,217,604,80,57,467,547,57,315,81,32,97
BER,2012,11,23,9,6.2,81.1,7.7,3.2,5.05,4.8,18.9,0,957,168,1.5,2.6,284,519,117,80,339,571,80,328,81,32,97
BER,2012,11,23,10,7.2,76.4,7.7,3.3,5.05,5.4,19.9,0,956.8,148,1.6,3.3,388,840,75,76,275,889,76,298,53,32,97
BER,2012,11,23,11,8.2,74,8,3.8,5.25,6.1,21.4,0,956.4,194,0.7,2.6,390,777,93,82,102,852,185,300,48,32,97
BER,2012,11,23,12,8.9,73.1,8.4,4.3,5.51,6.6,22.8,0,956.2,360,0.5,1.4,318,579,114,84,84,647,304,317,64,32,97
BER,2012,11,23,13,9.4,69.9,8.2,4.2,5.38,6.8,23,0,955.9,180,0.4,1.5,220,400,108,73,73,429,311,315,68,32,97
BER,2012,11,23,14,9.2,74.6,8.6,4.9,5.65,7.1,23.5,0,955.9,15,1.4,3.3,62,33,56,36,36,62,60,335,100,32,97
BER,2012,11,23,15,7.9,85.6,9.1,5.6,5.98,6.7,23,0,956.1,13,1.8,3.1,10,45,8,5,5,31,43,334,100,32,97
BER,2012,11,23,16,6.8,90,8.9,5.3,5.84,6.1,21.5,0,956.6,18,0.6,1.6,0,0,0,0,0,0,0,332,100,32,97
BER,2012,11,23,17,6,93.4,8.7,5,5.71,5.5,20.4,0,956.7,27,0.5,1.5,0,0,0,0,0,0,0,330,100,32,97
BER,2012,11,23,18,6,91.5,8.6,4.7,5.64,5.4,20.2,0,956.9,198,0.4,2,0,0,0,0,0,0,0,329,100,32,97
BER,2012,11,23,19,6.6,86.4,8.4,4.5,5.51,5.6,20.5,0,956.9,135,0.6,1.8,0,0,0,0,0,0,0,327,100,32,97
BER,2012,11,23,20,5.8,90.8,8.4,4.4,5.51,5.1,19.7,0,956.8,90,0.6,1.8,0,0,0,0,0,0,0,326,100,32,97
BER,2012,11,23,21,4.7,95.2,8.1,4,5.31,4.4,18,0,956.9,9,0.6,1.3,0,0,0,0,0,0,0,325,100,32,97
BER,2012,11,23,22,4.5,94,7.9,3.6,5.18,4.1,17.5,0,956.7,225,0.5,1.5,0,0,0,0,0,0,0,323,100,32,97
BER,2012,11,23,23,4.1,94.6,7.7,3.3,5.05,3.7,16.8,0,956.1,225,0.5,1.4,0,0,0,0,0,0,0,322,100,32,97
BER,2012,11,24,0,3.8,95.6,7.6,3.2,4.99,3.5,16.3,0,955.7,10,1.1,2.3,0,0,0,0,0,0,0,318,88,30,97
BER,2012,11,24,1,3.6,95.8,7.6,3,4.98,3.3,16.1,0,956,90,0.3,0.9,0,0,0,0,0,0,0,316,84,30,97
BER,2012,11,24,2,4.1,93.5,7.7,3.1,5.05,3.6,16.8,0,955.9,186,0.9,2.2,0,0,0,0,0,0,0,318,88,30,97
BER,2012,11,24,3,3.8,93.4,7.5,2.8,4.92,3.3,16.1,0,955.9,202,1.1,2.3,0,0,0,0,0,0,0,319,100,30,97
BER,2012,11,24,4,3.6,94.1,7.5,2.7,4.92,3.2,15.9,0,955.7,207,0.6,1.2,0,0,0,0,0,0,0,319,100,30,97
BER,2012,11,24,5,3.7,94.2,7.5,2.9,4.92,3.3,16,0,955.6,6,1,2.1,0,0,0,0,0,0,0,319,100,30,97
BER,2012,11,24,6,4.3,91.7,7.6,3.1,4.99,3.8,16.8,0,955.7,25,1.5,3.3,0,0,0,0,0,0,0,320,100,30,97
BER,2012,11,24,7,3.8,94.1,7.5,2.9,4.92,3.4,16.1,0,955.6,27,0.9,2,82,332,41,27,289,253,27,303,43,30,97
BER,2012,11,24,8,4.7,91.9,7.9,3.5,5.19,4.1,17.7,0,955.3,31,0.7,2.5,160,266,97,62,241,286,62,309,75,30,97
BER,2012,11,24,9,7.3,83.6,8.5,4.7,5.58,6,21.4,0,955.3,22,0.6,1.8,209,257,132,87,222,321,87,311,65,30,97
BER,2012,11,24,10,9.2,71.3,8.3,4.3,5.46,6.8,23,0,954.6,360,0.4,1.2,215,142,163,103,151,250,103,335,100,30,97
BER,2012,11,24,11,9.6,70.8,8.5,4.6,5.59,7.1,23.7,0,954.1,6,1.1,2.7,269,244,177,111,115,369,165,334,88,30,97
BER,2012,11,24,12,9.5,73.5,8.7,5,5.73,7.3,24,0,953.6,19,1.8,2.8,184,214,106,73,72,281,136,341,94,30,97
BER,2012,11,24,13,9.9,71.8,8.8,5.1,5.8,7.5,24.5,0,953.3,353,0.8,2.3,184,269,114,73,72,308,242,335,88,30,97
BER,2012,11,24,14,9.9,71.2,8.7,4.9,5.73,7.4,24.4,0,952.9,249,0.8,2,70,154,49,32,31,140,150,323,88,30,97
BER,2012,11,24,15,9.1,73.3,8.5,4.6,5.6,6.9,23.2,0,952.7,278,1,2.5,10,12,10,6,6,13,16,337,100,30,97
BER,2012,11,24,16,7.7,84.1,8.9,5.2,5.87,6.5,22.5,0,952.2,45,0.4,1.2,0,0,0,0,0,0,0,335,100,30,97
BER,2012,11,24,17,6.5,91,8.8,5.1,5.8,5.8,21.1,0,952.2,34,0.5,1.3,0,0,0,0,0,0,0,334,100,30,97
BER,2012,11,24,18,6.2,92.2,8.8,5,5.8,5.6,20.8,0,952.2,27,0.2,1.1,0,0,0,0,0,0,0,333,100,30,97
BER,2012,11,24,19,6.2,91.9,8.7,5,5.73,5.6,20.6,0,952.4,225,0.8,2.5,0,0,0,0,0,0,0,320,79,30,97
BER,2012,11,24,20,6.1,91.6,8.6,4.8,5.67,5.5,20.4,0,952.5,180,0.8,1.4,0,0,0,0,0,0,0,323,94,30,97
BER,2012,11,24,21,5.9,92.9,8.6,4.8,5.67,5.4,20.1,0,952.8,209,1,1.9,0,0,0,0,0,0,0,330,100,30,97
BER,2012,11,24,22,5.6,93.9,8.5,4.7,5.6,5.2,19.7,0,953.3,225,0.5,1.6,0,0,0,0,0,0,0,324,90,30,97
BER,2012,11,24,23,5.8,91.5,8.5,4.5,5.6,5.2,19.9,0,953.4,204,1.1,1.9,0,0,0,0,0,0,0,284,31,30,97
BER,2012,11,25,0,4.5,95.3,8.1,3.8,5.33,4.2,17.9,0,953.4,214,0.4,1.6,0,0,0,0,0,0,0,263,33,29,97
BER,2012,11,25,1,3.4,96.6,7.5,2.9,4.93,3.2,15.8,0,953.8,225,0.7,1.8,0,0,0,0,0,0,0,264,23,29,97
BER,2012,11,25,2,2.9,96.9,7.3,2.5,4.8,2.7,14.9,0,953.7,204,1.1,3.8,0,0,0,0,0,0,0,292,36,29,97
BER,2012,11,25,3,2.9,96.7,7.3,2.4,4.8,2.7,14.9,0,953.4,217,0.5,1.6,0,0,0,0,0,0,0,311,66,29,97
BER,2012,11,25,4,4,94.1,7.6,3.1,5,3.6,16.5,0,953.1,225,0.7,3.8,0,0,0,0,0,0,0,329,100,29,97
BER,2012,11,25,5,4.4,93.4,7.8,3.4,5.13,3.9,17.3,0,953.4,220,0.9,3.4,0,0,0,0,0,0,0,330,100,29,97
BER,2012,11,25,6,5.7,86,7.9,3.5,5.2,4.7,18.8,0,953.5,204,2,4.4,0,0,0,0,0,0,0,331,100,29,97
BER,2012,11,25,7,5.5,88.7,8,3.8,5.26,4.7,18.7,0,953.8,243,0.5,3,33,20,30,19,34,33,19,334,81,29,97
BER,2012,11,25,8,6.1,90.3,8.5,4.6,5.59,5.4,20.2,0.1,953.9,211,0.6,2.1,62,78,46,29,83,92,29,328,88,29,97
BER,2012,11,25,9,7.3,87.9,9,5.4,5.92,6.4,22.2,0,954.4,198,0.4,2.4,17,0,17,11,11,11,11,340,100,29,97
BER,2012,11,25,10,9.3,85.8,10,7,6.58,8.1,25.9,0.1,954.6,207,0.9,3.7,18,0,18,11,11,11,11,343,100,29,97
BER,2012,11,25,11,9.8,87.7,10.6,7.9,6.99,8.8,27.4,0.4,954.2,153,1.3,3.7,18,0,18,12,11,12,12,347,100,29,97
BER,2012,11,25,12,10.8,82.6,10.7,8,7.06,9.3,28.6,0,953.9,183,1.9,4.3,31,0,31,20,19,20,20,339,100,29,97
BER,2012,11,25,13,11.1,82.9,10.9,8.3,7.19,9.6,29.3,0,953.5,191,0.6,2.4,12,0,12,8,8,8,8,346,100,29,97
BER,2012,11,25,14,10.6,86.4,11,8.4,7.26,9.4,28.9,0.5,953.4,149,0.7,2,20,28,17,11,10,29,33,345,94,29,97
BER,2012,11,25,15,10.4,90.2,11.4,8.9,7.53,9.6,29.4,0.1,953.2,174,0.9,1.7,14,73,9,5,5,51,66,343,94,29,97
BER,2012,11,25,16,9.7,92.7,11.1,8.6,7.33,9.1,28.2,0,952.8,180,0.8,2,0,0,0,0,0,0,0,341,100,29,97
BER,2012,11,25,17,8.7,95.5,10.7,8,7.07,8.3,26.5,0,952.6,90,0.4,0.9,0,0,0,0,0,0,0,339,100,29,97
BER,2012,11,25,18,8.5,95.6,10.6,7.8,7,8.1,26.1,0,952.8,39,0.7,1.8,0,0,0,0,0,0,0,338,100,29,97
BER,2012,11,25,19,8.7,95.6,10.8,8,7.14,8.3,26.7,0,952.2,90,1.1,2.6,0,0,0,0,0,0,0,338,100,29,97
BER,2012,11,25,20,9.2,91.7,10.7,7.9,7.07,8.5,27,0,951.9,186,1.1,2.3,0,0,0,0,0,0,0,338,100,29,97
BER,2012,11,25,21,8.8,93.3,10.6,7.8,7.01,8.3,26.5,0,951.4,207,0.5,2.1,0,0,0,0,0,0,0,338,100,29,97
BER,2012,11,25,22,8.6,95.3,10.6,7.9,7.01,8.2,26.3,0.6,951,51,0.8,1.8,0,0,0,0,0,0,0,338,100,29,97
BER,2012,11,25,23,8.4,97.3,10.7,8,7.08,8.2,26.3,1.2,950.4,45,0.4,1.5,0,0,0,0,0,0,0,337,94,29,97
BER,2012,11,26,0,8.1,98,10.6,7.8,7.02,7.9,25.8,0.8,949.7,360,0.3,0.9,0,0,0,0,0,0,0,337,100,30,97
BER,2012,11,26,1,8.1,97.5,10.5,7.7,6.96,7.9,25.6,0.6,949.2,360,0.6,1.6,0,0,0,0,0,0,0,338,100,30,97
BER,2012,11,26,2,8,97.6,10.4,7.6,6.9,7.8,25.4,1.1,948.4,16,0.8,2.3,0,0,0,0,0,0,0,338,100,30,97
BER,2012,11,26,3,7.8,97.7,10.3,7.5,6.83,7.6,25,0.2,947.7,21,0.9,2.3,0,0,0,0,0,0,0,335,100,30,97
BER,2012,11,26,4,7.9,97.4,10.4,7.5,6.9,7.7,25.3,0,947.7,6,1.3,2.6,0,0,0,0,0,0,0,332,88,30,97
BER,2012,11,26,5,8,97.4,10.4,7.6,6.9,7.8,25.4,0,947.9,233,0.9,2.8,0,0,0,0,0,0,0,339,100,30,97
BER,2012,11,26,6,8,96.8,10.4,7.5,6.9,7.7,25.4,0.2,947.7,197,1.2,2.8,0,0,0,0,0,0,0,340,100,30,97
BER,2012,11,26,7,8,96,10.3,7.4,6.84,7.7,25.2,0,947.4,185,1.3,3.4,39,71,29,18,73,69,18,342,94,30,97
BER,2012,11,26,8,8.2,94,10.2,7.3,6.77,7.7,25.3,0.2,947.2,189,1.3,2.7,55,10,53,34,40,41,34,343,100,30,97
BER,2012,11,26,9,8.3,94.9,10.4,7.5,6.91,7.9,25.7,0.6,947.1,203,0.9,2.1,37,0,37,23,23,23,24,345,100,30,97
BER,2012,11,26,10,8.5,95.9,10.6,7.9,7.05,8.2,26.3,0.4,946.1,333,0.3,0.8,25,0,25,16,16,16,16,346,100,30,97
BER,2012,11,26,11,8.9,95.5,10.9,8.2,7.26,8.5,27.2,0.5,945.2,14,0.8,1.6,47,0,47,30,29,30,30,348,100,30,97
BER,2012,11,26,12,9,95.5,11,8.3,7.33,8.6,27.5,0.2,944.1,13,1.3,2.9,49,0,49,31,30,31,31,349,100,30,97
BER,2012,11,26,13,9,95.1,10.9,8.3,7.27,8.6,27.3,0.1,943.1,24,2,4.3,35,6,33,21,21,26,25,347,100,30,97
BER,2012,11,26,14,9.2,95.3,11.1,8.5,7.41,8.8,27.9,0,943,12,2,3.3,44,11,42,27,26,35,36,346,94,30,97
BER,2012,11,26,15,8.9,95.9,11,8.3,7.34,8.6,27.4,0,943.2,6,1,1.8,17,73,11,7,7,53,67,345,100,30,97
BER,2012,11,26,16,8.6,97.3,10.9,8.2,7.27,8.4,26.9,0.2,943.3,333,0.5,1.3,0,0,0,0,0,0,0,343,94,30,97
BER,2012,11,26,17,8.8,96.5,10.9,8.3,7.27,8.5,27.1,0.3,943.7,236,0.5,1.4,0,0,0,0,0,0,0,342,100,30,97
BER,2012,11,26,18,8.7,95.6,10.8,8,7.2,8.3,26.9,0.1,943.6,233,0.6,3.2,0,0,0,0,0,0,0,341,100,30,97
BER,2012,11,26,19,7.9,91.1,9.7,6.5,6.46,7.2,24.2,0.1,943.8,238,1.3,3.4,0,0,0,0,0,0,0,339,100,30,97
BER,2012,11,26,20,7.2,90.9,9.3,5.8,6.19,6.5,22.8,0.4,944.5,258,1.5,5.5,0,0,0,0,0,0,0,338,100,30,97
BER,2012,11,26,21,6.2,91.4,8.7,4.9,5.78,5.6,20.7,1,944.4,246,1.2,5.3,0,0,0,0,0,0,0,329,94,30,97
BER,2012,11,26,22,5.9,93.9,8.7,5,5.78,5.5,20.4,0.8,944.4,219,0.6,2.3,0,0,0,0,0,0,0,327,94,30,97
BER,2012,11,26,23,5.7,94.4,8.7,4.9,5.79,5.3,20.2,0.6,944.1,18,0.3,1.1,0,0,0,0,0,0,0,330,94,30,97
BER,2012,11,27,0,5.7,95.2,8.7,5,5.79,5.4,20.3,0.3,943.4,63,0.2,0.7,0,0,0,0,0,0,0,332,94,30,97
BER,2012,11,27,1,5.6,96.4,8.8,5.1,5.86,5.4,20.3,0.1,943.1,23,0.7,1.6,0,0,0,0,0,0,0,331,100,30,97
BER,2012,11,27,2,5.4,95.9,8.6,4.8,5.73,5.1,19.8,0.6,942.6,27,0.9,1.7,0,0,0,0,0,0,0,330,100,30,97
BER,2012,11,27,3,5.2,96.1,8.5,4.6,5.66,4.9,19.4,0.9,942.3,27,1.1,1.9,0,0,0,0,0,0,0,329,100,30,97
BER,2012,11,27,4,5,95.5,8.3,4.3,5.53,4.7,18.9,1,942.3,17,1.2,1.8,0,0,0,0,0,0,0,328,100,30,97
BER,2012,11,27,5,4.5,93.3,7.9,3.5,5.26,4,17.7,1.1,942.7,245,1.5,3.8,0,0,0,0,0,0,0,327,100,30,97
BER,2012,11,27,6,3.7,92.2,7.3,2.6,4.85,3.2,15.9,1.4,942.8,254,1.5,3.5,0,0,0,0,0,0,0,327,100,30,97
BER,2012,11,27,7,2.9,92.4,7,1.8,4.65,2.4,14.6,1.5,943,257,1.7,3.8,35,41,31,20,53,47,20,327,88,30,97
BER,2012,11,27,8,2.4,93,6.7,1.4,4.45,2,13.5,0.9,942.8,249,0.9,2.4,37,0,37,24,23,24,24,327,100,30,97
BER,2012,11,27,9,2.5,93.6,6.8,1.6,4.52,2.1,13.8,0.6,942.9,279,0.6,1.9,22,0,22,14,14,14,14,327,100,30,97
BER,2012,11,27,10,2.6,92.9,6.9,1.6,4.59,2.2,14.1,0.9,942.7,248,1.1,2.5,81,2,81,52,51,53,52,325,100,30,97
BER,2012,11,27,11,2.8,92.2,6.9,1.7,4.59,2.3,14.3,0.5,942.3,250,1.2,2.4,60,0,60,39,38,38,39,327,100,30,97
BER,2012,11,27,12,2.7,92.1,6.8,1.5,4.52,2.2,14,0.6,941.7,261,0.6,1.6,23,0,23,15,14,15,15,327,100,30,97
BER,2012,11,27,13,2.9,91.2,6.9,1.6,4.59,2.3,14.4,0.4,941,225,0.2,1,33,0,33,21,21,21,21,327,100,30,97
BER,2012,11,27,14,3.1,90.4,6.9,1.7,4.59,2.5,14.6,0,941.1,270,0.1,0.7,6,0,6,4,4,4,4,326,100,30,97
BER,2012,11,27,15,3.2,93.8,7.2,2.3,4.8,2.8,15.2,0.1,941,23,0.8,1.5,2,0,2,1,1,2,2,326,100,30,97
BER,2012,11,27,16,3.2,95.1,7.3,2.5,4.86,2.9,15.4,0.4,941.1,360,0.8,1.6,0,0,0,0,0,0,0,326,100,30,97
BER,2012,11,27,17,3.2,95.5,7.3,2.6,4.86,2.9,15.4,0.8,941,21,0.8,1.3,0,0,0,0,0,0,0,326,100,30,97
BER,2012,11,27,18,3,95.1,7.2,2.3,4.8,2.7,15,1.2,940.8,39,0.7,1,0,0,0,0,0,0,0,325,100,30,97
BER,2012,11,27,19,3,95.5,7.2,2.4,4.8,2.7,15,0.6,940.3,31,0.6,1.1,0,0,0,0,0,0,0,325,100,30,97
BER,2012,11,27,20,3.1,95.3,7.3,2.4,4.87,2.8,15.3,0.5,940.3,11,0.5,1.2,0,0,0,0,0,0,0,325,100,30,97
BER,2012,11,27,21,3.1,95.6,7.3,2.5,4.87,2.8,15.3,0.2,939.9,24,1,2,0,0,0,0,0,0,0,325,100,30,97
BER,2012,11,27,22,3.2,95.6,7.3,2.6,4.87,2.9,15.4,0.2,939.5,360,0.8,1.8,0,0,0,0,0,0,0,325,100,30,97
BER,2012,11,27,23,3.1,96.1,7.3,2.5,4.87,2.8,15.3,0.2,938.8,7,0.9,1.6,0,0,0,0,0,0,0,325,100,30,97
BER,2012,11,28,0,3.2,96.3,7.4,2.7,4.94,3,15.6,0,938.9,27,0.5,1.6,0,0,0,0,0,0,0,325,100,30,97
BER,2012,11,28,1,3.3,95.7,7.4,2.7,4.94,3,15.7,0.8,938.3,31,1.2,2.1,0,0,0,0,0,0,0,325,100,30,97
BER,2012,11,28,2,3.4,96.5,7.5,2.9,5.02,3.2,16,0.3,937.4,16,0.7,1.7,0,0,0,0,0,0,0,325,100,30,97
BER,2012,11,28,3,3.4,96.5,7.5,2.9,5.02,3.2,16,0,937.3,23,1.4,2.3,0,0,0,0,0,0,0,325,100,30,97
BER,2012,11,28,4,3.6,96.3,7.6,3.1,5.09,3.4,16.4,0.1,936.7,22,1.7,2.8,0,0,0,0,0,0,0,325,100,30,97
BER,2012,11,28,5,3.8,95.4,7.6,3.1,5.09,3.5,16.6,0.1,936.3,34,1.4,2.8,0,0,0,0,0,0,0,325,100,30,97
BER,2012,11,28,6,3.9,95.4,7.7,3.2,5.16,3.6,16.8,1,936,38,1.2,2.5,0,0,0,0,0,0,0,326,100,30,97
BER,2012,11,28,7,4,95.2,7.8,3.3,5.23,3.7,17.1,0.6,935.6,34,1.5,3.3,4,0,4,2,2,2,2,326,100,30,97
BER,2012,11,28,8,4.1,94.3,7.7,3.3,5.16,3.7,17.1,0.2,935.3,34,1.9,4,10,0,10,6,6,6,6,326,100,30,97
BER,2012,11,28,9,4.3,93.3,7.7,3.3,5.16,3.8,17.3,0,935.3,40,1.7,4.8,16,0,16,10,10,10,10,326,100,30,97
BER,2012,11,28,10,4.5,92.8,7.8,3.4,5.24,4,17.6,0.2,934.5,37,2,5.8,23,0,23,14,14,14,14,327,100,30,97
BER,2012,11,28,11,4.5,90.8,7.7,3.1,5.17,3.9,17.5,0.9,933.9,40,3.2,8.6,20,0,20,13,12,13,13,327,100,30,97
BER,2012,11,28,12,4.2,90.5,7.5,2.8,5.04,3.6,16.8,0.3,933.2,43,3.3,8.6,23,0,23,15,15,15,15,327,100,30,97
BER,2012,11,28,13,4,90.6,7.3,2.6,4.91,3.4,16.3,0.2,932.9,46,3.5,8.5,15,0,15,10,9,9,10,326,100,30,97
BER,2012,11,28,14,3.6,91.6,7.3,2.4,4.91,3.1,15.9,0.6,932.5,46,2.8,7.8,6,0,6,4,4,4,4,325,100,30,97
BER,2012,11,28,15,3.5,91.9,7.2,2.3,4.84,3,15.6,0.8,932.1,49,2.3,5.9,3,0,3,2,2,2,2,324,100,30,97
BER,2012,11,28,16,3.4,91.8,7.2,2.2,4.84,2.9,15.5,0.5,931.8,47,2.2,5.7,0,0,0,0,0,0,0,323,100,30,97
BER,2012,11,28,17,3.5,92.3,7.3,2.4,4.91,3,15.8,0.4,931.7,54,2.2,5.4,0,0,0,0,0,0,0,322,100,30,97
BER,2012,11,28,18,3.6,92,7.3,2.4,4.91,3.1,15.9,0.4,931.5,61,2.1,5.6,0,0,0,0,0,0,0,321,100,30,97
BER,2012,11,28,19,3.4,91.9,7.2,2.2,4.85,2.9,15.6,0.3,931.1,60,2,5.4,0,0,0,0,0,0,0,321,100,30,97
BER,2012,11,28,20,3.3,92,7.1,2.1,4.78,2.8,15.3,0.6,931.3,56,1.5,4,0,0,0,0,0,0,0,320,100,30,97
BER,2012,11,28,21,3.1,91,7,1.8,4.71,2.5,14.9,0.6,931.2,67,2,5.6,0,0,0,0,0,0,0,319,100,30,97
BER,2012,11,28,22,2.9,91.7,6.9,1.7,4.64,2.4,14.5,0.5,931.2,70,1.5,4.8,0,0,0,0,0,0,0,319,100,30,97
BER,2012,11,28,23,2.7,91.5,6.8,1.5,4.57,2.2,14.2,0.8,931.4,55,2,5.9,0,0,0,0,0,0,0,318,100,30,97
BER,2012,11,29,0,2.4,91.6,6.6,1.2,4.44,1.9,13.5,1.1,931.2,49,1.1,3.2,0,0,0,0,0,0,0,317,100,29,97
BER,2012,11,29,1,2,92.8,6.6,1,4.44,1.6,13.1,1.2,931.8,31,0.6,1.3,0,0,0,0,0,0,0,316,100,29,97
BER,2012,11,29,2,1.3,95.1,6.4,0.6,4.3,1,12,1.4,932.3,141,0.7,1.3,0,0,0,0,0,0,0,315,100,29,97
BER,2012,11,29,3,0.3,97.8,6.1,0,4.09,0.2,10.5,1.1,932.7,180,0.3,0.8,0,0,0,0,0,0,0,314,100,29,97
BER,2012,11,29,4,0.2,97.9,6.1,-0.1,4.09,0.1,10.4,0.9,933.3,180,0.3,0.8,0,0,0,0,0,0,0,313,100,29,97
BER,2012,11,29,5,0.4,96.5,6.1,-0.1,4.09,0.2,10.6,0.7,934,146,0.4,0.8,0,0,0,0,0,0,0,311,100,29,97
BER,2012,11,29,6,0.3,97.5,6.1,0,4.09,0.2,10.5,0.6,934.7,180,0.1,0.4,0,0,0,0,0,0,0,309,100,29,97
BER,2012,11,29,7,0.2,98.2,6.1,0,4.08,0.1,10.4,0.6,935.6,0,0,0.3,13,3,13,8,10,10,8,308,100,29,97
BER,2012,11,29,8,0.2,98.4,6.1,0,4.08,0.1,10.4,0.6,936.5,0,0,0.3,13,0,13,8,8,8,8,307,100,29,97
BER,2012,11,29,9,0.5,96.4,6.1,0,4.08,0.3,10.7,0.5,937.1,162,0.4,0.8,30,0,30,19,19,19,19,305,100,29,97
BER,2012,11,29,10,0.6,96.6,6.1,0.1,4.07,0.4,10.8,0.6,937.4,180,0.5,1.2,42,0,42,27,26,27,27,304,100,29,97
BER,2012,11,29,11,0.3,98,6.1,0,4.07,0.2,10.5,0.8,937.5,0,0,0.3,58,0,58,37,36,37,37,302,100,29,97
BER,2012,11,29,12,0.4,97.5,6.1,0.1,4.07,0.3,10.6,0.4,937.6,180,0.1,0.5,23,0,23,15,14,14,15,300,100,29,97
BER,2012,11,29,13,0.7,96.5,6.2,0.2,4.14,0.5,11,0.3,937.9,180,0.1,0.6,13,0,13,8,8,8,8,298,100,29,97
BER,2012,11,29,14,1,96.3,6.3,0.5,4.2,0.8,11.5,0,938.4,225,0.3,1.2,6,0,6,4,4,4,4,295,100,29,97
BER,2012,11,29,15,1.4,95.4,6.5,0.7,4.34,1.1,12.2,0.1,938.6,225,0.5,1.9,1,0,1,0,0,0,0,292,100,29,97
BER,2012,11,29,16,1.3,94.6,6.4,0.5,4.27,1,12,0.2,938.8,315,0.9,2.1,0,0,0,0,0,0,0,292,100,29,97
BER,2012,11,29,17,1,94.1,6.2,0.2,4.13,0.7,11.3,0,939.1,41,0.9,2.8,0,0,0,0,0,0,0,288,100,29,97
BER,2012,11,29,18,0.7,92.5,5.9,-0.4,3.93,0.3,10.5,0,939.2,42,1.2,2.5,0,0,0,0,0,0,0,285,100,29,97
BER,2012,11,29,19,0.4,94.6,5.9,-0.4,3.93,0.1,10.2,0,939.5,360,0.4,1.4,0,0,0,0,0,0,0,283,100,29,97
BER,2012,11,29,20,0,95.7,5.9,-0.6,3.93,-0.2,9.8,0,939.7,31,0.6,1.3,0,0,0,0,0,0,0,273,51,29,97
BER,2012,11,29,21,-0.6,97.3,5.7,-1,3.8,-0.8,8.9,0,939.7,360,0.7,1.3,0,0,0,0,0,0,0,261,40,29,97
BER,2012,11,29,22,-1.5,99.3,5.4,-1.6,3.59,-1.5,7.4,0,939.7,135,0.3,1.6,0,0,0,0,0,0,0,266,73,29,97
BER,2012,11,29,23,-1.1,95.8,5.4,-1.7,3.6,-1.3,7.9,0,939.4,180,0.2,1,0,0,0,0,0,0,0,274,100,29,97
BER,2012,11,30,0,-1.1,90.7,5.1,-2.4,3.4,-1.6,7.4,0,939.3,171,0.7,2,0,0,0,0,0,0,0,273,88,31,97
BER,2012,11,30,1,-1.2,93.6,5.2,-2.1,3.46,-1.5,7.4,0,939.6,45,0.6,1.5,0,0,0,0,0,0,0,271,100,31,97
BER,2012,11,30,2,-0.9,94.7,5.4,-1.6,3.6,-1.2,8.1,0,939.3,21,0.9,1.8,0,0,0,0,0,0,0,270,88,31,97
BER,2012,11,30,3,-0.9,95.1,5.5,-1.6,3.66,-1.2,8.2,0,939.7,14,0.6,1.9,0,0,0,0,0,0,0,268,100,31,97
BER,2012,11,30,4,-0.8,94.2,5.4,-1.6,3.59,-1.1,8.2,0,939.8,34,0.3,0.9,0,0,0,0,0,0,0,267,100,31,97
BER,2012,11,30,5,-1,93.7,5.3,-1.9,3.53,-1.3,7.8,0,940.1,153,0.3,1.1,0,0,0,0,0,0,0,265,100,31,97
BER,2012,11,30,6,-0.9,92.8,5.3,-1.9,3.53,-1.3,7.9,0,940.3,76,0.5,2.8,0,0,0,0,0,0,0,264,94,31,97
BER,2012,11,30,7,-0.2,90.3,5.4,-1.6,3.59,-0.7,8.8,0,940.6,39,2.2,4.8,25,70,16,10,64,61,10,265,94,31,97
BER,2012,11,30,8,0,91.5,5.6,-1.2,3.72,-0.5,9.3,0,941,30,2.8,4.9,62,26,56,36,52,58,36,261,74,31,97
BER,2012,11,30,9,0.4,89.6,5.6,-1.1,3.72,-0.2,9.7,0,941.6,34,3,5.6,132,74,109,70,103,143,70,252,59,31,97
BER,2012,11,30,10,1.4,84.6,5.7,-0.9,3.79,0.5,10.9,0,941.5,38,3.7,7,251,231,170,108,183,349,108,256,53,31,97
BER,2012,11,30,11,1.8,79.3,5.5,-1.4,3.65,0.5,10.9,0,941.7,46,3.7,6.8,335,579,125,90,110,677,153,255,48,31,97
BER,2012,11,30,12,2.2,70.5,5.1,-2.6,3.39,0.4,10.7,0,941.6,54,3.1,7.8,339,759,88,71,73,801,346,255,33,31,97
BER,2012,11,30,13,2.2,68.1,4.9,-3.1,3.25,0.2,10.3,0.1,941.7,66,2.5,6.2,233,546,89,62,63,549,370,264,39,31,97
BER,2012,11,30,14,1.4,70.3,4.8,-3.4,3.19,-0.4,9.4,0,942.1,77,2.2,5.5,121,390,57,38,38,336,318,262,48,31,97
BER,2012,11,30,15,0.5,75.7,4.8,-3.3,3.18,-0.9,8.4,0,942.6,76,1.7,4.6,6,6,6,4,4,7,9,264,71,31,97
BER,2012,11,30,16,0.5,78.5,4.9,-2.8,3.28,-0.8,8.6,0,943,75,1.2,2.5,0,0,0,0,0,0,0,263,100,31,97
BER,2012,11,30,17,0.3,81.1,5,-2.6,3.34,-0.8,8.6,0,943.3,52,1.1,3.2,0,0,0,0,0,0,0,262,100,31,97
BER,2012,11,30,18,0,82.1,5,-2.7,3.32,-1,8.3,0,943.7,51,1.4,3.8,0,0,0,0,0,0,0,261,100,31,97
BER,2012,11,30,19,-0.2,83.1,5,-2.8,3.31,-1.2,8,0,944,43,2.4,5.3,0,0,0,0,0,0,0,257,94,31,97
BER,2012,11,30,20,-0.3,83.9,5,-2.7,3.32,-1.2,7.9,0,944.7,37,2.2,4.5,0,0,0,0,0,0,0,254,61,31,97
BER,2012,11,30,21,-0.2,84.7,5.1,-2.4,3.39,-1,8.3,0,945.9,38,1.7,3.8,0,0,0,0,0,0,0,251,70,31,97
BER,2012,11,30,22,0,85.2,5.2,-2.2,3.46,-0.8,8.6,0,947,25,1.9,3.6,0,0,0,0,0,0,0,248,100,31,97
BER,2012,11,30,23,0.4,85.4,5.4,-1.7,3.57,-0.4,9.3,0,948.6,18,2.9,4.8,0,0,0,0,0,0,0,245,90,31,97
BER,2022,12,1,0,0.9,85.7,5.6,-1.2,3.7,0,10.1,0,950.1,24,4.4,7.7,0,0,0,0,0,0,0,309,100,31,97
BER,2022,12,1,1,1.4,85.6,5.8,-0.8,3.82,0.5,10.9,0,951.6,20,2.9,6.3,0,0,0,0,0,0,0,308,100,31,97
BER,2022,12,1,2,1.6,85.7,5.9,-0.5,3.89,0.8,11.3,0,952.7,23,2.3,4.5,0,0,0,0,0,0,0,302,88,31,97
BER,2022,12,1,3,1.9,85.5,6,-0.2,3.95,1,11.8,0,953.7,14,2.2,4.6,0,0,0,0,0,0,0,306,100,31,97
BER,2022,12,1,4,2,85.3,6,-0.2,3.95,1.1,11.8,0,954.2,16,2.6,5.9,0,0,0,0,0,0,0,305,100,31,97
BER,2022,12,1,5,1.8,85.4,6,-0.4,3.92,0.9,11.6,0,954.3,17,1.7,5.5,0,0,0,0,0,0,0,301,94,31,97
BER,2022,12,1,6,1.6,85.8,5.9,-0.5,3.88,0.8,11.3,0,954.4,27,0.6,2.5,0,0,0,0,0,0,0,293,74,31,97
BER,2022,12,1,7,1.6,86.1,5.9,-0.4,3.9,0.8,11.4,0,954.6,326,0.6,2,0,0,0,0,0,0,0,303,25,31,97
BER,2022,12,1,8,1.6,87.1,6,-0.3,3.93,0.8,11.4,0,954.9,34,0.4,1.8,9,0,9,6,6,6,6,304,75,31,97
BER,2022,12,1,9,2.4,84.6,6.1,0.1,4,1.4,12.4,0,954.9,27,1.5,6,24,0,24,15,15,15,15,305,100,31,97
BER,2022,12,1,10,3,80.8,6.1,0,4,1.8,13,0,955,37,2.6,5.4,26,0,26,17,17,17,17,306,100,31,97
BER,2022,12,1,11,3.2,80.9,6.2,0.2,4.07,1.9,13.4,0,954.6,17,3.8,7.3,39,0,39,25,24,25,25,307,100,31,97
BER,2022,12,1,12,3.1,80.9,6.2,0.1,4.07,1.8,13.3,0,954.5,11,3.4,6.4,22,0,22,14,14,14,14,308,100,31,97
BER,2022,12,1,13,3.2,79.4,6.1,0,4,1.9,13.2,0,954.3,24,2.7,6.1,27,0,27,17,17,17,17,308,100,31,97
BER,2022,12,1,14,3.1,78.5,6,-0.3,3.94,1.7,13,0,954,40,2.7,5.7,13,0,13,8,8,8,8,307,100,31,97
BER,2022,12,1,15,3,79.7,6,-0.2,3.94,1.7,12.9,0,954,30,2.9,5.7,6,0,6,4,4,4,4,305,100,31,97
BER,2022,12,1,16,2.7,82.6,6.1,0,4,1.6,12.7,0,954.1,26,3.5,7.6,1,0,1,0,0,0,0,304,100,31,97
BER,2022,12,1,17,2.5,84,6.2,0.1,4.07,1.5,12.7,0,954.2,27,3.5,7,0,0,0,0,0,0,0,303,100,31,97
BER,2022,12,1,18,2.4,83.1,6,-0.2,3.94,1.3,12.3,0,954.2,32,3.8,7.6,0,0,0,0,0,0,0,302,100,31,97
BER,2022,12,1,19,2.3,84.3,6.1,-0.1,4,1.3,12.3,0,954.2,35,3.8,8.3,0,0,0,0,0,0,0,300,100,31,97
BER,2022,12,1,20,2.2,85.4,6.1,0,4,1.3,12.2,0,954.3,33,4.1,7.5,0,0,0,0,0,0,0,299,100,31,97
BER,2022,12,1,21,2.3,85.6,6.1,0.1,4,1.4,12.3,0,954.3,28,4,6.3,0,0,0,0,0,0,0,298,100,31,97
BER,2022,12,1,22,2.3,85.1,6.1,0.1,4,1.4,12.3,0,954.2,26,3.9,6.1,0,0,0,0,0,0,0,297,100,31,97
BER,2022,12,1,23,2.2,86.6,6.2,0.2,4.07,1.4,12.4,0,954.1,25,2.9,5.3,0,0,0,0,0,0,0,301,100,31,97
BER,2022,12,2,0,2.1,87.3,6.2,0.2,4.07,1.3,12.3,0,953.7,35,1.3,4.1,0,0,0,0,0,0,0,301,100,31,97
BER,2022,12,2,1,2.1,87.9,6.3,0.3,4.14,1.4,12.5,0,953.4,32,3.2,5.1,0,0,0,0,0,0,0,300,100,30,97
BER,2022,12,2,2,2,88.2,6.2,0.3,4.07,1.3,12.2,0,953.5,34,3.3,5.5,0,0,0,0,0,0,0,300,100,30,97
BER,2022,12,2,3,2,88.6,6.3,0.3,4.14,1.3,12.4,0,953.2,36,2.6,5.3,0,0,0,0,0,0,0,299,100,30,97
BER,2022,12,2,4,1.9,89.3,6.3,0.3,4.14,1.2,12.3,0,953,35,2,3.3,0,0,0,0,0,0,0,299,53,30,97
BER,2022,12,2,5,1.8,89.5,6.2,0.3,4.07,1.2,12,0,952.7,31,2.1,3.4,0,0,0,0,0,0,0,299,100,30,97
BER,2022,12,2,6,1.8,89.3,6.2,0.2,4.07,1.1,12,0,952.7,31,2.2,3.5,0,0,0,0,0,0,0,298,100,30,97
BER,2022,12,2,7,1.7,89.6,6.2,0.2,4.07,1.1,11.9,0,952.7,38,1.8,2.9,0,0,0,0,0,0,0,299,100,30,97
BER,2022,12,2,8,1.8,89.6,6.2,0.3,4.07,1.2,12,0,952.6,32,1.6,2.5,46,169,26,17,146,137,17,296,64,30,97
BER,2022,12,2,9,2,89,6.3,0.4,4.14,1.3,12.4,0,952.7,35,2.1,4.2,77,121,57,37,123,130,37,298,84,30,97
BER,2022,12,2,10,2.5,87.1,6.4,0.6,4.21,1.7,13,0,952.2,32,2.3,4.5,68,23,60,38,48,62,38,300,84,30,97
BER,2022,12,2,11,3.2,84.1,6.5,0.8,4.28,2.2,13.9,0,951.9,17,2.2,4,187,70,163,104,123,177,104,302,75,30,97
BER,2022,12,2,12,4,79.7,6.5,0.8,4.28,2.6,14.7,0,951.3,24,1.8,3.3,353,774,77,70,91,836,155,293,39,30,97
BER,2022,12,2,13,4.6,78.1,6.6,1.1,4.35,3.1,15.5,0,950.5,25,2.4,3.9,322,775,68,63,65,800,325,289,25,30,97
BER,2022,12,2,14,4.5,75.8,6.4,0.6,4.22,2.8,15.1,0,950.3,29,2.4,4,225,597,75,55,56,577,395,292,33,30,97
BER,2022,12,2,15,4.3,75.6,6.3,0.4,4.15,2.6,14.7,0,950.3,29,2.5,4,81,184,56,36,35,172,173,296,68,30,97
BER,2022,12,2,16,3.7,80.3,6.4,0.6,4.22,2.4,14.3,0,950.3,35,2.1,3.3,1,0,1,0,0,0,0,308,100,30,97
BER,2022,12,2,17,3.2,84,6.4,0.8,4.22,2.2,13.8,0,950.2,38,1.9,3.2,0,0,0,0,0,0,0,307,100,30,97
BER,2022,12,2,18,2.5,88.3,6.4,0.8,4.22,1.8,13.1,0,950.1,32,1.5,2.1,0,0,0,0,0,0,0,307,100,30,97
BER,2022,12,2,19,2.1,90.4,6.4,0.7,4.22,1.5,12.7,0,949.9,30,1.7,2.8,0,0,0,0,0,0,0,305,100,30,97
BER,2022,12,2,20,1.9,91.1,6.4,0.6,4.22,1.4,12.5,0,949.7,32,2.3,4.3,0,0,0,0,0,0,0,295,69,30,97
BER,2022,12,2,21,1.1,93.2,6.2,0.1,4.09,0.7,11.3,0,949.9,22,2.4,4.3,0,0,0,0,0,0,0,285,35,30,97
BER,2022,12,2,22,0.3,94.8,5.9,-0.4,3.89,0,10,0,949.9,34,2.2,3.9,0,0,0,0,0,0,0,283,31,30,97
BER,2022,12,2,23,-0.1,95.1,5.8,-0.8,3.82,-0.4,9.4,0,949.6,34,2.6,4.8,0,0,0,0,0,0,0,274,0,30,97
BER,2022,12,3,0,-0.6,95.8,5.6,-1.2,3.69,-0.8,8.6,0,949.5,27,2.3,4.4,0,0,0,0,0,0,0,276,25,30,97
BER,2022,12,3,1,-1.2,96.4,5.4,-1.7,3.56,-1.4,7.7,0,949.4,27,1.2,3.8,0,0,0,0,0,0,0,281,39,30,97
BER,2022,12,3,2,-0.9,94.1,5.4,-1.7,3.56,-1.2,8,0,949.4,26,3.5,5.1,0,0,0,0,0,0,0,279,44,30,97
BER,2022,12,3,3,-0.5,95,5.6,-1.2,3.69,-0.8,8.7,0,949.1,23,3.3,6.3,0,0,0,0,0,0,0,266,40,30,97
BER,2022,12,3,4,-0.3,94.6,5.7,-1.1,3.76,-0.6,9.1,0,949.3,25,3.1,5.6,0,0,0,0,0,0,0,279,50,30,97
BER,2022,12,3,5,0.2,94.2,5.8,-0.6,3.82,-0.1,9.7,0,949.3,20,2.7,5.3,0,0,0,0,0,0,0,285,73,30,97
BER,2022,12,3,6,0.3,94.1,5.9,-0.5,3.89,0,10,0,949.2,26,2.8,5.5,0,0,0,0,0,0,0,294,100,30,97
BER,2022,12,3,7,0.4,92.7,5.8,-0.6,3.82,0,9.9,0,949.1,28,2.4,4.4,0,0,0,0,0,0,0,289,78,30,97
BER,2022,12,3,8,0.6,91,5.8,-0.7,3.82,0.1,10.1,0,949.2,27,2.3,5.1,34,83,24,15,79,75,15,292,88,30,97
BER,2022,12,3,9,0.8,91.4,5.9,-0.4,3.89,0.3,10.5,0,949.2,23,2.1,5.2,116,157,82,53,154,186,53,294,75,30,97
BER,2022,12,3,10,1,90.8,6,-0.3,3.96,0.5,10.9,0,948.9,24,2.8,5.6,201,261,124,78,205,331,78,292,78,30,97
BER,2022,12,3,11,1.1,89.9,6,-0.4,3.96,0.5,11,0,948.4,22,2.5,5.3,161,47,145,92,107,141,93,300,100,30,97
BER,2022,12,3,12,1.3,87.8,5.9,-0.5,3.89,0.6,11,0,948.1,34,2.8,5.8,84,33,73,46,51,81,46,303,100,30,97
BER,2022,12,3,13,1.2,88.9,5.9,-0.4,3.9,0.6,10.9,0,947.6,27,2.4,5.1,17,0,17,11,11,11,11,305,100,30,97
BER,2022,12,3,14,1.2,88.7,5.9,-0.5,3.9,0.5,10.9,0,947.3,23,2.6,5.5,20,0,20,12,12,12,13,305,100,30,97
BER,2022,12,3,15,1.3,88.1,5.9,-0.4,3.9,0.6,11,0,947.3,22,2.8,5.3,17,0,17,11,10,11,11,306,100,30,97
BER,2022,12,3,16,1.1,88.7,5.9,-0.6,3.9,0.4,10.8,0,947.2,31,2.5,5.2,1,0,1,0,0,0,0,306,100,30,97
BER,2022,12,3,17,0.9,90.5,5.9,-0.5,3.9,0.3,10.6,0,947,25,2.7,4.8,0,0,0,0,0,0,0,306,100,30,97
BER,2022,12,3,18,0.9,90.7,5.9,-0.4,3.9,0.4,10.6,0,946.8,25,2.4,4.3,0,0,0,0,0,0,0,307,100,30,97
BER,2022,12,3,19,1.1,91,6,-0.2,3.97,0.6,11,0,946.8,22,2.5,4.2,0,0,0,0,0,0,0,307,100,30,97
BER,2022,12,3,20,1,90.7,6,-0.3,3.97,0.5,10.9,0,946.7,27,1.5,3.3,0,0,0,0,0,0,0,307,100,30,97
BER,2022,12,3,21,1.2,90.5,6,-0.2,3.97,0.6,11.1,0,946.6,45,0.9,2.5,0,0,0,0,0,0,0,308,100,30,97
BER,2022,12,3,22,1.2,91.3,6.1,-0.1,4.03,0.7,11.3,0,946.7,18,1,2.3,0,0,0,0,0,0,0,308,100,30,97
BER,2022,12,3,23,1.1,92.8,6.2,0.1,4.1,0.7,11.3,0,946.9,9,1.4,2.5,0,0,0,0,0,0,0,308,94,30,97
BER,2022,12,4,0,0.9,94,6.1,0,4.03,0.5,11,0,946.5,45,1.5,3.1,0,0,0,0,0,0,0,309,100,30,97
BER,2022,12,4,1,0.7,94.6,6.1,-0.1,4.04,0.4,10.8,0,946.3,41,1.9,4.3,0,0,0,0,0,0,0,310,100,30,97
BER,2022,12,4,2,0.7,95.2,6.1,0,4.04,0.4,10.8,0,946.2,39,2,3.5,0,0,0,0,0,0,0,310,100,30,97
BER,2022,12,4,3,0.7,95.7,6.2,0.1,4.1,0.5,10.9,0,946.1,38,1.7,2.8,0,0,0,0,0,0,0,310,100,30,97
BER,2022,12,4,4,0.8,95.3,6.2,0.1,4.1,0.5,11,0,945.9,29,1.9,3,0,0,0,0,0,0,0,310,100,30,97
BER,2022,12,4,5,0.8,94.7,6.1,0,4.04,0.5,10.9,0,946,23,1.3,2.5,0,0,0,0,0,0,0,310,100,30,97
BER,2022,12,4,6,0.9,94.6,6.2,0.1,4.1,0.6,11.1,0,946.2,27,1,2.2,0,0,0,0,0,0,0,310,100,30,97
BER,2022,12,4,7,0.8,95.6,6.2,0.2,4.1,0.6,11,0,946.6,45,0.7,1.7,0,0,0,0,0,0,0,310,100,30,97
BER,2022,12,4,8,0.9,95.6,6.2,0.3,4.1,0.7,11.1,0,946.6,14,0.8,1.6,6,0,6,4,4,4,4,312,100,30,97
BER,2022,12,4,9,1.1,95.3,6.3,0.4,4.17,0.8,11.5,0,946.7,37,1,2,28,5,27,17,20,21,17,313,100,30,97
BER,2022,12,4,10,1.2,94.3,6.3,0.4,4.17,0.9,11.6,0,946.9,29,1.1,2.3,27,0,27,17,17,17,18,314,100,30,97
BER,2022,12,4,11,1.4,93.7,6.4,0.5,4.23,1,12,0,946.8,20,1.2,2.5,17,0,17,11,11,11,11,315,100,30,97
BER,2022,12,4,12,1.8,92.2,6.4,0.7,4.24,1.3,12.4,0,946.1,21,1.4,2.5,74,5,72,46,45,51,48,317,100,30,97
BER,2022,12,4,13,2.1,92.7,6.6,1,4.37,1.6,13,0,945.5,18,1.9,3.4,170,75,146,93,91,168,125,317,100,30,97
BER,2022,12,4,14,2.2,91.5,6.6,1,4.37,1.7,13.1,0,945.7,14,1.3,2.4,37,2,37,24,23,25,25,317,100,30,97
BER,2022,12,4,15,2.2,91.5,6.6,1,4.37,1.7,13.1,0,945.7,20,1.5,3.1,23,56,17,11,11,49,54,313,84,30,97
BER,2022,12,4,16,2,91.4,6.4,0.7,4.24,1.5,12.6,0,945.9,20,1.2,2.8,1,0,1,1,1,1,1,305,71,30,97
BER,2022,12,4,17,1.8,91.4,6.4,0.6,4.23,1.3,12.4,0,946.9,360,0.8,2.5,0,0,0,0,0,0,0,292,41,30,97
BER,2022,12,4,18,1.8,90.8,6.3,0.5,4.16,1.3,12.2,0,947.3,279,0.7,1.6,0,0,0,0,0,0,0,293,45,30,97
BER,2022,12,4,19,1.9,90.2,6.3,0.5,4.16,1.3,12.3,0,947.8,248,0.6,1.7,0,0,0,0,0,0,0,298,56,30,97
BER,2022,12,4,20,2,89.5,6.3,0.5,4.16,1.4,12.4,0,947.8,252,0.9,3.6,0,0,0,0,0,0,0,298,59,30,97
BER,2022,12,4,21,2,89.5,6.3,0.5,4.16,1.4,12.4,0,948.6,245,1.6,3.8,0,0,0,0,0,0,0,314,100,30,97
BER,2022,12,4,22,2.1,89.5,6.4,0.6,4.22,1.5,12.7,0,949.6,231,1.6,5.4,0,0,0,0,0,0,0,314,100,30,97
BER,2022,12,4,23,2.3,90.6,6.5,0.9,4.28,1.7,13,0,950.3,194,0.9,2.2,0,0,0,0,0,0,0,314,100,30,97
BER,2022,12,5,0,2.3,93.4,6.7,1.3,4.42,1.9,13.4,0.3,950.5,158,1.1,2.6,0,0,0,0,0,0,0,306,81,30,97
BER,2022,12,5,1,2.5,94.5,6.9,1.7,4.55,2.2,13.9,0.4,950.8,162,0.8,1.9,0,0,0,0,0,0,0,314,94,30,97
BER,2022,12,5,2,2.6,94.7,7,1.8,4.61,2.3,14.2,0.1,950.9,180,0.8,2.1,0,0,0,0,0,0,0,310,94,30,97
BER,2022,12,5,3,2.7,94.4,7,1.9,4.61,2.4,14.2,0.2,951.2,166,1.7,3.6,0,0,0,0,0,0,0,311,100,30,97
BER,2022,12,5,4,2.5,95.3,7,1.8,4.61,2.2,14,0,951.2,191,0.8,2.3,0,0,0,0,0,0,0,309,100,30,97
BER,2022,12,5,5,2.6,94.8,6.9,1.9,4.54,2.3,14,0,951.6,158,0.7,2.1,0,0,0,0,0,0,0,307,100,30,97
BER,2022,12,5,6,2.5,95.2,6.9,1.8,4.54,2.2,13.9,0,952.1,198,0.5,2.2,0,0,0,0,0,0,0,305,100,30,97
BER,2022,12,5,7,2.4,94.6,6.9,1.6,4.54,2.1,13.8,0,952.7,196,0.8,1.8,0,0,0,0,0,0,0,304,100,30,97
BER,2022,12,5,8,2.1,96.7,6.9,1.6,4.54,1.9,13.4,0,953.2,45,0.2,0.8,13,0,13,9,9,9,9,306,88,30,97
BER,2022,12,5,9,2.6,95.9,7.1,2,4.67,2.3,14.3,0,953.6,225,0.3,0.9,76,72,62,40,89,99,40,307,88,30,97
BER,2022,12,5,10,3.6,90.2,7.1,2.1,4.66,2.9,15.3,0,954.1,163,1.4,3.2,108,195,54,36,138,217,36,306,88,30,97
BER,2022,12,5,11,4.3,85.9,7.1,2.2,4.66,3.4,16,0,954,186,1,2.2,86,4,85,54,54,58,55,305,94,30,97
BER,2022,12,5,12,4.8,81.7,7,1.9,4.6,3.5,16.4,0,953.7,203,0.9,2.1,179,48,163,104,104,154,112,309,94,30,97
BER,2022,12,5,13,4.8,77,6.6,1.1,4.33,3.2,15.7,0,953.6,256,0.5,1.3,123,56,104,66,65,124,88,312,100,30,97
BER,2022,12,5,14,5,76.6,6.7,1.2,4.4,3.3,16.1,0,953.5,254,0.9,2,48,4,47,30,29,34,32,307,100,30,97
BER,2022,12,5,15,4.9,77.7,6.7,1.3,4.4,3.3,16,0,953.6,236,1.2,2.6,48,59,41,26,25,69,70,299,88,30,97
BER,2022,12,5,16,4.1,79,6.5,0.8,4.27,2.7,14.8,0,953.8,219,1.3,2.9,11,78,7,4,4,55,67,270,35,30,97
BER,2022,12,5,17,2.1,89.5,6.4,0.6,4.2,1.5,12.6,0,954,141,0.9,1.7,0,0,0,0,0,0,0,254,0,30,97
BER,2022,12,5,18,0.5,96.2,6.1,0,4,0.3,10.5,0,954.3,18,0.4,1.3,0,0,0,0,0,0,0,251,0,30,97
BER,2022,12,5,19,-0.4,97.3,5.8,-0.8,3.8,-0.6,9.1,0,954.6,180,0.2,1,0,0,0,0,0,0,0,249,0,30,97
BER,2022,12,5,20,-0.5,96.8,5.7,-0.9,3.74,-0.7,8.8,0,954.7,198,0.4,1.3,0,0,0,0,0,0,0,247,0,30,97
BER,2022,12,5,21,-0.8,97.8,5.7,-1.1,3.74,-0.9,8.5,0,954.7,180,0.2,0.7,0,0,0,0,0,0,0,246,0,30,97
BER,2022,12,5,22,-1.3,97.8,5.4,-1.6,3.54,-1.4,7.5,0,954.5,180,0.2,0.9,0,0,0,0,0,0,0,244,0,30,97
BER,2022,12,5,23,-1.8,98.4,5.3,-2,3.47,-1.9,6.8,0,954.5,270,0.1,0.6,0,0,0,0,0,0,0,242,0,30,97
BER,2022,12,6,0,-2.2,98.5,5.1,-2.4,3.34,-2.3,6.1,0,954,180,0.1,0.6,0,0,0,0,0,0,0,241,16,30,97
BER,2022,12,6,1,-2.5,97.1,4.9,-2.9,3.21,-2.6,5.5,0,953.7,9,0.6,1.5,0,0,0,0,0,0,0,245,13,29,97
BER,2022,12,6,2,-2.7,99,5,-2.8,3.28,-2.7,5.4,0,953.6,360,0.6,1.5,0,0,0,0,0,0,0,240,0,29,97
BER,2022,12,6,3,-3.2,99.5,4.8,-3.3,3.15,-3.2,4.6,0,953.2,342,0.3,1,0,0,0,0,0,0,0,240,0,29,97
BER,2022,12,6,4,-3.5,98.4,4.7,-3.7,3.08,-3.6,4.1,0,953,360,0.4,0.8,0,0,0,0,0,0,0,240,0,29,97
BER,2022,12,6,5,-3.4,96.2,4.6,-3.9,3.02,-3.6,4.1,0,953,180,0.3,0.7,0,0,0,0,0,0,0,240,0,29,97
BER,2022,12,6,6,-3.6,96.7,4.6,-4,3.02,-3.7,3.9,0,952.9,180,0.2,0.7,0,0,0,0,0,0,0,240,0,29,97
BER,2022,12,6,7,-3.7,96,4.5,-4.2,2.95,-3.9,3.6,0,952.9,225,0.4,1,0,0,0,0,0,0,0,241,0,29,97
BER,2022,12,6,8,-3.5,96.2,4.5,-4,2.95,-3.7,3.8,0,952.9,180,0.2,0.8,42,221,19,13,182,166,13,245,0,29,97
BER,2022,12,6,9,-2,94.4,5,-2.8,3.28,-2.3,6.2,0,953,360,0.3,0.8,170,643,47,36,455,551,36,249,0,29,97
BER,2022,12,6,10,-0.3,91.3,5.5,-1.5,3.61,-0.8,8.7,0,952.9,248,0.5,1.8,266,701,69,55,385,695,55,264,33,29,97
BER,2022,12,6,11,1.5,84.5,5.7,-0.8,3.74,0.6,10.9,0,952.6,235,1.2,2.3,338,800,69,62,261,841,62,264,19,29,97
BER,2022,12,6,12,2.4,78.8,5.7,-0.9,3.75,1.1,11.8,0,952.2,259,0.7,1.8,343,752,81,67,88,816,146,261,6,29,97
BER,2022,12,6,13,2.6,85.7,6.3,0.5,4.14,1.7,13,0,951.8,360,1.8,2.9,317,800,63,58,59,818,326,263,0,29,97
BER,2022,12,6,14,1.1,93.4,6.2,0.2,4.08,0.7,11.3,0,951.6,6,2.8,4.3,247,743,62,49,50,699,456,264,6,29,97
BER,2022,12,6,15,0.4,97.2,6.1,0,4.01,0.2,10.4,0,951.6,12,2.5,4.1,70,99,53,33,33,113,102,275,26,29,97
BER,2022,12,6,16,-0.4,98.6,5.9,-0.6,3.88,-0.5,9.3,0,951.6,16,2.2,4.3,0,0,0,0,0,0,0,275,25,29,97
BER,2022,12,6,17,-1,99.8,5.7,-1,3.75,-1,8.3,0,951.7,42,1.5,3.1,0,0,0,0,0,0,0,259,6,29,97
BER,2022,12,6,18,-1.5,99.9,5.5,-1.5,3.62,-1.5,7.5,0,951.6,32,2,3.7,0,0,0,0,0,0,0,265,10,29,97
BER,2022,12,6,19,-1.5,98.8,5.4,-1.7,3.55,-1.6,7.3,0,951.7,21,1.8,3.5,0,0,0,0,0,0,0,251,0,29,97
BER,2022,12,6,20,-1.6,99.6,5.4,-1.7,3.55,-1.6,7.2,0,951.8,15,2,3.5,0,0,0,0,0,0,0,263,20,29,97
BER,2022,12,6,21,-1.4,99.9,5.5,-1.4,3.61,-1.4,7.6,0,952.1,23,1.6,3.1,0,0,0,0,0,0,0,266,25,29,97
BER,2022,12,6,22,-1.2,98,5.5,-1.5,3.61,-1.3,7.8,0,952.1,24,1.3,3.6,0,0,0,0,0,0,0,256,0,29,97
BER,2022,12,6,23,-1.4,99.2,5.5,-1.5,3.61,-1.4,7.6,0,952.2,180,0.3,1.7,0,0,0,0,0,0,0,249,0,29,97
BER,2022,12,7,0,-1.1,99,5.6,-1.2,3.68,-1.1,8.1,0,952.5,31,0.6,1.5,0,0,0,0,0,0,0,256,6,29,97
BER,2022,12,7,1,-0.8,99.2,5.7,-0.9,3.75,-0.8,8.5,0,952.3,117,0.3,0.8,0,0,0,0,0,0,0,286,100,28,97
BER,2022,12,7,2,-0.2,95.6,5.7,-0.8,3.75,-0.4,9.1,0,952.4,171,0.6,1.4,0,0,0,0,0,0,0,284,100,28,97
BER,2022,12,7,3,-0.1,94.8,5.7,-0.8,3.75,-0.4,9.2,0,952.3,201,1,1.8,0,0,0,0,0,0,0,283,100,28,97
BER,2022,12,7,4,-0.1,92.7,5.6,-1.1,3.68,-0.5,9.1,0,952.1,197,1.4,2.7,0,0,0,0,0,0,0,281,100,28,97
BER,2022,12,7,5,0.1,90.3,5.5,-1.3,3.61,-0.4,9.1,0,952,176,1.3,2.8,0,0,0,0,0,0,0,279,100,28,97
BER,2022,12,7,6,0.1,88.9,5.5,-1.5,3.62,-0.5,9.1,0,951.7,168,1.4,3.3,0,0,0,0,0,0,0,277,100,28,97
BER,2022,12,7,7,0.1,89.4,5.5,-1.4,3.61,-0.5,9.1,0,951.9,166,1.3,3.2,0,0,0,0,0,0,0,276,100,28,97
BER,2022,12,7,8,0.1,89.9,5.5,-1.4,3.61,-0.5,9.1,0,952.2,138,1.4,2.3,2,0,2,2,2,2,2,276,100,28,97
BER,2022,12,7,9,0.3,88.7,5.5,-1.3,3.61,-0.3,9.3,0,952.2,142,1.8,3.4,12,0,12,8,8,8,8,277,100,28,97
BER,2022,12,7,10,0.7,87.3,5.6,-1.2,3.68,0,9.9,0,952.3,103,1.1,2.8,14,0,14,9,9,9,9,277,100,28,97
BER,2022,12,7,11,0.6,93.2,6,-0.4,3.95,0.2,10.5,0,951.9,45,0.7,2,17,0,17,11,10,11,11,279,100,28,97
BER,2022,12,7,12,1.1,94.1,6.2,0.3,4.08,0.8,11.3,0,951.2,11,0.6,1.3,19,0,19,12,12,12,12,283,100,28,97
BER,2022,12,7,13,1.6,92.1,6.3,0.5,4.15,1.1,12,0,950.6,36,0.9,2.2,16,0,16,10,10,10,10,285,100,28,97
BER,2022,12,7,14,1.9,91.7,6.4,0.7,4.22,1.4,12.5,0,950.2,45,1.3,2.3,12,0,12,8,7,7,8,281,100,28,97
BER,2022,12,7,15,2,92,6.5,0.8,4.29,1.5,12.7,0,950,45,0.8,2,6,0,6,4,4,4,4,277,100,28,97
BER,2022,12,7,16,1.9,92.3,6.5,0.8,4.29,1.4,12.6,0,949.7,41,1.2,2.1,8,29,6,4,4,22,26,274,100,28,97
BER,2022,12,7,17,1.7,93.9,6.5,0.8,4.29,1.3,12.4,0,949.6,8,0.7,1.4,0,0,0,0,0,0,0,272,100,28,97
BER,2022,12,7,18,1.5,94,6.4,0.6,4.22,1.1,12.1,0,949.4,360,0.4,1.1,0,0,0,0,0,0,0,270,100,28,97
BER,2022,12,7,19,1.3,94.7,6.4,0.5,4.22,1,11.9,0,949.1,23,0.8,2,0,0,0,0,0,0,0,268,100,28,97
BER,2022,12,7,20,1.2,95,6.3,0.5,4.16,0.9,11.6,0,948.7,20,1.5,2.3,0,0,0,0,0,0,0,266,100,28,97
BER,2022,12,7,21,0.9,95.5,6.2,0.3,4.09,0.7,11.1,0,948.3,25,1.5,2.5,0,0,0,0,0,0,0,263,100,28,97
BER,2022,12,7,22,0.9,95.2,6.2,0.2,4.09,0.6,11.1,0,948.1,27,2,3.1,0,0,0,0,0,0,0,260,100,28,97
BER,2022,12,7,23,0.7,95.5,6.2,0.1,4.09,0.5,10.9,0,948.1,20,1.1,2.5,0,0,0,0,0,0,0,258,100,28,97
BER,2022,12,8,0,0.5,95.8,6.1,-0.1,4.03,0.3,10.6,0,947.7,11,1.1,1.8,0,0,0,0,0,0,0,255,100,28,97
BER,2022,12,8,1,0.4,95.4,6,-0.2,3.96,0.2,10.3,0,947.3,14,1.2,2,0,0,0,0,0,0,0,248,0,33,97
BER,2022,12,8,2,0.2,95.9,6,-0.4,3.97,0,10.1,0,947.1,23,0.7,1.8,0,0,0,0,0,0,0,235,0,33,97
BER,2022,12,8,3,0.5,94.1,6,-0.3,3.97,0.2,10.4,0,946.5,34,0.5,1.1,0,0,0,0,0,0,0,245,0,33,97
BER,2022,12,8,4,1.1,81.7,5.4,-1.7,3.57,0,10,0,946,162,1.3,3,0,0,0,0,0,0,0,239,0,33,97
BER,2022,12,8,5,1,79.8,5.2,-2.1,3.44,-0.2,9.6,0,945.6,146,1.5,2.8,0,0,0,0,0,0,0,240,0,33,97
BER,2022,12,8,6,0.8,77.3,5,-2.7,3.31,-0.5,9.1,0,945.4,135,1.8,4,0,0,0,0,0,0,0,232,0,33,97
BER,2022,12,8,7,0.7,76.1,4.9,-3,3.24,-0.7,8.8,0,945.5,144,2.3,4.1,0,0,0,0,0,0,0,232,0,33,97
BER,2022,12,8,8,0.7,76.7,4.9,-2.9,3.24,-0.6,8.8,0,945.4,149,2.5,4.3,35,135,23,16,121,108,16,240,0,33,97
BER,2022,12,8,9,0.9,76.1,5,-2.8,3.31,-0.5,9.2,0,945.2,147,2.4,3.9,120,181,84,55,175,209,55,241,43,33,97
BER,2022,12,8,10,1.5,72.7,4.9,-2.9,3.24,-0.2,9.6,0,944.9,147,2.8,4.8,158,87,134,87,131,171,88,246,58,33,97
BER,2022,12,8,11,2,67.4,4.8,-3.4,3.18,0,9.9,0,944.3,154,2.8,4.9,233,195,167,108,167,314,108,247,50,33,97
BER,2022,12,8,12,2.8,64.6,4.8,-3.2,3.18,0.5,10.8,0,943.5,149,1.4,2.8,297,450,142,99,108,561,172,246,40,33,97
BER,2022,12,8,13,3.3,63,4.9,-3.1,3.25,0.8,11.4,0,943,175,1.5,3.8,336,845,69,68,70,878,350,241,6,33,97
BER,2022,12,8,14,3.4,64.1,5,-2.7,3.32,1,11.7,0,942.6,135,0.5,2.1,234,677,67,55,56,652,426,239,0,33,97
BER,2022,12,8,15,3.1,68.5,5.2,-2.1,3.45,1,11.7,0,942.4,339,1.2,2.8,118,509,45,33,33,417,396,238,0,33,97
BER,2022,12,8,16,1.8,73.9,5.1,-2.3,3.39,0.2,10.3,0,942.2,55,1.3,2.5,12,80,7,5,5,57,69,237,0,33,97
BER,2022,12,8,17,-0.7,87.2,5.1,-2.6,3.39,-1.4,7.7,0,942,45,0.5,1.8,0,0,0,0,0,0,0,246,29,33,97
BER,2022,12,8,18,-1.2,90.8,5.1,-2.5,3.39,-1.7,7.2,0,941.8,23,1.3,1.9,0,0,0,0,0,0,0,247,33,33,97
BER,2022,12,8,19,-1.5,92.4,5.1,-2.6,3.39,-1.9,6.9,0,941.7,21,0.9,1.7,0,0,0,0,0,0,0,258,58,33,97
BER,2022,12,8,20,-0.8,90.3,5.2,-2.2,3.45,-1.3,7.8,0,941.4,6,0.9,1.8,0,0,0,0,0,0,0,276,100,33,97
BER,2022,12,8,21,-0.6,89.8,5.3,-2.1,3.52,-1.2,8.2,0,941,13,0.9,1.4,0,0,0,0,0,0,0,283,100,33,97
BER,2022,12,8,22,-0.6,90.8,5.3,-1.9,3.52,-1.1,8.2,0,940.7,5,1.1,1.9,0,0,0,0,0,0,0,287,94,33,97
BER,2022,12,8,23,-0.5,89.6,5.3,-2,3.52,-1.1,8.3,0,940.9,12,1.5,3.3,0,0,0,0,0,0,0,290,100,33,97
BER,2022,12,9,0,-0.4,89.9,5.3,-1.9,3.53,-1,8.4,0,940.4,360,1.3,2.5,0,0,0,0,0,0,0,292,100,33,97
BER,2022,12,9,1,-0.6,93.6,5.5,-1.5,3.66,-0.9,8.5,0.5,939.8,31,0.6,1.2,0,0,0,0,0,0,0,293,100,33,97
BER,2022,12,9,2,-0.6,97.1,5.7,-1,3.8,-0.8,8.9,0.9,939.4,180,0.1,0.7,0,0,0,0,0,0,0,295,100,33,97
BER,2022,12,9,3,-0.5,97.1,5.7,-0.9,3.8,-0.7,9,1.3,938.5,8,0.7,1.6,0,0,0,0,0,0,0,296,100,33,97
BER,2022,12,9,4,-0.4,95.9,5.7,-1,3.8,-0.6,9.1,0.8,937.7,17,1.4,2.1,0,0,0,0,0,0,0,297,100,33,97
BER,2022,12,9,5,-0.5,95.2,5.6,-1.2,3.74,-0.8,8.8,0.8,937.3,23,1.5,2.4,0,0,0,0,0,0,0,299,100,33,97
BER,2022,12,9,6,-0.5,96.5,5.7,-1,3.81,-0.7,9,0.9,936.8,10,1.1,1.9,0,0,0,0,0,0,0,300,100,33,97
BER,2022,12,9,7,-0.5,96.9,5.7,-0.9,3.81,-0.7,9,0.8,936.6,6,0.9,1.7,0,0,0,0,0,0,0,301,100,33,97
BER,2022,12,9,8,-0.5,96.7,5.7,-1,3.81,-0.7,9,1.2,936.8,360,0.7,1.4,2,0,2,1,1,1,1,303,100,33,97
BER,2022,12,9,9,-0.4,96.3,5.7,-0.9,3.81,-0.6,9.1,1,936.8,360,0.8,1.3,8,0,8,5,5,5,5,304,100,33,97
BER,2022,12,9,10,-0.2,95.9,5.8,-0.8,3.88,-0.4,9.5,1,936.7,360,0.9,1.2,33,0,33,22,21,22,22,305,100,33,97
BER,2022,12,9,11,-0.1,95.6,5.8,-0.7,3.88,-0.3,9.6,0.7,936.2,360,0.6,1.1,63,0,63,41,40,41,41,306,100,33,97
BER,2022,12,9,12,0.1,96.2,5.9,-0.4,3.95,-0.1,9.9,0.5,936,360,0.2,0.8,40,0,40,26,26,26,26,308,100,33,97
BER,2022,12,9,13,0.2,97.5,6,-0.1,4.01,0.1,10.2,0.5,935.8,0,0,0.3,70,9,67,44,43,53,47,309,100,33,97
BER,2022,12,9,14,0.4,96.8,6.1,0,4.08,0.2,10.6,0.5,936.2,0,0,0.3,11,0,11,7,7,7,7,309,100,33,97
BER,2022,12,9,15,0.4,97.2,6.1,0,4.08,0.2,10.6,0.4,936.6,0,0,0.7,6,0,6,4,4,4,4,309,100,33,97
BER,2022,12,9,16,0.3,98.2,6.1,0,4.08,0.2,10.5,0.3,937,180,0.1,0.7,0,0,0,0,0,0,0,309,100,33,97
BER,2022,12,9,17,0.5,97.4,6.2,0.1,4.14,0.3,10.8,0,936.9,180,0.3,0.8,0,0,0,0,0,0,0,309,100,33,97
BER,2022,12,9,18,0.5,97.7,6.2,0.2,4.14,0.4,10.8,0,937.1,27,0.5,1.5,0,0,0,0,0,0,0,307,94,33,97
BER,2022,12,9,19,0.5,96.5,6.1,0,4.07,0.3,10.7,0,937.4,27,1.8,3.1,0,0,0,0,0,0,0,309,94,33,97
BER,2022,12,9,20,0.4,96.7,6.1,-0.1,4.07,0.2,10.6,0,937.7,21,1.9,3.1,0,0,0,0,0,0,0,309,94,33,97
BER,2022,12,9,21,0.4,97.2,6.1,0,4.07,0.2,10.6,0.1,938,16,1.5,2.5,0,0,0,0,0,0,0,309,100,33,97
BER,2022,12,9,22,0.3,97,6.1,-0.1,4.07,0.1,10.5,0,937.9,28,1.7,3.1,0,0,0,0,0,0,0,309,100,33,97
BER,2022,12,9,23,0.3,97.1,6,-0.1,4,0.1,10.3,0,938,12,1.5,2.8,0,0,0,0,0,0,0,308,100,33,97
BER,2022,12,10,0,0.2,97.4,6,-0.2,4,0,10.2,0,938.1,13,1.8,3.5,0,0,0,0,0,0,0,308,100,33,97
BER,2022,12,10,1,0.2,97.9,6.1,-0.1,4.07,0.1,10.4,0,937.9,13,1.4,2.9,0,0,0,0,0,0,0,308,100,33,97
BER,2022,12,10,2,0.2,97.5,6,-0.1,4,0.1,10.2,0.4,938.2,9,1.2,2.3,0,0,0,0,0,0,0,308,100,33,97
BER,2022,12,10,3,0.2,96.3,6,-0.3,4,0,10.2,0.1,937.9,10,1.8,3.3,0,0,0,0,0,0,0,307,100,33,97
BER,2022,12,10,4,0.2,96.6,6,-0.3,4,0,10.2,0.1,938,4,1.5,2.9,0,0,0,0,0,0,0,307,100,33,97
BER,2022,12,10,5,0.2,96.2,6,-0.3,4,0,10.2,0.7,938.1,9,1.4,2.2,0,0,0,0,0,0,0,306,100,33,97
BER,2022,12,10,6,0.2,96.4,6,-0.3,4,0,10.2,0.3,938.5,360,1.2,2.5,0,0,0,0,0,0,0,305,100,33,97
BER,2022,12,10,7,0.3,95.3,6,-0.4,4,0,10.3,0.4,938.9,9,1.9,4.2,0,0,0,0,0,0,0,304,100,33,97
BER,2022,12,10,8,0.3,93.3,5.9,-0.7,3.93,-0.1,10.1,0.4,939.7,21,2.3,4.8,42,205,24,16,173,159,16,302,100,33,97
BER,2022,12,10,9,0.2,94.1,5.8,-0.6,3.86,-0.1,9.8,0,940.4,16,1.8,4,98,295,53,35,245,266,35,300,100,33,97
BER,2022,12,10,10,0.1,93.9,5.8,-0.8,3.86,-0.3,9.7,0.4,941,7,1.6,2.6,13,0,13,9,8,9,9,297,100,33,97
BER,2022,12,10,11,-0.2,92.4,5.6,-1.3,3.72,-0.6,9.1,0.2,941.3,360,1.3,2.9,16,0,16,11,11,11,11,294,100,33,97
BER,2022,12,10,12,-0.3,93.2,5.6,-1.3,3.72,-0.7,9,0.3,941.7,336,1.3,2.2,17,0,17,11,11,11,11,291,100,33,97
BER,2022,12,10,13,-0.3,93.9,5.6,-1.2,3.72,-0.6,9,0.3,942.2,349,0.6,1.5,16,0,16,10,10,10,10,287,100,33,97
BER,2022,12,10,14,-0.2,89.1,5.3,-1.8,3.52,-0.8,8.6,0.2,942.8,352,0.7,2.2,12,0,12,8,7,8,8,283,100,33,97
BER,2022,12,10,15,-0.5,91.8,5.4,-1.7,3.58,-1,8.4,0.1,943.4,22,0.5,1.3,6,0,6,4,4,4,4,279,100,33,97
BER,2022,12,10,16,-0.8,92.9,5.3,-1.8,3.51,-1.2,7.9,0.1,943.7,333,0.3,1.1,0,0,0,0,0,0,0,276,100,33,97
BER,2022,12,10,17,-0.8,92.5,5.3,-1.9,3.51,-1.2,7.9,0,944,37,0.5,0.8,0,0,0,0,0,0,0,273,100,33,97
BER,2022,12,10,18,-1.1,93,5.3,-2.1,3.51,-1.5,7.6,0,944.3,18,0.3,0.8,0,0,0,0,0,0,0,270,100,33,97
BER,2022,12,10,19,-1,91,5.2,-2.3,3.44,-1.5,7.6,0,944.6,37,0.5,1.3,0,0,0,0,0,0,0,267,100,33,97
BER,2022,12,10,20,-1.2,90,5,-2.6,3.31,-1.7,7,0,944.8,40,0.8,1.7,0,0,0,0,0,0,0,264,100,33,97
BER,2022,12,10,21,-1.4,91.4,5.1,-2.6,3.38,-1.8,7,0,944.6,34,0.8,1.6,0,0,0,0,0,0,0,262,100,33,97
BER,2022,12,10,22,-1.3,91.6,5.1,-2.5,3.38,-1.7,7.1,0,944.6,34,1.1,2.8,0,0,0,0,0,0,0,259,100,33,97
BER,2022,12,10,23,-1.6,90.9,5,-2.9,3.31,-2.1,6.6,0.1,944.6,28,1.5,3.3,0,0,0,0,0,0,0,257,100,33,97
BER,2022,12,11,0,-1.8,92.8,5,-2.8,3.31,-2.2,6.4,0,944.5,29,1,3,0,0,0,0,0,0,0,254,100,33,97
BER,2022,12,11,1,-2.1,92.6,4.8,-3.1,3.18,-2.5,5.8,0,944.4,8,0.8,1.8,0,0,0,0,0,0,0,251,81,35,97
BER,2022,12,11,2,-3.2,94.8,4.6,-3.9,3.04,-3.4,4.3,0,944.8,11,0.6,1.3,0,0,0,0,0,0,0,248,55,35,97
BER,2022,12,11,3,-3.2,89.8,4.3,-4.6,2.84,-3.7,3.8,0,944.9,45,0.3,1,0,0,0,0,0,0,0,245,88,35,97
BER,2022,12,11,4,-3.4,87.9,4.2,-5.1,2.78,-4,3.5,0,944.9,8,0.7,1.5,0,0,0,0,0,0,0,241,100,35,97
BER,2022,12,11,5,-5.4,94.2,3.9,-6.2,2.58,-5.6,1,0,944.8,354,0.9,1.9,0,0,0,0,0,0,0,238,59,35,97
BER,2022,12,11,6,-6.6,95.7,3.6,-7.2,2.38,-6.8,-0.8,0,944.7,5,1.1,1.8,0,0,0,0,0,0,0,235,38,35,97
BER,2022,12,11,7,-7.1,92.6,3.3,-8.1,2.18,-7.4,-1.8,0,944.6,4,1.4,2.3,0,0,0,0,0,0,0,233,55,35,97
BER,2022,12,11,8,-8.3,96.3,3.2,-8.8,2.11,-8.4,-3.1,0,944.8,354,1,1.5,43,220,24,16,186,170,16,233,35,35,97
BER,2022,12,11,9,-6.6,91.6,3.4,-7.7,2.25,-6.9,-1.1,0,944.6,11,1.5,3,171,656,54,44,477,573,44,233,19,35,97
BER,2022,12,11,10,-4.8,86.8,3.7,-6.7,2.45,-5.4,1.2,0,944.3,30,2.5,4.4,230,436,114,79,306,490,79,234,0,35,97
BER,2022,12,11,11,-3.9,85.1,3.9,-6,2.58,-4.6,2.5,0,943.7,17,1.7,3.2,265,340,154,103,214,457,103,234,33,35,97
BER,2022,12,11,12,-3.4,83.9,4,-5.7,2.65,-4.1,3.2,0,943.2,23,2.1,3.8,227,166,171,114,127,291,129,234,75,35,97
BER,2022,12,11,13,-3,82.3,4,-5.6,2.65,-3.9,3.6,0,943.3,10,2.3,4,196,118,159,106,104,227,154,233,100,35,97
BER,2022,12,11,14,-3.1,84.8,4.1,-5.3,2.72,-3.8,3.6,0,943.2,19,2.5,4.7,162,169,120,80,79,238,177,232,100,35,97
BER,2022,12,11,15,-3.5,87.9,4.2,-5.2,2.78,-4.1,3.4,0,943.4,36,2.3,4.6,67,53,59,40,39,81,78,230,100,35,97
BER,2022,12,11,16,-4.6,91.3,4,-5.8,2.65,-5,1.9,0,943.4,30,2.3,3.4,3,0,3,2,2,2,2,228,100,35,97
BER,2022,12,11,17,-5.4,92.4,3.8,-6.4,2.52,-5.7,0.8,0,943.3,21,2.4,3.4,0,0,0,0,0,0,0,226,63,35,97
BER,2022,12,11,18,-7.1,97.3,3.5,-7.5,2.32,-7.2,-1.4,0,943.3,6,0.9,2.5,0,0,0,0,0,0,0,224,25,35,97
BER,2022,12,11,19,-7.5,98.9,3.5,-7.6,2.32,-7.5,-1.8,0,943.7,13,1,1.5,0,0,0,0,0,0,0,222,25,35,97
BER,2022,12,11,20,-7.3,97.2,3.4,-7.7,2.25,-7.4,-1.8,0,943.7,6,0.9,1.9,0,0,0,0,0,0,0,219,25,35,97
BER,2022,12,11,21,-7.1,97,3.5,-7.5,2.31,-7.2,-1.4,0,943.9,180,0.3,0.9,0,0,0,0,0,0,0,217,33,35,97
BER,2022,12,11,22,-6.3,94.6,3.6,-7,2.38,-6.5,-0.4,0,943.9,284,0.5,1,0,0,0,0,0,0,0,214,36,35,97
BER,2022,12,11,23,-6.3,95.7,3.7,-6.9,2.45,-6.5,-0.3,0,943.9,326,0.4,1,0,0,0,0,0,0,0,211,25,35,97
BER,2022,12,12,0,-6.3,95.3,3.6,-6.9,2.38,-6.5,-0.4,0,944.1,360,0.8,2,0,0,0,0,0,0,0,209,29,35,97
BER,2022,12,12,1,-6.4,93.6,3.5,-7.3,2.31,-6.7,-0.7,0,944.4,148,1.3,2.2,0,0,0,0,0,0,0,196,0,38,97
BER,2022,12,12,2,-6.7,92.6,3.4,-7.7,2.25,-7,-1.2,0,944.6,142,1.2,2.2,0,0,0,0,0,0,0,205,54,38,97
BER,2022,12,12,3,-7,92.1,3.3,-8.1,2.18,-7.3,-1.6,0,944.7,144,1,2.3,0,0,0,0,0,0,0,209,100,38,97
BER,2022,12,12,4,-7.4,92,3.2,-8.5,2.11,-7.7,-2.2,0,944.6,167,0.9,1.8,0,0,0,0,0,0,0,209,100,38,97
BER,2022,12,12,5,-7.9,93,3.1,-8.8,2.05,-8.1,-2.9,0,944.9,158,0.7,1.4,0,0,0,0,0,0,0,210,94,38,97
BER,2022,12,12,6,-8.5,95.2,3.1,-9.1,2.05,-8.7,-3.5,0,945.2,121,0.6,1.2,0,0,0,0,0,0,0,210,75,38,97
BER,2022,12,12,7,-9,96.4,3,-9.5,1.98,-9.1,-4.2,0,945.4,90,0.3,0.8,0,0,0,0,0,0,0,212,94,38,97
BER,2022,12,12,8,-8.8,90.3,2.8,-10.1,1.85,-9.1,-4.3,0,945.6,146,0.4,1.3,3,0,3,2,2,2,2,215,100,38,97
BER,2022,12,12,9,-8.1,85.5,2.9,-10.1,1.91,-8.6,-3.4,0,946.2,162,0.7,1.3,91,111,68,47,118,143,47,218,84,38,97
BER,2022,12,12,10,-6.7,88.4,3.3,-8.3,2.18,-7.2,-1.4,0,946.2,349,0.6,1.6,74,1,73,50,50,51,50,221,94,38,97
BER,2022,12,12,11,-5.7,84.3,3.4,-7.9,2.24,-6.3,-0.2,0,945.8,4,1.5,3.1,186,109,149,102,130,218,102,224,84,38,97
BER,2022,12,12,12,-5.3,84,3.5,-7.6,2.31,-6,0.4,0,945.4,6,2,3.1,156,22,149,102,102,124,104,227,94,38,97
BER,2022,12,12,13,-4.8,85.2,3.6,-6.9,2.38,-5.4,1.1,0,944.8,23,2.3,4.3,137,31,127,86,85,119,97,228,94,38,97
BER,2022,12,12,14,-4.5,86.8,3.8,-6.4,2.51,-5.1,1.7,0,944.5,24,2.3,3.6,83,18,79,54,53,70,66,227,100,38,97
BER,2022,12,12,15,-4.5,87.5,3.8,-6.3,2.51,-5.1,1.7,0,944.5,39,2,3.9,38,2,38,26,25,27,27,225,100,38,97
BER,2022,12,12,16,-4.6,85.5,3.7,-6.7,2.45,-5.2,1.4,0,944.4,28,2,3.9,3,0,3,2,2,2,2,223,41,38,97
BER,2022,12,12,17,-4.9,86.9,3.7,-6.7,2.45,-5.5,1.1,0,944.5,22,2.2,4.2,0,0,0,0,0,0,0,221,0,38,97
BER,2022,12,12,18,-5.2,88.3,3.7,-6.8,2.45,-5.7,0.8,0,944.2,16,2.3,4.8,0,0,0,0,0,0,0,219,0,38,97
BER,2022,12,12,19,-5.3,86.9,3.6,-7.1,2.38,-5.8,0.6,0,943.9,28,2.8,4.4,0,0,0,0,0,0,0,216,16,38,97
BER,2022,12,12,20,-5.5,86.3,3.5,-7.4,2.32,-6.1,0.2,0,943.5,43,2.6,4.8,0,0,0,0,0,0,0,220,48,38,97
BER,2022,12,12,21,-5.4,85.1,3.5,-7.5,2.32,-6,0.3,0,943.2,44,2.9,5.5,0,0,0,0,0,0,0,222,59,38,97
BER,2022,12,12,22,-5.6,86.4,3.5,-7.5,2.32,-6.2,0.1,0,942.7,53,1.6,3.6,0,0,0,0,0,0,0,228,81,38,97
BER,2022,12,12,23,-5.4,88.8,3.6,-7,2.39,-5.9,0.5,0,942.2,31,1.8,4.3,0,0,0,0,0,0,0,231,100,38,97
BER,2022,12,13,0,-5.4,89.4,3.7,-6.9,2.45,-5.9,0.6,0,942,22,1.8,3.5,0,0,0,0,0,0,0,231,80,38,97
BER,2022,12,13,1,-5.5,90.1,3.7,-6.9,2.45,-5.9,0.6,0,941.2,28,1.6,3.8,0,0,0,0,0,0,0,237,94,40,97
BER,2022,12,13,2,-5.5,90.1,3.7,-6.9,2.45,-5.9,0.6,0,941.2,45,1.2,2.9,0,0,0,0,0,0,0,241,100,40,97
BER,2022,12,13,3,-5.7,90.7,3.7,-7,2.46,-6.1,0.4,0,940.8,28,1.5,3.9,0,0,0,0,0,0,0,244,100,40,97
BER,2022,12,13,4,-5.9,90.3,3.5,-7.2,2.32,-6.3,-0.2,0,940.4,22,2.2,4.9,0,0,0,0,0,0,0,248,100,40,97
BER,2022,12,13,5,-6,90.3,3.5,-7.3,2.32,-6.4,-0.3,0,940.3,28,2.4,4.8,0,0,0,0,0,0,0,250,88,40,97
BER,2022,12,13,6,-6.1,90.4,3.5,-7.4,2.32,-6.5,-0.4,0,940.3,31,2.3,4.7,0,0,0,0,0,0,0,257,100,40,97
BER,2022,12,13,7,-6.1,89.8,3.5,-7.5,2.32,-6.5,-0.4,0,940.3,21,2.2,4,0,0,0,0,0,0,0,262,94,40,97
BER,2022,12,13,8,-6,88.8,3.5,-7.5,2.32,-6.4,-0.3,0,940.7,24,2.5,4,4,0,4,3,3,3,3,268,100,40,97
BER,2022,12,13,9,-5.8,88.9,3.5,-7.3,2.32,-6.2,-0.1,0,941,23,2.3,3.9,50,9,49,34,39,41,34,274,94,40,97
BER,2022,12,13,10,-5.5,87.9,3.6,-7.2,2.39,-6,0.4,0,941.1,20,2,3.5,73,12,69,48,53,60,48,278,100,40,97
BER,2022,12,13,11,-5.2,88.6,3.7,-6.8,2.46,-5.7,0.9,0,940.8,11,1.6,3.2,153,112,116,82,112,199,82,283,94,40,97
BER,2022,12,13,12,-5,89,3.8,-6.5,2.52,-5.5,1.2,0,940.6,360,1.4,2.5,61,0,61,42,41,42,42,286,100,40,97
BER,2022,12,13,13,-4.7,89.6,3.9,-6.1,2.59,-5.1,1.7,0,940.5,23,1.6,2.7,98,2,98,67,66,69,68,288,100,40,97
BER,2022,12,13,14,-4.3,91.2,4.1,-5.5,2.72,-4.7,2.4,0.1,940.5,8,1.5,2.7,109,52,95,66,65,115,94,289,100,40,97
BER,2022,12,13,15,-4.3,90.7,4,-5.6,2.66,-4.7,2.3,0.4,940.4,19,1.8,3.2,24,0,24,17,17,17,17,286,100,40,97
BER,2022,12,13,16,-4.3,90.7,4,-5.6,2.66,-4.7,2.3,0.5,940.4,12,2,3.4,1,0,1,1,1,1,1,289,100,40,97
BER,2022,12,13,17,-4.3,90.4,4,-5.6,2.66,-4.7,2.3,0.2,940.1,21,2.5,4,0,0,0,0,0,0,0,289,100,40,97
BER,2022,12,13,18,-4.4,91.8,4.1,-5.5,2.73,-4.8,2.3,0.1,939.8,18,2,3.4,0,0,0,0,0,0,0,289,100,40,97
BER,2022,12,13,19,-4.4,92.3,4.1,-5.5,2.73,-4.8,2.3,0,939.7,19,2.1,3.9,0,0,0,0,0,0,0,289,100,40,97
BER,2022,12,13,20,-4.4,93.5,4.1,-5.3,2.73,-4.7,2.3,0,939.3,14,1.7,3,0,0,0,0,0,0,0,289,100,40,97
BER,2022,12,13,21,-4.5,93.9,4.1,-5.3,2.73,-4.8,2.2,0,939.1,9,1.3,2.4,0,0,0,0,0,0,0,289,100,40,97
BER,2022,12,13,22,-4.9,95,4,-5.6,2.66,-5.1,1.7,0,939,21,0.9,2,0,0,0,0,0,0,0,282,54,40,97
BER,2022,12,13,23,-4.7,94.2,4.1,-5.5,2.73,-5,2,0,938.8,198,0.4,1.4,0,0,0,0,0,0,0,278,38,40,97
BER,2022,12,14,0,-3.8,92.3,4.3,-4.9,2.86,-4.2,3.3,0,938.2,163,1.1,2.1,0,0,0,0,0,0,0,283,31,40,97
BER,2022,12,14,1,-3.8,93,4.3,-4.8,2.87,-4.1,3.3,0,937.8,170,1.2,2,0,0,0,0,0,0,0,280,50,41,97
BER,2022,12,14,2,-4.2,91.8,4.1,-5.3,2.73,-4.6,2.6,0,937.7,166,0.9,1.9,0,0,0,0,0,0,0,268,33,41,97
BER,2022,12,14,3,-4.2,92.7,4.2,-5.2,2.8,-4.5,2.7,0,937.2,169,0.6,1.6,0,0,0,0,0,0,0,273,48,41,97
BER,2022,12,14,4,-3.8,93.6,4.3,-4.7,2.87,-4.1,3.3,0,937,135,0.5,1.1,0,0,0,0,0,0,0,284,69,41,97
BER,2022,12,14,5,-3.3,94.2,4.5,-4.1,3,-3.6,4.1,0,936.4,180,0.5,1.3,0,0,0,0,0,0,0,289,84,41,97
BER,2022,12,14,6,-2.7,94,4.7,-3.5,3.14,-3,5.1,0,935.8,216,0.9,2,0,0,0,0,0,0,0,294,100,41,97
BER,2022,12,14,7,-2.4,94.1,4.8,-3.2,3.21,-2.7,5.6,0,935.7,219,1.3,2,0,0,0,0,0,0,0,294,94,41,97
BER,2022,12,14,8,-1.9,93.3,5,-2.8,3.34,-2.2,6.4,0,935.8,220,1.6,2.5,15,71,11,8,64,55,8,289,53,41,97
BER,2022,12,14,9,-1.3,91.5,5.1,-2.5,3.41,-1.7,7.2,0,936,219,1.3,2.1,102,251,54,41,201,251,41,296,56,41,97
BER,2022,12,14,10,-0.1,90.5,5.5,-1.5,3.68,-0.6,9.1,0,936,177,2.1,4.4,115,31,107,74,89,105,75,297,53,41,97
BER,2022,12,14,11,0.8,88.2,5.7,-0.9,3.81,0.1,10.3,0,935.5,180,2.1,3.9,103,8,101,70,72,78,70,309,75,41,97
BER,2022,12,14,12,1.4,86.4,5.9,-0.6,3.95,0.6,11.3,0,935.3,190,1.8,3.5,164,44,149,104,105,151,109,313,94,41,97
BER,2022,12,14,13,1.8,86.5,6,-0.2,4.02,1,11.8,0,935.4,184,1.5,2.7,94,7,92,64,63,71,67,317,88,41,97
BER,2022,12,14,14,1.7,91.7,6.4,0.5,4.28,1.2,12.4,0.7,935.8,183,2.3,3.9,54,0,54,38,37,38,38,318,100,41,97
BER,2022,12,14,15,2,93.2,6.6,1,4.42,1.6,13,0.1,936.3,197,1.8,2.9,24,0,24,16,16,16,16,316,94,41,97
BER,2022,12,14,16,1.9,94.5,6.6,1.1,4.41,1.6,12.9,0,936.5,191,1.7,2.9,2,0,2,2,2,2,2,317,94,41,97
BER,2022,12,14,17,1.7,95.1,6.6,1,4.41,1.4,12.7,0.3,936.9,195,1.2,2.6,0,0,0,0,0,0,0,319,100,41,97
BER,2022,12,14,18,1.6,95.4,6.6,0.9,4.41,1.3,12.6,0,936.7,207,1.6,3.8,0,0,0,0,0,0,0,317,94,41,97
BER,2022,12,14,19,1.5,95.5,6.5,0.9,4.35,1.2,12.4,0,936.6,189,0.8,2.6,0,0,0,0,0,0,0,315,78,41,97
BER,2022,12,14,20,1.5,96.1,6.5,0.9,4.35,1.2,12.4,0.2,936.6,185,1.3,2.8,0,0,0,0,0,0,0,318,88,41,97
BER,2022,12,14,21,2.3,96.5,6.9,1.8,4.61,2.1,13.9,0.1,936.9,180,1.5,3,0,0,0,0,0,0,0,316,88,41,97
BER,2022,12,14,22,2,96.9,6.8,1.6,4.55,1.8,13.4,0,937.2,173,1.3,3.4,0,0,0,0,0,0,0,300,59,41,97
BER,2022,12,14,23,2,96.6,6.8,1.5,4.55,1.8,13.4,0,937.3,210,1.5,2.8,0,0,0,0,0,0,0,289,36,41,97
BER,2022,12,15,0,1.6,97.6,6.7,1.3,4.48,1.5,12.8,0,937.4,225,0.8,2.5,0,0,0,0,0,0,0,295,35,41,97
BER,2022,12,15,1,1.8,97.3,6.8,1.4,4.54,1.6,13.2,0,937.5,211,0.8,2.3,0,0,0,0,0,0,0,286,41,43,97
BER,2022,12,15,2,1.5,97.7,6.6,1.2,4.41,1.4,12.5,0,937.8,214,0.6,1.5,0,0,0,0,0,0,0,284,29,43,97
BER,2022,12,15,3,1.7,97.6,6.7,1.4,4.48,1.6,12.9,0,937.9,193,1.1,3.6,0,0,0,0,0,0,0,280,38,43,97
BER,2022,12,15,4,1.8,97.9,6.8,1.5,4.54,1.7,13.2,0,938.1,214,1.5,2.8,0,0,0,0,0,0,0,280,35,43,97
BER,2022,12,15,5,0.8,99.7,6.5,0.8,4.34,0.8,11.6,0,938.1,225,0.8,2.7,0,0,0,0,0,0,0,279,43,43,97
BER,2022,12,15,6,0.1,99.2,6.1,0,4.07,0.1,10.3,0,937.9,9,0.7,1.7,0,0,0,0,0,0,0,301,100,43,97
BER,2022,12,15,7,0.7,98.1,6.3,0.4,4.2,0.6,11.2,0,938.2,10,2.3,4.5,0,0,0,0,0,0,0,301,100,43,97
BER,2022,12,15,8,1.6,97.6,6.7,1.3,4.47,1.5,12.8,0,938.9,28,2.7,5.1,14,31,12,9,32,29,9,303,100,43,97
BER,2022,12,15,9,1.5,98.8,6.8,1.3,4.54,1.4,12.8,0,938.8,18,2,4.7,45,6,44,31,35,36,31,305,100,43,97
BER,2022,12,15,10,1.5,99.2,6.7,1.4,4.47,1.5,12.7,0,938.9,22,1.7,4.2,52,0,52,37,36,37,37,307,100,43,97
BER,2022,12,15,11,1.7,97.7,6.8,1.4,4.54,1.6,13.1,0,938.2,18,2.7,4.9,74,5,73,52,52,56,52,307,100,43,97
BER,2022,12,15,12,1.7,98.2,6.8,1.4,4.55,1.6,13.1,0,937.3,24,2.8,5.7,84,6,82,58,57,64,59,307,100,43,97
BER,2022,12,15,13,1.7,98.3,6.8,1.5,4.55,1.6,13.1,0,936.4,24,2.1,5.8,76,6,74,52,52,58,54,307,100,43,97
BER,2022,12,15,14,1.6,97.9,6.7,1.3,4.49,1.5,12.8,0,935.8,22,2.9,6.9,56,5,55,39,38,44,42,307,100,43,97
BER,2022,12,15,15,1.5,97.6,6.6,1.2,4.42,1.4,12.5,0,935.5,21,3.3,7.8,28,4,28,20,19,22,22,308,100,43,97
BER,2022,12,15,16,1.4,97.4,6.6,1,4.42,1.2,12.4,0,935.4,24,3.5,7,3,1,3,2,2,2,3,308,100,43,97
BER,2022,12,15,17,1.4,97.6,6.6,1.1,4.42,1.3,12.5,0.4,935.2,25,2.7,5.9,0,0,0,0,0,0,0,308,100,43,97
BER,2022,12,15,18,1.3,96.5,6.5,0.8,4.35,1.1,12.2,1,935.1,14,3.5,6.5,0,0,0,0,0,0,0,308,100,43,97
BER,2022,12,15,19,1.2,95.3,6.4,0.5,4.29,0.9,11.9,1.6,935.3,17,3.5,6.8,0,0,0,0,0,0,0,308,100,43,97
BER,2022,12,15,20,1,96.2,6.3,0.5,4.22,0.8,11.5,2,935.6,18,2,4.3,0,0,0,0,0,0,0,308,100,43,97
BER,2022,12,15,21,0.8,96.3,6.3,0.3,4.22,0.6,11.3,0.8,935.8,14,2.1,4.3,0,0,0,0,0,0,0,308,100,43,97
BER,2022,12,15,22,0.9,95.2,6.2,0.2,4.15,0.6,11.3,0.6,935.9,18,2.5,5.2,0,0,0,0,0,0,0,309,100,43,97
BER,2022,12,15,23,0.8,95.2,6.2,0.1,4.15,0.5,11.2,0.3,936.4,21,3,5.2,0,0,0,0,0,0,0,309,100,43,97
BER,2022,12,16,0,0.8,95.2,6.2,0.1,4.15,0.5,11.2,0.3,936.3,15,2.7,4.5,0,0,0,0,0,0,0,309,100,43,97
BER,2022,12,16,1,0.6,96,6.1,0,4.08,0.4,10.8,0.1,936.5,19,2,5,0,0,0,0,0,0,0,309,92,45,97
BER,2022,12,16,2,0.6,96.4,6.1,0.1,4.07,0.4,10.8,0.4,937.9,9,1.8,3.1,0,0,0,0,0,0,0,308,100,45,97
BER,2022,12,16,3,0.5,97,6.1,0.1,4.07,0.3,10.7,1.4,938.5,356,1.4,2.6,0,0,0,0,0,0,0,307,100,45,97
BER,2022,12,16,4,0.2,98.2,6.1,0,4.07,0.1,10.4,0.9,938.8,333,0.6,1.3,0,0,0,0,0,0,0,307,100,45,97
BER,2022,12,16,5,0.3,96.6,6,-0.2,4,0.1,10.3,0.2,939.5,354,1.1,2,0,0,0,0,0,0,0,306,100,45,97
BER,2022,12,16,6,0.4,95.7,6,-0.2,3.99,0.2,10.4,0.4,940.2,18,1.9,3,0,0,0,0,0,0,0,306,100,45,97
BER,2022,12,16,7,0.3,95.4,6,-0.3,3.99,0.1,10.3,0.1,941,15,1.5,3.2,0,0,0,0,0,0,0,305,100,45,97
BER,2022,12,16,8,0.2,97.1,6,-0.2,3.99,0,10.1,0.1,941.9,6,1.1,2.3,8,0,8,6,6,6,6,305,100,45,97
BER,2022,12,16,9,0.3,96.8,6,-0.1,3.98,0.1,10.2,0.2,942.7,5,1.1,2.3,61,12,59,42,50,52,42,306,100,45,97
BER,2022,12,16,10,0.3,97,6.1,-0.1,4.05,0.1,10.4,0.1,943.3,11,1,2.1,140,97,113,82,129,177,82,306,88,45,97
BER,2022,12,16,11,0.5,95.3,6,-0.2,3.98,0.2,10.4,0,943.4,16,1.9,4.4,160,52,144,104,121,157,104,306,100,45,97
BER,2022,12,16,12,0.6,91.7,5.8,-0.6,3.85,0.1,10.2,0,943.8,22,2.5,5.1,188,98,155,113,112,217,134,306,88,45,97
BER,2022,12,16,13,0.5,89.3,5.7,-1.1,3.78,-0.1,9.9,0,944.2,11,2.7,5.7,149,43,136,98,97,142,113,306,100,45,97
BER,2022,12,16,14,0.3,89.4,5.6,-1.2,3.71,-0.3,9.6,0,944.8,8,2.9,5.3,95,12,92,66,65,77,73,303,100,45,97
BER,2022,12,16,15,-0.3,90.9,5.5,-1.6,3.64,-0.8,8.8,0,945.7,16,3.4,5.9,48,9,46,33,33,40,40,300,100,45,97
BER,2022,12,16,16,-0.4,91.4,5.4,-1.6,3.57,-0.9,8.5,0,946.5,22,2.2,4.4,3,0,3,2,2,2,2,295,100,45,97
BER,2022,12,16,17,-0.6,90.9,5.3,-1.9,3.5,-1.1,8.1,0,947.2,10,2.4,5.3,0,0,0,0,0,0,0,289,100,45,97
BER,2022,12,16,18,-1.1,89.1,5,-2.7,3.3,-1.7,7.1,0,948.3,24,2.2,5.8,0,0,0,0,0,0,0,283,75,45,97
BER,2022,12,16,19,-1.4,86.6,4.8,-3.3,3.16,-2.1,6.5,0,949.2,27,3,6.5,0,0,0,0,0,0,0,280,100,45,97
BER,2022,12,16,20,-1.6,88.3,4.8,-3.3,3.16,-2.2,6.3,0,950.1,22,3.3,6.3,0,0,0,0,0,0,0,276,100,45,97
BER,2022,12,16,21,-1.9,87.9,4.7,-3.6,3.09,-2.5,5.8,0,950.6,21,4.4,7.6,0,0,0,0,0,0,0,273,100,45,97
BER,2022,12,16,22,-2.4,87.5,4.5,-4.2,2.96,-3,4.9,0,951.3,24,4,8,0,0,0,0,0,0,0,270,100,45,97
BER,2022,12,16,23,-2.6,86.7,4.4,-4.5,2.89,-3.2,4.6,0,951.8,27,3.2,5.9,0,0,0,0,0,0,0,266,100,45,97
BER,2022,12,17,0,-2.5,89.3,4.5,-4,2.95,-3,4.8,0,952.1,29,2.7,5.6,0,0,0,0,0,0,0,263,100,45,97
BER,2022,12,17,1,-2.4,88.5,4.6,-4,3.02,-3,5.1,0,952.5,27,3.1,5,0,0,0,0,0,0,0,260,100,46,97
BER,2022,12,17,2,-2.3,87.1,4.5,-4.1,2.95,-2.9,5,0,953.1,27,3.7,6.5,0,0,0,0,0,0,0,257,100,46,97
BER,2022,12,17,3,-2.4,88.6,4.5,-4,2.95,-3,4.9,0,953.5,36,2.8,5.6,0,0,0,0,0,0,0,253,100,46,97
BER,2022,12,17,4,-2.6,88.1,4.5,-4.3,2.95,-3.2,4.7,0,953.8,28,3.1,5.3,0,0,0,0,0,0,0,250,100,46,97
BER,2022,12,17,5,-2.7,88.7,4.4,-4.3,2.88,-3.2,4.4,0,954,27,3.5,6,0,0,0,0,0,0,0,247,100,46,97
BER,2022,12,17,6,-2.7,88.9,4.5,-4.3,2.95,-3.2,4.6,0,954.4,27,3.8,5.5,0,0,0,0,0,0,0,244,100,46,97
BER,2022,12,17,7,-2.8,89.1,4.4,-4.3,2.88,-3.3,4.3,0,954.9,31,3.8,6,0,0,0,0,0,0,0,240,100,46,97
BER,2022,12,17,8,-2.8,89.4,4.4,-4.3,2.88,-3.3,4.3,0,955.8,30,4,6.8,17,15,16,12,23,22,12,237,100,46,97
BER,2022,12,17,9,-2.8,88.9,4.4,-4.4,2.87,-3.3,4.3,0,956.7,22,4.3,6,83,47,75,54,86,93,55,234,100,46,97
BER,2022,12,17,10,-2.6,88.7,4.5,-4.2,2.94,-3.2,4.7,0,956.9,19,3.5,5.6,141,57,126,92,121,147,92,230,100,46,97
BER,2022,12,17,11,-2.3,88.3,4.6,-4,3,-2.9,5.2,0,957,19,3.9,6.3,181,69,160,116,138,188,116,227,100,46,97
BER,2022,12,17,12,-2.1,88.3,4.6,-3.8,3,-2.7,5.4,0,957.1,27,3.6,6.3,186,57,167,121,124,182,128,232,100,46,97
BER,2022,12,17,13,-1.7,87.4,4.7,-3.5,3.07,-2.3,5.9,0,957.2,18,3.3,5.5,170,57,152,111,109,170,133,233,100,46,97
BER,2022,12,17,14,-1.5,87.7,4.8,-3.3,3.13,-2.1,6.3,0,957.4,21,3.2,5.6,129,55,115,84,83,135,116,228,65,46,97
BER,2022,12,17,15,-1.7,88.3,4.8,-3.4,3.13,-2.3,6.1,0,957.8,25,3.6,5.3,67,44,60,44,43,79,76,233,75,46,97
BER,2022,12,17,16,-1.7,88.6,4.8,-3.3,3.13,-2.3,6.1,0,958,25,3.1,4.8,6,8,5,4,4,9,10,233,94,46,97
BER,2022,12,17,17,-1.9,89,4.8,-3.5,3.13,-2.5,5.9,0,958.1,34,3.7,6.3,0,0,0,0,0,0,0,230,94,46,97
BER,2022,12,17,18,-2,89.9,4.8,-3.4,3.13,-2.5,5.8,0,958.5,25,3.4,5.7,0,0,0,0,0,0,0,218,35,46,97
BER,2022,12,17,19,-2,88.8,4.7,-3.6,3.06,-2.6,5.6,0,958.9,25,3.1,5.2,0,0,0,0,0,0,0,211,0,46,97
BER,2022,12,17,20,-2,89.2,4.7,-3.5,3.06,-2.5,5.6,0,959.5,20,2.7,4.5,0,0,0,0,0,0,0,209,0,46,97
BER,2022,12,17,21,-2.1,89.4,4.7,-3.6,3.06,-2.6,5.5,0,959.8,21,2.3,4.1,0,0,0,0,0,0,0,207,0,46,97
BER,2022,12,17,22,-2.1,89.2,4.7,-3.6,3.06,-2.6,5.5,0,960.1,6,1.9,3.3,0,0,0,0,0,0,0,204,0,46,97
BER,2022,12,17,23,-2.2,90,4.7,-3.6,3.06,-2.7,5.4,0,960.1,3,1.8,3.1,0,0,0,0,0,0,0,202,0,46,97
BER,2022,12,18,0,-2.3,90.4,4.7,-3.7,3.06,-2.8,5.3,0,960.4,13,1,2.2,0,0,0,0,0,0,0,200,0,46,97
BER,2022,12,18,1,-2.1,85.2,4.5,-4.2,2.93,-2.8,5.2,0,960.7,241,1.4,2.9,0,0,0,0,0,0,0,198,0,46,97
BER,2022,12,18,2,-2.3,86.1,4.5,-4.3,2.93,-3,5,0,961.1,274,1.5,3.1,0,0,0,0,0,0,0,198,0,46,97
BER,2022,12,18,3,-2.4,86.2,4.4,-4.4,2.86,-3.1,4.7,0,961.4,238,1.9,4.2,0,0,0,0,0,0,0,198,0,46,97
BER,2022,12,18,4,-2.2,85.9,4.5,-4.2,2.92,-2.9,5.1,0,961.7,159,1.5,3.2,0,0,0,0,0,0,0,197,0,46,97
BER,2022,12,18,5,-1.8,84.7,4.5,-4,2.92,-2.6,5.5,0,961.9,162,2,3.9,0,0,0,0,0,0,0,197,0,46,97
BER,2022,12,18,6,-1.9,86,4.6,-3.9,2.99,-2.6,5.5,0,962,155,2.9,5.2,0,0,0,0,0,0,0,197,0,46,97
BER,2022,12,18,7,-1.8,86.3,4.6,-3.8,2.99,-2.5,5.6,0,962.4,157,2.6,4.3,0,0,0,0,0,0,0,198,0,46,97
BER,2022,12,18,8,-1.8,85.5,4.6,-3.9,2.98,-2.5,5.6,0,963.2,158,2.4,4,24,98,16,12,87,80,12,205,13,46,97
BER,2022,12,18,9,-1.5,84.1,4.6,-3.8,2.98,-2.3,5.9,0,963.3,171,1.9,3.5,105,151,81,60,164,183,60,210,19,46,97
BER,2022,12,18,10,-1.4,84.3,4.7,-3.7,3.05,-2.2,6.2,0,963.4,157,2.3,4.1,171,143,133,98,173,237,98,216,33,46,97
BER,2022,12,18,11,-1,82.5,4.7,-3.6,3.05,-1.9,6.6,0,963.3,159,2,3.8,212,147,165,122,173,276,122,226,78,46,97
BER,2022,12,18,12,-0.7,81.3,4.7,-3.5,3.05,-1.7,6.9,0,963,166,2.2,3.8,232,173,174,128,138,315,153,238,94,46,97
BER,2022,12,18,13,-0.8,81.7,4.7,-3.5,3.05,-1.8,6.8,0,962.6,162,2.3,4.2,239,281,153,115,115,404,224,245,81,46,97
BER,2022,12,18,14,-0.8,82.1,4.7,-3.5,3.05,-1.8,6.8,0,962.3,152,2.6,4.6,208,461,94,80,80,502,326,242,65,46,97
BER,2022,12,18,15,-1,83.6,4.8,-3.4,3.12,-1.9,6.8,0,962.3,153,2.8,4.8,109,406,55,45,45,355,335,242,45,46,97
BER,2022,12,18,16,-1.4,85.2,4.7,-3.6,3.05,-2.2,6.2,0,962.5,173,1.8,3.8,8,37,6,5,5,29,34,255,90,46,97
BER,2022,12,18,17,-1.6,87.4,4.8,-3.4,3.12,-2.2,6.2,0,962.3,175,2.2,4.8,0,0,0,0,0,0,0,257,90,46,97
BER,2022,12,18,18,-1.5,88.3,4.8,-3.2,3.12,-2.1,6.3,0,962.4,180,1.8,3.4,0,0,0,0,0,0,0,263,100,46,97
BER,2022,12,18,19,-1.7,88.2,4.8,-3.4,3.12,-2.3,6,0,962.5,180,1.4,2.7,0,0,0,0,0,0,0,256,60,46,97
BER,2022,12,18,20,-1.4,89.1,4.9,-3,3.18,-2,6.5,0,962.5,209,1.1,2.5,0,0,0,0,0,0,0,277,84,46,97
BER,2022,12,18,21,-1.1,89.8,5.1,-2.6,3.31,-1.7,7.1,0,962.4,210,1.4,2.3,0,0,0,0,0,0,0,274,59,46,97
BER,2022,12,18,22,-0.8,90.4,5.2,-2.2,3.38,-1.3,7.6,0,962.1,202,1.1,1.9,0,0,0,0,0,0,0,277,68,46,97
BER,2022,12,18,23,-0.6,90.9,5.3,-1.9,3.45,-1.1,8,0,962.1,216,0.9,1.7,0,0,0,0,0,0,0,284,84,46,97
BER,2022,12,19,0,-0.4,90.8,5.4,-1.7,3.51,-0.9,8.3,0,962.1,219,1.3,2.2,0,0,0,0,0,0,0,288,94,46,97
BER,2022,12,19,1,-0.3,90.7,5.4,-1.6,3.51,-0.8,8.5,0,961.9,235,1.2,2.1,0,0,0,0,0,0,0,291,100,43,97
BER,2022,12,19,2,0,90.6,5.6,-1.3,3.64,-0.5,9.1,0,961.7,248,1.1,2.2,0,0,0,0,0,0,0,292,100,43,97
BER,2022,12,19,3,0.2,91.1,5.6,-1.1,3.64,-0.3,9.3,0,961.5,234,0.9,1.7,0,0,0,0,0,0,0,293,100,43,97
BER,2022,12,19,4,0.5,91.4,5.8,-0.7,3.77,0,9.9,0,961.5,232,1.2,2.5,0,0,0,0,0,0,0,294,100,43,97
BER,2022,12,19,5,0.2,93.4,5.8,-0.7,3.78,-0.2,9.6,0,961.3,225,0.6,1.7,0,0,0,0,0,0,0,295,100,43,97
BER,2022,12,19,6,-0.3,95.7,5.7,-0.9,3.71,-0.5,8.9,0,961.3,225,0.3,1,0,0,0,0,0,0,0,296,100,43,97
BER,2022,12,19,7,-0.9,98.3,5.6,-1.1,3.65,-1,8.2,0,961.2,270,0.2,1.1,0,0,0,0,0,0,0,298,100,43,97
BER,2022,12,19,8,-0.9,97.6,5.6,-1.2,3.64,-1,8.2,0,961.4,225,0.4,1.1,21,96,13,10,83,78,10,296,81,43,97
BER,2022,12,19,9,-0.9,96.3,5.5,-1.4,3.58,-1.1,8,0,961.5,220,0.8,1.5,118,394,58,47,317,355,47,301,88,43,97
BER,2022,12,19,10,0.2,93.6,5.8,-0.7,3.77,-0.2,9.6,0,961.6,247,0.7,1.7,150,130,116,83,151,207,84,308,100,43,97
BER,2022,12,19,11,1.3,89.9,6,-0.2,3.91,0.7,11.1,0,961.2,239,0.6,1.9,233,322,129,100,186,427,100,307,88,43,97
BER,2022,12,19,12,3.7,78.6,6.3,0.3,4.11,2.3,14,0,960.8,180,1.4,2.8,271,412,133,107,141,530,133,308,84,43,97
BER,2022,12,19,13,4.1,78.6,6.4,0.7,4.17,2.6,14.6,0,960.5,196,1.5,3.3,265,493,113,93,94,584,267,311,71,43,97
BER,2022,12,19,14,4.4,78.7,6.6,1,4.3,2.9,15.2,0,960.4,192,1.4,2.8,214,554,81,70,71,569,370,297,50,43,97
BER,2022,12,19,15,4.4,77,6.4,0.7,4.17,2.8,14.9,0,960.5,186,2,4.2,76,199,43,34,34,192,166,302,81,43,97
BER,2022,12,19,16,3.8,81.5,6.5,0.9,4.24,2.6,14.4,0,960.3,185,2.3,3.5,6,9,5,4,4,10,11,307,81,43,97
BER,2022,12,19,17,2.6,87.3,6.4,0.7,4.17,1.8,13,0,960.3,177,1.9,4,0,0,0,0,0,0,0,312,100,43,97
BER,2022,12,19,18,2.1,89.6,6.4,0.6,4.17,1.5,12.5,0,960.3,209,1.2,3.1,0,0,0,0,0,0,0,311,100,43,97
BER,2022,12,19,19,1,94.7,6.2,0.2,4.04,0.7,11.1,0,960,236,0.8,1.5,0,0,0,0,0,0,0,304,88,43,97
BER,2022,12,19,20,0.4,95.6,6,-0.2,3.91,0.2,10.2,0,959.9,243,0.8,1.8,0,0,0,0,0,0,0,307,100,43,97
BER,2022,12,19,21,0,97.1,5.9,-0.4,3.85,-0.2,9.6,0,959.7,231,0.8,1.8,0,0,0,0,0,0,0,308,100,43,97
BER,2022,12,19,22,0.1,96.7,6,-0.4,3.91,-0.1,9.9,0,959.4,220,0.8,1.9,0,0,0,0,0,0,0,307,100,43,97
BER,2022,12,19,23,-0.4,97.5,5.8,-0.7,3.78,-0.5,9,0,959.3,214,1.1,2.5,0,0,0,0,0,0,0,300,79,43,97
BER,2022,12,20,0,-0.1,95.7,5.8,-0.7,3.78,-0.3,9.3,0,959.2,214,1.2,1.9,0,0,0,0,0,0,0,297,90,43,97
BER,2022,12,20,1,0,95.2,5.8,-0.7,3.79,-0.3,9.4,0,958.7,186,1.1,4.8,0,0,0,0,0,0,0,295,78,36,97
BER,2022,12,20,2,0.7,91.2,5.8,-0.6,3.79,0.2,10.2,0,958.7,195,1.4,4.9,0,0,0,0,0,0,0,299,88,36,97
BER,2022,12,20,3,1.4,87.9,5.9,-0.4,3.85,0.7,11,0,958.2,189,2,4.7,0,0,0,0,0,0,0,298,88,36,97
BER,2022,12,20,4,1.9,87.6,6.1,0.1,3.99,1.2,11.9,0,958,186,2.1,4.8,0,0,0,0,0,0,0,302,100,36,97
BER,2022,12,20,5,0.2,96.2,6,-0.3,3.92,0,10,0,958,216,0.9,1.5,0,0,0,0,0,0,0,297,88,36,97
BER,2022,12,20,6,-0.3,97.7,5.9,-0.6,3.86,-0.4,9.3,0,957.7,236,0.7,1.7,0,0,0,0,0,0,0,290,74,36,97
BER,2022,12,20,7,-0.4,97.5,5.8,-0.7,3.79,-0.5,9,0,957.5,211,0.6,1.8,0,0,0,0,0,0,0,300,94,36,97
BER,2022,12,20,8,-0.1,97,5.9,-0.5,3.86,-0.3,9.5,0,957.4,207,0.5,1.4,14,15,13,9,20,19,9,305,94,36,97
BER,2022,12,20,9,0.5,94.8,6,-0.2,3.92,0.2,10.3,0,957.5,225,1.1,1.8,14,0,14,9,9,9,9,306,100,36,97
BER,2022,12,20,10,1.7,92,6.3,0.5,4.12,1.2,12,0,956.6,231,0.8,1.9,94,68,76,51,83,118,51,310,88,36,97
BER,2022,12,20,11,3.9,83.6,6.8,1.4,4.46,2.8,15.1,0,955.9,233,1.4,3,167,253,84,63,116,318,64,310,66,36,97
BER,2022,12,20,12,5.7,75.3,6.9,1.7,4.53,3.9,17.1,0,955.2,229,1.1,2,292,606,89,82,117,685,107,299,45,36,97
BER,2022,12,20,13,6.6,71.1,7,1.7,4.59,4.4,18.2,0,954.6,207,0.7,1.7,236,400,114,84,84,480,226,303,69,36,97
BER,2022,12,20,14,6.4,73.7,7.1,2.1,4.66,4.4,18.1,0,954.5,214,0.8,1.7,219,537,92,67,68,554,368,290,40,36,97
BER,2022,12,20,15,6.2,74,7,1.9,4.6,4.3,17.8,0,954.1,180,1.1,2,91,308,50,35,35,271,254,305,54,36,97
BER,2022,12,20,16,5.4,77.4,6.9,1.8,4.53,3.8,16.8,0,953.7,191,1.1,3.3,3,0,3,2,2,2,2,313,54,36,97
BER,2022,12,20,17,5.3,76.1,6.8,1.4,4.47,3.6,16.5,0,953.4,199,2.2,4.8,0,0,0,0,0,0,0,315,66,36,97
BER,2022,12,20,18,4.2,82.5,6.8,1.5,4.47,3,15.4,0,953.4,225,1.3,2.9,0,0,0,0,0,0,0,318,88,36,97
BER,2022,12,20,19,3.8,85.8,6.9,1.6,4.53,2.8,15.2,0,953.6,219,1.3,2.8,0,0,0,0,0,0,0,322,100,36,97
BER,2022,12,20,20,3.2,89.1,6.8,1.6,4.47,2.5,14.4,0,953.5,230,1,4.3,0,0,0,0,0,0,0,324,100,36,97
BER,2022,12,20,21,3,89.9,6.8,1.5,4.47,2.4,14.2,0,953.7,225,0.7,2.5,0,0,0,0,0,0,0,323,90,36,97
BER,2022,12,20,22,2.8,91,6.8,1.5,4.47,2.2,14,0,953.3,217,0.8,2.7,0,0,0,0,0,0,0,326,100,36,97
BER,2022,12,20,23,3.8,85.6,6.9,1.6,4.53,2.8,15.2,0,953.6,203,1.5,3.8,0,0,0,0,0,0,0,327,100,36,97
BER,2022,12,21,0,3.3,88.3,6.9,1.6,4.53,2.6,14.7,0,953.3,191,0.8,3.4,0,0,0,0,0,0,0,315,88,36,97
BER,2022,12,21,1,3.3,89.4,6.9,1.7,4.54,2.6,14.7,0,953,180,1.1,2.7,0,0,0,0,0,0,0,329,100,33,97
BER,2022,12,21,2,3.3,89.7,7,1.8,4.6,2.6,14.8,0,952.9,214,1.1,3.2,0,0,0,0,0,0,0,330,100,33,97
BER,2022,12,21,3,3.9,87.2,7,2,4.6,3.1,15.4,0,952.9,198,1.1,3.1,0,0,0,0,0,0,0,327,100,33,97
BER,2022,12,21,4,4.3,88.4,7.3,2.6,4.8,3.5,16.4,0.2,953,191,2.3,5.7,0,0,0,0,0,0,0,331,100,33,97
BER,2022,12,21,5,4.7,90.7,7.7,3.3,5.07,4.1,17.4,0.8,953.2,198,2.6,4.2,0,0,0,0,0,0,0,332,100,33,97
BER,2022,12,21,6,4.8,92,7.9,3.6,5.2,4.2,17.9,0.9,953.1,178,2.5,4.5,0,0,0,0,0,0,0,329,100,33,97
BER,2022,12,21,7,5,93.4,8.1,4,5.33,4.5,18.4,0.3,953.1,159,1.5,3.3,0,0,0,0,0,0,0,333,100,33,97
BER,2022,12,21,8,5.1,92.7,8.1,4,5.33,4.6,18.5,0,953.3,203,1.6,3.1,18,66,12,9,59,55,9,325,94,33,97
BER,2022,12,21,9,4.4,96.2,8,3.8,5.26,4.1,17.6,0,953.5,218,1.2,2.5,46,117,32,21,107,109,21,330,94,33,97
BER,2022,12,21,10,5,95.2,8.3,4.3,5.46,4.7,18.7,0,953.6,222,1.5,3.2,14,0,14,9,9,9,9,333,100,33,97
BER,2022,12,21,11,5.7,95,8.7,5,5.73,5.4,20.1,0,953.3,231,0.7,2,52,4,51,33,34,37,33,320,88,33,97
BER,2022,12,21,12,6.4,93.7,9.1,5.5,6,6,21.5,0,952.8,219,0.7,1.8,25,0,25,17,16,17,17,331,94,33,97
BER,2022,12,21,13,6.9,95,9.5,6.2,6.27,6.5,22.7,0.1,952.6,207,0.8,2.5,15,0,15,10,9,10,10,340,100,33,97
BER,2022,12,21,14,7.1,94,9.5,6.2,6.27,6.6,22.9,0.1,952.2,183,2.2,4.3,17,0,17,11,11,11,11,339,100,33,97
BER,2022,12,21,15,7.5,91.6,9.5,6.2,6.27,6.8,23.3,0,952.1,195,2,4.1,41,9,39,26,25,33,33,312,61,33,97
BER,2022,12,21,16,7.4,89.6,9.2,5.8,6.07,6.6,22.7,0,952.4,185,1.4,3.7,0,0,0,0,0,0,0,330,88,33,97
BER,2022,12,21,17,6.6,92.7,9,5.5,5.93,6.1,21.5,0,952.7,188,0.8,2,0,0,0,0,0,0,0,330,88,33,97
BER,2022,12,21,18,6.1,94.1,8.9,5.2,5.87,5.7,20.9,0,952.6,191,1.7,3.3,0,0,0,0,0,0,0,338,94,33,97
BER,2022,12,21,19,5.2,95.6,8.4,4.6,5.54,4.9,19.1,0,952.2,195,1.3,4.2,0,0,0,0,0,0,0,313,60,33,97
BER,2022,12,21,20,4.8,96.2,8.3,4.2,5.47,4.5,18.5,0,951.9,202,1.9,5.5,0,0,0,0,0,0,0,305,58,33,97
BER,2022,12,21,21,4.7,96.9,8.3,4.3,5.47,4.5,18.4,0,951.6,217,1.2,3.2,0,0,0,0,0,0,0,313,88,33,97
BER,2022,12,21,22,4.2,97.5,8.1,3.8,5.34,4,17.6,0,951.4,216,1,2.9,0,0,0,0,0,0,0,331,94,33,97
BER,2022,12,21,23,5.2,95.4,8.4,4.5,5.54,4.9,19.1,0,951.2,207,2.3,4.7,0,0,0,0,0,0,0,337,100,33,97
BER,2022,12,22,0,5.4,95.4,8.6,4.7,5.68,5.1,19.7,0,950.9,204,2,4.2,0,0,0,0,0,0,0,333,94,33,97
BER,2022,12,22,1,5.9,93.2,8.7,4.9,5.74,5.4,20.3,0.2,950.8,165,1.7,4.1,0,0,0,0,0,0,0,333,94,31,97
BER,2022,12,22,2,6.7,91.1,9,5.4,5.94,6.1,21.7,0,950.9,165,2,4.2,0,0,0,0,0,0,0,320,78,31,97
BER,2022,12,22,3,7.1,87.3,8.8,5.1,5.81,6.1,21.7,0,950.4,167,2.8,6.6,0,0,0,0,0,0,0,304,53,31,97
BER,2022,12,22,4,8.8,75.6,8.6,4.7,5.68,6.8,23.1,0,950.1,191,2.2,6.8,0,0,0,0,0,0,0,297,44,31,97
BER,2022,12,22,5,9.7,69.6,8.4,4.4,5.55,7.1,23.7,0,950,211,3.1,12.2,0,0,0,0,0,0,0,297,43,31,97
BER,2022,12,22,6,9.6,70.4,8.5,4.5,5.61,7.1,23.8,0,950.4,232,3.6,10.3,0,0,0,0,0,0,0,317,71,31,97
BER,2022,12,22,7,9.4,74.9,8.8,5.2,5.81,7.3,24.1,0.3,951,241,4.7,12.6,0,0,0,0,0,0,0,338,100,31,97
BER,2022,12,22,8,9.2,77.7,9,5.5,5.94,7.3,24.2,0,951.5,223,5.9,13.5,10,0,10,7,7,7,7,308,68,31,97
BER,2022,12,22,9,9.5,75.3,8.9,5.4,5.87,7.4,24.3,0,951.6,214,4.6,10.8,122,347,58,38,265,328,38,309,59,31,97
BER,2022,12,22,10,11.2,65.9,8.7,5.1,5.74,8.1,25.7,0,951.9,227,7.2,16.5,212,458,88,63,275,490,63,303,50,31,97
BER,2022,12,22,11,11.1,66.5,8.8,5.1,5.81,8.1,25.8,0,951.6,234,8.2,17,149,118,113,72,112,193,72,335,94,31,97
BER,2022,12,22,12,10.5,72.9,9.3,5.9,6.14,8.1,26,0,951.8,236,6.3,12.9,134,75,109,69,82,149,70,338,94,31,97
BER,2022,12,22,13,10.4,73.6,9.3,5.9,6.14,8.1,25.9,0,951.7,230,5.8,13.6,70,6,68,44,43,50,46,339,94,31,97
BER,2022,12,22,14,10.6,71,9.1,5.6,6.01,8,25.8,0,951.5,237,4.2,11.8,48,2,47,31,30,32,32,343,100,31,97
BER,2022,12,22,15,10.9,66.9,8.7,5,5.74,7.9,25.4,0,951.2,238,5.5,11.7,10,0,10,6,6,6,6,343,100,31,97
BER,2022,12,22,16,10.7,67.3,8.7,4.9,5.74,7.8,25.2,0,951.3,237,5.7,10.3,0,0,0,0,0,0,0,342,100,31,97
BER,2022,12,22,17,9.6,76.9,9.2,5.8,6.08,7.7,24.9,0,950.7,228,3.9,9.7,0,0,0,0,0,0,0,342,100,31,97
BER,2022,12,22,18,9.2,77.3,9,5.4,5.95,7.3,24.2,0,949.8,218,1.6,4.9,0,0,0,0,0,0,0,341,100,31,97
BER,2022,12,22,19,9.1,78.5,9.1,5.6,6.02,7.3,24.3,0,949.7,221,1.2,3.9,0,0,0,0,0,0,0,337,94,31,97
BER,2022,12,22,20,8.5,85.4,9.5,6.2,6.29,7.3,24.4,0.1,949.4,212,2.9,6.7,0,0,0,0,0,0,0,330,81,31,97
BER,2022,12,22,21,8.2,88.6,9.6,6.4,6.36,7.3,24.2,0.3,948.6,208,3.5,7.8,0,0,0,0,0,0,0,336,90,31,97
BER,2022,12,22,22,8,89.9,9.7,6.4,6.43,7.2,24.2,0.4,948.6,200,2.2,4.8,0,0,0,0,0,0,0,339,94,31,97
BER,2022,12,22,23,8,91,9.8,6.6,6.49,7.3,24.4,0.2,948.5,198,2.3,5.3,0,0,0,0,0,0,0,343,100,31,97
BER,2022,12,23,0,8,92,9.9,6.8,6.56,7.4,24.5,0.1,948.6,185,2.4,4.8,0,0,0,0,0,0,0,340,88,31,97
BER,2022,12,23,1,8.6,88.6,9.9,6.8,6.56,7.7,25.1,0.1,948.4,183,1.9,4.2,0,0,0,0,0,0,0,341,94,29,97
BER,2022,12,23,2,9.1,88.7,10.2,7.3,6.76,8.2,26.2,0.1,948.4,176,1.4,4.1,0,0,0,0,0,0,0,346,100,29,97
BER,2022,12,23,3,9.9,86.4,10.5,7.7,6.96,8.7,27.5,0.1,948.6,231,0.8,3.1,0,0,0,0,0,0,0,343,94,29,97
BER,2022,12,23,4,10.6,85,10.9,8.2,7.23,9.3,28.9,0.3,948.5,232,1.8,4.7,0,0,0,0,0,0,0,341,88,29,97
BER,2022,12,23,5,11.3,83.6,11.2,8.6,7.43,9.8,30.1,0,948.3,220,1.7,4.5,0,0,0,0,0,0,0,345,94,29,97
BER,2022,12,23,6,11.6,82.7,11.3,8.8,7.5,10.1,30.6,0,948.4,231,2,5.6,0,0,0,0,0,0,0,350,100,29,97
BER,2022,12,23,7,11.4,84.7,11.4,8.9,7.57,10,30.5,0,948.7,222,2.6,5.8,0,0,0,0,0,0,0,351,94,29,97
BER,2022,12,23,8,11.4,85.4,11.5,9,7.63,10.1,30.7,0,949.3,207,2.9,6.7,16,85,9,6,70,65,6,348,94,29,97
BER,2022,12,23,9,11.1,91,12,9.7,7.96,10.3,31.2,0,949.1,205,2.3,5.5,8,0,8,5,5,5,5,352,100,29,97
BER,2022,12,23,10,10.5,93.4,11.9,9.5,7.9,9.9,30.5,0.4,949.1,186,2.1,4.3,14,0,14,9,9,9,9,353,100,29,97
BER,2022,12,23,11,11.6,88.6,12.1,9.8,8.04,10.6,31.9,0,948.7,207,3.1,12.8,37,0,37,24,23,24,24,354,100,29,97
BER,2022,12,23,12,12.5,82.2,11.9,9.6,7.9,10.9,32.5,0,948.5,227,5.2,11.5,17,0,17,11,11,11,11,354,100,29,97
BER,2022,12,23,13,12.1,85.9,12.1,9.8,8.04,10.8,32.4,1,948.4,221,5.5,13.1,18,0,18,12,11,12,12,354,100,29,97
BER,2022,12,23,14,12,85.7,12,9.7,7.97,10.7,32.2,1.6,948.6,224,5.3,11.2,11,0,11,7,7,7,7,354,100,29,97
BER,2022,12,23,15,11.9,85.4,11.9,9.5,7.9,10.6,31.9,0.7,948.5,227,4.9,10.7,6,0,6,4,4,4,4,354,100,29,97
BER,2022,12,23,16,11.8,85.3,11.8,9.4,7.83,10.5,31.6,2,948.9,226,5.1,9.9,0,0,0,0,0,0,0,354,100,29,97
BER,2022,12,23,17,11.6,87.9,12,9.7,7.97,10.5,31.8,2.1,948.7,214,4.9,10.8,0,0,0,0,0,0,0,354,100,29,97
BER,2022,12,23,18,11.5,89.1,12.1,9.8,8.03,10.5,31.8,1.4,949,225,3,7.2,0,0,0,0,0,0,0,353,100,29,97
BER,2022,12,23,19,11.3,91.2,12.2,9.9,8.09,10.5,31.8,3.4,950.3,253,3.4,7.7,0,0,0,0,0,0,0,353,100,29,97
BER,2022,12,23,20,11.4,87.2,11.7,9.3,7.75,10.2,31,0.5,950.3,216,3.8,7.3,0,0,0,0,0,0,0,352,100,29,97
BER,2022,12,23,21,10.8,91.6,11.9,9.5,7.89,10.1,30.7,3.5,950.3,238,2.1,7.5,0,0,0,0,0,0,0,351,100,29,97
BER,2022,12,23,22,10.6,93.7,12,9.6,7.95,10,30.7,2.4,950.5,230,1.8,6.6,0,0,0,0,0,0,0,351,100,29,97
BER,2022,12,23,23,10.7,92.6,11.9,9.6,7.88,10.1,30.6,4,951,252,3,8.3,0,0,0,0,0,0,0,350,100,29,97
BER,2022,12,24,0,10.6,94.3,12.1,9.7,8.01,10.1,30.8,2.2,951.2,218,2.6,8.6,0,0,0,0,0,0,0,349,100,29,97
BER,2022,12,24,1,10.8,93.9,12.2,9.9,8.08,10.3,31.2,3.1,951.6,228,2.7,10.1,0,0,0,0,0,0,0,349,100,29,97
BER,2022,12,24,2,10.8,91.3,11.9,9.4,7.87,10,30.7,0.5,952,221,3.3,9.1,0,0,0,0,0,0,0,347,100,29,97
BER,2022,12,24,3,10.5,91.6,11.6,9.2,7.67,9.8,29.9,0.5,952.4,218,2.5,5.6,0,0,0,0,0,0,0,346,100,29,97
BER,2022,12,24,4,10.1,91.7,11.3,8.8,7.47,9.4,29,0.8,952.6,214,1.9,4.2,0,0,0,0,0,0,0,345,100,29,97
BER,2022,12,24,5,9.1,89.6,10.4,7.5,6.86,8.3,26.4,0.7,952.8,210,1.7,4.6,0,0,0,0,0,0,0,344,100,29,97
BER,2022,12,24,6,8.6,92.3,10.3,7.4,6.8,8,25.7,0.8,953.1,172,1.6,3,0,0,0,0,0,0,0,343,100,29,97
BER,2022,12,24,7,8.3,93.1,10.2,7.3,6.73,7.8,25.3,1.1,953.5,169,1.5,2.8,0,0,0,0,0,0,0,343,100,29,97
BER,2022,12,24,8,8.1,94.2,10.1,7.2,6.66,7.6,24.9,0.9,953.7,153,1.3,3.5,3,0,3,2,2,2,2,343,100,29,97
BER,2022,12,24,9,8.1,95,10.3,7.3,6.79,7.7,25.2,0.8,954.3,157,1.5,3.1,8,0,8,5,5,5,5,343,100,29,97
BER,2022,12,24,10,8.3,94.7,10.3,7.5,6.79,7.9,25.4,0.5,954.2,153,1.9,3,12,0,12,7,7,7,7,344,100,29,97
BER,2022,12,24,11,8.4,94,10.4,7.5,6.85,7.9,25.7,0.5,954.2,126,1,2.3,24,0,24,15,15,15,15,344,100,29,97
BER,2022,12,24,12,8.4,95.3,10.5,7.7,6.92,8,25.9,1.3,953.9,151,1.1,2.5,25,0,25,16,15,16,16,344,100,29,97
BER,2022,12,24,13,8.5,95.4,10.6,7.8,6.99,8.1,26.1,1.3,953.9,153,1.2,2.3,17,0,17,11,10,11,11,344,100,29,97
BER,2022,12,24,14,8.5,95.6,10.6,7.8,6.99,8.1,26.1,0.8,953.6,151,1.2,2.4,13,0,13,8,8,8,8,344,100,29,97
BER,2022,12,24,15,8.5,95.4,10.6,7.8,6.99,8.1,26.1,0,953.6,90,0.5,1.5,11,0,11,7,7,7,7,340,94,29,97
BER,2022,12,24,16,8.4,96.8,10.7,7.9,7.06,8.1,26.2,0,953.8,27,0.9,1.5,4,1,4,3,3,3,4,335,81,29,97
BER,2022,12,24,17,8.3,97.6,10.7,7.9,7.06,8.1,26.1,0,954,21,1.4,2.3,0,0,0,0,0,0,0,339,94,29,97
BER,2022,12,24,18,8,98.6,10.6,7.8,6.99,7.9,25.6,0,954.3,34,1.8,3.1,0,0,0,0,0,0,0,338,65,29,97
BER,2022,12,24,19,7.9,99,10.6,7.8,6.99,7.8,25.5,0,954.3,30,1.4,2.6,0,0,0,0,0,0,0,324,53,29,97
BER,2022,12,24,20,8,98.5,10.5,7.8,6.92,7.9,25.4,0,954.3,20,1.1,2.3,0,0,0,0,0,0,0,327,39,29,97
BER,2022,12,24,21,8,97.5,10.5,7.6,6.92,7.8,25.4,0,954.4,21,0.9,1.9,0,0,0,0,0,0,0,306,30,29,97
BER,2022,12,24,22,7.9,98.9,10.5,7.7,6.92,7.8,25.3,0,954.5,21,1.5,2.8,0,0,0,0,0,0,0,297,20,29,97
BER,2022,12,24,23,7.8,98.8,10.4,7.6,6.85,7.7,25.1,0,954.6,18,0.9,1.8,0,0,0,0,0,0,0,300,0,29,97
BER,2022,12,25,0,7.6,98.9,10.3,7.4,6.78,7.5,24.7,0.1,954.6,207,0.3,0.7,0,0,0,0,0,0,0,302,0,29,97
BER,2022,12,25,1,7.5,97.6,10.1,7.1,6.65,7.3,24.3,0,954.1,180,0.5,1.4,0,0,0,0,0,0,0,294,68,29,97
BER,2022,12,25,2,7.4,97.4,10,7,6.59,7.2,24,0,954.1,14,0.4,0.9,0,0,0,0,0,0,0,291,49,29,97
BER,2022,12,25,3,7.3,97,9.9,6.9,6.52,7.1,23.7,0,954.1,153,0.9,2.3,0,0,0,0,0,0,0,309,6,29,97
BER,2022,12,25,4,7.3,96.1,9.9,6.7,6.53,7,23.7,0,953.5,172,1.7,3.3,0,0,0,0,0,0,0,305,0,29,97
BER,2022,12,25,5,7,96.4,9.6,6.5,6.33,6.7,22.9,0,953.4,172,0.7,2.3,0,0,0,0,0,0,0,302,0,29,97
BER,2022,12,25,6,6.3,97.6,9.3,5.9,6.13,6.1,21.7,0,953.1,174,1.1,2.1,0,0,0,0,0,0,0,304,34,29,97
BER,2022,12,25,7,6,97.5,9.1,5.6,6,5.8,21.1,0,953,166,1.3,2.6,0,0,0,0,0,0,0,310,68,29,97
BER,2022,12,25,8,6.4,97.4,9.4,6,6.19,6.2,22,0,953.4,180,0.9,1.8,16,47,12,8,44,41,8,318,46,29,97
BER,2022,12,25,9,6.8,97.1,9.6,6.4,6.32,6.6,22.7,0,953.7,160,1.3,2.4,24,7,23,15,19,20,15,310,54,29,97
BER,2022,12,25,10,7.3,95.2,9.7,6.6,6.39,6.9,23.4,0,953.9,184,1.3,2.3,19,0,19,12,12,12,12,334,100,29,97
BER,2022,12,25,11,7.7,95.1,10,7,6.59,7.3,24.3,0,953.5,185,1.2,2.1,33,0,33,21,21,21,21,328,94,29,97
BER,2022,12,25,12,8,93.8,10.1,7.1,6.66,7.5,24.8,0,953.2,184,1.5,2.9,26,0,26,16,16,16,16,340,100,29,97
BER,2022,12,25,13,8.2,93,10.1,7.1,6.66,7.6,25,0,953,176,1.5,2.7,19,0,19,12,12,12,12,342,100,29,97
BER,2022,12,25,14,8.5,91.3,10.2,7.2,6.73,7.8,25.5,0,953.2,171,2,3.7,55,6,53,34,33,39,38,340,100,29,97
BER,2022,12,25,15,8.5,90.8,10.1,7.1,6.66,7.8,25.3,0,953.1,166,2.1,3.8,47,12,46,29,29,39,38,339,100,29,97
BER,2022,12,25,16,7.8,92.3,9.8,6.6,6.46,7.2,24.1,0,952.9,169,1.7,3.4,12,78,7,4,4,57,65,321,84,29,97
BER,2022,12,25,17,7.2,93.9,9.5,6.3,6.26,6.7,23,0,953.3,145,2.1,4.5,0,0,0,0,0,0,0,312,75,29,97
BER,2022,12,25,18,7.1,95,9.6,6.4,6.32,6.7,23,0,953.8,150,2,4.4,0,0,0,0,0,0,0,288,48,29,97
BER,2022,12,25,19,6.7,96.7,9.5,6.2,6.26,6.4,22.4,0,953.8,160,1.6,3.1,0,0,0,0,0,0,0,290,29,29,97
BER,2022,12,25,20,6.2,98,9.3,5.9,6.12,6.1,21.6,0,954.1,145,2.1,4,0,0,0,0,0,0,0,281,44,29,97
BER,2022,12,25,21,6,97.5,9.2,5.6,6.05,5.8,21.2,0,954.6,163,2.6,4.6,0,0,0,0,0,0,0,283,45,29,97
BER,2022,12,25,22,5.9,97.7,9.1,5.6,5.98,5.8,20.9,0,955.1,162,2,3.8,0,0,0,0,0,0,0,288,49,29,97
BER,2022,12,25,23,5.6,98.9,9,5.4,5.91,5.5,20.5,0,955.7,193,1.5,2.8,0,0,0,0,0,0,0,303,33,29,97
BER,2022,12,26,0,5.3,98.3,8.7,5.1,5.71,5.2,19.7,0,955.9,162,2.4,4.4,0,0,0,0,0,0,0,304,33,29,97
BER,2022,12,26,1,5,97.3,8.5,4.6,5.58,4.8,19,0,956,162,1.9,3.5,0,0,0,0,0,0,0,302,6,30,97
BER,2022,12,26,2,4.4,98.4,8.3,4.2,5.45,4.3,18.1,0,956.1,161,2.5,4.2,0,0,0,0,0,0,0,301,0,30,97
BER,2022,12,26,3,4.1,97.9,8,3.8,5.25,4,17.3,0,956,173,2.7,5.3,0,0,0,0,0,0,0,304,23,30,97
BER,2022,12,26,4,4,98.2,8,3.7,5.25,3.9,17.2,0,956.2,157,2.4,6.5,0,0,0,0,0,0,0,318,84,30,97
BER,2022,12,26,5,3.8,97.2,7.8,3.4,5.12,3.6,16.6,0,956,178,3.2,5.8,0,0,0,0,0,0,0,326,100,30,97
BER,2022,12,26,6,3.6,96.7,7.7,3.1,5.05,3.4,16.3,0,956.3,176,1.7,4.3,0,0,0,0,0,0,0,326,100,30,97
BER,2022,12,26,7,3.7,95.7,7.6,3.1,4.98,3.4,16.2,0,956.2,196,2.3,5.5,0,0,0,0,0,0,0,327,100,30,97
BER,2022,12,26,8,3.6,96.3,7.6,3.1,4.98,3.4,16.1,0,956.3,218,1.8,4.8,10,6,10,6,11,10,6,330,100,30,97
BER,2022,12,26,9,4.4,94.5,7.9,3.6,5.18,4,17.4,0,956.5,205,1.9,4.9,74,153,54,34,145,151,35,329,94,30,97
BER,2022,12,26,10,5.7,89.9,8.3,4.2,5.44,5,19.4,0,957.2,197,1.9,4.1,25,0,25,16,16,16,16,336,100,30,97
BER,2022,12,26,11,6.4,93.1,8.9,5.4,5.84,5.9,21.1,0.5,957.4,165,1.3,2.7,16,0,16,10,10,10,10,339,100,30,97
BER,2022,12,26,12,8.3,91.7,10,7,6.57,7.6,24.9,0.7,957.2,166,1.3,2.3,16,0,16,10,10,10,10,342,100,30,97
BER,2022,12,26,13,9.3,90.3,10.6,7.8,6.97,8.5,26.9,1,956.9,201,1.5,3.3,17,0,17,11,11,11,11,343,100,30,97
BER,2022,12,26,14,9.6,88.4,10.6,7.8,6.97,8.6,27.2,0.4,956.9,208,2.8,6.3,11,0,11,7,7,7,7,343,100,30,97
BER,2022,12,26,15,9.6,90.2,10.8,8.1,7.09,8.8,27.5,4.4,957.7,244,3,7.5,6,0,6,4,4,4,4,342,100,30,97
BER,2022,12,26,16,9.3,92.5,10.8,8.1,7.09,8.7,27.2,0.6,957.7,202,2.9,5.5,1,0,1,0,0,0,0,341,100,30,97
BER,2022,12,26,17,9.1,87.4,10.1,7.1,6.62,8.1,25.8,0.8,958.6,204,3,5.5,0,0,0,0,0,0,0,341,100,30,97
BER,2022,12,26,18,8.8,83.5,9.4,6.2,6.16,7.5,24.3,0,959.2,207,3.6,6.9,0,0,0,0,0,0,0,340,100,30,97
BER,2022,12,26,19,8.6,82.4,9.2,5.8,6.02,7.2,23.8,0.1,959.6,211,3.6,8.4,0,0,0,0,0,0,0,339,100,30,97
BER,2022,12,26,20,8.7,80.6,9,5.6,5.89,7.1,23.5,0,960.1,221,2.8,5.7,0,0,0,0,0,0,0,338,100,30,97
BER,2022,12,26,21,8.7,80.2,9.1,5.5,5.95,7.1,23.7,0,960.8,210,4.3,8.8,0,0,0,0,0,0,0,327,88,30,97
BER,2022,12,26,22,8.4,84.5,9.3,5.9,6.07,7.1,23.7,0.3,961.5,229,3,7.7,0,0,0,0,0,0,0,315,74,30,97
BER,2022,12,26,23,7.7,89.3,9.4,6.1,6.14,6.9,23.2,0.3,961.8,219,2.1,4.7,0,0,0,0,0,0,0,288,34,30,97
BER,2022,12,27,0,7.7,86.6,9.1,5.6,5.94,6.7,22.7,0,962,204,1.8,4.3,0,0,0,0,0,0,0,297,55,30,97
BER,2022,12,27,1,7.3,84,8.6,4.8,5.61,6.1,21.4,0,962.2,196,1.9,4.3,0,0,0,0,0,0,0,306,71,30,97
BER,2022,12,27,2,6.2,85,8,3.9,5.21,5.1,19.3,0,962.6,221,1.2,3,0,0,0,0,0,0,0,302,71,30,97
BER,2022,12,27,3,5.8,89.4,8.3,4.2,5.41,5,19.4,0,962.7,37,0.9,1.8,0,0,0,0,0,0,0,310,94,30,97
BER,2022,12,27,4,5.5,92.6,8.3,4.4,5.41,5,19.1,0,963,135,0.4,1,0,0,0,0,0,0,0,308,88,30,97
BER,2022,12,27,5,5.6,92.3,8.4,4.5,5.47,5.1,19.4,0.1,963.2,252,0.7,2.3,0,0,0,0,0,0,0,323,100,30,97
BER,2022,12,27,6,5.8,91.3,8.4,4.5,5.47,5.2,19.6,0.2,963.5,163,1.1,2.8,0,0,0,0,0,0,0,321,100,30,97
BER,2022,12,27,7,5.9,89.8,8.3,4.4,5.41,5.2,19.5,0,963.4,160,1.2,2.4,0,0,0,0,0,0,0,321,100,30,97
BER,2022,12,27,8,5.1,95.1,8.4,4.4,5.47,4.8,18.8,0,963.7,198,0.4,1.8,16,52,12,8,48,44,8,306,84,30,97
BER,2022,12,27,9,6.5,88.1,8.5,4.7,5.53,5.6,20.4,0,963.9,225,0.3,1.4,93,278,56,37,234,247,37,298,58,30,97
BER,2022,12,27,10,7.7,79.5,8.3,4.4,5.4,6.1,21.3,0,964.2,231,0.8,2.2,150,363,65,46,245,366,46,312,69,30,97
BER,2022,12,27,11,8,74.9,8,3.8,5.21,6,21.1,0,963.5,219,1.4,3.6,163,100,130,83,110,188,83,328,100,30,97
BER,2022,12,27,12,8,72.5,7.8,3.4,5.08,5.8,20.8,0,963.1,247,1.6,3.1,256,371,132,89,106,467,132,324,94,30,97
BER,2022,12,27,13,8.2,69.6,7.6,3,4.95,5.7,20.7,0,962.9,279,1.4,3.2,197,247,117,77,76,327,143,319,88,30,97
BER,2022,12,27,14,8.1,68,7.3,2.6,4.75,5.5,20.1,0,963.1,299,1.1,2.3,34,0,34,22,21,22,22,327,100,30,97
BER,2022,12,27,15,7.5,84,8.7,5,5.67,6.3,21.8,0,963,51,0.7,1.7,29,3,28,18,18,20,20,323,100,30,97
BER,2022,12,27,16,6.5,91.5,8.9,5.2,5.8,5.9,21.1,0,962.6,27,0.7,1.7,4,14,4,2,2,11,13,317,88,30,97
BER,2022,12,27,17,5.3,96.3,8.6,4.8,5.61,5.1,19.4,0,962.4,15,1.2,2.2,0,0,0,0,0,0,0,310,88,30,97
BER,2022,12,27,18,4.6,96.7,8.2,4.1,5.35,4.4,18,0,962.4,17,1.4,2.4,0,0,0,0,0,0,0,285,41,30,97
BER,2022,12,27,19,3.9,97.2,7.9,3.5,5.15,3.7,16.8,0,962.5,14,0.5,1.7,0,0,0,0,0,0,0,278,23,30,97
BER,2022,12,27,20,3.9,91.1,7.3,2.6,4.76,3.3,15.8,0,962.1,165,1.2,2.5,0,0,0,0,0,0,0,273,29,30,97
BER,2022,12,27,21,3.3,91.9,7.1,2.1,4.63,2.8,14.9,0,961.8,187,0.9,2,0,0,0,0,0,0,0,267,13,30,97
BER,2022,12,27,22,2.6,94.5,7,1.8,4.56,2.3,14,0,961.7,180,0.3,0.8,0,0,0,0,0,0,0,261,6,30,97
BER,2022,12,27,23,2.7,93.7,7,1.8,4.56,2.3,14.1,0,962,172,0.8,2,0,0,0,0,0,0,0,271,35,30,97
BER,2022,12,28,0,2.4,93.8,6.8,1.5,4.43,2,13.5,0,961.6,190,1.2,2.6,0,0,0,0,0,0,0,293,90,30,97
BER,2022,12,28,1,1.7,96.6,6.7,1.2,4.37,1.5,12.6,0,960.9,191,0.7,2.3,0,0,0,0,0,0,0,296,100,27,97
BER,2022,12,28,2,1.9,96.6,6.8,1.4,4.43,1.7,13,0,961,243,0.3,1.1,0,0,0,0,0,0,0,292,94,27,97
BER,2022,12,28,3,2,94.9,6.7,1.3,4.37,1.7,12.9,0,960.1,180,1.1,4.1,0,0,0,0,0,0,0,275,63,27,97
BER,2022,12,28,4,1,97.8,6.4,0.7,4.18,0.9,11.4,0,959.7,221,1,3.3,0,0,0,0,0,0,0,277,68,27,97
BER,2022,12,28,5,0.4,98.6,6.2,0.2,4.05,0.3,10.5,0,959.4,225,0.3,1.2,0,0,0,0,0,0,0,268,45,27,97
BER,2022,12,28,6,-0.7,99.6,5.8,-0.8,3.78,-0.7,8.7,0,959.3,243,0.2,0.9,0,0,0,0,0,0,0,266,48,27,97
BER,2022,12,28,7,-0.5,98.4,5.8,-0.7,3.79,-0.6,8.9,0,958.9,180,0.2,0.9,0,0,0,0,0,0,0,291,84,27,97
BER,2022,12,28,8,-1.2,98.8,5.5,-1.4,3.59,-1.3,7.7,0,958.7,243,0.6,1.3,21,97,13,8,82,75,8,292,94,27,97
BER,2022,12,28,9,0.2,97.4,6,-0.2,3.92,0,10,0,958.7,236,0.5,1,93,179,69,43,171,179,43,295,94,27,97
BER,2022,12,28,10,2.2,93.5,6.7,1.3,4.38,1.8,13.2,0,958.3,234,0.9,1.7,192,351,97,62,231,391,62,299,84,27,97
BER,2022,12,28,11,4.1,83.2,6.9,1.5,4.51,3,15.4,0,957.5,200,1.2,2.3,242,321,141,86,197,413,86,300,75,27,97
BER,2022,12,28,12,4.9,77,6.7,1.2,4.39,3.3,15.9,0,956.8,225,0.5,1.7,318,657,97,67,110,734,115,299,64,27,97
BER,2022,12,28,13,5.8,73.5,6.8,1.4,4.46,3.8,17,0,955.9,225,0.4,1.7,242,333,139,84,83,422,208,303,78,27,97
BER,2022,12,28,14,7.2,67.7,6.9,1.6,4.53,4.7,18.6,0,954.9,157,0.9,2.6,151,151,111,68,67,212,148,308,81,27,97
BER,2022,12,28,15,8.4,64.4,7.1,2.1,4.66,5.5,20.2,0,954.2,153,1.2,2.8,98,295,56,35,35,263,242,299,66,27,97
BER,2022,12,28,16,7.5,67.2,6.9,1.8,4.53,4.9,18.9,0,953.8,159,2.3,4.4,19,118,12,7,7,86,100,293,56,27,97
BER,2022,12,28,17,5.9,68.3,6.4,0.5,4.2,3.5,16.5,0,953.7,168,3.1,5.6,0,0,0,0,0,0,0,274,26,27,97
BER,2022,12,28,18,5.1,69.8,6.1,0,4,2.9,15.2,0,953.5,160,3.1,6,0,0,0,0,0,0,0,278,29,27,97
BER,2022,12,28,19,4.7,71.6,6.1,0,4.01,2.7,14.8,0,953.2,159,2.7,6,0,0,0,0,0,0,0,274,19,27,97
BER,2022,12,28,20,4.3,70.7,5.9,-0.5,3.88,2.3,14,0,952.6,161,3.4,5.9,0,0,0,0,0,0,0,274,19,27,97
BER,2022,12,28,21,4.2,67,5.5,-1.4,3.61,1.9,13.3,0,952.4,155,3.2,6.3,0,0,0,0,0,0,0,290,54,27,97
BER,2022,12,28,22,3.6,69.8,5.5,-1.4,3.61,1.6,12.7,0,952.3,180,2.4,4.7,0,0,0,0,0,0,0,291,63,27,97
BER,2022,12,28,23,3.3,70.6,5.5,-1.5,3.61,1.4,12.4,0,952.1,189,2.6,4.8,0,0,0,0,0,0,0,292,55,27,97
BER,2022,12,29,0,2.6,74.9,5.5,-1.4,3.61,1,11.6,0,952.2,193,1.9,4.6,0,0,0,0,0,0,0,293,63,27,97
BER,2022,12,29,1,2.4,78,5.7,-1,3.75,1,11.8,0,951.7,169,1.1,2.8,0,0,0,0,0,0,0,303,100,28,97
BER,2022,12,29,2,3.1,75.7,5.8,-0.8,3.81,1.5,12.7,0,952.1,197,1.5,3.6,0,0,0,0,0,0,0,308,100,28,97
BER,2022,12,29,3,4.1,73.4,6,-0.2,3.95,2.3,14,0,951.8,171,1.9,3.4,0,0,0,0,0,0,0,310,100,28,97
BER,2022,12,29,4,5,68.2,5.9,-0.4,3.88,2.7,14.8,0,951.5,165,2,5.5,0,0,0,0,0,0,0,311,100,28,97
BER,2022,12,29,5,7.1,63,6.3,0.5,4.15,4.2,17.5,0,951.3,185,2.2,4.8,0,0,0,0,0,0,0,311,100,28,97
BER,2022,12,29,6,7.1,63,6.4,0.5,4.21,4.2,17.7,0,951.5,174,2,3.6,0,0,0,0,0,0,0,315,100,28,97
BER,2022,12,29,7,8.1,65.1,7,1.9,4.61,5.2,19.7,0,951.3,223,2.7,6.4,0,0,0,0,0,0,0,317,100,28,97
BER,2022,12,29,8,7.4,69.4,7.1,2.2,4.68,5,19.2,0,951.6,176,1.5,5.4,21,92,14,9,80,73,9,304,78,28,97
BER,2022,12,29,9,5.8,69.1,6.4,0.6,4.21,3.5,16.4,0,951.8,170,2.3,4,124,397,64,40,316,353,40,282,55,28,97
BER,2022,12,29,10,6.2,68.3,6.5,0.8,4.28,3.8,17,0,952.1,168,2,3.6,104,80,84,52,95,128,52,315,88,28,97
BER,2022,12,29,11,7.6,70.8,7.4,2.6,4.87,5.3,19.9,0.1,951.8,195,1.4,4.4,80,1,80,50,49,51,50,323,94,28,97
BER,2022,12,29,12,9.3,72.4,8.5,4.6,5.61,7,23.5,0,950.8,197,1.2,3.4,270,406,134,87,108,503,127,308,71,28,97
BER,2022,12,29,13,9.7,70.7,8.5,4.6,5.61,7.2,23.9,0,950.5,257,2.9,6.6,48,4,47,29,29,33,31,332,100,28,97
BER,2022,12,29,14,9.1,78.4,9.1,5.5,6.01,7.3,24.3,0,950.4,210,2.5,4.9,97,109,72,45,44,143,109,327,94,28,97
BER,2022,12,29,15,9.3,77.5,9.1,5.6,6.01,7.4,24.5,0,950.7,223,1.8,5.1,17,0,17,11,10,11,11,332,100,28,97
BER,2022,12,29,16,8.6,83.1,9.3,5.9,6.14,7.2,24.1,0.4,950.8,247,1.4,5.5,9,15,8,5,5,14,17,327,100,28,97
BER,2022,12,29,17,7.9,88.9,9.5,6.2,6.28,7,23.7,0.6,950.9,215,1.4,2.9,0,0,0,0,0,0,0,331,100,28,97
BER,2022,12,29,18,7.6,88.8,9.3,5.9,6.14,6.7,23.1,0.3,951.2,225,0.7,2.8,0,0,0,0,0,0,0,331,100,28,97
BER,2022,12,29,19,7.4,92.2,9.5,6.2,6.27,6.8,23.2,1,951.4,188,1.6,3.4,0,0,0,0,0,0,0,331,100,28,97
BER,2022,12,29,20,7.3,93.2,9.5,6.3,6.27,6.8,23.1,2.7,951.7,194,2.5,5.6,0,0,0,0,0,0,0,330,100,28,97
BER,2022,12,29,21,7.2,94.3,9.6,6.3,6.34,6.7,23.2,2.7,951.8,197,1.7,3.7,0,0,0,0,0,0,0,323,81,28,97
BER,2022,12,29,22,7.1,94.4,9.5,6.3,6.27,6.7,22.9,2.3,951.9,189,1.2,2.4,0,0,0,0,0,0,0,328,100,28,97
BER,2022,12,29,23,6.9,93.4,9.2,5.9,6.07,6.4,22.2,2.3,952.5,198,1.3,2.2,0,0,0,0,0,0,0,328,100,28,97
BER,2022,12,30,0,6.5,94,9.1,5.6,6,6.1,21.6,2,952.8,169,1.1,2.3,0,0,0,0,0,0,0,327,100,28,97
BER,2022,12,30,1,6.4,93.9,9,5.5,5.93,6,21.3,1.4,953.2,167,0.9,1.9,0,0,0,0,0,0,0,326,100,29,97
BER,2022,12,30,2,6.3,92.5,8.8,5.2,5.79,5.8,20.9,1,953.8,180,1.3,2.9,0,0,0,0,0,0,0,325,100,29,97
BER,2022,12,30,3,5.9,90.6,8.4,4.5,5.53,5.2,19.8,0.1,953.6,176,1.4,3.1,0,0,0,0,0,0,0,323,100,29,97
BER,2022,12,30,4,5.5,90.8,8.2,4.1,5.4,4.8,19.1,0.2,953,164,1.9,3.5,0,0,0,0,0,0,0,308,65,29,97
BER,2022,12,30,5,4.9,91.5,7.9,3.6,5.2,4.3,18,0,952.6,159,2,4.1,0,0,0,0,0,0,0,298,49,29,97
BER,2022,12,30,6,4.3,91.4,7.6,3,5,3.7,16.9,0,952.4,168,1.4,2.6,0,0,0,0,0,0,0,288,26,29,97
BER,2022,12,30,7,3,95.3,7.2,2.3,4.74,2.7,14.9,0,952.4,153,0.7,1.6,0,0,0,0,0,0,0,289,23,29,97
BER,2022,12,30,8,3,94.9,7.2,2.3,4.74,2.7,14.9,0,952.4,180,1.3,2.4,19,91,11,8,78,70,8,291,29,29,97
BER,2022,12,30,9,4.2,92.4,7.6,3.1,5,3.7,16.8,0,952.1,186,1,2.6,112,329,61,39,267,298,39,305,53,29,97
BER,2022,12,30,10,5.1,91.4,8,3.8,5.27,4.5,18.3,0,952.1,229,1.2,2,137,92,114,71,120,158,72,323,94,29,97
BER,2022,12,30,11,5.7,89.5,8.2,4.1,5.41,4.9,19.3,0,951.6,204,1.1,2.1,152,45,138,87,102,132,87,328,100,29,97
BER,2022,12,30,12,6.3,87.3,8.4,4.3,5.54,5.3,20.2,0,951.6,194,1.3,2.2,53,0,53,34,33,34,34,330,100,29,97
BER,2022,12,30,13,6.5,87.6,8.5,4.6,5.61,5.6,20.6,0.3,951.1,187,1.7,4.2,38,0,38,24,23,24,24,332,100,29,97
BER,2022,12,30,14,6.4,90.2,8.7,4.9,5.74,5.7,20.8,0.4,951.1,183,1.9,3.7,20,0,20,12,12,12,12,334,100,29,97
BER,2022,12,30,15,6.5,91.2,8.8,5.2,5.81,5.9,21.1,0.3,951.3,176,1.3,2.9,7,0,7,4,4,4,4,335,100,29,97
BER,2022,12,30,16,6.6,92.5,9,5.5,5.94,6.1,21.5,0.1,951.7,156,1.8,4.1,1,0,1,1,1,1,1,337,100,29,97
BER,2022,12,30,17,6.9,90.5,9,5.5,5.93,6.2,21.8,0.1,952.4,159,2.3,4.1,0,0,0,0,0,0,0,339,100,29,97
BER,2022,12,30,18,6.4,93.5,9,5.4,5.93,5.9,21.3,0.1,953,189,1.6,3.8,0,0,0,0,0,0,0,341,100,29,97
BER,2022,12,30,19,6.4,94.9,9.1,5.6,5.99,6,21.5,0.1,953.3,180,1,2.3,0,0,0,0,0,0,0,342,100,29,97
BER,2022,12,30,20,6.9,93.5,9.3,5.9,6.12,6.4,22.3,0.7,953.9,175,1.4,3.8,0,0,0,0,0,0,0,340,100,29,97
BER,2022,12,30,21,7.6,93.4,9.8,6.6,6.45,7.1,23.9,0.1,954.6,159,1.5,2.8,0,0,0,0,0,0,0,345,94,29,97
BER,2022,12,30,22,7.8,93.7,9.9,6.8,6.51,7.3,24.2,0,955.1,176,1.7,3.3,0,0,0,0,0,0,0,347,100,29,97
BER,2022,12,30,23,7.3,96.1,9.8,6.7,6.44,7,23.5,0.1,956.2,202,0.7,1.9,0,0,0,0,0,0,0,349,100,29,97
BER,2022,12,31,0,8.3,93.2,10.2,7.3,6.71,7.8,25.2,0,956,153,1.2,2.6,0,0,0,0,0,0,0,350,100,29,97
BER,2022,12,31,1,7.3,96.2,9.8,6.7,6.44,7,23.5,0,955.7,135,0.8,2.2,0,0,0,0,0,0,0,338,100,32,97
BER,2022,12,31,2,6.9,96.3,9.6,6.4,6.31,6.6,22.8,0,956,162,0.9,3.9,0,0,0,0,0,0,0,336,100,32,97
BER,2022,12,31,3,5.7,98.3,9,5.5,5.91,5.6,20.6,0,956.1,214,0.6,1.6,0,0,0,0,0,0,0,335,100,32,97
BER,2022,12,31,4,5.5,98.6,8.9,5.3,5.84,5.4,20.2,0,956.3,191,0.6,2.5,0,0,0,0,0,0,0,334,100,32,97
BER,2022,12,31,5,5.8,97.3,9,5.4,5.91,5.6,20.7,0,956.3,203,0.9,2.3,0,0,0,0,0,0,0,333,100,32,97
BER,2022,12,31,6,6,97,9.1,5.6,5.97,5.8,21,0,956.5,174,1.1,2.6,0,0,0,0,0,0,0,332,100,32,97
BER,2022,12,31,7,5.5,98.4,8.9,5.3,5.84,5.4,20.2,0,957,207,0.5,1.4,0,0,0,0,0,0,0,332,100,32,97
BER,2022,12,31,8,5.1,97.9,8.6,4.8,5.64,5,19.3,0,957.1,172,0.8,2.4,16,49,12,8,46,42,8,334,100,32,97
BER,2022,12,31,9,6.4,96.1,9.2,5.8,6.04,6.1,21.6,0,957.2,198,1,2.3,78,150,53,34,137,156,34,304,75,32,97
BER,2022,12,31,10,8.1,92.9,10,7,6.57,7.5,24.7,0,957.3,207,0.6,1.7,80,14,76,50,57,63,50,274,20,32,97
BER,2022,12,31,11,9.5,89.5,10.6,7.9,6.97,8.6,27.1,0,956.7,270,0.3,1.3,90,4,88,57,57,61,58,265,23,32,97
BER,2022,12,31,12,10.4,86.4,10.9,8.2,7.18,9.2,28.5,0,955.7,214,0.4,2.5,236,322,127,87,88,416,132,287,40,32,97
BER,2022,12,31,13,11,88.9,11.7,9.2,7.71,10,30.5,0,955.4,270,0.2,0.9,330,827,68,66,67,867,307,273,19,32,97
BER,2022,12,31,14,11.1,92.3,12.2,9.9,8.05,10.4,31.4,0,955.4,360,0.8,1.9,245,700,66,55,56,685,409,260,13,32,97
BER,2022,12,31,15,10.7,94.5,12.2,9.9,8.04,10.3,31,0,955.9,14,0.4,1.1,132,494,52,37,37,427,374,314,69,32,97
BER,2022,12,31,16,9.5,96,11.4,8.9,7.53,9.2,28.5,0,956.2,45,0.4,1.4,21,104,13,8,8,79,90,331,94,32,97
BER,2022,12,31,17,8.7,96.1,10.9,8.1,7.14,8.4,26.7,0,956.5,270,0.4,1.3,0,0,0,0,0,0,0,335,100,32,97
BER,2022,12,31,18,8.3,95.2,10.5,7.6,6.87,7.9,25.6,0,956.6,187,1.8,3.8,0,0,0,0,0,0,0,333,100,32,97
BER,2022,12,31,19,7.6,95.3,10,6.9,6.55,7.2,24.2,0,956.8,192,1.6,4.6,0,0,0,0,0,0,0,331,100,32,97
BER,2022,12,31,20,6.7,95.7,9.5,6.1,6.23,6.4,22.4,0,956.9,197,1.1,2.3,0,0,0,0,0,0,0,330,100,32,97
BER,2022,12,31,21,5.6,95.7,8.8,5,5.79,5.3,20.2,0,956.9,204,1.3,3,0,0,0,0,0,0,0,328,100,32,97
BER,2022,12,31,22,4.6,95.8,8.3,4,5.43,4.3,18.2,0,956.9,191,0.6,1.7,0,0,0,0,0,0,0,326,100,32,97
BER,2022,12,31,23,3.3,95.9,7.6,2.7,4.99,3,15.8,0,956.8,194,0.4,2.3,0,0,0,0,0,0,0,324,100,32,97
