time.yy,time.mm,time.dd,time.hh,tre200h0,prestahs,ure200h0,rre150h0,fkl010h0,fkl010h1,dkl010h0,tso100hs,nto000sw,gls,str.diffus,str.direkt,str.vert.E,str.vert.S,str.vert.W,str.vert.N,bodenalbedo,ir.horizontal,ir.vertikal.S,bodenemissivitaet,dewpt,enthalpy,mixratio,wetbulb
1985,1,1,0,1,973.7,80.5,0,1.6,2.5,237,NA,NA,2,0,0,0,0,0,0,14,275,290,94,-1.9,10.5,3.79,0
1985,1,1,1,-0.7,974.1,78.3,0,1.4,2.5,231,NA,NA,2,0,0,0,0,0,0,14,268,283,94,-4,7.3,3.2,-1.8
1985,1,1,2,-1.7,974,76.9,0,0.5,1.2,258,NA,NA,2,0,0,0,0,0,0,14,266,280,94,-5.3,5.3,2.84,-2.9
1985,1,1,3,-2.8,973.8,75.3,0,0.9,2.5,244,NA,NA,2,0,0,0,0,0,0,14,263,277,94,-6.5,3.4,2.47,-4
1985,1,1,4,-3.2,973.3,74.6,0,0.7,1.5,273,NA,NA,2,0,0,0,0,0,0,14,266,278,94,-7.1,2.5,2.31,-4.4
1985,1,1,5,-3,972.6,74.4,0,1.3,2.8,244,NA,NA,1,0,0,0,0,0,0,65,266,279,98,-7,2.7,2.33,-4.3
1985,1,1,6,-2.9,971.7,73.9,0,1.8,2.9,220,NA,8,3,0,0,0,0,0,0,65,258,276,98,-6.9,2.9,2.34,-4.2
1985,1,1,7,-2.7,971.3,72.7,0,1.2,2.8,229,NA,NA,3,0,0,0,0,0,0,65,261,279,98,-6.9,3.1,2.34,-4
1985,1,1,8,-2.4,971.1,72.4,0,1.3,3.1,257,NA,NA,15,15,0,9,9,11,11,65,280,288,98,-6.7,3.5,2.38,-3.8
1985,1,1,9,-2.2,970.6,71.3,0,0.6,2.9,283,NA,NA,59,59,0,46,47,44,44,65,283,292,98,-6.7,3.7,2.38,-3.6
1985,1,1,10,-1.6,970,70.7,0,1.5,2.7,223,NA,NA,124,121,9,105,134,86,86,65,284,294,98,-6.2,4.5,2.47,-3.1
1985,1,1,11,-1.1,968.8,70.4,0,1.7,4.2,255,NA,NA,220,153,194,120,380,81,73,14,288,295,94,-5.8,5.3,2.56,-2.7
1985,1,1,12,-0.1,968,68.6,0,1.6,3,250,NA,7,146,139,22,64,129,72,61,14,292,296,94,-5.2,6.6,2.68,-1.9
1985,1,1,13,0.8,967.2,66.8,0,2.1,4,238,NA,NA,155,136,63,60,187,110,59,14,295,299,94,-4.7,7.8,2.79,-1.1
1985,1,1,14,1,966.9,69.2,0,2.8,4.7,247,NA,NA,86,85,3,38,57,51,38,14,295,297,94,-4,8.3,2.94,-0.8
1985,1,1,15,0.5,966.4,72.6,0,2.8,4.4,241,NA,NA,28,28,0,13,13,13,13,14,293,294,94,-3.8,7.9,2.97,-1
1985,1,1,16,0.7,965.6,72.1,0,3,5.7,217,NA,NA,4,0,0,0,0,0,0,14,294,294,94,-3.7,8.2,3,-0.9
1985,1,1,17,0.3,965.2,70.7,0,3.3,7,213,NA,NA,0,0,0,0,0,0,0,14,255,274,94,-4.4,7.4,2.86,-1.4
1985,1,1,18,0.2,964.4,71,0,4.3,7.1,220,NA,6,1,0,0,0,0,0,0,14,255,275,94,-4.4,7.3,2.85,-1.4
1985,1,1,19,-0.2,963.5,76.4,0,4.3,7,228,NA,NA,0,0,0,0,0,0,0,14,254,274,94,-3.8,7.2,2.98,-1.5
1985,1,1,20,-0.6,962.8,85.8,0,3.8,6.8,230,NA,NA,0,0,0,0,0,0,0,14,297,297,94,-2.7,7.5,3.26,-1.4
1985,1,1,21,-0.9,962,89,0.2,2.6,5,224,NA,NA,0,0,0,0,0,0,0,14,296,296,94,-2.5,7.3,3.31,-1.5
1985,1,1,22,-0.8,961.1,86.1,0,2.4,5.5,231,NA,NA,1,0,0,0,0,0,0,14,299,299,94,-2.8,7.2,3.23,-1.5
1985,1,1,23,-0.8,960.8,83.3,0.1,2.2,6.4,245,NA,NA,0,0,0,0,0,0,0,14,296,296,94,-3.3,7,3.12,-1.7
1985,1,2,0,-1.1,960.1,91.6,0,2.9,5.1,237,NA,NA,0,0,0,0,0,0,0,14,296,296,94,-2.3,7.3,3.36,-1.5
1985,1,2,1,-0.8,959.6,92.1,0,2.1,4.3,223,NA,NA,2,0,0,0,0,0,0,14,301,301,94,-1.9,7.8,3.46,-1.2
1985,1,2,2,-0.9,959,86.7,0,1.5,2.9,234,NA,NA,1,0,0,0,0,0,0,14,295,295,94,-2.8,7.1,3.23,-1.6
1985,1,2,3,-0.4,958.2,87,0.1,2.3,5,226,NA,NA,1,0,0,0,0,0,0,14,299,299,94,-2.3,8,3.37,-1.1
1985,1,2,4,-0.5,957.6,91.7,0.2,2.3,3.7,234,NA,NA,0,0,0,0,0,0,0,14,298,298,94,-1.7,8.3,3.53,-1
1985,1,2,5,-0.7,957.8,92.5,0.1,2.4,4.7,225,NA,NA,0,0,0,0,0,0,0,30,298,300,98,-1.8,8,3.51,-1.1
1985,1,2,6,-0.5,958.5,91.5,0.1,1.9,5.2,239,NA,8,0,0,0,0,0,0,0,30,299,300,98,-1.7,8.3,3.52,-1
1985,1,2,7,-0.2,958.8,88.9,0,1.9,3.7,199,NA,NA,0,0,0,0,0,0,0,30,300,301,98,-1.8,8.5,3.49,-0.8
1985,1,2,8,0,958.5,79.2,0,2.3,4.2,225,NA,NA,28,28,0,16,16,15,15,30,264,284,98,-3.2,7.9,3.15,-1.2
1985,1,2,9,0.2,958.3,76.7,0,2.3,5.1,209,NA,NA,60,60,0,36,37,33,33,30,267,287,98,-3.4,7.9,3.1,-1.1
1985,1,2,10,-0.3,957.9,84.8,0,3.6,6.1,226,NA,NA,68,68,0,39,39,38,38,30,264,286,98,-2.5,7.9,3.31,-1.1
1985,1,2,11,-0.6,957.5,93,0.7,2.9,4.6,226,NA,NA,67,67,0,45,44,45,45,50,299,302,98,-1.6,8.2,3.55,-1
1985,1,2,12,-0.2,957.4,92.1,0.1,2.9,4.9,217,NA,8,130,129,4,84,113,87,82,50,301,304,98,-1.3,8.8,3.62,-0.6
1985,1,2,13,0.5,957.9,72.2,0,2.1,7.2,237,NA,NA,210,123,284,107,469,252,107,50,305,307,98,-3.9,7.9,2.98,-1.1
1985,1,2,14,0.2,958.2,56.7,0,3.8,7.8,321,NA,NA,107,93,63,64,168,137,64,50,290,299,98,-7.4,5.9,2.29,-2.3
1985,1,2,15,0.2,958.6,56.7,0,2.8,7.1,326,NA,NA,25,25,0,17,16,16,17,50,290,296,98,-7.4,5.9,2.29,-2.3
1985,1,2,16,-0.6,958.8,58.3,0,1.9,4.1,310,NA,NA,0,0,0,0,0,0,0,50,285,293,98,-7.8,4.9,2.22,-2.9
1985,1,2,17,-1,959.7,59.8,0,2.5,7.9,310,NA,NA,0,0,0,0,0,0,0,50,294,296,98,-7.8,4.5,2.21,-3.1
1985,1,2,18,-1.6,960,59.5,0,2.5,7,313,NA,8,0,0,0,0,0,0,0,50,291,294,98,-8.4,3.6,2.1,-3.7
1985,1,2,19,-1.7,960.3,61.3,0,2.7,5.2,318,NA,NA,0,0,0,0,0,0,0,50,291,294,98,-8.2,3.6,2.15,-3.7
1985,1,2,20,-2.2,960.4,71.3,0,0.9,3,24,NA,NA,1,0,0,0,0,0,0,50,280,286,98,-6.7,3.8,2.41,-3.6
1985,1,2,21,-2.1,960.6,76,0,0.5,2,155,NA,NA,0,0,0,0,0,0,0,50,281,286,98,-5.8,4.3,2.59,-3.3
1985,1,2,22,-2.5,961,77.2,0,0.6,1.9,262,NA,NA,0,0,0,0,0,0,0,50,279,286,98,-5.9,3.8,2.55,-3.6
1985,1,2,23,-2.8,961.1,83.7,0.1,2,3.3,220,NA,NA,0,0,0,0,0,0,0,50,252,273,98,-5.2,3.9,2.7,-3.6
1985,1,3,0,-2.9,960.9,88.3,0,1.9,5.1,204,NA,NA,0,0,0,0,0,0,0,50,253,273,98,-4.6,4.1,2.83,-3.5
1985,1,3,1,-3.1,961.2,88.1,0.2,0.5,1.8,162,NA,NA,0,0,0,0,0,0,0,50,250,272,98,-4.8,3.8,2.78,-3.7
1985,1,3,2,-3.4,961.2,90.6,0,0.6,1.9,264,NA,NA,0,0,0,0,0,0,0,50,259,274,98,-4.7,3.5,2.8,-3.8
1985,1,3,3,-3.6,961,91.5,0,1.1,2.2,255,NA,NA,2,0,0,0,0,0,0,50,258,273,98,-4.8,3.3,2.79,-4
1985,1,3,4,-3.8,961.2,92.3,0.1,1,2.2,243,NA,NA,0,0,0,0,0,0,0,50,258,273,98,-4.9,3,2.77,-4.2
1985,1,3,5,-3.8,961.6,92,0,1.4,2.7,232,NA,NA,1,0,0,0,0,0,0,50,255,268,98,-4.9,3,2.76,-4.2
1985,1,3,6,-4.8,962,91.2,0,1.1,2.9,253,NA,8,0,0,0,0,0,0,0,50,251,257,98,-6,1.5,2.53,-5.2
1985,1,3,7,-5.5,962.5,85.8,0,0.7,3,262,NA,NA,5,0,0,0,0,0,0,50,248,254,98,-7.5,0.1,2.26,-6.1
1985,1,3,8,-5.6,962.9,73.3,0,0.4,1.9,35,NA,NA,48,44,41,84,80,30,30,50,239,255,98,-9.6,-0.9,1.91,-6.7
1985,1,3,9,-4,963.2,74,0,1.9,4.4,79,NA,NA,136,102,149,214,271,76,76,50,245,270,98,-7.9,1.4,2.18,-5.2
1985,1,3,10,-3.2,963,68.9,0,1,3.2,65,NA,NA,257,129,414,313,601,122,120,50,246,274,98,-8.1,2.1,2.15,-4.7
1985,1,3,11,-3.8,962.8,69.7,0,1.1,2.4,316,NA,NA,170,149,61,120,231,103,98,50,236,260,98,-8.5,1.3,2.08,-5.2
1985,1,3,12,-3.2,962.8,58.7,0,1,2.2,10,NA,3,188,153,97,112,302,137,105,50,235,264,98,-10.1,1.3,1.83,-5.1
1985,1,3,13,-2.9,962.8,56.9,0,1.1,3.1,9,NA,NA,291,109,589,126,752,376,126,50,238,270,98,-10.2,1.6,1.82,-5
1985,1,3,14,-2.7,963,55.9,0,1.1,3.5,356,NA,NA,182,57,549,82,575,430,82,50,248,273,98,-10.3,1.8,1.81,-4.8
1985,1,3,15,-3.3,963.3,55.7,0,1.6,3.3,344,NA,NA,75,33,376,40,325,350,40,50,241,261,98,-10.9,1,1.73,-5.4
1985,1,3,16,-4.4,963.4,58.9,0,0.9,3.6,310,NA,NA,5,0,0,0,0,0,0,50,237,251,98,-11.2,-0.3,1.68,-6.2
1985,1,3,17,-5.4,963.6,67.8,0,0.7,2.2,221,NA,NA,0,0,0,0,0,0,0,50,207,238,98,-10.4,-1,1.79,-6.7
1985,1,3,18,-7.5,963.8,74.2,0,1.2,2,220,NA,4,0,0,0,0,0,0,0,50,200,228,98,-11.3,-3.4,1.67,-8.4
1985,1,3,19,-8.9,963.7,82.7,0,1.3,2.5,222,NA,NA,0,0,0,0,0,0,0,50,203,229,98,-11.3,-4.8,1.67,-9.5
1985,1,3,20,-8.4,963.9,84.4,0,2.1,3.2,221,NA,NA,0,0,0,0,0,0,0,50,228,244,98,-10.6,-4.1,1.77,-8.9
1985,1,3,21,-7.9,963.8,83,0,2.1,3.5,225,NA,NA,0,0,0,0,0,0,0,50,233,249,98,-10.3,-3.5,1.81,-8.5
1985,1,3,22,-7.2,964.1,82.1,0,1.8,4,219,NA,NA,0,0,0,0,0,0,0,50,231,250,98,-9.7,-2.6,1.89,-7.9
1985,1,3,23,-7.2,963.8,82.6,0,1,3.3,255,NA,NA,1,0,0,0,0,0,0,50,269,272,98,-9.7,-2.5,1.9,-7.9
1985,1,4,0,-6.5,963.5,82.1,0,0.6,1.3,217,NA,NA,3,0,0,0,0,0,0,50,272,273,98,-9,-1.6,2,-7.2
1985,1,4,1,-6.9,963.4,81.3,0,2.4,3.3,238,NA,NA,2,0,0,0,0,0,0,50,269,269,98,-9.6,-2.2,1.92,-7.6
1985,1,4,2,-7.8,962.8,83,0,1,2.1,246,NA,NA,1,0,0,0,0,0,0,50,255,259,98,-10.2,-3.3,1.83,-8.4
1985,1,4,3,-8.4,961.9,85.6,0,0.5,1.5,219,NA,NA,0,0,0,0,0,0,0,50,251,251,98,-10.4,-4,1.8,-8.9
1985,1,4,4,-8.3,961.5,87.9,0,0.1,1.6,300,NA,NA,0,0,0,0,0,0,0,50,256,262,98,-9.9,-3.7,1.86,-8.7
1985,1,4,5,-7.3,961.2,87.9,0,0.2,1.5,276,NA,NA,0,0,0,0,0,0,0,50,270,271,98,-9,-2.4,2.02,-7.8
1985,1,4,6,-7,960.9,85.6,0,0.9,2.4,275,NA,8,0,0,0,0,0,0,0,50,272,272,98,-9,-2.1,2.01,-7.5
1985,1,4,7,-6.2,961,83.8,0,1.6,4.5,256,NA,NA,3,0,0,0,0,0,0,50,273,276,98,-8.5,-1.1,2.09,-6.8
1985,1,4,8,-5.8,960.9,87.1,0.4,2.3,5,238,NA,NA,33,33,0,23,23,21,21,50,275,278,98,-7.6,-0.3,2.24,-6.3
1985,1,4,9,-5.3,960.1,87.7,0,4.2,6.1,231,NA,NA,109,96,56,138,167,65,65,50,279,282,98,-7,0.5,2.35,-5.8
1985,1,4,10,-4.2,959.3,79.3,0,3.2,5.7,222,NA,NA,135,133,7,101,126,83,84,50,284,286,98,-7.2,1.5,2.31,-5.1
1985,1,4,11,-3.4,958.2,75.9,0,3.8,6.1,228,NA,NA,167,163,11,116,185,104,100,50,248,272,98,-7,2.4,2.35,-4.5
1985,1,4,12,-3.6,957.2,81.6,0,4.5,6.8,229,NA,8,132,132,2,86,113,88,84,50,249,272,98,-6.3,2.6,2.49,-4.4
1985,1,4,13,-3.4,957.5,86.6,0,3.9,5.9,225,NA,NA,115,114,3,73,97,82,73,50,248,272,98,-5.3,3.2,2.69,-4
1985,1,4,14,-3.7,957.4,88.2,0.1,3,6,227,NA,NA,123,101,93,70,207,166,70,50,267,279,98,-5.4,2.9,2.67,-4.2
1985,1,4,15,-3.3,957.3,75.6,0,2.4,6.1,220,NA,NA,46,43,27,30,69,72,30,50,268,278,98,-7,2.5,2.36,-4.4
1985,1,4,16,-2.7,957.5,63.8,0,0.9,4.2,111,NA,NA,3,0,0,0,0,0,0,50,266,276,98,-8.6,2.5,2.08,-4.5
1985,1,4,17,-3.7,957.6,50.5,0,1.2,6,46,NA,NA,0,0,0,0,0,0,0,80,201,240,98,-12.5,0.1,1.53,-6
1985,1,4,18,-4.6,957.3,44.6,0,2.2,6.9,9,NA,1,0,0,0,0,0,0,0,80,201,241,98,-14.8,-1.5,1.26,-7
1985,1,4,19,-5.2,957,44.3,0,3.8,7.6,324,NA,NA,0,0,0,0,0,0,0,80,200,240,98,-15.5,-2.3,1.2,-7.6
1985,1,4,20,-5.6,956.6,46.6,0,1.4,5.6,72,NA,NA,0,0,0,0,0,0,0,80,273,273,98,-15.2,-2.6,1.22,-7.8
1985,1,4,21,-5.7,956.8,53.8,0,2.3,5.4,28,NA,NA,0,0,0,0,0,0,0,80,272,274,98,-13.6,-2.3,1.4,-7.6
1985,1,4,22,-6.1,957,56.3,0,2,4.4,8,NA,NA,0,0,0,0,0,0,0,80,273,276,98,-13.4,-2.6,1.42,-7.8
1985,1,4,23,-6.2,956.6,64.9,0,3.1,7.3,80,NA,NA,2,0,0,0,0,0,0,80,213,247,98,-11.7,-2.2,1.63,-7.6
1985,1,5,0,-6.8,956.5,62.1,0,4,9.3,64,NA,NA,0,0,0,0,0,0,0,80,209,243,98,-12.8,-3.2,1.49,-8.2
1985,1,5,1,-8.5,957.1,58,0,6.8,10.9,41,NA,NA,2,0,0,0,0,0,0,80,198,235,98,-15.3,-5.6,1.22,-9.9
1985,1,5,2,-10.3,957.2,58.2,0,5.4,9.4,30,NA,NA,0,0,0,0,0,0,0,80,204,234,98,-16.9,-7.8,1.06,-11.6
1985,1,5,3,-10.7,956.7,64.2,0,6.3,11.3,23,NA,NA,0,0,0,0,0,0,0,80,203,233,98,-16.1,-8,1.13,-11.8
1985,1,5,4,-11.3,956.6,64.6,0,6.4,11.7,20,NA,NA,1,0,0,0,0,0,0,80,204,231,98,-16.6,-8.7,1.09,-12.3
1985,1,5,5,-10.9,956.7,63.2,0,8.8,13.8,26,NA,NA,0,0,0,0,0,0,0,80,203,232,98,-16.5,-8.3,1.1,-12
1985,1,5,6,-10.9,956.9,63,0,9.2,16.5,29,NA,3,0,0,0,0,0,0,0,80,203,233,98,-16.6,-8.3,1.09,-12
1985,1,5,7,-10.8,957.1,64.2,0,9.9,15.2,28,NA,NA,1,0,0,0,0,0,0,80,204,233,98,-16.2,-8.1,1.12,-11.9
1985,1,5,8,-10.8,957.4,64,0,9.1,14.2,31,NA,NA,56,42,130,177,164,44,44,80,206,235,98,-16.3,-8.1,1.12,-11.9
1985,1,5,9,-10.2,957.5,64.8,0,9.8,14.8,33,NA,NA,110,94,66,160,191,83,82,80,209,238,98,-15.6,-7.3,1.19,-11.3
1985,1,5,10,-9.1,957.1,62.8,0,9.4,16.2,35,NA,NA,255,101,494,368,684,155,153,80,213,244,98,-14.9,-6.1,1.26,-10.3
1985,1,5,11,-8.3,956.8,61.8,0,9,15.5,43,NA,NA,359,97,736,309,978,208,200,80,206,245,98,-14.3,-5.1,1.32,-9.6
1985,1,5,12,-8.4,956.7,62.9,0,8.9,16.4,44,NA,2,378,104,768,216,1027,322,210,80,203,243,98,-14.2,-5.2,1.33,-9.7
1985,1,5,13,-8.4,956.7,61.4,0,9,17.6,40,NA,NA,344,109,746,194,959,500,195,80,205,244,98,-14.5,-5.3,1.3,-9.7
1985,1,5,14,-8,957,58.9,0,9.1,15.1,49,NA,NA,230,70,690,134,749,567,135,80,204,242,98,-14.6,-4.9,1.28,-9.5
1985,1,5,15,-8.6,957.2,60.8,0,8.4,14.2,40,NA,NA,99,51,408,65,384,411,65,80,200,238,98,-14.8,-5.5,1.26,-9.9
1985,1,5,16,-9.6,957.2,61.1,0,8.7,13.5,30,NA,NA,9,0,0,0,0,0,0,80,198,233,98,-15.7,-6.8,1.18,-10.8
1985,1,5,17,-9.4,957.2,59.8,0,10,16.8,35,NA,NA,0,0,0,0,0,0,0,80,189,229,98,-15.8,-6.6,1.17,-10.7
1985,1,5,18,-9.6,957.3,60.4,0,10.4,16.7,35,NA,1,0,0,0,0,0,0,0,80,191,230,98,-15.8,-6.8,1.16,-10.9
1985,1,5,19,-9.2,957.4,62.7,0,12.3,21.1,41,NA,NA,0,0,0,0,0,0,0,80,191,230,98,-15,-6.2,1.24,-10.4
1985,1,5,20,-9.4,957.8,61.9,0,11.9,21.2,40,NA,NA,0,0,0,0,0,0,0,80,200,234,98,-15.3,-6.5,1.21,-10.6
1985,1,5,21,-9.7,958,62.8,0,10,18.3,36,NA,NA,0,0,0,0,0,0,0,80,197,232,98,-15.5,-6.8,1.2,-10.9
1985,1,5,22,-9.9,958.6,63,0,9.1,14,33,NA,NA,0,0,0,0,0,0,0,80,198,232,98,-15.6,-7.1,1.18,-11.1
1985,1,5,23,-9.9,958.6,62.8,0,9.7,14.5,30,NA,NA,2,0,0,0,0,0,0,80,236,251,98,-15.6,-7.1,1.18,-11.1
1985,1,6,0,-9.8,958.8,63.6,0,8.6,14.5,32,NA,NA,0,0,0,0,0,0,0,80,238,252,98,-15.4,-6.9,1.2,-10.9
1985,1,6,1,-9.5,959,65,0,8.7,13.9,36,NA,NA,0,0,0,0,0,0,0,80,238,253,98,-14.8,-6.5,1.26,-10.6
1985,1,6,2,-9.9,959.1,66.2,0,7.2,12.7,30,NA,NA,1,0,0,0,0,0,0,80,247,256,98,-15,-6.9,1.24,-11
1985,1,6,3,-9.7,959.1,66.5,0,6,11.8,34,NA,NA,0,0,0,0,0,0,0,80,247,257,98,-14.8,-6.6,1.27,-10.8
1985,1,6,4,-9.8,959,67,0,5.6,10.9,39,NA,NA,1,0,0,0,0,0,0,80,249,258,98,-14.8,-6.8,1.27,-10.8
1985,1,6,5,-9.8,959.3,69,0,6.7,12.8,50,NA,NA,0,0,0,0,0,0,0,80,247,257,98,-14.4,-6.7,1.3,-10.8
1985,1,6,6,-10.2,959.9,74.6,0,6.3,11.9,64,NA,7,1,0,0,0,0,0,0,80,245,255,98,-13.8,-6.9,1.36,-11
1985,1,6,7,-10.5,960.4,76.3,0,6.6,11.5,59,NA,NA,4,0,0,0,0,0,0,80,246,255,98,-13.9,-7.2,1.36,-11.2
1985,1,6,8,-10.1,960.6,77.3,0,6.6,11.3,54,NA,NA,54,44,93,143,133,42,42,80,238,253,98,-13.3,-6.7,1.42,-10.8
1985,1,6,9,-10,960.9,76,0,6.2,12.4,56,NA,NA,66,66,0,58,59,54,54,80,238,253,98,-13.4,-6.6,1.41,-10.7
1985,1,6,10,-9.9,960.7,73.7,0,6.7,11.4,56,NA,NA,125,123,9,117,145,98,98,80,238,254,98,-13.7,-6.6,1.38,-10.7
1985,1,6,11,-9.7,960.3,71.1,0,5.9,10.6,52,NA,NA,107,107,0,80,91,78,78,65,230,250,98,-13.9,-6.4,1.35,-10.6
1985,1,6,12,-9,959.7,68.4,0,4.9,9.4,57,NA,5,200,165,96,132,309,154,126,65,231,252,98,-13.7,-5.7,1.38,-10
1985,1,6,13,-8.6,959.7,67.4,0,3.9,7.9,53,NA,NA,191,150,128,119,337,205,119,65,234,256,98,-13.5,-5.2,1.4,-9.7
1985,1,6,14,-8.3,959.8,64.1,0,5.1,10.2,44,NA,NA,168,82,364,95,458,349,95,65,215,247,98,-13.9,-5,1.36,-9.6
1985,1,6,15,-8.4,959.4,63.6,0,4.9,8.7,45,NA,NA,91,56,290,55,299,319,55,65,213,244,98,-14.1,-5.2,1.34,-9.7
1985,1,6,16,-9.1,959.4,64,0,3,9.4,38,NA,NA,6,0,0,0,0,0,0,65,211,239,98,-14.7,-6,1.28,-10.3
1985,1,6,17,-10.5,959.8,65.1,0,1.7,4.1,11,NA,NA,0,0,0,0,0,0,0,65,195,225,98,-15.8,-7.7,1.16,-11.6
1985,1,6,18,-12.1,959.7,70,0,1,2.6,328,NA,2,0,0,0,0,0,0,0,65,186,215,98,-16.5,-9.5,1.1,-12.9
1985,1,6,19,-11.8,959.6,71.5,0,0.5,2.2,253,NA,NA,0,0,0,0,0,0,0,65,195,225,98,-15.9,-9.1,1.15,-12.6
1985,1,6,20,-11,959.4,75.2,0,0.3,1.9,312,NA,NA,0,0,0,0,0,0,0,65,241,250,98,-14.5,-7.9,1.29,-11.7
1985,1,6,21,-12.3,959.1,80.5,0,0.6,2.1,251,NA,NA,0,0,0,0,0,0,0,65,237,243,98,-15,-9.3,1.25,-12.8
1985,1,6,22,-13.5,959,79.4,0,1.2,2.6,238,NA,NA,0,0,0,0,0,0,0,65,232,237,98,-16.3,-10.9,1.11,-14
1985,1,6,23,-14.5,958.8,81.6,0,0.4,1.6,242,NA,NA,0,0,0,0,0,0,0,65,203,220,98,-16.9,-12,1.06,-14.9
1985,1,7,0,-15.5,958.6,83.9,0,0.7,1.6,227,NA,NA,0,0,0,0,0,0,0,65,198,214,98,-17.6,-13.2,1,-15.8
1985,1,7,1,-16.3,958.6,84.3,0,1,2.9,240,NA,NA,0,0,0,0,0,0,0,65,193,210,98,-18.3,-14.1,0.94,-16.6
1985,1,7,2,-16.5,957.8,80.4,0,0.4,1.4,248,NA,NA,0,0,0,0,0,0,0,65,166,196,98,-19.1,-14.5,0.88,-16.9
1985,1,7,3,-17.1,957.2,81.2,0,0.1,1.5,284,NA,NA,1,0,0,0,0,0,0,65,163,193,98,-19.6,-15.2,0.85,-17.5
1985,1,7,4,-16.9,956.6,81.7,0,0.5,1.5,232,NA,NA,2,0,0,0,0,0,0,65,165,198,98,-19.3,-14.9,0.87,-17.3
1985,1,7,5,-16.6,956.2,83.7,0,0.4,1.5,244,NA,NA,1,0,0,0,0,0,0,65,163,198,98,-18.7,-14.5,0.91,-16.9
1985,1,7,6,-16.9,956.2,84,0,0.7,1.9,240,NA,4,3,0,0,0,0,0,0,65,167,199,98,-19,-14.8,0.89,-17.2
1985,1,7,7,-16.4,956.4,83.9,0,0.8,1.9,252,NA,NA,10,0,0,0,0,0,0,65,170,205,98,-18.5,-14.2,0.93,-16.7
1985,1,7,8,-14.8,956.4,86,0,1.1,2.4,260,NA,NA,46,43,28,77,73,33,34,65,176,213,98,-16.6,-12.2,1.09,-15.1
1985,1,7,9,-12.8,956.2,82.4,0,1.6,3,233,NA,NA,120,100,83,171,205,79,79,65,180,218,98,-15.2,-9.9,1.23,-13.3
1985,1,7,10,-11.9,956,74.8,0,1.6,2.8,238,NA,NA,204,151,167,228,376,124,123,65,183,223,98,-15.5,-9,1.2,-12.6
1985,1,7,11,-11.2,955.4,69.8,0,0.6,1.9,244,NA,NA,191,163,78,150,285,127,122,65,185,228,98,-15.6,-8.4,1.18,-12.1
1985,1,7,12,-9.9,954.9,60.6,0,0.3,1.9,279,NA,7,178,153,69,121,259,138,116,65,190,233,98,-16.1,-7.2,1.14,-11.1
1985,1,7,13,-10.1,955.1,66.9,0,0.8,2.4,308,NA,NA,149,143,20,101,179,131,101,65,189,233,98,-15.1,-7.1,1.24,-11.1
1985,1,7,14,-10,955.3,76.2,0,0.7,3.2,325,NA,NA,89,88,3,63,82,76,63,65,192,233,98,-13.4,-6.6,1.42,-10.7
1985,1,7,15,-9.7,955.7,80.9,0,1.1,2.7,292,NA,NA,39,39,0,28,31,32,28,65,193,233,98,-12.4,-6,1.55,-10.3
1985,1,7,16,-9.7,956,84,0.1,1,2.8,276,NA,NA,21,0,0,0,0,0,0,65,194,232,98,-11.9,-5.8,1.61,-10.2
1985,1,7,17,-9.6,956.4,86.3,0.1,0.9,1.9,249,NA,NA,3,0,0,0,0,0,0,80,259,263,98,-11.5,-5.6,1.66,-10
1985,1,7,18,-9.5,956.9,87.7,0.1,1.7,2.7,243,NA,8,5,0,0,0,0,0,0,80,259,263,98,-11.2,-5.4,1.7,-9.9
1985,1,7,19,-9.9,957,88.3,0,1.5,2.9,246,NA,NA,2,0,0,0,0,0,0,80,257,261,98,-11.5,-5.9,1.66,-10.3
1985,1,7,20,-9.7,957.4,88.2,0,1.3,2.3,246,NA,NA,2,0,0,0,0,0,0,80,257,261,98,-11.3,-5.6,1.68,-10.1
1985,1,7,21,-9.6,957.6,88.4,0.2,1,1.8,244,NA,NA,3,0,0,0,0,0,0,80,259,262,98,-11.2,-5.5,1.7,-10
1985,1,7,22,-9.5,958,88.6,0.1,1.2,2,227,NA,NA,2,0,0,0,0,0,0,80,259,262,98,-11,-5.3,1.72,-9.9
1985,1,7,23,-9.4,958.4,88.8,0.2,1.1,2,229,NA,NA,3,0,0,0,0,0,0,80,259,263,98,-10.9,-5.2,1.73,-9.8
1985,1,8,0,-9.2,958.6,88.4,0.2,1.3,1.9,237,NA,NA,5,0,0,0,0,0,0,80,261,264,98,-10.8,-4.9,1.75,-9.6
1985,1,8,1,-9.3,959,89.3,0,1.2,1.9,238,NA,NA,5,0,0,0,0,0,0,80,259,263,98,-10.7,-5,1.76,-9.6
1985,1,8,2,-11.4,959.1,88.9,0,1.3,2.8,344,NA,NA,4,0,0,0,0,0,0,80,242,245,98,-12.9,-7.8,1.48,-11.7
1985,1,8,3,-10.8,959.1,86,0,1.3,2.5,14,NA,NA,0,0,0,0,0,0,0,80,245,252,98,-12.7,-7.2,1.5,-11.2
1985,1,8,4,-10.4,959.3,83.6,0,1.5,4.7,34,NA,NA,1,0,0,0,0,0,0,80,248,255,98,-12.6,-6.8,1.51,-10.9
1985,1,8,5,-10,959.8,83,0,3.4,7.1,51,NA,NA,0,0,0,0,0,0,0,80,255,260,98,-12.3,-6.3,1.54,-10.5
1985,1,8,6,-11.3,960.3,80.4,0,2.9,4.6,38,NA,8,0,0,0,0,0,0,0,80,254,258,98,-14,-8.1,1.35,-11.9
1985,1,8,7,-11,960.8,77.8,0,2.4,3.5,24,NA,NA,2,0,0,0,0,0,0,80,253,257,98,-14.1,-7.8,1.33,-11.6
1985,1,8,8,-10.2,961.2,80.6,0,4.8,10.9,62,NA,NA,59,43,145,191,176,46,45,80,246,256,98,-12.9,-6.6,1.47,-10.8
1985,1,8,9,-10.6,962,79.4,0,6.4,12.2,64,NA,NA,167,81,371,371,471,108,107,80,244,255,98,-13.5,-7.2,1.4,-11.2
1985,1,8,10,-10.8,961.9,76.3,0,5.9,10.4,54,NA,NA,113,112,1,99,111,90,90,80,244,254,98,-14.2,-7.6,1.33,-11.5
1985,1,8,11,-10.3,961.5,75.4,0,5,9.6,58,NA,NA,187,162,69,162,288,141,136,80,238,254,98,-13.8,-7,1.37,-11
1985,1,8,12,-10,961.5,68.5,0,5.3,9.4,57,NA,6,212,183,80,158,341,181,151,80,237,254,98,-14.7,-6.9,1.27,-11
1985,1,8,13,-9.9,961.7,67.8,0,5.8,10.8,51,NA,NA,194,153,127,136,355,222,136,80,238,253,98,-14.7,-6.8,1.27,-10.9
1985,1,8,14,-9.8,962.2,65.2,0,6.4,10.9,39,NA,NA,169,94,312,112,441,342,112,80,208,239,98,-15.1,-6.8,1.23,-10.9
1985,1,8,15,-10.3,962.8,65.2,0,4.2,8.4,30,NA,NA,87,40,379,59,352,376,59,80,204,236,98,-15.6,-7.5,1.18,-11.4
1985,1,8,16,-11.2,963.7,67.8,0,2.4,5.5,3,NA,NA,5,0,0,0,0,0,0,80,201,230,98,-16,-8.5,1.14,-12.1
1985,1,8,17,-11.8,964.6,69,0,2.2,4.8,4,NA,NA,0,0,0,0,0,0,0,80,229,241,98,-16.3,-9.2,1.11,-12.7
1985,1,8,18,-12,965.2,72.7,0,3.6,5.7,19,NA,6,0,0,0,0,0,0,0,80,227,242,98,-15.9,-9.3,1.15,-12.7
1985,1,8,19,-12.6,965.8,72.5,0,4.6,7.4,17,NA,NA,0,0,0,0,0,0,0,80,226,240,98,-16.5,-10,1.09,-13.3
1985,1,8,20,-12.7,966.4,71.3,0,4.1,6.5,21,NA,NA,0,0,0,0,0,0,0,80,236,245,98,-16.8,-10.2,1.06,-13.4
1985,1,8,21,-13,966.7,67.1,0,3.8,6.2,22,NA,NA,0,0,0,0,0,0,0,80,232,243,98,-17.8,-10.7,0.97,-13.8
1985,1,8,22,-13.7,967,67.5,0,3.1,5.8,18,NA,NA,0,0,0,0,0,0,0,80,228,238,98,-18.4,-11.5,0.92,-14.5
1985,1,8,23,-14,967.1,68.1,0,0.7,2.6,355,NA,NA,0,0,0,0,0,0,0,80,220,234,98,-18.6,-11.9,0.91,-14.8
1985,1,9,0,-14.7,967.4,69.5,0,3.2,5.6,18,NA,NA,0,0,0,0,0,0,0,80,218,231,98,-19,-12.7,0.88,-15.4
1985,1,9,1,-15.1,968,71.2,0,3,5.6,13,NA,NA,0,0,0,0,0,0,0,80,217,229,98,-19.1,-13.1,0.87,-15.7
1985,1,9,2,-15.9,967.9,70,0,2.1,4.5,349,NA,NA,0,0,0,0,0,0,0,80,165,198,98,-20.1,-14.1,0.8,-16.5
1985,1,9,3,-17.5,967.6,73.1,0,0.7,1.9,239,NA,NA,0,0,0,0,0,0,0,80,159,190,98,-21.2,-15.8,0.73,-18
1985,1,9,4,-17.9,967.9,74.7,0,1.1,2.1,234,NA,NA,0,0,0,0,0,0,0,80,159,192,98,-21.3,-16.3,0.72,-18.3
1985,1,9,5,-18.2,968.1,76.2,0,1.4,2.3,229,NA,NA,0,0,0,0,0,0,0,80,203,216,98,-21.4,-16.6,0.72,-18.6
1985,1,9,6,-17.6,968.4,76.7,0,1.6,2.9,233,NA,6,2,0,0,0,0,0,0,80,211,224,98,-20.7,-15.9,0.76,-18
1985,1,9,7,-16.4,968.8,75.3,0,1.5,2.5,245,NA,NA,5,0,0,0,0,0,0,80,214,228,98,-19.7,-14.5,0.82,-16.9
1985,1,9,8,-15.5,969.1,72.2,0,1.3,2.3,237,NA,NA,36,36,0,32,32,29,29,80,226,235,98,-19.4,-13.5,0.85,-16.1
1985,1,9,9,-15.2,969.2,72.6,0,1.3,2.4,239,NA,NA,99,95,17,108,120,76,76,80,225,234,98,-19,-13.2,0.88,-15.8
1985,1,9,10,-14.3,969,70.7,0,1.6,2.2,229,NA,NA,236,119,367,330,580,152,151,80,234,242,98,-18.5,-12.1,0.92,-15
1985,1,9,11,-11.8,968.4,66.2,0,1.8,2.6,228,NA,NA,310,109,552,277,800,191,183,80,184,226,98,-16.8,-9.3,1.06,-12.7
1985,1,9,12,-10.5,968,67.8,0,0.7,3.2,248,NA,1,313,94,599,186,828,266,180,80,189,232,98,-15.3,-7.6,1.2,-11.5
1985,1,9,13,-9.6,967.7,65,0,0.4,1.7,124,NA,NA,248,122,388,157,610,335,156,80,190,237,98,-14.9,-6.6,1.24,-10.7
1985,1,9,14,-9.5,967.8,64.1,0,0.1,1.1,153,NA,NA,155,96,243,107,382,299,107,80,190,231,98,-15,-6.5,1.23,-10.7
1985,1,9,15,-9.6,967.8,64.4,0,0.9,2,242,NA,NA,71,48,186,52,215,228,52,80,190,228,98,-15.1,-6.7,1.22,-10.7
1985,1,9,16,-10.4,967.7,66.6,0,1.7,2.8,242,NA,NA,9,0,0,0,0,0,0,80,186,222,98,-15.4,-7.5,1.19,-11.4
1985,1,9,17,-10.4,967.7,66.8,0,1.7,3.9,246,NA,NA,1,0,0,0,0,0,0,80,187,224,98,-15.4,-7.5,1.19,-11.4
1985,1,9,18,-10.7,967.8,69.6,0,2.1,3.5,247,NA,6,1,0,0,0,0,0,0,80,185,223,98,-15.2,-7.8,1.21,-11.6
1985,1,9,19,-11.2,967.8,71,0,0.5,2.1,246,NA,NA,0,0,0,0,0,0,0,80,187,222,98,-15.4,-8.4,1.19,-12
1985,1,9,20,-11.3,967.6,73,0,0.8,2.1,249,NA,NA,1,0,0,0,0,0,0,80,205,232,98,-15.2,-8.4,1.21,-12.1
1985,1,9,21,-11,967.4,72.2,0,0.9,2.2,250,NA,NA,1,0,0,0,0,0,0,80,207,234,98,-15,-8.1,1.23,-11.8
1985,1,9,22,-10.2,967.4,72.2,0,1.3,2.2,243,NA,NA,3,0,0,0,0,0,0,80,208,237,98,-14.2,-7,1.31,-11
1985,1,9,23,-10.4,967.1,75.2,0,1,1.9,264,NA,NA,1,0,0,0,0,0,0,80,208,237,98,-13.9,-7.2,1.34,-11.1
1985,1,10,0,-9.9,967.1,79.5,0,1.3,2.4,240,NA,NA,2,0,0,0,0,0,0,80,211,239,98,-12.8,-6.3,1.48,-10.5
1985,1,10,1,-10.1,967.4,81.5,0,1,1.7,262,NA,NA,2,0,0,0,0,0,0,80,209,238,98,-12.7,-6.5,1.49,-10.7
1985,1,10,2,-10.1,967.3,82.2,0,0.9,1.4,257,NA,NA,0,0,0,0,0,0,0,80,211,238,98,-12.6,-6.5,1.5,-10.7
1985,1,10,3,-10.4,967.3,83,0,0.5,1.3,243,NA,NA,1,0,0,0,0,0,0,80,208,233,98,-12.7,-6.8,1.48,-10.9
1985,1,10,4,-10.6,967.2,85.2,0,0.7,1.7,259,NA,NA,0,0,0,0,0,0,0,80,208,234,98,-12.6,-7,1.5,-11
1985,1,10,5,-10.8,967.4,86,0,0.7,1.3,256,NA,NA,0,0,0,0,0,0,0,80,244,249,98,-12.7,-7.2,1.49,-11.2
1985,1,10,6,-11.8,967.8,87.1,0,1.3,2.1,227,NA,7,0,0,0,0,0,0,0,80,239,241,98,-13.5,-8.5,1.39,-12.2
1985,1,10,7,-12.6,968.2,87.4,0,1.1,2.4,234,NA,NA,1,0,0,0,0,0,0,80,238,238,98,-14.3,-9.5,1.31,-12.9
1985,1,10,8,-12.6,969,86.8,0,0.8,1.6,207,NA,NA,41,40,4,43,42,33,33,80,194,217,98,-14.3,-9.5,1.3,-12.9
1985,1,10,9,-10.5,969.3,81.2,0,1.2,2,218,NA,NA,99,95,16,108,119,76,76,80,194,226,98,-13.1,-7,1.44,-11.1
1985,1,10,10,-8.4,969.5,75.6,0,1.6,2.4,228,NA,NA,237,121,364,331,578,153,151,80,209,243,98,-11.9,-4.6,1.58,-9.2
1985,1,10,11,-7.2,969.2,69.7,0,0.5,1.7,228,NA,NA,339,108,630,300,882,203,195,80,221,257,98,-11.8,-3.3,1.6,-8.3
1985,1,10,12,-6,969.1,65,0,0.3,1.7,255,NA,3,350,85,720,198,942,289,193,80,226,264,98,-11.5,-2,1.63,-7.4
1985,1,10,13,-5.2,969.3,64.7,0,0.4,1.8,241,NA,NA,283,110,527,168,735,391,168,80,230,262,98,-10.8,-1,1.73,-6.7
1985,1,10,14,-4.9,969.5,65.5,0,0.3,1.9,308,NA,NA,165,99,267,112,408,319,112,80,209,250,98,-10.4,-0.5,1.79,-6.4
1985,1,10,15,-5.1,969.6,66.5,0,0.4,1.3,310,NA,NA,77,48,222,55,243,258,55,80,209,243,98,-10.4,-0.7,1.79,-6.5
1985,1,10,16,-6.2,969.9,70.7,0,0.8,2.2,273,NA,NA,5,0,0,0,0,0,0,80,201,234,98,-10.6,-1.9,1.75,-7.3
1985,1,10,17,-7,970.5,75.9,0,1,2.5,248,NA,NA,0,0,0,0,0,0,0,80,259,265,98,-10.5,-2.7,1.76,-7.9
1985,1,10,18,-7.3,971.2,78.4,0,1.8,3.5,248,NA,7,0,0,0,0,0,0,0,80,257,265,98,-10.4,-2.9,1.78,-8.1
1985,1,10,19,-7.6,971.5,78.7,0,0.9,1.7,247,NA,NA,1,0,0,0,0,0,0,80,258,265,98,-10.7,-3.3,1.74,-8.4
1985,1,10,20,-7.3,971.7,81.3,0,1.5,2.6,248,NA,NA,0,0,0,0,0,0,0,80,267,270,98,-10,-2.8,1.84,-8
1985,1,10,21,-7.3,971.9,81.8,0,1.7,2.7,244,NA,NA,1,0,0,0,0,0,0,80,269,272,98,-9.9,-2.8,1.86,-8
1985,1,10,22,-7.2,972.1,82,0,1,2.1,254,NA,NA,0,0,0,0,0,0,0,80,268,272,98,-9.7,-2.6,1.87,-7.9
1985,1,10,23,-7,972.2,82,0,0.1,0.6,252,NA,NA,0,0,0,0,0,0,0,80,270,273,98,-9.5,-2.3,1.9,-7.7
1985,1,11,0,-6.5,972.5,83,0,0.3,1.5,249,NA,NA,1,0,0,0,0,0,0,80,272,276,98,-8.9,-1.6,2,-7.2
1985,1,11,1,-6,972.9,83.9,0,0.3,2.3,9,NA,NA,0,0,0,0,0,0,0,80,275,279,98,-8.3,-0.8,2.1,-6.7
1985,1,11,2,-5.1,972.8,81.3,0,1.9,4.4,50,NA,NA,1,0,0,0,0,0,0,80,277,281,98,-7.8,0.3,2.18,-5.9
1985,1,11,3,-5.2,972.6,78.9,0,2.7,5.3,38,NA,NA,0,0,0,0,0,0,0,80,275,280,98,-8.3,0,2.1,-6.1
1985,1,11,4,-5.5,972.7,75.7,0,3,4.7,29,NA,NA,0,0,0,0,0,0,0,80,276,280,98,-9.1,-0.7,1.97,-6.5
1985,1,11,5,-5.7,972.9,77,0,3.5,6.8,40,NA,NA,0,0,0,0,0,0,0,80,273,278,98,-9.1,-0.9,1.97,-6.6
1985,1,11,6,-6.3,973.3,78.4,0,4.1,6.2,25,NA,8,0,0,0,0,0,0,0,80,271,276,98,-9.4,-1.6,1.92,-7.1
1985,1,11,7,-7.1,973.9,79.8,0,3.2,6.2,6,NA,NA,2,0,0,0,0,0,0,80,268,272,98,-10,-2.6,1.83,-7.9
1985,1,11,8,-7,974.5,79.5,0,1.8,3.4,355,NA,NA,16,16,0,11,11,13,13,80,270,274,98,-9.9,-2.5,1.84,-7.8
1985,1,11,9,-6.7,975,79.7,0,2.4,4.1,2,NA,NA,44,44,0,35,34,36,36,80,271,275,98,-9.6,-2.1,1.89,-7.5
1985,1,11,10,-6.5,975.1,79.8,0,2.2,3.9,8,NA,NA,72,72,0,60,61,59,59,80,272,277,98,-9.4,-1.8,1.92,-7.3
1985,1,11,11,-6.1,974.9,78.7,0,2.1,3.3,11,NA,NA,90,90,0,75,79,74,74,80,274,279,98,-9.2,-1.3,1.95,-6.9
1985,1,11,12,-5.6,974.6,75.7,0,0.9,3.2,73,NA,8,111,111,0,90,103,92,89,80,276,282,98,-9.2,-0.8,1.95,-6.6
1985,1,11,13,-5.3,974.3,72.5,0,1.6,5.4,23,NA,NA,230,133,295,149,514,292,149,80,277,285,98,-9.5,-0.6,1.91,-6.5
1985,1,11,14,-5.4,974.4,72,0,2.4,5.3,14,NA,NA,206,80,510,126,605,461,127,80,210,251,98,-9.6,-0.8,1.88,-6.6
1985,1,11,15,-5.4,974.5,71.8,0,1.8,3.5,1,NA,NA,90,39,386,61,357,381,61,80,208,244,98,-9.7,-0.8,1.88,-6.6
1985,1,11,16,-6.8,974.7,74.6,0,1.9,4.1,358,NA,NA,9,0,0,0,0,0,0,80,201,235,98,-10.5,-2.5,1.75,-7.8
1985,1,11,17,-6.9,975.1,76.7,0,0.8,3.2,293,NA,NA,0,0,0,0,0,0,0,80,269,273,98,-10.3,-2.5,1.79,-7.8
1985,1,11,18,-6.8,975.6,75.9,0,0.5,2,282,NA,8,0,0,0,0,0,0,0,80,270,273,98,-10.3,-2.4,1.78,-7.7
1985,1,11,19,-7.5,976,76.9,0,0.5,2.3,263,NA,NA,0,0,0,0,0,0,0,80,264,268,98,-10.8,-3.3,1.71,-8.3
1985,1,11,20,-7.2,976.3,76.7,0,0.8,1.8,254,NA,NA,1,0,0,0,0,0,0,80,261,269,98,-10.6,-2.9,1.75,-8.1
1985,1,11,21,-6.7,976.3,74.8,0,0.8,2.1,301,NA,NA,0,0,0,0,0,0,0,80,263,271,98,-10.4,-2.4,1.77,-7.7
1985,1,11,22,-6.5,976.3,75.7,0,2.3,5.2,17,NA,NA,0,0,0,0,0,0,0,80,261,271,98,-10.1,-2,1.82,-7.5
1985,1,11,23,-6.9,976.1,76.5,0,1.6,3.5,6,NA,NA,0,0,0,0,0,0,0,80,270,274,98,-10.3,-2.5,1.78,-7.8
1985,1,12,0,-6.9,976,75.8,0,1.6,3.3,6,NA,NA,0,0,0,0,0,0,0,80,269,273,98,-10.4,-2.6,1.77,-7.8
1985,1,12,1,-7.7,976.1,76,0,0.6,1.4,288,NA,NA,0,0,0,0,0,0,0,80,266,270,98,-11.2,-3.6,1.66,-8.6
1985,1,12,2,-7.3,976.1,75.6,0,0.7,2.5,348,NA,NA,0,0,0,0,0,0,0,80,268,272,98,-10.9,-3.1,1.71,-8.2
1985,1,12,3,-7.3,975.8,75.6,0,1.1,3.2,16,NA,NA,0,0,0,0,0,0,0,80,269,273,98,-10.9,-3.1,1.71,-8.2
1985,1,12,4,-6.9,975.4,75,0,0.1,0.9,270,NA,NA,0,0,0,0,0,0,0,80,270,273,98,-10.6,-2.6,1.75,-7.9
1985,1,12,5,-6.8,975.4,75.8,0,0.2,1.2,252,NA,NA,0,0,0,0,0,0,0,80,271,274,98,-10.3,-2.4,1.78,-7.7
1985,1,12,6,-6.6,975.3,75.7,0,0.4,1.6,32,NA,8,1,0,0,0,0,0,0,80,271,275,98,-10.2,-2.2,1.81,-7.5
1985,1,12,7,-6.5,975.5,78.5,0,0.6,1.6,94,NA,NA,2,0,0,0,0,0,0,80,271,275,98,-9.6,-1.9,1.89,-7.3
1985,1,12,8,-6.7,975.6,78.5,0,0.7,1.6,120,NA,NA,26,26,0,20,21,21,21,80,272,276,98,-9.8,-2.1,1.86,-7.5
1985,1,12,9,-6.4,975.4,77.2,0,0.6,2.2,43,NA,NA,69,69,0,61,62,56,56,80,272,277,98,-9.7,-1.8,1.87,-7.3
1985,1,12,10,-6.3,974.9,76.4,0,1,3.1,356,NA,NA,95,95,0,81,87,77,77,80,273,278,98,-9.8,-1.7,1.87,-7.2
1985,1,12,11,-6,974.1,74.6,0,0.6,2.5,247,NA,NA,146,141,13,124,170,116,114,80,275,281,98,-9.8,-1.4,1.87,-7
1985,1,12,12,-5.4,973.3,72.3,0,1,4.5,241,NA,8,191,162,78,144,294,162,138,80,278,283,98,-9.6,-0.7,1.89,-6.6
1985,1,12,13,-4.9,972.8,69.6,0,0.7,3.1,218,NA,NA,252,136,348,162,588,329,162,80,278,285,98,-9.6,-0.2,1.9,-6.2
1985,1,12,14,-5.1,972.5,69.4,0,0.7,2.8,247,NA,NA,195,85,435,123,546,418,123,80,210,252,98,-9.8,-0.5,1.86,-6.4
1985,1,12,15,-5.3,972,69.3,0,0.8,1.7,266,NA,NA,87,49,277,61,289,308,62,80,209,245,98,-10,-0.8,1.83,-6.6
1985,1,12,16,-6.4,971.3,71.5,0,0.3,1.1,234,NA,NA,0,0,0,0,0,0,0,80,204,235,98,-10.7,-2.1,1.74,-7.5
1985,1,12,17,-7.4,970.9,76.9,0,0.5,1.3,230,NA,NA,0,0,0,0,0,0,0,80,193,229,98,-10.7,-3.2,1.73,-8.2
1985,1,12,18,-7.7,970.7,78.9,0,0.7,1.6,222,NA,8,0,0,0,0,0,0,0,80,193,231,98,-10.7,-3.5,1.74,-8.5
1985,1,12,19,-8.2,970.3,81,0,2.1,3.6,221,NA,NA,0,0,0,0,0,0,0,80,188,228,98,-10.9,-4,1.72,-8.9
1985,1,12,20,-9,970,84,0,3.1,4.1,220,NA,NA,0,0,0,0,0,0,0,80,185,226,98,-11.2,-4.9,1.67,-9.5
1985,1,12,21,-9.5,969.5,88.3,0,3.1,4,217,NA,NA,0,0,0,0,0,0,0,80,187,225,98,-11.1,-5.4,1.69,-9.9
1985,1,12,22,-9.5,968.9,89.2,0,3.1,4.3,215,NA,NA,0,0,0,0,0,0,0,80,187,227,98,-10.9,-5.3,1.71,-9.8
1985,1,12,23,-9.8,968.4,88.6,0,2.1,3.5,223,NA,NA,0,0,0,0,0,0,0,80,202,232,98,-11.3,-5.8,1.66,-10.2
1985,1,13,0,-10.3,967.9,88.4,0,1.2,2.1,263,NA,NA,1,0,0,0,0,0,0,80,203,232,98,-11.8,-6.4,1.59,-10.6
1985,1,13,1,-9.7,967.9,88.3,0,1,2.9,255,NA,NA,1,0,0,0,0,0,0,80,204,235,98,-11.3,-5.7,1.67,-10.1
1985,1,13,2,-9.4,967.5,88.3,0,1.7,3.2,258,NA,NA,0,0,0,0,0,0,0,80,207,238,98,-11,-5.3,1.71,-9.8
1985,1,13,3,-9,967,87,0,3.1,4.8,228,NA,NA,1,0,0,0,0,0,0,80,217,244,98,-10.8,-4.8,1.74,-9.4
1985,1,13,4,-8.5,966.4,86.1,0,1.8,3,246,NA,NA,0,0,0,0,0,0,0,80,218,245,98,-10.4,-4.1,1.79,-9
1985,1,13,5,-8,966,85,0,1.4,2.7,239,NA,NA,1,0,0,0,0,0,0,80,231,252,98,-10.1,-3.5,1.84,-8.5
1985,1,13,6,-7.8,965.9,84.9,0,1.8,2.9,251,NA,8,0,0,0,0,0,0,0,80,228,252,98,-9.9,-3.2,1.86,-8.3
1985,1,13,7,-7.7,966.1,85.1,0,0.6,1.4,264,NA,NA,2,0,0,0,0,0,0,80,231,254,98,-9.8,-3.1,1.88,-8.2
1985,1,13,8,-7,966.1,84.3,0,0.7,1.3,240,NA,NA,21,21,0,15,16,17,17,80,270,274,98,-9.2,-2.2,1.97,-7.6
1985,1,13,9,-5.4,965.8,80.7,0,1.8,6.4,7,NA,NA,76,76,0,68,70,61,61,80,280,283,98,-8.2,-0.2,2.13,-6.2
1985,1,13,10,-4.5,965.5,75.3,0,3.6,6.9,30,NA,NA,135,131,12,128,159,105,105,80,280,286,98,-8.2,0.8,2.13,-5.6
1985,1,13,11,-4.6,964.9,75.2,0,4.5,10.5,50,NA,NA,79,79,0,66,67,65,65,80,269,280,98,-8.3,0.6,2.11,-5.7
1985,1,13,12,-4.7,964.5,76.2,0,5.2,9.6,53,NA,7,113,113,0,92,105,93,91,80,270,280,98,-8.2,0.5,2.13,-5.7
1985,1,13,13,-4.6,964.6,75.6,0,4.4,7.3,40,NA,NA,102,102,0,82,94,87,82,80,270,280,98,-8.2,0.6,2.12,-5.6
1985,1,13,14,-4.7,964.4,74.5,0,4.8,9.8,38,NA,NA,51,51,0,43,42,42,43,80,270,279,98,-8.5,0.4,2.08,-5.8
1985,1,13,15,-5.1,964.4,73.2,0,5.5,9,28,NA,NA,34,34,0,28,28,28,28,80,268,277,98,-9.1,-0.2,1.98,-6.2
1985,1,13,16,-5.6,964.3,74.1,0,5.7,8.5,25,NA,NA,3,3,0,3,2,1,3,80,265,274,98,-9.5,-0.9,1.93,-6.7
1985,1,13,17,-6,964,73.7,0,6.6,9.5,26,NA,NA,0,0,0,0,0,0,0,80,264,273,98,-9.9,-1.4,1.86,-7
1985,1,13,18,-6.1,964.2,74.4,0,6.7,12.3,35,NA,8,1,0,0,0,0,0,0,80,273,277,98,-9.9,-1.5,1.87,-7.1
1985,1,13,19,-6.5,964.4,74.4,0,6.9,12.6,33,NA,NA,0,0,0,0,0,0,0,80,270,275,98,-10.3,-2.1,1.81,-7.5
1985,1,13,20,-6.7,964.1,73.9,0,6.8,10,29,NA,NA,0,0,0,0,0,0,0,80,270,274,98,-10.6,-2.4,1.77,-7.7
1985,1,13,21,-6.8,963.8,74.1,0,6.4,10,27,NA,NA,1,0,0,0,0,0,0,80,269,273,98,-10.6,-2.5,1.76,-7.8
1985,1,13,22,-7.2,963.2,74.6,0,7.4,12.4,25,NA,NA,0,0,0,0,0,0,0,80,267,272,98,-10.9,-3,1.72,-8.1
1985,1,13,23,-7.4,962.8,77.8,0,6.2,10.8,24,NA,NA,0,0,0,0,0,0,0,80,268,272,98,-10.6,-3.1,1.77,-8.2
1985,1,14,0,-7.1,962.5,75,0,6.5,11.8,29,NA,NA,0,0,0,0,0,0,0,80,268,272,98,-10.8,-2.8,1.74,-8
1985,1,14,1,-7.3,962.5,75.4,0,6,9,29,NA,NA,1,0,0,0,0,0,0,80,268,272,98,-10.9,-3.1,1.73,-8.2
1985,1,14,2,-7.6,962.4,74.7,0,6,9.4,27,NA,NA,0,0,0,0,0,0,0,80,266,270,98,-11.3,-3.5,1.67,-8.5
1985,1,14,3,-7.7,962,74.6,0,5.2,8.7,26,NA,NA,0,0,0,0,0,0,0,80,266,271,98,-11.4,-3.7,1.66,-8.6
1985,1,14,4,-7.7,961.9,74.4,0,5.2,9.4,31,NA,NA,1,0,0,0,0,0,0,80,266,270,98,-11.5,-3.7,1.65,-8.6
1985,1,14,5,-7.8,961.8,74.9,0,5.7,10.8,36,NA,NA,0,0,0,0,0,0,0,65,256,265,98,-11.5,-3.8,1.65,-8.7
1985,1,14,6,-7.9,961.9,75.7,0,5,8.6,39,NA,8,0,0,0,0,0,0,0,65,255,265,98,-11.4,-3.9,1.66,-8.8
1985,1,14,7,-8,962.4,74.4,0,5.7,9.3,30,NA,NA,0,0,0,0,0,0,0,65,255,265,98,-11.7,-4.1,1.61,-8.9
1985,1,14,8,-7.9,962.7,73.5,0,6.1,9.7,31,NA,NA,7,7,0,4,4,5,5,65,265,269,98,-11.8,-4,1.61,-8.8
1985,1,14,9,-8.1,962.8,74.7,0,6,9.8,29,NA,NA,22,22,0,14,14,17,17,65,263,268,98,-11.8,-4.2,1.61,-9
1985,1,14,10,-8.3,962.6,76.7,0,5.3,8.5,26,NA,NA,60,60,0,45,44,45,45,65,264,269,98,-11.7,-4.3,1.62,-9.1
1985,1,14,11,-7.7,962.5,73.2,0,3.9,7.1,30,NA,NA,114,114,0,95,106,92,92,80,267,272,98,-11.7,-3.7,1.62,-8.7
1985,1,14,12,-7.4,962,69.9,0,4.1,7.6,62,NA,8,134,133,3,108,134,111,106,80,267,273,98,-11.9,-3.5,1.59,-8.5
1985,1,14,13,-7.3,962.1,67.8,0,4.1,6.9,59,NA,NA,114,114,0,91,109,98,91,80,268,273,98,-12.2,-3.5,1.55,-8.5
1985,1,14,14,-7.6,962.6,71.9,0,3.1,5.6,48,NA,NA,45,45,0,38,36,36,38,80,266,271,98,-11.8,-3.7,1.61,-8.6
1985,1,14,15,-7.9,962.8,71.9,0,3.2,5.8,22,NA,NA,38,38,0,31,32,32,31,80,265,270,98,-12.1,-4.1,1.57,-8.9
1985,1,14,16,-8.1,962.9,71.7,0,3,5.1,22,NA,NA,8,8,0,6,7,7,6,80,264,268,98,-12.3,-4.3,1.54,-9.1
1985,1,14,17,-8.5,963.3,74.7,0,1.9,5.6,15,NA,NA,0,0,0,0,0,0,0,80,262,266,98,-12.2,-4.7,1.56,-9.4
1985,1,14,18,-8.6,964,75.4,0,1.5,2.9,359,NA,8,1,0,0,0,0,0,0,80,262,266,98,-12.2,-4.8,1.56,-9.4
1985,1,14,19,-8.3,964.4,74.4,0,1,2.6,355,NA,NA,0,0,0,0,0,0,0,80,262,266,98,-12,-4.5,1.57,-9.2
1985,1,14,20,-8.5,964.5,74.3,0,1,2.7,306,NA,NA,0,0,0,0,0,0,0,80,254,262,98,-12.2,-4.7,1.55,-9.4
1985,1,14,21,-8.5,964.7,74.3,0,0.8,2.3,311,NA,NA,0,0,0,0,0,0,0,80,253,262,98,-12.2,-4.7,1.55,-9.4
1985,1,14,22,-8.9,964.9,72.5,0,1.1,2.8,357,NA,NA,1,0,0,0,0,0,0,80,252,260,98,-12.9,-5.4,1.46,-9.8
1985,1,14,23,-8.7,964.6,71.2,0,1.2,3.2,354,NA,NA,0,0,0,0,0,0,0,80,262,266,98,-13,-5.2,1.46,-9.7
1985,1,15,0,-8.7,964.9,70.7,0,1.9,3.3,354,NA,NA,0,0,0,0,0,0,0,80,261,265,98,-13.1,-5.2,1.45,-9.7
1985,1,15,1,-8.9,965.3,70.3,0,1.9,3.5,360,NA,NA,0,0,0,0,0,0,0,80,261,265,98,-13.3,-5.5,1.42,-9.9
1985,1,15,2,-8.7,965.7,69.2,0,1.3,2.3,14,NA,NA,0,0,0,0,0,0,0,80,262,266,98,-13.3,-5.3,1.42,-9.7
1985,1,15,3,-8.6,965.6,69.6,0,1.4,2.9,11,NA,NA,1,0,0,0,0,0,0,80,262,266,98,-13.2,-5.1,1.44,-9.6
1985,1,15,4,-8.5,965.7,69.7,0,1.5,2.7,358,NA,NA,1,0,0,0,0,0,0,80,262,267,98,-13,-5,1.45,-9.5
1985,1,15,5,-8.6,965.3,68.4,0,1.8,3.5,360,NA,NA,0,0,0,0,0,0,0,80,262,266,98,-13.4,-5.2,1.41,-9.7
1985,1,15,6,-8.6,966.3,69,0,1.7,4.1,8,NA,8,1,0,0,0,0,0,0,80,262,266,98,-13.3,-5.2,1.42,-9.7
1985,1,15,7,-8.6,966.5,69.1,0,2,4.5,354,NA,NA,0,0,0,0,0,0,0,80,262,266,98,-13.2,-5.1,1.42,-9.6
1985,1,15,8,-8.5,966.9,71.3,0,1.8,3.9,3,NA,NA,23,23,0,17,17,19,19,80,263,267,98,-12.8,-4.9,1.48,-9.5
1985,1,15,9,-8.1,967.2,73.4,0,1.1,3.1,6,NA,NA,32,32,0,24,23,27,27,80,266,270,98,-12,-4.3,1.57,-9
1985,1,15,10,-7.5,967.4,75.4,0,1.8,3.3,24,NA,NA,73,73,0,61,62,60,60,80,269,273,98,-11.1,-3.4,1.69,-8.4
1985,1,15,11,-7,967.1,74.1,0,1.9,5.7,40,NA,NA,100,100,0,83,89,81,81,80,271,275,98,-10.8,-2.8,1.73,-8
1985,1,15,12,-6.6,967.1,69.4,0,1.7,3.8,71,NA,8,128,128,0,104,124,106,103,80,270,277,98,-11.3,-2.5,1.67,-7.8
1985,1,15,13,-6.5,967,67.5,0,1,3.3,67,NA,NA,144,136,23,111,175,135,110,80,270,277,98,-11.5,-2.5,1.64,-7.8
1985,1,15,14,-6.4,967.1,65.9,0,1,3.2,38,NA,NA,138,116,84,101,239,197,101,80,262,271,98,-11.7,-2.5,1.61,-7.7
1985,1,15,15,-6.5,967.6,66,0,1,2.4,6,NA,NA,71,62,61,54,127,133,54,80,261,268,98,-11.8,-2.6,1.6,-7.8
1985,1,15,16,-6.7,968.1,67.4,0,1.3,3.1,322,NA,NA,12,12,0,9,13,14,9,80,260,267,98,-11.7,-2.8,1.61,-7.9
1985,1,15,17,-7,968.4,68.9,0,0.6,2.7,310,NA,NA,0,0,0,0,0,0,0,80,268,270,98,-11.7,-3.1,1.6,-8.2
1985,1,15,18,-7.4,968.9,71.7,0,0.2,1.3,254,NA,8,0,0,0,0,0,0,0,80,268,269,98,-11.6,-3.5,1.62,-8.4
1985,1,15,19,-7.3,969.1,73.9,0,0.5,2.3,226,NA,NA,1,0,0,0,0,0,0,80,267,270,98,-11.2,-3.2,1.68,-8.3
1985,1,15,20,-7.8,969.6,79,0,1.9,2.8,242,NA,NA,0,0,0,0,0,0,0,80,266,270,98,-10.8,-3.6,1.73,-8.6
1985,1,15,21,-7.9,969.7,80.1,0,1.5,2.2,237,NA,NA,0,0,0,0,0,0,0,80,265,269,98,-10.7,-3.7,1.74,-8.6
1985,1,15,22,-8.1,970.3,80.8,0,1.7,2.8,247,NA,NA,1,0,0,0,0,0,0,80,264,268,98,-10.8,-3.9,1.73,-8.8
1985,1,15,23,-8,970.3,81.2,0,1.8,3,239,NA,NA,0,0,0,0,0,0,0,80,264,268,98,-10.7,-3.7,1.75,-8.7
1985,1,16,0,-8.1,970.2,81.9,0,1.9,3,229,NA,NA,0,0,0,0,0,0,0,80,264,268,98,-10.6,-3.8,1.75,-8.7
1985,1,16,1,-7.9,970.3,81.9,0,1.6,2.6,228,NA,NA,0,0,0,0,0,0,0,80,267,269,98,-10.4,-3.6,1.78,-8.5
1985,1,16,2,-7.8,970.4,81.9,0,1.6,2.3,225,NA,NA,0,0,0,0,0,0,0,80,267,270,98,-10.3,-3.4,1.79,-8.4
1985,1,16,3,-7.9,970.1,82.1,0,2.3,3.1,241,NA,NA,2,0,0,0,0,0,0,80,265,268,98,-10.4,-3.6,1.78,-8.5
1985,1,16,4,-8,970.2,82.5,0,1.7,2.7,240,NA,NA,2,0,0,0,0,0,0,80,266,268,98,-10.5,-3.7,1.78,-8.6
1985,1,16,5,-7.8,970,81.9,0,1.1,2.2,245,NA,NA,0,0,0,0,0,0,0,80,267,270,98,-10.3,-3.4,1.79,-8.4
1985,1,16,6,-7.6,970.1,81.8,0,1.2,3.5,241,NA,8,0,0,0,0,0,0,0,80,266,270,98,-10.2,-3.2,1.82,-8.3
1985,1,16,7,-7.5,970.1,81,0,0.7,1.9,243,NA,NA,3,0,0,0,0,0,0,80,268,271,98,-10.2,-3.1,1.81,-8.2
1985,1,16,8,-7.2,970.3,79.8,0,1.6,2.5,224,NA,NA,20,20,0,14,15,17,17,80,268,272,98,-10.1,-2.7,1.83,-8
1985,1,16,9,-6.5,970.1,79,0,1.6,3.1,229,NA,NA,69,69,0,60,61,56,56,80,272,276,98,-9.5,-1.8,1.91,-7.3
1985,1,16,10,-6.2,970.1,78.2,0,0.9,2.4,231,NA,NA,77,77,0,64,66,63,63,80,274,278,98,-9.4,-1.5,1.93,-7.1
1985,1,16,11,-5.8,969.7,77.2,0,1.2,2.9,243,NA,NA,63,63,0,52,51,52,53,80,275,280,98,-9.1,-1,1.97,-6.7
1985,1,16,12,-5.2,968.9,76.6,0,1,2.1,227,NA,8,98,98,0,80,87,81,80,80,278,284,98,-8.7,-0.2,2.05,-6.2
1985,1,16,13,-4.5,968.7,73.9,0,0.3,1.3,63,NA,NA,154,143,33,116,196,147,116,80,280,288,98,-8.4,0.6,2.08,-5.6
1985,1,16,14,-4,968.6,71.9,0,0.6,1.5,235,NA,NA,136,117,73,101,230,191,101,80,246,270,98,-8.3,1.2,2.11,-5.3
1985,1,16,15,-4.1,968.7,72.9,0,0.4,1.6,209,NA,NA,46,46,0,38,42,42,38,80,243,262,98,-8.2,1.1,2.12,-5.3
1985,1,16,16,-5.3,968.7,76.2,0,1.4,2.2,247,NA,NA,10,10,0,8,9,10,8,80,238,257,98,-8.8,-0.3,2.02,-6.3
1985,1,16,17,-5.8,968.5,78,0,1.7,3.7,229,NA,NA,0,0,0,0,0,0,0,80,273,276,98,-9,-0.9,1.99,-6.7
1985,1,16,18,-6.2,968.6,78.6,0,2.7,4.4,226,NA,8,3,0,0,0,0,0,0,80,271,276,98,-9.3,-1.4,1.95,-7
1985,1,16,19,-7.2,968.2,79.8,0,2.9,4,235,NA,NA,1,0,0,0,0,0,0,80,268,272,98,-10.1,-2.7,1.83,-8
1985,1,16,20,-7.5,968.3,80.2,0,3.1,4.7,238,NA,NA,2,0,0,0,0,0,0,80,268,271,98,-10.3,-3.1,1.8,-8.2
1985,1,16,21,-7.3,967.8,80.5,0,2.4,3.6,241,NA,NA,2,0,0,0,0,0,0,80,268,272,98,-10.1,-2.8,1.83,-8
1985,1,16,22,-7.1,967.7,81,0,2.2,2.9,235,NA,NA,1,0,0,0,0,0,0,80,270,273,98,-9.8,-2.5,1.87,-7.8
1985,1,16,23,-7,966.9,81.6,0,1.8,2.7,232,NA,NA,0,0,0,0,0,0,0,80,268,272,98,-9.6,-2.3,1.9,-7.7
1985,1,17,0,-7,966.5,81.8,0,1.3,2.4,224,NA,NA,0,0,0,0,0,0,0,80,271,274,98,-9.6,-2.3,1.91,-7.7
1985,1,17,1,-6.6,966.3,81.9,0,1.6,2.5,227,NA,NA,0,0,0,0,0,0,0,80,272,275,98,-9.2,-1.8,1.97,-7.3
1985,1,17,2,-6.3,966,82,0,1.2,1.9,227,NA,NA,1,0,0,0,0,0,0,80,273,276,98,-8.9,-1.3,2.02,-7
1985,1,17,3,-6.1,965.3,82.1,0,1.1,1.8,223,NA,NA,0,0,0,0,0,0,0,80,273,277,98,-8.7,-1,2.06,-6.8
1985,1,17,4,-6.1,964.8,82.2,0,0.9,1.6,227,NA,NA,0,0,0,0,0,0,0,80,274,277,98,-8.6,-1,2.06,-6.8
1985,1,17,5,-5.8,964.7,82.1,0,1.1,1.9,248,NA,NA,3,0,0,0,0,0,0,80,275,278,98,-8.4,-0.6,2.11,-6.5
1985,1,17,6,-5.7,964.6,82.7,0,1.4,2.3,243,NA,8,2,0,0,0,0,0,0,80,275,279,98,-8.2,-0.4,2.14,-6.4
1985,1,17,7,-5.5,964.6,83.1,0,1,2.2,266,NA,NA,4,0,0,0,0,0,0,80,276,280,98,-7.9,-0.1,2.18,-6.2
1985,1,17,8,-5.1,964.4,83.6,0,1,2.6,187,NA,NA,26,26,0,20,20,21,21,80,279,282,98,-7.4,0.5,2.26,-5.8
1985,1,17,9,-4.7,964.2,84.4,0,0.9,2.2,150,NA,NA,58,58,0,49,49,48,48,80,280,284,98,-6.9,1.1,2.36,-5.4
1985,1,17,10,-4.5,963.6,83.2,0,0.6,1.8,184,NA,NA,94,94,0,80,85,76,76,80,281,286,98,-6.9,1.3,2.36,-5.2
1985,1,17,11,-4.3,962.6,82.2,0,0.7,2.9,96,NA,NA,127,127,0,106,122,103,102,80,281,288,98,-6.9,1.5,2.37,-5.1
1985,1,17,12,-3.9,961.7,80.9,0,0.9,2.5,84,NA,8,139,137,5,112,140,115,110,80,284,290,98,-6.7,2,2.4,-4.8
1985,1,17,13,-4,961,81.5,0,0.8,2.8,42,NA,NA,107,107,0,86,99,91,86,80,283,289,98,-6.7,1.9,2.41,-4.8
1985,1,17,14,-3.7,960.8,81.9,0,0.6,2.2,15,NA,NA,74,74,0,60,66,64,60,80,284,289,98,-6.3,2.4,2.47,-4.5
1985,1,17,15,-3.8,960.6,82.9,0,1.3,3.6,359,NA,NA,35,35,0,29,28,28,29,80,283,288,98,-6.3,2.3,2.49,-4.6
1985,1,17,16,-4.1,960.5,84.9,0,1.6,4,329,NA,NA,7,7,0,6,5,5,6,80,282,286,98,-6.3,2.1,2.49,-4.8
1985,1,17,17,-3.8,960.3,85,0,1.9,5.7,292,NA,NA,0,0,0,0,0,0,0,80,282,286,98,-5.9,2.5,2.55,-4.5
1985,1,17,18,-4.3,959.9,87.1,0,1.8,3.8,296,NA,8,0,0,0,0,0,0,0,80,281,285,98,-6.1,1.9,2.52,-4.9
1985,1,17,19,-3.9,959.3,88.1,0,0.7,2.5,293,NA,NA,1,0,0,0,0,0,0,80,284,287,98,-5.6,2.6,2.63,-4.4
1985,1,17,20,-3.6,958.6,89,0,0.9,2.6,292,NA,NA,0,0,0,0,0,0,0,80,285,288,98,-5.1,3.1,2.72,-4.1
1985,1,17,21,-3.4,958.2,88.7,0,0.2,1,31,NA,NA,3,0,0,0,0,0,0,80,285,289,98,-5,3.4,2.75,-3.9
1985,1,17,22,-3.4,958,89.6,0,0.6,1.5,259,NA,NA,2,0,0,0,0,0,0,80,286,289,98,-4.9,3.5,2.78,-3.9
1985,1,17,23,-3.5,957.2,90.1,0,1.3,2.7,241,NA,NA,1,0,0,0,0,0,0,80,285,288,98,-4.9,3.4,2.77,-4
1985,1,18,0,-3.8,956.5,90.5,0,0.9,2.8,268,NA,NA,3,0,0,0,0,0,0,80,284,287,98,-5.1,2.9,2.73,-4.2
1985,1,18,1,-4,956,92.6,0,1.3,2.8,139,NA,NA,1,0,0,0,0,0,0,80,283,286,98,-5,2.8,2.75,-4.3
1985,1,18,2,-4.1,955.3,93.5,0,0.4,1.9,133,NA,NA,3,0,0,0,0,0,0,80,283,286,98,-5,2.7,2.76,-4.4
1985,1,18,3,-4.1,954.4,93.9,0,0.3,1.2,266,NA,NA,1,0,0,0,0,0,0,80,283,286,98,-4.9,2.8,2.77,-4.4
1985,1,18,4,-4,954,94.8,0,0.7,1.4,283,NA,NA,0,0,0,0,0,0,0,80,284,286,98,-4.7,3,2.82,-4.2
1985,1,18,5,-3.8,953.4,95.9,0,0.7,1.5,307,NA,NA,1,0,0,0,0,0,0,80,284,288,98,-4.4,3.4,2.9,-4
1985,1,18,6,-3.6,953.4,95.9,0,0.9,2.3,254,NA,8,0,0,0,0,0,0,0,80,285,288,98,-4.2,3.7,2.94,-3.8
1985,1,18,7,-3.4,953.6,96,0,1.6,3.7,243,NA,NA,2,0,0,0,0,0,0,80,286,289,98,-3.9,4,2.99,-3.6
1985,1,18,8,-3.1,953.4,95.3,0,0.6,1.8,217,NA,NA,16,16,0,11,11,13,13,80,288,291,98,-3.7,4.4,3.04,-3.3
1985,1,18,9,-2.7,953.2,95.8,0,0.5,1.3,82,NA,NA,37,37,0,28,28,31,31,80,290,294,98,-3.3,5.1,3.15,-2.9
1985,1,18,10,-2.3,952.8,93.6,0,0.3,1.6,300,NA,NA,83,83,0,70,72,68,68,80,291,297,98,-3.2,5.6,3.17,-2.6
1985,1,18,11,-1.2,951.9,83.4,0,0.4,1.7,227,NA,NA,169,158,27,144,209,131,128,80,297,303,98,-3.6,6.4,3.06,-2
1985,1,18,12,-0.6,951.3,77.8,0,0.7,2.1,220,NA,8,209,180,76,158,320,176,151,80,300,307,98,-4,6.8,2.99,-1.8
1985,1,18,13,0,950.8,72.9,0,0.4,1.5,163,NA,NA,214,181,96,151,344,225,150,80,301,310,98,-4.3,7.3,2.93,-1.5
1985,1,18,14,0.8,951.1,69.9,0,0.1,2,180,NA,NA,144,121,84,105,246,203,106,80,240,281,98,-4.1,8.2,2.97,-1
1985,1,18,15,0.8,950.9,69.7,0,0,0.1,0,NA,NA,58,57,7,46,63,64,46,80,239,277,98,-4.1,8.2,2.96,-1
1985,1,18,16,0.3,950.9,77.8,0,0.7,1.5,102,NA,NA,6,6,0,5,4,3,5,80,239,272,98,-3.1,8.3,3.19,-0.9
1985,1,18,17,0.2,950.9,81.4,0,0.3,0.9,102,NA,NA,0,0,0,0,0,0,0,65,294,296,98,-2.6,8.5,3.32,-0.8
1985,1,18,18,-0.3,951.2,84.2,0,0.2,1.3,243,NA,7,0,0,0,0,0,0,0,65,290,295,98,-2.6,7.9,3.31,-1.1
1985,1,18,19,-0.6,951.5,85.6,0,0.5,1.9,255,NA,NA,0,0,0,0,0,0,0,65,289,294,98,-2.7,7.6,3.29,-1.4
1985,1,18,20,-0.6,952,87.1,0.3,0.7,1.8,256,NA,NA,0,0,0,0,0,0,0,65,298,300,98,-2.5,7.7,3.34,-1.3
1985,1,18,21,-0.6,952,90.8,0.1,0.3,0.9,222,NA,NA,0,0,0,0,0,0,0,65,297,299,98,-1.9,8.1,3.49,-1.1
1985,1,18,22,-0.6,952.2,92.3,0.1,1.2,2.7,247,NA,NA,1,0,0,0,0,0,0,65,299,301,98,-1.7,8.2,3.54,-1
1985,1,18,23,-0.5,952.5,94,1.5,1.2,2.1,237,NA,NA,0,0,0,0,0,0,0,65,299,302,98,-1.3,8.6,3.64,-0.8
1985,1,19,0,-0.3,952.5,93.8,3.1,0.1,1.1,214,NA,NA,1,0,0,0,0,0,0,65,300,302,98,-1.2,8.9,3.68,-0.6
1985,1,19,1,-0.1,953.1,93.9,0.7,0,0.4,0,NA,NA,0,0,0,0,0,0,0,65,301,303,98,-1,9.2,3.74,-0.4
1985,1,19,2,0,953.6,94.2,0.5,0.2,1.1,86,NA,NA,0,0,0,0,0,0,0,65,303,304,98,-0.8,9.4,3.78,-0.3
1985,1,19,3,0.1,954.2,95.1,0.3,0.3,1,352,NA,NA,0,0,0,0,0,0,0,65,302,304,98,-0.6,9.7,3.84,-0.2
1985,1,19,4,0.2,954.9,94.9,0.6,0.1,0.8,207,NA,NA,0,0,0,0,0,0,0,65,302,304,98,-0.5,9.8,3.85,-0.1
1985,1,19,5,0.2,955.5,94.8,0.5,0.1,0.9,202,NA,NA,0,0,0,0,0,0,0,80,303,304,98,-0.5,9.8,3.85,-0.1
1985,1,19,6,0.1,956.1,94.6,0.1,0,0.5,135,NA,8,0,0,0,0,0,0,0,80,302,303,98,-0.7,9.6,3.81,-0.2
1985,1,19,7,0.1,957.1,94.5,0.1,0,0.5,180,NA,NA,2,0,0,0,0,0,0,80,301,303,98,-0.7,9.6,3.8,-0.2
1985,1,19,8,0.2,958,96.1,0.1,0.1,1.1,90,NA,NA,11,11,0,7,7,9,9,80,284,297,98,-0.3,9.9,3.89,0
1985,1,19,9,0.8,958.7,95.5,0,0.4,1.4,260,NA,NA,15,15,0,11,10,13,13,80,291,301,98,0.2,10.9,4.04,0.6
1985,1,19,10,1.9,959.2,87.9,0,2,4.1,203,NA,NA,37,37,0,29,27,31,31,80,294,305,98,0.1,12,4.02,1.2
1985,1,19,11,2.5,959.2,78.9,0,3.2,5,218,NA,NA,137,136,2,115,136,110,109,80,304,311,98,-0.8,11.9,3.76,1.2
1985,1,19,12,2.7,959.4,76.1,0,3.1,5.4,220,NA,7,179,165,34,139,226,148,134,80,304,312,98,-1.1,11.9,3.68,1.2
1985,1,19,13,2.7,959.3,75.2,0,2.2,5.1,210,NA,NA,100,100,0,81,90,84,81,80,305,311,98,-1.2,11.8,3.64,1.1
1985,1,19,14,2.7,959.6,74.4,0,1.9,3.8,214,NA,NA,85,85,0,69,78,75,69,80,305,311,98,-1.4,11.7,3.6,1.1
1985,1,19,15,2.2,959.6,77.5,0,2.2,4.2,229,NA,NA,58,58,4,47,61,62,47,80,304,310,98,-1.3,11.2,3.62,0.8
1985,1,19,16,2.1,959.4,79.6,0,1.9,3.8,229,NA,NA,13,13,0,10,12,13,10,80,302,308,98,-1.1,11.3,3.69,0.8
1985,1,19,17,1.9,959.4,80.8,0,1.2,2.7,259,NA,NA,0,0,0,0,0,0,0,80,264,289,98,-1,11.1,3.69,0.8
1985,1,19,18,1.4,959,83.7,0,1,1.9,227,NA,7,0,0,0,0,0,0,0,80,261,285,98,-1.1,10.6,3.69,0.4
1985,1,19,19,-0.5,958.7,88.7,0,0.8,1.9,233,NA,NA,0,0,0,0,0,0,0,80,251,273,98,-2.1,8,3.41,-1.1
1985,1,19,20,-2,958.2,91.6,0,0.8,1.6,242,NA,NA,0,0,0,0,0,0,0,80,224,254,98,-3.2,5.8,3.15,-2.4
1985,1,19,21,-5.2,957.8,93.7,0,0.8,1.6,227,NA,NA,0,0,0,0,0,0,0,80,202,240,98,-6.1,1.1,2.54,-5.5
1985,1,19,22,-5,957.2,91.9,0,0.7,1.8,240,NA,NA,0,0,0,0,0,0,0,80,202,238,98,-6.1,1.2,2.53,-5.3
1985,1,19,23,-6.6,956.9,91.9,0,0.4,1.2,218,NA,NA,0,0,0,0,0,0,0,80,228,249,98,-7.7,-1.1,2.24,-6.9
1985,1,20,0,-5.5,956.8,91.4,0,1.2,2.5,232,NA,NA,0,0,0,0,0,0,0,80,236,257,98,-6.7,0.5,2.42,-5.9
1985,1,20,1,-3.5,956.9,92.6,0,1.3,2.3,231,NA,NA,2,0,0,0,0,0,0,80,244,268,98,-4.5,3.6,2.85,-3.8
1985,1,20,2,-2.4,957.1,93.4,0,2.2,3.6,231,NA,NA,0,0,0,0,0,0,0,80,291,294,98,-3.3,5.4,3.12,-2.7
1985,1,20,3,-1.8,957.1,93.8,0,1.8,2.8,215,NA,NA,0,0,0,0,0,0,0,80,293,295,98,-2.7,6.4,3.28,-2.1
1985,1,20,4,-1.5,957.1,94.1,0,2.1,2.9,226,NA,NA,0,0,0,0,0,0,0,80,297,298,98,-2.3,6.9,3.36,-1.8
1985,1,20,5,-1.1,957.2,94.5,0,1.7,2.7,230,NA,NA,0,0,0,0,0,0,0,50,296,299,98,-1.9,7.6,3.48,-1.4
1985,1,20,6,-1,957.4,95.2,0,0.9,1.7,231,NA,8,0,0,0,0,0,0,0,50,297,299,98,-1.7,7.8,3.53,-1.3
1985,1,20,7,-1,957.8,95,0,0.2,0.8,270,NA,NA,0,0,0,0,0,0,0,50,297,299,98,-1.7,7.8,3.52,-1.3
1985,1,20,8,-0.4,958.1,94.8,0,0,0.5,180,NA,NA,14,14,0,7,7,9,10,50,300,302,98,-1.1,8.8,3.67,-0.7
1985,1,20,9,0,958.5,95.8,0,0.3,1.4,354,NA,NA,47,47,0,31,30,32,32,50,304,306,98,-0.6,9.5,3.82,-0.2
1985,1,20,10,0.7,958.6,95.8,0,0.4,1.3,190,NA,NA,70,70,0,47,47,46,47,50,304,307,98,0.1,10.7,4.02,0.5
1985,1,20,11,0.9,958,87.8,0,0.4,2.5,246,NA,NA,104,104,0,70,76,68,68,50,305,309,98,-0.9,10.2,3.74,0.2
1985,1,20,12,1,957.7,78.9,0,0.4,1.6,268,NA,8,116,116,0,76,88,77,75,50,305,310,98,-2.2,9.4,3.38,-0.2
1985,1,20,13,1.5,957.5,75.3,0,0.4,1.5,220,NA,NA,146,140,17,90,148,111,90,50,308,313,98,-2.4,9.9,3.35,0
1985,1,20,14,1.6,957.9,75.3,0,0.3,1.5,115,NA,NA,64,64,0,43,44,43,43,50,245,282,98,-2.3,10,3.37,0.1
1985,1,20,15,1.5,958.3,77.8,0,0.5,1.6,286,NA,NA,23,23,0,16,13,13,16,50,245,280,98,-1.9,10.1,3.46,0.2
1985,1,20,16,1.4,958.4,81,0,0.7,2.1,37,NA,NA,7,7,0,5,4,3,5,50,245,280,98,-1.5,10.3,3.57,0.3
1985,1,20,17,1.4,958.3,82.3,0,0.7,1.9,59,NA,NA,0,0,0,0,0,0,0,50,307,308,98,-1.3,10.5,3.63,0.3
1985,1,20,18,1.4,958.1,84.1,0,0.2,1.2,135,NA,8,0,0,0,0,0,0,0,50,306,308,98,-1,10.7,3.71,0.5
1985,1,20,19,1.1,957.8,88.2,0,0.2,1.2,21,NA,NA,0,0,0,0,0,0,0,50,305,307,98,-0.6,10.6,3.81,0.4
1985,1,20,20,0.8,957.7,90,0.1,0,0.9,297,NA,NA,0,0,0,0,0,0,0,50,287,297,98,-0.6,10.3,3.81,0.2
1985,1,20,21,-0.1,957.4,91.8,0,0.2,1.6,180,NA,NA,0,0,0,0,0,0,0,50,280,286,98,-1.3,9,3.64,-0.6
1985,1,20,22,-1.8,957.2,93.2,0,0.3,1.4,245,NA,NA,0,0,0,0,0,0,0,50,273,278,98,-2.8,6.3,3.26,-2.2
1985,1,20,23,-4,957.1,94.8,0,0.5,1.2,218,NA,NA,0,0,0,0,0,0,0,50,207,244,98,-4.7,3,2.81,-4.2
1985,1,21,0,-5.3,956.8,93.2,0,0.3,1.1,237,NA,NA,0,0,0,0,0,0,0,50,203,239,98,-6.2,0.9,2.51,-5.6
1985,1,21,1,-5.7,956.6,92.3,0,0.8,1.3,230,NA,NA,0,0,0,0,0,0,0,50,207,242,98,-6.7,0.2,2.41,-6
1985,1,21,2,-4.6,956.3,92.9,0,0.7,1.5,219,NA,NA,0,0,0,0,0,0,0,50,281,282,98,-5.6,1.9,2.64,-4.9
1985,1,21,3,-3.7,956.1,93.8,0,1,2,218,NA,NA,0,0,0,0,0,0,0,50,286,288,98,-4.6,3.4,2.85,-4
1985,1,21,4,-3.7,955.9,95,0,0.6,1.6,233,NA,NA,0,0,0,0,0,0,0,50,283,287,98,-4.4,3.4,2.89,-3.9
1985,1,21,5,-3.8,955.7,95,0,0.4,1.1,223,NA,NA,0,0,0,0,0,0,0,50,284,288,98,-4.5,3.3,2.87,-4
1985,1,21,6,-3.5,955.6,95,0,1.2,1.8,254,NA,8,1,0,0,0,0,0,0,50,287,290,98,-4.2,3.8,2.93,-3.7
1985,1,21,7,-3.3,955.6,95,0,0.9,2.2,249,NA,NA,6,0,0,0,0,0,0,50,287,290,98,-4,4.1,2.98,-3.5
1985,1,21,8,-3,955.5,96,0,0.1,2.3,353,NA,NA,35,35,0,24,23,23,23,50,289,293,98,-3.5,4.6,3.08,-3.2
1985,1,21,9,-2.5,956,97,0,1,2.2,262,NA,NA,52,52,0,35,34,35,35,50,290,295,98,-2.9,5.5,3.22,-2.6
1985,1,21,10,-1.9,955.4,98.4,0,0.6,1.5,282,NA,NA,124,123,0,89,101,78,79,50,296,300,98,-2.1,6.6,3.42,-2
1985,1,21,11,-0.9,954.5,98.8,0,0.8,2.3,237,NA,NA,143,141,6,97,122,91,90,50,298,303,98,-1.1,8.3,3.7,-1
1985,1,21,12,-0.5,953.7,95,0.3,0.6,1.9,302,NA,8,125,125,0,82,98,83,81,50,300,304,98,-1.2,8.6,3.67,-0.8
1985,1,21,13,0.1,953.3,92.2,0.5,0.2,0.9,53,NA,NA,79,79,0,53,54,53,53,50,303,306,98,-1,9.4,3.72,-0.3
1985,1,21,14,0.4,953.5,90.4,0.6,0.3,2.2,23,NA,NA,44,44,0,30,27,27,30,50,303,306,98,-1,9.7,3.73,-0.1
1985,1,21,15,0.7,953.5,91.4,1.5,0.4,1.6,360,NA,NA,17,17,0,12,9,9,12,50,306,307,98,-0.5,10.3,3.85,0.2
1985,1,21,16,0.9,953.4,91.8,1.9,0.3,1.2,287,NA,NA,3,3,0,2,1,1,2,50,305,307,98,-0.3,10.7,3.93,0.4
1985,1,21,17,1.9,953.6,89.6,3.3,0.3,1.9,16,NA,NA,1,0,0,0,0,0,0,50,310,310,98,0.4,12.2,4.12,1.3
1985,1,21,18,1.5,953.3,92.2,3.7,0.8,2.3,236,NA,8,0,0,0,0,0,0,0,50,306,308,98,0.4,11.8,4.12,1
1985,1,21,19,1.5,953.4,93.1,2.5,0.6,1.7,223,NA,NA,0,0,0,0,0,0,0,50,307,308,98,0.5,11.9,4.16,1.1
1985,1,21,20,1.8,953.6,92.1,2.6,1.1,2.5,231,NA,NA,2,0,0,0,0,0,0,50,312,312,98,0.7,12.3,4.21,1.3
1985,1,21,21,1.1,953.8,94.3,1.6,0.8,2,230,NA,NA,0,0,0,0,0,0,0,50,307,308,98,0.3,11.3,4.09,0.8
1985,1,21,22,0.9,953.7,94.7,0.8,0.4,2,270,NA,NA,3,0,0,0,0,0,0,50,306,308,98,0.1,11,4.05,0.6
1985,1,21,23,1,953.5,94.5,0,0.4,1.2,205,NA,NA,2,0,0,0,0,0,0,50,307,308,98,0.2,11.2,4.07,0.7
1985,1,22,0,1,952.8,94.7,0,0.8,2.5,267,NA,NA,1,0,0,0,0,0,0,50,306,308,98,0.2,11.2,4.09,0.7
1985,1,22,1,1.2,952.8,94.5,0,0.6,1.4,199,NA,NA,3,0,0,0,0,0,0,50,308,309,98,0.4,11.5,4.14,0.9
1985,1,22,2,0.9,952.3,94.8,0,0.4,1.4,279,NA,NA,2,0,0,0,0,0,0,50,297,303,98,0.2,11,4.06,0.6
1985,1,22,3,1.1,951.7,94.6,0.3,0.8,2,217,NA,NA,0,0,0,0,0,0,0,50,301,306,98,0.3,11.4,4.12,0.8
1985,1,22,4,1.3,951.7,94.7,1.1,0.4,1.7,239,NA,NA,0,0,0,0,0,0,0,50,298,304,98,0.5,11.7,4.18,1
1985,1,22,5,1.2,951.3,94.6,0.1,0.3,1.1,312,NA,NA,0,0,0,0,0,0,0,50,308,309,98,0.4,11.6,4.15,0.9
1985,1,22,6,1.5,951.6,94.8,0.3,0.7,2.2,146,NA,8,0,0,0,0,0,0,0,50,307,309,98,0.8,12.1,4.25,1.2
1985,1,22,7,1.7,952.2,94.8,0.8,0.4,1.9,16,NA,NA,0,0,0,0,0,0,0,50,310,310,98,1,12.5,4.31,1.4
1985,1,22,8,2,952.6,94.7,0.6,0.6,1.6,222,NA,NA,18,18,0,10,10,12,12,50,286,299,98,1.2,13,4.39,1.7
1985,1,22,9,2.5,952.6,95,0.6,0.4,1.8,225,NA,NA,38,38,0,23,23,25,26,50,290,302,98,1.8,13.9,4.57,2.2
1985,1,22,10,3.2,952.5,95.7,0.5,0.5,1.6,62,NA,NA,75,75,0,51,51,50,50,50,292,305,98,2.6,15.3,4.84,2.9
1985,1,22,11,3.5,952,96.3,0.5,0.5,1.8,61,NA,NA,86,86,0,58,59,57,57,50,284,302,98,3,16,4.98,3.3
1985,1,22,12,3.6,951.2,95.2,1.1,0.5,2.1,339,NA,8,44,44,0,30,26,29,30,50,287,304,98,2.9,16,4.96,3.3
1985,1,22,13,4.3,950.9,94.4,2.6,0.8,2.1,96,NA,NA,36,36,0,25,21,23,25,50,290,305,98,3.5,17.3,5.17,3.9
1985,1,22,14,4.3,951,93.2,2.3,0.4,1.2,63,NA,NA,22,22,0,15,12,13,15,50,290,305,98,3.3,17.1,5.1,3.8
1985,1,22,15,4.1,951.3,93.2,2.1,0.3,1.3,72,NA,NA,14,14,0,10,7,7,10,50,286,302,98,3.1,16.7,5.03,3.6
1985,1,22,16,3.7,951.7,93.8,2.6,0.4,1.6,252,NA,NA,0,0,0,0,0,0,0,50,284,301,98,2.8,16,4.92,3.3
1985,1,22,17,3.7,952.1,93.9,2.3,0.4,1.8,189,NA,NA,0,0,0,0,0,0,0,50,287,303,98,2.8,16,4.92,3.3
1985,1,22,18,3.6,952.2,93.7,2.4,0.1,1.2,180,NA,8,1,0,0,0,0,0,0,50,284,301,98,2.7,15.8,4.88,3.2
1985,1,22,19,3.1,952.4,93.6,2.6,0.2,0.9,270,NA,NA,1,0,0,0,0,0,0,50,280,298,98,2.2,14.9,4.7,2.7
1985,1,22,20,3.4,952.9,92.8,3.3,0.6,2.1,225,NA,NA,0,0,0,0,0,0,0,50,319,319,98,2.3,15.3,4.76,2.9
1985,1,22,21,3.4,953.1,93.7,1.3,0.1,1.1,360,NA,NA,3,0,0,0,0,0,0,50,321,321,98,2.5,15.4,4.8,3
1985,1,22,22,2.8,953.4,94.8,0.8,0.7,1.5,238,NA,NA,0,0,0,0,0,0,0,50,312,313,98,2.1,14.5,4.65,2.5
1985,1,22,23,2.5,953.3,95.3,0.1,0.5,1.4,223,NA,NA,0,0,0,0,0,0,0,50,312,313,98,1.8,14,4.58,2.2
1985,1,23,0,2.3,953.7,95.4,0.4,1,2.1,232,NA,NA,2,0,0,0,0,0,0,50,314,314,98,1.6,13.6,4.52,2
1985,1,23,1,2.4,954,95,0.4,0.7,2,236,NA,NA,0,0,0,0,0,0,0,50,311,312,98,1.7,13.7,4.53,2.1
1985,1,23,2,3.5,954.1,93.4,2.9,0.7,3.4,111,NA,NA,1,0,0,0,0,0,0,50,321,321,98,2.5,15.6,4.82,3.1
1985,1,23,3,2.9,954.5,95.5,0.5,0.5,1.8,70,NA,NA,0,0,0,0,0,0,0,50,316,316,98,2.3,14.7,4.72,2.6
1985,1,23,4,3.4,954.3,94.6,1.4,0.6,1.9,35,NA,NA,0,0,0,0,0,0,0,50,322,322,98,2.6,15.5,4.84,3
1985,1,23,5,3.2,954.4,94.5,2,0.9,2.4,233,NA,NA,1,0,0,0,0,0,0,30,315,315,98,2.4,15.2,4.77,2.8
1985,1,23,6,3.5,954.7,93.3,1.9,0.6,3,289,NA,8,0,0,0,0,0,0,0,30,318,318,98,2.5,15.6,4.81,3.1
1985,1,23,7,3.5,955.1,94.8,0.1,0.4,1.8,65,NA,NA,3,0,0,0,0,0,0,30,316,316,98,2.7,15.7,4.88,3.1
1985,1,23,8,3.4,955.9,95,0,0.3,1.4,252,NA,NA,23,23,0,11,11,13,13,30,316,316,98,2.7,15.6,4.85,3.1
1985,1,23,9,3.5,956.1,95.6,0,0.4,2.3,172,NA,NA,76,76,0,47,48,41,42,30,319,319,98,2.9,15.8,4.92,3.2
1985,1,23,10,4.8,955.9,96.5,0,0.6,1.5,30,NA,NA,155,152,8,101,125,78,79,30,329,329,98,4.3,18.5,5.45,4.6
1985,1,23,11,6.5,955.4,95.6,0,0.6,3.2,90,NA,NA,197,191,13,117,195,99,96,30,318,327,98,5.8,21.8,6.08,6.2
1985,1,23,12,9.3,955,79.2,0,2.5,6.1,203,NA,7,179,176,7,95,145,99,91,30,323,333,98,5.9,24.7,6.1,7.6
1985,1,23,13,9,954.6,76.3,0,3.7,5.6,213,NA,NA,126,126,0,68,88,74,68,30,317,329,98,5.1,23.5,5.76,7.1
1985,1,23,14,9.7,954.4,75.6,0,3.1,6.1,201,NA,NA,125,119,23,63,118,100,63,30,323,334,98,5.6,24.8,5.98,7.6
1985,1,23,15,9.6,954.1,75.4,0,3.2,6.9,207,NA,NA,57,57,0,31,37,37,31,30,321,334,98,5.5,24.6,5.93,7.5
1985,1,23,16,7.8,953.9,80.7,0,2.7,4.5,223,NA,NA,11,11,0,6,6,5,6,30,309,320,98,4.7,22,5.62,6.3
1985,1,23,17,7.7,953.9,84.5,0,2.1,4.4,216,NA,NA,0,0,0,0,0,0,0,30,315,322,96,5.3,22.4,5.84,6.5
1985,1,23,18,8.3,953,79,0,3.4,6.8,218,NA,8,0,0,0,0,0,0,0,30,318,324,96,4.9,22.7,5.69,6.6
1985,1,23,19,7.7,953.2,82.1,0.8,3.8,7.5,237,NA,NA,0,0,0,0,0,0,0,30,307,319,96,4.8,22,5.68,6.3
1985,1,23,20,6,954,76.3,0.1,1.6,10.5,258,NA,NA,0,0,0,0,0,0,0,30,320,320,96,2.2,17.8,4.69,4.3
1985,1,23,21,4.5,956,64.8,0,2.8,10.7,328,NA,NA,0,0,0,0,0,0,0,30,306,309,96,-1.5,13.5,3.57,2.1
1985,1,23,22,2.7,959.1,68.1,0,4.4,12.4,10,NA,NA,0,0,0,0,0,0,0,30,302,305,96,-2.6,10.9,3.29,0.7
1985,1,23,23,1.6,961.9,86,0,1.4,5.7,94,NA,NA,0,0,0,0,0,0,0,30,299,302,96,-0.5,11.2,3.84,0.8
1985,1,24,0,1,961.9,89,0.2,0.9,2.1,135,NA,NA,0,0,0,0,0,0,0,30,297,300,96,-0.6,10.5,3.8,0.4
1985,1,24,1,1.1,962.2,91.7,0.1,1.4,3.3,190,NA,NA,0,0,0,0,0,0,0,30,297,300,96,-0.1,11,3.94,0.6
1985,1,24,2,0.9,962.1,92.9,0,2.1,3.5,205,NA,NA,0,0,0,0,0,0,0,30,280,292,96,-0.1,10.7,3.94,0.5
1985,1,24,3,1.1,962.1,91.5,0,1.1,2.4,182,NA,NA,0,0,0,0,0,0,0,30,282,293,96,-0.1,10.9,3.94,0.6
1985,1,24,4,1.2,962.4,84.7,0,1,4,199,NA,NA,0,0,0,0,0,0,0,30,280,291,96,-1.1,10.4,3.67,0.3
1985,1,24,5,1.5,962.8,79.3,0,1.5,5.9,177,NA,NA,0,0,0,0,0,0,0,30,282,293,96,-1.7,10.3,3.51,0.3
1985,1,24,6,1.2,963.6,82.1,0,3.1,6,205,NA,7,2,0,0,0,0,0,0,30,297,303,98,-1.5,10.1,3.55,0.2
1985,1,24,7,1.4,964.5,82.1,0,2.5,5.4,210,NA,NA,4,4,0,2,2,2,2,30,298,304,98,-1.3,10.4,3.6,0.3
1985,1,24,8,1.2,965.7,81.2,0,3.5,7.2,215,NA,NA,27,27,0,13,14,15,15,30,296,303,98,-1.7,10,3.5,0.1
1985,1,24,9,1.6,966.7,78.7,0,2.3,4.8,233,NA,NA,70,70,0,42,42,38,39,30,300,306,98,-1.7,10.3,3.49,0.3
1985,1,24,10,2.3,967.3,74,0,1,3.2,207,NA,NA,143,124,53,112,161,70,70,30,304,311,98,-1.8,10.9,3.45,0.7
1985,1,24,11,3.5,967.5,57.6,0,1.9,5.2,253,NA,NA,428,153,674,264,873,137,130,30,276,305,96,-4.1,10.8,2.92,0.7
1985,1,24,12,3.8,967.7,44.7,0,1.6,4.8,309,NA,4,441,159,679,144,891,221,133,30,273,309,96,-7.1,9.6,2.31,0
1985,1,24,13,3.5,967.5,42.1,0,2.3,5.3,323,NA,NA,197,148,130,87,288,163,87,30,273,298,96,-8.2,8.8,2.13,-0.4
1985,1,24,14,3.4,967.9,42.5,0,2.5,4.6,314,NA,NA,216,141,253,86,385,295,86,30,252,289,96,-8.1,8.8,2.14,-0.5
1985,1,24,15,3,968,43.7,0,2.4,5,342,NA,NA,190,128,342,70,368,398,69,30,249,285,96,-8.1,8.3,2.13,-0.7
1985,1,24,16,2,967.7,45.3,0,0.7,1.8,19,NA,NA,35,35,0,16,38,53,16,30,243,272,96,-8.6,7.2,2.06,-1.4
1985,1,24,17,0.6,968,52.6,0,0.7,2.8,360,NA,NA,0,0,0,0,0,0,0,30,222,258,96,-8,6,2.16,-2.2
1985,1,24,18,-1.1,968.4,63.8,0,0.8,1.9,233,NA,1,0,0,0,0,0,0,0,30,218,250,96,-7.1,4.7,2.32,-3
1985,1,24,19,-1.8,967.8,72.8,0,0.4,1.2,219,NA,NA,0,0,0,0,0,0,0,30,218,249,96,-6,4.4,2.51,-3.2
1985,1,24,20,-2.3,967.5,79.3,0,0.4,1.4,228,NA,NA,0,0,0,0,0,0,0,30,217,247,96,-5.4,4.3,2.64,-3.3
1985,1,24,21,-3.1,966.8,84.7,0,0.5,1.2,223,NA,NA,0,0,0,0,0,0,0,30,214,246,96,-5.3,3.5,2.66,-3.8
1985,1,24,22,-3.7,966.3,87.8,0,0.8,1.5,228,NA,NA,1,0,0,0,0,0,0,30,212,244,96,-5.4,2.8,2.64,-4.2
1985,1,24,23,-3.9,966,89,0,1.2,2.4,232,NA,NA,0,0,0,0,0,0,0,30,212,243,96,-5.4,2.6,2.63,-4.4
1985,1,25,0,-4.2,965.5,89,0,0.9,2.2,241,NA,NA,0,0,0,0,0,0,0,30,212,242,96,-5.7,2.2,2.58,-4.7
1985,1,25,1,-4.7,965.4,89.9,0,0.6,1.3,221,NA,NA,0,0,0,0,0,0,0,30,208,240,96,-6.1,1.5,2.51,-5.1
1985,1,25,2,-4.7,965.3,90.5,0,1,1.9,222,NA,NA,0,0,0,0,0,0,0,30,219,247,96,-6,1.5,2.52,-5.1
1985,1,25,3,-3.5,965.4,90.3,0,1.9,3.3,238,NA,NA,3,0,0,0,0,0,0,30,224,255,96,-4.9,3.3,2.76,-4
1985,1,25,4,-2.7,965.2,89,0,0.4,1.4,227,NA,NA,2,0,0,0,0,0,0,30,228,258,96,-4.3,4.5,2.89,-3.2
1985,1,25,5,-2.2,964.7,87.8,0,0.3,1.5,277,NA,NA,4,0,0,0,0,0,0,30,292,292,96,-3.9,5.1,2.96,-2.8
1985,1,25,6,-1.7,964.7,84.5,0,0.6,2.8,260,NA,8,2,0,0,0,0,0,0,30,292,292,96,-4,5.6,2.95,-2.5
1985,1,25,7,-1.2,965.2,81,0,1.9,3.9,215,NA,NA,4,4,0,2,2,2,2,30,296,296,96,-4,6.1,2.93,-2.2
1985,1,25,8,-0.8,965.2,79.6,0,0.6,2.6,169,NA,NA,22,22,0,10,10,12,13,30,288,291,96,-3.9,6.6,2.97,-1.9
1985,1,25,9,-0.3,964.6,76.8,0,0.7,2.5,350,NA,NA,103,101,5,72,75,53,54,30,292,296,96,-3.9,7.1,2.97,-1.6
1985,1,25,10,1.2,963.6,65,0,1.9,4.9,208,NA,NA,205,159,125,186,297,89,90,30,300,306,96,-4.6,8.2,2.81,-0.9
1985,1,25,11,3.4,962.2,56.9,0,3.8,6,222,NA,NA,433,154,676,267,875,138,131,30,281,305,96,-4.3,10.6,2.88,0.5
1985,1,25,12,4.4,961,53.8,0,4.2,6.8,212,NA,5,490,162,784,153,995,239,142,30,285,311,96,-4.1,11.7,2.92,1.2
1985,1,25,13,5.4,960.2,52.1,0,4.2,6.4,229,NA,NA,405,152,666,126,830,396,125,30,288,313,96,-3.6,13,3.04,1.9
1985,1,25,14,5.1,959.8,53.4,0,4.1,7,217,NA,NA,163,114,164,72,280,218,72,30,304,314,96,-3.6,12.8,3.05,1.7
1985,1,25,15,4.8,959.5,55,0,5.4,8.8,223,NA,NA,36,36,0,20,19,18,20,30,302,310,96,-3.5,12.5,3.08,1.6
1985,1,25,16,4.7,958.6,54,0,4,6.7,227,NA,NA,6,6,0,3,2,1,3,30,301,309,96,-3.8,12.3,3.01,1.5
1985,1,25,17,3.8,958.2,56.4,0,1.3,5.1,210,NA,NA,0,0,0,0,0,0,0,30,250,279,96,-4.1,11.2,2.95,0.8
1985,1,25,18,3.3,957.4,58.7,0,1.1,2.7,203,NA,7,3,0,0,0,0,0,0,30,245,275,96,-4,10.7,2.96,0.6
1985,1,25,19,2.6,956.5,63.3,0,2.9,6,238,NA,NA,2,0,0,0,0,0,0,30,250,277,96,-3.7,10.2,3.05,0.3
1985,1,25,20,3.6,955.8,60.8,0,3.9,8,235,NA,NA,2,0,0,0,0,0,0,30,248,279,96,-3.3,11.5,3.14,1
1985,1,25,21,4.4,954.8,58.9,0,5.9,9.2,227,NA,NA,2,0,0,0,0,0,0,30,250,284,96,-2.9,12.5,3.23,1.6
1985,1,25,22,3.8,955,62.4,0,6.7,9.6,237,NA,NA,3,0,0,0,0,0,0,30,254,286,96,-2.7,12,3.28,1.3
1985,1,25,23,4,954.7,67.7,0,5.3,8.6,214,NA,NA,1,0,0,0,0,0,0,30,285,299,96,-1.4,13,3.61,1.8
1985,1,26,0,4.1,954.5,76.1,0.2,4.2,9.5,214,NA,NA,2,0,0,0,0,0,0,30,283,300,96,0.3,14.4,4.09,2.5
1985,1,26,1,3.7,954.2,80.6,0.1,2.5,5.3,198,NA,NA,1,0,0,0,0,0,0,30,284,299,96,0.7,14.3,4.21,2.4
1985,1,26,2,3,953.8,86,0.2,2.7,6.5,227,NA,NA,0,0,0,0,0,0,0,30,282,297,96,0.9,13.7,4.28,2.1
1985,1,26,3,2.7,953.7,89.9,1.5,5.8,9.3,232,NA,NA,1,0,0,0,0,0,0,30,280,296,96,1.2,13.7,4.38,2.1
1985,1,26,4,2.5,953.5,92.2,2,4.1,6.4,221,NA,NA,1,0,0,0,0,0,0,30,279,295,96,1.4,13.6,4.43,2
1985,1,26,5,2.5,953,90.9,1.3,4.7,9,226,NA,NA,1,0,0,0,0,0,0,14,287,299,96,1.2,13.4,4.37,1.9
1985,1,26,6,2.4,952.9,91.6,2,3.3,6.3,254,NA,8,2,0,0,0,0,0,0,14,286,299,96,1.2,13.3,4.37,1.9
1985,1,26,7,2,952.8,92.6,3.2,2.3,5.3,270,NA,NA,3,3,0,1,1,1,1,14,285,296,96,0.9,12.7,4.29,1.5
1985,1,26,8,1.5,952.7,93.7,2.3,0.4,1.4,141,NA,NA,7,7,0,2,2,3,4,14,282,293,96,0.6,12,4.19,1.1
1985,1,26,9,1.2,952.9,93.2,2.5,0.1,0.8,45,NA,NA,13,13,0,5,4,6,7,14,280,292,96,0.2,11.4,4.08,0.8
1985,1,26,10,0.8,953.1,94.9,1.6,0,0.8,135,NA,NA,22,22,0,10,8,11,11,14,281,292,96,0.1,10.9,4.03,0.5
1985,1,26,11,1,952.6,95.2,0.8,0.3,1.6,98,NA,NA,37,37,0,17,14,18,18,14,298,300,96,0.3,11.3,4.11,0.7
1985,1,26,12,1.5,952.1,94.6,0.1,0.7,6.7,13,NA,7,154,152,6,83,115,85,81,30,302,305,96,0.7,12.1,4.24,1.2
1985,1,26,13,2.6,951.8,92.1,0.2,0.7,2.5,88,NA,NA,107,107,0,59,68,61,58,30,305,309,96,1.4,13.8,4.46,2.1
1985,1,26,14,2.6,951.9,92,0.1,1.2,3.4,17,NA,NA,43,43,0,25,21,22,24,30,314,314,96,1.4,13.8,4.46,2.1
1985,1,26,15,2.8,951.7,92.6,0.1,0.6,1.6,62,NA,NA,29,29,0,17,14,14,16,30,315,315,96,1.7,14.2,4.55,2.3
1985,1,26,16,2.8,951.9,93.4,0.4,0.7,2.1,54,NA,NA,8,8,0,5,3,2,5,30,316,316,96,1.8,14.3,4.59,2.4
1985,1,26,17,2.5,951.8,94.4,0,0.9,3.2,39,NA,NA,0,0,0,0,0,0,0,30,297,302,96,1.7,13.9,4.54,2.2
1985,1,26,18,2.6,952.2,94,0.1,0.3,1.5,240,NA,6,4,0,0,0,0,0,0,30,296,303,96,1.7,14,4.55,2.2
1985,1,26,19,2.5,952.3,94.3,0.2,0.6,2,270,NA,NA,2,0,0,0,0,0,0,30,294,301,96,1.7,13.9,4.54,2.2
1985,1,26,20,2.5,952.7,95,0,1.2,2.9,53,NA,NA,2,0,0,0,0,0,0,30,297,303,96,1.8,13.9,4.57,2.2
1985,1,26,21,2.9,953.5,94.2,2.8,0.5,1.5,212,NA,NA,2,0,0,0,0,0,0,30,309,309,96,2.1,14.6,4.66,2.6
1985,1,26,22,3.5,954.3,93.9,2.9,0.5,1.6,113,NA,NA,4,0,0,0,0,0,0,30,308,310,96,2.6,15.6,4.84,3.1
1985,1,26,23,3,954.7,95.1,1.2,0.4,2.1,101,NA,NA,2,0,0,0,0,0,0,30,317,317,96,2.3,14.8,4.73,2.7
1985,1,27,0,2.7,955.5,95.3,0.4,0.4,1.2,30,NA,NA,2,0,0,0,0,0,0,30,315,315,96,2,14.3,4.63,2.4
1985,1,27,1,2.7,956.4,95.2,0.1,0.3,1.5,34,NA,NA,2,0,0,0,0,0,0,30,317,317,96,2,14.3,4.63,2.4
1985,1,27,2,2.9,957.5,94.8,0.2,0.4,1.8,241,NA,NA,2,0,0,0,0,0,0,30,308,308,96,2.2,14.6,4.67,2.6
1985,1,27,3,3,958.2,94.7,0.1,0.7,2.7,237,NA,NA,2,0,0,0,0,0,0,30,311,311,96,2.2,14.8,4.69,2.7
1985,1,27,4,3.1,959.1,94.7,0.1,1.2,3.5,212,NA,NA,0,0,0,0,0,0,0,30,309,309,96,2.3,14.9,4.72,2.7
1985,1,27,5,3.4,960.2,94,0.4,0.4,2.1,333,NA,NA,1,0,0,0,0,0,0,30,305,308,96,2.5,15.4,4.78,3
1985,1,27,6,3.4,961.2,94.3,0.1,0.6,2.2,149,NA,7,0,0,0,0,0,0,0,14,311,311,96,2.6,15.4,4.79,3
1985,1,27,7,3.1,962.5,92.2,0,0.8,3.1,330,NA,NA,7,7,0,4,3,3,3,14,308,308,96,2,14.6,4.58,2.6
1985,1,27,8,3.5,963.8,84.1,0,1.8,3.6,64,NA,NA,53,53,1,33,31,24,24,14,309,310,96,1.1,14.3,4.29,2.5
1985,1,27,9,4,965.2,74.8,0,1.7,4.4,40,NA,NA,55,55,0,26,26,26,27,14,311,314,96,-0.1,13.9,3.94,2.3
1985,1,27,10,4.1,965.8,59.5,0,2,5.5,4,NA,NA,68,68,0,33,32,32,33,14,310,314,96,-3.1,12,3.15,1.3
1985,1,27,11,4.4,966.1,55,0,2.2,5,30,NA,NA,141,141,0,69,87,63,63,14,302,313,96,-3.8,11.9,2.98,1.3
1985,1,27,12,4.7,965.9,51.4,0,3.8,8.2,351,NA,6,280,193,203,99,402,128,88,14,303,317,96,-4.5,11.8,2.84,1.2
1985,1,27,13,5.1,966.2,49.3,0,2.9,6.4,25,NA,NA,358,118,617,82,719,326,81,14,303,320,96,-4.6,12.1,2.8,1.4
1985,1,27,14,5.3,966.2,48.1,0,1.6,5,58,NA,NA,294,73,719,64,685,503,64,14,274,309,96,-4.8,12.3,2.77,1.5
1985,1,27,15,4.9,966.4,49.3,0,2.3,4.1,68,NA,NA,155,55,523,43,430,475,43,14,270,300,96,-4.8,11.8,2.76,1.3
1985,1,27,16,2.7,966.4,56.2,0,1.8,3.6,30,NA,NA,22,20,27,11,35,52,11,14,262,284,96,-5.1,9.4,2.69,-0.1
1985,1,27,17,1.3,966.6,61.8,0,0.8,2.5,1,NA,NA,0,0,0,0,0,0,0,14,237,264,96,-5.2,8,2.68,-1
1985,1,27,18,1,966.6,63,0,0.8,1.9,94,NA,1,0,0,0,0,0,0,0,14,236,262,96,-5.2,7.7,2.67,-1.2
1985,1,27,19,-0.6,966.2,72.3,0,0.4,1.6,74,NA,NA,0,0,0,0,0,0,0,14,230,257,96,-5,6.2,2.73,-2.1
1985,1,27,20,-1.2,966,81.8,0,0.3,1.2,241,NA,NA,0,0,0,0,0,0,0,14,241,262,96,-3.9,6.2,2.96,-2.1
1985,1,27,21,-1.1,965.6,82.8,0,0.4,1.6,27,NA,NA,0,0,0,0,0,0,0,14,244,264,96,-3.6,6.4,3.02,-2
1985,1,27,22,-1.3,965.5,82.2,0,0.9,2.2,279,NA,NA,0,0,0,0,0,0,0,14,238,260,96,-3.9,6,2.96,-2.2
1985,1,27,23,-2.1,965.3,85.8,0,0.7,1.6,226,NA,NA,0,0,0,0,0,0,0,14,222,252,96,-4.2,5.1,2.91,-2.8
1985,1,28,0,-2.3,964.9,89.5,0,0.9,1.8,228,NA,NA,0,0,0,0,0,0,0,14,220,253,96,-3.8,5.1,2.99,-2.8
1985,1,28,1,-2.5,965,90.5,0,1,1.8,239,NA,NA,0,0,0,0,0,0,0,14,220,253,96,-3.8,4.9,2.98,-2.9
1985,1,28,2,-2,964.6,90.7,0,0.6,1.3,226,NA,NA,0,0,0,0,0,0,0,14,223,256,96,-3.3,5.7,3.1,-2.5
1985,1,28,3,-1.7,964.2,91,0,0.1,0.9,217,NA,NA,0,0,0,0,0,0,0,14,225,258,96,-3,6.2,3.18,-2.2
1985,1,28,4,-1.4,964,91.4,0,0.3,1.2,235,NA,NA,1,0,0,0,0,0,0,14,225,259,96,-2.6,6.7,3.27,-1.8
1985,1,28,5,-1.2,963.9,90.8,0,1.1,2.7,231,NA,NA,0,0,0,0,0,0,0,14,246,269,96,-2.5,7,3.3,-1.7
1985,1,28,6,-1.6,963.6,90,0,0.4,1.4,239,NA,8,0,0,0,0,0,0,0,14,240,263,96,-3,6.3,3.17,-2.1
1985,1,28,7,-1.7,964.1,90.5,0,0.5,1.7,219,NA,NA,6,6,0,3,3,3,3,14,238,260,96,-3,6.2,3.17,-2.2
1985,1,28,8,-1.2,964.6,91.7,0,0.3,1.1,261,NA,NA,82,34,307,298,241,27,27,14,282,288,96,-2.4,7.1,3.33,-1.6
1985,1,28,9,-0.2,965.3,87.3,0.2,0.7,2.2,273,NA,NA,23,23,0,9,8,11,11,14,283,292,96,-2.1,8.3,3.4,-0.9
1985,1,28,10,0,965.8,91.6,1.4,0.6,1.7,224,NA,NA,46,46,0,21,19,22,23,14,285,293,96,-1.2,9,3.62,-0.5
1985,1,28,11,0.5,965.4,86.7,0,0.4,1.7,255,NA,NA,163,158,11,96,139,85,84,30,269,293,98,-1.5,9.4,3.56,-0.3
1985,1,28,12,1.1,965.3,81.1,0.3,0.2,1.2,205,NA,8,127,127,0,70,84,71,69,30,272,294,98,-1.8,9.8,3.48,0
1985,1,28,13,1.5,965.1,84.1,0.2,0.1,1.2,194,NA,NA,87,87,0,49,51,49,48,30,274,296,98,-0.9,10.8,3.71,0.6
1985,1,28,14,1.4,965.7,89.4,0.8,0.8,3.3,13,NA,NA,49,49,0,28,26,26,28,30,282,298,98,-0.1,11.2,3.92,0.8
1985,1,28,15,1.9,966.3,92.1,0.1,0.6,2.5,90,NA,NA,57,57,0,31,35,35,31,30,284,300,98,0.8,12.4,4.18,1.4
1985,1,28,16,2.2,966.7,91.3,0.2,0.4,4.8,266,NA,NA,11,11,0,6,5,5,6,30,285,300,98,0.9,12.8,4.23,1.7
1985,1,28,17,2.2,967.5,91.8,0.2,0.5,4,227,NA,NA,0,0,0,0,0,0,0,30,286,296,96,1,12.8,4.25,1.7
1985,1,28,18,1.6,968.4,93.1,1.1,1.3,3.2,4,NA,7,1,0,0,0,0,0,0,30,284,295,96,0.6,11.9,4.13,1.2
1985,1,28,19,1.8,968.9,93.4,0,1,3.6,232,NA,NA,1,0,0,0,0,0,0,30,283,294,96,0.9,12.3,4.2,1.4
1985,1,28,20,1.5,969.6,93.6,0,0.4,2.7,153,NA,NA,0,0,0,0,0,0,0,30,302,303,96,0.6,11.8,4.11,1.1
1985,1,28,21,2,969.9,93.1,0,1.3,3.9,260,NA,NA,1,0,0,0,0,0,0,30,301,303,96,1,12.6,4.24,1.6
1985,1,28,22,1.7,970.6,93.1,0,0.9,3.3,224,NA,NA,1,0,0,0,0,0,0,30,300,302,96,0.7,12.1,4.15,1.3
1985,1,28,23,1.3,971,92.5,0,1.2,3.1,257,NA,NA,0,0,0,0,0,0,0,30,263,282,96,0.2,11.3,4,0.9
1985,1,29,0,0.9,971.1,93,0,1.1,2.2,232,NA,NA,0,0,0,0,0,0,0,30,260,280,96,-0.1,10.7,3.91,0.5
1985,1,29,1,0.3,971.9,92.8,0,0.8,2.1,188,NA,NA,0,0,0,0,0,0,0,30,257,275,96,-0.7,9.6,3.73,-0.1
1985,1,29,2,0.3,972.2,93.7,0,0.3,1.9,297,NA,NA,0,0,0,0,0,0,0,30,294,296,96,-0.6,9.7,3.76,-0.1
1985,1,29,3,0.2,972.5,94.1,0,0.7,2.6,7,NA,NA,0,0,0,0,0,0,0,30,295,295,96,-0.6,9.6,3.75,-0.1
1985,1,29,4,-0.7,973.2,93.7,0,0.3,2.1,288,NA,NA,0,0,0,0,0,0,0,30,288,288,96,-1.6,8,3.5,-1
1985,1,29,5,-1.6,973.6,93.4,0,0.4,1.2,210,NA,NA,0,0,0,0,0,0,0,30,236,259,96,-2.5,6.5,3.26,-1.9
1985,1,29,6,-1.3,974.3,93.8,0,0.4,1.5,360,NA,1,1,0,0,0,0,0,0,30,238,263,96,-2.2,7,3.34,-1.6
1985,1,29,7,-0.7,974.9,94.7,0,0.5,2.1,317,NA,NA,7,7,0,4,4,4,4,30,240,268,96,-1.4,8.1,3.53,-1
1985,1,29,8,0.2,975.4,95.1,0,0.6,1.4,227,NA,NA,60,59,8,53,48,31,32,30,286,294,96,-0.5,9.6,3.78,-0.1
1985,1,29,9,0.7,975.9,95.7,0,0.8,1.7,291,NA,NA,72,72,0,43,43,39,40,30,290,297,96,0.1,10.5,3.94,0.5
1985,1,29,10,1.6,976.4,95.2,0,0.6,1.9,237,NA,NA,82,82,0,47,48,45,46,30,293,301,96,0.9,12.1,4.19,1.3
1985,1,29,11,1.8,976.3,95.2,0,1.4,3,276,NA,NA,107,107,0,61,66,58,59,30,312,312,96,1.1,12.4,4.25,1.5
1985,1,29,12,2.4,976.2,89.1,0,0.7,4.2,338,NA,8,102,102,0,57,62,57,56,30,314,314,96,0.8,12.8,4.15,1.7
1985,1,29,13,2.3,976.4,84.2,0,1.2,3.2,319,NA,NA,90,90,0,50,53,51,50,30,312,312,96,-0.1,12,3.89,1.3
1985,1,29,14,2.3,976.9,82.5,0,0.9,2.7,49,NA,NA,73,73,0,41,43,42,41,30,311,312,96,-0.4,11.8,3.81,1.2
1985,1,29,15,2.1,977.5,82.8,0,0.8,3.1,307,NA,NA,42,42,0,23,23,22,23,30,312,312,96,-0.5,11.5,3.77,1.1
1985,1,29,16,1.8,977.8,84.6,0,1.4,2.8,333,NA,NA,11,11,0,6,5,5,6,30,309,309,96,-0.5,11.2,3.76,0.9
1985,1,29,17,1.6,978.1,85.7,0,1.4,2.9,310,NA,NA,2,0,0,0,0,0,0,14,308,308,96,-0.5,11,3.76,0.8
1985,1,29,18,1.3,978.1,87.5,0,1.9,3.9,280,NA,8,1,0,0,0,0,0,0,14,306,306,96,-0.5,10.7,3.76,0.6
1985,1,29,19,1.1,978.2,88.2,0,1.6,3.4,282,NA,NA,1,0,0,0,0,0,0,14,306,306,96,-0.6,10.4,3.73,0.4
1985,1,29,20,0.8,978.6,89.2,0,1.4,2.7,277,NA,NA,1,0,0,0,0,0,0,14,304,304,96,-0.8,10,3.69,0.2
1985,1,29,21,0.6,978.7,90.4,0,2.2,4,254,NA,NA,1,0,0,0,0,0,0,14,304,304,96,-0.8,9.8,3.69,0.1
1985,1,29,22,0.4,978.9,91.7,0,1.5,3.1,276,NA,NA,1,0,0,0,0,0,0,14,302,302,96,-0.8,9.6,3.68,-0.1
1985,1,29,23,0.3,979.2,92,0,0.9,2.7,253,NA,NA,1,0,0,0,0,0,0,14,302,302,96,-0.8,9.5,3.67,-0.1
1985,1,30,0,0.2,979.2,93,0,1.2,3.2,241,NA,NA,0,0,0,0,0,0,0,14,302,302,96,-0.8,9.4,3.68,-0.2
1985,1,30,1,0.2,979.2,94,0,1,2.2,279,NA,NA,1,0,0,0,0,0,0,14,302,302,96,-0.6,9.5,3.72,-0.1
1985,1,30,2,0.4,978.8,94.1,0,0.9,1.8,255,NA,NA,1,0,0,0,0,0,0,14,303,303,96,-0.4,9.8,3.78,0.1
1985,1,30,3,0.6,979,94,0.2,1.1,2.2,262,NA,NA,1,0,0,0,0,0,0,14,305,305,96,-0.3,10.2,3.83,0.2
1985,1,30,4,0.9,979.2,94,0,1.6,3,238,NA,NA,1,0,0,0,0,0,0,14,306,306,96,0,10.7,3.92,0.5
1985,1,30,5,0.9,979,93.6,0,1.3,2,234,NA,NA,1,0,0,0,0,0,0,14,307,307,96,0,10.6,3.9,0.5
1985,1,30,6,1.4,979,91.4,0,1.3,2.9,241,NA,8,0,0,0,0,0,0,0,14,308,308,96,0.2,11.3,3.95,0.9
1985,1,30,7,2.2,979.1,83.8,0,1.4,2.7,213,NA,NA,9,9,0,5,4,4,4,14,311,311,96,-0.3,11.8,3.83,1.2
1985,1,30,8,2.5,979.4,82.6,0,0.9,2.2,231,NA,NA,78,45,203,230,185,28,28,14,316,316,96,-0.2,12.2,3.86,1.4
1985,1,30,9,3.3,979.9,78.1,0,0.5,2.1,230,NA,NA,58,58,0,28,27,27,28,14,309,313,96,-0.1,13,3.86,1.9
1985,1,30,10,4.2,979.9,73.7,0,0.4,1.3,163,NA,NA,157,150,19,96,127,65,66,14,314,320,96,-0.1,13.9,3.88,2.4
1985,1,30,11,5,979.6,70.3,0.1,1.7,3,222,NA,NA,186,183,6,91,131,80,79,14,325,327,96,0.1,14.8,3.92,2.9
1985,1,30,12,5.6,979,66.5,0,2.1,3.4,224,NA,8,225,207,41,94,215,105,87,14,329,331,96,-0.1,15.3,3.87,3.2
1985,1,30,13,6.3,979.2,64.2,0,1,2.3,236,NA,NA,185,164,51,74,191,117,73,14,331,334,96,0,16.2,3.92,3.6
1985,1,30,14,6.5,979.1,65.3,0,0.8,2.1,91,NA,NA,148,142,19,61,126,106,61,14,321,330,96,0.5,16.7,4.04,3.9
1985,1,30,15,5.7,979.3,70,0,1.5,3,79,NA,NA,74,74,1,33,44,45,33,14,316,323,96,0.7,16,4.1,3.5
1985,1,30,16,4.7,979.6,74.8,0,1.4,2.4,58,NA,NA,24,23,14,12,26,36,11,14,312,315,96,0.6,15,4.08,2.9
1985,1,30,17,4,980.1,80.6,0,0.9,1.9,84,NA,NA,0,0,0,0,0,0,0,14,284,295,96,1,14.5,4.19,2.7
1985,1,30,18,2.6,980.7,87.1,0,0.7,2.6,49,NA,4,0,0,0,0,0,0,0,14,282,290,96,0.7,12.9,4.09,1.8
1985,1,30,19,1.6,980.6,90.9,0,0.8,2.1,16,NA,NA,0,0,0,0,0,0,0,14,276,286,96,0.3,11.5,3.98,1.1
1985,1,30,20,1.6,980.5,91.6,0,0.7,2.3,169,NA,NA,0,0,0,0,0,0,0,14,262,278,96,0.4,11.6,4.01,1.1
1985,1,30,21,0.6,980.3,91.9,0,0.3,0.9,225,NA,NA,0,0,0,0,0,0,0,14,258,271,94,-0.6,9.9,3.74,0.1
1985,1,30,22,-0.4,980.2,93.2,0,0.8,1.6,231,NA,NA,0,0,0,0,0,0,0,14,257,270,94,-1.4,8.4,3.53,-0.8
1985,1,30,23,-0.8,979.8,93.6,0,0.8,1.7,227,NA,NA,0,0,0,0,0,0,0,14,228,255,94,-1.7,7.8,3.44,-1.1
1985,1,31,0,-1,979.5,93,0,0.7,1.3,227,NA,NA,0,0,0,0,0,0,0,14,227,254,94,-2,7.4,3.37,-1.4
1985,1,31,1,-1.1,979.3,93.3,0,0.9,2,239,NA,NA,0,0,0,0,0,0,0,14,230,257,94,-2,7.3,3.36,-1.4
1985,1,31,2,-0.7,978.5,92.8,0,0.7,1.4,223,NA,NA,0,0,0,0,0,0,0,14,237,260,94,-1.7,7.9,3.44,-1.1
1985,1,31,3,-0.9,978.1,92.9,0,0.6,1.5,235,NA,NA,0,0,0,0,0,0,0,14,236,260,94,-1.9,7.6,3.4,-1.3
1985,1,31,4,-1.3,978.5,93.8,0,1,3,236,NA,NA,0,0,0,0,0,0,0,14,235,260,94,-2.2,7,3.33,-1.6
1985,1,31,5,-1.4,978.5,93.9,0,0.6,1.8,319,NA,NA,0,0,0,0,0,0,0,14,243,263,94,-2.3,6.8,3.31,-1.7
1985,1,31,6,-1,978.9,93.9,0,1,2.3,227,NA,2,0,0,0,0,0,0,0,14,244,264,94,-1.9,7.5,3.41,-1.3
1985,1,31,7,-0.4,979.1,94,0,1.1,2.5,213,NA,NA,9,9,0,5,4,4,4,14,251,272,94,-1.2,8.5,3.56,-0.7
1985,1,31,8,0.4,979.4,95.1,0,1.3,2.6,237,NA,NA,58,58,1,36,33,26,26,14,260,278,94,-0.3,9.9,3.82,0.1
1985,1,31,9,1.1,979.4,95.6,0,1.2,2.6,256,NA,NA,126,121,17,95,102,52,53,14,265,283,94,0.5,11.2,4.04,0.9
1985,1,31,10,3.8,979,94.5,0,0.7,2.3,234,NA,NA,373,139,610,386,710,85,85,14,281,304,94,3,16,4.85,3.4
1985,1,31,11,6.8,978.7,71.5,0,1.4,4.4,237,NA,NA,437,75,829,227,878,82,78,14,274,309,94,2,18.2,4.52,4.6
1985,1,31,12,8.9,977.7,62.5,0,2.7,5.4,224,NA,6,430,103,737,91,836,164,84,14,282,316,94,2.1,20.4,4.56,5.8
1985,1,31,13,9.5,976.9,60.1,0,3.1,6.1,240,NA,NA,350,124,558,81,665,306,80,14,282,316,94,2.2,21.1,4.58,6.1
1985,1,31,14,9.5,977.5,59.1,0,3.9,6.2,225,NA,NA,202,133,211,67,320,247,67,14,280,311,94,1.9,20.9,4.5,6
1985,1,31,15,8.9,977.7,60.4,0,2.5,5.3,216,NA,NA,31,31,0,15,13,12,15,14,297,314,94,1.7,20,4.41,5.6
1985,1,31,16,8.2,977.9,67.6,0,2.1,4.5,218,NA,NA,8,8,0,4,3,2,4,14,296,313,94,2.5,20,4.68,5.5
1985,1,31,17,7.4,978,73.2,0,3.5,5.8,224,NA,NA,0,0,0,0,0,0,0,14,306,317,94,2.9,19.6,4.82,5.3
1985,1,31,18,6.9,978.1,77.9,0,2.2,4.4,252,NA,8,0,0,0,0,0,0,0,14,316,323,94,3.3,19.4,4.95,5.2
1985,1,31,19,6.5,978.1,82.5,0,2.1,3.9,224,NA,NA,0,0,0,0,0,0,0,14,321,325,94,3.7,19.3,5.09,5.1
1985,1,31,20,6,976.3,85.3,0,1.9,3.8,221,NA,NA,1,0,0,0,0,0,0,14,323,325,94,3.7,18.8,5.1,4.9
1985,1,31,21,5.2,972.6,88.2,0,1.3,3.5,228,NA,NA,0,0,0,0,0,0,0,14,324,325,94,3.4,17.9,5.04,4.4
1985,1,31,22,4.5,968.9,90.4,0,0.7,2.4,250,NA,NA,0,0,0,0,0,0,0,14,323,323,94,3.1,16.9,4.95,3.8
1985,1,31,23,3.6,963.3,92.1,0,0.4,1.9,213,NA,NA,1,0,0,0,0,0,0,14,318,319,94,2.5,15.6,4.77,3.1
1986,2,1,0,2.8,957.7,92.9,0,1.9,3.2,231,NA,NA,1,0,0,0,0,0,0,50,314,315,98,1.8,14.2,4.57,2.3
1986,2,1,1,2,952.2,93,0,1.6,3.7,222,NA,NA,0,0,0,0,0,0,0,50,311,312,98,1,12.8,4.34,1.5
1986,2,1,2,1.4,948.5,93,0,2.4,4.1,230,NA,NA,0,0,0,0,0,0,0,50,308,309,98,0.4,11.8,4.17,1
1986,2,1,3,0.8,944.8,93.3,0,1.8,4.3,245,NA,NA,0,0,0,0,0,0,0,50,305,307,98,-0.1,10.9,4.02,0.5
1986,2,1,4,0.6,943.1,92.8,0,2.5,5.9,226,NA,NA,0,0,0,0,0,0,0,50,304,306,98,-0.5,10.3,3.91,0.1
1986,2,1,5,0.5,943.3,92.9,0,2.2,5.1,204,NA,NA,1,0,0,0,0,0,0,50,303,306,98,-0.5,10.3,3.91,0.1
1986,2,1,6,0.5,943.5,93.7,0.6,2.8,4.3,210,NA,8,1,0,0,0,0,0,0,50,303,306,98,-0.4,10.3,3.93,0.1
1986,2,1,7,0.4,943.9,95.2,0.2,3.1,4.9,221,NA,NA,4,4,0,2,2,3,3,50,303,306,98,-0.2,10.4,3.98,0.2
1986,2,1,8,0.4,944.5,97.6,0.2,2.7,5.2,229,NA,NA,43,43,0,30,30,28,29,50,304,306,98,0.1,10.6,4.07,0.3
1986,2,1,9,1,945.1,90.3,0,3,5.8,239,NA,NA,135,128,24,131,140,80,81,50,304,307,98,-0.4,10.8,3.93,0.4
1986,2,1,10,1.3,945.2,83.8,0,3,5.9,244,NA,NA,250,186,166,256,389,130,130,50,310,311,98,-1.1,10.6,3.72,0.4
1986,2,1,11,2.7,944.9,73.9,0,4.3,8.2,222,NA,NA,303,217,196,219,477,160,153,50,306,312,98,-1.5,11.8,3.63,1
1986,2,1,12,2.8,945.3,73.3,0,3.8,6.1,235,NA,7,238,216,48,143,277,156,135,50,304,311,98,-1.5,11.9,3.62,1.1
1986,2,1,13,2.9,945.1,74.6,0,3.6,5.4,243,NA,NA,219,181,93,122,290,186,121,50,306,313,98,-1.2,12.2,3.71,1.3
1986,2,1,14,3.7,945.6,69.8,0,2.4,5,233,NA,NA,287,130,479,129,598,466,130,50,266,297,98,-1.3,12.9,3.68,1.7
1986,2,1,15,3.4,945.8,70.3,0,4.3,6.4,231,NA,NA,134,85,230,73,280,309,73,50,260,291,98,-1.5,12.5,3.62,1.4
1986,2,1,16,2.4,946.2,76.4,0,2.6,5.1,253,NA,NA,34,25,124,22,99,157,22,50,255,285,98,-1.3,11.6,3.67,0.9
1986,2,1,17,1.6,946.8,82.7,0,2.1,3.2,231,NA,NA,0,0,0,0,0,0,0,50,245,276,98,-1,11,3.75,0.6
1986,2,1,18,0.4,947.4,86.9,0,1.3,3,118,NA,6,0,0,0,0,0,0,0,50,236,268,98,-1.5,9.4,3.61,-0.3
1986,2,1,19,-0.9,948,91,0,0.5,2.7,4,NA,NA,0,0,0,0,0,0,0,50,233,263,98,-2.2,7.7,3.43,-1.4
1986,2,1,20,-1.9,948.4,93.8,0,0.3,2.7,337,NA,NA,0,0,0,0,0,0,0,50,224,256,98,-2.8,6.3,3.29,-2.2
1986,2,1,21,-2.6,949,93.7,0,0,0.8,360,NA,NA,0,0,0,0,0,0,0,50,214,249,98,-3.5,5.1,3.11,-2.9
1986,2,1,22,-2.9,949.5,93.6,0,0.2,1.1,207,NA,NA,0,0,0,0,0,0,0,50,222,253,98,-3.8,4.6,3.04,-3.2
1986,2,1,23,-1.7,950.1,94.8,0,0.1,1.1,225,NA,NA,0,0,0,0,0,0,0,50,295,296,98,-2.4,6.7,3.37,-2
1986,2,2,0,-1,950.2,96.1,0,1.2,2.5,240,NA,NA,2,0,0,0,0,0,0,50,298,299,98,-1.5,7.9,3.59,-1.2
1986,2,2,1,-0.7,950.5,96,0,1.2,2,235,NA,NA,1,0,0,0,0,0,0,50,299,301,98,-1.3,8.4,3.67,-0.9
1986,2,2,2,-0.6,950.4,96.1,0,0.9,1.8,236,NA,NA,1,0,0,0,0,0,0,50,299,300,98,-1.1,8.6,3.7,-0.8
1986,2,2,3,-0.5,950.3,95.6,0,0.6,1.3,224,NA,NA,1,0,0,0,0,0,0,50,297,299,98,-1.1,8.7,3.71,-0.7
1986,2,2,4,-0.5,950.6,95.6,0,0.3,1.2,242,NA,NA,0,0,0,0,0,0,0,50,300,301,98,-1.1,8.7,3.71,-0.7
1986,2,2,5,-0.3,950.8,96.1,0,0.8,1.5,230,NA,NA,0,0,0,0,0,0,0,50,301,302,98,-0.8,9.1,3.78,-0.5
1986,2,2,6,0,951.1,96,0,0.2,2.1,37,NA,7,0,0,0,0,0,0,0,50,292,299,98,-0.6,9.6,3.86,-0.2
1986,2,2,7,0.4,951.7,96,0,0.1,1.2,135,NA,NA,4,4,0,2,2,3,3,50,296,302,98,-0.2,10.3,3.97,0.2
1986,2,2,8,0.7,951.7,96.3,0,0.2,1.2,114,NA,NA,19,19,0,10,11,13,13,50,305,307,98,0.2,10.9,4.07,0.5
1986,2,2,9,0.9,952.1,91.9,0,0.7,2.4,118,NA,NA,34,34,0,21,20,23,23,50,306,308,98,-0.3,10.7,3.94,0.4
1986,2,2,10,1.4,952.2,81.8,0,0.5,2,114,NA,NA,123,123,0,87,94,78,79,50,309,312,98,-1.4,10.5,3.63,0.3
1986,2,2,11,1.7,952.1,76.4,0,0.8,2.6,94,NA,NA,139,139,0,94,108,90,89,50,308,313,98,-2,10.4,3.47,0.3
1986,2,2,12,1.7,952,77.9,0,1.1,3.6,91,NA,8,140,140,0,92,109,93,90,50,309,314,98,-1.7,10.5,3.53,0.4
1986,2,2,13,1.9,952.2,76.7,0,1.4,3.7,34,NA,NA,115,115,0,75,86,79,75,50,309,314,98,-1.7,10.7,3.53,0.5
1986,2,2,14,1.8,952.3,78.9,0,1.8,5.9,16,NA,NA,57,57,0,38,36,37,38,50,310,313,98,-1.5,10.8,3.6,0.5
1986,2,2,15,1.9,952.7,77.3,0,1.2,2.6,14,NA,NA,32,32,0,22,19,19,22,50,309,312,98,-1.6,10.8,3.55,0.5
1986,2,2,16,1.9,953,78.6,0,1.8,4.6,12,NA,NA,10,10,0,7,6,5,7,50,309,312,98,-1.4,10.9,3.61,0.6
1986,2,2,17,1.8,953.5,79.5,0,1.6,3.9,15,NA,NA,0,0,0,0,0,0,0,50,310,312,98,-1.4,10.9,3.63,0.5
1986,2,2,18,1.7,953.9,80.6,0,2.6,5,50,NA,8,0,0,0,0,0,0,0,50,307,311,98,-1.3,10.8,3.65,0.5
1986,2,2,19,1.3,954.1,83.6,0,2.9,4.8,42,NA,NA,0,0,0,0,0,0,0,50,306,310,98,-1.2,10.5,3.68,0.3
1986,2,2,20,1.1,954.5,85,0,2.1,3.7,12,NA,NA,0,0,0,0,0,0,0,50,306,308,98,-1.1,10.3,3.68,0.2
1986,2,2,21,1,955,84.8,0,1.7,2.9,8,NA,NA,0,0,0,0,0,0,0,50,305,308,98,-1.3,10.1,3.65,0.1
1986,2,2,22,0.9,955.2,84.9,0,1.9,3.3,15,NA,NA,0,0,0,0,0,0,0,50,305,308,98,-1.3,10,3.62,0
1986,2,2,23,1,955.4,82.9,0,1.9,4,6,NA,NA,0,0,0,0,0,0,0,50,305,308,98,-1.6,9.9,3.56,0
1986,2,3,0,1,955.8,80.8,0,2.1,3.7,358,NA,NA,0,0,0,0,0,0,0,50,305,308,98,-1.9,9.7,3.47,-0.1
1986,2,3,1,1,955.9,81,0,1.2,2.3,6,NA,NA,0,0,0,0,0,0,0,50,305,308,98,-1.9,9.7,3.48,-0.1
1986,2,3,2,1,956,81.5,0,1.4,2.5,7,NA,NA,0,0,0,0,0,0,0,50,305,308,98,-1.8,9.7,3.5,-0.1
1986,2,3,3,0.9,956.3,81.6,0,2.4,3.8,17,NA,NA,0,0,0,0,0,0,0,50,305,308,98,-1.9,9.6,3.48,-0.2
1986,2,3,4,0.9,956.3,81.1,0,2.8,4.4,19,NA,NA,0,0,0,0,0,0,0,50,305,308,98,-2,9.5,3.46,-0.2
1986,2,3,5,0.9,956.4,81.2,0,2.1,4.5,17,NA,NA,0,0,0,0,0,0,0,50,305,308,98,-2,9.5,3.46,-0.2
1986,2,3,6,0.9,956.9,80.9,0,1.9,3.3,2,NA,8,0,0,0,0,0,0,0,50,305,307,98,-2,9.5,3.45,-0.2
1986,2,3,7,1,957.5,80.7,0,2.5,4.3,21,NA,NA,10,10,0,7,7,7,7,50,306,309,98,-1.9,9.6,3.46,-0.1
1986,2,3,8,1.3,958.1,78.9,0,3.1,5.7,29,NA,NA,44,44,0,31,30,29,29,50,306,309,98,-1.9,9.9,3.46,0.1
1986,2,3,9,1.2,958.5,78.2,0,3,4.6,29,NA,NA,81,81,0,58,58,53,53,50,307,311,98,-2.2,9.7,3.4,-0.1
1986,2,3,10,1.3,958.8,76.2,0,2.7,4.9,29,NA,NA,103,103,0,71,75,67,67,50,307,311,98,-2.4,9.6,3.33,-0.1
1986,2,3,11,1.4,958.6,75.8,0,2.4,3.8,24,NA,NA,150,150,1,102,121,96,96,50,308,312,98,-2.4,9.7,3.34,0
1986,2,3,12,1.6,958.3,73.6,0,2.7,5.5,57,NA,8,162,159,6,104,135,106,102,50,308,313,98,-2.6,9.8,3.29,0
1986,2,3,13,1.5,958,75.7,0,2.3,4.7,35,NA,NA,121,121,0,79,92,83,79,50,308,312,98,-2.3,9.9,3.36,0.1
1986,2,3,14,1.7,958,75.2,0,2.5,4.8,29,NA,NA,150,144,19,91,152,134,91,50,309,313,98,-2.2,10.2,3.39,0.2
1986,2,3,15,1.6,958.3,75.4,0,1.4,2.5,18,NA,NA,80,80,2,51,64,65,51,50,307,309,98,-2.3,10,3.37,0.1
1986,2,3,16,1.2,958.3,79.2,0,1.4,2.2,22,NA,NA,36,30,77,24,80,123,24,50,305,307,98,-2,9.8,3.44,0
1986,2,3,17,0.4,958.7,81.9,0,0.4,1.5,353,NA,NA,0,0,0,0,0,0,0,50,247,273,98,-2.3,8.8,3.36,-0.6
1986,2,3,18,-0.4,959.2,87.5,0,0,0.1,0,NA,2,1,0,0,0,0,0,0,50,246,274,98,-2.2,8,3.38,-1.1
1986,2,3,19,-0.4,959.6,90,0,0.3,2.1,16,NA,NA,0,0,0,0,0,0,0,50,250,275,98,-1.8,8.3,3.48,-0.9
1986,2,3,20,0.2,960,89.1,0,1.1,3,63,NA,NA,0,0,0,0,0,0,0,50,302,304,98,-1.4,9.2,3.6,-0.4
1986,2,3,21,0.2,960.1,87.7,0,1.6,3.6,65,NA,NA,0,0,0,0,0,0,0,50,303,304,98,-1.6,9,3.54,-0.5
1986,2,3,22,0.3,960.4,87.3,0,1.9,3.8,55,NA,NA,0,0,0,0,0,0,0,50,302,305,98,-1.6,9.2,3.55,-0.4
1986,2,3,23,0.1,960.5,87.2,0,2.1,3.5,28,NA,NA,0,0,0,0,0,0,0,50,302,305,98,-1.8,8.8,3.49,-0.6
1986,2,4,0,0,960.4,87.2,0,1.4,2.4,27,NA,NA,0,0,0,0,0,0,0,50,301,304,98,-1.9,8.6,3.47,-0.7
1986,2,4,1,-0.1,960.7,85.9,0,1.3,2.6,3,NA,NA,0,0,0,0,0,0,0,50,301,303,98,-2.2,8.4,3.39,-0.9
1986,2,4,2,-0.1,960.7,86,0,1.7,3.7,24,NA,NA,1,0,0,0,0,0,0,50,300,303,98,-2.2,8.4,3.39,-0.9
1986,2,4,3,-0.3,960.3,84.9,0,1.9,4.1,3,NA,NA,0,0,0,0,0,0,0,50,300,303,98,-2.5,7.9,3.3,-1.1
1986,2,4,4,-0.4,960.8,85.4,0,2.4,4.2,15,NA,NA,0,0,0,0,0,0,0,50,299,302,98,-2.5,7.8,3.3,-1.2
1986,2,4,5,-0.6,961,85.5,0,2.2,3.7,12,NA,NA,0,0,0,0,0,0,0,50,297,301,98,-2.7,7.5,3.25,-1.4
1986,2,4,6,-0.8,961.3,85.6,0,1.8,3.1,8,NA,8,0,0,0,0,0,0,0,50,297,300,98,-2.9,7.2,3.21,-1.6
1986,2,4,7,-0.7,961.7,85.3,0,2.1,5.2,8,NA,NA,5,5,0,3,3,3,4,50,297,301,98,-2.9,7.3,3.22,-1.5
1986,2,4,8,-0.7,962.2,84.3,0,1.8,4.4,172,NA,NA,42,42,0,28,28,28,28,50,296,301,98,-3,7.2,3.18,-1.5
1986,2,4,9,-0.7,962.1,83.3,0,1.4,3.5,335,NA,NA,79,79,0,56,56,52,52,50,299,303,98,-3.2,7.1,3.14,-1.6
1986,2,4,10,-0.3,962.2,81.3,0,1.6,3.5,16,NA,NA,109,109,0,76,80,71,71,50,300,305,98,-3.1,7.6,3.16,-1.3
1986,2,4,11,-0.1,961.9,79.4,0,1.6,3.2,6,NA,NA,149,149,0,101,118,96,96,50,301,306,98,-3.2,7.7,3.13,-1.2
1986,2,4,12,0,961.8,77.6,0,1.5,3.1,3,NA,8,194,191,5,124,171,127,120,50,301,307,98,-3.4,7.7,3.08,-1.2
1986,2,4,13,0.2,961.3,76.4,0,1.6,3.9,2,NA,NA,182,178,11,112,181,138,111,50,302,307,98,-3.5,7.9,3.08,-1.1
1986,2,4,14,0.3,961.1,76.5,0,1.6,3.6,353,NA,NA,137,130,22,84,133,119,84,50,302,307,98,-3.3,8,3.11,-1
1986,2,4,15,0.3,961.1,77.1,0,1.6,3,354,NA,NA,91,89,5,57,75,78,57,50,302,306,98,-3.2,8.1,3.13,-1
1986,2,4,16,0,961,78.2,0,0.9,3.1,3,NA,NA,32,30,23,21,42,58,21,50,300,302,98,-3.3,7.7,3.11,-1.2
1986,2,4,17,-0.7,961.1,81.5,0,1,2.9,306,NA,NA,0,0,0,0,0,0,0,50,226,262,98,-3.5,7,3.08,-1.7
1986,2,4,18,-1.5,961.2,84.8,0,0.8,2.7,286,NA,0,0,0,0,0,0,0,0,50,222,257,98,-3.7,6,3.02,-2.3
1986,2,4,19,-2.2,961.1,89,0,0.2,0.9,270,NA,NA,0,0,0,0,0,0,0,50,222,255,98,-3.8,5.3,3.01,-2.8
1986,2,4,20,-1.7,961.1,92.1,0,0.3,1.2,216,NA,NA,1,0,0,0,0,0,0,50,295,296,98,-2.8,6.3,3.23,-2.1
1986,2,4,21,-0.9,960.9,90.2,0,0.7,1.6,236,NA,NA,0,0,0,0,0,0,0,50,298,300,98,-2.3,7.5,3.36,-1.4
1986,2,4,22,-0.6,960.7,88.9,0,1,1.9,273,NA,NA,0,0,0,0,0,0,0,50,299,301,98,-2.2,7.8,3.38,-1.2
1986,2,4,23,-0.5,960.5,85.7,0,1.4,2.6,282,NA,NA,1,0,0,0,0,0,0,50,299,302,98,-2.6,7.7,3.29,-1.3
1986,2,5,0,-0.5,960.1,84.9,0,1.2,2.3,304,NA,NA,0,0,0,0,0,0,0,50,299,302,98,-2.7,7.6,3.26,-1.3
1986,2,5,1,-0.4,959.7,84.7,0,1,2.4,312,NA,NA,0,0,0,0,0,0,0,50,300,302,98,-2.7,7.8,3.27,-1.2
1986,2,5,2,-0.3,959.2,84.4,0,0.5,1.7,329,NA,NA,1,0,0,0,0,0,0,50,299,302,98,-2.6,7.9,3.29,-1.1
1986,2,5,3,-0.6,958.9,85.2,0,0.6,1.5,32,NA,NA,1,0,0,0,0,0,0,50,298,301,98,-2.8,7.5,3.25,-1.4
1986,2,5,4,-0.8,958.7,85.3,0,1,2.5,308,NA,NA,0,0,0,0,0,0,0,50,297,300,98,-3,7.2,3.21,-1.6
1986,2,5,5,-0.9,958.3,85.3,0,1,2.2,285,NA,NA,0,0,0,0,0,0,0,50,298,300,98,-3.1,7,3.18,-1.7
1986,2,5,6,-1.1,958.2,86.5,0,0.8,2.4,127,NA,8,0,0,0,0,0,0,0,50,296,299,98,-3.1,6.8,3.18,-1.8
1986,2,5,7,-1.1,958.3,87.3,0,0.8,2.4,130,NA,NA,4,4,0,2,2,3,3,50,295,299,98,-2.9,6.9,3.21,-1.8
1986,2,5,8,-1.1,958.1,86.1,0,0.9,2.1,273,NA,NA,24,24,0,13,14,16,16,50,296,300,98,-3.1,6.8,3.17,-1.8
1986,2,5,9,-1,958,85.3,0,2.5,4.3,237,NA,NA,68,68,0,46,46,45,45,50,296,300,98,-3.1,6.9,3.16,-1.8
1986,2,5,10,-1.1,958,85.9,0,3.3,4.9,239,NA,NA,126,126,0,89,96,80,81,50,296,300,98,-3.2,6.8,3.16,-1.9
1986,2,5,11,-0.8,957.7,82.2,0,2.2,5.1,237,NA,NA,167,166,2,113,138,106,105,50,298,303,98,-3.4,6.9,3.09,-1.7
1986,2,5,12,-0.2,957.3,77.3,0,1.9,5.6,248,NA,8,139,139,0,91,107,92,90,50,302,306,98,-3.7,7.4,3.04,-1.5
1986,2,5,13,1,957.1,75.1,0,3.8,7.3,206,NA,NA,265,194,164,139,399,241,138,50,308,311,98,-2.9,9,3.22,-0.5
1986,2,5,14,1.1,957.4,72.1,0,2.8,5.7,183,NA,NA,296,140,451,135,583,462,135,50,277,298,98,-3.4,8.9,3.11,-0.6
1986,2,5,15,0.8,957.5,72.8,0,2.7,5.5,178,NA,NA,116,96,87,67,168,184,67,50,275,294,98,-3.5,8.5,3.08,-0.8
1986,2,5,16,0.4,958,74.2,0,2.9,6,184,NA,NA,19,19,0,12,12,11,12,50,274,292,98,-3.6,8,3.04,-1
1986,2,5,17,0.2,958.5,73.8,0,2.8,5.7,194,NA,NA,0,0,0,0,0,0,0,50,301,304,98,-3.9,7.6,2.98,-1.3
1986,2,5,18,0.1,958.9,73.6,0,2.1,4.5,202,NA,8,1,0,0,0,0,0,0,50,300,304,98,-4,7.5,2.95,-1.4
1986,2,5,19,0,959.1,73.4,0,2.2,4.1,224,NA,NA,0,0,0,0,0,0,0,50,300,303,98,-4.2,7.3,2.92,-1.5
1986,2,5,20,-0.1,959.5,72.7,0,1.8,4.3,214,NA,NA,0,0,0,0,0,0,0,50,300,302,98,-4.4,7.1,2.87,-1.6
1986,2,5,21,-0.2,959.7,72.4,0,1.9,3.3,215,NA,NA,1,0,0,0,0,0,0,50,299,302,98,-4.6,6.9,2.84,-1.7
1986,2,5,22,-0.3,959.8,72.1,0,1.9,3.2,210,NA,NA,0,0,0,0,0,0,0,50,298,301,98,-4.7,6.7,2.81,-1.8
1986,2,5,23,-0.4,960,72.7,0,1.6,2.7,226,NA,NA,0,0,0,0,0,0,0,50,298,301,98,-4.7,6.6,2.81,-1.9
1986,2,6,0,-0.6,959.8,73.9,0,1.5,2.5,238,NA,NA,0,0,0,0,0,0,0,50,298,300,98,-4.7,6.4,2.81,-2
1986,2,6,1,-0.7,960.1,74.7,0,1.9,2.6,225,NA,NA,0,0,0,0,0,0,0,50,297,299,98,-4.6,6.3,2.82,-2
1986,2,6,2,-0.7,959.9,75.2,0,1.6,2.5,228,NA,NA,0,0,0,0,0,0,0,50,298,299,98,-4.5,6.4,2.84,-2
1986,2,6,3,-0.9,960,76,0,1.1,1.9,248,NA,NA,1,0,0,0,0,0,0,50,296,299,98,-4.6,6.1,2.83,-2.2
1986,2,6,4,-0.9,959.9,76.6,0,0.7,1.1,240,NA,NA,0,0,0,0,0,0,0,50,296,298,98,-4.5,6.2,2.85,-2.1
1986,2,6,5,-1,959.9,78.8,0,0.9,2.2,310,NA,NA,0,0,0,0,0,0,0,30,296,299,98,-4.2,6.2,2.91,-2.1
1986,2,6,6,-1,960.3,80.9,0,1.5,2.8,3,NA,8,0,0,0,0,0,0,0,30,296,299,98,-3.9,6.4,2.99,-2
1986,2,6,7,-0.9,960.7,79.8,0,1,2.6,352,NA,NA,4,4,0,2,2,2,2,30,297,299,98,-3.9,6.5,2.97,-2
1986,2,6,8,-0.7,960.9,79.7,0,0.4,2.1,332,NA,NA,21,21,0,9,10,12,12,30,298,301,98,-3.8,6.8,3.01,-1.8
1986,2,6,9,-0.5,961.3,78.3,0,0.8,1.8,332,NA,NA,49,49,0,26,26,28,28,30,299,302,98,-3.8,7,3,-1.7
1986,2,6,10,-0.1,961.4,73.8,0,0.1,1,262,NA,NA,76,76,0,43,43,42,43,30,300,304,98,-4.2,7.1,2.91,-1.5
1986,2,6,11,0.2,961.3,68.6,0,0.7,2.1,308,NA,NA,155,155,0,89,108,83,83,30,301,307,98,-4.9,7.1,2.76,-1.6
1986,2,6,12,0.5,961.1,63.4,0,1.3,3.6,60,NA,8,169,168,3,92,122,93,89,30,302,309,98,-5.6,7,2.61,-1.6
1986,2,6,13,0.7,961.1,61.6,0,1.6,3.7,45,NA,NA,149,149,1,80,104,88,79,30,304,310,98,-5.8,7.1,2.57,-1.5
1986,2,6,14,1,961,60.5,0,1.6,3.5,38,NA,NA,156,154,8,80,122,110,79,30,295,305,98,-5.8,7.4,2.58,-1.3
1986,2,6,15,0.8,961.1,62.9,0,2,3.2,28,NA,NA,96,93,13,49,80,84,49,30,294,303,98,-5.5,7.4,2.65,-1.4
1986,2,6,16,0.7,961.4,63.1,0,1,2.4,51,NA,NA,14,14,0,8,7,6,8,30,293,301,98,-5.5,7.3,2.63,-1.4
1986,2,6,17,0.6,961.5,66.8,0,1.6,3.9,17,NA,NA,0,0,0,0,0,0,0,30,302,305,98,-4.8,7.5,2.77,-1.3
1986,2,6,18,0.3,961.8,69.4,0,1.9,4.7,5,NA,8,0,0,0,0,0,0,0,30,300,303,98,-4.6,7.3,2.81,-1.4
1986,2,6,19,0,961.9,72.1,0,1.3,2.6,3,NA,NA,0,0,0,0,0,0,0,30,300,303,98,-4.4,7.1,2.86,-1.5
1986,2,6,20,-0.1,961.8,72.1,0,1.2,2.7,343,NA,NA,0,0,0,0,0,0,0,30,291,297,98,-4.5,7,2.84,-1.6
1986,2,6,21,-0.7,962,75,0,1,1.9,10,NA,NA,0,0,0,0,0,0,0,30,288,295,98,-4.6,6.3,2.83,-2
1986,2,6,22,-0.7,961.8,71,0,0.5,1.6,351,NA,NA,0,0,0,0,0,0,0,30,288,295,98,-5.3,6,2.68,-2.3
1986,2,6,23,-0.9,961.8,69.4,0,0.4,2.2,293,NA,NA,0,0,0,0,0,0,0,30,286,293,98,-5.8,5.5,2.58,-2.5
1986,2,7,0,-0.8,961.6,66.3,0,0.4,1.5,324,NA,NA,0,0,0,0,0,0,0,30,285,292,98,-6.3,5.4,2.48,-2.6
1986,2,7,1,-1.1,961.4,66.3,0,0.3,1.3,281,NA,NA,0,0,0,0,0,0,0,30,285,291,98,-6.6,4.9,2.43,-2.9
1986,2,7,2,-1.3,961.2,68.2,0,0.9,1.5,231,NA,NA,0,0,0,0,0,0,0,30,283,290,98,-6.4,4.8,2.46,-3
1986,2,7,3,-1.3,961.1,67.9,0,0.9,1.8,237,NA,NA,1,0,0,0,0,0,0,30,285,291,98,-6.5,4.8,2.45,-3
1986,2,7,4,-1.3,961.2,71.1,0,0.8,1.7,228,NA,NA,0,0,0,0,0,0,0,30,284,291,98,-5.9,5.1,2.57,-2.8
1986,2,7,5,-1.5,961.3,72.3,0,0.5,1.3,262,NA,NA,0,0,0,0,0,0,0,30,283,290,98,-5.8,4.9,2.57,-2.9
1986,2,7,6,-1.4,961.4,70.5,0,0.5,1.3,264,NA,7,1,0,0,0,0,0,0,30,285,291,98,-6.1,4.9,2.52,-2.9
1986,2,7,7,-1.2,961.5,67,0,0.6,1.7,246,NA,NA,5,5,0,2,3,3,3,30,283,291,98,-6.5,4.8,2.43,-2.9
1986,2,7,8,-1.1,961.6,67.1,0,0.8,2.2,255,NA,NA,30,30,0,14,15,17,17,30,296,298,98,-6.4,5,2.46,-2.8
1986,2,7,9,-0.7,961.8,67,0,1.2,2.6,237,NA,NA,68,68,0,39,39,38,38,30,298,301,98,-6.1,5.6,2.53,-2.5
1986,2,7,10,-0.3,962.1,68.6,0,1.8,3,201,NA,NA,80,80,0,46,46,45,45,30,298,301,98,-5.4,6.3,2.66,-2
1986,2,7,11,-0.2,961.6,69.1,0,1.7,3.4,183,NA,NA,94,94,0,53,54,52,53,30,291,299,98,-5.2,6.5,2.7,-1.9
1986,2,7,12,-0.2,961.2,71.1,0,2.2,4.3,209,NA,7,144,144,0,80,96,80,78,30,290,299,98,-4.8,6.7,2.78,-1.8
1986,2,7,13,-0.1,961,69.6,0,2.3,3.6,219,NA,NA,123,123,0,67,79,71,67,30,290,299,98,-5,6.7,2.74,-1.8
1986,2,7,14,-0.1,961,70,0,1.6,2.7,232,NA,NA,97,97,0,53,60,57,53,30,291,300,98,-4.9,6.8,2.76,-1.8
1986,2,7,15,-0.9,961.2,78.8,0,1.9,4.3,291,NA,NA,38,38,0,22,20,19,22,30,288,296,98,-4.1,6.4,2.93,-2
1986,2,7,16,-0.7,961.1,77.5,0,1.9,5,314,NA,NA,10,10,0,6,5,4,6,30,289,297,98,-4.1,6.6,2.92,-1.9
1986,2,7,17,-0.8,961.2,68,0,4.1,7.4,22,NA,NA,0,0,0,0,0,0,0,30,295,299,98,-6,5.5,2.55,-2.5
1986,2,7,18,-1.1,961.3,68.7,0,4.3,7.3,20,NA,8,0,0,0,0,0,0,0,30,294,297,98,-6.1,5.2,2.52,-2.7
1986,2,7,19,-1.6,960.9,67.8,0,3.9,6.1,24,NA,NA,0,0,0,0,0,0,0,30,291,294,98,-6.8,4.3,2.39,-3.3
1986,2,7,20,-1.9,960.7,67.2,0,3.9,7.3,21,NA,NA,0,0,0,0,0,0,0,30,262,280,98,-7.2,3.9,2.32,-3.6
1986,2,7,21,-1.6,960.4,66.6,0,4.7,8.7,29,NA,NA,0,0,0,0,0,0,0,30,264,282,98,-7,4.2,2.35,-3.3
1986,2,7,22,-2.1,960.2,66.9,0,5,9.3,34,NA,NA,0,0,0,0,0,0,0,30,262,279,98,-7.4,3.5,2.28,-3.8
1986,2,7,23,-2.5,960.2,67.6,0,5.9,10,36,NA,NA,0,0,0,0,0,0,0,30,240,268,98,-7.7,3,2.23,-4.1
1986,2,8,0,-3,959.9,67.2,0,5,9.1,38,NA,NA,0,0,0,0,0,0,0,30,238,266,98,-8.2,2.3,2.14,-4.6
1986,2,8,1,-3.6,959.5,67.4,0,5.2,8.7,19,NA,NA,0,0,0,0,0,0,0,30,235,264,98,-8.8,1.5,2.05,-5.1
1986,2,8,2,-3.8,958.9,67.7,0,5.1,8.6,18,NA,NA,0,0,0,0,0,0,0,30,234,263,98,-8.9,1.2,2.03,-5.3
1986,2,8,3,-3.6,958.4,67.1,0,4,6.7,10,NA,NA,0,0,0,0,0,0,0,30,284,287,98,-8.8,1.5,2.05,-5.1
1986,2,8,4,-3.4,957.8,65.7,0,4.7,8.8,18,NA,NA,0,0,0,0,0,0,0,30,284,288,98,-8.9,1.6,2.03,-5
1986,2,8,5,-3.5,957.6,65.6,0,4.7,8.5,23,NA,NA,1,0,0,0,0,0,0,30,284,288,98,-9,1.5,2.02,-5.1
1986,2,8,6,-3.5,957.4,65.1,0,4.1,8,32,NA,8,1,0,0,0,0,0,0,30,284,288,98,-9.1,1.4,2,-5.1
1986,2,8,7,-3.7,957.6,65.7,0,4.1,6.8,30,NA,NA,9,9,0,5,5,5,5,30,283,287,98,-9.2,1.2,1.99,-5.3
1986,2,8,8,-3.6,957.7,64.6,0,4.6,9.3,32,NA,NA,41,41,0,22,23,23,23,30,284,288,98,-9.3,1.3,1.97,-5.2
1986,2,8,9,-3.4,957.6,63.4,0,5.9,9.3,36,NA,NA,116,116,1,78,80,61,62,30,284,289,98,-9.3,1.4,1.96,-5.1
1986,2,8,10,-3.1,957.5,64.9,0,5.7,8.4,32,NA,NA,154,154,2,96,110,80,81,30,286,291,98,-8.8,2,2.06,-4.8
1986,2,8,11,-2.7,957,63.4,0,5.1,8.8,30,NA,NA,223,212,23,132,211,111,108,30,251,277,98,-8.7,2.4,2.07,-4.5
1986,2,8,12,-1.9,956.5,60.8,0,4.9,8.7,46,NA,4,389,215,363,150,614,196,137,30,253,280,98,-8.5,3.3,2.11,-3.9
1986,2,8,13,-1.8,956.1,60.3,0,5,9.4,43,NA,NA,392,152,544,125,705,356,125,30,252,281,98,-8.5,3.4,2.11,-3.8
1986,2,8,14,-2.1,956.4,60.1,0,5,8.9,45,NA,NA,263,157,294,101,426,341,100,30,241,274,98,-8.8,3,2.05,-4.1
1986,2,8,15,-2.6,956.7,60.4,0,5.6,9.6,46,NA,NA,99,96,12,51,81,86,51,30,239,269,98,-9.2,2.3,1.99,-4.5
1986,2,8,16,-2.9,957.4,61.3,0,5.3,9.7,44,NA,NA,30,30,0,16,18,19,16,30,237,267,98,-9.3,2,1.97,-4.8
1986,2,8,17,-3.3,958,61.7,0,5.5,9.7,48,NA,NA,1,0,0,0,0,0,0,30,274,284,98,-9.6,1.5,1.92,-5.1
1986,2,8,18,-3.8,958.8,60.3,0,7.1,11.4,39,NA,8,0,0,0,0,0,0,0,30,272,281,98,-10.4,0.7,1.81,-5.6
1986,2,8,19,-5,959.5,60.9,0,7.6,12.8,42,NA,NA,1,0,0,0,0,0,0,30,265,274,98,-11.4,-0.9,1.67,-6.7
1986,2,8,20,-6,959.7,61,0,7,12.3,34,NA,NA,0,0,0,0,0,0,0,30,202,242,98,-12.3,-2.2,1.55,-7.6
1986,2,8,21,-7,960.2,60.8,0,5.2,10.1,20,NA,NA,0,0,0,0,0,0,0,30,199,238,98,-13.3,-3.5,1.43,-8.5
1986,2,8,22,-7.3,960.5,60.9,0,4.3,6.5,14,NA,NA,0,0,0,0,0,0,0,30,198,237,98,-13.6,-3.9,1.4,-8.8
1986,2,8,23,-7.9,960.9,60.7,0,4.6,7.5,20,NA,NA,0,0,0,0,0,0,0,30,195,234,98,-14.2,-4.7,1.33,-9.3
1986,2,9,0,-8.2,961.2,61,0,5.1,7.9,23,NA,NA,1,0,0,0,0,0,0,30,204,238,98,-14.4,-5,1.3,-9.6
1986,2,9,1,-8.7,961.7,63.5,0,5,8.3,19,NA,NA,0,0,0,0,0,0,0,30,202,236,98,-14.4,-5.5,1.3,-9.9
1986,2,9,2,-9.1,962,62.8,0,3.4,6.8,5,NA,NA,0,0,0,0,0,0,0,30,191,229,98,-14.9,-6.1,1.25,-10.3
1986,2,9,3,-9.2,962.3,61.8,0,2.2,4.5,356,NA,NA,0,0,0,0,0,0,0,30,190,227,98,-15.2,-6.3,1.22,-10.5
1986,2,9,4,-9.6,962.6,62.8,0,2.4,4.7,17,NA,NA,1,0,0,0,0,0,0,30,189,227,98,-15.4,-6.7,1.2,-10.8
1986,2,9,5,-10,962.8,62.8,0,2.4,4.5,351,NA,NA,0,0,0,0,0,0,0,30,197,230,98,-15.7,-7.2,1.16,-11.2
1986,2,9,6,-9.9,963.2,61.1,0,2.5,4.3,333,NA,2,0,0,0,0,0,0,0,30,198,230,98,-16,-7.2,1.14,-11.1
1986,2,9,7,-9.7,963.9,58.8,0,2.4,4.3,336,NA,NA,22,22,0,16,14,11,11,30,197,230,98,-16.2,-7,1.11,-11
1986,2,9,8,-9.5,964,56.8,0,2.1,3.9,334,NA,NA,104,86,89,172,138,49,49,30,210,239,98,-16.5,-6.9,1.09,-10.9
1986,2,9,9,-8.1,964.3,54.4,0,1.7,3.7,326,NA,NA,213,159,165,272,297,89,89,30,215,248,98,-15.7,-5.3,1.17,-9.7
1986,2,9,10,-7.4,964.4,53.4,0,1.4,3.9,72,NA,NA,199,182,40,143,189,94,95,30,215,250,98,-15.2,-4.5,1.21,-9.1
1986,2,9,11,-7.1,964,57.4,0,1.4,4.2,102,NA,NA,266,239,56,156,278,125,120,30,259,273,98,-14.1,-3.9,1.33,-8.7
1986,2,9,12,-7.3,963.8,66,0,1.4,4.1,86,NA,7,255,224,64,126,286,141,117,30,258,272,98,-12.6,-3.6,1.51,-8.6
1986,2,9,13,-6.5,963.3,45.9,0,1.5,5.8,316,NA,NA,318,207,249,124,479,265,123,30,258,274,98,-16.2,-3.8,1.12,-8.6
1986,2,9,14,-7.2,963.7,39.1,0,5.3,9.7,305,NA,NA,221,172,136,95,297,244,95,30,201,243,98,-18.8,-5,0.9,-9.5
1986,2,9,15,-8.2,964.4,45.9,0,4.4,10.4,310,NA,NA,180,86,380,68,363,419,68,30,200,239,98,-17.8,-5.9,0.98,-10.1
1986,2,9,16,-9.4,965.3,55.8,0,4.9,9.6,317,NA,NA,43,38,50,24,65,100,24,30,196,233,98,-16.6,-6.8,1.08,-10.8
1986,2,9,17,-9.9,966.2,49.5,0,4.4,9.9,344,NA,NA,2,0,0,0,0,0,0,30,194,230,98,-18.5,-7.7,0.92,-11.5
1986,2,9,18,-10,966.5,50.3,0,2.3,4.9,11,NA,7,0,0,0,0,0,0,0,30,194,229,98,-18.4,-7.8,0.93,-11.6
1986,2,9,19,-10.1,966.6,49.9,0,5.7,10.5,21,NA,NA,1,0,0,0,0,0,0,30,194,230,98,-18.6,-7.9,0.91,-11.7
1986,2,9,20,-10.3,966.9,50.9,0,6.1,10.2,18,NA,NA,1,0,0,0,0,0,0,30,234,248,98,-18.5,-8.1,0.92,-11.8
1986,2,9,21,-10.4,967.2,51.4,0,5.2,10.2,29,NA,NA,0,0,0,0,0,0,0,30,233,247,98,-18.5,-8.2,0.92,-11.9
1986,2,9,22,-10.6,967.4,51.3,0,6.1,9.6,40,NA,NA,1,0,0,0,0,0,0,30,233,247,98,-18.7,-8.5,0.9,-12.1
1986,2,9,23,-10.4,967.8,52,0,6.3,10.3,34,NA,NA,0,0,0,0,0,0,0,30,183,223,98,-18.4,-8.2,0.93,-11.9
1986,2,10,0,-10.2,967.8,53.3,0,5.8,8.6,28,NA,NA,1,0,0,0,0,0,0,30,184,225,98,-17.9,-7.9,0.97,-11.6
1986,2,10,1,-10.4,967.8,53.3,0,5.8,9.2,20,NA,NA,1,0,0,0,0,0,0,30,183,224,98,-18.1,-8.1,0.95,-11.8
1986,2,10,2,-10.4,967.9,53.6,0,5.9,8.5,24,NA,NA,0,0,0,0,0,0,0,30,194,230,98,-18,-8.1,0.96,-11.8
1986,2,10,3,-10.6,967.5,53.6,0,5.4,8.3,29,NA,NA,0,0,0,0,0,0,0,30,193,229,98,-18.2,-8.4,0.94,-12
1986,2,10,4,-10.6,967.7,54.1,0,4.3,7.6,37,NA,NA,2,0,0,0,0,0,0,30,193,229,98,-18.1,-8.3,0.95,-12
1986,2,10,5,-10.7,967.6,54.2,0,4.3,7.1,36,NA,NA,0,0,0,0,0,0,0,30,253,257,98,-18.2,-8.5,0.94,-12.1
1986,2,10,6,-10.5,967.8,55.6,0,4.5,6.9,30,NA,8,2,0,0,0,0,0,0,30,254,258,98,-17.7,-8.2,0.98,-11.8
1986,2,10,7,-10.7,968.1,61.1,0,4.8,7.1,29,NA,NA,11,11,0,6,6,6,6,30,253,258,98,-16.7,-8.2,1.06,-11.9
1986,2,10,8,-10.6,968.7,64.3,0,4.9,8,34,NA,NA,45,45,0,25,25,25,25,30,254,260,98,-16,-7.9,1.13,-11.7
1986,2,10,9,-10.4,968.2,63.2,0,5.5,9.4,32,NA,NA,100,100,0,63,63,53,54,30,253,260,98,-16,-7.7,1.13,-11.5
1986,2,10,10,-10.5,968.6,60.7,0,5.2,8.1,19,NA,NA,124,124,0,74,79,66,67,30,255,260,98,-16.6,-7.9,1.07,-11.7
1986,2,10,11,-9.6,968.4,58.2,0,5.6,9,25,NA,NA,152,152,0,87,102,82,82,30,250,260,98,-16.3,-6.9,1.11,-10.9
1986,2,10,12,-8.7,968.3,56.1,0,5.9,9.9,46,NA,7,248,222,54,122,247,134,115,30,252,264,98,-15.9,-5.9,1.14,-10.2
1986,2,10,13,-8.3,968.3,54,0,5.3,8.8,52,NA,NA,265,232,72,118,306,192,117,30,254,266,98,-16,-5.6,1.14,-9.9
1986,2,10,14,-8.1,968.7,53.6,0,5.9,10.6,42,NA,NA,200,178,58,92,220,187,92,30,214,246,98,-15.9,-5.3,1.15,-9.7
1986,2,10,15,-7.9,969.2,49.3,0,6.5,10.6,46,NA,NA,148,115,133,67,216,244,67,30,212,245,98,-16.7,-5.3,1.07,-9.7
1986,2,10,16,-8.3,969.7,52.6,0,5.9,11,45,NA,NA,42,39,26,23,47,69,23,30,213,243,98,-16.3,-5.6,1.11,-10
1986,2,10,17,-8.5,970.5,57.7,0,5.2,10.5,38,NA,NA,2,0,0,0,0,0,0,30,232,251,98,-15.3,-5.6,1.19,-9.9
1986,2,10,18,-8.9,970.9,57,0,6.1,13.1,32,NA,5,0,0,0,0,0,0,0,30,230,249,98,-15.9,-6.2,1.14,-10.3
1986,2,10,19,-8.9,971.2,57.1,0,6.5,11.3,44,NA,NA,0,0,0,0,0,0,0,30,230,250,98,-15.8,-6.1,1.14,-10.3
1986,2,10,20,-9.5,971.6,58.1,0,6.9,10.5,24,NA,NA,0,0,0,0,0,0,0,30,217,242,98,-16.2,-6.8,1.11,-10.8
1986,2,10,21,-9.9,971.7,59.7,0,6.5,10.8,23,NA,NA,0,0,0,0,0,0,0,30,216,241,98,-16.3,-7.3,1.1,-11.2
1986,2,10,22,-10,971.7,60.1,0,6.3,9.3,20,NA,NA,0,0,0,0,0,0,0,30,217,241,98,-16.3,-7.4,1.1,-11.2
1986,2,10,23,-9.9,972.1,60.3,0,6.1,9.7,17,NA,NA,0,0,0,0,0,0,0,30,237,252,98,-16.1,-7.2,1.11,-11.1
1986,2,11,0,-9.8,971.9,60.9,0,6.3,10.2,21,NA,NA,0,0,0,0,0,0,0,30,238,252,98,-15.9,-7.1,1.14,-11
1986,2,11,1,-9.8,972.3,62.8,0,6.8,10.7,22,NA,NA,0,0,0,0,0,0,0,30,237,252,98,-15.6,-7,1.17,-11
1986,2,11,2,-10.1,972.3,63.4,0,6.6,10.1,22,NA,NA,0,0,0,0,0,0,0,30,255,259,98,-15.7,-7.3,1.15,-11.2
1986,2,11,3,-9.9,972.6,63.3,0,6.6,9.6,21,NA,NA,0,0,0,0,0,0,0,30,257,261,98,-15.6,-7.1,1.17,-11.1
1986,2,11,4,-9.7,973.2,63.4,0,7.2,11.2,22,NA,NA,0,0,0,0,0,0,0,30,258,262,98,-15.3,-6.8,1.19,-10.9
1986,2,11,5,-9.4,973.4,64.6,0,6.1,10.2,30,NA,NA,0,0,0,0,0,0,0,30,250,258,98,-14.8,-6.4,1.24,-10.5
1986,2,11,6,-9,973.6,65.5,0,5.6,10.6,45,NA,7,2,0,0,0,0,0,0,30,251,261,98,-14.3,-5.9,1.3,-10.2
1986,2,11,7,-8.9,974.2,66.9,0,5.6,11.3,39,NA,NA,12,12,0,6,7,7,7,30,252,261,98,-13.9,-5.7,1.34,-10
1986,2,11,8,-8.7,974.4,64.8,0,7.6,14.2,41,NA,NA,49,49,0,28,28,27,28,30,242,257,98,-14.1,-5.5,1.31,-9.9
1986,2,11,9,-8.4,974.1,64,0,7.6,12.8,47,NA,NA,96,96,0,59,60,52,52,30,245,259,98,-14,-5.2,1.33,-9.6
1986,2,11,10,-7.7,973.9,64.1,0,7.1,11.6,42,NA,NA,133,133,0,80,87,71,72,30,247,262,98,-13.3,-4.3,1.41,-9
1986,2,11,11,-6.8,973.5,63.5,0,6,11,54,NA,NA,247,231,32,145,240,120,117,30,223,255,98,-12.6,-3.2,1.49,-8.2
1986,2,11,12,-5.6,973.1,61.4,0,5.9,11.1,60,NA,3,358,235,250,148,503,184,136,30,227,261,98,-11.8,-1.7,1.58,-7.2
1986,2,11,13,-4.6,972.6,61,0,4.7,10.8,57,NA,NA,268,220,105,117,316,196,116,30,232,264,98,-11,-0.4,1.7,-6.3
1986,2,11,14,-4.2,972.5,62,0,3.8,10,57,NA,NA,154,147,20,78,131,117,78,30,271,283,98,-10.4,0.2,1.78,-5.9
1986,2,11,15,-3.4,972.6,63.2,0,7.2,13,45,NA,NA,116,106,41,57,118,130,57,30,274,284,98,-9.4,1.4,1.93,-5.1
1986,2,11,16,-3.4,972.6,63.9,0,8.8,15.5,48,NA,NA,37,37,0,20,23,25,20,30,274,283,98,-9.2,1.4,1.95,-5.1
1986,2,11,17,-3.5,973.2,64.9,0,9.6,16,49,NA,NA,3,0,0,0,0,0,0,30,274,282,98,-9.1,1.3,1.96,-5.1
1986,2,11,18,-3.7,973.5,66.2,0,9.7,16.2,51,NA,7,0,0,0,0,0,0,0,30,274,282,98,-9.1,1.2,1.97,-5.3
1986,2,11,19,-3.9,974.2,66.2,0,8.5,15.5,48,NA,NA,0,0,0,0,0,0,0,30,272,280,98,-9.3,0.9,1.94,-5.4
1986,2,11,20,-4.2,974.1,66.8,0,8.2,15.7,49,NA,NA,0,0,0,0,0,0,0,30,280,284,98,-9.4,0.5,1.92,-5.7
1986,2,11,21,-4.5,974.4,67.3,0,7.6,14.4,55,NA,NA,0,0,0,0,0,0,0,30,279,284,98,-9.6,0.1,1.89,-5.9
1986,2,11,22,-4.5,974.8,67.9,0,7.7,14.6,56,NA,NA,1,0,0,0,0,0,0,30,280,284,98,-9.5,0.2,1.9,-5.9
1986,2,11,23,-4.9,975.3,67.6,0,6.6,13,54,NA,NA,2,0,0,0,0,0,0,30,277,282,98,-10,-0.4,1.84,-6.3
1986,2,12,0,-5,975.6,68.3,0,4.5,10.4,52,NA,NA,1,0,0,0,0,0,0,30,278,282,98,-9.9,-0.5,1.84,-6.3
1986,2,12,1,-4.9,975.8,68.6,0,3.6,7,52,NA,NA,2,0,0,0,0,0,0,30,278,282,98,-9.8,-0.3,1.86,-6.2
1986,2,12,2,-4.9,975.7,68.6,0,2.9,8.2,53,NA,NA,2,0,0,0,0,0,0,30,278,282,98,-9.8,-0.3,1.86,-6.2
1986,2,12,3,-5,975.8,68.8,0,2.1,5.1,62,NA,NA,1,0,0,0,0,0,0,30,277,281,98,-9.8,-0.4,1.85,-6.3
1986,2,12,4,-5.3,975.8,68.4,0,1.8,4.8,81,NA,NA,1,0,0,0,0,0,0,30,276,280,98,-10.2,-0.9,1.8,-6.6
1986,2,12,5,-5.1,975.9,70,0,4.1,9.4,44,NA,NA,0,0,0,0,0,0,0,30,278,281,98,-9.7,-0.5,1.87,-6.4
1986,2,12,6,-5.1,976,70.7,0,5.7,10.5,30,NA,7,0,0,0,0,0,0,0,30,277,281,98,-9.6,-0.5,1.89,-6.3
1986,2,12,7,-5.2,976.7,70.8,0,3.9,9,46,NA,NA,6,6,0,2,3,4,4,30,277,281,98,-9.7,-0.6,1.88,-6.4
1986,2,12,8,-5.3,976.6,74.1,0,5.6,9.3,22,NA,NA,25,25,0,11,12,14,14,30,277,281,98,-9.2,-0.5,1.95,-6.4
1986,2,12,9,-5.1,976.4,73.7,0,4.3,10.5,27,NA,NA,56,56,0,30,30,31,32,30,279,283,98,-9.1,-0.3,1.97,-6.2
1986,2,12,10,-4.5,976.3,68.4,0,6.6,10.3,34,NA,NA,138,138,0,83,91,73,74,30,280,285,98,-9.4,0.2,1.91,-5.9
1986,2,12,11,-3.9,975.5,65.4,0,5.9,10.2,40,NA,NA,254,226,58,154,277,121,117,30,276,286,98,-9.4,0.8,1.91,-5.5
1986,2,12,12,-3.2,975.2,64.2,0,5.3,9,45,NA,7,251,245,13,130,208,136,124,30,276,288,98,-9,1.7,1.98,-4.9
1986,2,12,13,-3,974.9,65.4,0,5.5,9.4,32,NA,NA,293,227,143,123,387,229,122,30,278,289,98,-8.6,2.1,2.05,-4.7
1986,2,12,14,-2.9,974.6,64.6,0,5,8.7,42,NA,NA,209,185,62,96,230,196,95,30,258,280,98,-8.6,2.1,2.04,-4.6
1986,2,12,15,-3.1,974.4,65.3,0,5.3,9,31,NA,NA,109,105,15,56,90,96,55,30,256,276,98,-8.7,1.9,2.03,-4.7
1986,2,12,16,-3.8,974.4,66.2,0,5.3,8.4,25,NA,NA,49,45,41,26,59,90,26,30,252,272,98,-9.2,1,1.96,-5.3
1986,2,12,17,-4.3,974.8,67.6,0,5.7,9.5,23,NA,NA,1,0,0,0,0,0,0,30,262,275,98,-9.4,0.4,1.92,-5.7
1986,2,12,18,-4.6,975,67.7,0,6,10.4,27,NA,6,0,0,0,0,0,0,0,30,259,273,98,-9.7,0,1.88,-6
1986,2,12,19,-4.9,974.9,69,0,5.6,9.1,23,NA,NA,0,0,0,0,0,0,0,30,259,273,98,-9.7,-0.3,1.88,-6.2
1986,2,12,20,-4.8,974.9,69.4,0,5.4,9,26,NA,NA,1,0,0,0,0,0,0,30,260,273,98,-9.5,-0.1,1.9,-6.1
1986,2,12,21,-4.9,974.7,70.6,0,5.4,9.3,25,NA,NA,0,0,0,0,0,0,0,30,260,274,98,-9.4,-0.2,1.92,-6.2
1986,2,12,22,-4.9,974.3,70.9,0,4.5,7.6,20,NA,NA,0,0,0,0,0,0,0,30,259,273,98,-9.4,-0.2,1.93,-6.2
1986,2,12,23,-4.5,974.2,69.9,0,4.5,8.4,27,NA,NA,0,0,0,0,0,0,0,30,271,279,98,-9.2,0.3,1.96,-5.8
1986,2,13,0,-4.5,973.4,71,0,5.3,9.5,31,NA,NA,1,0,0,0,0,0,0,30,270,279,98,-9,0.4,1.99,-5.8
1986,2,13,1,-4.5,972.7,71.3,0,5.2,8.7,30,NA,NA,0,0,0,0,0,0,0,30,271,280,98,-8.9,0.4,2,-5.8
1986,2,13,2,-4.4,971.8,71.8,0,5.5,9.5,31,NA,NA,0,0,0,0,0,0,0,30,281,284,98,-8.7,0.6,2.03,-5.6
1986,2,13,3,-4.5,971,72.6,0,4.7,8.2,25,NA,NA,0,0,0,0,0,0,0,30,280,284,98,-8.7,0.5,2.04,-5.7
1986,2,13,4,-4.5,970.8,72.9,0,4.6,8.1,27,NA,NA,1,0,0,0,0,0,0,30,280,284,98,-8.6,0.6,2.05,-5.7
1986,2,13,5,-4.4,970.1,72.3,0,4.8,8.4,25,NA,NA,0,0,0,0,0,0,0,30,280,284,98,-8.6,0.7,2.05,-5.6
1986,2,13,6,-4.6,970.1,70.8,0,5.1,8.5,25,NA,8,0,0,0,0,0,0,0,30,279,283,98,-9.1,0.3,1.98,-5.9
1986,2,13,7,-4.8,970.2,71.2,0,5,7.5,19,NA,NA,6,6,0,2,3,4,4,30,278,282,98,-9.2,0,1.96,-6
1986,2,13,8,-4.9,969.9,70.6,0,4.5,7,17,NA,NA,30,30,0,14,15,17,17,30,278,283,98,-9.4,-0.2,1.93,-6.2
1986,2,13,9,-4.9,969.7,71.4,0,4.8,6.9,21,NA,NA,59,59,0,32,32,33,33,30,278,283,98,-9.3,-0.1,1.95,-6.1
1986,2,13,10,-4.6,969.2,68.8,0,3.6,5.8,23,NA,NA,111,111,0,65,68,60,61,30,281,286,98,-9.5,0.1,1.92,-6
1986,2,13,11,-4,968.6,67.1,0,2.1,4.5,23,NA,NA,250,235,31,147,239,122,119,30,244,273,98,-9.2,0.8,1.96,-5.5
1986,2,13,12,-3.2,967.9,64.9,0,1.9,4.5,54,NA,4,445,203,479,158,716,215,145,30,248,281,98,-8.9,1.8,2.02,-4.9
1986,2,13,13,-2.7,967.2,63.4,0,1.3,4.5,57,NA,NA,355,212,308,132,533,294,130,30,249,280,98,-8.7,2.4,2.05,-4.5
1986,2,13,14,-2.3,966.7,62.7,0,2.1,5,48,NA,NA,323,146,459,111,556,449,111,30,213,263,98,-8.4,2.9,2.09,-4.1
1986,2,13,15,-2.6,966.2,64.5,0,2.9,4.6,37,NA,NA,158,116,154,70,230,264,70,30,211,257,98,-8.4,2.6,2.1,-4.3
1986,2,13,16,-3,966.2,67.8,0,2.1,3.9,20,NA,NA,75,40,291,33,190,335,33,30,209,253,98,-8.1,2.3,2.14,-4.5
1986,2,13,17,-3.6,966.4,69.1,0,2.7,4,350,NA,NA,2,0,0,0,0,0,0,30,206,243,98,-8.4,1.6,2.09,-5
1986,2,13,18,-4.6,966.4,73.1,0,3.2,4.5,350,NA,4,0,0,0,0,0,0,0,30,201,239,98,-8.7,0.5,2.05,-5.8
1986,2,13,19,-5.5,966.2,75.5,0,3.5,5,330,NA,NA,0,0,0,0,0,0,0,30,203,241,98,-9.1,-0.6,1.98,-6.5
1986,2,13,20,-5.1,966.1,75.5,0,2,4,360,NA,NA,0,0,0,0,0,0,0,30,241,261,98,-8.7,-0.1,2.04,-6.1
1986,2,13,21,-4.3,965.6,73.3,0,2.5,3.5,340,NA,NA,1,0,0,0,0,0,0,30,244,267,98,-8.4,0.9,2.11,-5.5
1986,2,13,22,-4.3,965.4,72.2,0,2,3,330,NA,NA,1,0,0,0,0,0,0,30,243,266,98,-8.5,0.8,2.07,-5.5
1986,2,13,23,-4.4,965.2,71.7,0,1.5,2.5,330,NA,NA,0,0,0,0,0,0,0,30,271,278,98,-8.7,0.6,2.04,-5.6
1986,2,14,0,-4.3,964.6,71.2,0,1.5,2.5,240,NA,NA,3,0,0,0,0,0,0,30,271,279,98,-8.7,0.7,2.05,-5.6
1986,2,14,1,-4.1,963.9,72.3,0,1,2.5,250,NA,NA,2,0,0,0,0,0,0,30,273,281,98,-8.3,1.1,2.11,-5.3
1986,2,14,2,-4.5,963.2,80,0,1,2.5,250,NA,NA,2,0,0,0,0,0,0,30,280,284,98,-7.4,1.1,2.27,-5.4
1986,2,14,3,-4.9,962.5,90.2,0.1,1,3,270,NA,NA,1,0,0,0,0,0,0,30,279,283,98,-6.3,1.2,2.48,-5.3
1986,2,14,4,-4.6,962.2,89.5,0,1.5,3,270,NA,NA,0,0,0,0,0,0,0,30,281,284,98,-6.1,1.6,2.52,-5.1
1986,2,14,5,-4.4,961.7,90,0,1.5,3.5,270,NA,NA,0,0,0,0,0,0,0,65,281,284,98,-5.8,2,2.58,-4.8
1986,2,14,6,-4.3,961.6,89.7,0,2,3.5,270,NA,8,0,0,0,0,0,0,0,65,282,285,98,-5.7,2.1,2.59,-4.7
1986,2,14,7,-4.2,961.5,90.1,0.1,1,3,270,NA,NA,8,8,0,5,6,6,6,65,282,286,98,-5.6,2.3,2.62,-4.6
1986,2,14,8,-4,961.3,91.4,0.6,1,2,270,NA,NA,28,28,0,18,19,21,21,65,283,287,98,-5.2,2.7,2.7,-4.4
1986,2,14,9,-3.8,961.1,92.3,0.8,1,2.5,270,NA,NA,65,65,0,48,48,48,49,65,284,288,98,-4.9,3.1,2.77,-4.2
1986,2,14,10,-3.6,961,91.7,0.5,1,2,270,NA,NA,115,115,0,89,93,84,85,65,286,291,98,-4.8,3.3,2.79,-4
1986,2,14,11,-2.9,960.3,83.6,0.1,1,2,270,NA,NA,237,225,23,183,260,162,159,65,289,298,98,-5.3,3.8,2.68,-3.7
1986,2,14,12,-2.3,959.6,75.4,0,0.7,3,270,NA,8,354,259,187,219,534,253,205,65,290,298,98,-6.1,4,2.53,-3.5
1986,2,14,13,-1.4,958.9,70.6,0,0.7,2.3,270,NA,NA,384,203,384,236,691,424,235,80,296,301,98,-6,4.9,2.54,-2.9
1986,2,14,14,-0.8,958.7,68.3,0,1,5.1,270,NA,NA,282,171,284,182,501,427,182,80,250,278,98,-5.9,5.6,2.56,-2.5
1986,2,14,15,-1.2,958.3,70.7,0,1.5,2.9,270,NA,NA,128,114,48,95,164,180,95,80,248,274,98,-5.8,5.2,2.58,-2.7
1986,2,14,16,-1.7,958.1,73.3,0,1.6,2.5,270,NA,NA,48,46,19,38,57,74,38,80,243,267,98,-5.8,4.7,2.58,-3
1986,2,14,17,-2.4,958.2,79.7,0,1.6,2.3,270,NA,NA,0,0,0,0,0,0,0,80,246,265,98,-5.4,4.2,2.66,-3.4
1986,2,14,18,-3.8,958.1,87.4,0,1,2.1,270,NA,6,0,0,0,0,0,0,0,80,235,253,98,-5.6,2.7,2.63,-4.4
1986,2,14,19,-4.5,958.1,91.1,0,1.5,2,270,NA,NA,0,0,0,0,0,0,0,80,235,256,98,-5.7,1.9,2.6,-4.9
1986,2,14,20,-4.4,958.3,92.4,0,2,3,270,NA,NA,0,0,0,0,0,0,0,80,228,255,98,-5.4,2.2,2.66,-4.7
1986,2,14,21,-4.5,958.3,92.2,0,2,3,270,NA,NA,0,0,0,0,0,0,0,80,228,255,98,-5.6,2,2.63,-4.8
1986,2,14,22,-4.7,958.3,92.7,0,2,3,270,NA,NA,0,0,0,0,0,0,0,80,227,255,98,-5.7,1.7,2.6,-5
1986,2,14,23,-4.1,958.6,93,0,2.5,3,270,NA,NA,0,0,0,0,0,0,0,80,285,286,98,-5.1,2.7,2.73,-4.4
1986,2,15,0,-3.3,958.5,92,0,2.5,3.5,270,NA,NA,0,0,0,0,0,0,0,80,287,289,98,-4.4,3.8,2.87,-3.7
1986,2,15,1,-3,958.2,91.9,0,2.5,3.5,270,NA,NA,0,0,0,0,0,0,0,80,288,291,98,-4.1,4.3,2.94,-3.4
1986,2,15,2,-2.8,957.7,93.1,0.1,3,4,270,NA,NA,0,0,0,0,0,0,0,80,289,292,98,-3.8,4.7,3.02,-3.1
1986,2,15,3,-2.6,957.8,93.8,0,3,4,270,NA,NA,0,0,0,0,0,0,0,80,289,292,98,-3.5,5.1,3.09,-2.9
1986,2,15,4,-2.4,958,93.7,0.3,3,4.5,270,NA,NA,1,0,0,0,0,0,0,80,290,293,98,-3.3,5.4,3.13,-2.7
1986,2,15,5,-2.4,958.2,94.3,0.7,3.5,4.5,270,NA,NA,0,0,0,0,0,0,0,80,290,293,98,-3.2,5.4,3.15,-2.7
1986,2,15,6,-2.3,958.7,95.3,1.1,2,3,270,NA,8,0,0,0,0,0,0,0,80,291,294,98,-2.9,5.7,3.21,-2.5
1986,2,15,7,-2.2,959,95.9,0.4,1.5,2.5,270,NA,NA,12,12,0,8,9,10,10,80,291,295,98,-2.8,5.9,3.25,-2.4
1986,2,15,8,-2,959.3,97.2,0.5,1.5,2.5,270,NA,NA,32,32,0,24,25,27,27,80,293,296,98,-2.4,6.3,3.34,-2.1
1986,2,15,9,-1.7,959.7,95.9,0.6,1.5,3,270,NA,NA,70,70,0,58,58,58,58,80,294,298,98,-2.3,6.7,3.37,-1.9
1986,2,15,10,-1.3,959.8,89.6,0.3,1.5,2.5,210,NA,NA,185,177,18,175,205,143,143,80,296,302,98,-2.8,6.8,3.24,-1.8
1986,2,15,11,-0.5,959.7,82.6,0,1.5,2.5,110,NA,NA,214,211,5,179,218,168,166,80,300,305,98,-3.1,7.4,3.17,-1.4
1986,2,15,12,0.4,959.4,78.1,0,2,3,110,NA,8,281,244,72,210,382,229,201,80,304,310,98,-3,8.4,3.2,-0.9
1986,2,15,13,1,958.8,73.5,0,2,3,70,NA,NA,212,209,7,164,220,187,163,80,306,311,98,-3.2,8.9,3.15,-0.5
1986,2,15,14,1,958.6,76.7,0,1,2.5,40,NA,NA,149,148,2,118,144,138,118,80,306,311,98,-2.6,9.2,3.28,-0.4
1986,2,15,15,1.1,958.7,79.2,0,1,2.5,25,NA,NA,86,86,0,70,77,79,70,80,305,309,98,-2.1,9.6,3.42,-0.1
1986,2,15,16,0.9,958.7,82,0,1,2.5,350,NA,NA,35,35,0,29,29,30,29,80,305,308,98,-1.8,9.6,3.49,-0.1
1986,2,15,17,0.8,959,85.1,0,1,2.5,330,NA,NA,3,0,0,0,0,0,0,80,304,307,98,-1.4,9.8,3.59,-0.1
1986,2,15,18,0.3,958.9,91.2,0.2,1,3.7,330,NA,8,0,0,0,0,0,0,0,80,302,305,98,-1,9.6,3.71,-0.2
1986,2,15,19,0.3,958.6,95.2,0,1,3.5,330,NA,NA,0,0,0,0,0,0,0,80,303,306,98,-0.4,10,3.88,0
1986,2,15,20,0.4,958.6,95.7,0,1,3.5,330,NA,NA,0,0,0,0,0,0,0,80,303,306,98,-0.2,10.2,3.93,0.2
1986,2,15,21,0.5,958.5,95.5,0,1,3,330,NA,NA,0,0,0,0,0,0,0,80,304,306,98,-0.1,10.4,3.95,0.3
1986,2,15,22,0.5,958.6,95.4,0,1,3,310,NA,NA,0,0,0,0,0,0,0,80,303,306,98,-0.1,10.3,3.94,0.3
1986,2,15,23,0.5,958.5,95.2,0,1,2.5,270,NA,NA,1,0,0,0,0,0,0,80,304,306,98,-0.2,10.3,3.94,0.2
1986,2,16,0,0.4,958.3,95.6,0.1,1,2.5,270,NA,NA,1,0,0,0,0,0,0,80,303,306,98,-0.2,10.2,3.93,0.2
1986,2,16,1,0.5,958.1,95.8,0,1,2.5,270,NA,NA,1,0,0,0,0,0,0,80,303,306,98,-0.1,10.4,3.96,0.3
1986,2,16,2,0.4,957.7,96,0,1,2.5,270,NA,NA,1,0,0,0,0,0,0,80,303,306,98,-0.2,10.2,3.94,0.2
1986,2,16,3,0.4,957.6,96,0,1,2.5,270,NA,NA,0,0,0,0,0,0,0,80,303,306,98,-0.2,10.2,3.94,0.2
1986,2,16,4,0.4,957.6,95.9,0.1,1,2.5,270,NA,NA,0,0,0,0,0,0,0,80,303,306,98,-0.2,10.2,3.94,0.2
1986,2,16,5,0.5,957.8,95.8,0,1,2.5,270,NA,NA,0,0,0,0,0,0,0,50,304,306,98,-0.1,10.4,3.97,0.3
1986,2,16,6,0.5,958.1,96.1,0.2,1,2.5,270,NA,8,0,0,0,0,0,0,0,50,304,306,98,0,10.4,3.98,0.3
1986,2,16,7,0.6,958.3,96.1,0,1,2.5,270,NA,NA,8,8,0,4,5,6,6,50,305,307,98,0.1,10.6,4,0.4
1986,2,16,8,0.8,958.3,97.5,0,1,2.5,270,NA,NA,48,48,0,32,32,32,32,50,306,308,98,0.5,11.1,4.12,0.7
1986,2,16,9,1.3,958.3,98.6,0,1,2.5,270,NA,NA,123,123,0,93,94,78,78,50,309,312,98,1.1,12.1,4.32,1.2
1986,2,16,10,1.7,958,87.9,0,1,2.5,210,NA,NA,141,141,0,100,107,90,91,50,310,313,98,-0.1,11.6,3.97,1
1986,2,16,11,2,957.3,83.1,0,1,2.5,110,NA,NA,152,152,0,103,116,98,98,50,312,315,98,-0.6,11.6,3.83,1
1986,2,16,12,2.5,956.7,78.5,0,1,2.5,330,NA,8,223,216,14,141,214,148,135,50,313,318,98,-0.9,11.9,3.75,1.1
1986,2,16,13,3.2,956.1,73,0,1,2.6,90,NA,NA,376,221,321,177,588,348,176,50,316,321,98,-1.2,12.4,3.67,1.4
1986,2,16,14,3.3,955.4,71.9,0,1,4.3,12,NA,NA,338,153,462,151,596,496,151,50,262,295,98,-1.3,12.4,3.64,1.5
1986,2,16,15,3.2,954.9,75.8,0,1.7,3.4,11,NA,NA,173,130,153,94,258,297,94,50,261,292,98,-0.7,12.8,3.82,1.6
1986,2,16,16,2.9,954.3,79.9,0,1.4,3.7,9,NA,NA,56,51,34,35,66,97,35,50,262,290,98,-0.2,12.8,3.94,1.6
1986,2,16,17,2.6,954,81.8,0,0.7,2.7,25,NA,NA,3,0,0,0,0,0,0,50,312,313,98,-0.2,12.5,3.95,1.5
1986,2,16,18,2.4,953.9,84.5,0,0.7,2.1,63,NA,8,0,0,0,0,0,0,0,50,312,313,98,0.1,12.5,4.03,1.5
1986,2,16,19,1.9,953.1,87.3,0,0.1,1.1,8,NA,NA,0,0,0,0,0,0,0,50,309,311,98,0,11.9,4.02,1.1
1986,2,16,20,1.7,952.4,89.4,0,0,0.9,0,NA,NA,0,0,0,0,0,0,0,50,311,311,98,0.1,11.8,4.06,1
1986,2,16,21,1.7,951.9,91,0,0.1,1.3,53,NA,NA,0,0,0,0,0,0,0,50,308,309,98,0.4,12,4.13,1.2
1986,2,16,22,1.5,951.4,91.7,0,0.1,1.2,72,NA,NA,0,0,0,0,0,0,0,50,307,308,98,0.3,11.8,4.11,1
1986,2,16,23,0.9,951.2,94.1,0,0.7,2.2,222,NA,NA,0,0,0,0,0,0,0,50,307,307,98,0.1,11,4.04,0.6
1986,2,17,0,1.3,950.7,94.5,0,0.7,3.5,338,NA,NA,0,0,0,0,0,0,0,50,306,308,98,0.5,11.7,4.18,1
1986,2,17,1,1.2,949.1,93.1,0,1.2,4.5,50,NA,NA,0,0,0,0,0,0,0,50,309,310,98,0.2,11.4,4.09,0.8
1986,2,17,2,1.6,948.2,86,0,0.8,3.6,51,NA,NA,0,0,0,0,0,0,0,50,309,310,98,-0.5,11.3,3.89,0.8
1986,2,17,3,1.2,947.5,84.3,0.4,1.6,3.6,61,NA,NA,0,0,0,0,0,0,0,50,304,307,98,-1.1,10.5,3.71,0.3
1986,2,17,4,0.4,947.1,94.8,3.5,1.3,3.5,38,NA,NA,0,0,0,0,0,0,0,50,303,306,98,-0.3,10.2,3.94,0.1
1986,2,17,5,0.4,945.8,96.5,2.4,2.2,4,59,NA,NA,1,0,0,0,0,0,0,50,303,306,98,-0.1,10.4,4.02,0.2
1986,2,17,6,0.5,945.3,96.6,0.5,1.5,3.4,46,NA,8,0,0,0,0,0,0,0,50,304,306,98,0,10.6,4.05,0.3
1986,2,17,7,0.6,944.5,97,0.2,0,0.1,0,NA,NA,8,8,0,4,5,6,6,50,304,306,98,0.2,10.8,4.1,0.4
1986,2,17,8,0.6,944.1,97.2,0.2,0.3,2.5,323,NA,NA,21,21,0,11,12,14,14,50,305,307,98,0.2,10.9,4.11,0.4
1986,2,17,9,0.9,943.9,95.7,0.1,1.5,4.2,44,NA,NA,101,101,0,73,73,65,66,50,306,308,98,0.3,11.2,4.14,0.7
1986,2,17,10,1.1,944.2,86.5,0,0.8,3,52,NA,NA,129,129,0,90,95,83,84,50,306,310,98,-0.9,10.6,3.79,0.3
1986,2,17,11,1.3,944.7,78.4,0,0.3,2.3,11,NA,NA,156,156,0,130,144,126,126,80,307,311,98,-2,10,3.48,0
1986,2,17,12,0.9,944,86.2,0.9,0.5,2.9,42,NA,8,141,141,0,115,127,116,114,80,305,308,98,-1.1,10.2,3.72,0.1
1986,2,17,13,1.1,944.1,91.8,0.3,1,2.8,25,NA,NA,108,108,0,89,93,90,89,80,307,310,98,-0.1,11.2,4.03,0.6
1986,2,17,14,1.2,944.2,91.7,0.2,0.5,3.9,331,NA,NA,112,112,0,91,100,98,91,80,308,310,98,0,11.3,4.05,0.7
1986,2,17,15,1.4,944.3,90.6,0,0.7,2.3,300,NA,NA,65,65,0,53,54,54,53,80,307,310,98,0,11.5,4.06,0.8
1986,2,17,16,1.4,944.5,92.1,0,0.5,2.7,313,NA,NA,25,25,0,21,20,18,21,80,307,309,98,0.3,11.7,4.13,1
1986,2,17,17,1.4,944.8,92.9,0,0.3,3.2,344,NA,NA,3,0,0,0,0,0,0,80,308,309,98,0.4,11.8,4.16,1
1986,2,17,18,1.4,945.3,94.1,0,1.7,3.2,64,NA,8,1,0,0,0,0,0,0,50,307,309,98,0.6,11.9,4.21,1.1
1986,2,17,19,1.2,945.7,93.6,0,0.5,2.4,10,NA,NA,0,0,0,0,0,0,0,50,307,308,98,0.3,11.5,4.13,0.8
1986,2,17,20,1.1,946.1,93.7,0,0,1.1,360,NA,NA,1,0,0,0,0,0,0,50,307,308,98,0.2,11.3,4.1,0.7
1986,2,17,21,1.2,946.4,94.2,0,0.1,1.8,315,NA,NA,1,0,0,0,0,0,0,50,305,308,98,0.4,11.6,4.15,0.9
1986,2,17,22,1,946.8,94.7,0,0,1,315,NA,NA,2,0,0,0,0,0,0,50,306,308,98,0.2,11.3,4.11,0.7
1986,2,17,23,0.9,947,95.1,0,0,0.1,0,NA,NA,1,0,0,0,0,0,0,50,306,308,98,0.2,11.1,4.1,0.6
1986,2,18,0,1.1,947,94.9,0,0.1,1.2,97,NA,NA,0,0,0,0,0,0,0,50,305,307,98,0.4,11.5,4.15,0.8
1986,2,18,1,0.9,947,95,0,0,0.1,0,NA,NA,2,0,0,0,0,0,0,50,307,308,98,0.2,11.1,4.09,0.6
1986,2,18,2,0.9,946.7,95.3,0,0,0.9,0,NA,NA,1,0,0,0,0,0,0,50,306,308,98,0.2,11.2,4.11,0.6
1986,2,18,3,0.9,946.3,95.7,0,0.1,1,45,NA,NA,1,0,0,0,0,0,0,50,306,308,98,0.3,11.2,4.13,0.7
1986,2,18,4,0.9,946.4,95.5,0,0,0.6,90,NA,NA,0,0,0,0,0,0,0,50,305,307,98,0.3,11.2,4.12,0.7
1986,2,18,5,0.8,946.6,96.3,0,0.4,1.1,5,NA,NA,0,0,0,0,0,0,0,50,305,307,98,0.3,11.1,4.12,0.6
1986,2,18,6,0.8,946.8,96.4,0,0.3,1.8,9,NA,8,0,0,0,0,0,0,0,50,305,307,98,0.3,11.1,4.13,0.6
1986,2,18,7,0.9,947.3,96.9,0,0.2,2.1,323,NA,NA,21,21,0,13,13,14,14,50,307,309,98,0.5,11.3,4.17,0.7
1986,2,18,8,1.2,947.6,98.4,0,0.1,1.4,333,NA,NA,66,66,0,48,46,43,43,50,308,310,98,1,12,4.33,1.1
1986,2,18,9,1.3,947.9,98,0,0.2,2,324,NA,NA,120,120,0,90,91,77,77,50,309,312,98,1,12.2,4.34,1.2
1986,2,18,10,1.6,948,93.9,0,0.3,1.9,324,NA,NA,121,121,0,84,88,79,79,50,308,313,98,0.7,12.2,4.25,1.2
1986,2,18,11,2.1,947.8,87.8,0,0,1,0,NA,NA,183,182,1,124,146,117,116,50,312,316,98,0.3,12.4,4.12,1.4
1986,2,18,12,2.4,947.4,82,0,0.6,2.5,26,NA,8,222,220,5,141,189,146,137,50,313,317,98,-0.4,12.2,3.93,1.3
1986,2,18,13,3.1,947.3,79.8,0,0,0.9,0,NA,NA,151,151,0,98,115,104,98,50,316,319,98,0,13.2,4.02,1.8
1986,2,18,14,3.2,947.5,78.9,0,0,0.1,0,NA,NA,100,100,0,66,71,69,66,50,316,318,98,-0.1,13.2,4.01,1.8
1986,2,18,15,3,947.7,83.3,0.2,0,0.1,0,NA,NA,62,62,0,41,41,41,41,50,313,315,98,0.5,13.4,4.17,2
1986,2,18,16,2.9,948.3,88.4,0.2,0.1,1.2,243,NA,NA,25,25,0,17,16,14,17,50,315,315,98,1.2,13.9,4.39,2.2
1986,2,18,17,2.6,948.8,92.7,4.3,0.4,2,251,NA,NA,0,0,0,0,0,0,0,50,289,302,98,1.5,13.9,4.51,2.1
1986,2,18,18,2.2,948.9,96,1.8,1,2.8,30,NA,8,0,0,0,0,0,0,0,50,286,301,98,1.6,13.6,4.54,1.9
1986,2,18,19,2.3,949.5,95.5,0.2,0.2,1.7,18,NA,NA,0,0,0,0,0,0,0,50,286,300,98,1.7,13.7,4.54,2
1986,2,18,20,2.1,950,95.9,1,0.6,1.8,219,NA,NA,0,0,0,0,0,0,0,50,312,313,98,1.5,13.3,4.49,1.8
1986,2,18,21,2.1,950.4,95.6,1.6,0.6,1.8,220,NA,NA,1,0,0,0,0,0,0,50,311,312,98,1.5,13.3,4.48,1.8
1986,2,18,22,1.7,950.6,96,0.8,0.4,1.3,342,NA,NA,0,0,0,0,0,0,0,50,310,311,98,1.1,12.6,4.37,1.4
1986,2,18,23,2,950.7,95.6,0.2,0.2,2,20,NA,NA,0,0,0,0,0,0,0,50,310,311,98,1.4,13.1,4.44,1.7
1986,2,19,0,2.2,950.8,94.8,0.3,0.1,1.3,18,NA,NA,0,0,0,0,0,0,0,50,311,312,98,1.5,13.4,4.47,1.9
1986,2,19,1,1.7,950.9,95.3,0.1,0,0.8,270,NA,NA,0,0,0,0,0,0,0,50,310,311,98,1,12.5,4.33,1.4
1986,2,19,2,1.9,950.9,95.3,0,0.2,1.3,347,NA,NA,0,0,0,0,0,0,0,50,310,311,98,1.2,12.9,4.4,1.6
1986,2,19,3,1.9,951,95.5,0.4,0.1,1,349,NA,NA,0,0,0,0,0,0,0,50,309,310,98,1.3,12.9,4.41,1.6
1986,2,19,4,1.7,951.5,95.3,0.4,0.1,0.8,256,NA,NA,1,0,0,0,0,0,0,50,309,310,98,1,12.5,4.33,1.4
1986,2,19,5,1.9,951.5,95.7,0.5,0.1,0.9,112,NA,NA,0,0,0,0,0,0,0,50,308,310,98,1.3,12.9,4.41,1.6
1986,2,19,6,1.9,951.6,95.4,0.2,0,0.1,0,NA,8,0,0,0,0,0,0,0,50,311,311,98,1.2,12.9,4.4,1.6
1986,2,19,7,2,952.1,96,0,1,3.1,25,NA,NA,12,12,0,6,7,8,8,50,312,313,98,1.4,13.1,4.46,1.7
1986,2,19,8,1.8,952.4,96.1,0,2.4,4.1,49,NA,NA,34,34,0,20,21,23,23,50,309,312,98,1.2,12.8,4.4,1.5
1986,2,19,9,1.3,952.6,96.1,0,3,5.1,48,NA,NA,49,49,0,31,31,33,34,50,307,310,98,0.7,11.9,4.24,1.1
1986,2,19,10,1.2,953.1,94.9,0,3.1,6.4,60,NA,NA,79,79,0,53,53,53,53,50,307,310,98,0.5,11.6,4.15,0.9
1986,2,19,11,1,953.4,94,0,3.2,7,62,NA,NA,66,66,0,44,42,44,45,50,306,309,98,0.1,11.1,4.05,0.6
1986,2,19,12,1.1,953.3,89.7,0.2,3.7,7.4,59,NA,8,107,107,0,72,74,71,71,50,307,309,98,-0.4,10.8,3.89,0.5
1986,2,19,13,0.8,953.6,88.5,0,3.3,7.5,56,NA,NA,75,75,0,51,49,50,51,50,305,308,98,-0.9,10.2,3.76,0.1
1986,2,19,14,0.5,954.3,88.7,0.1,3.8,8,53,NA,NA,60,60,0,41,38,38,41,50,303,306,98,-1.1,9.7,3.68,-0.1
1986,2,19,15,0.8,955,81.8,0,3.1,6.6,61,NA,NA,53,53,0,35,34,33,35,50,307,308,98,-1.9,9.5,3.47,-0.2
1986,2,19,16,1.1,956,73.4,0,3.3,7.4,47,NA,NA,27,27,0,18,17,16,18,50,305,307,98,-3.1,9,3.17,-0.5
1986,2,19,17,0.7,957.1,72.6,0,3.7,6.4,42,NA,NA,2,0,0,0,0,0,0,50,303,305,98,-3.6,8.3,3.05,-0.9
1986,2,19,18,0.4,957.8,73.5,0,4.1,8.4,44,NA,8,0,0,0,0,0,0,0,50,302,304,98,-3.8,7.9,3.02,-1.1
1986,2,19,19,0,958.5,72.9,0,4.5,8.9,55,NA,NA,0,0,0,0,0,0,0,50,300,302,98,-4.3,7.2,2.9,-1.5
1986,2,19,20,-0.5,959.3,72.6,0,4.4,8.1,59,NA,NA,0,0,0,0,0,0,0,50,278,290,98,-4.8,6.4,2.78,-2
1986,2,19,21,-0.9,960.2,71.7,0,4,7.6,63,NA,NA,0,0,0,0,0,0,0,50,277,289,98,-5.4,5.7,2.67,-2.4
1986,2,19,22,-1.4,960.9,69.6,0,3.8,6.6,46,NA,NA,0,0,0,0,0,0,0,50,274,287,98,-6.2,4.8,2.49,-3
1986,2,19,23,-1.5,961.4,64.3,0,4.4,6.6,28,NA,NA,0,0,0,0,0,0,0,50,282,291,98,-7.4,4.2,2.29,-3.4
1986,2,20,0,-1.9,961.8,64.7,0,3.7,6.6,25,NA,NA,0,0,0,0,0,0,0,50,281,290,98,-7.7,3.6,2.23,-3.7
1986,2,20,1,-2,962.1,64.9,0,3.3,4.9,22,NA,NA,0,0,0,0,0,0,0,50,281,290,98,-7.7,3.5,2.22,-3.8
1986,2,20,2,-2.1,962.2,62.8,0,3.8,6,28,NA,NA,0,0,0,0,0,0,0,50,289,293,98,-8.2,3.2,2.13,-4
1986,2,20,3,-2.4,962.2,63.4,0,3.7,5.7,26,NA,NA,0,0,0,0,0,0,0,50,288,292,98,-8.4,2.8,2.11,-4.2
1986,2,20,4,-2.7,962.6,63.8,0,3,5.1,26,NA,NA,0,0,0,0,0,0,0,50,287,291,98,-8.6,2.4,2.07,-4.5
1986,2,20,5,-2.9,962.8,63.6,0,2.6,4.4,29,NA,NA,1,0,0,0,0,0,0,50,286,290,98,-8.8,2.1,2.03,-4.6
1986,2,20,6,-3.3,962.9,65.5,0,0.9,3.2,19,NA,8,2,0,0,0,0,0,0,50,284,287,98,-8.8,1.7,2.03,-4.9
1986,2,20,7,-3.3,963.1,67.7,0,0.9,4.7,58,NA,NA,33,33,0,26,23,21,21,50,286,287,98,-8.4,1.9,2.1,-4.8
1986,2,20,8,-2.9,963.2,69.3,0,3.1,5.3,62,NA,NA,120,107,53,163,132,70,71,50,259,277,98,-7.7,2.6,2.22,-4.4
1986,2,20,9,-2.5,963.3,68.4,0,3.6,6.5,58,NA,NA,236,182,140,304,316,125,125,50,261,281,98,-7.5,3.1,2.25,-4
1986,2,20,10,-1.8,963,66,0,3.8,6.5,58,NA,NA,374,216,329,385,571,175,174,50,263,285,98,-7.3,3.9,2.29,-3.5
1986,2,20,11,-1.4,963,63.5,0,3.8,6.6,51,NA,NA,469,212,483,320,757,210,201,50,247,280,98,-7.4,4.2,2.27,-3.3
1986,2,20,12,-1,962.6,61.2,0,3.2,6.2,48,NA,3,434,249,343,212,651,261,199,50,247,281,98,-7.5,4.6,2.25,-3.1
1986,2,20,13,-0.8,962.2,60.3,0,2.1,4.9,42,NA,NA,375,235,278,180,556,340,179,50,248,283,98,-7.5,4.8,2.25,-2.9
1986,2,20,14,-0.7,962,60,0,2.1,4.1,28,NA,NA,333,175,377,153,530,453,153,50,286,300,98,-7.5,4.9,2.26,-2.9
1986,2,20,15,-0.9,962,61.1,0,2.1,5.5,30,NA,NA,206,118,293,104,346,416,104,50,285,295,98,-7.4,4.7,2.27,-3
1986,2,20,16,-1.3,962.2,63.2,0,2,3.3,8,NA,NA,76,65,74,45,98,155,45,50,285,293,98,-7.4,4.4,2.28,-3.2
1986,2,20,17,-1.2,962.3,64.9,0,1.7,3.8,1,NA,NA,6,0,0,0,0,0,0,50,285,293,98,-6.9,4.7,2.36,-3
1986,2,20,18,-1.3,962.4,65.2,0,2.4,4.5,40,NA,7,0,0,0,0,0,0,0,50,283,292,98,-7,4.5,2.35,-3.1
1986,2,20,19,-1.7,962.2,66.1,0,2.8,4.1,26,NA,NA,1,0,0,0,0,0,0,50,282,291,98,-7.2,4,2.31,-3.4
1986,2,20,20,-1.9,962.1,67.7,0,2.8,5.7,31,NA,NA,0,0,0,0,0,0,0,50,291,295,98,-7.1,3.9,2.33,-3.5
1986,2,20,21,-1.9,961.9,68.4,0,3.1,5.6,45,NA,NA,0,0,0,0,0,0,0,50,291,295,98,-6.9,4,2.36,-3.5
1986,2,20,22,-2.1,961.5,68.9,0,0.9,3.9,30,NA,NA,0,0,0,0,0,0,0,50,291,294,98,-7,3.7,2.34,-3.6
1986,2,20,23,-2,961.3,65.9,0,0.3,4.4,332,NA,NA,1,0,0,0,0,0,0,50,290,294,98,-7.5,3.6,2.26,-3.7
1986,2,21,0,-2.3,960.6,65.7,0,1.5,3.8,323,NA,NA,2,0,0,0,0,0,0,50,288,293,98,-7.8,3.2,2.2,-4
1986,2,21,1,-2.5,960.1,65.7,0,1.5,3.6,326,NA,NA,0,0,0,0,0,0,0,50,288,292,98,-8,2.9,2.17,-4.2
1986,2,21,2,-2.5,959.3,67,0,1,4.6,350,NA,NA,1,0,0,0,0,0,0,50,289,292,98,-7.8,3,2.22,-4.1
1986,2,21,3,-2.7,958.8,67.4,0,1.9,3.9,360,NA,NA,0,0,0,0,0,0,0,50,288,292,98,-7.9,2.7,2.2,-4.3
1986,2,21,4,-2.8,958.4,68.5,0,1.8,3.6,14,NA,NA,0,0,0,0,0,0,0,50,287,291,98,-7.8,2.7,2.22,-4.3
1986,2,21,5,-3,958.1,67.6,0,1.6,3.7,344,NA,NA,1,0,0,0,0,0,0,50,286,290,98,-8.1,2.3,2.16,-4.5
1986,2,21,6,-3.2,957.9,67.7,0,0.7,3.4,356,NA,8,1,0,0,0,0,0,0,50,285,289,98,-8.3,2.1,2.13,-4.7
1986,2,21,7,-3.3,957.7,67.3,0,1.3,3.9,353,NA,NA,17,17,0,9,10,11,11,50,285,289,98,-8.5,1.9,2.1,-4.8
1986,2,21,8,-3.2,957.5,66.7,0,2.1,3.9,358,NA,NA,57,57,0,38,38,37,38,50,285,290,98,-8.5,2,2.1,-4.8
1986,2,21,9,-2.9,957.2,65.5,0,2.3,4.4,19,NA,NA,154,149,15,136,139,95,95,50,287,293,98,-8.5,2.3,2.11,-4.6
1986,2,21,10,-2.4,957.1,64,0,1.7,4.7,19,NA,NA,270,222,99,240,322,147,147,50,291,298,98,-8.3,2.9,2.14,-4.2
1986,2,21,11,-1.9,956.6,60.6,0,1.6,4.7,50,NA,NA,457,233,416,309,699,211,202,50,225,271,98,-8.5,3.3,2.1,-3.9
1986,2,21,12,-1.1,956,57.9,0,1.3,5.1,35,NA,1,513,171,627,214,856,286,204,50,228,274,98,-8.3,4.2,2.13,-3.3
1986,2,21,13,-0.5,955.6,58.3,0,2.1,5.6,49,NA,NA,478,107,731,180,841,466,180,50,229,276,98,-7.7,5.1,2.24,-2.8
1986,2,21,14,-0.1,955.1,58.7,0,2.7,5.4,45,NA,NA,375,100,647,149,680,577,150,50,223,271,98,-7.2,5.7,2.33,-2.4
1986,2,21,15,-0.1,955,59.9,0,2.3,4.5,33,NA,NA,237,114,402,111,414,505,111,50,222,269,98,-6.9,5.8,2.37,-2.3
1986,2,21,16,-0.5,955.1,62.6,0,1.1,3.8,31,NA,NA,68,60,52,42,82,126,42,50,220,263,98,-6.8,5.5,2.41,-2.6
1986,2,21,17,-1.1,955.8,65.9,0,0.1,2.8,14,NA,NA,3,0,0,0,0,0,0,50,217,258,98,-6.7,4.9,2.43,-2.9
1986,2,21,18,-1.7,956.4,71,0,0,2.5,360,NA,3,0,0,0,0,0,0,0,50,216,256,98,-6.3,4.5,2.5,-3.2
1986,2,21,19,-2.7,956.7,76.7,0,0,0,0,NA,NA,0,0,0,0,0,0,0,50,213,248,98,-6.2,3.5,2.51,-3.8
1986,2,21,20,-3.6,957.5,82.2,0,0.1,0.9,207,NA,NA,0,0,0,0,0,0,0,50,209,245,98,-6.2,2.6,2.51,-4.4
1986,2,21,21,-4.4,958.1,86.3,0,0.1,1,270,NA,NA,0,0,0,0,0,0,0,50,209,243,98,-6.3,1.7,2.48,-5
1986,2,21,22,-5.1,958.7,88.8,0,0.1,1.2,256,NA,NA,0,0,0,0,0,0,0,50,206,242,98,-6.7,0.9,2.42,-5.6
1986,2,21,23,-5.4,959.5,88.8,0,0,0.1,0,NA,NA,0,0,0,0,0,0,0,50,205,241,98,-7,0.4,2.36,-5.9
1986,2,22,0,-6,960.2,89.4,0,0.1,1.2,243,NA,NA,0,0,0,0,0,0,0,50,201,238,98,-7.5,-0.4,2.27,-6.4
1986,2,22,1,-6.2,960.6,89.6,0,0,0.1,0,NA,NA,0,0,0,0,0,0,0,50,204,239,98,-7.6,-0.7,2.24,-6.6
1986,2,22,2,-6.4,960.7,90.5,0,0,0.1,0,NA,NA,0,0,0,0,0,0,0,50,202,237,98,-7.7,-0.9,2.23,-6.8
1986,2,22,3,-6.9,961.2,89.3,0,0,0,0,NA,NA,0,0,0,0,0,0,0,50,198,234,98,-8.4,-1.7,2.11,-7.3
1986,2,22,4,-7.1,961.6,89.8,0,0.2,1.5,190,NA,NA,0,0,0,0,0,0,0,50,196,233,98,-8.5,-2,2.09,-7.5
1986,2,22,5,-7.6,962.3,89.8,0,0.2,1.7,264,NA,NA,1,0,0,0,0,0,0,50,197,233,98,-9,-2.7,2.01,-8
1986,2,22,6,-7.6,963.1,89.4,0,0,0.1,0,NA,0,2,0,0,0,0,0,0,50,195,232,98,-9,-2.7,2,-8
1986,2,22,7,-7.5,963.8,89.7,0,0,0.1,0,NA,NA,49,44,51,120,67,32,32,50,199,236,98,-8.9,-2.6,2.02,-7.9
1986,2,22,8,-5.6,964.3,89.9,0,0,0.1,270,NA,NA,168,110,218,346,258,88,88,50,209,247,98,-7,0.2,2.34,-6
1986,2,22,9,-3.5,964.4,81,0,0.5,3.3,236,NA,NA,328,153,443,523,546,149,148,50,213,255,98,-6.3,2.6,2.47,-4.4
1986,2,22,10,-1.8,964.1,70.9,0,0.5,3.3,228,NA,NA,443,156,585,484,747,183,181,50,219,264,98,-6.4,4.3,2.46,-3.3
1986,2,22,11,-0.3,963.5,66.9,0,1.4,4.1,230,NA,NA,538,104,800,290,874,143,137,30,226,272,98,-5.7,6.2,2.59,-2.1
1986,2,22,12,1.3,962.8,60.1,0,0.8,3.8,229,NA,3,554,76,868,138,906,223,134,30,232,279,98,-5.6,7.8,2.62,-1.1
1986,2,22,13,2.6,962.2,55.7,0,0,2.3,0,NA,NA,521,123,778,141,847,447,141,30,237,283,98,-5.4,9.3,2.66,-0.2
1986,2,22,14,3,962.3,55,0,0,3,0,NA,NA,393,115,649,117,657,553,117,30,237,283,98,-5.1,9.8,2.7,0.1
1986,2,22,15,2.7,962,56.1,0,0,3.3,243,NA,NA,279,87,620,88,502,631,88,30,231,278,98,-5.2,9.5,2.7,-0.1
1986,2,22,16,2.1,961.6,56.1,0,0,1.2,0,NA,NA,100,59,259,43,180,334,43,30,230,273,98,-5.7,8.6,2.59,-0.6
1986,2,22,17,0.7,961.9,63.9,0,0.1,3.9,236,NA,NA,7,0,0,0,0,0,0,30,225,265,98,-5.3,7.4,2.67,-1.4
1986,2,22,18,-0.2,961.5,69.8,0,0,0.3,0,NA,3,0,0,0,0,0,0,0,30,225,261,98,-5,6.6,2.73,-1.9
1986,2,22,19,-0.6,961,72.7,0,0,0.3,0,NA,NA,1,0,0,0,0,0,0,30,226,264,98,-4.9,6.3,2.76,-2.1
1986,2,22,20,-0.6,960.8,73.7,0,0,1.1,0,NA,NA,2,0,0,0,0,0,0,30,226,264,98,-4.7,6.4,2.8,-2
1986,2,22,21,-0.8,960.4,76.2,0,0,0,0,NA,NA,1,0,0,0,0,0,0,30,226,265,98,-4.5,6.3,2.86,-2.1
1986,2,22,22,-0.9,960.4,78,0,0,0,0,NA,NA,2,0,0,0,0,0,0,30,223,264,98,-4.2,6.3,2.9,-2.1
1986,2,22,23,-0.8,960.3,79.6,0,0,0,0,NA,NA,1,0,0,0,0,0,0,30,298,300,98,-3.9,6.6,2.98,-1.9
1986,2,23,0,-0.5,960.1,80,0,0,0,0,NA,NA,3,0,0,0,0,0,0,30,298,301,98,-3.5,7.1,3.07,-1.6
1986,2,23,1,-0.5,959.5,86.2,0.2,0,0,0,NA,NA,3,0,0,0,0,0,0,30,299,301,98,-2.5,7.7,3.31,-1.2
1986,2,23,2,-0.4,958.4,91.3,1.3,0,0,0,NA,NA,0,0,0,0,0,0,0,30,299,302,98,-1.6,8.4,3.53,-0.9
1986,2,23,3,0.2,957.8,94.5,1.7,0.2,2.6,228,NA,NA,0,0,0,0,0,0,0,30,304,306,98,-0.6,9.7,3.83,-0.1
1986,2,23,4,0.8,957.5,94.6,0.8,0,1.4,243,NA,NA,0,0,0,0,0,0,0,30,305,306,98,0,10.8,4,0.5
1986,2,23,5,1.1,956.9,94.6,1.8,0,0.5,0,NA,NA,1,0,0,0,0,0,0,50,273,292,98,0.3,11.3,4.09,0.8
1986,2,23,6,1.3,957,94.7,0.9,0,2.4,0,NA,8,1,0,0,0,0,0,0,50,276,294,98,0.5,11.7,4.16,1
1986,2,23,7,2.2,957.3,94.7,0.4,2.6,7.2,234,NA,NA,19,19,0,10,12,12,13,50,280,297,98,1.4,13.3,4.43,1.9
1986,2,23,8,3.7,957.4,89.6,0.4,5.5,9.2,227,NA,NA,55,55,0,36,36,36,36,50,320,320,98,2.2,15.4,4.67,3
1986,2,23,9,5.2,957.5,81.5,0,4.8,9.2,216,NA,NA,50,50,0,32,32,34,34,50,332,332,98,2.3,17.1,4.72,3.9
1986,2,23,10,5.6,957.8,77.9,0,4.2,8.1,217,NA,NA,41,41,0,27,25,28,28,50,328,328,98,2.1,17.2,4.63,4
1986,2,23,11,4.9,957.9,82.9,0,4.9,7.6,225,NA,NA,55,55,0,31,29,31,32,30,325,325,98,2.2,16.7,4.7,3.7
1986,2,23,12,4.5,957,91.4,0.3,5,7.8,236,NA,8,156,156,0,86,100,87,85,30,325,325,98,3.2,17.2,5.04,3.9
1986,2,23,13,5,956.3,92.1,0.1,3.3,5.8,230,NA,NA,134,134,0,74,83,77,73,30,326,326,98,3.8,18.2,5.27,4.4
1986,2,23,14,5.1,955.8,91,0.4,4,5.8,227,NA,NA,102,102,0,57,61,59,57,30,308,317,98,3.8,18.3,5.24,4.5
1986,2,23,15,4.6,955.7,92.2,0.8,3.9,5.7,228,NA,NA,50,50,0,29,27,26,29,30,311,316,98,3.4,17.5,5.13,4.1
1986,2,23,16,4.9,955.5,91.6,0.8,3.7,5.6,213,NA,NA,20,20,0,11,10,8,11,30,305,314,98,3.6,18,5.21,4.3
1986,2,23,17,4.8,954.9,92.6,0.8,2.5,5.8,227,NA,NA,1,0,0,0,0,0,0,30,325,325,98,3.7,17.9,5.23,4.3
1986,2,23,18,4.9,954.7,92.7,0.8,0.9,5.3,260,NA,8,1,0,0,0,0,0,0,30,325,325,98,3.8,18.1,5.27,4.4
1986,2,23,19,4.9,954.8,94.1,1.4,3.1,6.3,240,NA,NA,0,0,0,0,0,0,0,30,324,324,98,4,18.3,5.35,4.5
1986,2,23,20,5.2,954.3,94.5,0.6,2.3,6.8,256,NA,NA,0,0,0,0,0,0,0,30,316,321,98,4.4,19,5.49,4.8
1986,2,23,21,5.5,953.4,91.7,0,2.2,8.1,277,NA,NA,1,0,0,0,0,0,0,30,311,318,98,4.3,19.2,5.45,4.9
1986,2,23,22,4.2,952.5,93.7,0,0.1,3.3,360,NA,NA,0,0,0,0,0,0,0,30,300,308,98,3.3,17,5.09,3.8
1986,2,23,23,4.5,952.4,86.7,0.1,1.7,12.2,220,NA,NA,0,0,0,0,0,0,0,30,328,328,98,2.5,16.6,4.8,3.6
1986,2,24,0,8.1,953.4,59.1,0.1,9.8,15.2,228,NA,NA,0,0,0,0,0,0,0,30,326,328,98,0.6,18.7,4.19,4.8
1986,2,24,1,6.7,954.3,65.9,0,9,15.9,230,NA,NA,0,0,0,0,0,0,0,30,324,326,98,0.8,17.4,4.24,4.1
1986,2,24,2,6,955.4,67.1,0,9.3,13.8,230,NA,NA,0,0,0,0,0,0,0,30,316,322,98,0.4,16.3,4.11,3.6
1986,2,24,3,4.5,955.8,72,0,11.5,17.5,250,NA,NA,0,0,0,0,0,0,0,30,312,317,98,-0.1,14.5,3.97,2.6
1986,2,24,4,3.1,958.3,75.3,0,8.6,16.2,254,NA,NA,0,0,0,0,0,0,0,30,305,311,98,-0.8,12.5,3.75,1.5
1986,2,24,5,2.1,958.6,75.2,0,6.2,12,233,NA,NA,1,0,0,0,0,0,0,30,299,307,98,-1.8,10.8,3.49,0.6
1986,2,24,6,1.8,959.3,76.7,0,3.6,7.2,235,NA,7,2,0,0,0,0,0,0,30,301,303,96,-1.8,10.5,3.48,0.4
1986,2,24,7,2.1,959.6,75.2,0,3.2,6.4,218,NA,NA,50,46,39,93,52,26,27,30,302,304,96,-1.8,10.8,3.48,0.6
1986,2,24,8,2.6,960.3,73.1,0,3.6,6.7,223,NA,NA,110,107,10,97,83,56,57,30,304,308,96,-1.7,11.4,3.51,0.9
1986,2,24,9,3,960.5,72.5,0,4.7,8.4,226,NA,NA,159,157,3,110,110,81,83,30,307,311,96,-1.5,12,3.58,1.2
1986,2,24,10,3.1,961.1,73.1,0,3.9,7.2,227,NA,NA,165,164,2,100,110,86,88,30,305,311,96,-1.2,12.2,3.63,1.4
1986,2,24,11,2.8,961.2,75.6,0,3.7,6.1,240,NA,NA,89,89,0,50,50,49,50,30,304,309,96,-1.1,12,3.68,1.2
1986,2,24,12,0.6,961.3,80.8,0,3.7,7.9,56,NA,7,81,81,0,46,45,45,46,30,292,300,96,-2.3,9,3.35,-0.5
1986,2,24,13,0,961.2,82.2,0,4.4,8.3,52,NA,NA,73,73,0,42,40,40,42,30,291,297,96,-2.7,8.1,3.27,-1
1986,2,24,14,-0.3,961.2,77.9,0,5.1,9.8,55,NA,NA,55,55,0,32,29,29,31,30,299,300,96,-3.7,7.2,3.03,-1.5
1986,2,24,15,-0.3,961.5,76.2,0,5.1,9.4,53,NA,NA,32,32,0,19,16,15,19,30,299,300,96,-4,7.1,2.96,-1.6
1986,2,24,16,-0.5,961.8,77,0,4.5,8.1,55,NA,NA,17,17,0,10,8,6,10,30,298,299,96,-4,6.8,2.95,-1.7
1986,2,24,17,-0.5,962.1,74,0,4.9,8.5,55,NA,NA,1,0,0,0,0,0,0,30,298,298,96,-4.6,6.5,2.83,-1.9
1986,2,24,18,-0.7,962.3,75.7,0,4.5,8.1,55,NA,8,0,0,0,0,0,0,0,30,296,297,96,-4.4,6.4,2.85,-2
1986,2,24,19,-0.8,962.1,74.9,0,4.9,8.1,44,NA,NA,0,0,0,0,0,0,0,30,296,296,96,-4.7,6.2,2.8,-2.1
1986,2,24,20,-1.2,962.1,77.4,0,4.5,8.3,58,NA,NA,0,0,0,0,0,0,0,30,295,295,96,-4.6,5.8,2.81,-2.4
1986,2,24,21,-1.4,961.8,78.7,0,4.7,10.1,56,NA,NA,0,0,0,0,0,0,0,30,294,294,96,-4.6,5.6,2.82,-2.5
1986,2,24,22,-1.6,961.9,77.7,0,5.5,9.5,55,NA,NA,0,0,0,0,0,0,0,30,293,294,96,-5,5.2,2.74,-2.7
1986,2,24,23,-1.8,961.8,76.3,0,5.5,10.1,55,NA,NA,0,0,0,0,0,0,0,30,245,271,96,-5.4,4.8,2.65,-3
1986,2,25,0,-2,961.7,77.1,0,5.8,10.1,54,NA,NA,0,0,0,0,0,0,0,30,246,270,96,-5.5,4.6,2.64,-3.2
1986,2,25,1,-2.2,961.8,77.4,0,5.9,10.6,54,NA,NA,0,0,0,0,0,0,0,30,245,270,96,-5.6,4.3,2.61,-3.3
1986,2,25,2,-2.4,961.7,77.8,0,5.9,10.2,55,NA,NA,0,0,0,0,0,0,0,30,289,290,96,-5.7,4,2.59,-3.5
1986,2,25,3,-2.5,961.8,77.2,0,5.9,10.1,53,NA,NA,0,0,0,0,0,0,0,30,289,290,96,-5.9,3.8,2.55,-3.6
1986,2,25,4,-2.6,962,76.8,0,6.4,10.7,53,NA,NA,1,0,0,0,0,0,0,30,288,289,96,-6.1,3.6,2.52,-3.7
1986,2,25,5,-2.8,962.1,77.2,0,5.3,9.8,53,NA,NA,1,0,0,0,0,0,0,30,288,289,96,-6.2,3.4,2.49,-3.9
1986,2,25,6,-2.8,962.4,77.7,0,5.2,8.9,51,NA,8,0,0,0,0,0,0,0,30,287,288,96,-6.1,3.4,2.51,-3.9
1986,2,25,7,-2.9,962.8,78.3,0,5.2,9.5,52,NA,NA,17,17,0,7,8,9,10,30,286,288,96,-6.1,3.3,2.51,-3.9
1986,2,25,8,-3,963.5,79.7,0,5.7,10.1,52,NA,NA,41,41,0,21,22,23,24,30,286,288,96,-6,3.3,2.53,-4
1986,2,25,9,-3.2,964,78.5,0,5.7,9.7,52,NA,NA,58,58,0,31,31,33,33,30,287,288,96,-6.4,2.9,2.45,-4.2
1986,2,25,10,-3,964.8,74.3,0,5.9,10.5,52,NA,NA,101,101,0,58,59,56,57,30,287,289,96,-6.9,2.8,2.35,-4.2
1986,2,25,11,-2.9,965,73.2,0,5.7,9.8,59,NA,NA,147,147,0,84,92,80,80,30,286,290,96,-7,2.9,2.34,-4.2
1986,2,25,12,-2.8,965.2,71.2,0,5.2,9.2,59,NA,8,195,194,1,105,131,107,103,30,287,291,96,-7.3,2.9,2.29,-4.2
1986,2,25,13,-2.6,965.5,70.5,0,4.6,7.9,56,NA,NA,187,182,9,98,131,111,98,30,289,293,96,-7.2,3.1,2.3,-4
1986,2,25,14,-2.4,966.1,69.6,0,4,6.9,57,NA,NA,171,164,16,88,133,124,88,30,290,293,96,-7.2,3.3,2.3,-3.9
1986,2,25,15,-2.2,966.4,69.3,0,4.4,8,52,NA,NA,112,112,0,60,72,76,60,30,290,292,96,-7.1,3.6,2.33,-3.7
1986,2,25,16,-2.6,967.1,71,0,5.1,9,53,NA,NA,34,34,0,19,18,17,19,30,288,290,96,-7.1,3.1,2.31,-4
1986,2,25,17,-2.9,967.9,71.5,0,5.3,9.1,46,NA,NA,5,5,0,3,3,1,3,30,287,288,96,-7.3,2.7,2.28,-4.3
1986,2,25,18,-3.2,968.6,70.4,0,5.7,9.8,39,NA,8,0,0,0,0,0,0,0,30,285,286,96,-7.8,2.2,2.19,-4.6
1986,2,25,19,-3.5,969.1,69.2,0,5.2,8.3,35,NA,NA,1,0,0,0,0,0,0,30,284,285,96,-8.3,1.7,2.1,-4.9
1986,2,25,20,-3.5,969.6,70.5,0,5.5,9.9,36,NA,NA,0,0,0,0,0,0,0,30,284,285,96,-8.1,1.8,2.14,-4.9
1986,2,25,21,-3.6,970.1,71.3,0,4.6,7.4,29,NA,NA,1,0,0,0,0,0,0,30,283,285,96,-8,1.7,2.15,-4.9
1986,2,25,22,-3.8,970.1,72.3,0,4.5,6.8,19,NA,NA,0,0,0,0,0,0,0,30,283,284,96,-8,1.5,2.15,-5
1986,2,25,23,-4,970.2,74.5,0,4.6,8.7,19,NA,NA,0,0,0,0,0,0,0,30,282,283,96,-7.9,1.4,2.18,-5.2
1986,2,26,0,-4.2,970.3,77.1,0,4.1,6.7,15,NA,NA,0,0,0,0,0,0,0,30,282,283,96,-7.6,1.3,2.22,-5.2
1986,2,26,1,-4.1,970.3,75.2,0,3.8,6.1,13,NA,NA,0,0,0,0,0,0,0,30,282,283,96,-7.8,1.3,2.18,-5.2
1986,2,26,2,-4.1,970.1,75.4,0,3.7,5.8,14,NA,NA,0,0,0,0,0,0,0,30,282,283,96,-7.8,1.3,2.19,-5.2
1986,2,26,3,-4,970.3,76,0,4,8.4,34,NA,NA,1,0,0,0,0,0,0,30,283,283,96,-7.6,1.5,2.22,-5.1
1986,2,26,4,-4,970.5,77.7,0,3.9,6.7,46,NA,NA,0,0,0,0,0,0,0,30,282,283,96,-7.3,1.6,2.27,-5
1986,2,26,5,-4.1,970.4,79.2,0,4.2,6.9,47,NA,NA,1,0,0,0,0,0,0,30,282,283,96,-7.2,1.6,2.3,-5
1986,2,26,6,-4.1,970.8,79.4,0,1.8,7.3,47,NA,8,1,0,0,0,0,0,0,30,282,283,96,-7.1,1.6,2.3,-5
1986,2,26,7,-4.1,971.2,78.3,0,2.6,6.6,44,NA,NA,10,10,0,3,5,6,6,30,281,283,96,-7.3,1.5,2.27,-5.1
1986,2,26,8,-4.3,971.5,80.2,0,3.1,7.5,45,NA,NA,41,41,0,21,22,23,24,30,281,282,96,-7.2,1.4,2.29,-5.2
1986,2,26,9,-4.2,972,82.7,0,2.7,7.5,38,NA,NA,119,119,0,74,74,64,65,30,282,284,96,-6.7,1.7,2.38,-5
1986,2,26,10,-3.9,972.2,77.2,0,3.2,7.6,53,NA,NA,143,143,0,85,90,77,78,30,284,287,96,-7.3,1.7,2.27,-4.9
1986,2,26,11,-3.3,972.3,70.2,0,3.3,7.5,60,NA,NA,217,210,12,126,169,112,111,30,286,290,96,-7.9,2,2.16,-4.7
1986,2,26,12,-2.8,972.2,67.7,0,3.9,8,52,NA,8,281,275,10,145,216,152,139,30,288,293,96,-7.9,2.5,2.16,-4.3
1986,2,26,13,-2.5,972.1,66.4,0,3.2,7.9,50,NA,NA,227,224,6,117,165,137,116,30,289,293,96,-7.9,2.9,2.17,-4.1
1986,2,26,14,-2.7,972.1,66.6,0,5,9,49,NA,NA,154,154,1,82,103,98,82,30,288,291,96,-8,2.6,2.14,-4.3
1986,2,26,15,-2.6,972.1,67.1,0,4.6,8.8,48,NA,NA,86,86,0,48,52,52,48,30,288,290,96,-7.9,2.8,2.17,-4.2
1986,2,26,16,-2.9,972.4,68.1,0,5.1,9,48,NA,NA,31,31,0,18,17,15,18,30,285,288,96,-8,2.4,2.16,-4.4
1986,2,26,17,-3.2,972.9,69.2,0,5.7,9.5,47,NA,NA,4,4,0,2,2,1,2,30,285,286,96,-8,2.1,2.14,-4.6
1986,2,26,18,-3.6,973.6,70.3,0,6,9.5,44,NA,8,0,0,0,0,0,0,0,30,283,284,96,-8.2,1.6,2.11,-5
1986,2,26,19,-3.9,974.1,72.5,0,5.6,9.8,46,NA,NA,0,0,0,0,0,0,0,30,282,283,96,-8.1,1.3,2.13,-5.1
1986,2,26,20,-4.2,974.3,72.9,0,6.1,10.8,49,NA,NA,0,0,0,0,0,0,0,30,281,282,96,-8.3,1,2.09,-5.4
1986,2,26,21,-4.3,974.3,74.4,0,5.6,10.2,51,NA,NA,0,0,0,0,0,0,0,30,281,282,96,-8.2,0.9,2.12,-5.4
1986,2,26,22,-4.3,974.5,75.6,0,4.5,8.6,46,NA,NA,1,0,0,0,0,0,0,30,281,282,96,-8,1,2.15,-5.4
1986,2,26,23,-4.3,974.4,76.1,0,4.1,8.4,50,NA,NA,0,0,0,0,0,0,0,30,280,282,96,-7.9,1,2.17,-5.4
1986,2,27,0,-4.3,974.2,76.1,0,3.7,7.6,57,NA,NA,0,0,0,0,0,0,0,30,281,282,96,-7.9,1,2.17,-5.4
1986,2,27,1,-4.1,974.2,76,0,3.8,7.7,50,NA,NA,0,0,0,0,0,0,0,30,282,283,96,-7.7,1.3,2.2,-5.2
1986,2,27,2,-4.1,973.9,75.2,0,3,7.1,45,NA,NA,1,0,0,0,0,0,0,30,282,283,96,-7.8,1.3,2.17,-5.2
1986,2,27,3,-4.1,973.8,75.6,0,1.7,6.2,51,NA,NA,1,0,0,0,0,0,0,30,282,283,96,-7.8,1.3,2.19,-5.2
1986,2,27,4,-4.2,973.8,77.4,0,1.8,7.2,59,NA,NA,1,0,0,0,0,0,0,30,280,282,96,-7.6,1.3,2.22,-5.2
1986,2,27,5,-4.6,973.8,77.6,0,3.2,7.1,66,NA,NA,1,0,0,0,0,0,0,30,280,281,96,-7.9,0.7,2.16,-5.6
1986,2,27,6,-4.6,973.9,78.1,0,2.4,6.9,68,NA,8,3,0,0,0,0,0,0,30,280,281,96,-7.8,0.8,2.17,-5.5
1986,2,27,7,-4.8,974.1,79.7,0,2.3,6.7,62,NA,NA,17,17,0,7,8,9,10,30,279,280,96,-7.8,0.6,2.19,-5.7
1986,2,27,8,-4.6,974.1,80.2,0,2.4,6.8,61,NA,NA,75,75,0,46,44,41,41,30,281,282,96,-7.5,0.9,2.23,-5.5
1986,2,27,9,-4.4,974.1,78.6,0,2.4,7,65,NA,NA,96,96,0,56,56,52,53,30,281,283,96,-7.6,1.1,2.22,-5.4
1986,2,27,10,-4.1,974.1,76.3,0,1.1,7.2,64,NA,NA,152,152,0,91,97,81,82,30,283,287,96,-7.6,1.3,2.2,-5.1
1986,2,27,11,-3.9,973.6,77.7,0,1.2,4.6,92,NA,NA,146,146,0,83,91,79,80,30,283,287,96,-7.2,1.7,2.28,-4.9
1986,2,27,12,-3.9,973.1,84.1,0.5,1,3.5,90,NA,8,160,160,0,88,101,88,87,30,284,287,96,-6.2,2.2,2.47,-4.6
1986,2,27,13,-3.9,972.8,86.8,0.5,1,3.1,90,NA,NA,121,121,0,68,73,69,67,30,285,286,96,-5.8,2.4,2.55,-4.5
1986,2,27,14,-3.7,972.4,88.2,0.8,1,3,100,NA,NA,91,91,0,51,52,51,51,30,284,286,96,-5.4,2.8,2.63,-4.2
1986,2,27,15,-3.6,972.4,89,0.8,1.5,3,100,NA,NA,73,73,0,41,42,42,41,30,285,286,96,-5.1,3,2.68,-4.1
1986,2,27,16,-3.6,972.2,90.9,0.9,1.5,2.5,80,NA,NA,30,30,0,17,16,14,17,30,284,285,96,-4.9,3.2,2.74,-4
1986,2,27,17,-3.6,972.2,92.7,0.9,1.5,2.5,80,NA,NA,4,4,0,3,3,2,3,80,284,289,98,-4.6,3.3,2.79,-3.9
1986,2,27,18,-3.7,972.2,94,1,1,2.5,290,NA,8,1,0,0,0,0,0,0,80,285,290,98,-4.5,3.3,2.81,-4
1986,2,27,19,-3.6,972.3,93.9,1.4,1,2,290,NA,NA,1,0,0,0,0,0,0,80,285,291,98,-4.4,3.4,2.83,-3.9
1986,2,27,20,-3.4,972.3,93.7,1.3,1,1.3,270,NA,NA,3,0,0,0,0,0,0,80,285,290,98,-4.3,3.7,2.86,-3.7
1986,2,27,21,-3.5,972.2,94.1,1.1,1,1.5,50,NA,NA,3,0,0,0,0,0,0,80,287,289,98,-4.3,3.6,2.85,-3.8
1986,2,27,22,-3.6,972,94.1,0.8,1.5,2.5,50,NA,NA,1,0,0,0,0,0,0,80,285,288,98,-4.4,3.4,2.83,-3.9
1986,2,27,23,-3.5,971.8,93.9,0.2,1.5,2.5,70,NA,NA,2,0,0,0,0,0,0,80,285,289,98,-4.3,3.6,2.85,-3.8
1986,2,28,0,-3.5,971.6,93.7,0.1,1.2,2,70,NA,NA,3,0,0,0,0,0,0,80,286,289,98,-4.4,3.5,2.84,-3.8
1986,2,28,1,-3.5,971.5,93.6,0,1.5,2,90,NA,NA,2,0,0,0,0,0,0,80,285,289,98,-4.4,3.5,2.84,-3.8
1986,2,28,2,-3.3,970.9,92.3,0,2,3,90,NA,NA,3,0,0,0,0,0,0,80,286,289,98,-4.4,3.7,2.84,-3.7
1986,2,28,3,-3.2,970.7,89.3,0,2,3,310,NA,NA,1,0,0,0,0,0,0,80,286,289,98,-4.7,3.7,2.77,-3.7
1986,2,28,4,-3.4,970.5,90,0,2,3,310,NA,NA,0,0,0,0,0,0,0,80,286,289,98,-4.8,3.4,2.75,-3.9
1986,2,28,5,-3.2,970.4,89.7,0,1.5,3,270,NA,NA,0,0,0,0,0,0,0,80,286,289,98,-4.6,3.7,2.79,-3.7
1986,2,28,6,-3.3,970.4,89.5,0,1.5,2.5,270,NA,8,2,0,0,0,0,0,0,80,286,289,98,-4.8,3.5,2.76,-3.8
1986,2,28,7,-3.1,970.1,87.3,0,1,2,270,NA,NA,38,38,0,33,32,31,31,80,287,290,98,-4.9,3.7,2.73,-3.7
1986,2,28,8,-2.7,969.9,82.5,0,1,2,260,NA,NA,100,100,0,95,89,80,80,80,289,294,98,-5.3,3.9,2.66,-3.6
1986,2,28,9,-2.2,969.9,77.9,0,1.5,2.1,260,NA,NA,152,151,2,142,142,121,121,80,292,297,98,-5.5,4.3,2.61,-3.3
1986,2,28,10,-1.6,969.5,73.8,0,1.5,2.2,90,NA,NA,195,188,13,178,200,152,152,80,295,300,98,-5.7,4.8,2.58,-3
1986,2,28,11,-1.1,968.8,72.9,0,2,3,63,NA,NA,240,238,3,199,235,189,186,80,268,289,98,-5.3,5.5,2.65,-2.5
1986,2,28,12,-0.8,967.7,71.4,0,2,3.7,65,NA,7,218,215,5,174,209,178,171,80,268,290,98,-5.3,5.8,2.66,-2.3
1986,2,28,13,-0.6,966.9,71.2,0,2,2.9,150,NA,NA,152,152,0,123,136,129,123,80,270,290,98,-5.2,6.1,2.69,-2.2
1986,2,28,14,-0.6,966.5,72.4,0,2.5,3.3,124,NA,NA,117,117,0,96,103,101,96,80,290,299,98,-4.9,6.2,2.74,-2.1
1986,2,28,15,-0.4,965.9,73.8,0,2.5,3,270,NA,NA,98,98,0,79,86,88,79,80,290,299,98,-4.5,6.7,2.83,-1.8
1986,2,28,16,-0.2,965.8,73.8,0,2,3,270,NA,NA,43,43,0,36,36,36,36,80,284,296,98,-4.3,6.9,2.87,-1.7
1986,2,28,17,-0.1,965.7,74.5,0,2,3,250,NA,NA,7,7,0,6,6,4,6,80,279,293,98,-4.1,7.1,2.92,-1.6
1986,2,28,18,-0.2,965.5,74.9,0,1,1.4,70,NA,8,0,0,0,0,0,0,0,80,283,295,98,-4.1,7.1,2.92,-1.6
1986,2,28,19,-0.5,965.4,75.8,0,1.9,4.7,72,NA,NA,0,0,0,0,0,0,0,80,282,293,98,-4.2,6.8,2.9,-1.8
1986,2,28,20,-1.1,965.8,78.8,0,1,5.8,63,NA,NA,0,0,0,0,0,0,0,80,274,286,98,-4.3,6.1,2.87,-2.2
1986,2,28,21,-1.3,966.7,81.6,0,1,3.3,63,NA,NA,0,0,0,0,0,0,0,80,270,284,98,-4.2,5.9,2.91,-2.3
1986,2,28,22,-1.7,967.5,84.5,0,1.5,3,60,NA,NA,0,0,0,0,0,0,0,80,261,278,98,-4,5.6,2.94,-2.5
1986,2,28,23,-1.9,968.8,87.7,0,1.5,3,50,NA,NA,0,0,0,0,0,0,0,80,253,273,98,-3.7,5.6,3,-2.6
1985,3,1,0,-2.1,970.2,90.6,0,0.9,1.7,232,NA,NA,2,0,0,0,0,0,0,30,245,269,98,-3.4,5.6,3.07,-2.5
1985,3,1,1,-2.1,971.4,93.2,0,0.4,1.1,221,NA,NA,1,0,0,0,0,0,0,30,241,267,98,-3.1,5.7,3.15,-2.4
1985,3,1,2,-2.1,972.2,94.8,0,0.3,1.2,253,NA,NA,0,0,0,0,0,0,0,30,241,268,98,-2.8,5.9,3.21,-2.3
1985,3,1,3,-1.9,973,96,0,1.1,1.9,231,NA,NA,0,0,0,0,0,0,0,30,245,271,98,-2.5,6.3,3.28,-2.1
1985,3,1,4,-1.8,973.3,96.3,0,1.1,2.4,239,NA,NA,0,0,0,0,0,0,0,30,253,276,98,-2.4,6.4,3.31,-2
1985,3,1,5,-1.6,973.2,96.5,0,0.5,1.3,281,NA,NA,2,0,0,0,0,0,0,30,268,285,98,-2.1,6.8,3.38,-1.8
1985,3,1,6,-1.3,973,96.9,0,0.4,1.5,309,NA,8,7,0,0,0,0,0,0,30,289,296,98,-1.8,7.3,3.46,-1.5
1985,3,1,7,-0.5,973.1,97.4,0,0.7,2,229,NA,NA,58,55,20,75,47,30,31,30,301,304,98,-0.9,8.7,3.69,-0.7
1985,3,1,8,0.5,973.2,97.9,0,1.4,2.9,239,NA,NA,130,128,7,104,90,66,67,30,305,308,98,0.2,10.5,3.99,0.4
1985,3,1,9,1.1,973.4,99.1,0,1.1,1.9,233,NA,NA,168,166,3,115,115,86,88,30,309,312,98,1,11.6,4.22,1.1
1985,3,1,10,2.4,973.4,91.6,0,1.4,2.3,228,NA,NA,205,203,3,126,142,105,106,30,314,317,98,1.2,13.1,4.28,1.9
1985,3,1,11,2.1,973.6,88.4,0.4,2.1,4.1,224,NA,NA,141,141,0,80,86,77,78,30,269,294,98,0.4,12.2,4.04,1.4
1985,3,1,12,2.4,973,91.2,0.3,0.7,3.2,267,NA,8,66,66,0,38,36,37,38,30,295,308,98,1.1,13.1,4.26,1.9
1985,3,1,13,4.6,972.7,87.1,0.5,1.4,3.7,230,NA,NA,132,132,0,73,81,75,73,30,300,313,98,2.6,16.5,4.76,3.7
1985,3,1,14,4.8,972.3,89.8,0.6,1.2,3.2,257,NA,NA,115,115,0,63,69,67,63,30,292,308,98,3.3,17.3,4.98,4.1
1985,3,1,15,3.7,971.5,96.1,0,1.1,2.7,256,NA,NA,68,68,0,39,38,38,38,30,293,308,98,3.1,16.1,4.94,3.4
1985,3,1,16,4.5,971.1,94.5,0,0.8,2,91,NA,NA,25,25,0,14,13,11,14,30,292,308,98,3.7,17.4,5.14,4.1
1985,3,1,17,3.5,970.9,98,0.7,0.3,1.5,159,NA,NA,4,4,0,3,2,1,3,50,298,311,98,3.2,16,4.97,3.4
1985,3,1,18,3.5,970.4,96.1,0.6,0.4,1.3,285,NA,8,2,0,0,0,0,0,0,50,296,307,98,2.9,15.7,4.87,3.2
1985,3,1,19,3.8,970.3,94.6,1.5,0.2,0.8,353,NA,NA,0,0,0,0,0,0,0,50,295,307,98,3,16.1,4.9,3.4
1985,3,1,20,2.9,970,97.1,2.5,0.4,2.1,126,NA,NA,1,0,0,0,0,0,0,50,313,316,98,2.5,14.7,4.72,2.7
1985,3,1,21,3,969.9,96.8,2.4,0.6,1.5,72,NA,NA,2,0,0,0,0,0,0,50,315,316,98,2.5,14.9,4.74,2.8
1985,3,1,22,3.2,969.7,96,2.9,0.3,1.1,31,NA,NA,0,0,0,0,0,0,0,50,317,317,98,2.6,15.1,4.77,2.9
1985,3,1,23,3,970,96.2,2.4,1,2.4,47,NA,NA,0,0,0,0,0,0,0,50,318,318,98,2.5,14.8,4.71,2.8
1985,3,2,0,2.4,969.9,99,1.2,0.7,2.5,164,NA,NA,1,0,0,0,0,0,0,50,301,310,98,2.3,14,4.64,2.4
1985,3,2,1,1.7,969.5,98.5,0.9,1.4,3.2,136,NA,NA,1,0,0,0,0,0,0,50,293,306,98,1.5,12.7,4.39,1.6
1985,3,2,2,-0.5,969.2,100,1.4,0.2,1.9,163,NA,NA,2,0,0,0,0,0,0,50,277,297,98,-0.5,9,3.8,-0.5
1985,3,2,3,1.9,968.9,96.1,1.8,0.2,1.5,180,NA,NA,1,0,0,0,0,0,0,50,273,294,98,1.3,12.8,4.35,1.6
1985,3,2,4,1.2,968.9,98.1,0.9,0.5,1.2,315,NA,NA,0,0,0,0,0,0,0,50,274,294,98,0.9,11.8,4.22,1.1
1985,3,2,5,1.2,968.5,98.1,0.6,0.5,1.9,88,NA,NA,1,0,0,0,0,0,0,14,286,297,96,0.9,11.8,4.22,1.1
1985,3,2,6,1.9,968.7,95.1,0.1,0.5,1.8,5,NA,8,1,0,0,0,0,0,0,14,285,296,96,1.2,12.7,4.31,1.6
1985,3,2,7,1.7,969.1,95.7,0.2,1.3,3.2,234,NA,NA,17,17,0,5,7,8,8,14,283,295,96,1.1,12.4,4.27,1.4
1985,3,2,8,1.5,969.2,96.3,0,1.4,3.7,234,NA,NA,47,47,0,20,21,23,23,14,283,296,96,1,12.1,4.23,1.3
1985,3,2,9,1.8,968.7,95,0,0.7,2.6,272,NA,NA,105,105,0,54,53,48,49,14,286,300,96,1.1,12.5,4.27,1.5
1985,3,2,10,1.6,968.8,91.3,0,1,2.4,275,NA,NA,137,137,0,69,73,62,64,14,287,301,96,0.3,11.7,4.04,1.1
1985,3,2,11,2.1,968.8,85.7,0,0.5,1.8,259,NA,NA,202,201,1,135,156,128,128,50,282,305,98,0,11.9,3.93,1.2
1985,3,2,12,3.2,968.4,81.1,0,0.8,2.4,155,NA,8,286,282,6,178,243,185,173,50,284,310,98,0.3,13.3,4.03,2
1985,3,2,13,4.1,968.3,74.6,0,0.4,2.2,81,NA,NA,298,273,45,169,299,228,169,50,289,315,98,0,14,3.95,2.4
1985,3,2,14,4.7,968.4,74.4,0,1,2.2,94,NA,NA,274,241,70,150,304,282,150,50,277,310,98,0.5,15,4.11,2.9
1985,3,2,15,3.9,968.3,75.5,0,1.1,2.7,59,NA,NA,206,148,169,111,273,340,111,50,276,307,98,0,13.8,3.94,2.3
1985,3,2,16,3.9,968.4,76,0,1.5,4.6,284,NA,NA,105,86,94,60,122,205,60,50,273,301,98,0.1,13.8,3.97,2.3
1985,3,2,17,2.7,968.7,79.3,0,2.1,3.3,256,NA,NA,21,21,0,13,16,26,13,50,303,312,98,-0.5,12.2,3.8,1.4
1985,3,2,18,2.2,969.2,83,0,1.4,3.6,353,NA,7,0,0,0,0,0,0,0,50,304,311,98,-0.4,11.8,3.84,1.1
1985,3,2,19,2.7,969.4,85.1,0,0.9,3.6,153,NA,NA,0,0,0,0,0,0,0,50,299,307,98,0.5,12.9,4.08,1.8
1985,3,2,20,1.7,969.5,89.7,0,0.8,1.9,5,NA,NA,0,0,0,0,0,0,0,50,263,287,98,0.2,11.7,4,1.1
1985,3,2,21,0.8,969.3,92.3,0,0.8,1.7,217,NA,NA,0,0,0,0,0,0,0,50,258,281,98,-0.3,10.4,3.86,0.4
1985,3,2,22,-0.4,969.2,94.8,0,0.9,1.8,247,NA,NA,0,0,0,0,0,0,0,50,257,279,98,-1.1,8.6,3.63,-0.7
1985,3,2,23,-0.8,969.2,94.3,0,0.8,1.6,211,NA,NA,0,0,0,0,0,0,0,50,238,267,98,-1.6,7.9,3.51,-1.1
1985,3,3,0,-1.7,969.2,94.9,0,0.3,1.4,11,NA,NA,0,0,0,0,0,0,0,50,235,264,98,-2.4,6.5,3.3,-2
1985,3,3,1,-1.9,969.4,94.6,0,0.4,1.4,228,NA,NA,0,0,0,0,0,0,0,50,232,261,98,-2.6,6.2,3.24,-2.2
1985,3,3,2,-2.1,969.6,95,0,1.1,2.6,233,NA,NA,0,0,0,0,0,0,0,50,283,289,98,-2.8,5.9,3.21,-2.4
1985,3,3,3,-2.7,969.3,99.5,0,0.3,1.7,243,NA,NA,3,0,0,0,0,0,0,50,283,293,98,-2.8,5.3,3.21,-2.7
1985,3,3,4,-2,969.4,98.2,0,0.5,1.8,347,NA,NA,3,0,0,0,0,0,0,50,286,295,98,-2.2,6.3,3.34,-2.1
1985,3,3,5,-1.1,969.5,96.8,0,0.6,1.6,16,NA,NA,2,0,0,0,0,0,0,30,296,301,98,-1.5,7.7,3.52,-1.3
1985,3,3,6,-1.2,969.8,98.4,0,0.7,1.6,289,NA,8,8,0,0,0,0,0,0,30,296,301,98,-1.4,7.6,3.55,-1.3
1985,3,3,7,0.2,969.9,95.6,0,0.8,2.2,43,NA,NA,47,47,0,31,28,26,26,30,304,306,98,-0.4,9.7,3.82,0
1985,3,3,8,0.9,970,97.1,0,0.2,0.8,131,NA,NA,107,107,0,73,67,56,57,30,307,312,98,0.5,11.1,4.09,0.7
1985,3,3,9,1.4,969.9,97.4,0,0.7,2.3,214,NA,NA,173,172,3,119,118,89,90,30,309,314,98,1,12,4.25,1.2
1985,3,3,10,2.2,969.6,85.3,0,1.4,2.7,229,NA,NA,278,270,13,179,212,134,136,30,312,319,98,0,12.1,3.94,1.3
1985,3,3,11,2.3,969.2,77.6,0,1.8,3.1,225,NA,NA,309,304,9,173,237,154,151,30,294,312,98,-1.2,11.3,3.61,0.9
1985,3,3,12,2.1,968.3,72.7,0,0.6,2,187,NA,7,485,235,418,171,631,229,160,30,309,328,98,-2.3,10.4,3.34,0.4
1985,3,3,13,4.3,967.6,64.7,0,1.1,2.4,208,NA,NA,570,147,758,155,823,467,154,30,314,334,98,-1.8,13,3.47,1.9
1985,3,3,14,4.2,967.3,63.6,0,0.7,1.9,180,NA,NA,412,181,486,135,573,517,135,30,258,306,98,-2.1,12.7,3.39,1.7
1985,3,3,15,3.9,967,64.6,0,0.8,2,84,NA,NA,224,150,211,92,277,356,92,30,265,304,98,-2.2,12.4,3.37,1.5
1985,3,3,16,4.7,966.8,62.9,0,0.6,1.7,20,NA,NA,180,105,374,69,249,501,69,30,265,301,98,-1.8,13.4,3.47,2.1
1985,3,3,17,3.7,966.6,71.1,0,1.1,1.7,70,NA,NA,10,10,0,6,5,4,6,30,262,288,98,-1,12.9,3.66,1.8
1985,3,3,18,2.2,966.5,81.6,0,0.6,1.7,63,NA,5,0,0,0,0,0,0,0,30,256,282,98,-0.6,11.7,3.78,1.1
1985,3,3,19,0.9,966.1,88.3,0,0.2,1.2,202,NA,NA,0,0,0,0,0,0,0,30,251,278,98,-0.8,10.2,3.73,0.2
1985,3,3,20,0.4,966.1,91.2,0,0.4,1.6,223,NA,NA,0,0,0,0,0,0,0,30,239,272,98,-0.9,9.7,3.71,-0.1
1985,3,3,21,-0.1,966.1,92.7,0,0.6,1.6,213,NA,NA,3,0,0,0,0,0,0,30,244,272,98,-1.1,9,3.64,-0.5
1985,3,3,22,-0.8,965.8,92.6,0,0.3,1.3,274,NA,NA,0,0,0,0,0,0,0,30,238,270,98,-1.8,7.8,3.45,-1.2
1985,3,3,23,-0.9,965.5,95.2,0,0.7,1.5,221,NA,NA,4,0,0,0,0,0,0,30,301,302,98,-1.6,7.9,3.53,-1.2
1985,3,4,0,-0.4,965.7,94.6,0,0.4,2,262,NA,NA,3,0,0,0,0,0,0,30,295,300,98,-1.2,8.7,3.64,-0.7
1985,3,4,1,-0.7,965.2,95.9,0,0.2,1.2,156,NA,NA,2,0,0,0,0,0,0,30,294,299,98,-1.3,8.3,3.61,-0.9
1985,3,4,2,-0.9,964.8,95.8,0,0.2,0.9,254,NA,NA,2,0,0,0,0,0,0,30,299,301,98,-1.5,7.9,3.55,-1.1
1985,3,4,3,-0.7,964.7,95.3,0,0.5,1.4,231,NA,NA,2,0,0,0,0,0,0,30,301,302,98,-1.4,8.2,3.59,-1
1985,3,4,4,-0.2,964.3,95.6,0,0.6,1.3,238,NA,NA,1,0,0,0,0,0,0,30,300,304,98,-0.8,9.1,3.73,-0.4
1985,3,4,5,-0.5,964.2,97.3,0,0.6,2.4,225,NA,NA,0,0,0,0,0,0,0,30,247,279,98,-0.9,8.8,3.72,-0.7
1985,3,4,6,0.2,964.1,95.9,0,0.9,2.4,360,NA,8,3,0,0,0,0,0,0,30,252,281,98,-0.4,9.8,3.86,0
1985,3,4,7,0.8,964.2,95.7,0,0.2,1.2,180,NA,NA,14,14,0,5,7,8,8,30,256,284,98,0.2,10.8,4.02,0.6
1985,3,4,8,0.9,964.6,96.6,0,1.2,2.3,246,NA,NA,111,111,0,77,70,58,59,30,297,307,98,0.4,11.1,4.09,0.7
1985,3,4,9,2.4,964.5,86.3,0,1,2.4,304,NA,NA,286,206,178,327,327,116,117,30,307,318,98,0.4,12.6,4.07,1.6
1985,3,4,10,3.6,964.8,75.4,0,0.6,2,22,NA,NA,189,187,3,115,126,98,99,30,309,319,98,-0.3,13.3,3.87,2
1985,3,4,11,3.3,965.9,83.3,0.7,2,4.5,213,NA,NA,80,80,0,46,44,45,46,30,298,312,98,0.7,13.8,4.18,2.2
1985,3,4,12,3.3,966.6,89,1.7,1,2.6,224,NA,8,46,46,0,27,24,26,27,30,300,312,98,1.7,14.5,4.46,2.6
1985,3,4,13,3,966.7,93.1,1.9,1.2,3.1,262,NA,NA,43,43,0,25,22,23,25,30,299,311,98,2,14.5,4.57,2.6
1985,3,4,14,2.7,967.1,93.8,1.5,1,3.1,243,NA,NA,38,38,0,22,19,19,22,30,287,305,98,1.8,14,4.51,2.3
1985,3,4,15,2.4,967.7,91.5,3.5,1.7,3.6,229,NA,NA,18,18,0,11,9,8,11,30,285,302,98,1.2,13.2,4.3,1.9
1985,3,4,16,1.2,968.1,93.5,2.4,1.4,2.9,264,NA,NA,11,11,0,7,5,4,6,30,279,297,98,0.3,11.3,4.03,0.8
1985,3,4,17,0.7,968.3,94.9,1.4,1,2.5,266,NA,NA,3,3,0,2,1,0,2,30,272,293,98,0,10.5,3.94,0.4
1985,3,4,18,0,969.1,98,1,1,2.2,264,NA,8,0,0,0,0,0,0,0,30,269,291,98,-0.3,9.6,3.87,-0.1
1985,3,4,19,-0.1,969.3,98.1,1.7,0.5,2.2,262,NA,NA,3,0,0,0,0,0,0,30,266,289,98,-0.4,9.5,3.84,-0.2
1985,3,4,20,-0.6,969.5,99.8,0.5,0.3,1.2,337,NA,NA,2,0,0,0,0,0,0,30,277,295,98,-0.6,8.8,3.77,-0.6
1985,3,4,21,0.1,969.8,97.7,0.9,0.4,1,79,NA,NA,1,0,0,0,0,0,0,30,272,293,98,-0.2,9.8,3.88,0
1985,3,4,22,0.7,970.4,94.9,1.5,0.8,1.8,238,NA,NA,2,0,0,0,0,0,0,30,279,295,98,0,10.5,3.93,0.4
1985,3,4,23,0.4,970.3,95.7,1.3,0.9,2.3,221,NA,NA,1,0,0,0,0,0,0,30,278,294,98,-0.2,10.1,3.88,0.2
1985,3,5,0,0.4,970,96.1,0.9,1.1,2.8,244,NA,NA,1,0,0,0,0,0,0,30,277,294,98,-0.1,10.1,3.9,0.2
1985,3,5,1,0.2,970,96.5,0.7,0.5,1.5,243,NA,NA,2,0,0,0,0,0,0,30,277,293,98,-0.3,9.8,3.86,0
1985,3,5,2,-0.2,969.6,98.1,0.9,0.9,2,244,NA,NA,1,0,0,0,0,0,0,30,273,292,98,-0.5,9.3,3.81,-0.3
1985,3,5,3,-0.6,969.4,99.3,1,1.7,2.5,236,NA,NA,2,0,0,0,0,0,0,30,272,292,98,-0.7,8.7,3.75,-0.6
1985,3,5,4,-0.4,969.7,99,0.5,1.3,2.2,244,NA,NA,1,0,0,0,0,0,0,30,278,295,98,-0.5,9,3.79,-0.4
1985,3,5,5,-0.3,969.9,98.6,0.9,1.7,2.6,235,NA,NA,1,0,0,0,0,0,0,30,271,291,98,-0.5,9.2,3.8,-0.4
1985,3,5,6,0.6,970.3,95.3,1.2,0.8,1.7,255,NA,8,4,4,0,2,2,2,2,30,270,291,98,-0.1,10.4,3.92,0.3
1985,3,5,7,-0.2,970.5,98.1,1.2,0.4,1.3,265,NA,NA,26,26,0,12,14,15,15,30,267,289,98,-0.5,9.3,3.81,-0.3
1985,3,5,8,0.1,970.7,97.5,0.9,0.3,0.9,252,NA,NA,38,38,0,18,20,21,22,30,273,292,98,-0.2,9.7,3.87,0
1985,3,5,9,0.2,970.7,97.3,1.1,0.5,1,249,NA,NA,51,51,0,27,27,29,30,30,274,293,98,-0.2,9.9,3.89,0
1985,3,5,10,0,970.8,99.1,0.7,0.7,1.4,234,NA,NA,83,83,0,47,46,47,47,30,279,296,98,-0.1,9.7,3.9,0
1985,3,5,11,0,970.3,99.9,0.9,0.6,3.2,319,NA,NA,89,89,0,51,50,50,51,30,289,302,98,0,9.8,3.94,0
1985,3,5,12,1.6,970,94,0.5,0.8,2.3,351,NA,8,96,96,0,55,54,54,54,30,293,306,98,0.7,12,4.16,1.2
1985,3,5,13,1.3,970,96.1,0.2,1.1,2.9,253,NA,NA,62,62,0,36,34,34,36,30,287,303,98,0.7,11.7,4.16,1.1
1985,3,5,14,1.4,970,96,0,1.4,3,250,NA,NA,54,54,0,32,29,29,31,30,308,313,98,0.8,11.9,4.19,1.2
1985,3,5,15,1.1,970.4,96.6,0.2,2.3,3.4,229,NA,NA,42,42,0,24,22,20,24,30,305,312,98,0.6,11.4,4.12,0.9
1985,3,5,16,1.6,971,95.9,0,1.5,2.5,237,NA,NA,16,16,0,9,8,6,9,30,309,314,98,1,12.2,4.24,1.3
1985,3,5,17,2.2,971.6,93.8,0,1.3,3.1,233,NA,NA,3,3,0,2,1,0,2,30,310,314,98,1.3,13,4.33,1.8
1985,3,5,18,1.6,972.3,95.7,0,1.4,2.9,232,NA,8,1,0,0,0,0,0,0,30,310,313,98,1,12.2,4.23,1.3
1985,3,5,19,1.2,972.9,97.5,0,0.9,1.8,232,NA,NA,0,0,0,0,0,0,0,30,302,309,98,0.8,11.6,4.18,1
1985,3,5,20,1.4,973.3,96.4,0,0.3,1.2,236,NA,NA,0,0,0,0,0,0,0,30,307,311,98,0.9,11.9,4.19,1.2
1985,3,5,21,1.1,973.9,97.7,0,0.1,1.2,330,NA,NA,1,0,0,0,0,0,0,30,309,312,98,0.8,11.5,4.15,1
1985,3,5,22,1.9,974.3,94.7,0,0.3,0.8,270,NA,NA,0,0,0,0,0,0,0,30,311,313,98,1.1,12.6,4.26,1.6
1985,3,5,23,1.5,974.6,96.5,0,0,0.4,0,NA,NA,0,0,0,0,0,0,0,30,306,311,98,1,12.1,4.22,1.3
1985,3,6,0,1.8,974.8,94.9,0,0.3,1.3,228,NA,NA,0,0,0,0,0,0,0,30,310,312,98,1.1,12.4,4.24,1.5
1985,3,6,1,1.9,975.3,94.7,0,0.7,2.4,223,NA,NA,0,0,0,0,0,0,0,30,310,312,98,1.1,12.6,4.26,1.6
1985,3,6,2,1.8,975.5,95.5,0,1.6,2.7,220,NA,NA,0,0,0,0,0,0,0,30,309,312,98,1.2,12.5,4.26,1.5
1985,3,6,3,0.3,975.8,100,0,1.4,2.7,231,NA,NA,1,0,0,0,0,0,0,30,306,310,98,0.3,10.3,4,0.3
1985,3,6,4,1.1,976.4,96.9,0,1.4,2.1,238,NA,NA,2,0,0,0,0,0,0,30,307,311,98,0.7,11.4,4.11,0.9
1985,3,6,5,1,976.7,97.1,0,2.5,3.6,236,NA,NA,1,0,0,0,0,0,0,30,298,307,98,0.6,11.2,4.09,0.8
1985,3,6,6,1.4,977.2,95.3,0,1.2,2.9,236,NA,7,4,4,0,2,2,2,2,30,300,307,98,0.7,11.7,4.13,1.1
1985,3,6,7,1.6,977.6,95.6,0,1.3,2.1,230,NA,NA,37,37,0,20,20,20,21,30,302,309,98,1,12.1,4.2,1.3
1985,3,6,8,2.1,978,93.4,0,1.6,3.6,239,NA,NA,92,92,0,58,55,50,50,30,304,313,98,1.1,12.7,4.25,1.7
1985,3,6,9,2.9,978.3,87.3,0,2.9,4.1,227,NA,NA,219,200,41,184,183,104,105,30,308,318,98,1,13.4,4.2,2.1
1985,3,6,10,3.9,978.4,79.2,0,2.7,3.8,231,NA,NA,367,285,147,279,378,149,150,30,313,325,98,0.6,14.2,4.09,2.5
1985,3,6,11,4.5,978.3,73.6,0,2.5,4,237,NA,NA,484,303,297,261,563,181,173,30,313,331,98,0.2,14.5,3.97,2.7
1985,3,6,12,4.2,978,71.9,0,1.6,2.8,251,NA,7,473,311,264,186,545,233,173,30,264,312,98,-0.4,13.7,3.79,2.3
1985,3,6,13,6.4,977.8,64.7,0,1.4,2.6,223,NA,NA,367,312,95,156,368,256,155,30,275,317,98,0.2,16.4,3.98,3.7
1985,3,6,14,6.3,977.7,65.4,0,1.4,3.2,257,NA,NA,271,231,81,121,262,246,121,30,321,337,98,0.3,16.4,4,3.7
1985,3,6,15,5.6,977.6,67.2,0,0.6,1.8,270,NA,NA,121,121,0,65,75,80,65,30,318,331,98,0,15.4,3.91,3.2
1985,3,6,16,6.2,977.8,67,0,1.2,3,305,NA,NA,76,76,1,41,47,55,41,30,320,329,98,0.5,16.4,4.07,3.7
1985,3,6,17,5.3,978.2,69.3,0,1.2,3,305,NA,NA,26,26,0,13,17,28,14,30,317,321,96,0.1,15.2,3.95,3.1
1985,3,6,18,4.9,978.3,75.2,0,0.2,1.4,264,NA,7,0,0,0,0,0,0,0,30,314,314,96,0.9,15.4,4.17,3.2
1985,3,6,19,2.7,978.2,85.5,0,0,0.6,315,NA,NA,0,0,0,0,0,0,0,30,301,305,96,0.5,12.9,4.06,1.8
1985,3,6,20,2.3,978.2,90.1,0,0,0.6,27,NA,NA,1,0,0,0,0,0,0,30,279,296,96,0.8,12.7,4.16,1.7
1985,3,6,21,1.3,978.1,95,0,0,0.3,0,NA,NA,0,0,0,0,0,0,0,30,282,297,96,0.6,11.5,4.08,1
1985,3,6,22,3,977.6,89.7,0,0,0.6,360,NA,NA,0,0,0,0,0,0,0,30,281,298,96,1.5,13.9,4.35,2.4
1985,3,6,23,2.9,977.4,91,0,0.3,1,227,NA,NA,0,0,0,0,0,0,0,30,316,316,96,1.6,13.9,4.39,2.3
1985,3,7,0,2.8,977.2,92.8,0.3,0.4,1.4,225,NA,NA,0,0,0,0,0,0,0,30,315,315,96,1.8,13.9,4.44,2.4
1985,3,7,1,2.8,976.9,94,0.2,0,0.3,0,NA,NA,0,0,0,0,0,0,0,30,315,315,96,1.9,14.1,4.5,2.4
1985,3,7,2,3.2,976.5,94.3,0,0.5,2,41,NA,NA,0,0,0,0,0,0,0,30,317,317,96,2.4,14.9,4.65,2.8
1985,3,7,3,3.4,976.1,93.9,0.3,2.2,4.3,43,NA,NA,0,0,0,0,0,0,0,30,317,317,96,2.5,15.2,4.7,3
1985,3,7,4,3.1,976.2,92.7,0.2,1.7,4.9,35,NA,NA,0,0,0,0,0,0,0,30,314,315,96,2,14.5,4.54,2.6
1985,3,7,5,1.8,976.2,96.8,0.3,1.4,3.5,32,NA,NA,2,0,0,0,0,0,0,30,315,315,96,1.3,12.6,4.32,1.6
1985,3,7,6,2.8,976.4,93.4,0.2,1.1,3.6,12,NA,8,4,4,0,2,2,2,2,30,316,316,96,1.8,14,4.48,2.4
1985,3,7,7,3.4,976.6,92,0.2,0.7,4.5,355,NA,NA,16,16,0,6,8,9,9,30,319,319,96,2.2,14.9,4.6,2.9
1985,3,7,8,3.6,976.7,92.1,0.2,0.4,1.1,257,NA,NA,26,26,0,12,13,15,15,30,319,319,96,2.4,15.3,4.67,3.1
1985,3,7,9,3.4,976.7,93.4,0.3,0.4,1.5,254,NA,NA,36,36,0,18,18,21,21,30,320,320,96,2.4,15.1,4.67,3
1985,3,7,10,4.2,976.6,90.6,0.2,0.9,3.2,25,NA,NA,47,47,0,26,25,27,28,30,322,322,96,2.8,16.2,4.79,3.6
1985,3,7,11,3,976.4,94.7,0.2,1.5,3.6,63,NA,NA,61,61,0,35,33,35,35,30,306,315,96,2.2,14.5,4.6,2.7
1985,3,7,12,3.7,975.9,90.5,0.3,3.3,6.4,47,NA,8,93,93,0,53,53,52,53,30,321,323,96,2.3,15.3,4.63,3.1
1985,3,7,13,3.4,975.9,88.5,0.6,4.2,8.2,41,NA,NA,88,88,0,50,49,49,50,30,317,320,96,1.7,14.5,4.43,2.7
1985,3,7,14,3,975.7,91,1.2,3.6,6.6,43,NA,NA,74,74,0,42,41,40,42,30,294,308,96,1.7,14.1,4.43,2.4
1985,3,7,15,3.9,975.6,87.7,0.7,2.9,5.7,32,NA,NA,38,38,0,22,19,18,22,30,294,307,96,2,15.3,4.55,3.1
1985,3,7,16,3.9,975.5,85.3,0.6,3.1,5.7,35,NA,NA,24,24,0,14,12,10,14,30,294,307,96,1.7,15,4.42,2.9
1985,3,7,17,3.5,975.8,85.2,0.4,3.3,5.8,33,NA,NA,4,4,0,2,2,0,2,30,296,308,96,1.3,14.3,4.29,2.6
1985,3,7,18,2.9,975.7,86.6,0.3,2.7,5.1,27,NA,8,2,0,0,0,0,0,0,30,294,306,96,0.9,13.4,4.18,2.1
1985,3,7,19,3.2,975.6,86,0,1,2.4,46,NA,NA,3,0,0,0,0,0,0,30,300,309,96,1.1,13.8,4.24,2.3
1985,3,7,20,3.8,975.6,81.5,0,2.3,4.5,46,NA,NA,2,0,0,0,0,0,0,30,324,324,96,0.9,14.3,4.19,2.6
1985,3,7,21,4.7,975.7,77.5,0,2,4.1,53,NA,NA,1,0,0,0,0,0,0,30,323,323,96,1.1,15.4,4.25,3.1
1985,3,7,22,4.8,975.8,77.5,0,1.5,4.7,58,NA,NA,1,0,0,0,0,0,0,30,325,325,96,1.2,15.5,4.28,3.2
1985,3,7,23,4.4,975.9,75.6,0,3.3,6.2,42,NA,NA,2,0,0,0,0,0,0,30,316,318,96,0.5,14.6,4.06,2.7
1985,3,8,0,3.1,976.1,76.9,0,3.4,6.7,45,NA,NA,4,0,0,0,0,0,0,30,313,316,96,-0.6,12.5,3.76,1.6
1985,3,8,1,3.8,976,75.9,0,3.9,7.3,42,NA,NA,4,0,0,0,0,0,0,30,320,320,96,-0.1,13.6,3.9,2.2
1985,3,8,2,2.6,976,79.4,0,4.1,7.5,37,NA,NA,2,0,0,0,0,0,0,30,305,313,96,-0.6,12,3.75,1.3
1985,3,8,3,3.4,976,77.1,0,4,6.8,32,NA,NA,2,0,0,0,0,0,0,30,314,317,96,-0.2,13.1,3.85,1.9
1985,3,8,4,2.7,976.1,77.9,0,4.5,8.5,35,NA,NA,0,0,0,0,0,0,0,30,318,318,96,-0.8,12,3.7,1.3
1985,3,8,5,2.7,976.5,77.6,0,3.7,6.4,39,NA,NA,0,0,0,0,0,0,0,30,317,318,96,-0.8,11.9,3.69,1.3
1985,3,8,6,3.5,977.1,74.5,0,4,6.7,38,NA,8,1,0,0,0,0,0,0,30,316,318,96,-0.6,12.9,3.74,1.8
1985,3,8,7,3.1,977.5,76.3,0,3.9,6.8,38,NA,NA,9,9,0,3,4,5,5,30,319,319,96,-0.7,12.4,3.73,1.6
1985,3,8,8,3.2,977.3,76.8,0,4.3,7.8,40,NA,NA,32,32,0,15,16,18,18,30,303,312,96,-0.5,12.7,3.78,1.7
1985,3,8,9,3.4,977.6,74.2,0,5.1,8.4,38,NA,NA,61,61,0,33,33,35,35,30,318,320,96,-0.7,12.7,3.7,1.7
1985,3,8,10,4,977.9,71.7,0,5,9.1,41,NA,NA,68,68,0,38,37,39,39,30,320,321,96,-0.6,13.4,3.73,2.1
1985,3,8,11,4.1,978.4,71.8,0,4.9,8.3,45,NA,NA,77,77,0,44,43,43,44,30,321,322,96,-0.5,13.5,3.76,2.2
1985,3,8,12,4.3,978.5,71.8,0,5.1,8.8,46,NA,8,100,100,0,57,57,56,57,30,321,323,96,-0.3,13.9,3.81,2.4
1985,3,8,13,4.2,978.5,72.4,0,5.7,9.8,48,NA,NA,106,106,0,60,61,59,60,30,320,323,96,-0.3,13.8,3.82,2.3
1985,3,8,14,4,978.8,72.3,0,5.3,9.1,45,NA,NA,100,100,0,56,58,57,56,30,322,324,96,-0.5,13.4,3.76,2.1
1985,3,8,15,4.2,979.3,71.7,0,5.4,9.2,44,NA,NA,68,68,0,39,38,37,39,30,318,322,96,-0.4,13.7,3.78,2.3
1985,3,8,16,3.7,979.5,71.9,0,4.9,8.5,44,NA,NA,32,32,0,18,17,15,18,30,319,321,96,-0.9,12.9,3.66,1.8
1985,3,8,17,3.9,980,70.5,0,3.9,8.4,35,NA,NA,3,3,0,2,1,0,2,30,317,319,96,-1,13,3.63,1.9
1985,3,8,18,2.5,980.5,73.8,0,4,7.1,28,NA,8,0,0,0,0,0,0,0,30,312,316,96,-1.7,11.1,3.44,0.9
1985,3,8,19,2.1,980.6,74.6,0,3.7,6.1,29,NA,NA,0,0,0,0,0,0,0,30,312,316,96,-1.9,10.6,3.38,0.5
1985,3,8,20,2.9,981,72.6,0,3.8,6.2,31,NA,NA,0,0,0,0,0,0,0,30,314,317,96,-1.5,11.6,3.48,1.2
1985,3,8,21,2.8,981.1,73.2,0,3.8,7.2,33,NA,NA,0,0,0,0,0,0,0,30,313,316,96,-1.5,11.5,3.49,1.1
1985,3,8,22,2.3,981.3,74.6,0,3.5,6.6,33,NA,NA,0,0,0,0,0,0,0,30,310,314,96,-1.7,10.9,3.43,0.7
1985,3,8,23,1.7,981.9,76.2,0,3.6,6.5,32,NA,NA,0,0,0,0,0,0,0,30,310,315,96,-2,10.1,3.35,0.3
1985,3,9,0,0.9,982.4,79,0,4.2,6.5,31,NA,NA,0,0,0,0,0,0,0,30,304,311,96,-2.3,9.1,3.28,-0.3
1985,3,9,1,1.1,982.1,79.1,0,3.9,6.2,30,NA,NA,0,0,0,0,0,0,0,30,309,313,96,-2.1,9.4,3.33,-0.1
1985,3,9,2,2.3,981.4,75.1,0,3.9,7,26,NA,NA,0,0,0,0,0,0,0,30,311,314,96,-1.6,10.9,3.45,0.8
1985,3,9,3,2,981.4,76.3,0,3.5,5.8,26,NA,NA,0,0,0,0,0,0,0,30,312,314,96,-1.7,10.6,3.43,0.6
1985,3,9,4,2.4,981.6,75.1,0,3.5,5.7,30,NA,NA,0,0,0,0,0,0,0,30,316,316,96,-1.6,11.1,3.47,0.8
1985,3,9,5,3.2,981.5,72.5,0,3.9,6.6,33,NA,NA,1,0,0,0,0,0,0,30,315,315,96,-1.3,12.1,3.55,1.4
1985,3,9,6,2.4,981.6,73.9,0,4.4,7.2,31,NA,8,2,0,0,0,0,0,0,30,314,315,96,-1.8,11,3.42,0.8
1985,3,9,7,3.2,982,68.5,0,5,8.1,31,NA,NA,28,28,0,13,15,16,16,30,316,317,96,-2,11.6,3.35,1.2
1985,3,9,8,3.6,981.9,67,0,5.2,9,37,NA,NA,128,127,4,94,83,67,67,30,263,293,96,-1.9,12.1,3.37,1.4
1985,3,9,9,4.6,982.2,65.3,0,7,11.9,45,NA,NA,413,193,458,539,530,138,138,30,267,301,96,-1.3,13.5,3.53,2.2
1985,3,9,10,4.2,981.8,64.7,0,6.3,11.8,48,NA,NA,544,177,639,479,722,157,156,30,267,306,96,-1.8,12.7,3.4,1.8
1985,3,9,11,5.2,981.2,61.9,0,5.7,10.7,54,NA,NA,634,124,815,306,860,165,158,30,262,309,96,-1.5,14,3.49,2.5
1985,3,9,12,6.7,980.2,57.1,0,6.2,11,55,NA,5,657,116,857,165,893,266,159,30,267,313,96,-1.2,15.7,3.57,3.4
1985,3,9,13,7,979.5,51.9,0,8,14.8,53,NA,NA,593,113,814,149,810,476,149,30,263,312,96,-2.2,15.4,3.32,3.2
1985,3,9,14,8,978.8,49.8,0,8.2,16.1,53,NA,NA,467,145,640,135,631,593,135,30,269,313,96,-1.8,16.6,3.41,3.9
1985,3,9,15,7.4,978.8,50.3,0,9.3,15.8,51,NA,NA,351,87,694,101,500,711,101,30,267,310,96,-2.3,15.7,3.31,3.4
1985,3,9,16,7.4,978.6,50.1,0,8.8,14.7,46,NA,NA,176,57,523,62,267,602,62,30,266,305,96,-2.3,15.7,3.29,3.4
1985,3,9,17,6.3,978.6,52,0,8.2,15.1,40,NA,NA,33,33,0,17,21,37,18,30,259,297,96,-2.8,14.3,3.17,2.7
1985,3,9,18,5.8,979.3,53.9,0,8.5,13.8,40,NA,1,0,0,0,0,0,0,0,30,258,294,96,-2.8,13.8,3.17,2.4
1985,3,9,19,5.4,979.6,55.4,0,8.1,16.1,42,NA,NA,0,0,0,0,0,0,0,30,258,292,96,-2.8,13.4,3.17,2.2
1985,3,9,20,5.1,980,56.5,0,6.1,10.9,43,NA,NA,0,0,0,0,0,0,0,30,244,284,96,-2.8,13.1,3.16,2
1985,3,9,21,3.5,979.9,59.8,0,7.6,12.3,39,NA,NA,0,0,0,0,0,0,0,30,236,281,96,-3.6,11,2.99,0.8
1985,3,9,22,3.3,980,59.9,0,5.3,9.2,43,NA,NA,0,0,0,0,0,0,0,30,234,277,96,-3.7,10.7,2.96,0.7
1985,3,9,23,2.7,980.4,62.5,0,5.7,10.4,41,NA,NA,0,0,0,0,0,0,0,30,238,279,96,-3.7,10.1,2.95,0.3
1985,3,10,0,2.7,980.5,64.3,0,6.2,10.8,43,NA,NA,0,0,0,0,0,0,0,30,239,279,96,-3.4,10.3,3.04,0.4
1985,3,10,1,3.2,980.3,66,0,5.4,9.3,42,NA,NA,0,0,0,0,0,0,0,30,243,280,96,-2.5,11.3,3.23,1
1985,3,10,2,2.3,980,72.8,0,3.7,8.1,41,NA,NA,0,0,0,0,0,0,0,30,254,283,96,-2.1,10.7,3.35,0.6
1985,3,10,3,2.8,980,73.7,0,4.4,8,54,NA,NA,0,0,0,0,0,0,0,30,259,287,96,-1.4,11.6,3.51,1.1
1985,3,10,4,2.7,979.9,74.3,0,4.4,9,60,NA,NA,0,0,0,0,0,0,0,30,259,284,96,-1.4,11.5,3.52,1.1
1985,3,10,5,2.4,979.9,75.1,0,3.3,6.5,60,NA,NA,0,0,0,0,0,0,0,30,248,279,96,-1.6,11.1,3.48,0.8
1985,3,10,6,2.1,980.1,76.1,0,4.3,8.4,62,NA,1,16,16,0,13,9,8,9,30,248,278,96,-1.7,10.7,3.45,0.6
1985,3,10,7,2.4,980.5,75.9,0,4.5,8.6,57,NA,NA,89,79,50,146,78,45,45,30,250,282,96,-1.4,11.2,3.52,0.9
1985,3,10,8,2.9,980.6,73.5,0,4.5,9.5,60,NA,NA,211,164,135,303,215,91,91,30,253,288,96,-1.4,11.7,3.53,1.2
1985,3,10,9,4.2,980.6,69.2,0,4.6,8.8,66,NA,NA,431,164,549,578,565,135,134,30,258,298,96,-0.9,13.3,3.64,2.1
1985,3,10,10,5.2,980.5,64.9,0,4.3,8.5,64,NA,NA,566,161,698,496,751,156,155,30,263,307,96,-0.9,14.4,3.66,2.7
1985,3,10,11,5.8,980.1,59.2,0,4.7,9.7,57,NA,NA,648,122,833,309,870,166,160,30,260,310,96,-1.5,14.6,3.48,2.8
1985,3,10,12,6.4,979.3,53.4,0,5.6,10.7,48,NA,1,672,75,938,154,909,260,151,30,268,314,96,-2.4,14.7,3.28,2.8
1985,3,10,13,6.8,978.6,48.7,0,5,9,45,NA,NA,626,72,933,143,855,499,143,30,267,315,96,-3.2,14.5,3.07,2.8
1985,3,10,14,8.2,978.1,47,0,4.9,9.1,44,NA,NA,515,90,836,133,709,671,133,30,271,317,96,-2.4,16.4,3.27,3.8
1985,3,10,15,7.4,977.8,48.2,0,5.3,9.6,56,NA,NA,356,69,745,100,509,735,100,30,267,313,96,-2.8,15.4,3.17,3.3
1985,3,10,16,7.1,977.7,48.5,0,5.2,11.5,56,NA,NA,194,49,626,62,297,690,63,30,260,304,96,-3,15,3.13,3
1985,3,10,17,6.3,977.8,50.5,0,5.2,10,57,NA,NA,50,50,0,19,32,83,22,14,311,323,96,-3.2,14.1,3.08,2.5
1985,3,10,18,5.5,977.9,54.4,0,4,7.2,43,NA,6,0,0,0,0,0,0,0,14,306,316,96,-3,13.4,3.14,2.2
1985,3,10,19,5.1,977.8,60.7,0,2.5,5.8,54,NA,NA,0,0,0,0,0,0,0,14,306,315,96,-1.9,13.7,3.41,2.3
1985,3,10,20,5.1,977.7,62.4,0,2.4,5.1,75,NA,NA,1,0,0,0,0,0,0,14,308,315,96,-1.5,13.9,3.51,2.4
1985,3,10,21,5.1,977.3,64.9,0,2.2,4.4,90,NA,NA,1,0,0,0,0,0,0,14,305,314,96,-0.9,14.3,3.65,2.6
1985,3,10,22,4.9,976.9,62.3,0,4.4,8.8,43,NA,NA,1,0,0,0,0,0,0,14,309,318,96,-1.7,13.6,3.45,2.2
1985,3,10,23,5.8,976.4,58.2,0,4.4,7.6,45,NA,NA,0,0,0,0,0,0,0,14,326,326,96,-1.8,14.4,3.44,2.7
1985,3,11,0,5.1,976.2,62.2,0,4.2,8.6,28,NA,NA,0,0,0,0,0,0,0,14,324,325,96,-1.5,13.9,3.5,2.4
1985,3,11,1,3.9,975.6,66.4,0,1.8,5.3,8,NA,NA,1,0,0,0,0,0,0,14,317,318,96,-1.8,12.5,3.44,1.6
1985,3,11,2,4,974.9,68.4,0,0.8,2.1,329,NA,NA,0,0,0,0,0,0,0,14,320,320,96,-1.3,13,3.57,1.9
1985,3,11,3,4.4,974.6,63.3,0,2.4,4.6,18,NA,NA,0,0,0,0,0,0,0,14,321,321,96,-2,12.9,3.4,1.9
1985,3,11,4,4.5,974.1,62,0,3,6.1,53,NA,NA,0,0,0,0,0,0,0,14,322,322,96,-2.1,12.9,3.35,1.9
1985,3,11,5,4.2,973.9,60.9,0,4,6.4,51,NA,NA,0,0,0,0,0,0,0,14,304,313,96,-2.7,12.3,3.22,1.5
1985,3,11,6,3.3,974.2,64.2,0,3.5,9.7,53,NA,7,11,11,0,6,5,5,5,14,308,314,96,-2.8,11.3,3.19,1
1985,3,11,7,4.2,974.5,58.9,0,5.5,8.7,41,NA,NA,128,79,244,354,146,44,45,14,309,318,96,-3.1,12,3.11,1.4
1985,3,11,8,4.1,974.7,57.2,0,6.8,12.4,45,NA,NA,219,183,100,261,183,76,77,14,255,294,96,-3.6,11.6,3,1.2
1985,3,11,9,4.9,974.8,58.3,0,7.5,12.6,47,NA,NA,339,245,191,343,335,104,105,14,256,297,96,-2.6,13,3.24,1.9
1985,3,11,10,5.5,974.6,54.9,0,8.4,13.3,46,NA,NA,554,221,569,426,651,120,121,14,257,304,96,-2.8,13.5,3.18,2.2
1985,3,11,11,5.8,974.4,54.6,0,7.3,11.5,51,NA,NA,406,296,174,191,400,133,126,14,263,305,96,-2.6,13.9,3.23,2.4
1985,3,11,12,6.6,974,53.1,0,7.4,13,53,NA,7,654,231,660,142,773,231,130,14,261,311,96,-2.3,15,3.32,3
1985,3,11,13,7,973.5,50.5,0,7,12.5,59,NA,NA,586,166,702,110,716,414,110,14,268,314,96,-2.6,15.2,3.25,3.1
1985,3,11,14,7,973.5,50.3,0,6.9,12.4,59,NA,NA,376,241,263,109,383,365,109,14,262,306,96,-2.6,15.2,3.24,3.1
1985,3,11,15,5.6,974,56,0,7.4,14.3,57,NA,NA,230,181,125,81,212,285,80,14,258,300,96,-2.5,13.8,3.27,2.4
1985,3,11,16,5.7,974.4,56.2,0,7.4,12.7,53,NA,NA,93,90,11,40,54,78,40,14,268,299,96,-2.3,14,3.3,2.5
1985,3,11,17,5,974.7,56,0,7.9,12.9,43,NA,NA,23,23,0,11,11,13,11,14,255,291,96,-3,12.9,3.13,1.9
1985,3,11,18,4.3,974.7,59.6,0,6.1,9.4,42,NA,6,0,0,0,0,0,0,0,14,256,289,96,-2.9,12.3,3.17,1.5
1985,3,11,19,4,974.5,61,0,7.1,11,39,NA,NA,0,0,0,0,0,0,0,14,251,287,96,-2.8,12,3.18,1.4
1985,3,11,20,3.5,974.5,63.9,0,7.7,13.4,39,NA,NA,0,0,0,0,0,0,0,14,240,280,96,-2.7,11.6,3.22,1.1
1985,3,11,21,3,974.4,67,0,7.3,10.5,37,NA,NA,0,0,0,0,0,0,0,14,239,278,96,-2.5,11.2,3.26,0.9
1985,3,11,22,2.4,973.9,68.2,0,8,12.5,35,NA,NA,0,0,0,0,0,0,0,14,236,276,96,-2.9,10.4,3.18,0.4
1985,3,11,23,1.5,974.2,67.7,0,4.7,10.4,50,NA,NA,0,0,0,0,0,0,0,14,222,266,96,-3.8,8.9,2.96,-0.4
1985,3,12,0,0.4,974,69.2,0,4,8.3,57,NA,NA,0,0,0,0,0,0,0,14,227,267,96,-4.6,7.4,2.79,-1.4
1985,3,12,1,-0.4,973.6,67.2,0,5.5,10.2,45,NA,NA,0,0,0,0,0,0,0,14,224,265,96,-5.7,6,2.56,-2.2
1985,3,12,2,-0.5,973.1,64.1,0,6.7,12.9,36,NA,NA,1,0,0,0,0,0,0,14,218,262,96,-6.4,5.5,2.42,-2.4
1985,3,12,3,0.1,972.5,61.2,0,8.1,13.9,36,NA,NA,0,0,0,0,0,0,0,14,225,265,96,-6.5,6.1,2.42,-2.1
1985,3,12,4,0.6,972.4,63.2,0,8,15,45,NA,NA,3,0,0,0,0,0,0,14,226,266,96,-5.6,7.1,2.59,-1.5
1985,3,12,5,0.3,972.2,63.7,0,9.5,15.9,45,NA,NA,1,0,0,0,0,0,0,14,254,276,94,-5.8,6.7,2.55,-1.8
1985,3,12,6,0.3,972.3,64,0,7.8,15.3,41,NA,3,12,12,0,6,6,5,6,14,254,276,94,-5.7,6.7,2.57,-1.7
1985,3,12,7,0.6,972.5,65.4,0,8.2,14.8,41,NA,NA,76,75,4,60,42,33,34,14,257,279,94,-5.1,7.3,2.68,-1.4
1985,3,12,8,1.4,973.1,64.8,0,8,14.1,44,NA,NA,247,160,236,384,254,77,78,14,251,280,94,-4.5,8.4,2.81,-0.7
1985,3,12,9,2.2,973.4,61.9,0,8.5,13.8,45,NA,NA,392,221,344,437,424,105,106,14,255,286,94,-4.3,9.3,2.84,-0.2
1985,3,12,10,3,973.6,59.7,0,8.5,14.1,44,NA,NA,522,253,454,385,576,124,125,14,258,291,94,-4.1,10.3,2.9,0.4
1985,3,12,11,3.7,973.7,56.6,0,7.8,12.4,45,NA,NA,596,196,623,245,708,125,118,14,252,292,94,-4.1,11,2.89,0.8
1985,3,12,12,4.4,973.4,55.1,0,7.4,11.7,46,NA,1,609,232,584,138,709,221,127,14,255,296,94,-3.8,11.8,2.96,1.3
1985,3,12,13,4.6,973.6,55.3,0,6.9,11,43,NA,NA,507,286,366,130,541,338,129,14,252,294,94,-3.6,12.2,3.01,1.5
1985,3,12,14,5.4,973.6,54.1,0,5,9.1,46,NA,NA,412,232,347,111,443,425,111,14,250,294,94,-3.1,13.2,3.11,2.1
1985,3,12,15,5.4,973.7,53.2,0,5.3,8.2,47,NA,NA,329,147,462,85,383,557,84,14,247,291,94,-3.4,13.1,3.06,2
1985,3,12,16,4.9,974,54.4,0,5.1,8.2,50,NA,NA,153,96,239,53,165,363,53,14,244,284,94,-3.5,12.5,3.02,1.7
1985,3,12,17,4.1,974.2,58,0,4.6,8.2,47,NA,NA,31,26,72,15,32,117,17,14,241,277,94,-3.4,11.7,3.05,1.2
1985,3,12,18,3.2,974.7,60.9,0,4.1,7.4,36,NA,0,0,0,0,0,0,0,0,14,238,274,94,-3.6,10.7,3,0.6
1985,3,12,19,2.6,975.1,62.1,0,3.8,6.9,33,NA,NA,0,0,0,0,0,0,0,14,234,271,94,-3.9,9.9,2.93,0.2
1985,3,12,20,1.4,975.5,65.4,0,2.6,5.1,27,NA,NA,0,0,0,0,0,0,0,14,227,264,94,-4.4,8.5,2.83,-0.7
1985,3,12,21,0.9,975.5,67.9,0,2.2,4.2,22,NA,NA,0,0,0,0,0,0,0,14,229,262,94,-4.3,8,2.83,-1
1985,3,12,22,0.4,975.5,70.5,0,1.7,5.1,44,NA,NA,0,0,0,0,0,0,0,14,230,262,94,-4.3,7.5,2.84,-1.3
1985,3,12,23,0.2,975.6,73.2,0,1.8,4.7,62,NA,NA,0,0,0,0,0,0,0,14,220,257,94,-4,7.4,2.91,-1.3
1985,3,13,0,-1.8,975.4,78.7,0,1.1,2.6,292,NA,NA,0,0,0,0,0,0,0,14,218,251,94,-5,4.9,2.7,-2.9
1985,3,13,1,-2.3,974.9,82.1,0,1.1,2,231,NA,NA,1,0,0,0,0,0,0,14,218,250,94,-4.9,4.4,2.71,-3.2
1985,3,13,2,-2.8,974.5,87,0,0.5,1.1,259,NA,NA,0,0,0,0,0,0,0,14,214,245,94,-4.7,4.1,2.77,-3.4
1985,3,13,3,-3.7,974.2,91.6,0,0.2,1,270,NA,NA,0,0,0,0,0,0,0,14,212,243,94,-4.9,3.1,2.73,-4.1
1985,3,13,4,-4.1,974,94.7,0,0.2,0.9,234,NA,NA,2,0,0,0,0,0,0,14,211,243,94,-4.8,2.7,2.74,-4.3
1985,3,13,5,-4.4,973.7,96.2,0,0.5,1.4,208,NA,NA,0,0,0,0,0,0,0,14,210,242,94,-4.9,2.3,2.72,-4.6
1985,3,13,6,-2.9,973.8,91,0,0.8,1.4,231,NA,0,19,19,0,12,9,8,9,14,219,248,94,-4.2,4.2,2.88,-3.3
1985,3,13,7,-1.5,974.1,87.1,0,0.6,1.4,256,NA,NA,110,91,86,188,89,42,43,14,226,258,94,-3.4,6.1,3.06,-2.2
1985,3,13,8,0.8,973.9,73.3,0,0.3,1.6,245,NA,NA,254,163,244,394,258,78,79,14,234,270,94,-3.4,8.4,3.04,-0.7
1985,3,13,9,2.5,973.5,64.1,0,0.9,2.4,119,NA,NA,400,223,352,443,428,106,107,14,238,281,94,-3.6,10,3.01,0.2
1985,3,13,10,3.7,973,58,0,0.7,2.5,148,NA,NA,521,243,465,384,573,122,123,14,244,292,94,-3.8,11.1,2.97,0.9
1985,3,13,11,4.7,972.3,54.6,0,1.2,3.1,106,NA,NA,581,251,510,243,646,138,130,14,256,302,94,-3.7,12.2,3,1.5
1985,3,13,12,4.6,971.5,53.5,0,1.4,4.1,104,NA,1,592,261,508,144,655,219,133,14,240,299,94,-4,11.9,2.92,1.3
1985,3,13,13,5.9,970.6,50.2,0,0.9,3.6,93,NA,NA,524,258,436,127,570,353,126,14,261,309,94,-3.7,13.5,3,2.2
1985,3,13,14,7.2,970,47.6,0,1,2.7,89,NA,NA,412,237,335,112,436,422,111,14,255,305,94,-3.2,15.1,3.11,3
1985,3,13,15,6.1,969.5,50.6,0,1.6,3.1,97,NA,NA,268,213,138,89,243,334,89,14,243,295,94,-3.4,13.8,3.07,2.4
1985,3,13,16,5.8,969.3,52.8,0,3,6.6,212,NA,NA,129,106,96,49,107,210,50,14,252,291,94,-3.1,13.7,3.14,2.3
1985,3,13,17,4.4,969.4,57.6,0,4.3,6.8,223,NA,NA,31,28,32,14,22,64,15,14,244,281,94,-3.2,12.2,3.11,1.5
1985,3,13,18,3.1,969.7,62.3,0,4.4,7.4,224,NA,0,1,0,0,0,0,0,0,14,240,275,94,-3.4,10.8,3.06,0.6
1985,3,13,19,2.6,969.9,66.2,0,3.7,6,223,NA,NA,0,0,0,0,0,0,0,14,238,271,94,-3.1,10.5,3.14,0.4
1985,3,13,20,2.4,969.8,68.7,0,3.6,5.5,217,NA,NA,0,0,0,0,0,0,0,14,281,291,94,-2.8,10.4,3.22,0.4
1985,3,13,21,2.1,969.7,71.9,0,2.8,5.8,241,NA,NA,1,0,0,0,0,0,0,14,282,294,94,-2.4,10.3,3.29,0.4
1985,3,13,22,2.2,969.5,72.9,0,1.9,3.4,241,NA,NA,3,0,0,0,0,0,0,14,284,295,94,-2.1,10.6,3.37,0.5
1985,3,13,23,2.1,969.1,73.1,0,1.9,3.8,237,NA,NA,3,0,0,0,0,0,0,14,308,308,94,-2.2,10.5,3.35,0.4
1985,3,14,0,1.6,968.7,75.7,0,1.4,3,263,NA,NA,2,0,0,0,0,0,0,14,310,310,94,-2.2,10,3.35,0.1
1985,3,14,1,1.3,968.1,77.1,0,1.6,3.3,245,NA,NA,1,0,0,0,0,0,0,14,310,310,94,-2.3,9.6,3.34,-0.1
1985,3,14,2,2.1,967.6,75.8,0,1.1,2.1,241,NA,NA,3,0,0,0,0,0,0,14,310,310,94,-1.7,10.8,3.48,0.6
1985,3,14,3,1.8,967.2,76.9,0,1.3,2.3,252,NA,NA,1,0,0,0,0,0,0,14,310,310,94,-1.8,10.4,3.46,0.4
1985,3,14,4,1.6,967,78.1,0,2.1,3.1,238,NA,NA,1,0,0,0,0,0,0,14,308,308,94,-1.8,10.3,3.46,0.3
1985,3,14,5,1.4,966.9,79.1,0,1.2,2.3,241,NA,NA,0,0,0,0,0,0,0,14,308,308,94,-1.8,10,3.46,0.2
1985,3,14,6,1.4,966.8,78.9,0,1.8,2.6,238,NA,8,6,6,0,2,3,3,3,14,308,308,94,-1.9,10,3.45,0.1
1985,3,14,7,1.6,966.8,79.5,0,1.4,2.4,251,NA,NA,20,20,0,6,9,10,10,14,310,310,94,-1.6,10.4,3.53,0.4
1985,3,14,8,1.9,966.6,78.7,0,1.4,2.9,250,NA,NA,44,44,0,18,19,21,22,14,310,310,94,-1.4,10.8,3.57,0.6
1985,3,14,9,1.7,966.5,77.8,0,1.8,2.6,238,NA,NA,66,66,0,31,31,32,32,14,312,312,94,-1.8,10.4,3.48,0.3
1985,3,14,10,3.2,966.3,71.6,0,1.7,3.2,229,NA,NA,109,109,0,53,54,51,52,14,318,318,94,-1.4,12.1,3.56,1.4
1985,3,14,11,4.9,965.6,62.3,0,1.5,3.2,179,NA,NA,302,299,5,143,188,127,126,14,315,324,94,-1.7,13.7,3.49,2.2
1985,3,14,12,4.4,965,56.7,0,1.2,3.7,197,NA,7,349,322,41,140,260,156,131,14,308,324,94,-3.4,12.1,3.07,1.4
1985,3,14,13,5.4,964.3,56.1,0,1.2,3.3,117,NA,NA,191,189,2,86,105,94,86,14,315,323,94,-2.6,13.6,3.26,2.2
1985,3,14,14,5.9,963.9,52.8,0,1.5,4,217,NA,NA,230,216,26,94,156,153,94,14,320,328,94,-3,13.9,3.18,2.4
1985,3,14,15,5.4,963.5,53.6,0,2.6,4.8,229,NA,NA,257,176,200,84,254,359,84,14,321,328,94,-3.3,13.2,3.12,2
1985,3,14,16,6,963.4,52.8,0,2.4,4.6,220,NA,NA,97,94,9,42,56,79,42,14,316,318,94,-2.9,14.1,3.2,2.5
1985,3,14,17,5.4,963.2,55.7,0,3.1,5.5,208,NA,NA,23,23,0,11,11,12,11,14,275,296,94,-2.7,13.6,3.24,2.2
1985,3,14,18,3.4,962.9,60.9,0,3.6,6.3,218,NA,7,0,0,0,0,0,0,0,14,266,292,94,-3.4,11.1,3.08,0.8
1985,3,14,19,3.6,963.2,62.5,0,4.1,6.2,224,NA,NA,1,0,0,0,0,0,0,14,271,294,94,-2.9,11.6,3.21,1.1
1985,3,14,20,3.1,963.3,68.3,0,3.4,6.3,218,NA,NA,0,0,0,0,0,0,0,14,311,311,94,-2.2,11.6,3.38,1
1985,3,14,21,3.1,963.2,69.6,0,4.2,7,228,NA,NA,0,0,0,0,0,0,0,14,315,315,94,-1.9,11.7,3.45,1.1
1985,3,14,22,2.8,963.1,70.8,0,2.9,6,257,NA,NA,1,0,0,0,0,0,0,14,316,316,94,-2,11.4,3.43,0.9
1985,3,14,23,3.4,963.1,69.3,0,1.3,3.6,241,NA,NA,0,0,0,0,0,0,0,14,288,294,94,-1.7,12.2,3.51,1.4
1985,3,15,0,1.7,962.8,73.5,0,0.6,2.1,236,NA,NA,0,0,0,0,0,0,0,14,266,276,94,-2.5,9.9,3.3,0.1
1985,3,15,1,0.1,962.4,79.4,0,1.4,2.8,218,NA,NA,0,0,0,0,0,0,0,14,280,284,94,-3,8,3.17,-1
1985,3,15,2,1,962.2,78.4,0,1.6,2.5,245,NA,NA,0,0,0,0,0,0,0,14,250,270,94,-2.3,9.4,3.35,-0.2
1985,3,15,3,0.4,962.3,78.3,0,1,3.3,220,NA,NA,1,0,0,0,0,0,0,14,251,268,94,-2.9,8.4,3.2,-0.8
1985,3,15,4,0.6,962.4,76.3,0,1.8,4.1,248,NA,NA,1,0,0,0,0,0,0,14,246,271,94,-3.1,8.5,3.16,-0.8
1985,3,15,5,0.4,962.6,76.4,0,0.9,2.5,80,NA,NA,0,0,0,0,0,0,0,14,243,265,94,-3.3,8.2,3.12,-0.9
1985,3,15,6,-0.5,962.8,79.5,0,0.7,2,83,NA,2,20,20,0,12,10,9,9,14,245,263,94,-3.6,7.1,3.04,-1.6
1985,3,15,7,0.8,963.2,79.3,0,0.6,1.9,347,NA,NA,124,95,128,250,110,46,48,14,256,277,94,-2.4,9.1,3.33,-0.4
1985,3,15,8,3.5,963.3,63.9,0,0.6,1.8,108,NA,NA,325,152,451,570,358,84,85,14,252,289,94,-2.7,11.7,3.26,1.1
1985,3,15,9,3.5,963.2,50.7,0,0.7,3.3,28,NA,NA,295,248,92,253,244,103,104,14,243,286,94,-5.7,10,2.58,0.2
1985,3,15,10,3.9,962.9,49,0,0.8,2.8,175,NA,NA,386,331,91,246,329,129,130,14,247,292,94,-5.8,10.3,2.57,0.4
1985,3,15,11,4,962.7,44.1,0,1.1,4.3,309,NA,NA,307,304,5,145,191,129,128,14,298,315,94,-7.1,9.8,2.32,0.1
1985,3,15,12,3.9,962.2,45.4,0,2.3,5.7,3,NA,6,332,327,7,142,211,150,135,14,300,317,94,-6.8,9.9,2.38,0.2
1985,3,15,13,5.4,961.5,43.5,0,0.8,3.7,323,NA,NA,507,238,434,122,546,343,121,14,308,329,94,-6,11.8,2.53,1.2
1985,3,15,14,5.1,961,39.1,0,1.9,5.9,337,NA,NA,274,237,69,102,219,215,102,14,276,304,94,-7.7,10.7,2.23,0.6
1985,3,15,15,4.2,960.7,43.1,0,3.4,7,330,NA,NA,318,171,362,87,330,485,87,14,278,309,94,-7.2,10,2.31,0.2
1985,3,15,16,4.1,961,43.3,0,3.6,7.2,301,NA,NA,203,82,478,55,235,578,56,14,274,301,94,-7.3,9.9,2.3,0.2
1985,3,15,17,2.2,961,48.4,0,2,5.3,283,NA,NA,44,29,193,19,51,247,21,14,237,270,94,-7.6,7.8,2.25,-1.1
1985,3,15,18,2.2,960.9,50,0,0.8,2.9,257,NA,6,0,0,0,0,0,0,0,14,238,264,94,-7.1,8,2.32,-0.9
1985,3,15,19,1.5,960.8,56.9,0,1.2,2.7,212,NA,NA,0,0,0,0,0,0,0,14,239,264,94,-6.1,7.8,2.52,-1.1
1985,3,15,20,0.1,960.9,65,0,1.1,2.6,261,NA,NA,0,0,0,0,0,0,0,14,224,256,94,-5.7,6.6,2.6,-1.9
1985,3,15,21,-0.2,960.6,68.2,0,1.3,2.5,238,NA,NA,0,0,0,0,0,0,0,14,221,251,94,-5.3,6.4,2.67,-1.9
1985,3,15,22,-0.9,960.2,73.6,0,1.2,2.1,234,NA,NA,0,0,0,0,0,0,0,14,226,254,94,-5,5.9,2.74,-2.3
1985,3,15,23,0.2,959.5,70.2,0,1.6,3.7,233,NA,NA,0,0,0,0,0,0,0,14,234,261,94,-4.6,7.3,2.83,-1.5
1985,3,16,0,-0.2,958.9,72.2,0,1.2,2.3,252,NA,NA,0,0,0,0,0,0,0,14,237,261,94,-4.6,6.9,2.83,-1.7
1985,3,16,1,-0.2,958.2,73.1,0,0.4,2,216,NA,NA,0,0,0,0,0,0,0,14,237,262,94,-4.4,6.9,2.87,-1.7
1985,3,16,2,0.8,957.1,67.8,0,2,3.9,211,NA,NA,0,0,0,0,0,0,0,14,237,263,94,-4.5,7.9,2.86,-1.1
1985,3,16,3,0.7,956,66.2,0,1.5,3,205,NA,NA,0,0,0,0,0,0,0,14,238,265,94,-4.9,7.6,2.78,-1.3
1985,3,16,4,0.8,954.9,65.7,0,3,6.2,226,NA,NA,1,0,0,0,0,0,0,14,238,267,94,-4.9,7.7,2.78,-1.2
1985,3,16,5,0.5,954,65.4,0,4.7,7.4,229,NA,NA,1,0,0,0,0,0,0,14,236,265,94,-5.2,7.3,2.71,-1.5
1985,3,16,6,0.5,953.4,64.8,0,4.8,7.5,246,NA,6,28,26,21,54,18,13,14,14,239,268,94,-5.3,7.2,2.69,-1.5
1985,3,16,7,0.8,952.8,64.8,0,4.1,7.3,241,NA,NA,36,36,0,14,16,17,17,14,240,272,94,-5.1,7.7,2.75,-1.3
1985,3,16,8,0.1,952.6,90.4,0.2,6.1,12.4,233,NA,NA,32,32,0,12,14,16,16,14,301,301,94,-1.3,9.2,3.65,-0.4
1985,3,16,9,0.1,952,93.8,0,6.2,9.6,229,NA,NA,117,117,0,59,59,54,55,14,296,298,94,-0.8,9.6,3.79,-0.3
1985,3,16,10,0.4,951.5,85.5,0,7.3,12,225,NA,NA,205,204,1,105,114,89,91,14,300,303,94,-1.7,9.2,3.53,-0.4
1985,3,16,11,0,952.1,91.8,1,7.2,12.8,227,NA,NA,81,81,0,68,67,68,68,80,301,307,98,-1.2,9.2,3.68,-0.5
1985,3,16,12,0.3,952.7,93.9,0.1,4.8,13.6,230,NA,8,166,166,0,136,145,137,135,80,304,309,98,-0.6,9.9,3.85,-0.1
1985,3,16,13,0.8,953.3,74.7,0,4.8,8.8,226,NA,NA,152,152,0,124,132,128,124,80,306,312,98,-3.2,8.7,3.17,-0.7
1985,3,16,14,1.4,953.7,72.2,0,5.4,10.8,219,NA,NA,324,252,134,221,386,386,222,80,288,308,98,-3,9.4,3.2,-0.2
1985,3,16,15,1.6,954,66.6,0,3.7,8.2,217,NA,NA,109,109,0,88,93,96,88,80,288,304,98,-3.9,9.1,2.99,-0.4
1985,3,16,16,-0.3,954.6,84.7,0.1,4.4,10.3,208,NA,NA,99,97,8,78,90,115,78,80,285,300,98,-2.6,8,3.32,-1.1
1985,3,16,17,0.8,954.7,77.8,0,3.4,7,198,NA,NA,24,24,0,11,11,12,11,14,266,285,96,-2.6,9,3.3,-0.5
1985,3,16,18,-0.6,955,85.3,0,3.9,8.1,204,NA,7,2,0,0,0,0,0,0,14,261,282,96,-2.8,7.5,3.27,-1.4
1985,3,16,19,-0.9,955.2,89.3,0.1,3.7,6.7,215,NA,NA,1,0,0,0,0,0,0,14,263,283,96,-2.4,7.4,3.34,-1.5
1985,3,16,20,-1,954.7,93.8,0,2.7,5.4,188,NA,NA,0,0,0,0,0,0,0,14,259,279,96,-1.9,7.7,3.49,-1.3
1985,3,16,21,-1.8,954.3,93.9,0,2.2,5.9,220,NA,NA,1,0,0,0,0,0,0,14,261,279,96,-2.6,6.4,3.29,-2.1
1985,3,16,22,-1.2,954.4,94.8,0,1.7,3.9,239,NA,NA,1,0,0,0,0,0,0,14,260,280,96,-1.9,7.5,3.48,-1.5
1985,3,16,23,-0.9,954.2,83.7,0,2.4,4.9,198,NA,NA,0,0,0,0,0,0,0,14,279,286,96,-3.3,6.9,3.14,-1.8
1985,3,17,0,-2.4,954.6,93.1,0.1,3.1,7.8,233,NA,NA,4,0,0,0,0,0,0,14,279,288,96,-3.4,5.4,3.12,-2.7
1985,3,17,1,-1.3,954.5,94.5,0,3.1,5.4,216,NA,NA,2,0,0,0,0,0,0,14,278,287,96,-2.1,7.3,3.44,-1.6
1985,3,17,2,-1.4,954.3,94,0,2.8,7.7,214,NA,NA,2,0,0,0,0,0,0,14,286,290,96,-2.2,7.1,3.4,-1.7
1985,3,17,3,-1.6,954.2,88.8,0.1,2.1,4.1,200,NA,NA,2,0,0,0,0,0,0,14,284,287,96,-3.2,6.3,3.16,-2.2
1985,3,17,4,-1.8,954.5,83.3,0,1.1,3,228,NA,NA,1,0,0,0,0,0,0,14,283,288,96,-4.3,5.5,2.92,-2.7
1985,3,17,5,-1.8,954.9,82.8,0,2.4,5,198,NA,NA,0,0,0,0,0,0,0,80,275,287,98,-4.3,5.4,2.9,-2.7
1985,3,17,6,-1.7,955.3,79.3,0,3.2,7.9,217,NA,6,22,22,0,20,18,18,18,80,276,288,98,-4.8,5.2,2.8,-2.8
1985,3,17,7,-1.3,955.3,73.8,0,3.2,6.9,212,NA,NA,164,83,340,510,230,108,108,80,277,290,98,-5.4,5.4,2.68,-2.7
1985,3,17,8,-1.3,955.2,70.8,0,3.6,7,205,NA,NA,191,170,51,260,206,141,141,80,284,295,98,-5.9,5.1,2.57,-2.8
1985,3,17,9,-1.3,955.4,74.2,0,5.6,8.3,230,NA,NA,263,226,69,305,298,191,190,80,287,299,98,-5.3,5.4,2.69,-2.6
1985,3,17,10,-0.7,955.6,77.4,0,5.4,8,230,NA,NA,281,278,4,246,268,216,216,80,288,301,98,-4.2,6.6,2.94,-1.9
1985,3,17,11,-0.8,955.6,77.4,0,5.3,8.7,217,NA,NA,308,305,4,171,215,156,155,30,289,298,96,-4.3,6.5,2.92,-2
1985,3,17,12,-0.8,955.2,79,0,4.5,8.4,215,NA,7,346,332,21,172,277,187,163,30,282,297,96,-4,6.6,2.98,-1.9
1985,3,17,13,-0.8,955,80.4,0,3.9,6.9,216,NA,NA,268,262,10,136,184,160,135,30,291,301,96,-3.7,6.7,3.03,-1.8
1985,3,17,14,-0.9,955,79.3,0,4.3,7.2,215,NA,NA,220,216,8,113,148,146,113,30,301,306,96,-4,6.5,2.97,-2
1985,3,17,15,0.3,954.8,77.4,0,4.2,6.4,208,NA,NA,172,160,29,86,124,150,86,30,304,306,96,-3.2,8.2,3.16,-1
1985,3,17,16,0.6,955.4,72.1,0,3.8,5.9,217,NA,NA,88,88,0,47,52,61,47,30,302,305,96,-3.8,8.1,3.01,-1
1985,3,17,17,0.2,955.8,76.5,0,2.6,4.6,216,NA,NA,33,31,13,18,22,43,18,30,301,302,96,-3.4,7.9,3.1,-1.1
1985,3,17,18,-1.3,956.2,81.8,0,1.9,3.4,233,NA,7,0,0,0,0,0,0,0,14,250,275,96,-4,6.1,2.97,-2.2
1985,3,17,19,-0.5,956.5,79.5,0,1.3,2.9,230,NA,NA,1,0,0,0,0,0,0,14,254,277,96,-3.6,7.1,3.06,-1.6
1985,3,17,20,-0.2,956.4,75,0,1.2,3.7,235,NA,NA,0,0,0,0,0,0,0,14,290,295,96,-4.1,7.2,2.95,-1.6
1985,3,17,21,-0.1,956.8,68.8,0,1.5,3.6,273,NA,NA,0,0,0,0,0,0,0,14,290,295,96,-5.1,6.7,2.72,-1.8
1985,3,17,22,-1,956.8,75.3,0,0.9,2.4,271,NA,NA,0,0,0,0,0,0,0,14,281,290,96,-4.8,5.9,2.79,-2.3
1985,3,17,23,-1.7,956.7,79.2,0,2.1,4.2,240,NA,NA,0,0,0,0,0,0,0,14,282,291,96,-4.8,5.2,2.79,-2.8
1985,3,18,0,-2.3,956.8,82.8,0,2.6,4,226,NA,NA,1,0,0,0,0,0,0,14,282,291,96,-4.8,4.6,2.79,-3.1
1985,3,18,1,-2.1,956.6,84.5,0,2,4.1,219,NA,NA,0,0,0,0,0,0,0,14,283,291,96,-4.4,5.1,2.89,-2.9
1985,3,18,2,-3.2,956.3,84.5,0,2,3.3,231,NA,NA,0,0,0,0,0,0,0,14,275,287,96,-5.4,3.4,2.66,-3.9
1985,3,18,3,-3,956.5,86,0,2.5,3.1,240,NA,NA,0,0,0,0,0,0,0,14,275,287,96,-5,3.8,2.75,-3.7
1985,3,18,4,-1.5,956.6,82,0,2,4.5,220,NA,NA,0,0,0,0,0,0,0,14,287,292,96,-4.2,5.8,2.93,-2.4
1985,3,18,5,-1,957,75,0,1.5,4,250,NA,NA,0,0,0,0,0,0,0,14,260,280,96,-4.9,5.9,2.78,-2.3
1985,3,18,6,-0.8,957.3,70,0,1,3,280,NA,8,40,32,106,162,34,18,20,14,259,281,96,-5.6,5.7,2.63,-2.4
1985,3,18,7,-0.8,957.6,66.9,0,0.8,2.6,350,NA,NA,85,85,1,55,43,37,38,14,264,286,96,-6.2,5.5,2.51,-2.6
1985,3,18,8,-1,958.2,70.5,0,1.5,3.4,82,NA,NA,159,156,7,106,89,67,69,14,243,279,96,-5.7,5.5,2.61,-2.6
1985,3,18,9,-0.6,958.6,83.5,0,1.9,5,67,NA,NA,234,214,38,163,157,92,94,14,245,281,96,-3,7.3,3.18,-1.5
1985,3,18,10,0.1,958.6,85.3,0.1,1.4,3.2,46,NA,NA,268,266,3,141,159,112,114,14,252,286,96,-2.1,8.6,3.42,-0.7
1985,3,18,11,1.2,958.8,76.4,0,1.3,4.4,348,NA,NA,304,294,15,142,187,127,126,14,296,310,96,-2.5,9.5,3.32,-0.2
1985,3,18,12,1.5,959,71,0,2.1,6,36,NA,7,306,296,15,131,189,138,126,14,295,311,96,-3.2,9.4,3.15,-0.2
1985,3,18,13,0.9,959,72.9,0,3.6,6.1,47,NA,NA,283,280,4,120,170,144,119,14,297,309,96,-3.4,8.6,3.1,-0.7
1985,3,18,14,2,959.1,71,0,3.7,6.2,43,NA,NA,278,270,13,113,173,172,113,14,302,313,96,-2.7,10.2,3.27,0.2
1985,3,18,15,2.4,959.2,65.7,0,3.3,5.6,41,NA,NA,224,191,79,83,171,231,83,14,303,313,96,-3.4,10.2,3.11,0.2
1985,3,18,16,1.5,959.7,67.1,0,3,5.5,60,NA,NA,94,93,2,42,48,60,42,14,293,304,96,-3.9,8.9,2.97,-0.5
1985,3,18,17,0.8,960.3,73.6,0,4.1,6.6,59,NA,NA,21,21,0,10,10,9,10,14,292,300,96,-3.4,8.5,3.1,-0.7
1985,3,18,18,-0.4,960.9,85,0,3.7,6.4,61,NA,7,0,0,0,0,0,0,0,14,292,296,96,-2.6,7.8,3.28,-1.2
1985,3,18,19,-0.1,961.3,83.4,0,3.5,6.2,58,NA,NA,0,0,0,0,0,0,0,14,291,296,96,-2.6,8.1,3.29,-1
1985,3,18,20,-0.1,961.6,80.2,0,3.8,7.9,59,NA,NA,0,0,0,0,0,0,0,14,291,296,96,-3.1,7.8,3.16,-1.2
1985,3,18,21,-0.6,961.7,79.6,0,4.9,9.4,59,NA,NA,1,0,0,0,0,0,0,14,288,294,96,-3.7,6.9,3.02,-1.7
1985,3,18,22,-1.2,961.5,78.1,0,4.4,8.4,52,NA,NA,0,0,0,0,0,0,0,14,285,292,96,-4.5,5.9,2.84,-2.3
1985,3,18,23,-1.4,961.2,77.6,0,4,7.1,47,NA,NA,0,0,0,0,0,0,0,14,285,292,96,-4.8,5.5,2.78,-2.6
1985,3,19,0,-1.7,960.9,79.1,0,3.9,7.1,41,NA,NA,0,0,0,0,0,0,0,14,282,290,96,-4.8,5.2,2.77,-2.8
1985,3,19,1,-2.6,960.3,84.3,0,2.3,4.5,13,NA,NA,0,0,0,0,0,0,0,14,279,283,96,-4.9,4.3,2.77,-3.4
1985,3,19,2,-2.9,959.6,83.5,0,2.4,4.6,347,NA,NA,0,0,0,0,0,0,0,14,224,255,96,-5.3,3.7,2.68,-3.7
1985,3,19,3,-3.4,959.1,81,0,2.9,4.6,13,NA,NA,0,0,0,0,0,0,0,14,221,252,96,-6.2,2.8,2.51,-4.3
1985,3,19,4,-3.5,958.7,77.5,0,0.8,3.2,241,NA,NA,0,0,0,0,0,0,0,14,221,249,96,-6.9,2.4,2.38,-4.6
1985,3,19,5,-4.1,958.6,75.3,0,0.7,2.2,267,NA,NA,0,0,0,0,0,0,0,14,216,243,94,-7.8,1.4,2.21,-5.2
1985,3,19,6,-4,958.1,74.3,0,0.6,2.4,37,NA,1,38,28,121,172,33,17,19,14,219,247,94,-7.9,1.4,2.2,-5.2
1985,3,19,7,-2.4,957.5,75.8,0,3.3,9.3,47,NA,NA,202,78,494,598,215,54,55,14,231,264,94,-6.1,3.9,2.53,-3.6
1985,3,19,8,-0.6,957.2,69.7,0,5.6,10.7,52,NA,NA,327,162,406,542,335,87,88,14,234,271,94,-5.4,6,2.66,-2.2
1985,3,19,9,-0.1,956.6,64.5,0,6.8,10.8,44,NA,NA,448,231,405,479,451,113,114,14,263,286,94,-6,6.3,2.55,-2.1
1985,3,19,10,0.2,956.1,61.4,0,6.4,10.1,46,NA,NA,614,197,664,448,674,120,120,14,264,291,94,-6.3,6.4,2.49,-2
1985,3,19,11,0.8,955.7,59.3,0,5.6,10,47,NA,NA,685,155,780,252,766,122,115,14,247,290,96,-6.2,7.1,2.51,-1.6
1985,3,19,12,1.4,954.9,58.3,0,5.1,9,42,NA,2,715,134,853,118,805,230,112,14,246,294,96,-5.9,7.8,2.58,-1.1
1985,3,19,13,1.7,953.8,55.5,0,5.3,8.9,47,NA,NA,661,76,918,93,751,453,93,14,250,294,96,-6.2,8,2.51,-1
1985,3,19,14,2.3,953.3,54.4,0,5.2,8.4,42,NA,NA,544,139,738,102,607,618,102,14,241,289,96,-5.9,8.7,2.57,-0.6
1985,3,19,15,2.3,953.2,52.4,0,4.6,8.1,42,NA,NA,369,124,578,82,402,635,82,14,239,285,96,-6.4,8.5,2.47,-0.7
1985,3,19,16,1.7,953,53.4,0,4.8,8.1,41,NA,NA,195,102,343,59,191,471,60,14,238,279,96,-6.7,7.7,2.42,-1.1
1985,3,19,17,0.8,953.1,56.8,0,3.9,6.9,29,NA,NA,45,39,67,20,34,124,23,14,232,266,94,-6.8,6.8,2.41,-1.7
1985,3,19,18,-0.8,953.3,62.2,0,3,5.1,15,NA,3,1,0,0,0,0,0,0,14,228,259,94,-7.1,5,2.35,-2.8
1985,3,19,19,-1.3,953.4,64.9,0,2.1,4.2,8,NA,NA,0,0,0,0,0,0,0,14,227,255,94,-7,4.6,2.36,-3.1
1985,3,19,20,-1.5,953.7,65.8,0,2.5,4.1,7,NA,NA,0,0,0,0,0,0,0,14,226,254,94,-7.1,4.4,2.36,-3.3
1985,3,19,21,-1.7,953.7,65.5,0,2.2,4.5,9,NA,NA,0,0,0,0,0,0,0,14,224,253,94,-7.3,4,2.31,-3.5
1985,3,19,22,-2.3,953.9,67.3,0,1.8,5,4,NA,NA,0,0,0,0,0,0,0,14,222,250,94,-7.5,3.3,2.27,-3.9
1985,3,19,23,-2.7,953.9,70,0,0.5,2.8,23,NA,NA,0,0,0,0,0,0,0,14,213,242,94,-7.4,3,2.29,-4.1
1985,3,20,0,-4.1,953.7,77.5,0,0.1,1,214,NA,NA,2,0,0,0,0,0,0,14,209,240,94,-7.4,1.5,2.29,-5.1
1985,3,20,1,-3.6,953.4,78,0,0.8,1.5,241,NA,NA,2,0,0,0,0,0,0,14,212,246,94,-6.9,2.3,2.39,-4.6
1985,3,20,2,-3.8,952.9,79.3,0,0.2,1,256,NA,NA,2,0,0,0,0,0,0,14,265,271,94,-6.9,2.1,2.4,-4.8
1985,3,20,3,-4.1,952.8,81.8,0,0.1,1,239,NA,NA,0,0,0,0,0,0,0,14,264,266,94,-6.7,1.9,2.42,-4.9
1985,3,20,4,-4.6,952.8,86.2,0,0.2,0.8,236,NA,NA,0,0,0,0,0,0,0,14,261,263,94,-6.6,1.5,2.45,-5.2
1985,3,20,5,-5,953,89,0,0.1,0.7,214,NA,NA,0,0,0,0,0,0,0,14,225,246,94,-6.5,1.1,2.46,-5.5
1985,3,20,6,-4.5,953.4,90.7,0,0.1,0.8,162,NA,2,29,28,5,24,14,13,14,14,230,253,94,-5.8,1.9,2.6,-4.9
1985,3,20,7,-3.1,953.8,81.5,0,0.2,0.9,288,NA,NA,103,101,5,76,54,44,45,14,234,261,94,-5.8,3.3,2.59,-4
1985,3,20,8,-1.9,954.2,76.9,0,1,3.2,57,NA,NA,217,196,52,223,158,81,82,14,285,291,94,-5.4,4.7,2.67,-3.1
1985,3,20,9,-0.5,954.1,73,0,1.4,4.2,68,NA,NA,317,281,66,244,233,112,114,14,292,301,94,-4.7,6.5,2.82,-2
1985,3,20,10,-0.6,954,70.7,0,1,3.3,89,NA,NA,343,314,46,199,246,126,128,14,290,303,94,-5.3,6.1,2.71,-2.2
1985,3,20,11,1,953.6,63.7,0,0.8,3.7,18,NA,NA,503,403,146,221,432,164,154,14,240,288,94,-5.1,7.8,2.74,-1.1
1985,3,20,12,2.6,952.8,57.5,0,1.3,4.3,36,NA,7,591,321,393,156,587,227,143,14,250,296,94,-4.9,9.5,2.78,-0.1
1985,3,20,13,4.3,951.9,51.4,0,1.2,3.5,56,NA,NA,619,187,674,118,675,425,118,14,254,302,94,-4.8,11.3,2.8,0.9
1985,3,20,14,4.9,951.4,47.5,0,1,3.2,52,NA,NA,477,226,453,116,480,491,115,14,251,300,94,-5.3,11.7,2.7,1.1
1985,3,20,15,5.1,951,46.8,0,1.5,3.3,84,NA,NA,329,191,322,93,311,475,93,14,251,296,94,-5.3,11.9,2.7,1.3
1985,3,20,16,4.4,950.8,46.8,0,1.6,3.2,89,NA,NA,184,93,331,56,180,451,57,14,248,289,94,-6,10.9,2.57,0.7
1985,3,20,17,2.9,950.8,53.7,0,1.3,2.3,77,NA,NA,54,37,172,22,47,235,25,14,223,267,94,-5.6,9.5,2.65,-0.1
1985,3,20,18,0.9,950.7,65.9,0,1,2,70,NA,6,0,0,0,0,0,0,0,14,230,261,94,-4.7,7.9,2.82,-1.1
1985,3,20,19,1.2,950.8,72.1,0,0.8,1.8,27,NA,NA,0,0,0,0,0,0,0,14,230,257,94,-3.3,9.1,3.16,-0.5
1985,3,20,20,-0.9,950.5,80.8,0,0.4,1.1,360,NA,NA,0,0,0,0,0,0,0,14,219,250,94,-3.8,6.7,3.04,-1.9
1985,3,20,21,-2.1,950.2,86.9,0,0.4,1.9,240,NA,NA,0,0,0,0,0,0,0,14,223,251,94,-4,5.3,2.99,-2.8
1985,3,20,22,-2.7,949.7,89,0,0.5,1.3,226,NA,NA,0,0,0,0,0,0,0,14,217,247,94,-4.3,4.6,2.93,-3.2
1985,3,20,23,-2.4,949,87.2,0,0.4,1,223,NA,NA,0,0,0,0,0,0,0,14,219,247,94,-4.2,4.9,2.94,-3
1985,3,21,0,-2.7,948.2,87.6,0,0.3,1.1,222,NA,NA,0,0,0,0,0,0,0,14,215,244,94,-4.5,4.5,2.89,-3.3
1985,3,21,1,-2.8,947.3,87.8,0,0.4,1.1,207,NA,NA,0,0,0,0,0,0,0,14,216,243,94,-4.5,4.3,2.88,-3.4
1985,3,21,2,-4.2,946.1,93.5,0,0.3,1.8,319,NA,NA,0,0,0,0,0,0,0,14,213,242,94,-5.1,2.6,2.76,-4.5
1985,3,21,3,-3.6,945.2,94.7,0,0.3,1.3,69,NA,NA,0,0,0,0,0,0,0,14,212,241,94,-4.3,3.7,2.93,-3.8
1985,3,21,4,-3.8,944.7,95,0,0.6,1.3,242,NA,NA,2,0,0,0,0,0,0,14,214,244,94,-4.5,3.4,2.9,-4
1985,3,21,5,-3.6,944.8,94.2,0,1.1,2.2,233,NA,NA,1,0,0,0,0,0,0,14,224,250,94,-4.4,3.6,2.92,-3.9
1985,3,21,6,-4.3,944.8,96.5,0,0.4,1.8,252,NA,3,38,34,41,93,26,17,20,14,224,250,94,-4.8,2.7,2.84,-4.5
1985,3,21,7,-1.2,945.2,88.6,0,0.3,1.2,205,NA,NA,135,113,85,212,99,51,53,14,239,267,94,-2.8,7,3.28,-1.8
1985,3,21,8,1.2,945.4,74.3,0,0.2,1.3,67,NA,NA,222,200,53,229,161,83,84,14,262,286,94,-2.9,9.4,3.27,-0.3
1985,3,21,9,2.4,945.6,66.8,0,1.3,2.8,228,NA,NA,259,254,9,160,155,105,107,14,268,292,94,-3.1,10.4,3.21,0.3
1985,3,21,10,3.4,946.1,60.6,0,2,4,227,NA,NA,261,259,3,136,151,110,112,14,268,295,94,-3.5,11.2,3.12,0.8
1985,3,21,11,4.1,946.4,63,0,3.4,6.3,246,NA,NA,207,205,3,99,113,93,93,14,258,291,94,-2.3,12.7,3.41,1.6
1985,3,21,12,4.3,946.5,81.1,0.2,6.5,10.3,240,NA,8,128,128,0,62,64,61,61,14,260,289,94,1.4,15.5,4.46,3
1985,3,21,13,3.9,946.6,88.3,1.3,3.8,9,251,NA,NA,102,102,0,49,50,48,49,14,262,290,94,2.1,15.7,4.72,3.1
1985,3,21,14,3.8,946.8,88.9,0.8,4.5,6.9,238,NA,NA,65,65,0,32,30,30,32,14,286,300,94,2.1,15.6,4.72,3.1
1985,3,21,15,4.5,947.1,87.1,0.1,3,5.4,244,NA,NA,178,160,42,73,124,162,73,14,288,304,94,2.5,16.7,4.85,3.6
1985,3,21,16,4.7,947.4,82.4,0,1.1,2.6,235,NA,NA,68,68,0,32,33,35,32,14,289,302,94,2,16.4,4.65,3.5
1985,3,21,17,4.5,947.3,81,0,1,3.6,272,NA,NA,24,24,0,11,11,10,11,14,268,291,94,1.5,15.8,4.51,3.2
1985,3,21,18,3.7,947.7,84.5,0,0.7,1.8,237,NA,6,0,0,0,0,0,0,0,14,266,284,94,1.3,14.8,4.45,2.7
1985,3,21,19,2.7,948.1,90.7,0,0.8,1.7,219,NA,NA,0,0,0,0,0,0,0,14,261,278,94,1.3,13.8,4.44,2.1
1985,3,21,20,1.4,948.1,94.2,0,0.8,2.2,245,NA,NA,0,0,0,0,0,0,0,14,249,271,94,0.6,11.9,4.2,1.1
1985,3,21,21,0.6,947.7,94.8,0,0.4,1.7,249,NA,NA,1,0,0,0,0,0,0,14,241,265,94,-0.1,10.6,3.99,0.3
1985,3,21,22,0.2,947.3,94.6,0,0.4,1.3,227,NA,NA,1,0,0,0,0,0,0,14,240,264,94,-0.6,9.9,3.87,-0.1
1985,3,21,23,-0.8,946.9,95.2,0,0.7,1.3,229,NA,NA,0,0,0,0,0,0,0,14,228,256,94,-1.5,8.2,3.62,-1.1
1985,3,22,0,-1,946.7,93.9,0,0.2,1,222,NA,NA,1,0,0,0,0,0,0,14,226,251,94,-1.9,7.8,3.52,-1.3
1985,3,22,1,-1.6,947,94.8,0,0.5,1.4,233,NA,NA,0,0,0,0,0,0,0,14,225,251,94,-2.3,6.9,3.4,-1.9
1985,3,22,2,-1.9,946.9,95,0,0.4,1.3,233,NA,NA,1,0,0,0,0,0,0,14,223,250,94,-2.6,6.4,3.33,-2.2
1985,3,22,3,-2.6,946.8,96,0,0.5,1.2,214,NA,NA,0,0,0,0,0,0,0,14,220,249,94,-3.1,5.3,3.2,-2.8
1985,3,22,4,-2.5,946.7,95.7,0,0.6,2,13,NA,NA,2,0,0,0,0,0,0,14,225,253,94,-3.1,5.5,3.21,-2.7
1985,3,22,5,-0.9,946.8,95.3,0,0.3,1.6,21,NA,NA,4,0,0,0,0,0,0,14,300,300,94,-1.6,8.1,3.6,-1.2
1985,3,22,6,-0.2,947,96.5,0,0.2,0.9,307,NA,8,23,23,0,10,11,11,11,14,302,302,94,-0.7,9.4,3.84,-0.4
1985,3,22,7,0.4,947.1,96.3,0,0.6,1.4,275,NA,NA,49,49,0,22,23,23,24,14,304,304,94,-0.1,10.4,4,0.2
1985,3,22,8,1.2,947.4,96.3,0,0.5,1.8,13,NA,NA,74,74,0,35,35,35,36,14,310,310,94,0.7,11.8,4.24,1
1985,3,22,9,1.6,947.4,97,0,0.4,2.1,213,NA,NA,76,76,0,36,36,36,37,14,309,309,94,1.2,12.6,4.4,1.4
1985,3,22,10,1.8,947.4,96.2,0.2,1.3,2.4,251,NA,NA,111,111,0,54,54,52,53,14,310,310,94,1.3,12.9,4.42,1.6
1985,3,22,11,2,947.7,95.3,0.6,1.6,3.1,227,NA,NA,139,139,0,67,71,65,66,14,286,302,96,1.3,13.1,4.44,1.7
1985,3,22,12,1.9,948,92.6,0.7,1.5,2.8,223,NA,8,129,129,0,62,65,61,62,14,284,301,96,0.8,12.6,4.28,1.4
1985,3,22,13,2.5,948.1,90.3,0.5,0.9,2.2,239,NA,NA,131,131,0,62,66,63,62,14,288,304,96,1.1,13.4,4.36,1.9
1985,3,22,14,2.6,948.4,89.7,0.1,0.6,1.8,259,NA,NA,77,77,0,38,36,36,38,14,280,299,96,1.1,13.5,4.36,2
1985,3,22,15,2.9,948.7,89.4,0.4,0.2,1.3,265,NA,NA,46,46,0,23,21,19,23,14,282,300,96,1.3,14,4.44,2.2
1985,3,22,16,3.1,949,89.8,0,0.5,2.5,293,NA,NA,61,61,0,29,29,29,29,14,284,302,96,1.6,14.4,4.52,2.5
1985,3,22,17,3.4,949.3,88.6,0,0.5,1.9,28,NA,NA,21,21,0,10,10,8,10,14,309,311,96,1.7,14.8,4.56,2.7
1985,3,22,18,3.2,949.6,91.6,0,0.8,2.1,72,NA,7,2,0,0,0,0,0,0,14,307,311,96,2,14.8,4.64,2.7
1985,3,22,19,3,949.9,92.8,0.1,0.6,2,60,NA,NA,3,0,0,0,0,0,0,14,307,311,96,2,14.6,4.64,2.6
1985,3,22,20,2.9,950.1,93.4,0.2,0.3,2,286,NA,NA,2,0,0,0,0,0,0,14,315,315,96,1.9,14.5,4.63,2.5
1985,3,22,21,2.9,950.8,93.9,0.4,0.9,2,251,NA,NA,2,0,0,0,0,0,0,14,315,315,96,2,14.6,4.66,2.5
1985,3,22,22,2.8,951.1,93.6,0.3,0.5,1.6,244,NA,NA,2,0,0,0,0,0,0,14,314,314,96,1.9,14.3,4.61,2.4
1985,3,22,23,3.2,951.6,93.2,0,1.4,5.1,243,NA,NA,0,0,0,0,0,0,0,14,320,320,96,2.2,15,4.72,2.8
1985,3,23,0,3.9,952.1,85.9,0.1,3.5,6.3,229,NA,NA,2,0,0,0,0,0,0,14,319,319,96,1.8,15.3,4.56,3
1985,3,23,1,3.8,952.4,89.4,0.7,2.9,4.7,234,NA,NA,3,0,0,0,0,0,0,14,319,319,96,2.2,15.6,4.72,3.1
1985,3,23,2,3.6,952.9,91.1,0,1.2,3.7,278,NA,NA,2,0,0,0,0,0,0,14,293,304,96,2.3,15.5,4.74,3
1985,3,23,3,4,953.4,83.4,0.1,3.6,8.7,202,NA,NA,0,0,0,0,0,0,0,14,293,304,96,1.4,15.2,4.45,2.9
1985,3,23,4,4,954,71.5,0,4.5,8.7,184,NA,NA,0,0,0,0,0,0,0,14,292,302,96,-0.7,13.6,3.81,2.1
1985,3,23,5,4.3,955,66.7,0,4.1,8,203,NA,NA,0,0,0,0,0,0,0,14,283,298,96,-1.3,13.4,3.63,2
1985,3,23,6,3.9,955.7,73.6,0,2.8,4.8,203,NA,7,28,28,0,14,13,13,13,14,280,296,96,-0.4,13.7,3.89,2.1
1985,3,23,7,4.3,956,78,0,1.4,4,231,NA,NA,116,106,34,131,72,47,49,14,293,306,96,0.8,14.9,4.24,2.8
1985,3,23,8,6.7,956.3,65.6,0,3.1,5.2,229,NA,NA,374,175,464,602,362,94,95,14,289,316,96,0.7,17.3,4.21,4.1
1985,3,23,9,7.5,956.6,59.1,0,5,12.5,220,NA,NA,298,254,79,239,226,107,108,14,284,315,96,0,17.6,4.01,4.2
1985,3,23,10,4.4,957.1,80.8,0.3,6,13.6,208,NA,NA,284,265,28,158,186,113,115,14,286,310,96,1.4,15.5,4.42,3.1
1985,3,23,11,7.2,957.2,59.8,0,4.9,9.9,209,NA,NA,699,346,506,270,679,165,154,14,290,326,96,-0.1,17.2,3.97,4
1985,3,23,12,8,957.5,53.1,0,5.3,10.2,211,NA,4,410,329,116,148,330,178,138,14,288,320,96,-1,17.4,3.72,4.2
1985,3,23,13,6.2,957.8,59.4,0.2,4.2,9.1,230,NA,NA,199,196,4,89,108,98,89,14,283,314,96,-1.1,15.5,3.68,3.2
1985,3,23,14,7.6,957.9,53.7,0,5.2,8.9,224,NA,NA,367,271,171,116,317,329,116,14,304,329,96,-1.2,16.8,3.66,3.9
1985,3,23,15,6.8,957.9,55.7,0,4,7.9,204,NA,NA,335,194,318,95,304,477,95,14,288,321,96,-1.4,15.9,3.59,3.4
1985,3,23,16,7,958.2,58.4,0,3.6,9.1,228,NA,NA,119,114,15,50,66,103,51,14,293,316,96,-0.6,16.6,3.82,3.8
1985,3,23,17,5.6,958.5,63.8,0,3.5,10.1,213,NA,NA,45,42,30,21,28,78,23,14,292,311,96,-0.7,15.1,3.79,3
1985,3,23,18,5.5,959.1,68.9,0,3.1,5.8,247,NA,4,0,0,0,0,0,0,0,14,294,307,96,0.3,15.7,4.06,3.3
1985,3,23,19,4.4,959.3,73.2,0,1.2,4,234,NA,NA,0,0,0,0,0,0,0,14,282,295,96,0,14.4,3.99,2.6
1985,3,23,20,2.8,959.6,82.6,0,0.1,1.3,198,NA,NA,0,0,0,0,0,0,0,14,250,274,96,0.1,12.9,4.02,1.7
1985,3,23,21,1,959.6,90.1,0,0.2,1.3,129,NA,NA,0,0,0,0,0,0,0,14,242,268,96,-0.4,10.6,3.86,0.4
1985,3,23,22,0.4,959.5,92.4,0,0.3,1.3,216,NA,NA,0,0,0,0,0,0,0,14,243,268,96,-0.7,9.9,3.79,0
1985,3,23,23,0.8,959.2,92.9,0,0.6,1.5,237,NA,NA,0,0,0,0,0,0,0,14,266,282,96,-0.2,10.6,3.92,0.4
1985,3,24,0,1.8,959.2,89,0,0.5,2.4,45,NA,NA,0,0,0,0,0,0,0,14,271,287,96,0.2,11.9,4.04,1.1
1985,3,24,1,3.6,958.9,70.5,0,3.4,6,211,NA,NA,0,0,0,0,0,0,0,14,272,292,96,-1.3,12.7,3.64,1.6
1985,3,24,2,3.6,958.9,70.1,0,3.1,5.7,205,NA,NA,0,0,0,0,0,0,0,14,265,290,96,-1.3,12.7,3.62,1.6
1985,3,24,3,3.6,959.1,72.6,0,3.1,5,214,NA,NA,0,0,0,0,0,0,0,14,264,291,96,-0.9,13,3.74,1.8
1985,3,24,4,3.3,958.9,79.7,0,2.2,3.9,246,NA,NA,0,0,0,0,0,0,0,14,263,290,96,0.1,13.4,4.03,2
1985,3,24,5,2.2,959.2,88.5,0,0.8,2.7,251,NA,NA,1,0,0,0,0,0,0,14,302,306,96,0.5,12.5,4.13,1.5
1985,3,24,6,2.2,959.5,91.5,0,0.6,1.6,106,NA,7,29,29,0,15,14,13,14,14,306,310,96,1,12.9,4.27,1.7
1985,3,24,7,3.3,960,84.9,0,1,2.1,287,NA,NA,98,97,2,64,49,43,44,14,314,318,96,1,14,4.29,2.3
1985,3,24,8,5.3,960.2,73.1,0,2.8,5.7,234,NA,NA,206,187,46,180,132,79,81,14,300,316,96,0.9,16,4.25,3.4
1985,3,24,9,5.7,960.2,69.2,0,3.6,6.9,232,NA,NA,368,268,177,339,315,114,116,14,296,321,96,0.5,16.1,4.13,3.5
1985,3,24,10,7.7,960.2,54.5,0,5.6,8.8,224,NA,NA,726,257,716,497,733,140,140,14,313,339,96,-0.9,17.1,3.73,4
1985,3,24,11,10.2,959.7,45.4,0,5.6,10.7,212,NA,NA,705,194,725,254,738,133,125,14,326,351,96,-1.1,19.5,3.68,5.3
1985,3,24,12,10.3,959.2,41.4,0,5.5,10.4,214,NA,7,658,248,580,144,672,238,133,14,328,351,96,-2.2,18.9,3.38,5
1985,3,24,13,10.7,959.1,37.7,0,6.4,12.3,219,NA,NA,454,302,231,133,405,288,132,14,327,347,96,-3.1,18.7,3.16,4.9
1985,3,24,14,10.2,959,40.8,0,7.1,12.8,229,NA,NA,296,257,68,110,221,228,109,14,324,341,96,-2.5,18.6,3.31,4.8
1985,3,24,15,6.7,959.7,62.5,0.1,6.9,16.4,247,NA,NA,56,56,0,28,26,24,28,14,312,323,96,0.1,16.8,4,3.9
1985,3,24,16,6.7,960,69.8,0,1.4,4.4,285,NA,NA,70,70,0,33,34,35,33,14,314,323,96,1.6,18,4.47,4.4
1985,3,24,17,6.4,960.3,72.8,0,1.3,2.7,90,NA,NA,32,32,0,15,15,16,15,14,286,304,94,1.9,17.9,4.56,4.4
1985,3,24,18,4.9,961,80,0,1.5,2.8,20,NA,7,1,0,0,0,0,0,0,14,283,300,94,1.7,16.2,4.52,3.5
1985,3,24,19,5.4,961.6,79.2,0,1.5,5.1,21,NA,NA,0,0,0,0,0,0,0,14,282,301,94,2.1,17,4.63,3.9
1985,3,24,20,5.1,962.3,81.8,0.2,2.6,7,7,NA,NA,0,0,0,0,0,0,0,14,324,324,94,2.3,16.9,4.68,3.8
1985,3,24,21,4.3,963.1,90.3,2.4,2.1,9.9,295,NA,NA,0,0,0,0,0,0,0,14,320,320,94,2.9,16.5,4.88,3.7
1985,3,24,22,3.2,963.3,95.5,0,1.2,3.2,59,NA,NA,0,0,0,0,0,0,0,14,310,310,94,2.6,15.2,4.77,2.9
1985,3,24,23,1.8,963.6,97.9,0,1.2,3.3,45,NA,NA,1,0,0,0,0,0,0,14,254,277,94,1.5,12.9,4.43,1.7
1985,3,25,0,2.7,963.7,94.1,0,0.4,2,18,NA,NA,0,0,0,0,0,0,0,14,255,280,94,1.8,14.1,4.54,2.3
1985,3,25,1,2.3,963.7,96.5,0,1.5,3.3,42,NA,NA,2,0,0,0,0,0,0,14,255,281,94,1.8,13.6,4.52,2.1
1985,3,25,2,2.2,963.3,95.7,0,1.6,2.8,32,NA,NA,1,0,0,0,0,0,0,14,251,278,94,1.6,13.3,4.45,1.9
1985,3,25,3,0.6,962.8,99.4,0,1.1,2.1,26,NA,NA,1,0,0,0,0,0,0,14,287,292,94,0.5,10.9,4.12,0.6
1985,3,25,4,0.8,962.6,97.2,0,1,2.4,246,NA,NA,0,0,0,0,0,0,0,14,291,293,94,0.4,11,4.09,0.6
1985,3,25,5,1.5,962.8,97.2,0,1,2.4,234,NA,NA,3,0,0,0,0,0,0,14,259,286,96,1.1,12.3,4.3,1.3
1985,3,25,6,0.8,963.3,98.4,0,1.1,2.6,254,NA,2,25,25,0,11,12,12,12,14,251,283,96,0.6,11.1,4.14,0.7
1985,3,25,7,0.8,963.3,99,0,0.5,1.4,342,NA,NA,99,99,1,64,50,43,45,14,253,285,96,0.7,11.2,4.16,0.8
1985,3,25,8,2.2,963.2,100,0,0.3,1.4,36,NA,NA,270,191,179,343,219,87,88,14,294,311,96,2.2,13.9,4.66,2.2
1985,3,25,9,5.5,963.1,79.1,0,0.5,2.4,245,NA,NA,538,203,589,585,534,115,116,14,303,324,96,2.2,17.2,4.65,4
1985,3,25,10,7.2,962.3,64.5,0,1.1,2.7,114,NA,NA,546,325,335,355,493,141,142,14,312,333,96,1,17.9,4.26,4.5
1985,3,25,11,10,961.7,54.1,0,0.9,5,110,NA,NA,688,233,642,253,701,141,132,14,287,330,94,1.2,20.9,4.32,6
1985,3,25,12,12.8,960.1,36.3,0,4.6,9.8,221,NA,6,678,258,591,147,682,244,136,14,290,332,94,-1.8,21.7,3.49,6.3
1985,3,25,13,14.1,959.3,30.3,0,6.7,13,207,NA,NA,543,328,324,143,489,343,143,14,293,334,94,-3.1,22.2,3.18,6.6
1985,3,25,14,14.2,959,32,0,8.6,14.2,217,NA,NA,508,157,610,102,516,554,102,14,291,333,94,-2.2,22.8,3.38,6.9
1985,3,25,15,13.5,959,33.7,0,7.4,14.3,213,NA,NA,187,181,13,79,112,140,79,14,290,325,94,-2.2,22.2,3.4,6.6
1985,3,25,16,12.5,959.9,37.4,0,7.2,12.1,225,NA,NA,36,36,0,18,16,13,18,14,286,319,94,-1.6,21.5,3.53,6.3
1985,3,25,17,11.2,960.1,46.2,0,6.8,10.9,234,NA,NA,11,11,0,6,5,3,5,14,284,316,94,0.1,21.4,4.01,6.2
1985,3,25,18,10.3,960.6,53,0,4.3,7.4,225,NA,8,1,0,0,0,0,0,0,14,285,312,94,1.1,21.3,4.33,6.1
1985,3,25,19,8.5,961.6,68,0,6.5,11.7,246,NA,NA,0,0,0,0,0,0,0,14,278,306,94,2.9,20.9,4.92,5.9
1985,3,25,20,6.4,962.7,83.9,1.4,7.3,11.3,244,NA,NA,2,0,0,0,0,0,0,14,287,306,94,3.9,19.6,5.25,5.2
1985,3,25,21,5.8,963.8,85.2,0.8,5.1,9.4,213,NA,NA,0,0,0,0,0,0,0,14,286,304,94,3.5,18.7,5.11,4.7
1985,3,25,22,5.4,963.4,83.5,1.7,5.5,14.6,191,NA,NA,0,0,0,0,0,0,0,14,285,303,94,2.8,17.6,4.87,4.2
1985,3,25,23,6,964.1,78.6,0,3.7,7.9,232,NA,NA,0,0,0,0,0,0,0,14,304,312,94,2.6,18,4.78,4.5
1985,3,26,0,5.8,963.9,81,0,2.5,5.3,260,NA,NA,1,0,0,0,0,0,0,14,303,310,94,2.8,18,4.86,4.4
1985,3,26,1,5.8,963.8,79.9,0,4,9.3,258,NA,NA,2,0,0,0,0,0,0,14,303,311,94,2.6,17.8,4.79,4.3
1985,3,26,2,5.3,963.4,82.6,0.2,4.5,6.8,240,NA,NA,1,0,0,0,0,0,0,14,293,305,94,2.6,17.3,4.79,4.1
1985,3,26,3,5.1,963.6,81.9,0,3.4,6.7,241,NA,NA,1,0,0,0,0,0,0,14,289,301,94,2.3,16.8,4.68,3.8
1985,3,26,4,4.9,963.6,78.2,0,4.3,8.9,238,NA,NA,0,0,0,0,0,0,0,14,291,302,94,1.4,16,4.4,3.4
1985,3,26,5,5.3,963.6,75.7,0,4.5,7,245,NA,NA,1,0,0,0,0,0,0,14,293,310,96,1.4,16.3,4.38,3.6
1985,3,26,6,6.2,964,70.5,0,5.9,9.8,236,NA,7,16,16,0,5,7,8,8,14,295,314,96,1.2,17.1,4.34,4
1985,3,26,7,6.5,964.3,67.8,0,4.7,8.4,225,NA,NA,59,59,0,28,28,28,28,14,296,316,96,1,17.2,4.26,4.1
1985,3,26,8,8,964.3,64.3,0,4,8.7,250,NA,NA,115,115,0,62,57,52,53,14,314,329,96,1.7,19.3,4.48,5.1
1985,3,26,9,8.6,964.5,55.8,0,5.1,8.9,225,NA,NA,161,161,0,85,84,72,74,14,312,331,96,0.3,18.8,4.05,4.9
1985,3,26,10,8.8,963.6,53.5,0,5.3,9.1,227,NA,NA,325,296,43,183,219,123,125,14,315,338,96,-0.1,18.7,3.93,4.9
1985,3,26,11,11.1,962.6,46.8,0,5.9,9.8,240,NA,NA,602,275,458,234,582,146,137,14,287,334,96,0.2,21.3,4.02,6.2
1985,3,26,12,13,961.5,35.4,0,7.1,13.6,216,NA,6,689,229,644,141,697,244,131,14,295,342,96,-1.9,21.8,3.45,6.4
1985,3,26,13,14.1,960.4,32.9,0,7.9,14.8,218,NA,NA,556,260,442,131,531,366,130,14,292,340,96,-2,22.9,3.45,6.9
1985,3,26,14,13.7,959.4,33.5,0,6.5,12.8,217,NA,NA,266,245,35,106,171,177,106,14,289,333,96,-2.1,22.4,3.42,6.7
1985,3,26,15,11.8,958.9,36.9,0,6.8,11.3,231,NA,NA,110,110,0,52,54,56,51,14,276,323,96,-2.4,20.3,3.33,5.7
1985,3,26,16,12.3,958.9,40.3,0,6.3,10.2,236,NA,NA,67,67,0,32,32,33,32,14,295,328,96,-0.8,21.8,3.76,6.4
1985,3,26,17,13.5,959.1,40.9,0,7.4,12.1,220,NA,NA,46,44,20,21,25,58,22,14,324,342,96,0.5,24,4.13,7.4
1985,3,26,18,12.6,959.2,42.5,0,7.3,14.1,219,NA,7,0,0,0,0,0,0,0,14,313,335,96,0.2,22.9,4.04,6.9
1985,3,26,19,11.4,959.6,44.6,0,5,15.9,215,NA,NA,0,0,0,0,0,0,0,14,320,337,96,-0.2,21.3,3.92,6.2
1985,3,26,20,11.6,960.3,50,0,6.2,11,228,NA,NA,0,0,0,0,0,0,0,14,325,337,96,1.5,22.9,4.45,6.9
1985,3,26,21,9.7,959.8,67,0,5.1,12.6,224,NA,NA,0,0,0,0,0,0,0,14,321,330,96,3.9,23,5.27,6.9
1985,3,26,22,10.6,959.6,61.2,0,4.5,13.9,204,NA,NA,0,0,0,0,0,0,0,14,325,335,96,3.4,23.5,5.11,7.1
1985,3,26,23,10.9,958.9,53.8,0,5.4,12.1,209,NA,NA,0,0,0,0,0,0,0,14,351,351,96,1.9,22.5,4.58,6.7
1985,3,27,0,10.9,958.7,51.2,0,6.2,14.3,216,NA,NA,0,0,0,0,0,0,0,14,351,351,96,1.2,21.9,4.36,6.4
1985,3,27,1,10.2,958.2,54.9,0.1,6.1,10.1,232,NA,NA,0,0,0,0,0,0,0,14,349,349,96,1.5,21.5,4.46,6.2
1985,3,27,2,9.2,958.1,60.5,0,5.6,9.9,229,NA,NA,0,0,0,0,0,0,0,14,344,344,96,2,20.8,4.6,5.9
1985,3,27,3,7.6,958,71.6,0.2,4.4,7.8,229,NA,NA,0,0,0,0,0,0,0,14,335,335,96,2.8,19.9,4.89,5.4
1985,3,27,4,6.2,958.1,83.9,1,5.7,9.9,255,NA,NA,1,0,0,0,0,0,0,14,331,331,96,3.7,19.3,5.2,5
1985,3,27,5,5.3,958,86.5,0.6,4.2,8.4,217,NA,NA,1,0,0,0,0,0,0,14,301,314,96,3.2,18,5.04,4.3
1985,3,27,6,5,958.1,86.3,0,3.4,6.7,209,NA,8,15,15,0,4,7,7,7,14,308,317,96,2.9,17.4,4.92,4
1985,3,27,7,6.1,958.2,79.1,0,4.5,10.2,210,NA,NA,45,45,0,19,21,22,22,14,303,316,96,2.8,18.4,4.87,4.6
1985,3,27,8,7.3,958.4,72.2,0,5.3,9,205,NA,NA,155,153,4,95,82,67,69,14,330,332,96,2.6,19.5,4.83,5.1
1985,3,27,9,7.4,958.8,68.3,0,5.4,11.2,216,NA,NA,196,194,3,109,105,85,87,14,334,338,96,2,19,4.59,4.9
1985,3,27,10,8.2,959,70,0,4.5,10.4,210,NA,NA,333,300,49,187,224,125,127,14,345,346,96,3.1,20.7,4.97,5.8
1985,3,27,11,9.7,958.8,59.2,0,5.1,9.4,223,NA,NA,563,317,342,225,506,153,144,14,297,333,96,2.1,21.5,4.65,6.2
1985,3,27,12,10.2,958.7,46.6,0,6.2,10.9,254,NA,6,786,251,744,153,782,271,143,14,301,340,96,-0.7,19.8,3.78,5.4
1985,3,27,13,9,958.9,49.1,0,5,9.6,269,NA,NA,438,314,183,137,349,262,136,14,296,329,96,-1.1,18.3,3.68,4.7
1985,3,27,14,9.2,959,46.7,0,4.6,8.6,265,NA,NA,425,250,300,117,381,412,117,14,291,327,96,-1.6,18.2,3.54,4.6
1985,3,27,15,8.2,959,49.6,0,3.8,7.8,282,NA,NA,145,145,0,66,75,83,66,14,300,322,96,-1.7,17.1,3.52,4
1985,3,27,16,7.9,959.1,48.9,0,3.3,8.9,265,NA,NA,70,70,0,33,34,35,33,14,299,319,96,-2.2,16.5,3.4,3.7
1985,3,27,17,7.8,959.3,50.1,0,2.6,7,248,NA,NA,18,18,0,9,8,6,9,14,324,325,94,-1.9,16.5,3.45,3.8
1985,3,27,18,5.9,960,59.2,0,3,12,249,NA,7,1,0,0,0,0,0,0,14,307,314,94,-1.4,14.9,3.58,2.9
1985,3,27,19,3.8,959.9,82.5,0.2,1.6,7,211,NA,NA,0,0,0,0,0,0,0,14,312,312,94,1.1,14.6,4.31,2.6
1985,3,27,20,3.9,960.4,81.6,0.3,1.3,5.7,183,NA,NA,0,0,0,0,0,0,0,14,320,320,94,1,14.7,4.3,2.7
1985,3,27,21,4.5,960.7,75.4,0,1.3,5.7,358,NA,NA,0,0,0,0,0,0,0,14,322,322,94,0.5,14.9,4.14,2.8
1985,3,27,22,3.9,961.3,73.2,0,3.2,7.5,359,NA,NA,1,0,0,0,0,0,0,14,317,317,94,-0.5,13.6,3.85,2.1
1985,3,27,23,3.7,961.7,70.8,0,3,6.9,338,NA,NA,0,0,0,0,0,0,0,14,270,289,94,-1.1,12.9,3.67,1.8
1985,3,28,0,3.2,962.2,69.8,0,2.5,7,353,NA,NA,1,0,0,0,0,0,0,14,271,290,94,-1.8,11.9,3.49,1.2
1985,3,28,1,2.9,962.8,65.8,0,3.2,8.7,355,NA,NA,1,0,0,0,0,0,0,14,262,286,94,-2.9,10.9,3.21,0.7
1985,3,28,2,2.6,963.1,66.8,0,1.9,6.7,9,NA,NA,1,0,0,0,0,0,0,14,307,307,94,-2.9,10.6,3.19,0.5
1985,3,28,3,2.4,963.8,69.6,0,2.7,5.6,70,NA,NA,0,0,0,0,0,0,0,14,300,304,94,-2.6,10.6,3.28,0.5
1985,3,28,4,1,964.4,83.1,0,2.1,5.2,91,NA,NA,0,0,0,0,0,0,0,14,293,297,94,-1.5,9.8,3.54,0
1985,3,28,5,-0.1,965,95.3,0,0.8,2.5,72,NA,NA,0,0,0,0,0,0,0,14,250,268,94,-0.8,9.2,3.75,-0.4
1985,3,28,6,0.3,965.8,94.6,0,1,2.1,255,NA,2,95,59,281,376,57,32,38,14,258,277,94,-0.5,9.8,3.83,0
1985,3,28,7,2.8,966.2,77.3,0,0.8,4.8,90,NA,NA,221,115,352,503,180,65,68,14,263,290,94,-0.8,12.2,3.74,1.3
1985,3,28,8,3.5,966.6,61.7,0,3.5,8.2,54,NA,NA,428,151,605,695,397,94,94,14,261,296,94,-3.1,11.4,3.13,1
1985,3,28,9,3.2,967.4,61.8,0,5,8.9,45,NA,NA,418,248,290,408,372,115,116,14,261,297,94,-3.4,10.9,3.07,0.7
1985,3,28,10,4.7,967.5,53.1,0,4,7.9,60,NA,NA,667,181,718,452,664,119,119,14,266,305,94,-4,12.1,2.93,1.4
1985,3,28,11,6,967.5,46.6,0,3.8,7.2,68,NA,NA,750,153,825,249,757,125,119,14,261,310,94,-4.6,13.1,2.81,2
1985,3,28,12,5.9,967.7,44.6,0,4,7.4,43,NA,4,731,115,851,111,743,232,107,14,255,307,94,-5.2,12.6,2.67,1.7
1985,3,28,13,5.8,967.8,40.3,0,4.3,8.7,52,NA,NA,675,253,622,136,650,446,135,14,255,308,94,-6.6,11.8,2.4,1.3
1985,3,28,14,5.5,968.4,38.4,0,4.4,8.1,49,NA,NA,288,260,48,111,188,197,111,14,297,316,94,-7.5,11.1,2.23,0.9
1985,3,28,15,5,968.8,40,0,4.1,9,20,NA,NA,297,208,194,95,234,368,94,14,298,318,94,-7.5,10.7,2.25,0.6
1985,3,28,16,5.4,969.2,37.8,0,4.8,8.3,332,NA,NA,254,120,436,69,206,584,72,14,290,314,94,-7.8,10.9,2.18,0.8
1985,3,28,17,3.6,970,45.1,0,4.7,9.1,337,NA,NA,100,55,332,33,62,430,39,14,251,283,94,-7.2,9.4,2.29,-0.1
1985,3,28,18,2.1,970.7,49.8,0,2.8,7.4,349,NA,2,1,0,0,0,0,0,0,14,248,275,94,-7.3,7.8,2.28,-1.1
1985,3,28,19,2.1,971.4,52.2,0,0.9,2.9,86,NA,NA,0,0,0,0,0,0,0,14,251,265,94,-6.7,8.1,2.38,-0.9
1985,3,28,20,-0.2,971.8,63.5,0,0.4,1.6,297,NA,NA,0,0,0,0,0,0,0,14,218,252,94,-6.3,5.9,2.46,-2.2
1985,3,28,21,-0.9,972.4,68,0,0.4,2.5,337,NA,NA,0,0,0,0,0,0,0,14,220,252,94,-6.1,5.3,2.5,-2.6
1985,3,28,22,-1.3,973,72.4,0,0.4,1.5,221,NA,NA,0,0,0,0,0,0,0,14,218,248,94,-5.6,5.1,2.58,-2.7
1985,3,28,23,-1.6,973,74.7,0,0.6,2.2,226,NA,NA,0,0,0,0,0,0,0,14,219,249,94,-5.5,4.9,2.6,-2.9
1985,3,29,0,-2.5,973,78.3,0,0.5,1.8,238,NA,NA,0,0,0,0,0,0,0,14,219,248,94,-5.8,3.8,2.55,-3.6
1985,3,29,1,-1.8,973.1,79,0,0.5,1.9,229,NA,NA,0,0,0,0,0,0,0,14,220,246,94,-5,4.9,2.71,-2.9
1985,3,29,2,-2.5,973.4,85,0,0.3,3,218,NA,NA,0,0,0,0,0,0,0,14,215,243,94,-4.7,4.4,2.77,-3.2
1985,3,29,3,-3.3,973.2,87.6,0,0.3,1.3,249,NA,NA,0,0,0,0,0,0,0,14,217,243,94,-5.1,3.4,2.69,-3.9
1985,3,29,4,-3.4,973.1,89.1,0,0.2,1.1,245,NA,NA,1,0,0,0,0,0,0,14,214,242,94,-4.9,3.3,2.72,-3.9
1985,3,29,5,-3.5,973.4,89.9,0,0.7,1.5,221,NA,NA,5,0,0,0,0,0,0,14,216,243,94,-4.9,3.2,2.72,-4
1985,3,29,6,-2.7,973.7,89.2,0,0.9,1.6,245,NA,1,123,77,340,453,67,38,45,14,232,257,94,-4.2,4.4,2.87,-3.2
1985,3,29,7,0.7,973.5,75.1,0,0.5,2.2,304,NA,NA,296,86,686,788,251,66,68,14,246,273,94,-3.2,8.4,3.1,-0.7
1985,3,29,8,3.1,973.5,52.2,0,0.5,1.8,130,NA,NA,452,81,803,780,431,82,82,14,238,281,94,-5.7,9.5,2.55,0
1985,3,29,9,3.9,973.4,49.3,0,1.4,3.9,231,NA,NA,604,72,900,670,595,89,88,14,239,289,94,-5.7,10.3,2.55,0.4
1985,3,29,10,5.8,973,42,0,2.8,5.2,219,NA,NA,713,78,933,474,711,98,97,14,248,299,94,-6.1,12.1,2.49,1.4
1985,3,29,11,7.6,972.6,36.5,0,3.6,7.4,213,NA,NA,771,143,863,251,772,124,118,14,252,308,94,-6.3,13.8,2.44,2.4
1985,3,29,12,7.9,972,37.1,0,2.8,6.5,221,NA,6,731,208,718,138,722,252,129,14,252,312,94,-5.8,14.3,2.54,2.7
1985,3,29,13,8.8,971.1,37.5,0,2.6,6.5,228,NA,NA,585,320,389,143,525,375,142,14,261,315,94,-4.9,15.7,2.73,3.4
1985,3,29,14,10.2,970.4,36,0,2.7,5.4,230,NA,NA,513,256,433,125,456,504,125,14,271,319,94,-4.2,17.5,2.88,4.3
1985,3,29,15,9.8,969.9,36.2,0,3.3,5.7,243,NA,NA,338,210,275,99,280,458,99,14,273,316,94,-4.5,17,2.82,4
1985,3,29,16,9.9,969.7,35.9,0,2.8,5,237,NA,NA,173,140,107,64,116,259,66,14,270,308,94,-4.5,17,2.82,4.1
1985,3,29,17,8.7,969.9,39.3,0,2.5,4.4,239,NA,NA,61,55,47,26,34,111,30,14,278,305,94,-4.4,15.9,2.85,3.5
1985,3,29,18,7,970.1,44.5,0,2,4.6,233,NA,7,3,0,0,0,0,0,0,14,268,289,94,-4.3,14.2,2.87,2.6
1985,3,29,19,6.7,970.2,45,0,2.2,4.2,227,NA,NA,0,0,0,0,0,0,0,14,268,291,94,-4.4,13.9,2.84,2.4
1985,3,29,20,5.3,970.1,48.3,0,1.1,2.9,212,NA,NA,0,0,0,0,0,0,0,14,252,277,94,-4.7,12.3,2.77,1.5
1985,3,29,21,4.9,969.8,53.1,0,1.2,2.5,222,NA,NA,0,0,0,0,0,0,0,14,260,284,94,-3.8,12.3,2.96,1.6
1985,3,29,22,6,969.6,51.7,0,1.1,3.3,193,NA,NA,0,0,0,0,0,0,0,14,256,282,94,-3.2,13.8,3.12,2.4
1985,3,29,23,3.9,969.3,59.8,0,0.6,2,103,NA,NA,0,0,0,0,0,0,0,14,257,276,94,-3.2,11.7,3.11,1.2
1985,3,30,0,5.3,969,56.3,0,2,4.1,218,NA,NA,0,0,0,0,0,0,0,14,266,280,94,-2.7,13.4,3.23,2.1
1985,3,30,1,4.1,968.6,59.3,0,2.7,5.4,220,NA,NA,0,0,0,0,0,0,0,14,259,279,94,-3.1,12,3.13,1.3
1985,3,30,2,3.8,968.6,60.8,0,3.8,5.7,236,NA,NA,1,0,0,0,0,0,0,14,267,288,94,-3.1,11.7,3.15,1.1
1985,3,30,3,3.3,968.4,62.6,0,3.8,5.2,239,NA,NA,2,0,0,0,0,0,0,14,266,284,94,-3.1,11.1,3.13,0.9
1985,3,30,4,4,968.3,59.4,0,3.1,5,231,NA,NA,0,0,0,0,0,0,0,14,269,285,94,-3.2,11.8,3.12,1.2
1985,3,30,5,3.1,968.2,62.1,0,2.2,3.4,246,NA,NA,5,0,0,0,0,0,0,14,308,308,94,-3.4,10.8,3.06,0.6
1985,3,30,6,3.8,968.3,60.8,0,1.6,3.2,240,NA,7,82,56,188,282,49,31,37,14,308,308,94,-3.1,11.7,3.15,1.1
1985,3,30,7,6.9,968.1,51.6,0,3.4,7.2,237,NA,NA,282,109,553,691,227,70,73,14,334,335,94,-2.4,15.3,3.31,3.1
1985,3,30,8,9.7,968.1,41,0,5.6,8.6,225,NA,NA,285,212,154,342,217,93,95,14,313,329,94,-2.9,17.8,3.19,4.5
1985,3,30,9,10.6,968,36.8,0,6.3,9.2,239,NA,NA,576,258,534,572,512,129,130,14,324,345,94,-3.5,18.3,3.04,4.7
1985,3,30,10,13,967.8,31.5,0,5.7,9.9,225,NA,NA,299,273,39,164,192,117,119,14,331,347,94,-3.5,20.8,3.05,5.9
1985,3,30,11,13.8,967.4,29.9,0,6.1,10.4,223,NA,NA,764,328,595,276,705,169,157,14,290,341,94,-3.5,21.6,3.05,6.3
1985,3,30,12,14.8,966.9,29.7,0,6.5,11.2,243,NA,7,422,344,106,153,322,185,144,14,296,336,94,-2.7,23,3.23,7
1985,3,30,13,14.3,966.5,31.4,0,5.8,11.6,230,NA,NA,232,226,9,102,128,116,101,14,293,330,94,-2.4,22.7,3.31,6.9
1985,3,30,14,15.3,965.9,32.5,0,5.8,7.9,236,NA,NA,436,256,302,119,378,418,119,14,372,374,94,-1.1,24.6,3.66,7.7
1985,3,30,15,15.5,965.4,33.3,0,5.1,7.6,244,NA,NA,277,241,77,99,191,283,99,14,362,363,94,-0.6,25.2,3.8,8
1985,3,30,16,13.3,964.9,35.6,0,4.8,7.3,234,NA,NA,171,134,117,62,114,260,65,14,338,347,94,-1.6,22.3,3.52,6.6
1985,3,30,17,12.5,965,39.3,0,4.8,7,232,NA,NA,60,55,37,27,33,101,30,14,299,323,94,-1,21.9,3.69,6.4
1985,3,30,18,12,964.7,47.6,0,7.1,10.2,235,NA,7,3,0,0,0,0,0,0,14,292,320,94,1.2,23,4.33,7
1985,3,30,19,11.5,965,53.6,0,8.2,11.2,239,NA,NA,1,0,0,0,0,0,0,14,290,317,94,2.4,23.5,4.72,7.2
1985,3,30,20,10.5,965,58.4,0,7.9,11.8,239,NA,NA,1,0,0,0,0,0,0,14,307,323,94,2.7,22.7,4.81,6.8
1985,3,30,21,8,965.4,67.8,0,7.6,10.7,238,NA,NA,1,0,0,0,0,0,0,14,300,317,94,2.4,19.9,4.72,5.4
1985,3,30,22,6.9,965.2,73.2,0,5.2,7.4,244,NA,NA,1,0,0,0,0,0,0,14,298,316,94,2.4,18.8,4.73,4.8
1985,3,30,23,8.5,964.8,68.5,0,5.7,8.9,237,NA,NA,1,0,0,0,0,0,0,14,290,310,94,3,21,4.94,5.9
1985,3,31,0,8.6,965,67.8,0,6.3,9.3,226,NA,NA,1,0,0,0,0,0,0,14,286,308,94,3,21,4.92,6
1985,3,31,1,7.6,965.2,69.1,0,5.6,8,223,NA,NA,1,0,0,0,0,0,0,14,284,307,94,2.3,19.4,4.68,5.2
1985,3,31,2,7.5,964.5,68.5,0,6.6,9.9,223,NA,NA,1,0,0,0,0,0,0,14,292,310,94,2.1,19.1,4.61,5
1985,3,31,3,6.8,964.1,69.5,0,8.1,11.4,226,NA,NA,0,0,0,0,0,0,0,14,288,308,94,1.6,18,4.46,4.5
1985,3,31,4,6.4,964.7,69.4,0,6.7,11.1,223,NA,NA,0,0,0,0,0,0,0,14,277,301,94,1.2,17.3,4.33,4.1
1985,3,31,5,6.2,964.9,69.6,0,2.7,7.2,220,NA,NA,4,0,0,0,0,0,0,14,284,300,94,1.1,17,4.28,4
1985,3,31,6,7.4,965.8,64,0,6.7,11.3,220,NA,7,45,45,0,27,22,20,21,14,309,319,94,1,18.2,4.27,4.6
1985,3,31,7,8.1,966.9,59.3,0,6.5,11.1,221,NA,NA,69,69,0,34,33,32,33,14,316,325,94,0.7,18.6,4.15,4.8
1985,3,31,8,7.6,967.7,64,0.2,4.7,11,218,NA,NA,61,61,0,27,29,29,30,14,310,320,94,1.2,18.5,4.32,4.7
1985,3,31,9,8.5,968.4,66.5,0,7.1,11.3,238,NA,NA,207,202,9,116,112,89,91,14,318,328,94,2.6,20.5,4.77,5.8
1985,3,31,10,11.9,968.3,55.2,0,7.6,12.5,223,NA,NA,493,303,275,310,417,135,136,14,340,351,94,3.2,24.5,4.98,7.7
1985,3,31,11,12.7,968.8,49.8,0,7.4,12.6,219,NA,NA,283,270,17,134,174,121,119,14,357,357,94,2.5,24.7,4.73,7.8
1985,3,31,12,12.9,969.1,50.3,0,7.3,14,221,NA,7,341,315,35,140,222,154,134,14,352,356,94,2.8,25.2,4.84,8
1985,3,31,13,11.7,970.2,59.4,0,7.1,12.9,239,NA,NA,62,62,0,31,29,29,31,14,339,343,94,4.1,25.1,5.28,7.9
1985,3,31,14,12.9,970.4,60.3,0,5.6,11.9,238,NA,NA,327,264,105,115,235,255,115,14,353,356,94,5.4,27.6,5.8,9
1985,3,31,15,16,970.8,47.5,0,1.3,4.1,229,NA,NA,311,212,208,97,237,384,97,14,350,360,94,4.9,30.2,5.58,10.2
1985,3,31,16,13.7,971,52.6,0,1.2,3.7,238,NA,NA,124,118,16,53,66,102,54,14,330,340,94,4.1,27.1,5.29,8.8
1985,3,31,17,12.1,971.3,56.6,0,2,4.2,239,NA,NA,68,48,141,28,41,223,33,14,306,321,94,3.6,25,5.09,7.9
1985,3,31,18,9.8,971.5,64.8,0,0.4,1.3,137,NA,7,0,0,0,0,0,0,0,14,291,309,94,3.1,22.3,4.94,6.6
1985,3,31,19,8,971.7,70.2,0,0.6,3,355,NA,NA,0,0,0,0,0,0,0,14,278,297,94,2.7,20.1,4.78,5.5
1985,3,31,20,7,971.7,72.2,0,0.6,1.8,27,NA,NA,0,0,0,0,0,0,0,14,279,296,94,2.2,18.7,4.62,4.8
1985,3,31,21,6.2,971.6,73.9,0,0.4,1.4,32,NA,NA,0,0,0,0,0,0,0,14,280,295,94,1.9,17.6,4.51,4.3
1985,3,31,22,5.6,971.4,74.4,0,0.4,1.5,270,NA,NA,0,0,0,0,0,0,0,14,283,296,94,1.4,16.6,4.36,3.7
1985,3,31,23,5.5,971.1,73.8,0,0.4,1.4,220,NA,NA,0,0,0,0,0,0,0,14,286,299,94,1.2,16.2,4.29,3.6
1986,4,1,0,5.4,970.7,72.5,0,4.3,9.8,247,NA,NA,0,0,0,0,0,0,0,14,290,301,96,0.9,16,4.2,3.4
1986,4,1,1,5.3,970.4,72.3,0,3.5,8.5,282,NA,NA,0,0,0,0,0,0,0,14,289,301,96,0.7,15.7,4.14,3.3
1986,4,1,2,5,970.3,73.3,0,1.8,5.7,186,NA,NA,0,0,0,0,0,0,0,14,285,298,96,0.5,15.3,4.1,3
1986,4,1,3,4.9,970.1,74.3,0,1.7,4.2,219,NA,NA,0,0,0,0,0,0,0,14,280,296,96,0.6,15.2,4.12,3
1986,4,1,4,4.4,970.1,76.3,0,0.7,2.9,191,NA,NA,0,0,0,0,0,0,0,14,269,290,96,0.5,14.6,4.09,2.7
1986,4,1,5,4.4,970.2,76.9,0,0.7,1.7,221,NA,NA,7,0,0,0,0,0,0,14,266,289,96,0.7,14.8,4.14,2.8
1986,4,1,6,4.2,970.2,79.8,0,0.6,1.5,255,NA,1,96,47,323,412,54,32,38,14,265,291,96,1,14.8,4.23,2.8
1986,4,1,7,5.9,970.2,72.2,0,1.3,3.2,226,NA,NA,274,74,619,707,219,61,63,14,273,302,96,1,16.5,4.25,3.7
1986,4,1,8,8.3,970.2,61.4,0,3.3,6.5,221,NA,NA,459,110,731,752,412,88,88,14,292,321,96,1.3,19.2,4.34,5.1
1986,4,1,9,9.4,970,50.6,0,4.2,7.4,223,NA,NA,548,202,572,565,501,116,116,14,288,324,96,-0.3,19.1,3.85,5.1
1986,4,1,10,10.6,969.4,44.8,0,3.8,9,210,NA,NA,728,152,829,477,697,118,118,14,293,331,96,-0.9,20,3.69,5.5
1986,4,1,11,11.5,968.8,43.9,0,5.1,8.9,207,NA,NA,793,87,953,236,768,108,105,14,287,332,96,-0.3,21.3,3.85,6.2
1986,4,1,12,12.8,968.1,41.8,0,6.5,10.6,211,NA,1,791,89,949,108,765,241,105,14,298,339,96,0.2,22.9,3.99,7
1986,4,1,13,13.9,967.6,40,0,6.5,10.6,220,NA,NA,731,126,872,111,702,484,111,14,294,338,96,0.5,24.4,4.11,7.6
1986,4,1,14,14,967.3,36.4,0,5.9,11.6,221,NA,NA,594,161,717,109,551,631,109,14,297,340,96,-0.7,23.6,3.76,7.3
1986,4,1,15,14.4,967.3,33.6,0,6.1,10.9,218,NA,NA,471,83,815,84,424,791,84,14,291,335,96,-1.4,23.5,3.56,7.2
1986,4,1,16,13.8,967.8,32.9,0,5.7,9.6,208,NA,NA,281,93,586,67,220,700,70,14,290,329,96,-2.2,22.3,3.35,6.7
1986,4,1,17,12.1,967.8,34.7,0,4.9,9.2,233,NA,NA,80,59,142,33,47,239,39,14,314,329,94,-3,20.1,3.16,5.6
1986,4,1,18,11.2,967.6,38.5,0,1,2.6,237,NA,7,5,0,0,0,0,0,0,14,309,320,94,-2.4,19.6,3.31,5.4
1986,4,1,19,9.4,967.8,49.5,0,0.5,1.8,243,NA,NA,2,0,0,0,0,0,0,14,305,316,94,-0.6,18.9,3.77,5
1986,4,1,20,9,967.8,58.7,0,1.3,1.9,13,NA,NA,6,0,0,0,0,0,0,14,306,317,94,1.4,20,4.36,5.5
1986,4,1,21,8.5,967.9,62.5,0,0.7,1.5,70,NA,NA,0,0,0,0,0,0,0,14,306,316,94,1.8,19.8,4.49,5.4
1986,4,1,22,8,967.9,67.5,0,0.3,1.5,135,NA,NA,0,0,0,0,0,0,0,14,303,311,94,2.4,19.8,4.69,5.4
1986,4,1,23,7.2,967.7,73.4,0,0.5,1.5,32,NA,NA,1,0,0,0,0,0,0,14,301,310,94,2.8,19.4,4.83,5.2
1986,4,2,0,7.1,967.6,72.3,0,0.9,2.3,20,NA,NA,2,0,0,0,0,0,0,14,300,310,94,2.5,19,4.72,5
1986,4,2,1,7.3,967,69.3,0,1.4,3.1,44,NA,NA,0,0,0,0,0,0,0,14,302,312,94,2.1,18.9,4.59,4.9
1986,4,2,2,7.8,967.4,65.1,0,1.4,3.6,54,NA,NA,2,0,0,0,0,0,0,14,310,317,94,1.7,19,4.46,5
1986,4,2,3,6.6,967.1,79.4,0.2,0.5,2,355,NA,NA,0,0,0,0,0,0,0,14,307,313,94,3.3,19.2,5.01,5.1
1986,4,2,4,6,967.1,89.9,0,0.5,1.4,308,NA,NA,0,0,0,0,0,0,0,14,305,311,94,4.5,19.7,5.45,5.3
1986,4,2,5,5.2,967.1,92.1,0,0.2,0.9,354,NA,NA,5,0,0,0,0,0,0,14,266,289,96,4,18.5,5.28,4.6
1986,4,2,6,6.1,967,82.4,0,0.8,2.5,55,NA,4,78,61,114,203,43,31,37,14,270,298,96,3.3,18.7,5.03,4.8
1986,4,2,7,7.5,966.5,64.2,0,2,4.4,56,NA,NA,230,133,294,451,162,68,72,14,275,308,96,1.2,18.4,4.31,4.7
1986,4,2,8,8.9,966.4,58.7,0,3,5,39,NA,NA,430,151,577,667,372,94,95,14,281,318,96,1.3,19.9,4.34,5.5
1986,4,2,9,9.6,966,56.9,0,2.4,5.3,57,NA,NA,530,199,543,543,479,114,114,14,283,325,96,1.5,20.7,4.41,5.9
1986,4,2,10,10.8,965.1,53.2,0,2.1,4.2,95,NA,NA,694,190,720,453,653,123,123,14,286,334,96,1.7,22.1,4.47,6.6
1986,4,2,11,11.5,964,49.7,0,1.9,4.1,95,NA,NA,636,360,370,244,544,168,158,14,285,336,96,1.4,22.6,4.38,6.8
1986,4,2,12,13,962.9,46.9,0,1.3,3.3,44,NA,6,604,333,364,162,517,235,151,14,301,343,94,1.9,24.6,4.57,7.7
1986,4,2,13,13.2,961.6,47,0,2.6,4.5,101,NA,NA,632,261,532,136,567,410,136,14,300,343,94,2.1,25,4.65,7.9
1986,4,2,14,13.7,960.7,45.8,0,1.3,3.2,75,NA,NA,290,263,45,113,183,195,113,14,302,338,94,2.2,25.6,4.68,8.1
1986,4,2,15,12,960.5,50.1,0,1.8,3.8,100,NA,NA,155,155,1,70,80,90,70,14,290,325,94,1.9,23.6,4.58,7.2
1986,4,2,16,12.6,959.5,55.8,0,1.5,7.5,275,NA,NA,65,65,0,31,31,30,31,14,294,322,94,4,26.1,5.32,8.3
1986,4,2,17,10.8,959.1,60.3,0,1.8,4,78,NA,NA,33,33,0,16,16,14,16,14,335,338,94,3.4,23.7,5.1,7.2
1986,4,2,18,10.2,959.4,64.3,0,0.4,2.8,21,NA,8,2,0,0,0,0,0,0,14,331,331,94,3.8,23.4,5.23,7.1
1986,4,2,19,9.5,959.5,73.3,0,0.4,1.6,267,NA,NA,0,0,0,0,0,0,0,14,331,331,94,5,23.9,5.69,7.3
1986,4,2,20,10,959.7,73.9,0,0.7,2.7,186,NA,NA,0,0,0,0,0,0,0,14,302,318,94,5.6,25,5.93,7.8
1986,4,2,21,11,959.6,69.8,0.2,3.8,13.1,212,NA,NA,0,0,0,0,0,0,0,14,300,319,94,5.7,26.2,5.99,8.3
1986,4,2,22,9.5,959.3,80.8,0.8,4.5,11.4,218,NA,NA,0,0,0,0,0,0,0,14,298,316,94,6.4,25.4,6.28,7.9
1986,4,2,23,9,958.6,88.2,1.4,2,5.1,189,NA,NA,0,0,0,0,0,0,0,14,321,327,94,7.2,25.7,6.64,8.1
1986,4,3,0,8.6,957.4,92.9,1.8,2.5,4.1,233,NA,NA,1,0,0,0,0,0,0,14,320,326,94,7.5,25.8,6.81,8
1986,4,3,1,8.5,956.7,94.2,0.6,0.9,2.1,183,NA,NA,0,0,0,0,0,0,0,14,320,325,94,7.6,25.8,6.87,8
1986,4,3,2,8.6,956.6,94.4,0.5,0.9,3.1,190,NA,NA,1,0,0,0,0,0,0,14,321,326,94,7.8,26.1,6.93,8.2
1986,4,3,3,8.8,956.5,90.6,0.8,2,5,198,NA,NA,0,0,0,0,0,0,0,14,320,326,94,7.3,25.8,6.74,8
1986,4,3,4,8.7,956.3,89.9,1.1,1.6,3.7,188,NA,NA,2,0,0,0,0,0,0,14,321,326,94,7.1,25.5,6.65,7.9
1986,4,3,5,8.4,955.8,92,1,1.5,3.2,72,NA,NA,2,0,0,0,0,0,0,14,319,329,96,7.2,25.2,6.67,7.8
1986,4,3,6,8.3,955.8,95.6,0.5,1.3,2.6,16,NA,8,10,10,0,2,5,5,5,14,318,329,96,7.6,25.7,6.88,7.9
1986,4,3,7,8,955.6,96.3,0.6,1.8,3.6,49,NA,NA,21,21,0,7,9,10,10,14,317,328,96,7.4,25.1,6.79,7.7
1986,4,3,8,8,956.6,96.3,4.4,0.6,2.5,76,NA,NA,18,18,0,7,8,9,9,14,341,341,96,7.4,25.1,6.79,7.7
1986,4,3,9,8.4,956.3,96.1,3.4,0.6,1.8,57,NA,NA,53,53,0,24,24,26,26,14,344,344,96,7.8,26,6.96,8.1
1986,4,3,10,8.7,956.2,96.1,2.2,0.6,1.7,8,NA,NA,46,46,0,22,22,23,23,14,345,345,96,8.1,26.6,7.11,8.4
1986,4,3,11,8.9,956.1,96.3,3.1,1.6,3.3,220,NA,NA,60,60,0,29,28,29,30,14,331,337,96,8.3,27.1,7.22,8.6
1986,4,3,12,8.9,956.5,92.6,3,4.2,8.1,210,NA,8,69,69,0,34,33,33,34,14,328,336,96,7.8,26.4,6.94,8.3
1986,4,3,13,7.6,957.8,83.4,1.3,3.5,7.6,198,NA,NA,50,50,0,25,24,24,25,14,318,327,96,5,22,5.7,6.3
1986,4,3,14,6.2,959.3,83.6,1.1,5.2,11.7,184,NA,NA,55,55,0,27,25,25,27,14,285,308,96,3.6,19.2,5.18,5
1986,4,3,15,5.3,960.9,83.8,1.3,5.3,11.3,193,NA,NA,39,39,0,20,18,16,20,14,283,305,96,2.8,17.5,4.87,4.2
1986,4,3,16,4.9,962.1,84.8,0.6,4.6,9.1,200,NA,NA,34,34,0,17,16,12,17,14,282,303,96,2.6,16.9,4.78,3.9
1986,4,3,17,4.7,962.8,86.4,0.2,3.6,6.9,195,NA,NA,21,21,0,10,10,7,10,14,298,310,96,2.6,16.8,4.8,3.8
1986,4,3,18,4.6,963.2,85.6,0,3,4.6,226,NA,8,7,0,0,0,0,0,0,14,298,310,96,2.4,16.5,4.72,3.6
1986,4,3,19,4.6,963.6,84.1,0,2.1,4.8,220,NA,NA,0,0,0,0,0,0,0,14,298,309,96,2.2,16.2,4.64,3.5
1986,4,3,20,4.6,963.6,84.6,0,2.1,4.1,209,NA,NA,1,0,0,0,0,0,0,14,315,316,96,2.2,16.3,4.67,3.5
1986,4,3,21,4.4,963.9,83.6,0,2.8,4.8,219,NA,NA,0,0,0,0,0,0,0,14,313,315,96,1.9,15.8,4.54,3.3
1986,4,3,22,3.9,963.9,85.5,0,1.4,3,213,NA,NA,0,0,0,0,0,0,0,14,310,310,96,1.7,15.2,4.49,2.9
1986,4,3,23,2.9,964.1,91.6,0,0.7,2.2,338,NA,NA,1,0,0,0,0,0,0,14,274,291,96,1.7,14.1,4.48,2.4
1986,4,4,0,3,964.3,93.5,0,0.4,1.2,332,NA,NA,0,0,0,0,0,0,0,14,275,295,96,2.1,14.5,4.6,2.6
1986,4,4,1,3.2,964.4,94.3,0,0.5,1.4,225,NA,NA,1,0,0,0,0,0,0,14,276,296,96,2.4,15,4.71,2.8
1986,4,4,2,3.2,964.5,94.4,0,0.4,1.2,326,NA,NA,1,0,0,0,0,0,0,14,299,305,96,2.4,15,4.71,2.8
1986,4,4,3,3.3,964.5,93.7,0,1.2,3.5,354,NA,NA,0,0,0,0,0,0,0,14,301,307,96,2.4,15.1,4.71,2.9
1986,4,4,4,3.2,964.6,87.2,0,1.1,2.5,32,NA,NA,0,0,0,0,0,0,0,14,297,302,96,1.3,14.1,4.35,2.4
1986,4,4,5,2.3,965,89.5,0,0.3,1,310,NA,NA,8,0,0,0,0,0,0,14,296,299,96,0.8,12.8,4.19,1.7
1986,4,4,6,2.8,965.4,88.3,0,0.5,1.5,257,NA,6,66,62,23,82,33,28,31,14,299,305,96,1.1,13.5,4.28,2.1
1986,4,4,7,4.3,965.7,72.5,0,1.7,4.4,27,NA,NA,202,151,150,314,128,68,73,14,307,314,96,-0.2,14.1,3.9,2.4
1986,4,4,8,5.9,965.9,60.3,0,3.9,6.8,46,NA,NA,454,147,623,697,381,95,95,14,262,298,96,-1.2,15,3.63,3
1986,4,4,9,6.8,965.9,54.3,0,4.4,8.3,58,NA,NA,618,160,739,637,553,111,110,14,268,307,96,-1.8,15.6,3.47,3.3
1986,4,4,10,7.3,965.7,53,0,4.5,8.5,46,NA,NA,676,250,601,432,608,134,134,14,267,311,96,-1.6,16.1,3.51,3.6
1986,4,4,11,7.9,965.5,49.9,0,4.8,8.2,37,NA,NA,780,188,785,250,728,136,127,14,279,322,96,-1.9,16.6,3.44,3.8
1986,4,4,12,8.8,965.4,46.5,0,3.7,7.8,49,NA,3,805,193,812,138,750,269,131,14,285,327,96,-2,17.4,3.41,4.3
1986,4,4,13,8.8,965.1,44.2,0,4,7.3,47,NA,NA,631,315,447,146,541,402,145,14,280,324,96,-2.7,17,3.24,4
1986,4,4,14,9.5,964.9,41.9,0,4,7.5,47,NA,NA,639,167,766,114,568,671,114,14,284,326,96,-2.8,17.7,3.22,4.4
1986,4,4,15,9.3,964.8,41.4,0,4.8,8.3,43,NA,NA,478,85,805,85,407,784,85,14,281,322,96,-3.1,17.2,3.14,4.2
1986,4,4,16,8.9,964.8,41.4,0,5.3,8,43,NA,NA,283,105,537,70,205,669,74,14,279,315,96,-3.5,16.6,3.06,3.9
1986,4,4,17,7.9,964.9,44.8,0,4.7,7.3,38,NA,NA,74,62,76,32,40,165,38,14,265,297,94,-3.3,15.7,3.09,3.4
1986,4,4,18,6.7,965.3,51.8,0,3.6,6.4,28,NA,2,4,0,0,0,0,0,0,14,262,292,94,-2.5,15,3.29,3
1986,4,4,19,6.2,965.8,54.8,0,3.4,7.8,19,NA,NA,0,0,0,0,0,0,0,14,263,292,94,-2.2,14.7,3.36,2.8
1986,4,4,20,6.2,966,55.2,0,5,8.6,29,NA,NA,0,0,0,0,0,0,0,14,329,329,94,-2.1,14.7,3.39,2.8
1986,4,4,21,5.7,966.1,58.5,0,4.1,7.1,21,NA,NA,0,0,0,0,0,0,0,14,325,325,94,-1.8,14.4,3.47,2.6
1986,4,4,22,5.4,966.2,59.3,0,3.2,6.2,20,NA,NA,0,0,0,0,0,0,0,14,326,326,94,-1.9,14.1,3.44,2.4
1986,4,4,23,5.3,966.3,60.1,0,2.7,5.7,22,NA,NA,0,0,0,0,0,0,0,14,325,325,94,-1.8,14,3.46,2.4
1986,4,5,0,5.2,966.2,62.1,0,1.7,3.9,42,NA,NA,0,0,0,0,0,0,0,14,324,324,94,-1.5,14.1,3.56,2.5
1986,4,5,1,4.5,966.1,67.6,0,0.8,3,21,NA,NA,0,0,0,0,0,0,0,14,321,321,94,-1,13.8,3.69,2.2
1986,4,5,2,4.3,965.8,69,0,0.8,2.4,6,NA,NA,0,0,0,0,0,0,0,14,285,297,94,-0.9,13.6,3.71,2.2
1986,4,5,3,4.5,966.1,66.3,0,2.6,5.7,45,NA,NA,0,0,0,0,0,0,0,14,284,299,94,-1.2,13.6,3.62,2.2
1986,4,5,4,4.4,966,67.6,0,3,5.8,41,NA,NA,0,0,0,0,0,0,0,14,284,299,94,-1.1,13.6,3.66,2.2
1986,4,5,5,4.4,966.6,67.8,0,2.9,5.4,41,NA,NA,4,0,0,0,0,0,0,14,322,322,94,-1,13.6,3.67,2.2
1986,4,5,6,4.6,966.8,66.3,0,3.1,6,41,NA,8,37,37,0,17,18,17,18,14,322,322,94,-1.1,13.7,3.64,2.3
1986,4,5,7,4.4,967,69,0,3.9,7.3,36,NA,NA,49,49,0,21,23,24,24,14,320,320,94,-0.8,13.8,3.73,2.3
1986,4,5,8,3.8,967.4,78.1,0,4.2,7.1,40,NA,NA,82,82,0,39,39,39,40,14,292,302,94,0.3,14,4.05,2.3
1986,4,5,9,3.9,967.5,82.4,0.1,3.9,6.9,44,NA,NA,152,152,0,79,77,69,71,14,294,304,94,1.2,14.7,4.31,2.7
1986,4,5,10,3.9,967.5,84.8,0.2,3.9,7.2,48,NA,NA,171,171,0,85,87,78,79,14,293,304,94,1.6,15,4.43,2.9
1986,4,5,11,3.5,967.7,89.7,0.3,4.5,7.2,43,NA,NA,189,189,1,91,98,86,87,14,301,311,96,2,14.9,4.56,2.8
1986,4,5,12,3.6,967.8,90.3,0.6,4.1,6.3,40,NA,8,160,159,0,76,81,75,75,14,302,311,96,2.2,15.2,4.62,3
1986,4,5,13,3.6,967.6,89.5,0.3,3.8,6,48,NA,NA,177,177,0,82,91,86,82,14,302,312,96,2,15.1,4.58,2.9
1986,4,5,14,3.8,967.6,88.4,0.1,4.2,7.3,42,NA,NA,144,144,0,68,72,72,67,14,302,312,96,2.1,15.3,4.59,3.1
1986,4,5,15,3.6,967.8,89.3,0.3,4.2,7.1,44,NA,NA,93,93,0,45,45,44,44,14,301,310,96,2,15.1,4.57,2.9
1986,4,5,16,3.2,967.9,90.8,0.4,4.5,7.3,43,NA,NA,54,54,0,26,25,23,26,14,299,307,96,1.8,14.5,4.52,2.6
1986,4,5,17,3,967.9,91.3,0.5,4.5,7.9,33,NA,NA,18,18,0,9,8,5,8,14,290,302,96,1.7,14.2,4.48,2.4
1986,4,5,18,2.7,967.9,91.9,0.3,4,6.6,28,NA,8,1,0,0,0,0,0,0,14,289,301,96,1.5,13.7,4.41,2.2
1986,4,5,19,2.5,968.2,91.2,0.3,4.8,8.6,27,NA,NA,0,0,0,0,0,0,0,14,287,300,96,1.2,13.3,4.31,1.9
1986,4,5,20,2.1,967.9,93.2,0.5,4.5,7.5,23,NA,NA,0,0,0,0,0,0,0,14,286,298,96,1.1,12.8,4.28,1.7
1986,4,5,21,2.1,967.4,93.2,0.3,4.1,6.5,24,NA,NA,0,0,0,0,0,0,0,14,286,299,96,1.1,12.8,4.29,1.7
1986,4,5,22,2.2,967.1,91.9,0.4,3.5,5.6,26,NA,NA,0,0,0,0,0,0,0,14,286,298,96,1,12.9,4.26,1.7
1986,4,5,23,1.7,966.9,93.1,0.9,3.2,5.3,22,NA,NA,1,0,0,0,0,0,0,14,308,308,96,0.7,12.1,4.16,1.3
1986,4,6,0,0.9,966.7,96.3,1.1,1.4,3.6,8,NA,NA,0,0,0,0,0,0,0,14,305,305,96,0.4,11.1,4.07,0.7
1986,4,6,1,0.7,966.2,97.4,1.2,1.1,2.3,18,NA,NA,0,0,0,0,0,0,0,14,304,304,96,0.3,10.8,4.05,0.5
1986,4,6,2,0.7,966,97.3,1.3,1.1,2.2,26,NA,NA,1,0,0,0,0,0,0,14,304,304,96,0.3,10.8,4.05,0.5
1986,4,6,3,0.6,965.7,97.3,1.1,0.7,1.4,29,NA,NA,0,0,0,0,0,0,0,14,305,305,96,0.2,10.6,4.02,0.4
1986,4,6,4,0.7,965.7,97,0.5,0.6,1.3,360,NA,NA,0,0,0,0,0,0,0,14,305,305,96,0.3,10.8,4.04,0.5
1986,4,6,5,0.8,965.7,96.9,0.3,0.3,1.2,357,NA,NA,3,3,0,1,2,2,2,30,305,305,96,0.4,11,4.07,0.6
1986,4,6,6,0.9,965.6,96.9,0.4,0.7,3,22,NA,8,22,22,0,9,12,12,12,30,306,306,96,0.5,11.1,4.1,0.7
1986,4,6,7,1.3,965.6,97.4,0,0.6,2.6,342,NA,NA,58,58,0,31,32,32,33,30,309,309,96,0.9,11.9,4.24,1.1
1986,4,6,8,1.8,965.5,97.9,0.1,0.4,2,241,NA,NA,89,89,0,50,50,49,50,30,311,311,96,1.5,12.8,4.42,1.7
1986,4,6,9,2.7,965.4,95.1,0,1.2,2.9,68,NA,NA,150,150,0,90,88,82,83,30,315,315,96,2,14.2,4.58,2.4
1986,4,6,10,3.8,964.2,83.9,0.1,4,8.6,43,NA,NA,347,342,6,208,228,170,172,30,322,324,96,1.3,14.8,4.37,2.7
1986,4,6,11,4.3,963.8,75.9,0,4.7,8,47,NA,NA,412,381,40,185,271,159,154,14,312,322,96,0.4,14.6,4.09,2.7
1986,4,6,12,4.5,963.3,75.9,0,4.4,7.5,49,NA,7,210,208,3,97,111,98,95,14,316,322,96,0.6,14.9,4.15,2.8
1986,4,6,13,4.9,963.5,75.3,0,4.1,7.6,45,NA,NA,207,206,1,94,108,102,94,14,315,322,96,0.9,15.5,4.24,3.2
1986,4,6,14,4.3,963.1,81.4,0.1,3.9,7,43,NA,NA,107,107,0,52,52,51,51,14,313,318,96,1.4,15.3,4.4,3
1986,4,6,15,4.6,962.1,80.7,0,3.8,8,38,NA,NA,72,72,0,35,34,32,35,14,315,319,96,1.6,15.8,4.46,3.3
1986,4,6,16,4.7,962.4,79.3,0.1,3.8,7.9,51,NA,NA,36,36,0,18,17,13,18,14,314,318,96,1.4,15.8,4.41,3.3
1986,4,6,17,4.4,961.9,85.1,0.4,3.2,6.1,35,NA,NA,11,11,0,6,5,3,5,14,322,322,96,2.1,16,4.64,3.4
1986,4,6,18,4.5,962.3,87.2,0,2.7,5.3,42,NA,8,1,0,0,0,0,0,0,14,323,323,96,2.6,16.5,4.78,3.6
1986,4,6,19,4.5,962.3,86.9,0.1,2.5,4.9,23,NA,NA,0,0,0,0,0,0,0,14,322,322,96,2.5,16.5,4.77,3.6
1986,4,6,20,4.5,962,87.5,0,1.7,3.8,24,NA,NA,0,0,0,0,0,0,0,14,323,323,96,2.6,16.6,4.8,3.6
1986,4,6,21,4.6,961.7,85.7,0,3.6,6.7,39,NA,NA,1,0,0,0,0,0,0,14,323,323,96,2.4,16.5,4.74,3.6
1986,4,6,22,4.6,961.4,85.7,0,1.9,4.4,15,NA,NA,1,0,0,0,0,0,0,14,323,323,96,2.4,16.5,4.74,3.6
1986,4,6,23,4.5,960.3,87.7,0,1.1,2.8,352,NA,NA,1,0,0,0,0,0,0,14,322,322,96,2.6,16.6,4.82,3.6
1986,4,7,0,4.6,960,87.9,0,2.1,4.7,45,NA,NA,3,0,0,0,0,0,0,14,323,323,96,2.8,16.8,4.87,3.8
1986,4,7,1,4.7,959.1,86.6,0,2.7,5.4,47,NA,NA,1,0,0,0,0,0,0,14,324,324,96,2.7,16.8,4.83,3.8
1986,4,7,2,4.7,958.8,86.1,0,2.9,6,44,NA,NA,1,0,0,0,0,0,0,14,324,324,96,2.6,16.8,4.81,3.8
1986,4,7,3,4.7,957.8,85.7,0,2.7,6.5,44,NA,NA,0,0,0,0,0,0,0,14,324,324,96,2.5,16.7,4.79,3.7
1986,4,7,4,4.6,957.3,85.6,0,2.6,6,64,NA,NA,0,0,0,0,0,0,0,14,323,323,96,2.4,16.5,4.75,3.6
1986,4,7,5,4.5,958.5,87.5,0,1.1,2.9,50,NA,NA,1,0,0,0,0,0,0,14,323,323,96,2.6,16.6,4.82,3.6
1986,4,7,6,4.7,958.3,86.7,0,1.7,3.6,47,NA,8,22,22,0,7,10,11,10,14,324,324,96,2.7,16.9,4.84,3.8
1986,4,7,7,4.9,958.7,84.6,0,0.9,2.6,58,NA,NA,59,59,0,26,28,28,28,14,326,326,96,2.5,16.9,4.79,3.8
1986,4,7,8,5.4,958.8,82.1,0,1.1,2.9,62,NA,NA,135,135,0,73,67,61,62,14,327,330,96,2.6,17.5,4.81,4.1
1986,4,7,9,5.8,959,79.3,0,2.1,4.3,41,NA,NA,131,131,0,66,65,60,62,14,329,331,96,2.5,17.8,4.78,4.3
1986,4,7,10,6,959.3,78.4,0,1.3,4.3,47,NA,NA,166,165,0,82,84,76,77,14,331,333,96,2.5,18,4.79,4.4
1986,4,7,11,6.5,958.7,74,0,0.5,2.6,193,NA,NA,235,233,2,111,125,104,105,14,297,321,96,2.2,18.3,4.68,4.6
1986,4,7,12,7.3,958.7,71.4,0,0.7,3.1,54,NA,8,291,279,16,127,175,136,123,14,302,326,96,2.5,19.3,4.77,5.1
1986,4,7,13,8.8,958.6,65.5,0,1,3,18,NA,NA,622,293,458,142,522,397,141,14,311,340,96,2.7,21,4.85,5.9
1986,4,7,14,10.4,958,59.9,0,1.3,5.8,72,NA,NA,596,179,664,114,507,614,114,14,288,334,96,3,22.9,4.94,6.9
1986,4,7,15,11.1,958.6,60,0,2.1,5.5,58,NA,NA,458,143,631,94,363,706,95,14,292,334,96,3.6,24.2,5.19,7.4
1986,4,7,16,11.1,958.9,58.8,0,1.4,3.4,84,NA,NA,208,138,205,69,133,369,73,14,290,326,96,3.4,24,5.08,7.4
1986,4,7,17,11,959.6,61.2,0,1,2.8,185,NA,NA,55,55,0,25,26,32,26,14,291,315,94,3.8,24.3,5.25,7.5
1986,4,7,18,10,960.5,67.4,0,0.5,1.3,360,NA,7,2,2,0,1,1,0,1,14,286,306,94,4.2,23.7,5.4,7.2
1986,4,7,19,8.7,961.2,77.8,0,0.5,2.2,85,NA,NA,0,0,0,0,0,0,0,14,283,302,94,5,23.1,5.71,6.9
1986,4,7,20,8.6,962,78.2,0,1,2.5,90,NA,NA,0,0,0,0,0,0,0,14,285,304,94,5,23,5.7,6.8
1986,4,7,21,8.7,962.4,78,0,0.7,3.2,4,NA,NA,0,0,0,0,0,0,0,14,285,307,94,5.1,23.1,5.72,6.9
1986,4,7,22,8.4,962.6,81.6,0,0.6,2.8,67,NA,NA,0,0,0,0,0,0,0,14,282,304,94,5.4,23.2,5.86,6.9
1986,4,7,23,7.9,962.8,86.3,0,0.8,2.4,48,NA,NA,0,0,0,0,0,0,0,14,333,333,94,5.8,23,5.99,6.9
1986,4,8,0,7.3,962.3,86.9,0,1.6,3.2,58,NA,NA,0,0,0,0,0,0,0,14,324,324,94,5.3,21.9,5.8,6.3
1986,4,8,1,6.6,962.4,89.5,0,0.9,2.2,57,NA,NA,0,0,0,0,0,0,0,14,327,327,94,5,20.9,5.69,5.8
1986,4,8,2,6.7,962.1,90.1,0,0.7,1.9,65,NA,NA,0,0,0,0,0,0,0,14,323,323,94,5.2,21.2,5.77,6
1986,4,8,3,5.8,962.1,91.6,0,0.3,1.1,71,NA,NA,0,0,0,0,0,0,0,14,322,322,94,4.5,19.6,5.51,5.2
1986,4,8,4,5.3,961.8,93.1,0,0.5,1.5,199,NA,NA,0,0,0,0,0,0,0,14,317,317,94,4.3,18.9,5.41,4.8
1986,4,8,5,5.2,962,94.4,0,1.6,3.6,218,NA,NA,1,0,0,0,0,0,0,14,306,312,96,4.4,18.9,5.44,4.8
1986,4,8,6,7,962.4,90.8,0,1.3,2.8,216,NA,5,66,65,6,52,32,29,31,14,314,322,96,5.6,21.9,5.93,6.3
1986,4,8,7,8.9,962.1,79.6,0,1.4,2.8,249,NA,NA,272,142,361,538,181,77,82,14,324,336,96,5.6,23.8,5.92,7.2
1986,4,8,8,10.2,962.1,67.5,0,1.3,4.6,62,NA,NA,360,219,275,458,266,103,105,14,291,328,96,4.5,24,5.48,7.4
1986,4,8,9,11.2,961.2,65.8,0,2.8,6.2,51,NA,NA,446,284,253,384,337,126,127,14,296,334,96,5,25.7,5.71,8.1
1986,4,8,10,12.1,960.1,62.5,0,3.8,7.2,42,NA,NA,531,332,274,320,419,144,145,14,301,340,96,5.2,26.7,5.77,8.6
1986,4,8,11,13.3,958.9,60.7,0,4.8,7.9,48,NA,NA,591,371,284,230,474,168,157,14,305,341,94,5.9,28.7,6.07,9.4
1986,4,8,12,14.1,958,56.6,0,4.4,7.9,43,NA,7,656,318,439,159,554,249,148,14,311,348,94,5.6,29.2,5.97,9.7
1986,4,8,13,14.9,957,53.8,0,4,8,47,NA,NA,549,335,296,147,432,340,146,14,310,348,94,5.6,30.1,5.98,10
1986,4,8,14,14.9,956,52.7,0,3.6,7.1,50,NA,NA,409,320,141,133,282,323,132,14,310,345,94,5.3,29.8,5.86,9.9
1986,4,8,15,14.3,954.6,55.6,0,3.6,7,45,NA,NA,275,229,92,99,174,271,99,14,311,340,94,5.5,29.4,5.96,9.7
1986,4,8,16,14.6,953.4,55.3,0,3.3,6.8,53,NA,NA,167,144,66,65,93,195,67,14,311,339,94,5.7,30,6.05,9.9
1986,4,8,17,14.1,953,56.7,0,2.9,6.1,57,NA,NA,79,69,58,33,38,139,39,14,306,331,94,5.6,29.4,6.01,9.7
1986,4,8,18,13.7,952.3,60.3,0,1.7,7.3,53,NA,3,1,0,0,0,0,0,0,14,308,329,94,6.2,29.5,6.23,9.8
1986,4,8,19,11,952.8,69.5,0,3.4,7,207,NA,NA,0,0,0,0,0,0,0,14,288,314,94,5.6,26.2,6.01,8.3
1986,4,8,20,8.3,952.4,84,0,4.6,7.4,227,NA,NA,0,0,0,0,0,0,0,14,290,310,94,5.8,23.6,6.06,7.1
1986,4,8,21,7.4,952.1,88.4,0,5.7,8.1,232,NA,NA,0,0,0,0,0,0,0,14,287,307,94,5.6,22.5,6,6.5
1986,4,8,22,6.8,951.8,90.7,0,3.9,6.9,226,NA,NA,0,0,0,0,0,0,0,14,285,304,94,5.4,21.7,5.91,6.1
1986,4,8,23,6.6,952.2,92.9,0,4.2,6.6,226,NA,NA,0,0,0,0,0,0,0,14,310,315,94,5.5,21.6,5.97,6.1
1986,4,9,0,6.7,952.6,92.5,0,5.4,9.7,225,NA,NA,0,0,0,0,0,0,0,14,310,316,94,5.6,21.8,5.98,6.2
1986,4,9,1,6.7,952.4,90.5,0,7.1,11.7,214,NA,NA,0,0,0,0,0,0,0,14,309,316,94,5.3,21.4,5.85,6
1986,4,9,2,6.7,953,87.7,0,4.3,11.1,219,NA,NA,0,0,0,0,0,0,0,14,301,311,94,4.8,21,5.67,5.8
1986,4,9,3,6.6,952.6,85.3,0,4.7,7.3,228,NA,NA,0,0,0,0,0,0,0,14,299,310,94,4.3,20.4,5.47,5.5
1986,4,9,4,6.7,952.6,80.7,0,4.5,8.5,213,NA,NA,1,0,0,0,0,0,0,14,298,310,94,3.6,19.8,5.21,5.2
1986,4,9,5,6.8,953.8,79.6,0,4.1,8.6,221,NA,NA,11,11,0,7,5,5,6,14,291,307,94,3.5,19.8,5.17,5.3
1986,4,9,6,6.8,954,78.4,0,4.8,7.5,218,NA,7,36,36,0,15,17,17,17,14,291,308,94,3.3,19.6,5.09,5.2
1986,4,9,7,6.9,954.8,79.7,0,3.4,5.3,220,NA,NA,65,65,0,30,31,31,31,14,293,309,94,3.6,20,5.21,5.4
1986,4,9,8,8.4,954.6,75.4,0.2,3.3,6.3,214,NA,NA,345,238,206,398,238,105,107,14,304,321,94,4.3,22.2,5.46,6.4
1986,4,9,9,10.7,954.5,56.4,0,3.7,9.6,190,NA,NA,650,219,670,631,537,127,127,14,308,334,94,2.4,22.8,4.76,6.8
1986,4,9,10,11,954.5,51.8,0,4.3,8.3,187,NA,NA,518,357,219,310,401,147,148,14,308,334,94,1.5,22.3,4.46,6.6
1986,4,9,11,11.2,954.1,52.2,0,3.5,7,187,NA,NA,517,369,191,209,381,165,157,14,346,354,94,1.8,22.7,4.56,6.8
1986,4,9,12,12.4,953.4,49.1,0,3,7.6,192,NA,7,627,327,387,159,522,243,148,14,355,363,94,2,24.2,4.64,7.4
1986,4,9,13,12.8,953,45.1,0,3,6.6,228,NA,NA,442,343,136,145,313,259,144,14,352,360,94,1.2,23.9,4.38,7.3
1986,4,9,14,12.3,952.9,45.3,0,2.9,5.5,226,NA,NA,115,115,0,55,56,56,55,14,348,350,94,0.8,23.1,4.26,7
1986,4,9,15,11.5,953.4,49.4,0,1.9,5.6,278,NA,NA,55,55,0,27,26,23,27,14,346,346,94,1.3,22.7,4.4,6.7
1986,4,9,16,9.4,953.7,69.3,0.4,1.5,4.5,130,NA,NA,20,20,0,10,9,6,10,14,334,334,94,4.1,23,5.37,6.8
1986,4,9,17,8.6,953.8,78.4,0,2.6,6.7,171,NA,NA,4,4,0,2,2,1,2,14,334,335,96,5.1,23.1,5.76,6.9
1986,4,9,18,8.3,954.8,74.7,0,3.6,7.6,188,NA,7,1,0,0,0,0,0,0,14,333,334,96,4.1,21.8,5.37,6.3
1986,4,9,19,8.3,955.6,76.2,0.1,2.7,6.6,199,NA,NA,0,0,0,0,0,0,0,14,332,333,96,4.4,22.1,5.48,6.4
1986,4,9,20,7.8,955.6,81.3,0.2,1.9,4.2,178,NA,NA,0,0,0,0,0,0,0,14,336,336,96,4.8,22,5.65,6.3
1986,4,9,21,7,955.7,89.6,0,1.3,4,123,NA,NA,0,0,0,0,0,0,0,14,335,335,96,5.4,21.8,5.9,6.2
1986,4,9,22,6.4,956.1,90.5,0,1.8,4.6,106,NA,NA,0,0,0,0,0,0,0,14,331,331,96,5,20.8,5.71,5.7
1986,4,9,23,6.1,956.4,88.8,0,1.5,4.7,100,NA,NA,0,0,0,0,0,0,0,14,323,324,96,4.4,19.9,5.48,5.3
1986,4,10,0,6.5,956.1,78.5,0,2,5.7,300,NA,NA,1,0,0,0,0,0,0,14,323,325,96,3,19,4.98,4.9
1986,4,10,1,5.9,956.5,79.3,0,3.5,7.8,225,NA,NA,2,0,0,0,0,0,0,14,320,322,96,2.6,18,4.82,4.4
1986,4,10,2,5.8,956.1,77,0,4.9,9,227,NA,NA,1,0,0,0,0,0,0,14,319,322,96,2.1,17.5,4.65,4.1
1986,4,10,3,5.5,956.5,73.7,0,5.9,10.8,218,NA,NA,1,0,0,0,0,0,0,14,318,320,96,1.2,16.5,4.36,3.6
1986,4,10,4,5.5,956.2,73.8,0,4.4,8.2,213,NA,NA,0,0,0,0,0,0,0,14,318,321,96,1.2,16.5,4.36,3.6
1986,4,10,5,5.5,956.4,75.4,0,3.7,7.9,205,NA,NA,1,0,0,0,0,0,0,14,327,327,96,1.5,16.7,4.46,3.7
1986,4,10,6,5.4,956.8,78.2,0,4,7.3,207,NA,8,12,12,0,3,6,6,6,14,327,327,96,1.9,16.9,4.59,3.8
1986,4,10,7,5.4,957.1,74.2,0,4.6,9.2,196,NA,NA,18,18,0,6,8,9,9,14,326,326,96,1.2,16.3,4.35,3.6
1986,4,10,8,5.3,957.3,72.7,0,4.8,8.7,196,NA,NA,42,42,0,18,20,21,21,14,326,326,96,0.8,15.9,4.23,3.4
1986,4,10,9,5.4,957.9,71.4,0,4.9,9.1,207,NA,NA,66,66,0,31,31,32,33,14,325,325,96,0.6,15.9,4.19,3.3
1986,4,10,10,4.8,958,76.9,0,5.5,8.9,211,NA,NA,43,43,0,21,20,21,22,14,324,324,96,1.1,15.7,4.32,3.2
1986,4,10,11,5.1,958.2,69,0,4.4,8.7,195,NA,NA,63,63,0,31,30,30,31,14,315,319,96,-0.1,15,3.96,2.9
1986,4,10,12,4.9,958.5,67.7,0,3.7,7.3,187,NA,8,67,67,0,33,32,32,33,14,314,319,96,-0.6,14.5,3.83,2.6
1986,4,10,13,4.8,958.5,68.7,0,4.3,8.1,182,NA,NA,74,74,0,37,35,35,36,14,314,319,96,-0.5,14.5,3.86,2.6
1986,4,10,14,5.1,958.5,65.3,0,4,7.9,192,NA,NA,108,108,0,52,53,52,52,14,289,309,96,-0.9,14.5,3.74,2.6
1986,4,10,15,5.4,958.4,64.1,0,3.6,7,190,NA,NA,124,124,0,58,61,64,58,14,288,309,96,-0.8,14.8,3.75,2.8
1986,4,10,16,5,958.7,65.2,0,3.2,6.9,180,NA,NA,37,37,0,19,17,14,18,14,287,306,96,-1,14.3,3.71,2.5
1986,4,10,17,4.7,959,66.7,0,2.5,5.6,180,NA,NA,13,13,0,7,6,3,6,14,285,300,94,-1,14,3.72,2.4
1986,4,10,18,4.3,959.7,67.5,0,2.2,4.3,185,NA,8,2,2,0,1,1,0,1,14,284,299,94,-1.2,13.5,3.65,2.1
1986,4,10,19,3.9,960.5,69.7,0,1.3,3.7,180,NA,NA,0,0,0,0,0,0,0,14,282,296,94,-1.1,13.1,3.67,1.9
1986,4,10,20,3.5,960.7,73.9,0,0.8,2.2,99,NA,NA,0,0,0,0,0,0,0,14,290,299,94,-0.7,13,3.78,1.8
1986,4,10,21,3.5,961,76,0,0.8,1.9,82,NA,NA,0,0,0,0,0,0,0,14,291,299,94,-0.3,13.2,3.88,1.9
1986,4,10,22,3.2,961.2,82.9,0,0.9,2,69,NA,NA,0,0,0,0,0,0,0,14,289,298,94,0.6,13.6,4.15,2.1
1986,4,10,23,2.8,961.2,86.4,0.2,0.6,1.9,69,NA,NA,0,0,0,0,0,0,0,14,314,314,94,0.8,13.3,4.2,2
1986,4,11,0,2.5,961.1,88.6,0,1,2.3,71,NA,NA,0,0,0,0,0,0,0,14,313,313,94,0.8,13.1,4.22,1.8
1986,4,11,1,2.5,961,90.1,0,1.1,2.1,24,NA,NA,0,0,0,0,0,0,0,14,313,313,94,1,13.2,4.29,1.9
1986,4,11,2,2.3,960.8,91.1,0,1,2.4,45,NA,NA,0,0,0,0,0,0,0,14,313,313,94,1,13,4.28,1.8
1986,4,11,3,2.1,960.8,92,0.1,2,3.2,358,NA,NA,0,0,0,0,0,0,0,14,311,311,94,0.9,12.8,4.26,1.6
1986,4,11,4,2.2,960.6,87.8,0,3.6,9.1,24,NA,NA,0,0,0,0,0,0,0,14,311,311,94,0.4,12.4,4.1,1.5
1986,4,11,5,2.1,961,78.5,0,6.9,11.8,35,NA,NA,0,0,0,0,0,0,0,14,310,310,96,-1.2,11.2,3.63,0.8
1986,4,11,6,1.7,961.3,78.7,0,7.4,12.7,41,NA,8,14,14,0,4,7,7,7,14,308,308,96,-1.6,10.5,3.54,0.4
1986,4,11,7,1.6,961.5,79.2,0,7.7,12.6,39,NA,NA,41,41,0,16,19,20,20,14,309,309,96,-1.6,10.4,3.53,0.4
1986,4,11,8,1.7,962.3,76.9,0,7.7,13.4,38,NA,NA,75,75,0,35,36,36,37,14,309,309,96,-1.9,10.3,3.45,0.3
1986,4,11,9,1.8,962.5,74.7,0,7.1,12.8,40,NA,NA,115,115,0,57,56,54,55,14,309,309,96,-2.2,10.2,3.38,0.3
1986,4,11,10,1.9,962.6,71.7,0,7,12,46,NA,NA,167,166,0,83,84,76,78,14,309,311,96,-2.7,10.1,3.26,0.2
1986,4,11,11,2.1,962.9,71.4,0,7.3,12,40,NA,NA,226,226,1,107,119,102,102,14,312,312,94,-2.5,10.3,3.29,0.3
1986,4,11,12,2.6,963.1,69,0,6.8,12.4,48,NA,8,386,355,40,154,243,174,148,14,312,314,94,-2.5,10.9,3.3,0.6
1986,4,11,13,2.8,962.9,68.2,0,7.1,12.3,45,NA,NA,447,403,60,158,291,249,157,14,313,317,94,-2.5,11.1,3.31,0.8
1986,4,11,14,2.7,962.6,67,0,7.1,11.7,48,NA,NA,346,316,47,130,211,236,129,14,304,310,94,-2.8,10.8,3.23,0.6
1986,4,11,15,2.2,962.5,67.1,0,6.6,12.1,46,NA,NA,142,142,0,66,70,77,65,14,300,304,94,-3.3,10,3.12,0.1
1986,4,11,16,1.9,962.6,65.8,0,6.6,12.1,43,NA,NA,59,59,0,29,28,26,28,14,299,302,94,-3.8,9.4,2.99,-0.2
1986,4,11,17,1.5,962.9,64.8,0,7.5,13.1,45,NA,NA,24,24,0,12,11,8,11,14,306,307,96,-4.4,8.6,2.86,-0.6
1986,4,11,18,1,963.3,68.4,0,7,11.8,44,NA,8,4,4,0,2,2,0,2,14,304,305,96,-4.2,8.3,2.91,-0.9
1986,4,11,19,0.5,963.6,70.8,0,6.9,11.8,38,NA,NA,0,0,0,0,0,0,0,14,303,303,96,-4.2,7.8,2.91,-1.2
1986,4,11,20,0.5,963.5,70.2,0,6.1,10.8,37,NA,NA,1,0,0,0,0,0,0,14,302,303,96,-4.3,7.7,2.88,-1.2
1986,4,11,21,0.4,963.1,69.8,0,6.2,11.1,31,NA,NA,0,0,0,0,0,0,0,14,302,302,96,-4.5,7.5,2.85,-1.3
1986,4,11,22,0.4,962.9,68.8,0,5.9,10.3,37,NA,NA,1,0,0,0,0,0,0,14,302,302,96,-4.7,7.4,2.81,-1.4
1986,4,11,23,0.3,962.3,69.2,0,6.3,10.4,37,NA,NA,0,0,0,0,0,0,0,14,302,302,96,-4.7,7.3,2.8,-1.5
1986,4,12,0,0.2,961.9,69.6,0,6.2,10.3,33,NA,NA,0,0,0,0,0,0,0,14,301,301,96,-4.7,7.2,2.8,-1.5
1986,4,12,1,0,961.5,70.2,0,6.3,10.9,29,NA,NA,0,0,0,0,0,0,0,14,300,300,96,-4.8,6.9,2.79,-1.7
1986,4,12,2,-0.4,961.2,72.5,0,6.2,10.6,37,NA,NA,0,0,0,0,0,0,0,14,289,294,96,-4.7,6.6,2.8,-1.9
1986,4,12,3,-0.6,960.7,74.9,0,6.1,11.8,43,NA,NA,2,0,0,0,0,0,0,14,288,293,96,-4.5,6.5,2.85,-2
1986,4,12,4,-0.8,960.4,76.3,0,5.1,8.7,38,NA,NA,0,0,0,0,0,0,0,14,288,293,96,-4.4,6.3,2.86,-2.1
1986,4,12,5,-0.7,960.2,77.7,0,4.4,8.1,50,NA,NA,7,7,0,3,4,4,4,30,298,298,96,-4.1,6.6,2.94,-1.9
1986,4,12,6,-0.5,960.2,73.3,0,5.2,9.7,54,NA,8,67,67,0,47,37,36,37,30,299,300,96,-4.7,6.5,2.81,-2
1986,4,12,7,0,960.3,70.5,0,6.6,11.6,48,NA,NA,221,174,125,332,147,96,101,30,303,304,96,-4.7,7,2.8,-1.6
1986,4,12,8,0.6,960.6,66.4,0,7.2,12.8,47,NA,NA,366,266,188,441,275,144,145,30,293,304,96,-4.9,7.5,2.75,-1.3
1986,4,12,9,0.7,960.8,64.7,0,6.5,10.5,44,NA,NA,313,287,40,230,213,147,148,30,293,303,96,-5.2,7.4,2.7,-1.3
1986,4,12,10,1.6,960.5,61,0,5.6,9.7,46,NA,NA,535,344,257,361,452,193,193,30,300,312,96,-5.1,8.4,2.72,-0.8
1986,4,12,11,1.5,960.5,57.7,0,5.6,9.6,41,NA,NA,360,337,29,164,222,146,143,14,309,310,94,-5.9,7.9,2.55,-1.1
1986,4,12,12,1.6,960.6,58.7,0,4.6,10,43,NA,8,320,312,10,139,177,145,135,14,306,309,94,-5.6,8.1,2.62,-0.9
1986,4,12,13,1.4,960.5,61.6,0,3.8,7.7,35,NA,NA,240,239,1,107,126,119,107,14,309,309,94,-5.2,8.2,2.71,-0.9
1986,4,12,14,1.4,960.2,63,0,3.7,6.9,35,NA,NA,295,273,34,118,173,191,117,14,308,310,94,-4.9,8.3,2.77,-0.8
1986,4,12,15,0.7,960.3,70.3,0,2.6,5.6,8,NA,NA,81,81,0,40,39,38,39,14,302,302,94,-4.1,8,2.94,-1
1986,4,12,16,0.3,960.4,77.8,0,2,4.4,342,NA,NA,35,35,0,18,17,13,17,14,304,304,94,-3.1,8.2,3.16,-0.9
1986,4,12,17,0.8,960.7,70.5,0,1.9,6.3,33,NA,NA,32,32,0,16,15,12,15,14,296,296,94,-3.9,8.2,2.97,-0.9
1986,4,12,18,0.6,961.3,57.2,0,3,7.4,336,NA,7,5,5,0,3,2,1,2,14,291,293,94,-6.9,6.5,2.37,-1.9
1986,4,12,19,-0.1,961.9,53,0,2.6,4.7,330,NA,NA,0,0,0,0,0,0,0,14,288,288,94,-8.5,5.1,2.09,-2.7
1986,4,12,20,-0.9,961.8,57.1,0,1.9,4.8,6,NA,NA,0,0,0,0,0,0,0,14,225,253,94,-8.3,4.4,2.12,-3.2
1986,4,12,21,-1.8,961.8,62.4,0,0.7,1.6,360,NA,NA,0,0,0,0,0,0,0,14,224,248,94,-8,3.6,2.17,-3.7
1986,4,12,22,-2.3,961.8,67.8,0,0.3,0.7,236,NA,NA,0,0,0,0,0,0,0,14,221,245,94,-7.4,3.3,2.27,-3.9
1986,4,12,23,-2.9,961.7,70,0,0.4,1.1,236,NA,NA,0,0,0,0,0,0,0,14,210,239,94,-7.6,2.6,2.24,-4.3
1986,4,13,0,-3.4,961.5,70.6,0,0.9,1.6,220,NA,NA,1,0,0,0,0,0,0,14,210,240,94,-8,2,2.18,-4.8
1986,4,13,1,-3.6,961.3,71.7,0,0.7,1.5,219,NA,NA,0,0,0,0,0,0,0,14,210,239,94,-8,1.8,2.18,-4.9
1986,4,13,2,-4,961.2,73.5,0,0.9,1.5,235,NA,NA,2,0,0,0,0,0,0,14,206,238,94,-8,1.4,2.17,-5.2
1986,4,13,3,-3.8,960.8,74.7,0,0.5,1.1,229,NA,NA,1,0,0,0,0,0,0,14,211,243,94,-7.6,1.7,2.24,-4.9
1986,4,13,4,-3,960.6,75.9,0,0.5,1.2,234,NA,NA,0,0,0,0,0,0,0,14,214,247,94,-6.6,3,2.42,-4.1
1986,4,13,5,-3.1,960.6,77,0,0,0.5,135,NA,NA,17,17,0,10,8,7,8,14,269,270,94,-6.6,2.9,2.43,-4.2
1986,4,13,6,-2.2,960.9,77.4,0,0.4,1.3,253,NA,6,73,73,0,47,34,32,35,14,274,280,94,-5.6,4.3,2.62,-3.3
1986,4,13,7,-0.8,961.1,70.9,0,0.4,1.3,238,NA,NA,169,156,34,154,87,67,71,14,279,288,94,-5.4,5.8,2.65,-2.4
1986,4,13,8,0.4,961.4,53.9,0,0.4,1.7,82,NA,NA,422,246,327,519,290,113,115,14,281,296,94,-7.8,5.9,2.2,-2.2
1986,4,13,9,2.1,961.5,45.7,0,0.7,3.3,276,NA,NA,594,279,475,533,450,136,136,14,247,286,94,-8.4,7.4,2.11,-1.3
1986,4,13,10,3,961.3,45.3,0,1.3,4.2,47,NA,NA,776,179,797,465,646,126,125,14,253,296,94,-7.7,8.6,2.23,-0.6
1986,4,13,11,4.1,961.1,44.2,0,1.5,4.4,140,NA,NA,870,229,809,262,731,153,142,14,271,313,94,-7,10,2.35,0.2
1986,4,13,12,4.8,961.1,42.1,0,1.7,5.3,85,NA,3,527,358,214,161,403,220,150,14,278,310,94,-7,10.7,2.35,0.6
1986,4,13,13,5.8,961.2,40.1,0,1.2,4.3,108,NA,NA,417,380,50,153,263,230,152,14,273,307,94,-6.7,11.8,2.4,1.3
1986,4,13,14,5.4,961.3,44,0,2,5.5,305,NA,NA,247,246,2,108,130,136,107,14,313,321,94,-5.9,11.8,2.56,1.3
1986,4,13,15,5.5,961.3,45.3,0,1.3,3.6,85,NA,NA,224,206,36,91,123,171,91,14,316,322,94,-5.4,12.2,2.66,1.5
1986,4,13,16,5.6,961.6,44.3,0,0.8,3.3,95,NA,NA,144,143,4,63,70,98,64,14,315,319,94,-5.6,12.2,2.62,1.5
1986,4,13,17,5.5,961.6,44.7,0,0.6,4.8,50,NA,NA,81,74,37,34,38,106,40,14,263,290,94,-5.6,12.1,2.62,1.4
1986,4,13,18,4.9,962,51.3,0,1,1.9,88,NA,6,9,9,0,4,4,4,4,14,263,287,94,-4.3,12.2,2.89,1.4
1986,4,13,19,4.2,962.6,57,0,1.8,3.3,82,NA,NA,1,0,0,0,0,0,0,14,261,286,94,-3.5,11.9,3.05,1.3
1986,4,13,20,4.1,962.9,58.3,0,1.2,2.7,340,NA,NA,1,0,0,0,0,0,0,14,309,309,94,-3.3,11.9,3.1,1.3
1986,4,13,21,3.5,963,66.5,0,0.6,2.2,295,NA,NA,0,0,0,0,0,0,0,14,306,306,94,-2.1,12,3.39,1.3
1986,4,13,22,3.2,962.9,70.7,0,0.5,1.2,190,NA,NA,0,0,0,0,0,0,0,14,307,307,94,-1.6,12,3.53,1.3
1986,4,13,23,2.4,962.5,72.6,0,0.5,2,212,NA,NA,0,0,0,0,0,0,0,14,263,276,94,-2,11,3.42,0.7
1986,4,14,0,0.7,962.1,78.6,0,0.5,1.2,280,NA,NA,0,0,0,0,0,0,0,14,259,273,94,-2.6,8.9,3.28,-0.5
1986,4,14,1,1.5,961.8,78.7,0,0.5,1.8,195,NA,NA,0,0,0,0,0,0,0,14,264,278,94,-1.8,10.2,3.48,0.2
1986,4,14,2,1.4,961.4,80.8,0,0.4,1.4,180,NA,NA,0,0,0,0,0,0,0,14,254,275,94,-1.5,10.3,3.55,0.3
1986,4,14,3,1.4,961,81,0,0.3,1.2,263,NA,NA,1,0,0,0,0,0,0,14,255,276,94,-1.5,10.3,3.56,0.3
1986,4,14,4,1.9,961,76.9,0,0.6,2.3,211,NA,NA,1,0,0,0,0,0,0,14,257,278,94,-1.7,10.7,3.51,0.5
1986,4,14,5,2.4,960.9,70.7,0,1.3,2.9,219,NA,NA,6,6,0,1,3,3,3,14,257,280,94,-2.4,10.8,3.34,0.6
1986,4,14,6,3.3,960.5,66.2,0,2.6,4.7,220,NA,7,92,85,32,113,43,38,44,14,262,287,94,-2.4,11.7,3.34,1.1
1986,4,14,7,5,959.9,55.4,0,2.7,5.9,218,NA,NA,254,181,189,380,144,81,88,14,267,296,94,-3.2,12.9,3.15,1.8
1986,4,14,8,6,959.4,50.4,0,3.5,6.6,213,NA,NA,372,250,224,418,244,110,113,14,262,299,94,-3.5,13.7,3.07,2.3
1986,4,14,9,8.4,958.6,46.1,0,2.2,6.4,232,NA,NA,726,256,705,670,556,139,140,14,276,316,94,-2.5,16.8,3.31,3.9
1986,4,14,10,10.2,957.8,37.1,0,5.7,9.3,232,NA,NA,811,193,821,482,666,132,131,14,276,321,94,-3.8,17.8,3.01,4.5
1986,4,14,11,10.9,957.4,35.3,0,5.7,10,232,NA,NA,669,354,396,239,517,172,160,14,291,327,94,-3.8,18.5,3,4.8
1986,4,14,12,10.7,957.1,35,0,6.5,9.9,241,NA,7,488,376,141,166,342,209,157,14,284,321,94,-4.1,18.2,2.94,4.6
1986,4,14,13,10.8,956.6,33.8,0,6.5,11.4,224,NA,NA,329,326,4,139,180,166,138,14,287,320,94,-4.5,18.1,2.86,4.6
1986,4,14,14,11.1,956.2,33.5,0,6,10.3,208,NA,NA,300,296,5,126,161,173,125,14,343,346,94,-4.4,18.4,2.89,4.7
1986,4,14,15,11.2,955.6,33.4,0,7.1,11.5,225,NA,NA,205,194,21,87,110,146,87,14,340,343,94,-4.3,18.6,2.9,4.8
1986,4,14,16,11.1,955.2,33.9,0,6.6,10.8,228,NA,NA,138,135,7,61,67,93,62,14,342,342,94,-4.2,18.5,2.93,4.8
1986,4,14,17,11.7,954.9,33.6,0,4.9,9.7,197,NA,NA,163,95,343,51,60,481,74,14,300,325,94,-3.8,19.4,3.02,5.2
1986,4,14,18,10.4,954.9,36,0,6.2,10.5,200,NA,6,21,21,0,9,9,25,13,14,294,316,94,-4,17.9,2.97,4.5
1986,4,14,19,9.8,955,39.3,0,6.5,10,210,NA,NA,0,0,0,0,0,0,0,14,294,314,94,-3.4,17.7,3.12,4.4
1986,4,14,20,9.4,955.2,41.4,0,5.8,8.4,209,NA,NA,0,0,0,0,0,0,0,14,283,308,94,-3,17.5,3.19,4.3
1986,4,14,21,9.1,955.2,43.3,0,6.6,10.3,214,NA,NA,0,0,0,0,0,0,0,14,281,306,94,-2.7,17.4,3.27,4.2
1986,4,14,22,8.2,955.7,49.3,0,3.9,8.8,198,NA,NA,0,0,0,0,0,0,0,14,280,303,94,-1.8,17.1,3.51,4
1986,4,14,23,7.3,955.7,58.6,0,4.1,7.4,194,NA,NA,0,0,0,0,0,0,0,14,260,292,94,-0.3,17.2,3.92,4
1986,4,15,0,6.6,955.5,65.3,0,3.1,7.1,203,NA,NA,0,0,0,0,0,0,0,14,258,289,94,0.6,17.1,4.17,4
1986,4,15,1,6.4,955.1,67.8,0,2.4,5.2,205,NA,NA,0,0,0,0,0,0,0,14,259,288,94,0.9,17.2,4.27,4
1986,4,15,2,5.3,954.9,72,0,1.9,5.5,224,NA,NA,0,0,0,0,0,0,0,14,251,279,94,0.7,15.9,4.2,3.3
1986,4,15,3,3.6,954.5,81.3,0,0.5,1.7,46,NA,NA,0,0,0,0,0,0,0,14,250,273,94,0.7,14.2,4.22,2.4
1986,4,15,4,3,954.6,84.2,0,1.2,3,228,NA,NA,0,0,0,0,0,0,0,14,250,271,94,0.6,13.5,4.18,2
1986,4,15,5,2.2,955,84.7,0,1.1,2.8,55,NA,NA,27,23,71,111,14,13,33,14,267,282,94,-0.1,12.1,3.97,1.3
1986,4,15,6,3.8,954.9,83.3,0,0.7,2.2,19,NA,7,97,88,40,124,45,39,46,14,278,295,94,1.2,14.8,4.38,2.7
1986,4,15,7,5.6,954.9,74,0,1.5,4.6,16,NA,NA,201,173,69,230,108,75,80,14,286,306,94,1.3,16.7,4.41,3.7
1986,4,15,8,8.1,955.1,57.2,0,1.3,2.5,48,NA,NA,403,260,262,458,262,115,117,14,276,311,94,0.2,18.3,4.05,4.6
1986,4,15,9,8.4,954.9,52.9,0,1.8,3.3,86,NA,NA,323,319,6,188,175,131,133,14,275,312,94,-0.6,18,3.82,4.5
1986,4,15,10,9.3,954.6,48.9,0,1.5,3.3,70,NA,NA,296,294,3,149,159,125,128,14,277,313,94,-0.9,18.8,3.75,4.9
1986,4,15,11,10.7,954.6,46.2,0,1.4,3.4,102,NA,NA,437,368,87,186,279,160,155,14,287,326,94,-0.4,20.6,3.9,5.8
1986,4,15,12,11.9,954.3,39.4,0,4.2,9.7,214,NA,7,364,341,29,150,222,166,144,14,286,323,94,-1.5,21,3.6,6
1986,4,15,13,11.9,954,40.5,0,3.8,7.7,237,NA,NA,257,254,4,113,136,128,113,14,288,323,94,-1.1,21.3,3.7,6.1
1986,4,15,14,11.8,954.2,40.4,0,6,13.7,213,NA,NA,203,201,2,91,104,107,91,14,284,319,94,-1.2,21.1,3.66,6
1986,4,15,15,12.1,953.6,39.8,0,2.9,7.5,216,NA,NA,151,151,0,70,75,82,69,14,287,321,94,-1.1,21.5,3.68,6.2
1986,4,15,16,13,953.4,39,0,2,4.7,225,NA,NA,220,129,245,69,125,396,74,14,288,324,94,-0.6,22.7,3.83,6.8
1986,4,15,17,11.1,953.7,44.7,0,0.8,2.5,95,NA,NA,24,24,0,12,11,8,11,14,322,332,94,-0.5,20.9,3.87,5.9
1986,4,15,18,11.2,954.7,46.8,0,3.1,8.1,189,NA,7,2,2,0,1,1,0,1,14,323,332,94,0.3,21.5,4.08,6.2
1986,4,15,19,10.2,955.6,55.7,0,4.6,10,199,NA,NA,1,0,0,0,0,0,0,14,320,329,94,1.7,21.7,4.54,6.3
1986,4,15,20,8.7,955.9,71.6,0,4.3,6.7,224,NA,NA,0,0,0,0,0,0,0,14,341,341,94,3.9,22,5.28,6.4
1986,4,15,21,7.9,956.1,79.8,0.1,3.7,6.4,242,NA,NA,0,0,0,0,0,0,0,14,339,339,94,4.6,22,5.58,6.3
1986,4,15,22,7.7,956.4,85.6,0.2,2.9,5,236,NA,NA,0,0,0,0,0,0,0,14,337,337,94,5.4,22.6,5.9,6.6
1986,4,15,23,7.2,956.8,89.4,0.2,3.7,6.3,239,NA,NA,0,0,0,0,0,0,0,14,326,326,94,5.6,22.2,5.96,6.4
1986,4,16,0,6.3,957.2,89.9,2.4,5.2,10.5,235,NA,NA,0,0,0,0,0,0,0,14,322,322,94,4.8,20.5,5.63,5.6
1986,4,16,1,5.9,957.2,91.8,1.8,3,5.8,193,NA,NA,2,0,0,0,0,0,0,14,321,321,94,4.7,19.9,5.59,5.3
1986,4,16,2,5.8,957.5,94,0.3,1.4,2.8,252,NA,NA,1,0,0,0,0,0,0,14,330,330,94,4.9,20.1,5.68,5.4
1986,4,16,3,5.7,957.7,95.6,0.1,1.1,2.6,58,NA,NA,1,0,0,0,0,0,0,14,329,329,94,5.1,20.1,5.74,5.4
1986,4,16,4,5.7,957.6,95.7,0,0.6,1.6,37,NA,NA,0,0,0,0,0,0,0,14,329,329,94,5.1,20.1,5.74,5.4
1986,4,16,5,5.6,958.2,95.8,0,1,2,10,NA,NA,20,19,3,16,9,9,11,14,305,315,96,5,19.9,5.71,5.3
1986,4,16,6,6.4,958.2,94.9,0,0.9,2.1,360,NA,7,58,58,0,30,27,26,27,14,310,320,96,5.6,21.4,5.98,6
1986,4,16,7,6.9,958.2,90.9,0,0.7,2.2,267,NA,NA,63,63,0,28,30,30,30,14,310,322,96,5.5,21.8,5.92,6.2
1986,4,16,8,7.7,958.3,81.5,0,1.3,3.6,248,NA,NA,178,174,8,105,90,77,79,14,334,337,96,4.7,21.8,5.61,6.2
1986,4,16,9,8.9,958.2,69.9,0,1.9,4.4,231,NA,NA,399,306,138,297,259,130,132,14,337,346,96,3.7,22.1,5.22,6.4
1986,4,16,10,9.7,957.8,65.8,0.1,2.2,5,234,NA,NA,270,265,6,135,143,115,117,14,337,346,96,3.6,22.8,5.18,6.8
1986,4,16,11,10.1,957.6,65.5,0,4.4,8.1,220,NA,NA,233,231,2,110,122,104,105,14,345,347,96,3.9,23.5,5.3,7.1
1986,4,16,12,7.9,958.1,79.1,2,5.1,8.9,227,NA,7,78,78,0,39,38,37,38,14,327,332,96,4.5,21.8,5.52,6.3
1986,4,16,13,6.8,958,83.6,1.5,4.4,8.9,193,NA,NA,88,88,0,43,42,42,43,14,327,329,96,4.2,20.4,5.41,5.6
1986,4,16,14,6.8,958.2,82.5,0.6,4.6,8.4,196,NA,NA,145,145,0,68,72,72,68,14,324,328,96,4,20.2,5.34,5.5
1986,4,16,15,7.7,957.8,80.4,0.2,3.2,6.7,192,NA,NA,253,207,88,94,149,237,94,14,335,338,96,4.5,21.6,5.53,6.2
1986,4,16,16,8.2,957.9,73.4,0,4.4,7.6,237,NA,NA,232,152,211,76,129,390,82,14,333,338,96,3.7,21.4,5.22,6.1
1986,4,16,17,8.4,958.2,69.3,0,2.9,9.1,213,NA,NA,69,69,0,31,32,43,33,14,331,336,96,3.1,21,5,5.9
1986,4,16,18,7.7,958.2,75.3,0,1.2,2.5,30,NA,7,10,10,0,5,5,4,5,14,329,332,96,3.6,20.8,5.18,5.8
1986,4,16,19,7.3,958.5,82,0,1.1,2.4,28,NA,NA,0,0,0,0,0,0,0,14,327,328,96,4.4,21.1,5.49,5.9
1986,4,16,20,6.8,959.3,87.1,1.9,1.3,5.6,151,NA,NA,1,0,0,0,0,0,0,14,334,334,96,4.8,21,5.63,5.8
1986,4,16,21,6.4,959,92.6,1.1,1.8,6.2,181,NA,NA,0,0,0,0,0,0,0,14,332,332,96,5.3,21.1,5.83,5.9
1986,4,16,22,6,958.7,93.5,0.3,0.9,2.5,73,NA,NA,1,0,0,0,0,0,0,14,330,330,96,5,20.4,5.72,5.5
1986,4,16,23,6,958.8,94.1,0.3,0.2,2,279,NA,NA,1,0,0,0,0,0,0,14,322,325,96,5.1,20.5,5.76,5.6
1986,4,17,0,6.2,958.4,92.7,1.3,1.8,4.4,223,NA,NA,0,0,0,0,0,0,0,14,324,325,96,5.1,20.7,5.75,5.7
1986,4,17,1,5.8,958,91.4,0.1,1.5,2.6,288,NA,NA,1,0,0,0,0,0,0,14,322,324,96,4.5,19.7,5.52,5.2
1986,4,17,2,5.8,958.3,92.7,0.6,1.2,2.3,253,NA,NA,0,0,0,0,0,0,0,14,330,330,96,4.7,19.9,5.6,5.3
1986,4,17,3,5.5,958.4,89.3,2.2,2.6,6.9,200,NA,NA,1,0,0,0,0,0,0,14,327,327,96,3.9,18.8,5.28,4.8
1986,4,17,4,5.4,958.1,84.2,0.2,1.8,5.2,201,NA,NA,0,0,0,0,0,0,0,14,327,327,96,3,17.8,4.94,4.3
1986,4,17,5,5.3,958.5,90.7,0,0.8,2.3,250,NA,NA,20,20,0,11,9,9,10,14,287,305,96,3.9,18.6,5.29,4.6
1986,4,17,6,5.9,958.6,91.6,0,1.4,3.7,266,NA,7,71,71,0,42,33,32,34,14,290,310,96,4.6,19.9,5.57,5.3
1986,4,17,7,6.3,958.6,88.7,0,1.4,3.9,252,NA,NA,88,88,0,44,42,41,42,14,292,312,96,4.6,20.2,5.54,5.5
1986,4,17,8,7.2,958.5,81.2,0,0.9,2.8,224,NA,NA,279,219,107,258,166,98,100,14,319,332,96,4.2,20.8,5.4,5.8
1986,4,17,9,8.2,958.2,74,0,1.5,5.7,122,NA,NA,262,257,8,146,138,110,113,14,326,336,96,3.8,21.5,5.27,6.1
1986,4,17,10,9.5,958.3,57.3,0,4.8,10.2,197,NA,NA,424,362,81,227,263,149,151,14,330,340,96,1.5,20.7,4.45,5.8
1986,4,17,11,10.5,957.9,50,0,4.5,8.6,195,NA,NA,589,348,298,219,441,165,154,14,311,335,94,0.5,21,4.15,6
1986,4,17,12,11.8,957.3,46.5,0,3.3,8.3,187,NA,6,772,295,594,162,607,279,153,14,317,344,94,0.7,22.5,4.21,6.7
1986,4,17,13,12.8,956.4,39.8,0,2.5,7.4,198,NA,NA,818,299,688,152,627,510,151,14,319,349,94,-0.5,22.6,3.85,6.8
1986,4,17,14,9.2,957.4,51.1,0.7,5,15.8,230,NA,NA,92,92,0,45,44,43,44,14,324,329,94,-0.4,19,3.89,5
1986,4,17,15,6.7,957.4,72.8,1.7,4.4,10.9,197,NA,NA,26,26,0,13,12,10,13,14,322,322,94,2.2,18.5,4.67,4.7
1986,4,17,16,6,957.6,82.5,0.5,2.8,8.3,166,NA,NA,40,40,0,20,19,15,20,14,322,322,94,3.3,18.7,5.05,4.8
1986,4,17,17,5.5,957.9,85.7,0,2.6,7.8,124,NA,NA,34,34,0,17,16,13,16,14,294,310,96,3.3,18.2,5.07,4.5
1986,4,17,18,5.6,958.4,86.1,0.3,1.2,4,310,NA,8,2,2,0,1,1,0,1,14,294,310,96,3.5,18.5,5.12,4.6
1986,4,17,19,5.2,958.7,88.5,0.4,0.9,2.5,48,NA,NA,0,0,0,0,0,0,0,14,294,309,96,3.5,18.1,5.12,4.4
1986,4,17,20,5,958.5,90.7,0.1,1,2.4,82,NA,NA,0,0,0,0,0,0,0,14,317,320,96,3.6,18,5.18,4.4
1986,4,17,21,4.9,958.5,92.7,0,0.8,1.7,51,NA,NA,0,0,0,0,0,0,0,14,316,318,96,3.8,18.1,5.25,4.4
1986,4,17,22,4.9,958.3,92.9,0.1,0.8,1.8,94,NA,NA,1,0,0,0,0,0,0,14,318,319,96,3.8,18.1,5.27,4.4
1986,4,17,23,5.1,958.4,93.3,0.1,0.3,1.1,256,NA,NA,0,0,0,0,0,0,0,14,318,320,96,4.1,18.6,5.36,4.6
1986,4,18,0,5.1,957.9,93.8,0.1,1.2,2.7,262,NA,NA,0,0,0,0,0,0,0,14,318,320,96,4.2,18.7,5.39,4.7
1986,4,18,1,5.2,957.7,90.4,0.4,2.8,6.4,212,NA,NA,1,0,0,0,0,0,0,14,317,320,96,3.8,18.4,5.23,4.5
1986,4,18,2,5.1,957.5,86.4,0.1,1.9,4.4,212,NA,NA,0,0,0,0,0,0,0,14,317,319,96,3,17.6,4.97,4.1
1986,4,18,3,5.1,957.1,85.9,0,1.4,3.5,178,NA,NA,0,0,0,0,0,0,0,14,317,317,96,2.9,17.5,4.94,4.1
1986,4,18,4,4.8,957.5,86.6,0,1,3,127,NA,NA,1,0,0,0,0,0,0,14,317,317,96,2.8,17,4.88,3.9
1986,4,18,5,5.1,958.1,79.7,0,1.5,3.5,195,NA,NA,6,6,0,1,3,3,3,14,317,318,96,1.9,16.6,4.58,3.7
1986,4,18,6,5.5,958.4,77.4,0,1,3.4,199,NA,7,62,62,0,33,29,28,29,14,321,323,96,1.9,17,4.57,3.9
1986,4,18,7,6.1,958.7,64.2,0,3.9,8.2,202,NA,NA,143,142,1,91,69,62,65,14,321,326,96,-0.1,16,3.95,3.5
1986,4,18,8,6.8,959.2,53.8,0,5.5,9.1,211,NA,NA,241,237,6,153,123,100,103,14,326,331,96,-1.9,15.5,3.47,3.2
1986,4,18,9,6.8,959.5,50.1,0,7,10.7,212,NA,NA,342,328,19,219,199,132,134,14,323,330,96,-2.9,14.9,3.22,2.9
1986,4,18,10,7.2,959.1,49.4,0,5.3,8.6,212,NA,NA,297,285,16,150,160,123,125,14,327,334,96,-2.7,15.4,3.27,3.2
1986,4,18,11,7.4,959.1,51,0,4.9,10.7,228,NA,NA,439,384,69,189,275,165,159,14,328,339,96,-2.1,16,3.42,3.5
1986,4,18,12,8,959,48.8,0,4.4,8.7,251,NA,7,420,390,37,166,259,188,159,14,328,338,96,-2.1,16.6,3.41,3.8
1986,4,18,13,8.8,958.5,47.9,0,4.6,10.1,206,NA,NA,714,303,543,150,538,446,150,14,331,346,96,-1.6,17.7,3.54,4.4
1986,4,18,14,8.9,958.4,46.1,0,4.1,8.2,221,NA,NA,435,369,100,144,275,334,144,14,320,337,96,-2.1,17.6,3.43,4.3
1986,4,18,15,8.4,958.5,48.6,0,5.4,9.8,237,NA,NA,332,264,127,112,194,332,113,14,320,333,96,-1.8,17.2,3.49,4.1
1986,4,18,16,7.7,958.7,48.2,0,3.7,6.7,225,NA,NA,118,118,0,54,57,69,55,14,310,324,96,-2.5,16,3.3,3.5
1986,4,18,17,6,958.7,67.2,0.1,1.9,7.2,281,NA,NA,36,36,0,18,17,14,17,14,313,318,96,0.4,16.3,4.1,3.6
1986,4,18,18,5.5,959.4,74,0,2.3,7.4,191,NA,6,5,5,0,3,3,0,2,14,308,315,96,1.2,16.5,4.36,3.6
1986,4,18,19,4.7,959.4,79.6,0.2,1.5,5.2,53,NA,NA,0,0,0,0,0,0,0,14,306,311,96,1.5,15.8,4.44,3.3
1986,4,18,20,4.6,959.9,83.3,0,1.1,3.2,87,NA,NA,0,0,0,0,0,0,0,14,315,316,96,2,16.2,4.61,3.5
1986,4,18,21,5,959.7,77.6,0,2.5,6.1,180,NA,NA,0,0,0,0,0,0,0,14,316,317,96,1.4,16.1,4.42,3.4
1986,4,18,22,4.9,959.9,74.9,0,3.8,7.4,208,NA,NA,0,0,0,0,0,0,0,14,314,316,96,0.8,15.5,4.23,3.1
1986,4,18,23,3.9,959.9,84.7,0.1,4.1,7.7,214,NA,NA,0,0,0,0,0,0,0,14,311,314,96,1.6,15.1,4.46,2.9
1986,4,19,0,3.7,959.5,87.4,0,2.2,4.9,233,NA,NA,0,0,0,0,0,0,0,14,310,312,96,1.8,15.1,4.54,2.9
1986,4,19,1,3.8,959,87.4,0,2.4,5.1,215,NA,NA,1,0,0,0,0,0,0,14,312,313,96,1.9,15.3,4.58,3
1986,4,19,2,3.6,959.2,86.9,1.2,2.7,5.7,236,NA,NA,1,0,0,0,0,0,0,14,316,316,96,1.6,14.8,4.49,2.7
1986,4,19,3,2.7,958.9,91.8,0.2,4.5,7.3,214,NA,NA,0,0,0,0,0,0,0,14,313,313,96,1.5,13.8,4.45,2.2
1986,4,19,4,2.7,959.1,92.9,0,2,4.2,223,NA,NA,0,0,0,0,0,0,0,14,314,314,96,1.7,14,4.5,2.3
1986,4,19,5,3,959,93.4,0.3,2.3,5.5,188,NA,NA,15,15,0,6,7,7,7,14,317,317,96,2,14.6,4.62,2.6
1986,4,19,6,3.8,959.6,91,0,1.5,3.4,185,NA,8,76,76,0,46,36,34,36,14,310,314,96,2.5,15.8,4.76,3.2
1986,4,19,7,3.7,960,88.5,0,2.9,6.5,248,NA,NA,62,62,0,28,29,29,30,14,310,314,96,2,15.2,4.6,3
1986,4,19,8,3.4,960.3,89.5,0.1,3.7,6.3,206,NA,NA,183,178,9,108,92,79,81,14,294,308,96,1.8,14.8,4.55,2.7
1986,4,19,9,4.5,960.4,84.8,0,3.2,5.3,209,NA,NA,485,298,272,395,332,133,134,14,301,319,96,2.2,16.2,4.66,3.5
1986,4,19,10,6.3,960.2,68.9,0,1.8,4.6,214,NA,NA,633,317,409,367,474,146,146,14,305,327,96,1,17.1,4.29,4
1986,4,19,11,7.3,960.1,49.1,0,1.7,5.5,239,NA,NA,512,377,165,206,350,168,160,14,294,322,96,-2.7,15.5,3.27,3.2
1986,4,19,12,7.7,960.3,48.5,0,3,6.9,219,NA,7,293,285,10,129,157,134,126,14,300,323,96,-2.5,16.1,3.32,3.5
1986,4,19,13,8.3,960.3,45.3,0,2.6,5.7,222,NA,NA,437,357,106,149,287,254,148,14,297,325,96,-2.8,16.5,3.23,3.7
1986,4,19,14,7,961.2,57.6,0,2.6,11.2,291,NA,NA,159,159,0,74,79,80,74,14,317,327,96,-0.8,16.5,3.76,3.7
1986,4,19,15,6.1,961.3,71.3,0.1,1.6,7.7,331,NA,NA,357,199,293,101,229,456,102,14,322,329,96,1.3,17.1,4.37,4
1986,4,19,16,6.5,962.3,67.3,0,1.7,6.4,174,NA,NA,77,77,0,37,37,37,37,14,317,323,96,0.9,17.2,4.24,4
1986,4,19,17,5.5,962.9,76.8,0.2,2.1,6.1,214,NA,NA,75,74,5,34,35,57,37,14,320,322,96,1.8,16.8,4.51,3.9
1986,4,19,18,5.4,963.8,77.9,0,3.4,5.7,215,NA,7,13,13,0,6,6,6,6,14,315,319,96,1.9,16.8,4.54,3.8
1986,4,19,19,5.3,964.7,76.4,0,1.7,4.8,196,NA,NA,0,0,0,0,0,0,0,14,317,318,96,1.5,16.4,4.42,3.6
1986,4,19,20,5.1,965.3,78.4,0,2.1,5.2,205,NA,NA,0,0,0,0,0,0,0,14,314,317,96,1.7,16.3,4.47,3.6
1986,4,19,21,4.2,965.8,82.8,0.1,3.1,6.3,209,NA,NA,0,0,0,0,0,0,0,14,312,315,96,1.5,15.3,4.43,3
1986,4,19,22,4.1,966.5,85.4,0.6,1.6,4.3,248,NA,NA,0,0,0,0,0,0,0,14,311,315,96,1.9,15.5,4.53,3.1
1986,4,19,23,3.8,966.5,88.9,0.3,1.7,4.7,193,NA,NA,0,0,0,0,0,0,0,14,294,305,96,2.1,15.4,4.62,3.1
1986,4,20,0,3.8,966.5,90,0,2.4,4.1,209,NA,NA,0,0,0,0,0,0,0,14,294,305,96,2.3,15.5,4.68,3.1
1986,4,20,1,3.7,966.8,90.2,0,3.1,5.3,214,NA,NA,1,0,0,0,0,0,0,14,294,305,96,2.2,15.4,4.65,3
1986,4,20,2,3.6,967,91.7,0,1.9,4,238,NA,NA,1,0,0,0,0,0,0,14,310,313,96,2.4,15.4,4.7,3.1
1986,4,20,3,3.4,966.5,93.9,0,0.5,1.7,321,NA,NA,0,0,0,0,0,0,0,14,307,310,96,2.5,15.3,4.75,3
1986,4,20,4,3.4,966.7,94.1,0,0.6,2.7,207,NA,NA,0,0,0,0,0,0,0,14,311,311,96,2.5,15.3,4.75,3
1986,4,20,5,3.7,967.1,93.9,0.3,3.8,5.6,217,NA,NA,8,8,0,2,4,4,4,14,268,294,96,2.8,15.8,4.84,3.3
1986,4,20,6,3.8,967.3,93.2,0.5,2.9,4.6,213,NA,8,53,53,0,25,25,25,25,14,270,296,96,2.8,15.9,4.84,3.4
1986,4,20,7,4.2,967.4,92,0.1,3.1,5.3,220,NA,NA,99,99,0,52,47,45,47,14,273,299,96,3,16.5,4.92,3.7
1986,4,20,8,5.4,967.4,84.3,0,3.6,10.2,217,NA,NA,238,225,21,169,127,97,99,14,312,322,96,3,17.7,4.9,4.3
1986,4,20,9,5.9,967.2,75.9,0.1,5.9,9.4,208,NA,NA,397,340,83,267,235,138,141,14,314,325,96,2,17.4,4.56,4.2
1986,4,20,10,6.9,966.8,72.4,0,6.5,10.6,212,NA,NA,428,369,77,227,261,151,153,14,317,328,96,2.3,18.7,4.67,4.8
1986,4,20,11,7.3,966.4,67.1,0,6.3,11.1,208,NA,NA,337,328,10,154,183,143,141,14,337,337,96,1.6,18.5,4.45,4.7
1986,4,20,12,7.8,966,68.8,0,6.6,10.5,215,NA,8,284,281,3,127,151,131,124,14,337,337,96,2.4,19.7,4.72,5.3
1986,4,20,13,7.4,965.9,78.9,0,6.5,11.3,226,NA,NA,251,242,12,109,132,125,109,14,338,338,96,4,20.7,5.27,5.8
1986,4,20,14,7.3,965.4,80.5,0.1,5.6,8.4,231,NA,NA,204,203,2,92,103,107,92,14,311,324,96,4.2,20.8,5.35,5.8
1986,4,20,15,6.9,965.2,87,0.7,4.8,7,241,NA,NA,108,108,0,52,52,53,51,14,310,322,96,4.9,21.1,5.63,5.9
1986,4,20,16,6.6,965,91.4,1.6,4,6.6,235,NA,NA,47,47,0,23,23,19,23,14,308,320,96,5.3,21.2,5.79,6
1986,4,20,17,6.6,964.8,92.1,1.8,4.5,7.7,237,NA,NA,15,15,0,8,8,4,7,14,308,320,96,5.4,21.3,5.84,6
1986,4,20,18,6.4,964.7,92.2,0.9,5.7,8.5,222,NA,8,6,6,0,3,3,0,2,14,308,319,96,5.2,20.9,5.77,5.8
1986,4,20,19,6.3,964.9,92.1,0.8,5.5,8.2,228,NA,NA,0,0,0,0,0,0,0,14,308,319,96,5.1,20.7,5.72,5.7
1986,4,20,20,6.3,965.1,92.7,1.1,5.1,7.2,225,NA,NA,0,0,0,0,0,0,0,14,292,311,96,5.2,20.8,5.75,5.8
1986,4,20,21,6.7,964.9,90.3,0.6,4.7,7.5,214,NA,NA,0,0,0,0,0,0,0,14,294,313,96,5.2,21.2,5.76,6
1986,4,20,22,6.9,964.7,90,0.3,4.4,6.9,216,NA,NA,0,0,0,0,0,0,0,14,294,313,96,5.4,21.6,5.83,6.2
1986,4,20,23,6.9,964.7,91.7,0.2,4.4,7.4,222,NA,NA,0,0,0,0,0,0,0,14,327,329,96,5.6,21.8,5.94,6.3
1986,4,21,0,7,964.5,92.1,0.4,3.7,5.8,233,NA,NA,0,0,0,0,0,0,0,14,327,329,96,5.8,22.1,6.01,6.4
1986,4,21,1,6.9,964.5,92.4,0.5,4.3,6.3,221,NA,NA,0,0,0,0,0,0,0,14,326,329,96,5.8,22,5.98,6.4
1986,4,21,2,6.9,964.1,92,0.1,2.7,4.7,216,NA,NA,0,0,0,0,0,0,0,14,310,320,96,5.7,21.9,5.96,6.3
1986,4,21,3,6.9,963.7,91.9,0,2.5,4,233,NA,NA,1,0,0,0,0,0,0,14,312,321,96,5.7,21.9,5.96,6.3
1986,4,21,4,7,963.1,90.8,0,3.1,5.3,230,NA,NA,2,0,0,0,0,0,0,14,312,322,96,5.6,21.9,5.93,6.3
1986,4,21,5,7.4,962.9,85.3,0,3.1,5.3,239,NA,NA,19,19,0,8,9,9,9,14,339,339,96,5.1,21.8,5.72,6.3
1986,4,21,6,8.1,962.3,79.6,0,3.8,7.6,221,NA,8,98,94,14,86,45,41,47,14,343,343,96,4.8,22.2,5.6,6.5
1986,4,21,7,9.2,961.9,76,0,5.2,8.3,222,NA,NA,230,186,103,271,117,81,87,14,349,349,96,5.2,23.8,5.77,7.2
1986,4,21,8,10.7,961.8,68.6,0,6.3,10.7,217,NA,NA,312,261,89,282,180,110,113,14,321,338,96,5.2,25.3,5.76,7.9
1986,4,21,9,12.8,961.3,59.3,0,6.1,9.9,229,NA,NA,550,320,330,447,369,142,143,14,333,352,96,5.1,27.3,5.72,8.9
1986,4,21,10,13.6,960.8,54.6,0,7.2,10.7,220,NA,NA,479,356,157,264,316,151,152,14,330,352,96,4.6,27.7,5.55,9
1986,4,21,11,14.2,959.9,52.1,0,6.2,10.3,209,NA,NA,239,238,1,113,124,107,107,14,317,344,96,4.5,28.2,5.51,9.3
1986,4,21,12,16.5,958.5,46.4,0,5.6,11.6,207,NA,6,538,375,200,170,365,223,162,14,336,363,96,5,31,5.7,10.5
1986,4,21,13,17.8,957.7,41.5,0,7.3,14.7,204,NA,NA,810,239,744,141,606,508,141,14,332,368,96,4.6,31.9,5.54,10.9
1986,4,21,14,17.5,956.9,41.9,0,7.4,14.2,205,NA,NA,577,265,462,133,397,532,133,14,349,373,96,4.4,31.5,5.49,10.7
1986,4,21,15,17.3,956.2,39.2,0,7.8,17.5,214,NA,NA,322,247,138,108,182,318,110,14,346,366,96,3.3,30.2,5.07,10.1
1986,4,21,16,17.1,955.1,37.9,0,8.7,15.3,209,NA,NA,150,145,14,65,74,117,67,14,345,362,96,2.6,29.5,4.85,9.8
1986,4,21,17,16.8,954.5,38.1,0,8,14,211,NA,NA,73,73,0,33,34,44,35,14,322,349,96,2.5,29,4.78,9.6
1986,4,21,18,16.1,954.2,38.8,0,6.7,11.6,216,NA,8,20,20,0,9,9,12,10,14,316,344,96,2.1,28,4.66,9.2
1986,4,21,19,15,954.7,41.2,0,6,11.2,214,NA,NA,0,0,0,0,0,0,0,14,317,341,96,1.9,26.7,4.61,8.6
1986,4,21,20,15.6,954.8,38.5,0,8.9,13.8,209,NA,NA,0,0,0,0,0,0,0,14,306,338,96,1.5,27,4.47,8.7
1986,4,21,21,15.8,954.6,36.9,0,8.2,15.6,206,NA,NA,0,0,0,0,0,0,0,14,305,339,96,1.1,26.9,4.34,8.7
1986,4,21,22,15.6,954.6,36.5,0,5.3,10.4,199,NA,NA,0,0,0,0,0,0,0,14,305,338,96,0.8,26.4,4.24,8.5
1986,4,21,23,15.5,954.4,35.8,0,6.5,14.9,208,NA,NA,0,0,0,0,0,0,0,14,303,337,96,0.4,26,4.13,8.3
1986,4,22,0,14,954.9,43.2,0,8.1,18.4,230,NA,NA,0,0,0,0,0,0,0,14,298,330,96,1.7,25.5,4.53,8.1
1986,4,22,1,11.8,954.7,59.6,0,7.1,18,245,NA,NA,0,0,0,0,0,0,0,14,297,325,96,4.2,25.5,5.42,8
1986,4,22,2,11.5,954.9,62.9,0,5.8,11.5,235,NA,NA,0,0,0,0,0,0,0,14,324,337,96,4.7,25.7,5.61,8.1
1986,4,22,3,9.2,955.7,83.8,1.6,6.5,10.6,246,NA,NA,0,0,0,0,0,0,0,14,318,330,96,6.6,25.4,6.41,7.9
1986,4,22,4,7.7,956.7,88.2,1.9,3.2,6.4,210,NA,NA,1,0,0,0,0,0,0,14,318,327,96,5.9,23,6.08,6.8
1986,4,22,5,6.7,958.5,85.9,1.7,1.2,5.8,276,NA,NA,4,4,0,1,2,2,2,14,295,313,96,4.5,20.6,5.52,5.6
1986,4,22,6,5.6,959.6,80.1,1.5,1.4,5.7,276,NA,8,19,19,0,6,9,9,9,14,292,309,96,2.4,17.6,4.76,4.2
1986,4,22,7,5.3,961,90.1,1.5,1.6,3.4,121,NA,NA,22,22,0,8,10,11,11,14,293,310,96,3.8,18.5,5.24,4.6
1986,4,22,8,4.8,961.4,91.8,2.2,1.6,4.2,129,NA,NA,41,41,0,18,20,20,21,14,300,312,96,3.6,17.7,5.15,4.2
1986,4,22,9,4.4,961.7,89.1,1.5,1.8,4,196,NA,NA,45,45,0,21,22,22,23,14,297,310,96,2.8,16.6,4.86,3.7
1986,4,22,10,4.1,962,90.6,1.3,2.3,4.1,254,NA,NA,62,62,0,30,30,30,31,14,295,308,96,2.7,16.2,4.83,3.5
1986,4,22,11,3.5,962.2,91.3,2.3,2.3,4.5,240,NA,NA,70,70,0,35,34,34,35,14,300,309,96,2.2,15.2,4.67,2.9
1986,4,22,12,2.9,961.8,92,1.5,1.1,2.7,279,NA,8,82,82,0,41,40,39,40,14,296,307,96,1.7,14.2,4.51,2.4
1986,4,22,13,2.5,961.4,92.7,1.9,0.8,2.6,61,NA,NA,73,73,0,36,35,35,36,14,294,305,96,1.4,13.6,4.42,2
1986,4,22,14,1.8,960.9,94.5,2.5,0.9,2.3,86,NA,NA,60,60,0,30,29,27,30,14,281,295,96,1,12.5,4.28,1.5
1986,4,22,15,1.1,960.9,97.2,2,1,2.2,67,NA,NA,44,44,0,22,21,19,22,14,282,293,96,0.7,11.6,4.19,0.9
1986,4,22,16,1.4,961.1,95.6,2.3,0.6,2.6,27,NA,NA,37,37,0,19,18,14,18,14,280,292,96,0.8,11.9,4.21,1.2
1986,4,22,17,0.8,961.4,97.5,1.7,0.6,1.7,198,NA,NA,14,14,0,9,8,5,8,30,305,307,98,0.5,11.1,4.11,0.7
1986,4,22,18,0.6,961.4,97.4,1.7,0.4,1.1,236,NA,8,3,3,0,2,2,0,1,30,305,307,98,0.2,10.7,4.05,0.4
1986,4,22,19,0.7,961.7,97.2,0.7,0.7,1.7,261,NA,NA,3,0,0,0,0,0,0,30,305,307,98,0.3,10.9,4.07,0.5
1986,4,22,20,1,962.1,97,0,0.9,2.8,231,NA,NA,3,0,0,0,0,0,0,30,306,307,98,0.6,11.4,4.15,0.8
1986,4,22,21,1,961.8,97.4,0.2,0.6,1.9,259,NA,NA,1,0,0,0,0,0,0,30,307,308,98,0.6,11.4,4.16,0.8
1986,4,22,22,1.2,962.1,97.3,0.2,1.1,3.6,256,NA,NA,2,0,0,0,0,0,0,30,308,308,98,0.8,11.7,4.22,1
1986,4,22,23,1.4,962.4,97.2,0.7,1.2,2.8,229,NA,NA,2,0,0,0,0,0,0,30,302,306,98,1,12.1,4.27,1.2
1986,4,23,0,1.7,962.9,96.2,3.3,1.2,3.2,218,NA,NA,2,0,0,0,0,0,0,30,301,306,98,1.2,12.5,4.32,1.5
1986,4,23,1,0.8,963.3,97.2,4,0.9,2.2,238,NA,NA,1,0,0,0,0,0,0,30,296,303,98,0.4,11,4.09,0.6
1986,4,23,2,1,963.4,96.7,1.8,0.8,2.1,203,NA,NA,2,0,0,0,0,0,0,30,289,299,98,0.5,11.3,4.13,0.8
1986,4,23,3,1.6,962.8,94.4,2.7,0.8,2.1,31,NA,NA,0,0,0,0,0,0,0,30,292,301,98,0.8,12.1,4.21,1.3
1986,4,23,4,1,963.1,96.8,0,1.3,2.4,5,NA,NA,2,0,0,0,0,0,0,30,290,300,98,0.5,11.3,4.13,0.8
1986,4,23,5,1.4,963.2,96.4,0.4,1,3,90,NA,NA,8,8,0,2,5,5,4,30,310,310,98,0.9,12,4.24,1.2
1986,4,23,6,1.5,963.1,96.8,0.5,1,4.1,306,NA,8,18,18,0,7,10,10,10,30,309,311,98,1,12.2,4.28,1.3
1986,4,23,7,1.8,963.2,96.9,0.1,0.3,1.5,303,NA,NA,32,32,0,15,18,18,19,30,311,312,98,1.4,12.8,4.38,1.6
1986,4,23,8,2.1,963.2,97.3,0.2,0.6,2.3,358,NA,NA,67,67,0,37,38,38,39,30,312,314,98,1.7,13.4,4.5,1.9
1986,4,23,9,2.7,963.2,97.2,0.6,1.7,3.6,337,NA,NA,153,153,0,91,89,84,85,30,317,319,98,2.3,14.4,4.69,2.5
1986,4,23,10,4.1,963.1,90.9,0.1,1.8,4.5,17,NA,NA,294,288,8,172,180,149,151,30,324,328,98,2.8,16.3,4.84,3.5
1986,4,23,11,5.6,962.8,82.4,0,2.7,5,26,NA,NA,421,402,22,186,234,170,167,14,321,330,96,2.8,17.9,4.88,4.3
1986,4,23,12,6.7,962.3,76.7,0,1.9,5.5,21,NA,7,404,388,20,167,224,180,162,14,327,336,96,2.9,19,4.9,4.9
1986,4,23,13,7,962,74.3,0,1.6,5.3,352,NA,NA,280,275,7,122,147,139,121,14,326,336,96,2.7,19.2,4.85,5
1986,4,23,14,7.4,961.9,72.4,0,1.3,7,354,NA,NA,177,177,1,82,88,90,81,14,339,341,96,2.8,19.6,4.86,5.3
1986,4,23,15,8,961.7,70.8,0,2.1,5.2,23,NA,NA,145,145,0,67,71,77,67,14,341,342,96,3,20.5,4.95,5.7
1986,4,23,16,8.2,961.7,71.3,0,1.1,3.8,48,NA,NA,125,125,0,57,60,73,58,14,341,341,96,3.3,20.9,5.05,5.9
1986,4,23,17,8.2,961.5,70.8,0,0.6,1.6,135,NA,NA,64,64,0,30,30,35,31,14,341,341,96,3.2,20.9,5.02,5.8
1986,4,23,18,8.2,961.9,71.7,0,0.2,1.2,187,NA,8,14,14,0,7,7,5,6,14,341,341,96,3.4,21,5.08,5.9
1986,4,23,19,7.4,962.3,79.2,0,0.6,2.1,234,NA,NA,0,0,0,0,0,0,0,14,335,335,96,4,20.8,5.31,5.8
1986,4,23,20,6.1,962.6,88.8,0,0.8,2.5,63,NA,NA,0,0,0,0,0,0,0,14,294,307,96,4.4,19.8,5.45,5.3
1986,4,23,21,5.5,962.6,91.5,0,0.4,1.9,270,NA,NA,0,0,0,0,0,0,0,14,295,307,96,4.2,19,5.38,4.9
1986,4,23,22,5.3,963,92.8,0,0.2,0.9,247,NA,NA,0,0,0,0,0,0,0,14,295,307,96,4.2,18.8,5.38,4.8
1986,4,23,23,5.3,963.2,93.5,0,0.3,1.3,8,NA,NA,1,0,0,0,0,0,0,14,328,328,96,4.3,18.9,5.42,4.8
1986,4,24,0,5.3,963.3,94,0,0.6,1.3,211,NA,NA,0,0,0,0,0,0,0,14,328,328,96,4.4,19,5.45,4.9
1986,4,24,1,5.4,963.7,93.9,0,0.6,1.4,238,NA,NA,1,0,0,0,0,0,0,14,329,329,96,4.5,19.2,5.48,5
1986,4,24,2,5.8,964.2,93.6,0,0.4,1.4,228,NA,NA,2,0,0,0,0,0,0,14,329,329,96,4.8,19.9,5.62,5.3
1986,4,24,3,5.7,964.4,93.8,0.2,0.3,1.6,9,NA,NA,0,0,0,0,0,0,0,14,329,329,96,4.8,19.7,5.59,5.3
1986,4,24,4,5.8,964.6,94.9,0.9,1.1,2.7,336,NA,NA,0,0,0,0,0,0,0,14,330,330,96,5,20.1,5.69,5.4
1986,4,24,5,6,965.3,94.9,0.5,0.6,1.9,336,NA,NA,6,6,0,1,3,3,3,14,315,322,96,5.2,20.5,5.77,5.6
1986,4,24,6,6.3,965.7,95.1,0.2,0.5,1.5,300,NA,8,26,26,0,9,12,13,12,14,317,324,96,5.6,21.1,5.9,6
1986,4,24,7,6.6,966.2,95.4,0,1.2,2.9,80,NA,NA,79,79,0,38,38,37,38,14,318,326,96,5.9,21.8,6.04,6.3
1986,4,24,8,7,966.8,94,0.7,0.7,2.1,20,NA,NA,84,84,0,40,41,40,41,14,313,325,96,6.1,22.4,6.12,6.6
1986,4,24,9,7.4,967.1,93.7,0.3,1,3,91,NA,NA,155,155,0,79,77,71,73,14,314,328,96,6.5,23.2,6.27,6.9
1986,4,24,10,7.9,967.1,91.5,0,1.1,2.8,63,NA,NA,226,225,2,112,116,100,102,14,319,333,96,6.6,23.9,6.33,7.2
1986,4,24,11,9,966.9,82.7,0,2.2,5.4,26,NA,NA,312,305,8,143,166,134,133,14,313,334,96,6.2,24.6,6.17,7.6
1986,4,24,12,10.1,966.7,76.8,0,1.9,4.4,350,NA,8,451,382,83,167,274,196,161,14,318,340,96,6.2,25.7,6.17,8.1
1986,4,24,13,11.3,966.1,69.7,0,1.2,4.3,27,NA,NA,495,388,138,159,318,286,159,14,325,350,96,6,26.6,6.06,8.6
1986,4,24,14,12.7,966,61.6,0,1.4,3.7,57,NA,NA,483,295,275,134,310,409,134,14,335,359,96,5.5,27.6,5.88,9
1986,4,24,15,12.7,965.9,62.3,0,2.1,4.6,30,NA,NA,179,175,8,80,88,104,80,14,337,352,96,5.7,27.8,5.95,9.1
1986,4,24,16,12,966,68,0.5,2.6,4.7,24,NA,NA,54,54,0,26,26,22,26,14,332,344,96,6.3,27.7,6.2,9
1986,4,24,17,10.9,966,82.5,0,2.6,4.5,19,NA,NA,25,25,0,12,12,8,12,14,347,348,96,8,28.6,7,9.4
1986,4,24,18,10.2,966.2,84.4,0,1.6,5.8,100,NA,7,3,3,0,2,2,0,1,14,346,346,96,7.7,27.5,6.83,8.9
1986,4,24,19,10.2,966.9,78.9,0,2.1,6.5,60,NA,NA,0,0,0,0,0,0,0,14,342,342,96,6.7,26.3,6.38,8.4
1986,4,24,20,9.3,967.1,87.5,0.8,1.4,4.2,40,NA,NA,0,0,0,0,0,0,0,14,346,346,96,7.3,26.1,6.66,8.3
1986,4,24,21,9,967.5,91.5,0.3,1.1,3.8,298,NA,NA,0,0,0,0,0,0,0,14,345,345,96,7.7,26.2,6.82,8.3
1986,4,24,22,8.8,967.7,92.9,0.1,0.4,1.6,27,NA,NA,0,0,0,0,0,0,0,14,344,344,96,7.7,26,6.83,8.2
1986,4,24,23,8.7,967.7,94.2,0,0.7,2.7,14,NA,NA,0,0,0,0,0,0,0,14,336,338,96,7.8,26.1,6.88,8.2
1986,4,25,0,8.3,967.2,94.4,0,0.7,1.9,2,NA,NA,0,0,0,0,0,0,0,14,334,334,96,7.5,25.2,6.72,7.9
1986,4,25,1,8.1,967.1,94.6,0,1.6,2.7,343,NA,NA,0,0,0,0,0,0,0,14,333,335,96,7.3,24.8,6.64,7.7
1986,4,25,2,8.1,966.9,94.3,0,0.9,2.5,22,NA,NA,1,0,0,0,0,0,0,14,333,335,96,7.2,24.8,6.62,7.6
1986,4,25,3,8,966.6,94,0,0.6,1.7,15,NA,NA,0,0,0,0,0,0,0,14,333,334,96,7.1,24.5,6.55,7.5
1986,4,25,4,8.2,967.1,94.2,0.1,1.3,7.2,231,NA,NA,0,0,0,0,0,0,0,14,334,336,96,7.3,25,6.66,7.7
1986,4,25,5,7.9,968.3,93.6,4,2.6,7,212,NA,NA,4,4,0,1,2,2,2,14,331,334,96,6.9,24.2,6.47,7.4
1986,4,25,6,7.8,967.9,94,0.5,1,3,271,NA,8,68,68,0,36,32,31,32,14,333,335,96,6.9,24.1,6.46,7.3
1986,4,25,7,8.6,968.1,90.2,0,1.1,2.6,58,NA,NA,152,148,11,110,75,66,69,14,336,340,96,7.1,25.1,6.54,7.8
1986,4,25,8,10.2,967.9,75.6,0,1.1,3.4,14,NA,NA,421,270,256,449,247,120,123,14,331,345,96,6.1,25.6,6.1,8.1
1986,4,25,9,11.3,967.6,69,0,1.7,3.8,74,NA,NA,549,318,325,438,356,142,143,14,331,351,96,5.8,26.5,5.99,8.5
1986,4,25,10,11.7,967.1,67.6,0,2.7,5.5,49,NA,NA,522,377,183,284,337,158,160,14,336,353,96,5.9,27,6.03,8.7
1986,4,25,11,12.5,966.2,61.5,0,2.6,5.3,57,NA,NA,680,361,382,235,481,175,163,14,303,341,96,5.3,27.2,5.79,8.8
1986,4,25,12,13.7,965.5,57.1,0,3.2,5.8,47,NA,6,751,282,566,157,551,272,148,14,313,354,96,5.4,28.5,5.82,9.4
1986,4,25,13,14.1,964.7,52.7,0,3.1,5.7,46,NA,NA,515,350,211,149,349,312,148,14,307,348,96,4.6,28.1,5.51,9.3
1986,4,25,14,14.1,964,51.6,0,2.7,4.5,49,NA,NA,188,186,3,86,94,98,85,14,306,340,96,4.3,27.8,5.4,9.1
1986,4,25,15,14.1,963.1,55.4,0,2.8,4.9,33,NA,NA,155,155,0,72,76,84,72,14,307,340,96,5.3,28.8,5.81,9.5
1986,4,25,16,14.1,962.1,58.2,0,1.6,2.8,33,NA,NA,96,96,0,45,46,49,45,14,309,341,96,6,29.6,6.11,9.8
1986,4,25,17,13.7,962.1,63.3,0,0.8,2.3,55,NA,NA,36,36,0,18,17,14,17,14,314,338,96,6.9,30.1,6.48,10.1
1986,4,25,18,12.1,961.3,72.2,0.3,1.1,2.6,347,NA,8,0,0,0,0,0,0,0,14,309,331,96,7.3,29,6.66,9.6
1986,4,25,19,11.4,960.9,86.2,0,1.2,2.3,212,NA,NA,0,0,0,0,0,0,0,14,310,331,96,9.2,30.6,7.61,10.2
1986,4,25,20,11.2,960.4,90,0,1.7,3.1,218,NA,NA,0,0,0,0,0,0,0,14,310,331,96,9.6,31,7.85,10.3
1986,4,25,21,10.8,959.8,92.6,0,1.6,3.1,217,NA,NA,0,0,0,0,0,0,0,14,310,329,96,9.7,30.7,7.87,10.2
1986,4,25,22,10.6,959.9,92.2,0.1,1.5,2.8,218,NA,NA,0,0,0,0,0,0,0,14,307,328,96,9.4,30.1,7.73,9.9
1986,4,25,23,10.3,959.5,93.5,0.3,1.6,3.7,212,NA,NA,0,0,0,0,0,0,0,14,298,323,96,9.3,29.7,7.68,9.8
1986,4,26,0,10,959.1,93,0,1.5,3.5,224,NA,NA,0,0,0,0,0,0,0,14,295,321,96,8.9,28.9,7.49,9.4
1986,4,26,1,9.5,958.9,93.1,0,0.4,1.2,135,NA,NA,0,0,0,0,0,0,0,14,293,317,96,8.4,27.8,7.25,8.9
1986,4,26,2,9.3,958.6,94.3,0,0.8,2,252,NA,NA,2,0,0,0,0,0,0,14,293,318,96,8.4,27.6,7.25,8.8
1986,4,26,3,9.4,958.5,94.5,0,0.7,2.1,192,NA,NA,0,0,0,0,0,0,0,14,294,318,96,8.6,27.9,7.31,9
1986,4,26,4,9.3,958.8,94.9,0,1.3,2.5,243,NA,NA,2,0,0,0,0,0,0,14,293,319,96,8.5,27.7,7.29,8.9
1986,4,26,5,9.5,958.9,94.8,0,0.6,2.5,34,NA,NA,49,34,149,207,22,20,66,14,320,333,96,8.7,28.1,7.38,9.1
1986,4,26,6,10.9,959,88.6,0,0.7,1.7,321,NA,7,212,86,456,591,66,58,93,14,325,342,96,9.1,30.1,7.58,9.9
1986,4,26,7,12.1,959.3,73.7,0,0.5,1.9,221,NA,NA,315,194,271,486,158,92,103,14,330,349,96,7.6,29.4,6.82,9.7
1986,4,26,8,12.9,959.8,69,0,0.6,2.1,182,NA,NA,286,273,22,212,151,112,115,14,343,356,96,7.4,29.9,6.72,10
1986,4,26,9,14.4,959.5,58.2,0,1.8,5.9,237,NA,NA,354,339,22,223,198,136,139,14,345,360,96,6.3,30.3,6.25,10.1
1986,4,26,10,14.4,959.4,51.7,0,5.1,10.4,223,NA,NA,198,197,1,98,100,89,91,14,343,357,96,4.6,28.5,5.54,9.4
1986,4,26,11,13.8,959.2,52.9,0.1,3.7,8,209,NA,NA,114,114,0,56,56,54,55,14,368,368,96,4.4,27.7,5.46,9
1986,4,26,12,11.9,959.2,68,0.6,5.5,12.2,222,NA,8,176,175,1,83,89,83,82,14,366,366,96,6.2,27.6,6.2,8.9
1986,4,26,13,11.7,959.6,71.9,0.1,3.6,7.8,208,NA,NA,111,111,0,54,54,53,54,14,356,356,96,6.8,28.1,6.47,9.1
1986,4,26,14,11,959.5,83.6,0.2,1.8,4.4,97,NA,NA,92,92,0,45,44,43,45,14,341,346,96,8.3,29.2,7.19,9.5
1986,4,26,15,12.4,959.7,75.8,0,1.8,5.1,18,NA,NA,298,249,89,108,163,275,110,14,346,357,96,8.3,30.5,7.15,10.2
1986,4,26,16,13.5,960.2,63.1,0,3.5,13.2,184,NA,NA,317,162,379,88,145,574,98,14,349,357,96,6.6,29.7,6.39,9.9
1986,4,26,17,12.9,960.8,45.5,0,4.8,11.1,223,NA,NA,144,84,250,49,55,379,86,14,345,349,96,1.4,24.1,4.41,7.5
1986,4,26,18,11.8,961.2,50.5,0,2.1,6,217,NA,5,33,33,0,14,15,29,19,14,325,329,94,1.9,23.3,4.55,7.1
1986,4,26,19,11.1,961.7,53.1,0,2.4,5.5,190,NA,NA,0,0,0,0,0,0,0,14,325,329,94,1.9,22.7,4.57,6.8
1986,4,26,20,10.7,962.2,56,0,4.3,9.1,204,NA,NA,0,0,0,0,0,0,0,14,297,317,94,2.3,22.6,4.69,6.7
1986,4,26,21,10.3,962.3,57.8,0,4.3,8.4,208,NA,NA,0,0,0,0,0,0,0,14,295,315,94,2.4,22.2,4.71,6.6
1986,4,26,22,9.9,962.2,61.3,0,3.9,6.8,214,NA,NA,0,0,0,0,0,0,0,14,293,311,94,2.8,22.2,4.87,6.5
1986,4,26,23,8.9,961.5,67.1,0,3.1,5.3,218,NA,NA,0,0,0,0,0,0,0,14,276,300,94,3.1,21.5,4.99,6.2
1986,4,27,0,8.8,961.1,67.3,0,5.1,8.4,221,NA,NA,0,0,0,0,0,0,0,14,280,302,94,3.1,21.3,4.97,6.1
1986,4,27,1,8.4,961.5,64.8,0,4.8,8.3,221,NA,NA,0,0,0,0,0,0,0,14,276,300,94,2.2,20.1,4.65,5.5
1986,4,27,2,6.7,961.1,71.4,0,1.1,4,232,NA,NA,0,0,0,0,0,0,0,14,265,286,94,1.9,18.2,4.57,4.5
1986,4,27,3,5.8,961.2,76.7,0,0.8,2.7,63,NA,NA,0,0,0,0,0,0,0,14,267,286,94,2,17.4,4.61,4.1
1986,4,27,4,6.8,961.4,71.1,0,1.3,4.9,207,NA,NA,1,0,0,0,0,0,0,14,273,292,94,1.9,18.3,4.58,4.6
1986,4,27,5,6.5,961.8,72.1,0,2,4.6,210,NA,NA,43,40,34,79,20,19,34,14,275,300,96,1.8,17.9,4.54,4.4
1986,4,27,6,7.9,961.8,67.2,0,2.5,6,220,NA,6,138,119,69,185,59,52,66,14,279,309,96,2.2,19.7,4.66,5.3
1986,4,27,7,9.2,961.9,60.8,0,3.4,6.4,198,NA,NA,205,200,11,152,98,84,89,14,283,315,96,2,20.8,4.61,5.9
1986,4,27,8,9.8,961.8,58.3,0,3.4,6.5,203,NA,NA,246,241,8,152,123,103,106,14,338,345,96,2,21.4,4.6,6.2
1986,4,27,9,9.7,961.9,59.9,0,5.6,8.5,229,NA,NA,289,284,7,160,149,121,123,14,339,346,96,2.3,21.6,4.69,6.2
1986,4,27,10,9.6,961.7,61.6,0,5.5,8.4,227,NA,NA,271,266,6,135,140,116,118,14,339,345,96,2.6,21.7,4.8,6.3
1986,4,27,11,10.6,961.7,58.8,0,4.1,7.2,226,NA,NA,510,391,142,206,331,173,164,14,316,341,96,2.9,23,4.9,6.9
1986,4,27,12,10,961.7,60,0,3,7,266,NA,8,285,273,14,124,150,130,122,14,310,334,96,2.6,22.1,4.8,6.5
1986,4,27,13,9.9,961.5,58.7,0,2.5,6.5,287,NA,NA,413,391,28,158,239,224,157,14,313,339,96,2.2,21.7,4.66,6.3
1986,4,27,14,10.4,961.3,57.9,0,2.6,6.5,7,NA,NA,324,313,16,133,168,188,133,14,303,333,96,2.5,22.4,4.76,6.7
1986,4,27,15,9.6,961,60.1,0,3.2,7.2,350,NA,NA,191,190,2,86,94,110,86,14,301,327,96,2.2,21.4,4.68,6.1
1986,4,27,16,9.6,960.9,59.7,0,3.3,6.1,328,NA,NA,125,125,0,57,59,71,58,14,300,325,96,2.2,21.4,4.65,6.1
1986,4,27,17,9.2,960.9,60.6,0,2.7,7.3,330,NA,NA,59,59,0,28,28,29,28,14,281,313,96,2,20.8,4.6,5.9
1986,4,27,18,8.8,961.2,63.1,0,2.6,7.1,18,NA,7,20,20,0,9,9,9,9,14,279,311,96,2.2,20.6,4.66,5.7
1986,4,27,19,8.2,961.4,72.1,0,2.7,5.5,27,NA,NA,2,0,0,0,0,0,0,14,279,309,96,3.5,21.1,5.11,6
1986,4,27,20,7.9,961.5,75.7,0,1.5,2.9,38,NA,NA,3,0,0,0,0,0,0,14,330,333,96,3.9,21.2,5.26,6
1986,4,27,21,7.7,961.4,77.5,0,1.7,3.5,47,NA,NA,0,0,0,0,0,0,0,14,328,331,96,4,21.1,5.31,5.9
1986,4,27,22,7,961.1,85.9,0.1,2.2,4,30,NA,NA,0,0,0,0,0,0,0,14,326,328,96,4.8,21.1,5.62,5.9
1986,4,27,23,6.6,960.7,91.6,0.2,2.1,3.9,42,NA,NA,1,0,0,0,0,0,0,14,325,327,96,5.3,21.3,5.83,6
1986,4,28,0,6.7,960.2,89.7,0,2.2,4.4,37,NA,NA,0,0,0,0,0,0,0,14,326,327,96,5.1,21.2,5.75,5.9
1986,4,28,1,6.5,959.9,91.8,0.7,2.8,5.2,28,NA,NA,0,0,0,0,0,0,0,14,324,327,96,5.3,21.1,5.81,5.9
1986,4,28,2,6.4,959.5,93.5,1,2.5,4.4,22,NA,NA,0,0,0,0,0,0,0,14,332,332,96,5.4,21.2,5.88,5.9
1986,4,28,3,6.4,958.8,94.2,0.1,2.5,4.1,26,NA,NA,1,0,0,0,0,0,0,14,334,334,96,5.5,21.3,5.93,6
1986,4,28,4,6.6,958.8,92.5,0,2.9,6.5,35,NA,NA,2,0,0,0,0,0,0,14,334,334,96,5.5,21.5,5.9,6.1
1986,4,28,5,6.8,958.9,87.9,0,2.5,6.1,26,NA,NA,3,3,0,0,2,2,1,14,335,335,96,4.9,21.1,5.68,5.9
1986,4,28,6,7.1,958.9,83,0,5,9.1,46,NA,8,14,14,0,4,7,7,7,14,336,336,96,4.4,20.9,5.48,5.8
1986,4,28,7,7.2,959.1,82,0,5.2,9.6,49,NA,NA,31,31,0,12,15,15,15,14,337,337,96,4.3,20.9,5.45,5.8
1986,4,28,8,7.5,959,81.1,0,6.2,10.8,46,NA,NA,76,76,0,36,37,36,37,14,338,338,96,4.5,21.4,5.5,6.1
1986,4,28,9,7.8,959,80.6,0,5.6,10.1,51,NA,NA,105,105,0,52,51,50,51,14,342,342,96,4.7,21.9,5.58,6.3
1986,4,28,10,8.7,958.9,74.8,0,6,10.9,47,NA,NA,151,151,0,75,75,70,71,14,344,344,96,4.5,22.6,5.5,6.7
1986,4,28,11,9,959,72,0,6.3,10.5,47,NA,NA,153,153,0,74,77,71,72,14,346,346,96,4.2,22.6,5.41,6.7
1986,4,28,12,9.1,959.4,71.2,0,6.6,12.7,53,NA,8,116,116,0,56,57,55,56,14,345,345,96,4.2,22.7,5.38,6.7
1986,4,28,13,9.1,959.5,74.8,0,6.3,11.4,52,NA,NA,136,136,0,65,67,65,65,14,347,347,96,4.9,23.4,5.65,7
1986,4,28,14,9.3,959.7,75.4,0,5.2,9.5,48,NA,NA,123,123,0,59,60,60,58,14,346,346,96,5.2,23.9,5.78,7.3
1986,4,28,15,9.3,960,75.4,0,4.7,8.9,47,NA,NA,75,75,0,37,36,34,37,14,347,347,96,5.2,23.9,5.77,7.3
1986,4,28,16,9.1,960.4,76.9,0,4.2,7.8,39,NA,NA,45,45,0,23,22,18,22,14,345,345,96,5.3,23.8,5.81,7.2
1986,4,28,17,8.8,960.9,78.1,0,3.8,7.4,54,NA,NA,17,17,0,8,8,5,8,14,344,344,96,5.2,23.4,5.78,7
1986,4,28,18,8.7,961.5,78.5,0,4,7.9,62,NA,8,5,5,0,3,3,0,2,14,343,343,96,5.2,23.2,5.76,7
1986,4,28,19,8.6,962,81.7,0,3.2,6.3,74,NA,NA,2,0,0,0,0,0,0,14,343,343,96,5.7,23.6,5.96,7.2
1986,4,28,20,8.8,962.5,83.2,0,2.8,5.4,62,NA,NA,1,0,0,0,0,0,0,14,345,345,96,6.1,24.3,6.15,7.4
1986,4,28,21,8.6,962.7,84.8,0,1.6,3.5,345,NA,NA,2,0,0,0,0,0,0,14,343,343,96,6.2,24.2,6.18,7.4
1986,4,28,22,8.8,962.7,85,0,1.6,3.6,24,NA,NA,2,0,0,0,0,0,0,14,345,345,96,6.4,24.6,6.28,7.6
1986,4,28,23,8.7,962.6,85.8,0,0.7,1.9,24,NA,NA,2,0,0,0,0,0,0,14,344,344,96,6.5,24.6,6.3,7.6
1986,4,29,0,8.6,962.8,86.9,0,0.6,1.8,329,NA,NA,4,0,0,0,0,0,0,14,343,343,96,6.5,24.6,6.33,7.5
1986,4,29,1,8.5,963,88.5,0,0.2,1.6,333,NA,NA,3,0,0,0,0,0,0,14,343,343,96,6.7,24.7,6.41,7.6
1986,4,29,2,8.5,963,89.5,0,0.2,1,169,NA,NA,3,0,0,0,0,0,0,14,344,344,96,6.9,24.8,6.48,7.7
1986,4,29,3,8.4,963.1,90.1,0,0.3,1.4,315,NA,NA,2,0,0,0,0,0,0,14,343,343,96,6.9,24.7,6.48,7.6
1986,4,29,4,8.4,963.5,91,0,0.3,1.1,93,NA,NA,0,0,0,0,0,0,0,14,343,343,96,7,24.9,6.54,7.7
1986,4,29,5,8.4,963.7,93.5,0,0.3,1,72,NA,NA,5,5,0,1,3,3,2,14,343,343,96,7.4,25.3,6.72,7.9
1986,4,29,6,8.6,964.2,94.4,0,0.4,1.1,37,NA,8,8,8,0,2,4,4,4,14,344,344,96,7.8,25.9,6.88,8.2
1986,4,29,7,8.6,964.6,94.7,0.1,0.4,1.4,67,NA,NA,11,11,0,4,5,6,6,14,344,344,96,7.8,26,6.9,8.2
1986,4,29,8,8.8,964.9,95.3,0.2,0.7,3,264,NA,NA,39,39,0,17,19,19,20,14,346,346,96,8.1,26.5,7.03,8.4
1986,4,29,9,9.2,965.2,93.7,0.1,0.8,2.2,304,NA,NA,77,77,0,37,37,37,38,14,347,347,96,8.2,27.1,7.1,8.7
1986,4,29,10,9.6,965.6,91,0.1,0.5,1.7,308,NA,NA,100,100,0,49,49,47,48,14,348,348,96,8.2,27.5,7.08,8.9
1986,4,29,11,9.7,965.7,90.3,0,0.6,1.8,92,NA,NA,78,78,0,39,38,38,38,14,334,341,96,8.2,27.6,7.08,8.9
1986,4,29,12,10.1,966,88.9,0,0.3,1.1,100,NA,8,123,123,0,59,60,58,59,14,338,345,96,8.4,28.2,7.15,9.2
1986,4,29,13,10.6,966.2,81.9,0,0.4,1.7,118,NA,NA,135,135,0,65,66,65,64,14,338,347,96,7.6,27.8,6.81,9
1986,4,29,14,10.6,966.7,84.1,0,0.3,1.5,131,NA,NA,49,49,0,25,24,23,25,14,353,353,96,8,28.3,6.99,9.2
1986,4,29,15,10.7,967,87.3,0,0.5,1.6,164,NA,NA,45,45,0,23,22,19,23,14,356,356,96,8.7,29.2,7.31,9.6
1986,4,29,16,10.9,967.4,78.1,0,1.2,6.1,358,NA,NA,30,30,0,15,14,11,15,14,355,355,96,7.2,27.6,6.61,9
1986,4,29,17,11,967.6,65.6,0,2.7,7,336,NA,NA,11,11,0,6,6,3,5,14,353,353,96,4.8,25.1,5.58,7.9
1986,4,29,18,10.3,968.5,74.3,0,2.4,6.6,350,NA,8,0,0,0,0,0,0,0,14,349,349,96,5.9,25.5,6.03,8.1
1986,4,29,19,9.7,969.1,84.6,0,1.1,4.3,107,NA,NA,0,0,0,0,0,0,0,14,348,348,96,7.2,26.4,6.6,8.4
1986,4,29,20,9.1,969.4,89.3,0,0.8,2.1,79,NA,NA,0,0,0,0,0,0,0,14,345,345,96,7.4,26,6.69,8.2
1986,4,29,21,8.9,969.4,91.8,0,0.6,1.6,84,NA,NA,0,0,0,0,0,0,0,14,345,345,96,7.6,26,6.79,8.2
1986,4,29,22,8.7,969.5,93.6,0,0.5,1.7,76,NA,NA,0,0,0,0,0,0,0,14,344,344,96,7.7,25.9,6.83,8.2
1986,4,29,23,8.7,969.6,94.8,0.2,0.8,1.4,42,NA,NA,0,0,0,0,0,0,0,14,345,345,96,7.9,26.1,6.91,8.3
1986,4,30,0,8.7,969.4,95.2,0.1,0.6,1.4,29,NA,NA,0,0,0,0,0,0,0,14,344,344,96,8,26.2,6.95,8.3
1986,4,30,1,8.7,969.6,94.9,0,0.4,1.1,228,NA,NA,0,0,0,0,0,0,0,14,345,345,96,7.9,26.2,6.92,8.3
1986,4,30,2,8.7,969.5,94.9,0,0.3,0.9,310,NA,NA,0,0,0,0,0,0,0,14,344,344,96,7.9,26.2,6.92,8.3
1986,4,30,3,8.6,969.5,94.9,0,0.2,1,304,NA,NA,1,0,0,0,0,0,0,14,343,343,96,7.8,25.9,6.88,8.2
1986,4,30,4,8.5,969.8,95,0,0.5,1.3,84,NA,NA,2,0,0,0,0,0,0,14,343,343,96,7.7,25.7,6.83,8.1
1986,4,30,5,8.7,970.4,95.2,0.1,0.8,2,343,NA,NA,7,7,0,1,4,4,3,14,337,339,96,8,26.2,6.94,8.3
1986,4,30,6,9.2,970.5,94.5,0,2,4.8,30,NA,8,37,37,0,14,18,18,18,14,341,342,96,8.4,27.2,7.12,8.8
1986,4,30,7,10.2,970.6,89.4,0,3.2,5.5,39,NA,NA,184,176,19,146,90,76,81,14,345,349,96,8.5,28.4,7.21,9.3
1986,4,30,8,10.8,970.9,82.4,0,3,5.4,39,NA,NA,272,265,11,172,135,111,114,14,347,353,96,7.9,28.3,6.91,9.3
1986,4,30,9,12,970.8,74.7,0,3.3,8,38,NA,NA,372,355,23,233,205,141,144,14,358,362,96,7.7,29.2,6.78,9.7
1986,4,30,10,13.7,970.8,69.2,0,5.4,9.7,51,NA,NA,524,386,170,282,328,161,162,14,362,369,96,8.2,31.5,7.03,10.7
1986,4,30,11,13.9,971,68,0,5.5,11.4,55,NA,NA,394,380,16,176,212,163,160,14,363,371,96,8.1,31.6,6.99,10.7
1986,4,30,12,14.1,971.1,65.9,0,5.4,9.7,57,NA,7,477,396,95,173,283,205,166,14,364,373,96,7.8,31.5,6.86,10.7
1986,4,30,13,14.6,970.8,64.5,0,5.8,11.4,63,NA,NA,623,361,329,159,406,372,158,14,368,380,96,8,32.2,6.94,11
1986,4,30,14,14.8,970.9,62,0,6,10.6,53,NA,NA,418,334,119,140,242,310,140,14,365,373,96,7.6,32,6.76,10.9
1986,4,30,15,14.2,971.1,64.4,0,5.3,11.3,51,NA,NA,238,231,11,101,116,149,102,14,363,369,96,7.6,31.3,6.75,10.6
1986,4,30,16,13.9,971.1,65.8,0,5,10.1,46,NA,NA,118,118,0,55,56,66,56,14,361,365,96,7.6,31,6.74,10.5
1986,4,30,17,13.4,971.3,67.6,0,7,11.5,41,NA,NA,103,97,23,44,45,98,52,14,358,361,96,7.5,30.4,6.71,10.2
1986,4,30,18,12.8,971.5,70.3,0,6.5,10.9,43,NA,7,18,18,0,9,8,6,8,14,344,352,96,7.5,29.8,6.72,10
1986,4,30,19,12.4,971.7,72.6,0,6.7,11.2,46,NA,NA,0,0,0,0,0,0,0,14,335,346,96,7.6,29.5,6.74,9.8
1986,4,30,20,11.6,971,74.8,0,5.6,9.8,43,NA,NA,0,0,0,0,0,0,0,14,326,340,96,7.3,28.5,6.65,9.4
1986,4,30,21,10.4,969.4,77.4,0,5,9.2,45,NA,NA,0,0,0,0,0,0,0,14,310,328,96,6.6,26.5,6.38,8.4
1986,4,30,22,9.1,967.8,79.9,0,3.4,7.1,58,NA,NA,0,0,0,0,0,0,0,14,300,319,96,5.8,24.6,6.11,7.4
1986,4,30,23,7.4,965.3,82.5,0,3.2,6,58,NA,NA,0,0,0,0,0,0,0,14,285,305,96,4.6,21.7,5.67,6
1984,5,1,0,5.7,962.8,85.1,0,0.4,1.5,243,NA,NA,1,0,0,0,0,0,0,14,272,293,94,3.3,18.8,5.22,4.5
1984,5,1,1,3.9,960.3,87.3,0,0.5,1.7,234,NA,NA,2,0,0,0,0,0,0,14,262,283,94,2,15.9,4.74,3
1984,5,1,2,2.9,958.6,88.6,0,0.2,1,240,NA,NA,2,0,0,0,0,0,0,14,261,280,94,1.1,14,4.43,2.1
1984,5,1,3,2.1,957,88.7,0,0.2,1.2,238,NA,NA,1,0,0,0,0,0,0,14,260,277,94,0.4,12.5,4.15,1.4
1984,5,1,4,1.6,956.1,89.1,0,0.2,1,225,NA,NA,4,0,0,0,0,0,0,14,262,278,94,0,11.6,4,0.9
1984,5,1,5,2.5,956.2,85.9,0,0.3,1.3,297,NA,NA,87,51,285,367,32,30,119,14,279,292,94,0.3,12.8,4.1,1.6
1984,5,1,6,3.8,956.3,81.7,0.1,0.6,1.3,268,NA,6,199,103,322,473,69,60,98,14,300,309,94,0.8,14.5,4.27,2.5
1984,5,1,7,6.1,956.2,73.6,0,0.6,2.1,8,NA,NA,312,208,225,429,145,94,105,14,318,328,94,1.5,17.3,4.48,4
1984,5,1,8,8.4,956.2,64.3,0,0.8,3,73,NA,NA,486,254,379,546,274,122,126,14,332,344,94,2.1,20.1,4.64,5.5
1984,5,1,9,10.4,955.8,56.3,0,1.5,4.4,64,NA,NA,742,187,758,634,474,125,125,14,344,364,94,2.1,22.2,4.65,6.5
1984,5,1,10,11.7,955.3,51.1,0,2,4.8,114,NA,NA,714,283,530,390,483,146,146,14,351,369,94,1.9,23.4,4.61,7.1
1984,5,1,11,12.4,954.7,46,0,1.4,3.9,103,NA,NA,712,447,310,250,476,194,177,14,302,349,94,1.1,23.4,4.34,7.1
1984,5,1,12,13.3,954.3,41.4,0,0.9,3.2,95,NA,7,596,400,231,180,379,242,172,14,303,350,94,0.5,23.8,4.15,7.3
1984,5,1,13,14.9,953.8,39.8,0,1.8,4.6,89,NA,NA,730,246,606,135,493,449,135,14,314,362,94,1.4,26.2,4.43,8.4
1984,5,1,14,15.7,953.3,40.4,0,1.8,4.2,93,NA,NA,579,300,396,140,355,508,140,14,311,359,94,2.3,27.8,4.73,9.1
1984,5,1,15,15.2,953.2,42,0,2,4.3,104,NA,NA,394,260,231,117,210,431,121,14,303,348,94,2.4,27.3,4.77,8.9
1984,5,1,16,15.3,953,40.7,0,2.4,4.4,73,NA,NA,325,173,355,89,133,544,101,14,305,345,94,2,27.1,4.65,8.8
1984,5,1,17,14.6,953.2,42.7,0,1.7,3.8,51,NA,NA,112,97,60,46,50,167,65,14,292,328,94,2.1,26.5,4.66,8.5
1984,5,1,18,13.3,953.6,46.9,0,1.4,3.1,47,NA,7,14,14,0,7,7,3,6,14,286,319,94,2.2,25.3,4.71,7.9
1984,5,1,19,11.8,954.3,57.6,0,0.6,1.4,100,NA,NA,3,0,0,0,0,0,0,14,285,315,94,3.7,25.1,5.24,7.8
1984,5,1,20,11.7,954.8,54.6,0,0.7,1.6,118,NA,NA,1,0,0,0,0,0,0,14,358,358,94,2.9,24.2,4.93,7.4
1984,5,1,21,11.3,955.2,53.9,0,0.2,2,225,NA,NA,1,0,0,0,0,0,0,14,350,350,94,2.3,23.3,4.73,7
1984,5,1,22,10.3,955.6,60.7,0,0.2,1.2,13,NA,NA,1,0,0,0,0,0,0,14,349,349,94,3,22.9,4.99,6.8
1984,5,1,23,10.2,955.5,67.5,0,0.5,1.5,48,NA,NA,1,0,0,0,0,0,0,14,351,351,94,4.5,24.1,5.51,7.4
1984,5,2,0,10.1,955.3,69.4,0.1,0.6,1.8,79,NA,NA,0,0,0,0,0,0,0,14,350,350,94,4.8,24.3,5.63,7.5
1984,5,2,1,10.2,955.7,70.7,0,0.8,2.4,240,NA,NA,1,0,0,0,0,0,0,14,350,350,94,5.1,24.8,5.78,7.7
1984,5,2,2,10.4,955.7,73.5,0,0.9,3.3,248,NA,NA,3,0,0,0,0,0,0,14,322,326,94,5.9,25.8,6.09,8.1
1984,5,2,3,8.8,955.6,81.5,0,0.3,1.5,108,NA,NA,0,0,0,0,0,0,0,14,319,319,94,5.8,24.1,6.06,7.3
1984,5,2,4,8,956,86.6,0,0.5,1.3,350,NA,NA,4,0,0,0,0,0,0,14,316,320,94,5.9,23.4,6.1,7
1984,5,2,5,8.8,956.2,86,0,0.6,1.4,14,NA,NA,27,27,0,11,13,13,12,14,339,339,94,6.6,24.9,6.4,7.7
1984,5,2,6,10.4,956.3,78.9,0,1.1,2.6,49,NA,7,126,116,32,139,57,52,63,14,344,347,94,6.9,26.9,6.54,8.6
1984,5,2,7,10.9,956.6,76.4,0,1.5,2.9,29,NA,NA,105,105,0,55,50,48,50,14,350,350,94,6.9,27.4,6.54,8.8
1984,5,2,8,12,957,71.1,0,0.9,2.5,84,NA,NA,228,224,6,135,112,97,100,14,302,335,94,6.9,28.6,6.55,9.3
1984,5,2,9,12.1,958,72.8,0.3,1.2,3.7,119,NA,NA,191,188,4,99,95,85,87,14,300,328,94,7.4,29.2,6.74,9.6
1984,5,2,10,11,957.8,77.8,0.6,0.5,1.9,90,NA,NA,132,132,0,65,65,62,63,14,298,324,94,7.3,27.9,6.7,9.1
1984,5,2,11,11.7,957.1,81.8,0.4,1.3,3.5,84,NA,NA,473,390,96,195,278,171,165,14,314,346,96,8.7,30.4,7.39,10.1
1984,5,2,12,12.3,957.6,78.7,0.8,1.3,3.7,239,NA,4,308,302,7,135,161,141,133,14,318,346,96,8.7,31,7.4,10.3
1984,5,2,13,12.8,957.4,80.6,0,1.2,3.9,81,NA,NA,299,293,7,129,154,149,128,14,318,348,96,9.6,32.6,7.83,11
1984,5,2,14,13,957.6,85.8,0.8,1,2.3,304,NA,NA,168,168,1,78,83,85,78,14,366,367,96,10.7,34.4,8.46,11.7
1984,5,2,15,12.6,957.9,92.8,0.3,1.1,3,90,NA,NA,116,116,0,56,56,58,55,14,362,362,96,11.5,35.2,8.91,12
1984,5,2,16,12.4,958.3,94.6,0.3,1.1,2.2,70,NA,NA,81,81,0,39,39,39,39,14,364,364,96,11.6,35.1,8.96,11.9
1984,5,2,17,12.1,958.3,93.7,0,2.2,4.5,38,NA,NA,61,61,0,29,29,30,29,14,327,343,96,11.1,34.1,8.7,11.5
1984,5,2,18,10.8,959.2,91.2,0.4,3.3,5.4,44,NA,8,8,8,0,4,4,1,3,14,321,336,96,9.4,30.4,7.75,10
1984,5,2,19,9.8,960.2,93.1,0.3,2.5,5.8,59,NA,NA,0,0,0,0,0,0,0,14,319,333,96,8.7,28.5,7.39,9.2
1984,5,2,20,9.7,960.8,92.3,0,3,6,31,NA,NA,1,0,0,0,0,0,0,14,340,342,96,8.5,28.1,7.27,9.1
1984,5,2,21,9.3,960.8,90.8,0,2.4,5.7,39,NA,NA,0,0,0,0,0,0,0,14,338,340,96,7.9,26.9,6.96,8.6
1984,5,2,22,9.3,960.6,91.4,0,1.1,3.6,28,NA,NA,3,0,0,0,0,0,0,14,339,340,96,8,27,7.01,8.6
1984,5,2,23,9.1,960.7,94.1,0,0.4,1.9,249,NA,NA,1,0,0,0,0,0,0,14,324,333,96,8.2,27.1,7.12,8.6
1984,5,3,0,9,959.8,99.8,0.4,0.4,1.8,16,NA,NA,0,0,0,0,0,0,0,14,297,320,96,9,27.9,7.51,9
1984,5,3,1,9,960.1,95.9,0.7,0.8,2,14,NA,NA,1,0,0,0,0,0,0,14,321,331,96,8.4,27.2,7.21,8.7
1984,5,3,2,8.3,959.8,97.7,1,0.8,2,313,NA,NA,1,0,0,0,0,0,0,14,314,328,96,8,26,7.01,8.1
1984,5,3,3,8.9,959.8,95.8,0.6,1,3.2,232,NA,NA,2,0,0,0,0,0,0,14,314,328,96,8.3,27,7.16,8.6
1984,5,3,4,8.8,959.8,96,1.1,0.3,1.6,276,NA,NA,2,0,0,0,0,0,0,14,313,328,96,8.2,26.8,7.12,8.5
1984,5,3,5,7.8,960.2,100,1.5,0.8,2.6,264,NA,NA,7,7,0,1,4,4,3,14,325,334,96,7.8,25.3,6.93,7.8
1984,5,3,6,8.7,960.4,97.2,0.1,0.7,2.7,316,NA,8,30,30,0,11,15,15,14,14,332,339,96,8.3,26.8,7.16,8.5
1984,5,3,7,9.3,960.7,94.9,0,0.7,1.7,287,NA,NA,55,55,0,24,26,26,27,14,332,340,96,8.5,27.7,7.28,8.9
1984,5,3,8,9.8,960.9,85.7,0,0.6,2.5,339,NA,NA,148,148,0,78,72,68,69,14,325,341,96,7.5,26.9,6.79,8.6
1984,5,3,9,8.2,961.2,89.4,0.4,0.7,2.3,107,NA,NA,105,105,0,52,51,50,51,14,325,338,96,6.6,24.2,6.35,7.4
1984,5,3,10,8.7,961.4,92.5,2.8,0.6,3.1,293,NA,NA,104,104,0,51,51,49,50,14,288,321,96,7.6,25.9,6.8,8.1
1984,5,3,11,7.6,961.5,98.3,1.6,0.8,2.5,98,NA,NA,174,173,1,84,87,80,81,14,324,340,96,7.3,24.5,6.71,7.4
1984,5,3,12,9.1,961.6,90.3,0.2,1.1,3.6,38,NA,8,237,235,2,108,121,110,107,14,325,345,96,7.6,26.3,6.82,8.3
1984,5,3,13,9.4,961.9,88.4,0.4,1.6,3.5,32,NA,NA,177,176,1,83,88,86,82,14,324,342,96,7.6,26.6,6.81,8.5
1984,5,3,14,8.8,961.7,93.2,0.7,2.1,3.7,65,NA,NA,152,152,0,71,74,75,71,14,320,338,96,7.8,26.2,6.9,8.3
1984,5,3,15,9.6,962.1,93.8,1.1,1.7,3,58,NA,NA,95,95,0,46,46,45,46,14,328,341,96,8.7,28.1,7.33,9.1
1984,5,3,16,10.3,962.8,91.7,0.3,2,3.8,38,NA,NA,94,94,0,45,45,47,45,14,329,341,96,9,29.3,7.51,9.6
1984,5,3,17,10.2,963.3,92.9,1.5,1.3,3.8,92,NA,NA,32,32,0,16,16,11,15,14,313,332,96,9.1,29.3,7.55,9.6
1984,5,3,18,9.7,963.7,94.7,2.4,1.3,2.8,98,NA,8,10,10,0,5,5,1,4,14,310,329,96,8.9,28.5,7.44,9.3
1984,5,3,19,9.7,964.5,93.9,0.1,1.5,3.1,40,NA,NA,4,0,0,0,0,0,0,14,309,327,96,8.8,28.3,7.37,9.2
1984,5,3,20,9.4,964.8,93.2,0,1.8,2.9,15,NA,NA,1,0,0,0,0,0,0,14,331,336,96,8.4,27.5,7.16,8.9
1984,5,3,21,9.1,965.2,93.5,0,0.9,1.8,22,NA,NA,2,0,0,0,0,0,0,14,330,335,96,8.1,26.9,7.04,8.6
1984,5,3,22,9,964.9,94.3,0,0.8,2.4,40,NA,NA,1,0,0,0,0,0,0,14,330,333,96,8.1,26.8,7.05,8.5
1984,5,3,23,8.7,964.8,94.6,0,0.6,1.7,294,NA,NA,3,0,0,0,0,0,0,14,321,329,96,7.9,26.2,6.93,8.3
1984,5,4,0,8.6,964.1,94.5,0,0.2,1.2,266,NA,NA,1,0,0,0,0,0,0,14,319,328,96,7.8,26,6.88,8.2
1984,5,4,1,8.1,964,94.3,0,0.4,1.2,228,NA,NA,1,0,0,0,0,0,0,14,313,322,96,7.2,24.8,6.64,7.6
1984,5,4,2,7.8,963.8,94.2,0,0.1,0.8,270,NA,NA,2,0,0,0,0,0,0,14,332,333,96,6.9,24.2,6.5,7.3
1984,5,4,3,7.6,963.1,94.5,0,0.7,2.1,84,NA,NA,0,0,0,0,0,0,0,14,332,334,96,6.8,23.8,6.43,7.2
1984,5,4,4,8.5,963.7,94.6,0,1.2,4.7,335,NA,NA,2,0,0,0,0,0,0,14,333,337,96,7.7,25.8,6.85,8.1
1984,5,4,5,8.3,963.5,94.8,0,1.4,3.6,61,NA,NA,30,30,0,13,14,14,14,14,343,343,96,7.5,25.4,6.77,7.9
1984,5,4,6,8.6,963.6,94.9,0,1.2,2.9,55,NA,8,45,45,0,19,22,22,22,14,346,346,96,7.8,26,6.92,8.2
1984,5,4,7,9.5,963.8,94.9,0,0.7,2.3,98,NA,NA,140,140,0,81,67,63,65,14,349,350,96,8.7,28.1,7.35,9.1
1984,5,4,8,10.2,963.6,87.1,0,0.3,1.9,355,NA,NA,236,232,7,141,115,100,103,14,347,355,96,8.2,28.1,7.07,9.1
1984,5,4,9,11.9,963.2,76.9,0,1,3.3,91,NA,NA,450,358,125,314,259,146,149,14,357,372,96,8,29.6,6.99,9.8
1984,5,4,10,12.4,962.8,72.8,0,2.5,5.4,75,NA,NA,642,366,336,346,411,161,161,14,357,377,96,7.7,29.7,6.84,9.9
1984,5,4,11,12.5,962.3,71.5,0,4.3,7.5,44,NA,NA,500,409,105,206,311,177,167,14,313,349,96,7.5,29.6,6.77,9.8
1984,5,4,12,13.4,962,67.2,0,5.6,9.1,47,NA,7,606,438,196,188,378,249,179,14,317,355,96,7.4,30.5,6.75,10.2
1984,5,4,13,14.1,961.3,62.5,0,5.6,9.6,51,NA,NA,582,443,173,175,351,332,174,14,316,356,96,7.1,30.8,6.57,10.3
1984,5,4,14,14.2,960.8,57.3,0,5.5,9.5,53,NA,NA,500,324,246,141,293,409,142,14,319,356,96,5.9,29.6,6.06,9.8
1984,5,4,15,14.2,960.7,58,0,4.3,9.6,60,NA,NA,368,259,186,115,194,390,120,14,317,351,96,6.1,29.8,6.14,9.9
1984,5,4,16,14.2,960.4,58.9,0,3.1,6.2,67,NA,NA,272,193,181,88,117,378,100,14,317,351,96,6.3,30,6.24,10
1984,5,4,17,13.4,960.7,62,0,2.2,5,84,NA,NA,128,107,77,51,55,197,74,14,323,343,94,6.3,29.2,6.23,9.7
1984,5,4,18,12.8,960.9,67.1,0,0.5,2.1,60,NA,7,29,29,0,13,13,16,14,14,322,337,94,6.9,29.2,6.48,9.7
1984,5,4,19,12.2,961.1,72.3,0,0.8,2.3,301,NA,NA,1,0,0,0,0,0,0,14,319,332,94,7.4,29.2,6.72,9.6
1984,5,4,20,12.1,961.3,74.5,0,0.6,1.8,297,NA,NA,0,0,0,0,0,0,0,14,362,362,94,7.7,29.5,6.88,9.7
1984,5,4,21,12,961.5,76.6,0,0.1,1,233,NA,NA,0,0,0,0,0,0,0,14,361,361,94,8,29.8,7.02,9.8
1984,5,4,22,11.1,961.4,87.4,0.1,1.1,1.9,257,NA,NA,0,0,0,0,0,0,0,14,356,356,94,9.1,30.2,7.56,10
1984,5,4,23,10.8,961.4,89,0,0.7,2.2,237,NA,NA,0,0,0,0,0,0,0,14,355,355,94,9.1,29.9,7.55,9.9
1984,5,5,0,10.6,961.2,89.6,0,0,0.1,0,NA,NA,1,0,0,0,0,0,0,14,354,354,94,9,29.5,7.5,9.7
1984,5,5,1,10.1,961,92.2,0,0,0.1,0,NA,NA,0,0,0,0,0,0,0,14,352,352,94,8.9,28.9,7.46,9.5
1984,5,5,2,10.1,960.9,93.2,0,0.1,0.9,230,NA,NA,1,0,0,0,0,0,0,14,352,352,94,9.1,29.2,7.54,9.6
1984,5,5,3,10.1,961,92.9,0.1,0.1,0.8,207,NA,NA,0,0,0,0,0,0,0,14,320,327,94,9,29.1,7.52,9.5
1984,5,5,4,9.9,961.1,93.1,0.1,0.2,1,262,NA,NA,1,0,0,0,0,0,0,14,319,328,94,8.8,28.7,7.43,9.3
1984,5,5,5,10.2,961.5,93.5,0.1,0,0.9,117,NA,NA,29,29,0,12,14,14,13,14,315,333,96,9.2,29.4,7.62,9.7
1984,5,5,6,10.8,962,94.1,0.1,0.1,0.8,270,NA,8,69,69,0,34,33,32,33,14,319,337,96,9.9,31,7.98,10.3
1984,5,5,7,11.2,962,93,0,0.7,1.7,49,NA,NA,119,119,0,64,57,54,56,14,321,342,96,10.1,31.7,8.1,10.6
1984,5,5,8,12.3,961.9,82.9,0,0.3,2,339,NA,NA,293,281,19,209,149,115,120,14,323,349,96,9.5,31.9,7.76,10.7
1984,5,5,9,13.5,961.9,71.7,0,0.5,3,24,NA,NA,419,344,102,289,240,142,144,14,364,378,96,8.5,31.9,7.25,10.8
1984,5,5,10,14.3,961.8,69.1,0,1,3.2,247,NA,NA,471,387,102,253,284,158,159,14,368,384,96,8.7,33,7.37,11.2
1984,5,5,11,16.1,961.8,62.8,0,0.8,4.6,329,NA,NA,716,372,398,238,468,181,168,14,355,384,94,9,35.2,7.52,12.1
1984,5,5,12,16.7,961.8,59.7,0,1.9,4.3,106,NA,5,493,396,113,172,303,214,164,14,341,373,94,8.8,35.6,7.42,12.3
1984,5,5,13,16.5,961.8,58.3,0,1.3,3.2,98,NA,NA,316,299,21,132,172,166,132,14,343,369,94,8.3,34.7,7.16,11.9
1984,5,5,14,17.5,961.5,54.6,0,1.1,3.5,43,NA,NA,440,344,134,144,246,325,145,14,363,386,94,8.3,35.7,7.14,12.3
1984,5,5,15,18.1,961.5,53.9,0,1.3,4.3,109,NA,NA,415,261,261,119,213,453,124,14,371,389,94,8.6,36.8,7.32,12.7
1984,5,5,16,18.3,961.5,51.5,0,1,2.8,117,NA,NA,373,132,550,85,128,699,96,14,366,385,94,8.1,36.4,7.08,12.6
1984,5,5,17,17.8,961.5,52.4,0,1.2,2.7,49,NA,NA,183,87,360,53,58,486,117,14,326,356,94,7.9,35.6,6.98,12.3
1984,5,5,18,15.4,962.1,64.9,0,1.4,3.2,55,NA,2,41,35,61,19,19,109,49,14,314,335,94,8.8,34.3,7.43,11.7
1984,5,5,19,12.9,963,73,0,1.3,2.3,25,NA,NA,0,0,0,0,0,0,0,14,309,323,94,8.2,30.9,7.09,10.3
1984,5,5,20,12.6,963.7,76.2,0,0.7,1.7,32,NA,NA,0,0,0,0,0,0,0,14,304,322,94,8.5,31,7.26,10.4
1984,5,5,21,11.1,964,84.4,0,0.6,1.8,37,NA,NA,0,0,0,0,0,0,0,14,301,317,94,8.6,29.5,7.28,9.7
1984,5,5,22,10.3,964.1,87.5,0,0.7,1.9,226,NA,NA,0,0,0,0,0,0,0,14,295,310,94,8.3,28.4,7.15,9.2
1984,5,5,23,9,964.2,89.8,0.1,0.4,1.2,270,NA,NA,0,0,0,0,0,0,0,14,288,305,94,7.4,26,6.72,8.2
1984,5,6,0,8.7,964.2,90.9,0,0.5,1.3,209,NA,NA,0,0,0,0,0,0,0,14,288,304,94,7.3,25.5,6.66,8
1984,5,6,1,7.9,964.2,92,0,0.2,1.2,330,NA,NA,0,0,0,0,0,0,0,14,284,301,94,6.7,24,6.39,7.3
1984,5,6,2,7.8,964.3,92,0,0.2,0.9,221,NA,NA,0,0,0,0,0,0,0,14,275,296,94,6.6,23.8,6.34,7.2
1984,5,6,3,7.1,964.3,93.3,0,0.4,1.4,261,NA,NA,0,0,0,0,0,0,0,14,269,290,94,6.1,22.5,6.13,6.6
1984,5,6,4,7.3,964.4,92.5,0,0.2,1.1,225,NA,NA,7,0,0,0,0,0,0,14,276,295,94,6.2,22.8,6.16,6.7
1984,5,6,5,8.7,964.8,93.5,0,0.3,1.2,52,NA,NA,93,67,180,278,37,35,103,14,325,330,94,7.7,26,6.85,8.2
1984,5,6,6,10.4,964.9,84.9,0,0.9,1.8,31,NA,5,170,134,114,265,69,61,87,14,331,340,94,8,28,6.98,9.1
1984,5,6,7,12,964.9,75.1,0,1,2.5,76,NA,NA,258,211,97,279,119,91,100,14,337,352,94,7.7,29.4,6.86,9.7
1984,5,6,8,13,965,67.9,0,0.7,2.5,39,NA,NA,487,270,346,528,261,125,130,14,311,350,94,7.2,29.8,6.62,9.9
1984,5,6,9,14.8,964.9,64.5,0,1.1,3.4,72,NA,NA,582,335,331,444,343,148,150,14,320,361,94,8.2,32.8,7.08,11.2
1984,5,6,10,15.7,964.6,60.2,0,1.3,3.8,73,NA,NA,768,295,571,409,496,153,152,14,323,369,94,8,33.5,7,11.5
1984,5,6,11,17.5,963.9,56.9,0,1.6,3.8,77,NA,NA,842,269,661,235,564,157,144,14,330,381,94,8.9,36.4,7.43,12.6
1984,5,6,12,18.3,963.5,54.1,0,1.6,4.1,89,NA,3,772,307,540,163,512,279,154,14,337,385,94,8.9,37.2,7.43,12.9
1984,5,6,13,18.4,962.9,52.8,0,2,4.3,94,NA,NA,529,368,198,160,315,300,160,14,335,374,94,8.6,37,7.3,12.8
1984,5,6,14,19.6,962.1,46.9,0,1.7,3.9,91,NA,NA,662,238,589,131,390,601,132,14,333,384,94,8,37.4,6.99,13
1984,5,6,15,20,961.6,46.7,0,1.7,4.2,81,NA,NA,502,213,487,115,256,634,121,14,333,378,94,8.3,38.2,7.14,13.3
1984,5,6,16,18.3,961.7,49,0,1.7,4,86,NA,NA,154,148,13,68,73,110,71,14,330,360,94,7.4,35.5,6.73,12.3
1984,5,6,17,18.2,961.4,50.3,0,1.1,2.2,60,NA,NA,84,84,0,38,39,48,40,14,349,366,94,7.7,35.7,6.87,12.3
1984,5,6,18,16.8,962.7,63.5,0.1,2.1,6.8,192,NA,7,5,5,0,3,3,1,2,14,342,353,94,9.8,37,7.95,12.8
1984,5,6,19,13.2,964.4,85.5,2.9,7.3,14.1,210,NA,NA,0,0,0,0,0,0,0,14,325,340,94,10.8,34.7,8.48,11.8
1984,5,6,20,12,964.9,93.2,4.1,1.4,4.7,98,NA,NA,0,0,0,0,0,0,0,14,361,361,94,10.9,33.6,8.54,11.4
1984,5,6,21,11.8,964.7,93.2,0.4,1.3,4,77,NA,NA,0,0,0,0,0,0,0,14,359,359,94,10.7,33.1,8.43,11.2
1984,5,6,22,11.7,964.9,93.2,0.1,1,3.1,31,NA,NA,0,0,0,0,0,0,0,14,359,359,94,10.6,32.9,8.37,11.1
1984,5,6,23,11,964.8,93.2,0,1.2,2.4,8,NA,NA,0,0,0,0,0,0,0,14,302,321,94,9.9,31.2,7.98,10.4
1984,5,7,0,11.2,964.8,93.1,0,1.2,3.7,63,NA,NA,0,0,0,0,0,0,0,14,304,325,94,10.1,31.6,8.08,10.6
1984,5,7,1,11.1,964.5,92.7,0,0.9,3.4,88,NA,NA,2,0,0,0,0,0,0,14,302,322,94,10,31.3,8,10.5
1984,5,7,2,10.4,964.4,92.3,0,0.5,1.6,79,NA,NA,0,0,0,0,0,0,0,14,318,324,94,9.2,29.6,7.6,9.7
1984,5,7,3,9.7,964,93,0,0.2,1.4,319,NA,NA,0,0,0,0,0,0,0,14,317,322,94,8.6,28.1,7.3,9.1
1984,5,7,4,8.9,964.1,93.2,0,0.1,0.9,225,NA,NA,4,0,0,0,0,0,0,14,313,317,94,7.9,26.4,6.93,8.4
1984,5,7,5,10,964.1,92.8,0,0.6,1.8,17,NA,NA,65,49,109,189,29,28,74,14,346,346,96,8.9,28.8,7.44,9.4
1984,5,7,6,11.5,964.4,91.7,0,0.5,2,34,NA,7,113,112,5,76,52,49,54,14,354,354,96,10.2,32.1,8.13,10.8
1984,5,7,7,12.3,964.2,88.1,0,0.5,2,38,NA,NA,136,136,0,77,65,61,64,14,358,359,96,10.4,33.1,8.23,11.2
1984,5,7,8,13,964.1,80.4,0,0.4,1.3,9,NA,NA,144,144,0,75,70,66,68,14,357,362,96,9.7,32.9,7.86,11.2
1984,5,7,9,13.3,964,72.6,0,0.9,2.8,75,NA,NA,435,358,103,299,246,146,148,14,362,379,96,8.5,31.6,7.23,10.7
1984,5,7,10,14.3,963.7,65.1,0,1.3,3.4,58,NA,NA,507,415,110,271,303,165,167,14,367,385,96,7.8,31.9,6.92,10.8
1984,5,7,11,15.1,963.1,63,0,0.9,3.4,71,NA,NA,484,407,89,200,279,177,170,14,374,390,96,8.1,33,7.06,11.2
1984,5,7,12,16.1,962.5,58.8,0,1.1,4.2,62,NA,7,715,370,400,177,458,271,167,14,380,399,96,8,34,7.03,11.6
1984,5,7,13,17.1,962.2,58.8,0,2.4,4.9,96,NA,NA,815,261,682,143,516,490,143,14,381,407,96,9,36.2,7.5,12.5
1984,5,7,14,16.7,961.9,57.9,0,3.2,6,48,NA,NA,431,329,141,141,238,317,142,14,364,384,96,8.4,35,7.2,12.1
1984,5,7,15,16.6,961.9,56.6,0,2.6,5.9,53,NA,NA,318,266,89,114,162,284,118,14,355,377,96,8,34.4,6.99,11.8
1984,5,7,16,16,961.8,55.3,0,1.9,4.8,10,NA,NA,116,116,0,54,55,63,55,14,354,368,96,7.1,32.7,6.57,11.2
1984,5,7,17,15.6,962,54.6,0,1.9,4.4,9,NA,NA,113,107,24,48,49,105,58,14,368,368,94,6.5,31.7,6.32,10.7
1984,5,7,18,14.3,962.5,58.7,0,1.8,4.5,28,NA,7,38,36,16,17,17,46,27,14,361,361,94,6.3,30.1,6.24,10.1
1984,5,7,19,13.8,963.4,61.6,0,2.6,4.6,25,NA,NA,0,0,0,0,0,0,0,14,359,359,94,6.6,29.9,6.34,10
1984,5,7,20,11.7,963.8,79.2,1.3,2,3.8,34,NA,NA,0,0,0,0,0,0,0,14,357,357,94,8.2,29.7,7.11,9.8
1984,5,7,21,11.4,964.1,87.9,0,2,4.2,38,NA,NA,0,0,0,0,0,0,0,14,360,360,94,9.5,31,7.74,10.4
1984,5,7,22,11,964.3,86.7,0,2.5,4.4,47,NA,NA,0,0,0,0,0,0,0,14,356,356,94,8.9,29.8,7.42,9.9
1984,5,7,23,10.8,964.3,87.8,0,1.8,4.9,40,NA,NA,0,0,0,0,0,0,0,14,348,348,94,8.9,29.6,7.42,9.8
1984,5,8,0,9.6,964.4,81.2,0,4.3,10.1,57,NA,NA,0,0,0,0,0,0,0,14,337,337,94,6.5,25.6,6.32,8
1984,5,8,1,8.5,964.4,77.8,0,4.9,10.2,66,NA,NA,0,0,0,0,0,0,0,14,331,332,94,4.9,22.7,5.62,6.7
1984,5,8,2,7.4,964.7,76.7,0,5.7,10.6,60,NA,NA,0,0,0,0,0,0,0,14,326,327,94,3.6,20.3,5.13,5.6
1984,5,8,3,7,964.9,75.1,0,5.5,11.4,57,NA,NA,0,0,0,0,0,0,0,14,325,326,94,2.9,19.3,4.89,5.1
1984,5,8,4,6.7,965.1,75.1,0,5.7,10.3,56,NA,NA,3,0,0,0,0,0,0,14,324,325,94,2.6,18.7,4.78,4.8
1984,5,8,5,6.8,965.2,74.7,0,5.8,12.5,56,NA,NA,33,33,0,15,16,15,16,14,325,326,94,2.6,18.9,4.79,4.9
1984,5,8,6,7,965.3,75.2,0,5.7,11.6,55,NA,7,89,89,0,50,42,40,42,14,327,328,94,2.9,19.3,4.89,5.1
1984,5,8,7,7.2,965.7,73.4,0,6.3,12.4,51,NA,NA,123,123,0,66,59,56,58,14,328,330,94,2.8,19.4,4.84,5.2
1984,5,8,8,7.6,965.8,72.2,0,6.7,11.5,50,NA,NA,234,230,6,138,114,100,103,14,331,334,94,2.9,19.9,4.89,5.4
1984,5,8,9,8.2,965.8,69.1,0,6.9,11.3,50,NA,NA,387,345,57,242,207,142,145,14,332,340,94,2.9,20.5,4.88,5.7
1984,5,8,10,9.7,965.5,64.4,0,7.3,13.2,53,NA,NA,661,381,336,351,410,165,165,14,341,351,94,3.3,22.4,5.03,6.6
1984,5,8,11,10.5,965.3,62.3,0,6.6,12.5,51,NA,NA,898,236,759,238,591,154,142,14,297,337,94,3.6,23.5,5.14,7.2
1984,5,8,12,11.5,965.2,61.5,0,7.2,11.9,45,NA,2,939,150,912,130,609,291,125,14,298,339,94,4.4,25.2,5.42,8
1984,5,8,13,11.4,965.1,59.3,0,8,13.6,48,NA,NA,836,161,828,123,522,497,123,14,303,340,94,3.8,24.5,5.19,7.7
1984,5,8,14,11.2,964.8,57.1,0,8.8,15.2,51,NA,NA,733,97,878,100,413,680,101,14,291,332,94,3,23.7,4.93,7.2
1984,5,8,15,11.2,964.9,57,0,9,15.1,48,NA,NA,584,148,730,105,277,775,109,14,292,329,94,3,23.7,4.92,7.2
1984,5,8,16,10.6,964.7,55.7,0,9.3,15.8,43,NA,NA,267,189,175,88,111,363,100,14,284,318,94,2.1,22.3,4.62,6.6
1984,5,8,17,9.8,964.7,55.3,0,9.3,16.1,40,NA,NA,94,94,0,43,43,58,46,14,310,326,94,1.3,20.8,4.35,5.9
1984,5,8,18,9.4,964.6,55.9,0,8.9,15.3,43,NA,7,37,36,12,17,17,41,25,14,307,322,94,1.1,20.2,4.28,5.6
1984,5,8,19,9,965,57.9,0,8.6,15.1,44,NA,NA,0,0,0,0,0,0,0,14,306,321,94,1.2,19.9,4.31,5.5
1984,5,8,20,8.7,965.2,55.9,0,8.3,14.6,41,NA,NA,0,0,0,0,0,0,0,14,331,332,94,0.4,19,4.08,5
1984,5,8,21,8.1,964.9,56.5,0,8.8,15.3,37,NA,NA,0,0,0,0,0,0,0,14,328,329,94,0,18.1,3.96,4.6
1984,5,8,22,7.3,964.9,58.2,0,7.9,14,39,NA,NA,0,0,0,0,0,0,0,14,324,325,94,-0.4,17,3.86,4
1984,5,8,23,6.7,964.8,59,0,6.9,13.7,40,NA,NA,0,0,0,0,0,0,0,14,283,303,94,-0.7,16.2,3.75,3.6
1984,5,9,0,6.1,964.2,60.3,0,7.2,12.9,36,NA,NA,0,0,0,0,0,0,0,14,280,300,94,-1,15.4,3.68,3.1
1984,5,9,1,5.6,964,61.1,0,6,10.9,33,NA,NA,0,0,0,0,0,0,0,14,279,298,94,-1.3,14.7,3.61,2.8
1984,5,9,2,5.2,963.9,63,0,5.7,9.7,34,NA,NA,0,0,0,0,0,0,0,14,259,288,94,-1.3,14.3,3.62,2.5
1984,5,9,3,5.3,963.6,64.5,0,6.8,13.8,46,NA,NA,0,0,0,0,0,0,0,14,261,289,94,-0.8,14.7,3.73,2.8
1984,5,9,4,5.4,963.5,64.7,0,7.1,14.1,46,NA,NA,6,0,0,0,0,0,0,14,262,291,94,-0.7,14.9,3.77,2.9
1984,5,9,5,5.6,963.5,64.3,0,8,15.2,47,NA,NA,56,54,8,47,25,24,31,14,308,315,94,-0.6,15.1,3.8,3
1984,5,9,6,6,963.6,62.7,0,8,14.8,54,NA,6,203,150,164,334,76,68,102,14,313,320,94,-0.6,15.6,3.81,3.2
1984,5,9,7,6.8,963.4,60.5,0,7.6,12.8,57,NA,NA,366,214,308,527,154,102,116,14,316,326,94,-0.3,16.6,3.88,3.8
1984,5,9,8,7.5,963,59.1,0,7.2,12.3,54,NA,NA,439,276,256,439,227,124,129,14,286,314,94,0,17.5,3.98,4.2
1984,5,9,9,9.2,962.6,55.5,0,8.1,13.5,49,NA,NA,770,193,765,634,452,128,128,14,289,324,94,0.8,19.8,4.2,5.4
1984,5,9,10,10.5,962.3,51.5,0,8.4,15.2,47,NA,NA,869,118,899,441,544,115,113,14,295,332,94,0.9,21.3,4.25,6.1
1984,5,9,11,11.9,961.7,45.4,0,8.8,14.5,41,NA,NA,912,128,897,213,589,124,117,14,290,333,94,0.5,22.3,4.12,6.7
1984,5,9,12,12.7,961.4,42.7,0,8.8,14.8,48,NA,1,909,124,905,120,584,277,116,14,297,340,94,0.4,23.1,4.08,7
1984,5,9,13,13.6,961,39,0,9.1,14.8,47,NA,NA,844,116,891,112,520,498,112,14,295,340,94,-0.1,23.7,3.95,7.3
1984,5,9,14,13.8,960.5,37.8,0,9.1,14.6,48,NA,NA,730,100,867,101,407,675,102,14,296,339,94,-0.3,23.7,3.88,7.3
1984,5,9,15,14.1,960.4,37.6,0,8.6,14.5,49,NA,NA,579,85,823,92,263,780,94,14,296,338,94,-0.1,24.1,3.94,7.5
1984,5,9,16,13.8,960.2,37.8,0,8.5,14.2,45,NA,NA,405,79,727,77,111,794,85,14,296,334,94,-0.3,23.7,3.89,7.3
1984,5,9,17,13.4,960.3,39.2,0,8.1,14.2,43,NA,NA,214,74,500,55,59,608,142,14,281,322,94,-0.2,23.4,3.93,7.1
1984,5,9,18,12.3,960.4,40.8,0,7.8,13.9,42,NA,0,61,37,217,24,25,273,110,14,276,314,94,-0.6,22,3.8,6.5
1984,5,9,19,10.9,960.6,43.4,0,6.5,11.5,30,NA,NA,4,0,0,0,0,0,0,14,271,307,94,-1,20.2,3.68,5.7
1984,5,9,20,10.6,960.8,43.9,0,6.5,11.3,36,NA,NA,1,0,0,0,0,0,0,14,269,304,94,-1.2,19.9,3.65,5.4
1984,5,9,21,10,960.8,45.9,0,5.4,11.2,45,NA,NA,1,0,0,0,0,0,0,14,269,303,94,-1.1,19.3,3.67,5.2
1984,5,9,22,9.6,961.1,47.5,0,6.8,11.6,39,NA,NA,1,0,0,0,0,0,0,14,266,302,94,-1,18.9,3.69,5
1984,5,9,23,9,961.1,50.7,0,5.6,9.7,41,NA,NA,1,0,0,0,0,0,0,14,263,298,94,-0.7,18.6,3.79,4.8
1984,5,10,0,8.3,960.9,52.7,0,5.5,9.7,37,NA,NA,0,0,0,0,0,0,0,14,263,296,94,-0.8,17.8,3.76,4.4
1984,5,10,1,7.9,960.9,54.6,0,5.2,9.9,40,NA,NA,1,0,0,0,0,0,0,14,263,295,94,-0.7,17.5,3.79,4.2
1984,5,10,2,7.5,960.7,57.5,0,5.9,10.3,48,NA,NA,1,0,0,0,0,0,0,14,259,293,94,-0.3,17.3,3.88,4.1
1984,5,10,3,7,960.7,58.3,0,5.8,11.1,49,NA,NA,2,0,0,0,0,0,0,14,258,291,94,-0.6,16.6,3.8,3.8
1984,5,10,4,6.6,960.9,60.8,0,4.7,8,50,NA,NA,11,0,0,0,0,0,0,14,257,289,94,-0.4,16.3,3.86,3.6
1984,5,10,5,6.9,960.8,63,0,3.7,7.1,66,NA,NA,94,52,266,348,35,34,126,14,261,294,94,0.4,17.2,4.08,4.1
1984,5,10,6,7.9,960.9,60,0,5.5,11.5,61,NA,0,254,109,440,590,74,66,128,14,266,303,94,0.6,18.4,4.16,4.7
1984,5,10,7,9,961,56.5,0,7.1,13,57,NA,NA,445,127,644,757,159,92,101,14,271,311,94,0.8,19.7,4.22,5.3
1984,5,10,8,10.3,961,53.1,0,7.6,15.6,55,NA,NA,621,125,776,749,306,104,106,14,287,324,94,1.2,21.3,4.33,6.1
1984,5,10,9,11.4,961.1,50.1,0,7.4,13.2,53,NA,NA,768,106,875,632,439,106,106,14,292,330,94,1.4,22.5,4.4,6.7
1984,5,10,10,11.9,960.9,46.5,0,7.9,13.4,52,NA,NA,875,116,907,442,543,114,113,14,291,334,94,0.8,22.6,4.22,6.8
1984,5,10,11,12.7,960.6,43.6,0,8.2,13.8,52,NA,NA,925,118,921,212,592,122,116,14,291,338,94,0.6,23.3,4.17,7.1
1984,5,10,12,13.3,960.5,41.9,0,8.8,14,53,NA,1,919,117,922,119,585,278,115,14,296,342,94,0.6,23.9,4.17,7.4
1984,5,10,13,13.6,960.3,41,0,8,13.5,58,NA,NA,846,169,826,125,522,504,125,14,298,343,94,0.6,24.2,4.16,7.5
1984,5,10,14,13.9,960.2,40.2,0,7.8,14.3,56,NA,NA,717,165,758,117,402,657,118,14,295,341,94,0.6,24.5,4.16,7.6
1984,5,10,15,13.8,960.4,40.3,0,7.8,12.9,52,NA,NA,553,181,618,112,262,711,117,14,297,338,94,0.6,24.3,4.14,7.6
1984,5,10,16,13.3,960.7,40.7,0,6.9,12.4,51,NA,NA,371,169,447,94,127,639,110,14,292,330,94,0.2,23.6,4.05,7.2
1984,5,10,17,12.6,961.1,41.2,0,5.8,10.2,47,NA,NA,195,102,325,59,65,469,128,14,288,323,94,-0.2,22.5,3.91,6.8
1984,5,10,18,10.8,961.6,47,0,4.4,8.1,32,NA,2,53,45,69,23,23,129,60,14,280,312,94,0,20.8,3.96,5.9
1984,5,10,19,8.4,962,56.6,0,2.2,5.3,21,NA,NA,3,0,0,0,0,0,0,14,274,299,94,0.3,18.6,4.06,4.8
1984,5,10,20,7.6,962.1,59.8,0,1.9,3.5,18,NA,NA,0,0,0,0,0,0,0,14,263,290,94,0.3,17.8,4.06,4.4
1984,5,10,21,6.9,961.7,65,0,1.2,3.7,42,NA,NA,2,0,0,0,0,0,0,14,259,289,94,0.8,17.5,4.21,4.2
1984,5,10,22,5.5,961.7,73.9,0,0.2,1,225,NA,NA,2,0,0,0,0,0,0,14,255,277,94,1.2,16.4,4.35,3.6
1984,5,10,23,4.3,961.7,80.1,0,0.5,1.2,225,NA,NA,1,0,0,0,0,0,0,14,252,275,94,1.2,15.2,4.33,3
1984,5,11,0,3.9,961.5,84.7,0,0.8,1.8,234,NA,NA,4,0,0,0,0,0,0,14,254,279,94,1.6,15.1,4.46,2.9
1984,5,11,1,4.7,961.4,83.9,0,0.6,1.8,231,NA,NA,3,0,0,0,0,0,0,14,255,283,94,2.2,16.4,4.67,3.6
1984,5,11,2,5,961.1,83.7,0,0.4,1.4,238,NA,NA,1,0,0,0,0,0,0,14,324,324,94,2.5,17,4.76,3.9
1984,5,11,3,4.7,960.9,84.7,0,0.5,2,238,NA,NA,1,0,0,0,0,0,0,14,324,324,94,2.3,16.5,4.72,3.6
1984,5,11,4,5.3,961,82.8,0,0.7,1.7,230,NA,NA,0,0,0,0,0,0,0,14,328,328,94,2.6,17.4,4.81,4.1
1984,5,11,5,6,961.1,80.2,0,1,1.9,242,NA,NA,43,43,0,23,20,20,21,14,306,314,94,2.9,18.3,4.89,4.6
1984,5,11,6,7.5,961.2,76,0,1.1,5.2,35,NA,7,105,105,0,64,49,47,50,14,313,324,94,3.5,20.4,5.14,5.6
1984,5,11,7,8.1,961.1,72.4,0,2.8,5.4,44,NA,NA,143,143,0,81,68,64,67,14,314,327,94,3.4,21,5.1,5.9
1984,5,11,8,8.4,961.1,73.1,0,2.8,4.7,30,NA,NA,183,183,1,100,89,82,84,14,341,342,94,3.9,21.7,5.26,6.2
1984,5,11,9,7.8,961.3,77.6,0,2.2,4.6,45,NA,NA,167,167,0,85,82,76,78,14,337,337,94,4.1,21.3,5.36,6
1984,5,11,10,8.5,961.5,68.4,0,3,6.5,10,NA,NA,186,185,1,91,92,84,86,14,344,344,94,3,21,4.95,5.9
1984,5,11,11,8.8,961.5,62.2,0,1.4,7.5,326,NA,NA,177,176,1,85,89,82,83,14,344,344,94,2,20.4,4.59,5.7
1984,5,11,12,8.9,961.7,66,0,3,5.1,247,NA,8,200,198,2,93,100,94,92,14,340,341,94,2.9,21.3,4.9,6.1
1984,5,11,13,8.1,961.7,74.7,0.1,2.7,5.1,215,NA,NA,118,118,0,57,58,56,57,14,340,340,94,3.9,21.4,5.26,6.1
1984,5,11,14,7.6,961.7,78.6,0.2,1.5,4.2,191,NA,NA,104,104,0,51,51,50,50,14,339,339,94,4.1,21.1,5.35,5.9
1984,5,11,15,7.7,961.9,80.5,0.1,1.6,4.2,131,NA,NA,136,136,0,64,66,69,64,14,339,339,94,4.6,21.6,5.52,6.2
1984,5,11,16,7.3,962.2,84.4,0.3,1.2,3.1,124,NA,NA,98,98,0,47,47,49,47,14,337,337,94,4.8,21.5,5.63,6.1
1984,5,11,17,8,962.3,80.5,0.1,1.8,4.2,125,NA,NA,162,110,181,57,61,321,103,14,323,333,96,4.9,22.2,5.63,6.5
1984,5,11,18,7,962.7,83.1,0,1.5,3.4,129,NA,6,54,47,60,24,24,123,59,14,316,323,96,4.3,20.7,5.42,5.7
1984,5,11,19,6,963,87.8,0,1.2,3.3,121,NA,NA,1,0,0,0,0,0,0,14,312,317,96,4.1,19.4,5.35,5.1
1984,5,11,20,5.7,963.3,92.7,0,0.8,1.8,347,NA,NA,0,0,0,0,0,0,0,14,330,330,96,4.6,19.6,5.53,5.2
1984,5,11,21,5.7,963.6,92.9,0,0.5,2,18,NA,NA,1,0,0,0,0,0,0,14,328,328,96,4.6,19.6,5.54,5.2
1984,5,11,22,5.7,963.7,93.4,0,1.7,3.5,45,NA,NA,0,0,0,0,0,0,0,14,329,329,96,4.7,19.7,5.57,5.2
1984,5,11,23,5.4,963.3,93.6,0,1.3,2.2,22,NA,NA,1,0,0,0,0,0,0,14,312,318,96,4.5,19.1,5.47,5
1984,5,12,0,5.7,963.1,93.6,0,1.4,2.6,6,NA,NA,0,0,0,0,0,0,0,14,314,321,96,4.8,19.7,5.58,5.3
1984,5,12,1,5.9,962.7,92,0,2.2,3.9,27,NA,NA,2,0,0,0,0,0,0,14,314,321,96,4.7,19.9,5.57,5.3
1984,5,12,2,5.5,962.5,92.5,0,1.8,3.6,24,NA,NA,0,0,0,0,0,0,0,14,328,328,96,4.4,19.2,5.44,5
1984,5,12,3,5.2,962.4,92.8,0,1,2.1,19,NA,NA,0,0,0,0,0,0,0,14,327,327,96,4.1,18.6,5.35,4.7
1984,5,12,4,5.4,962.8,92.4,0,1.1,1.9,9,NA,NA,5,5,0,2,2,2,2,14,327,327,96,4.3,19,5.4,4.9
1984,5,12,5,5.6,963.2,92.2,0,0.5,1.8,336,NA,NA,11,11,0,3,6,6,5,14,312,320,96,4.4,19.3,5.46,5
1984,5,12,6,5.8,963.3,91.5,0,0.6,1.8,290,NA,8,21,21,0,7,10,10,10,14,313,321,96,4.5,19.6,5.49,5.2
1984,5,12,7,6.1,963.7,88.5,0,0.2,1.2,355,NA,NA,35,35,0,14,17,17,17,14,314,323,96,4.3,19.7,5.42,5.2
1984,5,12,8,6.4,964,84.9,0,0.6,2.7,338,NA,NA,45,45,0,21,22,22,23,14,333,333,96,4,19.8,5.31,5.3
1984,5,12,9,7.2,964.2,77.8,0,2,5.7,37,NA,NA,188,185,4,97,92,84,86,14,339,342,96,3.6,20.1,5.14,5.5
1984,5,12,10,8.1,964.4,70.7,0,2.3,4.8,39,NA,NA,236,234,2,116,118,104,106,14,343,347,96,3.1,20.6,4.96,5.8
1984,5,12,11,9,964.6,66.1,0,3.2,6.2,59,NA,NA,363,353,11,164,188,153,152,14,329,340,94,3,21.4,4.93,6.2
1984,5,12,12,9.4,964.5,65.8,0,4.7,8.3,49,NA,8,446,426,23,181,235,197,176,14,330,343,94,3.3,22.1,5.04,6.5
1984,5,12,13,10,964.3,62.5,0,4.8,8.1,58,NA,NA,599,377,269,160,358,350,159,14,332,348,94,3.2,22.6,4.99,6.7
1984,5,12,14,9.8,964.3,61.6,0,6.3,10.8,52,NA,NA,411,332,109,141,222,295,142,14,337,345,94,2.8,22.1,4.85,6.5
1984,5,12,15,9.3,964.5,65,0,4.4,10.3,65,NA,NA,171,171,1,79,82,92,79,14,336,340,94,3.1,21.8,4.95,6.4
1984,5,12,16,9,964.9,65.8,0,3.7,7.9,48,NA,NA,53,53,0,26,25,22,26,14,334,334,94,3,21.4,4.91,6.2
1984,5,12,17,7.9,965.4,78,0.5,1.6,5.7,45,NA,NA,20,20,0,10,10,6,9,14,337,337,96,4.3,21.5,5.4,6.2
1984,5,12,18,7.4,965.5,91.6,1,2.2,4.3,242,NA,8,5,5,0,3,3,1,2,14,337,337,96,6.1,22.8,6.13,6.8
1984,5,12,19,7,965.9,93.4,0.2,2.8,4.3,231,NA,NA,0,0,0,0,0,0,0,14,335,335,96,6,22.3,6.08,6.5
1984,5,12,20,6.8,966.1,93.1,0.1,3.3,4.7,232,NA,NA,0,0,0,0,0,0,0,14,334,334,96,5.8,21.8,5.98,6.3
1984,5,12,21,6.8,966,92.1,0,2.3,3.4,229,NA,NA,0,0,0,0,0,0,0,14,336,336,96,5.6,21.7,5.91,6.2
1984,5,12,22,6.7,965.9,92.7,0,1.2,2.3,250,NA,NA,1,0,0,0,0,0,0,14,335,335,96,5.6,21.6,5.91,6.2
1984,5,12,23,6.8,965.8,92.5,0,1.5,2.7,225,NA,NA,1,0,0,0,0,0,0,14,335,335,96,5.7,21.8,5.94,6.3
1984,5,13,0,6.8,965.6,92.3,0,2.1,3.2,230,NA,NA,0,0,0,0,0,0,0,14,334,334,96,5.6,21.7,5.93,6.2
1984,5,13,1,6.6,965.4,91.4,0,2.2,3,231,NA,NA,1,0,0,0,0,0,0,14,334,334,96,5.3,21.2,5.79,6
1984,5,13,2,6.6,965.2,91.5,0,1.9,2.9,224,NA,NA,0,0,0,0,0,0,0,14,333,333,96,5.3,21.2,5.8,6
1984,5,13,3,6.6,965,90.5,0,1.5,2.4,233,NA,NA,1,0,0,0,0,0,0,14,334,334,96,5.2,21,5.74,5.9
1984,5,13,4,6.6,965.1,91.7,0,1.1,1.7,238,NA,NA,2,2,0,1,1,1,1,14,335,335,96,5.3,21.2,5.81,6
1984,5,13,5,7,965.1,88,0,0.9,3.6,63,NA,NA,4,4,0,1,2,2,2,14,335,335,96,5.2,21.4,5.73,6.1
1984,5,13,6,7.3,965.4,82.1,0,2.1,4.7,53,NA,8,20,20,0,6,10,10,9,14,337,337,96,4.5,21,5.45,6
1984,5,13,7,7.6,965.4,78.6,0,2.7,5.6,55,NA,NA,44,44,0,19,21,22,22,14,337,337,96,4.1,21,5.33,5.9
1984,5,13,8,7.8,965.6,75.7,0,3,6.3,60,NA,NA,71,71,0,34,34,34,35,14,340,340,96,3.8,20.9,5.2,5.9
1984,5,13,9,8.4,965.6,72.8,0,3.3,5.9,58,NA,NA,152,151,1,76,74,70,71,14,344,345,96,3.8,21.5,5.21,6.2
1984,5,13,10,9,965.5,69.9,0,2.3,5,64,NA,NA,260,258,2,128,131,113,116,14,345,351,96,3.8,22.2,5.21,6.5
1984,5,13,11,9.2,965.6,68,0,1.5,4.5,49,NA,NA,183,182,1,88,92,84,85,14,346,347,94,3.6,22.2,5.14,6.5
1984,5,13,12,9.1,965.5,67.1,0,1.6,4.2,12,NA,8,197,195,2,92,98,92,91,14,345,347,94,3.3,21.8,5.03,6.3
1984,5,13,13,10,965.3,64.7,0,1.3,3.5,336,NA,NA,282,277,6,124,142,139,123,14,353,354,94,3.7,23,5.16,7
1984,5,13,14,9.9,965.2,64.4,0,1.8,3.9,349,NA,NA,213,212,2,97,105,111,96,14,324,338,94,3.5,22.8,5.1,6.8
1984,5,13,15,9.8,965.1,65.6,0,1.5,3.2,356,NA,NA,120,120,0,57,58,59,57,14,322,335,94,3.7,22.8,5.16,6.9
1984,5,13,16,9.9,965.1,64.8,0,0.9,2.9,1,NA,NA,93,93,0,44,44,45,44,14,322,334,94,3.6,22.9,5.13,6.9
1984,5,13,17,9.7,965.1,66.9,0,0.9,2.8,321,NA,NA,37,37,0,18,18,14,17,14,347,347,94,3.9,22.9,5.23,6.9
1984,5,13,18,9.3,965.4,72.9,0,1,2.3,326,NA,8,11,11,0,6,6,3,5,14,345,345,94,4.7,23.3,5.55,7
1984,5,13,19,9,965.5,74.2,0,1.1,2.8,44,NA,NA,0,0,0,0,0,0,0,14,345,345,94,4.7,23,5.53,6.9
1984,5,13,20,8.7,965.6,75.5,0,1.1,2.4,32,NA,NA,0,0,0,0,0,0,0,14,342,342,94,4.6,22.6,5.52,6.7
1984,5,13,21,8.4,965.5,78.3,0,0.4,2,54,NA,NA,0,0,0,0,0,0,0,14,342,342,94,4.8,22.5,5.61,6.6
1984,5,13,22,8.1,965.2,80,0,0.4,1.3,71,NA,NA,0,0,0,0,0,0,0,14,340,340,94,4.9,22.3,5.62,6.5
1984,5,13,23,7.7,964.9,84.2,0,0.1,0.8,81,NA,NA,0,0,0,0,0,0,0,14,337,337,94,5.2,22.2,5.76,6.5
1984,5,14,0,7.3,964.4,87.7,0,0,0.6,243,NA,NA,0,0,0,0,0,0,0,14,336,336,94,5.4,22,5.84,6.4
1984,5,14,1,7.1,963.9,88.8,0,0,0.5,0,NA,NA,0,0,0,0,0,0,0,14,336,336,94,5.4,21.8,5.83,6.3
1984,5,14,2,7,963.7,90.3,0,0.2,1.3,311,NA,NA,0,0,0,0,0,0,0,14,336,336,94,5.5,21.8,5.89,6.3
1984,5,14,3,7.1,963.1,90.3,0,0,0.4,0,NA,NA,1,0,0,0,0,0,0,14,336,336,94,5.6,22,5.94,6.4
1984,5,14,4,7.3,962.9,89.7,0,0.3,1.4,235,NA,NA,5,5,0,2,3,2,2,14,336,336,94,5.7,22.4,5.98,6.5
1984,5,14,5,7.5,962.8,90.5,0,0.6,1.3,261,NA,NA,39,39,0,19,19,18,19,14,306,318,94,6,22.9,6.12,6.8
1984,5,14,6,8.3,962.7,83,0,0.6,1.5,268,NA,7,146,137,27,135,63,59,72,14,311,327,94,5.6,23.2,5.92,7
1984,5,14,7,9.5,962.6,70.3,0,0.5,1.9,149,NA,NA,285,229,112,306,124,98,109,14,315,336,94,4.4,23.2,5.44,7
1984,5,14,8,10.1,962.3,69.6,0,1.4,4.7,241,NA,NA,358,296,95,300,180,124,130,14,315,340,94,4.8,24.3,5.61,7.5
1984,5,14,9,11.2,962.1,62,0,0.7,2.8,169,NA,NA,644,324,418,498,362,147,149,14,319,356,94,4.2,24.8,5.38,7.7
1984,5,14,10,11.7,961.8,60.1,0,1.2,4.2,136,NA,NA,310,295,18,159,166,129,131,14,323,346,94,4.2,25.3,5.39,8
1984,5,14,11,11.9,961.8,58.5,0,1.4,3.4,183,NA,NA,172,171,1,83,86,80,80,14,303,332,94,4,25.4,5.31,8
1984,5,14,12,11.9,961.6,57.4,0,1.5,4.7,206,NA,8,133,133,0,64,66,63,64,14,305,332,94,3.8,25.1,5.21,7.9
1984,5,14,13,12.6,961,54.9,0,1.3,3.9,192,NA,NA,280,269,14,121,141,139,120,14,309,341,94,3.8,25.9,5.23,8.2
1984,5,14,14,13.6,960.2,48.2,0,0.9,3.6,50,NA,NA,652,283,501,142,355,560,144,14,315,358,94,2.9,26,4.9,8.3
1984,5,14,15,14.7,959.5,48.1,0,1.8,4.2,86,NA,NA,585,149,713,105,256,755,110,14,316,357,94,3.8,28.1,5.26,9.2
1984,5,14,16,14.6,959.4,47.3,0,1.6,4.2,68,NA,NA,398,124,592,84,109,722,97,14,315,351,94,3.5,27.7,5.14,9
1984,5,14,17,14.2,959.3,48,0,2,3.6,69,NA,NA,212,86,428,59,63,551,146,14,301,335,94,3.4,27.1,5.08,8.8
1984,5,14,18,11.9,959.3,56.9,0,2.3,3.9,31,NA,1,70,44,205,27,27,267,114,14,292,321,94,3.6,25,5.18,7.8
1984,5,14,19,9.8,959.6,68.5,0,1.3,2.5,34,NA,NA,3,0,0,0,0,0,0,14,284,307,94,4.3,23.5,5.42,7.1
1984,5,14,20,9.4,959.9,69.4,0,0.8,1.8,51,NA,NA,1,0,0,0,0,0,0,14,303,311,94,4.1,22.9,5.35,6.8
1984,5,14,21,7.9,959.9,75.6,0,0.7,1.4,206,NA,NA,0,0,0,0,0,0,0,14,292,301,94,3.9,21.2,5.26,6
1984,5,14,22,6.2,959.7,83.8,0,0.1,0.9,203,NA,NA,0,0,0,0,0,0,0,14,286,294,94,3.7,19.3,5.19,5
1984,5,14,23,5.2,959.3,88.6,0,0.1,0.8,236,NA,NA,0,0,0,0,0,0,0,14,258,278,94,3.5,18.1,5.12,4.4
1984,5,15,0,4.4,958.8,90.4,0,0.1,0.7,315,NA,NA,0,0,0,0,0,0,0,14,255,276,94,3,16.8,4.94,3.8
1984,5,15,1,3.8,958.4,92.1,0,0.1,0.7,270,NA,NA,1,0,0,0,0,0,0,14,250,273,94,2.6,15.9,4.83,3.3
1984,5,15,2,3.4,957.8,92.4,0,0.2,1,171,NA,NA,0,0,0,0,0,0,0,14,247,270,94,2.3,15.2,4.71,2.9
1984,5,15,3,2.9,956.8,92.4,0,0.3,1.3,311,NA,NA,0,0,0,0,0,0,0,14,249,270,94,1.8,14.3,4.55,2.4
1984,5,15,4,2.6,956.2,92.9,0,0.5,1.2,292,NA,NA,13,13,0,11,6,6,8,14,251,272,94,1.6,13.8,4.48,2.2
1984,5,15,5,4,956.6,94,0,0.9,2.7,277,NA,NA,94,65,165,263,38,36,107,14,277,294,94,3.1,16.6,5.01,3.6
1984,5,15,6,7.2,956.3,86.2,0,0.6,2.7,72,NA,2,222,125,282,454,77,69,122,14,291,315,94,5.1,21.7,5.74,6.2
1984,5,15,7,9.1,955.8,73.7,0,1.4,4.2,79,NA,NA,394,191,401,580,146,100,113,14,297,329,94,4.7,23.2,5.59,6.9
1984,5,15,8,10.7,954.9,67.2,0,1.9,4.4,78,NA,NA,610,177,665,707,289,114,118,14,303,341,94,4.9,25.1,5.68,7.8
1984,5,15,9,12.3,953.7,62.8,0,3.3,7.7,47,NA,NA,752,167,762,609,416,120,120,14,313,349,94,5.4,27.3,5.91,8.8
1984,5,15,10,14,952.7,54.9,0,4.4,7.3,52,NA,NA,797,281,608,413,480,152,151,14,316,355,94,5.1,28.7,5.78,9.4
1984,5,15,11,15.3,951.2,48.2,0,4.2,8.7,50,NA,NA,849,283,639,234,528,159,145,14,311,357,94,4.4,29.4,5.53,9.7
1984,5,15,12,16.7,950.3,41,0,4.9,8.3,52,NA,3,784,322,525,166,486,280,156,14,315,360,94,3.4,29.8,5.14,9.9
1984,5,15,13,17.2,949.7,42.1,0,4.7,8.8,55,NA,NA,632,376,308,162,369,366,162,14,320,360,94,4.2,31.1,5.46,10.4
1984,5,15,14,17.5,949.1,38.8,0,5,8.6,48,NA,NA,494,358,183,152,260,364,153,14,316,356,94,3.3,30.6,5.12,10.2
1984,5,15,15,17.2,949,38.4,0,3.6,6.6,49,NA,NA,255,239,25,105,124,176,108,14,314,350,94,2.9,29.9,4.98,10
1984,5,15,16,16.5,949.1,40.3,0,1.2,3.8,190,NA,NA,64,64,0,31,31,28,31,14,310,340,94,3,29.2,4.99,9.7
1984,5,15,17,14.6,949.6,49.9,0,4.2,7.3,220,NA,NA,32,32,0,16,16,11,15,14,337,347,94,4.3,28.5,5.48,9.4
1984,5,15,18,12.7,950,69.3,0.1,3.2,6.1,236,NA,8,14,14,0,7,7,4,6,14,337,341,94,7.2,29.8,6.73,9.8
1984,5,15,19,11.6,950.2,80.9,0.1,4.1,7.5,208,NA,NA,0,0,0,0,0,0,0,14,332,338,94,8.4,30.1,7.32,9.9
1984,5,15,20,11.1,950.6,83.9,0,4.1,6.8,214,NA,NA,0,0,0,0,0,0,0,14,356,356,94,8.5,29.6,7.34,9.7
1984,5,15,21,10.7,950.3,88.6,0.2,1.9,3.9,246,NA,NA,0,0,0,0,0,0,0,14,353,353,94,8.9,29.8,7.55,9.7
1984,5,15,22,10.3,950.2,89.6,0,3.2,4.7,237,NA,NA,1,0,0,0,0,0,0,14,352,352,94,8.7,29.1,7.43,9.4
1984,5,15,23,10.1,950.3,88.5,0,2,3.6,226,NA,NA,1,0,0,0,0,0,0,14,311,324,94,8.3,28.4,7.24,9.1
1984,5,16,0,10.3,950.3,86.1,0,3.1,6.2,232,NA,NA,1,0,0,0,0,0,0,14,312,325,94,8.1,28.3,7.14,9.1
1984,5,16,1,9.9,950,88.2,0.1,3.3,6.4,239,NA,NA,0,0,0,0,0,0,0,14,309,324,94,8,27.9,7.12,8.9
1984,5,16,2,9.1,949.9,93,0,1,2.6,265,NA,NA,1,0,0,0,0,0,0,14,298,315,94,8,27.1,7.12,8.5
1984,5,16,3,8.4,950.2,94,0,0.9,2.7,247,NA,NA,0,0,0,0,0,0,0,14,294,309,94,7.5,25.7,6.85,7.9
1984,5,16,4,8.7,950.3,93.2,0,1.6,4.1,233,NA,NA,9,9,0,5,4,4,5,14,297,312,94,7.7,26.2,6.94,8.2
1984,5,16,5,8.9,950.5,93.1,0,1,3.1,253,NA,NA,50,50,0,27,23,23,24,14,298,315,94,7.8,26.6,7.02,8.3
1984,5,16,6,10.1,950.8,89.3,0,0.8,3.4,205,NA,6,158,137,59,184,66,61,81,14,307,330,96,8.4,28.5,7.3,9.2
1984,5,16,7,11.7,951.2,73.6,0,3.9,6.5,226,NA,NA,282,226,110,299,122,97,109,14,310,340,96,7.1,28.6,6.69,9.3
1984,5,16,8,12.2,951.2,68.4,0,4.8,7.7,223,NA,NA,280,272,13,172,134,115,119,14,354,362,96,6.6,28.5,6.42,9.3
1984,5,16,9,13.2,951,60.3,0,5.1,8.5,223,NA,NA,509,339,221,374,283,144,147,14,361,374,96,5.7,28.5,6.04,9.3
1984,5,16,10,14.3,950.8,51.3,0,3.9,7,224,NA,NA,727,314,485,381,436,152,152,14,367,385,96,4.4,28.3,5.52,9.3
1984,5,16,11,15.6,950.4,47.5,0,2.7,6.7,214,NA,NA,821,304,583,239,508,169,156,14,347,375,94,4.5,29.7,5.56,9.9
1984,5,16,12,16,950.4,44.3,0,2.3,6.6,217,NA,5,628,419,236,188,367,251,179,14,341,373,94,3.9,29.5,5.31,9.8
1984,5,16,13,16.5,950.1,43.4,0,2.5,6.9,216,NA,NA,536,397,167,167,302,300,166,14,342,372,94,4,30.2,5.38,10.1
1984,5,16,14,16.7,950.8,43.3,0,4.2,8,209,NA,NA,372,333,52,141,190,236,142,14,341,364,94,4.2,30.5,5.43,10.2
1984,5,16,15,13.4,951.3,56.4,0,3.6,11.9,180,NA,NA,70,70,0,35,34,32,34,14,321,339,94,4.9,27.9,5.72,9.1
1984,5,16,16,11.7,952,72.1,0.3,3.4,10.8,208,NA,NA,99,99,0,47,47,49,47,14,325,337,94,6.8,28.3,6.54,9.1
1984,5,16,17,12.1,952.2,71.1,0,0.4,1.8,184,NA,NA,97,97,0,44,45,58,47,14,320,341,96,7,28.9,6.62,9.4
1984,5,16,18,11.8,952.7,74,0,1,2.4,291,NA,7,67,48,143,28,28,213,96,14,316,335,96,7.3,28.9,6.76,9.4
1984,5,16,19,11.4,953.3,81.6,0.1,2,5.5,237,NA,NA,4,0,0,0,0,0,0,14,317,332,96,8.4,29.8,7.26,9.8
1984,5,16,20,11.2,954.5,78.8,0,4.3,8.1,219,NA,NA,0,0,0,0,0,0,0,14,306,327,96,7.7,28.7,6.9,9.3
1984,5,16,21,10.9,955,74.7,0,4.4,10.2,210,NA,NA,1,0,0,0,0,0,0,14,303,327,96,6.6,27.1,6.41,8.7
1984,5,16,22,10.5,955.6,74.9,0,4.4,9,211,NA,NA,2,0,0,0,0,0,0,14,300,325,96,6.2,26.3,6.25,8.3
1984,5,16,23,9,955.9,87.9,0.6,3.3,8.4,205,NA,NA,0,0,0,0,0,0,0,14,347,347,96,7.1,25.7,6.63,8
1984,5,17,0,9.4,956.1,85.8,0,3,6,212,NA,NA,1,0,0,0,0,0,0,14,348,348,96,7.1,26.2,6.65,8.2
1984,5,17,1,9.4,956.3,84.6,0,2.2,4.6,207,NA,NA,1,0,0,0,0,0,0,14,348,348,96,6.9,25.9,6.56,8.1
1984,5,17,2,9.6,956.5,80.7,0,2.3,5.1,209,NA,NA,2,0,0,0,0,0,0,14,349,349,96,6.4,25.6,6.33,8
1984,5,17,3,8.9,956.7,85.5,0,1.3,3.5,258,NA,NA,0,0,0,0,0,0,0,14,344,344,96,6.6,25,6.4,7.7
1984,5,17,4,8.9,957,87,0,1.9,4,231,NA,NA,8,8,0,4,4,4,4,14,346,346,96,6.9,25.3,6.51,7.9
1984,5,17,5,9.6,957.5,81.6,0,3.3,5.6,234,NA,NA,76,68,45,121,33,32,61,14,308,328,96,6.6,25.8,6.4,8.1
1984,5,17,6,10.4,957.7,76.5,0,3.9,5.7,227,NA,7,157,125,91,223,65,59,85,14,314,336,96,6.5,26.4,6.33,8.4
1984,5,17,7,12.1,957.9,68.2,0,3.6,5.8,227,NA,NA,445,180,519,692,153,103,117,14,321,351,96,6.4,28.1,6.31,9.1
1984,5,17,8,13.7,957.9,59.4,0,4.4,7.8,218,NA,NA,650,156,754,755,296,111,115,14,318,357,96,5.9,29.2,6.1,9.6
1984,5,17,9,14.5,957.8,52.5,0,4.8,9.6,223,NA,NA,662,281,493,515,365,142,143,14,317,359,96,4.9,28.9,5.68,9.6
1984,5,17,10,15.1,957.9,51.7,0,4.9,8.5,229,NA,NA,529,394,159,276,301,165,166,14,326,362,96,5.2,29.9,5.81,9.9
1984,5,17,11,15.8,957.5,49.1,0,4.5,9.2,235,NA,NA,732,370,407,237,442,181,168,14,319,363,94,5.1,30.5,5.78,10.2
1984,5,17,12,17.4,957,42.8,0,4.9,12,230,NA,6,774,331,502,167,474,278,157,14,332,373,94,4.6,31.6,5.57,10.7
1984,5,17,13,18.1,957,39.5,0,5.8,10.2,225,NA,NA,586,389,236,161,341,340,161,14,333,369,94,4.1,31.8,5.38,10.8
1984,5,17,14,17.5,956.9,42.9,0,6,10.9,239,NA,NA,426,352,99,146,225,302,147,14,333,363,94,4.8,31.8,5.62,10.8
1984,5,17,15,14.6,958.2,56.3,0,8.2,16.4,232,NA,NA,184,182,3,83,88,101,84,14,312,339,94,6,30.2,6.13,10.1
1984,5,17,16,13.3,958.3,62.6,0,4.1,7.6,219,NA,NA,175,174,3,77,81,112,81,14,316,340,94,6.3,29.2,6.26,9.6
1984,5,17,17,13.3,958.9,60.4,0,5,9.9,202,NA,NA,82,82,0,38,39,44,40,14,312,335,94,5.8,28.6,6.04,9.4
1984,5,17,18,12.6,959.6,64.8,0,5.1,9.3,213,NA,8,18,18,0,9,9,5,8,14,310,331,94,6.2,28.3,6.19,9.3
1984,5,17,19,12.1,960.4,69,0,4,6.6,212,NA,NA,0,0,0,0,0,0,0,14,308,328,94,6.6,28.2,6.37,9.2
1984,5,17,20,11.6,961,71.6,0,1.7,5.2,191,NA,NA,0,0,0,0,0,0,0,14,297,320,94,6.6,27.8,6.39,9
1984,5,17,21,11.3,961.1,73,0,1.3,3.2,240,NA,NA,0,0,0,0,0,0,0,14,291,313,94,6.6,27.5,6.39,8.9
1984,5,17,22,9.5,961.5,82.1,0,0.5,2.1,360,NA,NA,0,0,0,0,0,0,0,14,289,302,94,6.6,25.6,6.37,8
1984,5,17,23,8.1,961.7,88.8,0,0.5,2.2,5,NA,NA,0,0,0,0,0,0,0,14,280,296,94,6.4,23.9,6.26,7.2
1984,5,18,0,7.4,961.7,91.2,0,0.2,1.2,9,NA,NA,0,0,0,0,0,0,0,14,277,290,94,6.1,22.8,6.13,6.8
1984,5,18,1,6.2,961.8,92.7,0,0.2,1.3,297,NA,NA,0,0,0,0,0,0,0,14,272,287,94,5.1,20.6,5.73,5.7
1984,5,18,2,5.8,961.6,92.5,0,0,0.8,0,NA,NA,0,0,0,0,0,0,0,14,265,281,94,4.7,19.8,5.56,5.3
1984,5,18,3,5.5,961.3,93.4,0,0.2,1.2,22,NA,NA,0,0,0,0,0,0,0,14,262,279,94,4.5,19.3,5.5,5
1984,5,18,4,5.4,962.1,93.9,0,0.6,1.5,214,NA,NA,17,17,0,14,7,7,11,14,264,284,94,4.5,19.2,5.49,5
1984,5,18,5,6.6,962.2,95.2,0,0.3,1.6,249,NA,NA,116,55,336,418,39,38,158,14,285,306,94,5.9,21.8,6.05,6.3
1984,5,18,6,9.3,962.2,85.4,0,0.5,2.1,40,NA,4,217,142,215,390,78,70,119,14,292,320,94,7,25.8,6.53,8.1
1984,5,18,7,10.1,962.1,80.7,0,1.8,3.4,43,NA,NA,259,221,73,258,115,95,106,14,295,326,94,6.9,26.6,6.51,8.4
1984,5,18,8,11.1,961.7,78.6,0,2.6,4.7,43,NA,NA,272,265,11,165,130,113,117,14,341,351,94,7.5,28.3,6.79,9.2
1984,5,18,9,12,961.2,74.1,0,2.8,5,34,NA,NA,420,362,76,262,217,149,152,14,350,363,94,7.5,29.2,6.79,9.6
1984,5,18,10,13.2,961.1,66.6,0,2.1,5.9,53,NA,NA,440,419,25,226,238,166,168,14,351,366,94,7.1,29.9,6.61,9.9
1984,5,18,11,14.6,960.7,59.3,0,2.9,6.1,44,NA,NA,606,410,219,224,353,186,176,14,322,361,94,6.8,31,6.44,10.4
1984,5,18,12,15,960.1,56,0,2.4,5.3,44,NA,7,288,282,6,128,145,132,126,14,325,354,94,6.3,30.9,6.25,10.4
1984,5,18,13,15.6,959.5,55.8,0,1.7,4.1,51,NA,NA,285,280,6,125,143,141,124,14,324,355,94,6.8,32.1,6.47,10.9
1984,5,18,14,16,959.1,53.9,0,1,3.1,359,NA,NA,343,331,16,141,168,194,141,14,383,388,94,6.7,32.3,6.42,11
1984,5,18,15,16.7,958.7,50.1,0,1.2,3.3,5,NA,NA,217,215,5,96,103,125,97,14,385,385,94,6.3,32.6,6.24,11.1
1984,5,18,16,16.7,958.6,48.6,0,1.1,3.2,24,NA,NA,129,129,0,60,61,71,61,14,384,384,94,5.8,32.1,6.05,10.9
1984,5,18,17,16.3,959,50.9,0,1.6,5,222,NA,NA,66,66,0,32,31,31,32,14,336,353,94,6.1,32,6.18,10.8
1984,5,18,18,14.3,959.1,67.9,0.1,3,7.4,235,NA,8,12,12,0,6,6,3,5,14,328,341,94,8.5,32.7,7.26,11.1
1984,5,18,19,12.9,959,79.1,0,1.4,3.3,230,NA,NA,2,0,0,0,0,0,0,14,326,336,94,9.4,32.5,7.72,11
1984,5,18,20,12.5,959.1,81.1,0,2.6,4.5,225,NA,NA,4,0,0,0,0,0,0,14,365,365,94,9.3,32,7.71,10.7
1984,5,18,21,11.9,957.8,81.1,0,1.5,4.6,230,NA,NA,2,0,0,0,0,0,0,14,356,356,94,8.8,30.7,7.42,10.2
1984,5,18,22,9.9,957.5,89.3,0,0.6,1.7,275,NA,NA,3,0,0,0,0,0,0,14,350,350,94,8.2,28,7.15,9
1984,5,18,23,9.8,957.5,91.1,0,0.9,1.9,231,NA,NA,4,0,0,0,0,0,0,14,326,327,94,8.4,28.1,7.25,9.1
1984,5,19,0,10.3,957.8,90.7,0,1,2.3,223,NA,NA,1,0,0,0,0,0,0,14,327,331,94,8.8,29.2,7.46,9.5
1984,5,19,1,10.4,956.4,89.3,0,1.4,3.5,254,NA,NA,2,0,0,0,0,0,0,14,328,333,94,8.7,29.1,7.41,9.5
1984,5,19,2,9.7,955.4,90.7,0,0.7,2.8,91,NA,NA,2,0,0,0,0,0,0,14,346,346,94,8.3,27.8,7.18,9
1984,5,19,3,9.6,954.8,92.5,0,1.4,5.1,308,NA,NA,3,0,0,0,0,0,0,14,351,351,94,8.4,28,7.28,9
1984,5,19,4,9.8,955.2,91.5,0,0.3,2.3,208,NA,NA,11,11,0,6,5,5,6,14,349,349,94,8.5,28.2,7.3,9.1
1984,5,19,5,10,955.5,92.7,0,0,1.1,270,NA,NA,43,43,0,21,21,20,21,14,353,353,94,8.9,28.9,7.5,9.4
1984,5,19,6,11.1,956,83.9,0,3.3,6.6,226,NA,8,85,85,0,44,40,39,41,14,358,358,94,8.5,29.5,7.29,9.7
1984,5,19,7,11.5,956.4,78.4,0,5.5,11,215,NA,NA,114,114,0,59,55,53,54,14,358,358,94,7.9,29.2,6.99,9.6
1984,5,19,8,11.4,956.8,79.3,0,5.2,11.4,214,NA,NA,116,116,0,58,56,54,56,14,318,335,94,7.9,29.2,7.02,9.5
1984,5,19,9,12.4,956.8,66.3,0,4.9,10.2,222,NA,NA,251,242,12,134,123,107,109,14,323,344,94,6.3,28.3,6.27,9.2
1984,5,19,10,14.9,956.3,53.9,0,5,9.6,226,NA,NA,704,364,398,364,407,165,165,14,331,362,94,5.7,30.1,5.99,10.1
1984,5,19,11,17.1,956.1,45.2,0,5.8,11.1,218,NA,NA,865,305,627,246,523,172,159,14,344,380,94,5.1,31.8,5.78,10.8
1984,5,19,12,17.7,955.8,43.8,0,6.2,10.1,237,NA,3,944,159,884,131,559,286,126,14,344,382,94,5.2,32.6,5.82,11.1
1984,5,19,13,18.7,955.3,39.4,0,6.1,13.4,220,NA,NA,851,246,723,142,488,495,142,14,341,380,94,4.6,32.9,5.58,11.2
1984,5,19,14,18.7,955.1,34.6,0,7,11.3,212,NA,NA,474,276,265,131,251,377,132,14,356,377,94,2.8,31.2,4.9,10.6
1984,5,19,15,14.3,956.7,46.5,0,7.6,17.7,229,NA,NA,116,116,0,56,56,57,56,14,327,344,94,3,26.9,4.96,8.7
1984,5,19,16,14.7,956.1,49.1,0,1.4,4.4,212,NA,NA,186,178,17,79,85,141,85,14,344,358,94,4.1,28.4,5.39,9.3
1984,5,19,17,14.3,956.2,51.8,0,2.9,9.6,223,NA,NA,126,119,21,53,55,111,65,14,343,353,94,4.5,28.4,5.54,9.3
1984,5,19,18,14.2,957,45.5,0,3.4,8.4,217,NA,6,64,52,82,27,27,150,74,14,340,346,94,2.6,26.5,4.82,8.5
1984,5,19,19,10.6,957.4,65.2,0,4.6,14.7,244,NA,NA,0,0,0,0,0,0,0,14,324,330,94,4.3,24.4,5.46,7.5
1984,5,19,20,8.8,957.7,83.4,0,0.4,1.4,67,NA,NA,0,0,0,0,0,0,0,14,317,317,94,6.1,24.4,6.19,7.4
1984,5,19,21,7.4,957.5,91.7,0,0.5,2.3,352,NA,NA,0,0,0,0,0,0,0,14,314,314,94,6.1,23,6.19,6.8
1984,5,19,22,6.6,957.2,91.6,0,0.1,1.8,104,NA,NA,2,0,0,0,0,0,0,14,309,309,94,5.3,21.3,5.85,6
1984,5,19,23,5.9,957,92.1,0,0,0.8,0,NA,NA,0,0,0,0,0,0,0,14,264,282,94,4.7,20,5.61,5.3
1984,5,20,0,5.9,956.6,91.9,0,0.9,2,56,NA,NA,0,0,0,0,0,0,0,14,263,284,94,4.7,20,5.6,5.3
1984,5,20,1,5.8,956.6,90.9,0,0.3,1.3,13,NA,NA,2,0,0,0,0,0,0,14,264,286,94,4.4,19.6,5.5,5.1
1984,5,20,2,5.9,955.8,91.6,0,0.2,1.1,66,NA,NA,1,0,0,0,0,0,0,14,307,307,94,4.6,19.9,5.58,5.3
1984,5,20,3,6.3,955.4,91.9,0,0.5,1.5,25,NA,NA,1,0,0,0,0,0,0,14,309,312,94,5.1,20.8,5.76,5.7
1984,5,20,4,6.7,955.2,91.8,0,0.2,1.2,24,NA,NA,5,5,0,1,3,3,2,14,310,313,94,5.5,21.6,5.92,6.1
1984,5,20,5,7.4,954.8,91.9,0,0.6,2,223,NA,NA,29,29,0,11,14,14,13,14,283,306,94,6.2,23.1,6.22,6.8
1984,5,20,6,8.4,954.3,87.1,0,1.2,2.2,240,NA,8,114,114,0,70,53,51,55,14,288,313,94,6.4,24.3,6.32,7.4
1984,5,20,7,9.2,953.6,79.3,0,0.7,1.7,280,NA,NA,263,224,75,262,116,96,108,14,289,320,94,5.8,24.5,6.07,7.5
1984,5,20,8,10.2,953.6,74.3,0,0.8,2.6,1,NA,NA,255,249,8,150,121,107,111,14,290,324,94,5.8,25.6,6.09,8
1984,5,20,9,10.4,953.5,72.6,0,0.6,2.7,37,NA,NA,179,179,1,91,88,81,83,14,293,325,94,5.7,25.6,6.03,8
1984,5,20,10,10.8,952.9,71.2,0,0.8,2.5,78,NA,NA,164,163,1,81,81,75,77,14,294,326,94,5.8,26.2,6.08,8.3
1984,5,20,11,11,952.5,70.1,0,1.3,2.7,31,NA,NA,167,166,1,80,83,77,78,14,331,343,94,5.8,26.3,6.06,8.3
1984,5,20,12,11.2,951.9,69.2,0,1.5,3,42,NA,8,153,152,0,73,75,72,72,14,330,342,94,5.8,26.6,6.07,8.4
1984,5,20,13,11.1,951.3,69.3,0,2.4,5.9,51,NA,NA,150,150,0,71,74,73,71,14,329,342,94,5.7,26.4,6.04,8.3
1984,5,20,14,10.9,951.1,73.3,0,1.5,3.1,48,NA,NA,88,88,0,43,43,42,43,14,320,335,94,6.3,26.9,6.31,8.5
1984,5,20,15,10.5,950.8,80.2,0.2,2,5,44,NA,NA,106,106,0,51,51,51,51,14,319,333,94,7.2,27.5,6.73,8.8
1984,5,20,16,10.3,950.4,85.4,0,2.7,4.5,46,NA,NA,114,114,0,54,54,60,54,14,319,333,94,8,28.2,7.08,9.1
1984,5,20,17,10.2,950.5,86.9,0,1.9,3.8,51,NA,NA,85,85,0,39,39,46,41,14,295,321,94,8.1,28.3,7.15,9.1
1984,5,20,18,9.9,950.2,88.2,0,1.1,3.2,52,NA,8,19,19,0,9,9,6,8,14,294,318,94,8,27.9,7.12,8.9
1984,5,20,19,9.5,950,91.3,0,0.5,1.4,69,NA,NA,2,0,0,0,0,0,0,14,292,315,94,8.2,27.6,7.18,8.8
1984,5,20,20,9.3,949.3,93.1,0,0.9,2.1,285,NA,NA,1,0,0,0,0,0,0,14,292,314,94,8.2,27.5,7.23,8.7
1984,5,20,21,9.2,949.3,92.8,0,0.2,1.1,214,NA,NA,2,0,0,0,0,0,0,14,292,313,94,8.1,27.2,7.15,8.6
1984,5,20,22,9.2,949.2,93.2,0,0.3,1.5,67,NA,NA,0,0,0,0,0,0,0,14,291,313,94,8.2,27.3,7.19,8.7
1984,5,20,23,9.1,949.6,93.9,0.4,0.1,1.2,129,NA,NA,1,0,0,0,0,0,0,14,338,338,94,8.2,27.2,7.19,8.6
1984,5,21,0,8.8,949.7,94.2,0,0.5,1.8,4,NA,NA,1,0,0,0,0,0,0,14,337,337,94,7.9,26.6,7.06,8.3
1984,5,21,1,8.8,949.6,94.2,0,0.5,1.7,138,NA,NA,0,0,0,0,0,0,0,14,338,338,94,7.9,26.6,7.06,8.3
1984,5,21,2,9,949.6,94.1,0.2,0.5,1.8,115,NA,NA,1,0,0,0,0,0,0,14,345,345,94,8.1,27,7.15,8.5
1984,5,21,3,8.7,949.7,94.5,1,0.9,3.2,113,NA,NA,0,0,0,0,0,0,0,14,344,344,94,7.9,26.5,7.04,8.3
1984,5,21,4,8.6,949.9,94.1,0.8,0.8,2.9,156,NA,NA,3,3,0,1,2,2,1,14,344,344,94,7.7,26.1,6.96,8.1
1984,5,21,5,8.4,950.1,94.1,0.6,1,3.5,144,NA,NA,12,12,0,3,6,6,5,14,327,333,96,7.5,25.7,6.86,7.9
1984,5,21,6,8.5,950.5,93.6,0.1,1.4,4,141,NA,8,51,51,0,21,25,24,24,14,329,335,96,7.5,25.8,6.87,8
1984,5,21,7,8.8,951.1,91.4,0.3,1.7,4.2,140,NA,NA,82,82,0,39,40,39,40,14,328,335,96,7.5,26.1,6.84,8.1
1984,5,21,8,9,951.5,91.5,0.6,1.8,4,133,NA,NA,150,150,0,78,72,69,71,14,333,340,96,7.7,26.5,6.94,8.3
1984,5,21,9,10.6,952.2,86.6,0,1.9,6,175,NA,NA,249,246,5,132,122,108,110,14,340,349,96,8.5,29.1,7.31,9.5
1984,5,21,10,10.6,952.8,81,0,2.8,7.1,200,NA,NA,209,208,2,103,104,94,96,14,337,347,96,7.5,27.9,6.83,9
1984,5,21,11,11.1,953.4,78.9,0.1,2.8,6.4,205,NA,NA,295,289,6,136,149,129,128,14,356,358,96,7.6,28.5,6.87,9.2
1984,5,21,12,11.3,954,70.4,0.2,3.2,7,213,NA,8,385,374,13,163,197,173,159,14,357,361,96,6.1,27,6.2,8.6
1984,5,21,13,11.4,954.6,67.9,0,3.6,7.1,221,NA,NA,226,224,2,103,112,110,102,14,359,359,96,5.7,26.6,6.02,8.5
1984,5,21,14,12.1,955.1,62.6,0,4.8,7.5,223,NA,NA,293,286,8,125,143,159,126,14,341,356,96,5.2,26.8,5.81,8.6
1984,5,21,15,12.5,955.3,63.5,0,2.6,6.1,200,NA,NA,304,290,22,121,145,220,125,14,344,358,96,5.8,27.8,6.05,9
1984,5,21,16,12,955.4,65.6,0,3.7,7.7,212,NA,NA,155,153,3,70,72,92,72,14,342,353,96,5.8,27.3,6.05,8.8
1984,5,21,17,11.2,956,69.6,0,4.1,8.3,210,NA,NA,75,75,0,36,35,38,36,14,340,348,96,5.9,26.6,6.08,8.5
1984,5,21,18,11,956.8,68.8,0,2.7,6.1,185,NA,7,72,37,243,27,27,294,129,14,337,344,96,5.5,26,5.92,8.2
1984,5,21,19,10.6,957.4,71.1,0,2.4,4.8,190,NA,NA,3,0,0,0,0,0,0,14,334,340,96,5.6,25.7,5.96,8.1
1984,5,21,20,9.6,958.2,75.9,0,1.9,4,228,NA,NA,0,0,0,0,0,0,0,14,337,338,96,5.6,24.6,5.94,7.6
1984,5,21,21,9.3,958.4,81.8,0,0.7,2.9,183,NA,NA,0,0,0,0,0,0,0,14,340,340,96,6.4,25.1,6.28,7.8
1984,5,21,22,8.9,958.8,82.9,0,1.2,2.7,259,NA,NA,2,0,0,0,0,0,0,14,336,336,96,6.2,24.5,6.19,7.5
1984,5,21,23,8.6,958.7,86.5,0,0.8,2.1,107,NA,NA,0,0,0,0,0,0,0,14,334,336,96,6.5,24.6,6.33,7.5
1984,5,22,0,8.5,958.3,88.2,0,0.3,1,56,NA,NA,0,0,0,0,0,0,0,14,336,336,96,6.7,24.7,6.42,7.6
1984,5,22,1,8.1,958,90.6,0,0.3,1.1,265,NA,NA,0,0,0,0,0,0,0,14,331,331,96,6.7,24.3,6.42,7.4
1984,5,22,2,7.1,957.8,91.7,0,0.1,0.8,45,NA,NA,0,0,0,0,0,0,0,14,286,304,96,5.8,22.4,6.06,6.5
1984,5,22,3,6.9,957.8,92.8,0,0.3,1.1,250,NA,NA,0,0,0,0,0,0,0,14,285,306,96,5.8,22.1,6.05,6.4
1984,5,22,4,6.8,958,93.1,0,0.3,1.2,315,NA,NA,9,9,0,4,4,4,4,14,285,307,96,5.8,22,6.03,6.3
1984,5,22,5,7.2,958,93.3,0,0.4,1.8,28,NA,NA,54,54,0,30,25,24,26,14,297,311,94,6.2,22.8,6.21,6.7
1984,5,22,6,8.6,958.2,90.8,0,0.2,1.6,300,NA,6,140,137,9,112,63,59,70,14,304,322,94,7.2,25.4,6.65,7.9
1984,5,22,7,9.9,958.4,78,0,1.5,3.7,235,NA,NA,209,199,19,157,96,86,93,14,308,331,94,6.2,25.6,6.23,8
1984,5,22,8,11.7,958.1,67.3,0,1.4,3.6,228,NA,NA,479,311,253,460,226,134,142,14,315,346,94,5.8,27,6.06,8.7
1984,5,22,9,13.7,957.9,55.6,0,0.9,3.6,225,NA,NA,755,260,635,591,397,140,142,14,316,358,94,5,28.2,5.71,9.2
1984,5,22,10,14.9,957.6,53.2,0,2.1,5.7,199,NA,NA,595,408,218,306,330,173,174,14,322,362,94,5.5,29.9,5.91,10
1984,5,22,11,15.6,957.1,52.3,0,3,9.7,200,NA,NA,672,454,243,244,384,200,188,14,335,370,94,5.9,31.1,6.08,10.5
1984,5,22,12,16,956.9,47,0,7.1,12,227,NA,6,679,447,260,197,386,266,187,14,329,362,94,4.7,30.3,5.6,10.1
1984,5,22,13,15.4,956.6,48.2,0,9.3,14.4,221,NA,NA,585,396,225,171,320,324,170,14,325,356,94,4.5,29.5,5.53,9.8
1984,5,22,14,15.2,956.7,48.7,0,6.9,10.5,219,NA,NA,410,349,81,148,205,265,149,14,321,351,94,4.5,29.2,5.51,9.7
1984,5,22,15,14.5,956.9,52.5,0,7.2,11.6,224,NA,NA,251,246,9,108,118,151,110,14,316,344,94,4.9,28.9,5.68,9.6
1984,5,22,16,13.7,957,56,0,6.5,9.7,221,NA,NA,170,166,8,75,78,108,78,14,313,339,94,5.1,28.3,5.76,9.3
1984,5,22,17,11.6,957.8,63.4,0,8.3,12.7,223,NA,NA,45,45,0,22,22,18,21,14,334,340,94,4.9,26,5.67,8.2
1984,5,22,18,9.4,958,80.1,0.2,3.9,11.3,228,NA,8,9,9,0,5,5,2,4,14,329,332,94,6.1,25,6.19,7.7
1984,5,22,19,8.7,958.3,89.9,0,0.8,1.7,50,NA,NA,0,0,0,0,0,0,0,14,325,326,94,7.1,25.4,6.63,7.9
1984,5,22,20,8.1,958.4,91.4,0,0.6,1.3,99,NA,NA,0,0,0,0,0,0,0,14,284,301,94,6.8,24.4,6.47,7.4
1984,5,22,21,7.5,958.6,92.8,0,0.7,2.4,29,NA,NA,0,0,0,0,0,0,0,14,282,303,94,6.4,23.4,6.3,6.9
1984,5,22,22,7.5,958.6,93.3,0,1,3.2,22,NA,NA,1,0,0,0,0,0,0,14,281,304,94,6.5,23.5,6.34,7
1984,5,22,23,7.8,958.2,93,0,0.6,1.6,356,NA,NA,0,0,0,0,0,0,0,14,324,325,94,6.7,24.1,6.45,7.2
1984,5,23,0,8,957.9,92.7,0,0,0.8,117,NA,NA,0,0,0,0,0,0,0,14,326,327,94,6.9,24.4,6.52,7.4
1984,5,23,1,7.7,957.6,93.5,0,0.6,1.6,301,NA,NA,0,0,0,0,0,0,0,14,323,325,94,6.7,23.9,6.45,7.2
1984,5,23,2,8,957.5,92.5,0,0.2,1.5,113,NA,NA,0,0,0,0,0,0,0,14,341,341,94,6.9,24.4,6.51,7.4
1984,5,23,3,8,957.6,92.9,0,0.2,1.1,74,NA,NA,0,0,0,0,0,0,0,14,341,341,94,6.9,24.5,6.54,7.4
1984,5,23,4,8,957.8,92.8,0,0.1,1.6,277,NA,NA,5,5,0,1,3,3,2,14,340,340,94,6.9,24.5,6.53,7.4
1984,5,23,5,8.3,957.9,92.8,0,0.2,1.5,297,NA,NA,36,36,0,15,17,17,17,14,343,343,94,7.2,25.1,6.67,7.7
1984,5,23,6,8.8,958.2,91,0,0.6,1.5,305,NA,8,99,99,0,55,46,45,48,14,347,347,94,7.4,25.9,6.76,8.1
1984,5,23,7,9.5,958.5,84.1,0,0.1,1.4,27,NA,NA,133,133,0,72,63,60,63,14,349,349,94,7,26,6.55,8.2
1984,5,23,8,10.3,958.5,78.2,0,0.7,2.9,245,NA,NA,201,200,2,111,96,89,91,14,329,342,94,6.7,26.5,6.42,8.4
1984,5,23,9,11.3,958.5,67.7,0,1.3,3.3,226,NA,NA,309,302,10,168,151,129,132,14,335,352,94,5.6,26.3,5.94,8.4
1984,5,23,10,11.9,958.7,65,0,1.5,3.7,227,NA,NA,231,229,2,114,115,102,104,14,333,348,94,5.5,26.9,5.93,8.6
1984,5,23,11,12.3,958.8,62.9,0,1.3,4.1,252,NA,NA,285,282,3,133,144,126,126,14,356,363,94,5.4,27.2,5.89,8.8
1984,5,23,12,11.7,958.8,63.4,0,1.6,4.3,343,NA,7,210,208,2,98,105,98,96,14,350,355,94,5,26.1,5.7,8.3
1984,5,23,13,11.9,958.7,63,0,0.8,3.1,234,NA,NA,148,148,0,71,73,72,70,14,351,356,94,5.1,26.4,5.74,8.5
1984,5,23,14,12.6,958.4,63.6,0,1.3,4.1,182,NA,NA,237,234,4,106,115,124,106,14,356,362,94,5.9,28,6.08,9.1
1984,5,23,15,13.2,958.3,57.6,0,1.1,3.5,180,NA,NA,274,265,14,115,128,170,117,14,356,365,94,5,27.7,5.72,9
1984,5,23,16,13.6,958.3,55.7,0,0.8,2.6,143,NA,NA,280,214,138,95,111,350,113,14,359,368,94,4.9,28,5.68,9.1
1984,5,23,17,13.2,958.6,55.8,0,1.4,2.9,268,NA,NA,147,132,49,59,61,170,83,14,356,359,94,4.6,27.3,5.54,8.8
1984,5,23,18,12.2,958.8,62.5,0,1.4,3,351,NA,7,67,56,71,29,29,144,74,14,349,349,94,5.3,26.9,5.81,8.7
1984,5,23,19,10.5,959.4,73.1,0,1,2.2,18,NA,NA,8,0,0,0,0,0,0,14,342,342,94,5.9,25.9,6.07,8.2
1984,5,23,20,9.5,959.8,80.6,0,0.3,1.2,211,NA,NA,0,0,0,0,0,0,0,14,320,321,94,6.3,25.3,6.26,7.9
1984,5,23,21,8,959.8,88.2,0,0.7,1.5,229,NA,NA,0,0,0,0,0,0,0,14,316,316,94,6.2,23.6,6.19,7.1
1984,5,23,22,7.4,959.9,90.4,0,0.6,2,263,NA,NA,0,0,0,0,0,0,0,14,310,313,94,5.9,22.7,6.09,6.7
1984,5,23,23,6.6,959.8,90.5,0,0.3,1.1,246,NA,NA,0,0,0,0,0,0,0,14,265,285,94,5.2,21.1,5.77,5.9
1984,5,24,0,5.5,959.3,92.3,0,0.4,1.3,229,NA,NA,0,0,0,0,0,0,0,14,260,281,94,4.4,19.2,5.45,5
1984,5,24,1,5,959.1,92.3,0,0.7,1.6,235,NA,NA,1,0,0,0,0,0,0,14,258,279,94,3.9,18.2,5.26,4.5
1984,5,24,2,4.6,958.7,92.4,0,0.7,1.6,224,NA,NA,0,0,0,0,0,0,0,14,257,278,94,3.5,17.5,5.13,4.1
1984,5,24,3,4.1,958.6,92.6,0,0.7,1.5,222,NA,NA,1,0,0,0,0,0,0,14,253,275,94,3,16.5,4.96,3.6
1984,5,24,4,3.9,958.8,93.1,0,0.8,2,254,NA,NA,22,20,51,77,11,11,47,14,253,277,94,2.9,16.2,4.91,3.5
1984,5,24,5,5.2,958.9,94.1,0,0.4,1.3,235,NA,NA,122,60,316,402,41,40,162,14,266,295,94,4.3,18.9,5.44,4.8
1984,5,24,6,8,958.7,82.8,0,0.7,2,252,NA,1,281,106,482,619,75,68,155,14,278,312,94,5.3,22.7,5.81,6.7
1984,5,24,7,10.7,958.5,67.5,0,0.6,1.7,220,NA,NA,461,117,655,741,126,90,100,14,292,333,94,4.9,25.1,5.68,7.8
1984,5,24,8,12.7,958.3,59.8,0,0.5,2.2,232,NA,NA,619,160,687,703,265,110,115,14,313,351,94,5.1,27.3,5.75,8.8
1984,5,24,9,14.4,958,53.3,0,1.1,4.6,88,NA,NA,780,164,787,617,398,120,121,14,316,361,94,5,28.9,5.73,9.6
1984,5,24,10,16,957.5,44.9,0,1.4,7.1,67,NA,NA,900,124,899,440,497,118,116,14,328,374,94,4.1,29.6,5.35,9.9
1984,5,24,11,16.7,957,44.9,0,2,5.1,98,NA,NA,941,179,846,228,548,140,130,14,331,381,94,4.7,31,5.6,10.4
1984,5,24,12,17.2,956.4,42,0,1.5,4.2,108,NA,3,805,354,503,173,470,284,162,14,326,376,94,4.2,31,5.4,10.4
1984,5,24,13,17.2,955.9,41.8,0,2.3,7.3,52,NA,NA,497,388,129,163,272,275,163,14,325,367,94,4.1,30.9,5.38,10.4
1984,5,24,14,16,955.9,48,0.1,1.7,4.4,345,NA,NA,179,179,0,83,87,90,83,14,330,353,94,5,30.6,5.73,10.3
1984,5,24,15,17.1,955.7,46.6,0,2.9,7,321,NA,NA,536,235,475,123,225,613,131,14,336,368,94,5.6,32.3,5.97,11
1984,5,24,16,16.2,955.6,46.3,0,2.8,6.8,307,NA,NA,254,210,89,93,104,269,106,14,332,355,94,4.7,30.5,5.6,10.2
1984,5,24,17,15.9,955.7,44.4,0,1.9,5.4,309,NA,NA,133,127,19,56,58,116,70,14,312,342,94,3.8,29.3,5.26,9.7
1984,5,24,18,14.7,956.1,50.6,0,0.7,2.4,262,NA,3,58,55,17,26,26,64,41,14,303,329,94,4.6,28.8,5.55,9.5
1984,5,24,19,12.2,956.5,65.4,0,1.2,3,99,NA,NA,0,0,0,0,0,0,0,14,300,323,94,5.9,27.7,6.1,8.9
1984,5,24,20,12.3,957,65.8,0,1.1,3.4,80,NA,NA,0,0,0,0,0,0,0,14,346,346,94,6.1,27.9,6.18,9.1
1984,5,24,21,11.9,957,68.1,0,0.8,3.2,76,NA,NA,1,0,0,0,0,0,0,14,343,343,94,6.2,27.7,6.23,8.9
1984,5,24,22,11.7,957,69.7,0,1,3.6,37,NA,NA,1,0,0,0,0,0,0,14,341,341,94,6.4,27.6,6.29,8.9
1984,5,24,23,11.2,956.9,73.3,0,0.8,2.1,218,NA,NA,1,0,0,0,0,0,0,14,320,327,94,6.6,27.4,6.4,8.8
1984,5,25,0,10.6,956.8,79.6,0,0.5,1.8,291,NA,NA,1,0,0,0,0,0,0,14,324,330,94,7.2,27.5,6.68,8.8
1984,5,25,1,10.3,956.5,82.6,0,0.4,1.7,267,NA,NA,1,0,0,0,0,0,0,14,318,327,94,7.5,27.5,6.8,8.8
1984,5,25,2,9.8,956.4,87.7,0.1,0.4,1.7,105,NA,NA,0,0,0,0,0,0,0,14,327,331,94,7.9,27.4,6.98,8.8
1984,5,25,3,9.8,956.3,90.5,0.3,1.6,4.4,230,NA,NA,0,0,0,0,0,0,0,14,327,332,94,8.3,28,7.21,9
1984,5,25,4,9.7,956.9,89.6,0.1,1.7,3.1,258,NA,NA,4,4,0,1,2,2,1,14,324,330,94,8.1,27.6,7.09,8.9
1984,5,25,5,9.7,956.7,92,1.2,2,5.5,209,NA,NA,24,24,0,8,12,12,11,14,333,339,96,8.5,28.1,7.28,9.1
1984,5,25,6,10.1,957,89.5,0.1,3.3,6.1,220,NA,8,136,131,12,107,61,58,68,14,339,346,96,8.5,28.5,7.27,9.2
1984,5,25,7,10.7,957.2,85.1,0.1,3.3,6.4,218,NA,NA,155,154,0,88,73,69,72,14,339,348,96,8.3,28.9,7.19,9.4
1984,5,25,8,11.2,957.4,80.5,0,4,7.1,207,NA,NA,237,233,5,136,113,101,105,14,358,360,96,8,29,7.03,9.5
1984,5,25,9,11.1,957.7,79.8,0,3.9,7.7,208,NA,NA,107,107,0,53,52,51,52,14,357,357,96,7.7,28.6,6.92,9.3
1984,5,25,10,11.8,957.6,77.5,0,4.1,8,211,NA,NA,309,303,7,152,154,131,133,14,361,366,96,8,29.6,7.04,9.8
1984,5,25,11,11.8,957.4,75,0,4,7.9,212,NA,NA,226,224,2,107,113,102,103,14,354,356,94,7.5,29,6.81,9.5
1984,5,25,12,13.3,957.1,67.6,0,3.8,8,213,NA,7,421,406,17,175,215,187,170,14,361,370,94,7.4,30.5,6.78,10.1
1984,5,25,13,14,956.8,60.8,0,5.3,8.9,219,NA,NA,382,352,35,151,200,200,151,14,360,370,94,6.6,30.2,6.38,10.1
1984,5,25,14,15.2,956.5,57.7,0,4.6,8.4,219,NA,NA,628,327,396,148,318,512,151,14,356,378,94,6.9,31.8,6.55,10.7
1984,5,25,15,14.6,956.3,59,0,4.2,7.3,223,NA,NA,258,243,23,107,123,174,110,14,356,365,94,6.7,31,6.44,10.4
1984,5,25,16,14.1,956.3,59.8,0,3.7,6.9,216,NA,NA,112,112,0,53,53,58,54,14,352,357,94,6.4,30.1,6.32,10
1984,5,25,17,13.9,956.2,60.1,0,3.3,6.8,214,NA,NA,97,97,0,45,45,55,47,14,309,336,94,6.3,29.8,6.27,9.9
1984,5,25,18,13.7,956.4,63.3,0,3.4,5.2,225,NA,7,91,62,182,35,35,266,126,14,305,331,94,6.9,30.2,6.52,10.1
1984,5,25,19,11.8,956.8,76.7,0,2.3,4.8,237,NA,NA,0,0,0,0,0,0,0,14,299,318,94,7.8,29.5,6.98,9.7
1984,5,25,20,11.3,957.4,80.7,0,2,4.4,232,NA,NA,0,0,0,0,0,0,0,14,296,312,94,8.1,29.3,7.1,9.6
1984,5,25,21,10.8,957.5,82.2,0,1.7,4.3,221,NA,NA,1,0,0,0,0,0,0,14,297,313,94,7.9,28.5,6.99,9.3
1984,5,25,22,11.2,957.7,80.6,0,3,5.6,228,NA,NA,0,0,0,0,0,0,0,14,302,320,94,8,29,7.04,9.5
1984,5,25,23,11.3,957.8,78.7,0,4.2,7,229,NA,NA,1,0,0,0,0,0,0,14,358,358,94,7.7,28.8,6.92,9.4
1984,5,26,0,11.2,957.7,79.4,0,3.4,6.3,217,NA,NA,0,0,0,0,0,0,0,14,356,356,94,7.8,28.7,6.93,9.4
1984,5,26,1,10.7,957.4,84.9,0,3.4,5.8,208,NA,NA,0,0,0,0,0,0,0,14,354,354,94,8.3,28.8,7.18,9.4
1984,5,26,2,10.5,957.2,89,0,3.2,4.8,216,NA,NA,0,0,0,0,0,0,0,14,352,352,94,8.8,29.3,7.43,9.6
1984,5,26,3,10.2,957.2,91.1,0.4,2.7,4.9,225,NA,NA,0,0,0,0,0,0,0,14,352,352,94,8.8,29,7.45,9.4
1984,5,26,4,9.8,957,93.6,0.3,1,3.2,260,NA,NA,4,4,0,1,2,2,1,14,349,349,94,8.8,28.6,7.46,9.3
1984,5,26,5,10,956.7,94.1,0,0.5,2,278,NA,NA,59,59,0,33,27,27,29,14,315,333,96,9.1,29.2,7.6,9.5
1984,5,26,6,11.3,957,85.3,0,0.3,1.6,93,NA,7,235,155,219,405,83,75,132,14,319,341,96,8.9,30.3,7.51,10
1984,5,26,7,12.6,957,73,0,0.5,2.5,27,NA,NA,440,168,515,670,134,100,115,14,323,351,96,7.9,30.3,7,10.1
1984,5,26,8,13.6,957.1,67.7,0,0.9,3.4,218,NA,NA,471,308,242,448,218,133,142,14,317,359,96,7.7,31.2,6.93,10.4
1984,5,26,9,14.7,957.2,63,0,1.4,4.8,235,NA,NA,506,389,149,342,261,158,162,14,324,366,96,7.7,32.3,6.92,10.9
1984,5,26,10,15.8,956.8,58.5,0,2.6,6.5,224,NA,NA,491,406,98,248,258,168,170,14,325,367,96,7.7,33.3,6.9,11.4
1984,5,26,11,16.1,956.5,56.1,0,3.6,7,232,NA,NA,376,366,11,170,191,158,157,14,329,360,94,7.4,33.3,6.74,11.3
1984,5,26,12,15.9,956.4,58,0,6.5,10.1,228,NA,8,369,364,6,159,187,167,155,14,329,356,94,7.7,33.4,6.89,11.4
1984,5,26,13,15.1,956.3,61.5,0,7.3,11,226,NA,NA,276,272,5,122,137,135,121,14,321,348,94,7.8,32.7,6.94,11.1
1984,5,26,14,14.3,956.5,68.6,0,5.4,8.7,221,NA,NA,213,213,1,97,104,109,97,14,318,344,94,8.6,33,7.35,11.1
1984,5,26,15,13.8,956.7,71.9,0,5.4,8.7,229,NA,NA,155,155,0,72,74,80,72,14,311,336,94,8.8,32.7,7.46,11
1984,5,26,16,12.8,956.8,78.4,0,5.2,8.7,244,NA,NA,106,106,0,50,51,53,51,14,309,333,94,9.1,32.1,7.62,10.8
1984,5,26,17,12.1,957.2,84.9,0.4,4,6.6,237,NA,NA,53,53,0,26,25,22,25,14,335,343,94,9.6,32.1,7.88,10.7
1984,5,26,18,11.1,957.1,91,0.4,4.5,7.6,242,NA,8,20,20,0,10,10,6,8,14,333,339,94,9.7,31.1,7.91,10.3
1984,5,26,19,10.6,957.2,93.1,0.3,4.7,7.2,233,NA,NA,3,3,0,2,2,0,1,14,331,337,94,9.5,30.4,7.83,10
1984,5,26,20,9.2,957.8,89.8,1.4,5.7,10.6,234,NA,NA,1,0,0,0,0,0,0,14,328,332,94,7.6,26.5,6.86,8.4
1984,5,26,21,8.5,958,92.1,0.5,2.5,5.4,202,NA,NA,2,0,0,0,0,0,0,14,326,329,94,7.3,25.4,6.71,7.9
1984,5,26,22,7.7,958.8,91,0.6,3.6,8.9,202,NA,NA,2,0,0,0,0,0,0,14,321,325,94,6.3,23.5,6.26,7
1984,5,26,23,7.2,959.3,90.3,1.5,5.2,12.3,210,NA,NA,1,0,0,0,0,0,0,14,320,323,94,5.7,22.3,6,6.5
1984,5,27,0,7.1,960.1,89.8,0,4.1,10.7,210,NA,NA,3,0,0,0,0,0,0,14,320,322,94,5.5,22,5.92,6.3
1984,5,27,1,7.1,960.2,83.7,0,4.5,8.2,218,NA,NA,2,0,0,0,0,0,0,14,319,321,94,4.5,21,5.52,5.9
1984,5,27,2,7.2,960.2,82.1,0,5.1,8.3,229,NA,NA,2,0,0,0,0,0,0,14,327,327,94,4.4,20.9,5.45,5.9
1984,5,27,3,6.9,960.1,86.3,0,1,3.4,230,NA,NA,1,0,0,0,0,0,0,14,327,327,94,4.8,21,5.61,5.9
1984,5,27,4,7,959.9,88.8,0,0.3,1.1,294,NA,NA,11,11,0,5,5,5,5,14,327,327,94,5.3,21.6,5.82,6.2
1984,5,27,5,7.3,960.1,86.5,0,0.6,1.6,265,NA,NA,67,67,1,42,30,30,34,14,329,330,94,5.2,21.9,5.78,6.3
1984,5,27,6,8.2,960.4,79.7,0,0.5,1.7,243,NA,7,132,130,4,87,60,57,64,14,335,338,94,4.9,22.5,5.66,6.6
1984,5,27,7,9,960.4,75.4,0,0.4,1.5,251,NA,NA,186,181,8,116,85,80,84,14,337,344,94,4.9,23.3,5.65,7
1984,5,27,8,10.3,960.2,71.3,0,0.8,3.6,188,NA,NA,349,300,74,257,163,126,132,14,344,356,94,5.3,25.1,5.84,7.8
1984,5,27,9,11.7,959.9,65,0,0.7,2.9,127,NA,NA,449,363,110,300,233,150,153,14,349,363,94,5.3,26.5,5.84,8.4
1984,5,27,10,12,959.9,60.9,0,1.4,4.9,217,NA,NA,203,196,9,100,100,89,91,14,352,358,94,4.7,26.1,5.58,8.3
1984,5,27,11,13.9,959.5,56.5,0,3.3,7.6,231,NA,NA,676,497,198,252,380,209,194,14,347,371,94,5.4,28.8,5.87,9.5
1984,5,27,12,15.1,958.9,48.7,0,4.5,8.6,222,NA,7,925,289,708,160,527,298,150,14,349,380,94,4.4,29,5.47,9.6
1984,5,27,13,13.1,959.3,56,0,5.5,13.3,245,NA,NA,439,388,60,163,229,230,163,14,330,350,94,4.5,27.1,5.52,8.8
1984,5,27,14,13.8,959.1,51.3,0,6,14.3,225,NA,NA,519,342,233,147,265,401,150,14,338,358,94,3.9,27.2,5.29,8.8
1984,5,27,15,13.9,959.3,50.3,0,4.3,10.1,210,NA,NA,283,274,15,118,132,176,121,14,344,357,94,3.7,27.2,5.22,8.8
1984,5,27,16,11.9,960,65.1,0.1,6.3,10.6,209,NA,NA,179,174,11,79,83,128,84,14,326,340,94,5.6,26.9,5.93,8.7
1984,5,27,17,9.9,960.6,81.7,0.4,4.5,9.4,226,NA,NA,42,42,0,21,21,16,20,14,343,343,94,6.9,26.4,6.52,8.3
1984,5,27,18,9.8,961.3,78.2,0.1,4.6,9,222,NA,7,35,35,0,17,17,16,16,14,338,338,94,6.2,25.4,6.19,8
1984,5,27,19,8.9,962.2,80.3,0.1,1.7,6.8,199,NA,NA,0,0,0,0,0,0,0,14,337,337,94,5.7,24,5.97,7.3
1984,5,27,20,8.5,963.2,77.2,0,4.1,8.2,215,NA,NA,0,0,0,0,0,0,0,14,325,325,94,4.7,22.6,5.58,6.6
1984,5,27,21,8.1,963.1,82.6,0,2.2,5.1,213,NA,NA,0,0,0,0,0,0,0,14,320,320,94,5.3,22.8,5.81,6.7
1984,5,27,22,7.9,962.7,86.1,0,2.5,4.3,242,NA,NA,0,0,0,0,0,0,0,14,325,325,94,5.7,23,5.98,6.8
1984,5,27,23,7.5,962.4,90.6,0.8,3.6,6.8,237,NA,NA,0,0,0,0,0,0,0,14,336,336,94,6.1,22.9,6.13,6.8
1984,5,28,0,7,962.1,93.5,0.2,3.3,5.9,207,NA,NA,0,0,0,0,0,0,0,14,336,336,94,6,22.4,6.11,6.5
1984,5,28,1,6.7,961.8,90.8,0.3,3,7.3,192,NA,NA,0,0,0,0,0,0,0,14,333,333,94,5.3,21.3,5.81,6
1984,5,28,2,6.3,961.5,87,0.1,2.5,5.8,193,NA,NA,0,0,0,0,0,0,0,14,332,332,94,4.3,19.9,5.42,5.4
1984,5,28,3,6.2,961.2,87.5,0.1,1.8,3.7,232,NA,NA,0,0,0,0,0,0,0,14,330,330,94,4.3,19.8,5.41,5.3
1984,5,28,4,6.1,961.3,90.1,0.6,3.2,5.5,226,NA,NA,5,5,0,1,3,3,2,14,330,330,94,4.6,20,5.54,5.4
1984,5,28,5,5.9,961.4,93,2.7,3.7,6.9,206,NA,NA,17,17,0,5,8,8,7,14,315,321,96,4.9,20.1,5.64,5.4
1984,5,28,6,6.3,962,92.4,0.5,3.6,7.6,219,NA,8,92,92,0,49,43,42,44,14,316,324,96,5.2,20.8,5.75,5.8
1984,5,28,7,6.7,962.2,82.2,0,4,8.5,193,NA,NA,193,181,22,139,88,81,87,14,318,328,96,3.9,19.9,5.26,5.4
1984,5,28,8,8.9,962.7,67.3,0,4.8,9.7,208,NA,NA,624,245,563,674,268,130,138,14,318,344,96,3.2,21.5,5,6.2
1984,5,28,9,9.4,963.1,58,0,6.2,9.6,224,NA,NA,670,271,506,513,343,140,143,14,322,346,96,1.6,20.6,4.45,5.8
1984,5,28,10,10.2,962.9,57.1,0,5.6,11.2,216,NA,NA,913,205,817,455,500,138,137,14,321,357,96,2.1,21.9,4.62,6.4
1984,5,28,11,10.8,962.6,53.3,0,5.2,10.4,207,NA,NA,881,317,623,252,506,175,162,14,331,362,96,1.7,22.2,4.49,6.6
1984,5,28,12,11.4,962.5,50.3,0,5.9,10.3,226,NA,6,648,400,276,178,372,251,167,14,334,361,96,1.4,22.6,4.41,6.7
1984,5,28,13,10.8,962.7,52.2,0,6,10.7,246,NA,NA,323,306,20,136,167,167,135,14,334,349,96,1.4,21.9,4.4,6.4
1984,5,28,14,9.8,962.8,59.7,0,5.8,9.6,241,NA,NA,231,229,3,104,112,120,104,14,346,350,96,2.3,21.7,4.71,6.3
1984,5,28,15,9.4,962.5,61.2,0,6.5,9.8,228,NA,NA,128,128,0,61,61,63,61,14,348,348,96,2.3,21.3,4.7,6.1
1984,5,28,16,9.3,962.5,62.8,0,5.9,11.5,213,NA,NA,159,157,3,72,74,94,74,14,345,347,96,2.6,21.4,4.79,6.2
1984,5,28,17,8.6,962.4,68.3,0,3.7,8.7,192,NA,NA,80,80,0,38,38,41,39,14,333,334,94,3.1,21.1,4.97,6
1984,5,28,18,8.3,962.5,70.4,0,4.5,8.6,204,NA,7,30,30,0,15,14,12,14,14,330,331,94,3.2,21,5.02,5.9
1984,5,28,19,7.8,962.6,73.4,0,4.1,8.6,201,NA,NA,3,3,0,2,2,0,1,14,329,329,94,3.3,20.6,5.06,5.7
1984,5,28,20,7.5,962.9,74.8,0,5.9,10.2,204,NA,NA,2,0,0,0,0,0,0,14,327,327,94,3.3,20.2,5.05,5.5
1984,5,28,21,7.2,962.6,75.8,0,4.3,9.1,209,NA,NA,3,0,0,0,0,0,0,14,327,327,94,3.2,19.8,5.01,5.3
1984,5,28,22,6.6,962.6,86.7,0.5,4.7,7.2,226,NA,NA,2,0,0,0,0,0,0,14,324,324,94,4.5,20.5,5.51,5.6
1984,5,28,23,6.4,962,92.4,0.2,3.3,6.2,209,NA,NA,3,0,0,0,0,0,0,14,308,315,94,5.3,21,5.79,5.9
1984,5,29,0,6.3,961.6,91.8,0,2.9,6.7,211,NA,NA,3,0,0,0,0,0,0,14,307,313,94,5.1,20.7,5.72,5.7
1984,5,29,1,6.2,961.5,85.6,0,3.5,6.6,208,NA,NA,2,0,0,0,0,0,0,14,305,312,94,4,19.5,5.29,5.2
1984,5,29,2,6.2,961.5,84.3,0.1,3.4,7,208,NA,NA,3,0,0,0,0,0,0,14,314,316,94,3.8,19.3,5.21,5.1
1984,5,29,3,5.9,961.4,87.1,0,3.4,7.8,210,NA,NA,0,0,0,0,0,0,0,14,314,315,94,3.9,19.2,5.28,5
1984,5,29,4,6,961.6,84.6,0,2.9,5.3,216,NA,NA,12,12,0,6,6,6,6,14,313,313,94,3.6,19,5.16,4.9
1984,5,29,5,6.3,961.6,83,0,3,5.5,223,NA,NA,47,47,0,23,22,22,23,14,324,326,96,3.6,19.3,5.17,5
1984,5,29,6,7,961.8,81.4,0,3.8,5.7,221,NA,7,110,110,0,64,51,49,53,14,327,332,96,4,20.4,5.32,5.6
1984,5,29,7,7.5,962,78.2,0,2.6,5.1,239,NA,NA,143,143,0,79,68,65,68,14,331,336,96,4,20.8,5.28,5.8
1984,5,29,8,8.3,961.8,68.6,0,2,4.2,250,NA,NA,241,237,6,139,114,103,107,14,313,333,96,2.9,20.6,4.89,5.8
1984,5,29,9,9.2,961.7,61.8,0,1.9,4.1,238,NA,NA,464,367,123,311,238,151,155,14,321,347,96,2.3,21,4.68,6
1984,5,29,10,10.9,961.5,55.7,0,2.2,5.5,214,NA,NA,638,400,274,333,354,166,166,14,327,362,96,2.4,22.9,4.73,6.9
1984,5,29,11,11.7,961.4,54.2,0,3.5,7.1,220,NA,NA,565,461,114,225,304,196,188,14,312,346,94,2.8,24,4.86,7.4
1984,5,29,12,11.7,961.1,50.6,0,2.8,5.9,221,NA,7,573,459,126,192,321,240,182,14,311,349,94,1.8,23.2,4.53,7
1984,5,29,13,12.9,961,48.9,0,2.6,6.1,235,NA,NA,681,393,338,169,370,383,169,14,317,355,94,2.4,24.9,4.74,7.8
1984,5,29,14,13.2,960.9,46.4,0,2.2,5.6,240,NA,NA,778,234,712,137,374,660,140,14,319,361,94,2,24.9,4.59,7.8
1984,5,29,15,12.9,961.1,48.9,0,3.6,7,227,NA,NA,395,281,177,123,179,386,132,14,318,344,94,2.4,24.9,4.74,7.8
1984,5,29,16,12.3,961.3,51.3,0,3.2,7.2,215,NA,NA,183,177,12,80,84,132,86,14,313,336,94,2.5,24.4,4.78,7.6
1984,5,29,17,12.2,961.7,51.9,0,3.3,6.1,228,NA,NA,137,130,22,58,59,120,72,14,323,337,94,2.6,24.4,4.8,7.6
1984,5,29,18,11.4,962.4,54.6,0,3.3,5.4,229,NA,4,93,61,194,35,35,275,131,14,314,327,94,2.6,23.5,4.79,7.2
1984,5,29,19,8.8,963,67.5,0,1,2.7,260,NA,NA,9,9,0,4,4,5,5,14,306,309,94,3.1,21.4,4.98,6.1
1984,5,29,20,7.6,963.7,77.9,0,1.4,3.2,236,NA,NA,0,0,0,0,0,0,0,14,276,290,94,4,20.9,5.29,5.9
1984,5,29,21,7,963.8,81.6,0,2,4.5,236,NA,NA,0,0,0,0,0,0,0,14,274,289,94,4.1,20.4,5.32,5.6
1984,5,29,22,6.4,964.1,83.9,0,1.7,3.8,240,NA,NA,0,0,0,0,0,0,0,14,270,288,94,3.9,19.6,5.25,5.2
1984,5,29,23,5.5,964,88.3,0,0.8,2.3,241,NA,NA,0,0,0,0,0,0,0,14,259,280,94,3.7,18.5,5.19,4.7
1984,5,30,0,4.5,963.9,90.9,0,0.5,2,258,NA,NA,0,0,0,0,0,0,0,14,256,277,94,3.1,17,4.98,3.9
1984,5,30,1,4.2,963.9,93.6,0,0.3,0.9,356,NA,NA,0,0,0,0,0,0,0,14,259,283,94,3.3,16.8,5.02,3.8
1984,5,30,2,5.3,964,93.1,0,0.2,1.3,270,NA,NA,0,0,0,0,0,0,0,14,327,327,94,4.3,18.9,5.4,4.8
1984,5,30,3,5.8,964.2,92.9,0,0.3,1.1,166,NA,NA,2,0,0,0,0,0,0,14,331,331,94,4.7,19.8,5.57,5.3
1984,5,30,4,6.1,964.2,92.8,0,0.3,1.4,299,NA,NA,7,7,0,2,4,3,3,14,332,332,94,5,20.4,5.69,5.6
1984,5,30,5,7.2,964.6,88.7,0,1.2,3.5,243,NA,NA,37,37,0,16,18,18,17,14,339,339,94,5.5,22,5.86,6.4
1984,5,30,6,8.5,964.8,79.4,0,2.2,4.5,213,NA,8,108,108,0,62,50,49,52,14,345,345,94,5.1,23,5.73,6.8
1984,5,30,7,9.5,964.8,74.8,0,3,6.3,210,NA,NA,255,230,45,213,110,97,108,14,350,350,94,5.3,24.1,5.78,7.4
1984,5,30,8,10.2,965,70,0,3.9,6.7,218,NA,NA,272,265,10,162,128,113,118,14,299,328,94,5,24.5,5.66,7.6
1984,5,30,9,10.3,965.1,70.3,0,4.2,7.6,216,NA,NA,214,213,1,111,104,95,98,14,302,329,94,5.1,24.8,5.73,7.7
1984,5,30,10,10.9,965.2,66.8,0,4.9,7.5,220,NA,NA,293,287,6,144,145,125,127,14,303,333,94,5,25.2,5.66,7.9
1984,5,30,11,11.7,965.2,63.8,0,5,7.9,225,NA,NA,382,373,10,172,193,161,159,14,297,334,94,5.1,26.1,5.7,8.4
1984,5,30,12,12.2,965.3,60.4,0,5.1,8.4,219,NA,8,406,399,8,172,205,182,167,14,299,337,94,4.8,26.3,5.58,8.5
1984,5,30,13,12.3,965.6,59.7,0,5.9,8.7,235,NA,NA,337,333,5,144,167,166,144,14,299,334,94,4.7,26.4,5.55,8.5
1984,5,30,14,12.3,965.5,60.8,0,6,9.4,242,NA,NA,307,301,8,131,148,167,131,14,326,346,94,5,26.6,5.65,8.6
1984,5,30,15,12.3,965.6,61.5,0,5.7,8.8,240,NA,NA,261,244,27,108,123,176,111,14,325,344,94,5.1,26.8,5.72,8.6
1984,5,30,16,12.2,965.8,61.5,0,4.8,7.5,234,NA,NA,196,187,18,83,88,147,90,14,325,342,94,5,26.6,5.68,8.6
1984,5,30,17,11.7,966.1,62.6,0,3.4,7.4,235,NA,NA,58,58,0,28,28,25,27,14,304,329,94,4.8,25.9,5.59,8.2
1984,5,30,18,11.2,966.2,65.6,0,1.9,4,205,NA,7,13,13,0,7,7,4,6,14,303,324,94,5,25.5,5.67,8.1
1984,5,30,19,10.8,966.7,68.8,0,1.4,3.2,210,NA,NA,5,5,0,3,3,1,2,14,301,321,94,5.3,25.4,5.78,8
1984,5,30,20,9.7,966.5,74.2,0,0.8,2.3,209,NA,NA,0,0,0,0,0,0,0,14,326,326,94,5.3,24.3,5.8,7.5
1984,5,30,21,8.2,966.6,83.3,0,0.3,1.5,299,NA,NA,1,0,0,0,0,0,0,14,321,321,94,5.5,23,5.88,6.9
1984,5,30,22,6.9,966.3,89.7,0,0.5,1.4,229,NA,NA,0,0,0,0,0,0,0,14,313,313,94,5.3,21.5,5.8,6.1
1984,5,30,23,6.2,966.2,92.6,0,0.5,1.9,240,NA,NA,0,0,0,0,0,0,0,14,266,284,94,5.1,20.5,5.7,5.7
1984,5,31,0,5.4,966.1,93.3,0,0.5,1.4,238,NA,NA,1,0,0,0,0,0,0,14,261,281,94,4.4,19.1,5.43,4.9
1984,5,31,1,5,965.4,93.5,0,0.3,1.1,225,NA,NA,0,0,0,0,0,0,0,14,262,283,94,4,18.3,5.3,4.5
1984,5,31,2,5.4,964.9,94.2,0,0.3,1.5,277,NA,NA,2,0,0,0,0,0,0,14,320,320,94,4.5,19.2,5.49,5
1984,5,31,3,6.2,964.7,94.1,0,0.6,1.8,222,NA,NA,1,0,0,0,0,0,0,14,325,325,94,5.3,20.8,5.8,5.8
1984,5,31,4,6.5,964.7,94.5,0,0.5,1.4,239,NA,NA,14,14,0,7,7,7,7,14,323,323,94,5.7,21.5,5.95,6.1
1984,5,31,5,7,964.4,94.4,0,0.4,1.3,234,NA,NA,68,68,0,42,31,30,35,14,299,314,94,6.2,22.5,6.16,6.6
1984,5,31,6,8.2,964.6,89.7,0,0.2,1.2,241,NA,7,107,107,0,61,50,48,52,14,303,320,94,6.6,24.2,6.35,7.4
1984,5,31,7,9.8,964.4,77.6,0,0.7,2.6,233,NA,NA,244,203,78,235,104,91,101,14,311,335,94,6.1,25.3,6.12,7.9
1984,5,31,8,11.4,963.7,67.7,0,1,3.4,294,NA,NA,488,317,254,463,220,136,146,14,299,341,94,5.6,26.4,5.94,8.4
1984,5,31,9,14.1,963.2,60.2,0,1.3,4,89,NA,NA,775,212,712,605,382,132,134,14,313,361,94,6.5,30.1,6.32,10.1
1984,5,31,10,15.7,962.6,54.9,0,0.9,3.8,88,NA,NA,879,153,834,431,467,123,121,14,316,369,94,6.7,31.9,6.39,10.9
1984,5,31,11,17.3,962,49.4,0,1.3,5.3,57,NA,NA,925,155,848,218,511,130,122,14,331,380,94,6.6,33.5,6.37,11.5
1984,5,31,12,17.9,961.5,47.6,0,2.6,5.2,108,NA,1,939,134,891,123,514,270,119,14,324,379,94,6.6,34.2,6.38,11.7
1984,5,31,13,18.6,960.9,47.7,0,2.5,5.6,86,NA,NA,886,167,840,126,463,491,126,14,335,386,94,7.3,35.7,6.68,12.3
1984,5,31,14,18.7,960.5,45.6,0,3.2,6.2,60,NA,NA,704,292,537,148,341,576,151,14,339,381,94,6.7,35.1,6.43,12.1
1984,5,31,15,17.4,960.4,50.1,0,3.4,6.6,50,NA,NA,338,278,92,121,156,284,127,14,330,362,94,6.9,34,6.51,11.7
1984,5,31,16,17,960.6,51.9,0,2.1,3.9,55,NA,NA,173,169,7,76,79,108,80,14,342,364,94,7,33.7,6.55,11.5
1984,5,31,17,16.2,960.8,55.1,0,1.5,3,43,NA,NA,127,123,11,55,56,99,66,14,351,362,94,7.2,33.1,6.63,11.3
1984,5,31,18,15.2,961.2,61,0,1.2,3.1,59,NA,6,35,35,0,17,17,15,16,14,350,358,94,7.6,32.6,6.83,11
1984,5,31,19,14.3,961.6,66.5,0,1.2,2.5,110,NA,NA,8,8,0,4,4,4,4,14,351,355,94,7.9,31.9,6.97,10.8
1984,5,31,20,13.4,962.3,72.2,0,0.5,1.6,292,NA,NA,0,0,0,0,0,0,0,14,343,347,94,8.3,31.5,7.15,10.6
1984,5,31,21,12.8,963.3,77.2,0,1,2.2,262,NA,NA,0,0,0,0,0,0,0,14,338,341,94,8.7,31.5,7.38,10.6
1984,5,31,22,12.2,964.3,81.8,0,0.4,1.5,255,NA,NA,1,0,0,0,0,0,0,14,329,334,94,9,31.2,7.53,10.4
1984,5,31,23,11.9,965.6,85.3,0,0,0.9,117,NA,NA,0,0,0,0,0,0,0,14,320,328,94,9.4,31.4,7.71,10.5
1985,6,1,0,11.6,966.9,87.9,0,0,0.1,0,NA,NA,0,0,0,0,0,0,0,14,312,323,94,9.7,31.5,7.84,10.5
1985,6,1,1,11.6,968.2,89.6,0,0,0.7,0,NA,NA,0,0,0,0,0,0,0,14,306,321,94,9.9,31.8,7.97,10.7
1985,6,1,2,11.7,969.1,89.9,0,0.4,1.6,230,NA,NA,0,0,0,0,0,0,0,14,303,320,94,10.1,32.1,8.05,10.8
1985,6,1,3,12.3,970,88.3,0,0.2,1.3,239,NA,NA,1,0,0,0,0,0,0,14,303,323,94,10.3,33,8.17,11.2
1985,6,1,4,12.6,970.5,87.4,0,0.1,1.1,194,NA,NA,22,19,57,82,11,11,52,14,304,326,94,10.4,33.4,8.21,11.3
1985,6,1,5,13.6,970.5,83,0,0,0.6,0,NA,NA,104,76,132,229,40,39,107,14,310,335,94,10.6,34.7,8.31,11.9
1985,6,1,6,15,970.7,77.8,0,0,0.7,90,NA,1,255,141,304,468,80,74,145,14,318,346,94,11,36.7,8.53,12.7
1985,6,1,7,16.9,970.6,69.5,0,0.5,1.7,92,NA,NA,429,169,486,642,124,99,115,14,327,359,94,11.2,38.8,8.61,13.5
1985,6,1,8,18.5,970.4,61.1,0,1.5,4.5,63,NA,NA,593,196,587,653,245,117,124,14,334,372,94,10.9,40,8.45,14
1985,6,1,9,19.3,970.1,61.5,0,2.8,6.6,56,NA,NA,695,279,527,530,347,144,146,14,340,376,94,11.7,42.1,8.95,14.7
1985,6,1,10,20.6,969.7,57.8,0,3.4,6.4,47,NA,NA,830,248,668,419,450,140,139,14,342,384,94,12,43.9,9.12,15.4
1985,6,1,11,21.4,969.3,53.7,0,3.5,6.6,41,NA,NA,865,282,642,236,487,158,144,14,356,394,94,11.6,44.1,8.9,15.5
1985,6,1,12,22.8,969.2,47.9,0,3.8,6.9,44,NA,2,925,339,647,179,516,307,168,14,361,402,94,11.2,44.9,8.65,15.8
1985,6,1,13,22.3,968.4,48.2,0,3.1,7.3,48,NA,NA,434,369,75,159,223,226,159,14,350,386,94,10.8,43.9,8.44,15.4
1985,6,1,14,21.3,968.1,55.1,0,0.9,2.4,31,NA,NA,156,156,0,74,76,77,73,14,396,401,94,11.9,44.5,9.09,15.6
1985,6,1,15,22,968.1,52.5,0,0.9,3,317,NA,NA,163,163,0,76,78,85,76,14,390,397,94,11.8,45.1,9.04,15.8
1985,6,1,16,21.1,967.9,61.7,0,1.4,3.9,285,NA,NA,85,85,0,41,41,40,41,14,389,392,94,13.5,46.8,10.08,16.4
1985,6,1,17,20.8,967.8,64.8,0,1.7,5.2,230,NA,NA,113,112,1,51,51,69,55,14,352,375,94,13.9,47.3,10.4,16.5
1985,6,1,18,20.3,967.9,64.4,0,1.2,2.3,243,NA,6,68,60,49,30,30,110,62,14,348,363,94,13.4,45.8,10.01,16
1985,6,1,19,18.3,968.2,71.3,0,0.5,1.5,242,NA,NA,11,11,0,5,5,7,6,14,336,346,94,13,43.2,9.78,15.1
1985,6,1,20,15.9,968.5,81.4,0,0.2,1.4,207,NA,NA,0,0,0,0,0,0,0,14,321,335,94,12.7,40.2,9.58,14
1985,6,1,21,15.2,968.5,81.9,0,0.1,1.3,225,NA,NA,0,0,0,0,0,0,0,14,313,330,94,12.1,38.6,9.22,13.4
1985,6,1,22,14.3,968.5,84.6,0,0.9,2.3,234,NA,NA,0,0,0,0,0,0,0,14,312,328,94,11.7,37.1,8.98,12.8
1985,6,1,23,13.9,968.7,86.7,0,0.9,1.9,229,NA,NA,0,0,0,0,0,0,0,14,308,325,94,11.7,36.6,8.96,12.6
1985,6,2,0,12.7,968.7,89.7,0,0.6,2.1,279,NA,NA,0,0,0,0,0,0,0,14,307,323,94,11.1,34.4,8.57,11.8
1985,6,2,1,12.9,968.6,89.2,0,0.7,2.2,222,NA,NA,0,0,0,0,0,0,0,14,307,322,94,11.2,34.8,8.64,11.9
1985,6,2,2,12,968.5,90,0,0.5,1.6,228,NA,NA,1,0,0,0,0,0,0,14,296,316,94,10.4,32.8,8.21,11.1
1985,6,2,3,11.1,968.7,91.7,0,0.2,1.2,249,NA,NA,0,0,0,0,0,0,0,14,293,312,94,9.8,31,7.87,10.4
1985,6,2,4,11.1,968.8,91.9,0,0.6,1.4,235,NA,NA,23,19,74,98,11,11,61,14,297,316,94,9.8,31.1,7.89,10.4
1985,6,2,5,12.3,968.8,89.6,0,0.4,1.4,235,NA,NA,116,87,135,245,44,43,116,14,307,330,94,10.6,33.4,8.34,11.3
1985,6,2,6,15.2,968.7,67.7,0,1.1,5.6,34,NA,0,270,128,379,542,80,74,159,14,313,341,94,9.3,34.5,7.6,11.9
1985,6,2,7,16.6,968.8,58.3,0,3.6,6.8,48,NA,NA,439,172,498,655,125,101,117,14,316,352,94,8.4,34.8,7.15,12
1985,6,2,8,17.5,968.7,55.2,0,4.5,8.4,52,NA,NA,605,186,618,668,246,116,122,14,331,364,94,8.4,35.8,7.17,12.4
1985,6,2,9,18.4,968.4,54,0,4.1,8.2,52,NA,NA,752,200,697,587,367,127,129,14,340,375,94,8.9,37.3,7.42,13
1985,6,2,10,19.6,968.2,52.7,0,2.6,5.5,57,NA,NA,866,188,778,432,463,130,129,14,337,380,94,9.7,39.5,7.82,13.8
1985,6,2,11,20.4,967.8,49.8,0,3.1,6.2,53,NA,NA,915,172,816,223,508,135,126,14,346,388,94,9.6,40.2,7.76,14.1
1985,6,2,12,21.5,967.2,49,0,3.8,6.6,45,NA,1,906,197,783,138,502,276,131,14,353,392,94,10.3,42.4,8.18,14.8
1985,6,2,13,22,966.7,49.4,0,3.9,6.8,47,NA,NA,790,452,394,184,418,436,184,14,350,391,94,10.9,43.8,8.51,15.3
1985,6,2,14,20.4,966.5,53.1,0,2.7,6.5,44,NA,NA,125,125,0,60,61,61,60,14,346,372,94,10.5,41.6,8.3,14.5
1985,6,2,15,20.9,966.3,53.2,0,1.2,4,334,NA,NA,182,179,5,82,86,98,83,14,351,378,94,11,42.8,8.58,15
1985,6,2,16,22,966.1,49.2,0,1.1,2.4,343,NA,NA,276,216,118,96,107,295,113,14,355,385,94,10.9,43.7,8.49,15.3
1985,6,2,17,22.2,966.5,46.9,0,1.1,2.5,274,NA,NA,233,139,277,71,75,439,153,14,353,381,94,10.3,43.1,8.18,15.1
1985,6,2,18,21.1,966.3,52,0,0.8,3.3,311,NA,6,70,61,50,30,30,112,64,14,345,364,94,10.9,42.8,8.49,15
1985,6,2,19,18.5,966.6,62.5,0,0.4,1.5,90,NA,NA,16,16,0,7,7,14,12,14,335,348,94,11.2,40.6,8.68,14.2
1985,6,2,20,16.2,967.2,73.4,0,0.1,1.7,360,NA,NA,0,0,0,0,0,0,0,14,316,332,94,11.4,38.6,8.81,13.4
1985,6,2,21,14.7,967.8,80.1,0,0.5,1.4,226,NA,NA,0,0,0,0,0,0,0,14,310,326,94,11.3,36.8,8.73,12.7
1985,6,2,22,13.6,968.1,83.5,0,0.2,1.7,249,NA,NA,0,0,0,0,0,0,0,14,305,323,94,10.9,35.1,8.47,12
1985,6,2,23,12.4,968.2,86,0,0,0.1,0,NA,NA,0,0,0,0,0,0,0,14,299,317,94,10.1,32.8,8.05,11.1
1985,6,3,0,11.7,968.4,88.4,0,0,0.9,0,NA,NA,0,0,0,0,0,0,0,14,297,315,94,9.8,31.7,7.9,10.6
1985,6,3,1,11,968.3,89.4,0,0,0.1,0,NA,NA,0,0,0,0,0,0,0,14,294,312,94,9.3,30.3,7.63,10.1
1985,6,3,2,10.7,968.3,90.1,0,0.1,1,225,NA,NA,0,0,0,0,0,0,0,14,289,309,94,9.1,29.7,7.53,9.8
1985,6,3,3,10.2,968.3,90.8,0,0.5,2,219,NA,NA,0,0,0,0,0,0,0,14,292,310,94,8.8,28.7,7.34,9.4
1985,6,3,4,10.3,968.4,91.2,0,0.1,1.3,230,NA,NA,24,19,93,113,11,11,70,14,292,313,94,8.9,29.1,7.42,9.5
1985,6,3,5,12.3,968.9,85.1,0,0.8,2,222,NA,NA,117,88,137,247,44,43,117,14,305,329,94,9.9,32.3,7.91,11
1985,6,3,6,14.9,968.8,71.7,0,0.7,2.7,344,NA,1,269,129,371,536,81,74,159,14,318,344,94,9.8,34.9,7.89,12
1985,6,3,7,16.6,969,65.6,0,1.2,3.2,78,NA,NA,435,169,496,649,122,99,116,14,320,357,94,10.1,37.1,8.05,12.9
1985,6,3,8,17.9,968.9,62.4,0,1.3,4,66,NA,NA,596,194,592,655,243,117,124,14,339,374,94,10.6,39.1,8.32,13.6
1985,6,3,9,18.9,968.8,59.7,0,1.7,4,88,NA,NA,724,228,625,563,355,131,134,14,340,380,94,10.9,40.5,8.48,14.2
1985,6,3,10,20.1,968.3,56.2,0,2.5,5.4,53,NA,NA,800,350,516,409,431,163,163,14,346,385,94,11.1,42.1,8.61,14.7
1985,6,3,11,20.7,968,55.4,0,2.2,4.6,43,NA,NA,776,371,445,243,437,177,162,14,354,394,94,11.5,43.2,8.81,15.2
1985,6,3,12,22.5,967.5,51.9,0,1.8,4.8,78,NA,7,891,271,684,154,494,283,145,14,366,409,94,12.1,46.1,9.22,16.1
1985,6,3,13,23.2,967.1,51,0,1.8,4.4,78,NA,NA,757,320,508,155,404,425,156,14,362,405,94,12.5,47.4,9.47,16.6
1985,6,3,14,23.9,966.8,46,0,0.9,3.1,50,NA,NA,695,253,573,135,333,579,138,14,386,420,94,11.6,46.7,8.9,16.4
1985,6,3,15,23.6,966.9,45.2,0,2.1,4.6,76,NA,NA,387,286,156,126,170,341,133,14,376,402,94,11,45.6,8.58,16
1985,6,3,16,22,966.9,51.2,0,2.1,5.8,18,NA,NA,89,89,0,43,43,42,43,14,367,386,94,11.5,44.6,8.83,15.6
1985,6,3,17,19.9,967.4,60.9,0,1.4,4.8,20,NA,NA,57,57,0,28,28,25,27,14,361,376,94,12.1,43.4,9.23,15.2
1985,6,3,18,19.7,968.3,64.1,0,2,4.5,45,NA,7,35,35,0,17,17,15,16,14,362,376,94,12.7,44.1,9.59,15.4
1985,6,3,19,18.3,968.5,73.8,0,3.7,6.9,40,NA,NA,4,4,0,2,2,0,1,14,355,368,94,13.5,44.1,10.13,15.3
1985,6,3,20,16.7,968.7,83.6,0,1.8,3.8,58,NA,NA,0,0,0,0,0,0,0,14,332,350,94,13.9,43,10.37,15
1985,6,3,21,16.1,968.8,85.8,0,1.4,3.4,63,NA,NA,0,0,0,0,0,0,0,14,330,345,94,13.7,42.1,10.24,14.6
1985,6,3,22,15.1,968.4,89,0,0.5,1.3,229,NA,NA,0,0,0,0,0,0,0,14,326,338,94,13.3,40.4,9.96,14
1985,6,3,23,14.1,968.2,91.1,0,0.1,1.3,34,NA,NA,1,0,0,0,0,0,0,14,321,336,94,12.7,38.3,9.56,13.3
1985,6,4,0,14.2,968.3,91,0,0.1,1.3,191,NA,NA,2,0,0,0,0,0,0,14,329,340,94,12.8,38.6,9.61,13.4
1985,6,4,1,13.8,968.3,91.6,0,0.4,1.8,47,NA,NA,1,0,0,0,0,0,0,14,329,339,94,12.5,37.7,9.42,13
1985,6,4,2,14.1,968.4,91.7,0,0.4,1.3,21,NA,NA,1,0,0,0,0,0,0,14,328,343,94,12.8,38.5,9.62,13.3
1985,6,4,3,14.2,968.5,91.5,0,0.5,1.6,34,NA,NA,2,0,0,0,0,0,0,14,367,367,94,12.8,38.7,9.66,13.4
1985,6,4,4,14.3,968.7,91.8,0,0.3,1,15,NA,NA,21,20,17,36,10,10,25,14,367,367,94,13,39,9.75,13.5
1985,6,4,5,14.5,968.7,90.9,0,0,0.1,0,NA,NA,55,55,0,29,26,25,27,14,332,345,94,13,39.3,9.78,13.6
1985,6,4,6,16.3,968.7,80.2,0,0.6,1.9,16,NA,4,247,159,233,421,84,77,143,14,344,362,94,12.9,40.9,9.69,14.2
1985,6,4,7,18,968.6,69.3,0,0.5,2.4,19,NA,NA,436,161,511,655,119,98,113,14,348,377,94,12.3,41.7,9.32,14.6
1985,6,4,8,19.7,968.5,63.8,0,1,3.2,92,NA,NA,533,282,370,541,230,132,141,14,344,379,94,12.7,44,9.54,15.4
1985,6,4,9,20.8,968,58.3,0,1.3,3.4,72,NA,NA,685,280,510,521,338,143,146,14,352,389,94,12.3,44.6,9.34,15.6
1985,6,4,10,22.1,967.6,55.6,0,1.7,3.8,95,NA,NA,822,264,639,416,440,142,142,14,360,398,94,12.8,46.8,9.65,16.3
1985,6,4,11,23,967,52.7,0,1.7,4,93,NA,NA,877,266,670,237,487,155,142,14,375,412,94,12.8,47.7,9.67,16.7
1985,6,4,12,24.5,966.2,49.4,0,1.4,3.7,85,NA,6,901,210,761,141,496,275,134,14,384,425,94,13.2,49.9,9.93,17.4
1985,6,4,13,25.8,965.8,44.9,0,2,8,137,NA,NA,823,280,631,145,433,459,145,14,395,429,94,12.9,50.8,9.75,17.7
1985,6,4,14,26.3,966.4,40.9,0,7.9,13.8,220,NA,NA,528,221,399,119,260,436,122,14,391,413,94,12,49.7,9.14,17.4
1985,6,4,15,22.8,967.2,47,0,7.4,14.1,209,NA,NA,87,87,0,43,42,41,42,14,373,386,94,10.9,44.5,8.5,15.6
1985,6,4,16,20.5,967.8,60.4,0,2.6,8.9,207,NA,NA,41,41,0,20,20,16,20,14,363,375,94,12.6,44.7,9.5,15.7
1985,6,4,17,19.7,967.4,56.6,0,1.7,5.6,139,NA,NA,80,80,0,38,38,40,39,14,359,375,94,10.8,41.3,8.46,14.4
1985,6,4,18,19.4,967.8,58.9,0,0.7,2.5,105,NA,8,51,51,0,24,24,28,26,14,365,375,94,11.2,41.4,8.64,14.5
1985,6,4,19,17.9,968.2,63.2,0,1.7,4.9,110,NA,NA,11,11,0,5,5,6,6,14,359,368,94,10.8,39.4,8.44,13.7
1985,6,4,20,17.3,968,67.5,0,1.6,4.5,100,NA,NA,0,0,0,0,0,0,0,14,359,366,94,11.2,39.4,8.68,13.7
1985,6,4,21,16.8,968,72.5,0,1.5,4,90,NA,NA,0,0,0,0,0,0,0,14,359,364,94,11.8,39.8,9.04,13.8
1985,6,4,22,16,967.9,77.5,0,1.5,3,60,NA,NA,0,0,0,0,0,0,0,14,359,361,94,12.1,39.3,9.18,13.7
1985,6,4,23,15.3,967.8,83,0,1.3,3,50,NA,NA,0,0,0,0,0,0,0,14,362,362,94,12.4,39.2,9.41,13.6
1985,6,5,0,14.6,967.6,87.3,0,0.6,1.8,45,NA,NA,0,0,0,0,0,0,0,14,361,361,94,12.5,38.6,9.46,13.3
1985,6,5,1,14.9,967.6,88.2,0,0,1,117,NA,NA,0,0,0,0,0,0,0,14,364,364,94,13,39.6,9.75,13.8
1985,6,5,2,14.7,967.3,88.4,0,0.3,1.9,53,NA,NA,0,0,0,0,0,0,0,14,354,355,94,12.8,39.2,9.65,13.6
1985,6,5,3,14.3,967.3,89.8,0,0.6,1.7,360,NA,NA,0,0,0,0,0,0,0,14,353,356,94,12.6,38.5,9.55,13.3
1985,6,5,4,13.5,967.1,92,0,0.7,1.6,26,NA,NA,24,19,92,113,11,11,70,14,347,348,94,12.2,37,9.29,12.7
1985,6,5,5,15,967,84.7,0,0.1,1.3,50,NA,NA,129,67,295,384,42,41,166,14,329,349,94,12.4,38.9,9.43,13.5
1985,6,5,6,17.1,967.2,70.3,0,1.1,2.8,67,NA,1,280,123,415,570,79,74,166,14,332,362,94,11.7,39.8,8.94,13.9
1985,6,5,7,18.4,967,63,0,1,2.8,70,NA,NA,454,154,560,690,117,97,112,14,339,373,94,11.2,40.5,8.69,14.1
1985,6,5,8,19.7,966.7,58,0,1.1,2.9,73,NA,NA,628,193,641,691,249,119,126,14,348,387,94,11.2,41.8,8.68,14.6
1985,6,5,9,20.8,966.5,56.4,0,1.3,3.4,79,NA,NA,566,287,352,430,287,135,139,14,358,392,94,11.8,43.9,9.04,15.3
1985,6,5,10,21.7,965.9,52.8,0,1.1,3.7,72,NA,NA,826,306,595,420,441,158,157,14,354,399,94,11.7,44.6,8.95,15.6
1985,6,5,11,22.4,965.3,51.5,0,1.3,3.7,62,NA,NA,712,430,310,246,398,191,176,14,363,406,94,11.9,45.7,9.12,16
1985,6,5,12,23.8,964.8,50.2,0,1.9,4.1,81,NA,6,899,260,704,152,494,281,143,14,373,415,94,12.8,48.6,9.69,16.9
1985,6,5,13,24.4,964.2,47,0,1.6,3.6,88,NA,NA,801,269,619,141,421,447,142,14,375,418,94,12.4,48.5,9.4,16.9
1985,6,5,14,25.8,963.9,42,0,1.2,5.1,72,NA,NA,724,243,622,135,341,602,138,14,376,420,94,11.9,49.2,9.13,17.2
1985,6,5,15,26.3,963.8,39.2,0,3.6,8.9,224,NA,NA,486,290,301,132,202,489,142,14,383,413,94,11.3,48.8,8.77,17
1985,6,5,16,25.9,963.3,42,0,5.1,8.9,222,NA,NA,319,229,178,102,117,394,127,14,384,405,94,12,49.5,9.19,17.2
1985,6,5,17,24.8,963.5,47.6,0,5.3,9.1,221,NA,NA,188,143,130,67,70,279,116,14,372,392,94,12.9,49.8,9.77,17.3
1985,6,5,18,23.7,963.6,52.2,0,4,7.5,218,NA,7,92,65,148,37,37,238,119,14,367,384,94,13.3,49.4,10.03,17.2
1985,6,5,19,22.5,964,55.1,0,4.1,7.1,223,NA,NA,11,11,0,5,5,5,5,14,358,373,94,13,47.6,9.84,16.6
1985,6,5,20,21.1,964.6,61.9,0,3.1,6.5,213,NA,NA,0,0,0,0,0,0,0,14,363,374,94,13.5,47,10.15,16.4
1985,6,5,21,20.5,964.8,66.2,0,3.2,6.7,211,NA,NA,0,0,0,0,0,0,0,14,361,372,94,14,47.2,10.46,16.4
1985,6,5,22,20.1,964.9,70.6,0,3.4,6.6,212,NA,NA,0,0,0,0,0,0,0,14,361,372,94,14.6,47.9,10.89,16.6
1985,6,5,23,19.5,964.9,73.8,0,3.3,6.6,199,NA,NA,0,0,0,0,0,0,0,14,356,367,94,14.7,47.4,10.97,16.5
1985,6,6,0,18.8,964.9,76.5,0,2.5,6.2,203,NA,NA,0,0,0,0,0,0,0,14,354,364,94,14.6,46.5,10.88,16.2
1985,6,6,1,18.5,965.1,78.9,0,4.3,8.1,222,NA,NA,0,0,0,0,0,0,0,14,349,362,94,14.8,46.5,11.02,16.2
1985,6,6,2,17.6,965.3,82.4,0,2.3,5.4,207,NA,NA,0,0,0,0,0,0,0,14,348,358,94,14.6,45.2,10.87,15.7
1985,6,6,3,17,965.6,83.9,0,1.8,4.4,227,NA,NA,0,0,0,0,0,0,0,14,343,352,94,14.3,44.1,10.65,15.3
1985,6,6,4,17,966,82,0,3.9,7.4,226,NA,NA,26,20,115,136,13,13,85,14,344,356,94,13.9,43.4,10.4,15.1
1985,6,6,5,17.9,966.1,77.4,0,3.3,6.7,203,NA,NA,120,76,203,309,44,43,141,14,350,366,94,13.9,44.3,10.39,15.4
1985,6,6,6,19.3,966.3,66.8,0,3,7.4,205,NA,4,284,127,414,573,81,75,169,14,349,375,94,13,44.2,9.77,15.4
1985,6,6,7,20,966.6,64.8,0,3.5,7.3,207,NA,NA,300,241,111,305,119,103,118,14,352,378,94,13.2,45.2,9.9,15.8
1985,6,6,8,21.2,966.3,60.5,0,4.3,7.4,208,NA,NA,535,301,344,535,230,135,146,14,361,391,94,13.3,46.6,9.96,16.3
1985,6,6,9,21.6,965.9,57,0,3.3,7.2,242,NA,NA,394,319,95,260,201,137,141,14,366,390,94,12.7,46.1,9.61,16.1
1985,6,6,10,21.7,965.6,58.8,0,1.9,5,260,NA,NA,358,347,13,176,177,147,149,14,369,394,94,13.3,47.2,9.99,16.5
1985,6,6,11,22.8,965.1,54.5,0,2.2,4,241,NA,NA,582,438,157,227,320,190,180,14,369,406,94,13.2,48.1,9.9,16.8
1985,6,6,12,24.5,964.2,48.6,0,2,5.1,246,NA,5,763,439,356,193,421,280,181,14,373,414,94,13,49.6,9.79,17.3
1985,6,6,13,25,963.5,48.5,0,2.7,6.4,215,NA,NA,488,374,132,161,259,266,160,14,371,406,94,13.4,50.8,10.07,17.7
1985,6,6,14,23.5,963.8,52.4,0,3,7.8,226,NA,NA,106,106,0,51,51,51,51,14,373,390,94,13.2,48.9,9.94,17
1985,6,6,15,18,964.7,90.6,5.7,2.7,18.2,199,NA,NA,131,131,0,62,63,65,62,14,359,371,94,16.4,49.2,12.29,17
1985,6,6,16,19,964.7,81.5,0,2.1,5.5,184,NA,NA,94,94,0,45,45,45,45,14,355,370,94,15.8,48.9,11.76,16.9
1985,6,6,17,19.1,964.6,71.5,0,3.3,7.5,195,NA,NA,64,64,0,31,31,29,31,14,355,374,96,13.8,45.5,10.36,15.8
1985,6,6,18,18.7,965.2,67.5,0,2.6,7.8,192,NA,8,14,14,0,7,7,4,6,14,347,367,96,12.6,42.9,9.52,15
1985,6,6,19,18,966,69.2,0,2.7,6.6,196,NA,NA,6,6,0,3,3,1,2,14,346,364,96,12.3,41.7,9.33,14.6
1985,6,6,20,17.1,966.5,76.5,0,0.8,5,253,NA,NA,0,0,0,0,0,0,0,14,337,359,96,12.9,41.9,9.75,14.6
1985,6,6,21,16.9,967.2,84.6,0.2,3.7,7.1,231,NA,NA,1,0,0,0,0,0,0,14,336,358,96,14.3,44,10.65,15.3
1985,6,6,22,15.9,966.8,91.3,0.7,2.8,7,241,NA,NA,0,0,0,0,0,0,0,14,332,355,96,14.5,43.3,10.79,15
1985,6,6,23,15.6,966,92.4,0.2,0.6,2.5,242,NA,NA,0,0,0,0,0,0,0,14,338,357,96,14.4,42.8,10.72,14.9
1985,6,7,0,15.3,964.8,92.5,0,0.8,2.1,285,NA,NA,0,0,0,0,0,0,0,14,336,355,96,14.1,42,10.54,14.6
1985,6,7,1,15.3,965.5,92,0.2,1.9,6,242,NA,NA,0,0,0,0,0,0,0,14,336,355,96,14,41.9,10.47,14.5
1985,6,7,2,15,965.9,93.4,4.6,3.2,5.9,226,NA,NA,1,0,0,0,0,0,0,14,341,357,96,13.9,41.4,10.42,14.3
1985,6,7,3,14.7,965.9,93.8,5.9,3,5.7,232,NA,NA,2,0,0,0,0,0,0,14,339,356,96,13.7,40.7,10.26,14.1
1985,6,7,4,14.4,965.6,93.4,1.9,2.8,7.1,231,NA,NA,8,8,0,2,4,4,3,14,337,354,96,13.3,39.8,10.02,13.7
1985,6,7,5,14.3,965.7,92.5,0.5,2.8,5.9,235,NA,NA,26,26,0,9,13,12,11,14,351,360,96,13.1,39.3,9.86,13.6
1985,6,7,6,14.1,966.1,90.7,1.1,2.2,4.5,256,NA,8,35,35,0,13,17,17,16,14,351,360,96,12.6,38.3,9.53,13.2
1985,6,7,7,14.3,966.5,90.2,1,2.1,4,239,NA,NA,89,89,0,43,43,42,43,14,352,363,96,12.7,38.6,9.6,13.3
1985,6,7,8,15,966.5,90.1,0.7,0.8,2.6,204,NA,NA,174,172,2,93,83,78,80,14,375,378,96,13.4,40.5,10.04,14
1985,6,7,9,16.7,966.5,78.3,0,0.8,3.6,212,NA,NA,333,322,14,182,160,136,140,14,380,391,96,12.9,41.4,9.72,14.4
1985,6,7,10,17.1,966.5,76,0,1.7,5.7,193,NA,NA,307,282,29,157,158,126,129,14,385,394,96,12.8,41.7,9.68,14.5
1985,6,7,11,18.4,966,64,0,1.9,5.8,172,NA,NA,641,430,231,236,349,193,183,14,386,409,96,11.5,40.9,8.84,14.3
1985,6,7,12,19,965.5,58.8,0,1.8,4.4,185,NA,8,524,448,83,191,276,221,183,14,391,410,96,10.8,40.5,8.43,14.2
1985,6,7,13,19.5,964.8,57.3,0,1.9,4.8,190,NA,NA,468,396,83,167,239,243,167,14,398,413,96,10.8,41.1,8.48,14.3
1985,6,7,14,20.8,963.9,51,0,2.8,6.1,203,NA,NA,619,336,365,154,296,475,157,14,361,402,96,10.3,41.7,8.19,14.6
1985,6,7,15,21,964.1,49.1,0,3.1,7.3,201,NA,NA,664,330,509,149,254,704,162,14,352,397,96,9.9,41.4,7.98,14.5
1985,6,7,16,19.1,963.8,60,0.1,3.4,6.9,222,NA,NA,93,93,0,45,45,44,45,14,346,369,96,11.2,41.2,8.68,14.4
1985,6,7,17,16.3,964.7,65.8,0,2.6,7.1,308,NA,NA,21,21,0,11,10,7,10,14,369,372,96,9.9,36.5,7.96,12.6
1985,6,7,18,13.5,965.5,74.7,1.2,2.1,8.7,268,NA,7,29,29,0,14,14,11,13,14,361,361,96,9.1,32.6,7.53,11.1
1985,6,7,19,12.8,965.7,87.8,0.4,1.4,4.9,92,NA,NA,12,12,0,6,6,6,6,14,357,358,96,10.8,34.2,8.47,11.7
1985,6,7,20,12.4,966.1,87.8,0,0.9,3.7,100,NA,NA,0,0,0,0,0,0,0,14,340,348,96,10.4,33.3,8.24,11.3
1985,6,7,21,12.8,966.2,86.9,0,1.1,3.7,277,NA,NA,0,0,0,0,0,0,0,14,343,351,96,10.7,34,8.38,11.6
1985,6,7,22,13.1,966.3,85.8,0,2.7,5.6,213,NA,NA,1,0,0,0,0,0,0,14,343,352,96,10.8,34.5,8.43,11.8
1985,6,7,23,13.2,965.9,85.8,0,2,4.3,223,NA,NA,0,0,0,0,0,0,0,14,353,356,96,10.9,34.7,8.49,11.9
1985,6,8,0,13.1,965.5,86.6,0,2.8,6.9,229,NA,NA,0,0,0,0,0,0,0,14,351,355,96,10.9,34.7,8.52,11.8
1985,6,8,1,13.1,965.2,87.5,0.2,3.1,5.1,223,NA,NA,0,0,0,0,0,0,0,14,352,356,96,11.1,34.9,8.61,11.9
1985,6,8,2,12.5,964.9,93.4,1.2,3.2,4.9,230,NA,NA,0,0,0,0,0,0,0,14,357,358,96,11.5,34.9,8.85,11.9
1985,6,8,3,12.2,964.9,93.4,2.9,1.9,4.5,281,NA,NA,0,0,0,0,0,0,0,14,354,356,96,11.2,34.1,8.67,11.6
1985,6,8,4,12.1,965.3,93.2,1.1,0.3,2.2,168,NA,NA,6,6,0,1,3,3,2,14,355,356,96,11,33.8,8.59,11.5
1985,6,8,5,11.9,965.9,93.5,0,0.6,3.3,165,NA,NA,18,18,0,5,9,9,8,14,347,352,96,10.9,33.4,8.5,11.3
1985,6,8,6,10.9,966.4,76.1,0,1.4,6.2,303,NA,8,37,37,0,14,18,18,17,14,339,345,96,6.9,27.2,6.45,8.8
1985,6,8,7,11.4,966.9,65.7,0,0.7,2.9,298,NA,NA,165,164,2,96,77,73,77,14,345,350,96,5.2,25.9,5.75,8.3
1985,6,8,8,11.7,967.2,61.7,0,1.1,4.2,41,NA,NA,274,267,9,162,128,114,119,14,331,351,96,4.6,25.6,5.5,8.1
1985,6,8,9,12.6,967.5,63.5,0,1.4,3.6,91,NA,NA,371,358,17,206,179,148,152,14,337,363,96,5.9,27.8,6.01,9.1
1985,6,8,10,12.4,967.8,53.9,0,2,7,286,NA,NA,365,341,26,187,188,146,148,14,334,358,96,3.3,25.1,5.03,7.9
1985,6,8,11,13.6,968.2,48.4,0,4.8,9.5,228,NA,NA,827,324,550,246,457,172,158,14,359,380,94,2.9,26,4.88,8.3
1985,6,8,12,12.6,968.3,48.8,0,3.3,9.7,259,NA,7,308,303,6,137,153,141,134,14,352,359,94,2.1,24.3,4.6,7.6
1985,6,8,13,13,968.6,45.3,0,2.6,9.5,234,NA,NA,244,242,3,110,120,119,110,14,350,359,94,1.4,24.1,4.39,7.5
1985,6,8,14,12.9,968.7,44,0,3.2,6.8,277,NA,NA,261,257,5,115,126,137,115,14,356,361,94,1,23.6,4.23,7.3
1985,6,8,15,13,969.1,40.1,0,3.3,7.8,282,NA,NA,284,281,4,121,132,170,124,14,350,358,94,-0.2,22.9,3.88,7
1985,6,8,16,12.3,969.5,42.9,0,2.6,6.7,293,NA,NA,256,226,59,97,108,250,114,14,348,355,94,0.1,22.4,3.96,6.7
1985,6,8,17,12.4,969.8,41.5,0,2.9,5.2,276,NA,NA,216,154,177,74,78,360,140,14,331,345,94,-0.3,22.2,3.85,6.6
1985,6,8,18,11.4,970.2,45.9,0,2.9,6.2,303,NA,5,121,65,303,39,39,381,179,14,324,335,94,0.2,21.5,3.99,6.3
1985,6,8,19,10.3,970.5,52.9,0,1.5,3.7,300,NA,NA,19,19,0,8,8,16,14,14,318,327,94,1.1,21.1,4.27,6.1
1985,6,8,20,8.6,971.3,67.8,0,0.5,1.9,277,NA,NA,0,0,0,0,0,0,0,14,305,314,94,3,20.9,4.89,6
1985,6,8,21,8.9,971.4,69.5,0,0.7,2.5,227,NA,NA,0,0,0,0,0,0,0,14,307,314,94,3.6,21.8,5.11,6.4
1985,6,8,22,8.4,971.5,73.3,0,0.8,1.9,237,NA,NA,0,0,0,0,0,0,0,14,304,315,94,3.9,21.6,5.21,6.2
1985,6,8,23,7.3,971.6,80.2,0,0.3,2,336,NA,NA,0,0,0,0,0,0,0,14,284,298,94,4.1,20.6,5.29,5.8
1985,6,9,0,5.8,971.7,87.5,0,0.2,2.8,360,NA,NA,0,0,0,0,0,0,0,14,281,294,94,3.9,18.9,5.21,4.9
1985,6,9,1,5.3,971.5,89.7,0,0.5,2.4,270,NA,NA,0,0,0,0,0,0,0,14,277,293,94,3.7,18.3,5.16,4.6
1985,6,9,2,4.5,971.6,90.7,0,0.4,2.3,315,NA,NA,0,0,0,0,0,0,0,14,266,285,94,3.1,16.9,4.93,3.9
1985,6,9,3,4.5,971.8,91.6,0,0.6,2.5,247,NA,NA,1,0,0,0,0,0,0,14,266,284,94,3.3,17,4.98,4
1985,6,9,4,4.4,972,93,0,0.6,2.4,268,NA,NA,28,20,139,157,13,13,98,14,268,288,94,3.4,17,5.02,3.9
1985,6,9,5,6.6,972,84.5,0,0.3,1.5,120,NA,NA,148,84,301,408,48,48,182,14,287,307,94,4.2,20,5.31,5.5
1985,6,9,6,8.5,972.3,69.5,0,1.3,2.6,243,NA,3,153,135,48,162,65,61,83,14,289,313,94,3.2,21,4.97,6
1985,6,9,7,8.7,972.6,70,0,1.3,2.5,242,NA,NA,111,111,0,56,53,51,53,14,291,316,94,3.5,21.5,5.07,6.2
1985,6,9,8,9.2,972.3,71.9,0,0.5,1.6,305,NA,NA,157,157,0,82,75,72,74,14,313,331,94,4.4,22.8,5.4,6.9
1985,6,9,9,10.7,971.8,65.2,0,1.2,4.1,249,NA,NA,329,308,27,193,163,132,135,14,325,346,94,4.4,24.4,5.41,7.6
1985,6,9,10,13.9,971.6,50.6,0,2.9,6.9,234,NA,NA,817,356,527,417,431,165,165,14,335,370,94,3.8,27.1,5.18,8.8
1985,6,9,11,14.6,971,45.7,0,1.7,5,216,NA,NA,706,378,359,237,390,180,168,14,318,361,94,3,27.1,4.9,8.8
1985,6,9,12,15.2,970.7,42.8,0,2.3,6.7,219,NA,7,536,438,108,190,281,222,182,14,317,359,94,2.6,27.3,4.77,9
1985,6,9,13,15.2,970.5,42.8,0,3.4,7,228,NA,NA,428,384,50,162,219,221,162,14,316,354,94,2.6,27.3,4.77,9
1985,6,9,14,14.7,970.5,45.8,0,4.2,7.1,231,NA,NA,135,135,0,65,66,66,65,14,314,340,94,3.2,27.3,4.95,9
1985,6,9,15,14.2,970.7,46.2,0,4.9,7.8,244,NA,NA,98,98,0,48,47,47,47,14,310,336,94,2.8,26.5,4.83,8.6
1985,6,9,16,13.7,970.5,50,0,3.4,7.5,252,NA,NA,101,101,0,48,48,49,48,14,313,338,94,3.5,26.6,5.06,8.6
1985,6,9,17,14,970.6,52.1,0,4.3,7.4,233,NA,NA,145,135,28,61,62,127,77,14,308,336,94,4.3,27.7,5.38,9.1
1985,6,9,18,13.7,970.6,52.6,0,4.9,7.3,229,NA,7,72,67,25,31,31,82,53,14,302,330,94,4.2,27.2,5.33,8.9
1985,6,9,19,13.1,970.6,54.5,0,2.4,6.3,214,NA,NA,12,12,0,6,6,6,6,14,299,323,94,4.1,26.6,5.31,8.6
1985,6,9,20,12.9,970.9,56,0,2.6,6,203,NA,NA,1,0,0,0,0,0,0,14,300,324,94,4.3,26.6,5.38,8.6
1985,6,9,21,12.6,970.8,58.3,0,3,6.2,217,NA,NA,2,0,0,0,0,0,0,14,299,323,94,4.6,26.5,5.49,8.6
1985,6,9,22,12.3,970.8,59.9,0,3.3,6.4,217,NA,NA,1,0,0,0,0,0,0,14,298,323,94,4.7,26.3,5.54,8.5
1985,6,9,23,12.1,970.8,63.4,0,4.1,7.5,230,NA,NA,2,0,0,0,0,0,0,14,317,331,94,5.4,26.8,5.79,8.7
1985,6,10,0,12.1,970.3,63.9,0,4.2,7.7,224,NA,NA,1,0,0,0,0,0,0,14,317,331,94,5.5,26.9,5.83,8.7
1985,6,10,1,11.9,970,64.2,0,3.5,7.6,215,NA,NA,2,0,0,0,0,0,0,14,316,331,94,5.4,26.6,5.79,8.6
1985,6,10,2,11.5,969.9,69.5,0,3.4,6.8,214,NA,NA,2,0,0,0,0,0,0,14,349,349,94,6.1,27,6.1,8.7
1985,6,10,3,11.1,969.8,72.6,0,3.3,6.8,211,NA,NA,0,0,0,0,0,0,0,14,347,347,94,6.4,26.8,6.21,8.7
1985,6,10,4,10.6,970,83,0.1,4.2,6.8,226,NA,NA,11,11,0,4,5,5,4,14,345,345,94,7.8,28,6.87,9.1
1985,6,10,5,10.8,970.2,84.4,0.3,4,7.5,224,NA,NA,52,52,0,27,25,24,25,14,347,347,94,8.3,28.7,7.09,9.5
1985,6,10,6,11.1,970.4,85.9,0.3,4,6.6,225,NA,7,105,105,0,59,49,47,51,14,350,350,94,8.8,29.7,7.36,9.8
1985,6,10,7,12.1,970.2,80.1,0,4.1,8.9,211,NA,NA,168,166,3,98,78,74,78,14,354,354,94,8.8,30.7,7.33,10.3
1985,6,10,8,13.2,969.8,72.3,0.1,5.2,10.4,213,NA,NA,370,310,88,300,172,129,138,14,364,364,94,8.3,31.2,7.11,10.5
1985,6,10,9,13.2,969.8,71.6,0,7.1,13.5,217,NA,NA,378,363,19,210,181,150,154,14,362,362,94,8.2,31.1,7.04,10.5
1985,6,10,10,14.2,969.7,64.8,0,6.8,12.3,218,NA,NA,545,405,160,283,288,169,171,14,364,373,94,7.7,31.5,6.8,10.7
1985,6,10,11,13.4,970,68.6,1.1,7.3,13.5,225,NA,NA,294,290,5,137,146,129,129,14,364,367,96,7.7,30.7,6.83,10.3
1985,6,10,12,14.1,968.8,73.4,0,4.7,11,223,NA,8,414,402,13,174,207,184,169,14,376,376,96,9.4,33.6,7.67,11.5
1985,6,10,13,14.5,968.3,64.8,0,5.6,12.2,209,NA,NA,125,125,0,60,61,60,60,14,375,375,96,8,32.1,6.95,10.9
1985,6,10,14,12.2,969.2,85.7,4.3,5.9,10.5,218,NA,NA,111,111,0,54,54,53,53,14,361,361,96,9.9,32.2,7.91,10.9
1985,6,10,15,12.4,969.5,90.9,1.2,3.4,7.2,212,NA,NA,116,116,0,56,56,56,55,14,364,364,96,11,33.9,8.51,11.6
1985,6,10,16,13.2,969.2,87.7,0.1,3,7,209,NA,NA,232,214,35,93,100,189,104,14,371,371,96,11.2,35.1,8.65,12
1985,6,10,17,12.6,969.9,84.7,2.8,2.8,6.9,244,NA,NA,59,59,0,29,29,26,28,14,358,358,96,10.1,32.9,8.02,11.2
1985,6,10,18,11.3,969.6,90.7,0.2,1.1,6.4,207,NA,8,36,36,0,17,17,15,16,14,358,358,96,9.8,31.2,7.89,10.5
1985,6,10,19,11.4,970.3,85.2,0,2,6,204,NA,NA,20,20,0,9,9,17,14,14,357,357,96,9,30.2,7.45,10.1
1985,6,10,20,10.9,971,87.7,0.3,1.6,4.1,242,NA,NA,0,0,0,0,0,0,0,14,347,348,96,8.9,29.6,7.41,9.8
1985,6,10,21,10.9,971.1,89.3,0,2.6,5.2,218,NA,NA,0,0,0,0,0,0,0,14,347,348,96,9.2,30,7.55,10
1985,6,10,22,10.6,971.7,89.3,0,2,3.7,225,NA,NA,0,0,0,0,0,0,0,14,343,345,96,8.9,29.3,7.39,9.7
1985,6,10,23,10.1,972,91.4,0,0.6,2.6,5,NA,NA,0,0,0,0,0,0,0,14,335,341,96,8.8,28.6,7.31,9.4
1985,6,11,0,10,972,93.2,0,0.6,1.6,227,NA,NA,0,0,0,0,0,0,0,14,334,340,96,9,28.7,7.41,9.5
1985,6,11,1,9.7,972.2,93,0,1.1,3.5,228,NA,NA,0,0,0,0,0,0,0,14,331,337,96,8.6,28,7.24,9.1
1985,6,11,2,8.4,971.9,93.7,0,0.3,1.5,209,NA,NA,0,0,0,0,0,0,0,14,323,323,96,7.4,25.2,6.68,7.9
1985,6,11,3,7.7,971.9,93.9,0,0.7,2.4,256,NA,NA,1,0,0,0,0,0,0,14,286,306,96,6.8,23.8,6.38,7.2
1985,6,11,4,7.8,972.1,94.3,0,0.5,2.3,318,NA,NA,19,19,0,10,9,9,10,14,285,311,96,6.9,24,6.45,7.3
1985,6,11,5,8.7,972.3,94.7,0,0.7,4,259,NA,NA,67,67,0,40,31,30,34,14,291,318,96,7.9,26.1,6.89,8.3
1985,6,11,6,9.9,972.3,90.7,0,1.3,3.7,233,NA,8,149,134,40,153,64,61,81,14,306,329,96,8.5,28,7.15,9.1
1985,6,11,7,12.2,972.2,70.7,0,1.6,4.3,211,NA,NA,447,209,441,620,127,109,129,14,315,343,96,7,28.6,6.49,9.5
1985,6,11,8,13.5,972.3,49.1,0,2.7,6.9,220,NA,NA,398,303,140,332,178,130,138,14,309,348,96,3,25.9,4.9,8.3
1985,6,11,9,13.5,972.3,47.7,0,1.7,5.2,229,NA,NA,284,271,16,162,141,119,122,14,328,355,96,2.6,25.6,4.76,8.2
1985,6,11,10,14.3,972.2,44.9,0,2,5.3,229,NA,NA,664,418,281,347,353,170,171,14,333,370,96,2.5,26.3,4.72,8.5
1985,6,11,11,15.6,971.9,42.3,0,1.3,4.5,250,NA,NA,742,337,442,234,411,168,154,14,332,371,94,2.8,27.9,4.83,9.2
1985,6,11,12,15.5,971.2,40.3,0,0.6,3.7,216,NA,6,561,443,129,189,306,232,179,14,326,362,94,2.1,27.2,4.58,8.9
1985,6,11,13,16.3,971,39.7,0,1.5,5,247,NA,NA,548,436,130,176,288,296,176,14,330,367,94,2.6,28.4,4.75,9.4
1985,6,11,14,16.4,970.8,40.7,0,2.2,6.9,211,NA,NA,419,351,87,150,201,263,152,14,369,381,94,3,28.9,4.9,9.6
1985,6,11,15,16.3,970.6,42.8,0,2.6,5.6,238,NA,NA,279,260,28,114,130,188,118,14,373,378,94,3.6,29.4,5.12,9.8
1985,6,11,16,16.9,970.1,42.8,0,2.7,5.4,239,NA,NA,437,185,488,104,120,668,140,14,377,388,94,4.2,30.5,5.33,10.3
1985,6,11,17,16.3,969.8,43,0,2.3,4.4,241,NA,NA,249,124,353,72,76,509,171,14,313,345,94,3.7,29.4,5.15,9.9
1985,6,11,18,15,969.6,49.1,0,2.2,4.1,218,NA,2,90,72,95,37,37,184,98,14,305,329,94,4.4,28.8,5.42,9.6
1985,6,11,19,12.9,969.4,63.8,0,0.6,1.6,270,NA,NA,20,20,0,9,9,16,14,14,303,320,94,6.2,28.5,6.15,9.4
1985,6,11,20,10.4,969.4,78,0,0.3,1.5,95,NA,NA,0,0,0,0,0,0,0,14,284,305,94,6.7,26.5,6.37,8.5
1985,6,11,21,9.4,969.2,85.9,0,0.1,1,63,NA,NA,0,0,0,0,0,0,0,14,284,302,94,7.2,26,6.57,8.3
1985,6,11,22,8.3,968.8,88.7,0,0.5,1.9,232,NA,NA,0,0,0,0,0,0,0,14,276,297,94,6.5,24.2,6.3,7.4
1985,6,11,23,7.5,968,89.8,0,0.3,1.3,266,NA,NA,0,0,0,0,0,0,0,14,273,295,94,5.9,22.7,6.04,6.7
1985,6,12,0,7,967.3,90.5,0,0,0.1,0,NA,NA,0,0,0,0,0,0,0,14,270,292,94,5.6,21.8,5.88,6.3
1985,6,12,1,6.7,966.9,90.7,0,0.3,1.5,238,NA,NA,1,0,0,0,0,0,0,14,266,289,94,5.3,21.2,5.78,6
1985,6,12,2,6.2,966.5,91,0,0.2,1.2,236,NA,NA,0,0,0,0,0,0,0,14,273,291,94,4.8,20.3,5.6,5.5
1985,6,12,3,5.7,965.8,92.2,0,0.3,1.1,246,NA,NA,1,0,0,0,0,0,0,14,271,291,94,4.5,19.5,5.48,5.1
1985,6,12,4,5.9,965.4,93,0,0.4,1.2,258,NA,NA,27,21,93,116,13,13,75,14,275,295,94,4.9,20,5.61,5.4
1985,6,12,5,7.3,965.1,92.8,0,0.5,1.5,244,NA,NA,96,79,78,160,39,38,84,14,285,307,94,6.2,22.9,6.17,6.7
1985,6,12,6,10,965.1,76.8,0,1.2,2.8,246,NA,7,282,129,400,562,81,76,172,14,294,322,94,6.1,25.5,6.13,8
1985,6,12,7,12.3,964.8,65.7,0,2.1,4.9,218,NA,NA,377,230,274,492,127,107,130,14,307,338,94,6.1,27.8,6.12,9.1
1985,6,12,8,15.8,963.9,55.4,0,3.5,7.6,225,NA,NA,630,199,632,690,242,121,129,14,322,360,94,6.9,32.3,6.48,11
1985,6,12,9,17.5,963,47.8,0,5.3,10.5,226,NA,NA,674,315,451,508,325,148,152,14,324,365,94,6.3,33.4,6.23,11.4
1985,6,12,10,18.5,962.2,45.7,0,5.3,9.9,226,NA,NA,764,364,456,394,402,162,162,14,334,374,94,6.6,34.7,6.35,12
1985,6,12,11,20,961.3,42.8,0,5.8,9.2,230,NA,NA,649,474,191,247,351,202,190,14,341,377,94,7,36.7,6.54,12.8
1985,6,12,12,21.7,960.9,35.8,0,6.9,12,223,NA,6,652,471,198,201,351,257,190,14,343,381,94,5.9,37.3,6.07,13
1985,6,12,13,23.1,960.5,31.9,0,7.8,14.3,208,NA,NA,736,323,477,154,385,407,154,14,350,390,94,5.5,38.2,5.89,13.3
1985,6,12,14,23.8,960,32,0,7.1,12.9,206,NA,NA,616,338,356,154,292,468,158,14,362,394,94,6.1,39.6,6.17,13.8
1985,6,12,15,23.2,959.6,33.8,0,7.2,13.5,214,NA,NA,272,255,25,113,127,181,116,14,359,383,94,6.4,39.3,6.29,13.7
1985,6,12,16,22.8,958.9,35.6,0,6.7,14.3,212,NA,NA,136,136,0,63,64,73,65,14,359,379,94,6.8,39.4,6.47,13.8
1985,6,12,17,20.1,959.6,51.3,0,5,9.4,243,NA,NA,104,104,0,48,48,58,51,14,365,378,94,9.7,40.3,7.92,14
1985,6,12,18,18,960,59.8,0,4.5,8.9,274,NA,6,40,40,0,19,19,17,19,14,356,367,94,10.1,38.6,8.1,13.4
1985,6,12,19,17.4,960.6,60.8,0,2.5,6.4,269,NA,NA,3,3,0,2,2,0,1,14,353,363,94,9.8,37.6,7.92,13
1985,6,12,20,17,961.1,62.8,0,2.1,5.1,234,NA,NA,1,0,0,0,0,0,0,14,377,377,94,9.9,37.3,7.97,12.9
1985,6,12,21,16.1,961.3,68.4,0,1,4.4,230,NA,NA,1,0,0,0,0,0,0,14,377,377,94,10.3,36.9,8.2,12.8
1985,6,12,22,15.8,961.5,66.1,0,0.9,4.4,232,NA,NA,0,0,0,0,0,0,0,14,369,369,94,9.5,35.5,7.77,12.2
1985,6,12,23,14.6,961.5,66.5,0,1.5,3.8,195,NA,NA,1,0,0,0,0,0,0,14,331,339,94,8.4,32.9,7.23,11.2
1985,6,13,0,14.8,961.7,62.8,0,2.7,5.9,213,NA,NA,0,0,0,0,0,0,0,14,331,341,94,7.8,32.3,6.91,11
1985,6,13,1,14.4,961.7,63.1,0,2.5,5.7,204,NA,NA,1,0,0,0,0,0,0,14,330,341,94,7.5,31.6,6.76,10.7
1985,6,13,2,14.6,961.7,62.5,0,2.7,7.9,211,NA,NA,1,0,0,0,0,0,0,14,348,350,94,7.5,31.8,6.79,10.7
1985,6,13,3,14.5,962.1,63,0,3.6,9,202,NA,NA,0,0,0,0,0,0,0,14,347,350,94,7.5,31.8,6.8,10.7
1985,6,13,4,14.2,962.9,64.1,0,2.8,7.6,208,NA,NA,7,7,0,2,3,3,2,14,346,349,94,7.5,31.4,6.77,10.6
1985,6,13,5,14.2,963.3,62.7,0,2.3,6,200,NA,NA,26,26,0,9,13,12,11,14,362,362,94,7.2,31,6.62,10.4
1985,6,13,6,14.3,963.9,60.8,0,2.9,7.2,226,NA,7,50,50,0,21,25,24,24,14,365,365,94,6.8,30.7,6.46,10.3
1985,6,13,7,14.8,964,60.8,0,2.3,5.9,201,NA,NA,135,135,0,73,64,62,64,14,371,371,94,7.3,31.7,6.67,10.7
1985,6,13,8,16.1,963.9,57.2,0,3.2,8.4,189,NA,NA,477,285,282,454,203,130,139,14,345,368,94,7.6,33.5,6.82,11.4
1985,6,13,9,17.3,964.1,52.7,0,4.6,8.8,200,NA,NA,829,247,730,640,385,143,146,14,343,377,94,7.6,34.6,6.78,11.9
1985,6,13,10,18.3,964.6,50.8,0,4.7,8.8,212,NA,NA,810,320,559,416,424,159,159,14,352,386,94,7.9,36.1,6.96,12.5
1985,6,13,11,19.2,964.5,47.4,0,4.9,9.3,223,NA,NA,891,241,709,239,481,150,139,14,349,385,94,7.7,36.7,6.87,12.7
1985,6,13,12,19.9,964.7,44.9,0,4.9,10.9,252,NA,7,929,173,828,133,494,266,127,14,346,385,94,7.6,37.3,6.8,13
1985,6,13,13,20.1,964.5,42.2,0,4.9,9.2,257,NA,NA,875,168,816,124,441,473,125,14,347,386,94,6.9,36.6,6.47,12.8
1985,6,13,14,21.3,964.8,40.1,0,5.1,9.3,243,NA,NA,823,117,903,112,357,680,114,14,353,388,94,7.2,38.2,6.62,13.4
1985,6,13,15,20.7,964.7,40,0,4.4,8.5,252,NA,NA,662,126,810,106,222,780,112,14,345,383,94,6.6,37,6.36,12.9
1985,6,13,16,20.3,964.6,39.5,0,4.8,8.7,246,NA,NA,450,133,614,91,103,726,126,14,346,376,94,6.1,36,6.12,12.5
1985,6,13,17,19.8,964.7,40.3,0,4.3,7.5,230,NA,NA,299,72,637,62,65,715,207,14,332,363,94,5.9,35.3,6.06,12.2
1985,6,13,18,18.8,964.8,43.6,0,2.9,5.6,235,NA,3,137,47,471,40,40,523,238,14,327,349,94,6.2,34.5,6.16,11.9
1985,6,13,19,15.7,964.9,54.4,0,1.1,3.6,260,NA,NA,15,15,0,7,7,8,8,14,308,326,94,6.5,31.8,6.32,10.8
1985,6,13,20,13.5,965.2,66.5,0,0.4,1.6,55,NA,NA,0,0,0,0,0,0,0,14,290,312,94,7.4,30.5,6.7,10.2
1985,6,13,21,11.8,965.5,76.7,0,0.5,1.6,28,NA,NA,0,0,0,0,0,0,0,14,292,311,94,7.8,29.3,6.91,9.7
1985,6,13,22,11,965.3,79.6,0,1.3,3.3,20,NA,NA,0,0,0,0,0,0,0,14,290,311,94,7.6,28.2,6.8,9.2
1985,6,13,23,10.9,964.9,77.2,0,1.3,2.3,40,NA,NA,0,0,0,0,0,0,0,14,287,307,94,7.1,27.5,6.55,8.9
1985,6,14,0,10.4,964.7,79.9,0,0.3,2,47,NA,NA,0,0,0,0,0,0,0,14,285,306,94,7.1,27,6.56,8.7
1985,6,14,1,9.6,964.5,85.9,0,0,0.1,0,NA,NA,0,0,0,0,0,0,0,14,282,304,94,7.4,26.5,6.69,8.4
1985,6,14,2,9.3,964.3,88.5,0,0,0.7,225,NA,NA,1,0,0,0,0,0,0,14,337,337,94,7.5,26.4,6.76,8.4
1985,6,14,3,8.8,964.3,89.6,0,0,1,243,NA,NA,0,0,0,0,0,0,0,14,335,335,94,7.2,25.5,6.61,8
1985,6,14,4,9.3,964.8,90.1,0,0.1,1,230,NA,NA,24,21,49,78,12,12,52,14,342,342,94,7.8,26.7,6.88,8.5
1985,6,14,5,10.5,965,84.8,0,0.1,0.8,288,NA,NA,63,63,0,36,29,29,32,14,298,321,94,8.1,28.2,7.01,9.2
1985,6,14,6,11.8,965.2,75.4,0,0.4,2.9,279,NA,8,129,129,2,82,59,57,63,14,305,328,94,7.6,29,6.8,9.6
1985,6,14,7,13.2,965.2,65.5,0,0.4,1.4,276,NA,NA,230,216,27,177,102,93,102,14,309,340,94,6.9,29.6,6.47,9.9
1985,6,14,8,14.9,964.7,59.1,0,0.5,2.2,145,NA,NA,404,318,126,336,181,133,143,14,333,362,94,7,31.5,6.52,10.6
1985,6,14,9,16.6,964.5,53.4,0,0.6,3.2,260,NA,NA,551,364,235,398,273,152,157,14,347,377,94,7.1,33.3,6.57,11.4
1985,6,14,10,19.5,963.8,50.3,0,2.6,5.7,218,NA,NA,727,379,396,375,380,170,171,14,365,395,94,8.9,38.5,7.44,13.4
1985,6,14,11,21.3,963.5,51,0,3.6,8.5,204,NA,NA,807,368,479,252,441,178,163,14,356,398,94,10.8,42.9,8.45,15
1985,6,14,12,23.2,962.8,48.3,0,4.6,8.7,222,NA,2,850,312,589,168,461,276,158,14,366,406,94,11.7,46.2,9,16.2
1985,6,14,13,24.4,962,44.7,0,4.6,10.2,210,NA,NA,813,309,581,157,419,444,158,14,370,409,94,11.6,47.3,8.96,16.5
1985,6,14,14,24.9,961,44.1,0,3.4,7.3,212,NA,NA,579,367,271,156,279,434,160,14,370,405,94,11.9,48.3,9.12,16.8
1985,6,14,15,23.9,960.6,46.4,0,4.2,7.3,224,NA,NA,252,234,26,106,118,164,109,14,360,388,94,11.7,47,9.04,16.4
1985,6,14,16,21,960.7,63.8,1,2.4,5.4,252,NA,NA,20,20,0,10,10,7,10,14,349,370,94,13.9,47.6,10.44,16.5
1985,6,14,17,17,961.5,89.6,1.2,3.6,10,193,NA,NA,41,41,0,20,20,16,19,14,339,356,94,15.3,46,11.43,15.9
1985,6,14,18,17,962.2,90.7,0,0.9,3.5,136,NA,7,33,33,0,16,16,13,15,14,364,373,96,15.5,46.4,11.57,16
1985,6,14,19,16.7,963.7,91,3,2.3,10.1,221,NA,NA,2,0,0,0,0,0,0,14,357,368,96,15.2,45.6,11.36,15.8
1985,6,14,20,14.8,963.9,90.7,4.4,1.8,9.8,229,NA,NA,1,0,0,0,0,0,0,14,369,369,96,13.3,40.2,10.01,13.9
1985,6,14,21,14.5,965.5,93.5,4.2,2.1,8,233,NA,NA,2,0,0,0,0,0,0,14,366,368,96,13.5,40.1,10.1,13.9
1985,6,14,22,13.8,966,94.4,2.8,2.8,6.1,210,NA,NA,1,0,0,0,0,0,0,14,363,365,96,12.9,38.5,9.74,13.3
1985,6,14,23,13.6,966.5,91.5,0,3.6,7.1,227,NA,NA,2,0,0,0,0,0,0,14,339,352,96,12.2,37.2,9.3,12.8
1985,6,15,0,13.5,966.7,89.8,0,2.3,6.2,242,NA,NA,0,0,0,0,0,0,0,14,339,351,96,11.9,36.5,9.07,12.6
1985,6,15,1,13.5,966.5,89.9,0,2.1,5.1,238,NA,NA,1,0,0,0,0,0,0,14,340,351,96,11.9,36.5,9.08,12.6
1985,6,15,2,13.1,966.5,86.4,0,3.1,5.8,231,NA,NA,1,0,0,0,0,0,0,14,351,354,96,10.9,34.6,8.49,11.8
1985,6,15,3,12.6,966.7,85.6,0,2,4.2,254,NA,NA,0,0,0,0,0,0,0,14,348,352,96,10.3,33.2,8.14,11.3
1985,6,15,4,12.3,967,85,0,0.9,3.8,209,NA,NA,22,20,34,58,11,11,39,14,348,351,96,9.9,32.3,7.92,11
1985,6,15,5,12.9,967.2,78.6,0,1.4,4.3,189,NA,NA,83,80,15,74,36,35,50,14,343,350,96,9.3,32.2,7.61,10.9
1985,6,15,6,13.9,967.9,68.3,0,1.8,4,219,NA,5,197,154,111,273,76,71,114,14,346,358,96,8.2,31.8,7.05,10.8
1985,6,15,7,15.6,968.2,57.3,0,1.4,3.5,224,NA,NA,487,236,464,666,137,117,143,14,354,376,96,7.2,32.4,6.59,11
1985,6,15,8,15.7,968.6,54.7,0,1.6,3.6,262,NA,NA,364,298,97,295,167,126,135,14,343,370,96,6.6,31.8,6.33,10.8
1985,6,15,9,16.9,968.7,50.5,0,1.7,5,280,NA,NA,564,359,257,408,277,152,157,14,349,377,96,6.6,33,6.3,11.3
1985,6,15,10,16.9,969.1,50.6,0,1.4,4.8,356,NA,NA,489,408,92,248,249,169,172,14,347,378,96,6.6,33,6.31,11.3
1985,6,15,11,17.5,969.1,48,0,2.5,7.1,25,NA,NA,554,444,120,225,302,189,179,14,370,388,94,6.4,33.4,6.22,11.5
1985,6,15,12,18.2,969,45.9,0,3.5,7.5,337,NA,6,851,357,541,177,461,282,165,14,378,397,94,6.4,34.1,6.22,11.8
1985,6,15,13,18.2,969.1,48.5,0,4.5,8.6,49,NA,NA,860,221,736,136,438,466,137,14,375,395,94,7.2,35,6.57,12.1
1985,6,15,14,18.2,969,48,0,4.6,8.7,54,NA,NA,797,152,824,120,351,655,122,14,378,398,94,7,34.8,6.5,12
1985,6,15,15,17.9,969.1,47.2,0,4.2,8.2,59,NA,NA,570,229,513,123,217,636,134,14,335,369,94,6.5,33.9,6.27,11.7
1985,6,15,16,17.6,969.2,48.5,0,4,6.8,51,NA,NA,458,125,642,93,104,742,127,14,334,366,94,6.6,33.7,6.32,11.6
1985,6,15,17,17,969.2,50.1,0,3.9,6.9,51,NA,NA,278,108,474,69,73,605,189,14,321,354,94,6.5,33,6.29,11.3
1985,6,15,18,15.7,969.1,55,0,2.8,4.8,44,NA,2,98,69,148,37,37,230,116,14,314,342,94,6.7,31.9,6.36,10.9
1985,6,15,19,14,969.1,64.5,0,2.4,4.6,21,NA,NA,16,16,0,7,7,9,9,14,307,332,94,7.4,31,6.69,10.4
1985,6,15,20,12.6,969.5,68.7,0,2.5,4,19,NA,NA,0,0,0,0,0,0,0,14,301,326,94,7,29.1,6.49,9.6
1985,6,15,21,11.9,969.6,68.2,0,1.6,3,33,NA,NA,0,0,0,0,0,0,0,14,289,316,94,6.2,27.5,6.15,8.9
1985,6,15,22,11.6,969.6,70.2,0,0.4,2.9,39,NA,NA,0,0,0,0,0,0,0,14,289,312,94,6.4,27.3,6.21,8.9
1985,6,15,23,10.7,969.3,78.8,0,0.4,1.5,218,NA,NA,0,0,0,0,0,0,0,14,287,310,94,7.2,27.3,6.57,8.9
1985,6,16,0,10.3,969.1,82.9,0,0.2,1.6,233,NA,NA,0,0,0,0,0,0,0,14,286,308,94,7.5,27.3,6.74,8.8
1985,6,16,1,9,968.5,86.8,0,0.4,1.6,223,NA,NA,0,0,0,0,0,0,0,14,278,300,94,6.9,25.3,6.46,7.9
1985,6,16,2,8.4,968.1,89.5,0,0.2,1.3,228,NA,NA,0,0,0,0,0,0,0,14,286,302,94,6.8,24.5,6.4,7.6
1985,6,16,3,8.4,968.1,91.2,0,0.3,1.5,225,NA,NA,0,0,0,0,0,0,0,14,285,304,94,7.1,24.9,6.52,7.7
1985,6,16,4,8.3,968.1,91.7,0,0,0.8,0,NA,NA,21,20,7,22,10,10,17,14,287,306,94,7,24.7,6.51,7.6
1985,6,16,5,9.2,968.1,89.7,0,0,0.1,0,NA,NA,96,82,63,151,40,39,82,14,343,343,94,7.6,26.3,6.78,8.4
1985,6,16,6,11.7,968.3,71.9,0,0.5,3.6,65,NA,7,253,146,282,449,80,75,153,14,353,353,94,6.8,27.9,6.41,9.1
1985,6,16,7,13.3,967.6,64.9,0,2.5,6,59,NA,NA,467,164,562,701,116,101,123,14,362,368,94,6.8,29.6,6.43,9.9
1985,6,16,8,14.2,967.4,60.4,0,2.5,5.6,69,NA,NA,663,166,728,737,241,115,122,14,309,348,94,6.7,30.3,6.35,10.2
1985,6,16,9,14.8,967.3,57,0,1.7,5.4,66,NA,NA,628,333,371,459,301,153,157,14,312,353,94,6.4,30.6,6.23,10.3
1985,6,16,10,15.7,967,55.2,0,1.3,4.1,83,NA,NA,540,420,138,283,284,171,173,14,318,357,94,6.7,32,6.4,10.9
1985,6,16,11,16.3,967,51,0,0.7,2.8,73,NA,NA,570,447,134,228,310,191,180,14,317,361,94,6.2,31.9,6.14,10.9
1985,6,16,12,16.2,967.2,51.5,0,0.7,2.5,90,NA,7,317,308,10,139,158,143,136,14,319,357,94,6.2,31.9,6.16,10.8
1985,6,16,13,16.9,966.9,53.6,0,1.4,5,193,NA,NA,354,345,10,149,174,173,149,14,328,363,94,7.4,34,6.71,11.7
1985,6,16,14,17.5,966.6,54.5,0,3.5,6.5,213,NA,NA,398,378,26,154,195,243,156,14,338,369,94,8.2,35.6,7.09,12.3
1985,6,16,15,17.9,966.4,54.3,0,4.3,7.4,222,NA,NA,411,310,152,133,178,355,142,14,341,371,94,8.6,36.4,7.25,12.6
1985,6,16,16,17.3,966.1,54,0,4.3,7.3,217,NA,NA,238,218,38,95,102,194,106,14,334,360,94,7.9,35,6.94,12.1
1985,6,16,17,16.7,966.3,55.6,0,3.5,7.5,204,NA,NA,105,105,0,48,48,59,51,14,331,352,94,7.8,34.2,6.88,11.8
1985,6,16,18,15.8,966.5,58.2,0,2.9,5.7,212,NA,8,46,46,0,22,22,22,22,14,325,345,94,7.6,33.1,6.79,11.3
1985,6,16,19,14.9,966.8,59.5,0,2.1,6,199,NA,NA,12,12,0,6,6,5,5,14,322,339,94,7.1,31.5,6.55,10.7
1985,6,16,20,14.3,967.3,61.2,0,1.3,4.3,194,NA,NA,0,0,0,0,0,0,0,14,320,337,94,6.9,30.7,6.48,10.3
1985,6,16,21,14.3,967.7,60.6,0,1.1,2.9,262,NA,NA,2,0,0,0,0,0,0,14,336,343,94,6.8,30.6,6.41,10.3
1985,6,16,22,13.4,967.9,66,0,0.6,1.7,153,NA,NA,2,0,0,0,0,0,0,14,335,342,94,7.2,30.1,6.59,10.1
1985,6,16,23,13,968.1,71.9,0,0.3,1.2,29,NA,NA,2,0,0,0,0,0,0,14,323,335,94,8.1,30.7,6.99,10.3
1985,6,17,0,12.1,968.3,78.3,0,0.5,1.8,21,NA,NA,0,0,0,0,0,0,0,14,320,331,94,8.4,30.3,7.18,10.1
1985,6,17,1,11.9,968.4,76.5,0,0.3,1.5,16,NA,NA,2,0,0,0,0,0,0,14,317,327,94,7.9,29.4,6.92,9.8
1985,6,17,2,11.2,968.6,78.9,0,0.1,0.7,34,NA,NA,2,0,0,0,0,0,0,14,306,323,94,7.7,28.4,6.81,9.3
1985,6,17,3,11.2,968.8,73.7,0,0.5,2.3,356,NA,NA,2,0,0,0,0,0,0,14,305,322,94,6.7,27.3,6.36,8.9
1985,6,17,4,10.5,969.2,72.9,0,0.7,2.4,4,NA,NA,21,20,10,25,10,10,19,14,301,319,94,5.9,25.7,5.99,8.2
1985,6,17,5,12,969.5,64.8,0,1.6,3.3,14,NA,NA,139,76,296,393,45,45,178,14,301,328,94,5.6,26.9,5.88,8.7
1985,6,17,6,13.5,969.8,60.4,0,1.9,4.6,75,NA,3,286,112,458,596,76,71,178,14,309,341,94,6,28.8,6.05,9.6
1985,6,17,7,14.4,970.1,58,0,2.6,6.1,85,NA,NA,464,152,578,704,112,97,120,14,310,346,94,6.2,30,6.16,10.1
1985,6,17,8,15.6,970.1,49.9,0,3.1,6.4,72,NA,NA,637,154,709,711,231,109,116,14,327,359,94,5.2,30.2,5.72,10.2
1985,6,17,9,16.6,970.3,44.2,0,2.9,6,65,NA,NA,782,203,727,612,360,130,133,14,326,365,94,4.4,30.4,5.4,10.3
1985,6,17,10,16.6,970.4,40.1,0,2.5,5.7,46,NA,NA,771,318,516,400,403,156,156,14,327,368,94,3,29.1,4.89,9.7
1985,6,17,11,18.2,970.2,38.1,0,2.5,5.6,83,NA,NA,951,188,832,243,506,142,132,14,323,372,94,3.7,31.3,5.14,10.7
1985,6,17,12,18.6,969.8,37.7,0,2.7,6.3,90,NA,2,941,142,874,125,491,256,120,14,325,375,94,3.9,31.9,5.22,10.9
1985,6,17,13,19.2,969.6,35.9,0,2.4,5.3,82,NA,NA,880,146,845,120,436,466,120,14,322,373,94,3.7,32.4,5.16,11.1
1985,6,17,14,19.5,969.5,35.5,0,1.8,4.3,92,NA,NA,770,137,808,114,338,632,116,14,324,375,94,3.8,32.8,5.2,11.3
1985,6,17,15,19.5,969.1,36.1,0,1.8,4.5,100,NA,NA,631,137,742,107,216,735,114,14,328,374,94,4.1,33,5.29,11.4
1985,6,17,16,19.4,969,35.7,0,1.9,3.7,58,NA,NA,459,110,670,88,98,749,122,14,327,369,94,3.8,32.7,5.2,11.2
1985,6,17,17,18.8,968.8,37.7,0,1.9,3.6,36,NA,NA,283,99,509,70,73,630,195,14,323,360,94,4.1,32.3,5.29,11.1
1985,6,17,18,17.2,969.1,43.6,0,1.7,3.2,45,NA,1,115,65,255,39,39,337,162,14,318,344,94,4.7,31.3,5.54,10.6
1985,6,17,19,15.1,969.4,49.3,0,2.3,4.6,13,NA,NA,12,12,0,6,6,5,5,14,309,333,94,4.6,29,5.47,9.7
1985,6,17,20,14.3,969.6,52.2,0,1.9,4.1,355,NA,NA,0,0,0,0,0,0,0,14,306,328,94,4.6,28.3,5.5,9.3
1985,6,17,21,12.7,969.7,62.5,0,0.8,2.9,84,NA,NA,0,0,0,0,0,0,0,14,303,322,94,5.7,27.8,5.94,9.1
1985,6,17,22,12.8,969.6,68.7,0,0.4,1.5,51,NA,NA,0,0,0,0,0,0,0,14,304,324,94,7.2,29.5,6.58,9.8
1985,6,17,23,12.3,969.5,70.3,0,0.4,1.5,28,NA,NA,0,0,0,0,0,0,0,14,344,344,94,7.1,28.8,6.52,9.5
1985,6,18,0,11,969.3,76,0,0.3,1.2,345,NA,NA,0,0,0,0,0,0,0,14,336,336,94,6.9,27.4,6.46,8.9
1985,6,18,1,10.1,969.3,82.2,0,0.2,1.2,202,NA,NA,0,0,0,0,0,0,0,14,332,332,94,7.2,26.7,6.59,8.6
1985,6,18,2,10.2,969,82.6,0,0.3,1.4,234,NA,NA,0,0,0,0,0,0,0,14,343,343,94,7.4,27,6.67,8.7
1985,6,18,3,10.1,969.2,79.6,0,0.7,2,288,NA,NA,1,0,0,0,0,0,0,14,341,341,94,6.7,26.2,6.38,8.3
1985,6,18,4,9.8,969.4,83.8,0,0.8,2.4,288,NA,NA,21,20,18,36,10,10,26,14,342,342,94,7.2,26.4,6.58,8.4
1985,6,18,5,10.9,969.3,80.4,0,0.6,1.6,241,NA,NA,70,70,0,43,32,31,36,14,356,356,94,7.7,28.1,6.8,9.2
1985,6,18,6,12.2,969.4,74.3,0,0.1,0.9,45,NA,8,169,137,85,225,69,64,100,14,366,366,94,7.8,29.5,6.85,9.8
1985,6,18,7,15,969,56.8,0,0.9,3.1,72,NA,NA,446,209,438,618,126,108,133,14,376,379,94,6.5,31,6.28,10.5
1985,6,18,8,16,968.8,49.3,0,1.6,3.7,62,NA,NA,611,190,619,673,230,117,125,14,314,356,94,5.4,30.8,5.81,10.4
1985,6,18,9,17.6,968.4,46,0,1.9,4.7,60,NA,NA,754,212,680,590,349,130,133,14,324,366,94,5.9,32.9,6,11.3
1985,6,18,10,18.1,968.2,42.3,0,2.3,4.9,55,NA,NA,829,273,634,424,427,144,143,14,326,372,94,5.1,32.6,5.69,11.2
1985,6,18,11,19.5,967.6,39.7,0,2,4.5,54,NA,NA,907,219,750,241,485,146,135,14,332,382,94,5.4,34.4,5.84,11.9
1985,6,18,12,19.6,967.2,38.4,0,1.5,5.1,28,NA,6,897,231,727,146,479,266,137,14,334,383,94,5.1,34.1,5.68,11.8
1985,6,18,13,21,966.9,37.6,0,2.2,4.6,75,NA,NA,812,274,618,143,415,439,143,14,348,392,94,6,36.5,6.07,12.7
1985,6,18,14,21.2,966.2,36.8,0,1.8,4.4,47,NA,NA,725,235,624,133,332,589,137,14,336,386,94,5.9,36.6,6.02,12.8
1985,6,18,15,21.3,965.9,36.5,0,2,4.7,89,NA,NA,557,227,496,123,211,606,132,14,340,384,94,5.8,36.7,6.01,12.8
1985,6,18,16,21,966,35.4,0,2.3,4.2,54,NA,NA,421,180,462,102,117,636,136,14,337,378,94,5.1,35.6,5.72,12.4
1985,6,18,17,19.8,965.9,40.8,0,2.1,3.6,48,NA,NA,197,149,132,70,73,286,120,14,342,370,94,6.1,35.5,6.12,12.3
1985,6,18,18,19,965.9,46.8,0,1.2,2.6,16,NA,6,94,78,80,38,38,161,88,14,340,358,94,7.4,36.1,6.69,12.5
1985,6,18,19,17,965.9,57.9,0,0.9,2.1,50,NA,NA,19,19,0,9,8,13,11,14,333,344,94,8.7,35.6,7.31,12.3
1985,6,18,20,14.6,966.3,71.2,0,0.5,1.6,38,NA,NA,0,0,0,0,0,0,0,14,307,324,94,9.4,34.2,7.71,11.7
1985,6,18,21,13.8,966,78,0,0.3,1.4,263,NA,NA,0,0,0,0,0,0,0,14,304,320,94,10,34.1,8.02,11.6
1985,6,18,22,12.6,965.4,81.7,0,0,0.1,0,NA,NA,0,0,0,0,0,0,0,14,298,316,94,9.6,32.3,7.77,10.9
1985,6,18,23,11.7,965.2,86.2,0,0.2,1,284,NA,NA,1,0,0,0,0,0,0,14,327,331,94,9.5,31.3,7.73,10.5
1985,6,19,0,12,965.1,86.5,0,0.1,1.1,231,NA,NA,0,0,0,0,0,0,0,14,330,334,94,9.8,32,7.91,10.8
1985,6,19,1,11.2,965.1,87.8,0,0.3,1.3,279,NA,NA,0,0,0,0,0,0,0,14,326,330,94,9.3,30.5,7.62,10.2
1985,6,19,2,11.5,964.7,86,0,0.5,1.2,251,NA,NA,1,0,0,0,0,0,0,14,351,351,94,9.2,30.8,7.61,10.2
1985,6,19,3,11.6,964.7,84.5,0,0,0.8,270,NA,NA,2,0,0,0,0,0,0,14,353,353,94,9.1,30.6,7.53,10.2
1985,6,19,4,11.5,964.3,86.4,0,0.1,1.4,330,NA,NA,15,15,0,7,7,7,7,14,354,354,94,9.3,30.9,7.65,10.3
1985,6,19,5,12.5,963.7,83.7,0,0.1,0.9,288,NA,NA,73,72,3,48,33,32,39,14,366,366,94,9.8,32.6,7.93,11
1985,6,19,6,13.7,963.5,77.1,0,0.4,1.3,35,NA,8,142,141,4,96,64,61,70,14,373,373,94,9.8,33.7,7.9,11.5
1985,6,19,7,14.7,963.2,67.8,0,0.2,1.3,73,NA,NA,157,156,2,90,73,70,74,14,376,376,94,8.8,33.5,7.41,11.4
1985,6,19,8,15.3,962.7,66.1,0,0.8,2.2,79,NA,NA,222,220,3,125,105,97,100,14,377,377,94,9,34.4,7.51,11.8
1985,6,19,9,15.6,962.7,62.9,0,0.4,2,135,NA,NA,227,225,2,118,110,100,103,14,381,382,94,8.6,34.1,7.28,11.7
1985,6,19,10,15.8,962.2,62.7,0,0.6,1.9,114,NA,NA,165,164,1,81,81,76,77,14,380,381,94,8.7,34.5,7.36,11.8
1985,6,19,11,14.8,961.7,73.7,1,0.4,1.4,85,NA,NA,96,96,0,47,47,46,47,14,319,348,96,10.2,35.4,8.13,12.2
1985,6,19,12,13.4,962,89.3,3.2,0.9,2.7,266,NA,8,67,67,0,33,33,32,33,14,312,341,96,11.7,36.2,9,12.4
1985,6,19,13,12.9,962,93.3,3.9,1.4,3.7,231,NA,NA,65,65,0,32,32,31,32,14,314,340,96,11.8,35.9,9.1,12.3
1985,6,19,14,13,961.6,94.5,4.5,1,2.9,211,NA,NA,54,54,0,27,26,25,27,14,355,360,96,12.1,36.5,9.29,12.5
1985,6,19,15,13.5,960.9,94,1.9,0.6,2.6,248,NA,NA,59,59,0,30,29,27,29,14,357,362,96,12.6,37.7,9.56,13
1985,6,19,16,13.7,961,93.9,3.3,3,9.2,212,NA,NA,42,42,0,21,20,17,20,14,355,361,96,12.7,38.2,9.67,13.1
1985,6,19,17,13.5,961.7,93.2,2.8,4.8,9.4,214,NA,NA,25,25,0,13,12,8,12,14,354,359,96,12.4,37.5,9.46,12.8
1985,6,19,18,13.1,962,93.2,1.9,3.9,9.9,209,NA,8,12,12,0,6,6,3,5,14,352,357,96,12,36.4,9.21,12.5
1985,6,19,19,12.6,962.5,91.9,1.1,4.5,11,209,NA,NA,3,3,0,2,2,0,1,14,348,354,96,11.3,34.8,8.78,11.9
1985,6,19,20,12,963.2,89.5,0.7,5,11.1,209,NA,NA,1,0,0,0,0,0,0,14,362,362,96,10.3,32.8,8.21,11
1985,6,19,21,11.5,963.9,91.5,5.8,3.9,9,232,NA,NA,0,0,0,0,0,0,0,14,358,358,96,10.2,32,8.11,10.8
1985,6,19,22,11.3,964.2,92.2,0,2.6,6.4,201,NA,NA,2,0,0,0,0,0,0,14,358,358,96,10.1,31.7,8.06,10.6
1985,6,19,23,11.6,964.4,88.5,0,2.9,7.6,214,NA,NA,1,0,0,0,0,0,0,14,353,353,96,9.8,31.6,7.89,10.6
1985,6,20,0,11.5,964.6,86.7,0,2.3,6.2,206,NA,NA,1,0,0,0,0,0,0,14,351,351,96,9.4,30.9,7.68,10.3
1985,6,20,1,11.6,964.9,86.3,0,2.5,5.5,211,NA,NA,2,0,0,0,0,0,0,14,352,352,96,9.4,31,7.69,10.4
1985,6,20,2,11.6,965.1,82.8,0,3.5,6.2,232,NA,NA,0,0,0,0,0,0,0,14,358,358,96,8.8,30.2,7.37,10.1
1985,6,20,3,11.4,965.3,82.1,0,2.4,4.3,227,NA,NA,0,0,0,0,0,0,0,14,358,358,96,8.5,29.6,7.21,9.8
1985,6,20,4,11.5,965.4,78.1,0,2.7,6.3,212,NA,NA,5,5,0,1,2,2,2,14,358,358,96,7.8,29,6.9,9.5
1985,6,20,5,11.6,966,76.8,0,2.8,5.5,207,NA,NA,38,38,0,16,18,18,17,14,358,358,96,7.7,28.9,6.83,9.5
1985,6,20,6,12.1,966.3,69.8,0,1.5,5.5,238,NA,8,82,82,0,41,39,38,39,14,363,363,96,6.8,28.3,6.41,9.3
1985,6,20,7,13,966.4,62.2,0,2.7,6.9,218,NA,NA,322,244,146,371,123,105,128,14,372,373,96,5.9,28.3,6.05,9.3
1985,6,20,8,15,966.8,48.6,0,2.5,6.4,230,NA,NA,731,338,578,743,277,154,167,14,357,380,96,4.3,28.7,5.37,9.5
1985,6,20,9,14.4,967.2,50,0,3.5,6.4,254,NA,NA,407,358,61,249,198,148,153,14,358,372,96,4.1,27.9,5.32,9.2
1985,6,20,10,14,967.1,52.6,0,1.9,4.6,253,NA,NA,411,375,41,211,210,157,159,14,350,370,96,4.5,27.8,5.45,9.2
1985,6,20,11,13.9,967.2,52.8,0,1.1,2.7,240,NA,NA,101,101,0,49,49,48,49,14,361,367,96,4.4,27.7,5.44,9.1
1985,6,20,12,13.9,967.3,56.1,0,1.7,4.8,275,NA,7,84,84,0,41,41,40,41,14,361,365,96,5.3,28.6,5.78,9.5
1985,6,20,13,15.3,967.4,52.6,0,1.8,4.5,208,NA,NA,345,325,23,143,176,176,143,14,368,381,96,5.7,30.4,5.93,10.2
1985,6,20,14,15.2,967.5,50.9,0,1.2,2.7,249,NA,NA,205,204,2,94,99,104,94,14,360,374,96,5.1,29.7,5.7,9.9
1985,6,20,15,15.5,967.7,49.2,0,1.5,5.2,306,NA,NA,192,191,1,87,91,103,88,14,358,370,96,4.9,29.8,5.62,10
1985,6,20,16,15.1,967.8,55.3,0,0.7,2.7,86,NA,NA,106,106,0,50,50,52,51,14,358,368,96,6.2,30.7,6.16,10.4
1985,6,20,17,15.5,967.8,53.4,0,1.2,4.8,67,NA,NA,198,146,143,69,72,291,121,14,353,366,94,6.1,31,6.1,10.5
1985,6,20,18,14.5,968.2,57,0,1.3,3.5,123,NA,5,131,72,300,43,43,387,184,14,342,352,94,6.1,30,6.1,10.1
1985,6,20,19,12.5,968.5,70.1,0,0.7,1.9,22,NA,NA,16,16,0,7,7,8,8,14,336,338,94,7.2,29.2,6.59,9.7
1985,6,20,20,10.9,969.3,81.8,0,0.2,1.4,68,NA,NA,0,0,0,0,0,0,0,14,297,315,94,7.9,28.4,6.92,9.3
1985,6,20,21,10,969.2,87.3,0,0.4,1.4,96,NA,NA,0,0,0,0,0,0,0,14,296,313,94,8,27.6,6.95,8.9
1985,6,20,22,9.8,969.4,88.5,0,0.5,1.8,324,NA,NA,0,0,0,0,0,0,0,14,292,312,94,8,27.4,6.95,8.8
1985,6,20,23,8.9,969.1,89.7,0,0.8,1.9,31,NA,NA,0,0,0,0,0,0,0,14,286,304,94,7.3,25.6,6.63,8.1
1985,6,21,0,8.2,968.9,91,0,0.2,1.3,220,NA,NA,0,0,0,0,0,0,0,14,284,300,94,6.8,24.4,6.42,7.5
1985,6,21,1,7.3,968.3,92,0,0,0.1,0,NA,NA,0,0,0,0,0,0,0,14,279,297,94,6.1,22.7,6.1,6.7
1985,6,21,2,7,968,92,0,0.4,1.6,216,NA,NA,0,0,0,0,0,0,0,14,269,291,94,5.8,22,5.98,6.4
1985,6,21,3,6.7,967.6,92.4,0,0.4,1.6,223,NA,NA,1,0,0,0,0,0,0,14,266,289,94,5.6,21.5,5.88,6.2
1985,6,21,4,6.8,967.6,92.2,0,0,0.8,270,NA,NA,32,25,116,140,14,14,91,14,272,297,94,5.6,21.7,5.91,6.2
1985,6,21,5,8.3,967.4,93.9,0,0.1,1.1,18,NA,NA,140,62,367,446,44,43,199,14,286,312,94,7.4,25.1,6.68,7.8
1985,6,21,6,10.9,967.3,78.3,0,0.7,1.8,57,NA,1,301,104,522,648,77,73,191,14,291,323,94,7.3,27.7,6.63,9
1985,6,21,7,13,967.3,61,0,0.9,3.5,91,NA,NA,482,107,697,760,99,89,110,14,296,338,94,5.7,28,5.93,9.2
1985,6,21,8,14.3,966.8,56.7,0,0.8,3.1,54,NA,NA,647,133,756,727,228,107,112,14,315,353,94,5.8,29.5,6,9.8
1985,6,21,9,16.2,966.3,52,0,1.1,3.6,71,NA,NA,792,156,800,621,355,120,122,14,317,359,94,6.3,32,6.22,10.9
1985,6,21,10,17.2,965.8,45.8,0,1.3,3.7,82,NA,NA,926,155,879,461,461,126,125,14,323,368,94,5.4,32.1,5.84,10.9
1985,6,21,11,18.2,965,41.7,0,1,3.7,65,NA,NA,920,240,741,250,491,152,141,14,323,374,94,5,32.7,5.67,11.2
1985,6,21,12,20,963.9,41.5,0,0.9,3.9,97,NA,5,865,338,576,175,466,279,164,14,333,384,94,6.5,36.2,6.32,12.5
1985,6,21,13,19.4,963.2,42.2,0,1.5,3.7,101,NA,NA,533,401,152,169,278,285,169,14,328,372,94,6.2,35.2,6.2,12.2
1985,6,21,14,18.3,963.1,47.5,0,1.2,2.6,76,NA,NA,222,221,2,101,107,114,101,14,330,363,94,7,34.9,6.52,12.1
1985,6,21,15,17.5,962.5,52.7,0,1.5,3.6,87,NA,NA,163,163,0,76,78,84,76,14,324,356,94,7.7,35,6.88,12.1
1985,6,21,16,17.7,962.1,53.9,0,1.4,5.2,21,NA,NA,185,180,9,81,84,114,85,14,333,362,94,8.3,35.9,7.13,12.4
1985,6,21,17,17.2,962.2,60.6,0,1.8,4,45,NA,NA,81,81,0,39,38,40,39,14,327,354,94,9.5,37,7.78,12.8
1985,6,21,18,15.6,963.3,72,0.5,1,2.8,95,NA,8,14,14,0,7,7,4,6,14,321,344,94,10.6,36.8,8.35,12.7
1985,6,21,19,13.8,963.9,87.6,1.2,1.2,2.7,45,NA,NA,0,0,0,0,0,0,0,14,318,338,94,11.8,36.7,9.04,12.6
1985,6,21,20,13.1,964.1,91.5,3.1,0.6,2.1,112,NA,NA,1,0,0,0,0,0,0,14,322,339,94,11.7,36,9.02,12.3
1985,6,21,21,13.1,964.1,92.3,2.1,0.2,2.4,321,NA,NA,1,0,0,0,0,0,0,14,324,340,94,11.9,36.2,9.1,12.4
1985,6,21,22,13.4,964.5,93.4,6.3,0.7,3.6,268,NA,NA,2,0,0,0,0,0,0,14,326,342,94,12.4,37.2,9.39,12.8
1985,6,21,23,13.3,964.2,94.4,4.6,1.6,5.4,189,NA,NA,2,0,0,0,0,0,0,14,345,351,94,12.4,37.2,9.44,12.8
1985,6,22,0,13.3,963.7,94.1,1.2,1.3,4.6,232,NA,NA,3,0,0,0,0,0,0,14,346,351,94,12.4,37.1,9.41,12.8
1985,6,22,1,13.4,963.8,93.8,3.1,0.7,3.8,252,NA,NA,2,0,0,0,0,0,0,14,349,353,94,12.4,37.3,9.44,12.8
1985,6,22,2,13.4,963.5,93.8,2.8,1.7,4.4,222,NA,NA,3,0,0,0,0,0,0,14,346,351,94,12.4,37.3,9.45,12.8
1985,6,22,3,13.2,962.8,94,0.5,1,2.4,10,NA,NA,0,0,0,0,0,0,0,14,346,351,94,12.3,36.9,9.35,12.7
1985,6,22,4,13.2,963.3,93.6,0.6,0.7,2.8,201,NA,NA,4,4,0,1,2,2,1,14,346,351,94,12.2,36.8,9.3,12.6
1985,6,22,5,12.8,963.4,93.8,2.6,1.9,5.2,248,NA,NA,12,12,0,3,6,6,5,14,359,360,96,11.8,35.8,9.08,12.2
1985,6,22,6,12.6,963.5,94,0.9,1.1,3.5,228,NA,7,30,30,0,11,15,15,14,14,359,361,96,11.7,35.3,8.98,12.1
1985,6,22,7,13.5,963.3,92.1,0,0.6,2.1,144,NA,NA,214,205,18,158,96,89,98,14,365,369,96,12.2,37.1,9.34,12.7
1985,6,22,8,14.5,962.9,80.5,0,1.3,2.9,94,NA,NA,302,295,11,184,140,123,129,14,353,367,96,11.2,36.6,8.7,12.6
1985,6,22,9,15.4,963,72.1,0,1.1,3.3,133,NA,NA,347,336,13,191,166,141,145,14,356,376,96,10.4,36.4,8.25,12.5
1985,6,22,10,15.3,963.1,67.2,0,1.5,5.3,185,NA,NA,253,251,2,125,124,111,113,14,352,371,96,9.3,34.7,7.63,11.9
1985,6,22,11,15.7,962.9,64.2,0,3.2,8.8,210,NA,NA,373,359,15,168,186,156,155,14,345,371,96,9,34.7,7.48,11.9
1985,6,22,12,13.8,963.7,66.7,2.5,4.6,9,243,NA,8,185,181,4,86,91,86,85,14,324,349,96,7.7,31.2,6.86,10.5
1985,6,22,13,14.4,962.8,77.1,0.4,2.2,5.9,208,NA,NA,717,364,406,167,370,384,167,14,355,372,96,10.4,35.4,8.28,12.1
1985,6,22,14,16.8,962.6,60.9,0,2.7,7.1,206,NA,NA,589,359,292,155,282,438,159,14,369,392,96,9.2,36.2,7.62,12.5
1985,6,22,15,13,963.5,90.6,6.7,3.5,14.5,207,NA,NA,191,186,6,86,90,104,87,14,364,365,96,11.5,35.5,8.88,12.1
1985,6,22,16,14.4,963.8,77,0,2.7,6.3,205,NA,NA,298,234,123,103,114,312,121,14,365,369,96,10.4,35.3,8.26,12.1
1985,6,22,17,14.6,964.1,69.7,0,3.3,7.6,204,NA,NA,195,160,96,72,76,266,118,14,332,353,96,9.1,33.8,7.56,11.5
1985,6,22,18,14.6,964.2,66.7,0,4,7.7,227,NA,3,98,72,131,38,38,217,111,14,330,351,96,8.5,33,7.23,11.2
1985,6,22,19,12.8,965,83.4,0.9,2.4,6.8,235,NA,NA,8,8,0,4,4,2,3,14,322,341,96,10.1,33.2,8.04,11.3
1985,6,22,20,11,965.6,86.9,0.5,3.6,9.4,205,NA,NA,0,0,0,0,0,0,0,14,311,331,96,8.9,29.8,7.43,9.9
1985,6,22,21,10.1,965.7,88.1,0,1.4,5.6,158,NA,NA,0,0,0,0,0,0,0,14,312,329,96,8.2,28,7.09,9.1
1985,6,22,22,9.7,966.2,89.2,0,1.2,4.6,201,NA,NA,0,0,0,0,0,0,0,14,310,326,96,8,27.3,6.99,8.8
1985,6,22,23,9.6,966.2,90.9,0,0.8,2.7,198,NA,NA,0,0,0,0,0,0,0,14,316,329,96,8.2,27.5,7.07,8.9
1985,6,23,0,9,966.1,92.5,0,0.3,1.7,299,NA,NA,1,0,0,0,0,0,0,14,313,327,96,7.9,26.4,6.91,8.4
1985,6,23,1,9.3,965.9,92.7,0,0.4,2,18,NA,NA,0,0,0,0,0,0,0,14,318,331,96,8.2,27.1,7.07,8.7
1985,6,23,2,9.9,965.8,92.4,0,0.7,3.7,215,NA,NA,0,0,0,0,0,0,0,14,343,344,96,8.7,28.4,7.34,9.3
1985,6,23,3,9.6,966,92.5,0.5,1.3,3.5,236,NA,NA,0,0,0,0,0,0,0,14,341,343,96,8.4,27.8,7.2,9
1985,6,23,4,9.9,966.3,92.5,0,1.1,3.2,233,NA,NA,15,15,0,7,7,7,7,14,342,344,96,8.7,28.4,7.34,9.3
1985,6,23,5,10.3,966.2,90.2,0,0.5,2,254,NA,NA,138,62,359,439,43,43,197,14,314,334,96,8.8,28.9,7.36,9.5
1985,6,23,6,11.8,966.1,79.4,0,2.1,6.3,230,NA,3,312,84,605,700,71,68,197,14,323,347,96,8.4,29.9,7.15,10
1985,6,23,7,13.4,965.9,68.9,0,4.3,7.1,223,NA,NA,516,107,761,817,101,92,114,14,330,357,96,7.8,30.9,6.89,10.4
1985,6,23,8,14.9,965.2,58.9,0,3,6.6,219,NA,NA,717,93,919,810,238,104,106,14,325,363,96,6.9,31.4,6.49,10.6
1985,6,23,9,16.2,964.6,52,0,2.4,6.5,214,NA,NA,880,227,822,689,398,143,146,14,332,374,96,6.3,32.1,6.23,10.9
1985,6,23,10,17.1,964.8,44.1,0,3.2,8,211,NA,NA,816,329,555,424,422,161,161,14,332,377,96,4.8,31.4,5.59,10.6
1985,6,23,11,17.6,964.7,43,0,3.3,8.1,204,NA,NA,779,290,534,239,425,160,149,14,346,387,96,4.9,32,5.63,10.9
1985,6,23,12,17.7,964,44.2,0,4.6,8.9,241,NA,3,608,447,177,194,328,240,183,14,344,378,96,5.4,32.6,5.83,11.1
1985,6,23,13,18.1,964,43.6,0,3.9,7,245,NA,NA,562,416,167,174,292,299,174,14,342,377,96,5.5,33.1,5.9,11.4
1985,6,23,14,17.3,964.2,45.1,0,5.1,8.1,229,NA,NA,254,250,5,112,122,132,113,14,349,371,96,5.3,32.1,5.8,10.9
1985,6,23,15,16.7,964.3,49.8,0,4.4,8.1,220,NA,NA,193,192,1,88,91,103,89,14,345,366,96,6.2,32.4,6.16,11.1
1985,6,23,16,15.8,964.4,57.8,0,4.6,6.5,233,NA,NA,134,134,0,63,63,71,64,14,343,361,96,7.5,33,6.76,11.3
1985,6,23,17,14.7,964.6,67.8,0.1,3.8,6.5,237,NA,NA,49,49,0,24,24,20,23,14,316,342,96,8.8,33.5,7.4,11.4
1985,6,23,18,14.1,964.7,71.5,0,2.5,4.3,234,NA,8,21,21,0,10,10,7,9,14,312,338,96,9,33.1,7.5,11.3
1985,6,23,19,13.1,965.2,79.1,0.1,1.4,4,219,NA,NA,3,3,0,2,2,0,1,14,312,337,96,9.6,32.8,7.78,11.1
1985,6,23,20,13,965.5,85.6,0.1,1.6,3.5,217,NA,NA,0,0,0,0,0,0,0,14,343,351,96,10.6,34.2,8.37,11.6
1985,6,23,21,12.7,965.3,85.4,0,2.3,4.7,232,NA,NA,2,0,0,0,0,0,0,14,341,349,96,10.3,33.4,8.18,11.3
1985,6,23,22,12.6,965.3,84.1,0,2.9,5.5,226,NA,NA,0,0,0,0,0,0,0,14,340,348,96,10,32.9,8,11.1
1985,6,23,23,12.6,965.1,83.3,0.1,3.5,6.4,221,NA,NA,0,0,0,0,0,0,0,14,339,348,96,9.8,32.7,7.93,11
1985,6,24,0,12.1,965.3,89.5,0.1,3.2,5,235,NA,NA,0,0,0,0,0,0,0,14,339,348,96,10.4,33,8.25,11.1
1985,6,24,1,11.9,965.2,91.6,0.6,2.1,3.7,247,NA,NA,0,0,0,0,0,0,0,14,337,346,96,10.6,33,8.33,11.2
1985,6,24,2,11.5,965,93.4,0.7,3.1,6.4,222,NA,NA,0,0,0,0,0,0,0,14,352,353,96,10.5,32.4,8.27,10.9
1985,6,24,3,11.6,965.5,92.2,0,3.5,7.1,217,NA,NA,1,0,0,0,0,0,0,14,353,354,96,10.4,32.4,8.22,10.9
1985,6,24,4,11.8,965.9,89,0.1,1.8,4.2,242,NA,NA,11,11,0,4,5,5,4,14,354,354,96,10,32.1,8.03,10.8
1985,6,24,5,12.5,966.2,87,0,2,5.1,216,NA,NA,60,60,0,34,28,27,30,14,358,359,96,10.4,33.3,8.22,11.3
1985,6,24,6,13.6,966.6,81.7,0,2.1,5.9,236,NA,7,214,151,167,322,76,71,126,14,365,368,96,10.5,34.6,8.29,11.8
1985,6,24,7,12.8,967.3,86.3,1.5,3.7,7.4,234,NA,NA,98,98,0,48,47,46,47,14,358,360,96,10.6,33.8,8.31,11.5
1985,6,24,8,13.8,967.5,78.4,0.1,2.4,5.9,200,NA,NA,305,281,36,210,142,119,126,14,365,368,96,10.1,34.2,8.05,11.7
1985,6,24,9,14.4,968.1,65.5,0,3,7.9,197,NA,NA,242,240,2,127,117,106,109,14,365,372,96,8,32.1,6.98,10.9
1985,6,24,10,14.8,968.5,62.5,0,4.6,11.4,206,NA,NA,224,223,1,111,110,100,102,14,367,374,96,7.7,32.1,6.83,10.9
1985,6,24,11,16.6,968.7,58.1,0,5.8,10.8,205,NA,NA,723,405,347,251,394,186,173,14,371,393,96,8.3,34.7,7.12,12
1985,6,24,12,17.2,968.8,54,0,5.1,11.4,213,NA,6,676,397,304,181,370,247,169,14,375,394,96,7.8,34.7,6.87,12
1985,6,24,13,18.3,968.9,50.1,0,4.9,11.9,217,NA,NA,804,358,512,164,414,431,165,14,373,401,96,7.7,35.7,6.84,12.4
1985,6,24,14,17,969.5,55.1,0,5,9.4,220,NA,NA,268,221,59,105,137,174,106,14,372,381,96,7.9,34.6,6.92,11.9
1985,6,24,15,17.3,969.2,62.6,0.2,3.2,7.5,235,NA,NA,402,295,160,130,174,345,137,14,377,388,96,10.1,37.7,8.03,13.1
1985,6,24,16,15.8,969.8,64.5,0,4.2,7.7,235,NA,NA,100,100,0,48,48,48,48,14,372,374,96,9.1,34.9,7.51,12
1985,6,24,17,15.7,969.7,68.2,0,3.4,7.4,223,NA,NA,162,130,87,63,65,218,99,14,345,366,96,9.9,35.8,7.9,12.4
1985,6,24,18,15.5,970,67.1,0,3.4,7.4,217,NA,5,113,77,178,43,43,281,140,14,335,355,96,9.4,35,7.67,12.1
1985,6,24,19,14.7,970.8,68.9,0,2,4.8,211,NA,NA,16,16,0,7,7,8,8,14,334,349,96,9.1,33.7,7.47,11.6
1985,6,24,20,14.7,971.2,69.1,0,2,5.3,214,NA,NA,1,0,0,0,0,0,0,14,357,360,96,9.1,33.7,7.49,11.6
1985,6,24,21,14.3,971.8,69.1,0,2.1,5.4,224,NA,NA,0,0,0,0,0,0,0,14,354,355,96,8.7,32.8,7.29,11.2
1985,6,24,22,13.2,972.2,73.9,0,1,3.5,229,NA,NA,0,0,0,0,0,0,0,14,352,352,96,8.7,31.6,7.25,10.7
1985,6,24,23,12.5,972.2,82.6,0.3,1.5,4.5,272,NA,NA,0,0,0,0,0,0,0,14,363,363,96,9.6,32.1,7.75,10.9
1985,6,25,0,11.9,972.1,89.7,0,0.5,3,241,NA,NA,0,0,0,0,0,0,0,14,355,355,96,10.3,32.4,8.1,11
1985,6,25,1,10.7,972.2,92.6,0,0.5,2.1,16,NA,NA,0,0,0,0,0,0,0,14,352,352,96,9.6,30.2,7.71,10.1
1985,6,25,2,9.9,972,93.5,0,0.5,2.4,248,NA,NA,0,0,0,0,0,0,0,14,305,321,96,8.9,28.5,7.38,9.4
1985,6,25,3,9.4,972.4,93.2,0,0.1,2.1,117,NA,NA,0,0,0,0,0,0,0,14,298,316,96,8.4,27.3,7.11,8.9
1985,6,25,4,9,972.6,93.7,0,0.3,1.8,315,NA,NA,21,19,32,55,10,10,38,14,297,318,96,8,26.5,6.95,8.5
1985,6,25,5,10.9,972.9,93.4,0,0.1,1,11,NA,NA,132,61,341,420,42,42,189,14,317,337,96,9.9,30.8,7.88,10.3
1985,6,25,6,13.6,973.2,74.4,0,0.3,1.7,117,NA,2,299,102,526,650,76,72,192,14,321,352,96,9.1,32.6,7.49,11.1
1985,6,25,7,15.6,973.1,57.6,0,0.5,2.8,60,NA,NA,473,112,674,747,100,90,112,14,327,364,96,7.3,32.4,6.59,11.1
1985,6,25,8,16.6,973,51.8,0,1.1,4.3,66,NA,NA,646,159,719,727,232,112,118,14,329,371,96,6.7,32.7,6.32,11.2
1985,6,25,9,17.5,973,47.2,0,1.5,3.8,73,NA,NA,821,132,868,648,363,116,118,14,332,376,96,6.1,33,6.09,11.4
1985,6,25,10,18.7,973,42.1,0,1.4,3.8,104,NA,NA,937,228,810,480,476,144,143,14,335,385,96,5.6,33.7,5.86,11.6
1985,6,25,11,19.2,973,40.8,0,1.8,4.6,79,NA,NA,769,296,517,240,421,160,149,14,328,377,94,5.6,34.2,5.85,11.8
1985,6,25,12,19.3,972.7,40.8,0,1.3,4.1,86,NA,6,695,469,247,205,372,262,193,14,336,384,94,5.7,34.4,5.89,11.9
1985,6,25,13,20,972.4,39.9,0,0.8,3.6,306,NA,NA,621,440,208,182,321,328,182,14,337,380,94,6,35.4,6.02,12.3
1985,6,25,14,20.7,972.3,40.6,0,1.9,4.7,299,NA,NA,648,288,458,143,307,508,146,14,347,388,94,6.8,37.1,6.4,12.9
1985,6,25,15,21.1,972.2,39.4,0,1.8,4.3,305,NA,NA,699,163,802,116,241,804,124,14,348,390,94,6.8,37.4,6.37,13.1
1985,6,25,16,20.9,972.2,39.9,0,1.1,4.2,311,NA,NA,493,125,701,95,106,790,127,14,350,386,94,6.8,37.2,6.37,13
1985,6,25,17,20.2,972.2,42.3,0,2.4,5.8,312,NA,NA,277,115,442,71,75,583,184,14,333,367,94,7,36.7,6.47,12.8
1985,6,25,18,18.8,972.3,50,0,1.2,2.4,13,NA,6,100,72,139,38,38,225,114,14,333,357,94,8.2,36.7,7.02,12.8
1985,6,25,19,16.3,972.3,65.2,0,1.1,2.4,75,NA,NA,17,17,0,8,8,9,9,14,325,339,94,9.8,36.2,7.82,12.6
1985,6,25,20,15.1,972.7,72.1,0,0.2,1.4,56,NA,NA,2,0,0,0,0,0,0,14,319,330,94,10.1,35.4,8.01,12.2
1985,6,25,21,13.2,972.9,81.4,0,0.2,1.7,270,NA,NA,0,0,0,0,0,0,0,14,306,322,94,10.1,33.5,7.99,11.4
1985,6,25,22,11.9,972.8,87.2,0,0.3,2.1,249,NA,NA,0,0,0,0,0,0,0,14,306,320,94,9.8,31.8,7.86,10.7
1985,6,25,23,11.2,973,89.1,0,0.2,1.2,256,NA,NA,0,0,0,0,0,0,0,14,292,311,94,9.5,30.6,7.67,10.3
1985,6,26,0,10.7,972.9,89.6,0,0.3,1.3,234,NA,NA,0,0,0,0,0,0,0,14,288,308,94,9.1,29.5,7.46,9.8
1985,6,26,1,10.2,972.8,89.7,0,0.3,1.8,237,NA,NA,0,0,0,0,0,0,0,14,288,309,94,8.6,28.4,7.22,9.3
1985,6,26,2,9.9,972.7,89.5,0,0.2,1.1,321,NA,NA,1,0,0,0,0,0,0,14,292,310,94,8.3,27.7,7.06,9
1985,6,26,3,9.1,972.8,91.5,0,0.2,1.3,207,NA,NA,0,0,0,0,0,0,0,14,288,306,94,7.8,26.3,6.83,8.4
1985,6,26,4,9.2,972.8,91.6,0,0.3,1.1,227,NA,NA,26,21,98,118,12,12,77,14,294,313,94,7.9,26.6,6.89,8.5
1985,6,26,5,11.1,972.6,88.5,0,0.3,1.5,300,NA,NA,131,64,320,401,41,40,181,14,298,324,94,9.3,30.2,7.57,10.1
1985,6,26,6,13.4,972.3,74,0,0.9,2.4,262,NA,1,288,138,401,572,84,78,182,14,306,338,94,8.9,32.1,7.36,10.9
1985,6,26,7,15,972.2,66.4,0,0.5,1.7,295,NA,NA,235,200,66,221,99,89,102,14,313,347,94,8.8,33.6,7.33,11.5
1985,6,26,8,16.6,971.8,62.4,0,0.7,2.9,248,NA,NA,413,316,142,350,182,133,143,14,383,390,94,9.4,36,7.63,12.5
1985,6,26,9,17.9,971.9,58.6,0,2.4,4.3,241,NA,NA,446,363,104,299,222,150,155,14,383,393,94,9.7,37.7,7.78,13.2
1985,6,26,10,18.8,971.7,59.6,0,1.6,3.7,240,NA,NA,348,339,10,172,171,144,147,14,391,398,94,10.8,40.2,8.39,14.1
1985,6,26,11,19.7,971,56.1,0,1.9,4.5,227,NA,NA,324,318,6,150,161,140,140,14,353,382,94,10.7,41,8.35,14.4
1985,6,26,12,20.1,970.8,56.4,0,2.5,5.3,241,NA,8,239,237,2,110,118,111,108,14,353,378,94,11.2,42.1,8.62,14.8
1985,6,26,13,19,971.1,60.4,0,2.9,6.4,231,NA,NA,71,71,0,35,35,34,35,14,347,366,94,11.2,41,8.61,14.4
1985,6,26,14,18.6,970.5,62.8,0,0.6,2.8,275,NA,NA,61,61,0,30,30,29,30,14,342,362,94,11.4,40.9,8.74,14.3
1985,6,26,15,17.5,971,61.4,0,1.1,4.1,40,NA,NA,75,75,0,37,36,35,37,14,326,353,94,10,37.8,7.96,13.2
1985,6,26,16,15.2,971.4,80.4,1.1,1.4,5,103,NA,NA,21,21,0,11,10,8,10,14,320,343,94,11.9,38.1,9.02,13.3
1985,6,26,17,14.1,972,90.8,2.2,1.3,3.6,118,NA,NA,14,14,0,7,7,4,6,14,337,353,96,12.6,38.1,9.49,13.2
1985,6,26,18,14.3,972,91.5,0.7,0.7,3.2,202,NA,8,14,14,0,7,7,4,6,14,338,354,96,12.9,38.9,9.69,13.5
1985,6,26,19,14.4,972.3,92.4,0.2,0.7,2.9,45,NA,NA,6,6,0,3,3,1,2,14,339,354,96,13.2,39.4,9.85,13.7
1985,6,26,20,14.3,972.7,92.6,0,1,3.7,307,NA,NA,0,0,0,0,0,0,0,14,368,368,96,13.1,39.1,9.8,13.6
1985,6,26,21,14.5,973.2,82,0,1.4,4.6,272,NA,NA,1,0,0,0,0,0,0,14,366,366,96,11.5,36.7,8.77,12.7
1985,6,26,22,13.9,973.2,84.2,0,0.8,3.6,217,NA,NA,3,0,0,0,0,0,0,14,364,364,96,11.3,35.9,8.66,12.4
1985,6,26,23,14.3,973,81.6,0,0.9,4.3,254,NA,NA,2,0,0,0,0,0,0,14,368,368,96,11.2,36.1,8.62,12.5
1985,6,27,0,13.7,972.9,75,0,1.6,5,271,NA,NA,0,0,0,0,0,0,0,14,356,356,96,9.4,33,7.61,11.3
1985,6,27,1,12,972.6,87.6,0,0.5,3,218,NA,NA,0,0,0,0,0,0,0,14,352,352,96,10,32.1,7.95,10.9
1985,6,27,2,11.3,972.4,90.5,0,0.3,1.9,258,NA,NA,0,0,0,0,0,0,0,14,319,327,96,9.8,31.1,7.85,10.5
1985,6,27,3,10.4,972.5,92.9,0,0.6,2.2,226,NA,NA,1,0,0,0,0,0,0,14,312,326,96,9.3,29.6,7.58,9.8
1985,6,27,4,10.4,972.8,93.1,0,0.3,2.2,117,NA,NA,30,23,127,150,14,14,97,14,316,332,96,9.3,29.6,7.6,9.8
1985,6,27,5,12.8,973,89.1,0,0.4,2.6,66,NA,NA,148,56,443,507,42,42,223,14,332,347,96,11.1,34.4,8.53,11.8
1985,6,27,6,14.4,973.4,59.8,0,0.6,1.8,28,NA,3,311,80,618,708,69,66,198,14,322,348,94,6.7,30.5,6.33,10.3
1985,6,27,7,15.9,973.2,51.9,0,0.7,2.1,24,NA,NA,486,122,683,766,105,94,117,14,328,359,94,6,31.3,6.05,10.6
1985,6,27,8,17,972.9,45.3,0,1.1,4.3,345,NA,NA,717,128,872,816,246,111,116,14,342,374,94,5.1,31.4,5.66,10.7
1985,6,27,9,17.7,972.7,40.8,0,1.5,4.9,285,NA,NA,850,198,822,673,385,134,137,14,335,374,94,4.2,31.3,5.33,10.7
1985,6,27,10,18.1,972.6,39,0,2.4,6.7,278,NA,NA,751,323,489,397,393,155,155,14,342,377,94,3.9,31.4,5.22,10.7
1985,6,27,11,18.2,972.7,37.8,0,2.2,6.9,253,NA,NA,903,273,687,257,485,157,145,14,342,386,94,3.6,31.2,5.09,10.6
1985,6,27,12,19.3,972.6,36.5,0,2.9,7.1,284,NA,3,862,346,565,177,467,275,164,14,352,386,94,4.1,32.8,5.27,11.3
1985,6,27,13,19.4,972.3,38.7,0,3.5,7.5,309,NA,NA,654,415,274,170,344,353,170,14,353,383,94,5,33.8,5.62,11.7
1985,6,27,14,19.6,971.9,37.8,0,2.5,6.7,300,NA,NA,793,236,707,138,362,637,142,14,338,379,94,4.8,33.8,5.56,11.7
1985,6,27,15,19,971.9,39.2,0,2.9,7.3,292,NA,NA,486,309,264,136,204,469,146,14,339,371,94,4.8,33.2,5.56,11.4
1985,6,27,16,19.5,971.5,36.3,0,3.4,7.3,289,NA,NA,508,125,729,96,107,815,127,14,338,373,94,4.2,33.1,5.31,11.4
1985,6,27,17,18.4,971.8,39.2,0,3.5,6.8,290,NA,NA,309,75,640,64,67,721,205,14,330,362,94,4.3,32.1,5.35,11
1985,6,27,18,17.2,971.9,41.1,0,2.5,6.9,289,NA,2,130,60,353,41,41,427,196,14,325,348,94,3.9,30.5,5.2,10.3
1985,6,27,19,15.2,972,48.4,0,1.5,4.5,315,NA,NA,15,15,0,7,7,7,7,14,317,334,94,4.4,28.9,5.39,9.7
1985,6,27,20,13.1,972.2,66.5,0,0.5,1.9,121,NA,NA,0,0,0,0,0,0,0,14,315,324,94,7,29.5,6.48,9.9
1985,6,27,21,11.6,972.1,75.8,0,0.9,2,110,NA,NA,0,0,0,0,0,0,0,14,306,319,94,7.5,28.5,6.69,9.4
1985,6,27,22,10.8,972.2,81.6,0,0.5,2.2,5,NA,NA,0,0,0,0,0,0,0,14,307,319,94,7.8,28.1,6.83,9.2
1985,6,27,23,10.8,972.1,81.6,0,0.4,1.9,291,NA,NA,1,0,0,0,0,0,0,14,297,314,94,7.8,28.1,6.83,9.2
1985,6,28,0,10.2,971.9,84.7,0,0.3,1.8,225,NA,NA,0,0,0,0,0,0,0,14,294,313,94,7.7,27.4,6.82,8.9
1985,6,28,1,9.9,971.8,86.7,0,0.2,1.9,225,NA,NA,1,0,0,0,0,0,0,14,294,313,94,7.8,27.2,6.84,8.8
1985,6,28,2,10,972.1,87,0,0.1,1.2,270,NA,NA,2,0,0,0,0,0,0,14,300,315,94,7.9,27.4,6.91,8.9
1985,6,28,3,8.8,971.9,89.6,0,0.1,1.3,315,NA,NA,1,0,0,0,0,0,0,14,294,308,94,7.2,25.3,6.56,8
1985,6,28,4,8.7,971.8,90.8,0,0.2,1.2,204,NA,NA,24,20,82,103,12,11,68,14,297,312,94,7.3,25.4,6.6,8
1985,6,28,5,10.5,971.9,85.4,0,0.2,1.4,309,NA,NA,130,63,323,407,43,42,185,14,291,317,94,8.2,28.2,7.01,9.3
1985,6,28,6,12.8,972,66.4,0,0.2,1.5,85,NA,0,294,103,514,640,76,72,190,14,300,334,94,6.7,28.9,6.34,9.6
1985,6,28,7,14.8,971.8,58.2,0,1.3,3.2,61,NA,NA,470,111,675,747,100,89,112,14,308,348,94,6.7,30.9,6.33,10.5
1985,6,28,8,15.5,971.6,52.6,0,1.2,4,67,NA,NA,633,148,719,718,226,107,114,14,314,356,94,5.9,30.7,5.98,10.4
1985,6,28,9,17,971.1,48,0,1,4.4,54,NA,NA,774,171,762,618,352,122,124,14,319,364,94,5.9,32.3,6.01,11.1
1985,6,28,10,18.3,970.8,42.8,0,1.6,3.9,86,NA,NA,882,149,839,447,442,121,121,14,322,372,94,5.4,33.1,5.82,11.4
1985,6,28,11,19.3,970.2,40.6,0,1.6,4,82,NA,NA,931,153,850,237,489,128,121,14,335,382,94,5.6,34.3,5.88,11.9
1985,6,28,12,19.8,969.9,35.6,0,1.1,3.7,26,NA,1,946,162,857,130,497,253,125,14,329,383,94,4.2,33.4,5.31,11.5
1985,6,28,13,21,969.4,36.6,0,1,3.6,101,NA,NA,872,182,793,128,443,460,128,14,339,391,94,5.6,36.1,5.89,12.6
1985,6,28,14,22,969.3,36.6,0,1.5,4.1,91,NA,NA,751,222,672,132,346,605,135,14,342,389,94,6.5,38.1,6.27,13.3
1985,6,28,15,21.6,969,37.5,0,1.4,4.9,244,NA,NA,535,278,385,132,217,557,143,14,342,386,94,6.5,37.7,6.27,13.2
1985,6,28,16,21.9,968.4,37.9,0,1.4,3.9,263,NA,NA,432,171,496,100,115,656,130,14,344,385,94,6.9,38.4,6.46,13.5
1985,6,28,17,21.6,968.7,39,0,1.3,4,310,NA,NA,225,148,212,74,78,384,143,14,346,378,94,7.1,38.3,6.53,13.4
1985,6,28,18,19.8,968.7,48.9,0,1.6,3.7,26,NA,7,120,64,279,39,39,359,167,14,335,363,94,8.8,38.5,7.33,13.5
1985,6,28,19,16.9,968.9,59.4,0,1.7,3.6,43,NA,NA,14,14,0,7,7,6,6,14,323,345,94,8.9,35.8,7.43,12.4
1985,6,28,20,15.7,969.5,62,0,1.3,2.6,66,NA,NA,0,0,0,0,0,0,0,14,310,331,94,8.4,33.9,7.17,11.6
1985,6,28,21,14.3,969.7,71.6,0,0.1,0.8,360,NA,NA,0,0,0,0,0,0,0,14,303,323,94,9.2,33.5,7.57,11.4
1985,6,28,22,13.1,969.9,80.9,0,0,0.1,0,NA,NA,0,0,0,0,0,0,0,14,303,322,94,9.9,33.2,7.92,11.3
1985,6,28,23,12.2,970,86.1,0,0,0.1,0,NA,NA,0,0,0,0,0,0,0,14,299,319,94,9.9,32.3,7.94,10.9
1985,6,29,0,11.3,970,88.5,0,0,0.1,0,NA,NA,0,0,0,0,0,0,0,14,292,313,94,9.5,30.7,7.69,10.3
1985,6,29,1,11,970,89.4,0,0,1,270,NA,NA,1,0,0,0,0,0,0,14,294,315,94,9.3,30.2,7.61,10.1
1985,6,29,2,10.7,969.8,90.7,0,0,0.7,0,NA,NA,0,0,0,0,0,0,0,14,298,315,94,9.2,29.8,7.57,9.9
1985,6,29,3,10.4,969.7,90.9,0,0.1,1.9,45,NA,NA,1,0,0,0,0,0,0,14,298,315,94,9,29.2,7.44,9.6
1985,6,29,4,10.2,970.2,91.9,0,0.2,1,0,NA,NA,18,18,0,10,8,8,9,14,301,319,94,8.9,28.9,7.42,9.5
1985,6,29,5,11.6,970.5,91.7,0,0.3,2.1,291,NA,NA,79,74,25,88,34,34,55,14,308,329,94,10.3,32.2,8.13,10.9
1985,6,29,6,13.8,970.9,79.1,0,0.4,1.7,344,NA,3,274,143,351,530,84,78,174,14,321,346,94,10.2,34.3,8.1,11.8
1985,6,29,7,16.2,970.9,64.3,0,0.7,3.3,42,NA,NA,453,143,584,703,108,94,119,14,327,359,94,9.5,35.7,7.68,12.4
1985,6,29,8,17.8,970.7,55,0,1.2,3.7,46,NA,NA,616,161,674,697,225,110,117,14,331,368,94,8.6,36.3,7.26,12.6
1985,6,29,9,18.8,970.5,51.7,0,0.8,3.1,55,NA,NA,755,171,738,603,345,120,122,14,341,380,94,8.7,37.3,7.27,13
1985,6,29,10,20.6,970.3,49.4,0,1,3.8,138,NA,NA,837,217,710,436,431,134,134,14,355,395,94,9.6,40.5,7.78,14.2
1985,6,29,11,21.8,969.9,47.2,0,1.3,3.4,91,NA,NA,854,304,602,260,465,168,157,14,350,396,94,10.1,42.3,8,14.9
1985,6,29,12,23.1,969.5,39.3,0,1.2,5.1,206,NA,6,877,260,675,151,474,259,141,14,356,406,94,8.5,41.6,7.21,14.6
1985,6,29,13,24.7,969.3,36.2,0,2.5,7,224,NA,NA,795,336,527,161,414,425,161,14,367,409,94,8.7,43.5,7.31,15.3
1985,6,29,14,25.4,969.3,35.3,0,3.7,8.1,221,NA,NA,763,166,757,119,345,619,122,14,366,409,94,9,44.5,7.43,15.7
1985,6,29,15,25.6,969,35.6,0,3.6,7,208,NA,NA,630,118,765,101,217,731,107,14,368,408,94,9.3,45.1,7.59,15.9
1985,6,29,16,25.5,969.2,36.3,0,4.6,8,218,NA,NA,468,98,705,85,94,762,111,14,369,403,94,9.5,45.3,7.69,15.9
1985,6,29,17,25.1,969.5,36,0,3.5,7.6,226,NA,NA,293,90,558,68,71,664,195,14,361,393,94,9,44.2,7.44,15.5
1985,6,29,18,23.3,969.3,35.6,0,2.3,4.3,249,NA,1,137,55,414,40,40,476,214,14,346,374,94,7.2,40.2,6.6,14.1
1985,6,29,19,20.1,969.5,47.6,0,0.9,1.8,233,NA,NA,19,19,0,9,9,12,11,14,339,356,94,8.6,38.7,7.26,13.5
1985,6,29,20,17.6,970,61.7,0,0.7,2.1,266,NA,NA,0,0,0,0,0,0,0,14,321,341,94,10.2,38.1,8.06,13.3
1985,6,29,21,16,970.3,71.8,0,0.2,1.5,180,NA,NA,0,0,0,0,0,0,0,14,316,333,94,10.9,37.5,8.48,13
1985,6,29,22,14.5,970.6,80.2,0,0.1,1.4,333,NA,NA,0,0,0,0,0,0,0,14,310,329,94,11.1,36.3,8.6,12.5
1985,6,29,23,13.8,970.8,83.5,0,0,0.1,0,NA,NA,1,0,0,0,0,0,0,14,322,334,94,11.1,35.5,8.55,12.2
1985,6,30,0,13,970.8,85.8,0,0,0.8,0,NA,NA,0,0,0,0,0,0,0,14,320,332,94,10.7,34.1,8.34,11.7
1985,6,30,1,12.9,970.7,85.9,0,0,0.1,0,NA,NA,0,0,0,0,0,0,0,14,320,333,94,10.6,33.9,8.3,11.6
1985,6,30,2,12.3,970.5,87,0,0,0.1,0,NA,NA,0,0,0,0,0,0,0,14,309,324,94,10.2,32.7,8.08,11.1
1985,6,30,3,12,970.8,88.4,0,0,0.1,0,NA,NA,0,0,0,0,0,0,0,14,306,322,94,10.1,32.3,8.04,10.9
1985,6,30,4,11.6,971.2,89.7,0,0,0,0,NA,NA,24,19,89,109,11,11,71,14,308,325,94,10,31.7,7.94,10.7
1985,6,30,5,13.8,971.5,83.1,0,0,0,0,NA,NA,123,66,276,362,41,40,166,14,321,342,94,11,35.4,8.51,12.2
1985,6,30,6,16.1,971.8,66.3,0,0.2,1.6,21,NA,4,238,140,264,428,77,72,148,14,327,355,94,9.8,36.1,7.86,12.5
1985,6,30,7,17.7,972,62.7,0,0.5,1.7,356,NA,NA,392,212,339,537,123,105,131,14,338,368,94,10.5,38.6,8.23,13.5
1985,6,30,8,19.7,971.7,53.7,0,1.2,3.2,42,NA,NA,604,193,609,675,228,117,126,14,333,375,94,10.1,40.1,7.99,14.1
1985,6,30,9,21.1,971.3,47.9,0,1.2,3,65,NA,NA,733,206,666,586,341,127,130,14,338,384,94,9.6,40.9,7.77,14.4
1985,6,30,10,22.6,971.2,47.1,0,0.7,3.3,44,NA,NA,839,210,720,437,432,133,132,14,355,399,94,10.8,44,8.38,15.5
1985,6,30,11,24.3,970.3,44.6,0,1.6,6.4,225,NA,NA,896,206,754,246,483,142,132,14,363,408,94,11.5,46.9,8.81,16.4
1985,6,30,12,26.3,969.9,39,0,3.6,6.9,242,NA,3,912,177,804,134,488,250,127,14,371,414,94,11.2,48.6,8.67,17
1985,6,30,13,27.3,969.5,34.1,0,4.2,9.5,228,NA,NA,868,179,792,127,443,457,127,14,368,414,94,10.1,48,8.04,16.8
1985,6,30,14,27.9,969.6,29.9,0,5.6,9.6,223,NA,NA,710,230,610,131,332,572,134,14,379,417,94,8.7,46.7,7.29,16.4
1985,6,30,15,27.2,969,32.9,0,3.6,8.5,214,NA,NA,508,294,319,135,209,498,144,14,376,412,94,9.5,47,7.71,16.5
1985,6,30,16,27.1,969,33.7,0,3.9,8.1,219,NA,NA,476,139,642,94,107,753,123,14,382,412,94,9.8,47.3,7.84,16.6
1985,6,30,17,26.3,968.9,36.5,0,3.5,7,217,NA,NA,307,133,477,79,83,636,198,14,384,406,94,10.1,47,8.05,16.5
1985,6,30,18,25,969,42.5,0,2.4,6,228,NA,6,70,66,19,31,31,73,48,14,382,399,94,11,47,8.58,16.5
1985,6,30,19,23.7,969.1,49.4,0,1.6,3.1,233,NA,NA,13,13,0,6,6,5,6,14,380,392,94,11.9,47.1,9.16,16.5
1985,6,30,20,22.1,969,57.9,0,2.5,6.7,211,NA,NA,0,0,0,0,0,0,0,14,374,385,94,12.6,46.6,9.59,16.3
1985,6,30,21,20.3,968.5,65.4,0,2.6,6.1,245,NA,NA,0,0,0,0,0,0,0,14,371,379,94,12.9,45.3,9.78,15.7
1985,6,30,22,18.7,968,72.4,0.1,0.9,3.7,261,NA,NA,0,0,0,0,0,0,0,14,365,372,94,13.1,43.9,9.92,15.2
1985,6,30,23,17,967.1,78.1,1.1,3.2,10,221,NA,NA,0,0,0,0,0,0,0,14,360,366,94,12.9,41.9,9.78,14.5
1997,7,1,0,15.6,966.2,82.3,0.1,3.9,7,246,NA,NA,0,0,0,0,0,0,0,14,356,361,96,12.4,39.8,9.52,13.7
1997,7,1,1,14.4,965.3,85.4,0.1,2.7,5.3,262,NA,NA,0,0,0,0,0,0,0,14,351,357,96,11.9,37.7,9.19,12.9
1997,7,1,2,13.7,964.8,86.7,0.2,3,5.9,240,NA,NA,0,0,0,0,0,0,0,14,348,354,96,11.5,36.3,8.93,12.4
1997,7,1,3,13.2,964.3,86.4,0,2,4.2,238,NA,NA,0,0,0,0,0,0,0,14,345,352,96,11,35,8.6,12
1997,7,1,4,13.1,964.2,86.2,1.2,2.4,5,239,NA,NA,11,11,0,5,5,5,5,14,343,350,96,10.8,34.6,8.48,11.8
1997,7,1,5,13.5,964.5,84.3,0.2,2.5,5.9,217,NA,NA,25,25,0,9,12,12,11,14,342,353,96,10.8,35,8.49,12
1997,7,1,6,13.8,965,82.6,0,3.3,7.1,226,NA,6,116,116,0,69,53,52,57,14,342,356,96,10.8,35.4,8.5,12.1
1997,7,1,7,14.5,965.4,77.5,0,3.7,7.8,230,NA,NA,169,167,3,100,78,74,78,14,346,363,96,10.6,35.7,8.34,12.3
1997,7,1,8,15.8,965.8,69.9,0,4.7,8.5,234,NA,NA,612,332,416,620,245,144,158,14,353,382,96,10.3,36.6,8.18,12.6
1997,7,1,9,16,965.7,63.1,0,4.6,8.8,231,NA,NA,361,228,169,266,184,109,112,14,350,371,96,9,35,7.47,12.1
1997,7,1,10,18,965.5,53.5,0,4.9,9.1,227,NA,NA,928,323,695,484,479,168,168,14,360,399,96,8.4,36.3,7.19,12.6
1997,7,1,11,19.4,965.2,46.7,0,5.3,10.3,234,NA,NA,931,201,799,253,502,143,134,14,345,389,94,7.7,36.9,6.85,12.8
1997,7,1,12,20.3,964.8,43.9,0,5.3,12.4,233,NA,3,850,338,560,175,464,270,162,14,352,393,94,7.6,37.7,6.81,13.1
1997,7,1,13,21,964.5,41.3,0,5.3,10.6,239,NA,NA,794,347,513,162,415,423,162,14,354,394,94,7.4,38.1,6.69,13.3
1997,7,1,14,21.4,964.3,37.3,0,6.3,10.7,237,NA,NA,672,302,470,147,321,523,150,14,344,386,94,6.2,37.2,6.19,13
1997,7,1,15,21.7,964.1,36.5,0,7.2,11.8,242,NA,NA,623,186,654,117,231,707,125,14,340,382,94,6.2,37.5,6.17,13.1
1997,7,1,16,21.3,963.8,37.3,0,7.1,12.8,239,NA,NA,429,165,503,98,114,656,126,14,341,376,94,6.1,37.1,6.16,12.9
1997,7,1,17,20.9,964.2,39.7,0,5.7,11.2,235,NA,NA,286,130,429,76,81,587,185,14,341,370,94,6.7,37.3,6.39,13
1997,7,1,18,19.9,964.5,46.3,0,4,7,231,NA,4,79,71,40,33,33,98,59,14,337,357,94,8,37.8,7.01,13.2
1997,7,1,19,18.9,964.9,51.2,0,2.3,5.1,221,NA,NA,11,11,0,6,5,4,5,14,333,347,94,8.6,37.5,7.29,13
1997,7,1,20,18,965.5,53.9,0,2.2,5.4,219,NA,NA,0,0,0,0,0,0,0,14,351,354,94,8.5,36.5,7.25,12.6
1997,7,1,21,15.9,965.8,64.8,0,2.1,4.6,239,NA,NA,0,0,0,0,0,0,0,14,351,351,94,9.3,35.3,7.63,12.2
1997,7,1,22,17.1,965.6,58.4,0,2.5,5.1,207,NA,NA,0,0,0,0,0,0,0,14,354,357,94,8.9,36,7.42,12.5
1997,7,1,23,17.1,965.5,59.3,0,2.5,4.6,227,NA,NA,0,0,0,0,0,0,0,14,324,342,94,9.1,36.3,7.54,12.6
1997,7,2,0,15.3,965.3,69.5,0,1.3,4.8,252,NA,NA,1,0,0,0,0,0,0,14,317,329,94,9.8,35.3,7.88,12.2
1997,7,2,1,13.3,964.9,79.9,0,0.5,2.4,101,NA,NA,0,0,0,0,0,0,0,14,311,323,94,9.9,33.5,7.96,11.4
1997,7,2,2,12.4,964.7,86.1,0,0.3,1.1,360,NA,NA,0,0,0,0,0,0,0,14,307,319,94,10.1,32.9,8.09,11.1
1997,7,2,3,11.8,964.9,87.3,0,0.3,1.5,45,NA,NA,1,0,0,0,0,0,0,14,311,318,94,9.8,31.7,7.88,10.7
1997,7,2,4,11.8,965,87,0,0.1,1.4,90,NA,NA,13,13,0,6,6,6,6,14,314,325,94,9.7,31.7,7.86,10.6
1997,7,2,5,12.5,964.8,85.3,0,0.4,1.8,63,NA,NA,55,55,0,29,26,25,27,14,357,357,94,10.1,32.9,8.07,11.1
1997,7,2,6,13.3,965.3,81.6,0,0.5,1.9,270,NA,7,79,79,0,39,37,37,38,14,365,365,94,10.2,33.9,8.13,11.5
1997,7,2,7,14,964.8,81.7,0,1.6,3.9,34,NA,NA,101,101,0,51,48,47,49,14,364,364,94,10.9,35.6,8.53,12.2
1997,7,2,8,14.9,964.6,75.2,0,1.8,3.5,87,NA,NA,265,251,21,174,125,109,114,14,324,356,94,10.6,36,8.32,12.4
1997,7,2,9,17,964.3,66,0,2.4,4.6,63,NA,NA,601,355,312,445,292,154,159,14,331,379,94,10.6,38.3,8.36,13.3
1997,7,2,10,17.2,963.8,63.2,0,2.5,5,70,NA,NA,323,306,19,167,166,134,136,14,328,365,94,10.1,37.8,8.1,13.1
1997,7,2,11,17.5,963.4,63.4,0,1.5,3.7,82,NA,NA,288,285,3,135,143,127,127,14,332,369,94,10.5,38.6,8.29,13.4
1997,7,2,12,18.1,963.3,59,0,1.9,3.5,49,NA,7,348,337,13,151,174,156,147,14,335,373,94,10,38.5,8.01,13.4
1997,7,2,13,18.9,963.1,60.3,0,1.7,4.7,36,NA,NA,558,416,164,174,293,295,173,14,339,388,94,11,40.9,8.62,14.2
1997,7,2,14,19.2,963.2,59.5,0,1.7,3.8,86,NA,NA,421,353,86,151,203,261,153,14,340,382,94,11.1,41.3,8.66,14.4
1997,7,2,15,18.7,964,64.1,0.2,1.3,3.9,131,NA,NA,208,205,5,93,98,114,94,14,336,366,94,11.8,41.7,9.04,14.6
1997,7,2,16,16.5,964.5,84.7,1.9,0.8,2.7,150,NA,NA,79,79,0,38,38,36,38,14,332,352,94,13.9,43,10.42,14.9
1997,7,2,17,16,965.3,85.9,1.3,1.4,4.5,194,NA,NA,18,18,0,9,9,6,8,14,368,370,96,13.6,42,10.22,14.5
1997,7,2,18,15.1,966.2,87.8,4.4,2.5,4.9,217,NA,8,13,13,0,7,7,4,6,14,362,364,96,13.1,40.1,9.85,13.9
1997,7,2,19,14.4,966.5,90.3,4.1,1.3,4.1,194,NA,NA,3,3,0,2,2,0,1,14,360,362,96,12.8,38.9,9.68,13.4
1997,7,2,20,14.3,966.9,91.4,0.6,0.4,2.5,45,NA,NA,0,0,0,0,0,0,0,14,345,355,96,12.9,39,9.73,13.5
1997,7,2,21,14.3,967.2,92.8,2.5,0.1,1.2,315,NA,NA,0,0,0,0,0,0,0,14,345,355,96,13.2,39.3,9.88,13.6
1997,7,2,22,14.3,967.4,92.6,3.5,0,0.2,0,NA,NA,2,0,0,0,0,0,0,14,345,354,96,13.1,39.3,9.85,13.6
1997,7,2,23,14.2,967.5,93.1,1.8,0.3,1.6,315,NA,NA,0,0,0,0,0,0,0,14,345,354,96,13.1,39.1,9.84,13.5
1997,7,3,0,14.1,967.3,92.4,1.8,0,0.2,0,NA,NA,0,0,0,0,0,0,0,14,351,356,96,12.9,38.7,9.7,13.4
1997,7,3,1,14.1,967,92.7,0.4,0.4,1.4,34,NA,NA,1,0,0,0,0,0,0,14,351,357,96,12.9,38.8,9.74,13.4
1997,7,3,2,14.1,966.7,93,0,0,0.8,0,NA,NA,1,0,0,0,0,0,0,14,367,367,96,13,38.9,9.77,13.4
1997,7,3,3,14.1,966.7,93.1,0,0.1,0.9,360,NA,NA,0,0,0,0,0,0,0,14,367,367,96,13,38.9,9.78,13.4
1997,7,3,4,14.1,966.8,92.9,0.1,0,0.9,0,NA,NA,5,5,0,1,3,3,2,14,367,367,96,13,38.8,9.76,13.4
1997,7,3,5,14.3,966.7,92,0,0.1,1,90,NA,NA,29,29,0,11,14,14,13,14,367,367,96,13,39.1,9.8,13.5
1997,7,3,6,14.5,967.2,90.3,0,0,0.2,0,NA,7,39,39,0,15,19,19,19,14,369,369,96,12.9,39.2,9.73,13.5
1997,7,3,7,14.7,968,91.3,2.5,0.7,2.9,247,NA,NA,31,31,0,13,15,15,15,14,368,368,96,13.3,40,9.96,13.9
1997,7,3,8,14.5,968.2,92.1,2.3,0.7,2,278,NA,NA,52,52,0,24,25,25,26,14,354,362,96,13.2,39.7,9.92,13.7
1997,7,3,9,15.2,968.5,88.3,0.3,1.2,3.5,261,NA,NA,127,127,0,63,62,60,61,14,358,368,96,13.3,40.4,9.95,14
1997,7,3,10,15.5,968.1,83.7,0,1.7,3.9,256,NA,NA,318,311,9,158,157,134,136,14,359,375,96,12.8,39.9,9.61,13.9
1997,7,3,11,16.6,968.2,76.7,0,0.9,3.5,234,NA,NA,482,397,93,202,252,174,170,14,349,385,96,12.5,40.6,9.44,14.1
1997,7,3,12,17.5,968.2,72.6,0,2.7,5.9,252,NA,7,372,352,22,158,195,168,152,14,352,382,96,12.5,41.6,9.46,14.5
1997,7,3,13,16.3,968.6,82.4,1.1,5.1,8.8,246,NA,NA,206,204,2,95,101,99,94,14,347,366,96,13.3,41.6,9.96,14.5
1997,7,3,14,16.6,968.9,83,0,3.4,6.3,231,NA,NA,281,275,8,122,135,148,122,14,372,381,96,13.7,42.6,10.23,14.8
1997,7,3,15,15.9,969,87.1,0.7,3.1,6.6,222,NA,NA,122,122,0,58,59,60,58,14,367,371,96,13.8,42,10.26,14.6
1997,7,3,16,16,969.1,87.1,0,2.6,4.4,234,NA,NA,80,80,0,39,38,37,38,14,369,372,96,13.9,42.2,10.33,14.7
1997,7,3,17,15.6,969.2,86.9,0.4,1.9,4.1,263,NA,NA,25,25,0,13,12,8,12,14,374,374,96,13.4,41.1,10.04,14.3
1997,7,3,18,14.9,969.6,89.5,2.2,1.9,4,267,NA,7,10,10,0,5,5,3,4,14,370,370,96,13.2,40,9.88,13.9
1997,7,3,19,14.6,969.9,91.2,0.3,0.5,2.5,270,NA,NA,4,4,0,2,2,0,1,14,369,369,96,13.2,39.6,9.87,13.8
1997,7,3,20,14.5,970.6,91.4,0.6,0.2,1.1,270,NA,NA,0,0,0,0,0,0,0,14,367,367,96,13.1,39.4,9.82,13.7
1997,7,3,21,14.4,970.9,91.2,0.3,1,2.4,276,NA,NA,0,0,0,0,0,0,0,14,367,367,96,13,39.1,9.73,13.6
1997,7,3,22,14.2,971.2,92.2,0.2,0.8,2.3,263,NA,NA,0,0,0,0,0,0,0,14,367,367,96,13,38.8,9.71,13.5
1997,7,3,23,14.3,971.1,93.3,0.2,0,0.8,0,NA,NA,0,0,0,0,0,0,0,14,367,367,96,13.2,39.4,9.89,13.6
1997,7,4,0,14.3,970.8,93.5,0,0,0.9,0,NA,NA,0,0,0,0,0,0,0,14,368,368,96,13.3,39.4,9.91,13.7
1997,7,4,1,14.1,970.6,93.3,0.1,0.3,1.7,333,NA,NA,0,0,0,0,0,0,0,14,366,366,96,13,38.9,9.77,13.4
1997,7,4,2,13.9,970.4,93.8,0,0.3,1.4,63,NA,NA,1,0,0,0,0,0,0,14,365,365,96,12.9,38.5,9.69,13.3
1997,7,4,3,14,970.3,93.3,0,0.4,1.4,76,NA,NA,0,0,0,0,0,0,0,14,365,365,96,12.9,38.6,9.71,13.3
1997,7,4,4,13.9,969.8,93.3,0.3,0.9,3.7,53,NA,NA,5,5,0,1,3,3,2,14,365,365,96,12.8,38.3,9.65,13.2
1997,7,4,5,13.9,970.5,91.6,0.1,1.1,2.8,41,NA,NA,28,28,0,10,14,13,12,14,365,366,96,12.6,37.9,9.46,13.1
1997,7,4,6,14.2,971.4,90.8,0.9,0.8,2.2,307,NA,8,37,37,0,14,18,18,18,14,367,367,96,12.7,38.4,9.56,13.3
1997,7,4,7,14.3,971.1,91.7,0.8,0.6,2.4,304,NA,NA,43,43,0,18,21,21,21,14,368,369,96,13,38.9,9.72,13.5
1997,7,4,8,14.6,971.2,91.2,0,0.8,2,34,NA,NA,83,83,0,40,40,40,40,14,363,369,96,13.2,39.6,9.86,13.8
1997,7,4,9,15.2,971.3,88.8,0.1,0.4,2,45,NA,NA,219,217,2,114,106,97,99,14,367,377,96,13.4,40.5,9.98,14.1
1997,7,4,10,15.4,971.8,89.8,0.3,1.3,3.1,125,NA,NA,189,188,2,94,93,86,87,14,366,375,96,13.7,41.3,10.22,14.4
1997,7,4,11,15.4,971.7,87.9,0.2,1.1,3.3,101,NA,NA,243,241,2,115,121,109,110,14,376,381,96,13.4,40.8,10,14.2
1997,7,4,12,16.8,971.4,79.5,0,1.1,4,252,NA,7,505,402,113,178,278,209,168,14,383,401,96,13.2,41.9,9.89,14.6
1997,7,4,13,17.8,971,77.4,0,1.6,3.5,108,NA,NA,523,425,113,173,278,278,172,14,386,412,96,13.8,43.9,10.27,15.3
1997,7,4,14,18.7,970.7,72.9,0,1.8,4.4,100,NA,NA,516,348,213,148,258,379,151,14,354,396,96,13.7,44.8,10.23,15.6
1997,7,4,15,18.4,970.7,71.9,0,2.6,6.9,122,NA,NA,283,255,43,113,131,193,116,14,345,377,96,13.2,43.6,9.9,15.2
1997,7,4,16,16.9,970.6,81.4,0,3.2,6.2,122,NA,NA,114,114,0,54,54,57,54,14,341,363,96,13.7,42.8,10.2,14.9
1997,7,4,17,15.4,971.3,84.8,0.6,3.5,8.2,36,NA,NA,12,12,0,6,6,4,6,14,365,367,96,12.9,39.9,9.64,13.9
1997,7,4,18,13.3,971.9,88.5,7.4,2.4,5.8,47,NA,7,1,0,0,0,0,0,0,14,360,360,96,11.4,35.5,8.77,12.2
1997,7,4,19,13.3,972.3,92.6,7.4,2.2,5.4,85,NA,NA,2,2,0,1,1,0,0,14,361,361,96,12.1,36.5,9.18,12.6
1997,7,4,20,13.3,972.6,92.9,3.8,1.1,2.7,80,NA,NA,1,0,0,0,0,0,0,14,361,361,96,12.2,36.6,9.2,12.7
1997,7,4,21,13.3,972.6,92.1,0.1,0.6,2.1,22,NA,NA,0,0,0,0,0,0,0,14,361,361,96,12,36.4,9.12,12.5
1997,7,4,22,13.1,972.2,91.8,0,1,1.8,32,NA,NA,0,0,0,0,0,0,0,14,360,360,96,11.8,35.8,8.98,12.3
1997,7,4,23,12.9,971.8,92.3,0.1,0.4,1.6,56,NA,NA,0,0,0,0,0,0,0,14,359,359,96,11.7,35.5,8.91,12.2
1997,7,5,0,12.7,971,93.2,0,0.4,1.3,76,NA,NA,0,0,0,0,0,0,0,14,358,358,96,11.6,35.2,8.89,12.1
1997,7,5,1,12.6,970.7,93.6,0,0.3,1.5,315,NA,NA,1,0,0,0,0,0,0,14,357,357,96,11.6,35.1,8.87,12
1997,7,5,2,12.7,970.3,93.5,0,0,0.1,0,NA,NA,0,0,0,0,0,0,0,14,359,359,96,11.7,35.3,8.92,12.1
1997,7,5,3,12.7,970.3,93.5,0.1,0.5,1.6,315,NA,NA,1,0,0,0,0,0,0,14,358,358,96,11.7,35.3,8.92,12.1
1997,7,5,4,12.9,970.5,93,0,0.5,1.9,270,NA,NA,8,8,0,3,4,4,3,14,359,359,96,11.8,35.7,8.99,12.3
1997,7,5,5,13.1,970.8,91.7,0.7,1.3,2.8,266,NA,NA,25,25,0,9,12,12,11,14,360,360,96,11.8,35.8,8.98,12.3
1997,7,5,6,12.8,971.2,90,3.5,1.6,2.9,240,NA,7,27,27,0,10,14,13,13,14,359,359,96,11.2,34.7,8.63,11.9
1997,7,5,7,13.1,971.3,90.5,1,2.2,4,231,NA,NA,69,69,0,32,33,33,33,14,359,360,96,11.6,35.5,8.86,12.2
1997,7,5,8,13,971.6,89.7,0.5,2.9,4.5,231,NA,NA,107,107,0,53,51,50,51,14,360,362,96,11.3,35.1,8.72,12
1997,7,5,9,13.2,972.1,88.9,1.4,2.9,4.5,234,NA,NA,145,145,0,73,70,67,69,14,361,364,96,11.4,35.4,8.75,12.2
1997,7,5,10,13.6,972.4,88.2,1.3,2.3,4.5,230,NA,NA,163,163,1,81,80,75,77,14,362,366,96,11.7,36.2,8.91,12.5
1997,7,5,11,14.1,972.8,87.8,0.2,2.3,4.6,236,NA,NA,127,127,0,62,62,60,61,14,374,374,96,12.1,37.3,9.16,12.9
1997,7,5,12,14,973.2,87.7,0.4,1.5,3.2,217,NA,8,98,98,0,48,48,47,48,14,374,374,96,12,37,9.09,12.8
1997,7,5,13,14.2,973.6,86.3,0.1,1.2,4,225,NA,NA,100,100,0,49,49,48,49,14,374,374,96,11.9,37.2,9.05,12.8
1997,7,5,14,14.7,973.9,86.7,0,1.1,4,180,NA,NA,234,232,3,105,113,120,105,14,371,375,96,12.5,38.5,9.4,13.4
1997,7,5,15,14.8,974.2,85.1,0,1.9,3.7,155,NA,NA,245,239,10,106,115,142,108,14,368,378,96,12.3,38.3,9.28,13.3
1997,7,5,16,14.4,974.3,84.3,0,1.5,3.6,152,NA,NA,133,133,0,62,63,70,63,14,366,371,96,11.8,37.1,8.95,12.9
1997,7,5,17,14.4,974.7,87.3,0.1,0.5,1.9,127,NA,NA,53,53,0,26,26,22,25,14,375,375,96,12.3,37.9,9.27,13.2
1997,7,5,18,14.4,975,89,0,0.9,2.6,126,NA,8,47,47,0,22,22,22,22,14,373,373,96,12.6,38.4,9.45,13.3
1997,7,5,19,13.8,975.7,88.7,0,0.5,2.1,117,NA,NA,10,10,0,5,5,3,4,14,371,371,96,12,36.7,9.05,12.7
1997,7,5,20,13.6,976.4,89.4,0,0.2,1.6,63,NA,NA,1,0,0,0,0,0,0,14,363,363,96,11.9,36.4,8.99,12.6
1997,7,5,21,13.4,976.7,92.5,0.1,0.4,1.7,270,NA,NA,0,0,0,0,0,0,0,14,362,362,96,12.2,36.7,9.19,12.7
1997,7,5,22,13.4,977.1,93,0,0.4,2,124,NA,NA,0,0,0,0,0,0,0,14,362,362,96,12.3,36.8,9.23,12.8
1997,7,5,23,13.3,977,93.5,0,0.7,2,270,NA,NA,0,0,0,0,0,0,0,14,362,362,96,12.3,36.7,9.22,12.7
1997,7,6,0,13.3,977.1,93.1,0,0.4,2.6,72,NA,NA,0,0,0,0,0,0,0,14,362,362,96,12.2,36.6,9.18,12.7
1997,7,6,1,12.9,976.8,94,0,0.1,1.9,270,NA,NA,1,0,0,0,0,0,0,14,355,355,96,12,35.8,9.03,12.4
1997,7,6,2,12.2,976.8,94.7,0,0.5,1.9,56,NA,NA,0,0,0,0,0,0,0,14,339,342,96,11.4,34.2,8.68,11.7
1997,7,6,3,12.2,977.1,93.8,0,0.4,1.8,90,NA,NA,0,0,0,0,0,0,0,14,341,347,96,11.2,34,8.6,11.6
1997,7,6,4,12.5,977.3,93.4,0,0,1.1,0,NA,NA,5,5,0,1,3,3,2,14,343,350,96,11.5,34.6,8.73,11.9
1997,7,6,5,12.9,977.4,92.7,0,0.2,1.2,45,NA,NA,21,21,0,7,11,10,9,14,367,367,96,11.7,35.4,8.9,12.2
1997,7,6,6,13.5,977.4,91.2,0,0.1,1.5,45,NA,8,102,102,0,58,48,46,50,14,373,373,96,12.1,36.6,9.11,12.7
1997,7,6,7,14.2,977.5,87,0,0.6,2.4,59,NA,NA,228,213,29,181,100,91,102,14,374,379,96,12.1,37.2,9.09,13
1997,7,6,8,15,977.7,84.3,0,1,3.3,84,NA,NA,335,309,39,242,155,126,134,14,369,383,96,12.4,38.5,9.28,13.5
1997,7,6,9,15.1,977.7,80.5,0,1.4,3.1,67,NA,NA,293,267,33,172,145,119,122,14,375,384,96,11.8,37.7,8.91,13.2
1997,7,6,10,16.8,977.6,73.5,0,2.2,4.6,87,NA,NA,620,329,334,334,331,152,154,14,383,402,96,12,39.9,9.07,13.9
1997,7,6,11,18.3,977.4,66.5,0,3.2,6.3,90,NA,NA,852,340,561,270,472,175,163,14,373,401,94,12,41.3,9.03,14.5
1997,7,6,12,19.1,977.2,63.6,0,3.9,7.1,80,NA,5,838,337,549,174,465,265,161,14,379,404,94,12,42.2,9.08,14.8
1997,7,6,13,18.9,977,60.7,0,4,7.2,65,NA,NA,685,390,341,169,365,366,169,14,372,395,94,11.1,40.7,8.55,14.3
1997,7,6,14,19.1,976.8,59.1,0,3.8,6.8,66,NA,NA,580,375,261,157,287,428,160,14,372,398,94,10.9,40.6,8.43,14.2
1997,7,6,15,19.2,976.8,58.2,0,3.5,8.1,60,NA,NA,459,336,185,141,200,403,150,14,374,391,94,10.8,40.5,8.35,14.2
1997,7,6,16,18.9,976.9,60.6,0,3.6,8.6,63,NA,NA,302,234,131,103,115,319,118,14,370,384,94,11.1,40.7,8.54,14.3
1997,7,6,17,18.3,977.1,63.1,0,4.4,7.3,64,NA,NA,256,129,350,74,78,513,164,14,345,369,94,11.2,40.1,8.56,14.1
1997,7,6,18,17.2,977.1,68.7,0,2.6,5.7,67,NA,5,94,72,115,38,38,204,102,14,339,356,94,11.4,39.3,8.7,13.8
1997,7,6,19,15.4,977.5,79.9,0,1.3,2.4,42,NA,NA,11,11,0,5,5,4,5,14,333,344,94,12,38.3,9.02,13.4
1997,7,6,20,14.9,977.8,82.1,0,1.1,2,38,NA,NA,0,0,0,0,0,0,0,14,360,360,94,11.9,37.7,8.97,13.1
1997,7,6,21,13.9,977.8,83.5,0,1.4,2.4,48,NA,NA,0,0,0,0,0,0,0,14,354,354,94,11.2,35.6,8.55,12.3
1997,7,6,22,13,977.8,85.3,0,1.1,2,63,NA,NA,0,0,0,0,0,0,0,14,351,351,94,10.6,33.8,8.23,11.6
1997,7,6,23,13.5,977.5,80.2,0,0.3,2.2,45,NA,NA,0,0,0,0,0,0,0,14,313,329,94,10.2,33.8,7.99,11.6
1997,7,7,0,12.5,977.2,85.8,0,0.2,2,297,NA,NA,0,0,0,0,0,0,0,14,308,320,94,10.2,32.8,8.01,11.2
1997,7,7,1,11.7,977,88.5,0,0,1.2,0,NA,NA,0,0,0,0,0,0,0,14,303,314,94,9.9,31.5,7.84,10.7
1997,7,7,2,11.8,976.7,85.3,0,0.6,2,90,NA,NA,0,0,0,0,0,0,0,14,307,323,94,9.4,31,7.61,10.5
1997,7,7,3,12.3,976.6,86,0,0.1,1,0,NA,NA,1,0,0,0,0,0,0,14,310,328,94,10,32.4,7.93,11
1997,7,7,4,12.6,976.4,87.8,0,0,1.4,0,NA,NA,15,15,0,9,7,7,8,14,311,329,94,10.6,33.5,8.26,11.5
1997,7,7,5,13.2,976.4,83.7,0,0.4,1.6,360,NA,NA,98,70,145,232,37,37,112,14,318,338,94,10.5,34,8.19,11.7
1997,7,7,6,14.8,976.4,79.4,0,2.1,6.4,79,NA,7,263,121,393,548,76,71,169,14,323,348,94,11.3,36.7,8.63,12.8
1997,7,7,7,15.7,975.8,72.7,0,4.1,7.7,62,NA,NA,454,124,635,732,104,92,112,14,328,360,94,10.8,37,8.37,12.9
1997,7,7,8,17.2,975.8,65.7,0,4.2,8.4,68,NA,NA,631,120,768,736,228,103,107,14,333,369,94,10.7,38.4,8.32,13.4
1997,7,7,9,18,975.6,62.3,0,5.4,11,69,NA,NA,780,122,839,633,356,111,112,14,338,376,94,10.7,39.1,8.3,13.7
1997,7,7,10,18.9,975.3,56.7,0,6,11.5,69,NA,NA,870,171,806,457,453,126,125,14,341,378,94,10.1,39.3,7.99,13.8
1997,7,7,11,19.7,975.2,51.7,0,6.5,10.8,65,NA,NA,856,290,622,264,475,165,155,14,352,387,94,9.5,39.2,7.66,13.8
1997,7,7,12,20.3,974.7,47.7,0,6.7,13.2,66,NA,4,843,297,599,166,469,260,155,14,354,389,94,8.8,39,7.33,13.7
1997,7,7,13,20.8,974.4,45,0,7.5,13.6,65,NA,NA,790,346,511,162,421,420,162,14,352,388,94,8.4,39,7.13,13.7
1997,7,7,14,21,974.3,43.5,0,7.1,12.2,68,NA,NA,680,295,492,146,331,532,149,14,342,383,94,8.1,38.8,6.98,13.6
1997,7,7,15,21.1,973.9,42.5,0,7.8,13.8,60,NA,NA,625,158,700,110,234,719,116,14,345,382,94,7.9,38.7,6.86,13.6
1997,7,7,16,20.8,973.5,41.2,0,8.4,13.6,57,NA,NA,465,97,705,84,94,763,101,14,339,375,94,7.1,37.5,6.53,13.1
1997,7,7,17,20.4,973.4,43,0,7.8,13.6,57,NA,NA,295,82,588,66,69,685,189,14,341,372,94,7.4,37.4,6.65,13.1
1997,7,7,18,19.3,973.2,50.2,0,7.3,11.5,60,NA,4,136,53,426,39,39,487,211,14,335,361,94,8.7,37.8,7.26,13.2
1997,7,7,19,18,973.1,53.8,0,7,11.1,55,NA,NA,19,19,0,9,9,14,12,14,328,351,94,8.5,36.3,7.18,12.6
1997,7,7,20,16.5,973.5,64.6,0,4.1,7.7,67,NA,NA,0,0,0,0,0,0,0,14,317,340,94,9.8,36.4,7.84,12.7
1997,7,7,21,16.1,973.3,66.4,0,4.4,8.2,70,NA,NA,0,0,0,0,0,0,0,14,316,339,94,9.8,36.1,7.86,12.5
1997,7,7,22,15.2,973.1,71.7,0,2.9,6.1,70,NA,NA,0,0,0,0,0,0,0,14,311,333,94,10.1,35.5,8.01,12.3
1997,7,7,23,14.1,972.7,76.6,0,1.7,4.6,75,NA,NA,0,0,0,0,0,0,0,14,310,327,94,10.1,34.3,7.98,11.8
1997,7,8,0,13.4,972.3,80.7,0,0.8,2.8,117,NA,NA,0,0,0,0,0,0,0,14,302,318,94,10.2,33.8,8.04,11.6
1997,7,8,1,12.6,971.8,84.7,0,0.5,3.9,108,NA,NA,0,0,0,0,0,0,0,14,303,317,94,10.1,32.9,8.01,11.2
1997,7,8,2,13.4,971.4,79.6,0,2.1,5,85,NA,NA,0,0,0,0,0,0,0,14,305,321,94,9.9,33.5,7.93,11.4
1997,7,8,3,13.7,971.4,79.5,0,2.6,5.3,79,NA,NA,0,0,0,0,0,0,0,14,307,327,94,10.2,34.2,8.08,11.7
1997,7,8,4,13.4,971.5,79.6,0,2.3,4.5,72,NA,NA,14,14,0,8,7,6,7,14,305,327,94,9.9,33.5,7.93,11.4
1997,7,8,5,14.2,971.7,76,0,2,4.9,81,NA,NA,127,55,372,442,39,39,194,14,318,342,94,10,34.4,7.98,11.8
1997,7,8,6,15.6,971.9,70.1,0,2.9,8.1,80,NA,4,268,110,440,580,73,69,172,14,327,352,94,10.2,36,8.05,12.5
1997,7,8,7,17.1,971.6,64.3,0,5.4,10.4,73,NA,NA,464,111,681,760,100,89,107,14,333,364,94,10.3,37.8,8.13,13.2
1997,7,8,8,18.1,971.4,64.1,0,6,12.8,68,NA,NA,623,118,760,729,226,101,106,14,348,376,94,11.2,40.1,8.64,14
1997,7,8,9,19.3,971.2,61.5,0,7.1,11.4,61,NA,NA,770,129,819,627,355,112,113,14,354,384,94,11.7,42.1,8.94,14.7
1997,7,8,10,20.3,971,57.3,0,6.6,11.2,61,NA,NA,860,179,786,454,451,127,127,14,360,392,94,11.6,42.9,8.86,15.1
1997,7,8,11,21.4,970.7,53.4,0,7,12.5,65,NA,NA,846,306,593,265,472,168,157,14,364,396,94,11.5,44,8.84,15.4
1997,7,8,12,22.1,970.5,50.8,0,7.3,11.7,65,NA,3,827,319,559,170,463,260,158,14,366,398,94,11.4,44.5,8.78,15.6
1997,7,8,13,23.2,969.9,48.6,0,6.8,12.7,61,NA,NA,777,324,522,158,416,415,157,14,375,405,94,11.8,46.2,8.99,16.2
1997,7,8,14,23.5,969.5,45.4,0,6.7,11.6,57,NA,NA,665,303,462,147,326,518,150,14,371,405,94,11,45.4,8.55,15.9
1997,7,8,15,23.7,969.1,43.4,0,6.4,10.7,60,NA,NA,601,181,631,114,234,685,122,14,369,401,94,10.5,44.9,8.27,15.7
1997,7,8,16,23.5,968.5,42.8,0,6.6,11.4,62,NA,NA,444,122,617,91,103,715,108,14,368,397,94,10.1,44.1,8.06,15.5
1997,7,8,17,23,968.2,44.2,0,6.6,11.3,57,NA,NA,273,101,474,67,71,600,173,14,357,386,94,10.2,43.7,8.08,15.3
1997,7,8,18,22,968.1,48.2,0,5.2,9.5,53,NA,1,123,59,326,40,41,404,179,14,350,375,94,10.6,43.2,8.29,15.2
1997,7,8,19,20.2,968.1,53.4,0,4.2,8,45,NA,NA,18,18,0,8,8,13,11,14,340,363,94,10.4,41.2,8.23,14.4
1997,7,8,20,19.1,968.4,57.2,0,3.8,6.5,50,NA,NA,0,0,0,0,0,0,0,14,331,354,94,10.4,40.1,8.23,14
1997,7,8,21,18.4,968.2,64.6,0,3.1,5.8,69,NA,NA,0,0,0,0,0,0,0,14,331,351,94,11.6,41.1,8.9,14.3
1997,7,8,22,16.9,968.3,72.5,0,1.2,4.9,72,NA,NA,0,0,0,0,0,0,0,14,321,341,94,11.9,40,9.09,13.9
1997,7,8,23,15.3,968.4,80.4,0,0.4,1.7,236,NA,NA,1,0,0,0,0,0,0,14,317,331,94,11.9,38.4,9.1,13.3
1997,7,9,0,14.4,968.2,84,0,0.2,1.9,243,NA,NA,0,0,0,0,0,0,0,14,309,325,94,11.7,37.2,8.98,12.8
1997,7,9,1,13.5,968.1,87.4,0,0.3,1.4,243,NA,NA,0,0,0,0,0,0,0,14,307,322,94,11.4,35.8,8.81,12.3
1997,7,9,2,13.2,967.9,87.7,0,0.3,1.3,252,NA,NA,0,0,0,0,0,0,0,14,307,321,94,11.2,35.2,8.67,12
1997,7,9,3,12.7,967.7,89,0,0.1,1.1,270,NA,NA,2,0,0,0,0,0,0,14,304,318,94,10.9,34.3,8.51,11.7
1997,7,9,4,12.8,967.9,88.8,0,0.6,1.7,248,NA,NA,18,18,1,16,8,8,13,14,305,322,94,11,34.4,8.55,11.8
1997,7,9,5,14,968,85.6,0,0.2,1.5,243,NA,NA,112,58,278,355,37,36,159,14,326,343,94,11.6,36.6,8.91,12.6
1997,7,9,6,16.3,968,78.4,0,1.4,4.1,56,NA,1,260,105,434,569,71,66,168,14,336,357,94,12.5,40.4,9.47,14
1997,7,9,7,17.4,967.9,72.8,0,2.6,6.7,74,NA,NA,429,133,570,688,103,89,109,14,339,373,94,12.5,41.4,9.43,14.4
1997,7,9,8,18.5,967.7,68.3,0,4.2,7.9,63,NA,NA,596,159,659,691,227,108,115,14,343,377,94,12.6,42.7,9.49,14.9
1997,7,9,9,19.8,967.4,61.6,0,4.4,7.3,62,NA,NA,738,171,726,605,349,119,121,14,351,386,94,12.2,43.5,9.28,15.2
1997,7,9,10,21.3,967.1,57.6,0,3.1,7,65,NA,NA,830,220,706,444,442,135,134,14,361,398,94,12.6,45.6,9.52,15.9
1997,7,9,11,22.3,966.6,53.8,0,3.2,6.3,68,NA,NA,822,317,556,262,462,168,157,14,372,407,94,12.5,46.5,9.46,16.2
1997,7,9,12,23.2,966,50.3,0,3.1,6.1,67,NA,2,812,330,530,171,457,258,159,14,375,413,94,12.3,47.1,9.34,16.5
1997,7,9,13,24.3,965.4,45.6,0,3.5,6.4,65,NA,NA,771,328,512,158,415,412,157,14,380,416,94,11.8,47.5,9.05,16.6
1997,7,9,14,25,965.2,44.6,0,2.9,6.3,68,NA,NA,647,313,426,147,320,502,150,14,381,415,94,12.1,48.7,9.24,17
1997,7,9,15,23.5,965.1,49.2,0,2.1,5,49,NA,NA,136,136,0,65,65,68,64,14,372,390,94,12.2,47.3,9.31,16.5
1997,7,9,16,22.7,965,55.7,0,1.1,2.4,34,NA,NA,83,83,0,40,40,39,40,14,372,388,94,13.4,48.4,10.06,16.9
1997,7,9,17,23,964.9,58.7,0,0.9,2.2,7,NA,NA,140,133,18,60,61,113,72,14,377,393,94,14.5,50.6,10.81,17.6
1997,7,9,18,22.6,965.2,59.3,0,0.8,2.7,40,NA,5,92,70,113,37,37,201,99,14,369,384,94,14.3,49.8,10.65,17.3
1997,7,9,19,20.6,965.2,71.6,0,0.1,1.6,0,NA,NA,15,15,0,7,7,9,8,14,357,365,94,15.3,49.7,11.4,17.2
1997,7,9,20,18.8,965.7,77.4,0,0,0.9,0,NA,NA,0,0,0,0,0,0,0,14,358,361,94,14.8,46.8,11,16.3
1997,7,9,21,18.3,965.9,75.8,0,0.5,1.6,248,NA,NA,1,0,0,0,0,0,0,14,355,359,94,14,44.8,10.43,15.6
1997,7,9,22,17.1,965.9,77.8,0,0,1.1,0,NA,NA,0,0,0,0,0,0,0,14,344,349,94,13.2,42.3,9.92,14.7
1997,7,9,23,15.9,966.1,82.5,0,0.1,1.2,360,NA,NA,1,0,0,0,0,0,0,14,346,349,94,12.9,40.6,9.74,14.1
1997,7,10,0,15.3,965.9,84.1,0,0.6,2.2,323,NA,NA,1,0,0,0,0,0,0,14,344,347,94,12.6,39.5,9.55,13.7
1997,7,10,1,14.9,965.7,86.2,0,0.5,1.9,135,NA,NA,0,0,0,0,0,0,0,14,337,342,94,12.6,39.1,9.55,13.5
1997,7,10,2,14.4,965.7,87.7,0,0.2,1.6,270,NA,NA,0,0,0,0,0,0,0,14,322,333,94,12.4,38.2,9.4,13.2
1997,7,10,3,13.9,965.4,88.5,0,0.2,1.1,63,NA,NA,1,0,0,0,0,0,0,14,319,331,94,12,37.2,9.18,12.8
1997,7,10,4,13.9,965.5,88.5,0,0.1,1.2,270,NA,NA,13,13,0,8,6,6,7,14,319,332,94,12,37.2,9.18,12.8
1997,7,10,5,15,965.5,84.9,0,0.1,1.2,270,NA,NA,107,62,236,320,38,37,146,14,330,347,94,12.5,39,9.46,13.5
1997,7,10,6,17.2,965.7,77.6,0,0.4,1.8,270,NA,2,224,128,272,423,72,67,140,14,340,362,94,13.3,42.5,9.96,14.8
1997,7,10,7,18.8,965.5,70.9,0,0.7,3.4,106,NA,NA,365,197,325,516,117,99,120,14,346,377,94,13.4,44.4,10.07,15.5
1997,7,10,8,20,965.2,65.2,0,1.8,4.8,93,NA,NA,565,222,519,635,230,121,130,14,359,393,94,13.3,45.4,9.98,15.9
1997,7,10,9,21.2,965,62.1,0,2,4.7,72,NA,NA,736,181,712,604,351,122,124,14,366,402,94,13.7,47.3,10.24,16.5
1997,7,10,10,22.4,964.7,58.7,0,2.2,4.8,95,NA,NA,809,235,665,435,434,136,136,14,376,414,94,13.9,49,10.42,17
1997,7,10,11,23.7,964.1,53.9,0,1.6,5.4,67,NA,NA,852,385,514,278,476,182,169,14,379,421,94,13.8,50.2,10.36,17.4
1997,7,10,12,23.5,963.8,55.6,0,2.1,5.2,21,NA,2,239,234,5,109,119,110,107,14,375,398,94,14.1,50.5,10.56,17.5
1997,7,10,13,22.9,963.7,57.4,0,1.7,4.5,30,NA,NA,267,264,3,119,132,129,118,14,377,399,94,14,49.8,10.52,17.3
1997,7,10,14,23.3,963.9,59.1,0,1.8,3.6,103,NA,NA,344,297,60,133,170,206,133,14,395,412,94,14.9,51.7,11.1,17.9
1997,7,10,15,24.3,963.9,54.1,0,3,6.3,90,NA,NA,546,286,390,134,231,568,144,14,396,420,94,14.4,51.9,10.79,18
1997,7,10,16,22.7,964.7,55.2,0,3.3,7.7,67,NA,NA,148,148,0,68,70,81,70,14,384,394,94,13.3,48.2,9.97,16.8
1997,7,10,17,18.6,965,81.5,7,3.1,7.7,22,NA,NA,13,13,0,7,7,4,6,14,364,374,96,15.4,47.8,11.46,16.6
1997,7,10,18,17,965.7,87.8,1.5,1.2,3.7,80,NA,6,13,13,0,7,7,4,6,14,370,374,96,15,45.3,11.15,15.7
1997,7,10,19,17,965.8,89.6,0.8,0.9,2.7,339,NA,NA,4,4,0,2,2,0,1,14,368,373,96,15.3,45.9,11.38,15.9
1997,7,10,20,16.6,966.2,89.9,0.1,0.3,2.3,315,NA,NA,0,0,0,0,0,0,0,14,351,363,96,14.9,44.8,11.12,15.5
1997,7,10,21,16.5,966.6,91.1,0,0.3,1.5,180,NA,NA,0,0,0,0,0,0,0,14,349,361,96,15,44.9,11.2,15.6
1997,7,10,22,16.1,966.5,92.1,0,0.2,1.3,333,NA,NA,1,0,0,0,0,0,0,14,349,359,96,14.8,44.1,11.03,15.3
1997,7,10,23,15.9,966.3,91.5,0,0.1,1.5,270,NA,NA,1,0,0,0,0,0,0,14,332,349,96,14.5,43.4,10.82,15
1997,7,11,0,15.7,966.2,91.3,0,0,1.2,0,NA,NA,1,0,0,0,0,0,0,14,331,350,96,14.3,42.7,10.66,14.8
1997,7,11,1,15.9,966.2,91.3,0.1,0.2,1.7,315,NA,NA,1,0,0,0,0,0,0,14,334,353,96,14.5,43.3,10.8,15
1997,7,11,2,16,966.2,92.2,0,0,0.9,0,NA,NA,1,0,0,0,0,0,0,14,334,353,96,14.7,43.9,10.98,15.2
1997,7,11,3,16,966.3,92,0,0.1,1.2,45,NA,NA,1,0,0,0,0,0,0,14,333,353,96,14.7,43.8,10.95,15.2
1997,7,11,4,15.9,966.5,91.2,0,0.1,1.8,360,NA,NA,6,6,0,2,3,3,2,14,332,352,96,14.5,43.3,10.78,15
1997,7,11,5,16.3,966.7,90.4,0,0.3,1.7,342,NA,NA,59,59,0,35,27,26,30,14,380,380,94,14.7,44.1,10.96,15.3
1997,7,11,6,16.8,967,87.6,0,0.3,1.7,180,NA,7,79,79,0,40,37,36,38,14,383,383,94,14.7,44.7,10.96,15.5
1997,7,11,7,17.1,967.3,86.6,0,0.9,2.1,319,NA,NA,138,138,0,76,65,62,65,14,384,384,94,14.8,45.2,11.05,15.7
1997,7,11,8,17.4,967.3,80.8,0.1,0.8,2.2,315,NA,NA,206,203,5,116,97,90,93,14,341,366,94,14.1,44.1,10.49,15.4
1997,7,11,9,18.6,967.2,76.2,0,0.2,1.6,225,NA,NA,451,327,159,312,226,143,147,14,349,384,94,14.3,45.8,10.68,15.9
1997,7,11,10,20.4,967.2,67.6,0,1.1,3.4,336,NA,NA,670,401,312,364,363,168,169,14,359,397,94,14.2,47.4,10.59,16.5
1997,7,11,11,21.7,966.9,63.4,0,1.5,4.3,102,NA,NA,823,344,528,267,465,174,162,14,375,415,94,14.5,49.2,10.77,17.1
1997,7,11,12,22.9,966.6,57.8,0,1.6,4.8,86,NA,3,801,330,520,170,454,255,158,14,373,417,94,14.1,49.9,10.56,17.3
1997,7,11,13,23.9,966.1,53.2,0,1.4,3.8,97,NA,NA,784,315,542,156,425,418,156,14,380,423,94,13.8,50.3,10.32,17.5
1997,7,11,14,24.7,965.7,50.1,0,2.1,4.8,109,NA,NA,655,290,468,144,326,514,146,14,380,419,94,13.6,50.8,10.2,17.7
1997,7,11,15,23.5,965.9,55.9,0,4.2,7.7,73,NA,NA,524,288,356,133,226,543,142,14,370,402,94,14.2,50.6,10.6,17.6
1997,7,11,16,21,966.3,65.3,0,4.6,10.1,61,NA,NA,196,189,14,85,90,140,90,14,361,382,94,14.2,48.1,10.63,16.7
1997,7,11,17,19.6,966.9,73.8,0,1.8,6.6,60,NA,NA,70,70,0,34,34,33,34,14,360,375,94,14.8,47.7,11.02,16.6
1997,7,11,18,20.1,967.4,72.1,0,2.2,5.2,251,NA,7,42,42,0,20,20,20,20,14,377,383,94,14.9,48.4,11.1,16.8
1997,7,11,19,19.6,967.8,74.9,0,1.3,3.8,236,NA,NA,22,22,0,9,9,20,16,14,369,376,94,15,48.1,11.17,16.7
1997,7,11,20,18.1,968.3,82.6,0,0.7,2.9,153,NA,NA,0,0,0,0,0,0,0,14,369,369,94,15.1,46.6,11.21,16.2
1997,7,11,21,17.1,968.5,87.6,0,0.7,2.6,18,NA,NA,0,0,0,0,0,0,0,14,366,366,94,15,45.5,11.16,15.8
1997,7,11,22,16.5,968.5,89.8,0,0.9,2,41,NA,NA,0,0,0,0,0,0,0,14,364,364,94,14.8,44.5,11.01,15.4
1997,7,11,23,16.1,968.6,90.2,0,0,1.1,0,NA,NA,0,0,0,0,0,0,0,14,332,345,94,14.5,43.5,10.78,15.1
1997,7,12,0,15.5,968.3,90.4,0,0.3,2,180,NA,NA,0,0,0,0,0,0,0,14,329,340,94,13.9,41.9,10.39,14.5
1997,7,12,1,14.8,968.4,91.5,0,0.2,1.1,27,NA,NA,0,0,0,0,0,0,0,14,325,338,94,13.4,40.3,10.05,14
1997,7,12,2,14.6,968.5,91.6,0,0.4,1.8,45,NA,NA,0,0,0,0,0,0,0,14,317,333,94,13.2,39.8,9.93,13.8
1997,7,12,3,14.2,968.8,91,0,0,0.3,0,NA,NA,1,0,0,0,0,0,0,14,313,329,94,12.8,38.5,9.6,13.4
1997,7,12,4,14,968.9,91.5,0,0,0.7,0,NA,NA,13,13,0,8,6,6,7,14,317,332,94,12.6,38.1,9.53,13.2
1997,7,12,5,15,969,90.6,0,0.1,0.9,0,NA,NA,98,65,178,271,38,37,126,14,330,347,94,13.5,40.5,10.07,14.1
1997,7,12,6,16.3,969.1,89,0,0.7,1.6,34,NA,1,253,104,424,560,70,66,163,14,338,359,94,14.5,43.6,10.76,15.2
1997,7,12,7,18.2,969.1,78,0,0.9,4.1,90,NA,NA,420,139,547,675,105,90,108,14,344,380,94,14.3,45.3,10.64,15.8
1997,7,12,8,19.2,969.1,71.2,0,1.2,3.5,117,NA,NA,584,164,637,681,229,109,115,14,350,391,94,13.9,45.5,10.33,15.9
1997,7,12,9,20.7,968.9,65.3,0,1.3,4,85,NA,NA,732,185,704,604,354,123,124,14,353,396,94,14,47.2,10.4,16.5
1997,7,12,10,22.3,968.6,57.5,0,2,4.8,63,NA,NA,830,211,718,447,447,133,132,14,365,406,94,13.5,48.1,10.1,16.8
1997,7,12,11,23.6,968.1,53.5,0,2,5.8,77,NA,NA,829,343,536,269,470,174,162,14,380,417,94,13.6,49.6,10.17,17.3
1997,7,12,12,25.1,967.7,46.3,0,2.6,7,85,NA,4,841,288,610,164,478,257,153,14,382,423,94,12.8,49.8,9.63,17.4
1997,7,12,13,26.2,967.6,38.9,0,3.2,7.9,86,NA,NA,807,263,630,141,438,429,141,14,380,423,94,11.1,48.3,8.62,16.9
1997,7,12,14,25.7,967.5,40.3,0,3,7,32,NA,NA,686,286,513,145,341,539,148,14,379,417,94,11.2,48,8.67,16.8
1997,7,12,15,26.4,967.3,35.4,0,2.6,5,65,NA,NA,629,136,743,107,242,732,112,14,386,422,94,9.9,46.8,7.93,16.4
1997,7,12,16,26.3,967.5,36.3,0,2,4.2,90,NA,NA,437,142,569,93,108,696,107,14,385,418,94,10.2,47.1,8.09,16.5
1997,7,12,17,25.9,967.6,39.1,0,2,4.7,78,NA,NA,270,99,477,66,70,602,168,14,370,402,94,10.9,47.7,8.51,16.7
1997,7,12,18,24.6,967.5,48.2,0,1.6,2.9,68,NA,3,115,56,309,39,39,384,168,14,369,390,94,12.9,49.5,9.73,17.3
1997,7,12,19,22.2,968.1,58.5,0,1,2.4,53,NA,NA,15,15,0,7,7,9,8,14,357,369,94,13.7,48.3,10.22,16.9
1997,7,12,20,19.6,968.6,70.7,0,1,2.2,37,NA,NA,0,0,0,0,0,0,0,14,340,356,94,14.1,46.4,10.53,16.2
1997,7,12,21,18.5,968.9,72.9,0,0.6,1.4,79,NA,NA,0,0,0,0,0,0,0,14,333,347,94,13.6,44.3,10.12,15.5
1997,7,12,22,17.3,969.2,77.9,0,0.6,1.9,304,NA,NA,0,0,0,0,0,0,0,14,329,343,94,13.4,42.8,10.03,14.9
1997,7,12,23,16.7,969.4,80.6,0,0.2,0.9,225,NA,NA,0,0,0,0,0,0,0,14,323,339,94,13.3,42.1,9.98,14.6
1997,7,13,0,15.5,969.3,85.5,0,0.1,1.4,360,NA,NA,1,0,0,0,0,0,0,14,321,337,94,13.1,40.4,9.81,14
1997,7,13,1,15.4,969.4,85,0,0.1,1,270,NA,NA,0,0,0,0,0,0,0,14,319,335,94,12.9,40,9.69,13.9
1997,7,13,2,14.5,969.5,87.2,0,0,0.4,0,NA,NA,0,0,0,0,0,0,0,14,314,331,94,12.4,38.3,9.37,13.3
1997,7,13,3,14.2,969.7,88.3,0,0,0.2,0,NA,NA,1,0,0,0,0,0,0,14,313,329,94,12.3,37.8,9.3,13.1
1997,7,13,4,13.8,970,88.9,0,0,0.2,0,NA,NA,16,16,0,11,7,7,9,14,311,330,94,12,36.9,9.12,12.7
1997,7,13,5,15,970.1,86.7,0,0.1,1.1,45,NA,NA,103,57,252,330,36,35,147,14,323,344,94,12.8,39.4,9.62,13.7
1997,7,13,6,17.1,970.3,81.6,0,0.4,1.9,45,NA,1,252,103,427,561,70,65,162,14,334,359,94,13.9,43.4,10.36,15.1
1997,7,13,7,19,970.4,74.2,0,0.7,3.5,63,NA,NA,417,141,539,671,105,91,108,14,343,381,94,14.3,46,10.62,16.1
1997,7,13,8,20.9,970.3,64.1,0,1.3,3.6,99,NA,NA,589,166,644,689,232,110,116,14,357,394,94,13.9,47.2,10.32,16.5
1997,7,13,9,22.4,970.2,60.6,0,1.3,3.6,61,NA,NA,680,265,536,546,337,140,143,14,366,405,94,14.4,49.7,10.7,17.3
1997,7,13,10,23.9,970,57.5,0,1.2,4.4,58,NA,NA,801,284,602,435,436,152,152,14,375,418,94,15,52.4,11.13,18.2
1997,7,13,11,25.2,969.6,54.5,0,1.7,5,93,NA,NA,790,365,470,264,451,175,162,14,383,424,94,15.4,54.4,11.41,18.8
1997,7,13,12,26.9,969.1,46.4,0,2,4.2,106,NA,3,812,363,495,177,463,261,163,14,387,431,94,14.4,54.4,10.73,18.8
1997,7,13,13,27.1,968.8,41.4,0,2.1,4.3,101,NA,NA,586,348,277,155,324,316,154,14,381,424,94,12.9,51.9,9.68,18.1
1997,7,13,14,26,968.8,52.7,0,1.1,2.4,96,NA,NA,252,236,21,110,126,142,110,14,382,409,94,15.6,55.7,11.58,19.2
1997,7,13,15,24.6,969.1,61,0,1.8,3.9,87,NA,NA,175,174,1,81,84,92,81,14,378,400,94,16.6,56.2,12.35,19.3
1997,7,13,16,24.4,969,58.9,0,1.3,3.2,96,NA,NA,182,178,8,80,83,113,83,14,380,402,94,15.8,54.5,11.77,18.8
1997,7,13,17,24.9,968.7,55.3,0,0.8,2.8,172,NA,NA,149,138,30,62,63,132,76,14,377,400,94,15.3,54,11.38,18.7
1997,7,13,18,24.6,969.2,55.2,0,1,2.2,262,NA,6,114,64,262,39,39,347,153,14,374,396,94,15,53.1,11.15,18.4
1997,7,13,19,22.5,969.7,65.6,0,0.4,1.9,14,NA,NA,19,19,0,8,8,15,13,14,362,375,94,15.7,52.3,11.68,18.1
1997,7,13,20,20.6,970.2,75.3,0,0.5,2.5,112,NA,NA,0,0,0,0,0,0,0,14,374,374,94,16.1,51,11.93,17.7
1997,7,13,21,19.2,970.3,83.3,0,0.2,1.6,27,NA,NA,0,0,0,0,0,0,0,14,367,368,94,16.3,50,12.11,17.3
1997,7,13,22,18.6,970.4,85,0,0.1,0.9,270,NA,NA,1,0,0,0,0,0,0,14,360,362,94,16,48.9,11.89,16.9
1997,7,13,23,17.6,970.3,86.2,0,0.4,1.5,256,NA,NA,0,0,0,0,0,0,0,14,332,348,94,15.3,46.4,11.32,16.1
1997,7,14,0,16.8,970.3,88.5,0,0.1,1.4,135,NA,NA,1,0,0,0,0,0,0,14,330,345,94,14.9,44.8,11.04,15.6
1997,7,14,1,16.5,970.4,88.1,0,0.2,1.3,360,NA,NA,0,0,0,0,0,0,0,14,329,343,94,14.5,43.9,10.78,15.3
1997,7,14,2,16,970.5,89.6,0,0,0.9,0,NA,NA,1,0,0,0,0,0,0,14,334,345,94,14.3,42.9,10.61,14.9
1997,7,14,3,15.8,970.7,90.3,0,0.2,1.7,297,NA,NA,0,0,0,0,0,0,0,14,334,345,94,14.2,42.6,10.56,14.8
1997,7,14,4,16.2,971.1,90.3,0,0.3,1.9,333,NA,NA,13,13,0,9,6,6,8,14,335,349,94,14.6,43.7,10.83,15.2
1997,7,14,5,16.9,971.1,89.2,0,0.3,1.9,45,NA,NA,82,65,92,177,34,34,88,14,355,364,94,15.1,45.3,11.19,15.8
1997,7,14,6,18.3,971.6,84.6,0,0.6,2.2,315,NA,7,149,137,34,139,63,60,77,14,363,373,94,15.7,47.8,11.6,16.6
1997,7,14,7,18.3,971.9,88.5,2.6,1.2,3.9,286,NA,NA,59,59,0,26,29,28,29,14,362,371,94,16.4,49.2,12.14,17.1
1997,7,14,8,18.6,971.5,89.5,0.1,1,3.8,63,NA,NA,247,227,31,165,117,101,105,14,359,375,94,16.8,50.4,12.52,17.4
1997,7,14,9,20.5,971.6,82.4,0,1,3.4,90,NA,NA,661,266,510,531,330,139,142,14,370,404,94,17.4,53.6,12.98,18.5
1997,7,14,10,21.5,971.5,75,0,2.2,4.3,101,NA,NA,609,328,327,333,335,151,152,14,371,405,94,16.9,53.5,12.56,18.5
1997,7,14,11,20.5,971.8,76.9,0,2.9,5.1,68,NA,NA,163,162,2,79,81,75,76,14,361,384,96,16.3,51.3,12.09,17.8
1997,7,14,12,16.7,973.8,88,19.4,3.5,11.3,54,NA,8,13,13,0,7,7,7,7,14,341,360,96,14.7,44.3,10.87,15.5
1997,7,14,13,16.4,974.5,91.1,2,2.9,7.3,116,NA,NA,82,82,0,40,40,39,40,14,345,362,96,14.9,44.4,11.03,15.5
1997,7,14,14,17.4,974.7,86.6,0,2.5,5.1,27,NA,NA,277,255,28,117,139,158,117,14,351,374,96,15.1,45.8,11.17,15.9
1997,7,14,15,18.7,974.3,77.7,0,2.6,5.5,37,NA,NA,453,316,207,134,207,433,143,14,354,388,96,14.7,46.4,10.88,16.2
1997,7,14,16,19.3,973.8,71.1,0,1.1,3.4,354,NA,NA,368,212,302,104,124,509,122,14,356,392,96,13.9,45.6,10.33,15.9
1997,7,14,17,19.7,973.4,67.8,0,0.3,1.9,270,NA,NA,285,115,481,72,77,625,175,14,351,384,94,13.6,45.4,10.1,15.9
1997,7,14,18,19.5,973.1,71.7,0,0.5,1.8,180,NA,3,114,62,277,38,38,358,156,14,350,371,94,14.3,46.4,10.56,16.2
1997,7,14,19,18.7,973.1,76.8,0,0.8,2.3,230,NA,NA,24,24,0,10,10,27,20,14,342,356,94,14.5,46.1,10.76,16.1
1997,7,14,20,16.9,974,86.5,0,0.3,1.4,270,NA,NA,0,0,0,0,0,0,0,14,336,347,94,14.6,44.4,10.82,15.5
1997,7,14,21,16.3,974.1,89.7,0,0.2,2.4,360,NA,NA,1,0,0,0,0,0,0,14,335,346,94,14.6,43.7,10.79,15.2
1997,7,14,22,16,974.8,90.4,0,1.6,8,63,NA,NA,0,0,0,0,0,0,0,14,336,347,94,14.4,43.1,10.66,15
1997,7,14,23,16.8,975.1,86.6,0,2.4,5.3,82,NA,NA,0,0,0,0,0,0,0,14,335,350,94,14.6,44.1,10.75,15.4
1997,7,15,0,15.5,974.9,83.1,0,2.1,4,345,NA,NA,0,0,0,0,0,0,0,14,324,341,94,12.6,39.5,9.47,13.8
1997,7,15,1,14.9,974.5,80.3,0,1.1,3.1,288,NA,NA,1,0,0,0,0,0,0,14,320,336,94,11.5,37.2,8.8,12.9
1997,7,15,2,13.8,974.6,87.3,0,0.5,2,259,NA,NA,0,0,0,0,0,0,0,14,316,331,94,11.7,36.4,8.91,12.6
1997,7,15,3,13.3,974.6,89.8,0,0.4,2.1,270,NA,NA,1,0,0,0,0,0,0,14,315,329,94,11.7,35.8,8.87,12.4
1997,7,15,4,13,974.7,89.6,0,0.3,1.5,288,NA,NA,9,9,0,5,4,4,4,14,314,329,94,11.3,35,8.68,12
1997,7,15,5,13.9,974.5,86.9,0,0.1,1.2,270,NA,NA,99,57,239,317,35,34,140,14,323,341,94,11.8,36.5,8.93,12.7
1997,7,15,6,16.1,974.5,77.7,0,0.4,2.1,90,NA,4,248,102,422,557,69,64,159,14,333,359,94,12.2,39.5,9.2,13.8
1997,7,15,7,17.6,974.5,72.1,0,0.4,2.6,45,NA,NA,344,215,255,474,121,101,121,14,344,375,94,12.5,41.5,9.4,14.5
1997,7,15,8,19.3,974.6,70.8,0,1,3.1,41,NA,NA,581,200,583,672,239,118,125,14,361,394,94,13.9,45.5,10.28,15.9
1997,7,15,9,21.1,974.5,65.5,0,1.1,3.3,30,NA,NA,737,159,748,614,359,116,117,14,373,406,94,14.4,48.2,10.64,16.9
1997,7,15,10,23.2,974.3,61.2,0,1.5,4.7,85,NA,NA,825,201,728,447,451,130,130,14,382,417,94,15.3,52.1,11.31,18.1
1997,7,15,11,24.3,973.8,54,0,1.3,4.7,117,NA,NA,836,328,564,270,481,172,160,14,386,421,94,14.4,51.6,10.65,18
1997,7,15,12,25.1,973.5,50.1,0,2.2,4.8,87,NA,3,722,421,333,190,414,254,175,14,381,420,94,14,51.7,10.37,18
1997,7,15,13,25.2,973.2,52.6,0,2.6,4.7,90,NA,NA,737,341,460,157,409,396,157,14,390,426,94,14.8,53.3,10.96,18.5
1997,7,15,14,25.5,972.7,49.3,0,2,5,87,NA,NA,521,340,233,147,270,386,149,14,389,418,94,14.1,52.3,10.46,18.2
1997,7,15,15,25.8,972.6,46.4,0,2.7,5,99,NA,NA,469,297,261,133,211,458,140,14,386,415,94,13.4,51.5,10.01,17.9
1997,7,15,16,25.2,972.5,48.9,0,2.7,4.6,79,NA,NA,425,134,565,89,109,685,103,14,386,414,94,13.7,51.3,10.19,17.9
1997,7,15,17,25,972.3,48.5,0,2.6,5.3,74,NA,NA,265,100,466,65,70,594,162,14,374,402,94,13.4,50.6,9.98,17.7
1997,7,15,18,24,972.4,53.8,0,2,3.5,37,NA,1,117,62,295,38,38,375,162,14,368,390,94,14.1,50.7,10.44,17.7
1997,7,15,19,22,972.7,55.7,0,1.9,4.4,16,NA,NA,13,13,0,6,6,8,7,14,353,369,94,12.7,46.4,9.56,16.2
1997,7,15,20,20,973,61.6,0,1.7,4.3,79,NA,NA,0,0,0,0,0,0,0,14,339,354,94,12.4,43.8,9.34,15.4
1997,7,15,21,18.5,973.3,69.9,0,0.6,2.3,39,NA,NA,0,0,0,0,0,0,0,14,332,345,94,12.9,43.1,9.66,15.1
1997,7,15,22,17.4,973.4,72.3,0,0.8,2.4,30,NA,NA,0,0,0,0,0,0,0,14,327,341,94,12.4,41.1,9.31,14.4
1997,7,15,23,16.1,973.3,78.1,0,0,0.6,0,NA,NA,0,0,0,0,0,0,0,14,320,334,94,12.3,39.6,9.26,13.8
1997,7,16,0,15,972.8,84,0,0,0.9,0,NA,NA,0,0,0,0,0,0,0,14,317,331,94,12.3,38.6,9.29,13.4
1997,7,16,1,14.5,972.5,85.4,0,0.1,0.8,270,NA,NA,1,0,0,0,0,0,0,14,313,328,94,12.1,37.7,9.15,13.1
1997,7,16,2,13.5,972,87.8,0,0.1,1.1,270,NA,NA,0,0,0,0,0,0,0,14,309,325,94,11.5,35.8,8.81,12.3
1997,7,16,3,13.6,971.9,85.7,0,0.2,1.4,270,NA,NA,0,0,0,0,0,0,0,14,307,324,94,11.3,35.5,8.66,12.3
1997,7,16,4,13.3,972.2,85.8,0,0.2,1.3,243,NA,NA,1,0,0,0,0,0,0,14,309,327,94,11,34.8,8.49,12
1997,7,16,5,14.8,971.9,79.1,0,0.3,2.8,252,NA,NA,112,48,362,425,35,35,180,14,327,345,94,11.2,36.7,8.64,12.7
1997,7,16,6,17,972,73.6,0,0.5,1.7,270,NA,4,237,109,371,517,71,66,153,14,337,360,94,12.3,40.5,9.26,14.2
1997,7,16,7,18.9,972,69.8,0,0.8,3.4,60,NA,NA,428,115,619,716,100,87,99,14,348,384,94,13.3,44.1,9.9,15.5
1997,7,16,8,20.1,971.6,61.4,0,1.3,4.7,76,NA,NA,601,133,717,717,236,104,109,14,346,390,94,12.4,44,9.38,15.4
1997,7,16,9,21.4,971.2,59.5,0,2.6,6.2,59,NA,NA,742,142,778,618,362,114,115,14,352,391,94,13.2,46.6,9.86,16.3
1997,7,16,10,22.7,970.7,58.5,0,1.7,5.6,52,NA,NA,828,202,731,450,455,131,130,14,356,401,94,14.1,49.6,10.51,17.2
1997,7,16,11,23.8,969.9,55.1,0,2.9,5.2,104,NA,NA,831,310,578,267,481,168,157,14,371,413,94,14.2,50.9,10.59,17.7
1997,7,16,12,24.8,969.4,51.7,0,1.8,4.5,112,NA,2,864,257,674,151,499,251,141,14,378,424,94,14.2,51.8,10.56,18
1997,7,16,13,25.9,968.7,50.6,0,1.3,3.7,112,NA,NA,815,261,644,141,451,434,141,14,386,430,94,14.9,54.2,11.05,18.8
1997,7,16,14,26.7,967.9,48.9,0,1.6,4.1,79,NA,NA,647,284,468,142,331,511,144,14,392,430,94,15.1,55.4,11.2,19.1
1997,7,16,15,27.3,967.3,45.1,0,1.9,4.2,99,NA,NA,568,190,573,114,239,651,121,14,386,427,94,14.4,54.8,10.7,18.9
1997,7,16,16,27.4,966.5,42.7,0,1.9,3.9,84,NA,NA,405,161,476,96,118,634,111,14,387,421,94,13.6,53.6,10.19,18.5
1997,7,16,17,26.6,966.3,44.6,0,1.7,3.1,83,NA,NA,242,113,367,68,73,515,150,14,379,408,94,13.6,52.7,10.16,18.3
1997,7,16,18,25.1,966.4,47.8,0,1.6,3.7,68,NA,3,101,61,220,36,37,304,134,14,372,392,94,13.3,50.6,9.96,17.6
1997,7,16,19,22.7,966.6,61.9,0,0.7,2.1,39,NA,NA,17,17,0,7,7,13,11,14,364,375,94,15,51.3,11.18,17.8
1997,7,16,20,21.2,966.6,67.9,0,0.1,1,270,NA,NA,1,0,0,0,0,0,0,14,350,361,94,15,49.8,11.19,17.2
1997,7,16,21,19.9,966.6,75.5,0,0.1,1.2,90,NA,NA,0,0,0,0,0,0,0,14,346,357,94,15.4,49.2,11.49,17
1997,7,16,22,19,966.6,82.3,0,0.2,1.5,333,NA,NA,0,0,0,0,0,0,0,14,342,356,94,15.9,49.2,11.85,17
1997,7,16,23,18.7,966.3,83,0,0.3,1.7,117,NA,NA,2,0,0,0,0,0,0,14,356,363,94,15.8,48.6,11.73,16.8
1997,7,17,0,18.4,965.9,85.1,0,0,0.8,0,NA,NA,1,0,0,0,0,0,0,14,352,360,94,15.9,48.4,11.81,16.8
1997,7,17,1,17.9,965.4,85.3,0,0,0.8,0,NA,NA,0,0,0,0,0,0,0,14,350,357,94,15.4,47.1,11.47,16.3
1997,7,17,2,17.6,965.1,85.7,0,0.1,0.9,270,NA,NA,2,0,0,0,0,0,0,14,355,360,94,15.2,46.4,11.31,16.1
1997,7,17,3,17.5,964.9,87.8,0,0.5,2,37,NA,NA,0,0,0,0,0,0,0,14,356,363,94,15.5,46.8,11.52,16.2
1997,7,17,4,17.6,964.8,88.1,0,0,1,0,NA,NA,5,5,0,2,3,3,2,14,358,364,94,15.6,47.2,11.64,16.3
1997,7,17,5,18,964.3,88.6,0,0.5,1.8,45,NA,NA,37,37,0,17,18,17,17,14,389,389,94,16.1,48.6,12.02,16.8
1997,7,17,6,19.3,963.6,84.5,0,1.1,2.9,80,NA,7,184,136,139,284,69,64,108,14,399,399,94,16.6,51,12.45,17.5
1997,7,17,7,20.7,963.2,77.3,0,1.2,3.5,31,NA,NA,304,217,173,378,115,97,114,14,408,410,94,16.6,52.4,12.42,18
1997,7,17,8,22.1,962.8,67.7,0,2.3,4.8,61,NA,NA,525,252,420,573,228,125,134,14,373,403,94,15.9,52.3,11.85,18.1
1997,7,17,9,23,962.8,62.7,0,2.2,5.4,62,NA,NA,619,322,387,491,318,145,149,14,380,413,94,15.5,52.6,11.59,18.1
1997,7,17,10,23.9,962.5,59.1,0,1.5,3.5,90,NA,NA,461,384,90,240,241,161,163,14,382,413,94,15.4,53.4,11.53,18.4
1997,7,17,11,24.4,961.9,56.4,0,1.1,3.8,96,NA,NA,484,417,74,208,261,178,174,14,385,419,94,15.2,53.4,11.34,18.4
1997,7,17,12,25.7,961.7,55.7,0,1,4.4,198,NA,6,508,418,100,184,274,208,176,14,397,429,94,16.2,56.7,12.12,19.4
1997,7,17,13,27,961.6,52.1,0,2.2,9.4,343,NA,NA,683,401,329,171,380,366,170,14,392,431,94,16.3,58.4,12.25,19.9
1997,7,17,14,25.5,961.6,54.3,0,2.6,6.2,18,NA,NA,213,205,11,95,103,110,94,14,389,407,94,15.6,55.4,11.67,19
1997,7,17,15,23.3,962.2,69.1,0,3.5,9.2,154,NA,NA,257,249,13,110,121,152,111,14,375,399,94,17.3,56.6,13.04,19.3
1997,7,17,16,20.2,962.4,77.8,3.2,4.9,11.6,147,NA,NA,110,110,0,52,52,55,52,14,356,374,94,16.2,51.1,12.13,17.6
1997,7,17,17,18.4,962.8,86.9,2.4,2.4,8.5,149,NA,NA,58,58,0,28,28,25,28,14,369,378,96,16.2,49.2,12.11,17
1997,7,17,18,18.5,963.2,85.8,0,1.5,4.8,340,NA,8,33,33,0,16,16,13,15,14,369,377,96,16.1,49.1,12.02,17
1997,7,17,19,18.5,963.4,85.9,0,0.5,2.2,117,NA,NA,9,9,0,4,4,4,4,14,371,377,96,16.1,49.1,12.03,17
1997,7,17,20,18.5,964,86.9,0,0.9,3.2,216,NA,NA,0,0,0,0,0,0,0,14,361,372,96,16.3,49.5,12.17,17.1
1997,7,17,21,17.9,964.1,88.6,0,0.6,2,180,NA,NA,1,0,0,0,0,0,0,14,359,368,96,16,48.3,11.94,16.7
1997,7,17,22,17.5,964.3,89.1,0,0.5,3,135,NA,NA,0,0,0,0,0,0,0,14,355,364,96,15.7,47.2,11.7,16.4
1997,7,17,23,17.3,963.9,88.4,0,0.5,3.1,207,NA,NA,0,0,0,0,0,0,0,14,350,361,96,15.4,46.4,11.47,16.1
1997,7,18,0,17.9,963.9,81.3,0,1.2,3.1,207,NA,NA,1,0,0,0,0,0,0,14,348,362,96,14.7,45.7,10.94,15.9
1997,7,18,1,17.2,963.8,83.5,0,1.3,3.9,169,NA,NA,0,0,0,0,0,0,0,14,346,361,96,14.4,44.5,10.75,15.5
1997,7,18,2,17.2,963.6,74.7,0,2,4.9,233,NA,NA,1,0,0,0,0,0,0,14,334,351,96,12.7,41.6,9.6,14.5
1997,7,18,3,17.2,963.4,74.6,0,2.3,5.7,232,NA,NA,0,0,0,0,0,0,0,14,336,354,96,12.7,41.6,9.59,14.5
1997,7,18,4,17.1,963.9,79.4,1.9,4.9,8.2,246,NA,NA,0,0,0,0,0,0,0,14,336,356,96,13.5,42.9,10.15,14.9
1997,7,18,5,16.4,964.3,83.1,1.1,2.4,8,247,NA,NA,23,23,0,8,11,11,10,14,371,371,96,13.5,42.2,10.16,14.6
1997,7,18,6,16.9,964.9,68.6,0,2.3,7,306,NA,6,57,57,0,25,27,27,27,14,372,373,96,11.1,38.8,8.63,13.5
1997,7,18,7,17.3,965,66.2,0,1,4,214,NA,NA,220,186,67,216,95,84,94,14,379,388,96,10.9,39,8.54,13.5
1997,7,18,8,16.5,965.7,71.8,2.7,3.9,8.8,261,NA,NA,142,142,0,73,68,65,67,14,366,374,96,11.4,38.9,8.8,13.5
1997,7,18,9,15,965.7,88,3,1.8,3.8,223,NA,NA,86,86,0,42,42,41,42,14,371,372,96,13,39.9,9.81,13.8
1997,7,18,10,14.8,966.7,85.7,1.9,1.7,4.5,228,NA,NA,111,111,0,54,54,52,53,14,368,372,96,12.4,38.7,9.42,13.4
1997,7,18,11,14.7,966.9,82.7,0.5,2.1,5.3,217,NA,NA,120,120,0,59,59,57,58,14,369,371,96,11.8,37.6,9.02,13
1997,7,18,12,15.4,967.4,79.5,0.2,1.7,4.6,279,NA,7,210,208,2,98,104,98,96,14,365,373,96,11.9,38.4,9.07,13.3
1997,7,18,13,15.6,967.5,78.1,0.2,1.2,3.8,189,NA,NA,328,319,10,140,164,159,139,14,378,389,96,11.8,38.5,9.02,13.4
1997,7,18,14,14.7,968.1,81.4,2.1,1.8,7.3,217,NA,NA,144,144,0,68,70,70,68,14,369,371,96,11.6,37.2,8.87,12.9
1997,7,18,15,15.4,968.3,80.8,0,1.2,3.8,139,NA,NA,223,219,7,98,106,126,99,14,374,379,96,12.1,38.8,9.21,13.4
1997,7,18,16,16,968.5,70.6,0.1,1.2,3.6,194,NA,NA,246,193,104,89,101,252,98,14,377,386,96,10.7,37.2,8.35,12.9
1997,7,18,17,16,969.2,72.5,0,0.9,2.6,225,NA,NA,78,78,0,37,37,38,37,14,366,370,96,11.1,37.8,8.57,13.1
1997,7,18,18,14.6,969.7,83.1,1.2,1.4,3.3,288,NA,7,27,27,0,13,13,10,12,14,359,363,96,11.8,37.4,8.98,13
1997,7,18,19,14.1,970.3,83.3,0,1.8,3.9,223,NA,NA,11,11,0,5,5,6,6,14,358,360,96,11.3,36.2,8.71,12.5
1997,7,18,20,14.3,970.8,86.7,0.1,1.6,3.8,220,NA,NA,0,0,0,0,0,0,0,14,367,367,96,12.1,37.6,9.18,13
1997,7,18,21,14,971.2,88.5,0.2,1.1,3.4,236,NA,NA,0,0,0,0,0,0,0,14,365,365,96,12.1,37.3,9.19,12.9
1997,7,18,22,13.9,971,89.7,0,0.3,1.4,297,NA,NA,0,0,0,0,0,0,0,14,364,364,96,12.2,37.4,9.26,12.9
1997,7,18,23,13.7,970.8,90.2,0.1,0.1,1.9,360,NA,NA,0,0,0,0,0,0,0,14,362,362,96,12.1,37,9.19,12.8
1997,7,19,0,13.6,970.7,91.1,0.1,0.5,2.5,270,NA,NA,0,0,0,0,0,0,0,14,363,363,96,12.2,37,9.22,12.8
1997,7,19,1,13.6,971.1,91,0,0.5,2.1,288,NA,NA,0,0,0,0,0,0,0,14,362,362,96,12.2,36.9,9.21,12.8
1997,7,19,2,13.5,971.1,91,0.2,0.5,1.4,270,NA,NA,0,0,0,0,0,0,0,14,363,363,96,12.1,36.7,9.15,12.7
1997,7,19,3,13.5,971.4,92.2,0,0.2,1.7,90,NA,NA,0,0,0,0,0,0,0,14,362,362,96,12.3,37,9.27,12.8
1997,7,19,4,13.1,971.6,92,0,0.2,1.7,360,NA,NA,7,7,0,3,3,3,3,14,361,361,96,11.8,35.9,9,12.3
1997,7,19,5,13.4,971.8,88.4,0,0,1.1,0,NA,NA,78,61,99,179,32,32,86,14,326,346,96,11.5,35.7,8.82,12.3
1997,7,19,6,14.1,971.9,86.6,0,1,2.4,270,NA,6,105,105,0,63,49,47,51,14,328,350,96,11.9,37,9.04,12.8
1997,7,19,7,14.5,972.2,84.2,0,1.7,3.1,256,NA,NA,121,121,0,65,57,55,57,14,329,354,96,11.9,37.4,9.02,13
1997,7,19,8,15.1,972.2,80.7,0,1.8,3.3,254,NA,NA,233,221,18,151,113,98,102,14,373,382,96,11.8,37.9,8.98,13.2
1997,7,19,9,16.3,972.4,75.3,0,1.2,3.1,250,NA,NA,318,307,15,177,155,130,133,14,380,393,96,11.9,39.3,9.05,13.7
1997,7,19,10,17.1,972.5,64.7,0,1,3.7,270,NA,NA,378,372,8,190,190,154,157,14,381,399,96,10.4,37.9,8.17,13.2
1997,7,19,11,17.6,972.4,65.2,0,1.5,3.5,23,NA,NA,363,341,24,167,194,150,148,14,342,374,94,11,39.2,8.5,13.7
1997,7,19,12,18.7,972.2,57.6,0,1.3,4.8,50,NA,6,703,421,314,188,411,251,174,14,350,390,94,10.2,39.2,8.05,13.7
1997,7,19,13,19,972.3,59.5,0,2.3,7,75,NA,NA,329,298,36,134,172,167,134,14,352,378,94,10.9,40.6,8.47,14.2
1997,7,19,14,18.5,972.6,57.5,0,4.2,7.6,24,NA,NA,235,233,2,105,114,121,105,14,384,386,94,10,38.7,7.93,13.6
1997,7,19,15,17.9,972.6,63.5,0,2.3,4.8,30,NA,NA,128,128,0,61,62,63,61,14,384,384,94,10.9,39.4,8.44,13.8
1997,7,19,16,17.8,972.7,65.9,0,1.6,4,67,NA,NA,171,168,5,76,79,103,78,14,386,387,94,11.3,40,8.7,13.9
1997,7,19,17,17.6,973.1,67.2,0,1.5,3.3,62,NA,NA,120,119,4,54,54,77,58,14,375,380,94,11.4,39.9,8.76,13.9
1997,7,19,18,16.9,973.3,73,0,1.6,3,50,NA,6,54,54,0,25,25,30,27,14,370,370,94,12,40.1,9.11,14
1997,7,19,19,16,973.6,77.8,0,1.5,4,56,NA,NA,11,11,0,5,5,7,6,14,366,366,94,12.1,39.3,9.17,13.7
1997,7,19,20,14.8,974.1,84.1,0,1.1,3.8,37,NA,NA,0,0,0,0,0,0,0,14,322,335,94,12.1,38.1,9.17,13.2
1997,7,19,21,14.1,974.1,85.9,0,0.1,1.5,0,NA,NA,0,0,0,0,0,0,0,14,319,329,94,11.8,36.8,8.95,12.8
1997,7,19,22,13.4,974.1,88.6,0,0.2,1.7,270,NA,NA,0,0,0,0,0,0,0,14,314,325,94,11.6,35.7,8.82,12.4
1997,7,19,23,12.8,973.8,88.8,0,0,1,0,NA,NA,1,0,0,0,0,0,0,14,301,318,94,11,34.3,8.49,11.8
1997,7,20,0,12.3,973.6,89.7,0,0.2,1.1,225,NA,NA,0,0,0,0,0,0,0,14,301,318,94,10.7,33.3,8.3,11.4
1997,7,20,1,11.9,973.4,89.2,0,0.3,2.1,252,NA,NA,0,0,0,0,0,0,0,14,296,314,94,10.2,32.2,8.04,10.9
1997,7,20,2,11.4,973.2,90.4,0,0,0.4,0,NA,NA,0,0,0,0,0,0,0,14,297,313,94,9.9,31.3,7.88,10.6
1997,7,20,3,11.2,973.1,89.9,0,0,0.4,0,NA,NA,0,0,0,0,0,0,0,14,294,311,94,9.6,30.8,7.74,10.3
1997,7,20,4,10.6,973.3,90.1,0,0,0.2,0,NA,NA,11,11,0,8,5,5,7,14,291,308,94,9,29.4,7.44,9.7
1997,7,20,5,11.6,973.4,89.6,0,0,1.4,0,NA,NA,96,61,214,299,36,35,131,14,312,329,94,10,31.6,7.92,10.7
1997,7,20,6,14.1,973.4,86.2,0,0.1,1.4,360,NA,1,233,99,400,535,67,62,149,14,325,345,94,11.8,36.9,8.99,12.8
1997,7,20,7,15.7,973.4,81.6,0,1,2.7,6,NA,NA,456,135,646,767,113,92,105,14,332,365,94,12.6,39.7,9.44,13.8
1997,7,20,8,17.2,973,72.5,0,1.8,4.5,50,NA,NA,576,156,651,692,240,106,112,14,335,371,94,12.2,40.7,9.23,14.2
1997,7,20,9,18.5,972.6,64.3,0,3.1,5.9,56,NA,NA,715,190,686,603,366,123,124,14,343,382,94,11.6,41.1,8.88,14.4
1997,7,20,10,20,972.3,59,0,2.2,6.6,71,NA,NA,825,198,738,453,465,130,129,14,350,392,94,11.7,42.8,8.95,15
1997,7,20,11,21.3,971.8,48.3,0,2.3,5.2,88,NA,NA,848,271,644,261,500,153,142,14,361,406,94,9.9,41.6,7.93,14.6
1997,7,20,12,21.8,971.3,45.2,0,2,5.4,45,NA,2,886,257,701,154,523,256,143,14,362,408,94,9.4,41.4,7.65,14.5
1997,7,20,13,21.9,971.1,47.3,0,3.2,7.1,41,NA,NA,685,382,355,168,387,367,167,14,364,399,94,10.2,42.5,8.06,14.9
1997,7,20,14,22.5,970.8,44.4,0,2.6,5.7,76,NA,NA,644,267,489,138,338,514,140,14,378,412,94,9.8,42.6,7.85,15
1997,7,20,15,23,970.5,44.5,0,2.5,4.9,81,NA,NA,621,164,701,111,261,730,117,14,383,414,94,10.3,43.8,8.11,15.4
1997,7,20,16,22.4,970.1,45.1,0,2.2,4.6,79,NA,NA,431,158,538,97,126,690,111,14,382,407,94,9.9,42.7,7.93,15
1997,7,20,17,21.5,970.3,47.5,0,2.3,4.9,75,NA,NA,207,138,199,69,75,367,123,14,349,376,94,9.9,41.7,7.9,14.7
1997,7,20,18,20.3,970.8,55,0,3,5.5,36,NA,2,100,54,264,34,34,337,141,14,344,368,94,11,42,8.5,14.7
1997,7,20,19,18.3,971.3,61.9,0,4.1,7.7,73,NA,NA,13,13,0,6,6,10,8,14,334,354,94,10.9,39.8,8.45,13.9
1997,7,20,20,16.8,971.7,69,0,3.4,7,65,NA,NA,0,0,0,0,0,0,0,14,326,344,94,11.1,38.6,8.56,13.5
1997,7,20,21,15.3,971.7,75.9,0,1.5,3.4,32,NA,NA,0,0,0,0,0,0,0,14,321,336,94,11.1,37,8.56,12.9
1997,7,20,22,14.3,971.4,76.4,0,0.7,1.7,247,NA,NA,0,0,0,0,0,0,0,14,315,326,94,10.2,34.8,8.07,12
1997,7,20,23,13.1,971.4,77.6,0,0.5,2,297,NA,NA,0,0,0,0,0,0,0,14,308,320,94,9.3,32.3,7.58,11
1997,7,21,0,12,971.1,82.6,0,0,0.9,0,NA,NA,0,0,0,0,0,0,0,14,304,316,94,9.1,31,7.51,10.4
1997,7,21,1,11.4,970.9,86,0,0,0.4,0,NA,NA,1,0,0,0,0,0,0,14,300,315,94,9.1,30.4,7.51,10.1
1997,7,21,2,11.1,970.7,86.7,0,0.3,1.5,252,NA,NA,0,0,0,0,0,0,0,14,292,310,94,9,29.9,7.43,10
1997,7,21,3,10.7,970.8,86.5,0,0.1,1,0,NA,NA,0,0,0,0,0,0,0,14,287,306,94,8.5,28.9,7.21,9.5
1997,7,21,4,10.2,970.8,87.3,0,0.1,0.9,270,NA,NA,0,0,0,0,0,0,0,14,288,306,94,8.2,28,7.04,9.1
1997,7,21,5,11.7,971,81.7,0,0,1.1,0,NA,NA,95,54,251,326,33,33,139,14,310,327,94,8.7,30.1,7.28,10.1
1997,7,21,6,14.2,971,79.3,0,0.2,3.8,45,NA,1,248,83,499,611,66,62,159,14,322,344,94,10.7,35.3,8.33,12.2
1997,7,21,7,16,971.1,73.5,0,1.8,6.5,66,NA,NA,419,114,615,717,107,86,98,14,329,365,94,11.3,38,8.67,13.2
1997,7,21,8,17.4,971,66.1,0,3.4,6.4,53,NA,NA,592,134,714,719,245,104,108,14,334,370,94,11,39.1,8.53,13.6
1997,7,21,9,18.6,970.7,59.8,0,3.6,7.3,58,NA,NA,739,135,791,626,373,113,113,14,341,380,94,10.6,39.8,8.32,13.9
1997,7,21,10,20.1,970.5,52.3,0,4.3,7.6,59,NA,NA,832,188,758,456,471,128,127,14,344,385,94,10,40.5,7.98,14.2
1997,7,21,11,20.8,970.2,47.2,0,4.7,8.6,60,NA,NA,815,359,510,273,483,176,164,14,345,387,94,9.1,40,7.52,14
1997,7,21,12,21.7,969.9,40.9,0,3.4,7,67,NA,4,783,387,442,180,464,258,165,14,345,392,94,7.8,39.3,6.88,13.8
1997,7,21,13,22.1,969.8,41.6,0,3.3,6,67,NA,NA,705,364,399,167,398,377,166,14,353,396,94,8.5,40.5,7.18,14.2
1997,7,21,14,22.6,969.6,39.8,0,3.2,6.4,73,NA,NA,588,352,307,154,309,443,156,14,348,393,94,8.3,40.7,7.08,14.3
1997,7,21,15,23,969.3,39.2,0,3,5.8,68,NA,NA,538,241,457,125,242,590,132,14,355,395,94,8.4,41.3,7.14,14.5
1997,7,21,16,23,969,36.4,0,3.2,5.5,58,NA,NA,452,112,673,88,117,763,99,14,350,391,94,7.3,40,6.63,14
1997,7,21,17,22.8,968.9,38,0,2.9,5.2,54,NA,NA,266,86,526,64,69,638,160,14,350,385,94,7.8,40.3,6.84,14.2
1997,7,21,18,21.6,969.1,43.4,0,2.3,4.2,38,NA,4,106,56,288,37,37,367,152,14,343,369,94,8.6,40.2,7.27,14.1
1997,7,21,19,18.5,969.2,60.2,0,1.1,2.4,354,NA,NA,8,8,0,4,4,3,4,14,335,350,94,10.6,39.7,8.33,13.9
1997,7,21,20,17.1,969.7,67.6,0,0.2,2.4,135,NA,NA,0,0,0,0,0,0,0,14,319,334,94,11.1,38.9,8.57,13.6
1997,7,21,21,16.1,970.1,70.8,0,0.4,2,90,NA,NA,0,0,0,0,0,0,0,14,315,329,94,10.8,37.5,8.41,13
1997,7,21,22,14.6,970.2,77.7,0,0.1,1,225,NA,NA,0,0,0,0,0,0,0,14,311,326,94,10.8,35.9,8.39,12.4
1997,7,21,23,14.1,970.4,80.1,0,0.3,1.3,252,NA,NA,1,0,0,0,0,0,0,14,307,324,94,10.7,35.3,8.37,12.1
1997,7,22,0,13.6,970.1,82.8,0,0,0.9,0,NA,NA,0,0,0,0,0,0,0,14,307,322,94,10.7,34.8,8.38,11.9
1997,7,22,1,12.5,969.9,86.8,0,0,1.2,0,NA,NA,0,0,0,0,0,0,0,14,301,317,94,10.4,33.2,8.17,11.3
1997,7,22,2,12.2,970,87.5,0,0,1.2,0,NA,NA,0,0,0,0,0,0,0,14,297,315,94,10.2,32.6,8.07,11.1
1997,7,22,3,11.7,970.2,88.9,0,0,0.4,0,NA,NA,0,0,0,0,0,0,0,14,297,314,94,9.9,31.8,7.93,10.7
1997,7,22,4,12.1,970.5,87.7,0,0.2,1.1,243,NA,NA,0,0,0,0,0,0,0,14,298,315,94,10.1,32.4,8.03,11
1997,7,22,5,12.6,970.7,87.2,0,0.3,1.2,297,NA,NA,94,54,247,323,33,33,137,14,309,329,94,10.5,33.5,8.26,11.4
1997,7,22,6,15.1,971,79.6,0,0.1,1.1,270,NA,2,231,119,340,501,74,68,146,14,311,342,94,11.6,37.6,8.87,13
1997,7,22,7,17.4,971.2,71,0,0.6,2.9,81,NA,NA,391,149,491,645,115,91,106,14,330,369,94,12.1,40.7,9.17,14.2
1997,7,22,8,18.7,971.2,66.9,0,1.9,5.2,90,NA,NA,588,147,689,714,246,104,109,14,344,384,94,12.4,42.6,9.37,14.9
1997,7,22,9,19.9,970.9,61.9,0,2.7,6.1,79,NA,NA,741,141,788,629,378,114,115,14,351,393,94,12.4,43.7,9.35,15.3
1997,7,22,10,21,970.6,57.7,0,3.4,7,56,NA,NA,802,231,674,445,460,136,135,14,354,393,94,12.3,44.8,9.33,15.7
1997,7,22,11,22,970.2,52.8,0,3.6,5.8,61,NA,NA,821,306,578,267,492,166,156,14,360,401,94,11.9,45.2,9.08,15.8
1997,7,22,12,22.8,970.1,50.4,0,2.6,7,64,NA,7,859,293,633,167,514,261,156,14,364,407,94,12,46.1,9.1,16.2
1997,7,22,13,23.6,969.7,48.4,0,2,4.5,84,NA,NA,672,388,334,168,384,362,167,14,364,407,94,12.1,47.1,9.17,16.5
1997,7,22,14,24.3,969.4,44.4,0,1.8,3.9,93,NA,NA,621,312,402,145,331,490,147,14,387,422,94,11.4,46.8,8.77,16.4
1997,7,22,15,24.5,969.1,42.8,0,1.8,4.7,96,NA,NA,547,215,511,119,247,625,125,14,384,421,94,11,46.4,8.56,16.3
1997,7,22,16,25,969.1,36.2,0,1.2,3.3,85,NA,NA,438,125,622,87,119,732,99,14,379,416,94,9,44.1,7.45,15.5
1997,7,22,17,24.8,969.1,39.7,0,1.2,2.5,90,NA,NA,260,89,501,65,70,620,156,14,366,401,94,10.2,45.5,8.08,16
1997,7,22,18,23.5,969.1,48.1,0,1.1,2.5,100,NA,4,100,53,280,36,36,355,146,14,358,382,94,11.9,46.7,9.07,16.4
1997,7,22,19,21,969.6,56.4,0,0.1,1.3,90,NA,NA,10,10,0,5,5,6,6,14,349,359,94,12,44.3,9.13,15.5
1997,7,22,20,19.3,970,70.1,0,0,0.9,0,NA,NA,0,0,0,0,0,0,0,14,346,353,94,13.7,45.3,10.22,15.8
1997,7,22,21,18.2,970.4,79.5,0,0,0.9,0,NA,NA,0,0,0,0,0,0,0,14,343,353,94,14.6,45.7,10.83,15.9
1997,7,22,22,17.9,970.5,80.4,0,0.2,1.4,45,NA,NA,1,0,0,0,0,0,0,14,342,356,94,14.5,45.2,10.75,15.8
1997,7,22,23,17.7,970.6,83.1,0,0.8,2,45,NA,NA,1,0,0,0,0,0,0,14,364,367,94,14.8,45.6,10.97,15.9
1997,7,23,0,17.8,970.5,83.5,0,0.5,2.1,45,NA,NA,1,0,0,0,0,0,0,14,364,368,94,15,46,11.1,16
1997,7,23,1,17.6,970.3,83.5,0,0.1,1,360,NA,NA,1,0,0,0,0,0,0,14,363,367,94,14.8,45.5,10.96,15.8
1997,7,23,2,17.7,970.2,81.8,0,0.2,1.2,63,NA,NA,3,0,0,0,0,0,0,14,379,379,94,14.6,45.2,10.8,15.8
1997,7,23,3,17.4,970.4,85.8,0,0.3,1.5,27,NA,NA,0,0,0,0,0,0,0,14,378,378,94,15,45.7,11.12,15.9
1997,7,23,4,17.5,970.7,84.4,0,0.9,2.4,41,NA,NA,3,3,0,1,1,1,1,14,378,378,94,14.8,45.5,11,15.8
1997,7,23,5,17.8,970.8,81.6,0,0.3,1.5,45,NA,NA,31,31,0,13,15,15,15,14,344,361,94,14.6,45.4,10.84,15.8
1997,7,23,6,17.4,972.5,87.1,4.2,1.6,5.1,338,NA,7,3,3,0,1,2,2,1,14,339,356,94,15.2,46,11.27,16
1997,7,23,7,17,972.4,89.9,1.5,2,3.7,52,NA,NA,14,14,0,5,7,7,7,14,341,356,94,15.3,45.8,11.34,15.9
1997,7,23,8,17.2,972.5,90.1,0.9,1.8,3.2,7,NA,NA,49,49,0,22,24,24,24,14,356,365,94,15.6,46.5,11.51,16.2
1997,7,23,9,17.2,972.6,89.8,0.5,1.3,3.3,66,NA,NA,86,86,0,42,42,41,42,14,355,366,94,15.5,46.3,11.47,16.1
1997,7,23,10,17.5,972.5,88.9,0.8,0.8,3,63,NA,NA,98,98,0,48,48,47,48,14,358,368,94,15.6,46.9,11.58,16.3
1997,7,23,11,17.5,973,90.2,1.4,1,4.1,63,NA,NA,63,63,0,31,31,30,31,14,350,368,96,15.9,47.3,11.74,16.5
1997,7,23,12,17.9,972.4,90.9,1.7,1.4,3.5,76,NA,8,186,178,9,85,93,85,84,14,357,375,96,16.4,48.8,12.15,16.9
1997,7,23,13,18.9,972,86.8,0,2.2,4.6,87,NA,NA,475,366,127,158,266,254,157,14,360,389,96,16.7,50.4,12.36,17.5
1997,7,23,14,19.8,971.5,77.6,0,2.2,4.1,51,NA,NA,560,362,258,153,299,420,155,14,369,403,96,15.8,49.6,11.68,17.2
1997,7,23,15,20.5,971,74.3,0,2.1,4.1,84,NA,NA,487,274,329,127,229,516,134,14,375,406,96,15.8,50.3,11.69,17.5
1997,7,23,16,20.7,970.4,71,0,2.1,4.2,99,NA,NA,406,141,527,90,122,666,103,14,371,402,96,15.3,49.5,11.31,17.2
1997,7,23,17,20.6,970.2,74.5,0,1.9,3.7,72,NA,NA,230,111,354,66,72,503,138,14,359,385,94,15.9,50.7,11.8,17.6
1997,7,23,18,20.2,970.1,76.7,0,1.1,2.5,37,NA,6,96,58,229,35,35,310,129,14,356,375,94,16,50.4,11.86,17.5
1997,7,23,19,18.8,970.5,84.9,0,0.5,1.2,18,NA,NA,11,11,0,5,5,8,7,14,346,359,94,16.2,49.4,12.03,17.1
1997,7,23,20,17.7,970.8,88.5,0,0.4,1.9,315,NA,NA,0,0,0,0,0,0,0,14,352,358,94,15.8,47.4,11.69,16.5
1997,7,23,21,17.4,970.7,89.8,0,0.1,1,270,NA,NA,0,0,0,0,0,0,0,14,344,352,94,15.7,47,11.64,16.3
1997,7,23,22,16.3,970.6,90.4,0,0.2,1.1,270,NA,NA,0,0,0,0,0,0,0,14,342,350,94,14.7,44,10.92,15.3
1997,7,23,23,15.8,970.1,91.4,0,0,0.9,0,NA,NA,0,0,0,0,0,0,0,14,330,343,94,14.4,42.9,10.7,14.9
1997,7,24,0,15.5,970.1,91,0,0,1.8,0,NA,NA,0,0,0,0,0,0,0,14,330,342,94,14,42,10.44,14.6
1997,7,24,1,15.1,969.8,91.8,0,0.3,1.5,315,NA,NA,0,0,0,0,0,0,0,14,331,344,94,13.8,41.1,10.27,14.3
1997,7,24,2,15.4,969.4,94.4,0,0,1.1,0,NA,NA,0,0,0,0,0,0,0,14,345,355,94,14.5,42.7,10.78,14.8
1997,7,24,3,15.8,969.1,94.6,0,0,1.3,0,NA,NA,0,0,0,0,0,0,0,14,347,357,94,14.9,43.9,11.09,15.2
1997,7,24,4,15.7,968.9,95.4,0,0.2,1.4,297,NA,NA,0,0,0,0,0,0,0,14,348,358,94,15,43.9,11.11,15.3
1997,7,24,5,16.4,969.1,93,0,0.7,2.3,270,NA,NA,36,36,0,17,17,17,17,14,380,380,94,15.3,45.2,11.33,15.7
1997,7,24,6,17.1,969,92.3,0,0.8,2.7,304,NA,7,139,132,20,126,60,57,71,14,385,385,94,15.8,47,11.77,16.3
1997,7,24,7,18.1,969,87.8,0,0.5,2.5,90,NA,NA,242,206,74,249,105,89,101,14,391,393,94,16,48.4,11.92,16.8
1997,7,24,8,19.4,969,80.2,0,0.8,3.1,37,NA,NA,488,279,327,527,228,127,136,14,370,396,94,15.9,49.5,11.81,17.1
1997,7,24,9,19.9,969,77.7,0,0.6,2.4,307,NA,NA,288,268,27,171,147,118,121,14,370,392,94,15.9,50,11.8,17.3
1997,7,24,10,20.4,968.8,76.4,0,0.9,2.8,157,NA,NA,284,278,7,142,142,121,124,14,370,393,94,16.1,50.9,11.98,17.6
1997,7,24,11,21.2,968.4,73.1,0,1.3,3.9,243,NA,NA,520,389,147,215,302,172,166,14,366,401,94,16.2,51.9,12.04,17.9
1997,7,24,12,23.2,967.9,66.7,0,1.5,4.2,250,NA,5,725,370,398,180,433,248,168,14,375,415,94,16.7,54.9,12.43,18.9
1997,7,24,13,24.7,967.2,62.1,0,1.5,4.3,258,NA,NA,762,296,550,152,445,413,151,14,384,425,94,17,57.1,12.67,19.6
1997,7,24,14,25.6,966.7,62,0,1.7,4,284,NA,NA,422,349,95,147,225,287,147,14,391,419,94,17.8,59.8,13.37,20.3
1997,7,24,15,25.9,966.3,61.2,0,1.6,3.9,318,NA,NA,477,269,321,126,227,507,133,14,394,424,94,17.9,60.3,13.44,20.5
1997,7,24,16,26,966.1,59.9,0,3.5,5.6,258,NA,NA,383,188,390,99,130,571,113,14,392,416,94,17.6,59.9,13.23,20.3
1997,7,24,17,24.5,966.2,64.6,0,3.5,5.6,257,NA,NA,48,48,0,23,23,19,23,14,386,397,94,17.4,57.9,13.05,19.7
1997,7,24,18,23.5,966.6,67.4,0,3.1,5.5,238,NA,6,19,19,0,9,9,6,8,14,381,391,94,17.1,56.2,12.81,19.2
1997,7,24,19,22.1,966.9,76,0.2,1.5,4.3,279,NA,NA,1,0,0,0,0,0,0,14,373,381,94,17.7,56,13.28,19.2
1997,7,24,20,20.6,967.3,81.8,0,1.2,4.8,247,NA,NA,0,0,0,0,0,0,0,14,355,369,94,17.4,53.8,13.02,18.5
1997,7,24,21,20,967.9,81.2,0.6,1.7,4.8,293,NA,NA,0,0,0,0,0,0,0,14,353,369,94,16.7,51.7,12.44,17.8
1997,7,24,22,19,968.2,88.6,0,0.9,3.1,99,NA,NA,0,0,0,0,0,0,0,14,352,366,94,17.1,51.5,12.76,17.8
1997,7,24,23,18.8,968,89.6,5.8,1.1,4.1,112,NA,NA,0,0,0,0,0,0,0,14,381,381,94,17.1,51.2,12.74,17.7
1997,7,25,0,19.1,967.7,88.8,0,0.5,5.1,90,NA,NA,0,0,0,0,0,0,0,14,381,381,94,17.2,51.9,12.87,17.9
1997,7,25,1,19.2,967.7,86.4,0,0.7,4.1,256,NA,NA,0,0,0,0,0,0,0,14,382,382,94,16.9,51.3,12.6,17.7
1997,7,25,2,19.2,967.8,77.2,0,2,5.5,261,NA,NA,1,0,0,0,0,0,0,14,394,394,94,15.1,47.8,11.23,16.6
1997,7,25,3,18.6,968.2,75.9,0,1.2,3.2,228,NA,NA,0,0,0,0,0,0,0,14,390,390,94,14.3,45.6,10.62,15.9
1997,7,25,4,17.6,968.2,77.4,0,2.1,4.9,261,NA,NA,3,0,0,0,0,0,0,14,383,383,94,13.6,43.5,10.17,15.1
1997,7,25,5,17.9,968.2,70.2,0,3,6.3,235,NA,NA,21,21,0,7,10,10,9,14,354,363,94,12.4,41.8,9.38,14.6
1997,7,25,6,17.8,968.8,67.8,0,4.3,8.4,226,NA,7,41,41,0,16,20,20,19,14,351,363,94,11.8,40.7,9,14.2
1997,7,25,7,17.1,968.9,68.4,0,4.6,9.5,231,NA,NA,62,62,0,28,30,30,30,14,349,362,94,11.2,39.2,8.68,13.6
1997,7,25,8,17.5,969.4,68.1,0,4.3,8.8,217,NA,NA,82,82,0,39,40,39,40,14,375,376,94,11.6,40,8.86,14
1997,7,25,9,17.8,969.9,68.3,0,4.2,8.5,210,NA,NA,216,211,6,114,106,95,97,14,379,383,94,11.9,40.8,9.05,14.3
1997,7,25,10,18.7,970.1,65.4,0,4.6,8.3,229,NA,NA,350,339,13,176,177,143,146,14,382,389,94,12.1,42.1,9.17,14.7
1997,7,25,11,19,970.1,67.7,0,4.6,8.2,243,NA,NA,537,387,170,219,313,173,167,14,392,399,94,12.9,43.7,9.68,15.3
1997,7,25,12,20.1,970,58,0,2.2,9.2,241,NA,7,338,306,35,142,182,150,137,14,386,396,94,11.6,42.7,8.87,15
1997,7,25,13,18.8,970.3,69.9,0.1,5.1,9.8,260,NA,NA,166,165,1,78,82,80,78,14,381,381,94,13.2,43.9,9.87,15.4
1997,7,25,14,18.5,969.6,74.5,0,2.3,5.4,216,NA,NA,182,180,1,84,89,91,84,14,376,384,94,13.9,44.8,10.34,15.6
1997,7,25,15,18.9,969.3,68.5,0,2.4,5.1,216,NA,NA,96,96,0,47,47,46,47,14,375,380,94,13,43.7,9.74,15.3
1997,7,25,16,18.7,969.5,71.1,0.1,3,6.3,226,NA,NA,74,74,0,36,36,33,36,14,375,377,94,13.4,44.1,9.99,15.4
1997,7,25,17,17.9,969.8,78.4,0.2,3.1,7.2,234,NA,NA,68,68,0,33,32,32,32,14,371,372,94,14.1,44.6,10.48,15.5
1997,7,25,18,17.4,970.2,80.3,0,3.1,6.4,232,NA,8,35,35,0,17,17,15,16,14,366,368,94,14,43.8,10.4,15.3
1997,7,25,19,16.9,970.4,79.7,0,3.2,6,221,NA,NA,4,4,0,2,2,1,1,14,366,366,94,13.4,42.3,9.99,14.8
1997,7,25,20,16.8,970.8,79.5,0,3.5,6.3,232,NA,NA,0,0,0,0,0,0,0,14,380,380,94,13.2,41.9,9.9,14.6
1997,7,25,21,16.2,970.8,86.2,0,3.5,5.5,262,NA,NA,0,0,0,0,0,0,0,14,376,376,94,13.9,42.4,10.33,14.8
1997,7,25,22,15.7,970.9,90.9,0.1,2.9,5.2,266,NA,NA,0,0,0,0,0,0,0,14,375,375,94,14.2,42.5,10.56,14.8
1997,7,25,23,15.6,970.7,91.4,0.3,2.6,4.4,252,NA,NA,0,0,0,0,0,0,0,14,346,355,94,14.2,42.4,10.55,14.7
1997,7,26,0,15.5,970.5,91.1,0.1,2.8,4.3,249,NA,NA,0,0,0,0,0,0,0,14,344,353,94,14.1,42,10.45,14.6
1997,7,26,1,15.5,970.3,90.8,0,2,3.6,242,NA,NA,0,0,0,0,0,0,0,14,346,354,94,14,41.9,10.42,14.6
1997,7,26,2,15.9,970.1,90.1,0,1.5,3.9,242,NA,NA,0,0,0,0,0,0,0,14,376,376,94,14.3,42.8,10.61,14.9
1997,7,26,3,16,969.9,90.1,0,2.2,3.8,257,NA,NA,2,0,0,0,0,0,0,14,376,376,94,14.4,43.1,10.68,15
1997,7,26,4,15.9,970.3,91.5,0,0.5,2.1,284,NA,NA,3,0,0,0,0,0,0,14,376,376,94,14.5,43.2,10.77,15
1997,7,26,5,16.2,970.7,90.9,0,0.9,3.2,257,NA,NA,58,52,41,96,26,25,50,14,380,380,94,14.7,43.9,10.91,15.3
1997,7,26,6,17.1,970.8,88.1,0,0.9,2.6,207,NA,7,119,116,7,93,54,51,60,14,386,386,94,15.1,45.6,11.2,15.8
1997,7,26,7,18.8,971,81.8,0,0.6,3.1,194,NA,NA,247,206,85,261,106,89,101,14,398,399,94,15.6,48.3,11.58,16.8
1997,7,26,8,19.8,971.7,77.1,0.1,1.4,5.9,180,NA,NA,218,208,16,140,107,93,96,14,395,397,94,15.7,49.4,11.6,17.2
1997,7,26,9,19.6,971.7,81.1,0.9,1.2,5.4,153,NA,NA,537,374,217,390,282,156,160,14,403,408,94,16.3,50.3,12.06,17.5
1997,7,26,10,21.1,971.8,68.5,0,1.9,6.4,121,NA,NA,652,379,325,364,379,163,164,14,406,419,94,15.1,49.6,11.16,17.3
1997,7,26,11,21.8,972,58.3,0,1.3,4.7,130,NA,NA,577,412,186,232,337,182,174,14,389,411,94,13.3,47.1,9.89,16.5
1997,7,26,12,22.8,972.1,55.6,0,1.9,5.3,82,NA,5,781,356,479,175,479,255,161,14,398,425,94,13.5,48.4,10.03,17
1997,7,26,13,23.2,972,47.6,0,2.3,8.4,351,NA,NA,630,402,270,167,369,343,166,14,399,418,94,11.5,45.7,8.78,16.1
1997,7,26,14,23.3,972,46.8,0,0.7,4.1,117,NA,NA,486,347,183,151,258,341,151,14,402,423,94,11.3,45.5,8.68,16
1997,7,26,15,24.1,971.8,42.9,0,2.8,5.8,333,NA,NA,632,223,638,127,288,735,133,14,398,421,94,10.7,45.5,8.35,16
1997,7,26,16,23.8,971.6,44.6,0,2.6,6.8,353,NA,NA,433,111,651,87,125,746,97,14,398,414,94,11,45.6,8.53,16
1997,7,26,17,23.4,971.8,45.3,0,2.7,5.6,4,NA,NA,261,76,557,61,65,659,151,14,359,389,94,10.9,45,8.45,15.8
1997,7,26,18,22.2,971.7,49.9,0,1.9,4.3,6,NA,1,102,49,335,34,34,403,158,14,354,376,94,11.3,44.4,8.66,15.6
1997,7,26,19,19.9,972.3,59.1,0,1.7,3.8,8,NA,NA,5,5,0,2,2,1,2,14,343,357,94,11.7,42.6,8.91,15
1997,7,26,20,18.1,972.7,67.1,0,1.3,4.1,162,NA,NA,0,0,0,0,0,0,0,14,324,340,94,11.9,41.1,9.04,14.4
1997,7,26,21,16.6,973.1,75.4,0,2.1,5.2,180,NA,NA,0,0,0,0,0,0,0,14,324,338,94,12.2,40.1,9.23,14
1997,7,26,22,15.5,973.1,80.6,0,1.1,3.1,100,NA,NA,0,0,0,0,0,0,0,14,318,335,94,12.2,38.9,9.2,13.5
1997,7,26,23,14.8,973.3,84.3,0,0.7,2.2,80,NA,NA,0,0,0,0,0,0,0,14,314,330,94,12.2,38.1,9.2,13.3
1997,7,27,0,14.3,973.3,86.9,0,1,3.4,110,NA,NA,0,0,0,0,0,0,0,14,313,329,94,12.1,37.6,9.18,13
1997,7,27,1,14,973.1,87.5,0,0.7,2.6,120,NA,NA,1,0,0,0,0,0,0,14,310,326,94,12,37,9.07,12.8
1997,7,27,2,13.3,973.2,90.2,0,2,4.4,70,NA,NA,0,0,0,0,0,0,0,14,310,324,94,11.7,35.9,8.93,12.4
1997,7,27,3,13.1,973.3,90.1,0,1.5,3.3,50,NA,NA,1,0,0,0,0,0,0,14,306,322,94,11.5,35.4,8.8,12.2
1997,7,27,4,12.9,973.4,90.2,0,1,2.5,80,NA,NA,6,0,0,0,0,0,0,14,307,323,94,11.3,34.9,8.69,12
1997,7,27,5,13.8,973.7,88.9,0,0.8,2.2,60,NA,NA,84,46,258,327,31,31,133,14,323,340,94,12,36.8,9.09,12.7
1997,7,27,6,16,973.8,84.2,0,0.9,3.2,90,NA,2,237,84,481,601,66,61,148,14,336,359,94,13.3,41.2,9.93,14.4
1997,7,27,7,18,973.7,76.7,0,0.7,3,104,NA,NA,404,112,605,711,115,85,95,14,345,380,94,13.8,44.1,10.27,15.4
1997,7,27,8,19.2,973.5,69.8,0,0.7,2.3,53,NA,NA,574,132,700,713,255,103,106,14,349,390,94,13.6,44.9,10.08,15.7
1997,7,27,9,21.1,973,63.2,0,0.6,2.9,31,NA,NA,714,150,749,615,383,115,115,14,359,400,94,13.8,47.3,10.27,16.5
1997,7,27,10,22.5,972.8,56.8,0,1.8,4.4,93,NA,NA,807,201,723,452,480,130,129,14,364,407,94,13.5,48.2,10.05,16.9
1997,7,27,11,23.4,972.7,51.9,0,1.7,3.8,108,NA,NA,815,297,587,266,504,164,154,14,372,414,94,13,48.2,9.7,16.9
1997,7,27,12,24.6,972.5,49.9,0,2.1,3.9,90,NA,2,854,235,699,147,530,248,137,14,374,420,94,13.5,50.3,10.03,17.6
1997,7,27,13,25.3,972.3,48.6,0,2.6,5.5,111,NA,NA,795,257,638,140,475,433,140,14,380,422,94,13.7,51.4,10.19,17.9
1997,7,27,14,25.6,972.2,50.1,0,2,4.8,87,NA,NA,643,291,464,143,354,517,144,14,389,427,94,14.4,53,10.7,18.4
1997,7,27,15,25.6,972,50.4,0,2.1,3.9,107,NA,NA,459,284,275,129,221,463,134,14,388,418,94,14.5,53.2,10.77,18.4
1997,7,27,16,25.5,972,49.9,0,2.1,3.7,79,NA,NA,373,164,424,94,131,600,108,14,386,416,94,14.3,52.6,10.59,18.3
1997,7,27,17,25.1,972,53.2,0,2.8,4.6,46,NA,NA,253,96,479,66,71,610,148,14,377,405,94,14.9,53.4,11.04,18.5
1997,7,27,18,23.8,972.2,56.1,0,3,5.7,20,NA,5,75,56,119,30,30,192,84,14,369,387,94,14.5,51.3,10.76,17.8
1997,7,27,19,22.7,972.6,60.1,0,2.4,5,15,NA,NA,0,0,0,0,0,0,0,14,363,378,94,14.6,50.3,10.78,17.5
1997,7,27,20,21.3,972.9,66.9,0,1.7,3.8,72,NA,NA,1,0,0,0,0,0,0,14,356,369,94,14.9,49.4,11.02,17.2
1997,7,27,21,19.7,973.2,75.2,0,1.2,3.2,117,NA,NA,0,0,0,0,0,0,0,14,347,358,94,15.2,48.3,11.22,16.8
1997,7,27,22,18.6,973.2,80.8,0,1.5,2.6,135,NA,NA,1,0,0,0,0,0,0,14,346,356,94,15.2,47.3,11.26,16.4
1997,7,27,23,18.1,973.1,83,0,1.2,3.8,315,NA,NA,0,0,0,0,0,0,0,14,343,353,94,15.2,46.6,11.21,16.3
1997,7,28,0,17.4,973.1,82.6,0,1.5,4.6,250,NA,NA,0,0,0,0,0,0,0,14,337,346,94,14.4,44.5,10.67,15.5
1997,7,28,1,16.2,973.1,87.1,0,1,3.5,100,NA,NA,1,0,0,0,0,0,0,14,333,343,94,14.1,42.7,10.42,14.9
1997,7,28,2,15.8,973.1,87.5,0,1.5,3.3,90,NA,NA,0,0,0,0,0,0,0,14,324,337,94,13.7,41.7,10.2,14.5
1997,7,28,3,15.6,973.2,87.9,0,2,4.3,70,NA,NA,1,0,0,0,0,0,0,14,323,336,94,13.6,41.3,10.11,14.4
1997,7,28,4,15.2,973.3,89.2,0,1.5,3.1,80,NA,NA,6,0,0,0,0,0,0,14,321,336,94,13.4,40.6,10,14.1
1997,7,28,5,16.4,973.4,86.4,0,1,4.2,60,NA,NA,89,45,307,371,31,31,147,14,333,351,94,14.1,43,10.47,15
1997,7,28,6,18.2,973.6,84.4,0,1.1,3.4,90,NA,6,210,113,309,466,70,64,130,14,342,368,94,15.5,47.4,11.47,16.5
1997,7,28,7,20,973.6,75.2,0,1.4,3.5,94,NA,NA,394,122,567,689,116,83,95,14,351,388,94,15.5,49.1,11.43,17.1
1997,7,28,8,21.3,973.5,69.3,0,3,6.8,62,NA,NA,510,231,444,583,240,120,126,14,365,395,94,15.5,50.4,11.42,17.6
1997,7,28,9,22.5,973.2,63.7,0,4,6.7,65,NA,NA,705,210,660,606,386,127,129,14,376,407,94,15.3,51.3,11.29,17.9
1997,7,28,10,23.3,972.9,58.8,0,3.5,5.7,69,NA,NA,695,340,424,393,416,154,154,14,370,405,94,14.8,51.3,10.94,17.8
1997,7,28,11,24.6,972.7,54.1,0,2.1,4.6,82,NA,NA,806,326,544,269,501,170,159,14,374,418,94,14.7,52.5,10.88,18.2
1997,7,28,12,25.8,972.4,49.8,0,2.2,4.6,101,NA,5,818,270,620,152,511,246,141,14,383,424,94,14.5,53.4,10.76,18.5
1997,7,28,13,26.1,972.1,51.2,0,1.3,4.1,66,NA,NA,781,241,643,136,472,427,136,14,386,430,94,15.2,55,11.27,19
1997,7,28,14,26.8,971.7,49.5,0,1.7,4.7,97,NA,NA,653,254,527,136,362,534,137,14,388,431,94,15.4,55.9,11.36,19.3
1997,7,28,15,26.8,971.2,49.4,0,1.7,4.1,93,NA,NA,559,168,614,108,261,672,113,14,388,429,94,15.3,55.9,11.35,19.3
1997,7,28,16,27,971,50.3,0,1.8,4.4,90,NA,NA,407,120,586,83,124,699,94,14,388,423,94,15.8,57,11.7,19.6
1997,7,28,17,26.6,971,50.6,0,2,3.4,84,NA,NA,240,90,463,63,68,588,141,14,392,415,94,15.5,56.1,11.49,19.3
1997,7,28,18,25.3,971.2,54.6,0,1.6,3.4,67,NA,3,91,50,267,33,34,341,135,14,384,400,94,15.5,54.7,11.48,18.9
1997,7,28,19,23.5,971.5,63.1,0,1.4,3,34,NA,NA,5,0,0,0,0,0,0,14,375,381,94,16.1,54,11.92,18.7
1997,7,28,20,21.6,971.8,69.9,0,1.4,3.7,76,NA,NA,0,0,0,0,0,0,0,14,362,368,94,15.9,51.6,11.76,17.9
1997,7,28,21,20.3,972.1,76.7,0,1,3.7,150,NA,NA,0,0,0,0,0,0,0,14,356,363,94,16.1,50.6,11.91,17.6
1997,7,28,22,20.1,972.5,76.6,0,1.4,3.4,252,NA,NA,0,0,0,0,0,0,0,14,353,363,94,15.9,50,11.74,17.4
1997,7,28,23,19.3,972.6,81.2,0,1.1,3,270,NA,NA,1,0,0,0,0,0,0,14,374,374,94,16,49.4,11.84,17.2
1997,7,29,0,18.5,972.4,85.7,0,1.7,4,90,NA,NA,1,0,0,0,0,0,0,14,367,367,94,16.1,48.7,11.89,17
1997,7,29,1,17.8,972.2,88.4,0,1.1,3,360,NA,NA,0,0,0,0,0,0,0,14,365,365,94,15.9,47.6,11.74,16.6
1997,7,29,2,17.9,971.9,86.6,0,1.1,3.3,225,NA,NA,1,0,0,0,0,0,0,14,364,365,94,15.6,47.3,11.57,16.4
1997,7,29,3,17.2,972.2,87.9,0,1.2,4.5,230,NA,NA,0,0,0,0,0,0,0,14,363,363,94,15.2,45.7,11.23,15.9
1997,7,29,4,17.1,972.2,88.9,0,1.5,3.2,280,NA,NA,4,0,0,0,0,0,0,14,360,361,94,15.3,45.8,11.29,16
1997,7,29,5,17.1,972.4,88.6,0,1,4.2,240,NA,NA,36,36,0,18,17,17,17,14,340,355,94,15.2,45.7,11.25,15.9
1997,7,29,6,18.4,972.7,84.4,0,1.4,2.9,304,NA,7,119,113,20,102,53,50,60,14,350,367,94,15.7,48,11.63,16.7
1997,7,29,7,20.3,972.7,79.3,0,0.4,2.3,90,NA,NA,345,189,326,524,127,95,111,14,363,394,94,16.6,51.7,12.31,17.9
1997,7,29,8,22,972.6,73,0,1.1,2.7,49,NA,NA,516,219,474,597,244,117,123,14,369,403,94,16.9,54.1,12.59,18.6
1997,7,29,9,23.3,972.7,63.8,0,1.6,3.7,90,NA,NA,687,182,676,596,380,119,120,14,372,412,94,16.1,53.7,11.89,18.6
1997,7,29,10,24.2,972.6,60.7,0,2.1,6.7,87,NA,NA,779,226,663,440,472,134,133,14,376,418,94,16.1,54.7,11.94,18.9
1997,7,29,11,24.8,972.3,57.2,0,1.7,4.2,104,NA,NA,781,343,497,266,488,171,159,14,388,429,94,15.8,54.7,11.66,18.9
1997,7,29,12,25.9,971.8,50.8,0,1.6,3.6,90,NA,6,803,329,538,171,503,258,159,14,390,434,94,14.9,54.2,11.05,18.8
1997,7,29,13,27.1,971.5,46.3,0,2.3,4.4,92,NA,NA,781,241,643,136,475,428,136,14,398,438,94,14.6,54.8,10.81,19
1997,7,29,14,27.4,971,43.9,0,2.2,4.1,108,NA,NA,645,285,478,142,360,523,143,14,397,437,94,14,54.2,10.43,18.8
1997,7,29,15,26.5,970.7,48.1,0,1.9,3.6,115,NA,NA,394,295,155,128,192,352,132,14,394,422,94,14.6,54.3,10.85,18.8
1997,7,29,16,26.3,970.5,50,0,2,3.3,81,NA,NA,311,209,209,97,126,407,110,14,395,419,94,15.1,54.9,11.16,19
1997,7,29,17,26,970.5,47.1,0,2.8,5,73,NA,NA,240,100,434,63,69,570,137,14,376,403,94,13.9,52.4,10.31,18.2
1997,7,29,18,24.7,970.9,50.8,0,1.7,3.9,62,NA,6,83,51,210,31,31,284,113,14,373,391,94,13.8,51,10.29,17.8
1997,7,29,19,22.8,971.3,63.2,0,1.4,3.1,45,NA,NA,5,0,0,0,0,0,0,14,364,374,94,15.4,52,11.43,18
1997,7,29,20,21.3,971.8,70.5,0,1.6,3.9,90,NA,NA,0,0,0,0,0,0,0,14,358,365,94,15.7,51,11.64,17.7
1997,7,29,21,19.4,972,79.9,0,1.3,3.6,342,NA,NA,0,0,0,0,0,0,0,14,352,358,94,15.8,49.3,11.73,17.1
1997,7,29,22,18.6,972.1,82.4,0,1.1,3.2,270,NA,NA,1,0,0,0,0,0,0,14,345,353,94,15.5,47.9,11.5,16.6
1997,7,29,23,17.7,972.1,83.2,0,1.3,4.2,252,NA,NA,0,0,0,0,0,0,0,14,333,346,94,14.8,45.6,10.97,15.9
1997,7,30,0,17,971.8,85.8,0,1,2.1,280,NA,NA,0,0,0,0,0,0,0,14,331,343,94,14.6,44.5,10.82,15.5
1997,7,30,1,16.5,971.7,87.7,0,1.5,2.9,350,NA,NA,0,0,0,0,0,0,0,14,324,338,94,14.5,43.7,10.71,15.3
1997,7,30,2,15.8,971.6,87.9,0,1,3.1,20,NA,NA,0,0,0,0,0,0,0,14,324,337,94,13.8,41.9,10.26,14.6
1997,7,30,3,15.3,971.7,88.7,0,1.5,3.8,330,NA,NA,0,0,0,0,0,0,0,14,317,332,94,13.4,40.7,10.02,14.1
1997,7,30,4,14.8,971.7,88.9,0,1.1,2.4,360,NA,NA,6,0,0,0,0,0,0,14,318,331,94,13,39.5,9.72,13.7
1997,7,30,5,15.6,971.8,87.2,0,1,2.7,70,NA,NA,77,44,231,300,30,29,120,14,334,348,94,13.5,41.1,10.05,14.3
1997,7,30,6,18.1,972.1,81.2,0,1.1,3.4,90,NA,0,223,88,435,560,63,58,135,14,350,370,94,14.8,46,10.98,16
1997,7,30,7,20,972.1,74.3,0,1,2.5,53,NA,NA,389,123,559,685,120,83,94,14,357,390,94,15.3,48.8,11.31,17
1997,7,30,8,21.7,972,64.2,0,0.8,2.2,45,NA,NA,554,145,656,693,256,101,105,14,361,402,94,14.6,49.4,10.85,17.2
1997,7,30,9,23,971.8,56.2,0,0.7,2.4,11,NA,NA,698,175,700,608,388,118,119,14,366,410,94,13.8,49.2,10.27,17.2
1997,7,30,10,24.3,971.5,54.1,0,1.2,3.9,113,NA,NA,803,189,738,452,489,127,126,14,374,417,94,14.4,51.7,10.7,18
1997,7,30,11,25.6,971.1,47.6,0,0.9,3.2,34,NA,NA,804,313,560,267,507,167,156,14,379,425,94,13.7,51.7,10.17,18
1997,7,30,12,27.4,970.7,36.8,0,1.4,4.4,117,NA,3,855,257,680,153,542,253,142,14,379,430,94,11.3,49.8,8.72,17.4
1997,7,30,13,28.1,970.4,30.8,0,2,4.5,131,NA,NA,776,285,587,151,473,426,151,14,379,429,94,9.3,47.7,7.59,16.7
1997,7,30,14,28.2,970.1,29.5,0,1.5,5.8,124,NA,NA,625,289,448,141,353,508,142,14,381,429,94,8.7,47,7.32,16.5
1997,7,30,15,28.3,969.8,32.9,0,1.3,4.3,250,NA,NA,505,248,407,124,248,562,129,14,389,427,94,10.5,49.5,8.22,17.3
1997,7,30,16,27.5,969.7,38.6,0,2.2,5.4,340,NA,NA,325,204,250,98,133,465,112,14,383,411,94,12.2,51.2,9.22,17.9
1997,7,30,17,25.9,969.9,45.2,0,2.3,4.3,319,NA,NA,170,129,127,61,66,265,93,14,374,396,94,13.1,51.1,9.84,17.8
1997,7,30,18,24.9,970.2,45.6,0,1.3,3,279,NA,6,69,50,130,29,30,206,87,14,369,384,94,12.4,48.8,9.34,17.1
1997,7,30,19,22.5,970.4,54.7,0,0.2,1.6,270,NA,NA,4,0,0,0,0,0,0,14,354,362,94,12.9,47.3,9.7,16.5
1997,7,30,20,19.9,970.8,64.1,0,0.5,2.7,360,NA,NA,0,0,0,0,0,0,0,14,338,350,94,12.9,44.6,9.69,15.6
1997,7,30,21,18.5,971.1,72.2,0,1,2.2,270,NA,NA,0,0,0,0,0,0,0,14,333,346,94,13.4,44,10,15.4
1997,7,30,22,17.8,971.1,73.5,0,0.9,2.2,270,NA,NA,0,0,0,0,0,0,0,14,326,341,94,13,42.6,9.74,14.9
1997,7,30,23,16.6,971.1,77.9,0,0.9,2.8,360,NA,NA,0,0,0,0,0,0,0,14,334,343,94,12.7,40.9,9.57,14.2
1997,7,31,0,16,970.7,81,0,0.9,2.2,270,NA,NA,0,0,0,0,0,0,0,14,328,340,94,12.7,40.3,9.58,14
1997,7,31,1,15.4,970.4,83.7,0,0.7,2,288,NA,NA,2,0,0,0,0,0,0,14,328,339,94,12.7,39.6,9.53,13.8
1997,7,31,2,15.4,970.3,84.1,0,0.8,2.6,243,NA,NA,0,0,0,0,0,0,0,14,328,339,94,12.7,39.7,9.57,13.8
1997,7,31,3,15.3,970.2,85.8,0,0.9,2.8,300,NA,NA,1,0,0,0,0,0,0,14,329,342,94,12.9,39.9,9.71,13.9
1997,7,31,4,15.4,970.3,84.8,0,0.7,2.4,259,NA,NA,5,0,0,0,0,0,0,14,328,340,94,12.9,39.9,9.65,13.9
1997,7,31,5,16.4,970.7,82.3,0,0.8,3.1,270,NA,NA,79,58,156,240,32,31,101,14,353,360,94,13.4,41.8,9.99,14.6
1997,7,31,6,18.6,970.8,72.5,0,0.8,2.2,254,NA,5,155,114,135,283,63,57,94,14,362,373,94,13.6,44.3,10.11,15.5
1997,7,31,7,19.9,970.4,68.5,0,0.5,2.3,304,NA,NA,369,192,375,573,134,97,112,14,369,397,94,13.9,46.3,10.37,16.2
1997,7,31,8,21.7,970.6,61,0,0.5,2.3,270,NA,NA,402,287,183,404,202,123,130,14,361,396,94,13.9,48,10.31,16.8
1997,7,31,9,23.3,970.5,55.1,0,0.7,3.5,220,NA,NA,500,377,165,362,271,153,156,14,368,401,94,13.8,49.5,10.26,17.3
1997,7,31,10,24,970.2,53.1,0,1.1,5.3,248,NA,NA,493,402,109,273,286,162,164,14,371,407,94,13.9,50.4,10.32,17.6
1997,7,31,11,24.6,969.9,50.1,0,1,5.8,300,NA,NA,463,383,92,198,260,168,164,14,384,416,94,13.5,50.5,10.1,17.6
1997,7,31,12,25,969.5,45.3,0,3.2,8.2,291,NA,6,472,410,70,179,265,199,170,14,386,409,94,12.3,48.9,9.34,17.1
1997,7,31,13,25.1,969.6,44.3,0,5.5,9.7,251,NA,NA,538,382,188,165,313,289,164,14,377,404,94,12.1,48.6,9.19,17
1997,7,31,14,24.5,969.5,44.8,0,3.4,7.1,273,NA,NA,423,366,76,151,222,270,152,14,366,399,94,11.7,47.5,8.96,16.6
1997,7,31,15,24,969.4,43.2,0,2.9,5.8,283,NA,NA,381,290,145,126,189,340,129,14,362,394,94,10.7,45.5,8.38,15.9
1997,7,31,16,22.8,969.5,44.9,0,1.4,3.9,302,NA,NA,203,190,26,84,94,163,89,14,355,383,94,10.2,43.5,8.07,15.2
1997,7,31,17,21.8,969.7,47.5,0,1.5,4.6,344,NA,NA,89,89,0,41,42,49,43,14,350,375,94,10.1,42.3,8.02,14.8
1997,7,31,18,20.9,969.8,50.3,0,1.5,4.4,42,NA,8,17,17,0,9,9,5,8,14,357,375,94,10.1,41.4,8.03,14.5
1997,7,31,19,20,969.9,53.3,0,1.9,4.6,60,NA,NA,1,0,0,0,0,0,0,14,361,374,94,10.1,40.4,8.03,14.2
1997,7,31,20,19.2,970.1,57.3,0,1.4,4.1,73,NA,NA,0,0,0,0,0,0,0,14,367,376,94,10.3,39.9,8.15,14
1997,7,31,21,18.3,970.6,62.6,0,0.7,2.1,349,NA,NA,1,0,0,0,0,0,0,14,372,377,94,10.7,39.6,8.39,13.9
1997,7,31,22,17.5,971,67.6,0,0.5,1.4,76,NA,NA,1,0,0,0,0,0,0,14,372,376,94,11.1,39.4,8.62,13.8
1997,7,31,23,16.7,971.7,73.3,0,1.6,3.4,94,NA,NA,1,0,0,0,0,0,0,14,371,374,94,11.6,39.3,8.88,13.7
1984,8,1,0,16,972.4,78.5,0.9,3.1,5.7,247,NA,NA,0,0,0,0,0,0,0,14,368,371,94,12,39.3,9.15,13.7
1984,8,1,1,15.5,973.2,83.3,0,2.3,4.7,230,NA,NA,0,0,0,0,0,0,0,14,362,366,94,12.5,39.4,9.42,13.7
1984,8,1,2,15.2,973.8,85.1,0,1.1,3,235,NA,NA,0,0,0,0,0,0,0,14,356,362,94,12.6,39.2,9.46,13.6
1984,8,1,3,15,974.5,85.7,0,1,2.8,262,NA,NA,0,0,0,0,0,0,0,14,352,359,94,12.5,39,9.46,13.6
1984,8,1,4,15,974.9,85.2,0,1.8,3.5,230,NA,NA,3,0,0,0,0,0,0,14,346,356,94,12.4,38.7,9.36,13.4
1984,8,1,5,15.4,975.2,82.1,0,1.3,2.4,276,NA,NA,31,31,0,14,15,14,15,14,348,358,94,12.2,38.8,9.23,13.5
1984,8,1,6,15.8,975.6,75.9,0.1,1.7,5.5,222,NA,7,86,86,0,48,40,39,41,14,352,363,94,11.5,38.2,8.8,13.3
1984,8,1,7,16.8,975.8,71.8,0,3.8,6.4,224,NA,NA,238,200,81,255,106,87,98,14,356,371,94,11.6,39.3,8.86,13.7
1984,8,1,8,18.5,975.8,65.1,0,3.4,6.1,229,NA,NA,537,211,526,650,263,117,123,14,361,385,94,11.8,41.3,8.96,14.5
1984,8,1,9,18.8,975.9,64.9,0,3.1,5.9,254,NA,NA,450,363,117,322,246,147,150,14,353,382,94,12.1,42,9.1,14.8
1984,8,1,10,18,975.8,75,0,3,5,243,NA,NA,345,306,47,181,187,134,136,14,359,384,94,13.5,43.5,10.02,15.2
1984,8,1,11,20.3,975.3,54.8,0,1.7,4.4,221,NA,NA,628,382,281,239,395,173,163,14,388,417,94,10.9,41.8,8.43,14.7
1984,8,1,12,23.1,975,44.5,0,1.6,5.9,205,NA,6,935,386,627,191,589,293,176,14,412,447,94,10.4,43.9,8.13,15.5
1984,8,1,13,22.6,974.8,44.7,0,1.5,5.3,99,NA,NA,502,380,147,162,293,271,161,14,409,431,94,10,42.9,7.92,15.1
1984,8,1,14,23.1,974.7,43.7,0,2.5,5.3,71,NA,NA,461,359,136,150,253,324,151,14,390,418,94,10.1,43.5,7.98,15.3
1984,8,1,15,23,974.6,45.1,0,2.9,6.1,68,NA,NA,520,235,455,122,258,592,127,14,384,417,94,10.5,44,8.19,15.5
1984,8,1,16,22.7,974.6,46.2,0,3.7,6.8,54,NA,NA,295,203,192,94,124,387,106,14,387,407,94,10.6,43.8,8.24,15.4
1984,8,1,17,22.6,974.9,48.2,0,4.3,6.7,47,NA,NA,233,100,425,62,68,563,131,14,373,396,94,11.1,44.5,8.54,15.6
1984,8,1,18,21.1,975.1,54.6,0,3.5,6.3,41,NA,3,64,50,98,27,27,164,71,14,366,381,94,11.6,43.7,8.83,15.3
1984,8,1,19,19.4,975.4,61.8,0,3.3,5.6,30,NA,NA,4,0,0,0,0,0,0,14,355,369,94,11.9,42.3,9,14.9
1984,8,1,20,17.5,975.8,68.2,0,1.9,4.1,21,NA,NA,0,0,0,0,0,0,0,14,330,351,94,11.6,39.9,8.81,14
1984,8,1,21,16.1,975.7,72.1,0,0.7,2.3,6,NA,NA,0,0,0,0,0,0,0,14,324,339,94,11.1,37.8,8.52,13.2
1984,8,1,22,15.5,975.4,75.2,0,0.5,1.4,167,NA,NA,0,0,0,0,0,0,0,14,323,332,94,11.1,37.2,8.56,12.9
1984,8,1,23,14.1,975.1,79.1,0,0.1,1.2,284,NA,NA,0,0,0,0,0,0,0,14,307,323,94,10.5,34.9,8.22,12
1984,8,2,0,12.8,974.9,84.3,0.4,0.3,1.2,261,NA,NA,0,0,0,0,0,0,0,14,305,320,94,10.2,33.2,8.05,11.3
1984,8,2,1,12.1,974.6,87.8,0,0.3,1.4,240,NA,NA,0,0,0,0,0,0,0,14,300,317,94,10.1,32.4,8.01,11
1984,8,2,2,11.6,974.4,89.2,0,0.4,1.3,221,NA,NA,0,0,0,0,0,0,0,14,294,314,94,9.9,31.5,7.87,10.7
1984,8,2,3,11.1,974.3,88.9,0,0.2,1.3,231,NA,NA,2,0,0,0,0,0,0,14,292,311,94,9.3,30.3,7.59,10.1
1984,8,2,4,10.9,974.4,89.4,0,0.1,1,234,NA,NA,7,0,0,0,0,0,0,14,294,312,94,9.2,29.9,7.53,10
1984,8,2,5,11.8,974.4,86.4,0,0.3,1.1,242,NA,NA,79,46,254,326,30,29,125,14,303,326,94,9.6,31.3,7.72,10.6
1984,8,2,6,15.4,974.4,71.9,0,0.2,1.2,301,NA,0,230,94,451,584,65,60,135,14,322,354,94,10.4,36,8.13,12.5
1984,8,2,7,17.7,974.1,67.3,0,1.6,4,80,NA,NA,404,90,671,751,122,77,85,14,329,370,94,11.6,40.1,8.82,14.1
1984,8,2,8,18.9,973.8,60.6,0,1.6,4.2,46,NA,NA,571,117,736,732,271,98,101,14,344,385,94,11.1,40.7,8.56,14.3
1984,8,2,9,20.7,973.1,54.5,0,2.3,5.2,90,NA,NA,719,123,806,634,408,108,108,14,351,400,94,11.2,42.7,8.62,15
1984,8,2,10,22,972.9,48.8,0,2.4,5.6,94,NA,NA,824,144,824,461,510,118,118,14,352,407,94,10.7,43.4,8.36,15.2
1984,8,2,11,23.3,972.3,39.5,0,2.1,4.3,71,NA,NA,878,204,773,262,570,142,133,14,362,419,94,8.8,42,7.31,14.8
1984,8,2,12,24.8,971.9,36.1,0,2,6,88,NA,1,737,331,465,167,477,246,155,14,369,427,94,8.8,43.6,7.31,15.3
1984,8,2,13,25.8,971.5,34.1,0,2.3,5.4,93,NA,NA,842,220,749,137,528,465,137,14,375,433,94,8.8,44.6,7.34,15.7
1984,8,2,14,27,971.3,31.4,0,2.3,4.9,87,NA,NA,724,144,779,114,416,624,114,14,376,436,94,8.6,45.7,7.25,16
1984,8,2,15,27.8,970.6,30.2,0,1.6,3.7,74,NA,NA,573,130,710,102,279,717,105,14,380,435,94,8.7,46.6,7.31,16.3
1984,8,2,16,27.8,970.2,31.2,0,2.4,4.7,61,NA,NA,406,103,637,82,134,732,90,14,376,425,94,9.2,47.3,7.56,16.6
1984,8,2,17,26.8,970,31.6,0,2.1,3.6,63,NA,NA,230,84,471,60,66,592,130,14,360,403,94,8.6,45.4,7.22,16
1984,8,2,18,24.8,970,33.1,0,1.6,2.9,58,NA,0,76,46,218,28,29,286,109,14,344,376,94,7.5,42,6.71,14.8
1984,8,2,19,21.7,970.6,40.4,0,0.9,2,32,NA,NA,5,0,0,0,0,0,0,14,332,353,94,7.7,39.1,6.79,13.7
1984,8,2,20,18.9,971.1,52.6,0,0.2,1.2,150,NA,NA,1,0,0,0,0,0,0,14,322,341,94,9,37.9,7.44,13.2
1984,8,2,21,17,971.2,62.5,0,0.6,1.6,18,NA,NA,2,0,0,0,0,0,0,14,322,337,94,9.8,37,7.85,12.9
1984,8,2,22,15.8,971.4,71,0,0.3,1.5,236,NA,NA,2,0,0,0,0,0,0,14,314,330,94,10.6,36.8,8.27,12.8
1984,8,2,23,15.1,971.2,78.2,0,0.1,1.1,18,NA,NA,0,0,0,0,0,0,0,14,314,328,94,11.3,37.2,8.71,12.9
1984,8,3,0,14.3,971.2,80.6,0,0.3,1.2,227,NA,NA,0,0,0,0,0,0,0,14,309,325,94,11,35.9,8.52,12.4
1984,8,3,1,13.5,971.1,83,0,0.1,0.9,225,NA,NA,2,0,0,0,0,0,0,14,305,321,94,10.7,34.6,8.33,11.9
1984,8,3,2,13.3,970.9,85,0,0,1.1,0,NA,NA,1,0,0,0,0,0,0,14,304,320,94,10.8,34.6,8.43,11.9
1984,8,3,3,12.9,971,87.4,0,0,0.9,225,NA,NA,1,0,0,0,0,0,0,14,303,319,94,10.9,34.3,8.44,11.8
1984,8,3,4,12.4,970.8,89.6,0,0.1,0.9,219,NA,NA,7,0,0,0,0,0,0,14,301,319,94,10.7,33.6,8.37,11.4
1984,8,3,5,13.4,970.6,86.7,0,0,0.8,0,NA,NA,77,41,281,344,28,28,129,14,313,334,94,11.2,35.3,8.66,12.1
1984,8,3,6,16.7,970.3,70,0,0.1,1,239,NA,0,226,94,441,575,65,59,132,14,329,362,94,11.2,38.7,8.64,13.5
1984,8,3,7,19.5,970,58.3,0,0.5,2.5,281,NA,NA,397,97,645,737,126,79,87,14,338,379,94,11.1,41.4,8.59,14.5
1984,8,3,8,21.9,969.8,49.4,0,1.2,4,74,NA,NA,571,114,743,736,275,97,100,14,349,397,94,10.8,43.5,8.43,15.2
1984,8,3,9,24.1,969.2,43.7,0,1.9,4.7,90,NA,NA,715,125,800,633,410,109,109,14,358,410,94,11,46,8.53,16.1
1984,8,3,10,24.6,968.7,41.1,0,2.1,4.6,85,NA,NA,814,151,805,457,509,119,119,14,358,421,94,10.5,45.8,8.27,16.1
1984,8,3,11,26.2,968,36.9,0,1.9,5,93,NA,NA,868,163,810,251,567,130,122,14,363,431,94,10.3,47.2,8.17,16.5
1984,8,3,12,28.4,967.2,33.2,0,1.7,4.2,78,NA,0,869,161,812,128,564,238,122,14,384,449,94,10.7,49.9,8.37,17.4
1984,8,3,13,29.9,966.2,32,0,1.9,4.3,98,NA,NA,811,157,790,120,510,444,120,14,390,456,94,11.4,52.6,8.81,18.3
1984,8,3,14,31.8,965.4,29.9,0,2,5,88,NA,NA,705,149,748,114,410,610,114,14,404,463,94,12,55.5,9.19,19.1
1984,8,3,15,33.2,965.3,27.7,0,5.2,10.8,227,NA,NA,567,128,707,101,280,713,104,14,417,459,94,12.1,57,9.21,19.6
1984,8,3,16,33.5,965.9,28.1,0,6.7,12.9,227,NA,NA,399,119,593,86,140,712,96,14,414,452,94,12.5,58.1,9.5,19.9
1984,8,3,17,30.3,967.6,31.9,0,8.5,17.3,254,NA,NA,258,120,448,70,77,609,140,14,387,426,94,11.7,53.4,8.98,18.5
1984,8,3,18,23.9,967.7,52,0,3.2,11.8,297,NA,3,32,32,0,15,15,15,15,14,371,390,94,13.5,49.7,10.07,17.3
1984,8,3,19,22.5,968.4,57.3,0,1,3.5,107,NA,NA,3,0,0,0,0,0,0,14,371,382,94,13.6,48.5,10.19,16.9
1984,8,3,20,21.7,969,61.6,0,1.6,3.7,301,NA,NA,0,0,0,0,0,0,0,14,370,378,94,14,48.3,10.43,16.8
1984,8,3,21,21.4,969.6,61.7,0,0.4,1.7,58,NA,NA,2,0,0,0,0,0,0,14,363,376,94,13.7,47.6,10.25,16.6
1984,8,3,22,20.6,970.1,65.8,0,0.8,2.4,257,NA,NA,2,0,0,0,0,0,0,14,362,374,94,14,47.1,10.4,16.5
1984,8,3,23,20.2,970.1,67.1,0,0.9,2.8,264,NA,NA,2,0,0,0,0,0,0,14,389,389,94,13.9,46.6,10.35,16.3
1984,8,4,0,19.1,969.6,72.5,0,0.5,2.1,346,NA,NA,1,0,0,0,0,0,0,14,387,387,94,14,45.7,10.45,15.9
1984,8,4,1,18.7,969.5,75,0,0.8,2.1,33,NA,NA,2,0,0,0,0,0,0,14,381,381,94,14.2,45.5,10.55,15.9
1984,8,4,2,19.4,970.2,75.2,0,0.7,2.4,274,NA,NA,1,0,0,0,0,0,0,14,397,397,94,14.9,47.5,11.05,16.5
1984,8,4,3,20.1,970.9,69.5,0,1.3,4.4,76,NA,NA,1,0,0,0,0,0,0,14,398,398,94,14.3,47.2,10.65,16.5
1984,8,4,4,19.5,971.6,72.7,0,0.9,2.9,278,NA,NA,0,0,0,0,0,0,0,14,395,395,94,14.5,46.8,10.73,16.4
1984,8,4,5,19.5,971.9,69.4,0,1.3,3.2,271,NA,NA,8,8,0,2,4,4,3,14,370,378,94,13.8,45.6,10.23,16
1984,8,4,6,18.4,971.3,75.9,0.1,1.6,2.8,38,NA,8,47,47,0,20,23,23,23,14,368,373,94,14.1,45,10.45,15.7
1984,8,4,7,18.4,971.5,74.1,0,1.4,3,11,NA,NA,123,123,0,68,58,56,58,14,369,379,94,13.7,44.4,10.2,15.5
1984,8,4,8,20,971.3,67,0,1.6,3.9,34,NA,NA,212,202,16,138,106,90,93,14,400,404,94,13.7,46,10.19,16.1
1984,8,4,9,22,970.8,57.4,0,1.5,4.6,33,NA,NA,564,362,274,445,323,151,153,14,405,422,94,13.2,47.2,9.87,16.5
1984,8,4,10,22,970.5,58.8,0,1.9,4.4,67,NA,NA,327,294,40,172,177,129,131,14,409,417,94,13.6,47.9,10.12,16.7
1984,8,4,11,22.5,970.8,55.7,0,1.6,3.8,86,NA,NA,301,299,2,141,155,131,131,14,419,423,94,13.2,47.7,9.88,16.7
1984,8,4,12,22.2,971.2,54.7,0,1.6,3.9,90,NA,8,195,193,2,91,98,91,90,14,418,418,94,12.7,46.5,9.51,16.3
1984,8,4,13,20.8,971.3,67.6,0.3,0.8,2.8,185,NA,NA,100,100,0,49,49,48,49,14,405,405,94,14.6,48.4,10.81,16.9
1984,8,4,14,19.8,970.3,81.2,0.3,0.7,2.2,107,NA,NA,119,119,0,57,58,57,57,14,356,375,94,16.5,51,12.25,17.7
1984,8,4,15,20.2,969.3,80.4,0,2.2,4.9,44,NA,NA,219,207,18,95,109,141,95,14,361,383,94,16.7,51.9,12.45,17.9
1984,8,4,16,21.7,968.6,68.1,0,2.9,5.1,26,NA,NA,363,192,363,98,145,561,110,14,364,394,94,15.6,51.2,11.56,17.8
1984,8,4,17,21.2,969,69.4,0,2.7,5.9,45,NA,NA,158,111,154,57,63,296,91,14,358,383,94,15.4,50.3,11.42,17.5
1984,8,4,18,20.7,970,71.8,0,0.7,3.2,37,NA,4,76,55,158,31,31,239,95,14,354,375,94,15.4,49.9,11.44,17.3
1984,8,4,19,19.5,970.7,78.1,0,0.6,1.9,133,NA,NA,3,0,0,0,0,0,0,14,353,368,94,15.6,48.9,11.55,17
1984,8,4,20,19.3,970.8,80.9,0,0.4,2.7,358,NA,NA,0,0,0,0,0,0,0,14,351,368,94,15.9,49.4,11.82,17.1
1984,8,4,21,17.7,971.5,92.1,5.5,1.8,6.5,248,NA,NA,0,0,0,0,0,0,0,14,344,361,94,16.4,48.6,12.17,16.9
1984,8,4,22,17.5,971.7,92.5,0,0.6,3.5,234,NA,NA,0,0,0,0,0,0,0,14,343,360,94,16.3,48.2,12.07,16.7
1984,8,4,23,17.2,971.3,92.4,0.1,1,3.4,242,NA,NA,0,0,0,0,0,0,0,14,390,390,94,16,47.2,11.83,16.4
1984,8,5,0,17.2,971.2,92.9,0.1,0.7,2.2,329,NA,NA,0,0,0,0,0,0,0,14,391,391,94,16,47.4,11.89,16.4
1984,8,5,1,16.8,971.5,93.6,2.5,0.8,2.9,328,NA,NA,0,0,0,0,0,0,0,14,386,386,94,15.8,46.5,11.67,16.2
1984,8,5,2,16.1,971.2,92.4,0.1,1.8,5.4,201,NA,NA,0,0,0,0,0,0,0,14,383,383,94,14.9,44.1,11.01,15.3
1984,8,5,3,15.9,971.7,90.6,0,2.6,7.1,232,NA,NA,3,0,0,0,0,0,0,14,351,360,94,14.4,42.9,10.65,15
1984,8,5,4,15.3,972.2,86.4,0,1.7,5,238,NA,NA,4,0,0,0,0,0,0,14,347,356,94,13,40.1,9.76,13.9
1984,8,5,5,14.6,972.6,84.5,0.4,2.2,6,215,NA,NA,19,19,0,6,9,9,8,14,345,357,96,12,37.7,9.11,13.1
1984,8,5,6,14.9,972.9,76.8,0,2.3,4.6,218,NA,7,90,90,0,53,42,40,43,14,346,360,96,10.9,36.3,8.43,12.6
1984,8,5,7,16.6,973.5,66.5,0,1.2,3.7,210,NA,NA,342,193,324,532,138,95,109,14,356,379,96,10.3,37.3,8.13,13
1984,8,5,8,17.5,973.6,59.8,0,0.8,2.4,94,NA,NA,333,273,98,295,171,116,121,14,375,392,96,9.6,37.2,7.73,13
1984,8,5,9,18.1,973.5,57.9,0,1.1,3.7,91,NA,NA,440,332,147,318,246,141,143,14,377,398,96,9.7,37.9,7.78,13.3
1984,8,5,10,19.8,973.2,49.6,0,0.9,3.2,147,NA,NA,863,263,732,490,550,147,147,14,386,422,96,9,38.7,7.4,13.6
1984,8,5,11,20.1,973,47.3,0,1.2,3.7,222,NA,NA,677,401,319,253,436,180,169,14,377,405,94,8.5,38.5,7.19,13.5
1984,8,5,12,20.3,972.9,47.2,0,1.7,4.8,33,NA,5,329,312,20,142,182,150,138,14,377,398,94,8.7,38.9,7.27,13.6
1984,8,5,13,20.6,972.9,44.6,0,1.4,5.7,4,NA,NA,254,251,3,113,128,123,113,14,377,395,94,8.1,38.5,6.99,13.5
1984,8,5,14,20.8,972.9,43.7,0,1.1,3.2,278,NA,NA,210,209,2,96,104,108,95,14,401,407,94,8,38.5,6.94,13.5
1984,8,5,15,21.4,972.7,42.7,0,0.9,3.3,100,NA,NA,238,227,19,101,119,158,102,14,402,409,94,8.2,39.4,7.03,13.8
1984,8,5,16,22.1,972.6,39.5,0,1.6,5.1,42,NA,NA,305,191,244,93,133,451,106,14,403,412,94,7.7,39.5,6.79,13.9
1984,8,5,17,21.3,972.7,39.3,0,0.8,3.4,333,NA,NA,206,93,377,58,64,510,114,14,390,401,94,6.9,37.8,6.43,13.2
1984,8,5,18,20.4,972.8,44.2,0,1.2,2.5,57,NA,6,68,45,179,27,27,248,94,14,382,386,94,7.8,37.9,6.84,13.3
1984,8,5,19,18.5,973.1,54.9,0,1.5,3.3,13,NA,NA,5,0,0,0,0,0,0,14,377,377,94,9.3,37.8,7.56,13.2
1984,8,5,20,17.9,973.2,56.4,0,2,3.3,359,NA,NA,0,0,0,0,0,0,0,14,348,358,94,9.1,36.9,7.48,12.9
1984,8,5,21,17.8,973.2,56.2,0,2.5,5.3,336,NA,NA,0,0,0,0,0,0,0,14,347,356,94,9,36.7,7.4,12.8
1984,8,5,22,16.3,973.3,61.2,0,1.4,4.4,44,NA,NA,0,0,0,0,0,0,0,14,335,345,94,8.8,34.9,7.33,12.1
1984,8,5,23,14.1,973.2,74.2,0,0.3,1.6,81,NA,NA,0,0,0,0,0,0,0,14,312,327,94,9.6,33.7,7.72,11.6
1984,8,6,0,12.8,972.8,85,0,0.6,1.4,248,NA,NA,0,0,0,0,0,0,0,14,307,324,94,10.3,33.4,8.14,11.4
1984,8,6,1,11.9,972.7,89,0,0.4,2,239,NA,NA,0,0,0,0,0,0,0,14,307,322,94,10.1,32.2,8.03,10.9
1984,8,6,2,11.7,972.5,88.3,0,0.4,1.6,225,NA,NA,0,0,0,0,0,0,0,14,304,320,94,9.8,31.6,7.86,10.6
1984,8,6,3,11.1,972.4,90,0,0.5,1.2,221,NA,NA,0,0,0,0,0,0,0,14,299,317,94,9.5,30.6,7.7,10.2
1984,8,6,4,10.7,972.6,90.3,0,0.3,1.2,261,NA,NA,2,0,0,0,0,0,0,14,300,316,94,9.2,29.7,7.52,9.9
1984,8,6,5,11.6,972.6,90.1,0,0.6,1.6,243,NA,NA,66,39,227,290,26,26,107,14,309,328,94,10,31.8,7.97,10.7
1984,8,6,6,14.1,972.7,78.1,0,0.9,1.6,223,NA,1,223,69,530,633,59,54,127,14,323,348,94,10.3,34.7,8.14,11.9
1984,8,6,7,17,972.5,65.9,0,0.9,3.5,47,NA,NA,372,135,518,669,138,85,96,14,332,366,94,10.6,38,8.27,13.3
1984,8,6,8,19.1,972.4,56.4,0,2.8,7.1,58,NA,NA,571,126,732,741,288,101,104,14,345,381,94,10.2,39.7,8.08,13.9
1984,8,6,9,20.3,972.2,46.4,0,4.3,8.4,50,NA,NA,721,111,836,645,426,105,105,14,341,383,94,8.4,38.6,7.15,13.5
1984,8,6,10,21.2,971.9,42.9,0,4.5,8.4,54,NA,NA,827,130,853,466,532,116,115,14,345,391,94,8.1,39.1,6.99,13.7
1984,8,6,11,22.1,971.9,41.1,0,4.8,9,51,NA,NA,882,140,860,249,587,125,119,14,360,403,94,8.3,40.2,7.07,14.1
1984,8,6,12,22.8,971.5,39.1,0,5.1,9.2,46,NA,2,898,130,889,122,597,241,117,14,364,406,94,8.2,40.8,7.02,14.4
1984,8,6,13,23,971.4,39,0,5.5,10,43,NA,NA,841,166,823,124,546,468,124,14,368,409,94,8.3,41.2,7.09,14.5
1984,8,6,14,22.7,970.9,38.9,0,5.6,10.6,48,NA,NA,649,279,505,141,388,543,142,14,367,402,94,8,40.5,6.95,14.2
1984,8,6,15,21.7,971,42,0,4.7,9,50,NA,NA,122,122,0,58,59,60,58,14,367,386,94,8.2,39.8,7.06,13.9
1984,8,6,16,21.4,971.1,42.5,0,4.2,7.1,28,NA,NA,103,103,0,49,49,52,49,14,363,383,94,8.1,39.3,7.01,13.8
1984,8,6,17,20.9,971.1,42.8,0,3.6,9.3,342,NA,NA,165,114,173,58,64,319,93,14,363,384,94,7.8,38.4,6.85,13.5
1984,8,6,18,19.6,971.4,44.9,0,3.5,7.7,333,NA,5,67,40,217,27,27,282,103,14,351,370,94,7.3,36.5,6.62,12.7
1984,8,6,19,18.3,971.9,49.4,0,2.8,6.3,339,NA,NA,1,0,0,0,0,0,0,14,347,362,94,7.5,35.4,6.72,12.3
1984,8,6,20,17.5,972.2,52.9,0,1.8,5.5,10,NA,NA,0,0,0,0,0,0,0,14,325,350,94,7.8,34.9,6.84,12.1
1984,8,6,21,16.9,972.1,55.5,0,2.4,4.9,48,NA,NA,0,0,0,0,0,0,0,14,322,347,94,7.9,34.5,6.91,11.9
1984,8,6,22,14.8,972.1,63.7,0,0.7,3.5,40,NA,NA,0,0,0,0,0,0,0,14,306,329,94,8,32.4,6.93,11.1
1984,8,6,23,13.1,972,76.4,0,0.3,2.2,267,NA,NA,1,0,0,0,0,0,0,14,300,321,94,9,32,7.46,10.8
1984,8,7,0,12.4,971.8,80.1,0,0.6,1.6,234,NA,NA,2,0,0,0,0,0,0,14,300,320,94,9.1,31.3,7.47,10.6
1984,8,7,1,12.8,971.5,80.2,0,0.8,1.7,228,NA,NA,2,0,0,0,0,0,0,14,303,321,94,9.5,32.3,7.68,11
1984,8,7,2,11.6,971.2,85.7,0,0.5,1.6,253,NA,NA,2,0,0,0,0,0,0,14,319,327,94,9.3,30.8,7.58,10.3
1984,8,7,3,12.1,971.2,86.1,0,0.8,1.6,227,NA,NA,1,0,0,0,0,0,0,14,323,331,94,9.8,32,7.88,10.8
1984,8,7,4,11.5,971.3,86.2,0,0.6,1.5,227,NA,NA,3,0,0,0,0,0,0,14,317,325,94,9.3,30.7,7.58,10.3
1984,8,7,5,12,971.4,86,0,0.8,1.6,246,NA,NA,61,41,175,238,25,24,89,14,311,328,94,9.7,31.8,7.82,10.7
1984,8,7,6,14,971.5,77.7,0,0.4,1.6,281,NA,1,199,89,384,515,62,55,113,14,321,347,94,10.2,34.4,8.05,11.8
1984,8,7,7,16.6,971.5,64.6,0,1.4,4.7,25,NA,NA,357,148,458,628,140,88,99,14,331,363,94,9.9,36.7,7.91,12.8
1984,8,7,8,17.9,971.3,60.5,0,2.4,6.5,63,NA,NA,554,140,686,719,285,100,103,14,335,374,94,10.2,38.4,8.04,13.4
1984,8,7,9,18.9,971.2,57,0,2.1,5.3,58,NA,NA,630,253,518,541,379,134,135,14,345,384,94,10.2,39.5,8.07,13.8
1984,8,7,10,20.1,970.8,52.6,0,1.6,5.6,82,NA,NA,791,214,708,456,519,133,132,14,343,392,94,10.1,40.6,8.03,14.2
1984,8,7,11,21.2,970.1,49.4,0,1.8,4.5,74,NA,NA,853,167,797,250,579,130,123,14,356,408,94,10.2,41.8,8.07,14.7
1984,8,7,12,22.8,969.4,42.9,0,1.8,5.2,92,NA,5,867,154,827,127,583,240,121,14,364,417,94,9.5,42.6,7.73,14.9
1984,8,7,13,23.2,968.9,37.8,0,2.4,5.1,83,NA,NA,807,169,780,122,530,453,122,14,374,421,94,8,41.1,6.97,14.4
1984,8,7,14,23.5,968.4,38.8,0,1.7,5.5,59,NA,NA,663,277,527,142,399,557,142,14,368,418,94,8.7,42.2,7.3,14.8
1984,8,7,15,22.5,967.9,41.6,0,2.4,5.9,53,NA,NA,237,225,19,100,120,158,101,14,360,390,94,8.8,41.4,7.37,14.5
1984,8,7,16,21.7,967.7,44.5,0,2.5,4.9,57,NA,NA,93,93,0,44,44,45,44,14,359,380,94,9.1,40.9,7.51,14.4
1984,8,7,17,21.8,968,44.7,0,3.6,7.4,342,NA,NA,148,114,119,55,60,242,79,14,364,386,94,9.2,41.2,7.59,14.4
1984,8,7,18,20.2,967.9,47.1,0,4.1,7.9,338,NA,4,33,33,0,16,15,17,16,14,357,374,94,8.6,38.7,7.25,13.5
1984,8,7,19,19.6,968.2,47.9,0,4.2,9.4,335,NA,NA,0,0,0,0,0,0,0,14,355,370,94,8.3,37.7,7.1,13.2
1984,8,7,20,19.3,968.3,47.6,0,2.9,7.7,336,NA,NA,0,0,0,0,0,0,0,14,377,381,94,7.9,37,6.92,12.9
1984,8,7,21,18.5,968.1,48.7,0,2.1,5,14,NA,NA,0,0,0,0,0,0,0,14,373,375,94,7.5,35.7,6.73,12.4
1984,8,7,22,17,967.8,54.7,0,0.5,2.7,259,NA,NA,0,0,0,0,0,0,0,14,369,369,94,7.8,34.5,6.88,11.9
1984,8,7,23,16.1,967.4,63.3,0,0.3,2.4,261,NA,NA,1,0,0,0,0,0,0,14,374,374,94,9.1,35.3,7.53,12.1
1984,8,8,0,15.6,966.7,69.6,0,0,0.1,0,NA,NA,0,0,0,0,0,0,0,14,371,371,94,10.1,36,8.04,12.4
1984,8,8,1,15.4,966.3,73,0,0,0.1,0,NA,NA,0,0,0,0,0,0,0,14,374,374,94,10.6,36.5,8.33,12.6
1984,8,8,2,15.4,965.7,74.9,0,0.5,2,333,NA,NA,0,0,0,0,0,0,0,14,338,350,94,11,37.1,8.55,12.8
1984,8,8,3,15.1,965.4,76.4,0,0.6,1.7,243,NA,NA,2,0,0,0,0,0,0,14,338,349,94,11,36.8,8.56,12.7
1984,8,8,4,15.1,965.1,77.3,0,0.6,2.2,264,NA,NA,0,0,0,0,0,0,0,14,338,350,94,11.2,37.1,8.67,12.8
1984,8,8,5,14.7,965.4,80.3,0,0.5,1.8,297,NA,NA,17,17,0,5,8,8,7,14,333,347,94,11.3,37,8.77,12.7
1984,8,8,6,15.8,965.2,74.7,0,0.5,1.4,15,NA,7,78,78,0,44,37,36,38,14,337,355,94,11.3,38,8.76,13.2
1984,8,8,7,16.9,965.1,70.6,0,0.9,1.8,68,NA,NA,142,142,0,85,68,63,66,14,342,363,94,11.5,39.5,8.88,13.7
1984,8,8,8,17.5,965.1,66.2,0,2.9,7,57,NA,NA,136,136,0,71,66,62,64,14,343,365,94,11.1,39.5,8.65,13.7
1984,8,8,9,17.8,965.2,65,0,3.5,7,66,NA,NA,256,241,20,151,134,107,110,14,347,370,94,11.1,39.8,8.65,13.8
1984,8,8,10,19.1,964.9,61.5,0,3.6,7.3,74,NA,NA,579,300,344,341,382,139,139,14,347,383,94,11.5,41.7,8.89,14.6
1984,8,8,11,19.6,964.9,59.7,0,3.8,8.5,56,NA,NA,816,289,614,268,553,164,154,14,346,391,94,11.6,42.3,8.9,14.8
1984,8,8,12,20.1,964.7,58.3,0,5.6,10.8,43,NA,3,821,218,702,142,564,247,133,14,344,390,94,11.7,43,8.97,15
1984,8,8,13,21.1,964.3,55.1,0,6.5,10.4,46,NA,NA,800,264,657,143,527,453,143,14,348,391,94,11.7,44.1,9.02,15.4
1984,8,8,14,19.4,964.2,60,0,5.4,10.2,55,NA,NA,197,192,7,89,98,102,88,14,351,375,94,11.4,41.9,8.84,14.6
1984,8,8,15,19.2,964.7,60.2,0,4.9,9.9,58,NA,NA,115,115,0,55,56,57,55,14,351,373,94,11.3,41.5,8.75,14.5
1984,8,8,16,20,964.1,57.6,0,4.4,8.1,54,NA,NA,265,199,145,90,123,344,100,14,353,380,94,11.4,42.5,8.81,14.8
1984,8,8,17,18.7,964.1,63.6,0,3.2,7.5,63,NA,NA,96,96,0,44,44,58,46,14,341,366,94,11.7,41.6,8.97,14.5
1984,8,8,18,18.2,964.5,63.9,0,4.4,7.7,57,NA,7,28,28,0,13,13,13,13,14,336,359,94,11.3,40.4,8.73,14.1
1984,8,8,19,17.7,965,65.6,0,4.9,8.4,53,NA,NA,1,0,0,0,0,0,0,14,335,357,94,11.2,39.8,8.68,13.9
1984,8,8,20,16.7,965.3,69.1,0,3.3,7.5,26,NA,NA,0,0,0,0,0,0,0,14,329,351,94,11,38.5,8.58,13.4
1984,8,8,21,16.4,965.7,72,0,1.8,4.2,15,NA,NA,1,0,0,0,0,0,0,14,329,350,94,11.3,38.7,8.77,13.4
1984,8,8,22,16.1,965.8,74,0,0.4,1.7,358,NA,NA,2,0,0,0,0,0,0,14,328,348,94,11.5,38.6,8.84,13.4
1984,8,8,23,15.8,965.6,76.8,0,0,0.1,0,NA,NA,3,0,0,0,0,0,0,14,350,357,94,11.7,38.7,9,13.4
1984,8,9,0,15.5,965.6,79.4,0,0.2,1.5,318,NA,NA,3,0,0,0,0,0,0,14,349,358,94,12,38.7,9.13,13.4
1984,8,9,1,15.6,965.2,80.6,0,0,0.4,0,NA,NA,2,0,0,0,0,0,0,14,350,357,94,12.3,39.3,9.34,13.6
1984,8,9,2,15.3,964.8,82.7,0,0.2,1.4,53,NA,NA,3,0,0,0,0,0,0,14,345,354,94,12.4,39.2,9.4,13.6
1984,8,9,3,14.7,964.5,86.3,0,0.5,1.5,48,NA,NA,0,0,0,0,0,0,0,14,348,354,94,12.4,38.7,9.45,13.3
1984,8,9,4,14.9,964.5,86.5,0,0.3,2.1,351,NA,NA,1,0,0,0,0,0,0,14,348,356,94,12.7,39.2,9.59,13.6
1984,8,9,5,15.2,965.1,87.4,1.1,0.2,2.5,18,NA,NA,7,7,0,1,4,4,3,14,378,378,96,13.1,40.3,9.88,13.9
1984,8,9,6,15.3,965.2,91.7,0,0.5,2.2,333,NA,8,44,44,0,18,21,21,21,14,381,381,96,14,41.8,10.44,14.5
1984,8,9,7,15.9,964.9,87.1,0,0.7,2.1,65,NA,NA,105,105,0,55,50,48,50,14,384,384,96,13.8,42.1,10.31,14.6
1984,8,9,8,17,964.7,77.6,0,1.4,3,65,NA,NA,246,236,17,171,125,101,105,14,389,394,96,13.1,42,9.84,14.6
1984,8,9,9,18.5,964.3,70.8,0,4.8,11.1,44,NA,NA,387,338,68,254,210,139,142,14,399,404,96,13.1,43.6,9.88,15.2
1984,8,9,10,19,964.1,65.2,0,8,13,47,NA,NA,431,344,107,241,261,146,148,14,405,408,96,12.3,42.9,9.38,14.9
1984,8,9,11,20.3,963.8,61.2,0,9.1,15,44,NA,NA,826,307,608,273,563,168,158,14,362,394,94,12.6,44.7,9.55,15.6
1984,8,9,12,20.3,963.7,59.5,0,10.2,16.1,47,NA,3,839,249,689,151,578,257,141,14,359,393,94,12.2,44,9.28,15.4
1984,8,9,13,20.5,964.1,59.5,0,9.7,16.1,52,NA,NA,644,369,338,162,413,362,161,14,357,389,94,12.3,44.5,9.39,15.5
1984,8,9,14,20,964.1,60.2,0,8.3,14.9,53,NA,NA,342,296,63,130,184,215,130,14,349,378,94,12.1,43.5,9.21,15.2
1984,8,9,15,19.8,964.1,59.9,0,8.5,13.4,51,NA,NA,226,213,22,96,114,150,97,14,345,373,94,11.8,42.9,9.05,15
1984,8,9,16,19.4,964.2,61,0,8.1,13,44,NA,NA,128,128,0,59,61,71,60,14,343,369,94,11.7,42.3,8.99,14.8
1984,8,9,17,18.9,964.1,65,0,6.4,11.6,47,NA,NA,58,58,0,28,28,26,28,14,343,365,94,12.2,42.6,9.29,14.8
1984,8,9,18,18.9,964.6,64.8,0,6.5,12.3,47,NA,7,31,31,0,15,14,16,15,14,341,364,94,12.1,42.5,9.26,14.8
1984,8,9,19,18.4,964.9,67.1,0,6.8,11.5,47,NA,NA,0,0,0,0,0,0,0,14,339,361,94,12.2,42,9.29,14.7
1984,8,9,20,18.1,964.8,68.2,0,5.3,10.9,39,NA,NA,0,0,0,0,0,0,0,14,336,358,94,12.2,41.7,9.26,14.5
1984,8,9,21,17.8,965,71.2,0,5,10.7,49,NA,NA,0,0,0,0,0,0,0,14,339,359,94,12.5,41.9,9.49,14.6
1984,8,9,22,17.8,964.5,71.8,0,4.4,9.6,50,NA,NA,0,0,0,0,0,0,0,14,339,359,94,12.6,42.2,9.58,14.6
1984,8,9,23,17.9,964.1,73,0,2.2,5.4,70,NA,NA,0,0,0,0,0,0,0,14,371,375,94,13,42.8,9.81,14.9
1984,8,10,0,17.8,963.9,72.5,0,3.4,10.5,67,NA,NA,0,0,0,0,0,0,0,14,366,372,94,12.8,42.4,9.68,14.8
1984,8,10,1,16.7,963.7,85.1,0,3.6,8.2,66,NA,NA,0,0,0,0,0,0,0,14,367,369,94,14.2,43.7,10.61,15.2
1984,8,10,2,16.7,963.5,85.2,0,3,6.9,56,NA,NA,0,0,0,0,0,0,0,14,387,387,94,14.2,43.7,10.63,15.2
1984,8,10,3,16.3,963.2,89.2,0,0.8,3.2,328,NA,NA,2,0,0,0,0,0,0,14,386,386,94,14.5,43.9,10.86,15.2
1984,8,10,4,16.6,963.1,87.5,0,1.1,3.5,61,NA,NA,1,0,0,0,0,0,0,14,389,389,94,14.5,44.2,10.86,15.3
1984,8,10,5,16.8,963.3,83.8,0,1.8,5.4,65,NA,NA,26,26,0,12,12,12,12,14,351,363,94,14,43.5,10.52,15.1
1984,8,10,6,17.2,963.6,79.5,0,2.8,5.7,58,NA,7,53,53,0,24,25,25,25,14,352,366,94,13.6,43.2,10.23,15
1984,8,10,7,17.1,963.9,78.9,0,3.1,6.3,47,NA,NA,38,38,0,15,18,19,19,14,353,366,94,13.4,42.7,10.08,14.8
1984,8,10,8,16.9,964.4,80,0.6,3.3,6.5,58,NA,NA,84,84,0,40,40,40,41,14,382,382,94,13.4,42.5,10.09,14.8
1984,8,10,9,15.8,964.8,92.6,3.3,1.4,3.7,60,NA,NA,43,43,0,20,21,21,22,14,385,385,94,14.6,43.5,10.9,15.1
1984,8,10,10,16.1,964.8,92.2,0.7,1.7,3.5,52,NA,NA,75,75,0,37,36,36,37,14,386,386,94,14.8,44.2,11.06,15.3
1984,8,10,11,16.7,964.8,89.1,0,0.7,2.6,360,NA,NA,123,123,0,60,61,58,59,14,388,388,96,14.9,44.9,11.11,15.6
1984,8,10,12,17.3,964.6,83,0,1,2.4,297,NA,8,207,205,2,96,105,96,95,14,392,395,96,14.4,44.6,10.75,15.5
1984,8,10,13,18.3,964.5,73.8,0,0.6,2.7,243,NA,NA,323,320,3,139,167,159,138,14,398,407,96,13.5,44.2,10.17,15.3
1984,8,10,14,19,964.4,71,0,0.7,2.6,185,NA,NA,290,282,10,123,147,159,123,14,394,406,96,13.6,45,10.22,15.7
1984,8,10,15,19.1,964.4,69.6,0,1.3,3.6,59,NA,NA,212,203,16,92,108,137,93,14,392,402,96,13.4,44.8,10.08,15.6
1984,8,10,16,18.6,964.4,75.4,0,1.7,3.6,67,NA,NA,120,120,0,56,57,65,56,14,390,395,96,14.2,45.6,10.59,15.9
1984,8,10,17,19,964.4,72.3,0,1.3,2.9,79,NA,NA,197,95,364,57,64,501,106,14,375,388,94,13.9,45.5,10.41,15.8
1984,8,10,18,18.4,964.9,77,0,0.7,2.8,63,NA,7,44,37,66,20,20,118,48,14,373,379,94,14.3,45.6,10.68,15.8
1984,8,10,19,17.9,965.5,82.1,0,1.1,2.6,32,NA,NA,3,0,0,0,0,0,0,14,371,374,94,14.8,46,11.03,16
1984,8,10,20,17.2,966.1,85.8,0,2.5,5.5,42,NA,NA,2,0,0,0,0,0,0,14,381,381,94,14.8,45.2,11.03,15.7
1984,8,10,21,16.5,966.4,85.6,0,2.3,4.1,63,NA,NA,0,0,0,0,0,0,0,14,378,378,94,14.1,43.2,10.51,15
1984,8,10,22,16.1,966.6,89,0.1,1.7,3.9,67,NA,NA,0,0,0,0,0,0,0,14,376,376,94,14.3,43.1,10.65,15
1984,8,10,23,15.8,966.6,91.8,0.3,0.5,2.4,76,NA,NA,0,0,0,0,0,0,0,14,383,383,94,14.5,43.2,10.78,15
1984,8,11,0,15.8,966.4,92.8,0.1,0.4,1.3,265,NA,NA,0,0,0,0,0,0,0,14,382,382,94,14.6,43.5,10.9,15.1
1984,8,11,1,15.6,966.4,92.8,0,0.2,2.1,266,NA,NA,0,0,0,0,0,0,0,14,381,381,94,14.4,42.9,10.76,14.9
1984,8,11,2,15.6,966.3,92.5,0,0.1,1.6,288,NA,NA,0,0,0,0,0,0,0,14,375,375,94,14.4,42.8,10.73,14.9
1984,8,11,3,15.6,966.5,92.4,0,0.3,1.6,270,NA,NA,1,0,0,0,0,0,0,14,375,375,94,14.4,42.8,10.71,14.9
1984,8,11,4,15.7,966.6,92.3,0,0,0.3,0,NA,NA,2,0,0,0,0,0,0,14,375,375,94,14.5,43,10.77,15
1984,8,11,5,15.6,966.9,92.4,0,0,1.2,0,NA,NA,18,18,0,6,9,8,8,14,374,374,94,14.4,42.8,10.71,14.9
1984,8,11,6,16,967.4,92.3,0,0.4,1.5,288,NA,7,86,86,0,51,40,38,41,14,378,378,94,14.8,43.9,10.97,15.3
1984,8,11,7,16.7,967.6,86.8,0,0.8,2.3,254,NA,NA,171,166,11,132,83,72,78,14,383,383,94,14.5,44.1,10.79,15.3
1984,8,11,8,17.5,967.9,79.7,0,0.9,2.6,261,NA,NA,177,176,3,100,86,78,80,14,392,392,94,14,44,10.41,15.3
1984,8,11,9,17.6,968.1,77.1,0,0.8,2.9,210,NA,NA,160,159,1,82,79,73,74,14,396,396,94,13.5,43.4,10.13,15.1
1984,8,11,10,19.4,968,66,0,1,3.7,138,NA,NA,664,404,322,379,430,166,167,14,412,424,94,12.9,44.1,9.7,15.4
1984,8,11,11,19.6,968,59.4,0,2.3,4.7,78,NA,NA,429,406,27,194,249,169,165,14,392,404,94,11.5,42.1,8.83,14.7
1984,8,11,12,19.9,968,58.4,0,1.1,4,43,NA,7,450,380,83,169,264,190,161,14,398,412,94,11.5,42.4,8.84,14.9
1984,8,11,13,20.2,967.8,58.1,0,1.2,4.1,127,NA,NA,220,218,2,100,111,107,99,14,395,402,94,11.7,43.1,8.96,15.1
1984,8,11,14,19.1,967.8,67.1,0,2.4,5,267,NA,NA,163,163,0,76,80,81,76,14,390,393,94,12.9,43.8,9.68,15.3
1984,8,11,15,17.8,967.9,78.9,0.1,1.9,4.1,320,NA,NA,155,155,0,72,75,81,72,14,391,391,94,14.1,44.5,10.5,15.5
1984,8,11,16,19.4,968,68.8,0,1.9,4.4,55,NA,NA,173,168,11,75,84,131,78,14,393,395,94,13.5,45.2,10.12,15.7
1984,8,11,17,19.1,968,63.9,0,2.8,5.5,64,NA,NA,99,98,4,44,45,66,47,14,390,390,94,12.1,42.6,9.21,14.9
1984,8,11,18,18.7,968.4,63.3,0,2.7,5.3,63,NA,7,26,26,0,12,12,12,12,14,388,388,94,11.6,41.3,8.89,14.5
1984,8,11,19,18.3,968.9,63.5,0,3.2,6.5,59,NA,NA,0,0,0,0,0,0,0,14,386,386,94,11.3,40.4,8.69,14.1
1984,8,11,20,17.9,969.1,63.5,0,3.6,7.5,56,NA,NA,0,0,0,0,0,0,0,14,341,361,94,10.9,39.5,8.47,13.8
1984,8,11,21,17.5,969.2,64.6,0,2.8,5.1,50,NA,NA,0,0,0,0,0,0,0,14,340,359,94,10.8,38.9,8.4,13.6
1984,8,11,22,17,969.4,68.4,0,2.8,5,45,NA,NA,1,0,0,0,0,0,0,14,339,357,94,11.1,38.9,8.62,13.5
1984,8,11,23,15.7,969.3,72.1,0,1.1,3.6,19,NA,NA,0,0,0,0,0,0,0,14,372,372,94,10.7,36.9,8.36,12.8
1984,8,12,0,14.5,969.1,80,0,0.2,0.8,23,NA,NA,1,0,0,0,0,0,0,14,365,365,94,11.1,36.3,8.59,12.5
1984,8,12,1,13.3,969,87.4,0,0,1.1,0,NA,NA,4,0,0,0,0,0,0,14,359,359,94,11.3,35.3,8.68,12.1
1984,8,12,2,13,968.8,89.3,0,0.2,1.1,229,NA,NA,0,0,0,0,0,0,0,14,351,351,94,11.3,35,8.7,12
1984,8,12,3,12.5,968.5,89.3,0,0.9,1.4,230,NA,NA,0,0,0,0,0,0,0,14,348,348,94,10.8,33.8,8.42,11.5
1984,8,12,4,12.2,968.4,88.8,0,0.9,1.7,230,NA,NA,3,0,0,0,0,0,0,14,348,348,94,10.4,33,8.21,11.2
1984,8,12,5,13.4,968.6,86.9,0,0.9,1.5,225,NA,NA,26,26,0,13,12,12,12,14,365,365,94,11.3,35.4,8.69,12.2
1984,8,12,6,15.1,968.7,79.2,0,0.5,1.3,243,NA,7,79,79,0,46,37,36,38,14,373,373,94,11.5,37.6,8.85,13
1984,8,12,7,16.3,968.5,73.9,0,1.5,3.2,8,NA,NA,107,107,0,57,51,49,51,14,379,379,94,11.6,39,8.92,13.5
1984,8,12,8,17.5,968.5,68.4,0,3.4,6.1,42,NA,NA,249,224,43,182,127,98,101,14,385,389,94,11.6,40.2,8.91,14
1984,8,12,9,18.7,968,61.6,0,2.9,5.4,46,NA,NA,514,301,298,417,315,137,138,14,394,405,94,11.2,40.7,8.65,14.2
1984,8,12,10,20.5,967.5,54.5,0,2.6,6.6,73,NA,NA,778,228,685,453,535,135,135,14,396,419,94,11,42.4,8.56,14.8
1984,8,12,11,21.7,967,49.8,0,2.7,6.6,69,NA,NA,846,174,792,250,601,133,125,14,364,411,94,10.8,43.2,8.42,15.2
1984,8,12,12,23.2,966.7,45,0,3.5,6.6,66,NA,2,863,162,827,129,608,247,123,14,368,414,94,10.6,44.6,8.34,15.6
1984,8,12,13,22.8,966.1,43.7,0,3.8,8.1,47,NA,NA,763,236,656,136,525,442,135,14,365,414,94,9.8,43,7.9,15.1
1984,8,12,14,23.5,966,41.4,0,3.7,7.5,44,NA,NA,691,138,774,111,443,627,111,14,371,414,94,9.6,43.5,7.81,15.2
1984,8,12,15,23.8,965.9,42.1,0,4.3,8.4,49,NA,NA,532,208,546,116,299,669,120,14,368,408,94,10.2,44.5,8.09,15.6
1984,8,12,16,22.7,965.7,45,0,4.9,8.3,40,NA,NA,213,181,73,81,102,229,87,14,365,390,94,10.2,43.4,8.1,15.2
1984,8,12,17,21.8,966.1,50,0,4.4,7.9,36,NA,NA,132,107,91,51,56,209,70,14,352,380,94,10.9,43.6,8.52,15.3
1984,8,12,18,20,966.4,54.9,0,2.6,7.2,6,NA,6,33,33,3,15,15,24,18,14,342,365,94,10.7,41.4,8.37,14.5
1984,8,12,19,18.3,966.8,61.1,0,2,4.1,12,NA,NA,0,0,0,0,0,0,0,14,333,354,94,10.7,39.6,8.37,13.8
1984,8,12,20,17.3,967.1,65.2,0,1.9,4.4,15,NA,NA,1,0,0,0,0,0,0,14,331,349,94,10.7,38.6,8.39,13.4
1984,8,12,21,16.5,967.1,69.2,0,0.3,1.7,4,NA,NA,0,0,0,0,0,0,0,14,326,342,94,10.8,38,8.46,13.2
1984,8,12,22,15.6,966.7,74.9,0,0.6,4.7,354,NA,NA,0,0,0,0,0,0,0,14,324,339,94,11.2,37.6,8.66,13
1984,8,12,23,15.5,966.7,76.9,0,0.6,2.1,233,NA,NA,0,0,0,0,0,0,0,14,350,353,94,11.5,37.9,8.83,13.1
1984,8,13,0,16.1,966.5,76.7,0,0.5,1.5,247,NA,NA,3,0,0,0,0,0,0,14,353,361,94,12,39.4,9.16,13.7
1984,8,13,1,16.5,966.4,75.8,0,0.2,1.6,9,NA,NA,2,0,0,0,0,0,0,14,357,364,94,12.2,40.1,9.29,13.9
1984,8,13,2,16.9,966.3,78.2,0,0.3,1.6,37,NA,NA,3,0,0,0,0,0,0,14,381,381,94,13.1,41.9,9.84,14.6
1984,8,13,3,16.6,966.3,79.1,0,1.4,3.9,72,NA,NA,0,0,0,0,0,0,0,14,378,378,94,13,41.4,9.76,14.4
1984,8,13,4,16.5,966.4,80.2,0,2,3.5,50,NA,NA,0,0,0,0,0,0,0,14,380,380,94,13.1,41.5,9.84,14.4
1984,8,13,5,16.5,966.5,80.3,0,1.2,2.8,65,NA,NA,16,16,0,5,8,7,7,14,387,387,94,13.1,41.5,9.85,14.4
1984,8,13,6,16.7,966.6,79.3,0,1.3,3.3,50,NA,8,66,66,0,34,31,30,31,14,387,387,94,13.1,41.7,9.85,14.5
1984,8,13,7,17.4,966.7,76.2,0,1.6,3.4,77,NA,NA,174,166,18,140,84,72,77,14,393,393,94,13.2,42.6,9.89,14.8
1984,8,13,8,18.3,966.6,70.1,0,1.1,3.1,80,NA,NA,284,269,26,214,147,110,114,14,389,396,94,12.8,42.8,9.63,14.9
1984,8,13,9,19.2,966.5,65.6,0,2.1,4.8,62,NA,NA,369,324,64,241,203,134,137,14,397,404,94,12.6,43.5,9.53,15.2
1984,8,13,10,20.6,966.2,58.9,0,2.1,4.6,53,NA,NA,464,363,125,260,288,152,153,14,397,418,94,12.3,44.4,9.33,15.5
1984,8,13,11,22,966.1,52.2,0,2.1,5.3,43,NA,NA,773,316,541,262,544,166,156,14,361,414,94,11.8,45,9.01,15.8
1984,8,13,12,22.8,965.6,48.4,0,2,5,54,NA,5,854,234,734,149,611,263,140,14,370,421,94,11.3,45.2,8.77,15.8
1984,8,13,13,23.6,965,42.7,0,1.5,3.8,98,NA,NA,729,267,577,144,501,422,144,14,373,420,94,10.2,44.4,8.12,15.6
1984,8,13,14,23.2,964.7,43.9,0,1.5,4.2,72,NA,NA,335,305,41,131,183,210,131,14,388,414,94,10.2,44.1,8.15,15.4
1984,8,13,15,22.3,964.9,49,0,3.3,8.5,23,NA,NA,209,200,16,91,107,136,91,14,380,398,94,11.1,44.3,8.62,15.5
1984,8,13,16,21.2,964.9,52.9,0,3.6,5.8,35,NA,NA,137,137,0,63,65,80,64,14,379,393,94,11.2,43.4,8.7,15.2
1984,8,13,17,21.1,965,51.1,0,3.7,6.3,46,NA,NA,152,101,188,53,59,321,82,14,353,379,94,10.6,42.4,8.35,14.8
1984,8,13,18,18.9,965.5,61.2,0,2.2,4.9,66,NA,5,25,25,0,12,12,12,12,14,344,364,94,11.3,41.1,8.73,14.4
1984,8,13,19,17.1,966.1,70.7,0,0.9,2.1,29,NA,NA,0,0,0,0,0,0,0,14,339,349,94,11.7,40,9,13.9
1984,8,13,20,15.9,966.3,80.5,0,0.8,2,254,NA,NA,0,0,0,0,0,0,0,14,321,337,94,12.6,40,9.5,13.9
1984,8,13,21,15.1,966.5,81.8,0,0.7,2.3,250,NA,NA,0,0,0,0,0,0,0,14,315,333,94,12,38.4,9.16,13.3
1984,8,13,22,14.1,966.5,85.9,0,0.5,1.4,237,NA,NA,0,0,0,0,0,0,0,14,310,329,94,11.8,37,9.02,12.8
1984,8,13,23,13.7,966.6,87,0,0.6,1.8,238,NA,NA,0,0,0,0,0,0,0,14,317,331,94,11.6,36.2,8.9,12.5
1984,8,14,0,13.1,966.4,88.3,0,0.5,1.6,231,NA,NA,0,0,0,0,0,0,0,14,312,327,94,11.2,35.1,8.68,12
1984,8,14,1,12.5,966.2,89.7,0,0.1,1.1,243,NA,NA,0,0,0,0,0,0,0,14,309,324,94,10.9,34,8.48,11.6
1984,8,14,2,12.1,966.2,90.9,0,0.1,1.1,247,NA,NA,0,0,0,0,0,0,0,14,300,319,94,10.7,33.3,8.37,11.3
1984,8,14,3,11.7,966.2,91.4,0,0,0.9,297,NA,NA,0,0,0,0,0,0,0,14,299,318,94,10.3,32.4,8.19,10.9
1984,8,14,4,11.7,966.4,90.9,0,0,0.8,270,NA,NA,1,0,0,0,0,0,0,14,299,317,94,10.3,32.3,8.15,10.9
1984,8,14,5,11.8,966.8,91.9,0,0.6,1.4,235,NA,NA,37,31,63,108,17,17,42,14,325,334,94,10.5,32.8,8.29,11.1
1984,8,14,6,13.8,967.1,89.8,0,0.1,1,27,NA,3,162,98,241,388,63,55,90,14,341,352,94,12.2,37.2,9.24,12.9
1984,8,14,7,16.4,966.9,74.9,0,0.7,2.6,54,NA,NA,250,185,150,340,121,84,94,14,346,367,94,11.9,39.6,9.11,13.7
1984,8,14,8,17,966.8,74,0,0.7,2.2,342,NA,NA,233,214,32,165,119,94,97,14,337,366,94,12.3,40.8,9.36,14.2
1984,8,14,9,19.1,966.6,63.6,0,1,4.3,61,NA,NA,612,274,476,530,394,137,138,14,346,390,94,12,42.5,9.18,14.8
1984,8,14,10,20.4,966.3,56.6,0,1.8,4.4,80,NA,NA,692,282,515,405,479,144,144,14,351,398,94,11.5,43,8.85,15
1984,8,14,11,21.3,965.9,51.9,0,1.7,5.6,82,NA,NA,877,271,719,275,628,159,148,14,361,414,94,11,43.2,8.58,15.1
1984,8,14,12,21.7,965.7,50.5,0,2,5.9,61,NA,5,402,352,60,158,235,174,151,14,359,398,94,11,43.6,8.56,15.3
1984,8,14,13,20.2,966.1,59.1,0,2.6,5.4,269,NA,NA,152,151,0,72,75,73,71,14,354,380,94,12,43.5,9.14,15.2
1984,8,14,14,19,966.2,62.5,0,2.9,5.6,219,NA,NA,86,86,0,42,41,40,42,14,368,377,94,11.7,41.8,8.96,14.6
1984,8,14,15,18.1,966.2,70.8,0.2,1,3.2,198,NA,NA,118,118,0,56,57,58,56,14,371,376,94,12.7,42.5,9.61,14.8
1984,8,14,16,17.9,966.9,74.6,0,1.7,4.6,251,NA,NA,75,75,0,36,36,35,36,14,373,377,94,13.3,43.3,10,15.1
1984,8,14,17,18.3,967,69.7,0,1.4,3.2,172,NA,NA,56,56,0,27,26,26,27,14,356,369,94,12.7,42.7,9.57,14.9
1984,8,14,18,17.9,967.1,71.5,0,1.5,4.6,121,NA,7,13,13,0,7,7,4,6,14,354,366,94,12.7,42.3,9.57,14.7
1984,8,14,19,17.3,967.7,71.6,0,1.8,5.9,185,NA,NA,1,0,0,0,0,0,0,14,348,361,94,12.1,40.7,9.22,14.2
1984,8,14,20,15.5,968.2,81.4,0,1.4,3.6,234,NA,NA,0,0,0,0,0,0,0,14,347,352,94,12.3,39.2,9.34,13.6
1984,8,14,21,14.4,968.6,87.2,0,0.6,2.5,272,NA,NA,0,0,0,0,0,0,0,14,344,349,94,12.3,38,9.32,13.2
1984,8,14,22,14.1,968.8,87.8,0,0.5,2.1,312,NA,NA,0,0,0,0,0,0,0,14,342,347,94,12.1,37.4,9.2,12.9
1984,8,14,23,13.4,968.9,88.5,0,0.8,2.3,20,NA,NA,0,0,0,0,0,0,0,14,314,330,94,11.5,35.8,8.85,12.3
1984,8,15,0,13.1,968.8,89.8,0,0.7,2.1,223,NA,NA,0,0,0,0,0,0,0,14,316,331,94,11.5,35.4,8.81,12.2
1984,8,15,1,13,968.6,89.9,0,0.8,1.8,236,NA,NA,0,0,0,0,0,0,0,14,310,327,94,11.4,35.2,8.76,12.1
1984,8,15,2,12,968.4,91.1,0,0.8,2.2,222,NA,NA,0,0,0,0,0,0,0,14,298,317,94,10.6,33,8.31,11.2
1984,8,15,3,11,968.4,91.6,0,0,0.1,0,NA,NA,1,0,0,0,0,0,0,14,293,312,94,9.7,30.8,7.82,10.3
1984,8,15,4,10.9,968.7,91.5,0,0.2,1.1,256,NA,NA,4,0,0,0,0,0,0,14,294,312,94,9.6,30.5,7.75,10.2
1984,8,15,5,10.8,969,92.5,0,0.4,1.3,230,NA,NA,42,32,110,165,20,19,59,14,306,323,94,9.6,30.5,7.78,10.1
1984,8,15,6,12.6,969.2,90.5,0,0.6,1.5,294,NA,1,167,87,305,438,59,52,89,14,314,337,94,11.1,34.3,8.59,11.7
1984,8,15,7,15,969.2,77.8,0,0.8,2.4,29,NA,NA,288,171,269,462,138,85,95,14,325,354,94,11.2,36.9,8.63,12.8
1984,8,15,8,16.8,969.1,68.4,0,1.8,4.4,59,NA,NA,474,214,446,581,274,113,116,14,348,376,94,11,38.4,8.51,13.4
1984,8,15,9,18.5,968.9,62.2,0,1.6,4.8,81,NA,NA,648,198,637,590,431,121,121,14,352,388,94,11.1,40.4,8.62,14.1
1984,8,15,10,19.9,968.5,56.1,0,2.6,5.9,64,NA,NA,755,186,716,443,538,124,124,14,354,398,94,10.9,41.5,8.48,14.5
1984,8,15,11,21,968,51.9,0,3.2,9.4,46,NA,NA,817,184,755,246,599,134,126,14,357,404,94,10.7,42.5,8.4,14.9
1984,8,15,12,23.8,967.6,41.2,0,3.5,7,79,NA,1,825,190,758,135,605,250,128,14,358,413,94,9.8,44.1,7.9,15.4
1984,8,15,13,24.6,967.4,35.9,0,3.4,7.2,74,NA,NA,732,241,618,135,519,431,134,14,365,417,94,8.5,43.1,7.22,15.1
1984,8,15,14,25,967.1,33.9,0,4,8.1,43,NA,NA,618,263,504,136,403,540,136,14,361,410,94,8,42.9,6.98,15.1
1984,8,15,15,23.9,967.2,35.6,0,4.2,7.4,41,NA,NA,288,253,59,109,150,224,111,14,353,390,94,7.8,41.5,6.86,14.6
1984,8,15,16,23,967.1,38.3,0,2.5,4.8,27,NA,NA,109,109,0,51,52,58,51,14,352,383,94,8,40.9,6.99,14.3
1984,8,15,17,22.4,967,41.4,0,2,4.5,3,NA,NA,56,56,0,27,26,26,27,14,360,382,94,8.7,41.1,7.3,14.4
1984,8,15,18,21.6,967.2,45.6,0,2.1,3.7,13,NA,6,14,14,0,7,7,3,6,14,359,378,94,9.4,41.2,7.66,14.5
1984,8,15,19,20.1,967.6,52.8,0,1.6,2.7,13,NA,NA,0,0,0,0,0,0,0,14,349,366,94,10.2,40.7,8.09,14.3
1984,8,15,20,18.7,968,61.2,0,0.3,1.6,94,NA,NA,0,0,0,0,0,0,0,14,334,350,94,11.1,40.6,8.59,14.2
1984,8,15,21,16.7,968.3,71.1,0,0.3,1.4,220,NA,NA,2,0,0,0,0,0,0,14,325,340,94,11.4,39.1,8.8,13.6
1984,8,15,22,15.1,968.3,80,0,0.3,1.7,247,NA,NA,2,0,0,0,0,0,0,14,323,336,94,11.7,37.8,8.94,13.1
1984,8,15,23,14.5,968.3,84.4,0,0.1,1.1,247,NA,NA,1,0,0,0,0,0,0,14,313,329,94,11.9,37.5,9.08,13
1984,8,16,0,13.8,968.1,87.4,0,0.3,1,234,NA,NA,2,0,0,0,0,0,0,14,312,328,94,11.7,36.6,8.98,12.6
1984,8,16,1,12.9,968.1,89.6,0,0,0.9,243,NA,NA,2,0,0,0,0,0,0,14,304,321,94,11.2,34.9,8.68,11.9
1984,8,16,2,12.5,968.3,90.4,0,0,0.4,0,NA,NA,3,0,0,0,0,0,0,14,302,319,94,11,34.1,8.53,11.6
1984,8,16,3,12,968.3,90.8,0,0.1,0.9,236,NA,NA,0,0,0,0,0,0,0,14,300,318,94,10.5,33,8.28,11.2
1984,8,16,4,11.7,968.3,91.2,0,0.5,1.1,248,NA,NA,1,0,0,0,0,0,0,14,295,315,94,10.3,32.3,8.16,10.9
1984,8,16,5,11.7,968.7,90.7,0,0,0.9,297,NA,NA,35,32,34,70,16,16,31,14,302,322,94,10.2,32.2,8.11,10.9
1984,8,16,6,13.9,968.9,84.2,0,0.1,0.9,360,NA,1,152,96,212,342,58,50,79,14,316,340,94,11.3,36,8.7,12.4
1984,8,16,7,16.8,969.1,68.7,0,0.5,2.2,34,NA,NA,315,141,405,576,150,82,92,14,328,362,94,11,38.5,8.55,13.4
1984,8,16,8,18.7,969,59.1,0,1,4,73,NA,NA,481,191,500,621,287,108,111,14,338,380,94,10.6,39.8,8.29,13.9
1984,8,16,9,20.1,968.7,53.7,0,3.1,7.2,49,NA,NA,627,221,575,567,421,125,125,14,347,387,94,10.4,41.1,8.22,14.4
1984,8,16,10,21.9,968.3,48.5,0,3,9.3,65,NA,NA,734,230,636,432,526,133,132,14,354,402,94,10.6,43.1,8.29,15.1
1984,8,16,11,22.5,967.9,44.7,0,3.5,6.9,62,NA,NA,805,219,700,250,594,143,133,14,359,410,94,9.9,42.8,7.92,15
1984,8,16,12,24.1,967.4,38.5,0,3.8,7.8,50,NA,2,839,168,802,130,620,250,123,14,359,418,94,9.1,43.4,7.52,15.2
1984,8,16,13,25.3,967,33.5,0,4.1,7.1,50,NA,NA,776,213,713,132,557,458,132,14,367,418,94,8.1,43.3,7.02,15.2
1984,8,16,14,24.8,966.8,34.5,0,2.9,6.7,47,NA,NA,532,327,291,144,337,434,143,14,386,423,94,8.1,42.8,7.02,15
1984,8,16,15,24.8,966.7,34.8,0,2.7,5.7,48,NA,NA,292,242,85,107,161,259,108,14,377,408,94,8.2,43,7.09,15.1
1984,8,16,16,23,966.7,44.2,0,2.6,4.7,335,NA,NA,98,98,0,46,47,50,46,14,374,394,94,10.2,43.7,8.09,15.3
1984,8,16,17,21.7,966.9,44.2,0,2,8.2,336,NA,NA,45,45,0,22,22,19,22,14,346,374,94,9,40.8,7.47,14.3
1984,8,16,18,20.6,967.2,46.3,0,2.8,6.7,25,NA,6,21,21,0,10,10,8,9,14,341,366,94,8.7,39.3,7.31,13.8
1984,8,16,19,18.9,967.6,49.6,0,3.4,8.5,37,NA,NA,0,0,0,0,0,0,0,14,331,354,94,8.1,36.9,7.04,12.8
1984,8,16,20,16.9,968,58.8,0,0.6,1.9,225,NA,NA,0,0,0,0,0,0,0,14,323,337,94,8.8,35.6,7.36,12.3
1984,8,16,21,15.4,968.3,70.6,0,0.6,1.8,239,NA,NA,0,0,0,0,0,0,0,14,324,336,94,10.1,35.8,8.03,12.4
1984,8,16,22,14.6,968.6,77.1,0,0.2,1.4,245,NA,NA,0,0,0,0,0,0,0,14,316,331,94,10.6,35.7,8.33,12.3
1984,8,16,23,13.8,968.8,82.3,0,0.7,1.6,237,NA,NA,0,0,0,0,0,0,0,14,308,326,94,10.8,35.2,8.45,12.1
1984,8,17,0,13,969,86.2,0,0.3,1.1,232,NA,NA,0,0,0,0,0,0,0,14,304,323,94,10.7,34.3,8.39,11.7
1984,8,17,1,12.4,969.3,89.4,0,0,0.8,225,NA,NA,1,0,0,0,0,0,0,14,300,319,94,10.7,33.6,8.37,11.4
1984,8,17,2,12.1,969.3,89.6,0,0,0.1,0,NA,NA,0,0,0,0,0,0,0,14,300,318,94,10.4,32.9,8.22,11.1
1984,8,17,3,11.7,969.5,90.7,0,0.1,1,333,NA,NA,0,0,0,0,0,0,0,14,298,316,94,10.2,32.2,8.1,10.9
1984,8,17,4,11.5,969.9,90.6,0,0.2,1.2,284,NA,NA,1,0,0,0,0,0,0,14,295,315,94,10,31.7,7.98,10.7
1984,8,17,5,11.7,970.3,91.1,0,0.2,1.2,279,NA,NA,37,29,101,151,18,17,52,14,300,321,94,10.3,32.3,8.13,10.9
1984,8,17,6,14,970.6,86.9,0,0.1,1.3,284,NA,0,145,99,180,314,58,51,76,14,317,341,94,11.9,36.9,9.03,12.8
1984,8,17,7,16.8,970.8,71.3,0,0.3,2.3,50,NA,NA,299,151,347,532,148,83,93,14,329,363,94,11.6,39.3,8.86,13.7
1984,8,17,8,18.8,971.1,61.4,0,2,5.7,61,NA,NA,477,194,491,617,289,109,112,14,342,379,94,11.2,40.8,8.65,14.3
1984,8,17,9,20.1,971.1,56,0,3.8,6.9,58,NA,NA,623,220,575,566,423,125,125,14,347,388,94,11.1,41.9,8.55,14.7
1984,8,17,10,21.6,971,50.3,0,3.7,7.8,53,NA,NA,733,224,644,433,531,132,131,14,360,404,94,10.8,43.1,8.42,15.1
1984,8,17,11,22.9,970.8,45.1,0,3.6,7.2,51,NA,NA,801,217,700,249,597,142,133,14,366,413,94,10.4,43.8,8.17,15.4
1984,8,17,12,24.6,970.6,35.8,0,4.2,7.6,38,NA,1,813,183,756,133,607,249,126,14,360,414,94,8.5,43,7.17,15.1
1984,8,17,13,25.2,970,32.4,0,4.2,7.6,42,NA,NA,764,162,764,118,555,452,118,14,362,416,94,7.5,42.5,6.73,14.9
1984,8,17,14,25.9,969.9,31,0,3.8,7.6,50,NA,NA,653,164,700,113,445,609,113,14,373,424,94,7.5,43.2,6.71,15.2
1984,8,17,15,25.8,970.1,30.9,0,2.9,6.3,66,NA,NA,498,160,588,102,300,668,104,14,361,413,94,7.4,42.9,6.65,15.1
1984,8,17,16,25.8,970.1,29.3,0,3,6.2,56,NA,NA,318,170,352,88,151,536,97,14,362,404,94,6.6,42,6.3,14.8
1984,8,17,17,23.8,970.6,31.7,0,2.7,5.2,29,NA,NA,79,79,0,36,37,47,38,14,355,382,94,6,39.3,6.04,13.8
1984,8,17,18,21.5,971,37.9,0,2,4.8,357,NA,2,18,18,0,9,8,6,8,14,355,373,94,6.6,37.6,6.29,13.2
1984,8,17,19,19.9,971.6,46.8,0,1.3,3.6,13,NA,NA,0,0,0,0,0,0,0,14,346,361,94,8.2,37.9,7.04,13.3
1984,8,17,20,18.4,971.9,51,0,1.2,3.3,69,NA,NA,0,0,0,0,0,0,0,14,318,339,94,8.1,36.2,6.98,12.6
1984,8,17,21,17.2,972.4,53.2,0,1.3,3.7,358,NA,NA,0,0,0,0,0,0,0,14,315,339,94,7.6,34.4,6.75,11.9
1984,8,17,22,16.4,972.7,55.7,0,0.4,1.4,227,NA,NA,0,0,0,0,0,0,0,14,307,327,94,7.5,33.5,6.71,11.5
1984,8,17,23,14.3,973,66.6,0,0.3,1.3,225,NA,NA,0,0,0,0,0,0,0,14,306,323,94,8.2,32.1,7.01,11
1984,8,18,0,13.3,973.2,75,0,0.4,1.4,261,NA,NA,0,0,0,0,0,0,0,14,303,320,94,9,32.1,7.4,10.9
1984,8,18,1,12.6,973.3,80,0,0,0.8,0,NA,NA,0,0,0,0,0,0,0,14,300,316,94,9.2,31.7,7.55,10.7
1984,8,18,2,11.9,973.4,83.3,0,0,0.6,0,NA,NA,0,0,0,0,0,0,0,14,296,313,94,9.2,30.9,7.5,10.4
1984,8,18,3,11.1,973.6,86.7,0,0,1,270,NA,NA,0,0,0,0,0,0,0,14,292,311,94,9,29.8,7.4,10
1984,8,18,4,10.6,973.9,88.1,0,0.2,1.1,249,NA,NA,2,0,0,0,0,0,0,14,287,308,94,8.7,29,7.27,9.6
1984,8,18,5,10.8,974.5,88.1,0,0,0.9,0,NA,NA,40,28,158,207,19,18,67,14,299,318,94,8.9,29.4,7.37,9.8
1984,8,18,6,13.7,974.7,79.4,0,0.1,1,45,NA,0,158,85,287,419,58,50,81,14,313,341,94,10.2,34.1,8.04,11.7
1984,8,18,7,16.9,974.8,64.9,0,0.7,1.9,40,NA,NA,326,138,443,608,158,82,91,14,324,361,94,10.3,37.4,8.07,13.1
1984,8,18,8,19.1,974.9,56.1,0,1.5,4.3,68,NA,NA,495,163,577,660,303,102,105,14,330,376,94,10.2,39.5,8.01,13.9
1984,8,18,9,20.5,974.7,51.5,0,2.1,5.4,80,NA,NA,642,177,665,594,443,116,116,14,336,389,94,10.2,41,8.02,14.4
1984,8,18,10,22.4,974.2,45.9,0,3.1,7.3,48,NA,NA,742,192,699,438,545,125,125,14,352,401,94,10.2,43,8.04,15.1
1984,8,18,11,24.4,973.9,39.9,0,4.3,8.4,45,NA,NA,806,188,744,244,608,135,126,14,364,412,94,9.9,44.6,7.88,15.7
1984,8,18,12,25.2,973.5,33.2,0,5.1,8.9,54,NA,1,814,174,771,130,614,249,123,14,365,416,94,7.9,42.9,6.87,15.1
1984,8,18,13,26.3,973.3,31.3,0,5.1,9.1,50,NA,NA,763,155,776,118,557,452,118,14,378,425,94,8,44.1,6.92,15.5
1984,8,18,14,26.9,973.1,29.9,0,4.5,7.8,57,NA,NA,655,155,719,111,452,616,111,14,371,421,94,7.8,44.5,6.85,15.7
1984,8,18,15,26.9,973,29.1,0,4.2,7.6,58,NA,NA,503,156,609,101,307,682,103,14,368,416,94,7.4,44.1,6.66,15.5
1984,8,18,16,26.5,972.9,28.5,0,4.1,6.8,57,NA,NA,325,133,460,81,156,616,89,14,364,406,94,6.8,42.9,6.37,15.1
1984,8,18,17,25.3,973,30.3,0,3.4,6,55,NA,NA,150,86,259,50,58,391,80,14,357,391,94,6.6,41.5,6.31,14.6
1984,8,18,18,22.7,973.3,35.7,0,2.5,3.9,23,NA,1,30,30,0,14,14,21,16,14,344,371,94,6.8,39,6.36,13.7
1984,8,18,19,20,973.7,45.2,0,1.2,3.2,22,NA,NA,0,0,0,0,0,0,0,14,337,355,94,7.8,37.4,6.82,13.1
1984,8,18,20,18.7,973.9,51.4,0,0.9,2.4,79,NA,NA,0,0,0,0,0,0,0,14,317,337,94,8.5,37,7.16,12.9
1984,8,18,21,16.7,974,60.3,0,0.2,1.2,225,NA,NA,0,0,0,0,0,0,0,14,315,331,94,9,35.5,7.4,12.3
1984,8,18,22,15,974.2,66.7,0,0.3,1.4,223,NA,NA,1,0,0,0,0,0,0,14,310,327,94,8.9,33.6,7.34,11.6
1984,8,18,23,14,974.2,71.6,0,0.3,1.1,240,NA,NA,0,0,0,0,0,0,0,14,304,323,94,9,32.7,7.39,11.2
1984,8,19,0,13.4,974.2,75.6,0,0.4,1.3,241,NA,NA,0,0,0,0,0,0,0,14,304,321,94,9.2,32.4,7.51,11.1
1984,8,19,1,12.7,973.9,80.1,0,0.2,1.1,228,NA,NA,0,0,0,0,0,0,0,14,298,316,94,9.4,31.9,7.6,10.9
1984,8,19,2,12,973.8,83,0,0.1,1,18,NA,NA,0,0,0,0,0,0,0,14,295,312,94,9.2,31,7.52,10.5
1984,8,19,3,11.4,973.9,85.5,0,0,0.5,0,NA,NA,1,0,0,0,0,0,0,14,293,311,94,9.1,30.2,7.44,10.1
1984,8,19,4,11,974,87.4,0,0.1,1,243,NA,NA,0,0,0,0,0,0,0,14,292,311,94,9,29.7,7.41,9.9
1984,8,19,5,11.1,974.2,88.2,0,0.2,1.2,243,NA,NA,34,27,88,136,17,16,46,14,299,318,94,9.2,30.1,7.53,10.1
1984,8,19,6,13.7,974.2,80,0,0.3,1,243,NA,1,146,109,150,297,61,53,76,14,313,340,94,10.3,34.3,8.11,11.8
1984,8,19,7,17.2,974.2,63.4,0,0.4,1.7,294,NA,NA,308,149,380,561,156,83,92,14,330,365,94,10.2,37.7,8.04,13.1
1984,8,19,8,19.1,974.1,58.7,0,2,5.5,54,NA,NA,476,174,529,631,297,104,106,14,331,375,94,10.8,40.5,8.39,14.2
1984,8,19,9,20.6,973.9,53.4,0,3.3,6.3,45,NA,NA,581,253,472,514,396,130,131,14,342,387,94,10.8,42,8.38,14.8
1984,8,19,10,21.7,973.5,48.5,0,3.7,7.2,50,NA,NA,716,239,609,425,528,134,133,14,341,395,94,10.4,42.5,8.15,15
1984,8,19,11,23.5,973.1,42.9,0,3,7,57,NA,NA,762,268,597,248,574,151,140,14,361,413,94,10.2,44.1,8.04,15.5
1984,8,19,12,24.4,972.7,37.5,0,2.9,7,66,NA,3,792,219,694,141,602,254,133,14,368,422,94,9,43.4,7.41,15.3
1984,8,19,13,25.6,972,34.5,0,2.1,5.3,69,NA,NA,755,160,763,117,561,453,117,14,364,423,94,8.8,44.4,7.33,15.6
1984,8,19,14,26.2,971.5,33.1,0,2.8,6,45,NA,NA,651,153,720,110,454,616,110,14,370,423,94,8.7,44.9,7.29,15.8
1984,8,19,15,26.1,971.3,32.4,0,3.3,6,50,NA,NA,491,159,585,101,304,667,103,14,367,417,94,8.3,44.3,7.09,15.6
1984,8,19,16,26,971.1,34.2,0,3.6,5.9,43,NA,NA,304,150,373,84,153,554,92,14,368,407,94,9,45.1,7.45,15.9
1984,8,19,17,25,971.2,36,0,2.5,4.6,42,NA,NA,134,98,148,50,57,279,71,14,360,392,94,8.9,44,7.39,15.5
1984,8,19,18,22.4,971.1,41.8,0,1.7,3.1,16,NA,1,27,27,0,12,12,18,14,14,345,370,94,8.8,41.2,7.33,14.5
1984,8,19,19,19.9,971.6,52.5,0,1.1,3.7,12,NA,NA,0,0,0,0,0,0,0,14,339,357,94,9.9,40.1,7.91,14
1984,8,19,20,18.9,971.7,56.3,0,0.3,1.9,99,NA,NA,0,0,0,0,0,0,0,14,325,343,94,10,39.2,7.97,13.7
1984,8,19,21,16.8,972,64.7,0,0.3,1.3,232,NA,NA,0,0,0,0,0,0,0,14,317,336,94,10.1,37.2,8.02,12.9
1984,8,19,22,15.7,971.9,70.6,0,0.4,1.1,235,NA,NA,0,0,0,0,0,0,0,14,316,334,94,10.4,36.4,8.16,12.6
1984,8,19,23,14.7,971.8,76.1,0,0.4,1,236,NA,NA,1,0,0,0,0,0,0,14,311,328,94,10.5,35.6,8.25,12.3
1984,8,20,0,13.9,971.7,81.2,0,0.1,0.9,259,NA,NA,0,0,0,0,0,0,0,14,310,325,94,10.7,35.1,8.36,12.1
1984,8,20,1,13.3,971.5,83.9,0,0,0.7,0,NA,NA,0,0,0,0,0,0,0,14,304,321,94,10.6,34.4,8.31,11.8
1984,8,20,2,12.4,971.5,86.8,0,0.1,0.8,248,NA,NA,1,0,0,0,0,0,0,14,300,318,94,10.3,32.9,8.1,11.2
1984,8,20,3,12.2,971.6,87.7,0,0.1,0.9,236,NA,NA,0,0,0,0,0,0,0,14,302,319,94,10.2,32.6,8.08,11.1
1984,8,20,4,11.7,971.6,88.7,0,0.1,1,214,NA,NA,0,0,0,0,0,0,0,14,299,316,94,9.9,31.7,7.9,10.7
1984,8,20,5,11.8,972,89.1,0,0.4,1.1,219,NA,NA,30,27,33,74,15,14,30,14,303,322,94,10.1,32,7.99,10.8
1984,8,20,6,14.2,972.2,80.3,0,0.6,1.2,229,NA,0,139,107,131,276,60,51,72,14,317,343,94,10.9,35.6,8.43,12.3
1984,8,20,7,17.5,972.3,65.6,0,1,2.8,63,NA,NA,298,142,373,548,154,81,89,14,329,365,94,11,39.1,8.5,13.7
1984,8,20,8,19.2,972.2,58.3,0,1.5,3.9,61,NA,NA,467,194,479,609,295,108,111,14,333,376,94,10.8,40.6,8.41,14.2
1984,8,20,9,20.9,971.8,53,0,1.9,4.6,84,NA,NA,608,208,577,560,429,121,121,14,346,391,94,11,42.6,8.5,15
1984,8,20,10,22,971.5,50.3,0,1.5,4,96,NA,NA,716,231,622,426,535,132,132,14,350,403,94,11.2,44.1,8.63,15.5
1984,8,20,11,23.5,971.2,44.5,0,2.4,5.3,87,NA,NA,775,227,665,245,594,143,133,14,358,414,94,10.7,44.9,8.36,15.8
1984,8,20,12,24.5,970.7,42.2,0,2.3,5.1,88,NA,1,782,212,692,139,601,252,131,14,364,422,94,10.8,46.1,8.42,16.2
1984,8,20,13,25.7,970.1,39,0,1.8,4.2,99,NA,NA,731,191,695,124,548,443,124,14,379,435,94,10.7,47.2,8.37,16.5
1984,8,20,14,26.5,969.7,35.8,0,2,4,90,NA,NA,630,175,662,114,445,596,114,14,374,431,94,10.1,47.2,8.05,16.5
1984,8,20,15,26.9,969.5,34.8,0,2.1,4,84,NA,NA,466,184,502,106,294,623,108,14,377,429,94,10.1,47.5,8.01,16.7
1984,8,20,16,26.3,969.2,35.9,0,2.6,4.4,72,NA,NA,295,151,350,83,152,535,92,14,371,411,94,10,46.8,7.98,16.4
1984,8,20,17,24.9,969.3,37.2,0,2.4,4,63,NA,NA,130,96,142,49,56,271,69,14,361,393,94,9.3,44.4,7.61,15.6
1984,8,20,18,22.9,969.7,41.2,0,1.3,2.8,59,NA,1,25,25,0,11,11,16,13,14,349,369,94,9,42,7.47,14.8
1984,8,20,19,20.3,970.3,51.4,0,0.8,1.7,252,NA,NA,0,0,0,0,0,0,0,14,343,356,94,10,40.6,7.94,14.3
1984,8,20,20,18.6,970.8,60.2,0,0.5,1.9,31,NA,NA,0,0,0,0,0,0,0,14,326,346,94,10.7,39.9,8.37,13.9
1984,8,20,21,17.3,971.1,71.4,0,0.3,1.2,233,NA,NA,0,0,0,0,0,0,0,14,322,340,94,12.1,40.6,9.16,14.2
1984,8,20,22,16.2,971.1,78,0,0.2,1.2,222,NA,NA,0,0,0,0,0,0,0,14,320,338,94,12.4,39.9,9.33,13.9
1984,8,20,23,15.7,971,80.2,0,0.3,0.9,218,NA,NA,0,0,0,0,0,0,0,14,316,334,94,12.3,39.3,9.3,13.7
1984,8,21,0,14.7,970.6,82.4,0,0,0.2,0,NA,NA,0,0,0,0,0,0,0,14,315,331,94,11.7,37.4,8.95,12.9
1984,8,21,1,14.5,970.6,84.3,0,0.4,1.3,214,NA,NA,0,0,0,0,0,0,0,14,314,330,94,11.9,37.4,9.05,13
1984,8,21,2,13.9,970.6,86,0,0.3,1.1,221,NA,NA,0,0,0,0,0,0,0,14,312,327,94,11.6,36.4,8.87,12.6
1984,8,21,3,13.2,970.5,89.3,0,0.1,1,214,NA,NA,0,0,0,0,0,0,0,14,304,323,94,11.5,35.5,8.8,12.2
1984,8,21,4,12.6,970.6,90.6,0,0.2,1.2,6,NA,NA,1,0,0,0,0,0,0,14,303,321,94,11.1,34.3,8.58,11.7
1984,8,21,5,12.9,970.8,90.6,0,0.1,0.9,233,NA,NA,27,24,43,79,14,13,29,14,308,327,94,11.4,35.1,8.75,12
1984,8,21,6,14.9,970.8,84.7,0,0.2,1.1,259,NA,0,138,90,196,320,55,47,68,14,322,347,94,12.3,38.6,9.33,13.4
1984,8,21,7,18.3,970.7,65.6,0,0.8,3.1,63,NA,NA,306,133,419,581,159,79,87,14,331,368,94,11.8,41.1,8.96,14.4
1984,8,21,8,20.5,970.6,55.2,0,1.3,3.7,73,NA,NA,473,160,552,639,304,100,102,14,346,386,94,11.2,42.6,8.64,14.9
1984,8,21,9,21.9,970.1,51.4,0,2.2,5,51,NA,NA,619,188,625,576,443,117,117,14,351,397,94,11.4,44.3,8.78,15.5
1984,8,21,10,23.6,969.5,48.2,0,1.8,4.8,73,NA,NA,730,192,691,434,553,125,124,14,354,410,94,12,47,9.14,16.4
1984,8,21,11,24.6,968.9,44.4,0,2.2,4.8,88,NA,NA,785,200,712,241,610,137,128,14,358,420,94,11.7,47.5,8.94,16.6
1984,8,21,12,26.1,968.1,39,0,1.8,4.3,89,NA,0,790,188,734,133,614,251,126,14,371,430,94,11.1,48.1,8.59,16.9
1984,8,21,13,27.9,967.3,34.7,0,2.3,4.6,87,NA,NA,723,196,683,125,548,442,124,14,377,436,94,10.9,49.8,8.5,17.4
1984,8,21,14,29.6,966.9,29.8,0,2.8,9.3,188,NA,NA,632,154,699,109,452,606,109,14,378,437,94,10.1,50.4,8.05,17.6
1984,8,21,15,29.7,966.6,27.3,0,3.7,7.6,232,NA,NA,486,135,631,94,309,683,95,14,380,432,94,8.9,48.8,7.41,17.1
1984,8,21,16,29.5,966.4,27.6,0,4.5,8.2,231,NA,NA,321,121,494,77,160,637,84,14,375,419,94,8.9,48.6,7.41,17
1984,8,21,17,28.5,966.3,29.6,0,4.1,7.2,216,NA,NA,148,75,316,46,53,433,75,14,369,405,94,9.1,47.8,7.5,16.8
1984,8,21,18,26,966.3,35,0,3.1,6.8,204,NA,0,23,23,0,10,10,14,12,14,358,385,94,9.4,45.7,7.66,16
1984,8,21,19,23.6,967,41.9,0,3,5.4,215,NA,NA,0,0,0,0,0,0,0,14,345,370,94,9.9,44,7.95,15.4
1984,8,21,20,21.7,967.1,47.2,0,2.5,4.6,218,NA,NA,0,0,0,0,0,0,0,14,344,361,94,10,42.1,7.98,14.8
1984,8,21,21,21.6,967.1,47.5,0,1.5,4.6,190,NA,NA,0,0,0,0,0,0,0,14,339,360,94,10,42,7.98,14.7
1984,8,21,22,19.1,967.4,54,0,1,2,227,NA,NA,0,0,0,0,0,0,0,14,322,343,94,9.6,38.9,7.77,13.6
1984,8,21,23,17,967.5,64.7,0,0.5,2.3,337,NA,NA,1,0,0,0,0,0,0,14,323,342,94,10.3,37.8,8.16,13.1
1984,8,22,0,16,967.7,70.6,0,0.5,1.8,354,NA,NA,0,0,0,0,0,0,0,14,317,335,94,10.7,37.2,8.36,12.9
1984,8,22,1,15.6,967.5,73.2,0,0.4,1.4,9,NA,NA,0,0,0,0,0,0,0,14,316,336,94,10.8,37.1,8.45,12.8
1984,8,22,2,16.4,967.3,70.4,0,0.4,1.6,70,NA,NA,1,0,0,0,0,0,0,14,375,375,94,11,38.1,8.56,13.2
1984,8,22,3,15.7,967.1,72.5,0,0,0.9,225,NA,NA,3,0,0,0,0,0,0,14,370,370,94,10.8,37.1,8.43,12.9
1984,8,22,4,14.7,967.1,78.1,0,0.1,1,270,NA,NA,3,0,0,0,0,0,0,14,367,367,94,10.9,36.3,8.51,12.5
1984,8,22,5,14.5,967.2,78.9,0,0.6,1.8,229,NA,NA,27,24,41,77,14,13,29,14,322,338,94,10.9,36,8.49,12.4
1984,8,22,6,15.9,967.3,75.6,0,0.7,1.6,252,NA,7,102,87,63,161,47,42,53,14,333,352,94,11.6,38.5,8.9,13.4
1984,8,22,7,19.3,967.2,59.8,0,0.4,2,315,NA,NA,290,157,322,498,151,81,89,14,345,378,94,11.3,41.5,8.73,14.5
1984,8,22,8,21,967,53.4,0,0.9,2.9,332,NA,NA,414,239,312,497,261,113,115,14,352,393,94,11.2,43.1,8.66,15.1
1984,8,22,9,21.9,966.8,49.7,0,0.6,3.4,343,NA,NA,359,309,73,239,208,129,131,14,356,395,94,10.9,43.7,8.51,15.3
1984,8,22,10,23.1,966.6,47.2,0,0.9,4.5,51,NA,NA,454,370,109,257,298,151,153,14,362,407,94,11.2,45.4,8.7,15.9
1984,8,22,11,23.5,966.4,46.8,0,2.2,4.4,80,NA,NA,436,365,87,187,269,160,156,14,390,418,94,11.5,46.1,8.84,16.2
1984,8,22,12,24.5,965.9,44.1,0,2,4.1,75,NA,7,614,392,273,175,446,241,162,14,390,427,94,11.5,47.2,8.85,16.5
1984,8,22,13,26.1,965,40.4,0,2.5,4.8,79,NA,NA,711,260,586,138,537,435,137,14,401,444,94,11.6,49,8.93,17.1
1984,8,22,14,26.4,964.5,39,0,3,6,75,NA,NA,602,215,569,122,433,568,122,14,379,429,94,11.3,48.9,8.78,17.1
1984,8,22,15,26.4,964.1,39,0,3.3,5.6,65,NA,NA,411,231,325,112,259,506,114,14,377,418,94,11.3,48.9,8.78,17.1
1984,8,22,16,25.6,964,39.5,0,3.3,6,53,NA,NA,211,169,106,77,112,282,84,14,370,403,94,10.8,47.4,8.48,16.6
1984,8,22,17,24.7,963.7,41.3,0,1.9,3.7,33,NA,NA,92,87,19,39,42,86,44,14,374,397,94,10.7,46.2,8.4,16.2
1984,8,22,18,22.1,963.9,49.8,0,0.5,1.7,341,NA,7,24,24,0,11,11,17,12,14,361,372,94,11.1,44.2,8.66,15.5
1984,8,22,19,20.2,964.5,57.8,0,0,1,180,NA,NA,0,0,0,0,0,0,0,14,354,362,94,11.6,43,8.95,15
1984,8,22,20,18.9,964.7,64.5,0,0.6,2.1,21,NA,NA,0,0,0,0,0,0,0,14,339,353,94,12.1,42.4,9.21,14.8
1984,8,22,21,19,964.8,69.4,0,2.2,4.2,33,NA,NA,0,0,0,0,0,0,0,14,345,362,94,13.3,44.4,9.98,15.5
1984,8,22,22,19,964.5,68.8,0,2.4,4.4,46,NA,NA,1,0,0,0,0,0,0,14,343,361,94,13.1,44.2,9.9,15.4
1984,8,22,23,17.1,964.9,75.4,0,0.7,1.9,18,NA,NA,0,0,0,0,0,0,0,14,324,342,94,12.7,41.6,9.62,14.4
1984,8,23,0,16.1,964.7,81.9,0,0.2,1.3,240,NA,NA,3,0,0,0,0,0,0,14,324,340,94,13,41,9.81,14.2
1984,8,23,1,16,964.6,83.1,0,0,0.6,0,NA,NA,2,0,0,0,0,0,0,14,323,343,94,13.1,41.1,9.89,14.2
1984,8,23,2,16,964.3,83.7,0,0.4,1.2,34,NA,NA,3,0,0,0,0,0,0,14,375,375,94,13.2,41.3,9.97,14.3
1984,8,23,3,16.1,964,84.2,0,0.6,1.8,14,NA,NA,1,0,0,0,0,0,0,14,377,377,94,13.4,41.7,10.1,14.5
1984,8,23,4,16.2,963.9,84.2,0,1.2,1.9,35,NA,NA,0,0,0,0,0,0,0,14,378,378,94,13.5,42,10.16,14.6
1984,8,23,5,16.1,964.1,84.5,0,0.5,1.8,18,NA,NA,22,22,0,13,10,10,11,14,369,369,94,13.5,41.8,10.13,14.5
1984,8,23,6,17.5,963.8,80.8,0,0.7,2,37,NA,6,110,90,86,189,49,43,55,14,380,382,94,14.2,44.5,10.6,15.4
1984,8,23,7,19.3,963.5,71.9,0,1.4,2.9,67,NA,NA,277,161,286,468,148,81,89,14,390,398,94,14.1,46.2,10.56,16
1984,8,23,8,20.2,963.5,66.2,0,1.2,2.9,80,NA,NA,352,261,163,377,217,112,115,14,350,385,94,13.7,46.4,10.28,16.1
1984,8,23,9,21.4,963.4,57.9,0,1.1,4.5,46,NA,NA,468,325,209,382,315,136,138,14,357,398,94,12.8,46.1,9.67,16.1
1984,8,23,10,22.7,962.9,53.8,0,1.8,4.6,55,NA,NA,421,344,101,238,276,144,145,14,361,401,94,12.9,47.6,9.73,16.6
1984,8,23,11,23.4,962.5,50.7,0,2.1,4.6,79,NA,NA,403,398,7,183,224,167,164,14,406,426,94,12.6,47.9,9.57,16.7
1984,8,23,12,23.7,962.4,49.6,0,1.1,3.9,109,NA,8,327,317,12,141,178,147,137,14,409,425,94,12.5,48.1,9.53,16.7
1984,8,23,13,23.6,962.7,49.2,0,1,4.9,194,NA,NA,125,125,0,60,61,60,60,14,408,413,94,12.3,47.6,9.4,16.6
1984,8,23,14,23.4,961.8,52.9,0,2.7,5.6,249,NA,NA,141,141,0,67,70,70,67,14,423,423,94,13.3,49,10,17.1
1984,8,23,15,23.2,962.1,53.8,0,3.8,7.1,220,NA,NA,123,123,0,58,60,62,58,14,418,418,94,13.3,48.9,10.05,17
1984,8,23,16,20.7,961.7,70.3,0,2.9,8.2,243,NA,NA,51,51,0,25,24,21,25,14,406,406,94,15.1,49.5,11.3,17.1
1984,8,23,17,19.7,961.1,78.7,0.1,1.2,3.7,203,NA,NA,19,19,0,9,9,5,9,14,379,381,94,15.9,50,11.91,17.3
1984,8,23,18,18.4,961.4,89.4,0.1,1.5,3.4,267,NA,8,6,6,0,3,3,0,2,14,375,377,94,16.6,50.1,12.48,17.2
1984,8,23,19,17.9,960.4,91.2,0,1,3.4,342,NA,NA,0,0,0,0,0,0,0,14,373,374,94,16.4,49.3,12.35,16.9
1984,8,23,20,17.7,961.3,91.7,0,1.9,4.7,234,NA,NA,0,0,0,0,0,0,0,14,388,388,94,16.3,48.8,12.25,16.8
1984,8,23,21,17.6,962.6,87.7,0.1,4.5,10.4,222,NA,NA,0,0,0,0,0,0,0,14,384,384,94,15.5,47.1,11.61,16.3
1984,8,23,22,16,964.6,88,1.9,7.3,15.8,203,NA,NA,0,0,0,0,0,0,0,14,372,372,94,14,42.6,10.49,14.8
1984,8,23,23,15,963.4,87.4,0.9,5.5,9.8,214,NA,NA,0,0,0,0,0,0,0,14,341,352,94,12.9,39.8,9.77,13.7
1984,8,24,0,14.8,962.9,86.8,0.1,1.8,5.9,290,NA,NA,0,0,0,0,0,0,0,14,340,351,94,12.6,39.1,9.58,13.5
1984,8,24,1,14.5,962.6,90.9,0,1.5,3.5,236,NA,NA,0,0,0,0,0,0,0,14,339,348,94,13,39.5,9.85,13.6
1984,8,24,2,14.1,962,90.1,0,1.2,3,238,NA,NA,0,0,0,0,0,0,0,14,322,338,94,12.5,38.2,9.51,13.1
1984,8,24,3,14.3,962.3,89.4,0,0.9,2.7,153,NA,NA,0,0,0,0,0,0,0,14,321,339,94,12.6,38.5,9.56,13.3
1984,8,24,4,14.1,962.4,90.9,0,0.6,1.6,264,NA,NA,2,0,0,0,0,0,0,14,320,340,94,12.6,38.4,9.59,13.2
1984,8,24,5,13.7,962.5,90.8,0,0.3,1.7,288,NA,NA,16,16,0,7,7,7,7,14,318,341,96,12.2,37.3,9.33,12.8
1984,8,24,6,14.8,962.8,85.7,0,1,2.6,279,NA,7,136,87,209,345,58,48,68,14,328,352,96,12.4,38.8,9.46,13.4
1984,8,24,7,17.1,963.1,71.2,0,2.9,5.7,243,NA,NA,380,158,551,730,201,90,98,14,337,371,96,11.8,40.2,9.09,13.9
1984,8,24,8,17.8,962.9,66,0,2.8,5.5,227,NA,NA,321,248,130,308,188,107,110,14,335,370,96,11.4,40.2,8.81,14
1984,8,24,9,19.5,962.7,56.7,0,3.4,6.9,221,NA,NA,488,314,257,404,333,136,137,14,343,384,96,10.7,41,8.41,14.3
1984,8,24,10,21.2,962.5,48.7,0,4.9,9.9,222,NA,NA,754,204,718,450,589,129,129,14,350,401,96,10,41.7,8.02,14.6
1984,8,24,11,22.8,962.3,41.6,0,4.8,10.1,215,NA,NA,850,156,856,244,677,130,123,14,354,404,94,9.1,42.1,7.55,14.8
1984,8,24,12,23.5,962.1,37.8,0,5.7,10.3,226,NA,6,809,190,764,135,647,261,128,14,356,406,94,8.3,41.8,7.15,14.7
1984,8,24,13,23.7,961.8,36.5,0,6.7,11.5,228,NA,NA,668,293,492,145,504,409,145,14,364,408,94,8,41.6,6.99,14.6
1984,8,24,14,23.4,961.9,37.9,0,6.3,11.2,222,NA,NA,514,306,310,138,351,438,137,14,390,412,94,8.2,41.7,7.13,14.6
1984,8,24,15,22.6,962.3,40.4,0,6.6,10.4,233,NA,NA,216,196,37,89,115,157,89,14,388,402,94,8.5,41.1,7.24,14.4
1984,8,24,16,21.3,962.5,46.9,0,6.5,11.6,233,NA,NA,123,123,0,56,59,72,57,14,372,387,94,9.5,41.2,7.77,14.4
1984,8,24,17,19.6,962.9,62.5,0,3.3,7.8,251,NA,NA,75,75,3,34,35,49,36,14,388,388,94,12.2,43.4,9.34,15.1
1984,8,24,18,19.4,963.6,57.3,0,4.8,7.1,239,NA,7,10,10,0,5,5,2,4,14,383,383,94,10.7,40.9,8.44,14.3
1984,8,24,19,18.7,964.3,57.3,0,3.9,8,215,NA,NA,1,0,0,0,0,0,0,14,379,379,94,10.1,39.3,8.07,13.7
1984,8,24,20,18,964.6,62.1,0,3.3,6,213,NA,NA,0,0,0,0,0,0,0,14,342,360,94,10.6,39.3,8.37,13.7
1984,8,24,21,17.6,964.9,66.3,0,4.2,7.5,221,NA,NA,0,0,0,0,0,0,0,14,342,360,94,11.2,39.8,8.72,13.8
1984,8,24,22,17.4,965.2,67.7,0,3,5.8,218,NA,NA,1,0,0,0,0,0,0,14,341,358,94,11.4,39.8,8.79,13.8
1984,8,24,23,15.9,965.4,81.1,0.5,2.7,6.9,224,NA,NA,0,0,0,0,0,0,0,14,357,361,94,12.7,40.2,9.58,14
1984,8,25,0,14.9,965.3,89.5,0.9,1.2,5.9,214,NA,NA,0,0,0,0,0,0,0,14,355,358,94,13.2,40.1,9.92,13.9
1984,8,25,1,15,965.2,90.7,0,0,1.2,360,NA,NA,0,0,0,0,0,0,0,14,356,359,94,13.5,40.7,10.12,14.1
1984,8,25,2,14.8,965.2,91,0,0,1,270,NA,NA,2,0,0,0,0,0,0,14,334,348,94,13.3,40.2,10.03,13.9
1984,8,25,3,14.9,965,91.4,0,0.1,1.3,90,NA,NA,0,0,0,0,0,0,0,14,334,348,94,13.5,40.6,10.14,14.1
1984,8,25,4,14.8,965.2,91.8,0.2,0.1,1,90,NA,NA,1,0,0,0,0,0,0,14,334,349,94,13.5,40.5,10.12,14
1984,8,25,5,14.9,965.4,91.6,0,0.4,2.4,323,NA,NA,13,13,0,5,6,6,6,14,371,371,96,13.5,40.7,10.16,14.1
1984,8,25,6,15.3,965.7,88.3,0,1,4.3,264,NA,7,54,54,0,27,25,25,26,14,375,375,96,13.4,40.8,10.04,14.1
1984,8,25,7,15.8,965.7,83.7,0,1.8,5.2,255,NA,NA,118,118,0,68,57,53,55,14,377,378,96,13,40.7,9.83,14.1
1984,8,25,8,17.2,965.5,77.1,0,4,6.2,219,NA,NA,322,253,124,309,190,108,111,14,383,390,96,13.2,42.4,9.9,14.8
1984,8,25,9,19.4,965.2,63.2,0,5.4,8.9,220,NA,NA,653,219,641,608,486,127,127,14,386,407,96,12.2,43.1,9.31,15
1984,8,25,10,20.5,964.9,54.3,0,5.6,9.4,207,NA,NA,805,284,682,474,621,148,148,14,391,418,96,11,42.3,8.55,14.8
1984,8,25,11,19,965,60.4,0,7.3,10.9,221,NA,NA,351,317,42,159,211,141,139,14,374,388,94,11.2,41.1,8.67,14.4
1984,8,25,12,16.5,965,82.4,0.4,4.1,9.5,214,NA,6,168,167,1,79,85,79,78,14,374,374,94,13.5,42.2,10.13,14.7
1984,8,25,13,17.2,965.1,74.5,0.1,4,8.1,214,NA,NA,164,163,2,77,83,79,76,14,373,377,94,12.6,41.5,9.56,14.4
1984,8,25,14,17.9,965.3,71.3,0.3,3.6,7.9,208,NA,NA,270,260,15,114,151,165,113,14,362,376,94,12.6,42.2,9.56,14.7
1984,8,25,15,18.6,965.4,61.1,0,4.2,8.1,218,NA,NA,267,239,51,103,146,215,103,14,364,380,94,11,40.4,8.55,14.1
1984,8,25,16,18.3,965.6,60.7,0,4.6,7.8,219,NA,NA,125,125,0,57,60,74,57,14,360,374,94,10.6,39.5,8.33,13.8
1984,8,25,17,17.5,966,66.4,0,5,7.8,221,NA,NA,43,43,0,21,21,19,21,14,364,375,96,11.2,39.5,8.67,13.8
1984,8,25,18,16.1,966.5,82,0,4.3,6.6,220,NA,8,1,0,0,0,0,0,0,14,359,367,96,13,41,9.8,14.2
1984,8,25,19,15.9,966.9,85.6,0,3.2,5.3,213,NA,NA,0,0,0,0,0,0,0,14,361,368,96,13.5,41.6,10.1,14.4
1984,8,25,20,15.9,967.4,84.8,0,1.5,3.7,211,NA,NA,0,0,0,0,0,0,0,14,338,356,96,13.3,41.3,10,14.3
1984,8,25,21,15.6,967.7,85.6,0,0.6,2.2,239,NA,NA,0,0,0,0,0,0,0,14,336,356,96,13.2,40.7,9.9,14.1
1984,8,25,22,15.7,967.6,85.5,0,1.3,2.7,243,NA,NA,2,0,0,0,0,0,0,14,338,357,96,13.3,41,9.95,14.2
1984,8,25,23,15.5,967.8,85.4,0,2.1,3.5,231,NA,NA,1,0,0,0,0,0,0,14,358,366,96,13.1,40.4,9.81,14
1984,8,26,0,15.4,967.4,85.4,0,0.6,2.5,222,NA,NA,2,0,0,0,0,0,0,14,357,365,96,13,40.2,9.75,14
1984,8,26,1,14.9,967.4,88.9,0.9,0.3,1.3,344,NA,NA,0,0,0,0,0,0,0,14,355,363,96,13.1,39.8,9.83,13.8
1984,8,26,2,14.7,967.4,93.3,0.7,0.4,2.1,290,NA,NA,0,0,0,0,0,0,0,14,361,366,96,13.6,40.5,10.19,14
1984,8,26,3,14.5,967.3,93.6,1.3,0.7,2.5,223,NA,NA,0,0,0,0,0,0,0,14,362,365,96,13.5,40.1,10.09,13.9
1984,8,26,4,14.3,967.4,92.9,0,1.4,2.5,221,NA,NA,0,0,0,0,0,0,0,14,358,361,96,13.2,39.4,9.89,13.6
1984,8,26,5,13.8,967.7,92.5,0,0.1,1,256,NA,NA,14,14,0,7,7,7,7,14,342,352,96,12.6,37.9,9.52,13.1
1984,8,26,6,14.4,968.1,92.5,0.2,0.1,1.3,315,NA,7,29,29,0,10,14,14,14,14,346,358,96,13.2,39.5,9.9,13.7
1984,8,26,7,14.6,968.2,92.8,0.3,0.3,1.4,263,NA,NA,39,39,0,15,19,19,19,14,347,360,96,13.4,40.1,10.06,13.9
1984,8,26,8,14.9,968.5,92.3,0.2,0.7,1.8,277,NA,NA,75,75,0,35,36,36,37,14,358,367,96,13.7,40.8,10.2,14.2
1984,8,26,9,15.6,968.6,89.5,0.3,0.4,1.8,219,NA,NA,123,123,0,61,60,57,58,14,359,370,96,13.9,41.9,10.35,14.6
1984,8,26,10,16.2,968.3,83,0,0.5,2.7,360,NA,NA,235,225,13,123,131,102,104,14,365,380,96,13.3,41.5,9.97,14.4
1984,8,26,11,17.7,968.1,73.1,0,1.1,3.3,90,NA,NA,615,380,292,234,462,172,161,14,353,392,96,12.8,42.3,9.65,14.7
1984,8,26,12,18.4,967.9,68,0,2.2,4.4,65,NA,7,673,320,440,160,528,251,150,14,359,402,96,12.4,42.3,9.38,14.8
1984,8,26,13,19.2,967.5,63.3,0,2.3,6.1,71,NA,NA,522,370,202,157,358,302,156,14,361,401,96,12.1,42.6,9.18,14.9
1984,8,26,14,19.6,967.3,59.8,0,2.5,4.9,57,NA,NA,372,308,97,130,237,278,130,14,338,383,96,11.6,42.3,8.89,14.8
1984,8,26,15,18.7,967.3,64,0,2.1,3.9,45,NA,NA,225,213,22,93,121,164,94,14,341,378,96,11.8,41.6,9,14.6
1984,8,26,16,18.4,967.1,68.5,0,2,3.5,27,NA,NA,104,104,0,48,50,57,49,14,341,370,96,12.5,42.5,9.46,14.8
1984,8,26,17,17.9,967,72.6,0,1.3,3.1,24,NA,NA,53,53,0,25,25,27,25,14,345,362,94,12.9,42.6,9.72,14.9
1984,8,26,18,16.9,967.2,77.3,0,0.8,2.3,69,NA,5,13,13,0,6,6,7,6,14,340,352,94,12.9,41.6,9.72,14.5
1984,8,26,19,15.7,967.4,85.7,0,0,1,0,NA,NA,0,0,0,0,0,0,0,14,335,345,94,13.3,41,9.98,14.2
1984,8,26,20,15,967.5,89.5,0,0.7,2.1,215,NA,NA,0,0,0,0,0,0,0,14,325,340,94,13.3,40.3,9.96,14
1984,8,26,21,14.6,967.6,89.3,0,0.1,1.2,252,NA,NA,1,0,0,0,0,0,0,14,322,336,94,12.9,39.2,9.68,13.6
1984,8,26,22,14.1,967.7,90,0,0.1,1,252,NA,NA,0,0,0,0,0,0,0,14,320,335,94,12.5,38,9.44,13.1
1984,8,26,23,13.4,967.8,90.7,0,0.5,1.4,234,NA,NA,1,0,0,0,0,0,0,14,307,327,94,11.9,36.4,9.09,12.5
1984,8,27,0,12.9,967.6,91,0,0.1,0.8,219,NA,NA,0,0,0,0,0,0,0,14,305,324,94,11.5,35.2,8.82,12.1
1984,8,27,1,12.8,967.4,91,0,0.3,1.4,221,NA,NA,1,0,0,0,0,0,0,14,307,327,94,11.4,35,8.77,12
1984,8,27,2,12.7,967,90.8,0,0.1,0.9,207,NA,NA,1,0,0,0,0,0,0,14,310,327,94,11.2,34.7,8.69,11.8
1984,8,27,3,12.3,967,90.8,0,0.1,1.1,220,NA,NA,0,0,0,0,0,0,0,14,309,324,94,10.8,33.7,8.46,11.4
1984,8,27,4,12.3,967.1,90.5,0,0.3,1.3,209,NA,NA,0,0,0,0,0,0,0,14,310,326,94,10.8,33.6,8.43,11.4
1984,8,27,5,12.8,967.3,91.4,0,0.5,1.6,259,NA,NA,5,5,0,1,3,3,2,14,368,368,94,11.4,35.1,8.81,12
1984,8,27,6,14.3,967.6,91,0,0.2,1,222,NA,8,43,43,0,19,21,20,21,14,378,378,94,12.9,38.8,9.68,13.5
1984,8,27,7,16,967.7,85.3,0,0.8,2.1,33,NA,NA,90,90,0,46,43,41,42,14,384,384,94,13.5,41.7,10.13,14.5
1984,8,27,8,16.6,968,77.7,0,1.4,4.6,49,NA,NA,150,150,0,82,74,68,69,14,389,389,94,12.7,40.9,9.57,14.2
1984,8,27,9,18.1,968,71.4,0,3.2,8.1,48,NA,NA,306,289,25,194,177,121,123,14,396,398,94,12.8,42.7,9.67,14.9
1984,8,27,10,19,967.8,65.5,0,4.6,7.8,48,NA,NA,333,299,45,177,199,129,131,14,402,402,94,12.4,42.9,9.38,15
1984,8,27,11,20.6,967.6,57.1,0,5.5,8.8,49,NA,NA,651,355,369,238,496,170,159,14,361,396,94,11.8,43.6,9.03,15.3
1984,8,27,12,21.6,967.3,52.7,0,5.3,9.8,48,NA,2,721,267,569,152,580,257,143,14,365,403,94,11.5,44.2,8.86,15.5
1984,8,27,13,22.6,967.1,48.5,0,4.9,9,47,NA,NA,675,220,607,127,542,429,127,14,365,405,94,11.2,44.8,8.67,15.7
1984,8,27,14,23,967,46.3,0,4.5,8.1,51,NA,NA,563,222,517,121,427,545,121,14,355,400,94,10.9,44.7,8.48,15.7
1984,8,27,15,22.9,966.9,45.8,0,4.3,7.3,52,NA,NA,387,221,313,107,259,493,109,14,357,395,94,10.6,44.2,8.33,15.5
1984,8,27,16,22.5,966.9,45.1,0,3.9,6.5,53,NA,NA,200,158,112,73,111,278,78,14,353,384,94,10,43,8.01,15.1
1984,8,27,17,21.5,967.4,45.8,0,4.1,6.9,51,NA,NA,72,71,6,32,34,56,35,14,348,373,94,9.3,41,7.64,14.4
1984,8,27,18,19.9,968.1,54,0,2.6,7.6,20,NA,3,11,11,0,5,5,5,5,14,340,361,94,10.3,40.7,8.16,14.2
1984,8,27,19,18.1,968.7,64.6,0,1.9,3.7,9,NA,NA,0,0,0,0,0,0,0,14,332,351,94,11.3,40.3,8.73,14.1
1984,8,27,20,17.4,969.1,68.4,0,0.9,3,14,NA,NA,0,0,0,0,0,0,0,14,331,350,94,11.5,39.9,8.84,13.9
1984,8,27,21,16.6,969.6,73.6,0,0.6,1.4,225,NA,NA,0,0,0,0,0,0,0,14,330,347,94,11.9,39.6,9.04,13.8
1984,8,27,22,16.4,969.7,75.6,0,0.9,1.6,216,NA,NA,0,0,0,0,0,0,0,14,327,345,94,12.1,39.7,9.17,13.8
1984,8,27,23,15.8,969.6,79,0,0.7,1.9,232,NA,NA,0,0,0,0,0,0,0,14,341,349,94,12.2,39.2,9.23,13.7
1984,8,28,0,14.9,969.4,83.2,0,0,0.3,0,NA,NA,0,0,0,0,0,0,0,14,338,345,94,12.1,38.2,9.17,13.2
1984,8,28,1,14.7,969.4,85.6,0,0,0.9,315,NA,NA,0,0,0,0,0,0,0,14,338,348,94,12.3,38.3,9.32,13.3
1984,8,28,2,14.8,969.5,85.4,0,0.1,0.9,202,NA,NA,0,0,0,0,0,0,0,14,352,352,94,12.4,38.5,9.36,13.4
1984,8,28,3,13.8,969.6,88.2,0,0.1,0.9,180,NA,NA,0,0,0,0,0,0,0,14,347,347,94,11.9,36.7,9.05,12.7
1984,8,28,4,13.4,969.9,90.1,0,0.5,1.4,216,NA,NA,0,0,0,0,0,0,0,14,344,344,94,11.8,36.2,9.01,12.5
1984,8,28,5,13.2,970.4,89.7,0,0,0.7,0,NA,NA,21,20,21,44,10,10,17,14,363,363,94,11.5,35.6,8.84,12.2
1984,8,28,6,14.7,970.8,89.5,0,0.1,1,326,NA,7,80,79,7,65,38,35,38,14,375,375,94,13,39.4,9.74,13.7
1984,8,28,7,16.8,971,77.2,0,0.5,2.6,37,NA,NA,147,143,12,115,75,63,66,14,382,382,94,12.8,41.2,9.6,14.4
1984,8,28,8,18.2,971.1,64.6,0,1.9,5.1,56,NA,NA,350,249,187,387,227,109,111,14,387,396,94,11.4,40.5,8.77,14.2
1984,8,28,9,19,970.9,59.2,0,3.4,6.5,48,NA,NA,428,337,135,323,281,137,139,14,391,402,94,10.9,40.5,8.44,14.2
1984,8,28,10,20.3,970.9,55.2,0,3.4,6.4,51,NA,NA,580,350,306,340,433,151,152,14,404,416,94,11,42.1,8.53,14.7
1984,8,28,11,21.6,970.7,50.6,0,4.6,7.8,47,NA,NA,717,269,562,239,582,154,144,14,357,400,94,10.9,43.3,8.48,15.2
1984,8,28,12,22.5,970.4,47.1,0,4.3,7.2,50,NA,2,707,311,499,161,567,261,151,14,357,403,94,10.7,43.8,8.33,15.4
1984,8,28,13,23.4,969.9,45.1,0,4,7.2,47,NA,NA,623,289,448,141,489,392,141,14,362,406,94,10.8,45,8.43,15.8
1984,8,28,14,24.1,969.7,43.1,0,4.3,6.8,47,NA,NA,518,257,400,127,386,483,127,14,363,404,94,10.8,45.6,8.41,16
1984,8,28,15,23.8,969.6,43.5,0,4.2,6.9,39,NA,NA,397,223,330,108,267,510,110,14,362,403,94,10.7,45.1,8.33,15.9
1984,8,28,16,24.1,969.5,38.6,0,3.9,6.8,38,NA,NA,257,146,297,76,145,465,82,14,358,394,94,9.1,43.4,7.52,15.2
1984,8,28,17,23.2,969.9,39.3,0,2.4,4.4,27,NA,NA,121,73,240,42,50,356,60,14,350,382,94,8.6,41.8,7.25,14.7
1984,8,28,18,20.5,970.4,43.5,0,0.7,2.6,354,NA,3,13,13,0,6,6,9,7,14,333,355,94,7.7,37.9,6.79,13.3
1984,8,28,19,18.4,971,51.5,0,0.4,1.4,164,NA,NA,0,0,0,0,0,0,0,14,332,347,94,8.2,36.4,7.06,12.7
1984,8,28,20,16.9,971.3,54.4,0,0.1,0.8,153,NA,NA,0,0,0,0,0,0,0,14,340,349,94,7.6,34.2,6.78,11.8
1984,8,28,21,16.6,971.8,58,0,0,0.1,0,NA,NA,0,0,0,0,0,0,0,14,341,353,94,8.3,34.6,7.09,12
1984,8,28,22,15.5,972.1,65.1,0,0,0.1,0,NA,NA,0,0,0,0,0,0,0,14,335,345,94,9,34.3,7.42,11.9
1984,8,28,23,14.5,972.4,73.2,0,0,0.1,0,NA,NA,0,0,0,0,0,0,0,14,323,336,94,9.8,34.4,7.82,11.8
1984,8,29,0,13.7,972.5,78.7,0,0,0.1,0,NA,NA,0,0,0,0,0,0,0,14,323,334,94,10.1,33.9,7.99,11.7
1984,8,29,1,12.9,972.7,80.9,0,0,0.1,0,NA,NA,0,0,0,0,0,0,0,14,314,328,94,9.7,32.6,7.79,11.1
1984,8,29,2,12.3,972.7,84.4,0,0.2,1.2,209,NA,NA,0,0,0,0,0,0,0,14,297,317,94,9.7,32.1,7.81,10.8
1984,8,29,3,11.8,972.6,86.3,0,0.1,1.2,288,NA,NA,4,0,0,0,0,0,0,14,297,319,94,9.6,31.4,7.73,10.6
1984,8,29,4,12.5,972.8,84.4,0,0.6,1.5,224,NA,NA,3,0,0,0,0,0,0,14,300,324,94,9.9,32.5,7.92,11
1984,8,29,5,12.1,972.9,82.8,0,0.9,1.6,230,NA,NA,14,14,0,7,7,7,7,14,307,324,94,9.3,31.2,7.56,10.6
1984,8,29,6,13.5,973,78.1,0,0.4,1.2,227,NA,1,120,92,126,255,55,45,56,14,316,340,94,9.8,33.3,7.82,11.4
1984,8,29,7,16.3,973.1,65.8,0,0.6,1.7,248,NA,NA,273,141,341,518,167,78,84,14,332,361,94,9.9,36.4,7.89,12.6
1984,8,29,8,19.2,973.2,56.9,0,0.6,2.6,63,NA,NA,429,198,427,557,299,105,106,14,334,375,94,10.5,40.1,8.19,14.1
1984,8,29,9,21.2,973,47,0,1.3,3.9,71,NA,NA,587,203,578,556,462,119,119,14,337,390,94,9.4,40.8,7.65,14.3
1984,8,29,10,21.8,972.8,41,0,2.2,6.3,56,NA,NA,691,204,649,418,571,125,125,14,344,396,94,8,39.5,6.92,13.9
1984,8,29,11,23,972.5,37.2,0,2,5,70,NA,NA,750,224,663,236,629,142,132,14,355,410,94,7.6,40.3,6.75,14.2
1984,8,29,12,24.3,972.2,33.8,0,2.9,5.6,47,NA,1,729,234,625,141,609,257,133,14,356,413,94,7.4,41.3,6.64,14.6
1984,8,29,13,25.3,971.6,33.3,0,2.7,6.6,54,NA,NA,682,200,650,124,562,440,123,14,367,422,94,8,43.2,6.95,15.2
1984,8,29,14,25.5,971.4,33.1,0,2.7,5.3,78,NA,NA,571,199,573,117,447,568,117,14,364,421,94,8.1,43.5,6.99,15.3
1984,8,29,15,25.5,971.2,33.3,0,2.6,4.6,69,NA,NA,410,190,421,102,284,557,103,14,367,413,94,8.2,43.6,7.04,15.3
1984,8,29,16,25.2,971.1,34.1,0,1.8,3.5,87,NA,NA,243,141,278,73,140,442,79,14,362,403,94,8.3,43.4,7.08,15.3
1984,8,29,17,23.8,971.3,42.1,0,2.3,6.5,317,NA,NA,93,71,110,37,44,210,49,14,361,388,94,10.2,44.4,8.05,15.6
1984,8,29,18,22.5,971.3,48.3,0,3.2,6.7,331,NA,7,19,19,0,8,8,22,11,14,353,376,94,11,44.3,8.54,15.6
1984,8,29,19,21.8,971.8,49.3,0,3.8,7.4,313,NA,NA,0,0,0,0,0,0,0,14,353,374,94,10.7,43.1,8.35,15.2
1984,8,29,20,20.4,972.3,54.7,0,1.4,5.2,58,NA,NA,0,0,0,0,0,0,0,14,395,395,94,11,42.1,8.5,14.8
1984,8,29,21,18.6,972.3,66.8,0,0.2,1.3,277,NA,NA,0,0,0,0,0,0,0,14,389,389,94,12.3,42.3,9.29,14.8
1984,8,29,22,17.8,972.3,71.7,0,0.4,1.5,28,NA,NA,0,0,0,0,0,0,0,14,382,382,94,12.6,41.9,9.49,14.6
1984,8,29,23,15.9,972.4,77.8,0,0.7,1.8,220,NA,NA,0,0,0,0,0,0,0,14,316,335,94,12,39.1,9.12,13.6
1984,8,30,0,14.9,972.2,82,0,0.1,0.8,252,NA,NA,2,0,0,0,0,0,0,14,311,329,94,11.9,37.8,9.01,13.1
1984,8,30,1,13.9,972.4,85.3,0,0.1,1,141,NA,NA,4,0,0,0,0,0,0,14,307,327,94,11.5,36.2,8.78,12.5
1984,8,30,2,13.6,972.3,86.3,0,0,0.6,0,NA,NA,2,0,0,0,0,0,0,14,356,356,94,11.4,35.7,8.71,12.3
1984,8,30,3,13.5,972.4,86.4,0,0.1,0.9,162,NA,NA,1,0,0,0,0,0,0,14,353,353,94,11.3,35.5,8.67,12.2
1984,8,30,4,12.6,972.6,89,0,0,1.2,180,NA,NA,0,0,0,0,0,0,0,14,350,350,94,10.8,33.9,8.41,11.6
1984,8,30,5,12.4,972.8,90.4,0,0.2,1.4,214,NA,NA,16,16,0,9,7,7,8,14,304,324,94,10.9,33.7,8.43,11.5
1984,8,30,6,13.4,973,89.1,0,0,0.1,0,NA,2,92,79,60,150,44,38,44,14,314,337,94,11.6,35.9,8.88,12.4
1984,8,30,7,15.9,973.1,75,0,0.2,1.2,235,NA,NA,237,158,206,391,143,77,83,14,324,355,94,11.5,38.2,8.78,13.3
1984,8,30,8,18.4,973.1,62.3,0,0.4,2.1,276,NA,NA,383,224,297,475,268,107,108,14,342,377,94,11.1,40.1,8.54,14.1
1984,8,30,9,21.1,973,52.3,0,0.6,3.3,250,NA,NA,541,255,433,489,415,127,128,14,349,393,94,11,42.7,8.48,15
1984,8,30,10,22.6,972.5,44.7,0,1.1,3.9,259,NA,NA,644,272,498,387,519,139,139,14,359,404,94,10,42.9,7.94,15.1
1984,8,30,11,23.5,972.1,39.1,0,0.9,4.7,227,NA,NA,709,304,512,242,581,161,150,14,356,412,94,8.8,42.3,7.33,14.9
1984,8,30,12,25.3,971.6,35.8,0,1.1,6.2,233,NA,1,744,215,672,138,631,260,130,14,369,424,94,9.1,44.5,7.48,15.7
1984,8,30,13,26.5,971.2,33.5,0,1.7,6.1,232,NA,NA,668,239,581,131,550,432,131,14,375,426,94,9.2,45.8,7.52,16.1
1984,8,30,14,27.2,970.8,31.9,0,2.3,7.6,225,NA,NA,583,182,621,114,464,589,114,14,378,425,94,9,46.4,7.46,16.3
1984,8,30,15,26.5,970.9,32.8,0,3.8,7.7,241,NA,NA,391,206,357,104,272,519,105,14,368,410,94,8.8,45.4,7.36,15.9
1984,8,30,16,24.7,970.9,37.9,0,2.7,5.7,291,NA,NA,177,148,81,67,95,212,70,14,360,394,94,9.4,44.3,7.64,15.6
1984,8,30,17,23.5,971,40.5,0,1.7,3.5,292,NA,NA,78,71,38,33,36,104,38,14,355,383,94,9.3,43,7.6,15.1
1984,8,30,18,21.5,971.5,46.1,0,0.7,2.2,291,NA,7,13,13,0,6,6,12,7,14,343,361,94,9.4,41.1,7.66,14.4
1984,8,30,19,19.1,972.1,56.7,0,0.4,1.2,83,NA,NA,0,0,0,0,0,0,0,14,335,347,94,10.3,39.8,8.12,13.9
1984,8,30,20,17.4,972.5,65.1,0,0.4,1.8,81,NA,NA,0,0,0,0,0,0,0,14,324,339,94,10.8,38.7,8.38,13.5
1984,8,30,21,15.3,972.7,75.6,0,0.1,1.3,360,NA,NA,0,0,0,0,0,0,0,14,314,331,94,11,36.9,8.51,12.8
1984,8,30,22,14.5,973,79.7,0,0.2,1.6,252,NA,NA,0,0,0,0,0,0,0,14,309,329,94,11,36.1,8.52,12.5
1984,8,30,23,13.4,973.1,82.1,0,0.6,1.6,241,NA,NA,0,0,0,0,0,0,0,14,299,320,94,10.4,34.1,8.17,11.7
1984,8,31,0,12.5,973.2,85.1,0,0.1,1.1,135,NA,NA,0,0,0,0,0,0,0,14,300,318,94,10.1,32.7,7.98,11.1
1984,8,31,1,11.8,973.2,87.7,0,0.1,1.7,231,NA,NA,0,0,0,0,0,0,0,14,298,316,94,9.8,31.7,7.85,10.7
1984,8,31,2,11.4,973.1,89.5,0,0.2,1,221,NA,NA,0,0,0,0,0,0,0,14,295,314,94,9.7,31.1,7.8,10.5
1984,8,31,3,10.6,973,90.5,0,0.1,0.9,233,NA,NA,1,0,0,0,0,0,0,14,291,310,94,9.1,29.5,7.48,9.8
1984,8,31,4,10.6,973,90.7,0,0.2,1.4,221,NA,NA,1,0,0,0,0,0,0,14,292,310,94,9.1,29.5,7.5,9.8
1984,8,31,5,10.2,973.3,90.8,0,0.4,1.1,247,NA,NA,23,21,59,94,12,11,27,14,293,313,94,8.8,28.6,7.3,9.4
1984,8,31,6,12.2,973.4,85.8,0,0.4,1.5,234,NA,0,133,67,312,424,51,41,50,14,307,331,94,9.9,32.2,7.89,10.9
1984,8,31,7,15.6,973.4,68.9,0,0.2,1.6,180,NA,NA,288,117,447,590,181,73,77,14,318,352,94,9.9,35.7,7.9,12.3
1984,8,31,8,18.6,973.6,54.8,0,0.5,2,40,NA,NA,453,144,579,647,340,94,95,14,327,370,94,9.3,37.9,7.59,13.3
1984,8,31,9,20.6,973.3,48.6,0,0.4,3,90,NA,NA,601,163,666,581,489,110,110,14,340,388,94,9.4,40.1,7.62,14.1
1984,8,31,10,21.9,973.1,43.7,0,0.9,3.4,7,NA,NA,699,179,698,423,592,120,119,14,342,399,94,9,40.9,7.42,14.4
1984,8,31,11,23.6,972.4,39.9,0,1.6,4.2,69,NA,NA,750,189,713,228,647,134,124,14,363,415,94,9.2,42.9,7.52,15.1
1984,8,31,12,24.9,972,37.2,0,2.1,5,89,NA,1,753,176,737,128,650,257,121,14,365,424,94,9.3,44.4,7.58,15.6
1984,8,31,13,25.9,971.4,35.8,0,2.1,4.3,87,NA,NA,699,157,739,113,592,456,113,14,369,427,94,9.6,45.8,7.75,16.1
1984,8,31,14,26.2,971,35.9,0,2.3,4.1,90,NA,NA,579,178,625,112,467,590,112,14,373,425,94,9.9,46.5,7.92,16.3
1984,8,31,15,26.6,970.7,34.9,0,2.2,4.3,90,NA,NA,417,171,480,99,306,608,100,14,372,421,94,9.8,46.9,7.88,16.4
1984,8,31,16,25.7,970.8,37.1,0,2,3.4,67,NA,NA,242,129,317,73,150,484,78,14,367,406,94,9.9,46.1,7.93,16.2
1984,8,31,17,24.7,970.9,39.3,0,2.3,5.4,34,NA,NA,106,67,211,39,46,320,52,14,362,393,94,9.9,44.9,7.9,15.8
1984,8,31,18,22.9,971.3,45,0,2.6,5.6,2,NA,1,12,12,0,5,6,11,7,14,352,379,94,10,43.4,7.99,15.2
1984,8,31,19,21.3,971.5,51,0,1.8,4.5,17,NA,NA,0,0,0,0,0,0,0,14,345,366,94,10.3,42.1,8.15,14.8
1984,8,31,20,19.7,971.8,57.3,0,0.9,3.5,67,NA,NA,2,0,0,0,0,0,0,14,339,358,94,10.5,40.7,8.24,14.3
1984,8,31,21,18.2,972.1,62.1,0,0.2,1.2,228,NA,NA,2,0,0,0,0,0,0,14,337,353,94,10.4,39.1,8.22,13.7
1984,8,31,22,16.9,972.4,66.4,0,0.4,1.1,227,NA,NA,1,0,0,0,0,0,0,14,334,348,94,10.3,37.7,8.16,13.1
1984,8,31,23,15.9,972.6,69.2,0,0.3,1.3,238,NA,NA,3,0,0,0,0,0,0,14,332,345,94,10.1,36.2,8.03,12.6
1996,9,1,0,15.1,972.8,70.9,0,4.2,8.4,45,NA,NA,1,0,0,0,0,0,0,14,331,344,94,9.8,35,7.86,12.1
1996,9,1,1,14.5,973,71.1,0,3.7,6.7,43,NA,NA,0,0,0,0,0,0,0,14,329,343,94,9.3,33.8,7.61,11.6
1996,9,1,2,14.2,973.1,70.6,0,2.7,6.8,52,NA,NA,0,0,0,0,0,0,0,14,325,341,94,8.9,32.9,7.39,11.2
1996,9,1,3,14,973.3,69.4,0,2.9,6.9,63,NA,NA,1,0,0,0,0,0,0,14,323,341,94,8.5,32.3,7.19,11
1996,9,1,4,13.9,973.4,68.7,0,4.4,8.8,65,NA,NA,0,0,0,0,0,0,0,14,316,337,94,8.2,31.8,7.05,10.8
1996,9,1,5,14.1,973.5,67.7,0,4.6,8.5,61,NA,NA,9,9,0,4,4,4,4,14,313,337,94,8.2,31.9,7.02,10.8
1996,9,1,6,14.2,973.6,66.1,0,4.6,7.8,41,NA,6,92,76,78,165,44,37,43,14,313,339,94,8,31.8,6.92,10.8
1996,9,1,7,14.7,973.7,64.9,0,5.5,10,58,NA,NA,210,155,145,306,125,72,77,14,317,344,94,8.1,32.4,7,11.1
1996,9,1,8,15.4,974,63.5,0,6.5,11.5,63,NA,NA,494,137,674,717,376,95,96,14,320,352,94,8.5,33.6,7.17,11.6
1996,9,1,9,16.2,973.8,60.7,0,6.7,12.9,72,NA,NA,643,104,824,631,533,99,98,14,327,359,94,8.6,34.6,7.22,11.9
1996,9,1,10,17.2,973.3,56.9,0,6.8,12.5,71,NA,NA,782,140,868,468,670,118,117,14,329,366,94,8.6,35.6,7.21,12.4
1996,9,1,11,17.9,973.4,54.2,0,7,12,67,NA,NA,877,139,943,243,764,129,123,14,332,370,94,8.5,36.2,7.18,12.6
1996,9,1,12,18.1,973.4,51.2,0,7.6,13.2,62,NA,3,848,218,809,146,733,292,139,14,329,369,94,7.9,35.6,6.87,12.4
1996,9,1,13,17.9,973.3,52.1,0,7.9,13.8,65,NA,NA,662,253,562,137,547,428,137,14,329,364,94,7.9,35.5,6.9,12.3
1996,9,1,14,18,973,50.1,0,7.2,12.8,66,NA,NA,617,136,756,106,507,643,106,14,338,371,94,7.5,35,6.68,12.2
1996,9,1,15,18.2,972.8,49.5,0,6.5,11.5,68,NA,NA,447,149,589,95,335,679,96,14,337,367,94,7.5,35.2,6.68,12.3
1996,9,1,16,17.2,972.7,51.6,0,6.8,11.4,60,NA,NA,214,137,218,70,130,382,75,14,331,356,94,7.2,33.9,6.54,11.7
1996,9,1,17,16.1,972.6,55.2,0,6.1,10.5,64,NA,NA,51,51,0,24,24,28,24,14,319,342,94,7.1,32.7,6.52,11.2
1996,9,1,18,14.7,972.8,62,0,5.6,9.2,40,NA,2,6,6,0,3,3,2,3,14,312,335,94,7.5,31.7,6.7,10.8
1996,9,1,19,14,973,64.6,0,6.7,11.1,46,NA,NA,0,0,0,0,0,0,0,14,310,333,94,7.4,30.9,6.67,10.4
1996,9,1,20,13.5,973.1,66.6,0,6.4,11.2,51,NA,NA,0,0,0,0,0,0,0,14,307,330,94,7.4,30.4,6.65,10.2
1996,9,1,21,13.2,973,66,0,5.7,11.7,56,NA,NA,0,0,0,0,0,0,0,14,306,328,94,7,29.6,6.47,9.9
1996,9,1,22,13.1,972.5,66.6,0,6.7,13.6,54,NA,NA,0,0,0,0,0,0,0,14,305,328,94,7,29.5,6.49,9.9
1996,9,1,23,13,972.5,70.9,0,6.7,13.4,61,NA,NA,0,0,0,0,0,0,0,14,316,334,94,7.8,30.4,6.86,10.2
1996,9,2,0,12.7,971.9,69.7,0,6,10.8,54,NA,NA,0,0,0,0,0,0,0,14,313,331,94,7.3,29.5,6.62,9.8
1996,9,2,1,12.5,971.5,70.6,0,5.9,11,51,NA,NA,0,0,0,0,0,0,0,14,315,332,94,7.3,29.3,6.62,9.7
1996,9,2,2,12.8,970.9,73.4,0,7.7,13,65,NA,NA,0,0,0,0,0,0,0,14,349,351,94,8.2,30.6,7.03,10.3
1996,9,2,3,12.7,970.5,73,0,5.8,11.5,58,NA,NA,1,0,0,0,0,0,0,14,347,350,94,8,30.3,6.94,10.2
1996,9,2,4,12.5,970.2,72.8,0,7.4,13.9,66,NA,NA,0,0,0,0,0,0,0,14,346,349,94,7.8,29.8,6.84,10
1996,9,2,5,12.3,970.1,73.3,0,7.4,15.7,70,NA,NA,10,10,0,5,5,5,5,14,354,354,94,7.7,29.5,6.79,9.8
1996,9,2,6,12.6,969.8,72.3,0,7.1,14.1,65,NA,7,30,30,0,11,14,15,15,14,355,355,94,7.8,29.9,6.84,10
1996,9,2,7,13.1,969.7,70.1,0,8.9,15.6,63,NA,NA,149,142,20,124,77,62,65,14,361,361,94,7.8,30.5,6.85,10.2
1996,9,2,8,13.7,969.7,67.7,0,8.5,14.6,65,NA,NA,264,228,68,242,164,97,99,14,361,362,94,7.8,31.1,6.88,10.5
1996,9,2,9,14.4,969.4,67.7,0,8.7,14.6,64,NA,NA,421,305,177,326,291,130,132,14,365,369,94,8.5,32.7,7.2,11.1
1996,9,2,10,14.4,969.4,65.6,0,9.5,16.4,62,NA,NA,335,324,15,171,189,135,138,14,367,368,94,8,32.1,6.98,10.9
1996,9,2,11,14.8,969.1,64.4,0,8.8,14.2,64,NA,NA,329,320,12,150,185,139,137,14,367,370,94,8.2,32.7,7.03,11.2
1996,9,2,12,14.8,968.8,65.1,0,9.2,15.1,60,NA,7,237,235,2,108,126,110,106,14,367,368,94,8.3,32.9,7.11,11.2
1996,9,2,13,15,968.8,65.7,0,8.7,14.7,62,NA,NA,221,219,2,100,116,109,99,14,368,369,94,8.6,33.5,7.27,11.4
1996,9,2,14,15.2,968.4,64.2,0,9,15.5,63,NA,NA,277,268,13,116,151,161,115,14,370,371,94,8.5,33.5,7.2,11.5
1996,9,2,15,15.3,968.6,63.4,0,9.1,16.5,62,NA,NA,215,208,14,90,120,160,90,14,370,370,94,8.4,33.5,7.16,11.5
1996,9,2,16,15.4,968.4,65.3,0,8.9,15.6,60,NA,NA,117,116,2,53,57,72,53,14,370,370,94,8.9,34.3,7.42,11.8
1996,9,2,17,15.2,968.2,65.4,0,8.7,14.2,63,NA,NA,64,61,15,28,30,59,30,14,327,346,94,8.8,33.8,7.34,11.6
1996,9,2,18,15.2,968.2,65.1,0,8.6,15.9,63,NA,6,0,0,0,0,0,0,0,14,327,345,94,8.7,33.8,7.31,11.6
1996,9,2,19,15,968.4,65.5,0,6.8,14.1,53,NA,NA,0,0,0,0,0,0,0,14,326,344,94,8.6,33.4,7.25,11.4
1996,9,2,20,15,968.4,64.9,0,7.6,11.7,56,NA,NA,1,0,0,0,0,0,0,14,324,344,94,8.5,33.3,7.19,11.4
1996,9,2,21,14.7,968.7,63.8,0,7.2,13.4,58,NA,NA,0,0,0,0,0,0,0,14,323,342,94,7.9,32.3,6.92,11
1996,9,2,22,14.3,968.5,64,0,5.7,12.7,50,NA,NA,0,0,0,0,0,0,0,14,319,340,94,7.6,31.5,6.77,10.7
1996,9,2,23,13.6,968.4,66,0,4.5,8.2,42,NA,NA,0,0,0,0,0,0,0,14,325,341,94,7.4,30.5,6.67,10.3
1996,9,3,0,13.4,968.2,67.7,0,3.4,6.5,42,NA,NA,2,0,0,0,0,0,0,14,327,341,94,7.6,30.5,6.76,10.3
1996,9,3,1,13.2,967.9,69.4,0,1.5,6.8,41,NA,NA,1,0,0,0,0,0,0,14,326,340,94,7.7,30.5,6.84,10.2
1996,9,3,2,12.8,967.6,71,0,2.5,5.8,33,NA,NA,0,0,0,0,0,0,0,14,322,338,94,7.7,30.1,6.82,10.1
1996,9,3,3,12.2,967.5,73.5,0,2.9,4.8,30,NA,NA,1,0,0,0,0,0,0,14,321,335,94,7.6,29.4,6.79,9.7
1996,9,3,4,12.4,967.4,74.1,0,3.2,5.3,32,NA,NA,0,0,0,0,0,0,0,14,322,336,94,7.9,30,6.93,10
1996,9,3,5,12.6,967.6,75.8,0,2.4,4.2,59,NA,NA,3,3,0,1,1,1,1,14,357,357,94,8.4,30.8,7.19,10.3
1996,9,3,6,12.7,967.4,76.7,0,2.4,5.8,54,NA,7,19,19,0,6,9,9,9,14,357,357,94,8.7,31.3,7.32,10.5
1996,9,3,7,13.1,967.4,74.9,0,3.4,6,53,NA,NA,90,90,0,48,44,41,43,14,359,359,94,8.8,31.7,7.34,10.7
1996,9,3,8,13.5,967.3,74.5,0,3.2,6.6,62,NA,NA,168,168,1,97,85,74,76,14,371,371,94,9.1,32.5,7.5,11.1
1996,9,3,9,13.9,967,71.6,0,4.5,7.2,45,NA,NA,182,180,3,96,93,81,82,14,372,372,94,8.9,32.7,7.4,11.1
1996,9,3,10,14.8,967,68.2,0,5.2,8.6,59,NA,NA,397,339,79,214,257,141,143,14,376,376,94,9,33.8,7.47,11.6
1996,9,3,11,15.2,966.8,65.2,0,4.8,8.2,64,NA,NA,388,370,24,176,248,156,151,14,361,373,94,8.7,33.8,7.33,11.6
1996,9,3,12,16.1,966.9,62,0,5.4,9.7,59,NA,6,569,361,271,164,454,235,153,14,365,378,94,8.8,34.9,7.38,12
1996,9,3,13,16.1,966.7,62.3,0,5,9.7,66,NA,NA,364,347,24,142,229,201,141,14,365,375,94,8.9,35,7.42,12.1
1996,9,3,14,15.9,966.8,63,0,5.5,9.8,64,NA,NA,238,234,7,103,127,133,103,14,373,375,94,8.9,34.7,7.41,12
1996,9,3,15,15.7,966.6,63.2,0,6.2,10.2,60,NA,NA,217,213,8,92,114,144,92,14,371,373,94,8.7,34.3,7.34,11.8
1996,9,3,16,15.6,966.3,64.4,0,5.3,9,62,NA,NA,112,112,0,51,54,67,51,14,371,371,94,8.9,34.5,7.43,11.8
1996,9,3,17,15.3,966.3,66,0,5.2,8.8,54,NA,NA,58,57,6,26,28,45,28,14,361,363,94,9,34.3,7.47,11.8
1996,9,3,18,15,966.4,68,0,4,8,44,NA,7,6,0,0,0,0,0,0,14,360,362,94,9.1,34.2,7.55,11.7
1996,9,3,19,15.1,966.3,71.2,0,3.8,6.5,44,NA,NA,1,0,0,0,0,0,0,14,362,363,94,9.9,35.3,7.96,12.1
1996,9,3,20,15.4,966,72.6,0,3.7,7.1,60,NA,NA,0,0,0,0,0,0,0,14,363,364,94,10.5,36.4,8.28,12.6
1996,9,3,21,15.3,965.7,74,0,2.6,7.3,81,NA,NA,0,0,0,0,0,0,0,14,363,363,94,10.7,36.6,8.39,12.6
1996,9,3,22,15.1,965.5,75.5,0,1.5,4.1,100,NA,NA,1,0,0,0,0,0,0,14,361,361,94,10.8,36.6,8.46,12.6
1996,9,3,23,14.8,965.3,77.1,0,1,3.6,122,NA,NA,1,0,0,0,0,0,0,14,360,360,94,10.8,36.3,8.47,12.5
1996,9,4,0,14.4,965.2,81.6,0,0.2,1.5,347,NA,NA,0,0,0,0,0,0,0,14,358,358,94,11.3,36.6,8.74,12.6
1996,9,4,1,14.3,965,82,0,0.6,1.4,335,NA,NA,2,0,0,0,0,0,0,14,358,358,94,11.3,36.4,8.73,12.6
1996,9,4,2,14.4,964.9,82.9,0,0.6,2.4,23,NA,NA,0,0,0,0,0,0,0,14,367,367,94,11.5,36.9,8.89,12.7
1996,9,4,3,14.6,965,80.4,0,1.4,3,46,NA,NA,1,0,0,0,0,0,0,14,368,368,94,11.3,36.7,8.73,12.7
1996,9,4,4,14.5,965,81.6,0,0,0.8,0,NA,NA,0,0,0,0,0,0,0,14,367,367,94,11.4,36.8,8.8,12.7
1996,9,4,5,14.3,965.3,83,0,0,0.1,0,NA,NA,4,4,0,1,2,2,2,14,367,367,94,11.5,36.7,8.84,12.7
1996,9,4,6,14.7,965.5,81.3,0,0.7,1.8,30,NA,7,43,43,0,20,20,20,20,14,369,369,94,11.5,37.2,8.88,12.8
1996,9,4,7,15.2,965.8,78.7,0,1.7,5.3,39,NA,NA,122,121,1,75,60,54,55,14,373,373,94,11.5,37.7,8.88,13
1996,9,4,8,16.1,965.9,73.8,0,3.6,6.8,64,NA,NA,353,232,233,410,250,105,106,14,355,370,94,11.4,38.5,8.81,13.3
1996,9,4,9,16.4,966.1,71.2,0,3.6,5.8,64,NA,NA,313,264,76,229,211,114,116,14,354,370,94,11.2,38.4,8.66,13.3
1996,9,4,10,17.6,966.2,65,0,3.9,7.5,58,NA,NA,683,267,570,411,581,141,141,14,360,384,94,10.9,39.3,8.53,13.7
1996,9,4,11,18.7,966.2,61.4,0,4.5,8.2,65,NA,NA,773,141,820,219,696,123,116,14,364,389,94,11.1,40.7,8.64,14.2
1996,9,4,12,19.5,966.5,58.9,0,4.3,8.1,70,NA,6,752,204,716,136,674,270,129,14,371,394,94,11.3,41.7,8.71,14.6
1996,9,4,13,19.6,966.7,58.8,0,4.6,7.6,55,NA,NA,453,355,138,147,326,271,147,14,371,389,94,11.3,41.9,8.75,14.6
1996,9,4,14,19.6,966.5,58.5,0,5.6,9.2,61,NA,NA,470,264,331,124,372,450,124,14,359,383,94,11.2,41.8,8.7,14.6
1996,9,4,15,19.2,966.5,59.5,0,5.4,9.3,65,NA,NA,367,216,307,104,269,494,104,14,356,378,94,11.1,41.2,8.63,14.4
1996,9,4,16,18.3,966.7,63.3,0,3.8,7.6,67,NA,NA,114,113,2,51,56,71,52,14,354,368,94,11.2,40.4,8.68,14.1
1996,9,4,17,17.6,966.6,66.7,0,2.9,6.7,50,NA,NA,48,48,0,22,23,27,23,14,340,356,94,11.3,39.9,8.76,13.9
1996,9,4,18,15.8,966.8,74.7,0,2.2,5.4,36,NA,3,3,0,0,0,0,0,0,14,331,339,94,11.3,38,8.74,13.2
1996,9,4,19,14.8,967,76.8,0,1.5,4.1,23,NA,NA,0,0,0,0,0,0,0,14,325,332,94,10.8,36.2,8.42,12.5
1996,9,4,20,13.7,966.9,80.8,0,1,3,1,NA,NA,0,0,0,0,0,0,0,14,306,323,94,10.5,34.6,8.25,11.9
1996,9,4,21,12.7,966.9,83.4,0,0.9,3,7,NA,NA,0,0,0,0,0,0,0,14,300,319,94,10,32.9,7.98,11.2
1996,9,4,22,12.2,967,84.4,0,1,3.5,21,NA,NA,0,0,0,0,0,0,0,14,297,317,94,9.6,32,7.81,10.8
1996,9,4,23,11.6,966.9,86.8,0,1.2,4.1,38,NA,NA,0,0,0,0,0,0,0,14,294,315,94,9.5,31.1,7.72,10.4
1996,9,5,0,11,966.7,87.6,0,1.4,4.6,48,NA,NA,0,0,0,0,0,0,0,14,290,311,94,9,29.9,7.48,9.9
1996,9,5,1,10.7,966.7,88.6,0,1.5,5,56,NA,NA,0,0,0,0,0,0,0,14,292,314,94,8.9,29.5,7.42,9.7
1996,9,5,2,10.8,966.8,87.9,0,1.3,4.4,56,NA,NA,0,0,0,0,0,0,0,14,313,320,94,8.9,29.5,7.41,9.8
1996,9,5,3,10.2,966.7,88.5,0,1,3.6,55,NA,NA,0,0,0,0,0,0,0,14,311,319,94,8.4,28.3,7.16,9.2
1996,9,5,4,10.6,966.5,88,0,0.7,2.8,48,NA,NA,2,0,0,0,0,0,0,14,316,326,94,8.7,29.1,7.32,9.6
1996,9,5,5,11.2,966.8,87.9,0,0.4,2,41,NA,NA,13,13,0,9,6,6,7,14,326,331,94,9.3,30.4,7.61,10.2
1996,9,5,6,12.1,966.9,87.7,0,0.2,1.4,32,NA,4,107,66,208,319,55,39,46,14,335,342,94,10.1,32.5,8.06,11
1996,9,5,7,13.8,967,85.9,0,0.4,1.8,59,NA,NA,212,150,171,350,140,72,77,14,343,353,94,11.5,36.2,8.84,12.5
1996,9,5,8,15.4,967.4,78.8,0,1.3,3.9,84,NA,NA,397,203,374,520,304,103,104,14,335,362,94,11.7,38.2,8.99,13.2
1996,9,5,9,16.8,967.2,72.9,0,2.4,5.3,70,NA,NA,546,216,516,523,465,119,119,14,340,371,94,11.9,39.9,9.1,13.9
1996,9,5,10,17.5,966.6,69.9,0,3.2,6.1,64,NA,NA,668,213,628,409,595,126,126,14,349,377,94,12,40.7,9.12,14.2
1996,9,5,11,19,966.3,66.1,0,2.8,6.7,63,NA,NA,744,164,757,218,680,126,118,14,347,383,94,12.5,43.2,9.49,15
1996,9,5,12,20.2,966,61.3,0,3.5,7.3,65,NA,1,750,146,793,121,683,261,116,14,351,389,94,12.5,44.4,9.48,15.5
1996,9,5,13,21.2,965.1,54.9,0,3.8,8.1,64,NA,NA,666,173,694,116,597,453,116,14,354,392,94,11.8,44.3,9.03,15.5
1996,9,5,14,22,964.7,52.9,0,5.3,9.8,67,NA,NA,556,148,661,102,481,597,102,14,355,390,94,12,45.4,9.15,15.9
1996,9,5,15,21.9,964.3,51.5,0,5.4,9.9,61,NA,NA,402,134,550,87,322,637,88,14,355,386,94,11.5,44.5,8.85,15.6
1996,9,5,16,21.8,964.3,46.3,0,5.5,9.9,60,NA,NA,233,105,389,64,158,528,69,14,348,378,94,9.8,42,7.9,14.7
1996,9,5,17,20.4,964.3,47.4,0,4.6,8.1,46,NA,NA,79,60,122,31,37,209,38,14,338,365,94,8.8,39.3,7.41,13.7
1996,9,5,18,18.6,965,55.5,0,4.3,6.5,44,NA,1,1,0,0,0,0,0,0,14,335,356,94,9.5,38.4,7.76,13.4
1996,9,5,19,18.1,965.6,57.2,0,4,6.7,49,NA,NA,0,0,0,0,0,0,0,14,331,352,94,9.5,37.8,7.74,13.2
1996,9,5,20,17.6,965.6,59.8,0,3.8,8.1,57,NA,NA,0,0,0,0,0,0,0,14,322,347,94,9.7,37.6,7.85,13.1
1996,9,5,21,16.5,965.9,64.2,0,1.5,7.4,62,NA,NA,0,0,0,0,0,0,0,14,312,339,94,9.7,36.5,7.85,12.6
1996,9,5,22,15,966,67.3,0,1.9,6,23,NA,NA,0,0,0,0,0,0,0,14,303,332,94,9,34,7.47,11.6
1996,9,5,23,13.4,966.2,73.9,0,1.4,2.7,248,NA,NA,0,0,0,0,0,0,0,14,300,320,94,8.8,32.1,7.4,10.9
1996,9,6,0,12.3,966.3,81.3,0,0.6,2.1,239,NA,NA,0,0,0,0,0,0,0,14,296,313,94,9.2,31.5,7.57,10.6
1996,9,6,1,11.2,966.3,85,0,0.2,1.1,257,NA,NA,0,0,0,0,0,0,0,14,294,311,94,8.8,29.8,7.36,9.9
1996,9,6,2,10.5,966.5,87.4,0,0.4,1,250,NA,NA,0,0,0,0,0,0,0,14,289,307,94,8.5,28.7,7.22,9.4
1996,9,6,3,10.4,966.7,85.6,0,0.7,1.5,257,NA,NA,0,0,0,0,0,0,0,14,289,307,94,8.1,28.1,7.02,9.2
1996,9,6,4,9.6,966.9,85.9,0,0.9,1.8,257,NA,NA,0,0,0,0,0,0,0,14,283,303,94,7.4,26.4,6.67,8.4
1996,9,6,5,8.8,967.4,87.8,0,0.5,1.6,257,NA,NA,15,15,0,13,7,6,8,14,280,300,94,6.9,25.1,6.46,7.8
1996,9,6,6,10.7,967.8,84,0,0.7,1.6,257,NA,0,121,57,336,438,60,39,46,14,299,322,94,8.1,28.4,7.02,9.3
1996,9,6,7,14.2,968,75.5,0,1.5,5.2,59,NA,NA,285,103,506,628,204,68,71,14,311,341,94,9.9,34.4,7.95,11.8
1996,9,6,8,16.1,968.2,65.8,0,3.1,7.6,74,NA,NA,464,115,682,700,388,90,90,14,327,357,94,9.7,36,7.83,12.4
1996,9,6,9,17.3,968.1,60,0,4.3,9.6,74,NA,NA,633,126,797,630,560,105,105,14,332,366,94,9.5,36.9,7.7,12.8
1996,9,6,10,18.4,967.9,54.4,0,3.6,7.2,84,NA,NA,771,104,924,463,704,107,106,14,335,373,94,9,37.5,7.48,13
1996,9,6,11,19.5,967.5,45.1,0,2.9,6.3,87,NA,NA,825,105,945,219,763,115,109,14,336,379,94,7.3,36.5,6.64,12.7
1996,9,6,12,20.5,967.3,36.9,0,2.3,6,85,NA,1,804,117,907,115,742,272,112,14,339,380,94,5.3,35.3,5.77,12.2
1996,9,6,13,21.2,967,27.1,0,2,5.7,95,NA,NA,700,146,785,114,635,478,114,14,333,381,94,1.5,32.5,4.42,11.1
1996,9,6,14,21.3,966.7,31.7,0,2.5,5.2,173,NA,NA,585,118,763,99,516,640,99,14,337,382,94,3.8,34.7,5.21,12
1996,9,6,15,21.4,966.7,31.8,0,2.8,5.3,182,NA,NA,429,97,689,82,354,714,82,14,338,381,94,3.9,34.9,5.26,12.1
1996,9,6,16,21.1,966.7,35.4,0,3.1,5.7,41,NA,NA,262,79,565,61,183,666,65,14,338,375,94,5.2,35.8,5.75,12.4
1996,9,6,17,19.7,966.7,42.6,0,3.4,6,14,NA,NA,97,43,364,31,37,443,37,14,321,353,94,6.6,35.9,6.35,12.5
1996,9,6,18,17.5,967.1,46.2,0,3.5,6,14,NA,0,4,0,0,0,0,0,0,14,311,338,94,5.8,32.8,6,11.2
1996,9,6,19,16.2,967.7,48.5,0,3,4.7,24,NA,NA,0,0,0,0,0,0,0,14,305,331,94,5.3,30.9,5.79,10.5
1996,9,6,20,14.7,967.9,56.1,0,2.3,3.5,27,NA,NA,0,0,0,0,0,0,0,14,299,318,94,6,30.2,6.09,10.1
1996,9,6,21,12.7,968.1,65.1,0,1.7,2.5,29,NA,NA,0,0,0,0,0,0,0,14,296,312,94,6.3,28.4,6.2,9.4
1996,9,6,22,11.7,968.3,72.6,0,1.1,1.7,25,NA,NA,1,0,0,0,0,0,0,14,291,307,94,6.9,28.1,6.48,9.2
1996,9,6,23,10.4,968.5,74.9,0,1,1.8,32,NA,NA,0,0,0,0,0,0,0,14,283,304,94,6.1,25.9,6.12,8.2
1996,9,7,0,9.2,968.2,74.9,0,2,4.5,41,NA,NA,0,0,0,0,0,0,0,14,274,296,94,5,23.5,5.65,7.1
1996,9,7,1,8.7,968.3,75.1,0,2.3,6.4,41,NA,NA,0,0,0,0,0,0,0,14,274,295,94,4.5,22.5,5.47,6.7
1996,9,7,2,8.1,968.2,74.6,0,4,8,41,NA,NA,1,0,0,0,0,0,0,14,265,291,94,3.9,21.3,5.22,6.1
1996,9,7,3,7.3,968,78.6,0,5.5,9.4,41,NA,NA,0,0,0,0,0,0,0,14,268,290,94,3.8,20.4,5.21,5.6
1996,9,7,4,6.7,968.1,82.1,0,6,10.7,41,NA,NA,0,0,0,0,0,0,0,14,266,288,94,3.9,19.8,5.22,5.4
1996,9,7,5,7.2,968.5,82.2,0,7,12.1,43,NA,NA,15,15,0,14,7,6,8,14,281,297,94,4.4,20.8,5.41,5.9
1996,9,7,6,11.8,968.6,64.4,0,8,13.4,46,NA,1,128,50,419,510,63,37,43,14,302,328,94,5.3,26.4,5.77,8.5
1996,9,7,7,13.7,969,57.5,0,8.5,14.7,53,NA,NA,299,74,630,709,223,63,65,14,308,337,94,5.5,28.5,5.84,9.5
1996,9,7,8,14.4,969.7,57.4,0,8.3,15.8,58,NA,NA,473,88,756,730,403,82,82,14,310,341,94,6.1,29.9,6.1,10
1996,9,7,9,15.1,969.2,54.8,0,6,14.7,55,NA,NA,636,94,857,636,570,99,99,14,314,348,94,6.1,30.6,6.09,10.3
1996,9,7,10,16.1,969.5,48.2,0,5.2,14.3,61,NA,NA,765,109,914,461,707,108,107,14,318,352,94,5.2,30.6,5.71,10.4
1996,9,7,11,16.7,969.2,41.8,0,5,14.4,70,NA,NA,836,98,973,219,773,116,111,14,315,354,94,3.7,29.8,5.14,10
1996,9,7,12,17.6,969.2,38.8,0,5,14.6,77,NA,1,827,128,928,121,770,283,117,14,321,360,94,3.4,30.5,5.05,10.3
1996,9,7,13,17.6,968.8,39.4,0,5.6,14.9,72,NA,NA,719,118,856,107,662,494,107,14,317,358,94,3.6,30.7,5.13,10.4
1996,9,7,14,17.6,968.7,39.1,0,6.3,15.1,68,NA,NA,602,79,862,91,539,670,91,14,320,359,94,3.5,30.6,5.09,10.4
1996,9,7,15,17.6,968.9,34.8,0,7,15.2,63,NA,NA,450,69,801,77,381,776,77,14,315,354,94,1.9,29.2,4.53,9.8
1996,9,7,16,17.1,969.2,36.2,0,6.9,14.7,62,NA,NA,277,61,679,59,201,755,62,14,313,349,94,2,28.7,4.56,9.6
1996,9,7,17,15.9,969.5,39.5,0,6.6,14.2,61,NA,NA,106,44,426,33,41,512,39,14,297,334,94,2.2,27.6,4.61,9.1
1996,9,7,18,14.7,969.9,43.5,0,6.3,13.7,60,NA,0,3,0,0,0,0,0,0,14,294,327,94,2.4,26.7,4.7,8.7
1996,9,7,19,14,970.5,45.8,0,6,13.2,59,NA,NA,0,0,0,0,0,0,0,14,290,324,94,2.5,26,4.73,8.4
1996,9,7,20,13.2,970.5,48.4,0,5.6,12.4,57,NA,NA,0,0,0,0,0,0,0,14,287,320,94,2.6,25.2,4.74,8
1996,9,7,21,13,970.4,49.6,0,5.2,11.6,56,NA,NA,0,0,0,0,0,0,0,14,288,320,94,2.7,25.2,4.8,8
1996,9,7,22,12.5,970.6,53.4,0,4.8,10.8,54,NA,NA,0,0,0,0,0,0,0,14,288,318,94,3.3,25.2,5,8
1996,9,7,23,12.3,970.6,52.6,0,4.5,10,54,NA,NA,0,0,0,0,0,0,0,14,285,316,94,2.9,24.6,4.86,7.7
1996,9,8,0,11.7,970.6,56.4,0,4.2,9.1,56,NA,NA,0,0,0,0,0,0,0,14,281,313,94,3.3,24.4,5.01,7.6
1996,9,8,1,11.2,970.5,58.4,0,4,8.1,57,NA,NA,0,0,0,0,0,0,0,14,282,311,94,3.3,23.9,5.02,7.4
1996,9,8,2,10.9,970.5,61.3,0,3.8,7.3,60,NA,NA,0,0,0,0,0,0,0,14,282,307,94,3.8,24,5.16,7.4
1996,9,8,3,10.1,970.4,68.2,0,3.6,6.4,63,NA,NA,1,0,0,0,0,0,0,14,278,299,94,4.5,23.9,5.45,7.3
1996,9,8,4,9.2,970.3,72.5,0,3.5,6,64,NA,NA,0,0,0,0,0,0,0,14,274,292,94,4.5,23,5.45,6.9
1996,9,8,5,7.5,970.2,79.7,0,3.5,6.6,63,NA,NA,0,0,0,0,0,0,0,14,275,291,94,4.2,21,5.34,5.9
1996,9,8,6,8.9,969.9,77.9,0,3.5,7.5,60,NA,1,132,46,473,563,69,38,43,14,292,317,94,5.3,23.4,5.75,7.1
1996,9,8,7,11.3,969.6,67.5,0,3.6,8.5,58,NA,NA,306,69,673,744,237,65,67,14,298,329,94,5.5,26.1,5.85,8.4
1996,9,8,8,12.7,969.6,62.1,0,4,10,53,NA,NA,482,79,797,751,419,83,83,14,304,337,94,5.6,27.7,5.9,9
1996,9,8,9,14.1,969.1,55.7,0,5.3,12.8,47,NA,NA,645,92,881,648,587,99,99,14,311,344,94,5.4,28.8,5.8,9.6
1996,9,8,10,15,968.6,51.3,0,6.8,15.7,43,NA,NA,769,108,926,464,719,109,108,14,314,351,94,5,29.4,5.67,9.8
1996,9,8,11,15.8,968,47.3,0,8,18,41,NA,NA,831,101,967,218,777,117,112,14,314,354,94,4.6,29.8,5.5,10
1996,9,8,12,16.8,967.9,42.9,0,6.8,16.2,44,NA,1,812,121,923,118,767,280,114,14,321,360,94,4.1,30.4,5.32,10.2
1996,9,8,13,17.4,967.3,39.1,0,5.4,13.7,51,NA,NA,709,122,842,108,661,492,108,14,317,359,94,3.4,30.2,5.03,10.2
1996,9,8,14,17.6,967.1,37.4,0,5,12.2,63,NA,NA,595,79,858,90,541,668,91,14,317,358,94,2.9,30.1,4.88,10.1
1996,9,8,15,17.5,966.8,37.2,0,8.1,14,67,NA,NA,433,81,746,80,373,745,81,14,316,355,94,2.7,29.8,4.82,10
1996,9,8,16,17,967,38.3,0,7,13.9,63,NA,NA,262,62,639,58,195,719,61,14,312,348,94,2.7,29.3,4.81,9.8
1996,9,8,17,15.8,967.1,40.3,0,6.1,13,61,NA,NA,89,39,360,30,39,440,36,14,306,338,94,2.3,27.7,4.69,9.1
1996,9,8,18,14.3,967.8,43.1,0,5.5,12,62,NA,1,3,0,0,0,0,0,0,14,297,327,94,1.9,25.9,4.55,8.3
1996,9,8,19,13.2,967.9,47,0,4.9,10.9,64,NA,NA,0,0,0,0,0,0,0,14,295,322,94,2.1,24.9,4.61,7.9
1996,9,8,20,12.5,967.9,48.9,0,4.5,10,64,NA,NA,0,0,0,0,0,0,0,14,283,316,94,2.1,24.1,4.59,7.5
1996,9,8,21,12.5,967.8,47,0,4.2,9.5,63,NA,NA,2,0,0,0,0,0,0,14,282,314,94,1.5,23.7,4.41,7.3
1996,9,8,22,11.7,967.7,50.8,0,4.1,9.3,62,NA,NA,0,0,0,0,0,0,0,14,281,313,94,1.9,23.2,4.52,7.1
1996,9,8,23,11.2,967.4,55.8,0,4,9.1,60,NA,NA,0,0,0,0,0,0,0,14,280,310,94,2.7,23.4,4.81,7.1
1996,9,9,0,10.8,967.2,59.8,0,3.9,8.9,59,NA,NA,1,0,0,0,0,0,0,14,279,310,94,3.3,23.5,5.02,7.2
1996,9,9,1,10.6,967,62.6,0,4,9,59,NA,NA,2,0,0,0,0,0,0,14,281,311,94,3.8,23.7,5.19,7.3
1996,9,9,2,10.5,966.8,65.2,0,4.3,9.7,61,NA,NA,1,0,0,0,0,0,0,14,299,320,94,4.3,24.1,5.37,7.4
1996,9,9,3,10.5,966.6,66.2,0,4.9,10.6,64,NA,NA,0,0,0,0,0,0,0,14,298,320,94,4.5,24.3,5.45,7.5
1996,9,9,4,10.3,967.1,67.4,0,5.5,11.6,66,NA,NA,2,0,0,0,0,0,0,14,299,319,94,4.5,24.1,5.48,7.4
1996,9,9,5,10.4,967.6,66.5,0,6.1,12.7,67,NA,NA,6,6,0,3,3,3,3,14,308,325,94,4.4,24.1,5.44,7.4
1996,9,9,6,10.6,967.9,66.5,0,6.6,13.7,68,NA,7,51,51,0,28,24,23,24,14,309,327,94,4.6,24.5,5.51,7.6
1996,9,9,7,11.1,968.1,66,0,7.1,14.5,69,NA,NA,193,142,146,292,127,66,70,14,311,333,94,5,25.4,5.65,8
1996,9,9,8,11.7,968.4,64.2,0,7.5,15,69,NA,NA,368,205,325,483,296,101,102,14,308,336,94,5.2,26.2,5.72,8.4
1996,9,9,9,12.7,968.7,59.5,0,7.2,14.2,67,NA,NA,536,218,510,519,479,118,119,14,312,342,94,5,27,5.66,8.8
1996,9,9,10,14.1,968.5,55,0,6.8,13,64,NA,NA,731,173,786,447,687,122,121,14,318,352,94,5.2,28.7,5.73,9.5
1996,9,9,11,15.3,968.4,47.7,0,6.4,11.9,61,NA,NA,800,119,908,216,765,119,112,14,313,356,94,4.3,29,5.37,9.7
1996,9,9,12,16.4,968.4,45.2,0,6,10.7,57,NA,1,782,121,888,115,747,274,112,14,316,358,94,4.5,30.3,5.46,10.2
1996,9,9,13,16.8,968,44.5,0,5.5,9.5,54,NA,NA,683,135,791,110,643,478,110,14,318,359,94,4.7,30.9,5.52,10.5
1996,9,9,14,17.3,967.9,43.6,0,4.6,8.3,51,NA,NA,564,102,773,93,519,637,93,14,322,362,94,4.8,31.5,5.58,10.7
1996,9,9,15,17.4,967.8,41.1,0,3.6,7.1,48,NA,NA,415,88,702,77,361,717,78,14,319,358,94,4.1,30.9,5.29,10.5
1996,9,9,16,17.1,967.9,41.5,0,2.7,5.9,42,NA,NA,245,70,570,57,185,661,60,14,315,350,94,3.9,30.5,5.24,10.3
1996,9,9,17,15.8,968.2,43.2,0,2,5,33,NA,NA,82,46,275,30,39,359,36,14,295,333,94,3.3,28.6,5.02,9.5
1996,9,9,18,13.2,969,50.7,0,1.9,4.8,31,NA,0,3,0,0,0,0,0,0,14,288,318,94,3.2,25.8,4.98,8.3
1996,9,9,19,12,969.5,55.4,0,2.1,5,33,NA,NA,0,0,0,0,0,0,0,14,285,311,94,3.4,24.7,5.02,7.8
1996,9,9,20,10.6,969.7,62.8,0,2.3,5.3,37,NA,NA,0,0,0,0,0,0,0,14,278,300,94,3.8,23.7,5.19,7.3
1996,9,9,21,9.3,970,69,0,2.6,5.6,39,NA,NA,0,0,0,0,0,0,0,14,274,295,94,3.9,22.5,5.22,6.7
1996,9,9,22,8,970.2,74.2,0,2.8,5.8,42,NA,NA,1,0,0,0,0,0,0,14,269,291,94,3.7,21,5.14,6
1996,9,9,23,7.2,970.2,78.5,0,3,6,44,NA,NA,0,0,0,0,0,0,0,14,266,288,94,3.7,20.2,5.15,5.5
1996,9,10,0,6.5,970.2,80.8,0,2.8,5.7,45,NA,NA,0,0,0,0,0,0,0,14,263,286,94,3.4,19.2,5.05,5.1
1996,9,10,1,6,969.9,82.7,0,2.7,5.3,46,NA,NA,2,0,0,0,0,0,0,14,258,282,94,3.3,18.6,5,4.8
1996,9,10,2,5.4,969.7,85.2,0,2.4,4.9,46,NA,NA,0,0,0,0,0,0,0,14,261,282,94,3.1,17.8,4.94,4.3
1996,9,10,3,5.4,969.6,84.6,0,2.2,4.5,49,NA,NA,0,0,0,0,0,0,0,14,259,282,94,3,17.7,4.9,4.3
1996,9,10,4,5.2,969.7,85.5,0,2,4.2,50,NA,NA,0,0,0,0,0,0,0,14,256,280,94,3,17.5,4.89,4.2
1996,9,10,5,4.8,969.8,86.5,0,2,4,55,NA,NA,0,0,0,0,0,0,0,14,260,281,94,2.7,16.9,4.81,3.9
1996,9,10,6,6.5,970,82.7,0,2.1,4.1,57,NA,0,114,52,353,447,66,36,42,14,273,299,94,3.8,19.5,5.17,5.2
1996,9,10,7,9.7,970.4,72.6,0,2.4,4.4,61,NA,NA,274,89,534,640,219,66,68,14,285,319,94,5,24,5.65,7.4
1996,9,10,8,11.8,970.5,65.4,0,2.6,4.7,62,NA,NA,448,141,616,674,394,93,93,14,300,335,94,5.5,26.6,5.85,8.6
1996,9,10,9,13.1,970.4,66.4,0,2.9,5.1,65,NA,NA,452,286,268,390,366,126,127,14,312,345,94,7,29.5,6.48,9.9
1996,9,10,10,14.8,969.8,50.6,0,3.3,5.8,70,NA,NA,745,175,808,456,708,124,123,14,316,354,94,4.7,28.8,5.51,9.6
1996,9,10,11,15.8,969.3,48.2,0,3.7,7,77,NA,NA,803,94,951,209,771,112,108,14,314,358,94,4.9,30.1,5.6,10.1
1996,9,10,12,16.9,969,44.3,0,3,6.5,64,NA,1,778,121,888,115,751,276,112,14,317,363,94,4.7,31,5.52,10.5
1996,9,10,13,17.3,968.5,40.1,0,3,6.5,55,NA,NA,676,138,783,110,644,478,111,14,320,366,94,3.6,30.4,5.13,10.3
1996,9,10,14,17.7,968.1,39.5,0,2.6,5.2,65,NA,NA,556,122,732,99,517,629,99,14,320,367,94,3.8,30.9,5.18,10.5
1996,9,10,15,18.2,967.9,39,0,2.4,5.3,65,NA,NA,391,132,563,86,339,651,86,14,325,365,94,4,31.7,5.28,10.8
1996,9,10,16,17.8,967.8,40.1,0,2,4.2,60,NA,NA,223,85,457,60,171,574,63,14,320,356,94,4.1,31.3,5.29,10.7
1996,9,10,17,16.4,967.8,47.1,0,0.9,2.8,54,NA,NA,63,43,154,26,34,229,31,14,311,335,94,5.1,30.9,5.69,10.5
1996,9,10,18,13.4,968.1,62,0,0.1,0.9,360,NA,2,3,0,0,0,0,0,0,14,305,319,94,6.3,29.1,6.18,9.7
1996,9,10,19,12.5,968.7,66.9,0,0.4,3.4,207,NA,NA,0,0,0,0,0,0,0,14,300,312,94,6.5,28.4,6.29,9.4
1996,9,10,20,10.4,968.8,76.7,0,0.1,1.3,0,NA,NA,0,0,0,0,0,0,0,14,283,303,94,6.5,26.2,6.27,8.4
1996,9,10,21,9.3,968.8,81.7,0,0,0.2,0,NA,NA,0,0,0,0,0,0,0,14,279,299,94,6.3,25,6.2,7.8
1996,9,10,22,8.8,968.6,83.5,0,0.1,1.1,270,NA,NA,0,0,0,0,0,0,0,14,278,296,94,6.2,24.3,6.13,7.5
1996,9,10,23,7.7,968.4,84.6,0,0,0.3,0,NA,NA,2,0,0,0,0,0,0,14,272,292,94,5.3,22.2,5.76,6.5
1996,9,11,0,6.9,968.5,86,0,0,0.7,0,NA,NA,0,0,0,0,0,0,0,14,268,289,94,4.7,20.9,5.54,5.8
1996,9,11,1,6.6,968.3,85.4,0,0.1,0.8,270,NA,NA,0,0,0,0,0,0,0,14,264,286,94,4.3,20.2,5.39,5.5
1996,9,11,2,5.9,968.4,86.5,0,0.3,1.1,297,NA,NA,1,0,0,0,0,0,0,14,264,285,94,3.8,19,5.2,4.9
1996,9,11,3,5.4,968.1,87.1,0,0.2,0.9,297,NA,NA,0,0,0,0,0,0,0,14,261,283,94,3.4,18.1,5.06,4.5
1996,9,11,4,5.3,967.9,88,0,0.5,1.5,236,NA,NA,2,0,0,0,0,0,0,14,262,283,94,3.5,18.1,5.08,4.5
1996,9,11,5,4.7,967.9,87.9,0,0.7,2.2,342,NA,NA,10,0,0,0,0,0,0,14,256,281,94,2.9,16.9,4.86,3.9
1996,9,11,6,6.8,968,83.9,0,0.6,2.1,261,NA,1,104,56,281,383,65,36,42,14,272,299,94,4.3,20.3,5.37,5.6
1996,9,11,7,9.6,967.9,80,0,0.3,2.1,90,NA,NA,270,96,507,624,219,67,70,14,288,318,94,6.3,25.3,6.2,7.9
1996,9,11,8,12.1,967.6,68.1,0,1.3,3,66,NA,NA,447,118,666,691,406,90,90,14,294,334,94,6.4,27.9,6.24,9.1
1996,9,11,9,13.8,967.1,57.5,0,1.2,4.1,85,NA,NA,605,101,818,618,576,95,95,14,300,347,94,5.6,28.7,5.89,9.5
1996,9,11,10,15.4,966.3,52.5,0,2.1,4.9,76,NA,NA,728,104,890,442,707,104,103,14,309,356,94,5.7,30.6,5.97,10.3
1996,9,11,11,16.8,966,44.4,0,2.5,5.3,66,NA,NA,792,98,936,207,768,113,109,14,324,368,94,4.6,30.9,5.52,10.4
1996,9,11,12,18.1,965.2,40.3,0,1.9,5,106,NA,1,782,115,907,114,764,278,110,14,323,374,94,4.4,32,5.44,10.9
1996,9,11,13,19.1,964.6,37.2,0,2,5.8,108,NA,NA,683,121,823,106,660,486,106,14,326,379,94,4.2,32.8,5.35,11.2
1996,9,11,14,19.6,963.5,36.2,0,1.8,4.9,96,NA,NA,558,111,762,95,527,640,95,14,331,378,94,4.2,33.3,5.37,11.5
1996,9,11,15,19.8,963.3,36,0,1.8,4.2,103,NA,NA,395,100,647,80,355,688,80,14,330,376,94,4.3,33.6,5.41,11.6
1996,9,11,16,19.3,963.3,37,0,1.7,2.9,106,NA,NA,223,82,478,59,175,589,62,14,326,364,94,4.3,33.1,5.39,11.4
1996,9,11,17,17.6,962.6,45,0,1.5,2.9,73,NA,NA,70,43,225,27,38,304,33,14,318,343,94,5.5,32.7,5.9,11.1
1996,9,11,18,15.4,962.8,54.9,0,0.7,2.5,67,NA,1,3,0,0,0,0,0,0,14,314,326,94,6.4,31.3,6.27,10.6
1996,9,11,19,13.8,963.5,64.5,0,0.4,2.4,124,NA,NA,0,0,0,0,0,0,0,14,307,320,94,7.2,30.6,6.64,10.3
1996,9,11,20,11.8,963.4,75.8,0,0.1,1.6,315,NA,NA,0,0,0,0,0,0,0,14,293,311,94,7.7,29.1,6.84,9.6
1996,9,11,21,11.3,963.7,77.3,0,0.1,1.1,225,NA,NA,2,0,0,0,0,0,0,14,286,305,94,7.5,28.4,6.75,9.3
1996,9,11,22,9.7,963.6,83.7,0,0.1,0.9,270,NA,NA,0,0,0,0,0,0,0,14,284,302,94,7.1,26.3,6.57,8.3
1996,9,11,23,9.1,963.3,84.6,0,0,0.5,0,NA,NA,0,0,0,0,0,0,0,14,280,298,94,6.6,25.2,6.38,7.8
1996,9,12,0,8.5,962.6,86.1,0,0.1,1.1,360,NA,NA,0,0,0,0,0,0,0,14,273,294,94,6.3,24.2,6.23,7.4
1996,9,12,1,7.8,962.2,86.3,0,0.1,1,270,NA,NA,1,0,0,0,0,0,0,14,270,292,94,5.7,22.8,5.96,6.8
1996,9,12,2,7.4,961.9,87.3,0,0.1,1.2,360,NA,NA,0,0,0,0,0,0,0,14,272,292,94,5.4,22.2,5.86,6.4
1996,9,12,3,7.2,961.4,88.1,0,0.3,1,252,NA,NA,0,0,0,0,0,0,0,14,270,290,94,5.4,21.9,5.84,6.3
1996,9,12,4,6.5,961.4,88,0,0.2,1.3,270,NA,NA,1,0,0,0,0,0,0,14,265,288,94,4.7,20.5,5.56,5.6
1996,9,12,5,6.9,961.2,87.5,0,0.6,2.9,297,NA,NA,6,0,0,0,0,0,0,14,277,294,94,5,21.2,5.68,6
1996,9,12,6,8,960.9,86.5,0,0.4,1.9,315,NA,2,100,56,267,362,63,34,39,14,289,309,94,5.9,23.3,6.06,7
1996,9,12,7,10.5,960.6,81.5,0,0.6,2.2,9,NA,NA,263,91,506,616,219,66,68,14,300,325,94,7.5,27.6,6.77,8.9
1996,9,12,8,13.2,960.3,72.1,0,0.8,2.6,60,NA,NA,437,117,653,678,403,89,89,14,313,345,94,8.3,31.4,7.16,10.5
1996,9,12,9,14.8,960,61,0,1.3,3.9,95,NA,NA,589,109,783,603,568,97,97,14,318,356,94,7.4,31.9,6.72,10.8
1996,9,12,10,16.2,959.3,52.7,0,1.8,4.4,84,NA,NA,718,112,869,438,705,106,105,14,317,364,94,6.5,32.4,6.35,11
1996,9,12,11,17.7,958.6,42.5,0,2.1,4.5,93,NA,NA,772,138,859,213,761,124,116,14,329,373,94,4.8,32.1,5.63,10.9
1996,9,12,12,18.2,958.1,43.7,0,1.9,4.4,103,NA,1,702,215,666,136,681,274,129,14,325,374,94,5.7,33.5,5.98,11.5
1996,9,12,13,18.4,957.6,44.9,0,2.1,4.2,125,NA,NA,530,302,337,138,455,353,138,14,328,374,94,6.2,34.3,6.23,11.8
1996,9,12,14,19.3,957.3,41.8,0,1.1,4.1,207,NA,NA,544,192,605,114,505,604,114,14,340,384,94,6,35,6.14,12.1
1996,9,12,15,18.9,957.1,39.9,0,2.7,10.6,336,NA,NA,262,193,153,88,196,324,88,14,334,366,94,5,33.5,5.71,11.5
1996,9,12,16,17.9,957.3,41,0,4.3,9.1,348,NA,NA,214,111,354,63,163,502,67,14,330,357,94,4.5,32,5.51,10.9
1996,9,12,17,16.6,957.5,43.9,0,4.5,10.1,346,NA,NA,52,43,77,23,29,141,27,14,333,353,94,4.3,30.4,5.43,10.2
1996,9,12,18,15.6,958.1,49.2,0,4.2,10.1,1,NA,7,0,0,0,0,0,0,0,14,331,349,94,5,30.1,5.71,10.1
1996,9,12,19,15,958.9,53,0,2.6,7.5,355,NA,NA,0,0,0,0,0,0,0,14,329,346,94,5.5,30,5.92,10
1996,9,12,20,14.6,959,55.6,0,2.6,5.3,32,NA,NA,1,0,0,0,0,0,0,14,336,348,94,5.8,30,6.05,10
1996,9,12,21,14.5,959,55.1,0,3.5,10,15,NA,NA,0,0,0,0,0,0,0,14,336,348,94,5.6,29.6,5.95,9.9
1996,9,12,22,13.7,959.3,60.9,0,1.6,4.1,340,NA,NA,1,0,0,0,0,0,0,14,333,344,94,6.3,29.6,6.25,9.8
1996,9,12,23,13.5,959.7,58.9,0,3.5,7.1,347,NA,NA,1,0,0,0,0,0,0,14,357,357,94,5.6,28.6,5.96,9.4
1996,9,13,0,13.1,960.5,55.6,0,2.9,8.1,26,NA,NA,1,0,0,0,0,0,0,14,355,355,94,4.4,27,5.47,8.7
1996,9,13,1,12.2,960.7,60.9,0,1.6,4.4,81,NA,NA,1,0,0,0,0,0,0,14,349,349,94,4.9,26.5,5.65,8.5
1996,9,13,2,10.6,961.1,66.9,0,0.9,3.4,304,NA,NA,0,0,0,0,0,0,0,14,309,317,94,4.7,24.7,5.58,7.7
1996,9,13,3,10.5,961.4,64.4,0,1.4,4.7,288,NA,NA,0,0,0,0,0,0,0,14,303,319,94,4.1,24,5.33,7.4
1996,9,13,4,9.6,962,70.4,0,0.4,1.8,90,NA,NA,0,0,0,0,0,0,0,14,302,313,94,4.5,23.5,5.49,7.1
1996,9,13,5,9,962.5,71.7,0,0.5,2.7,63,NA,NA,8,0,0,0,0,0,0,14,283,301,94,4.2,22.5,5.36,6.7
1996,9,13,6,10.7,962.7,59.3,0,1.1,4.9,221,NA,4,123,67,343,459,78,39,45,14,290,319,94,3.1,23.3,4.97,7
1996,9,13,7,11.5,963,53.4,0,0.9,6.6,270,NA,NA,233,116,350,497,190,67,70,14,290,326,94,2.4,23.4,4.71,7.2
1996,9,13,8,12.2,963.2,51.3,0,3.3,6.7,355,NA,NA,389,175,440,564,350,97,98,14,306,336,94,2.5,24.2,4.74,7.5
1996,9,13,9,13,963.5,45.7,0,3.4,6.9,310,NA,NA,593,205,637,587,561,120,120,14,302,343,94,1.6,24.3,4.45,7.6
1996,9,13,10,12.9,963.7,47.8,0,4.1,9.4,314,NA,NA,332,302,43,179,219,126,128,14,306,337,94,2.1,24.6,4.62,7.7
1996,9,13,11,12.3,964,52.3,0,3.2,8.4,346,NA,NA,313,305,11,143,182,133,131,14,311,338,94,2.8,24.6,4.86,7.7
1996,9,13,12,12,964.4,52.7,0,3.5,10.7,348,NA,7,259,255,5,115,144,120,113,14,302,333,94,2.6,24.2,4.8,7.5
1996,9,13,13,11.6,964.6,55.5,0,3,8.4,18,NA,NA,196,193,4,88,104,97,88,14,304,331,94,3,24.1,4.92,7.4
1996,9,13,14,11.9,965,58.6,0,2.3,7.8,72,NA,NA,244,237,12,103,138,145,103,14,313,337,94,4.1,25.3,5.31,8
1996,9,13,15,10.5,965.3,72.2,0.6,1.6,5.2,315,NA,NA,134,134,0,61,68,75,61,14,311,329,94,5.7,25.6,5.96,8.1
1996,9,13,16,10.9,966,70,0,1.4,4.5,83,NA,NA,87,87,0,40,43,50,40,14,312,326,94,5.7,25.9,5.93,8.3
1996,9,13,17,10.4,966.7,74.6,0,1.3,3.3,104,NA,NA,22,22,0,11,11,9,11,14,335,335,94,6.1,25.8,6.11,8.2
1996,9,13,18,9.8,967.4,81.6,0.2,1.6,3.4,259,NA,6,1,0,0,0,0,0,0,14,331,331,94,6.8,26,6.42,8.2
1996,9,13,19,9.3,968.2,84.5,0,0.8,3.1,270,NA,NA,0,0,0,0,0,0,0,14,334,334,94,6.8,25.5,6.42,8
1996,9,13,20,9.2,968.5,85.8,0.2,0.2,2.5,360,NA,NA,0,0,0,0,0,0,0,14,323,328,94,6.9,25.5,6.48,8
1996,9,13,21,9.1,969,87,0.1,0.5,1.9,297,NA,NA,1,0,0,0,0,0,0,14,322,328,94,7.1,25.6,6.52,8.1
1996,9,13,22,9.4,969.1,87.1,0.1,0.3,1.8,135,NA,NA,1,0,0,0,0,0,0,14,323,328,94,7.4,26.2,6.66,8.4
1996,9,13,23,9.1,969.2,88.8,0.1,0.6,2.1,315,NA,NA,0,0,0,0,0,0,0,14,330,331,94,7.4,25.9,6.65,8.2
1996,9,14,0,8.7,969.1,89.1,0,0.8,2.2,324,NA,NA,0,0,0,0,0,0,0,14,328,328,94,7,25.1,6.5,7.8
1996,9,14,1,8.2,969.1,90.1,0,0.1,1.2,180,NA,NA,1,0,0,0,0,0,0,14,323,323,94,6.7,24.2,6.35,7.4
1996,9,14,2,7.4,969.5,90.9,0,0.4,1.6,256,NA,NA,1,0,0,0,0,0,0,14,325,325,94,6,22.7,6.06,6.7
1996,9,14,3,7.9,969.7,87.9,0,1.1,2.6,264,NA,NA,0,0,0,0,0,0,0,14,323,324,94,6,23.2,6.06,6.9
1996,9,14,4,7.2,970,90,0,0.3,1.7,288,NA,NA,0,0,0,0,0,0,0,14,319,319,94,5.7,22.1,5.91,6.5
1996,9,14,5,7.1,970.1,90.1,0,0,0.9,0,NA,NA,10,0,0,0,0,0,0,14,296,302,94,5.6,21.9,5.88,6.4
1996,9,14,6,7.7,970.7,88.4,0,0.8,2.4,22,NA,3,114,44,434,522,80,35,39,14,304,316,94,5.9,22.8,6.01,6.8
1996,9,14,7,9.6,970.8,82.9,0,1.1,2.7,73,NA,NA,305,81,676,760,268,66,67,14,309,329,94,6.8,25.8,6.41,8.2
1996,9,14,8,10.9,971,75.1,0,1,4.4,77,NA,NA,502,123,784,790,477,95,95,14,299,334,94,6.7,26.9,6.33,8.7
1996,9,14,9,12.5,971.1,68.5,0,2.7,5.4,77,NA,NA,603,142,762,616,593,108,108,14,308,344,94,6.9,28.8,6.42,9.5
1996,9,14,10,13.6,971.1,64.4,0,3.7,6.8,56,NA,NA,561,300,379,342,513,138,138,14,309,342,94,7,30.1,6.49,10.1
1996,9,14,11,14.9,970.7,58.1,0,4.7,8.4,62,NA,NA,688,221,641,214,681,141,129,14,314,355,94,6.7,31.1,6.37,10.5
1996,9,14,12,15.9,970.4,50.8,0,5.4,9.7,60,NA,1,709,179,736,126,711,275,121,14,317,359,94,5.7,31,5.94,10.5
1996,9,14,13,16.6,970.3,48.7,0,6.3,10.4,59,NA,NA,699,126,858,109,700,511,109,14,317,358,94,5.8,31.8,5.95,10.8
1996,9,14,14,16.6,970.4,49.6,0,7.1,11.5,60,NA,NA,607,130,837,105,596,713,105,14,322,359,94,6,32,6.06,10.9
1996,9,14,15,16.4,970.3,50.9,0,6.6,11.6,68,NA,NA,420,96,738,81,397,763,81,14,319,354,94,6.2,32,6.14,10.9
1996,9,14,16,15.8,970.4,52.8,0,6.6,11.5,62,NA,NA,234,52,654,52,205,723,53,14,315,347,94,6.2,31.4,6.13,10.7
1996,9,14,17,14.7,970.5,56.1,0,5.8,10.9,66,NA,NA,64,32,304,24,38,372,28,14,309,336,94,6,30.1,6.07,10.1
1996,9,14,18,13.8,970.9,60.3,0,5.2,9.7,61,NA,1,0,0,0,0,0,0,0,14,306,331,94,6.2,29.4,6.15,9.8
1996,9,14,19,12.3,971.2,65.6,0,4.8,8.1,43,NA,NA,0,0,0,0,0,0,0,14,297,322,94,6,27.7,6.07,9
1996,9,14,20,11,971.4,70.3,0,2.8,5.5,26,NA,NA,0,0,0,0,0,0,0,14,286,312,94,5.8,26.1,5.96,8.3
1996,9,14,21,10.9,971.3,72.4,0,3.4,7.1,40,NA,NA,0,0,0,0,0,0,0,14,285,314,94,6.1,26.3,6.1,8.4
1996,9,14,22,10,971.2,76.5,0,2.2,4.1,39,NA,NA,0,0,0,0,0,0,0,14,283,310,94,6.1,25.3,6.07,8
1996,9,14,23,9.7,971.2,76.6,0,0.7,2.6,90,NA,NA,0,0,0,0,0,0,0,14,279,300,94,5.8,24.7,5.96,7.7
1996,9,15,0,8.4,971.2,83,0,0.4,2,243,NA,NA,0,0,0,0,0,0,0,14,276,297,94,5.7,23.3,5.91,7.1
1996,9,15,1,7.2,971.3,86.3,0,0.5,1.9,243,NA,NA,0,0,0,0,0,0,0,14,265,290,94,5.1,21.5,5.66,6.2
1996,9,15,2,6.9,971.2,86.1,0,0.1,1.2,270,NA,NA,0,0,0,0,0,0,0,14,275,293,94,4.7,20.8,5.53,5.8
1996,9,15,3,6.8,971.1,86.5,0,0.5,1.2,248,NA,NA,0,0,0,0,0,0,0,14,277,295,94,4.7,20.7,5.52,5.8
1996,9,15,4,6.3,971.1,87.8,0,0.2,1.3,315,NA,NA,0,0,0,0,0,0,0,14,272,291,94,4.4,19.9,5.41,5.4
1996,9,15,5,6.2,971.3,88,0,0.1,1.4,360,NA,NA,8,0,0,0,0,0,0,14,274,290,94,4.4,19.8,5.39,5.3
1996,9,15,6,7,971.5,87.5,0,0.2,1.6,0,NA,1,70,52,114,191,46,28,32,14,280,302,94,5.1,21.3,5.66,6.1
1996,9,15,7,10.2,971.6,82.9,0,0.9,3.1,54,NA,NA,273,94,546,656,242,67,68,14,301,326,94,7.4,27.1,6.67,8.7
1996,9,15,8,12.7,971.8,71.5,0,2.9,7.3,70,NA,NA,453,99,740,727,443,84,84,14,310,341,94,7.7,29.9,6.79,10
1996,9,15,9,13.7,971.6,67.1,0,3.8,8.8,66,NA,NA,628,85,902,650,632,96,95,14,310,346,94,7.7,31,6.8,10.5
1996,9,15,10,15,971.4,61.8,0,4.7,9.2,67,NA,NA,745,99,944,454,755,108,107,14,316,355,94,7.7,32.3,6.82,11
1996,9,15,11,16.3,971.3,56.1,0,4.2,8.2,66,NA,NA,783,98,947,202,796,113,109,14,322,363,94,7.5,33.4,6.73,11.5
1996,9,15,12,17.3,971,51.9,0,4.2,7.3,77,NA,1,780,105,942,110,800,286,107,14,325,367,94,7.3,34.2,6.63,11.8
1996,9,15,13,18.1,970.8,50.6,0,4,6.9,62,NA,NA,690,125,853,108,700,509,108,14,328,369,94,7.7,35.4,6.8,12.3
1996,9,15,14,18.6,970.5,45.7,0,4.3,7.3,62,NA,NA,544,121,747,98,542,645,98,14,328,370,94,6.7,34.8,6.34,12.1
1996,9,15,15,18.5,970.4,44.8,0,4.2,6.7,59,NA,NA,360,159,464,91,328,596,91,14,327,363,94,6.3,34.3,6.17,11.9
1996,9,15,16,17.4,970.6,48.9,0,2.9,5.2,59,NA,NA,100,97,11,44,53,80,45,14,321,348,94,6.6,33.4,6.29,11.5
1996,9,15,17,15.3,970.6,58.7,0,1.4,2.8,30,NA,NA,25,25,0,12,12,12,12,14,329,340,94,7.3,32.1,6.61,11
1996,9,15,18,13.5,970.9,65,0,0.5,2.4,22,NA,3,1,0,0,0,0,0,0,14,323,332,94,7.1,30,6.51,10.1
1996,9,15,19,12.4,971.2,69.5,0,2.2,3.6,37,NA,NA,0,0,0,0,0,0,0,14,318,331,94,7,28.8,6.47,9.5
1996,9,15,20,11.7,971.6,71.3,0,0.5,2.2,11,NA,NA,0,0,0,0,0,0,0,14,288,309,94,6.7,27.7,6.34,9.1
1996,9,15,21,12.4,971.8,69.2,0,2.6,6.7,51,NA,NA,0,0,0,0,0,0,0,14,297,322,94,6.9,28.7,6.44,9.5
1996,9,15,22,12.3,972,69.2,0,3.2,6.2,41,NA,NA,0,0,0,0,0,0,0,14,291,318,94,6.8,28.5,6.4,9.4
1996,9,15,23,11.5,972,71.7,0,2.2,4.3,28,NA,NA,0,0,0,0,0,0,0,14,290,316,94,6.6,27.4,6.29,8.9
1996,9,16,0,10.7,971.9,74.9,0,0.9,3.2,27,NA,NA,0,0,0,0,0,0,0,14,293,314,94,6.4,26.4,6.23,8.5
1996,9,16,1,10.1,971.4,83.2,0,0.2,1.2,243,NA,NA,1,0,0,0,0,0,0,14,295,316,94,7.4,26.9,6.65,8.7
1996,9,16,2,10.4,971.2,79.6,0,0.1,1.7,0,NA,NA,2,0,0,0,0,0,0,14,338,338,94,7,26.8,6.49,8.6
1996,9,16,3,11,971,77.6,0,1,2.8,45,NA,NA,1,0,0,0,0,0,0,14,338,340,94,7.2,27.7,6.59,9
1996,9,16,4,11.1,970.7,77.7,0,1.3,4.4,55,NA,NA,1,0,0,0,0,0,0,14,342,343,94,7.4,27.9,6.65,9.1
1996,9,16,5,11.5,970.8,76.5,0,4,7.7,67,NA,NA,2,0,0,0,0,0,0,14,349,349,94,7.5,28.5,6.72,9.4
1996,9,16,6,11.4,970.7,76.9,0,3.9,7.5,69,NA,8,18,18,0,6,9,9,9,14,350,350,94,7.5,28.4,6.71,9.3
1996,9,16,7,11.6,970.7,75.5,0,3.1,5.2,61,NA,NA,26,26,0,9,12,13,13,14,351,351,94,7.4,28.5,6.68,9.4
1996,9,16,8,11.8,970.8,74.6,0,4.3,8,60,NA,NA,64,64,0,29,30,31,31,14,352,352,94,7.4,28.7,6.68,9.5
1996,9,16,9,12.3,970.5,72.5,0,4,9.2,72,NA,NA,133,133,0,67,67,61,62,14,356,356,94,7.5,29.3,6.72,9.7
1996,9,16,10,13.5,970.1,67.4,0,4.6,8.6,71,NA,NA,467,298,248,280,410,132,133,14,365,371,94,7.6,30.6,6.76,10.3
1996,9,16,11,14.9,969.9,60.4,0,4.1,8.4,81,NA,NA,722,182,751,211,740,133,122,14,342,370,94,7.3,31.7,6.63,10.8
1996,9,16,12,15.6,969.4,58,0,4.1,9.1,83,NA,4,740,103,896,106,769,276,104,14,346,375,94,7.4,32.5,6.66,11.1
1996,9,16,13,16.1,968.8,56.5,0,3.7,7.9,81,NA,NA,650,109,823,100,670,485,100,14,348,375,94,7.5,33.2,6.71,11.4
1996,9,16,14,16.8,968.4,53.4,0,3.5,6.8,83,NA,NA,529,99,768,89,539,640,89,14,333,369,94,7.3,33.7,6.63,11.6
1996,9,16,15,17.1,968.1,51.2,0,3.6,6.4,67,NA,NA,368,104,618,79,359,672,79,14,331,363,94,6.9,33.6,6.48,11.5
1996,9,16,16,16.6,967.9,51.8,0,3.7,6.5,61,NA,NA,191,78,422,54,168,533,56,14,329,355,94,6.7,32.8,6.35,11.2
1996,9,16,17,15.2,967.9,57.2,0,2.1,4.4,47,NA,NA,44,32,130,19,28,187,23,14,311,333,94,6.8,31.5,6.41,10.7
1996,9,16,18,12.6,968.1,69.4,0,0.4,2.2,14,NA,1,0,0,0,0,0,0,0,14,300,313,94,7.2,29.2,6.57,9.7
1996,9,16,19,10.9,968.1,74.1,0,0,1,0,NA,NA,0,0,0,0,0,0,0,14,293,307,94,6.5,26.8,6.27,8.6
1996,9,16,20,10.7,967.8,68.7,0,0,1.1,0,NA,NA,0,0,0,0,0,0,0,14,283,304,94,5.2,25.2,5.73,7.9
1996,9,16,21,9.5,967.7,72.9,0,0.3,1.5,243,NA,NA,0,0,0,0,0,0,0,14,276,297,94,4.9,23.7,5.61,7.2
1996,9,16,22,8.2,967.6,79.4,0,0.5,1.4,243,NA,NA,0,0,0,0,0,0,0,14,272,294,94,4.9,22.3,5.6,6.6
1996,9,16,23,7.3,967.4,82.6,0,0.1,1.1,270,NA,NA,0,0,0,0,0,0,0,14,266,289,94,4.5,21.1,5.48,6
1996,9,17,0,6.5,967.4,84.1,0,0.4,1.5,256,NA,NA,0,0,0,0,0,0,0,14,266,287,94,4,19.8,5.28,5.3
1996,9,17,1,6.2,967.4,86.3,0,0.4,1.4,256,NA,NA,0,0,0,0,0,0,0,14,266,286,94,4.1,19.5,5.3,5.2
1996,9,17,2,5.8,967.1,87.6,0,0.4,1.5,256,NA,NA,0,0,0,0,0,0,0,14,261,283,94,3.9,19,5.24,4.9
1996,9,17,3,5.3,966.7,88.5,0,0.4,1.1,288,NA,NA,1,0,0,0,0,0,0,14,261,283,94,3.6,18.1,5.11,4.5
1996,9,17,4,5.1,966.5,88.7,0,0.2,1,144,NA,NA,3,0,0,0,0,0,0,14,261,283,94,3.4,17.8,5.05,4.3
1996,9,17,5,4.9,966.3,88.8,0,0,0.8,0,NA,NA,5,0,0,0,0,0,0,14,260,282,94,3.2,17.4,4.99,4.1
1996,9,17,6,6.2,966.1,86.7,0,0.4,1.3,256,NA,1,83,55,188,281,61,32,36,14,271,296,94,4.2,19.6,5.34,5.3
1996,9,17,7,9.2,965.8,80.8,0,0.5,2.2,270,NA,NA,217,111,332,472,191,64,66,14,286,315,94,6.1,24.6,6.11,7.6
1996,9,17,8,11.4,965.6,69.7,0,2.9,5.5,70,NA,NA,374,162,450,559,360,93,93,14,299,331,94,6.1,26.9,6.11,8.7
1996,9,17,9,12.4,965.4,66.9,0,3.4,5.9,61,NA,NA,548,154,665,562,557,104,104,14,304,340,94,6.4,28.3,6.27,9.3
1996,9,17,10,13.8,965,65.8,0,2.2,6,65,NA,NA,680,106,850,420,712,102,101,14,312,351,94,7.5,31,6.76,10.4
1996,9,17,11,14.2,964.6,64.1,0,2.7,6.3,66,NA,NA,738,96,899,191,769,109,105,14,314,357,94,7.5,31.4,6.76,10.6
1996,9,17,12,15.5,963.9,60,0,3.4,6.6,63,NA,2,727,105,880,107,764,275,104,14,319,360,94,7.8,33,6.89,11.3
1996,9,17,13,16.5,963.3,57.1,0,3.2,6,64,NA,NA,630,125,775,104,655,475,104,14,326,366,94,8,34.3,7,11.8
1996,9,17,14,17,962.7,56,0,2.7,5.5,66,NA,NA,516,151,659,101,522,614,101,14,325,366,94,8.2,35,7.09,12.1
1996,9,17,15,17,962.2,57.4,0,2.9,5,67,NA,NA,293,169,296,86,258,446,85,14,328,361,94,8.5,35.5,7.27,12.2
1996,9,17,16,17,962.1,57.4,0,2.7,4.2,48,NA,NA,185,80,398,51,162,509,54,14,325,355,94,8.5,35.5,7.27,12.2
1996,9,17,17,15.7,962.1,64.9,0,1.6,3.5,57,NA,NA,43,30,143,18,29,198,22,14,318,338,94,9.1,34.9,7.57,12
1996,9,17,18,13.6,962.5,75.5,0,0.3,1.4,63,NA,3,0,0,0,0,0,0,0,14,308,320,94,9.4,33.1,7.69,11.3
1996,9,17,19,12.3,962.7,82.4,0,0.5,1.8,37,NA,NA,0,0,0,0,0,0,0,14,307,319,94,9.4,31.8,7.71,10.7
1996,9,17,20,11.3,962.7,84.5,0,0.3,1.7,45,NA,NA,0,0,0,0,0,0,0,14,307,318,94,8.8,30,7.39,9.9
1996,9,17,21,10.6,962.8,84.1,0,0.4,2.5,34,NA,NA,0,0,0,0,0,0,0,14,303,316,94,8,28.3,7.02,9.2
1996,9,17,22,9.9,962.8,86.6,0,0.2,1.1,315,NA,NA,1,0,0,0,0,0,0,14,300,313,94,7.8,27.3,6.9,8.8
1996,9,17,23,9.1,962.7,87.7,0,0.4,1.5,243,NA,NA,0,0,0,0,0,0,0,14,278,299,94,7.2,25.8,6.62,8.1
1996,9,18,0,8.6,962.6,88.4,0,0.4,1.6,256,NA,NA,1,0,0,0,0,0,0,14,278,299,94,6.8,24.9,6.45,7.7
1996,9,18,1,8.4,962.4,88.7,0,0.3,1.6,252,NA,NA,1,0,0,0,0,0,0,14,278,301,94,6.6,24.5,6.38,7.5
1996,9,18,2,8.6,962.1,88.2,0,0.1,1.4,0,NA,NA,1,0,0,0,0,0,0,14,279,303,94,6.8,24.8,6.43,7.7
1996,9,18,3,9.1,961.8,86.4,0,0.4,3.3,56,NA,NA,1,0,0,0,0,0,0,14,314,320,94,7,25.6,6.52,8
1996,9,18,4,9.7,961.6,80.7,0,1.2,3.2,85,NA,NA,0,0,0,0,0,0,0,14,316,320,94,6.5,25.7,6.34,8.1
1996,9,18,5,8,961.4,88.7,0,0.6,3.1,11,NA,NA,3,0,0,0,0,0,0,14,319,320,94,6.3,23.7,6.21,7.1
1996,9,18,6,9.3,961.2,85.9,0,0.5,3.1,22,NA,6,44,44,0,25,21,20,20,14,326,331,94,7.1,25.9,6.58,8.2
1996,9,18,7,10.8,961.1,79.2,0,1.9,4.1,47,NA,NA,122,118,11,98,67,52,53,14,331,340,94,7.3,27.8,6.71,9
1996,9,18,8,11.4,961,75.1,0,2.4,4.9,75,NA,NA,200,187,26,155,124,81,82,14,350,353,94,7.2,28.1,6.62,9.2
1996,9,18,9,12.5,960.6,71.6,0,1.8,4.2,76,NA,NA,451,258,328,420,420,119,120,14,359,369,94,7.5,29.7,6.79,9.8
1996,9,18,10,13.9,960.1,66.6,0,2.4,5.6,61,NA,NA,631,200,641,395,650,122,121,14,368,378,94,7.8,31.5,6.93,10.6
1996,9,18,11,14.8,959.8,64.1,0,3,6.7,78,NA,NA,604,265,478,204,597,147,135,14,323,357,94,8.1,32.7,7.07,11.1
1996,9,18,12,14.8,958.9,64.6,0,3.2,5.7,66,NA,6,556,304,359,147,532,245,138,14,327,359,94,8.2,32.9,7.13,11.2
1996,9,18,13,15.4,958.4,62.9,0,3.6,6.4,68,NA,NA,500,277,345,129,474,359,129,14,324,357,94,8.4,33.7,7.22,11.5
1996,9,18,14,15.4,958,65.2,0,3.1,5.1,65,NA,NA,359,254,191,112,306,346,112,14,327,357,94,8.9,34.4,7.49,11.8
1996,9,18,15,15.1,957.7,66.5,0,3.5,5.7,63,NA,NA,222,179,103,80,160,245,80,14,328,351,94,8.9,34.1,7.5,11.6
1996,9,18,16,14.3,958.4,70.9,0,3.9,6.5,67,NA,NA,68,68,0,32,33,36,32,14,321,343,94,9.1,33.5,7.59,11.4
1996,9,18,17,12.8,958.7,81.4,1.2,3.4,6.6,80,NA,NA,6,6,0,3,3,1,3,14,347,352,96,9.7,32.8,7.9,11.1
1996,9,18,18,12,959,91.2,0.7,2.5,5,74,NA,7,0,0,0,0,0,0,0,14,348,351,96,10.6,33.3,8.4,11.2
1996,9,18,19,11.9,959.3,91.2,0.3,1.9,5.5,61,NA,NA,0,0,0,0,0,0,0,14,347,350,96,10.5,33,8.35,11.1
1996,9,18,20,11.5,959.3,90.8,0.7,2.5,4.9,74,NA,NA,0,0,0,0,0,0,0,14,342,347,96,10.1,32,8.09,10.7
1996,9,18,21,10.9,959,91.2,1.3,2.8,5.8,80,NA,NA,0,0,0,0,0,0,0,14,340,344,96,9.5,30.6,7.81,10.1
1996,9,18,22,10.7,958.8,90.9,0.3,3,5.8,76,NA,NA,0,0,0,0,0,0,0,14,339,343,96,9.3,30.1,7.68,9.9
1996,9,18,23,10.6,958.8,90.4,0.1,3,5.7,69,NA,NA,0,0,0,0,0,0,0,14,354,354,96,9.1,29.8,7.58,9.8
1996,9,19,0,10.6,958.5,90.6,0.2,2.4,4.6,78,NA,NA,0,0,0,0,0,0,0,14,354,354,96,9.1,29.8,7.6,9.8
1996,9,19,1,10.7,958,89.5,0,2.4,4.5,83,NA,NA,0,0,0,0,0,0,0,14,355,355,96,9,29.8,7.56,9.8
1996,9,19,2,10.7,957.7,89.1,0,2.8,5.3,72,NA,NA,0,0,0,0,0,0,0,14,354,354,96,9,29.7,7.53,9.8
1996,9,19,3,10.6,957.3,88.7,0,3.5,6.6,66,NA,NA,0,0,0,0,0,0,0,14,354,354,96,8.8,29.4,7.45,9.6
1996,9,19,4,10.7,957.2,88.3,0,3.2,6.6,58,NA,NA,1,0,0,0,0,0,0,14,355,355,96,8.8,29.6,7.47,9.7
1996,9,19,5,10.7,957.2,88.8,0,2.2,4.8,54,NA,NA,2,0,0,0,0,0,0,14,355,355,96,8.9,29.7,7.51,9.7
1996,9,19,6,10.8,957.3,87.8,0,3.4,6.5,60,NA,8,8,8,0,2,4,4,4,14,355,355,96,8.9,29.7,7.47,9.8
1996,9,19,7,10.8,957.4,86.8,0,4.1,7.5,60,NA,NA,30,30,0,11,14,15,15,14,356,356,96,8.7,29.5,7.39,9.7
1996,9,19,8,11.2,957,84.1,0,4.5,7.6,54,NA,NA,104,104,0,54,52,48,49,14,358,358,96,8.6,29.8,7.35,9.8
1996,9,19,9,11.5,956.9,79.9,0,3.8,6.7,60,NA,NA,112,112,0,55,55,52,53,14,358,359,96,8.2,29.5,7.12,9.7
1996,9,19,10,12,956.8,77.6,0,3.6,6.3,60,NA,NA,201,198,5,100,109,88,90,14,364,365,96,8.2,30.1,7.15,9.9
1996,9,19,11,12.6,956.8,75.1,0,3.9,7.6,70,NA,NA,304,296,12,139,181,129,127,14,355,366,96,8.3,30.8,7.2,10.3
1996,9,19,12,12.7,956.5,74.7,0,3.6,6.7,65,NA,7,242,239,5,108,136,113,106,14,357,365,96,8.3,31,7.21,10.3
1996,9,19,13,12.8,956.5,74.3,0,3.3,6.9,74,NA,NA,172,172,0,80,91,85,79,14,357,364,96,8.3,31.1,7.22,10.4
1996,9,19,14,13,956.5,73.8,0,2.3,5.2,72,NA,NA,128,128,0,60,64,64,60,14,358,364,96,8.4,31.4,7.27,10.5
1996,9,19,15,12.9,956.6,73,0,1.4,3.3,70,NA,NA,81,81,0,39,39,39,39,14,358,363,96,8.2,31,7.14,10.3
1996,9,19,16,12.8,956.7,75.3,0,1.2,2.8,70,NA,NA,35,35,0,17,16,13,17,14,357,359,96,8.5,31.3,7.32,10.4
1996,9,19,17,12.6,956.9,79.7,0.1,0.9,2.4,45,NA,NA,8,8,0,4,4,0,4,14,363,363,94,9.2,32,7.65,10.7
1996,9,19,18,12.2,957.6,86.3,0,0.2,1.3,360,NA,8,0,0,0,0,0,0,0,14,362,362,94,10,32.6,8.07,11
1996,9,19,19,11.9,957.9,85.9,0,0.2,1.5,360,NA,NA,0,0,0,0,0,0,0,14,360,360,94,9.6,31.8,7.87,10.6
1996,9,19,20,11.8,958.1,87.1,0,0,0.1,0,NA,NA,0,0,0,0,0,0,0,14,361,361,94,9.7,31.8,7.92,10.6
1996,9,19,21,11.7,958.4,88.3,0,0.1,1.1,360,NA,NA,2,0,0,0,0,0,0,14,360,360,94,9.8,31.9,7.98,10.6
1996,9,19,22,11.6,958.4,87.8,0.1,0,0.1,0,NA,NA,0,0,0,0,0,0,0,14,358,358,94,9.6,31.5,7.88,10.5
1996,9,19,23,11.3,958.2,89.6,0.8,0.3,1,297,NA,NA,0,0,0,0,0,0,0,14,311,328,94,9.7,31.2,7.88,10.4
1996,9,20,0,11.3,957.9,94.2,0.5,0,0.1,0,NA,NA,0,0,0,0,0,0,0,14,312,328,94,10.4,32.3,8.3,10.8
1996,9,20,1,11.2,957.4,90.1,0.2,0.3,1.4,333,NA,NA,0,0,0,0,0,0,0,14,311,328,94,9.6,31.1,7.88,10.3
1996,9,20,2,11.3,957.3,89.3,0.4,1,1.6,270,NA,NA,0,0,0,0,0,0,0,14,342,343,94,9.6,31.2,7.86,10.4
1996,9,20,3,11.3,957.5,88.6,3.5,1.4,4.4,266,NA,NA,1,0,0,0,0,0,0,14,341,342,94,9.5,31,7.8,10.3
1996,9,20,4,11.4,957.6,86.2,0.8,1,4.9,212,NA,NA,1,0,0,0,0,0,0,14,341,341,94,9.2,30.7,7.64,10.2
1996,9,20,5,11.1,957.8,81.1,0.3,2.2,4.7,231,NA,NA,0,0,0,0,0,0,0,14,348,348,96,8,28.9,7.03,9.4
1996,9,20,6,11,958,83.6,0,3.4,5.6,260,NA,7,15,15,0,4,7,7,7,14,347,347,96,8.3,29.2,7.2,9.5
1996,9,20,7,11.2,958.2,85.5,0,2.7,4.8,274,NA,NA,75,75,0,39,36,35,35,14,351,352,96,8.9,30.1,7.47,9.9
1996,9,20,8,12.1,957.8,80.9,0,2.1,5.3,251,NA,NA,258,204,117,269,196,88,90,14,334,351,96,8.9,31.1,7.5,10.3
1996,9,20,9,14.3,957.5,65.5,0,3.4,5.8,235,NA,NA,609,218,674,613,624,124,124,14,339,365,96,7.9,32.1,7.01,10.8
1996,9,20,10,15.5,957,58.3,0,2.8,5.9,240,NA,NA,675,130,823,421,729,110,109,14,347,373,96,7.4,32.6,6.74,11.1
1996,9,20,11,16.2,957,50.5,0,5.1,10.5,235,NA,NA,688,186,715,203,735,132,122,14,336,363,94,5.9,31.7,6.1,10.7
1996,9,20,12,16.1,956.7,47.5,0,4.5,8.2,227,NA,4,559,305,367,147,545,249,138,14,337,365,94,4.9,30.6,5.7,10.3
1996,9,20,13,17.1,956.5,48.1,0,4.6,9.6,241,NA,NA,534,230,479,122,537,397,122,14,340,369,94,6,32.8,6.16,11.1
1996,9,20,14,17.1,956.1,46.9,0,4.9,8.8,229,NA,NA,479,167,579,103,498,576,103,14,331,361,94,5.7,32.4,6,11
1996,9,20,15,17,956.2,48.1,0,5.2,8.6,240,NA,NA,282,159,304,82,259,444,82,14,328,354,94,6,32.6,6.12,11.1
1996,9,20,16,16.4,956.1,51.7,0,3.8,7.5,238,NA,NA,113,93,79,45,80,180,46,14,329,348,94,6.4,32.5,6.33,11
1996,9,20,17,15,956.2,60.3,0,1.1,3.6,229,NA,NA,22,22,0,10,11,11,11,14,310,331,94,7.4,32.2,6.76,10.9
1996,9,20,18,13.3,956.5,71.8,0,0.5,2.1,270,NA,7,0,0,0,0,0,0,0,14,308,326,94,8.3,31.6,7.21,10.6
1996,9,20,19,12.7,956.9,79.7,0,0.5,2.9,360,NA,NA,1,0,0,0,0,0,0,14,309,329,94,9.3,32.2,7.7,10.8
1996,9,20,20,12.5,956.7,78.8,0,0.5,2,27,NA,NA,0,0,0,0,0,0,0,14,329,337,94,8.9,31.5,7.51,10.5
1996,9,20,21,11.8,956.5,82.3,0,0.1,1.9,360,NA,NA,0,0,0,0,0,0,0,14,327,334,94,8.9,30.8,7.49,10.2
1996,9,20,22,11.4,956,84.2,0,0.4,1.4,18,NA,NA,0,0,0,0,0,0,0,14,328,335,94,8.8,30.3,7.47,10
1996,9,20,23,11.8,955.7,82.4,0,0.5,1.7,56,NA,NA,1,0,0,0,0,0,0,14,321,333,94,8.9,30.8,7.51,10.2
1996,9,21,0,11.8,955.6,85.3,0,1,2,41,NA,NA,0,0,0,0,0,0,0,14,321,333,94,9.4,31.5,7.78,10.5
1996,9,21,1,12.1,954.9,82.2,0,1.5,3.3,62,NA,NA,0,0,0,0,0,0,0,14,322,335,94,9.2,31.5,7.65,10.5
1996,9,21,2,11.8,954.7,85,0,0.8,2.2,40,NA,NA,1,0,0,0,0,0,0,14,360,360,94,9.4,31.4,7.76,10.5
1996,9,21,3,11.9,954.4,82.8,0,0.5,1.9,63,NA,NA,0,0,0,0,0,0,0,14,359,359,94,9.1,31.1,7.61,10.4
1996,9,21,4,11.6,954.1,84.3,0,0,0.7,0,NA,NA,1,0,0,0,0,0,0,14,359,359,94,9,30.8,7.59,10.2
1996,9,21,5,11.5,954.2,85.1,0,0,0.7,0,NA,NA,3,0,0,0,0,0,0,14,343,343,94,9.1,30.8,7.62,10.2
1996,9,21,6,11.9,954.1,87.2,0,0.4,2,56,NA,6,32,32,0,16,15,15,15,14,348,348,94,9.8,32.2,8.02,10.7
1996,9,21,7,13,954.3,79.6,0,1.9,4.6,74,NA,NA,194,128,215,365,165,63,65,14,352,358,94,9.6,32.9,7.86,11.1
1996,9,21,8,13.2,954.5,77.6,0,1.8,3.9,106,NA,NA,221,198,51,210,160,84,86,14,335,353,94,9.4,32.9,7.77,11.1
1996,9,21,9,13.9,954.5,76.9,0,1.5,4.7,110,NA,NA,293,252,71,220,223,107,109,14,339,358,94,9.9,34.3,8.06,11.6
1996,9,21,10,13.8,954.4,76.5,0,1.3,3.1,113,NA,NA,162,162,0,80,84,74,75,14,338,355,94,9.7,34,7.96,11.5
1996,9,21,11,14.2,954.2,74.4,0,0.8,2.3,83,NA,NA,208,207,2,98,113,94,94,14,351,363,94,9.7,34.4,7.95,11.7
1996,9,21,12,14.2,954,76.2,0.1,0.6,2.5,351,NA,7,159,159,0,75,82,75,74,14,348,358,94,10.1,34.9,8.15,11.9
1996,9,21,13,13.9,954,85.4,0.8,1,2.3,51,NA,NA,138,138,0,65,70,67,65,14,351,357,94,11.5,36.6,8.97,12.5
1996,9,21,14,14.2,953.9,82.4,0,1.3,2.9,72,NA,NA,210,202,15,90,130,137,89,14,359,361,94,11.2,36.6,8.82,12.5
1996,9,21,15,13.8,953.9,85.6,0.1,1.4,2.7,94,NA,NA,98,98,0,46,49,51,46,14,356,357,94,11.4,36.4,8.93,12.4
1996,9,21,16,13.9,954.1,85.8,0,1.5,2.8,74,NA,NA,74,74,0,34,37,43,34,14,357,358,94,11.6,36.7,9.01,12.6
1996,9,21,17,13.7,954.4,86,0,1.5,2.8,42,NA,NA,13,13,0,6,6,3,6,14,361,361,94,11.4,36.3,8.91,12.4
1996,9,21,18,13.3,954.8,87.3,0,1.5,3.5,25,NA,7,0,0,0,0,0,0,0,14,360,360,94,11.2,35.6,8.8,12.1
1996,9,21,19,12.9,955,89.5,0.5,0.2,2,27,NA,NA,0,0,0,0,0,0,0,14,359,359,94,11.2,35.2,8.79,11.9
1996,9,21,20,12.9,955,92.1,0,0.7,1.7,121,NA,NA,0,0,0,0,0,0,0,14,360,360,94,11.6,35.8,9.05,12.1
1996,9,21,21,13.1,954.7,91.2,0,0.4,1.5,45,NA,NA,0,0,0,0,0,0,0,14,360,360,94,11.7,36.1,9.08,12.3
1996,9,21,22,12.9,954.5,93.5,0,0,0.3,0,NA,NA,0,0,0,0,0,0,0,14,359,359,94,11.9,36.2,9.2,12.3
1996,9,21,23,12.8,954.4,93.7,0,0,0.3,0,NA,NA,1,0,0,0,0,0,0,14,366,366,94,11.8,36,9.16,12.2
1996,9,22,0,12.6,954.3,93.7,0.1,0.1,0.9,270,NA,NA,0,0,0,0,0,0,0,14,366,366,94,11.6,35.5,9.04,12
1996,9,22,1,12.7,954.2,89.7,0.4,0.2,0.9,270,NA,NA,0,0,0,0,0,0,0,14,366,366,94,11.1,34.7,8.7,11.8
1996,9,22,2,12.7,954.1,94.6,0.7,0,0.2,0,NA,NA,0,0,0,0,0,0,0,14,343,347,94,11.9,36,9.19,12.2
1996,9,22,3,12.7,953.9,89,1,0,0.7,0,NA,NA,0,0,0,0,0,0,0,14,342,347,94,10.9,34.6,8.64,11.7
1996,9,22,4,12.7,954,88.4,0.2,0.6,1.5,39,NA,NA,0,0,0,0,0,0,0,14,342,346,94,10.8,34.4,8.58,11.6
1996,9,22,5,12.4,954.1,87.8,1.1,0.9,1.9,36,NA,NA,1,0,0,0,0,0,0,14,348,352,96,10.4,33.5,8.35,11.3
1996,9,22,6,12.3,954.1,88.5,0.6,1,2.2,11,NA,8,13,13,0,4,6,6,6,14,348,353,96,10.5,33.5,8.36,11.3
1996,9,22,7,12.4,954.5,93,0.5,0.8,1.8,16,NA,NA,16,16,0,5,7,8,8,14,350,354,96,11.3,34.8,8.85,11.8
1996,9,22,8,12.6,954.9,93.5,1.4,1.4,2.8,39,NA,NA,28,28,0,11,12,14,14,14,358,358,96,11.6,35.4,9.01,12
1996,9,22,9,12.8,955.1,93.6,0.5,2.3,4.3,75,NA,NA,71,71,0,34,33,34,35,14,359,360,96,11.8,35.9,9.14,12.2
1996,9,22,10,13,955.3,92.8,2,1.8,4.7,74,NA,NA,84,84,0,41,40,40,41,14,360,362,96,11.9,36.2,9.18,12.4
1996,9,22,11,13.2,955.2,91.9,2.3,2.3,4.2,63,NA,NA,127,127,0,61,63,59,60,14,346,356,96,11.9,36.5,9.21,12.4
1996,9,22,12,13.3,955.1,90.1,0.6,3.2,5.5,64,NA,8,196,195,2,90,106,92,89,14,347,357,96,11.7,36.3,9.09,12.4
1996,9,22,13,13.5,955.1,88,0.5,2.6,5.4,64,NA,NA,186,185,1,84,100,93,84,14,347,358,96,11.6,36.3,8.99,12.4
1996,9,22,14,13.5,955.2,89.5,0.1,3,5.5,62,NA,NA,88,88,0,43,42,42,43,14,370,370,96,11.8,36.7,9.15,12.5
1996,9,22,15,13.3,955.4,89,0,2.7,5.6,34,NA,NA,46,46,0,23,21,19,23,14,366,366,96,11.5,36,8.97,12.3
1996,9,22,16,12.9,955.7,79.6,0,3.6,7,28,NA,NA,12,12,0,6,5,3,6,14,365,365,96,9.5,32.7,7.8,11
1996,9,22,17,12.6,956.4,78.1,0.2,2.5,5.3,35,NA,NA,1,0,0,0,0,0,0,14,362,362,96,8.9,31.6,7.5,10.6
1996,9,22,18,12.2,957,78.7,0,2.1,5.1,33,NA,8,0,0,0,0,0,0,0,14,362,362,96,8.6,30.8,7.35,10.2
1996,9,22,19,11.9,957.6,81.9,0.1,0.6,2.6,360,NA,NA,0,0,0,0,0,0,0,14,359,359,96,8.9,30.9,7.5,10.3
1996,9,22,20,11.8,957.6,91.3,0.1,0.6,2.1,239,NA,NA,0,0,0,0,0,0,0,14,361,361,96,10.4,32.8,8.31,11
1996,9,22,21,11.9,957.7,91.9,0,1.4,2.6,240,NA,NA,0,0,0,0,0,0,0,14,361,361,96,10.6,33.2,8.42,11.2
1996,9,22,22,11.6,957.8,91.5,0.1,0.8,2,236,NA,NA,0,0,0,0,0,0,0,14,359,359,96,10.3,32.4,8.22,10.9
1996,9,22,23,11.1,957.8,87.5,0,0.2,1.7,225,NA,NA,0,0,0,0,0,0,0,14,356,356,96,9.1,30.3,7.6,10
1996,9,23,0,11,957.9,86.3,0,0.7,2.4,207,NA,NA,0,0,0,0,0,0,0,14,357,357,96,8.8,29.8,7.44,9.8
1996,9,23,1,10.9,957.7,87.6,0.1,0.8,2.6,240,NA,NA,0,0,0,0,0,0,0,14,355,355,96,8.9,29.9,7.5,9.8
1996,9,23,2,10.7,957.9,88.6,0.2,1.5,2.8,233,NA,NA,0,0,0,0,0,0,0,14,355,355,96,8.9,29.6,7.49,9.7
1996,9,23,3,10.6,957.8,90.5,0.1,0.7,1.9,252,NA,NA,0,0,0,0,0,0,0,14,355,355,96,9.1,29.8,7.6,9.8
1996,9,23,4,10.6,957.9,88.3,0,1,2.9,233,NA,NA,0,0,0,0,0,0,0,14,354,354,96,8.7,29.3,7.41,9.6
1996,9,23,5,10.4,958.3,87.5,0,0.8,2.6,254,NA,NA,0,0,0,0,0,0,0,14,353,353,96,8.4,28.7,7.24,9.3
1996,9,23,6,10.5,958.9,87,0,0.8,3.2,143,NA,8,10,10,0,2,5,5,5,14,353,353,96,8.4,28.8,7.25,9.4
1996,9,23,7,10.7,959.1,82.2,0,0.8,3,135,NA,NA,50,50,0,22,23,24,24,14,354,354,96,7.8,28.2,6.93,9.2
1996,9,23,8,10.8,959.5,71.3,0,1,3.9,336,NA,NA,71,71,0,33,33,34,34,14,355,355,96,5.8,26.1,6.04,8.3
1996,9,23,9,11.2,959.5,70.7,0,1.7,7,345,NA,NA,138,138,0,71,71,63,64,14,357,358,96,6.1,26.8,6.15,8.6
1996,9,23,10,11.6,959.6,71.3,0,1,3.5,276,NA,NA,148,148,0,73,76,68,69,14,362,362,96,6.6,27.7,6.37,9
1996,9,23,11,11.8,959.6,68.4,0,1.1,3.2,265,NA,NA,146,146,0,70,75,68,69,14,351,354,94,6.2,27.5,6.19,8.9
1996,9,23,12,12.7,959.5,63.5,0,2.4,5.3,5,NA,7,307,297,15,130,188,143,127,14,354,360,94,6,28.2,6.1,9.2
1996,9,23,13,12.5,959.7,60.8,0,3,5.4,10,NA,NA,204,202,3,91,113,103,91,14,355,357,94,5.1,27.1,5.76,8.7
1996,9,23,14,12.6,959.8,60.9,0,2.7,6.1,6,NA,NA,183,181,4,81,101,103,81,14,353,356,94,5.3,27.3,5.81,8.9
1996,9,23,15,12.3,960,61.2,0,2.7,5.6,6,NA,NA,117,117,0,54,60,65,53,14,351,353,94,5.1,26.8,5.72,8.6
1996,9,23,16,11.6,960.6,64.8,0,2.6,6.2,2,NA,NA,30,30,0,15,14,11,15,14,348,348,94,5.2,26.2,5.78,8.4
1996,9,23,17,11.1,961.4,66.1,0,3.5,7.7,348,NA,NA,6,6,0,3,3,0,3,14,354,354,94,5,25.5,5.7,8
1996,9,23,18,10.9,962,64.6,0,2.4,5.4,329,NA,8,2,0,0,0,0,0,0,14,355,355,94,4.5,24.8,5.49,7.7
1996,9,23,19,10.8,962.5,65.4,0,1.2,3.5,90,NA,NA,0,0,0,0,0,0,0,14,354,354,94,4.6,24.8,5.52,7.7
1996,9,23,20,10.5,962.6,73.9,0,0.5,2,146,NA,NA,2,0,0,0,0,0,0,14,342,342,94,6,26,6.12,8.2
1996,9,23,21,9.9,962.6,80.9,0,1.4,2.4,295,NA,NA,0,0,0,0,0,0,0,14,342,342,94,6.8,26.2,6.44,8.3
1996,9,23,22,9.4,962.8,82.2,0,2,3.6,264,NA,NA,0,0,0,0,0,0,0,14,337,337,94,6.5,25.4,6.32,7.9
1996,9,23,23,8.8,962.8,85.4,0,0.6,1.8,279,NA,NA,0,0,0,0,0,0,0,14,287,307,94,6.5,24.7,6.31,7.6
1996,9,24,0,8.1,962.9,87.3,0,0.9,2,277,NA,NA,1,0,0,0,0,0,0,14,281,301,94,6.1,23.6,6.15,7.1
1996,9,24,1,7.1,962.9,87,0,0.4,1.9,270,NA,NA,0,0,0,0,0,0,0,14,274,293,94,5.1,21.5,5.72,6.1
1996,9,24,2,6.6,962.8,87.3,0,1,2,246,NA,NA,0,0,0,0,0,0,0,14,277,295,94,4.6,20.6,5.54,5.6
1996,9,24,3,6.8,962.7,88.2,0,1.3,2.5,274,NA,NA,0,0,0,0,0,0,0,14,278,300,94,5,21.1,5.68,5.9
1996,9,24,4,6.9,962.7,88.4,0,1,2.1,276,NA,NA,0,0,0,0,0,0,0,14,277,300,94,5.1,21.3,5.73,6
1996,9,24,5,7.4,962.9,85.2,0,0.4,1.5,270,NA,NA,2,0,0,0,0,0,0,14,289,307,94,5.1,21.8,5.72,6.3
1996,9,24,6,7.7,963.1,85.8,0,0.6,1.5,279,NA,7,17,17,0,6,8,8,8,14,291,310,94,5.5,22.5,5.88,6.6
1996,9,24,7,8.7,963.3,84.2,0,0.9,2.2,264,NA,NA,52,52,0,23,24,24,25,14,297,316,94,6.2,24.3,6.17,7.4
1996,9,24,8,9.8,963.5,78,0,1.6,2.6,263,NA,NA,167,156,25,124,104,70,71,14,310,329,94,6.2,25.4,6.16,8
1996,9,24,9,11.7,963.4,65.6,0,1.3,2.7,235,NA,NA,404,269,239,358,375,117,118,14,316,344,94,5.5,26.6,5.88,8.5
1996,9,24,10,13.4,963.3,58.8,0,1.1,4,135,NA,NA,522,262,404,325,536,128,128,14,324,355,94,5.5,28.3,5.89,9.3
1996,9,24,11,14.1,963.1,61.2,0,1.4,4.4,96,NA,NA,613,236,552,197,665,141,128,14,319,360,94,6.7,30.4,6.42,10.2
1996,9,24,12,15,962.9,57.9,0,1.8,4.1,126,NA,5,483,284,295,138,465,222,131,14,320,355,94,6.8,31.4,6.44,10.6
1996,9,24,13,14.9,962.9,53.6,0,1.8,5,139,NA,NA,297,284,21,118,205,173,118,14,318,352,94,5.6,29.9,5.92,10
1996,9,24,14,14.8,962.9,49.8,0,1.1,4.9,259,NA,NA,178,177,2,79,98,99,79,14,319,345,94,4.4,28.7,5.46,9.5
1996,9,24,15,14.6,963.1,54.1,0,1.9,4.3,257,NA,NA,108,108,0,50,55,58,50,14,317,341,94,5.4,29.5,5.86,9.8
1996,9,24,16,14.4,963.3,52.3,0,1.2,2.9,284,NA,NA,80,78,7,36,43,63,36,14,316,339,94,4.8,28.6,5.59,9.5
1996,9,24,17,13.3,963.8,63.9,0,0.9,2.5,353,NA,NA,12,12,0,6,6,4,6,14,305,327,94,6.6,29.4,6.36,9.8
1996,9,24,18,12.2,964.3,72.4,0,0.2,1.3,27,NA,7,1,0,0,0,0,0,0,14,303,324,94,7.4,29.2,6.7,9.6
1996,9,24,19,11.8,964.6,75.1,0,0.3,2.3,180,NA,NA,0,0,0,0,0,0,0,14,300,321,94,7.5,28.9,6.77,9.5
1996,9,24,20,10.8,964.6,80.4,0,0.2,1.3,270,NA,NA,1,0,0,0,0,0,0,14,294,315,94,7.6,28,6.79,9.1
1996,9,24,21,9.8,964.4,83.8,0,0.2,1.2,90,NA,NA,0,0,0,0,0,0,0,14,287,306,94,7.2,26.5,6.61,8.4
1996,9,24,22,8.2,964.2,90,0,0.3,1.9,315,NA,NA,0,0,0,0,0,0,0,14,279,297,94,6.7,24.3,6.37,7.4
1996,9,24,23,7.5,963.9,89.2,0,0.3,1.8,252,NA,NA,0,0,0,0,0,0,0,14,272,292,94,5.8,22.7,6.02,6.7
1996,9,25,0,6.5,964,89.3,0,0.7,1.9,262,NA,NA,0,0,0,0,0,0,0,14,263,287,94,4.9,20.7,5.63,5.7
1996,9,25,1,6.2,963.8,90.4,0,0.6,1.5,248,NA,NA,0,0,0,0,0,0,0,14,263,286,94,4.7,20.2,5.58,5.5
1996,9,25,2,5.7,963.3,92,0,0.2,0.9,360,NA,NA,0,0,0,0,0,0,0,14,262,285,94,4.5,19.5,5.49,5.1
1996,9,25,3,5.5,962.7,91,0,0.7,1.9,262,NA,NA,1,0,0,0,0,0,0,14,261,285,94,4.2,19,5.35,4.9
1996,9,25,4,5.4,962.5,89.5,0,0.9,2,257,NA,NA,1,0,0,0,0,0,0,14,259,282,94,3.8,18.5,5.23,4.7
1996,9,25,5,5.5,962.7,90.8,0,0.7,2.2,262,NA,NA,4,0,0,0,0,0,0,14,270,290,94,4.1,18.9,5.34,4.8
1996,9,25,6,6.1,963.1,90,0,0.5,1.2,304,NA,3,57,49,69,141,44,24,27,14,277,300,94,4.6,20,5.52,5.4
1996,9,25,7,8.3,963.4,85.9,0,0.7,2.5,72,NA,NA,172,122,175,320,154,59,61,14,286,312,94,6.1,23.8,6.13,7.2
1996,9,25,8,9.4,963.7,82.4,0,0.4,1.5,180,NA,NA,197,181,35,160,130,78,79,14,290,317,94,6.6,25.4,6.33,8
1996,9,25,9,10.2,963.8,76.2,0,0.6,2.5,90,NA,NA,231,220,20,147,150,94,96,14,292,324,94,6.2,25.8,6.18,8.2
1996,9,25,10,10.7,963.8,72.4,0,1.1,3.5,45,NA,NA,173,173,1,86,92,78,79,14,297,326,94,5.9,26,6.07,8.2
1996,9,25,11,10.4,963.7,82,0.1,2.1,4,246,NA,NA,158,158,0,76,82,73,74,14,297,323,94,7.5,27.4,6.74,8.9
1996,9,25,12,11.4,963.4,78,0,1.2,2.7,265,NA,8,278,271,10,120,167,130,117,14,302,332,94,7.7,28.8,6.86,9.4
1996,9,25,13,12.4,963.2,68.5,0,0.9,2.9,276,NA,NA,244,239,8,105,144,128,104,14,305,337,94,6.8,28.7,6.43,9.5
1996,9,25,14,12.8,963.3,69.1,0,0.9,2.7,120,NA,NA,158,158,0,72,85,86,72,14,306,335,94,7.3,29.7,6.66,9.9
1996,9,25,15,12.6,963.4,67.6,0,1.4,2.3,129,NA,NA,90,90,0,43,45,46,42,14,304,331,94,6.8,28.9,6.43,9.5
1996,9,25,16,12.5,963.8,71.8,0,1,2,135,NA,NA,43,43,0,21,20,19,20,14,304,329,94,7.6,29.7,6.79,9.9
1996,9,25,17,12.1,964.5,75.3,0,0,0.8,0,NA,NA,10,10,0,5,5,2,5,14,359,359,94,7.9,29.6,6.93,9.8
1996,9,25,18,11.1,965.1,83.4,0,0.4,2.2,333,NA,8,2,0,0,0,0,0,0,14,358,358,94,8.4,29.3,7.18,9.6
1996,9,25,19,11,965.7,82.2,0,0,0.7,0,NA,NA,0,0,0,0,0,0,0,14,356,356,94,8.1,28.8,7.02,9.4
1996,9,25,20,10.7,966.1,85.1,0,0.3,1.4,315,NA,NA,3,0,0,0,0,0,0,14,346,346,94,8.3,28.7,7.13,9.4
1996,9,25,21,10.5,966.6,86,0,0.2,1.3,297,NA,NA,1,0,0,0,0,0,0,14,344,344,94,8.3,28.5,7.1,9.3
1996,9,25,22,10.3,967.1,86.7,0,0,0.5,0,NA,NA,2,0,0,0,0,0,0,14,344,344,94,8.2,28.1,7.06,9.2
1996,9,25,23,10,967.5,88.1,0,0,0.1,0,NA,NA,1,0,0,0,0,0,0,14,296,317,94,8.1,27.8,7.03,9
1996,9,26,0,10.2,967.8,86.8,0,0.1,1.2,270,NA,NA,3,0,0,0,0,0,0,14,297,318,94,8.1,27.9,7.02,9.1
1996,9,26,1,9.7,967.7,88,0,0,0.9,0,NA,NA,1,0,0,0,0,0,0,14,292,312,94,7.8,27.1,6.88,8.7
1996,9,26,2,9.5,967.9,90,0,0.2,1.2,225,NA,NA,2,0,0,0,0,0,0,14,340,340,94,7.9,27,6.94,8.7
1996,9,26,3,8.2,968.5,89.5,0,0.1,1,270,NA,NA,0,0,0,0,0,0,0,14,331,331,94,6.6,24.1,6.31,7.4
1996,9,26,4,7.2,969,93,0,0,0.2,0,NA,NA,0,0,0,0,0,0,0,14,325,325,94,6.1,22.6,6.12,6.7
1996,9,26,5,6.6,969.6,90,0,0.3,1,252,NA,NA,1,0,0,0,0,0,0,14,287,299,94,5.1,20.9,5.68,5.9
1996,9,26,6,7.6,970.3,90.7,0,0.3,1.3,252,NA,2,32,32,0,17,16,15,15,14,287,306,94,6.2,23,6.13,6.9
1996,9,26,7,8.9,970.8,89,0,0.6,1.5,297,NA,NA,152,120,114,240,123,55,57,14,304,323,94,7.2,25.5,6.57,8
1996,9,26,8,10.9,971,83.5,0,0.6,2.2,11,NA,NA,186,161,56,174,138,72,74,14,317,333,94,8.2,28.7,7.05,9.5
1996,9,26,9,12.7,971.1,75.3,0,1.1,3,17,NA,NA,517,183,603,540,580,109,110,14,324,352,94,8.4,30.8,7.16,10.4
1996,9,26,10,14.4,970.9,68.1,0,1.3,4.5,59,NA,NA,645,126,817,408,750,107,106,14,332,363,94,8.6,32.8,7.24,11.2
1996,9,26,11,15.5,970.5,59.5,0,2.1,4.6,110,NA,NA,712,91,925,178,828,107,102,14,328,366,94,7.7,32.7,6.78,11.2
1996,9,26,12,16.4,970.1,54.5,0,1.4,3.7,73,NA,2,688,96,896,105,799,285,103,14,330,368,94,7.2,33.2,6.58,11.4
1996,9,26,13,16.9,969.8,47.2,0,1.4,4.4,60,NA,NA,593,134,760,105,688,486,105,14,327,369,94,5.6,31.9,5.88,10.9
1996,9,26,14,17.2,969.4,43.5,0,2.2,4.5,85,NA,NA,452,135,629,91,521,589,91,14,319,364,94,4.7,31.3,5.52,10.6
1996,9,26,15,17.3,969.5,40.3,0,1.7,3.2,68,NA,NA,297,107,514,70,336,589,70,14,317,357,94,3.7,30.4,5.15,10.3
1996,9,26,16,16.5,969.5,46.5,0,1.3,2.6,86,NA,NA,125,73,249,43,128,354,44,14,317,345,94,5,30.9,5.65,10.5
1996,9,26,17,13.9,969.7,62.4,0,0.3,1.3,90,NA,NA,18,18,0,8,9,14,9,14,290,314,94,6.8,30.2,6.42,10.1
1996,9,26,18,11.3,969.8,75.9,0,0.4,1.9,297,NA,2,0,0,0,0,0,0,0,14,289,308,94,7.2,28,6.58,9.1
1996,9,26,19,10.6,970.3,80.5,0,1.2,2.1,246,NA,NA,0,0,0,0,0,0,0,14,290,308,94,7.4,27.4,6.66,8.9
1996,9,26,20,9.4,970.6,82.4,0,0,0.7,0,NA,NA,0,0,0,0,0,0,0,14,280,300,94,6.6,25.3,6.29,8
1996,9,26,21,8.9,970.5,85.3,0,0.2,1.3,45,NA,NA,0,0,0,0,0,0,0,14,279,298,94,6.6,24.8,6.29,7.7
1996,9,26,22,8.2,970.5,87,0,0,0.7,0,NA,NA,0,0,0,0,0,0,0,14,277,295,94,6.2,23.6,6.12,7.2
1996,9,26,23,7.7,970.6,88.3,0,0.4,2,243,NA,NA,0,0,0,0,0,0,0,14,271,293,94,5.9,22.8,6,6.8
1996,9,27,0,7.2,970.6,88.4,0,0.7,2.3,254,NA,NA,0,0,0,0,0,0,0,14,270,293,94,5.4,21.8,5.81,6.3
1996,9,27,1,7.3,970.6,88.7,0,0.6,1.3,252,NA,NA,0,0,0,0,0,0,0,14,273,298,94,5.6,22.1,5.87,6.5
1996,9,27,2,8.1,970.3,87.9,0,0.1,1,270,NA,NA,0,0,0,0,0,0,0,14,311,319,94,6.2,23.6,6.14,7.1
1996,9,27,3,8.9,970.4,86.8,0,1.1,2.6,260,NA,NA,1,0,0,0,0,0,0,14,313,323,94,6.8,25.1,6.41,7.8
1996,9,27,4,9.2,970,88.1,0,0.6,1.7,180,NA,NA,1,0,0,0,0,0,0,14,317,325,94,7.3,26,6.64,8.2
1996,9,27,5,9.4,970.1,86.3,0,1.1,3,315,NA,NA,1,0,0,0,0,0,0,14,341,341,94,7.2,26,6.59,8.3
1996,9,27,6,10.7,970.4,81.8,0,1.3,3.9,243,NA,7,34,34,0,19,16,15,16,14,347,347,94,7.7,27.9,6.82,9.1
1996,9,27,7,10.7,970.8,83.4,0.7,1.6,3.4,259,NA,NA,32,32,0,12,15,16,16,14,346,346,94,8,28.3,6.95,9.3
1996,9,27,8,11.3,971,82.9,0.1,0.4,1.6,180,NA,NA,87,87,0,43,42,41,42,14,358,358,94,8.5,29.5,7.19,9.8
1996,9,27,9,12.4,970.8,79,0,0.9,4.5,277,NA,NA,153,153,0,80,81,69,70,14,368,368,94,8.9,31.1,7.37,10.5
1996,9,27,10,13.9,970.3,72.7,0,3.2,5.8,243,NA,NA,219,216,4,110,125,95,96,14,373,373,94,9.1,32.9,7.49,11.2
1996,9,27,11,14.8,970.4,67.6,0,3.9,6.4,245,NA,NA,196,195,1,93,107,89,89,14,378,378,94,8.9,33.5,7.38,11.5
1996,9,27,12,15.5,970.3,64.6,0,3.9,8.5,234,NA,8,145,145,0,69,75,69,68,14,380,380,94,8.9,34.2,7.38,11.8
1996,9,27,13,16,970.3,62.8,0,5.5,10.4,228,NA,NA,153,153,0,71,80,75,71,14,384,384,94,8.9,34.8,7.4,12
1996,9,27,14,17.3,970.2,60.5,0,4.3,8.5,201,NA,NA,315,220,192,100,297,326,100,14,339,363,94,9.6,37,7.75,12.9
1996,9,27,15,17.7,970.2,56,0,3.6,7.9,219,NA,NA,179,148,83,67,136,199,67,14,337,359,94,8.8,36.4,7.35,12.7
1996,9,27,16,16.7,970.1,62.5,0,4.7,7.4,254,NA,NA,39,39,0,19,18,16,19,14,334,353,94,9.5,36.3,7.71,12.6
1996,9,27,17,15.7,969.9,70.4,0,4.5,7.9,261,NA,NA,6,6,0,3,3,0,3,14,328,346,94,10.3,36.4,8.15,12.6
1996,9,27,18,14.4,970.9,81.7,0.8,3.6,6.7,254,NA,7,0,0,0,0,0,0,0,14,327,342,94,11.3,36.5,8.7,12.6
1996,9,27,19,14.2,971.4,83.4,0.6,2.5,5.7,228,NA,NA,0,0,0,0,0,0,0,14,326,341,94,11.4,36.4,8.77,12.6
1996,9,27,20,13.9,972.3,86,0.4,1.4,4.6,180,NA,NA,0,0,0,0,0,0,0,14,364,364,94,11.6,36.3,8.86,12.6
1996,9,27,21,13.7,973.3,85.2,0,1.1,5,131,NA,NA,0,0,0,0,0,0,0,14,362,362,94,11.3,35.6,8.65,12.3
1996,9,27,22,13.5,973.8,85.2,0.1,0.7,2.5,45,NA,NA,0,0,0,0,0,0,0,14,359,359,94,11.1,35.1,8.53,12.1
1996,9,27,23,13,974.2,87.7,0,0.8,3,252,NA,NA,0,0,0,0,0,0,0,14,335,342,94,11,34.5,8.5,11.9
1996,9,28,0,12.7,974.4,91.8,0,0.9,2.6,252,NA,NA,0,0,0,0,0,0,0,14,335,340,94,11.4,34.8,8.72,11.9
1996,9,28,1,12.1,974.3,89.9,0,0.4,1.9,90,NA,NA,0,0,0,0,0,0,0,14,331,337,94,10.5,32.9,8.21,11.2
1996,9,28,2,11.9,974.8,89.9,0,0.3,3.4,333,NA,NA,0,0,0,0,0,0,0,14,330,336,94,10.3,32.4,8.09,11
1996,9,28,3,11.8,975.1,94.6,0,0.4,1.9,225,NA,NA,1,0,0,0,0,0,0,14,328,335,94,11,33.2,8.46,11.3
1996,9,28,4,11.7,975.6,90.3,1,0.5,3,342,NA,NA,0,0,0,0,0,0,0,14,331,338,94,10.2,32,8.01,10.9
1996,9,28,5,11.9,975.9,94.1,0,0.5,2.1,135,NA,NA,1,0,0,0,0,0,0,14,322,334,96,11,33.3,8.47,11.4
1996,9,28,6,11.4,976.2,94.6,0,0.6,3.2,14,NA,3,23,23,0,10,11,11,11,14,319,330,96,10.6,32.2,8.23,10.9
1996,9,28,7,12.6,976.8,87.4,0,0.5,2.6,90,NA,NA,217,115,367,502,231,63,64,14,333,349,96,10.6,33.4,8.22,11.5
1996,9,28,8,14.8,976.9,79.5,0,1.3,3.3,119,NA,NA,398,118,656,673,474,85,85,14,325,356,96,11.3,36.7,8.63,12.8
1996,9,28,9,15.7,976.7,69.9,0,1,3.1,131,NA,NA,470,177,536,494,539,104,104,14,329,367,96,10.2,36.1,8.04,12.5
1996,9,28,10,16.6,976.9,61.9,0,1.3,4,85,NA,NA,637,124,819,405,759,106,105,14,325,371,96,9.3,35.8,7.53,12.5
1996,9,28,11,17.5,976.9,61,0,2.6,4.8,106,NA,NA,671,90,878,169,800,104,99,14,338,376,94,9.9,37.5,7.86,13.1
1996,9,28,12,17.8,976.7,52.1,0,1.7,4.5,101,NA,6,641,114,809,105,765,277,102,14,340,378,94,7.8,35.2,6.83,12.2
1996,9,28,13,18.2,976.2,52,0,2,4.7,99,NA,NA,596,119,805,101,714,498,101,14,341,380,94,8.2,36,7,12.6
1996,9,28,14,18.5,976.3,47.6,0,2.3,4.6,95,NA,NA,430,136,596,90,508,569,90,14,328,368,94,7.2,35.1,6.52,12.2
1996,9,28,15,18,976.5,53.2,0,2.7,4.9,70,NA,NA,300,83,606,66,366,642,66,14,328,362,94,8.3,36,7.07,12.5
1996,9,28,16,16.9,976.8,56,0,2.1,4.1,57,NA,NA,126,64,313,40,142,404,41,14,323,350,94,8.1,34.6,6.94,12
1996,9,28,17,14.8,977.1,65.1,0,1.3,3.3,24,NA,NA,15,15,0,7,8,12,7,14,312,329,94,8.3,32.7,7.05,11.2
1996,9,28,18,13.3,977,73.3,0,0.1,1.1,270,NA,6,0,0,0,0,0,0,0,14,305,319,94,8.6,31.6,7.21,10.7
1996,9,28,19,12.1,977.4,75,0,0.5,2.9,101,NA,NA,0,0,0,0,0,0,0,14,299,313,94,7.8,29.3,6.81,9.8
1996,9,28,20,10.4,977.9,83.4,0,0.1,0.9,360,NA,NA,0,0,0,0,0,0,0,14,286,305,94,7.7,27.5,6.76,9
1996,9,28,21,9.4,978.1,86.5,0,0,0.8,0,NA,NA,0,0,0,0,0,0,0,14,283,303,94,7.3,25.9,6.55,8.3
1996,9,28,22,9.1,978.2,86.4,0,0.4,1.5,236,NA,NA,0,0,0,0,0,0,0,14,279,301,94,7,25.3,6.41,8
1996,9,28,23,8.5,977.8,86.9,0,0.1,0.9,270,NA,NA,0,0,0,0,0,0,0,14,281,299,94,6.4,24.1,6.19,7.4
1996,9,29,0,7.4,978,89,0,0,1,0,NA,NA,0,0,0,0,0,0,0,14,279,295,94,5.7,22.2,5.88,6.6
1996,9,29,1,6.9,977.6,92.4,0,0,0.6,0,NA,NA,0,0,0,0,0,0,0,14,276,293,94,5.8,21.8,5.9,6.4
1996,9,29,2,6.8,977.8,88.7,0,0.1,1,270,NA,NA,0,0,0,0,0,0,0,14,267,288,94,5.1,21,5.62,6
1996,9,29,3,6,977.7,93.2,0,0.1,0.9,270,NA,NA,0,0,0,0,0,0,0,14,264,286,94,5,20.1,5.59,5.5
1996,9,29,4,5.8,977.8,92.5,0,0.4,1.3,270,NA,NA,1,0,0,0,0,0,0,14,263,285,94,4.7,19.6,5.47,5.3
1996,9,29,5,6.1,977.8,89.5,0,0.6,1.5,248,NA,NA,0,0,0,0,0,0,0,14,279,296,94,4.5,19.7,5.41,5.3
1996,9,29,6,6.7,978,91.2,0,0.5,2,270,NA,6,55,34,199,263,66,22,25,14,288,304,94,5.4,21.2,5.74,6.1
1996,9,29,7,8.7,978.1,86.5,0,0.5,1.5,281,NA,NA,152,114,139,276,141,55,57,14,298,318,94,6.6,24.5,6.25,7.6
1996,9,29,8,10.7,978.2,81.3,0,0.2,1.2,297,NA,NA,320,156,391,498,362,86,87,14,310,332,94,7.6,27.7,6.72,9.1
1996,9,29,9,12.9,978.1,76.4,0,0.2,1.7,243,NA,NA,451,194,476,469,515,107,107,14,325,351,94,8.9,31.4,7.31,10.7
1996,9,29,10,15,977.4,64.5,0,0.5,3.6,297,NA,NA,631,123,818,403,761,105,104,14,326,363,94,8.4,33,7.08,11.3
1996,9,29,11,16.9,976.9,55.6,0,0.9,3.1,252,NA,NA,684,85,911,169,826,104,99,14,329,371,94,8,34.4,6.89,12
1996,9,29,12,18.8,976.3,54.5,0,1.8,4.6,264,NA,5,681,91,915,103,824,291,101,14,340,378,94,9.4,38.2,7.62,13.4
1996,9,29,13,20,975.8,50,0,2.1,3.9,253,NA,NA,589,85,858,93,720,498,93,14,346,384,94,9.3,39.2,7.54,13.8
1996,9,29,14,20.8,975.1,51.2,0,1.9,4.8,267,NA,NA,455,77,776,80,568,636,81,14,351,386,94,10.4,41.5,8.12,14.6
1996,9,29,15,21.1,974.8,50.2,0,1.5,5,262,NA,NA,297,75,629,63,373,652,63,14,348,383,94,10.3,41.8,8.12,14.7
1996,9,29,16,18.8,974.8,66.2,0,0.6,3,153,NA,NA,144,53,477,40,185,551,41,14,341,365,94,12.4,42.5,9.3,14.9
1996,9,29,17,16.3,975,74.7,0,0.6,2.8,129,NA,NA,18,18,0,8,10,22,9,14,322,339,94,11.8,39.1,8.95,13.6
1996,9,29,18,14.1,975.4,82.9,0,0.7,2.7,117,NA,1,0,0,0,0,0,0,0,14,317,329,94,11.2,36,8.62,12.4
1996,9,29,19,12.8,975.5,83.5,0,0.3,1.4,27,NA,NA,0,0,0,0,0,0,0,14,310,322,94,10.1,33,7.97,11.3
1996,9,29,20,11.7,975.4,87,0,0,1.6,0,NA,NA,0,0,0,0,0,0,0,14,289,310,94,9.6,31.2,7.72,10.5
1996,9,29,21,10.5,975.3,89.5,0,0.4,1.9,288,NA,NA,0,0,0,0,0,0,0,14,287,307,94,8.8,29,7.33,9.6
1996,9,29,22,9.6,975,90,0,0.1,1.5,225,NA,NA,1,0,0,0,0,0,0,14,285,304,94,8,27.1,6.94,8.8
1996,9,29,23,8.8,974.9,90.9,0,0.1,1.3,360,NA,NA,0,0,0,0,0,0,0,14,280,300,94,7.4,25.5,6.64,8.1
1996,9,30,0,8.3,974.8,91.2,0,0.1,1.3,270,NA,NA,2,0,0,0,0,0,0,14,275,296,94,7,24.5,6.43,7.6
1996,9,30,1,8,974.5,90.8,0,0.2,1.3,243,NA,NA,0,0,0,0,0,0,0,14,273,296,94,6.6,23.8,6.28,7.3
1996,9,30,2,7.5,973.9,91.1,0,0.2,1.3,243,NA,NA,1,0,0,0,0,0,0,14,273,295,94,6.1,22.8,6.09,6.8
1996,9,30,3,7.2,973.9,91.8,0,0,0.1,0,NA,NA,1,0,0,0,0,0,0,14,271,292,94,6,22.3,6.01,6.6
1996,9,30,4,6.8,973.6,91.7,0,0.5,1.4,304,NA,NA,0,0,0,0,0,0,0,14,271,291,94,5.5,21.5,5.84,6.2
1996,9,30,5,6.6,973.4,92,0,0.1,1.1,270,NA,NA,1,0,0,0,0,0,0,14,267,289,94,5.4,21.1,5.78,6
1996,9,30,6,7.4,973.2,89.9,0,0.5,1.2,284,NA,0,60,31,292,354,83,23,24,14,279,301,94,5.9,22.4,5.97,6.7
1996,9,30,7,10.5,972.8,81.8,0,0.5,1.6,259,NA,NA,211,69,530,600,268,53,53,14,294,322,94,7.5,27.5,6.71,8.9
1996,9,30,8,13.1,972.3,73.1,0,1.1,2.4,265,NA,NA,370,79,698,658,469,71,71,14,324,348,94,8.4,31.2,7.13,10.5
1996,9,30,9,15.6,971.4,63.1,0,0.8,2.6,256,NA,NA,520,83,815,579,648,88,87,14,330,363,94,8.6,34,7.24,11.7
1996,9,30,10,17.6,970.4,54.8,0,0.4,3.4,270,NA,NA,633,87,885,402,777,97,96,14,343,377,94,8.4,35.8,7.15,12.4
1996,9,30,11,19.5,969.2,48.1,0,1.2,4.2,257,NA,NA,691,87,926,170,845,105,100,14,350,385,94,8.2,37.6,7.07,13.1
1996,9,30,12,21.5,968,42.9,0,1.7,4.7,243,NA,2,675,85,923,100,829,290,98,14,358,393,94,8.4,39.8,7.15,14
1996,9,30,13,22.7,967.1,38.8,0,2.8,5.5,260,NA,NA,603,145,787,108,733,511,108,14,359,393,94,8,40.5,6.96,14.2
1996,9,30,14,23.2,966.2,36.1,0,3.2,6,246,NA,NA,342,220,252,102,356,389,102,14,374,396,94,7.4,40.3,6.68,14.2
1996,9,30,15,23.3,965.7,36.7,0,3.6,6.4,232,NA,NA,317,93,648,70,399,691,70,14,371,394,94,7.7,40.8,6.83,14.3
1996,9,30,16,21.6,965.6,44.7,0,3.6,6.6,226,NA,NA,147,50,522,41,200,594,42,14,359,377,94,8.8,40.6,7.42,14.2
1996,9,30,17,20,965.5,52.4,0,2.4,5.9,227,NA,NA,13,13,0,6,7,12,6,14,346,361,94,9.6,39.9,7.83,13.9
1996,9,30,18,18.5,965.4,59.7,0,0.6,3.8,270,NA,1,0,0,0,0,0,0,0,14,337,352,94,10.1,39.1,8.1,13.6
1996,9,30,19,17.4,965.2,65.4,0,0.7,2.7,297,NA,NA,0,0,0,0,0,0,0,14,329,344,94,10.6,38.6,8.35,13.4
1996,9,30,20,16.6,964.6,69.1,0,1.2,3.3,275,NA,NA,0,0,0,0,0,0,0,14,327,342,94,10.7,37.9,8.4,13.1
1996,9,30,21,15.4,964,74.4,0,3.3,8.8,238,NA,NA,0,0,0,0,0,0,0,14,325,339,94,10.7,36.8,8.42,12.7
1996,9,30,22,14.5,963.3,78.2,0,4.2,7.8,226,NA,NA,0,0,0,0,0,0,0,14,325,339,94,10.6,35.7,8.37,12.2
1996,9,30,23,13.5,962.4,82.3,0,4.6,9.4,223,NA,NA,0,0,0,0,0,0,0,14,326,338,94,10.4,34.4,8.24,11.7
1993,10,1,0,12.5,961.4,85.8,0.1,0.4,2,105,NA,NA,0,0,0,0,0,0,0,14,327,338,96,10.1,33,8.09,11.1
1993,10,1,1,11.6,960.4,89.1,0.1,0.6,1.8,344,NA,NA,0,0,0,0,0,0,0,14,327,337,96,9.7,31.6,7.91,10.5
1993,10,1,2,10.9,959.4,91.4,0,1.1,2.7,32,NA,NA,0,0,0,0,0,0,0,14,326,336,96,9.4,30.5,7.77,10.1
1993,10,1,3,10.2,958.5,93.6,0,0.9,2.5,105,NA,NA,0,0,0,0,0,0,0,14,325,334,96,9.2,29.6,7.66,9.7
1993,10,1,4,9.9,957.7,94.8,0,0.2,2.5,105,NA,NA,0,0,0,0,0,0,0,14,321,332,96,9.1,29,7.57,9.4
1993,10,1,5,9.9,957.2,94.6,0,0,0.3,0,NA,NA,1,0,0,0,0,0,0,14,320,332,96,9.1,29.1,7.59,9.5
1993,10,1,6,10,956.8,94.3,0.1,0.3,2.2,15,NA,7,20,20,0,8,9,9,10,14,320,333,96,9.1,29.2,7.61,9.5
1993,10,1,7,10.3,956.5,93.8,0.8,0.6,2.3,123,NA,NA,41,41,0,17,19,20,20,14,322,335,96,9.3,29.8,7.72,9.8
1993,10,1,8,10.6,956.2,93.8,1.9,0.5,2.2,240,NA,NA,47,47,0,20,21,23,23,14,325,338,96,9.6,30.5,7.89,10
1993,10,1,9,10.8,956.5,92.8,1.3,1.5,4.7,253,NA,NA,61,61,0,28,28,30,30,14,324,339,96,9.7,30.8,7.91,10.2
1993,10,1,10,10.9,955.7,93.1,1.7,0,2.4,0,NA,NA,104,104,0,51,51,49,50,14,326,340,96,9.8,31.1,8,10.3
1993,10,1,11,11.4,954.9,92,1.1,0.5,4.1,209,NA,NA,123,123,0,60,62,58,59,14,337,347,96,10.1,32.1,8.18,10.7
1993,10,1,12,12,953.9,90.3,0.4,2.7,5.5,242,NA,8,104,104,0,50,51,49,50,14,340,349,96,10.5,33.2,8.36,11.2
1993,10,1,13,12.1,953.4,88.3,0.2,1.3,5.4,246,NA,NA,48,48,0,24,22,22,24,14,339,348,96,10.2,32.9,8.24,11
1993,10,1,14,12.3,953,85,0.3,0.6,6.5,254,NA,NA,51,51,0,25,23,22,25,14,347,352,96,9.9,32.6,8.03,11
1993,10,1,15,12.1,952.6,86.9,0.4,0,3.9,0,NA,NA,17,17,0,9,7,6,9,14,347,350,96,10,32.6,8.11,10.9
1993,10,1,16,11.9,951.8,92.3,0,0,1.1,0,NA,NA,20,20,0,10,9,6,10,14,346,350,96,10.7,33.4,8.52,11.2
1993,10,1,17,11.6,951.5,92,0,0,2.3,0,NA,NA,6,6,0,3,3,2,3,14,345,348,96,10.3,32.6,8.32,10.9
1993,10,1,18,11.3,951.1,92,0.1,0,0.5,0,NA,7,1,0,0,0,0,0,0,14,335,340,96,10,31.9,8.16,10.6
1993,10,1,19,11,950.6,93.1,0,0,0.8,0,NA,NA,1,0,0,0,0,0,0,14,332,338,96,9.9,31.5,8.1,10.4
1993,10,1,20,10.5,950.3,95.1,0,0,0.5,0,NA,NA,2,0,0,0,0,0,0,14,355,355,96,9.7,30.7,8,10.1
1993,10,1,21,10.5,950.3,95.3,0,0,0.5,0,NA,NA,1,0,0,0,0,0,0,14,353,353,96,9.8,30.8,8.02,10.1
1993,10,1,22,10.4,950.1,95.2,0,0,0.4,0,NA,NA,1,0,0,0,0,0,0,14,354,354,96,9.7,30.5,7.96,10
1993,10,1,23,10.5,949.3,95,0,0,1.1,0,NA,NA,2,0,0,0,0,0,0,14,323,335,96,9.7,30.7,8,10.1
1993,10,2,0,10.8,949.4,94.3,0.9,0,1.1,0,NA,NA,1,0,0,0,0,0,0,14,327,339,96,9.9,31.3,8.1,10.3
1993,10,2,1,10.8,950.2,90.5,3.1,3,7.4,240,NA,NA,1,0,0,0,0,0,0,14,319,334,96,9.3,30.4,7.77,10
1993,10,2,2,9.5,949.9,89.7,2.7,3.1,6.7,232,NA,NA,1,0,0,0,0,0,0,14,316,329,96,7.9,27.3,7.05,8.7
1993,10,2,3,9.2,949.2,92,0.4,0,0.3,0,NA,NA,0,0,0,0,0,0,0,14,314,328,96,8,27.1,7.09,8.6
1993,10,2,4,9,949.3,93.9,0.3,0,0.4,0,NA,NA,0,0,0,0,0,0,0,14,315,328,96,8.1,27,7.14,8.5
1993,10,2,5,9,948.7,95.2,0.1,0,0.5,0,NA,NA,0,0,0,0,0,0,0,14,338,339,96,8.3,27.3,7.25,8.6
1993,10,2,6,9.1,948.9,94.5,0.1,0,0.4,0,NA,7,6,6,0,1,3,3,3,14,339,340,96,8.3,27.4,7.24,8.7
1993,10,2,7,9.1,948.5,93.4,0,0,0.3,0,NA,NA,43,43,0,18,20,21,21,14,340,341,96,8.1,27.2,7.16,8.6
1993,10,2,8,9.6,948.5,89.4,0.1,0.5,2.4,240,NA,NA,74,74,0,35,35,35,36,14,342,344,96,7.9,27.5,7.08,8.7
1993,10,2,9,10,947.9,88.9,0,1.7,4.1,255,NA,NA,86,86,0,42,41,41,42,14,328,337,96,8.3,28.3,7.24,9.1
1993,10,2,10,10.2,947.5,87,0,1,3,322,NA,NA,147,147,0,73,77,67,69,14,328,340,96,8.1,28.4,7.19,9.1
1993,10,2,11,10.7,947.3,82.7,0,0.8,2.5,15,NA,NA,202,200,2,95,113,91,90,14,330,344,96,7.9,28.6,7.06,9.2
1993,10,2,12,11.2,947,79.1,0,0.4,2.3,229,NA,7,170,170,0,79,92,81,78,14,333,348,96,7.7,28.9,6.99,9.3
1993,10,2,13,11.3,947.3,81.2,0,0,0.6,0,NA,NA,132,132,0,62,68,65,62,14,333,348,96,8.2,29.6,7.22,9.6
1993,10,2,14,11.1,947.5,83.8,0.5,1,2.8,84,NA,NA,50,50,0,25,22,22,25,14,355,355,96,8.5,29.7,7.35,9.7
1993,10,2,15,10.4,947.7,90.1,2,0.1,3.1,105,NA,NA,45,45,0,22,20,18,22,14,353,353,96,8.8,29.5,7.54,9.5
1993,10,2,16,10.5,947.7,90.3,0,0.5,3.2,312,NA,NA,24,24,0,12,11,8,12,14,354,354,96,9,29.7,7.61,9.7
1993,10,2,17,10.3,948.7,91.8,0.3,0.6,2.4,344,NA,NA,3,3,0,2,1,0,1,14,353,353,96,9,29.6,7.63,9.6
1993,10,2,18,10.1,948.8,91.5,0.6,1.5,3.2,276,NA,8,0,0,0,0,0,0,0,14,349,349,96,8.8,29,7.5,9.4
1993,10,2,19,9.7,949.3,90.2,0,1.6,4.7,238,NA,NA,1,0,0,0,0,0,0,14,350,350,96,8.2,27.9,7.19,8.9
1993,10,2,20,9.5,950.1,91.5,0.4,0.4,3.7,258,NA,NA,0,0,0,0,0,0,0,14,348,348,96,8.2,27.7,7.19,8.8
1993,10,2,21,9.3,950.3,90.9,1.3,1,4,240,NA,NA,0,0,0,0,0,0,0,14,347,347,96,7.9,27.1,7.05,8.6
1993,10,2,22,9,950.8,92.7,1.1,0.4,4.1,251,NA,NA,0,0,0,0,0,0,0,14,345,345,96,7.9,26.8,7.04,8.4
1993,10,2,23,9,951,92.4,0.6,0,0.4,0,NA,NA,0,0,0,0,0,0,0,14,346,346,96,7.8,26.7,7.01,8.4
1993,10,3,0,9.2,951.4,91.7,1.1,0,0.3,0,NA,NA,0,0,0,0,0,0,0,14,348,348,96,7.9,27,7.05,8.5
1993,10,3,1,9.6,951.6,88.9,0.6,0.9,5.4,222,NA,NA,0,0,0,0,0,0,0,14,350,350,96,7.9,27.3,7.02,8.7
1993,10,3,2,9.7,952,88.7,1.1,3.1,6.4,227,NA,NA,0,0,0,0,0,0,0,14,349,349,96,7.9,27.5,7.05,8.7
1993,10,3,3,9.6,952.7,89,0.3,0.7,6.5,229,NA,NA,0,0,0,0,0,0,0,14,349,349,96,7.9,27.3,7.02,8.7
1993,10,3,4,9.4,953.4,86.2,0.3,2.1,7,236,NA,NA,0,0,0,0,0,0,0,14,348,348,96,7.2,26.3,6.7,8.3
1993,10,3,5,9.5,954.3,83.8,0.1,1.7,6.6,233,NA,NA,0,0,0,0,0,0,0,14,348,348,96,6.9,26,6.55,8.2
1993,10,3,6,9.7,955,79.7,0,3.2,7.1,226,NA,8,9,9,0,2,4,4,4,14,349,349,96,6.4,25.6,6.31,8
1993,10,3,7,9.7,956.3,80.1,0.4,2,7,232,NA,NA,33,33,0,13,15,16,16,14,348,348,96,6.4,25.7,6.33,8
1993,10,3,8,9.7,956.9,84.3,0,1.1,6.8,229,NA,NA,76,76,0,37,36,36,37,14,342,343,96,7.2,26.5,6.66,8.4
1993,10,3,9,10.3,957.5,77.9,0,4.2,8.9,225,NA,NA,126,126,0,65,65,58,59,14,343,345,96,6.6,26.5,6.4,8.4
1993,10,3,10,10.1,958.3,77.7,0,4.3,9.4,231,NA,NA,70,70,0,34,33,34,34,14,342,344,96,6.4,26,6.29,8.2
1993,10,3,11,9.7,958.7,83.7,0.3,4.3,6.9,232,NA,NA,78,78,0,38,37,37,38,14,349,349,96,7.1,26.4,6.6,8.3
1993,10,3,12,9.8,959.2,85.4,0.1,3.8,6.7,230,NA,8,113,113,0,54,56,54,54,14,350,350,96,7.5,26.9,6.78,8.6
1993,10,3,13,9.9,959.8,81.8,0,3.7,7.6,232,NA,NA,170,167,6,77,95,87,76,14,349,349,96,6.9,26.4,6.53,8.3
1993,10,3,14,9.8,960.2,79,0.1,2.6,5.7,231,NA,NA,58,58,0,29,26,26,29,14,342,342,96,6.3,25.6,6.26,8
1993,10,3,15,10.7,960.6,73.9,0,1.8,3.7,238,NA,NA,154,132,68,60,121,172,60,14,347,350,96,6.2,26.4,6.22,8.4
1993,10,3,16,10.4,961.3,77.8,0,1.4,3.9,206,NA,NA,67,64,21,29,44,78,30,14,342,345,96,6.7,26.6,6.41,8.5
1993,10,3,17,9.9,962.1,84.5,0,1,2.7,326,NA,NA,3,3,0,2,1,0,1,14,349,349,94,7.4,26.9,6.73,8.6
1993,10,3,18,9.4,963.1,87.5,0.1,2,4.2,272,NA,8,0,0,0,0,0,0,0,14,347,347,94,7.4,26.4,6.73,8.4
1993,10,3,19,9.1,963.6,87.9,0,1.8,4.7,250,NA,NA,0,0,0,0,0,0,0,14,345,345,94,7.2,25.8,6.62,8.1
1993,10,3,20,9,964.1,91,0.1,0.7,2.6,258,NA,NA,0,0,0,0,0,0,0,14,337,337,94,7.6,26.2,6.81,8.3
1993,10,3,21,8.9,964.2,93.1,0,0.3,1.5,0,NA,NA,0,0,0,0,0,0,0,14,337,337,94,7.8,26.4,6.92,8.3
1993,10,3,22,8.7,964.3,94.4,0,0.3,1.4,132,NA,NA,0,0,0,0,0,0,0,14,337,337,94,7.9,26.2,6.92,8.3
1993,10,3,23,8,964.2,95.9,0.1,0.1,1.4,0,NA,NA,0,0,0,0,0,0,0,14,315,318,94,7.4,24.9,6.71,7.7
1993,10,4,0,7.7,964.1,95.2,0,0.6,1.4,142,NA,NA,0,0,0,0,0,0,0,14,316,319,94,7,24.1,6.52,7.3
1993,10,4,1,7.2,963.9,95.6,0,0.6,1.6,42,NA,NA,0,0,0,0,0,0,0,14,313,317,94,6.5,23.1,6.33,6.8
1993,10,4,2,7.4,964.1,95.6,0,0.1,1.2,150,NA,NA,0,0,0,0,0,0,0,14,282,304,94,6.7,23.6,6.41,7
1993,10,4,3,7.5,964.3,95.5,0,0.2,2,0,NA,NA,1,0,0,0,0,0,0,14,283,305,94,6.8,23.7,6.45,7.1
1993,10,4,4,8,964.7,94.8,0,0.3,1.5,105,NA,NA,2,0,0,0,0,0,0,14,286,308,94,7.2,24.7,6.62,7.6
1993,10,4,5,8.2,965,93.6,0.2,0.4,2.2,132,NA,NA,0,0,0,0,0,0,0,14,287,313,96,7.2,24.9,6.63,7.7
1993,10,4,6,8.6,965.1,91.2,0.1,0.8,3.1,245,NA,8,11,11,0,3,5,5,5,14,289,315,96,7.2,25.3,6.63,7.9
1993,10,4,7,9.2,965.2,86.9,0,2.5,4.9,247,NA,NA,34,34,0,13,15,16,17,14,290,317,96,7.1,25.8,6.58,8.1
1993,10,4,8,9.8,965.4,82,0,2.8,5.6,239,NA,NA,88,88,0,44,43,41,42,14,344,345,96,6.9,26.1,6.46,8.3
1993,10,4,9,10.8,965.4,76,0,3.3,6.2,246,NA,NA,148,148,0,78,80,67,68,14,345,347,96,6.7,27,6.41,8.7
1993,10,4,10,10.9,965.5,78.1,0,3.5,6,257,NA,NA,160,160,0,79,86,72,74,14,349,352,96,7.2,27.7,6.63,9
1993,10,4,11,11.3,965.4,78.6,0.2,3.3,5.4,258,NA,NA,168,168,0,80,90,77,77,14,334,346,96,7.7,28.6,6.85,9.4
1993,10,4,12,11.2,965.2,82.1,0.2,3.2,5.7,253,NA,8,166,166,0,77,89,79,77,14,334,345,96,8.3,29.2,7.12,9.6
1993,10,4,13,11.8,965.1,78.8,0,1.3,3.3,262,NA,NA,158,158,0,73,85,79,73,14,338,351,96,8.2,29.8,7.11,9.9
1993,10,4,14,12.1,965,77,0,0.6,1.9,338,NA,NA,111,111,0,52,57,56,52,14,362,363,96,8.2,30,7.08,10
1993,10,4,15,12.5,964.9,77.4,0,0.7,2.3,312,NA,NA,71,71,0,34,34,34,34,14,364,364,96,8.7,31,7.31,10.4
1993,10,4,16,12.6,964.9,81.1,0,0.5,1.9,330,NA,NA,30,30,0,15,14,12,15,14,364,364,96,9.4,32.1,7.72,10.8
1993,10,4,17,12.1,965,86.1,0,0.7,2,114,NA,NA,4,0,0,0,0,0,0,14,354,354,96,9.8,32.2,7.93,10.8
1993,10,4,18,11.7,965.1,89.8,0,0.6,2.9,71,NA,7,2,0,0,0,0,0,0,14,352,352,96,10.1,32.1,8.06,10.8
1993,10,4,19,11.3,965,92.9,0,0.7,1.9,46,NA,NA,1,0,0,0,0,0,0,14,349,349,96,10.2,31.8,8.12,10.7
1993,10,4,20,11,964.9,94.5,0,0.2,1.3,15,NA,NA,1,0,0,0,0,0,0,14,317,333,96,10.2,31.5,8.1,10.6
1993,10,4,21,10.9,964.6,94.4,0,0.6,2.1,94,NA,NA,0,0,0,0,0,0,0,14,317,332,96,10,31.2,8.04,10.4
1993,10,4,22,10.2,964.4,95.6,0,0.3,1.5,42,NA,NA,1,0,0,0,0,0,0,14,312,326,96,9.5,29.8,7.76,9.8
1993,10,4,23,9.5,964.1,95.9,0,0.4,1.4,240,NA,NA,0,0,0,0,0,0,0,14,302,320,96,8.9,28.3,7.43,9.2
1993,10,5,0,9,964,96,0,0.6,1.6,229,NA,NA,1,0,0,0,0,0,0,14,298,315,96,8.4,27.1,7.19,8.7
1993,10,5,1,8.4,963.6,97.6,0,0.8,1.9,245,NA,NA,0,0,0,0,0,0,0,14,297,317,96,8,26.1,7.02,8.2
1993,10,5,2,8.9,963.3,99.4,0,0.8,1.7,277,NA,NA,1,0,0,0,0,0,0,14,346,346,96,8.8,27.6,7.4,8.8
1993,10,5,3,9.4,963.3,97.5,0,0.8,1.7,262,NA,NA,1,0,0,0,0,0,0,14,349,349,96,9,28.4,7.51,9.2
1993,10,5,4,9.2,963,99.2,0,0.6,1.6,307,NA,NA,1,0,0,0,0,0,0,14,347,347,96,9.1,28.2,7.54,9.1
1993,10,5,5,9,963,99.5,0,0.6,1.5,285,NA,NA,1,0,0,0,0,0,0,14,347,347,94,8.9,27.8,7.46,8.9
1993,10,5,6,9.2,963,98,0,0.6,1.9,344,NA,8,15,15,0,5,7,7,7,14,348,348,94,8.9,28,7.45,9
1993,10,5,7,9.6,963.2,95.2,0,0.4,1.9,341,NA,NA,57,57,0,28,27,26,27,14,351,351,94,8.9,28.4,7.43,9.2
1993,10,5,8,10.4,963,94.8,0,0.5,1.9,1,NA,NA,114,114,0,63,60,51,53,14,354,354,94,9.6,30.1,7.82,10
1993,10,5,9,11.4,962.7,90.7,0,0.3,1.6,78,NA,NA,234,217,33,157,168,92,94,14,361,361,94,9.9,31.6,8,10.6
1993,10,5,10,12.7,962.1,85.2,0,0.7,2.1,74,NA,NA,369,277,155,215,341,119,120,14,367,369,94,10.3,33.4,8.19,11.3
1993,10,5,11,13.8,961.2,80.7,0,1.3,2.9,100,NA,NA,352,291,98,150,312,133,123,14,318,351,94,10.5,35,8.35,11.9
1993,10,5,12,14,960.5,77.9,0,1.6,3.2,109,NA,6,223,219,5,99,131,105,97,14,315,345,94,10.2,34.7,8.17,11.8
1993,10,5,13,14.1,959.8,81.2,0,1,2.1,94,NA,NA,157,157,0,72,85,79,72,14,319,346,94,10.9,35.9,8.58,12.3
1993,10,5,14,13.7,959.2,87.2,0.2,1.1,2.4,116,NA,NA,51,51,0,25,23,22,25,14,340,349,94,11.6,36.5,8.99,12.5
1993,10,5,15,13.4,959.1,89.1,1.1,0.4,1.4,177,NA,NA,14,14,0,7,6,4,7,14,340,347,94,11.6,36.2,9.01,12.4
1993,10,5,16,13.1,958.9,93.5,1.5,0.6,2.6,330,NA,NA,6,6,0,3,2,1,3,14,338,346,94,12.1,36.6,9.27,12.5
1993,10,5,17,13,959.1,93.4,1.6,0.7,2.1,222,NA,NA,1,0,0,0,0,0,0,14,346,353,96,12,36.3,9.2,12.4
1993,10,5,18,13.1,958.2,94.3,1.8,0.7,2.4,132,NA,8,0,0,0,0,0,0,0,14,345,352,96,12.2,36.8,9.36,12.6
1993,10,5,19,13,957.6,94.7,0.5,0.8,2.9,38,NA,NA,0,0,0,0,0,0,0,14,344,351,96,12.2,36.7,9.35,12.5
1993,10,5,20,12.8,957.2,95.1,0.2,0.7,1.9,158,NA,NA,0,0,0,0,0,0,0,14,351,355,96,12,36.3,9.27,12.3
1993,10,5,21,12.9,957.3,95.2,1.2,1,2.2,285,NA,NA,0,0,0,0,0,0,0,14,352,356,96,12.2,36.5,9.34,12.5
1993,10,5,22,12.7,956.6,95.1,1,0.8,2.4,269,NA,NA,0,0,0,0,0,0,0,14,350,354,96,11.9,36,9.21,12.2
1993,10,5,23,12.5,956.2,95.6,0.9,0.5,2,60,NA,NA,0,0,0,0,0,0,0,14,350,354,96,11.8,35.6,9.14,12.1
1993,10,6,0,12.6,956,95.2,1,0.6,1.9,195,NA,NA,0,0,0,0,0,0,0,14,351,354,96,11.9,35.8,9.17,12.2
1993,10,6,1,12.8,956.5,94.7,4.6,1.7,7.7,246,NA,NA,0,0,0,0,0,0,0,14,351,355,96,12,36.2,9.23,12.3
1993,10,6,2,12.7,956.3,95,0.9,0.9,3.4,15,NA,NA,1,0,0,0,0,0,0,14,366,366,96,11.9,36,9.2,12.2
1993,10,6,3,12.2,957.2,86.3,4.9,4.6,10.4,235,NA,NA,0,0,0,0,0,0,0,14,360,360,96,10,32.6,8.07,11
1993,10,6,4,11.3,957.9,88.8,1.7,2.6,8.7,197,NA,NA,0,0,0,0,0,0,0,14,357,357,96,9.5,31.1,7.81,10.3
1993,10,6,5,11,958.1,91.1,2.2,2.8,7.2,149,NA,NA,0,0,0,0,0,0,0,14,357,357,96,9.6,30.9,7.86,10.2
1993,10,6,6,11.1,959.1,93.1,3.7,1.1,4.3,137,NA,8,1,0,0,0,0,0,0,14,357,357,96,10,31.5,8.08,10.5
1993,10,6,7,10.9,959.4,94.1,3.6,0.7,2.7,116,NA,NA,4,4,0,1,2,2,2,14,356,356,96,10,31.3,8.05,10.4
1993,10,6,8,10.8,959.4,92.5,1.5,1,4.5,99,NA,NA,9,9,0,3,4,5,5,14,355,355,96,9.6,30.7,7.86,10.1
1993,10,6,9,10.7,959.9,93.4,2.7,2,4,89,NA,NA,11,11,0,5,4,6,6,14,354,354,96,9.7,30.6,7.88,10.1
1993,10,6,10,10.6,959,93.9,2.2,2,5.2,69,NA,NA,26,26,0,12,11,13,13,14,355,355,96,9.7,30.5,7.88,10.1
1993,10,6,11,10.7,959.9,94.2,4.5,1,3.5,78,NA,NA,18,18,0,9,8,9,9,14,347,348,96,9.8,30.8,7.95,10.2
1993,10,6,12,10.7,958.8,93.5,6,1.1,3.9,65,NA,8,28,28,0,14,12,13,14,14,347,348,96,9.7,30.7,7.9,10.1
1993,10,6,13,10.9,958.6,93.4,1.2,1.9,5.5,42,NA,NA,82,82,0,40,39,38,40,14,348,350,96,9.9,31.1,8,10.3
1993,10,6,14,11.2,958.1,93.4,0.1,2.1,4,74,NA,NA,137,137,0,63,74,74,62,14,335,346,96,10.2,31.8,8.17,10.6
1993,10,6,15,11.2,956.9,92.1,1,2.2,5.9,40,NA,NA,49,49,0,24,22,21,24,14,333,343,96,10,31.6,8.06,10.5
1993,10,6,16,11,957.6,92.8,0.7,1.3,3.8,78,NA,NA,15,15,0,8,6,4,7,14,334,342,96,9.9,31.2,8.01,10.4
1993,10,6,17,10.9,958.3,92.8,0.3,1,3.7,345,NA,NA,1,0,0,0,0,0,0,14,333,341,96,9.8,31,7.95,10.3
1993,10,6,18,10.8,959.8,93.3,3.1,1.4,5.8,298,NA,7,0,0,0,0,0,0,0,14,332,341,96,9.8,30.8,7.93,10.2
1993,10,6,19,10.8,960.6,92.4,1.8,1.7,5.3,191,NA,NA,0,0,0,0,0,0,0,14,333,341,96,9.6,30.6,7.84,10.1
1993,10,6,20,10.9,960.9,87.6,0.6,1.9,5.9,219,NA,NA,0,0,0,0,0,0,0,14,355,355,96,8.9,29.8,7.48,9.8
1993,10,6,21,10.2,961.2,93.8,0.3,1.1,3.3,352,NA,NA,0,0,0,0,0,0,0,14,351,351,96,9.2,29.5,7.64,9.7
1993,10,6,22,10.5,961.8,91.8,0.4,1.7,5.3,267,NA,NA,0,0,0,0,0,0,0,14,356,356,96,9.2,29.8,7.63,9.8
1993,10,6,23,10.7,961.9,90.6,0.3,3.4,5.8,258,NA,NA,0,0,0,0,0,0,0,14,323,336,96,9.2,30,7.63,9.9
1993,10,7,0,10.5,961.9,87.1,0.1,4,8.1,278,NA,NA,0,0,0,0,0,0,0,14,320,333,96,8.4,28.8,7.23,9.4
1993,10,7,1,10.1,961.8,88.9,0,1.9,4.5,267,NA,NA,0,0,0,0,0,0,0,14,319,331,96,8.4,28.2,7.19,9.2
1993,10,7,2,10.2,961.7,87.1,0,3.6,6.9,280,NA,NA,0,0,0,0,0,0,0,14,296,321,96,8.2,28.1,7.09,9.1
1993,10,7,3,10,962.1,87,0,2.4,5.7,276,NA,NA,0,0,0,0,0,0,0,14,295,319,96,7.9,27.6,6.98,8.9
1993,10,7,4,9.5,962.2,87.9,0,0.9,4.2,271,NA,NA,0,0,0,0,0,0,0,14,289,311,96,7.6,26.7,6.82,8.5
1993,10,7,5,8.3,961.8,93,0,0.5,1.7,105,NA,NA,0,0,0,0,0,0,0,14,300,314,96,7.2,25.1,6.65,7.7
1993,10,7,6,8.4,962.1,92.7,0,0.6,2.1,105,NA,3,38,27,151,201,58,17,18,14,309,322,96,7.3,25.2,6.67,7.8
1993,10,7,7,10.2,962.4,87.7,0,1.1,2.7,351,NA,NA,165,94,297,408,208,53,53,14,314,333,96,8.3,28.2,7.13,9.2
1993,10,7,8,11,962.6,81.8,0,0.3,1.4,60,NA,NA,179,145,89,208,170,68,68,14,301,329,96,8,28.7,7.01,9.4
1993,10,7,9,11.8,962.6,78.6,0,0.5,1.9,42,NA,NA,175,172,6,98,102,76,77,14,302,331,96,8.2,29.8,7.11,9.9
1993,10,7,10,12.3,962.1,78.1,0,1.6,3.3,52,NA,NA,246,239,11,126,154,102,104,14,307,338,96,8.6,30.8,7.3,10.3
1993,10,7,11,12.7,962.1,76.9,0,0.9,2.3,74,NA,NA,216,213,4,101,126,96,95,14,327,349,96,8.8,31.4,7.38,10.6
1993,10,7,12,12.6,962.5,78.5,0.1,1.5,4.3,265,NA,7,98,98,0,48,48,46,47,14,323,343,96,9,31.6,7.49,10.6
1993,10,7,13,11.7,962.4,86.9,1.1,1.4,3.5,281,NA,NA,52,52,0,26,23,24,26,14,320,338,96,9.6,31.5,7.82,10.5
1993,10,7,14,11.4,962.7,89.5,1.8,1,2.1,264,NA,NA,31,31,0,16,13,13,16,14,311,333,96,9.7,31.4,7.89,10.5
1993,10,7,15,11.2,962.2,92.3,1.2,0.7,3,285,NA,NA,23,23,0,12,10,8,12,14,312,333,96,10,31.5,8.04,10.5
1993,10,7,16,11.2,962.1,92.8,1.3,0.8,2.4,49,NA,NA,13,13,0,7,6,3,7,14,311,332,96,10.1,31.6,8.08,10.6
1993,10,7,17,11.2,961.4,94.1,0.4,0.8,3.2,15,NA,NA,1,0,0,0,0,0,0,14,335,343,96,10.3,31.9,8.2,10.7
1993,10,7,18,11.2,962.1,94.1,0.2,0.7,2.7,330,NA,8,0,0,0,0,0,0,0,14,335,343,96,10.3,31.9,8.19,10.7
1993,10,7,19,11.1,961.7,93.9,0.3,1.5,4.2,359,NA,NA,0,0,0,0,0,0,0,14,334,343,96,10.2,31.6,8.13,10.6
1993,10,7,20,11.1,962.2,93.8,0.8,1.1,3.8,285,NA,NA,0,0,0,0,0,0,0,14,327,339,96,10.1,31.6,8.11,10.5
1993,10,7,21,11.1,961.6,94.8,0.6,1.3,4.4,285,NA,NA,0,0,0,0,0,0,0,14,326,339,96,10.3,31.8,8.21,10.7
1993,10,7,22,11,961.2,94.9,1.8,1.5,3.6,257,NA,NA,0,0,0,0,0,0,0,14,326,338,96,10.2,31.6,8.16,10.6
1993,10,7,23,10.8,961.6,95.2,2.9,0.7,2.3,246,NA,NA,0,0,0,0,0,0,0,14,333,341,96,10.1,31.2,8.08,10.4
1993,10,8,0,10.8,961.1,95.6,1.2,0.8,2.3,78,NA,NA,2,0,0,0,0,0,0,14,333,341,96,10.1,31.3,8.11,10.4
1993,10,8,1,10.8,960.9,95.5,1.2,1.1,2.2,39,NA,NA,0,0,0,0,0,0,0,14,333,342,96,10.1,31.3,8.11,10.4
1993,10,8,2,11,960.5,95.4,2.6,1.2,2.2,46,NA,NA,1,0,0,0,0,0,0,14,333,342,96,10.3,31.8,8.21,10.6
1993,10,8,3,11,960,94.8,2.1,2,3.7,66,NA,NA,0,0,0,0,0,0,0,14,334,342,96,10.2,31.6,8.16,10.6
1993,10,8,4,10.9,959.7,94.2,2.4,1.8,3.7,34,NA,NA,0,0,0,0,0,0,0,14,332,341,96,10,31.3,8.06,10.4
1993,10,8,5,10.8,959.6,93.9,1.9,0.5,1.5,60,NA,NA,0,0,0,0,0,0,0,14,332,341,96,9.9,31,7.98,10.3
1993,10,8,6,10.9,959.2,94.1,2,0.9,2.6,36,NA,8,4,4,0,1,2,2,2,14,334,342,96,10,31.3,8.06,10.4
1993,10,8,7,11.1,959.4,93.7,1.5,1.6,3.2,50,NA,NA,15,15,0,4,6,7,8,14,335,343,96,10.1,31.6,8.13,10.5
1993,10,8,8,11.2,959.2,93.7,2.3,0.9,2.2,344,NA,NA,43,43,0,18,19,21,21,14,336,345,96,10.2,31.9,8.18,10.6
1993,10,8,9,11.9,958.9,93.1,0.2,2.3,3.8,51,NA,NA,126,126,0,65,66,58,59,14,341,349,96,10.8,33.5,8.53,11.3
1993,10,8,10,12.2,958.7,90.9,0.2,2.2,4.1,54,NA,NA,135,135,0,67,70,62,63,14,340,351,96,10.8,33.7,8.49,11.4
1993,10,8,11,12.2,959.1,91.1,1.1,1.3,2.7,354,NA,NA,95,95,0,46,46,45,46,14,348,354,96,10.8,33.7,8.51,11.4
1993,10,8,12,12.4,959.3,91.3,0.9,1,2.7,195,NA,8,62,62,0,31,28,29,31,14,348,354,96,11,34.3,8.64,11.6
1993,10,8,13,12.5,958.7,89.7,0.5,0.7,2.8,217,NA,NA,166,166,1,76,93,85,75,14,348,356,96,10.9,34.1,8.55,11.6
1993,10,8,14,12.6,958.9,87.6,0.4,1.9,4.5,249,NA,NA,96,96,0,46,48,47,45,14,341,351,96,10.6,33.9,8.4,11.5
1993,10,8,15,12,960,88.8,0.6,2.2,5,229,NA,NA,45,45,0,22,20,19,22,14,337,346,96,10.2,32.7,8.17,11
1993,10,8,16,11.4,960.9,88,0.4,3.8,7.8,224,NA,NA,14,14,0,7,6,4,7,14,333,342,96,9.5,31.1,7.77,10.4
1993,10,8,17,10.9,961.9,86.7,0.2,2.9,6.2,229,NA,NA,0,0,0,0,0,0,0,14,331,340,96,8.8,29.6,7.39,9.8
1993,10,8,18,10.6,962.8,88.1,0,5.1,7.9,260,NA,7,0,0,0,0,0,0,0,14,314,331,96,8.7,29.2,7.36,9.6
1993,10,8,19,10.2,963.7,87.7,0.1,4.3,7.6,263,NA,NA,0,0,0,0,0,0,0,14,311,329,96,8.3,28.2,7.12,9.2
1993,10,8,20,9.9,964.6,89.5,1.4,3.3,5.4,241,NA,NA,0,0,0,0,0,0,0,14,325,335,96,8.3,27.9,7.12,9
1993,10,8,21,9.7,964.8,89.6,0.5,1.3,3.7,230,NA,NA,0,0,0,0,0,0,0,14,326,334,96,8.1,27.4,7.03,8.9
1993,10,8,22,9.7,965.3,86.7,0,2.7,5.7,228,NA,NA,1,0,0,0,0,0,0,14,325,334,96,7.6,26.9,6.79,8.6
1993,10,8,23,9.6,965.7,87.3,0.2,3.1,5.8,228,NA,NA,0,0,0,0,0,0,0,14,292,318,96,7.6,26.7,6.79,8.5
1993,10,9,0,9.3,966.5,90,0.2,3.1,5.3,253,NA,NA,0,0,0,0,0,0,0,14,291,317,96,7.7,26.6,6.86,8.5
1993,10,9,1,9.3,967,88.5,0,3.4,5.6,238,NA,NA,0,0,0,0,0,0,0,14,291,317,96,7.5,26.3,6.74,8.4
1993,10,9,2,8.5,967.1,91.8,0.1,1.3,4.7,261,NA,NA,0,0,0,0,0,0,0,14,285,308,96,7.2,25.2,6.62,7.8
1993,10,9,3,8.2,967.4,89.1,0,1.1,3.4,248,NA,NA,0,0,0,0,0,0,0,14,281,304,96,6.5,24.1,6.29,7.3
1993,10,9,4,6.9,967.5,94.9,0,0.9,2.2,267,NA,NA,0,0,0,0,0,0,0,14,277,299,96,6.1,22.3,6.13,6.5
1993,10,9,5,6.3,967.6,95.8,0,0.3,1.2,285,NA,NA,1,0,0,0,0,0,0,14,275,294,96,5.7,21.2,5.93,6
1993,10,9,6,5.8,967.6,96,0,0.4,1.6,15,NA,1,33,25,124,167,50,15,16,14,278,298,96,5.2,20.2,5.74,5.5
1993,10,9,7,8.1,967.2,91.8,0,0.7,1.8,97,NA,NA,165,67,423,494,248,47,48,14,288,315,96,6.8,24.3,6.44,7.4
1993,10,9,8,9.7,966.9,85.4,0,0.4,2.3,330,NA,NA,316,94,584,579,451,71,72,14,295,326,96,7.4,26.6,6.68,8.5
1993,10,9,9,11.1,966.7,79.3,0,1.5,3.6,251,NA,NA,447,124,651,511,614,91,91,14,300,334,96,7.7,28.3,6.81,9.3
1993,10,9,10,12.3,966.8,68.6,0,1.3,5.5,243,NA,NA,488,194,512,322,627,111,110,14,304,339,96,6.7,28.4,6.37,9.4
1993,10,9,11,13.4,966.9,63.1,0,2.8,6.2,253,NA,NA,554,176,623,166,725,123,110,14,308,349,96,6.5,29.4,6.3,9.8
1993,10,9,12,14,966.2,62.1,0,2.8,5.3,251,NA,3,499,210,488,120,633,254,114,14,312,351,96,6.9,30.4,6.45,10.2
1993,10,9,13,14.7,965.8,55,0,2.2,5.4,251,NA,NA,446,172,514,102,583,402,102,14,312,353,96,5.8,29.9,5.98,10
1993,10,9,14,14.9,965.5,51.8,0,2.5,5.3,243,NA,NA,320,156,378,87,413,439,87,14,310,348,96,5.1,29.4,5.7,9.8
1993,10,9,15,14.7,965.4,54.2,0,3.2,5.4,250,NA,NA,202,100,343,60,271,433,60,14,308,343,96,5.6,29.7,5.89,9.9
1993,10,9,16,13.7,965.6,56.4,0,2.2,5,217,NA,NA,59,51,62,26,60,131,27,14,303,330,96,5.2,28.3,5.75,9.3
1993,10,9,17,11.9,965.7,71,0,1.2,2.7,248,NA,NA,5,0,0,0,0,0,0,14,303,322,96,6.8,28.2,6.43,9.2
1993,10,9,18,10.4,965.8,82.6,0,0.7,1.9,66,NA,6,0,0,0,0,0,0,0,14,303,322,96,7.6,27.5,6.78,8.9
1993,10,9,19,10.2,966.4,84.3,0,0.7,1.9,66,NA,NA,0,0,0,0,0,0,0,14,303,324,96,7.7,27.4,6.82,8.9
1993,10,9,20,10,966.9,86.4,0,0.4,1.4,267,NA,NA,1,0,0,0,0,0,0,14,343,343,96,7.8,27.4,6.9,8.8
1993,10,9,21,9.3,966.9,90.6,0,0.3,1.1,15,NA,NA,0,0,0,0,0,0,0,14,339,339,96,7.8,26.7,6.9,8.5
1993,10,9,22,9.2,966.9,91.5,0,0.2,1.4,0,NA,NA,2,0,0,0,0,0,0,14,340,340,96,7.9,26.7,6.92,8.5
1993,10,9,23,8.3,966.5,93.7,0,0.6,2.1,341,NA,NA,0,0,0,0,0,0,0,14,277,302,96,7.3,25.1,6.67,7.8
1993,10,10,0,8.5,966.6,92.7,0,0.4,2,105,NA,NA,0,0,0,0,0,0,0,14,281,310,96,7.4,25.4,6.69,7.9
1993,10,10,1,9.1,966.2,92,0,0.5,1.6,37,NA,NA,2,0,0,0,0,0,0,14,284,314,96,7.9,26.6,6.92,8.5
1993,10,10,2,9.3,966.2,91.7,0,0.3,2.1,303,NA,NA,1,0,0,0,0,0,0,14,339,340,96,8,26.9,6.99,8.6
1993,10,10,3,9.4,966.3,91.9,0,0.3,1.1,195,NA,NA,1,0,0,0,0,0,0,14,340,341,96,8.2,27.2,7.05,8.8
1993,10,10,4,9.5,966.1,93.1,0,0.2,1.4,285,NA,NA,0,0,0,0,0,0,0,14,341,342,96,8.4,27.7,7.2,8.9
1993,10,10,5,9.6,966,93.4,0,0.3,1.8,240,NA,NA,1,0,0,0,0,0,0,14,342,343,96,8.6,28,7.27,9.1
1993,10,10,6,9.7,966,92.9,0,0.3,1.8,258,NA,8,12,12,0,4,5,6,6,14,350,350,96,8.6,28.1,7.28,9.1
1993,10,10,7,10.4,966,90.8,0.1,0.1,1,0,NA,NA,84,83,7,66,50,37,37,14,354,354,96,9,29.2,7.46,9.6
1993,10,10,8,10.8,966,86.8,0,0.7,2.2,97,NA,NA,134,132,6,84,77,58,59,14,331,344,96,8.7,29.3,7.32,9.7
1993,10,10,9,11,965.9,83.8,0,0.6,2.1,83,NA,NA,107,107,0,54,54,50,51,14,332,346,96,8.4,29.1,7.16,9.6
1993,10,10,10,12,965.5,79.8,0,0.5,1.9,139,NA,NA,312,257,97,182,285,110,110,14,337,356,96,8.6,30.5,7.29,10.1
1993,10,10,11,13.3,964.9,75.2,0,0.8,2.8,136,NA,NA,447,278,282,165,495,139,125,14,311,352,96,9,32.3,7.49,10.9
1993,10,10,12,13.4,964.1,69.1,0,1.5,3.2,132,NA,7,281,269,20,116,211,139,112,14,309,349,96,7.9,31,6.93,10.4
1993,10,10,13,14,963.7,70.2,0,0.7,2.4,96,NA,NA,276,244,60,104,222,176,103,14,314,351,96,8.7,32.6,7.32,11.1
1993,10,10,14,14.2,962.8,68.8,0,1.1,2.3,83,NA,NA,206,200,14,83,151,155,83,14,315,349,96,8.6,32.7,7.28,11.1
1993,10,10,15,14.1,962.6,71.2,0,1.3,2.8,109,NA,NA,164,124,139,58,168,249,58,14,311,346,96,9,33.1,7.49,11.3
1993,10,10,16,13.4,962.5,76.4,0,1.2,2.9,94,NA,NA,38,38,0,18,19,21,18,14,309,337,96,9.3,32.9,7.68,11.1
1993,10,10,17,12.7,962.7,80,0,1.3,3,60,NA,NA,2,0,0,0,0,0,0,14,301,331,96,9.3,32.2,7.68,10.8
1993,10,10,18,12.3,962.7,80.8,0,0.9,1.9,75,NA,7,0,0,0,0,0,0,0,14,298,326,96,9.1,31.4,7.56,10.5
1993,10,10,19,11.7,962.6,83.4,0,1,2.7,39,NA,NA,0,0,0,0,0,0,0,14,295,322,96,9,30.7,7.5,10.2
1993,10,10,20,10.7,962.8,88.5,0,0.3,1.7,195,NA,NA,0,0,0,0,0,0,0,14,316,328,96,8.9,29.5,7.44,9.7
1993,10,10,21,10.6,963,90.8,0,0.7,2.1,277,NA,NA,0,0,0,0,0,0,0,14,315,330,96,9.2,29.8,7.58,9.8
1993,10,10,22,9.9,962.9,92.6,0,0.5,1.6,267,NA,NA,0,0,0,0,0,0,0,14,309,323,96,8.8,28.5,7.38,9.3
1993,10,10,23,9.3,962.5,94.3,0,0.3,1.6,15,NA,NA,0,0,0,0,0,0,0,14,293,313,96,8.4,27.5,7.22,8.8
1993,10,11,0,8.9,962.4,94.1,0,0.2,1.2,195,NA,NA,0,0,0,0,0,0,0,14,291,313,96,8,26.6,7.01,8.4
1993,10,11,1,8.6,962.2,94.4,0,0.3,1.2,258,NA,NA,0,0,0,0,0,0,0,14,287,310,96,7.8,26,6.89,8.2
1993,10,11,2,8.5,962,94.2,0,0.4,1.8,312,NA,NA,0,0,0,0,0,0,0,14,288,310,96,7.6,25.7,6.83,8
1993,10,11,3,8.7,961.9,94.3,0,0.2,1.3,78,NA,NA,1,0,0,0,0,0,0,14,290,312,96,7.8,26.2,6.93,8.2
1993,10,11,4,9.1,961.6,94.1,0,0.1,1.4,105,NA,NA,2,0,0,0,0,0,0,14,292,317,96,8.2,27,7.11,8.6
1993,10,11,5,9.6,961.5,93.8,0,0.4,1.4,87,NA,NA,1,0,0,0,0,0,0,14,333,337,96,8.7,28.1,7.34,9.1
1993,10,11,6,10.2,961.5,93,0,0.5,1.4,52,NA,6,29,29,0,23,15,12,13,14,341,343,96,9.1,29.3,7.57,9.6
1993,10,11,7,12,961.6,88.5,0,0.5,2,78,NA,NA,76,76,0,47,40,34,34,14,350,353,96,10.2,32.6,8.13,11
1993,10,11,8,13.7,961.8,84.8,0,0.8,1.9,65,NA,NA,131,130,3,81,75,57,58,14,320,345,96,11.2,35.8,8.71,12.3
1993,10,11,9,15.5,961.7,76.5,0,1.1,2.1,83,NA,NA,223,211,24,150,165,88,90,14,329,359,96,11.4,37.9,8.83,13.1
1993,10,11,10,16.9,961.4,71.7,0,1.1,2.2,83,NA,NA,226,219,11,115,141,95,96,14,333,365,96,11.8,39.9,9.06,13.9
1993,10,11,11,16.8,960.5,78,0,1.4,2.9,109,NA,NA,272,261,18,125,201,116,110,14,331,367,96,12.9,41.7,9.81,14.4
1993,10,11,12,16.7,959.9,76,0,1.7,3.6,105,NA,7,265,250,25,110,197,131,107,14,334,367,96,12.5,40.8,9.5,14.2
1993,10,11,13,18.6,959.3,69.4,0,1.5,3.7,77,NA,NA,408,235,330,111,488,344,111,14,354,386,96,12.9,43.5,9.79,15.1
1993,10,11,14,22.7,958.7,50.5,0,4.3,11,230,NA,NA,263,182,192,85,286,298,84,14,357,385,96,11.9,46.1,9.17,16.1
1993,10,11,15,18.5,958.2,66.1,0,1.8,7.6,211,NA,NA,113,107,23,48,76,95,48,14,338,364,96,12.1,42.1,9.27,14.6
1993,10,11,16,17,957.9,72.5,0,1.5,5.4,100,NA,NA,64,52,102,26,74,170,27,14,332,356,96,12,40.5,9.25,14
1993,10,11,17,15.6,957.9,79.5,0,1.1,3,105,NA,NA,2,0,0,0,0,0,0,14,332,346,96,12.1,39.2,9.28,13.5
1993,10,11,18,14.9,957.3,75.2,0,1.3,5.4,82,NA,6,0,0,0,0,0,0,0,14,326,341,96,10.6,36.2,8.39,12.4
1993,10,11,19,13.6,957,83.2,0,1.1,2.7,76,NA,NA,0,0,0,0,0,0,0,14,319,335,96,10.8,35.2,8.53,12
1993,10,11,20,13.1,956.8,87.5,0,1.1,2.9,67,NA,NA,0,0,0,0,0,0,0,14,304,327,96,11.1,35.1,8.69,11.9
1993,10,11,21,12.5,956,90.9,0,1.1,2.6,52,NA,NA,0,0,0,0,0,0,0,14,304,326,96,11.1,34.5,8.69,11.7
1993,10,11,22,11.6,955.6,92.3,0,0.6,1.6,240,NA,NA,0,0,0,0,0,0,0,14,299,321,96,10.4,32.6,8.31,10.9
1993,10,11,23,11.5,954.6,93.4,0,0.6,1.6,248,NA,NA,0,0,0,0,0,0,0,14,321,335,96,10.5,32.7,8.36,10.9
1993,10,12,0,11.1,954.2,93.6,0,0.5,2.5,240,NA,NA,1,0,0,0,0,0,0,14,316,329,96,10.1,31.7,8.16,10.5
1993,10,12,1,10.4,953.8,93.9,0,0.7,2.6,330,NA,NA,0,0,0,0,0,0,0,14,316,329,96,9.5,30.1,7.82,9.9
1993,10,12,2,10.4,953.1,94.5,0,0.4,2.5,91,NA,NA,1,0,0,0,0,0,0,14,351,351,96,9.6,30.3,7.87,10
1993,10,12,3,10.5,952.5,94.7,0,0.8,2.6,316,NA,NA,0,0,0,0,0,0,0,14,355,355,96,9.7,30.6,7.95,10.1
1993,10,12,4,10.9,952.3,94.3,0,0.9,3.1,245,NA,NA,2,0,0,0,0,0,0,14,357,357,96,10,31.5,8.13,10.4
1993,10,12,5,11,951.5,94.1,0,0.6,2.1,299,NA,NA,0,0,0,0,0,0,0,14,357,357,94,10.1,31.7,8.18,10.5
1993,10,12,6,11.2,951,94,0,0,0.5,0,NA,8,6,6,0,2,3,3,3,14,359,359,94,10.3,32.1,8.28,10.7
1993,10,12,7,11.9,951.5,92.3,0,0.7,3.4,60,NA,NA,18,18,0,6,7,9,9,14,364,364,94,10.7,33.4,8.52,11.2
1993,10,12,8,12.6,953.1,89.5,0.3,0.8,3.2,195,NA,NA,17,17,0,6,7,8,9,14,314,332,94,10.9,34.5,8.64,11.6
1993,10,12,9,13.3,953.9,91.5,1,0.1,4.4,285,NA,NA,32,32,0,14,13,16,16,14,317,336,94,11.9,36.7,9.24,12.5
1993,10,12,10,13.6,954.9,93.4,1.1,0.1,3.4,330,NA,NA,37,37,0,18,16,18,19,14,319,339,94,12.6,38,9.62,13
1993,10,12,11,13.9,955.5,87,1.5,2.1,7,276,NA,NA,29,29,0,14,12,14,15,14,360,362,96,11.8,37,9.12,12.7
1993,10,12,12,12.1,956.1,88.5,7.2,1.1,4.2,65,NA,8,28,28,0,14,12,13,14,14,353,354,96,10.3,32.9,8.23,11.1
1993,10,12,13,11.8,956.4,93,2.4,0.7,4.7,121,NA,NA,48,48,0,24,21,22,24,14,353,354,96,10.7,33.3,8.48,11.2
1993,10,12,14,11.8,956.9,93.1,0.4,0,3.3,0,NA,NA,37,37,0,19,16,15,19,14,353,354,96,10.7,33.3,8.49,11.2
1993,10,12,15,11.6,957,93.1,2.2,0.1,3.3,15,NA,NA,22,22,0,11,9,7,11,14,352,352,96,10.5,32.8,8.37,11
1993,10,12,16,11.3,957.3,92.6,0.3,1.8,4.7,37,NA,NA,17,17,0,8,7,5,8,14,350,351,96,10.1,31.9,8.16,10.6
1993,10,12,17,11.2,957.9,93.1,0,0.9,2.2,23,NA,NA,2,0,0,0,0,0,0,14,357,357,96,10.1,31.8,8.14,10.6
1993,10,12,18,11,958.5,93.2,0,0.6,1.8,222,NA,8,0,0,0,0,0,0,0,14,355,355,96,9.9,31.3,8.04,10.4
1993,10,12,19,10.7,959.1,94.6,0,0,1.6,0,NA,NA,1,0,0,0,0,0,0,14,355,355,96,9.9,30.9,7.99,10.3
1993,10,12,20,10.2,959.3,95.4,0,0.2,1.6,312,NA,NA,0,0,0,0,0,0,0,14,312,325,96,9.5,29.9,7.79,9.8
1993,10,12,21,9.7,959.7,95.9,0,0.4,1.2,251,NA,NA,0,0,0,0,0,0,0,14,310,323,96,9.1,28.8,7.57,9.4
1993,10,12,22,9.1,959.7,96.3,0.1,0.1,1.5,285,NA,NA,0,0,0,0,0,0,0,14,307,321,96,8.5,27.5,7.29,8.8
1993,10,12,23,8.8,959.7,96.5,0,0.4,2.2,240,NA,NA,1,0,0,0,0,0,0,14,297,314,96,8.3,26.9,7.16,8.5
1993,10,13,0,7.9,959.9,97,0,0.3,1.2,312,NA,NA,0,0,0,0,0,0,0,14,292,312,96,7.5,25,6.77,7.7
1993,10,13,1,8.7,960,95.4,0,0.2,1.1,285,NA,NA,3,0,0,0,0,0,0,14,300,321,96,8,26.4,7.03,8.3
1993,10,13,2,9.4,960,94.8,0,0.7,1.7,258,NA,NA,2,0,0,0,0,0,0,14,350,350,96,8.6,27.9,7.33,9
1993,10,13,3,9.8,959.9,95,0,0.3,2,240,NA,NA,1,0,0,0,0,0,0,14,351,351,96,9,28.8,7.54,9.4
1993,10,13,4,9.9,960,96.2,0,0.8,1.6,301,NA,NA,1,0,0,0,0,0,0,14,351,351,96,9.3,29.3,7.69,9.6
1993,10,13,5,9.9,959.9,96.4,0,1.3,2.4,316,NA,NA,0,0,0,0,0,0,0,14,350,350,96,9.4,29.4,7.71,9.6
1993,10,13,6,9.7,960.4,95.3,0,0.8,2.3,315,NA,8,6,6,0,2,3,3,3,14,350,350,96,9,28.7,7.51,9.3
1993,10,13,7,10.1,960.7,94.4,0,0.5,1.9,274,NA,NA,41,41,0,18,19,19,20,14,353,353,96,9.2,29.4,7.64,9.6
1993,10,13,8,10.7,960.3,93,0,0.9,2.1,319,NA,NA,86,86,0,44,43,40,41,14,349,351,96,9.6,30.5,7.85,10.1
1993,10,13,9,11.3,960,88.9,0,1.1,2.4,71,NA,NA,122,122,0,63,64,56,57,14,352,355,96,9.5,31,7.81,10.3
1993,10,13,10,12,959.6,83.9,0,1.1,3.4,49,NA,NA,245,230,27,133,182,98,99,14,354,360,96,9.4,31.5,7.72,10.6
1993,10,13,11,12.6,958.6,77.5,0,1.9,5.2,50,NA,NA,255,247,13,116,166,110,107,14,341,353,94,8.8,31.4,7.42,10.5
1993,10,13,12,13.3,957.8,76.9,0,2,4.4,86,NA,7,350,271,138,121,342,177,116,14,343,359,94,9.3,32.9,7.72,11.1
1993,10,13,13,13.1,957.2,78.1,0,2,4.3,102,NA,NA,249,226,45,97,197,156,96,14,343,355,94,9.4,32.7,7.74,11
1993,10,13,14,13.2,957.4,77.2,0,1.2,3,71,NA,NA,129,129,0,59,71,71,59,14,310,336,94,9.3,32.7,7.7,11
1993,10,13,15,12.7,956.8,85.8,1.7,1,2.8,47,NA,NA,15,15,0,8,6,5,8,14,311,331,94,10.4,33.7,8.3,11.4
1993,10,13,16,12.3,955.5,92,0.5,1,2.5,15,NA,NA,7,7,0,4,3,1,4,14,310,330,94,11,34.3,8.68,11.6
1993,10,13,17,12.1,954.5,93.3,0.1,0.8,2.2,83,NA,NA,0,0,0,0,0,0,0,14,309,333,96,11.1,34.1,8.7,11.5
1993,10,13,18,11.8,953.3,93.7,0,1,3,322,NA,8,0,0,0,0,0,0,0,14,307,331,96,10.8,33.5,8.57,11.2
1993,10,13,19,11.5,953.3,94.4,0,1.1,2.3,256,NA,NA,0,0,0,0,0,0,0,14,305,329,96,10.6,32.9,8.47,11
1993,10,13,20,10.9,952,95.4,0,0.3,1.3,267,NA,NA,0,0,0,0,0,0,0,14,305,325,96,10.2,31.7,8.23,10.5
1993,10,13,21,10.3,951.7,95.7,0,0.6,2,274,NA,NA,0,0,0,0,0,0,0,14,308,328,96,9.6,30.3,7.93,9.9
1993,10,13,22,10.6,950.7,95.2,0,0.4,1.7,285,NA,NA,0,0,0,0,0,0,0,14,308,328,96,9.9,31,8.06,10.2
1993,10,13,23,10.5,949.2,95.1,0,0.9,2.5,251,NA,NA,0,0,0,0,0,0,0,14,298,323,96,9.7,30.7,8.01,10.1
1993,10,14,0,10.7,951.6,94.2,1.4,2.2,9.5,248,NA,NA,0,0,0,0,0,0,0,14,303,327,96,9.8,31,8.02,10.2
1993,10,14,1,11.5,953.3,90.2,5,1.9,9,227,NA,NA,1,0,0,0,0,0,0,14,304,329,96,10,31.9,8.09,10.7
1993,10,14,2,11.7,954,84.7,0.7,0.8,10.1,235,NA,NA,0,0,0,0,0,0,0,14,329,340,96,9.2,31.1,7.68,10.3
1993,10,14,3,11.1,953.1,89.3,3.1,1.8,9.9,247,NA,NA,0,0,0,0,0,0,0,14,326,338,96,9.4,30.8,7.79,10.2
1993,10,14,4,11.1,953.7,92.7,0.7,3,8.5,220,NA,NA,0,0,0,0,0,0,0,14,326,338,96,10,31.5,8.09,10.5
1993,10,14,5,10.8,953.4,94.5,0.1,4,10,225,NA,NA,0,0,0,0,0,0,0,14,347,347,96,10,31.2,8.09,10.4
1993,10,14,6,10.9,953.9,93.9,0.2,5,12,245,NA,7,32,32,0,31,18,13,13,14,351,351,96,10,31.3,8.08,10.4
1993,10,14,7,11.9,955.7,82.1,2.8,5.7,13.7,264,NA,NA,7,7,0,2,3,4,4,14,349,350,96,8.9,31,7.53,10.3
1993,10,14,8,11,957.3,86,2.2,5,9.3,230,NA,NA,18,18,0,7,7,9,9,14,324,336,96,8.8,29.8,7.42,9.8
1993,10,14,9,11.4,957.8,85.8,0.1,3.7,8.3,224,NA,NA,111,111,0,56,57,51,52,14,331,342,96,9.1,30.6,7.6,10.1
1993,10,14,10,13.8,958.6,71.1,0,4.9,9.9,227,NA,NA,495,200,539,330,668,113,112,14,339,358,96,8.7,32.5,7.36,11
1993,10,14,11,14.7,958.9,61.2,0,5.9,11.5,228,NA,NA,547,165,659,159,762,119,107,14,324,357,96,7.3,31.7,6.71,10.7
1993,10,14,12,15.2,958.5,59.1,0,4.9,9.7,212,NA,3,388,256,233,120,438,202,115,14,327,356,96,7.3,32.2,6.69,10.9
1993,10,14,13,16.5,958.4,53.1,0,5.5,11.2,226,NA,NA,449,185,522,105,615,417,105,14,330,363,96,6.9,33.1,6.53,11.3
1993,10,14,14,16.3,958.3,54.6,0,5.1,9.8,230,NA,NA,218,172,113,79,228,234,78,14,330,357,96,7.1,33.2,6.63,11.3
1993,10,14,15,16.1,958,55.9,0,4.4,8.9,219,NA,NA,175,111,242,57,224,341,57,14,328,355,96,7.3,33.2,6.71,11.3
1993,10,14,16,15.5,958.4,57.1,0,4,8.6,213,NA,NA,69,51,172,27,100,241,28,14,322,346,96,7.1,32.3,6.59,11
1993,10,14,17,13.2,959.4,68.7,0,2.5,5.6,245,NA,NA,0,0,0,0,0,0,0,14,304,328,96,7.6,30.5,6.83,10.2
1993,10,14,18,11.6,959.9,77.7,0,1.5,3.1,257,NA,3,0,0,0,0,0,0,0,14,299,320,96,7.8,29.2,6.95,9.6
1993,10,14,19,12.1,960.7,72.8,0,2.7,6.1,234,NA,NA,0,0,0,0,0,0,0,14,302,322,96,7.4,29.1,6.72,9.6
1993,10,14,20,12.2,961.3,71.6,0,2.6,6.6,234,NA,NA,0,0,0,0,0,0,0,14,317,333,96,7.2,29,6.65,9.5
1993,10,14,21,10.2,961.6,83.7,0,0.7,2.4,24,NA,NA,0,0,0,0,0,0,0,14,308,322,96,7.6,27.4,6.81,8.8
1993,10,14,22,10,962.3,84.2,0,0.9,8.1,303,NA,NA,0,0,0,0,0,0,0,14,314,326,96,7.5,27.1,6.75,8.7
1993,10,14,23,11.4,962,66.2,0,2.2,6.7,208,NA,NA,0,0,0,0,0,0,0,14,313,329,96,5.3,26.1,5.82,8.3
1993,10,15,0,10.7,962.4,76.6,0,1.5,4.6,177,NA,NA,0,0,0,0,0,0,0,14,295,320,96,6.8,27,6.43,8.7
1993,10,15,1,11.3,962.7,73.2,0,2.5,8.2,227,NA,NA,0,0,0,0,0,0,0,14,297,323,96,6.7,27.5,6.39,8.9
1993,10,15,2,11.2,962.6,71.2,0,3.8,7.1,257,NA,NA,0,0,0,0,0,0,0,14,294,322,96,6.2,26.8,6.18,8.6
1993,10,15,3,9.8,962.6,82.9,0.1,2.5,7.2,268,NA,NA,0,0,0,0,0,0,0,14,292,317,96,7,26.4,6.56,8.3
1993,10,15,4,9,962.8,89.3,0.1,1.5,3.7,262,NA,NA,0,0,0,0,0,0,0,14,289,314,96,7.3,25.9,6.69,8.1
1993,10,15,5,8.5,962.7,93.7,0,0.4,1.9,123,NA,NA,0,0,0,0,0,0,0,14,295,315,96,7.5,25.6,6.79,8
1993,10,15,6,8.5,963.3,89.8,0,0.6,2.2,258,NA,7,17,17,0,11,8,8,8,14,294,312,96,6.9,24.9,6.5,7.7
1993,10,15,7,9.3,963.8,85.9,0,1.5,5.1,265,NA,NA,74,73,5,57,44,33,33,14,303,323,96,7.1,25.9,6.56,8.2
1993,10,15,8,10.9,964.5,76.2,0,3.3,6.8,242,NA,NA,99,99,0,54,52,45,46,14,307,329,96,6.9,27.3,6.47,8.8
1993,10,15,9,12.9,964.7,67,0,5.5,9.8,243,NA,NA,452,191,558,502,625,105,105,14,316,345,96,6.9,29.4,6.49,9.7
1993,10,15,10,14.1,965,59.6,0,5.4,13.3,235,NA,NA,273,216,104,161,258,97,98,14,316,345,96,6.4,29.9,6.24,10
1993,10,15,11,14.6,965,54.5,0,6.6,14.3,229,NA,NA,221,217,7,102,137,97,95,14,318,347,96,5.5,29.6,5.89,9.9
1993,10,15,12,13.2,965.3,64.5,0,6,12.3,245,NA,6,77,77,0,38,36,36,38,14,313,336,96,6.7,29.3,6.37,9.8
1993,10,15,13,12.7,965.4,74.2,0.3,2.6,7.2,274,NA,NA,66,66,0,33,30,30,32,14,313,337,96,8.2,30.7,7.1,10.3
1993,10,15,14,10.7,965.8,86.2,6,3.7,9.3,283,NA,NA,27,27,0,14,11,11,14,14,348,348,96,8.5,29,7.22,9.5
1993,10,15,15,11.3,966.4,81.5,0,4.3,8.3,232,NA,NA,32,32,0,16,14,12,16,14,349,349,96,8.3,29.3,7.1,9.7
1993,10,15,16,11.4,967.4,77.8,0.1,4.2,9.1,235,NA,NA,6,6,0,3,2,1,3,14,348,348,96,7.7,28.6,6.81,9.4
1993,10,15,17,10.2,968.3,83.5,0.8,4,9,232,NA,NA,1,0,0,0,0,0,0,14,296,320,96,7.5,27.2,6.74,8.8
1993,10,15,18,10.1,969,82.9,0.2,2.8,5.7,205,NA,7,0,0,0,0,0,0,0,14,295,320,96,7.3,26.9,6.65,8.6
1993,10,15,19,10.1,969.6,84.3,0,1.5,3.9,254,NA,NA,0,0,0,0,0,0,0,14,293,318,96,7.6,27.2,6.75,8.8
1993,10,15,20,9.4,969.9,90.9,0.1,0.8,2,91,NA,NA,2,0,0,0,0,0,0,14,292,317,96,8,26.9,6.95,8.7
1993,10,15,21,9.3,970.2,93.4,0,0.4,1.3,15,NA,NA,1,0,0,0,0,0,0,14,293,318,96,8.3,27.2,7.09,8.8
1993,10,15,22,8.9,970.2,93.5,0,0.4,1.5,312,NA,NA,2,0,0,0,0,0,0,14,288,312,96,7.9,26.3,6.91,8.4
1993,10,15,23,7.7,970.1,96.2,0,0.2,1,240,NA,NA,0,0,0,0,0,0,0,14,281,303,96,7.1,24.2,6.55,7.4
1993,10,16,0,6.9,970.1,95.7,0,0.5,1.6,285,NA,NA,1,0,0,0,0,0,0,14,277,298,96,6.3,22.4,6.16,6.6
1993,10,16,1,6,970,96.5,0,0.2,1.8,240,NA,NA,0,0,0,0,0,0,0,14,273,295,96,5.5,20.7,5.84,5.8
1993,10,16,2,5.4,969.9,96.6,0,0.2,1.2,240,NA,NA,0,0,0,0,0,0,0,14,262,288,96,4.9,19.5,5.6,5.2
1993,10,16,3,5.1,969.8,96.3,0,0.1,1.2,195,NA,NA,1,0,0,0,0,0,0,14,260,286,96,4.6,18.8,5.47,4.9
1993,10,16,4,5.2,969.5,96.2,0,0.3,1,258,NA,NA,1,0,0,0,0,0,0,14,263,293,96,4.6,19,5.51,4.9
1993,10,16,5,6.1,969.4,94.6,0,0.8,1.6,255,NA,NA,2,0,0,0,0,0,0,14,325,327,96,5.3,20.6,5.77,5.7
1993,10,16,6,6.9,969.8,93.3,0,1.7,2.6,260,NA,7,11,11,0,5,5,5,5,14,327,329,96,5.9,22,6.01,6.4
1993,10,16,7,7.2,969.9,94.2,0,0.3,1.8,258,NA,NA,41,41,0,19,19,19,20,14,332,334,96,6.3,22.8,6.19,6.7
1993,10,16,8,8.3,970,92,0,0.2,1.2,78,NA,NA,116,116,0,68,65,51,52,14,335,339,96,7.1,24.7,6.52,7.7
1993,10,16,9,9,969.8,89.2,0,0.8,2.2,82,NA,NA,150,150,1,82,86,66,68,14,338,343,96,7.3,25.7,6.64,8.1
1993,10,16,10,10.1,969.6,84.7,0,1.4,3.4,101,NA,NA,352,252,185,221,395,111,110,14,344,357,96,7.6,27.2,6.79,8.8
1993,10,16,11,11,969.3,78.4,0,2.1,4.4,92,NA,NA,353,271,144,143,354,127,116,14,309,341,96,7.4,27.9,6.67,9.1
1993,10,16,12,11.1,968.7,76.8,0,2.3,4.2,94,NA,7,253,235,31,104,194,126,101,14,306,336,96,7.2,27.7,6.58,9
1993,10,16,13,10.9,967.9,77.6,0,1.9,3.8,76,NA,NA,159,159,1,72,92,82,72,14,306,333,96,7.1,27.5,6.57,8.9
1993,10,16,14,11.1,968,75.1,0,2.1,4.8,47,NA,NA,143,142,4,64,85,84,63,14,298,329,96,6.9,27.4,6.44,8.9
1993,10,16,15,11,967.1,77.5,0,1.9,3.7,47,NA,NA,82,82,0,38,44,47,37,14,297,326,96,7.2,27.7,6.61,9
1993,10,16,16,10.7,966.9,81.3,0,1.2,2.8,30,NA,NA,23,23,0,11,11,10,11,14,297,323,96,7.6,27.9,6.8,9.1
1993,10,16,17,10.5,967.1,84.6,0,0.7,4.6,348,NA,NA,1,0,0,0,0,0,0,14,321,334,96,8,28.1,6.98,9.2
1993,10,16,18,10.4,967.1,85.3,0,1,4.4,285,NA,8,0,0,0,0,0,0,0,14,319,333,96,8,28.1,6.99,9.1
1993,10,16,19,10.2,967,89.1,0.2,1.2,3,330,NA,NA,0,0,0,0,0,0,0,14,321,333,96,8.5,28.4,7.21,9.3
1993,10,16,20,10,966.7,92.2,0.2,1.2,4.1,307,NA,NA,0,0,0,0,0,0,0,14,328,336,96,8.8,28.6,7.37,9.4
1993,10,16,21,9.6,966.1,93.8,0,1.2,3.2,292,NA,NA,1,0,0,0,0,0,0,14,324,333,96,8.7,28,7.3,9.1
1993,10,16,22,9.3,965.7,93.5,0,0.7,2.1,348,NA,NA,1,0,0,0,0,0,0,14,324,332,96,8.3,27.3,7.13,8.8
1993,10,16,23,9.4,965.3,93.3,0.4,0.9,2.5,258,NA,NA,1,0,0,0,0,0,0,14,309,326,96,8.4,27.5,7.17,8.9
1993,10,17,0,9.7,965.7,93.6,2.3,2.2,5.6,244,NA,NA,1,0,0,0,0,0,0,14,310,327,96,8.7,28.2,7.34,9.2
1993,10,17,1,9.6,966.1,94.9,3.5,1.1,2.2,248,NA,NA,1,0,0,0,0,0,0,14,310,327,96,8.8,28.2,7.39,9.2
1993,10,17,2,9.5,967,93.8,3.3,0.6,2.2,15,NA,NA,2,0,0,0,0,0,0,14,325,334,96,8.6,27.8,7.24,9
1993,10,17,3,9.2,967.4,94,2.1,1,3.7,15,NA,NA,0,0,0,0,0,0,0,14,324,333,96,8.3,27.1,7.11,8.7
1993,10,17,4,9.3,967.4,94.6,0.7,0.5,1.9,68,NA,NA,1,0,0,0,0,0,0,14,325,334,96,8.5,27.5,7.2,8.9
1993,10,17,5,9.6,967.3,92.9,0.2,1.5,3.3,24,NA,NA,0,0,0,0,0,0,0,14,318,331,96,8.5,27.8,7.22,9
1993,10,17,6,9.6,967.3,93.7,0.5,1.5,3.2,74,NA,8,8,8,0,3,4,4,4,14,318,331,96,8.6,28,7.28,9.1
1993,10,17,7,9.9,968,93.3,0.4,0.9,2.4,341,NA,NA,41,41,0,19,19,19,20,14,320,334,96,8.9,28.6,7.4,9.4
1993,10,17,8,10.2,968.4,93.5,1.8,1.6,4.2,341,NA,NA,43,43,0,18,19,21,21,14,299,325,96,9.2,29.3,7.56,9.7
1993,10,17,9,10.8,968.6,92.9,0.3,0.4,1.9,341,NA,NA,137,137,0,73,76,61,63,14,301,330,96,9.7,30.6,7.82,10.2
1993,10,17,10,11,969.1,90.5,0.4,0.9,3.3,357,NA,NA,121,121,0,60,63,56,57,14,303,330,96,9.5,30.5,7.72,10.2
1993,10,17,11,11.9,968.9,86.3,0,1.2,3.2,26,NA,NA,249,234,26,113,188,106,101,14,310,338,96,9.7,31.7,7.81,10.7
1993,10,17,12,12.5,969.2,84.4,0,1.4,3.5,96,NA,7,312,250,113,112,306,161,108,14,332,353,96,9.9,32.6,7.95,11
1993,10,17,13,12.1,969.6,85.1,0,1.7,3.2,105,NA,NA,118,118,0,56,62,58,55,14,330,348,96,9.7,31.8,7.8,10.8
1993,10,17,14,11.9,970.4,87.7,0.3,1.4,3.6,73,NA,NA,55,55,0,27,25,24,27,14,354,356,96,9.9,32,7.93,10.8
1993,10,17,15,11.9,971,87.7,0,1.7,3.7,47,NA,NA,65,65,0,31,33,33,31,14,354,355,96,9.9,31.9,7.92,10.8
1993,10,17,16,11.9,971.7,89.5,0,1.7,3.9,25,NA,NA,16,16,0,8,7,6,8,14,353,355,96,10.2,32.3,8.08,10.9
1993,10,17,17,11.8,972.1,88.3,0,0.5,4.3,26,NA,NA,1,0,0,0,0,0,0,14,353,353,96,9.9,31.8,7.92,10.7
1993,10,17,18,11.7,972.8,89.3,0,1.1,3.1,33,NA,7,0,0,0,0,0,0,0,14,351,353,96,10,31.8,7.95,10.7
1993,10,17,19,11.4,973.4,87.3,0,1.1,2.2,76,NA,NA,2,0,0,0,0,0,0,14,350,350,96,9.4,30.6,7.61,10.3
1993,10,17,20,11.3,973.8,87.4,0,1.6,5,87,NA,NA,0,0,0,0,0,0,0,14,349,349,96,9.3,30.4,7.56,10.2
1993,10,17,21,11.3,974.6,87.9,0,2.4,5.9,72,NA,NA,0,0,0,0,0,0,0,14,350,351,96,9.4,30.5,7.6,10.3
1993,10,17,22,11,974.7,88.9,0.1,2.7,7.9,76,NA,NA,0,0,0,0,0,0,0,14,347,348,96,9.2,30,7.53,10
1993,10,17,23,10.6,975,88.5,0,3.4,7,75,NA,NA,0,0,0,0,0,0,0,14,354,354,96,8.8,29,7.3,9.6
1993,10,18,0,10.4,975.3,88.9,0,1.5,5.6,68,NA,NA,0,0,0,0,0,0,0,14,353,353,96,8.7,28.7,7.23,9.5
1993,10,18,1,10.4,975.4,87.4,0,2.6,6.1,84,NA,NA,0,0,0,0,0,0,0,14,353,353,96,8.4,28.4,7.11,9.3
1993,10,18,2,10.1,975.5,88.5,0,0.8,6,82,NA,NA,0,0,0,0,0,0,0,14,351,351,96,8.3,27.9,7.05,9.1
1993,10,18,3,9.9,975.7,88.1,0,3,5.9,85,NA,NA,0,0,0,0,0,0,0,14,350,350,96,8,27.4,6.92,8.9
1993,10,18,4,9.8,976.2,89.1,0,1.6,5.3,87,NA,NA,0,0,0,0,0,0,0,14,349,349,96,8.1,27.4,6.95,8.9
1993,10,18,5,9.5,976.4,89.8,0,0.4,4.9,91,NA,NA,0,0,0,0,0,0,0,14,348,348,96,7.9,26.8,6.86,8.7
1993,10,18,6,9.6,976.9,88.5,0,2.8,5.3,85,NA,8,2,2,0,0,1,1,1,14,349,349,96,7.8,26.8,6.81,8.7
1993,10,18,7,9.6,977.8,87.6,0,2.8,6.4,87,NA,NA,23,23,0,8,10,11,11,14,349,349,96,7.6,26.6,6.73,8.5
1993,10,18,8,9.8,978.3,85.3,0,2.9,6,78,NA,NA,70,70,0,34,33,33,33,14,350,350,96,7.5,26.6,6.64,8.6
1993,10,18,9,10,978.6,85.3,0,1.2,5.8,85,NA,NA,103,103,0,52,52,47,48,14,352,352,96,7.6,27,6.73,8.7
1993,10,18,10,10.2,979,83.3,0,0.3,5.3,87,NA,NA,138,138,0,68,74,63,64,14,353,354,96,7.5,27,6.65,8.8
1993,10,18,11,10.5,978.7,82.7,0,0.3,5.7,78,NA,NA,170,169,1,80,97,77,77,14,353,355,96,7.7,27.5,6.74,9
1993,10,18,12,10.6,978.8,82.5,0,0.1,5.6,60,NA,8,155,155,0,72,85,74,71,14,354,356,96,7.7,27.7,6.77,9.1
1993,10,18,13,10.8,978.9,82.1,0,0.3,5.3,60,NA,NA,138,138,0,64,76,70,63,14,354,355,96,7.9,28.1,6.83,9.3
1993,10,18,14,10.7,979.1,82.4,0,0,4.4,0,NA,NA,71,71,0,34,33,33,34,14,355,355,96,7.8,27.9,6.81,9.2
1993,10,18,15,10.7,979.4,82.9,0,0.4,5.3,71,NA,NA,51,51,0,24,24,23,24,14,353,353,96,7.9,28,6.85,9.2
1993,10,18,16,10.4,979.5,83.4,0,0,4.8,0,NA,NA,11,11,0,6,5,3,6,14,353,353,96,7.7,27.5,6.75,9
1993,10,18,17,10.3,980.2,83.5,0,0,3.1,0,NA,NA,0,0,0,0,0,0,0,14,352,352,94,7.6,27.2,6.71,8.9
1993,10,18,18,9.9,980.5,83.8,0,0,4.7,0,NA,8,2,0,0,0,0,0,0,14,350,350,94,7.3,26.4,6.55,8.5
1993,10,18,19,9.7,980.7,84.8,0,1.6,6.2,58,NA,NA,0,0,0,0,0,0,0,14,349,349,94,7.3,26.2,6.54,8.4
1993,10,18,20,9.5,980.8,84.2,0,2.9,5.4,63,NA,NA,0,0,0,0,0,0,0,14,348,348,94,7,25.7,6.4,8.2
1993,10,18,21,9.4,981.2,84.6,0,3,5.2,50,NA,NA,0,0,0,0,0,0,0,14,347,347,94,6.9,25.5,6.39,8.1
1993,10,18,22,9.1,981,84.1,0,3.3,5,45,NA,NA,0,0,0,0,0,0,0,14,345,345,94,6.6,24.8,6.22,7.8
1993,10,18,23,8.9,981.1,84.8,0,2.7,4.6,37,NA,NA,0,0,0,0,0,0,0,14,345,345,94,6.5,24.5,6.19,7.7
1993,10,19,0,8.8,981,86.1,0,2.1,3.4,31,NA,NA,0,0,0,0,0,0,0,14,345,345,94,6.6,24.5,6.24,7.7
1993,10,19,1,8.7,980.7,86.6,0,1.6,3.3,22,NA,NA,0,0,0,0,0,0,0,14,344,344,94,6.6,24.4,6.24,7.6
1993,10,19,2,8.7,980.4,85.8,0,1.8,3.3,28,NA,NA,2,0,0,0,0,0,0,14,344,344,94,6.5,24.3,6.18,7.6
1993,10,19,3,8.7,980.4,85.1,0,1.6,2.9,26,NA,NA,0,0,0,0,0,0,0,14,344,344,94,6.3,24.2,6.13,7.5
1993,10,19,4,8.6,980.6,85.8,0,1.3,2.7,358,NA,NA,1,0,0,0,0,0,0,14,343,343,94,6.4,24.1,6.14,7.5
1993,10,19,5,8.5,980.4,86.4,0,0.9,2,2,NA,NA,1,0,0,0,0,0,0,14,344,344,94,6.4,24,6.14,7.4
1993,10,19,6,8.6,980.7,86,0,0.9,2.3,15,NA,8,2,2,0,1,1,1,1,14,343,343,94,6.4,24.1,6.15,7.5
1993,10,19,7,8.8,981,84.7,0,1.2,3.6,348,NA,NA,16,16,0,5,6,8,8,14,344,344,94,6.4,24.3,6.14,7.6
1993,10,19,8,9,980.8,84.4,0.1,0.7,1.6,330,NA,NA,38,38,0,16,16,19,19,14,346,346,94,6.5,24.7,6.2,7.7
1993,10,19,9,9.4,980.9,82.3,0,0.9,2.3,22,NA,NA,86,86,0,42,42,40,41,14,347,347,94,6.5,25.1,6.21,7.9
1993,10,19,10,9.6,980.6,81.8,0,1.2,2.9,30,NA,NA,92,92,0,45,45,43,44,14,349,349,94,6.6,25.4,6.26,8.1
1993,10,19,11,9.7,980.3,81.9,0,1.2,3.3,36,NA,NA,89,89,0,43,43,42,43,14,350,350,94,6.8,25.6,6.31,8.2
1993,10,19,12,9.9,979.8,82.4,0,1.1,3.6,42,NA,8,60,60,0,30,27,28,30,14,351,351,94,7,26.2,6.44,8.4
1993,10,19,13,9.9,979.4,81.9,0,1.4,2.9,36,NA,NA,63,63,0,31,28,29,31,14,351,351,94,7,26.1,6.41,8.4
1993,10,19,14,9.9,979.2,81.2,0,0.7,2.6,357,NA,NA,64,64,0,31,30,29,31,14,351,351,94,6.8,25.9,6.35,8.3
1993,10,19,15,10.1,979.1,82.2,0,1.2,2.9,290,NA,NA,51,51,0,24,24,23,24,14,351,351,94,7.2,26.6,6.52,8.6
1993,10,19,16,10,979.2,83.8,0,1.4,2.8,281,NA,NA,17,17,0,8,7,6,8,14,351,351,94,7.4,26.7,6.6,8.6
1993,10,19,17,9.9,979.5,85.3,0,1.1,2,263,NA,NA,0,0,0,0,0,0,0,14,350,350,94,7.6,26.8,6.67,8.7
1993,10,19,18,10.1,979.7,85.2,0,0.8,1.7,255,NA,8,1,0,0,0,0,0,0,14,352,352,94,7.7,27.2,6.76,8.8
1993,10,19,19,10,979.8,87,0,0.9,1.9,277,NA,NA,1,0,0,0,0,0,0,14,351,351,94,7.9,27.3,6.85,8.9
1993,10,19,20,9.7,980.1,90.1,0,1.4,3.1,97,NA,NA,0,0,0,0,0,0,0,14,349,349,94,8.2,27.3,6.96,8.9
1993,10,19,21,9.4,979.9,94.2,0,1.3,2.5,91,NA,NA,0,0,0,0,0,0,0,14,348,348,94,8.5,27.4,7.13,8.9
1993,10,19,22,9.3,979.4,93.8,0,1.1,2.6,90,NA,NA,0,0,0,0,0,0,0,14,348,348,94,8.4,27.1,7.05,8.8
1993,10,19,23,9.2,979.1,93.4,0,1.1,2.5,60,NA,NA,0,0,0,0,0,0,0,14,347,347,94,8.2,26.8,6.98,8.7
1993,10,20,0,9.2,978.8,93.7,0,1.4,2.3,45,NA,NA,0,0,0,0,0,0,0,14,348,348,94,8.2,26.9,7,8.7
1993,10,20,1,9.2,978.6,94.1,0,1.2,2.1,42,NA,NA,1,0,0,0,0,0,0,14,348,348,94,8.3,27,7.04,8.7
1993,10,20,2,9.2,978.3,94,0,0.9,1.9,21,NA,NA,0,0,0,0,0,0,0,14,346,346,94,8.3,26.9,7.03,8.7
1993,10,20,3,9.2,977.8,93.5,0,0.6,1.3,26,NA,NA,1,0,0,0,0,0,0,14,347,347,94,8.2,26.9,7,8.7
1993,10,20,4,9.2,977.6,92.3,0,0.5,1.3,26,NA,NA,0,0,0,0,0,0,0,14,346,346,94,8,26.6,6.91,8.6
1993,10,20,5,9.1,977.4,93.1,0,0.6,1.5,330,NA,NA,1,0,0,0,0,0,0,14,346,346,96,8,26.6,6.92,8.5
1993,10,20,6,9.1,977.2,90.6,0,0.4,1.6,319,NA,8,2,2,0,1,1,1,1,14,346,346,96,7.6,26.1,6.73,8.3
1993,10,20,7,9.1,977.3,90.6,0,0.3,1.4,330,NA,NA,11,11,0,3,4,6,6,14,346,346,96,7.6,26.1,6.73,8.3
1993,10,20,8,9.4,976.9,90,0,0.5,1.6,29,NA,NA,27,27,0,10,11,13,14,14,348,348,96,7.8,26.6,6.83,8.6
1993,10,20,9,9.6,976.5,84.2,0,0.9,2,56,NA,NA,57,57,0,26,25,27,28,14,349,349,96,7.1,25.9,6.47,8.3
1993,10,20,10,9.8,976,78.8,0,0.9,2.2,84,NA,NA,75,75,0,36,35,36,36,14,350,350,96,6.3,25.3,6.14,8
1993,10,20,11,9.9,975.3,78.6,0,1.4,2.6,128,NA,NA,102,102,0,49,50,48,49,14,351,351,94,6.4,25.5,6.17,8.1
1993,10,20,12,10,974.6,77.4,0,1,2.4,142,NA,8,87,87,0,42,42,41,42,14,351,351,94,6.2,25.5,6.12,8.1
1993,10,20,13,10,974,76.3,0,0.5,1.5,116,NA,NA,82,82,0,40,39,38,39,14,351,351,94,6,25.3,6.04,8
1993,10,20,14,10.2,973.4,77.8,0,0.9,2.4,141,NA,NA,63,63,0,31,29,29,31,14,351,351,94,6.5,26,6.25,8.3
1993,10,20,15,10.2,973.1,77.7,0,1,2,116,NA,NA,32,32,0,16,14,12,16,14,350,350,94,6.5,26,6.24,8.3
1993,10,20,16,10,972.8,80.5,0,0.8,1.6,84,NA,NA,9,9,0,5,4,2,5,14,350,350,94,6.8,26.1,6.38,8.3
1993,10,20,17,9.8,973.1,83.7,0,0.7,1.3,78,NA,NA,0,0,0,0,0,0,0,14,349,349,94,7.2,26.3,6.55,8.4
1993,10,20,18,9.6,972.7,84.3,0,1.4,3.2,7,NA,8,0,0,0,0,0,0,0,14,348,348,94,7.1,26,6.51,8.3
1993,10,20,19,9.4,972.2,87.8,0,0.5,1.8,15,NA,NA,1,0,0,0,0,0,0,14,347,347,94,7.5,26.3,6.69,8.4
1993,10,20,20,9.2,971.6,88.5,0,0.1,1.1,0,NA,NA,0,0,0,0,0,0,0,14,338,338,94,7.4,26,6.66,8.3
1993,10,20,21,8.9,970.8,91,0,0.2,1.1,348,NA,NA,0,0,0,0,0,0,0,14,337,337,94,7.5,25.8,6.72,8.2
1993,10,20,22,9,970.2,92,0,0,1.4,0,NA,NA,1,0,0,0,0,0,0,14,338,338,94,7.8,26.3,6.84,8.4
1993,10,20,23,8.9,969.8,92.7,0,0.3,1.1,285,NA,NA,0,0,0,0,0,0,0,14,336,336,94,7.8,26.2,6.85,8.3
1993,10,21,0,8.9,969.7,92.4,0,0.2,1.5,240,NA,NA,0,0,0,0,0,0,0,14,338,338,94,7.7,26.1,6.83,8.3
1993,10,21,1,8.7,969.2,93,0,0.5,1.8,330,NA,NA,1,0,0,0,0,0,0,14,336,336,94,7.6,25.8,6.78,8.1
1993,10,21,2,8.8,968.7,92.9,0,0.5,1.5,78,NA,NA,0,0,0,0,0,0,0,14,337,337,94,7.7,26,6.83,8.2
1993,10,21,3,8.6,968.6,93.7,0,0.5,1.6,330,NA,NA,0,0,0,0,0,0,0,14,335,335,94,7.6,25.7,6.79,8.1
1993,10,21,4,8.7,968.1,88.9,0,1.2,2.7,134,NA,NA,0,0,0,0,0,0,0,14,335,335,94,7,25.1,6.49,7.8
1993,10,21,5,8.4,967.8,85.5,0,0.8,1.7,46,NA,NA,0,0,0,0,0,0,0,14,342,342,94,6.1,23.8,6.11,7.2
1993,10,21,6,8.4,968,86.5,0,0.6,1.6,60,NA,8,2,2,0,1,1,1,1,14,342,342,94,6.3,24,6.19,7.3
1993,10,21,7,8.3,967.9,90.4,0,1.3,2.7,317,NA,NA,15,15,0,4,6,7,7,14,342,342,94,6.8,24.5,6.42,7.5
1993,10,21,8,8.5,967.5,86.7,0,0.9,1.9,308,NA,NA,51,51,0,23,23,24,25,14,303,319,94,6.4,24.3,6.25,7.4
1993,10,21,9,9,967.2,81.1,0,0.6,1.4,285,NA,NA,81,81,0,39,39,38,39,14,304,321,94,5.9,24.3,6.04,7.4
1993,10,21,10,9.4,967,71,0,1.2,3.4,338,NA,NA,125,125,0,62,66,57,59,14,302,322,94,4.4,23.1,5.43,7
1993,10,21,11,9.1,966.3,59.9,0,3,6.3,13,NA,NA,128,128,0,61,67,59,60,14,298,318,94,1.7,20.4,4.49,5.7
1993,10,21,12,8.8,966.3,43.3,0,3.9,8.5,15,NA,8,113,113,0,54,58,54,53,14,291,313,94,-3,16.8,3.17,4
1993,10,21,13,8.5,966.4,49.1,0,3.6,7.1,5,NA,NA,99,99,0,47,49,47,47,14,291,313,94,-1.6,17.4,3.53,4.2
1993,10,21,14,8.5,966.7,51.7,0,2.8,6.7,356,NA,NA,111,111,0,51,61,60,51,14,291,313,94,-0.9,17.9,3.71,4.5
1993,10,21,15,8.2,966.7,53.5,0,1.7,4.3,22,NA,NA,52,52,0,25,25,24,25,14,291,311,94,-0.7,17.7,3.76,4.4
1993,10,21,16,7.6,966.8,59.1,0,2,5.2,9,NA,NA,6,6,0,3,2,1,3,14,289,308,94,0.1,17.7,3.99,4.3
1993,10,21,17,6.6,967.5,70.6,0.1,1.8,5.2,33,NA,NA,0,0,0,0,0,0,0,14,322,322,94,1.6,17.8,4.45,4.4
1993,10,21,18,5.4,967.5,84.8,0.2,3,6.8,83,NA,8,0,0,0,0,0,0,0,14,318,318,94,3.1,17.8,4.93,4.3
1993,10,21,19,5.3,967,83.3,0,2.5,5,60,NA,NA,0,0,0,0,0,0,0,14,317,317,94,2.7,17.4,4.81,4.1
1993,10,21,20,4.9,966.8,83,0.1,2.9,8.1,44,NA,NA,0,0,0,0,0,0,0,14,298,305,94,2.3,16.6,4.66,3.7
1993,10,21,21,4.5,966.4,69.5,0,4.7,9,54,NA,NA,0,0,0,0,0,0,0,14,292,301,94,-0.6,14,3.79,2.4
1993,10,21,22,4.2,965.6,68.2,0,4.2,6.7,58,NA,NA,0,0,0,0,0,0,0,14,295,301,94,-1.1,13.3,3.64,2
1993,10,21,23,4.6,965.1,69.7,0,4.3,8.1,54,NA,NA,0,0,0,0,0,0,0,14,277,295,94,-0.4,14.2,3.83,2.5
1993,10,22,0,4.4,964.3,73.5,0,3.8,8.5,49,NA,NA,0,0,0,0,0,0,0,14,280,297,94,0.1,14.4,3.99,2.6
1993,10,22,1,5.3,963.4,69.6,0,5.2,10,71,NA,NA,0,0,0,0,0,0,0,14,281,300,94,0.2,15.4,4.03,3.1
1993,10,22,2,5.4,963.1,72.8,0,4.4,8.6,57,NA,NA,0,0,0,0,0,0,0,14,326,326,94,0.9,16.1,4.24,3.4
1993,10,22,3,5.5,962.8,70.2,0,6,10.8,57,NA,NA,1,0,0,0,0,0,0,14,326,326,94,0.5,15.9,4.12,3.4
1993,10,22,4,5,962.2,68.8,0,5.5,9.3,47,NA,NA,0,0,0,0,0,0,0,14,324,324,94,-0.2,14.8,3.9,2.8
1993,10,22,5,4.9,961.3,69.3,0,7.8,14.2,50,NA,NA,0,0,0,0,0,0,0,14,260,289,94,-0.2,14.7,3.91,2.8
1993,10,22,6,4.9,961.1,69.2,0,8.7,17.9,50,NA,8,10,10,0,6,5,5,5,14,260,290,94,-0.3,14.7,3.9,2.7
1993,10,22,7,4.9,961,70.1,0,8.3,15,55,NA,NA,53,53,0,30,27,24,24,14,262,291,94,-0.1,14.8,3.95,2.8
1993,10,22,8,5.2,960.2,70.6,0,9.3,16.8,54,NA,NA,117,115,6,74,70,51,52,14,263,293,94,0.3,15.4,4.07,3.1
1993,10,22,9,5.8,959.7,69.6,0,9.7,19.1,57,NA,NA,175,165,25,115,131,72,73,14,266,296,94,0.7,16.3,4.19,3.6
1993,10,22,10,6.1,959.2,68.5,0,11.3,19.9,55,NA,NA,229,225,8,119,155,95,96,14,267,298,94,0.7,16.7,4.21,3.8
1993,10,22,11,6.2,958.4,68.5,0,11.9,20.7,57,NA,NA,180,178,4,84,108,81,80,14,303,314,94,0.8,16.9,4.24,3.8
1993,10,22,12,6.4,958.5,68.7,0,12.5,20.5,61,NA,7,119,119,0,57,62,57,56,14,304,315,94,1.1,17.3,4.31,4.1
1993,10,22,13,6.4,958.3,69.1,0,12,23,68,NA,NA,71,71,0,34,32,33,34,14,305,315,94,1.2,17.3,4.34,4.1
1993,10,22,14,6.3,958.7,69.7,0,12.2,21.3,64,NA,NA,70,70,0,34,33,32,33,14,312,318,94,1.2,17.2,4.35,4.1
1993,10,22,15,6,959.2,72.7,0,11,17.5,60,NA,NA,39,39,0,19,18,16,19,14,311,317,94,1.5,17.2,4.44,4
1993,10,22,16,5.7,959.5,71.4,0,9.6,16.8,55,NA,NA,14,14,0,7,6,5,7,14,310,315,94,0.9,16.4,4.27,3.6
1993,10,22,17,5.6,960,72,0,9,16,54,NA,NA,2,0,0,0,0,0,0,14,318,319,94,1,16.3,4.27,3.6
1993,10,22,18,5.9,960.2,70.8,0,9.3,16.8,57,NA,7,1,0,0,0,0,0,0,14,321,321,94,1,16.7,4.29,3.8
1993,10,22,19,6.1,960.6,71.5,0,9.9,18.3,55,NA,NA,1,0,0,0,0,0,0,14,321,321,94,1.3,17.1,4.39,4
1993,10,22,20,6,961.2,72.1,0,9.5,15.9,53,NA,NA,1,0,0,0,0,0,0,14,328,328,94,1.4,17,4.39,4
1993,10,22,21,5.9,961.1,71.3,0,8.9,14.6,50,NA,NA,0,0,0,0,0,0,0,14,329,329,94,1.1,16.7,4.31,3.8
1993,10,22,22,5.9,961,69.8,0,7.6,13.8,49,NA,NA,1,0,0,0,0,0,0,14,328,328,94,0.8,16.5,4.22,3.7
1993,10,22,23,5.9,961.3,70.2,0,7.5,12.7,53,NA,NA,1,0,0,0,0,0,0,14,329,329,94,0.9,16.6,4.24,3.7
1993,10,23,0,5.8,961.1,71.2,0,7.1,12.2,51,NA,NA,1,0,0,0,0,0,0,14,328,328,94,1,16.6,4.28,3.7
1993,10,23,1,5.8,961.4,71.2,0,6.6,11.4,48,NA,NA,0,0,0,0,0,0,0,14,328,328,94,1,16.6,4.28,3.7
1993,10,23,2,5.7,961.4,71.3,0,6.2,10.2,47,NA,NA,1,0,0,0,0,0,0,14,328,328,94,0.9,16.4,4.25,3.6
1993,10,23,3,5.6,961.7,72.5,0,6.1,10.3,44,NA,NA,1,0,0,0,0,0,0,14,327,327,94,1.1,16.4,4.29,3.6
1993,10,23,4,5.6,962.1,74.5,0,6.1,9.8,44,NA,NA,0,0,0,0,0,0,0,14,328,328,94,1.4,16.7,4.41,3.8
1993,10,23,5,5.6,962.4,74.8,0,5.5,9.7,42,NA,NA,0,0,0,0,0,0,0,14,319,319,94,1.5,16.7,4.43,3.8
1993,10,23,6,5.6,962.8,74,0,5.1,8.5,43,NA,7,2,2,0,1,1,1,1,14,319,319,94,1.3,16.6,4.38,3.7
1993,10,23,7,5.7,963.6,75.6,0,4.6,7.6,39,NA,NA,16,16,0,5,6,8,8,14,320,320,94,1.7,17,4.5,3.9
1993,10,23,8,6,964,73.9,0,4.5,6.7,39,NA,NA,39,39,0,16,17,19,19,14,313,318,94,1.7,17.3,4.49,4.1
1993,10,23,9,6.4,964,71.6,0,3.7,6,48,NA,NA,81,81,0,39,39,38,39,14,314,320,94,1.7,17.7,4.47,4.3
1993,10,23,10,6.9,964,69.7,0,3.1,5.7,61,NA,NA,109,109,0,53,55,50,51,14,317,323,94,1.8,18.2,4.51,4.6
1993,10,23,11,7,963.9,68.2,0,3.4,5.9,55,NA,NA,58,58,0,28,26,28,29,14,334,334,94,1.5,18.2,4.44,4.5
1993,10,23,12,7.2,963.9,66.6,0,3.9,7.1,70,NA,8,74,74,0,36,34,35,36,14,335,335,94,1.4,18.3,4.39,4.6
1993,10,23,13,7.3,964,69.5,0,2.9,4.8,37,NA,NA,96,96,0,46,48,46,46,14,336,336,94,2.1,18.9,4.62,4.9
1993,10,23,14,7.4,964.4,68.1,0,2.7,5.2,62,NA,NA,68,68,0,33,32,32,33,14,336,336,94,1.9,18.9,4.55,4.9
1993,10,23,15,7.1,964.7,72.2,0,2,5.3,58,NA,NA,25,25,0,12,10,9,12,14,334,334,94,2.4,19,4.73,5
1993,10,23,16,6.7,964.5,74.3,0,2.7,4.9,49,NA,NA,9,9,0,5,4,3,5,14,333,333,94,2.5,18.6,4.74,4.8
1993,10,23,17,6.3,965.4,76.4,0,2.7,5.4,45,NA,NA,0,0,0,0,0,0,0,14,332,332,94,2.5,18.2,4.73,4.6
1993,10,23,18,6.2,965.6,78.3,0,3.4,6.1,36,NA,8,0,0,0,0,0,0,0,14,330,330,94,2.7,18.3,4.82,4.6
1993,10,23,19,6,965.4,79.3,0,2.7,4.9,35,NA,NA,0,0,0,0,0,0,0,14,330,330,94,2.7,18.1,4.81,4.5
1993,10,23,20,6,965.3,76.8,0,2.6,4.6,43,NA,NA,0,0,0,0,0,0,0,14,330,330,94,2.2,17.7,4.66,4.3
1993,10,23,21,6.4,965.3,75.1,0,2.8,5.3,56,NA,NA,0,0,0,0,0,0,0,14,332,332,94,2.3,18.2,4.68,4.5
1993,10,23,22,6.7,965.1,76.6,0,2.6,5.9,74,NA,NA,1,0,0,0,0,0,0,14,333,333,94,2.9,19,4.88,4.9
1993,10,23,23,6.5,965.2,78.7,0,1.5,3.8,60,NA,NA,0,0,0,0,0,0,0,14,331,331,94,3.1,18.9,4.95,4.9
1993,10,24,0,6,965.1,82.1,0,1.9,3.4,15,NA,NA,0,0,0,0,0,0,0,14,330,330,94,3.2,18.5,4.99,4.7
1993,10,24,1,6.1,964.7,82.9,0,2.2,5.8,38,NA,NA,0,0,0,0,0,0,0,14,332,332,94,3.4,18.9,5.07,4.8
1993,10,24,2,6.4,964.6,82.2,0,2.9,6.5,69,NA,NA,0,0,0,0,0,0,0,14,331,331,94,3.6,19.3,5.14,5.1
1993,10,24,3,5.9,964.9,85.4,0,0.1,2.8,60,NA,NA,1,0,0,0,0,0,0,14,329,329,94,3.6,18.9,5.15,4.8
1993,10,24,4,6.1,964.9,86.1,0,0.2,3.6,42,NA,NA,0,0,0,0,0,0,0,14,331,331,94,4,19.4,5.27,5.1
1993,10,24,5,6.4,964.9,83.7,0,3.2,6.9,77,NA,NA,0,0,0,0,0,0,0,14,323,323,94,3.8,19.6,5.23,5.2
1993,10,24,6,6,965.6,88.6,0.5,2.9,5.4,69,NA,7,4,4,0,2,2,2,2,14,322,322,94,4.3,19.5,5.38,5.2
1993,10,24,7,6,966.2,89.7,0.3,2.5,5,68,NA,NA,14,14,0,4,5,7,7,14,322,322,94,4.4,19.7,5.44,5.2
1993,10,24,8,6,966.6,89.8,0.5,2.8,5.9,47,NA,NA,22,22,0,8,8,11,11,14,304,312,94,4.5,19.7,5.45,5.3
1993,10,24,9,6.1,966.8,88.8,0.1,2.6,5.2,51,NA,NA,46,46,0,20,19,22,23,14,306,314,94,4.4,19.7,5.42,5.3
1993,10,24,10,6.4,967.5,87.5,0.3,2.1,5.4,58,NA,NA,76,76,0,36,35,36,37,14,307,316,94,4.5,20.1,5.45,5.5
1993,10,24,11,6.3,967.5,84.4,0,3.2,6.1,70,NA,NA,53,53,0,26,23,25,26,14,331,331,96,3.9,19.4,5.22,5.2
1993,10,24,12,6.2,967.8,84.3,0.1,2.8,6.5,73,NA,8,39,39,0,20,16,18,20,14,331,331,96,3.8,19.2,5.18,5.1
1993,10,24,13,6.3,967.9,83.4,0,3.1,5.9,67,NA,NA,29,29,0,15,11,12,15,14,331,331,96,3.7,19.3,5.16,5.1
1993,10,24,14,6.2,968.4,84.5,0,2.7,5.9,35,NA,NA,22,22,0,11,8,8,11,14,330,330,96,3.8,19.2,5.19,5.1
1993,10,24,15,6.1,968.7,80,0,3.2,5.4,35,NA,NA,17,17,0,8,6,5,8,14,330,330,96,2.9,18.4,4.87,4.6
1993,10,24,16,6.1,969.2,79.1,0,3.7,7.1,40,NA,NA,3,3,0,2,1,0,2,14,330,330,96,2.8,18.2,4.81,4.6
1993,10,24,17,6.1,969.9,79.7,0,3.7,5.7,37,NA,NA,0,0,0,0,0,0,0,14,330,330,96,2.9,18.3,4.85,4.6
1993,10,24,18,6.2,970.3,79.2,0,4.3,6.8,43,NA,8,0,0,0,0,0,0,0,14,331,331,96,2.9,18.4,4.85,4.7
1993,10,24,19,6.2,970.8,78.7,0,4.2,6.8,43,NA,NA,0,0,0,0,0,0,0,14,330,330,96,2.8,18.3,4.82,4.6
1993,10,24,20,6.3,971.1,77.1,0,4.7,7.3,43,NA,NA,0,0,0,0,0,0,0,14,332,332,96,2.6,18.3,4.75,4.6
1993,10,24,21,6.3,971.3,78,0,4.7,7.9,41,NA,NA,0,0,0,0,0,0,0,14,331,331,96,2.8,18.4,4.8,4.7
1993,10,24,22,6.2,971.5,79.8,0,5,8.6,42,NA,NA,1,0,0,0,0,0,0,14,330,330,96,3,18.5,4.88,4.7
1993,10,24,23,6.2,971.7,79.7,0,4.5,7.2,40,NA,NA,0,0,0,0,0,0,0,14,323,326,96,3,18.5,4.87,4.7
1993,10,25,0,6.4,971.8,77.6,0,5,8.4,43,NA,NA,1,0,0,0,0,0,0,14,323,327,96,2.8,18.5,4.81,4.7
1993,10,25,1,6.3,971.6,78,0,5.5,9.4,44,NA,NA,0,0,0,0,0,0,0,14,323,326,96,2.8,18.4,4.8,4.7
1993,10,25,2,6.3,971.8,77.7,0,4.8,8.5,45,NA,NA,0,0,0,0,0,0,0,14,332,332,96,2.7,18.3,4.78,4.7
1993,10,25,3,6.4,971.9,75.8,0,5.2,8.6,45,NA,NA,0,0,0,0,0,0,0,14,332,332,96,2.4,18.2,4.7,4.6
1993,10,25,4,6.2,972.3,77.1,0,4,6.4,42,NA,NA,0,0,0,0,0,0,0,14,331,331,96,2.5,18.1,4.71,4.5
1993,10,25,5,6.2,972.5,76.8,0,4.7,7.5,46,NA,NA,0,0,0,0,0,0,0,14,331,331,94,2.4,18,4.69,4.5
1993,10,25,6,6.1,973.4,78.1,0,4.1,7.3,45,NA,8,2,2,0,1,1,1,1,14,330,330,94,2.6,18,4.73,4.5
1993,10,25,7,6.2,973.9,77.8,0,4,7.1,47,NA,NA,14,14,0,4,5,7,7,14,331,331,94,2.6,18.1,4.74,4.6
1993,10,25,8,6.5,974.4,76.7,0,4.5,7.6,54,NA,NA,29,29,0,11,12,14,15,14,333,333,94,2.7,18.5,4.77,4.8
1993,10,25,9,6.8,974.9,77.1,0,4.2,7.9,57,NA,NA,50,50,0,23,21,24,25,14,334,334,94,3.1,19.1,4.9,5.1
1993,10,25,10,7,975,75,0,4.4,8.3,56,NA,NA,81,81,0,39,38,38,39,14,335,335,94,2.9,19.2,4.83,5.1
1993,10,25,11,7.3,974.7,74.4,0,4.2,7.5,61,NA,NA,96,96,0,47,47,45,46,14,336,336,94,3.1,19.6,4.89,5.3
1993,10,25,12,7.5,974.8,73.3,0,3.7,7.1,66,NA,8,72,72,0,35,33,34,35,14,338,338,94,3,19.8,4.88,5.4
1993,10,25,13,7.6,974.8,69.3,0,4.4,7.1,59,NA,NA,68,68,0,33,31,31,33,14,337,337,94,2.3,19.3,4.65,5.2
1993,10,25,14,7.5,974.9,71.2,0,4.4,7.3,52,NA,NA,51,51,0,25,22,22,25,14,336,336,94,2.6,19.5,4.74,5.2
1993,10,25,15,7.2,975.2,71.3,0,4.7,7.8,50,NA,NA,15,15,0,7,6,4,7,14,335,335,94,2.4,18.9,4.65,5
1993,10,25,16,7.1,975.5,71.7,0,4.5,7.7,46,NA,NA,3,3,0,2,1,0,2,14,334,334,94,2.3,18.8,4.64,4.9
1993,10,25,17,6.8,975.9,73.2,0,4.6,8.4,43,NA,NA,0,0,0,0,0,0,0,14,333,333,94,2.3,18.5,4.64,4.8
1993,10,25,18,6.7,976,73.4,0,4.2,7.4,42,NA,8,0,0,0,0,0,0,0,14,333,333,94,2.3,18.3,4.62,4.7
1993,10,25,19,6.7,976.2,74.3,0,4.4,7.6,42,NA,NA,0,0,0,0,0,0,0,14,333,333,94,2.5,18.5,4.68,4.8
1993,10,25,20,6.7,976.5,75.4,0,3.7,6.3,37,NA,NA,0,0,0,0,0,0,0,14,333,333,94,2.7,18.7,4.75,4.9
1993,10,25,21,6.7,976.5,76,0,3.1,5.8,36,NA,NA,1,0,0,0,0,0,0,14,333,333,94,2.8,18.7,4.79,4.9
1993,10,25,22,6.6,976.6,76.5,0,3,5.5,31,NA,NA,0,0,0,0,0,0,0,14,332,332,94,2.8,18.6,4.78,4.9
1993,10,25,23,6.6,976.6,77.4,0,3.1,4.9,36,NA,NA,0,0,0,0,0,0,0,14,333,333,94,2.9,18.8,4.84,4.9
1993,10,26,0,6.4,976.7,79.1,0,2.4,5,27,NA,NA,0,0,0,0,0,0,0,14,331,331,94,3,18.7,4.88,4.8
1993,10,26,1,6.3,976.5,80,0,1.6,3.2,29,NA,NA,0,0,0,0,0,0,0,14,332,332,94,3.1,18.6,4.9,4.8
1993,10,26,2,6.3,976.4,80.4,0,1.5,2.5,31,NA,NA,2,0,0,0,0,0,0,14,331,331,94,3.2,18.7,4.93,4.9
1993,10,26,3,6.5,976.1,77.3,0,2.7,4.7,46,NA,NA,0,0,0,0,0,0,0,14,332,332,94,2.8,18.6,4.8,4.8
1993,10,26,4,6.6,976,76.8,0,3.4,5.8,47,NA,NA,0,0,0,0,0,0,0,14,333,333,94,2.8,18.7,4.81,4.9
1993,10,26,5,6.5,975.9,78.2,0,3.2,5.1,45,NA,NA,0,0,0,0,0,0,0,14,332,332,94,3,18.7,4.86,4.9
1993,10,26,6,6.3,976,80.1,0,2.6,4,38,NA,8,4,4,0,2,2,2,2,14,331,331,94,3.1,18.7,4.91,4.8
1993,10,26,7,6.5,976.1,79.2,0,2.3,3.9,33,NA,NA,31,31,0,13,14,15,15,14,334,334,94,3.2,18.9,4.92,5
1993,10,26,8,7.2,976.1,76.6,0,2.7,4.4,40,NA,NA,77,77,0,40,39,35,36,14,336,336,94,3.4,19.8,5,5.4
1993,10,26,9,7.6,976.1,72.8,0,4.2,7.4,55,NA,NA,131,131,0,70,74,58,59,14,338,338,94,3,19.9,4.88,5.5
1993,10,26,10,8.1,975.9,72.6,0,3.8,7.9,72,NA,NA,210,198,25,116,166,86,86,14,342,342,94,3.5,20.8,5.04,5.9
1993,10,26,11,8.5,975.4,67.8,0,3.8,6.8,71,NA,NA,284,239,87,123,290,112,102,14,334,339,94,2.9,20.7,4.83,5.9
1993,10,26,12,8.7,975.3,65.8,0,3.9,8.2,72,NA,7,252,245,14,104,212,130,100,14,334,338,94,2.7,20.7,4.75,5.9
1993,10,26,13,8.6,975.2,64.6,0,4.5,7.5,67,NA,NA,191,187,7,81,129,107,81,14,333,336,94,2.3,20.3,4.64,5.7
1993,10,26,14,8.4,975.1,67.5,0,4.7,8,71,NA,NA,165,144,62,64,159,156,64,14,331,334,94,2.7,20.5,4.78,5.7
1993,10,26,15,8.1,974.9,69.4,0,3.3,6,78,NA,NA,56,56,0,26,28,29,26,14,330,331,94,2.8,20.2,4.82,5.6
1993,10,26,16,7.7,975,70.4,0,3.4,5.6,47,NA,NA,8,8,0,4,3,2,4,14,328,328,94,2.7,19.7,4.75,5.4
1993,10,26,17,7.3,975.5,73.5,0,3.5,5.6,47,NA,NA,0,0,0,0,0,0,0,14,335,335,94,2.9,19.5,4.83,5.3
1993,10,26,18,6.9,975.5,75.1,0,3.6,5.6,44,NA,8,0,0,0,0,0,0,0,14,333,333,94,2.8,19,4.8,5
1993,10,26,19,6.6,975.7,75.4,0,3.1,6,57,NA,NA,0,0,0,0,0,0,0,14,333,333,94,2.6,18.5,4.72,4.8
1993,10,26,20,6.5,976,76.5,0,3.7,5.5,47,NA,NA,0,0,0,0,0,0,0,14,332,332,94,2.7,18.5,4.75,4.8
1993,10,26,21,6.5,976.2,75.8,0,3.4,5.9,50,NA,NA,0,0,0,0,0,0,0,14,331,331,94,2.5,18.4,4.71,4.7
1993,10,26,22,6.4,976.3,75.1,0,3.5,5.2,50,NA,NA,0,0,0,0,0,0,0,14,331,331,94,2.3,18.1,4.63,4.5
1993,10,26,23,6.3,976.3,75.6,0,3,5,45,NA,NA,0,0,0,0,0,0,0,14,331,331,94,2.3,18,4.63,4.5
1993,10,27,0,6.4,976.2,73.5,0,3.6,6.6,47,NA,NA,0,0,0,0,0,0,0,14,332,332,94,2,17.8,4.53,4.4
1993,10,27,1,6.4,976.2,72.8,0,3.4,5.9,48,NA,NA,0,0,0,0,0,0,0,14,332,332,94,1.9,17.7,4.49,4.4
1993,10,27,2,6.3,976,74.1,0,2.4,4.7,57,NA,NA,0,0,0,0,0,0,0,14,331,331,94,2,17.7,4.54,4.4
1993,10,27,3,6.2,976,73.9,0,2.2,4.2,58,NA,NA,1,0,0,0,0,0,0,14,330,330,94,1.9,17.5,4.5,4.3
1993,10,27,4,6.1,976,75.8,0,2.2,4.1,68,NA,NA,0,0,0,0,0,0,0,14,331,331,94,2.2,17.6,4.58,4.3
1993,10,27,5,6.1,975.9,76.5,0,2.1,4.4,62,NA,NA,0,0,0,0,0,0,0,14,330,330,94,2.3,17.7,4.62,4.4
1993,10,27,6,6.1,976.2,73.2,0,2.2,3.6,53,NA,8,4,0,0,0,0,0,0,14,330,330,94,1.7,17.2,4.42,4.1
1993,10,27,7,6.3,976.3,75.4,0,1.9,3.3,43,NA,NA,29,29,0,12,13,14,14,14,332,332,94,2.3,17.9,4.62,4.5
1993,10,27,8,6.7,976.5,71.3,0,3,4.6,52,NA,NA,84,84,0,46,44,38,39,14,334,334,94,1.9,18,4.49,4.5
1993,10,27,9,7.3,976.6,68.8,0,2.9,4.6,57,NA,NA,174,171,7,104,116,73,74,14,337,337,94,2,18.7,4.51,4.9
1993,10,27,10,7.5,976.6,66.8,0,2.8,5,53,NA,NA,204,194,22,112,159,84,85,14,336,336,94,1.7,18.7,4.44,4.9
1993,10,27,11,8.1,975.8,67.2,0,2.8,5.9,72,NA,NA,310,233,150,130,372,116,102,14,323,333,94,2.4,19.9,4.66,5.5
1993,10,27,12,8.6,975.3,65,0,3.3,6.6,70,NA,6,458,149,623,100,741,263,96,14,326,337,94,2.4,20.4,4.66,5.7
1993,10,27,13,8.8,975.2,65.3,0,3.6,6.6,69,NA,NA,391,92,684,77,683,430,77,14,325,337,94,2.7,20.8,4.75,5.9
1993,10,27,14,8.8,975,65.1,0,3.6,6.1,62,NA,NA,266,98,502,68,477,469,68,14,281,313,94,2.6,20.8,4.74,5.9
1993,10,27,15,8.4,974.9,67.9,0,2.8,5.2,73,NA,NA,120,71,246,42,215,309,42,14,278,307,94,2.8,20.5,4.81,5.8
1993,10,27,16,7.5,975.1,72.7,0,2.5,4.9,71,NA,NA,19,19,0,9,10,12,9,14,275,300,94,2.9,19.7,4.84,5.4
1993,10,27,17,6.3,975.8,79.1,0,2.5,5.1,55,NA,NA,0,0,0,0,0,0,0,14,293,305,94,3,18.5,4.85,4.8
1993,10,27,18,5.7,976,81.8,0,2,3.5,39,NA,4,0,0,0,0,0,0,0,14,294,307,94,2.8,17.8,4.81,4.4
1993,10,27,19,6.1,976.1,78.3,0,3.2,5.5,41,NA,NA,0,0,0,0,0,0,0,14,296,310,94,2.6,18,4.73,4.5
1993,10,27,20,6,976.5,77.5,0,3.4,6,36,NA,NA,0,0,0,0,0,0,0,14,329,329,94,2.4,17.7,4.65,4.4
1993,10,27,21,5.4,976.5,79.9,0,2.9,4.5,29,NA,NA,0,0,0,0,0,0,0,14,327,327,94,2.2,17,4.6,4
1993,10,27,22,5.6,976.5,79.2,0,2.7,4,25,NA,NA,0,0,0,0,0,0,0,14,328,328,94,2.3,17.2,4.62,4.1
1993,10,27,23,5.7,976.6,78.5,0,2.6,4.5,28,NA,NA,0,0,0,0,0,0,0,14,328,328,94,2.3,17.3,4.61,4.2
1993,10,28,0,5.7,976.5,79.3,0,2.8,4.3,34,NA,NA,0,0,0,0,0,0,0,14,328,328,94,2.4,17.4,4.66,4.2
1993,10,28,1,5.6,976.3,79.7,0,2.6,4.6,35,NA,NA,0,0,0,0,0,0,0,14,328,328,94,2.4,17.3,4.65,4.2
1993,10,28,2,5.5,975.9,80.9,0,2.6,4.7,40,NA,NA,0,0,0,0,0,0,0,14,327,327,94,2.5,17.3,4.69,4.1
1993,10,28,3,5.5,975.8,81.5,0,2.6,4.4,36,NA,NA,0,0,0,0,0,0,0,14,327,327,94,2.6,17.4,4.73,4.2
1993,10,28,4,5.3,975.7,82.4,0,1.8,3.4,31,NA,NA,0,0,0,0,0,0,0,14,327,327,94,2.5,17.1,4.71,4
1993,10,28,5,5.3,975.4,83,0,1.8,3.4,37,NA,NA,0,0,0,0,0,0,0,14,326,326,94,2.7,17.2,4.75,4.1
1993,10,28,6,5.2,975.6,83.3,0,1.9,3,30,NA,8,4,0,0,0,0,0,0,14,326,326,94,2.6,17.1,4.73,4
1993,10,28,7,5.4,975.6,82.2,0,2.4,4,32,NA,NA,37,37,0,18,18,17,18,14,328,328,94,2.6,17.3,4.73,4.1
1993,10,28,8,5.7,975.5,80.9,0,2.6,4.6,42,NA,NA,112,110,8,81,77,48,49,14,321,323,94,2.7,17.7,4.76,4.3
1993,10,28,9,6.4,975.2,80.9,0,2.8,4.7,56,NA,NA,145,143,5,82,90,63,64,14,325,326,94,3.4,19,5,5
1993,10,28,10,7.1,974.8,77.7,0,2.2,4.7,74,NA,NA,256,210,96,155,268,92,92,14,329,333,94,3.5,19.8,5.04,5.4
1993,10,28,11,7.7,974.1,74.6,0,2.3,5.2,73,NA,NA,423,218,403,147,609,124,108,14,296,324,94,3.5,20.4,5.04,5.7
1993,10,28,12,8.9,973.3,72.8,0,1.9,4.5,69,NA,3,451,128,655,96,751,263,93,14,303,330,94,4.3,22.4,5.35,6.7
1993,10,28,13,9.3,972.7,70.6,0,2.2,4.4,62,NA,NA,379,99,651,78,666,418,78,14,303,329,94,4.2,22.8,5.33,6.8
1993,10,28,14,9.5,972.3,70.4,0,2.2,5.2,54,NA,NA,258,100,480,65,461,451,64,14,278,315,94,4.4,23.1,5.39,7
1993,10,28,15,9.1,972.1,72,0,1.9,3.4,43,NA,NA,114,70,224,41,203,289,41,14,273,306,94,4.3,22.7,5.37,6.8
1993,10,28,16,8,972.4,75.7,0,1.2,2.2,56,NA,NA,17,17,0,8,9,10,8,14,269,293,94,4,21.2,5.24,6.1
1993,10,28,17,6.6,972.7,83.8,0,0.8,1.8,45,NA,NA,0,0,0,0,0,0,0,14,265,284,94,4.1,19.9,5.26,5.4
1993,10,28,18,5.3,973.2,89.4,0,0.3,1.4,15,NA,1,0,0,0,0,0,0,0,14,259,280,94,3.7,18.2,5.13,4.6
1993,10,28,19,4.7,973.5,91.1,0,0.7,1.3,246,NA,NA,0,0,0,0,0,0,0,14,255,280,94,3.4,17.3,5.01,4.1
1993,10,28,20,4.3,973.9,92.8,0,0.3,1.4,258,NA,NA,0,0,0,0,0,0,0,14,316,316,94,3.2,16.7,4.96,3.8
1993,10,28,21,5.5,974,90.8,0,0.7,1.5,254,NA,NA,1,0,0,0,0,0,0,14,320,320,94,4.1,18.8,5.28,4.8
1993,10,28,22,5.3,973.9,91,0,0.5,1.6,285,NA,NA,2,0,0,0,0,0,0,14,317,317,94,4,18.4,5.22,4.7
1993,10,28,23,5.2,974,89.8,0,0.3,1,258,NA,NA,1,0,0,0,0,0,0,14,327,327,94,3.7,18,5.11,4.5
1993,10,29,0,5.6,974,88.6,0,0.4,1.7,42,NA,NA,1,0,0,0,0,0,0,14,329,329,94,3.9,18.6,5.19,4.8
1993,10,29,1,5.8,974,89.3,0,0.3,1.4,71,NA,NA,2,0,0,0,0,0,0,14,330,330,94,4.2,19.1,5.3,5
1993,10,29,2,6,973.6,88.6,0,0.3,1.5,60,NA,NA,0,0,0,0,0,0,0,14,331,331,94,4.3,19.4,5.34,5.2
1993,10,29,3,6.1,973.7,88.1,0,0.6,2,357,NA,NA,2,0,0,0,0,0,0,14,331,331,94,4.3,19.5,5.34,5.2
1993,10,29,4,5.8,973.7,86.6,0,1,2,351,NA,NA,0,0,0,0,0,0,0,14,328,328,94,3.7,18.7,5.14,4.8
1993,10,29,5,5.7,974,87.5,0,0.5,1.3,1,NA,NA,0,0,0,0,0,0,0,14,329,329,94,3.8,18.7,5.16,4.8
1993,10,29,6,6,974.5,88.2,0,0.8,1.7,352,NA,8,2,0,0,0,0,0,0,14,331,331,94,4.2,19.3,5.31,5.1
1993,10,29,7,6.2,975.2,85.3,0,1,2.8,15,NA,NA,17,17,0,5,7,8,8,14,331,331,94,3.9,19.3,5.2,5.1
1993,10,29,8,6.3,975.5,85.8,0,1.2,2.9,64,NA,NA,43,43,0,18,18,20,21,14,332,332,94,4.1,19.5,5.27,5.3
1993,10,29,9,6.5,975.7,84.7,0,1,2.8,111,NA,NA,87,87,0,43,43,40,41,14,333,333,94,4.1,19.8,5.27,5.4
1993,10,29,10,6.8,975.8,82.6,0,1.1,3.8,73,NA,NA,141,141,0,70,80,63,64,14,337,337,94,4.1,20,5.24,5.5
1993,10,29,11,7.3,975.3,80.7,0,1.3,3.2,83,NA,NA,200,192,15,94,150,89,85,14,335,337,94,4.2,20.7,5.31,5.8
1993,10,29,12,7.7,974.7,79.6,0,1.2,3.3,95,NA,8,286,224,128,101,315,154,97,14,341,342,94,4.4,21.3,5.38,6.1
1993,10,29,13,7.8,974.6,78.2,0,1.4,4.1,81,NA,NA,288,193,224,90,398,266,90,14,338,342,94,4.2,21.2,5.32,6.1
1993,10,29,14,8,974.5,79.6,0,1.4,3.7,107,NA,NA,225,115,338,67,377,367,66,14,279,312,94,4.7,21.9,5.5,6.4
1993,10,29,15,7.7,974.6,81.6,0,1.5,2.9,70,NA,NA,104,81,116,41,145,199,40,14,278,305,94,4.8,21.6,5.52,6.3
1993,10,29,16,6.9,974.9,85.6,0,1.3,2.3,67,NA,NA,14,14,0,6,7,7,6,14,275,294,94,4.7,20.7,5.48,5.8
1993,10,29,17,6,975.3,89.2,0,0.9,2.3,21,NA,NA,0,0,0,0,0,0,0,14,286,298,94,4.4,19.5,5.36,5.2
1993,10,29,18,5.5,975.8,90.5,0,0.4,2.6,18,NA,4,0,0,0,0,0,0,0,14,288,300,94,4.1,18.7,5.25,4.8
1993,10,29,19,6,976.3,90.6,0,0.6,1.8,9,NA,NA,0,0,0,0,0,0,0,14,290,306,94,4.6,19.7,5.44,5.3
1993,10,29,20,6.5,976.6,89.5,0,0.2,1.5,27,NA,NA,0,0,0,0,0,0,0,14,334,334,94,4.9,20.5,5.56,5.7
1993,10,29,21,6.7,976.7,88.6,0,1.1,2.9,17,NA,NA,0,0,0,0,0,0,0,14,334,334,94,5,20.8,5.58,5.9
1993,10,29,22,6.5,976.7,87.8,0,0.2,2.8,360,NA,NA,0,0,0,0,0,0,0,14,332,332,94,4.6,20.2,5.46,5.6
1993,10,29,23,6.4,976.7,89,0,0.2,3.4,333,NA,NA,0,0,0,0,0,0,0,14,332,332,94,4.7,20.2,5.49,5.6
1993,10,30,0,6.4,976.5,89.6,0,0,1,0,NA,NA,2,0,0,0,0,0,0,14,332,332,94,4.8,20.3,5.53,5.6
1993,10,30,1,6.3,976.3,89.7,0,0.4,1,300,NA,NA,0,0,0,0,0,0,0,14,332,332,94,4.7,20.1,5.5,5.5
1993,10,30,2,6,975.8,89.5,0,0,0.1,0,NA,NA,0,0,0,0,0,0,0,14,329,329,94,4.4,19.5,5.38,5.2
1993,10,30,3,5.9,975.9,89.5,0,0,1.9,0,NA,NA,1,0,0,0,0,0,0,14,330,330,94,4.3,19.3,5.34,5.1
1993,10,30,4,5.8,975.8,89.2,0,0,2.4,0,NA,NA,0,0,0,0,0,0,0,14,327,327,94,4.2,19.1,5.29,5
1993,10,30,5,5.9,975.8,89.3,0,0,0.1,0,NA,NA,0,0,0,0,0,0,0,14,329,329,94,4.3,19.3,5.33,5.1
1993,10,30,6,5.7,976.2,89.2,0,0,3.4,0,NA,8,1,0,0,0,0,0,0,14,329,329,94,4.1,18.9,5.25,4.9
1993,10,30,7,5.7,976.4,88.6,0,1,4.3,340,NA,NA,10,10,0,3,4,5,5,14,329,329,94,4,18.8,5.21,4.9
1993,10,30,8,5.8,976.3,86.9,0,0.5,3.5,338,NA,NA,29,29,0,11,12,14,14,14,330,330,94,3.8,18.7,5.15,4.9
1993,10,30,9,6,976.4,85.9,0,0.1,3.1,315,NA,NA,51,51,0,23,22,24,25,14,331,331,94,3.8,19,5.16,5
1993,10,30,10,6.4,976.1,87.1,0,0.2,2.1,210,NA,NA,64,64,0,31,29,31,31,14,333,333,94,4.4,19.9,5.38,5.4
1993,10,30,11,6.7,975.5,86.7,0,0.3,2,200,NA,NA,68,68,0,33,31,32,33,14,333,333,94,4.6,20.5,5.47,5.7
1993,10,30,12,6.8,975.1,85.3,0,0.4,4.4,50,NA,8,76,76,0,37,35,36,37,14,335,335,94,4.5,20.4,5.42,5.7
1993,10,30,13,6.8,974.7,84.9,0,0.2,3.3,63,NA,NA,70,70,0,34,32,32,34,14,334,334,94,4.4,20.4,5.4,5.7
1993,10,30,14,6.4,974.5,84.1,0,0.1,2.7,90,NA,NA,64,64,0,31,31,30,31,14,332,332,94,3.9,19.5,5.2,5.2
1993,10,30,15,6.5,974.3,84.8,0,0.1,3.4,90,NA,NA,27,27,0,13,11,10,13,14,332,332,94,4.1,19.8,5.28,5.4
1993,10,30,16,6.2,974.4,85,0,0.3,3.7,50,NA,NA,6,6,0,3,2,1,3,14,331,331,94,3.9,19.2,5.19,5.1
1993,10,30,17,6.4,974.8,85,0,0.3,1.9,360,NA,NA,0,0,0,0,0,0,0,14,333,333,94,4.1,19.6,5.26,5.3
1993,10,30,18,6.4,974.9,85.4,0,0.3,2.3,350,NA,8,0,0,0,0,0,0,0,14,330,330,94,4.1,19.7,5.28,5.3
1993,10,30,19,6.3,975,87,0,0,2.9,0,NA,NA,1,0,0,0,0,0,0,14,332,332,94,4.3,19.7,5.34,5.4
1993,10,30,20,6.3,975.2,87.3,0,0.1,2.8,360,NA,NA,0,0,0,0,0,0,0,14,332,332,94,4.3,19.8,5.36,5.4
1993,10,30,21,6.4,975.1,87.5,0,0,0.3,0,NA,NA,1,0,0,0,0,0,0,14,332,332,94,4.5,20,5.41,5.5
1993,10,30,22,6.2,975,88,0,0,0.1,0,NA,NA,0,0,0,0,0,0,0,14,331,331,94,4.4,19.7,5.37,5.3
1993,10,30,23,6.1,975,88.3,0,0.2,3.4,360,NA,NA,0,0,0,0,0,0,0,14,330,330,94,4.3,19.6,5.35,5.2
1993,10,31,0,5.8,974.9,88.5,0,0.3,3,360,NA,NA,0,0,0,0,0,0,0,14,329,329,94,4.1,19,5.25,5
1993,10,31,1,5.7,974.6,87.9,0,0,0.1,0,NA,NA,0,0,0,0,0,0,0,14,328,328,94,3.9,18.7,5.18,4.9
1993,10,31,2,5.6,974,88.5,0,0,0.4,0,NA,NA,0,0,0,0,0,0,0,14,328,328,94,3.9,18.6,5.18,4.8
1993,10,31,3,5.5,974,88.1,0,0,1.7,0,NA,NA,0,0,0,0,0,0,0,14,327,327,94,3.7,18.4,5.12,4.7
1993,10,31,4,5.2,973.9,88.7,0,0,0.1,0,NA,NA,1,0,0,0,0,0,0,14,327,327,94,3.5,17.9,5.05,4.4
1993,10,31,5,5.2,973.8,88.5,0,0,1.3,0,NA,NA,0,0,0,0,0,0,0,14,326,326,94,3.5,17.9,5.04,4.4
1993,10,31,6,5.2,973.7,88.7,0,0.3,1,350,NA,8,2,0,0,0,0,0,0,14,327,327,94,3.5,17.9,5.05,4.4
1993,10,31,7,5.4,973.8,87.7,0,0,2.5,0,NA,NA,14,14,0,4,5,7,7,14,327,327,94,3.5,18.1,5.06,4.5
1993,10,31,8,5.5,973.4,86.6,0,0,2.9,0,NA,NA,43,43,0,18,18,20,21,14,328,328,94,3.4,18.2,5.04,4.5
1993,10,31,9,5.7,973.4,86.1,0,0.1,3.5,45,NA,NA,68,68,0,32,32,32,33,14,328,328,94,3.6,18.5,5.08,4.7
1993,10,31,10,5.9,973.6,84.5,0,0.2,3.3,330,NA,NA,89,89,0,43,44,42,43,14,330,330,94,3.5,18.6,5.05,4.8
1993,10,31,11,5.9,973.1,84,0,0.2,2,200,NA,NA,94,94,0,46,46,44,45,14,329,329,94,3.4,18.5,5.02,4.7
1993,10,31,12,6.3,972.6,83.4,0,0.4,2.9,50,NA,8,130,130,0,61,72,62,60,14,332,332,94,3.7,19.2,5.13,5.1
1993,10,31,13,6.8,972.2,81.6,0,0,2,0,NA,NA,206,178,68,79,210,152,78,14,335,335,94,3.9,19.9,5.2,5.4
1993,10,31,14,7,971.7,81,0,0,0.1,0,NA,NA,138,131,22,57,109,105,57,14,327,330,94,4,20.2,5.24,5.6
1993,10,31,15,7.1,971.1,81.2,0,0,0.1,0,NA,NA,52,52,0,24,27,27,24,14,327,327,94,4.1,20.4,5.29,5.7
1993,10,31,16,6.8,971.2,83.7,0,0.1,0.5,20,NA,NA,9,9,0,4,4,3,4,14,323,323,94,4.2,20.3,5.34,5.6
1993,10,31,17,6.6,971.2,85.4,0,0.3,1.5,360,NA,NA,0,0,0,0,0,0,0,14,319,320,94,4.3,20.2,5.38,5.6
1993,10,31,18,6.4,971.3,87,0,0.2,5,360,NA,6,0,0,0,0,0,0,0,14,310,315,94,4.4,20,5.4,5.5
1993,10,31,19,6.2,971.3,88.8,0,0,0.1,0,NA,NA,1,0,0,0,0,0,0,14,302,311,94,4.4,19.8,5.42,5.4
1993,10,31,20,6.3,970.8,88.9,0,0,0.1,0,NA,NA,0,0,0,0,0,0,0,14,302,311,94,4.6,20,5.46,5.4
1993,10,31,21,6.7,969.9,88,0,0,0.1,0,NA,NA,0,0,0,0,0,0,0,14,301,311,94,4.8,20.7,5.57,5.8
1993,10,31,22,7,968.9,87.6,0,0,0.1,0,NA,NA,1,0,0,0,0,0,0,14,305,315,94,5.1,21.4,5.69,6
1993,10,31,23,7.7,967.5,86.4,0,0,0.1,0,NA,NA,0,0,0,0,0,0,0,14,312,321,94,5.5,22.6,5.9,6.6
1985,11,1,0,8.4,966.2,85.5,0,4.7,10.4,222,NA,NA,0,0,0,0,0,0,0,14,320,327,94,6,23.8,6.12,7.2
1985,11,1,1,9,964.8,85,0,2.3,6.3,224,NA,NA,0,0,0,0,0,0,0,14,329,334,94,6.6,25.1,6.36,7.7
1985,11,1,2,9.3,963.9,85.8,0,1.4,5,230,NA,NA,0,0,0,0,0,0,0,14,337,340,94,7,25.9,6.56,8.1
1985,11,1,3,9.6,963.1,86.9,0.1,1.4,3.6,216,NA,NA,0,0,0,0,0,0,0,14,343,344,94,7.5,26.7,6.78,8.5
1985,11,1,4,9.6,962.7,89.3,0.7,1.9,4.6,216,NA,NA,0,0,0,0,0,0,0,14,346,347,94,7.9,27.1,6.95,8.7
1985,11,1,5,9.4,962.8,91.7,0.1,2,4.9,244,NA,NA,0,0,0,0,0,0,0,14,346,347,96,8.1,27.2,7.05,8.7
1985,11,1,6,9.2,963,93.9,0.7,2.6,4.9,243,NA,8,2,0,0,0,0,0,0,14,345,346,96,8.2,27.1,7.11,8.6
1985,11,1,7,9.2,963.1,94.5,0,0.8,2.9,289,NA,NA,19,19,0,6,8,9,9,14,342,344,96,8.3,27.2,7.16,8.7
1985,11,1,8,9.4,963.2,94.6,0.2,1.3,3.4,228,NA,NA,28,28,0,11,11,14,14,14,332,338,96,8.6,27.8,7.29,9
1985,11,1,9,9.2,963.2,95,3.4,2.2,4,245,NA,NA,27,27,0,11,10,13,14,14,332,338,96,8.4,27.4,7.22,8.8
1985,11,1,10,10.3,962.7,91.9,0.2,1.5,4.4,205,NA,NA,206,176,65,124,206,80,80,14,338,346,96,9,29.3,7.53,9.6
1985,11,1,11,10.4,962.2,84,0.3,3.8,7.4,212,NA,NA,92,92,0,44,45,43,44,14,332,341,96,7.8,27.9,6.92,9
1985,11,1,12,9.9,961.9,86.3,0,3.2,6,219,NA,7,123,123,0,57,67,58,57,14,343,346,96,7.7,27.3,6.88,8.7
1985,11,1,13,10.7,961.3,75.1,0,4.2,9,218,NA,NA,145,143,4,65,90,77,64,14,347,349,96,6.5,26.7,6.31,8.5
1985,11,1,14,10.5,961.8,66.4,0,3.5,8.3,232,NA,NA,59,59,0,28,27,27,28,14,323,335,96,4.5,24.4,5.5,7.5
1985,11,1,15,10.4,962,59.8,0,1.9,6.8,250,NA,NA,39,39,0,19,18,18,19,14,322,335,96,2.9,22.8,4.91,6.8
1985,11,1,16,10.2,962.4,56.8,0,2.1,8.3,241,NA,NA,7,7,0,4,3,2,4,14,319,332,96,2,21.8,4.6,6.4
1985,11,1,17,9.4,963.2,62.8,0,1.7,4.1,250,NA,NA,0,0,0,0,0,0,0,14,302,314,94,2.7,21.6,4.82,6.2
1985,11,1,18,7.5,963.5,69.6,0,0.9,4.2,242,NA,4,0,0,0,0,0,0,0,14,288,301,94,2.3,19.3,4.69,5.1
1985,11,1,19,7.2,963.6,76.5,0,0.9,3.5,227,NA,NA,0,0,0,0,0,0,0,14,293,307,94,3.4,19.9,5.05,5.4
1985,11,1,20,7.7,963.4,72,0,1.3,5,222,NA,NA,1,0,0,0,0,0,0,14,320,322,94,3,20.1,4.92,5.5
1985,11,1,21,7.4,963.5,72.7,0,1.2,3.3,239,NA,NA,0,0,0,0,0,0,0,14,319,322,94,2.8,19.7,4.87,5.3
1985,11,1,22,6.8,963.2,76.4,0,1.4,2.8,250,NA,NA,2,0,0,0,0,0,0,14,317,318,94,2.9,19.2,4.91,5
1985,11,1,23,6.9,962.9,77.9,0,1.6,3.1,238,NA,NA,0,0,0,0,0,0,0,14,334,334,94,3.3,19.6,5.05,5.2
1985,11,2,0,7.6,962.8,70.1,0,2.7,5.9,234,NA,NA,0,0,0,0,0,0,0,14,336,336,94,2.5,19.6,4.76,5.3
1985,11,2,1,7.1,962.5,69,0,1.6,4,203,NA,NA,0,0,0,0,0,0,0,14,336,336,94,1.8,18.5,4.53,4.7
1985,11,2,2,7.2,962.3,66.9,0,1.7,4.6,215,NA,NA,0,0,0,0,0,0,0,14,336,336,94,1.5,18.3,4.42,4.6
1985,11,2,3,7.1,962.2,67.5,0,1.3,4.1,193,NA,NA,1,0,0,0,0,0,0,14,334,334,94,1.5,18.3,4.43,4.6
1985,11,2,4,6.9,962,68.6,0,2,4.4,205,NA,NA,0,0,0,0,0,0,0,14,333,333,94,1.5,18.1,4.44,4.5
1985,11,2,5,7,961.9,66.5,0,1.7,4.2,200,NA,NA,0,0,0,0,0,0,0,14,325,325,94,1.2,17.9,4.34,4.4
1985,11,2,6,6.9,961.9,66.9,0,1.8,4.2,202,NA,7,0,0,0,0,0,0,0,14,325,325,94,1.2,17.8,4.33,4.4
1985,11,2,7,7,962.3,67,0,1.5,3.2,202,NA,NA,19,19,0,6,8,9,9,14,326,326,94,1.3,18,4.37,4.5
1985,11,2,8,7,962.1,69.5,0,1.9,3.8,224,NA,NA,38,38,0,16,16,18,19,14,335,335,94,1.8,18.4,4.53,4.7
1985,11,2,9,7.3,961.8,68.8,0,2,3.7,217,NA,NA,62,62,0,29,28,29,30,14,337,337,94,2,18.8,4.58,4.9
1985,11,2,10,8.1,961.5,64.6,0,2.5,5.3,199,NA,NA,118,118,0,59,64,54,55,14,340,340,94,1.8,19.6,4.54,5.2
1985,11,2,11,8.1,961,64.6,0,3.4,6.3,214,NA,NA,68,68,0,33,31,32,33,14,304,318,94,1.8,19.6,4.55,5.2
1985,11,2,12,8.2,960.4,65.2,0,4.2,6.7,233,NA,8,104,104,0,49,53,49,49,14,305,320,94,2.1,19.9,4.62,5.4
1985,11,2,13,8.9,960,59.4,0,3.2,5.1,224,NA,NA,216,175,102,78,236,166,78,14,305,322,94,1.4,20.1,4.42,5.5
1985,11,2,14,9.6,959.7,53.5,0,2.1,4.5,215,NA,NA,187,143,144,65,242,232,65,14,281,313,94,0.6,20.1,4.17,5.5
1985,11,2,15,9.6,959.3,48.6,0,2.8,5,225,NA,NA,120,64,328,40,263,370,40,14,274,306,94,-0.7,19.2,3.79,5.1
1985,11,2,16,7.2,959.4,59.9,0,1.7,3.5,238,NA,NA,12,12,0,6,7,8,6,14,268,290,94,-0.1,17.2,3.97,4
1985,11,2,17,6.2,959.5,68.2,0,1.2,2.7,223,NA,NA,0,0,0,0,0,0,0,14,263,284,94,0.8,16.8,4.22,3.8
1985,11,2,18,3.3,959.5,84,0,0.9,2.3,248,NA,4,0,0,0,0,0,0,0,14,253,275,94,0.9,13.9,4.24,2.3
1985,11,2,19,2.7,959.6,89.5,0,0.4,1.2,335,NA,NA,0,0,0,0,0,0,0,14,252,272,94,1.1,13.5,4.33,2
1985,11,2,20,1.8,959.6,93,0,0.4,1.6,270,NA,NA,0,0,0,0,0,0,0,14,240,266,94,0.8,12.4,4.22,1.4
1985,11,2,21,1.1,959.6,94,0,0.6,1.5,224,NA,NA,0,0,0,0,0,0,0,14,237,263,94,0.2,11.2,4.06,0.7
1985,11,2,22,0.5,959.5,94.4,0,0.2,1.1,241,NA,NA,0,0,0,0,0,0,0,14,235,260,94,-0.3,10.2,3.9,0.2
1985,11,2,23,0,959.1,94.5,0,0.3,1.2,229,NA,NA,0,0,0,0,0,0,0,14,233,258,94,-0.8,9.4,3.77,-0.3
1985,11,3,0,-0.5,958.8,95,0,0.3,1,215,NA,NA,0,0,0,0,0,0,0,14,228,255,94,-1.2,8.6,3.65,-0.8
1985,11,3,1,-0.6,959,95.9,0,0.9,2.2,224,NA,NA,0,0,0,0,0,0,0,14,226,256,94,-1.2,8.5,3.66,-0.8
1985,11,3,2,-0.4,958.9,94.5,0,0.6,1.6,216,NA,NA,0,0,0,0,0,0,0,14,233,258,94,-1.2,8.7,3.66,-0.7
1985,11,3,3,-0.5,958.8,94.7,0,0.7,1.7,222,NA,NA,1,0,0,0,0,0,0,14,232,258,94,-1.2,8.6,3.64,-0.8
1985,11,3,4,-0.6,958.9,95,0,1,2.1,226,NA,NA,0,0,0,0,0,0,0,14,229,257,94,-1.3,8.4,3.62,-0.9
1985,11,3,5,-1.1,959,95.2,0,0.3,1.6,251,NA,NA,1,0,0,0,0,0,0,14,226,253,94,-1.8,7.6,3.5,-1.4
1985,11,3,6,-1.5,958.9,94.8,0,0.3,1.9,234,NA,1,4,0,0,0,0,0,0,14,225,251,94,-2.2,6.9,3.38,-1.8
1985,11,3,7,-0.3,959.3,93.1,0,1.4,2.5,236,NA,NA,74,42,255,293,184,28,28,14,235,262,94,-1.3,8.7,3.63,-0.7
1985,11,3,8,2.1,959.2,88.2,0,0.5,1.5,234,NA,NA,210,66,541,490,455,52,52,14,265,285,94,0.4,12.3,4.09,1.4
1985,11,3,9,4.4,959,71.4,0,0.3,1.4,319,NA,NA,326,124,537,421,590,77,78,14,271,299,94,-0.3,14.2,3.9,2.4
1985,11,3,10,6,959.2,62.7,0,1,2.8,229,NA,NA,325,205,268,226,473,97,96,14,275,304,94,-0.6,15.6,3.82,3.2
1985,11,3,11,6.9,958.9,60.4,0,1,2.6,207,NA,NA,366,216,313,138,539,118,103,14,272,308,94,-0.2,16.8,3.92,3.9
1985,11,3,12,8.1,958.9,54.1,0,1.2,3.5,68,NA,5,419,149,583,97,723,252,93,14,271,315,94,-0.6,17.7,3.81,4.4
1985,11,3,13,8.7,958.8,50.4,0,1,2.8,80,NA,NA,271,192,196,86,362,240,86,14,274,313,94,-1,18,3.7,4.5
1985,11,3,14,9,959,49.6,0,0.5,1.8,107,NA,NA,164,136,92,62,198,189,61,14,273,310,94,-1,18.4,3.71,4.7
1985,11,3,15,8.8,959.3,52.9,0,0.4,1.4,71,NA,NA,76,69,42,33,84,108,33,14,274,305,94,-0.3,18.7,3.91,4.8
1985,11,3,16,7.6,959.7,61.7,0,0.1,1.3,225,NA,NA,8,8,0,4,4,3,4,14,269,292,94,0.7,18.2,4.2,4.6
1985,11,3,17,6.5,960.1,71.2,0,0.1,2.1,23,NA,NA,1,0,0,0,0,0,0,14,279,299,94,1.7,17.8,4.5,4.4
1985,11,3,18,6.1,960.7,75.7,0,1,2.1,232,NA,7,0,0,0,0,0,0,0,14,272,293,94,2.1,17.8,4.65,4.3
1985,11,3,19,5,961.1,82.5,0,0.3,1.7,273,NA,NA,1,0,0,0,0,0,0,14,276,296,94,2.3,16.8,4.69,3.8
1985,11,3,20,5.2,961.6,83.5,0,0,0.8,315,NA,NA,1,0,0,0,0,0,0,14,275,295,94,2.6,17.3,4.81,4
1985,11,3,21,3.9,962,87.9,0,0.1,0.9,27,NA,NA,1,0,0,0,0,0,0,14,266,282,94,2.1,15.5,4.62,3.1
1985,11,3,22,2.4,962.2,91.3,0,0.2,1,238,NA,NA,0,0,0,0,0,0,0,14,259,276,94,1.1,13.2,4.31,1.9
1985,11,3,23,1.6,962.5,93.1,0,0.2,1,225,NA,NA,1,0,0,0,0,0,0,14,238,265,94,0.6,12,4.15,1.2
1985,11,4,0,1,962.6,93,0,0.4,1.2,233,NA,NA,1,0,0,0,0,0,0,14,237,262,94,0,10.9,3.97,0.6
1985,11,4,1,0.4,962.9,94.2,0,0.8,1.4,230,NA,NA,0,0,0,0,0,0,0,14,234,261,94,-0.4,10,3.85,0.1
1985,11,4,2,0.4,963.1,93.8,0,0.2,1.1,252,NA,NA,3,0,0,0,0,0,0,14,242,266,94,-0.5,10,3.83,0
1985,11,4,3,0.1,963,94.3,0,0,0.1,0,NA,NA,0,0,0,0,0,0,0,14,243,265,94,-0.7,9.5,3.77,-0.2
1985,11,4,4,0.1,962.8,94.6,0,0,0.1,0,NA,NA,0,0,0,0,0,0,0,14,242,265,94,-0.7,9.5,3.78,-0.2
1985,11,4,5,-0.3,962.6,94.6,0,0.1,1.3,225,NA,NA,0,0,0,0,0,0,0,14,238,261,94,-1.1,8.9,3.67,-0.6
1985,11,4,6,-0.6,962.7,94.8,0,0.6,1.4,233,NA,1,3,0,0,0,0,0,0,14,238,260,94,-1.3,8.4,3.6,-0.9
1985,11,4,7,0.2,963.3,94.3,0,0.2,1.2,270,NA,NA,67,45,185,230,147,26,26,14,248,269,94,-0.6,9.7,3.8,-0.1
1985,11,4,8,3.7,963.3,92.3,0,0.2,1.3,270,NA,NA,200,75,476,453,423,53,54,14,265,292,94,2.6,15.7,4.78,3.2
1985,11,4,9,5.8,962.9,74.8,0,0.3,1.7,315,NA,NA,212,162,134,206,270,73,74,14,271,301,94,1.7,17.1,4.49,4
1985,11,4,10,7,962.2,65.4,0,0.5,2.3,61,NA,NA,242,206,79,149,261,88,88,14,272,306,94,1,17.7,4.26,4.3
1985,11,4,11,8.3,961.3,59,0,0.4,2,94,NA,NA,353,221,279,137,514,118,102,14,323,336,94,0.8,18.9,4.21,5
1985,11,4,12,9.5,960.1,55.8,0,0.9,2.4,59,NA,6,422,159,574,100,727,254,96,14,328,343,94,1.1,20.4,4.32,5.7
1985,11,4,13,10.1,959.3,51.8,0,0.9,2.3,231,NA,NA,217,171,116,78,271,184,78,14,332,341,94,0.6,20.7,4.18,5.8
1985,11,4,14,10,958.5,56.8,0,1.3,2.4,80,NA,NA,170,130,135,60,222,211,60,14,283,316,94,1.8,21.5,4.56,6.2
1985,11,4,15,9.4,958.3,61.2,0,0.5,1.9,96,NA,NA,62,60,12,27,44,51,27,14,281,307,94,2.3,21.3,4.72,6.1
1985,11,4,16,8.3,958.4,68.8,0,1.1,2.1,65,NA,NA,7,7,0,3,3,3,3,14,278,301,94,2.9,20.7,4.92,5.8
1985,11,4,17,8,958.5,71.7,0,1,1.9,47,NA,NA,0,0,0,0,0,0,0,14,339,339,94,3.2,20.7,5.03,5.7
1985,11,4,18,7.8,958.5,74.4,0,0.8,4.5,20,NA,8,2,0,0,0,0,0,0,14,338,338,94,3.5,20.8,5.15,5.8
1985,11,4,19,7.3,959.3,84.1,1,0.7,1.9,166,NA,NA,0,0,0,0,0,0,0,14,337,337,94,4.8,21.5,5.62,6.1
1985,11,4,20,7.2,959.3,93.6,2.1,0.3,1.4,59,NA,NA,1,0,0,0,0,0,0,14,313,320,94,6.2,22.9,6.22,6.7
1985,11,4,21,7.8,958.8,93.8,1.3,0.3,2.7,248,NA,NA,0,0,0,0,0,0,0,14,318,323,94,6.9,24.2,6.5,7.3
1985,11,4,22,8.7,958,94.4,1,0.3,1.6,228,NA,NA,2,0,0,0,0,0,0,14,321,327,94,7.9,26.3,6.97,8.3
1985,11,4,23,8.9,957.6,94.8,1.6,0.8,4,232,NA,NA,1,0,0,0,0,0,0,14,307,321,94,8.1,26.8,7.1,8.5
1985,11,5,0,9.2,957.1,94.8,2.4,3.4,5.3,250,NA,NA,0,0,0,0,0,0,0,14,309,323,94,8.4,27.5,7.25,8.8
1985,11,5,1,9.3,957,94.8,1.1,4.1,6.1,232,NA,NA,1,0,0,0,0,0,0,14,309,323,94,8.5,27.7,7.3,8.9
1985,11,5,2,9.6,957.3,95,1.3,4.4,7.1,248,NA,NA,0,0,0,0,0,0,0,14,319,329,94,8.8,28.4,7.46,9.2
1985,11,5,3,9.9,957.8,95.2,0.4,4,6.7,235,NA,NA,1,0,0,0,0,0,0,14,319,329,94,9.2,29.2,7.63,9.5
1985,11,5,4,10.2,957.4,94.1,0,2.9,6.7,236,NA,NA,0,0,0,0,0,0,0,14,323,332,94,9.3,29.6,7.7,9.7
1985,11,5,5,10.6,957.3,91.8,0.4,4.8,7.6,251,NA,NA,0,0,0,0,0,0,0,14,331,341,96,9.3,30.1,7.71,9.9
1985,11,5,6,10.9,956.7,91.1,0,3.8,6.8,256,NA,8,0,0,0,0,0,0,0,14,334,342,96,9.5,30.7,7.82,10.1
1985,11,5,7,11.5,956.9,86.7,0,5.4,8.3,251,NA,NA,17,17,0,6,7,8,8,14,336,345,96,9.4,31.1,7.74,10.3
1985,11,5,8,12.2,956.6,83.1,0,4.4,8.1,226,NA,NA,70,70,0,37,36,32,33,14,325,341,96,9.4,31.9,7.77,10.6
1985,11,5,9,13.5,955.8,75.5,0,6.4,11.6,228,NA,NA,156,137,53,124,154,62,63,14,332,350,96,9.3,33,7.69,11.2
1985,11,5,10,15.7,954.7,65.4,0,7.8,12.6,227,NA,NA,349,187,367,248,545,95,94,14,341,363,96,9.2,35.2,7.69,12
1985,11,5,11,16.5,953.3,61.5,0,7,11.7,246,NA,NA,247,205,88,108,269,99,90,14,332,360,96,9.1,35.9,7.62,12.3
1985,11,5,12,15.9,951.6,62.9,0,6.3,10.6,223,NA,8,60,60,0,29,26,28,29,14,328,351,96,8.8,35,7.51,11.9
1985,11,5,13,13.6,951.9,83.8,1.6,5.1,9.8,225,NA,NA,28,28,0,14,11,12,14,14,323,343,96,10.9,35.5,8.64,12
1985,11,5,14,12.9,951.5,91.4,3.5,4.8,10.1,218,NA,NA,12,12,0,6,4,4,6,14,344,353,96,11.5,35.7,9.01,12.1
1985,11,5,15,12.8,951.3,93.3,3.2,4.2,9.6,211,NA,NA,7,7,0,4,2,2,4,14,343,352,96,11.7,36,9.15,12.2
1985,11,5,16,12.7,950.4,93.1,1.9,5.2,11.9,209,NA,NA,0,0,0,0,0,0,0,14,343,352,96,11.6,35.7,9.07,12.1
1985,11,5,17,12.7,950.3,92.3,4.2,6.7,13.8,216,NA,NA,1,0,0,0,0,0,0,14,351,355,96,11.5,35.5,9,12
1985,11,5,18,12.9,949.6,89.1,1,5.5,13.8,204,NA,8,0,0,0,0,0,0,0,14,352,356,96,11.1,35.2,8.8,11.9
1985,11,5,19,13.8,949,79.6,0,6.6,14.6,205,NA,NA,0,0,0,0,0,0,0,14,356,359,96,10.3,34.9,8.34,11.8
1985,11,5,20,14.8,947.9,70,0,7.8,16.2,204,NA,NA,0,0,0,0,0,0,0,14,361,365,96,9.4,34.7,7.83,11.8
1985,11,5,21,12.5,951.6,80.2,4.5,7.2,16,237,NA,NA,1,0,0,0,0,0,0,14,343,349,96,9.2,32,7.69,10.7
1985,11,5,22,12,952.4,69.8,0.1,2,14.9,268,NA,NA,0,0,0,0,0,0,0,14,342,346,96,6.7,28.3,6.46,9.2
1985,11,5,23,12,953.5,67.2,0,1.8,8.4,255,NA,NA,0,0,0,0,0,0,0,14,349,349,96,6.1,27.7,6.21,8.9
1985,11,6,0,10.1,955.1,53,0,6.2,14.8,283,NA,NA,0,0,0,0,0,0,0,14,337,339,96,1,21,4.29,5.9
1985,11,6,1,9.2,957.1,51.4,0,5.5,14.3,303,NA,NA,0,0,0,0,0,0,0,14,331,333,96,-0.3,19.1,3.91,5
1985,11,6,2,8.1,958.5,53.5,0,3.2,8.9,284,NA,NA,0,0,0,0,0,0,0,14,283,308,96,-0.8,17.6,3.77,4.3
1985,11,6,3,8,959.1,55.4,0,2.9,9.3,234,NA,NA,0,0,0,0,0,0,0,14,281,308,96,-0.4,17.8,3.88,4.4
1985,11,6,4,6.9,959.6,71.4,0,3.3,9.5,203,NA,NA,2,0,0,0,0,0,0,14,281,306,96,2.1,18.6,4.64,4.7
1985,11,6,5,6.5,960.6,77,0.1,3.8,7.7,202,NA,NA,0,0,0,0,0,0,0,14,331,331,96,2.8,18.7,4.86,4.8
1985,11,6,6,6.5,961,80.2,0,1.9,4.8,190,NA,8,2,0,0,0,0,0,0,14,332,332,96,3.3,19.2,5.06,5
1985,11,6,7,6.9,962.1,76,0,3.8,8,203,NA,NA,28,28,0,13,13,13,13,14,334,334,96,3,19.3,4.93,5.1
1985,11,6,8,6.9,963,78.6,0.6,3,7.4,199,NA,NA,95,93,6,68,65,41,42,14,327,328,96,3.4,19.7,5.09,5.3
1985,11,6,9,7.2,963.5,76.3,0.2,4,7.6,205,NA,NA,129,128,1,72,78,56,57,14,329,330,96,3.3,19.9,5.04,5.4
1985,11,6,10,8,964.2,73.6,0.1,4.9,10.2,218,NA,NA,196,182,32,110,167,78,79,14,333,334,96,3.6,20.9,5.13,5.9
1985,11,6,11,8.2,964.1,68.3,0,6.3,10.1,215,NA,NA,294,213,175,123,391,108,95,14,328,336,96,2.7,20.4,4.83,5.6
1985,11,6,12,7.9,963.8,70.7,0,5.6,8.5,229,NA,7,204,173,69,81,211,112,78,14,336,339,96,2.9,20.2,4.9,5.6
1985,11,6,13,8.8,963.3,64,0,4.3,8.1,215,NA,NA,287,167,309,83,451,286,83,14,336,343,96,2.4,20.7,4.71,5.8
1985,11,6,14,8.5,963,61.7,0,2.7,5.5,203,NA,NA,134,119,53,53,136,128,53,14,305,324,96,1.6,19.7,4.45,5.4
1985,11,6,15,8.1,963,63.8,0,2,4.7,213,NA,NA,55,54,2,25,32,34,25,14,301,317,96,1.7,19.4,4.48,5.2
1985,11,6,16,6.7,962.7,70.7,0,0.6,2.7,194,NA,NA,7,7,0,3,3,3,3,14,296,307,96,1.8,18.1,4.51,4.5
1985,11,6,17,5.2,962.7,81.1,0,0.2,2,331,NA,NA,0,0,0,0,0,0,0,14,268,286,94,2.2,16.9,4.67,3.9
1985,11,6,18,4,962.5,89.2,0,0.4,2.8,320,NA,5,0,0,0,0,0,0,0,14,264,282,94,2.4,15.8,4.72,3.3
1985,11,6,19,3,962.3,91.9,0,0.8,2.1,215,NA,NA,1,0,0,0,0,0,0,14,263,279,94,1.8,14.4,4.53,2.5
1985,11,6,20,1.7,962.6,94.6,0,0.7,1.8,218,NA,NA,0,0,0,0,0,0,0,14,237,265,94,0.9,12.3,4.25,1.4
1985,11,6,21,1.3,962.7,94.3,0,0.6,1.9,252,NA,NA,0,0,0,0,0,0,0,14,237,264,94,0.5,11.6,4.11,1
1985,11,6,22,0.5,962.6,95.4,0,0.3,1.3,225,NA,NA,1,0,0,0,0,0,0,14,234,261,94,-0.1,10.3,3.93,0.3
1985,11,6,23,0.1,962.1,95.5,0,0.3,1.1,216,NA,NA,0,0,0,0,0,0,0,14,230,258,94,-0.5,9.6,3.82,-0.1
1985,11,7,0,-0.2,961.9,94.9,0,0.3,1.2,225,NA,NA,0,0,0,0,0,0,0,14,231,258,94,-0.9,9.1,3.72,-0.5
1985,11,7,1,-0.2,961.9,94.7,0,0.6,1.4,222,NA,NA,1,0,0,0,0,0,0,14,232,258,94,-0.9,9,3.71,-0.5
1985,11,7,2,-0.6,961.9,95.6,0,0.8,1.9,233,NA,NA,0,0,0,0,0,0,0,14,231,257,94,-1.2,8.5,3.64,-0.8
1985,11,7,3,-0.9,962.7,95.7,0,0.5,2,235,NA,NA,0,0,0,0,0,0,0,14,228,254,94,-1.5,8,3.56,-1.1
1985,11,7,4,-1,963.2,95.4,0,0.5,1.9,222,NA,NA,0,0,0,0,0,0,0,14,227,253,94,-1.6,7.8,3.52,-1.2
1985,11,7,5,-1.2,963.6,95.2,0,0.2,1.8,253,NA,NA,0,0,0,0,0,0,0,14,225,251,94,-1.9,7.4,3.46,-1.5
1985,11,7,6,-1.6,964.3,96.4,0,0.7,2.3,248,NA,0,3,0,0,0,0,0,0,14,222,252,94,-2.1,6.8,3.4,-1.8
1985,11,7,7,-0.2,965.2,95.1,0,0.9,2.5,262,NA,NA,64,37,249,278,178,24,24,14,234,261,94,-0.9,9.1,3.71,-0.5
1985,11,7,8,2.1,966,93.2,0,1.4,2.5,224,NA,NA,202,56,585,512,484,50,50,14,257,282,94,1.1,12.8,4.29,1.7
1985,11,7,9,4.4,966.3,75.3,0,2,3.4,228,NA,NA,325,68,718,472,683,66,66,14,263,295,94,0.4,14.6,4.08,2.7
1985,11,7,10,6,966.4,67,0,1.6,3.6,252,NA,NA,411,69,792,321,812,75,74,14,268,305,94,0.3,16.2,4.06,3.5
1985,11,7,11,8.1,966,57,0,2.1,4.6,214,NA,NA,456,78,820,122,875,88,81,14,276,316,94,0.1,18.2,3.99,4.6
1985,11,7,12,9.5,965.9,51.5,0,2.3,4.3,227,NA,2,443,79,819,82,859,271,80,14,289,325,94,0,19.5,3.96,5.3
1985,11,7,13,10.4,966.1,46.8,0,2.9,6.4,206,NA,NA,391,80,809,76,796,473,76,14,295,328,94,-0.5,20.1,3.82,5.6
1985,11,7,14,10.9,966.3,44.1,0,1.8,4.9,201,NA,NA,266,57,731,56,619,576,56,14,291,324,94,-0.8,20.3,3.72,5.7
1985,11,7,15,10.3,966.8,47.1,0,2.8,4.7,229,NA,NA,120,42,513,34,357,496,34,14,287,315,94,-0.5,20,3.82,5.5
1985,11,7,16,7.6,967.2,59.9,0,1.4,2.7,238,NA,NA,0,0,0,0,0,0,0,14,278,297,94,0.3,17.8,4.05,4.4
1985,11,7,17,6.5,968,70.4,0,0.8,1.8,210,NA,NA,0,0,0,0,0,0,0,14,312,312,94,1.5,17.6,4.41,4.3
1985,11,7,18,4.6,968,80.7,0,0.2,2.3,304,NA,6,0,0,0,0,0,0,0,14,305,305,94,1.6,15.7,4.43,3.3
1985,11,7,19,3.3,967.8,88.1,0,0.2,1.1,207,NA,NA,0,0,0,0,0,0,0,14,297,297,94,1.5,14.4,4.41,2.5
1985,11,7,20,2.3,968.2,91.5,0,0.5,1.6,307,NA,NA,0,0,0,0,0,0,0,14,240,266,94,1.1,13,4.27,1.8
1985,11,7,21,1.9,968.4,92.8,0,0.3,1.4,319,NA,NA,0,0,0,0,0,0,0,14,242,265,94,0.9,12.4,4.2,1.5
1985,11,7,22,1.3,967.7,93.8,0,0.2,1,275,NA,NA,1,0,0,0,0,0,0,14,241,267,94,0.4,11.5,4.07,0.9
1985,11,7,23,2.2,967.3,93.4,0,0.6,1.8,188,NA,NA,2,0,0,0,0,0,0,14,248,271,94,1.2,13,4.33,1.8
1985,11,8,0,1.2,967.2,95.1,0,1.2,3.4,240,NA,NA,0,0,0,0,0,0,0,14,246,269,94,0.5,11.4,4.1,0.9
1985,11,8,1,0.7,967.5,94.7,0,0.3,1.3,210,NA,NA,0,0,0,0,0,0,0,14,243,264,94,-0.1,10.5,3.94,0.4
1985,11,8,2,0.4,967.4,94.7,0,0.3,1.6,256,NA,NA,0,0,0,0,0,0,0,14,242,264,94,-0.3,10,3.85,0.1
1985,11,8,3,0.1,967.3,95.6,0,0.8,1.9,227,NA,NA,2,0,0,0,0,0,0,14,242,266,94,-0.5,9.6,3.8,-0.1
1985,11,8,4,0.8,967.1,95.6,0,1,2.4,230,NA,NA,1,0,0,0,0,0,0,14,246,270,94,0.2,10.8,4,0.6
1985,11,8,5,1.3,966.6,96.1,0,0.3,1.4,255,NA,NA,2,0,0,0,0,0,0,14,277,288,94,0.7,11.7,4.18,1.1
1985,11,8,6,2.6,966.2,95.6,0.2,1,3.4,226,NA,7,2,0,0,0,0,0,0,14,283,295,94,2,14,4.56,2.3
1985,11,8,7,3.4,966.1,92.9,0.6,1,2.8,225,NA,NA,20,20,0,8,8,9,10,14,288,300,94,2.4,15.2,4.7,3
1985,11,8,8,4.6,966.7,86.7,1.1,1.8,3.9,216,NA,NA,39,39,0,17,17,19,19,14,263,291,94,2.6,16.6,4.77,3.7
1985,11,8,9,4.5,966.6,90.6,2.3,0.9,3.1,241,NA,NA,39,39,0,17,16,19,19,14,266,293,94,3.1,16.9,4.95,3.9
1985,11,8,10,5.2,966.3,91,1.1,0.5,1.7,63,NA,NA,60,60,0,28,26,29,29,14,270,297,94,3.9,18.3,5.22,4.6
1985,11,8,11,5.9,966.4,90.5,2,0.8,2.6,211,NA,NA,43,43,0,21,18,21,22,14,332,332,96,4.5,19.6,5.45,5.2
1985,11,8,12,6.5,966.2,90.4,0.3,0.6,2.4,106,NA,8,69,69,0,34,31,32,33,14,332,333,96,5,20.8,5.68,5.8
1985,11,8,13,6.8,966.3,90.3,0.3,1.1,2.7,69,NA,NA,44,44,0,22,18,20,22,14,335,335,96,5.3,21.4,5.79,6.1
1985,11,8,14,7.6,966.1,91.3,1,0.9,2.6,130,NA,NA,30,30,0,15,12,12,15,14,324,330,96,6.3,23.2,6.19,6.9
1985,11,8,15,7.7,966,93.2,0.6,0.6,2.2,26,NA,NA,11,11,0,6,4,3,6,14,324,331,96,6.7,23.7,6.37,7.2
1985,11,8,16,8.1,966.1,93.9,0.4,0.2,1.6,270,NA,NA,1,0,0,0,0,0,0,14,326,333,96,7.2,24.7,6.6,7.6
1985,11,8,17,8.4,966.1,93.7,0,0.1,1.8,248,NA,NA,2,0,0,0,0,0,0,14,304,322,96,7.4,25.3,6.72,7.9
1985,11,8,18,8.6,966,93.8,0,0.3,1.8,225,NA,7,3,0,0,0,0,0,0,14,303,321,96,7.7,25.8,6.82,8.1
1985,11,8,19,8.2,965.5,94.6,0,0.6,2.2,87,NA,NA,1,0,0,0,0,0,0,14,302,320,96,7.4,25.1,6.7,7.8
1985,11,8,20,8,965.7,95.3,0,0.1,1.1,90,NA,NA,3,0,0,0,0,0,0,14,284,311,96,7.3,24.8,6.65,7.6
1985,11,8,21,7.7,965.1,95.3,0,0.4,2.1,336,NA,NA,2,0,0,0,0,0,0,14,282,309,96,7,24.1,6.52,7.3
1985,11,8,22,7.5,964.9,95.5,0,0.2,1.5,11,NA,NA,2,0,0,0,0,0,0,14,282,308,96,6.8,23.7,6.45,7.1
1985,11,8,23,7.1,964.6,95.4,0,0.2,1.4,85,NA,NA,2,0,0,0,0,0,0,14,305,317,96,6.4,22.9,6.27,6.7
1985,11,9,0,7.2,964.3,95,0,0.3,2.1,108,NA,NA,3,0,0,0,0,0,0,14,302,315,96,6.5,23,6.28,6.8
1985,11,9,1,7.5,964.1,95.3,0,1,3.3,90,NA,NA,3,0,0,0,0,0,0,14,310,322,96,6.8,23.7,6.44,7.1
1985,11,9,2,8.3,963.9,95.4,0,0.6,2,128,NA,NA,3,0,0,0,0,0,0,14,336,336,96,7.6,25.5,6.81,7.9
1985,11,9,3,9,962.9,94.7,0,0.8,2.5,81,NA,NA,0,0,0,0,0,0,0,14,340,340,96,8.2,26.9,7.1,8.6
1985,11,9,4,9.3,962.9,94.9,0,1,3,80,NA,NA,0,0,0,0,0,0,0,14,339,339,96,8.5,27.6,7.26,8.9
1985,11,9,5,9,962.6,95.2,0,0.3,1.6,81,NA,NA,0,0,0,0,0,0,0,14,337,338,96,8.3,27,7.14,8.6
1985,11,9,6,10.5,962.8,83.6,0,3.3,6.6,222,NA,7,0,0,0,0,0,0,0,14,345,345,96,7.8,28,6.93,9.1
1985,11,9,7,11.6,963.2,73.7,0.1,5.7,9.2,214,NA,NA,35,34,5,27,23,16,16,14,356,356,96,7.1,28.2,6.57,9.2
1985,11,9,8,13.6,963.5,65.4,0,6.1,9.9,210,NA,NA,119,94,105,167,160,45,45,14,346,353,96,7.2,30.4,6.64,10.2
1985,11,9,9,14,963.7,64.6,0,6.5,10,227,NA,NA,84,84,0,42,43,39,40,14,346,356,96,7.4,31.1,6.73,10.4
1985,11,9,10,15.2,963.5,62.1,0,5.6,8.8,229,NA,NA,204,184,47,124,209,80,80,14,356,366,96,8,33,7,11.2
1985,11,9,11,16.7,962.4,55,0,5.5,9.4,218,NA,NA,263,205,129,116,343,103,91,14,326,353,94,7.6,34.1,6.83,11.7
1985,11,9,12,18.3,961.4,50.3,0,5.8,9.8,221,NA,6,331,171,367,94,541,201,89,14,333,362,94,7.8,35.9,6.92,12.4
1985,11,9,13,18.8,960.9,49,0,4.7,9.5,207,NA,NA,209,160,129,74,274,182,74,14,333,361,94,7.9,36.5,6.96,12.7
1985,11,9,14,19.1,960.8,49.4,0,4.4,9.9,206,NA,NA,226,85,512,59,490,452,59,14,336,364,94,8.3,37.3,7.15,13
1985,11,9,15,18.4,961.2,52.4,0,7.6,12.2,214,NA,NA,96,45,347,32,263,358,32,14,332,356,94,8.5,36.9,7.26,12.8
1985,11,9,16,17.1,961,58.4,0,6.2,11.1,207,NA,NA,9,0,0,0,0,0,0,14,325,348,94,8.9,36.1,7.46,12.5
1985,11,9,17,16.2,961.4,65.2,0,5.2,11.2,204,NA,NA,0,0,0,0,0,0,0,14,333,350,94,9.7,36.2,7.86,12.5
1985,11,9,18,16.1,961.7,66.8,0,6.3,12.1,206,NA,3,0,0,0,0,0,0,0,14,333,350,94,9.9,36.4,8,12.5
1985,11,9,19,15.9,962.2,68.3,0,4.6,8.8,210,NA,NA,0,0,0,0,0,0,0,14,333,350,94,10.1,36.4,8.08,12.6
1985,11,9,20,15.7,962.3,70.3,0,2.9,6.9,196,NA,NA,0,0,0,0,0,0,0,14,333,349,94,10.3,36.5,8.21,12.6
1985,11,9,21,15.5,962.1,73,0,3.6,7.6,216,NA,NA,0,0,0,0,0,0,0,14,334,348,94,10.7,36.9,8.42,12.7
1985,11,9,22,15.7,962.8,73.1,0,7.6,13,215,NA,NA,0,0,0,0,0,0,0,14,329,348,94,10.9,37.4,8.53,12.9
1985,11,9,23,15.3,963.2,77.8,0,5.6,11,210,NA,NA,0,0,0,0,0,0,0,14,348,353,94,11.5,37.8,8.85,13.1
1985,11,10,0,14.7,963.1,83,2.3,4.7,9.8,218,NA,NA,0,0,0,0,0,0,0,14,343,351,94,11.8,37.8,9.09,13
1985,11,10,1,14.4,962.2,85.2,0.1,3.6,8.4,215,NA,NA,0,0,0,0,0,0,0,14,345,351,94,11.9,37.6,9.16,12.9
1985,11,10,2,14.9,961.9,79.7,0,5,9.2,216,NA,NA,0,0,0,0,0,0,0,14,345,351,94,11.4,37.4,8.85,12.9
1985,11,10,3,14.5,961.3,82,0.8,4.4,7.7,220,NA,NA,0,0,0,0,0,0,0,14,341,349,94,11.5,37,8.88,12.7
1985,11,10,4,13.6,961.3,90.6,1.3,3.5,7,214,NA,NA,1,0,0,0,0,0,0,14,339,347,94,12.1,37.1,9.26,12.7
1985,11,10,5,13,960.4,94.4,1.2,1.6,5.1,237,NA,NA,0,0,0,0,0,0,0,14,352,356,96,12.1,36.5,9.29,12.5
1985,11,10,6,12.9,960.3,94.5,0,0.8,5.2,265,NA,8,0,0,0,0,0,0,0,14,354,356,96,12,36.3,9.24,12.4
1985,11,10,7,12.8,961.4,88.9,2.9,3.7,12.9,268,NA,NA,3,3,0,1,1,2,2,14,348,353,96,11,34.6,8.62,11.8
1985,11,10,8,11.4,962.8,79.6,0.9,2.8,8.8,223,NA,NA,5,5,0,2,2,3,3,14,339,344,96,8,29.1,7.01,9.6
1985,11,10,9,11,963.2,78.7,0,3,7.5,186,NA,NA,3,3,0,1,1,2,2,14,341,344,96,7.4,28,6.74,9.1
1985,11,10,10,10.7,963.5,82.4,1,3.2,8,182,NA,NA,11,11,0,5,4,6,6,14,337,342,96,7.8,28.2,6.92,9.2
1985,11,10,11,10.5,963,87.9,1,3.4,9.4,186,NA,NA,31,31,0,15,12,15,16,14,314,332,96,8.6,28.9,7.29,9.5
1985,11,10,12,11.1,962.6,86.6,0.1,3.8,8.3,206,NA,8,58,58,0,28,25,27,28,14,318,335,96,9,30,7.48,10
1985,11,10,13,11.5,962.5,81.6,0,3.6,8.6,202,NA,NA,42,42,0,21,17,18,21,14,319,336,96,8.5,29.8,7.24,9.9
1985,11,10,14,11.5,962.8,83,0.1,3.6,7.7,197,NA,NA,29,29,0,14,11,11,14,14,318,335,96,8.7,30.1,7.36,10
1985,11,10,15,11.4,962.9,82.2,0.1,3.8,8.5,202,NA,NA,12,12,0,6,4,4,6,14,318,334,96,8.5,29.7,7.24,9.8
1985,11,10,16,11.5,963.1,79,0,3.6,8.1,193,NA,NA,0,0,0,0,0,0,0,14,317,335,96,8,29.2,7,9.6
1985,11,10,17,11.6,963.8,77.1,0,4.7,9.6,200,NA,NA,0,0,0,0,0,0,0,14,359,359,96,7.7,29,6.87,9.5
1985,11,10,18,10.8,964.9,65.1,0,3.7,9.1,254,NA,8,1,0,0,0,0,0,0,14,351,351,96,4.5,24.7,5.48,7.7
1985,11,10,19,9,965.8,64.4,0,2,6.4,352,NA,NA,0,0,0,0,0,0,0,14,341,341,96,2.7,21.1,4.8,6
1985,11,10,20,8.6,966.4,59.3,0,2.3,6.6,331,NA,NA,1,0,0,0,0,0,0,14,331,334,96,1.1,19.4,4.29,5.2
1985,11,10,21,8.1,967.3,55.2,0,2.6,8,2,NA,NA,0,0,0,0,0,0,0,14,329,332,96,-0.3,17.8,3.86,4.5
1985,11,10,22,7.6,967.7,57.8,0,1,4.2,334,NA,NA,0,0,0,0,0,0,0,14,326,327,96,-0.2,17.4,3.9,4.2
1985,11,10,23,7.4,968.2,58.4,0,1.9,4.5,298,NA,NA,0,0,0,0,0,0,0,14,318,324,96,-0.2,17.2,3.89,4.1
1985,11,11,0,7.2,968.1,55.9,0,0.8,4.2,312,NA,NA,2,0,0,0,0,0,0,14,314,321,96,-1,16.4,3.67,3.7
1985,11,11,1,6.6,968,57.4,0,1,3.1,337,NA,NA,0,0,0,0,0,0,0,14,312,319,96,-1.2,15.7,3.61,3.3
1985,11,11,2,6.2,967.9,56.4,0,0.8,2.8,325,NA,NA,0,0,0,0,0,0,0,14,306,314,96,-1.8,14.9,3.45,2.9
1985,11,11,3,4.7,967.5,60.7,0,1.4,3,31,NA,NA,0,0,0,0,0,0,0,14,300,305,96,-2.2,13.1,3.35,2
1985,11,11,4,2.6,967.3,70.1,0,0.6,2.6,332,NA,NA,0,0,0,0,0,0,0,14,292,295,96,-2.3,11,3.34,0.7
1985,11,11,5,1.3,967.3,81.1,0,0.3,1.5,194,NA,NA,0,0,0,0,0,0,0,14,245,269,96,-1.6,10.1,3.52,0.2
1985,11,11,6,0.8,967.5,86.6,0,0.1,2,329,NA,1,0,0,0,0,0,0,0,14,242,267,96,-1.2,9.8,3.62,0
1985,11,11,7,0.8,967.8,88.4,0,0.1,1.6,301,NA,NA,52,34,188,220,144,21,22,14,251,273,96,-0.9,10,3.7,0.1
1985,11,11,8,4.2,967.6,68.8,0,0,1.9,27,NA,NA,186,54,570,496,477,47,47,14,261,292,96,-1,13.4,3.67,2.1
1985,11,11,9,5.9,967.7,59.2,0,2,4.4,74,NA,NA,316,63,740,478,703,64,64,14,262,303,96,-1.4,14.8,3.55,2.9
1985,11,11,10,6.3,967.3,55.7,0,2.3,4.8,79,NA,NA,409,64,835,329,851,72,71,14,262,307,96,-1.9,15,3.44,2.9
1985,11,11,11,6.4,966.8,49.9,0,2.1,4.7,76,NA,NA,439,79,813,122,878,87,80,14,263,305,94,-3.3,14.2,3.1,2.6
1985,11,11,12,6.9,966.2,49.4,0,2.3,7.4,80,NA,1,433,66,860,76,890,269,74,14,262,306,94,-3,14.9,3.18,2.9
1985,11,11,13,6.9,965.6,49.1,0,2.9,6.3,50,NA,NA,364,64,816,68,793,459,68,14,263,305,94,-3,14.9,3.16,2.9
1985,11,11,14,7,965.5,48.7,0,3.3,5.7,44,NA,NA,243,58,688,54,596,543,54,14,263,300,94,-3.1,15,3.16,3
1985,11,11,15,6.4,965.3,48.8,0,2.7,5,44,NA,NA,101,38,456,31,324,440,31,14,258,291,94,-3.6,14,3.04,2.5
1985,11,11,16,4.3,965.1,55.2,0,1,2.7,35,NA,NA,3,0,0,0,0,0,0,14,247,271,94,-3.9,11.8,2.97,1.2
1985,11,11,17,2.6,965.1,68.3,0,0.3,1.6,318,NA,NA,0,0,0,0,0,0,0,14,247,266,94,-2.6,10.8,3.26,0.6
1985,11,11,18,1.8,965.1,75.9,0,0.1,1,252,NA,1,0,0,0,0,0,0,0,14,244,267,94,-2,10.4,3.42,0.3
1985,11,11,19,1,964.8,79.4,0,0,1.2,207,NA,NA,0,0,0,0,0,0,0,14,242,264,94,-2.2,9.4,3.38,-0.2
1985,11,11,20,0.5,964.8,81.8,0,0.9,2.1,221,NA,NA,0,0,0,0,0,0,0,14,232,259,94,-2.2,8.9,3.36,-0.5
1985,11,11,21,0,964.4,83.8,0,0.7,1.9,235,NA,NA,0,0,0,0,0,0,0,14,229,257,94,-2.4,8.3,3.32,-0.9
1985,11,11,22,-0.9,963.9,89,0,0.2,0.9,218,NA,NA,0,0,0,0,0,0,0,14,227,254,94,-2.5,7.3,3.3,-1.5
1985,11,11,23,-0.7,963.9,91,0,0.8,1.7,237,NA,NA,0,0,0,0,0,0,0,14,265,275,94,-2,7.8,3.43,-1.2
1985,11,12,0,-0.2,963.8,90.1,0,0.7,1.6,239,NA,NA,0,0,0,0,0,0,0,14,264,276,94,-1.6,8.6,3.52,-0.7
1985,11,12,1,0.1,963.4,88.1,0,1.1,2.2,245,NA,NA,0,0,0,0,0,0,0,14,265,277,94,-1.6,8.9,3.52,-0.5
1985,11,12,2,-0.3,962.9,89.6,0,0.7,1.3,241,NA,NA,0,0,0,0,0,0,0,14,239,265,94,-1.8,8.4,3.48,-0.9
1985,11,12,3,-0.2,962.6,90.7,0,0.7,2,253,NA,NA,1,0,0,0,0,0,0,14,237,264,94,-1.5,8.6,3.55,-0.7
1985,11,12,4,-0.1,962.8,90.8,0,0.7,1.3,232,NA,NA,0,0,0,0,0,0,0,14,241,266,94,-1.4,8.8,3.58,-0.6
1985,11,12,5,-0.1,962.8,89.8,0,1.3,2.3,243,NA,NA,0,0,0,0,0,0,0,14,238,264,94,-1.6,8.7,3.54,-0.7
1985,11,12,6,-0.9,962.6,91.2,0,0.7,1.5,272,NA,4,0,0,0,0,0,0,0,14,236,261,94,-2.2,7.5,3.39,-1.4
1985,11,12,7,0.3,963,87.7,0,1.1,1.9,241,NA,NA,32,31,9,34,26,14,15,14,242,267,94,-1.5,9.2,3.56,-0.4
1985,11,12,8,1.3,962.6,81.6,0,0.5,1.6,277,NA,NA,113,99,65,145,140,45,45,14,272,286,94,-1.5,10.2,3.56,0.2
1985,11,12,9,3,963.1,70,0,0.3,1.8,300,NA,NA,178,153,75,153,199,65,66,14,280,297,94,-1.9,11.6,3.44,1.1
1985,11,12,10,4.3,962.7,60.4,0,1.3,6.2,41,NA,NA,288,184,255,209,448,89,88,14,283,305,94,-2.7,12.5,3.26,1.6
1985,11,12,11,5.2,962.2,46.4,0,3.9,7,53,NA,NA,357,187,389,132,589,108,95,14,254,293,94,-5.3,11.9,2.66,1.3
1985,11,12,12,5.1,961.7,47.7,0,4.2,6.8,40,NA,7,187,180,18,80,158,97,77,14,253,289,94,-5.1,11.9,2.72,1.3
1985,11,12,13,5.2,961.1,46.6,0,4.3,6.5,39,NA,NA,119,119,0,54,71,62,54,14,254,290,94,-5.3,11.9,2.68,1.3
1985,11,12,14,5.2,961.1,48.6,0,4.7,8.5,45,NA,NA,82,82,0,38,46,44,38,14,304,312,94,-4.7,12.2,2.79,1.5
1985,11,12,15,5,961,50.8,0,5.1,8.9,42,NA,NA,55,50,36,24,65,80,24,14,302,310,94,-4.3,12.2,2.88,1.5
1985,11,12,16,4.1,960.9,51.2,0,4.2,6.4,27,NA,NA,5,0,0,0,0,0,0,14,298,304,94,-5.1,10.9,2.73,0.7
1985,11,12,17,3.9,960.8,50.9,0,4.3,7.3,30,NA,NA,0,0,0,0,0,0,0,14,278,295,94,-5.3,10.6,2.67,0.6
1985,11,12,18,4,960.5,51.7,0,5,9.6,27,NA,7,0,0,0,0,0,0,0,14,279,296,94,-5,10.9,2.73,0.7
1985,11,12,19,4.1,960.4,54.2,0,5.3,10.2,33,NA,NA,0,0,0,0,0,0,0,14,280,297,94,-4.3,11.3,2.89,1
1985,11,12,20,4,960.3,56.8,0,5.9,11.7,45,NA,NA,0,0,0,0,0,0,0,14,270,292,94,-3.8,11.5,3.01,1
1985,11,12,21,3.9,960.3,57.4,0,6.7,14.3,47,NA,NA,0,0,0,0,0,0,0,14,270,291,94,-3.7,11.5,3.02,1
1985,11,12,22,3.5,960.5,59.1,0,5.4,10.1,33,NA,NA,0,0,0,0,0,0,0,14,267,290,94,-3.7,11.1,3.02,0.8
1985,11,12,23,2.1,961,81.6,0.1,5,9.6,56,NA,NA,0,0,0,0,0,0,0,14,283,293,94,-0.7,11.5,3.78,1
1985,11,13,0,1.2,961.1,91.6,0.6,4.6,8.5,37,NA,NA,0,0,0,0,0,0,0,14,280,290,94,0,11.1,3.97,0.7
1985,11,13,1,0.8,961.5,95.4,0.4,3.4,6.1,17,NA,NA,0,0,0,0,0,0,0,14,280,289,94,0.1,10.8,4.02,0.5
1985,11,13,2,0.7,962.1,95.6,0.2,3.9,6.8,24,NA,NA,0,0,0,0,0,0,0,14,304,304,94,0.1,10.7,4,0.5
1985,11,13,3,0.8,962.3,96.2,0.2,3,5.4,40,NA,NA,0,0,0,0,0,0,0,14,306,306,94,0.3,10.9,4.05,0.6
1985,11,13,4,0.8,962.7,96.3,0.3,1.9,3.2,9,NA,NA,1,0,0,0,0,0,0,14,305,305,94,0.3,10.9,4.05,0.6
1985,11,13,5,0.7,962.9,96.2,0.5,0.7,1.8,345,NA,NA,1,0,0,0,0,0,0,30,304,304,96,0.2,10.7,4.02,0.5
1985,11,13,6,0.6,963.2,96.7,0.2,1.2,2.7,38,NA,8,1,0,0,0,0,0,0,30,305,305,96,0.1,10.6,4.01,0.4
1985,11,13,7,0.7,964,96.8,0.2,1.8,4,1,NA,NA,9,9,0,3,4,5,5,30,305,305,96,0.3,10.8,4.04,0.5
1985,11,13,8,0.7,965,97.2,0.6,1.8,3.3,28,NA,NA,39,39,0,20,20,22,22,30,304,304,96,0.3,10.8,4.05,0.5
1985,11,13,9,0.7,965.4,96.8,0.2,2.7,6.2,63,NA,NA,69,69,0,39,39,38,39,30,306,306,96,0.3,10.8,4.03,0.5
1985,11,13,10,0.9,966,96,0.3,2.3,5.3,49,NA,NA,58,58,0,32,30,33,33,30,306,306,96,0.3,11,4.06,0.7
1985,11,13,11,0.8,966.7,95.5,0.2,2.1,4.6,67,NA,NA,73,73,0,41,40,41,42,30,288,296,96,0.2,10.8,4,0.6
1985,11,13,12,0.7,967.5,95.6,0.8,1.3,3.2,86,NA,8,76,76,0,43,43,42,43,30,287,296,96,0.1,10.6,3.97,0.5
1985,11,13,13,0.5,968.1,95.9,0.8,0.8,3,83,NA,NA,37,37,0,22,18,19,22,30,287,295,96,-0.1,10.3,3.93,0.3
1985,11,13,14,0.6,969.1,95.8,0.4,1.7,4.6,57,NA,NA,18,18,0,10,8,8,10,30,287,295,96,0,10.5,3.95,0.4
1985,11,13,15,0.4,970.1,96.5,0.3,2.8,5.5,69,NA,NA,19,19,0,11,9,8,11,30,286,295,96,-0.1,10.2,3.91,0.2
1985,11,13,16,0.7,970.8,96,0,2.5,4.8,40,NA,NA,3,0,0,0,0,0,0,30,288,295,96,0.1,10.6,3.98,0.5
1985,11,13,17,0.6,971.8,95.8,0,1.6,4,23,NA,NA,1,0,0,0,0,0,0,30,304,307,98,0,10.4,3.94,0.4
1985,11,13,18,0.6,972.3,94.9,0,0.8,2.4,51,NA,8,1,0,0,0,0,0,0,30,304,306,98,-0.1,10.3,3.9,0.3
1985,11,13,19,0.5,972.7,94.5,0,0.5,1.8,86,NA,NA,1,0,0,0,0,0,0,30,302,303,98,-0.3,10.1,3.85,0.2
1985,11,13,20,-0.1,973.4,94.2,0,0.7,1.9,87,NA,NA,0,0,0,0,0,0,0,30,283,289,98,-0.9,9.1,3.67,-0.4
1985,11,13,21,-0.5,973.8,96.1,0,1.2,2.4,87,NA,NA,1,0,0,0,0,0,0,30,281,287,98,-1,8.6,3.64,-0.7
1985,11,13,22,-1.2,974.6,97.4,0,1.1,2.3,87,NA,NA,1,0,0,0,0,0,0,30,279,290,98,-1.6,7.5,3.5,-1.3
1985,11,13,23,-1.3,975,97,0,0.9,1.7,85,NA,NA,1,0,0,0,0,0,0,30,253,275,98,-1.7,7.3,3.46,-1.4
1985,11,14,0,-0.9,975.4,96.8,0,1.5,2.6,86,NA,NA,1,0,0,0,0,0,0,30,256,279,98,-1.3,7.9,3.55,-1.1
1985,11,14,1,-0.8,976.1,97.3,0,1.4,2.3,87,NA,NA,1,0,0,0,0,0,0,30,256,280,98,-1.2,8.1,3.59,-1
1985,11,14,2,-0.4,976.3,97.2,0,1.1,1.8,83,NA,NA,2,0,0,0,0,0,0,30,266,286,98,-0.8,8.8,3.7,-0.6
1985,11,14,3,-0.4,976.6,97.5,0.4,0.7,2.1,81,NA,NA,0,0,0,0,0,0,0,30,266,286,98,-0.7,8.8,3.71,-0.5
1985,11,14,4,-0.4,976.9,97.5,0.5,0.5,1.2,79,NA,NA,0,0,0,0,0,0,0,30,266,286,98,-0.7,8.8,3.7,-0.5
1985,11,14,5,-0.9,977.1,97,0,0.2,1,81,NA,NA,0,0,0,0,0,0,0,30,262,277,98,-1.3,7.9,3.55,-1.1
1985,11,14,6,-1,977.5,96.9,0,0.5,1.1,90,NA,7,1,0,0,0,0,0,0,50,290,292,98,-1.4,7.8,3.52,-1.2
1985,11,14,7,-0.5,977.9,97.6,0,0.7,1.3,90,NA,NA,34,34,0,29,26,21,21,50,293,299,98,-0.8,8.7,3.68,-0.6
1985,11,14,8,-0.2,978.2,99.6,0,0.3,1,124,NA,NA,112,94,84,175,171,65,65,50,284,292,98,-0.3,9.4,3.84,-0.2
1985,11,14,9,0,978.7,97.8,0,0.7,2.6,314,NA,NA,155,138,52,157,193,91,91,50,285,297,98,-0.3,9.5,3.82,-0.1
1985,11,14,10,1.1,978.9,83.5,0,0.5,1.6,265,NA,NA,384,138,613,376,816,163,159,50,291,302,98,-1.4,9.9,3.53,0.1
1985,11,14,11,2.1,978.8,72.9,0,0.5,1.6,354,NA,NA,323,190,309,154,548,134,120,30,267,296,98,-2.2,10.4,3.31,0.4
1985,11,14,12,2.8,978.7,72.3,0,0.7,3.2,342,NA,4,349,162,451,124,660,249,119,30,270,301,98,-1.7,11.4,3.45,1
1985,11,14,13,3.6,978.6,70.8,0,0.8,2.7,47,NA,NA,324,81,683,95,731,433,95,30,275,307,98,-1.2,12.6,3.58,1.7
1985,11,14,14,3.9,978.6,71.4,0,0.9,2.5,95,NA,NA,213,55,611,69,559,504,69,30,266,302,98,-0.8,13.1,3.69,2
1985,11,14,15,3.7,978.6,72.6,0,1.6,3,53,NA,NA,81,39,328,35,257,337,35,30,261,294,98,-0.8,13,3.69,1.9
1985,11,14,16,2.4,978.9,80.3,0,1.4,3.1,26,NA,NA,4,0,0,0,0,0,0,30,256,283,98,-0.6,11.7,3.73,1.2
1985,11,14,17,1.4,979.3,88.1,0,0.5,2.5,48,NA,NA,0,0,0,0,0,0,0,14,248,272,96,-0.3,10.9,3.8,0.7
1985,11,14,18,0.7,979.5,91.8,0,0.7,2,40,NA,1,0,0,0,0,0,0,0,14,241,267,96,-0.5,10.1,3.77,0.2
1985,11,14,19,-0.4,979.5,92.7,0,0.4,1.9,331,NA,NA,0,0,0,0,0,0,0,14,238,264,96,-1.4,8.4,3.51,-0.8
1985,11,14,20,-0.9,979.6,92.9,0,0.2,1,270,NA,NA,0,0,0,0,0,0,0,14,236,261,96,-1.9,7.5,3.39,-1.3
1985,11,14,21,-0.6,979.6,93.3,0,0.6,2.9,51,NA,NA,0,0,0,0,0,0,0,14,237,262,96,-1.5,8.1,3.48,-0.9
1985,11,14,22,-0.6,979.9,93.7,0,0.3,2.4,315,NA,NA,0,0,0,0,0,0,0,14,240,266,96,-1.5,8.1,3.5,-0.9
1985,11,14,23,-0.9,980.5,94.3,0,0.9,2.3,231,NA,NA,0,0,0,0,0,0,0,14,244,267,96,-1.7,7.7,3.44,-1.2
1985,11,15,0,-0.9,980.6,94.1,0,0.2,1.3,243,NA,NA,0,0,0,0,0,0,0,14,247,270,96,-1.7,7.6,3.43,-1.2
1985,11,15,1,-0.7,981,95.3,0,0.2,1.1,360,NA,NA,1,0,0,0,0,0,0,14,247,273,96,-1.4,8.1,3.53,-1
1985,11,15,2,-0.4,980.7,95.4,0,1,1.8,19,NA,NA,1,0,0,0,0,0,0,14,292,295,96,-1,8.6,3.61,-0.6
1985,11,15,3,-0.5,980.3,95.3,0,0.8,1.7,14,NA,NA,0,0,0,0,0,0,0,14,288,292,96,-1.2,8.4,3.58,-0.8
1985,11,15,4,-1.2,980.2,94.1,0,0.4,1.4,315,NA,NA,0,0,0,0,0,0,0,14,288,289,96,-2,7.2,3.36,-1.5
1985,11,15,5,-0.5,980.2,88.4,0,1.5,4.7,355,NA,NA,0,0,0,0,0,0,0,14,283,286,94,-2.2,7.8,3.32,-1.1
1985,11,15,6,0,980.8,82.2,0,1.6,3,8,NA,6,1,0,0,0,0,0,0,14,283,287,94,-2.7,8,3.2,-1
1985,11,15,7,0.2,981.2,82.8,0,1.2,3.1,18,NA,NA,6,6,0,2,2,3,3,14,284,289,94,-2.4,8.4,3.27,-0.8
1985,11,15,8,0.4,981.3,81.1,0,1.6,2.7,34,NA,NA,23,23,0,8,8,11,11,14,294,294,94,-2.5,8.5,3.25,-0.7
1985,11,15,9,0.8,981.1,79,0,1.7,3.8,20,NA,NA,46,46,0,21,20,22,23,14,296,298,94,-2.4,8.9,3.26,-0.4
1985,11,15,10,1.5,980.7,73.1,0,2.5,6.1,43,NA,NA,84,84,0,41,42,39,40,14,299,302,94,-2.8,9.4,3.17,-0.1
1985,11,15,11,1.9,980.2,68.1,0,3,5.6,30,NA,NA,116,116,0,56,65,54,54,14,301,304,94,-3.4,9.5,3.04,-0.1
1985,11,15,12,2.5,979.7,64.7,0,3,5.4,37,NA,7,236,184,126,87,317,139,82,14,303,308,94,-3.5,10.1,3.02,0.3
1985,11,15,13,2.5,979.5,64,0,1.7,3.8,38,NA,NA,112,112,0,51,66,58,51,14,302,307,94,-3.6,10,2.99,0.2
1985,11,15,14,2.6,979.6,64.7,0,1.8,3.7,34,NA,NA,97,96,3,43,61,58,43,14,294,302,94,-3.4,10.2,3.04,0.3
1985,11,15,15,2.5,979.4,65.2,0,1.9,4,41,NA,NA,37,37,0,17,19,20,17,14,293,300,94,-3.4,10.1,3.04,0.3
1985,11,15,16,2.3,979.5,67.7,0,1.6,2.9,28,NA,NA,2,0,0,0,0,0,0,14,292,298,94,-3,10.1,3.11,0.3
1985,11,15,17,1.9,979.6,72.6,0,1.8,4.5,69,NA,NA,0,0,0,0,0,0,0,14,300,302,94,-2.5,10,3.25,0.2
1985,11,15,18,1.6,979.7,73,0,2,4.3,59,NA,7,0,0,0,0,0,0,0,14,298,300,94,-2.7,9.6,3.19,0
1985,11,15,19,1.5,979.6,71.9,0,1.2,3,62,NA,NA,0,0,0,0,0,0,0,14,298,299,94,-3,9.3,3.12,-0.2
1985,11,15,20,1.4,979.6,72.4,0,1.5,2.7,37,NA,NA,0,0,0,0,0,0,0,14,297,299,94,-3,9.2,3.12,-0.2
1985,11,15,21,1.1,979.3,73.6,0,1.8,2.8,12,NA,NA,0,0,0,0,0,0,0,14,295,297,94,-3.1,8.9,3.11,-0.5
1985,11,15,22,0.9,979,73.6,0,1,2.4,23,NA,NA,0,0,0,0,0,0,0,14,295,296,94,-3.3,8.5,3.06,-0.6
1985,11,15,23,0.7,978.7,74.3,0,1.1,2.7,17,NA,NA,0,0,0,0,0,0,0,14,304,304,94,-3.3,8.3,3.05,-0.8
1985,11,16,0,0.8,978.3,74.6,0,1.1,1.9,53,NA,NA,0,0,0,0,0,0,0,14,304,304,94,-3.2,8.5,3.08,-0.7
1985,11,16,1,0.8,978.4,75.7,0,0.7,1.5,16,NA,NA,0,0,0,0,0,0,0,14,304,304,94,-3,8.6,3.13,-0.6
1985,11,16,2,0.7,978.1,77.9,0,0.9,1.6,4,NA,NA,1,0,0,0,0,0,0,14,304,304,94,-2.7,8.7,3.2,-0.6
1985,11,16,3,0.6,977.8,78.4,0,0.4,1.4,97,NA,NA,0,0,0,0,0,0,0,14,303,303,94,-2.7,8.6,3.2,-0.6
1985,11,16,4,0.4,977.8,80.1,0,0.8,2.3,116,NA,NA,2,0,0,0,0,0,0,14,303,303,94,-2.6,8.4,3.22,-0.7
1985,11,16,5,0.2,977.8,80.6,0,1,2.8,106,NA,NA,0,0,0,0,0,0,0,14,301,301,94,-2.7,8.2,3.19,-0.9
1985,11,16,6,0.1,978,81,0,0.9,2.4,101,NA,8,3,0,0,0,0,0,0,14,301,301,94,-2.8,8,3.19,-1
1985,11,16,7,-0.2,978,81.3,0,0.6,2.9,119,NA,NA,15,15,0,7,7,7,7,14,301,301,94,-3,7.6,3.13,-1.2
1985,11,16,8,0.3,978.4,77.4,0,1,2.7,23,NA,NA,46,46,0,22,22,22,22,14,294,296,94,-3.2,8,3.09,-1
1985,11,16,9,0.8,978.4,71.9,0,0.8,3,331,NA,NA,111,111,0,61,67,49,50,14,295,300,94,-3.7,8.2,2.97,-0.8
1985,11,16,10,1,978.1,69.6,0,0.7,2.5,285,NA,NA,130,130,0,66,78,58,59,14,296,301,94,-3.9,8.3,2.92,-0.8
1985,11,16,11,1.4,977.4,68.2,0,1.1,3.2,313,NA,NA,226,187,93,100,264,90,82,14,289,301,94,-3.8,8.8,2.95,-0.5
1985,11,16,12,2.1,977.3,65.9,0,0.7,3.1,288,NA,6,326,172,380,93,560,199,88,14,294,307,94,-3.6,9.6,2.99,0
1985,11,16,13,2.5,977,65.9,0,0.8,3.4,90,NA,NA,323,97,647,72,696,400,72,14,293,308,94,-3.2,10.2,3.08,0.4
1985,11,16,14,2.9,977.2,65,0,0.7,2.5,70,NA,NA,208,54,614,50,545,484,50,14,247,284,94,-3,10.7,3.13,0.7
1985,11,16,15,2.6,977.5,65.9,0,1.2,2.1,57,NA,NA,78,37,340,27,259,339,27,14,245,276,94,-3.1,10.4,3.1,0.4
1985,11,16,16,1.7,977.6,71.9,0,1.5,3.7,15,NA,NA,2,0,0,0,0,0,0,14,243,268,94,-2.8,9.6,3.17,0
1985,11,16,17,0.6,977.9,78.8,0,1.1,3.9,330,NA,NA,0,0,0,0,0,0,0,14,296,296,94,-2.6,8.6,3.21,-0.6
1985,11,16,18,1.1,978.4,79.2,0,2.3,6.6,19,NA,7,0,0,0,0,0,0,0,14,295,296,94,-2.1,9.5,3.35,-0.1
1985,11,16,19,0.6,978.5,76.6,0,3.7,7.2,30,NA,NA,0,0,0,0,0,0,0,14,295,295,94,-3,8.4,3.12,-0.7
1985,11,16,20,0.8,978.8,73.7,0,4.3,7,30,NA,NA,0,0,0,0,0,0,0,14,295,296,94,-3.4,8.4,3.05,-0.7
1985,11,16,21,0.7,978.9,73.4,0,3.7,5.5,24,NA,NA,0,0,0,0,0,0,0,14,294,295,94,-3.5,8.2,3.01,-0.8
1985,11,16,22,0.6,979,73.6,0,3.1,5.6,35,NA,NA,0,0,0,0,0,0,0,14,293,295,94,-3.6,8.1,3,-0.9
1985,11,16,23,0.4,979.4,73.5,0,2.7,4.6,35,NA,NA,0,0,0,0,0,0,0,14,292,294,94,-3.8,7.8,2.95,-1.1
1985,11,17,0,0.2,979.4,73.8,0,2,3.3,43,NA,NA,1,0,0,0,0,0,0,14,292,293,94,-3.9,7.5,2.92,-1.3
1985,11,17,1,0,979.3,72.7,0,2,3.9,45,NA,NA,1,0,0,0,0,0,0,14,291,293,94,-4.3,7.1,2.83,-1.5
1985,11,17,2,-0.1,978.8,72,0,2.7,4.5,31,NA,NA,0,0,0,0,0,0,0,14,290,292,94,-4.5,6.8,2.79,-1.6
1985,11,17,3,-0.5,978.7,72.6,0,2.4,3.8,23,NA,NA,0,0,0,0,0,0,0,14,288,290,94,-4.8,6.3,2.73,-2
1985,11,17,4,-0.6,978.8,73.2,0,1.8,3.6,13,NA,NA,0,0,0,0,0,0,0,14,288,290,94,-4.8,6.2,2.73,-2
1985,11,17,5,-0.5,978.7,72.4,0,2.2,4,25,NA,NA,0,0,0,0,0,0,0,14,298,298,94,-4.8,6.3,2.72,-2
1985,11,17,6,-0.5,978.6,71.2,0,2.3,3.5,20,NA,8,0,0,0,0,0,0,0,14,298,298,94,-5.1,6.2,2.68,-2.1
1985,11,17,7,-0.3,978.7,70.7,0,2.3,3.7,16,NA,NA,7,7,0,2,3,4,4,14,299,299,94,-5,6.4,2.7,-1.9
1985,11,17,8,-0.1,978.3,70.9,0,2.1,4,10,NA,NA,27,27,0,11,11,13,13,14,301,301,94,-4.7,6.7,2.75,-1.7
1985,11,17,9,0.2,978.2,71,0,2.5,3.9,9,NA,NA,45,45,0,20,19,22,22,14,302,302,94,-4.4,7.2,2.81,-1.4
1985,11,17,10,0.5,978,71,0,2.8,4.8,38,NA,NA,78,78,0,38,38,37,37,14,303,303,94,-4.1,7.7,2.87,-1.1
1985,11,17,11,0.5,977.6,71.9,0,3,5.5,53,NA,NA,45,45,0,22,18,22,22,14,304,304,94,-4,7.8,2.91,-1.1
1985,11,17,12,0.6,977.1,70,0,3.1,4.9,35,NA,8,67,67,0,33,31,31,32,14,303,303,94,-4.2,7.7,2.86,-1.1
1985,11,17,13,0.7,976.9,70.5,0,2.9,5.6,45,NA,NA,44,44,0,22,18,20,22,14,303,303,94,-4,7.9,2.9,-1
1985,11,17,14,0.4,976.6,72.4,0,4,6.2,37,NA,NA,34,34,0,17,14,14,17,14,302,302,94,-4,7.7,2.91,-1.2
1985,11,17,15,0.1,976.6,71.5,0,3.5,5.5,24,NA,NA,12,12,0,6,4,4,6,14,300,300,94,-4.4,7.1,2.81,-1.5
1985,11,17,16,-0.2,976.4,72.5,0,3.8,6.6,25,NA,NA,0,0,0,0,0,0,0,14,299,299,94,-4.5,6.8,2.79,-1.7
1985,11,17,17,-0.5,976.2,73.7,0,4.8,7.2,31,NA,NA,0,0,0,0,0,0,0,14,298,298,94,-4.6,6.4,2.78,-1.9
1985,11,17,18,-0.8,975.9,72.7,0,5.5,8.1,28,NA,8,0,0,0,0,0,0,0,14,296,296,94,-5.1,5.9,2.68,-2.3
1985,11,17,19,-1.1,975.7,70.7,0,5.7,8.5,26,NA,NA,0,0,0,0,0,0,0,14,295,295,94,-5.7,5.2,2.55,-2.6
1985,11,17,20,-1.3,975.9,70.9,0,5,8.4,25,NA,NA,0,0,0,0,0,0,0,14,294,294,94,-5.9,5,2.52,-2.8
1985,11,17,21,-1.4,975.5,71.6,0,5.7,9.2,28,NA,NA,0,0,0,0,0,0,0,14,294,294,94,-5.9,4.9,2.53,-2.9
1985,11,17,22,-1.4,975,71.8,0,5.7,9.3,24,NA,NA,0,0,0,0,0,0,0,14,294,294,94,-5.8,4.9,2.54,-2.9
1985,11,17,23,-1.4,974.6,72.4,0,6.2,10.1,19,NA,NA,0,0,0,0,0,0,0,14,294,294,94,-5.7,5,2.56,-2.8
1985,11,18,0,-1.2,974,71.5,0,5.9,9.9,18,NA,NA,0,0,0,0,0,0,0,14,295,295,94,-5.7,5.2,2.57,-2.7
1985,11,18,1,-1.2,973.9,70.7,0,6.4,10.5,23,NA,NA,0,0,0,0,0,0,0,14,294,294,94,-5.8,5.1,2.54,-2.7
1985,11,18,2,-1.4,973.5,73,0,6.4,9.6,22,NA,NA,0,0,0,0,0,0,0,14,294,294,94,-5.6,5,2.58,-2.8
1985,11,18,3,-1.5,972.8,73.5,0,6,9.6,23,NA,NA,0,0,0,0,0,0,0,14,293,293,94,-5.6,4.9,2.58,-2.9
1985,11,18,4,-1.4,972.4,72.4,0,5.6,8.9,20,NA,NA,1,0,0,0,0,0,0,14,294,294,94,-5.7,5,2.56,-2.8
1985,11,18,5,-1.4,971.8,72.4,0,6,9,20,NA,NA,0,0,0,0,0,0,0,14,293,293,94,-5.7,5,2.57,-2.8
1985,11,18,6,-1.4,971.4,72.4,0,6.1,9.2,21,NA,8,0,0,0,0,0,0,0,14,293,293,94,-5.7,5,2.57,-2.8
1985,11,18,7,-1.4,971.5,72.6,0,5.4,8.9,20,NA,NA,3,3,0,1,1,2,2,14,294,294,94,-5.7,5,2.57,-2.8
1985,11,18,8,-1.3,971.4,72.3,0,6.1,9.9,20,NA,NA,10,10,0,3,3,5,5,14,294,294,94,-5.6,5.1,2.58,-2.7
1985,11,18,9,-1.3,971.1,72.8,0,6.2,9.4,24,NA,NA,23,23,0,9,8,11,11,14,294,294,94,-5.5,5.2,2.6,-2.7
1985,11,18,10,-1.4,971,72.9,0,6.4,10,27,NA,NA,19,19,0,8,6,9,9,14,293,293,94,-5.6,5,2.59,-2.8
1985,11,18,11,-1.8,970.6,73.7,0,7,10.8,29,NA,NA,29,29,0,14,11,14,15,14,292,292,94,-5.9,4.5,2.54,-3.1
1985,11,18,12,-2,970,70.6,0,6.4,9.9,30,NA,8,41,41,0,20,16,19,20,14,291,291,94,-6.6,3.9,2.4,-3.5
1985,11,18,13,-2,969.4,68.4,0,6.4,9.5,32,NA,NA,39,39,0,19,16,17,19,14,291,291,94,-7,3.8,2.32,-3.6
1985,11,18,14,-2,969.5,67.9,0,6,9.1,31,NA,NA,35,35,0,17,14,14,17,14,291,291,94,-7.1,3.7,2.31,-3.6
1985,11,18,15,-2.1,969.4,67.6,0,6.8,11.3,28,NA,NA,9,9,0,5,3,3,5,14,290,290,94,-7.3,3.6,2.28,-3.7
1985,11,18,16,-2.3,969.4,67.4,0,7,11.4,29,NA,NA,1,0,0,0,0,0,0,14,289,289,94,-7.5,3.2,2.24,-3.9
1985,11,18,17,-2.5,969.2,67,0,6.6,10.1,24,NA,NA,0,0,0,0,0,0,0,14,288,288,94,-7.8,2.9,2.19,-4.1
1985,11,18,18,-2.7,968.8,67.5,0,6.8,11,22,NA,8,0,0,0,0,0,0,0,14,287,287,94,-7.9,2.7,2.18,-4.3
1985,11,18,19,-2.8,968.4,68.5,0,6.9,10.9,21,NA,NA,0,0,0,0,0,0,0,14,287,287,94,-7.8,2.6,2.19,-4.3
1985,11,18,20,-2.8,967.9,68.6,0,6.1,9.8,18,NA,NA,0,0,0,0,0,0,0,14,287,287,94,-7.8,2.6,2.2,-4.3
1985,11,18,21,-2.8,967.4,68.2,0,5.6,8.5,19,NA,NA,0,0,0,0,0,0,0,14,287,287,94,-7.8,2.6,2.19,-4.3
1985,11,18,22,-2.7,967.2,67.9,0,5.3,8.7,24,NA,NA,1,0,0,0,0,0,0,14,288,288,94,-7.8,2.7,2.19,-4.3
1985,11,18,23,-2.7,966.8,67.8,0,5.3,8.4,26,NA,NA,1,0,0,0,0,0,0,14,288,288,94,-7.8,2.7,2.19,-4.3
1985,11,19,0,-2.7,966.3,67.6,0,5.3,8.1,28,NA,NA,1,0,0,0,0,0,0,14,288,288,94,-7.9,2.7,2.19,-4.3
1985,11,19,1,-2.7,966,69.4,0,4.2,7.3,22,NA,NA,0,0,0,0,0,0,0,14,288,288,94,-7.5,2.9,2.25,-4.2
1985,11,19,2,-2.8,965.3,72.3,0,3.9,6.1,17,NA,NA,0,0,0,0,0,0,0,14,287,287,94,-7.1,3,2.32,-4.1
1985,11,19,3,-3.2,964.8,77.7,0,2.9,5.2,12,NA,NA,0,0,0,0,0,0,0,14,286,286,94,-6.5,2.8,2.43,-4.2
1985,11,19,4,-3,964.8,76.3,0,2.6,5,6,NA,NA,0,0,0,0,0,0,0,14,288,288,94,-6.6,3,2.42,-4.1
1985,11,19,5,-2.7,964.6,72.8,0,2.6,4.8,8,NA,NA,0,0,0,0,0,0,0,14,288,288,94,-6.9,3.1,2.36,-4
1985,11,19,6,-2.5,964.6,70.3,0,3.4,5.4,18,NA,8,0,0,0,0,0,0,0,14,289,289,94,-7.2,3.2,2.31,-4
1985,11,19,7,-2.3,965.1,69.6,0,2.7,4.4,17,NA,NA,6,6,0,2,2,3,3,14,290,290,94,-7.1,3.5,2.32,-3.8
1985,11,19,8,-1.9,965.4,69.1,0,3.2,5.8,21,NA,NA,18,18,0,6,6,9,9,14,292,292,94,-6.8,4,2.37,-3.5
1985,11,19,9,-1.5,965.2,69.7,0,3.8,6.7,26,NA,NA,46,46,0,21,20,22,23,14,294,294,94,-6.3,4.6,2.47,-3.1
1985,11,19,10,-1.1,965.2,68,0,4.5,7.2,22,NA,NA,52,52,0,24,22,25,25,14,295,295,94,-6.2,5.1,2.48,-2.8
1985,11,19,11,-0.9,964.3,69.2,0,4.4,8.1,40,NA,NA,46,46,0,22,19,22,23,14,296,296,94,-5.8,5.5,2.56,-2.5
1985,11,19,12,-0.8,964,69.1,0,5.1,8.9,30,NA,8,88,88,0,42,44,41,41,14,297,297,94,-5.7,5.6,2.58,-2.4
1985,11,19,13,-0.9,964.1,70.3,0,5.2,9.2,34,NA,NA,72,72,0,34,35,34,34,14,296,296,94,-5.6,5.6,2.61,-2.5
1985,11,19,14,-1,964,71,0,5.6,8.8,34,NA,NA,77,77,0,35,44,42,35,14,295,295,94,-5.6,5.5,2.61,-2.5
1985,11,19,15,-1.4,964,71.8,0,5.3,7.8,23,NA,NA,10,10,0,5,4,3,5,14,294,294,94,-5.8,5,2.56,-2.9
1985,11,19,16,-1.5,964.2,73,0,5.5,8.4,24,NA,NA,0,0,0,0,0,0,0,14,293,293,94,-5.7,4.9,2.59,-2.9
1985,11,19,17,-1.6,964.5,73.3,0,5.2,7.6,20,NA,NA,0,0,0,0,0,0,0,14,293,293,94,-5.7,4.8,2.58,-3
1985,11,19,18,-1.6,964.7,73.3,0,5,7.6,21,NA,8,0,0,0,0,0,0,0,14,293,293,94,-5.7,4.8,2.58,-3
1985,11,19,19,-1.5,964.4,73.4,0,4.8,7.9,16,NA,NA,0,0,0,0,0,0,0,14,293,293,94,-5.6,5,2.6,-2.9
1985,11,19,20,-1.6,964.2,72.9,0,5.8,9.2,26,NA,NA,0,0,0,0,0,0,0,14,293,293,94,-5.8,4.8,2.57,-3
1985,11,19,21,-1.6,963.9,72.9,0,5.9,8.7,25,NA,NA,0,0,0,0,0,0,0,14,293,293,94,-5.8,4.8,2.57,-3
1985,11,19,22,-1.7,963.1,73.1,0,5.9,9.5,26,NA,NA,0,0,0,0,0,0,0,14,292,292,94,-5.9,4.6,2.56,-3.1
1985,11,19,23,-1.7,962.7,73.2,0,5.9,10.3,27,NA,NA,0,0,0,0,0,0,0,14,292,292,94,-5.9,4.7,2.56,-3.1
1985,11,20,0,-1.8,962.4,73.7,0,5.6,9,25,NA,NA,1,0,0,0,0,0,0,14,292,292,94,-5.9,4.6,2.56,-3.1
1985,11,20,1,-1.8,962.1,74.1,0,5.6,8.9,27,NA,NA,0,0,0,0,0,0,0,14,292,292,94,-5.8,4.6,2.58,-3.1
1985,11,20,2,-1.8,961.7,74,0,5.7,8.8,26,NA,NA,0,0,0,0,0,0,0,14,292,292,94,-5.8,4.6,2.57,-3.1
1985,11,20,3,-1.9,961.4,73.9,0,6.2,9.4,25,NA,NA,0,0,0,0,0,0,0,14,292,292,94,-5.9,4.4,2.55,-3.2
1985,11,20,4,-2,961.4,74.5,0,5.9,10,28,NA,NA,0,0,0,0,0,0,0,14,291,291,94,-5.9,4.3,2.55,-3.3
1985,11,20,5,-1.9,961.2,74.6,0,5.6,9,26,NA,NA,0,0,0,0,0,0,0,14,292,292,94,-5.8,4.5,2.58,-3.2
1985,11,20,6,-1.8,961.5,74.6,0,5.3,8.7,27,NA,8,0,0,0,0,0,0,0,14,292,292,94,-5.7,4.6,2.59,-3.1
1985,11,20,7,-1.7,961.6,74.7,0,5.4,8.3,26,NA,NA,2,2,0,1,1,1,1,14,293,293,94,-5.6,4.8,2.62,-3
1985,11,20,8,-1.6,961.6,74.3,0,5.2,7.6,26,NA,NA,15,15,0,5,5,8,8,14,294,294,94,-5.6,4.9,2.62,-2.9
1985,11,20,9,-1.3,961.7,72.9,0,5.8,10.4,34,NA,NA,31,31,0,13,12,15,15,14,294,294,94,-5.5,5.2,2.63,-2.7
1985,11,20,10,-1.1,961.5,73.3,0,5.4,9.3,25,NA,NA,41,41,0,19,16,20,20,14,296,296,94,-5.3,5.6,2.68,-2.5
1985,11,20,11,-0.8,961.3,70.3,0,4.7,8.3,26,NA,NA,54,54,0,26,23,25,26,14,297,297,94,-5.5,5.7,2.63,-2.4
1985,11,20,12,-0.6,961.4,70,0,4.5,7.2,28,NA,8,54,54,0,26,23,25,26,14,297,297,94,-5.4,6,2.66,-2.2
1985,11,20,13,-0.6,961.5,71.1,0,4.7,7.3,24,NA,NA,37,37,0,18,15,16,18,14,297,297,94,-5.2,6.1,2.7,-2.2
1985,11,20,14,-0.7,961.8,72.1,0,4.1,7,20,NA,NA,18,18,0,9,6,6,9,14,297,297,94,-5.1,6.1,2.72,-2.2
1985,11,20,15,-0.7,962.1,72.4,0,3.6,5.4,18,NA,NA,6,6,0,3,2,1,3,14,297,297,94,-5,6.1,2.73,-2.2
1985,11,20,16,-0.6,962.3,71.6,0,2.9,4.9,15,NA,NA,1,0,0,0,0,0,0,14,298,298,94,-5.1,6.2,2.72,-2.1
1985,11,20,17,-0.6,962.7,72,0,2.2,4.5,8,NA,NA,0,0,0,0,0,0,0,14,298,298,94,-5,6.2,2.73,-2.1
1985,11,20,18,-0.6,963,71.5,0,1.8,3.6,4,NA,8,0,0,0,0,0,0,0,14,298,298,94,-5.1,6.1,2.71,-2.1
1985,11,20,19,-0.6,963.2,72.1,0,1.9,4.4,14,NA,NA,0,0,0,0,0,0,0,14,297,297,94,-5,6.2,2.73,-2.1
1985,11,20,20,-0.6,963.5,70.5,0,1.7,3.9,13,NA,NA,2,0,0,0,0,0,0,14,297,297,94,-5.3,6.1,2.67,-2.2
1985,11,20,21,-0.8,963.6,73,0,0.8,1.9,308,NA,NA,1,0,0,0,0,0,0,14,296,296,94,-5,6,2.73,-2.2
1985,11,20,22,-0.8,963.9,76.2,0,1.3,2.5,258,NA,NA,1,0,0,0,0,0,0,14,297,297,94,-4.5,6.3,2.85,-2.1
1985,11,20,23,-0.9,964.1,78.6,0,1,2.2,240,NA,NA,1,0,0,0,0,0,0,14,296,296,94,-4.1,6.4,2.91,-2
1985,11,21,0,-0.9,964.1,78.2,0,1.1,2.3,242,NA,NA,0,0,0,0,0,0,0,14,296,296,94,-4.2,6.3,2.9,-2.1
1985,11,21,1,-0.8,964.3,77.8,0,1.2,2.8,246,NA,NA,2,0,0,0,0,0,0,14,297,297,94,-4.2,6.4,2.91,-2
1985,11,21,2,-0.9,964.4,78.9,0,0.4,1.1,252,NA,NA,1,0,0,0,0,0,0,14,296,296,94,-4.1,6.4,2.92,-2
1985,11,21,3,-1,964.4,79.2,0,0.5,1.2,274,NA,NA,0,0,0,0,0,0,0,14,296,296,94,-4.1,6.2,2.91,-2.1
1985,11,21,4,-1,964.2,74.6,0,0.8,1.8,299,NA,NA,1,0,0,0,0,0,0,14,295,295,94,-4.9,5.8,2.74,-2.3
1985,11,21,5,-0.8,964.3,69.8,0,0.5,1.7,332,NA,NA,0,0,0,0,0,0,0,14,296,296,94,-5.6,5.7,2.61,-2.4
1985,11,21,6,-0.7,964.6,67.7,0,0.8,2.7,262,NA,8,0,0,0,0,0,0,0,14,297,297,94,-5.9,5.6,2.54,-2.4
1985,11,21,7,-0.7,965.1,67.2,0,1.6,3.9,283,NA,NA,2,2,0,1,1,1,1,14,297,297,94,-6,5.6,2.52,-2.5
1985,11,21,8,-0.5,965.4,66.1,0,1.6,3.3,266,NA,NA,11,11,0,4,4,6,6,14,297,297,94,-6,5.8,2.52,-2.3
1985,11,21,9,-0.5,965.6,70,0,1.3,2.3,246,NA,NA,19,19,0,7,6,9,9,14,298,298,94,-5.3,6.1,2.67,-2.1
1985,11,21,10,-0.4,965.5,71.6,0,0.9,1.8,235,NA,NA,33,33,0,15,12,16,16,14,298,298,94,-4.9,6.4,2.75,-2
1985,11,21,11,-0.2,965.2,70.7,0,1,2,239,NA,NA,53,53,0,25,22,25,26,14,299,299,94,-4.9,6.7,2.75,-1.8
1985,11,21,12,-0.1,965.2,68.6,0,0.8,3.5,252,NA,8,56,56,0,27,24,26,27,14,300,300,94,-5.2,6.6,2.69,-1.9
1985,11,21,13,-0.1,965.2,68.1,0,1.1,3.1,287,NA,NA,40,40,0,20,16,18,20,14,300,300,94,-5.3,6.6,2.67,-1.9
1985,11,21,14,0,965.3,68.6,0,0.9,3.1,278,NA,NA,41,41,0,20,18,18,20,14,299,299,94,-5.1,6.8,2.71,-1.8
1985,11,21,15,-0.9,965.6,77.1,0,0.8,2.3,360,NA,NA,19,19,0,9,8,7,9,14,295,295,94,-4.4,6.2,2.85,-2.1
1985,11,21,16,-1.3,966,85.1,0,0.2,1.8,354,NA,NA,1,0,0,0,0,0,0,14,295,295,94,-3.5,6.3,3.06,-2.1
1985,11,21,17,-1.3,966.4,87.8,0,0.2,3,319,NA,NA,0,0,0,0,0,0,0,30,286,290,96,-3.1,6.5,3.15,-1.9
1985,11,21,18,-1.5,966.6,90.4,0.1,0.7,2.2,290,NA,8,1,0,0,0,0,0,0,30,285,290,96,-2.9,6.5,3.2,-2
1985,11,21,19,-1.5,966.7,92.7,0,1,2.1,271,NA,NA,0,0,0,0,0,0,0,30,286,289,96,-2.5,6.7,3.28,-1.9
1985,11,21,20,-1.5,966.9,94.2,0,1.2,2.7,237,NA,NA,1,0,0,0,0,0,0,30,295,295,96,-2.3,6.8,3.33,-1.8
1985,11,21,21,-1.5,967,94.1,0,2.2,2.9,240,NA,NA,0,0,0,0,0,0,0,30,294,294,96,-2.3,6.8,3.33,-1.8
1985,11,21,22,-1.5,967.3,94.3,0,1.4,2.9,249,NA,NA,0,0,0,0,0,0,0,30,294,294,96,-2.3,6.8,3.34,-1.8
1985,11,21,23,-1.7,967.3,93.7,0,1.4,2.6,227,NA,NA,1,0,0,0,0,0,0,30,259,276,96,-2.6,6.4,3.27,-2
1985,11,22,0,-1.9,967.1,93.4,0,1.2,2.8,246,NA,NA,0,0,0,0,0,0,0,30,255,273,96,-2.8,6.1,3.21,-2.2
1985,11,22,1,-2.3,967.3,93.9,0,0.7,1.4,246,NA,NA,0,0,0,0,0,0,0,30,256,273,96,-3.1,5.5,3.13,-2.6
1985,11,22,2,-2.1,967.3,93.5,0,1,3,235,NA,NA,1,0,0,0,0,0,0,30,257,274,96,-3,5.8,3.16,-2.4
1985,11,22,3,-2.2,967.1,92.3,0,1.2,2.7,254,NA,NA,0,0,0,0,0,0,0,30,257,274,96,-3.3,5.5,3.1,-2.6
1985,11,22,4,-2.2,967.2,92.4,0,1.3,2.3,232,NA,NA,0,0,0,0,0,0,0,30,256,272,96,-3.3,5.5,3.1,-2.6
1985,11,22,5,-2.4,967.5,92.2,0,0.7,1.4,252,NA,NA,1,0,0,0,0,0,0,50,238,267,98,-3.5,5.2,3.05,-2.8
1985,11,22,6,-2.6,967.7,92.1,0,1.2,2.3,262,NA,8,0,0,0,0,0,0,0,50,237,266,98,-3.7,4.8,3,-3
1985,11,22,7,-2.3,968.2,91.6,0,1,2.6,256,NA,NA,14,14,0,10,10,9,10,50,240,269,98,-3.5,5.3,3.05,-2.7
1985,11,22,8,-1.6,968.5,87.8,0,1.2,2.7,259,NA,NA,52,52,0,37,37,34,34,50,239,272,98,-3.4,6.1,3.08,-2.2
1985,11,22,9,-1.1,968.6,83.5,0,0.9,2.1,261,NA,NA,63,63,0,42,42,42,42,50,243,275,98,-3.5,6.5,3.04,-2
1985,11,22,10,-0.7,968.5,78.8,0,1.2,2,239,NA,NA,88,88,0,59,62,57,58,50,244,277,98,-3.9,6.6,2.95,-1.8
1985,11,22,11,0,968.4,75.6,0,1,2.4,234,NA,NA,177,165,31,97,174,91,87,30,266,290,98,-3.8,7.4,2.98,-1.4
1985,11,22,12,0.5,968.2,72.3,0,1,2.6,239,NA,7,213,189,62,101,265,136,97,30,267,294,98,-3.9,7.9,2.96,-1.1
1985,11,22,13,1.1,968.3,68.1,0,0.6,1.9,203,NA,NA,168,147,63,78,206,142,78,30,268,295,98,-4.1,8.4,2.91,-0.8
1985,11,22,14,1,968.5,67.2,0,1.3,2.4,256,NA,NA,69,69,0,38,44,42,38,30,276,296,98,-4.4,8.1,2.85,-0.9
1985,11,22,15,0.8,968.8,67.2,0,1.1,2,274,NA,NA,25,25,0,14,13,13,14,30,275,293,98,-4.6,7.8,2.8,-1.1
1985,11,22,16,0.4,969.2,68.9,0,1,1.8,270,NA,NA,1,0,0,0,0,0,0,30,274,291,98,-4.6,7.4,2.79,-1.4
1985,11,22,17,0.4,969.6,70.9,0,1.4,2.9,251,NA,NA,0,0,0,0,0,0,0,14,239,271,96,-4.3,7.6,2.87,-1.3
1985,11,22,18,-0.3,969.8,78.1,0,1.1,2.4,273,NA,6,0,0,0,0,0,0,0,14,236,268,96,-3.6,7.2,3.01,-1.5
1985,11,22,19,-0.7,970.1,85.4,0,1,3.1,233,NA,NA,0,0,0,0,0,0,0,14,237,266,96,-2.8,7.3,3.19,-1.5
1985,11,22,20,-0.7,970.3,85.2,0,2.4,3.6,227,NA,NA,0,0,0,0,0,0,0,14,253,275,96,-2.9,7.2,3.19,-1.5
1985,11,22,21,-0.9,970.5,88.3,0,1.9,3,232,NA,NA,1,0,0,0,0,0,0,14,253,275,96,-2.6,7.2,3.25,-1.5
1985,11,22,22,-0.8,970.7,87.7,0,2.2,4,228,NA,NA,0,0,0,0,0,0,0,14,255,277,96,-2.6,7.3,3.25,-1.5
1985,11,22,23,-0.7,970.7,86.3,0,1.9,3,227,NA,NA,1,0,0,0,0,0,0,14,298,298,96,-2.7,7.3,3.23,-1.4
1985,11,23,0,-0.8,970.7,83.6,0,2,2.8,227,NA,NA,0,0,0,0,0,0,0,14,297,297,96,-3.2,6.9,3.1,-1.7
1985,11,23,1,-0.8,970.7,82.3,0,1.1,3,222,NA,NA,1,0,0,0,0,0,0,14,297,297,96,-3.4,6.8,3.05,-1.7
1985,11,23,2,-0.8,970.6,81.9,0,1.3,2.9,230,NA,NA,1,0,0,0,0,0,0,14,297,297,96,-3.5,6.8,3.04,-1.8
1985,11,23,3,-0.9,970.5,83.1,0,0.6,1.4,285,NA,NA,1,0,0,0,0,0,0,14,297,297,96,-3.4,6.7,3.06,-1.8
1985,11,23,4,-1,970.5,84.5,0,0.5,1,266,NA,NA,0,0,0,0,0,0,0,14,296,296,96,-3.3,6.7,3.09,-1.8
1985,11,23,5,-0.9,970.8,85.4,0,1.4,2.8,221,NA,NA,0,0,0,0,0,0,0,14,297,297,96,-3,6.9,3.15,-1.7
1985,11,23,6,-1,971.3,85.7,0,1.4,2.8,247,NA,8,0,0,0,0,0,0,0,30,296,296,96,-3.1,6.8,3.13,-1.8
1985,11,23,7,-1,971.6,86.2,0,1,1.9,283,NA,NA,2,2,0,1,1,1,1,30,298,298,96,-3,6.8,3.15,-1.7
1985,11,23,8,-0.6,971.3,85.5,0,1.4,2.4,243,NA,NA,21,21,0,9,9,12,12,30,298,298,96,-2.7,7.4,3.22,-1.4
1985,11,23,9,-0.5,971.2,85.4,0,1.4,2.3,249,NA,NA,48,48,0,26,25,27,28,30,300,300,96,-2.6,7.6,3.24,-1.3
1985,11,23,10,-0.1,970.9,83.4,0,0.7,1.7,275,NA,NA,72,72,0,41,41,40,41,30,302,303,96,-2.6,8,3.26,-1
1985,11,23,11,0.7,970.5,79.8,0,0.3,1.6,171,NA,NA,128,128,0,61,77,58,58,14,270,290,96,-2.4,8.9,3.3,-0.5
1985,11,23,12,1.7,970.2,75,0,1.1,2.8,106,NA,6,328,162,435,93,622,207,87,14,272,300,96,-2.2,10,3.34,0.2
1985,11,23,13,1.7,970,71,0,1.4,3.3,91,NA,NA,155,138,53,61,171,115,61,14,271,295,96,-3,9.6,3.16,-0.1
1985,11,23,14,1.6,970.1,72.5,0,1.2,2.9,95,NA,NA,56,56,0,26,28,27,26,14,308,310,96,-2.8,9.6,3.2,-0.1
1985,11,23,15,1.6,970.3,72.8,0,0.3,1.8,45,NA,NA,14,14,0,7,5,5,7,14,308,308,96,-2.7,9.6,3.22,0
1985,11,23,16,1.4,970.3,74.8,0,0.5,1.6,74,NA,NA,2,0,0,0,0,0,0,14,308,308,96,-2.6,9.5,3.26,-0.1
1985,11,23,17,1.3,970.2,76.2,0,0.6,2.3,286,NA,NA,0,0,0,0,0,0,0,14,306,306,94,-2.4,9.5,3.29,-0.1
1985,11,23,18,1.1,970.1,77.3,0,0.3,1.5,325,NA,8,0,0,0,0,0,0,0,14,305,305,94,-2.4,9.3,3.3,-0.2
1985,11,23,19,1.2,969.9,78.4,0,0.5,1.9,23,NA,NA,0,0,0,0,0,0,0,14,308,308,94,-2.1,9.6,3.37,-0.1
1985,11,23,20,1,969.8,78.7,0,1.1,2.9,20,NA,NA,0,0,0,0,0,0,0,14,295,296,94,-2.3,9.3,3.33,-0.2
1985,11,23,21,0.6,969.8,82,0,0.5,2,337,NA,NA,0,0,0,0,0,0,0,14,292,292,94,-2.1,9,3.37,-0.4
1985,11,23,22,0.3,969.7,84.2,0,0.2,0.9,27,NA,NA,1,0,0,0,0,0,0,14,293,293,94,-2,8.8,3.39,-0.6
1985,11,23,23,-0.6,969.4,85.7,0,0.5,1.2,265,NA,NA,0,0,0,0,0,0,0,14,269,276,94,-2.7,7.4,3.23,-1.4
1985,11,24,0,-1.4,969.1,88.7,0,0.5,1.3,234,NA,NA,0,0,0,0,0,0,0,14,267,274,94,-3,6.4,3.15,-2
1985,11,24,1,-1.7,968.7,89.3,0,0.4,1.1,228,NA,NA,0,0,0,0,0,0,0,14,267,273,94,-3.2,6,3.11,-2.2
1985,11,24,2,-2.3,968.4,90.1,0,0.8,1.6,223,NA,NA,0,0,0,0,0,0,0,14,244,260,94,-3.7,5.1,3,-2.8
1985,11,24,3,-2.8,968,89.6,0,0.7,1.3,230,NA,NA,0,0,0,0,0,0,0,14,243,257,94,-4.3,4.3,2.88,-3.3
1985,11,24,4,-3.6,967.8,91.8,0,0.9,1.9,234,NA,NA,1,0,0,0,0,0,0,14,240,255,94,-4.7,3.3,2.78,-4
1985,11,24,5,-3.6,967.9,91.7,0,0.8,1.3,224,NA,NA,0,0,0,0,0,0,0,14,250,261,94,-4.8,3.3,2.77,-4
1985,11,24,6,-3.3,967.8,92,0,0.6,1.2,224,NA,4,1,0,0,0,0,0,0,14,250,263,94,-4.4,3.7,2.84,-3.7
1985,11,24,7,-2.8,967.9,90.9,0,0.6,1.1,216,NA,NA,17,17,0,9,9,7,8,14,254,267,94,-4.1,4.4,2.92,-3.2
1985,11,24,8,-1.7,967.6,86.8,0,0.4,1,223,NA,NA,71,69,12,56,56,30,31,14,277,282,94,-3.6,5.8,3.02,-2.4
1985,11,24,9,-0.1,967.3,79.2,0,0.6,2,18,NA,NA,158,131,93,159,216,58,59,14,286,290,94,-3.3,7.6,3.1,-1.3
1985,11,24,10,1.2,966.8,74.6,0,1.6,3.9,51,NA,NA,200,166,94,130,245,72,72,14,289,296,94,-2.8,9.2,3.21,-0.3
1985,11,24,11,1.9,966.4,70.8,0,2.8,5.1,72,NA,NA,335,148,474,129,656,97,85,14,291,304,94,-2.8,9.9,3.21,0.1
1985,11,24,12,2.2,965.8,69.1,0,2.7,5.8,69,NA,5,302,158,378,90,566,191,84,14,264,291,94,-2.9,10.2,3.2,0.3
1985,11,24,13,2,965.5,69,0,2.4,4.7,63,NA,NA,149,141,24,61,135,97,61,14,263,287,94,-3.1,9.9,3.15,0.1
1985,11,24,14,1.9,965.4,70.1,0,2.6,4.5,57,NA,NA,123,100,98,47,178,155,46,14,272,290,94,-3,9.9,3.18,0.1
1985,11,24,15,1.4,965.2,72.4,0,2.1,4.4,55,NA,NA,29,29,0,14,15,15,13,14,270,284,94,-3,9.3,3.17,-0.2
1985,11,24,16,1.1,965.1,74.4,0,2.2,4.5,63,NA,NA,2,0,0,0,0,0,0,14,269,283,94,-2.9,9.1,3.19,-0.4
1985,11,24,17,0.7,964.9,74.2,0,2.8,4.9,42,NA,NA,0,0,0,0,0,0,0,14,256,277,94,-3.4,8.4,3.09,-0.8
1985,11,24,18,-0.2,964.9,76.1,0,1.7,3.6,17,NA,7,1,0,0,0,0,0,0,14,254,272,94,-3.9,7.2,2.97,-1.5
1985,11,24,19,0,964.8,75,0,0.8,2.4,355,NA,NA,0,0,0,0,0,0,0,14,256,275,94,-3.9,7.4,2.97,-1.4
1985,11,24,20,0.4,964.8,70.7,0,1.7,3.2,6,NA,NA,1,0,0,0,0,0,0,14,303,303,94,-4.3,7.6,2.88,-1.3
1985,11,24,21,0.6,964.8,71.4,0,1.9,3.3,19,NA,NA,0,0,0,0,0,0,0,14,303,303,94,-4,8,2.95,-1.1
1985,11,24,22,0.6,964.4,71.4,0,1.9,3.4,15,NA,NA,1,0,0,0,0,0,0,14,303,303,94,-4,8,2.95,-1.1
1985,11,24,23,0.6,964,70.1,0,1.8,4.6,11,NA,NA,0,0,0,0,0,0,0,14,303,303,94,-4.2,7.8,2.9,-1.1
1985,11,25,0,0.5,963.4,70.2,0,1.5,2.8,27,NA,NA,2,0,0,0,0,0,0,14,302,302,94,-4.3,7.7,2.88,-1.2
1985,11,25,1,0.5,963.2,70.6,0,0.9,2.5,31,NA,NA,1,0,0,0,0,0,0,14,302,302,94,-4.2,7.7,2.9,-1.2
1985,11,25,2,0.4,962.7,71.5,0,2.2,3.6,21,NA,NA,1,0,0,0,0,0,0,14,303,303,94,-4.1,7.7,2.92,-1.2
1985,11,25,3,0.3,962.2,70.6,0,2.9,4.6,25,NA,NA,0,0,0,0,0,0,0,14,302,302,94,-4.4,7.4,2.86,-1.4
1985,11,25,4,0.2,961.9,69.9,0,2.7,3.9,27,NA,NA,0,0,0,0,0,0,0,14,301,301,94,-4.6,7.2,2.81,-1.5
1985,11,25,5,0.2,961.9,69.1,0,3.2,4.8,27,NA,NA,0,0,0,0,0,0,0,14,302,302,94,-4.8,7.1,2.78,-1.5
1985,11,25,6,0.2,961.8,69.7,0,2.7,4,23,NA,8,1,0,0,0,0,0,0,14,301,301,94,-4.7,7.2,2.81,-1.5
1985,11,25,7,0.2,961.9,69,0,3.7,6.2,30,NA,NA,3,3,0,1,1,2,2,14,301,301,94,-4.8,7.1,2.78,-1.5
1985,11,25,8,0.2,962.1,70.8,0,4.2,6.6,26,NA,NA,15,15,0,5,5,8,8,14,301,301,94,-4.5,7.3,2.85,-1.5
1985,11,25,9,0.1,962.2,71.5,0,4.5,7.2,25,NA,NA,27,27,0,11,10,13,13,14,301,301,94,-4.4,7.2,2.86,-1.5
1985,11,25,10,0.1,961.7,71.5,0,4.7,7.2,20,NA,NA,39,39,0,18,15,19,19,14,301,301,94,-4.4,7.2,2.86,-1.5
1985,11,25,11,0.2,961.1,71.2,0,4.5,7.3,23,NA,NA,50,50,0,24,21,24,25,14,301,301,94,-4.4,7.4,2.87,-1.4
1985,11,25,12,0.2,960.6,71.6,0,4.8,7.2,22,NA,8,38,38,0,19,15,18,19,14,301,301,94,-4.3,7.4,2.89,-1.4
1985,11,25,13,0.1,960.3,71.6,0,5.1,7.9,25,NA,NA,36,36,0,18,14,16,18,14,301,301,94,-4.4,7.2,2.87,-1.5
1985,11,25,14,0.1,960,72.1,0,5.3,8.8,23,NA,NA,26,26,0,13,10,10,13,14,301,301,94,-4.3,7.3,2.89,-1.5
1985,11,25,15,0.1,959.8,73.9,0,4.6,6.8,20,NA,NA,6,6,0,3,2,1,3,14,301,301,94,-4,7.5,2.96,-1.4
1985,11,25,16,0.3,959.9,73.7,0,4.4,7.3,33,NA,NA,0,0,0,0,0,0,0,14,302,302,94,-3.8,7.8,3,-1.2
1985,11,25,17,0.5,959.9,72.7,0,4.2,9,32,NA,NA,0,0,0,0,0,0,0,14,302,302,94,-3.8,8,3,-1
1985,11,25,18,0.4,959.8,74.6,0,3.8,6.1,21,NA,8,0,0,0,0,0,0,0,14,302,302,94,-3.6,8,3.05,-1
1985,11,25,19,0.5,959.9,74.4,0,3.9,7.1,16,NA,NA,0,0,0,0,0,0,0,14,302,302,94,-3.5,8.2,3.07,-1
1985,11,25,20,0.5,960,74.7,0,4.2,6.6,27,NA,NA,0,0,0,0,0,0,0,14,302,302,94,-3.5,8.2,3.08,-1
1985,11,25,21,0.4,959.8,74.8,0,3.6,5.9,22,NA,NA,0,0,0,0,0,0,0,14,302,302,94,-3.5,8,3.06,-1
1985,11,25,22,0.4,959.7,73.4,0,3.5,6.2,14,NA,NA,0,0,0,0,0,0,0,14,302,302,94,-3.8,7.9,3.01,-1.1
1985,11,25,23,0.4,959.5,73.7,0,3.8,6,15,NA,NA,0,0,0,0,0,0,0,14,302,302,94,-3.7,7.9,3.02,-1.1
1985,11,26,0,0.3,959.2,74.2,0,3.4,6.2,21,NA,NA,0,0,0,0,0,0,0,14,302,302,94,-3.7,7.8,3.02,-1.1
1985,11,26,1,0.3,959,73.7,0,3.7,6,15,NA,NA,0,0,0,0,0,0,0,14,302,302,94,-3.8,7.8,3,-1.2
1985,11,26,2,0.3,958.6,73.2,0,4,6.5,19,NA,NA,0,0,0,0,0,0,0,14,302,302,94,-3.9,7.7,2.98,-1.2
1985,11,26,3,0.3,958.5,72.5,0,4.3,6.7,21,NA,NA,0,0,0,0,0,0,0,14,302,302,94,-4.1,7.7,2.95,-1.3
1985,11,26,4,0.2,958.6,71.6,0,4.3,6.5,22,NA,NA,0,0,0,0,0,0,0,14,301,301,94,-4.3,7.4,2.89,-1.4
1985,11,26,5,0.1,958.6,71.9,0,3.8,6.9,19,NA,NA,1,0,0,0,0,0,0,14,301,301,94,-4.4,7.3,2.88,-1.5
1985,11,26,6,0.1,958.7,71.7,0,4,6.6,18,NA,8,0,0,0,0,0,0,0,14,301,301,94,-4.4,7.3,2.88,-1.5
1985,11,26,7,0.1,958.7,71.7,0,4.3,7.7,18,NA,NA,2,2,0,1,1,1,1,14,300,300,94,-4.4,7.3,2.88,-1.5
1985,11,26,8,0.1,958.6,70.5,0,4.6,7.2,18,NA,NA,6,6,0,2,2,3,3,14,300,300,94,-4.6,7.1,2.83,-1.5
1985,11,26,9,0.2,958.8,69.5,0,4.7,7.3,20,NA,NA,18,18,0,7,6,9,9,14,301,301,94,-4.7,7.2,2.81,-1.5
1985,11,26,10,0.3,958.4,68.6,0,4.3,6.7,21,NA,NA,30,30,0,14,11,15,15,14,302,302,94,-4.8,7.3,2.79,-1.5
1985,11,26,11,0.4,957.9,67.2,0,3.3,5.3,16,NA,NA,31,31,0,15,11,15,16,14,302,302,94,-5,7.3,2.76,-1.5
1985,11,26,12,0.5,957.7,66.8,0,3.1,4.8,18,NA,8,34,34,0,17,13,16,17,14,303,303,94,-4.9,7.4,2.76,-1.4
1985,11,26,13,0.6,957.8,66.1,0,2.9,6.7,19,NA,NA,30,30,0,15,11,13,15,14,303,303,94,-5,7.5,2.75,-1.4
1985,11,26,14,0.6,957.9,67,0,2.7,6,27,NA,NA,21,21,0,10,7,8,10,14,303,303,94,-4.8,7.6,2.79,-1.3
1985,11,26,15,0.4,957.8,68.8,0,2.1,3.8,11,NA,NA,13,13,0,7,5,4,7,14,302,302,94,-4.7,7.4,2.82,-1.4
1985,11,26,16,0.4,957.6,69.4,0,1.5,2.9,13,NA,NA,8,0,0,0,0,0,0,14,302,302,94,-4.5,7.5,2.85,-1.3
1985,11,26,17,0.3,957.7,68.4,0,1.6,3.5,8,NA,NA,0,0,0,0,0,0,0,14,301,301,94,-4.8,7.2,2.79,-1.5
1985,11,26,18,0.3,957.7,67.2,0,1.4,4.3,10,NA,8,0,0,0,0,0,0,0,14,301,301,94,-5.1,7.1,2.74,-1.6
1985,11,26,19,0.2,957.7,67.9,0,1.6,2.7,9,NA,NA,0,0,0,0,0,0,0,14,301,301,94,-5,7,2.74,-1.6
1985,11,26,20,0.3,957.6,66.8,0,1.7,3.9,12,NA,NA,0,0,0,0,0,0,0,14,301,301,94,-5.1,7.1,2.72,-1.6
1985,11,26,21,0.2,957.6,68.2,0,0.9,2.2,32,NA,NA,0,0,0,0,0,0,0,14,301,301,94,-5,7.1,2.76,-1.6
1985,11,26,22,0.3,957.7,68.2,0,0.6,1.9,51,NA,NA,0,0,0,0,0,0,0,14,302,302,94,-4.9,7.2,2.78,-1.5
1985,11,26,23,0.3,958.1,69.1,0,0.5,1.5,122,NA,NA,0,0,0,0,0,0,0,14,301,301,94,-4.7,7.3,2.81,-1.5
1985,11,27,0,0,957.9,71.3,0,0.4,1.5,342,NA,NA,0,0,0,0,0,0,0,14,301,301,94,-4.6,7.1,2.84,-1.6
1985,11,27,1,0,958.1,71.6,0,0.2,1.1,191,NA,NA,0,0,0,0,0,0,0,14,300,300,94,-4.5,7.1,2.85,-1.6
1985,11,27,2,0,958.1,71.4,0,0.5,2.3,138,NA,NA,0,0,0,0,0,0,0,14,300,300,94,-4.5,7.1,2.84,-1.6
1985,11,27,3,0,958.2,69.2,0,0.1,0.9,127,NA,NA,0,0,0,0,0,0,0,14,300,300,94,-5,6.9,2.76,-1.7
1985,11,27,4,-0.1,958.2,70.9,0,0.2,1.2,139,NA,NA,0,0,0,0,0,0,0,14,299,299,94,-4.7,6.9,2.8,-1.7
1985,11,27,5,-0.4,958.3,75,0,0.3,1,18,NA,NA,0,0,0,0,0,0,0,14,299,299,94,-4.3,6.8,2.9,-1.8
1985,11,27,6,-0.4,958.6,75.7,0,0.6,1.2,24,NA,8,0,0,0,0,0,0,0,14,299,299,94,-4.2,6.9,2.93,-1.7
1985,11,27,7,-0.2,959.2,74.3,0,0.6,1.4,45,NA,NA,11,11,0,6,5,5,5,14,301,301,94,-4.2,7.1,2.91,-1.6
1985,11,27,8,0.2,959.5,70.8,0,0.4,2.2,28,NA,NA,27,27,0,11,11,13,13,14,302,302,94,-4.5,7.3,2.86,-1.5
1985,11,27,9,0.4,960,71.4,0,0.6,1.9,28,NA,NA,38,38,0,17,15,18,19,14,303,303,94,-4.2,7.7,2.92,-1.2
1985,11,27,10,0.7,960,69.5,0,0.9,2.5,150,NA,NA,54,54,0,25,23,26,26,14,303,303,94,-4.2,8,2.91,-1.1
1985,11,27,11,0.9,959.9,66.4,0,0.7,1.9,120,NA,NA,96,96,0,46,51,44,45,14,304,304,94,-4.6,7.9,2.82,-1
1985,11,27,12,1.1,960,63.7,0,0.4,1.9,102,NA,8,132,131,3,60,85,64,58,14,306,306,94,-5,7.9,2.74,-1
1985,11,27,13,1.3,960.1,62.3,0,0.9,2.9,20,NA,NA,88,88,0,41,48,43,41,14,305,305,94,-5.1,8.1,2.72,-1
1985,11,27,14,1.4,960.5,61.3,0,0.6,2.3,178,NA,NA,74,74,0,34,43,41,34,14,296,299,94,-5.2,8.1,2.69,-0.9
1985,11,27,15,1.3,960.9,60.6,0,0.7,2.6,252,NA,NA,26,26,0,12,13,12,12,14,295,296,94,-5.5,7.9,2.64,-1.1
1985,11,27,16,0.8,961.3,63.4,0,1,2.3,204,NA,NA,0,0,0,0,0,0,0,14,292,292,94,-5.3,7.5,2.67,-1.3
1985,11,27,17,0.2,961.5,65,0,0.7,2.2,199,NA,NA,1,0,0,0,0,0,0,14,280,282,94,-5.6,6.7,2.62,-1.8
1985,11,27,18,-1.3,962,71.8,0,0.6,4.1,312,NA,6,0,0,0,0,0,0,0,14,275,275,94,-5.7,5.1,2.59,-2.8
1985,11,27,19,-2.6,962.6,78.4,0,0.2,1.2,246,NA,NA,0,0,0,0,0,0,0,14,265,265,94,-5.8,3.8,2.57,-3.6
1985,11,27,20,-3.4,962.8,83.3,0,0.4,1.1,240,NA,NA,6,0,0,0,0,0,0,14,266,266,94,-5.8,3,2.57,-4.2
1985,11,27,21,-4.2,963.6,88.2,0,0.4,1.2,286,NA,NA,0,0,0,0,0,0,0,14,264,264,94,-5.9,2.1,2.56,-4.7
1985,11,27,22,-4.8,964,89.7,0,0.3,1.2,288,NA,NA,0,0,0,0,0,0,0,14,260,260,94,-6.2,1.3,2.49,-5.2
1985,11,27,23,-5.2,964.2,90.7,0,0.4,1.1,237,NA,NA,0,0,0,0,0,0,0,14,206,234,94,-6.5,0.8,2.44,-5.6
1985,11,28,0,-5.8,964.2,91.4,0,0.5,1.5,229,NA,NA,0,0,0,0,0,0,0,14,203,232,94,-7,0,2.35,-6.2
1985,11,28,1,-6.1,964.6,91.2,0,0.5,1.7,239,NA,NA,0,0,0,0,0,0,0,14,203,232,94,-7.3,-0.5,2.29,-6.4
1985,11,28,2,-6.1,964.3,91.7,0,0.9,3,229,NA,NA,0,0,0,0,0,0,0,14,211,235,94,-7.2,-0.4,2.3,-6.4
1985,11,28,3,-6.2,964.5,90.8,0,0.5,1.7,215,NA,NA,0,0,0,0,0,0,0,14,208,234,94,-7.5,-0.6,2.26,-6.6
1985,11,28,4,-5.6,964.5,91.4,0,1.2,3.2,221,NA,NA,2,0,0,0,0,0,0,14,217,242,94,-6.8,0.3,2.38,-6
1985,11,28,5,-4.5,964.3,90.6,0,1.4,3.1,245,NA,NA,1,0,0,0,0,0,0,14,221,248,94,-5.8,1.8,2.57,-4.9
1985,11,28,6,-3.6,964.6,88.9,0,0.7,1.9,234,NA,7,3,0,0,0,0,0,0,14,225,252,94,-5.2,3.1,2.7,-4.1
1985,11,28,7,-3.2,964.8,85.8,0,1.4,3.2,252,NA,NA,15,15,0,10,9,7,7,14,225,252,94,-5.2,3.4,2.68,-3.9
1985,11,28,8,-1.7,965,77.6,0,1.5,5.6,225,NA,NA,76,49,163,185,185,30,30,14,296,296,94,-5.1,5,2.71,-2.8
1985,11,28,9,-0.9,965.5,71,0,5.4,8.6,237,NA,NA,47,47,0,22,21,22,23,14,294,294,94,-5.5,5.6,2.63,-2.4
1985,11,28,10,-1.3,965.5,82.7,0,4.2,6.5,235,NA,NA,71,71,0,34,34,33,34,14,296,296,94,-3.9,6.1,2.97,-2.2
1985,11,28,11,-1,965.2,83.4,0,3.2,5.3,226,NA,NA,79,79,0,45,46,44,44,30,297,298,96,-3.5,6.6,3.07,-1.9
1985,11,28,12,-0.7,965.3,88.5,0,3.3,5.2,221,NA,8,72,72,0,41,41,40,41,30,299,299,96,-2.4,7.6,3.33,-1.3
1985,11,28,13,0,965.2,91.4,0,3.2,5.1,220,NA,NA,77,77,0,43,47,44,43,30,303,303,96,-1.2,9,3.62,-0.5
1985,11,28,14,0.4,965.8,91.4,0,4.1,6.8,228,NA,NA,38,38,0,22,20,20,22,30,276,290,96,-0.8,9.7,3.72,-0.1
1985,11,28,15,0.1,966.7,93.2,0,5,6.8,227,NA,NA,26,26,0,14,15,15,14,30,276,289,96,-0.9,9.4,3.71,-0.3
1985,11,28,16,0.3,967.4,91.9,0,4,6.4,218,NA,NA,3,0,0,0,0,0,0,30,277,289,96,-0.9,9.6,3.71,-0.2
1985,11,28,17,0.5,967.6,91.7,0,2.9,5.4,223,NA,NA,1,0,0,0,0,0,0,30,277,293,98,-0.7,9.9,3.76,0
1985,11,28,18,0.6,968,92.3,0,2.3,4.8,241,NA,8,2,0,0,0,0,0,0,30,280,295,98,-0.5,10.1,3.81,0.2
1985,11,28,19,1.1,968.6,91.9,0,2.1,4.2,219,NA,NA,3,0,0,0,0,0,0,30,281,296,98,-0.1,10.9,3.93,0.6
1985,11,28,20,1,969.1,91.4,0,1.6,3.5,250,NA,NA,1,0,0,0,0,0,0,30,306,307,98,-0.2,10.7,3.88,0.5
1985,11,28,21,0.9,969.2,91.7,0,1.4,2.8,231,NA,NA,2,0,0,0,0,0,0,30,305,306,98,-0.3,10.5,3.86,0.4
1985,11,28,22,0.8,969.5,91.9,0,1,3,256,NA,NA,3,0,0,0,0,0,0,30,305,305,98,-0.4,10.4,3.84,0.3
1985,11,28,23,0.7,969.7,92.4,0,1.7,3.2,226,NA,NA,1,0,0,0,0,0,0,30,253,279,98,-0.4,10.3,3.83,0.3
1985,11,29,0,0.5,969.5,92.8,0,1.4,3.2,232,NA,NA,2,0,0,0,0,0,0,30,254,279,98,-0.5,10,3.79,0.1
1985,11,29,1,1.2,969.7,92.6,0,2.4,3.9,224,NA,NA,1,0,0,0,0,0,0,30,258,285,98,0.1,11.1,3.98,0.8
1985,11,29,2,1.6,969.4,91.4,0,1.5,3.2,206,NA,NA,3,0,0,0,0,0,0,30,308,309,98,0.4,11.7,4.05,1.1
1985,11,29,3,1.8,969.4,90.7,0,0.7,1.9,191,NA,NA,0,0,0,0,0,0,0,30,312,312,98,0.4,12,4.07,1.2
1985,11,29,4,2.1,969.4,87.3,0,1.9,4.7,207,NA,NA,0,0,0,0,0,0,0,30,308,310,98,0.2,12.1,4.01,1.3
1985,11,29,5,2.1,969.2,86.1,0,1.5,4.4,220,NA,NA,1,0,0,0,0,0,0,30,311,311,96,0,12,3.95,1.2
1985,11,29,6,2.4,969.3,84,0,2.9,5,228,NA,8,1,0,0,0,0,0,0,30,311,311,96,0,12.3,3.94,1.4
1985,11,29,7,2.6,969.4,82,0,2.6,5,242,NA,NA,8,8,0,4,4,5,5,30,314,314,96,-0.2,12.4,3.9,1.5
1985,11,29,8,3.3,969.8,78.6,0,2.2,4.4,231,NA,NA,32,32,0,17,17,18,18,30,263,289,96,-0.1,13.1,3.93,1.9
1985,11,29,9,3.6,970.1,76.2,0,1.5,2.8,257,NA,NA,62,62,0,35,36,34,34,30,266,293,96,-0.2,13.3,3.89,2
1985,11,29,10,4.4,969.9,73,0,2.3,3.9,252,NA,NA,109,109,0,64,74,58,59,30,269,297,96,0,14.3,3.94,2.6
1985,11,29,11,5.1,969.3,67.9,0,2,3.8,250,NA,NA,136,135,1,65,88,61,60,14,328,328,94,-0.3,14.8,3.85,2.8
1985,11,29,12,5.6,969,64.6,0,2.1,3.9,240,NA,8,149,143,18,65,125,76,63,14,327,327,94,-0.5,15.1,3.79,3
1985,11,29,13,5.6,968.6,65.3,0,2.4,3.6,221,NA,NA,63,63,0,30,30,29,30,14,327,327,94,-0.4,15.2,3.84,3.1
1985,11,29,14,5.4,968.3,66.5,0,1.6,3.6,221,NA,NA,39,39,0,19,17,17,19,14,261,290,94,-0.3,15.1,3.85,3
1985,11,29,15,4.9,967.9,68,0,1.9,4.5,214,NA,NA,11,11,0,6,4,3,6,14,261,287,94,-0.5,14.5,3.81,2.7
1985,11,29,16,4.9,968.2,67.2,0,3,5.2,209,NA,NA,1,0,0,0,0,0,0,14,258,286,94,-0.7,14.3,3.76,2.6
1985,11,29,17,5.1,968.7,66.8,0,3.3,6.7,215,NA,NA,0,0,0,0,0,0,0,14,326,326,94,-0.6,14.6,3.79,2.7
1985,11,29,18,5.3,969.2,64.9,0,2.7,5.7,219,NA,8,0,0,0,0,0,0,0,14,324,324,94,-0.8,14.7,3.73,2.8
1985,11,29,19,5.9,969.3,60.7,0,3.3,7,205,NA,NA,0,0,0,0,0,0,0,14,329,329,94,-1.1,15.1,3.64,3
1985,11,29,20,6.2,969.5,58.3,0,3.2,5.1,211,NA,NA,0,0,0,0,0,0,0,14,321,321,94,-1.4,15.2,3.56,3.1
1985,11,29,21,5.8,969.9,61.2,0,3.5,5.7,222,NA,NA,1,0,0,0,0,0,0,14,320,320,94,-1.1,15,3.64,2.9
1985,11,29,22,6.2,970.2,58.5,0,2.6,5.4,220,NA,NA,0,0,0,0,0,0,0,14,316,316,94,-1.3,15.2,3.57,3.1
1985,11,29,23,6,970.3,59.9,0,2.7,5.2,246,NA,NA,0,0,0,0,0,0,0,14,330,330,94,-1.2,15.1,3.61,3
1985,11,30,0,6.3,969.9,58.6,0,2.5,4.7,231,NA,NA,1,0,0,0,0,0,0,14,331,331,94,-1.2,15.4,3.61,3.2
1985,11,30,1,5.7,970,61.1,0,2.6,4.3,236,NA,NA,1,0,0,0,0,0,0,14,325,325,94,-1.2,14.8,3.61,2.9
1985,11,30,2,6,970.2,59.9,0,1.6,3.5,229,NA,NA,0,0,0,0,0,0,0,14,327,327,94,-1.2,15.1,3.61,3
1985,11,30,3,5.9,970.3,60.2,0,2.6,4.2,234,NA,NA,0,0,0,0,0,0,0,14,328,328,94,-1.2,15,3.6,3
1985,11,30,4,5.7,970.7,61.3,0,1.6,4.3,222,NA,NA,0,0,0,0,0,0,0,14,325,325,94,-1.2,14.8,3.62,2.9
1985,11,30,5,4.2,970.5,67,0,1.5,3.3,221,NA,NA,0,0,0,0,0,0,0,14,263,283,94,-1.4,13.1,3.56,1.9
1985,11,30,6,4.3,970.5,68.5,0,1.1,2.4,182,NA,7,0,0,0,0,0,0,0,14,264,282,94,-1,13.5,3.67,2.1
1985,11,30,7,4.4,970.7,70.1,0,1,3.5,211,NA,NA,9,9,0,5,4,4,4,14,270,288,94,-0.6,13.9,3.78,2.3
1985,11,30,8,5.8,971.1,64.5,0,1.6,3.4,214,NA,NA,73,65,48,99,98,31,31,14,321,321,94,-0.4,15.4,3.83,3.2
1985,11,30,9,7.1,971.7,58.1,0,1.8,4.1,229,NA,NA,100,99,3,58,65,43,44,14,327,328,94,-0.6,16.6,3.77,3.8
1985,11,30,10,7.9,971.5,54.7,0,2.4,4.7,231,NA,NA,141,139,5,74,99,60,61,14,330,332,94,-0.6,17.4,3.75,4.2
1985,11,30,11,9.2,971.5,51,0,3.5,6.1,221,NA,NA,184,170,37,86,181,78,72,14,339,341,94,-0.4,18.9,3.82,5
1985,11,30,12,10.1,971.5,45.3,0,3.8,6.9,218,NA,7,147,146,4,66,103,72,64,14,337,340,94,-1.2,19.2,3.6,5.2
1985,11,30,13,9.5,971.6,47.1,0,3.3,6,236,NA,NA,112,112,1,50,72,59,50,14,334,336,94,-1.2,18.6,3.6,4.9
1985,11,30,14,9,972.2,49.1,0,2.8,4.8,239,NA,NA,58,58,0,27,30,29,27,14,333,334,94,-1.1,18.2,3.63,4.7
1985,11,30,15,8.5,972.6,51.9,0,1,3,254,NA,NA,10,10,0,5,4,3,5,14,330,330,94,-0.8,17.9,3.7,4.5
1985,11,30,16,7.9,972.9,54,0,1,3,257,NA,NA,0,0,0,0,0,0,0,14,327,327,94,-0.8,17.3,3.7,4.2
1985,11,30,17,7.1,973.2,58.2,0,0.4,1.5,221,NA,NA,0,0,0,0,0,0,0,14,323,323,94,-0.6,16.6,3.76,3.8
1985,11,30,18,6.1,973.4,64.7,0,0.5,1.5,227,NA,7,1,0,0,0,0,0,0,14,315,316,94,-0.2,15.8,3.87,3.4
1985,11,30,19,5.3,973.7,69.8,0,0.6,1.2,321,NA,NA,0,0,0,0,0,0,0,14,308,311,94,0.1,15.2,3.95,3.1
1985,11,30,20,4.7,973.7,72.6,0,0.5,1.7,226,NA,NA,1,0,0,0,0,0,0,14,304,307,94,0,14.6,3.94,2.7
1985,11,30,21,3.9,973.6,74.5,0,0.6,1.5,238,NA,NA,0,0,0,0,0,0,0,14,296,301,94,-0.3,13.6,3.86,2.2
1985,11,30,22,3.2,973.4,75.3,0,0.3,1.1,180,NA,NA,0,0,0,0,0,0,0,14,290,297,94,-0.8,12.6,3.75,1.6
1985,11,30,23,2.5,973,74,0,0.4,1.1,28,NA,NA,1,0,0,0,0,0,0,14,281,292,94,-1.7,11.3,3.53,0.9
1990,12,1,0,1.9,972.6,71.6,0,7.1,12,49,NA,NA,0,0,0,0,0,0,0,14,273,287,94,-2.7,10.1,3.28,0.2
1990,12,1,1,1.3,972.2,68.6,0,6.9,12.6,54,NA,NA,0,0,0,0,0,0,0,14,264,281,94,-3.9,8.8,3.01,-0.5
1990,12,1,2,0.9,972,66.1,0,6.9,13.2,59,NA,NA,0,0,0,0,0,0,0,14,256,277,94,-4.8,7.8,2.8,-1.1
1990,12,1,3,0.4,971.8,63.4,0,8.8,13.8,51,NA,NA,0,0,0,0,0,0,0,14,248,272,94,-5.7,6.8,2.58,-1.7
1990,12,1,4,0.1,971.8,61.4,0,8.1,13.1,50,NA,NA,0,0,0,0,0,0,0,14,240,267,94,-6.5,6.1,2.42,-2.1
1990,12,1,5,-0.1,972.2,60.5,0,10.5,16.6,44,NA,NA,0,0,0,0,0,0,0,14,236,265,94,-6.8,5.8,2.36,-2.3
1990,12,1,6,-0.2,972.5,60.8,0,13,20.6,47,NA,1,1,0,0,0,0,0,0,14,234,264,94,-6.9,5.7,2.35,-2.4
1990,12,1,7,-0.2,973.1,59.9,0,11.6,20,50,NA,NA,12,12,0,7,7,5,6,14,235,265,94,-7.1,5.6,2.31,-2.4
1990,12,1,8,-0.5,973.8,59.5,0,11.1,19.4,53,NA,NA,52,52,0,29,29,23,24,14,241,267,94,-7.4,5.1,2.25,-2.7
1990,12,1,9,0.3,974.3,56.8,0,12.1,18.7,60,NA,NA,199,93,398,313,463,56,56,14,243,271,94,-7.3,6,2.27,-2.2
1990,12,1,10,0.7,974.7,51.9,0,12.9,21.8,64,NA,NA,303,108,572,278,687,74,73,14,241,272,94,-8,6,2.14,-2.1
1990,12,1,11,1.2,974.9,50.3,0,12.1,19.5,66,NA,NA,368,75,786,129,872,79,72,14,236,272,94,-8,6.6,2.14,-1.8
1990,12,1,12,1.8,975,47.2,0,10.8,19.4,67,NA,1,354,62,807,69,866,229,66,14,239,274,94,-8.2,7,2.1,-1.5
1990,12,1,13,2.2,975.4,45.6,0,11.7,19.9,60,NA,NA,288,58,749,59,759,395,59,14,238,273,94,-8.3,7.4,2.09,-1.2
1990,12,1,14,1.7,976.1,49.3,0,10.2,16.6,66,NA,NA,186,51,630,45,574,472,45,14,236,271,94,-7.8,7.1,2.18,-1.4
1990,12,1,15,1,976.5,52.4,0,9.6,18.2,67,NA,NA,64,40,266,23,224,269,23,14,232,267,94,-7.6,6.5,2.2,-1.8
1990,12,1,16,0.5,976.9,53.4,0,10.4,18,53,NA,NA,3,0,0,0,0,0,0,14,232,265,94,-7.9,5.9,2.16,-2.2
1990,12,1,17,0.2,977.3,58.5,0,11.1,17.8,57,NA,NA,0,0,0,0,0,0,0,14,231,264,94,-7,6,2.32,-2.2
1990,12,1,18,-0.3,977.7,62.3,0,11.4,18.4,58,NA,1,1,0,0,0,0,0,0,14,231,263,94,-6.6,5.6,2.38,-2.4
1990,12,1,19,-0.4,978.4,64.7,0,9.9,18.5,65,NA,NA,0,0,0,0,0,0,0,14,231,262,94,-6.2,5.7,2.45,-2.3
1990,12,1,20,-0.4,978.8,62.8,0,10.3,16.2,60,NA,NA,0,0,0,0,0,0,0,14,231,262,94,-6.6,5.5,2.38,-2.4
1990,12,1,21,-0.4,979.1,61.4,0,9.8,16.1,60,NA,NA,0,0,0,0,0,0,0,14,230,262,94,-6.9,5.4,2.32,-2.5
1990,12,1,22,-0.5,979.1,62.8,0,9.6,16,64,NA,NA,0,0,0,0,0,0,0,14,231,262,94,-6.7,5.4,2.36,-2.5
1990,12,1,23,-0.6,979.1,62.3,0,10.5,16.1,64,NA,NA,1,0,0,0,0,0,0,14,230,261,94,-6.9,5.2,2.32,-2.6
1990,12,2,0,-0.4,979.3,60.7,0,9.8,16.3,64,NA,NA,0,0,0,0,0,0,0,14,229,261,94,-7.1,5.3,2.3,-2.6
1990,12,2,1,-0.8,979.5,60.7,0,8,15.2,56,NA,NA,0,0,0,0,0,0,0,14,228,260,94,-7.4,4.7,2.23,-2.9
1990,12,2,2,-0.7,978.7,61.3,0,10.1,17.1,57,NA,NA,1,0,0,0,0,0,0,14,231,262,94,-7.2,4.9,2.27,-2.8
1990,12,2,3,-0.4,978.6,62.5,0,8.9,16.9,61,NA,NA,0,0,0,0,0,0,0,14,231,262,94,-6.7,5.5,2.37,-2.5
1990,12,2,4,-0.2,978.7,60.2,0,8.6,15.3,67,NA,NA,1,0,0,0,0,0,0,14,232,263,94,-7,5.6,2.31,-2.4
1990,12,2,5,-0.3,979.1,62.7,0,6.9,15.8,71,NA,NA,0,0,0,0,0,0,0,14,222,258,94,-6.5,5.6,2.39,-2.3
1990,12,2,6,-0.5,979.7,63.3,0,6.2,13,82,NA,0,1,0,0,0,0,0,0,14,220,256,94,-6.6,5.4,2.38,-2.5
1990,12,2,7,-0.4,980.4,62.8,0,6.1,11.8,81,NA,NA,10,10,0,6,5,5,5,14,222,258,94,-6.6,5.5,2.37,-2.4
1990,12,2,8,0,980.5,60.6,0,6.8,13.4,77,NA,NA,107,45,399,351,352,33,33,14,233,265,94,-6.7,5.9,2.36,-2.2
1990,12,2,9,0.8,980.4,56.9,0,5.7,12.1,79,NA,NA,230,61,641,422,636,54,54,14,237,270,94,-6.8,6.6,2.34,-1.7
1990,12,2,10,1.8,979.9,48.5,0,6.3,12.3,73,NA,NA,318,60,764,310,805,63,62,14,237,274,94,-7.9,7.2,2.15,-1.4
1990,12,2,11,2.7,979.5,42.2,0,6.6,12,73,NA,NA,362,62,809,125,879,72,67,14,226,271,94,-8.9,7.7,1.99,-1.1
1990,12,2,12,3.3,978.9,37.8,0,6.6,12.1,74,NA,1,352,62,806,68,866,227,66,14,227,274,94,-9.7,8,1.86,-0.9
1990,12,2,13,3.7,978.7,37.1,0,5.8,11.9,73,NA,NA,290,58,758,59,769,398,59,14,230,275,94,-9.6,8.4,1.88,-0.6
1990,12,2,14,3.7,978.8,42.5,0,5.6,10.3,76,NA,NA,188,51,643,46,586,479,46,14,234,276,94,-7.9,9.1,2.16,-0.2
1990,12,2,15,3.5,978.7,48.2,0,5.1,11.2,82,NA,NA,63,30,369,22,282,339,22,14,235,273,94,-6.4,9.6,2.41,0
1990,12,2,16,3.3,978.8,50.1,0,5.9,11.7,74,NA,NA,2,0,0,0,0,0,0,14,236,272,94,-6.1,9.5,2.47,0
1990,12,2,17,3,978.6,51.7,0,5.9,10.6,75,NA,NA,0,0,0,0,0,0,0,14,233,270,94,-6,9.3,2.5,-0.2
1990,12,2,18,2.2,978.9,55.4,0,4,9.4,84,NA,0,0,0,0,0,0,0,0,14,229,266,94,-5.8,8.5,2.53,-0.6
1990,12,2,19,1.1,978.9,62.1,0,2.7,8.5,98,NA,NA,0,0,0,0,0,0,0,14,224,258,94,-5.3,7.6,2.62,-1.1
1990,12,2,20,0,978.9,66.2,0,1.4,4.9,105,NA,NA,0,0,0,0,0,0,0,14,226,256,94,-5.5,6.4,2.58,-1.9
1990,12,2,21,-0.6,978.6,68,0,0.4,2.4,150,NA,NA,1,0,0,0,0,0,0,14,220,249,94,-5.8,5.7,2.54,-2.3
1990,12,2,22,-1.8,978.5,73.1,0,0.7,1.5,177,NA,NA,0,0,0,0,0,0,0,14,216,245,94,-6,4.4,2.5,-3.2
1990,12,2,23,-2.2,978,73.3,0,0.5,2,240,NA,NA,1,0,0,0,0,0,0,14,213,243,94,-6.3,3.8,2.43,-3.5
1990,12,3,0,-3.2,977.4,77.6,0,0.5,1.5,248,NA,NA,1,0,0,0,0,0,0,14,214,243,94,-6.5,2.7,2.39,-4.2
1990,12,3,1,-2.6,976.9,75.4,0,0.4,3.4,312,NA,NA,0,0,0,0,0,0,0,14,213,244,94,-6.3,3.4,2.43,-3.8
1990,12,3,2,-2.9,976.3,77.5,0,0.7,1.7,240,NA,NA,1,0,0,0,0,0,0,14,225,249,94,-6.3,3.2,2.45,-4
1990,12,3,3,-2.2,975.7,76.7,0,0.4,2.2,267,NA,NA,1,0,0,0,0,0,0,14,227,254,94,-5.7,4.1,2.55,-3.3
1990,12,3,4,1.7,974.9,76.1,0,5.4,14.3,64,NA,NA,0,0,0,0,0,0,0,14,249,277,94,-2.1,10.1,3.37,0.2
1990,12,3,5,2.6,974.3,74.7,0,8.1,15.9,66,NA,NA,0,0,0,0,0,0,0,14,286,296,94,-1.4,11.4,3.53,1
1990,12,3,6,2.6,974.1,75.7,0,8.5,17.3,63,NA,5,2,0,0,0,0,0,0,14,286,296,94,-1.2,11.6,3.58,1.1
1990,12,3,7,2.6,974.5,74.6,0,6.8,13.8,60,NA,NA,7,7,0,3,3,3,3,14,286,296,94,-1.4,11.4,3.53,1
1990,12,3,8,2.1,974.6,74.3,0,3.7,10.9,72,NA,NA,31,31,0,14,14,15,15,14,282,294,94,-2,10.6,3.39,0.5
1990,12,3,9,2.1,974.8,71,0,3,10,95,NA,NA,70,70,0,36,37,32,33,14,286,296,94,-2.6,10.2,3.24,0.3
1990,12,3,10,2.3,975.2,69,0,4.2,11.4,89,NA,NA,102,102,0,51,59,46,47,14,281,294,94,-2.8,10.3,3.19,0.4
1990,12,3,11,2.7,975.5,67.9,0,4.3,13.1,70,NA,NA,65,65,0,31,30,30,31,14,303,305,94,-2.6,10.8,3.23,0.7
1990,12,3,12,2.9,975.5,67,0,3.8,9,63,NA,7,84,84,0,40,43,40,40,14,305,307,94,-2.6,11,3.23,0.8
1990,12,3,13,3,975.5,67.1,0,5,8.3,52,NA,NA,46,46,0,22,19,20,22,14,306,307,94,-2.5,11.2,3.26,0.9
1990,12,3,14,3.1,975.3,66.7,0,4.1,7,47,NA,NA,64,64,0,29,35,33,29,14,306,307,94,-2.5,11.3,3.26,0.9
1990,12,3,15,2.9,975.6,67,0,4.4,7.7,50,NA,NA,18,18,0,9,8,7,9,14,303,305,94,-2.6,11,3.23,0.8
1990,12,3,16,2.5,976,68.4,0,4.3,7.2,39,NA,NA,2,0,0,0,0,0,0,14,303,304,94,-2.7,10.5,3.2,0.5
1990,12,3,17,2.3,975.9,68.7,0,4.2,7.3,39,NA,NA,0,0,0,0,0,0,0,14,311,311,94,-2.8,10.2,3.17,0.4
1990,12,3,18,2.2,976,69.3,0,3.6,9,36,NA,8,1,0,0,0,0,0,0,14,311,311,94,-2.8,10.1,3.18,0.3
1990,12,3,19,2,976,70.1,0,2.8,5.5,43,NA,NA,2,0,0,0,0,0,0,14,309,309,94,-2.9,9.9,3.17,0.2
1990,12,3,20,1.8,976.5,71.3,0,2.2,3.7,33,NA,NA,1,0,0,0,0,0,0,14,308,308,94,-2.8,9.7,3.17,0.1
1990,12,3,21,1.8,976.6,70.1,0,3.2,5.4,46,NA,NA,1,0,0,0,0,0,0,14,310,310,94,-3.1,9.6,3.12,0
1990,12,3,22,1.7,976.5,71,0,3,4.6,41,NA,NA,2,0,0,0,0,0,0,14,308,308,94,-3,9.5,3.14,-0.1
1990,12,3,23,1.5,976.4,72.5,0,2.4,3.7,34,NA,NA,1,0,0,0,0,0,0,14,307,307,94,-2.9,9.4,3.16,-0.1
1990,12,4,0,1.5,976,72.6,0,1.1,3.1,32,NA,NA,2,0,0,0,0,0,0,14,307,307,94,-2.9,9.4,3.16,-0.1
1990,12,4,1,1.4,975.9,71.5,0,1.1,2.7,37,NA,NA,1,0,0,0,0,0,0,14,306,306,94,-3.2,9.1,3.1,-0.3
1990,12,4,2,1.4,975.8,69.5,0,0.5,1.2,119,NA,NA,3,0,0,0,0,0,0,14,305,305,94,-3.6,8.9,3.01,-0.4
1990,12,4,3,1.3,975.6,70.2,0,0.6,1.5,330,NA,NA,0,0,0,0,0,0,0,14,307,307,94,-3.5,8.8,3.02,-0.5
1990,12,4,4,1.1,975.8,71.2,0,0.4,1.2,42,NA,NA,0,0,0,0,0,0,0,14,306,306,94,-3.5,8.6,3.02,-0.6
1990,12,4,5,1.1,976.1,70.8,0,0.6,1.6,46,NA,NA,1,0,0,0,0,0,0,14,305,305,94,-3.6,8.6,3,-0.6
1990,12,4,6,1.1,976.4,72.3,0,1.5,3.1,63,NA,8,0,0,0,0,0,0,0,14,306,306,94,-3.3,8.7,3.06,-0.5
1990,12,4,7,1.1,976.8,71.4,0,2.7,6.2,37,NA,NA,3,3,0,1,1,1,2,14,305,305,94,-3.5,8.6,3.02,-0.6
1990,12,4,8,1.1,976.9,68.9,0,4.3,6.7,41,NA,NA,24,24,0,10,10,12,12,14,306,306,94,-4,8.4,2.91,-0.7
1990,12,4,9,1.4,977.4,67.5,0,4,8,37,NA,NA,37,37,0,16,15,18,18,14,307,307,94,-3.9,8.7,2.92,-0.5
1990,12,4,10,1.6,977.2,66.9,0,5.1,8.7,39,NA,NA,53,53,0,25,23,25,26,14,308,308,94,-3.9,8.9,2.93,-0.4
1990,12,4,11,2,976.7,66.3,0,5,8.6,38,NA,NA,61,61,0,29,27,29,29,14,311,311,94,-3.6,9.5,2.99,-0.1
1990,12,4,12,2.5,976.3,67.1,0,4.1,7,38,NA,8,85,85,0,40,44,40,40,14,313,313,94,-3,10.4,3.14,0.4
1990,12,4,13,3.2,975.8,66.2,0,5.6,10.7,55,NA,NA,114,113,5,50,77,62,50,14,317,317,94,-2.5,11.4,3.26,1
1990,12,4,14,3.2,975.6,68.2,0,5.1,9.2,59,NA,NA,135,78,274,45,321,263,45,14,259,286,94,-2.1,11.6,3.36,1.1
1990,12,4,15,2.9,975.7,72.2,0,3.7,7.2,59,NA,NA,41,32,108,19,112,132,19,14,259,283,94,-1.6,11.6,3.48,1.1
1990,12,4,16,1.9,975.6,75.8,0,4,6.6,37,NA,NA,0,0,0,0,0,0,0,14,254,278,94,-1.9,10.4,3.4,0.4
1990,12,4,17,1.4,976,77,0,1.7,3.5,2,NA,NA,0,0,0,0,0,0,0,14,300,300,94,-2.2,9.7,3.33,0
1990,12,4,18,1.9,976.4,75.1,0,1.6,3.5,11,NA,7,0,0,0,0,0,0,0,14,299,299,94,-2,10.3,3.37,0.4
1990,12,4,19,1.1,976.5,78.4,0,1.9,3.5,18,NA,NA,0,0,0,0,0,0,0,14,299,299,94,-2.2,9.4,3.32,-0.2
1990,12,4,20,1.7,976.7,78.2,0,0.9,2.7,42,NA,NA,0,0,0,0,0,0,0,14,309,309,94,-1.7,10.3,3.46,0.4
1990,12,4,21,2,976.4,78.2,0,0.7,2,60,NA,NA,1,0,0,0,0,0,0,14,310,310,94,-1.4,10.8,3.53,0.7
1990,12,4,22,1.7,976.5,79.3,0,0.6,1.9,105,NA,NA,0,0,0,0,0,0,0,14,308,308,94,-1.5,10.5,3.51,0.5
1990,12,4,23,1.2,976.5,78,0,0.2,1.2,132,NA,NA,0,0,0,0,0,0,0,14,239,266,94,-2.2,9.5,3.33,-0.1
1990,12,5,0,-0.5,976.5,83.9,0,0.4,1.3,78,NA,NA,0,0,0,0,0,0,0,14,233,257,94,-2.9,7.4,3.16,-1.4
1990,12,5,1,-1.2,976.7,87.5,0,0.2,1.2,60,NA,NA,0,0,0,0,0,0,0,14,231,254,94,-3,6.6,3.13,-1.8
1990,12,5,2,-2,976.2,87.3,0,0.2,1.3,285,NA,NA,0,0,0,0,0,0,0,14,222,249,94,-3.8,5.3,2.95,-2.6
1990,12,5,3,-2.3,975.9,87.9,0,0.6,1.6,240,NA,NA,0,0,0,0,0,0,0,14,221,248,94,-4,4.9,2.9,-2.9
1990,12,5,4,-2.8,976.1,88.3,0,0.3,1.5,15,NA,NA,1,0,0,0,0,0,0,14,218,248,94,-4.5,4.2,2.81,-3.4
1990,12,5,5,-1.8,975.9,88.7,0,0.6,2.3,330,NA,NA,1,0,0,0,0,0,0,14,224,255,94,-3.4,5.8,3.04,-2.4
1990,12,5,6,-1,976.2,87,0,0.9,2.5,42,NA,7,1,0,0,0,0,0,0,14,289,289,94,-2.9,6.9,3.16,-1.7
1990,12,5,7,-0.4,976.2,84.3,0,0.7,2.4,330,NA,NA,12,12,0,8,7,5,5,14,290,290,94,-2.7,7.6,3.2,-1.2
1990,12,5,8,-0.2,976.2,82.2,0,0.6,2.8,303,NA,NA,58,55,17,57,56,25,25,14,257,273,94,-2.9,7.7,3.17,-1.2
1990,12,5,9,0.6,976.6,80.7,0,0.5,1.4,42,NA,NA,117,106,42,101,130,47,48,14,260,278,94,-2.3,8.8,3.3,-0.5
1990,12,5,10,1.8,976.3,76,0,0.9,5.2,55,NA,NA,252,133,358,223,514,74,73,14,269,289,94,-2,10.3,3.39,0.3
1990,12,5,11,4.3,975.9,66.4,0,6.2,14.2,57,NA,NA,295,143,419,128,602,90,80,14,303,311,94,-1.4,13.2,3.53,2
1990,12,5,12,4.9,975,53.3,0,9.3,14.4,61,NA,6,336,96,678,77,791,214,73,14,303,311,94,-3.8,12.3,2.96,1.6
1990,12,5,13,4.9,974.7,46.4,0,10.7,17.8,54,NA,NA,288,66,738,62,764,391,62,14,302,310,94,-5.6,11.4,2.57,1.1
1990,12,5,14,4.5,975,47.1,0,10,16.7,55,NA,NA,187,51,650,45,595,479,45,14,247,283,94,-5.8,10.9,2.54,0.8
1990,12,5,15,3.3,975.3,51,0,8.2,13.6,53,NA,NA,63,39,281,23,234,276,22,14,243,278,94,-5.9,9.6,2.53,0
1990,12,5,16,2.6,975.6,53.1,0,8.9,15.2,50,NA,NA,1,0,0,0,0,0,0,14,242,274,94,-6,8.9,2.5,-0.4
1990,12,5,17,2.5,975.3,56.1,0,10.5,18.2,48,NA,NA,0,0,0,0,0,0,0,14,232,269,94,-5.4,9.1,2.63,-0.3
1990,12,5,18,2.1,975.9,58.4,0,10.5,18.5,53,NA,0,0,0,0,0,0,0,0,14,232,268,94,-5.2,8.7,2.66,-0.5
1990,12,5,19,2,976.7,57,0,8.5,16.3,62,NA,NA,0,0,0,0,0,0,0,14,230,266,94,-5.6,8.4,2.57,-0.7
1990,12,5,20,2,976.8,54.4,0,9.7,17.5,61,NA,NA,0,0,0,0,0,0,0,14,229,266,94,-6.2,8.1,2.45,-0.8
1990,12,5,21,1.8,976.7,53.8,0,11.3,18,53,NA,NA,0,0,0,0,0,0,0,14,227,265,94,-6.6,7.8,2.39,-1.1
1990,12,5,22,1,977.1,58.3,0,9.5,15.8,50,NA,NA,0,0,0,0,0,0,0,14,227,264,94,-6.3,7.1,2.45,-1.5
1990,12,5,23,0.9,977.5,60.4,0,6.6,11.9,59,NA,NA,0,0,0,0,0,0,0,14,227,263,94,-5.9,7.2,2.52,-1.4
1990,12,6,0,0.7,977.5,59.4,0,7,13.2,55,NA,NA,0,0,0,0,0,0,0,14,225,262,94,-6.3,6.8,2.44,-1.7
1990,12,6,1,0.8,977.8,59.5,0,8.5,14.9,60,NA,NA,0,0,0,0,0,0,0,14,227,263,94,-6.2,6.9,2.46,-1.6
1990,12,6,2,0.2,978.1,60.3,0,6,12.1,53,NA,NA,0,0,0,0,0,0,0,14,224,260,94,-6.6,6.1,2.38,-2.1
1990,12,6,3,0.1,978,62.5,0,6.5,11.1,50,NA,NA,1,0,0,0,0,0,0,14,233,265,94,-6.2,6.2,2.46,-2
1990,12,6,4,-0.1,977.7,61.9,0,6.6,11.2,48,NA,NA,1,0,0,0,0,0,0,14,231,264,94,-6.5,5.9,2.4,-2.2
1990,12,6,5,-0.2,978,63.1,0,5.8,10.3,46,NA,NA,0,0,0,0,0,0,0,14,262,278,94,-6.4,5.8,2.42,-2.3
1990,12,6,6,-0.2,978.2,64.9,0,6.5,11.9,48,NA,4,1,0,0,0,0,0,0,14,261,278,94,-6,6,2.49,-2.1
1990,12,6,7,-0.2,978.5,67.1,0,5.7,11.5,60,NA,NA,2,0,0,0,0,0,0,14,263,279,94,-5.6,6.2,2.58,-2
1990,12,6,8,0.2,978.7,66.5,0,6.7,11.9,68,NA,NA,111,57,377,349,350,35,35,14,264,281,94,-5.3,6.8,2.63,-1.7
1990,12,6,9,0.5,978.8,65.6,0,7.4,13.9,68,NA,NA,214,58,614,407,611,52,52,14,266,283,94,-5.2,7.1,2.65,-1.5
1990,12,6,10,0.9,978.4,63.1,0,7.4,13.3,67,NA,NA,311,88,681,304,764,69,68,14,267,286,94,-5.3,7.5,2.63,-1.3
1990,12,6,11,1.2,977.7,60.2,0,5.8,12,69,NA,NA,303,135,464,129,638,89,79,14,239,273,94,-5.6,7.6,2.56,-1.2
1990,12,6,12,1.4,977.2,58.8,0,5.4,10.8,80,NA,1,332,97,667,77,783,211,73,14,239,275,94,-5.8,7.7,2.54,-1.1
1990,12,6,13,1.7,976.7,56.5,0,6.3,11,70,NA,NA,245,83,539,61,607,315,61,14,238,274,94,-6,7.9,2.49,-1
1990,12,6,14,1.6,976.6,55,0,6.2,13.1,68,NA,NA,158,57,483,43,467,376,43,14,237,272,94,-6.5,7.6,2.41,-1.2
1990,12,6,15,1.1,976.3,54.1,0,6.3,11.7,64,NA,NA,59,38,245,22,210,247,22,14,234,268,94,-7.1,6.8,2.29,-1.6
1990,12,6,16,0.3,976.2,57.3,0,6.5,11.8,62,NA,NA,3,0,0,0,0,0,0,14,233,265,94,-7.1,6,2.29,-2.1
1990,12,6,17,0.2,976.3,60.4,0,6.9,13.8,62,NA,NA,0,0,0,0,0,0,0,14,233,264,94,-6.5,6.2,2.39,-2
1990,12,6,18,-0.2,976.2,63.5,0,7.3,13.2,57,NA,1,1,0,0,0,0,0,0,14,232,264,94,-6.3,5.9,2.45,-2.2
1990,12,6,19,-0.4,976,64.6,0,7.5,13.5,58,NA,NA,1,0,0,0,0,0,0,14,230,263,94,-6.2,5.7,2.45,-2.3
1990,12,6,20,-0.5,975.8,63.6,0,8,13.8,55,NA,NA,1,0,0,0,0,0,0,14,278,285,94,-6.5,5.5,2.4,-2.5
1990,12,6,21,-0.9,975.5,66.1,0,7.3,12.6,49,NA,NA,1,0,0,0,0,0,0,14,277,284,94,-6.4,5.1,2.42,-2.7
1990,12,6,22,-1.2,975.4,67.7,0,6.9,12.5,56,NA,NA,0,0,0,0,0,0,0,14,275,282,94,-6.4,4.8,2.42,-2.9
1990,12,6,23,-1.6,975.5,70.1,0,5.5,10.2,46,NA,NA,3,0,0,0,0,0,0,14,272,280,94,-6.3,4.5,2.44,-3.1
1990,12,7,0,-2.2,974.8,71.2,0,2.9,5.8,17,NA,NA,1,0,0,0,0,0,0,14,271,278,94,-6.7,3.7,2.37,-3.6
1990,12,7,1,-2.5,974.4,72.8,0,2.9,6.1,19,NA,NA,2,0,0,0,0,0,0,14,271,277,94,-6.7,3.4,2.37,-3.8
1990,12,7,2,-2.4,973.9,71.5,0,3.1,6.6,21,NA,NA,1,0,0,0,0,0,0,14,280,282,94,-6.8,3.4,2.35,-3.8
1990,12,7,3,-2.4,973.3,71.2,0,2.7,4.7,15,NA,NA,0,0,0,0,0,0,0,14,280,282,94,-6.9,3.4,2.34,-3.8
1990,12,7,4,-2.6,972.9,71.1,0,2.4,4.6,20,NA,NA,1,0,0,0,0,0,0,14,278,281,94,-7.1,3.1,2.3,-4
1990,12,7,5,-3.1,972.6,72.9,0,1.8,3.5,21,NA,NA,1,0,0,0,0,0,0,14,276,278,94,-7.3,2.5,2.27,-4.4
1990,12,7,6,-3.5,972.2,73.7,0,1.6,3.1,360,NA,7,1,0,0,0,0,0,0,14,276,276,94,-7.5,2,2.23,-4.7
1990,12,7,7,-3.1,971.9,71.7,0,1.2,2.8,360,NA,NA,6,6,0,3,3,3,3,14,277,279,94,-7.5,2.4,2.24,-4.4
1990,12,7,8,-2.7,971.7,68.7,0,0.8,2.4,319,NA,NA,25,25,0,11,11,12,12,14,280,282,94,-7.6,2.8,2.21,-4.2
1990,12,7,9,-2.2,971.4,69.1,0,0.6,2,330,NA,NA,62,62,0,31,31,28,29,14,282,285,94,-7.1,3.5,2.31,-3.7
1990,12,7,10,-1.8,970.3,70.9,0,0.9,3.2,15,NA,NA,93,93,0,46,52,42,43,14,283,287,94,-6.4,4.3,2.44,-3.3
1990,12,7,11,-1.5,969.1,70.8,0,1.1,3.2,56,NA,NA,124,124,0,60,78,56,56,14,265,278,94,-6.1,4.7,2.5,-3
1990,12,7,12,-0.7,967.9,66.7,0,0.6,3.4,136,NA,5,313,134,512,84,675,195,79,14,269,286,94,-6.1,5.5,2.5,-2.5
1990,12,7,13,-0.5,966.9,67.1,0,1.1,2.7,99,NA,NA,255,65,637,59,675,344,59,14,270,287,94,-5.8,5.9,2.55,-2.3
1990,12,7,14,-0.4,966.4,66.8,0,0.9,2.2,123,NA,NA,154,55,475,42,459,368,42,14,223,263,94,-5.8,6,2.56,-2.2
1990,12,7,15,-0.7,965.8,67.5,0,0.7,1.7,60,NA,NA,42,32,129,19,126,146,18,14,220,254,94,-6,5.6,2.53,-2.5
1990,12,7,16,-1.9,965.5,73,0,0.7,1.8,24,NA,NA,1,0,0,0,0,0,0,14,217,249,94,-6.1,4.3,2.51,-3.3
1990,12,7,17,-2.2,965.1,75.7,0,0.1,1.2,195,NA,NA,0,0,0,0,0,0,0,14,217,246,94,-5.9,4.1,2.55,-3.4
1990,12,7,18,-2.7,964.6,77.9,0,0.4,2.2,271,NA,0,0,0,0,0,0,0,0,14,215,246,94,-6,3.6,2.53,-3.8
1990,12,7,19,-3.7,964,81.2,0,0.7,1.5,276,NA,NA,0,0,0,0,0,0,0,14,212,241,94,-6.4,2.3,2.44,-4.5
1990,12,7,20,-4.1,963.6,82.4,0,0.5,1.4,248,NA,NA,0,0,0,0,0,0,0,14,208,237,94,-6.6,1.8,2.41,-4.9
1990,12,7,21,-4.9,963.2,82.8,0,0.6,1.3,254,NA,NA,0,0,0,0,0,0,0,14,205,236,94,-7.4,0.7,2.28,-5.6
1990,12,7,22,-5.5,962.8,83.6,0,0.7,1.5,258,NA,NA,0,0,0,0,0,0,0,14,202,233,94,-7.8,-0.1,2.2,-6.2
1990,12,7,23,-5.7,962.2,83.4,0,0.9,1.6,244,NA,NA,0,0,0,0,0,0,0,14,202,232,94,-8.1,-0.4,2.16,-6.4
1990,12,8,0,-6.3,961.1,84.9,0,0.8,1.7,251,NA,NA,0,0,0,0,0,0,0,14,202,232,94,-8.4,-1.1,2.1,-6.9
1990,12,8,1,-6.6,960.5,84.5,0,0.6,1.7,254,NA,NA,0,0,0,0,0,0,0,14,199,230,94,-8.8,-1.6,2.05,-7.2
1990,12,8,2,-7,959.5,85.4,0,0.6,1.5,254,NA,NA,0,0,0,0,0,0,0,14,192,226,94,-9,-2.1,2.01,-7.5
1990,12,8,3,-7.2,959,85,0,0.8,2.4,249,NA,NA,0,0,0,0,0,0,0,14,196,227,94,-9.3,-2.4,1.97,-7.8
1990,12,8,4,-7.2,958.6,82.1,0,1.2,2.3,250,NA,NA,0,0,0,0,0,0,0,14,195,227,94,-9.7,-2.5,1.9,-7.9
1990,12,8,5,-7.4,958.1,85.1,0,0.6,1.4,258,NA,NA,0,0,0,0,0,0,0,14,196,227,94,-9.5,-2.6,1.94,-8
1990,12,8,6,-7.2,957.9,84.8,0,0.6,2.5,267,NA,0,1,0,0,0,0,0,0,14,197,228,94,-9.3,-2.4,1.97,-7.8
1990,12,8,7,-7.1,957.9,83.8,0,0.6,2.3,271,NA,NA,8,8,0,5,4,4,4,14,197,228,94,-9.4,-2.3,1.96,-7.7
1990,12,8,8,-4.5,957.8,80.2,0,1,4.2,240,NA,NA,117,74,310,310,309,38,38,14,240,257,94,-7.4,1.1,2.29,-5.4
1990,12,8,9,-1.8,957.8,74.2,0,0.5,2,105,NA,NA,108,68,162,166,237,41,41,14,250,269,94,-5.8,4.6,2.59,-3.1
1990,12,8,10,-0.1,957.2,68.1,0,0.8,2,240,NA,NA,44,44,0,20,18,21,21,14,254,274,94,-5.3,6.6,2.69,-1.9
1990,12,8,11,1,956.9,65.2,0,1.5,3.2,246,NA,NA,59,59,0,28,26,28,28,14,277,287,94,-4.8,8,2.8,-1
1990,12,8,12,1.5,956.3,66.8,0,1.6,3.4,265,NA,7,41,41,0,20,16,19,20,14,281,291,94,-4,8.9,2.97,-0.5
1990,12,8,13,3.3,955.6,59.7,0,2.5,4.9,258,NA,NA,105,105,1,47,66,55,47,14,288,298,94,-3.8,10.9,3.02,0.6
1990,12,8,14,3.6,955,62.1,0,3.4,5.8,250,NA,NA,25,25,0,13,9,10,13,14,287,298,94,-3,11.7,3.21,1.1
1990,12,8,15,2.9,954.8,65.3,0,1.2,4.1,285,NA,NA,12,12,0,6,4,4,6,14,285,295,94,-3,11,3.22,0.7
1990,12,8,16,2.6,954.7,66.5,0,0.8,2.7,357,NA,NA,1,0,0,0,0,0,0,14,285,293,94,-3,10.6,3.21,0.5
1990,12,8,17,1.6,954.5,72.3,0,0.9,2.4,55,NA,NA,2,0,0,0,0,0,0,14,297,297,94,-2.8,9.7,3.25,-0.1
1990,12,8,18,1.7,954.3,76,0,0.9,1.9,60,NA,7,1,0,0,0,0,0,0,14,299,299,94,-2.1,10.3,3.44,0.2
1990,12,8,19,1.5,954.1,79.2,0,0.5,1.7,1,NA,NA,3,0,0,0,0,0,0,14,299,299,94,-1.7,10.3,3.53,0.3
1990,12,8,20,1,953.9,81.7,0,0.6,1.2,232,NA,NA,1,0,0,0,0,0,0,14,242,268,94,-1.8,9.8,3.52,-0.1
1990,12,8,21,0.5,953.4,84.4,0,0.6,2.4,330,NA,NA,2,0,0,0,0,0,0,14,240,268,94,-1.8,9.3,3.51,-0.4
1990,12,8,22,1.4,952.8,82.5,0,0.6,3.1,119,NA,NA,1,0,0,0,0,0,0,14,249,273,94,-1.2,10.5,3.66,0.4
1990,12,8,23,1.7,951.6,84.9,0,1.7,4.4,44,NA,NA,1,0,0,0,0,0,0,14,247,275,94,-0.6,11.3,3.86,0.8
1990,12,9,0,1.4,949.7,86.2,0,0.6,1.6,271,NA,NA,2,0,0,0,0,0,0,14,246,272,94,-0.6,11,3.84,0.6
1990,12,9,1,1.2,949.2,88,0,1.5,5.9,261,NA,NA,1,0,0,0,0,0,0,14,248,273,94,-0.6,10.9,3.87,0.5
1990,12,9,2,1.9,948.7,79.7,0,0.9,5.8,71,NA,NA,2,0,0,0,0,0,0,14,247,275,94,-1.2,11.1,3.68,0.7
1990,12,9,3,1.6,948.4,82.3,0,0.6,2.4,254,NA,NA,1,0,0,0,0,0,0,14,247,274,94,-1.1,10.9,3.72,0.5
1990,12,9,4,1,948,90.3,0,1.8,3,288,NA,NA,0,0,0,0,0,0,0,14,245,273,94,-0.4,10.8,3.91,0.4
1990,12,9,5,0.7,947.9,93.3,0.3,1.7,2.5,252,NA,NA,0,0,0,0,0,0,0,30,245,279,98,-0.3,10.6,3.96,0.3
1990,12,9,6,0.7,948.2,94,0.2,1.9,2.6,246,NA,8,0,0,0,0,0,0,0,30,244,279,98,-0.2,10.7,3.99,0.3
1990,12,9,7,0.7,948.9,94.3,0.9,0.9,2,255,NA,NA,0,0,0,0,0,0,0,30,245,279,98,-0.1,10.7,4,0.4
1990,12,9,8,0.6,948.8,95.1,1.1,0.4,1.6,319,NA,NA,7,7,0,3,3,4,4,30,304,307,98,-0.1,10.6,4,0.3
1990,12,9,9,0.8,948.1,93.7,0.3,0.5,1.5,303,NA,NA,23,23,0,11,10,13,14,30,306,307,98,-0.1,10.8,4,0.4
1990,12,9,10,0.9,947.5,92.8,0,0.3,1.4,240,NA,NA,29,29,0,16,13,17,17,30,306,308,98,-0.1,10.9,4,0.5
1990,12,9,11,1,946.7,92.8,0,1.2,4.8,10,NA,NA,48,48,0,27,24,27,27,30,306,309,98,0,11.1,4.03,0.6
1990,12,9,12,1,946.1,92.7,0,1.1,2.8,5,NA,8,33,33,0,19,15,18,19,30,305,308,98,0,11.1,4.03,0.6
1990,12,9,13,0.9,945.9,93.2,0.4,0.8,1.6,249,NA,NA,33,33,0,19,15,17,19,30,305,308,98,-0.1,10.9,4.02,0.5
1990,12,9,14,0.8,945.9,93.7,0.9,0.5,1.7,240,NA,NA,19,19,0,11,8,9,11,30,305,307,98,-0.1,10.8,4.01,0.4
1990,12,9,15,0.6,946.3,94.4,1.1,0.3,1,195,NA,NA,4,4,0,2,1,1,2,30,304,307,98,-0.2,10.5,3.98,0.3
1990,12,9,16,0.6,945.9,94.8,0.9,0.5,1.5,267,NA,NA,0,0,0,0,0,0,0,30,305,307,98,-0.1,10.6,4,0.3
1990,12,9,17,0.6,946.1,94.5,0.5,0.6,1.3,254,NA,NA,0,0,0,0,0,0,0,30,304,307,98,-0.2,10.6,3.99,0.3
1990,12,9,18,0.7,945.9,93.3,0.9,1,2.1,236,NA,8,0,0,0,0,0,0,0,50,304,307,98,-0.3,10.6,3.97,0.3
1990,12,9,19,0.6,945.5,93.3,0.3,1.3,2.5,255,NA,NA,0,0,0,0,0,0,0,50,305,307,98,-0.4,10.4,3.94,0.2
1990,12,9,20,0.6,945.4,90.8,0.1,1.9,3.1,249,NA,NA,0,0,0,0,0,0,0,50,304,307,98,-0.7,10.2,3.83,0.1
1990,12,9,21,0.7,945.9,89.8,0.1,0.8,2.7,251,NA,NA,0,0,0,0,0,0,0,50,304,306,98,-0.8,10.2,3.82,0.1
1990,12,9,22,0.4,945.3,89.6,0.1,2.4,3.7,247,NA,NA,0,0,0,0,0,0,0,50,303,306,98,-1.1,9.7,3.73,-0.2
1990,12,9,23,0.4,945,89,0.1,2.3,4.3,238,NA,NA,0,0,0,0,0,0,0,50,260,285,98,-1.2,9.6,3.7,-0.2
1990,12,10,0,0.3,944.2,88.4,0,2.7,4.5,251,NA,NA,1,0,0,0,0,0,0,50,259,284,98,-1.4,9.4,3.66,-0.4
1990,12,10,1,0.4,944.1,86.8,0,2.1,3.8,240,NA,NA,0,0,0,0,0,0,0,50,259,284,98,-1.5,9.4,3.62,-0.3
1990,12,10,2,0.1,943.8,89.3,0.7,2.4,4.9,233,NA,NA,0,0,0,0,0,0,0,50,258,284,98,-1.4,9.2,3.64,-0.5
1990,12,10,3,0,944.4,90.4,0.5,2.1,4.1,206,NA,NA,0,0,0,0,0,0,0,50,258,284,98,-1.4,9.1,3.66,-0.5
1990,12,10,4,-0.1,944.7,91.1,0.9,2,3.9,216,NA,NA,0,0,0,0,0,0,0,50,258,283,98,-1.4,9,3.66,-0.6
1990,12,10,5,0.1,945,90,0.2,1.7,3.8,216,NA,NA,0,0,0,0,0,0,0,50,302,304,98,-1.3,9.2,3.67,-0.4
1990,12,10,6,0,945.4,89.3,0.1,2,4.1,219,NA,8,1,0,0,0,0,0,0,50,300,303,98,-1.5,9,3.61,-0.6
1990,12,10,7,-0.3,945.6,88.9,0.1,2.5,4.8,221,NA,NA,3,3,0,2,2,2,2,50,299,302,98,-1.9,8.5,3.51,-0.9
1990,12,10,8,-0.4,946.1,89.1,0,2.5,4.8,213,NA,NA,26,26,0,16,16,18,18,50,300,302,98,-2,8.3,3.49,-1
1990,12,10,9,0,946.3,85.7,0.1,2.7,4.8,219,NA,NA,99,96,12,87,100,61,61,50,302,304,98,-2.1,8.6,3.46,-0.8
1990,12,10,10,0.8,945.9,79.2,0,3.5,6.9,224,NA,NA,188,151,117,177,315,104,103,50,305,307,98,-2.4,9.3,3.39,-0.4
1990,12,10,11,0.8,946.1,78.3,0,4.8,8.5,228,NA,NA,168,151,47,115,221,104,98,50,267,289,98,-2.5,9.2,3.35,-0.4
1990,12,10,12,0.5,946.1,80.3,0,4.6,8.3,233,NA,8,84,84,0,56,60,56,55,50,267,288,98,-2.5,8.9,3.36,-0.6
1990,12,10,13,0.5,945.7,79.8,0,5.5,10.4,235,NA,NA,92,92,0,60,71,64,60,50,267,288,98,-2.6,8.8,3.34,-0.7
1990,12,10,14,0.3,945.9,78.8,0,6.1,10.6,237,NA,NA,52,52,0,34,36,35,34,50,302,304,98,-2.9,8.4,3.25,-0.9
1990,12,10,15,0.1,946.2,79,0,6.1,10.2,237,NA,NA,19,19,0,13,12,12,13,50,301,303,98,-3.1,8.1,3.21,-1.1
1990,12,10,16,-0.2,946.2,80.2,0,7.2,11.3,243,NA,NA,1,0,0,0,0,0,0,50,300,302,98,-3.2,7.7,3.19,-1.3
1990,12,10,17,-0.2,946.5,82.7,0,6.4,9.9,243,NA,NA,0,0,0,0,0,0,0,50,300,302,98,-2.8,8,3.29,-1.2
1990,12,10,18,-0.2,945.9,84.1,0,5.8,9.5,246,NA,8,0,0,0,0,0,0,0,50,300,303,98,-2.6,8.1,3.35,-1.1
1990,12,10,19,0.1,946,83.9,0,6.2,9.9,248,NA,NA,1,0,0,0,0,0,0,50,302,304,98,-2.3,8.6,3.41,-0.8
1990,12,10,20,0.3,946.3,85,0,4.5,8.2,235,NA,NA,0,0,0,0,0,0,0,50,276,293,98,-1.9,9,3.51,-0.5
1990,12,10,21,0.1,946.3,90.2,0.2,3.9,7.2,238,NA,NA,0,0,0,0,0,0,0,50,276,292,98,-1.3,9.3,3.67,-0.4
1990,12,10,22,0.1,946.4,89.4,0,4.4,7.8,239,NA,NA,1,0,0,0,0,0,0,50,276,292,98,-1.4,9.2,3.64,-0.5
1990,12,10,23,0.1,946.3,89.4,0.2,3.3,6,230,NA,NA,0,0,0,0,0,0,0,50,302,304,98,-1.4,9.2,3.64,-0.5
1990,12,11,0,0.1,946.7,90.3,0.4,3,6.2,239,NA,NA,0,0,0,0,0,0,0,50,302,304,98,-1.3,9.3,3.67,-0.4
1990,12,11,1,0.1,947.4,90.9,0.3,2.2,4.1,246,NA,NA,0,0,0,0,0,0,0,50,301,303,98,-1.2,9.3,3.69,-0.4
1990,12,11,2,-0.3,948,94,0.1,0.3,1.4,303,NA,NA,0,0,0,0,0,0,0,50,299,301,98,-1.1,8.9,3.71,-0.6
1990,12,11,3,-0.7,948.8,94.3,0.1,0.7,1.6,33,NA,NA,0,0,0,0,0,0,0,50,298,300,98,-1.5,8.3,3.61,-1
1990,12,11,4,-0.8,949.8,93.4,0,1.1,2,44,NA,NA,1,0,0,0,0,0,0,50,298,301,98,-1.7,8,3.54,-1.1
1990,12,11,5,-0.4,950.7,93,0,1.3,2.4,24,NA,NA,0,0,0,0,0,0,0,50,300,302,98,-1.4,8.6,3.63,-0.8
1990,12,11,6,-0.4,951.6,88.4,0,2.4,3.8,40,NA,8,1,0,0,0,0,0,0,50,298,301,98,-2.1,8.2,3.45,-1
1990,12,11,7,-1,952.7,83.2,0,2.5,5.1,34,NA,NA,3,3,0,2,2,2,2,50,299,299,98,-3.5,6.7,3.1,-1.9
1990,12,11,8,-1.7,953.5,86.1,0,1,4.2,1,NA,NA,34,34,0,24,24,23,23,50,247,265,98,-3.7,5.9,3.04,-2.4
1990,12,11,9,-1,954.9,83.1,0.1,0.8,3.2,330,NA,NA,206,90,478,401,571,96,96,50,256,277,98,-3.5,6.7,3.09,-1.9
1990,12,11,10,1.8,956,78.2,0,3,7.6,79,NA,NA,280,75,643,340,766,117,115,50,265,292,98,-1.6,10.7,3.56,0.5
1990,12,11,11,2.2,957.1,72.2,0,3.9,7.6,73,NA,NA,345,93,713,206,897,147,138,50,256,290,98,-2.3,10.6,3.38,0.5
1990,12,11,12,2.6,958,70,0,3.8,9.7,72,NA,3,294,97,571,130,751,243,126,50,257,291,98,-2.3,11,3.36,0.7
1990,12,11,13,2.5,958.9,68.2,0,5.9,11,70,NA,NA,231,83,504,104,624,339,104,50,256,290,98,-2.8,10.6,3.25,0.5
1990,12,11,14,2.4,959.7,69.2,0,3.9,7.1,69,NA,NA,151,55,466,70,484,388,70,50,255,288,98,-2.7,10.6,3.27,0.5
1990,12,11,15,1.1,960.6,72.5,0,2.6,6.9,66,NA,NA,36,31,60,24,83,93,24,50,250,280,98,-3.3,8.9,3.12,-0.5
1990,12,11,16,-0.7,961.6,81,0,1,4.3,38,NA,NA,0,0,0,0,0,0,0,50,238,264,98,-3.5,6.9,3.06,-1.7
1990,12,11,17,-2,962.3,88.4,0,0.8,1.8,258,NA,NA,0,0,0,0,0,0,0,50,229,258,98,-3.7,5.5,3.03,-2.6
1990,12,11,18,-2.2,963.1,89.8,0,0.9,2.3,258,NA,5,0,0,0,0,0,0,0,50,230,255,98,-3.6,5.3,3.03,-2.7
1990,12,11,19,-2.3,964,89.1,0,2.7,4.4,258,NA,NA,0,0,0,0,0,0,0,50,231,261,98,-3.8,5.1,2.98,-2.8
1990,12,11,20,-1.1,964.6,83.3,0,3.1,5.2,253,NA,NA,0,0,0,0,0,0,0,50,289,293,98,-3.6,6.5,3.04,-2
1990,12,11,21,-1.3,965.4,82.7,0,3.4,5,255,NA,NA,0,0,0,0,0,0,0,50,287,292,98,-3.9,6.1,2.97,-2.2
1990,12,11,22,-1.9,965.4,83.3,0,3.7,5,256,NA,NA,0,0,0,0,0,0,0,50,277,285,98,-4.3,5.2,2.87,-2.7
1990,12,11,23,-2.8,965.6,85.5,0,2.7,5.2,261,NA,NA,0,0,0,0,0,0,0,50,221,252,98,-4.9,4,2.75,-3.5
1990,12,12,0,-3.9,965.4,86.1,0,3.2,4.4,261,NA,NA,0,0,0,0,0,0,0,50,222,252,98,-5.9,2.4,2.55,-4.5
1990,12,12,1,-2.2,965.4,83.1,0,3.2,5.1,255,NA,NA,0,0,0,0,0,0,0,50,229,262,98,-4.7,4.7,2.8,-3
1990,12,12,2,-2.1,965.3,82.4,0,3.8,6,251,NA,NA,0,0,0,0,0,0,0,50,265,280,98,-4.7,4.8,2.79,-3
1990,12,12,3,-1.7,965.5,81.1,0,3.5,6.7,249,NA,NA,0,0,0,0,0,0,0,50,267,282,98,-4.5,5.3,2.83,-2.7
1990,12,12,4,-1.1,965.7,79,0,1.8,4.8,217,NA,NA,0,0,0,0,0,0,0,50,269,285,98,-4.3,6.1,2.88,-2.2
1990,12,12,5,-1,965.3,78.4,0,1.8,3.9,233,NA,NA,1,0,0,0,0,0,0,50,294,297,98,-4.3,6.2,2.88,-2.1
1990,12,12,6,-1.7,964.1,85.2,0,2.3,3.7,256,NA,8,2,0,0,0,0,0,0,50,293,296,98,-3.9,5.7,2.98,-2.5
1990,12,12,7,-1.7,963.5,86.2,0,2.9,4.9,254,NA,NA,4,0,0,0,0,0,0,50,293,296,98,-3.7,5.8,3.02,-2.4
1990,12,12,8,-1.2,962.7,82.7,0,4.3,6.6,245,NA,NA,32,32,0,22,22,21,21,50,270,286,98,-3.8,6.3,3,-2.1
1990,12,12,9,-0.5,961.6,81.5,0,5.1,7.8,258,NA,NA,92,91,3,72,79,58,58,50,273,289,98,-3.3,7.3,3.12,-1.5
1990,12,12,10,-0.1,960.5,80.1,0,5.4,8.1,256,NA,NA,115,115,2,82,97,73,73,50,273,291,98,-3.1,7.8,3.16,-1.2
1990,12,12,11,-0.1,959.3,83.3,0.2,4.4,7.2,248,NA,NA,118,118,0,79,96,77,76,50,301,304,98,-2.6,8.1,3.29,-1
1990,12,12,12,0.1,958.3,87.1,0.1,3.6,6,251,NA,8,109,109,0,71,86,73,70,50,302,305,98,-1.8,8.8,3.5,-0.6
1990,12,12,13,0.2,957.7,89,0,2.4,4.5,255,NA,NA,76,76,0,50,55,52,50,50,303,306,98,-1.4,9.2,3.6,-0.4
1990,12,12,14,0.5,957.5,87.9,0.1,1.7,5.5,260,NA,NA,58,58,0,38,42,41,38,50,278,294,98,-1.3,9.6,3.64,-0.2
1990,12,12,15,0.8,957.7,87.4,0,0.9,3.2,254,NA,NA,25,25,0,17,18,18,17,50,278,293,98,-1,10,3.7,0.1
1990,12,12,16,1.1,958.3,87,0.1,1.3,4,261,NA,NA,2,0,0,0,0,0,0,50,279,294,98,-0.8,10.5,3.76,0.4
1990,12,12,17,1.1,958.5,85.2,0,2.4,6.2,238,NA,NA,0,0,0,0,0,0,0,80,285,295,98,-1.1,10.3,3.68,0.2
1990,12,12,18,0.9,959.2,90.8,0.7,1.4,4.3,267,NA,6,0,0,0,0,0,0,0,80,288,300,98,-0.4,10.5,3.86,0.4
1990,12,12,19,0.7,959.4,93.1,0,1.6,4.4,227,NA,NA,0,0,0,0,0,0,0,80,287,298,98,-0.3,10.4,3.9,0.3
1990,12,12,20,1.3,959.6,78.9,0,2.4,5.9,6,NA,NA,0,0,0,0,0,0,0,80,277,293,98,-1.9,9.9,3.45,0.1
1990,12,12,21,2.2,960.4,61.4,0,5.3,11.3,40,NA,NA,0,0,0,0,0,0,0,80,279,295,98,-4.4,9.4,2.86,-0.2
1990,12,12,22,1.7,961.2,63.1,0,3.4,9.1,26,NA,NA,0,0,0,0,0,0,0,80,276,294,98,-4.6,8.8,2.83,-0.6
1990,12,12,23,1.2,961.2,63.6,0,2.2,4.5,15,NA,NA,0,0,0,0,0,0,0,80,278,293,98,-4.9,8.1,2.75,-1
1990,12,13,0,0.8,961.2,72.1,0,1.6,3.8,289,NA,NA,2,0,0,0,0,0,0,80,275,291,98,-3.6,8.4,3.03,-0.8
1990,12,13,1,0,961.1,85.6,0,2.5,4.5,248,NA,NA,2,0,0,0,0,0,0,80,275,291,98,-2.1,8.5,3.4,-0.8
1990,12,13,2,-0.1,960.9,88.6,0,3.2,5.1,230,NA,NA,1,0,0,0,0,0,0,80,301,303,98,-1.8,8.6,3.5,-0.7
1990,12,13,3,-0.2,960.6,89.2,0.5,3.3,6.5,221,NA,NA,0,0,0,0,0,0,0,80,300,303,98,-1.8,8.5,3.5,-0.8
1990,12,13,4,-0.4,960.2,89.5,0.1,3.3,6.5,211,NA,NA,0,0,0,0,0,0,0,80,300,302,98,-1.9,8.2,3.46,-1
1990,12,13,5,-0.1,959.9,86,0.1,2.8,6.2,207,NA,NA,0,0,0,0,0,0,0,80,302,304,98,-2.2,8.4,3.4,-0.9
1990,12,13,6,-0.1,960,86.1,0,3.2,6.5,211,NA,8,1,0,0,0,0,0,0,80,301,303,98,-2.1,8.4,3.4,-0.8
1990,12,13,7,0,960.2,86.4,0.2,3.1,6,216,NA,NA,2,0,0,0,0,0,0,80,301,303,98,-2,8.6,3.44,-0.8
1990,12,13,8,0,960.7,88.2,0.1,2.7,4.9,222,NA,NA,25,25,0,20,20,21,21,80,249,279,98,-1.7,8.7,3.51,-0.6
1990,12,13,9,0.2,961.5,86.8,0.2,1.6,3.7,225,NA,NA,64,64,0,55,56,52,52,80,250,280,98,-1.7,8.9,3.5,-0.5
1990,12,13,10,0.1,962,87.5,0.1,1.4,2.5,255,NA,NA,99,99,0,85,93,80,80,80,250,281,98,-1.7,8.8,3.5,-0.6
1990,12,13,11,0.6,961.8,84.1,0,2,3.3,262,NA,NA,173,153,57,145,263,134,127,80,286,298,98,-1.8,9.3,3.49,-0.3
1990,12,13,12,0.9,962.2,81.9,0,1.7,4,252,NA,6,177,160,49,134,269,158,130,80,288,300,98,-1.8,9.6,3.47,-0.1
1990,12,13,13,1.3,962.6,78.1,0,1,2.4,240,NA,NA,182,138,151,126,354,228,126,80,289,302,98,-2.1,9.8,3.4,0
1990,12,13,14,1.2,963.1,80.3,0,0.6,1.6,258,NA,NA,92,83,45,70,140,123,70,80,297,305,98,-1.8,9.9,3.47,0
1990,12,13,15,1.1,963.4,81.9,0,0.7,2.1,294,NA,NA,18,18,0,15,14,14,15,80,296,303,98,-1.6,9.9,3.52,0.1
1990,12,13,16,0.3,963.8,87.8,0,0.5,1.7,322,NA,NA,0,0,0,0,0,0,0,80,292,298,98,-1.5,9.2,3.56,-0.4
1990,12,13,17,0.2,964.3,88,0,0.4,2.3,348,NA,NA,1,0,0,0,0,0,0,80,284,294,98,-1.5,9,3.54,-0.5
1990,12,13,18,0.1,964.6,88.3,0,1.2,3.3,358,NA,6,0,0,0,0,0,0,0,80,284,295,98,-1.6,8.9,3.52,-0.5
1990,12,13,19,0.1,965.2,87.9,0,0.9,2.6,22,NA,NA,0,0,0,0,0,0,0,80,285,296,98,-1.7,8.8,3.5,-0.6
1990,12,13,20,0.1,965.3,89.8,0,0.5,2,312,NA,NA,0,0,0,0,0,0,0,80,292,298,98,-1.4,9,3.58,-0.5
1990,12,13,21,1.4,965.3,79.8,0,4.6,11.2,50,NA,NA,0,0,0,0,0,0,0,80,299,306,98,-1.7,10.1,3.49,0.2
1990,12,13,22,1.4,965.3,75.6,0,7.6,12.6,50,NA,NA,0,0,0,0,0,0,0,80,297,305,98,-2.4,9.7,3.31,0
1990,12,13,23,1.5,965.6,72.5,0,7,13.1,49,NA,NA,0,0,0,0,0,0,0,80,281,298,98,-2.9,9.5,3.2,-0.1
1990,12,14,0,2,966,72.7,0,9.2,15.2,52,NA,NA,0,0,0,0,0,0,0,80,283,300,98,-2.4,10.3,3.32,0.3
1990,12,14,1,1.6,966,72.8,0,9.7,19.1,53,NA,NA,0,0,0,0,0,0,0,80,280,298,98,-2.7,9.7,3.23,0
1990,12,14,2,0.8,966.4,70.3,0,9.4,15.8,51,NA,NA,0,0,0,0,0,0,0,80,274,293,98,-4,8.1,2.94,-0.9
1990,12,14,3,0.6,966.5,68.3,0,9.5,16.9,54,NA,NA,0,0,0,0,0,0,0,80,275,293,98,-4.6,7.6,2.82,-1.2
1990,12,14,4,0.5,967.3,67.9,0,11.1,17.8,53,NA,NA,0,0,0,0,0,0,0,80,275,292,98,-4.7,7.4,2.78,-1.3
1990,12,14,5,0.2,968,66.6,0,9.9,15.8,50,NA,NA,0,0,0,0,0,0,0,50,301,305,98,-5.3,6.8,2.66,-1.7
1990,12,14,6,0.2,968.7,65.3,0,8.7,14.4,47,NA,8,0,0,0,0,0,0,0,50,301,304,98,-5.5,6.7,2.61,-1.7
1990,12,14,7,0.3,969.4,64.7,0,8.8,13.8,49,NA,NA,3,0,0,0,0,0,0,50,301,305,98,-5.6,6.8,2.6,-1.7
1990,12,14,8,0.5,969.6,66.5,0,7.9,13.2,53,NA,NA,29,29,0,19,19,19,20,50,293,302,98,-5,7.3,2.71,-1.4
1990,12,14,9,0.5,970,67.9,0,8.1,13.8,54,NA,NA,66,66,0,46,48,43,43,50,293,302,98,-4.7,7.4,2.77,-1.3
1990,12,14,10,0.5,970.3,68.4,0,9.1,14.5,54,NA,NA,116,116,1,83,99,73,74,50,293,302,98,-4.6,7.5,2.79,-1.3
1990,12,14,11,0.6,970.1,67.3,0,8.8,14.6,57,NA,NA,155,152,8,103,147,98,95,50,274,293,98,-4.8,7.5,2.76,-1.3
1990,12,14,12,0.5,970.1,67.3,0,9,15,63,NA,5,185,158,79,108,268,135,104,50,274,293,98,-4.8,7.3,2.74,-1.4
1990,12,14,13,0.8,970.2,66.5,0,9,14.5,60,NA,NA,130,128,9,80,139,105,79,50,276,294,98,-4.7,7.7,2.77,-1.1
1990,12,14,14,0.8,970.1,67.1,0,8.6,14.8,61,NA,NA,73,73,1,47,59,55,47,50,275,294,98,-4.6,7.8,2.8,-1.1
1990,12,14,15,0.9,969.9,65.7,0,8.4,14,58,NA,NA,26,26,0,17,19,19,17,50,276,294,98,-4.8,7.8,2.76,-1.1
1990,12,14,16,0.9,970.4,66,0,7.5,14.3,54,NA,NA,2,0,0,0,0,0,0,50,275,294,98,-4.7,7.8,2.77,-1.1
1990,12,14,17,0.7,970.7,68.8,0,6.3,13.8,56,NA,NA,0,0,0,0,0,0,0,50,295,303,98,-4.4,7.8,2.85,-1.1
1990,12,14,18,0.9,970.5,67.5,0,7.4,13.5,63,NA,7,0,0,0,0,0,0,0,50,295,303,98,-4.4,8,2.83,-1
1990,12,14,19,0.5,970.7,67.9,0,6.6,12.1,53,NA,NA,0,0,0,0,0,0,0,50,293,301,98,-4.7,7.4,2.77,-1.3
1990,12,14,20,0.2,970.8,68.3,0,6.3,10.7,49,NA,NA,1,0,0,0,0,0,0,50,272,290,98,-4.9,7,2.72,-1.6
1990,12,14,21,0.2,970.4,67,0,5.3,9.9,49,NA,NA,0,0,0,0,0,0,0,50,274,291,98,-5.2,6.9,2.67,-1.7
1990,12,14,22,1,970.7,66.3,0,7.4,13.6,57,NA,NA,1,0,0,0,0,0,0,50,275,294,98,-4.6,8,2.8,-1
1990,12,14,23,1,970.3,66.4,0,8.4,15.5,60,NA,NA,0,0,0,0,0,0,0,50,266,290,98,-4.5,8,2.81,-1
1990,12,15,0,0.8,970.1,67.8,0,6.2,13.1,56,NA,NA,0,0,0,0,0,0,0,50,268,290,98,-4.5,7.9,2.83,-1.1
1990,12,15,1,0.9,970.3,68.7,0,6.5,13.9,73,NA,NA,1,0,0,0,0,0,0,50,267,289,98,-4.2,8.1,2.88,-0.9
1990,12,15,2,0.7,970.1,71.4,0,3.1,9.9,73,NA,NA,1,0,0,0,0,0,0,50,287,299,98,-3.9,8.1,2.96,-1
1990,12,15,3,0.3,969.9,72.5,0,2.8,10.6,78,NA,NA,0,0,0,0,0,0,0,50,283,296,98,-4.1,7.6,2.92,-1.3
1990,12,15,4,0,969.8,72.4,0,1.6,4.7,94,NA,NA,2,0,0,0,0,0,0,50,282,294,98,-4.4,7.1,2.85,-1.5
1990,12,15,5,0.2,969.9,71.9,0,1.2,4.9,85,NA,NA,1,0,0,0,0,0,0,50,282,295,98,-4.3,7.4,2.87,-1.4
1990,12,15,6,0.3,969.9,72.7,0,2,5.5,77,NA,6,0,0,0,0,0,0,0,50,284,297,98,-4,7.6,2.92,-1.2
1990,12,15,7,0.7,969.9,75,0,3.6,6.5,50,NA,NA,5,0,0,0,0,0,0,50,286,299,98,-3.2,8.5,3.11,-0.7
1990,12,15,8,0.9,969.8,74.1,0,5.3,8.5,47,NA,NA,38,38,0,28,28,25,25,50,296,304,98,-3.2,8.7,3.11,-0.6
1990,12,15,9,1.2,970,71,0,6.4,9.6,56,NA,NA,93,90,14,82,95,57,58,50,298,306,98,-3.5,8.8,3.05,-0.5
1990,12,15,10,1.7,969.9,71.4,0,6.2,10.6,63,NA,NA,131,130,6,96,121,81,82,50,299,308,98,-2.9,9.6,3.18,0
1990,12,15,11,1.8,969,69.6,0,5.6,9.8,67,NA,NA,203,152,146,139,352,117,109,50,254,287,98,-3.2,9.6,3.12,-0.1
1990,12,15,12,2.2,968.9,63.9,0,4.4,8.8,77,NA,7,303,132,500,141,723,241,135,50,253,288,98,-3.9,9.6,2.95,0
1990,12,15,13,2.3,968.7,61,0,4.9,9.2,72,NA,NA,266,82,629,112,744,392,112,50,253,288,98,-4.4,9.4,2.84,-0.1
1990,12,15,14,2,969,61.8,0,4.6,8,72,NA,NA,149,75,363,73,422,336,73,50,271,295,98,-4.5,9,2.81,-0.3
1990,12,15,15,1.3,969.2,67.3,0,3.3,6,57,NA,NA,17,17,0,12,11,10,12,50,267,291,98,-4.1,8.6,2.91,-0.7
1990,12,15,16,0.5,969.7,67.1,0,3.4,5.3,29,NA,NA,0,0,0,0,0,0,0,50,264,286,98,-4.9,7.3,2.74,-1.4
1990,12,15,17,0.2,970,67.6,0,3.4,7.6,42,NA,NA,0,0,0,0,0,0,0,50,247,278,98,-5.1,6.9,2.7,-1.6
1990,12,15,18,0.4,970.5,69.5,0,5.5,10.1,61,NA,7,0,0,0,0,0,0,0,50,242,276,98,-4.5,7.4,2.81,-1.3
1990,12,15,19,-0.9,970.8,71.5,0,4.2,7.3,36,NA,NA,0,0,0,0,0,0,0,50,238,271,98,-5.4,5.6,2.63,-2.4
1990,12,15,20,-0.6,971,70.7,0,4.4,7.8,36,NA,NA,0,0,0,0,0,0,0,50,288,297,98,-5.3,6,2.66,-2.2
1990,12,15,21,-0.4,971.4,68.1,0,4.5,7.1,42,NA,NA,0,0,0,0,0,0,0,50,289,297,98,-5.6,6.1,2.6,-2.2
1990,12,15,22,-0.3,971.8,71,0,4.5,7.5,42,NA,NA,0,0,0,0,0,0,0,50,289,298,98,-4.9,6.5,2.73,-1.9
1990,12,15,23,-0.9,971.9,73.3,0,5.3,7.6,47,NA,NA,0,0,0,0,0,0,0,50,287,295,98,-5.1,5.8,2.69,-2.3
1990,12,16,0,-0.9,972.1,74.9,0,5.1,8.6,42,NA,NA,0,0,0,0,0,0,0,50,287,296,98,-4.8,5.9,2.75,-2.2
1990,12,16,1,-0.8,972.6,74.2,0,4.4,6.5,36,NA,NA,1,0,0,0,0,0,0,50,288,296,98,-4.8,6,2.75,-2.2
1990,12,16,2,-0.8,972.7,73.6,0,4.7,7.5,39,NA,NA,0,0,0,0,0,0,0,50,287,296,98,-4.9,6,2.72,-2.2
1990,12,16,3,-0.9,972.8,74.3,0,4.1,6.9,41,NA,NA,1,0,0,0,0,0,0,50,287,295,98,-4.9,5.9,2.73,-2.3
1990,12,16,4,-1,972.9,73.3,0,4.8,7.5,37,NA,NA,1,0,0,0,0,0,0,50,286,295,98,-5.2,5.6,2.67,-2.4
1990,12,16,5,-1.2,973.4,74.2,0,5.4,8.3,41,NA,NA,0,0,0,0,0,0,0,50,295,299,98,-5.2,5.4,2.66,-2.5
1990,12,16,6,-1.4,974,75.2,0,5.3,8.3,40,NA,8,0,0,0,0,0,0,0,50,294,298,98,-5.2,5.2,2.66,-2.7
1990,12,16,7,-1.4,974.5,75.3,0,4.7,7.9,45,NA,NA,3,0,0,0,0,0,0,50,294,298,98,-5.2,5.2,2.66,-2.7
1990,12,16,8,-1.5,974.8,74.5,0,5.6,7.9,37,NA,NA,5,5,0,2,2,4,4,50,293,297,98,-5.4,5,2.61,-2.8
1990,12,16,9,-1.5,975.2,74,0,5.5,7.8,34,NA,NA,17,17,0,10,9,12,12,50,294,297,98,-5.5,4.9,2.59,-2.8
1990,12,16,10,-1.5,975.2,73.5,0,5,11.8,35,NA,NA,24,24,0,16,13,17,17,50,294,298,98,-5.6,4.9,2.58,-2.9
1990,12,16,11,-1.3,974.9,72.8,0,5.7,8.4,35,NA,NA,33,33,0,22,19,22,23,50,295,299,98,-5.5,5.1,2.59,-2.7
1990,12,16,12,-1.1,974.7,71.1,0,5.9,9.4,40,NA,8,41,41,0,28,24,27,28,50,297,300,98,-5.7,5.3,2.57,-2.6
1990,12,16,13,-0.9,974.7,68.9,0,6.2,10,41,NA,NA,41,41,0,28,25,26,28,50,296,300,98,-5.9,5.4,2.53,-2.6
1990,12,16,14,-0.9,974.9,70.3,0,5.9,9.4,41,NA,NA,28,28,0,19,16,17,19,50,296,300,98,-5.6,5.5,2.58,-2.5
1990,12,16,15,-0.9,975.1,69.8,0,5.7,8.4,39,NA,NA,7,7,0,5,4,3,5,50,296,300,98,-5.7,5.5,2.56,-2.5
1990,12,16,16,-0.9,975.3,69.8,0,5.3,8.1,35,NA,NA,1,0,0,0,0,0,0,50,296,300,98,-5.7,5.5,2.56,-2.5
1990,12,16,17,-0.9,975.3,68.1,0,5.6,8.8,39,NA,NA,0,0,0,0,0,0,0,50,296,300,98,-6,5.3,2.49,-2.6
1990,12,16,18,-0.6,975.5,67.1,0,5.7,9.5,46,NA,8,1,0,0,0,0,0,0,50,298,302,98,-5.9,5.6,2.51,-2.4
1990,12,16,19,-0.5,975.5,69,0,5.3,10,53,NA,NA,0,0,0,0,0,0,0,50,298,302,98,-5.5,6,2.6,-2.2
1990,12,16,20,-0.5,975.7,67.9,0,5.1,8.8,50,NA,NA,1,0,0,0,0,0,0,50,298,302,98,-5.7,5.9,2.56,-2.2
1990,12,16,21,-0.5,975.5,69.1,0,5.4,8.9,48,NA,NA,1,0,0,0,0,0,0,50,298,302,98,-5.5,6,2.61,-2.2
1990,12,16,22,-0.6,975.3,69.5,0,5.2,9.5,44,NA,NA,1,0,0,0,0,0,0,50,297,301,98,-5.5,5.9,2.6,-2.3
1990,12,16,23,-0.7,975.1,69.7,0,5.1,7.8,43,NA,NA,0,0,0,0,0,0,0,50,297,301,98,-5.5,5.7,2.59,-2.3
1990,12,17,0,-0.6,975,69.5,0,3.3,8.3,56,NA,NA,1,0,0,0,0,0,0,50,297,301,98,-5.5,5.9,2.6,-2.3
1990,12,17,1,-0.7,975,70.1,0,1.8,3.6,51,NA,NA,1,0,0,0,0,0,0,50,297,300,98,-5.5,5.8,2.61,-2.3
1990,12,17,2,-1,975.1,71.9,0,1.9,3.5,56,NA,NA,1,0,0,0,0,0,0,50,296,300,98,-5.4,5.5,2.61,-2.5
1990,12,17,3,-1.1,974.8,70.4,0,1.5,3.2,68,NA,NA,2,0,0,0,0,0,0,50,295,298,98,-5.8,5.2,2.54,-2.7
1990,12,17,4,-1.3,974.6,70.7,0,1.1,2.4,71,NA,NA,0,0,0,0,0,0,0,50,294,297,98,-5.9,5,2.52,-2.8
1990,12,17,5,-1.4,974.6,68.3,0,0.5,1.5,127,NA,NA,1,0,0,0,0,0,0,50,293,296,98,-6.5,4.6,2.41,-3.1
1990,12,17,6,-1.7,974.6,71.9,0,0.4,1.6,105,NA,8,1,0,0,0,0,0,0,50,293,296,98,-6.1,4.5,2.48,-3.1
1990,12,17,7,-1.8,974.6,70.4,0,1.1,2.1,122,NA,NA,3,0,0,0,0,0,0,50,292,295,98,-6.5,4.2,2.41,-3.3
1990,12,17,8,-1.8,974.6,68.8,0,0.9,1.7,105,NA,NA,29,29,0,20,19,19,19,50,292,296,98,-6.8,4.1,2.36,-3.4
1990,12,17,9,-1.7,974.6,68.1,0,0.9,1.8,105,NA,NA,75,75,0,55,58,48,48,50,293,298,98,-6.8,4.1,2.35,-3.3
1990,12,17,10,-1.5,974.2,68.3,0,0.9,1.9,75,NA,NA,99,99,0,69,78,63,64,50,293,298,98,-6.6,4.4,2.4,-3.1
1990,12,17,11,-1.3,973.5,68,0,1.6,4,63,NA,NA,123,122,3,83,104,79,78,50,295,300,98,-6.4,4.7,2.42,-3
1990,12,17,12,-1.1,972.9,67.5,0,1.5,3,75,NA,8,113,113,0,74,91,76,73,50,296,300,98,-6.3,5,2.44,-2.8
1990,12,17,13,-0.9,972.6,67.9,0,1,3.5,73,NA,NA,87,87,0,57,66,60,56,50,296,300,98,-6.1,5.3,2.49,-2.6
1990,12,17,14,-0.8,972.4,66.9,0,1.9,4,64,NA,NA,66,66,0,43,51,48,42,50,288,297,98,-6.2,5.4,2.48,-2.6
1990,12,17,15,-1,972.2,65.6,0,2.7,4.6,37,NA,NA,23,23,0,15,16,16,15,50,286,295,98,-6.6,4.9,2.39,-2.8
1990,12,17,16,-1.2,972.3,68,0,3.1,5.2,36,NA,NA,0,0,0,0,0,0,0,50,285,293,98,-6.3,4.9,2.44,-2.9
1990,12,17,17,-1.4,972.1,67.9,0,2.5,4.5,29,NA,NA,0,0,0,0,0,0,0,50,293,297,98,-6.6,4.6,2.4,-3.1
1990,12,17,18,-1.5,972.2,67.2,0,1.9,4.8,37,NA,8,0,0,0,0,0,0,0,50,293,297,98,-6.8,4.4,2.36,-3.2
1990,12,17,19,-1.7,971.9,67.2,0,1.2,3.1,29,NA,NA,1,0,0,0,0,0,0,50,290,293,98,-7,4.1,2.33,-3.4
1990,12,17,20,-2.1,971.9,69.7,0,0.6,1.3,68,NA,NA,0,0,0,0,0,0,0,50,291,294,98,-6.9,3.7,2.34,-3.6
1990,12,17,21,-2.2,971.7,75.8,0,0.8,1.9,128,NA,NA,0,0,0,0,0,0,0,50,291,294,98,-5.9,4.1,2.53,-3.4
1990,12,17,22,-2.2,971.7,76.4,0,0.6,1.4,142,NA,NA,1,0,0,0,0,0,0,50,290,293,98,-5.8,4.1,2.55,-3.4
1990,12,17,23,-2.5,971.5,75.2,0,0.7,2.1,139,NA,NA,0,0,0,0,0,0,0,50,289,292,98,-6.3,3.6,2.46,-3.7
1990,12,18,0,-2.6,971.3,76.7,0,0.5,1.1,94,NA,NA,2,0,0,0,0,0,0,50,288,291,98,-6.1,3.6,2.49,-3.7
1990,12,18,1,-2.8,971.3,77.4,0,0.4,1.3,105,NA,NA,0,0,0,0,0,0,0,50,287,289,98,-6.2,3.3,2.47,-3.9
1990,12,18,2,-3.3,971,78.8,0,0.6,1.6,136,NA,NA,1,0,0,0,0,0,0,50,284,286,98,-6.4,2.7,2.43,-4.3
1990,12,18,3,-3.8,970.7,81.7,0,0.3,1.2,60,NA,NA,0,0,0,0,0,0,0,50,283,284,98,-6.5,2.2,2.42,-4.6
1990,12,18,4,-4.2,970.7,82.1,0,0.6,1.1,26,NA,NA,0,0,0,0,0,0,0,50,282,284,98,-6.8,1.6,2.36,-5
1990,12,18,5,-4.2,970.5,83.1,0,0.2,1.2,60,NA,NA,0,0,0,0,0,0,0,50,273,279,98,-6.6,1.7,2.39,-4.9
1990,12,18,6,-3.7,970.7,82.8,0,0.1,1.1,330,NA,7,1,0,0,0,0,0,0,50,275,282,98,-6.2,2.4,2.48,-4.5
1990,12,18,7,-3.3,971.1,82.6,0,0.3,1.5,303,NA,NA,2,0,0,0,0,0,0,50,278,285,98,-5.8,3,2.54,-4.1
1990,12,18,8,-2.5,971.4,79.8,0,0.4,1.8,285,NA,NA,19,19,0,11,11,13,13,50,281,289,98,-5.5,4,2.61,-3.5
1990,12,18,9,-1.7,971.6,75,0,0.7,2.4,293,NA,NA,111,96,67,140,178,66,66,50,286,295,98,-5.5,4.8,2.6,-3
1990,12,18,10,-0.7,971.6,71.7,0,0.6,3.1,312,NA,NA,241,107,433,287,600,112,111,50,288,301,98,-5.2,6,2.68,-2.2
1990,12,18,11,-0.4,971.2,72.6,0,0.7,2.6,105,NA,NA,170,146,68,116,237,103,97,50,291,302,98,-4.7,6.5,2.77,-1.9
1990,12,18,12,-0.2,971,72.7,0,1,2.4,112,NA,7,187,157,87,109,276,136,104,50,290,302,98,-4.5,6.8,2.82,-1.7
1990,12,18,13,-0.3,970.5,75.7,0,1.4,2.7,70,NA,NA,128,123,19,78,140,104,78,50,289,299,98,-4.1,7,2.91,-1.6
1990,12,18,14,-0.5,970.5,77.5,0,1.3,3.1,57,NA,NA,51,51,0,33,35,34,33,50,271,289,98,-3.9,6.8,2.94,-1.7
1990,12,18,15,-1.2,970.7,90.1,0.6,1,2.4,9,NA,NA,8,8,0,6,4,4,6,50,269,286,98,-2.6,6.9,3.25,-1.7
1990,12,18,16,-1.2,970.5,90.6,0,0.7,2.3,24,NA,NA,0,0,0,0,0,0,0,50,270,286,98,-2.5,6.9,3.27,-1.7
1990,12,18,17,-1.1,970.7,90.1,0.1,0.8,2.1,344,NA,NA,0,0,0,0,0,0,0,50,297,299,98,-2.5,7,3.27,-1.6
1990,12,18,18,-1,970.7,89.7,0.1,0.7,2.4,324,NA,8,0,0,0,0,0,0,0,50,297,300,98,-2.5,7.2,3.28,-1.5
1990,12,18,19,-0.9,970.6,89.4,0,0.3,1.2,330,NA,NA,0,0,0,0,0,0,0,50,297,300,98,-2.4,7.3,3.29,-1.5
1990,12,18,20,-0.9,970.8,88.9,0.1,0.6,1.5,274,NA,NA,1,0,0,0,0,0,0,50,297,300,98,-2.5,7.3,3.28,-1.5
1990,12,18,21,-0.9,970.9,89.7,0.1,1,2,267,NA,NA,0,0,0,0,0,0,0,50,297,299,98,-2.4,7.3,3.3,-1.5
1990,12,18,22,-1,971,90.9,0,0.7,1.6,293,NA,NA,1,0,0,0,0,0,0,50,297,300,98,-2.3,7.3,3.32,-1.5
1990,12,18,23,-0.9,971,90.8,0.1,0.8,1.4,271,NA,NA,0,0,0,0,0,0,0,50,297,299,98,-2.2,7.4,3.34,-1.4
1990,12,19,0,-1,970.9,92,0.2,0.7,1.6,277,NA,NA,1,0,0,0,0,0,0,50,297,299,98,-2.1,7.4,3.36,-1.4
1990,12,19,1,-1.1,971,91.6,0,0.4,1.5,303,NA,NA,0,0,0,0,0,0,0,50,296,299,98,-2.3,7.2,3.32,-1.5
1990,12,19,2,-1.1,971.1,91.3,0,0.3,1.2,285,NA,NA,1,0,0,0,0,0,0,50,296,298,98,-2.3,7.1,3.31,-1.5
1990,12,19,3,-1.1,971,91.1,0.1,0.6,1.2,276,NA,NA,0,0,0,0,0,0,0,50,296,298,98,-2.4,7.1,3.31,-1.6
1990,12,19,4,-1.1,971,91.3,0,0.4,1,285,NA,NA,0,0,0,0,0,0,0,50,295,298,98,-2.3,7.1,3.31,-1.5
1990,12,19,5,-1.2,971.3,91.1,0,0.7,1.2,285,NA,NA,0,0,0,0,0,0,0,80,297,298,98,-2.5,7,3.28,-1.7
1990,12,19,6,-1,971.5,90,0,0.6,1.6,285,NA,8,0,0,0,0,0,0,0,80,296,299,98,-2.4,7.2,3.29,-1.5
1990,12,19,7,-0.7,972,88.5,0,0.7,1.8,285,NA,NA,2,0,0,0,0,0,0,80,298,300,98,-2.4,7.5,3.3,-1.3
1990,12,19,8,-0.5,972.2,87.4,0,0.8,1.8,278,NA,NA,27,27,0,22,22,22,23,80,291,297,98,-2.3,7.7,3.31,-1.2
1990,12,19,9,-0.2,972.8,86.9,0,1.1,2.5,290,NA,NA,55,55,0,46,46,45,45,80,293,300,98,-2.1,8.2,3.36,-0.9
1990,12,19,10,0.5,972.8,86.3,0,0.8,1.8,271,NA,NA,144,129,48,146,214,108,107,80,296,304,98,-1.5,9.3,3.51,-0.3
1990,12,19,11,0.8,972.8,88.9,0.2,1.2,2.6,261,NA,NA,88,88,0,73,78,72,72,80,305,308,98,-0.8,10,3.7,0.2
1990,12,19,12,0.8,972.4,89.2,0,1.6,2.7,270,NA,8,132,130,7,105,140,111,104,80,307,308,98,-0.8,10.1,3.71,0.2
1990,12,19,13,1.3,972.6,86.9,0,1.1,2.8,268,NA,NA,152,130,73,110,244,168,110,80,310,310,98,-0.6,10.7,3.75,0.5
1990,12,19,14,1.9,972.8,84.6,0,1.8,3.6,282,NA,NA,77,76,5,61,84,78,61,80,302,307,98,-0.4,11.4,3.81,1
1990,12,19,15,1.9,972.9,84.3,0,1.8,4.4,254,NA,NA,21,21,0,18,17,17,17,80,296,303,98,-0.5,11.4,3.8,0.9
1990,12,19,16,1,973.2,89,0,1.7,3.2,285,NA,NA,0,0,0,0,0,0,0,80,297,302,98,-0.6,10.4,3.76,0.4
1990,12,19,17,1.3,973.5,86.4,0,2,3.8,246,NA,NA,0,0,0,0,0,0,0,80,301,305,98,-0.7,10.6,3.73,0.5
1990,12,19,18,2.1,973.7,82.3,0,2.5,5.5,218,NA,7,0,0,0,0,0,0,0,80,303,308,98,-0.6,11.5,3.76,1
1990,12,19,19,2.3,974.4,77.1,0,3.4,7.2,218,NA,NA,0,0,0,0,0,0,0,80,301,308,98,-1.3,11.2,3.57,0.9
1990,12,19,20,1.4,975,74.3,0,1.8,4.7,292,NA,NA,0,0,0,0,0,0,0,80,296,303,98,-2.7,9.4,3.22,-0.1
1990,12,19,21,0.5,975.4,73.6,0,1.3,2.5,91,NA,NA,0,0,0,0,0,0,0,80,291,296,98,-3.7,7.9,2.99,-1
1990,12,19,22,-1.6,976,80.5,0,0.8,2.2,15,NA,NA,0,0,0,0,0,0,0,80,279,284,98,-4.5,5.4,2.8,-2.6
1990,12,19,23,-2.9,976.5,85.4,0,1.9,3,246,NA,NA,0,0,0,0,0,0,0,80,253,267,98,-5,3.8,2.7,-3.6
1990,12,20,0,-3.5,976.7,87.8,0,0.9,2.3,276,NA,NA,0,0,0,0,0,0,0,80,250,267,98,-5.2,3.1,2.65,-4.1
1990,12,20,1,-2,977.2,83.8,0,0.5,1.5,240,NA,NA,0,0,0,0,0,0,0,80,253,273,98,-4.4,5,2.83,-2.8
1990,12,20,2,-3.2,977.4,86.5,0,0.7,2,251,NA,NA,0,0,0,0,0,0,0,80,242,262,98,-5.1,3.4,2.67,-3.8
1990,12,20,3,-4.9,977.5,86.8,0,0.8,1.6,245,NA,NA,0,0,0,0,0,0,0,80,231,252,98,-6.8,0.9,2.35,-5.5
1990,12,20,4,-4.5,978.1,84.9,0,1.1,2.6,240,NA,NA,1,0,0,0,0,0,0,80,237,260,98,-6.6,1.4,2.37,-5.1
1990,12,20,5,-4.1,978.2,79.2,0,1.4,2.4,249,NA,NA,0,0,0,0,0,0,0,80,235,257,98,-7.2,1.5,2.28,-5
1990,12,20,6,-4.4,978.5,75.5,0,1.6,2.3,247,NA,4,0,0,0,0,0,0,0,80,235,257,98,-8.1,0.8,2.12,-5.5
1990,12,20,7,-4.5,978.7,78.2,0,1.7,2.8,257,NA,NA,7,0,0,0,0,0,0,80,234,258,98,-7.7,0.9,2.18,-5.4
1990,12,20,8,-4.2,978.6,78.9,0,1.1,2.1,251,NA,NA,73,39,288,293,287,52,52,80,219,248,98,-7.3,1.4,2.25,-5.1
1990,12,20,9,-2.9,978.6,74.7,0,1.6,3.2,250,NA,NA,183,54,563,449,624,112,111,80,229,259,98,-6.8,2.9,2.35,-4.1
1990,12,20,10,-0.3,978.3,62.5,0,2.1,3.3,257,NA,NA,271,63,676,397,824,157,154,80,233,267,98,-6.6,5.6,2.38,-2.4
1990,12,20,11,0.6,978.2,60.6,0,1.4,2.8,272,NA,NA,322,65,745,257,941,185,178,80,237,274,98,-6.1,6.8,2.47,-1.7
1990,12,20,12,1.9,978,55.1,0,0.5,1.9,312,NA,2,313,65,731,176,920,298,173,80,240,281,98,-6.1,8.1,2.46,-0.9
1990,12,20,13,2.2,977.5,53.4,0,0.9,2.4,354,NA,NA,273,62,722,154,852,455,154,80,241,282,98,-6.3,8.3,2.44,-0.7
1990,12,20,14,2.2,977.3,53.3,0,1,3.3,21,NA,NA,175,46,627,103,646,504,104,80,240,277,98,-6.3,8.3,2.44,-0.7
1990,12,20,15,1.3,977.2,56,0,1,2.7,21,NA,NA,44,34,105,35,132,144,35,80,235,269,98,-6.5,7.3,2.4,-1.3
1990,12,20,16,0.5,977.2,59.9,0,0.7,2.3,42,NA,NA,2,0,0,0,0,0,0,80,234,266,98,-6.4,6.5,2.42,-1.8
1990,12,20,17,-1,977.3,68.6,0,0.3,1.3,240,NA,NA,1,0,0,0,0,0,0,50,218,255,98,-6,5.2,2.49,-2.7
1990,12,20,18,-1.8,977.3,70,0,0.9,2.3,258,NA,6,0,0,0,0,0,0,0,50,214,253,98,-6.5,4.1,2.39,-3.3
1990,12,20,19,-3,977.4,74.5,0,0.8,1.6,240,NA,NA,0,0,0,0,0,0,0,50,209,245,98,-6.9,2.8,2.33,-4.2
1990,12,20,20,-3.1,977.4,77.3,0,1.2,2.7,253,NA,NA,0,0,0,0,0,0,0,50,216,252,98,-6.5,2.8,2.4,-4.2
1990,12,20,21,-3.8,977.5,81.2,0,1.3,2.7,258,NA,NA,1,0,0,0,0,0,0,50,211,249,98,-6.5,2.1,2.39,-4.6
1990,12,20,22,-3.8,977.3,82.8,0,1.4,3,260,NA,NA,0,0,0,0,0,0,0,50,211,249,98,-6.3,2.2,2.44,-4.6
1990,12,20,23,-3.6,977,82.8,0,2.1,3.1,252,NA,NA,1,0,0,0,0,0,0,50,213,251,98,-6.1,2.5,2.48,-4.4
1990,12,21,0,-3.3,976.7,82.3,0,2.5,4.2,251,NA,NA,0,0,0,0,0,0,0,50,212,252,98,-5.9,2.9,2.52,-4.1
1990,12,21,1,-3.3,976.3,82.4,0,1.9,3.3,256,NA,NA,1,0,0,0,0,0,0,50,213,253,98,-5.9,2.9,2.52,-4.1
1990,12,21,2,-3.1,976.3,82.9,0,1.1,2.3,263,NA,NA,0,0,0,0,0,0,0,50,215,255,98,-5.6,3.3,2.58,-3.9
1990,12,21,3,-2.9,976.2,82.8,0,2.2,3.2,255,NA,NA,0,0,0,0,0,0,0,50,287,290,98,-5.4,3.6,2.61,-3.7
1990,12,21,4,-2.8,976.3,83.2,0,2.3,3.8,270,NA,NA,2,0,0,0,0,0,0,50,289,291,98,-5.2,3.8,2.65,-3.6
1990,12,21,5,-2.7,976.6,84.7,0,2.5,3.9,264,NA,NA,0,0,0,0,0,0,0,80,271,283,98,-4.9,4,2.71,-3.4
1990,12,21,6,-2.7,976.8,87,0,2.3,3.4,253,NA,8,2,0,0,0,0,0,0,80,271,284,98,-4.6,4.2,2.79,-3.3
1990,12,21,7,-2.4,977.1,87.1,0.1,1.7,3.3,260,NA,NA,3,0,0,0,0,0,0,80,272,285,98,-4.2,4.7,2.85,-3
1990,12,21,8,-2.1,977,86.4,0.1,2.3,4.1,275,NA,NA,30,30,0,26,26,25,25,80,293,296,98,-4.1,5.1,2.89,-2.8
1990,12,21,9,-1.5,977.3,85.1,0,2.3,3.7,272,NA,NA,81,81,0,74,78,64,64,80,296,299,98,-3.7,5.9,2.98,-2.3
1990,12,21,10,-1,976.8,85.6,0,1.8,3.1,267,NA,NA,96,96,0,82,90,77,77,80,297,301,98,-3.1,6.7,3.11,-1.8
1990,12,21,11,-0.4,976.5,83.6,0,2,3.5,271,NA,NA,135,131,13,114,159,108,105,80,256,283,98,-2.8,7.5,3.18,-1.3
1990,12,21,12,0.6,975.9,79.7,0,2.8,4.7,258,NA,8,202,162,117,148,371,184,142,80,259,286,98,-2.5,8.7,3.26,-0.6
1990,12,21,13,0.8,975.7,80.6,0,2.9,4.5,258,NA,NA,158,135,76,114,257,175,114,80,260,287,98,-2.1,9.1,3.34,-0.3
1990,12,21,14,1.1,975.7,81,0,2.6,4.4,253,NA,NA,101,89,60,76,178,150,76,80,253,284,98,-1.8,9.7,3.43,0
1990,12,21,15,1.1,975.7,81.7,0,2.2,3.8,242,NA,NA,29,29,0,24,26,27,24,80,253,283,98,-1.7,9.8,3.46,0
1990,12,21,16,1.3,976,82.2,0,2.2,3.4,238,NA,NA,3,0,0,0,0,0,0,80,254,283,98,-1.4,10.1,3.53,0.2
1990,12,21,17,1,976,84,0,2.1,3.5,256,NA,NA,0,0,0,0,0,0,0,80,253,283,98,-1.4,9.8,3.53,0.1
1990,12,21,18,1.4,976.1,82.8,0,0.9,1.8,249,NA,7,0,0,0,0,0,0,0,50,291,301,98,-1.2,10.4,3.59,0.4
1990,12,21,19,1.4,976.3,84.2,0,1.2,2.7,256,NA,NA,0,0,0,0,0,0,0,50,290,300,98,-1,10.5,3.65,0.5
1990,12,21,20,1.1,976.3,85.4,0,0.7,2.3,254,NA,NA,0,0,0,0,0,0,0,50,277,292,98,-1.1,10.1,3.62,0.2
1990,12,21,21,0.5,976.5,88.1,0,0.3,1.4,267,NA,NA,2,0,0,0,0,0,0,50,277,291,98,-1.2,9.4,3.57,-0.2
1990,12,21,22,0.3,976.6,88.6,0,0.8,1.6,229,NA,NA,0,0,0,0,0,0,0,50,276,288,98,-1.4,9.1,3.54,-0.4
1990,12,21,23,0.2,976.7,89.7,0,0.8,1.8,246,NA,NA,0,0,0,0,0,0,0,50,294,300,98,-1.3,9.1,3.56,-0.4
1990,12,22,0,0.6,976.5,89.1,0,0.8,2.4,271,NA,NA,2,0,0,0,0,0,0,50,294,301,98,-1,9.7,3.64,0
1990,12,22,1,0.4,976.9,90.6,0,0.9,2,271,NA,NA,1,0,0,0,0,0,0,50,294,301,98,-1,9.5,3.65,-0.1
1990,12,22,2,0.4,977.1,89.5,0,0.8,1.4,267,NA,NA,0,0,0,0,0,0,0,50,295,301,98,-1.1,9.4,3.6,-0.2
1990,12,22,3,0,976.7,89.6,0,0.9,1.7,258,NA,NA,0,0,0,0,0,0,0,50,289,295,98,-1.5,8.7,3.5,-0.6
1990,12,22,4,0,976.7,90.4,0,0.8,1.3,245,NA,NA,0,0,0,0,0,0,0,50,291,296,98,-1.4,8.8,3.54,-0.5
1990,12,22,5,-0.2,976.9,91,0,1.1,1.8,268,NA,NA,0,0,0,0,0,0,0,50,242,272,98,-1.5,8.5,3.51,-0.7
1990,12,22,6,-0.2,976.9,91.3,0,0.4,1.3,251,NA,7,0,0,0,0,0,0,0,50,242,273,98,-1.4,8.6,3.52,-0.7
1990,12,22,7,-0.1,977.1,90.6,0,0.3,1.2,258,NA,NA,7,0,0,0,0,0,0,50,240,272,98,-1.4,8.7,3.52,-0.6
1990,12,22,8,1.2,977.5,86.2,0,0.4,1.8,267,NA,NA,99,59,347,351,342,49,49,50,251,284,98,-0.8,10.4,3.68,0.4
1990,12,22,9,2.8,978.1,79.6,0,0.7,2.5,254,NA,NA,193,68,549,426,597,87,86,50,253,289,98,-0.4,12.3,3.8,1.5
1990,12,22,10,3.3,977.8,75.6,0,1.1,5.2,292,NA,NA,241,117,405,287,583,114,113,50,254,289,98,-0.6,12.7,3.74,1.7
1990,12,22,11,4.4,977.2,71,0,0.9,2.4,258,NA,NA,297,116,526,199,734,138,129,50,261,296,98,-0.4,13.9,3.8,2.4
1990,12,22,12,4.8,976.8,69.5,0,1.3,2.7,337,NA,2,357,109,728,150,932,273,145,50,261,299,98,-0.3,14.4,3.83,2.7
1990,12,22,13,5.9,976.4,64.3,0,0.4,1.7,132,NA,NA,278,73,700,115,803,408,115,50,266,304,98,-0.3,15.5,3.83,3.3
1990,12,22,14,5.8,976.6,64,0,0.9,3.4,22,NA,NA,162,52,529,74,545,418,75,50,262,299,98,-0.5,15.3,3.78,3.1
1990,12,22,15,5.2,976.8,65.1,0,0.7,1.5,240,NA,NA,58,33,273,32,244,268,33,50,259,293,98,-0.8,14.5,3.69,2.7
1990,12,22,16,4.4,977,69.4,0,0.3,2.3,222,NA,NA,0,0,0,0,0,0,0,50,256,289,98,-0.7,13.7,3.72,2.3
1990,12,22,17,3.1,977.2,76,0,0.5,2.2,285,NA,NA,0,0,0,0,0,0,0,50,295,306,98,-0.7,12.4,3.71,1.6
1990,12,22,18,2.3,977.4,81.1,0,0.4,1.3,222,NA,6,0,0,0,0,0,0,0,50,293,302,98,-0.6,11.7,3.74,1.1
1990,12,22,19,1.4,977.4,85.5,0,0.5,1.7,258,NA,NA,0,0,0,0,0,0,0,50,290,301,98,-0.8,10.6,3.7,0.5
1990,12,22,20,1.9,977.1,84.5,0,0.2,1.1,60,NA,NA,0,0,0,0,0,0,0,50,273,292,98,-0.4,11.4,3.79,1
1990,12,22,21,0.6,977,88.5,0,0.2,1.4,240,NA,NA,0,0,0,0,0,0,0,50,268,284,98,-1.1,9.6,3.61,-0.1
1990,12,22,22,0.6,976.9,89,0,0.8,1.4,262,NA,NA,0,0,0,0,0,0,0,50,271,290,98,-1,9.7,3.64,0
1990,12,22,23,0.3,976.7,90,0,0.6,1.9,254,NA,NA,0,0,0,0,0,0,0,50,274,288,98,-1.1,9.3,3.6,-0.2
1990,12,23,0,0.7,976.5,89.6,0,0.2,1,132,NA,NA,0,0,0,0,0,0,0,50,280,295,98,-0.8,9.9,3.69,0.1
1990,12,23,1,0.9,976.4,90.4,0,0.6,1.4,15,NA,NA,0,0,0,0,0,0,0,50,281,296,98,-0.5,10.3,3.78,0.3
1990,12,23,2,1.1,976,88.9,0,0.3,1.2,285,NA,NA,1,0,0,0,0,0,0,50,297,304,98,-0.5,10.5,3.77,0.5
1990,12,23,3,1.1,975.6,89.3,0,0.2,1.4,78,NA,NA,0,0,0,0,0,0,0,50,296,304,98,-0.5,10.6,3.79,0.5
1990,12,23,4,0.9,975.6,90.1,0,0.7,1.6,96,NA,NA,0,0,0,0,0,0,0,50,295,303,98,-0.5,10.3,3.77,0.3
1990,12,23,5,0.8,975.7,89.3,0,0.6,1.3,54,NA,NA,0,0,0,0,0,0,0,30,297,304,98,-0.8,10.1,3.71,0.2
1990,12,23,6,0.9,975.8,88.4,0,0.1,0.7,15,NA,7,0,0,0,0,0,0,0,30,297,303,98,-0.8,10.1,3.69,0.2
1990,12,23,7,0.9,975.8,89.5,0,0.1,1.3,0,NA,NA,4,0,0,0,0,0,0,30,298,304,98,-0.6,10.2,3.74,0.3
1990,12,23,8,1.3,976.1,88,0,0.3,1.1,105,NA,NA,27,27,0,15,15,15,15,30,299,306,98,-0.5,10.8,3.79,0.6
1990,12,23,9,1.8,976.1,86.1,0,0.1,1.4,285,NA,NA,70,70,0,43,46,37,38,30,303,310,98,-0.3,11.4,3.84,1
1990,12,23,10,2.5,975.6,81,0,0.3,1.3,168,NA,NA,134,129,18,92,133,67,67,30,304,313,98,-0.4,12,3.8,1.3
1990,12,23,11,3.2,975.2,80.1,0,0.4,1.4,119,NA,NA,206,160,133,123,331,97,89,30,309,317,98,0.1,13.1,3.95,1.9
1990,12,23,12,3.6,974.7,79.7,0,0.3,0.9,60,NA,7,193,160,98,93,295,124,87,30,310,318,98,0.4,13.7,4.05,2.3
1990,12,23,13,4,974.3,78,0,0.3,2,42,NA,NA,135,128,25,67,140,97,67,30,312,319,98,0.5,14.2,4.07,2.5
1990,12,23,14,3.7,974.3,81.8,0,0.7,1.7,74,NA,NA,69,69,0,37,46,43,37,30,309,316,98,0.9,14.2,4.18,2.5
1990,12,23,15,3.6,974,82.4,0,0.7,2.4,33,NA,NA,18,18,0,10,9,9,10,30,310,315,98,0.9,14.1,4.19,2.5
1990,12,23,16,3.3,973.8,81.6,0,1.2,2.2,25,NA,NA,1,0,0,0,0,0,0,30,307,314,98,0.5,13.5,4.06,2.1
1990,12,23,17,3.1,973.8,82.7,0,0.9,3.5,21,NA,NA,0,0,0,0,0,0,0,30,317,318,98,0.4,13.3,4.06,2
1990,12,23,18,3.1,973.9,82.7,0,0.9,2.9,312,NA,8,1,0,0,0,0,0,0,30,316,318,98,0.4,13.3,4.06,2
1990,12,23,19,2.9,973.7,83.7,0,0.6,1.8,274,NA,NA,0,0,0,0,0,0,0,30,315,316,98,0.4,13,4.05,1.9
1990,12,23,20,2.8,973.3,84.7,0,0.5,1.6,0,NA,NA,1,0,0,0,0,0,0,30,314,315,98,0.5,13,4.07,1.8
1990,12,23,21,2.8,973.2,85.2,0,0.5,1.7,78,NA,NA,0,0,0,0,0,0,0,30,313,315,98,0.6,13.1,4.09,1.9
1990,12,23,22,2.6,973.3,86.1,0,0.8,2.4,150,NA,NA,0,0,0,0,0,0,0,30,312,315,98,0.5,12.8,4.08,1.7
1990,12,23,23,2.6,973.1,85.1,0,0.2,1,60,NA,NA,1,0,0,0,0,0,0,30,313,314,98,0.4,12.7,4.03,1.7
1990,12,24,0,2.1,972.6,88.6,0,0.4,1.2,49,NA,NA,0,0,0,0,0,0,0,30,310,312,98,0.4,12.2,4.05,1.4
1990,12,24,1,2,972.4,88.9,0,0.3,1.2,33,NA,NA,1,0,0,0,0,0,0,30,311,313,98,0.4,12.1,4.04,1.3
1990,12,24,2,2,972.1,87.9,0,0.1,1.1,105,NA,NA,0,0,0,0,0,0,0,30,310,312,98,0.2,12,3.99,1.3
1990,12,24,3,1.9,971.6,88,0,0.3,1.6,285,NA,NA,1,0,0,0,0,0,0,30,310,312,98,0.1,11.8,3.97,1.2
1990,12,24,4,1.8,970.9,87.7,0,0.4,1.2,15,NA,NA,0,0,0,0,0,0,0,30,309,312,98,0,11.6,3.93,1.1
1990,12,24,5,1.7,970.7,88.8,0,0.3,1.3,105,NA,NA,0,0,0,0,0,0,0,30,310,312,98,0.1,11.6,3.95,1
1990,12,24,6,1.6,970.5,89.3,0,0.3,1.1,123,NA,8,0,0,0,0,0,0,0,30,309,312,98,0,11.5,3.95,1
1990,12,24,7,1.6,970.5,89.5,0,0.4,1.9,60,NA,NA,3,0,0,0,0,0,0,30,310,312,98,0.1,11.5,3.96,1
1990,12,24,8,1.9,970.4,88.8,0,0.3,1.4,123,NA,NA,13,13,0,6,6,8,8,30,311,313,98,0.3,11.9,4.01,1.2
1990,12,24,9,2.1,970.7,88.3,0,0.2,0.9,312,NA,NA,30,30,0,15,14,17,18,30,312,315,98,0.4,12.2,4.05,1.4
1990,12,24,10,2.2,970.3,88,0,0.9,2.4,116,NA,NA,59,59,0,33,32,33,33,30,313,317,98,0.4,12.4,4.06,1.5
1990,12,24,11,2.5,969.8,87.3,0,0.4,1.2,33,NA,NA,82,82,0,46,49,45,45,30,313,314,96,0.6,12.8,4.12,1.7
1990,12,24,12,2.5,969.3,87.7,0,0.8,2.2,105,NA,8,58,58,0,33,31,32,33,30,313,314,96,0.7,12.9,4.14,1.7
1990,12,24,13,2.5,969.4,87.6,0,0.9,2,105,NA,NA,49,49,0,28,25,26,28,30,312,313,96,0.7,12.9,4.14,1.7
1990,12,24,14,2.4,969.2,87.9,0,0.7,1.9,136,NA,NA,42,42,0,24,23,23,24,30,313,314,96,0.6,12.7,4.12,1.7
1990,12,24,15,2.4,969.4,87.8,0,0.6,2.2,87,NA,NA,14,14,0,8,6,6,8,30,313,313,96,0.6,12.7,4.12,1.7
1990,12,24,16,2.3,969.6,87.8,0,0.6,1.5,324,NA,NA,0,0,0,0,0,0,0,30,312,312,96,0.5,12.5,4.09,1.6
1990,12,24,17,2.2,970.1,88,0,0.4,1.6,60,NA,NA,1,0,0,0,0,0,0,30,312,312,96,0.4,12.4,4.06,1.5
1990,12,24,18,2.1,970.4,88.9,0,0.5,1.4,78,NA,8,0,0,0,0,0,0,0,30,311,311,96,0.5,12.3,4.07,1.4
1990,12,24,19,2.1,970.7,89.7,0,0.1,1.2,330,NA,NA,1,0,0,0,0,0,0,30,310,310,96,0.6,12.4,4.11,1.5
1990,12,24,20,1.9,970.7,90.3,0,0.7,1.5,316,NA,NA,1,0,0,0,0,0,0,30,310,310,96,0.5,12.1,4.08,1.3
1990,12,24,21,1.9,970.8,89.9,0,1.1,1.8,314,NA,NA,0,0,0,0,0,0,0,30,310,310,96,0.4,12.1,4.06,1.3
1990,12,24,22,1.7,971,91,0,1.1,1.9,323,NA,NA,1,0,0,0,0,0,0,30,309,309,96,0.4,11.8,4.05,1.2
1990,12,24,23,1.7,971,92.1,0,1.2,2.2,290,NA,NA,0,0,0,0,0,0,0,30,309,309,96,0.6,12,4.1,1.2
1990,12,25,0,1.6,971,91.8,0,0.9,1.6,285,NA,NA,1,0,0,0,0,0,0,30,308,308,96,0.4,11.7,4.06,1.1
1990,12,25,1,1.5,971.1,92,0,0.7,1.5,312,NA,NA,1,0,0,0,0,0,0,30,308,308,96,0.3,11.6,4.04,1
1990,12,25,2,1.4,970.7,92.6,0,0.8,2,308,NA,NA,0,0,0,0,0,0,0,30,307,308,96,0.3,11.5,4.04,1
1990,12,25,3,1.6,970.5,90.9,0,2,3.7,265,NA,NA,0,0,0,0,0,0,0,30,309,309,96,0.3,11.6,4.02,1.1
1990,12,25,4,1.3,970.6,90.8,0,1.2,2.9,275,NA,NA,0,0,0,0,0,0,0,30,307,307,96,0,11.1,3.93,0.8
1990,12,25,5,1.2,970.6,91,0,1.1,2.3,334,NA,NA,0,0,0,0,0,0,0,30,297,301,96,-0.1,11,3.91,0.7
1990,12,25,6,0.9,970.9,91.2,0,0.4,1.8,60,NA,8,0,0,0,0,0,0,0,30,296,298,96,-0.4,10.5,3.83,0.4
1990,12,25,7,0.5,970.9,91,0,0.6,1.2,254,NA,NA,1,0,0,0,0,0,0,30,295,296,96,-0.8,9.8,3.71,0
1990,12,25,8,0.6,971.1,90.1,0,1.1,2.4,274,NA,NA,34,34,0,22,21,19,19,30,288,293,96,-0.8,9.8,3.7,0.1
1990,12,25,9,1,970.9,88.4,0,0.9,2.3,262,NA,NA,103,93,46,104,129,50,50,30,289,297,96,-0.7,10.3,3.74,0.3
1990,12,25,10,1.9,970,85.1,0,1.4,3.1,253,NA,NA,148,134,44,113,181,71,71,30,294,304,96,-0.3,11.5,3.85,1
1990,12,25,11,2.6,968.9,82.6,0,2.4,4.5,263,NA,NA,159,150,24,92,163,81,78,30,307,311,96,-0.1,12.4,3.93,1.5
1990,12,25,12,4,967.9,78,0,3.3,5.6,264,NA,7,290,140,440,110,642,189,102,30,312,319,96,0.5,14.3,4.1,2.5
1990,12,25,13,4.4,967,75.9,0,3.4,6.6,264,NA,NA,229,87,481,80,590,293,80,30,310,317,96,0.5,14.7,4.11,2.7
1990,12,25,14,4.1,966.1,76.1,0,3.3,8,275,NA,NA,151,79,340,59,398,304,59,30,259,291,96,0.3,14.2,4.04,2.5
1990,12,25,15,3.6,965.4,76.2,0,3.6,6.4,253,NA,NA,32,32,5,18,25,26,18,30,256,285,96,-0.2,13.4,3.9,2
1990,12,25,16,3.7,964.7,72.5,0,3.6,6.3,255,NA,NA,0,0,0,0,0,0,0,30,255,284,96,-0.8,13.1,3.74,1.9
1990,12,25,17,3.3,964.1,74.3,0,5.3,10.1,256,NA,NA,0,0,0,0,0,0,0,30,264,289,96,-0.8,12.7,3.73,1.6
1990,12,25,18,3,963.7,75.3,0,4.6,7.7,261,NA,7,0,0,0,0,0,0,0,30,260,286,96,-0.9,12.3,3.7,1.4
1990,12,25,19,4.1,963.3,70.3,0,4.2,7.7,231,NA,NA,0,0,0,0,0,0,0,30,266,292,96,-0.8,13.5,3.74,2.1
1990,12,25,20,5.1,963.4,66.1,0,3.9,8.6,225,NA,NA,0,0,0,0,0,0,0,30,323,323,96,-0.7,14.6,3.77,2.7
1990,12,25,21,5.6,963.1,64.5,0,5.9,10,240,NA,NA,0,0,0,0,0,0,0,30,327,327,96,-0.6,15.2,3.81,3
1990,12,25,22,4.1,963.5,81.9,0.9,7.5,13.2,247,NA,NA,0,0,0,0,0,0,0,30,319,319,96,1.3,15,4.36,2.9
1990,12,25,23,3.4,964.4,88.8,2.7,5.1,8.1,251,NA,NA,0,0,0,0,0,0,0,30,291,303,96,1.7,14.7,4.5,2.7
1990,12,26,0,2.8,964.5,89.2,1.5,4.5,7.7,252,NA,NA,0,0,0,0,0,0,0,30,289,301,96,1.2,13.6,4.33,2.1
1990,12,26,1,2.8,964.6,88.8,1,3.3,6.9,258,NA,NA,0,0,0,0,0,0,0,30,289,301,96,1.1,13.6,4.31,2.1
1990,12,26,2,2.7,964.7,90.2,1.5,3.8,6.1,260,NA,NA,0,0,0,0,0,0,0,30,263,289,96,1.3,13.6,4.34,2.1
1990,12,26,3,2.8,964.8,90.3,0.9,4.2,7.7,247,NA,NA,0,0,0,0,0,0,0,30,264,289,96,1.4,13.8,4.38,2.2
1990,12,26,4,3.2,965.4,87.4,0.1,4.5,9.7,226,NA,NA,0,0,0,0,0,0,0,30,265,290,96,1.3,14.1,4.36,2.4
1990,12,26,5,3.5,966.3,85,0,3,7.3,207,NA,NA,0,0,0,0,0,0,0,30,276,294,96,1.2,14.3,4.32,2.5
1990,12,26,6,3.5,967,78.1,0,1.8,5,216,NA,4,0,0,0,0,0,0,0,30,274,291,96,0.1,13.4,3.97,2.1
1990,12,26,7,3.6,967.5,72.9,0,2.8,6,228,NA,NA,3,0,0,0,0,0,0,30,272,289,96,-0.8,12.9,3.73,1.8
1990,12,26,8,3.3,968,75.8,0,2.2,5.4,238,NA,NA,73,35,343,314,302,32,32,30,253,281,96,-0.6,12.8,3.79,1.7
1990,12,26,9,4,968.8,80.5,0,2.7,3.9,258,NA,NA,193,60,591,428,602,66,65,30,262,292,96,1,14.6,4.23,2.7
1990,12,26,10,5.7,968.6,68.4,0,3.7,5.8,253,NA,NA,288,60,748,359,813,85,84,30,266,299,96,0.3,15.9,4.05,3.4
1990,12,26,11,6.3,968.1,59.9,0,4.7,7.1,247,NA,NA,335,62,789,186,894,98,93,30,266,301,96,-0.9,15.6,3.69,3.3
1990,12,26,12,6.6,967,58.6,0,4.4,6.7,242,NA,1,336,63,797,97,900,215,93,30,264,302,96,-0.9,15.9,3.69,3.4
1990,12,26,13,6.5,966,61.1,0,3.9,6.2,234,NA,NA,277,60,733,82,790,376,82,30,266,302,96,-0.4,16.1,3.83,3.6
1990,12,26,14,6.2,965.3,61.8,0,5.4,7.8,244,NA,NA,192,88,491,68,540,407,68,30,264,298,96,-0.6,15.8,3.8,3.3
1990,12,26,15,4.8,964.4,67,0,4.9,8.3,252,NA,NA,47,37,100,25,121,131,25,30,257,289,96,-0.8,14.2,3.74,2.5
1990,12,26,16,4.2,963.9,70.4,0,4.8,7,252,NA,NA,2,0,0,0,0,0,0,30,257,289,96,-0.7,13.7,3.77,2.2
1990,12,26,17,4.2,963.9,70.2,0,5.4,9.3,250,NA,NA,0,0,0,0,0,0,0,30,275,299,96,-0.7,13.6,3.76,2.2
1990,12,26,18,4.3,964.1,69.8,0,6.3,9.7,248,NA,8,0,0,0,0,0,0,0,30,275,298,96,-0.7,13.7,3.76,2.2
1990,12,26,19,5.3,963.9,61,0,6.1,12.5,238,NA,NA,0,0,0,0,0,0,0,30,279,301,96,-1.6,14.2,3.52,2.5
1990,12,26,20,4.1,963.4,74.8,0.6,8.3,14.9,248,NA,NA,0,0,0,0,0,0,0,30,263,291,96,0,14.1,3.98,2.4
1990,12,26,21,2.2,962.6,90.8,1.7,7.1,13.1,273,NA,NA,0,0,0,0,0,0,0,30,261,287,96,0.9,12.8,4.23,1.7
1990,12,26,22,2.7,962.4,91.9,0.4,7.2,12,272,NA,NA,0,0,0,0,0,0,0,30,265,290,96,1.5,13.8,4.44,2.2
1990,12,26,23,3.4,962.3,91.8,0.1,7.3,11.1,266,NA,NA,0,0,0,0,0,0,0,30,259,289,96,2.2,15.1,4.66,2.9
1990,12,27,0,3.8,962.4,91.9,0.2,7.1,13.1,263,NA,NA,0,0,0,0,0,0,0,30,262,291,96,2.6,15.8,4.8,3.3
1990,12,27,1,4.2,962.1,90.9,0.2,6.8,10.9,250,NA,NA,1,0,0,0,0,0,0,30,263,292,96,2.8,16.5,4.88,3.6
1990,12,27,2,4.9,961.6,86.4,0.2,8,12,245,NA,NA,0,0,0,0,0,0,0,30,283,303,96,2.8,17.1,4.88,4
1990,12,27,3,5.3,961.4,85.4,0.4,8.2,13,244,NA,NA,1,0,0,0,0,0,0,30,284,304,96,3.1,17.8,4.96,4.3
1990,12,27,4,5.2,961.1,87.5,1,8.2,11.7,250,NA,NA,0,0,0,0,0,0,0,30,284,304,96,3.3,17.9,5.05,4.3
1990,12,27,5,5.2,962.2,87.5,0.4,6.6,10.8,246,NA,NA,0,0,0,0,0,0,0,14,327,327,96,3.3,17.9,5.04,4.3
1990,12,27,6,5.6,962.9,85.5,0,5.2,9.6,230,NA,8,0,0,0,0,0,0,0,14,330,330,96,3.4,18.3,5.06,4.6
1990,12,27,7,6.5,963.7,77,0,6.4,10.7,238,NA,NA,4,0,0,0,0,0,0,14,333,333,96,2.8,18.7,4.85,4.8
1990,12,27,8,6.6,964.7,71.7,0,5.1,11.7,249,NA,NA,23,23,0,10,10,11,11,14,324,325,96,1.9,18,4.54,4.5
1990,12,27,9,7.1,965.4,66.5,0,3.7,6.8,230,NA,NA,71,71,0,38,41,32,32,14,325,327,96,1.3,18.1,4.35,4.5
1990,12,27,10,7.4,965.8,66.7,0,4.7,9.3,228,NA,NA,102,102,0,53,62,45,46,14,328,331,96,1.6,18.6,4.45,4.8
1990,12,27,11,8.1,965.8,64.2,0,4.5,8.8,234,NA,NA,178,146,93,95,253,72,67,14,335,337,96,1.8,19.4,4.5,5.2
1990,12,27,12,8.6,965.9,57.7,0,5.5,10.5,232,NA,7,261,145,339,85,525,148,77,14,327,334,96,0.7,19.1,4.18,5.1
1990,12,27,13,7.3,966,72.1,0.1,3,10.5,234,NA,NA,176,122,182,61,319,166,61,14,333,333,96,2.6,19.3,4.78,5.1
1990,12,27,14,7.9,966.8,60.1,0,6.5,10.7,244,NA,NA,159,85,344,49,395,297,49,14,300,318,96,0.6,18.4,4.15,4.7
1990,12,27,15,7.5,966.9,58.2,0,4.5,8.5,234,NA,NA,30,30,0,14,16,16,14,14,297,315,96,-0.2,17.3,3.9,4.2
1990,12,27,16,7.1,967.7,61.4,0,3.7,7.3,227,NA,NA,1,0,0,0,0,0,0,14,296,314,96,0.2,17.2,4,4.1
1990,12,27,17,6.2,968.5,69.2,0,4.8,10,235,NA,NA,1,0,0,0,0,0,0,14,267,294,94,1,16.9,4.24,3.9
1990,12,27,18,5.9,968.9,69,0.1,4.5,8.5,224,NA,7,0,0,0,0,0,0,0,14,264,292,94,0.7,16.3,4.14,3.6
1990,12,27,19,5.6,969.3,71.3,0,3.9,7,232,NA,NA,1,0,0,0,0,0,0,14,264,292,94,0.8,16.1,4.19,3.5
1990,12,27,20,5.1,970.2,77.3,0,5.1,9.8,244,NA,NA,0,0,0,0,0,0,0,14,273,294,94,1.5,16.1,4.38,3.5
1990,12,27,21,4.6,971,82.3,0.1,4.1,9.7,232,NA,NA,0,0,0,0,0,0,0,14,270,291,94,1.8,15.9,4.5,3.4
1990,12,27,22,4.3,971.2,79.3,0,3,7.6,230,NA,NA,0,0,0,0,0,0,0,14,269,288,94,1,15,4.25,2.9
1990,12,27,23,4.2,971.6,75.9,0,1.8,4.3,254,NA,NA,1,0,0,0,0,0,0,14,283,294,94,0.3,14.3,4.03,2.6
1990,12,28,0,4,971.8,75.4,0,1.9,4.6,231,NA,NA,1,0,0,0,0,0,0,14,283,296,94,0.1,13.9,3.95,2.4
1990,12,28,1,3,972.1,82.3,0,2,3.8,282,NA,NA,1,0,0,0,0,0,0,14,279,293,94,0.3,13.1,4.01,1.9
1990,12,28,2,2.2,972.7,85.6,0,1.5,3.1,251,NA,NA,0,0,0,0,0,0,0,14,266,283,94,0,12.1,3.94,1.3
1990,12,28,3,2.5,972.7,82.3,0,1.5,4.6,229,NA,NA,1,0,0,0,0,0,0,14,272,284,94,-0.2,12.2,3.87,1.4
1990,12,28,4,1.3,972.7,87,0,0.7,2.6,312,NA,NA,0,0,0,0,0,0,0,14,260,275,94,-0.6,10.7,3.76,0.5
1990,12,28,5,0.9,972.7,88.7,0,0.3,1.6,195,NA,NA,0,0,0,0,0,0,0,14,236,265,96,-0.7,10.2,3.72,0.3
1990,12,28,6,0.1,972.7,90.7,0,0.3,1.7,330,NA,3,0,0,0,0,0,0,0,14,233,265,96,-1.2,9,3.59,-0.4
1990,12,28,7,0.3,973.3,90.5,0,0.3,1.4,195,NA,NA,4,0,0,0,0,0,0,14,232,263,96,-1.1,9.4,3.63,-0.2
1990,12,28,8,0,973.3,90.8,0,0.4,1.3,285,NA,NA,66,41,226,228,217,25,26,14,235,267,96,-1.3,8.9,3.56,-0.5
1990,12,28,9,2.5,973.2,82.7,0,0.7,1.6,4,NA,NA,188,68,532,386,543,49,49,14,247,280,96,-0.1,12.2,3.89,1.4
1990,12,28,10,4.2,972.9,76.2,0,1.4,2.8,240,NA,NA,251,84,547,280,631,62,62,14,252,289,96,0.4,14.3,4.04,2.6
1990,12,28,11,4.6,972.2,74.9,0,1.7,3,249,NA,NA,292,120,497,148,653,81,73,14,263,297,96,0.5,14.9,4.09,2.9
1990,12,28,12,4.9,971.7,70.2,0,2.4,4.2,240,NA,3,183,155,81,73,230,94,68,14,261,294,96,-0.1,14.7,3.92,2.8
1990,12,28,13,4.9,971.5,72,0,2.6,4.1,248,NA,NA,154,133,69,59,190,111,58,14,262,294,96,0.3,15,4.02,2.9
1990,12,28,14,4.7,971.5,73.1,0,3.2,5.1,265,NA,NA,127,96,146,47,235,180,47,14,313,318,96,0.3,14.8,4.02,2.8
1990,12,28,15,4,971.5,75.3,0,2.9,4.4,251,NA,NA,38,36,24,18,50,53,18,14,310,313,96,0,13.9,3.94,2.3
1990,12,28,16,3.2,970.6,78.6,0,2.7,5,257,NA,NA,1,0,0,0,0,0,0,14,305,308,96,-0.2,13,3.89,1.8
1990,12,28,17,3.3,970.9,76.5,0,4.4,7,254,NA,NA,1,0,0,0,0,0,0,14,308,311,96,-0.4,12.9,3.82,1.8
1990,12,28,18,3.3,971.3,76.4,0,3.8,6.4,262,NA,7,0,0,0,0,0,0,0,14,307,311,96,-0.4,12.8,3.81,1.8
1990,12,28,19,3.4,971.2,74.9,0,2.7,4.7,249,NA,NA,0,0,0,0,0,0,0,14,309,311,96,-0.6,12.8,3.76,1.8
1990,12,28,20,4,972.1,70.4,0,3.4,7,258,NA,NA,0,0,0,0,0,0,0,14,274,296,96,-0.9,13.2,3.68,2
1990,12,28,21,4,972.6,71.2,0,3.3,6.4,251,NA,NA,0,0,0,0,0,0,0,14,274,297,96,-0.7,13.3,3.72,2.1
1990,12,28,22,3.7,972.4,76,0.1,2.6,4.7,269,NA,NA,0,0,0,0,0,0,0,14,275,295,96,-0.1,13.5,3.89,2.1
1990,12,28,23,4.3,972.2,72.1,0.2,3.6,6.6,279,NA,NA,0,0,0,0,0,0,0,14,318,318,96,-0.3,14,3.85,2.4
1990,12,29,0,3.8,971.7,81.7,0.3,3.3,6.3,264,NA,NA,0,0,0,0,0,0,0,14,319,319,96,1,14.4,4.22,2.6
1990,12,29,1,4.3,971.9,81.6,0,4,7.2,261,NA,NA,0,0,0,0,0,0,0,14,323,323,96,1.4,15.3,4.37,3
1990,12,29,2,4.9,971.3,79.5,0,3.8,7.1,255,NA,NA,0,0,0,0,0,0,0,14,316,319,96,1.7,16.1,4.44,3.5
1990,12,29,3,5.4,971.2,68.9,0,3.9,6.9,238,NA,NA,1,0,0,0,0,0,0,14,318,321,96,0.2,15.4,3.98,3.2
1990,12,29,4,5.9,971.1,66.3,0,4.5,10.2,250,NA,NA,1,0,0,0,0,0,0,14,320,323,96,0.1,15.9,3.97,3.4
1990,12,29,5,5,971,75.2,0.3,4.5,9.3,251,NA,NA,0,0,0,0,0,0,0,14,289,305,96,1,15.6,4.23,3.3
1990,12,29,6,5.2,971,81.7,0.5,4.3,8.3,263,NA,8,0,0,0,0,0,0,0,14,291,306,96,2.3,16.9,4.66,3.9
1990,12,29,7,5.2,971.7,84.7,1.2,5.9,11.8,258,NA,NA,1,0,0,0,0,0,0,14,293,308,96,2.8,17.3,4.83,4.1
1990,12,29,8,6,972.2,84.1,0.1,6.3,10.3,248,NA,NA,6,6,0,2,2,3,3,14,330,330,96,3.5,18.8,5.07,4.8
1990,12,29,9,6.5,972.3,83.4,0,6.1,10.6,258,NA,NA,22,22,0,9,8,11,11,14,334,334,96,3.9,19.6,5.21,5.3
1990,12,29,10,7.2,971.7,80.9,0,5.4,9.5,260,NA,NA,86,86,0,43,48,39,40,14,339,339,96,4.1,20.6,5.3,5.7
1990,12,29,11,8.2,970.9,78.5,0.1,5.1,7.7,249,NA,NA,89,89,0,43,48,41,42,14,345,345,96,4.7,22.1,5.52,6.5
1990,12,29,12,8.9,970.6,76.5,0,6.6,10.6,255,NA,7,150,130,57,63,171,77,60,14,321,334,96,5,23.1,5.64,7
1990,12,29,13,9.2,970.5,73.7,0,7.2,10.7,242,NA,NA,191,119,239,62,368,186,61,14,323,335,96,4.8,23.2,5.54,7
1990,12,29,14,9.9,970.9,72.9,0,7.7,11.1,251,NA,NA,191,90,468,53,508,377,53,14,305,328,96,5.3,24.4,5.75,7.6
1990,12,29,15,9.1,970.8,75.8,0,6.5,9.3,258,NA,NA,45,30,147,19,143,154,19,14,304,323,96,5.1,23.4,5.66,7.1
1990,12,29,16,9.5,970.7,74,0,8.7,13.1,262,NA,NA,3,0,0,0,0,0,0,14,304,325,96,5.1,23.8,5.68,7.3
1990,12,29,17,9.1,971.1,75.1,0,7.7,12,260,NA,NA,0,0,0,0,0,0,0,14,283,313,96,4.9,23.3,5.61,7
1990,12,29,18,8.2,971.8,78.2,0,6.1,9.5,257,NA,3,0,0,0,0,0,0,0,14,278,308,96,4.6,22,5.49,6.4
1990,12,29,19,8.7,972.2,75.2,0,5.9,8.3,240,NA,NA,0,0,0,0,0,0,0,14,283,309,96,4.6,22.5,5.46,6.7
1990,12,29,20,7.6,972.6,79.8,0,6.3,9.1,246,NA,NA,0,0,0,0,0,0,0,14,270,302,96,4.3,21.1,5.37,6
1990,12,29,21,7.3,972.8,80.8,0,5.2,7.4,246,NA,NA,0,0,0,0,0,0,0,14,268,301,96,4.2,20.7,5.33,5.8
1990,12,29,22,7.5,973.1,80.7,0,5.1,7.6,258,NA,NA,0,0,0,0,0,0,0,14,269,303,96,4.4,21.1,5.39,6
1990,12,29,23,7.2,973.4,81.1,0,5.3,7.1,252,NA,NA,0,0,0,0,0,0,0,14,286,308,96,4.2,20.6,5.31,5.8
1990,12,30,0,7.4,973.8,79.8,0,5.9,9,255,NA,NA,0,0,0,0,0,0,0,14,284,308,96,4.1,20.7,5.29,5.8
1990,12,30,1,7.6,974.2,78.5,0,4.8,8.3,243,NA,NA,0,0,0,0,0,0,0,14,289,310,96,4.1,20.9,5.27,5.9
1990,12,30,2,7.5,974.5,79.4,0,3,6.5,245,NA,NA,0,0,0,0,0,0,0,14,277,303,96,4.2,20.8,5.3,5.9
1990,12,30,3,7.8,974.5,79.1,0,1.4,3.6,267,NA,NA,0,0,0,0,0,0,0,14,285,303,96,4.4,21.4,5.39,6.2
1990,12,30,4,8.3,975.1,78.1,0,2.6,4.9,262,NA,NA,1,0,0,0,0,0,0,14,280,301,96,4.7,22.2,5.5,6.5
1990,12,30,5,8.1,975.2,78.2,0,3.7,6.5,243,NA,NA,0,0,0,0,0,0,0,14,279,302,94,4.5,21.8,5.43,6.4
1990,12,30,6,7.2,975.8,81.5,0,1.7,4.2,242,NA,7,1,0,0,0,0,0,0,14,276,295,94,4.3,20.6,5.32,5.8
1990,12,30,7,7.1,975.7,82,0,1.7,4,240,NA,NA,1,0,0,0,0,0,0,14,275,297,94,4.2,20.5,5.32,5.7
1990,12,30,8,6.7,975.8,83.6,0,0.8,3.4,319,NA,NA,41,39,21,46,44,18,18,14,280,300,94,4.1,20,5.27,5.5
1990,12,30,9,8.2,976.1,78.9,0,2.3,4.3,290,NA,NA,85,83,7,57,65,37,37,14,283,308,94,4.8,22.1,5.51,6.5
1990,12,30,10,9,976,77.3,0,2.2,5,244,NA,NA,90,90,0,45,51,41,41,14,287,312,94,5.2,23.4,5.7,7.1
1990,12,30,11,9.3,975.5,75.8,0,2.3,5.9,255,NA,NA,68,68,0,33,32,32,32,14,288,313,94,5.3,23.7,5.71,7.3
1990,12,30,12,9.4,975.3,75.4,0,1.9,5,276,NA,8,77,77,0,37,38,36,36,14,287,314,94,5.3,23.8,5.72,7.4
1990,12,30,13,9.5,974.9,75.8,0,2.3,4.2,267,NA,NA,100,100,0,46,61,51,45,14,289,315,94,5.4,24.1,5.79,7.4
1990,12,30,14,9.8,975.2,75.4,0,3.3,5.4,264,NA,NA,56,56,0,26,28,27,26,14,289,315,94,5.7,24.7,5.88,7.7
1990,12,30,15,10.1,975.4,74.7,0,3.5,6.1,239,NA,NA,21,21,0,10,9,9,10,14,293,317,94,5.8,25.1,5.94,7.9
1990,12,30,16,9.4,975.5,78.3,0,2.8,5.1,274,NA,NA,2,0,0,0,0,0,0,14,286,311,94,5.8,24.4,5.94,7.6
1990,12,30,17,8.6,975.7,81,0,2.5,4.8,271,NA,NA,1,0,0,0,0,0,0,14,291,312,94,5.5,23.3,5.82,7.1
1990,12,30,18,8.5,975.6,81.6,0,0.4,2.4,299,NA,7,2,0,0,0,0,0,0,14,290,310,94,5.5,23.2,5.83,7
1990,12,30,19,7.8,975.6,85.7,0,0.5,1.2,240,NA,NA,1,0,0,0,0,0,0,14,291,309,94,5.6,22.5,5.83,6.7
1990,12,30,20,8.2,975.7,84.5,0,0.9,1.7,222,NA,NA,3,0,0,0,0,0,0,14,332,332,94,5.7,23.1,5.91,7
1990,12,30,21,7.8,975.6,87.2,0,0.4,1.3,195,NA,NA,1,0,0,0,0,0,0,14,332,332,94,5.8,22.8,5.94,6.8
1990,12,30,22,7.7,975.7,87.7,0,0.8,2.4,269,NA,NA,2,0,0,0,0,0,0,14,332,332,94,5.8,22.6,5.93,6.8
1990,12,30,23,7.9,975.2,83.8,0,1.4,3.5,258,NA,NA,1,0,0,0,0,0,0,14,304,314,94,5.3,22.4,5.75,6.6
1990,12,31,0,6.7,974.7,88.8,0,0.4,1.3,240,NA,NA,0,0,0,0,0,0,0,14,296,305,94,5,20.8,5.61,5.9
1990,12,31,1,5.4,974.8,92.1,0,0.3,1.6,150,NA,NA,1,0,0,0,0,0,0,14,295,302,94,4.2,18.8,5.31,4.8
1990,12,31,2,5.1,974.3,91.5,0,0.3,1.3,258,NA,NA,2,0,0,0,0,0,0,14,284,297,94,3.8,18.1,5.17,4.5
1990,12,31,3,4.6,974,94.6,0,0.4,1.8,33,NA,NA,0,0,0,0,0,0,0,14,285,297,94,3.8,17.6,5.16,4.2
1990,12,31,4,5.2,973.7,91.5,0,0.2,1.7,240,NA,NA,2,0,0,0,0,0,0,14,284,299,94,3.9,18.3,5.21,4.6
1990,12,31,5,5,973.6,93.2,0,0.7,1.7,42,NA,NA,1,0,0,0,0,0,0,14,285,304,96,4,18.2,5.24,4.5
1990,12,31,6,5.6,973.4,93.4,0.1,0.5,1.7,132,NA,8,0,0,0,0,0,0,0,14,289,307,96,4.6,19.4,5.47,5.1
1990,12,31,7,5.5,973,95.7,0.3,0.7,1.6,66,NA,NA,1,0,0,0,0,0,0,14,287,307,96,4.9,19.5,5.57,5.2
1990,12,31,8,5.7,972.9,95.5,0.1,0.5,1.4,52,NA,NA,15,15,0,5,6,7,8,14,305,317,96,5,19.9,5.64,5.4
1990,12,31,9,6.1,973.2,95,0.5,0.2,1.4,168,NA,NA,26,26,0,11,10,13,13,14,308,320,96,5.4,20.6,5.77,5.8
1990,12,31,10,6.5,973.2,94.4,1.5,0.5,1.5,258,NA,NA,38,38,0,18,15,19,19,14,309,321,96,5.7,21.3,5.89,6.1
1990,12,31,11,6.6,972.7,94.1,1.6,0.7,3.2,277,NA,NA,39,39,0,19,15,19,20,14,311,323,96,5.7,21.5,5.92,6.2
1990,12,31,12,6.9,972.2,93,1,3.5,5.5,252,NA,8,36,36,0,18,14,17,18,14,311,323,96,5.8,21.9,5.97,6.4
1990,12,31,13,7.5,971.7,92.4,1.1,2.5,4.4,238,NA,NA,38,38,0,19,15,17,19,14,316,327,96,6.3,23.1,6.19,6.9
1990,12,31,14,8.1,971.5,92.1,0.7,2.6,5.1,232,NA,NA,29,29,0,15,11,12,14,14,317,328,96,6.9,24.3,6.43,7.5
1990,12,31,15,7.6,971.3,94.1,0.2,2.3,4.6,262,NA,NA,11,11,0,6,4,3,6,14,313,325,96,6.7,23.6,6.35,7.1
1990,12,31,16,7.4,971.2,93.8,0.5,2.1,3.8,262,NA,NA,0,0,0,0,0,0,0,14,311,324,96,6.5,23.2,6.26,6.9
1990,12,31,17,7.4,971.1,93.9,0.7,1.6,3,267,NA,NA,1,0,0,0,0,0,0,14,309,322,96,6.5,23.1,6.25,6.9
1990,12,31,18,7.5,971.2,92.8,0.7,3.4,6.5,250,NA,8,0,0,0,0,0,0,0,14,308,322,96,6.5,23.2,6.24,7
1990,12,31,19,7.6,971.3,91.9,0.3,2,4,257,NA,NA,1,0,0,0,0,0,0,14,307,321,96,6.3,23.1,6.18,6.9
1990,12,31,20,6.9,971.6,90.4,0.1,2,4.7,199,NA,NA,0,0,0,0,0,0,0,14,305,318,96,5.4,21.8,5.91,6.2
1990,12,31,21,5.7,972.1,87.9,0,0.8,3.1,49,NA,NA,0,0,0,0,0,0,0,14,294,310,96,3.9,19.5,5.46,4.9
1990,12,31,22,4.5,972.6,85.8,0,1.7,3.5,247,NA,NA,1,0,0,0,0,0,0,14,289,305,96,2.4,17.2,5.02,3.7
1990,12,31,23,2.8,973.3,82.9,0.8,1.7,6.9,281,NA,NA,0,0,0,0,0,0,0,14,282,297,96,0.2,13.8,4.39,1.8