time.yy,time.mm,time.dd,time.hh,tre200h0,prestahs,ure200h0,rre150h0,fkl010h0,fkl010h1,dkl010h0,tso100hs,nto000sw,gls,str.diffus,str.direkt,str.vert.E,str.vert.S,str.vert.W,str.vert.N,bodenalbedo,ir.horizontal,ir.vertikal.S,bodenemissivitaet,dewpt,enthalpy,mixratio,wetbulb
1988,1,1,0,5.3,966.5,92.8,0,0.3,1.9,135,NA,NA,1,0,0,0,0,0,0,14,310,317,94,4.2,18.7,5.35,4.8
1988,1,1,1,5,966.5,93.6,0,0.2,1.6,315,NA,NA,0,0,0,0,0,0,0,14,315,320,94,4.1,18.3,5.29,4.6
1988,1,1,2,4.8,966.6,94.4,0.1,0.1,0.8,90,NA,NA,0,0,0,0,0,0,0,14,318,321,94,4,18,5.26,4.4
1988,1,1,3,4.6,966.7,94.9,0.1,0.6,1.5,349,NA,NA,0,0,0,0,0,0,0,14,322,323,94,3.9,17.8,5.23,4.3
1988,1,1,4,4.6,966.8,95.1,0.1,0.5,1.6,11,NA,NA,0,0,0,0,0,0,0,14,324,324,94,3.9,17.7,5.23,4.3
1988,1,1,5,4.7,967.1,95.1,0.1,0.1,1.6,270,NA,NA,0,0,0,0,0,0,0,14,324,324,96,4,17.9,5.26,4.4
1988,1,1,6,4.8,967.4,95.1,0.2,0.2,1.6,270,NA,8,0,0,0,0,0,0,0,14,324,324,96,4.1,18,5.29,4.5
1988,1,1,7,4.9,967.8,95.2,0.6,0.5,1.9,256,NA,NA,0,0,0,0,0,0,0,14,323,324,96,4.2,18.2,5.33,4.6
1988,1,1,8,4.9,968.1,95.2,0.1,0.5,1.5,326,NA,NA,4,4,0,1,1,2,2,14,317,320,96,4.2,18.3,5.34,4.6
1988,1,1,9,5.3,968.5,95.6,0,0.3,2,342,NA,NA,25,25,0,10,9,12,13,14,320,322,96,4.7,19.2,5.52,5
1988,1,1,10,6,968.5,95.7,0,0.5,2.5,360,NA,NA,61,61,0,29,29,29,29,14,326,327,96,5.4,20.6,5.8,5.7
1988,1,1,11,7.3,968.5,96.7,0,0.2,1.4,45,NA,NA,144,130,39,75,153,62,59,14,331,334,96,6.8,23.5,6.41,7
1988,1,1,12,8.3,968.2,82.7,0,1.2,4.2,167,NA,6,218,151,191,81,376,120,73,14,324,335,96,5.5,23.1,5.87,6.9
1988,1,1,13,8.6,968.3,72,0,2.5,5.8,192,NA,NA,165,127,126,60,252,136,60,14,325,334,96,3.8,21.7,5.21,6.3
1988,1,1,14,8.9,968.5,65,0,3.8,6.9,193,NA,NA,202,110,415,58,476,353,58,14,287,318,96,2.7,21,4.79,6
1988,1,1,15,7.7,968.9,68.1,0,3.6,6.4,205,NA,NA,57,40,164,23,166,178,23,14,282,308,96,2.2,19.4,4.63,5.2
1988,1,1,16,6.8,969.3,74.6,0,2.5,5.5,192,NA,NA,0,0,0,0,0,0,0,14,281,304,96,2.6,18.8,4.76,4.9
1988,1,1,17,6,969.3,79.9,0,2,3.9,195,NA,NA,0,0,0,0,0,0,0,14,267,295,96,2.8,18.1,4.83,4.5
1988,1,1,18,5.4,969.4,86.7,0,1.7,3.4,230,NA,6,0,0,0,0,0,0,0,14,270,296,96,3.4,18,5.03,4.5
1988,1,1,19,5.4,969.2,89.3,0,2.4,4.9,234,NA,NA,0,0,0,0,0,0,0,14,268,296,96,3.8,18.4,5.18,4.7
1988,1,1,20,5.3,969.1,89.3,0,1.4,3,225,NA,NA,0,0,0,0,0,0,0,14,317,318,96,3.7,18.2,5.15,4.6
1988,1,1,21,5.2,968.7,87.6,0,2.8,4.3,231,NA,NA,0,0,0,0,0,0,0,14,319,319,96,3.3,17.8,5.01,4.3
1988,1,1,22,5.4,969,85.8,0,3.1,4.7,229,NA,NA,0,0,0,0,0,0,0,14,318,320,96,3.2,17.9,4.98,4.4
1988,1,1,23,5.6,968.6,85.4,0,1.6,3,215,NA,NA,0,0,0,0,0,0,0,14,304,314,96,3.3,18.2,5.03,4.5
1988,1,2,0,5.8,968.5,84.1,0,1.4,4.4,219,NA,NA,0,0,0,0,0,0,0,14,305,315,96,3.3,18.4,5.02,4.6
1988,1,2,1,6.1,968.6,80.4,0,3.6,6.1,217,NA,NA,0,0,0,0,0,0,0,14,305,316,96,3,18.4,4.9,4.7
1988,1,2,2,6.2,968.3,77.8,0,3.8,6.8,235,NA,NA,0,0,0,0,0,0,0,14,313,320,96,2.6,18.2,4.77,4.6
1988,1,2,3,6,967.7,79.6,0,3.9,5.8,236,NA,NA,1,0,0,0,0,0,0,14,313,320,96,2.7,18.1,4.82,4.5
1988,1,2,4,6.1,967.2,79.2,0,3.2,5.4,220,NA,NA,0,0,0,0,0,0,0,14,313,320,96,2.8,18.3,4.83,4.6
1988,1,2,5,6.5,966.7,75.6,0,3.2,5.5,210,NA,NA,0,0,0,0,0,0,0,14,332,332,94,2.5,18.4,4.74,4.7
1988,1,2,6,6.8,966.6,71.7,0,4,6.5,232,NA,8,2,0,0,0,0,0,0,14,334,334,94,2.1,18.4,4.59,4.7
1988,1,2,7,6.9,966.7,71.2,0,3.1,7,236,NA,NA,3,0,0,0,0,0,0,14,335,335,94,2.1,18.5,4.59,4.7
1988,1,2,8,7.5,966.6,69.2,0,2.7,5,218,NA,NA,49,42,65,100,94,22,22,14,330,330,94,2.2,19.2,4.65,5.1
1988,1,2,9,8.6,966.2,65.7,0,3.6,6.2,224,NA,NA,147,80,293,261,353,47,47,14,336,336,94,2.6,20.6,4.76,5.8
1988,1,2,10,9.3,965,64.2,0,5.3,8.5,226,NA,NA,168,136,104,135,246,62,62,14,337,338,94,2.9,21.6,4.88,6.3
1988,1,2,11,9.7,964,63.2,0,5.8,9.4,226,NA,NA,192,155,106,103,278,76,70,14,303,327,96,3,22.2,4.94,6.5
1988,1,2,12,10.5,963.1,60.2,0,5.9,9.7,242,NA,6,237,143,268,80,441,127,73,14,308,333,96,3.1,23.1,4.97,6.9
1988,1,2,13,11.2,962,59.2,0,6.2,9.7,236,NA,NA,174,127,153,63,299,157,62,14,308,334,96,3.5,24.2,5.13,7.4
1988,1,2,14,10.9,961.5,60.7,0,5.9,10.9,223,NA,NA,50,50,0,24,24,23,24,14,318,336,96,3.6,24,5.16,7.3
1988,1,2,15,11.1,961,61.7,0,5.7,9.4,229,NA,NA,7,7,0,4,2,2,4,14,320,335,96,4,24.6,5.32,7.6
1988,1,2,16,11.7,960.6,57.9,0,7.3,11.9,215,NA,NA,1,0,0,0,0,0,0,14,319,337,96,3.7,24.9,5.2,7.8
1988,1,2,17,11.9,960.2,57,0,7.7,13,211,NA,NA,0,0,0,0,0,0,0,14,346,349,96,3.7,25,5.18,7.9
1988,1,2,18,11.2,959.1,61.5,0,7.7,12.3,233,NA,8,0,0,0,0,0,0,0,14,346,350,96,4.1,24.7,5.35,7.7
1988,1,2,19,10.1,959.2,71.5,0.5,8.2,12.4,226,NA,NA,0,0,0,0,0,0,0,14,340,343,96,5.2,24.7,5.78,7.6
1988,1,2,20,9.7,958.3,79.3,0.1,6.3,10.1,214,NA,NA,0,0,0,0,0,0,0,14,343,343,96,6.3,25.5,6.25,8
1988,1,2,21,10.1,959.8,76.5,0.9,8.5,15.1,211,NA,NA,0,0,0,0,0,0,0,14,343,343,96,6.2,25.7,6.19,8.1
1988,1,2,22,10.8,959.8,64.1,0.5,9.1,19.7,206,NA,NA,0,0,0,0,0,0,0,14,345,345,96,4.3,24.5,5.43,7.6
1988,1,2,23,10.3,961.1,57.3,0,8.9,16.6,231,NA,NA,0,0,0,0,0,0,0,14,337,340,96,2.2,22.1,4.68,6.5
1988,1,3,0,9.2,961.6,55.4,0,5.9,11.4,225,NA,NA,0,0,0,0,0,0,0,14,288,312,96,0.7,19.8,4.2,5.4
1988,1,3,1,9,961,53.8,0,4.1,9.3,210,NA,NA,0,0,0,0,0,0,0,14,285,310,96,0.1,19.2,4.02,5.1
1988,1,3,2,8.7,960.5,61,0,3,7.5,198,NA,NA,0,0,0,0,0,0,0,14,288,313,96,1.6,20,4.47,5.5
1988,1,3,3,8.8,959.7,69.3,0.1,5,10.7,207,NA,NA,0,0,0,0,0,0,0,14,334,335,96,3.5,21.7,5.13,6.3
1988,1,3,4,8.5,959.2,62.8,0,5.3,9.1,220,NA,NA,1,0,0,0,0,0,0,14,332,333,96,1.8,20,4.55,5.4
1988,1,3,5,8.5,958.2,60.4,0,5.7,10.5,211,NA,NA,0,0,0,0,0,0,0,14,332,333,96,1.3,19.6,4.38,5.2
1988,1,3,6,8.5,958.1,57.2,0,7,14.5,217,NA,7,0,0,0,0,0,0,0,14,311,323,96,0.5,19,4.15,4.9
1988,1,3,7,6.4,958.5,72.2,0.6,7.2,16.3,214,NA,NA,0,0,0,0,0,0,0,14,304,316,96,1.8,17.8,4.54,4.3
1988,1,3,8,6.5,958.8,75.5,0.6,6.2,11.7,208,NA,NA,5,5,0,1,1,3,3,14,332,332,96,2.5,18.5,4.78,4.7
1988,1,3,9,7.2,959.2,71.9,0.1,7.1,12.4,220,NA,NA,94,87,27,80,97,39,40,14,340,340,96,2.5,19.2,4.77,5
1988,1,3,10,8.9,958.6,61.4,0,5.4,11.9,202,NA,NA,210,135,240,195,388,67,67,14,344,344,96,1.9,20.5,4.57,5.7
1988,1,3,11,9.5,957.2,55.4,0,5.5,11.6,196,NA,NA,177,155,62,92,210,72,68,14,318,333,96,1,20.4,4.3,5.6
1988,1,3,12,9.6,956.6,51.7,0,5.1,10.6,206,NA,6,130,128,6,59,89,62,57,14,318,332,96,0.2,19.8,4.04,5.4
1988,1,3,13,9.9,955.7,50.5,0,5.8,9.4,204,NA,NA,148,133,47,59,168,101,58,14,319,332,96,0.1,20.1,4.03,5.5
1988,1,3,14,9.3,955.5,54.3,0,3.5,9,200,NA,NA,73,73,0,34,43,39,33,14,307,325,96,0.6,19.8,4.17,5.4
1988,1,3,15,8.3,955.5,63.7,0,3.7,8.1,212,NA,NA,13,13,0,7,5,4,7,14,303,319,96,1.8,19.8,4.57,5.3
1988,1,3,16,7.2,956.2,77,0.6,2.9,5.5,219,NA,NA,0,0,0,0,0,0,0,14,300,316,96,3.4,20.1,5.13,5.4
1988,1,3,17,6.3,956.6,86.3,2.8,4.7,8.5,211,NA,NA,0,0,0,0,0,0,0,14,298,314,96,4.2,19.9,5.4,5.3
1988,1,3,18,6.2,957.4,91,0.9,2.8,5.7,215,NA,8,1,0,0,0,0,0,0,14,315,322,96,4.8,20.4,5.65,5.5
1988,1,3,19,5.8,959.4,87.2,2.4,3.1,7.7,278,NA,NA,0,0,0,0,0,0,0,14,308,317,96,3.8,19,5.26,4.9
1988,1,3,20,5.6,960.7,73.9,0,2.4,12.3,229,NA,NA,0,0,0,0,0,0,0,14,310,316,96,1.3,16.6,4.38,3.7
1988,1,3,21,5.8,962.9,73.3,0,2.6,7.4,227,NA,NA,2,0,0,0,0,0,0,14,301,312,96,1.4,16.9,4.4,3.9
1988,1,3,22,5.7,964.4,71.9,0,2.9,6.1,199,NA,NA,0,0,0,0,0,0,0,14,300,312,96,1,16.4,4.27,3.7
1988,1,3,23,5.5,964.8,72.1,0.1,2.9,5.4,182,NA,NA,0,0,0,0,0,0,0,14,327,327,96,0.9,16.1,4.23,3.5
1988,1,4,0,5,965.5,80.3,0.2,3.3,6.5,216,NA,NA,0,0,0,0,0,0,0,14,323,323,96,1.9,16.4,4.54,3.6
1988,1,4,1,4.3,965.7,88.7,0.2,4.1,8.1,212,NA,NA,0,0,0,0,0,0,0,14,322,322,96,2.6,16.3,4.78,3.5
1988,1,4,2,4.4,965.8,85.5,0,4.8,8,215,NA,NA,0,0,0,0,0,0,0,14,313,315,96,2.2,16,4.64,3.4
1988,1,4,3,4.5,965.1,83.5,0,4.7,6.7,217,NA,NA,1,0,0,0,0,0,0,14,315,317,96,2,16,4.56,3.4
1988,1,4,4,4.9,963.7,77.5,0,5.5,9.1,215,NA,NA,0,0,0,0,0,0,0,14,314,317,96,1.3,15.9,4.36,3.3
1988,1,4,5,5,963.1,75,0,6.5,11.5,221,NA,NA,1,0,0,0,0,0,0,14,290,306,96,0.9,15.7,4.25,3.2
1988,1,4,6,4.9,963.3,75.4,0,6,10.9,239,NA,8,3,0,0,0,0,0,0,14,288,305,96,0.9,15.6,4.24,3.2
1988,1,4,7,4.1,963.8,80.7,1,8.4,14.2,225,NA,NA,2,0,0,0,0,0,0,14,284,302,96,1.1,14.9,4.29,2.8
1988,1,4,8,3.5,964.4,89.7,1.3,9.1,14.2,224,NA,NA,14,14,0,5,5,7,7,14,285,302,96,2,15,4.57,2.8
1988,1,4,9,4,964.5,93.2,1.2,6.3,10.3,241,NA,NA,38,38,0,17,16,18,18,14,323,323,96,3,16.4,4.93,3.5
1988,1,4,10,4.9,964.7,93.1,1.3,6.7,10.3,232,NA,NA,73,73,0,36,37,34,35,14,325,325,96,3.9,18.1,5.24,4.4
1988,1,4,11,5.5,964.5,92.3,0.9,6.7,10.2,223,NA,NA,89,89,0,43,47,41,41,14,297,313,96,4.4,19.1,5.42,5
1988,1,4,12,6.3,964.4,89.9,0.5,7,9.8,234,NA,8,145,138,18,64,123,71,61,14,299,316,96,4.8,20.3,5.58,5.6
1988,1,4,13,6.5,964.3,90,0.4,6.5,9.5,228,NA,NA,102,102,0,46,61,51,46,14,301,317,96,5,20.8,5.67,5.8
1988,1,4,14,6.6,964.6,89.7,0.5,5.9,8.6,235,NA,NA,53,53,0,25,26,25,25,14,333,333,96,5,20.9,5.69,5.8
1988,1,4,15,6.6,964.8,88.2,0.2,5.5,8.7,237,NA,NA,20,20,0,10,8,8,10,14,333,333,96,4.8,20.7,5.59,5.7
1988,1,4,16,6.7,965.4,86.6,0.1,5.7,9.6,232,NA,NA,2,0,0,0,0,0,0,14,333,333,96,4.6,20.6,5.52,5.7
1988,1,4,17,6.7,965.5,87.5,0.3,4.9,8.7,241,NA,NA,2,0,0,0,0,0,0,14,334,334,96,4.8,20.7,5.58,5.8
1988,1,4,18,6.7,966.1,88.5,0.2,5.2,8.8,231,NA,8,0,0,0,0,0,0,0,14,333,333,96,4.9,20.9,5.64,5.8
1988,1,4,19,6.9,966.5,87.9,0,4.9,7,223,NA,NA,0,0,0,0,0,0,0,14,336,336,96,5,21.2,5.68,6
1988,1,4,20,7.2,966.8,85.5,0.1,5.6,8.7,221,NA,NA,0,0,0,0,0,0,0,14,336,336,96,4.9,21.4,5.63,6.1
1988,1,4,21,7.3,967.1,85,0,5.4,8.8,234,NA,NA,1,0,0,0,0,0,0,14,336,336,96,4.9,21.5,5.64,6.1
1988,1,4,22,7.3,967.8,86.5,0.2,4,7,229,NA,NA,0,0,0,0,0,0,0,14,337,337,96,5.2,21.7,5.74,6.3
1988,1,4,23,7.5,967.6,85.8,0.1,3.6,6.3,212,NA,NA,0,0,0,0,0,0,0,14,307,320,96,5.3,22,5.77,6.4
1988,1,5,0,8,967.5,80.9,0,4.7,9.3,215,NA,NA,0,0,0,0,0,0,0,14,309,322,96,4.9,22.2,5.63,6.5
1988,1,5,1,8,967.9,80.3,0,5,8.3,218,NA,NA,0,0,0,0,0,0,0,14,305,320,96,4.8,22.1,5.58,6.4
1988,1,5,2,7.9,967.7,81.7,0,2.8,5.3,226,NA,NA,2,0,0,0,0,0,0,14,331,332,96,5,22.1,5.64,6.5
1988,1,5,3,8,967.3,81.3,0,0.9,2.3,203,NA,NA,1,0,0,0,0,0,0,14,328,329,96,5,22.3,5.66,6.5
1988,1,5,4,7.8,967,81.1,0,0.8,2.6,180,NA,NA,0,0,0,0,0,0,0,14,332,332,96,4.8,21.8,5.57,6.3
1988,1,5,5,8.2,966.8,76.8,0,2.5,5.9,233,NA,NA,2,0,0,0,0,0,0,14,315,324,96,4.4,21.9,5.42,6.4
1988,1,5,6,7.4,966.4,78.8,0,0.7,2.3,158,NA,7,1,0,0,0,0,0,0,14,307,312,96,4,20.7,5.26,5.8
1988,1,5,7,6.6,966,85,0,1.2,3.3,215,NA,NA,7,0,0,0,0,0,0,14,309,311,96,4.3,20.1,5.38,5.5
1988,1,5,8,7.4,966.1,80.1,0,1.5,3.5,222,NA,NA,76,49,242,247,228,27,28,14,305,316,96,4.2,20.9,5.35,5.9
1988,1,5,9,8.7,966.1,71.6,0,0.7,2.6,219,NA,NA,142,84,251,242,321,48,48,14,310,325,96,3.9,21.9,5.23,6.4
1988,1,5,10,9.7,965.8,67.7,0,3.9,7.1,233,NA,NA,243,97,470,267,569,62,62,14,315,333,96,4,23.1,5.29,6.9
1988,1,5,11,10.5,965.2,63,0,4.9,7.4,229,NA,NA,336,79,725,175,819,75,71,14,293,327,96,3.8,23.6,5.2,7.2
1988,1,5,12,11.7,964.7,55.6,0,5.9,9.5,215,NA,6,334,65,755,70,833,168,66,14,293,329,96,3.1,24.3,4.97,7.5
1988,1,5,13,12.4,963.9,52.5,0,5.7,8.2,219,NA,NA,292,62,737,61,774,344,61,14,295,332,96,3,24.9,4.91,7.8
1988,1,5,14,12.6,963.8,48,0,4.6,9.2,212,NA,NA,200,89,480,55,519,380,55,14,293,328,96,1.9,24.1,4.55,7.5
1988,1,5,15,10.6,963.7,55.9,0,3.7,6.9,241,NA,NA,47,37,86,22,111,118,22,14,283,314,96,2.2,22.4,4.64,6.6
1988,1,5,16,9.1,963.9,62.6,0,3,4.9,233,NA,NA,3,0,0,0,0,0,0,14,277,305,96,2.3,21,4.7,5.9
1988,1,5,17,7.8,963.3,68.6,0,1.7,4,225,NA,NA,0,0,0,0,0,0,0,14,270,293,94,2.4,19.7,4.72,5.3
1988,1,5,18,7,963,72.1,0,1.9,4.2,245,NA,6,0,0,0,0,0,0,0,14,258,288,94,2.3,18.8,4.7,4.9
1988,1,5,19,6.5,962.4,75.1,0,1.5,4,231,NA,NA,0,0,0,0,0,0,0,14,262,284,94,2.4,18.4,4.73,4.6
1988,1,5,20,6.8,962,75.4,0,1.3,4.4,212,NA,NA,0,0,0,0,0,0,0,14,309,309,94,2.8,19,4.85,5
1988,1,5,21,6.6,961.6,76.4,0,1.9,4.1,239,NA,NA,0,0,0,0,0,0,0,14,307,308,94,2.8,18.8,4.85,4.9
1988,1,5,22,6.2,961,78.8,0,1.2,3.3,255,NA,NA,0,0,0,0,0,0,0,14,305,308,94,2.8,18.5,4.87,4.6
1988,1,5,23,6,960.3,80.5,0,1,2.5,207,NA,NA,0,0,0,0,0,0,0,14,333,333,94,2.9,18.4,4.91,4.6
1988,1,6,0,5.9,959.8,82,0,0.7,2.3,225,NA,NA,0,0,0,0,0,0,0,14,327,327,94,3.1,18.4,4.97,4.6
1988,1,6,1,6,959.7,81.9,0,1,3.2,180,NA,NA,0,0,0,0,0,0,0,14,331,331,94,3.1,18.6,5,4.7
1988,1,6,2,6.1,959.5,80.5,0,1.5,2.8,208,NA,NA,0,0,0,0,0,0,0,14,328,328,94,3,18.6,4.95,4.7
1988,1,6,3,5.5,959.4,80.6,0,2.2,4,223,NA,NA,0,0,0,0,0,0,0,14,329,329,94,2.4,17.5,4.75,4.1
1988,1,6,4,9.2,959.3,59.8,0,4,7.6,202,NA,NA,0,0,0,0,0,0,0,14,348,348,94,1.8,20.7,4.54,5.8
1988,1,6,5,10.2,959.1,53.1,0,5.7,10.6,203,NA,NA,0,0,0,0,0,0,0,14,321,327,94,1.1,21.1,4.31,6
1988,1,6,6,10.1,958.9,54.9,0,3.5,8,201,NA,7,3,0,0,0,0,0,0,14,321,328,94,1.5,21.3,4.43,6.1
1988,1,6,7,10.1,959.5,56,0,3.4,7.4,194,NA,NA,3,0,0,0,0,0,0,14,322,329,94,1.7,21.5,4.52,6.2
1988,1,6,8,10.4,959.7,55.1,0,3.7,6.9,211,NA,NA,17,17,0,6,7,8,9,14,285,311,94,1.8,21.9,4.53,6.4
1988,1,6,9,11.2,960.7,53.1,0,3.8,9.2,214,NA,NA,38,38,0,17,16,18,18,14,290,316,94,2,22.9,4.6,6.9
1988,1,6,10,11.6,960.9,51.5,0,4,7.8,213,NA,NA,41,41,0,19,16,20,20,14,292,319,94,2,23.2,4.58,7.1
1988,1,6,11,12.1,960.8,51.8,0,3.9,7.8,206,NA,NA,69,69,0,33,33,32,33,14,292,320,94,2.5,24.2,4.77,7.5
1988,1,6,12,11.5,961.2,58,0,4.7,11.8,211,NA,8,24,24,0,12,8,11,12,14,294,319,94,3.5,24.5,5.13,7.6
1988,1,6,13,9.1,961.7,70.3,0.1,6.3,10.5,233,NA,NA,13,13,0,7,4,6,7,14,279,306,94,4,22.5,5.3,6.6
1988,1,6,14,7.1,962.6,84.7,0.8,4.8,9.5,196,NA,NA,11,11,0,6,3,4,6,14,292,309,94,4.7,21.1,5.57,5.9
1988,1,6,15,6.6,964,83.9,1.1,4.3,10.2,204,NA,NA,6,6,0,3,2,2,3,14,290,306,94,4.1,20,5.32,5.4
1988,1,6,16,6.1,965.4,89.4,0.8,3.1,8.1,180,NA,NA,0,0,0,0,0,0,0,14,288,305,94,4.5,19.9,5.47,5.3
1988,1,6,17,5.9,965.6,89.4,0.5,2.8,6.7,180,NA,NA,0,0,0,0,0,0,0,14,305,316,96,4.3,19.5,5.39,5.1
1988,1,6,18,6.2,966.2,83.6,0,1.8,6.4,209,NA,8,2,0,0,0,0,0,0,14,304,315,96,3.6,19.1,5.14,5
1988,1,6,19,5.6,966.5,93.2,0,0.9,1.9,27,NA,NA,0,0,0,0,0,0,0,14,304,314,96,4.6,19.4,5.5,5.1
1988,1,6,20,5.4,966.5,94.4,0.1,1.1,2.8,13,NA,NA,0,0,0,0,0,0,0,14,296,309,96,4.6,19.2,5.5,5
1988,1,6,21,5.6,966.5,90.1,0,0.5,2.1,217,NA,NA,1,0,0,0,0,0,0,14,294,307,96,4.1,19,5.32,4.9
1988,1,6,22,4.4,966.8,92.8,0,2,3.8,235,NA,NA,0,0,0,0,0,0,0,14,290,301,96,3.3,17,5.03,3.9
1988,1,6,23,3.8,966.5,96.1,0,1.2,2.2,222,NA,NA,0,0,0,0,0,0,0,14,260,282,96,3.2,16.3,5,3.5
1988,1,7,0,4,966.3,93.8,0,2.4,4.9,211,NA,NA,0,0,0,0,0,0,0,14,263,286,96,3.1,16.4,4.95,3.6
1988,1,7,1,3.5,966.3,92.1,0,2.2,5,216,NA,NA,0,0,0,0,0,0,0,14,260,282,96,2.3,15.3,4.69,3
1988,1,7,2,2.9,966.2,93.8,0,1.2,3.3,211,NA,NA,0,0,0,0,0,0,0,14,247,274,96,2,14.4,4.58,2.5
1988,1,7,3,2.8,966,95,0,1.9,5.1,230,NA,NA,1,0,0,0,0,0,0,14,244,272,96,2.1,14.3,4.6,2.5
1988,1,7,4,2.2,966,94.8,0,1.9,4.4,250,NA,NA,0,0,0,0,0,0,0,14,250,274,96,1.5,13.2,4.4,1.9
1988,1,7,5,3,966.3,89.3,0,2.2,5.4,235,NA,NA,1,0,0,0,0,0,0,14,274,290,96,1.4,14,4.39,2.3
1988,1,7,6,4,967,81.4,0,3.2,7.9,243,NA,7,4,0,0,0,0,0,0,14,278,295,96,1.1,14.8,4.29,2.8
1988,1,7,7,4.7,967.4,72.7,0,4.5,8.5,214,NA,NA,6,0,0,0,0,0,0,14,279,298,96,0.2,14.8,4.02,2.8
1988,1,7,8,4.7,968.4,73.7,0,6.6,11.4,216,NA,NA,27,27,0,12,12,12,13,14,297,308,96,0.4,14.9,4.07,2.9
1988,1,7,9,4.2,970,81.1,0.2,6.6,10.2,219,NA,NA,55,55,0,27,27,25,26,14,293,306,96,1.3,15,4.32,2.9
1988,1,7,10,5.1,970.5,66.7,0,3.6,8.3,205,NA,NA,143,136,22,89,131,57,58,14,299,311,96,-0.6,14.6,3.78,2.7
1988,1,7,11,5.8,970.6,61.4,0,2.7,6.6,196,NA,NA,90,90,0,43,48,41,42,14,291,310,96,-1,15,3.65,3
1988,1,7,12,5.9,970.4,62.7,0,3.1,6.6,187,NA,6,110,110,0,51,65,52,50,14,292,311,96,-0.7,15.3,3.75,3.1
1988,1,7,13,6.3,971,64,0,3.5,7.8,195,NA,NA,123,121,6,54,85,65,54,14,292,312,96,0,16.2,3.94,3.6
1988,1,7,14,3.9,971.5,75.7,0.3,3.9,8.7,238,NA,NA,19,19,0,10,7,7,10,14,299,308,96,0,13.8,3.94,2.3
1988,1,7,15,3.4,972.2,82,0,3.2,6.6,187,NA,NA,32,32,0,15,16,15,15,14,300,307,96,0.6,13.7,4.12,2.2
1988,1,7,16,3.2,972.9,82.6,0,2.6,6.3,178,NA,NA,7,0,0,0,0,0,0,14,298,304,96,0.5,13.4,4.08,2.1
1988,1,7,17,3.1,973.7,85.1,0,1.1,3.3,135,NA,NA,0,0,0,0,0,0,0,14,298,304,96,0.8,13.6,4.17,2.1
1988,1,7,18,3.4,974.1,81.4,0,1.6,4.6,200,NA,6,3,0,0,0,0,0,0,14,299,305,96,0.5,13.6,4.08,2.2
1988,1,7,19,3.3,974.7,79.8,0,2,4.6,219,NA,NA,3,0,0,0,0,0,0,14,299,305,96,0.2,13.2,3.97,2
1988,1,7,20,3,975.2,83.7,0,3,6.6,230,NA,NA,0,0,0,0,0,0,0,14,306,308,96,0.5,13.2,4.07,2
1988,1,7,21,2.7,976.1,87.3,0,2.2,5.2,259,NA,NA,1,0,0,0,0,0,0,14,305,307,96,0.8,13.1,4.15,1.9
1988,1,7,22,2.6,976.8,88.7,0.1,0.7,2.5,14,NA,NA,2,0,0,0,0,0,0,14,304,306,96,0.9,13.1,4.19,1.9
1988,1,7,23,1.7,977.2,94.4,0.1,0.9,2.5,37,NA,NA,2,0,0,0,0,0,0,14,264,284,96,0.9,12.1,4.18,1.4
1988,1,8,0,1.5,977.6,97.7,0,1,2.3,259,NA,NA,3,0,0,0,0,0,0,14,268,286,96,1.2,12.2,4.26,1.4
1988,1,8,1,1.2,977.8,97.3,0,0.5,3.7,284,NA,NA,2,0,0,0,0,0,0,14,264,282,96,0.8,11.6,4.15,1
1988,1,8,2,0.8,978.1,97.3,0,0.8,1.9,240,NA,NA,2,0,0,0,0,0,0,14,296,298,96,0.4,10.9,4.03,0.6
1988,1,8,3,0.9,978.4,97.7,0,0.3,1.4,0,NA,NA,3,0,0,0,0,0,0,14,295,298,96,0.6,11.1,4.08,0.8
1988,1,8,4,0.2,978.5,97.8,0,0.5,2,270,NA,NA,0,0,0,0,0,0,0,14,295,295,96,-0.1,9.9,3.88,0.1
1988,1,8,5,0.2,978.7,97.3,0,0.3,2,270,NA,NA,0,0,0,0,0,0,0,14,291,291,96,-0.2,9.8,3.86,0
1988,1,8,6,0.5,979.2,97,0,0.2,1.8,270,NA,6,0,0,0,0,0,0,0,14,287,289,94,0.1,10.3,3.93,0.3
1988,1,8,7,-0.1,979.5,97.9,0,0.8,2.9,247,NA,NA,1,0,0,0,0,0,0,14,282,282,94,-0.4,9.4,3.79,-0.2
1988,1,8,8,0.1,979.8,98.7,0,1.2,2.6,225,NA,NA,18,18,0,7,7,9,9,14,286,290,94,-0.1,9.8,3.88,0
1988,1,8,9,1.1,980.1,98,0,0.6,1.9,236,NA,NA,60,60,0,30,31,28,28,14,292,295,94,0.8,11.4,4.14,1
1988,1,8,10,1.2,980.1,98.7,0,1.9,4.1,261,NA,NA,138,133,18,85,122,57,57,14,290,297,94,1,11.7,4.2,1.1
1988,1,8,11,2,979.8,89.5,0,1.1,2.8,260,NA,NA,258,160,271,139,460,85,78,14,278,299,96,0.5,12.1,4.03,1.4
1988,1,8,12,3.4,979.5,78.1,0,1.1,2.9,236,NA,4,333,134,551,89,716,165,80,14,285,309,96,0,13.1,3.89,2
1988,1,8,13,3.7,979.3,66.3,0,1.2,2.8,346,NA,NA,185,145,126,67,276,147,66,14,280,304,96,-2,12.2,3.37,1.4
1988,1,8,14,3.8,979.3,65.4,0,1.3,4.5,14,NA,NA,166,94,304,53,374,277,53,14,262,295,96,-2.1,12.2,3.35,1.5
1988,1,8,15,3.4,979.4,64.4,0,1.5,2.4,28,NA,NA,82,37,372,28,314,337,28,14,259,288,96,-2.7,11.4,3.2,1
1988,1,8,16,2.2,979.4,72.2,0,1.5,2.8,21,NA,NA,4,0,0,0,0,0,0,14,254,279,96,-2.3,10.5,3.3,0.5
1988,1,8,17,1,979.6,81.3,0,0.4,2.6,342,NA,NA,0,0,0,0,0,0,0,14,241,267,96,-1.8,9.5,3.41,-0.1
1988,1,8,18,0,979.8,89.9,0,0.1,1,180,NA,1,0,0,0,0,0,0,0,14,240,266,96,-1.5,8.7,3.5,-0.6
1988,1,8,19,-0.8,980,93.5,0,0.4,1.3,214,NA,NA,0,0,0,0,0,0,0,14,238,261,96,-1.7,7.8,3.44,-1.1
1988,1,8,20,-1.3,980.1,94.4,0,0.2,1.2,225,NA,NA,0,0,0,0,0,0,0,14,224,254,96,-2.1,7,3.35,-1.6
1988,1,8,21,-1.6,979.8,93.8,0,0,0.7,0,NA,NA,0,0,0,0,0,0,0,14,223,252,96,-2.5,6.5,3.25,-1.9
1988,1,8,22,-2.1,980,94.9,0,0.1,1.2,0,NA,NA,0,0,0,0,0,0,0,14,221,251,96,-2.8,5.8,3.17,-2.4
1988,1,8,23,-2.2,980,94.8,0,0.3,1.4,180,NA,NA,0,0,0,0,0,0,0,14,218,249,96,-2.9,5.6,3.14,-2.4
1988,1,9,0,-2.8,980.2,95.2,0,0.3,1,225,NA,NA,0,0,0,0,0,0,0,14,218,248,96,-3.5,4.7,3.02,-3
1988,1,9,1,-3.1,980.8,94.5,0,0.2,1.1,315,NA,NA,0,0,0,0,0,0,0,14,216,247,96,-3.9,4.2,2.93,-3.4
1988,1,9,2,-3.2,981.1,95,0,0.3,0.9,225,NA,NA,0,0,0,0,0,0,0,14,217,248,96,-3.9,4,2.92,-3.4
1988,1,9,3,-3.4,980.9,94.6,0,0.1,0.7,225,NA,NA,1,0,0,0,0,0,0,14,215,246,96,-4.1,3.7,2.86,-3.6
1988,1,9,4,-3.4,980.8,94.8,0,0.4,1,214,NA,NA,0,0,0,0,0,0,0,14,216,247,96,-4.1,3.7,2.87,-3.6
1988,1,9,5,-3.3,981,95.3,0,0.3,1.1,236,NA,NA,0,0,0,0,0,0,0,14,217,246,94,-3.9,3.9,2.91,-3.5
1988,1,9,6,-3.1,981.2,94.4,0,0.1,0.7,0,NA,2,0,0,0,0,0,0,0,14,216,245,94,-3.9,4.1,2.92,-3.4
1988,1,9,7,-2.6,981.6,95.6,0,0,0.6,0,NA,NA,5,0,0,0,0,0,0,14,223,254,94,-3.2,5,3.07,-2.8
1988,1,9,8,-0.9,981.9,96.7,0,0.2,1.6,333,NA,NA,67,47,180,200,182,26,26,14,275,283,94,-1.4,7.9,3.52,-1.1
1988,1,9,9,0,981.9,97.1,0,0.2,1.4,270,NA,NA,109,97,50,105,127,43,44,14,277,286,94,-0.4,9.4,3.78,-0.2
1988,1,9,10,0.7,981.3,93.4,0,0.6,1.7,270,NA,NA,151,136,45,105,168,59,60,14,281,291,94,-0.2,10.3,3.83,0.3
1988,1,9,11,1.4,981.2,84.1,0,0.4,2,304,NA,NA,158,155,7,77,117,68,67,14,246,278,94,-1,10.5,3.62,0.5
1988,1,9,12,2.3,980.7,75.3,0,0.8,2.4,8,NA,7,172,150,61,72,198,86,67,14,248,280,94,-1.6,11,3.46,0.8
1988,1,9,13,2.5,980.5,73.5,0,0.9,2.5,90,NA,NA,157,137,62,61,183,108,61,14,248,281,94,-1.7,11.1,3.43,0.9
1988,1,9,14,2.7,980.6,71.1,0,0.7,1.7,63,NA,NA,110,101,38,45,121,97,45,14,249,281,94,-2,11.1,3.36,0.9
1988,1,9,15,2.7,980.6,71.6,0,0.7,2.2,16,NA,NA,41,41,0,19,23,23,19,14,249,280,94,-1.9,11.2,3.39,0.9
1988,1,9,16,2.5,980.7,73.3,0,1,2.3,54,NA,NA,5,0,0,0,0,0,0,14,249,279,94,-1.8,11.1,3.42,0.8
1988,1,9,17,2.5,981,74.3,0,0.5,2,34,NA,NA,0,0,0,0,0,0,0,14,285,300,96,-1.6,11.2,3.46,0.9
1988,1,9,18,2.6,981.1,76.2,0,1,3.6,16,NA,8,1,0,0,0,0,0,0,14,286,300,96,-1.2,11.6,3.58,1.1
1988,1,9,19,2.5,981.1,78.7,0,0.1,1,270,NA,NA,0,0,0,0,0,0,0,14,285,297,96,-0.8,11.7,3.67,1.2
1988,1,9,20,2.3,980.9,82.7,0,0.1,0.8,360,NA,NA,0,0,0,0,0,0,0,14,267,289,96,-0.3,11.8,3.8,1.2
1988,1,9,21,1.9,980.5,86.4,0,0.1,1.2,45,NA,NA,1,0,0,0,0,0,0,14,265,285,96,-0.1,11.6,3.86,1.1
1988,1,9,22,1.2,980.3,90.7,0,0.1,0.7,0,NA,NA,1,0,0,0,0,0,0,14,262,280,96,-0.1,10.8,3.86,0.7
1988,1,9,23,0.2,980,94.2,0,0.1,1.4,225,NA,NA,0,0,0,0,0,0,0,14,248,271,96,-0.6,9.5,3.73,-0.1
1988,1,10,0,-0.2,979.6,95.8,0,0.3,1.4,225,NA,NA,1,0,0,0,0,0,0,14,249,272,96,-0.8,9,3.68,-0.4
1988,1,10,1,-0.1,979.4,96.4,0,0.2,1.2,225,NA,NA,0,0,0,0,0,0,0,14,250,273,96,-0.6,9.2,3.73,-0.3
1988,1,10,2,0.1,979.2,96.4,0,0.2,1.2,225,NA,NA,0,0,0,0,0,0,0,14,261,280,96,-0.4,9.6,3.79,-0.1
1988,1,10,3,0.2,979.1,96.9,0,0,0.6,0,NA,NA,2,0,0,0,0,0,0,14,261,280,96,-0.2,9.8,3.84,0
1988,1,10,4,0.5,978.9,97.2,0,0.4,1,236,NA,NA,2,0,0,0,0,0,0,14,263,282,96,0.1,10.3,3.94,0.3
1988,1,10,5,0.7,979,97,0,0.5,1.4,259,NA,NA,1,0,0,0,0,0,0,14,262,279,94,0.3,10.7,3.98,0.5
1988,1,10,6,0.8,979,96.6,0,0.1,0.8,270,NA,7,2,0,0,0,0,0,0,14,263,280,94,0.3,10.8,4,0.6
1988,1,10,7,1.1,979,96.6,0,0.2,1.1,117,NA,NA,7,0,0,0,0,0,0,14,266,282,94,0.6,11.3,4.09,0.9
1988,1,10,8,1.7,978.9,96.3,0,0.4,1.6,27,NA,NA,43,41,11,42,39,19,19,14,261,282,94,1.2,12.3,4.25,1.5
1988,1,10,9,2.5,978.7,90.2,0,0.1,0.7,270,NA,NA,89,87,5,59,66,38,39,14,262,286,94,1.1,13.1,4.22,1.9
1988,1,10,10,3.9,978.1,72.8,0,0.3,1.8,135,NA,NA,280,127,481,297,607,73,73,14,265,295,94,-0.5,13.3,3.76,2.1
1988,1,10,11,5.1,977.4,63.2,0,0.6,2.1,112,NA,NA,316,125,522,170,678,83,77,14,270,303,94,-1.3,14,3.55,2.5
1988,1,10,12,5.5,976.6,61.4,0,0.8,2.4,113,NA,3,257,162,257,88,450,131,79,14,280,306,94,-1.3,14.4,3.55,2.7
1988,1,10,13,5.9,975.8,63.4,0,0.8,2.3,104,NA,NA,191,154,115,69,278,149,68,14,282,307,94,-0.5,15.4,3.77,3.2
1988,1,10,14,6.4,975.6,60,0,0.6,2,217,NA,NA,161,99,253,54,339,252,54,14,283,307,94,-0.8,15.7,3.7,3.4
1988,1,10,15,6,975.2,63.7,0,0.8,2.1,230,NA,NA,62,53,70,27,109,115,27,14,281,300,94,-0.3,15.6,3.82,3.3
1988,1,10,16,5.3,975.2,66.2,0,0.2,1.1,63,NA,NA,3,0,0,0,0,0,0,14,280,297,94,-0.5,14.8,3.78,2.9
1988,1,10,17,4.9,975,69.4,0,0.3,2.4,360,NA,NA,0,0,0,0,0,0,0,14,316,316,94,-0.2,14.6,3.86,2.8
1988,1,10,18,4,974.5,78.2,0,0.6,3.4,360,NA,7,0,0,0,0,0,0,0,14,309,309,94,0.6,14.2,4.08,2.6
1988,1,10,19,3,974.2,86.9,0,0,0.7,0,NA,NA,0,0,0,0,0,0,0,14,304,304,94,1,13.6,4.23,2.2
1988,1,10,20,2.7,974,90.2,0,0,0.7,0,NA,NA,0,0,0,0,0,0,0,14,306,306,94,1.3,13.5,4.3,2.1
1988,1,10,21,2.8,973.9,91.1,0,0.3,1,225,NA,NA,2,0,0,0,0,0,0,14,306,306,94,1.5,13.8,4.38,2.2
1988,1,10,22,3,973.9,91.3,0,0.2,1.2,243,NA,NA,1,0,0,0,0,0,0,14,307,307,94,1.7,14.1,4.45,2.4
1988,1,10,23,3.2,973.8,91.8,0,0.2,1.1,207,NA,NA,1,0,0,0,0,0,0,14,257,282,94,2,14.6,4.54,2.7
1988,1,11,0,3.1,973.7,93.8,0,0.2,1.2,270,NA,NA,2,0,0,0,0,0,0,14,259,283,94,2.2,14.6,4.61,2.7
1988,1,11,1,3.3,973.7,94.8,0,0.2,1.2,225,NA,NA,2,0,0,0,0,0,0,14,260,285,94,2.5,15.1,4.72,2.9
1988,1,11,2,3.4,973.5,94.6,0,0.5,1.6,236,NA,NA,1,0,0,0,0,0,0,14,319,319,94,2.6,15.3,4.75,3
1988,1,11,3,3.8,973.2,93.5,0,0.4,1.5,225,NA,NA,1,0,0,0,0,0,0,14,320,320,94,2.8,15.9,4.83,3.4
1988,1,11,4,4.1,973.2,91.2,0,0.3,1.3,117,NA,NA,0,0,0,0,0,0,0,14,322,322,94,2.8,16.2,4.81,3.5
1988,1,11,5,4.4,973.4,89.7,0,0.6,1.7,108,NA,NA,0,0,0,0,0,0,0,14,325,325,94,2.9,16.5,4.83,3.7
1988,1,11,6,4.4,973.4,89.6,0,0.5,2.2,315,NA,7,0,0,0,0,0,0,0,14,297,308,96,2.8,16.5,4.82,3.7
1988,1,11,7,4.8,973.7,89.4,0,0.3,1.3,63,NA,NA,0,0,0,0,0,0,0,14,299,310,96,3.2,17.2,4.95,4.1
1988,1,11,8,4.9,974.3,90.2,0,0.2,1.3,90,NA,NA,7,7,0,2,2,4,4,14,319,319,96,3.4,17.5,5.03,4.2
1988,1,11,9,5.6,975.2,88.1,0,1.1,3.8,56,NA,NA,29,29,0,12,11,14,14,14,320,323,96,3.8,18.5,5.15,4.8
1988,1,11,10,6.1,975.7,88.6,0,1.2,3.3,81,NA,NA,50,50,0,23,21,24,24,14,324,326,96,4.4,19.6,5.36,5.3
1988,1,11,11,6.6,975.9,90.4,0,1.1,2.5,49,NA,NA,79,79,0,38,40,37,38,14,310,321,96,5.1,20.9,5.66,5.9
1988,1,11,12,6.6,975.7,88.1,0,2.4,4.6,30,NA,8,85,85,0,40,43,40,40,14,309,321,96,4.8,20.5,5.52,5.7
1988,1,11,13,6.5,975.7,85,0,2.3,3.8,34,NA,NA,46,46,0,23,19,21,22,14,307,319,96,4.2,19.8,5.29,5.4
1988,1,11,14,6.6,975.8,82.5,0,2.5,3.9,21,NA,NA,47,47,0,23,21,21,23,14,325,328,96,3.8,19.6,5.17,5.3
1988,1,11,15,6.4,976,79.5,0,2.7,4.8,36,NA,NA,38,38,0,18,20,19,18,14,322,326,96,3.1,18.7,4.91,4.9
1988,1,11,16,5.5,976.1,83.5,0,1.3,2.5,48,NA,NA,2,0,0,0,0,0,0,14,314,314,96,2.9,17.7,4.84,4.3
1988,1,11,17,4,976.3,90.5,0,0.4,1.3,18,NA,NA,0,0,0,0,0,0,0,14,257,278,96,2.6,15.8,4.72,3.4
1988,1,11,18,3.4,976.2,93.7,0,0.5,1.4,56,NA,1,0,0,0,0,0,0,0,14,260,280,96,2.5,15.2,4.69,3
1988,1,11,19,3.1,976,89.3,0,1.9,4.8,16,NA,NA,0,0,0,0,0,0,0,14,254,284,96,1.5,14.1,4.37,2.4
1988,1,11,20,2.5,975.8,83.8,0,1.5,3.5,18,NA,NA,0,0,0,0,0,0,0,14,259,281,96,0,12.3,3.93,1.5
1988,1,11,21,2.1,975.6,86.2,0,0.7,2.3,9,NA,NA,0,0,0,0,0,0,0,14,261,279,96,0,11.9,3.93,1.2
1988,1,11,22,2.6,975.5,75.9,0,0.9,2.3,54,NA,NA,0,0,0,0,0,0,0,14,259,280,96,-1.2,11.6,3.58,1.1
1988,1,11,23,3.3,975.2,70,0,2.1,5.2,18,NA,NA,0,0,0,0,0,0,0,14,307,309,96,-1.6,12,3.47,1.4
1988,1,12,0,3.7,974.7,68.6,0,3.2,7.1,38,NA,NA,0,0,0,0,0,0,0,14,309,310,96,-1.5,12.5,3.5,1.6
1988,1,12,1,3.9,974.4,70.7,0,4.3,8.4,52,NA,NA,0,0,0,0,0,0,0,14,310,313,96,-0.9,13.1,3.66,1.9
1988,1,12,2,3.9,973.9,70.7,0,5,9.3,49,NA,NA,0,0,0,0,0,0,0,14,300,309,96,-0.9,13.1,3.67,1.9
1988,1,12,3,3.5,973.3,75.8,0,4.4,8.5,55,NA,NA,2,0,0,0,0,0,0,14,300,308,96,-0.4,13.1,3.83,1.9
1988,1,12,4,3.4,973,78.1,0,4.4,7.9,54,NA,NA,1,0,0,0,0,0,0,14,299,307,96,0,13.2,3.92,2
1988,1,12,5,3.1,972.7,78.9,0,4.2,8.4,52,NA,NA,0,0,0,0,0,0,0,14,306,307,94,-0.2,12.8,3.87,1.7
1988,1,12,6,2.8,972.5,81.5,0,3.6,6.4,50,NA,7,3,0,0,0,0,0,0,14,304,305,94,0,12.6,3.92,1.6
1988,1,12,7,2.7,972.5,82.6,0,3.9,6.6,43,NA,NA,3,0,0,0,0,0,0,14,305,306,94,0,12.6,3.94,1.6
1988,1,12,8,2.6,972.8,83.3,0,2.2,3.5,18,NA,NA,19,19,0,7,8,9,9,14,305,306,94,0.1,12.5,3.95,1.6
1988,1,12,9,2.9,973.4,80.7,0,1.8,3.2,9,NA,NA,45,45,0,21,20,21,22,14,307,308,94,-0.1,12.7,3.9,1.7
1988,1,12,10,3.3,973.5,79.4,0,2.7,5.1,34,NA,NA,78,78,0,39,41,36,37,14,307,309,94,0.1,13.2,3.95,2
1988,1,12,11,3.4,972.9,78.2,0,2.2,3.9,51,NA,NA,93,93,0,45,49,43,43,14,309,312,94,0,13.2,3.92,2
1988,1,12,12,3.6,972.2,75,0,1.8,3.2,24,NA,7,120,120,0,56,73,57,54,14,309,313,94,-0.4,13.2,3.82,2
1988,1,12,13,3.8,971.8,73.3,0,1.8,4.2,27,NA,NA,110,110,0,50,67,55,50,14,309,313,94,-0.5,13.3,3.78,2
1988,1,12,14,3.7,971.6,71.9,0,2.2,3.3,36,NA,NA,78,78,0,36,45,41,36,14,309,311,94,-0.9,12.9,3.69,1.8
1988,1,12,15,3.5,971.5,73.4,0,2.6,3.7,29,NA,NA,34,34,0,16,16,16,16,14,307,309,94,-0.8,12.8,3.71,1.8
1988,1,12,16,3.3,971.6,74.9,0,1.9,3.3,13,NA,NA,6,0,0,0,0,0,0,14,307,308,94,-0.7,12.7,3.73,1.7
1988,1,12,17,3.1,971.9,77.7,0,1.4,2.4,9,NA,NA,3,0,0,0,0,0,0,14,315,315,94,-0.4,12.7,3.82,1.7
1988,1,12,18,3,971.9,78.2,0,1.6,2.8,35,NA,8,3,0,0,0,0,0,0,14,315,315,94,-0.4,12.6,3.81,1.6
1988,1,12,19,2.9,971.6,78.5,0,1.8,3.1,47,NA,NA,2,0,0,0,0,0,0,14,314,314,94,-0.5,12.4,3.8,1.5
1988,1,12,20,2.6,971.3,80.6,0,2.1,3.4,23,NA,NA,2,0,0,0,0,0,0,14,312,312,94,-0.4,12.2,3.82,1.4
1988,1,12,21,2.5,971,82,0,1.9,3,13,NA,NA,2,0,0,0,0,0,0,14,312,312,94,-0.3,12.2,3.86,1.4
1988,1,12,22,2.4,970.8,81.3,0,1.9,3.4,29,NA,NA,2,0,0,0,0,0,0,14,312,312,94,-0.5,11.9,3.8,1.2
1988,1,12,23,2.3,970.6,83.1,0,1.9,3.9,21,NA,NA,2,0,0,0,0,0,0,14,311,311,94,-0.3,12,3.86,1.2
1988,1,13,0,2,970.2,83,0,2.1,4.1,49,NA,NA,1,0,0,0,0,0,0,14,310,310,94,-0.6,11.4,3.78,1
1988,1,13,1,1.7,970.2,84.7,0,1.6,3.4,34,NA,NA,2,0,0,0,0,0,0,14,308,308,94,-0.6,11.1,3.77,0.8
1988,1,13,2,1.5,969.9,84.8,0,1,3.5,6,NA,NA,2,0,0,0,0,0,0,14,308,308,94,-0.8,10.8,3.72,0.6
1988,1,13,3,1.6,969.2,85.2,0,1.1,2.5,10,NA,NA,2,0,0,0,0,0,0,14,308,308,94,-0.6,11,3.77,0.7
1988,1,13,4,1.5,968.8,85.3,0,1.7,2.9,357,NA,NA,3,0,0,0,0,0,0,14,308,308,94,-0.7,10.9,3.75,0.6
1988,1,13,5,1.4,968.7,85.3,0,1.6,3.5,360,NA,NA,0,0,0,0,0,0,0,14,307,307,94,-0.8,10.7,3.72,0.5
1988,1,13,6,1.4,968.6,85.4,0,1.5,4,356,NA,8,3,0,0,0,0,0,0,14,307,307,94,-0.8,10.7,3.73,0.5
1988,1,13,7,1.3,968.5,85.9,0,1.7,4.4,13,NA,NA,3,0,0,0,0,0,0,14,307,307,94,-0.8,10.6,3.72,0.5
1988,1,13,8,1.2,968.3,85.5,0,1.5,4.2,360,NA,NA,20,20,0,8,8,10,10,14,307,307,94,-1,10.4,3.68,0.3
1988,1,13,9,1.4,968.3,84.6,0,1.1,3.1,5,NA,NA,67,67,0,35,36,30,31,14,308,308,94,-0.9,10.6,3.69,0.5
1988,1,13,10,1.7,968.1,83.9,0,1.5,3.7,39,NA,NA,91,91,0,46,50,41,42,14,308,308,94,-0.7,11.1,3.74,0.7
1988,1,13,11,1.8,967.4,83.3,0,1.8,3.7,16,NA,NA,120,120,0,58,73,54,54,14,302,306,94,-0.7,11.2,3.75,0.8
1988,1,13,12,2,966.8,81.5,0,1.7,4.5,58,NA,7,193,163,82,78,233,95,72,14,301,308,94,-0.8,11.3,3.72,0.9
1988,1,13,13,2.9,965.9,75.4,0,0.9,2.7,83,NA,NA,256,135,361,75,511,243,74,14,305,313,94,-1,12.1,3.67,1.3
1988,1,13,14,3,965.2,75.7,0,0.9,3.2,77,NA,NA,179,100,314,56,389,287,56,14,252,285,94,-0.9,12.3,3.72,1.4
1988,1,13,15,2.5,965,78.1,0,0.5,1.8,63,NA,NA,62,53,64,27,105,111,27,14,250,277,94,-0.9,11.8,3.7,1.1
1988,1,13,16,1.8,964.9,85.3,0,0.7,1.6,117,NA,NA,3,3,0,2,1,0,2,14,248,271,94,-0.4,11.4,3.85,0.9
1988,1,13,17,1.1,964.9,89.9,0,0.2,0.8,63,NA,NA,0,0,0,0,0,0,0,14,245,268,94,-0.4,10.7,3.86,0.5
1988,1,13,18,0.7,965,93.1,0,0.2,1.6,27,NA,5,0,0,0,0,0,0,0,14,244,265,94,-0.3,10.4,3.88,0.3
1988,1,13,19,0.1,964.7,95.2,0,0.4,1.6,360,NA,NA,1,0,0,0,0,0,0,14,243,267,94,-0.6,9.6,3.8,-0.2
1988,1,13,20,0.7,964.9,95.7,0,0.2,1,360,NA,NA,0,0,0,0,0,0,0,14,305,305,94,0.1,10.7,3.99,0.5
1988,1,13,21,1.1,964.7,96.2,0,0.8,2.2,45,NA,NA,1,0,0,0,0,0,0,14,308,308,94,0.6,11.4,4.13,0.9
1988,1,13,22,1.5,964.7,96.6,0,0.7,3.1,342,NA,NA,2,0,0,0,0,0,0,14,309,309,94,1,12.2,4.27,1.3
1988,1,13,23,1.6,965,96.7,0,0.5,1.9,342,NA,NA,1,0,0,0,0,0,0,14,309,309,94,1.1,12.4,4.3,1.4
1988,1,14,0,1.5,964.9,96.5,0,0.5,1.6,315,NA,NA,3,0,0,0,0,0,0,14,308,308,94,1,12.2,4.26,1.3
1988,1,14,1,1.6,965.1,95.9,0,0.1,1.2,315,NA,NA,3,0,0,0,0,0,0,14,310,310,94,1,12.3,4.27,1.3
1988,1,14,2,1.7,965,96.4,0,0.6,1.8,22,NA,NA,1,0,0,0,0,0,0,14,309,309,94,1.2,12.5,4.32,1.5
1988,1,14,3,1.7,965.4,96.8,0,1,2.2,360,NA,NA,1,0,0,0,0,0,0,14,310,310,94,1.2,12.5,4.34,1.5
1988,1,14,4,1.8,965.1,96.4,0,0.4,1.1,56,NA,NA,0,0,0,0,0,0,0,14,310,310,94,1.3,12.7,4.35,1.6
1988,1,14,5,1.8,965,96.1,0,0.6,1.5,284,NA,NA,0,0,0,0,0,0,0,14,310,310,94,1.2,12.6,4.34,1.5
1988,1,14,6,1.7,965.3,96.4,0,0.7,2,301,NA,8,0,0,0,0,0,0,0,14,310,310,94,1.2,12.5,4.32,1.5
1988,1,14,7,2,965.8,95.7,0,0.1,1.1,0,NA,NA,0,0,0,0,0,0,0,14,311,311,94,1.4,13,4.38,1.7
1988,1,14,8,2.1,966.4,95.7,0,0.6,2,307,NA,NA,13,13,0,4,5,6,7,14,312,312,94,1.5,13.1,4.41,1.8
1988,1,14,9,2.5,967,92.1,0,0.9,3.4,354,NA,NA,41,41,0,18,17,19,20,14,314,314,94,1.4,13.4,4.36,2
1988,1,14,10,3,967.1,89,0,0.3,1.5,45,NA,NA,65,65,0,31,31,31,31,14,317,317,94,1.4,13.9,4.37,2.3
1988,1,14,11,3.5,966.5,85.5,0,0.2,2,315,NA,NA,76,76,0,37,37,36,36,14,267,292,94,1.3,14.4,4.35,2.6
1988,1,14,12,4.2,966.2,82.7,0,0.9,2.7,74,NA,8,111,111,0,52,64,52,51,14,269,294,94,1.5,15.3,4.42,3
1988,1,14,13,4.3,965.8,80.2,0,1.4,3.4,31,NA,NA,108,108,0,49,64,54,49,14,269,294,94,1.2,15.1,4.32,3
1988,1,14,14,4.3,965.7,79,0,0.8,2.1,74,NA,NA,50,50,0,24,23,23,24,14,321,321,94,1,15,4.25,2.9
1988,1,14,15,4.2,965.4,79.9,0,0.4,1.4,90,NA,NA,18,18,0,9,7,6,9,14,321,321,94,1,14.9,4.27,2.8
1988,1,14,16,4.1,965.3,82.4,0,0.3,1.5,360,NA,NA,0,0,0,0,0,0,0,14,320,320,94,1.4,15.1,4.38,2.9
1988,1,14,17,3.9,965.3,84.6,0,0.4,3,304,NA,NA,0,0,0,0,0,0,0,14,269,289,94,1.5,15,4.43,2.9
1988,1,14,18,3.8,965.6,85.3,0,0.6,3.6,233,NA,8,0,0,0,0,0,0,0,14,267,289,94,1.6,14.9,4.44,2.8
1988,1,14,19,3.5,965.4,87.3,0,0.5,2.1,211,NA,NA,0,0,0,0,0,0,0,14,265,287,94,1.6,14.6,4.45,2.7
1988,1,14,20,3.4,965.2,89.4,0,1.2,2.6,228,NA,NA,0,0,0,0,0,0,0,14,317,317,94,1.8,14.7,4.52,2.7
1988,1,14,21,3.2,964.8,90.9,0,0.5,1.5,236,NA,NA,0,0,0,0,0,0,0,14,317,317,94,1.9,14.6,4.54,2.6
1988,1,14,22,3.3,964.7,92.1,0,0.4,1.9,236,NA,NA,0,0,0,0,0,0,0,14,315,315,94,2.1,14.9,4.63,2.8
1988,1,14,23,3.3,964.5,92.4,0,1.1,2.7,225,NA,NA,0,0,0,0,0,0,0,14,316,316,94,2.2,14.9,4.65,2.8
1988,1,15,0,3.5,964.1,90.8,0,0.5,2.2,194,NA,NA,0,0,0,0,0,0,0,14,320,320,94,2.1,15.1,4.63,2.9
1988,1,15,1,3.8,964.5,88.6,0,1.4,2.9,225,NA,NA,0,0,0,0,0,0,0,14,319,319,94,2.1,15.4,4.61,3.1
1988,1,15,2,3.6,965.1,90,0,0.6,1.9,239,NA,NA,0,0,0,0,0,0,0,14,318,318,94,2.1,15.2,4.62,2.9
1988,1,15,3,3.7,965,90.8,0,0.4,1.8,225,NA,NA,0,0,0,0,0,0,0,14,320,320,94,2.3,15.5,4.69,3.1
1988,1,15,4,3.7,965.8,91.1,0,0.5,2.2,214,NA,NA,1,0,0,0,0,0,0,14,320,320,94,2.4,15.5,4.71,3.1
1988,1,15,5,4,966.4,89.4,0,1.3,2.6,222,NA,NA,0,0,0,0,0,0,0,14,270,291,94,2.4,15.8,4.71,3.3
1988,1,15,6,4.1,967.1,91.8,0.9,1,3,180,NA,8,0,0,0,0,0,0,0,14,271,291,94,2.9,16.3,4.87,3.6
1988,1,15,7,3.6,967.4,95.9,0.2,0.7,3,326,NA,NA,0,0,0,0,0,0,0,14,269,286,94,3,15.9,4.91,3.3
1988,1,15,8,3.5,967.9,97.1,0,1,2.9,257,NA,NA,64,47,141,175,154,26,27,14,274,290,94,3.1,15.9,4.94,3.3
1988,1,15,9,5.3,968.3,86.1,0,0.2,1.5,0,NA,NA,199,76,503,398,512,53,53,14,277,300,94,3.2,17.8,4.96,4.3
1988,1,15,10,6.3,968.4,73.7,0,0.5,2.2,360,NA,NA,272,94,541,308,624,67,67,14,279,306,94,2,17.8,4.55,4.4
1988,1,15,11,7.8,968.3,66.6,0,0.4,1.9,194,NA,NA,257,162,251,142,441,86,79,14,306,326,96,2,19.3,4.56,5.2
1988,1,15,12,9.1,968,62.1,0,1.6,3.8,210,NA,6,240,184,148,91,351,119,81,14,307,328,96,2.2,20.8,4.64,5.9
1988,1,15,13,9.7,968.2,61,0,1.2,3.6,200,NA,NA,200,162,111,72,281,152,71,14,313,332,96,2.6,21.7,4.75,6.4
1988,1,15,14,10.2,968.8,55,0,2.7,5.1,225,NA,NA,156,101,209,53,293,219,53,14,283,317,96,1.6,21.4,4.42,6.2
1988,1,15,15,9.9,969.2,55.9,0,2.1,6,205,NA,NA,71,62,66,29,106,111,29,14,282,312,96,1.5,21,4.4,6
1988,1,15,16,8.8,969.5,61.6,0,3,6.4,207,NA,NA,1,0,0,0,0,0,0,14,272,303,96,1.8,20.2,4.51,5.6
1988,1,15,17,6.8,970,74.5,0,1.2,3.2,211,NA,NA,0,0,0,0,0,0,0,14,273,289,94,2.6,18.8,4.75,4.9
1988,1,15,18,6.1,970.8,80.6,0,0.9,2.3,210,NA,4,0,0,0,0,0,0,0,14,269,287,94,3,18.4,4.9,4.7
1988,1,15,19,4.3,971.5,89.6,0,0.4,1.4,342,NA,NA,0,0,0,0,0,0,0,14,262,279,94,2.7,16.3,4.8,3.6
1988,1,15,20,3.3,972.3,93.9,0,0.2,1.6,27,NA,NA,0,0,0,0,0,0,0,14,250,272,94,2.4,15,4.68,2.9
1988,1,15,21,2.6,972.7,95,0,0.3,1.9,360,NA,NA,0,0,0,0,0,0,0,14,248,271,94,1.9,13.9,4.51,2.3
1988,1,15,22,2.1,973.4,96.5,0,1.3,2.4,29,NA,NA,0,0,0,0,0,0,0,14,242,267,94,1.6,13.1,4.41,1.9
1988,1,15,23,2.6,973.8,96.8,0,1.9,3.5,55,NA,NA,0,0,0,0,0,0,0,14,286,292,94,2.1,14.1,4.59,2.4
1988,1,16,0,2.5,974.2,96.6,0,0.9,2.3,236,NA,NA,1,0,0,0,0,0,0,14,289,295,94,2,13.9,4.54,2.3
1988,1,16,1,2.6,974.5,96.6,0,0.5,1.9,243,NA,NA,1,0,0,0,0,0,0,14,289,296,94,2.1,14.1,4.57,2.4
1988,1,16,2,2.6,974.4,96.8,0,0.2,1.4,243,NA,NA,0,0,0,0,0,0,0,14,305,305,94,2.1,14.1,4.58,2.4
1988,1,16,3,2.7,974.3,96.4,0,0.2,0.9,270,NA,NA,1,0,0,0,0,0,0,14,306,306,94,2.2,14.2,4.6,2.5
1988,1,16,4,2.5,974.5,96.7,0,0.1,1.1,270,NA,NA,0,0,0,0,0,0,0,14,305,305,94,2,13.9,4.55,2.3
1988,1,16,5,2.7,975.2,96.7,0,0.2,1.1,225,NA,NA,0,0,0,0,0,0,0,14,306,306,94,2.2,14.2,4.61,2.5
1988,1,16,6,2.8,975.7,96.7,0,0.1,0.7,270,NA,7,0,0,0,0,0,0,0,14,308,308,94,2.3,14.4,4.64,2.6
1988,1,16,7,2.9,976.1,96.8,0,0.1,0.7,135,NA,NA,1,0,0,0,0,0,0,14,305,305,94,2.4,14.6,4.67,2.7
1988,1,16,8,3.4,976.5,97.9,0,0.1,1.2,360,NA,NA,64,48,134,170,150,27,27,14,299,303,94,3.1,15.7,4.9,3.3
1988,1,16,9,5.9,976.8,82.5,0,0.2,2.4,90,NA,NA,193,102,373,339,429,57,57,14,305,315,94,3.2,18.3,4.91,4.7
1988,1,16,10,6.9,976.8,71.8,0,0.2,1.9,45,NA,NA,194,139,166,178,319,67,68,14,309,319,94,2.2,18.4,4.58,4.8
1988,1,16,11,7.8,976.5,64.5,0,0.3,1.7,72,NA,NA,279,149,341,158,528,87,81,14,285,312,94,1.5,18.8,4.38,5
1988,1,16,12,8.8,976.1,57.5,0,0.5,1.8,63,NA,7,336,128,542,88,699,156,80,14,288,320,94,0.9,19.3,4.18,5.3
1988,1,16,13,9,975.9,56.9,0,0.9,2.5,69,NA,NA,260,125,391,73,528,247,72,14,287,318,94,0.9,19.6,4.19,5.4
1988,1,16,14,9.3,975.7,57,0,0.9,2.7,58,NA,NA,218,108,417,62,481,353,62,14,279,313,94,1.2,20.1,4.28,5.6
1988,1,16,15,7.8,975.4,65.1,0,0.9,2.5,84,NA,NA,72,50,153,29,172,183,29,14,273,301,94,1.7,19,4.42,5
1988,1,16,16,6.7,975.5,68.9,0,0.5,2.3,45,NA,NA,9,9,0,4,5,6,4,14,267,288,94,1.4,17.6,4.34,4.3
1988,1,16,17,5.3,975.7,79.9,0,0.3,1.7,90,NA,NA,0,0,0,0,0,0,0,14,265,282,94,2.1,16.8,4.57,3.9
1988,1,16,18,3.4,976.2,88.7,0,0.3,1.8,315,NA,3,0,0,0,0,0,0,0,14,255,275,94,1.7,14.5,4.44,2.7
1988,1,16,19,3,976.6,91.8,0,0.1,1,360,NA,NA,0,0,0,0,0,0,0,14,256,276,94,1.8,14.2,4.46,2.5
1988,1,16,20,2,976.7,94.4,0,0,0.7,0,NA,NA,0,0,0,0,0,0,0,14,250,271,94,1.2,12.7,4.27,1.7
1988,1,16,21,1.3,976.5,95.9,0,0.1,1,360,NA,NA,0,0,0,0,0,0,0,14,247,268,94,0.7,11.6,4.13,1.1
1988,1,16,22,1,976.7,95.8,0,0.1,1.1,0,NA,NA,0,0,0,0,0,0,0,14,246,268,94,0.4,11.1,4.03,0.8
1988,1,16,23,0.6,976.8,96,0,0.1,1,225,NA,NA,0,0,0,0,0,0,0,14,234,261,94,0,10.4,3.92,0.4
1988,1,17,0,0.2,976.7,96.7,0,0.4,1.4,225,NA,NA,0,0,0,0,0,0,0,14,233,261,94,-0.3,9.8,3.84,0
1988,1,17,1,0,976.8,96.8,0,0.1,1.2,315,NA,NA,0,0,0,0,0,0,0,14,234,261,94,-0.4,9.4,3.79,-0.2
1988,1,17,2,-0.1,976.4,96.7,0,0.2,1.6,243,NA,NA,0,0,0,0,0,0,0,14,233,260,94,-0.6,9.3,3.76,-0.3
1988,1,17,3,-0.4,976.3,96.6,0,0.1,1.2,270,NA,NA,0,0,0,0,0,0,0,14,231,259,94,-0.9,8.8,3.67,-0.6
1988,1,17,4,0.1,976.5,96.6,0,0.3,1.2,270,NA,NA,2,0,0,0,0,0,0,14,235,264,94,-0.4,9.6,3.81,-0.1
1988,1,17,5,0.9,976.6,97.6,0.1,0.2,2,0,NA,NA,0,0,0,0,0,0,0,14,256,277,94,0.6,11.1,4.08,0.8
1988,1,17,6,1.9,976.8,97.8,0.6,0.4,1.6,135,NA,8,0,0,0,0,0,0,0,14,260,281,94,1.6,12.9,4.39,1.8
1988,1,17,7,2.2,976.9,98,0.1,0.6,2.3,315,NA,NA,0,0,0,0,0,0,0,14,263,284,94,1.9,13.5,4.5,2.1
1988,1,17,8,2.8,977,98.3,0.1,0.7,3.8,211,NA,NA,31,31,0,15,14,14,14,14,267,288,94,2.6,14.6,4.71,2.7
1988,1,17,9,3.9,977,98,0,0.4,1.8,180,NA,NA,54,54,0,26,26,25,26,14,272,293,94,3.6,16.6,5.08,3.8
1988,1,17,10,4.2,976.9,98.7,0,0.4,2.7,270,NA,NA,57,57,0,27,26,27,28,14,273,295,94,4,17.3,5.23,4.1
1988,1,17,11,4.6,976.3,97.4,0,0.2,1.9,270,NA,NA,49,49,0,23,20,23,24,14,293,309,96,4.2,17.9,5.31,4.4
1988,1,17,12,5.4,975.7,90.5,0,0.3,1.6,0,NA,8,86,86,0,41,43,40,40,14,296,312,96,4,18.5,5.22,4.7
1988,1,17,13,5.6,975.5,87.8,0,0.6,2.6,281,NA,NA,53,53,0,26,23,24,26,14,294,311,96,3.7,18.5,5.13,4.7
1988,1,17,14,5.7,975.6,88.5,0,0.8,3,236,NA,NA,32,32,0,16,12,13,16,14,303,316,96,4,18.8,5.21,4.9
1988,1,17,15,5.5,975.9,89.3,0,0.3,1.1,0,NA,NA,12,12,0,6,4,4,6,14,302,314,96,3.9,18.5,5.18,4.8
1988,1,17,16,5.3,975.7,93.2,0.2,0.7,1.9,59,NA,NA,2,0,0,0,0,0,0,14,303,313,96,4.3,18.7,5.34,4.8
1988,1,17,17,5.2,975.6,95.7,0.4,0.8,2.3,39,NA,NA,0,0,0,0,0,0,0,14,286,305,96,4.6,18.9,5.44,4.9
1988,1,17,18,5.2,975.6,96.2,0.1,0.3,1.8,243,NA,8,1,0,0,0,0,0,0,14,286,305,96,4.6,18.9,5.47,4.9
1988,1,17,19,5.2,975.5,96.4,0,0.3,1.6,360,NA,NA,0,0,0,0,0,0,0,14,285,304,96,4.7,19,5.48,5
1988,1,17,20,4.8,975.4,96.7,0,0.3,1.3,243,NA,NA,0,0,0,0,0,0,0,14,284,303,96,4.3,18.2,5.35,4.6
1988,1,17,21,4.6,975.3,96.5,0,0,0.7,0,NA,NA,0,0,0,0,0,0,0,14,282,301,96,4.1,17.8,5.26,4.4
1988,1,17,22,4.6,975.2,96.3,0,0,0.7,0,NA,NA,0,0,0,0,0,0,0,14,280,299,96,4.1,17.8,5.25,4.4
1988,1,17,23,4.3,974.9,96.7,0,0.1,0.8,270,NA,NA,0,0,0,0,0,0,0,14,312,314,96,3.8,17.3,5.17,4.1
1988,1,18,0,3.5,974.6,96.9,0,0.3,1.1,243,NA,NA,0,0,0,0,0,0,0,14,307,307,96,3.1,15.8,4.89,3.3
1988,1,18,1,1.8,974.4,97.3,0,0.4,1.2,214,NA,NA,0,0,0,0,0,0,0,14,299,300,96,1.4,12.7,4.35,1.6
1988,1,18,2,0.7,974.2,96.9,0,0.4,1.5,214,NA,NA,0,0,0,0,0,0,0,14,236,269,96,0.3,10.7,4,0.5
1988,1,18,3,0.1,974,97.4,0,0.2,1.4,207,NA,NA,0,0,0,0,0,0,0,14,233,267,96,-0.3,9.7,3.85,-0.1
1988,1,18,4,-0.2,973.6,97.9,0,0.1,0.8,315,NA,NA,1,0,0,0,0,0,0,14,234,267,96,-0.5,9.2,3.79,-0.3
1988,1,18,5,0.4,973.6,97.7,0,0.2,0.9,243,NA,NA,3,0,0,0,0,0,0,14,237,271,96,0.1,10.3,3.95,0.3
1988,1,18,6,0.9,973.9,97.7,0,0.2,1.1,297,NA,8,3,0,0,0,0,0,0,14,306,306,96,0.6,11.1,4.09,0.8
1988,1,18,7,1.4,973.9,97.9,0,0.2,3.8,315,NA,NA,6,0,0,0,0,0,0,14,310,310,96,1.1,12,4.25,1.3
1988,1,18,8,1.8,974,98.3,0,0.6,2.4,292,NA,NA,24,24,0,10,10,12,12,14,312,312,96,1.6,12.8,4.4,1.7
1988,1,18,9,2.3,974.2,98.4,0,0.5,2.3,284,NA,NA,55,55,0,27,26,26,26,14,313,314,96,2.1,13.7,4.56,2.2
1988,1,18,10,2.6,973.8,98.4,0,0.7,2.4,309,NA,NA,74,74,0,36,37,34,35,14,317,317,96,2.4,14.3,4.66,2.5
1988,1,18,11,3.1,973,99,0,0.4,2.1,76,NA,NA,76,76,0,37,37,36,36,14,317,318,96,3,15.3,4.87,3.1
1988,1,18,12,3.3,972.6,99.1,0,0.5,3.1,45,NA,8,87,87,0,41,44,41,41,14,316,319,96,3.2,15.7,4.94,3.3
1988,1,18,13,3.4,972,98.4,0,0.7,3.5,39,NA,NA,79,79,0,38,40,38,38,14,317,318,96,3.2,15.8,4.95,3.3
1988,1,18,14,3.1,971.3,99.2,0,0.4,2,90,NA,NA,51,51,0,25,23,23,25,14,316,317,96,3,15.3,4.88,3.1
1988,1,18,15,3.1,970.9,98.7,0,0.6,2.5,76,NA,NA,27,27,0,13,11,11,13,14,315,316,96,2.9,15.3,4.86,3
1988,1,18,16,2.7,970.9,98.4,0,0.8,2.7,59,NA,NA,6,6,0,3,2,2,3,14,314,314,96,2.5,14.5,4.71,2.6
1988,1,18,17,2.8,971,98.4,0,1.2,3.5,18,NA,NA,2,0,0,0,0,0,0,14,315,315,96,2.6,14.7,4.74,2.7
1988,1,18,18,3.1,971.2,98.2,0,1.5,6,332,NA,8,1,0,0,0,0,0,0,14,315,315,96,2.8,15.2,4.84,3
1988,1,18,19,2.9,971.1,98.4,0,1.1,2.8,345,NA,NA,1,0,0,0,0,0,0,14,316,316,96,2.7,14.9,4.78,2.8
1988,1,18,20,2.9,971,98.4,0,0.8,2.1,304,NA,NA,1,0,0,0,0,0,0,14,315,315,96,2.7,14.9,4.78,2.8
1988,1,18,21,2.8,970.9,98.2,0,0.6,1.7,301,NA,NA,0,0,0,0,0,0,0,14,315,315,96,2.5,14.7,4.73,2.7
1988,1,18,22,2.8,970.6,98.5,0,0.8,1.7,326,NA,NA,4,0,0,0,0,0,0,14,315,315,96,2.6,14.7,4.75,2.7
1988,1,18,23,2.9,970,98.2,0,1.1,2.5,360,NA,NA,4,0,0,0,0,0,0,14,316,316,96,2.6,14.9,4.77,2.8
1988,1,19,0,2.9,969.5,98.4,0,2.3,3.7,20,NA,NA,2,0,0,0,0,0,0,14,315,315,96,2.7,14.9,4.78,2.8
1988,1,19,1,2.8,969.2,98.4,0,1.9,4.5,52,NA,NA,1,0,0,0,0,0,0,14,314,314,96,2.6,14.7,4.75,2.7
1988,1,19,2,2.7,968.6,98.5,0,1.8,2.9,10,NA,NA,0,0,0,0,0,0,0,14,313,313,96,2.5,14.5,4.73,2.6
1988,1,19,3,2.6,968,98.6,0,1.7,2.6,13,NA,NA,3,0,0,0,0,0,0,14,314,314,96,2.4,14.4,4.7,2.5
1988,1,19,4,2.5,967.4,98.6,0,2,3.2,11,NA,NA,1,0,0,0,0,0,0,14,313,313,96,2.3,14.2,4.67,2.4
1988,1,19,5,2.4,967.1,98.5,0,2.4,4.7,18,NA,NA,3,0,0,0,0,0,0,14,312,312,96,2.2,14,4.63,2.3
1988,1,19,6,2.1,966.8,98.2,0,2.2,3.5,18,NA,8,1,0,0,0,0,0,0,14,311,311,96,1.8,13.4,4.52,2
1988,1,19,7,1.9,966.7,98.1,0,1.7,3.1,353,NA,NA,2,0,0,0,0,0,0,14,311,311,96,1.6,13,4.45,1.8
1988,1,19,8,2,966.9,98.2,0,1.2,2.6,346,NA,NA,10,10,0,3,3,5,5,14,311,311,96,1.7,13.2,4.49,1.9
1988,1,19,9,2.1,966.9,98.1,0,1.6,5.4,353,NA,NA,32,32,0,13,12,15,16,14,313,313,96,1.8,13.4,4.52,2
1988,1,19,10,2.2,966.5,96.5,0,1.7,4.5,7,NA,NA,54,54,0,25,24,26,26,14,312,313,96,1.7,13.4,4.48,2
1988,1,19,11,2.3,965.6,93.7,0,1.5,4.1,32,NA,NA,58,58,0,28,25,28,28,14,314,314,94,1.4,13.3,4.38,1.9
1988,1,19,12,2.4,965.2,92,0,1.9,4.1,28,NA,8,63,63,0,31,28,30,31,14,312,312,94,1.2,13.2,4.33,1.9
1988,1,19,13,2.5,964.7,91.7,0,1.9,4,18,NA,NA,53,53,0,26,23,24,26,14,313,313,94,1.3,13.4,4.35,2
1988,1,19,14,2.6,964.9,91.1,0,1.3,3.3,15,NA,NA,47,47,0,23,21,21,23,14,315,315,94,1.3,13.5,4.35,2
1988,1,19,15,2.6,964.9,89.9,0,0.9,2.8,41,NA,NA,32,32,0,15,14,14,15,14,314,314,94,1.1,13.4,4.3,2
1988,1,19,16,2.6,964.9,89.8,0,0.5,2.3,45,NA,NA,4,4,0,2,1,0,2,14,313,313,94,1.1,13.3,4.29,2
1988,1,19,17,2.6,965.4,90,0,0.6,1.9,79,NA,NA,1,0,0,0,0,0,0,14,314,314,94,1.1,13.4,4.3,2
1988,1,19,18,2.5,965.9,90.3,0,0.5,2.2,101,NA,8,0,0,0,0,0,0,0,14,313,313,94,1.1,13.2,4.28,1.9
1988,1,19,19,2.5,966.3,90.1,0,0.2,1.7,90,NA,NA,0,0,0,0,0,0,0,14,314,314,94,1,13.2,4.27,1.9
1988,1,19,20,2.3,966.5,92.4,0,0.9,2.2,302,NA,NA,0,0,0,0,0,0,0,14,312,312,94,1.2,13.1,4.32,1.8
1988,1,19,21,2.3,966.6,93.7,0,0.6,1.9,333,NA,NA,3,0,0,0,0,0,0,14,312,312,94,1.4,13.3,4.38,1.9
1988,1,19,22,2.3,967,93.9,0,0.4,1.6,14,NA,NA,3,0,0,0,0,0,0,14,312,312,94,1.4,13.3,4.38,1.9
1988,1,19,23,2.3,966.7,94.6,0,0.5,1.9,101,NA,NA,1,0,0,0,0,0,0,14,312,312,94,1.5,13.4,4.42,2
1988,1,20,0,2,966.7,95.8,0,0.3,2.1,90,NA,NA,2,0,0,0,0,0,0,14,311,311,94,1.4,13,4.38,1.7
1988,1,20,1,1.8,966.5,97,0,0.7,2.6,98,NA,NA,3,0,0,0,0,0,0,14,309,309,94,1.4,12.7,4.37,1.6
1988,1,20,2,1.5,966.4,97.1,0,0.8,1.7,83,NA,NA,2,0,0,0,0,0,0,14,308,308,94,1.1,12.2,4.28,1.3
1988,1,20,3,1.3,966.1,97.4,0,0.3,2.5,45,NA,NA,1,0,0,0,0,0,0,14,308,308,94,0.9,11.9,4.24,1.1
1988,1,20,4,1.2,965.8,97.4,0,0.7,2.3,90,NA,NA,0,0,0,0,0,0,0,14,307,307,94,0.8,11.7,4.21,1
1988,1,20,5,0.7,965.7,97.8,0,0.9,2.7,104,NA,NA,0,0,0,0,0,0,0,14,305,305,94,0.4,10.9,4.07,0.6
1988,1,20,6,0.7,965.6,97.7,0,0.7,2.4,338,NA,8,0,0,0,0,0,0,0,14,305,305,94,0.4,10.9,4.07,0.6
1988,1,20,7,0.8,965.9,97.3,0,0.5,2.2,180,NA,NA,0,0,0,0,0,0,0,14,304,304,94,0.4,11,4.08,0.6
1988,1,20,8,1,966.2,97.6,0,0.9,2.5,284,NA,NA,13,13,0,4,5,6,7,14,309,309,94,0.7,11.4,4.15,0.9
1988,1,20,9,1.1,966.3,98.1,0,0.6,2.6,281,NA,NA,29,29,0,12,11,14,14,14,309,309,94,0.8,11.6,4.2,1
1988,1,20,10,1.3,966,98.5,0,1,2.7,304,NA,NA,63,63,0,30,29,30,30,14,308,308,94,1.1,12,4.28,1.2
1988,1,20,11,1.7,965.1,98.6,0,0.5,2.1,259,NA,NA,58,58,0,28,25,28,28,14,311,311,94,1.5,12.8,4.42,1.6
1988,1,20,12,2.2,964.4,97.5,0,0.3,2.5,270,NA,8,80,80,0,39,39,38,38,14,314,314,94,1.8,13.5,4.53,2
1988,1,20,13,2.2,964,93.8,0,0.8,2.9,320,NA,NA,77,77,0,37,38,37,37,14,312,312,94,1.3,13.1,4.36,1.8
1988,1,20,14,2.2,964,93,0,0.9,2.6,264,NA,NA,35,35,0,17,14,14,17,14,312,312,94,1.2,13,4.32,1.8
1988,1,20,15,2.3,963.9,93.3,0,1,2.6,326,NA,NA,14,14,0,7,5,5,7,14,311,311,94,1.3,13.2,4.37,1.9
1988,1,20,16,2.3,963.9,93.9,0,0.6,2.2,270,NA,NA,3,3,0,2,1,0,2,14,312,312,94,1.4,13.3,4.4,1.9
1988,1,20,17,2.1,963.7,94.8,0,0.8,4,262,NA,NA,0,0,0,0,0,0,0,14,311,311,94,1.4,13.1,4.38,1.8
1988,1,20,18,2.4,963.8,96,0,1.1,2.8,229,NA,8,0,0,0,0,0,0,0,14,314,314,94,1.8,13.7,4.53,2.1
1988,1,20,19,3.4,964.3,96.2,0.6,2.4,7,218,NA,NA,0,0,0,0,0,0,0,14,325,325,94,2.9,15.6,4.87,3.2
1988,1,20,20,5,965,87.2,1.7,4.8,9.4,203,NA,NA,0,0,0,0,0,0,0,14,299,307,94,3.1,17.4,4.94,4.1
1988,1,20,21,4.6,964.9,85.8,0.7,3.6,7,188,NA,NA,0,0,0,0,0,0,0,14,297,305,94,2.4,16.5,4.73,3.6
1988,1,20,22,4.4,965.2,81.7,0,3.1,6.3,230,NA,NA,0,0,0,0,0,0,0,14,297,304,94,1.6,15.5,4.43,3.2
1988,1,20,23,4.1,964.9,81.2,0,3.7,7.1,241,NA,NA,0,0,0,0,0,0,0,14,277,294,94,1.2,14.9,4.32,2.9
1988,1,21,0,3.8,964.6,83,0,1,6.2,207,NA,NA,0,0,0,0,0,0,0,14,274,289,94,1.2,14.6,4.32,2.7
1988,1,21,1,3.5,964.4,89,0,0.1,1.1,0,NA,NA,0,0,0,0,0,0,0,14,274,291,94,1.9,14.9,4.54,2.8
1988,1,21,2,3.4,963.7,91.8,0,0.5,1.8,0,NA,NA,0,0,0,0,0,0,0,14,309,309,94,2.2,15.1,4.65,2.9
1988,1,21,3,3.2,963.1,93.9,0,0.3,1.6,180,NA,NA,0,0,0,0,0,0,0,14,311,311,94,2.3,15,4.69,2.8
1988,1,21,4,4.1,962.8,90.1,0,0.5,2.3,207,NA,NA,0,0,0,0,0,0,0,14,312,312,94,2.6,16.2,4.8,3.4
1988,1,21,5,4.2,962.7,88.6,0.1,0.9,3.6,207,NA,NA,0,0,0,0,0,0,0,14,307,311,96,2.5,16.1,4.76,3.4
1988,1,21,6,4.7,962.8,83.6,0.4,3.4,7,213,NA,8,0,0,0,0,0,0,0,14,305,312,96,2.2,16.4,4.65,3.6
1988,1,21,7,3.9,963.6,90.4,4.6,3.8,6.6,233,NA,NA,0,0,0,0,0,0,0,14,301,309,96,2.5,15.8,4.75,3.3
1988,1,21,8,3.5,964,93,0.9,2.7,5.6,222,NA,NA,12,12,0,4,4,6,6,14,284,300,96,2.5,15.4,4.75,3.1
1988,1,21,9,3.7,964.9,91.6,0,1.4,3.8,222,NA,NA,46,46,0,21,20,22,22,14,287,303,96,2.5,15.6,4.74,3.2
1988,1,21,10,4.8,965.7,77.1,0,1.6,5.2,222,NA,NA,122,122,1,65,77,53,54,14,287,306,96,1.1,15.6,4.3,3.2
1988,1,21,11,5.2,966.3,62.7,0,1.6,4.6,259,NA,NA,160,151,22,81,133,68,67,14,316,322,96,-1.3,14.2,3.59,2.5
1988,1,21,12,5.4,966.5,60.6,0,0.9,2.6,34,NA,7,174,171,7,78,127,81,74,14,315,323,96,-1.6,14.2,3.52,2.5
1988,1,21,13,5.6,967,56.3,0,1,4.2,342,NA,NA,188,162,72,71,218,126,71,14,316,326,96,-2.4,13.9,3.31,2.4
1988,1,21,14,4.8,967.5,55.6,0,2.6,8.1,318,NA,NA,91,91,0,41,53,48,41,14,302,313,96,-3.3,12.6,3.09,1.7
1988,1,21,15,4.8,968.3,56.4,0,0.8,3.9,309,NA,NA,41,41,0,19,20,20,19,14,302,312,96,-3.1,12.7,3.13,1.7
1988,1,21,16,4.5,968.9,60,0,1.3,4.2,270,NA,NA,8,8,0,4,3,2,4,14,303,310,96,-2.6,12.7,3.26,1.7
1988,1,21,17,3.9,969.6,65.2,0,0.7,3.4,288,NA,NA,0,0,0,0,0,0,0,14,309,311,96,-2,12.4,3.39,1.6
1988,1,21,18,3.4,970.1,71.4,0,1.1,3.3,333,NA,7,1,0,0,0,0,0,0,14,305,309,96,-1.3,12.4,3.59,1.5
1988,1,21,19,3,970.1,77.9,0,1.1,2.6,246,NA,NA,0,0,0,0,0,0,0,14,308,309,96,-0.5,12.5,3.81,1.6
1988,1,21,20,3,970.2,79.9,0,0.7,2.5,225,NA,NA,0,0,0,0,0,0,0,14,307,308,96,-0.1,12.8,3.9,1.7
1988,1,21,21,2.3,970.2,84.6,0,1.8,3,230,NA,NA,0,0,0,0,0,0,0,14,299,301,96,0,12.1,3.93,1.4
1988,1,21,22,1.4,970.2,88.8,0,0.6,2.4,243,NA,NA,0,0,0,0,0,0,0,14,298,298,96,-0.2,11.1,3.87,0.8
1988,1,21,23,0.1,970,93.5,0,0.4,2.7,360,NA,NA,0,0,0,0,0,0,0,14,238,265,96,-0.8,9.4,3.71,-0.3
1988,1,22,0,-0.6,969.5,96.2,0,0.6,1.3,225,NA,NA,0,0,0,0,0,0,0,14,240,267,96,-1.1,8.4,3.63,-0.8
1988,1,22,1,-0.5,969.4,96.1,0,0.6,1.5,225,NA,NA,0,0,0,0,0,0,0,14,238,265,96,-1,8.6,3.65,-0.7
1988,1,22,2,-0.6,968.4,95.2,0,0.3,1.2,225,NA,NA,0,0,0,0,0,0,0,14,229,260,96,-1.3,8.4,3.6,-0.9
1988,1,22,3,-1.1,967.8,95.9,0,0.4,1.1,225,NA,NA,0,0,0,0,0,0,0,14,228,257,96,-1.7,7.6,3.49,-1.3
1988,1,22,4,-1.2,966.8,95.6,0,0.1,1,225,NA,NA,0,0,0,0,0,0,0,14,227,258,96,-1.8,7.4,3.46,-1.4
1988,1,22,5,-0.9,965.9,96.3,0,0.6,2.2,261,NA,NA,0,0,0,0,0,0,0,14,240,268,96,-1.4,8,3.57,-1.1
1988,1,22,6,0.7,964.7,94.2,0,1.3,3.9,204,NA,8,0,0,0,0,0,0,0,14,245,270,94,-0.1,10.5,3.93,0.4
1988,1,22,7,1.1,963.9,85.1,0,3.1,5.9,224,NA,NA,1,0,0,0,0,0,0,14,245,271,94,-1.1,10.2,3.65,0.2
1988,1,22,8,1.4,964,79.8,0,4.1,8.5,222,NA,NA,9,9,0,3,3,5,5,14,266,282,94,-1.7,10.1,3.5,0.2
1988,1,22,9,1.5,963.3,76.7,0,2.3,5.2,217,NA,NA,31,31,0,13,12,15,15,14,263,282,94,-2.1,10,3.39,0.1
1988,1,22,10,1.4,961.9,80,0,4.4,8.5,227,NA,NA,49,49,0,23,21,23,24,14,261,281,94,-1.7,10.2,3.52,0.2
1988,1,22,11,0.6,960.1,94.7,0.7,4.9,9,239,NA,NA,48,48,0,23,20,23,24,14,304,304,94,-0.2,10.4,3.94,0.3
1988,1,22,12,1,959.1,97.8,0.6,6.8,11.2,239,NA,8,97,97,0,46,51,45,45,14,308,308,94,0.7,11.5,4.19,0.9
1988,1,22,13,2.1,959.4,93.9,0.4,7.9,13.7,225,NA,NA,88,88,0,41,45,42,41,14,314,314,94,1.2,13,4.36,1.7
1988,1,22,14,2.9,960,89.8,1.1,8.4,12.9,212,NA,NA,87,87,0,40,49,45,40,14,307,308,94,1.4,13.9,4.41,2.3
1988,1,22,15,3.7,960.4,87.4,0.2,6.6,13.1,216,NA,NA,74,60,82,32,125,133,32,14,312,312,94,1.8,15.1,4.54,2.9
1988,1,22,16,4.2,961.5,84.2,0.4,6.1,12.1,215,NA,NA,5,5,0,3,1,1,3,14,316,316,94,1.8,15.6,4.52,3.1
1988,1,22,17,5,963.3,70.8,0,5.2,12.2,217,NA,NA,0,0,0,0,0,0,0,14,306,312,96,0.1,15.1,4.01,2.9
1988,1,22,18,5.4,964.4,55.2,0,5.3,13.2,268,NA,6,0,0,0,0,0,0,0,14,307,312,96,-2.9,13.5,3.21,2.1
1988,1,22,19,5.3,965.7,52.5,0,5,11.1,271,NA,NA,0,0,0,0,0,0,0,14,305,311,96,-3.6,12.9,3.03,1.9
1988,1,22,20,4.7,967,49.9,0,4.7,11.1,284,NA,NA,0,0,0,0,0,0,0,14,309,312,96,-4.8,11.6,2.75,1.2
1988,1,22,21,3,968.1,59.9,0.2,3.2,9.2,308,NA,NA,0,0,0,0,0,0,0,14,303,305,96,-4,10.3,2.93,0.4
1988,1,22,22,2.8,968.6,60.8,0,2,6.7,261,NA,NA,0,0,0,0,0,0,0,14,301,302,96,-4,10.1,2.93,0.3
1988,1,22,23,2.3,969.2,66.6,0,2.8,5.8,221,NA,NA,0,0,0,0,0,0,0,14,275,290,96,-3.3,10,3.1,0.2
1988,1,23,0,2.7,969.6,61.5,0,2,4.8,245,NA,NA,0,0,0,0,0,0,0,14,273,290,96,-3.9,10.1,2.94,0.3
1988,1,23,1,2.2,970,60.4,0,1.6,5.3,332,NA,NA,0,0,0,0,0,0,0,14,268,286,96,-4.7,9.2,2.78,-0.3
1988,1,23,2,0.6,969.9,84,0,1.2,2.6,56,NA,NA,0,0,0,0,0,0,0,14,286,293,96,-1.8,9.2,3.46,-0.3
1988,1,23,3,0.8,970,85.3,0,0.7,3.2,243,NA,NA,0,0,0,0,0,0,0,14,288,293,96,-1.4,9.7,3.56,-0.1
1988,1,23,4,0.7,970.7,87.1,0,2.8,6,246,NA,NA,0,0,0,0,0,0,0,14,285,293,96,-1.2,9.7,3.61,0
1988,1,23,5,-0.1,971.3,94.4,0,1.7,3.3,223,NA,NA,0,0,0,0,0,0,0,30,258,276,96,-0.9,9.1,3.69,-0.4
1988,1,23,6,0.1,972.4,95.3,0,3,4.8,225,NA,3,0,0,0,0,0,0,0,30,261,279,96,-0.6,9.5,3.77,-0.2
1988,1,23,7,0.4,973.1,93.5,0,3.7,6.4,232,NA,NA,6,0,0,0,0,0,0,30,260,280,96,-0.5,9.8,3.78,0
1988,1,23,8,0.6,973.4,95.1,0,3.6,5.8,225,NA,NA,96,41,388,380,319,39,39,30,280,291,96,-0.1,10.3,3.9,0.3
1988,1,23,9,1.6,973.2,81.8,0,2,3.6,240,NA,NA,231,55,668,511,630,72,72,30,282,298,96,-1.2,10.6,3.61,0.5
1988,1,23,10,2.8,972.6,65.5,0,1.3,3.1,218,NA,NA,333,80,716,408,780,97,96,30,285,305,96,-3,10.7,3.14,0.6
1988,1,23,11,3.8,971.9,56.5,0,1.1,3.3,253,NA,NA,330,163,416,183,607,95,88,14,261,297,96,-4,11.1,2.91,0.9
1988,1,23,12,4.8,971.2,49.7,0,1.1,3.5,221,NA,3,398,109,709,90,831,167,82,14,262,302,96,-4.8,11.7,2.75,1.2
1988,1,23,13,5,970.1,44.7,0,0.7,3,56,NA,NA,287,152,365,83,529,253,82,14,263,300,96,-6,11.3,2.51,1
1988,1,23,14,4.9,970,40,0,0.8,2.2,56,NA,NA,226,100,437,61,488,359,61,14,249,292,96,-7.6,10.5,2.23,0.5
1988,1,23,15,4.5,970.1,43.2,0,0.9,2.4,304,NA,NA,112,59,309,38,290,315,38,14,247,287,96,-6.9,10.4,2.34,0.5
1988,1,23,16,4.1,969.8,47.6,0,0.5,1.5,108,NA,NA,16,16,0,7,10,11,7,14,247,283,96,-6,10.4,2.51,0.5
1988,1,23,17,3.9,969.5,50.5,0,0.4,1.4,180,NA,NA,0,0,0,0,0,0,0,14,268,291,96,-5.4,10.5,2.63,0.5
1988,1,23,18,3.7,969,50.9,0,0.2,1.2,180,NA,7,1,0,0,0,0,0,0,14,265,290,96,-5.5,10.3,2.61,0.4
1988,1,23,19,3.4,968.7,56.5,0,0.3,1.6,198,NA,NA,1,0,0,0,0,0,0,14,266,291,96,-4.4,10.5,2.84,0.5
1988,1,23,20,3.1,968.3,59,0,0.9,2.2,225,NA,NA,0,0,0,0,0,0,0,14,276,295,96,-4.1,10.4,2.9,0.4
1988,1,23,21,2.9,967.5,64.2,0,1.1,2.3,221,NA,NA,0,0,0,0,0,0,0,14,276,294,96,-3.2,10.7,3.12,0.6
1988,1,23,22,3.2,967.3,60.5,0,0.8,2.1,187,NA,NA,1,0,0,0,0,0,0,14,275,294,96,-3.7,10.7,3,0.6
1988,1,23,23,3,966.9,64,0,1.8,3.3,218,NA,NA,0,0,0,0,0,0,0,14,267,290,96,-3.1,10.9,3.13,0.7
1988,1,24,0,2.7,966.2,67.6,0,0.5,2.1,288,NA,NA,2,0,0,0,0,0,0,14,266,289,96,-2.7,10.8,3.24,0.6
1988,1,24,1,2.9,965.8,68.8,0,0.9,3.7,225,NA,NA,3,0,0,0,0,0,0,14,269,291,96,-2.3,11.3,3.35,0.9
1988,1,24,2,3.4,965.3,61.8,0,1.2,3.3,211,NA,NA,2,0,0,0,0,0,0,14,267,292,96,-3.2,11.2,3.12,0.9
1988,1,24,3,3.2,964.9,65.4,0,2.1,3.8,221,NA,NA,0,0,0,0,0,0,0,14,269,292,96,-2.7,11.4,3.26,0.9
1988,1,24,4,3.3,964.3,65,0,2.1,3.8,219,NA,NA,0,0,0,0,0,0,0,14,269,292,96,-2.6,11.5,3.26,1
1988,1,24,5,3.2,963.9,67,0,0.8,2.3,225,NA,NA,0,0,0,0,0,0,0,14,288,301,96,-2.3,11.6,3.34,1.1
1988,1,24,6,3.3,963.6,71.1,0.1,1,3.1,204,NA,8,0,0,0,0,0,0,0,14,289,300,96,-1.4,12.3,3.57,1.4
1988,1,24,7,3.4,963.4,74.6,0.1,1.5,4.1,212,NA,NA,0,0,0,0,0,0,0,14,291,302,96,-0.7,12.9,3.78,1.7
1988,1,24,8,3.7,962.9,77,0,3.3,6.3,220,NA,NA,29,29,0,12,13,13,14,14,292,304,96,0,13.7,3.98,2.2
1988,1,24,9,3.8,962.5,85.5,0,3.7,6.9,230,NA,NA,56,56,0,27,27,26,27,14,295,307,96,1.6,15,4.46,2.8
1988,1,24,10,5,961.9,78.7,0,3.9,6.3,226,NA,NA,77,77,0,38,38,36,37,14,300,313,96,1.6,16.2,4.47,3.5
1988,1,24,11,5.3,961.3,80.6,0.3,4.7,7.3,225,NA,NA,61,61,0,29,27,29,30,14,293,309,96,2.2,17.1,4.68,3.9
1988,1,24,12,5.4,960.5,85.2,0.4,5.2,8.9,240,NA,8,85,85,0,41,42,40,40,14,294,311,96,3.1,17.9,4.99,4.3
1988,1,24,13,5.9,959.8,85.9,0.2,5,8.1,237,NA,NA,90,90,0,42,47,43,42,14,296,313,96,3.7,19,5.21,4.9
1988,1,24,14,6.1,959.9,87.9,0.4,5.6,8.7,236,NA,NA,54,54,0,26,25,24,26,14,306,318,96,4.2,19.7,5.41,5.2
1988,1,24,15,6.7,959.3,85.5,0.1,5.5,9,245,NA,NA,36,36,0,17,16,16,17,14,325,327,96,4.4,20.5,5.49,5.6
1988,1,24,16,6.7,959,86.5,0.1,5.4,9,237,NA,NA,3,3,0,2,1,0,2,14,328,328,96,4.6,20.7,5.55,5.7
1988,1,24,17,6.9,958.9,83.8,0.2,4.9,9.1,246,NA,NA,0,0,0,0,0,0,0,14,308,318,96,4.4,20.6,5.45,5.7
1988,1,24,18,6.7,958.7,82.8,0,4.8,8,248,NA,7,0,0,0,0,0,0,0,14,309,319,96,4,20.1,5.31,5.4
1988,1,24,19,6.8,957.8,82.3,0,4,9.5,238,NA,NA,0,0,0,0,0,0,0,14,308,318,96,4,20.2,5.32,5.5
1988,1,24,20,7.1,957.1,80.9,0,3.6,7.4,236,NA,NA,0,0,0,0,0,0,0,14,284,306,96,4,20.6,5.35,5.6
1988,1,24,21,6.7,956,81.7,0,4.3,9.1,248,NA,NA,0,0,0,0,0,0,0,14,283,304,96,3.8,19.9,5.26,5.3
1988,1,24,22,7,954.9,80.1,0,5.6,10.8,230,NA,NA,0,0,0,0,0,0,0,14,284,307,96,3.8,20.3,5.27,5.5
1988,1,24,23,6.9,954.1,81.6,0,5.6,9.8,230,NA,NA,0,0,0,0,0,0,0,14,306,318,96,4,20.3,5.34,5.5
1988,1,25,0,6.7,953.5,85.6,0.4,3.6,6,216,NA,NA,0,0,0,0,0,0,0,14,311,319,96,4.5,20.6,5.53,5.6
1988,1,25,1,6.8,953.2,88.2,2.1,4.6,8.7,215,NA,NA,0,0,0,0,0,0,0,14,309,320,96,5,21.2,5.74,5.9
1988,1,25,2,6.5,952.2,94.7,1.7,3.5,5.4,229,NA,NA,0,0,0,0,0,0,0,14,292,311,96,5.7,21.7,6.04,6.1
1988,1,25,3,6.5,951.2,96,1.4,2.3,4.6,238,NA,NA,1,0,0,0,0,0,0,14,294,312,96,5.9,21.9,6.13,6.2
1988,1,25,4,6.5,950.7,95.9,0.4,0.8,2.6,230,NA,NA,1,0,0,0,0,0,0,14,292,310,96,5.9,21.9,6.13,6.2
1988,1,25,5,6.6,950.5,96.8,0.8,1.7,3,230,NA,NA,2,0,0,0,0,0,0,14,327,327,96,6.1,22.3,6.23,6.4
1988,1,25,6,6.7,950.8,96.3,1.7,1.4,3.9,234,NA,8,0,0,0,0,0,0,0,14,327,327,96,6.2,22.4,6.24,6.5
1988,1,25,7,7.1,951.4,94.5,2.9,3.4,8.1,224,NA,NA,3,3,0,1,1,2,2,14,328,330,96,6.3,22.9,6.29,6.7
1988,1,25,8,7.2,951.5,91.9,1.8,4.7,8.4,213,NA,NA,14,14,0,5,5,7,7,14,313,323,96,6,22.7,6.16,6.6
1988,1,25,9,7.6,952,89.8,1,3.7,8.5,202,NA,NA,37,37,0,16,15,18,18,14,315,325,96,6,23.2,6.18,6.8
1988,1,25,10,8.2,952.6,85.6,0.1,3.9,9.5,197,NA,NA,81,81,0,40,41,38,38,14,318,328,96,5.9,23.7,6.13,7
1988,1,25,11,8.7,952.7,78,0,4.2,9,197,NA,NA,123,123,0,60,72,56,56,14,318,329,96,5.1,23.3,5.78,6.9
1988,1,25,12,7.9,952.7,88.4,2.4,4,8.7,220,NA,8,45,45,0,22,18,21,22,14,316,326,96,6.1,23.5,6.21,7
1988,1,25,13,7.5,953,89.9,0.4,2.8,8.3,232,NA,NA,40,40,0,20,16,18,20,14,309,322,96,6,23,6.14,6.8
1988,1,25,14,7.2,953.3,72.5,0,3.4,8,185,NA,NA,93,93,0,42,53,49,42,14,314,323,96,2.6,19.4,4.84,5.1
1988,1,25,15,7.9,953.5,72,0,3.2,9.4,204,NA,NA,65,64,4,29,44,45,29,14,310,321,96,3.2,20.6,5.04,5.7
1988,1,25,16,7.5,953.5,80.8,0,2.5,4.1,215,NA,NA,10,10,0,5,4,3,5,14,310,319,96,4.4,21.4,5.51,6
1988,1,25,17,8,954,73.3,0.1,4.3,8.6,211,NA,NA,0,0,0,0,0,0,0,14,313,322,96,3.5,21,5.17,5.9
1988,1,25,18,7,954.6,74.5,0,3.5,7.6,212,NA,6,0,0,0,0,0,0,0,14,306,317,96,2.8,19.3,4.9,5.1
1988,1,25,19,6.7,954.8,77.8,0,2.5,4.6,212,NA,NA,1,0,0,0,0,0,0,14,310,317,96,3.1,19.3,5.01,5
1988,1,25,20,7.6,955.4,72.6,0,3,7.3,201,NA,NA,0,0,0,0,0,0,0,14,287,310,96,3,20.1,4.97,5.5
1988,1,25,21,8.2,955.9,67.8,0,4.3,9.3,200,NA,NA,2,0,0,0,0,0,0,14,287,312,96,2.6,20.4,4.83,5.6
1988,1,25,22,8.3,956,61.8,0,5.3,11.6,207,NA,NA,1,0,0,0,0,0,0,14,285,310,96,1.4,19.5,4.43,5.2
1988,1,25,23,8.3,956.3,58.6,0,7.1,12.8,212,NA,NA,0,0,0,0,0,0,0,14,311,323,96,0.7,18.9,4.2,4.9
1988,1,26,0,8.4,956.3,57.9,0,6.3,13,218,NA,NA,3,0,0,0,0,0,0,14,312,324,96,0.6,18.9,4.18,4.9
1988,1,26,1,8.1,956.8,59.5,0,6.2,13.1,214,NA,NA,3,0,0,0,0,0,0,14,310,321,96,0.7,18.7,4.2,4.8
1988,1,26,2,8,956.9,59.4,0,6.2,11.6,214,NA,NA,0,0,0,0,0,0,0,14,340,340,96,0.6,18.5,4.17,4.7
1988,1,26,3,8.3,957,57.8,0.1,5.4,9.2,220,NA,NA,2,0,0,0,0,0,0,14,341,341,96,0.5,18.7,4.14,4.8
1988,1,26,4,8.7,957.1,54.3,0,5.2,10.1,215,NA,NA,0,0,0,0,0,0,0,14,341,341,96,0,18.8,3.99,4.9
1988,1,26,5,8.3,957.5,57.5,0,5.9,13.3,208,NA,NA,0,0,0,0,0,0,0,14,329,331,96,0.4,18.7,4.12,4.8
1988,1,26,6,7.8,957.8,61.4,0,5.5,9.8,218,NA,7,1,0,0,0,0,0,0,14,331,331,96,0.8,18.5,4.25,4.7
1988,1,26,7,8.4,958.4,57.8,0,5,9.6,207,NA,NA,1,0,0,0,0,0,0,14,331,332,96,0.6,18.9,4.16,4.9
1988,1,26,8,8.2,959.3,58.8,0,5.9,15,208,NA,NA,19,19,0,7,7,9,10,14,324,329,96,0.6,18.7,4.17,4.8
1988,1,26,9,7,959.2,74.2,0.1,4.3,12.7,220,NA,NA,47,47,0,21,21,22,23,14,328,329,96,2.7,19.2,4.86,5
1988,1,26,10,8.4,959.7,61.3,0,5,10.9,209,NA,NA,80,80,0,39,40,37,38,14,331,333,96,1.4,19.5,4.41,5.2
1988,1,26,11,8.3,959.3,62.5,0.1,6.8,14.3,208,NA,NA,141,140,0,69,87,63,63,14,317,328,96,1.6,19.6,4.47,5.3
1988,1,26,12,9.3,959.2,57,0,5.7,11.5,198,NA,6,143,142,0,66,88,67,64,14,320,331,96,1.2,20.3,4.36,5.6
1988,1,26,13,9.9,959,53.6,0,5.8,11,203,NA,NA,141,138,6,62,93,72,62,14,319,333,96,0.9,20.7,4.27,5.8
1988,1,26,14,9.5,959.4,55.2,0,6.8,14.5,207,NA,NA,58,58,0,28,27,27,28,14,308,325,96,1,20.3,4.28,5.6
1988,1,26,15,9.7,959.6,54.5,0,5,10.7,201,NA,NA,77,71,35,33,79,83,33,14,306,325,96,1,20.5,4.28,5.7
1988,1,26,16,9,960.1,56.7,0,5,12.9,210,NA,NA,14,14,0,7,7,6,7,14,304,320,96,0.9,19.7,4.24,5.4
1988,1,26,17,8.5,960.9,63.4,0.1,5.5,9.4,218,NA,NA,0,0,0,0,0,0,0,14,339,339,96,2,20.1,4.59,5.5
1988,1,26,18,8.4,961.5,63.9,0,4.3,8.8,211,NA,8,0,0,0,0,0,0,0,14,343,343,96,2,20,4.59,5.5
1988,1,26,19,8.6,962.1,60.7,0,4.3,7.5,213,NA,NA,0,0,0,0,0,0,0,14,342,342,96,1.4,19.7,4.41,5.3
1988,1,26,20,8.3,962.3,63.2,0,3.4,7.3,214,NA,NA,0,0,0,0,0,0,0,14,292,313,96,1.7,19.7,4.5,5.3
1988,1,26,21,8,962.6,65.1,0,2.3,4.1,221,NA,NA,0,0,0,0,0,0,0,14,294,311,96,1.9,19.5,4.54,5.2
1988,1,26,22,6.1,962.9,73.9,0,1.4,3.5,234,NA,NA,1,0,0,0,0,0,0,14,285,301,96,1.8,17.5,4.53,4.2
1988,1,26,23,4.7,963.1,82.7,0,0.8,2.3,225,NA,NA,0,0,0,0,0,0,0,14,269,291,96,2,16.2,4.59,3.5
1988,1,27,0,5,962.9,84.5,0,0.8,1.9,210,NA,NA,0,0,0,0,0,0,0,14,276,291,96,2.6,17,4.8,3.9
1988,1,27,1,4.5,962.8,83.6,0,0.6,2.3,171,NA,NA,0,0,0,0,0,0,0,14,264,285,96,2,16,4.58,3.4
1988,1,27,2,3.5,963,88.1,0,0.6,2.3,79,NA,NA,0,0,0,0,0,0,0,14,258,281,96,1.7,14.8,4.5,2.7
1988,1,27,3,3,962.8,91.5,0,0.3,1.7,243,NA,NA,1,0,0,0,0,0,0,14,253,279,96,1.8,14.3,4.51,2.5
1988,1,27,4,2.8,963.3,94.4,0,0.2,1.7,90,NA,NA,0,0,0,0,0,0,0,14,259,282,96,2,14.3,4.59,2.5
1988,1,27,5,3.5,963.3,93.5,0,0.6,1.6,11,NA,NA,4,0,0,0,0,0,0,14,262,288,96,2.6,15.5,4.77,3.1
1988,1,27,6,4,963.5,90.3,0,0.4,1.1,14,NA,7,3,0,0,0,0,0,0,14,288,301,96,2.6,16,4.78,3.4
1988,1,27,7,4.5,963.7,88.7,0,0.4,1.3,56,NA,NA,1,0,0,0,0,0,0,14,291,304,96,2.8,16.7,4.86,3.7
1988,1,27,8,4.7,963.6,89.9,0,0.5,2.7,333,NA,NA,54,52,11,43,39,24,24,14,265,293,96,3.2,17.2,4.99,4
1988,1,27,9,6.4,963.6,74.2,0,0.2,1.8,0,NA,NA,211,109,368,354,423,62,62,14,274,306,96,2.1,18.1,4.64,4.5
1988,1,27,10,7.8,963.6,64.5,0,0.4,2,27,NA,NA,335,136,542,350,655,81,81,14,275,315,96,1.5,19,4.43,5
1988,1,27,11,8.4,963.4,60.7,0,1.2,3.2,52,NA,NA,265,189,182,143,376,91,86,14,275,315,96,1.3,19.4,4.35,5.2
1988,1,27,12,8.2,962.9,62.6,0,1,2.7,54,NA,7,104,104,0,49,55,49,49,14,276,311,96,1.5,19.4,4.43,5.2
1988,1,27,13,8.2,962.6,66.8,0,0.7,1.9,63,NA,NA,88,88,0,42,45,42,41,14,278,311,96,2.4,20.1,4.73,5.5
1988,1,27,14,8.7,962.6,63.1,0,1,2.3,45,NA,NA,136,125,39,56,138,113,56,14,287,318,96,2.1,20.4,4.62,5.7
1988,1,27,15,8.4,962.6,64.5,0,0.2,1.1,90,NA,NA,47,47,0,22,23,23,22,14,287,313,96,2.1,20.1,4.63,5.5
1988,1,27,16,7.9,962.6,68,0,0.5,1.4,101,NA,NA,15,15,0,7,7,7,7,14,284,310,96,2.4,19.8,4.72,5.4
1988,1,27,17,7.4,962.5,67.9,0,0.6,1.1,99,NA,NA,3,0,0,0,0,0,0,14,272,295,94,1.9,18.9,4.55,4.9
1988,1,27,18,5.9,962.6,74.6,0,0,1.2,0,NA,7,0,0,0,0,0,0,0,14,265,286,94,1.7,17.2,4.51,4
1988,1,27,19,4.5,962.3,86.7,0,0.2,0.8,207,NA,NA,1,0,0,0,0,0,0,14,261,284,94,2.5,16.4,4.75,3.6
1988,1,27,20,3.9,962.4,91.7,0,0.1,1,180,NA,NA,0,0,0,0,0,0,0,14,267,283,94,2.7,16,4.82,3.4
1988,1,27,21,3,962.2,95.7,0,0.2,1.4,360,NA,NA,0,0,0,0,0,0,0,14,265,282,94,2.4,14.8,4.72,2.7
1988,1,27,22,2.6,961.9,95.9,0,0.2,1.4,180,NA,NA,2,0,0,0,0,0,0,14,265,281,94,2,14.1,4.6,2.3
1988,1,27,23,2.2,961.7,95.4,0,0.1,0.8,0,NA,NA,4,0,0,0,0,0,0,14,251,272,94,1.5,13.3,4.45,1.9
1988,1,28,0,1.5,961.6,96.7,0,0.3,2,243,NA,NA,2,0,0,0,0,0,0,14,249,272,94,1,12.2,4.29,1.3
1988,1,28,1,1.4,961.4,97.2,0,0.4,1.5,63,NA,NA,4,0,0,0,0,0,0,14,247,271,94,1,12.1,4.28,1.2
1988,1,28,2,1.4,961.3,97.2,0,0.7,1.9,225,NA,NA,3,0,0,0,0,0,0,14,260,279,94,1,12.1,4.28,1.2
1988,1,28,3,1.7,960.8,97.2,0,0.3,2.2,225,NA,NA,2,0,0,0,0,0,0,14,258,278,94,1.3,12.6,4.38,1.5
1988,1,28,4,1.9,960.3,97,0,0.3,1.6,135,NA,NA,1,0,0,0,0,0,0,14,260,279,94,1.5,13,4.43,1.7
1988,1,28,5,1.8,959.9,97,0,0.2,2,68,NA,NA,0,0,0,0,0,0,0,14,310,310,96,1.4,12.8,4.4,1.6
1988,1,28,6,1.9,959.8,97.1,0,0.1,1.6,0,NA,8,0,0,0,0,0,0,0,14,312,312,96,1.5,13,4.44,1.7
1988,1,28,7,2.3,959.6,97.2,0,0.2,1.3,0,NA,NA,4,4,0,2,2,2,2,14,311,311,96,1.9,13.8,4.57,2.1
1988,1,28,8,2.8,959.3,97.5,0,0.1,1.1,315,NA,NA,48,48,0,27,26,22,22,14,310,310,96,2.4,14.7,4.76,2.6
1988,1,28,9,4.4,959.5,97.5,0,0.2,3.5,270,NA,NA,97,97,0,55,58,43,43,14,317,319,96,4,17.8,5.33,4.2
1988,1,28,10,6.2,959.4,81.8,0,0.3,1.7,135,NA,NA,237,155,222,219,378,76,76,14,329,333,96,3.3,18.9,5.07,4.9
1988,1,28,11,7.2,958.5,73.7,0,0.9,3.6,6,NA,NA,150,146,8,73,98,66,66,14,275,304,94,2.8,19.5,4.89,5.2
1988,1,28,12,7.1,957.7,76.8,0,1.3,2.5,70,NA,7,79,79,0,38,38,37,38,14,273,301,94,3.3,19.9,5.07,5.3
1988,1,28,13,6.7,957.2,79.2,0,1.2,2.8,80,NA,NA,42,42,0,21,17,19,21,14,275,301,94,3.4,19.5,5.09,5.2
1988,1,28,14,7,956.6,80.4,0,1.2,2.4,81,NA,NA,40,40,0,20,16,17,20,14,284,306,94,3.9,20.3,5.28,5.5
1988,1,28,15,6.5,956.5,85.2,0,0.8,2.4,90,NA,NA,16,16,0,8,6,5,8,14,283,304,94,4.2,20.1,5.41,5.4
1988,1,28,16,6.5,956.3,92.6,0.8,1.4,3,90,NA,NA,1,0,0,0,0,0,0,14,288,306,94,5.4,21.3,5.88,6
1988,1,28,17,8.3,956.6,88.8,1.6,2,5.7,189,NA,NA,1,0,0,0,0,0,0,14,307,318,96,6.6,24.4,6.38,7.4
1988,1,28,18,7.3,957.2,89.5,1.5,1.3,5.3,172,NA,8,0,0,0,0,0,0,0,14,302,317,96,5.7,22.4,6,6.5
1988,1,28,19,6.9,957.8,94.6,3.4,2,6.4,180,NA,NA,2,0,0,0,0,0,0,14,302,317,96,6.1,22.4,6.17,6.5
1988,1,28,20,5.9,958,94.5,3.4,3,6.7,184,NA,NA,0,0,0,0,0,0,0,14,312,320,96,5.1,20.4,5.75,5.5
1988,1,28,21,5.5,957.4,93.9,3.3,2,5.2,168,NA,NA,0,0,0,0,0,0,0,14,312,318,96,4.6,19.5,5.56,5.1
1988,1,28,22,5.1,957,95.5,1.2,1.2,3.6,262,NA,NA,0,0,0,0,0,0,0,14,309,316,96,4.4,18.9,5.5,4.8
1988,1,28,23,4.8,956.5,92.9,0,0.8,4,56,NA,NA,0,0,0,0,0,0,0,14,308,315,96,3.8,18,5.24,4.3
1988,1,29,0,4.8,955.6,92,0.1,0.5,2.2,135,NA,NA,0,0,0,0,0,0,0,14,325,325,96,3.6,17.8,5.19,4.2
1988,1,29,1,5,954.5,89.1,0,0.7,2.8,191,NA,NA,0,0,0,0,0,0,0,14,326,326,96,3.4,17.8,5.1,4.3
1988,1,29,2,5.1,953,88.2,0,1.9,5.1,235,NA,NA,1,0,0,0,0,0,0,14,326,326,96,3.3,17.9,5.1,4.3
1988,1,29,3,5,951.3,87.5,0,3.3,5.7,239,NA,NA,1,0,0,0,0,0,0,14,325,325,96,3.1,17.6,5.03,4.1
1988,1,29,4,4.9,949.3,86.1,0,2.5,4.6,235,NA,NA,0,0,0,0,0,0,0,14,323,323,96,2.8,17.3,4.92,4
1988,1,29,5,4.8,947.8,87.3,0,3.1,6.3,228,NA,NA,0,0,0,0,0,0,0,14,282,302,96,2.9,17.3,4.97,3.9
1988,1,29,6,4.6,945.4,87.8,0,3.3,5.3,229,NA,6,0,0,0,0,0,0,0,14,281,301,96,2.8,17,4.94,3.8
1988,1,29,7,4.6,944.3,87.3,0,2.2,4.5,204,NA,NA,1,0,0,0,0,0,0,14,279,298,96,2.7,16.9,4.91,3.7
1988,1,29,8,4.6,943.5,88,0,2.3,4.8,221,NA,NA,18,18,0,6,7,9,9,14,282,302,96,2.8,17,4.96,3.8
1988,1,29,9,4.9,943.3,85.7,0,1.4,4.3,204,NA,NA,18,18,0,7,6,9,9,14,282,302,96,2.7,17.3,4.93,3.9
1988,1,29,10,5.1,943.4,86.7,0.1,1.6,5.1,230,NA,NA,15,15,0,7,5,8,8,14,285,305,96,3.1,17.8,5.06,4.2
1988,1,29,11,5.3,942.5,89.4,0.8,2.3,5.9,229,NA,NA,36,36,0,17,14,17,18,14,303,314,96,3.7,18.6,5.3,4.6
1988,1,29,12,6.5,941.8,85.7,0.5,5,10,248,NA,8,23,23,0,12,8,11,12,14,308,318,96,4.3,20.4,5.52,5.5
1988,1,29,13,6.9,941,84.5,1.2,6,11.9,240,NA,NA,29,29,0,14,11,13,14,14,310,321,96,4.5,21,5.61,5.7
1988,1,29,14,7.8,941.4,77.4,1,6.6,13.4,222,NA,NA,41,41,0,20,17,17,20,14,340,340,96,4.1,21.6,5.46,6
1988,1,29,15,7.3,942.6,73.7,0.9,6.7,14.8,224,NA,NA,13,13,0,7,5,4,7,14,337,337,96,2.9,19.9,5.01,5.3
1988,1,29,16,4.6,943.4,82,5.1,8.7,24.2,243,NA,NA,2,0,0,0,0,0,0,14,324,324,96,1.8,16.2,4.62,3.4
1988,1,29,17,5.5,943.9,73.7,0,4.7,19.6,209,NA,NA,0,0,0,0,0,0,0,14,316,319,96,1.2,16.6,4.42,3.6
1988,1,29,18,4.9,944,85.4,0.3,5.1,19.4,207,NA,7,0,0,0,0,0,0,0,14,318,320,96,2.7,17.2,4.91,3.9
1988,1,29,19,5.4,944.3,75.3,0,5.6,10.4,207,NA,NA,0,0,0,0,0,0,0,14,317,319,96,1.4,16.7,4.48,3.6
1988,1,29,20,5.2,944.7,75.6,0,6,10.3,211,NA,NA,0,0,0,0,0,0,0,14,317,319,96,1.2,16.3,4.43,3.5
1988,1,29,21,4.9,945.1,77.8,0.3,5.3,9.9,207,NA,NA,0,0,0,0,0,0,0,14,306,313,96,1.4,16.1,4.47,3.4
1988,1,29,22,4.7,945.1,78.1,0.3,6.1,10.8,209,NA,NA,0,0,0,0,0,0,0,14,306,312,96,1.2,15.8,4.42,3.2
1988,1,29,23,4.8,945.2,69.6,0,6.8,11.6,209,NA,NA,0,0,0,0,0,0,0,14,314,315,96,-0.3,14.8,3.96,2.7
1988,1,30,0,4.7,944.9,70.8,0,5.2,10,203,NA,NA,0,0,0,0,0,0,0,14,311,314,96,-0.1,14.8,4.01,2.7
1988,1,30,1,4.1,945.2,79.1,0,4.4,9,201,NA,NA,0,0,0,0,0,0,0,14,311,313,96,0.8,14.9,4.29,2.7
1988,1,30,2,4,945,78.9,0,4.7,9.6,198,NA,NA,0,0,0,0,0,0,0,14,311,313,96,0.7,14.7,4.25,2.6
1988,1,30,3,4.2,944.7,75.7,0,3.9,7.2,195,NA,NA,0,0,0,0,0,0,0,14,313,314,96,0.3,14.6,4.14,2.6
1988,1,30,4,3.9,945,77,0.2,5.1,9.8,201,NA,NA,2,0,0,0,0,0,0,14,308,312,96,0.2,14.2,4.12,2.3
1988,1,30,5,3.2,945.3,85.8,2,4.7,9.5,205,NA,NA,1,0,0,0,0,0,0,14,299,307,96,1.1,14.1,4.37,2.3
1988,1,30,6,3.1,945.5,85.6,0.1,4.2,8.5,201,NA,8,2,0,0,0,0,0,0,14,299,306,96,0.9,13.9,4.33,2.2
1988,1,30,7,3.5,946.3,79.2,0,4.2,9,202,NA,NA,8,8,0,4,4,4,4,14,301,307,96,0.2,13.8,4.11,2.1
1988,1,30,8,3.3,947.5,82.9,0.2,4.5,8.8,198,NA,NA,38,38,0,18,18,18,18,14,290,303,96,0.7,13.9,4.24,2.2
1988,1,30,9,3.5,948,85.4,0,3.7,9,194,NA,NA,102,102,1,59,62,45,46,14,294,306,96,1.3,14.6,4.43,2.6
1988,1,30,10,4.1,948.4,80.6,0.1,4.3,10.9,199,NA,NA,162,153,24,100,136,66,67,14,296,309,96,1.1,15,4.36,2.8
1988,1,30,11,4.9,948.6,74.8,0,7.3,14,214,NA,NA,307,200,251,169,471,100,93,14,305,317,96,0.8,15.6,4.28,3.1
1988,1,30,12,4.4,949.2,73.5,0,7.8,13.8,220,NA,6,191,179,27,83,165,90,78,14,296,310,96,0.1,14.6,4.05,2.6
1988,1,30,13,4.1,949.2,78.9,0.3,5.2,9.9,223,NA,NA,173,162,27,72,147,99,71,14,304,313,96,0.8,14.8,4.26,2.7
1988,1,30,14,3.8,949.9,74,0.1,5.9,13.1,218,NA,NA,50,50,0,24,22,22,24,14,293,305,96,-0.4,13.6,3.91,2.1
1988,1,30,15,4,951.4,69.7,0.1,4.4,11.2,210,NA,NA,34,34,0,16,14,14,16,14,284,301,96,-1,13.3,3.73,2
1988,1,30,16,2.5,951.2,84.1,1.9,4.1,8.3,213,NA,NA,8,8,0,4,3,2,4,14,290,300,96,0.1,12.6,4.05,1.5
1988,1,30,17,3.9,952.2,68.1,0,4.4,10.6,204,NA,NA,2,0,0,0,0,0,0,14,310,312,96,-1.4,13,3.61,1.8
1988,1,30,18,2.2,953.2,83.5,0.8,5.3,16.1,227,NA,7,0,0,0,0,0,0,0,14,298,304,96,-0.3,12,3.92,1.2
1988,1,30,19,1.5,953.8,93.8,0.5,3.9,8.6,197,NA,NA,0,0,0,0,0,0,0,14,299,302,96,0.6,12,4.19,1.1
1988,1,30,20,2.4,954.7,83.8,0.2,3.5,8.6,214,NA,NA,0,0,0,0,0,0,0,14,304,306,96,-0.1,12.4,3.99,1.4
1988,1,30,21,2.3,954.8,82.8,0.6,3.2,10,214,NA,NA,0,0,0,0,0,0,0,14,305,306,96,-0.3,12.1,3.91,1.2
1988,1,30,22,3.5,955.2,64.7,0,6.1,10.4,217,NA,NA,0,0,0,0,0,0,0,14,308,309,96,-2.5,11.8,3.32,1.2
1988,1,30,23,3.1,956,67.6,0,7,10.9,216,NA,NA,2,0,0,0,0,0,0,14,306,308,96,-2.3,11.6,3.37,1
1988,1,31,0,3.3,956.8,65.6,0.1,5.5,10.5,228,NA,NA,3,0,0,0,0,0,0,14,307,310,96,-2.5,11.6,3.32,1.1
1988,1,31,1,2.7,957.5,69.3,0.1,4.9,10.5,212,NA,NA,4,0,0,0,0,0,0,14,302,305,96,-2.3,11.1,3.36,0.8
1988,1,31,2,3,957.8,65.1,0,3.7,8.4,201,NA,NA,3,0,0,0,0,0,0,14,303,307,96,-2.9,11.1,3.22,0.7
1988,1,31,3,1.8,957.9,82,0,3.3,9.1,214,NA,NA,2,0,0,0,0,0,0,14,302,304,96,-0.9,11.1,3.72,0.7
1988,1,31,4,2,958.4,74.9,0.1,4.1,12.1,217,NA,NA,0,0,0,0,0,0,0,14,299,302,96,-2,10.6,3.45,0.5
1988,1,31,5,2.2,959,68,0,3.7,8.9,213,NA,NA,0,0,0,0,0,0,0,14,301,303,96,-3.1,10.1,3.17,0.2
1988,1,31,6,1.6,960.3,76.2,0,3.9,10.8,222,NA,7,0,0,0,0,0,0,0,14,296,301,96,-2.1,10.1,3.4,0.2
1988,1,31,7,0.6,960.6,96.3,0.3,0.9,3.4,135,NA,NA,9,9,0,5,5,4,4,14,296,297,96,0.1,10.6,4,0.4
1988,1,31,8,1.8,961.7,82,0,2.1,6.6,197,NA,NA,78,69,59,120,100,32,32,14,302,303,96,-0.9,11.1,3.71,0.7
1988,1,31,9,2,962.3,79.1,0,3.5,8.9,202,NA,NA,116,113,9,81,87,49,50,14,309,309,96,-1.2,11.1,3.63,0.7
1988,1,31,10,1.6,962.9,91.5,0.2,3.1,6.8,201,NA,NA,144,140,8,84,106,61,63,14,309,309,96,0.4,11.8,4.08,1.1
1988,1,31,11,2.4,963.1,86.5,0.4,3.7,7.9,201,NA,NA,296,195,235,164,450,98,91,14,288,304,96,0.4,12.6,4.08,1.6
1988,1,31,12,2.7,964,80.5,0,4.8,10.1,206,NA,5,218,172,104,88,278,106,80,14,288,304,96,-0.3,12.4,3.88,1.5
1988,1,31,13,3.8,964.2,79.1,0,3.4,7.2,199,NA,NA,370,146,555,88,687,319,87,14,297,312,96,0.5,14.1,4.12,2.4
1988,1,31,14,4.5,964.6,56.7,0,3,9.2,229,NA,NA,232,124,336,69,426,323,69,14,289,309,96,-3.3,12.3,3.09,1.5
1988,1,31,15,4.1,965.6,60.1,0,1,5.1,214,NA,NA,42,42,0,20,19,19,20,14,290,305,96,-2.9,12.1,3.19,1.4
1988,1,31,16,3.1,966.4,66.9,0,1.5,6.4,284,NA,NA,8,8,0,4,3,2,4,14,286,300,96,-2.5,11.4,3.29,1
1988,1,31,17,2.4,967.2,73.4,0,0.7,3.6,198,NA,NA,0,0,0,0,0,0,0,14,283,295,96,-1.9,10.9,3.42,0.7
1988,1,31,18,1.6,967.7,79.3,0,1.9,3.9,209,NA,5,0,0,0,0,0,0,0,14,273,288,96,-1.7,10.3,3.49,0.4
1988,1,31,19,1,968.1,84.5,0,0.2,1.2,225,NA,NA,0,0,0,0,0,0,0,14,265,282,96,-1.4,9.9,3.57,0.1
1988,1,31,20,0.9,967.7,86.9,0,0.2,1.5,0,NA,NA,0,0,0,0,0,0,0,14,265,282,96,-1.1,10,3.65,0.1
1988,1,31,21,1,967.1,88.6,0,0.3,1.6,45,NA,NA,0,0,0,0,0,0,0,14,267,284,96,-0.7,10.5,3.78,0.4
1988,1,31,22,1.3,966.3,89.2,0,0.2,1.4,270,NA,NA,0,0,0,0,0,0,0,14,274,288,96,-0.3,11,3.88,0.6
1988,1,31,23,1.9,965.2,88.3,0,0,0.9,0,NA,NA,0,0,0,0,0,0,0,14,283,295,96,0.1,11.9,4.02,1.2
1990,2,1,0,2.6,964,86.7,0,2,4.2,69,NA,NA,0,0,0,0,0,0,0,14,294,303,94,0.5,13,4.15,1.7
1990,2,1,1,3.3,963,84.7,0,1.9,3.3,58,NA,NA,1,0,0,0,0,0,0,14,303,310,94,1,14.1,4.27,2.3
1990,2,1,2,3.9,962.5,83.1,0,1.7,4,29,NA,NA,2,0,0,0,0,0,0,14,308,313,94,1.2,14.8,4.35,2.7
1990,2,1,3,4.4,962.2,81.9,0,0.7,1.8,226,NA,NA,0,0,0,0,0,0,0,14,310,315,94,1.5,15.5,4.44,3.1
1990,2,1,4,4.7,962.3,81,0,1,2.7,278,NA,NA,1,0,0,0,0,0,0,14,308,314,94,1.7,15.9,4.48,3.4
1990,2,1,5,4.8,963.1,81.4,0,1,4,258,NA,NA,0,0,0,0,0,0,0,14,297,307,94,1.9,16.2,4.54,3.5
1990,2,1,6,4.7,964,82.7,0,0.9,3.3,29,NA,8,1,0,0,0,0,0,0,14,286,300,94,2.1,16.3,4.6,3.6
1990,2,1,7,5,965.1,84.9,0,0.4,1.6,71,NA,NA,3,3,0,1,1,2,2,14,282,299,94,2.7,17.1,4.82,4
1990,2,1,8,5.3,966.2,89.1,0.5,0.8,2.9,292,NA,NA,28,28,0,11,12,13,14,14,281,299,94,3.7,18.2,5.15,4.6
1990,2,1,9,6.3,967,90.8,0.3,0.6,1.8,274,NA,NA,97,97,0,55,56,43,44,14,286,306,94,4.9,20.4,5.62,5.6
1990,2,1,10,8.1,967.3,83.2,0,2.9,5.5,236,NA,NA,207,170,95,153,235,74,75,14,291,313,94,5.4,22.8,5.83,6.8
1990,2,1,11,8.6,966.7,76.8,0,3.4,6.2,236,NA,NA,212,207,12,109,186,88,86,14,292,318,96,4.8,22.6,5.57,6.7
1990,2,1,12,8.9,966.1,73.5,0,3.1,6.7,236,NA,6,179,172,15,80,141,85,76,14,294,321,96,4.4,22.6,5.44,6.7
1990,2,1,13,9.3,965.3,70.4,0,3.5,6,234,NA,NA,199,179,48,78,205,126,78,14,293,322,96,4.2,22.8,5.36,6.8
1990,2,1,14,9.2,965.2,69.9,0,3.9,6.3,240,NA,NA,123,121,6,54,80,71,54,14,311,328,96,4,22.5,5.28,6.7
1990,2,1,15,8.9,965.1,68.5,0,2.3,4.7,238,NA,NA,49,49,0,23,24,23,23,14,307,324,96,3.4,21.7,5.07,6.3
1990,2,1,16,8.1,965.1,75.3,0,2.8,4.5,261,NA,NA,21,21,0,10,10,11,10,14,305,320,96,4,21.4,5.28,6.1
1990,2,1,17,7.4,965.8,78.8,0,2.7,4.7,260,NA,NA,0,0,0,0,0,0,0,14,276,305,96,4,20.7,5.27,5.8
1990,2,1,18,7.6,965.8,75,0,2.1,5.6,234,NA,7,0,0,0,0,0,0,0,14,276,304,96,3.5,20.4,5.08,5.7
1990,2,1,19,6.3,965.3,80.9,0,1.7,3.5,310,NA,NA,0,0,0,0,0,0,0,14,272,297,96,3.3,18.9,5.01,4.9
1990,2,1,20,5.3,964.9,83.7,0,0.9,2.3,232,NA,NA,0,0,0,0,0,0,0,14,300,304,96,2.8,17.5,4.84,4.2
1990,2,1,21,4.8,964.9,86.8,0,0.9,1.8,240,NA,NA,0,0,0,0,0,0,0,14,299,308,96,2.8,17,4.85,3.9
1990,2,1,22,4,964.7,90.1,0,0.7,1.7,240,NA,NA,0,0,0,0,0,0,0,14,292,301,96,2.5,15.9,4.76,3.3
1990,2,1,23,3.4,964.5,91.4,0,0.7,1.6,330,NA,NA,1,0,0,0,0,0,0,14,292,300,96,2.1,15,4.63,2.8
1990,2,2,0,2.8,963.8,91.4,0,0.6,1.8,312,NA,NA,0,0,0,0,0,0,0,14,293,298,96,1.5,13.9,4.44,2.2
1990,2,2,1,3.1,963.9,91.3,0,0.7,2.1,177,NA,NA,1,0,0,0,0,0,0,14,290,299,96,1.8,14.4,4.53,2.5
1990,2,2,2,2.8,963.9,91.6,0,0.4,1.8,285,NA,NA,0,0,0,0,0,0,0,14,289,299,96,1.6,13.9,4.45,2.3
1990,2,2,3,3.4,964.3,91.4,0,0.2,1.8,285,NA,NA,1,0,0,0,0,0,0,14,294,303,96,2.1,15,4.63,2.8
1990,2,2,4,4.1,964.6,91.6,0.2,0.4,1.5,213,NA,NA,0,0,0,0,0,0,0,14,297,308,96,2.9,16.3,4.87,3.6
1990,2,2,5,5.1,964.7,91.4,0.9,0.4,1.6,195,NA,NA,0,0,0,0,0,0,0,14,301,311,96,3.8,18.2,5.22,4.5
1990,2,2,6,6.2,965.9,88.8,2.1,2,5.5,230,NA,8,0,0,0,0,0,0,0,14,293,309,96,4.5,20,5.47,5.4
1990,2,2,7,6.9,966.8,87.3,1.9,3.5,8.2,231,NA,NA,0,0,0,0,0,0,0,14,294,312,96,4.9,21.1,5.64,5.9
1990,2,2,8,6.9,967.8,88.7,1.9,4.1,6.6,242,NA,NA,8,8,0,2,3,4,4,14,301,316,96,5.2,21.3,5.72,6.1
1990,2,2,9,7.1,968.3,89.1,1.6,4.6,7.9,244,NA,NA,46,46,0,20,20,22,22,14,305,319,96,5.4,21.8,5.83,6.3
1990,2,2,10,8.1,968.6,84.6,0.2,4.9,8.6,233,NA,NA,143,141,5,78,92,62,63,14,310,324,96,5.7,23,5.92,6.9
1990,2,2,11,8.4,968.8,85,0,5.2,10.3,223,NA,NA,141,141,0,69,84,64,64,14,329,334,96,6,23.7,6.07,7.2
1990,2,2,12,9.6,969.1,78.9,1.4,5.7,11.7,237,NA,6,371,300,159,129,488,163,110,14,325,339,96,6.1,25,6.11,7.8
1990,2,2,13,8.2,969.4,84.2,2.1,2.6,6.9,269,NA,NA,94,94,0,45,48,45,44,14,328,334,96,5.7,23.1,5.93,7
1990,2,2,14,8.1,970.4,83.4,1.4,2.1,6.2,294,NA,NA,47,47,0,23,20,21,23,14,333,334,96,5.5,22.8,5.83,6.8
1990,2,2,15,8.7,970.4,80.5,0.1,2.3,5.8,210,NA,NA,143,93,233,50,262,292,50,14,336,339,96,5.5,23.5,5.86,7.1
1990,2,2,16,8.4,971.1,79.1,0,1.8,5.9,208,NA,NA,37,28,123,16,93,153,16,14,330,330,96,5,22.6,5.63,6.7
1990,2,2,17,7.8,971.5,79.1,0,1.7,5,222,NA,NA,0,0,0,0,0,0,0,14,283,304,96,4.4,21.4,5.4,6.2
1990,2,2,18,6.3,972.2,88,0,0.8,2.6,49,NA,4,0,0,0,0,0,0,0,14,281,301,96,4.5,19.9,5.42,5.4
1990,2,2,19,5,972.6,93.4,0,0.3,2.1,348,NA,NA,0,0,0,0,0,0,0,14,273,293,96,4,18.2,5.25,4.5
1990,2,2,20,4,972.8,95.3,0,0.3,2.1,267,NA,NA,0,0,0,0,0,0,0,14,255,281,96,3.3,16.5,4.99,3.7
1990,2,2,21,3.6,972.7,93.6,0,0.3,1.8,132,NA,NA,0,0,0,0,0,0,0,14,249,277,96,2.7,15.6,4.77,3.2
1990,2,2,22,2.2,972.6,95.5,0,0.5,1.4,258,NA,NA,0,0,0,0,0,0,0,14,244,274,96,1.6,13.2,4.4,1.9
1990,2,2,23,1.9,972.7,95.8,0,0.2,2.3,195,NA,NA,0,0,0,0,0,0,0,14,240,270,96,1.3,12.7,4.32,1.6
1990,2,3,0,1.2,972.5,95.4,0,0.5,2.2,267,NA,NA,0,0,0,0,0,0,0,14,238,268,96,0.5,11.4,4.09,0.9
1990,2,3,1,1.2,972.4,93.3,0,0.4,1.6,150,NA,NA,0,0,0,0,0,0,0,14,242,268,96,0.2,11.2,4,0.8
1990,2,3,2,0.5,972.1,94.2,0,0.3,1.4,285,NA,NA,0,0,0,0,0,0,0,14,233,263,96,-0.3,10.1,3.84,0.2
1990,2,3,3,0.5,971.9,92.2,0,0.4,2,222,NA,NA,0,0,0,0,0,0,0,14,232,262,96,-0.6,9.9,3.76,0.1
1990,2,3,4,-0.1,971.8,93.2,0,0.2,1.5,240,NA,NA,0,0,0,0,0,0,0,14,231,261,96,-1.1,9,3.64,-0.5
1990,2,3,5,0,971.3,92.8,0,0.4,2,267,NA,NA,0,0,0,0,0,0,0,14,233,259,94,-1,9.1,3.65,-0.4
1990,2,3,6,0.2,971.1,91.9,0,0.4,2.7,105,NA,0,0,0,0,0,0,0,0,14,236,260,94,-1,9.4,3.67,-0.3
1990,2,3,7,1.4,971,90.6,0,0.5,1.8,161,NA,NA,19,19,0,15,11,8,8,14,237,263,94,0,11.3,3.95,0.8
1990,2,3,8,2.3,970.5,90.8,0,1.1,2.6,60,NA,NA,121,54,382,389,304,37,38,14,250,276,94,1,12.9,4.22,1.8
1990,2,3,9,4.3,969.7,88.4,0,1.5,2.7,120,NA,NA,260,70,625,490,571,58,58,14,257,290,94,2.6,16.2,4.74,3.5
1990,2,3,10,6,968.7,75.3,0,1.6,2.8,109,NA,NA,344,100,615,366,670,76,76,14,262,297,94,2,17.5,4.55,4.2
1990,2,3,11,8.2,966.9,66.7,0,1,2.3,135,NA,NA,401,149,561,214,716,97,91,14,284,320,96,2.4,20.1,4.7,5.5
1990,2,3,12,11,966.5,52.7,0,2.7,5.2,257,NA,6,293,210,183,105,396,133,94,14,289,324,96,1.7,22.4,4.48,6.7
1990,2,3,13,13.2,968.7,46.1,0,7,15.8,257,NA,NA,231,190,99,84,262,151,83,14,301,334,96,1.9,24.7,4.52,7.8
1990,2,3,14,13.5,969.6,48.3,0,7.8,14.4,228,NA,NA,182,142,117,66,235,187,66,14,299,333,96,2.8,25.8,4.83,8.3
1990,2,3,15,13.7,970.3,48.8,0,9.6,20.4,233,NA,NA,19,19,0,10,7,6,9,14,301,332,96,3.1,26.3,4.94,8.5
1990,2,3,16,11.5,973.4,64.6,0.1,11.8,20.8,241,NA,NA,4,4,0,2,1,1,2,14,289,320,96,5.1,25.8,5.65,8.3
1990,2,3,17,9.8,974.6,64.9,0.1,10.4,21,249,NA,NA,0,0,0,0,0,0,0,14,285,313,96,3.5,22.6,5.06,6.8
1990,2,3,18,10.4,976.4,60.2,0,7.1,11.5,236,NA,7,0,0,0,0,0,0,0,14,315,325,94,3,22.7,4.87,6.9
1990,2,3,19,10,977.7,64,0,5.9,11.4,232,NA,NA,0,0,0,0,0,0,0,14,313,324,94,3.5,22.7,5.04,6.9
1990,2,3,20,9.1,979.3,71.3,0,3.8,8.4,236,NA,NA,0,0,0,0,0,0,0,14,328,329,94,4.2,22.4,5.28,6.7
1990,2,3,21,7.8,980.4,76.3,0,2.3,6.1,245,NA,NA,0,0,0,0,0,0,0,14,323,323,94,3.9,20.8,5.16,5.9
1990,2,3,22,8.4,980.8,60.1,0,2,5.3,290,NA,NA,0,0,0,0,0,0,0,14,326,326,94,1.1,19.1,4.23,5.1
1990,2,3,23,6.1,981.2,72.9,0,0.8,3.4,232,NA,NA,0,0,0,0,0,0,0,14,273,287,94,1.6,17.1,4.38,4.1
1990,2,4,0,4.1,980.9,82.1,0,0.9,2.5,209,NA,NA,0,0,0,0,0,0,0,14,262,280,94,1.3,14.9,4.29,2.9
1990,2,4,1,3.4,981.1,83,0,0.5,3.1,132,NA,NA,0,0,0,0,0,0,0,14,261,277,94,0.8,13.7,4.13,2.3
1990,2,4,2,1.7,980.8,89.8,0,0.5,1.9,248,NA,NA,0,0,0,0,0,0,0,14,241,265,94,0.2,11.6,3.96,1.1
1990,2,4,3,1.2,981,90.2,0,0.5,1.5,195,NA,NA,0,0,0,0,0,0,0,14,243,265,94,-0.2,10.8,3.83,0.6
1990,2,4,4,0.8,981.6,89.7,0,0.2,2.2,330,NA,NA,0,0,0,0,0,0,0,14,236,260,94,-0.7,10,3.7,0.2
1990,2,4,5,0.1,982.4,90.6,0,0.6,1.7,258,NA,NA,0,0,0,0,0,0,0,14,233,258,94,-1.3,9,3.55,-0.4
1990,2,4,6,0.3,982.7,92.5,0,0.7,2.7,49,NA,0,3,0,0,0,0,0,0,14,237,260,94,-0.8,9.5,3.68,-0.1
1990,2,4,7,1.6,982.8,92.7,0,0.8,1.6,71,NA,NA,21,21,0,17,13,9,9,14,241,265,94,0.5,11.7,4.05,1.1
1990,2,4,8,2.7,983,91.1,0,0.6,1.9,213,NA,NA,135,47,484,468,363,39,39,14,258,280,94,1.4,13.5,4.3,2.1
1990,2,4,9,4.9,983.2,83.1,0,1.6,3,262,NA,NA,270,68,656,512,592,61,61,14,266,294,94,2.3,16.4,4.59,3.7
1990,2,4,10,6.4,982.8,75.5,0,0.8,2.7,195,NA,NA,370,75,736,401,741,73,73,14,273,304,94,2.4,18,4.63,4.6
1990,2,4,11,7.6,982.3,68,0,1.3,4.5,67,NA,NA,444,77,811,228,856,83,80,14,277,313,94,2.1,19,4.53,5.1
1990,2,4,12,8.6,981.8,62.7,0,1.8,4.6,89,NA,1,452,70,829,82,871,160,78,14,280,319,94,1.9,19.9,4.47,5.5
1990,2,4,13,9.4,981.9,59.5,0,2.5,4.9,73,NA,NA,416,72,814,76,824,369,76,14,281,319,94,1.9,20.7,4.48,5.9
1990,2,4,14,9.5,981.6,56,0,2.4,5.5,73,NA,NA,329,64,776,65,709,533,65,14,273,314,94,1.2,20.2,4.24,5.7
1990,2,4,15,9.5,981.4,55.8,0,1.5,3.3,45,NA,NA,206,70,602,51,487,555,51,14,271,311,94,1.1,20.2,4.23,5.7
1990,2,4,16,9.1,981.6,58.1,0,0.4,3.5,15,NA,NA,70,45,305,23,199,339,23,14,268,298,94,1.3,19.9,4.28,5.6
1990,2,4,17,6.9,981.8,68.5,0,0.3,2.4,150,NA,NA,3,0,0,0,0,0,0,14,257,279,94,1.5,17.8,4.35,4.5
1990,2,4,18,5.2,982.1,75.5,0,0.4,2,267,NA,4,0,0,0,0,0,0,0,14,254,276,94,1.2,15.9,4.26,3.5
1990,2,4,19,3.9,982.6,82.5,0,0.2,2.2,105,NA,NA,1,0,0,0,0,0,0,14,247,270,94,1.2,14.5,4.24,2.7
1990,2,4,20,2.5,983.1,87.3,0,0.2,1.5,312,NA,NA,0,0,0,0,0,0,0,14,246,268,94,0.6,12.7,4.06,1.7
1990,2,4,21,1.4,983.2,87.7,0,0.5,1.4,240,NA,NA,1,0,0,0,0,0,0,14,237,263,94,-0.4,10.8,3.77,0.7
1990,2,4,22,1,983.2,88.3,0,0.2,2.8,285,NA,NA,1,0,0,0,0,0,0,14,235,260,94,-0.7,10.2,3.69,0.3
1990,2,4,23,0.4,983.1,88.6,0,0.2,1.6,240,NA,NA,3,0,0,0,0,0,0,14,231,257,94,-1.3,9.2,3.54,-0.3
1990,2,5,0,-0.3,982.8,88.8,0,0.2,1.9,222,NA,NA,3,0,0,0,0,0,0,14,229,255,94,-1.9,8.1,3.38,-0.9
1990,2,5,1,-0.9,982.7,87.8,0,1,1.8,256,NA,NA,3,0,0,0,0,0,0,14,228,254,94,-2.7,7.1,3.2,-1.6
1990,2,5,2,-1,982.7,89.4,0,0.3,2.2,258,NA,NA,3,0,0,0,0,0,0,14,225,252,94,-2.5,7,3.23,-1.5
1990,2,5,3,-1.3,982.5,87.6,0,0.7,1.5,258,NA,NA,1,0,0,0,0,0,0,14,226,252,94,-3.1,6.4,3.1,-1.9
1990,2,5,4,-1.4,982.4,88.4,0,0.8,2,234,NA,NA,0,0,0,0,0,0,0,14,221,249,94,-3.1,6.3,3.1,-2
1990,2,5,5,-1.9,982.1,89.4,0,0.5,2.3,271,NA,NA,0,0,0,0,0,0,0,14,221,248,94,-3.4,5.6,3.02,-2.4
1990,2,5,6,-1.7,982.3,89.4,0,0.3,1.3,251,NA,0,0,0,0,0,0,0,0,14,227,250,94,-3.2,5.9,3.07,-2.2
1990,2,5,7,-1.5,982.6,88.8,0,0.3,1.6,258,NA,NA,20,20,0,15,11,8,9,14,225,251,94,-3.1,6.2,3.09,-2.1
1990,2,5,8,0.2,982.9,86.6,0,0.3,2.2,330,NA,NA,135,50,458,452,348,40,40,14,239,266,94,-1.8,8.7,3.41,-0.6
1990,2,5,9,3,982.7,81.8,0,0.2,2.8,15,NA,NA,272,65,660,514,591,61,61,14,249,281,94,0.2,12.9,3.95,1.8
1990,2,5,10,5.3,982.4,70.4,0,0.4,1.4,105,NA,NA,376,74,745,405,746,73,73,14,255,292,94,0.4,15.3,3.99,3.2
1990,2,5,11,6.8,981.2,63.5,0,0.4,2.1,258,NA,NA,436,78,782,224,829,83,79,14,260,303,94,0.4,16.9,4,4
1990,2,5,12,8.1,980.1,60.6,0,0.5,2.5,123,NA,0,437,86,756,84,822,157,78,14,270,312,94,1,18.6,4.18,4.9
1990,2,5,13,8.8,979.2,56.6,0,1.2,2.7,74,NA,NA,394,83,730,74,760,344,74,14,267,313,94,0.7,19.1,4.1,5.2
1990,2,5,14,9.1,978.8,56.5,0,1.9,3.2,108,NA,NA,315,65,718,64,663,501,65,14,270,313,94,0.9,19.7,4.18,5.4
1990,2,5,15,8.9,978.5,58.7,0,1.3,2.5,101,NA,NA,181,56,543,48,436,499,47,14,269,309,94,1.3,19.7,4.28,5.5
1990,2,5,16,7,978.3,69.2,0,1.5,2.3,113,NA,NA,50,29,245,20,156,267,20,14,259,290,94,1.8,18.2,4.44,4.7
1990,2,5,17,5.4,978.5,73.4,0,1.3,2.3,91,NA,NA,0,0,0,0,0,0,0,14,253,277,94,1,16,4.21,3.5
1990,2,5,18,4.7,978.5,70.9,0,0.8,3.1,51,NA,0,0,0,0,0,0,0,0,14,249,273,94,-0.1,14.4,3.87,2.7
1990,2,5,19,2.4,978.2,79.6,0,0.2,1.6,222,NA,NA,0,0,0,0,0,0,0,14,238,264,94,-0.8,11.7,3.7,1.1
1990,2,5,20,1.2,978.2,83.5,0,0.7,1.8,246,NA,NA,0,0,0,0,0,0,0,14,233,261,94,-1.3,10.1,3.56,0.2
1990,2,5,21,0.6,978,86.3,0,0.4,1.5,267,NA,NA,0,0,0,0,0,0,0,14,235,260,94,-1.4,9.4,3.52,-0.2
1990,2,5,22,-0.2,977.6,87.6,0,0.5,1.4,248,NA,NA,0,0,0,0,0,0,0,14,229,256,94,-2,8.2,3.37,-0.9
1990,2,5,23,-0.4,977.2,89.3,0,0.3,1.2,258,NA,NA,0,0,0,0,0,0,0,14,230,255,94,-1.9,8,3.39,-1
1990,2,6,0,-0.8,976.7,89.1,0,0.1,2.1,240,NA,NA,0,0,0,0,0,0,0,14,227,254,94,-2.4,7.4,3.29,-1.4
1990,2,6,1,-1.3,976.4,89.1,0,0.3,1.4,240,NA,NA,0,0,0,0,0,0,0,14,225,252,94,-2.9,6.6,3.17,-1.9
1990,2,6,2,-1.5,975.6,88.1,0,1,2,253,NA,NA,0,0,0,0,0,0,0,14,227,252,94,-3.2,6.2,3.09,-2.1
1990,2,6,3,-1.8,974.8,88.5,0,0.2,2.4,258,NA,NA,0,0,0,0,0,0,0,14,222,249,94,-3.4,5.7,3.04,-2.4
1990,2,6,4,-1.9,974.6,87,0,0.4,2.1,251,NA,NA,0,0,0,0,0,0,0,14,222,249,94,-3.8,5.5,2.96,-2.6
1990,2,6,5,-2.1,974.2,89.2,0,0.5,2.4,248,NA,NA,0,0,0,0,0,0,0,14,222,249,94,-3.6,5.3,3,-2.6
1990,2,6,6,-2.2,974.1,89,0,0.6,1.7,254,NA,0,0,0,0,0,0,0,0,14,222,249,94,-3.8,5.2,2.97,-2.8
1990,2,6,7,-1.8,973.9,87.1,0,0.9,1.8,249,NA,NA,16,16,0,9,8,7,7,14,224,250,94,-3.7,5.6,2.99,-2.5
1990,2,6,8,-0.4,973.7,87.7,0,0.4,2.3,303,NA,NA,123,70,284,328,254,41,41,14,234,263,94,-2.2,7.9,3.34,-1.1
1990,2,6,9,2.4,973.5,83,0,0.7,1.8,258,NA,NA,254,109,458,422,479,66,67,14,247,279,94,-0.2,12.1,3.87,1.3
1990,2,6,10,5.4,972.9,70.1,0,0.3,2.1,105,NA,NA,360,101,632,376,680,77,77,14,257,293,94,0.4,15.6,4.04,3.3
1990,2,6,11,7.6,971.8,63.2,0,0.6,2.6,114,NA,NA,421,100,697,218,777,86,82,14,265,305,94,1.1,18.3,4.25,4.7
1990,2,6,12,9.4,970.7,53.5,0,1,3,99,NA,3,428,103,691,91,783,159,84,14,271,315,94,0.4,19.7,4.07,5.4
1990,2,6,13,10.7,969.9,50.5,0,1.2,2.7,110,NA,NA,392,137,590,88,700,329,87,14,279,322,94,0.8,21.3,4.19,6.2
1990,2,6,14,10.3,969.9,57.4,0,1.5,3,120,NA,NA,207,148,167,70,277,221,70,14,282,317,94,2.3,22,4.64,6.5
1990,2,6,15,10.6,969.9,53.2,0,2.9,9.1,171,NA,NA,165,90,319,52,315,358,52,14,291,320,94,1.5,21.7,4.39,6.4
1990,2,6,16,11.9,970,43.1,0,4.1,7.8,232,NA,NA,58,33,269,22,172,295,22,14,286,314,94,-0.2,21.7,3.87,6.4
1990,2,6,17,10.6,970.7,52,0,3.1,7.9,228,NA,NA,0,0,0,0,0,0,0,14,282,306,94,1.2,21.5,4.29,6.3
1990,2,6,18,9.8,971.1,58.7,0,2.3,5.4,203,NA,5,0,0,0,0,0,0,0,14,284,304,94,2.1,21.4,4.59,6.2
1990,2,6,19,10.1,971.7,59.1,0,3.4,7,203,NA,NA,0,0,0,0,0,0,0,14,286,307,94,2.5,22,4.71,6.5
1990,2,6,20,10,972.9,60.9,0,3.4,8.4,202,NA,NA,1,0,0,0,0,0,0,14,314,325,94,2.8,22.2,4.82,6.6
1990,2,6,21,10.3,973.7,61.8,0,3.7,8.2,219,NA,NA,0,0,0,0,0,0,0,14,315,326,94,3.3,22.9,4.98,6.9
1990,2,6,22,10.3,974.4,64,0,3.9,7.9,228,NA,NA,1,0,0,0,0,0,0,14,316,327,94,3.8,23.3,5.16,7.1
1990,2,6,23,10.2,974.8,65.4,0,4.2,7.5,232,NA,NA,0,0,0,0,0,0,0,14,288,314,94,4,23.4,5.23,7.2
1990,2,7,0,9.7,974.3,68.1,0,2.2,4.9,226,NA,NA,2,0,0,0,0,0,0,14,288,311,94,4.1,23,5.27,7
1990,2,7,1,8.9,973.6,70.4,0,1.1,2.4,202,NA,NA,1,0,0,0,0,0,0,14,281,303,94,3.8,21.9,5.17,6.4
1990,2,7,2,6.5,972.8,80.4,0,0.3,2.6,240,NA,NA,2,0,0,0,0,0,0,14,269,290,94,3.4,19.1,5.01,5.1
1990,2,7,3,4.8,972.8,85.8,0,0.6,1.8,240,NA,NA,0,0,0,0,0,0,0,14,262,280,94,2.6,16.7,4.75,3.8
1990,2,7,4,3.4,973.4,88.2,0,0.7,2.3,254,NA,NA,0,0,0,0,0,0,0,14,258,278,94,1.6,14.5,4.42,2.6
1990,2,7,5,3.2,973.3,89.6,0,0.3,2.8,240,NA,NA,0,0,0,0,0,0,0,14,269,281,94,1.7,14.3,4.43,2.6
1990,2,7,6,3.6,973.6,87.6,0,1.2,2.7,237,NA,3,0,0,0,0,0,0,0,14,281,291,94,1.7,14.8,4.46,2.8
1990,2,7,7,5.7,974.1,82.5,0,1.8,3.9,250,NA,NA,22,22,0,16,12,9,10,14,284,297,94,3,17.9,4.86,4.5
1990,2,7,8,7.3,974.4,76.6,0,1.3,3.5,240,NA,NA,115,70,232,287,222,40,41,14,282,302,94,3.5,20,5.04,5.5
1990,2,7,9,9.5,974.9,68.1,0,2.8,5.1,244,NA,NA,259,93,517,450,510,65,65,14,287,316,94,3.9,22.6,5.2,6.8
1990,2,7,10,11.1,975.1,60,0,3.3,5.8,235,NA,NA,284,182,247,253,418,86,87,14,294,324,94,3.6,24,5.1,7.4
1990,2,7,11,12,975.1,56.9,0,3.5,6.7,238,NA,NA,258,212,99,134,285,96,92,14,296,326,94,3.7,25,5.13,7.9
1990,2,7,12,12.4,974.2,58.6,0,4.6,7.6,248,NA,7,236,230,14,103,207,111,94,14,300,329,94,4.5,26.2,5.43,8.4
1990,2,7,13,12.9,973.8,55.3,0,5.7,8.6,262,NA,NA,252,198,123,89,315,177,88,14,301,330,94,4.2,26.3,5.3,8.5
1990,2,7,14,13.4,974.1,53.5,0,4.6,7,261,NA,NA,259,137,344,76,438,342,76,14,320,341,94,4.2,26.8,5.29,8.8
1990,2,7,15,13.1,973.9,53.6,0,3.4,5.6,246,NA,NA,146,88,246,50,265,302,50,14,319,336,94,3.9,26.3,5.2,8.5
1990,2,7,16,12.2,973.7,56.3,0,3.4,5.4,244,NA,NA,47,34,144,20,108,181,20,14,309,325,94,3.8,25.3,5.15,8
1990,2,7,17,11,974.3,60.5,0,3.3,5.5,254,NA,NA,0,0,0,0,0,0,0,14,348,348,94,3.7,23.9,5.11,7.4
1990,2,7,18,11.7,974.8,55,0,3.5,6.8,232,NA,7,0,0,0,0,0,0,0,14,349,349,94,3,24,4.86,7.5
1990,2,7,19,11.6,974.9,52.7,0,3.4,6.9,233,NA,NA,0,0,0,0,0,0,0,14,347,347,94,2.3,23.3,4.62,7.2
1990,2,7,20,10.2,975.2,62.7,0,3.8,6.6,248,NA,NA,0,0,0,0,0,0,0,14,281,304,94,3.4,22.9,5.01,6.9
1990,2,7,21,8.4,975,72.6,0,3,7.1,258,NA,NA,0,0,0,0,0,0,0,14,268,295,94,3.8,21.4,5.15,6.2
1990,2,7,22,8.1,975,75.4,0,2.3,3.8,266,NA,NA,0,0,0,0,0,0,0,14,267,292,94,4,21.3,5.24,6.1
1990,2,7,23,7.2,975,79,0,2,6.7,252,NA,NA,0,0,0,0,0,0,0,14,319,319,94,3.8,20.2,5.16,5.6
1990,2,8,0,8.8,975.3,68.6,0,4.9,8,244,NA,NA,0,0,0,0,0,0,0,14,319,321,94,3.4,21.4,4.99,6.2
1990,2,8,1,8.9,975.4,68.4,0,4.3,7.6,239,NA,NA,0,0,0,0,0,0,0,14,311,317,94,3.4,21.6,5.01,6.3
1990,2,8,2,9,975.2,67.7,0,2.4,6.4,212,NA,NA,0,0,0,0,0,0,0,14,299,309,94,3.4,21.6,4.99,6.3
1990,2,8,3,8.1,975.1,75.7,0,2.9,8.2,249,NA,NA,1,0,0,0,0,0,0,14,297,307,94,4.1,21.4,5.26,6.2
1990,2,8,4,8,975.2,77.1,0,4.9,9.2,258,NA,NA,1,0,0,0,0,0,0,14,298,312,94,4.2,21.4,5.32,6.2
1990,2,8,5,9.1,975,71.2,0,5.7,10.1,241,NA,NA,1,0,0,0,0,0,0,14,295,313,94,4.2,22.5,5.29,6.7
1990,2,8,6,9.2,975.6,71.5,0,5.3,11.3,249,NA,2,4,0,0,0,0,0,0,14,293,314,94,4.3,22.7,5.35,6.8
1990,2,8,7,9.2,975.9,72.3,0,5.6,9.6,260,NA,NA,9,9,0,4,4,4,5,14,296,316,94,4.5,22.9,5.41,6.9
1990,2,8,8,9.4,976.3,69.1,0,6.9,11.1,264,NA,NA,34,34,0,14,15,16,16,14,312,325,94,4,22.6,5.23,6.8
1990,2,8,9,9.9,977,66.4,0,7.1,10.1,262,NA,NA,82,82,0,42,42,37,38,14,316,329,94,3.9,23,5.2,7
1990,2,8,10,11.1,977.7,63.8,0,6.8,10,251,NA,NA,206,185,50,144,206,79,80,14,322,336,94,4.5,24.8,5.41,7.8
1990,2,8,11,12.1,977.9,61.4,0,6.6,10.6,237,NA,NA,193,191,5,95,131,84,83,14,334,343,94,4.9,26.2,5.56,8.5
1990,2,8,12,12.3,977.9,64.1,0,5.7,9.5,240,NA,8,187,181,13,85,141,89,80,14,338,346,94,5.7,27.2,5.88,8.9
1990,2,8,13,13,977.7,61.3,0,5.5,10,239,NA,NA,163,162,2,72,103,83,72,14,341,348,94,5.7,27.9,5.89,9.2
1990,2,8,14,13.1,977.9,61.8,0,5.6,8.7,246,NA,NA,173,155,48,68,170,142,68,14,312,335,94,5.9,28.3,5.98,9.4
1990,2,8,15,13.1,978.3,61.2,0,3.3,6.7,235,NA,NA,141,95,191,49,224,255,49,14,313,335,94,5.8,28.1,5.92,9.3
1990,2,8,16,12.6,978.8,57.7,0,2.9,5.3,231,NA,NA,64,43,213,24,148,254,24,14,305,324,94,4.5,26.3,5.39,8.5
1990,2,8,17,10.3,979.3,65,0,2.1,4,240,NA,NA,1,0,0,0,0,0,0,14,292,310,94,4,23.5,5.21,7.2
1990,2,8,18,10.2,979.9,62.3,0,1.7,5.4,272,NA,2,0,0,0,0,0,0,0,14,293,308,94,3.3,22.7,4.96,6.9
1990,2,8,19,10.5,980.4,51.8,0,3.5,7.3,295,NA,NA,0,0,0,0,0,0,0,14,292,310,94,1,21.1,4.2,6.1
1990,2,8,20,9.4,981,53.1,0,2.7,6.8,295,NA,NA,0,0,0,0,0,0,0,14,283,302,94,0.3,19.5,3.99,5.3
1990,2,8,21,8.7,981.1,57.9,0,1.4,5.6,315,NA,NA,0,0,0,0,0,0,0,14,274,292,94,0.9,19.2,4.16,5.2
1990,2,8,22,7.5,981.5,60.2,0,1.4,5.2,327,NA,NA,0,0,0,0,0,0,0,14,274,294,94,0.3,17.5,3.98,4.4
1990,2,8,23,7.2,981.6,60.6,0,1.2,3.2,49,NA,NA,0,0,0,0,0,0,0,14,267,289,94,0.1,17.1,3.92,4.1
1990,2,9,0,6.9,981.6,62.3,0,2.7,5.3,29,NA,NA,0,0,0,0,0,0,0,14,270,293,94,0.2,16.9,3.95,4
1990,2,9,1,5.7,981.8,66.4,0,1.3,5.4,26,NA,NA,0,0,0,0,0,0,0,14,261,280,94,-0.1,15.4,3.88,3.2
1990,2,9,2,3.2,981.4,76.9,0,0.5,2.4,105,NA,NA,0,0,0,0,0,0,0,14,248,269,94,-0.5,12.6,3.77,1.7
1990,2,9,3,2.5,981.5,79.4,0,0.2,2.1,60,NA,NA,0,0,0,0,0,0,0,14,249,269,94,-0.7,11.8,3.7,1.2
1990,2,9,4,2.1,981.7,78.4,0,0.3,1.7,78,NA,NA,1,0,0,0,0,0,0,14,245,266,94,-1.3,11,3.55,0.8
1990,2,9,5,1.2,982.1,79.9,0,0.1,2.6,285,NA,NA,4,0,0,0,0,0,0,14,234,259,94,-1.9,9.7,3.39,0
1990,2,9,6,1,982.2,78.8,0,0.4,2,240,NA,0,4,0,0,0,0,0,0,14,232,258,94,-2.3,9.2,3.29,-0.2
1990,2,9,7,0.9,982.5,78.8,0,0.4,1.6,251,NA,NA,31,31,0,27,19,13,13,14,240,263,94,-2.4,9.1,3.27,-0.3
1990,2,9,8,4.5,982.8,69.5,0,0.6,3.1,96,NA,NA,159,51,533,517,388,43,43,14,253,281,94,-0.6,13.9,3.73,2.4
1990,2,9,9,6.2,983,65.8,0,1,2.9,142,NA,NA,297,66,700,543,613,63,63,14,258,295,94,0.3,16.2,3.97,3.7
1990,2,9,10,7.6,982.8,53.2,0,1.3,3.8,120,NA,NA,406,69,794,426,772,74,74,14,260,303,94,-1.3,16.5,3.53,3.9
1990,2,9,11,8.3,982.3,49.9,0,0.6,2.7,60,NA,NA,474,69,849,234,869,82,79,14,276,316,94,-1.5,17.1,3.48,4.2
1990,2,9,12,9,981.5,44.1,0,2.1,4.3,100,NA,1,480,70,846,84,874,162,80,14,273,318,94,-2.6,17.2,3.22,4.2
1990,2,9,13,9.7,980.6,40.8,0,1.9,3.8,60,NA,NA,439,67,835,75,824,375,75,14,275,318,94,-3,17.6,3.13,4.4
1990,2,9,14,10.2,980,34.7,0,1.8,4.1,62,NA,NA,350,61,790,66,706,542,66,14,273,317,94,-4.7,17.2,2.75,4.2
1990,2,9,15,10.2,979.6,32.1,0,2.1,3.5,64,NA,NA,222,56,670,51,511,598,51,14,268,311,94,-5.7,16.7,2.55,3.9
1990,2,9,16,9.2,979.7,29,0,2,3.4,72,NA,NA,69,32,361,24,215,380,24,14,261,296,94,-7.9,14.6,2.15,2.9
1990,2,9,17,6.3,979.8,40.1,0,0.8,2.8,78,NA,NA,3,0,0,0,0,0,0,14,243,270,94,-6.3,12.4,2.44,1.7
1990,2,9,18,5,979.8,50.5,0,0.2,2.2,15,NA,3,1,0,0,0,0,0,0,14,238,263,94,-4.4,12.1,2.81,1.4
1990,2,9,19,2.9,979.7,59.1,0,0.3,2,213,NA,NA,0,0,0,0,0,0,0,14,237,261,94,-4.3,10,2.83,0.3
1990,2,9,20,2.2,979.4,63,0,0.5,1.4,42,NA,NA,0,0,0,0,0,0,0,14,231,258,94,-4.1,9.4,2.88,-0.1
1990,2,9,21,0.7,979.2,69.7,0,0.5,1.5,15,NA,NA,1,0,0,0,0,0,0,14,229,255,94,-4.2,7.8,2.86,-1.1
1990,2,9,22,0.6,979,70.9,0,0.2,2.5,60,NA,NA,2,0,0,0,0,0,0,14,228,254,94,-4.1,7.8,2.89,-1.1
1990,2,9,23,-0.1,978.6,73.5,0,0.4,1.8,312,NA,NA,1,0,0,0,0,0,0,14,228,256,94,-4.3,7,2.85,-1.6
1990,2,10,0,0.1,978.1,72.9,0,0.3,1.4,222,NA,NA,4,0,0,0,0,0,0,14,227,256,94,-4.2,7.2,2.86,-1.4
1990,2,10,1,0.1,977.7,73.4,0,0.5,2.2,271,NA,NA,5,0,0,0,0,0,0,14,227,257,94,-4.1,7.3,2.89,-1.4
1990,2,10,2,0.2,976.9,74.8,0,1,2.4,240,NA,NA,5,0,0,0,0,0,0,14,229,259,94,-3.7,7.6,2.97,-1.2
1990,2,10,3,0.1,976.3,76.6,0,0.6,1.9,267,NA,NA,2,0,0,0,0,0,0,14,228,259,94,-3.5,7.6,3.02,-1.2
1990,2,10,4,0.2,976.2,76.1,0,1.4,3.2,260,NA,NA,0,0,0,0,0,0,0,14,230,260,94,-3.5,7.7,3.02,-1.1
1990,2,10,5,0.4,975.2,77.5,0,0.6,2.5,127,NA,NA,0,0,0,0,0,0,0,14,230,258,94,-3.1,8.2,3.12,-0.9
1990,2,10,6,-0.7,974.4,78.4,0,0.5,1.7,258,NA,7,1,0,0,0,0,0,0,14,223,253,94,-4,6.6,2.92,-1.9
1990,2,10,7,0.1,974.2,75.9,0,0.7,2.3,246,NA,NA,25,25,0,18,14,11,11,14,231,261,94,-3.6,7.6,3,-1.2
1990,2,10,8,1.4,973.2,73.7,0,0.4,2.7,285,NA,NA,80,78,8,63,55,34,35,14,245,273,94,-2.8,9.4,3.2,-0.2
1990,2,10,9,2.5,972.8,68.8,0,1,2.2,279,NA,NA,89,89,0,46,47,40,41,14,251,280,94,-2.6,10.6,3.23,0.5
1990,2,10,10,3.9,972.1,64,0,0.9,3.5,308,NA,NA,151,150,1,80,92,66,67,14,254,287,94,-2.3,12.2,3.32,1.5
1990,2,10,11,4.8,971.4,57.6,0,0.5,2.4,240,NA,NA,140,140,0,68,80,64,64,14,257,291,94,-2.8,12.8,3.19,1.8
1990,2,10,12,5.8,970.1,56.6,0,1.4,4.2,209,NA,8,92,92,0,44,45,43,44,14,260,293,94,-2.1,14.3,3.36,2.6
1990,2,10,13,7.5,969.9,49.8,0,8,19.1,243,NA,NA,47,47,0,23,20,21,23,14,267,298,94,-2.3,15.9,3.33,3.5
1990,2,10,14,6.3,969.7,66.5,0.1,7.8,14.8,238,NA,NA,27,27,0,14,10,11,14,14,295,306,94,0.5,16.6,4.1,3.8
1990,2,10,15,6.1,969.7,69.4,0.6,7.5,14.4,233,NA,NA,12,12,0,6,4,4,6,14,291,304,94,0.9,16.7,4.22,3.8
1990,2,10,16,5,969,83.5,1.3,4.3,9.3,245,NA,NA,3,3,0,2,1,1,2,14,289,302,94,2.4,16.8,4.71,3.8
1990,2,10,17,4.6,968.7,85.5,1.4,7.3,13.1,245,NA,NA,0,0,0,0,0,0,0,14,298,309,96,2.4,16.4,4.69,3.6
1990,2,10,18,5,968,83.4,0,5.2,9.9,246,NA,8,0,0,0,0,0,0,0,14,300,311,96,2.4,16.8,4.71,3.8
1990,2,10,19,5.3,966.9,80.3,0.2,5.6,9.4,241,NA,NA,0,0,0,0,0,0,0,14,301,311,96,2.2,16.9,4.63,3.9
1990,2,10,20,5.3,966.2,80.7,0,5.4,8.5,251,NA,NA,1,0,0,0,0,0,0,14,326,326,96,2.3,17,4.66,4
1990,2,10,21,4.9,965.8,84.5,1.8,5.9,10.7,250,NA,NA,1,0,0,0,0,0,0,14,323,323,96,2.5,16.8,4.75,3.8
1990,2,10,22,4.9,965.4,85.9,0.6,4.5,8.7,246,NA,NA,0,0,0,0,0,0,0,14,324,324,96,2.7,17,4.83,3.9
1990,2,10,23,4.9,964.2,84.3,0.1,2.2,6.1,254,NA,NA,0,0,0,0,0,0,0,14,308,313,96,2.5,16.8,4.75,3.8
1990,2,11,0,5.5,963.2,80.4,0,5.2,11.4,252,NA,NA,0,0,0,0,0,0,0,14,312,316,96,2.4,17.4,4.72,4.1
1990,2,11,1,6.1,961.5,76.6,0,6.5,12.4,245,NA,NA,0,0,0,0,0,0,0,14,314,319,96,2.3,17.9,4.7,4.4
1990,2,11,2,5.6,961.7,85,1.7,5.7,9.5,249,NA,NA,0,0,0,0,0,0,0,14,327,327,96,3.3,18.3,5.04,4.5
1990,2,11,3,5.2,962.7,78.7,1.6,7.3,13.6,246,NA,NA,1,0,0,0,0,0,0,14,325,325,96,1.8,16.6,4.53,3.7
1990,2,11,4,5,964.4,72.9,0.2,5.1,10.9,205,NA,NA,0,0,0,0,0,0,0,14,322,322,96,0.6,15.4,4.13,3.1
1990,2,11,5,4.4,965.6,78.3,0.1,4.7,8.9,208,NA,NA,1,0,0,0,0,0,0,14,321,321,96,1,15.1,4.25,2.9
1990,2,11,6,4.8,966.5,72.7,0.1,4.9,9.3,225,NA,8,2,0,0,0,0,0,0,14,324,324,96,0.3,15,4.05,2.9
1990,2,11,7,4.6,966.5,73.6,0,4.2,9,221,NA,NA,15,15,0,7,7,7,7,14,321,321,96,0.3,14.8,4.04,2.8
1990,2,11,8,4.1,967,79.9,0.4,4.8,10.7,230,NA,NA,57,57,0,30,29,26,26,14,312,314,96,0.9,14.7,4.24,2.7
1990,2,11,9,3.4,966.8,86.4,1.1,3.6,7.7,247,NA,NA,71,71,0,35,34,33,34,14,310,313,96,1.3,14.3,4.36,2.5
1990,2,11,10,5.2,967.1,67.5,0,4.7,10.9,251,NA,NA,191,179,29,119,156,76,78,14,314,317,96,-0.3,14.9,3.86,2.9
1990,2,11,11,5.2,966.7,65,0,3,8.5,241,NA,NA,170,170,1,83,105,76,76,14,297,312,96,-0.8,14.5,3.72,2.7
1990,2,11,12,5.9,966.6,52.5,0,5.3,9.4,259,NA,5,186,185,2,85,119,86,82,14,298,313,96,-3.1,13.8,3.15,2.3
1990,2,11,13,5.9,966.2,50.3,0,5.6,8.8,241,NA,NA,133,133,0,61,75,65,61,14,297,313,96,-3.6,13.5,3.02,2.2
1990,2,11,14,6,965.7,52.8,0,5.4,9.8,235,NA,NA,173,164,23,70,141,122,70,14,311,321,96,-2.9,14,3.19,2.5
1990,2,11,15,6,964.7,53.4,0,4.8,9.8,227,NA,NA,181,93,341,55,327,382,55,14,308,319,96,-2.7,14.1,3.23,2.5
1990,2,11,16,5.2,963.4,56.5,0,3.6,8.3,231,NA,NA,46,41,44,20,54,83,20,14,304,310,96,-2.7,13.4,3.24,2.1
1990,2,11,17,3.9,962.3,62.7,0,2.5,5.3,242,NA,NA,2,0,0,0,0,0,0,14,250,275,94,-2.6,12.2,3.29,1.4
1990,2,11,18,2.9,960.8,65.6,0,2.2,4.2,260,NA,2,2,0,0,0,0,0,0,14,246,271,94,-2.9,10.9,3.21,0.7
1990,2,11,19,2.7,959.6,64.8,0,3.4,7.2,248,NA,NA,0,0,0,0,0,0,0,14,247,273,94,-3.3,10.5,3.13,0.4
1990,2,11,20,3.6,958,58,0,5,7.7,247,NA,NA,0,0,0,0,0,0,0,14,318,318,94,-3.9,11.1,2.99,0.8
1990,2,11,21,3.7,956.4,58,0,5.6,8.5,249,NA,NA,3,0,0,0,0,0,0,14,318,318,94,-3.8,11.3,3.02,0.9
1990,2,11,22,3.7,955,58,0,7,13.3,247,NA,NA,3,0,0,0,0,0,0,14,312,312,94,-3.8,11.3,3.02,0.9
1990,2,11,23,1.5,952.8,88,0.4,6.5,10.4,254,NA,NA,2,0,0,0,0,0,0,14,281,291,94,-0.3,11.3,3.93,0.8
1990,2,12,0,1.6,950.6,89,0.6,7.4,11.1,262,NA,NA,2,0,0,0,0,0,0,14,284,292,94,0,11.6,4.02,1
1990,2,12,1,1.4,949.7,90.9,1.5,6,10.6,259,NA,NA,4,0,0,0,0,0,0,14,284,292,94,0.1,11.5,4.05,0.9
1990,2,12,2,2.3,949,88.3,0.5,7.4,12.5,244,NA,NA,2,0,0,0,0,0,0,14,287,296,94,0.6,12.8,4.2,1.6
1990,2,12,3,2.7,948.6,87.4,1.1,7.7,12,246,NA,NA,1,0,0,0,0,0,0,14,289,297,94,0.8,13.4,4.28,1.9
1990,2,12,4,3.4,948.8,84.7,0.5,6.6,13.3,230,NA,NA,1,0,0,0,0,0,0,14,295,301,94,1.1,14.3,4.36,2.4
1990,2,12,5,4.3,949.4,75.5,0,6.3,12.1,231,NA,NA,0,0,0,0,0,0,0,14,286,301,96,0.4,14.7,4.13,2.7
1990,2,12,6,3.9,950,78.4,0,6.4,14.3,234,NA,7,0,0,0,0,0,0,0,14,282,299,96,0.5,14.4,4.17,2.5
1990,2,12,7,3.8,950.7,74.3,0.1,5.5,11.9,212,NA,NA,6,6,0,2,3,3,3,14,283,299,96,-0.3,13.6,3.92,2.1
1990,2,12,8,4.6,951.5,62.8,0,5,11.4,230,NA,NA,15,15,0,5,5,7,7,14,312,314,96,-1.9,13.4,3.5,2
1990,2,12,9,4.5,952.1,59.2,0,5.4,10.3,234,NA,NA,28,28,0,11,11,14,14,14,312,315,96,-2.8,12.7,3.27,1.6
1990,2,12,10,4.4,953.1,57.4,0,4.8,11.1,252,NA,NA,69,69,0,33,32,33,34,14,310,314,96,-3.3,12.3,3.15,1.4
1990,2,12,11,4.6,952.8,58.8,0,4.4,11.6,254,NA,NA,169,167,4,82,105,75,75,14,285,305,96,-2.8,12.8,3.27,1.7
1990,2,12,12,4.6,952.3,62.3,0,6,12.9,238,NA,6,136,136,0,64,75,64,63,14,285,304,96,-2,13.3,3.47,2
1990,2,12,13,5.1,951.4,57.4,0,5.5,10.7,236,NA,NA,167,167,2,75,104,85,74,14,286,307,96,-2.6,13.4,3.31,2.1
1990,2,12,14,5.4,950.9,51.7,0,6.2,9.9,235,NA,NA,135,134,1,60,81,75,60,14,286,306,96,-3.7,13.1,3.05,1.9
1990,2,12,15,5.3,950.5,55.7,0,5,10.4,235,NA,NA,86,86,0,39,48,49,39,14,286,305,96,-2.8,13.5,3.26,2.1
1990,2,12,16,4.8,951.3,57.6,0,5.8,9.8,233,NA,NA,32,32,0,15,16,17,15,14,283,302,96,-2.8,13,3.26,1.8
1990,2,12,17,3.7,952.3,68.3,0,5.9,10.5,233,NA,NA,0,0,0,0,0,0,0,14,281,295,94,-1.6,12.7,3.57,1.6
1990,2,12,18,2.8,951.8,79.6,0,5,8.5,233,NA,7,0,0,0,0,0,0,0,14,277,291,94,-0.4,12.6,3.91,1.5
1990,2,12,19,2.7,952.2,81.4,0,5.1,8.9,238,NA,NA,0,0,0,0,0,0,0,14,278,291,94,-0.2,12.6,3.97,1.5
1990,2,12,20,2.7,952.6,79.5,0,5.1,8.7,233,NA,NA,1,0,0,0,0,0,0,14,269,287,94,-0.5,12.4,3.87,1.4
1990,2,12,21,2.7,952.7,79.3,0,4.5,9.6,227,NA,NA,0,0,0,0,0,0,0,14,269,287,94,-0.5,12.4,3.86,1.4
1990,2,12,22,2.6,953.1,79.6,0,4.4,8.1,230,NA,NA,1,0,0,0,0,0,0,14,269,287,94,-0.6,12.2,3.85,1.3
1990,2,12,23,2.3,953.7,82.9,0,4.8,9.2,238,NA,NA,0,0,0,0,0,0,0,14,285,294,94,-0.3,12.1,3.92,1.2
1990,2,13,0,2.4,954,82.7,0,4.9,8.4,238,NA,NA,0,0,0,0,0,0,0,14,286,294,94,-0.2,12.3,3.94,1.3
1990,2,13,1,2.6,954.4,80.8,0,5.3,9.8,238,NA,NA,0,0,0,0,0,0,0,14,288,295,94,-0.4,12.4,3.9,1.4
1990,2,13,2,2.8,954.7,80.1,0,5.1,9.5,238,NA,NA,0,0,0,0,0,0,0,14,306,306,94,-0.3,12.6,3.92,1.5
1990,2,13,3,3,954.9,81.2,0.1,4,8.6,227,NA,NA,0,0,0,0,0,0,0,14,305,305,94,0.1,13.1,4.03,1.8
1990,2,13,4,2.8,955.8,85.3,0.3,4.4,7.4,239,NA,NA,0,0,0,0,0,0,0,14,306,306,94,0.6,13.3,4.17,1.9
1990,2,13,5,2.9,956.2,86.9,0.5,4.1,8.7,220,NA,NA,0,0,0,0,0,0,0,14,290,298,94,0.9,13.6,4.28,2.1
1990,2,13,6,3.4,957.2,83.7,0.4,2.6,5.5,221,NA,7,0,0,0,0,0,0,0,14,291,302,96,0.9,14.1,4.27,2.3
1990,2,13,7,3.7,957.5,83.9,0.1,2.3,6.1,229,NA,NA,9,9,0,3,4,5,5,14,293,304,96,1.2,14.7,4.37,2.6
1990,2,13,8,3.4,957.8,85.8,0.3,4.3,7.7,232,NA,NA,29,29,0,11,12,14,14,14,257,287,96,1.3,14.4,4.37,2.5
1990,2,13,9,3.5,958.1,86.9,0.7,3.6,5.9,233,NA,NA,48,48,0,21,21,23,24,14,258,289,96,1.5,14.7,4.46,2.6
1990,2,13,10,4,957.7,85.9,0.3,3.6,6.7,228,NA,NA,103,103,0,51,53,47,48,14,261,292,96,1.9,15.5,4.57,3.1
1990,2,13,11,4.1,958,84.6,0.4,4.7,7.6,231,NA,NA,93,93,0,45,46,44,45,14,268,295,96,1.7,15.5,4.53,3.1
1990,2,13,12,4,957.4,85.7,0.3,5.1,7.8,243,NA,8,104,104,0,50,52,49,49,14,269,296,96,1.8,15.4,4.56,3
1990,2,13,13,4.1,957.1,84.7,0.7,4.7,9.2,232,NA,NA,74,74,0,36,34,35,36,14,268,295,96,1.8,15.5,4.54,3.1
1990,2,13,14,3.5,957.5,86.9,1.2,5.6,9.8,236,NA,NA,42,42,0,21,17,18,21,14,273,296,96,1.5,14.7,4.46,2.6
1990,2,13,15,2.7,957.5,89.7,2.1,6.9,10.1,251,NA,NA,20,20,0,10,8,7,10,14,270,292,96,1.2,13.6,4.35,2.1
1990,2,13,16,2.1,957.7,90.6,1.7,6.9,10.2,257,NA,NA,9,9,0,5,4,2,5,14,268,290,96,0.7,12.6,4.21,1.5
1990,2,13,17,2.5,958,90.9,1.5,4.8,8,252,NA,NA,1,0,0,0,0,0,0,14,298,305,96,1.2,13.4,4.35,1.9
1990,2,13,18,3.1,957.5,91,1,1.5,5,245,NA,8,1,0,0,0,0,0,0,14,300,307,96,1.8,14.5,4.54,2.5
1990,2,13,19,3.4,956.9,93.4,1.7,0.7,3,294,NA,NA,1,0,0,0,0,0,0,14,302,309,96,2.4,15.4,4.77,3
1990,2,13,20,4.2,956.5,94.1,1.8,2.2,5.5,266,NA,NA,1,0,0,0,0,0,0,14,308,314,96,3.3,17,5.09,3.8
1990,2,13,21,5.7,956.2,92.5,1.7,2.9,6,265,NA,NA,1,0,0,0,0,0,0,14,314,319,96,4.6,19.7,5.56,5.2
1990,2,13,22,7.4,955.9,90.2,1.9,3.7,7.3,237,NA,NA,0,0,0,0,0,0,0,14,323,328,96,5.9,22.8,6.1,6.7
1990,2,13,23,8.3,956.1,88.9,1.8,4.5,9.6,220,NA,NA,0,0,0,0,0,0,0,14,319,328,96,6.6,24.4,6.39,7.4
1990,2,14,0,8.6,955.7,87.8,1.6,5,10.6,218,NA,NA,0,0,0,0,0,0,0,14,319,329,96,6.7,24.9,6.45,7.6
1990,2,14,1,8.7,955.4,88.5,1.8,5,10.7,212,NA,NA,0,0,0,0,0,0,0,14,320,329,96,6.9,25.2,6.55,7.8
1990,2,14,2,8.7,955.4,89.3,1.8,5.2,12.2,211,NA,NA,0,0,0,0,0,0,0,14,312,326,96,7,25.4,6.61,7.8
1990,2,14,3,8.8,955.6,89.9,1.9,5,10.7,215,NA,NA,0,0,0,0,0,0,0,14,312,326,96,7.2,25.7,6.7,8
1990,2,14,4,8.7,955.8,90,2.1,5.1,10.1,215,NA,NA,0,0,0,0,0,0,0,14,312,326,96,7.2,25.5,6.66,7.9
1990,2,14,5,8.8,956.2,88.6,1.8,4.6,10.8,213,NA,NA,0,0,0,0,0,0,0,14,312,326,96,7,25.4,6.59,7.9
1990,2,14,6,8.8,956.7,88.6,1.5,5.3,11.6,210,NA,8,3,0,0,0,0,0,0,14,312,326,96,7,25.4,6.59,7.9
1990,2,14,7,8.9,957.2,87.7,1.4,5.1,10,212,NA,NA,5,5,0,2,2,3,3,14,313,327,96,7,25.5,6.56,7.9
1990,2,14,8,8.9,957.4,88.2,1.7,5.1,10.5,213,NA,NA,15,15,0,5,5,7,7,14,313,327,96,7.1,25.6,6.6,8
1990,2,14,9,9,957.7,88.4,2.2,4.8,9.3,218,NA,NA,30,30,0,12,12,15,15,14,314,328,96,7.2,25.8,6.66,8.1
1990,2,14,10,9.1,957.9,88.8,2.3,5,9.9,221,NA,NA,38,38,0,17,15,18,19,14,314,328,96,7.4,26.1,6.73,8.2
1990,2,14,11,9.1,957.9,89.2,2.2,5.1,10.5,220,NA,NA,45,45,0,22,19,22,22,14,331,337,96,7.4,26.2,6.76,8.2
1990,2,14,12,9.1,957.3,88.5,2,5.4,10.9,218,NA,8,45,45,0,22,19,21,22,14,331,336,96,7.3,26,6.71,8.2
1990,2,14,13,9.2,957.5,88.9,1.7,5.5,12.4,222,NA,NA,53,53,0,26,23,24,26,14,331,337,96,7.5,26.3,6.79,8.3
1990,2,14,14,9.3,957.8,89,1.8,4.8,10.8,220,NA,NA,39,39,0,19,16,16,19,14,332,337,96,7.6,26.6,6.84,8.4
1990,2,14,15,9.4,957.8,89.3,2.3,5.1,9.4,218,NA,NA,20,20,0,10,8,7,10,14,331,337,96,7.7,26.8,6.91,8.5
1990,2,14,16,9.4,957.7,89.1,1.2,5,12.7,217,NA,NA,8,8,0,4,3,2,4,14,331,337,96,7.7,26.8,6.9,8.5
1990,2,14,17,9.4,957.9,89.3,1.1,5.4,11,215,NA,NA,0,0,0,0,0,0,0,14,331,337,96,7.7,26.8,6.91,8.5
1990,2,14,18,9.4,958.3,90.1,2.2,5.8,12.8,214,NA,8,0,0,0,0,0,0,0,14,332,338,96,7.9,27,6.97,8.6
1990,2,14,19,9.3,958.4,90.4,2.7,5.8,11.2,217,NA,NA,0,0,0,0,0,0,0,14,331,337,96,7.8,26.8,6.95,8.5
1990,2,14,20,9.3,958.9,89,1.9,5.9,11.2,215,NA,NA,0,0,0,0,0,0,0,14,332,337,96,7.6,26.5,6.83,8.4
1990,2,14,21,9.2,958.9,89,2.2,5.3,10.4,218,NA,NA,0,0,0,0,0,0,0,14,331,337,96,7.5,26.3,6.79,8.3
1990,2,14,22,9.1,958.6,90.4,2.3,5.4,11.1,223,NA,NA,1,0,0,0,0,0,0,14,330,336,96,7.6,26.4,6.85,8.3
1990,2,14,23,9,959,91.5,1.7,5.4,11.3,229,NA,NA,3,0,0,0,0,0,0,14,322,332,96,7.7,26.4,6.88,8.3
1990,2,15,0,8.9,958.7,91.9,1.2,5.8,12,236,NA,NA,1,0,0,0,0,0,0,14,321,332,96,7.7,26.2,6.87,8.3
1990,2,15,1,8.9,958.3,90.2,0.7,6.7,13.1,236,NA,NA,2,0,0,0,0,0,0,14,322,332,96,7.4,25.9,6.75,8.1
1990,2,15,2,8.8,957.6,92.2,1.1,7,12.7,239,NA,NA,3,0,0,0,0,0,0,14,321,332,96,7.6,26.1,6.85,8.2
1990,2,15,3,9,957,91.3,1.4,7.1,12.5,237,NA,NA,0,0,0,0,0,0,0,14,322,333,96,7.7,26.4,6.88,8.3
1990,2,15,4,9.1,956.1,92,2,7.1,14.7,237,NA,NA,1,0,0,0,0,0,0,14,323,333,96,7.9,26.7,6.99,8.5
1990,2,15,5,9.2,955.5,92.3,1.2,7.3,13.6,234,NA,NA,1,0,0,0,0,0,0,14,323,333,96,8,27,7.07,8.6
1990,2,15,6,9.3,955.6,92.9,1.7,8.3,13.8,232,NA,8,0,0,0,0,0,0,0,14,324,334,96,8.2,27.4,7.16,8.7
1990,2,15,7,9.5,955.8,91.8,0.4,7,12.3,227,NA,NA,7,7,0,2,3,4,4,14,325,335,96,8.2,27.6,7.17,8.8
1990,2,15,8,9.8,955.7,91.6,0.4,7.2,13.9,227,NA,NA,36,36,0,15,15,17,17,14,319,333,96,8.5,28.2,7.3,9.1
1990,2,15,9,10.2,955.9,88.6,0.4,7.6,14.6,228,NA,NA,65,65,0,31,30,31,31,14,320,335,96,8.4,28.5,7.25,9.2
1990,2,15,10,10.4,956.2,87.8,0.1,7.3,13.4,227,NA,NA,111,111,0,55,58,51,52,14,321,336,96,8.5,28.8,7.28,9.4
1990,2,15,11,10.6,956.6,85,0.4,7.4,13.6,231,NA,NA,109,109,0,53,55,51,51,14,346,348,96,8.2,28.6,7.14,9.3
1990,2,15,12,10.2,958,87,1.7,6.7,13.5,243,NA,7,97,97,0,47,48,46,46,14,344,347,96,8.1,28.2,7.11,9.1
1990,2,15,13,10.6,959.2,76.9,0.1,4.8,11.8,286,NA,NA,173,169,7,76,109,88,76,14,341,346,96,6.7,26.9,6.44,8.6
1990,2,15,14,10,960.8,64.8,0,4.2,12.1,300,NA,NA,105,105,0,49,56,53,49,14,314,329,96,3.7,23.1,5.19,7
1990,2,15,15,10.6,961.7,52.7,0,3.9,9.6,293,NA,NA,120,110,36,50,106,119,50,14,311,330,96,1.3,21.7,4.39,6.3
1990,2,15,16,9.8,962.4,54.7,0,3,6.7,316,NA,NA,88,63,193,33,150,263,33,14,307,327,96,1.1,20.7,4.31,5.8
1990,2,15,17,8.9,963.8,57.2,0,3,7.6,319,NA,NA,0,0,0,0,0,0,0,14,313,326,96,0.9,19.6,4.24,5.3
1990,2,15,18,7.9,964.3,57.8,0,5.1,9,325,NA,7,0,0,0,0,0,0,0,14,309,322,96,0.1,18,4,4.5
1990,2,15,19,7.6,965,55.5,0,3.2,7.3,307,NA,NA,0,0,0,0,0,0,0,14,307,319,96,-0.7,17.1,3.76,4.1
1990,2,15,20,7.1,964.6,61.9,0,1.1,4.3,236,NA,NA,0,0,0,0,0,0,0,14,276,301,96,0.3,17.3,4.05,4.1
1990,2,15,21,6.4,964.9,55.4,0,1.3,3.7,299,NA,NA,1,0,0,0,0,0,0,14,272,298,96,-1.9,15.1,3.45,3
1990,2,15,22,6.5,964.8,52.4,0,1.8,7.3,323,NA,NA,0,0,0,0,0,0,0,14,273,300,96,-2.5,14.8,3.29,2.9
1990,2,15,23,5.2,964.6,62.8,0,0.9,2.2,119,NA,NA,0,0,0,0,0,0,0,14,314,314,96,-1.3,14.3,3.6,2.5
1990,2,16,0,4.1,964.6,73.6,0,0.5,2.1,263,NA,NA,2,0,0,0,0,0,0,14,312,312,96,-0.2,13.9,3.91,2.3
1990,2,16,1,4.3,964.5,75.7,0,1,2.3,240,NA,NA,0,0,0,0,0,0,0,14,310,310,96,0.4,14.5,4.08,2.7
1990,2,16,2,4.4,963.8,78.5,0,1.8,3.4,247,NA,NA,1,0,0,0,0,0,0,14,321,321,96,1,15.1,4.27,2.9
1990,2,16,3,4.7,963.5,74.9,0,1.9,3.1,250,NA,NA,0,0,0,0,0,0,0,14,323,323,96,0.6,15.1,4.16,2.9
1990,2,16,4,4.8,963,75.6,0,1.5,3.3,257,NA,NA,1,0,0,0,0,0,0,14,325,325,96,0.9,15.4,4.23,3.1
1990,2,16,5,5.2,963,72.2,0,1.6,5.1,240,NA,NA,0,0,0,0,0,0,0,14,298,309,96,0.6,15.6,4.15,3.2
1990,2,16,6,4.5,962.6,78.8,0.5,4.4,8.7,260,NA,8,0,0,0,0,0,0,0,14,295,306,96,1.1,15.3,4.32,3
1990,2,16,7,3.4,962.8,88.8,1.7,3.2,5.8,289,NA,NA,1,0,0,0,0,0,0,14,291,304,96,1.7,14.7,4.5,2.7
1990,2,16,8,3.4,962.5,88.9,1.6,2.5,4.8,264,NA,NA,25,25,0,9,10,12,13,14,293,305,96,1.7,14.7,4.51,2.7
1990,2,16,9,4,961.9,88.2,1,0.8,2.9,240,NA,NA,54,54,0,25,24,26,27,14,296,309,96,2.2,15.7,4.67,3.2
1990,2,16,10,4.4,961.7,92.9,1.1,0.7,2.4,105,NA,NA,41,41,0,19,17,20,20,14,299,311,96,3.4,17.1,5.07,3.9
1990,2,16,11,5.2,961.7,93.8,1.1,0.6,2,74,NA,NA,76,76,0,37,35,36,37,14,305,318,96,4.3,18.8,5.41,4.8
1990,2,16,12,6.6,961.4,94.2,0.9,0.8,2.8,78,NA,8,97,97,0,47,48,46,46,14,312,324,96,5.7,21.7,5.99,6.2
1990,2,16,13,7.4,961.6,93.9,0.5,0.7,2.5,42,NA,NA,55,55,0,27,24,25,27,14,314,326,96,6.5,23.3,6.32,6.9
1990,2,16,14,7.9,961.8,93.8,0.7,1.5,4.2,60,NA,NA,41,41,0,20,17,17,20,14,333,336,96,7,24.4,6.53,7.4
1990,2,16,15,8.3,962.3,94,1.1,1.3,4.7,105,NA,NA,22,22,0,11,9,8,11,14,332,335,96,7.4,25.2,6.72,7.8
1990,2,16,16,8.3,962.9,92,0.6,2.1,6.2,75,NA,NA,7,7,0,4,3,2,4,14,333,335,96,7.1,24.9,6.57,7.7
1990,2,16,17,9,963.6,88.7,1.5,2.6,9.3,183,NA,NA,0,0,0,0,0,0,0,14,330,334,96,7.2,25.8,6.64,8.1
1990,2,16,18,8,964.8,92.2,3.6,3.1,6.9,133,NA,6,2,0,0,0,0,0,0,14,324,330,96,6.8,24.2,6.44,7.4
1990,2,16,19,7.8,965.5,92.9,0.9,1.4,4.6,139,NA,NA,0,0,0,0,0,0,0,14,324,329,96,6.7,23.9,6.4,7.2
1990,2,16,20,7.7,965.9,95.6,1.7,1.1,4,97,NA,NA,0,0,0,0,0,0,0,14,340,340,96,7,24.2,6.54,7.3
1990,2,16,21,7.6,966.2,95.8,0.5,0.6,2.6,71,NA,NA,0,0,0,0,0,0,0,14,339,339,96,7,24,6.5,7.3
1990,2,16,22,7.4,966.5,95.7,0,1,2.5,15,NA,NA,1,0,0,0,0,0,0,14,337,337,96,6.8,23.5,6.4,7.1
1990,2,16,23,7.3,967,95.3,0.1,0.6,1.5,285,NA,NA,0,0,0,0,0,0,0,14,328,330,96,6.6,23.2,6.33,6.9
1990,2,17,0,7.1,967,96.3,0,0.4,1.8,240,NA,NA,2,0,0,0,0,0,0,14,327,328,96,6.6,23,6.31,6.8
1990,2,17,1,6.3,967.2,96.6,0,0.5,1.5,150,NA,NA,0,0,0,0,0,0,0,14,325,325,96,5.8,21.4,5.99,6.1
1990,2,17,2,6.4,967.1,95.4,0.1,1.3,2.5,261,NA,NA,0,0,0,0,0,0,0,14,328,328,96,5.7,21.4,5.95,6.1
1990,2,17,3,6.7,967.2,96.4,0.2,1,2.1,267,NA,NA,0,0,0,0,0,0,0,14,328,329,96,6.2,22.2,6.14,6.5
1990,2,17,4,7,967.7,95.2,0.3,0.9,1.9,213,NA,NA,0,0,0,0,0,0,0,14,326,327,96,6.3,22.6,6.19,6.6
1990,2,17,5,6.7,967.8,95.8,0,0.7,2.6,168,NA,NA,0,0,0,0,0,0,0,14,307,315,96,6.1,22.1,6.1,6.4
1990,2,17,6,6.1,968.4,95.4,0,0.8,1.9,330,NA,5,0,0,0,0,0,0,0,14,307,314,96,5.4,20.7,5.82,5.8
1990,2,17,7,6.8,969.1,94.4,0,0.9,2.1,195,NA,NA,14,14,0,5,6,7,7,14,311,320,96,6,22,6.04,6.4
1990,2,17,8,7.7,969.2,91.6,0,0.9,2.3,161,NA,NA,71,71,0,40,37,32,33,14,334,335,96,6.4,23.4,6.24,7
1990,2,17,9,8.8,969.2,88.5,0,0.6,3.2,344,NA,NA,137,136,2,82,83,59,61,14,338,341,96,7,25.2,6.5,7.9
1990,2,17,10,9.4,969.4,85.4,0,0.6,2.7,60,NA,NA,159,158,3,84,96,69,71,14,341,344,96,7.1,25.9,6.53,8.2
1990,2,17,11,10.8,968.9,78.5,0,0.7,2.3,46,NA,NA,346,235,216,176,425,111,106,14,334,348,96,7.2,27.5,6.59,8.9
1990,2,17,12,12.3,967.9,70.2,0,1.8,3.8,93,NA,7,497,149,662,109,780,179,99,14,336,360,96,7,28.8,6.52,9.5
1990,2,17,13,12.3,967.6,71.3,0,2.1,3.7,124,NA,NA,442,111,682,88,726,354,87,14,335,361,96,7.3,29.1,6.62,9.6
1990,2,17,14,12.6,967.2,68.6,0,2.2,3.8,118,NA,NA,372,73,739,72,660,530,73,14,307,346,96,7,29.1,6.5,9.6
1990,2,17,15,12.5,967.1,69.6,0,1.8,3.6,118,NA,NA,254,52,709,53,513,632,53,14,303,340,96,7.1,29.1,6.55,9.6
1990,2,17,16,11.2,967.6,74.6,0,1.6,2.4,123,NA,NA,101,43,425,32,244,459,32,14,292,327,96,6.9,27.5,6.44,8.9
1990,2,17,17,9,967.8,80.9,0,1.9,3,114,NA,NA,4,0,0,0,0,0,0,14,276,304,96,5.9,24.2,6.02,7.4
1990,2,17,18,8.7,968.3,83.8,0,0.9,2.7,66,NA,2,0,0,0,0,0,0,0,14,275,303,96,6.1,24.1,6.11,7.4
1990,2,17,19,7,968.7,90.6,0,0.7,3,96,NA,NA,0,0,0,0,0,0,0,14,269,293,96,5.6,21.8,5.88,6.3
1990,2,17,20,6.1,969.4,92.4,0,0.3,2.7,258,NA,NA,0,0,0,0,0,0,0,14,264,291,96,5,20.3,5.63,5.6
1990,2,17,21,5.5,969.6,92.6,0,0.8,2.3,245,NA,NA,0,0,0,0,0,0,0,14,260,290,96,4.4,19.1,5.41,5
1990,2,17,22,5.2,969.8,94.5,0,0.1,3,0,NA,NA,0,0,0,0,0,0,0,14,260,289,96,4.4,18.8,5.41,4.8
1990,2,17,23,4.6,970,92.4,0,0.8,2.8,240,NA,NA,0,0,0,0,0,0,0,14,284,298,96,3.5,17.3,5.07,4.1
1990,2,18,0,4.2,970.2,92.9,0,0.3,2.1,312,NA,NA,0,0,0,0,0,0,0,14,283,299,96,3.2,16.6,4.95,3.7
1990,2,18,1,5.1,970.1,92.4,0,0.6,1.6,234,NA,NA,0,0,0,0,0,0,0,14,285,302,96,4,18.3,5.25,4.6
1990,2,18,2,4.7,969.8,94.3,0,0.2,5.5,240,NA,NA,0,0,0,0,0,0,0,14,307,310,96,3.9,17.8,5.21,4.3
1990,2,18,3,4.2,969.9,93.7,0,0.1,1.4,285,NA,NA,0,0,0,0,0,0,0,14,304,304,96,3.3,16.7,4.99,3.8
1990,2,18,4,3.6,970,94.2,0,0.1,1.2,105,NA,NA,0,0,0,0,0,0,0,14,299,301,96,2.8,15.7,4.81,3.2
1990,2,18,5,3.1,970.2,93.1,0,0.3,2,78,NA,NA,0,0,0,0,0,0,0,14,255,279,96,2.1,14.6,4.59,2.7
1990,2,18,6,2.5,970.6,92,0,0.2,1.8,258,NA,2,1,0,0,0,0,0,0,14,252,277,96,1.3,13.4,4.34,2
1990,2,18,7,2.3,970.9,92.6,0,0.2,5,285,NA,NA,41,34,77,129,65,19,19,14,258,280,96,1.2,13.1,4.31,1.8
1990,2,18,8,5,971,87.9,0,0.2,2.7,258,NA,NA,168,82,352,406,293,50,50,14,263,294,96,3.2,17.4,4.95,4.2
1990,2,18,9,8,971.2,79.4,0,0.3,1.9,330,NA,NA,328,90,635,531,571,71,71,14,278,311,96,4.7,21.9,5.5,6.4
1990,2,18,10,10.1,971,68.7,0,0.6,2.9,240,NA,NA,426,106,682,409,701,84,84,14,284,322,96,4.6,24,5.49,7.4
1990,2,18,11,12.3,970.3,58.2,0,1.3,3.2,272,NA,NA,517,89,819,242,837,93,89,14,289,328,94,4.3,25.9,5.38,8.3
1990,2,18,12,14.1,969.6,52.8,0,1.9,4.2,236,NA,3,531,77,858,90,865,172,86,14,300,341,94,4.6,28.1,5.5,9.3
1990,2,18,13,15.8,968.9,48.7,0,1.6,4.5,250,NA,NA,493,78,845,84,819,393,83,14,308,349,94,5,30.2,5.66,10.2
1990,2,18,14,16.1,968.8,50.8,0,2.1,4.8,229,NA,NA,378,75,738,74,658,533,74,14,307,348,94,5.9,31.4,6.02,10.7
1990,2,18,15,16.5,968.7,45.1,0,2.7,4.9,257,NA,NA,255,84,591,61,467,575,61,14,304,341,94,4.6,30.5,5.48,10.3
1990,2,18,16,11.5,968.7,67.1,0,1.7,3.4,121,NA,NA,86,47,275,31,176,327,31,14,283,315,94,5.6,26.4,5.9,8.5
1990,2,18,17,10.2,968.9,69.6,0,0.8,2.4,113,NA,NA,3,0,0,0,0,0,0,14,280,302,94,4.9,24.4,5.61,7.6
1990,2,18,18,8.5,969.4,75.3,0,1.4,3.2,117,NA,7,0,0,0,0,0,0,0,14,271,293,94,4.4,22.1,5.41,6.5
1990,2,18,19,7.1,969.7,82.2,0,0.5,2.7,285,NA,NA,0,0,0,0,0,0,0,14,267,289,94,4.3,20.6,5.36,5.8
1990,2,18,20,9,970.2,80,0,3.1,4.9,239,NA,NA,0,0,0,0,0,0,0,14,276,298,94,5.7,24,5.94,7.3
1990,2,18,21,8.3,970.5,83.8,0,3.6,5.4,248,NA,NA,0,0,0,0,0,0,0,14,274,298,94,5.7,23.3,5.93,7
1990,2,18,22,8.3,970.9,84.2,0,2.2,4.4,240,NA,NA,0,0,0,0,0,0,0,14,280,298,94,5.8,23.3,5.96,7.1
1990,2,18,23,9.4,971.4,78.7,0,3.2,7.2,215,NA,NA,0,0,0,0,0,0,0,14,280,303,94,5.9,24.5,6,7.6
1990,2,19,0,8.5,971.5,82,0,1.8,6.4,230,NA,NA,0,0,0,0,0,0,0,14,272,295,94,5.6,23.3,5.88,7.1
1990,2,19,1,7.2,971.7,88.3,0,0.6,2.1,303,NA,NA,0,0,0,0,0,0,0,14,273,292,94,5.4,21.8,5.79,6.3
1990,2,19,2,6,971.8,91.7,0,0.6,2.3,285,NA,NA,0,0,0,0,0,0,0,14,272,292,94,4.8,19.9,5.53,5.4
1990,2,19,3,6,971.9,91.8,0,0.6,1.9,240,NA,NA,1,0,0,0,0,0,0,14,275,295,94,4.8,19.9,5.54,5.4
1990,2,19,4,6.3,972.1,90.4,0,0.8,2.1,74,NA,NA,2,0,0,0,0,0,0,14,275,296,94,4.8,20.3,5.57,5.6
1990,2,19,5,6.3,972.4,90.1,0,0.8,2.3,78,NA,NA,1,0,0,0,0,0,0,14,280,298,94,4.8,20.3,5.55,5.6
1990,2,19,6,6.1,972.9,90.4,0,0.7,2.1,271,NA,7,2,0,0,0,0,0,0,14,284,299,94,4.6,19.9,5.49,5.4
1990,2,19,7,6.6,973.8,89.7,0,0.8,2.3,55,NA,NA,23,23,0,11,11,11,11,14,289,306,94,5,20.8,5.63,5.8
1990,2,19,8,8.4,974.2,80.6,0,0.8,2,82,NA,NA,78,78,0,45,42,35,36,14,285,308,94,5.3,22.8,5.72,6.9
1990,2,19,9,9.8,974.5,74.2,0,0.3,1.8,132,NA,NA,164,154,27,122,126,66,67,14,296,319,94,5.4,24.4,5.79,7.6
1990,2,19,10,11.6,974.5,64.9,0,0.9,4.4,217,NA,NA,291,219,150,226,341,95,97,14,302,329,94,5.2,26.1,5.71,8.4
1990,2,19,11,13.4,974.1,57.4,0,4.6,8.8,243,NA,NA,398,230,319,201,529,116,109,14,348,356,94,5.2,27.8,5.68,9.2
1990,2,19,12,14.3,973.7,52.8,0,4.2,7.4,250,NA,6,331,254,144,120,351,143,109,14,352,360,94,4.8,28.4,5.54,9.4
1990,2,19,13,14.4,973.7,53.9,0,4.7,7.4,254,NA,NA,262,223,79,97,258,164,96,14,353,359,94,5.2,28.9,5.7,9.6
1990,2,19,14,14.8,974,52.6,0,4.4,7.6,247,NA,NA,251,190,147,85,293,248,85,14,349,358,94,5.2,29.3,5.7,9.8
1990,2,19,15,14.3,974.4,51.5,0,4.9,7.4,241,NA,NA,183,129,185,63,240,288,63,14,343,351,94,4.4,28,5.4,9.3
1990,2,19,16,13.6,975.1,56.2,0,3.6,6.9,249,NA,NA,44,44,0,20,22,24,20,14,340,346,94,5,27.9,5.63,9.2
1990,2,19,17,13.2,975.9,57,0,2.2,4.4,240,NA,NA,4,0,0,0,0,0,0,14,348,348,94,4.9,27.3,5.56,9
1990,2,19,18,12.1,976.5,61.4,0,0.7,3.6,254,NA,6,0,0,0,0,0,0,0,14,340,340,94,4.9,26.2,5.57,8.5
1990,2,19,19,9.5,976.9,73.4,0,0.9,2.7,285,NA,NA,0,0,0,0,0,0,0,14,330,330,94,5,23.6,5.6,7.3
1990,2,19,20,8.2,977.1,79.4,0,0.2,1.9,132,NA,NA,0,0,0,0,0,0,0,14,271,293,94,4.9,22.2,5.54,6.6
1990,2,19,21,6.8,977.8,85.9,0,0.3,1.7,312,NA,NA,0,0,0,0,0,0,0,14,269,289,94,4.6,20.5,5.44,5.7
1990,2,19,22,6.2,978.1,87.4,0,0.2,1.5,285,NA,NA,1,0,0,0,0,0,0,14,260,283,94,4.3,19.6,5.31,5.3
1990,2,19,23,4.8,978.5,89.8,0,0.5,2.4,248,NA,NA,0,0,0,0,0,0,0,14,255,280,94,3.3,17.2,4.95,4.1
1990,2,20,0,4.3,978.7,89.3,0,0.6,1.6,248,NA,NA,0,0,0,0,0,0,0,14,254,278,94,2.7,16.2,4.75,3.6
1990,2,20,1,3.9,978.7,91.2,0,0.2,2.5,240,NA,NA,0,0,0,0,0,0,0,14,251,275,94,2.6,15.7,4.71,3.3
1990,2,20,2,3.1,978.6,91.5,0,0.5,2,240,NA,NA,1,0,0,0,0,0,0,14,246,272,94,1.9,14.3,4.47,2.6
1990,2,20,3,2.7,978.8,91.5,0,0.5,1.2,248,NA,NA,0,0,0,0,0,0,0,14,245,271,94,1.5,13.6,4.34,2.2
1990,2,20,4,2.6,979,93.2,0,0.3,2.6,15,NA,NA,2,0,0,0,0,0,0,14,243,269,94,1.6,13.6,4.39,2.2
1990,2,20,5,2,979.6,92.5,0,0.4,1.4,267,NA,NA,0,0,0,0,0,0,0,14,241,268,94,0.9,12.4,4.17,1.5
1990,2,20,6,2.1,980.2,91.5,0,0.2,2.2,258,NA,0,4,0,0,0,0,0,0,14,244,268,94,0.9,12.5,4.15,1.6
1990,2,20,7,2.5,980.6,91.8,0,0.3,1.1,285,NA,NA,52,37,151,203,96,22,22,14,250,273,94,1.3,13.2,4.29,2
1990,2,20,8,5.4,980.7,86.4,0,0.9,2.3,253,NA,NA,174,86,343,404,289,52,52,14,266,294,94,3.3,17.8,4.95,4.4
1990,2,20,9,7.8,980.7,78.5,0,1,2.5,261,NA,NA,307,119,489,462,490,75,75,14,275,306,94,4.3,21.2,5.31,6.1
1990,2,20,10,10.1,980.6,70.5,0,0.3,1.4,240,NA,NA,405,153,526,371,617,93,93,14,285,317,94,5,24.2,5.57,7.6
1990,2,20,11,11.8,980,61.6,0,0.4,1.6,71,NA,NA,477,142,628,228,728,101,95,14,290,330,94,4.7,25.6,5.46,8.2
1990,2,20,12,12.7,979.5,55.8,0,1.2,2.5,115,NA,0,505,124,706,103,782,176,96,14,291,336,94,4.1,26,5.24,8.4
1990,2,20,13,13.4,979.1,56.8,0,1.5,3.1,113,NA,NA,465,102,725,86,742,366,86,14,294,338,94,5,27.6,5.59,9.1
1990,2,20,14,13.8,978.9,58.8,0,1.7,3,119,NA,NA,382,84,710,73,640,524,73,14,302,344,94,5.9,28.9,5.95,9.7
1990,2,20,15,14.1,978.7,58.4,0,1.5,2.6,121,NA,NA,247,71,588,57,447,560,57,14,298,338,94,6.1,29.4,6.03,9.9
1990,2,20,16,12.7,978.7,60.6,0,1.3,2,114,NA,NA,96,50,306,33,191,361,33,14,288,321,94,5.3,27.2,5.7,8.9
1990,2,20,17,10.6,979.1,65.4,0,0.8,1.8,105,NA,NA,5,0,0,0,0,0,0,14,280,301,94,4.4,24.1,5.35,7.5
1990,2,20,18,8.9,979.5,71.1,0,1,1.9,122,NA,0,1,0,0,0,0,0,0,14,271,293,94,4,22,5.19,6.5
1990,2,20,19,7.4,979.7,76.7,0,0.2,2.4,0,NA,NA,0,0,0,0,0,0,0,14,264,287,94,3.6,20.1,5.05,5.6
1990,2,20,20,6.4,980.1,81.1,0,0.3,2.3,42,NA,NA,1,0,0,0,0,0,0,14,261,283,94,3.4,18.9,4.99,5
1990,2,20,21,5.3,980.2,86,0,0.3,2.1,258,NA,NA,0,0,0,0,0,0,0,14,258,281,94,3.2,17.6,4.9,4.3
1990,2,20,22,4.6,980.3,90.3,0,0.2,2.3,240,NA,NA,0,0,0,0,0,0,0,14,256,280,94,3.2,16.9,4.9,4
1990,2,20,23,3.9,980.3,90.3,0,0.5,1.7,248,NA,NA,0,0,0,0,0,0,0,14,253,277,94,2.5,15.6,4.66,3.3
1990,2,21,0,3.5,980.4,90.3,0,0.3,1.5,267,NA,NA,3,0,0,0,0,0,0,14,247,273,94,2.1,14.9,4.53,2.9
1990,2,21,1,3.2,980.6,89.4,0,0.5,1.7,263,NA,NA,3,0,0,0,0,0,0,14,248,273,94,1.6,14.2,4.39,2.5
1990,2,21,2,3,980.5,89,0,0.2,2.3,258,NA,NA,3,0,0,0,0,0,0,14,248,273,94,1.4,13.8,4.31,2.3
1990,2,21,3,2.9,980.6,88.7,0,0.5,1.9,248,NA,NA,1,0,0,0,0,0,0,14,247,272,94,1.2,13.6,4.26,2.2
1990,2,21,4,2.7,980.8,91.4,0,0.5,2.1,271,NA,NA,0,0,0,0,0,0,0,14,248,271,94,1.4,13.5,4.33,2.1
1990,2,21,5,2.3,981.1,91.8,0,0.2,1.8,330,NA,NA,1,0,0,0,0,0,0,14,255,274,94,1.1,12.9,4.22,1.8
1990,2,21,6,2.8,981.8,92.6,0,0.3,1.5,42,NA,1,3,0,0,0,0,0,0,14,260,279,94,1.7,13.9,4.41,2.3
1990,2,21,7,3.8,982.4,92.7,0,0.5,1.7,49,NA,NA,32,32,0,18,16,15,15,14,264,287,94,2.7,15.7,4.74,3.3
1990,2,21,8,6.1,983,88.3,0,0.5,1.7,42,NA,NA,162,98,248,339,244,54,55,14,297,311,94,4.3,19.4,5.3,5.2
1990,2,21,9,8.3,983.5,80.9,0,0.8,2,60,NA,NA,261,174,224,322,337,82,83,14,304,320,94,5.2,22.5,5.65,6.8
1990,2,21,10,9.9,983.9,76,0,1.1,2.7,120,NA,NA,375,198,365,320,511,99,100,14,309,328,94,5.9,24.8,5.91,7.9
1990,2,21,11,11.4,984.2,70.7,0,0.9,2.1,119,NA,NA,349,248,187,177,407,115,109,14,338,352,94,6.3,26.8,6.08,8.8
1990,2,21,12,12.7,984.4,68.7,0,2.3,4.6,251,NA,5,197,188,16,89,137,92,85,14,338,349,94,7.1,29,6.44,9.7
1990,2,21,13,13.6,984.7,60.9,0,3.1,5.9,236,NA,NA,258,231,53,99,220,149,98,14,342,354,94,6.2,28.9,6.05,9.7
1990,2,21,14,13.7,985,61.5,0,2.9,5.4,256,NA,NA,196,191,10,82,132,121,82,14,362,362,94,6.4,29.3,6.14,9.8
1990,2,21,15,13.7,985.2,60.3,0,2.4,4.8,269,NA,NA,150,132,57,58,136,158,58,14,357,357,94,6.2,29,6.02,9.8
1990,2,21,16,12.7,985.4,66.9,0,0.9,2.8,344,NA,NA,70,63,43,30,68,110,30,14,353,353,94,6.7,28.6,6.26,9.5
1990,2,21,17,10.4,986,77.5,0,1.2,2.8,115,NA,NA,6,0,0,0,0,0,0,14,304,316,94,6.6,26.1,6.22,8.4
1990,2,21,18,8.9,986.5,80.8,0,1.4,2.4,85,NA,3,0,0,0,0,0,0,0,14,302,313,94,5.8,23.7,5.86,7.3
1990,2,21,19,7.8,987,83.8,0,1.2,2.5,71,NA,NA,0,0,0,0,0,0,0,14,294,304,94,5.2,22,5.64,6.5
1990,2,21,20,7.9,987.6,83,0,1,2.4,92,NA,NA,0,0,0,0,0,0,0,14,271,292,94,5.2,22.1,5.62,6.6
1990,2,21,21,6.5,987.9,87.5,0,0.9,3.9,269,NA,NA,0,0,0,0,0,0,0,14,262,287,94,4.6,20,5.38,5.6
1990,2,21,22,5.3,988.1,90.6,0,0.6,1.6,254,NA,NA,0,0,0,0,0,0,0,14,259,283,94,3.9,18.2,5.12,4.6
1990,2,21,23,4.3,988.1,91,0,0.3,3.1,258,NA,NA,0,0,0,0,0,0,0,14,255,279,94,3,16.3,4.79,3.7
1990,2,22,0,3.8,987.8,91.3,0,0.3,1.2,258,NA,NA,0,0,0,0,0,0,0,14,250,276,94,2.5,15.4,4.64,3.2
1990,2,22,1,3.3,987.8,90.5,0,0.4,2.8,251,NA,NA,0,0,0,0,0,0,0,14,247,273,94,1.9,14.4,4.44,2.7
1990,2,22,2,2.8,987.7,91.7,0,0.5,1.4,248,NA,NA,0,0,0,0,0,0,0,14,255,277,94,1.6,13.7,4.34,2.3
1990,2,22,3,2.6,987.6,90.8,0,0.3,1.4,267,NA,NA,2,0,0,0,0,0,0,14,254,275,94,1.3,13.2,4.24,2
1990,2,22,4,2.2,987.4,90.3,0,0.6,1.7,254,NA,NA,0,0,0,0,0,0,0,14,250,273,94,0.8,12.5,4.1,1.6
1990,2,22,5,2.1,987.4,91.2,0,0.8,2.4,255,NA,NA,0,0,0,0,0,0,0,14,241,269,94,0.8,12.4,4.11,1.6
1990,2,22,6,2.3,987.8,91.8,0,0.9,1.6,244,NA,0,1,0,0,0,0,0,0,14,245,271,94,1.1,12.8,4.19,1.8
1990,2,22,7,2.4,988.2,91.9,0,0.3,1.4,267,NA,NA,53,41,113,174,83,23,24,14,248,274,94,1.2,13,4.23,1.9
1990,2,22,8,5.4,988.5,88.7,0,0.2,1.5,0,NA,NA,169,97,273,359,256,55,55,14,267,295,94,3.7,18.1,5.04,4.6
1990,2,22,9,8.7,988.6,79.1,0,0.4,1.7,267,NA,NA,303,142,408,429,450,81,81,14,281,311,94,5.3,22.9,5.65,7
1990,2,22,10,10.2,988.8,72.2,0,1.2,3.8,25,NA,NA,419,160,529,378,621,96,96,14,286,320,94,5.4,24.6,5.7,7.8
1990,2,22,11,11.5,988.3,65.1,0,1.9,4.6,60,NA,NA,491,144,640,231,734,102,97,14,289,329,94,5.2,25.7,5.61,8.3
1990,2,22,12,12.6,987.7,62.9,0,3.1,5.5,64,NA,0,506,128,686,105,763,177,97,14,294,334,94,5.7,27.4,5.83,9
1990,2,22,13,13.3,987.2,59.1,0,3,5.4,55,NA,NA,463,120,672,92,711,359,91,14,293,336,94,5.5,27.9,5.74,9.3
1990,2,22,14,14.1,986.8,52.1,0,2.3,4.5,69,NA,NA,371,111,607,81,588,490,81,14,294,338,94,4.4,27.6,5.33,9.2
1990,2,22,15,14.1,986.5,55.2,0,2.6,5.1,62,NA,NA,239,89,486,62,400,504,62,14,299,336,94,5.3,28.4,5.65,9.5
1990,2,22,16,13.1,986.6,65,0,2.1,3.4,32,NA,NA,93,55,240,33,160,304,33,14,294,325,94,6.7,28.9,6.24,9.7
1990,2,22,17,11.3,987.1,71,0,0.6,1.9,54,NA,NA,7,0,0,0,0,0,0,14,279,303,94,6.2,26.6,6.05,8.7
1990,2,22,18,8.8,987.6,80,0,0.2,2.2,105,NA,1,0,0,0,0,0,0,0,14,277,296,94,5.5,23.3,5.76,7.2
1990,2,22,19,7.5,987.7,83.4,0,0.4,1.4,240,NA,NA,0,0,0,0,0,0,0,14,269,292,94,4.9,21.3,5.49,6.2
1990,2,22,20,6.6,987.9,86.3,0,1,2.3,248,NA,NA,0,0,0,0,0,0,0,14,268,291,94,4.5,20,5.34,5.6
1990,2,22,21,5.9,988,89.1,0,0.8,1.8,245,NA,NA,0,0,0,0,0,0,0,14,261,286,94,4.2,19.1,5.25,5.1
1990,2,22,22,5.1,988.1,89.6,0,0.9,2.8,244,NA,NA,0,0,0,0,0,0,0,14,259,283,94,3.5,17.6,4.99,4.4
1990,2,22,23,4.4,988.1,89.6,0,0.4,2.5,267,NA,NA,2,0,0,0,0,0,0,14,252,278,94,2.8,16.3,4.75,3.7
1990,2,23,0,3.7,987.9,90.1,0,0.4,1.8,271,NA,NA,0,0,0,0,0,0,0,14,250,276,94,2.2,15.1,4.55,3
1990,2,23,1,3.4,987.7,90.4,0,0.3,1.5,251,NA,NA,0,0,0,0,0,0,0,14,248,274,94,2,14.6,4.47,2.8
1990,2,23,2,2.9,987.4,90.9,0,0.3,1.6,258,NA,NA,0,0,0,0,0,0,0,14,247,273,94,1.6,13.8,4.34,2.3
1990,2,23,3,2.5,987.3,90.2,0,0.1,1.5,285,NA,NA,2,0,0,0,0,0,0,14,244,270,94,1.1,13,4.18,1.9
1990,2,23,4,2.1,987.2,90.4,0,0.4,1.3,251,NA,NA,0,0,0,0,0,0,0,14,241,268,94,0.7,12.3,4.07,1.5
1990,2,23,5,1.8,987.4,90.9,0,0.6,1.8,246,NA,NA,0,0,0,0,0,0,0,14,241,267,94,0.5,11.8,4.01,1.3
1990,2,23,6,2.1,987.8,91.9,0,0.3,2.4,285,NA,0,1,0,0,0,0,0,0,14,246,269,94,0.9,12.5,4.14,1.6
1990,2,23,7,1.9,988.3,91.4,0,0.6,2.1,274,NA,NA,57,42,125,188,89,24,24,14,248,273,94,0.7,12,4.06,1.4
1990,2,23,8,5.1,988.5,87.1,0,0.3,2.3,267,NA,NA,177,98,293,377,267,56,56,14,265,293,94,3.1,17.3,4.85,4.2
1990,2,23,9,7.7,988.3,79.6,0,0.3,2.4,285,NA,NA,305,140,414,431,450,80,81,14,274,306,94,4.4,21.1,5.31,6.1
1990,2,23,10,10.5,988,69.7,0,0.3,1.5,168,NA,NA,407,172,474,361,585,98,98,14,285,318,94,5.2,24.7,5.62,7.8
1990,2,23,11,12.4,987.3,64.4,0,0.6,1.9,150,NA,NA,488,153,610,230,716,105,100,14,299,336,94,5.9,27.3,5.89,9
1990,2,23,12,13.8,986.4,58.9,0,0.6,2.8,49,NA,1,503,193,557,123,712,188,111,14,304,345,94,5.9,28.8,5.91,9.7
1990,2,23,13,15,985.7,56.1,0,1.2,3.1,125,NA,NA,471,118,682,92,715,363,92,14,302,346,94,6.3,30.5,6.09,10.4
1990,2,23,14,15.2,985.2,52.7,0,1.7,3.1,115,NA,NA,380,107,627,81,597,500,81,14,303,346,94,5.6,29.9,5.8,10.2
1990,2,23,15,14,984.8,58.1,0,2,2.9,119,NA,NA,255,79,561,61,432,552,61,14,298,339,94,5.9,29,5.92,9.8
1990,2,23,16,12.6,984.5,63,0,1.5,2.6,116,NA,NA,106,55,310,36,193,373,36,14,291,325,94,5.8,27.5,5.86,9.1
1990,2,23,17,10.6,984.6,70.7,0,1.2,2,114,NA,NA,0,0,0,0,0,0,0,14,282,305,94,5.5,25.2,5.76,8
1990,2,23,18,9.1,984.8,76.7,0,0.8,1.7,105,NA,0,0,0,0,0,0,0,0,14,276,297,94,5.2,23.4,5.65,7.2
1990,2,23,19,7.7,984.9,82,0,0.1,2.5,15,NA,NA,0,0,0,0,0,0,0,14,269,290,94,4.8,21.5,5.49,6.3
1990,2,23,20,6.7,985,85.1,0,0.2,2.9,240,NA,NA,0,0,0,0,0,0,0,14,264,287,94,4.4,20.1,5.32,5.6
1990,2,23,21,5.4,985,88.2,0,0.6,2.4,254,NA,NA,0,0,0,0,0,0,0,14,261,284,94,3.6,18.1,5.03,4.6
1990,2,23,22,4.6,984.9,89.7,0,0.6,3,254,NA,NA,0,0,0,0,0,0,0,14,255,280,94,3.1,16.8,4.84,3.9
1990,2,23,23,4.2,984.7,89.9,0,0.5,1.8,248,NA,NA,0,0,0,0,0,0,0,14,254,278,94,2.7,16,4.72,3.5
1990,2,24,0,3.5,984.5,89.1,0,0.2,2.9,258,NA,NA,0,0,0,0,0,0,0,14,249,274,94,1.9,14.7,4.45,2.8
1990,2,24,1,3.1,984.4,89.8,0,0.6,1.6,254,NA,NA,0,0,0,0,0,0,0,14,245,272,94,1.6,14,4.36,2.5
1990,2,24,2,2.7,984.1,90.7,0,0.5,2,248,NA,NA,0,0,0,0,0,0,0,14,244,270,94,1.3,13.4,4.28,2.1
1990,2,24,3,2.4,983.8,89,0,0.3,1.9,240,NA,NA,2,0,0,0,0,0,0,14,244,269,94,0.8,12.7,4.11,1.7
1990,2,24,4,2,983.8,88.8,0,0.5,1.7,248,NA,NA,0,0,0,0,0,0,0,14,241,267,94,0.4,12,3.99,1.3
1990,2,24,5,1.6,983.8,89.9,0,0.4,1.9,251,NA,NA,0,0,0,0,0,0,0,14,239,265,94,0.1,11.4,3.92,1
1990,2,24,6,1.7,983.9,90.2,0,0.8,1.5,245,NA,0,3,0,0,0,0,0,0,14,244,268,94,0.3,11.6,3.96,1.1
1990,2,24,7,2.3,984,89,0,0.6,1.9,263,NA,NA,63,42,170,231,105,25,25,14,248,273,94,0.7,12.5,4.08,1.6
1990,2,24,8,5.4,983.9,82.9,0,0.2,2.2,258,NA,NA,195,92,373,438,305,56,56,14,266,294,94,2.7,17.3,4.73,4.2
1990,2,24,9,8.5,983.4,73.2,0,0.3,1.5,150,NA,NA,327,135,473,467,486,81,81,14,281,310,94,4,21.6,5.18,6.3
1990,2,24,10,10.8,982.9,61.5,0,1,2.7,123,NA,NA,450,127,644,408,675,92,92,14,282,320,94,3.7,23.7,5.08,7.3
1990,2,24,11,12.4,982,53.8,0,1.1,2.8,105,NA,NA,523,112,742,237,781,98,93,14,288,331,94,3.3,24.9,4.94,7.9
1990,2,24,12,14.3,980.9,48.7,0,1,2.4,105,NA,1,529,115,737,102,787,179,95,14,298,342,94,3.7,27.2,5.07,9
1990,2,24,13,15,980,47.4,0,1.5,2.9,109,NA,NA,488,104,737,89,741,375,88,14,296,344,94,3.9,28.2,5.17,9.4
1990,2,24,14,15.1,979.1,46.1,0,1.9,2.9,121,NA,NA,393,98,673,79,617,520,79,14,301,345,94,3.6,28,5.06,9.3
1990,2,24,15,14.8,978.5,47.6,0,1.8,2.7,123,NA,NA,255,86,533,63,419,538,63,14,296,340,94,3.8,27.9,5.13,9.2
1990,2,24,16,13.2,978.2,54.1,0,1.4,2.3,117,NA,NA,106,58,285,35,179,350,35,14,288,324,94,4.1,26.6,5.26,8.6
1990,2,24,17,10.8,978.2,60.9,0,1,2,105,NA,NA,0,0,0,0,0,0,0,14,275,301,94,3.6,23.6,5.05,7.3
1990,2,24,18,9.6,978.1,63.7,0,0.5,2.1,105,NA,1,0,0,0,0,0,0,0,14,273,294,94,3.1,21.9,4.88,6.5
1990,2,24,19,8,978,70.4,0,0.1,2.7,195,NA,NA,0,0,0,0,0,0,0,14,264,287,94,3,20.2,4.84,5.7
1990,2,24,20,6.9,977.8,74.8,0,0.5,2.4,240,NA,NA,0,0,0,0,0,0,0,14,265,287,94,2.7,18.9,4.77,5
1990,2,24,21,5.2,977.4,82.3,0,0.4,2.2,251,NA,NA,0,0,0,0,0,0,0,14,258,281,94,2.4,16.9,4.67,3.9
1990,2,24,22,4.8,977.1,83.8,0,0.4,1.6,251,NA,NA,0,0,0,0,0,0,0,14,253,277,94,2.3,16.4,4.62,3.7
1990,2,24,23,4,976.6,86.1,0,0.6,1.3,240,NA,NA,0,0,0,0,0,0,0,14,248,273,94,1.9,15.3,4.49,3.1
1990,2,25,0,3.4,976.2,87,0,0.3,1.9,258,NA,NA,0,0,0,0,0,0,0,14,250,274,94,1.4,14.3,4.35,2.5
1990,2,25,1,2.9,975.7,86.8,0,0.6,1.5,263,NA,NA,0,0,0,0,0,0,0,14,245,271,94,0.9,13.4,4.19,2.1
1990,2,25,2,2.6,975,88.4,0,0.4,1.6,251,NA,NA,0,0,0,0,0,0,0,14,243,269,94,0.9,13.1,4.18,1.9
1990,2,25,3,2,974.7,89.4,0,0.6,1.8,254,NA,NA,1,0,0,0,0,0,0,14,241,267,94,0.4,12.1,4.05,1.3
1990,2,25,4,1.4,974.3,89.7,0,0.4,1.4,267,NA,NA,0,0,0,0,0,0,0,14,238,265,94,-0.1,11.1,3.89,0.8
1990,2,25,5,1.2,974,87.3,0,0.4,1.6,251,NA,NA,0,0,0,0,0,0,0,14,236,263,94,-0.7,10.5,3.74,0.4
1990,2,25,6,1.2,974,88.9,0,0.5,1.9,258,NA,0,3,0,0,0,0,0,0,14,239,264,94,-0.4,10.7,3.8,0.6
1990,2,25,7,1.7,973.9,87.1,0,0.6,1.4,254,NA,NA,70,43,215,275,122,26,26,14,245,271,94,-0.2,11.4,3.86,0.9
1990,2,25,8,5.9,973.6,77.1,0,0.4,1.4,251,NA,NA,210,83,452,498,343,57,58,14,269,296,94,2.2,17.5,4.61,4.2
1990,2,25,9,9.5,973,66.7,0,0.2,2.2,285,NA,NA,353,106,600,527,547,78,78,14,284,314,94,3.6,22.4,5.1,6.7
1990,2,25,10,12.8,972.3,43.8,0,1.2,2.6,243,NA,NA,468,115,698,423,703,90,90,14,289,328,94,0.8,23.4,4.17,7.2
1990,2,25,11,15,971.2,37.6,0,2.7,5.6,246,NA,NA,540,117,755,243,795,101,96,14,307,345,94,0.7,25.5,4.13,8.2
1990,2,25,12,17.1,969.9,34.5,0,3.9,6.7,256,NA,2,522,150,657,110,751,183,101,14,315,353,94,1.3,28.2,4.34,9.3
1990,2,25,13,18.4,969.1,30.7,0,4.4,6.8,246,NA,NA,464,208,487,112,633,341,111,14,318,356,94,0.8,29.1,4.2,9.7
1990,2,25,14,17.2,968.6,34.2,0,5.6,8.1,248,NA,NA,268,196,162,89,300,262,89,14,328,353,94,1.3,28.3,4.34,9.4
1990,2,25,15,16.1,968.2,37.2,0,8,12.2,245,NA,NA,114,113,2,51,65,68,51,14,327,347,94,1.5,27.3,4.4,9
1990,2,25,16,15,968.8,43.7,0,9,13.5,253,NA,NA,50,50,0,23,25,27,23,14,324,345,94,2.8,27.3,4.82,8.9
1990,2,25,17,13.5,969.6,53.2,0,9.3,13.1,255,NA,NA,8,8,0,4,4,5,4,14,345,349,94,4.2,27,5.32,8.8
1990,2,25,18,12.9,970.5,56.3,0,9.3,14.3,242,NA,6,1,0,0,0,0,0,0,14,345,347,94,4.4,26.6,5.41,8.6
1990,2,25,19,12.3,971.6,60.2,0,8.4,13.6,238,NA,NA,0,0,0,0,0,0,0,14,343,345,94,4.8,26.4,5.56,8.5
1990,2,25,20,11.8,972.2,63.4,0,6.9,12,230,NA,NA,0,0,0,0,0,0,0,14,349,349,94,5.1,26.1,5.66,8.4
1990,2,25,21,11.4,972.6,64.9,0,5,9.8,232,NA,NA,0,0,0,0,0,0,0,14,349,349,94,5,25.7,5.64,8.2
1990,2,25,22,11.6,972.3,63.4,0,6.3,10.1,239,NA,NA,1,0,0,0,0,0,0,14,348,348,94,4.9,25.7,5.59,8.2
1990,2,25,23,10.3,971.8,68.9,0,5.7,9.4,247,NA,NA,1,0,0,0,0,0,0,14,287,313,94,4.8,24.4,5.57,7.6
1990,2,26,0,10.3,971.5,68.2,0,5.2,8.6,253,NA,NA,1,0,0,0,0,0,0,14,291,314,94,4.7,24.2,5.52,7.5
1990,2,26,1,11.2,971,62.9,0,5.1,8.3,241,NA,NA,0,0,0,0,0,0,0,14,293,318,94,4.4,24.9,5.4,7.8
1990,2,26,2,10.4,970.3,66.5,0,5.1,7.9,255,NA,NA,2,0,0,0,0,0,0,14,290,315,94,4.4,24.1,5.42,7.4
1990,2,26,3,10.7,970.3,65.1,0,5.7,9.5,243,NA,NA,0,0,0,0,0,0,0,14,292,317,94,4.4,24.4,5.41,7.6
1990,2,26,4,10.6,970.1,64.8,0,6,10,235,NA,NA,1,0,0,0,0,0,0,14,290,317,94,4.3,24.1,5.35,7.5
1990,2,26,5,10.5,969.9,64.7,0,6.3,10.2,238,NA,NA,0,0,0,0,0,0,0,14,343,343,94,4.1,23.9,5.31,7.4
1990,2,26,6,10.4,969.3,65.1,0,5.7,9.6,241,NA,7,3,0,0,0,0,0,0,14,343,343,94,4.1,23.8,5.31,7.3
1990,2,26,7,10.8,969,60.9,0,6.8,10.6,239,NA,NA,31,31,0,15,15,15,15,14,346,346,94,3.6,23.7,5.1,7.3
1990,2,26,8,11.3,968.1,59.2,0,6.7,11,242,NA,NA,71,71,0,37,35,33,33,14,330,338,94,3.6,24.3,5.13,7.5
1990,2,26,9,11.3,968.1,60.6,0.2,7.6,13.1,238,NA,NA,43,43,0,19,18,21,21,14,324,332,94,4,24.6,5.26,7.7
1990,2,26,10,9.6,967.5,75.9,0.7,8.5,14.3,234,NA,NA,42,42,0,19,18,20,21,14,322,328,94,5.6,24.5,5.89,7.6
1990,2,26,11,9.1,966.2,81.1,0.7,8.3,15.4,234,NA,NA,51,51,0,25,23,25,25,14,329,335,96,6,24.5,6.09,7.5
1990,2,26,12,8.9,965.4,83.6,1.4,8.4,13.3,249,NA,8,38,38,0,19,16,18,19,14,328,334,96,6.3,24.5,6.2,7.6
1990,2,26,13,8.8,964.6,87.1,1.7,8.2,12.5,255,NA,NA,30,30,0,15,13,14,15,14,329,335,96,6.8,25,6.42,7.8
1990,2,26,14,9.2,964.6,84.9,0.4,7.5,14.1,236,NA,NA,22,22,0,11,9,9,11,14,331,336,96,6.8,25.4,6.43,8
1990,2,26,15,9.5,964.7,83.9,0.3,7.8,14.5,238,NA,NA,17,17,0,9,7,6,8,14,335,339,96,6.9,25.9,6.49,8.2
1990,2,26,16,10.6,965.4,75.4,0,8.4,14.7,235,NA,NA,32,32,0,16,15,13,16,14,338,342,96,6.4,26.4,6.27,8.4
1990,2,26,17,11.6,965.6,66.8,0,7.3,13.9,234,NA,NA,5,5,0,3,2,1,3,14,315,333,96,5.6,26.6,5.93,8.5
1990,2,26,18,11.9,966.4,61.3,0,6.5,12.7,237,NA,6,1,0,0,0,0,0,0,14,314,335,96,4.7,25.9,5.54,8.3
1990,2,26,19,12,966.6,61.2,0,5.8,10.9,245,NA,NA,0,0,0,0,0,0,0,14,314,335,96,4.8,26.1,5.57,8.4
1990,2,26,20,12.1,966.2,54.5,0,7.3,16.6,253,NA,NA,0,0,0,0,0,0,0,14,340,347,96,3.2,24.8,4.99,7.8
1990,2,26,21,11.4,966.8,54.2,0,9.3,16.5,256,NA,NA,0,0,0,0,0,0,0,14,337,344,96,2.5,23.4,4.73,7.1
1990,2,26,22,11.1,967.3,52.8,0,9.9,17.1,253,NA,NA,0,0,0,0,0,0,0,14,334,342,96,1.8,22.5,4.52,6.7
1990,2,26,23,11,966.7,50.4,0,10.4,20.9,247,NA,NA,0,0,0,0,0,0,0,14,346,347,96,1.1,21.9,4.28,6.4
1990,2,27,0,11.2,966.7,49,0,10.7,20.9,252,NA,NA,0,0,0,0,0,0,0,14,344,347,96,0.9,21.9,4.22,6.5
1990,2,27,1,11.2,965.9,47.9,0,9.5,20.4,248,NA,NA,1,0,0,0,0,0,0,14,345,347,96,0.6,21.7,4.13,6.4
1990,2,27,2,11,964.7,49.8,0,8.3,23.3,240,NA,NA,0,0,0,0,0,0,0,14,334,342,96,0.9,21.7,4.24,6.4
1990,2,27,3,9.6,964.8,61.3,0.3,8.8,16.8,245,NA,NA,0,0,0,0,0,0,0,14,325,332,96,2.5,21.6,4.76,6.3
1990,2,27,4,8.3,963.9,72.9,0.7,6.7,13.6,231,NA,NA,0,0,0,0,0,0,0,14,323,328,96,3.7,21.4,5.19,6.1
1990,2,27,5,8.1,963.1,77.8,1.2,6.3,11,230,NA,NA,0,0,0,0,0,0,0,14,307,320,96,4.5,21.9,5.47,6.4
1990,2,27,6,8.1,961.3,79.8,1.2,7.2,13.2,234,NA,8,1,0,0,0,0,0,0,14,308,321,96,4.8,22.3,5.62,6.5
1990,2,27,7,8.3,960.5,79.3,1.1,7.7,14.7,232,NA,NA,14,14,0,4,6,7,7,14,307,322,96,4.9,22.6,5.67,6.6
1990,2,27,8,7.9,960.6,85.6,3.2,8.4,16,235,NA,NA,31,31,0,12,13,15,16,14,340,340,96,5.6,22.9,5.96,6.8
1990,2,27,9,9.2,959.3,77.6,0.9,9.4,20.9,229,NA,NA,29,29,0,12,12,14,15,14,346,346,96,5.5,24.1,5.91,7.3
1990,2,27,10,9.2,958.4,82,1.3,9.8,17.9,233,NA,NA,78,78,0,38,37,37,38,14,347,347,96,6.3,25,6.25,7.7
1990,2,27,11,9.3,957.8,83.2,1.2,10.4,20.2,228,NA,NA,99,99,0,48,49,47,48,14,340,342,96,6.6,25.4,6.39,7.9
1990,2,27,12,10,956.5,82.4,0.9,10,23.3,238,NA,8,159,159,0,75,87,74,73,14,342,346,96,7.1,26.8,6.65,8.5
1990,2,27,13,10.3,956,78.2,0.8,14.8,25.5,254,NA,NA,116,116,0,55,59,56,55,14,342,346,96,6.7,26.6,6.44,8.4
1990,2,27,14,9.8,957.6,78.3,1.5,13,24.5,260,NA,NA,109,109,0,51,56,54,51,14,344,346,96,6.2,25.5,6.22,8
1990,2,27,15,9.6,958.6,73,1,7.6,18,271,NA,NA,66,66,0,32,31,31,32,14,335,339,96,5,24,5.71,7.3
1990,2,27,16,10.2,959.2,64.8,0.5,8.5,20.8,286,NA,NA,44,44,0,21,21,21,21,14,342,342,96,3.9,23.5,5.27,7.1
1990,2,27,17,9.7,961.8,59.5,0.9,7.9,20.4,297,NA,NA,2,2,0,1,1,0,1,14,333,335,96,2.2,21.5,4.66,6.2
1990,2,27,18,8.5,964,62,1,6.4,21.5,310,NA,7,0,0,0,0,0,0,0,14,323,328,96,1.6,19.8,4.47,5.4
1990,2,27,19,8.4,964.9,50.9,0,5.3,14.1,308,NA,NA,0,0,0,0,0,0,0,14,320,327,96,-1.2,17.6,3.64,4.3
1990,2,27,20,8,965.5,50.3,0,2.4,10,318,NA,NA,0,0,0,0,0,0,0,14,316,324,96,-1.7,16.8,3.49,3.9
1990,2,27,21,7.9,966.3,51.5,0,5,17.2,280,NA,NA,0,0,0,0,0,0,0,14,317,325,96,-1.5,16.9,3.55,3.9
1990,2,27,22,6.2,967.9,64.6,0.2,5.7,15.5,312,NA,NA,0,0,0,0,0,0,0,14,313,317,96,0,16.2,3.96,3.5
1990,2,27,23,6.1,968.8,65.7,0.3,4.9,12.9,278,NA,NA,0,0,0,0,0,0,0,14,323,323,96,0.2,16.2,4,3.6
1990,2,28,0,5.2,969,74.9,0.1,1.6,5,218,NA,NA,0,0,0,0,0,0,0,14,328,328,96,1.1,16,4.28,3.4
1990,2,28,1,6.2,968.7,63.2,0.1,3.5,9.7,245,NA,NA,0,0,0,0,0,0,0,14,328,328,96,-0.3,15.9,3.87,3.4
1990,2,28,2,6.2,968.9,62.8,0,4.3,13.2,251,NA,NA,0,0,0,0,0,0,0,14,327,327,96,-0.4,15.9,3.84,3.4
1990,2,28,3,6.3,969,62.3,0.1,4.4,12.2,264,NA,NA,1,0,0,0,0,0,0,14,327,327,96,-0.4,16,3.84,3.5
1990,2,28,4,6,968.7,67.8,0.1,3.6,8.2,240,NA,NA,0,0,0,0,0,0,0,14,326,326,96,0.5,16.3,4.1,3.6
1990,2,28,5,4.8,968.8,81.5,0.7,4.7,10.5,235,NA,NA,1,0,0,0,0,0,0,14,324,324,96,1.9,16.2,4.53,3.5
1990,2,28,6,4.7,968.5,81.8,0.5,4.5,9.1,226,NA,8,2,0,0,0,0,0,0,14,324,324,96,1.9,16,4.52,3.5
1990,2,28,7,4.6,968.5,82.8,0.5,4.6,9.6,224,NA,NA,16,16,0,5,7,8,8,14,322,322,96,1.9,16,4.54,3.4
1990,2,28,8,4.1,968.2,84.8,1.1,5.3,9.7,235,NA,NA,42,42,0,17,18,20,21,14,320,320,96,1.8,15.4,4.49,3.1
1990,2,28,9,3.9,967.8,88.3,1.5,5.2,8.2,249,NA,NA,62,62,0,28,28,29,30,14,320,320,96,2.1,15.5,4.62,3.1
1990,2,28,10,4,967.4,88,1.3,7.2,11.3,258,NA,NA,116,116,0,58,59,54,55,14,321,321,96,2.2,15.6,4.63,3.2
1990,2,28,11,4.5,966.4,89.9,0.5,7.8,11.8,254,NA,NA,189,188,2,91,110,84,84,14,301,314,96,3,16.8,4.91,3.8
1990,2,28,12,6,965.2,87.9,0.1,6.9,10.2,244,NA,8,220,216,5,99,134,101,95,14,307,321,96,4.2,19.4,5.34,5.1
1990,2,28,13,6.9,964.3,86.7,0,7.1,10.2,249,NA,NA,164,164,1,75,92,81,74,14,312,324,96,4.8,21,5.61,5.9
1990,2,28,14,7.9,963.5,86.3,0,6.7,10.2,246,NA,NA,154,153,0,69,88,84,69,14,333,336,96,5.8,23,5.99,6.9
1990,2,28,15,8.4,962.8,85.7,0.2,5.1,8.3,245,NA,NA,73,73,0,35,36,35,35,14,334,337,96,6.1,23.9,6.16,7.2
1990,2,28,16,8.4,962.6,85.3,0,4.8,7.9,240,NA,NA,24,24,0,12,10,8,12,14,334,337,96,6.1,23.9,6.13,7.2
1990,2,28,17,8.4,962.5,86.2,0.6,4.8,7.1,244,NA,NA,5,5,0,3,2,0,3,14,336,338,96,6.2,24,6.2,7.3
1990,2,28,18,8.6,962.4,86.2,1.1,4.6,7.3,247,NA,8,1,0,0,0,0,0,0,14,338,339,96,6.4,24.4,6.27,7.4
1990,2,28,19,8.8,962.3,84.8,1.6,4.9,10,226,NA,NA,2,0,0,0,0,0,0,14,339,340,96,6.3,24.5,6.25,7.5
1990,2,28,20,8.9,962.2,83.6,0.2,5.1,10.4,218,NA,NA,1,0,0,0,0,0,0,14,335,337,96,6.2,24.5,6.2,7.5
1990,2,28,21,8.9,962.3,83.4,0.1,5.1,10.1,218,NA,NA,1,0,0,0,0,0,0,14,330,334,96,6.1,24.4,6.17,7.5
1990,2,28,22,8.8,962.4,83.3,0,7.7,18.2,237,NA,NA,1,0,0,0,0,0,0,14,324,331,96,6.1,24.4,6.15,7.4
1990,2,28,23,8.7,962.7,84.4,0.3,7.7,14.5,234,NA,NA,0,0,0,0,0,0,0,14,316,325,96,6.1,24.2,6.15,7.4
1994,3,1,0,8.4,963.1,86.2,0,0.5,1.4,48,NA,NA,0,0,0,0,0,0,0,14,308,320,94,6.1,23.9,6.16,7.2
1994,3,1,1,8.1,963.4,88,0,0.3,2.3,284,NA,NA,2,0,0,0,0,0,0,14,301,315,94,6.1,23.6,6.17,7.1
1994,3,1,2,7.8,963.8,89.9,0.1,0.6,2.2,115,NA,NA,0,0,0,0,0,0,0,14,296,312,94,6.2,23.4,6.19,7
1994,3,1,3,7.5,964.3,92,0.1,0.2,1.3,59,NA,NA,0,0,0,0,0,0,0,14,291,309,94,6.3,23.2,6.23,6.9
1994,3,1,4,7.4,964.5,93,0,0.4,1,86,NA,NA,0,0,0,0,0,0,0,14,289,308,94,6.3,23,6.22,6.8
1994,3,1,5,7.4,964.8,92.8,0,0.4,1.3,14,NA,NA,0,0,0,0,0,0,0,14,292,310,96,6.3,23.1,6.22,6.8
1994,3,1,6,7.4,965.1,92.6,0,0.3,1.5,347,NA,7,3,0,0,0,0,0,0,14,292,312,96,6.3,22.9,6.19,6.8
1994,3,1,7,7.7,965.4,91.4,0,0.7,1.8,104,NA,NA,26,26,0,10,12,12,13,14,299,317,96,6.4,23.4,6.25,7
1994,3,1,8,8.1,965.8,90.4,0,1.1,2.3,55,NA,NA,95,95,0,56,51,43,43,14,317,328,96,6.6,24.1,6.35,7.3
1994,3,1,9,8.9,965.9,87.8,0,1.7,3.8,56,NA,NA,165,164,3,99,98,71,72,14,321,333,96,7,25.3,6.51,7.9
1994,3,1,10,8.9,966.6,84.1,0,1.2,3.3,59,NA,NA,156,156,0,80,86,69,71,14,322,334,96,6.4,24.6,6.23,7.6
1994,3,1,11,9.5,966.7,83.5,0,0.8,2,96,NA,NA,172,172,0,83,96,78,78,14,324,335,94,6.8,25.8,6.44,8.1
1994,3,1,12,9.9,966.7,81.4,0,1.5,2.7,120,NA,8,198,196,3,91,116,92,88,14,325,338,94,6.9,26.2,6.45,8.3
1994,3,1,13,10.2,966.8,83.6,0.5,1,3.2,276,NA,NA,124,124,0,59,64,60,58,14,329,336,94,7.6,27.3,6.76,8.8
1994,3,1,14,9.9,967,84.8,0,1.3,3.8,149,NA,NA,104,104,0,49,52,51,49,14,354,354,94,7.5,26.9,6.72,8.6
1994,3,1,15,10,967.3,81.9,0.8,4.1,7,244,NA,NA,55,55,0,27,25,24,27,14,347,347,94,7.1,26.5,6.53,8.5
1994,3,1,16,9.5,968,84.2,0.3,3.2,5.7,232,NA,NA,40,40,0,19,19,18,19,14,347,347,94,7,25.9,6.49,8.2
1994,3,1,17,9.2,968.7,80.7,0,2,4.2,209,NA,NA,10,10,0,5,5,5,5,14,336,336,96,6.1,24.6,6.09,7.6
1994,3,1,18,8.8,970.5,79.1,0.1,2.9,7.8,249,NA,7,0,0,0,0,0,0,0,14,334,334,96,5.4,23.4,5.79,7.1
1994,3,1,19,8.3,970.9,66.5,0.2,3.6,10.2,292,NA,NA,0,0,0,0,0,0,0,14,332,332,96,2.4,20.2,4.7,5.6
1994,3,1,20,8.1,971.4,73,0,1.1,4.4,217,NA,NA,0,0,0,0,0,0,0,14,330,330,96,3.6,20.9,5.09,6
1994,3,1,21,7.7,972.4,72.9,0,1.1,5.2,163,NA,NA,0,0,0,0,0,0,0,14,330,330,96,3.2,20.1,4.94,5.6
1994,3,1,22,7.5,972.9,73.2,0,1,3.5,210,NA,NA,0,0,0,0,0,0,0,14,329,329,96,3,19.8,4.89,5.4
1994,3,1,23,7.2,973.5,73.5,0,0.8,3.2,194,NA,NA,1,0,0,0,0,0,0,14,325,327,96,2.8,19.3,4.8,5.2
1994,3,2,0,6.8,973.7,65.8,0,3,6.6,227,NA,NA,0,0,0,0,0,0,0,14,324,325,96,0.9,17.3,4.18,4.2
1994,3,2,1,6.3,974.5,70,0,3.5,6,250,NA,NA,1,0,0,0,0,0,0,14,322,324,96,1.2,17.1,4.29,4.1
1994,3,2,2,6.3,974.5,68.5,0,3.1,5.8,227,NA,NA,0,0,0,0,0,0,0,14,295,311,96,0.9,16.9,4.2,3.9
1994,3,2,3,5.9,975,69.9,0,2.7,4.8,218,NA,NA,0,0,0,0,0,0,0,14,291,307,96,0.8,16.4,4.17,3.7
1994,3,2,4,5,975.2,72.6,0,3,6.2,236,NA,NA,0,0,0,0,0,0,0,14,285,299,96,0.5,15.2,4.06,3.1
1994,3,2,5,3.5,975.3,79.6,0,2.1,3.4,255,NA,NA,0,0,0,0,0,0,0,14,253,276,94,0.3,13.6,4.01,2.2
1994,3,2,6,2.5,975.5,84.3,0,0.8,1.8,295,NA,1,6,0,0,0,0,0,0,14,250,272,94,0.1,12.4,3.95,1.5
1994,3,2,7,3.8,976,80.7,0,0.2,0.9,104,NA,NA,95,50,297,369,156,33,34,14,263,284,94,0.8,14.2,4.15,2.5
1994,3,2,8,6.7,975.8,66.7,0,0.8,2.1,167,NA,NA,254,74,583,597,394,59,59,14,272,302,94,1,17.3,4.2,4.2
1994,3,2,9,8.1,975.9,59.6,0,1.4,3.7,210,NA,NA,387,106,638,553,560,81,81,14,275,312,94,0.7,18.5,4.13,4.8
1994,3,2,10,9.5,975.7,50.2,0,2.6,5.6,220,NA,NA,517,142,702,441,717,98,98,14,280,319,94,-0.3,19.2,3.82,5.2
1994,3,2,11,10.2,975,48.9,0,3.9,7.3,219,NA,NA,509,258,428,234,619,132,125,14,281,321,94,-0.1,20.1,3.91,5.6
1994,3,2,12,10.5,974.6,51.2,0,4.5,8.6,233,NA,7,352,272,136,127,337,151,118,14,283,319,94,0.9,21.1,4.17,6.1
1994,3,2,13,10.7,974.5,49.7,0,5.3,9,240,NA,NA,205,200,10,89,126,104,89,14,283,317,94,0.6,21.1,4.11,6.1
1994,3,2,14,10.7,974.4,51.3,0,4.8,8.1,238,NA,NA,99,99,0,47,49,48,47,14,295,320,94,1.1,21.4,4.24,6.3
1994,3,2,15,10.7,974.6,51.6,0,3.4,6.6,231,NA,NA,57,57,0,28,26,25,28,14,294,319,94,1.1,21.5,4.26,6.3
1994,3,2,16,9.9,975.7,60.9,0.3,2.9,6.2,246,NA,NA,15,15,0,7,6,4,7,14,292,313,94,2.7,22,4.77,6.5
1994,3,2,17,7.6,976.5,82,1.5,2.1,5.3,256,NA,NA,1,0,0,0,0,0,0,14,303,317,96,4.7,21.5,5.5,6.2
1994,3,2,18,7.2,977,85.9,1.7,2.6,5.6,266,NA,8,0,0,0,0,0,0,0,14,302,316,96,5,21.3,5.6,6.1
1994,3,2,19,6.8,977.7,88.6,1.1,3.6,5.5,266,NA,NA,0,0,0,0,0,0,0,14,300,315,96,5.1,20.9,5.62,6
1994,3,2,20,6.5,978.3,88.4,0.5,3.2,6.2,262,NA,NA,0,0,0,0,0,0,0,14,324,325,96,4.7,20.3,5.49,5.6
1994,3,2,21,6.2,978.7,89.8,0.1,1.2,3.8,275,NA,NA,0,0,0,0,0,0,0,14,323,324,96,4.7,19.9,5.46,5.5
1994,3,2,22,6.1,978.5,92.2,0,0.3,1.4,131,NA,NA,0,0,0,0,0,0,0,14,322,323,96,4.9,20.1,5.57,5.5
1994,3,2,23,5.9,978.2,93.2,0,0.9,1.7,22,NA,NA,0,0,0,0,0,0,0,14,321,322,96,4.9,19.9,5.55,5.4
1994,3,3,0,5.9,978.1,92.7,0,0.2,1.7,347,NA,NA,0,0,0,0,0,0,0,14,322,322,96,4.8,19.8,5.52,5.4
1994,3,3,1,5.8,977.8,93.4,0,0.4,1.5,250,NA,NA,1,0,0,0,0,0,0,14,321,322,96,4.8,19.7,5.53,5.3
1994,3,3,2,5.7,977.6,94.1,0,0.5,1.4,167,NA,NA,1,0,0,0,0,0,0,14,320,321,96,4.8,19.6,5.53,5.3
1994,3,3,3,5.1,977.6,95.1,0,0.4,1.3,284,NA,NA,0,0,0,0,0,0,0,14,314,314,96,4.4,18.6,5.36,4.8
1994,3,3,4,4.1,977.6,95.8,0,0.2,1.8,329,NA,NA,0,0,0,0,0,0,0,14,306,306,96,3.5,16.7,5.03,3.8
1994,3,3,5,3.5,978,95.3,0,0.3,1.6,257,NA,NA,0,0,0,0,0,0,0,14,269,283,94,2.8,15.5,4.79,3.2
1994,3,3,6,2.9,978.2,95.6,0,0.6,2.3,41,NA,2,7,0,0,0,0,0,0,14,263,281,94,2.3,14.4,4.61,2.6
1994,3,3,7,3.8,978.5,94.6,0,0.9,2.6,271,NA,NA,75,62,83,165,79,31,32,14,276,295,94,3,16,4.86,3.4
1994,3,3,8,5.4,978.4,94.5,0,1.5,3.6,276,NA,NA,125,120,18,102,83,52,53,14,328,328,94,4.6,19.1,5.43,5
1994,3,3,9,6.2,977.7,91,0,1.5,3.2,259,NA,NA,331,199,295,392,393,95,95,14,334,334,94,4.8,20.1,5.54,5.5
1994,3,3,10,8.2,977.3,80.2,0,1.7,3.4,239,NA,NA,495,155,628,417,669,101,101,14,345,345,94,5,22.3,5.6,6.6
1994,3,3,11,10,976.8,73,0,2,5.5,254,NA,NA,556,169,652,244,741,115,109,14,293,333,96,5.4,24.5,5.76,7.7
1994,3,3,12,11.7,975.6,64.1,0,3,5.6,260,NA,6,458,277,303,138,511,183,125,14,300,339,96,5.1,26.1,5.67,8.4
1994,3,3,13,12.2,975.2,60.2,0,5,7,258,NA,NA,260,221,70,99,227,157,98,14,297,332,96,4.7,26.1,5.5,8.4
1994,3,3,14,11.9,974.8,62.2,0,4.7,7.5,246,NA,NA,153,153,0,70,86,83,69,14,314,337,96,4.9,26,5.58,8.4
1994,3,3,15,11.1,974.6,69.7,0.1,5.4,8.1,253,NA,NA,114,114,0,52,62,65,52,14,311,332,96,5.8,26.1,5.93,8.4
1994,3,3,16,10.4,974.6,74,0.2,4.7,8.1,242,NA,NA,29,29,0,14,13,11,14,14,308,326,96,6,25.6,6.01,8.2
1994,3,3,17,9.5,974.8,84.1,0.1,5.8,8.4,253,NA,NA,2,2,0,1,1,0,1,14,340,340,96,7,25.7,6.43,8.2
1994,3,3,18,9.8,974.8,82.6,0.1,4.8,8.2,240,NA,7,0,0,0,0,0,0,0,14,341,341,96,7,26.1,6.45,8.3
1994,3,3,19,9.4,975.4,89.1,0.9,3.1,7.1,261,NA,NA,0,0,0,0,0,0,0,14,339,340,96,7.7,26.5,6.77,8.5
1994,3,3,20,9.4,976,91.3,0.8,2.8,5.7,245,NA,NA,0,0,0,0,0,0,0,14,340,340,96,8.1,26.9,6.94,8.7
1994,3,3,21,10.4,976.4,84.7,0,4.2,9.7,219,NA,NA,0,0,0,0,0,0,0,14,346,346,96,7.9,27.8,6.88,9.1
1994,3,3,22,11.1,977.3,76,0,4,15.3,228,NA,NA,0,0,0,0,0,0,0,14,343,344,96,7,27.4,6.45,9
1994,3,3,23,11.5,977.6,58.3,0,3,11.8,250,NA,NA,0,0,0,0,0,0,0,14,330,339,96,3.6,24.3,5.07,7.6
1994,3,4,0,10.6,978.9,62.6,0,2.9,9.1,297,NA,NA,0,0,0,0,0,0,0,14,323,333,96,3.8,23.6,5.12,7.3
1994,3,4,1,10,978.9,54.6,0,4.3,12.9,332,NA,NA,0,0,0,0,0,0,0,14,318,328,96,1.3,20.8,4.29,6
1994,3,4,2,9,979.5,55.2,0,3,10.8,346,NA,NA,0,0,0,0,0,0,0,14,291,311,96,0.5,19.2,4.05,5.2
1994,3,4,3,7,980.7,58.3,0,1.2,4.6,329,NA,NA,0,0,0,0,0,0,0,14,285,301,96,-0.6,16.4,3.72,3.8
1994,3,4,4,5.7,981.4,63.5,0,0.8,3.3,59,NA,NA,0,0,0,0,0,0,0,14,280,292,96,-0.7,15,3.71,3
1994,3,4,5,4.3,982.3,70.4,0,0.8,2.5,347,NA,NA,0,0,0,0,0,0,0,14,273,287,96,-0.6,13.6,3.72,2.3
1994,3,4,6,4,982.8,71.9,0,0.4,1.7,14,NA,3,7,0,0,0,0,0,0,14,271,286,96,-0.6,13.3,3.72,2.1
1994,3,4,7,4.9,983,71.5,0,0.6,2.6,3,NA,NA,113,45,418,481,194,35,36,14,286,301,96,0.2,14.8,3.94,2.9
1994,3,4,8,7.1,982.9,64.1,0,2.6,4.4,32,NA,NA,274,73,629,633,412,60,60,14,264,303,96,0.8,17.5,4.12,4.3
1994,3,4,9,8,982.7,56.3,0,2.7,4.6,57,NA,NA,412,93,707,585,587,79,79,14,265,310,96,-0.2,17.7,3.84,4.4
1994,3,4,10,9.1,982.2,55.4,0,2.8,5.1,94,NA,NA,546,97,825,463,758,90,90,14,268,318,96,0.6,19.4,4.08,5.3
1994,3,4,11,9.5,981.6,48.4,0,3.2,6.4,60,NA,NA,604,82,874,245,827,96,93,14,278,324,96,-0.8,18.8,3.66,5
1994,3,4,12,10.1,980.4,47.8,0,3.8,6.2,60,NA,3,616,80,887,96,842,190,93,14,284,328,96,-0.5,19.6,3.77,5.4
1994,3,4,13,11.2,979.3,46.7,0,3.9,6.8,64,NA,NA,574,131,787,103,780,420,103,14,286,331,96,0.2,21.3,3.97,6.2
1994,3,4,14,11.5,978.6,45.8,0,3.9,7.5,56,NA,NA,419,180,499,101,543,489,101,14,277,325,96,0.2,21.6,3.97,6.4
1994,3,4,15,11.2,978.3,45.8,0,3,5.5,52,NA,NA,208,154,152,72,213,275,71,14,274,317,96,0,21.1,3.9,6.1
1994,3,4,16,11.2,978.2,48.3,0,2,3.8,29,NA,NA,160,79,396,48,230,490,48,14,276,318,96,0.7,21.6,4.11,6.4
1994,3,4,17,10,978.3,51.6,0,1.8,4.7,80,NA,NA,19,19,0,8,10,15,9,14,269,297,94,0.5,20.3,4.05,5.7
1994,3,4,18,8.1,978.7,58.9,0,0.2,1.5,77,NA,5,0,0,0,0,0,0,0,14,261,284,94,0.6,18.4,4.07,4.8
1994,3,4,19,6,978.6,69.8,0,0.1,0.7,0,NA,NA,1,0,0,0,0,0,0,14,256,278,94,0.9,16.5,4.17,3.8
1994,3,4,20,4.9,978.6,75.6,0,0.1,0.8,239,NA,NA,0,0,0,0,0,0,0,14,252,276,94,1,15.4,4.19,3.2
1994,3,4,21,3.8,978.4,79.1,0,0.4,0.9,270,NA,NA,0,0,0,0,0,0,0,14,247,273,94,0.5,14,4.06,2.4
1994,3,4,22,2.8,977.9,78.4,0,0.5,0.9,273,NA,NA,0,0,0,0,0,0,0,14,242,268,94,-0.6,12.2,3.75,1.4
1994,3,4,23,2.1,977.5,78.6,0,0.4,1,257,NA,NA,0,0,0,0,0,0,0,14,238,264,94,-1.2,11,3.57,0.8
1994,3,5,0,1.5,976.9,82.2,0,0.1,1,239,NA,NA,0,0,0,0,0,0,0,14,235,262,94,-1.2,10.5,3.58,0.4
1994,3,5,1,1,976.4,84.9,0,0.4,1.2,14,NA,NA,0,0,0,0,0,0,0,14,234,261,94,-1.2,9.9,3.57,0.1
1994,3,5,2,0.4,975.7,86.5,0,0.2,1.5,284,NA,NA,1,0,0,0,0,0,0,14,231,259,94,-1.6,9.1,3.49,-0.4
1994,3,5,3,0,975.4,87.1,0,0.5,1.3,257,NA,NA,0,0,0,0,0,0,0,14,230,258,94,-1.9,8.5,3.41,-0.7
1994,3,5,4,-0.3,975.2,87.8,0,0.4,1,257,NA,NA,1,0,0,0,0,0,0,14,229,257,94,-2.1,8.1,3.36,-1
1994,3,5,5,-0.4,975,88.2,0,0.2,1.3,284,NA,NA,1,0,0,0,0,0,0,14,229,256,94,-2.1,8,3.36,-1
1994,3,5,6,-0.4,974.9,88.2,0,0.3,1,257,NA,1,0,0,0,0,0,0,0,14,229,256,94,-2.1,8,3.36,-1
1994,3,5,7,1,974.9,84.3,0,0.2,1.1,284,NA,NA,116,50,393,460,185,36,36,14,242,269,94,-1.3,9.9,3.55,0.1
1994,3,5,8,4.3,974.8,76.7,0,0.5,1.8,273,NA,NA,266,85,556,589,384,64,64,14,254,288,94,0.6,14.6,4.09,2.7
1994,3,5,9,6.9,974.5,66.3,0,0.3,1.5,122,NA,NA,407,106,661,567,567,83,83,14,262,303,94,1.1,17.6,4.24,4.3
1994,3,5,10,8.3,974.2,54.8,0,1,2.9,136,NA,NA,542,142,727,452,725,103,103,14,267,314,94,-0.2,18,3.85,4.6
1994,3,5,11,10,973.7,49.6,0,1,2.8,136,NA,NA,584,178,673,252,759,120,113,14,275,323,94,0,19.9,3.91,5.5
1994,3,5,12,11.3,973.2,49.9,0,1.3,3.1,104,NA,7,504,256,407,137,594,195,125,14,280,327,94,1.2,22.2,4.3,6.6
1994,3,5,13,13.3,972.4,48.4,0,1.1,3.2,117,NA,NA,563,149,729,104,747,408,104,14,293,341,94,2.6,25.4,4.76,8.1
1994,3,5,14,14.6,971.9,44.4,0,1.1,3,194,NA,NA,441,150,601,95,586,530,95,14,306,346,94,2.6,26.7,4.76,8.7
1994,3,5,15,13.9,971.9,49.8,0,1.4,3.4,117,NA,NA,219,150,191,73,244,321,73,14,297,333,94,3.6,26.9,5.1,8.8
1994,3,5,16,11.2,972.3,59.5,0,1.6,3.1,122,NA,NA,89,81,41,37,67,111,37,14,289,317,94,3.6,24.1,5.1,7.5
1994,3,5,17,9.8,972.9,61.3,0,1.6,4.5,124,NA,NA,18,18,0,8,9,12,8,14,334,334,94,2.7,21.9,4.78,6.4
1994,3,5,18,13.9,973.6,49.8,0,2.7,7.7,194,NA,7,0,0,0,0,0,0,0,14,342,346,94,3.6,26.8,5.09,8.8
1994,3,5,19,13.7,974.1,51.2,0,3.1,6,223,NA,NA,0,0,0,0,0,0,0,14,340,344,94,3.8,26.8,5.16,8.7
1994,3,5,20,13,974.6,54,0,2.5,5.1,224,NA,NA,1,0,0,0,0,0,0,14,343,343,94,3.9,26.2,5.2,8.5
1994,3,5,21,12.1,975.1,58.8,0,3.4,8.1,247,NA,NA,0,0,0,0,0,0,0,14,346,346,94,4.3,25.6,5.34,8.2
1994,3,5,22,12.6,975.8,56.8,0,5.2,8.4,242,NA,NA,2,0,0,0,0,0,0,14,344,345,94,4.3,26.1,5.32,8.4
1994,3,5,23,12,976.5,60.8,0,4.6,8.1,239,NA,NA,1,0,0,0,0,0,0,14,338,341,94,4.7,25.9,5.48,8.3
1994,3,6,0,11,976.8,70,0.1,3,8,230,NA,NA,0,0,0,0,0,0,0,14,338,338,94,5.7,25.9,5.9,8.3
1994,3,6,1,10.4,976.8,73.8,0,2.3,4.5,246,NA,NA,2,0,0,0,0,0,0,14,334,334,94,5.9,25.5,5.98,8.1
1994,3,6,2,9.8,976.8,78,0,1.9,3.2,268,NA,NA,3,0,0,0,0,0,0,14,342,342,94,6.2,25.1,6.07,8
1994,3,6,3,9.9,977.1,76.4,0,1.4,2.8,250,NA,NA,0,0,0,0,0,0,0,14,340,340,94,5.9,25,5.99,7.9
1994,3,6,4,9.2,977.4,83.2,0,0.6,2,149,NA,NA,0,0,0,0,0,0,0,14,338,338,94,6.5,24.9,6.22,7.8
1994,3,6,5,9,977.4,84.1,0,0.5,1.1,298,NA,NA,1,0,0,0,0,0,0,14,330,330,94,6.5,24.7,6.2,7.7
1994,3,6,6,9.6,977.6,75.6,0,1.1,2.4,252,NA,6,2,2,0,1,1,1,1,14,332,332,94,5.5,24.3,5.8,7.5
1994,3,6,7,9.6,977.8,75.7,0.4,1.9,3.4,235,NA,NA,5,5,0,1,2,3,3,14,331,331,94,5.5,24.3,5.81,7.5
1994,3,6,8,9,978.3,86.3,0.4,1.5,3.2,275,NA,NA,14,14,0,5,5,7,7,14,297,315,94,6.8,25.1,6.36,7.9
1994,3,6,9,9.5,978.4,81.6,0,1.1,3.2,290,NA,NA,37,37,0,16,16,18,19,14,301,318,94,6.5,25.2,6.22,8
1994,3,6,10,9.9,978.6,84.7,0,0.8,2.6,135,NA,NA,94,94,0,46,46,44,45,14,304,323,94,7.4,26.7,6.63,8.6
1994,3,6,11,10.8,978.3,78.4,0,1.7,4.4,183,NA,NA,165,165,0,80,89,75,76,14,330,342,96,7.2,27.3,6.52,8.9
1994,3,6,12,10.9,978,76.2,0,1.7,3.5,132,NA,7,190,189,1,88,107,88,85,14,328,342,96,6.9,27,6.38,8.8
1994,3,6,13,11.1,977.6,76.7,0,1.4,3.1,120,NA,NA,112,112,0,54,56,53,53,14,333,343,96,7.2,27.6,6.51,9
1994,3,6,14,11.4,977.4,72.1,0,1.5,3,112,NA,NA,139,139,0,64,75,72,64,14,341,351,96,6.6,27.2,6.24,8.9
1994,3,6,15,12.2,977.2,68.6,0,1.5,3.1,129,NA,NA,248,160,241,78,277,371,78,14,345,359,96,6.6,28.1,6.26,9.3
1994,3,6,16,11.9,977.2,61.4,0,2.2,6.5,30,NA,NA,117,93,115,45,119,228,46,14,341,349,96,4.7,25.8,5.49,8.3
1994,3,6,17,10.5,977.4,57,0,3.2,5.6,31,NA,NA,29,29,0,12,17,34,13,14,292,314,94,2.4,22.2,4.64,6.7
1994,3,6,18,9.3,977.5,61.3,0,3.7,6.8,36,NA,4,0,0,0,0,0,0,0,14,290,310,94,2.2,20.9,4.6,6
1994,3,6,19,8.4,977.5,65.5,0,1.8,5.2,57,NA,NA,0,0,0,0,0,0,0,14,284,300,94,2.3,20.1,4.63,5.6
1994,3,6,20,6.8,977.5,75.4,0,1.1,2.3,80,NA,NA,0,0,0,0,0,0,0,14,261,283,94,2.8,18.8,4.78,5
1994,3,6,21,5.4,977.5,82.4,0,0.5,1.6,104,NA,NA,0,0,0,0,0,0,0,14,258,279,94,2.6,17.3,4.74,4.1
1994,3,6,22,4.1,977.3,85.9,0,0.3,1.2,284,NA,NA,0,0,0,0,0,0,0,14,252,277,94,2,15.4,4.51,3.2
1994,3,6,23,4.6,977.4,82.9,0,0.5,1.2,131,NA,NA,0,0,0,0,0,0,0,14,252,278,94,2,15.9,4.51,3.5
1994,3,7,0,4.5,977.5,84,0,0.5,1.5,247,NA,NA,0,0,0,0,0,0,0,14,256,284,94,2,15.9,4.53,3.4
1994,3,7,1,4.9,977.3,86,0,1.2,2,253,NA,NA,1,0,0,0,0,0,0,14,257,286,94,2.8,16.9,4.78,4
1994,3,7,2,4.9,977,85.2,0,1.1,1.9,255,NA,NA,2,0,0,0,0,0,0,14,323,323,94,2.6,16.8,4.73,3.9
1994,3,7,3,4.5,976.7,85.7,0,0.7,1.6,257,NA,NA,0,0,0,0,0,0,0,14,322,322,94,2.3,16.1,4.63,3.5
1994,3,7,4,4.5,976.8,85.7,0,0.5,2.2,221,NA,NA,0,0,0,0,0,0,0,14,323,323,94,2.3,16.1,4.63,3.5
1994,3,7,5,4.7,976.9,86.2,0,1.4,2.9,267,NA,NA,0,0,0,0,0,0,0,14,307,308,94,2.6,16.6,4.72,3.8
1994,3,7,6,4.4,977,85.9,0,0.5,1.4,257,NA,6,1,0,0,0,0,0,0,14,307,307,94,2.3,16,4.61,3.5
1994,3,7,7,5.6,977.6,81.9,0,0.4,1.3,302,NA,NA,142,63,441,524,208,41,42,14,314,317,94,2.8,17.6,4.77,4.3
1994,3,7,8,7.5,978.2,74.2,0,0.4,2,131,NA,NA,279,111,498,567,368,69,70,14,289,316,94,3.2,19.9,4.93,5.5
1994,3,7,9,8.5,978.7,65,0,1.1,3.6,93,NA,NA,309,230,168,319,316,98,100,14,285,319,94,2.3,20.2,4.62,5.6
1994,3,7,10,9.3,978.6,60.5,0,1.3,3.4,59,NA,NA,315,265,89,207,279,110,112,14,292,324,94,2.1,20.8,4.54,6
1994,3,7,11,9.9,978.2,57.5,0,1.8,4.5,41,NA,NA,335,283,84,162,295,124,120,14,331,344,94,1.9,21.3,4.49,6.2
1994,3,7,12,10.7,977.3,51.8,0,1.2,3.7,73,NA,6,490,255,381,136,566,192,123,14,334,353,94,1.2,21.5,4.27,6.3
1994,3,7,13,11.6,976.5,44.6,0,1.6,4.2,96,NA,NA,550,172,655,110,702,395,109,14,336,357,94,0,21.5,3.9,6.3
1994,3,7,14,12.2,976.2,43.4,0,1.5,3.2,100,NA,NA,465,85,771,80,632,579,80,14,283,333,94,0.1,22.2,3.95,6.7
1994,3,7,15,12.3,976.2,44,0,2,3.5,110,NA,NA,329,73,692,69,466,662,69,14,279,327,94,0.4,22.5,4.03,6.8
1994,3,7,16,12.2,976.2,42.5,0,1.9,3.6,104,NA,NA,163,56,490,43,242,549,43,14,280,321,94,-0.2,22,3.87,6.6
1994,3,7,17,11.5,976.6,46.6,0,1.2,2.2,77,NA,NA,34,34,0,14,21,45,15,14,305,321,94,0.5,21.8,4.05,6.5
1994,3,7,18,10.1,976.9,54.6,0,0.5,1.4,118,NA,5,0,0,0,0,0,0,0,14,298,311,94,1.4,21,4.33,6.1
1994,3,7,19,8.9,976.9,62.5,0,0.4,1.6,160,NA,NA,0,0,0,0,0,0,0,14,300,310,94,2.1,20.4,4.57,5.8
1994,3,7,20,8.9,977.3,63.3,0,0.3,1.3,14,NA,NA,1,0,0,0,0,0,0,14,336,336,94,2.3,20.6,4.63,5.8
1994,3,7,21,8.7,977.4,66.5,0,0.2,1.1,14,NA,NA,0,0,0,0,0,0,0,14,332,332,94,2.8,20.8,4.8,5.9
1994,3,7,22,7.9,977.4,74.3,0,0.4,1.5,48,NA,NA,0,0,0,0,0,0,0,14,332,332,94,3.6,20.7,5.08,5.9
1994,3,7,23,7.5,977.4,74.7,0,0.2,0.9,59,NA,NA,0,0,0,0,0,0,0,14,319,319,94,3.3,20,4.97,5.5
1994,3,8,0,6.4,977.2,78.5,0,0.4,1.3,250,NA,NA,0,0,0,0,0,0,0,14,311,311,94,2.9,18.6,4.84,4.8
1994,3,8,1,5.7,977.5,81.4,0,0.3,1.1,266,NA,NA,0,0,0,0,0,0,0,14,312,312,94,2.8,17.7,4.78,4.4
1994,3,8,2,6,976.9,82.6,0,0.5,2.3,257,NA,NA,0,0,0,0,0,0,0,14,320,320,94,3.3,18.5,4.96,4.8
1994,3,8,3,5.7,976.8,85.2,0,0.3,1,194,NA,NA,0,0,0,0,0,0,0,14,319,319,94,3.4,18.3,5.01,4.6
1994,3,8,4,5,976.7,86.8,0,0.8,2.3,275,NA,NA,0,0,0,0,0,0,0,14,317,317,94,3,17.2,4.86,4.1
1994,3,8,5,4.9,977.1,86.9,0,0.7,1.8,149,NA,NA,0,0,0,0,0,0,0,14,290,297,94,2.9,17,4.83,4
1994,3,8,6,4.6,977.5,87.5,0,0.5,1.4,257,NA,6,15,15,0,12,7,6,7,14,292,299,94,2.7,16.5,4.76,3.7
1994,3,8,7,6,977.7,82.3,0,0.9,1.9,292,NA,NA,100,74,136,232,104,38,39,14,298,310,94,3.2,18.4,4.93,4.7
1994,3,8,8,7.7,977.6,74.6,0,0.2,1.3,0,NA,NA,272,110,471,544,352,69,69,14,289,316,94,3.5,20.4,5.03,5.7
1994,3,8,9,9.9,977.5,65,0,0.8,2.6,113,NA,NA,436,139,629,574,566,91,91,14,301,331,94,3.6,22.7,5.08,6.9
1994,3,8,10,11.1,977.4,54.1,0,1.1,3.4,82,NA,NA,416,258,278,301,440,116,117,14,302,334,94,2.2,22.7,4.58,6.9
1994,3,8,11,12.8,976.9,52.5,0,1.1,3.1,80,NA,NA,532,239,473,233,622,131,124,14,303,343,94,3.3,25.4,4.98,8.1
1994,3,8,12,14.1,976.3,47.8,0,1.3,3.1,109,NA,5,596,189,652,127,745,210,117,14,308,351,94,3.2,26.6,4.94,8.7
1994,3,8,13,15.1,975.6,45.8,0,2,3.7,87,NA,NA,491,230,448,119,573,339,118,14,309,353,94,3.5,27.9,5.05,9.3
1994,3,8,14,15.4,975.3,45,0,2,3.8,110,NA,NA,502,125,758,95,659,609,96,14,332,367,94,3.5,28.3,5.06,9.4
1994,3,8,15,15.2,974.9,49.3,0,2.5,4.1,127,NA,NA,355,61,785,66,501,724,66,14,327,359,94,4.7,29.1,5.48,9.8
1994,3,8,16,14.8,975,51.3,0,1.8,3.4,97,NA,NA,173,52,546,45,260,601,45,14,328,350,94,4.9,28.9,5.56,9.7
1994,3,8,17,12.7,975.4,57.4,0,2.3,4.2,77,NA,NA,33,33,0,14,19,39,15,14,316,333,94,4.5,26.4,5.42,8.6
1994,3,8,18,12.4,975.6,56.4,0,2.1,4.3,47,NA,7,0,0,0,0,0,0,0,14,312,330,94,4,25.6,5.22,8.2
1994,3,8,19,10.9,975.6,62.4,0,0.8,2.3,21,NA,NA,0,0,0,0,0,0,0,14,309,319,94,4,24.1,5.23,7.5
1994,3,8,20,10.1,976,67.6,0,0.7,2.8,113,NA,NA,0,0,0,0,0,0,0,14,273,299,94,4.4,23.7,5.37,7.3
1994,3,8,21,8.4,976,73,0,0.8,2.1,45,NA,NA,0,0,0,0,0,0,0,14,272,296,94,3.8,21.4,5.17,6.2
1994,3,8,22,7.9,975.9,74.7,0,0.5,1.6,228,NA,NA,0,0,0,0,0,0,0,14,265,291,94,3.7,20.8,5.11,5.9
1994,3,8,23,7,975.8,78.2,0,0.5,2.3,247,NA,NA,0,0,0,0,0,0,0,14,266,290,94,3.5,19.7,5.03,5.4
1994,3,9,0,6.8,975.7,81.5,0,0.2,1.7,131,NA,NA,0,0,0,0,0,0,0,14,266,288,94,3.9,19.8,5.17,5.4
1994,3,9,1,5.9,975.6,83.8,0,0.4,1.1,239,NA,NA,0,0,0,0,0,0,0,14,262,285,94,3.4,18.5,5,4.7
1994,3,9,2,5.3,975.1,88.4,0,0.5,1.5,257,NA,NA,0,0,0,0,0,0,0,14,259,283,94,3.5,18,5.06,4.5
1994,3,9,3,5.1,975,88.4,0,0.1,0.7,194,NA,NA,0,0,0,0,0,0,0,14,257,281,94,3.3,17.6,4.99,4.3
1994,3,9,4,4.9,975.3,89,0,0.4,1.7,250,NA,NA,1,0,0,0,0,0,0,14,258,281,94,3.2,17.3,4.95,4.1
1994,3,9,5,4.6,975.4,90.3,0,0.9,1.9,261,NA,NA,0,0,0,0,0,0,0,14,255,279,94,3.2,17,4.92,4
1994,3,9,6,4.4,975.7,91.4,0,0.3,1.1,284,NA,1,15,15,0,11,7,6,7,14,255,279,94,3.1,16.7,4.91,3.8
1994,3,9,7,6.3,976,87.5,0,0.2,0.9,239,NA,NA,127,69,299,394,160,41,42,14,272,298,94,4.4,19.8,5.37,5.4
1994,3,9,8,9.1,976,79.5,0,0.2,1.1,59,NA,NA,273,103,486,549,352,67,67,14,283,313,94,5.7,24,5.91,7.4
1994,3,9,9,11.4,975.8,71.2,0,0.9,2.7,81,NA,NA,418,137,587,544,534,89,89,14,293,330,94,6.4,27,6.18,8.8
1994,3,9,10,12.9,975.3,64.3,0,0.7,2.7,82,NA,NA,552,113,765,446,711,96,96,14,298,340,94,6.3,28.5,6.16,9.4
1994,3,9,11,14.5,975,58.3,0,1.6,4.3,83,NA,NA,604,137,747,246,765,111,106,14,302,348,94,6.4,30.2,6.2,10.2
1994,3,9,12,15.4,974.3,51.8,0,1.7,3.6,97,NA,2,581,176,643,121,722,203,112,14,306,354,94,5.5,30.2,5.84,10.2
1994,3,9,13,16.3,973.7,51.6,0,1.2,3.4,82,NA,NA,560,127,736,101,715,403,100,14,312,359,94,6.3,32,6.17,10.9
1994,3,9,14,17.3,973.3,49.6,0,1.6,4.2,100,NA,NA,465,103,722,86,609,568,86,14,314,359,94,6.7,33.4,6.32,11.5
1994,3,9,15,17.5,973,46.9,0,1.8,3.3,88,NA,NA,314,110,538,73,404,579,73,14,313,355,94,6,32.9,6.05,11.3
1994,3,9,16,17.1,972.9,50.2,0,1.2,2.6,109,NA,NA,142,80,274,47,173,376,47,14,313,346,94,6.7,33.2,6.32,11.4
1994,3,9,17,15.5,973.1,57.9,0,0.6,1.2,113,NA,NA,27,27,0,12,14,23,12,14,301,324,94,7.3,32.2,6.58,11
1994,3,9,18,12.1,973.5,72.1,0,1,2.2,110,NA,3,0,0,0,0,0,0,0,14,288,310,94,7.2,28.7,6.57,9.5
1994,3,9,19,10.3,974.1,77.6,0,1.3,2.3,108,NA,NA,0,0,0,0,0,0,0,14,284,304,94,6.6,26.1,6.27,8.4
1994,3,9,20,9.5,974.4,80.5,0,0.5,1.3,77,NA,NA,0,0,0,0,0,0,0,14,280,299,94,6.3,25.1,6.16,7.9
1994,3,9,21,8.8,974.5,82.6,0,0.1,0.8,104,NA,NA,0,0,0,0,0,0,0,14,274,296,94,6,24,6.03,7.4
1994,3,9,22,8,974.7,85,0,0.3,1.4,239,NA,NA,0,0,0,0,0,0,0,14,273,295,94,5.6,22.8,5.87,6.8
1994,3,9,23,7.3,974.7,86.8,0,0.4,1,247,NA,NA,0,0,0,0,0,0,0,14,270,292,94,5.2,21.7,5.71,6.3
1994,3,10,0,6.8,974.7,88.3,0,0.4,0.9,257,NA,NA,1,0,0,0,0,0,0,14,267,290,94,5,20.9,5.62,5.9
1994,3,10,1,6.4,974.6,89.2,0,0.4,1,250,NA,NA,0,0,0,0,0,0,0,14,265,288,94,4.8,20.3,5.52,5.6
1994,3,10,2,5.8,974.7,90.6,0,0.9,2.4,270,NA,NA,1,0,0,0,0,0,0,14,266,287,94,4.4,19.3,5.38,5.1
1994,3,10,3,5.2,974.9,91.2,0,0.3,1.8,239,NA,NA,0,0,0,0,0,0,0,14,259,283,94,3.9,18.2,5.19,4.6
1994,3,10,4,5.1,975.3,90.5,0,0.4,1.1,250,NA,NA,1,0,0,0,0,0,0,14,261,283,94,3.7,17.9,5.11,4.5
1994,3,10,5,4.8,975.9,90.9,0,0.5,1.2,257,NA,NA,0,0,0,0,0,0,0,14,260,281,94,3.4,17.4,5.02,4.2
1994,3,10,6,4.6,976.4,91.3,0,0.4,1.5,284,NA,1,16,16,0,11,8,7,7,14,260,282,94,3.3,17.1,4.97,4
1994,3,10,7,6.2,977,89.1,0,0.4,1.6,59,NA,NA,124,64,305,394,157,39,40,14,274,300,94,4.5,19.8,5.42,5.4
1994,3,10,8,9.7,977.5,80.7,0,0.4,1.3,32,NA,NA,282,109,489,558,356,69,69,14,297,320,94,6.5,25.5,6.24,8.1
1994,3,10,9,12.1,977.7,72.3,0,0.5,1.9,77,NA,NA,434,129,630,565,552,88,88,14,306,336,94,7.3,28.7,6.56,9.6
1994,3,10,10,13.9,977.8,62.7,0,1.2,3,104,NA,NA,501,194,529,394,605,111,111,14,311,349,94,6.9,30.1,6.4,10.2
1994,3,10,11,15.6,977.5,56.9,0,2,3.9,104,NA,NA,603,169,690,247,746,118,112,14,325,362,94,7.1,32.1,6.48,11
1994,3,10,12,16.2,976.9,53.1,0,2.8,4.1,121,NA,7,548,229,503,133,635,203,123,14,330,367,94,6.6,32.2,6.29,11
1994,3,10,13,17.1,976.6,52.2,0,2.3,4,107,NA,NA,516,173,579,107,633,368,107,14,333,369,94,7.2,33.8,6.55,11.7
1994,3,10,14,17.3,976.5,47.2,0,3,4.8,74,NA,NA,424,201,441,105,487,459,105,14,324,360,94,6,32.6,5.99,11.2
1994,3,10,15,18,976.3,46.9,0,2.9,4.7,58,NA,NA,313,123,495,77,389,559,77,14,330,361,94,6.5,33.9,6.23,11.7
1994,3,10,16,17.3,976.3,49.6,0,2.6,4.8,48,NA,NA,123,89,149,46,125,256,46,14,321,349,94,6.7,33.4,6.3,11.5
1994,3,10,17,15.9,976.8,55.4,0,3.5,6.5,60,NA,NA,23,23,0,11,11,14,11,14,315,339,94,7,32.3,6.44,11.1
1994,3,10,18,14.2,977.4,64.3,0,3.5,6.9,65,NA,7,0,0,0,0,0,0,0,14,308,331,94,7.6,31.2,6.69,10.6
1994,3,10,19,13,977.6,70.8,0,2.6,6.7,62,NA,NA,0,0,0,0,0,0,0,14,309,329,94,7.8,30.3,6.82,10.2
1994,3,10,20,12.9,978,72.3,0,3.6,5.9,65,NA,NA,0,0,0,0,0,0,0,14,298,324,94,8,30.4,6.91,10.2
1994,3,10,21,12.1,978.2,74.4,0,2.6,5.4,75,NA,NA,0,0,0,0,0,0,0,14,293,318,94,7.7,29.2,6.75,9.7
1994,3,10,22,10.3,978.1,80.5,0,0.6,2.3,28,NA,NA,0,0,0,0,0,0,0,14,282,304,94,7.1,26.7,6.48,8.6
1994,3,10,23,9.1,978.1,85,0,0.2,1.1,311,NA,NA,0,0,0,0,0,0,0,14,306,313,94,6.7,25,6.31,7.9
1994,3,11,0,10,978.2,83.9,0,0.8,2.4,54,NA,NA,1,0,0,0,0,0,0,14,313,325,94,7.4,26.7,6.62,8.6
1994,3,11,1,10.5,977.7,83.1,0,1.2,2.5,49,NA,NA,2,0,0,0,0,0,0,14,313,327,94,7.8,27.6,6.78,9.1
1994,3,11,2,10.4,977.2,82.9,0,0.7,2.7,81,NA,NA,1,0,0,0,0,0,0,14,352,352,94,7.6,27.4,6.72,8.9
1994,3,11,3,10.2,976.9,84.1,0,1.5,3.3,70,NA,NA,0,0,0,0,0,0,0,14,351,351,94,7.6,27.2,6.73,8.8
1994,3,11,4,10.1,976.7,85,0,0.8,1.8,41,NA,NA,1,0,0,0,0,0,0,14,351,351,94,7.7,27.2,6.76,8.8
1994,3,11,5,9.9,976.6,85.6,0,0.9,2.9,41,NA,NA,0,0,0,0,0,0,0,14,351,351,94,7.6,26.9,6.72,8.7
1994,3,11,6,10,976.5,84.4,0,1.5,3.6,18,NA,8,6,6,0,2,3,3,3,14,351,351,94,7.5,26.8,6.67,8.7
1994,3,11,7,10.2,976.5,84.1,0,0.9,1.9,54,NA,NA,35,35,0,15,16,17,17,14,352,352,94,7.6,27.2,6.74,8.8
1994,3,11,8,10.6,976.5,82.9,0,0.9,1.9,97,NA,NA,109,109,0,62,57,49,50,14,347,347,94,7.8,27.8,6.82,9.1
1994,3,11,9,11,976.3,80.3,0,0.9,2.3,131,NA,NA,278,219,119,248,242,95,96,14,351,356,94,7.7,28.2,6.79,9.2
1994,3,11,10,12.1,975.7,73.8,0,1.1,3.7,77,NA,NA,448,260,321,330,485,119,120,14,355,363,94,7.6,29.1,6.71,9.7
1994,3,11,11,13.4,974.9,69.3,0,1.2,3.4,133,NA,NA,573,202,585,241,687,125,118,14,310,349,94,7.9,30.8,6.87,10.4
1994,3,11,12,14.6,973.9,65.6,0,1.4,3.3,113,NA,6,564,216,543,131,668,207,120,14,315,355,94,8.2,32.5,7.04,11.1
1994,3,11,13,15.8,972.9,61.6,0,1.2,3.5,109,NA,NA,538,178,603,110,652,382,110,14,323,361,94,8.4,34,7.15,11.7
1994,3,11,14,16.7,972.1,59.4,0,1.5,3.8,100,NA,NA,442,148,574,95,543,515,95,14,315,359,94,8.8,35.3,7.31,12.3
1994,3,11,15,16.5,971.8,60.8,0,2.1,3.8,107,NA,NA,307,120,482,75,376,546,75,14,314,352,94,8.9,35.3,7.39,12.2
1994,3,11,16,15.3,971.6,64.6,0,1.7,3.2,120,NA,NA,153,78,320,48,184,418,48,14,307,341,94,8.7,33.8,7.27,11.6
1994,3,11,17,12.6,972,74.1,0,1.8,2.8,120,NA,NA,23,23,1,11,11,14,11,14,312,328,94,8.1,30.3,6.99,10.2
1994,3,11,18,12.3,972.3,73.5,0,0.9,2.1,104,NA,2,0,0,0,0,0,0,0,14,312,325,94,7.7,29.5,6.8,9.8
1994,3,11,19,11.9,972.3,75.2,0,0.7,2,77,NA,NA,0,0,0,0,0,0,0,14,310,324,94,7.7,29,6.77,9.7
1994,3,11,20,11.2,972.1,78.2,0,0.4,1.6,86,NA,NA,0,0,0,0,0,0,0,14,314,322,94,7.5,28.2,6.72,9.2
1994,3,11,21,10.2,972,82.6,0,0.7,2,23,NA,NA,0,0,0,0,0,0,0,14,311,319,94,7.4,27,6.64,8.7
1994,3,11,22,9.5,971.7,82.3,0,0.6,1.8,284,NA,NA,0,0,0,0,0,0,0,14,303,313,94,6.6,25.4,6.32,8
1994,3,11,23,9.5,971.5,75,0,0.4,1.9,239,NA,NA,0,0,0,0,0,0,0,14,275,297,94,5.3,24,5.75,7.4
1994,3,12,0,12.8,971.4,53.2,0,2.2,5.1,207,NA,NA,0,0,0,0,0,0,0,14,291,305,94,3.5,25.7,5.07,8.2
1994,3,12,1,11,971.3,64.3,0,1.2,2.9,216,NA,NA,0,0,0,0,0,0,0,14,276,301,94,4.5,24.8,5.45,7.8
1994,3,12,2,8.4,971,76.9,0,0.5,1.8,0,NA,NA,0,0,0,0,0,0,0,14,299,307,94,4.6,22.2,5.48,6.5
1994,3,12,3,7.5,970.8,77.6,0,1,2,235,NA,NA,0,0,0,0,0,0,0,14,296,305,94,3.8,20.6,5.2,5.7
1994,3,12,4,8.1,971,76.1,0,1.1,2.7,247,NA,NA,0,0,0,0,0,0,0,14,299,309,94,4.1,21.5,5.31,6.2
1994,3,12,5,10.3,970.9,66.5,0,2.5,4.5,237,NA,NA,2,0,0,0,0,0,0,14,324,327,94,4.3,23.9,5.38,7.3
1994,3,12,6,11.8,970.8,59.7,0,3.6,8.2,221,NA,6,7,7,0,3,3,3,4,14,343,343,94,4.2,25.3,5.34,8
1994,3,12,7,12.1,971.1,58.7,0,3.3,6,237,NA,NA,61,61,0,35,30,28,28,14,343,344,94,4.3,25.7,5.35,8.2
1994,3,12,8,12.6,971.2,58.8,0,1.9,4.1,237,NA,NA,162,136,69,172,125,62,63,14,339,346,94,4.8,26.6,5.54,8.6
1994,3,12,9,14.2,970.9,50.2,0,3.8,9.1,237,NA,NA,374,227,296,410,398,105,106,14,305,338,94,4,27.5,5.25,9.1
1994,3,12,10,14.8,971,47,0,4.2,9.1,226,NA,NA,222,214,13,124,144,93,95,14,306,337,94,3.6,27.8,5.11,9.2
1994,3,12,11,15,970.5,45.2,0,4.7,8.6,236,NA,NA,237,234,6,113,140,103,103,14,309,339,94,3.2,27.7,4.98,9.1
1994,3,12,12,15.8,970.1,42,0,4.4,8.6,227,NA,6,356,300,85,136,303,158,126,14,312,344,94,2.9,28.2,4.87,9.3
1994,3,12,13,16.3,970,42.9,0,5.8,9.2,256,NA,NA,371,286,142,123,329,225,122,14,316,348,94,3.7,29.4,5.14,9.9
1994,3,12,14,16,969.9,47.6,0,5.4,8.7,267,NA,NA,376,244,256,110,378,363,110,14,323,351,94,4.9,30.2,5.6,10.2
1994,3,12,15,14.6,970.1,50.9,0,4.5,8.2,280,NA,NA,145,139,17,63,90,105,63,14,313,339,94,4.6,28.5,5.47,9.5
1994,3,12,16,13.2,970.6,56.8,0,3.1,7.2,259,NA,NA,21,21,0,10,9,6,10,14,311,332,94,4.8,27.3,5.57,8.9
1994,3,12,17,12.3,971,65.3,0,3.2,5.9,207,NA,NA,7,7,0,4,3,2,4,14,326,336,94,6,27.6,6.04,9
1994,3,12,18,11.7,971.9,66.2,0,3.2,6.6,276,NA,7,0,0,0,0,0,0,0,14,320,332,94,5.6,26.6,5.88,8.6
1994,3,12,19,10.3,972.1,68.7,0,1.7,5.8,319,NA,NA,0,0,0,0,0,0,0,14,315,325,94,4.8,24.3,5.55,7.6
1994,3,12,20,9.4,972.3,81.4,0.2,0.6,2.1,77,NA,NA,0,0,0,0,0,0,0,14,322,327,94,6.4,25.1,6.2,7.9
1994,3,12,21,9.3,972.8,74.4,0,1.7,3.8,245,NA,NA,1,0,0,0,0,0,0,14,319,324,94,5,23.5,5.62,7.2
1994,3,12,22,8.9,973.4,68.2,0,0.8,2.7,138,NA,NA,2,0,0,0,0,0,0,14,318,322,94,3.4,21.5,5.01,6.3
1994,3,12,23,8.4,973.3,68.4,0,2.2,5.2,205,NA,NA,1,0,0,0,0,0,0,14,331,331,94,2.9,20.6,4.85,5.8
1994,3,13,0,7.9,973.4,64.3,0,3.1,6.1,212,NA,NA,2,0,0,0,0,0,0,14,328,328,94,1.6,19,4.41,5
1994,3,13,1,7.7,973.2,64.2,0,5.1,8.6,241,NA,NA,0,0,0,0,0,0,0,14,328,328,94,1.4,18.6,4.34,4.9
1994,3,13,2,7.6,973.2,69,0,4.4,8.3,226,NA,NA,1,0,0,0,0,0,0,14,311,317,94,2.3,19.3,4.64,5.2
1994,3,13,3,7.4,973.2,67.2,0,4.3,9.2,212,NA,NA,0,0,0,0,0,0,0,14,309,315,94,1.7,18.6,4.45,4.8
1994,3,13,4,7,973.4,67.7,0,3.9,7.7,215,NA,NA,0,0,0,0,0,0,0,14,307,312,94,1.4,18,4.36,4.5
1994,3,13,5,7.1,973,64.3,0,4,8,216,NA,NA,0,0,0,0,0,0,0,14,289,305,94,0.8,17.6,4.17,4.3
1994,3,13,6,7.7,973.4,59.8,0,2.9,5.8,219,NA,4,22,22,0,16,11,9,10,14,291,309,94,0.4,17.9,4.04,4.5
1994,3,13,7,8.1,973.6,57.8,0,3.9,6.7,236,NA,NA,58,58,0,31,28,26,27,14,293,312,94,0.3,18.2,4.01,4.7
1994,3,13,8,8.3,973.5,59,0,4.3,7.6,239,NA,NA,102,102,0,56,52,46,47,14,285,310,94,0.8,18.8,4.15,5
1994,3,13,9,8.9,973,55.5,0,4.5,8.8,234,NA,NA,114,114,0,58,58,52,54,14,287,313,94,0.5,19.2,4.07,5.2
1994,3,13,10,9.2,972.5,53.6,0,6.1,9.4,242,NA,NA,155,155,0,78,81,70,71,14,288,314,94,0.3,19.3,4.01,5.2
1994,3,13,11,10.1,971.9,48.7,0,7.3,11.8,243,NA,NA,223,221,3,106,128,98,98,14,321,333,94,-0.2,19.9,3.87,5.5
1994,3,13,12,10.2,971.8,50.9,0,8.5,12.6,256,NA,7,215,209,9,97,124,98,94,14,321,333,94,0.5,20.5,4.08,5.8
1994,3,13,13,10.3,971.5,56,0,7.2,11.4,249,NA,NA,193,190,5,86,108,96,86,14,322,334,94,1.9,21.7,4.52,6.4
1994,3,13,14,9.7,971.7,66.1,0,7.4,11.1,249,NA,NA,156,156,0,71,84,82,71,14,312,327,94,3.7,22.7,5.13,6.8
1994,3,13,15,9.3,971.8,77.5,0,6.6,9.9,248,NA,NA,148,145,9,65,90,104,65,14,314,328,94,5.6,24.1,5.86,7.4
1994,3,13,16,10,971.8,73.3,0,5.3,8.6,237,NA,NA,109,97,50,44,77,135,44,14,316,329,94,5.4,24.7,5.81,7.7
1994,3,13,17,9.5,972.6,80.6,0,5.1,8.6,253,NA,NA,21,21,0,10,10,10,10,14,321,329,94,6.3,25.1,6.18,7.9
1994,3,13,18,9.1,972.9,84.6,0,4.6,8.1,249,NA,8,0,0,0,0,0,0,0,14,321,326,94,6.6,25,6.31,7.8
1994,3,13,19,8.7,973,88.4,0.2,4.9,7,256,NA,NA,0,0,0,0,0,0,0,14,320,325,94,6.9,24.9,6.42,7.8
1994,3,13,20,8.7,973.7,88.7,0,4.3,6.3,256,NA,NA,0,0,0,0,0,0,0,14,336,336,94,6.9,24.9,6.44,7.8
1994,3,13,21,8.6,974.4,90.1,0.1,2.4,4.6,272,NA,NA,0,0,0,0,0,0,0,14,335,335,94,7.1,25,6.49,7.8
1994,3,13,22,8.5,974.5,90.7,0,1.8,3.1,257,NA,NA,1,0,0,0,0,0,0,14,334,334,94,7.1,24.9,6.49,7.8
1994,3,13,23,8.2,974.6,90.5,0,1.7,3.3,262,NA,NA,0,0,0,0,0,0,0,14,315,319,94,6.7,24.2,6.34,7.4
1994,3,14,0,8,974.7,90.8,0.1,1.8,2.8,250,NA,NA,0,0,0,0,0,0,0,14,317,320,94,6.6,23.8,6.28,7.3
1994,3,14,1,8.1,974.5,91.3,0,1.5,2.4,264,NA,NA,0,0,0,0,0,0,0,14,317,322,94,6.8,24.1,6.36,7.4
1994,3,14,2,8.2,974.7,91.1,0,0.8,1.8,247,NA,NA,2,0,0,0,0,0,0,14,333,333,94,6.8,24.3,6.38,7.5
1994,3,14,3,7.8,975.5,93,0,0.7,2,25,NA,NA,0,0,0,0,0,0,0,14,332,332,94,6.7,23.8,6.34,7.2
1994,3,14,4,7.7,976.2,92.8,0,0.3,1.5,77,NA,NA,1,0,0,0,0,0,0,14,331,331,94,6.6,23.5,6.27,7.1
1994,3,14,5,7.8,976.5,90.4,0,0.4,1.7,77,NA,NA,0,0,0,0,0,0,0,14,321,325,96,6.3,23.3,6.15,7
1994,3,14,6,7.5,977.4,91.6,0,0.5,2.1,329,NA,6,19,19,0,12,9,8,9,14,324,327,96,6.2,22.9,6.1,6.8
1994,3,14,7,8.5,978,84.7,0,1.1,2.7,98,NA,NA,96,88,40,122,66,39,40,14,327,333,96,6.1,23.7,6.03,7.3
1994,3,14,8,9.4,978.3,71.1,0,1.8,3.7,73,NA,NA,214,164,132,280,191,74,75,14,330,340,96,4.4,23,5.38,7
1994,3,14,9,10.1,978.4,67,0,2.1,4.1,107,NA,NA,375,217,312,411,396,104,105,14,333,350,96,4.3,23.5,5.31,7.3
1994,3,14,10,11.2,978.3,62.9,0,2.4,6.1,114,NA,NA,547,201,576,416,632,116,116,14,337,358,96,4.4,24.8,5.36,7.8
1994,3,14,11,11.6,978.2,59.7,0,1.5,3.6,127,NA,NA,456,287,260,203,454,136,129,14,350,360,94,4,24.8,5.23,7.8
1994,3,14,12,11.7,978.1,58.4,0,1.6,4.4,332,NA,7,282,265,26,120,194,129,115,14,348,355,94,3.8,24.7,5.15,7.8
1994,3,14,13,12.2,977.8,58.1,0,1.4,4.4,335,NA,NA,415,268,240,122,408,268,121,14,356,364,94,4.2,25.6,5.29,8.2
1994,3,14,14,13,977.7,55.8,0,1.6,5.4,231,NA,NA,442,193,473,106,501,488,106,14,310,345,94,4.4,26.6,5.36,8.7
1994,3,14,15,13.4,977.5,52,0,3.2,6.7,239,NA,NA,347,106,600,78,420,632,78,14,310,340,94,3.8,26.4,5.13,8.6
1994,3,14,16,12.6,977.9,52.1,0,5,7.9,240,NA,NA,197,56,567,50,253,631,50,14,304,330,94,3,25,4.87,7.9
1994,3,14,17,11.4,978.3,56.3,0,4.2,6.7,243,NA,NA,46,26,250,19,60,303,21,14,287,314,94,3,23.7,4.86,7.3
1994,3,14,18,9.8,978.9,63.7,0,1.3,3.9,360,NA,1,0,0,0,0,0,0,0,14,283,303,94,3.3,22.3,4.94,6.7
1994,3,14,19,8.4,979.2,68.8,0,1,2.9,111,NA,NA,0,0,0,0,0,0,0,14,276,293,94,3,20.6,4.85,5.9
1994,3,14,20,6.8,979.5,76.5,0,0.7,2.5,122,NA,NA,0,0,0,0,0,0,0,14,262,284,94,3,19,4.84,5
1994,3,14,21,6,979.6,79.4,0,0.2,1,284,NA,NA,0,0,0,0,0,0,0,14,258,280,94,2.7,17.9,4.75,4.5
1994,3,14,22,5,979.8,82.9,0,0.3,1.2,284,NA,NA,0,0,0,0,0,0,0,14,256,278,94,2.3,16.6,4.62,3.8
1994,3,14,23,4.2,979.4,87.1,0,0.4,1.4,14,NA,NA,0,0,0,0,0,0,0,14,269,283,94,2.2,15.7,4.59,3.3
1994,3,15,0,4.2,979.6,87.4,0,0.1,1.9,14,NA,NA,0,0,0,0,0,0,0,14,273,289,94,2.3,15.8,4.61,3.4
1994,3,15,1,5.3,979.3,86.3,0,0.3,1.3,194,NA,NA,1,0,0,0,0,0,0,14,278,298,94,3.2,17.7,4.92,4.3
1994,3,15,2,6.5,978.4,82.4,0,1.2,3.7,172,NA,NA,1,0,0,0,0,0,0,14,324,324,94,3.7,19.4,5.11,5.2
1994,3,15,3,6.5,978.2,82,0,2,4,273,NA,NA,0,0,0,0,0,0,0,14,325,325,94,3.7,19.3,5.09,5.2
1994,3,15,4,6.6,977.9,80.5,0,0.7,1.7,221,NA,NA,1,0,0,0,0,0,0,14,325,325,94,3.5,19.3,5.03,5.2
1994,3,15,5,6.7,977.7,82.3,0,0.4,1.6,329,NA,NA,0,0,0,0,0,0,0,14,325,325,94,3.9,19.7,5.18,5.4
1994,3,15,6,7.3,977.6,77.5,0,0.2,1.3,284,NA,7,10,10,0,4,5,5,5,14,329,329,94,3.6,20.1,5.08,5.6
1994,3,15,7,8,977.4,73,0,0.5,1.7,273,NA,NA,46,46,0,21,21,21,22,14,332,332,94,3.5,20.7,5.02,5.9
1994,3,15,8,8.5,977.3,71.8,0,0.9,2.3,290,NA,NA,110,110,0,62,56,49,51,14,335,336,94,3.7,21.4,5.11,6.2
1994,3,15,9,9.5,977.1,66.1,0,1.4,3.9,267,NA,NA,213,202,19,143,140,87,89,14,341,344,94,3.5,22.2,5.03,6.6
1994,3,15,10,10.8,976.7,62.3,0,2.6,5.1,225,NA,NA,351,284,111,224,297,119,121,14,348,353,94,3.9,23.9,5.18,7.4
1994,3,15,11,11.5,976.2,59,0,2.7,6.5,223,NA,NA,454,292,247,202,446,137,130,14,340,353,94,3.8,24.5,5.14,7.7
1994,3,15,12,12.8,974.9,52,0,2.8,6.8,220,NA,6,701,233,708,145,797,244,134,14,348,364,94,3.2,25.3,4.94,8.1
1994,3,15,13,13.5,974.1,50.7,0,3.1,6.6,240,NA,NA,587,185,651,115,678,409,115,14,351,365,94,3.5,26.3,5.05,8.5
1994,3,15,14,13.6,973.6,50.6,0,4.2,8.7,240,NA,NA,548,119,809,98,655,643,98,14,321,350,94,3.6,26.5,5.07,8.6
1994,3,15,15,13.7,973.7,50.1,0,4.8,7.5,245,NA,NA,382,89,721,75,462,710,75,14,319,344,94,3.5,26.5,5.06,8.6
1994,3,15,16,13.1,973.9,49.8,0,2.6,6.5,269,NA,NA,202,56,578,50,254,642,51,14,317,339,94,2.9,25.4,4.83,8.1
1994,3,15,17,11.2,974.2,58.3,0,2.8,6.4,302,NA,NA,47,27,237,19,57,289,21,14,305,322,94,3.3,23.8,4.99,7.4
1994,3,15,18,10.3,974.1,60.2,0,2.9,6.2,239,NA,3,0,0,0,0,0,0,0,14,304,316,94,2.9,22.6,4.85,6.8
1994,3,15,19,9.5,975.2,65.7,0,2.1,6.3,259,NA,NA,0,0,0,0,0,0,0,14,303,316,94,3.4,22.2,5.01,6.6
1994,3,15,20,10.3,975.3,59.7,0,2.6,8.1,291,NA,NA,0,0,0,0,0,0,0,14,342,342,94,2.8,22.5,4.8,6.7
1994,3,15,21,10.2,975.4,60.4,0,2.3,5.5,260,NA,NA,0,0,0,0,0,0,0,14,342,342,94,2.9,22.4,4.83,6.7
1994,3,15,22,10.2,975.1,61.5,0,1.9,4.1,219,NA,NA,0,0,0,0,0,0,0,14,341,341,94,3.1,22.6,4.92,6.8
1994,3,15,23,9.9,974.8,64.5,0,3,5.8,226,NA,NA,0,0,0,0,0,0,0,14,339,339,94,3.5,22.7,5.06,6.8
1994,3,16,0,9.5,974.7,67.9,0,3.5,7,224,NA,NA,0,0,0,0,0,0,0,14,339,339,94,3.9,22.6,5.19,6.8
1994,3,16,1,9.4,974.5,68.3,0,3.9,7,237,NA,NA,0,0,0,0,0,0,0,14,337,337,94,3.9,22.5,5.18,6.7
1994,3,16,2,8.6,974.1,78.1,0,3.9,7,247,NA,NA,0,0,0,0,0,0,0,14,333,333,94,5,22.8,5.62,6.8
1994,3,16,3,8.1,974,84.1,0,3,4.7,260,NA,NA,0,0,0,0,0,0,0,14,332,332,94,5.6,22.9,5.85,6.9
1994,3,16,4,7.9,973.8,84.7,0.1,3,6.3,240,NA,NA,0,0,0,0,0,0,0,14,333,333,94,5.5,22.6,5.82,6.7
1994,3,16,5,7.9,973.9,85.2,0.1,2.3,4.6,263,NA,NA,0,0,0,0,0,0,0,14,323,327,96,5.6,22.6,5.85,6.8
1994,3,16,6,7.6,974.2,87.7,0.1,2.7,5,259,NA,6,11,11,0,5,5,5,5,14,323,328,96,5.7,22.5,5.9,6.7
1994,3,16,7,8.5,974.1,81.6,0.1,3.2,6.6,211,NA,NA,63,63,0,35,31,29,29,14,327,331,96,5.5,23.2,5.83,7
1994,3,16,8,9.8,974.3,67.9,0,4.8,7.9,243,NA,NA,302,158,370,508,321,84,85,14,315,336,96,4.2,23.2,5.29,7.1
1994,3,16,9,10.4,974.2,65.1,0,5.2,7.9,248,NA,NA,314,235,152,301,289,102,104,14,315,336,96,4.1,23.8,5.28,7.3
1994,3,16,10,10.5,974.1,62.4,0,4.9,8.6,246,NA,NA,248,242,9,131,147,103,106,14,319,338,96,3.6,23.4,5.1,7.2
1994,3,16,11,10.7,974.1,59.2,0,4.6,8.6,256,NA,NA,248,238,14,120,159,107,106,14,336,343,94,3.1,23.1,4.9,7
1994,3,16,12,12,973.5,50,0,5.2,8.9,244,NA,6,706,236,706,146,793,246,135,14,342,358,94,1.9,23.4,4.51,7.2
1994,3,16,13,12.7,972.9,44.8,0,6.5,10.3,257,NA,NA,628,157,757,111,729,437,110,14,342,356,94,1,23.4,4.23,7.2
1994,3,16,14,12.6,972.5,42.8,0,6.2,10.8,264,NA,NA,555,122,809,99,652,646,99,14,301,336,94,0.3,22.8,4.02,6.9
1994,3,16,15,12.1,972.7,41.5,0,6.1,10.2,275,NA,NA,387,71,769,73,469,731,73,14,296,329,94,-0.6,21.7,3.77,6.4
1994,3,16,16,10.8,973.4,44.4,0,5.1,8.9,280,NA,NA,217,55,630,51,266,689,52,14,289,320,94,-0.8,20.2,3.69,5.7
1994,3,16,17,9.1,974.4,47.1,0,4.2,8.4,287,NA,NA,44,31,144,19,44,199,21,14,281,306,94,-1.6,17.9,3.49,4.5
1994,3,16,18,8.1,975.2,48.2,0,2.1,5,299,NA,5,0,0,0,0,0,0,0,14,276,301,94,-2.2,16.5,3.34,3.8
1994,3,16,19,7.7,975.2,50.5,0,2.3,4.6,228,NA,NA,0,0,0,0,0,0,0,14,278,293,94,-1.9,16.3,3.4,3.7
1994,3,16,20,7.4,974.8,50.6,0,2.1,4.7,202,NA,NA,0,0,0,0,0,0,0,14,265,286,94,-2.2,15.8,3.34,3.5
1994,3,16,21,5.5,974.9,59.6,0,1.3,3.7,239,NA,NA,0,0,0,0,0,0,0,14,256,280,94,-1.7,14.2,3.45,2.6
1994,3,16,22,6,974.8,59.5,0,1.5,4.6,256,NA,NA,1,0,0,0,0,0,0,14,263,289,94,-1.3,15,3.57,3
1994,3,16,23,6.1,974.5,61.2,0,1,2.5,276,NA,NA,1,0,0,0,0,0,0,14,322,322,94,-0.8,15.4,3.7,3.2
1994,3,17,0,5.9,974.2,64.9,0,0.3,1.6,284,NA,NA,1,0,0,0,0,0,0,14,321,321,94,-0.2,15.6,3.87,3.3
1994,3,17,1,6.7,973.9,61.9,0,1.5,4.4,249,NA,NA,3,0,0,0,0,0,0,14,326,326,94,-0.1,16.5,3.9,3.8
1994,3,17,2,7.4,973.9,58.8,0,3.3,6.8,241,NA,NA,1,0,0,0,0,0,0,14,326,326,94,-0.1,17.2,3.89,4.2
1994,3,17,3,7.4,973.8,60.8,0,3.9,6.5,272,NA,NA,0,0,0,0,0,0,0,14,336,336,94,0.3,17.5,4.02,4.3
1994,3,17,4,7.5,974.2,51.9,0,3,7,296,NA,NA,0,0,0,0,0,0,0,14,336,336,94,-1.7,16.2,3.45,3.7
1994,3,17,5,7.3,974.3,54.6,0,2,5.7,246,NA,NA,0,0,0,0,0,0,0,14,325,325,94,-1.2,16.3,3.58,3.7
1994,3,17,6,7.3,974.4,55.2,0,3.4,8,251,NA,7,4,4,0,1,2,2,2,14,325,325,94,-1.1,16.4,3.62,3.8
1994,3,17,7,7.1,974.7,59.5,0,3.4,6.6,261,NA,NA,26,26,0,9,12,13,13,14,325,325,94,-0.2,16.8,3.85,4
1994,3,17,8,7.3,975,56.2,0,2.1,4.1,264,NA,NA,49,49,0,21,22,23,24,14,325,325,94,-0.8,16.6,3.69,3.9
1994,3,17,9,7.1,975,60,0,3.3,6.2,264,NA,NA,66,66,0,31,31,32,33,14,325,325,94,-0.1,16.9,3.88,4
1994,3,17,10,7.3,974.9,61.3,0,5.5,9.1,245,NA,NA,255,253,3,134,150,107,109,14,330,332,94,0.4,17.4,4.02,4.3
1994,3,17,11,7.7,974.9,59,0,5.5,9.1,249,NA,NA,314,304,14,147,196,130,129,14,301,321,94,0.2,17.7,3.98,4.4
1994,3,17,12,8.1,974.9,58.3,0,6.8,10,257,NA,7,402,314,131,143,342,173,133,14,301,321,94,0.4,18.3,4.04,4.7
1994,3,17,13,7.4,974.9,63.6,0,6.2,9.1,257,NA,NA,168,168,0,78,89,82,77,14,298,315,94,1,18,4.2,4.6
1994,3,17,14,7,974.4,71.1,0.5,3.1,9.4,270,NA,NA,212,204,15,90,134,133,90,14,292,310,94,2.1,18.5,4.58,4.8
1994,3,17,15,7.3,974.9,60.9,0.1,3.6,5.9,250,NA,NA,68,68,0,33,32,31,33,14,288,305,94,0.3,17.4,4,4.2
1994,3,17,16,6.9,975.1,65.4,0,1.3,3.5,279,NA,NA,39,39,0,19,18,16,19,14,288,304,94,0.9,17.4,4.18,4.3
1994,3,17,17,6.9,975.6,65.1,0,2.4,5.4,241,NA,NA,18,18,0,9,8,7,8,14,305,313,94,0.8,17.4,4.16,4.2
1994,3,17,18,6,976.1,73,0,2.8,5.5,253,NA,7,0,0,0,0,0,0,0,14,302,310,94,1.5,17,4.38,4
1994,3,17,19,6,976.1,69.7,0,1.4,2.6,221,NA,NA,0,0,0,0,0,0,0,14,302,308,94,0.9,16.5,4.18,3.8
1994,3,17,20,6,976.4,68.1,0,1.9,3.3,239,NA,NA,0,0,0,0,0,0,0,14,301,309,94,0.6,16.3,4.08,3.7
1994,3,17,21,6.1,976.2,67.2,0,1,3,215,NA,NA,0,0,0,0,0,0,0,14,303,309,94,0.5,16.3,4.06,3.7
1994,3,17,22,5.6,976.5,75.1,0,1.9,4.3,262,NA,NA,0,0,0,0,0,0,0,14,300,308,94,1.5,16.6,4.38,3.8
1994,3,17,23,5.5,976.4,76.9,0.2,1.7,3.9,225,NA,NA,0,0,0,0,0,0,0,14,318,318,94,1.8,16.7,4.45,3.9
1994,3,18,0,5.1,976.1,79.3,0.2,1.8,5.7,234,NA,NA,0,0,0,0,0,0,0,14,316,316,94,1.8,16.3,4.47,3.6
1994,3,18,1,4.6,975.6,87.8,0.1,0.4,1.6,284,NA,NA,0,0,0,0,0,0,0,14,314,314,94,2.8,16.6,4.78,3.8
1994,3,18,2,4.4,975.2,88.3,0,0.6,1.9,266,NA,NA,0,0,0,0,0,0,0,14,314,314,94,2.6,16.3,4.74,3.6
1994,3,18,3,4.2,975,89.4,0,0.9,1.8,329,NA,NA,0,0,0,0,0,0,0,14,312,312,94,2.6,16.1,4.74,3.5
1994,3,18,4,4,975.1,89.9,0,0.4,1.5,104,NA,NA,1,0,0,0,0,0,0,14,312,312,94,2.5,15.8,4.7,3.3
1994,3,18,5,3.7,975.1,89.3,0,0.6,2.1,275,NA,NA,2,0,0,0,0,0,0,14,285,293,94,2.1,15.2,4.57,3
1994,3,18,6,3.5,975.3,88.3,0,0.9,2.4,293,NA,4,31,26,74,122,27,15,17,14,287,294,94,1.8,14.7,4.45,2.8
1994,3,18,7,5.1,975.1,78.4,0,1.4,3.5,267,NA,NA,151,87,264,385,151,50,52,14,293,306,94,1.7,16.2,4.42,3.6
1994,3,18,8,6.8,975.1,63.7,0,1.5,2.9,230,NA,NA,227,185,105,256,176,79,80,14,268,298,94,0.4,17,4.04,4
1994,3,18,9,7.8,974.9,55.6,0,1.5,3.3,252,NA,NA,285,249,69,234,224,103,105,14,271,306,94,-0.5,17.3,3.77,4.2
1994,3,18,10,9.3,974.2,48.6,0,2,5,264,NA,NA,504,245,415,359,524,122,123,14,280,318,94,-1,18.5,3.65,4.8
1994,3,18,11,10.2,973.5,44.6,0,2.7,5.8,219,NA,NA,389,313,113,178,324,138,132,14,279,318,94,-1.3,19.2,3.57,5.2
1994,3,18,12,11.4,972.6,42.8,0,2.9,7.1,254,NA,5,667,250,617,146,725,238,134,14,285,332,94,-0.8,20.8,3.71,6
1994,3,18,13,11.8,971.9,42.1,0,2.3,6.1,276,NA,NA,543,289,402,134,552,358,133,14,287,331,94,-0.7,21.3,3.75,6.2
1994,3,18,14,11.9,971.4,40,0,2.9,6.1,279,NA,NA,450,253,362,118,449,452,118,14,295,330,94,-1.3,21,3.59,6.1
1994,3,18,15,11.9,971.2,42.2,0,1.8,5.6,268,NA,NA,301,188,269,90,289,427,90,14,296,329,94,-0.5,21.5,3.79,6.3
1994,3,18,16,11.8,970.8,42.6,0,2.5,5.6,270,NA,NA,243,92,568,61,262,677,62,14,295,326,94,-0.5,21.4,3.8,6.3
1994,3,18,17,10.8,970.6,46.7,0,3.2,5.5,260,NA,NA,53,34,204,22,53,267,24,14,280,309,94,-0.1,20.7,3.9,5.9
1994,3,18,18,9.8,970.7,50.2,0,3.3,8.3,249,NA,5,0,0,0,0,0,0,0,14,277,305,94,-0.1,19.7,3.92,5.4
1994,3,18,19,9.1,970.6,52.3,0,1.8,4,230,NA,NA,0,0,0,0,0,0,0,14,273,295,94,-0.1,18.9,3.9,5
1994,3,18,20,7.9,970.5,57.6,0,1.4,3.9,239,NA,NA,0,0,0,0,0,0,0,14,264,287,94,0.1,17.9,3.96,4.5
1994,3,18,21,8.2,970.5,56.2,0,3.5,6.4,235,NA,NA,0,0,0,0,0,0,0,14,264,292,94,0,18.1,3.94,4.6
1994,3,18,22,7,970,62.2,0,4,6.2,248,NA,NA,1,0,0,0,0,0,0,14,256,288,94,0.3,17.1,4.02,4.1
1994,3,18,23,7,969.3,61.2,0,3.6,5.2,247,NA,NA,0,0,0,0,0,0,0,14,259,287,94,0,17,3.96,4
1994,3,19,0,6.3,969,64.6,0,3.3,4.7,251,NA,NA,0,0,0,0,0,0,0,14,255,284,94,0.1,16.3,3.98,3.6
1994,3,19,1,6.5,968.5,63.4,0,3.2,6.2,256,NA,NA,0,0,0,0,0,0,0,14,258,286,94,0.1,16.5,3.96,3.7
1994,3,19,2,7,968.1,61,0,4.3,6.3,251,NA,NA,1,0,0,0,0,0,0,14,286,304,94,0,17,3.95,4
1994,3,19,3,6.8,968.3,61.7,0,4,6.8,249,NA,NA,1,0,0,0,0,0,0,14,287,302,94,0,16.7,3.94,3.9
1994,3,19,4,7.2,968.6,59.2,0,2.9,6.6,232,NA,NA,0,0,0,0,0,0,0,14,289,305,94,-0.2,17,3.88,4
1994,3,19,5,7.5,968.8,58.2,0,2,4.7,212,NA,NA,1,0,0,0,0,0,0,14,299,309,94,-0.2,17.3,3.9,4.2
1994,3,19,6,6.8,968.8,65.1,0,2.9,4.9,252,NA,7,27,26,11,34,15,12,13,14,299,310,94,0.7,17.3,4.16,4.1
1994,3,19,7,8.2,968.8,59.2,0,4.1,6.9,250,NA,NA,102,98,15,92,58,42,44,14,305,318,94,0.7,18.7,4.16,4.9
1994,3,19,8,9.5,968.8,54.6,0,4.6,7.8,235,NA,NA,229,179,124,288,193,80,81,14,301,322,94,0.8,20.1,4.19,5.6
1994,3,19,9,11,968.4,50.1,0,4.7,11,228,NA,NA,522,220,565,587,551,117,117,14,307,334,94,1,21.8,4.25,6.4
1994,3,19,10,11.6,968.2,46.8,0,5.8,10.8,243,NA,NA,362,288,118,227,297,122,123,14,308,333,94,0.6,22.1,4.13,6.5
1994,3,19,11,11.9,967.6,46.7,0,7.9,11.8,254,NA,NA,292,274,26,139,197,121,119,14,351,352,94,0.9,22.6,4.21,6.8
1994,3,19,12,12.8,966.8,44.4,0,8.6,13.7,255,NA,7,498,325,254,152,471,203,140,14,354,359,94,1,23.6,4.25,7.3
1994,3,19,13,13.1,966.4,44.8,0,8.7,12.7,260,NA,NA,416,353,98,139,346,249,138,14,354,357,94,1.4,24.2,4.38,7.6
1994,3,19,14,12.6,966.6,43.8,0,9.8,14.3,258,NA,NA,274,247,49,105,191,191,105,14,320,338,94,0.6,23.1,4.14,7
1994,3,19,15,12.1,967,48.3,0,6.1,11.7,271,NA,NA,169,167,5,74,94,108,73,14,319,335,94,1.5,23.3,4.41,7.1
1994,3,19,16,11.3,967.6,49.1,0,5.8,12.1,279,NA,NA,76,76,0,35,37,41,35,14,314,330,94,1,22.1,4.25,6.5
1994,3,19,17,10.9,968.2,49.1,0,6.2,10.7,276,NA,NA,15,15,0,7,7,4,7,14,324,333,94,0.6,21.4,4.14,6.2
1994,3,19,18,10.5,968.5,52,0,5.4,10.9,260,NA,8,1,0,0,0,0,0,0,14,321,331,94,1.1,21.3,4.27,6.2
1994,3,19,19,10.6,968.6,51.1,0,4.4,7.1,233,NA,NA,0,0,0,0,0,0,0,14,322,330,94,0.9,21.3,4.22,6.2
1994,3,19,20,10.5,968.8,51,0,3.8,6.3,235,NA,NA,1,0,0,0,0,0,0,14,322,330,94,0.8,21.1,4.18,6.1
1994,3,19,21,10.1,968.7,54.3,0,4.2,6.5,249,NA,NA,3,0,0,0,0,0,0,14,322,328,94,1.3,21.1,4.34,6.1
1994,3,19,22,10,968.6,55.8,0,5.3,7.9,249,NA,NA,0,0,0,0,0,0,0,14,320,328,94,1.6,21.2,4.43,6.1
1994,3,19,23,9.6,968.6,58.3,0,5.5,8.2,253,NA,NA,1,0,0,0,0,0,0,14,338,338,94,1.8,21,4.51,6
1994,3,20,0,9.6,968.3,59.5,0,6.9,11.3,251,NA,NA,1,0,0,0,0,0,0,14,339,339,94,2.1,21.2,4.6,6.1
1994,3,20,1,9.8,968.3,58.7,0,6.8,12.2,238,NA,NA,1,0,0,0,0,0,0,14,338,338,94,2.1,21.4,4.6,6.2
1994,3,20,2,9.5,968.3,60.5,0,4.3,7.8,234,NA,NA,2,0,0,0,0,0,0,14,337,337,94,2.2,21.2,4.65,6.1
1994,3,20,3,9.1,968.2,63.9,0,4.5,8.3,253,NA,NA,0,0,0,0,0,0,0,14,334,334,94,2.6,21.2,4.78,6.1
1994,3,20,4,9,968.7,63.7,0,4.2,7.4,250,NA,NA,0,0,0,0,0,0,0,14,334,334,94,2.5,20.9,4.73,6
1994,3,20,5,8.9,969,65.4,0,4.4,7.8,258,NA,NA,1,0,0,0,0,0,0,14,334,334,94,2.8,21.1,4.82,6
1994,3,20,6,8.8,969.1,65.5,0,3.9,7.4,250,NA,7,7,7,0,1,3,4,4,14,336,336,94,2.7,20.9,4.8,5.9
1994,3,20,7,9.1,969.5,64.7,0,3.7,7,229,NA,NA,61,61,0,31,29,28,29,14,337,337,94,2.8,21.3,4.83,6.1
1994,3,20,8,9.5,969.9,64.3,0,3.8,7.9,238,NA,NA,101,101,0,53,50,46,47,14,320,330,94,3.1,22,4.93,6.5
1994,3,20,9,9.7,970.2,64.7,0,5.4,8.2,244,NA,NA,137,137,0,71,70,62,64,14,322,332,94,3.4,22.4,5.03,6.7
1994,3,20,10,10.4,970.2,62.4,0,5.3,7.8,243,NA,NA,248,243,7,129,144,104,106,14,325,337,94,3.5,23.3,5.08,7.1
1994,3,20,11,11.2,970,59.4,0,5.1,7.8,248,NA,NA,432,315,172,190,367,142,136,14,347,353,94,3.6,24.1,5.11,7.5
1994,3,20,12,11.4,969.9,60.8,0,3.9,6.4,258,NA,7,274,261,19,119,178,127,114,14,348,352,94,4.1,24.8,5.3,7.8
1994,3,20,13,11.2,969.8,61.1,0,3.6,6.5,238,NA,NA,144,144,0,68,74,70,67,14,347,348,94,4,24.5,5.25,7.7
1994,3,20,14,11.1,969.8,64.2,0,3.3,5.6,246,NA,NA,225,215,18,95,143,143,94,14,347,350,94,4.6,25,5.49,7.9
1994,3,20,15,11.6,969.7,62.1,0,2.2,4.2,268,NA,NA,182,172,25,76,115,143,75,14,349,351,94,4.6,25.5,5.49,8.1
1994,3,20,16,11.8,969.3,60.3,0,1.7,3.7,232,NA,NA,140,114,94,54,105,216,54,14,350,350,94,4.4,25.5,5.4,8.1
1994,3,20,17,11.6,969.4,61.6,0,1.9,3.9,215,NA,NA,46,38,78,20,34,134,22,14,312,327,94,4.5,25.4,5.44,8.1
1994,3,20,18,11,969.4,63.4,0,1.9,4.2,213,NA,6,1,0,0,0,0,0,0,14,307,322,94,4.3,24.6,5.38,7.7
1994,3,20,19,9.2,969.3,70.3,0,0.9,2.8,257,NA,NA,0,0,0,0,0,0,0,14,302,309,94,4.1,22.6,5.29,6.7
1994,3,20,20,8.6,969.6,73.5,0,1.1,2,262,NA,NA,0,0,0,0,0,0,0,14,325,325,94,4.1,22,5.31,6.4
1994,3,20,21,9.1,969.4,72.2,0,1.3,3,242,NA,NA,0,0,0,0,0,0,0,14,327,327,94,4.4,22.7,5.4,6.8
1994,3,20,22,8.5,969.1,76.5,0,0.8,2.1,284,NA,NA,0,0,0,0,0,0,0,14,324,326,94,4.6,22.4,5.49,6.6
1994,3,20,23,8.2,968.5,78,0,0.3,1.3,329,NA,NA,0,0,0,0,0,0,0,14,296,310,94,4.6,22.1,5.49,6.4
1994,3,21,0,7.9,968.1,80,0,0.3,1.7,138,NA,NA,0,0,0,0,0,0,0,14,297,310,94,4.7,21.8,5.52,6.3
1994,3,21,1,7.7,967.9,85.6,0.1,0.3,1.7,284,NA,NA,0,0,0,0,0,0,0,14,298,312,94,5.4,22.4,5.83,6.6
1994,3,21,2,7.8,967.2,89.6,0,0.3,1,149,NA,NA,0,0,0,0,0,0,0,14,308,317,94,6.2,23.3,6.15,7
1994,3,21,3,7.9,966.7,89.8,0.4,0.3,2.2,0,NA,NA,0,0,0,0,0,0,0,14,307,316,94,6.3,23.6,6.21,7.1
1994,3,21,4,7.6,966.6,92,0,0.4,1.5,86,NA,NA,0,0,0,0,0,0,0,14,305,315,94,6.4,23.3,6.24,7
1994,3,21,5,7.5,966.4,91.6,0.2,0.3,1,77,NA,NA,0,0,0,0,0,0,0,14,331,331,96,6.2,23,6.17,6.8
1994,3,21,6,7.6,966.5,91.8,0.1,0.4,1.5,340,NA,7,22,22,0,10,10,10,10,14,330,332,96,6.4,23.3,6.23,7
1994,3,21,7,8.6,966.7,81.3,0,1.3,2.8,275,NA,NA,89,89,0,56,45,39,40,14,336,337,96,5.6,23.5,5.9,7.1
1994,3,21,8,9.6,966,77.4,0,1.8,3.7,134,NA,NA,319,176,344,489,303,88,89,14,293,324,96,5.8,24.8,6.01,7.7
1994,3,21,9,11.1,965.8,72.8,0,1.4,4.6,91,NA,NA,416,228,344,435,407,110,111,14,304,336,96,6.4,26.9,6.25,8.7
1994,3,21,10,13.2,965.2,60.9,0,4.5,7.8,246,NA,NA,556,237,499,389,568,125,125,14,304,342,96,5.8,28.4,6.01,9.4
1994,3,21,11,13.4,965,56.9,0,5,9.7,241,NA,NA,476,335,205,210,437,149,140,14,313,342,94,5,27.8,5.69,9.1
1994,3,21,12,14.3,964.5,54.7,0,4.8,10.3,261,NA,6,557,322,341,156,529,218,144,14,317,348,94,5.3,29,5.8,9.6
1994,3,21,13,14.2,964.1,52.2,0,4.6,7.8,253,NA,NA,228,221,11,99,130,114,99,14,313,339,94,4.5,28.2,5.5,9.3
1994,3,21,14,13.6,964.5,52.6,0,4.2,7.1,269,NA,NA,131,131,0,61,66,65,61,14,326,342,94,4.1,27.1,5.33,8.8
1994,3,21,15,12.3,965,58.7,0,2,5.5,323,NA,NA,71,71,0,34,33,32,34,14,325,338,94,4.5,26.1,5.46,8.4
1994,3,21,16,11,965.5,71.1,0,3.3,9.4,274,NA,NA,42,42,0,20,19,17,20,14,317,329,94,6,26.3,6.07,8.4
1994,3,21,17,10,966.1,79.9,0.2,1.8,4.6,284,NA,NA,15,15,0,7,7,4,7,14,326,334,96,6.7,26.1,6.38,8.3
1994,3,21,18,9.7,966.5,85.1,0.1,1.5,3,256,NA,8,0,0,0,0,0,0,0,14,323,330,96,7.3,26.5,6.66,8.4
1994,3,21,19,9.2,967.4,88,0,0.9,2.3,302,NA,NA,0,0,0,0,0,0,0,14,322,330,96,7.3,26,6.65,8.2
1994,3,21,20,8.5,967.9,91.1,0,0.4,1,122,NA,NA,0,0,0,0,0,0,0,14,308,315,96,7.1,25.1,6.56,7.8
1994,3,21,21,7.8,968.7,90.3,0,1.1,2.3,54,NA,NA,0,0,0,0,0,0,0,14,308,321,96,6.3,23.4,6.19,7
1994,3,21,22,7.1,969.4,90.8,0,1.5,3.7,34,NA,NA,0,0,0,0,0,0,0,14,302,313,96,5.7,22,5.93,6.4
1994,3,21,23,6.7,970.1,88,0,0.7,2,67,NA,NA,0,0,0,0,0,0,0,14,291,304,96,4.9,20.8,5.58,5.8
1994,3,22,0,6.2,970.5,91.4,0,0.3,1.2,257,NA,NA,1,0,0,0,0,0,0,14,292,308,96,4.9,20.3,5.6,5.6
1994,3,22,1,6.5,970.9,90.5,0,0.9,2,271,NA,NA,2,0,0,0,0,0,0,14,291,307,96,5.1,20.7,5.66,5.8
1994,3,22,2,5.6,971.1,90,0,0.7,1.4,239,NA,NA,0,0,0,0,0,0,0,14,270,290,96,4.1,18.9,5.29,4.9
1994,3,22,3,4.5,971.9,91.7,0,0.3,1,239,NA,NA,0,0,0,0,0,0,0,14,264,285,96,3.3,17,4.98,4
1994,3,22,4,3.8,972.4,93.7,0,0.2,1,194,NA,NA,0,0,0,0,0,0,0,14,261,283,96,2.9,15.9,4.84,3.4
1994,3,22,5,3.6,973.1,93.7,0,0.2,1.3,284,NA,NA,0,0,0,0,0,0,0,14,257,277,94,2.7,15.6,4.77,3.2
1994,3,22,6,4.2,973.8,91.1,0,0.6,1.2,253,NA,1,49,32,178,241,42,21,24,14,262,283,94,2.9,16.3,4.83,3.6
1994,3,22,7,6.2,974.3,88.2,0,0.4,1.5,221,NA,NA,200,74,473,573,201,54,55,14,281,304,94,4.4,19.7,5.38,5.3
1994,3,22,8,8.9,974.7,83.4,0,1.4,3.5,267,NA,NA,344,135,494,590,352,83,83,14,290,316,94,6.2,24.4,6.13,7.5
1994,3,22,9,10.4,975.4,72.6,0,1.7,3.4,246,NA,NA,511,149,656,590,545,100,100,14,295,326,94,5.7,25.3,5.89,8
1994,3,22,10,12,975.7,64.2,0,0.9,2.9,277,NA,NA,586,198,603,418,621,118,118,14,299,338,94,5.5,26.7,5.79,8.7
1994,3,22,11,13.8,975.9,59.4,0,1.5,4.2,127,NA,NA,698,180,747,254,753,128,121,14,321,356,94,6,29.1,6.03,9.7
1994,3,22,12,14.5,975.4,53.2,0,1.6,4.7,136,NA,3,625,255,532,145,638,229,134,14,314,354,94,5.1,28.9,5.65,9.6
1994,3,22,13,14.5,975.4,52.4,0,0.9,3.3,291,NA,NA,462,308,237,134,421,294,133,14,317,352,94,4.9,28.6,5.56,9.6
1994,3,22,14,15.3,975.5,49.9,0,1.1,4,228,NA,NA,407,247,286,115,386,400,114,14,323,356,94,4.9,29.5,5.58,9.9
1994,3,22,15,15.6,975.7,48.4,0,1.9,5.3,149,NA,NA,334,159,400,89,332,526,89,14,322,353,94,4.8,29.6,5.51,10
1994,3,22,16,15.2,976,51.1,0,3.2,5.8,247,NA,NA,191,94,342,57,180,464,58,14,319,343,94,5.2,29.6,5.67,10
1994,3,22,17,13.9,976.7,56.7,0,1.7,4.9,262,NA,NA,67,40,252,26,57,326,29,14,302,327,94,5.5,28.6,5.78,9.5
1994,3,22,18,12.3,977.1,60.6,0,0.8,3.7,329,NA,6,0,0,0,0,0,0,0,14,297,317,94,4.9,26.4,5.56,8.6
1994,3,22,19,10.7,977.7,67.8,0,2.3,4.6,257,NA,NA,0,0,0,0,0,0,0,14,292,311,94,5,24.9,5.6,7.8
1994,3,22,20,10.1,978.6,70.8,0,3.1,5.3,243,NA,NA,0,0,0,0,0,0,0,14,277,304,94,5,24.3,5.61,7.6
1994,3,22,21,8.7,978.5,78.1,0,1.6,3.4,254,NA,NA,0,0,0,0,0,0,0,14,274,296,94,5.1,22.9,5.63,6.9
1994,3,22,22,9.3,978.8,77.5,0,2,4.2,260,NA,NA,0,0,0,0,0,0,0,14,275,300,94,5.6,24,5.82,7.4
1994,3,22,23,8.4,979,78.8,0,1.8,4,248,NA,NA,0,0,0,0,0,0,0,14,281,300,94,4.9,22.4,5.57,6.7
1994,3,23,0,7.3,979.1,83.8,0,1.5,3.2,279,NA,NA,0,0,0,0,0,0,0,14,275,297,94,4.7,21.1,5.49,6
1994,3,23,1,7.2,979.3,84.6,0,0.4,1.3,59,NA,NA,0,0,0,0,0,0,0,14,277,299,94,4.8,21.1,5.5,6
1994,3,23,2,7.5,979,82.3,0,0.5,2.4,247,NA,NA,0,0,0,0,0,0,0,14,309,312,94,4.7,21.3,5.47,6.1
1994,3,23,3,6.9,979,84.9,0,0.8,2.1,266,NA,NA,0,0,0,0,0,0,0,14,311,313,94,4.5,20.5,5.41,5.7
1994,3,23,4,7.5,979.5,81.6,0,1.1,2.6,257,NA,NA,1,0,0,0,0,0,0,14,311,315,94,4.6,21.1,5.42,6.1
1994,3,23,5,7.6,979.6,82.3,0,0.6,1.7,149,NA,NA,1,0,0,0,0,0,0,14,329,329,94,4.8,21.5,5.5,6.2
1994,3,23,6,7.7,980.1,81.6,0,0.4,1.4,270,NA,7,22,22,0,9,10,10,10,14,332,332,94,4.8,21.5,5.49,6.3
1994,3,23,7,8.9,980.3,78.7,0,0.4,1.1,86,NA,NA,101,98,10,81,55,43,45,14,339,339,94,5.4,23.4,5.74,7.2
1994,3,23,8,10.6,980.5,69.9,0,1.6,5.9,249,NA,NA,326,183,332,486,299,90,91,14,303,329,94,5.3,25.1,5.72,7.9
1994,3,23,9,12.1,980.4,64,0,3,5.2,238,NA,NA,407,242,296,412,383,112,113,14,311,338,94,5.5,26.8,5.78,8.7
1994,3,23,10,13.5,980,59.5,0,1.9,4.9,253,NA,NA,516,278,367,352,500,129,130,14,316,348,94,5.8,28.5,5.9,9.5
1994,3,23,11,14.7,979.5,55,0,1.7,4.6,270,NA,NA,552,295,368,227,539,146,136,14,339,363,94,5.8,29.7,5.89,10
1994,3,23,12,16.1,978.7,50.7,0,2.4,5.5,248,NA,6,539,332,296,157,498,215,145,14,349,370,94,5.9,31.2,5.95,10.7
1994,3,23,13,17.3,978.3,46.7,0,2.2,5.6,254,NA,NA,620,202,638,122,649,421,121,14,351,375,94,5.8,32.4,5.92,11.1
1994,3,23,14,18.3,978.2,43.3,0,2.7,5.1,264,NA,NA,447,237,370,116,428,447,116,14,353,374,94,5.6,33.2,5.84,11.5
1994,3,23,15,18.5,977.9,42.5,0,2.3,4.9,246,NA,NA,289,200,202,91,243,367,91,14,348,368,94,5.5,33.3,5.81,11.5
1994,3,23,16,16.6,978.3,51.9,0,2.2,4.5,173,NA,NA,190,99,319,58,174,448,60,14,330,353,94,6.7,32.6,6.29,11.2
1994,3,23,17,14.8,978.2,57.2,0,1.8,3.1,123,NA,NA,61,41,180,24,48,250,28,14,348,353,94,6.4,30.5,6.18,10.3
1994,3,23,18,15,978.3,56.6,0,1.8,5.1,227,NA,6,0,0,0,0,0,0,0,14,353,353,94,6.5,30.7,6.19,10.5
1994,3,23,19,14,978.9,60.6,0,2.7,4.9,252,NA,NA,0,0,0,0,0,0,0,14,344,344,94,6.5,29.8,6.21,10
1994,3,23,20,12.7,979.3,64.9,0,0.9,2.2,248,NA,NA,0,0,0,0,0,0,0,14,300,313,94,6.3,28.2,6.11,9.4
1994,3,23,21,10.5,979.7,74.8,0,0.9,2.5,25,NA,NA,0,0,0,0,0,0,0,14,287,305,94,6.2,25.9,6.09,8.3
1994,3,23,22,9.7,979.4,77.8,0,0.4,2.3,14,NA,NA,0,0,0,0,0,0,0,14,286,305,94,6,24.9,6,7.8
1994,3,23,23,8.7,979.4,81.1,0,0.2,0.9,0,NA,NA,0,0,0,0,0,0,0,14,282,299,94,5.6,23.4,5.85,7.2
1994,3,24,0,8,978.9,83.1,0,0.4,1.3,250,NA,NA,0,0,0,0,0,0,0,14,281,299,94,5.3,22.4,5.71,6.7
1994,3,24,1,7.5,978.6,84.9,0,0.4,1.5,239,NA,NA,0,0,0,0,0,0,0,14,275,294,94,5.1,21.7,5.64,6.3
1994,3,24,2,6.9,978.2,85.6,0,0.5,1.3,270,NA,NA,0,0,0,0,0,0,0,14,273,293,94,4.7,20.6,5.46,5.8
1994,3,24,3,6.7,978.1,85.3,0,0.1,0.8,194,NA,NA,0,0,0,0,0,0,0,14,275,293,94,4.4,20.2,5.37,5.6
1994,3,24,4,6.3,978.2,85.8,0,0.4,1.4,239,NA,NA,0,0,0,0,0,0,0,14,275,291,94,4.1,19.5,5.25,5.3
1994,3,24,5,6.2,978.4,84.9,0,0.2,1.5,284,NA,NA,2,0,0,0,0,0,0,14,287,299,94,3.9,19.2,5.16,5.1
1994,3,24,6,6.8,978.7,83.3,0,0.5,1.6,270,NA,4,46,34,112,175,35,20,24,14,297,307,94,4.2,20.1,5.27,5.6
1994,3,24,7,10.8,978.9,70.4,0,0.2,1.5,284,NA,NA,234,108,457,593,210,63,65,14,319,333,94,5.6,25.6,5.85,8.2
1994,3,24,8,13.2,979.1,59.8,0,1.3,2.8,299,NA,NA,245,188,130,300,197,84,85,14,304,334,94,5.6,28,5.82,9.3
1994,3,24,9,14.7,978.9,56.6,0,1.7,2.7,259,NA,NA,293,256,67,232,219,107,108,14,317,345,94,6.2,30.1,6.07,10.2
1994,3,24,10,16.8,978.2,52.7,0,2,6.2,249,NA,NA,384,311,111,235,303,129,130,14,331,360,94,7.1,33.3,6.47,11.5
1994,3,24,11,19.7,977.5,43.7,0,4.3,7.7,232,NA,NA,589,304,405,237,571,151,141,14,340,371,94,7,36.2,6.45,12.6
1994,3,24,12,20.9,976.6,41.9,0,4.6,8.1,230,NA,4,685,207,678,136,715,239,126,14,345,380,94,7.5,37.9,6.66,13.3
1994,3,24,13,21.3,976,39.8,0,4.4,8.3,240,NA,NA,592,231,547,126,602,399,125,14,341,376,94,7.1,37.9,6.49,13.3
1994,3,24,14,21.3,975.7,39.8,0,4,7.8,244,NA,NA,343,270,128,116,268,278,115,14,360,383,94,7.1,37.9,6.49,13.3
1994,3,24,15,21.3,975.3,40,0,2.8,8.5,287,NA,NA,248,198,113,87,183,263,87,14,361,378,94,7.2,38,6.53,13.4
1994,3,24,16,20.6,975.6,39.8,0,3.3,7.3,319,NA,NA,195,102,321,60,174,454,61,14,355,373,94,6.5,36.5,6.22,12.8
1994,3,24,17,18.8,975.9,44.9,0,3.4,7.9,310,NA,NA,48,42,45,21,29,93,23,14,337,355,94,6.6,34.8,6.27,12.1
1994,3,24,18,17.6,976.2,47.7,0,1.8,4.8,271,NA,4,1,0,0,0,0,0,0,14,332,342,94,6.4,33.3,6.17,11.5
1994,3,24,19,14.7,976.3,59,0,1.1,2.6,257,NA,NA,0,0,0,0,0,0,0,14,317,328,94,6.8,30.8,6.35,10.5
1994,3,24,20,13.9,976.4,63.3,0,1.4,3.1,275,NA,NA,0,0,0,0,0,0,0,14,316,329,94,7,30.3,6.47,10.2
1994,3,24,21,13,976.3,68.2,0,1.6,5,257,NA,NA,0,0,0,0,0,0,0,14,313,323,94,7.3,29.7,6.57,10
1994,3,24,22,11.9,976,73.2,0,1.3,2,249,NA,NA,0,0,0,0,0,0,0,14,308,320,94,7.3,28.5,6.57,9.5
1994,3,24,23,10.9,975.4,77.5,0,0.4,1.6,221,NA,NA,0,0,0,0,0,0,0,14,295,311,94,7.1,27.4,6.51,8.9
1994,3,25,0,9.7,974.8,82.1,0,0.9,2.4,291,NA,NA,0,0,0,0,0,0,0,14,288,305,94,6.8,25.8,6.37,8.2
1994,3,25,1,9.4,974.3,83.7,0,0.6,2.5,176,NA,NA,0,0,0,0,0,0,0,14,294,306,94,6.8,25.5,6.36,8.1
1994,3,25,2,8.5,973.4,86.2,0,0.6,1.8,228,NA,NA,0,0,0,0,0,0,0,14,283,300,94,6.3,24.1,6.17,7.4
1994,3,25,3,7.9,972.8,87.9,0,0.1,2,284,NA,NA,0,0,0,0,0,0,0,14,280,298,94,6,23.1,6.04,6.9
1994,3,25,4,7.4,972.2,88.8,0,0.5,1.6,257,NA,NA,0,0,0,0,0,0,0,14,279,296,94,5.7,22.3,5.9,6.6
1994,3,25,5,7.4,971.9,89,0,0.5,1.7,257,NA,NA,3,0,0,0,0,0,0,14,279,296,94,5.7,22.3,5.92,6.6
1994,3,25,6,8.3,971.6,88.1,0,0.2,1,239,NA,1,62,37,228,300,47,24,28,14,290,307,94,6.4,24,6.23,7.3
1994,3,25,7,11.5,971.1,78.1,0,0.5,1.5,273,NA,NA,222,71,534,625,210,55,56,14,307,329,94,7.8,28.9,6.86,9.5
1994,3,25,8,14.1,970.7,69.3,0,0.8,2.3,329,NA,NA,390,90,682,695,397,76,76,14,320,345,94,8.6,32.4,7.22,11.1
1994,3,25,9,16.4,969.9,60.1,0,1.8,3.8,268,NA,NA,549,98,795,631,574,91,90,14,330,361,94,8.6,34.9,7.27,12
1994,3,25,10,19,969,50.1,0,3,6.3,246,NA,NA,659,103,843,459,695,99,99,14,337,371,94,8.4,37.2,7.14,13
1994,3,25,11,20.7,967.8,41.7,0,4,8.3,246,NA,NA,709,120,831,238,748,112,107,14,340,376,94,7.2,37.6,6.61,13.1
1994,3,25,12,21.7,966.5,35.9,0,4.6,10,236,NA,1,702,133,802,116,738,228,110,14,344,381,94,6,37.2,6.05,13
1994,3,25,13,22.1,965.7,34.8,0,5,9.1,231,NA,NA,656,134,786,108,686,445,108,14,344,382,94,5.9,37.5,6.02,13.1
1994,3,25,14,22.3,964.3,34.6,0,4.9,9.4,240,NA,NA,581,118,804,99,602,647,99,14,347,382,94,5.9,37.8,6.07,13.2
1994,3,25,15,22.7,963.4,32.2,0,3.9,7.5,229,NA,NA,470,121,777,92,470,801,92,14,345,380,94,5.3,37.5,5.79,13.1
1994,3,25,16,22.2,962.7,31.9,0,4,7.3,224,NA,NA,276,53,758,56,268,812,57,14,342,372,94,4.7,36.5,5.56,12.7
1994,3,25,17,20.9,962.5,33.3,0,3.4,6.3,276,NA,NA,84,43,336,29,62,415,33,14,362,373,94,4.2,34.6,5.36,12
1994,3,25,18,19.4,962.2,37.3,0,1.9,4.5,271,NA,4,0,0,0,0,0,0,0,14,358,367,94,4.5,33.4,5.48,11.5
1994,3,25,19,18.2,961.8,42.3,0,2.2,3.9,241,NA,NA,0,0,0,0,0,0,0,14,352,358,94,5.2,32.9,5.77,11.3
1994,3,25,20,17.6,961.5,43.8,0,2.1,3.6,243,NA,NA,0,0,0,0,0,0,0,14,371,371,94,5.1,32.3,5.75,11
1994,3,25,21,18,960.9,38.3,0,2.1,4,218,NA,NA,2,0,0,0,0,0,0,14,370,370,94,3.6,31.2,5.16,10.6
1994,3,25,22,16.4,960.7,47.3,0,2,4.7,251,NA,NA,1,0,0,0,0,0,0,14,364,364,94,5.2,31.1,5.76,10.5
1994,3,25,23,16.4,961.3,55.2,0,3.7,12.7,334,NA,NA,0,0,0,0,0,0,0,14,325,346,94,7.4,33.5,6.73,11.5
1994,3,26,0,14.9,961.8,61.7,0,1.9,7,334,NA,NA,0,0,0,0,0,0,0,14,321,340,94,7.6,32.3,6.83,10.9
1994,3,26,1,14.8,961.6,59.4,0,2.2,9.2,276,NA,NA,0,0,0,0,0,0,0,14,320,337,94,7,31.4,6.53,10.6
1994,3,26,2,13.7,961.7,70.5,0,1.6,5.2,188,NA,NA,0,0,0,0,0,0,0,14,344,347,94,8.4,32,7.23,10.8
1994,3,26,3,13.4,961.5,72.9,0,3.1,6.4,213,NA,NA,1,0,0,0,0,0,0,14,342,347,94,8.6,32,7.33,10.8
1994,3,26,4,12.7,962.2,80.4,0.3,3.4,7.5,245,NA,NA,0,0,0,0,0,0,0,14,339,343,94,9.4,32.3,7.72,10.9
1994,3,26,5,12,962.6,79.9,1.4,1.3,5.2,325,NA,NA,0,0,0,0,0,0,0,14,353,353,96,8.6,30.5,7.32,10.1
1994,3,26,6,11.3,963.4,77.9,0,0.9,3.9,59,NA,8,5,5,0,1,2,3,3,14,348,348,96,7.6,28.5,6.8,9.3
1994,3,26,7,10.6,964.5,71.7,0,3.3,9.6,21,NA,NA,11,11,0,3,5,6,6,14,343,343,96,5.7,25.7,5.96,8.1
1994,3,26,8,10.7,965.6,65,0,4.2,8.6,26,NA,NA,77,77,0,36,37,36,37,14,336,343,96,4.4,24.4,5.43,7.6
1994,3,26,9,11,966.3,67.6,0,3.7,6.8,42,NA,NA,186,184,2,102,99,81,83,14,336,346,96,5.2,25.6,5.76,8.1
1994,3,26,10,10.7,966.5,73.9,0,2.2,4.3,85,NA,NA,194,193,2,98,103,86,88,14,340,348,96,6.2,26.3,6.18,8.4
1994,3,26,11,11.4,966.6,66.7,0,2.5,5.9,104,NA,NA,484,327,221,207,428,149,140,14,329,350,94,5.4,26.2,5.84,8.4
1994,3,26,12,11.7,966.3,60.1,0,3,5.7,56,NA,7,496,379,163,165,404,208,153,14,334,354,94,4.2,25.3,5.36,8
1994,3,26,13,12.7,966.1,52.2,0,2.5,7.4,66,NA,NA,531,302,342,138,477,336,138,14,338,357,94,3.2,25.3,4.97,8
1994,3,26,14,12.3,966,50.6,0,4,8.1,64,NA,NA,383,269,196,118,323,343,117,14,310,339,94,2.4,24.2,4.69,7.5
1994,3,26,15,11.8,966.2,49.6,0,4.2,7.6,67,NA,NA,197,171,58,78,135,186,78,14,312,332,94,1.6,23.1,4.45,7
1994,3,26,16,11.8,966.9,47.3,0,4.2,7.9,60,NA,NA,199,113,288,63,167,436,65,14,307,331,94,1,22.5,4.24,6.8
1994,3,26,17,10.7,967.6,45.2,0,4.4,7.1,38,NA,NA,99,59,320,32,65,421,38,14,286,315,94,-0.7,20.2,3.76,5.7
1994,3,26,18,8.1,968.4,52.8,0,2.7,4.9,36,NA,2,1,0,0,0,0,0,0,14,276,299,94,-0.9,17.4,3.68,4.3
1994,3,26,19,6.9,968.9,55.5,0,1.7,4.4,44,NA,NA,0,0,0,0,0,0,0,14,274,293,94,-1.4,15.9,3.56,3.4
1994,3,26,20,6.9,969.2,55,0,2.7,5.7,73,NA,NA,0,0,0,0,0,0,0,14,256,286,94,-1.5,15.8,3.53,3.4
1994,3,26,21,6.3,969.6,60.6,0,2.4,4.4,74,NA,NA,0,0,0,0,0,0,0,14,253,284,94,-0.7,15.7,3.73,3.4
1994,3,26,22,5.7,969.6,62.6,0,2.8,5.5,47,NA,NA,0,0,0,0,0,0,0,14,252,283,94,-0.9,15,3.7,3
1994,3,26,23,4.5,970,68.3,0,1.1,3.7,21,NA,NA,0,0,0,0,0,0,0,14,247,272,94,-0.8,13.8,3.71,2.3
1994,3,27,0,4.9,970,59.6,0,2.5,8.1,54,NA,NA,0,0,0,0,0,0,0,14,249,278,94,-2.3,13.3,3.33,2
1994,3,27,1,5.6,970.1,57.9,0,4.1,7.8,59,NA,NA,0,0,0,0,0,0,0,14,251,283,94,-2,14.1,3.39,2.5
1994,3,27,2,5.3,970.3,60.3,0,3.6,7.1,60,NA,NA,0,0,0,0,0,0,0,14,247,281,94,-1.8,14,3.46,2.4
1994,3,27,3,4.9,970.6,57.4,0,4.6,8.6,47,NA,NA,1,0,0,0,0,0,0,14,246,280,94,-2.8,12.9,3.2,1.9
1994,3,27,4,4.2,970.8,60,0,4.2,7.2,44,NA,NA,0,0,0,0,0,0,0,14,242,276,94,-2.9,12.2,3.19,1.4
1994,3,27,5,3.9,971,61.9,0,3.7,7,52,NA,NA,3,0,0,0,0,0,0,14,246,278,94,-2.7,12,3.22,1.3
1994,3,27,6,4,971.2,63.1,0,3.1,8.4,46,NA,0,76,36,329,404,54,27,31,14,247,280,94,-2.4,12.3,3.3,1.5
1994,3,27,7,5.5,971.3,58.5,0,6.5,12.3,63,NA,NA,244,63,613,692,225,57,59,14,250,288,94,-2,14.1,3.4,2.5
1994,3,27,8,6.1,971.4,56.8,0,6.9,11.2,62,NA,NA,430,77,783,761,427,79,79,14,255,295,94,-1.8,14.8,3.44,2.9
1994,3,27,9,7.1,971.3,55.8,0,5,9.6,74,NA,NA,593,72,899,672,604,88,88,14,257,303,94,-1.1,16.2,3.62,3.6
1994,3,27,10,8.4,971,54.8,0,4.3,7.9,73,NA,NA,704,79,933,477,722,98,97,14,268,313,94,-0.2,18.2,3.89,4.6
1994,3,27,11,9.7,970.7,50.6,0,5.5,9.2,55,NA,NA,748,91,916,237,768,107,104,14,272,317,94,0,19.6,3.93,5.4
1994,3,27,12,10.5,970.2,47.4,0,4.7,8.4,74,NA,0,741,97,896,109,759,230,106,14,275,325,94,-0.2,20.3,3.88,5.7
1994,3,27,13,11.5,969.8,43.6,0,4.2,8.3,57,NA,NA,688,86,895,99,704,460,99,14,276,326,94,-0.4,21.2,3.82,6.2
1994,3,27,14,12,969.4,42.1,0,3.9,6.9,64,NA,NA,584,77,868,89,592,651,89,14,275,327,94,-0.5,21.7,3.81,6.4
1994,3,27,15,12.4,969.1,37.4,0,3.6,6.1,61,NA,NA,439,78,789,80,433,762,80,14,277,324,94,-1.7,21.2,3.47,6.2
1994,3,27,16,12.2,969.1,40.2,0,3.2,7.9,58,NA,NA,255,69,618,57,230,697,58,14,277,319,94,-0.9,21.6,3.69,6.3
1994,3,27,17,11,969.2,46,0,2.4,4.6,47,NA,NA,76,46,228,28,50,307,32,14,268,303,94,-0.2,20.9,3.9,6
1994,3,27,18,9.7,969.5,46.2,0,0.6,2.1,51,NA,1,3,0,0,0,0,0,0,14,264,286,94,-1.3,18.8,3.59,5
1994,3,27,19,7.5,970,56.4,0,0.2,1.9,14,NA,NA,2,0,0,0,0,0,0,14,260,282,94,-0.6,17,3.77,4
1994,3,27,20,6.1,970.3,64.9,0,0.2,0.8,284,NA,NA,0,0,0,0,0,0,0,14,252,277,94,0,16,3.94,3.5
1994,3,27,21,4.8,970.7,68.2,0,0.8,1.6,244,NA,NA,3,0,0,0,0,0,0,14,248,275,94,-0.6,14.3,3.78,2.6
1994,3,27,22,4.6,970.9,66.7,0,0.9,1.7,243,NA,NA,2,0,0,0,0,0,0,14,248,275,94,-1.1,13.8,3.64,2.3
1994,3,27,23,4.2,971.1,67.8,0,0.6,1.3,245,NA,NA,1,0,0,0,0,0,0,14,264,282,94,-1.2,13.2,3.6,2
1994,3,28,0,3.5,971,71.3,0,0.3,1.5,239,NA,NA,3,0,0,0,0,0,0,14,263,280,94,-1.2,12.5,3.61,1.6
1994,3,28,1,3.1,971,73.8,0,0.3,1.1,266,NA,NA,2,0,0,0,0,0,0,14,259,277,94,-1.1,12.2,3.63,1.4
1994,3,28,2,2.9,971.2,74.2,0,0.7,1.5,250,NA,NA,3,0,0,0,0,0,0,14,244,270,94,-1.2,11.9,3.59,1.3
1994,3,28,3,2.9,971.2,77,0,0.4,1.1,284,NA,NA,0,0,0,0,0,0,0,14,245,273,94,-0.7,12.2,3.73,1.4
1994,3,28,4,3.8,971.1,76,0,0.6,1.4,239,NA,NA,2,0,0,0,0,0,0,14,249,279,94,0,13.6,3.93,2.2
1994,3,28,5,4.6,971.5,73.9,0,0.9,2.6,257,NA,NA,4,0,0,0,0,0,0,14,319,319,94,0.4,14.7,4.04,2.8
1994,3,28,6,4.9,971.9,74.8,0,0.9,2.6,305,NA,7,49,46,19,63,26,21,23,14,318,318,94,0.8,15.4,4.17,3.1
1994,3,28,7,6.9,972.1,65.5,0,0.6,1.9,284,NA,NA,145,128,57,178,89,56,58,14,329,330,94,0.9,17.5,4.2,4.3
1994,3,28,8,8.4,972.5,59.3,0,0.9,2.1,302,NA,NA,172,167,11,124,99,73,75,14,334,337,94,0.9,19,4.21,5
1994,3,28,9,9.9,972.5,58.4,0,1.5,3.3,272,NA,NA,306,261,76,239,223,110,112,14,344,349,94,2.1,21.5,4.59,6.3
1994,3,28,10,14,972.1,42.3,0,4,9,246,NA,NA,488,394,140,296,388,149,151,14,361,368,94,1.4,25.1,4.35,8
1994,3,28,11,15,971.8,36.3,0,6.8,10.9,239,NA,NA,514,410,144,221,413,169,159,14,363,369,94,0.2,25.2,3.99,8
1994,3,28,12,15.6,971.6,34.5,0,7.1,11.1,251,NA,7,556,378,246,166,485,227,153,14,370,374,94,0,25.6,3.94,8.2
1994,3,28,13,15.9,971.4,33.5,0,5.9,9.3,244,NA,NA,384,312,105,133,293,227,132,14,369,371,94,-0.1,25.8,3.9,8.3
1994,3,28,14,16.6,971.2,32.1,0,5.5,9.2,240,NA,NA,481,215,453,114,444,486,114,14,341,363,94,-0.1,26.6,3.91,8.6
1994,3,28,15,16.7,971.5,31.4,0,4.7,9,229,NA,NA,269,219,108,94,191,283,94,14,341,357,94,-0.3,26.5,3.84,8.6
1994,3,28,16,16.6,971.8,34.8,0,3.6,7.2,225,NA,NA,161,135,83,61,108,231,63,14,341,356,94,1,27.4,4.23,9
1994,3,28,17,16.4,972,37.9,0,2.8,5.7,215,NA,NA,47,46,7,21,23,39,22,14,371,371,94,2,28,4.55,9.3
1994,3,28,18,14.6,972.5,47.3,0,2,4.5,243,NA,7,3,0,0,0,0,0,0,14,359,359,94,3.5,27.5,5.07,9
1994,3,28,19,14.1,973.3,50.4,0,1.4,3.4,280,NA,NA,0,0,0,0,0,0,0,14,362,362,94,4,27.4,5.22,9
1994,3,28,20,13.2,973.5,52.8,0,0.6,2.2,239,NA,NA,1,0,0,0,0,0,0,14,352,352,94,3.8,26.3,5.16,8.5
1994,3,28,21,12.5,974.2,54.6,0,1.6,4.7,320,NA,NA,0,0,0,0,0,0,0,14,356,356,94,3.6,25.4,5.09,8.1
1994,3,28,22,12,974.4,57.8,0,1.1,2.7,154,NA,NA,0,0,0,0,0,0,0,14,344,344,94,4,25.2,5.22,8
1994,3,28,23,10.4,974.6,64.3,0,0.9,2.2,245,NA,NA,0,0,0,0,0,0,0,14,299,314,94,4,23.6,5.22,7.3
1994,3,29,0,10.5,974.5,66,0,1.1,2.7,262,NA,NA,1,0,0,0,0,0,0,14,298,315,94,4.4,24.1,5.39,7.5
1994,3,29,1,10.1,974.5,69.4,0,1,3.1,255,NA,NA,1,0,0,0,0,0,0,14,301,315,94,4.8,24.1,5.52,7.5
1994,3,29,2,12.4,974.6,60.1,0,2.1,4.4,229,NA,NA,1,0,0,0,0,0,0,14,317,328,94,4.9,26.5,5.57,8.6
1994,3,29,3,12.4,974.7,61.4,0,2.6,5.3,224,NA,NA,0,0,0,0,0,0,0,14,314,330,94,5.2,26.8,5.69,8.7
1994,3,29,4,11.2,975,69.3,0,0.8,2.8,284,NA,NA,2,0,0,0,0,0,0,14,310,324,94,5.8,26.2,5.93,8.4
1994,3,29,5,11.2,975.3,69.5,0,0.5,1.6,221,NA,NA,1,0,0,0,0,0,0,14,301,317,94,5.8,26.3,5.95,8.4
1994,3,29,6,11.3,975.7,70.3,0,0.7,2.3,104,NA,7,52,45,52,120,33,24,28,14,308,325,94,6.1,26.6,6.06,8.6
1994,3,29,7,13.1,975.9,63,0,0.9,2.5,187,NA,NA,212,106,344,485,172,62,65,14,317,339,94,6.2,28.6,6.11,9.5
1994,3,29,8,14.3,976.1,57.1,0,1.1,3.2,149,NA,NA,382,150,500,607,349,90,91,14,310,343,94,5.9,29.5,5.98,9.9
1994,3,29,9,15.1,976.2,54.2,0,0.6,3.3,311,NA,NA,485,241,414,483,436,119,120,14,312,350,94,5.9,30.3,5.98,10.2
1994,3,29,10,16.5,976.1,49.2,0,1.5,4.7,276,NA,NA,386,309,112,231,293,130,132,14,318,354,94,5.8,31.6,5.94,10.8
1994,3,29,11,17.4,975.7,45.7,0,2.2,5.7,257,NA,NA,688,276,567,253,653,153,143,14,352,379,94,5.6,32.3,5.84,11.1
1994,3,29,12,17.8,975.4,44.6,0,1.9,4.1,280,NA,7,638,268,508,148,604,236,138,14,356,382,94,5.6,32.7,5.85,11.3
1994,3,29,13,18.3,974.8,44.6,0,0.8,4.6,14,NA,NA,584,255,483,132,545,383,131,14,354,382,94,6,33.7,6.04,11.6
1994,3,29,14,19.1,974.7,40.7,0,1.3,5.4,262,NA,NA,580,151,723,105,561,626,105,14,340,379,94,5.4,33.9,5.79,11.7
1994,3,29,15,18.9,974.5,41,0,1.9,5,253,NA,NA,419,95,698,80,396,708,80,14,341,372,94,5.4,33.6,5.76,11.6
1994,3,29,16,19.1,974.6,39.5,0,1.9,5.2,239,NA,NA,245,79,535,60,208,633,62,14,336,364,94,5,33.5,5.62,11.6
1994,3,29,17,17.3,974.8,46.9,0,1.6,4.4,188,NA,NA,79,46,237,30,51,322,35,14,318,340,94,5.9,32.5,5.96,11.2
1994,3,29,18,14.9,975.1,55.6,0,1,2.7,83,NA,2,2,0,0,0,0,0,0,14,309,324,94,6.1,30.3,6.06,10.2
1994,3,29,19,13.8,975.4,56.7,0,0.8,2.1,81,NA,NA,0,0,0,0,0,0,0,14,305,317,94,5.4,28.4,5.75,9.5
1994,3,29,20,12.1,975.6,66.3,0,1,2.2,43,NA,NA,0,0,0,0,0,0,0,14,289,309,94,6,27.4,6.02,8.9
1994,3,29,21,11.6,975.7,70.2,0,1,2.5,20,NA,NA,0,0,0,0,0,0,0,14,288,306,94,6.4,27.2,6.17,8.9
1994,3,29,22,10.7,975.7,76,0,0.9,1.6,50,NA,NA,0,0,0,0,0,0,0,14,284,302,94,6.6,26.6,6.29,8.6
1994,3,29,23,9.1,975.6,82.6,0,0.2,0.9,257,NA,NA,0,0,0,0,0,0,0,14,277,298,94,6.3,24.6,6.14,7.7
1994,3,30,0,8.2,975.5,85,0,0.5,1.1,247,NA,NA,0,0,0,0,0,0,0,14,275,295,94,5.8,23.2,5.95,7
1994,3,30,1,7.5,975.3,86.5,0,0.6,1.2,253,NA,NA,0,0,0,0,0,0,0,14,271,293,94,5.4,22,5.77,6.5
1994,3,30,2,7.1,974.9,87.9,0,0.1,1.1,239,NA,NA,0,0,0,0,0,0,0,14,270,289,94,5.2,21.5,5.71,6.2
1994,3,30,3,6.6,974.6,88.4,0,0.1,0.7,284,NA,NA,0,0,0,0,0,0,0,14,264,288,94,4.8,20.6,5.55,5.7
1994,3,30,4,6.2,974.3,89.6,0,0.1,0.9,194,NA,NA,0,0,0,0,0,0,0,14,263,285,94,4.6,20,5.47,5.4
1994,3,30,5,5.8,974,90.9,0,0.2,0.9,329,NA,NA,5,0,0,0,0,0,0,14,264,286,94,4.4,19.4,5.4,5.1
1994,3,30,6,7,974.1,87.6,0,0.3,1.1,77,NA,2,75,48,190,274,46,28,34,14,275,298,94,5.1,21.2,5.65,6.1
1994,3,30,7,9.3,974,83.4,0,0.6,1.5,59,NA,NA,228,96,425,549,185,60,63,14,286,315,94,6.6,25.2,6.3,7.9
1994,3,30,8,11.6,973.4,72.4,0,1.3,2.9,109,NA,NA,403,129,587,656,369,86,86,14,305,334,94,6.8,27.7,6.38,9.1
1994,3,30,9,13.3,972.8,66.7,0,1.3,4.2,86,NA,NA,560,126,729,609,541,100,100,14,313,349,94,7.2,30,6.58,10
1994,3,30,10,14.9,972,62.1,0,1.2,5,119,NA,NA,669,130,786,447,659,108,108,14,320,358,94,7.7,32.2,6.8,11
1994,3,30,11,16.3,971,57.9,0,1.9,4.4,122,NA,NA,719,149,780,237,712,121,115,14,316,364,94,8,34,6.95,11.7
1994,3,30,12,17.8,969.8,53.7,0,1.8,5,120,NA,0,709,166,742,124,702,238,117,14,320,370,94,8.3,35.9,7.1,12.5
1994,3,30,13,18.9,968.8,50.6,0,2.1,4.2,104,NA,NA,648,175,690,116,632,434,116,14,328,375,94,8.4,37.2,7.17,12.9
1994,3,30,14,19.3,967.9,49,0,2.4,4.8,119,NA,NA,535,170,613,107,507,569,107,14,332,376,94,8.3,37.5,7.13,13.1
1994,3,30,15,20.5,967.2,42.5,0,3.2,9.2,228,NA,NA,376,170,439,95,333,573,95,14,330,368,94,7.3,37.5,6.66,13.1
1994,3,30,16,19.8,967.1,42,0,6.7,9.8,269,NA,NA,180,125,176,63,131,327,65,14,322,356,94,6.5,35.9,6.3,12.5
1994,3,30,17,18.1,967.2,49.2,0,7.2,10.3,261,NA,NA,42,42,0,19,20,23,20,14,326,350,94,7.3,35,6.64,12.1
1994,3,30,18,16.4,967.4,56.5,0,4.8,7.3,257,NA,5,3,0,0,0,0,0,0,14,320,342,94,7.7,33.8,6.85,11.6
1994,3,30,19,15.6,967.7,59.6,0,3.8,6.4,252,NA,NA,0,0,0,0,0,0,0,14,319,340,94,7.8,33,6.86,11.3
1994,3,30,20,15.2,967.4,60.4,0,4.8,7.3,263,NA,NA,0,0,0,0,0,0,0,14,323,342,94,7.6,32.4,6.78,11.1
1994,3,30,21,14.5,967.3,63.5,0,5,8.1,264,NA,NA,1,0,0,0,0,0,0,14,322,341,94,7.7,31.8,6.81,10.8
1994,3,30,22,14.6,966.9,61.1,0,6,10.4,248,NA,NA,0,0,0,0,0,0,0,14,319,339,94,7.2,31.4,6.6,10.6
1994,3,30,23,13.9,967.3,62.8,0,4.8,7.2,253,NA,NA,1,0,0,0,0,0,0,14,362,362,94,6.9,30.3,6.48,10.2
1994,3,31,0,13.7,967.1,60.9,0,4,8.3,233,NA,NA,0,0,0,0,0,0,0,14,359,359,94,6.3,29.4,6.2,9.8
1994,3,31,1,13,966.4,63.1,0,6.5,10.1,245,NA,NA,0,0,0,0,0,0,0,14,355,355,94,6.2,28.6,6.14,9.4
1994,3,31,2,12.6,966.2,63.2,0,6,9.7,245,NA,NA,1,0,0,0,0,0,0,14,353,353,94,5.8,27.8,5.99,9.1
1994,3,31,3,11.9,966.1,64.5,0,3.9,7,262,NA,NA,0,0,0,0,0,0,0,14,350,350,94,5.4,26.7,5.84,8.6
1994,3,31,4,11.3,965.8,65.6,0,1.8,4.5,260,NA,NA,0,0,0,0,0,0,0,14,349,349,94,5.1,25.7,5.71,8.2
1994,3,31,5,11.5,965.6,63.5,0,0.8,4.7,194,NA,NA,4,0,0,0,0,0,0,14,359,359,94,4.8,25.7,5.6,8.1
1994,3,31,6,12.4,965.9,57.3,0,3.8,7.2,241,NA,8,40,40,0,22,19,18,19,14,364,364,94,4.2,26,5.36,8.3
1994,3,31,7,13,966.1,54.3,0,4,8.5,237,NA,NA,50,50,0,21,23,24,24,14,366,366,94,4,26.4,5.28,8.5
1994,3,31,8,12.9,967.3,60.1,0,5.5,10.2,255,NA,NA,56,56,0,25,26,27,28,14,336,343,94,5.4,27.6,5.8,9
1994,3,31,9,12,967.6,71.1,0,6.3,11.2,247,NA,NA,85,85,0,41,41,40,41,14,336,341,94,6.9,28.4,6.47,9.3
1994,3,31,10,12.3,967.8,66,0,8.3,14.1,242,NA,NA,119,119,0,59,59,56,57,14,338,345,94,6.1,27.8,6.12,9.1
1994,3,31,11,14.2,966.7,62,0,6.4,11.5,258,NA,NA,632,316,430,241,575,157,146,14,330,355,94,7,30.8,6.52,10.3
1994,3,31,12,15.2,966.5,57.4,0,6.5,10.4,252,NA,5,492,365,173,162,386,206,152,14,334,357,94,6.8,31.6,6.44,10.7
1994,3,31,13,16.1,965.7,53.3,0,5.8,9.4,249,NA,NA,339,325,20,134,220,185,133,14,335,357,94,6.6,32.2,6.34,11
1994,3,31,14,17.3,964.9,47.5,0,6.3,11.7,245,NA,NA,415,277,229,123,336,371,122,14,354,371,94,6,32.9,6.1,11.2
1994,3,31,15,17.7,964.4,43.9,0,6.1,12.7,232,NA,NA,359,208,318,101,292,493,101,14,352,368,94,5.3,32.5,5.78,11.1
1994,3,31,16,16.9,964.2,47.5,0,5.1,9.1,232,NA,NA,119,116,12,52,63,94,53,14,354,364,94,5.7,32.1,5.96,10.9
1994,3,31,17,16.2,963.9,50.5,0,4.1,7.2,255,NA,NA,31,31,0,15,15,14,15,14,356,361,94,5.9,31.6,6.04,10.7
1994,3,31,18,15.4,963.6,53.7,0,2.5,4.8,260,NA,7,2,0,0,0,0,0,0,14,354,358,94,6,31,6.1,10.4
1994,3,31,19,14.9,963.3,55.9,0,2.4,4.8,259,NA,NA,0,0,0,0,0,0,0,14,354,356,94,6.1,30.5,6.14,10.2
1994,3,31,20,14.2,963.5,58.3,0,3.4,5.2,251,NA,NA,0,0,0,0,0,0,0,14,345,349,94,6,29.8,6.11,9.9
1994,3,31,21,13.2,964.3,61.9,0,4.7,7.8,242,NA,NA,0,0,0,0,0,0,0,14,336,341,94,5.9,28.6,6.06,9.4
1994,3,31,22,12.3,965.2,65.2,0,5.5,8.4,239,NA,NA,0,0,0,0,0,0,0,14,324,332,94,5.7,27.4,5.97,8.8
1994,3,31,23,11,966.7,69.6,0,5.6,9.5,243,NA,NA,0,0,0,0,0,0,0,14,310,321,94,5.4,25.7,5.83,8.1
2003,4,1,0,9.7,968.3,73.8,0,0.6,1.5,248,NA,NA,0,0,0,0,0,0,0,14,296,310,94,5,24,5.66,7.3
2003,4,1,1,8.4,970,78,0,0.6,1.7,248,NA,NA,1,0,0,0,0,0,0,14,283,300,94,4.5,22.2,5.48,6.4
2003,4,1,2,7.3,971.2,81.3,0,0.5,1.4,243,NA,NA,0,0,0,0,0,0,0,14,272,292,94,4.2,20.7,5.32,5.8
2003,4,1,3,6.5,972.4,83.8,0,0.3,3,252,NA,NA,0,0,0,0,0,0,0,14,266,287,94,3.9,19.5,5.2,5.2
2003,4,1,4,5.7,973.1,85.6,0,0.3,1,270,NA,NA,1,0,0,0,0,0,0,14,262,284,94,3.5,18.4,5.06,4.7
2003,4,1,5,6.2,973.2,83.6,0,0.4,1.3,270,NA,NA,5,0,0,0,0,0,0,14,264,290,94,3.6,19,5.1,5
2003,4,1,6,6.6,973.3,82,0,0.7,2,262,NA,0,74,63,76,168,43,31,37,14,267,295,94,3.7,19.5,5.13,5.2
2003,4,1,7,8.4,973.3,76.1,0,1.2,2.1,265,NA,NA,214,115,309,462,164,65,69,14,275,309,94,4.3,21.9,5.37,6.4
2003,4,1,8,10.7,973.3,68,0,1.3,2.8,256,NA,NA,378,171,434,569,327,95,96,14,286,327,94,5,25,5.64,7.8
2003,4,1,9,12.3,973.3,62.3,0,1,3.8,256,NA,NA,520,202,526,536,476,114,114,14,293,338,94,5.3,26.9,5.74,8.7
2003,4,1,10,14.7,972.7,56.8,0,1.6,4.5,247,NA,NA,651,192,662,430,620,121,120,14,306,350,94,6.2,30.3,6.13,10.2
2003,4,1,11,17.1,971.8,45,0,2.6,6,227,NA,NA,716,200,698,243,690,135,126,14,322,363,94,5.1,31.5,5.66,10.8
2003,4,1,12,18.4,970.8,40.4,0,2.8,7.3,224,NA,1,731,147,790,121,709,240,115,14,326,367,94,4.7,32.5,5.52,11.2
2003,4,1,13,19.2,970,37.9,0,4.1,8.8,225,NA,NA,683,123,807,107,658,454,107,14,329,369,94,4.5,33.1,5.45,11.4
2003,4,1,14,19.6,969.5,35.5,0,5.4,10.9,231,NA,NA,579,125,753,101,544,625,101,14,328,366,94,3.9,33,5.24,11.3
2003,4,1,15,19.7,969,23.7,0,6.5,10.7,254,NA,NA,423,154,564,95,368,662,95,14,315,357,94,-1.6,28.7,3.51,9.5
2003,4,1,16,18.5,968.6,23.9,0,5.8,9.8,263,NA,NA,215,133,258,67,153,414,70,14,307,345,94,-2.5,26.9,3.28,8.7
2003,4,1,17,16.9,968.9,27.8,0,4.6,7.2,261,NA,NA,70,60,69,30,40,155,36,14,305,338,94,-1.8,25.7,3.45,8.3
2003,4,1,18,15.7,968.5,34.5,0,3.5,6.2,256,NA,6,2,0,0,0,0,0,0,14,304,332,94,0.1,25.8,3.97,8.3
2003,4,1,19,15.4,967.9,35,0,3.1,5.8,220,NA,NA,0,0,0,0,0,0,0,14,301,329,94,0,25.5,3.96,8.1
2003,4,1,20,13.4,967.8,41.2,0,3.9,5.2,249,NA,NA,0,0,0,0,0,0,0,14,338,343,94,0.5,23.8,4.1,7.4
2003,4,1,21,14.8,967,36.8,0,3.3,5.9,227,NA,NA,0,0,0,0,0,0,0,14,341,349,94,0.2,25,4.01,7.9
2003,4,1,22,14.4,965.6,42.2,0,3.4,7.1,244,NA,NA,1,0,0,0,0,0,0,14,340,347,94,1.7,25.8,4.49,8.3
2003,4,1,23,14.9,964.9,39.1,0,6.2,10.5,255,NA,NA,0,0,0,0,0,0,0,14,374,374,94,1.1,25.8,4.3,8.3
2003,4,2,0,14.4,964.4,42.4,0,7.8,17.5,258,NA,NA,0,0,0,0,0,0,0,14,366,366,94,1.8,25.9,4.52,8.3
2003,4,2,1,10.4,964,74.6,0.9,8.4,17.3,253,NA,NA,1,0,0,0,0,0,0,14,351,351,94,6.1,25.9,6.13,8.2
2003,4,2,2,9.6,963,80.8,2.3,4.8,11,222,NA,NA,0,0,0,0,0,0,0,14,347,347,94,6.5,25.5,6.3,8
2003,4,2,3,8.9,962,85.8,3.7,5.2,10.7,227,NA,NA,1,0,0,0,0,0,0,14,345,345,94,6.7,25,6.39,7.8
2003,4,2,4,8.8,961.4,86.5,3.3,4.5,9,226,NA,NA,2,0,0,0,0,0,0,14,344,344,94,6.7,24.9,6.4,7.7
2003,4,2,5,8.5,960.8,86.3,1.3,4.1,7.7,226,NA,NA,2,0,0,0,0,0,0,14,308,322,96,6.3,24.3,6.26,7.4
2003,4,2,6,7.9,961,83.8,0.7,4.1,7.7,242,NA,8,23,23,0,8,11,11,11,14,305,319,96,5.3,22.6,5.83,6.6
2003,4,2,7,7.5,961.2,76.3,0.5,3.4,9,299,NA,NA,105,105,0,63,52,47,48,14,303,318,96,3.6,20.5,5.16,5.7
2003,4,2,8,7.7,961.4,71,0,3.3,7,291,NA,NA,171,168,7,106,90,74,75,14,293,316,96,2.8,20,4.86,5.4
2003,4,2,9,6.4,961.3,76.2,0.4,3.3,10.5,295,NA,NA,118,118,0,59,58,55,56,14,284,309,96,2.5,18.4,4.77,4.6
2003,4,2,10,5.8,960.7,66.2,0,5,13.4,3,NA,NA,183,181,2,92,96,82,84,14,280,304,96,0,15.8,3.98,3.3
2003,4,2,11,6.9,960.4,57.5,0,3.8,10.4,43,NA,NA,590,330,349,228,504,159,149,14,299,323,94,-0.9,16.3,3.73,3.6
2003,4,2,12,7.6,960.5,52.7,0,3.3,9.7,31,NA,4,483,419,86,174,345,207,163,14,297,323,94,-1.4,16.6,3.58,3.8
2003,4,2,13,6.8,960.5,56.3,0,4.8,10.9,46,NA,NA,380,349,45,142,254,210,141,14,292,316,94,-1.3,15.9,3.62,3.4
2003,4,2,14,5.7,960.3,64.7,0,2.6,6.5,349,NA,NA,173,168,8,78,91,92,77,14,310,319,94,-0.4,15.4,3.86,3.1
2003,4,2,15,5.7,960.4,69,0,4.3,9.1,79,NA,NA,380,231,310,107,297,507,107,14,310,322,94,0.5,16.1,4.12,3.5
2003,4,2,16,5.7,960.5,66,0,3.4,6.8,69,NA,NA,117,116,3,52,58,76,52,14,307,315,94,-0.1,15.6,3.94,3.2
2003,4,2,17,5.8,959.8,63.7,0,2.7,4.9,65,NA,NA,66,58,59,28,35,125,32,14,308,315,94,-0.5,15.4,3.83,3.1
2003,4,2,18,5.5,960.2,62.2,0,3.5,5.8,58,NA,6,5,0,0,0,0,0,0,14,308,310,94,-1.1,14.7,3.66,2.8
2003,4,2,19,5.4,960.5,66,0,4.2,7.4,63,NA,NA,1,0,0,0,0,0,0,14,307,310,94,-0.4,15.1,3.86,3
2003,4,2,20,5.4,960,64,0,5.4,9.6,56,NA,NA,0,0,0,0,0,0,0,14,307,312,94,-0.9,14.8,3.74,2.8
2003,4,2,21,5.6,960,62.9,0,5.1,9.5,65,NA,NA,0,0,0,0,0,0,0,14,309,312,94,-0.9,15,3.73,2.9
2003,4,2,22,5.6,960.4,64.6,0,5.5,11.8,60,NA,NA,0,0,0,0,0,0,0,14,308,313,94,-0.5,15.2,3.83,3
2003,4,2,23,5.4,960,64.7,0,5.6,9.6,51,NA,NA,1,0,0,0,0,0,0,14,315,316,94,-0.7,14.9,3.78,2.9
2003,4,3,0,5.3,959.8,60.8,0,5.9,10.8,52,NA,NA,0,0,0,0,0,0,0,14,317,317,94,-1.6,14.2,3.53,2.5
2003,4,3,1,5.3,959.6,64.4,0,6.1,10.7,58,NA,NA,1,0,0,0,0,0,0,14,315,316,94,-0.9,14.7,3.74,2.7
2003,4,3,2,5,959.9,67.8,0,6.5,12,60,NA,NA,0,0,0,0,0,0,0,14,315,315,94,-0.4,14.7,3.85,2.7
2003,4,3,3,5.1,959.9,64.8,0,5.3,9.2,64,NA,NA,0,0,0,0,0,0,0,14,315,315,94,-1,14.4,3.71,2.6
2003,4,3,4,5.1,960.8,59.5,0,5.1,9.4,64,NA,NA,3,0,0,0,0,0,0,14,314,314,94,-2.1,13.6,3.4,2.2
2003,4,3,5,5,961.5,61.8,0,6.8,13.6,66,NA,NA,5,0,0,0,0,0,0,14,305,309,94,-1.7,13.8,3.51,2.3
2003,4,3,6,5,962.4,59.9,0,7.6,13.6,55,NA,6,40,40,0,20,19,19,19,14,305,311,94,-2.1,13.5,3.39,2.2
2003,4,3,7,5.6,963,59.3,0,7.3,13.7,66,NA,NA,208,148,182,362,142,70,74,14,307,316,94,-1.7,14.4,3.5,2.6
2003,4,3,8,5.9,963.8,58.9,0,8.1,14.7,71,NA,NA,301,223,160,353,221,97,99,14,311,321,94,-1.5,14.8,3.55,2.9
2003,4,3,9,7.1,964,52.4,0,9.5,16.7,64,NA,NA,634,216,679,643,563,125,126,14,315,329,94,-2,15.7,3.43,3.4
2003,4,3,10,8,964.6,48.1,0,10.4,18.8,62,NA,NA,783,214,808,503,724,136,135,14,320,335,94,-2.3,16.4,3.34,3.7
2003,4,3,11,8.2,965.8,45,0,10.1,17.3,60,NA,NA,684,241,591,239,636,142,132,14,307,328,94,-3,16.2,3.17,3.6
2003,4,3,12,7.6,965.8,48.8,0,8.9,15.4,63,NA,7,342,319,31,141,219,156,136,14,306,322,94,-2.5,15.9,3.3,3.5
2003,4,3,13,7.6,966.3,47.1,0,8.7,14.3,63,NA,NA,299,296,4,127,168,151,127,14,306,321,94,-3,15.6,3.18,3.3
2003,4,3,14,8.1,966.5,46.2,0,8.1,14.5,68,NA,NA,425,345,130,136,308,343,135,14,307,326,94,-2.8,16.2,3.23,3.6
2003,4,3,15,8,967.1,46.9,0,8.4,16.5,65,NA,NA,281,246,71,101,186,282,101,14,309,325,94,-2.6,16.2,3.25,3.6
2003,4,3,16,7.7,967.7,47.9,0,8.9,15.3,60,NA,NA,158,140,54,62,92,183,64,14,304,318,94,-2.6,15.9,3.25,3.5
2003,4,3,17,7.1,968.5,48,0,8.5,14.9,56,NA,NA,69,62,45,30,36,119,34,14,291,310,94,-3.2,15,3.12,3
2003,4,3,18,6.5,969.5,47.7,0,7.4,14.8,53,NA,4,7,0,0,0,0,0,0,14,288,306,94,-3.8,14,2.97,2.5
2003,4,3,19,6,969.9,47.6,0,7,12.3,49,NA,NA,0,0,0,0,0,0,0,14,288,304,94,-4.3,13.2,2.87,2
2003,4,3,20,5.9,970.6,48.8,0,8.5,15.3,61,NA,NA,1,0,0,0,0,0,0,14,307,313,94,-4,13.2,2.92,2.1
2003,4,3,21,5.5,971.3,51.3,0,9.1,15,59,NA,NA,1,0,0,0,0,0,0,14,305,311,94,-3.7,13,2.98,1.9
2003,4,3,22,4.9,971.3,55.5,0,8.9,14.9,54,NA,NA,0,0,0,0,0,0,0,14,302,307,94,-3.3,12.7,3.09,1.7
2003,4,3,23,4.4,971.4,56.1,0,8.4,13.7,50,NA,NA,0,0,0,0,0,0,0,14,253,283,94,-3.6,12,3.02,1.3
2003,4,4,0,4.4,971.5,56.3,0,9.9,16,54,NA,NA,1,0,0,0,0,0,0,14,252,283,94,-3.5,12,3.03,1.4
2003,4,4,1,3.9,971.2,58.5,0,10.3,16.5,49,NA,NA,0,0,0,0,0,0,0,14,251,281,94,-3.5,11.5,3.04,1.1
2003,4,4,2,3.8,971.3,57.4,0,9.4,15,48,NA,NA,0,0,0,0,0,0,0,14,240,276,94,-3.8,11.2,2.96,0.9
2003,4,4,3,3.6,971.2,58.5,0,9.4,15.7,54,NA,NA,0,0,0,0,0,0,0,14,240,275,94,-3.8,11.1,2.98,0.8
2003,4,4,4,3.2,971.3,60.7,0,9.7,14.5,47,NA,NA,1,0,0,0,0,0,0,14,239,274,94,-3.7,10.7,3,0.6
2003,4,4,5,3.2,971.9,62.9,0,9.7,15.7,50,NA,NA,7,0,0,0,0,0,0,14,250,279,94,-3.2,11,3.11,0.8
2003,4,4,6,3.7,972,63.2,0,10.7,17,51,NA,1,111,51,364,457,54,35,41,14,253,286,94,-2.6,11.8,3.24,1.3
2003,4,4,7,4.8,972,59.7,0,11.8,19.8,58,NA,NA,293,66,672,747,222,63,65,14,259,293,94,-2.4,13.1,3.3,1.9
2003,4,4,8,5.6,972.2,55.1,0,12.4,21.8,59,NA,NA,466,90,763,750,400,82,82,14,260,298,94,-2.7,13.7,3.22,2.3
2003,4,4,9,6.5,972.8,52.5,0,11.1,19.1,59,NA,NA,628,116,826,657,568,102,102,14,265,304,94,-2.5,14.7,3.27,2.9
2003,4,4,10,7.4,972.4,47.8,0,12.5,21.1,59,NA,NA,745,81,938,471,691,101,100,14,265,306,94,-2.9,15.4,3.16,3.2
2003,4,4,11,8.2,972.5,46.7,0,11.7,19.7,58,NA,NA,803,88,948,232,750,109,106,14,270,311,94,-2.5,16.4,3.26,3.8
2003,4,4,12,8.9,972.4,43.7,0,12,19.6,58,NA,1,804,86,953,107,751,245,105,14,272,312,94,-2.8,17,3.2,4.1
2003,4,4,13,9.6,972.3,42.3,0,11.2,18.7,59,NA,NA,737,83,927,100,682,479,100,14,275,316,94,-2.6,17.8,3.25,4.5
2003,4,4,14,9.8,972.3,42.2,0,11.2,19,59,NA,NA,635,73,914,90,573,682,91,14,275,316,94,-2.4,18.1,3.29,4.7
2003,4,4,15,9.8,972.1,40.3,0,10.8,18.5,60,NA,NA,479,85,808,85,408,787,85,14,273,314,94,-3,17.7,3.14,4.5
2003,4,4,16,9.4,972.4,41.8,0,9.9,16.7,61,NA,NA,293,62,696,61,218,766,63,14,273,310,94,-2.9,17.4,3.17,4.3
2003,4,4,17,8.7,972.6,41.8,0,9.8,16.8,55,NA,NA,116,43,456,35,51,542,41,14,267,303,94,-3.5,16.3,3.02,3.8
2003,4,4,18,7.7,973.1,45.3,0,8.7,15.3,55,NA,1,7,0,0,0,0,0,0,14,263,295,94,-3.4,15.4,3.06,3.2
2003,4,4,19,7.3,973,42.8,0,8.4,15,50,NA,NA,0,0,0,0,0,0,0,14,261,293,94,-4.5,14.4,2.81,2.7
2003,4,4,20,6.7,973,46.1,0,8.4,13.8,45,NA,NA,0,0,0,0,0,0,0,14,249,286,94,-4.1,14,2.9,2.5
2003,4,4,21,6.4,973.3,45.6,0,7.1,14.2,47,NA,NA,0,0,0,0,0,0,0,14,248,285,94,-4.5,13.5,2.81,2.2
2003,4,4,22,6.3,972.6,46.6,0,8.4,14.3,52,NA,NA,0,0,0,0,0,0,0,14,248,285,94,-4.3,13.5,2.86,2.2
2003,4,4,23,6,972.8,51,0,8.7,16.4,59,NA,NA,0,0,0,0,0,0,0,14,249,284,94,-3.4,13.7,3.06,2.3
2003,4,5,0,5.8,972.6,53.1,0,7.5,13.9,61,NA,NA,1,0,0,0,0,0,0,14,249,284,94,-3,13.7,3.15,2.3
2003,4,5,1,5.5,972.2,55.7,0,8.2,15,58,NA,NA,0,0,0,0,0,0,0,14,248,283,94,-2.6,13.6,3.23,2.3
2003,4,5,2,5,972.1,57.2,0,6.8,13,50,NA,NA,0,0,0,0,0,0,0,14,246,281,94,-2.8,13.1,3.21,1.9
2003,4,5,3,4.8,972.3,58.7,0,6.5,11.7,52,NA,NA,0,0,0,0,0,0,0,14,247,280,94,-2.6,13,3.25,1.9
2003,4,5,4,4.6,972.3,65.1,0,3.8,8.7,62,NA,NA,0,0,0,0,0,0,0,14,248,279,94,-1.4,13.5,3.55,2.2
2003,4,5,5,4.7,972.8,64.5,0,2.9,7.3,67,NA,NA,10,0,0,0,0,0,0,14,258,283,94,-1.4,13.6,3.54,2.2
2003,4,5,6,5.8,972.8,55,0,4.9,9.9,67,NA,1,111,54,330,429,54,36,43,14,263,294,94,-2.5,14,3.26,2.5
2003,4,5,7,6.4,973.2,57.3,0,5.2,11.3,69,NA,NA,289,88,585,691,211,67,70,14,265,302,94,-1.4,15.3,3.54,3.2
2003,4,5,8,7.6,973.5,49.9,0,6.9,12.6,68,NA,NA,477,88,780,762,402,82,82,14,259,304,94,-2.2,16,3.34,3.6
2003,4,5,9,9,973,43.7,0,6.7,12.6,69,NA,NA,621,86,857,645,555,95,95,14,265,311,94,-2.7,17.1,3.22,4.1
2003,4,5,10,10.1,972.5,41.8,0,7.1,11.9,64,NA,NA,735,91,904,461,672,104,103,14,270,317,94,-2.3,18.5,3.32,4.8
2003,4,5,11,11.3,972.4,38.1,0,6,10.7,63,NA,NA,795,97,920,230,732,112,108,14,276,324,94,-2.5,19.6,3.28,5.4
2003,4,5,12,12.7,972.1,36.4,0,5.5,9.5,59,NA,1,798,94,929,110,735,245,107,14,281,330,94,-1.8,21.4,3.44,6.3
2003,4,5,13,13.6,971.8,36,0,5.9,9.3,57,NA,NA,735,89,911,102,671,477,102,14,285,333,94,-1.2,22.8,3.61,6.9
2003,4,5,14,14.7,971.4,36.4,0,5.9,9.6,58,NA,NA,626,79,883,92,557,668,92,14,290,338,94,0,24.7,3.92,7.8
2003,4,5,15,14.9,971.5,36.6,0,6.4,11.1,63,NA,NA,475,70,824,79,399,784,79,14,291,338,94,0.2,25.1,3.99,8
2003,4,5,16,14.7,971.5,37.6,0,5.3,8.5,59,NA,NA,298,62,702,62,215,772,64,14,288,331,94,0.4,25,4.05,8
2003,4,5,17,14,971.2,36.4,0,5,8.5,64,NA,NA,119,44,460,35,49,546,41,14,281,323,94,-0.7,23.5,3.75,7.3
2003,4,5,18,12.5,971.8,40.7,0,4.8,8.1,60,NA,2,5,0,0,0,0,0,0,14,279,312,94,-0.5,22.1,3.8,6.6
2003,4,5,19,10.6,971.9,50.7,0,4.5,7.1,37,NA,NA,0,0,0,0,0,0,0,14,273,308,94,0.8,21.2,4.17,6.1
2003,4,5,20,9.2,971.7,55.1,0,2.7,5.8,34,NA,NA,0,0,0,0,0,0,0,14,267,300,94,0.7,19.6,4.13,5.4
2003,4,5,21,9.5,971.8,58.4,0,3.4,6.6,63,NA,NA,0,0,0,0,0,0,0,14,273,302,94,1.8,20.8,4.47,5.9
2003,4,5,22,9.8,971.6,56.3,0,3.9,7.6,71,NA,NA,1,0,0,0,0,0,0,14,273,305,94,1.5,20.9,4.4,6
2003,4,5,23,9.9,971.1,55.2,0,4.4,8.9,57,NA,NA,0,0,0,0,0,0,0,14,319,328,94,1.3,20.9,4.34,6
2003,4,6,0,9.2,970.5,58.7,0,3.7,6.3,57,NA,NA,1,0,0,0,0,0,0,14,317,323,94,1.5,20.3,4.41,5.7
2003,4,6,1,8.6,970.1,62.5,0,2.2,4.1,69,NA,NA,1,0,0,0,0,0,0,14,310,318,94,1.9,20,4.51,5.5
2003,4,6,2,7.7,969.4,69,0,2.2,4,54,NA,NA,1,0,0,0,0,0,0,14,306,316,94,2.4,19.5,4.69,5.3
2003,4,6,3,9,969.4,61.5,0,4.3,9.7,66,NA,NA,2,0,0,0,0,0,0,14,307,321,94,2,20.5,4.56,5.8
2003,4,6,4,8.8,969.2,59.5,0,5.7,9.8,59,NA,NA,1,0,0,0,0,0,0,14,305,319,94,1.4,19.8,4.35,5.4
2003,4,6,5,8.3,969.3,61.1,0,4.6,9,65,NA,NA,5,5,0,2,2,2,2,14,312,321,94,1.3,19.2,4.32,5.1
2003,4,6,6,8,969.2,64.3,0,4.2,8.6,76,NA,5,41,41,0,20,20,19,20,14,312,321,94,1.7,19.2,4.46,5.1
2003,4,6,7,8.1,969.1,62.8,0,5.8,10.3,73,NA,NA,135,130,14,110,71,57,59,14,312,323,94,1.4,19.2,4.38,5.1
2003,4,6,8,8.7,968.9,57,0,6.4,12.5,72,NA,NA,324,231,185,378,231,101,103,14,298,322,94,0.7,19.2,4.14,5.1
2003,4,6,9,9.8,968.9,49.2,0,6.5,12.8,73,NA,NA,617,167,715,625,538,112,112,14,300,330,94,-0.3,19.5,3.85,5.3
2003,4,6,10,10.3,968.8,45.3,0,7.6,13.7,73,NA,NA,739,145,828,466,669,117,116,14,300,331,94,-1,19.6,3.66,5.4
2003,4,6,11,10.8,968.6,42.4,0,7.8,14.1,70,NA,NA,805,94,932,229,734,111,107,14,279,324,94,-1.5,19.8,3.54,5.4
2003,4,6,12,11,967.8,40.1,0,8.1,13.6,71,NA,1,809,90,944,109,737,247,106,14,280,324,94,-2,19.6,3.4,5.4
2003,4,6,13,11.1,967.9,37.4,0,7.8,13.2,73,NA,NA,748,83,933,101,675,484,101,14,279,324,94,-2.9,19.2,3.19,5.2
2003,4,6,14,11.2,967.8,36.9,0,7.5,12.6,72,NA,NA,641,73,911,91,562,682,91,14,279,323,94,-3,19.2,3.17,5.2
2003,4,6,15,11,967.5,36.3,0,7.5,13.4,74,NA,NA,488,66,852,78,402,803,78,14,276,320,94,-3.4,18.8,3.08,5
2003,4,6,16,10.3,967.6,38.3,0,7,14.6,71,NA,NA,305,63,714,62,214,784,65,14,275,313,94,-3.3,18.2,3.1,4.6
2003,4,6,17,9,968.3,41.1,0,7.7,13.1,64,NA,NA,121,41,479,35,46,562,41,14,266,303,94,-3.5,16.7,3.04,3.9
2003,4,6,18,7.8,968.4,43.5,0,7.2,13.3,65,NA,1,8,0,0,0,0,0,0,14,264,295,94,-3.8,15.3,2.97,3.2
2003,4,6,19,7,969,47.3,0,6.7,12.7,55,NA,NA,0,0,0,0,0,0,0,14,261,292,94,-3.4,14.7,3.06,2.9
2003,4,6,20,6.2,969,48.3,0,6.5,13.4,56,NA,NA,0,0,0,0,0,0,0,14,257,288,94,-3.9,13.6,2.95,2.3
2003,4,6,21,5.5,968.6,46.4,0,6.4,11.5,48,NA,NA,0,0,0,0,0,0,0,14,252,284,94,-5.1,12.3,2.7,1.5
2003,4,6,22,4.8,968.5,44.8,0,5.7,12,51,NA,NA,0,0,0,0,0,0,0,14,249,281,94,-6.2,11,2.48,0.8
2003,4,6,23,4.2,968.4,46.1,0,6.5,11.1,47,NA,NA,0,0,0,0,0,0,0,14,236,274,94,-6.3,10.4,2.45,0.5
2003,4,7,0,4,968,44.8,0,6.7,14.3,46,NA,NA,0,0,0,0,0,0,0,14,234,273,94,-6.9,9.9,2.35,0.2
2003,4,7,1,3.6,967.9,44.3,0,6.8,10.5,48,NA,NA,0,0,0,0,0,0,0,14,233,272,94,-7.4,9.3,2.26,-0.2
2003,4,7,2,3.3,967.9,45.5,0,7.1,11.4,46,NA,NA,0,0,0,0,0,0,0,14,231,270,94,-7.3,9,2.27,-0.3
2003,4,7,3,2.6,967.8,45.8,0,6.9,11.8,51,NA,NA,0,0,0,0,0,0,0,14,229,267,94,-7.9,8,2.17,-0.9
2003,4,7,4,2.2,967.5,52.4,0,6.8,12.5,56,NA,NA,0,0,0,0,0,0,0,14,231,267,94,-6.5,8.3,2.42,-0.8
2003,4,7,5,1.7,967.8,58.4,0,6.6,11.3,54,NA,NA,1,0,0,0,0,0,0,14,239,270,94,-5.6,8.2,2.6,-0.8
2003,4,7,6,2,967.5,52.8,0,7.4,14.9,57,NA,1,128,49,432,522,53,37,43,14,240,276,94,-6.6,8,2.4,-0.9
2003,4,7,7,2.9,967.6,48.9,0,9.9,16.4,48,NA,NA,310,67,687,760,219,65,67,14,243,282,94,-6.8,8.8,2.37,-0.4
2003,4,7,8,3.7,967.7,41.1,0,9.9,16.6,57,NA,NA,497,89,802,778,404,84,84,14,244,286,94,-8.3,9,2.11,-0.3
2003,4,7,9,4.5,968.2,40.7,0,8.9,15.3,60,NA,NA,654,118,846,667,568,104,104,14,247,292,94,-7.7,10,2.21,0.3
2003,4,7,10,4.9,968.2,36.8,0,8.4,14.6,66,NA,NA,776,80,963,477,693,102,102,14,245,293,94,-8.6,10.1,2.05,0.3
2003,4,7,11,5.6,968,33.6,0,8.6,14.6,69,NA,NA,836,84,980,232,754,110,106,14,248,296,94,-9.2,10.6,1.97,0.6
2003,4,7,12,5.4,967.9,31.9,0,10,16.4,65,NA,1,844,85,991,109,761,255,107,14,246,293,94,-10,10,1.84,0.3
2003,4,7,13,5.5,967.8,32.8,0,10.8,16.7,60,NA,NA,779,81,973,102,693,501,102,14,247,294,94,-9.6,10.3,1.91,0.4
2003,4,7,14,5.6,967.4,32.3,0,11,17.1,60,NA,NA,683,83,958,98,589,721,98,14,234,286,94,-9.7,10.4,1.89,0.5
2003,4,7,15,5.1,967.4,32.2,0,11.5,18.5,60,NA,NA,529,79,902,86,426,859,87,14,232,283,94,-10.1,9.7,1.82,0.1
2003,4,7,16,4.7,967,33.1,0,11.4,17.9,57,NA,NA,336,66,787,66,228,857,69,14,231,279,94,-10.1,9.3,1.82,-0.1
2003,4,7,17,3.8,967.9,31.4,0,10,16,52,NA,NA,141,40,595,36,45,676,42,14,224,272,94,-11.6,7.9,1.62,-1
2003,4,7,18,2.4,968.2,33.7,0,7.6,13.3,46,NA,0,8,0,0,0,0,0,0,14,218,262,94,-12,6.3,1.58,-1.9
2003,4,7,19,1.9,968.9,32,0,9.1,15.5,50,NA,NA,1,0,0,0,0,0,0,14,217,260,94,-13,5.5,1.44,-2.4
2003,4,7,20,1.4,969.3,33.9,0,8.4,13.6,49,NA,NA,1,0,0,0,0,0,0,14,215,258,94,-12.8,5.1,1.47,-2.7
2003,4,7,21,1,969.6,35,0,7.5,13.1,47,NA,NA,0,0,0,0,0,0,0,14,214,257,94,-12.7,4.7,1.48,-2.9
2003,4,7,22,0.4,969.9,37.3,0,6.7,12.2,47,NA,NA,2,0,0,0,0,0,0,14,213,255,94,-12.5,4.1,1.51,-3.2
2003,4,7,23,-0.2,970.4,41.5,0,5.2,8.9,40,NA,NA,0,0,0,0,0,0,0,14,212,253,94,-11.7,3.8,1.61,-3.5
2003,4,8,0,-0.7,970.2,49.6,0,4.8,7.9,36,NA,NA,2,0,0,0,0,0,0,14,214,252,94,-9.9,3.9,1.85,-3.4
2003,4,8,1,-1.2,970.6,54.1,0,3.5,6.6,24,NA,NA,0,0,0,0,0,0,0,14,214,247,94,-9.3,3.6,1.95,-3.6
2003,4,8,2,-2,970.7,58.8,0,2.3,4,21,NA,NA,0,0,0,0,0,0,0,14,210,242,94,-9,2.9,1.99,-4.1
2003,4,8,3,-2.1,971,59.5,0,1.2,3.2,10,NA,NA,0,0,0,0,0,0,0,14,211,239,94,-8.9,2.9,2,-4.1
2003,4,8,4,-2.1,971.3,60.2,0,0.6,2,90,NA,NA,0,0,0,0,0,0,0,14,212,238,94,-8.8,2.9,2.03,-4.1
2003,4,8,5,-2.4,971.6,61.5,0,0.4,1.3,45,NA,NA,13,13,0,10,6,6,7,14,219,243,94,-8.8,2.6,2.02,-4.3
2003,4,8,6,-1.8,971.8,60.9,0,0.3,1.4,34,NA,1,111,69,223,336,52,39,48,14,225,261,94,-8.3,3.4,2.09,-3.8
2003,4,8,7,0,972.1,53.9,0,1.3,3.6,55,NA,NA,274,140,371,546,182,77,82,14,232,273,94,-8.2,5.3,2.11,-2.6
2003,4,8,8,1.1,972,48.2,0,2.9,6.2,62,NA,NA,433,219,416,574,322,109,110,14,265,296,94,-8.6,6.2,2.05,-2
2003,4,8,9,1.9,971.9,46.3,0,2.3,6,67,NA,NA,574,264,485,535,462,131,132,14,270,303,94,-8.4,7.1,2.08,-1.4
2003,4,8,10,3.3,971.5,43.9,0,1.4,4.3,81,NA,NA,497,341,214,300,388,143,144,14,274,304,94,-7.8,8.8,2.18,-0.4
2003,4,8,11,4.9,971,42.7,0,0.9,3.3,180,NA,NA,713,231,626,236,632,142,132,14,292,321,94,-6.7,10.9,2.38,0.8
2003,4,8,12,7,970.2,41.8,0,1,4,153,NA,5,785,210,747,140,699,268,133,14,306,332,94,-5.1,13.8,2.7,2.4
2003,4,8,13,8.2,969.4,41.3,0,3.4,8.1,240,NA,NA,733,161,793,117,646,478,117,14,311,334,94,-4.2,15.5,2.89,3.3
2003,4,8,14,9.3,968.9,37.5,0,4.1,9.1,232,NA,NA,650,117,845,103,553,681,103,14,312,335,94,-4.5,16.5,2.83,3.8
2003,4,8,15,9.3,968.3,37.1,0,4.2,8.5,243,NA,NA,486,166,637,103,376,733,103,14,313,335,94,-4.6,16.4,2.8,3.8
2003,4,8,16,8.7,968.1,38.7,0,4.1,7.8,236,NA,NA,198,147,149,69,118,303,73,14,308,324,94,-4.6,15.8,2.81,3.4
2003,4,8,17,8,968,43.6,0,3.2,6,231,NA,NA,80,70,54,33,39,136,39,14,306,319,94,-3.6,15.6,3.02,3.3
2003,4,8,18,7.3,967.4,48.3,0,2.6,7.1,257,NA,5,0,0,0,0,0,0,0,14,302,312,94,-2.9,15.3,3.19,3.2
2003,4,8,19,6.2,967.7,52.6,0,0.8,1.9,256,NA,NA,1,0,0,0,0,0,0,14,297,299,94,-2.8,14.3,3.22,2.6
2003,4,8,20,4.7,967.4,59.5,0,1.1,2.1,259,NA,NA,1,0,0,0,0,0,0,14,280,288,94,-2.5,12.9,3.28,1.9
2003,4,8,21,5,967,62.2,0,1.5,3.6,254,NA,NA,1,0,0,0,0,0,0,14,290,300,94,-1.6,13.8,3.51,2.3
2003,4,8,22,6.1,966.2,57.3,0,2.6,4.7,233,NA,NA,0,0,0,0,0,0,0,14,291,305,94,-1.7,14.9,3.49,2.9
2003,4,8,23,5.8,965.9,59.6,0,2.2,4.8,246,NA,NA,2,0,0,0,0,0,0,14,319,319,94,-1.4,14.8,3.56,2.8
2003,4,9,0,6.1,965.4,57.2,0,3.8,6.6,240,NA,NA,1,0,0,0,0,0,0,14,320,320,94,-1.7,14.9,3.49,2.9
2003,4,9,1,6,965.2,58.8,0,4.3,7.2,239,NA,NA,1,0,0,0,0,0,0,14,319,319,94,-1.4,15,3.56,2.9
2003,4,9,2,5.6,964.7,64.3,0,4.4,7.9,250,NA,NA,0,0,0,0,0,0,0,14,317,317,94,-0.6,15.1,3.79,3
2003,4,9,3,5.6,964.1,63.8,0,4.4,6.6,256,NA,NA,1,0,0,0,0,0,0,14,317,317,94,-0.7,15.1,3.76,3
2003,4,9,4,5.3,963.9,64.7,0,3.3,5.6,258,NA,NA,0,0,0,0,0,0,0,14,316,316,94,-0.8,14.7,3.74,2.8
2003,4,9,5,5.5,963.7,61.7,0,2.4,3.7,258,NA,NA,7,7,0,3,3,3,3,14,289,304,94,-1.3,14.6,3.62,2.7
2003,4,9,6,5.9,963.7,59.5,0,1.8,4.4,251,NA,7,59,59,0,35,28,27,28,14,292,308,94,-1.4,14.9,3.59,2.9
2003,4,9,7,6.3,963.3,60.1,0,2.6,5,245,NA,NA,97,97,0,53,47,44,45,14,293,310,94,-0.9,15.7,3.73,3.3
2003,4,9,8,6.2,963,64.1,0,0.9,3.3,263,NA,NA,96,96,0,47,46,45,46,14,305,316,94,-0.1,16.1,3.95,3.5
2003,4,9,9,6.4,962.9,62.8,0,0.9,2.8,90,NA,NA,115,115,0,57,56,54,55,14,303,317,94,-0.2,16.3,3.92,3.6
2003,4,9,10,6.8,962.3,61.5,0,0.7,2.7,56,NA,NA,147,147,0,73,74,68,69,14,307,321,94,-0.1,16.8,3.95,3.8
2003,4,9,11,7,961.7,64,0,2,4.2,87,NA,NA,125,125,0,61,62,59,60,14,324,328,94,0.7,17.5,4.17,4.2
2003,4,9,12,7.2,960.9,62.5,0,1.8,3.2,93,NA,7,123,123,0,59,61,58,59,14,325,329,94,0.5,17.6,4.13,4.3
2003,4,9,13,7.6,960.2,61,0,1.2,2.6,80,NA,NA,106,106,0,51,52,50,51,14,328,331,94,0.6,18.1,4.15,4.5
2003,4,9,14,7.7,959.7,62.9,0,1.7,3.4,65,NA,NA,60,60,0,30,29,28,30,14,327,329,94,1.1,18.6,4.31,4.8
2003,4,9,15,6.7,959.4,76.3,0,2.6,4.4,67,NA,NA,38,38,0,19,18,16,19,14,323,323,94,2.8,19,4.89,4.9
2003,4,9,16,6.2,959.1,78,0,1.8,3.9,59,NA,NA,18,18,0,9,8,6,9,14,321,321,94,2.7,18.4,4.83,4.6
2003,4,9,17,6,959,81,0,1.8,4.1,74,NA,NA,13,13,0,7,6,3,6,14,329,329,94,3,18.4,4.95,4.6
2003,4,9,18,5.6,958.9,84,0,2.2,3.6,56,NA,8,3,3,0,2,1,0,1,14,328,328,94,3.1,18.2,4.99,4.5
2003,4,9,19,5.6,958.7,85.1,0,1.9,3.2,62,NA,NA,3,0,0,0,0,0,0,14,328,328,94,3.3,18.3,5.06,4.5
2003,4,9,20,5.6,958.3,89.2,0.2,1.4,2.8,69,NA,NA,1,0,0,0,0,0,0,14,278,299,94,4,18.9,5.31,4.9
2003,4,9,21,5.5,958.1,92,0.7,0.8,1.6,31,NA,NA,1,0,0,0,0,0,0,14,278,298,94,4.3,19.2,5.44,4.9
2003,4,9,22,5.3,957.3,92.1,0.8,1.1,2.3,360,NA,NA,2,0,0,0,0,0,0,14,277,297,94,4.1,18.8,5.37,4.7
2003,4,9,23,5.3,956.7,93.1,0.2,1,1.7,36,NA,NA,2,0,0,0,0,0,0,14,278,297,94,4.3,19,5.44,4.8
2003,4,10,0,5.2,956,93.2,1.2,1.1,2.1,49,NA,NA,0,0,0,0,0,0,0,14,277,297,94,4.2,18.8,5.41,4.7
2003,4,10,1,5,955.1,93.3,1,1.4,2.4,28,NA,NA,2,0,0,0,0,0,0,14,276,296,94,4,18.4,5.34,4.5
2003,4,10,2,4.9,954.8,92.1,2,1.5,2.5,37,NA,NA,2,0,0,0,0,0,0,14,282,298,94,3.7,18.1,5.24,4.3
2003,4,10,3,4.1,954.8,88.9,1.8,1,1.9,101,NA,NA,1,0,0,0,0,0,0,14,277,294,94,2.4,16.1,4.78,3.3
2003,4,10,4,3.2,954.7,88.2,2.2,0.7,1.9,129,NA,NA,2,0,0,0,0,0,0,14,271,289,94,1.4,14.3,4.45,2.4
2003,4,10,5,1.8,954.2,92.3,1.8,0.4,1.7,124,NA,NA,2,0,0,0,0,0,0,14,282,294,96,0.7,12.3,4.21,1.3
2003,4,10,6,1.1,953.8,94.7,1.9,0.1,0.8,270,NA,8,16,16,0,5,8,8,8,14,282,293,96,0.3,11.4,4.11,0.8
2003,4,10,7,1.5,953.9,93.8,0.6,1.5,2.8,266,NA,NA,73,73,0,36,35,34,35,14,283,294,96,0.6,12,4.19,1.1
2003,4,10,8,2.1,954.1,92.5,0.1,1.3,4.2,274,NA,NA,107,107,0,54,52,50,51,14,307,308,96,1,12.9,4.31,1.6
2003,4,10,9,3.8,954.5,88.4,0.1,3.5,6.1,240,NA,NA,143,143,0,73,71,66,67,14,314,317,96,2.1,15.5,4.65,3.1
2003,4,10,10,5.1,955.5,81.4,0,5,9.2,221,NA,NA,330,307,31,177,202,129,131,14,317,323,96,2.2,16.9,4.69,3.8
2003,4,10,11,5,956.7,75.3,0,5.3,9.8,218,NA,NA,197,197,1,94,102,90,91,14,298,311,94,1,15.8,4.3,3.3
2003,4,10,12,5.8,957.2,62.7,0,3,8,268,NA,7,307,294,17,133,184,143,128,14,303,319,94,-0.8,15.3,3.78,3
2003,4,10,13,6.4,958,55.8,0,3.4,6.2,272,NA,NA,386,358,39,146,244,212,145,14,301,319,94,-1.8,15.2,3.5,3
2003,4,10,14,6,958.2,57,0,3.5,7,223,NA,NA,176,175,2,81,90,91,80,14,294,312,94,-1.9,14.8,3.48,2.8
2003,4,10,15,6.4,958.5,54.8,0,2.6,5.1,216,NA,NA,260,230,58,98,150,220,99,14,292,313,94,-2,15.1,3.44,3
2003,4,10,16,6.2,958.9,57.7,0,2.9,6,216,NA,NA,140,133,18,60,72,115,61,14,291,309,94,-1.5,15.2,3.57,3
2003,4,10,17,6.1,959.3,55.8,0,3,5.3,239,NA,NA,74,69,32,32,35,96,36,14,269,297,94,-2.1,14.7,3.42,2.8
2003,4,10,18,5.4,959.8,58.6,0,3.2,5.2,238,NA,6,11,11,0,5,5,9,6,14,268,290,94,-2.1,14,3.42,2.4
2003,4,10,19,3.7,960.5,71.4,0,2,4.2,257,NA,NA,0,0,0,0,0,0,0,14,262,282,94,-1,13,3.7,1.8
2003,4,10,20,3.4,960.8,76.4,0,0.8,3,284,NA,NA,1,0,0,0,0,0,0,14,254,279,94,-0.3,13.1,3.88,1.9
2003,4,10,21,3,960.5,79.4,0,0.4,1.1,108,NA,NA,0,0,0,0,0,0,0,14,251,273,94,-0.2,12.8,3.92,1.7
2003,4,10,22,1.9,960.8,84.6,0,0.7,1.4,270,NA,NA,0,0,0,0,0,0,0,14,249,274,94,-0.4,11.6,3.86,1
2003,4,10,23,2.1,961.1,84.5,0,0.5,1.4,304,NA,NA,1,0,0,0,0,0,0,14,259,280,94,-0.2,11.9,3.91,1.2
2003,4,11,0,2.2,961.3,83.5,0,0.2,1.2,270,NA,NA,0,0,0,0,0,0,0,14,260,281,94,-0.3,11.9,3.89,1.2
2003,4,11,1,2.3,961.4,82.8,0,0.2,1,0,NA,NA,1,0,0,0,0,0,0,14,260,281,94,-0.3,12,3.89,1.2
2003,4,11,2,2,961.2,83.5,0,0.3,1.4,45,NA,NA,0,0,0,0,0,0,0,14,245,269,94,-0.5,11.6,3.84,1
2003,4,11,3,1.1,961.3,84.6,0,0.7,2,243,NA,NA,0,0,0,0,0,0,0,14,244,266,94,-1.2,10.2,3.64,0.2
2003,4,11,4,0.3,961.5,87.2,0,0.5,1.2,270,NA,NA,0,0,0,0,0,0,0,14,241,262,94,-1.6,9.1,3.54,-0.4
2003,4,11,5,0.5,961.8,85.3,0,0.5,1.9,270,NA,NA,20,20,0,17,9,8,10,14,242,265,94,-1.7,9.3,3.51,-0.3
2003,4,11,6,1.6,962.1,79.9,0,1,2.9,284,NA,6,111,86,123,244,52,42,51,14,249,277,94,-1.5,10.5,3.56,0.4
2003,4,11,7,3.7,962,76.9,0,0.7,2,135,NA,NA,207,181,71,248,115,75,81,14,258,290,94,0,13.7,3.98,2.2
2003,4,11,8,4.9,962,68.9,0,0.6,2.4,22,NA,NA,308,255,100,300,193,106,108,14,260,298,94,-0.3,14.7,3.88,2.7
2003,4,11,9,6.1,962.1,61.2,0,1.2,3.7,121,NA,NA,546,303,373,486,416,135,136,14,265,308,94,-0.8,15.5,3.75,3.2
2003,4,11,10,7,962.2,58.8,0,2.2,5,106,NA,NA,743,206,727,454,631,130,129,14,272,315,94,-0.5,16.7,3.83,3.8
2003,4,11,11,8.1,961.8,52.7,0,2.3,4.6,124,NA,NA,700,261,560,235,589,151,141,14,282,321,94,-1,17.4,3.7,4.2
2003,4,11,12,8.8,961.5,51.9,0,1.6,4.6,115,NA,8,590,358,296,165,463,236,155,14,286,326,94,-0.5,18.5,3.82,4.8
2003,4,11,13,9.6,961.2,49.4,0,1.7,4.4,132,NA,NA,385,379,9,156,220,198,155,14,285,321,94,-0.5,19.3,3.84,5.2
2003,4,11,14,9.4,960.7,49.8,0,2.2,4.1,112,NA,NA,239,238,2,105,126,131,105,14,288,319,94,-0.5,19.1,3.82,5.1
2003,4,11,15,9.8,960.8,49.1,0,1.9,4.6,99,NA,NA,273,229,85,99,167,263,100,14,289,321,94,-0.4,19.6,3.87,5.3
2003,4,11,16,9.5,961.9,53.3,0,1.6,4.9,115,NA,NA,95,95,0,44,46,51,44,14,291,316,94,0.5,19.9,4.12,5.5
2003,4,11,17,8.1,962,75,0.4,2,7,215,NA,NA,17,17,0,9,8,5,8,14,331,331,96,3.9,21.4,5.28,6.1
2003,4,11,18,7.7,962.7,82,0.1,1.3,4,11,NA,8,1,0,0,0,0,0,0,14,330,330,96,4.8,21.9,5.62,6.3
2003,4,11,19,7.2,963.2,86.9,0.1,2,3.6,49,NA,NA,0,0,0,0,0,0,0,14,327,328,96,5.2,21.7,5.75,6.2
2003,4,11,20,6.6,963.6,86.7,0,1.7,3.8,38,NA,NA,0,0,0,0,0,0,0,14,324,325,96,4.5,20.4,5.5,5.6
2003,4,11,21,6.4,963.6,83.1,0,1.2,2.8,35,NA,NA,0,0,0,0,0,0,0,14,324,324,96,3.7,19.5,5.2,5.1
2003,4,11,22,6.4,964,85.6,0,0.9,2,32,NA,NA,1,0,0,0,0,0,0,14,323,324,96,4.2,19.9,5.35,5.4
2003,4,11,23,6.2,963.8,88.5,0,0.7,2.1,40,NA,NA,0,0,0,0,0,0,0,14,323,323,96,4.4,19.9,5.46,5.3
2003,4,12,0,6.1,963.9,89.5,0,0.5,1.3,18,NA,NA,0,0,0,0,0,0,0,14,323,323,96,4.5,19.9,5.48,5.3
2003,4,12,1,6.2,964.2,90.3,0,0.3,1,252,NA,NA,0,0,0,0,0,0,0,14,324,324,96,4.7,20.2,5.57,5.5
2003,4,12,2,6.2,964.2,91.3,0.1,0.5,1.3,284,NA,NA,0,0,0,0,0,0,0,14,322,325,96,4.9,20.4,5.63,5.6
2003,4,12,3,6.3,964.3,91.2,0,0.6,1.3,63,NA,NA,0,0,0,0,0,0,0,14,324,325,96,5,20.6,5.66,5.7
2003,4,12,4,6.2,964.9,91.4,0,0.3,1.4,360,NA,NA,1,0,0,0,0,0,0,14,324,324,96,4.9,20.4,5.63,5.6
2003,4,12,5,6.5,965.6,91.1,0,0.7,1.4,90,NA,NA,11,11,0,5,5,5,5,14,325,325,96,5.2,20.9,5.73,5.9
2003,4,12,6,6.8,966.5,90.1,0.1,0.8,2.4,74,NA,7,28,28,0,10,13,14,14,14,327,328,96,5.3,21.4,5.78,6.1
2003,4,12,7,7.5,966.8,86.1,0,1.2,3.8,252,NA,NA,127,126,1,79,62,56,58,14,333,335,96,5.3,22.1,5.79,6.4
2003,4,12,8,9,967.3,76,0,3.4,7.7,235,NA,NA,204,197,13,142,111,86,88,14,338,342,96,5,23.3,5.66,7
2003,4,12,9,10,967.6,69.8,0,4.5,8,241,NA,NA,464,281,279,393,339,127,129,14,342,353,96,4.7,24,5.56,7.4
2003,4,12,10,10.6,968,62.1,0,3.9,7.7,233,NA,NA,457,382,100,260,317,151,153,14,346,356,96,3.7,23.6,5.14,7.2
2003,4,12,11,11.3,968,59.1,0,4.3,7.8,248,NA,NA,532,374,201,213,385,168,160,14,337,352,94,3.6,24.3,5.12,7.5
2003,4,12,12,12.2,967.7,53.8,0,2.8,5.9,235,NA,6,658,338,408,162,533,253,151,14,347,362,94,3.1,24.8,4.95,7.8
2003,4,12,13,13.2,967.9,48.8,0,1.9,6.6,229,NA,NA,617,275,464,138,497,393,138,14,351,365,94,2.7,25.4,4.79,8.1
2003,4,12,14,13.9,967.9,43.4,0,3.1,7.1,257,NA,NA,509,270,370,128,386,475,128,14,305,341,94,1.7,25.2,4.46,8
2003,4,12,15,13.2,968.2,46.1,0,1,3.5,315,NA,NA,376,219,304,106,261,487,107,14,305,342,94,1.9,24.7,4.52,7.8
2003,4,12,16,12.9,968.8,47.2,0,1.2,3.1,75,NA,NA,149,131,49,61,80,160,63,14,306,331,94,1.9,24.4,4.54,7.6
2003,4,12,17,12.8,969.3,48.5,0,1.8,4.3,172,NA,NA,94,74,102,38,45,206,49,14,303,329,94,2.2,24.6,4.63,7.7
2003,4,12,18,11.2,970,52,0,1.7,4.6,255,NA,4,13,13,0,6,6,11,7,14,297,311,94,1.7,22.5,4.47,6.7
2003,4,12,19,9.2,970.8,66.1,0,1,2.2,69,NA,NA,0,0,0,0,0,0,0,14,291,302,94,3.2,21.7,4.97,6.3
2003,4,12,20,7.4,971,76.3,0,1.4,3,32,NA,NA,0,0,0,0,0,0,0,14,266,288,94,3.5,20.2,5.07,5.6
2003,4,12,21,6.3,971.4,78.9,0,1.8,3.1,34,NA,NA,0,0,0,0,0,0,0,14,262,285,94,2.9,18.5,4.86,4.7
2003,4,12,22,5.6,971.9,80.1,0,1.4,2.6,36,NA,NA,0,0,0,0,0,0,0,14,259,281,94,2.4,17.4,4.7,4.2
2003,4,12,23,5,972.1,82.6,0,1.3,2.2,27,NA,NA,0,0,0,0,0,0,0,14,255,278,94,2.3,16.7,4.64,3.8
2003,4,13,0,4.6,972.1,83.1,0,0.7,2.2,34,NA,NA,0,0,0,0,0,0,0,14,250,274,94,2,16,4.54,3.5
2003,4,13,1,3.9,972.4,85.6,0,0.7,1.8,34,NA,NA,0,0,0,0,0,0,0,14,249,271,94,1.7,15.1,4.45,2.9
2003,4,13,2,3.3,972.2,87.8,0,0.2,0.8,0,NA,NA,0,0,0,0,0,0,0,14,248,268,94,1.5,14.3,4.38,2.5
2003,4,13,3,2.6,972.2,89.3,0,0.1,0.6,90,NA,NA,0,0,0,0,0,0,0,14,242,265,94,1,13.2,4.24,1.9
2003,4,13,4,2.1,972.7,88.6,0,0.7,1.5,247,NA,NA,0,0,0,0,0,0,0,14,243,265,94,0.4,12.2,4.05,1.4
2003,4,13,5,1.7,973.1,89.9,0,0.5,1.3,315,NA,NA,23,20,71,106,12,11,30,14,241,266,94,0.2,11.7,3.99,1.1
2003,4,13,6,3.7,973.3,86,0,0.4,1.1,288,NA,0,150,61,417,523,52,44,53,14,258,288,94,1.6,14.7,4.41,2.8
2003,4,13,7,6.5,973,78,0,0.8,2.9,34,NA,NA,327,97,598,709,201,73,77,14,267,310,94,2.9,18.7,4.86,4.8
2003,4,13,8,8.5,972.5,68.5,0,2.3,5.2,85,NA,NA,511,97,771,753,377,88,88,14,284,324,94,3,20.9,4.9,5.9
2003,4,13,9,10.1,972.1,61.6,0,2.9,6.7,63,NA,NA,666,118,828,647,534,105,104,14,291,331,94,3.1,22.5,4.91,6.8
2003,4,13,10,11.9,971.6,53.6,0,3.7,7,54,NA,NA,781,98,913,459,646,108,107,14,296,339,94,2.8,24.1,4.82,7.5
2003,4,13,11,13.1,971.2,46.7,0,2.9,6.4,80,NA,NA,843,101,938,226,707,115,111,14,297,343,94,2,24.6,4.54,7.8
2003,4,13,12,14,970.6,40.8,0,3,6.6,73,NA,3,849,94,957,112,712,260,110,14,301,347,94,0.9,24.7,4.21,7.8
2003,4,13,13,15.2,969.8,34.8,0,2.7,5.4,65,NA,NA,773,165,821,121,641,496,121,14,297,348,94,-0.2,25.1,3.88,8
2003,4,13,14,15.8,968.8,31.9,0,2.2,5.3,72,NA,NA,615,208,627,122,481,612,122,14,303,351,94,-0.9,25.2,3.7,8
2003,4,13,15,16.4,967.8,30.4,0,3,5.2,70,NA,NA,465,158,590,99,333,685,100,14,306,349,94,-1,25.8,3.66,8.3
2003,4,13,16,16.3,967.5,29.8,0,3.1,4.7,61,NA,NA,261,151,301,77,149,474,83,14,300,339,94,-1.4,25.4,3.57,8.1
2003,4,13,17,15.2,967.4,35.3,0,1.5,4.1,53,NA,NA,87,75,61,36,41,147,44,14,290,325,94,0,25.3,3.94,8
2003,4,13,18,13.6,967.4,43.3,0,0.5,1.4,304,NA,6,14,14,0,6,6,12,8,14,285,309,94,1.4,24.7,4.36,7.8
2003,4,13,19,12,967.6,51.2,0,0.2,1,270,NA,NA,0,0,0,0,0,0,0,14,283,303,94,2.2,23.8,4.65,7.3
2003,4,13,20,10.5,967.3,60,0,0.2,1.1,135,NA,NA,0,0,0,0,0,0,0,14,275,296,94,3.1,23,4.93,6.9
2003,4,13,21,8.6,967.1,67.9,0,0.5,1.1,256,NA,NA,0,0,0,0,0,0,0,14,271,293,94,3,21,4.92,6
2003,4,13,22,8,967.1,71.1,0,0.1,0.8,180,NA,NA,0,0,0,0,0,0,0,14,268,290,94,3.1,20.5,4.94,5.7
2003,4,13,23,7.2,967,74.8,0,0.3,0.9,236,NA,NA,1,0,0,0,0,0,0,14,268,288,94,3,19.6,4.92,5.2
2003,4,14,0,6.6,967.2,78.1,0,0.2,0.8,270,NA,NA,2,0,0,0,0,0,0,14,263,285,94,3.1,19,4.93,5
2003,4,14,1,6,967.1,81.3,0,0.2,0.8,270,NA,NA,1,0,0,0,0,0,0,14,260,282,94,3,18.4,4.93,4.6
2003,4,14,2,5.5,966.9,83.4,0,0.3,1,270,NA,NA,3,0,0,0,0,0,0,14,257,280,94,2.9,17.8,4.88,4.3
2003,4,14,3,5.1,966.5,85.8,0,0.3,1,270,NA,NA,0,0,0,0,0,0,0,14,258,280,94,2.9,17.4,4.89,4.1
2003,4,14,4,4.8,966.9,86.6,0,0.2,0.9,225,NA,NA,0,0,0,0,0,0,0,14,255,278,94,2.8,16.9,4.83,3.9
2003,4,14,5,4.7,967.5,87,0,0.7,1.4,281,NA,NA,19,19,3,17,9,8,11,14,268,288,94,2.7,16.8,4.81,3.8
2003,4,14,6,6.6,967.6,83,0,0.7,1.3,261,NA,6,129,84,204,337,56,46,58,14,281,306,94,3.9,19.8,5.24,5.3
2003,4,14,7,10,967.6,66.7,0,0.6,3,108,NA,NA,259,154,269,446,153,78,84,14,291,325,94,4.1,23.4,5.31,7.1
2003,4,14,8,11.7,967.6,56.9,0,1.4,3.1,90,NA,NA,440,207,429,566,306,108,109,14,297,335,94,3.4,24.5,5.07,7.6
2003,4,14,9,13,967.3,51.7,0,1.7,4.1,110,NA,NA,474,313,242,393,338,134,135,14,300,339,94,3.3,25.7,5.02,8.2
2003,4,14,10,14.3,966.8,47.2,0,3.2,7,75,NA,NA,695,271,564,413,554,143,143,14,306,348,94,3.2,27,4.99,8.8
2003,4,14,11,15.2,966.3,46.5,0,3.1,6.9,63,NA,NA,719,261,576,236,588,152,142,14,310,353,94,3.8,28.5,5.21,9.4
2003,4,14,12,16,965.9,43.2,0,3,6,75,NA,7,496,379,148,167,349,211,158,14,310,350,94,3.5,29,5.1,9.7
2003,4,14,13,16.7,965.5,37.9,0,2,4.4,66,NA,NA,433,350,111,146,294,252,146,14,314,355,94,2.3,28.6,4.67,9.5
2003,4,14,14,17.5,965.4,35.7,0,1.8,4,75,NA,NA,360,295,100,126,233,272,126,14,376,383,94,2.2,29.3,4.63,9.8
2003,4,14,15,17.7,965,35.3,0,1.7,3.5,54,NA,NA,244,224,38,97,135,193,97,14,379,383,94,2.2,29.6,4.64,9.9
2003,4,14,16,18.2,964.9,30.9,0,2.4,4.6,55,NA,NA,238,168,190,78,130,368,83,14,379,382,94,0.8,28.9,4.19,9.6
2003,4,14,17,17.6,965.5,38.4,0,2.1,4.1,59,NA,NA,88,76,61,36,41,147,45,14,367,370,94,3.3,30.4,5.02,10.3
2003,4,14,18,16.3,966.3,42.2,0,1.4,4,77,NA,6,12,12,0,6,6,7,6,14,355,355,94,3.4,29.2,5.07,9.8
2003,4,14,19,14,967.3,51.9,0,0.4,1,236,NA,NA,0,0,0,0,0,0,0,14,352,352,94,4.3,27.7,5.38,9.1
2003,4,14,20,12.6,967.3,57.3,0,0.4,1.2,243,NA,NA,0,0,0,0,0,0,0,14,289,313,94,4.4,26.3,5.42,8.5
2003,4,14,21,11.7,967.8,65.1,0,0.6,1.2,259,NA,NA,0,0,0,0,0,0,0,14,288,311,94,5.4,26.4,5.8,8.5
2003,4,14,22,11.1,967.9,67.7,0,0.4,1.1,135,NA,NA,0,0,0,0,0,0,0,14,286,306,94,5.4,25.8,5.8,8.2
2003,4,14,23,10,968.3,74.6,0,0.1,1.2,0,NA,NA,0,0,0,0,0,0,0,14,280,301,94,5.7,25,5.94,7.8
2003,4,15,0,9.4,968.1,78.5,0,0.1,1,45,NA,NA,0,0,0,0,0,0,0,14,280,300,94,5.9,24.6,6,7.6
2003,4,15,1,8.9,968.2,80.3,0,0.1,1,90,NA,NA,0,0,0,0,0,0,0,14,277,298,94,5.7,23.9,5.94,7.3
2003,4,15,2,8.1,968.5,82.5,0,0.2,1.1,360,NA,NA,0,0,0,0,0,0,0,14,290,302,94,5.3,22.7,5.77,6.7
2003,4,15,3,7.8,968.9,83.4,0,0.1,1,90,NA,NA,1,0,0,0,0,0,0,14,290,300,94,5.2,22.2,5.72,6.5
2003,4,15,4,7.5,969.4,84.2,0,0.1,0.8,90,NA,NA,0,0,0,0,0,0,0,14,286,299,94,5,21.7,5.65,6.3
2003,4,15,5,7.9,969.6,81.8,0,0.2,0.8,225,NA,NA,47,38,190,251,16,14,63,14,274,298,94,5,22.1,5.64,6.5
2003,4,15,6,10.1,970,76.8,0,1.1,2.7,265,NA,5,164,74,403,527,58,48,62,14,287,319,94,6.2,25.6,6.14,8.1
2003,4,15,7,11.9,970.4,67.7,0,0.8,2.1,279,NA,NA,283,150,337,522,169,81,88,14,293,332,94,6.1,27.4,6.1,8.9
2003,4,15,8,14.1,970.1,52.6,0,1.5,4.6,86,NA,NA,487,162,594,674,346,102,103,14,298,345,94,4.6,28,5.47,9.3
2003,4,15,9,15.4,969.6,45.1,0,2.4,5.7,77,NA,NA,646,155,733,615,504,110,110,14,302,351,94,3.6,28.4,5.1,9.4
2003,4,15,10,16.6,969.4,43.1,0,3.5,8,67,NA,NA,753,138,814,444,615,115,114,14,310,355,94,4,30,5.27,10.1
2003,4,15,11,17.7,969,41.5,0,4,7.5,56,NA,NA,784,217,709,238,649,143,133,14,322,366,94,4.5,31.6,5.44,10.8
2003,4,15,12,18.8,968.4,38,0,3.3,6.2,60,NA,4,760,245,646,146,624,268,137,14,330,371,94,4.2,32.4,5.34,11.1
2003,4,15,13,20,968.1,34,0,3.6,6.3,65,NA,NA,748,161,787,118,608,479,118,14,330,375,94,3.7,33.2,5.15,11.4
2003,4,15,14,20.8,967.9,31.4,0,4.6,7.6,62,NA,NA,644,101,828,97,497,657,97,14,333,376,94,3.2,33.6,4.99,11.6
2003,4,15,15,21.1,967.3,31.2,0,5.2,8.9,60,NA,NA,492,101,742,87,343,751,88,14,335,376,94,3.4,34.1,5.06,11.8
2003,4,15,16,21.2,967.4,30,0,4.1,8.1,68,NA,NA,317,79,640,66,173,731,70,14,331,369,94,3,33.7,4.89,11.7
2003,4,15,17,20.2,967.6,30.4,0,3,5.9,54,NA,NA,142,53,444,40,46,537,65,14,324,360,94,2.3,32.1,4.66,11
2003,4,15,18,17.4,968.2,37.3,0,1.7,4,34,NA,1,15,15,0,7,7,11,8,14,313,334,94,2.7,29.6,4.8,10
2003,4,15,19,15.4,968.7,45.3,0,0.6,1.7,243,NA,NA,0,0,0,0,0,0,0,14,310,322,94,3.6,28.5,5.13,9.4
2003,4,15,20,14.1,968.8,50,0,0.3,1.2,180,NA,NA,0,0,0,0,0,0,0,14,290,310,94,3.8,27.3,5.21,8.9
2003,4,15,21,11.9,969.6,58.4,0,0.9,1.9,243,NA,NA,0,0,0,0,0,0,0,14,285,306,94,4,25.2,5.26,8
2003,4,15,22,11.3,970,62.5,0,0.2,1.3,0,NA,NA,0,0,0,0,0,0,0,14,281,301,94,4.4,25,5.41,7.9
2003,4,15,23,9.9,970.3,68.8,0,0.6,1.4,270,NA,NA,0,0,0,0,0,0,0,14,279,299,94,4.4,23.6,5.42,7.2
2003,4,16,0,9.5,970.3,70.9,0,0.7,2.2,252,NA,NA,0,0,0,0,0,0,0,14,276,297,94,4.5,23.2,5.44,7
2003,4,16,1,8.5,970.3,74.4,0,0.4,2.3,270,NA,NA,0,0,0,0,0,0,0,14,271,292,94,4.2,22,5.34,6.4
2003,4,16,2,8.1,970.4,76.8,0,0.1,1.4,270,NA,NA,0,0,0,0,0,0,0,14,269,290,94,4.3,21.6,5.36,6.3
2003,4,16,3,7.2,970.7,80.5,0,0.2,1.1,360,NA,NA,0,0,0,0,0,0,0,14,267,286,94,4.1,20.5,5.28,5.7
2003,4,16,4,6.6,971,82.7,0,0.3,1.2,270,NA,NA,0,0,0,0,0,0,0,14,263,284,94,3.9,19.7,5.2,5.3
2003,4,16,5,6.6,971.6,82.5,0,0.4,1.2,243,NA,NA,28,23,102,142,14,13,40,14,280,295,94,3.8,19.7,5.19,5.3
2003,4,16,6,9.2,971.9,76.5,0,0.6,1.5,31,NA,1,140,78,271,396,55,46,60,14,292,318,94,5.3,23.7,5.75,7.3
2003,4,16,7,11.8,972,66,0,0.9,2,16,NA,NA,307,133,436,596,179,79,85,14,302,339,94,5.7,26.7,5.9,8.7
2003,4,16,8,14.3,971.9,50.5,0,1.7,4.3,94,NA,NA,495,133,657,695,347,94,95,14,308,350,94,4.2,27.8,5.31,9.2
2003,4,16,9,15.8,971.8,46.6,0,2.2,5.2,95,NA,NA,629,157,700,594,485,110,109,14,315,358,94,4.4,29.5,5.4,9.9
2003,4,16,10,17.2,971.6,43,0,2.4,5.3,100,NA,NA,738,169,748,435,597,120,119,14,320,364,94,4.5,31.1,5.45,10.6
2003,4,16,11,18.3,971.2,40.1,0,2.2,4.6,98,NA,NA,792,179,763,230,652,133,124,14,327,371,94,4.5,32.2,5.45,11
2003,4,16,12,19.7,970.9,34.8,0,2.6,4.9,121,NA,1,797,199,747,137,653,270,130,14,333,376,94,3.7,32.9,5.16,11.3
2003,4,16,13,20.7,970.7,30.5,0,2.2,5.5,102,NA,NA,717,217,666,130,572,459,130,14,331,378,94,2.8,33,4.81,11.4
2003,4,16,14,21.1,970.1,30.8,0,3.7,5.8,41,NA,NA,624,133,745,106,475,630,106,14,335,380,94,3.2,33.9,4.98,11.7
2003,4,16,15,21.6,969.7,27.2,0,3.3,5.7,60,NA,NA,477,154,608,99,326,695,100,14,333,377,94,1.9,33.2,4.53,11.4
2003,4,16,16,21.2,970.1,29.8,0,3,4.8,42,NA,NA,288,127,428,76,159,587,82,14,335,371,94,2.9,33.6,4.85,11.6
2003,4,16,17,20.1,970.2,35.9,0,2.1,3.5,35,NA,NA,114,81,160,42,48,272,59,14,331,360,94,4.5,34.1,5.46,11.8
2003,4,16,18,18,970.6,43.6,0,1.1,2.5,32,NA,1,13,13,0,6,6,7,6,14,316,334,94,5.4,32.8,5.82,11.3
2003,4,16,19,15.8,971.1,51.7,0,0.4,1,256,NA,NA,1,0,0,0,0,0,0,14,311,323,94,5.9,31.1,6,10.5
2003,4,16,20,14,971.3,58.1,0,0.7,1.6,180,NA,NA,0,0,0,0,0,0,0,14,294,312,94,5.9,29.2,6,9.8
2003,4,16,21,12.3,971.7,62.2,0,0.3,1.5,270,NA,NA,0,0,0,0,0,0,0,14,289,308,94,5.3,26.9,5.75,8.7
2003,4,16,22,10.9,971.9,68.8,0,0.7,1.7,243,NA,NA,0,0,0,0,0,0,0,14,286,304,94,5.4,25.6,5.79,8.1
2003,4,16,23,10.3,972.1,71.2,0,0.3,1.1,225,NA,NA,0,0,0,0,0,0,0,14,280,300,94,5.3,24.9,5.76,7.8
2003,4,17,0,9.4,972.4,74.9,0,0.3,1,270,NA,NA,0,0,0,0,0,0,0,14,277,297,94,5.2,23.8,5.7,7.3
2003,4,17,1,8.8,972.8,78,0,0.1,0.9,270,NA,NA,0,0,0,0,0,0,0,14,277,295,94,5.2,23.2,5.7,7
2003,4,17,2,8,972.5,81.5,0,0.3,1,252,NA,NA,0,0,0,0,0,0,0,14,269,292,94,5,22.2,5.64,6.5
2003,4,17,3,7.6,972.7,83.3,0,0.4,1.2,297,NA,NA,0,0,0,0,0,0,0,14,268,289,94,5,21.7,5.61,6.3
2003,4,17,4,7.4,973,84.2,0,0.9,2,249,NA,NA,0,0,0,0,0,0,0,14,271,291,94,4.9,21.5,5.59,6.2
2003,4,17,5,7.9,973.6,82.7,0,0.4,2,360,NA,NA,30,23,123,166,16,14,47,14,288,303,94,5.1,22.2,5.68,6.5
2003,4,17,6,9.4,973.8,79.1,0,0.7,1.6,39,NA,2,139,82,244,374,57,47,62,14,303,323,94,6,24.6,6.01,7.7
2003,4,17,7,12.5,973.7,69.4,0,0.4,1.1,14,NA,NA,301,142,392,565,174,81,88,14,316,347,94,7.1,28.9,6.49,9.6
2003,4,17,8,15,973.8,50.1,0,1.4,4.9,99,NA,NA,477,171,550,644,329,103,105,14,315,355,94,4.7,29,5.5,9.7
2003,4,17,9,16.2,973.4,43.5,0,2.3,5.9,100,NA,NA,628,192,641,583,476,119,119,14,316,359,94,3.8,29.3,5.16,9.9
2003,4,17,10,17.7,973.3,41,0,2.3,5.1,105,NA,NA,738,207,696,434,588,129,129,14,323,367,94,4.3,31.4,5.35,10.7
2003,4,17,11,18.3,973,39.5,0,2.7,5.2,118,NA,NA,803,168,787,228,655,130,122,14,327,370,94,4.3,32,5.35,11
2003,4,17,12,19.4,972.8,38.6,0,2.2,5,114,NA,1,791,180,760,131,643,265,124,14,331,375,94,5,33.7,5.61,11.7
2003,4,17,13,20.3,972.4,37.6,0,2.5,5.1,62,NA,NA,716,210,672,128,566,458,128,14,337,381,94,5.4,35.1,5.78,12.2
2003,4,17,14,20.8,972.2,35.7,0,3.4,6.3,45,NA,NA,608,216,592,123,451,594,123,14,334,380,94,5.1,35.3,5.66,12.3
2003,4,17,15,21.2,972,31.4,0,2.9,5.6,57,NA,NA,431,195,441,106,288,593,108,14,333,375,94,3.6,34.3,5.1,11.9
2003,4,17,16,21.1,972,33.5,0,3,5.8,41,NA,NA,301,120,477,75,160,625,81,14,339,373,94,4.4,35,5.41,12.1
2003,4,17,17,20.3,972.1,38.5,0,3.9,6.7,57,NA,NA,119,74,217,43,50,334,64,14,332,362,94,5.7,35.4,5.92,12.3
2003,4,17,18,18,972.6,45.2,0,3.4,7.1,43,NA,1,11,11,0,5,5,4,5,14,322,346,94,6,33.4,6.02,11.5
2003,4,17,19,17.1,973.1,42.6,0,3.2,6.6,54,NA,NA,0,0,0,0,0,0,0,14,318,341,94,4.3,30.7,5.35,10.4
2003,4,17,20,16.6,973.3,43.8,0,4.1,8.1,51,NA,NA,0,0,0,0,0,0,0,14,305,334,94,4.2,30.2,5.33,10.2
2003,4,17,21,16.1,973.3,42.9,0,4.1,7.2,49,NA,NA,0,0,0,0,0,0,0,14,303,332,94,3.5,29,5.05,9.7
2003,4,17,22,14.1,973.4,55.3,0,1.3,4.1,122,NA,NA,0,0,0,0,0,0,0,14,297,321,94,5.3,28.7,5.73,9.5
2003,4,17,23,13.7,973.5,51.4,0,1.2,3.8,117,NA,NA,0,0,0,0,0,0,0,14,292,314,94,3.9,26.9,5.19,8.8
2003,4,18,0,12.8,973.6,49.1,0,2.5,4.7,63,NA,NA,0,0,0,0,0,0,0,14,283,311,94,2.4,24.7,4.67,7.8
2003,4,18,1,11.9,973.3,52,0,2.1,4,65,NA,NA,1,0,0,0,0,0,0,14,283,309,94,2.4,23.7,4.66,7.4
2003,4,18,2,10.1,973.1,60.4,0,1.2,3.1,108,NA,NA,0,0,0,0,0,0,0,14,269,294,94,2.8,22.3,4.81,6.6
2003,4,18,3,8.4,973.2,67.4,0,1,2.1,241,NA,NA,1,0,0,0,0,0,0,14,267,291,94,2.7,20.5,4.78,5.7
2003,4,18,4,7.4,973.1,71.1,0,0.6,2.4,259,NA,NA,1,0,0,0,0,0,0,14,265,286,94,2.5,19.3,4.71,5.1
2003,4,18,5,7.1,973.2,73.9,0,0.5,1.6,252,NA,NA,32,23,150,192,16,15,53,14,264,288,94,2.8,19.2,4.8,5.1
2003,4,18,6,9.4,973.7,65.7,0,0.5,1.8,252,NA,0,153,78,313,438,56,47,64,14,280,313,94,3.3,22,4.99,6.5
2003,4,18,7,12,973.6,48.5,0,2.6,7.8,69,NA,NA,324,129,477,629,181,79,85,14,282,326,94,1.5,23.1,4.37,7.1
2003,4,18,8,13.1,973,43.7,0,3,6.4,80,NA,NA,503,173,590,676,342,106,107,14,286,334,94,1,23.9,4.24,7.4
2003,4,18,9,14.5,972.5,40.5,0,3.1,7.1,96,NA,NA,662,162,732,616,497,114,113,14,295,342,94,1.2,25.5,4.3,8.1
2003,4,18,10,15.8,971.9,37.6,0,2.9,6.7,92,NA,NA,774,130,838,445,610,114,113,14,299,351,94,1.4,26.9,4.35,8.8
2003,4,18,11,17.3,971.1,33.5,0,3.8,8.3,71,NA,NA,832,132,864,224,668,123,116,14,307,359,94,1.1,28.2,4.26,9.4
2003,4,18,12,18.8,970.2,29,0,5.4,10.7,52,NA,0,841,114,901,115,674,263,111,14,306,359,94,0.4,29.2,4.06,9.8
2003,4,18,13,19.7,968.8,24.4,0,5,10,56,NA,NA,787,97,910,107,609,490,108,14,311,362,94,-1.2,29,3.61,9.6
2003,4,18,14,20.4,967.9,22.2,0,5.9,11.6,67,NA,NA,688,77,919,95,506,693,95,14,321,368,94,-1.9,29.2,3.44,9.7
2003,4,18,15,20.2,967.2,25,0,6.9,11.2,65,NA,NA,543,69,882,83,356,829,84,14,322,365,94,-0.4,30,3.83,10.1
2003,4,18,16,19.8,966.8,21.6,0,6.3,10.8,68,NA,NA,365,61,796,67,179,855,70,14,312,355,94,-2.8,28.1,3.22,9.2
2003,4,18,17,18.8,966.4,21,0,5.9,10,69,NA,NA,171,45,598,42,47,683,82,14,296,342,94,-4,26.4,2.95,8.5
2003,4,18,18,16.8,966.3,27.1,0,5.6,8.5,57,NA,0,18,18,0,8,8,13,10,14,289,328,94,-2.2,25.4,3.35,8.1
2003,4,18,19,14.3,966.1,36.3,0,2.6,5.9,29,NA,NA,0,0,0,0,0,0,0,14,285,314,94,-0.4,24.1,3.83,7.5
2003,4,18,20,12.5,965.5,46.5,0,0.6,2.3,143,NA,NA,0,0,0,0,0,0,0,14,276,297,94,1.4,23.6,4.37,7.3
2003,4,18,21,10.3,965.3,53.8,0,0.2,0.8,270,NA,NA,0,0,0,0,0,0,0,14,270,290,94,1.4,21.4,4.37,6.2
2003,4,18,22,8.7,965.1,59.7,0,0.7,1.8,270,NA,NA,0,0,0,0,0,0,0,14,270,289,94,1.3,19.7,4.36,5.3
2003,4,18,23,8.9,965.1,60.1,0,0.4,3.1,45,NA,NA,0,0,0,0,0,0,0,14,272,292,94,1.6,20.1,4.45,5.6
2003,4,19,0,10.7,964.4,53.7,0,3.5,7.8,61,NA,NA,0,0,0,0,0,0,0,14,276,304,94,1.7,22.1,4.49,6.5
2003,4,19,1,10.6,964.2,50.5,0,3.8,7.5,63,NA,NA,0,0,0,0,0,0,0,14,273,303,94,0.8,21.2,4.19,6.1
2003,4,19,2,8.5,963.1,58.4,0,1.4,4.2,61,NA,NA,0,0,0,0,0,0,0,14,260,287,94,0.8,19.1,4.21,5.1
2003,4,19,3,6.9,962.7,61.2,0,0.3,1.7,180,NA,NA,0,0,0,0,0,0,0,14,256,279,94,0,16.9,3.96,3.9
2003,4,19,4,6.5,962.6,64.5,0,0.4,2.6,56,NA,NA,1,0,0,0,0,0,0,14,258,278,94,0.3,16.7,4.06,3.8
2003,4,19,5,7.7,962.3,58.2,0,2.8,5.4,73,NA,NA,34,27,102,149,17,16,45,14,262,291,94,0,17.7,3.98,4.4
2003,4,19,6,7.8,962.4,58,0,4.2,9.2,72,NA,5,169,95,304,448,64,53,73,14,262,299,94,0.1,17.9,3.99,4.4
2003,4,19,7,7.7,962.3,57.5,0,5.4,9,72,NA,NA,330,161,409,599,182,88,95,14,261,303,94,-0.2,17.6,3.93,4.3
2003,4,19,8,8.3,962,56.1,0,4.7,8.9,71,NA,NA,525,159,650,710,352,104,105,14,268,313,94,0.1,18.4,3.99,4.7
2003,4,19,9,9.1,961.8,54.8,0,4.8,8.4,68,NA,NA,681,146,779,630,505,113,113,14,272,319,94,0.5,19.5,4.12,5.3
2003,4,19,10,10,961.6,53.6,0,5,9.4,54,NA,NA,794,157,826,455,618,122,121,14,276,327,94,1,20.8,4.28,5.9
2003,4,19,11,10.9,961.1,50.7,0,4.2,7.7,52,NA,NA,803,252,676,243,633,153,141,14,279,330,94,1.1,21.8,4.31,6.4
2003,4,19,12,12.2,960.5,47.2,0,4.8,9.3,49,NA,5,844,167,835,131,667,275,125,14,283,335,94,1.3,23.3,4.37,7.1
2003,4,19,13,13,959.5,44,0,4.4,7.4,69,NA,NA,780,108,883,107,603,490,107,14,287,338,94,1,23.9,4.3,7.4
2003,4,19,14,13.7,958.5,43.2,0,4.3,6.9,74,NA,NA,677,121,831,106,494,677,106,14,300,345,94,1.4,24.9,4.42,7.8
2003,4,19,15,14.1,958.1,42.7,0,3.9,6.3,67,NA,NA,489,155,618,100,318,703,102,14,300,343,94,1.6,25.5,4.49,8.1
2003,4,19,16,14.4,957.6,44.2,0,4,6.5,65,NA,NA,297,151,377,83,155,563,91,14,305,339,94,2.4,26.5,4.74,8.5
2003,4,19,17,13.7,957.8,47,0,2.9,5.9,61,NA,NA,90,79,50,38,42,138,49,14,299,327,94,2.6,25.9,4.82,8.3
2003,4,19,18,13.1,959.3,49.5,0,1.3,4.6,97,NA,7,14,14,0,7,7,7,7,14,299,323,94,2.8,25.5,4.87,8.1
2003,4,19,19,12.7,959.9,56.1,0.8,0.8,2.3,172,NA,NA,2,0,0,0,0,0,0,14,300,321,94,4.2,26.3,5.38,8.4
2003,4,19,20,10.3,960.1,82.7,2.4,1.2,2.7,59,NA,NA,6,0,0,0,0,0,0,14,343,343,94,7.5,27.4,6.78,8.8
2003,4,19,21,9.8,960.2,87.6,0.8,1.3,3.4,324,NA,NA,3,0,0,0,0,0,0,14,341,341,94,7.8,27.3,6.95,8.7
2003,4,19,22,9.7,960.2,89.1,0.2,0.8,2.8,34,NA,NA,5,0,0,0,0,0,0,14,341,341,94,8,27.4,7.02,8.8
2003,4,19,23,9.6,960.3,86,0,0.9,2.2,49,NA,NA,5,0,0,0,0,0,0,14,339,339,94,7.4,26.6,6.73,8.4
2003,4,20,0,9.3,959.7,91.4,0,0.6,1.5,11,NA,NA,4,0,0,0,0,0,0,14,339,339,94,8,27,7.01,8.6
2003,4,20,1,9.1,959.6,91,0,0.8,1.7,34,NA,NA,4,0,0,0,0,0,0,14,338,338,94,7.7,26.5,6.89,8.4
2003,4,20,2,9,959.3,89.2,0,0.9,1.8,54,NA,NA,4,0,0,0,0,0,0,14,337,337,94,7.3,25.9,6.71,8.1
2003,4,20,3,8.8,958.9,88.1,0,1.2,3,61,NA,NA,2,0,0,0,0,0,0,14,335,335,94,6.9,25.3,6.54,7.8
2003,4,20,4,8.5,959.1,86,0,1.1,2.4,75,NA,NA,0,0,0,0,0,0,0,14,335,335,94,6.3,24.3,6.25,7.4
2003,4,20,5,8.5,959.3,80.7,0,1.2,3.3,75,NA,NA,25,25,3,19,12,11,13,14,326,328,94,5.4,23.3,5.86,7
2003,4,20,6,9.1,959.3,77.3,0,1.4,3.3,72,NA,7,123,95,110,242,56,48,62,14,329,332,94,5.3,23.9,5.84,7.2
2003,4,20,7,9.8,959.3,69.9,0,1.9,4.3,78,NA,NA,311,155,373,559,171,85,93,14,333,345,94,4.6,23.8,5.54,7.2
2003,4,20,8,10.8,959.3,65.9,0,1.9,5,106,NA,NA,372,273,175,394,229,115,118,14,293,330,94,4.7,24.9,5.58,7.8
2003,4,20,9,11.8,959.3,61,0,2.1,4.3,113,NA,NA,462,319,207,370,311,135,136,14,299,336,94,4.5,25.8,5.52,8.1
2003,4,20,10,13.1,959,57.2,0,1.3,3.6,85,NA,NA,571,385,241,326,406,156,157,14,306,348,94,4.8,27.4,5.64,8.9
2003,4,20,11,15,958.7,51.5,0,1.1,6,90,NA,NA,679,363,386,238,500,175,163,14,314,357,94,5.1,29.6,5.75,9.9
2003,4,20,12,16,959.1,47.8,0,1.4,4.7,98,NA,7,656,352,374,169,481,254,159,14,314,360,94,4.9,30.5,5.69,10.2
2003,4,20,13,16.5,959.1,43.9,0,1.8,3.8,86,NA,NA,337,315,29,136,196,180,135,14,313,351,94,4.2,30.2,5.39,10.1
2003,4,20,14,16.7,959.2,42.9,0,1.3,4.2,119,NA,NA,382,314,101,132,237,286,132,14,317,357,94,4,30.3,5.33,10.2
2003,4,20,15,17.3,959.6,42.4,0,1.8,3.6,118,NA,NA,258,246,21,104,138,197,105,14,320,353,94,4.4,31.3,5.47,10.6
2003,4,20,16,17.4,959.8,40.1,0,1.8,3.6,111,NA,NA,170,166,9,72,82,124,75,14,318,349,94,3.7,30.7,5.2,10.3
2003,4,20,17,17.3,960.2,39.6,0,1.2,2.2,107,NA,NA,99,85,63,41,45,159,53,14,317,344,94,3.4,30.3,5.1,10.2
2003,4,20,18,15.9,961,51,0,1.4,3,288,NA,7,15,15,0,7,7,7,7,14,314,335,94,5.8,31.2,6.02,10.5
2003,4,20,19,14.1,961.8,58.5,0,2.4,4.2,251,NA,NA,0,0,0,0,0,0,0,14,305,323,94,6.1,29.7,6.14,9.9
2003,4,20,20,13.2,962.4,64.2,0,2.1,4.7,245,NA,NA,0,0,0,0,0,0,0,14,312,321,94,6.6,29.3,6.36,9.7
2003,4,20,21,11,963,74.5,0,1.2,2.8,270,NA,NA,0,0,0,0,0,0,0,14,305,313,94,6.6,27.1,6.38,8.7
2003,4,20,22,9.9,963.2,79.8,0,0.5,1.8,45,NA,NA,0,0,0,0,0,0,0,14,295,307,94,6.6,25.9,6.35,8.2
2003,4,20,23,9,963.5,82.8,0,0.4,1.4,333,NA,NA,0,0,0,0,0,0,0,14,286,301,94,6.2,24.6,6.19,7.6
2003,4,21,0,8.5,963.4,83.8,0,0.4,1.3,270,NA,NA,0,0,0,0,0,0,0,14,285,300,94,5.9,23.8,6.06,7.2
2003,4,21,1,8.2,963.7,84.5,0,0,2.2,0,NA,NA,0,0,0,0,0,0,0,14,283,299,94,5.7,23.3,5.99,7
2003,4,21,2,7.8,964.5,85.8,0,0.3,1.5,27,NA,NA,0,0,0,0,0,0,0,14,279,295,94,5.6,22.7,5.91,6.7
2003,4,21,3,7.4,964.4,87.1,0,0.4,1.3,252,NA,NA,0,0,0,0,0,0,0,14,278,293,94,5.4,22.1,5.84,6.4
2003,4,21,4,6.7,965,88.4,0,0.5,1.8,297,NA,NA,0,0,0,0,0,0,0,14,272,288,94,4.9,20.9,5.64,5.8
2003,4,21,5,7.2,965.6,85.8,0,0.7,1.8,259,NA,NA,21,21,0,10,10,10,10,14,279,299,94,5,21.5,5.66,6.1
2003,4,21,6,8.7,965.9,84.7,0,0.3,1.1,360,NA,5,71,71,0,40,34,32,34,14,288,311,94,6.3,24.3,6.19,7.5
2003,4,21,7,10,966.3,79.5,0,1,1.8,276,NA,NA,141,140,2,88,68,62,64,14,295,321,94,6.6,26,6.34,8.2
2003,4,21,8,11.3,966.4,72.9,0,0.4,1.6,333,NA,NA,194,190,6,115,97,84,86,14,344,350,94,6.6,27.4,6.34,8.9
2003,4,21,9,13.6,966.4,56.9,0,1.1,3.3,243,NA,NA,396,315,117,287,248,132,134,14,353,366,94,5.2,28.2,5.75,9.3
2003,4,21,10,14.9,966.2,51.6,0,0.8,3.1,130,NA,NA,602,360,310,340,427,155,156,14,361,379,94,5,29.3,5.68,9.8
2003,4,21,11,16.4,965.9,46.9,0,2,5.5,112,NA,NA,817,246,695,242,633,152,140,14,328,368,94,5,30.9,5.68,10.4
2003,4,21,12,17.1,965.7,45.8,0,3.4,6.3,88,NA,6,825,152,824,125,640,267,120,14,330,369,94,5.3,31.9,5.8,10.9
2003,4,21,13,17.1,965.7,44.6,0,4.2,7.2,62,NA,NA,773,206,739,131,583,487,131,14,325,367,94,5,31.5,5.65,10.7
2003,4,21,14,17.2,965.6,45.6,0,3.7,6.9,61,NA,NA,543,294,369,135,371,489,135,14,327,362,94,5.4,32,5.82,10.9
2003,4,21,15,17.2,965.4,45.5,0,4.3,6.7,60,NA,NA,485,199,522,111,304,662,113,14,330,365,94,5.3,32,5.8,10.9
2003,4,21,16,16.9,965.5,44.7,0,3,7,64,NA,NA,225,163,158,77,114,326,84,14,325,350,94,4.8,31.2,5.59,10.6
2003,4,21,17,15.8,965.5,49.3,0,1.2,2.8,41,NA,NA,71,71,0,33,33,43,34,14,313,335,94,5.2,30.4,5.75,10.3
2003,4,21,18,14.3,966,56.9,0,0.8,2,18,NA,4,20,20,0,9,9,13,10,14,305,323,94,5.9,29.6,6.03,9.9
2003,4,21,19,13.6,966.5,58.7,0,0.4,1.2,45,NA,NA,0,0,0,0,0,0,0,14,307,321,94,5.7,28.7,5.94,9.5
2003,4,21,20,12.8,966.9,65.3,0,0.4,1.3,45,NA,NA,0,0,0,0,0,0,0,14,302,321,94,6.5,28.7,6.27,9.5
2003,4,21,21,12.2,967.1,69.3,0,0.5,1.6,315,NA,NA,0,0,0,0,0,0,0,14,302,319,94,6.7,28.4,6.4,9.3
2003,4,21,22,12.3,966.8,70.4,0,1.1,2.2,96,NA,NA,0,0,0,0,0,0,0,14,305,320,94,7.1,28.9,6.54,9.5
2003,4,21,23,11.1,967.2,78.4,0,0.9,2.7,49,NA,NA,0,0,0,0,0,0,0,14,302,315,94,7.5,28.1,6.73,9.2
2003,4,22,0,9.7,966.7,83,0,0.6,1.5,252,NA,NA,0,0,0,0,0,0,0,14,302,309,94,7,26.1,6.49,8.3
2003,4,22,1,9.1,966.5,83,0,0.4,1.8,252,NA,NA,0,0,0,0,0,0,0,14,298,303,94,6.4,24.8,6.23,7.7
2003,4,22,2,7.8,966.4,85.4,0,0.3,1.1,270,NA,NA,0,0,0,0,0,0,0,14,280,293,94,5.5,22.6,5.87,6.7
2003,4,22,3,6.9,966.8,88.3,0,0.2,0.8,315,NA,NA,0,0,0,0,0,0,0,14,275,290,94,5.1,21.3,5.7,6
2003,4,22,4,6.5,966.9,88.5,0,0.2,0.8,243,NA,NA,2,0,0,0,0,0,0,14,274,288,94,4.7,20.5,5.56,5.6
2003,4,22,5,6.6,967.5,88.9,0,0.2,0.8,270,NA,NA,39,29,125,175,18,17,54,14,272,293,94,4.9,20.7,5.62,5.8
2003,4,22,6,8.9,967.4,84.7,0,0.5,1.3,22,NA,2,182,91,352,492,63,54,79,14,286,319,94,6.5,24.7,6.27,7.7
2003,4,22,7,11.5,967.1,74.7,0,0.7,3,45,NA,NA,337,130,484,635,175,81,88,14,291,336,94,7.2,28.2,6.58,9.2
2003,4,22,8,13.3,967.1,66.8,0,0.9,3.5,90,NA,NA,521,154,636,691,335,102,103,14,315,354,94,7.3,30.1,6.63,10.1
2003,4,22,9,14.8,966.9,59,0,1.7,4.9,76,NA,NA,678,146,761,615,485,113,112,14,316,359,94,6.9,31.2,6.45,10.6
2003,4,22,10,16.2,966.3,53.2,0,2.8,5.7,58,NA,NA,790,135,836,443,595,116,115,14,324,367,94,6.7,32.4,6.37,11.1
2003,4,22,11,18,965,43.7,0,3.9,7.3,61,NA,NA,850,183,809,234,657,138,129,14,335,375,94,5.5,33,5.87,11.3
2003,4,22,12,18.7,964.5,37.3,0,4.7,8.2,66,NA,5,737,279,558,155,556,268,147,14,331,370,94,3.8,32.1,5.23,10.9
2003,4,22,13,19.5,964,34.3,0,3.7,6.6,69,NA,NA,533,337,255,147,371,324,147,14,338,372,94,3.4,32.4,5.05,11.1
2003,4,22,14,19.9,963.4,35.6,0,4.1,7.6,54,NA,NA,677,170,748,117,474,663,117,14,342,379,94,4.2,33.7,5.38,11.6
2003,4,22,15,20,963.3,32,0,4,7.3,65,NA,NA,539,137,731,102,333,777,104,14,338,377,94,2.8,32.5,4.87,11.1
2003,4,22,16,19.4,963.2,34.2,0,3.7,6.4,56,NA,NA,269,157,282,80,133,461,89,14,334,363,94,3.2,32.2,5.01,11
2003,4,22,17,18.5,963.5,35.5,0,4.1,6.3,62,NA,NA,126,82,193,46,53,320,74,14,321,351,94,3,31.1,4.92,10.5
2003,4,22,18,17,963.6,46.1,0,3.9,6.7,61,NA,2,18,18,0,8,8,10,9,14,320,344,94,5.3,31.8,5.82,10.8
2003,4,22,19,16.1,964.3,52.2,0,2.2,4.7,71,NA,NA,2,0,0,0,0,0,0,14,316,337,94,6.3,31.9,6.22,10.9
2003,4,22,20,13.7,964.2,60.8,0,3,5,44,NA,NA,0,0,0,0,0,0,0,14,304,327,94,6.3,29.5,6.21,9.8
2003,4,22,21,13.3,964.3,61,0,1.8,4.6,74,NA,NA,0,0,0,0,0,0,0,14,306,323,94,5.9,28.7,6.07,9.4
2003,4,22,22,11.4,964.6,70.9,0,0.6,2,180,NA,NA,0,0,0,0,0,0,0,14,294,307,94,6.3,27.1,6.22,8.8
2003,4,22,23,10,964.4,77.8,0,0.3,1.3,297,NA,NA,0,0,0,0,0,0,0,14,282,299,94,6.3,25.7,6.22,8.1
2003,4,23,0,9.1,964.3,81.4,0,0.5,1.4,243,NA,NA,1,0,0,0,0,0,0,14,278,295,94,6.1,24.6,6.13,7.6
2003,4,23,1,8.4,964.1,83.8,0,0.4,1.2,236,NA,NA,0,0,0,0,0,0,0,14,274,291,94,5.8,23.6,6.01,7.1
2003,4,23,2,7.9,964.2,85.6,0,0.2,2.6,243,NA,NA,0,0,0,0,0,0,0,14,271,289,94,5.6,22.9,5.94,6.8
2003,4,23,3,7.1,964.3,87.6,0,0.4,1,256,NA,NA,0,0,0,0,0,0,0,14,269,288,94,5.2,21.6,5.75,6.2
2003,4,23,4,6.7,964.8,88.5,0,0.2,1.5,243,NA,NA,3,0,0,0,0,0,0,14,268,285,94,4.9,20.9,5.65,5.8
2003,4,23,5,6.8,965.2,87.7,0,0.2,0.8,45,NA,NA,44,32,140,194,20,19,60,14,272,293,94,4.9,21,5.63,5.9
2003,4,23,6,9.3,965.4,82.6,0,0.6,1.3,31,NA,1,181,81,381,507,59,51,77,14,287,320,94,6.5,25.2,6.29,7.9
2003,4,23,7,11.7,965.3,71.6,0,1,2.7,96,NA,NA,356,125,537,676,179,81,87,14,292,335,94,6.7,27.9,6.41,9.1
2003,4,23,8,13.2,965.4,65.3,0,1.7,6.8,79,NA,NA,532,128,695,711,338,99,100,14,312,351,94,6.8,29.5,6.45,9.8
2003,4,23,9,14.5,965.3,60.8,0,3.9,7.1,58,NA,NA,684,145,767,617,483,113,112,14,313,356,94,7,31.1,6.53,10.5
2003,4,23,10,16.3,965.2,53.1,0,3.3,7.6,59,NA,NA,820,129,878,455,611,116,115,14,323,366,94,6.7,32.6,6.4,11.1
2003,4,23,11,17.4,964.6,47.3,0,4.1,7.4,55,NA,NA,881,154,878,231,670,132,124,14,328,376,94,6.1,33,6.12,11.3
2003,4,23,12,18.4,964.3,40.5,0,3,6.5,46,NA,2,807,252,674,149,611,281,141,14,324,374,94,4.7,32.6,5.58,11.2
2003,4,23,13,19.3,964,35.2,0,2.9,6.4,49,NA,NA,782,191,764,128,578,490,128,14,327,376,94,3.6,32.4,5.12,11.1
2003,4,23,14,20,963.6,35.4,0,2,4.9,58,NA,NA,615,242,547,129,422,581,129,14,343,381,94,4.2,33.8,5.39,11.6
2003,4,23,15,19.3,963.5,36.9,0,1.8,4.2,54,NA,NA,259,215,79,97,144,233,98,14,337,366,94,4.2,33,5.38,11.3
2003,4,23,16,19.6,963.6,34.8,0,1.5,5,72,NA,NA,273,172,252,84,134,449,93,14,336,366,94,3.7,32.8,5.16,11.3
2003,4,23,17,18,964,40,0,1.6,3.7,45,NA,NA,82,80,8,36,38,64,40,14,333,353,94,4.2,31.7,5.37,10.8
2003,4,23,18,16.8,964.2,46.6,0,1.6,2.4,32,NA,3,27,27,0,12,12,23,15,14,324,339,94,5.3,31.6,5.8,10.7
2003,4,23,19,15.9,965,50.9,0,0.5,2,63,NA,NA,0,0,0,0,0,0,0,14,323,327,94,5.8,31.1,5.98,10.5
2003,4,23,20,14,965.6,57.9,0,0.5,2.7,104,NA,NA,0,0,0,0,0,0,0,14,303,314,94,5.9,29.3,6.02,9.8
2003,4,23,21,11.7,965.8,65.2,0,0.5,2,27,NA,NA,0,0,0,0,0,0,0,14,295,307,94,5.4,26.5,5.83,8.5
2003,4,23,22,10.3,966.3,70.5,0,0.5,1.4,243,NA,NA,0,0,0,0,0,0,0,14,286,301,94,5.2,24.8,5.73,7.7
2003,4,23,23,9.7,966.8,73,0,0.3,1,243,NA,NA,0,0,0,0,0,0,0,14,276,293,94,5.1,24.1,5.7,7.4
2003,4,24,0,8.6,966.8,77,0,0.3,1.1,252,NA,NA,0,0,0,0,0,0,0,14,273,291,94,4.8,22.7,5.58,6.7
2003,4,24,1,8,967,79.9,0,0.2,1.7,225,NA,NA,1,0,0,0,0,0,0,14,274,290,94,4.7,22,5.56,6.4
2003,4,24,2,7.5,967.3,82.5,0,0.3,1,297,NA,NA,2,0,0,0,0,0,0,14,270,287,94,4.7,21.5,5.55,6.1
2003,4,24,3,6.8,967.4,85.1,0,0.2,1,315,NA,NA,0,0,0,0,0,0,0,14,266,286,94,4.5,20.5,5.45,5.7
2003,4,24,4,6.7,968.1,85.3,0,0.2,1.2,270,NA,NA,2,0,0,0,0,0,0,14,263,283,94,4.4,20.4,5.42,5.6
2003,4,24,5,7.1,968.5,84.1,0,0.3,1,360,NA,NA,44,33,124,180,20,19,57,14,279,297,94,4.6,20.9,5.49,5.9
2003,4,24,6,9.5,968.9,77.9,0,0.4,1.2,360,NA,1,177,86,340,473,61,52,79,14,295,323,94,5.8,24.6,5.99,7.6
2003,4,24,7,12.1,969.1,68.3,0,0.7,2.4,45,NA,NA,352,135,498,652,176,84,91,14,306,344,94,6.4,27.9,6.25,9.1
2003,4,24,8,14.2,969.1,56.2,0,1.4,3.2,100,NA,NA,525,147,646,689,328,100,102,14,309,353,94,5.6,29.2,5.89,9.7
2003,4,24,9,15.9,969.1,50.5,0,1.5,3.5,102,NA,NA,676,166,723,605,473,115,115,14,321,364,94,5.6,30.9,5.91,10.5
2003,4,24,10,17.6,968.8,47,0,1,5.4,90,NA,NA,785,172,775,439,581,123,122,14,332,376,94,6.2,33.2,6.13,11.4
2003,4,24,11,18.6,968,43.1,0,2.4,4.3,114,NA,NA,814,201,738,229,617,140,130,14,334,379,94,5.8,33.9,5.99,11.7
2003,4,24,12,20.4,967.7,40.3,0,1.8,5,90,NA,4,805,205,726,137,608,273,131,14,338,387,94,6.5,36.4,6.27,12.7
2003,4,24,13,21.7,967.4,36.6,0,2,4.1,114,NA,NA,737,221,666,131,539,463,131,14,346,392,94,6.2,37.5,6.17,13.1
2003,4,24,14,22.3,967.3,35.3,0,2.2,3.8,127,NA,NA,605,226,554,125,412,574,125,14,359,395,94,6.2,38.1,6.17,13.3
2003,4,24,15,21.8,967.3,37.8,0,2.6,4.4,122,NA,NA,426,230,351,113,252,530,116,14,355,387,94,6.8,38.2,6.41,13.4
2003,4,24,16,21.3,967.3,41.2,0,2.2,3.4,121,NA,NA,241,177,160,81,118,344,90,14,353,378,94,7.6,38.6,6.78,13.5
2003,4,24,17,20.3,967.3,43.2,0,1.9,3.5,87,NA,NA,131,100,133,49,56,267,74,14,335,363,94,7.4,37.4,6.68,13
2003,4,24,18,18,967.6,45.7,0,1.9,3.2,41,NA,6,21,21,0,10,10,12,11,14,322,342,94,6.1,33.6,6.12,11.6
2003,4,24,19,16.9,968.3,47.4,0,1.4,2.7,63,NA,NA,1,0,0,0,0,0,0,14,321,331,94,5.6,32,5.92,10.9
2003,4,24,20,15.7,968.8,53.3,0,0.7,2.6,81,NA,NA,0,0,0,0,0,0,0,14,309,319,94,6.2,31.4,6.16,10.6
2003,4,24,21,13.6,969,65.4,0,0.4,1.7,288,NA,NA,1,0,0,0,0,0,0,14,307,320,94,7.2,30.4,6.6,10.2
2003,4,24,22,12.7,969.1,69.6,0,0.4,1.5,27,NA,NA,1,0,0,0,0,0,0,14,307,315,94,7.3,29.5,6.63,9.8
2003,4,24,23,11.9,968.9,72.2,0,0.3,0.9,45,NA,NA,0,0,0,0,0,0,0,14,292,305,94,7.1,28.4,6.52,9.4
2003,4,25,0,10.6,968.6,77.9,0,0.5,1.7,180,NA,NA,1,0,0,0,0,0,0,14,284,302,94,6.9,26.9,6.46,8.7
2003,4,25,1,9.7,968.6,80.5,0,0.3,1,297,NA,NA,1,0,0,0,0,0,0,14,282,300,94,6.5,25.6,6.28,8.1
2003,4,25,2,9.5,968.6,80.5,0,0.3,1.1,243,NA,NA,2,0,0,0,0,0,0,14,281,299,94,6.3,25.1,6.2,7.9
2003,4,25,3,9.2,968.2,81,0,0.4,1.4,45,NA,NA,0,0,0,0,0,0,0,14,281,299,94,6.1,24.6,6.11,7.6
2003,4,25,4,9.6,968.5,80.1,0,0.3,1.2,225,NA,NA,1,0,0,0,0,0,0,14,282,303,94,6.3,25.3,6.21,7.9
2003,4,25,5,10.4,969,78.5,0,0.5,1.5,45,NA,NA,31,31,0,18,14,14,15,14,345,345,94,6.8,26.6,6.42,8.5
2003,4,25,6,12,969,74.1,0,0.3,1.3,0,NA,7,133,114,68,202,60,52,67,14,357,357,94,7.5,29.1,6.74,9.6
2003,4,25,7,13.8,968.9,64.7,0,0.8,2,98,NA,NA,229,192,86,257,115,83,90,14,363,367,94,7.3,30.6,6.62,10.3
2003,4,25,8,15.5,969.1,57.2,0,0.4,2.7,117,NA,NA,372,271,171,383,220,116,120,14,346,372,94,7.1,32.1,6.53,11
2003,4,25,9,17.2,968.5,47.7,0,1.1,3,49,NA,NA,588,299,407,490,393,139,140,14,356,386,94,6,32.7,6.07,11.2
2003,4,25,10,18.8,968.2,42.4,0,1.9,4,106,NA,NA,656,315,430,370,467,148,148,14,359,389,94,5.8,34,5.96,11.8
2003,4,25,11,19.6,967.8,39.9,0,1.9,3.6,133,NA,NA,453,377,91,189,275,165,160,14,333,373,94,5.6,34.7,5.9,12
2003,4,25,12,20.8,967.1,39.1,0,1.5,3.2,102,NA,7,563,397,201,177,373,233,168,14,349,387,94,6.4,36.8,6.24,12.8
2003,4,25,13,21.9,966.2,38.2,0,1.8,4.1,105,NA,NA,643,326,406,149,451,396,149,14,342,387,94,7,38.6,6.53,13.5
2003,4,25,14,22.5,966.2,37,0,3.2,6.9,236,NA,NA,339,324,22,134,188,219,133,14,351,383,94,7.1,39.3,6.56,13.8
2003,4,25,15,22.6,966,40,0,4.8,8.2,252,NA,NA,249,240,15,103,129,181,104,14,350,378,94,8.3,40.9,7.14,14.3
2003,4,25,16,21.6,966,44.5,0,5.2,8.2,252,NA,NA,154,149,13,67,75,118,70,14,348,374,94,9,40.7,7.48,14.3
2003,4,25,17,21.1,966.1,46.4,0,4.5,7,245,NA,NA,108,92,64,44,48,169,60,14,346,370,94,9.2,40.4,7.56,14.2
2003,4,25,18,20.3,966.5,49.5,0,3.7,8.1,225,NA,7,21,21,0,10,10,11,10,14,340,361,94,9.4,39.9,7.68,14
2003,4,25,19,19,967.2,52.6,0,3.2,8.8,217,NA,NA,0,0,0,0,0,0,0,14,334,354,94,9.1,38.2,7.52,13.3
2003,4,25,20,17.8,967.3,56.7,0,2.2,6,212,NA,NA,0,0,0,0,0,0,0,14,329,347,94,9.1,36.9,7.52,12.8
2003,4,25,21,16.4,967.8,62.8,0,2.7,6.2,223,NA,NA,0,0,0,0,0,0,0,14,320,339,94,9.3,35.8,7.62,12.4
2003,4,25,22,15.7,967.8,66.5,0,2,6,225,NA,NA,0,0,0,0,0,0,0,14,321,335,94,9.5,35.3,7.71,12.2
2003,4,25,23,15.2,967.5,68.8,0,3.7,7.4,241,NA,NA,0,0,0,0,0,0,0,14,320,337,94,9.5,34.8,7.73,12
2003,4,26,0,15,966.8,69.2,0,3.8,7,246,NA,NA,0,0,0,0,0,0,0,14,314,334,94,9.4,34.5,7.68,11.8
2003,4,26,1,13.4,966,75.1,0,1.3,3.5,283,NA,NA,0,0,0,0,0,0,0,14,308,324,94,9.1,32.5,7.52,11
2003,4,26,2,12.7,965.5,78,0,1.5,2.9,262,NA,NA,0,0,0,0,0,0,0,14,324,330,94,9,31.6,7.46,10.7
2003,4,26,3,11.9,965.4,81.4,0,0.6,1.8,236,NA,NA,0,0,0,0,0,0,0,14,321,323,94,8.8,30.6,7.39,10.2
2003,4,26,4,11.8,965.3,82.5,0,0.8,2.3,256,NA,NA,3,0,0,0,0,0,0,14,321,327,94,8.9,30.6,7.44,10.2
2003,4,26,5,13,965.4,77.4,0,2,4.5,241,NA,NA,11,11,0,3,5,5,5,14,351,351,94,9.1,32.1,7.56,10.8
2003,4,26,6,13.4,965.5,74.4,0,2.9,6.3,236,NA,7,27,27,0,9,13,13,13,14,352,352,94,8.9,32.3,7.45,10.9
2003,4,26,7,13.4,965.7,73.3,0,4.4,6.9,244,NA,NA,29,29,0,11,14,14,14,14,351,352,94,8.7,32,7.34,10.8
2003,4,26,8,12.7,966,78.6,0.3,4.2,6.8,243,NA,NA,38,38,0,17,18,19,19,14,356,356,94,9.1,31.7,7.52,10.7
2003,4,26,9,12.6,965.6,81.9,0.1,2.6,5.3,265,NA,NA,93,93,0,45,45,44,45,14,356,356,94,9.6,32.3,7.79,10.9
2003,4,26,10,13.5,965.1,74.1,0,1.2,3.4,239,NA,NA,131,131,0,64,65,61,62,14,364,364,94,9,32.4,7.47,11
2003,4,26,11,13.9,964.7,70.4,0,3.4,5.6,249,NA,NA,117,117,0,57,58,55,56,14,363,363,94,8.6,32.4,7.29,11
2003,4,26,12,14,964.8,71.5,0,3.3,4.8,247,NA,7,68,68,0,34,33,33,34,14,363,363,94,8.9,32.9,7.45,11.2
2003,4,26,13,14.1,966.2,69,0.1,3.7,13.1,223,NA,NA,50,50,0,25,24,24,25,14,362,362,94,8.5,32.4,7.23,11
2003,4,26,14,13.2,967.1,75.8,0.6,4.7,10.8,231,NA,NA,58,58,0,29,28,27,29,14,358,358,94,9,32.2,7.48,10.9
2003,4,26,15,12.6,967.6,81.7,0.3,3.7,7.1,222,NA,NA,72,72,0,36,35,33,35,14,356,356,94,9.6,32.2,7.75,10.9
2003,4,26,16,12.3,967.7,84.9,0.5,4.7,11.8,215,NA,NA,49,49,0,24,24,20,24,14,355,355,94,9.8,32.3,7.9,10.9
2003,4,26,17,12.3,968.4,82.7,0.2,5.5,11,235,NA,NA,27,27,0,14,13,9,13,14,347,350,96,9.4,31.8,7.69,10.7
2003,4,26,18,12,968.6,85.1,0.6,3.7,6.4,248,NA,8,5,5,0,3,3,0,2,14,346,348,96,9.6,31.6,7.76,10.7
2003,4,26,19,11.8,969.2,84.6,0.1,4.6,7.5,254,NA,NA,1,0,0,0,0,0,0,14,345,347,96,9.3,31,7.6,10.4
2003,4,26,20,11.8,969.5,82.1,0,2.8,6,232,NA,NA,3,0,0,0,0,0,0,14,328,337,96,8.8,30.5,7.37,10.2
2003,4,26,21,10.9,969.6,87.1,0,2.5,4.5,249,NA,NA,1,0,0,0,0,0,0,14,323,333,96,8.8,29.5,7.37,9.8
2003,4,26,22,11,969.8,84.9,0,3.1,4.6,241,NA,NA,1,0,0,0,0,0,0,14,324,334,96,8.6,29.3,7.23,9.7
2003,4,26,23,10.7,970,86.6,0,2.2,4.8,252,NA,NA,2,0,0,0,0,0,0,14,298,320,96,8.6,29,7.22,9.6
2003,4,27,0,10.8,969.7,86.4,0.2,1.7,3.8,242,NA,NA,2,0,0,0,0,0,0,14,300,323,96,8.6,29.1,7.26,9.6
2003,4,27,1,10.7,969.9,89.3,0.1,1.7,3.9,288,NA,NA,0,0,0,0,0,0,0,14,299,323,96,9,29.5,7.45,9.8
2003,4,27,2,10.6,969.9,85,0.1,1.3,3.5,189,NA,NA,0,0,0,0,0,0,0,14,313,324,96,8.2,28.4,7.04,9.3
2003,4,27,3,9.1,969.9,88.2,0,1,4.4,279,NA,NA,0,0,0,0,0,0,0,14,301,313,96,7.3,25.8,6.6,8.2
2003,4,27,4,8.4,970.1,91,0,1.5,3.2,274,NA,NA,1,0,0,0,0,0,0,14,306,312,96,7,24.8,6.5,7.7
2003,4,27,5,9.7,970.2,88.2,0,2.7,5.3,253,NA,NA,76,49,260,340,29,27,104,14,314,325,94,7.8,27.1,6.88,8.7
2003,4,27,6,11.5,970.8,83,0,3.3,5.5,265,NA,4,183,114,248,398,67,58,86,14,322,336,94,8.7,30,7.3,10
2003,4,27,7,12.6,970.7,75.1,0,3.8,5.7,253,NA,NA,301,198,229,450,152,92,103,14,322,344,94,8.3,30.6,7.1,10.3
2003,4,27,8,13.9,970.5,66.5,0,4.6,7.9,252,NA,NA,483,239,409,562,285,119,122,14,332,356,94,7.8,31.3,6.84,10.6
2003,4,27,9,15.2,970.4,59.8,0,4.8,8.1,252,NA,NA,662,230,603,573,445,129,129,14,331,362,94,7.4,32.2,6.69,11
2003,4,27,10,16.1,970.1,48.8,0,5.2,10.4,233,NA,NA,761,243,647,422,543,137,137,14,335,367,94,5.3,30.8,5.78,10.4
2003,4,27,11,17.6,969.6,39.6,0,5.3,10.2,237,NA,NA,826,237,701,235,605,150,138,14,330,368,94,3.7,30.8,5.15,10.4
2003,4,27,12,18.1,968.9,38,0,4.3,9,238,NA,6,853,183,802,134,625,281,128,14,334,372,94,3.6,31.1,5.11,10.6
2003,4,27,13,18.7,968.2,35.6,0,4,9.9,238,NA,NA,764,247,657,138,538,474,138,14,334,372,94,3.2,31.4,4.97,10.7
2003,4,27,14,18.9,967.6,35.4,0,4.3,8.1,238,NA,NA,515,325,275,142,321,432,142,14,342,371,94,3.3,31.7,5.01,10.8
2003,4,27,15,18.9,967.3,36.2,0,3.7,7.3,251,NA,NA,423,226,347,112,242,521,115,14,345,373,94,3.6,32,5.12,10.9
2003,4,27,16,18.9,967.2,38,0,4.4,7.3,256,NA,NA,305,151,372,84,138,557,95,14,344,367,94,4.3,32.6,5.38,11.2
2003,4,27,17,17.9,967.3,38.9,0,4.7,7.8,254,NA,NA,109,91,71,44,48,172,61,14,320,348,94,3.7,31.1,5.17,10.6
2003,4,27,18,17.9,966.9,33.9,0,2.7,6,230,NA,7,45,45,0,18,19,56,30,14,314,342,94,1.8,29.4,4.5,9.9
2003,4,27,19,15,967.2,48.5,0,1.6,3.3,295,NA,NA,0,0,0,0,0,0,0,14,307,327,94,4.2,28.6,5.36,9.5
2003,4,27,20,14.2,966.9,53,0,0.7,2.6,198,NA,NA,1,0,0,0,0,0,0,14,343,343,94,4.8,28.3,5.57,9.4
2003,4,27,21,12.7,966.3,61.4,0,0.4,1.9,18,NA,NA,3,0,0,0,0,0,0,14,335,335,94,5.5,27.5,5.86,9
2003,4,27,22,11.8,965.8,66.8,0,1.2,2.3,250,NA,NA,1,0,0,0,0,0,0,14,334,335,94,5.8,27,6.01,8.7
2003,4,27,23,11.7,965.6,67.9,0,0.7,2.1,333,NA,NA,3,0,0,0,0,0,0,14,346,346,94,6,27.1,6.07,8.8
2003,4,28,0,11,965.4,72.2,0,0.5,1.9,180,NA,NA,1,0,0,0,0,0,0,14,346,346,94,6.2,26.6,6.16,8.5
2003,4,28,1,9.3,965.1,79,0,0.5,1.9,256,NA,NA,1,0,0,0,0,0,0,14,339,339,94,5.8,24.5,6.02,7.5
2003,4,28,2,9.2,965,80.3,0,0.2,0.8,90,NA,NA,1,0,0,0,0,0,0,14,286,297,94,6,24.5,6.08,7.6
2003,4,28,3,8.7,964.9,82,0,0.2,1.4,135,NA,NA,0,0,0,0,0,0,0,14,284,298,94,5.8,23.8,6,7.2
2003,4,28,4,8.7,964.6,81.2,0,0.3,1.2,90,NA,NA,2,0,0,0,0,0,0,14,285,297,94,5.7,23.7,5.94,7.2
2003,4,28,5,9.4,964.6,80.1,0,0.7,2,27,NA,NA,58,40,168,233,25,23,76,14,295,311,94,6.1,24.9,6.15,7.7
2003,4,28,6,11.7,964.8,72.9,0,0.9,2.4,98,NA,4,110,99,37,124,50,45,54,14,300,323,94,7,28.2,6.53,9.2
2003,4,28,7,13.7,964.6,66.4,0,0.9,2.8,292,NA,NA,369,174,432,628,176,95,105,14,311,349,94,7.6,30.9,6.78,10.4
2003,4,28,8,15.7,964.3,54.2,0,1.9,6.1,264,NA,NA,499,209,484,609,297,114,117,14,332,364,94,6.5,31.7,6.3,10.8
2003,4,28,9,18.5,963.9,43.1,0,5.3,12.3,241,NA,NA,648,238,569,556,431,130,130,14,337,370,94,5.7,33.8,5.98,11.6
2003,4,28,10,20.1,963.4,36.2,0,8.2,13.2,242,NA,NA,787,206,723,433,559,131,130,14,347,382,94,4.7,34.3,5.55,11.8
2003,4,28,11,21.4,962.8,33,0,7.9,13.8,237,NA,NA,837,188,770,226,610,138,128,14,362,392,94,4.5,35.4,5.48,12.3
2003,4,28,12,22.2,962.3,32.5,0,10.2,15.3,245,NA,3,834,235,715,146,603,285,139,14,365,394,94,5,36.7,5.67,12.8
2003,4,28,13,22.7,962.2,32,0,10.2,15,249,NA,NA,682,272,520,142,471,421,142,14,366,393,94,5.2,37.5,5.76,13.1
2003,4,28,14,22.8,961.6,34.4,0,7,14,239,NA,NA,496,298,284,136,307,417,136,14,356,386,94,6.3,38.8,6.24,13.5
2003,4,28,15,21.5,961.8,38.5,0,8.3,14,255,NA,NA,248,232,27,101,127,181,102,14,353,376,94,6.8,38,6.45,13.3
2003,4,28,16,21,961.6,39.5,0,8.1,13,249,NA,NA,211,178,80,79,100,239,86,14,349,372,94,6.7,37.4,6.42,13
2003,4,28,17,20.3,962,41.1,0,3.7,9.6,246,NA,NA,106,92,56,44,48,158,60,14,354,369,94,6.7,36.6,6.39,12.7
2003,4,28,18,19.4,961.5,41.5,0,4.4,11.1,237,NA,7,21,21,0,10,10,10,10,14,349,363,94,6,35,6.1,12.1
2003,4,28,19,18.4,961.6,42.4,0,7,12.3,246,NA,NA,0,0,0,0,0,0,0,14,343,358,94,5.4,33.3,5.86,11.4
2003,4,28,20,17.2,962.1,46.5,0,6,9.2,242,NA,NA,0,0,0,0,0,0,0,14,321,344,94,5.6,32.4,5.95,11
2003,4,28,21,15.8,962,52.4,0,6,9,249,NA,NA,0,0,0,0,0,0,0,14,315,338,94,6.1,31.4,6.14,10.6
2003,4,28,22,15.2,962.4,55.1,0,5.2,8.3,260,NA,NA,0,0,0,0,0,0,0,14,311,336,94,6.3,31,6.21,10.5
2003,4,28,23,14.9,962.9,55.8,0,3,5.3,242,NA,NA,0,0,0,0,0,0,0,14,332,340,94,6.2,30.6,6.16,10.3
2003,4,29,0,15.2,962.8,54.6,0,3.4,8.5,237,NA,NA,0,0,0,0,0,0,0,14,334,344,94,6.1,30.8,6.15,10.4
2003,4,29,1,16.1,963.8,53.9,0,3.6,8.3,244,NA,NA,0,0,0,0,0,0,0,14,339,351,94,6.8,32.5,6.43,11.1
2003,4,29,2,16.6,964.2,50,0,5.6,8.2,247,NA,NA,0,0,0,0,0,0,0,14,358,360,94,6.1,32.3,6.15,11
2003,4,29,3,16.8,964.9,47.5,0,3.2,7.4,221,NA,NA,0,0,0,0,0,0,0,14,356,361,94,5.6,31.9,5.91,10.8
2003,4,29,4,16.6,965.5,45.3,0,3.5,7.9,221,NA,NA,1,0,0,0,0,0,0,14,353,359,94,4.7,30.8,5.56,10.4
2003,4,29,5,16,966.1,48.5,0,2.7,7,236,NA,NA,14,14,0,4,7,7,6,14,370,370,94,5.2,30.6,5.73,10.3
2003,4,29,6,15.7,967,48.9,0,3.7,6.2,244,NA,7,71,71,0,38,34,33,34,14,372,372,94,5,30.1,5.66,10.1
2003,4,29,7,16.5,967.2,43.1,0,4.4,7,238,NA,NA,144,144,0,86,69,64,66,14,375,375,94,3.9,29.9,5.24,10
2003,4,29,8,17.1,967.8,40.8,0,3.6,6.9,219,NA,NA,157,157,0,84,77,71,73,14,377,377,94,3.7,30.2,5.15,10.2
2003,4,29,9,17.2,968.1,42.1,0,2.9,7.4,202,NA,NA,146,146,0,74,72,67,69,14,378,378,94,4.2,30.8,5.35,10.4
2003,4,29,10,18.3,967.9,44.5,0,1.6,4.2,184,NA,NA,264,254,12,131,137,112,114,14,387,389,94,6,33.8,6.07,11.6
2003,4,29,11,20.8,966.8,41.9,0,2.1,6.9,210,NA,NA,564,390,206,216,365,177,168,14,366,392,94,7.4,37.9,6.69,13.2
2003,4,29,12,22.6,966.5,37.5,0,4.2,7.8,243,NA,7,783,351,513,172,547,287,162,14,368,400,94,7.4,39.7,6.69,13.9
2003,4,29,13,22.4,965.8,39.6,0,2.5,6,208,NA,NA,469,372,122,155,291,269,155,14,362,391,94,8,40.3,6.98,14.1
2003,4,29,14,22.2,965.6,40.5,0,2.4,5,83,NA,NA,444,325,170,140,259,337,140,14,351,386,94,8.2,40.3,7.06,14.1
2003,4,29,15,21.7,965.3,44.8,0,2.6,4.1,56,NA,NA,343,266,135,115,182,330,118,14,345,381,94,9.2,41.1,7.58,14.4
2003,4,29,16,20.9,965.1,43.9,0,2.5,4.5,95,NA,NA,313,152,384,85,136,568,96,14,342,374,94,8.2,39,7.07,13.6
2003,4,29,17,20.1,965.2,44.9,0,1.8,4.2,71,NA,NA,147,88,238,50,56,371,91,14,337,364,94,7.8,37.7,6.88,13.1
2003,4,29,18,19.2,965.6,46.8,0,1.5,3.6,58,NA,7,30,30,0,14,14,21,16,14,330,349,94,7.6,36.5,6.78,12.7
2003,4,29,19,17.9,966.1,50.5,0,0.6,4,72,NA,NA,2,0,0,0,0,0,0,14,325,339,94,7.5,35.1,6.74,12.1
2003,4,29,20,16.5,966,59,0,0.6,1.5,45,NA,NA,1,0,0,0,0,0,0,14,374,374,94,8.5,34.8,7.21,12
2003,4,29,21,15.7,965.9,64.1,0,0.5,1.5,27,NA,NA,1,0,0,0,0,0,0,14,369,369,94,8.9,34.6,7.45,11.9
2003,4,29,22,14.8,965.7,70.3,0,0.7,1.8,252,NA,NA,1,0,0,0,0,0,0,14,363,363,94,9.5,34.4,7.71,11.8
2003,4,29,23,13.7,965.2,76.8,0,0.4,1.2,252,NA,NA,0,0,0,0,0,0,0,14,313,325,94,9.7,33.6,7.85,11.4
2003,4,30,0,13,964.2,81.4,0,0.4,1.9,63,NA,NA,1,0,0,0,0,0,0,14,313,327,94,9.9,33.2,7.96,11.3
2003,4,30,1,13.3,964.1,80.9,0,0.3,1.8,270,NA,NA,1,0,0,0,0,0,0,14,315,331,94,10.1,33.8,8.07,11.5
2003,4,30,2,13.7,963.2,80.3,0,0.6,2.3,90,NA,NA,1,0,0,0,0,0,0,14,360,360,94,10.4,34.6,8.23,11.8
2003,4,30,3,13.6,964.1,80,0,1,3.4,326,NA,NA,1,0,0,0,0,0,0,14,362,362,94,10.2,34.2,8.14,11.7
2003,4,30,4,14.2,963.2,79,0,1.2,3.4,284,NA,NA,1,0,0,0,0,0,0,14,365,365,94,10.6,35.4,8.37,12.1
2003,4,30,5,13.8,964.1,86.8,0.6,0.8,3.6,27,NA,NA,3,3,0,0,2,2,1,14,362,362,96,11.6,36.5,8.96,12.5
2003,4,30,6,13.6,964.2,89.9,0.7,1.4,3.8,53,NA,8,8,8,0,2,4,4,4,14,364,364,96,12,36.8,9.16,12.7
2003,4,30,7,13.5,964.6,91.7,1.8,1.6,3.8,59,NA,NA,24,24,0,9,12,12,12,14,364,364,96,12.2,37,9.28,12.7
2003,4,30,8,13.7,965.8,92.1,2.8,0.8,2.7,180,NA,NA,27,27,0,12,13,13,14,14,342,353,96,12.4,37.6,9.43,12.9
2003,4,30,9,13.9,965.5,92.9,1.9,1.4,4.5,347,NA,NA,37,37,0,18,18,18,19,14,343,354,96,12.8,38.3,9.65,13.2
2003,4,30,10,14.3,965.3,89.9,1,0.6,2.7,45,NA,NA,69,69,0,34,34,34,34,14,345,357,96,12.7,38.6,9.58,13.3
2003,4,30,11,15.1,964.7,87.2,0,0.6,1.9,288,NA,NA,98,98,0,48,48,47,47,14,327,352,96,13,40,9.8,13.8
2003,4,30,12,16.3,964.6,82.6,0,0.8,3.6,286,NA,7,145,145,0,69,72,69,69,14,336,359,96,13.3,41.8,10.03,14.5
2003,4,30,13,16.1,965.6,84.4,1.8,3.4,7.5,260,NA,NA,79,79,0,39,38,37,39,14,331,354,96,13.5,41.8,10.1,14.5
2003,4,30,14,14.2,966,81.6,3,3.4,8,256,NA,NA,80,80,0,39,38,37,39,14,341,353,96,11.1,36.1,8.62,12.4
2003,4,30,15,13.4,966.7,81.2,0.3,4.2,9.5,202,NA,NA,42,42,0,21,20,18,21,14,338,348,96,10.2,34,8.13,11.6
2003,4,30,16,13,968.4,85,2.2,4.6,10.6,216,NA,NA,22,22,0,11,11,8,11,14,346,353,96,10.5,34,8.29,11.6
2003,4,30,17,12.6,970.1,86.7,5,3.9,9.8,211,NA,NA,7,7,0,4,3,2,3,14,354,357,96,10.4,33.4,8.21,11.4
2003,4,30,18,12.2,971.5,87.2,1.3,2,5,211,NA,8,5,5,0,3,3,0,2,14,347,352,96,10.1,32.6,8.05,11.1
2003,4,30,19,11.8,972.8,88.3,0.5,1.4,3.7,171,NA,NA,1,0,0,0,0,0,0,14,345,350,96,10,31.9,7.93,10.8
2003,4,30,20,11.5,973.1,89,0.1,2,4.8,138,NA,NA,1,0,0,0,0,0,0,14,335,342,96,9.7,31.2,7.8,10.5
2003,4,30,21,11.3,973.2,89.1,0,1,3,24,NA,NA,1,0,0,0,0,0,0,14,328,335,96,9.5,30.8,7.71,10.3
2003,4,30,22,11.1,973,88.9,0,0.7,2.4,270,NA,NA,1,0,0,0,0,0,0,14,320,328,96,9.3,30.2,7.57,10.1
2003,4,30,23,11,972.3,88.2,0.1,0.6,1.4,315,NA,NA,0,0,0,0,0,0,0,14,311,321,96,9.1,29.8,7.46,9.9
2000,5,1,0,10.9,971.4,87.6,0,0.2,1.1,225,NA,NA,0,0,0,0,0,0,0,14,305,316,94,8.9,29.6,7.39,9.8
2000,5,1,1,10.9,970.5,86.6,0,0.1,1.1,360,NA,NA,0,0,0,0,0,0,0,14,303,313,94,8.8,29.4,7.33,9.8
2000,5,1,2,11,969.9,85.7,0,0.1,0.8,270,NA,NA,0,0,0,0,0,0,0,14,303,314,94,8.7,29.5,7.3,9.8
2000,5,1,3,11.5,969.4,83.9,0,0,0.6,0,NA,NA,1,0,0,0,0,0,0,14,304,318,94,8.8,30.1,7.36,10
2000,5,1,4,11.7,969.1,83.1,0,0,0,0,NA,NA,6,0,0,0,0,0,0,14,307,322,94,8.9,30.4,7.4,10.1
2000,5,1,5,12.5,969.2,80.8,0,0,0,0,NA,NA,68,41,219,289,28,27,96,14,315,334,94,9.2,31.6,7.56,10.6
2000,5,1,6,13.6,969.4,78.1,0,0,1.1,0,NA,2,240,91,500,636,70,62,111,14,324,348,94,9.8,33.5,7.85,11.4
2000,5,1,7,15.2,969.3,73.2,0,0.4,1.5,360,NA,NA,385,128,551,685,165,84,93,14,333,367,94,10.4,36,8.18,12.4
2000,5,1,8,16.9,969.2,67,0,0.8,2.9,106,NA,NA,520,189,540,633,296,111,114,14,340,384,94,10.7,38.2,8.39,13.3
2000,5,1,9,18,969,67.4,0,2.2,4.5,79,NA,NA,679,195,661,580,436,122,122,14,350,398,94,11.9,41,9.05,14.3
2000,5,1,10,18.5,968.6,67.4,0,3.9,7.8,74,NA,NA,770,221,674,418,527,133,132,14,351,398,94,12.4,42.3,9.35,14.8
2000,5,1,11,19.5,968.2,62.4,0,2.8,6.6,81,NA,NA,826,218,711,227,581,145,134,14,347,404,94,12.1,43,9.22,15
2000,5,1,12,20.5,967.2,57,0,3.5,7.3,49,NA,1,820,217,711,140,574,277,133,14,350,408,94,11.7,43.4,8.96,15.2
2000,5,1,13,21.3,966.5,53.3,0,3.5,6.6,60,NA,NA,762,196,709,126,515,468,126,14,358,409,94,11.4,43.8,8.81,15.3
2000,5,1,14,22,966.1,48.9,0,3.2,6.2,60,NA,NA,673,242,610,133,417,620,133,14,355,407,94,10.8,43.6,8.43,15.3
2000,5,1,15,21.6,965.9,51.2,0,3.1,6.1,52,NA,NA,317,265,90,113,167,289,116,14,353,381,94,11.1,43.6,8.62,15.3
2000,5,1,16,21,965.7,51.5,0,2,4.8,41,NA,NA,152,149,7,67,71,98,69,14,349,368,94,10.6,42.3,8.36,14.8
2000,5,1,17,19.8,965.6,61.3,0,1.4,3.1,342,NA,NA,51,51,0,25,24,23,24,14,341,355,94,12.1,43.4,9.25,15.1
2000,5,1,18,18.7,965.7,63.9,0,0.6,1.7,338,NA,3,18,18,0,9,9,6,8,14,340,346,94,11.7,41.6,9,14.5
2000,5,1,19,17.1,966.2,69.6,0,0.1,1.2,270,NA,NA,1,0,0,0,0,0,0,14,329,334,94,11.5,39.6,8.86,13.8
2000,5,1,20,15.7,966.5,73.4,0,0.1,1.3,360,NA,NA,0,0,0,0,0,0,0,14,323,329,94,11,37.4,8.54,13
2000,5,1,21,14.9,966.3,74.8,0,0.2,1.2,270,NA,NA,1,0,0,0,0,0,0,14,320,326,94,10.5,35.9,8.26,12.4
2000,5,1,22,14.7,966.4,73,0,0.6,1.4,108,NA,NA,0,0,0,0,0,0,0,14,316,323,94,9.9,34.9,7.96,12
2000,5,1,23,13.7,966.7,78.4,0,0.7,2.1,233,NA,NA,0,0,0,0,0,0,0,14,304,318,94,10,34,8.01,11.6
2000,5,2,0,13,966.4,82.2,0,0.8,1.6,254,NA,NA,0,0,0,0,0,0,0,14,303,315,94,10,33.3,8.02,11.3
2000,5,2,1,12.5,966.4,84,0,0.7,1.9,270,NA,NA,0,0,0,0,0,0,0,14,299,312,94,9.9,32.6,7.93,11
2000,5,2,2,12.1,966.5,84.9,0,0.2,1.9,270,NA,NA,1,0,0,0,0,0,0,14,298,309,94,9.6,31.9,7.81,10.7
2000,5,2,3,11.7,966.3,85.8,0,0.4,1.2,236,NA,NA,1,0,0,0,0,0,0,14,297,309,94,9.4,31.1,7.68,10.4
2000,5,2,4,11.2,966.6,86.2,0,0.1,0.6,360,NA,NA,3,0,0,0,0,0,0,14,291,305,94,9,30.1,7.46,10
2000,5,2,5,11.7,967.2,85.2,0,0,1,0,NA,NA,62,49,104,172,27,25,65,14,300,317,94,9.3,31,7.62,10.4
2000,5,2,6,13.9,967.5,80.9,0,0.5,1.6,63,NA,0,212,94,391,529,66,58,101,14,314,341,94,10.7,35.1,8.37,12.1
2000,5,2,7,15.9,967.7,73.4,0,1.5,3.4,117,NA,NA,372,143,487,642,162,88,97,14,320,359,94,11.2,37.8,8.64,13.1
2000,5,2,8,17.1,967.6,69.4,0,2.6,5.8,56,NA,NA,532,178,574,650,298,109,112,14,336,380,94,11.5,39.5,8.82,13.8
2000,5,2,9,18.1,967.6,66.1,0,3.8,7,58,NA,NA,675,208,635,572,429,125,125,14,338,389,94,11.7,40.9,8.95,14.3
2000,5,2,10,19.4,967.4,61.5,0,2.9,5.9,68,NA,NA,778,228,673,420,527,135,134,14,346,405,94,11.8,42.4,9.03,14.8
2000,5,2,11,20.5,966.9,59.6,0,2.3,5.9,56,NA,NA,837,218,722,228,583,146,134,14,353,417,94,12.4,44.4,9.38,15.5
2000,5,2,12,21.3,966.4,55.4,0,1.5,4.8,82,NA,1,855,241,722,148,591,290,141,14,359,421,94,12,44.7,9.16,15.6
2000,5,2,13,21.4,966.3,52.8,0,2.9,6.4,339,NA,NA,617,371,306,160,394,366,159,14,345,396,94,11.4,43.8,8.78,15.4
2000,5,2,14,19.4,965.5,57.9,0,2.5,6.2,43,NA,NA,365,302,90,131,208,264,131,14,340,379,94,10.9,41.1,8.51,14.4
2000,5,2,15,21.5,965.9,49.2,0,2.1,6.8,351,NA,NA,547,191,612,114,288,722,118,14,357,401,94,10.4,42.5,8.23,14.9
2000,5,2,16,22.5,965.9,41.3,0,1.9,5.6,346,NA,NA,380,77,705,75,127,779,81,14,353,385,94,8.7,41.3,7.33,14.5
2000,5,2,17,22.1,966.1,46.1,0,1.8,4.3,24,NA,NA,209,52,605,49,53,690,132,14,351,371,94,10,42.5,7.99,14.9
2000,5,2,18,19.7,966.7,57.3,0,2.2,5.5,59,NA,4,57,57,0,23,23,70,39,14,339,352,94,11,41.6,8.57,14.5
2000,5,2,19,17.6,967.1,63.9,0,0.7,2.3,9,NA,NA,0,0,0,0,0,0,0,14,331,337,94,10.7,38.9,8.38,13.6
2000,5,2,20,16.4,967.8,67.6,0,0.5,2.2,259,NA,NA,0,0,0,0,0,0,0,14,325,330,94,10.4,37.3,8.21,12.9
2000,5,2,21,15.6,968.2,72.9,0,1.8,4.2,260,NA,NA,0,0,0,0,0,0,0,14,322,330,94,10.8,37,8.41,12.8
2000,5,2,22,14.8,968.3,75.1,0,1.4,2.6,274,NA,NA,1,0,0,0,0,0,0,14,318,326,94,10.4,35.7,8.22,12.3
2000,5,2,23,13.7,968.5,79,0,0.4,1.3,45,NA,NA,0,0,0,0,0,0,0,14,299,315,94,10.1,34.1,8.05,11.7
2000,5,3,0,13,968.6,81.8,0,0.5,1.5,315,NA,NA,1,0,0,0,0,0,0,14,303,314,94,10,33.2,7.96,11.3
2000,5,3,1,12.6,968.4,82.7,0,0.5,1.7,259,NA,NA,0,0,0,0,0,0,0,14,299,312,94,9.7,32.5,7.84,11
2000,5,3,2,12.2,968.3,81.9,0,0.8,2.3,243,NA,NA,0,0,0,0,0,0,0,14,304,314,94,9.2,31.3,7.56,10.5
2000,5,3,3,11.7,968.7,83.1,0,0.2,1.2,63,NA,NA,1,0,0,0,0,0,0,14,304,312,94,8.9,30.5,7.42,10.2
2000,5,3,4,11.3,968.8,84.8,0,0,0.5,0,NA,NA,3,0,0,0,0,0,0,14,303,311,94,8.8,29.9,7.37,9.9
2000,5,3,5,11.6,969.3,84.2,0,0.2,1.6,315,NA,NA,40,40,0,22,18,18,20,14,347,347,94,9,30.5,7.46,10.2
2000,5,3,6,13.4,969.6,78.8,0,0.2,1.1,270,NA,6,124,120,11,106,56,52,60,14,357,360,94,9.8,33.3,7.87,11.4
2000,5,3,7,15.1,969.9,72.7,0,1,2.8,264,NA,NA,216,211,11,158,102,89,95,14,361,368,94,10.2,35.7,8.1,12.3
2000,5,3,8,16.3,969.6,67.8,0,0.6,1.8,270,NA,NA,376,288,142,338,199,122,126,14,325,360,94,10.3,37,8.16,12.8
2000,5,3,9,18,969.8,58.4,0,0.7,2.6,297,NA,NA,554,351,276,424,334,148,150,14,337,378,94,9.7,37.9,7.82,13.2
2000,5,3,10,20.1,969.1,53.7,0,1,3.2,117,NA,NA,796,253,663,428,532,141,140,14,346,395,94,10.4,41.1,8.21,14.4
2000,5,3,11,21.6,968.7,53,0,1.6,4,105,NA,NA,847,302,635,249,576,171,158,14,356,400,94,11.6,44.3,8.9,15.5
2000,5,3,12,20.4,968.5,56,5.3,2.2,8.9,345,NA,4,313,293,24,135,174,145,131,14,342,373,94,11.3,42.7,8.74,14.9
2000,5,3,13,19.3,968.3,66.8,0,2.3,4.8,27,NA,NA,496,342,191,153,300,283,152,14,345,372,94,13,44.1,9.75,15.4
2000,5,3,14,20.4,967.9,54.7,0,3,5.5,70,NA,NA,724,243,676,137,437,663,137,14,356,393,94,11,42.2,8.54,14.8
2000,5,3,15,20.2,967.9,53.9,0,4,6.4,51,NA,NA,389,169,375,96,207,489,99,14,354,381,94,10.6,41.4,8.31,14.5
2000,5,3,16,19.3,967.4,54.8,0,3.2,6.3,38,NA,NA,87,87,0,42,42,42,42,14,347,365,94,10,39.7,7.99,13.9
2000,5,3,17,17.9,969.4,70.3,1.4,2.3,7.5,287,NA,NA,34,34,0,17,16,12,16,14,388,388,96,12.4,41.8,9.39,14.6
2000,5,3,18,15.9,970.1,82,4.4,2,7.2,190,NA,8,2,0,0,0,0,0,0,14,381,381,96,12.8,40.4,9.64,14
2000,5,3,19,15.3,970.6,83.3,1,1.5,4.1,41,NA,NA,1,0,0,0,0,0,0,14,380,380,96,12.5,39.2,9.42,13.6
2000,5,3,20,15,970.8,85.5,0.2,1.8,4.6,55,NA,NA,1,0,0,0,0,0,0,14,331,347,96,12.6,39,9.48,13.6
2000,5,3,21,14.1,970.3,86.6,0,1.7,4,40,NA,NA,0,0,0,0,0,0,0,14,327,342,96,11.9,37.1,9.06,12.8
2000,5,3,22,13.6,970.8,87.8,0,1,2.5,101,NA,NA,0,0,0,0,0,0,0,14,323,337,96,11.6,36.1,8.88,12.4
2000,5,3,23,14,971.3,86.9,0,2.2,4.7,248,NA,NA,0,0,0,0,0,0,0,14,328,342,96,11.9,36.9,9.02,12.8
2000,5,4,0,14,970.3,87.8,2,1.1,2.7,11,NA,NA,2,0,0,0,0,0,0,14,325,341,96,12,37.1,9.12,12.8
2000,5,4,1,13.2,970.2,88.5,0.1,0.7,4.3,326,NA,NA,0,0,0,0,0,0,0,14,321,335,96,11.3,35.3,8.73,12.1
2000,5,4,2,12.4,970.1,88.7,0,0.6,2.3,45,NA,NA,0,0,0,0,0,0,0,14,332,338,96,10.6,33.4,8.29,11.4
2000,5,4,3,12.5,970,88.6,0,0.3,1.7,297,NA,NA,2,0,0,0,0,0,0,14,332,338,96,10.7,33.6,8.34,11.5
2000,5,4,4,12.3,970,88.6,0,0.1,1,0,NA,NA,4,0,0,0,0,0,0,14,332,338,96,10.5,33.1,8.23,11.3
2000,5,4,5,12.8,970.4,87.6,0,0.2,1.5,360,NA,NA,33,33,0,16,16,15,16,14,314,331,94,10.8,34.1,8.41,11.7
2000,5,4,6,13.6,970.4,86.1,0,0.6,2.8,11,NA,7,110,108,8,85,51,48,54,14,317,337,94,11.3,35.7,8.71,12.3
2000,5,4,7,14.6,970.2,83.8,0,0.3,2,90,NA,NA,334,197,288,496,151,96,107,14,324,351,94,11.9,37.6,9.05,13
2000,5,4,8,16,970.3,77.7,0,1.1,3,79,NA,NA,467,271,313,505,256,124,129,14,337,368,94,12.1,39.3,9.19,13.7
2000,5,4,9,16.8,969.8,69.6,0,1.5,3.6,102,NA,NA,698,206,664,587,434,126,127,14,341,381,94,11.2,38.8,8.65,13.5
2000,5,4,10,18,969.9,65.6,0,2.1,4.9,117,NA,NA,791,202,717,422,527,130,129,14,348,386,94,11.5,40.4,8.8,14.1
2000,5,4,11,19.4,968.9,57.6,0,1.3,4,67,NA,NA,844,206,740,225,578,143,132,14,340,385,94,10.8,40.9,8.44,14.3
2000,5,4,12,20.4,968.3,49.5,0,1.6,3.6,110,NA,3,839,199,748,137,572,278,130,14,349,394,94,9.5,40.1,7.71,14
2000,5,4,13,21.3,967.9,50.5,0,1.6,3.4,117,NA,NA,772,197,714,127,506,471,127,14,352,396,94,10.6,42.6,8.33,14.9
2000,5,4,14,22.4,966.7,48.7,0,1.6,3.7,98,NA,NA,668,166,702,114,402,625,115,14,359,402,94,11.1,44.4,8.6,15.6
2000,5,4,15,22.5,966.3,49.6,0,2.7,4.9,97,NA,NA,520,144,638,99,264,699,103,14,355,396,94,11.4,45.1,8.82,15.8
2000,5,4,16,21.7,966.3,48.6,0,3.1,5.9,70,NA,NA,352,140,487,85,129,649,97,14,347,383,94,10.4,42.7,8.22,15
2000,5,4,17,20.2,966.2,51.3,0,3,5.9,63,NA,NA,135,103,119,52,57,255,84,14,341,367,94,9.8,40.4,7.91,14.1
2000,5,4,18,18.3,966.2,60.3,0,1.3,2.8,39,NA,4,25,25,0,12,12,12,12,14,333,348,94,10.5,39.4,8.27,13.7
2000,5,4,19,17.4,966.5,63.3,0,0.7,2.2,270,NA,NA,1,0,0,0,0,0,0,14,330,341,94,10.4,38.3,8.2,13.3
2000,5,4,20,16.6,967.1,68.1,0,0.4,1.7,225,NA,NA,0,0,0,0,0,0,0,14,329,341,94,10.7,37.9,8.38,13.2
2000,5,4,21,17.3,967.8,66.6,0,1.6,6.8,151,NA,NA,0,0,0,0,0,0,0,14,333,347,94,11,39.1,8.56,13.6
2000,5,4,22,16.3,967.8,71.4,0,2.4,8.1,106,NA,NA,0,0,0,0,0,0,0,14,325,343,94,11.1,38.2,8.62,13.3
2000,5,4,23,15.5,968.3,73.4,0,0.6,1.9,326,NA,NA,0,0,0,0,0,0,0,14,338,345,94,10.8,36.9,8.41,12.8
2000,5,5,0,15.2,967.8,74.6,0,0.7,3.1,214,NA,NA,0,0,0,0,0,0,0,14,338,346,94,10.7,36.5,8.39,12.6
2000,5,5,1,15.7,967.6,64.2,0,1.7,5.1,188,NA,NA,0,0,0,0,0,0,0,14,337,347,94,9,34.6,7.45,11.9
2000,5,5,2,14.1,967.3,74.8,0,0.3,2.5,252,NA,NA,0,0,0,0,0,0,0,14,312,327,94,9.7,34,7.83,11.6
2000,5,5,3,13.1,967,76.4,0,0.4,1.8,45,NA,NA,0,0,0,0,0,0,0,14,308,320,94,9,32.1,7.49,10.8
2000,5,5,4,12.2,967,80.4,0,0.5,2,256,NA,NA,5,0,0,0,0,0,0,14,306,318,94,8.9,31,7.43,10.4
2000,5,5,5,12.3,967,81.6,0,0.3,1.6,63,NA,NA,49,48,5,39,22,22,27,14,311,326,94,9.2,31.5,7.6,10.6
2000,5,5,6,14,967.2,77.9,0,1.4,3.7,30,NA,2,141,121,62,173,60,55,70,14,319,341,94,10.2,34.6,8.11,11.8
2000,5,5,7,15.5,967.4,68.5,0,1.9,3.5,49,NA,NA,254,209,94,275,119,90,100,14,321,352,94,9.7,35.4,7.85,12.2
2000,5,5,8,15.8,967.4,69.4,0,1.8,3.2,45,NA,NA,144,144,0,75,70,66,67,14,365,369,94,10.2,36.4,8.11,12.6
2000,5,5,9,16.1,967.1,71.5,0,1,3.2,79,NA,NA,141,141,0,71,69,65,67,14,366,370,94,11,37.8,8.53,13.1
2000,5,5,10,16.3,966.9,72.6,0,2.1,4.2,99,NA,NA,258,254,5,128,131,112,114,14,370,376,94,11.4,38.6,8.77,13.4
2000,5,5,11,17.7,966.3,65.8,0,1.5,3.7,73,NA,NA,569,368,232,210,372,169,156,14,342,378,94,11.2,39.8,8.69,13.9
2000,5,5,12,19.8,965.5,60,0,0.9,3.7,50,NA,6,730,328,468,164,487,270,154,14,342,390,94,11.8,42.9,9.05,15
2000,5,5,13,20.7,965,54.2,0,1.1,3.2,29,NA,NA,609,383,279,161,381,360,161,14,354,396,94,11.1,42.8,8.64,14.9
2000,5,5,14,21.4,964.2,50.6,0,2.6,5.3,88,NA,NA,684,246,612,134,406,622,135,14,353,395,94,10.7,42.9,8.43,15
2000,5,5,15,20.4,963.8,51.6,0,3.6,6,65,NA,NA,426,267,270,121,217,466,126,14,348,380,94,10.1,41,8.08,14.3
2000,5,5,16,19.8,964,51.3,0,2.4,4.9,36,NA,NA,112,112,0,52,53,59,53,14,340,364,94,9.5,39.5,7.74,13.8
2000,5,5,17,16.2,965.9,68.6,2.9,4,14.4,261,NA,NA,6,6,0,3,3,1,3,14,336,353,96,10.4,37.1,8.24,12.8
2000,5,5,18,14.4,965.9,80.3,1.2,3.5,9,130,NA,8,1,0,0,0,0,0,0,14,337,349,96,11.1,36.2,8.6,12.5
2000,5,5,19,14.1,966.5,83.7,0.3,3.6,6.9,53,NA,NA,0,0,0,0,0,0,0,14,334,347,96,11.4,36.4,8.78,12.5
2000,5,5,20,14,966.5,83.9,0,2.2,3.9,38,NA,NA,0,0,0,0,0,0,0,14,325,341,96,11.3,36.2,8.75,12.4
2000,5,5,21,13.4,967,84.4,0,1.4,3,35,NA,NA,1,0,0,0,0,0,0,14,321,336,96,10.8,34.8,8.46,11.9
2000,5,5,22,13,966.4,85.1,0,0.8,2.4,60,NA,NA,1,0,0,0,0,0,0,14,321,333,96,10.6,34,8.31,11.6
2000,5,5,23,12.4,966.2,87.1,0,0.3,1.3,270,NA,NA,1,0,0,0,0,0,0,14,306,323,96,10.3,33.1,8.18,11.2
2000,5,6,0,11.7,965.6,87,0,0.7,1.6,279,NA,NA,0,0,0,0,0,0,0,14,303,320,96,9.6,31.4,7.8,10.5
2000,5,6,1,11.5,965.6,87.1,0,0,0,0,NA,NA,2,0,0,0,0,0,0,14,304,322,96,9.4,31,7.7,10.3
2000,5,6,2,11.7,965.7,86.9,0.1,0.2,1.4,45,NA,NA,0,0,0,0,0,0,0,14,305,327,96,9.6,31.4,7.79,10.5
2000,5,6,3,11.7,965.8,87.5,0.2,0.7,1.8,63,NA,NA,0,0,0,0,0,0,0,14,305,325,96,9.7,31.5,7.84,10.6
2000,5,6,4,11.4,965.8,88.7,0.1,0.4,1.4,315,NA,NA,4,0,0,0,0,0,0,14,307,324,96,9.6,31.1,7.79,10.4
2000,5,6,5,12.4,965.9,87.3,0,0.1,0.8,225,NA,NA,32,32,0,15,15,15,15,14,312,334,96,10.4,33.1,8.2,11.3
2000,5,6,6,13.3,966.2,85.7,0.1,0.5,1.7,18,NA,7,115,113,7,88,53,50,56,14,319,343,96,11,34.9,8.54,12
2000,5,6,7,14,966.1,83.3,0,0.4,1.4,135,NA,NA,219,214,10,158,103,90,96,14,317,346,96,11.2,36,8.69,12.4
2000,5,6,8,14.7,966.2,79.3,0,0.5,2.2,270,NA,NA,355,290,103,306,185,121,126,14,339,366,96,11.2,36.7,8.65,12.7
2000,5,6,9,16.4,965.9,73.9,0,0.8,4,236,NA,NA,534,375,213,380,303,156,158,14,344,383,96,11.7,39.3,9,13.6
2000,5,6,10,16.5,966.1,73.4,0,1.5,4.7,207,NA,NA,238,235,4,118,120,105,107,14,347,371,96,11.7,39.4,8.99,13.7
2000,5,6,11,15.8,966,79.6,0.3,3.4,6.1,258,NA,NA,146,145,0,71,72,68,69,14,343,360,96,12.3,39.5,9.33,13.7
2000,5,6,12,16.2,964.8,81.4,0.5,2.5,6.7,29,NA,7,173,172,1,81,86,81,81,14,347,363,96,13,41.1,9.81,14.3
2000,5,6,13,17.2,964.7,76.8,0,1.5,3.9,166,NA,NA,258,253,6,114,131,127,114,14,356,374,96,13.1,42.3,9.87,14.7
2000,5,6,14,17.6,964.7,75,0,2,4,299,NA,NA,323,290,45,127,170,203,127,14,340,372,96,13.1,42.7,9.88,14.9
2000,5,6,15,18.2,964.6,71.3,0,0.8,2.9,270,NA,NA,255,246,15,106,128,179,108,14,341,374,96,12.9,43,9.75,15
2000,5,6,16,17.8,964.5,74,0,1.1,3,112,NA,NA,163,158,10,71,77,120,75,14,341,367,96,13.1,42.9,9.88,14.9
2000,5,6,17,18,964.3,73.9,0,1.4,3.3,104,NA,NA,125,105,72,50,54,187,73,14,340,361,94,13.3,43.4,9.99,15.1
2000,5,6,18,17.4,964.4,75.5,0,1.8,3.7,53,NA,7,33,33,1,15,15,20,17,14,334,351,94,13,42.4,9.83,14.7
2000,5,6,19,16.5,964.7,77.5,0,1.7,3.4,83,NA,NA,0,0,0,0,0,0,0,14,329,345,94,12.6,40.7,9.52,14.2
2000,5,6,20,15.7,965.4,76.9,0,1,4.1,63,NA,NA,1,0,0,0,0,0,0,14,318,337,94,11.7,38.5,8.96,13.3
2000,5,6,21,15.2,965.9,81.8,0,1.1,3,41,NA,NA,0,0,0,0,0,0,0,14,315,336,94,12.1,38.6,9.23,13.4
2000,5,6,22,14.3,965.7,84,0,0.9,2.7,54,NA,NA,0,0,0,0,0,0,0,14,310,324,94,11.6,37,8.94,12.7
2000,5,6,23,13.4,966,85.5,0,0.9,2.4,249,NA,NA,0,0,0,0,0,0,0,14,306,320,94,11,35.1,8.58,12
2000,5,7,0,12.6,965.9,86.8,0,0.6,2.1,270,NA,NA,0,0,0,0,0,0,0,14,305,316,94,10.5,33.5,8.26,11.4
2000,5,7,1,11.6,966.1,87.6,0,0.2,1.5,297,NA,NA,0,0,0,0,0,0,0,14,297,311,94,9.6,31.3,7.8,10.5
2000,5,7,2,11.2,966.2,87.7,0,0,1.4,0,NA,NA,0,0,0,0,0,0,0,14,290,306,94,9.2,30.4,7.6,10.1
2000,5,7,3,10.8,966.6,87.5,0,0.2,1,270,NA,NA,0,0,0,0,0,0,0,14,292,307,94,8.8,29.4,7.38,9.7
2000,5,7,4,10.4,967.2,87.1,0,0,0.9,0,NA,NA,8,0,0,0,0,0,0,14,288,305,94,8.3,28.4,7.14,9.3
2000,5,7,5,11.1,967.5,86.4,0,0.3,1.6,270,NA,NA,83,48,237,312,31,29,109,14,307,325,94,8.9,29.9,7.42,9.9
2000,5,7,6,13.2,967.7,81.9,0,0,0,0,NA,3,179,136,133,286,71,63,91,14,315,339,94,10.2,33.7,8.09,11.5
2000,5,7,7,14.4,967.9,79.2,0,0.3,1.4,270,NA,NA,259,214,93,278,120,92,102,14,322,350,94,10.8,35.9,8.46,12.3
2000,5,7,8,15.7,968.2,76.9,0,0.5,1.9,14,NA,NA,367,302,102,317,191,125,130,14,328,363,94,11.7,38.4,8.93,13.3
2000,5,7,9,17,968.1,70.7,0,1.6,4.1,78,NA,NA,563,357,274,425,329,150,152,14,330,371,94,11.6,39.7,8.92,13.8
2000,5,7,10,18.4,967.4,62.1,0,1.8,3.5,43,NA,NA,710,317,473,381,455,152,152,14,347,389,94,11,40.2,8.56,14
2000,5,7,11,19.9,967,59.8,0,1.6,4.6,81,NA,NA,804,319,558,242,530,172,158,14,344,393,94,11.9,43,9.06,15.1
2000,5,7,12,20.6,966.8,52.5,0,2,3.9,106,NA,4,783,328,527,167,513,283,158,14,352,394,94,10.5,41.8,8.3,14.6
2000,5,7,13,22,966.3,43.7,0,1.7,4.7,79,NA,NA,769,236,655,135,490,465,135,14,354,402,94,9.1,41.2,7.52,14.5
2000,5,7,14,22.7,965.8,40,0,2.3,4.9,63,NA,NA,658,232,591,129,385,597,130,14,360,402,94,8.4,41.1,7.19,14.4
2000,5,7,15,22.8,965.7,37.9,0,2.8,5.5,72,NA,NA,589,192,667,117,287,764,122,14,359,400,94,7.7,40.3,6.85,14.1
2000,5,7,16,21.9,965.6,36.4,0,1.6,4.9,68,NA,NA,164,152,28,70,75,128,73,14,351,375,94,6.3,37.8,6.22,13.2
2000,5,7,17,20.6,966.5,47.4,0,2.4,7.8,252,NA,NA,43,43,0,21,21,17,20,14,352,366,94,9,39.7,7.49,13.9
2000,5,7,18,19.2,966.7,61.8,0,3.5,6.2,236,NA,7,12,12,0,6,6,3,5,14,351,363,94,11.7,42.1,8.97,14.7
2000,5,7,19,18.3,967.6,62.2,0,2.7,6,230,NA,NA,1,0,0,0,0,0,0,14,343,357,94,10.9,40,8.52,13.9
2000,5,7,20,17.5,967.8,60.3,0,1.6,4.5,235,NA,NA,0,0,0,0,0,0,0,14,328,343,94,9.7,37.5,7.84,13
2000,5,7,21,16.5,968.1,75,0.7,1.2,2.8,243,NA,NA,0,0,0,0,0,0,0,14,331,346,94,12.1,39.8,9.17,13.9
2000,5,7,22,16,968.4,81.7,0.1,1.4,3.2,247,NA,NA,0,0,0,0,0,0,0,14,328,343,94,12.9,40.6,9.68,14.1
2000,5,7,23,15.2,968.7,83.4,0,1.3,2.9,270,NA,NA,1,0,0,0,0,0,0,14,325,341,94,12.4,39,9.39,13.5
2000,5,8,0,15.1,968.5,83.9,0,0.6,2,261,NA,NA,2,0,0,0,0,0,0,14,324,339,94,12.4,38.9,9.38,13.5
2000,5,8,1,14.7,968.6,84.7,0,0.8,2.3,162,NA,NA,2,0,0,0,0,0,0,14,322,337,94,12.2,38.1,9.23,13.2
2000,5,8,2,14.4,968.8,85.8,0,0.4,1.7,304,NA,NA,0,0,0,0,0,0,0,14,336,341,94,12.1,37.6,9.17,13
2000,5,8,3,14.1,968.7,85.3,0,0.6,1.7,239,NA,NA,0,0,0,0,0,0,0,14,332,337,94,11.7,36.7,8.93,12.7
2000,5,8,4,13.7,969.2,86.5,0,0.2,1.2,243,NA,NA,5,0,0,0,0,0,0,14,332,338,94,11.5,36.1,8.82,12.4
2000,5,8,5,14,969.2,85.9,0,0.3,1.2,270,NA,NA,47,47,0,28,22,21,23,14,321,337,94,11.7,36.6,8.93,12.7
2000,5,8,6,15.5,970,80.7,0,0.4,1.9,270,NA,7,188,115,224,371,68,60,98,14,333,353,94,12.2,39,9.24,13.5
2000,5,8,7,16.2,970.3,79.5,0,1.1,2.2,285,NA,NA,178,173,10,128,86,76,81,14,330,354,94,12.7,40.4,9.52,14.1
2000,5,8,8,17.1,970.6,71.5,0,1.2,2.7,265,NA,NA,315,299,24,228,159,121,126,14,332,365,94,11.9,40.1,9.06,14
2000,5,8,9,18.3,970.2,64.6,0,0.8,2.7,297,NA,NA,522,369,203,368,292,154,157,14,341,382,94,11.5,40.8,8.83,14.2
2000,5,8,10,19.8,969.8,60.7,0,0.9,4.4,21,NA,NA,708,334,450,378,449,154,154,14,346,393,94,12,43,9.12,15.1
2000,5,8,11,21.1,969.5,59.7,0,2,5.3,119,NA,NA,815,317,571,243,533,172,158,14,360,402,94,13,45.9,9.73,16.1
2000,5,8,12,21.5,969.3,54.7,0,2.5,5.2,104,NA,2,835,225,704,142,549,280,135,14,362,404,94,12,44.8,9.13,15.7
2000,5,8,13,22,968.6,51.7,0,2.7,5.3,105,NA,NA,779,204,705,129,492,470,129,14,364,405,94,11.6,44.7,8.9,15.7
2000,5,8,14,22.7,968.1,48.3,0,2.3,5.4,92,NA,NA,681,162,718,114,391,629,115,14,370,408,94,11.2,44.9,8.68,15.7
2000,5,8,15,22.8,968,43.5,0,2.8,5,64,NA,NA,533,217,528,118,262,669,124,14,359,399,94,9.7,42.9,7.85,15
2000,5,8,16,21.7,968.1,46.5,0,2.1,4.2,59,NA,NA,206,167,88,77,90,224,84,14,364,386,94,9.7,41.8,7.85,14.6
2000,5,8,17,21.7,968.3,47.4,0,2.2,3.5,65,NA,NA,183,112,253,61,67,411,118,14,349,379,94,10,42.2,8,14.8
2000,5,8,18,19.9,968.6,54.9,0,1.5,2.8,36,NA,2,46,39,66,21,21,118,54,14,337,353,94,10.6,41.1,8.3,14.4
2000,5,8,19,18.1,969.4,63,0,1.8,5.2,40,NA,NA,0,0,0,0,0,0,0,14,334,346,94,11,39.8,8.51,13.9
2000,5,8,20,17.5,970,65,0,1.7,4.2,69,NA,NA,0,0,0,0,0,0,0,14,325,341,94,10.9,39,8.44,13.6
2000,5,8,21,17.1,970.3,70,0,1.6,4.4,79,NA,NA,0,0,0,0,0,0,0,14,322,339,94,11.6,39.7,8.87,13.8
2000,5,8,22,15.9,970.4,75,0,0.3,1.9,108,NA,NA,0,0,0,0,0,0,0,14,316,331,94,11.5,38.3,8.8,13.3
2000,5,8,23,14.7,970,80.4,0,0.1,0.9,0,NA,NA,0,0,0,0,0,0,0,14,311,325,94,11.4,36.9,8.74,12.8
2000,5,9,0,13.9,969.8,83.1,0,0,0.9,0,NA,NA,0,0,0,0,0,0,0,14,308,322,94,11.1,35.6,8.58,12.3
2000,5,9,1,13.7,970,82.5,0,0.1,0.6,270,NA,NA,0,0,0,0,0,0,0,14,309,323,94,10.8,35,8.4,12
2000,5,9,2,13.2,969.9,83.3,0,0.1,1.1,360,NA,NA,0,0,0,0,0,0,0,14,301,317,94,10.4,34,8.21,11.6
2000,5,9,3,12.5,970.2,84.9,0,0.2,1,270,NA,NA,0,0,0,0,0,0,0,14,298,314,94,10,32.7,7.99,11.1
2000,5,9,4,12.4,970.4,84.2,0,0.3,1.4,243,NA,NA,7,0,0,0,0,0,0,14,299,314,94,9.8,32.3,7.87,10.9
2000,5,9,5,12.8,970.6,84.1,0,0.3,1.9,18,NA,NA,77,62,98,183,33,31,76,14,318,334,94,10.2,33.2,8.07,11.3
2000,5,9,6,15.1,970.7,81.3,0,0.7,1.7,34,NA,1,220,105,353,502,71,63,114,14,329,354,94,11.9,38.1,9.07,13.2
2000,5,9,7,16.4,970.6,72.5,0,1.5,3.3,82,NA,NA,387,156,469,632,152,92,104,14,333,370,94,11.4,38.7,8.78,13.5
2000,5,9,8,17.8,970.1,66.4,0,2.6,5.4,62,NA,NA,553,184,579,651,284,112,116,14,329,375,94,11.5,40.2,8.8,14.1
2000,5,9,9,19.1,970.1,62.7,0,2.3,5,52,NA,NA,687,230,607,563,407,130,131,14,341,389,94,11.8,42.1,9.01,14.7
2000,5,9,10,20.3,969.3,55.6,0,3.3,5.9,61,NA,NA,751,366,460,396,468,162,161,14,341,390,94,11.1,42.3,8.61,14.8
2000,5,9,11,21.5,968.6,52.5,0,4,7.3,60,NA,NA,782,345,499,241,506,175,160,14,352,396,94,11.4,43.9,8.76,15.4
2000,5,9,12,22.5,968.2,50.6,0,3.3,6.2,51,NA,5,773,396,434,186,487,288,175,14,361,405,94,11.7,45.5,8.98,15.9
2000,5,9,13,23.4,967,48,0,3,5.5,69,NA,NA,713,312,491,151,443,426,151,14,367,410,94,11.8,46.5,9.01,16.3
2000,5,9,14,23.6,966.3,51.4,0,2.7,4.9,56,NA,NA,433,349,115,145,237,315,146,14,370,402,94,13,48.6,9.79,17
2000,5,9,15,23.8,965.7,49.3,0,3.2,5.6,51,NA,NA,332,279,87,118,166,295,123,14,366,396,94,12.5,48.1,9.5,16.8
2000,5,9,16,22.7,966,49.5,0,2.2,4.6,62,NA,NA,176,169,16,75,82,136,80,14,357,382,94,11.6,45.5,8.92,15.9
2000,5,9,17,22.1,966.5,51.4,0,0.8,2,72,NA,NA,39,39,0,19,19,15,19,14,365,377,94,11.6,44.9,8.92,15.7
2000,5,9,18,19.3,967.3,65.8,0.8,6.4,17.5,252,NA,8,3,3,0,2,2,0,1,14,343,358,94,12.7,43.8,9.61,15.3
2000,5,9,19,17,968.1,79.1,0,2.2,10,239,NA,NA,0,0,0,0,0,0,0,14,341,352,94,13.4,42.4,10,14.8
2000,5,9,20,16.5,968.2,82.8,0,0.9,2.7,360,NA,NA,0,0,0,0,0,0,0,14,355,355,94,13.6,42.3,10.14,14.7
2000,5,9,21,16.4,968.7,82.1,0,1.7,4,256,NA,NA,0,0,0,0,0,0,0,14,355,356,94,13.3,41.8,9.99,14.5
2000,5,9,22,16.3,969.4,80.1,0,2.2,6.4,265,NA,NA,2,0,0,0,0,0,0,14,353,356,94,12.9,40.9,9.67,14.2
2000,5,9,23,15.8,968.2,82.7,0,1.4,4.7,307,NA,NA,0,0,0,0,0,0,0,14,344,351,94,12.9,40.4,9.68,14.1
2000,5,10,0,16.1,969,81,0,2.7,6.7,261,NA,NA,0,0,0,0,0,0,0,14,346,352,94,12.8,40.6,9.66,14.1
2000,5,10,1,15.4,967.4,85,0.1,1.6,4.3,360,NA,NA,0,0,0,0,0,0,0,14,342,348,94,12.9,40,9.71,13.9
2000,5,10,2,15.1,968.3,85.3,0,1.5,4,277,NA,NA,0,0,0,0,0,0,0,14,326,338,94,12.7,39.3,9.54,13.7
2000,5,10,3,14.8,968.5,85,0,1.8,4.2,270,NA,NA,0,0,0,0,0,0,0,14,321,334,94,12.3,38.4,9.32,13.3
2000,5,10,4,14.5,968.4,84.9,0,0.8,2.7,360,NA,NA,6,0,0,0,0,0,0,14,321,334,94,12,37.7,9.13,13
2000,5,10,5,15.1,968.9,84,0,0.7,2.2,22,NA,NA,86,67,123,213,35,33,86,14,371,371,94,12.4,38.9,9.39,13.5
2000,5,10,6,16.1,968.3,79.9,0,1.1,2,294,NA,6,158,131,81,225,67,60,84,14,371,372,94,12.6,40.3,9.53,14
2000,5,10,7,17,968.6,75.3,0,1,2.3,264,NA,NA,282,222,121,311,125,96,107,14,377,387,94,12.6,41.2,9.51,14.3
2000,5,10,8,18.5,968,70.1,0,1.1,3.2,14,NA,NA,459,289,266,459,235,128,134,14,355,390,94,13,43.3,9.74,15.1
2000,5,10,9,20.2,967.4,63.9,0,2.8,6,48,NA,NA,709,239,622,577,415,134,134,14,363,402,94,13.2,45.4,9.88,15.9
2000,5,10,10,21.6,967,57.8,0,3,6.2,56,NA,NA,803,209,709,420,506,132,131,14,368,409,94,12.9,46.5,9.74,16.2
2000,5,10,11,22.8,966.3,53.3,0,3.4,7.4,61,NA,NA,837,263,656,231,543,155,142,14,364,408,94,12.8,47.5,9.67,16.6
2000,5,10,12,24,965.5,49.4,0,3,6.1,57,NA,1,780,343,502,170,499,283,160,14,371,415,94,12.8,48.7,9.64,17
2000,5,10,13,24.3,964.9,46.9,0,3.7,6.8,57,NA,NA,568,323,299,148,344,334,148,14,376,410,94,12.2,48.2,9.32,16.8
2000,5,10,14,24.2,964.4,46.4,0,2.8,6.2,67,NA,NA,345,299,62,131,179,219,131,14,369,399,94,12,47.7,9.17,16.7
2000,5,10,15,23.9,964.6,49.8,0,1.7,4.7,233,NA,NA,149,149,0,69,72,77,70,14,366,389,94,12.8,48.6,9.67,17
2000,5,10,16,22.5,965.2,55.5,0,4.4,11.1,241,NA,NA,97,97,0,46,46,48,46,14,356,378,94,13.2,47.8,9.9,16.7
2000,5,10,17,20.8,966.1,61.5,0,7.8,15.2,238,NA,NA,52,52,0,25,25,23,25,14,356,373,94,13.1,46,9.88,16
2000,5,10,18,18.9,966,63.3,0,5.8,11.7,237,NA,8,35,35,0,16,16,20,18,14,347,363,94,11.8,41.9,9.02,14.6
2000,5,10,19,18,966.3,64.6,0,3.1,8.2,235,NA,NA,1,0,0,0,0,0,0,14,343,357,94,11.2,40.1,8.7,14
2000,5,10,20,16.8,966.4,72.9,0,1.5,3.9,315,NA,NA,1,0,0,0,0,0,0,14,362,362,94,11.9,39.9,9.1,13.9
2000,5,10,21,16.3,965.6,76.1,0,1.1,2.9,293,NA,NA,1,0,0,0,0,0,0,14,360,360,94,12.1,39.7,9.22,13.8
2000,5,10,22,15.6,966.1,78.5,0,1,2.5,264,NA,NA,1,0,0,0,0,0,0,14,358,358,94,11.9,38.7,9.08,13.4
2000,5,10,23,14.7,965.9,81.9,0,0.5,1.9,315,NA,NA,0,0,0,0,0,0,0,14,312,326,94,11.6,37.4,8.94,12.9
2000,5,11,0,13.9,965.9,84,0,0.4,1.7,297,NA,NA,1,0,0,0,0,0,0,14,310,323,94,11.2,36,8.71,12.3
2000,5,11,1,13.7,966.5,84.1,0,0.9,2,263,NA,NA,1,0,0,0,0,0,0,14,309,322,94,11.1,35.5,8.6,12.2
2000,5,11,2,13.5,966.8,85.3,0,1.1,2.5,264,NA,NA,0,0,0,0,0,0,0,14,313,322,94,11.1,35.3,8.61,12.1
2000,5,11,3,12.9,967.2,85.7,0,0.3,1.6,270,NA,NA,1,0,0,0,0,0,0,14,312,320,94,10.6,33.9,8.31,11.6
2000,5,11,4,12.9,967,85.3,0,0.5,1.7,270,NA,NA,0,0,0,0,0,0,0,14,312,320,94,10.5,33.8,8.27,11.5
2000,5,11,5,13.6,967.2,84.8,0,0.6,2.1,270,NA,NA,92,51,253,331,33,32,120,14,321,338,94,11.1,35.4,8.61,12.2
2000,5,11,6,15.8,967.7,78.5,0,0.7,2.2,278,NA,1,244,91,461,591,70,64,126,14,334,360,94,12.1,39.1,9.19,13.6
2000,5,11,7,17.5,967.6,72.1,0,0.6,2.3,307,NA,NA,423,115,620,720,148,87,95,14,341,382,94,12.4,41.4,9.4,14.4
2000,5,11,8,19.6,967.1,64.2,0,2.1,4.1,267,NA,NA,581,148,673,691,286,104,107,14,349,393,94,12.7,44,9.56,15.4
2000,5,11,9,21,967.2,59.7,0,1.2,3.3,255,NA,NA,718,175,714,589,414,120,120,14,357,406,94,12.9,45.7,9.69,16
2000,5,11,10,23.2,967.3,50.1,0,1.7,4.9,259,NA,NA,805,214,703,420,503,133,132,14,364,414,94,12.2,47,9.29,16.4
2000,5,11,11,24.5,967.4,44.3,0,1.8,5.3,257,NA,NA,849,247,686,230,547,152,140,14,371,418,94,11.6,47.3,8.88,16.6
2000,5,11,12,25.3,966.9,35.8,0,2.3,5.7,255,NA,1,799,360,504,174,505,289,163,14,363,415,94,9.1,44.6,7.51,15.7
2000,5,11,13,25.7,966.7,34.7,0,2.3,6.2,243,NA,NA,759,303,555,153,462,450,153,14,372,421,94,9,44.9,7.46,15.8
2000,5,11,14,25.1,966.5,40.9,0,4,8.2,244,NA,NA,526,363,222,150,292,419,151,14,371,406,94,10.9,46.9,8.5,16.4
2000,5,11,15,23.8,966.4,49.4,0,5.1,9.9,234,NA,NA,258,232,44,103,125,186,105,14,365,389,94,12.6,48.1,9.51,16.8
2000,5,11,16,22.4,966.9,55.4,0,5.4,9.8,232,NA,NA,132,132,0,61,62,74,62,14,359,379,94,13,47.4,9.8,16.5
2000,5,11,17,17.7,967.8,65.5,4,10.2,19.9,244,NA,NA,15,15,0,8,8,4,7,14,363,371,96,11.2,39.7,8.64,13.9
2000,5,11,18,15.4,968.6,82.4,0.6,2.9,9.3,207,NA,8,4,4,0,2,2,1,2,14,365,365,96,12.4,39.2,9.39,13.6
2000,5,11,19,16,969.8,83.5,0,1.5,4.2,301,NA,NA,0,0,0,0,0,0,0,14,370,370,96,13.2,41.1,9.89,14.3
2000,5,11,20,16.3,970.6,83.3,0,0.9,3.7,301,NA,NA,2,0,0,0,0,0,0,14,355,362,96,13.5,41.8,10.05,14.6
2000,5,11,21,15.7,971,86.2,0.1,1.5,2.7,82,NA,NA,2,0,0,0,0,0,0,14,352,360,96,13.4,41.1,10,14.3
2000,5,11,22,15.8,971.2,84.9,0,1.7,3.2,35,NA,NA,1,0,0,0,0,0,0,14,352,360,96,13.3,41,9.91,14.3
2000,5,11,23,15.5,971.3,85.6,0.5,1.1,3.4,85,NA,NA,1,0,0,0,0,0,0,14,373,373,96,13.1,40.4,9.8,14
2000,5,12,0,15.4,971.2,86.7,0,0.5,1.8,333,NA,NA,1,0,0,0,0,0,0,14,372,372,96,13.2,40.4,9.86,14.1
2000,5,12,1,15.3,970.9,86.5,0,0.4,1.5,45,NA,NA,2,0,0,0,0,0,0,14,371,371,96,13.1,40.1,9.78,14
2000,5,12,2,15.1,971.3,87,0,0,1,0,NA,NA,2,0,0,0,0,0,0,14,355,358,96,13,39.7,9.71,13.8
2000,5,12,3,14.9,971.4,87.7,0,0.2,1.1,315,NA,NA,1,0,0,0,0,0,0,14,355,358,96,12.9,39.4,9.66,13.7
2000,5,12,4,14.8,971.6,86.9,0,0.9,2.3,319,NA,NA,4,4,0,2,2,2,2,14,354,359,96,12.6,38.9,9.5,13.5
2000,5,12,5,15.1,971.9,84.6,0,0,0.8,0,NA,NA,59,57,16,65,27,26,38,14,349,354,94,12.5,39,9.43,13.5
2000,5,12,6,15.4,972.5,84.5,0,0.8,2.6,306,NA,6,87,87,0,48,41,40,42,14,350,356,94,12.8,39.8,9.6,13.8
2000,5,12,7,16.1,972.4,82.7,0,0.8,1.9,301,NA,NA,205,195,20,159,96,84,91,14,356,366,94,13.2,41.1,9.83,14.3
2000,5,12,8,17.3,972.3,80.1,0,1.4,2.7,65,NA,NA,369,299,108,314,186,125,131,14,340,369,94,13.8,43.4,10.28,15.1
2000,5,12,9,18.5,972.2,72.4,0,1.1,4.2,76,NA,NA,596,349,324,446,335,152,154,14,345,383,94,13.4,44,10.02,15.4
2000,5,12,10,19.3,972.1,66.9,0,1.5,3.9,126,NA,NA,727,320,483,384,448,154,153,14,351,389,94,13,44.1,9.73,15.4
2000,5,12,11,20.8,971.4,60.4,0,1.7,5,125,NA,NA,810,321,555,241,514,172,158,14,357,398,94,12.9,45.4,9.64,15.9
2000,5,12,12,21.2,971.2,55.7,0,2.2,4.5,121,NA,6,732,359,426,169,462,271,158,14,359,396,94,12,44.5,9.11,15.6
2000,5,12,13,21.9,971.1,49.5,0,3.3,6.7,7,NA,NA,695,343,428,155,420,412,155,14,360,400,94,10.9,43.5,8.44,15.3
2000,5,12,14,22.2,970.7,49,0,2.2,4.6,41,NA,NA,704,173,725,118,388,640,120,14,357,404,94,11,44,8.51,15.4
2000,5,12,15,21.9,970.7,52.9,0,3.5,7.2,73,NA,NA,559,139,690,100,251,729,104,14,354,394,94,11.9,45,9.03,15.8
2000,5,12,16,20.7,971,56.3,0,4.8,8.6,69,NA,NA,355,164,417,92,120,605,108,14,347,381,94,11.7,43.5,8.93,15.3
2000,5,12,17,18.9,971,63,0,5,8.5,62,NA,NA,186,95,314,57,61,449,125,14,338,365,94,11.7,41.7,8.93,14.6
2000,5,12,18,17.3,971.3,70.1,0,3.2,7.4,70,NA,1,63,41,188,25,25,246,104,14,331,351,94,11.8,40.2,8.99,14
2000,5,12,19,16,971.9,73.4,0,1.2,4.8,59,NA,NA,0,0,0,0,0,0,0,14,327,339,94,11.2,38,8.66,13.2
2000,5,12,20,15.4,972,76.8,0,0.5,1.4,236,NA,NA,0,0,0,0,0,0,0,14,316,330,94,11.4,37.5,8.72,13.1
2000,5,12,21,14.7,972.2,81.5,0,0.1,1.2,0,NA,NA,0,0,0,0,0,0,0,14,312,327,94,11.6,37.1,8.84,12.9
2000,5,12,22,14,972.3,83.3,0,0,0,0,NA,NA,0,0,0,0,0,0,0,14,309,323,94,11.2,35.9,8.63,12.4
2000,5,12,23,13.3,972,84.3,0,0,1.2,0,NA,NA,0,0,0,0,0,0,0,14,305,319,94,10.7,34.4,8.35,11.8
2000,5,13,0,12.5,972,85.4,0,0.1,1.2,360,NA,NA,0,0,0,0,0,0,0,14,299,316,94,10.1,32.8,8.02,11.1
2000,5,13,1,12,972,85.2,0,0.2,1,45,NA,NA,0,0,0,0,0,0,0,14,298,313,94,9.6,31.6,7.74,10.7
2000,5,13,2,11.4,972.1,84.9,0,0,0,0,NA,NA,0,0,0,0,0,0,0,14,294,311,94,9,30.1,7.41,10.1
2000,5,13,3,11.1,972.4,86.1,0,0,0,0,NA,NA,0,0,0,0,0,0,0,14,293,309,94,8.9,29.7,7.36,9.9
2000,5,13,4,10.7,972.2,86.1,0,0,0,0,NA,NA,9,9,0,6,4,4,5,14,292,310,94,8.5,28.8,7.17,9.5
2000,5,13,5,12,972.6,84.3,0,0,0.7,0,NA,NA,99,60,231,320,36,35,121,14,304,327,94,9.4,31.4,7.65,10.6
2000,5,13,6,14.1,972.8,81.8,0,1.2,2.4,70,NA,3,244,104,415,558,72,65,127,14,314,346,94,11,35.7,8.53,12.3
2000,5,13,7,15.5,972.9,75.6,0,0.6,2.1,112,NA,NA,422,125,592,704,142,86,96,14,322,364,94,11.2,37.4,8.62,13
2000,5,13,8,16.9,972.9,71.6,0,1.5,3.7,102,NA,NA,580,164,642,680,281,109,112,14,334,374,94,11.7,39.6,8.94,13.8
2000,5,13,9,17.9,972.7,66.7,0,1.2,4.2,84,NA,NA,723,189,698,588,410,123,124,14,340,384,94,11.6,40.5,8.87,14.1
2000,5,13,10,19.5,972.3,61.7,0,2.6,4.8,92,NA,NA,821,189,748,423,504,128,127,14,350,390,94,12,42.6,9.07,15
2000,5,13,11,20.7,971.7,56.8,0,2.5,5.6,83,NA,NA,880,235,731,232,557,152,139,14,350,396,94,11.8,43.7,9,15.3
2000,5,13,12,21.5,971.3,48.7,0,2.4,5.2,57,NA,4,762,328,495,165,479,276,156,14,351,395,94,10.3,42.2,8.1,14.8
2000,5,13,13,22.2,971,45.9,0,2,4.7,68,NA,NA,607,376,280,160,360,354,160,14,349,394,94,10,42.6,7.97,15
2000,5,13,14,22.6,970.7,46.5,0,2.7,6.7,70,NA,NA,652,269,520,140,357,564,141,14,364,405,94,10.6,43.8,8.28,15.4
2000,5,13,15,22.1,971.1,47.3,0,4.4,9.8,3,NA,NA,437,274,267,124,208,464,130,14,357,389,94,10.4,43,8.16,15.1
2000,5,13,16,20.7,970.7,45.8,0,3.9,11.1,9,NA,NA,290,201,196,93,113,394,107,14,349,379,94,8.6,39.2,7.25,13.7
2000,5,13,17,19.1,970.9,56,0,2,3.6,96,NA,NA,112,108,12,49,50,91,57,14,340,364,94,10.1,39.6,8.03,13.8
2000,5,13,18,19.4,971.9,63,0,3.1,5.5,48,NA,6,48,42,51,22,23,108,53,14,345,365,94,12.2,42.9,9.21,15
2000,5,13,19,18.2,972.1,67.7,0,1.3,2.9,94,NA,NA,4,0,0,0,0,0,0,14,336,350,94,12.1,41.6,9.18,14.5
2000,5,13,20,17.1,972.7,72.7,0,0.8,1.8,108,NA,NA,0,0,0,0,0,0,0,14,340,347,94,12.2,40.5,9.19,14.2
2000,5,13,21,16.4,973.2,73.3,0,2.4,5.2,263,NA,NA,0,0,0,0,0,0,0,14,336,346,94,11.6,38.9,8.86,13.6
2000,5,13,22,15.6,973.2,74.8,0,1.1,2.9,270,NA,NA,1,0,0,0,0,0,0,14,331,340,94,11.1,37.4,8.59,13
2000,5,13,23,14.4,973,79.6,0,0,0.8,0,NA,NA,1,0,0,0,0,0,0,14,333,337,94,10.9,35.9,8.46,12.4
2000,5,14,0,14,972.8,81.1,0,0.3,1.4,297,NA,NA,0,0,0,0,0,0,0,14,335,338,94,10.8,35.3,8.4,12.2
2000,5,14,1,14.5,972.9,79.7,0,0.1,1.1,270,NA,NA,2,0,0,0,0,0,0,14,336,343,94,11,36.1,8.52,12.5
2000,5,14,2,14.1,972.9,81.1,0,0.5,1.7,270,NA,NA,0,0,0,0,0,0,0,14,355,355,94,10.9,35.5,8.45,12.3
2000,5,14,3,13.9,972.9,82.1,0,0.6,2.9,259,NA,NA,1,0,0,0,0,0,0,14,358,358,94,10.9,35.3,8.44,12.2
2000,5,14,4,14.3,973.2,80.9,0,0.9,3.3,270,NA,NA,8,8,0,4,4,4,4,14,360,360,94,11.1,36,8.54,12.4
2000,5,14,5,14.6,973.6,82.5,0,0.9,2.2,120,NA,NA,37,37,0,17,18,17,18,14,368,368,94,11.7,37.1,8.88,12.9
2000,5,14,6,15.3,973.3,78.4,0,0.6,1.9,27,NA,7,92,92,0,51,43,42,44,14,374,374,94,11.6,37.7,8.83,13.1
2000,5,14,7,16.1,973.6,75.7,0,0.3,1.2,63,NA,NA,295,223,143,358,130,98,112,14,379,386,94,11.8,38.9,8.97,13.6
2000,5,14,8,17.6,973.8,71.3,0,2.1,5.2,69,NA,NA,412,307,162,363,203,130,136,14,371,388,94,12.3,41.3,9.3,14.4
2000,5,14,9,18.9,973.7,70.8,0,3.5,7.3,62,NA,NA,632,321,406,489,356,146,148,14,381,400,94,13.5,44.4,10.03,15.6
2000,5,14,10,19.7,973.4,64.9,0,4.5,8,63,NA,NA,811,259,652,420,493,142,141,14,380,402,94,12.9,44.3,9.66,15.5
2000,5,14,11,20.6,973.1,56.9,0,3.4,6.4,62,NA,NA,861,217,728,225,542,146,134,14,350,394,94,11.8,43.4,8.95,15.3
2000,5,14,12,21.3,972.8,58.6,0,2.6,6.5,95,NA,1,856,210,736,139,536,280,133,14,357,400,94,12.9,45.9,9.63,16.1
2000,5,14,13,22.1,972.6,54.1,0,2.9,5.6,77,NA,NA,798,191,733,127,477,472,127,14,362,402,94,12.4,46,9.34,16.1
2000,5,14,14,22.6,972.3,50.5,0,2.4,5.3,95,NA,NA,706,148,757,114,379,637,115,14,358,402,94,11.8,45.6,8.98,16
2000,5,14,15,23.1,971.6,46.9,0,2.2,4.9,93,NA,NA,560,177,624,111,251,709,117,14,359,401,94,11.1,45.1,8.6,15.8
2000,5,14,16,22.7,971.9,49.9,0,1.4,3.4,86,NA,NA,284,199,184,92,111,381,106,14,356,389,94,11.7,45.5,8.93,16
2000,5,14,17,22.2,971.9,54.6,0,1.3,2.3,59,NA,NA,149,118,102,56,60,230,89,14,360,385,94,12.6,46.5,9.49,16.3
2000,5,14,18,21.3,971.9,60.2,0,1.3,2.3,29,NA,2,47,42,39,21,21,82,43,14,353,367,94,13.3,46.6,9.91,16.3
2000,5,14,19,19.5,971.8,68.7,0,0.2,1.6,90,NA,NA,3,0,0,0,0,0,0,14,346,355,94,13.6,45.3,10.12,15.8
2000,5,14,20,18.5,972.5,74.1,0,0.2,1.3,135,NA,NA,0,0,0,0,0,0,0,14,335,345,94,13.8,44.6,10.25,15.6
2000,5,14,21,17.1,972.6,79,0,0.2,1.4,270,NA,NA,0,0,0,0,0,0,0,14,327,339,94,13.4,42.5,10.01,14.8
2000,5,14,22,16.4,972.8,80.2,0,0.1,1.1,225,NA,NA,0,0,0,0,0,0,0,14,323,336,94,13,41.1,9.71,14.3
2000,5,14,23,15.5,972.8,81.8,0,0,0,0,NA,NA,0,0,0,0,0,0,0,14,319,332,94,12.4,39.2,9.34,13.6
2000,5,15,0,15.1,972.4,82.6,0,0.1,0.8,270,NA,NA,0,0,0,0,0,0,0,14,319,331,94,12.2,38.4,9.2,13.4
2000,5,15,1,14.3,972.7,84.5,0,0.1,1.2,315,NA,NA,0,0,0,0,0,0,0,14,310,325,94,11.7,36.9,8.93,12.8
2000,5,15,2,14.1,972.9,85.9,0,0,0.7,0,NA,NA,0,0,0,0,0,0,0,14,312,325,94,11.8,36.8,8.96,12.8
2000,5,15,3,13.6,973.3,86.1,0,0.2,1.7,360,NA,NA,0,0,0,0,0,0,0,14,308,322,94,11.3,35.6,8.68,12.3
2000,5,15,4,13.7,973.3,84.6,0,0.1,0.9,270,NA,NA,11,11,0,8,5,5,6,14,309,323,94,11.2,35.5,8.59,12.3
2000,5,15,5,14.6,973.5,83.7,0,0.4,1.9,360,NA,NA,96,56,226,310,35,34,119,14,321,341,94,11.9,37.5,9.01,13
2000,5,15,6,16.5,973.5,78.8,0,0.5,1.7,53,NA,0,244,107,400,546,73,66,130,14,331,362,94,12.8,40.9,9.59,14.3
2000,5,15,7,18.5,973.6,72.8,0,1.1,2.5,38,NA,NA,417,141,544,677,142,91,102,14,336,378,94,13.5,44.1,10.06,15.4
2000,5,15,8,19.9,973.8,68.7,0,0.6,2.4,45,NA,NA,583,164,644,679,277,109,113,14,345,392,94,14,46.3,10.36,16.2
2000,5,15,9,21.4,973.4,60.3,0,1.4,3.5,107,NA,NA,704,210,644,568,394,127,128,14,358,400,94,13.4,46.9,9.97,16.4
2000,5,15,10,22.8,973,58,0,1.1,3.4,114,NA,NA,802,231,673,414,485,136,135,14,365,408,94,14.1,49.5,10.46,17.3
2000,5,15,11,24,972.3,55.1,0,1.1,4.1,90,NA,NA,848,243,683,227,530,151,138,14,373,416,94,14.4,51.4,10.69,17.9
2000,5,15,12,25.5,971.8,48.2,0,1.4,3.9,162,NA,2,841,244,679,146,523,281,138,14,380,423,94,13.8,51.7,10.23,18
2000,5,15,13,27.1,971.4,41.3,0,2.1,5.8,259,NA,NA,791,214,694,132,470,468,132,14,383,429,94,12.8,51.8,9.63,18
2000,5,15,14,27.6,971,31.2,0,2.5,6.5,249,NA,NA,689,182,686,119,370,619,121,14,377,424,94,9.1,46.8,7.47,16.5
2000,5,15,15,27.6,970.7,32,0,3.6,6.9,246,NA,NA,559,140,680,100,242,719,105,14,379,420,94,9.4,47.3,7.66,16.6
2000,5,15,16,27.3,970.3,33.5,0,3.3,6.2,256,NA,NA,421,91,711,79,99,790,88,14,380,416,94,9.9,47.6,7.89,16.7
2000,5,15,17,26.2,970.5,36.6,0,2.4,4.7,248,NA,NA,213,81,440,58,62,557,147,14,372,400,94,10.2,47,8.08,16.5
2000,5,15,18,23,970.7,55.9,0,1.6,4.1,43,NA,6,73,44,229,28,29,293,125,14,360,375,94,13.7,49.1,10.22,17.1
2000,5,15,19,21.1,971.1,62.6,0,0.6,2.9,360,NA,NA,3,0,0,0,0,0,0,14,353,360,94,13.7,47.1,10.19,16.5
2000,5,15,20,19.7,971.6,67.5,0,0.2,1.7,297,NA,NA,0,0,0,0,0,0,0,14,335,347,94,13.5,45.4,10.07,15.9
2000,5,15,21,18.4,971.6,67.7,0,0.8,2.2,254,NA,NA,0,0,0,0,0,0,0,14,330,342,94,12.3,42.1,9.31,14.7
2000,5,15,22,17.3,971.9,70.1,0,0.3,1.3,270,NA,NA,0,0,0,0,0,0,0,14,329,340,94,11.8,40.1,8.98,14
2000,5,15,23,16.2,972,74.3,0,0.4,1.6,252,NA,NA,0,0,0,0,0,0,0,14,321,334,94,11.6,38.8,8.88,13.5
2000,5,16,0,15.1,971.6,78.6,0,0.3,1.2,360,NA,NA,0,0,0,0,0,0,0,14,317,331,94,11.4,37.3,8.75,12.9
2000,5,16,1,14.9,971.6,79.4,0,0.1,1.4,270,NA,NA,1,0,0,0,0,0,0,14,314,328,94,11.4,37,8.73,12.9
2000,5,16,2,14.4,971.2,80.7,0,0.1,1,270,NA,NA,0,0,0,0,0,0,0,14,319,328,94,11.1,36.2,8.59,12.5
2000,5,16,3,14,971.7,81.7,0,0,1.2,0,NA,NA,0,0,0,0,0,0,0,14,318,327,94,10.9,35.5,8.47,12.2
2000,5,16,4,13.8,971.8,81.8,0,0.1,0.8,270,NA,NA,11,11,0,7,5,5,6,14,317,328,94,10.7,35,8.37,12
2000,5,16,5,15,972,78.5,0,0.3,1.2,270,NA,NA,85,64,122,207,34,33,88,14,338,349,94,11.3,37,8.68,12.8
2000,5,16,6,17.7,971.8,68.7,0,0.2,1.1,45,NA,6,240,112,369,523,74,67,130,14,348,372,94,11.9,40.7,9.03,14.2
2000,5,16,7,19.7,972,60.6,0,0.4,2.4,34,NA,NA,379,184,383,556,140,97,110,14,359,389,94,11.9,42.7,9.03,15
2000,5,16,8,21.1,971.7,56.7,0,0.8,3,293,NA,NA,531,255,421,567,257,126,133,14,356,399,94,12.2,44.6,9.21,15.7
2000,5,16,9,23,971.4,50.8,0,1.1,3.3,297,NA,NA,695,251,577,554,386,134,136,14,368,412,94,12.3,46.7,9.27,16.4
2000,5,16,10,24.7,970.4,41,0,1.7,5.3,266,NA,NA,790,277,603,409,472,150,150,14,367,417,94,10.6,45.9,8.28,16.1
2000,5,16,11,26.2,969.8,34.2,0,1.9,6.9,261,NA,NA,864,240,703,229,535,151,139,14,373,422,94,9.2,45.6,7.55,16
2000,5,16,12,27.3,969.3,31.1,0,2.6,5.5,266,NA,4,855,224,716,142,527,281,135,14,383,428,94,8.7,46.2,7.32,16.2
2000,5,16,13,27.7,968.7,34.9,0,3.3,7.2,263,NA,NA,798,204,713,130,470,470,130,14,383,427,94,10.8,49.4,8.43,17.3
2000,5,16,14,28,968.1,34.1,0,4.9,8.6,257,NA,NA,702,162,729,115,371,631,116,14,396,430,94,10.7,49.6,8.39,17.3
2000,5,16,15,27.6,967.5,35.3,0,5.2,8.6,265,NA,NA,565,132,701,102,242,726,106,14,392,424,94,10.9,49.4,8.49,17.3
2000,5,16,16,26.9,967.4,38.4,0,5.8,8.7,259,NA,NA,391,110,601,83,102,713,95,14,388,416,94,11.5,49.7,8.87,17.3
2000,5,16,17,26.2,967.5,40.2,0,5.7,8.7,250,NA,NA,223,82,470,59,63,585,154,14,375,402,94,11.6,49.1,8.91,17.1
2000,5,16,18,24.7,967.5,43.5,0,5.4,9.4,246,NA,3,74,41,250,28,28,309,132,14,366,384,94,11.5,47.3,8.82,16.6
2000,5,16,19,22.8,968.3,49,0,3.7,6.3,241,NA,NA,3,0,0,0,0,0,0,14,356,368,94,11.5,45.5,8.86,15.9
2000,5,16,20,21.7,968.8,47.9,0,2,4.5,213,NA,NA,0,0,0,0,0,0,0,14,341,356,94,10.2,42.4,8.08,14.9
2000,5,16,21,21.1,969.5,47,0,2.6,5.7,216,NA,NA,0,0,0,0,0,0,0,14,337,353,94,9.4,40.6,7.63,14.3
2000,5,16,22,20.4,968.9,48.6,0,2.4,5.4,215,NA,NA,0,0,0,0,0,0,0,14,331,347,94,9.2,39.7,7.56,13.9
2000,5,16,23,19.3,968.7,48,0,1.4,4.8,212,NA,NA,0,0,0,0,0,0,0,14,323,338,94,8,37.1,6.97,12.9
2000,5,17,0,17.6,968.5,56,0,1.8,4.2,249,NA,NA,0,0,0,0,0,0,0,14,316,333,94,8.7,36.2,7.32,12.6
2000,5,17,1,16.8,968.3,59.8,0,0.5,3.2,225,NA,NA,0,0,0,0,0,0,0,14,312,328,94,8.9,35.7,7.43,12.3
2000,5,17,2,14.8,968.5,70.2,0,0.4,1.8,14,NA,NA,0,0,0,0,0,0,0,14,315,327,94,9.4,34.3,7.68,11.8
2000,5,17,3,14.4,968.4,73.3,0,1.3,3.7,310,NA,NA,0,0,0,0,0,0,0,14,316,328,94,9.7,34.2,7.82,11.7
2000,5,17,4,16,968.5,66.8,0,1.6,3.6,263,NA,NA,18,18,0,18,8,7,13,14,327,334,94,9.8,36.1,7.89,12.5
2000,5,17,5,17.6,968.4,60.8,0,2.3,7,247,NA,NA,115,62,292,380,38,37,145,14,347,359,94,9.9,37.9,7.96,13.2
2000,5,17,6,19,968.5,52.9,0,4.7,7.4,248,NA,4,262,112,430,581,76,69,140,14,347,373,94,9.2,38.3,7.55,13.4
2000,5,17,7,19.9,968.4,49.6,0,4.7,7.1,256,NA,NA,316,223,181,389,131,100,114,14,350,376,94,9.1,39,7.49,13.7
2000,5,17,8,20.4,968.3,42.1,0,5.6,9.4,241,NA,NA,211,206,8,120,101,91,94,14,386,389,94,7.1,37.1,6.55,13
2000,5,17,9,21.4,968.2,43,0,4.6,8.4,242,NA,NA,449,357,119,304,242,148,151,14,400,408,94,8.3,39.6,7.12,13.9
2000,5,17,10,22.4,968.4,39.8,0,6.7,12.2,246,NA,NA,556,432,145,291,317,173,174,14,390,405,94,8.1,40.3,7,14.2
2000,5,17,11,21.6,968.5,42,0,6.9,10.6,244,NA,NA,497,418,89,205,276,181,174,14,344,382,94,8.1,39.6,7.03,13.9
2000,5,17,12,20.9,968.1,47.4,0,6.3,9.8,264,NA,7,260,259,2,118,131,121,116,14,344,372,94,9.3,40.4,7.62,14.1
2000,5,17,13,20,968.5,51.1,0,6.5,9.5,252,NA,NA,122,122,0,59,60,58,58,14,342,366,94,9.6,39.8,7.77,13.9
2000,5,17,14,19,968.5,57.4,0,4.2,7.9,241,NA,NA,79,79,0,39,39,37,39,14,345,362,94,10.4,39.9,8.2,14
2000,5,17,15,17.8,968.4,64.5,0,2.5,5.1,215,NA,NA,77,77,0,38,37,36,38,14,346,359,94,11,39.6,8.56,13.8
2000,5,17,16,18.2,968.3,57,0,2.3,5.3,209,NA,NA,122,122,0,57,58,65,58,14,344,363,94,9.5,37.9,7.74,13.2
2000,5,17,17,18.6,967.7,58.5,0,2.9,5.9,245,NA,NA,154,126,92,59,62,229,93,14,346,366,94,10.3,39.4,8.16,13.7
2000,5,17,18,18.2,968,61.9,0,3.6,6.4,247,NA,7,57,46,85,25,25,144,69,14,344,359,94,10.8,39.6,8.42,13.8
2000,5,17,19,17.7,967.7,68,0,3.1,4.9,245,NA,NA,5,0,0,0,0,0,0,14,344,356,94,11.7,40.5,8.98,14.1
2000,5,17,20,17.4,968.1,70.9,0,1.8,3.3,267,NA,NA,2,0,0,0,0,0,0,14,381,381,94,12.1,40.8,9.18,14.2
2000,5,17,21,17.4,967.8,66,0,2.2,4.9,240,NA,NA,2,0,0,0,0,0,0,14,382,382,94,11,39.1,8.54,13.6
2000,5,17,22,16.1,967.4,78.1,3.1,3.4,6.4,247,NA,NA,3,0,0,0,0,0,0,14,374,374,94,12.3,39.8,9.32,13.8
2000,5,17,23,15.4,967,84.9,0,1,3.2,281,NA,NA,1,0,0,0,0,0,0,14,350,353,94,12.9,40,9.7,13.9
2000,5,18,0,15.2,966.7,85.1,0,0.6,2.9,360,NA,NA,3,0,0,0,0,0,0,14,349,350,94,12.7,39.6,9.6,13.7
2000,5,18,1,14.4,966.6,82.6,0,1.2,3.7,202,NA,NA,2,0,0,0,0,0,0,14,341,344,94,11.5,36.8,8.84,12.7
2000,5,18,2,13.9,966.2,79.6,0,2.2,4.3,240,NA,NA,2,0,0,0,0,0,0,14,355,355,94,10.4,34.8,8.24,11.9
2000,5,18,3,13.8,966.1,77.3,0,1.7,3.5,245,NA,NA,1,0,0,0,0,0,0,14,355,355,94,9.9,34,7.95,11.6
2000,5,18,4,13.7,966,78.4,0,0.8,3.1,225,NA,NA,9,9,0,5,4,4,4,14,355,355,94,10,34,8.01,11.6
2000,5,18,5,13.9,966.1,76.4,0,1,3,262,NA,NA,52,52,0,29,24,24,26,14,357,357,94,9.8,34,7.91,11.6
2000,5,18,6,14.7,966.1,70.5,0,2.7,5.4,239,NA,7,105,105,0,62,49,47,51,14,362,362,94,9.4,34.2,7.68,11.7
2000,5,18,7,15.4,965.9,64.9,0,3.3,6,243,NA,NA,247,223,47,212,110,94,103,14,363,369,94,8.8,34.2,7.4,11.7
2000,5,18,8,16.3,965.3,55.4,0,4.8,10.6,237,NA,NA,418,308,166,364,201,131,138,14,327,361,94,7.4,33.3,6.68,11.4
2000,5,18,9,16.5,965.4,51.8,0,5.2,9.4,231,NA,NA,375,358,21,226,194,145,148,14,329,360,94,6.6,32.6,6.32,11.2
2000,5,18,10,16.6,965.1,52.1,0,5.3,10.5,231,NA,NA,472,387,99,250,268,159,161,14,336,365,94,6.7,32.9,6.41,11.2
2000,5,18,11,17.7,964.9,50.3,0,7.4,11.8,251,NA,NA,794,357,490,243,483,177,162,14,331,370,94,7.2,34.6,6.63,11.9
2000,5,18,12,18.1,964.5,47.6,0,6.9,11.1,257,NA,6,904,245,745,151,547,295,143,14,338,380,94,6.8,34.5,6.44,11.9
2000,5,18,13,17.6,964.3,46.8,0,7.6,11.9,255,NA,NA,766,267,597,140,445,449,140,14,330,370,94,6.1,33.2,6.13,11.4
2000,5,18,14,17.4,964,46,0,6.3,10.7,262,NA,NA,519,359,214,149,277,407,151,14,332,364,94,5.7,32.6,5.95,11.1
2000,5,18,15,17.2,963.8,45.2,0,6.1,9.8,256,NA,NA,377,305,116,127,178,338,134,14,333,361,94,5.2,31.9,5.77,10.9
2000,5,18,16,16.6,963.6,45.9,0,6.3,10.6,260,NA,NA,260,219,88,94,108,284,107,14,323,351,94,4.9,31,5.64,10.5
2000,5,18,17,15.7,963.6,48.7,0,5.9,9.7,252,NA,NA,165,129,120,60,64,259,100,14,320,346,94,4.9,30.1,5.66,10.1
2000,5,18,18,15.4,963.8,47.3,0,4.1,8,222,NA,6,87,55,231,32,32,304,134,14,317,338,94,4.2,29.1,5.38,9.7
2000,5,18,19,14.2,964.8,50.2,0,5.7,8.9,242,NA,NA,4,0,0,0,0,0,0,14,313,330,94,4,27.6,5.28,9.1
2000,5,18,20,13.6,965.1,52.8,0,5.1,8.2,239,NA,NA,0,0,0,0,0,0,0,14,302,323,94,4.2,27.2,5.34,8.9
2000,5,18,21,13.4,965,55.2,0,4.3,8.2,245,NA,NA,0,0,0,0,0,0,0,14,305,327,94,4.6,27.4,5.52,8.9
2000,5,18,22,13.8,965.7,55,0,5.1,10.8,230,NA,NA,0,0,0,0,0,0,0,14,304,328,94,4.9,28.1,5.64,9.2
2000,5,18,23,11.4,965.9,74.3,1.4,3.3,8.6,270,NA,NA,0,0,0,0,0,0,0,14,345,345,94,7,27.9,6.51,9.1
2000,5,19,0,11.2,965.7,78.2,0,1.3,6.5,210,NA,NA,1,0,0,0,0,0,0,14,347,347,94,7.5,28.3,6.77,9.2
2000,5,19,1,11.4,965.7,74.2,0,0.8,2.5,180,NA,NA,0,0,0,0,0,0,0,14,349,349,94,7,27.9,6.51,9.1
2000,5,19,2,11.6,965.8,72.6,0,1.7,5.1,237,NA,NA,0,0,0,0,0,0,0,14,351,351,94,6.9,27.9,6.45,9.1
2000,5,19,3,11.3,966,70.3,0,3,6.1,233,NA,NA,0,0,0,0,0,0,0,14,338,338,94,6.1,26.8,6.12,8.6
2000,5,19,4,10.3,966.3,76,0,2.3,4.3,241,NA,NA,10,10,0,5,5,5,5,14,337,337,94,6.3,25.9,6.19,8.2
2000,5,19,5,11.1,966.5,72.2,0,3,5.5,237,NA,NA,90,67,126,214,36,35,92,14,341,345,96,6.3,26.8,6.2,8.6
2000,5,19,6,12.2,966.6,65.7,0,2.6,6,242,NA,6,292,133,450,621,84,76,156,14,346,364,96,6,27.6,6.06,9
2000,5,19,7,12.8,966.6,61.2,0,1.7,4.9,242,NA,NA,277,223,103,287,118,97,108,14,346,364,96,5.5,27.7,5.87,9
2000,5,19,8,13.7,966.3,53.2,0,2,5.2,235,NA,NA,504,291,324,498,238,132,139,14,343,375,96,4.4,27.4,5.41,9
2000,5,19,9,14.6,965.8,47.1,0,2.6,6.2,281,NA,NA,566,382,237,413,307,155,158,14,344,379,96,3.5,27.5,5.08,9
2000,5,19,10,15.1,965.5,44.3,0,2,6.4,312,NA,NA,604,435,199,313,340,177,178,14,353,380,96,3,27.7,4.93,9.1
2000,5,19,11,16.4,965.1,39.7,0,3.6,8.4,250,NA,NA,723,392,371,239,432,185,171,14,347,379,94,2.7,28.7,4.81,9.5
2000,5,19,12,17.7,964.6,37.4,0,3.8,8.5,264,NA,4,962,243,810,154,576,308,146,14,357,389,94,3,30.3,4.92,10.2
2000,5,19,13,17.1,964.6,37.8,0,4.4,9.6,276,NA,NA,833,255,690,142,478,485,143,14,343,379,94,2.6,29.3,4.79,9.8
2000,5,19,14,17.3,964.6,38.6,0,4.2,9,280,NA,NA,625,305,428,144,329,523,146,14,341,373,94,3.1,29.9,4.95,10.1
2000,5,19,15,16.1,964.4,38.9,0,4.5,9.7,262,NA,NA,417,286,210,125,195,424,133,14,339,363,94,2.1,27.9,4.62,9.2
2000,5,19,16,16.1,964.7,38.6,0,4.7,9.1,264,NA,NA,385,157,481,93,110,652,109,14,338,363,94,2,27.8,4.59,9.1
2000,5,19,17,15.4,964.9,42.6,0,4.3,9.7,282,NA,NA,267,109,511,68,72,652,179,14,352,365,94,2.8,27.7,4.84,9.1
2000,5,19,18,14.1,965.3,43,0,4.3,8,249,NA,7,65,45,146,27,27,212,97,14,348,352,94,1.7,25.5,4.49,8.1
2000,5,19,19,13.4,965.5,45,0,4,8,228,NA,NA,5,0,0,0,0,0,0,14,345,346,94,1.7,24.8,4.49,7.8
2000,5,19,20,12.6,966.2,51.1,0,4.1,7.3,230,NA,NA,0,0,0,0,0,0,0,14,296,319,94,2.8,24.9,4.83,7.8
2000,5,19,21,12.4,966.3,53.2,0,3.5,6.4,239,NA,NA,0,0,0,0,0,0,0,14,295,319,94,3.2,25,4.97,7.9
2000,5,19,22,12,966.8,57.5,0,3.2,6.3,241,NA,NA,1,0,0,0,0,0,0,14,297,320,94,3.9,25.3,5.23,8
2000,5,19,23,11.1,966.5,68.8,0,3.3,8.4,268,NA,NA,0,0,0,0,0,0,0,14,346,346,94,5.6,26,5.9,8.3
2000,5,20,0,10.7,966.4,67.9,0,1.8,4.8,253,NA,NA,0,0,0,0,0,0,0,14,343,343,94,5,25,5.67,7.8
2000,5,20,1,10.5,966.3,71.9,0,1.7,4.2,17,NA,NA,0,0,0,0,0,0,0,14,344,344,94,5.7,25.5,5.93,8.1
2000,5,20,2,10.3,966,72.8,0,0.8,1.8,135,NA,NA,0,0,0,0,0,0,0,14,293,313,94,5.6,25.3,5.93,7.9
2000,5,20,3,9.7,965.5,74.4,0,0.9,2.9,101,NA,NA,1,0,0,0,0,0,0,14,288,308,94,5.4,24.4,5.82,7.5
2000,5,20,4,9.3,966.1,75.1,0,1.2,2.9,346,NA,NA,8,8,0,3,4,4,4,14,285,304,94,5.1,23.7,5.71,7.2
2000,5,20,5,9.5,966.2,75.9,0,0.7,3.3,34,NA,NA,73,68,24,85,32,31,49,14,291,313,94,5.5,24.3,5.85,7.5
2000,5,20,6,10.5,966.5,69.9,0,1.1,3.1,281,NA,4,145,136,25,127,63,59,72,14,293,321,94,5.2,25.1,5.76,7.8
2000,5,20,7,11.9,966.3,63.6,0,1.1,4.9,180,NA,NA,372,234,266,498,144,107,124,14,299,340,94,5.2,26.5,5.75,8.5
2000,5,20,8,13.4,966.3,50.5,0,0.7,3.6,217,NA,NA,618,189,649,700,279,118,123,14,309,360,94,3.3,26.2,5.04,8.4
2000,5,20,9,14.6,966,45.3,0,0.9,4,225,NA,NA,728,201,678,580,389,126,127,14,318,365,94,2.9,27,4.88,8.8
2000,5,20,10,15.9,965.5,36.2,0,1.6,5.8,76,NA,NA,824,290,623,422,478,155,154,14,314,369,94,0.9,26.7,4.24,8.7
2000,5,20,11,16.9,965,34.9,0,2.5,6.5,120,NA,NA,944,172,863,224,558,137,128,14,336,381,94,1.3,28,4.36,9.2
2000,5,20,12,17.3,964.5,35.5,0,1.7,4.9,94,NA,4,929,216,802,146,554,295,139,14,332,381,94,1.9,28.9,4.55,9.6
2000,5,20,13,17.6,964.2,35.6,0,1.9,5.6,72,NA,NA,678,374,361,166,383,388,165,14,336,375,94,2.2,29.5,4.65,9.9
2000,5,20,14,17.9,964,36.9,0,1.7,4.5,62,NA,NA,727,211,687,129,374,637,131,14,328,379,94,3,30.5,4.92,10.3
2000,5,20,15,18.1,963.6,38.3,0,2.8,5.7,73,NA,NA,595,161,693,109,245,745,115,14,333,375,94,3.7,31.3,5.18,10.6
2000,5,20,16,17.2,963.4,40.5,0,2.5,4.9,78,NA,NA,315,197,248,95,113,460,114,14,328,360,94,3.7,30.4,5.17,10.3
2000,5,20,17,17,963.5,39.9,0,2.8,5.1,71,NA,NA,243,99,460,63,67,592,165,14,316,353,94,3.3,29.8,5.03,10
2000,5,20,18,16,963.5,45.2,0,2.2,3.8,56,NA,1,88,49,271,32,32,339,148,14,310,333,94,4.1,29.6,5.35,9.9
2000,5,20,19,14.1,963.7,49.7,0,1.7,3.1,16,NA,NA,2,0,0,0,0,0,0,14,301,320,94,3.8,27.3,5.2,8.9
2000,5,20,20,13.5,964,47.4,0,2,5.1,9,NA,NA,0,0,0,0,0,0,0,14,286,312,94,2.5,25.6,4.77,8.1
2000,5,20,21,11.9,964,57.4,0,1.8,3.6,106,NA,NA,0,0,0,0,0,0,0,14,285,304,94,3.8,25.1,5.2,7.9
2000,5,20,22,10.4,964.5,66,0,0.2,1.7,45,NA,NA,0,0,0,0,0,0,0,14,279,298,94,4.3,24.1,5.41,7.4
2000,5,20,23,9.8,964.5,68.1,0,0.3,1.3,243,NA,NA,0,0,0,0,0,0,0,14,276,295,94,4.2,23.4,5.36,7.1
2000,5,21,0,8.8,964.4,71.6,0,0.1,1.2,270,NA,NA,0,0,0,0,0,0,0,14,274,293,94,4,22.1,5.27,6.5
2000,5,21,1,8.3,964.2,75.1,0,0.7,1.7,261,NA,NA,0,0,0,0,0,0,0,14,272,291,94,4.2,21.8,5.35,6.3
2000,5,21,2,7.8,964.5,77,0,0.2,1,243,NA,NA,0,0,0,0,0,0,0,14,270,289,94,4,21.2,5.3,6
2000,5,21,3,7.1,964.5,79.7,0,0.3,1.4,270,NA,NA,1,0,0,0,0,0,0,14,266,286,94,3.8,20.3,5.23,5.5
2000,5,21,4,6.9,964.5,81.1,0,0.4,1.5,252,NA,NA,16,16,0,12,7,7,10,14,267,289,94,3.9,20.1,5.25,5.5
2000,5,21,5,8.5,964.5,77.1,0,1.1,2.7,270,NA,NA,117,58,314,400,40,39,157,14,278,309,94,4.7,22.5,5.57,6.6
2000,5,21,6,11.1,964.2,65.1,0,0.8,2,225,NA,0,280,101,498,630,73,67,150,14,289,333,94,4.8,25.3,5.6,7.9
2000,5,21,7,13.2,964.1,58.1,0,0.9,3.2,270,NA,NA,456,116,656,742,131,90,99,14,296,350,94,5.2,27.8,5.74,9.1
2000,5,21,8,15.7,963.6,48.3,0,2.3,5.8,234,NA,NA,619,156,697,709,271,109,113,14,315,366,94,4.8,30,5.61,10
2000,5,21,9,17.7,963.3,41.2,0,3.8,8,227,NA,NA,774,191,748,615,407,127,128,14,322,373,94,4.4,31.6,5.43,10.7
2000,5,21,10,18.5,962.8,39.8,0,5.6,10.8,243,NA,NA,809,281,616,415,467,152,152,14,326,373,94,4.6,32.6,5.52,11.2
2000,5,21,11,19.5,962.4,38.9,0,5.7,10,240,NA,NA,868,294,639,245,518,170,157,14,330,380,94,5.2,34.2,5.75,11.8
2000,5,21,12,20.1,962.6,40.9,0,5.4,9.3,255,NA,7,725,381,387,180,426,270,170,14,331,376,94,6.4,36.1,6.28,12.5
2000,5,21,13,19.8,963.1,39.6,0,6.4,11.5,266,NA,NA,550,384,198,166,303,305,166,14,327,368,94,5.7,35,5.96,12.1
2000,5,21,14,18.6,963,41.4,0,6.8,11.4,266,NA,NA,252,244,11,110,123,135,110,14,344,366,94,5.2,33.4,5.78,11.4
2000,5,21,15,19.2,962.8,40.8,0,5.6,9.9,235,NA,NA,415,266,238,122,190,426,129,14,350,376,94,5.6,34.3,5.92,11.8
2000,5,21,16,19,962.4,41.4,0,5.4,9.1,235,NA,NA,228,205,47,89,97,201,98,14,348,369,94,5.6,34.2,5.93,11.8
2000,5,21,17,19.1,961.9,42.6,0,5.4,9.7,238,NA,NA,180,133,149,63,66,291,109,14,348,368,94,6.1,34.8,6.15,12
2000,5,21,18,18.3,961.9,46.1,0,5.8,9.1,247,NA,7,48,48,2,22,22,30,25,14,345,359,94,6.5,34.4,6.33,11.9
2000,5,21,19,16.5,963.8,55.8,0,5.4,10.1,279,NA,NA,4,0,0,0,0,0,0,14,333,349,94,7.6,33.9,6.83,11.6
2000,5,21,20,14.3,965,57.9,0,4.4,13.1,295,NA,NA,0,0,0,0,0,0,0,14,340,348,94,6.1,29.9,6.14,10
2000,5,21,21,13,965.4,57,0.1,3,11.8,274,NA,NA,0,0,0,0,0,0,0,14,334,340,94,4.7,27.1,5.55,8.8
2000,5,21,22,12.4,966.4,60.8,0,2.2,11.6,223,NA,NA,0,0,0,0,0,0,0,14,337,337,94,5.1,26.8,5.68,8.7
2000,5,21,23,12.9,967.1,57.1,0,1.2,4.9,190,NA,NA,1,0,0,0,0,0,0,14,356,356,94,4.6,26.9,5.51,8.7
2000,5,22,0,12.9,967.4,55.3,0,2.8,8.8,243,NA,NA,1,0,0,0,0,0,0,14,353,353,94,4.2,26.4,5.33,8.5
2000,5,22,1,12.2,967.6,61.7,0,1.6,4.3,223,NA,NA,1,0,0,0,0,0,0,14,352,352,94,5.1,26.6,5.69,8.6
2000,5,22,2,11.8,967.9,65.1,0,2.7,5.7,230,NA,NA,1,0,0,0,0,0,0,14,350,350,94,5.5,26.6,5.84,8.6
2000,5,22,3,11.3,968.3,70.4,0,1.8,4.9,279,NA,NA,2,0,0,0,0,0,0,14,347,347,94,6.1,26.8,6.11,8.6
2000,5,22,4,11.1,968.6,71.8,0,0.5,1.4,270,NA,NA,9,9,0,4,4,4,4,14,347,347,94,6.2,26.7,6.15,8.6
2000,5,22,5,11.4,968.9,72.4,0,0.7,1.8,104,NA,NA,68,67,7,55,31,30,39,14,341,343,94,6.6,27.4,6.33,8.9
2000,5,22,6,11.7,969.3,67.1,0,1.1,2.1,114,NA,6,130,123,18,103,58,55,64,14,342,347,94,5.8,26.8,5.97,8.7
2000,5,22,7,13.1,969.3,53.6,0,0.5,3.2,0,NA,NA,467,178,554,716,147,104,119,14,347,373,94,3.9,26.4,5.23,8.5
2000,5,22,8,14.3,969.1,42.2,0,1,3.6,45,NA,NA,590,197,591,661,264,118,123,14,326,365,94,1.6,25.6,4.44,8.2
2000,5,22,9,14.9,969.3,42.6,0,1.6,3.9,275,NA,NA,718,277,565,554,378,145,147,14,327,371,94,2.3,26.8,4.66,8.7
2000,5,22,10,16,969.4,40,0,1.4,5.2,287,NA,NA,689,380,359,357,392,167,167,14,332,375,94,2.4,28,4.7,9.2
2000,5,22,11,16.6,969.7,38.2,0,1.4,4.7,290,NA,NA,889,286,671,240,526,162,147,14,336,383,94,2.3,28.5,4.66,9.5
2000,5,22,12,17.7,969.4,38.2,0,2.1,7.7,34,NA,3,790,333,513,168,468,279,158,14,339,382,94,3.3,30.5,5,10.3
2000,5,22,13,18.1,969.6,37.9,0,2.7,6.8,43,NA,NA,828,241,696,139,466,478,139,14,341,384,94,3.5,31.1,5.09,10.6
2000,5,22,14,18.2,969.4,36.3,0,2,5.9,56,NA,NA,735,136,795,112,364,646,114,14,324,378,94,3,30.7,4.9,10.4
2000,5,22,15,18.5,969.5,35.2,0,2.3,7.2,32,NA,NA,597,103,785,95,230,758,99,14,320,373,94,2.8,30.9,4.84,10.5
2000,5,22,16,18.4,969.7,37.8,0,2.8,8.6,333,NA,NA,435,85,726,78,87,790,91,14,322,367,94,3.8,31.6,5.17,10.8
2000,5,22,17,17.2,970.1,42.6,0,3.5,7.5,350,NA,NA,248,78,537,60,63,640,174,14,316,352,94,4.4,31,5.4,10.5
2000,5,22,18,15.6,970.8,46.8,0,3.7,8.2,354,NA,1,88,48,266,32,32,332,148,14,308,335,94,4.3,29.2,5.36,9.8
2000,5,22,19,13.8,970.9,53.4,0,2.8,7.4,16,NA,NA,3,0,0,0,0,0,0,14,300,324,94,4.5,27.6,5.44,9.1
2000,5,22,20,12.5,971.3,60.9,0,2.1,4.3,69,NA,NA,0,0,0,0,0,0,0,14,291,311,94,5.2,27,5.7,8.8
2000,5,22,21,11.5,971.5,68,0,1.4,3.4,61,NA,NA,0,0,0,0,0,0,0,14,286,305,94,5.8,26.6,5.96,8.6
2000,5,22,22,10.7,972,69.5,0,0.5,1.6,27,NA,NA,0,0,0,0,0,0,0,14,283,300,94,5.4,25.3,5.77,8
2000,5,22,23,10,971.6,73.6,0,0.5,1.7,53,NA,NA,0,0,0,0,0,0,0,14,282,298,94,5.5,24.7,5.84,7.7
2000,5,23,0,8.9,971.6,78,0,0,0.2,0,NA,NA,0,0,0,0,0,0,0,14,275,293,94,5.3,23.4,5.74,7.1
2000,5,23,1,8.3,971.8,78.7,0,0.1,1.2,315,NA,NA,0,0,0,0,0,0,0,14,273,290,94,4.8,22.3,5.56,6.6
2000,5,23,2,7.6,971.7,80.7,0,0.1,1.4,270,NA,NA,0,0,0,0,0,0,0,14,271,288,94,4.5,21.3,5.44,6.1
2000,5,23,3,7.6,972.1,79.9,0,0.9,1.9,256,NA,NA,0,0,0,0,0,0,0,14,269,288,94,4.4,21.2,5.38,6.1
2000,5,23,4,7.4,971.9,79.5,0,1.1,2,253,NA,NA,18,18,0,14,8,8,11,14,270,291,94,4.1,20.7,5.28,5.8
2000,5,23,5,9.2,972.9,78.3,0,0.7,1.4,278,NA,NA,118,60,300,384,38,38,153,14,285,314,94,5.6,24,5.88,7.4
2000,5,23,6,11.7,972.8,70.2,0,0.8,3.8,360,NA,0,283,103,497,630,74,68,154,14,293,336,94,6.5,27.5,6.23,9
2000,5,23,7,12.7,973.1,63,0,2.2,5.3,77,NA,NA,461,114,665,746,127,90,99,14,295,345,94,5.8,27.8,5.97,9.1
2000,5,23,8,14.1,972.9,57.7,0,2.7,6.1,62,NA,NA,622,133,733,712,265,106,109,14,312,360,94,5.9,29.3,5.99,9.8
2000,5,23,9,15.5,972.3,54.1,0,3.1,6.3,58,NA,NA,755,163,758,600,390,118,119,14,319,368,94,6.3,31.1,6.15,10.6
2000,5,23,10,16.7,971.7,51.4,0,3.2,7.3,68,NA,NA,856,172,794,429,484,126,125,14,324,374,94,6.6,32.8,6.32,11.2
2000,5,23,11,17.8,971.4,47.2,0,2.7,6,90,NA,NA,906,169,820,219,531,135,125,14,334,382,94,6.4,33.7,6.22,11.6
2000,5,23,12,18.7,970.6,41.6,0,2.5,5.5,102,NA,1,904,163,830,128,521,274,123,14,332,383,94,5.4,33.5,5.8,11.6
2000,5,23,13,19.5,970.2,34.6,0,2.4,5.3,112,NA,NA,834,177,778,125,463,479,125,14,329,384,94,3.5,32.5,5.07,11.1
2000,5,23,14,20.4,969.8,33.9,0,2,4.3,105,NA,NA,735,139,789,113,362,644,114,14,333,387,94,4,33.9,5.25,11.7
2000,5,23,15,20.8,969.6,37,0,2,4.4,99,NA,NA,591,133,725,104,232,739,109,14,337,386,94,5.6,35.9,5.88,12.5
2000,5,23,16,21,969.4,38.7,0,1.8,3.5,99,NA,NA,421,102,658,83,94,748,99,14,339,384,94,6.4,37,6.23,12.9
2000,5,23,17,20.7,969.2,40.7,0,1.8,2.8,54,NA,NA,242,84,494,62,65,607,170,14,339,375,94,6.9,37.2,6.44,13
2000,5,23,18,19.5,969.6,46.1,0,1.4,2.9,73,NA,2,84,49,226,30,30,293,132,14,334,350,94,7.6,36.8,6.77,12.8
2000,5,23,19,17.6,970.2,47.8,0,1.2,2.3,149,NA,NA,6,0,0,0,0,0,0,14,322,333,94,6.4,33.5,6.23,11.5
2000,5,23,20,16.6,970.9,58.6,0,0.3,2.1,315,NA,NA,1,0,0,0,0,0,0,14,371,371,94,8.5,34.8,7.17,12.1
2000,5,23,21,16.1,970.6,65.1,0,0.3,1.9,326,NA,NA,0,0,0,0,0,0,0,14,363,363,94,9.5,35.7,7.72,12.3
2000,5,23,22,14.6,970.7,71.5,0,0.6,2.1,292,NA,NA,0,0,0,0,0,0,0,14,352,352,94,9.5,34.2,7.7,11.7
2000,5,23,23,13.3,970.6,76.9,0,0.4,2,18,NA,NA,0,0,0,0,0,0,0,14,326,327,94,9.3,32.6,7.61,11.1
2000,5,24,0,12.8,970.4,78.3,0,0.8,2.4,349,NA,NA,0,0,0,0,0,0,0,14,326,326,94,9.1,31.8,7.5,10.8
2000,5,24,1,12.8,970.3,76.6,0,0.5,2.2,194,NA,NA,0,0,0,0,0,0,0,14,326,330,94,8.8,31.4,7.34,10.6
2000,5,24,2,11.8,970.4,79.3,0,0.4,2.4,27,NA,NA,0,0,0,0,0,0,0,14,308,315,94,8.3,29.8,7.11,9.9
2000,5,24,3,11.2,970.4,80.8,0,0.2,1.4,360,NA,NA,0,0,0,0,0,0,0,14,306,313,94,8,28.8,6.96,9.5
2000,5,24,4,10.5,970.4,81.1,0,0.1,1,0,NA,NA,13,13,0,7,6,6,7,14,305,312,94,7.4,27.4,6.67,8.9
2000,5,24,5,11,970.8,80.3,0,0.4,1.4,315,NA,NA,58,58,0,33,27,26,29,14,311,323,94,7.7,28.3,6.82,9.2
2000,5,24,6,14,971,73.1,0,0.6,1.6,79,NA,2,256,146,303,476,82,75,140,14,330,354,94,9.3,33.2,7.57,11.4
2000,5,24,7,16.6,970.2,63.7,0,0.4,1.8,72,NA,NA,440,154,544,683,132,96,110,14,341,379,94,9.7,36.5,7.81,12.7
2000,5,24,8,19.1,970.3,52.4,0,0.7,3,39,NA,NA,599,177,632,675,260,113,119,14,345,391,94,9.1,38.3,7.51,13.4
2000,5,24,9,20.7,969.7,41.8,0,0.9,3.9,239,NA,NA,731,206,670,577,379,127,129,14,342,397,94,7.3,37.6,6.61,13.2
2000,5,24,10,22.1,969.2,39.9,0,1.3,5.4,119,NA,NA,825,231,689,418,467,137,136,14,354,404,94,7.8,39.7,6.88,13.9
2000,5,24,11,23.2,968.9,35.1,0,2.4,7,232,NA,NA,879,222,730,227,515,147,135,14,354,408,94,6.9,39.8,6.47,13.9
2000,5,24,12,23.9,968.5,33.7,0,3.1,7.5,240,NA,1,874,218,733,142,509,279,134,14,355,409,94,7,40.5,6.48,14.2
2000,5,24,13,24.7,967.7,35.1,0,2.6,8,242,NA,NA,802,231,676,135,447,462,135,14,365,412,94,8.3,42.9,7.1,15.1
2000,5,24,14,25.3,967.7,34.1,0,3.2,6.9,252,NA,NA,700,197,665,123,350,609,126,14,364,412,94,8.4,43.7,7.15,15.4
2000,5,24,15,25,967.2,34.6,0,3.4,10.5,239,NA,NA,566,152,652,104,224,699,110,14,362,406,94,8.3,43.3,7.13,15.2
2000,5,24,16,24.7,967,35.5,0,2.9,7,250,NA,NA,423,117,629,88,100,739,107,14,359,400,94,8.4,43.1,7.18,15.1
2000,5,24,17,24,966.8,37.7,0,4.1,7.4,256,NA,NA,237,91,452,60,64,572,164,14,357,389,94,8.7,42.8,7.32,15
2000,5,24,18,23.3,967.2,38.6,0,3.8,6.1,244,NA,2,87,51,229,31,31,298,135,14,352,373,94,8.4,41.7,7.18,14.6
2000,5,24,19,20.9,967.9,45.4,0,3.2,5.4,253,NA,NA,0,0,0,0,0,0,0,14,339,353,94,8.7,39.5,7.29,13.9
2000,5,24,20,18.8,968.2,51.3,0,2.6,5.1,249,NA,NA,0,0,0,0,0,0,0,14,329,341,94,8.5,37.2,7.23,13
2000,5,24,21,17.3,968,57.8,0,1.3,2.8,252,NA,NA,0,0,0,0,0,0,0,14,324,334,94,8.9,36.2,7.42,12.5
2000,5,24,22,15.8,967.9,63.5,0,1,2.1,264,NA,NA,0,0,0,0,0,0,0,14,317,328,94,8.9,34.6,7.41,11.9
2000,5,24,23,14.2,967.8,70.6,0,0.2,1.2,270,NA,NA,1,0,0,0,0,0,0,14,314,325,94,8.9,33.1,7.43,11.3
2000,5,25,0,13.8,967.3,72,0,0.1,1,315,NA,NA,0,0,0,0,0,0,0,14,312,325,94,8.8,32.5,7.39,11
2000,5,25,1,13.4,967.5,74.7,0,0.3,1.6,270,NA,NA,2,0,0,0,0,0,0,14,311,324,94,9,32.3,7.47,11
2000,5,25,2,13.5,966.8,75.3,0,0.3,1.6,45,NA,NA,1,0,0,0,0,0,0,14,314,326,94,9.2,32.7,7.58,11.1
2000,5,25,3,13.7,967.1,74.6,0,0,1.5,0,NA,NA,0,0,0,0,0,0,0,14,314,327,94,9.3,33,7.61,11.2
2000,5,25,4,15.8,967.7,66.3,0,1.4,3.7,245,NA,NA,10,10,0,4,5,5,5,14,326,338,94,9.5,35.5,7.74,12.2
2000,5,25,5,17.5,967.8,57.9,0,3.1,6.2,241,NA,NA,26,26,0,9,13,12,11,14,333,347,94,9.1,36.7,7.53,12.7
2000,5,25,6,18.4,967.8,53.4,0,3.4,6.9,238,NA,7,58,58,0,26,28,28,28,14,333,355,94,8.8,37.1,7.35,12.9
2000,5,25,7,18.5,968.2,56.7,0,3.6,7.5,258,NA,NA,161,160,2,94,76,71,75,14,338,363,94,9.8,38.5,7.85,13.5
2000,5,25,8,19.8,968.3,49.6,0,5.3,8.2,237,NA,NA,279,272,11,168,132,115,120,14,368,383,94,9,38.8,7.44,13.6
2000,5,25,9,20.1,968.8,49.3,0,5.4,8.5,238,NA,NA,291,285,8,156,142,123,126,14,368,384,94,9.2,39.3,7.53,13.8
2000,5,25,10,20,969.1,52.6,0,4.9,8.4,239,NA,NA,208,207,1,103,103,94,95,14,368,382,94,10,40.4,7.99,14.1
2000,5,25,11,19.7,969.3,55.8,0,4.5,7.4,242,NA,NA,126,126,0,61,62,59,60,14,344,367,94,10.6,40.9,8.32,14.3
2000,5,25,12,19.5,969.5,58.5,0,3.5,5.7,240,NA,8,84,84,0,41,41,40,41,14,343,365,94,11.2,41.5,8.62,14.5
2000,5,25,13,19.5,969.6,58.7,0,3.2,5.8,225,NA,NA,90,90,0,44,44,43,44,14,343,366,94,11.2,41.6,8.65,14.5
2000,5,25,14,19.3,969.9,59.7,0,2.8,5.6,218,NA,NA,72,72,0,35,35,34,35,14,342,363,94,11.3,41.4,8.69,14.5
2000,5,25,15,19.2,970,59.5,0,2.7,5.6,222,NA,NA,85,85,0,41,41,40,41,14,342,364,94,11.1,41.1,8.6,14.4
2000,5,25,16,19.3,970,58.5,0,2.6,5.2,228,NA,NA,73,73,0,35,35,33,35,14,342,363,94,11,41,8.51,14.4
2000,5,25,17,18.9,970.4,61.5,0,1.6,3.2,243,NA,NA,25,25,0,12,12,8,11,14,373,375,94,11.3,41.1,8.72,14.4
2000,5,25,18,18.6,970,60.5,0,1.2,3.2,232,NA,8,11,11,0,6,6,3,5,14,369,371,94,10.8,40.1,8.42,14
2000,5,25,19,17.8,970.7,63.8,0,0.7,2,225,NA,NA,3,3,0,2,2,0,1,14,365,366,94,10.9,39.3,8.44,13.7
2000,5,25,20,17.4,970.9,63.6,0,1,2.4,297,NA,NA,2,0,0,0,0,0,0,14,381,381,94,10.4,38.3,8.2,13.3
2000,5,25,21,16.8,971,70.3,0,0.9,2.1,18,NA,NA,0,0,0,0,0,0,0,14,378,378,94,11.4,39,8.73,13.6
2000,5,25,22,16.6,970.6,72.4,0,0.2,1.1,90,NA,NA,2,0,0,0,0,0,0,14,376,376,94,11.6,39.2,8.89,13.6
2000,5,25,23,16.1,970.3,73.4,0,0.3,1.1,45,NA,NA,2,0,0,0,0,0,0,14,374,374,94,11.3,38.3,8.73,13.3
2000,5,26,0,15.3,970,75.8,0,0,0.8,0,NA,NA,1,0,0,0,0,0,0,14,370,370,94,11.1,37,8.56,12.9
2000,5,26,1,14.8,969.7,77.2,0,0.4,1.1,45,NA,NA,1,0,0,0,0,0,0,14,366,366,94,10.8,36.2,8.44,12.5
2000,5,26,2,14.5,969.3,75.5,0,0.1,1.1,90,NA,NA,1,0,0,0,0,0,0,14,366,366,94,10.2,35,8.1,12
2000,5,26,3,14.1,968.9,77.6,0,0.1,0.8,270,NA,NA,1,0,0,0,0,0,0,14,363,363,94,10.2,34.7,8.12,11.9
2000,5,26,4,13.5,969,79.5,0,0,1,0,NA,NA,14,14,0,8,7,7,7,14,360,360,94,10,33.8,7.99,11.5
2000,5,26,5,14.8,968.7,76.6,0,0.3,1.1,90,NA,NA,112,71,209,310,41,41,133,14,325,347,94,10.7,36.1,8.39,12.4
2000,5,26,6,16.3,968.6,71.4,0,0.8,2.8,104,NA,1,272,118,419,572,78,71,154,14,328,363,94,11.1,38.2,8.61,13.3
2000,5,26,7,17.3,968.5,66.8,0,1.9,4.6,103,NA,NA,439,141,565,686,124,92,105,14,335,372,94,11.1,39.1,8.58,13.6
2000,5,26,8,18.7,967.9,62.8,0,1.7,5.1,101,NA,NA,594,186,609,664,255,115,121,14,342,384,94,11.5,41.2,8.82,14.4
2000,5,26,9,19.6,967.6,58.2,0,2.2,5.4,101,NA,NA,738,251,620,575,378,137,139,14,349,391,94,11.2,41.7,8.65,14.6
2000,5,26,10,20.2,967.1,53.6,0,1.8,4.5,103,NA,NA,639,419,255,335,359,169,169,14,346,387,94,10.5,41.3,8.27,14.5
2000,5,26,11,21.2,966.6,51.5,0,1.1,4.8,144,NA,NA,493,395,108,202,280,174,165,14,355,392,94,10.8,42.8,8.45,15
2000,5,26,12,23.7,965.9,44.6,0,3.6,8.9,250,NA,6,736,394,381,183,422,273,172,14,365,408,94,10.9,45.5,8.53,15.9
2000,5,26,13,25,965.3,40.4,0,6.2,10.7,250,NA,NA,802,292,601,154,441,458,154,14,373,413,94,10.6,46.4,8.35,16.2
2000,5,26,14,25,964.8,43.3,0,5.7,9.7,251,NA,NA,519,382,180,159,260,373,161,14,377,407,94,11.7,48,8.97,16.8
2000,5,26,15,24.4,964.4,45.6,0,5.7,11.4,229,NA,NA,225,213,18,97,108,144,99,14,376,395,94,11.9,47.8,9.12,16.7
2000,5,26,16,24.7,963.9,46.4,0,4.8,8.6,226,NA,NA,270,215,111,95,106,293,110,14,380,403,94,12.4,48.9,9.45,17
2000,5,26,17,24.7,963.9,46.4,0,4.4,8.3,231,NA,NA,227,121,323,68,73,482,155,14,377,400,94,12.4,48.9,9.45,17
2000,5,26,18,23.6,963.6,49.5,0,3.5,6.2,234,NA,4,27,27,0,13,13,10,12,14,373,383,94,12.4,47.8,9.44,16.7
2000,5,26,19,22.4,963.5,53.6,0,3.3,6.2,247,NA,NA,4,4,0,2,2,1,1,14,367,376,94,12.5,46.7,9.51,16.3
2000,5,26,20,22.3,963.9,52.3,0,4.5,8.5,241,NA,NA,0,0,0,0,0,0,0,14,397,397,94,12.1,45.9,9.22,16
2000,5,26,21,21.7,964.2,53.4,0,4.3,8.7,245,NA,NA,0,0,0,0,0,0,0,14,398,398,94,11.8,44.9,9.07,15.7
2000,5,26,22,19.1,964.7,71.3,2.9,4.9,10.2,258,NA,NA,0,0,0,0,0,0,0,14,385,385,94,13.8,45.4,10.33,15.8
2000,5,26,23,19.2,965.2,64.4,0.1,6.3,11.2,241,NA,NA,0,0,0,0,0,0,0,14,365,366,94,12.3,43.1,9.37,15
2000,5,27,0,17.7,965.3,69.7,1.1,4.3,9,236,NA,NA,0,0,0,0,0,0,0,14,360,361,94,12.1,41.2,9.23,14.3
2000,5,27,1,17.2,965.2,71.6,0.1,6.1,10.8,241,NA,NA,0,0,0,0,0,0,0,14,355,359,94,12,40.6,9.18,14.1
2000,5,27,2,16.3,965.2,78.3,0.1,3.2,6.4,215,NA,NA,0,0,0,0,0,0,0,14,369,369,94,12.5,40.4,9.49,14
2000,5,27,3,15,965.7,73,0.2,2.7,6.7,313,NA,NA,0,0,0,0,0,0,0,14,354,355,94,10.2,35.6,8.12,12.3
2000,5,27,4,13.4,967.7,71.1,0.3,1.9,6.7,310,NA,NA,0,0,0,0,0,0,0,14,348,348,94,8.3,31.4,7.1,10.6
2000,5,27,5,11.9,969.1,68.2,0.6,2.1,7.1,340,NA,NA,13,13,0,4,7,7,6,14,351,351,96,6.2,27.5,6.16,8.9
2000,5,27,6,11.5,970.7,80.1,0.5,1.8,4.1,146,NA,8,42,42,0,17,21,20,20,14,352,352,96,8.2,29.3,7.04,9.7
2000,5,27,7,11.6,971.6,81.3,2.6,1.2,3.1,221,NA,NA,33,33,0,13,16,16,16,14,349,350,96,8.5,29.8,7.19,9.9
2000,5,27,8,10.9,971.9,84.4,4.4,3,5.7,243,NA,NA,62,62,0,29,30,30,31,14,322,335,96,8.4,28.9,7.12,9.6
2000,5,27,9,11,971.8,81.6,0.6,1.9,4,230,NA,NA,158,158,0,80,77,73,74,14,324,340,96,8,28.5,6.93,9.4
2000,5,27,10,12.1,971.8,73.6,0,1.2,3.1,264,NA,NA,434,389,52,221,228,161,163,14,332,354,96,7.5,29.1,6.72,9.6
2000,5,27,11,13.6,970.9,66,0,1.1,3.3,210,NA,NA,641,432,231,235,360,194,183,14,327,362,94,7.4,30.5,6.65,10.3
2000,5,27,12,14.2,970.9,62.7,0,1.2,3.7,72,NA,7,529,430,110,183,298,226,174,14,332,365,94,7.2,30.9,6.57,10.4
2000,5,27,13,15,970.2,59.9,0,1.7,4.3,115,NA,NA,642,414,269,169,353,364,169,14,335,365,94,7.3,31.8,6.61,10.8
2000,5,27,14,15.7,969.7,56.9,0,1,3.9,18,NA,NA,573,333,315,149,287,447,152,14,336,375,94,7.2,32.4,6.58,11.1
2000,5,27,15,16.3,969.1,53.5,0,1.2,3.9,22,NA,NA,461,280,283,128,200,472,137,14,340,371,94,6.8,32.7,6.43,11.2
2000,5,27,16,16,968.3,58.5,0,1.9,4,84,NA,NA,276,212,129,95,110,336,114,14,336,362,94,7.9,33.6,6.9,11.5
2000,5,27,17,15.9,967.9,56,0,2.5,4.4,56,NA,NA,244,97,447,63,66,573,169,14,326,357,94,7.1,32.6,6.57,11.1
2000,5,27,18,14.9,967.7,64.1,0,2.2,3.3,56,NA,4,96,56,247,34,34,319,147,14,320,339,94,8.2,32.8,7.06,11.2
2000,5,27,19,13,967.7,72.7,0,1.4,2.5,58,NA,NA,6,6,0,3,3,2,2,14,314,325,94,8.2,30.9,7.07,10.4
2000,5,27,20,12.2,967.2,77.5,0,0.5,2,14,NA,NA,0,0,0,0,0,0,0,14,303,317,94,8.4,30.3,7.16,10.1
2000,5,27,21,11.2,966.7,80,0,0.8,1.9,256,NA,NA,1,0,0,0,0,0,0,14,298,311,94,7.9,28.7,6.92,9.4
2000,5,27,22,10.4,966.4,81.7,0,1,1.8,259,NA,NA,0,0,0,0,0,0,0,14,293,308,94,7.4,27.3,6.7,8.8
2000,5,27,23,10,966,83.8,0,0.8,1.9,263,NA,NA,0,0,0,0,0,0,0,14,286,304,94,7.4,26.9,6.69,8.6
2000,5,28,0,9.8,965.4,84.8,0,0.6,1.8,256,NA,NA,1,0,0,0,0,0,0,14,284,302,94,7.4,26.7,6.69,8.5
2000,5,28,1,9.6,965.2,85.7,0,0.5,2.2,270,NA,NA,2,0,0,0,0,0,0,14,287,308,94,7.3,26.4,6.67,8.4
2000,5,28,2,10.7,965.5,83,0,1.5,3.6,242,NA,NA,0,0,0,0,0,0,0,14,343,343,94,7.9,28.3,6.95,9.2
2000,5,28,3,11.3,965.1,81.7,0,1.7,3.3,256,NA,NA,2,0,0,0,0,0,0,14,343,343,94,8.3,29.3,7.13,9.7
2000,5,28,4,12.6,965.4,75,0,3.7,7.6,246,NA,NA,8,8,0,3,4,4,3,14,349,349,94,8.3,30.7,7.13,10.3
2000,5,28,5,13.7,965.5,69.3,0,4.8,8.3,268,NA,NA,37,37,0,16,18,17,17,14,361,361,94,8.2,31.6,7.07,10.7
2000,5,28,6,14.5,965.8,64.2,0,5.2,10,263,NA,7,80,80,0,40,38,37,38,14,366,366,94,7.8,32,6.9,10.8
2000,5,28,7,14.6,966.2,67.1,0,5.2,9.8,261,NA,NA,78,78,0,36,37,37,38,14,367,367,94,8.6,33,7.26,11.3
2000,5,28,8,15.1,966.3,61.3,0,4.9,10.7,235,NA,NA,73,73,0,34,35,35,36,14,351,355,94,7.7,32.5,6.84,11.1
2000,5,28,9,15.6,966,58.2,0,6,11.5,238,NA,NA,112,112,0,56,55,53,54,14,354,360,94,7.4,32.7,6.71,11.1
2000,5,28,10,16,966.1,57.5,0,5.1,9.5,237,NA,NA,155,155,1,76,76,72,73,14,357,364,94,7.6,33.3,6.8,11.4
2000,5,28,11,16.2,965.8,59.4,0,5.9,11.6,243,NA,NA,167,166,1,81,83,77,78,14,367,370,94,8.3,34.3,7.12,11.8
2000,5,28,12,17,965.3,59.2,0,5.3,9.7,247,NA,8,249,247,3,114,124,115,112,14,371,376,94,9,36,7.48,12.5
2000,5,28,13,17,964.6,62.2,0,5.8,10.5,248,NA,NA,262,260,3,117,130,128,117,14,373,376,94,9.7,37,7.87,12.8
2000,5,28,14,17.2,964.2,58.8,0,6.5,10.7,248,NA,NA,209,208,2,95,102,107,95,14,352,365,94,9.1,36.4,7.53,12.6
2000,5,28,15,16,964.9,66.7,0.8,7,12.6,246,NA,NA,80,80,0,39,39,37,39,14,371,371,94,9.8,36.1,7.91,12.5
2000,5,28,16,14.8,966,81.6,2.3,4.3,7.3,275,NA,NA,30,30,0,15,15,11,14,14,368,368,94,11.7,37.6,8.97,13
2000,5,28,17,14.5,965.8,83.7,2.1,3.2,7.6,228,NA,NA,28,28,0,14,14,9,13,14,367,367,96,11.8,37.4,9.03,12.9
2000,5,28,18,14.4,966.3,81,0.1,2.9,7,200,NA,7,24,24,0,12,12,8,10,14,366,366,96,11.2,36.4,8.67,12.5
2000,5,28,19,14.1,966.9,78.1,0,2.7,5.7,204,NA,NA,7,7,0,3,3,3,3,14,365,365,96,10.3,34.9,8.19,11.9
2000,5,28,20,14.2,966.9,77.3,0,3.1,6.2,235,NA,NA,1,0,0,0,0,0,0,14,333,344,96,10.3,34.9,8.15,12
2000,5,28,21,13.3,966.6,83.8,0,0.9,3.3,279,NA,NA,1,0,0,0,0,0,0,14,331,340,96,10.6,34.4,8.34,11.8
2000,5,28,22,13.2,966.5,85.9,0,0.7,1.9,304,NA,NA,0,0,0,0,0,0,0,14,329,340,96,10.9,34.7,8.5,11.9
2000,5,28,23,13.1,966.3,85.6,0,0.7,2.2,278,NA,NA,2,0,0,0,0,0,0,14,329,341,96,10.7,34.4,8.41,11.7
2000,5,29,0,13.1,965.6,86,0,0.3,1.7,243,NA,NA,1,0,0,0,0,0,0,14,329,341,96,10.8,34.5,8.46,11.8
2000,5,29,1,13.4,965.6,85.7,0,1.5,3,257,NA,NA,1,0,0,0,0,0,0,14,332,343,96,11.1,35.2,8.6,12.1
2000,5,29,2,13.9,965.5,83,0,2.4,5.8,220,NA,NA,0,0,0,0,0,0,0,14,332,343,96,11.1,35.7,8.61,12.3
2000,5,29,3,13.7,965.7,78.7,0,3.6,6.4,228,NA,NA,0,0,0,0,0,0,0,14,329,341,96,10.1,34.1,8.05,11.7
2000,5,29,4,13.6,966.3,72.9,0,3.5,6.9,227,NA,NA,5,5,0,1,3,3,2,14,327,340,96,8.8,32.3,7.39,10.9
2000,5,29,5,13.4,967.3,69.7,0,1.6,6.2,242,NA,NA,34,34,0,14,16,16,15,14,318,334,94,8,31.1,6.96,10.5
2000,5,29,6,13.2,968.2,65.1,0,2.5,5.9,283,NA,7,73,73,0,35,35,34,35,14,312,333,94,6.8,29.4,6.41,9.8
2000,5,29,7,12.9,969.3,58.7,0,2.8,7.9,272,NA,NA,126,126,0,67,60,58,60,14,309,334,94,5,27.2,5.65,8.9
2000,5,29,8,13.3,969.3,56.2,0,2.8,5.4,248,NA,NA,236,232,5,135,112,101,105,14,358,362,94,4.8,27.4,5.55,9
2000,5,29,9,14.2,969.5,56,0,3.1,6.4,202,NA,NA,475,355,151,320,242,150,154,14,366,375,94,5.6,29.1,5.87,9.7
2000,5,29,10,15,969.6,50.6,0,4.4,9.1,238,NA,NA,350,329,24,179,183,142,144,14,368,373,94,4.8,29.2,5.58,9.7
2000,5,29,11,16.2,970.1,50.1,0,6.1,11.7,252,NA,NA,815,323,542,241,468,172,158,14,349,374,94,5.8,31.4,5.97,10.7
2000,5,29,12,17.3,969.9,44.5,0,5.3,9.7,257,NA,4,931,193,818,139,524,284,133,14,351,382,94,5.1,31.8,5.68,10.9
2000,5,29,13,17.8,970.1,38.8,0,5.1,9.6,257,NA,NA,842,262,680,144,454,476,144,14,352,381,94,3.6,30.8,5.11,10.5
2000,5,29,14,17.2,970.2,39.2,0,4.4,8.1,270,NA,NA,478,352,165,151,238,339,153,14,327,361,94,3.2,29.9,4.97,10.1
2000,5,29,15,16.3,970.4,41.1,0,3.7,6.9,286,NA,NA,286,276,15,119,133,177,122,14,322,353,94,3.1,28.8,4.92,9.6
2000,5,29,16,15.8,970.3,40.7,0,2.9,5.4,278,NA,NA,193,191,5,84,88,124,89,14,316,345,94,2.5,27.8,4.72,9.2
2000,5,29,17,15.4,970.3,41,0,2,5,267,NA,NA,84,84,0,39,39,44,40,14,316,342,94,2.2,27.2,4.63,8.9
2000,5,29,18,15,970.6,43.4,0,1.9,4.5,221,NA,7,45,45,0,21,21,23,22,14,314,337,94,2.7,27.2,4.78,8.9
2000,5,29,19,14.1,971.5,49.7,0,0.7,2.2,297,NA,NA,4,4,0,2,2,1,1,14,312,331,94,3.8,27.2,5.16,8.9
2000,5,29,20,13.2,971.5,58.4,0,0.7,1.7,117,NA,NA,1,0,0,0,0,0,0,14,312,328,94,5.2,27.7,5.72,9.1
2000,5,29,21,12.4,971.5,65.4,0,0.7,2.4,349,NA,NA,0,0,0,0,0,0,0,14,307,324,94,6.1,27.8,6.08,9.1
2000,5,29,22,12.1,971.6,61.2,0,1.1,4,270,NA,NA,0,0,0,0,0,0,0,14,306,319,94,4.9,26.2,5.58,8.5
2000,5,29,23,10.7,971.5,68.3,0,0.7,2.3,270,NA,NA,0,0,0,0,0,0,0,14,281,301,94,5.1,25.1,5.68,7.9
2000,5,30,0,9.9,971.5,74.6,0,0,0,0,NA,NA,0,0,0,0,0,0,0,14,284,306,94,5.6,24.8,5.88,7.7
2000,5,30,1,10.5,971.2,74.5,0,0,0.8,0,NA,NA,1,0,0,0,0,0,0,14,287,311,94,6.2,26,6.11,8.3
2000,5,30,2,10.5,970.6,77.4,0,0,0,0,NA,NA,0,0,0,0,0,0,0,14,345,345,94,6.7,26.6,6.36,8.5
2000,5,30,3,10.6,970.5,76.1,0,0,0,0,NA,NA,1,0,0,0,0,0,0,14,344,344,94,6.6,26.5,6.29,8.5
2000,5,30,4,10.8,969.9,75.7,0,0.1,1.4,45,NA,NA,12,12,0,5,6,6,5,14,347,347,94,6.7,26.9,6.35,8.7
2000,5,30,5,11.6,970,74.6,0,0.6,3.2,301,NA,NA,63,63,0,37,29,28,32,14,333,340,94,7.2,28.3,6.6,9.3
2000,5,30,6,12.1,970.3,69.1,0,1.3,3.2,274,NA,7,73,73,0,36,35,34,35,14,337,344,94,6.6,28.1,6.31,9.2
2000,5,30,7,12.8,970.5,64,0,1,4.8,249,NA,NA,106,106,0,53,50,49,51,14,341,350,94,6.2,28.3,6.12,9.4
2000,5,30,8,13.6,969.8,63.2,0,4,6.8,253,NA,NA,118,118,0,59,57,55,56,14,344,352,94,6.7,29.8,6.37,9.9
2000,5,30,9,13.6,970.1,70.4,0.1,4.7,9.4,261,NA,NA,133,133,0,66,65,62,63,14,344,350,94,8.3,31.6,7.11,10.7
2000,5,30,10,13.2,970.2,81.3,0.6,4.5,7,269,NA,NA,115,115,0,56,56,54,55,14,344,348,94,10.1,33.5,8.01,11.4
2000,5,30,11,13.9,969.8,85.1,0.2,5.1,8.5,262,NA,NA,233,231,2,110,116,105,106,14,352,359,96,11.4,36.2,8.79,12.4
2000,5,30,12,15.6,969.2,81.2,0.3,5.7,9.7,243,NA,8,432,413,21,178,219,191,173,14,361,371,96,12.4,39.4,9.37,13.7
2000,5,30,13,16.3,969.3,80.6,0,7,10.6,245,NA,NA,431,408,27,166,224,226,166,14,362,374,96,13,41,9.73,14.3
2000,5,30,14,16.7,968.3,81.5,0.3,5.6,10.2,245,NA,NA,214,212,2,97,104,110,97,14,383,383,96,13.5,42.4,10.11,14.7
2000,5,30,15,18.1,968.2,77.5,0,4.7,7.4,257,NA,NA,219,210,14,96,105,137,98,14,386,388,96,14.1,44.8,10.51,15.6
2000,5,30,16,18.2,967.6,77.3,0.1,4.6,8.1,257,NA,NA,178,174,9,78,81,113,82,14,388,391,96,14.2,45.1,10.56,15.7
2000,5,30,17,17.8,967.5,80,0.3,4.8,10.5,271,NA,NA,36,36,0,18,18,13,17,14,365,371,96,14.3,44.9,10.66,15.6
2000,5,30,18,18.1,967.4,74.2,0,5.5,10.3,235,NA,7,29,29,0,14,14,11,13,14,365,371,96,13.4,43.7,10.06,15.2
2000,5,30,19,18.3,967.7,68.4,0,5.1,8.4,235,NA,NA,4,4,0,2,2,1,1,14,364,371,96,12.4,42.2,9.38,14.7
2000,5,30,20,18.5,967.8,62.2,0,4.1,8.1,229,NA,NA,2,0,0,0,0,0,0,14,354,367,96,11.1,40.5,8.63,14.1
2000,5,30,21,18.4,967.4,58.8,0,4.7,8.6,235,NA,NA,0,0,0,0,0,0,0,14,352,366,96,10.2,39,8.1,13.6
2000,5,30,22,18.4,967.3,54,0,5.5,9.7,239,NA,NA,2,0,0,0,0,0,0,14,350,366,96,8.9,37.3,7.43,13
2000,5,30,23,17.9,967.6,55.2,0,4.8,7.5,244,NA,NA,1,0,0,0,0,0,0,14,345,362,96,8.8,36.6,7.36,12.7
2000,5,31,0,17.5,967.8,55.1,0,6.3,11.7,241,NA,NA,0,0,0,0,0,0,0,14,345,360,96,8.4,35.7,7.16,12.4
2000,5,31,1,16,967.9,66.2,0.1,7,12,255,NA,NA,0,0,0,0,0,0,0,14,338,354,96,9.7,35.9,7.83,12.4
2000,5,31,2,15.2,967.9,72.7,0.1,5.2,9.2,240,NA,NA,0,0,0,0,0,0,0,14,337,349,96,10.3,35.9,8.17,12.4
2000,5,31,3,14.4,968.6,76.7,0.1,6.4,11.3,235,NA,NA,0,0,0,0,0,0,0,14,333,346,96,10.4,35.2,8.18,12.1
2000,5,31,4,13.7,968.9,80.6,0.1,6.2,10.9,232,NA,NA,9,9,0,3,4,4,4,14,332,345,96,10.4,34.5,8.21,11.8
2000,5,31,5,13.9,969.5,79.8,0,5.7,10.1,234,NA,NA,43,43,0,20,21,20,20,14,349,354,96,10.5,34.8,8.23,12
2000,5,31,6,14.3,970,77,0,5.9,10.4,231,NA,8,79,79,0,40,38,37,38,14,350,358,96,10.3,35,8.15,12
2000,5,31,7,14.6,970.6,75.9,0,5.7,12,225,NA,NA,120,120,0,62,57,55,57,14,352,362,96,10.4,35.4,8.19,12.2
2000,5,31,8,15.6,971.1,73.5,0,6.6,12.3,228,NA,NA,448,293,230,422,204,129,138,14,366,380,96,10.9,37.1,8.45,12.9
2000,5,31,9,16,971.9,73.4,0,6.2,11.7,238,NA,NA,413,347,83,254,204,146,150,14,370,380,96,11.2,38,8.66,13.2
2000,5,31,10,17.4,972.1,66.8,0,6,10.1,241,NA,NA,631,382,286,329,347,163,163,14,374,395,96,11.2,39.3,8.61,13.7
2000,5,31,11,18.1,972.1,62.6,0,5.1,9.7,240,NA,NA,726,365,397,236,410,179,167,14,361,387,94,10.9,39.6,8.43,13.9
2000,5,31,12,18.6,972.3,59.6,0,5,8.9,243,NA,7,607,418,209,187,335,242,178,14,361,385,94,10.6,39.7,8.28,13.9
2000,5,31,13,18.1,972.3,61.4,0,4.9,8.8,256,NA,NA,302,243,69,115,164,167,115,14,362,378,94,10.6,39.1,8.26,13.7
2000,5,31,14,20,972.5,52.6,0,3.6,6.9,251,NA,NA,651,367,371,161,317,505,164,14,361,396,94,10,40.3,7.96,14.1
2000,5,31,15,19.5,972.5,56.5,0,2,5,294,NA,NA,286,253,52,112,132,204,116,14,360,384,94,10.6,40.7,8.3,14.2
2000,5,31,16,19.5,972.7,55.9,0,1.9,4.4,27,NA,NA,377,214,326,104,121,539,132,14,355,382,94,10.5,40.5,8.22,14.2
2000,5,31,17,18.9,973,57.5,0,2,4.6,3,NA,NA,253,98,461,64,67,585,176,14,348,372,94,10.3,39.6,8.12,13.9
2000,5,31,18,17.6,973.5,62.9,0,2.3,4.5,23,NA,5,77,56,125,33,33,207,103,14,339,357,94,10.3,38.3,8.12,13.4
2000,5,31,19,16.5,974,67.2,0,1.5,3.3,51,NA,NA,11,11,0,5,5,7,6,14,331,346,94,10.2,36.9,8.05,12.8
2000,5,31,20,15.7,973.8,70.8,0,1,2.7,66,NA,NA,1,0,0,0,0,0,0,14,324,339,94,10.2,36.2,8.07,12.5
2000,5,31,21,15.3,973.1,73.5,0,0.5,1.8,288,NA,NA,0,0,0,0,0,0,0,14,320,333,94,10.4,36.1,8.2,12.5
2000,5,31,22,14.9,972.2,76.1,0,0.3,1.8,243,NA,NA,1,0,0,0,0,0,0,14,317,329,94,10.6,36,8.34,12.4
2000,5,31,23,15,970.8,77.4,0,0.3,1.8,270,NA,NA,0,0,0,0,0,0,0,14,317,329,94,11.1,36.8,8.59,12.7
2003,6,1,0,15.3,969.3,78.2,0,0.4,1.9,243,NA,NA,0,0,0,0,0,0,0,14,317,330,94,11.5,37.8,8.85,13.1
2003,6,1,1,15.7,967.7,78.4,0,0.5,1.4,259,NA,NA,2,0,0,0,0,0,0,14,321,334,94,12,39,9.15,13.5
2003,6,1,2,16.1,966.6,78.7,0,0.7,1.5,252,NA,NA,1,0,0,0,0,0,0,14,324,338,94,12.4,40,9.41,13.9
2003,6,1,3,16.8,965.6,77.9,0,0.5,1.6,360,NA,NA,1,0,0,0,0,0,0,14,329,345,94,12.9,41.5,9.73,14.4
2003,6,1,4,17,965,78.5,0,0.3,1.1,34,NA,NA,26,24,57,87,13,13,55,14,333,350,94,13.2,42.3,9.94,14.7
2003,6,1,5,17.7,965.1,76.8,0,0.6,1.7,45,NA,NA,92,83,39,116,38,37,66,14,339,359,94,13.6,43.6,10.17,15.2
2003,6,1,6,18.6,965.2,74.6,0,1,2.4,96,NA,6,191,168,61,222,77,72,102,14,347,371,94,13.9,45.2,10.44,15.7
2003,6,1,7,20.1,965.2,69.7,0,0.9,2.5,81,NA,NA,315,244,133,331,123,105,119,14,355,384,94,14.3,47.3,10.68,16.4
2003,6,1,8,21.6,964.9,64.8,0,1.4,3.5,60,NA,NA,482,314,249,456,217,135,145,14,365,399,94,14.7,49.6,10.96,17.2
2003,6,1,9,22.9,965.1,59.7,0.2,1.5,3.3,86,NA,NA,507,356,190,344,255,153,157,14,368,402,94,14.6,50.8,10.93,17.6
2003,6,1,10,24.4,964.5,56.4,0,0.7,3.3,27,NA,NA,704,390,361,363,383,170,170,14,383,419,94,15.2,53.3,11.31,18.4
2003,6,1,11,25.3,963.8,51.1,0.1,2.5,5.4,104,NA,NA,878,298,638,249,496,171,158,14,378,421,94,14.5,53,10.82,18.3
2003,6,1,12,26.5,963.2,46.8,0,2.6,5.1,108,NA,6,819,372,495,177,461,285,165,14,385,423,94,14.2,53.8,10.64,18.6
2003,6,1,13,25.7,963.1,50.6,0,2.5,5,95,NA,NA,293,275,20,126,151,151,125,14,376,404,94,14.7,53.8,10.98,18.6
2003,6,1,14,24.1,962.6,57.5,0,1.6,3.4,63,NA,NA,43,43,0,22,21,20,22,14,389,397,94,15.2,53.1,11.35,18.3
2003,6,1,15,23.5,962.8,60.4,0,1.5,3.1,86,NA,NA,78,78,0,38,38,36,38,14,388,397,94,15.4,52.9,11.5,18.2
2003,6,1,16,24,962,59.9,0,1,3,330,NA,NA,197,189,17,84,89,148,91,14,394,409,94,15.7,54.1,11.77,18.6
2003,6,1,17,24.7,961.8,60.4,0,1.8,4.2,360,NA,NA,230,124,316,70,74,477,159,14,382,407,94,16.5,56.4,12.39,19.3
2003,6,1,18,24,962.2,61.7,0,1.3,2.7,299,NA,5,79,60,108,32,32,182,93,14,372,389,94,16.2,55,12.13,18.9
2003,6,1,19,22.1,962.6,70.5,0,1.3,2.6,256,NA,NA,8,8,0,4,4,3,4,14,362,369,94,16.5,53.6,12.35,18.4
2003,6,1,20,20.8,963.3,76.4,0,1,2.9,259,NA,NA,0,0,0,0,0,0,0,14,359,364,94,16.5,52.3,12.35,18
2003,6,1,21,20.1,963.6,80.1,0,0.9,2.6,262,NA,NA,0,0,0,0,0,0,0,14,355,360,94,16.6,51.7,12.4,17.8
2003,6,1,22,18.7,963.7,85.4,0,0.4,2,360,NA,NA,0,0,0,0,0,0,0,14,348,355,94,16.2,49.5,12.11,17.1
2003,6,1,23,18,963.6,86.6,0,0.3,1.7,297,NA,NA,0,0,0,0,0,0,0,14,344,352,94,15.7,47.9,11.75,16.5
2003,6,2,0,17.5,963.4,86.3,0,0.5,1.6,360,NA,NA,0,0,0,0,0,0,0,14,342,351,94,15.2,46.3,11.34,16
2003,6,2,1,17,963.7,86.4,0,0.6,2.4,11,NA,NA,0,0,0,0,0,0,0,14,340,351,94,14.7,44.9,10.99,15.6
2003,6,2,2,17.4,963.8,83.1,0,0.6,1.8,0,NA,NA,1,0,0,0,0,0,0,14,337,350,94,14.5,44.9,10.84,15.6
2003,6,2,3,17.3,963.8,80.9,0,0.7,2.4,14,NA,NA,1,0,0,0,0,0,0,14,335,349,94,14,43.9,10.48,15.3
2003,6,2,4,17.1,964,81.1,0,0.4,1.5,270,NA,NA,12,12,0,5,6,6,5,14,336,350,94,13.8,43.5,10.37,15.1
2003,6,2,5,17.6,964.4,78.7,0,0.8,2,342,NA,NA,51,51,0,26,24,24,25,14,342,357,94,13.9,44,10.38,15.3
2003,6,2,6,19.1,964.5,73.2,0,0.8,2.3,40,NA,6,156,146,26,137,67,64,79,14,352,372,94,14.2,46.1,10.61,16
2003,6,2,7,20.7,965.2,62.1,0,1.2,3.5,349,NA,NA,327,239,165,383,127,105,122,14,354,384,94,13.2,46,9.92,16.1
2003,6,2,8,21.6,965.2,61.1,0,0.9,3.4,27,NA,NA,533,281,373,543,233,131,141,14,361,398,94,13.8,48,10.32,16.7
2003,6,2,9,23.8,965.5,51.1,0,2.6,6.3,244,NA,NA,653,307,437,494,329,145,149,14,368,405,94,13.1,49,9.86,17.1
2003,6,2,10,24.4,965.7,44.2,0,5.9,10.3,252,NA,NA,599,397,231,306,319,171,173,14,366,401,94,11.4,47,8.82,16.4
2003,6,2,11,24,965.5,43.8,0,4.9,8.5,241,NA,NA,524,448,83,216,279,190,183,14,362,398,94,10.9,45.9,8.53,16
2003,6,2,12,24.5,965.4,45.1,0,3.6,7.6,252,NA,6,564,408,173,182,312,230,173,14,370,405,94,11.8,47.7,9.06,16.7
2003,6,2,13,24.9,964.9,45.8,0.1,4,7.7,261,NA,NA,509,418,106,169,273,279,169,14,370,403,94,12.4,49.1,9.43,17.1
2003,6,2,14,25.5,964.3,42.1,0.1,3.2,7.1,233,NA,NA,550,341,272,149,273,422,152,14,373,410,94,11.7,48.5,8.99,17
2003,6,2,15,26.5,964,37.9,0,3.2,7,239,NA,NA,582,198,593,118,225,685,126,14,380,418,94,11,48.5,8.58,17
2003,6,2,16,26.7,964.1,39.7,0,2.7,5.4,289,NA,NA,411,135,552,88,101,680,117,14,380,414,94,11.9,50.1,9.1,17.5
2003,6,2,17,25.7,964.4,45.2,0,2.7,5.3,331,NA,NA,226,128,291,70,75,457,156,14,371,403,94,12.9,50.8,9.77,17.6
2003,6,2,18,23.7,964.4,51.8,0,1.7,3.8,29,NA,2,33,33,0,16,16,14,15,14,365,382,94,13.2,49.1,9.94,17.1
2003,6,2,19,21.5,965.6,60.7,0,2.2,5.1,47,NA,NA,7,7,0,3,3,2,3,14,355,370,94,13.6,47.5,10.19,16.6
2003,6,2,20,20.5,966.1,67.4,0,0.9,3.3,14,NA,NA,0,0,0,0,0,0,0,14,355,368,94,14.3,47.6,10.64,16.6
2003,6,2,21,20.2,966.5,69.5,0,0.8,1.9,90,NA,NA,1,0,0,0,0,0,0,14,351,359,94,14.4,47.6,10.77,16.5
2003,6,2,22,18.6,966.3,79.8,0,0.8,2.3,90,NA,NA,1,0,0,0,0,0,0,14,343,352,94,15,47.1,11.2,16.3
2003,6,2,23,17.4,966,83.5,0,0.1,1.1,360,NA,NA,1,0,0,0,0,0,0,14,339,345,94,14.6,45,10.87,15.6
2003,6,3,0,16.7,965.8,83.9,0,0.5,1.3,243,NA,NA,2,0,0,0,0,0,0,14,336,343,94,14,43.2,10.44,15
2003,6,3,1,16.1,965.7,84.9,0,0.2,0.9,270,NA,NA,1,0,0,0,0,0,0,14,329,338,94,13.6,41.9,10.16,14.6
2003,6,3,2,15.2,965.7,87.9,0,0.5,1.8,315,NA,NA,1,0,0,0,0,0,0,14,321,333,94,13.2,40.4,9.93,14
2003,6,3,3,15.3,965.6,87.1,0,0.2,0.9,45,NA,NA,0,0,0,0,0,0,0,14,319,331,94,13.2,40.4,9.9,14
2003,6,3,4,14.8,966.1,88.3,0,0.3,1.2,342,NA,NA,20,19,30,53,10,10,35,14,316,332,94,12.9,39.4,9.71,13.7
2003,6,3,5,15.9,966.4,83.9,0,0.4,1.4,27,NA,NA,108,77,147,244,41,40,113,14,334,354,94,13.2,41.1,9.91,14.3
2003,6,3,6,18.2,966.8,75,0,0.9,2.7,60,NA,3,278,112,442,583,76,70,163,14,346,376,94,13.7,44.3,10.25,15.4
2003,6,3,7,20,967.1,65.9,0,0.9,3,113,NA,NA,426,173,471,632,123,100,117,14,351,387,94,13.4,45.7,10.07,15.9
2003,6,3,8,21.4,966.5,63.3,0,1.2,3.4,105,NA,NA,603,186,614,665,244,116,122,14,365,401,94,14.1,48.3,10.55,16.8
2003,6,3,9,22.5,966.6,60.5,0,1.6,4,110,NA,NA,700,277,534,533,347,144,146,14,366,405,94,14.5,50.1,10.79,17.4
2003,6,3,10,23.5,966.1,54.6,0,1.8,4.3,80,NA,NA,765,333,495,393,415,158,157,14,366,409,94,13.8,50,10.34,17.4
2003,6,3,11,24.7,966,49.5,0,1.6,4.4,67,NA,NA,712,428,313,245,401,191,175,14,374,416,94,13.4,50.5,10.07,17.6
2003,6,3,12,25.7,965.7,47.3,0,2.3,4.9,103,NA,7,693,436,284,187,389,264,175,14,382,417,94,13.6,51.9,10.22,18
2003,6,3,13,27.3,965.3,41.9,0,2.3,5.4,273,NA,NA,614,379,274,162,331,344,162,14,387,423,94,13.2,52.8,9.95,18.3
2003,6,3,14,28.7,964.7,38,0,3.8,8.2,279,NA,NA,700,305,513,150,336,567,153,14,388,427,94,13,53.9,9.79,18.7
2003,6,3,15,27.8,965,39.6,0,5.1,8.4,257,NA,NA,367,304,98,128,167,312,136,14,385,415,94,12.8,52.7,9.68,18.3
2003,6,3,16,26.8,965.5,47.1,0,5.4,8.6,259,NA,NA,226,209,34,91,98,185,101,14,386,408,94,14.6,54.7,10.88,18.9
2003,6,3,17,25.5,965.9,53.1,0,5.9,10.1,255,NA,NA,79,79,0,37,37,39,38,14,380,400,94,15.3,54.6,11.36,18.8
2003,6,3,18,24.6,966.1,54.3,0,4.2,7.3,251,NA,7,37,37,0,18,18,17,17,14,373,393,94,14.8,52.8,11,18.3
2003,6,3,19,23.7,966.8,55.3,0,2.5,5.2,246,NA,NA,5,5,0,2,2,1,1,14,368,385,94,14.2,50.8,10.6,17.6
2003,6,3,20,23.3,967.6,53.4,0,2.5,5,232,NA,NA,0,0,0,0,0,0,0,14,415,415,94,13.3,48.8,9.97,17
2003,6,3,21,23.1,967.6,52,0,2.8,4.7,229,NA,NA,0,0,0,0,0,0,0,14,414,414,94,12.7,47.6,9.59,16.6
2003,6,3,22,21.8,967.9,57.5,0,1.6,4.1,259,NA,NA,1,0,0,0,0,0,0,14,408,408,94,13,46.8,9.8,16.3
2003,6,3,23,21.1,968.4,62.4,0,0.7,1.6,22,NA,NA,0,0,0,0,0,0,0,14,402,402,94,13.6,47.1,10.19,16.4
2003,6,4,0,20,968.1,69.4,0,1.3,3.1,52,NA,NA,1,0,0,0,0,0,0,14,393,393,94,14.2,47,10.6,16.4
2003,6,4,1,19,967.8,77.7,0,1,2.3,53,NA,NA,0,0,0,0,0,0,0,14,393,393,94,15,47.4,11.16,16.5
2003,6,4,2,18.3,967.9,78.1,0,0.6,1.7,45,NA,NA,0,0,0,0,0,0,0,14,362,362,94,14.4,45.6,10.73,15.9
2003,6,4,3,17.4,967.8,82.1,0,0.8,1.8,263,NA,NA,0,0,0,0,0,0,0,14,363,364,94,14.3,44.5,10.66,15.5
2003,6,4,4,17.8,968,78,0,0.9,1.6,264,NA,NA,21,19,48,74,11,11,48,14,362,366,94,13.9,44.2,10.38,15.4
2003,6,4,5,18.3,968.3,80.1,0,0.6,2.2,18,NA,NA,111,79,152,250,42,41,117,14,350,370,94,14.8,46.3,11.01,16.1
2003,6,4,6,19.9,968.5,77.5,0,1,2.5,84,NA,2,255,130,330,498,80,74,153,14,357,386,94,15.9,49.9,11.78,17.3
2003,6,4,7,21.7,968.6,67.7,0,1.3,3.1,85,NA,NA,423,177,457,623,123,101,118,14,366,397,94,15.5,51,11.49,17.7
2003,6,4,8,23,968.5,62.9,0,1.4,3.6,51,NA,NA,596,195,590,654,242,117,124,14,374,412,94,15.6,52.5,11.55,18.2
2003,6,4,9,24.4,968.5,57.1,0,1.5,4.2,90,NA,NA,727,211,651,568,354,128,130,14,379,425,94,15.4,53.6,11.41,18.5
2003,6,4,10,25.9,968.2,52.7,0,1.9,4,108,NA,NA,821,260,643,415,440,141,141,14,383,429,94,15.5,55.4,11.52,19.1
2003,6,4,11,28,967.9,43.4,0,2.4,6.7,259,NA,NA,806,364,485,247,452,178,163,14,399,441,94,14.4,55.5,10.72,19.2
2003,6,4,12,28.9,967.9,35.4,0,3.5,7.7,280,NA,4,861,282,639,154,477,276,144,14,392,438,94,12.1,52.6,9.19,18.3
2003,6,4,13,29.9,967.5,30.5,0,3.8,8.3,261,NA,NA,802,311,571,157,425,448,157,14,395,442,94,10.7,51.5,8.38,17.9
2003,6,4,14,29.8,967.7,31.4,0,5.6,9.4,265,NA,NA,565,364,261,154,279,431,158,14,395,433,94,11.1,51.9,8.58,18.1
2003,6,4,15,29.7,967.5,31.8,0,5.7,9.2,261,NA,NA,608,173,667,113,225,721,121,14,391,434,94,11.2,52,8.64,18.1
2003,6,4,16,29.5,967.6,33.7,0,5.9,9,252,NA,NA,466,97,730,84,94,796,114,14,392,429,94,11.9,52.8,9.06,18.4
2003,6,4,17,28.7,967.8,36,0,5.4,9.3,243,NA,NA,273,110,474,69,73,611,188,14,389,419,94,12.2,52.5,9.24,18.3
2003,6,4,18,27.5,968.3,40.2,0,4.3,8.4,242,NA,4,104,60,249,36,36,325,153,14,384,406,94,12.8,52.2,9.62,18.2
2003,6,4,19,25.2,968.7,49.9,0,2,4.3,255,NA,NA,11,11,0,5,5,6,6,14,373,388,94,14,51.9,10.44,18
2003,6,4,20,23.4,969.5,57,0,1.7,3.9,263,NA,NA,0,0,0,0,0,0,0,14,367,374,94,14.4,50.8,10.7,17.7
2003,6,4,21,21.7,969.7,63.6,0,1,2.3,277,NA,NA,1,0,0,0,0,0,0,14,357,365,94,14.5,49.2,10.77,17.1
2003,6,4,22,21.1,970,67.7,0,0.5,2,284,NA,NA,1,0,0,0,0,0,0,14,359,369,94,14.9,49.3,11.05,17.1
2003,6,4,23,20.4,970.3,69.4,0,0.3,0.9,270,NA,NA,2,0,0,0,0,0,0,14,359,362,94,14.6,48,10.84,16.7
2003,6,5,0,19,970.4,73.3,0,0.3,1.1,18,NA,NA,1,0,0,0,0,0,0,14,350,353,94,14.1,45.7,10.49,15.9
2003,6,5,1,18.3,970.4,75.4,0,0.2,0.9,270,NA,NA,1,0,0,0,0,0,0,14,347,351,94,13.9,44.6,10.33,15.6
2003,6,5,2,17.9,970.8,75,0,0.5,1.9,45,NA,NA,1,0,0,0,0,0,0,14,345,351,94,13.4,43.4,10.01,15.1
2003,6,5,3,17.3,971.2,76.6,0,0.8,1.9,281,NA,NA,1,0,0,0,0,0,0,14,345,353,94,13.2,42.3,9.84,14.8
2003,6,5,4,18.2,971.7,67.9,0,0.6,1.8,259,NA,NA,14,14,0,6,7,7,7,14,346,355,94,12.2,41.7,9.21,14.6
2003,6,5,5,19,972.1,66.6,0,1.1,2.7,311,NA,NA,129,72,268,365,43,43,160,14,364,376,94,12.6,43.2,9.5,15.1
2003,6,5,6,20.7,972.4,57.8,0,2,3.9,279,NA,6,229,158,188,377,83,76,135,14,374,390,94,12.1,44.1,9.16,15.5
2003,6,5,7,22.4,972.4,52.1,0,2.2,4.6,248,NA,NA,381,210,319,514,125,104,122,14,378,403,94,12.1,45.8,9.16,16.1
2003,6,5,8,24.2,972.3,44.5,0,2.3,5.3,260,NA,NA,528,285,359,534,228,132,142,14,366,409,94,11.4,46.5,8.71,16.4
2003,6,5,9,25.8,972.1,37.7,0,2.4,6.4,241,NA,NA,705,294,518,535,346,147,150,14,375,419,94,10.3,46.6,8.11,16.4
2003,6,5,10,27.4,971.9,33.5,0,2,5.8,231,NA,NA,821,270,631,416,438,143,142,14,383,430,94,9.9,47.8,7.92,16.7
2003,6,5,11,28.3,971.4,29.7,0,3.2,6.7,232,NA,NA,886,299,644,251,493,171,158,14,383,432,94,8.9,47.4,7.4,16.6
2003,6,5,12,28.6,971,28.2,0,3,7.2,231,NA,5,657,413,269,181,368,252,169,14,386,429,94,8.4,47,7.15,16.5
2003,6,5,13,29.6,970.3,26.1,0,3.3,7.8,238,NA,NA,829,271,648,144,435,461,144,14,388,439,94,8.1,47.7,7.01,16.7
2003,6,5,14,30.1,970,27.4,0,3.6,7.8,236,NA,NA,736,206,686,128,344,619,131,14,394,440,94,9.3,49.7,7.59,17.4
2003,6,5,15,29.9,969.9,32.1,0,2.7,6.4,292,NA,NA,498,279,335,129,207,528,140,14,393,435,94,11.5,52.6,8.81,18.3
2003,6,5,16,28.7,970.2,35.3,0,3,6.4,322,NA,NA,286,224,121,99,110,306,117,14,387,419,94,11.9,52,9.04,18.1
2003,6,5,17,27.2,970.6,38.7,0,1.9,4.2,291,NA,NA,79,79,0,37,37,39,38,14,382,405,94,11.9,50.5,9.07,17.6
2003,6,5,18,25.7,971.2,46.4,0,1.2,3.5,108,NA,7,29,29,0,14,14,11,13,14,376,396,94,13.4,51.3,9.97,17.9
2003,6,5,19,23.4,972.6,64.7,0.3,2.4,4.9,78,NA,NA,0,0,0,0,0,0,0,14,369,383,94,16.4,54.4,12.14,18.8
2003,6,5,20,19.5,974.5,83.9,13.6,4.6,11.9,229,NA,NA,1,0,0,0,0,0,0,14,401,401,94,16.7,51,12.37,17.7
2003,6,5,21,18.5,974.5,92.3,4.7,1.8,4.1,278,NA,NA,2,0,0,0,0,0,0,14,398,398,94,17.2,51,12.8,17.6
2003,6,5,22,18.5,974.3,92.4,1,1.2,2.9,343,NA,NA,1,0,0,0,0,0,0,14,398,398,94,17.2,51.1,12.81,17.6
2003,6,5,23,18.5,973.8,91.7,0,1.3,2.5,55,NA,NA,1,0,0,0,0,0,0,14,370,374,94,17.1,50.9,12.72,17.6
2003,6,6,0,18.4,973.9,91.8,0,0.8,2.1,45,NA,NA,2,0,0,0,0,0,0,14,371,373,94,17,50.6,12.65,17.5
2003,6,6,1,18.3,973.8,92.8,0.1,1.1,2.1,41,NA,NA,2,0,0,0,0,0,0,14,370,373,94,17.1,50.6,12.71,17.5
2003,6,6,2,18.3,973.4,92,0,0.5,1.6,63,NA,NA,0,0,0,0,0,0,0,14,370,373,94,17,50.4,12.61,17.5
2003,6,6,3,18.2,973.4,92.2,0.1,0.5,1.3,326,NA,NA,0,0,0,0,0,0,0,14,369,371,94,16.9,50.1,12.56,17.4
2003,6,6,4,18.2,973.3,91.4,0,1.1,2.5,22,NA,NA,17,17,0,8,8,8,8,14,370,373,94,16.8,49.8,12.45,17.3
2003,6,6,5,18.4,973.3,89.8,0,0.7,1.9,326,NA,NA,56,56,0,29,26,25,27,14,371,376,94,16.7,49.9,12.38,17.3
2003,6,6,6,19.3,973.8,86.4,0,0.6,2,101,NA,7,182,154,75,213,73,68,98,14,375,383,94,17,51.4,12.6,17.8
2003,6,6,7,20.6,973.6,78.5,0,1,3.2,63,NA,NA,535,221,583,772,143,118,139,14,382,406,94,16.7,52.2,12.41,18
2003,6,6,8,21.5,972.7,70.8,0,1.2,3.8,124,NA,NA,707,95,900,792,253,104,106,14,383,413,94,16,51.7,11.82,17.9
2003,6,6,9,22.5,973,65.5,0,1.3,5.1,121,NA,NA,829,195,798,646,392,132,134,14,381,419,94,15.7,52.2,11.62,18.1
2003,6,6,10,23.5,972.6,62,0,1.5,5,82,NA,NA,858,191,764,429,452,130,129,14,390,424,94,15.8,53.4,11.69,18.5
2003,6,6,11,24.5,972.3,57.5,0,2.2,4.5,93,NA,NA,891,270,680,241,491,157,144,14,379,421,94,15.6,54,11.51,18.7
2003,6,6,12,25.3,971.8,52,0,2.3,4.7,95,NA,3,773,369,444,173,430,270,161,14,377,421,94,14.7,53.3,10.92,18.5
2003,6,6,13,25.8,971.3,46.7,0,2.7,6.3,92,NA,NA,704,371,386,167,371,388,168,14,379,422,94,13.5,51.7,10.09,18
2003,6,6,14,26.8,971.1,42.9,0,3.5,6.6,73,NA,NA,766,258,656,141,357,633,144,14,397,432,94,13.1,52,9.83,18.1
2003,6,6,15,26.2,971.1,49.1,0,4.8,9,67,NA,NA,489,297,295,134,203,490,143,14,388,416,94,14.7,54.1,10.88,18.7
2003,6,6,16,24.4,971,59.2,0,4,7.7,46,NA,NA,170,167,5,76,78,103,79,14,384,402,94,15.9,54.6,11.8,18.8
2003,6,6,17,23.4,971.4,65.9,0,1.4,3.1,8,NA,NA,71,71,0,34,34,34,34,14,387,396,94,16.7,55,12.38,19
2003,6,6,18,22.4,971.8,71.5,0,1.7,6.7,298,NA,4,38,38,0,18,18,17,18,14,382,391,94,17,54.7,12.64,18.8
2003,6,6,19,20.8,972,71.6,0,4.9,9.2,258,NA,NA,7,7,0,4,4,2,3,14,372,381,94,15.5,50,11.46,17.4
2003,6,6,20,19.8,972.3,76,0,3,5.6,260,NA,NA,0,0,0,0,0,0,0,14,379,379,94,15.4,48.9,11.43,17
2003,6,6,21,18.8,972.2,80.8,0,0.8,1.6,315,NA,NA,0,0,0,0,0,0,0,14,376,376,94,15.4,47.9,11.42,16.6
2003,6,6,22,18.7,972.2,81.5,0,0.8,2.1,306,NA,NA,0,0,0,0,0,0,0,14,378,378,94,15.5,47.8,11.45,16.7
2003,6,6,23,19.1,972,79.1,0,1.2,2.2,255,NA,NA,0,0,0,0,0,0,0,14,387,387,94,15.4,48.1,11.39,16.7
2003,6,7,0,19.2,971.9,79.6,0,1.3,2.5,261,NA,NA,0,0,0,0,0,0,0,14,386,386,94,15.6,48.6,11.54,16.9
2003,6,7,1,18.8,971.7,82.4,0,0.5,1.6,270,NA,NA,0,0,0,0,0,0,0,14,385,385,94,15.7,48.5,11.65,16.8
2003,6,7,2,17.9,971.4,86.7,0,0.7,1.7,281,NA,NA,0,0,0,0,0,0,0,14,350,357,94,15.7,47.4,11.59,16.5
2003,6,7,3,17.2,971.7,88.7,0,0.3,1.3,315,NA,NA,0,0,0,0,0,0,0,14,346,351,94,15.3,46,11.34,16
2003,6,7,4,17.1,971.8,88.7,0,0.3,1.1,270,NA,NA,21,19,33,57,11,10,37,14,348,355,94,15.2,45.7,11.26,15.9
2003,6,7,5,18,971.7,86.5,0,0.8,2.3,300,NA,NA,119,79,188,298,45,44,137,14,348,368,94,15.7,47.6,11.64,16.5
2003,6,7,6,19.3,971.6,78.6,0,0.7,1.8,270,NA,1,265,125,368,528,79,73,160,14,354,386,94,15.5,48.5,11.47,16.9
2003,6,7,7,21.3,971.6,71.9,0,0.6,2.4,315,NA,NA,434,167,495,646,118,99,116,14,364,401,94,16,51.6,11.88,17.9
2003,6,7,8,22.7,971.3,67.2,0,0.8,3.9,0,NA,NA,596,197,586,652,238,118,125,14,372,411,94,16.3,53.6,12.1,18.5
2003,6,7,9,24.1,971.1,60.9,0,1.8,4.6,63,NA,NA,734,211,659,572,352,128,130,14,377,419,94,16.1,54.6,11.93,18.8
2003,6,7,10,24.7,970.6,57.8,0,2.5,5.9,61,NA,NA,836,229,694,422,442,137,136,14,380,421,94,15.8,54.7,11.74,18.9
2003,6,7,11,26.1,970.2,52.4,0,2.7,5.3,92,NA,NA,898,227,735,235,493,148,137,14,387,430,94,15.6,55.7,11.57,19.2
2003,6,7,12,27.2,969.8,46.6,0,2.5,6,68,NA,1,849,382,514,181,466,289,168,14,389,430,94,14.8,55.3,10.97,19.1
2003,6,7,13,26.2,969.6,51.8,0,2.9,6.5,54,NA,NA,366,323,50,144,187,189,143,14,387,414,94,15.5,55.7,11.51,19.2
2003,6,7,14,26.1,968.9,54.1,0,2.1,3.5,51,NA,NA,399,374,32,153,196,247,155,14,405,425,94,16.1,56.8,11.96,19.5
2003,6,7,15,26,969,52.6,0,2.1,3.5,55,NA,NA,246,239,11,106,115,144,108,14,399,416,94,15.6,55.6,11.56,19.2
2003,6,7,16,25.9,968.5,54.5,0,1.6,2.6,42,NA,NA,224,196,55,88,97,212,101,14,401,418,94,16,56.4,11.92,19.4
2003,6,7,17,25.8,968.4,57.3,0,1.2,2.1,35,NA,NA,216,132,244,68,72,397,143,14,388,416,94,16.7,57.7,12.47,19.7
2003,6,7,18,25.4,968.4,59.8,0,0.8,1.9,360,NA,6,106,53,290,37,37,359,168,14,382,401,94,17,57.9,12.71,19.8
2003,6,7,19,23.5,968.6,68.4,0,0.4,1.7,342,NA,NA,14,14,0,6,6,9,8,14,372,377,94,17.3,56.7,12.98,19.4
2003,6,7,20,21.8,968.9,71.2,0,0.5,1.3,281,NA,NA,0,0,0,0,0,0,0,14,360,367,94,16.4,52.8,12.17,18.3
2003,6,7,21,20.3,969,74.7,0,1,2.2,270,NA,NA,1,0,0,0,0,0,0,14,357,364,94,15.7,49.9,11.63,17.3
2003,6,7,22,19.7,969,77.7,0,0.8,1.9,247,NA,NA,0,0,0,0,0,0,0,14,352,360,94,15.7,49.4,11.66,17.1
2003,6,7,23,18.6,968.6,82.2,0,1.3,2.7,266,NA,NA,0,0,0,0,0,0,0,14,340,356,94,15.5,47.9,11.52,16.6
2003,6,8,0,18.8,968.6,82.5,0,1,2.5,243,NA,NA,0,0,0,0,0,0,0,14,340,353,94,15.8,48.6,11.71,16.9
2003,6,8,1,18.2,968.2,84.9,0,0.8,2.6,293,NA,NA,0,0,0,0,0,0,0,14,341,358,94,15.6,47.7,11.61,16.5
2003,6,8,2,18.6,968.4,82.1,0,0.7,1.8,225,NA,NA,2,0,0,0,0,0,0,14,375,375,94,15.5,47.9,11.5,16.6
2003,6,8,3,18.3,968.6,84,0,0.4,1.3,270,NA,NA,1,0,0,0,0,0,0,14,376,376,94,15.6,47.7,11.55,16.6
2003,6,8,4,18.4,968.8,84.3,0,0.3,1.3,360,NA,NA,12,12,0,5,6,6,5,14,376,376,94,15.7,48.1,11.66,16.7
2003,6,8,5,19.3,968.8,81.1,0,0.3,1.6,45,NA,NA,62,62,0,35,29,28,31,14,391,391,94,16,49.5,11.87,17.2
2003,6,8,6,20.4,969,74.5,0,1.7,3.8,249,NA,6,141,136,12,109,63,60,71,14,395,396,94,15.7,50.1,11.67,17.4
2003,6,8,7,22,969.4,67.3,0,1.9,3.6,264,NA,NA,389,225,306,516,128,107,127,14,409,418,94,15.7,51.7,11.62,17.9
2003,6,8,8,23.3,968.9,63.3,0,1.1,3.2,135,NA,NA,526,288,349,530,225,132,143,14,389,417,94,15.9,53.6,11.84,18.5
2003,6,8,9,25.3,968.7,54.1,0,1.8,5.3,257,NA,NA,737,237,630,572,354,134,137,14,401,433,94,15.4,54.5,11.4,18.8
2003,6,8,10,27.6,968.4,44.2,0,4.3,9.1,245,NA,NA,831,234,682,420,438,137,137,14,407,435,94,14.3,55,10.66,19
2003,6,8,11,28.4,967.8,38.7,0,4.9,9.6,239,NA,NA,864,274,646,237,474,155,142,14,396,432,94,13,53.5,9.77,18.6
2003,6,8,12,29.4,967.4,36.1,0,7.5,13.6,251,NA,4,867,279,647,153,473,274,144,14,395,433,94,12.8,54.3,9.66,18.8
2003,6,8,13,29.6,967.3,35,0,8.3,15.2,253,NA,NA,783,317,540,156,410,434,157,14,394,432,94,12.5,54,9.47,18.7
2003,6,8,14,29.9,966.8,32,0,8.8,13.7,259,NA,NA,726,246,619,136,339,600,139,14,392,430,94,11.4,52.6,8.81,18.3
2003,6,8,15,29.1,967.4,28.9,0,8.7,14.5,258,NA,NA,448,301,223,132,192,436,142,14,388,420,94,9.2,48.6,7.58,17
2003,6,8,16,28.7,967.7,30.4,0,5,9.2,248,NA,NA,358,207,297,102,117,501,131,14,384,415,94,9.6,48.8,7.79,17
2003,6,8,17,28.1,967.9,35,0,4.2,8.4,245,NA,NA,197,143,156,68,71,302,122,14,394,414,94,11.2,50.4,8.67,17.6
2003,6,8,18,26.8,968.8,39.9,0,3.1,7,270,NA,6,38,38,0,18,18,17,18,14,387,402,94,12,50.3,9.16,17.5
2003,6,8,19,22.3,970.2,64.4,0.1,4.3,10.8,286,NA,NA,0,0,0,0,0,0,0,14,359,378,94,15.3,51.2,11.31,17.8
2003,6,8,20,19.4,971.1,83.2,0.1,1.4,4.8,252,NA,NA,0,0,0,0,0,0,0,14,369,375,94,16.5,50.5,12.24,17.5
2003,6,8,21,19.7,971.5,83.6,0,0.5,2.4,360,NA,NA,0,0,0,0,0,0,0,14,367,373,94,16.8,51.6,12.53,17.8
2003,6,8,22,18.9,971.8,87.4,0,0.9,2.1,270,NA,NA,0,0,0,0,0,0,0,14,365,370,94,16.8,50.6,12.45,17.5
2003,6,8,23,18.6,972,87.8,0,0.6,1.6,315,NA,NA,0,0,0,0,0,0,0,14,361,367,94,16.5,49.8,12.27,17.2
2003,6,9,0,19.1,972,85.4,0,0.6,2,0,NA,NA,0,0,0,0,0,0,0,14,366,372,94,16.6,50.4,12.32,17.5
2003,6,9,1,18.6,971.8,88.3,0,0.8,1.8,360,NA,NA,0,0,0,0,0,0,0,14,363,367,94,16.6,50,12.35,17.3
2003,6,9,2,18.4,971.7,88,0,0.3,1.7,27,NA,NA,0,0,0,0,0,0,0,14,355,360,94,16.4,49.3,12.15,17.1
2003,6,9,3,17.5,971.6,89.3,0,0.6,2.1,304,NA,NA,0,0,0,0,0,0,0,14,348,354,94,15.7,47.1,11.64,16.4
2003,6,9,4,17.3,972,87.3,0,0.5,1.6,256,NA,NA,28,25,61,93,14,14,61,14,348,356,94,15.2,45.8,11.23,16
2003,6,9,5,18.1,972.2,83.1,0,0.7,1.9,360,NA,NA,119,75,206,309,43,43,142,14,347,368,94,15.2,46.7,11.24,16.3
2003,6,9,6,20.1,972.5,79.4,0,1,2.8,32,NA,4,251,126,327,490,78,72,154,14,363,390,94,16.4,51.1,12.18,17.7
2003,6,9,7,21.7,972.4,73.1,0,2,4.8,65,NA,NA,446,148,552,676,110,95,110,14,367,401,94,16.7,53.3,12.37,18.4
2003,6,9,8,22.4,972.1,68.7,0,2.2,4.1,72,NA,NA,603,190,605,662,236,117,124,14,370,408,94,16.4,53.4,12.13,18.5
2003,6,9,9,23.7,972.1,61.7,0,2.5,5.2,60,NA,NA,744,193,693,581,352,125,127,14,381,419,94,15.9,53.8,11.78,18.6
2003,6,9,10,24.8,971.6,55,0,2.4,7,74,NA,NA,822,263,639,417,432,142,141,14,381,424,94,15.1,53.5,11.22,18.5
2003,6,9,11,25.6,971.2,51.3,0,2.3,4.7,100,NA,NA,816,363,495,251,450,178,163,14,380,423,94,14.8,53.7,10.97,18.6
2003,6,9,12,26.7,970.7,47.7,0,2.6,5.4,99,NA,6,926,223,772,146,502,279,138,14,383,429,94,14.7,54.6,10.89,18.9
2003,6,9,13,27.6,970,43,0,2.5,5.2,102,NA,NA,853,183,775,127,437,468,127,14,391,434,94,13.9,54.2,10.35,18.8
2003,6,9,14,28.3,969.7,40.6,0,2.4,5.4,107,NA,NA,744,165,746,118,337,623,120,14,396,436,94,13.6,54.5,10.18,18.8
2003,6,9,15,29,969.1,40.3,0,2.9,5.4,105,NA,NA,595,151,674,106,211,702,113,14,396,434,94,14.2,56.1,10.53,19.4
2003,6,9,16,28.9,968.9,39.8,0,2.7,4.7,99,NA,NA,452,92,702,82,90,761,113,14,394,430,94,13.9,55.5,10.34,19.2
2003,6,9,17,28.4,969.2,40.8,0,2.1,3.6,78,NA,NA,278,88,542,66,69,648,195,14,390,423,94,13.8,54.9,10.29,19
2003,6,9,18,27.2,969.4,46.3,0,1.7,3.4,60,NA,2,113,54,317,38,38,385,180,14,383,406,94,14.7,55.2,10.9,19.1
2003,6,9,19,25.4,969.7,48.7,0,1,2.5,53,NA,NA,12,12,0,6,6,6,6,14,374,377,94,13.8,51.8,10.3,18
2003,6,9,20,22.6,970.1,57.9,0,0.4,1.4,342,NA,NA,0,0,0,0,0,0,0,14,358,361,94,13.9,49,10.34,17.1
2003,6,9,21,21.2,970.3,67.8,0,0.3,1,0,NA,NA,0,0,0,0,0,0,0,14,347,354,94,15,49.6,11.13,17.2
2003,6,9,22,19.8,970.6,75.4,0,0.4,1.5,27,NA,NA,0,0,0,0,0,0,0,14,344,352,94,15.3,48.7,11.36,16.9
2003,6,9,23,18.6,971,79.9,0,0.3,2.1,243,NA,NA,0,0,0,0,0,0,0,14,338,347,94,15.1,47,11.16,16.4
2003,6,10,0,18,970.4,81,0,0.4,1.3,256,NA,NA,0,0,0,0,0,0,0,14,334,343,94,14.7,45.7,10.9,15.9
2003,6,10,1,17,970.6,83.6,0,0.6,1.7,261,NA,NA,0,0,0,0,0,0,0,14,327,341,94,14.2,43.8,10.55,15.3
2003,6,10,2,16.8,970.8,85,0,0.2,1.7,360,NA,NA,0,0,0,0,0,0,0,14,328,339,94,14.3,43.7,10.59,15.2
2003,6,10,3,16.2,970.7,85.5,0,0.5,1.3,270,NA,NA,0,0,0,0,0,0,0,14,328,340,94,13.8,42.2,10.25,14.7
2003,6,10,4,15.9,970.9,85.7,0,0.4,1.4,288,NA,NA,24,20,62,89,12,12,57,14,326,341,94,13.5,41.5,10.07,14.4
2003,6,10,5,18,971,79.4,0,0.5,2.2,307,NA,NA,129,66,291,379,42,41,167,14,341,365,94,14.4,45.1,10.67,15.8
2003,6,10,6,20.1,971.1,71.4,0,0.5,2.7,349,NA,2,282,111,450,588,76,70,171,14,352,387,94,14.8,48,10.94,16.7
2003,6,10,7,22.4,971,59.9,0,0.6,2.1,45,NA,NA,443,161,523,664,114,98,115,14,362,405,94,14.2,49.4,10.57,17.2
2003,6,10,8,24.6,970.6,54.1,0,0.8,2.9,304,NA,NA,585,222,534,632,235,122,131,14,372,416,94,14.7,52.5,10.91,18.2
2003,6,10,9,26,970.8,50.9,0,1.4,3.9,107,NA,NA,719,264,572,549,344,142,145,14,380,423,94,15.1,54.6,11.15,18.9
2003,6,10,10,27.6,970.5,46.8,0,1.6,4.5,82,NA,NA,770,398,424,394,404,176,176,14,388,431,94,15.2,56.5,11.27,19.5
2003,6,10,11,29.8,970.1,38.2,0,2.6,6.8,244,NA,NA,809,366,484,250,445,178,163,14,406,445,94,14,56.7,10.44,19.5
2003,6,10,12,31.6,969.5,31.7,0,4.4,9.3,257,NA,6,903,261,704,153,489,278,143,14,410,449,94,12.8,56.4,9.6,19.5
2003,6,10,13,31.7,969.2,29.4,0,6.2,10.8,261,NA,NA,745,353,453,159,390,412,160,14,405,446,94,11.7,54.8,8.95,19
2003,6,10,14,30.8,969.3,31,0,6.6,10.9,258,NA,NA,426,299,162,137,207,295,139,14,399,429,94,11.7,53.9,8.96,18.7
2003,6,10,15,31.7,968.9,29.3,0,6.3,10.8,247,NA,NA,656,233,642,131,242,745,141,14,400,441,94,11.6,54.7,8.92,18.9
2003,6,10,16,31.4,968.7,28.6,0,6.2,10.1,255,NA,NA,430,156,534,96,110,681,130,14,401,435,94,11,53.5,8.55,18.5
2003,6,10,17,30.4,969,34,0,3.7,8.4,231,NA,NA,245,126,339,72,76,499,168,14,399,426,94,12.8,55.2,9.62,19.1
2003,6,10,18,28.8,969.2,41.6,0,3.7,8.4,229,NA,4,80,65,85,34,34,166,88,14,397,414,94,14.5,56.4,10.75,19.5
2003,6,10,19,27.3,970.1,48.1,0,3.7,6.8,241,NA,NA,12,12,0,6,6,6,6,14,386,401,94,15.4,56.5,11.39,19.5
2003,6,10,20,26.5,971.1,48,0,3,6.1,240,NA,NA,0,0,0,0,0,0,0,14,391,401,94,14.6,54.3,10.83,18.8
2003,6,10,21,25.3,971.3,49.4,0,1.9,4.8,223,NA,NA,0,0,0,0,0,0,0,14,384,390,94,13.9,51.9,10.37,18
2003,6,10,22,24.7,971.4,49.9,0,1.2,3.6,236,NA,NA,0,0,0,0,0,0,0,14,380,390,94,13.6,50.6,10.1,17.7
2003,6,10,23,24.4,971.8,48.6,0,1.9,6.1,223,NA,NA,0,0,0,0,0,0,0,14,372,385,94,12.9,49.1,9.65,17.2
2003,6,11,0,24.2,972,49.4,0,1.9,5.4,256,NA,NA,0,0,0,0,0,0,0,14,366,383,94,12.9,49,9.69,17.1
2003,6,11,1,22.6,971.9,55.6,0,1.6,6.2,256,NA,NA,0,0,0,0,0,0,0,14,363,374,94,13.3,47.9,9.91,16.8
2003,6,11,2,21.9,972,59,0,1.6,3.9,243,NA,NA,1,0,0,0,0,0,0,14,354,369,94,13.5,47.6,10.08,16.6
2003,6,11,3,20.6,972.5,66,0,0.7,2.1,9,NA,NA,1,0,0,0,0,0,0,14,354,363,94,14,47.1,10.41,16.5
2003,6,11,4,20,972.5,69.3,0,0.5,1.9,56,NA,NA,25,20,91,113,12,12,72,14,354,363,94,14.2,46.8,10.53,16.4
2003,6,11,5,21,972.8,69.4,0,0.6,1.6,37,NA,NA,123,70,245,340,42,42,154,14,365,386,94,15.2,49.6,11.23,17.3
2003,6,11,6,23.4,972.9,57.8,0,0.8,2.2,98,NA,2,269,123,382,538,78,73,165,14,375,407,94,14.6,51.1,10.82,17.8
2003,6,11,7,24.5,973.1,53.4,0,0.9,2.8,326,NA,NA,421,182,442,613,120,102,121,14,379,418,94,14.4,51.8,10.67,18
2003,6,11,8,26.2,973,46.5,0,1,3.3,256,NA,NA,592,202,571,645,233,119,127,14,382,427,94,13.8,52.5,10.27,18.3
2003,6,11,9,27.4,972.7,46.2,0,1.1,3.6,63,NA,NA,725,234,618,563,345,132,135,14,397,438,94,14.8,55.6,10.97,19.2
2003,6,11,10,28.4,972.5,44,0,2.2,5.1,95,NA,NA,822,243,660,417,430,138,138,14,395,440,94,15,56.9,11.08,19.6
2003,6,11,11,29.7,972.2,41.2,0,3.3,6,112,NA,NA,874,252,679,237,476,152,139,14,403,446,94,15.1,58.5,11.19,20.1
2003,6,11,12,30.6,971.7,38.7,0,2.7,4.8,108,NA,1,876,239,699,146,475,268,138,14,407,452,94,15,59.1,11.07,20.3
2003,6,11,13,31.2,971.1,37.3,0,3,5.2,105,NA,NA,819,222,690,133,422,450,134,14,413,455,94,14.9,59.7,11.05,20.4
2003,6,11,14,32.2,970.7,35.5,0,2.6,4.6,90,NA,NA,723,187,688,122,330,602,125,14,419,459,94,15,60.9,11.13,20.8
2003,6,11,15,32,970.4,33.1,0,3.3,5,69,NA,NA,584,163,638,108,210,683,116,14,412,451,94,13.8,58.4,10.25,20.1
2003,6,11,16,31.5,970,36.3,0,3.5,5.2,55,NA,NA,430,128,586,88,99,697,121,14,411,446,94,14.8,59.7,10.95,20.4
2003,6,11,17,30.9,970,37.4,0,2.6,4.5,59,NA,NA,263,116,416,70,74,560,180,14,407,437,94,14.7,59,10.9,20.2
2003,6,11,18,29.1,970,44.5,0,1.5,2.9,42,NA,2,79,65,71,33,33,135,75,14,399,416,94,15.8,59.2,11.71,20.3
2003,6,11,19,26.9,970.4,54.4,0,0.7,1.9,31,NA,NA,17,17,0,8,8,12,11,14,386,391,94,16.9,59.2,12.61,20.2
2003,6,11,20,24.5,971.1,62.2,0,0.6,1.3,259,NA,NA,0,0,0,0,0,0,0,14,366,374,94,16.8,56.4,12.49,19.4
2003,6,11,21,23.8,971.6,63.4,0,0.2,0.9,225,NA,NA,2,0,0,0,0,0,0,14,361,369,94,16.4,55,12.2,18.9
2003,6,11,22,22,971.9,71.1,0,0.4,1.6,288,NA,NA,0,0,0,0,0,0,0,14,358,367,94,16.5,53.3,12.26,18.4
2003,6,11,23,21.6,972,70.9,0,0.5,1.4,259,NA,NA,2,0,0,0,0,0,0,14,355,363,94,16.1,52,11.92,18
2003,6,12,0,20.3,971.7,74.7,0,0.3,1.5,333,NA,NA,1,0,0,0,0,0,0,14,346,357,94,15.7,49.9,11.6,17.3
2003,6,12,1,20.2,971.7,75.7,0,0.2,1.4,135,NA,NA,2,0,0,0,0,0,0,14,345,356,94,15.8,50,11.68,17.4
2003,6,12,2,18.9,971.5,82.2,0,0.6,1.5,307,NA,NA,0,0,0,0,0,0,0,14,347,355,94,15.8,48.7,11.7,16.9
2003,6,12,3,18.9,971.7,81.8,0,0.3,1.5,63,NA,NA,1,0,0,0,0,0,0,14,347,354,94,15.7,48.5,11.64,16.9
2003,6,12,4,18.5,971.9,83.1,0,0.2,0.9,270,NA,NA,27,20,118,140,13,13,89,14,351,360,94,15.6,47.8,11.53,16.6
2003,6,12,5,20.9,972.2,73.5,0,0.3,1.7,63,NA,NA,117,80,170,267,42,42,127,14,366,384,94,16,51.1,11.84,17.7
2003,6,12,6,22.9,972.5,69.5,0,1.1,2.9,315,NA,2,259,121,361,516,77,71,160,14,377,404,94,17,55.2,12.66,19
2003,6,12,7,24.4,972.3,63.8,0,0.9,2.1,321,NA,NA,427,157,499,639,112,96,114,14,389,422,94,17.1,56.9,12.72,19.5
2003,6,12,8,27.1,971.7,54.8,0,0.9,3.2,284,NA,NA,577,217,529,625,230,121,129,14,394,433,94,17.2,60,12.84,20.4
2003,6,12,9,28.5,971.6,48.9,0,1.3,4.8,315,NA,NA,698,234,583,543,333,130,133,14,406,447,94,16.7,60.4,12.42,20.6
2003,6,12,10,30,971.2,43.7,0,1.9,4.6,291,NA,NA,736,348,443,382,390,158,158,14,413,453,94,16.3,61.1,12.1,20.8
2003,6,12,11,31.8,970.6,40.9,0,2.2,7.9,259,NA,NA,853,302,601,249,466,169,156,14,418,460,94,16.9,64.2,12.57,21.7
2003,6,12,12,32.7,969.9,37.8,0,2,5.4,240,NA,2,848,279,623,152,459,266,142,14,421,466,94,16.4,64.2,12.22,21.6
2003,6,12,13,33.9,969.4,34.2,0,3.4,7.5,254,NA,NA,793,374,483,166,410,433,166,14,428,469,94,15.9,64.4,11.83,21.7
2003,6,12,14,34.2,969,30.8,0,3.9,7.9,252,NA,NA,709,217,631,128,327,586,131,14,433,469,94,14.6,62.1,10.82,21.1
2003,6,12,15,34.2,968.8,31.4,0,6.2,9.6,250,NA,NA,582,199,580,118,217,668,127,14,437,467,94,14.9,62.7,11.03,21.3
2003,6,12,16,33.6,969.3,31.2,0,5.2,9.4,245,NA,NA,377,208,328,103,119,528,134,14,428,456,94,14.2,61,10.59,20.8
2003,6,12,17,31.9,969.5,37.1,0,2.1,6.9,204,NA,NA,205,145,170,71,75,342,134,14,409,436,94,15.4,61.4,11.46,20.9
2003,6,12,18,30.6,970.7,34.1,0,3.4,8.9,233,NA,5,48,48,0,23,23,24,24,14,403,425,94,13,55.7,9.74,19.3
2003,6,12,19,24.7,972.3,62.9,0,6.3,14,48,NA,NA,2,0,0,0,0,0,0,14,377,396,94,17.2,57.4,12.77,19.7
2003,6,12,20,23.9,973.5,66.4,0,2.5,6.1,77,NA,NA,0,0,0,0,0,0,0,14,380,393,94,17.3,56.7,12.84,19.5
2003,6,12,21,23.9,973.6,63.7,0,2.2,6.3,60,NA,NA,0,0,0,0,0,0,0,14,375,390,94,16.6,55.4,12.3,19.1
2003,6,12,22,24.2,973.2,54.1,0,1.4,5.9,98,NA,NA,1,0,0,0,0,0,0,14,365,384,94,14.3,51.4,10.62,17.9
2003,6,12,23,23.5,972.7,60.2,0,2.2,5,90,NA,NA,0,0,0,0,0,0,0,14,372,385,94,15.3,52.5,11.34,18.2
2003,6,13,0,22.6,972.7,66.7,0,1.2,3.5,84,NA,NA,0,0,0,0,0,0,0,14,367,380,94,16.1,53,11.91,18.4
2003,6,13,1,21.5,972.8,74.8,0,2.1,4.3,45,NA,NA,1,0,0,0,0,0,0,14,362,377,94,16.8,53.4,12.5,18.4
2003,6,13,2,20.6,972.5,81.6,0,1.7,3,57,NA,NA,1,0,0,0,0,0,0,14,361,371,94,17.3,53.5,12.92,18.4
2003,6,13,3,20,973,86.8,0,1.2,2.7,41,NA,NA,0,0,0,0,0,0,0,14,360,368,94,17.7,53.7,13.24,18.5
2003,6,13,4,19.7,973.7,86.6,0,0.8,1.9,18,NA,NA,21,20,18,36,10,10,26,14,357,369,94,17.4,52.7,12.95,18.2
2003,6,13,5,20.1,974.2,82.6,0,1.7,3.4,38,NA,NA,103,81,99,203,42,41,102,14,360,379,94,17,52.3,12.65,18.1
2003,6,13,6,21.7,974.3,71.7,0,1.9,3.9,81,NA,6,232,157,198,384,82,76,140,14,368,394,94,16.4,52.6,12.11,18.2
2003,6,13,7,22.7,974.8,68.2,0,1.7,3.5,55,NA,NA,403,197,383,557,120,103,123,14,375,410,94,16.5,53.9,12.24,18.6
2003,6,13,8,23.9,974.1,65.6,0,1.7,4,101,NA,NA,554,230,475,581,222,123,132,14,383,419,94,17.1,56.3,12.67,19.4
2003,6,13,9,25.3,973.9,59.1,0,2.5,5.3,97,NA,NA,704,283,529,536,336,145,149,14,382,424,94,16.7,57.1,12.41,19.6
2003,6,13,10,25.7,973.3,56.2,0,3,5.6,71,NA,NA,549,408,161,286,289,170,172,14,386,422,94,16.3,56.7,12.09,19.5
2003,6,13,11,27.2,972.7,48.8,0,2.2,4.8,62,NA,NA,682,445,258,248,366,199,188,14,403,439,94,15.5,56.6,11.46,19.5
2003,6,13,12,29,972.4,42.4,0,2.4,5.8,87,NA,5,872,310,615,170,473,282,160,14,400,449,94,14.9,57.4,11.05,19.7
2003,6,13,13,30.1,971.9,38.9,0,3,5.9,77,NA,NA,825,219,699,133,423,451,134,14,403,451,94,14.6,57.9,10.81,19.9
2003,6,13,14,30.4,971.5,36.3,0,3.1,5.7,65,NA,NA,720,232,624,132,332,591,136,14,404,449,94,13.8,56.8,10.25,19.6
2003,6,13,15,30.8,971,32.6,0,3.7,6.3,58,NA,NA,508,312,297,138,208,502,149,14,398,439,94,12.5,55.1,9.41,19.1
2003,6,13,16,28.7,970.8,40.3,0,2.1,4.7,14,NA,NA,64,64,0,32,31,28,31,14,396,415,94,13.9,55.3,10.33,19.1
2003,6,13,17,27.3,971.1,48.7,0,1.1,4.3,293,NA,NA,135,130,15,59,59,106,70,14,397,418,94,15.6,56.9,11.52,19.6
2003,6,13,18,26.7,971.5,55.5,0,1.4,2.8,274,NA,5,76,67,48,33,33,116,68,14,391,407,94,17.1,59.2,12.7,20.3
2003,6,13,19,25.4,971.9,61,0,1.4,2.8,270,NA,NA,12,12,0,6,6,5,6,14,383,394,94,17.3,58.5,12.92,20
2003,6,13,20,24.1,972.9,65.9,0,0.9,1.9,283,NA,NA,0,0,0,0,0,0,0,14,384,388,94,17.3,57.1,12.9,19.6
2003,6,13,21,23.3,972.4,69.4,0,0.6,1.8,270,NA,NA,0,0,0,0,0,0,0,14,381,384,94,17.4,56.4,12.96,19.4
2003,6,13,22,22.1,972.6,75.5,0,0.4,1.2,360,NA,NA,0,0,0,0,0,0,0,14,375,376,94,17.6,55.5,13.11,19.1
2003,6,13,23,21.5,972.4,78.6,0,0.1,0.7,360,NA,NA,0,0,0,0,0,0,0,14,358,367,94,17.6,55.1,13.16,18.9
2003,6,14,0,21.2,972.4,79.8,0,0.2,0.8,270,NA,NA,0,0,0,0,0,0,0,14,354,365,94,17.6,54.6,13.12,18.8
2003,6,14,1,20.5,972,81.2,0,0.3,1.2,315,NA,NA,0,0,0,0,0,0,0,14,352,363,94,17.2,53.1,12.78,18.3
2003,6,14,2,19.8,972,81.6,0,0.8,1.9,297,NA,NA,0,0,0,0,0,0,0,14,358,365,94,16.6,51.1,12.29,17.7
2003,6,14,3,19.1,972.2,83.8,0,0.4,1.5,360,NA,NA,1,0,0,0,0,0,0,14,358,362,94,16.3,49.8,12.08,17.3
2003,6,14,4,19.2,972.2,82.5,0,0.6,1.3,315,NA,NA,25,20,73,98,12,12,64,14,366,369,94,16.1,49.7,11.96,17.2
2003,6,14,5,20.9,972.6,76,0,0.7,2.4,31,NA,NA,126,69,264,356,42,42,161,14,380,393,94,16.5,52.1,12.24,18
2003,6,14,6,23,972.5,67.5,0,0.4,1.7,117,NA,4,281,100,477,599,71,67,172,14,393,419,94,16.7,54.6,12.36,18.8
2003,6,14,7,24.4,972,61.8,0,0.9,3.2,90,NA,NA,439,159,518,658,113,97,118,14,397,432,94,16.6,55.9,12.32,19.2
2003,6,14,8,26,972.1,54.6,0,1.3,4.1,72,NA,NA,592,201,574,647,230,118,127,14,393,439,94,16.1,56.7,11.96,19.5
2003,6,14,9,27,971.8,49.3,0,1.7,4.6,97,NA,NA,733,220,643,571,344,130,133,14,396,445,94,15.5,56.4,11.45,19.4
2003,6,14,10,28.7,971.1,43.5,0,1.2,3.8,48,NA,NA,828,236,676,421,429,137,137,14,399,456,94,15.1,57.4,11.16,19.8
2003,6,14,11,31.1,970.8,38.4,0,1.1,4.3,90,NA,NA,874,249,681,238,472,151,139,14,429,477,94,15.3,60.2,11.32,20.6
2003,6,14,12,32.9,970,34.2,0,1.4,4.9,241,NA,3,869,317,604,171,471,281,160,14,429,477,94,15.1,61.7,11.16,21
2003,6,14,13,33.2,969.2,31.3,0,2.8,9.3,254,NA,NA,613,386,261,163,324,338,163,14,425,467,94,13.9,60,10.39,20.5
2003,6,14,14,33.5,969.3,31.3,0,4,12.4,287,NA,NA,533,340,246,148,259,399,152,14,452,476,94,14.2,60.8,10.57,20.7
2003,6,14,15,33,970.2,31.7,0,4.7,9.4,337,NA,NA,564,271,442,133,220,601,144,14,436,468,94,14,59.8,10.39,20.5
2003,6,14,16,27.4,972.1,54.2,0,6.8,13.3,52,NA,NA,95,95,0,46,45,46,46,14,407,419,94,17.3,60.5,12.92,20.6
2003,6,14,17,22.3,971.6,83.9,4.5,2.6,11.2,36,NA,NA,53,53,0,26,26,22,25,14,389,394,94,19.4,60.1,14.8,20.3
2003,6,14,18,22.9,971,79.5,0,1.5,4.5,21,NA,7,109,80,151,41,41,246,125,14,390,396,94,19.2,60,14.55,20.4
2003,6,14,19,22.8,971.4,81.8,0,1.6,3.3,106,NA,NA,24,24,0,10,10,22,18,14,388,391,94,19.5,60.8,14.88,20.5
2003,6,14,20,21.5,971.3,87.2,0,1.3,2.3,354,NA,NA,2,0,0,0,0,0,0,14,367,377,94,19.3,58.8,14.65,20
2003,6,14,21,20.9,971.3,88.8,0,0.7,1.7,338,NA,NA,0,0,0,0,0,0,0,14,364,373,94,19,57.5,14.37,19.6
2003,6,14,22,20.2,971.6,87,0,1.2,2.1,31,NA,NA,0,0,0,0,0,0,0,14,357,368,94,18,54.5,13.46,18.7
2003,6,14,23,19.5,970.9,86.8,0,0.8,1.8,34,NA,NA,0,0,0,0,0,0,0,14,360,367,94,17.2,52.2,12.86,18
2003,6,15,0,19.2,971,86.6,0,0.8,2.4,18,NA,NA,1,0,0,0,0,0,0,14,362,367,94,16.9,51.2,12.59,17.7
2003,6,15,1,19.2,970.9,86.6,0,0.8,1.7,50,NA,NA,2,0,0,0,0,0,0,14,360,368,94,16.9,51.2,12.59,17.7
2003,6,15,2,19.4,969.7,87.7,0.8,2.6,10.7,228,NA,NA,3,0,0,0,0,0,0,14,361,372,94,17.3,52.3,12.93,18
2003,6,15,3,19.1,970.4,86.8,0,2.8,8.1,43,NA,NA,0,0,0,0,0,0,0,14,360,368,94,16.8,51,12.54,17.6
2003,6,15,4,18.6,970.3,88.6,0,1.9,6.1,270,NA,NA,23,21,40,65,11,11,43,14,357,366,94,16.7,50.2,12.41,17.4
2003,6,15,5,19.4,970.8,87.1,0,1.1,2.9,51,NA,NA,127,64,289,373,41,40,167,14,364,379,94,17.2,52,12.82,18
2003,6,15,6,20.9,970.8,79.7,0,1.9,3.3,63,NA,3,232,185,123,329,86,80,134,14,369,390,94,17.3,53.7,12.88,18.5
2003,6,15,7,21.6,971,76,0,1.6,3.5,94,NA,NA,355,242,210,425,126,108,129,14,375,404,94,17.2,54.3,12.81,18.7
2003,6,15,8,22.8,970.5,73,0,1.9,3.8,51,NA,NA,385,311,110,317,175,130,139,14,395,421,94,17.7,56.6,13.26,19.4
2003,6,15,9,24.3,970.2,64,0,2,5.2,103,NA,NA,578,332,310,421,281,149,153,14,404,435,94,17.1,56.8,12.71,19.5
2003,6,15,10,25.9,969.9,48.4,0,1.6,4.5,111,NA,NA,834,296,614,427,433,156,156,14,408,447,94,14.2,52.9,10.54,18.4
2003,6,15,11,27,969.5,46.8,0,1.3,3.6,80,NA,NA,728,424,332,251,398,190,176,14,397,442,94,14.7,54.9,10.89,19
2003,6,15,12,27.9,968.7,45.1,0,2.1,4.7,104,NA,5,723,473,273,207,386,272,195,14,405,449,94,14.9,56.3,11.07,19.4
2003,6,15,13,27.4,968.7,49.4,0,3,6.9,58,NA,NA,296,273,26,125,151,151,125,14,397,422,94,15.9,57.7,11.79,19.8
2003,6,15,14,25.1,968.7,59.8,0,1.8,6.1,48,NA,NA,73,73,0,36,36,35,36,14,395,406,94,16.7,57,12.48,19.5
2003,6,15,15,23.8,968.8,68.7,0,1.4,4.8,56,NA,NA,24,24,0,12,12,10,12,14,388,395,94,17.7,57.7,13.28,19.7
2003,6,15,16,23.3,968.7,71.2,0,1,4,315,NA,NA,13,13,0,7,6,5,6,14,391,396,94,17.8,57.4,13.35,19.6
2003,6,15,17,22.9,968.5,69.3,0,1.4,3.7,55,NA,NA,28,28,0,14,14,10,13,14,371,386,94,17,55.3,12.68,19
2003,6,15,18,22.8,968.2,68.7,0,1.2,3,354,NA,7,47,47,0,22,22,23,23,14,371,388,94,16.7,54.7,12.49,18.8
2003,6,15,19,22.4,968.6,70.7,0,1.2,2.8,37,NA,NA,15,15,0,7,7,8,8,14,367,380,94,16.8,54.4,12.54,18.7
2003,6,15,20,21.5,968.4,75,0,0.8,2.5,286,NA,NA,0,0,0,0,0,0,0,14,363,371,94,16.9,53.6,12.6,18.5
2003,6,15,21,20.7,968.6,82.2,0,0.8,1.9,254,NA,NA,0,0,0,0,0,0,0,14,363,366,94,17.6,54.2,13.15,18.6
2003,6,15,22,19.9,968.7,89.2,0,1,2.5,281,NA,NA,0,0,0,0,0,0,0,14,357,363,94,18.1,54.5,13.59,18.7
2003,6,15,23,19.5,968,88.5,0,0.5,1.4,225,NA,NA,0,0,0,0,0,0,0,14,346,356,94,17.5,53,13.16,18.2
2003,6,16,0,18.6,967.9,90.9,0,0.2,1.1,333,NA,NA,0,0,0,0,0,0,0,14,345,352,94,17.1,51.1,12.77,17.6
2003,6,16,1,18.2,967.6,90.6,0,0.5,1.7,360,NA,NA,0,0,0,0,0,0,0,14,340,350,94,16.6,49.8,12.41,17.2
2003,6,16,2,18.1,967.1,89.6,0,0.4,1.4,90,NA,NA,0,0,0,0,0,0,0,14,335,347,94,16.4,49.1,12.2,17
2003,6,16,3,17.3,966.8,90.7,0,0.2,0.9,315,NA,NA,0,0,0,0,0,0,0,14,333,344,94,15.8,47.1,11.73,16.3
2003,6,16,4,17.2,967.1,90.4,0,0.6,1.5,297,NA,NA,23,20,48,76,12,12,51,14,337,350,94,15.6,46.7,11.62,16.2
2003,6,16,5,18.4,967.1,88.6,0,0.5,1.4,333,NA,NA,118,80,173,270,43,42,129,14,354,374,94,16.5,49.7,12.29,17.2
2003,6,16,6,20.5,967,79.8,0,0.9,2.8,54,NA,1,265,115,392,538,75,70,165,14,363,394,94,16.9,52.7,12.62,18.1
2003,6,16,7,22,966.8,74.4,0,1.1,3.5,77,NA,NA,429,154,508,644,110,95,116,14,371,412,94,17.2,54.9,12.91,18.8
2003,6,16,8,24,966.5,65.2,0,2.3,5.9,58,NA,NA,589,205,563,642,228,119,127,14,378,423,94,17.1,56.6,12.77,19.4
2003,6,16,9,25,966.1,58.4,0,3,5.7,73,NA,NA,733,210,657,574,342,128,130,14,386,432,94,16.3,56.1,12.14,19.3
2003,6,16,10,26.7,965.5,53.7,0,3.3,6.4,60,NA,NA,829,226,688,422,428,135,135,14,393,440,94,16.5,58.4,12.35,19.9
2003,6,16,11,27.9,965.1,47.3,0,3.2,6.9,64,NA,NA,880,233,706,238,474,147,136,14,396,448,94,15.6,57.8,11.67,19.8
2003,6,16,12,28.8,964.7,43.3,0,2.7,7.5,65,NA,1,876,240,696,146,470,265,138,14,400,452,94,15.1,57.7,11.25,19.8
2003,6,16,13,29.3,963.9,40.6,0,3,5.6,74,NA,NA,824,217,699,133,420,447,133,14,401,454,94,14.5,57.2,10.86,19.6
2003,6,16,14,30,963.3,39.1,0,3.5,6.2,67,NA,NA,743,178,722,121,334,613,124,14,402,454,94,14.6,58,10.9,19.9
2003,6,16,15,30.1,962.8,38.3,0,3.6,6.1,103,NA,NA,641,101,813,96,209,756,101,14,405,450,94,14.3,57.7,10.74,19.8
2003,6,16,16,30.2,962.1,38.2,0,3.5,6.3,85,NA,NA,458,110,670,88,98,748,121,14,404,441,94,14.4,57.9,10.78,19.8
2003,6,16,17,29.4,962.6,41.6,0,4.2,7.1,69,NA,NA,269,117,423,71,75,567,183,14,401,429,94,15,58.2,11.21,19.9
2003,6,16,18,28,963,49.5,0,3.1,6,55,NA,2,105,66,197,39,39,285,140,14,393,413,94,16.5,59.6,12.32,20.3
2003,6,16,19,26.1,963.5,57.8,0,1.7,2.9,36,NA,NA,15,15,0,7,7,8,8,14,386,396,94,17.1,59.1,12.87,20.1
2003,6,16,20,25.1,963.9,53.2,0,1.9,4.1,18,NA,NA,0,0,0,0,0,0,0,14,375,385,94,14.9,53.6,11.13,18.5
2003,6,16,21,24.1,964.4,55.1,0,1.1,2.7,49,NA,NA,0,0,0,0,0,0,0,14,368,373,94,14.5,51.9,10.85,17.9
2003,6,16,22,21.8,964.4,65,0,0.5,1.9,270,NA,NA,0,0,0,0,0,0,0,14,359,364,94,14.9,50.2,11.14,17.4
2003,6,16,23,21.1,964.3,69.5,0,0.6,1.7,270,NA,NA,0,0,0,0,0,0,0,14,351,359,94,15.3,50.2,11.42,17.4
2003,6,17,0,20.1,964.5,74.5,0,0.3,1.3,333,NA,NA,0,0,0,0,0,0,0,14,348,357,94,15.4,49.4,11.51,17.1
2003,6,17,1,19.1,964.2,80.1,0,0.4,1.3,360,NA,NA,0,0,0,0,0,0,0,14,342,353,94,15.6,48.7,11.63,16.9
2003,6,17,2,18.9,964,81.5,0,0.2,1.2,360,NA,NA,0,0,0,0,0,0,0,14,352,355,94,15.7,48.7,11.69,16.9
2003,6,17,3,18.4,964.3,83.5,0,0.2,1,315,NA,NA,0,0,0,0,0,0,0,14,345,352,94,15.6,47.9,11.61,16.6
2003,6,17,4,18.2,965,84.8,0,0.4,1.4,304,NA,NA,23,20,49,77,12,12,51,14,348,359,94,15.6,47.8,11.63,16.5
2003,6,17,5,19.9,965.5,78.7,0,0.4,1.4,45,NA,NA,103,80,107,208,41,41,105,14,366,380,94,16.1,50.5,12,17.4
2003,6,17,6,21.5,965.4,73,0,0.4,2,45,NA,4,243,157,227,411,83,77,147,14,375,401,94,16.5,52.9,12.29,18.2
2003,6,17,7,23.1,965.6,67.5,0,0.8,2.6,304,NA,NA,345,239,197,410,124,106,128,14,381,413,94,16.8,55.1,12.53,18.9
2003,6,17,8,25.5,965.8,57.1,0,0.7,3.6,259,NA,NA,575,242,489,602,227,127,137,14,387,434,94,16.4,56.8,12.23,19.5
2003,6,17,9,27,965.6,47.1,0,1.1,5.6,284,NA,NA,710,272,550,543,335,143,147,14,386,440,94,14.8,55.2,11,19.1
2003,6,17,10,27.5,965.5,41.5,0,1.1,5,286,NA,NA,751,341,468,391,394,158,158,14,383,439,94,13.3,53.1,9.97,18.4
2003,6,17,11,29.6,965,33.8,0,1.8,5.9,253,NA,NA,838,351,530,257,455,177,163,14,398,453,94,12,53.2,9.16,18.5
2003,6,17,12,29.1,964.5,36.8,0,2.4,6.7,309,NA,2,666,359,336,172,364,241,162,14,391,437,94,12.8,54.1,9.71,18.7
2003,6,17,13,30.2,964.2,30.2,0,2.1,6.9,315,NA,NA,811,314,571,158,417,441,159,14,397,454,94,10.8,52,8.47,18.1
2003,6,17,14,30.3,963.8,30.8,0,2.4,6.4,325,NA,NA,700,253,570,135,324,567,139,14,399,456,94,11.2,52.7,8.7,18.3
2003,6,17,15,30.8,964.1,30.3,0,3.2,7.7,314,NA,NA,626,171,683,114,221,722,122,14,397,447,94,11.4,53.5,8.8,18.5
2003,6,17,16,29.8,964.4,31.8,0,3.6,7,324,NA,NA,392,226,319,108,125,536,141,14,388,429,94,11.2,52.3,8.72,18.1
2003,6,17,17,27.6,964.8,37.6,0,2.8,7.1,312,NA,NA,126,124,6,56,56,81,62,14,383,407,94,11.9,50.9,9.08,17.8
2003,6,17,18,26.5,965.6,44.7,0,2.8,7.1,318,NA,7,61,61,0,28,28,35,31,14,382,403,94,13.5,52.5,10.13,18.2
2003,6,17,19,25.5,966.1,52.1,0,1.9,5.8,306,NA,NA,16,16,0,7,7,9,9,14,378,394,94,15,54,11.14,18.7
2003,6,17,20,24.6,966.8,54,0,2.3,5.4,327,NA,NA,0,0,0,0,0,0,0,14,384,391,94,14.7,52.6,10.93,18.2
2003,6,17,21,23.8,967.7,58.6,0,1.2,5.8,315,NA,NA,0,0,0,0,0,0,0,14,380,388,94,15.2,52.7,11.3,18.2
2003,6,17,22,22.6,968,58.9,0,1.9,6.5,311,NA,NA,0,0,0,0,0,0,0,14,373,382,94,14.2,49.6,10.55,17.3
2003,6,17,23,22.1,968.7,62.7,0,0.7,3.7,112,NA,NA,0,0,0,0,0,0,0,14,377,380,94,14.7,49.9,10.89,17.4
2003,6,18,0,20.7,969.2,80.2,0.8,1.2,3.7,61,NA,NA,0,0,0,0,0,0,0,14,373,379,94,17.2,53.4,12.82,18.4
2003,6,18,1,20,969.6,83.9,0.2,1.7,4.5,37,NA,NA,0,0,0,0,0,0,0,14,369,377,94,17.2,52.7,12.84,18.2
2003,6,18,2,19.5,969.8,86.6,0,1.5,3.5,86,NA,NA,0,0,0,0,0,0,0,14,395,395,94,17.2,52.2,12.84,18
2003,6,18,3,19,970.3,90.9,2.6,1.4,3,41,NA,NA,0,0,0,0,0,0,0,14,394,394,94,17.5,52.2,13.07,18
2003,6,18,4,18.5,970.8,89,0.2,1.4,6,342,NA,NA,9,9,0,3,4,4,3,14,390,390,94,16.7,50,12.38,17.3
2003,6,18,5,18.7,971.7,72.2,0,1.9,5.6,22,NA,NA,87,78,40,107,36,36,63,14,377,381,96,13.6,44.5,10.12,15.5
2003,6,18,6,19,972.2,67.2,0,2.1,5.4,28,NA,6,149,142,18,122,65,62,76,14,378,386,96,12.8,43.4,9.59,15.2
2003,6,18,7,20.7,972.8,50.5,0,1.8,4.2,6,NA,NA,385,245,260,473,129,110,134,14,383,410,96,10.1,41.1,7.98,14.5
2003,6,18,8,21.3,973.2,41.8,0,3.2,7.8,347,NA,NA,333,318,22,232,156,129,137,14,360,396,96,7.8,38.8,6.84,13.6
2003,6,18,9,21.9,973.5,37.5,0,4.1,8.2,7,NA,NA,443,364,99,295,221,150,155,14,365,402,96,6.8,38.2,6.36,13.4
2003,6,18,10,22.7,973.7,34.1,0,3.8,8.5,351,NA,NA,655,421,267,345,346,170,171,14,371,415,96,6.1,38.3,6.07,13.4
2003,6,18,11,23.7,973.5,32.8,0,2.4,6.3,27,NA,NA,904,280,680,251,484,159,146,14,361,419,94,6.4,39.6,6.2,13.9
2003,6,18,12,24.4,973.2,31.8,0,2.1,7.9,74,NA,5,818,418,437,195,440,283,182,14,365,419,94,6.6,40.5,6.27,14.3
2003,6,18,13,24.5,973,30.7,0,3.9,8,99,NA,NA,728,369,414,169,375,392,169,14,368,415,94,6.1,40.2,6.09,14.1
2003,6,18,14,24.7,973,32.5,0,4.2,7.6,98,NA,NA,750,213,685,130,341,613,134,14,371,420,94,7.1,41.5,6.53,14.6
2003,6,18,15,24.9,972.8,34.4,0,4.3,8.1,65,NA,NA,630,128,753,105,214,735,111,14,371,416,94,8.1,42.9,7,15.1
2003,6,18,16,24.4,973.1,35.2,0,4.4,8.1,61,NA,NA,458,108,670,88,97,746,120,14,368,408,94,8,42.2,6.95,14.9
2003,6,18,17,24.2,973.5,36.1,0,3.7,6.2,63,NA,NA,287,87,553,67,70,656,198,14,358,395,94,8.2,42.3,7.04,14.9
2003,6,18,18,23,974,42.4,0,3,5.9,25,NA,1,127,57,357,40,40,426,198,14,354,384,94,9.5,42.7,7.7,15
2003,6,18,19,21,974.3,49.9,0,2,3.6,33,NA,NA,17,17,0,8,8,10,10,14,345,358,94,10.2,41.5,8.02,14.6
2003,6,18,20,19.7,974.7,52.6,0,1,2.5,6,NA,NA,0,0,0,0,0,0,0,14,330,341,94,9.7,39.6,7.8,13.9
2003,6,18,21,19.3,975.2,52,0,1.5,3.9,48,NA,NA,0,0,0,0,0,0,0,14,329,340,94,9.2,38.5,7.51,13.5
2003,6,18,22,18.8,975.5,52.5,0,1.1,3.6,27,NA,NA,0,0,0,0,0,0,0,14,325,334,94,8.9,37.5,7.35,13.1
2003,6,18,23,17.4,975.5,61.3,0,0.7,2,45,NA,NA,0,0,0,0,0,0,0,14,319,330,94,9.9,37.4,7.86,13.1
2003,6,19,0,16.7,975.6,66,0,0.3,1.3,27,NA,NA,0,0,0,0,0,0,0,14,319,328,94,10.3,37.3,8.1,13
2003,6,19,1,16.3,975.9,71,0,0.6,1.4,27,NA,NA,0,0,0,0,0,0,0,14,318,327,94,11,37.9,8.5,13.2
2003,6,19,2,15.6,976.2,73,0,0.2,1.5,180,NA,NA,0,0,0,0,0,0,0,14,315,324,94,10.8,36.8,8.35,12.8
2003,6,19,3,14.6,976.4,73.6,0,0.5,1.6,259,NA,NA,2,0,0,0,0,0,0,14,309,321,94,9.9,34.6,7.89,11.9
2003,6,19,4,14,976.8,76.5,0,0.5,1.1,304,NA,NA,25,21,71,97,12,12,64,14,309,327,94,9.9,34,7.88,11.7
2003,6,19,5,16.1,977,71.5,0,0.5,1.3,360,NA,NA,133,64,322,407,44,43,183,14,327,356,94,11,37.5,8.44,13.1
2003,6,19,6,18.3,977.2,64,0,1.1,3.5,56,NA,0,292,101,501,623,72,68,181,14,334,379,94,11.4,40.4,8.68,14.2
2003,6,19,7,20.2,977.2,55.1,0,2.2,6.2,65,NA,NA,464,124,630,719,104,93,114,14,340,389,94,10.9,41.7,8.41,14.7
2003,6,19,8,21.7,977.2,48.2,0,3.2,6.4,55,NA,NA,627,157,690,700,227,110,116,14,344,400,94,10.3,42.3,8.06,14.9
2003,6,19,9,22.9,977,41.4,0,3.7,6.6,57,NA,NA,762,173,739,599,347,121,123,14,350,409,94,9.1,42,7.44,14.8
2003,6,19,10,24.5,976.8,33.9,0,3.9,8.2,66,NA,NA,854,201,745,434,436,132,131,14,347,414,94,7.6,41.7,6.71,14.7
2003,6,19,11,25.2,976.5,29,0,4.1,7.3,61,NA,NA,903,203,763,238,482,142,132,14,353,416,94,5.9,40.6,5.98,14.3
2003,6,19,12,26.5,976.1,27.4,0,3.7,6.9,62,NA,0,906,206,765,141,483,263,133,14,357,418,94,6.2,42.2,6.1,14.9
2003,6,19,13,27.1,975.6,30.2,0,3.3,6.7,60,NA,NA,827,248,666,139,422,447,140,14,370,427,94,8.1,45.1,6.98,15.8
2003,6,19,14,28.1,975.1,31.7,0,3.2,6.9,58,NA,NA,750,165,746,118,335,616,120,14,385,435,94,9.7,48.1,7.78,16.9
2003,6,19,15,28.7,975.1,32.8,0,3.7,6.5,46,NA,NA,619,129,734,104,211,721,110,14,388,434,94,10.8,50.2,8.34,17.6
2003,6,19,16,28.7,974.3,33.2,0,3.3,6.8,68,NA,NA,460,100,689,85,94,753,117,14,389,429,94,10.9,50.5,8.45,17.6
2003,6,19,17,28.3,974.4,35.1,0,3.1,5.5,65,NA,NA,291,83,575,66,69,670,200,14,387,422,94,11.4,50.8,8.74,17.7
2003,6,19,18,27,974.1,40.2,0,2.9,5,41,NA,1,130,55,381,40,40,445,206,14,380,409,94,12.3,50.8,9.28,17.8
2003,6,19,19,24.8,974.3,48.6,0,1.5,3.1,23,NA,NA,19,19,0,9,9,13,12,14,365,381,94,13.2,50.1,9.86,17.5
2003,6,19,20,22.9,975,58.1,0,1.7,3.1,22,NA,NA,1,0,0,0,0,0,0,14,356,369,94,14.2,49.8,10.52,17.4
2003,6,19,21,22.3,975.1,59.9,0,1.3,2.9,45,NA,NA,0,0,0,0,0,0,0,14,355,367,94,14.1,49,10.46,17.1
2003,6,19,22,21.4,975.1,63.9,0,0.7,1.9,117,NA,NA,0,0,0,0,0,0,0,14,349,356,94,14.3,48.3,10.56,16.9
2003,6,19,23,19.4,975,73.6,0,0.3,1.1,360,NA,NA,0,0,0,0,0,0,0,14,340,349,94,14.6,46.8,10.75,16.4
2003,6,20,0,18.5,974.8,78,0,0.4,1.1,27,NA,NA,0,0,0,0,0,0,0,14,338,346,94,14.6,45.9,10.78,16.1
2003,6,20,1,18.1,974.7,79,0,0.3,1.1,45,NA,NA,0,0,0,0,0,0,0,14,332,343,94,14.4,45.2,10.64,15.8
2003,6,20,2,17.1,974.8,82.5,0,0.4,1.4,270,NA,NA,0,0,0,0,0,0,0,14,334,342,94,14.1,43.6,10.43,15.2
2003,6,20,3,16.1,975,85.9,0,0.3,1.2,270,NA,NA,2,0,0,0,0,0,0,14,326,337,94,13.7,42,10.19,14.6
2003,6,20,4,16.3,975.1,83.9,0,0.4,1.3,304,NA,NA,27,20,121,141,13,13,91,14,327,342,94,13.6,41.9,10.07,14.6
2003,6,20,5,18.2,975.3,79.1,0,0.5,1.4,315,NA,NA,125,75,230,332,44,43,155,14,344,372,94,14.5,45.5,10.72,15.9
2003,6,20,6,21,974.9,68.3,0,0.5,1.6,79,NA,0,288,105,482,610,73,69,180,14,353,391,94,14.9,49.1,11.02,17.1
2003,6,20,7,22.8,974.8,60.3,0,0.5,2.4,104,NA,NA,458,127,614,709,102,89,111,14,363,406,94,14.7,50.6,10.86,17.6
2003,6,20,8,25.1,974.3,52.2,0,0.9,3.8,7,NA,NA,616,157,673,688,224,109,115,14,387,426,94,14.6,52.8,10.8,18.3
2003,6,20,9,26.6,973.9,47.8,0,0.9,3.6,130,NA,NA,750,177,721,591,343,121,123,14,390,434,94,14.6,54.3,10.81,18.8
2003,6,20,10,27.5,973.7,42.8,0,1.7,5.6,140,NA,NA,839,218,708,429,430,134,134,14,393,440,94,13.7,53.7,10.2,18.6
2003,6,20,11,29.1,973.1,36.2,0,3,6.8,108,NA,NA,893,243,709,245,479,150,139,14,391,443,94,12.6,53.4,9.46,18.6
2003,6,20,12,30.2,972.4,32.7,0,2,6.5,180,NA,1,836,348,533,175,452,274,163,14,393,443,94,12,53.7,9.11,18.6
2003,6,20,13,30.8,971.9,29.7,0,2.3,7.5,273,NA,NA,831,241,677,138,424,448,139,14,393,447,94,11.1,52.9,8.56,18.4
2003,6,20,14,31.9,971.3,22,0,3.5,7.1,345,NA,NA,763,148,782,116,336,622,118,14,398,453,94,7.6,49.3,6.73,17.2
2003,6,20,15,31.7,971.1,24.7,0,3.4,7.2,330,NA,NA,628,118,764,101,211,733,107,14,402,450,94,9.1,51,7.48,17.8
2003,6,20,16,31,970.4,28.2,0,3.4,7.4,299,NA,NA,469,92,721,83,91,771,114,14,394,439,94,10.5,52.2,8.23,18.2
2003,6,20,17,30,970.5,28.3,0,3.4,6.3,314,NA,NA,299,78,610,64,67,696,204,14,380,426,94,9.7,50.1,7.79,17.5
2003,6,20,18,28.5,970.4,31.7,0,2.9,6.4,316,NA,0,139,53,432,40,40,490,224,14,372,410,94,10.1,49.1,8.01,17.2
2003,6,20,19,26,970.5,41.3,0,2.4,5,312,NA,NA,14,14,0,7,7,7,7,14,364,389,94,11.8,49.2,9.02,17.2
2003,6,20,20,24.8,971.1,44.3,0,1.1,2.8,278,NA,NA,0,0,0,0,0,0,0,14,367,380,94,11.8,47.9,9.01,16.8
2003,6,20,21,23.2,970.5,50,0,0.5,2.5,153,NA,NA,0,0,0,0,0,0,0,14,357,364,94,12.2,46.8,9.24,16.4
2003,6,20,22,21.2,970.2,58.6,0,0.7,1.9,53,NA,NA,0,0,0,0,0,0,0,14,347,356,94,12.8,45.7,9.6,16
2003,6,20,23,20,970.3,63.8,0,0.5,2.6,53,NA,NA,0,0,0,0,0,0,0,14,340,349,94,12.9,44.7,9.71,15.6
2003,6,21,0,19.3,970.4,68.3,0,1.2,3.2,49,NA,NA,0,0,0,0,0,0,0,14,340,353,94,13.3,44.7,9.95,15.6
2003,6,21,1,19.1,970.1,71.7,0,1.3,2.7,35,NA,NA,0,0,0,0,0,0,0,14,340,350,94,13.9,45.4,10.33,15.9
2003,6,21,2,18.1,969.9,76.8,0,0.3,1,315,NA,NA,0,0,0,0,0,0,0,14,334,344,94,14,44.5,10.4,15.6
2003,6,21,3,17,969.7,82.2,0,0.3,1.3,288,NA,NA,1,0,0,0,0,0,0,14,329,342,94,13.9,43.4,10.38,15.1
2003,6,21,4,17.1,970.1,81.7,0,0.3,1.2,315,NA,NA,25,20,84,107,12,12,70,14,333,348,94,13.9,43.5,10.38,15.1
2003,6,21,5,19.1,970.1,74.5,0,0.4,1.8,27,NA,NA,135,61,343,423,43,43,190,14,344,375,94,14.5,46.4,10.74,16.2
2003,6,21,6,21.1,970.3,63.8,0,1.4,2.7,77,NA,0,291,101,501,622,72,68,182,14,350,389,94,14,47.6,10.4,16.6
2003,6,21,7,22.6,970.3,57.3,0,1.9,4.8,96,NA,NA,463,117,643,723,101,91,112,14,359,403,94,13.7,48.8,10.23,17
2003,6,21,8,24.3,970,54.6,0,2.5,5.8,85,NA,NA,620,149,691,695,223,107,113,14,375,419,94,14.6,52,10.82,18.1
2003,6,21,9,25.3,969.7,51.1,0,2.3,4.5,105,NA,NA,748,180,715,590,342,122,124,14,381,425,94,14.5,52.8,10.75,18.3
2003,6,21,10,26.8,969.2,46,0,1.3,3.5,63,NA,NA,857,181,772,435,435,127,126,14,388,436,94,14.2,53.9,10.58,18.7
2003,6,21,11,28.2,968.7,38.7,0,1.7,4.3,97,NA,NA,904,197,771,238,482,140,131,14,392,442,94,12.8,53,9.65,18.4
2003,6,21,12,29.3,967.8,30.5,0,2.3,4.6,100,NA,2,909,185,792,135,482,258,128,14,391,444,94,10.2,50.2,8.09,17.5
2003,6,21,13,30.5,967.8,22.9,0,2.7,4.9,107,NA,NA,845,201,740,130,428,453,131,14,391,447,94,7,47.3,6.49,16.5
2003,6,21,14,30.8,967.3,24.2,0,3.4,6,87,NA,NA,752,165,747,118,336,616,121,14,395,448,94,8,48.9,6.99,17
2003,6,21,15,31.2,966.6,22.7,0,3.8,5.7,73,NA,NA,623,127,742,104,212,724,110,14,390,443,94,7.4,48.6,6.71,16.9
2003,6,21,16,31.2,966.4,21.6,0,3.9,6,65,NA,NA,463,106,681,87,97,752,119,14,390,437,94,6.7,47.7,6.38,16.6
2003,6,21,17,30.5,966.2,25.1,0,3.7,5.6,52,NA,NA,285,107,490,69,73,618,191,14,383,426,94,8.3,48.9,7.13,17.1
2003,6,21,18,28.4,966.2,34.4,0,2,3.8,33,NA,1,102,65,183,38,39,271,134,14,376,407,94,11.2,50.7,8.68,17.7
2003,6,21,19,26.3,966.1,42.4,0,1.2,2.9,34,NA,NA,26,26,0,11,11,25,20,14,365,383,94,12.5,50.6,9.48,17.6
2003,6,21,20,24.8,966.8,44.7,0,1,2.7,66,NA,NA,0,0,0,0,0,0,0,14,358,364,94,12,48.2,9.13,16.9
2003,6,21,21,22.8,966.9,49.7,0,0.7,2.2,37,NA,NA,0,0,0,0,0,0,0,14,346,354,94,11.7,45.8,9,16
2003,6,21,22,20.8,966.9,55,0,0.5,1.4,239,NA,NA,0,0,0,0,0,0,0,14,337,348,94,11.4,43.3,8.81,15.1
2003,6,21,23,19.1,966.9,59.6,0,0.3,1.1,270,NA,NA,0,0,0,0,0,0,0,14,332,342,94,11.1,41,8.59,14.3
2003,6,22,0,17.9,967,65,0,0.4,1.3,326,NA,NA,0,0,0,0,0,0,0,14,326,338,94,11.2,40,8.69,13.9
2003,6,22,1,17,966.7,68.6,0,0.3,1.2,270,NA,NA,0,0,0,0,0,0,0,14,322,334,94,11.2,39,8.67,13.6
2003,6,22,2,16.4,966.5,70.3,0,0.4,1.7,256,NA,NA,0,0,0,0,0,0,0,14,319,331,94,11,38.1,8.55,13.2
2003,6,22,3,15.4,966.3,73.1,0,0.4,1,256,NA,NA,1,0,0,0,0,0,0,14,315,327,94,10.6,36.6,8.34,12.6
2003,6,22,4,15.2,966.5,73.9,0,0.3,1.3,270,NA,NA,27,20,121,141,13,13,91,14,318,334,94,10.6,36.3,8.32,12.5
2003,6,22,5,17.7,966.9,65.7,0,0.9,1.9,270,NA,NA,135,61,346,425,43,42,191,14,339,366,94,11.2,39.8,8.67,13.9
2003,6,22,6,20.7,966.7,56,0,0.5,2.4,90,NA,1,297,94,536,649,74,70,189,14,353,389,94,11.6,43.5,8.92,15.2
2003,6,22,7,22.6,966.6,48.9,0,1.6,4.3,105,NA,NA,469,114,661,736,101,90,111,14,360,402,94,11.3,45,8.75,15.7
2003,6,22,8,23.8,966.3,43.7,0,2.2,5.3,103,NA,NA,630,149,707,707,225,107,114,14,353,405,94,10.7,45.3,8.4,15.9
2003,6,22,9,25.2,966.1,39.6,0,2.5,5.5,95,NA,NA,769,155,772,604,345,118,120,14,363,417,94,10.5,46.4,8.28,16.3
2003,6,22,10,27.1,965.7,36.5,0,2.3,5.3,105,NA,NA,866,171,793,439,438,125,125,14,372,429,94,11,49.1,8.54,17.2
2003,6,22,11,28.1,965.5,33.2,0,2.7,6,117,NA,NA,920,172,816,236,488,134,126,14,378,432,94,10.4,49.3,8.24,17.2
2003,6,22,12,29.4,964.8,31.7,0,2,4.2,112,NA,1,920,168,822,131,486,256,125,14,388,443,94,10.9,51.3,8.49,17.9
2003,6,22,13,30.3,963.9,31,0,2.6,5,103,NA,NA,860,169,794,123,432,457,124,14,388,445,94,11.3,52.9,8.75,18.3
2003,6,22,14,31.3,963.2,28,0,2.7,4.9,112,NA,NA,774,133,815,113,339,630,115,14,392,449,94,10.6,52.9,8.37,18.3
2003,6,22,15,32.6,963,26.6,0,1.8,3.9,79,NA,NA,626,130,742,105,214,726,111,14,409,460,94,11,54.7,8.57,18.9
2003,6,22,16,32.9,962.3,28.9,0,2.5,4.3,92,NA,NA,464,97,700,84,93,758,115,14,399,448,94,12.5,57.4,9.49,19.7
2003,6,22,17,31.6,962.3,29.2,0,2.9,4.3,67,NA,NA,294,115,493,72,76,629,196,14,401,438,94,11.5,54.6,8.9,18.8
2003,6,22,18,30.1,962.5,32.7,0,2,3.6,66,NA,2,103,65,188,39,39,276,136,14,390,413,94,11.9,53.7,9.15,18.6
2003,6,22,19,26.6,962.8,40,0,0.8,2.4,39,NA,NA,10,10,0,5,5,3,4,14,372,378,94,11.9,50,9.13,17.4
2003,6,22,20,24,964,48.7,0,1.1,2.8,270,NA,NA,1,0,0,0,0,0,0,14,372,377,94,12.5,48.4,9.52,16.8
2003,6,22,21,23.2,964,53,0,1,3.7,279,NA,NA,1,0,0,0,0,0,0,14,362,369,94,13.1,48.5,9.87,16.9
2003,6,22,22,21.3,964.3,59.3,0,0.4,1.6,18,NA,NA,1,0,0,0,0,0,0,14,356,360,94,13,46.4,9.84,16.2
2003,6,22,23,21.1,964.1,57.8,0,0.5,1.2,56,NA,NA,2,0,0,0,0,0,0,14,342,354,94,12.5,45.3,9.47,15.8
2003,6,23,0,20.1,964.3,61.7,0,0.4,1.2,360,NA,NA,1,0,0,0,0,0,0,14,340,351,94,12.5,44.3,9.5,15.5
2003,6,23,1,20.3,964.4,58.8,0,1.3,3.5,246,NA,NA,1,0,0,0,0,0,0,14,351,357,94,12,43.7,9.16,15.3
2003,6,23,2,20.3,964.5,60.2,0,0.9,3.1,259,NA,NA,1,0,0,0,0,0,0,14,349,353,94,12.3,44.2,9.38,15.4
2003,6,23,3,20.3,964.8,62,0,0.8,3.2,254,NA,NA,0,0,0,0,0,0,0,14,343,351,94,12.8,44.9,9.66,15.7
2003,6,23,4,22.2,964.8,56.9,0,1.1,3.5,241,NA,NA,28,22,112,135,14,14,88,14,352,362,94,13.3,47.7,9.97,16.6
2003,6,23,5,23.4,965,52.5,0,1.1,2.4,124,NA,NA,126,74,244,343,44,43,160,14,373,390,94,13.1,48.7,9.89,16.9
2003,6,23,6,26,965,45.7,0,2.4,6.5,257,NA,1,290,101,500,622,72,68,182,14,383,413,94,13.4,51.8,10.06,18
2003,6,23,7,27.8,965.7,39.8,0,4.8,8,264,NA,NA,469,110,668,738,99,89,111,14,391,426,94,12.9,52.8,9.72,18.3
2003,6,23,8,29.7,965.5,33.3,0,4.7,8.9,275,NA,NA,630,137,725,708,224,107,112,14,388,434,94,11.9,53.1,9.07,18.4
2003,6,23,9,32,966.1,20.4,0,7.1,13.8,247,NA,NA,759,177,733,600,345,122,124,14,381,438,94,6.5,48.3,6.31,16.8
2003,6,23,10,33,966.2,16,0,8.1,14.8,246,NA,NA,854,200,746,437,436,132,131,14,383,443,94,3.9,46.6,5.22,16.1
2003,6,23,11,33.6,966.3,15.8,0,8.8,14.7,245,NA,NA,906,199,770,241,483,141,131,14,388,447,94,4.2,47.5,5.34,16.4
2003,6,23,12,34.8,966.2,15,0,7.8,15,250,NA,3,919,173,815,133,486,256,126,14,389,453,94,4.4,48.9,5.42,16.9
2003,6,23,13,35.4,966.3,14.1,0,9.5,17.4,254,NA,NA,869,164,809,123,436,460,123,14,391,455,94,4,49.1,5.26,16.9
2003,6,23,14,35.1,965.8,13.8,0,10.5,16.2,259,NA,NA,762,153,775,117,338,619,119,14,406,458,94,3.4,48.3,5.07,16.6
2003,6,23,15,35.2,965.6,13.2,0,8.9,13.5,260,NA,NA,624,124,749,103,213,725,108,14,401,453,94,2.9,47.9,4.87,16.4
2003,6,23,16,34.9,965.6,14.8,0,7.8,12.8,264,NA,NA,467,106,687,88,97,758,119,14,405,450,94,4.3,48.9,5.38,16.8
2003,6,23,17,33.7,966.1,18.4,0,6.8,9.9,260,NA,NA,281,97,505,70,73,624,192,14,401,442,94,6.4,50,6.26,17.3
2003,6,23,18,32.3,966.3,22.9,0,6.3,9.9,252,NA,2,135,66,345,43,43,428,200,14,400,432,94,8.5,51,7.21,17.7
2003,6,23,19,29.8,967,29.4,0,2.9,6.8,224,NA,NA,19,19,0,8,8,12,11,14,385,408,94,10.1,50.5,8.03,17.6
2003,6,23,20,29.1,968,25.9,0,6.2,10.3,243,NA,NA,0,0,0,0,0,0,0,14,379,406,94,7.6,46.6,6.78,16.3
2003,6,23,21,28.3,968.6,24,0,5.5,10.4,242,NA,NA,0,0,0,0,0,0,0,14,370,397,94,5.8,43.7,5.98,15.3
2003,6,23,22,27,968.9,26.9,0,3.4,7.3,240,NA,NA,0,0,0,0,0,0,0,14,368,388,94,6.4,43,6.22,15.1
2003,6,23,23,26,969.6,31.8,0,1.6,5.2,231,NA,NA,0,0,0,0,0,0,0,14,365,375,94,7.9,43.8,6.93,15.4
2003,6,24,0,24.3,969.8,37.2,0,1.8,4.8,252,NA,NA,0,0,0,0,0,0,0,14,368,373,94,8.8,43.1,7.33,15.2
2003,6,24,1,25.7,970,34.3,0,4.7,10,239,NA,NA,0,0,0,0,0,0,0,14,377,392,94,8.8,44.6,7.35,15.7
2003,6,24,2,25.1,970,36.8,0,3.5,6.4,235,NA,NA,0,0,0,0,0,0,0,14,403,405,94,9.3,44.6,7.61,15.7
2003,6,24,3,23.5,970.1,42.1,0,3,5.2,248,NA,NA,1,0,0,0,0,0,0,14,392,394,94,9.9,43.8,7.91,15.4
2003,6,24,4,22.4,970.1,47.3,0,1.4,3.6,276,NA,NA,31,25,109,133,14,14,87,14,390,390,94,10.6,43.7,8.32,15.3
2003,6,24,5,20.6,970.1,71.3,1.2,1,4.1,90,NA,NA,26,26,0,9,13,13,11,14,364,373,94,15.2,49.4,11.29,17.1
2003,6,24,6,20.4,970.6,80.5,0,0.9,3.6,63,NA,7,103,103,0,58,48,47,50,14,372,380,94,16.9,52.5,12.61,18.1
2003,6,24,7,22.8,971.4,64.9,0,0.7,2.4,270,NA,NA,236,220,30,186,103,94,105,14,378,397,94,15.9,52.8,11.75,18.3
2003,6,24,8,24.9,971.8,49.3,0,1.1,3.4,247,NA,NA,387,315,106,320,175,131,141,14,376,410,94,13.6,50.8,10.09,17.7
2003,6,24,9,26.3,971.5,44.4,0,1.4,4.1,86,NA,NA,587,369,274,428,285,155,161,14,387,426,94,13.2,51.6,9.88,18
2003,6,24,10,28.5,970.9,36.6,0,1.6,5.8,104,NA,NA,844,275,649,435,433,145,145,14,393,443,94,12.2,52.3,9.26,18.2
2003,6,24,11,30,970.3,33.3,0,2.3,5.1,95,NA,NA,882,242,698,245,473,149,138,14,411,454,94,12.1,53.7,9.19,18.6
2003,6,24,12,33.3,969.7,20.2,0,3.5,8.3,257,NA,6,879,248,689,149,471,261,139,14,416,464,94,7.5,50.7,6.7,17.6
2003,6,24,13,34.2,969.3,16.3,0,4.8,12,249,NA,NA,855,289,650,148,435,456,148,14,414,464,94,5.1,49,5.68,16.9
2003,6,24,14,34,969.6,18.1,0,5.6,9.4,257,NA,NA,473,352,153,152,230,323,155,14,426,459,94,6.4,50.2,6.24,17.4
2003,6,24,15,32.9,969.4,21.4,0,5.1,9,241,NA,NA,256,250,8,110,119,148,112,14,424,451,94,8,50.9,6.94,17.7
2003,6,24,16,32.3,969.3,22.4,0,5.6,9.8,248,NA,NA,264,225,73,99,109,257,114,14,422,446,94,8.1,50.5,7.03,17.6
2003,6,24,17,32.2,969.4,23.3,0,2.8,5.7,260,NA,NA,233,141,252,73,77,414,150,14,411,442,94,8.6,51,7.27,17.7
2003,6,24,18,31.1,969.4,26.3,0,2.6,5.3,251,NA,3,114,67,239,40,40,325,156,14,401,427,94,9.5,51,7.72,17.8
2003,6,24,19,28.6,969.4,33.2,0,1.5,3.3,274,NA,NA,19,19,0,8,8,12,11,14,393,403,94,10.9,50.3,8.45,17.6
2003,6,24,20,26.5,969.9,39.6,0,0.8,1.9,247,NA,NA,1,0,0,0,0,0,0,14,366,375,94,11.7,49.4,8.92,17.3
2003,6,24,21,23.3,970.2,50.9,0,0.6,2,360,NA,NA,1,0,0,0,0,0,0,14,355,368,94,12.6,47.5,9.47,16.7
2003,6,24,22,22.2,970.4,54.8,0,0.5,1.5,243,NA,NA,3,0,0,0,0,0,0,14,345,358,94,12.7,46.6,9.54,16.3
2003,6,24,23,20.8,970.2,60.4,0,0.6,1.8,14,NA,NA,1,0,0,0,0,0,0,14,342,356,94,12.9,45.4,9.66,15.9
2003,6,25,0,20.1,970.4,61.9,0,0.6,1.6,261,NA,NA,3,0,0,0,0,0,0,14,339,355,94,12.6,44.3,9.47,15.5
2003,6,25,1,20.5,970.8,59.4,0,0.4,1.9,315,NA,NA,2,0,0,0,0,0,0,14,341,360,94,12.3,44.3,9.31,15.5
2003,6,25,2,20.5,971.3,58.6,0,0.8,3,270,NA,NA,3,0,0,0,0,0,0,14,398,398,94,12.1,43.9,9.18,15.4
2003,6,25,3,19.6,971.3,63.7,0,0.7,2.5,346,NA,NA,2,0,0,0,0,0,0,14,394,394,94,12.5,43.7,9.44,15.3
2003,6,25,4,20.1,972.1,61.9,0,1,2.6,281,NA,NA,20,19,24,47,10,10,33,14,397,397,94,12.6,44.2,9.46,15.5
2003,6,25,5,20.7,971.9,63.7,0,1.1,3.2,39,NA,NA,37,37,0,16,18,18,17,14,353,372,94,13.6,46.5,10.11,16.3
2003,6,25,6,23.2,971.2,55,0,0.8,2.5,9,NA,7,215,156,158,320,77,72,126,14,369,400,94,13.7,49.2,10.18,17.2
2003,6,25,7,25.8,970.8,44.6,0.1,0.8,2.8,254,NA,NA,410,208,379,566,123,105,131,14,379,422,94,12.8,50.5,9.64,17.6
2003,6,25,8,27.8,970.3,38.6,0,1.3,4.2,221,NA,NA,565,223,505,615,221,121,131,14,386,433,94,12.4,51.9,9.38,18.1
2003,6,25,9,29.7,969.8,33.5,0,1.5,4.5,282,NA,NA,681,288,495,524,323,144,148,14,400,448,94,11.9,53.1,9.09,18.4
2003,6,25,10,32,969.5,27.6,0,1.9,5.9,227,NA,NA,790,360,491,413,410,163,164,14,411,458,94,11,54,8.53,18.7
2003,6,25,11,33.3,968.7,24.2,0,3,7.2,237,NA,NA,843,341,548,261,457,175,162,14,411,463,94,10.1,54.1,8.05,18.7
2003,6,25,12,34.1,968.3,24.9,0,2.1,7.5,250,NA,3,857,302,606,167,463,269,157,14,417,470,94,11.2,56.6,8.67,19.5
2003,6,25,13,35.4,967.7,22.2,0,2.2,7,241,NA,NA,758,359,457,161,393,408,161,14,418,472,94,10.6,57,8.31,19.6
2003,6,25,14,35.1,967.7,24.1,0,2.5,7.6,242,NA,NA,584,363,281,156,282,433,160,14,423,468,94,11.6,58.1,8.88,19.9
2003,6,25,15,33.8,967.4,29.5,0,1.8,6.7,84,NA,NA,442,314,190,134,192,416,144,14,419,462,94,13.5,60,10.14,20.5
2003,6,25,16,33.9,966.9,29.4,0,1.6,5.5,103,NA,NA,414,193,422,103,118,593,133,14,420,460,94,13.6,60.2,10.17,20.5
2003,6,25,17,32.8,967.1,30.7,0,2.1,4.1,79,NA,NA,197,150,128,70,74,283,119,14,413,443,94,13.3,58.6,9.98,20.1
2003,6,25,18,31,967.1,38.5,0,2.2,4.1,53,NA,4,60,60,0,28,28,34,31,14,409,429,94,15.2,60.2,11.32,20.5
2003,6,25,19,29.6,967.3,42.6,0,1.8,3.3,47,NA,NA,38,38,0,15,15,53,40,14,399,416,94,15.6,59.3,11.57,20.3
2003,6,25,20,27.6,968.1,48.1,0,1.3,3.5,39,NA,NA,0,0,0,0,0,0,0,14,399,404,94,15.6,57.4,11.62,19.7
2003,6,25,21,26.4,968.2,54.1,0,0.5,1.6,346,NA,NA,0,0,0,0,0,0,0,14,392,399,94,16.4,57.6,12.19,19.8
2003,6,25,22,25.7,967.7,57.1,0,1.2,2.8,27,NA,NA,0,0,0,0,0,0,0,14,391,396,94,16.6,57.3,12.36,19.7
2003,6,25,23,24.9,967.4,57.9,0,0.7,2,81,NA,NA,0,0,0,0,0,0,0,14,365,378,94,16,55.5,11.94,19.1
2003,6,26,0,23.3,968.1,65,0,0.6,3.3,307,NA,NA,0,0,0,0,0,0,0,14,365,376,94,16.4,54.4,12.18,18.8
2003,6,26,1,22.6,967.7,75.7,0.3,1,4.9,236,NA,NA,0,0,0,0,0,0,0,14,362,380,94,18.1,57.4,13.63,19.6
2003,6,26,2,21.5,968.8,82.8,1.1,2.6,12.1,259,NA,NA,0,0,0,0,0,0,0,14,379,385,94,18.5,57,13.93,19.5
2003,6,26,3,20.9,970.8,87,1.6,2,5.7,315,NA,NA,0,0,0,0,0,0,0,14,377,383,94,18.7,56.8,14.08,19.4
2003,6,26,4,20.4,970.4,88.9,2.9,2.4,5.6,93,NA,NA,1,0,0,0,0,0,0,14,373,380,94,18.5,55.9,13.96,19.1
2003,6,26,5,20,970,90.9,3.6,2.8,6.5,31,NA,NA,5,5,0,1,3,3,2,14,381,388,96,18.5,55.5,13.93,19
2003,6,26,6,20.3,970,91,0,2.5,6.4,41,NA,7,79,79,0,40,38,37,38,14,383,391,96,18.8,56.5,14.21,19.3
2003,6,26,7,21.7,968.9,79.3,0,2.1,4.5,32,NA,NA,369,229,261,483,126,106,133,14,391,408,96,18,56.1,13.5,19.2
2003,6,26,8,22.8,968.3,69.9,0,0.8,3.1,37,NA,NA,545,266,412,565,220,130,140,14,388,423,96,17,55.3,12.71,19
2003,6,26,9,24.7,967.8,60.9,0,1.2,5.9,122,NA,NA,714,227,614,564,333,130,133,14,398,436,96,16.7,56.5,12.42,19.4
2003,6,26,10,26.1,967.7,55.4,0,2.4,5.1,126,NA,NA,825,245,663,428,425,139,138,14,404,444,96,16.5,57.5,12.27,19.7
2003,6,26,11,27.3,967.2,51.8,0,1.9,5.1,93,NA,NA,878,225,712,243,472,145,135,14,394,445,96,16.5,58.9,12.32,20.1
2003,6,26,12,28.2,966.7,47.5,0,1.9,4.7,96,NA,4,891,197,758,137,476,253,130,14,400,453,96,16,58.8,11.91,20.1
2003,6,26,13,29.4,965.8,41.6,0,2.3,4.9,98,NA,NA,829,209,712,131,423,442,132,14,402,455,96,15,58.1,11.18,19.9
2003,6,26,14,30.5,965.9,42.1,0,2.2,5,109,NA,NA,755,212,690,130,345,611,133,14,412,460,96,16.2,61.5,12.06,20.9
2003,6,26,15,30.3,965.4,42.9,0,2.9,5.6,121,NA,NA,466,310,232,135,198,445,145,14,408,448,96,16.3,61.6,12.16,20.9
2003,6,26,16,30.7,965.4,42.9,0,2.8,7.3,332,NA,NA,352,241,211,108,124,430,134,14,409,446,96,16.7,62.7,12.45,21.2
2003,6,26,17,29.1,965.1,48.2,0,3.1,7.1,328,NA,NA,200,146,147,70,73,295,121,14,401,427,94,17,61.9,12.77,20.9
2003,6,26,18,28.3,965.4,48,0,2.3,4.6,323,NA,6,139,90,248,48,48,357,173,14,395,421,94,16.2,59.4,12.12,20.2
2003,6,26,19,26.9,965.5,51.7,0,1.6,3.5,348,NA,NA,32,32,0,13,13,36,28,14,387,403,94,16.1,57.7,12.03,19.7
2003,6,26,20,25.7,966,54.8,0,0.9,2.6,45,NA,NA,0,0,0,0,0,0,0,14,382,388,94,15.9,56.1,11.87,19.3
2003,6,26,21,24.8,966.6,53.4,0,0.9,2.9,45,NA,NA,0,0,0,0,0,0,0,14,374,380,94,14.7,52.8,10.94,18.3
2003,6,26,22,23.9,966.9,61.2,0,1.8,3.7,80,NA,NA,0,0,0,0,0,0,0,14,372,379,94,16,54.3,11.9,18.7
2003,6,26,23,22.2,966.8,67.2,0,1.2,2.4,38,NA,NA,0,0,0,0,0,0,0,14,371,373,94,15.8,52.3,11.78,18
2003,6,27,0,21.3,966.6,67.8,0,0.8,2.3,45,NA,NA,0,0,0,0,0,0,0,14,365,367,94,15.1,50,11.25,17.3
2003,6,27,1,20.1,966.7,74.1,0,0.6,2,45,NA,NA,0,0,0,0,0,0,0,14,357,361,94,15.3,49.2,11.42,17
2003,6,27,2,19.4,966.7,76.1,0,1,1.9,259,NA,NA,0,0,0,0,0,0,0,14,342,352,94,15.1,48,11.22,16.7
2003,6,27,3,18.5,966.9,78.5,0,0.7,1.7,270,NA,NA,1,0,0,0,0,0,0,14,338,349,94,14.7,46.3,10.94,16.1
2003,6,27,4,18.2,967,78.1,0,0.5,1.3,270,NA,NA,23,19,78,99,11,11,65,14,337,351,94,14.3,45.4,10.67,15.8
2003,6,27,5,19.5,967,75.9,0,0.4,1.1,315,NA,NA,121,67,258,346,41,40,160,14,356,377,94,15.1,48.2,11.26,16.7
2003,6,27,6,21.9,967.4,69.3,0,0.9,2.7,104,NA,2,278,107,457,589,73,69,177,14,368,401,94,16,52.3,11.93,18.1
2003,6,27,7,23.3,967.2,62.3,0,1.3,3.3,100,NA,NA,455,122,625,715,103,92,114,14,372,415,94,15.7,53.1,11.67,18.4
2003,6,27,8,24.5,967,58.7,0,0.7,3.1,68,NA,NA,614,142,698,696,219,104,110,14,383,430,94,15.9,54.8,11.82,18.9
2003,6,27,9,26.8,966.6,46.8,0,1.4,4.5,280,NA,NA,727,224,635,576,338,131,134,14,388,440,94,14.5,54.5,10.79,18.8
2003,6,27,10,28.1,966.4,34.7,0,2.1,7.5,252,NA,NA,860,195,761,443,439,131,130,14,385,444,94,11.1,50.2,8.61,17.5
2003,6,27,11,29.2,966.2,29.6,0,2.7,7,249,NA,NA,918,172,814,240,488,134,126,14,384,444,94,9.7,49.3,7.82,17.3
2003,6,27,12,29.3,966.1,28,0,2.5,8.5,280,NA,3,893,229,726,146,479,259,137,14,383,446,94,8.9,48.5,7.43,16.9
2003,6,27,13,29.7,965.8,29.3,0,2.9,7.9,268,NA,NA,813,272,621,142,418,434,143,14,395,450,94,9.9,50.2,7.97,17.5
2003,6,27,14,30.1,965.5,28.1,0,2.9,8,293,NA,NA,751,170,739,119,339,611,122,14,393,452,94,9.7,50.3,7.82,17.5
2003,6,27,15,29.8,964.9,26.8,0,2.8,6.7,322,NA,NA,629,135,737,106,219,725,112,14,387,444,94,8.7,48.7,7.33,17
2003,6,27,16,29.3,965.2,28.5,0,3.5,7.9,330,NA,NA,451,119,633,90,101,723,119,14,387,434,94,9.2,48.8,7.57,17.1
2003,6,27,17,28.2,965.6,32.9,0,3.9,7.2,342,NA,NA,302,74,624,63,66,704,201,14,381,421,94,10.4,49.3,8.21,17.2
2003,6,27,18,26.6,966,37.8,0,3.3,7.1,337,NA,2,136,53,415,40,40,474,214,14,373,404,94,11,48.7,8.59,17
2003,6,27,19,24.7,966.5,42.8,0,2,5.5,342,NA,NA,14,14,0,7,7,7,7,14,365,385,94,11.2,47,8.69,16.4
2003,6,27,20,23.6,967.4,46.7,0,1.2,3.9,315,NA,NA,0,0,0,0,0,0,0,14,365,376,94,11.5,46.3,8.87,16.2
2003,6,27,21,22.7,967.4,53.5,0,2.9,6.5,23,NA,NA,0,0,0,0,0,0,0,14,362,375,94,12.8,47.3,9.63,16.5
2003,6,27,22,21.5,967.6,58.7,0,0.7,4,34,NA,NA,0,0,0,0,0,0,0,14,353,359,94,13.1,46.6,9.82,16.3
2003,6,27,23,19.9,967.5,65.7,0,0.7,2.3,45,NA,NA,0,0,0,0,0,0,0,14,343,352,94,13.3,45.3,9.97,15.8
2003,6,28,0,19.4,967.4,67.6,0,0.5,1.8,315,NA,NA,0,0,0,0,0,0,0,14,336,347,94,13.3,44.7,9.94,15.6
2003,6,28,1,18.8,967.2,69.9,0,0.5,1.3,243,NA,NA,0,0,0,0,0,0,0,14,331,344,94,13.2,44,9.91,15.4
2003,6,28,2,17.4,967.3,75.4,0,0.5,2.2,326,NA,NA,0,0,0,0,0,0,0,14,331,343,94,13,42.3,9.78,14.7
2003,6,28,3,17.5,967.1,75,0,0.9,2.1,270,NA,NA,0,0,0,0,0,0,0,14,339,351,94,13,42.4,9.79,14.8
2003,6,28,4,17.8,967,73.6,0,0.7,1.6,261,NA,NA,17,17,0,9,8,8,9,14,338,350,94,13,42.7,9.8,14.9
2003,6,28,5,18.2,967.1,73.8,0,0.7,1.5,270,NA,NA,72,72,4,54,33,32,41,14,344,360,94,13.5,43.8,10.08,15.3
2003,6,28,6,19.6,967.3,69,0,1.6,3.5,270,NA,3,186,151,93,254,74,69,110,14,353,378,94,13.8,45.8,10.28,16
2003,6,28,7,21.5,967.3,62.4,0,0.7,2,225,NA,NA,412,203,393,575,121,105,130,14,361,402,94,14,48.2,10.46,16.8
2003,6,28,8,23,966.6,55.6,0,1.5,4.6,108,NA,NA,618,163,673,697,225,111,118,14,385,421,94,13.6,49.1,10.21,17.1
2003,6,28,9,24.2,966.2,52.3,0,2.6,6.1,111,NA,NA,764,149,776,606,344,117,118,14,391,424,94,13.8,50.6,10.33,17.6
2003,6,28,10,24.7,966.1,47.8,0,2.4,5.5,107,NA,NA,847,266,665,440,436,144,144,14,391,428,94,12.9,49.6,9.72,17.3
2003,6,28,11,25.7,965.6,43.6,0,2.9,5.3,102,NA,NA,673,418,279,244,371,184,171,14,391,424,94,12.4,49.8,9.41,17.4
2003,6,28,12,26.1,965.3,42.7,0,2.3,5,111,NA,7,521,406,126,180,284,214,170,14,396,425,94,12.4,50.3,9.44,17.5
2003,6,28,13,26.3,964.7,42.3,0,1.9,5.1,93,NA,NA,619,430,217,180,320,325,180,14,395,429,94,12.5,50.6,9.47,17.6
2003,6,28,14,27.4,964,38.8,0,1.8,5.7,126,NA,NA,576,360,275,155,279,427,158,14,386,427,94,12.1,51.2,9.27,17.8
2003,6,28,15,28,963.8,33.8,0,1.8,5.4,198,NA,NA,557,248,462,128,218,594,137,14,384,427,94,10.6,49.5,8.35,17.3
2003,6,28,16,27.6,963.3,35.7,0,1.5,4.6,274,NA,NA,306,232,140,103,118,356,125,14,383,418,94,11.1,49.8,8.63,17.4
2003,6,28,17,26.9,963.2,43.1,0,2.3,4.1,306,NA,NA,204,153,141,72,75,298,123,14,383,414,94,13.3,52.6,10.02,18.2
2003,6,28,18,26.3,963.4,44.2,0,1.4,3.4,311,NA,4,111,71,198,41,41,293,142,14,376,402,94,13.2,51.7,9.92,18
2003,6,28,19,24.6,963.5,49.8,0,1.4,2.3,39,NA,NA,18,18,0,8,8,11,10,14,369,383,94,13.4,50.5,10.1,17.5
2003,6,28,20,22.4,963.8,58.1,0,0.5,1.7,333,NA,NA,1,0,0,0,0,0,0,14,351,363,94,13.8,48.8,10.32,17
2003,6,28,21,20.6,964.1,66.2,0,0.6,1.5,360,NA,NA,1,0,0,0,0,0,0,14,345,358,94,14.1,47.5,10.53,16.5
2003,6,28,22,19.5,964.5,69.7,0,0.8,1.6,263,NA,NA,0,0,0,0,0,0,0,14,337,351,94,13.8,45.9,10.35,16
2003,6,28,23,18.6,964.3,72.5,0,0.5,1.3,270,NA,NA,1,0,0,0,0,0,0,14,333,347,94,13.6,44.5,10.18,15.5
2003,6,29,0,17.8,963.9,75.5,0,0.4,1.4,270,NA,NA,0,0,0,0,0,0,0,14,331,345,94,13.4,43.5,10.09,15.1
2003,6,29,1,17.4,963.7,78.2,0,0.7,1.6,270,NA,NA,1,0,0,0,0,0,0,14,332,346,94,13.6,43.3,10.19,15.1
2003,6,29,2,16.8,963.6,83.2,0,0.3,1,360,NA,NA,1,0,0,0,0,0,0,14,334,345,94,13.9,43.3,10.44,15
2003,6,29,3,16.5,963.4,83.9,0,0.1,1,270,NA,NA,0,0,0,0,0,0,0,14,330,342,94,13.8,42.7,10.33,14.8
2003,6,29,4,16.5,963.4,83.3,0,0.5,1.3,284,NA,NA,26,23,56,85,13,13,57,14,333,348,94,13.7,42.6,10.26,14.8
2003,6,29,5,17.9,963.5,78.3,0,0.5,1.6,37,NA,NA,97,77,94,193,40,39,99,14,346,365,94,14.1,44.7,10.54,15.5
2003,6,29,6,19.7,963.2,71.8,0,0.8,2.1,67,NA,5,224,155,186,371,80,75,139,14,353,381,94,14.5,47.3,10.82,16.4
2003,6,29,7,21.4,963.7,62.7,0,0.5,2.1,79,NA,NA,361,229,249,448,122,105,128,14,361,395,94,14,48.2,10.48,16.7
2003,6,29,8,23.5,963.1,53,0,1.1,3.6,63,NA,NA,584,216,546,643,226,121,130,14,369,411,94,13.4,49.3,10.07,17.1
2003,6,29,9,24.9,962.7,49.7,0,1.6,4.6,77,NA,NA,703,326,477,539,334,152,157,14,378,422,94,13.7,51.2,10.27,17.8
2003,6,29,10,27.6,962.6,38.4,0,1.2,4.8,202,NA,NA,787,331,522,415,411,159,159,14,383,430,94,12.2,51.5,9.3,17.9
2003,6,29,11,29.7,961.8,30.8,0,3.2,8.7,251,NA,NA,860,295,617,260,468,167,156,14,400,443,94,10.7,51.4,8.42,17.9
2003,6,29,12,31.3,961.3,26.3,0,4.4,9,255,NA,6,895,225,732,145,482,257,136,14,398,446,94,9.7,51.6,7.87,17.9
2003,6,29,13,32.4,960.5,21.6,0,4.7,10.6,255,NA,NA,843,205,732,131,432,447,132,14,401,449,94,7.7,50.2,6.88,17.4
2003,6,29,14,32.8,960.3,20.3,0,5.9,14.1,248,NA,NA,745,198,695,126,342,603,129,14,398,449,94,7.1,49.9,6.61,17.3
2003,6,29,15,32.7,959.7,21.6,0,4.8,9.7,237,NA,NA,594,182,615,114,220,673,122,14,402,449,94,7.9,50.8,7,17.6
2003,6,29,16,32.9,959.4,21.4,0,4.4,8.6,229,NA,NA,448,128,608,89,101,711,117,14,402,445,94,8,51.1,7.02,17.7
2003,6,29,17,32.6,959,20.6,0,4.4,8.3,245,NA,NA,271,115,426,71,75,568,178,14,397,437,94,7.2,49.8,6.64,17.3
2003,6,29,18,31.3,959.3,23.6,0,3,6.4,244,NA,1,115,66,243,40,40,329,155,14,389,423,94,8.1,49.6,7.07,17.2
2003,6,29,19,28.1,959.6,33,0,1,2.4,276,NA,NA,16,16,0,8,7,9,8,14,379,395,94,10.3,49.3,8.24,17.2
2003,6,29,20,25.5,960.1,39.8,0,0.8,2.1,326,NA,NA,0,0,0,0,0,0,0,14,365,377,94,10.8,47.4,8.53,16.5
2003,6,29,21,23.7,960.4,45.9,0,0.4,1.8,27,NA,NA,0,0,0,0,0,0,0,14,364,373,94,11.4,46.3,8.83,16.2
2003,6,29,22,22.7,960.8,51.6,0,0.6,2,34,NA,NA,0,0,0,0,0,0,0,14,356,369,94,12.2,46.6,9.35,16.2
2003,6,29,23,21.8,960.6,56.9,0,0.2,0.9,360,NA,NA,0,0,0,0,0,0,0,14,349,363,94,12.9,46.8,9.77,16.3
2003,6,30,0,21.1,960.6,66,0,0.6,1.8,45,NA,NA,0,0,0,0,0,0,0,14,354,364,94,14.5,48.8,10.88,16.9
2003,6,30,1,20.6,959.8,74.8,0,0.2,1,360,NA,NA,0,0,0,0,0,0,0,14,348,360,94,16,51.1,11.98,17.6
2003,6,30,2,19.8,959.9,78.3,0,0.2,1.2,27,NA,NA,0,0,0,0,0,0,0,14,352,360,94,15.9,50.2,11.94,17.3
2003,6,30,3,19.4,960,81.2,0,0.3,1.2,360,NA,NA,2,0,0,0,0,0,0,14,352,359,94,16.1,50.1,12.08,17.3
2003,6,30,4,19.7,959.7,81.3,0,0.3,1.7,45,NA,NA,27,24,74,101,13,13,67,14,361,368,94,16.4,51.1,12.33,17.6
2003,6,30,5,21.9,959.7,74.7,0,2.9,4.7,254,NA,NA,114,65,238,326,39,39,151,14,363,384,94,17.2,55,12.98,18.8
2003,6,30,6,22.8,959.4,68.7,0,2.7,5.1,262,NA,3,220,150,191,370,79,73,137,14,366,394,94,16.7,55,12.61,18.8
2003,6,30,7,24.7,959.3,58.6,0,4,6.3,251,NA,NA,403,207,370,560,122,105,130,14,376,408,94,16,55.5,12.05,19
2003,6,30,8,25.9,959,51.7,0,4.1,6.7,247,NA,NA,493,301,284,476,207,134,145,14,378,413,94,15.2,55.1,11.41,18.9
2003,6,30,9,28.2,958.7,42.6,0,3.8,8.6,250,NA,NA,722,247,601,572,339,135,138,14,387,431,94,14.3,55.8,10.75,19.2
2003,6,30,10,30.5,958.5,32.9,0,5.5,10.7,255,NA,NA,797,316,550,421,416,157,157,14,393,440,94,12.4,54.9,9.46,18.9
2003,6,30,11,32.8,958.2,26.7,0,7.9,13.7,256,NA,NA,874,271,659,253,473,154,143,14,414,454,94,11.2,55.4,8.74,19.1
2003,6,30,12,32.8,957.7,25.5,0,9,14.6,248,NA,3,888,240,709,148,480,258,138,14,410,454,94,10.5,54.4,8.35,18.7
2003,6,30,13,33.8,957.1,23.5,0,8.1,13.9,251,NA,NA,810,275,614,151,420,432,151,14,411,456,94,10.1,54.9,8.14,18.9
2003,6,30,14,33.6,956.7,25.6,0,9.2,16.5,251,NA,NA,732,209,665,128,339,592,131,14,418,458,94,11.2,56.3,8.78,19.3
2003,6,30,15,32.9,956.6,28.6,0,9.2,14.6,257,NA,NA,584,237,519,128,225,629,136,14,407,447,94,12.3,57.3,9.44,19.6
2003,6,30,16,31.3,956.8,34.1,0,9.7,15.3,257,NA,NA,259,223,67,98,108,249,112,14,406,439,94,13.4,57.6,10.19,19.7
2003,6,30,17,30.1,957,38.7,0,7.9,13.5,265,NA,NA,255,132,336,74,79,502,167,14,401,430,94,14.3,57.8,10.78,19.7
2003,6,30,18,28.9,957.4,41.9,0,6.9,10.7,261,NA,3,110,66,219,39,39,307,146,14,395,422,94,14.5,56.9,10.9,19.5
2003,6,30,19,27.8,957.8,44.9,0,6.4,10.7,261,NA,NA,18,18,0,8,8,11,10,14,390,414,94,14.7,56.2,11.04,19.2
2003,6,30,20,26.6,958.8,49.1,0,4.2,9,238,NA,NA,0,0,0,0,0,0,0,14,384,407,94,14.8,55.1,11.1,18.9
2003,6,30,21,25.2,960.4,54.4,0,4.6,10.7,238,NA,NA,2,0,0,0,0,0,0,14,377,397,94,14.9,53.9,11.2,18.5
2003,6,30,22,23.9,961.9,59.8,0,7,12.1,248,NA,NA,0,0,0,0,0,0,0,14,370,388,94,15.1,52.7,11.28,18.2
2003,6,30,23,22.4,964,66,0,2.8,6.3,237,NA,NA,1,0,0,0,0,0,0,14,361,379,94,15.2,51.3,11.33,17.7
1994,7,1,0,21,966,72.1,0,0.3,1.2,284,NA,NA,0,0,0,0,0,0,0,14,354,370,94,15.3,50,11.37,17.3
1994,7,1,1,19.8,968,77.6,0,0.2,2.3,284,NA,NA,0,0,0,0,0,0,0,14,348,363,94,15.4,48.9,11.43,17
1994,7,1,2,19.1,969.2,81,0,0.3,1.3,329,NA,NA,1,0,0,0,0,0,0,14,345,359,94,15.5,48.4,11.52,16.8
1994,7,1,3,18.7,970.5,82.8,0,0,0.6,0,NA,NA,1,0,0,0,0,0,0,14,344,359,94,15.7,48.3,11.62,16.8
1994,7,1,4,18.6,971.1,83.7,0,0.2,1.1,239,NA,NA,23,19,75,97,11,11,64,14,344,360,94,15.7,48.2,11.64,16.7
1994,7,1,5,19.6,971.1,80.4,0,0.3,1,347,NA,NA,114,67,233,323,40,40,150,14,351,370,94,16,49.8,11.89,17.3
1994,7,1,6,20.8,971,76.4,0,0.2,1.2,59,NA,0,254,122,357,514,76,71,164,14,359,381,94,16.4,51.9,12.2,17.9
1994,7,1,7,22.6,970.8,71,0,0.7,2.6,86,NA,NA,412,148,499,633,106,92,116,14,370,397,94,17,55.1,12.7,18.9
1994,7,1,8,24.4,970.7,66,0,1.5,3.9,84,NA,NA,568,180,576,639,217,112,119,14,384,415,94,17.6,58.1,13.19,19.8
1994,7,1,9,25.5,970.3,63.3,0,1.6,4.3,56,NA,NA,716,208,643,573,335,127,129,14,392,425,94,18,60.1,13.52,20.4
1994,7,1,10,27,969.9,58.4,0,1.3,3.9,80,NA,NA,821,205,706,430,425,130,130,14,400,434,94,18.1,62,13.64,20.9
1994,7,1,11,28.4,969.4,53.5,0,1.9,4.8,87,NA,NA,878,202,739,242,475,139,130,14,406,443,94,18,63.2,13.57,21.3
1994,7,1,12,29.6,968.8,48.7,0,2.3,4.5,114,NA,1,876,210,728,140,474,249,132,14,412,450,94,17.7,63.6,13.24,21.5
1994,7,1,13,30.6,968.3,43,0,1.9,3.8,92,NA,NA,810,237,657,136,420,431,136,14,412,451,94,16.6,62.4,12.37,21.1
1994,7,1,14,31.2,967.8,38.9,0,2.3,4.1,66,NA,NA,718,209,648,127,335,581,130,14,419,454,94,15.6,61,11.57,20.8
1994,7,1,15,31,967.4,42.2,0,3,4.9,69,NA,NA,546,207,507,117,214,609,125,14,414,445,94,16.7,63,12.43,21.3
1994,7,1,16,30.2,966.9,46.6,0,2.6,4.5,73,NA,NA,407,174,444,99,115,613,126,14,409,439,94,17.5,64,13.13,21.5
1994,7,1,17,29.2,966.5,44.4,0,2.7,4.4,73,NA,NA,253,119,368,71,75,518,166,14,398,424,94,15.8,59.5,11.8,20.3
1994,7,1,18,28.1,966.9,45.5,0,1.4,3.2,56,NA,1,107,73,168,41,41,268,131,14,393,412,94,15.2,57.2,11.33,19.6
1994,7,1,19,26.1,966.8,54.5,0,0.6,1.7,93,NA,NA,14,14,0,6,6,6,6,14,382,391,94,16.2,57.1,12.08,19.5
1994,7,1,20,23.6,967.6,65.5,0,0.7,1.8,318,NA,NA,1,0,0,0,0,0,0,14,368,377,94,16.8,55.6,12.51,19.1
1994,7,1,21,22.6,968.1,70,0,0.7,2.4,228,NA,NA,0,0,0,0,0,0,0,14,358,370,94,16.9,54.7,12.58,18.8
1994,7,1,22,20.9,969,76.8,0,0.4,1.9,329,NA,NA,0,0,0,0,0,0,0,14,354,365,94,16.7,52.6,12.42,18.1
1994,7,1,23,21.9,969.7,70.6,0,1.5,4.3,262,NA,NA,0,0,0,0,0,0,0,14,399,399,94,16.3,52.8,12.13,18.2
1994,7,2,0,23.1,968.7,62.7,0,2,8,76,NA,NA,1,0,0,0,0,0,0,14,414,414,94,15.6,52.7,11.59,18.2
1994,7,2,1,22.1,968.5,65.7,0,2.3,5,107,NA,NA,0,0,0,0,0,0,0,14,395,395,94,15.4,51.3,11.42,17.8
1994,7,2,2,20.6,968,74.9,0,1.4,3.6,27,NA,NA,0,0,0,0,0,0,0,14,347,366,94,16,50.9,11.9,17.6
1994,7,2,3,19.8,967.8,77.5,0,1.2,2.6,70,NA,NA,0,0,0,0,0,0,0,14,345,361,94,15.8,49.6,11.71,17.2
1994,7,2,4,19,967.7,81.3,0,0.4,2.1,14,NA,NA,22,19,62,85,11,11,56,14,343,358,94,15.7,48.8,11.69,16.9
1994,7,2,5,20.2,968.2,76,0,0.6,2.3,262,NA,NA,108,75,163,254,40,39,123,14,352,372,94,15.8,50.2,11.77,17.4
1994,7,2,6,22.3,968.3,67.2,0,0.9,2.3,64,NA,2,248,125,332,494,77,72,161,14,363,389,94,15.9,52.5,11.84,18.1
1994,7,2,7,23.8,968.3,61.1,0,0.6,2.5,284,NA,NA,404,180,424,600,117,100,126,14,370,403,94,15.9,53.9,11.79,18.6
1994,7,2,8,25.7,968,56.8,0,0.8,3,59,NA,NA,557,194,539,623,217,114,123,14,392,421,94,16.5,57.2,12.29,19.6
1994,7,2,9,27.3,967.6,52,0,0.7,3.1,257,NA,NA,691,226,590,553,327,129,132,14,400,429,94,16.6,59,12.37,20.2
1994,7,2,10,28.4,967.3,50.2,0,2,4.2,104,NA,NA,802,267,614,423,418,141,141,14,403,440,94,17,61.1,12.74,20.7
1994,7,2,11,30.2,966.9,44.4,0,1.5,4.3,120,NA,NA,855,258,653,249,466,150,139,14,415,451,94,16.7,62.3,12.5,21.1
1994,7,2,12,31.4,966.5,42,0,1.2,3.7,138,NA,1,860,253,665,149,468,253,139,14,414,457,94,16.9,64,12.67,21.5
1994,7,2,13,33.2,966.2,29,0,2.5,6.4,244,NA,NA,818,258,643,140,425,435,141,14,418,457,94,12.8,58.1,9.64,19.9
1994,7,2,14,33.8,966,30.2,0,3.3,7.6,229,NA,NA,685,281,514,144,326,537,147,14,424,458,94,13.9,60.7,10.4,20.7
1994,7,2,15,33.1,966,35.2,0,4.9,8.8,241,NA,NA,486,300,279,134,205,471,144,14,422,448,94,15.7,63.2,11.68,21.4
1994,7,2,16,32.7,966.1,34.3,0,5.1,8.7,237,NA,NA,394,186,397,100,114,563,124,14,416,443,94,14.9,61.4,11.12,20.9
1994,7,2,17,31.7,966.2,36.9,0,4.1,7.3,234,NA,NA,220,146,203,73,77,374,138,14,412,432,94,15.2,60.8,11.3,20.7
1994,7,2,18,29.6,966.6,47.4,0,2,5.8,284,NA,3,92,74,91,38,38,184,96,14,402,419,94,17.2,62.8,12.91,21.2
1994,7,2,19,27.4,967,55.7,0,1.2,3.5,36,NA,NA,17,17,0,8,8,9,9,14,389,399,94,17.8,61.6,13.35,20.9
1994,7,2,20,25.1,967.4,65.8,0,0.1,1.1,284,NA,NA,0,0,0,0,0,0,0,14,383,386,94,18.3,60.3,13.77,20.5
1994,7,2,21,23.6,967.6,71.3,0,0.3,1.5,194,NA,NA,0,0,0,0,0,0,0,14,372,377,94,18.1,58.4,13.64,19.9
1994,7,2,22,22.1,967.9,77.9,0,0.3,1.3,14,NA,NA,0,0,0,0,0,0,0,14,368,373,94,18.1,56.8,13.6,19.4
1994,7,2,23,21.2,968.1,81.7,0,0.1,0.9,0,NA,NA,0,0,0,0,0,0,0,14,359,367,94,17.9,55.6,13.5,19
1994,7,3,0,20.5,968.2,82.8,0,0.1,0.9,0,NA,NA,0,0,0,0,0,0,0,14,354,364,94,17.5,53.9,13.09,18.5
1994,7,3,1,19.8,968.3,83,0,0.2,1,14,NA,NA,0,0,0,0,0,0,0,14,347,360,94,16.8,51.8,12.56,17.8
1994,7,3,2,19.3,968.2,81.5,0,0.2,2,239,NA,NA,0,0,0,0,0,0,0,14,344,357,94,16.1,49.7,11.94,17.2
1994,7,3,3,18.6,968.4,83.6,0,0.3,1,14,NA,NA,1,0,0,0,0,0,0,14,342,354,94,15.8,48.4,11.72,16.8
1994,7,3,4,18.8,968.7,81.7,0,0.6,1.5,247,NA,NA,19,18,8,23,9,9,17,14,342,357,94,15.6,48.3,11.59,16.8
1994,7,3,5,20,969,77.6,0,0.3,0.9,284,NA,NA,107,72,172,273,41,41,131,14,353,370,94,16,50.2,11.86,17.4
1994,7,3,6,22.4,968.9,69.6,0,0.4,2,284,NA,0,258,116,386,535,75,70,167,14,368,391,94,16.6,53.9,12.34,18.6
1994,7,3,7,24.4,968.9,60.9,0,0.5,1.7,284,NA,NA,422,162,494,645,112,97,121,14,374,407,94,16.4,55.5,12.18,19.1
1994,7,3,8,26.4,968.7,55.6,0,1.1,2.8,59,NA,NA,566,189,562,637,219,114,122,14,383,419,94,16.8,58.5,12.53,20
1994,7,3,9,28.2,968.6,52.3,0,1,3.9,104,NA,NA,700,216,614,562,331,127,130,14,393,431,94,17.5,61.8,13.11,20.9
1994,7,3,10,28.9,968.5,49.4,0,2.4,4.7,116,NA,NA,798,251,629,422,418,138,138,14,395,438,94,17.2,62,12.89,21
1994,7,3,11,29.9,968,46.5,0,2.2,4.5,112,NA,NA,854,251,661,248,467,149,138,14,414,454,94,17.2,63,12.86,21.3
1994,7,3,12,31.2,967.5,44.7,0,2.6,5.2,111,NA,1,863,233,690,145,471,250,135,14,422,462,94,17.8,65.5,13.34,22
1994,7,3,13,32.3,967.1,40.4,0,2.2,4.6,101,NA,NA,807,256,633,139,421,429,139,14,424,465,94,17.1,65.3,12.82,21.9
1994,7,3,14,32.7,966.8,39.1,0,2,4.2,116,NA,NA,679,233,567,129,323,546,132,14,428,466,94,17,65.4,12.69,22
1994,7,3,15,32.4,966.5,42.8,0,1.8,3.5,131,NA,NA,572,179,589,112,218,650,119,14,424,457,94,18.1,67.7,13.69,22.5
1994,7,3,16,32.8,966.3,39.6,0,1.9,5.2,203,NA,NA,424,154,515,95,109,656,120,14,423,453,94,17.3,66.1,12.94,22.2
1994,7,3,17,31.6,966.3,44.5,0,1.3,3,146,NA,NA,252,120,361,71,75,513,164,14,418,441,94,18,66.6,13.6,22.2
1994,7,3,18,29.2,966.7,56,0,1,2.5,128,NA,2,97,71,135,38,38,220,110,14,406,421,94,19.5,67.6,14.95,22.4
1994,7,3,19,27.6,967.2,59.6,0,0.4,1.4,70,NA,NA,9,9,0,5,5,3,3,14,398,403,94,19,64.7,14.48,21.7
1994,7,3,20,26.3,967.9,63.1,0,0.4,1.6,329,NA,NA,0,0,0,0,0,0,0,14,379,389,94,18.7,62.6,14.18,21.1
1994,7,3,21,24.9,968.2,66,0,0.5,1.5,257,NA,NA,0,0,0,0,0,0,0,14,374,384,94,18.1,59.8,13.64,20.3
1994,7,3,22,23.4,968.7,70.5,0,0.4,1.5,221,NA,NA,0,0,0,0,0,0,0,14,365,377,94,17.7,57.4,13.3,19.6
1994,7,3,23,23,968.9,70.1,0,0.3,2.2,257,NA,NA,0,0,0,0,0,0,0,14,367,375,94,17.3,55.9,12.9,19.2
1994,7,4,0,22.5,969,69.5,0,0.9,2.5,273,NA,NA,0,0,0,0,0,0,0,14,356,368,94,16.6,54.1,12.4,18.6
1994,7,4,1,20.7,968.6,77.2,0,0.6,2.2,14,NA,NA,0,0,0,0,0,0,0,14,352,363,94,16.6,52.1,12.34,18
1994,7,4,2,20,968.5,78.7,0,0.5,2.3,70,NA,NA,0,0,0,0,0,0,0,14,345,357,94,16.2,50.7,12.04,17.5
1994,7,4,3,19.6,968.6,74.9,0,0.5,1.9,59,NA,NA,0,0,0,0,0,0,0,14,342,354,94,15,48,11.16,16.7
1994,7,4,4,19.4,968.8,75.3,0,0.6,1.4,270,NA,NA,21,19,39,61,10,10,41,14,342,356,94,14.9,47.6,11.08,16.5
1994,7,4,5,20.9,969.1,67.7,0,0.5,2.2,270,NA,NA,109,73,179,280,42,41,134,14,372,381,94,14.7,48.8,10.92,17
1994,7,4,6,23.8,969,58.6,0,0.3,1.6,329,NA,2,247,123,337,498,76,71,160,14,383,401,94,15.2,52.7,11.29,18.2
1994,7,4,7,25.7,969,54.5,0,0.9,2.2,97,NA,NA,403,178,428,603,116,99,124,14,396,420,94,15.8,55.8,11.77,19.2
1994,7,4,8,27.3,969,51.3,0,1,3.1,77,NA,NA,553,205,518,617,218,117,125,14,401,430,94,16.4,58.5,12.18,20
1994,7,4,9,28.4,968.9,50.4,0,1.8,4,101,NA,NA,668,244,538,527,319,134,138,14,400,435,94,17.1,61.2,12.77,20.8
1994,7,4,10,29.6,968.5,49.4,0,1.9,3.8,104,NA,NA,776,277,574,414,409,148,149,14,414,450,94,17.9,64.1,13.44,21.6
1994,7,4,11,31.6,968.1,40.8,0,2,6.8,221,NA,NA,839,251,643,246,460,148,137,14,424,460,94,16.7,63.6,12.43,21.5
1994,7,4,12,32.8,967.7,34.4,0,4.6,9,233,NA,2,850,390,504,184,466,274,169,14,423,456,94,15.1,61.7,11.19,21
1994,7,4,13,32.3,967.8,33.7,0,5.1,8.6,233,NA,NA,455,359,111,156,243,243,155,14,410,437,94,14.3,59.8,10.65,20.4
1994,7,4,14,30.9,967.8,35.6,0,5.3,8.9,238,NA,NA,142,142,0,68,69,69,67,14,412,428,94,13.9,57.7,10.39,19.8
1994,7,4,15,30.8,968,33.8,0,3.9,7.6,264,NA,NA,287,257,45,114,133,196,117,14,409,431,94,13,56,9.8,19.3
1994,7,4,16,29.4,968.5,34.8,0,2.1,8.3,275,NA,NA,95,95,0,46,46,46,46,14,403,418,94,12.3,53.3,9.3,18.5
1994,7,4,17,28.9,968.8,38.1,0,3.5,9,271,NA,NA,113,113,0,52,52,66,55,14,403,420,94,13.2,54.3,9.89,18.8
1994,7,4,18,27.6,968.8,43.9,0,1.6,3.7,174,NA,6,58,58,0,27,27,32,29,14,399,404,94,14.2,54.8,10.58,18.9
1994,7,4,19,26.5,969,46.3,0,1.6,6.7,255,NA,NA,12,12,0,6,6,5,5,14,391,397,94,14,53.3,10.46,18.5
1994,7,4,20,24.5,970.1,54.9,0,0.6,2.7,212,NA,NA,0,0,0,0,0,0,0,14,372,380,94,14.8,52.7,11.01,18.2
1994,7,4,21,23.2,970.9,62.8,0,0.6,1.9,122,NA,NA,0,0,0,0,0,0,0,14,372,380,94,15.7,53,11.65,18.3
1994,7,4,22,22.5,971.1,67.4,0,0.4,2.9,32,NA,NA,1,0,0,0,0,0,0,14,365,374,94,16.2,53.1,11.99,18.4
1994,7,4,23,21.7,971.2,74,0,0.3,1.8,14,NA,NA,0,0,0,0,0,0,0,14,374,381,94,16.9,53.7,12.55,18.5
1994,7,5,0,22.9,970.9,68.6,0,0.7,2.8,194,NA,NA,2,0,0,0,0,0,0,14,381,391,94,16.8,54.9,12.51,18.9
1994,7,5,1,22.9,970.9,66.4,0,0.6,3.2,45,NA,NA,0,0,0,0,0,0,0,14,378,390,94,16.3,53.8,12.1,18.6
1994,7,5,2,22.6,971,64.8,0,1.9,4.6,331,NA,NA,0,0,0,0,0,0,0,14,395,396,94,15.6,52.2,11.59,18.1
1994,7,5,3,22,971.3,64.1,0,1.7,3.7,18,NA,NA,0,0,0,0,0,0,0,14,397,397,94,14.9,50.2,11.04,17.5
1994,7,5,4,21.2,971.5,68.9,0,0.7,1.9,86,NA,NA,17,17,0,10,8,7,9,14,387,387,94,15.3,50,11.3,17.4
1994,7,5,5,21.2,971.6,71.3,0,2,4.6,57,NA,NA,84,69,76,146,34,34,77,14,365,378,94,15.8,51,11.7,17.7
1994,7,5,6,22.7,971.6,69.3,0,2.6,5.2,68,NA,4,252,120,362,518,75,70,163,14,374,395,94,16.8,54.6,12.48,18.8
1994,7,5,7,23.7,971.6,65.2,0,3.4,5.8,59,NA,NA,426,128,567,676,100,87,109,14,379,404,94,16.8,55.6,12.47,19.1
1994,7,5,8,24.6,971.5,61.6,0,2.7,6.2,94,NA,NA,585,187,595,662,225,115,122,14,389,417,94,16.7,56.4,12.44,19.4
1994,7,5,9,25.8,971.2,55.8,0,2.2,4.9,88,NA,NA,733,188,693,593,343,123,125,14,395,425,94,16.3,56.8,12.1,19.5
1994,7,5,10,26.2,970.7,51.3,0,2.1,5.2,96,NA,NA,830,220,702,439,435,134,134,14,398,433,94,15.4,55.4,11.38,19.1
1994,7,5,11,27.4,970.3,48,0,2.9,6.7,91,NA,NA,915,246,734,261,500,152,142,14,410,443,94,15.4,56.7,11.43,19.5
1994,7,5,12,27.7,969.9,47.8,0,3,6.4,81,NA,3,766,374,430,175,425,255,161,14,409,440,94,15.6,57.5,11.59,19.7
1994,7,5,13,27.2,969.6,48.2,0,3.3,6.5,66,NA,NA,593,350,280,156,319,320,155,14,406,431,94,15.3,56.3,11.35,19.4
1994,7,5,14,27,969.4,45.2,0,2.4,6,68,NA,NA,285,278,9,123,137,151,124,14,420,431,94,14.1,54,10.51,18.7
1994,7,5,15,27.4,969.4,40,0,2.5,6.9,342,NA,NA,226,221,7,100,106,127,101,14,420,428,94,12.6,51.8,9.51,18
1994,7,5,16,27.5,969.4,37.4,0,3.3,7.4,337,NA,NA,264,224,77,98,109,259,112,14,421,429,94,11.7,50.5,8.93,17.6
1994,7,5,17,27.2,969.5,38.7,0,3.6,6.4,349,NA,NA,215,146,188,72,77,361,134,14,415,423,94,11.9,50.5,9.08,17.6
1994,7,5,18,25.7,969.7,44.1,0,2.9,6,357,NA,6,110,64,232,39,39,317,147,14,410,413,94,12.6,50,9.48,17.5
1994,7,5,19,24.3,970.1,47.3,0,2.4,5.8,7,NA,NA,19,19,0,8,8,13,11,14,400,400,94,12.4,48.2,9.35,16.9
1994,7,5,20,22.3,970.7,54.7,0,1.6,5.6,74,NA,NA,0,0,0,0,0,0,0,14,365,374,94,12.7,46.8,9.58,16.4
1994,7,5,21,21.9,970.6,56.2,0,2.3,4.5,57,NA,NA,0,0,0,0,0,0,0,14,366,374,94,12.8,46.4,9.61,16.3
1994,7,5,22,20.4,970.5,63.6,0,0.8,4.1,65,NA,NA,0,0,0,0,0,0,0,14,357,360,94,13.3,45.7,9.92,16
1994,7,5,23,19,970.2,71.4,0,0.9,3.4,82,NA,NA,0,0,0,0,0,0,0,14,331,349,94,13.7,45,10.22,15.7
1994,7,6,0,18.2,970,72.8,0,0.4,1.2,239,NA,NA,0,0,0,0,0,0,0,14,333,345,94,13.2,43.4,9.91,15.1
1994,7,6,1,17.8,969.5,73.2,0,0.8,1.4,254,NA,NA,0,0,0,0,0,0,0,14,329,343,94,12.9,42.5,9.72,14.8
1994,7,6,2,16.9,969.2,75.5,0,0.5,1.2,262,NA,NA,0,0,0,0,0,0,0,14,333,344,94,12.5,41,9.47,14.3
1994,7,6,3,16.7,968.6,75.8,0,0.8,1.3,254,NA,NA,1,0,0,0,0,0,0,14,332,342,94,12.4,40.6,9.39,14.1
1994,7,6,4,16.1,968.6,78.3,0,0.6,1.2,262,NA,NA,21,19,38,60,10,10,40,14,329,341,94,12.3,39.8,9.33,13.8
1994,7,6,5,17,969,77.9,0,0.7,1.7,340,NA,NA,113,64,248,335,39,38,153,14,332,353,94,13.1,42,9.84,14.6
1994,7,6,6,19.4,969,74.1,0,0.7,1.8,86,NA,0,255,114,388,536,74,69,165,14,347,375,94,14.7,47.2,10.9,16.4
1994,7,6,7,21.4,968.6,65.5,0,0.6,2.3,329,NA,NA,426,147,533,667,108,93,116,14,355,390,94,14.7,49.2,10.9,17.1
1994,7,6,8,23.3,968.1,57,0,1.4,4.2,109,NA,NA,599,249,524,645,237,131,140,14,366,404,94,14.3,50.5,10.65,17.6
1994,7,6,9,23.5,968,54,0,1.5,3.6,88,NA,NA,442,351,115,301,221,147,151,14,366,402,94,13.7,49.6,10.21,17.3
1994,7,6,10,24.7,967.7,51.7,0,0.9,3.5,70,NA,NA,520,402,137,279,277,166,168,14,374,414,94,14.1,51.6,10.51,17.9
1994,7,6,11,25.3,967.1,50.5,0,1.4,5.5,111,NA,NA,723,470,277,265,402,195,181,14,379,420,94,14.3,52.6,10.65,18.2
1994,7,6,12,26.2,967,48.1,0,2.4,4.6,132,NA,6,490,417,81,183,258,205,175,14,382,418,94,14.4,53.6,10.7,18.6
1994,7,6,13,26.2,966.9,45.5,0,2.3,5.9,52,NA,NA,288,266,25,123,148,146,123,14,383,410,94,13.5,52.1,10.11,18.1
1994,7,6,14,26.4,967,45.1,0,3.6,8,339,NA,NA,525,305,279,141,260,390,144,14,407,428,94,13.5,52.4,10.14,18.2
1994,7,6,15,27.2,967.1,42.6,0,4.3,8.2,336,NA,NA,589,209,569,120,231,660,129,14,410,430,94,13.4,53,10.04,18.4
1994,7,6,16,25.9,967.5,43.6,0,4.4,10,319,NA,NA,405,198,397,103,120,576,126,14,399,418,94,12.6,50.3,9.51,17.5
1994,7,6,17,25.4,968,43.9,0,3,6.3,302,NA,NA,315,99,595,73,76,713,202,14,397,413,94,12.2,49.2,9.28,17.2
1994,7,6,18,24.1,968.3,46.8,0,2,5.8,296,NA,4,119,66,270,40,40,355,162,14,388,398,94,12,47.5,9.15,16.6
1994,7,6,19,22.1,969.5,51.5,0,2.7,7.3,321,NA,NA,12,12,0,6,6,5,6,14,382,387,94,11.6,44.9,8.91,15.7
1994,7,6,20,21.7,970.4,52.3,0,2,4.6,331,NA,NA,0,0,0,0,0,0,0,14,363,378,94,11.5,44.2,8.82,15.5
1994,7,6,21,21.7,970.5,53.7,0,2.5,6.2,323,NA,NA,1,0,0,0,0,0,0,14,363,379,94,11.9,44.8,9.06,15.7
1994,7,6,22,21.1,970.6,56.8,0,1.3,3.6,302,NA,NA,2,0,0,0,0,0,0,14,360,374,94,12.2,44.7,9.24,15.7
1994,7,6,23,20.7,970.6,57.1,0,1.5,4.9,323,NA,NA,1,0,0,0,0,0,0,14,364,375,94,11.9,43.8,9.06,15.4
1994,7,7,0,19.8,970.6,58.2,0,3.3,6.3,331,NA,NA,0,0,0,0,0,0,0,14,360,373,94,11.4,42.1,8.73,14.8
1994,7,7,1,19.3,970.5,59.9,0,2,5.2,300,NA,NA,1,0,0,0,0,0,0,14,359,371,94,11.3,41.5,8.71,14.5
1994,7,7,2,18.7,970.5,60.1,0,1.5,4.9,319,NA,NA,2,0,0,0,0,0,0,14,387,387,94,10.8,40.1,8.41,14
1994,7,7,3,18,970.6,60.2,0,2,5.8,319,NA,NA,0,0,0,0,0,0,0,14,383,383,94,10.2,38.5,8.06,13.5
1994,7,7,4,17.8,970.9,58.2,0,1.7,4.4,329,NA,NA,9,9,0,4,5,4,4,14,383,383,94,9.5,37.4,7.69,13
1994,7,7,5,17.8,971.2,59.4,0,2,4.6,324,NA,NA,19,19,0,6,9,9,8,14,383,383,94,9.8,37.8,7.85,13.2
1994,7,7,6,17.9,971.5,58.4,0,1.7,4.5,7,NA,7,47,47,0,19,23,22,22,14,383,383,94,9.6,37.7,7.76,13.1
1994,7,7,7,18.2,971.7,55.7,0,1.5,4,314,NA,NA,80,80,0,38,38,38,39,14,388,388,94,9.2,37.4,7.54,13
1994,7,7,8,18.7,972.1,53.8,0,1.5,3.7,329,NA,NA,179,178,3,97,85,80,83,14,388,390,94,9.2,37.8,7.51,13.2
1994,7,7,9,19,972.2,52.2,0,0.9,4.4,28,NA,NA,312,304,10,171,150,129,133,14,390,395,94,9,37.9,7.42,13.3
1994,7,7,10,19.4,972.2,52.3,0,2,5.5,39,NA,NA,264,262,2,131,130,115,118,14,393,396,94,9.4,38.9,7.63,13.6
1994,7,7,11,20.1,971.9,49.5,0,1.8,6,64,NA,NA,483,418,72,207,255,179,174,14,396,408,94,9.2,39.4,7.54,13.8
1994,7,7,12,20.8,971.5,49.8,0,1.2,4.7,63,NA,7,546,456,100,196,289,223,186,14,399,412,94,9.9,41.1,7.93,14.4
1994,7,7,13,21.6,971.5,47.3,0,1.2,6.5,325,NA,NA,465,396,80,168,239,237,167,14,409,416,94,9.9,41.8,7.91,14.7
1994,7,7,14,21.1,971.5,47.7,0,1.8,6.7,104,NA,NA,303,286,21,127,151,174,128,14,389,400,94,9.6,40.9,7.73,14.4
1994,7,7,15,21.9,971.5,43.9,0,2.5,6.8,327,NA,NA,559,253,459,129,228,595,138,14,401,414,94,9.1,41,7.47,14.4
1994,7,7,16,22,971.4,42.5,0,2.8,6.7,328,NA,NA,406,178,437,100,117,611,122,14,392,406,94,8.7,40.6,7.28,14.3
1994,7,7,17,21.3,971.7,42.7,0,4.4,7.5,346,NA,NA,274,102,475,67,71,600,174,14,362,384,94,8.1,39.2,7,13.7
1994,7,7,18,19.9,971.9,44.9,0,3.5,6.6,359,NA,3,133,54,402,40,40,467,204,14,353,372,94,7.6,37.1,6.75,13
1994,7,7,19,18.4,972,48.6,0,1.2,5.8,354,NA,NA,16,16,0,7,7,9,8,14,346,358,94,7.4,35.4,6.65,12.3
1994,7,7,20,16.8,972.4,53.7,0,1.1,2.6,5,NA,NA,0,0,0,0,0,0,0,14,320,340,94,7.4,33.7,6.64,11.6
1994,7,7,21,15.6,972.5,58.7,0,0.7,2.3,82,NA,NA,0,0,0,0,0,0,0,14,314,331,94,7.5,32.7,6.72,11.2
1994,7,7,22,14.6,972.5,62.3,0,0.9,2.7,90,NA,NA,0,0,0,0,0,0,0,14,312,327,94,7.5,31.6,6.69,10.7
1994,7,7,23,13.4,972.4,70.3,0,0.3,1.6,329,NA,NA,0,0,0,0,0,0,0,14,307,322,94,8.1,31.1,6.99,10.5
1994,7,8,0,13.3,972.1,71.9,0,0.5,1.6,266,NA,NA,0,0,0,0,0,0,0,14,309,325,94,8.3,31.3,7.1,10.6
1994,7,8,1,12.9,972,74.9,0,0.5,1.5,270,NA,NA,0,0,0,0,0,0,0,14,307,322,94,8.6,31.2,7.21,10.5
1994,7,8,2,12.1,971.7,79.2,0,0.7,2,257,NA,NA,0,0,0,0,0,0,0,14,303,320,94,8.6,30.4,7.24,10.2
1994,7,8,3,11.8,971.6,79.7,0,0.8,2.1,254,NA,NA,0,0,0,0,0,0,0,14,302,318,94,8.4,29.9,7.14,10
1994,7,8,4,11.7,971.6,79.3,0,1.1,1.7,255,NA,NA,20,19,12,33,9,9,24,14,304,321,94,8.2,29.6,7.06,9.8
1994,7,8,5,12.9,971.8,74.2,0,1.1,1.9,267,NA,NA,96,69,141,227,37,36,110,14,313,332,94,8.4,31,7.14,10.4
1994,7,8,6,15.8,971.8,64.2,0,0.9,2.5,231,NA,1,276,110,462,601,74,69,177,14,328,356,94,9.1,34.8,7.46,12
1994,7,8,7,17.6,971.5,61,0,1.4,3.1,75,NA,NA,407,191,417,589,118,101,124,14,333,369,94,10,37.9,7.96,13.2
1994,7,8,8,19.3,971.3,53,0,1.5,4.2,70,NA,NA,637,205,649,722,246,123,131,14,344,385,94,9.5,38.9,7.69,13.6
1994,7,8,9,19.6,971.3,49.9,0,2.2,4.5,99,NA,NA,452,349,131,310,226,147,152,14,340,379,94,8.9,38.4,7.37,13.5
1994,7,8,10,20.2,971.1,48.5,0,2.9,5.8,72,NA,NA,584,411,200,310,308,172,174,14,343,383,94,9,39.2,7.44,13.7
1994,7,8,11,21.6,970.5,45.4,0,3.3,7.5,68,NA,NA,791,275,567,248,443,157,147,14,353,395,94,9.3,41,7.6,14.4
1994,7,8,12,22.4,970.3,45.4,0,4,7.9,63,NA,6,908,234,741,149,502,257,139,14,356,402,94,10,42.8,7.98,15
1994,7,8,13,22.8,970.2,46.7,0,3.3,6.9,77,NA,NA,856,166,796,123,448,448,123,14,362,407,94,10.8,44.3,8.42,15.6
1994,7,8,14,23.4,969.9,45.8,0,2.8,6.3,87,NA,NA,766,137,803,113,355,620,115,14,369,411,94,11.1,45.3,8.57,15.9
1994,7,8,15,23.3,969.6,46.3,0,3,6,67,NA,NA,632,119,771,102,231,736,107,14,372,409,94,11.1,45.3,8.61,15.9
1994,7,8,16,23.4,969.4,47.4,0,2.8,5.9,69,NA,NA,458,102,682,85,96,749,101,14,370,404,94,11.6,46.1,8.87,16.2
1994,7,8,17,23.1,969.6,47.7,0,2.9,5.9,55,NA,NA,284,99,513,70,74,636,182,14,359,391,94,11.4,45.5,8.77,16
1994,7,8,18,22.1,970,49.1,0,2.5,5.8,7,NA,2,123,54,355,39,39,423,186,14,351,378,94,10.9,43.8,8.49,15.4
1994,7,8,19,20.8,970.1,53.2,0,1.5,4,360,NA,NA,14,14,0,6,6,7,7,14,345,364,94,10.9,42.5,8.49,14.9
1994,7,8,20,19.5,970.6,57.8,0,1.1,3.3,307,NA,NA,0,0,0,0,0,0,0,14,342,356,94,11,41.2,8.51,14.4
1994,7,8,21,19.3,971.1,60.9,0,0.2,1.2,194,NA,NA,0,0,0,0,0,0,0,14,344,360,94,11.6,41.9,8.85,14.7
1994,7,8,22,19.2,971.4,61,0,0.7,2.2,239,NA,NA,1,0,0,0,0,0,0,14,343,359,94,11.5,41.7,8.81,14.6
1994,7,8,23,19,971.4,61.3,0,2.2,5,339,NA,NA,1,0,0,0,0,0,0,14,378,378,94,11.4,41.3,8.74,14.5
1994,7,9,0,17.6,971.3,68.2,0,1,2.4,121,NA,NA,2,0,0,0,0,0,0,14,375,375,94,11.7,40.3,8.91,14.1
1994,7,9,1,17.8,971.3,66.9,0,0.6,1.9,318,NA,NA,2,0,0,0,0,0,0,14,376,376,94,11.6,40.3,8.85,14.1
1994,7,9,2,17.6,971.3,64.4,0,1.3,3.3,59,NA,NA,0,0,0,0,0,0,0,14,373,373,94,10.8,39,8.41,13.6
1994,7,9,3,16.8,971.5,65,0,1.2,2.2,86,NA,NA,0,0,0,0,0,0,0,14,365,365,94,10.2,37.3,8.06,13
1994,7,9,4,16.1,971.4,70.8,0,0.6,1.7,262,NA,NA,14,14,0,7,6,6,7,14,367,367,94,10.8,37.5,8.4,13
1994,7,9,5,16.9,972,73.2,0,1.1,2.4,266,NA,NA,88,71,92,183,37,36,93,14,367,369,94,12.1,40.2,9.15,14
1994,7,9,6,18.2,972.1,67.1,0,0.5,1.8,59,NA,5,177,146,86,244,71,67,105,14,374,382,94,12,41.4,9.1,14.5
1994,7,9,7,18.9,972.4,62.1,0,1.6,4.2,93,NA,NA,334,230,200,412,120,103,124,14,374,390,94,11.5,41.3,8.79,14.5
1994,7,9,8,20.2,972.3,55.1,0,1.4,4.6,91,NA,NA,591,207,578,669,234,120,128,14,358,393,94,10.9,41.8,8.45,14.7
1994,7,9,9,21.1,971.9,52,0,1.4,4.5,284,NA,NA,635,307,421,498,314,144,148,14,364,402,94,10.9,42.6,8.44,15
1994,7,9,10,21.9,971.8,49.4,0,1.3,4.6,22,NA,NA,775,298,552,418,416,152,153,14,362,403,94,10.8,43.4,8.42,15.2
1994,7,9,11,22.6,971.4,47,0,2.4,6.6,24,NA,NA,589,429,176,234,324,187,179,14,363,398,94,10.7,44,8.36,15.4
1994,7,9,12,23.8,971.5,44.3,0,3.7,7.9,53,NA,3,848,343,555,176,474,267,163,14,372,415,94,10.9,45.5,8.47,16
1994,7,9,13,24,971.4,43.6,0,4.4,8.6,72,NA,NA,875,197,782,132,462,460,132,14,373,413,94,10.9,45.6,8.44,16
1994,7,9,14,24.1,971.4,45.1,0,4.4,7.9,72,NA,NA,753,169,746,119,356,612,121,14,365,408,94,11.5,46.6,8.79,16.4
1994,7,9,15,24,971.3,44.1,0,4.3,7.5,59,NA,NA,613,146,701,105,231,709,111,14,361,403,94,11,45.9,8.54,16.1
1994,7,9,16,23.7,971.3,42.6,0,4,7.4,64,NA,NA,439,156,543,97,112,685,116,14,362,399,94,10.2,44.4,8.1,15.6
1994,7,9,17,23.3,971.4,43.5,0,3.9,6.7,60,NA,NA,231,138,257,72,76,418,142,14,368,393,94,10.2,44,8.07,15.5
1994,7,9,18,22.2,971.9,47.9,0,3.6,6.4,31,NA,3,119,60,307,40,40,387,172,14,359,382,94,10.6,43.5,8.31,15.3
1994,7,9,19,20.3,972.1,51.8,0,3,6.8,18,NA,NA,16,16,0,7,7,9,8,14,351,368,94,10.1,40.7,7.99,14.3
1994,7,9,20,18.6,972.5,58.5,0,1.5,3.3,56,NA,NA,0,0,0,0,0,0,0,14,336,352,94,10.3,39.3,8.12,13.7
1994,7,9,21,17.3,972.7,64.3,0,0.3,1.3,86,NA,NA,0,0,0,0,0,0,0,14,330,341,94,10.5,38.2,8.22,13.3
1994,7,9,22,16.1,973,71.1,0,0.3,1.7,356,NA,NA,0,0,0,0,0,0,0,14,325,337,94,10.9,37.5,8.43,13.1
1994,7,9,23,15.7,973.1,73.3,0,0.5,1,247,NA,NA,0,0,0,0,0,0,0,14,316,330,94,10.9,37.2,8.47,12.9
1994,7,10,0,14.8,973.2,74.8,0,0.7,1.5,257,NA,NA,0,0,0,0,0,0,0,14,311,328,94,10.4,35.5,8.15,12.3
1994,7,10,1,14.4,972.9,76.6,0,0.8,1.9,244,NA,NA,0,0,0,0,0,0,0,14,309,327,94,10.3,35,8.13,12.1
1994,7,10,2,13.6,973,80.2,0,0.7,2,250,NA,NA,0,0,0,0,0,0,0,14,316,329,94,10.3,34.1,8.08,11.7
1994,7,10,3,13.3,973.2,80.6,0,0.8,1.6,248,NA,NA,0,0,0,0,0,0,0,14,309,325,94,10,33.5,7.96,11.4
1994,7,10,4,13.1,973.4,81.8,0,0.6,1.5,253,NA,NA,19,19,6,24,8,8,17,14,313,328,94,10.1,33.3,7.98,11.4
1994,7,10,5,14.4,973.5,79,0,0.9,1.4,254,NA,NA,111,58,280,356,36,36,159,14,325,343,94,10.8,35.7,8.39,12.3
1994,7,10,6,17.1,973.6,72.8,0,1,3.9,59,NA,1,263,100,459,587,69,65,169,14,341,364,94,12.2,40.5,9.2,14.2
1994,7,10,7,18.7,973.5,65.5,0,3.2,8.5,69,NA,NA,431,128,587,697,101,88,106,14,342,372,94,12.1,42,9.15,14.7
1994,7,10,8,20,973.2,60.2,0,4.7,10.3,71,NA,NA,589,168,636,681,228,110,117,14,349,382,94,12.1,43.3,9.12,15.2
1994,7,10,9,21,973,58.7,0,4,8.2,74,NA,NA,732,191,693,599,350,124,126,14,357,394,94,12.6,45.2,9.47,15.8
1994,7,10,10,22.4,972.8,53.6,0,4.7,8.5,61,NA,NA,837,190,748,446,444,128,128,14,361,400,94,12.5,46.5,9.42,16.3
1994,7,10,11,23.8,972.5,48.6,0,4.1,8.3,83,NA,NA,897,185,784,250,498,136,128,14,372,413,94,12.3,47.6,9.3,16.7
1994,7,10,12,25.2,972.1,45,0,4.1,8.4,71,NA,2,899,183,787,135,499,245,128,14,376,421,94,12.4,49.2,9.37,17.2
1994,7,10,13,26.3,971.7,41.7,0,4.4,7.9,66,NA,NA,849,171,784,124,450,445,124,14,378,421,94,12.3,50.1,9.27,17.5
1994,7,10,14,26.5,971.5,38.7,0,4.7,9.8,62,NA,NA,746,163,745,117,355,607,119,14,376,418,94,11.3,48.8,8.69,17.1
1994,7,10,15,26.6,971.3,35.8,0,5.6,8.4,55,NA,NA,619,126,742,103,232,721,108,14,374,413,94,10.2,47.4,8.08,16.6
1994,7,10,16,26.5,970.9,35.5,0,5.3,8.7,61,NA,NA,451,112,651,88,99,734,102,14,375,411,94,10,47,7.97,16.5
1994,7,10,17,26.3,971,32.4,0,4.5,7.2,64,NA,NA,280,106,483,69,73,614,175,14,369,403,94,8.5,44.8,7.18,15.7
1994,7,10,18,25.1,971.2,35.8,0,3.5,7,50,NA,1,105,67,196,39,39,288,133,14,360,389,94,8.9,44.1,7.39,15.5
1994,7,10,19,22.4,971.4,43.4,0,2.3,3.6,32,NA,NA,10,10,0,5,5,4,4,14,347,370,94,9.4,41.9,7.62,14.8
1994,7,10,20,20.6,971.7,47.5,0,2,3.5,32,NA,NA,0,0,0,0,0,0,0,14,333,358,94,9.1,39.7,7.46,13.9
1994,7,10,21,19.7,971.8,53.1,0,2.2,5.1,44,NA,NA,0,0,0,0,0,0,0,14,332,357,94,9.9,39.8,7.9,14
1994,7,10,22,19,972.1,57.8,0,0.6,1.8,0,NA,NA,0,0,0,0,0,0,0,14,329,344,94,10.5,40,8.23,14
1994,7,10,23,17.6,972.2,64.2,0,0.6,1.7,253,NA,NA,0,0,0,0,0,0,0,14,323,339,94,10.8,38.9,8.37,13.6
1994,7,11,0,16.7,972.2,69.4,0,0.5,2.2,262,NA,NA,0,0,0,0,0,0,0,14,319,336,94,11.1,38.4,8.55,13.4
1994,7,11,1,15.5,972,74.7,0,0.4,1.8,257,NA,NA,0,0,0,0,0,0,0,14,313,331,94,11,37.2,8.53,12.9
1994,7,11,2,14.8,971.8,77.6,0,0.6,1.6,253,NA,NA,0,0,0,0,0,0,0,14,313,330,94,10.9,36.3,8.47,12.5
1994,7,11,3,14,971.8,81.2,0,0.4,1.6,284,NA,NA,1,0,0,0,0,0,0,14,309,326,94,10.8,35.3,8.42,12.2
1994,7,11,4,14,971.9,81.5,0,0.6,1.5,257,NA,NA,19,18,8,26,8,8,19,14,309,328,94,10.9,35.4,8.45,12.2
1994,7,11,5,15.5,972.1,77.5,0,0.1,1,329,NA,NA,111,56,290,369,38,38,164,14,325,346,94,11.6,38,8.85,13.2
1994,7,11,6,18.8,972.2,66.2,0,0.8,3.2,74,NA,0,262,98,463,589,69,64,169,14,337,367,94,12.4,42.5,9.32,14.9
1994,7,11,7,20.1,972.1,60.9,0,1.8,4,117,NA,NA,428,130,579,693,101,88,106,14,341,378,94,12.3,43.8,9.3,15.3
1994,7,11,8,21.2,971.8,57.1,0,2.6,5.4,68,NA,NA,580,180,605,668,229,113,120,14,348,388,94,12.4,45,9.33,15.8
1994,7,11,9,22.6,971.4,53.1,0,2.9,6.4,73,NA,NA,720,208,658,590,349,127,129,14,354,398,94,12.6,46.8,9.46,16.4
1994,7,11,10,24.3,971.2,49.1,0,2.6,6.9,64,NA,NA,826,206,718,443,442,131,131,14,363,409,94,12.9,49.1,9.7,17.2
1994,7,11,11,25.6,970.8,46.1,0,2.5,8.5,85,NA,NA,882,211,740,253,494,142,133,14,379,423,94,13.2,50.8,9.85,17.7
1994,7,11,12,27.1,970.4,41.7,0,2.5,5.3,74,NA,1,895,188,779,136,500,245,128,14,387,432,94,13,52.1,9.73,18.1
1994,7,11,13,28,969.9,38.2,0,2.5,6,111,NA,NA,848,170,783,123,451,445,124,14,390,437,94,12.4,52.2,9.4,18.1
1994,7,11,14,28.6,969.4,36,0,2.5,6.6,102,NA,NA,746,160,751,116,357,608,118,14,390,437,94,12.1,52.2,9.17,18.2
1994,7,11,15,28.9,969.1,34.9,0,2.7,5.5,113,NA,NA,605,151,684,106,233,701,112,14,393,438,94,11.9,52.2,9.05,18.2
1994,7,11,16,28.7,968.8,35.8,0,2.5,4.9,77,NA,NA,434,128,590,88,101,698,102,14,390,430,94,12.1,52.3,9.18,18.2
1994,7,11,17,28.5,968.8,35.8,0,2.7,4.4,68,NA,NA,269,98,476,65,69,598,168,14,387,420,94,11.9,51.8,9.07,18.1
1994,7,11,18,27,969,40.2,0,2.5,4.1,59,NA,1,105,68,192,39,39,285,132,14,378,403,94,12.3,51,9.33,17.8
1994,7,11,19,24.6,969.4,49.3,0,1.6,3.3,51,NA,NA,15,15,0,7,7,8,8,14,367,382,94,13.3,50,9.94,17.5
1994,7,11,20,22.6,969.8,55,0,0.6,2.1,48,NA,NA,0,0,0,0,0,0,0,14,350,363,94,13.1,47.7,9.82,16.7
1994,7,11,21,20.3,970.2,63,0,0.4,1.3,266,NA,NA,0,0,0,0,0,0,0,14,343,355,94,13,45.2,9.77,15.8
1994,7,11,22,19.8,970.5,65.7,0,0.5,2.6,257,NA,NA,1,0,0,0,0,0,0,14,339,352,94,13.2,45,9.87,15.7
1994,7,11,23,18.1,970.6,75,0,0.1,1,329,NA,NA,0,0,0,0,0,0,0,14,334,347,94,13.6,43.9,10.14,15.3
1994,7,12,0,17.3,970.6,78,0,0.2,0.8,257,NA,NA,1,0,0,0,0,0,0,14,330,343,94,13.4,42.8,10.03,14.9
1994,7,12,1,16.6,970.8,76.7,0,0.8,2,268,NA,NA,1,0,0,0,0,0,0,14,321,338,94,12.5,40.5,9.42,14.1
1994,7,12,2,16.5,971,74.9,0,0.5,1.2,257,NA,NA,1,0,0,0,0,0,0,14,321,336,94,12,39.7,9.13,13.8
1994,7,12,3,15.2,971.1,78.1,0,0.3,1,266,NA,NA,1,0,0,0,0,0,0,14,314,332,94,11.4,37.4,8.76,13
1994,7,12,4,14.8,971.2,79.9,0,0.3,1,356,NA,NA,16,16,0,11,7,7,9,14,316,334,94,11.4,37,8.73,12.8
1994,7,12,5,16.9,971.2,73.2,0,0.2,1,77,NA,NA,103,59,232,314,36,36,142,14,347,360,94,12.1,40.2,9.15,14
1994,7,12,6,19.7,971.2,65.4,0,0.5,2.5,77,NA,3,251,107,409,549,71,66,162,14,361,381,94,13,44.6,9.76,15.6
1994,7,12,7,21.4,971.2,60.4,0,1.2,2.9,59,NA,NA,411,155,497,647,110,94,113,14,370,394,94,13.4,47,10.01,16.4
1994,7,12,8,23.4,970.9,51.6,0,0.7,3.6,22,NA,NA,560,212,528,635,229,119,127,14,367,403,94,12.9,48.1,9.66,16.8
1994,7,12,9,25.5,970.5,47.4,0,1.3,5,100,NA,NA,682,266,536,546,336,140,143,14,381,420,94,13.5,51.3,10.07,17.9
1994,7,12,10,27.4,969.9,42.3,0,1.8,4.5,122,NA,NA,799,269,615,432,432,141,141,14,387,433,94,13.5,53.2,10.06,18.5
1994,7,12,11,29.6,969.4,35.2,0,3.3,7.5,221,NA,NA,859,276,644,259,484,154,143,14,399,442,94,12.6,54.1,9.51,18.7
1994,7,12,12,30.5,969,34.2,0,3.9,9.3,238,NA,1,826,310,570,168,469,257,156,14,401,444,94,13,55.6,9.73,19.2
1994,7,12,13,31.1,968.7,33.2,0,3.9,7.8,234,NA,NA,814,249,654,139,441,432,139,14,404,449,94,13,56.3,9.78,19.4
1994,7,12,14,31.1,968.3,33.6,0,3.8,8,232,NA,NA,708,247,591,134,349,569,137,14,417,456,94,13.2,56.6,9.91,19.5
1994,7,12,15,32,968,31.8,0,3.5,8.5,244,NA,NA,655,196,692,122,259,747,130,14,418,457,94,13.2,57.5,9.87,19.8
1994,7,12,16,28.1,968.4,49.1,0,3.6,7.7,54,NA,NA,382,190,369,100,117,546,116,14,401,429,94,16.4,59.5,12.22,20.3
1994,7,12,17,26.3,968.7,60.6,0,2.3,6.6,89,NA,NA,219,137,228,70,75,390,134,14,404,421,94,18.1,61.1,13.6,20.7
1994,7,12,18,25.1,968.7,59.8,0,3,6.5,71,NA,4,116,63,279,39,39,361,159,14,395,409,94,16.7,57,12.48,19.5
1994,7,12,19,23.9,969.4,63.4,0,1.7,3.5,52,NA,NA,18,18,0,8,8,13,11,14,387,394,94,16.5,55.3,12.3,19
1994,7,12,20,22.6,969.8,67.7,0,0.6,1.9,356,NA,NA,0,0,0,0,0,0,0,14,366,377,94,16.3,53.6,12.13,18.5
1994,7,12,21,21.6,970.1,70.9,0,0.7,1.8,126,NA,NA,0,0,0,0,0,0,0,14,359,371,94,16.1,52.1,11.95,18
1994,7,12,22,20.4,970.3,78.2,0,0.4,1.3,14,NA,NA,0,0,0,0,0,0,0,14,357,366,94,16.5,51.6,12.24,17.9
1994,7,12,23,19.5,970.3,82,0,0.7,2,14,NA,NA,0,0,0,0,0,0,0,14,353,365,94,16.3,50.4,12.14,17.4
1994,7,13,0,19.6,970,83,0,0.3,1.5,239,NA,NA,0,0,0,0,0,0,0,14,353,362,94,16.6,51.1,12.37,17.6
1994,7,13,1,19.3,970.2,83.3,0,1.6,4.1,261,NA,NA,0,0,0,0,0,0,0,14,353,363,94,16.4,50.3,12.18,17.4
1994,7,13,2,19.2,970.1,83.1,0,0.5,1.3,239,NA,NA,1,0,0,0,0,0,0,14,365,370,94,16.3,49.9,12.08,17.3
1994,7,13,3,18.7,970.3,82.5,0,0.5,1.5,36,NA,NA,0,0,0,0,0,0,0,14,363,369,94,15.7,48.2,11.61,16.8
1994,7,13,4,18.5,970.5,83.4,0,0.4,1.1,266,NA,NA,16,16,0,11,7,7,9,14,361,365,94,15.6,48,11.59,16.6
1994,7,13,5,19.2,970.7,80.5,0,0.4,1.4,270,NA,NA,97,67,168,263,38,38,123,14,354,370,94,15.8,48.9,11.69,17
1994,7,13,6,21.1,970.8,72.1,0,0.4,1.8,302,NA,1,241,113,364,514,72,67,156,14,366,389,94,15.9,51.1,11.77,17.7
1994,7,13,7,23.5,970.9,63.2,0,0.7,2.3,266,NA,NA,414,147,521,661,107,92,110,14,380,406,94,16.1,54,11.94,18.7
1994,7,13,8,26,970.9,53.4,0,1.8,4.2,237,NA,NA,558,212,527,635,230,118,127,14,387,420,94,15.8,56,11.71,19.3
1994,7,13,9,27.8,970.7,46.6,0,2.1,4.9,247,NA,NA,695,311,494,550,344,149,153,14,393,432,94,15.3,57,11.36,19.6
1994,7,13,10,29.4,970.3,37.9,0,1.7,6,254,NA,NA,781,311,546,424,425,155,155,14,396,440,94,13.6,55.4,10.12,19.2
1994,7,13,11,30.7,970.1,34.5,0,1.9,7.6,201,NA,NA,889,216,744,257,503,144,134,14,417,460,94,13.3,56.3,9.92,19.4
1994,7,13,12,31.8,969.8,31.7,0,2.9,8.5,236,NA,2,905,251,722,153,512,259,142,14,420,461,94,12.9,56.8,9.71,19.6
1994,7,13,13,31.5,969.8,31.3,0,2.5,8.2,235,NA,NA,580,352,264,155,320,313,155,14,412,448,94,12.5,55.8,9.42,19.3
1994,7,13,14,30.7,969.5,32.5,0,1.8,4.2,72,NA,NA,254,237,21,110,127,143,110,14,429,445,94,12.4,54.8,9.34,19
1994,7,13,15,31.5,969.2,30.5,0,1.7,6.3,77,NA,NA,450,317,200,134,205,428,143,14,437,460,94,12.1,55.2,9.18,19.1
1994,7,13,16,32.3,969.2,27.3,0,2.2,6,342,NA,NA,452,153,579,97,114,716,112,14,437,460,94,11.1,54.5,8.59,18.9
1994,7,13,17,31.1,969.4,31.8,0,1.9,4.6,86,NA,NA,260,119,396,71,76,548,162,14,411,440,94,12.4,55.2,9.36,19.1
1994,7,13,18,28.9,969.8,41.4,0,2.5,4.6,49,NA,2,100,67,171,39,39,265,123,14,399,419,94,14.5,56.5,10.75,19.5
1994,7,13,19,26.7,970.4,48.9,0,1.8,3.9,30,NA,NA,10,10,0,5,5,4,5,14,389,402,94,15.1,55.4,11.17,19.1
1994,7,13,20,25.3,970.9,51.4,0,0.9,2,55,NA,NA,0,0,0,0,0,0,0,14,367,380,94,14.6,53,10.8,18.4
1994,7,13,21,23.6,971.3,58.5,0,0.2,0.9,59,NA,NA,0,0,0,0,0,0,0,14,359,371,94,15,52,11.1,18.1
1994,7,13,22,22.3,971.3,63.3,0,0.3,1.5,257,NA,NA,0,0,0,0,0,0,0,14,354,365,94,15,50.7,11.1,17.6
1994,7,13,23,20.9,971.4,68.2,0,0.3,1.4,329,NA,NA,0,0,0,0,0,0,0,14,347,361,94,14.8,48.9,10.98,17
1994,7,14,0,19.7,971.5,70.9,0,0.1,1.2,14,NA,NA,1,0,0,0,0,0,0,14,340,354,94,14.3,46.7,10.59,16.3
1994,7,14,1,18.7,971.6,74.7,0,0.2,1,14,NA,NA,0,0,0,0,0,0,0,14,338,352,94,14.1,45.4,10.48,15.8
1994,7,14,2,17.9,971.5,77.5,0,0.4,1.3,14,NA,NA,0,0,0,0,0,0,0,14,335,350,94,13.9,44.2,10.34,15.4
1994,7,14,3,18,971.7,77.2,0,0.3,1.6,239,NA,NA,0,0,0,0,0,0,0,14,335,348,94,13.9,44.4,10.36,15.5
1994,7,14,4,17.4,971.8,81.5,0,0.3,1.2,284,NA,NA,18,18,0,15,8,7,12,14,335,350,94,14.2,44.2,10.54,15.4
1994,7,14,5,18.7,972,77.9,0,0.3,1.1,311,NA,NA,101,60,226,309,36,36,139,14,352,368,94,14.8,46.5,10.93,16.2
1994,7,14,6,20.7,972.2,70.7,0,0.7,2.3,14,NA,5,222,123,283,449,74,69,144,14,362,384,94,15.2,49.4,11.24,17.2
1994,7,14,7,22.9,972.1,62.6,0,0.5,2.2,32,NA,NA,366,208,310,515,120,101,121,14,373,401,94,15.4,52,11.38,18
1994,7,14,8,24.5,972.1,57.6,0,1,2.5,50,NA,NA,317,267,77,260,151,115,122,14,400,416,94,15.6,54,11.54,18.7
1994,7,14,9,26,971.8,51.8,0,0.8,3.3,59,NA,NA,595,351,315,451,299,153,157,14,414,435,94,15.3,55.1,11.34,19
1994,7,14,10,28.7,971.7,40.5,0,1.2,4.3,248,NA,NA,770,309,536,420,422,154,154,14,432,456,94,14,55.4,10.37,19.2
1994,7,14,11,29.9,971.4,40.7,0,1.9,5.5,128,NA,NA,816,413,446,280,461,193,181,14,405,450,94,15.1,58.7,11.19,20.1
1994,7,14,12,30.1,971,40.6,0,4,6.6,72,NA,4,842,330,566,173,481,263,161,14,406,451,94,15.3,59.2,11.3,20.3
1994,7,14,13,29.9,970.5,41.6,0,3.9,8,66,NA,NA,688,393,343,170,377,367,169,14,399,442,94,15.5,59.4,11.45,20.3
1994,7,14,14,28.9,970.8,47.2,0,3.2,8.6,85,NA,NA,443,328,148,145,225,302,146,14,403,435,94,16.5,60.4,12.28,20.6
1994,7,14,15,25.9,970.9,58.2,0,5.1,9.1,63,NA,NA,142,142,0,67,68,71,67,14,392,410,94,17.1,58.4,12.71,20
1994,7,14,16,22.9,971.5,74.2,0,5,11.6,69,NA,NA,35,35,0,18,17,14,17,14,379,394,94,18.1,57.5,13.55,19.7
1994,7,14,17,21.7,972.9,82.9,1.8,2.6,6.4,59,NA,NA,1,0,0,0,0,0,0,14,391,398,96,18.7,57.6,14.06,19.7
1994,7,14,18,20.1,974.5,89.6,0.3,3.7,9.2,74,NA,8,10,10,0,5,5,3,4,14,381,388,96,18.3,55.1,13.75,18.9
1994,7,14,19,18.8,974,88.6,0.4,3.8,9.9,38,NA,NA,4,4,0,2,2,0,1,14,379,384,96,16.9,50.6,12.52,17.6
1994,7,14,20,18.9,975.2,87.4,0.2,1.4,5.5,32,NA,NA,0,0,0,0,0,0,0,14,373,380,96,16.8,50.5,12.41,17.5
1994,7,14,21,18.8,975.5,85.5,0.9,3.7,9,30,NA,NA,0,0,0,0,0,0,0,14,369,378,96,16.3,49.5,12.05,17.2
1994,7,14,22,18.2,974.8,89,1.9,1.1,4.1,270,NA,NA,0,0,0,0,0,0,0,14,371,377,96,16.4,49,12.09,17
1994,7,14,23,18.3,973.8,89.5,0.3,1.9,4.2,272,NA,NA,0,0,0,0,0,0,0,14,346,365,96,16.5,49.5,12.25,17.1
1994,7,15,0,17.7,973.8,92.6,0.1,0.8,2.4,86,NA,NA,0,0,0,0,0,0,0,14,345,362,96,16.5,48.7,12.21,16.9
1994,7,15,1,17.4,974,93.5,0,0.7,2.4,347,NA,NA,0,0,0,0,0,0,0,14,345,360,96,16.3,48.1,12.09,16.7
1994,7,15,2,16.9,974.2,93,0,1.1,2.3,43,NA,NA,0,0,0,0,0,0,0,14,338,357,96,15.8,46.5,11.64,16.2
1994,7,15,3,16.6,974.4,92.1,0,0.5,1.9,266,NA,NA,1,0,0,0,0,0,0,14,344,357,96,15.3,45.3,11.3,15.8
1994,7,15,4,16.5,974.5,90.6,0,1.1,1.9,255,NA,NA,11,11,0,7,5,5,6,14,344,358,96,15,44.5,11.04,15.6
1994,7,15,5,17,974.6,90.1,0,0.8,2.1,300,NA,NA,89,65,132,215,35,34,102,14,356,364,94,15.4,45.8,11.34,16
1994,7,15,6,18.3,974.9,86.5,0,0.8,2.5,300,NA,3,220,123,280,446,74,68,143,14,366,375,94,16,48.4,11.82,16.8
1994,7,15,7,19.9,974.7,82.4,0,0.5,2.7,86,NA,NA,399,142,507,644,104,89,105,14,374,389,94,16.8,51.6,12.46,17.9
1994,7,15,8,20.9,974.5,77.8,0,1.1,3,20,NA,NA,490,270,337,520,216,126,136,14,372,395,94,16.9,52.8,12.52,18.3
1994,7,15,9,22.5,974.3,70.1,0,1.4,3.8,69,NA,NA,704,226,617,580,350,130,133,14,378,409,94,16.8,54.2,12.44,18.7
1994,7,15,10,23.9,973.9,61.1,0,2.1,4.6,98,NA,NA,811,209,701,440,444,131,131,14,384,421,94,15.9,54,11.79,18.7
1994,7,15,11,25.5,973.3,55.9,0,2.1,5.5,85,NA,NA,872,207,737,252,498,140,131,14,383,423,94,16.1,55.9,11.88,19.3
1994,7,15,12,26.7,972.7,50.2,0,2.3,4.8,74,NA,1,880,196,757,138,503,243,129,14,387,432,94,15.5,56.1,11.45,19.3
1994,7,15,13,27.6,972.3,47.2,0,2.5,5.9,90,NA,NA,815,214,698,132,448,433,132,14,392,437,94,15.3,56.7,11.35,19.5
1994,7,15,14,28.4,971.8,43,0,2.5,5.5,102,NA,NA,727,178,706,120,360,595,122,14,399,441,94,14.6,56.2,10.83,19.4
1994,7,15,15,28.6,971.5,40.7,0,2.8,6,104,NA,NA,589,161,648,108,238,684,114,14,391,434,94,13.9,55.2,10.37,19.1
1994,7,15,16,28.3,971.4,43,0,3.1,5.9,77,NA,NA,415,152,511,94,114,655,109,14,395,429,94,14.5,56,10.77,19.3
1994,7,15,17,27.9,971.4,41,0,3.2,5.6,69,NA,NA,252,107,410,67,72,548,156,14,388,417,94,13.4,53.6,10.02,18.6
1994,7,15,18,27,971.8,45.4,0,2.1,4.2,67,NA,1,100,65,183,38,38,275,125,14,383,405,94,14.2,54,10.53,18.7
1994,7,15,19,25.1,972,55.8,0,1.6,3.2,34,NA,NA,11,11,0,5,5,6,6,14,378,393,94,15.7,54.8,11.59,18.9
1994,7,15,20,23.1,972.4,66.5,0,0.8,3.4,37,NA,NA,0,0,0,0,0,0,0,14,359,376,94,16.5,54.4,12.25,18.8
1994,7,15,21,21.4,972.8,73.8,0,0.7,2.3,131,NA,NA,0,0,0,0,0,0,0,14,354,368,94,16.5,52.7,12.26,18.2
1994,7,15,22,20.2,972.6,79.4,0,0.3,1,14,NA,NA,1,0,0,0,0,0,0,14,348,360,94,16.5,51.4,12.25,17.8
1994,7,15,23,19.6,972.4,82.6,0,0.2,2.4,41,NA,NA,0,0,0,0,0,0,0,14,348,360,94,16.6,50.9,12.28,17.6
1994,7,16,0,19.1,972.4,83.1,0,0.6,2.4,231,NA,NA,1,0,0,0,0,0,0,14,342,355,94,16.2,49.6,11.97,17.2
1994,7,16,1,17.9,972.2,87.4,0,0.6,2,284,NA,NA,0,0,0,0,0,0,0,14,336,351,94,15.8,47.6,11.68,16.6
1994,7,16,2,17.8,972.2,86.5,0,0.6,1.4,262,NA,NA,1,0,0,0,0,0,0,14,336,350,94,15.5,47,11.48,16.3
1994,7,16,3,17.6,972.5,86.5,0,0.7,1.4,257,NA,NA,0,0,0,0,0,0,0,14,334,348,94,15.3,46.4,11.33,16.1
1994,7,16,4,16.9,972.6,89,0,0.6,1.3,41,NA,NA,12,12,0,8,6,5,7,14,331,347,94,15.1,45.2,11.15,15.8
1994,7,16,5,17.8,972.8,87.2,0,0.6,1.6,59,NA,NA,83,64,110,192,34,33,92,14,342,359,94,15.6,47.2,11.57,16.4
1994,7,16,6,20,972.9,79.7,0,0.6,1.8,67,NA,0,226,128,284,437,73,67,140,14,353,375,94,16.4,50.9,12.14,17.7
1994,7,16,7,22.1,972.8,66.4,0,1.3,3.4,80,NA,NA,392,165,448,617,113,95,112,14,363,392,94,15.5,51.4,11.5,17.8
1994,7,16,8,23.5,972.4,59.4,0,1.1,4.8,104,NA,NA,549,201,534,634,230,116,123,14,375,406,94,15.1,52.1,11.19,18.1
1994,7,16,9,24.8,971.9,55.7,0,2.8,6.6,82,NA,NA,694,247,579,570,349,133,136,14,379,415,94,15.3,53.9,11.36,18.6
1994,7,16,10,26.1,971.5,52.3,0,2.4,5,79,NA,NA,795,234,655,434,439,135,135,14,390,429,94,15.6,55.6,11.53,19.2
1994,7,16,11,27.7,970.9,47.2,0,2.4,5,106,NA,NA,860,254,673,259,495,150,140,14,397,436,94,15.4,57,11.43,19.6
1994,7,16,12,28.3,970.4,45.7,0,2.4,5,81,NA,1,836,338,551,175,482,263,162,14,397,439,94,15.5,57.8,11.47,19.8
1994,7,16,13,28.4,970,44.8,0,2.6,4.9,108,NA,NA,619,375,284,162,345,334,161,14,396,437,94,15.3,57.5,11.31,19.8
1994,7,16,14,29.5,969.7,39,0,2.1,4.7,74,NA,NA,646,286,464,142,330,509,144,14,408,445,94,14.1,56.5,10.48,19.5
1994,7,16,15,29.8,969.5,39,0,3.3,5.4,86,NA,NA,549,211,514,118,235,621,125,14,411,444,94,14.4,57.3,10.67,19.7
1994,7,16,16,29.6,969.4,40.8,0,3.2,4.9,62,NA,NA,388,177,410,98,121,591,115,14,411,439,94,14.9,58,11.05,19.9
1994,7,16,17,28.7,969.5,44.5,0,3.1,5.1,68,NA,NA,219,137,232,70,75,395,131,14,387,418,94,15.4,58.1,11.44,19.9
1994,7,16,18,27.4,969.9,46.4,0,2,4.1,65,NA,2,80,66,74,33,33,141,73,14,375,401,94,14.9,55.8,11.05,19.2
1994,7,16,19,25.5,970.3,48.8,0,0.6,2.3,86,NA,NA,12,12,0,6,6,7,7,14,366,383,94,13.9,52.1,10.37,18.1
1994,7,16,20,23.2,970.7,61.8,0,0.2,0.9,0,NA,NA,0,0,0,0,0,0,0,14,368,378,94,15.5,52.5,11.46,18.2
1994,7,16,21,22.2,970.9,68.2,0,0.1,0.9,59,NA,NA,0,0,0,0,0,0,0,14,364,372,94,16.1,52.6,11.91,18.2
1994,7,16,22,21.2,970.9,76.8,0,0.4,1.1,257,NA,NA,0,0,0,0,0,0,0,14,364,371,94,17,53.4,12.63,18.4
1994,7,16,23,20.2,970.5,81.3,0,0.6,2.3,356,NA,NA,0,0,0,0,0,0,0,14,352,365,94,16.9,52.2,12.58,18
1994,7,17,0,19.8,970.2,81.3,0,0.5,1.4,36,NA,NA,0,0,0,0,0,0,0,14,347,360,94,16.5,51,12.27,17.7
1994,7,17,1,19.2,970.2,82.5,0,0.5,1.7,48,NA,NA,0,0,0,0,0,0,0,14,343,357,94,16.1,49.7,11.99,17.2
1994,7,17,2,18.6,970.1,85.4,0,0.3,1.2,311,NA,NA,0,0,0,0,0,0,0,14,344,356,94,16.1,49,11.95,17
1994,7,17,3,18.6,969.9,85.8,0,0.4,1.4,266,NA,NA,0,0,0,0,0,0,0,14,342,357,94,16.2,49.2,12.01,17.1
1994,7,17,4,19.1,970.2,81.9,0,1.1,2.8,255,NA,NA,8,8,0,4,4,4,4,14,348,363,94,15.9,49.2,11.82,17
1994,7,17,5,19.5,970.1,83,0,1,2.6,293,NA,NA,46,46,0,24,21,21,22,14,397,397,94,16.5,50.8,12.3,17.6
1994,7,17,6,20.7,970.5,78.7,0,0.8,2,270,NA,7,111,111,0,68,51,49,54,14,405,405,94,16.9,52.7,12.56,18.2
1994,7,17,7,22.1,971.1,74.3,0,0.9,3.2,149,NA,NA,189,177,22,141,85,79,85,14,414,414,94,17.3,55.1,12.92,18.9
1994,7,17,8,24,970.6,65.8,0,2,5.1,61,NA,NA,408,311,150,361,187,130,139,14,421,426,94,17.2,56.8,12.84,19.5
1994,7,17,9,26.4,970.3,50.9,0,3.1,7.6,44,NA,NA,660,277,498,533,335,141,144,14,431,442,94,15.4,55.7,11.43,19.2
1994,7,17,10,27.4,969.8,52.1,0,2.6,5.5,106,NA,NA,762,318,518,419,424,155,155,14,438,457,94,16.7,59.3,12.44,20.2
1994,7,17,11,28.9,969.3,40.7,0,3.1,6.3,71,NA,NA,827,326,557,269,480,170,159,14,396,441,94,14.2,56.1,10.57,19.3
1994,7,17,12,29.9,969.1,37.9,0,2.3,4.9,107,NA,3,716,418,332,189,414,253,174,14,402,445,94,14,56.7,10.43,19.5
1994,7,17,13,31,968.6,33.3,0,2,4.4,95,NA,NA,698,360,394,165,386,372,165,14,415,455,94,13,56.1,9.76,19.4
1994,7,17,14,32.4,968.1,31.3,0,1.5,3.7,23,NA,NA,680,257,546,139,346,542,141,14,416,461,94,13.3,58,9.93,20
1994,7,17,15,33.2,967.5,30.9,0,2.2,7.5,223,NA,NA,531,257,416,128,233,568,135,14,417,456,94,13.7,59.7,10.27,20.4
1994,7,17,16,33.4,967.1,26.7,0,4.1,8.3,246,NA,NA,304,225,153,101,120,365,117,14,414,445,94,11.7,56.6,8.96,19.5
1994,7,17,17,32.5,967.3,33.6,0,2.1,5.4,223,NA,NA,221,125,272,67,72,420,132,14,425,445,94,14.4,60.2,10.75,20.5
1994,7,17,18,30.1,967.8,41.5,0,1.7,5.5,194,NA,2,89,67,122,35,35,206,97,14,407,422,94,15.6,59.9,11.59,20.4
1994,7,17,19,28.3,968,46.8,0,1.1,4.1,234,NA,NA,9,9,0,4,4,4,4,14,403,406,94,15.8,58.6,11.78,20
1994,7,17,20,24.9,968.4,59.4,0,1,2.4,51,NA,NA,0,0,0,0,0,0,0,14,374,385,94,16.4,56.2,12.25,19.3
1994,7,17,21,23.6,968.6,64.5,0,0.7,2.4,73,NA,NA,0,0,0,0,0,0,0,14,371,381,94,16.5,55,12.3,18.9
1994,7,17,22,22.5,968.7,71.1,0,0.7,2,41,NA,NA,1,0,0,0,0,0,0,14,367,376,94,17,54.9,12.69,18.9
1994,7,17,23,21.8,968.3,74.4,0,0.7,1.8,250,NA,NA,0,0,0,0,0,0,0,14,355,369,94,17,54.3,12.73,18.6
1994,7,18,0,20.9,967.8,76.5,0,0.6,1.8,41,NA,NA,1,0,0,0,0,0,0,14,353,366,94,16.6,52.5,12.39,18.1
1994,7,18,1,20.3,967.1,77.4,0,0.7,2.2,41,NA,NA,1,0,0,0,0,0,0,14,349,363,94,16.2,51.1,12.08,17.6
1994,7,18,2,19.8,967.4,77,0,0.5,1.9,59,NA,NA,0,0,0,0,0,0,0,14,347,360,94,15.7,49.5,11.64,17.2
1994,7,18,3,19.8,968.1,78.9,0,0.5,1.4,77,NA,NA,0,0,0,0,0,0,0,14,350,361,94,16,50.2,11.93,17.3
1994,7,18,4,19.5,969.2,82.6,0,0.8,3.3,284,NA,NA,9,9,0,5,4,4,5,14,346,361,94,16.5,50.7,12.25,17.6
1994,7,18,5,21.3,969.8,74.7,0,1.4,4.7,245,NA,NA,67,59,47,110,30,29,59,14,378,383,94,16.6,52.8,12.37,18.2
1994,7,18,6,23.9,970,54.9,0,4.5,8.7,237,NA,2,165,137,83,231,67,63,97,14,379,394,94,14.3,51.1,10.61,17.8
1994,7,18,7,24.5,969.9,51.2,0,2.7,5.7,286,NA,NA,315,226,178,394,120,100,118,14,385,407,94,13.8,50.8,10.26,17.7
1994,7,18,8,25.5,969,47.3,0,2.4,5.8,277,NA,NA,410,303,164,365,187,129,137,14,422,434,94,13.5,51.3,10.06,17.9
1994,7,18,9,25.6,968.5,45.8,0,2,4.3,305,NA,NA,369,303,86,252,192,131,135,14,421,431,94,13.1,50.7,9.8,17.7
1994,7,18,10,27.2,968,42,0,1.8,6.1,273,NA,NA,781,316,544,429,436,156,156,14,432,452,94,13.2,52.6,9.89,18.3
1994,7,18,11,29.1,967.3,35.6,0,2.5,6.8,251,NA,NA,724,408,351,261,419,185,174,14,394,439,94,12.3,53.2,9.36,18.4
1994,7,18,12,29.1,967.7,37.3,0,4.8,9.9,260,NA,4,474,403,78,178,255,198,170,14,386,424,94,13.1,54.3,9.81,18.8
1994,7,18,13,27.2,967.5,48.1,0,3.7,9.5,347,NA,NA,447,420,31,170,236,229,169,14,388,422,94,15.3,56.3,11.35,19.4
1994,7,18,14,24.4,967.4,64.9,0.3,2.5,8.9,289,NA,NA,247,238,12,108,120,129,108,14,391,403,94,17.4,57.7,13.01,19.7
1994,7,18,15,23,967.6,70.2,0,1.5,5.2,140,NA,NA,123,123,0,59,59,61,59,14,387,399,94,17.3,56,12.94,19.2
1994,7,18,16,22.2,967.9,74,0.3,2.5,5.9,88,NA,NA,184,175,17,80,85,130,84,14,380,393,94,17.3,55.3,12.99,18.9
1994,7,18,17,21.4,968,77.8,0.1,2,4,74,NA,NA,62,62,0,30,30,28,30,14,371,384,94,17.4,54.6,13,18.7
1994,7,18,18,21.2,968.2,84.3,0.1,1.5,3.2,83,NA,7,35,35,0,17,17,15,16,14,376,384,94,18.4,56.7,13.93,19.3
1994,7,18,19,21.3,968.5,86.1,0,1.1,3.6,77,NA,NA,14,14,0,6,6,9,8,14,373,382,94,18.9,57.8,14.32,19.7
1994,7,18,20,20.5,968.9,84.6,0,0.8,1.7,293,NA,NA,0,0,0,0,0,0,0,14,361,374,94,17.8,54.6,13.37,18.7
1994,7,18,21,20.5,968.8,83.3,0,0.5,1.3,239,NA,NA,2,0,0,0,0,0,0,14,361,375,94,17.6,54,13.16,18.6
1994,7,18,22,20.5,968.9,82.1,0,1.2,3.5,260,NA,NA,2,0,0,0,0,0,0,14,360,375,94,17.3,53.5,12.97,18.4
1994,7,18,23,19.8,968.4,86.4,0.6,2.8,5.6,254,NA,NA,0,0,0,0,0,0,0,14,378,380,94,17.5,53.1,13.08,18.3
1994,7,19,0,19.2,968.1,86,0,2.4,5.6,253,NA,NA,2,0,0,0,0,0,0,14,373,376,94,16.8,51.1,12.53,17.6
1994,7,19,1,18.7,967.9,90.3,0,0.4,2,14,NA,NA,0,0,0,0,0,0,0,14,372,375,94,17.1,51.2,12.76,17.7
1994,7,19,2,19,967.7,82.8,0,2.1,6.4,233,NA,NA,2,0,0,0,0,0,0,14,357,367,94,16,49.3,11.91,17.1
1994,7,19,3,18.5,967.8,84.5,0,3.9,7,256,NA,NA,1,0,0,0,0,0,0,14,354,365,94,15.8,48.5,11.78,16.8
1994,7,19,4,18.4,967.7,85.6,0,3,4.4,258,NA,NA,4,4,0,1,2,2,2,14,354,367,94,15.9,48.6,11.86,16.8
1994,7,19,5,18.3,967.7,86.6,0,2.5,4.3,263,NA,NA,53,53,0,31,24,24,27,14,362,372,94,16,48.6,11.93,16.8
1994,7,19,6,19.3,967.8,83,0,3.2,5.8,256,NA,6,187,134,155,323,71,66,116,14,371,383,94,16.3,50.3,12.17,17.4
1994,7,19,7,20.2,968,77.9,0,3.5,6,253,NA,NA,231,212,39,196,101,90,100,14,373,388,94,16.2,51,12.07,17.6
1994,7,19,8,20.7,968,74.6,0,4.4,7.3,252,NA,NA,386,306,122,336,180,128,136,14,376,393,94,16,51.1,11.92,17.7
1994,7,19,9,20.9,967.8,74.4,0,5.1,7.8,250,NA,NA,247,242,6,132,120,107,109,14,375,390,94,16.2,51.6,12.04,17.8
1994,7,19,10,20.9,967.5,75.7,0,5.3,8.2,246,NA,NA,275,269,7,137,136,118,120,14,375,391,94,16.5,52.2,12.26,18
1994,7,19,11,22.1,967.1,67.5,0,3.8,8,238,NA,NA,585,381,226,227,345,169,159,14,397,416,94,15.8,52.1,11.76,18
1994,7,19,12,22.5,966.9,63.7,0.1,3.2,8.4,265,NA,6,356,345,11,154,180,158,149,14,388,404,94,15.3,51.5,11.37,17.9
1994,7,19,13,22.7,966.8,59.9,0,2.2,6.3,300,NA,NA,317,315,2,138,158,154,137,14,390,406,94,14.5,50.3,10.81,17.5
1994,7,19,14,22.4,967,58.6,0,4.7,9.8,242,NA,NA,217,215,2,98,106,111,98,14,394,404,94,13.9,48.9,10.38,17
1994,7,19,15,22.7,966.9,57.5,0,3.2,6.7,286,NA,NA,363,303,91,128,174,302,134,14,395,410,94,13.9,49.2,10.37,17.1
1994,7,19,16,22.1,966.6,58.4,0,2.3,6.4,349,NA,NA,173,170,6,77,80,106,79,14,391,401,94,13.6,48,10.15,16.8
1994,7,19,17,21.5,966.8,59.8,0,2.4,4.6,327,NA,NA,88,88,0,41,41,46,42,14,389,396,94,13.4,47.1,10.02,16.4
1994,7,19,18,20.9,967,60.9,0,2.4,6.3,315,NA,7,35,35,0,17,17,15,16,14,384,390,94,13.1,46,9.83,16.1
1994,7,19,19,19.5,967.3,67.6,0,1.8,5.7,10,NA,NA,0,0,0,0,0,0,0,14,376,379,94,13.4,45,10.01,15.7
1994,7,19,20,18.9,968,70.1,0,3,8.9,52,NA,NA,0,0,0,0,0,0,0,14,364,371,94,13.3,44.3,9.99,15.5
1994,7,19,21,18.4,968.2,77.3,0,0.9,2.8,120,NA,NA,0,0,0,0,0,0,0,14,367,372,94,14.4,45.6,10.68,15.9
1994,7,19,22,17.3,968.4,88.9,0,3.2,6.1,259,NA,NA,1,0,0,0,0,0,0,14,361,368,94,15.5,46.5,11.48,16.2
1994,7,19,23,16.9,968.1,90,0,3.3,5.2,253,NA,NA,1,0,0,0,0,0,0,14,345,359,94,15.2,45.7,11.33,15.8
1994,7,20,0,16.8,967.5,89.1,0,3.3,6.4,257,NA,NA,0,0,0,0,0,0,0,14,345,357,94,15,45.1,11.15,15.7
1994,7,20,1,16.5,967.2,89.5,0,1.9,3.8,253,NA,NA,0,0,0,0,0,0,0,14,343,354,94,14.8,44.4,10.99,15.4
1994,7,20,2,15.9,967.1,91.3,0,1.5,3,284,NA,NA,0,0,0,0,0,0,0,14,340,351,94,14.5,43.3,10.79,15
1994,7,20,3,16.1,966.9,87.8,0,2.3,4,257,NA,NA,0,0,0,0,0,0,0,14,341,354,94,14.1,42.8,10.5,14.9
1994,7,20,4,16.1,966.8,89.1,0,1.7,2.6,276,NA,NA,5,5,0,2,3,2,2,14,339,354,94,14.3,43.2,10.66,15
1994,7,20,5,16,966.7,89.7,0,1.2,2.5,293,NA,NA,26,26,0,10,13,12,12,14,384,384,94,14.3,43.1,10.67,14.9
1994,7,20,6,16.5,966.8,86.6,0,1.8,3.4,277,NA,8,61,61,0,28,29,29,29,14,387,387,94,14.3,43.5,10.63,15.1
1994,7,20,7,17.1,967.2,83.5,0,1.9,3.4,275,NA,NA,135,135,0,75,64,61,64,14,391,391,94,14.3,44.2,10.64,15.4
1994,7,20,8,18.1,967.1,77.6,0,2,3.7,268,NA,NA,334,286,74,278,161,120,128,14,367,385,94,14.1,44.9,10.54,15.6
1994,7,20,9,19.2,967,72.7,0,1.2,3.5,301,NA,NA,345,310,46,212,174,132,136,14,376,394,94,14.2,46.1,10.58,16.1
1994,7,20,10,20.7,966.9,61.1,0,2.6,7.5,59,NA,NA,459,382,91,240,242,160,163,14,378,402,94,12.9,45.6,9.74,15.9
1994,7,20,11,21.3,966.8,60.1,0,4.1,7.4,59,NA,NA,584,418,185,234,332,184,176,14,385,407,94,13.3,46.7,9.95,16.3
1994,7,20,12,21.1,967.1,61.9,0,4.1,7.4,56,NA,6,348,339,11,151,177,156,147,14,379,398,94,13.5,46.9,10.12,16.4
1994,7,20,13,21,967.3,63.1,0,4,6.9,58,NA,NA,271,269,2,121,135,131,120,14,378,394,94,13.7,47.2,10.25,16.4
1994,7,20,14,20.7,967.2,63.8,0,3.9,6.8,62,NA,NA,208,207,2,95,102,106,95,14,384,395,94,13.6,46.7,10.18,16.3
1994,7,20,15,20.7,967.3,65.9,0,3,5.9,64,NA,NA,140,140,0,66,67,70,66,14,384,393,94,14.1,47.5,10.52,16.6
1994,7,20,16,20.4,967.5,68,0,2.7,5.7,50,NA,NA,78,78,0,38,37,36,38,14,385,391,94,14.3,47.6,10.65,16.6
1994,7,20,17,20.3,967.7,69.4,0,2.5,4.3,35,NA,NA,63,63,0,31,30,29,30,14,370,383,94,14.5,47.8,10.8,16.6
1994,7,20,18,20.2,967.9,71.2,0,2.4,4.3,26,NA,7,67,60,42,30,30,104,56,14,370,383,94,14.8,48.3,11.02,16.8
1994,7,20,19,19.5,968.2,74.8,0,1.5,3.3,2,NA,NA,10,10,0,5,5,6,5,14,363,375,94,14.9,47.7,11.08,16.6
1994,7,20,20,19,968.4,77.3,0,1.2,2.7,9,NA,NA,0,0,0,0,0,0,0,14,360,369,94,14.9,47.3,11.1,16.4
1994,7,20,21,17.6,968.4,83.4,0,0.5,1.3,250,NA,NA,0,0,0,0,0,0,0,14,352,355,94,14.8,45.5,10.97,15.8
1994,7,20,22,17,968.2,86.2,0,0.2,1.2,131,NA,NA,0,0,0,0,0,0,0,14,354,358,94,14.7,44.7,10.91,15.6
1994,7,20,23,17.4,967.9,85.1,0,0.6,1.3,51,NA,NA,1,0,0,0,0,0,0,14,378,378,94,14.9,45.5,11.06,15.8
1994,7,21,0,17.1,967.5,86.2,0,0.4,1.4,86,NA,NA,0,0,0,0,0,0,0,14,374,374,94,14.8,45,10.99,15.7
1994,7,21,1,16.1,967.2,89.6,0,0.2,1.3,41,NA,NA,0,0,0,0,0,0,0,14,368,368,94,14.4,43.3,10.72,15
1994,7,21,2,15.7,967,90.7,0,0.3,1,77,NA,NA,1,0,0,0,0,0,0,14,324,339,94,14.2,42.5,10.58,14.8
1994,7,21,3,15.7,967.2,89.7,0,0.2,0.9,347,NA,NA,0,0,0,0,0,0,0,14,324,339,94,14,42.2,10.46,14.7
1994,7,21,4,16.4,967.5,90.3,0,0.6,1.9,360,NA,NA,8,8,0,5,4,4,4,14,330,349,94,14.8,44.4,11.01,15.4
1994,7,21,5,16.9,967.4,88.9,0,0.6,1.5,302,NA,NA,56,55,7,44,25,25,32,14,369,370,94,15.1,45.3,11.2,15.8
1994,7,21,6,18.5,967.6,83.1,0,1.9,5.2,68,NA,5,226,119,321,483,73,67,144,14,380,386,94,15.6,48,11.58,16.6
1994,7,21,7,19.8,967.6,76.8,0,3.2,6.2,71,NA,NA,386,158,459,623,116,93,109,14,383,396,94,15.6,49.4,11.61,17.1
1994,7,21,8,21,967.5,69.7,0,4.3,7.9,65,NA,NA,545,192,549,643,237,113,120,14,377,400,94,15.3,49.9,11.34,17.3
1994,7,21,9,22.5,967.4,62.5,0,4.7,8.7,64,NA,NA,700,203,650,590,361,125,127,14,381,408,94,15,51,11.14,17.7
1994,7,21,10,23.5,967.4,56.7,0,5.6,9.4,66,NA,NA,801,216,689,442,456,132,132,14,388,414,94,14.4,50.9,10.73,17.7
1994,7,21,11,24.6,967,53.1,0,5,8.6,62,NA,NA,864,209,732,255,512,141,132,14,380,417,94,14.4,52.1,10.74,18.1
1994,7,21,12,25.6,966.8,50.1,0,4.5,8.8,83,NA,1,875,192,762,137,518,242,129,14,380,425,94,14.4,53.2,10.76,18.4
1994,7,21,13,26.3,966.9,49.7,0,4.4,8.9,77,NA,NA,821,183,748,125,467,437,125,14,387,429,94,15,54.8,11.13,18.9
1994,7,21,14,26.8,966.7,47.4,0,4,7.8,69,NA,NA,727,158,738,115,374,603,116,14,392,432,94,14.7,54.8,10.93,18.9
1994,7,21,15,26.8,966.4,46.5,0,3.7,7.5,65,NA,NA,592,140,693,102,249,704,107,14,387,428,94,14.4,54.3,10.72,18.8
1994,7,21,16,26.9,966.5,46.7,0,3.3,8.3,61,NA,NA,414,165,493,97,127,656,112,14,387,423,94,14.5,54.7,10.83,18.9
1994,7,21,17,26.1,966.6,49.3,0,3.5,6.3,64,NA,NA,174,139,103,65,69,250,99,14,378,405,94,14.6,54.1,10.91,18.7
1994,7,21,18,24.5,966.9,55.8,0,2.7,5.4,48,NA,1,26,26,0,13,13,9,12,14,374,393,94,15.1,53.2,11.23,18.4
1994,7,21,19,23.2,967.3,58.8,0,2.3,4,32,NA,NA,5,5,0,3,3,1,2,14,367,385,94,14.7,51.2,10.94,17.8
1994,7,21,20,21.8,967.6,63.6,0,0.9,2.2,74,NA,NA,0,0,0,0,0,0,0,14,356,369,94,14.6,49.5,10.86,17.2
1994,7,21,21,20.7,968.1,70.2,0,0.2,1,194,NA,NA,0,0,0,0,0,0,0,14,354,363,94,15.1,49.3,11.2,17.1
1994,7,21,22,19.4,968.3,75.1,0,0.3,1,266,NA,NA,1,0,0,0,0,0,0,14,347,358,94,14.9,47.6,11.06,16.5
1994,7,21,23,18.8,968.2,77.2,0,0.3,1.3,250,NA,NA,0,0,0,0,0,0,0,14,337,351,94,14.7,46.7,10.95,16.2
1994,7,22,0,18,968.2,79,0,0.3,1.4,284,NA,NA,0,0,0,0,0,0,0,14,335,349,94,14.3,45.1,10.65,15.7
1994,7,22,1,17.3,968,81.7,0,0.1,1.1,0,NA,NA,0,0,0,0,0,0,0,14,332,347,94,14.1,44.1,10.54,15.3
1994,7,22,2,16.7,967.9,83.7,0,0.2,0.9,329,NA,NA,0,0,0,0,0,0,0,14,328,344,94,13.9,43.1,10.39,15
1994,7,22,3,16.3,968.1,85.1,0,0.1,0.7,329,NA,NA,0,0,0,0,0,0,0,14,325,341,94,13.8,42.4,10.3,14.8
1994,7,22,4,16.3,968.3,85.4,0,0.5,1.4,270,NA,NA,0,0,0,0,0,0,0,14,325,342,94,13.8,42.5,10.33,14.8
1994,7,22,5,17.1,968.7,83.4,0,0.4,1.2,14,NA,NA,80,64,94,179,33,32,85,14,336,354,94,14.3,44.1,10.61,15.4
1994,7,22,6,19.5,968.9,77.1,0,0.6,1.9,93,NA,0,209,113,292,448,70,64,134,14,351,376,94,15.4,48.6,11.42,16.9
1994,7,22,7,21.3,968.9,73.4,0,0.9,2.3,23,NA,NA,376,164,429,604,118,94,110,14,358,390,94,16.4,52.3,12.16,18.1
1994,7,22,8,23.2,968.9,65.1,0,1.6,5,100,NA,NA,537,199,527,632,237,114,121,14,373,407,94,16.3,54.1,12.11,18.7
1994,7,22,9,24.5,968.9,60.5,0,2.7,7.5,81,NA,NA,678,240,574,568,355,131,133,14,384,419,94,16.4,55.6,12.17,19.2
1994,7,22,10,25.9,968.6,56.5,0,3.2,5.6,106,NA,NA,789,235,653,438,452,135,135,14,390,430,94,16.6,57.6,12.36,19.7
1994,7,22,11,26.9,968.5,53.4,0,3.1,5.8,94,NA,NA,846,255,662,259,505,150,140,14,396,437,94,16.6,58.7,12.39,20
1994,7,22,12,27.7,968.1,51.1,0,3,5.7,81,NA,1,808,345,518,174,482,259,161,14,395,437,94,16.7,59.6,12.43,20.3
1994,7,22,13,28.5,967.9,47.9,0,2.6,5.5,84,NA,NA,758,317,518,155,436,409,155,14,403,447,94,16.4,59.9,12.21,20.4
1994,7,22,14,29.3,967.5,44,0,2.6,6.3,102,NA,NA,701,204,647,125,369,579,126,14,413,455,94,15.8,59.5,11.74,20.3
1994,7,22,15,29.5,967.2,42,0,3,6.6,79,NA,NA,552,219,512,120,249,629,127,14,411,446,94,15.2,58.6,11.34,20.1
1994,7,22,16,28.8,967.1,41.1,0,2.6,6.3,67,NA,NA,259,217,84,95,111,265,106,14,399,427,94,14.3,56.2,10.64,19.4
1994,7,22,17,26.8,967.2,46.9,0,1.5,2.6,26,NA,NA,47,47,0,23,23,19,22,14,402,413,94,14.5,54.5,10.81,18.8
1994,7,22,18,25.6,967.3,58.5,0,1.3,2.6,37,NA,6,36,36,0,17,17,16,17,14,399,406,94,16.9,57.8,12.59,19.8
1994,7,22,19,24.5,967.8,63.2,0,1,1.9,70,NA,NA,10,10,0,5,5,7,6,14,391,395,94,17,57.1,12.74,19.5
1994,7,22,20,23,968.3,70.6,0,0.4,1.5,266,NA,NA,0,0,0,0,0,0,0,14,373,380,94,17.4,56.2,13,19.3
1994,7,22,21,22.2,968.5,73.7,0,0.5,1.3,247,NA,NA,0,0,0,0,0,0,0,14,367,373,94,17.3,55.2,12.92,18.9
1994,7,22,22,21.2,968.5,75.9,0,0.5,1.6,262,NA,NA,0,0,0,0,0,0,0,14,358,368,94,16.8,53.1,12.51,18.3
1994,7,22,23,20,968.5,80.6,0,0.1,0.7,284,NA,NA,0,0,0,0,0,0,0,14,348,361,94,16.6,51.4,12.34,17.8
1994,7,23,0,19.6,968.2,82.4,0,0.2,1,239,NA,NA,1,0,0,0,0,0,0,14,351,365,94,16.5,50.9,12.31,17.6
1994,7,23,1,19.9,968.2,80.3,0,0.2,1.1,329,NA,NA,2,0,0,0,0,0,0,14,349,367,94,16.4,51,12.22,17.6
1994,7,23,2,20.1,968.2,80,0,0.6,1.7,266,NA,NA,1,0,0,0,0,0,0,14,398,398,94,16.5,51.5,12.32,17.8
1994,7,23,3,19.4,968.2,83,0,0.4,1.4,14,NA,NA,0,0,0,0,0,0,0,14,394,394,94,16.4,50.6,12.24,17.5
1994,7,23,4,19.8,968.3,81.6,0,0.4,1.1,59,NA,NA,5,5,0,2,2,2,2,14,399,399,94,16.6,51.2,12.34,17.7
1994,7,23,5,20.4,968.4,80.6,0,0.4,1.3,298,NA,NA,34,34,0,15,16,16,16,14,362,378,94,17,52.6,12.65,18.2
1994,7,23,6,21,968.7,76.7,0,0.9,2.5,14,NA,7,50,50,0,21,24,24,24,14,361,380,94,16.8,52.8,12.49,18.2
1994,7,23,7,21.4,969,77.6,0,0.8,1.9,112,NA,NA,70,70,0,32,34,33,34,14,369,386,94,17.3,54.4,12.95,18.7
1994,7,23,8,22.3,968.9,71.2,0,1.1,2.6,82,NA,NA,156,156,0,82,75,71,73,14,369,392,94,16.8,54.3,12.55,18.7
1994,7,23,9,22.8,968.9,69.3,0,1.4,3.2,95,NA,NA,207,204,4,109,101,92,94,14,374,398,94,16.9,55,12.59,18.9
1994,7,23,10,23.1,968.8,66.8,0,1.8,3.4,91,NA,NA,233,230,4,116,116,103,105,14,374,399,94,16.6,54.7,12.36,18.8
1994,7,23,11,23.1,968.5,66.9,0,1.9,3.8,101,NA,NA,215,212,3,102,107,97,98,14,416,419,94,16.6,54.7,12.38,18.8
1994,7,23,12,25.2,968,56.9,0,1.9,5.2,110,NA,7,713,422,326,190,424,253,175,14,434,449,94,16.1,55.8,11.94,19.2
1994,7,23,13,26.2,967.5,48.7,0,2.5,5.1,106,NA,NA,729,334,465,156,423,395,155,14,437,457,94,14.6,54,10.83,18.7
1994,7,23,14,25.7,967.3,51.3,0,3,6.3,76,NA,NA,407,336,93,143,216,276,144,14,379,413,94,14.9,54.1,11.08,18.7
1994,7,23,15,24.9,967.3,55.7,0,4.3,6.9,60,NA,NA,326,307,29,127,157,234,131,14,382,410,94,15.4,54.3,11.48,18.7
1994,7,23,16,25.2,967,54.5,0,3.6,6,60,NA,NA,223,211,23,91,101,179,99,14,381,406,94,15.4,54.5,11.44,18.8
1994,7,23,17,24.5,967.3,58,0,3.4,7.1,64,NA,NA,157,133,71,61,64,187,83,14,376,399,94,15.7,54.4,11.68,18.7
1994,7,23,18,23.2,967.2,67.2,0,2.3,4.1,72,NA,7,38,38,0,18,18,18,18,14,370,389,94,16.8,55.2,12.53,19
1994,7,23,19,22.8,968.2,65.8,0,0.8,3.5,149,NA,NA,2,2,0,1,1,0,0,14,369,383,94,16.1,53.3,11.95,18.4
1994,7,23,20,22.2,968.4,67.6,0,0.8,3.3,257,NA,NA,0,0,0,0,0,0,0,14,365,379,94,15.9,52.4,11.84,18.1
1994,7,23,21,21.1,968.3,72.5,0,0.5,1.9,131,NA,NA,0,0,0,0,0,0,0,14,358,371,94,16,51.4,11.87,17.8
1994,7,23,22,19.9,968.4,79.9,0,1.1,2.4,14,NA,NA,0,0,0,0,0,0,0,14,352,366,94,16.3,50.9,12.15,17.6
1994,7,23,23,19.4,968.2,81.7,0,0.5,2.1,262,NA,NA,0,0,0,0,0,0,0,14,360,366,94,16.2,50.1,12.05,17.3
1994,7,24,0,18.7,968.2,83.8,0,0.4,1.3,266,NA,NA,0,0,0,0,0,0,0,14,352,360,94,15.9,48.8,11.82,16.9
1994,7,24,1,18,968.2,86.4,0,0.4,1.3,257,NA,NA,0,0,0,0,0,0,0,14,351,359,94,15.7,47.7,11.66,16.5
1994,7,24,2,17.7,968,85.1,0,0.3,1.1,284,NA,NA,0,0,0,0,0,0,0,14,348,357,94,15.2,46.3,11.27,16.1
1994,7,24,3,16.8,968.2,87.8,0,0.2,1.2,329,NA,NA,0,0,0,0,0,0,0,14,342,349,94,14.8,44.7,10.98,15.5
1994,7,24,4,16.2,968.4,89.3,0,0.2,1.1,59,NA,NA,0,0,0,0,0,0,0,14,344,352,94,14.4,43.5,10.74,15.1
1994,7,24,5,17.2,968.6,88.1,0,0.3,1.1,41,NA,NA,88,50,245,315,31,31,131,14,346,359,94,15.2,45.9,11.3,15.9
1994,7,24,6,19.5,968.6,79.5,0,0.7,2.3,14,NA,3,234,96,425,556,66,61,147,14,357,379,94,15.9,49.5,11.79,17.2
1994,7,24,7,21.2,968.7,67,0,1.1,2.7,63,NA,NA,397,135,535,671,113,87,101,14,362,392,94,14.8,49.3,11.02,17.1
1994,7,24,8,22.9,968.4,59.7,0,1.1,3.8,41,NA,NA,528,205,505,622,239,115,122,14,370,403,94,14.6,50.7,10.89,17.6
1994,7,24,9,24.8,968.1,53.7,0,1.1,4,41,NA,NA,677,236,582,571,360,130,132,14,379,419,94,14.8,52.9,10.99,18.3
1994,7,24,10,26.5,968,50,0,1.5,4.3,100,NA,NA,784,230,656,437,456,134,134,14,386,431,94,15.2,55.5,11.32,19.1
1994,7,24,11,27.7,967.5,44.8,0,1.9,5,122,NA,NA,833,262,642,259,505,151,140,14,392,439,94,14.6,55.6,10.88,19.2
1994,7,24,12,29.1,966.9,38.9,0,1.3,7.3,104,NA,3,842,253,661,150,511,247,139,14,396,448,94,13.7,55.4,10.25,19.1
1994,7,24,13,30.5,966.4,30.5,0,2.2,8,259,NA,NA,803,235,671,136,469,434,136,14,394,447,94,11.2,52.9,8.69,18.4
1994,7,24,14,30.6,965.8,30.3,0,3.5,8.8,263,NA,NA,681,261,549,140,364,549,141,14,396,444,94,11.2,53,8.69,18.4
1994,7,24,15,31.1,965.3,24.1,0,2.9,8,240,NA,NA,593,165,663,110,262,705,115,14,392,440,94,8.2,49.4,7.1,17.2
1994,7,24,16,30.5,965.3,30.1,0,1.8,5,216,NA,NA,417,183,467,102,137,654,118,14,398,439,94,11,52.6,8.58,18.3
1994,7,24,17,27.7,965.3,42.5,0,2.9,4.8,69,NA,NA,113,112,3,51,52,71,55,14,389,412,94,13.8,54.2,10.34,18.7
1994,7,24,18,26.1,966.1,47.5,0,2.8,5.9,33,NA,2,47,47,0,22,22,25,23,14,379,400,94,14.1,53.1,10.51,18.4
1994,7,24,19,24.8,967,52.3,0,1.7,3.8,62,NA,NA,3,3,0,2,2,0,1,14,374,389,94,14.4,52.2,10.71,18.1
1994,7,24,20,23.2,967.5,63,0,1.5,3.9,100,NA,NA,1,0,0,0,0,0,0,14,365,379,94,15.8,53.2,11.73,18.4
1994,7,24,21,21.9,967.6,64.9,0,0.7,1.8,48,NA,NA,0,0,0,0,0,0,0,14,362,374,94,15,50.4,11.15,17.5
1994,7,24,22,20.9,967.5,70.9,0,0.7,1.8,284,NA,NA,0,0,0,0,0,0,0,14,359,368,94,15.4,50.1,11.47,17.4
1994,7,24,23,19.6,967.8,77.6,0,0.3,1.6,0,NA,NA,0,0,0,0,0,0,0,14,341,355,94,15.6,49.1,11.58,17
1994,7,25,0,18.9,967.7,79.7,0,0.4,1.2,14,NA,NA,0,0,0,0,0,0,0,14,340,355,94,15.3,47.9,11.39,16.6
1994,7,25,1,18.5,967.7,80.9,0,0.6,1.4,262,NA,NA,1,0,0,0,0,0,0,14,335,352,94,15.2,47.2,11.27,16.4
1994,7,25,2,18.1,967.8,81.1,0,0.4,1.1,221,NA,NA,0,0,0,0,0,0,0,14,344,354,94,14.8,46.1,11.01,16
1994,7,25,3,17.2,967.6,85.3,0,0.5,1.8,311,NA,NA,1,0,0,0,0,0,0,14,340,351,94,14.7,45,10.94,15.6
1994,7,25,4,16.9,968,85.5,0,0.3,1.3,77,NA,NA,7,0,0,0,0,0,0,14,339,350,94,14.5,44.2,10.76,15.4
1994,7,25,5,17.9,968.6,83,0,0.3,1.2,284,NA,NA,86,51,226,299,31,31,125,14,349,363,94,15,46.2,11.12,16.1
1994,7,25,6,19.9,968.9,75.9,0,0.5,2.3,360,NA,4,193,125,211,367,69,63,117,14,359,381,94,15.5,49.3,11.53,17.1
1994,7,25,7,22.2,969.2,67.3,0,0.6,2.3,315,NA,NA,359,171,385,573,122,94,110,14,370,396,94,15.9,52.3,11.77,18.1
1994,7,25,8,24.1,969.2,59.4,0,0.8,2.7,292,NA,NA,463,278,291,477,216,126,134,14,383,412,94,15.7,53.9,11.65,18.6
1994,7,25,9,25.1,969.4,54.6,0,0.9,3.1,194,NA,NA,420,354,86,272,214,147,150,14,388,415,94,15.3,54.2,11.36,18.7
1994,7,25,10,26.6,969.1,50.4,0,0.6,4.1,247,NA,NA,524,388,161,287,294,162,164,14,410,438,94,15.5,56,11.47,19.3
1994,7,25,11,28.5,968.5,45.1,0,1.9,4.8,218,NA,NA,836,338,561,276,507,174,162,14,401,447,94,15.5,58,11.48,19.9
1994,7,25,12,29.8,968.5,39.6,0,3.1,8.2,44,NA,5,718,400,358,186,432,251,172,14,389,441,94,14.6,57.7,10.85,19.8
1994,7,25,13,29.5,968.4,34.5,0,2.6,7.2,9,NA,NA,733,338,466,157,430,399,156,14,398,445,94,12.2,53.4,9.27,18.5
1994,7,25,14,28.2,968.4,42.5,0,2.2,6.1,354,NA,NA,237,227,14,105,121,132,105,14,391,419,94,14.3,55.5,10.61,19.2
1994,7,25,15,26.6,968.4,39,0,3,5.5,256,NA,NA,138,138,0,65,66,69,65,14,386,409,94,11.5,49.3,8.84,17.2
1994,7,25,16,26.9,968.4,47.4,0,2.8,7.1,65,NA,NA,244,209,70,92,108,244,102,14,397,420,94,14.8,55.1,10.98,19
1994,7,25,17,26.6,968.6,51.2,0,1.6,4.4,77,NA,NA,137,132,16,58,60,116,69,14,387,410,94,15.7,56.5,11.66,19.4
1994,7,25,18,25.8,969,56.2,0,1.1,2.5,321,NA,6,59,58,9,26,26,49,34,14,385,401,94,16.4,57.1,12.21,19.6
1994,7,25,19,24.2,969.4,65.1,0,0.7,1.9,266,NA,NA,0,0,0,0,0,0,0,14,375,386,94,17.2,57.1,12.87,19.5
1994,7,25,20,23,970.3,70.2,0,0.5,1.6,329,NA,NA,0,0,0,0,0,0,0,14,369,378,94,17.3,55.9,12.9,19.2
1994,7,25,21,23.4,971.5,61.3,0,4.2,8.1,236,NA,NA,0,0,0,0,0,0,0,14,368,386,94,15.5,52.8,11.5,18.3
1994,7,25,22,22.5,971.4,58.7,0,4.6,9.1,251,NA,NA,2,0,0,0,0,0,0,14,359,380,94,14,49.1,10.41,17.1
1994,7,25,23,21.3,971.4,63.1,0,1.5,5.2,247,NA,NA,0,0,0,0,0,0,0,14,356,373,94,14,47.8,10.4,16.7
1994,7,26,0,20,971.2,70.2,0,1.9,4.7,284,NA,NA,0,0,0,0,0,0,0,14,350,367,94,14.4,47.2,10.69,16.5
1994,7,26,1,19.3,971.3,73,0,0.3,1.3,176,NA,NA,0,0,0,0,0,0,0,14,350,358,94,14.3,46.4,10.64,16.2
1994,7,26,2,18.4,971.3,78.5,0,0.9,2.1,291,NA,NA,1,0,0,0,0,0,0,14,338,351,94,14.6,45.9,10.82,16
1994,7,26,3,17.8,971.5,81.4,0,0.5,1.7,194,NA,NA,1,0,0,0,0,0,0,14,330,347,94,14.6,45.3,10.8,15.8
1994,7,26,4,17.2,971.9,84.3,0,0.5,1.8,329,NA,NA,6,0,0,0,0,0,0,14,329,347,94,14.5,44.6,10.76,15.5
1994,7,26,5,17.8,972.4,83.2,0,0.3,1.2,14,NA,NA,63,53,70,141,28,27,67,14,347,360,94,14.9,45.9,11.03,16
1994,7,26,6,19.7,972.4,76,0,0.9,2,271,NA,5,196,122,230,383,68,63,118,14,356,379,94,15.4,48.6,11.36,17
1994,7,26,7,21.5,972.5,67.2,0,0.7,2.9,245,NA,NA,354,172,373,545,119,92,107,14,364,393,94,15.2,50.1,11.21,17.5
1994,7,26,8,23.5,972.4,60.6,0,0.8,2.5,337,NA,NA,507,232,434,574,234,120,127,14,375,408,94,15.4,52.7,11.42,18.2
1994,7,26,9,25.3,972.3,52.2,0,1.6,3.9,89,NA,NA,651,253,527,541,351,135,137,14,381,422,94,14.8,53.4,10.95,18.5
1994,7,26,10,26.5,972.2,50.8,0,2.3,6,85,NA,NA,758,301,543,425,446,152,152,14,389,432,94,15.5,55.9,11.46,19.3
1994,7,26,11,27.2,971.6,48.6,0,2.9,6.1,52,NA,NA,781,365,469,267,476,174,162,14,394,434,94,15.4,56.5,11.43,19.4
1994,7,26,12,27.3,971.4,46.9,0,2.4,8,76,NA,3,403,347,63,158,220,173,152,14,387,423,94,15,55.8,11.09,19.3
1994,7,26,13,26.5,971.1,48.4,0,1.9,3.7,52,NA,NA,116,116,0,56,57,56,56,14,383,408,94,14.7,54.5,10.92,18.8
1994,7,26,14,26.1,971,50.7,0,1.5,3,53,NA,NA,66,66,0,33,32,31,33,14,392,407,94,15.1,54.7,11.17,18.9
1994,7,26,15,26.4,970.6,54.9,0,1.4,3.5,8,NA,NA,170,169,2,78,82,90,78,14,403,419,94,16.6,58,12.34,19.9
1994,7,26,16,27.2,970.5,49,0,0.9,2.6,14,NA,NA,236,214,45,93,105,204,100,14,398,421,94,15.6,56.8,11.53,19.6
1994,7,26,17,26.8,970.5,52.1,0,0.4,1.6,32,NA,NA,120,118,6,53,54,80,58,14,392,411,94,16.2,57.5,11.99,19.8
1994,7,26,18,25.9,970.6,60.9,0,0.7,2.1,340,NA,5,81,53,174,32,32,252,106,14,387,404,94,17.8,60,13.32,20.4
1994,7,26,19,23.9,971,67.9,0,1.5,3.7,35,NA,NA,0,0,0,0,0,0,0,14,374,388,94,17.6,57.6,13.17,19.7
1994,7,26,20,22.4,971.4,74.8,0,0.9,3.5,59,NA,NA,0,0,0,0,0,0,0,14,360,373,94,17.7,56.2,13.25,19.3
1994,7,26,21,20.9,971.5,79.4,0,0.5,1.6,329,NA,NA,1,0,0,0,0,0,0,14,350,364,94,17.2,53.6,12.82,18.5
1994,7,26,22,19.7,971.7,77.1,0,0.6,1.8,253,NA,NA,0,0,0,0,0,0,0,14,346,360,94,15.6,49.1,11.53,17.1
1994,7,26,23,19.3,971.5,76.2,0,0.7,1.7,257,NA,NA,0,0,0,0,0,0,0,14,342,356,94,15,47.6,11.11,16.6
1994,7,27,0,18.2,971.4,80.6,0,0.4,1.4,250,NA,NA,0,0,0,0,0,0,0,14,335,350,94,14.8,46.1,10.97,16.1
1994,7,27,1,17.4,971.2,83.9,0,0.3,1.3,347,NA,NA,1,0,0,0,0,0,0,14,333,348,94,14.7,45,10.86,15.7
1994,7,27,2,17,971.1,85.3,0,0.1,0.8,284,NA,NA,0,0,0,0,0,0,0,14,330,344,94,14.5,44.4,10.76,15.4
1994,7,27,3,16.7,971.1,87.6,0,0.2,1.5,284,NA,NA,0,0,0,0,0,0,0,14,331,345,94,14.6,44.3,10.85,15.4
1994,7,27,4,16.2,971.2,90,0,0.3,1.1,311,NA,NA,7,0,0,0,0,0,0,14,328,343,94,14.6,43.6,10.79,15.2
1994,7,27,5,17.3,971.4,87,0,0.2,0.8,104,NA,NA,67,57,68,146,30,29,70,14,345,358,94,15.1,45.7,11.19,15.9
1994,7,27,6,19.9,971.7,82.2,0,0.4,1.3,70,NA,1,199,103,301,448,66,60,126,14,363,381,94,16.8,51.6,12.47,17.9
1994,7,27,7,22.1,971.6,75.1,0,1.2,3.1,59,NA,NA,354,156,409,582,120,90,105,14,373,397,94,17.5,55.4,13.05,19
1994,7,27,8,23.5,971.5,62.8,0,1.1,3.3,98,NA,NA,511,220,460,586,237,117,124,14,375,410,94,16,53.8,11.86,18.6
1994,7,27,9,25.2,971.1,56.7,0,1.5,4.2,95,NA,NA,651,251,532,543,353,135,137,14,385,424,94,16,55.6,11.86,19.1
1994,7,27,10,26.6,970.7,52.5,0,2.7,5.3,111,NA,NA,757,299,545,425,448,152,152,14,393,438,94,16.1,57.2,11.94,19.6
1994,7,27,11,28.1,970.2,48.5,0,2.4,5.1,106,NA,NA,820,256,637,256,508,149,139,14,403,449,94,16.2,59,12.05,20.2
1994,7,27,12,29.5,969.5,43.9,0,2.4,5.1,109,NA,1,831,248,659,148,516,245,138,14,403,455,94,15.9,59.9,11.83,20.4
1994,7,27,13,30.6,968.8,39.1,0,2.6,4.8,108,NA,NA,792,289,597,153,471,430,152,14,411,463,94,15.1,59.5,11.22,20.3
1994,7,27,14,31.1,968.3,35.8,0,1.9,4.6,101,NA,NA,555,358,259,152,303,420,153,14,413,457,94,14.2,58.3,10.56,20
1994,7,27,15,30.6,968.1,36.9,0,3.2,5.9,95,NA,NA,404,305,155,131,195,359,135,14,416,451,94,14.2,57.9,10.59,19.9
1994,7,27,16,30.2,968.2,40.5,0,3.4,5.9,79,NA,NA,443,163,567,99,141,728,113,14,415,448,94,15.3,59.4,11.37,20.3
1994,7,27,17,29.8,968,40,0,4.2,7.8,68,NA,NA,303,140,494,79,86,669,169,14,400,432,94,14.8,58,10.97,19.9
1994,7,27,18,28,968.2,45.7,0,2.2,6,65,NA,3,83,66,109,33,34,194,87,14,391,412,94,15.2,57,11.3,19.6
1994,7,27,19,26,968.6,52.6,0,1.1,2.5,19,NA,NA,0,0,0,0,0,0,0,14,381,395,94,15.6,55.6,11.56,19.2
1994,7,27,20,24.2,969,63.3,0,0.8,3,73,NA,NA,0,0,0,0,0,0,0,14,375,382,94,16.8,56.2,12.51,19.3
1994,7,27,21,22.6,969.2,71.7,0,0.3,1.2,266,NA,NA,0,0,0,0,0,0,0,14,370,376,94,17.2,55.5,12.87,19
1994,7,27,22,21.7,969.4,75.6,0,0.3,1.3,257,NA,NA,0,0,0,0,0,0,0,14,364,370,94,17.2,54.5,12.85,18.7
1994,7,27,23,20.5,969.2,80.6,0,0.3,1.1,14,NA,NA,0,0,0,0,0,0,0,14,353,363,94,17,52.9,12.72,18.2
1994,7,28,0,19.9,968.8,82.6,0,0.1,0.6,284,NA,NA,0,0,0,0,0,0,0,14,349,359,94,16.9,51.9,12.57,17.9
1994,7,28,1,18.7,968.8,85.8,0,0.5,1.6,318,NA,NA,0,0,0,0,0,0,0,14,340,355,94,16.3,49.5,12.1,17.2
1994,7,28,2,18.9,968.5,81.8,0,0.4,1.8,239,NA,NA,0,0,0,0,0,0,0,14,344,355,94,15.7,48.6,11.68,16.9
1994,7,28,3,17.9,968.3,86.2,0,0.3,1.2,311,NA,NA,0,0,0,0,0,0,0,14,336,351,94,15.6,47.3,11.56,16.4
1994,7,28,4,18.1,968.2,85.3,0,0.3,1.5,257,NA,NA,5,0,0,0,0,0,0,14,338,354,94,15.6,47.6,11.59,16.5
1994,7,28,5,19.1,968.5,82.8,0,0.2,0.9,347,NA,NA,65,51,101,168,27,27,75,14,363,374,94,16.1,49.6,11.98,17.2
1994,7,28,6,20.9,969,76.9,0,0.6,1.8,73,NA,5,130,124,16,114,57,54,66,14,363,382,94,16.7,52.6,12.44,18.1
1994,7,28,7,22.4,969.1,70.1,0,1.2,3.1,84,NA,NA,292,208,175,379,118,94,109,14,378,401,94,16.7,54.1,12.43,18.6
1994,7,28,8,23.7,969.4,61.9,0,1.5,3.3,124,NA,NA,271,258,21,188,133,109,114,14,397,414,94,16,54,11.86,18.7
1994,7,28,9,23.4,969.5,65.2,0.1,1,2.5,127,NA,NA,209,205,6,111,103,92,94,14,398,408,94,16.5,54.8,12.27,18.9
1994,7,28,10,25,969.4,61.2,0,0.6,2.7,163,NA,NA,428,350,94,237,245,148,150,14,414,431,94,17,57.5,12.69,19.7
1994,7,28,11,27.4,968.7,51.7,0,2.3,5.3,231,NA,NA,731,373,406,260,445,179,169,14,400,443,94,16.6,59.1,12.35,20.2
1994,7,28,12,29.3,968.5,41.1,0,3,8,258,NA,6,756,347,462,171,470,250,158,14,411,451,94,14.7,57.4,10.94,19.7
1994,7,28,13,30,968.1,36.8,0,3.8,9.9,266,NA,NA,657,386,322,166,388,358,165,14,419,454,94,13.6,56.2,10.19,19.4
1994,7,28,14,30.2,967.5,37.9,0,2,5,297,NA,NA,676,289,511,145,372,546,146,14,413,455,94,14.3,57.6,10.63,19.8
1994,7,28,15,29.1,967.7,46.7,0,2.5,5.4,95,NA,NA,336,288,75,122,168,280,126,14,401,434,94,16.5,60.8,12.33,20.6
1994,7,28,16,25.8,967.8,60.6,0,1.6,4.5,357,NA,NA,90,90,0,43,43,43,43,14,392,408,94,17.6,59.6,13.21,20.3
1994,7,28,17,25.8,967.6,61.4,0,2.5,5.1,262,NA,NA,148,124,74,59,63,206,84,14,411,420,94,17.8,60.1,13.39,20.4
1994,7,28,18,24.6,968,65.7,0,2.1,4.9,256,NA,7,32,32,0,16,15,14,15,14,401,405,94,17.8,58.7,13.33,20
1994,7,28,19,23.4,969,69.4,0,1.2,6.6,46,NA,NA,2,0,0,0,0,0,0,14,399,400,94,17.5,56.8,13.09,19.5
1994,7,28,20,22.6,970,81.1,0.1,4.6,9.5,73,NA,NA,0,0,0,0,0,0,0,14,392,395,94,19.2,59.8,14.59,20.3
1994,7,28,21,21.4,970.7,88.6,3.1,2.2,5.5,43,NA,NA,0,0,0,0,0,0,0,14,386,389,94,19.4,59.1,14.81,20
1994,7,28,22,20.2,969.8,90,0.2,0.7,4.1,295,NA,NA,0,0,0,0,0,0,0,14,380,384,94,18.5,55.8,13.96,19.1
1994,7,28,23,19.7,969.9,91.4,0,1,2.8,277,NA,NA,2,0,0,0,0,0,0,14,395,395,94,18.3,54.7,13.74,18.8
1994,7,29,0,19.5,969.8,93.5,0,0.3,1.7,59,NA,NA,0,0,0,0,0,0,0,14,389,389,94,18.4,54.8,13.89,18.8
1994,7,29,1,18.8,969.9,92.8,0,0.9,2.4,5,NA,NA,2,0,0,0,0,0,0,14,384,384,94,17.6,52.3,13.18,18
1994,7,29,2,18.3,969.5,92.6,0,0.3,1.4,59,NA,NA,1,0,0,0,0,0,0,14,341,356,94,17.1,50.7,12.74,17.5
1994,7,29,3,17.9,969.8,91.4,0.1,0.6,1.7,298,NA,NA,0,0,0,0,0,0,0,14,339,354,94,16.5,49,12.25,17
1994,7,29,4,17.2,969.9,91.2,0,0.7,1.6,41,NA,NA,7,0,0,0,0,0,0,14,334,351,94,15.8,46.9,11.69,16.3
1994,7,29,5,17.8,969.9,90.3,0,0.9,2.9,44,NA,NA,68,50,126,204,29,29,88,14,350,363,94,16.2,48.4,12.02,16.8
1994,7,29,6,19,970.1,87.2,0,0.5,1.5,77,NA,4,158,121,116,248,62,57,90,14,355,371,94,16.8,50.9,12.53,17.6
1994,7,29,7,20.4,969.9,77.3,0,0.5,2.8,131,NA,NA,355,184,357,546,127,94,110,14,362,387,94,16.3,51.3,12.11,17.7
1994,7,29,8,21.9,969.7,74.7,0,1.9,4.1,113,NA,NA,488,218,431,562,232,115,121,14,367,398,94,17.2,54.7,12.84,18.8
1994,7,29,9,23.4,969.1,66.7,0,2.1,4.8,84,NA,NA,654,263,523,546,361,138,139,14,374,410,94,16.9,55.5,12.56,19.1
1994,7,29,10,25.1,968.5,57.2,0,2.5,5.3,74,NA,NA,763,286,570,430,459,150,150,14,384,425,94,16,55.6,11.93,19.1
1994,7,29,11,26.5,968.1,51.6,0,2.6,5.2,106,NA,NA,828,249,658,258,520,148,138,14,386,434,94,15.7,56.5,11.69,19.4
1994,7,29,12,28.3,967.4,44.1,0,2.5,5.1,120,NA,3,843,246,677,149,530,248,139,14,396,448,94,14.9,56.8,11.1,19.5
1994,7,29,13,28.9,966.7,43.2,0,3.3,6.7,86,NA,NA,767,306,549,154,463,420,154,14,398,446,94,15.1,57.9,11.27,19.8
1994,7,29,14,27.4,966.6,45.9,0,3.1,6.3,81,NA,NA,164,163,1,77,80,81,77,14,413,426,94,14.7,55.5,10.97,19.1
1994,7,29,15,24.7,967,51.2,0,3.2,6.2,12,NA,NA,36,36,0,18,18,16,18,14,392,404,94,13.9,51.4,10.41,17.8
1994,7,29,16,23.7,967,54,0,1.2,3.7,51,NA,NA,48,48,0,24,23,20,23,14,396,402,94,13.8,50.2,10.34,17.4
1994,7,29,17,24.3,966.7,57.9,0,1.5,3.5,54,NA,NA,118,116,6,52,53,80,57,14,376,397,94,15.5,53.8,11.52,18.6
1994,7,29,18,23.8,967.7,57.2,0,1.3,3.6,302,NA,7,46,46,0,21,21,25,23,14,371,391,94,14.8,52,11.03,18
1994,7,29,19,23.8,968.2,58.9,0,1.2,3.3,262,NA,NA,3,0,0,0,0,0,0,14,373,388,94,15.3,52.8,11.35,18.3
1994,7,29,20,23.6,969.3,61,0,5.4,13.2,242,NA,NA,0,0,0,0,0,0,0,14,371,388,94,15.6,53.3,11.61,18.4
1994,7,29,21,22.4,969.7,59.2,0,7.8,13,261,NA,NA,0,0,0,0,0,0,0,14,359,381,94,14.1,49.1,10.46,17.1
1994,7,29,22,21.5,969.3,61.6,0,4,8.4,266,NA,NA,0,0,0,0,0,0,0,14,357,375,94,13.8,47.8,10.3,16.7
1994,7,29,23,20.8,969.3,64.8,0,3.4,5.5,250,NA,NA,0,0,0,0,0,0,0,14,383,385,94,13.9,47.3,10.38,16.5
1994,7,30,0,20.1,968.8,69.8,0,2.8,5.3,255,NA,NA,1,0,0,0,0,0,0,14,382,384,94,14.4,47.4,10.72,16.5
1994,7,30,1,19.6,968.6,74.1,0,1.7,3,252,NA,NA,0,0,0,0,0,0,0,14,378,379,94,14.9,47.7,11.04,16.6
1994,7,30,2,18.7,968.7,79.7,0,0.4,2,284,NA,NA,1,0,0,0,0,0,0,14,384,384,94,15.1,47.3,11.23,16.4
1994,7,30,3,18.7,968.6,81.1,0,0.4,1.8,284,NA,NA,1,0,0,0,0,0,0,14,383,383,94,15.4,47.8,11.43,16.6
1994,7,30,4,18.5,968.6,82.4,0,0.4,1.5,28,NA,NA,2,0,0,0,0,0,0,14,385,385,94,15.4,47.7,11.47,16.5
1994,7,30,5,18.7,969.2,82.1,0,0.4,1.5,0,NA,NA,11,11,0,3,6,6,5,14,402,402,94,15.6,48.1,11.57,16.7
1994,7,30,6,19.5,969.6,78.3,0,3.1,5.7,262,NA,8,53,53,0,23,25,25,25,14,401,401,94,15.6,49,11.59,17
1994,7,30,7,18.3,970.1,88.2,1.3,1.5,3.7,260,NA,NA,17,17,0,6,8,8,8,14,396,396,94,16.3,49.1,12.12,17
1994,7,30,8,18.2,970.2,91.4,3.1,0.8,2.5,120,NA,NA,24,24,0,10,12,12,12,14,369,374,94,16.8,49.9,12.49,17.3
1994,7,30,9,18.6,970,90.9,0.6,1.7,4.4,42,NA,NA,82,82,0,40,40,39,40,14,375,378,94,17.1,51,12.74,17.6
1994,7,30,10,19.5,969.9,87.7,0,2.1,3.7,75,NA,NA,321,294,33,168,172,129,131,14,379,387,94,17.4,52.6,13.01,18.1
1994,7,30,11,20.8,969.4,77.9,0,2.1,5.2,73,NA,NA,718,367,400,257,444,177,167,14,387,409,94,16.8,52.7,12.52,18.2
1994,7,30,12,22.3,968.8,69,0,2,4.7,69,NA,7,683,416,304,186,423,247,172,14,392,419,94,16.3,53.3,12.16,18.4
1994,7,30,13,22.6,968.1,67.5,0,2.4,5.3,111,NA,NA,479,360,142,157,277,257,156,14,394,417,94,16.3,53.5,12.12,18.5
1994,7,30,14,24.1,967.1,61.3,0,1.9,5.7,104,NA,NA,644,284,478,142,362,524,143,14,378,420,94,16.2,54.9,12.06,18.9
1994,7,30,15,24.9,966,58.6,0,2.6,6,117,NA,NA,576,138,694,104,271,707,107,14,379,423,94,16.2,55.9,12.11,19.2
1994,7,30,16,24.8,965.5,54.9,0,2.7,4.8,104,NA,NA,386,144,498,89,132,648,101,14,377,413,94,15.1,53.6,11.27,18.5
1994,7,30,17,24.7,966.1,55.9,0,2.2,4,68,NA,NA,218,113,328,65,72,483,127,14,387,409,94,15.3,53.9,11.4,18.6
1994,7,30,18,23.6,966.3,65.3,0,1.8,3.1,61,NA,5,56,50,37,25,25,90,47,14,379,392,94,16.7,55.5,12.48,19
1994,7,30,19,22.1,967.2,73.3,0,0.6,2.1,25,NA,NA,2,0,0,0,0,0,0,14,374,382,94,17.1,54.7,12.79,18.8
1994,7,30,20,21.3,967.6,76.5,0,1,3,260,NA,NA,0,0,0,0,0,0,0,14,362,375,94,17,53.7,12.71,18.5
1994,7,30,21,20.9,967.8,80.6,0,0.4,1.5,298,NA,NA,1,0,0,0,0,0,0,14,362,376,94,17.4,54.2,13.07,18.6
1994,7,30,22,20.5,967.2,84.7,0,1.1,3.3,38,NA,NA,0,0,0,0,0,0,0,14,361,375,94,17.8,54.7,13.41,18.7
1994,7,30,23,20.2,966.6,86.1,0,1.4,3.2,32,NA,NA,0,0,0,0,0,0,0,14,360,373,94,17.8,54.3,13.39,18.6
1994,7,31,0,20.1,966.1,86.2,0,0.9,2.8,51,NA,NA,0,0,0,0,0,0,0,14,360,373,94,17.7,54,13.33,18.5
1994,7,31,1,19.9,966,88.4,0,0.5,1.8,329,NA,NA,0,0,0,0,0,0,0,14,358,371,94,17.9,54.3,13.51,18.6
1994,7,31,2,19.6,965.7,89.2,0,0.7,1.6,360,NA,NA,1,0,0,0,0,0,0,14,390,390,94,17.8,53.7,13.38,18.4
1994,7,31,3,19.1,965.9,90.2,0,0.8,1.6,44,NA,NA,0,0,0,0,0,0,0,14,387,387,94,17.5,52.4,13.11,18
1994,7,31,4,18.6,966.2,90.5,0,0.4,1.4,59,NA,NA,2,0,0,0,0,0,0,14,385,385,94,17,51,12.73,17.6
1994,7,31,5,18.8,966.3,90.1,0,0.5,1.4,302,NA,NA,45,45,0,27,20,20,23,14,388,388,94,17.1,51.5,12.84,17.7
1994,7,31,6,19.7,966.7,86.4,0,0.4,1.4,59,NA,6,125,122,12,108,56,53,63,14,394,394,94,17.4,52.8,13.02,18.2
1994,7,31,7,20.7,966.6,81.7,0,0.8,2.7,21,NA,NA,198,191,15,158,93,82,89,14,399,401,94,17.5,54.1,13.1,18.6
1994,7,31,8,21.5,966.7,76.8,0,0.6,2.2,90,NA,NA,301,279,35,222,147,116,121,14,365,392,94,17.3,54.5,12.93,18.7
1994,7,31,9,23.4,966.5,66.8,0,1.3,3.8,122,NA,NA,534,331,272,419,297,144,147,14,376,412,94,16.9,55.6,12.62,19.1
1994,7,31,10,23.2,966.3,66.5,0,1.4,3,108,NA,NA,232,229,4,116,116,102,104,14,372,401,94,16.6,54.9,12.41,18.9
1994,7,31,11,24.4,965.9,61.2,0,1.6,4.6,97,NA,NA,527,382,165,216,314,171,165,14,385,418,94,16.4,55.8,12.28,19.1
1994,7,31,12,26.5,965.6,55.5,0,2.5,5.1,113,NA,7,750,357,447,173,475,251,159,14,390,434,94,16.9,58.8,12.62,20.1
1994,7,31,13,26.9,965,51.9,0,2.6,5.2,111,NA,NA,732,317,497,154,449,404,153,14,388,438,94,16.2,57.9,12.08,19.8
1994,7,31,14,26.6,964.9,46.7,0,2.2,4.7,107,NA,NA,396,347,66,146,207,249,146,14,384,421,94,14.3,53.9,10.66,18.7
1994,7,31,15,27.2,964.2,48,0,1.8,3.9,88,NA,NA,426,290,216,127,214,426,132,14,391,427,94,15.2,56.4,11.37,19.3
1994,7,31,16,26.5,963.9,48.3,0,3.2,5.5,77,NA,NA,322,251,148,105,139,408,121,14,384,415,94,14.7,54.5,10.94,18.8
1994,7,31,17,25.8,963.9,51,0,3.4,6.4,47,NA,NA,181,124,182,63,69,337,104,14,380,406,94,14.8,54.2,11.07,18.7
1994,7,31,18,24.6,964.4,57.1,0,2.2,3.8,86,NA,5,52,51,8,23,23,42,30,14,380,400,94,15.3,53.7,11.39,18.5
1994,7,31,19,23.2,965,64,0,1.4,3.2,108,NA,NA,3,0,0,0,0,0,0,14,376,391,94,15.6,53,11.67,18.3
1994,7,31,20,21.9,965.7,69.6,0,2.1,4.1,53,NA,NA,0,0,0,0,0,0,0,14,375,387,94,15.7,51.8,11.71,17.9
1994,7,31,21,20.7,966.5,73.4,10.3,6,17.1,241,NA,NA,1,0,0,0,0,0,0,14,370,380,94,15.4,50.1,11.54,17.3
1994,7,31,22,19.6,967.2,77.4,3.4,2,6.4,263,NA,NA,1,0,0,0,0,0,0,14,366,374,94,15.3,48.8,11.46,16.8
1994,7,31,23,18.7,967.9,78.6,0.3,1,3.2,176,NA,NA,1,0,0,0,0,0,0,14,359,368,94,14.8,47,11.09,16.3
2003,8,1,0,17.9,968.6,79.4,0,1.6,3.5,38,NA,NA,0,0,0,0,0,0,0,14,351,361,94,14.2,45.1,10.67,15.6
2003,8,1,1,17.3,969.2,79.8,0,0.7,2.3,45,NA,NA,0,0,0,0,0,0,0,14,343,354,94,13.7,43.6,10.31,15.1
2003,8,1,2,17.1,969.5,79.6,0,1.4,4.4,65,NA,NA,0,0,0,0,0,0,0,14,339,353,94,13.5,42.9,10.14,14.9
2003,8,1,3,17.1,969.9,78.5,0,1.1,3.7,49,NA,NA,1,0,0,0,0,0,0,14,335,352,94,13.3,42.4,9.95,14.8
2003,8,1,4,16.9,970.1,79.4,0,0.6,1.3,284,NA,NA,6,0,0,0,0,0,0,14,332,352,94,13.3,42.2,9.95,14.7
2003,8,1,5,17.5,970.1,78.4,0,0.1,0.9,0,NA,NA,72,46,192,262,28,28,105,14,337,361,94,13.6,43.4,10.17,15.1
2003,8,1,6,18.1,970.3,76.9,0,1.1,3.8,54,NA,1,208,96,366,504,65,59,126,14,344,371,94,13.9,44.5,10.37,15.5
2003,8,1,7,19.7,970.3,71.5,0,2.8,6.4,86,NA,NA,380,130,531,669,125,84,96,14,354,385,94,14.3,46.7,10.62,16.3
2003,8,1,8,21.5,970.3,65.4,0,3.9,8.6,77,NA,NA,537,181,574,663,260,110,115,14,362,398,94,14.7,49.4,10.93,17.2
2003,8,1,9,22.6,970.1,60.5,0,4.9,9.5,81,NA,NA,672,202,632,585,382,123,124,14,370,407,94,14.6,50.2,10.82,17.5
2003,8,1,10,24.1,969.8,53.6,0,5.2,10.4,66,NA,NA,785,204,700,445,485,129,129,14,373,415,94,14.1,50.9,10.49,17.7
2003,8,1,11,25.4,969.6,47.9,0,6.2,12.7,67,NA,NA,840,216,712,256,540,142,133,14,380,421,94,13.6,51.4,10.13,17.9
2003,8,1,12,26.2,969.4,46.5,0,6.6,12.5,66,NA,1,853,193,753,137,548,242,129,14,382,425,94,13.8,52.6,10.31,18.3
2003,8,1,13,27.1,969.1,43.3,0,6.1,11.1,69,NA,NA,799,189,732,126,496,439,126,14,385,430,94,13.6,53.1,10.13,18.5
2003,8,1,14,27.8,969.1,40.3,0,6.5,11,62,NA,NA,709,153,744,112,402,609,113,14,391,431,94,13.1,53,9.81,18.4
2003,8,1,15,27.9,968.9,40.8,0,5.8,10,63,NA,NA,569,134,694,102,273,706,106,14,390,430,94,13.4,53.6,10,18.6
2003,8,1,16,28.1,968.8,41.1,0,5.3,9.2,60,NA,NA,399,115,592,85,133,704,95,14,390,427,94,13.7,54.3,10.19,18.8
2003,8,1,17,27.9,969.1,40.8,0,4.9,8.4,61,NA,NA,232,86,466,61,67,588,133,14,378,415,94,13.4,53.6,10,18.6
2003,8,1,18,26.8,969.2,40.7,0,4.1,8.1,50,NA,0,84,46,257,31,31,328,125,14,366,400,94,12.3,50.8,9.34,17.7
2003,8,1,19,24.4,969.9,46.3,0,2.6,4.2,25,NA,NA,4,0,0,0,0,0,0,14,357,381,94,12.1,48,9.21,16.8
2003,8,1,20,23.4,970.4,49.7,0,1.9,7.8,29,NA,NA,1,0,0,0,0,0,0,14,356,372,94,12.3,47.2,9.3,16.5
2003,8,1,21,22.2,970.9,53.6,0,0.6,2,45,NA,NA,0,0,0,0,0,0,0,14,344,357,94,12.3,46,9.32,16.1
2003,8,1,22,20.6,970.8,59.6,0,0.4,1.2,225,NA,NA,2,0,0,0,0,0,0,14,337,352,94,12.5,44.6,9.4,15.6
2003,8,1,23,19,970.9,66.2,0,0.3,1,270,NA,NA,1,0,0,0,0,0,0,14,335,350,94,12.6,43.1,9.46,15.1
2003,8,2,0,18.3,971,69.4,0,0.3,1.1,270,NA,NA,1,0,0,0,0,0,0,14,330,346,94,12.6,42.5,9.49,14.8
2003,8,2,1,17.9,971.2,72.2,0,0.2,1,270,NA,NA,0,0,0,0,0,0,0,14,327,343,94,12.8,42.4,9.63,14.8
2003,8,2,2,17,970.9,77.1,0,0.3,1.2,288,NA,NA,1,0,0,0,0,0,0,14,325,342,94,13,41.7,9.72,14.6
2003,8,2,3,16.7,971,79.1,0,0.2,1.1,270,NA,NA,1,0,0,0,0,0,0,14,325,339,94,13.1,41.5,9.78,14.5
2003,8,2,4,16,971.1,82.7,0,0.2,0.9,297,NA,NA,6,0,0,0,0,0,0,14,323,338,94,13.1,40.8,9.78,14.2
2003,8,2,5,17.1,971.6,79.4,0,0.1,0.9,315,NA,NA,63,51,87,157,27,26,69,14,335,358,94,13.5,42.7,10.07,14.9
2003,8,2,6,19.7,972.2,72.3,0,0.3,1.3,18,NA,0,198,96,335,475,64,58,120,14,349,384,94,14.6,47.2,10.8,16.5
2003,8,2,7,22.2,972.3,64.5,0,1,3.7,56,NA,NA,367,142,480,637,128,87,99,14,358,398,94,15.2,50.9,11.24,17.7
2003,8,2,8,23.8,972.6,56.3,0,2.3,5,90,NA,NA,532,171,584,662,259,107,112,14,373,412,94,14.6,51.4,10.79,17.9
2003,8,2,9,25.2,972.4,53.9,0,3.4,6.9,70,NA,NA,677,186,662,593,388,120,121,14,386,425,94,15.2,54,11.25,18.7
2003,8,2,10,26.3,972.2,49.1,0,4.2,7.6,79,NA,NA,784,198,709,446,489,128,127,14,385,429,94,14.8,54.3,10.93,18.8
2003,8,2,11,28.2,971.7,43.5,0,3.8,7.6,66,NA,NA,845,196,743,253,547,137,129,14,395,439,94,14.6,56,10.83,19.3
2003,8,2,12,29.5,971.4,37.6,0,4.6,8,59,NA,2,858,180,776,133,556,241,126,14,398,446,94,13.5,55.4,10.08,19.2
2003,8,2,13,30.5,970.9,35,0,4,8.2,65,NA,NA,809,183,754,125,506,445,125,14,405,452,94,13.3,56.1,9.94,19.4
2003,8,2,14,31,971.1,31.8,0,3.9,8.6,69,NA,NA,675,213,619,126,391,576,127,14,404,451,94,12.3,54.9,9.28,19
2003,8,2,15,31.2,970.7,31.7,0,4.3,7.9,63,NA,NA,569,128,705,101,275,710,104,14,403,449,94,12.4,55.4,9.37,19.1
2003,8,2,16,31.2,970.7,29.9,0,4.2,7.3,57,NA,NA,410,97,655,80,131,741,88,14,400,444,94,11.5,54,8.83,18.7
2003,8,2,17,30.9,970.4,31.1,0,3.6,6.5,61,NA,NA,238,69,541,56,61,638,132,14,401,437,94,11.9,54.2,9.03,18.8
2003,8,2,18,29.7,970.7,33.7,0,3.3,6.2,55,NA,1,79,44,254,30,30,321,121,14,390,418,94,12,53.2,9.14,18.5
2003,8,2,19,26.9,971.4,40.3,0,1.9,3.4,22,NA,NA,2,0,0,0,0,0,0,14,380,395,94,12.3,50.7,9.28,17.7
2003,8,2,20,25.7,971.8,43.2,0,0.5,2.6,104,NA,NA,0,0,0,0,0,0,0,14,364,376,94,12.3,49.5,9.26,17.3
2003,8,2,21,23.8,971.9,48.3,0,0.5,1.7,90,NA,NA,0,0,0,0,0,0,0,14,353,366,94,12.2,47.5,9.24,16.6
2003,8,2,22,21.7,972.1,56.6,0,0.6,2.1,259,NA,NA,1,0,0,0,0,0,0,14,349,364,94,12.7,46.1,9.54,16.1
2003,8,2,23,21.3,972.2,58.9,0,0.6,1.9,261,NA,NA,0,0,0,0,0,0,0,14,346,360,94,12.9,46,9.69,16.1
2003,8,3,0,19.7,972.3,65.2,0,0.1,1,315,NA,NA,0,0,0,0,0,0,0,14,339,353,94,13,44.5,9.72,15.6
2003,8,3,1,19.4,972.6,67.6,0,0.1,0.7,270,NA,NA,0,0,0,0,0,0,0,14,337,351,94,13.3,44.6,9.89,15.6
2003,8,3,2,18.4,972.5,73.2,0,0.1,2,270,NA,NA,0,0,0,0,0,0,0,14,336,350,94,13.5,44,10.06,15.4
2003,8,3,3,17.9,972.6,77.9,0,0.2,0.8,315,NA,NA,0,0,0,0,0,0,0,14,334,348,94,14,44.3,10.38,15.5
2003,8,3,4,17.6,973.2,80.9,0,0.1,0.9,315,NA,NA,5,0,0,0,0,0,0,14,335,348,94,14.3,44.5,10.58,15.5
2003,8,3,5,18.9,973.3,76.6,0,0.3,1.1,45,NA,NA,62,50,93,162,27,26,70,14,345,367,94,14.7,46.6,10.87,16.3
2003,8,3,6,21.2,973.4,70.3,0,0.4,1.7,45,NA,1,203,89,379,509,62,56,121,14,358,392,94,15.6,50.6,11.51,17.6
2003,8,3,7,23.7,973.6,61.7,0,0.9,2.4,97,NA,NA,369,136,499,649,129,85,97,14,371,409,94,15.9,53.8,11.77,18.6
2003,8,3,8,25.7,973.6,52.2,0,1.3,3.2,103,NA,NA,535,163,604,672,263,105,110,14,387,426,94,15.2,54.4,11.21,18.9
2003,8,3,9,27.6,973.5,48.3,0,1.7,3.8,94,NA,NA,678,178,677,597,392,118,118,14,400,439,94,15.7,57.4,11.6,19.7
2003,8,3,10,28.8,973.2,45.4,0,2.5,4.6,116,NA,NA,780,188,716,444,491,125,125,14,404,446,94,15.8,58.9,11.7,20.2
2003,8,3,11,29.8,973,43,0,2.4,5.1,97,NA,NA,840,189,748,251,548,135,127,14,410,455,94,15.9,60,11.74,20.5
2003,8,3,12,31.3,972.4,38.3,0,2.7,5.2,114,NA,1,850,189,758,136,555,242,128,14,415,462,94,15.4,60.7,11.4,20.7
2003,8,3,13,33,972.1,29.3,0,2.7,4.9,117,NA,NA,792,198,717,128,500,439,128,14,412,464,94,12.8,57.7,9.57,19.9
2003,8,3,14,34,971.9,24.4,0,2.4,4.2,114,NA,NA,698,164,719,115,405,604,116,14,416,468,94,10.8,55.8,8.42,19.2
2003,8,3,15,33.9,971.7,26.2,0,2.4,4.5,108,NA,NA,555,148,654,102,274,691,106,14,417,466,94,11.8,57.2,9,19.7
2003,8,3,16,33.7,971.6,24.8,0,3,4.9,84,NA,NA,386,132,535,86,137,674,97,14,409,456,94,10.8,55.5,8.42,19.2
2003,8,3,17,33.6,971.8,25.4,0,3.1,5.3,69,NA,NA,224,86,447,61,66,572,127,14,415,451,94,11.1,55.8,8.57,19.3
2003,8,3,18,32,971.7,32.6,0,1.9,3.8,58,NA,1,74,44,225,29,30,293,111,14,403,428,94,13.5,58,10.08,19.9
2003,8,3,19,29,972.3,41.1,0,0.6,2.2,338,NA,NA,2,0,0,0,0,0,0,14,398,404,94,14.5,56.5,10.71,19.5
2003,8,3,20,27.7,973,47.9,0,1.4,3.5,110,NA,NA,0,0,0,0,0,0,0,14,386,398,94,15.7,57.4,11.58,19.8
2003,8,3,21,25.8,973.1,57.4,0,0.6,2.2,68,NA,NA,0,0,0,0,0,0,0,14,370,381,94,16.7,57.6,12.43,19.7
2003,8,3,22,24,973.1,63.6,0,0.2,1.1,315,NA,NA,0,0,0,0,0,0,0,14,370,378,94,16.7,55.6,12.37,19.2
2003,8,3,23,22.7,973.2,66.3,0,0.1,0.6,360,NA,NA,0,0,0,0,0,0,0,14,360,369,94,16.1,53.1,11.91,18.4
2003,8,4,0,21.9,973.7,68.3,0,0.2,0.7,360,NA,NA,0,0,0,0,0,0,0,14,354,365,94,15.8,51.7,11.67,17.9
2003,8,4,1,21,974,72.2,0,0.3,1,360,NA,NA,0,0,0,0,0,0,0,14,353,362,94,15.8,50.8,11.68,17.6
2003,8,4,2,20.2,974.1,75.5,0,0.2,1,333,NA,NA,0,0,0,0,0,0,0,14,345,358,94,15.7,49.8,11.62,17.3
2003,8,4,3,20,974.3,74.9,0,0.2,0.9,270,NA,NA,2,0,0,0,0,0,0,14,342,356,94,15.4,49,11.38,17.1
2003,8,4,4,19.2,974.5,78.1,0,0.3,1.5,360,NA,NA,5,0,0,0,0,0,0,14,342,357,94,15.3,47.9,11.29,16.7
2003,8,4,5,20.4,974.8,73.3,0,0.2,1.7,360,NA,NA,61,42,154,220,26,25,87,14,355,376,94,15.5,49.5,11.41,17.3
2003,8,4,6,22.7,975.3,65.4,0,0.9,2.7,13,NA,1,197,91,355,489,62,56,117,14,364,400,94,15.9,52.6,11.72,18.3
2003,8,4,7,25.2,975.1,53.5,0,0.6,2,99,NA,NA,364,138,487,641,131,85,97,14,376,416,94,15.1,53.7,11.13,18.6
2003,8,4,8,27.1,975.2,45.7,0,1.7,3.5,100,NA,NA,528,168,588,664,264,106,110,14,396,435,94,14.4,54.4,10.63,18.9
2003,8,4,9,29,974.4,41.1,0,1.8,4.2,93,NA,NA,671,183,663,592,392,119,119,14,405,449,94,14.5,56.5,10.69,19.5
2003,8,4,10,30.2,974.4,40.8,0,2.8,5.6,92,NA,NA,770,203,688,440,489,128,128,14,412,459,94,15.4,59.5,11.38,20.4
2003,8,4,11,32.1,973.9,37.9,0,3.1,5.7,67,NA,NA,825,215,703,253,544,141,132,14,424,467,94,16,62.5,11.79,21.3
2003,8,4,12,33.3,973.6,33.7,0,3.4,5.9,74,NA,1,833,216,709,142,549,245,133,14,422,471,94,15.2,62.2,11.21,21.2
2003,8,4,13,34.7,973.2,25.9,0,3.8,6.8,78,NA,NA,775,221,670,132,494,432,132,14,425,474,94,12.3,58.7,9.29,20.1
2003,8,4,14,35.1,972.6,24,0,3.6,6.8,62,NA,NA,684,181,678,119,403,592,119,14,422,474,94,11.5,57.9,8.8,19.9
2003,8,4,15,35.5,972.3,24.7,0,3.9,7.3,56,NA,NA,540,164,607,106,273,670,110,14,428,474,94,12.3,59.5,9.27,20.4
2003,8,4,16,35.4,972.1,26.4,0,3.7,7.2,59,NA,NA,384,124,553,83,136,681,93,14,431,471,94,13.2,60.9,9.86,20.8
2003,8,4,17,34.7,972.6,28.4,0,3.4,5.7,64,NA,NA,213,86,416,56,62,539,118,14,425,459,94,13.7,61.1,10.21,20.8
2003,8,4,18,33,972.6,31.9,0,2.6,4.7,51,NA,1,68,44,185,27,27,251,96,14,411,437,94,14.1,59.9,10.43,20.5
2003,8,4,19,29.8,973.1,39.7,0,1.1,2.3,11,NA,NA,5,0,0,0,0,0,0,14,400,411,94,14.6,57.7,10.83,19.8
2003,8,4,20,28.4,973.5,42.2,0,0.3,1.5,108,NA,NA,0,0,0,0,0,0,0,14,378,390,94,14.3,55.7,10.61,19.2
2003,8,4,21,25.6,973.5,51.4,0,0.5,1.6,315,NA,NA,1,0,0,0,0,0,0,14,368,381,94,14.8,53.7,10.97,18.6
2003,8,4,22,24.6,973.7,55.1,0,0.4,1,236,NA,NA,0,0,0,0,0,0,0,14,365,378,94,15,52.9,11.08,18.4
2003,8,4,23,23.7,974.1,55.5,0,0.2,1.3,225,NA,NA,2,0,0,0,0,0,0,14,358,371,94,14.3,50.7,10.56,17.7
2003,8,5,0,22.1,974.1,61.3,0,0.4,1.3,326,NA,NA,1,0,0,0,0,0,0,14,356,368,94,14.3,49.1,10.58,17.2
2003,8,5,1,21.7,974,62.5,0,0.3,1.2,252,NA,NA,1,0,0,0,0,0,0,14,347,362,94,14.2,48.6,10.53,17
2003,8,5,2,21,974.4,64.6,0,0.2,1,315,NA,NA,1,0,0,0,0,0,0,14,348,361,94,14.1,47.6,10.42,16.7
2003,8,5,3,20.5,974.1,66.6,0,0.3,1.2,252,NA,NA,0,0,0,0,0,0,0,14,344,359,94,14.1,47.1,10.42,16.5
2003,8,5,4,20.4,974.5,67.9,0,0.4,1.3,0,NA,NA,2,0,0,0,0,0,0,14,352,362,94,14.3,47.3,10.56,16.6
2003,8,5,5,20.5,975,70.4,0,0.4,1.1,18,NA,NA,57,47,81,147,25,24,63,14,362,379,94,14.9,48.6,11.02,16.9
2003,8,5,6,23.2,975.3,64.2,0,0.7,1.5,22,NA,1,187,96,309,450,63,57,112,14,377,406,94,16.1,53.5,11.86,18.6
2003,8,5,7,25.8,975.4,52.9,0,1.3,3.2,95,NA,NA,348,150,429,602,133,87,100,14,384,421,94,15.5,55,11.41,19.1
2003,8,5,8,28,975,42.6,0,1.5,3,86,NA,NA,511,185,533,636,261,109,114,14,389,435,94,14.1,54.8,10.44,19
2003,8,5,9,29.7,975,38.5,0,1.9,3.7,96,NA,NA,654,222,589,573,387,127,127,14,393,444,94,14.1,56.5,10.41,19.5
2003,8,5,10,31.2,974.3,35.4,0,2.4,7.8,100,NA,NA,759,225,649,436,487,132,132,14,404,454,94,14.1,58.1,10.44,20
2003,8,5,11,32.9,974.3,31,0,4.1,7,65,NA,NA,813,249,650,257,539,148,138,14,417,465,94,13.5,58.9,10.06,20.2
2003,8,5,12,34.2,973.6,26.3,0,3.4,6,78,NA,1,821,238,672,147,546,247,137,14,422,474,94,12.1,57.9,9.17,19.9
2003,8,5,13,35.2,973.4,24.5,0,3.1,6.4,64,NA,NA,758,242,626,136,487,425,135,14,425,479,94,11.9,58.6,9.03,20.1
2003,8,5,14,35.6,972.7,23.5,0,3.1,6.3,73,NA,NA,659,240,568,131,393,564,131,14,438,485,94,11.6,58.6,8.86,20.1
2003,8,5,15,35.9,972.5,23.6,0,2.9,6.3,102,NA,NA,534,180,574,110,275,659,114,14,437,482,94,11.9,59.4,9.05,20.3
2003,8,5,16,36,972.4,22.6,0,3.1,5.8,65,NA,NA,375,139,505,87,141,654,98,14,436,474,94,11.3,58.6,8.71,20.1
2003,8,5,17,35.4,972.5,21.4,0,3,5,66,NA,NA,204,96,357,59,65,495,114,14,418,457,94,10,56.1,7.97,19.3
2003,8,5,18,32.5,972.7,27.5,0,1.7,3.5,20,NA,1,62,51,91,26,27,159,67,14,399,429,94,11.4,55,8.72,19.1
2003,8,5,19,30,972.8,34.1,0,0.8,2.7,310,NA,NA,2,0,0,0,0,0,0,14,397,404,94,12.5,54.2,9.39,18.8
2003,8,5,20,27.9,973.3,40.9,0,0.8,3.5,76,NA,NA,0,0,0,0,0,0,0,14,377,394,94,13.4,53.5,9.98,18.6
2003,8,5,21,26.7,973.4,45.8,0,0.5,2,45,NA,NA,0,0,0,0,0,0,0,14,371,385,94,14.1,53.4,10.42,18.6
2003,8,5,22,24.2,973.7,53.6,0,0.6,1.7,261,NA,NA,0,0,0,0,0,0,0,14,360,375,94,14.2,51.1,10.51,17.8
2003,8,5,23,23.4,974,57.6,0,0.4,1,252,NA,NA,0,0,0,0,0,0,0,14,364,374,94,14.6,50.9,10.76,17.8
2003,8,6,0,22.8,974.2,62.7,0,0.5,2.1,270,NA,NA,0,0,0,0,0,0,0,14,360,369,94,15.3,51.7,11.31,18
2003,8,6,1,21.4,973.9,69.6,0,0.8,2.4,315,NA,NA,0,0,0,0,0,0,0,14,354,366,94,15.6,50.8,11.53,17.7
2003,8,6,2,20.8,974,69,0,0.4,1.4,315,NA,NA,0,0,0,0,0,0,0,14,345,359,94,14.9,48.9,11.01,17
2003,8,6,3,20.3,974.1,67.7,0,0.3,1.2,252,NA,NA,0,0,0,0,0,0,0,14,345,358,94,14.1,47,10.47,16.4
2003,8,6,4,19.7,974.1,70,0,0.4,1.4,315,NA,NA,5,0,0,0,0,0,0,14,345,359,94,14.1,46.3,10.43,16.2
2003,8,6,5,20.5,974.4,67.6,0,0.4,1.2,45,NA,NA,56,39,141,204,24,23,80,14,360,377,94,14.3,47.5,10.58,16.6
2003,8,6,6,23.1,974.5,64.3,0,0.5,1.5,37,NA,1,182,97,292,435,63,57,108,14,376,405,94,16,53.3,11.82,18.5
2003,8,6,7,25.4,974.5,54.5,0,1.4,3.7,113,NA,NA,345,150,426,599,134,87,100,14,381,419,94,15.6,54.8,11.49,19
2003,8,6,8,26.8,974.5,50.9,0,1.2,4.5,95,NA,NA,510,183,538,639,264,109,113,14,397,434,94,15.8,56.7,11.66,19.5
2003,8,6,9,28.8,974.2,44.7,0,2.2,4.5,107,NA,NA,646,241,553,563,386,130,131,14,403,446,94,15.6,58.4,11.51,20.1
2003,8,6,10,30.4,973.8,37.8,0,2.5,4.7,122,NA,NA,743,340,492,425,472,158,158,14,408,455,94,14.4,57.8,10.66,19.9
2003,8,6,11,32,973.4,35.2,0,3,6.2,76,NA,NA,799,264,619,256,534,150,140,14,415,464,94,14.7,60,10.88,20.5
2003,8,6,12,34.1,972.6,28.3,0,3.7,7.5,66,NA,1,821,231,682,145,551,247,135,14,420,472,94,13.2,59.5,9.83,20.4
2003,8,6,13,35.2,972,25.4,0,4,7.5,72,NA,NA,766,224,660,132,497,431,132,14,426,476,94,12.5,59.5,9.38,20.4
2003,8,6,14,35.8,971.6,25.6,0,4.4,7.7,65,NA,NA,673,186,662,119,405,588,120,14,431,478,94,13.1,61.1,9.78,20.8
2003,8,6,15,36.2,971.3,25.3,0,4.9,8.2,67,NA,NA,540,149,637,102,278,682,105,14,431,476,94,13.2,61.8,9.89,21
2003,8,6,16,35.6,970.7,24.7,0,5.6,8.9,65,NA,NA,377,124,545,82,139,675,92,14,423,464,94,12.4,59.8,9.34,20.5
2003,8,6,17,34.8,970.8,22.8,0,4.9,9.3,62,NA,NA,212,87,419,56,62,544,116,14,416,453,94,10.5,56.1,8.23,19.3
2003,8,6,18,33.1,971,26.2,0,3.7,7.7,44,NA,3,66,41,204,27,27,270,100,14,405,434,94,11.1,55.4,8.61,19.1
2003,8,6,19,30.1,971.5,33.9,0,1.8,3.3,40,NA,NA,2,0,0,0,0,0,0,14,395,406,94,12.5,54.3,9.4,18.9
2003,8,6,20,28.1,971.6,40.1,0,0.7,2.3,18,NA,NA,0,0,0,0,0,0,0,14,379,389,94,13.3,53.6,9.91,18.6
2003,8,6,21,27.1,971.8,43.5,0,0.6,1.9,217,NA,NA,0,0,0,0,0,0,0,14,378,389,94,13.6,53.1,10.14,18.5
2003,8,6,22,24.8,972.1,53,0,0.3,1.4,18,NA,NA,2,0,0,0,0,0,0,14,363,376,94,14.6,52.4,10.79,18.2
2003,8,6,23,24,972.6,59,0,1.3,3.1,261,NA,NA,0,0,0,0,0,0,0,14,367,381,94,15.5,53.3,11.46,18.5
2003,8,7,0,24.4,972.7,55.1,0,1.5,3.9,285,NA,NA,0,0,0,0,0,0,0,14,364,384,94,14.8,52.4,10.95,18.2
2003,8,7,1,24.3,972.2,56,0,0.5,3,180,NA,NA,2,0,0,0,0,0,0,14,368,379,94,15,52.6,11.07,18.3
2003,8,7,2,22.1,972,65,0,0.4,1.6,18,NA,NA,2,0,0,0,0,0,0,14,355,367,94,15.2,50.8,11.26,17.7
2003,8,7,3,21.9,972.4,68.7,0,0.9,1.9,56,NA,NA,0,0,0,0,0,0,0,14,354,368,94,15.9,51.9,11.76,18
2003,8,7,4,21.3,972.8,72.5,0,0.2,1.1,270,NA,NA,4,0,0,0,0,0,0,14,350,364,94,16.2,51.8,11.96,18
2003,8,7,5,21.3,972.9,73.7,0,0.3,1.2,252,NA,NA,35,35,0,20,16,16,17,14,351,371,94,16.4,52.3,12.16,18.1
2003,8,7,6,24,972.9,63.7,0,0.5,2.1,63,NA,1,171,104,231,367,61,55,97,14,376,406,94,16.7,55.7,12.39,19.2
2003,8,7,7,25.9,973,55.9,0,1.4,4,86,NA,NA,337,153,403,583,136,87,100,14,381,419,94,16.4,57.1,12.17,19.6
2003,8,7,8,27.5,972.7,49.2,0,2.2,5.3,98,NA,NA,492,206,472,605,260,113,117,14,390,433,94,15.9,57.7,11.76,19.8
2003,8,7,9,29.4,972.9,42.9,0,2.1,5.3,81,NA,NA,637,231,556,559,385,127,128,14,396,442,94,15.5,58.8,11.45,20.2
2003,8,7,10,30.9,972.4,37.8,0,3.4,7.2,60,NA,NA,741,339,493,424,474,157,157,14,401,452,94,14.9,59.2,10.99,20.3
2003,8,7,11,32.2,972.1,34.8,0,4.6,8.5,62,NA,NA,795,263,617,255,536,150,139,14,417,464,94,14.7,60.3,10.89,20.6
2003,8,7,12,33.8,971.3,30.5,0,3.4,7.2,76,NA,1,799,257,628,149,539,247,139,14,426,474,94,14.1,60.8,10.45,20.8
2003,8,7,13,35,970.8,26.9,0,4.2,8.7,71,NA,NA,749,242,620,135,491,424,135,14,427,476,94,13.2,60.5,9.84,20.7
2003,8,7,14,35.4,969.8,27.2,0,5.6,10.1,69,NA,NA,660,230,586,129,401,571,129,14,432,476,94,13.7,61.8,10.19,21
2003,8,7,15,35.7,969.3,26.7,0,6.4,11.7,64,NA,NA,521,173,570,107,275,651,111,14,430,473,94,13.6,62,10.18,21.1
2003,8,7,16,36,968.9,20.6,0,8.1,12.9,60,NA,NA,366,139,491,86,143,644,97,14,420,462,94,10,56.7,7.96,19.5
2003,8,7,17,34.8,968.9,23,0,6.1,11,63,NA,NA,200,93,364,57,64,498,111,14,417,452,94,10.6,56.4,8.32,19.4
2003,8,7,18,32.8,969.4,28.9,0,3.9,7.7,66,NA,2,60,40,163,24,25,226,85,14,408,434,94,12.4,57,9.36,19.6
2003,8,7,19,29.7,969.9,33.7,0,1.6,4.3,360,NA,NA,0,0,0,0,0,0,0,14,389,406,94,12,53.2,9.14,18.5
2003,8,7,20,28.6,971.3,37,0,1,2.9,225,NA,NA,0,0,0,0,0,0,0,14,387,396,94,12.5,52.8,9.41,18.4
2003,8,7,21,27,971.3,37.6,0,2,4,279,NA,NA,0,0,0,0,0,0,0,14,365,388,94,11.3,49.4,8.7,17.3
2003,8,7,22,25.1,971.8,40.6,0,2.1,4.7,261,NA,NA,0,0,0,0,0,0,0,14,355,380,94,10.8,46.6,8.39,16.4
2003,8,7,23,23.9,972.1,44,0,0.8,2.3,270,NA,NA,0,0,0,0,0,0,0,14,349,370,94,10.9,45.6,8.46,16
2003,8,8,0,21.8,972.1,51.7,0,0.4,1.3,252,NA,NA,0,0,0,0,0,0,0,14,347,361,94,11.4,44.2,8.76,15.5
2003,8,8,1,21.6,971.7,52.8,0,0.4,1,256,NA,NA,0,0,0,0,0,0,0,14,346,359,94,11.6,44.2,8.84,15.5
2003,8,8,2,20.2,971.3,58.6,0,0.3,1.3,360,NA,NA,0,0,0,0,0,0,0,14,339,353,94,11.8,43.2,9.01,15.1
2003,8,8,3,19.4,971.4,62.2,0,0.3,1.6,315,NA,NA,0,0,0,0,0,0,0,14,335,350,94,12,42.6,9.1,14.9
2003,8,8,4,18.7,971.8,64.4,0,0.3,0.9,270,NA,NA,2,0,0,0,0,0,0,14,330,345,94,11.9,41.7,9.01,14.6
2003,8,8,5,19.7,972.1,61.7,0,0.3,1.2,117,NA,NA,50,43,66,126,23,22,54,14,348,365,94,12.1,43.1,9.19,15.1
2003,8,8,6,22.2,972.3,58.8,0,0.5,1.4,11,NA,1,175,96,275,419,63,56,103,14,359,393,94,13.8,48.3,10.23,16.9
2003,8,8,7,25,972.4,49.6,0,0.6,2.1,261,NA,NA,333,154,396,577,137,87,99,14,372,413,94,13.7,51.2,10.21,17.8
2003,8,8,8,27.3,972.5,41.6,0,0.8,3.2,121,NA,NA,497,208,479,613,265,113,118,14,389,433,94,13.1,52.5,9.8,18.3
2003,8,8,9,28.7,971.8,35.3,0,2.6,5.5,97,NA,NA,649,216,595,575,397,125,126,14,394,442,94,11.9,51.9,9.02,18.1
2003,8,8,10,30.3,971.6,32.3,0,2.9,6.6,96,NA,NA,743,263,591,430,488,139,138,14,398,449,94,11.9,53.6,9.05,18.6
2003,8,8,11,31.4,971.2,28.4,0,2.9,5.8,100,NA,NA,661,406,297,250,432,180,169,14,407,453,94,10.9,53.3,8.47,18.5
2003,8,8,12,33.3,970.8,26,0,2.3,5.3,87,NA,5,797,320,554,170,536,261,158,14,415,469,94,11.2,55.6,8.64,19.2
2003,8,8,13,35.4,970.2,19.8,0,4.3,8.9,64,NA,NA,791,194,732,128,523,447,127,14,413,471,94,8.9,54.6,7.38,18.8
2003,8,8,14,35.5,969.8,18.5,0,5.6,9.9,65,NA,NA,721,186,733,123,440,635,124,14,419,473,94,8,53.5,6.93,18.5
2003,8,8,15,34.5,969.4,21.7,0,4.8,8.5,74,NA,NA,423,243,296,116,230,476,120,14,411,455,94,9.5,54.5,7.71,18.8
2003,8,8,16,33.6,969.7,24.2,0,4.3,8.8,64,NA,NA,167,162,10,73,80,121,76,14,412,444,94,10.4,54.8,8.18,18.9
2003,8,8,17,33.8,969.5,23.5,0,3.7,7.6,66,NA,NA,187,118,237,61,67,387,101,14,422,451,94,10.1,54.6,8.03,18.9
2003,8,8,18,32.2,970.3,28.7,0,1.7,4.9,73,NA,6,71,44,229,28,28,299,108,14,408,429,94,11.8,55.4,8.97,19.2
2003,8,8,19,28.5,970.8,36.3,0,0.6,1.7,243,NA,NA,4,0,0,0,0,0,0,14,392,397,94,12.1,52.1,9.18,18.1
2003,8,8,20,26.2,971.2,42.4,0,0.6,2,270,NA,NA,0,0,0,0,0,0,0,14,374,385,94,12.4,50.2,9.37,17.5
2003,8,8,21,24.1,971.6,46.2,0,0.8,2.1,263,NA,NA,0,0,0,0,0,0,0,14,363,377,94,11.8,47.2,9,16.5
2003,8,8,22,23.5,971.9,53.2,0,2.1,5.4,259,NA,NA,0,0,0,0,0,0,0,14,356,375,94,13.4,49.1,10.01,17.1
2003,8,8,23,22.8,972,54.9,0,0.9,2.3,0,NA,NA,1,0,0,0,0,0,0,14,346,363,94,13.3,48.1,9.9,16.8
2003,8,9,0,21.4,972.3,58.6,0,0.6,1.8,261,NA,NA,1,0,0,0,0,0,0,14,347,362,94,13,46.2,9.7,16.2
2003,8,9,1,20.6,972.4,59,0,0.4,3.5,270,NA,NA,1,0,0,0,0,0,0,14,338,353,94,12.3,44.3,9.29,15.5
2003,8,9,2,19.9,972.4,61,0,0.7,1.6,284,NA,NA,1,0,0,0,0,0,0,14,338,352,94,12.2,43.4,9.2,15.2
2003,8,9,3,18.8,972.5,66.9,0,0.5,1.8,270,NA,NA,0,0,0,0,0,0,0,14,331,348,94,12.5,42.8,9.42,15
2003,8,9,4,18.8,972.8,67.3,0,0.6,1.8,333,NA,NA,2,0,0,0,0,0,0,14,332,348,94,12.6,42.9,9.48,15
2003,8,9,5,19.3,973.1,63.5,0,0.2,1.2,315,NA,NA,52,38,130,191,23,22,73,14,341,364,94,12.2,42.8,9.22,15
2003,8,9,6,21.9,973,59.2,0,0.5,1.3,360,NA,1,177,97,284,428,63,56,103,14,358,392,94,13.6,47.7,10.1,16.7
2003,8,9,7,24.4,972.9,53.5,0,0.7,2.4,63,NA,NA,338,146,425,597,139,86,97,14,372,412,94,14.4,51.6,10.63,18
2003,8,9,8,26.5,972.6,43.4,0,0.9,2.9,60,NA,NA,503,180,538,638,270,107,111,14,378,426,94,13.1,51.5,9.76,18
2003,8,9,9,28.4,972.5,37.5,0,1.6,5.2,90,NA,NA,649,212,603,577,401,124,125,14,388,437,94,12.5,52.6,9.42,18.3
2003,8,9,10,30,971.9,33.4,0,2.2,5,95,NA,NA,753,224,652,437,502,132,132,14,390,446,94,12.2,53.7,9.2,18.7
2003,8,9,11,32.2,971.3,29.3,0,2.6,6.5,99,NA,NA,810,234,672,254,557,145,136,14,411,461,94,12.1,55.8,9.15,19.3
2003,8,9,12,33.5,970.9,25,0,2.7,5.6,86,NA,1,820,220,700,142,565,247,133,14,417,470,94,10.8,55.2,8.4,19.1
2003,8,9,13,34.2,970,24.1,0,3.2,6.3,92,NA,NA,763,214,674,130,509,435,130,14,419,473,94,10.8,56,8.42,19.3
2003,8,9,14,35.6,969.4,21.3,0,4.5,8.8,67,NA,NA,669,179,674,118,415,593,118,14,420,474,94,10.1,56.5,8.05,19.4
2003,8,9,15,36,969.1,19.3,0,4.3,8.3,64,NA,NA,530,167,601,106,285,673,109,14,422,472,94,9,55.3,7.45,19
2003,8,9,16,36.3,968.6,19.8,0,4.5,8.3,61,NA,NA,363,144,482,87,148,642,98,14,424,467,94,9.6,56.5,7.77,19.4
2003,8,9,17,34.8,968.5,24.5,0,4.2,6.6,65,NA,NA,193,90,357,56,62,489,106,14,421,455,94,11.6,57.8,8.87,19.8
2003,8,9,18,33.1,968.8,27.4,0,3,5.1,54,NA,3,58,39,170,23,24,230,84,14,404,434,94,11.8,56.4,9.03,19.4
2003,8,9,19,30.3,969.2,30.7,0,2,3.6,47,NA,NA,2,0,0,0,0,0,0,14,390,405,94,11.1,52.5,8.62,18.2
2003,8,9,20,28.6,969.2,32.9,0,1.6,3.1,25,NA,NA,0,0,0,0,0,0,0,14,375,392,94,10.7,50.2,8.37,17.5
2003,8,9,21,27.1,969.5,36,0,0.6,2.1,239,NA,NA,0,0,0,0,0,0,0,14,362,381,94,10.8,48.7,8.39,17.1
2003,8,9,22,24.6,969.7,43.3,0,0.4,1.1,256,NA,NA,0,0,0,0,0,0,0,14,356,371,94,11.3,46.9,8.71,16.4
2003,8,9,23,23.5,969.8,48.7,0,0.3,1.2,297,NA,NA,0,0,0,0,0,0,0,14,354,368,94,12.1,47,9.17,16.5
2003,8,10,0,22.4,969.9,52.4,0,0.3,1.2,315,NA,NA,1,0,0,0,0,0,0,14,349,362,94,12.2,46,9.23,16.1
2003,8,10,1,21.2,970,56.9,0,0.1,1.3,90,NA,NA,0,0,0,0,0,0,0,14,344,357,94,12.3,45,9.32,15.7
2003,8,10,2,20.7,969.9,60.5,0,0.2,1.1,0,NA,NA,1,0,0,0,0,0,0,14,343,355,94,12.8,45.2,9.61,15.8
2003,8,10,3,19.7,970.3,64.9,0,0.4,1.1,315,NA,NA,0,0,0,0,0,0,0,14,340,353,94,12.9,44.4,9.69,15.5
2003,8,10,4,19.5,970.6,64.8,0,0.3,1.1,252,NA,NA,1,0,0,0,0,0,0,14,338,352,94,12.7,43.8,9.55,15.3
2003,8,10,5,19.4,971.1,67.5,0,0.3,1.2,360,NA,NA,47,40,65,122,22,21,51,14,346,365,94,13.2,44.6,9.89,15.6
2003,8,10,6,22.4,971.1,61.2,0,0.2,0.9,360,NA,2,173,93,286,426,61,54,100,14,363,396,94,14.6,50,10.8,17.4
2003,8,10,7,25.2,971.3,52.5,0,0.3,1.8,72,NA,NA,334,147,418,591,140,85,97,14,376,417,94,14.8,53.3,10.96,18.5
2003,8,10,8,27.4,971.1,43.9,0,1.1,3.2,75,NA,NA,498,183,526,632,272,108,112,14,383,430,94,14,54.2,10.43,18.8
2003,8,10,9,29.7,971,35.4,0,1.6,3.6,103,NA,NA,641,217,587,571,400,125,125,14,392,444,94,12.8,54.4,9.6,18.9
2003,8,10,10,31,970.3,32.2,0,2,3.8,93,NA,NA,748,225,648,435,503,132,132,14,398,453,94,12.5,55.3,9.41,19.1
2003,8,10,11,32.9,969.9,29.5,0,2.6,5.1,111,NA,NA,801,243,653,254,555,147,137,14,418,468,94,12.8,57.7,9.61,19.9
2003,8,10,12,34.1,969.4,26.3,0,2.7,5.1,101,NA,1,800,247,647,148,555,248,137,14,425,477,94,12.1,57.8,9.16,19.9
2003,8,10,13,35.3,968.7,21,0,3.2,6.3,70,NA,NA,732,282,556,148,487,418,147,14,422,478,94,9.7,55.5,7.81,19.1
2003,8,10,14,36.5,968.3,15.1,0,3.6,6.1,72,NA,NA,650,262,535,138,401,554,138,14,419,476,94,5.8,52.1,5.98,17.9
2003,8,10,15,35.6,968.5,17.6,0,2.9,5.9,32,NA,NA,250,234,26,103,127,173,104,14,414,454,94,7.3,52.9,6.64,18.2
2003,8,10,16,35.2,968,21.5,0,1.9,4.6,16,NA,NA,204,187,39,82,96,178,87,14,425,462,94,9.9,55.8,7.95,19.2
2003,8,10,17,35.2,967.7,22.5,0,1.7,4,40,NA,NA,182,104,275,59,66,426,102,14,416,454,94,10.6,56.8,8.33,19.5
2003,8,10,18,31.8,968.1,30.8,0,0.7,1.4,18,NA,3,37,36,10,17,17,39,24,14,401,420,94,12.5,56.2,9.44,19.4
2003,8,10,19,29.3,968.6,35.6,0,0.4,1,270,NA,NA,0,0,0,0,0,0,0,14,388,397,94,12.5,53.6,9.46,18.6
2003,8,10,20,27.3,969,39.6,0,1.1,2,255,NA,NA,0,0,0,0,0,0,0,14,374,391,94,12.4,51.3,9.36,17.9
2003,8,10,21,26,969.4,43.3,0,0.5,1.7,225,NA,NA,1,0,0,0,0,0,0,14,362,378,94,12.6,50.3,9.48,17.6
2003,8,10,22,24.2,969.8,49.6,0,0.7,1.9,270,NA,NA,0,0,0,0,0,0,0,14,360,374,94,13,49.2,9.75,17.2
2003,8,10,23,23.5,970,52.2,0,0.2,1.3,243,NA,NA,0,0,0,0,0,0,0,14,352,364,94,13.1,48.7,9.84,17
2003,8,11,0,22.4,970.1,55,0,0.1,0.8,270,NA,NA,0,0,0,0,0,0,0,14,352,364,94,12.9,47.2,9.7,16.5
2003,8,11,1,20.9,970.1,58.6,0,0.3,1.1,297,NA,NA,0,0,0,0,0,0,0,14,342,357,94,12.5,44.9,9.42,15.7
2003,8,11,2,20.4,970.2,61.3,0,0.5,1.4,333,NA,NA,1,0,0,0,0,0,0,14,338,354,94,12.7,44.8,9.56,15.7
2003,8,11,3,19.9,970.8,60,0,0.3,1,252,NA,NA,0,0,0,0,0,0,0,14,338,353,94,11.9,43,9.06,15.1
2003,8,11,4,19,970.7,61.3,0,0.4,1.3,270,NA,NA,2,0,0,0,0,0,0,14,331,348,94,11.4,41.3,8.75,14.5
2003,8,11,5,19.6,971,61.1,0,0.6,1.4,270,NA,NA,45,39,62,117,21,20,49,14,340,362,94,11.9,42.7,9.05,14.9
2003,8,11,6,22.3,971.2,53.9,0,0.6,1.4,315,NA,1,171,92,286,425,61,54,97,14,355,392,94,12.5,46.4,9.43,16.2
2003,8,11,7,25.6,971.8,43.7,0,0.8,2.3,56,NA,NA,336,142,437,603,142,84,95,14,369,414,94,12.3,49.5,9.32,17.3
2003,8,11,8,28.1,971.4,36.5,0,1.3,3.1,100,NA,NA,502,173,552,645,277,106,109,14,385,433,94,11.8,51.3,9.01,17.9
2003,8,11,9,29.7,971.3,34.1,0,1.6,3.5,101,NA,NA,643,211,600,575,406,124,124,14,392,445,94,12.2,53.5,9.24,18.6
2003,8,11,10,31.4,971.3,30.7,0,2.2,5.4,93,NA,NA,749,221,655,437,509,131,131,14,397,455,94,12.1,55.1,9.17,19.1
2003,8,11,11,33.3,970.8,26.3,0,2.3,4.4,108,NA,NA,806,229,677,252,564,144,135,14,409,465,94,11.4,55.9,8.74,19.3
2003,8,11,12,34.7,970.3,26.3,0,2.6,4.7,106,NA,0,814,218,699,142,571,248,133,14,416,474,94,12.6,59.2,9.46,20.3
2003,8,11,13,36.2,970.2,15.1,0,3.6,7.4,82,NA,NA,760,216,673,131,517,437,131,14,396,466,94,5.6,51.5,5.87,17.7
2003,8,11,14,36.8,970,11.2,0,4.5,7.6,56,NA,NA,664,176,677,116,421,595,117,14,400,468,94,1.8,48.6,4.49,16.5
2003,8,11,15,36.7,969.8,13.5,0,4,7.1,60,NA,NA,528,152,629,102,290,684,105,14,404,466,94,4.4,50.8,5.39,17.4
2003,8,11,16,36.5,970,13.9,0,4.1,6.8,62,NA,NA,363,133,514,84,150,662,93,14,398,456,94,4.6,50.8,5.49,17.4
2003,8,11,17,35.6,970.4,15,0,3.4,5.8,62,NA,NA,190,86,371,54,61,499,102,14,394,444,94,5,50.3,5.64,17.3
2003,8,11,18,32.8,970.8,18.2,0,2.8,4.8,41,NA,1,49,39,94,23,23,157,61,14,378,418,94,5.5,48,5.85,16.7
2003,8,11,19,29.7,971.4,23.1,0,1,2.1,45,NA,NA,0,0,0,0,0,0,0,14,368,390,94,6.4,45.8,6.23,16
2003,8,11,20,28,971.5,27.3,0,1.1,2.1,49,NA,NA,0,0,0,0,0,0,0,14,375,390,94,7.4,45.2,6.68,15.9
2003,8,11,21,26.7,972.2,33.6,0,1.1,3.4,76,NA,NA,0,0,0,0,0,0,0,14,368,382,94,9.4,46.3,7.62,16.3
2003,8,11,22,25.1,972.6,38.3,0,0.9,2.2,262,NA,NA,0,0,0,0,0,0,0,14,366,380,94,9.9,45.4,7.9,16
2003,8,11,23,24,972.9,42,0,0.5,1.3,117,NA,NA,0,0,0,0,0,0,0,14,350,364,94,10.3,44.8,8.11,15.8
2003,8,12,0,22.2,972.9,47.5,0,0.2,1,243,NA,NA,0,0,0,0,0,0,0,14,341,355,94,10.5,43.3,8.23,15.2
2003,8,12,1,20.7,973,51.8,0,0.1,0.8,360,NA,NA,0,0,0,0,0,0,0,14,332,348,94,10.4,41.6,8.19,14.6
2003,8,12,2,19.8,973.4,54.5,0,0.2,1,360,NA,NA,0,0,0,0,0,0,0,14,332,347,94,10.4,40.6,8.14,14.3
2003,8,12,3,19.3,973.6,58.5,0,0.2,1.1,243,NA,NA,0,0,0,0,0,0,0,14,328,345,94,11,40.9,8.48,14.4
2003,8,12,4,18.4,974.1,59.2,0,0.1,1.5,270,NA,NA,4,0,0,0,0,0,0,14,325,341,94,10.3,39,8.1,13.7
2003,8,12,5,18.8,974.4,57.9,0,0.1,0.8,270,NA,NA,48,36,124,182,22,21,67,14,335,358,94,10.3,39.5,8.12,13.8
2003,8,12,6,21.7,974.9,51.5,0,0.6,1.8,45,NA,1,177,90,317,453,61,54,98,14,350,387,94,11.3,43.8,8.64,15.4
2003,8,12,7,24.8,975.2,42.3,0,1,2.6,90,NA,NA,345,144,455,623,147,85,96,14,364,409,94,11.1,46.7,8.56,16.4
2003,8,12,8,27.2,975,34.2,0,1.7,3.9,90,NA,NA,516,165,592,670,287,105,108,14,375,426,94,10.1,47.7,7.97,16.8
2003,8,12,9,29.2,974.8,29.8,0,2.6,5.7,61,NA,NA,659,186,661,596,420,119,119,14,377,436,94,9.8,49.3,7.8,17.3
2003,8,12,10,30.8,974.9,24.9,0,3.6,7,80,NA,NA,763,199,700,444,523,128,127,14,382,444,94,8.5,49.2,7.14,17.2
2003,8,12,11,32.7,974.5,21.6,0,4.3,7.8,65,NA,NA,815,215,707,252,576,141,132,14,408,462,94,7.9,50.6,6.89,17.6
2003,8,12,12,34.2,974.2,16.1,0,3.5,7.2,67,NA,2,823,206,727,139,583,249,131,14,404,466,94,4.9,48.7,5.58,16.9
2003,8,12,13,35.3,973.6,14.2,0,3.8,6.8,78,NA,NA,765,200,701,128,526,441,127,14,412,472,94,4,48.9,5.23,16.9
2003,8,12,14,36.2,973.1,12,0,4.2,6.9,76,NA,NA,669,161,707,113,428,604,113,14,405,469,94,2.3,48.3,4.64,16.5
2003,8,12,15,36.9,973,11.2,0,4.3,7.8,66,NA,NA,532,147,647,101,296,696,103,14,410,469,94,1.9,48.7,4.5,16.6
2003,8,12,16,36.3,972.3,12.1,0,4,7.5,63,NA,NA,362,128,526,83,151,669,92,14,404,459,94,2.5,48.6,4.71,16.6
2003,8,12,17,35.5,972.7,12.6,0,3.2,5.5,54,NA,NA,184,87,352,54,60,482,99,14,387,442,94,2.4,47.8,4.69,16.3
2003,8,12,18,31.9,972.7,18.2,0,1.5,2.7,360,NA,1,50,36,137,21,22,195,71,14,368,407,94,4.8,46.3,5.55,16.1
2003,8,12,19,29.2,973,23.7,0,0.3,1.1,297,NA,NA,0,0,0,0,0,0,0,14,366,386,94,6.4,45.2,6.2,15.9
2003,8,12,20,27.7,973.5,29,0,0.4,1.9,198,NA,NA,1,0,0,0,0,0,0,14,365,380,94,8.1,45.6,6.96,16.1
2003,8,12,21,24.9,973.7,35.4,0,0.2,1.3,225,NA,NA,0,0,0,0,0,0,0,14,350,369,94,8.6,43.4,7.2,15.3
2003,8,12,22,23.7,973.9,39.9,0,0.5,1.4,259,NA,NA,0,0,0,0,0,0,0,14,348,367,94,9.3,43.1,7.56,15.2
2003,8,12,23,22.2,974.1,43.7,0,0.4,1.7,315,NA,NA,1,0,0,0,0,0,0,14,342,360,94,9.3,41.5,7.56,14.6
2003,8,13,0,21.5,974.1,46.2,0,0.2,1,243,NA,NA,0,0,0,0,0,0,0,14,338,357,94,9.5,41.1,7.65,14.5
2003,8,13,1,20.4,973.9,50.3,0,0.3,1,333,NA,NA,1,0,0,0,0,0,0,14,337,354,94,9.7,40.3,7.79,14.1
2003,8,13,2,20,974,52.2,0,0.1,0.7,270,NA,NA,0,0,0,0,0,0,0,14,333,350,94,9.9,40.1,7.89,14.1
2003,8,13,3,19.6,973.8,54.2,0,0.4,1.1,243,NA,NA,1,0,0,0,0,0,0,14,333,350,94,10.1,40,7.99,14
2003,8,13,4,18.9,974.7,58.1,0,0.5,1.4,248,NA,NA,1,0,0,0,0,0,0,14,329,347,94,10.5,39.8,8.2,14
2003,8,13,5,18.5,974.5,60,0,0.4,1.1,270,NA,NA,48,35,132,190,21,21,69,14,334,359,94,10.6,39.5,8.26,13.9
2003,8,13,6,21.8,974.9,50.6,0,0.3,1.3,18,NA,0,178,86,339,470,59,53,97,14,356,392,94,11.1,43.6,8.54,15.4
2003,8,13,7,24.9,974.8,42.3,0,0.7,2.1,51,NA,NA,336,140,446,611,146,84,94,14,365,412,94,11.2,47,8.61,16.5
2003,8,13,8,27.7,974.7,35.2,0,0.5,1.8,56,NA,NA,491,180,527,632,279,107,110,14,388,435,94,10.9,49.4,8.45,17.3
2003,8,13,9,30.1,973.9,30.7,0,0.8,2.8,76,NA,NA,620,240,531,542,394,130,131,14,403,452,94,11,52,8.48,18.1
2003,8,13,10,32.3,973.7,28.2,0,1.3,3.7,112,NA,NA,719,334,480,417,485,155,155,14,415,465,94,11.6,55.1,8.83,19.1
2003,8,13,11,33.4,973,26.8,0,2.3,3.9,113,NA,NA,775,299,561,260,544,163,153,14,430,476,94,11.7,56.5,8.94,19.5
2003,8,13,12,35.1,972.5,23.4,0,2.5,4.5,108,NA,2,803,245,659,148,572,252,138,14,431,484,94,11.1,57.3,8.58,19.7
2003,8,13,13,36.5,971.6,19.9,0,3.1,5.7,94,NA,NA,771,237,665,136,533,447,136,14,446,494,94,9.9,57,7.88,19.6
2003,8,13,14,36.7,971.4,19.8,0,2.8,4.6,98,NA,NA,487,340,206,143,300,385,143,14,448,487,94,9.9,57.3,7.93,19.6
2003,8,13,15,36.2,970.9,19.2,0,3.2,5.6,61,NA,NA,324,254,119,112,174,294,114,14,442,473,94,9.1,55.6,7.48,19.1
2003,8,13,16,34.6,970.8,23.5,0,2.5,5.6,68,NA,NA,119,119,0,55,57,65,56,14,436,458,94,10.8,56.3,8.39,19.4
2003,8,13,17,33.9,971,24.1,0,1.9,7.7,202,NA,NA,105,102,11,46,48,87,51,14,455,465,94,10.6,55.3,8.27,19.1
2003,8,13,18,32.7,970.9,25.4,0,1.6,3.6,35,NA,5,39,35,47,18,19,96,41,14,445,447,94,10.3,53.8,8.15,18.6
2003,8,13,19,29.4,971.1,35.7,0,0.9,3.3,127,NA,NA,3,0,0,0,0,0,0,14,418,418,94,12.6,53.9,9.51,18.7
2003,8,13,20,26.7,971.5,43.4,0,1,2.4,264,NA,NA,0,0,0,0,0,0,0,14,382,396,94,13.2,52.1,9.89,18.1
2003,8,13,21,26.9,971.8,43.1,0,0.7,3.3,236,NA,NA,1,0,0,0,0,0,0,14,382,395,94,13.3,52.4,9.93,18.2
2003,8,13,22,28.1,972.5,40.8,0,3.6,7.9,229,NA,NA,0,0,0,0,0,0,0,14,393,412,94,13.5,54,10.08,18.7
2003,8,13,23,28.8,972.9,33.8,0,6.2,11.8,231,NA,NA,0,0,0,0,0,0,0,14,385,412,94,11.3,51.1,8.67,17.9
2003,8,14,0,26.9,972.9,38.2,0,4.8,10.5,246,NA,NA,3,0,0,0,0,0,0,14,377,403,94,11.5,49.4,8.78,17.3
2003,8,14,1,25.3,972.2,44.6,0,2.6,5.4,300,NA,NA,1,0,0,0,0,0,0,14,372,393,94,12.4,49.2,9.34,17.2
2003,8,14,2,24,971,48.8,0,0.9,3.6,270,NA,NA,2,0,0,0,0,0,0,14,374,386,94,12.6,48.2,9.47,16.9
2003,8,14,3,23.3,970.6,52.6,0,3,5,261,NA,NA,0,0,0,0,0,0,0,14,374,388,94,13.1,48.3,9.79,16.9
2003,8,14,4,23,970.3,54.6,0,1.5,3.5,253,NA,NA,1,0,0,0,0,0,0,14,370,384,94,13.4,48.5,9.99,17
2003,8,14,5,22.4,970.2,57.6,0,0.5,2.1,304,NA,NA,21,21,0,9,10,10,10,14,413,413,94,13.6,48.4,10.16,16.9
2003,8,14,6,23.1,970.2,55.9,0,0.9,2.4,352,NA,8,51,51,0,23,25,24,24,14,415,415,94,13.8,49.4,10.29,17.2
2003,8,14,7,24.8,970.5,50.4,0,0.6,2.1,323,NA,NA,161,156,11,121,78,69,73,14,435,435,94,13.8,51.1,10.27,17.8
2003,8,14,8,27.3,970.9,39.4,0,1,2.6,288,NA,NA,238,230,14,165,123,99,102,14,439,444,94,12.3,51.2,9.29,17.9
2003,8,14,9,28,970.5,39.2,0,1.3,2.6,284,NA,NA,302,276,37,188,164,119,121,14,442,450,94,12.8,52.8,9.64,18.3
2003,8,14,10,29.4,969.9,34.9,0,0.9,3,297,NA,NA,477,364,141,267,297,153,154,14,452,469,94,12.3,53.4,9.31,18.5
2003,8,14,11,31.5,969.9,30,0,1.9,5.1,281,NA,NA,636,402,277,244,433,177,166,14,436,470,94,11.8,54.8,9.02,19
2003,8,14,12,31.4,969.7,34,0,2.8,8.2,87,NA,8,480,386,111,171,306,203,161,14,435,463,94,13.7,57.7,10.19,19.8
2003,8,14,13,31.4,969.1,32.8,0,2.9,5.5,96,NA,NA,486,337,186,151,305,269,150,14,432,461,94,13.1,56.7,9.83,19.5
2003,8,14,14,30.8,968.4,33.1,0,2.6,6.3,108,NA,NA,176,173,4,81,87,90,80,14,404,436,94,12.7,55.5,9.59,19.2
2003,8,14,15,31,968.2,30.3,0,2.3,10.1,237,NA,NA,179,178,2,81,88,99,81,14,396,433,94,11.6,53.9,8.87,18.7
2003,8,14,16,30.6,967.7,28.8,0,5.1,9.9,235,NA,NA,243,188,126,85,119,319,94,14,394,430,94,10.4,51.8,8.23,18
2003,8,14,17,29,967.5,32.9,0,6.1,10.2,237,NA,NA,114,78,133,43,48,238,64,14,388,418,94,11.1,51.1,8.59,17.8
2003,8,14,18,26.9,967.9,41.6,0,8.2,12.1,254,NA,7,74,48,280,25,26,353,116,14,379,408,94,12.8,51.6,9.62,18
2003,8,14,19,25.6,967.9,46,0,6.3,9.5,268,NA,NA,0,0,0,0,0,0,0,14,376,397,94,13.1,50.9,9.85,17.7
2003,8,14,20,24.5,968.2,49.2,0,6.1,9.1,255,NA,NA,0,0,0,0,0,0,0,14,370,392,94,13.2,49.8,9.87,17.4
2003,8,14,21,23.4,968.6,53.5,0,3.5,6.6,254,NA,NA,0,0,0,0,0,0,0,14,365,384,94,13.4,49.1,10.04,17.1
2003,8,14,22,22.6,968.6,57.4,0,1.1,2.5,281,NA,NA,0,0,0,0,0,0,0,14,361,376,94,13.8,48.8,10.27,17
2003,8,14,23,22,968.3,60.9,0,1.2,2.2,280,NA,NA,1,0,0,0,0,0,0,14,398,398,94,14.1,48.8,10.51,17
2003,8,15,0,21.2,968,65,0,1.5,3.2,281,NA,NA,0,0,0,0,0,0,0,14,396,396,94,14.4,48.5,10.69,16.9
2003,8,15,1,20.9,968.1,65.7,0,1.4,3.6,262,NA,NA,1,0,0,0,0,0,0,14,401,401,94,14.2,48,10.61,16.7
2003,8,15,2,21.6,967.4,62.8,0,1.4,4.1,333,NA,NA,1,0,0,0,0,0,0,14,374,385,94,14.2,48.6,10.59,16.9
2003,8,15,3,21.1,967,64.9,0,0.7,2.4,333,NA,NA,2,0,0,0,0,0,0,14,374,381,94,14.2,48.2,10.62,16.7
2003,8,15,4,20.8,968.3,71.6,0.2,3.4,8.6,227,NA,NA,0,0,0,0,0,0,0,14,371,381,94,15.5,50.1,11.5,17.4
2003,8,15,5,19.5,968.9,85.2,4,3,7.9,67,NA,NA,3,3,0,0,2,2,1,14,375,382,96,16.9,51.7,12.64,17.8
2003,8,15,6,19.4,968.7,87.4,0.6,1.8,6.2,31,NA,8,51,51,0,23,25,24,24,14,376,384,96,17.3,52.2,12.9,18
2003,8,15,7,20.2,968.5,85.8,0,0.6,2.1,315,NA,NA,133,133,0,78,64,59,62,14,384,392,96,17.7,54.1,13.32,18.5
2003,8,15,8,20.1,970.1,88.3,0.6,2,5.6,38,NA,NA,53,53,0,24,26,26,26,14,372,384,96,18.1,54.7,13.6,18.8
2003,8,15,9,19.2,969.5,90.9,5.1,2.6,9.2,77,NA,NA,80,80,0,38,38,38,39,14,371,382,96,17.7,52.9,13.24,18.2
2003,8,15,10,19.3,969.5,91.2,2.2,2.3,6.1,5,NA,NA,64,64,0,31,31,31,32,14,368,382,96,17.8,53.3,13.37,18.3
2003,8,15,11,20,969.1,86.1,0,1.9,4,3,NA,NA,345,311,40,157,198,139,138,14,366,387,96,17.6,53.6,13.19,18.4
2003,8,15,12,21.7,968.5,73,0,1.5,3.5,360,NA,7,516,389,151,174,333,212,164,14,379,410,96,16.7,53.4,12.41,18.4
2003,8,15,13,24,967.6,61.1,0,1.1,4,297,NA,NA,568,340,287,151,380,327,151,14,379,416,96,16,54.5,11.94,18.8
2003,8,15,14,23.6,967.4,62.1,0,1.3,3.8,122,NA,NA,383,326,81,139,214,252,138,14,405,427,96,15.9,53.9,11.85,18.6
2003,8,15,15,24.5,967.4,59.7,0,2,3.9,99,NA,NA,373,267,182,117,212,391,120,14,411,433,96,16.2,55.3,12.03,19
2003,8,15,16,24.6,967.2,59,0,1.2,2.7,95,NA,NA,175,166,21,74,85,140,77,14,409,423,96,16.1,55.2,11.96,19
2003,8,15,17,23.7,966.8,67.8,0,2.5,4.4,79,NA,NA,52,52,0,25,25,24,25,14,376,395,94,17.4,57,13.05,19.5
2003,8,15,18,23.1,967.2,70.9,0,2.1,4.4,53,NA,7,16,16,0,8,8,4,7,14,373,390,94,17.5,56.7,13.15,19.4
2003,8,15,19,21.9,967.3,76.6,0,0.8,2,344,NA,NA,1,0,0,0,0,0,0,14,368,382,94,17.6,55.6,13.21,19
2003,8,15,20,21.2,967.5,79.9,0,0.2,1.1,270,NA,NA,0,0,0,0,0,0,0,14,382,385,94,17.6,54.9,13.2,18.8
2003,8,15,21,20.5,967.6,83.6,0,0.7,1.3,261,NA,NA,0,0,0,0,0,0,0,14,382,383,94,17.6,54.2,13.23,18.6
2003,8,15,22,19.9,967.8,86.6,0,0.7,1.2,262,NA,NA,1,0,0,0,0,0,0,14,378,381,94,17.6,53.5,13.2,18.4
2003,8,15,23,19.7,968.1,87.5,0,0.3,1.1,333,NA,NA,0,0,0,0,0,0,0,14,365,374,94,17.6,53.2,13.17,18.3
2003,8,16,0,19.1,968.1,89.8,0,0.1,0.7,270,NA,NA,0,0,0,0,0,0,0,14,357,367,94,17.4,52.2,13.02,18
2003,8,16,1,18.7,967.6,90.1,0,0.3,1,270,NA,NA,0,0,0,0,0,0,0,14,358,367,94,17,51.1,12.74,17.6
2003,8,16,2,18.5,968.1,90,0,0.2,1,270,NA,NA,0,0,0,0,0,0,0,14,364,370,94,16.8,50.4,12.56,17.4
2003,8,16,3,18.2,968.4,90.9,0,0.2,0.9,270,NA,NA,1,0,0,0,0,0,0,14,362,367,94,16.7,49.8,12.44,17.2
2003,8,16,4,18.1,968.4,91.2,0,0.2,1,315,NA,NA,2,0,0,0,0,0,0,14,359,365,94,16.6,49.6,12.4,17.1
2003,8,16,5,18.3,968.6,90.3,0,0.5,1.6,360,NA,NA,33,30,37,81,17,16,34,14,350,364,94,16.7,49.9,12.43,17.3
2003,8,16,6,19.4,968.9,86.1,0,0.5,1.8,297,NA,1,157,88,263,399,59,51,85,14,358,380,94,17,51.7,12.7,17.8
2003,8,16,7,21.2,968.9,77.6,0,0.8,3,67,NA,NA,313,132,421,580,146,79,88,14,367,399,94,17.1,53.8,12.79,18.5
2003,8,16,8,22.9,968.5,69.3,0,1.6,5.1,86,NA,NA,472,196,474,604,280,109,112,14,373,409,94,17,55.3,12.68,19
2003,8,16,9,24.3,968,62.8,0,3,5.3,68,NA,NA,603,209,558,548,404,121,121,14,381,419,94,16.8,56.3,12.5,19.3
2003,8,16,10,25.5,967.7,58.7,0,3.3,6,108,NA,NA,697,337,454,406,481,154,154,14,388,428,94,16.8,57.6,12.56,19.7
2003,8,16,11,26.5,967.2,51.7,0,2.6,5.5,92,NA,NA,761,299,552,257,549,162,152,14,392,437,94,15.8,56.6,11.72,19.4
2003,8,16,12,28.3,966.6,45.3,0,2.3,5,85,NA,3,789,288,598,162,570,262,152,14,398,445,94,15.3,57.6,11.41,19.7
2003,8,16,13,28.3,965.9,45.1,0,2.9,5.5,92,NA,NA,501,328,218,144,337,292,144,14,395,434,94,15.3,57.5,11.37,19.7
2003,8,16,14,27.9,965.4,47.6,0,1.7,3.4,80,NA,NA,151,151,0,71,75,75,71,14,442,444,94,15.7,58,11.74,19.8
2003,8,16,15,27.9,965,47.9,0,1.5,3.3,65,NA,NA,189,186,4,84,93,107,84,14,446,448,94,15.8,58.2,11.82,19.9
2003,8,16,16,28.3,965.3,48.3,0,1.5,3.6,58,NA,NA,165,159,15,71,80,126,74,14,445,446,94,16.3,59.6,12.2,20.3
2003,8,16,17,27.5,965.1,54.5,0,1.9,4.4,41,NA,NA,42,42,0,21,20,17,20,14,442,442,94,17.5,61.3,13.16,20.7
2003,8,16,18,26.8,965.9,57.6,0,1,2.4,153,NA,7,28,28,0,13,13,15,14,14,437,437,94,17.7,61,13.35,20.6
2003,8,16,19,25.7,967.7,56.2,0,2.1,12.2,144,NA,NA,3,0,0,0,0,0,0,14,423,423,94,16.3,56.8,12.16,19.5
2003,8,16,20,19.4,969.5,88.8,26,4.3,17,187,NA,NA,4,0,0,0,0,0,0,14,391,391,94,17.5,52.7,13.1,18.1
2003,8,16,21,19,969.5,90.2,0,2.4,4.7,80,NA,NA,3,0,0,0,0,0,0,14,397,397,94,17.4,52,12.97,17.9
2003,8,16,22,19.5,969.4,92.3,0,2,4.5,69,NA,NA,4,0,0,0,0,0,0,14,396,396,94,18.2,54.4,13.71,18.6
2003,8,16,23,19.2,968.7,91.8,0,1.6,2.9,262,NA,NA,1,0,0,0,0,0,0,14,370,376,94,17.8,53.3,13.39,18.3
2003,8,17,0,19.2,968.4,91.9,0.1,1.7,3.3,248,NA,NA,2,0,0,0,0,0,0,14,366,373,94,17.9,53.3,13.41,18.3
2003,8,17,1,18.7,968.9,93,0,0.6,2,292,NA,NA,1,0,0,0,0,0,0,14,366,371,94,17.5,52.1,13.14,17.9
2003,8,17,2,18.2,968.3,93.4,0,0.3,0.8,315,NA,NA,1,0,0,0,0,0,0,14,347,360,94,17.1,50.7,12.79,17.5
2003,8,17,3,18,967.8,93.2,0,0.3,1.3,56,NA,NA,0,0,0,0,0,0,0,14,349,360,94,16.9,50,12.61,17.3
2003,8,17,4,17.4,968.4,92.6,0,0.2,1,315,NA,NA,0,0,0,0,0,0,0,14,344,357,94,16.2,48,12.04,16.6
2003,8,17,5,17.5,968.9,92.3,0,0.6,1.6,270,NA,NA,32,30,28,61,15,15,27,14,359,367,94,16.2,48.2,12.07,16.7
2003,8,17,6,18.9,969.1,90.4,0,1,1.9,328,NA,5,145,94,197,324,56,49,76,14,369,378,94,17.3,51.8,12.93,17.8
2003,8,17,7,19.9,969.5,87.8,0,0.5,2.1,360,NA,NA,308,133,408,570,147,79,88,14,376,394,94,17.8,53.9,13.36,18.5
2003,8,17,8,21.4,969.5,77.3,0,0.5,2.1,76,NA,NA,479,194,492,618,287,109,112,14,367,401,94,17.3,54.3,12.9,18.7
2003,8,17,9,22.8,969.5,69.2,0,1,3.3,73,NA,NA,529,313,307,434,337,140,141,14,375,411,94,16.9,54.9,12.57,18.9
2003,8,17,10,23.1,969,62.1,0,1.8,3.8,97,NA,NA,354,305,63,188,204,133,135,14,369,403,94,15.5,52.4,11.47,18.2
2003,8,17,11,25.3,968.6,52.9,0,1.1,3.1,114,NA,NA,722,334,465,253,521,166,155,14,383,428,94,15,53.8,11.15,18.6
2003,8,17,12,27,968,47.2,0,1.3,3.8,96,NA,3,738,317,505,165,535,255,153,14,391,433,94,14.8,55.2,11,19.1
2003,8,17,13,27.3,967.4,45.1,0,2.2,4.1,85,NA,NA,459,335,156,148,292,256,147,14,390,425,94,14.4,54.8,10.7,18.9
2003,8,17,14,28.3,967,44.3,0,2.1,4.3,99,NA,NA,514,323,273,142,327,419,141,14,397,434,94,15,56.9,11.15,19.6
2003,8,17,15,27.6,967.1,50.6,0,2.5,5.2,99,NA,NA,293,245,82,107,162,260,109,14,394,423,94,16.4,59,12.25,20.1
2003,8,17,16,25.7,970.6,61.5,0.9,2.7,22.5,259,NA,NA,52,52,0,26,25,22,26,14,359,392,94,17.7,59.7,13.29,20.3
2003,8,17,17,19.5,971.1,84.9,13.4,10.4,22.5,249,NA,NA,4,4,0,2,2,1,2,14,405,405,96,16.9,51.5,12.57,17.8
2003,8,17,18,19.4,969.2,86,1,2,5.8,290,NA,8,3,3,0,2,2,0,1,14,403,403,96,17,51.7,12.68,17.8
2003,8,17,19,19.1,969.8,89.1,0,0.7,2.2,18,NA,NA,0,0,0,0,0,0,0,14,400,400,96,17.3,51.9,12.89,17.9
2003,8,17,20,19.1,969.8,90.4,0,0.8,1.9,124,NA,NA,1,0,0,0,0,0,0,14,374,382,96,17.5,52.4,13.08,18
2003,8,17,21,18.8,968.7,91.2,0,0.6,1.7,270,NA,NA,2,0,0,0,0,0,0,14,371,379,96,17.3,51.8,12.97,17.8
2003,8,17,22,18.2,969.9,91.7,0,1,2.3,291,NA,NA,0,0,0,0,0,0,0,14,369,376,96,16.8,50.1,12.53,17.3
2003,8,17,23,18.1,970.3,91.4,0,0.9,2,27,NA,NA,1,0,0,0,0,0,0,14,353,368,96,16.7,49.6,12.4,17.2
2003,8,18,0,17.8,970.5,91.2,0,0.8,2.5,247,NA,NA,0,0,0,0,0,0,0,14,351,366,96,16.3,48.7,12.14,16.8
2003,8,18,1,17.4,970.2,91.4,0,0.6,1.9,323,NA,NA,0,0,0,0,0,0,0,14,350,366,96,16,47.5,11.86,16.5
2003,8,18,2,17.2,970.1,90.5,0,0.5,1.9,333,NA,NA,0,0,0,0,0,0,0,14,340,360,96,15.6,46.7,11.59,16.2
2003,8,18,3,16.7,970.5,91.2,0,0.6,2,45,NA,NA,1,0,0,0,0,0,0,14,335,355,96,15.3,45.4,11.31,15.8
2003,8,18,4,17,970.8,90,0,0.4,2,45,NA,NA,2,0,0,0,0,0,0,14,338,357,96,15.3,45.9,11.37,15.9
2003,8,18,5,17.5,971,89.2,0.1,1,2.7,7,NA,NA,35,28,91,139,17,16,49,14,345,360,94,15.7,47.1,11.64,16.4
2003,8,18,6,19.2,971.6,84.8,0,1.2,2.2,265,NA,3,126,106,77,200,56,49,66,14,359,374,94,16.6,50.5,12.31,17.5
2003,8,18,7,20.5,971.8,80.5,0,1.6,3.5,277,NA,NA,218,176,99,254,106,78,85,14,363,383,94,17,52.8,12.67,18.2
2003,8,18,8,21.7,972.4,76.2,0,1.9,6.9,252,NA,NA,192,188,7,113,95,83,85,14,369,389,94,17.3,54.6,12.91,18.8
2003,8,18,9,22.9,972.6,68.2,0,4.1,7.3,241,NA,NA,345,280,93,247,207,122,124,14,375,399,94,16.7,54.6,12.42,18.8
2003,8,18,10,24.8,972.1,57.9,0,3.8,8.2,226,NA,NA,759,347,522,440,532,160,160,14,380,417,94,16,55,11.81,19
2003,8,18,11,24.8,972.7,53.7,0,5,11.2,224,NA,NA,486,360,152,202,319,162,156,14,389,414,94,14.8,52.8,10.93,18.3
2003,8,18,12,25.1,972.4,51.6,0,4.2,8.8,232,NA,7,458,376,98,166,298,197,157,14,391,417,94,14.4,52.5,10.69,18.2
2003,8,18,13,26.8,972.3,47.3,0,3.3,8.6,217,NA,NA,626,346,356,156,429,363,156,14,395,424,94,14.6,54.6,10.84,18.9
2003,8,18,14,27.2,971.7,43.7,0,4.4,8.9,224,NA,NA,585,254,475,132,392,518,131,14,393,426,94,13.8,53.5,10.25,18.6
2003,8,18,15,27.9,971.5,39.3,0,3.3,8,226,NA,NA,490,182,537,107,298,647,110,14,399,430,94,12.8,52.6,9.6,18.3
2003,8,18,16,27.5,971.5,39.3,0,3.6,7.2,224,NA,NA,232,180,125,82,118,310,90,14,391,415,94,12.4,51.6,9.37,18
2003,8,18,17,26.7,971.6,43.6,0,2.7,5.4,237,NA,NA,87,86,2,39,40,56,41,14,391,411,94,13.3,52.2,9.93,18.2
2003,8,18,18,24.9,972.3,49.7,0,2.3,4.6,283,NA,6,28,28,0,13,13,18,14,14,378,396,94,13.7,51,10.17,17.8
2003,8,18,19,22.7,972.6,59.1,0,0.4,1.8,270,NA,NA,1,0,0,0,0,0,0,14,374,381,94,14.3,49.8,10.6,17.4
2003,8,18,20,21.2,972.8,65.3,0,0.5,1.5,243,NA,NA,0,0,0,0,0,0,0,14,361,370,94,14.4,48.5,10.69,16.9
2003,8,18,21,19.5,972.7,74.2,0,0.5,1.6,342,NA,NA,0,0,0,0,0,0,0,14,353,365,94,14.8,47.4,10.94,16.5
2003,8,18,22,18.8,972.9,77.4,0,0.4,1.6,270,NA,NA,0,0,0,0,0,0,0,14,353,362,94,14.8,46.6,10.92,16.3
2003,8,18,23,18.1,973.1,82,0,0.4,1.3,18,NA,NA,0,0,0,0,0,0,0,14,339,355,94,15,46.3,11.07,16.1
2003,8,19,0,17.7,973.5,83.7,0,0.1,0.8,0,NA,NA,0,0,0,0,0,0,0,14,335,351,94,14.9,45.7,11.02,15.9
2003,8,19,1,17.7,973.5,84.5,0,0,1.2,0,NA,NA,0,0,0,0,0,0,0,14,336,351,94,15.1,46,11.12,16.1
2003,8,19,2,16.9,973.7,87.6,0,0.3,1.4,270,NA,NA,1,0,0,0,0,0,0,14,346,356,94,14.8,44.7,10.96,15.6
2003,8,19,3,16.9,973.6,87.5,0,0.2,0.8,45,NA,NA,0,0,0,0,0,0,0,14,346,356,94,14.8,44.7,10.95,15.6
2003,8,19,4,16.9,973.9,86.2,0,0.4,1.5,72,NA,NA,1,0,0,0,0,0,0,14,344,354,94,14.6,44.3,10.78,15.5
2003,8,19,5,16.9,974.1,87.5,0,0.5,2,11,NA,NA,26,26,4,20,12,12,14,14,353,362,94,14.8,44.7,10.94,15.6
2003,8,19,6,18.5,974.4,82.8,0,0.7,2.3,31,NA,3,160,82,309,437,57,49,81,14,365,381,94,15.5,47.7,11.46,16.6
2003,8,19,7,20.3,974.1,71,0,0.6,1.9,79,NA,NA,284,156,302,477,141,81,90,14,375,399,94,14.9,48.3,10.98,16.9
2003,8,19,8,22,974,65.6,0,0.8,3,74,NA,NA,447,206,419,554,271,109,111,14,368,404,94,15.3,50.8,11.27,17.7
2003,8,19,9,23.1,973.8,60.9,0,1.6,4.3,72,NA,NA,626,217,586,572,432,124,124,14,371,415,94,15.1,51.7,11.19,17.9
2003,8,19,10,24.6,973.4,54.3,0,2.1,5.1,90,NA,NA,731,199,678,433,539,126,126,14,378,421,94,14.8,52.5,10.92,18.3
2003,8,19,11,25.8,972.8,50,0,2.2,4.7,100,NA,NA,773,244,637,247,582,147,136,14,392,431,94,14.6,53.5,10.8,18.6
2003,8,19,12,27.4,972.4,44.2,0,1.4,4.2,102,NA,3,812,175,768,131,615,249,124,14,399,441,94,14.1,54.3,10.49,18.8
2003,8,19,13,28.3,971.8,40.8,0,2,4.5,102,NA,NA,758,151,775,117,556,450,117,14,404,445,94,13.7,54.5,10.21,18.9
2003,8,19,14,28.9,971.5,38.3,0,2.7,4.5,118,NA,NA,649,165,697,113,450,610,113,14,404,442,94,13.3,54.4,9.92,18.9
2003,8,19,15,29,971.3,34.8,0,2.5,4.2,111,NA,NA,438,231,363,114,264,533,116,14,403,440,94,11.9,52.3,9.05,18.2
2003,8,19,16,28.8,971.1,39.2,0,3,4.8,73,NA,NA,349,96,608,75,162,714,81,14,403,432,94,13.6,54.8,10.1,19
2003,8,19,17,28.1,971,41.4,0,2.7,4.4,66,NA,NA,175,65,446,48,54,552,87,14,391,421,94,13.8,54.4,10.25,18.9
2003,8,19,18,25.9,971.2,49.3,0,2,3.6,47,NA,1,34,34,0,15,15,29,19,14,374,395,94,14.5,53.4,10.73,18.5
2003,8,19,19,23.9,971.3,56.4,0,0.6,2.5,9,NA,NA,0,0,0,0,0,0,0,14,367,381,94,14.7,51.8,10.9,18
2003,8,19,20,23.6,972.2,57,0,0.7,1.9,112,NA,NA,0,0,0,0,0,0,0,14,358,374,94,14.6,51.2,10.8,17.8
2003,8,19,21,21.4,972.3,65.4,0,0.4,1.7,117,NA,NA,0,0,0,0,0,0,0,14,351,368,94,14.6,49.1,10.84,17.1
2003,8,19,22,20.7,972.3,70.8,0,0.6,1.3,37,NA,NA,1,0,0,0,0,0,0,14,345,365,94,15.2,49.4,11.25,17.2
2003,8,19,23,20.2,972,73.6,0,0.4,1.3,90,NA,NA,2,0,0,0,0,0,0,14,370,375,94,15.3,49.1,11.35,17.1
2003,8,20,0,19.3,971.5,77.4,0,0.1,1,360,NA,NA,0,0,0,0,0,0,0,14,365,368,94,15.2,48,11.29,16.7
2003,8,20,1,18.4,971.6,80.6,0,0.2,1.3,225,NA,NA,0,0,0,0,0,0,0,14,359,365,94,15,46.7,11.11,16.3
2003,8,20,2,17.8,970.9,82.3,0,0.5,1.4,360,NA,NA,0,0,0,0,0,0,0,14,336,351,94,14.7,45.6,10.93,15.9
2003,8,20,3,17.5,970.5,84.2,0,0.2,1.1,45,NA,NA,0,0,0,0,0,0,0,14,334,349,94,14.8,45.4,10.98,15.8
2003,8,20,4,17.4,970.8,84,0,0.4,1.5,72,NA,NA,3,0,0,0,0,0,0,14,330,348,94,14.7,45,10.88,15.7
2003,8,20,5,17.3,971.1,82.9,0,0.5,2.3,297,NA,NA,38,25,174,219,18,17,67,14,352,362,94,14.4,44.4,10.66,15.5
2003,8,20,6,19.5,971.1,75.5,0,0.8,2,27,NA,4,162,74,353,471,54,47,78,14,363,385,94,15.1,47.9,11.15,16.7
2003,8,20,7,20.8,971.1,68.7,0,0.6,1.7,68,NA,NA,278,169,259,452,142,84,93,14,367,394,94,14.8,48.8,11,17
2003,8,20,8,23,971.3,58.1,0,0.8,2.9,37,NA,NA,467,179,505,616,293,104,107,14,387,418,94,14.3,50.2,10.63,17.5
2003,8,20,9,24.4,971.2,53.2,0,1.3,3.1,81,NA,NA,553,277,398,483,376,133,133,14,390,421,94,14.3,51.5,10.59,17.9
2003,8,20,10,25.2,970.6,49.1,0,1.7,3.4,101,NA,NA,617,338,356,357,430,153,154,14,394,425,94,13.8,51.5,10.25,17.9
2003,8,20,11,26.6,970.2,46.3,0,1.7,5.4,111,NA,NA,775,318,552,262,575,168,157,14,384,430,94,14.1,53.6,10.51,18.6
2003,8,20,12,26.9,969.8,45,0,3,5.2,100,NA,6,542,340,245,159,387,215,149,14,383,425,94,14,53.6,10.4,18.6
2003,8,20,13,26.9,969.5,43.7,0,2.1,4.3,84,NA,NA,179,178,2,83,90,87,83,14,385,411,94,13.5,52.8,10.1,18.3
2003,8,20,14,26.4,969.6,50.1,0,1.8,4.6,74,NA,NA,222,218,6,99,113,118,98,14,387,414,94,15.2,55.3,11.26,19.1
2003,8,20,15,26.8,969.4,48.7,0,3.5,6.3,57,NA,NA,298,251,83,108,168,270,110,14,384,415,94,15.1,55.5,11.2,19.2
2003,8,20,16,25.9,968.6,52.8,0,3.1,5.6,73,NA,NA,120,120,0,55,57,67,56,14,383,406,94,15.5,55.5,11.54,19.1
2003,8,20,17,25.3,968.8,56.8,0,2.8,5.8,69,NA,NA,56,56,0,27,27,27,27,14,426,426,94,16.1,56,11.98,19.2
2003,8,20,18,24.4,969.2,62.1,0,1.1,3,360,NA,7,11,11,0,6,5,2,5,14,424,424,94,16.7,56.2,12.42,19.3
2003,8,20,19,22.2,969.5,75.8,0.5,2.7,10.1,285,NA,NA,0,0,0,0,0,0,0,14,405,405,94,17.7,56.1,13.29,19.2
2003,8,20,20,21.1,970.5,80.4,0.1,1.6,3.8,114,NA,NA,0,0,0,0,0,0,0,14,374,380,94,17.6,54.6,13.16,18.8
2003,8,20,21,20.6,970.9,81.5,0,2.3,7.2,140,NA,NA,0,0,0,0,0,0,0,14,368,377,94,17.3,53.5,12.93,18.4
2003,8,20,22,20.5,970.6,76.3,0,1.9,6.5,148,NA,NA,0,0,0,0,0,0,0,14,359,372,94,16.2,51.1,12.01,17.7
2003,8,20,23,20.4,970.2,64.8,0,3.3,7.6,117,NA,NA,0,0,0,0,0,0,0,14,366,376,94,13.6,46.2,10.11,16.2
2003,8,21,0,19.6,970.3,72.8,0,1.6,5.4,86,NA,NA,2,0,0,0,0,0,0,14,365,375,94,14.6,47.2,10.82,16.4
2003,8,21,1,19,970.1,80.7,0,1.1,3.5,45,NA,NA,1,0,0,0,0,0,0,14,362,372,94,15.6,48.5,11.57,16.8
2003,8,21,2,18.5,970.2,87.8,0,1.4,3,349,NA,NA,0,0,0,0,0,0,0,14,364,373,94,16.4,49.6,12.22,17.1
2003,8,21,3,18.7,970.1,85.8,0,1.2,2.5,59,NA,NA,1,0,0,0,0,0,0,14,364,372,94,16.3,49.5,12.09,17.2
2003,8,21,4,18.2,969.9,90.4,0,1.1,2.3,333,NA,NA,0,0,0,0,0,0,0,14,362,371,94,16.6,49.6,12.35,17.2
2003,8,21,5,18.5,970.4,87.1,0,1.3,2.6,48,NA,NA,14,14,0,5,7,7,7,14,363,372,94,16.3,49.3,12.12,17.1
2003,8,21,6,18.5,970.8,81.2,0,1.1,2.2,83,NA,7,30,30,0,11,14,15,14,14,361,372,94,15.2,47.2,11.27,16.4
2003,8,21,7,19,971.1,75.9,0,1.1,2.5,66,NA,NA,91,91,0,46,43,42,43,14,365,378,94,14.7,46.7,10.86,16.3
2003,8,21,8,19.6,971.4,75.2,0,0.7,2,90,NA,NA,217,209,14,149,114,91,94,14,358,383,94,15.1,48.1,11.17,16.7
2003,8,21,9,21.1,970.8,70.7,0,1.2,4,84,NA,NA,612,252,521,545,423,132,133,14,364,404,94,15.6,50.5,11.54,17.6
2003,8,21,10,22.3,971,64.9,0,1.9,4.6,82,NA,NA,745,170,739,441,562,120,119,14,368,410,94,15.4,51.4,11.39,17.8
2003,8,21,11,23.3,970.3,59.4,0,1.1,4.1,106,NA,NA,819,135,831,234,630,121,115,14,400,431,94,14.9,51.6,11.08,17.9
2003,8,21,12,24.6,969.9,53.4,0,1.6,5.1,70,NA,5,816,144,818,122,627,246,117,14,401,434,94,14.5,52.2,10.77,18.1
2003,8,21,13,25.7,969.4,48.5,0,2.1,4.7,66,NA,NA,768,260,654,142,570,463,141,14,407,439,94,14,52.5,10.45,18.2
2003,8,21,14,25.5,969.1,48.3,0,1.5,4.6,28,NA,NA,274,252,32,113,151,167,112,14,392,417,94,13.8,51.8,10.28,18
2003,8,21,15,25,969.3,52.4,0,2.1,3.6,34,NA,NA,170,169,1,77,84,94,77,14,393,412,94,14.6,52.7,10.83,18.3
2003,8,21,16,24.8,969.3,55.8,0,1.5,3.3,8,NA,NA,128,128,0,58,61,75,59,14,393,410,94,15.4,54,11.41,18.7
2003,8,21,17,24.7,969.3,56.5,0,0.8,2.2,79,NA,NA,82,81,4,37,38,55,39,14,394,406,94,15.5,54.1,11.48,18.7
2003,8,21,18,23.9,969.9,61,0,0.9,2.6,103,NA,4,22,22,0,10,10,12,11,14,386,394,94,15.9,54.1,11.82,18.7
2003,8,21,19,22.2,970.2,71.8,0,1,2.4,11,NA,NA,1,0,0,0,0,0,0,14,381,389,94,16.9,54.3,12.56,18.7
2003,8,21,20,21.7,970.5,72.3,0,0.7,2.2,39,NA,NA,1,0,0,0,0,0,0,14,362,374,94,16.5,53,12.26,18.3
2003,8,21,21,20.4,970.4,73.8,0,0.7,1.9,45,NA,NA,0,0,0,0,0,0,0,14,356,367,94,15.6,49.8,11.54,17.3
2003,8,21,22,18.7,970.4,81.4,0,0.4,1.4,333,NA,NA,0,0,0,0,0,0,0,14,345,359,94,15.5,47.8,11.45,16.7
2003,8,21,23,18.5,970.4,80.6,0,0.2,1.2,270,NA,NA,1,0,0,0,0,0,0,14,338,354,94,15.1,47,11.2,16.3
2003,8,22,0,17.6,970.4,83.8,0,0.4,1.2,18,NA,NA,0,0,0,0,0,0,0,14,332,350,94,14.8,45.6,11,15.8
2003,8,22,1,17,970.6,85.5,0,0.2,0.9,315,NA,NA,1,0,0,0,0,0,0,14,331,347,94,14.6,44.4,10.8,15.5
2003,8,22,2,16.9,970.7,87,0,0.3,0.9,270,NA,NA,0,0,0,0,0,0,0,14,330,346,94,14.7,44.6,10.92,15.5
2003,8,22,3,16.7,970.9,85.4,0,0.8,1.6,270,NA,NA,0,0,0,0,0,0,0,14,326,343,94,14.2,43.6,10.57,15.2
2003,8,22,4,15.9,971.2,87.4,0,0.4,1.6,284,NA,NA,1,0,0,0,0,0,0,14,322,341,94,13.8,42,10.27,14.6
2003,8,22,5,16.4,971.4,87.4,0,0.4,2,34,NA,NA,31,24,99,142,15,14,45,14,335,351,94,14.3,43.3,10.61,15.1
2003,8,22,6,18.2,971.5,84.6,0,0.8,2.1,22,NA,1,154,74,328,447,54,46,73,14,351,375,94,15.6,47.5,11.52,16.5
2003,8,22,7,20.2,971.8,74.6,0,0.6,2.2,90,NA,NA,320,118,489,629,163,76,83,14,360,392,94,15.5,49.5,11.51,17.2
2003,8,22,8,21.9,971.9,66.4,0,1.3,4,85,NA,NA,489,136,625,674,314,94,96,14,365,403,94,15.4,50.9,11.37,17.7
2003,8,22,9,23.3,972,59.5,0,1,3.1,74,NA,NA,634,151,701,596,456,108,108,14,374,419,94,15,51.6,11.08,18
2003,8,22,10,24.8,972,53.3,0,1.3,3.9,90,NA,NA,729,182,706,434,556,122,121,14,381,426,94,14.7,52.6,10.86,18.3
2003,8,22,11,26.3,971.7,46,0,1.9,4.5,81,NA,NA,791,180,745,238,618,132,124,14,388,431,94,13.8,52.6,10.24,18.3
2003,8,22,12,27.3,971.1,41.2,0,1.8,4.1,77,NA,1,794,174,757,129,620,249,122,14,391,435,94,13,52.3,9.72,18.2
2003,8,22,13,28.4,970.6,37.5,0,1.8,4.5,94,NA,NA,734,173,727,120,559,448,119,14,387,438,94,12.5,52.7,9.44,18.3
2003,8,22,14,29.1,970.1,34.5,0,2.1,4.8,107,NA,NA,633,147,712,107,455,609,107,14,395,439,94,11.9,52.4,9.04,18.2
2003,8,22,15,29.2,969.8,35.6,0,2.3,4.2,95,NA,NA,493,117,676,93,317,702,94,14,392,435,94,12.4,53.4,9.39,18.5
2003,8,22,16,29.1,969.4,37.1,0,1.9,3.6,87,NA,NA,341,79,651,68,165,734,73,14,394,429,94,13,54.2,9.74,18.8
2003,8,22,17,28.1,969.8,38.4,0,2.1,3.7,71,NA,NA,165,61,451,46,51,552,79,14,378,412,94,12.6,52.5,9.5,18.3
2003,8,22,18,26,969.8,42.6,0,1.9,3.3,71,NA,0,28,28,0,12,13,24,16,14,364,387,94,12.3,49.9,9.32,17.4
2003,8,22,19,24.3,970.2,56.3,0,1.3,2.2,45,NA,NA,0,0,0,0,0,0,0,14,367,379,94,15,52.8,11.16,18.3
2003,8,22,20,23.6,970.9,54.2,0,0.7,2,56,NA,NA,0,0,0,0,0,0,0,14,358,372,94,13.8,49.9,10.28,17.4
2003,8,22,21,21.1,971,60.9,0,0.5,1.6,63,NA,NA,0,0,0,0,0,0,0,14,344,361,94,13.3,46.4,9.91,16.2
2003,8,22,22,19.9,971.5,67,0,0.2,0.8,270,NA,NA,0,0,0,0,0,0,0,14,339,355,94,13.6,45.7,10.13,16
2003,8,22,23,18.9,971.7,69.4,0,0.1,0.6,270,NA,NA,0,0,0,0,0,0,0,14,333,349,94,13.2,44,9.85,15.4
2003,8,23,0,18,971.5,73.6,0,0.3,1,333,NA,NA,0,0,0,0,0,0,0,14,331,347,94,13.2,43.1,9.88,15.1
2003,8,23,1,17.5,971.9,75.5,0,0.2,0.9,360,NA,NA,0,0,0,0,0,0,0,14,326,343,94,13.1,42.4,9.81,14.8
2003,8,23,2,16.7,971.7,80.7,0,0.3,1.4,45,NA,NA,0,0,0,0,0,0,0,14,324,340,94,13.4,42,9.97,14.7
2003,8,23,3,16.2,971.2,83.2,0,0.2,0.8,270,NA,NA,1,0,0,0,0,0,0,14,325,340,94,13.3,41.5,9.96,14.4
2003,8,23,4,15.8,971.7,84.9,0,0.4,1.3,252,NA,NA,2,0,0,0,0,0,0,14,320,337,94,13.3,40.9,9.91,14.3
2003,8,23,5,15.9,972.1,83.2,0,0.3,1.3,270,NA,NA,30,23,103,144,15,14,45,14,326,345,94,13.1,40.7,9.76,14.2
2003,8,23,6,17.9,972.2,76.8,0,0.4,1.1,346,NA,0,155,71,351,466,52,45,70,14,339,371,94,13.8,43.9,10.24,15.4
2003,8,23,7,20.3,972,70.6,0,0.7,1.9,27,NA,NA,322,112,512,644,167,74,80,14,351,393,94,14.8,48.2,10.95,16.8
2003,8,23,8,22.7,972.1,58.9,0,0.8,2.8,34,NA,NA,490,129,643,681,322,96,97,14,360,406,94,14.3,49.7,10.57,17.4
2003,8,23,9,24.6,971.8,47.6,0,1.1,3.6,73,NA,NA,634,160,691,597,462,111,111,14,365,416,94,12.7,49.1,9.56,17.2
2003,8,23,10,25.5,971.4,44.3,0,1.9,4.6,99,NA,NA,741,164,748,440,572,118,117,14,369,419,94,12.5,49.6,9.39,17.4
2003,8,23,11,27.1,970.5,36.8,0,2.1,4.5,101,NA,NA,801,163,781,236,632,128,120,14,380,430,94,11.1,49.1,8.57,17.2
2003,8,23,12,28.3,970.4,36.5,0,2.3,5,105,NA,1,806,148,807,123,632,248,118,14,392,440,94,12,51.8,9.13,18
2003,8,23,13,29.2,969.8,32.7,0,1.6,4,122,NA,NA,739,162,752,117,569,453,117,14,387,439,94,11.1,51.4,8.61,17.9
2003,8,23,14,30.2,969,27.4,0,1.3,4,56,NA,NA,630,146,714,106,458,610,106,14,395,446,94,9.4,49.9,7.64,17.4
2003,8,23,15,30.5,968.8,30.5,0,1.8,3.2,97,NA,NA,486,122,660,94,317,696,95,14,397,442,94,11.2,52.9,8.67,18.4
2003,8,23,16,30.1,968.4,34,0,1.9,3.5,103,NA,NA,321,98,559,74,164,675,79,14,396,432,94,12.5,54.5,9.46,18.9
2003,8,23,17,29.1,968.3,30.4,0,2.1,3.6,71,NA,NA,156,65,398,46,53,507,77,14,387,419,94,10,49.6,7.97,17.4
2003,8,23,18,27.1,968.7,37,0,1,2.4,53,NA,1,27,27,0,12,12,24,15,14,377,395,94,11.2,49.3,8.64,17.3
2003,8,23,19,26,969,40,0,0.5,3.3,63,NA,NA,0,0,0,0,0,0,0,14,372,383,94,11.4,48.5,8.75,17
2003,8,23,20,24.4,969.2,44.5,0,0.8,4.6,90,NA,NA,0,0,0,0,0,0,0,14,353,369,94,11.5,47.1,8.85,16.5
2003,8,23,21,21.7,969.5,55.3,0,0.5,1.4,315,NA,NA,0,0,0,0,0,0,0,14,344,361,94,12.4,45.6,9.34,16
2003,8,23,22,20.5,969.8,60.5,0,0.7,1.6,252,NA,NA,1,0,0,0,0,0,0,14,336,356,94,12.6,44.7,9.5,15.7
2003,8,23,23,19.7,969.7,64,0,0.2,1,315,NA,NA,0,0,0,0,0,0,0,14,337,353,94,12.7,44.1,9.56,15.4
2003,8,24,0,18.4,969.4,69.5,0,0.3,0.9,333,NA,NA,0,0,0,0,0,0,0,14,334,350,94,12.7,42.8,9.58,14.9
2003,8,24,1,17.9,969.3,72.7,0,0.3,1.1,270,NA,NA,0,0,0,0,0,0,0,14,330,346,94,12.9,42.6,9.71,14.9
2003,8,24,2,17.4,969,74.7,0,0.3,1.1,315,NA,NA,0,0,0,0,0,0,0,14,326,343,94,12.9,42,9.67,14.7
2003,8,24,3,16.8,969.1,76.6,0,0.1,0.8,315,NA,NA,1,0,0,0,0,0,0,14,324,341,94,12.7,41.1,9.55,14.3
2003,8,24,4,16.3,969.2,78.6,0,0.3,1,270,NA,NA,2,0,0,0,0,0,0,14,324,340,94,12.6,40.4,9.49,14.1
2003,8,24,5,17.2,969.5,74.9,0,0.2,1,270,NA,NA,33,23,162,205,16,15,59,14,356,361,94,12.7,41.5,9.57,14.5
2003,8,24,6,19.5,969.5,68.8,0,0.2,1.1,360,NA,3,171,105,280,435,66,55,80,14,368,388,94,13.6,45.4,10.16,15.8
2003,8,24,7,21.5,969.4,62.4,0,1,2.2,103,NA,NA,222,173,122,304,120,78,85,14,377,398,94,14,48.1,10.43,16.8
2003,8,24,8,22.5,969.6,53.4,0,0.8,2.7,69,NA,NA,251,233,31,188,135,99,101,14,393,407,94,12.6,46.7,9.47,16.4
2003,8,24,9,23.9,969.3,47.8,0,2.1,4.7,108,NA,NA,545,288,377,477,385,134,135,14,406,427,94,12.2,47.5,9.23,16.7
2003,8,24,10,24.8,968.7,46.7,0,2.8,5.4,97,NA,NA,603,339,343,351,434,152,153,14,409,433,94,12.6,49.2,9.53,17.2
2003,8,24,11,25.8,968.3,44,0,2,5.3,87,NA,NA,627,378,306,237,461,173,161,14,380,424,94,12.6,50.2,9.53,17.5
2003,8,24,12,27.5,967.7,38.1,0,1.8,5.3,80,NA,3,778,254,645,149,612,263,140,14,386,436,94,12,50.9,9.12,17.8
2003,8,24,13,28.6,966.9,33.6,0,1.6,4.8,86,NA,NA,719,184,700,122,559,446,122,14,387,436,94,11,50.7,8.57,17.7
2003,8,24,14,29.1,966,31.1,0,1.6,4,90,NA,NA,630,138,729,107,464,614,107,14,391,440,94,10.3,50.2,8.17,17.5
2003,8,24,15,30,965.5,31.5,0,2.3,4.3,108,NA,NA,510,88,771,84,334,752,85,14,394,438,94,11.3,52.5,8.73,18.2
2003,8,24,16,29.4,965.1,34.5,0,2.6,4.5,74,NA,NA,323,98,570,74,168,686,79,14,394,428,94,12.1,53.2,9.25,18.4
2003,8,24,17,28.4,965.1,36.6,0,2.3,4.2,69,NA,NA,153,61,412,45,51,516,73,14,385,416,94,12.1,52.2,9.26,18.1
2003,8,24,18,26.7,965.2,39,0,1.1,2.7,61,NA,3,15,15,0,7,7,7,7,14,376,390,94,11.6,49.6,8.93,17.3
2003,8,24,19,23.9,965.5,49.6,0,0.5,2.2,27,NA,NA,1,0,0,0,0,0,0,14,368,377,94,12.7,48.5,9.62,16.9
2003,8,24,20,22.2,965.4,57.1,0,0.5,1.8,270,NA,NA,0,0,0,0,0,0,0,14,359,371,94,13.3,47.7,10,16.6
2003,8,24,21,20.9,965.3,62.9,0,0.4,1,288,NA,NA,2,0,0,0,0,0,0,14,354,365,94,13.6,46.9,10.18,16.3
2003,8,24,22,20.3,965.1,62.5,0,0.4,1.7,252,NA,NA,0,0,0,0,0,0,0,14,344,360,94,12.9,45.1,9.74,15.7
2003,8,24,23,19.2,964.9,67.6,0,0.6,1.6,304,NA,NA,1,0,0,0,0,0,0,14,338,355,94,13.1,44.3,9.84,15.4
2003,8,25,0,18.8,964.9,70.2,0,0.3,1.2,297,NA,NA,0,0,0,0,0,0,0,14,336,353,94,13.3,44.2,9.97,15.4
2003,8,25,1,18.5,965,74.2,0,0.6,2.1,63,NA,NA,0,0,0,0,0,0,0,14,337,352,94,13.8,44.8,10.35,15.6
2003,8,25,2,18.6,964.5,74.7,0,0.6,2.1,0,NA,NA,2,0,0,0,0,0,0,14,378,378,94,14,45.3,10.49,15.7
2003,8,25,3,18.2,964.8,77.7,0,0.5,1.2,346,NA,NA,1,0,0,0,0,0,0,14,370,370,94,14.2,45.3,10.64,15.7
2003,8,25,4,18,964.9,79.4,0,0.1,3.2,360,NA,NA,0,0,0,0,0,0,0,14,376,376,94,14.4,45.3,10.74,15.8
2003,8,25,5,18.2,964.8,79.1,0,0.4,1.4,243,NA,NA,33,27,114,158,16,15,47,14,356,366,94,14.5,45.8,10.84,15.9
2003,8,25,6,20.4,964.9,72.5,0,0.8,1.8,286,NA,2,137,77,257,381,54,45,65,14,368,389,94,15.3,49.5,11.4,17.1
2003,8,25,7,22.1,964.9,64,0,0.8,4.3,14,NA,NA,297,129,417,575,164,77,84,14,376,405,94,15,50.6,11.17,17.5
2003,8,25,8,23.6,965.1,56.8,0,3.1,8.4,62,NA,NA,462,159,545,633,312,99,101,14,374,409,94,14.5,51.3,10.84,17.8
2003,8,25,9,24.5,964.8,52.4,0,3.8,7.3,63,NA,NA,608,189,617,571,453,117,117,14,375,415,94,14.1,51.5,10.56,17.9
2003,8,25,10,25.7,964.3,47.2,0,3.6,6.6,60,NA,NA,717,188,691,429,565,123,122,14,382,424,94,13.6,51.9,10.22,18
2003,8,25,11,26.6,963.8,45.1,0,2.5,5.8,67,NA,NA,771,196,709,237,620,136,127,14,385,432,94,13.7,53,10.3,18.3
2003,8,25,12,28.3,963.2,40.5,0,3.3,6.8,63,NA,2,772,192,717,133,621,253,126,14,394,439,94,13.6,54.6,10.22,18.8
2003,8,25,13,29.4,962.7,35.8,0,4.1,6.9,63,NA,NA,718,209,670,128,562,448,128,14,396,441,94,12.7,54.2,9.63,18.7
2003,8,25,14,29.9,962.5,32.5,0,3.8,7.4,67,NA,NA,518,291,338,133,367,462,133,14,393,435,94,11.7,53.1,8.99,18.4
2003,8,25,15,29.7,962.4,36,0,3.7,6.4,48,NA,NA,368,249,219,112,229,417,113,14,396,433,94,13,55.1,9.85,19
2003,8,25,16,29.1,962.2,38.1,0,3.8,6.4,49,NA,NA,223,162,158,76,119,324,82,14,397,425,94,13.4,55,10.08,19
2003,8,25,17,28.7,962.8,40.4,0,2.7,6,47,NA,NA,146,71,343,44,51,457,70,14,420,433,94,13.9,55.5,10.44,19.1
2003,8,25,18,26.9,964,43.4,0,2.5,6.4,117,NA,6,28,28,0,12,12,32,17,14,403,415,94,13.4,52.8,10.08,18.3
2003,8,25,19,23.9,964.9,53.5,0,5.7,8.4,257,NA,NA,1,0,0,0,0,0,0,14,392,401,94,13.9,50.5,10.4,17.5
2003,8,25,20,22.2,965,62,0,3.7,6.3,264,NA,NA,0,0,0,0,0,0,0,14,361,380,94,14.6,50,10.88,17.4
2003,8,25,21,21,965.1,67.2,0,1.9,4.2,267,NA,NA,0,0,0,0,0,0,0,14,357,373,94,14.7,48.9,10.96,17
2003,8,25,22,20.2,965.4,70.6,0,1.3,3.1,274,NA,NA,0,0,0,0,0,0,0,14,352,369,94,14.7,48.1,10.95,16.7
2003,8,25,23,19.9,965.6,71.9,0,1,2,294,NA,NA,0,0,0,0,0,0,0,14,343,361,94,14.7,47.8,10.95,16.6
2003,8,26,0,19.1,965.5,75.3,0,1.5,2.6,293,NA,NA,0,0,0,0,0,0,0,14,339,358,94,14.6,46.9,10.91,16.3
2003,8,26,1,18.6,966,77.4,0,0.9,1.9,277,NA,NA,0,0,0,0,0,0,0,14,337,354,94,14.6,46.2,10.86,16.1
2003,8,26,2,17.9,965.8,80.2,0,0.8,1.5,284,NA,NA,0,0,0,0,0,0,0,14,358,362,94,14.4,45.3,10.77,15.7
2003,8,26,3,17.7,965.9,81.7,0,0.5,1.6,297,NA,NA,0,0,0,0,0,0,0,14,354,359,94,14.5,45.2,10.84,15.7
2003,8,26,4,17.1,966,84.1,0,0.6,1.5,292,NA,NA,1,0,0,0,0,0,0,14,352,356,94,14.4,44.4,10.74,15.4
2003,8,26,5,17.2,966.5,84,0,0.8,1.9,277,NA,NA,24,20,79,114,13,12,35,14,335,352,94,14.5,44.6,10.79,15.5
2003,8,26,6,18.5,966.6,81.1,0,1,1.9,287,NA,1,138,74,278,398,53,45,62,14,343,371,94,15.2,47.3,11.31,16.4
2003,8,26,7,20.1,967,73.4,0,0.8,2.2,291,NA,NA,304,119,463,607,170,75,81,14,352,389,94,15.2,48.9,11.3,17
2003,8,26,8,22.7,966.7,61.5,0,0.7,2.8,301,NA,NA,468,145,585,652,321,95,97,14,375,412,94,14.9,51.1,11.11,17.7
2003,8,26,9,24.1,966.8,54.5,0,1,2.5,270,NA,NA,599,208,577,560,450,121,121,14,374,419,94,14.4,51.5,10.7,17.9
2003,8,26,10,26.5,966.4,46.5,0,0.9,3.8,342,NA,NA,706,203,660,424,561,126,125,14,390,432,94,14.1,53.5,10.53,18.5
2003,8,26,11,28.1,966,39.1,0,1.6,5,135,NA,NA,767,238,655,243,618,146,136,14,402,444,94,12.9,53.1,9.72,18.4
2003,8,26,12,29,966.2,34.8,0,2.8,6.1,113,NA,2,701,289,512,156,553,253,146,14,401,441,94,11.9,52.4,9.1,18.2
2003,8,26,13,29.6,965.6,33.2,0,1.8,5,124,NA,NA,722,197,694,125,573,453,125,14,406,450,94,11.7,52.8,8.99,18.3
2003,8,26,14,30.1,965.4,31.1,0,2.3,5.9,255,NA,NA,643,106,806,99,485,641,99,14,406,450,94,11.2,52.4,8.67,18.2
2003,8,26,15,30.2,965.4,30,0,2.3,6.4,284,NA,NA,502,86,772,83,340,753,83,14,404,446,94,10.7,51.9,8.41,18
2003,8,26,16,29.9,965,30.1,0,2.7,5.5,324,NA,NA,317,87,600,69,170,700,74,14,401,432,94,10.5,51.3,8.29,17.8
2003,8,26,17,28.8,965.4,32.1,0,2.6,5.1,332,NA,NA,152,58,443,43,49,542,70,14,383,417,94,10.5,50.2,8.3,17.5
2003,8,26,18,27,965.7,34.6,0,1.5,3.4,335,NA,2,20,20,0,9,9,17,11,14,372,395,94,10.1,47.7,8.05,16.7
2003,8,26,19,25.5,966.2,36.8,0,1,2.6,90,NA,NA,0,0,0,0,0,0,0,14,366,380,94,9.7,45.6,7.82,16
2003,8,26,20,23.3,966.4,44.2,0,0.5,2.3,180,NA,NA,1,0,0,0,0,0,0,14,349,366,94,10.4,44.4,8.24,15.6
2003,8,26,21,21.7,966.8,49.8,0,0.9,3,45,NA,NA,0,0,0,0,0,0,0,14,339,360,94,10.8,43.2,8.43,15.2
2003,8,26,22,20,966.7,55.1,0,0.6,2.1,270,NA,NA,1,0,0,0,0,0,0,14,335,353,94,10.7,41.4,8.4,14.5
2003,8,26,23,19.4,966.6,58.5,0,0.3,1.1,180,NA,NA,0,0,0,0,0,0,0,14,330,348,94,11.1,41.3,8.59,14.5
2003,8,27,0,18.1,966.6,63.1,0,0.1,1,270,NA,NA,0,0,0,0,0,0,0,14,325,342,94,11,39.9,8.54,13.9
2003,8,27,1,17.3,966.4,66.8,0,0.3,1,270,NA,NA,0,0,0,0,0,0,0,14,323,340,94,11.1,39.2,8.6,13.6
2003,8,27,2,16.8,966.4,69.2,0,0.1,0.7,270,NA,NA,0,0,0,0,0,0,0,14,322,337,94,11.1,38.8,8.64,13.5
2003,8,27,3,16.6,966,72.4,0,0.4,1.4,270,NA,NA,0,0,0,0,0,0,0,14,323,340,94,11.6,39.3,8.93,13.6
2003,8,27,4,16.3,966.3,75.5,0,0.3,1.2,288,NA,NA,1,0,0,0,0,0,0,14,322,340,94,12,39.5,9.13,13.7
2003,8,27,5,16.4,966,74.4,0,0.3,1.6,288,NA,NA,24,21,57,95,13,12,30,14,335,350,94,11.8,39.4,9.06,13.7
2003,8,27,6,17.9,966.3,72,0,0.6,1.5,292,NA,5,115,99,69,189,53,45,56,14,345,366,94,12.8,42.4,9.65,14.8
2003,8,27,7,19.8,966,66.9,0,0.8,2.6,315,NA,NA,231,188,109,288,122,80,86,14,355,383,94,13.5,45.6,10.1,15.9
2003,8,27,8,21.7,966,57.4,0,0.8,2.3,286,NA,NA,355,255,183,389,226,110,113,14,358,395,94,12.9,46.6,9.74,16.2
2003,8,27,9,23.6,965.3,51.1,0,0.4,2.2,315,NA,NA,500,304,292,418,350,135,136,14,371,410,94,12.9,48.5,9.74,16.9
2003,8,27,10,26.4,964.6,39.5,0,1.1,3,265,NA,NA,705,251,598,423,559,136,136,14,380,428,94,11.5,49.2,8.89,17.2
2003,8,27,11,28.9,964.3,33,0,0.8,3,239,NA,NA,737,270,581,244,590,155,145,14,393,440,94,11,51,8.59,17.8
2003,8,27,12,29.7,963.6,27.8,0,1.2,4.2,230,NA,4,748,237,639,143,610,258,135,14,388,444,94,9.1,49.2,7.57,17.2
2003,8,27,13,31.1,963,25.6,0,1.3,4.7,191,NA,NA,643,281,481,141,498,401,141,14,400,447,94,9.1,50.6,7.56,17.6
2003,8,27,14,31.1,962.4,26.6,0,1.3,4.4,68,NA,NA,590,196,595,117,448,577,117,14,400,451,94,9.7,51.4,7.86,17.9
2003,8,27,15,31.3,961.7,26.8,0,2.4,4.9,58,NA,NA,479,106,697,88,332,716,89,14,400,445,94,10,52,8.02,18.1
2003,8,27,16,31.4,961.7,26.7,0,2.1,4.7,99,NA,NA,315,86,604,69,173,704,73,14,399,437,94,10,52.2,8.04,18.1
2003,8,27,17,30.6,961.1,28.8,0,1.8,3.7,83,NA,NA,145,54,437,41,47,531,65,14,383,419,94,10.4,52,8.29,18
2003,8,27,18,28,961.5,34.9,0,1.1,3.8,360,NA,2,19,19,0,8,9,17,11,14,367,391,94,11.1,50.2,8.65,17.5
2003,8,27,19,25.4,961.8,44.1,0,0.6,2,112,NA,NA,0,0,0,0,0,0,0,14,366,379,94,12.3,49.5,9.39,17.2
2003,8,27,20,23,961.7,54.1,0,0.7,2,59,NA,NA,0,0,0,0,0,0,0,14,354,368,94,13.2,48.5,9.98,16.9
2003,8,27,21,21.3,962,60.3,0,0.7,1.3,31,NA,NA,1,0,0,0,0,0,0,14,349,363,94,13.3,46.9,10.03,16.3
2003,8,27,22,21.2,962.1,62.4,0,1.2,2.5,45,NA,NA,0,0,0,0,0,0,0,14,347,362,94,13.7,47.5,10.32,16.5
2003,8,27,23,21.2,962,64.2,0,0.9,2,41,NA,NA,1,0,0,0,0,0,0,14,359,367,94,14.2,48.3,10.62,16.8
2003,8,28,0,19.9,962.1,71,0,0.6,2.3,14,NA,NA,0,0,0,0,0,0,0,14,351,361,94,14.5,47.5,10.85,16.5
2003,8,28,1,19,962,73.8,0,0.2,1.8,315,NA,NA,1,0,0,0,0,0,0,14,346,356,94,14.2,46.1,10.66,16
2003,8,28,2,18.3,962.1,75.6,0,0.2,1,270,NA,NA,0,0,0,0,0,0,0,14,345,355,94,13.9,44.9,10.45,15.6
2003,8,28,3,17.6,961.8,77.1,0,0.1,0.9,270,NA,NA,2,0,0,0,0,0,0,14,338,349,94,13.5,43.5,10.19,15.1
2003,8,28,4,16.8,961.8,79,0,0.2,1.2,315,NA,NA,2,0,0,0,0,0,0,14,332,345,94,13.1,42,9.93,14.5
2003,8,28,5,17.2,962.4,75.7,0,0.7,3.1,279,NA,NA,38,29,192,242,16,14,63,14,342,356,94,12.9,42,9.75,14.6
2003,8,28,6,18.8,963.5,74.1,1.3,2.1,4.5,247,NA,7,31,31,0,12,15,15,15,14,347,363,94,14.1,45.7,10.55,15.9
2003,8,28,7,18.6,963.4,85.8,1.1,1.9,5.8,162,NA,NA,27,27,0,10,13,13,14,14,351,365,94,16.2,49.4,12.1,17.1
2003,8,28,8,19.2,963.1,87.6,0.1,2.2,4.3,24,NA,NA,141,141,0,76,69,64,65,14,359,374,94,17.1,51.9,12.84,17.8
2003,8,28,9,21.4,962.2,76.8,0,1.8,4.5,10,NA,NA,345,293,77,250,221,123,125,14,372,391,94,17.2,54.3,12.91,18.6
2003,8,28,10,23,961.5,67.1,0,2.3,5.1,103,NA,NA,559,371,249,328,413,153,154,14,368,405,94,16.6,54.8,12.43,18.8
2003,8,28,11,23.1,961.1,64.9,0,2.1,4.2,117,NA,NA,302,275,33,139,178,125,124,14,395,411,94,16.1,54,12.1,18.5
2003,8,28,12,24.9,960.3,56,0,1.9,5.5,96,NA,7,633,364,337,170,482,246,159,14,410,432,94,15.5,54.7,11.63,18.8
2003,8,28,13,26.1,959.8,51.7,0,2.5,5.5,68,NA,NA,632,288,460,142,493,396,141,14,411,436,94,15.4,55.7,11.53,19.1
2003,8,28,14,26.6,958.8,47.9,0,2.1,4.3,43,NA,NA,491,293,302,133,346,426,133,14,386,428,94,14.7,54.8,11.01,18.9
2003,8,28,15,27.3,957.9,45.1,0,1.5,4.4,94,NA,NA,472,188,535,107,326,664,109,14,390,432,94,14.4,55,10.81,18.9
2003,8,28,16,26.5,956.9,48.2,0,1.7,3.5,87,NA,NA,121,121,0,55,58,72,56,14,382,406,94,14.7,54.8,11.04,18.8
2003,8,28,17,25.6,956.8,51.5,0,1.1,2.6,45,NA,NA,59,59,0,28,28,33,28,14,379,397,94,14.9,54.2,11.18,18.7
2003,8,28,18,24,955,58.6,0,0.9,3,297,NA,6,9,9,0,4,4,3,4,14,372,387,94,15.4,53.7,11.6,18.4
2003,8,28,19,23,956.6,62.6,0,1.7,5.6,297,NA,NA,2,0,0,0,0,0,0,14,369,383,94,15.5,52.7,11.64,18.1
2003,8,28,20,23.4,957.4,57.9,0,1.6,5,11,NA,NA,2,0,0,0,0,0,0,14,368,385,94,14.6,51.6,11.01,17.8
2003,8,28,21,21.7,961.1,68.7,5.2,4.6,21,229,NA,NA,4,0,0,0,0,0,0,14,350,372,94,15.7,51.7,11.75,17.8
2003,8,28,22,18.1,962.2,80.7,2.4,5.7,14.4,224,NA,NA,4,0,0,0,0,0,0,14,342,358,94,14.7,46.1,11.02,16
2003,8,28,23,17.3,961.7,89.9,4.1,1.2,5.6,203,NA,NA,3,0,0,0,0,0,0,14,362,369,94,15.6,47,11.69,16.2
2003,8,29,0,17.1,959.8,91.2,0.7,2.5,5.6,3,NA,NA,4,0,0,0,0,0,0,14,363,368,94,15.7,46.9,11.74,16.2
2003,8,29,1,17.2,959.5,88.6,1.2,0.8,2.7,90,NA,NA,2,0,0,0,0,0,0,14,363,368,94,15.3,46.4,11.47,16
2003,8,29,2,17.1,957.6,89.7,1,1.8,5.6,144,NA,NA,5,0,0,0,0,0,0,14,347,360,94,15.4,46.5,11.57,16
2003,8,29,3,17,958.1,91.5,2.5,2.3,7.1,304,NA,NA,1,0,0,0,0,0,0,14,347,360,94,15.6,46.8,11.72,16.1
2003,8,29,4,17.1,957.3,91.1,1.1,1.1,5.9,193,NA,NA,0,0,0,0,0,0,0,14,349,362,94,15.6,47,11.75,16.1
2003,8,29,5,17,958,92.9,3.3,1.1,5,323,NA,NA,0,0,0,0,0,0,0,14,376,379,96,15.8,47.2,11.9,16.2
2003,8,29,6,17,958.9,92.6,3.2,1.1,3.7,310,NA,8,5,5,0,1,2,3,2,14,376,379,96,15.8,47.1,11.85,16.2
2003,8,29,7,17.1,958.9,92.4,0.5,1.1,2.8,320,NA,NA,16,16,0,5,8,8,8,14,378,380,96,15.9,47.3,11.9,16.3
2003,8,29,8,17.7,959.3,89,0.2,0.7,2.1,191,NA,NA,99,99,0,49,48,46,47,14,383,385,96,15.9,48,11.9,16.5
2003,8,29,9,18.3,959.5,87.4,0,1.8,3.9,256,NA,NA,200,197,5,107,103,88,90,14,386,391,96,16.2,49.2,12.14,16.9
2003,8,29,10,19.1,959.3,82,0.1,1.8,5,256,NA,NA,377,319,77,203,234,136,138,14,391,401,96,16,49.6,11.98,17.1
2003,8,29,11,20,959.6,76.2,0,3.8,6.5,253,NA,NA,237,234,4,112,125,106,106,14,376,393,96,15.7,50,11.76,17.2
2003,8,29,12,20.6,958.9,67.7,0,6.5,10.8,246,NA,7,534,316,275,152,409,215,144,14,378,401,96,14.4,48.2,10.84,16.7
2003,8,29,13,22.3,958.8,61.7,0,7.6,12.2,252,NA,NA,729,193,721,125,597,467,125,14,389,413,96,14.6,50.3,10.96,17.4
2003,8,29,14,23.4,959,55.7,0,5.8,11.3,251,NA,NA,677,322,545,149,494,623,148,14,384,418,96,14,50.4,10.57,17.4
2003,8,29,15,23.8,958.7,54.4,0,5.3,8.7,259,NA,NA,336,249,165,108,216,379,109,14,381,406,96,14.1,50.9,10.58,17.6
2003,8,29,16,21,959.3,68.4,0,2.4,6.6,309,NA,NA,34,34,0,17,16,13,17,14,370,386,96,15,49.6,11.22,17.2
2003,8,29,17,17,961.1,83.2,4.2,3.4,11.6,313,NA,NA,30,30,0,15,14,11,14,14,346,363,96,14.1,43.9,10.61,15.2
2003,8,29,18,16.6,962.1,84.9,0,1.8,5.1,165,NA,7,17,17,0,7,8,17,10,14,342,360,96,14.1,43.4,10.54,15.1
2003,8,29,19,16.9,962.8,81.1,0,3.1,7.2,150,NA,NA,0,0,0,0,0,0,0,14,345,360,96,13.6,42.9,10.25,14.9
2003,8,29,20,16.3,963.9,87.7,0,1.2,4,287,NA,NA,0,0,0,0,0,0,0,14,337,357,96,14.3,43.4,10.66,15.1
2003,8,29,21,16.6,964.5,86.1,0,1.2,3.1,169,NA,NA,0,0,0,0,0,0,0,14,335,356,96,14.3,43.7,10.66,15.2
2003,8,29,22,16.7,964.6,84.5,0,0.6,2,191,NA,NA,0,0,0,0,0,0,0,14,336,357,96,14.1,43.4,10.53,15.1
2003,8,29,23,16.7,964.9,85.4,0,1.1,3.3,256,NA,NA,0,0,0,0,0,0,0,14,336,357,96,14.2,43.7,10.64,15.2
2003,8,30,0,16.9,965,83.1,0,1.4,3.7,270,NA,NA,0,0,0,0,0,0,0,14,336,358,96,14,43.5,10.48,15.1
2003,8,30,1,17.1,964.3,80.9,0,1.5,5.6,222,NA,NA,0,0,0,0,0,0,0,14,336,357,96,13.8,43.4,10.34,15.1
2003,8,30,2,17.1,964.4,80.6,0,1.2,3.1,228,NA,NA,0,0,0,0,0,0,0,14,377,377,96,13.7,43.3,10.3,15
2003,8,30,3,17.1,964.8,83.2,0.1,0.9,3.4,243,NA,NA,0,0,0,0,0,0,0,14,374,376,96,14.2,44.1,10.63,15.3
2003,8,30,4,17,964.7,85,0.1,1,3.1,225,NA,NA,0,0,0,0,0,0,0,14,374,376,96,14.5,44.4,10.8,15.4
2003,8,30,5,16.8,965.3,88.9,0,1,2.9,321,NA,NA,9,9,0,3,4,4,4,14,374,374,94,15,45.1,11.15,15.7
2003,8,30,6,17.7,965.8,77.6,0,2.8,7,228,NA,7,54,54,0,28,26,25,26,14,380,380,94,13.7,43.9,10.28,15.2
2003,8,30,7,18.4,966.1,74.1,0,3.6,6.6,236,NA,NA,132,131,2,84,64,58,60,14,384,384,94,13.7,44.5,10.26,15.5
2003,8,30,8,17.9,966.7,81.2,0.6,4.2,7.7,231,NA,NA,141,141,0,76,70,64,65,14,388,388,94,14.6,45.6,10.9,15.8
2003,8,30,9,18.5,967.3,80.4,0,5,9.7,238,NA,NA,323,301,33,210,192,124,126,14,391,391,94,15.1,47,11.2,16.3
2003,8,30,10,19.5,967.1,73.2,0,4.5,7.4,234,NA,NA,474,380,126,269,328,152,154,14,399,404,94,14.6,47.1,10.85,16.4
2003,8,30,11,20.4,967.5,66.2,0,4.7,8.1,228,NA,NA,499,388,140,207,353,169,160,14,387,401,94,13.9,46.8,10.37,16.3
2003,8,30,12,20.8,967.6,64.3,0,4,7.2,219,NA,6,401,396,7,168,229,180,162,14,389,402,94,13.8,47.1,10.32,16.4
2003,8,30,13,21.3,967.3,59.7,0,4.3,7.5,232,NA,NA,341,304,50,133,207,184,132,14,390,400,94,13.1,46.5,9.87,16.2
2003,8,30,14,20.3,967.1,65.7,0,3.9,8.3,224,NA,NA,220,216,7,97,115,120,97,14,376,388,94,13.7,46.4,10.23,16.2
2003,8,30,15,20.7,966.5,64.3,0,3.8,6.9,234,NA,NA,263,225,72,98,158,246,99,14,379,394,94,13.7,46.9,10.26,16.3
2003,8,30,16,19.8,967.3,68.6,1,3.6,6.2,274,NA,NA,44,44,0,22,21,17,22,14,368,377,94,13.9,46.2,10.35,16.1
2003,8,30,17,18,967.3,79.7,0.7,1.3,5,336,NA,NA,9,9,0,5,4,2,4,14,376,380,96,14.4,45.4,10.75,15.8
2003,8,30,18,16.3,967.7,88,7.2,1.2,4.6,220,NA,7,3,3,0,2,1,0,1,14,372,375,96,14.3,43.4,10.66,15.1
2003,8,30,19,16.3,968.1,90.8,2.1,0.9,2.4,45,NA,NA,2,0,0,0,0,0,0,14,371,374,96,14.8,44.2,11,15.4
2003,8,30,20,16.2,968.3,91.4,1.1,1.2,2.4,70,NA,NA,1,0,0,0,0,0,0,14,377,377,96,14.8,44.1,11,15.3
2003,8,30,21,16.2,968.4,91.7,1,0.8,1.8,18,NA,NA,2,0,0,0,0,0,0,14,377,377,96,14.8,44.2,11.03,15.3
2003,8,30,22,16.3,968.2,88.7,0.3,1.9,4.9,235,NA,NA,3,0,0,0,0,0,0,14,376,376,96,14.4,43.6,10.74,15.1
2003,8,30,23,16.1,968.3,85.7,0,3.4,6.9,234,NA,NA,1,0,0,0,0,0,0,14,377,377,96,13.7,42.1,10.23,14.6
2003,8,31,0,15.5,968.4,89.3,4.4,3.7,6.2,282,NA,NA,3,0,0,0,0,0,0,14,371,372,96,13.7,41.5,10.26,14.4
2003,8,31,1,15,968.4,86.6,1,4,9.2,235,NA,NA,2,0,0,0,0,0,0,14,371,371,96,12.8,39.4,9.63,13.7
2003,8,31,2,15.2,968.6,88.8,0.8,1.9,4.9,263,NA,NA,1,0,0,0,0,0,0,14,365,367,96,13.4,40.6,10,14.1
2003,8,31,3,14.8,968.9,85.9,2.6,3.5,10,277,NA,NA,1,0,0,0,0,0,0,14,358,363,96,12.5,38.7,9.42,13.4
2003,8,31,4,13.9,969.1,83.5,0.3,1.8,5.9,231,NA,NA,0,0,0,0,0,0,0,14,358,360,96,11.2,35.8,8.63,12.3
2003,8,31,5,13.7,970,87.2,0,1.8,3.9,93,NA,NA,9,9,0,3,4,4,4,14,349,355,96,11.6,36.2,8.89,12.5
2003,8,31,6,13.8,970.8,85.5,0,1.3,3.7,24,NA,6,19,19,0,6,9,9,9,14,348,357,96,11.4,36,8.76,12.4
2003,8,31,7,14.4,971.1,85.3,0,1.4,3.2,42,NA,NA,110,110,0,63,53,49,51,14,354,364,96,12,37.4,9.09,13
2003,8,31,8,15.7,971.7,78.8,0,1.5,5.2,70,NA,NA,362,241,226,412,242,108,110,14,346,373,96,12,38.9,9.12,13.5
2003,8,31,9,16.7,971.8,66.7,0,3.1,5.8,99,NA,NA,702,262,667,651,547,138,139,14,344,384,96,10.5,37.6,8.22,13.1
2003,8,31,10,17.6,971.5,56.8,0,3.1,5.9,92,NA,NA,696,241,610,421,577,134,133,14,349,386,96,8.9,36.5,7.4,12.7
2003,8,31,11,18.6,971.5,47.5,0,2.8,5.8,88,NA,NA,808,199,772,243,690,140,131,14,348,390,94,7.2,35.4,6.58,12.3
2003,8,31,12,19,971.4,44.4,0,2.8,6.9,88,NA,3,715,236,610,141,606,256,133,14,351,391,94,6.6,35.1,6.31,12.2
2003,8,31,13,19.2,971.2,42.7,0,2.7,6.2,97,NA,NA,716,236,652,134,593,463,134,14,348,388,94,6.2,34.9,6.14,12.1
2003,8,31,14,18.7,970.8,42.7,0,2.5,4.9,104,NA,NA,274,249,38,110,159,175,110,14,327,365,94,5.8,33.9,5.95,11.7
2003,8,31,15,19.6,970.6,43.3,0,3,8.3,73,NA,NA,558,260,578,126,380,753,127,14,335,382,94,6.8,35.9,6.39,12.5
2003,8,31,16,18.7,970.6,45.5,0,3.6,6.4,59,NA,NA,307,130,491,78,182,651,83,14,330,365,94,6.7,34.9,6.35,12.1
2003,8,31,17,18,970.6,47.8,0,2.5,4.4,47,NA,NA,99,67,172,38,45,280,51,14,326,356,94,6.7,34.2,6.37,11.8
2003,8,31,18,16.9,970.6,50,0,2.4,6.6,5,NA,3,9,9,0,4,4,5,4,14,318,345,94,6.4,32.7,6.21,11.2
2003,8,31,19,15.8,970.6,53.7,0,3,6.1,6,NA,NA,0,0,0,0,0,0,0,14,312,336,94,6.3,31.6,6.19,10.7
2003,8,31,20,15,970.5,59.3,0,1.7,3.8,70,NA,NA,0,0,0,0,0,0,0,14,308,330,94,6.8,31.3,6.43,10.6
2003,8,31,21,14.4,970.5,64.5,0,0.3,1.6,90,NA,NA,0,0,0,0,0,0,0,14,305,326,94,7.5,31.6,6.78,10.7
2003,8,31,22,13.8,970.5,69.5,0,0.5,1.8,326,NA,NA,0,0,0,0,0,0,0,14,303,322,94,8.1,31.9,7.1,10.8
2003,8,31,23,13.7,970.5,74.3,0,1,2.8,270,NA,NA,0,0,0,0,0,0,0,14,304,322,94,9,32.9,7.57,11.2
1999,9,1,0,13.7,970.5,78.6,0,0.2,1.2,270,NA,NA,1,0,0,0,0,0,0,14,305,322,94,9.9,34,8.03,11.6
1999,9,1,1,13.7,970.6,82.1,0,0.1,1.3,315,NA,NA,0,0,0,0,0,0,0,14,308,323,94,10.7,35.1,8.43,12
1999,9,1,2,13.9,970.7,83.8,0,0.2,1.6,333,NA,NA,0,0,0,0,0,0,0,14,311,325,94,11.2,35.8,8.67,12.3
1999,9,1,3,14.3,970.8,84.4,0,0.1,1.4,270,NA,NA,0,0,0,0,0,0,0,14,315,329,94,11.7,37.1,8.97,12.8
1999,9,1,4,14.4,971,84.7,0,0.1,1.1,270,NA,NA,1,0,0,0,0,0,0,14,318,332,94,11.9,37.4,9.04,12.9
1999,9,1,5,15,971.1,83.1,0,0.2,1.3,360,NA,NA,18,18,0,14,8,8,9,14,323,340,94,12.1,38.3,9.19,13.3
1999,9,1,6,15.7,971.2,81.3,0,0.3,1.1,270,NA,1,126,66,286,395,51,40,49,14,330,350,94,12.5,39.6,9.4,13.7
1999,9,1,7,17.2,971.4,76.9,0,1,4,79,NA,NA,281,117,431,575,179,72,77,14,339,366,94,13.1,42.2,9.8,14.7
1999,9,1,8,18.8,971.6,71.5,0,2.6,5.7,69,NA,NA,440,155,535,622,331,96,97,14,348,383,94,13.5,44.5,10.09,15.5
1999,9,1,9,20.2,971.6,66.3,0,3.3,6.5,61,NA,NA,580,185,602,557,472,114,114,14,354,397,94,13.7,46.2,10.21,16.1
1999,9,1,10,21.5,971.2,60.4,0,3.5,7.1,66,NA,NA,685,203,649,416,580,125,124,14,357,405,94,13.5,47.2,10.08,16.5
1999,9,1,11,22.8,971.3,56,0,3.1,6.9,67,NA,NA,742,204,686,229,641,137,127,14,368,416,94,13.6,48.6,10.11,17
1999,9,1,12,23.6,971,53.1,0,3,6.3,64,NA,1,716,315,513,162,591,268,152,14,371,418,94,13.5,49.3,10.06,17.2
1999,9,1,13,24.7,970.9,47.2,0,3.4,6.6,53,NA,NA,671,219,617,127,564,439,127,14,371,419,94,12.7,49.2,9.55,17.2
1999,9,1,14,25,970.7,47.9,0,3.7,6.4,58,NA,NA,503,263,376,126,386,475,126,14,384,417,94,13.2,50.3,9.87,17.5
1999,9,1,15,25.1,970.2,48.7,0,3.6,6.3,58,NA,NA,411,161,491,96,305,608,97,14,384,413,94,13.5,51,10.11,17.7
1999,9,1,16,25,970.3,51.3,0,2.8,5.4,54,NA,NA,251,113,389,69,155,536,74,14,383,404,94,14.3,52.1,10.59,18.1
1999,9,1,17,23.9,969.9,55.3,0,3.2,5.1,47,NA,NA,92,66,144,35,41,237,45,14,366,383,94,14.4,51.3,10.69,17.8
1999,9,1,18,21.4,969.9,65,0,2.2,3.9,36,NA,2,6,6,0,3,3,2,3,14,355,365,94,14.6,49,10.8,17.1
1999,9,1,19,20.1,970.6,67.9,0,3,4.8,38,NA,NA,0,0,0,0,0,0,0,14,350,361,94,14,46.6,10.4,16.3
1999,9,1,20,20.2,971.3,64.2,0,4.1,8.2,41,NA,NA,0,0,0,0,0,0,0,14,343,359,94,13.2,45.4,9.88,15.9
1999,9,1,21,19.8,971.4,62.6,0,5.4,8.8,48,NA,NA,0,0,0,0,0,0,0,14,335,356,94,12.5,43.7,9.39,15.3
1999,9,1,22,18.7,971.3,63.2,0,3.5,6.8,29,NA,NA,0,0,0,0,0,0,0,14,330,348,94,11.6,41.2,8.85,14.5
1999,9,1,23,17.3,971.4,68.4,0,0.8,3.7,323,NA,NA,0,0,0,0,0,0,0,14,322,336,94,11.4,39.6,8.77,13.8
1999,9,2,0,17.4,971.2,67.9,0,1,6.9,66,NA,NA,0,0,0,0,0,0,0,14,329,337,94,11.4,39.7,8.76,13.8
1999,9,2,1,18.2,971.3,67,0,3.2,7.9,66,NA,NA,0,0,0,0,0,0,0,14,330,345,94,12,41.3,9.09,14.5
1999,9,2,2,17.6,971.1,71.1,0,3,7.1,62,NA,NA,0,0,0,0,0,0,0,14,336,348,94,12.3,41.3,9.3,14.4
1999,9,2,3,16.9,970.8,72.2,0,2.9,7.2,51,NA,NA,0,0,0,0,0,0,0,14,328,343,94,11.9,39.9,9.03,13.9
1999,9,2,4,16.6,970.6,74.6,0,3.6,9.2,58,NA,NA,1,0,0,0,0,0,0,14,332,345,94,12.1,39.9,9.16,13.9
1999,9,2,5,16,971.1,77.2,0,2.9,7.7,45,NA,NA,20,20,0,17,9,9,10,14,338,347,94,12,39.2,9.12,13.6
1999,9,2,6,17.1,971.2,75.4,0,5,10.3,68,NA,5,119,69,244,358,53,41,49,14,345,360,94,12.7,41.4,9.56,14.4
1999,9,2,7,17.8,971.5,73.8,0,4.7,9.6,74,NA,NA,244,157,231,414,152,77,82,14,348,370,94,13.1,42.7,9.78,14.9
1999,9,2,8,18.6,970.9,71.2,0,5.4,10.1,67,NA,NA,433,161,514,611,330,97,98,14,343,376,94,13.3,43.9,9.93,15.3
1999,9,2,9,19.3,970.4,68.2,0,5.8,10.2,73,NA,NA,583,176,623,564,481,112,112,14,348,385,94,13.3,44.6,9.94,15.6
1999,9,2,10,20.3,970,65.2,0,5.6,10.2,68,NA,NA,681,191,663,414,585,122,121,14,353,394,94,13.6,46.1,10.12,16.1
1999,9,2,11,21.2,969.4,62,0,5.1,11.1,58,NA,NA,739,191,702,225,646,133,124,14,358,403,94,13.6,47.2,10.17,16.4
1999,9,2,12,22.5,968.9,55.4,0,6.2,10.9,58,NA,3,740,181,719,128,647,257,122,14,363,402,94,13.1,47.7,9.84,16.6
1999,9,2,13,23.2,968.3,50.6,0,7,12.2,62,NA,NA,694,149,749,113,596,457,113,14,364,404,94,12.4,47.2,9.38,16.5
1999,9,2,14,23.2,967.8,47.2,0,8,13.4,59,NA,NA,589,135,715,104,487,616,104,14,359,396,94,11.3,45.6,8.74,16
1999,9,2,15,22.9,967.5,44.4,0,7.9,12.7,63,NA,NA,468,79,769,82,358,752,82,14,355,391,94,10.1,43.6,8.07,15.3
1999,9,2,16,22.3,967.8,41,0,6.6,11.8,59,NA,NA,300,69,662,65,189,744,68,14,346,381,94,8.4,40.7,7.17,14.3
1999,9,2,17,21.2,967.7,39.3,0,6.3,11,55,NA,NA,130,46,473,38,44,563,53,14,329,366,94,6.8,37.6,6.42,13.1
1999,9,2,18,19,967.5,44.8,0,4.5,8.9,40,NA,1,0,0,0,0,0,0,0,14,319,347,94,6.7,35.3,6.39,12.2
1999,9,2,19,18.1,967.6,47.5,0,5.1,9.2,43,NA,NA,0,0,0,0,0,0,0,14,320,346,94,6.8,34.4,6.4,11.9
1999,9,2,20,18,967.4,48.7,0,5.7,9.6,49,NA,NA,1,0,0,0,0,0,0,14,318,345,94,7,34.6,6.53,12
1999,9,2,21,17.5,966.9,51.4,0,5.3,9.6,47,NA,NA,0,0,0,0,0,0,0,14,316,342,94,7.4,34.5,6.68,11.9
1999,9,2,22,16.9,966.7,54.2,0,5.7,11.5,48,NA,NA,0,0,0,0,0,0,0,14,314,340,94,7.6,34.2,6.78,11.8
1999,9,2,23,15.9,966.1,58.8,0,4.3,8,42,NA,NA,0,0,0,0,0,0,0,14,310,335,94,7.9,33.5,6.91,11.5
1999,9,3,0,16.1,966.1,60.5,0,5.3,11.2,52,NA,NA,0,0,0,0,0,0,0,14,312,337,94,8.5,34.4,7.21,11.9
1999,9,3,1,15.4,965.3,62.2,0,2.7,7.2,56,NA,NA,1,0,0,0,0,0,0,14,310,333,94,8.2,33.4,7.09,11.4
1999,9,3,2,13.7,965.1,70,0,0.6,2.7,360,NA,NA,1,0,0,0,0,0,0,14,317,329,94,8.3,31.8,7.15,10.7
1999,9,3,3,13.3,964.9,69.4,0,1.8,3.7,7,NA,NA,0,0,0,0,0,0,0,14,317,327,94,7.8,30.8,6.9,10.3
1999,9,3,4,13.5,965.6,70,0,1.7,3.4,25,NA,NA,1,0,0,0,0,0,0,14,321,332,94,8.1,31.4,7.05,10.6
1999,9,3,5,13.5,966.3,70.4,0,2.5,5.2,35,NA,NA,6,6,0,2,3,3,3,14,326,335,94,8.2,31.5,7.09,10.6
1999,9,3,6,13.8,966,71.2,0,2.4,5.2,40,NA,4,106,84,109,228,53,41,50,14,332,349,94,8.7,32.4,7.32,11
1999,9,3,7,15.1,966.3,66.3,0,2.7,5.4,50,NA,NA,243,144,265,432,155,74,78,14,338,362,94,8.9,33.9,7.41,11.6
1999,9,3,8,16,966.5,66.5,0,2,4.4,62,NA,NA,307,233,141,336,210,102,103,14,337,364,94,9.8,36,7.88,12.5
1999,9,3,9,17.1,966.6,62.9,0,3.3,6.3,59,NA,NA,583,210,575,557,482,120,120,14,338,375,94,10,37.4,7.99,13
1999,9,3,10,18.4,966.1,60.1,0,2.5,5,68,NA,NA,682,186,674,415,593,121,120,14,348,386,94,10.5,39.5,8.29,13.8
1999,9,3,11,19.7,965.8,56.1,0,3.2,6,69,NA,NA,740,185,714,224,654,132,123,14,345,388,94,10.7,41.1,8.4,14.4
1999,9,3,12,20.7,965.9,52,0,2.3,5.3,61,NA,2,723,204,671,134,636,259,127,14,349,396,94,10.5,41.8,8.28,14.6
1999,9,3,13,22.2,965.7,48.4,0,2.8,5.9,107,NA,NA,664,276,536,142,550,431,142,14,354,397,94,10.8,43.8,8.45,15.3
1999,9,3,14,21.7,965.9,48.3,0,2.1,5,99,NA,NA,315,279,57,120,193,215,119,14,351,385,94,10.3,42.6,8.18,14.9
1999,9,3,15,22.5,966,46,0,1.1,3.9,90,NA,NA,395,211,368,105,285,537,106,14,358,398,94,10.3,43.4,8.18,15.2
1999,9,3,16,22.4,966.1,46.3,0,1.6,4,90,NA,NA,191,142,141,67,112,291,71,14,354,380,94,10.3,43.3,8.18,15.2
1999,9,3,17,21.3,966.6,57.6,0,1.7,5.3,263,NA,NA,84,58,148,34,41,245,44,14,361,377,94,12.6,45.6,9.53,15.9
1999,9,3,18,19.9,966.7,68.3,0,2.8,5.7,264,NA,6,13,0,0,0,0,0,0,14,355,369,94,13.9,46.3,10.38,16.2
1999,9,3,19,18.7,967.4,73.1,0,1,3.6,278,NA,NA,2,0,0,0,0,0,0,14,351,359,94,13.8,44.9,10.3,15.7
1999,9,3,20,17.9,967.6,76.3,0,0.4,2.2,180,NA,NA,2,0,0,0,0,0,0,14,341,350,94,13.7,43.9,10.22,15.3
1999,9,3,21,17.4,968.2,79.7,0,1.4,3,279,NA,NA,0,0,0,0,0,0,0,14,337,352,94,13.9,43.7,10.34,15.2
1999,9,3,22,16.9,968.1,79.6,0,2.7,4.5,254,NA,NA,2,0,0,0,0,0,0,14,335,349,94,13.4,42.3,10,14.8
1999,9,3,23,16.6,968.4,81.3,0,3.2,5.3,261,NA,NA,3,0,0,0,0,0,0,14,334,350,94,13.4,42.1,10.02,14.6
1999,9,4,0,16.4,968.9,81.2,0,1.2,3,217,NA,NA,2,0,0,0,0,0,0,14,333,344,94,13.2,41.5,9.87,14.5
1999,9,4,1,15.6,969,83.3,0,2.5,4.3,268,NA,NA,2,0,0,0,0,0,0,14,325,340,94,12.8,40,9.62,13.9
1999,9,4,2,14.4,968.9,85.7,0,1.1,2.6,326,NA,NA,0,0,0,0,0,0,0,14,319,331,94,12,37.6,9.15,13
1999,9,4,3,14.3,969,86.8,0,1.1,3.4,283,NA,NA,1,0,0,0,0,0,0,14,318,330,94,12.1,37.7,9.21,13
1999,9,4,4,13.6,969.1,87.6,0,0.6,2.2,323,NA,NA,0,0,0,0,0,0,0,14,313,325,94,11.6,36.1,8.88,12.4
1999,9,4,5,13.6,969.2,86.1,0,0.7,2.3,243,NA,NA,8,8,0,4,4,4,4,14,318,329,94,11.3,35.7,8.72,12.3
1999,9,4,6,14,969.6,85.8,0,1,2.3,270,NA,3,75,70,21,85,37,32,36,14,324,340,94,11.7,36.6,8.92,12.7
1999,9,4,7,15.9,969.7,80.9,0,1,3.2,311,NA,NA,280,124,420,574,188,74,78,14,333,359,94,12.6,40.1,9.51,13.9
1999,9,4,8,17.2,969.8,74,0,1.1,4.1,207,NA,NA,411,175,452,574,322,99,100,14,339,372,94,12.5,41.2,9.45,14.4
1999,9,4,9,18.5,969.7,68.6,0,1.3,3.5,111,NA,NA,559,192,569,541,472,114,114,14,347,387,94,12.6,42.7,9.51,14.9
1999,9,4,10,19.9,969.4,60.4,0,0.4,2.8,18,NA,NA,639,242,544,391,552,130,130,14,352,393,94,12,43.2,9.13,15.1
1999,9,4,11,21.5,968.7,55.9,0,1.7,5,82,NA,NA,706,243,600,228,622,145,134,14,356,399,94,12.3,45.3,9.34,15.9
1999,9,4,12,22,968.3,51.1,0,1.1,4,95,NA,4,619,336,368,162,502,246,153,14,354,398,94,11.4,44.5,8.8,15.6
1999,9,4,13,23,968,47.2,0,2.4,4.9,93,NA,NA,650,232,581,129,562,434,129,14,362,403,94,11.2,45.1,8.63,15.8
1999,9,4,14,23.2,967.7,46.3,0,2.5,4.9,106,NA,NA,550,158,628,105,465,580,105,14,366,404,94,11,45.1,8.58,15.8
1999,9,4,15,23.1,967.9,48.2,0,1.9,4.2,102,NA,NA,421,119,608,88,332,668,89,14,374,407,94,11.6,45.8,8.88,16.1
1999,9,4,16,22.7,967.9,51,0,2.4,4.8,82,NA,NA,227,130,286,68,142,439,73,14,367,389,94,12,46.2,9.17,16.1
1999,9,4,17,21.1,968.2,61.3,0,2.5,4.2,54,NA,NA,27,27,0,13,13,10,13,14,369,380,94,13.4,46.6,10.01,16.3
1999,9,4,18,19.9,968.6,71.1,0,1.6,3.1,72,NA,7,4,0,0,0,0,0,0,14,366,373,94,14.5,47.4,10.79,16.5
1999,9,4,19,19.2,968.6,75.3,0,1,3,61,NA,NA,0,0,0,0,0,0,0,14,363,366,94,14.7,47.1,10.94,16.4
1999,9,4,20,18.6,969.3,80.5,0,2.8,6.6,42,NA,NA,0,0,0,0,0,0,0,14,376,376,94,15.2,47.3,11.27,16.4
1999,9,4,21,17.9,968.9,79.7,0,1.6,5.4,67,NA,NA,0,0,0,0,0,0,0,14,370,370,94,14.3,45,10.67,15.7
1999,9,4,22,17.4,969.1,82.2,0,0.9,2.4,96,NA,NA,0,0,0,0,0,0,0,14,369,369,94,14.3,44.5,10.66,15.5
1999,9,4,23,16.2,968.8,86.8,0,0.8,2.9,320,NA,NA,1,0,0,0,0,0,0,14,337,346,94,14,42.7,10.43,14.8
1999,9,5,0,15.7,968.7,86.6,0,0.2,1.4,45,NA,NA,0,0,0,0,0,0,0,14,336,341,94,13.5,41.3,10.07,14.4
1999,9,5,1,15.1,968.4,86.6,0,0.1,0.9,315,NA,NA,0,0,0,0,0,0,0,14,329,336,94,12.9,39.7,9.69,13.8
1999,9,5,2,14.5,968.8,86.2,0,0.4,1.2,256,NA,NA,0,0,0,0,0,0,0,14,323,334,94,12.2,38,9.27,13.1
1999,9,5,3,14.3,968.8,86.9,0,0.2,1.1,315,NA,NA,0,0,0,0,0,0,0,14,319,333,94,12.1,37.7,9.22,13
1999,9,5,4,14,968.6,87.1,0,0.3,1.2,270,NA,NA,1,0,0,0,0,0,0,14,318,331,94,11.9,37,9.07,12.8
1999,9,5,5,14,969.1,86.3,0,0.6,1.6,261,NA,NA,12,12,0,8,6,5,6,14,334,340,94,11.7,36.8,8.98,12.7
1999,9,5,6,14.7,969.2,85.6,0,0.3,1.5,360,NA,5,75,70,25,89,37,32,35,14,341,350,94,12.3,38.3,9.32,13.3
1999,9,5,7,16.8,969.2,81.8,0,0.4,1.9,326,NA,NA,274,125,405,560,188,74,78,14,359,375,94,13.7,42.7,10.2,14.9
1999,9,5,8,18.7,969.3,75.4,0,0.6,2.9,270,NA,NA,436,137,576,638,351,91,91,14,349,384,94,14.3,45.7,10.61,15.9
1999,9,5,9,20.4,969.1,61.5,0,1.8,4.6,257,NA,NA,570,175,614,556,489,111,111,14,352,390,94,12.8,44.9,9.6,15.7
1999,9,5,10,22.3,968.8,53.7,0,2.3,5.2,245,NA,NA,675,193,662,413,599,122,122,14,361,402,94,12.5,46.4,9.42,16.2
1999,9,5,11,23.5,968.1,47.5,0,3.7,8.5,251,NA,NA,734,180,720,220,664,130,121,14,371,409,94,11.7,46.4,8.96,16.3
1999,9,5,12,24.6,968,43.4,0,4.1,7.6,258,NA,2,715,200,673,132,643,259,125,14,379,414,94,11.3,47,8.74,16.4
1999,9,5,13,25.2,967.4,37.6,0,4.5,8.9,254,NA,NA,673,160,718,113,599,455,113,14,375,413,94,9.7,45.3,7.84,15.9
1999,9,5,14,25.5,966.9,37.8,0,4,7.4,260,NA,NA,564,138,685,100,484,604,100,14,371,411,94,10.1,46.1,8.03,16.2
1999,9,5,15,25.1,966.8,39.5,0,5.8,10.1,247,NA,NA,430,101,670,83,345,701,84,14,367,404,94,10.4,46.1,8.2,16.2
1999,9,5,16,24.6,966.3,41.7,0,5.1,9.5,244,NA,NA,270,75,582,61,181,677,64,14,366,397,94,10.7,46.2,8.41,16.2
1999,9,5,17,23.8,966.4,45.8,0,4.2,7.7,234,NA,NA,100,46,336,33,39,421,41,14,363,386,94,11.4,46.4,8.81,16.2
1999,9,5,18,22.2,967.1,54.8,0,3,5.8,226,NA,1,4,0,0,0,0,0,0,14,357,373,94,12.7,46.7,9.57,16.3
1999,9,5,19,20.9,967.3,59.3,0,2,4.2,217,NA,NA,0,0,0,0,0,0,0,14,351,365,94,12.7,45.3,9.57,15.9
1999,9,5,20,20.3,967.8,61.3,0,3.4,5.6,240,NA,NA,0,0,0,0,0,0,0,14,348,364,94,12.6,44.6,9.52,15.6
1999,9,5,21,19.5,967.5,65.6,0,2.4,4.6,240,NA,NA,0,0,0,0,0,0,0,14,345,358,94,12.9,44.2,9.7,15.5
1999,9,5,22,18.3,967.4,71.9,0,2.5,4.3,261,NA,NA,0,0,0,0,0,0,0,14,338,351,94,13.1,43.4,9.87,15.1
1999,9,5,23,16.8,967.5,78.5,0,1.1,2.8,275,NA,NA,0,0,0,0,0,0,0,14,332,343,94,13,41.7,9.8,14.5
1999,9,6,0,15.9,967.2,81.5,0,0.2,0.9,27,NA,NA,1,0,0,0,0,0,0,14,328,336,94,12.7,40.3,9.61,14
1999,9,6,1,15.2,967.5,84.6,0,0.1,1.1,270,NA,NA,0,0,0,0,0,0,0,14,323,335,94,12.6,39.4,9.53,13.6
1999,9,6,2,15.4,967.5,83,0,0.9,2.6,207,NA,NA,0,0,0,0,0,0,0,14,325,336,94,12.5,39.4,9.47,13.7
1999,9,6,3,16.5,967.3,80.5,0,1.6,3.3,243,NA,NA,0,0,0,0,0,0,0,14,328,340,94,13.1,41.6,9.87,14.4
1999,9,6,4,17.2,967.4,77.6,0,2,5.2,234,NA,NA,0,0,0,0,0,0,0,14,323,342,94,13.3,42.5,9.94,14.8
1999,9,6,5,16.2,967.3,82.3,0,0.7,1.9,51,NA,NA,10,10,0,6,5,5,5,14,341,350,94,13.2,41.3,9.9,14.4
1999,9,6,6,17.1,967.5,81.1,0,0.5,1.7,37,NA,7,79,70,45,126,41,33,38,14,348,361,94,13.8,43.4,10.33,15.1
1999,9,6,7,18.6,967.8,73.2,0,1.2,3.6,265,NA,NA,198,152,127,287,124,70,74,14,354,374,94,13.7,44.7,10.24,15.6
1999,9,6,8,18.9,968.1,71.6,0,3.3,6.5,233,NA,NA,94,94,0,46,45,44,45,14,361,374,94,13.7,44.9,10.21,15.7
1999,9,6,9,19.1,968.4,68.2,0,2.2,5.4,227,NA,NA,78,78,0,37,37,37,38,14,362,374,94,13.1,44.1,9.83,15.4
1999,9,6,10,18.7,968.6,72.8,0,3.9,7.1,264,NA,NA,76,76,0,37,36,36,37,14,359,370,94,13.7,44.8,10.24,15.6
1999,9,6,11,18.4,968.6,77.8,0,2.2,4.7,249,NA,NA,91,91,0,44,44,43,44,14,353,367,94,14.5,45.8,10.75,16
1999,9,6,12,18.6,968.3,75.9,0,2,4,252,NA,7,141,141,0,67,71,67,67,14,355,372,94,14.3,45.6,10.62,15.9
1999,9,6,13,20.8,967.5,66.6,0,1.6,5.5,254,NA,NA,622,301,452,143,524,409,143,14,369,405,94,14.4,48.1,10.69,16.8
1999,9,6,14,22.7,967.5,58.8,0,4.4,7.7,250,NA,NA,461,278,298,127,355,423,126,14,371,400,94,14.2,49.8,10.6,17.3
1999,9,6,15,22.1,967,61.9,0,2.9,6.1,232,NA,NA,157,156,2,71,80,91,71,14,369,387,94,14.5,49.6,10.77,17.3
1999,9,6,16,21.2,967.1,69.1,0,2.7,5.2,248,NA,NA,24,24,0,12,11,8,12,14,364,377,94,15.3,50.2,11.39,17.4
1999,9,6,17,19.6,967.2,81.1,1.1,2.4,6.7,236,NA,NA,4,4,0,2,2,1,2,14,358,373,96,16.3,50.5,12.12,17.5
1999,9,6,18,18.3,968.1,84.6,0.8,2.5,6.7,214,NA,8,1,0,0,0,0,0,0,14,351,366,96,15.7,47.9,11.64,16.6
1999,9,6,19,17.8,969.1,81.7,0,3.5,9.6,239,NA,NA,0,0,0,0,0,0,0,14,348,363,96,14.6,45.4,10.87,15.8
1999,9,6,20,17.2,968.8,84,0,5.1,9,253,NA,NA,0,0,0,0,0,0,0,14,360,368,96,14.5,44.5,10.76,15.5
1999,9,6,21,16.9,968.8,84.9,0,3.8,6,264,NA,NA,1,0,0,0,0,0,0,14,359,366,96,14.3,44,10.67,15.3
1999,9,6,22,16.8,968.8,84.1,0,2.4,4.1,280,NA,NA,0,0,0,0,0,0,0,14,358,365,96,14.1,43.5,10.5,15.1
1999,9,6,23,16.5,968.6,84.2,0,1.1,4.6,260,NA,NA,0,0,0,0,0,0,0,14,334,350,96,13.8,42.7,10.31,14.8
1999,9,7,0,15.6,968.7,88.4,0,0.1,1.3,270,NA,NA,0,0,0,0,0,0,0,14,327,341,96,13.7,41.5,10.22,14.4
1999,9,7,1,15.2,968.8,88.7,0,0.3,1.1,252,NA,NA,2,0,0,0,0,0,0,14,328,344,96,13.3,40.5,9.99,14
1999,9,7,2,15.3,968.5,88.2,0,0.1,1,0,NA,NA,2,0,0,0,0,0,0,14,327,344,96,13.4,40.7,10,14.1
1999,9,7,3,15.4,968.4,88.4,0,0.1,1,0,NA,NA,1,0,0,0,0,0,0,14,329,347,96,13.5,41,10.09,14.2
1999,9,7,4,15.5,968.5,87.9,0,0.2,2,297,NA,NA,1,0,0,0,0,0,0,14,330,349,96,13.5,41.1,10.1,14.3
1999,9,7,5,15.9,968.7,86.6,0,0.5,2.9,270,NA,NA,7,7,0,3,3,3,3,14,376,376,94,13.7,41.8,10.21,14.6
1999,9,7,6,16.5,968.8,84.7,0,0.9,2.2,257,NA,7,61,61,0,38,29,27,29,14,381,381,94,13.9,42.8,10.37,14.9
1999,9,7,7,17.3,969,82.1,0,1,2.2,283,NA,NA,200,150,139,296,127,69,73,14,388,388,94,14.2,44.2,10.58,15.4
1999,9,7,8,18.6,969.7,75,0,1,3.1,129,NA,NA,432,163,526,622,355,98,98,14,357,387,94,14.1,45.3,10.48,15.8
1999,9,7,9,19.7,969.2,68.5,0,1.1,3.1,80,NA,NA,557,192,576,543,487,114,114,14,361,396,94,13.7,45.8,10.25,16
1999,9,7,10,21.1,969,61.7,0,1.2,3.2,61,NA,NA,667,186,667,409,606,120,119,14,368,406,94,13.5,46.8,10.07,16.4
1999,9,7,11,22.6,968.8,55.9,0,1.2,4,54,NA,NA,719,184,703,217,663,131,121,14,374,414,94,13.4,48.1,9.99,16.8
1999,9,7,12,24,968.6,53.3,0,0.7,3.5,360,NA,3,716,187,698,129,659,262,122,14,374,417,94,13.9,50.6,10.38,17.6
1999,9,7,13,23.9,968.8,52.7,0,1.6,4,292,NA,NA,613,247,519,132,533,411,132,14,374,415,94,13.7,50,10.2,17.4
1999,9,7,14,24.1,969,52.9,0,2,5,332,NA,NA,490,239,411,120,405,488,120,14,374,411,94,13.9,50.6,10.36,17.6
1999,9,7,15,24,969.1,56.2,0,2.2,4.1,65,NA,NA,337,184,317,94,259,475,95,14,382,408,94,14.7,52,10.95,18
1999,9,7,16,24,969.1,54.4,0,2.5,4.7,68,NA,NA,237,106,405,65,163,545,69,14,378,402,94,14.2,51.1,10.59,17.7
1999,9,7,17,22.7,969.4,61.1,0,2.2,3.6,37,NA,NA,80,49,207,30,36,291,36,14,363,383,94,14.8,50.8,11,17.6
1999,9,7,18,20.6,969.8,68.2,0,2,3.7,20,NA,1,2,0,0,0,0,0,0,14,352,362,94,14.5,48.1,10.79,16.7
1999,9,7,19,19.4,970.8,71.1,0,1,2.6,41,NA,NA,0,0,0,0,0,0,0,14,349,355,94,14,46,10.43,16
1999,9,7,20,18.8,971.3,71.6,0,1.4,3.3,107,NA,NA,0,0,0,0,0,0,0,14,333,345,94,13.6,44.5,10.11,15.6
1999,9,7,21,17.3,971.6,79.4,0,0.2,1.2,360,NA,NA,0,0,0,0,0,0,0,14,330,341,94,13.7,43.2,10.2,15.1
1999,9,7,22,16.3,971.9,83.7,0,0.2,1.2,315,NA,NA,0,0,0,0,0,0,0,14,323,338,94,13.5,41.9,10.08,14.6
1999,9,7,23,16.2,972,83.5,0,0.4,1.5,243,NA,NA,0,0,0,0,0,0,0,14,325,336,94,13.4,41.6,9.99,14.5
1999,9,8,0,15.5,971.5,85.5,0,0,0.9,0,NA,NA,0,0,0,0,0,0,0,14,320,333,94,13.1,40.3,9.79,14
1999,9,8,1,14.9,971.2,86.3,0,0,0,0,NA,NA,0,0,0,0,0,0,0,14,317,330,94,12.6,39,9.5,13.5
1999,9,8,2,14.6,971.4,86.7,0,0,0.7,0,NA,NA,0,0,0,0,0,0,0,14,312,328,94,12.4,38.3,9.36,13.3
1999,9,8,3,14.1,971.6,87.4,0,0.1,0.8,270,NA,NA,0,0,0,0,0,0,0,14,312,327,94,12,37.2,9.13,12.9
1999,9,8,4,13.8,971.6,87.2,0,0,0.9,0,NA,NA,1,0,0,0,0,0,0,14,310,324,94,11.7,36.4,8.93,12.6
1999,9,8,5,13.7,972.2,87.9,0,0.2,1,315,NA,NA,11,11,0,8,5,5,6,14,321,331,94,11.7,36.4,8.94,12.5
1999,9,8,6,14.8,972.2,85.4,0,0,0.5,0,NA,2,102,66,195,305,57,38,45,14,330,348,94,12.4,38.5,9.33,13.4
1999,9,8,7,16.9,972.3,80.5,0,0.5,2.1,25,NA,NA,262,107,438,569,193,67,70,14,330,362,94,13.5,42.5,10.07,14.8
1999,9,8,8,18.9,972.3,75.6,0,0.9,3.6,50,NA,NA,423,140,556,625,356,91,91,14,348,385,94,14.5,46.2,10.74,16.1
1999,9,8,9,20.5,972.1,67.6,0,1.6,4.1,83,NA,NA,565,155,649,561,506,105,105,14,359,397,94,14.3,47.5,10.6,16.6
1999,9,8,10,21.6,971.5,64.9,0,2.9,6.3,73,NA,NA,657,179,669,404,606,118,117,14,366,404,94,14.7,49.4,10.9,17.2
1999,9,8,11,22.8,971,58.8,0,3.5,7.2,65,NA,NA,709,189,688,216,661,132,122,14,371,408,94,14.3,50,10.63,17.4
1999,9,8,12,23.8,970.7,56.1,0,3.4,7.4,73,NA,1,703,183,692,127,656,259,120,14,374,411,94,14.5,51.4,10.78,17.8
1999,9,8,13,24.5,970.3,53.6,0,3.3,6.1,72,NA,NA,652,159,705,111,601,452,111,14,375,415,94,14.5,52,10.74,18.1
1999,9,8,14,24.9,970.1,49.4,0,3.5,6.8,49,NA,NA,548,132,687,101,491,603,101,14,375,418,94,13.6,50.9,10.13,17.7
1999,9,8,15,25.3,969.8,47.9,0,3,5.5,69,NA,NA,406,103,639,82,343,681,82,14,376,413,94,13.5,51.1,10.06,17.8
1999,9,8,16,24.9,969.7,52.1,0,2.5,4.7,48,NA,NA,240,98,446,63,169,575,66,14,375,406,94,14.4,52.3,10.7,18.2
1999,9,8,17,23.2,969.9,60.8,0,1.5,3,14,NA,NA,68,49,133,29,36,217,35,14,363,382,94,15.2,52,11.28,18
1999,9,8,18,20.8,970.3,71.7,0,0.1,1.2,270,NA,1,4,0,0,0,0,0,0,14,357,361,94,15.5,50.1,11.49,17.4
1999,9,8,19,19.3,970.9,78,0,0.1,1.2,90,NA,NA,0,0,0,0,0,0,0,14,348,352,94,15.4,48.3,11.39,16.8
1999,9,8,20,18.4,971.4,80.5,0,0,0.6,0,NA,NA,0,0,0,0,0,0,0,14,337,348,94,15,46.6,11.1,16.3
1999,9,8,21,17.5,971.7,80.5,0,0,0,0,NA,NA,0,0,0,0,0,0,0,14,329,341,94,14.1,44.1,10.47,15.4
1999,9,8,22,16.4,972.3,81.5,0,0.1,1.1,270,NA,NA,1,0,0,0,0,0,0,14,322,336,94,13.2,41.5,9.87,14.5
1999,9,8,23,15.6,972.4,84.9,0,0,0,0,NA,NA,1,0,0,0,0,0,0,14,320,333,94,13.1,40.4,9.77,14.1
1999,9,9,0,15.2,972.1,85.7,0,0,0.7,0,NA,NA,0,0,0,0,0,0,0,14,319,331,94,12.8,39.6,9.61,13.8
1999,9,9,1,14.7,972.3,86.7,0,0,0.7,0,NA,NA,0,0,0,0,0,0,0,14,315,329,94,12.5,38.6,9.41,13.4
1999,9,9,2,14.2,972.3,86.8,0,0.1,1.2,270,NA,NA,1,0,0,0,0,0,0,14,313,327,94,12,37.3,9.12,12.9
1999,9,9,3,13.9,972.4,87.2,0,0,0,0,NA,NA,0,0,0,0,0,0,0,14,311,325,94,11.8,36.7,8.98,12.7
1999,9,9,4,13.8,972.5,87.4,0,0.1,1,270,NA,NA,1,0,0,0,0,0,0,14,310,325,94,11.7,36.5,8.94,12.6
1999,9,9,5,14,973.3,86.9,0,0,0.9,0,NA,NA,10,10,0,7,5,4,5,14,321,330,94,11.9,36.8,9,12.8
1999,9,9,6,15,973.8,86.4,0,0.3,1.8,288,NA,1,96,67,161,271,56,37,44,14,331,347,94,12.7,39.2,9.55,13.6
1999,9,9,7,17.3,974.3,80.8,0,0.1,1.5,360,NA,NA,248,115,379,523,186,68,72,14,344,369,94,14,43.6,10.35,15.3
1999,9,9,8,19.6,974.4,75.1,0,0.6,1.9,45,NA,NA,408,157,498,594,347,94,95,14,359,392,94,15.1,47.9,11.12,16.7
1999,9,9,9,21.2,974.9,66.2,0,1.3,3.5,55,NA,NA,547,179,587,540,493,110,110,14,361,401,94,14.6,48.8,10.81,17
1999,9,9,10,22.5,974.7,59.5,0,1.6,4.1,86,NA,NA,651,188,651,401,605,120,119,14,370,408,94,14.2,49.4,10.52,17.2
1999,9,9,11,23.6,974.2,56.1,0,1.7,4.1,101,NA,NA,709,190,690,215,668,132,123,14,373,414,94,14.3,50.7,10.61,17.7
1999,9,9,12,25,974.1,50.3,0,2,4.8,96,NA,1,687,203,648,131,644,260,124,14,379,419,94,14,51.5,10.34,18
1999,9,9,13,25.7,973.7,46.3,0,2.5,5.5,66,NA,NA,630,212,600,124,578,438,124,14,383,424,94,13.3,51.1,9.92,17.8
1999,9,9,14,26.4,973.6,42.9,0,2.4,5.7,57,NA,NA,516,190,541,111,458,555,111,14,379,422,94,12.8,51,9.57,17.8
1999,9,9,15,26.2,973.4,42.9,0,2.2,4,49,NA,NA,335,192,305,95,262,473,96,14,382,418,94,12.6,50.5,9.46,17.6
1999,9,9,16,25.8,973.5,45.1,0,1.8,3.2,59,NA,NA,166,125,135,60,105,266,63,14,376,401,94,13,50.7,9.72,17.7
1999,9,9,17,23.6,973.7,56.2,0,1.2,4.9,34,NA,NA,37,37,0,17,17,19,17,14,380,385,94,14.4,50.8,10.63,17.7
1999,9,9,18,21.9,974.2,64.1,0,0.5,1.9,63,NA,3,2,0,0,0,0,0,0,14,375,375,94,14.8,49.8,10.94,17.4
1999,9,9,19,20.6,974.8,68,0,0.6,1.8,99,NA,NA,0,0,0,0,0,0,0,14,366,366,94,14.5,47.9,10.7,16.7
1999,9,9,20,18.9,975,74.9,0,0.2,1.3,360,NA,NA,1,0,0,0,0,0,0,14,337,346,94,14.4,45.9,10.61,16.1
1999,9,9,21,17.8,975.4,79.3,0,0.2,1.4,270,NA,NA,0,0,0,0,0,0,0,14,332,343,94,14.2,44.4,10.47,15.6
1999,9,9,22,16.6,975.5,81.2,0,0.3,1.6,252,NA,NA,0,0,0,0,0,0,0,14,323,338,94,13.4,41.8,9.93,14.6
1999,9,9,23,15.8,975.5,82.4,0,0.5,1.7,248,NA,NA,1,0,0,0,0,0,0,14,321,334,94,12.8,40.1,9.57,14
1999,9,10,0,15.3,975.4,83.5,0,0.2,1.2,243,NA,NA,0,0,0,0,0,0,0,14,317,330,94,12.5,39.1,9.39,13.6
1999,9,10,1,14.5,975.6,85.5,0,0.1,1.3,270,NA,NA,1,0,0,0,0,0,0,14,313,327,94,12.1,37.6,9.13,13.1
1999,9,10,2,14.3,975.6,85.7,0,0.2,1.5,0,NA,NA,0,0,0,0,0,0,0,14,312,325,94,11.9,37.2,9.03,12.9
1999,9,10,3,13.8,975.7,86.1,0,0,0,0,NA,NA,0,0,0,0,0,0,0,14,311,324,94,11.5,36,8.78,12.5
1999,9,10,4,13.4,975.9,86.9,0,0.1,1.3,315,NA,NA,1,0,0,0,0,0,0,14,307,323,94,11.3,35.3,8.63,12.2
1999,9,10,5,13.4,976.1,85.5,0,0,0.9,0,NA,NA,0,0,0,0,0,0,0,14,308,325,94,11,34.9,8.49,12
1999,9,10,6,15.4,976.4,84.5,0,0.2,1,333,NA,2,125,87,212,343,69,44,52,14,329,348,94,12.8,39.7,9.56,13.8
1999,9,10,7,17.4,976.3,79.4,0,0.1,0.9,360,NA,NA,212,141,206,372,151,69,73,14,336,361,94,13.8,43.4,10.21,15.2
1999,9,10,8,19.2,976.8,70.2,0,0.6,3.6,79,NA,NA,375,182,386,509,308,96,97,14,341,381,94,13.6,44.9,10.1,15.7
1999,9,10,9,20.7,977,63.4,0,1.8,5,55,NA,NA,531,209,516,517,477,116,117,14,350,395,94,13.5,46.2,10.01,16.2
1999,9,10,10,22.3,976.5,59.1,0,2.4,6,72,NA,NA,655,180,671,404,617,118,117,14,356,402,94,13.9,48.6,10.3,17
1999,9,10,11,23.5,976.1,53.9,0,2.4,5.5,97,NA,NA,703,184,694,212,670,130,121,14,367,410,94,13.6,49.3,10.1,17.3
1999,9,10,12,24.5,975.6,49.6,0,2.5,4.8,106,NA,2,696,183,691,126,663,262,120,14,371,415,94,13.3,49.8,9.87,17.4
1999,9,10,13,25.3,975.2,43.9,0,2.2,4.6,106,NA,NA,639,164,688,112,602,450,112,14,376,419,94,12.1,48.8,9.16,17.1
1999,9,10,14,25.4,974.8,42.7,0,1.8,3.7,93,NA,NA,530,140,654,98,485,591,98,14,374,418,94,11.8,48.4,8.96,17
1999,9,10,15,25.7,974.3,44.5,0,2.3,3.8,95,NA,NA,388,116,586,84,338,653,85,14,378,415,94,12.7,50.1,9.52,17.5
1999,9,10,16,25.2,974.1,48.3,0,1.7,3.4,100,NA,NA,228,78,490,58,173,595,61,14,374,403,94,13.5,50.9,10.04,17.8
1999,9,10,17,24,973.8,54.4,0,1.2,2.5,90,NA,NA,70,43,210,26,34,285,32,14,370,386,94,14.2,51,10.54,17.7
1999,9,10,18,21.5,974.2,66.3,0,0.7,2.1,98,NA,1,2,0,0,0,0,0,0,14,358,363,94,15,49.7,11.04,17.3
1999,9,10,19,20.2,974.5,70.8,0,0.5,2.1,56,NA,NA,0,0,0,0,0,0,0,14,354,358,94,14.7,47.9,10.88,16.7
1999,9,10,20,18.8,974.8,77.7,0,0.1,1,360,NA,NA,1,0,0,0,0,0,0,14,336,349,94,14.8,46.7,10.94,16.3
1999,9,10,21,18,974.9,81.2,0,0,0.6,0,NA,NA,0,0,0,0,0,0,0,14,335,346,94,14.7,45.7,10.87,15.9
1999,9,10,22,17.5,974.9,83.1,0,0,0,0,NA,NA,0,0,0,0,0,0,0,14,329,341,94,14.6,44.9,10.78,15.7
1999,9,10,23,16.6,974.8,85.6,0,0,0,0,NA,NA,1,0,0,0,0,0,0,14,327,340,94,14.2,43.2,10.49,15.1
1999,9,11,0,16.3,974.9,86,0,0,0,0,NA,NA,1,0,0,0,0,0,0,14,326,337,94,14,42.5,10.33,14.9
1999,9,11,1,16,974.6,86.3,0,0.1,0.9,270,NA,NA,1,0,0,0,0,0,0,14,323,336,94,13.7,41.8,10.17,14.6
1999,9,11,2,15.6,974.4,86.8,0,0.4,1,252,NA,NA,0,0,0,0,0,0,0,14,321,335,94,13.4,40.9,9.97,14.3
1999,9,11,3,15.2,974.1,87.3,0,0.1,1,360,NA,NA,1,0,0,0,0,0,0,14,320,331,94,13.1,40,9.78,13.9
1999,9,11,4,14.7,974.1,87.5,0,0.2,1.1,270,NA,NA,0,0,0,0,0,0,0,14,315,330,94,12.6,38.8,9.48,13.4
1999,9,11,5,14.8,974.3,87.2,0,0.2,1.2,270,NA,NA,0,0,0,0,0,0,0,14,326,335,94,12.7,38.9,9.51,13.5
1999,9,11,6,16,974.6,85.7,0,0.3,1.2,297,NA,1,87,71,93,195,51,35,41,14,336,351,94,13.6,41.6,10.1,14.5
1999,9,11,7,17.8,974.6,82.5,0,0.3,1.7,27,NA,NA,230,121,317,471,178,68,72,14,346,369,94,14.8,45.6,10.91,15.9
1999,9,11,8,19.8,974.6,75.9,0,0.6,2.6,79,NA,NA,385,169,434,554,334,95,96,14,358,393,94,15.4,48.8,11.39,17
1999,9,11,9,21.6,974.1,66.5,0,1.3,4.2,120,NA,NA,519,204,508,507,473,114,114,14,365,402,94,15.1,50,11.15,17.4
1999,9,11,10,22.7,973.5,61.8,0,1.2,3.4,63,NA,NA,620,236,544,383,577,128,128,14,369,411,94,15,51,11.08,17.8
1999,9,11,11,24.4,972.9,58.2,0,1.1,4.4,79,NA,NA,667,255,553,219,617,148,137,14,381,421,94,15.7,54,11.58,18.7
1999,9,11,12,26,972.2,53.9,0,1,5,121,NA,1,647,247,542,142,599,257,134,14,388,428,94,15.9,56.3,11.81,19.3
1999,9,11,13,27.6,971.5,41.9,0,1.7,4.9,218,NA,NA,613,216,579,123,573,432,123,14,391,433,94,13.5,53.4,10.06,18.6
1999,9,11,14,28.3,971,37.6,0,1.9,5.4,245,NA,NA,515,172,580,106,472,569,106,14,386,428,94,12.5,52.5,9.4,18.3
1999,9,11,15,28.1,970.4,36.2,0,2.2,4.8,260,NA,NA,374,129,533,84,326,622,84,14,386,424,94,11.7,51.1,8.95,17.8
1999,9,11,16,26.7,970.6,48.4,0,1.3,4,131,NA,NA,211,87,415,56,160,532,59,14,385,409,94,14.9,55.1,11.05,19
1999,9,11,17,24.4,970.6,61.6,0,1.5,2.9,94,NA,NA,64,42,180,25,34,253,30,14,372,389,94,16.5,55.9,12.3,19.2
1999,9,11,18,22.1,970.7,67.3,0,1.1,2.3,49,NA,1,2,0,0,0,0,0,0,14,362,369,94,15.8,51.9,11.68,18
1999,9,11,19,20.6,971.1,72,0,0.7,1.6,68,NA,NA,0,0,0,0,0,0,0,14,355,361,94,15.4,49.6,11.39,17.3
1999,9,11,20,19.3,971.1,80.2,0,0.1,1.1,360,NA,NA,0,0,0,0,0,0,0,14,343,353,94,15.8,49.1,11.71,17.1
1999,9,11,21,18.5,971.3,82.3,0,0.5,1.5,248,NA,NA,0,0,0,0,0,0,0,14,334,348,94,15.4,47.6,11.42,16.5
1999,9,11,22,17.6,971.3,82,0,0.1,1.2,270,NA,NA,1,0,0,0,0,0,0,14,333,345,94,14.5,44.9,10.75,15.7
1999,9,11,23,16.7,971.5,83.2,0,0,0.6,0,NA,NA,0,0,0,0,0,0,0,14,326,340,94,13.8,42.8,10.29,14.9
1999,9,12,0,16.2,971.1,84.5,0,0.1,0.9,0,NA,NA,0,0,0,0,0,0,0,14,325,339,94,13.6,41.9,10.12,14.6
1999,9,12,1,16.2,971.2,84.2,0,0.1,0.9,0,NA,NA,2,0,0,0,0,0,0,14,321,338,94,13.5,41.8,10.09,14.6
1999,9,12,2,15.9,971.1,85.4,0,0.5,1.4,259,NA,NA,0,0,0,0,0,0,0,14,325,338,94,13.5,41.4,10.04,14.4
1999,9,12,3,15.4,970.9,86.1,0,0.1,1.1,270,NA,NA,0,0,0,0,0,0,0,14,332,339,94,13.1,40.3,9.8,14
1999,9,12,4,15.1,971.2,87.4,0,0.2,1.3,270,NA,NA,1,0,0,0,0,0,0,14,334,340,94,13,39.8,9.75,13.8
1999,9,12,5,15,971.3,86.4,0,0.3,1.7,270,NA,NA,7,0,0,0,0,0,0,14,334,340,94,12.7,39.3,9.58,13.6
1999,9,12,6,15.5,971.6,85.5,0,0.2,1.3,360,NA,3,77,61,93,182,46,32,36,14,342,353,94,13.1,40.3,9.78,14
1999,9,12,7,17.3,971.3,81.5,0,0.1,1.1,315,NA,NA,135,131,11,110,73,57,59,14,349,364,94,14.1,43.9,10.47,15.3
1999,9,12,8,18.7,971.3,78.8,0,0.6,2.2,27,NA,NA,284,219,132,319,214,96,97,14,349,380,94,14.9,46.9,11.07,16.3
1999,9,12,9,21.1,970.9,65.8,0,0.7,2.9,104,NA,NA,495,249,400,461,435,122,123,14,358,398,94,14.5,48.5,10.72,16.9
1999,9,12,10,22.7,970,57.2,0,0.8,3,56,NA,NA,571,279,416,349,516,135,135,14,368,408,94,13.8,49,10.28,17.1
1999,9,12,11,24.4,969.2,52,0,0.6,2.5,22,NA,NA,653,245,551,213,622,143,131,14,379,419,94,13.9,50.9,10.36,17.7
1999,9,12,12,25.5,968.8,48.7,0,2.1,4.4,99,NA,1,660,245,567,140,628,263,132,14,381,420,94,13.9,52.1,10.37,18.1
1999,9,12,13,26.5,968.1,45.3,0,2.4,4.2,107,NA,NA,614,207,596,122,583,437,122,14,382,422,94,13.7,52.8,10.24,18.3
1999,9,12,14,26.9,967.3,44.6,0,2.3,4.1,93,NA,NA,525,129,676,98,496,599,98,14,387,426,94,13.8,53.4,10.33,18.5
1999,9,12,15,27.1,966.8,43.3,0,1.9,3.7,99,NA,NA,380,110,594,82,342,656,82,14,384,421,94,13.6,53.2,10.15,18.5
1999,9,12,16,26.8,966.5,45.3,0,1.5,2.9,72,NA,NA,209,83,430,58,166,545,61,14,383,410,94,14,53.6,10.44,18.6
1999,9,12,17,24.7,966.5,59.1,0,0.6,1.8,101,NA,NA,62,39,198,26,35,270,31,14,372,389,94,16.2,55.6,12.06,19.1
1999,9,12,18,21.8,966.6,70.4,0,0.1,1.5,360,NA,2,2,0,0,0,0,0,0,14,360,366,94,16.2,52.6,12.06,18.1
1999,9,12,19,20.3,966.5,74.8,0,0.4,1.4,270,NA,NA,0,0,0,0,0,0,0,14,354,361,94,15.7,50.1,11.68,17.3
1999,9,12,20,19.5,966.5,72.9,0,0.4,1.8,56,NA,NA,1,0,0,0,0,0,0,14,354,358,94,14.5,47,10.81,16.4
1999,9,12,21,18.3,966.6,76.6,0,0.3,1.2,72,NA,NA,0,0,0,0,0,0,0,14,351,355,94,14.1,45.1,10.54,15.7
1999,9,12,22,17.4,966.4,80.9,0,0.2,1,270,NA,NA,0,0,0,0,0,0,0,14,344,350,94,14.1,44.1,10.52,15.4
1999,9,12,23,16.5,966.2,82.1,0,0.4,1.2,236,NA,NA,0,0,0,0,0,0,0,14,324,340,94,13.4,42.1,10.08,14.6
1999,9,13,0,15.9,965.9,83.8,0,0.1,0.9,90,NA,NA,0,0,0,0,0,0,0,14,324,337,94,13.2,41,9.9,14.3
1999,9,13,1,15.9,965.4,84.3,0,0.1,1.2,225,NA,NA,0,0,0,0,0,0,0,14,321,335,94,13.3,41.2,9.96,14.3
1999,9,13,2,15.6,965.1,84.8,0,0.7,1.6,252,NA,NA,1,0,0,0,0,0,0,14,317,335,94,13.1,40.6,9.83,14.1
1999,9,13,3,15.2,965,85.6,0,0.3,1.1,243,NA,NA,0,0,0,0,0,0,0,14,316,332,94,12.8,39.7,9.67,13.8
1999,9,13,4,14.9,965.2,86,0,0.4,1.5,252,NA,NA,0,0,0,0,0,0,0,14,316,332,94,12.6,39.1,9.53,13.5
1999,9,13,5,14.6,965.6,86.5,0,0.3,1.6,288,NA,NA,8,0,0,0,0,0,0,14,325,336,94,12.4,38.4,9.4,13.3
1999,9,13,6,16.1,965.8,83.6,0,0.7,1.6,279,NA,2,95,57,229,325,60,34,39,14,337,354,94,13.3,41.5,10.01,14.4
1999,9,13,7,18.2,965.9,77.1,0,0.5,1.5,284,NA,NA,240,125,339,497,191,70,73,14,348,378,94,14.1,45,10.55,15.6
1999,9,13,8,20.4,965.8,67.9,0,0.9,2.1,270,NA,NA,373,170,413,538,332,95,95,14,359,394,94,14.3,47.6,10.66,16.6
1999,9,13,9,22.2,965.6,60.9,0,0.6,2.4,261,NA,NA,515,212,494,504,478,116,116,14,365,407,94,14.3,49.5,10.67,17.2
1999,9,13,10,24.8,964.8,49.9,0,1,5,243,NA,NA,632,198,624,392,612,121,120,14,381,423,94,13.6,51,10.23,17.7
1999,9,13,11,26.4,964.1,42.3,0,1.7,6.2,237,NA,NA,685,188,675,208,673,131,121,14,384,428,94,12.6,50.9,9.53,17.7
1999,9,13,12,27.5,963.5,37.3,0,1.7,4.7,259,NA,3,669,198,646,129,654,262,122,14,384,430,94,11.6,50.5,8.96,17.6
1999,9,13,13,28,962.6,35.7,0,1,3.7,270,NA,NA,613,175,648,113,595,442,113,14,387,433,94,11.4,50.7,8.84,17.6
1999,9,13,14,28.5,962.4,33.5,0,1.5,3.6,288,NA,NA,517,134,660,95,494,593,95,14,387,433,94,10.9,50.5,8.54,17.6
1999,9,13,15,28,962.3,39.3,0,1.9,4,111,NA,NA,368,120,553,80,332,631,81,14,398,429,94,12.9,53.1,9.75,18.4
1999,9,13,16,26.8,962.3,46.6,0,1.9,3.4,84,NA,NA,202,98,361,59,157,493,62,14,393,415,94,14.4,54.5,10.79,18.8
1999,9,13,17,24.5,962.6,54.9,0,1.6,4.6,45,NA,NA,47,40,64,21,27,123,25,14,381,392,94,14.8,52.9,11.1,18.2
1999,9,13,18,23,962.8,61.6,0,0.3,1.3,45,NA,2,2,0,0,0,0,0,0,14,377,383,94,15.2,52.1,11.38,18
1999,9,13,19,22.5,963.2,66.1,0,0.8,1.9,256,NA,NA,0,0,0,0,0,0,0,14,373,383,94,15.9,52.8,11.85,18.2
1999,9,13,20,21.5,963.7,70.2,0,0.5,1.9,72,NA,NA,0,0,0,0,0,0,0,14,397,397,94,15.8,51.7,11.83,17.8
1999,9,13,21,20.8,963.6,68.3,0,1.5,4.2,247,NA,NA,0,0,0,0,0,0,0,14,391,391,94,14.7,48.9,11.02,16.9
1999,9,13,22,19.1,964.3,72.2,0,0.6,2.8,39,NA,NA,0,0,0,0,0,0,0,14,379,379,94,14,45.7,10.47,15.9
1999,9,13,23,17.9,964.4,78,0,0.1,1,45,NA,NA,1,0,0,0,0,0,0,14,337,347,94,14,44.6,10.49,15.5
1999,9,14,0,17.1,964.4,81.8,0,0.3,1.2,27,NA,NA,0,0,0,0,0,0,0,14,336,344,94,14,43.7,10.45,15.2
1999,9,14,1,16.2,964.3,82.1,0,0.2,1.2,270,NA,NA,1,0,0,0,0,0,0,14,330,339,94,13.1,41.3,9.9,14.3
1999,9,14,2,15.7,964.8,81.9,0,0.2,1,270,NA,NA,0,0,0,0,0,0,0,14,328,338,94,12.6,40,9.56,13.8
1999,9,14,3,15.2,965.1,82.6,0,0,0.5,0,NA,NA,0,0,0,0,0,0,0,14,323,335,94,12.3,38.9,9.33,13.5
1999,9,14,4,14.9,965.2,83.6,0,0.1,0.7,360,NA,NA,1,0,0,0,0,0,0,14,324,336,94,12.2,38.4,9.26,13.3
1999,9,14,5,15.3,965.7,80.8,0,0.7,1.5,252,NA,NA,10,0,0,0,0,0,0,14,340,346,94,12,38.6,9.18,13.3
1999,9,14,6,15.8,966,80.2,0,0.5,1.7,326,NA,6,77,58,116,200,48,30,35,14,350,358,94,12.4,39.7,9.41,13.8
1999,9,14,7,18.6,966.5,68.5,0,0.1,1.3,0,NA,NA,231,122,326,481,188,68,71,14,361,384,94,12.7,43,9.59,15
1999,9,14,8,20.3,966.3,62.3,0,0.4,1.8,315,NA,NA,393,147,506,591,363,90,91,14,355,394,94,12.9,45,9.7,15.7
1999,9,14,9,22.4,966.2,55.8,0,0.7,2.9,342,NA,NA,530,188,563,528,506,111,112,14,367,408,94,13.1,47.7,9.88,16.6
1999,9,14,10,23.2,965.7,53.7,0,1.5,4.5,69,NA,NA,534,312,321,318,464,140,141,14,367,407,94,13.3,48.7,9.99,17
1999,9,14,11,24.8,965.1,46.8,0,1.4,4,328,NA,NA,618,267,479,210,583,148,136,14,375,419,94,12.7,49.4,9.58,17.2
1999,9,14,12,25.9,964.9,39.7,0,1.1,6.8,243,NA,7,597,300,410,149,553,252,141,14,378,418,94,11.2,48.1,8.67,16.8
1999,9,14,13,27.1,964.7,36.9,0,1.1,4.5,16,NA,NA,609,216,586,123,589,440,123,14,381,426,94,11.1,49.3,8.65,17.2
1999,9,14,14,26.1,964.4,43.1,0,2.1,4,123,NA,NA,349,271,136,117,260,294,116,14,377,408,94,12.6,50.6,9.54,17.6
1999,9,14,15,26.8,964.3,39.6,0,1.8,4.1,100,NA,NA,399,152,559,92,358,669,92,14,382,418,94,11.9,50.2,9.13,17.5
1999,9,14,16,26.1,964.6,41,0,1.8,3.1,107,NA,NA,190,103,308,59,149,448,62,14,372,399,94,11.8,49.4,9.07,17.2
1999,9,14,17,24.2,964.8,47.6,0,1.1,2.7,66,NA,NA,39,36,22,18,22,63,20,14,365,378,94,12.4,48.3,9.4,16.9
1999,9,14,18,21.5,965.2,58.6,0,0.6,2.1,304,NA,7,1,0,0,0,0,0,0,14,355,366,94,13.1,46.6,9.83,16.3
1999,9,14,19,21.3,966.5,59.7,0,1.8,8.6,243,NA,NA,1,0,0,0,0,0,0,14,355,371,94,13.1,46.5,9.88,16.2
1999,9,14,20,21,966.6,59.5,0,2.8,7.5,257,NA,NA,2,0,0,0,0,0,0,14,353,371,94,12.8,45.7,9.67,15.9
1999,9,14,21,19.1,966.5,70.2,0,0.9,2.2,329,NA,NA,1,0,0,0,0,0,0,14,345,358,94,13.5,44.9,10.15,15.6
1999,9,14,22,18.8,966.5,72.1,0,0.4,1.5,207,NA,NA,1,0,0,0,0,0,0,14,345,359,94,13.7,44.8,10.23,15.6
1999,9,14,23,19,966.5,72.2,0,2.1,7.2,227,NA,NA,3,0,0,0,0,0,0,14,384,384,94,13.9,45.4,10.38,15.8
1999,9,15,0,18.7,966.2,70.1,0,4.4,6.9,253,NA,NA,2,0,0,0,0,0,0,14,381,381,94,13.1,43.9,9.88,15.3
1999,9,15,1,18.3,965.8,72.2,0,1,3.2,207,NA,NA,3,0,0,0,0,0,0,14,382,382,94,13.2,43.6,9.93,15.2
1999,9,15,2,17.6,965.3,78.6,0,1,2.9,307,NA,NA,1,0,0,0,0,0,0,14,345,356,94,13.8,43.9,10.36,15.3
1999,9,15,3,16.7,964.6,84.8,0,0.7,2.2,292,NA,NA,0,0,0,0,0,0,0,14,340,347,94,14.1,43.5,10.57,15.1
1999,9,15,4,16.4,964.2,85.5,0,0.6,1.5,261,NA,NA,0,0,0,0,0,0,0,14,340,347,94,14,43,10.45,14.9
1999,9,15,5,16,964.1,84.6,0,0.5,2.1,259,NA,NA,7,0,0,0,0,0,0,14,333,343,94,13.4,41.6,10.08,14.4
1999,9,15,6,16.5,964.2,84.7,0,1.4,2.3,274,NA,3,92,53,244,335,62,32,37,14,337,354,94,13.9,43,10.42,14.9
1999,9,15,7,18.1,964.4,79.2,0,0.8,1.9,284,NA,NA,186,133,159,320,141,65,68,14,345,370,94,14.4,45.5,10.79,15.8
1999,9,15,8,19.2,963.9,76,0,0.7,1.7,292,NA,NA,257,214,90,254,182,92,93,14,366,387,94,14.9,47.5,11.1,16.5
1999,9,15,9,20.1,964.3,70.7,0,1,2.6,120,NA,NA,280,242,62,205,200,105,107,14,369,390,94,14.6,47.9,10.91,16.6
1999,9,15,10,22,963.6,59.6,0,1.6,4.4,108,NA,NA,626,269,518,382,589,137,137,14,379,414,94,13.8,48.4,10.34,16.8
1999,9,15,11,23.1,963.2,53.7,0,2.2,5,93,NA,NA,621,282,466,212,588,152,140,14,367,406,94,13.2,48.6,9.95,16.9
1999,9,15,12,23.5,962.7,52.5,0,1.1,4,69,NA,6,487,353,187,156,391,215,149,14,369,408,94,13.2,49,9.97,17
1999,9,15,13,24.1,962.2,51.9,0,1.2,3.5,73,NA,NA,382,313,103,132,290,237,131,14,369,403,94,13.6,50.3,10.23,17.5
1999,9,15,14,23.5,962.4,54.6,0,1.6,3.1,94,NA,NA,180,178,3,81,95,97,81,14,367,393,94,13.8,50.1,10.38,17.4
1999,9,15,15,22.5,962.9,57.5,0,4,7.7,348,NA,NA,175,167,18,74,101,132,74,14,359,386,94,13.7,48.8,10.29,17
1999,9,15,16,20.7,963.8,64.2,0,3.6,7.6,3,NA,NA,24,24,0,12,11,8,12,14,352,371,94,13.7,46.9,10.28,16.3
1999,9,15,17,19.2,964,78.7,0.4,1.5,5.6,72,NA,NA,7,7,0,4,3,1,3,14,364,371,94,15.4,48.5,11.5,16.8
1999,9,15,18,19,964.6,84.6,0.3,0.6,2.2,180,NA,8,0,0,0,0,0,0,0,14,366,371,94,16.3,50.1,12.22,17.3
1999,9,15,19,18.6,964.8,85.8,1.4,0.8,2.1,304,NA,NA,0,0,0,0,0,0,0,14,364,370,94,16.2,49.3,12.08,17.1
1999,9,15,20,18.7,964.9,86.9,0,2.4,4.3,248,NA,NA,0,0,0,0,0,0,0,14,369,373,94,16.5,50,12.31,17.3
1999,9,15,21,18.4,965,88.1,0,1.7,4,277,NA,NA,0,0,0,0,0,0,0,14,369,372,94,16.4,49.6,12.25,17.1
1999,9,15,22,18.1,965.2,88.2,0.6,3.6,5.1,256,NA,NA,0,0,0,0,0,0,0,14,367,371,94,16.1,48.7,12.03,16.8
1999,9,15,23,17.7,965.5,88,0.3,3.5,4.7,252,NA,NA,1,0,0,0,0,0,0,14,365,368,94,15.7,47.4,11.69,16.4
1999,9,16,0,17.5,965.3,88.3,0.5,3.8,5.8,256,NA,NA,0,0,0,0,0,0,0,14,363,367,94,15.5,46.9,11.58,16.2
1999,9,16,1,17.1,965.4,88,0.6,4,5.9,259,NA,NA,0,0,0,0,0,0,0,14,360,364,94,15.1,45.7,11.25,15.8
1999,9,16,2,16.7,965.5,89,2.4,3.3,5.5,247,NA,NA,1,0,0,0,0,0,0,14,358,363,94,14.9,44.9,11.09,15.6
1999,9,16,3,16.6,965.4,88.5,1.4,2.6,3.9,257,NA,NA,0,0,0,0,0,0,0,14,358,362,94,14.7,44.4,10.96,15.4
1999,9,16,4,16.5,965.6,87.6,0,1.1,3.1,265,NA,NA,1,0,0,0,0,0,0,14,358,362,94,14.4,43.9,10.77,15.2
1999,9,16,5,16.6,965.8,87.3,0.3,1.1,2.3,270,NA,NA,1,0,0,0,0,0,0,14,358,366,96,14.5,44,10.8,15.3
1999,9,16,6,16.6,966,86.3,0.1,1.5,2.8,250,NA,8,8,8,0,2,4,4,4,14,357,366,96,14.3,43.7,10.67,15.2
1999,9,16,7,16.7,966,85.3,0,2.4,3.7,261,NA,NA,74,74,0,37,35,34,35,14,361,370,96,14.2,43.7,10.61,15.2
1999,9,16,8,17.2,966.1,83.2,0,1.9,3.8,267,NA,NA,152,152,1,88,79,67,69,14,359,374,96,14.3,44.4,10.69,15.4
1999,9,16,9,17.6,966.3,80.3,0,0.8,2.7,300,NA,NA,190,188,3,103,102,83,85,14,363,382,96,14.2,44.5,10.57,15.5
1999,9,16,10,19.1,965.6,75.6,0,0.8,3.5,270,NA,NA,460,339,178,264,369,141,143,14,376,403,96,14.7,47,10.95,16.3
1999,9,16,11,19.9,965.2,73.1,0,1.7,4.1,135,NA,NA,705,242,642,221,702,147,135,14,358,398,94,14.9,48.3,11.14,16.7
1999,9,16,12,20.4,964.8,69.2,0,1,3.4,180,NA,3,565,321,340,153,506,243,145,14,366,399,94,14.6,48.1,10.87,16.7
1999,9,16,13,21,964.7,64.7,0,1.6,3.9,111,NA,NA,592,213,573,122,585,435,122,14,368,401,94,14.1,47.9,10.55,16.7
1999,9,16,14,21.4,964.2,64.4,0,1.5,3.3,82,NA,NA,404,232,306,112,364,421,111,14,371,398,94,14.4,48.9,10.77,17
1999,9,16,15,21.1,964.3,62.3,0,1.5,3.8,60,NA,NA,294,164,303,85,255,446,85,14,370,398,94,13.6,47.2,10.22,16.4
1999,9,16,16,21.2,964.2,64.3,0,1.6,2.9,67,NA,NA,184,94,330,56,152,459,59,14,371,391,94,14.2,48.3,10.62,16.8
1999,9,16,17,20,964.4,71,0,1.2,2.7,66,NA,NA,34,32,15,16,17,42,17,14,357,367,94,14.6,47.7,10.89,16.6
1999,9,16,18,18.6,964.7,78.7,0,0,1,0,NA,2,0,0,0,0,0,0,0,14,349,355,94,14.8,46.7,11.06,16.2
1999,9,16,19,17.3,964.9,83.8,0,0.5,2.7,304,NA,NA,0,0,0,0,0,0,0,14,348,353,94,14.5,44.9,10.85,15.6
1999,9,16,20,17,964.8,83.9,0,0.1,1.7,315,NA,NA,0,0,0,0,0,0,0,14,344,350,94,14.3,44.1,10.66,15.3
1999,9,16,21,16.1,964.7,86.4,0,0.5,1.8,248,NA,NA,0,0,0,0,0,0,0,14,341,348,94,13.8,42.4,10.36,14.7
1999,9,16,22,16.6,964.8,86.6,0,1.3,2.6,257,NA,NA,0,0,0,0,0,0,0,14,344,354,94,14.4,43.8,10.72,15.2
1999,9,16,23,16.6,964.6,86.3,0,1.2,2.1,270,NA,NA,1,0,0,0,0,0,0,14,379,379,94,14.3,43.7,10.69,15.2
1999,9,17,0,16.4,964.4,86.4,0,0.5,1.4,243,NA,NA,0,0,0,0,0,0,0,14,374,374,94,14.1,43.2,10.56,15
1999,9,17,1,15.7,963.7,87.6,0,0.3,1.4,252,NA,NA,1,0,0,0,0,0,0,14,375,375,94,13.6,41.7,10.25,14.4
1999,9,17,2,15.5,963.8,87.3,0,1,1.8,264,NA,NA,0,0,0,0,0,0,0,14,374,374,94,13.4,41.1,10.08,14.2
1999,9,17,3,15.4,963.1,87.2,0,0.4,1.6,270,NA,NA,1,0,0,0,0,0,0,14,370,370,94,13.3,40.8,10.01,14.1
1999,9,17,4,14.9,963,88,0,0.2,1.2,270,NA,NA,0,0,0,0,0,0,0,14,372,372,94,12.9,39.7,9.78,13.7
1999,9,17,5,15.5,962.9,87.3,0,0.5,1.5,270,NA,NA,6,0,0,0,0,0,0,14,338,348,94,13.4,41.1,10.09,14.2
1999,9,17,6,16,962.9,86.4,0,1,2,288,NA,7,40,40,0,21,19,18,19,14,340,353,94,13.7,42.2,10.31,14.6
1999,9,17,7,16.6,962.9,84.3,0,0.8,1.8,270,NA,NA,154,129,79,215,108,59,61,14,348,362,94,13.9,43.2,10.45,14.9
1999,9,17,8,17.9,962.7,80.1,0,1.2,2.8,275,NA,NA,275,236,82,276,199,96,98,14,352,375,94,14.4,45.3,10.79,15.7
1999,9,17,9,18.8,962.6,75.4,0,1.7,4,259,NA,NA,353,277,128,275,271,117,119,14,355,383,94,14.4,46.2,10.75,16
1999,9,17,10,20.1,962.3,68.1,0,1.6,4.6,247,NA,NA,566,269,436,348,539,133,133,14,363,394,94,14,46.9,10.53,16.3
1999,9,17,11,21.7,961.7,59.4,0,3.6,7.5,235,NA,NA,697,191,706,208,715,134,123,14,368,402,94,13.4,47.6,10.13,16.5
1999,9,17,12,22.6,961.6,52.5,0,4.5,8.5,239,NA,4,605,273,469,144,585,257,137,14,365,400,94,12.4,46.8,9.45,16.3
1999,9,17,13,23.4,961.8,42.6,0,5.1,8.9,256,NA,NA,610,196,633,119,616,453,119,14,371,405,94,10,44,8.03,15.4
1999,9,17,14,22.8,961.7,44.6,0,5.6,9.4,261,NA,NA,354,252,183,112,296,336,111,14,371,394,94,10.1,43.5,8.11,15.2
1999,9,17,15,20.9,962,52.6,0,3.9,7.3,264,NA,NA,124,124,0,57,63,68,57,14,362,380,94,10.9,42.6,8.52,14.9
1999,9,17,16,20.5,961.9,54.7,0,2.4,5.5,229,NA,NA,119,102,65,49,80,175,50,14,364,380,94,11.1,42.6,8.64,14.9
1999,9,17,17,19.5,962.1,58.8,0,3.7,7.3,243,NA,NA,35,32,27,16,20,64,18,14,340,361,94,11.2,41.8,8.73,14.5
1999,9,17,18,17.8,962.7,63,0,3.7,6.6,257,NA,3,0,0,0,0,0,0,0,14,334,351,94,10.7,39.2,8.4,13.6
1999,9,17,19,16.6,963,68.8,0,0.6,2.2,146,NA,NA,0,0,0,0,0,0,0,14,326,340,94,10.9,38.2,8.5,13.3
1999,9,17,20,16.1,963.1,67.2,0,2.3,4.1,275,NA,NA,0,0,0,0,0,0,0,14,325,339,94,10,36.5,8.04,12.6
1999,9,17,21,15.1,963.6,72.9,0,1.1,2.9,264,NA,NA,0,0,0,0,0,0,0,14,322,336,94,10.3,35.9,8.18,12.3
1999,9,17,22,14.5,963.5,75.9,0,1.5,4,253,NA,NA,0,0,0,0,0,0,0,14,318,332,94,10.3,35.3,8.19,12.1
1999,9,17,23,13.8,963.4,80.7,0,1.4,3.9,274,NA,NA,0,0,0,0,0,0,0,14,345,346,94,10.5,34.9,8.33,11.9
1999,9,18,0,13.3,963.1,82.9,0,0.5,2.2,307,NA,NA,0,0,0,0,0,0,0,14,346,346,94,10.5,34.3,8.28,11.7
1999,9,18,1,13.2,963,83,0,0.2,0.9,270,NA,NA,0,0,0,0,0,0,0,14,341,342,94,10.4,34.1,8.24,11.6
1999,9,18,2,12.8,962.5,81.7,0,0.3,1.3,297,NA,NA,0,0,0,0,0,0,0,14,325,334,94,9.8,32.8,7.9,11.1
1999,9,18,3,12.7,961.7,81.2,0,0.8,1.7,256,NA,NA,2,0,0,0,0,0,0,14,324,333,94,9.6,32.5,7.81,11
1999,9,18,4,13,962.5,82.5,0,1.6,3.9,259,NA,NA,0,0,0,0,0,0,0,14,330,338,94,10.1,33.5,8.08,11.4
1999,9,18,5,13,962.9,84.3,0,1.8,4,273,NA,NA,3,0,0,0,0,0,0,14,344,346,94,10.4,33.9,8.26,11.5
1999,9,18,6,13.3,962.9,83.1,0,0.6,2.5,292,NA,8,19,19,0,6,9,9,9,14,345,349,94,10.5,34.3,8.3,11.7
1999,9,18,7,14.1,962.4,79.5,0,0.4,2.2,124,NA,NA,41,41,0,16,19,20,20,14,350,353,94,10.6,35.3,8.37,12.1
1999,9,18,8,14.9,962.4,78.4,0.1,0.3,1.5,270,NA,NA,112,112,0,59,56,51,53,14,332,350,94,11.2,37,8.7,12.7
1999,9,18,9,16.1,962.5,75,0,1.6,3.8,263,NA,NA,224,210,23,138,137,93,94,14,336,360,94,11.7,38.9,8.99,13.5
1999,9,18,10,17.6,961.4,70.6,0,1.3,5.1,99,NA,NA,554,294,385,339,525,136,136,14,349,387,94,12.2,41.3,9.33,14.4
1999,9,18,11,19,961.1,62.9,0,2.1,4.9,79,NA,NA,665,206,643,205,685,136,124,14,356,394,94,11.8,42.1,9.07,14.7
1999,9,18,12,19.9,960.7,56.4,0,2.7,6.5,106,NA,4,674,147,747,116,704,267,112,14,362,396,94,11,41.8,8.6,14.6
1999,9,18,13,20.3,960.1,51.4,0,2,5.4,99,NA,NA,615,128,747,104,641,465,104,14,364,401,94,10,40.8,8.03,14.3
1999,9,18,14,20.9,959.5,50.9,0,1.8,5.1,69,NA,NA,509,102,736,89,528,622,89,14,351,393,94,10.4,42,8.26,14.7
1999,9,18,15,21,959.1,49.1,0,2,4.7,99,NA,NA,365,123,577,81,356,657,81,14,347,389,94,9.9,41.5,8.02,14.5
1999,9,18,16,20.1,959,52.3,0,1.9,3.8,81,NA,NA,140,100,153,51,108,280,53,14,341,367,94,10,40.7,8.08,14.2
1999,9,18,17,18.5,958.9,61.7,0,1.5,2.7,42,NA,NA,31,30,12,14,16,37,15,14,337,353,94,11,40.5,8.64,14.1
1999,9,18,18,17.1,959.1,69.3,0,1,2.7,6,NA,6,0,0,0,0,0,0,0,14,331,347,94,11.4,39.7,8.88,13.7
1999,9,18,19,17.1,959,71.6,0,0.3,1.3,90,NA,NA,0,0,0,0,0,0,0,14,333,347,94,11.9,40.5,9.18,14
1999,9,18,20,15.9,959.1,78,0,0.1,1,270,NA,NA,0,0,0,0,0,0,0,14,327,340,94,12.1,39.4,9.27,13.6
1999,9,18,21,15.2,958.8,81.1,0,0,1.1,0,NA,NA,0,0,0,0,0,0,0,14,323,339,94,12,38.6,9.22,13.3
1999,9,18,22,14.5,958.8,83.5,0,0.3,1.3,252,NA,NA,0,0,0,0,0,0,0,14,319,333,94,11.7,37.5,9.07,12.9
1999,9,18,23,13.8,958.2,84.9,0,0,0.7,0,NA,NA,0,0,0,0,0,0,0,14,308,325,94,11.3,36.1,8.82,12.3
1999,9,19,0,13.7,957.9,85.3,0,0.4,1.3,252,NA,NA,0,0,0,0,0,0,0,14,308,327,94,11.3,36,8.8,12.3
1999,9,19,1,13.8,957.8,85.1,0,0.1,0.8,270,NA,NA,1,0,0,0,0,0,0,14,310,329,94,11.3,36.2,8.84,12.3
1999,9,19,2,13.7,957.2,86.4,0,0.1,1.2,360,NA,NA,1,0,0,0,0,0,0,14,364,364,94,11.5,36.3,8.92,12.4
1999,9,19,3,14,956.7,85.3,0,0,0,0,NA,NA,0,0,0,0,0,0,0,14,366,366,94,11.6,36.8,8.99,12.6
1999,9,19,4,14,956.1,86.5,0,0,0,0,NA,NA,1,0,0,0,0,0,0,14,364,364,94,11.8,37.1,9.12,12.7
1999,9,19,5,14.3,955.8,86.4,0,0,0.9,0,NA,NA,2,0,0,0,0,0,0,14,336,343,94,12.1,37.9,9.3,13
1999,9,19,6,14.9,955.5,85.6,0,0,1.2,0,NA,8,21,21,0,7,10,10,10,14,343,350,94,12.5,39.2,9.58,13.5
1999,9,19,7,15.7,955.4,84,0,0.3,1.9,360,NA,NA,40,40,0,16,18,19,20,14,346,356,94,13,40.8,9.9,14.1
1999,9,19,8,16.4,955.2,82.4,0,0.8,2.8,45,NA,NA,94,94,0,47,46,44,45,14,387,387,94,13.4,42.2,10.17,14.6
1999,9,19,9,16.7,954.8,80.6,0,1.5,3.2,86,NA,NA,136,136,0,69,69,62,64,14,387,387,94,13.3,42.5,10.14,14.6
1999,9,19,10,17.2,954,79.9,0,1.3,4.9,70,NA,NA,146,146,0,72,74,67,69,14,387,387,94,13.7,43.6,10.39,15
1999,9,19,11,17.4,953.9,76.8,0,1.4,4.2,99,NA,NA,172,171,0,82,89,79,79,14,368,377,94,13.3,43.1,10.11,14.9
1999,9,19,12,17.6,952.6,76.2,0,1.4,4.2,24,NA,8,199,198,1,92,107,93,90,14,372,381,94,13.4,43.5,10.17,15
1999,9,19,13,17.8,951.9,76.1,0,1.6,3.3,94,NA,NA,184,183,1,84,98,91,84,14,372,380,94,13.5,44,10.3,15.2
1999,9,19,14,18.2,950.8,74.2,0,2.3,4.3,72,NA,NA,241,226,27,98,154,164,98,14,342,370,94,13.5,44.4,10.31,15.3
1999,9,19,15,17.9,949.8,76.5,0,1.7,3.2,60,NA,NA,101,101,0,48,50,52,47,14,342,363,94,13.7,44.5,10.44,15.3
1999,9,19,16,17.8,950.1,77.6,0,1.2,2.5,315,NA,NA,31,31,0,15,14,11,15,14,341,359,94,13.8,44.6,10.52,15.3
1999,9,19,17,17.5,949.6,81.4,0,0.5,2,288,NA,NA,11,11,0,6,5,1,5,14,391,391,94,14.3,45.1,10.84,15.5
1999,9,19,18,17.4,950.1,82.3,0,2.5,4.6,251,NA,8,0,0,0,0,0,0,0,14,390,390,94,14.4,45.1,10.89,15.5
1999,9,19,19,16.6,949.6,86.3,0,1.4,2.9,315,NA,NA,0,0,0,0,0,0,0,14,386,386,94,14.3,44.2,10.86,15.2
1999,9,19,20,16.6,948.5,85.7,0,0.8,3.2,99,NA,NA,0,0,0,0,0,0,0,14,388,388,94,14.2,44,10.8,15.1
1999,9,19,21,16.6,948.6,85.7,0,1.4,4.1,309,NA,NA,1,0,0,0,0,0,0,14,384,384,94,14.2,44,10.79,15.1
1999,9,19,22,16.2,947.5,87.4,0.2,0.7,2.5,243,NA,NA,0,0,0,0,0,0,0,14,384,384,94,14.1,43.5,10.74,14.9
1999,9,19,23,16.2,947.9,88.8,0.6,1.2,2.5,338,NA,NA,0,0,0,0,0,0,0,14,384,384,94,14.4,43.9,10.91,15.1
1999,9,20,0,16.2,947.8,88.4,0.6,0.8,2.4,270,NA,NA,0,0,0,0,0,0,0,14,386,386,94,14.3,43.8,10.86,15
1999,9,20,1,16.1,947.8,89.3,0.7,2.1,5.2,259,NA,NA,1,0,0,0,0,0,0,14,383,383,94,14.3,43.8,10.91,15
1999,9,20,2,15.8,947.8,88.8,2.1,3.3,4.9,259,NA,NA,1,0,0,0,0,0,0,14,353,358,94,14,42.8,10.63,14.7
1999,9,20,3,15.3,949.1,87,3.2,4.6,6.5,255,NA,NA,0,0,0,0,0,0,0,14,350,355,94,13.2,40.8,10.07,14
1999,9,20,4,15.2,949,87.2,2,5.5,9.3,264,NA,NA,0,0,0,0,0,0,0,14,349,354,94,13.1,40.6,10.03,13.9
1999,9,20,5,15.1,949.2,87.2,3.1,4.5,9.8,236,NA,NA,0,0,0,0,0,0,0,14,356,361,96,13,40.4,9.96,13.8
1999,9,20,6,14.9,951.1,86.9,2.4,5.4,10.2,233,NA,8,7,7,0,1,3,4,3,14,355,360,96,12.7,39.7,9.78,13.6
1999,9,20,7,14.9,951.4,87.7,1.1,3.6,7.5,245,NA,NA,29,29,0,10,13,14,14,14,355,360,96,12.9,39.9,9.86,13.7
1999,9,20,8,15.3,951.7,85.9,0,3.6,6.9,252,NA,NA,110,110,0,58,55,51,52,14,365,368,96,13,40.4,9.91,13.9
1999,9,20,9,15.6,952.2,80.5,0,4,8.1,221,NA,NA,238,218,34,152,152,95,97,14,369,376,96,12.3,39.6,9.46,13.6
1999,9,20,10,17.6,952.1,68.6,0,4.5,9,227,NA,NA,649,220,644,405,673,128,127,14,382,398,96,11.8,40.9,9.15,14.1
1999,9,20,11,19.1,952,58.8,0,6.8,11.1,245,NA,NA,692,154,764,196,741,122,113,14,339,381,96,10.9,41,8.61,14.2
1999,9,20,12,20.2,952.2,53.8,0,7.9,13.5,242,NA,3,748,158,849,125,797,298,120,14,348,392,96,10.5,41.7,8.43,14.5
1999,9,20,13,20.6,952.5,52.4,0,8.7,14.6,246,NA,NA,665,90,898,99,713,509,99,14,346,387,96,10.5,42.1,8.41,14.6
1999,9,20,14,20.6,952.7,50.3,0,7,11.9,240,NA,NA,556,223,614,121,554,641,121,14,355,391,96,9.9,41.2,8.07,14.3
1999,9,20,15,19.7,953.8,52.8,0,6.9,13,237,NA,NA,205,170,87,76,147,220,76,14,347,374,96,9.8,40.1,8,13.9
1999,9,20,16,16.7,953.7,71.5,0.6,5.2,11.4,232,NA,NA,90,89,5,40,46,61,40,14,338,356,96,11.5,39.5,8.99,13.6
1999,9,20,17,16.4,954.1,66.5,0,4.7,7.8,235,NA,NA,15,15,0,7,7,4,7,14,326,348,96,10.1,37.2,8.19,12.8
1999,9,20,18,15.7,955.1,71.1,0,2.6,6.4,248,NA,4,0,0,0,0,0,0,0,14,322,344,96,10.5,36.9,8.37,12.7
1999,9,20,19,14.7,956.2,77.7,0,2,4.7,276,NA,NA,0,0,0,0,0,0,0,14,321,340,96,10.8,36.4,8.57,12.4
1999,9,20,20,14.4,956.6,77.4,0,1.9,3.5,249,NA,NA,0,0,0,0,0,0,0,14,331,341,96,10.5,35.6,8.36,12.2
1999,9,20,21,13.5,957.3,83.1,0,0.7,1.8,279,NA,NA,0,0,0,0,0,0,0,14,330,339,96,10.7,34.9,8.46,11.9
1999,9,20,22,13.4,957.9,84.7,0,0,0,0,NA,NA,0,0,0,0,0,0,0,14,330,343,96,10.9,35.1,8.57,12
1999,9,20,23,13.5,957.7,84.7,0,0.3,1.5,45,NA,NA,0,0,0,0,0,0,0,14,354,354,96,11,35.4,8.63,12.1
1999,9,21,0,13.2,958.2,86,0,0.1,1.5,360,NA,NA,0,0,0,0,0,0,0,14,351,351,96,10.9,34.9,8.58,11.9
1999,9,21,1,13,958.1,85.6,0,0.3,2.4,135,NA,NA,0,0,0,0,0,0,0,14,348,348,96,10.6,34.4,8.43,11.6
1999,9,21,2,12,958.3,87.9,0,0.1,2.3,315,NA,NA,0,0,0,0,0,0,0,14,344,344,96,10.1,32.5,8.1,10.9
1999,9,21,3,11.6,958.4,87.3,0,0.1,1.2,180,NA,NA,0,0,0,0,0,0,0,14,303,321,96,9.6,31.4,7.83,10.5
1999,9,21,4,11,958.2,87.2,0,0.1,1.3,225,NA,NA,0,0,0,0,0,0,0,14,297,315,96,9,30,7.52,9.9
1999,9,21,5,10.6,959,87.2,0,0.6,2.6,338,NA,NA,3,0,0,0,0,0,0,14,310,318,94,8.6,29.1,7.31,9.5
1999,9,21,6,12.9,959.4,80.6,0,0.6,2.5,261,NA,2,61,45,121,199,50,26,30,14,321,334,94,9.6,32.8,7.87,11.1
1999,9,21,7,14.5,959.7,76.5,0,3.1,5.2,255,NA,NA,73,73,0,37,35,33,34,14,328,342,94,10.4,35.5,8.29,12.2
1999,9,21,8,15.4,960.1,71.9,0,4.1,6,248,NA,NA,148,147,2,87,79,65,66,14,333,351,94,10.4,36.4,8.25,12.5
1999,9,21,9,17.1,960.1,66.1,0,3.2,6.2,255,NA,NA,376,246,224,330,335,111,113,14,345,370,94,10.7,38.6,8.46,13.4
1999,9,21,10,19.7,959.7,52.2,0,3.1,7.3,258,NA,NA,680,223,690,423,713,131,130,14,351,389,94,9.6,39.8,7.86,13.8
1999,9,21,11,20.5,959.7,43,0,4.9,10.1,241,NA,NA,673,183,701,199,722,130,119,14,341,382,94,7.5,37.9,6.79,13.2
1999,9,21,12,21.7,959.2,40.3,0,5.7,10.3,240,NA,2,679,158,755,118,734,277,113,14,348,387,94,7.6,39.2,6.86,13.7
1999,9,21,13,21.9,959.2,36.9,0,8.1,13.7,242,NA,NA,574,195,596,116,605,441,116,14,345,382,94,6.5,38.2,6.35,13.3
1999,9,21,14,22.1,958.9,36.3,0,7.7,13.2,241,NA,NA,512,173,633,107,535,618,107,14,348,383,94,6.5,38.3,6.32,13.4
1999,9,21,15,21.8,959.1,39,0,7.2,12.5,245,NA,NA,247,167,199,81,220,363,81,14,346,375,94,7.2,38.9,6.67,13.5
1999,9,21,16,20.8,959.2,44.2,0,6.9,10.5,253,NA,NA,61,61,0,29,30,31,29,14,342,366,94,8.2,39,7.12,13.6
1999,9,21,17,20.1,959.4,45.5,0,4.5,9.9,229,NA,NA,11,11,0,6,5,2,5,14,402,402,94,8,38,7.02,13.2
1999,9,21,18,19.3,960.6,45.7,0,5.5,11.4,236,NA,8,0,0,0,0,0,0,0,14,398,398,94,7.3,36.4,6.69,12.6
1999,9,21,19,16.4,961.6,67.4,0.9,4.4,9.9,243,NA,NA,0,0,0,0,0,0,0,14,384,384,94,10.4,37.3,8.24,12.9
1999,9,21,20,15.8,962.7,77.1,0.4,2,4.5,257,NA,NA,0,0,0,0,0,0,0,14,349,354,94,11.8,38.8,9.07,13.4
1999,9,21,21,15.6,963.3,79,0.7,1.3,3.7,232,NA,NA,0,0,0,0,0,0,0,14,350,354,94,12,38.9,9.17,13.5
1999,9,21,22,15.3,963.4,86.2,0.4,0.6,2.7,270,NA,NA,1,0,0,0,0,0,0,14,350,355,94,13,40.2,9.82,13.9
1999,9,21,23,15.5,963.3,86.7,0.2,1,3,77,NA,NA,0,0,0,0,0,0,0,14,351,355,94,13.3,40.9,10.01,14.2
1999,9,22,0,15.2,964,87,0,0.6,2.1,45,NA,NA,2,0,0,0,0,0,0,14,349,354,94,13.1,40.2,9.84,13.9
1999,9,22,1,14.9,963.8,88.5,0,0.3,1.6,45,NA,NA,0,0,0,0,0,0,0,14,345,348,94,13,39.8,9.82,13.8
1999,9,22,2,14.2,963.6,89.3,0,0.2,1.4,45,NA,NA,0,0,0,0,0,0,0,14,334,338,94,12.5,38.2,9.47,13.2
1999,9,22,3,13.5,963.5,90.1,0,0.3,1.3,297,NA,NA,2,0,0,0,0,0,0,14,331,338,94,11.9,36.6,9.13,12.6
1999,9,22,4,14,963.9,88.7,0,0.5,1.7,270,NA,NA,0,0,0,0,0,0,0,14,333,343,94,12.2,37.5,9.28,12.9
1999,9,22,5,14.1,963.5,87.6,0,0.5,1.6,284,NA,NA,4,0,0,0,0,0,0,14,335,344,94,12.1,37.5,9.23,12.9
1999,9,22,6,14.7,964.1,85.5,0,0.7,1.8,279,NA,7,55,49,43,101,36,24,26,14,339,350,94,12.3,38.4,9.36,13.3
1999,9,22,7,15.9,964,83.1,0,0.4,1.9,63,NA,NA,140,121,64,170,94,54,55,14,350,362,94,13,40.9,9.83,14.1
1999,9,22,8,17.2,964.9,79.7,0,0.5,1.6,76,NA,NA,196,184,26,153,124,79,80,14,338,364,94,13.7,43.2,10.24,15
1999,9,22,9,17.9,964.6,74.1,0,0.4,1.9,342,NA,NA,163,163,0,86,86,73,75,14,343,368,94,13.2,43.2,9.95,15
1999,9,22,10,19.3,964.4,66.6,0,0.6,3.7,301,NA,NA,349,303,70,190,251,126,128,14,349,383,94,12.9,44.2,9.76,15.4
1999,9,22,11,21.2,963.8,62.6,0,1.1,3.3,117,NA,NA,641,272,531,210,655,152,139,14,361,402,94,13.8,47.6,10.34,16.6
1999,9,22,12,23,963.5,54.7,0,2.1,8,197,NA,6,643,254,568,140,673,278,133,14,372,410,94,13.4,48.8,10.08,17
1999,9,22,13,23.8,963,51.4,0,4,9,252,NA,NA,330,287,68,122,235,195,122,14,369,395,94,13.2,49.2,9.94,17.1
1999,9,22,14,25,962.9,47.6,0,3.2,8,235,NA,NA,392,245,276,112,356,401,112,14,374,406,94,13.1,50.3,9.89,17.5
1999,9,22,15,25.7,963.1,45.5,0,3.1,7.2,225,NA,NA,369,151,547,89,371,661,88,14,377,410,94,13.1,51,9.85,17.7
1999,9,22,16,25.1,963.1,43.4,0,3.4,7.5,237,NA,NA,159,79,337,48,151,448,50,14,369,394,94,11.8,48.3,9.06,16.9
1999,9,22,17,21.5,963.7,61.5,0,2,5.2,36,NA,NA,19,19,0,9,9,9,9,14,365,373,94,13.8,47.9,10.34,16.7
1999,9,22,18,19.2,964.4,69.1,0,1.3,2.8,72,NA,5,0,0,0,0,0,0,0,14,359,363,94,13.4,44.9,10.07,15.6
1999,9,22,19,18.4,965.1,74.1,0,0.5,1.9,101,NA,NA,0,0,0,0,0,0,0,14,355,358,94,13.7,44.5,10.27,15.5
1999,9,22,20,17.7,965.3,78.2,0,0.3,1.8,90,NA,NA,0,0,0,0,0,0,0,14,339,350,94,13.9,44.1,10.37,15.3
1999,9,22,21,17,965.5,81.8,0,0.6,2.2,76,NA,NA,0,0,0,0,0,0,0,14,336,347,94,13.9,43.4,10.38,15.1
1999,9,22,22,16.3,965.7,82.7,0,0.2,1.6,63,NA,NA,0,0,0,0,0,0,0,14,330,340,94,13.4,41.8,10.03,14.5
1999,9,22,23,15.7,965.5,84.8,0,0.4,1.8,270,NA,NA,0,0,0,0,0,0,0,14,331,341,94,13.2,40.8,9.89,14.2
1999,9,23,0,15.9,965.6,84.3,0,0.5,3.3,63,NA,NA,0,0,0,0,0,0,0,14,328,339,94,13.3,41.2,9.96,14.3
1999,9,23,1,15.2,965.7,86.4,0,0.5,1.6,108,NA,NA,0,0,0,0,0,0,0,14,326,339,94,12.9,40,9.76,13.8
1999,9,23,2,15.2,965.9,86.3,0,0.2,2,315,NA,NA,1,0,0,0,0,0,0,14,355,355,94,12.9,39.9,9.74,13.8
1999,9,23,3,14.9,965.9,87.8,0,0.4,1.6,27,NA,NA,0,0,0,0,0,0,0,14,354,354,94,12.9,39.6,9.72,13.7
1999,9,23,4,15.1,965.7,85.8,0,0.7,1.8,81,NA,NA,1,0,0,0,0,0,0,14,355,355,94,12.7,39.5,9.63,13.7
1999,9,23,5,15.4,966.5,84,0,0.9,2.6,56,NA,NA,3,0,0,0,0,0,0,14,329,342,94,12.7,39.8,9.6,13.8
1999,9,23,6,16.7,966.8,79.2,0,1,2.7,113,NA,7,38,38,0,21,18,17,18,14,334,349,94,13.1,41.7,9.84,14.5
1999,9,23,7,17.2,967.6,77.5,0,1.1,2.9,79,NA,NA,81,81,0,44,40,37,38,14,340,357,94,13.2,42.4,9.93,14.8
1999,9,23,8,19.2,968.1,71.9,0,0.6,1.8,99,NA,NA,199,189,22,157,127,80,82,14,398,398,94,14,45.8,10.45,16
1999,9,23,9,20.1,968.2,67,0,0.8,2.5,97,NA,NA,252,237,26,164,166,100,102,14,402,403,94,13.8,46.3,10.29,16.2
1999,9,23,10,21.9,968.1,59.8,0,1.9,5.3,255,NA,NA,450,311,214,272,414,132,133,14,412,420,94,13.7,48.1,10.26,16.8
1999,9,23,11,23.6,968.1,52,0,2.9,5.9,244,NA,NA,515,321,281,193,485,154,141,14,382,409,94,13.2,48.9,9.88,17.1
1999,9,23,12,23.7,968,49.6,0,5,8.9,250,NA,7,387,321,97,140,314,184,134,14,380,402,94,12.5,48,9.48,16.7
1999,9,23,13,23.7,967.4,53.2,0,5.2,7.7,260,NA,NA,460,280,288,128,431,327,127,14,388,409,94,13.6,49.8,10.18,17.3
1999,9,23,14,24.2,967,50.4,0,4.6,7.9,258,NA,NA,447,172,524,102,476,544,101,14,374,405,94,13.2,49.7,9.94,17.3
1999,9,23,15,24,966.8,48,0,5.3,8.4,244,NA,NA,280,135,371,78,286,495,77,14,365,393,94,12.3,47.9,9.35,16.7
1999,9,23,16,22.9,967.4,53,0,4.7,7.3,247,NA,NA,148,84,278,49,140,396,51,14,365,385,94,12.8,47.6,9.66,16.6
1999,9,23,17,21.8,968,57.9,0,4,6.2,249,NA,NA,16,16,0,8,8,7,8,14,371,381,94,13.1,47,9.87,16.4
1999,9,23,18,21.2,968.6,60.3,0,2.9,5.1,236,NA,5,0,0,0,0,0,0,0,14,371,377,94,13.2,46.5,9.9,16.2
1999,9,23,19,21,969.3,61.7,0,2.8,5.3,236,NA,NA,0,0,0,0,0,0,0,14,370,377,94,13.4,46.5,10,16.3
1999,9,23,20,20.8,969.8,63.5,0,2.9,6,224,NA,NA,0,0,0,0,0,0,0,14,364,375,94,13.6,46.7,10.16,16.3
1999,9,23,21,20.9,970,68.2,0,3.5,6.3,229,NA,NA,0,0,0,0,0,0,0,14,365,376,94,14.8,48.9,11,17
1999,9,23,22,19.3,971.7,80.3,1.1,4.5,10.3,246,NA,NA,0,0,0,0,0,0,0,14,354,366,94,15.8,49.1,11.72,17.1
1999,9,23,23,18.3,971.7,83.1,0.5,2.9,5.5,209,NA,NA,0,0,0,0,0,0,0,14,359,366,94,15.4,47.3,11.39,16.5
1999,9,24,0,17.9,972.1,86,0,1,3.5,360,NA,NA,0,0,0,0,0,0,0,14,361,365,94,15.5,47.1,11.49,16.4
1999,9,24,1,17.7,972.4,88.3,0,0.7,1.9,39,NA,NA,0,0,0,0,0,0,0,14,357,363,94,15.7,47.3,11.65,16.4
1999,9,24,2,17.6,972.2,88.7,0,0.4,1.5,72,NA,NA,1,0,0,0,0,0,0,14,356,362,94,15.7,47.2,11.63,16.4
1999,9,24,3,17.4,972.1,89.2,0,1.1,2.7,37,NA,NA,2,0,0,0,0,0,0,14,356,362,94,15.6,46.7,11.55,16.3
1999,9,24,4,17.6,972.1,88.9,0,1.1,2.8,45,NA,NA,0,0,0,0,0,0,0,14,358,365,94,15.7,47.2,11.66,16.4
1999,9,24,5,17.8,972.2,88.1,0,0.7,2.1,68,NA,NA,3,0,0,0,0,0,0,14,395,395,94,15.8,47.5,11.7,16.5
1999,9,24,6,18.2,972.6,86.6,0,0.4,1.8,56,NA,8,36,36,0,19,17,16,17,14,398,398,94,15.9,48.2,11.79,16.7
1999,9,24,7,18.6,973,84.8,0,1,2.5,90,NA,NA,156,118,129,250,124,56,57,14,400,400,94,16,48.7,11.83,16.9
1999,9,24,8,18.9,972.9,83.5,0,1.3,2.6,85,NA,NA,297,189,242,401,283,90,91,14,390,401,94,16,49.1,11.87,17
1999,9,24,9,19.7,972.9,78.2,0,0.6,2.3,68,NA,NA,326,262,112,254,263,111,112,14,393,407,94,15.8,49.5,11.68,17.2
1999,9,24,10,20.8,972.5,75.3,0,1.1,3,129,NA,NA,589,196,606,373,644,118,118,14,398,420,94,16.3,51.5,12.05,17.9
1999,9,24,11,22,972,70.1,0,1.2,4,151,NA,NA,633,177,666,188,703,126,115,14,375,410,94,16.3,52.8,12.08,18.3
1999,9,24,12,22.8,971.1,67.7,0,1.4,5,103,NA,7,551,289,389,143,559,250,135,14,380,412,94,16.5,54.1,12.27,18.7
1999,9,24,13,23.6,970.8,60.8,0,1.2,3.7,231,NA,NA,395,300,154,128,332,260,127,14,383,411,94,15.6,53.1,11.55,18.4
1999,9,24,14,24.5,970.4,58.6,0,1.9,4.2,261,NA,NA,464,156,594,99,508,580,98,14,379,413,94,15.9,54.6,11.76,18.9
1999,9,24,15,24.3,969.6,57.8,0,1.5,4.4,209,NA,NA,349,77,705,72,396,719,72,14,374,409,94,15.5,53.6,11.47,18.6
1999,9,24,16,23.7,969.5,63.2,0,1.2,3,99,NA,NA,162,68,420,47,171,517,49,14,373,396,94,16.3,54.7,12.11,18.8
1999,9,24,17,21.4,969.3,77.1,0,1.7,4.2,104,NA,NA,18,18,0,9,9,10,9,14,371,378,94,17.2,54.2,12.86,18.6
1999,9,24,18,20.5,969.7,78.5,0,1.4,3.6,72,NA,6,0,0,0,0,0,0,0,14,363,371,94,16.6,52,12.38,18
1999,9,24,19,19.8,970.2,80.9,0,1.5,2.9,54,NA,NA,0,0,0,0,0,0,0,14,362,369,94,16.4,50.9,12.21,17.6
1999,9,24,20,19.7,970.4,80.9,0,1.4,4,51,NA,NA,0,0,0,0,0,0,0,14,363,371,94,16.3,50.6,12.13,17.5
1999,9,24,21,19.4,970.2,82.4,0,0.5,1.3,284,NA,NA,1,0,0,0,0,0,0,14,359,368,94,16.3,50.3,12.13,17.4
1999,9,24,22,18.9,970,84.7,0,0.5,1.8,18,NA,NA,0,0,0,0,0,0,0,14,355,365,94,16.3,49.6,12.08,17.2
1999,9,24,23,18.9,969.6,85.2,0,0.7,1.4,34,NA,NA,0,0,0,0,0,0,0,14,359,367,94,16.4,49.8,12.16,17.3
1999,9,25,0,18.7,969.2,86.4,0,0.3,1.2,315,NA,NA,1,0,0,0,0,0,0,14,357,364,94,16.4,49.7,12.19,17.2
1999,9,25,1,18.2,968.5,87.9,0,0.3,1.2,63,NA,NA,0,0,0,0,0,0,0,14,353,359,94,16.2,48.8,12.02,16.9
1999,9,25,2,18.1,968,87.9,0,0.5,1.3,63,NA,NA,1,0,0,0,0,0,0,14,354,362,94,16.1,48.5,11.95,16.8
1999,9,25,3,18,967.3,88,0,0.2,1.4,333,NA,NA,1,0,0,0,0,0,0,14,353,362,94,16,48.2,11.9,16.7
1999,9,25,4,18,967.2,87.4,0,0.2,1.3,90,NA,NA,0,0,0,0,0,0,0,14,353,363,94,15.9,48,11.81,16.7
1999,9,25,5,18.2,967.3,88.1,0.7,0.4,1.6,333,NA,NA,0,0,0,0,0,0,0,14,375,378,96,16.2,48.9,12.06,16.9
1999,9,25,6,18.2,967.8,89,1.7,0.7,3.2,0,NA,8,11,11,0,3,5,6,6,14,377,379,96,16.4,49.2,12.18,17
1999,9,25,7,18.4,967.9,89.6,1,1.7,2.9,70,NA,NA,18,18,0,6,8,9,9,14,379,381,96,16.7,50,12.42,17.3
1999,9,25,8,18.6,968.5,89.8,7.4,1.2,2.7,56,NA,NA,26,26,0,10,11,13,13,14,393,393,96,16.9,50.7,12.6,17.5
1999,9,25,9,18.5,968.2,89,4.5,1.3,3.7,66,NA,NA,41,41,0,19,18,20,20,14,391,391,96,16.7,50.1,12.41,17.3
1999,9,25,10,18.6,967.6,88.9,0.9,0.8,3.4,16,NA,NA,86,86,0,42,41,41,42,14,391,391,96,16.7,50.4,12.49,17.4
1999,9,25,11,18.5,967,88,0.8,0.7,1.8,63,NA,NA,81,81,0,39,38,38,39,14,391,391,96,16.5,49.8,12.29,17.2
1999,9,25,12,18.8,966.4,87.3,0.8,0.8,2.9,7,NA,8,85,85,0,42,40,40,41,14,393,393,96,16.6,50.4,12.43,17.4
1999,9,25,13,18.7,965.8,87.7,3.8,0.8,1.9,34,NA,NA,43,43,0,22,19,20,21,14,392,392,96,16.6,50.3,12.42,17.3
1999,9,25,14,18.5,965,88.4,0.6,1.6,3.1,105,NA,NA,55,55,0,27,25,24,27,14,385,386,96,16.5,50,12.37,17.2
1999,9,25,15,18.4,964.3,88.5,0.5,1.6,3.2,72,NA,NA,36,36,0,18,16,14,18,14,385,385,96,16.5,49.7,12.31,17.2
1999,9,25,16,18.2,963.6,88.6,0.3,1.6,3.3,38,NA,NA,16,16,0,8,7,5,8,14,383,383,96,16.3,49.2,12.18,17
1999,9,25,17,18.2,964.3,89.2,3.7,1.1,3.2,79,NA,NA,2,0,0,0,0,0,0,14,390,390,96,16.4,49.4,12.26,17
1999,9,25,18,17.9,964.1,90,8.7,1.7,3.7,58,NA,8,0,0,0,0,0,0,0,14,387,387,96,16.2,48.7,12.13,16.8
1999,9,25,19,17.7,964.9,89.5,7.1,1.7,3.6,87,NA,NA,1,0,0,0,0,0,0,14,386,386,96,16,48,11.9,16.6
1999,9,25,20,17.1,965.2,88.3,8.5,1.9,5.1,220,NA,NA,2,0,0,0,0,0,0,14,386,386,96,15.2,45.8,11.29,15.9
1999,9,25,21,16.3,964.9,87.8,5,1.2,4.1,211,NA,NA,2,0,0,0,0,0,0,14,385,385,96,14.3,43.4,10.66,15.1
1999,9,25,22,16.1,965.4,89.4,2.4,0.6,1.8,281,NA,NA,2,0,0,0,0,0,0,14,384,384,96,14.4,43.3,10.72,15
1999,9,25,23,16.1,964.7,89.6,3.7,0.8,2.1,252,NA,NA,1,0,0,0,0,0,0,14,384,384,96,14.4,43.4,10.75,15
1999,9,26,0,16.1,963.7,89.4,5.4,0.6,2.7,198,NA,NA,0,0,0,0,0,0,0,14,385,385,96,14.4,43.4,10.73,15
1999,9,26,1,16,964,90,2.1,1,2.9,262,NA,NA,2,0,0,0,0,0,0,14,384,384,96,14.4,43.2,10.73,15
1999,9,26,2,15.8,963.4,90,0.8,0.7,2.1,288,NA,NA,1,0,0,0,0,0,0,14,383,383,96,14.2,42.7,10.6,14.8
1999,9,26,3,15.7,963.1,89.7,1.2,0.6,1.8,307,NA,NA,1,0,0,0,0,0,0,14,382,382,96,14,42.4,10.5,14.7
1999,9,26,4,15.6,963,89.2,1.4,0.8,2.3,252,NA,NA,0,0,0,0,0,0,0,14,382,382,96,13.8,41.9,10.38,14.5
1999,9,26,5,15.5,963.1,89.6,0.6,0.9,2.5,310,NA,NA,0,0,0,0,0,0,0,14,373,373,96,13.8,41.8,10.35,14.5
1999,9,26,6,15.6,963.6,88.1,0.2,1.2,3.4,264,NA,8,13,13,0,4,6,7,7,14,374,374,96,13.6,41.6,10.24,14.4
1999,9,26,7,15.6,964.2,88.2,1.4,2,4.6,243,NA,NA,17,17,0,6,8,9,9,14,375,375,96,13.7,41.6,10.24,14.4
1999,9,26,8,15.5,964.7,87.2,1.5,2.8,5.3,216,NA,NA,70,70,0,33,33,33,34,14,373,373,96,13.4,41,10.06,14.2
1999,9,26,9,16,964.8,81.9,0.2,1.6,3.7,212,NA,NA,214,207,13,132,135,90,92,14,378,379,96,12.9,40.7,9.75,14.1
1999,9,26,10,16.8,965.1,79.8,0,1.8,4.3,152,NA,NA,228,218,16,120,143,97,98,14,382,388,96,13.3,42.2,9.99,14.7
1999,9,26,11,17.4,964.9,74.4,0,2.4,6.2,175,NA,NA,298,270,42,133,206,122,118,14,384,394,96,12.8,42,9.67,14.6
1999,9,26,12,17.8,964.7,69.9,0,3.5,7.6,217,NA,8,237,232,8,105,137,111,103,14,353,376,96,12.2,41.5,9.32,14.4
1999,9,26,13,18,964.6,65.5,0,4.1,7.8,223,NA,NA,372,292,131,124,313,246,123,14,354,382,96,11.4,40.5,8.84,14.1
1999,9,26,14,18.9,964.4,61.3,0,3.6,6.9,217,NA,NA,480,171,607,104,534,604,104,14,357,389,96,11.3,41.2,8.75,14.4
1999,9,26,15,18.4,964.4,62.7,0,3.2,5.5,229,NA,NA,193,158,95,72,160,243,72,14,354,376,96,11.2,40.5,8.67,14.1
1999,9,26,16,17.9,964.3,65,0,3.3,5.8,242,NA,NA,79,77,7,35,43,63,35,14,352,370,96,11.2,40.1,8.71,13.9
1999,9,26,17,17.3,964.5,71.7,0,2.4,4.5,265,NA,NA,29,29,0,12,15,37,14,14,333,353,94,12.1,40.9,9.26,14.2
1999,9,26,18,15.7,964.8,81.7,0,0.6,2.2,309,NA,5,0,0,0,0,0,0,0,14,329,340,94,12.6,39.9,9.53,13.8
1999,9,26,19,15.3,965.5,85.3,0,0.5,1.5,90,NA,NA,0,0,0,0,0,0,0,14,327,341,94,12.8,39.9,9.7,13.8
1999,9,26,20,14.9,965.9,86.4,0,0.2,1.2,63,NA,NA,0,0,0,0,0,0,0,14,329,336,94,12.7,39.2,9.57,13.6
1999,9,26,21,13.9,965.8,87.9,0,0,1.1,0,NA,NA,0,0,0,0,0,0,0,14,324,332,94,11.9,37,9.12,12.7
1999,9,26,22,12.9,966.1,88.6,0,0,0,0,NA,NA,0,0,0,0,0,0,0,14,316,326,94,11.1,34.7,8.6,11.9
1999,9,26,23,12.3,966,87.9,0,0.7,1.8,254,NA,NA,0,0,0,0,0,0,0,14,318,328,94,10.4,33.1,8.2,11.2
1999,9,27,0,12,965.7,87.1,0,0.6,1.4,252,NA,NA,0,0,0,0,0,0,0,14,312,322,94,9.9,32.2,7.97,10.8
1999,9,27,1,11.2,965.4,88.8,0,0.4,1.1,270,NA,NA,0,0,0,0,0,0,0,14,308,320,94,9.4,30.7,7.7,10.2
1999,9,27,2,10.8,965.2,88.8,0,0.2,1.6,333,NA,NA,0,0,0,0,0,0,0,14,297,313,94,9,29.8,7.5,9.8
1999,9,27,3,10.9,964.9,88.1,0,0.5,1.6,270,NA,NA,1,0,0,0,0,0,0,14,301,316,94,9,29.8,7.49,9.9
1999,9,27,4,10.9,964.7,88.5,0,0.4,1.2,288,NA,NA,0,0,0,0,0,0,0,14,301,317,94,9.1,29.9,7.53,9.9
1999,9,27,5,11.3,964.6,87.6,0,0.2,1.3,270,NA,NA,3,0,0,0,0,0,0,14,320,328,94,9.3,30.7,7.65,10.2
1999,9,27,6,12.2,964.4,86.5,0,0.2,2,243,NA,6,48,41,58,120,39,22,24,14,325,335,94,10,32.5,8.03,11
1999,9,27,7,13.1,964.6,86.2,0,0.5,2.2,326,NA,NA,107,104,10,86,61,46,47,14,331,343,94,10.8,34.6,8.49,11.8
1999,9,27,8,14.3,965.4,82,0,0.9,2.9,257,NA,NA,193,183,24,153,126,77,79,14,337,353,94,11.3,36.4,8.73,12.6
1999,9,27,9,15,965,80.4,0,1.3,2.7,247,NA,NA,269,251,31,181,187,104,106,14,342,362,94,11.7,37.7,8.96,13.1
1999,9,27,10,16.3,964.9,75.5,0,1.8,4,254,NA,NA,333,287,73,192,270,120,121,14,348,369,94,12,39.5,9.15,13.7
1999,9,27,11,16.4,964.6,75.8,0,1,3,252,NA,NA,203,200,5,95,113,91,91,14,349,368,94,12.1,39.9,9.25,13.8
1999,9,27,12,17.2,964.1,76,0,0.5,3.7,45,NA,7,193,190,4,88,106,91,87,14,351,370,94,12.9,42,9.77,14.6
1999,9,27,13,18.7,963.1,62.5,0,2.7,7.3,236,NA,NA,331,264,110,115,274,217,115,14,356,378,94,11.4,41.2,8.82,14.3
1999,9,27,14,18.8,962.7,58.8,0,3.5,6.9,231,NA,NA,180,176,8,79,102,104,79,14,340,364,94,10.6,40.1,8.35,14
1999,9,27,15,19,962.4,60.8,0,3.5,6.7,235,NA,NA,126,125,1,57,67,75,56,14,341,363,94,11.3,41.3,8.75,14.4
1999,9,27,16,18.7,962.8,64.3,0,3.2,7.5,235,NA,NA,46,46,0,22,22,21,22,14,339,359,94,11.8,41.8,9.08,14.6
1999,9,27,17,18.2,962.7,65.6,0,3.3,6.9,232,NA,NA,4,4,0,2,2,0,2,14,338,356,94,11.7,41.1,8.98,14.3
1999,9,27,18,17.5,963,70,0,2.8,5.6,242,NA,8,2,0,0,0,0,0,0,14,334,352,94,12,40.8,9.17,14.2
1999,9,27,19,17,963.1,73.9,0,4,7.7,231,NA,NA,0,0,0,0,0,0,0,14,333,351,94,12.3,40.9,9.38,14.2
1999,9,27,20,16.4,963.3,79.7,0.2,3.4,7,224,NA,NA,0,0,0,0,0,0,0,14,362,362,94,12.9,41.2,9.74,14.3
1999,9,27,21,16.2,963.1,81.8,0.3,3.6,7.9,231,NA,NA,0,0,0,0,0,0,0,14,361,361,94,13.1,41.3,9.88,14.3
1999,9,27,22,15.8,963.1,85.1,0.8,4.4,7.5,233,NA,NA,0,0,0,0,0,0,0,14,360,360,94,13.3,41.2,10.02,14.3
1999,9,27,23,15.7,963.1,86.3,0.2,3.9,6.7,244,NA,NA,0,0,0,0,0,0,0,14,359,360,94,13.4,41.3,10.1,14.3
1999,9,28,0,15.5,962.7,86.5,2.3,3.6,6.4,241,NA,NA,1,0,0,0,0,0,0,14,357,359,94,13.3,40.9,9.99,14.2
1999,9,28,1,15.2,962.7,85.4,1.6,3.8,7,233,NA,NA,1,0,0,0,0,0,0,14,355,357,94,12.8,39.7,9.67,13.8
1999,9,28,2,14.8,962.5,85.5,2.1,4,7.9,230,NA,NA,0,0,0,0,0,0,0,14,354,355,94,12.4,38.7,9.44,13.4
1999,9,28,3,14.9,962.8,83.4,0,3.9,7.7,232,NA,NA,0,0,0,0,0,0,0,14,354,355,94,12.1,38.4,9.26,13.2
1999,9,28,4,14.7,963.2,84.5,4.6,3.6,6.6,248,NA,NA,1,0,0,0,0,0,0,14,353,354,94,12.1,38.2,9.26,13.2
1999,9,28,5,14.5,963.5,81,0,3.2,6.5,226,NA,NA,2,0,0,0,0,0,0,14,335,347,96,11.3,36.7,8.75,12.6
1999,9,28,6,14.7,963.9,79.3,0,3.4,7.3,234,NA,6,28,28,0,13,13,13,13,14,338,351,96,11.2,36.7,8.67,12.7
1999,9,28,7,15.3,963.9,77.6,0,4.8,9.5,236,NA,NA,106,104,8,85,61,46,47,14,342,358,96,11.4,37.7,8.82,13
1999,9,28,8,15.5,964.7,76.1,0.6,6.1,11.1,237,NA,NA,105,105,0,55,53,48,49,14,372,372,96,11.3,37.7,8.76,13
1999,9,28,9,15.1,965.2,83.1,1.1,3.7,6.8,234,NA,NA,93,93,0,45,45,44,45,14,371,371,96,12.3,38.8,9.32,13.4
1999,9,28,10,15,965.8,81.8,0.8,4.2,8.6,234,NA,NA,81,81,0,39,38,39,39,14,368,368,96,11.9,38.1,9.11,13.2
1999,9,28,11,15,966,81.3,0.5,4.9,9.4,227,NA,NA,190,188,3,90,104,86,86,14,370,370,96,11.8,38,9.05,13.1
1999,9,28,12,15.5,965.7,76.9,0,5.1,9.7,228,NA,7,207,201,9,93,118,97,91,14,374,376,96,11.5,37.9,8.84,13.1
1999,9,28,13,15.3,965.8,76.7,1.5,4.4,9.8,229,NA,NA,117,117,0,56,59,56,56,14,368,368,96,11.2,37.4,8.7,12.9
1999,9,28,14,14.8,966.1,82.2,1.3,3.5,6.4,221,NA,NA,106,106,0,51,53,52,50,14,370,370,96,11.8,37.7,9.03,13
1999,9,28,15,15.1,966.5,78.3,0,3.4,7.4,236,NA,NA,68,68,0,33,32,32,33,14,370,370,96,11.4,37.3,8.77,12.9
1999,9,28,16,15,966.7,80.3,0,3.7,6.6,253,NA,NA,46,46,0,22,22,22,22,14,369,369,96,11.6,37.7,8.93,13
1999,9,28,17,14.4,967.9,81.2,0,4.2,7,260,NA,NA,15,15,0,7,8,11,7,14,357,357,94,11.2,36.4,8.68,12.5
1999,9,28,18,13.8,968,83.5,0,4,6.5,258,NA,6,0,0,0,0,0,0,0,14,357,357,94,11.1,35.5,8.58,12.2
1999,9,28,19,14.3,968.5,82.1,0,2.6,5.6,241,NA,NA,1,0,0,0,0,0,0,14,358,358,94,11.3,36.4,8.71,12.6
1999,9,28,20,14.4,968.7,82.6,0,1.6,4.1,255,NA,NA,1,0,0,0,0,0,0,14,366,366,94,11.5,36.8,8.82,12.7
1999,9,28,21,14.3,968.7,84.2,0,2,4.2,264,NA,NA,0,0,0,0,0,0,0,14,366,366,94,11.7,37,8.93,12.8
1999,9,28,22,14.3,968.5,85,0,1.5,3,270,NA,NA,1,0,0,0,0,0,0,14,367,367,94,11.8,37.2,9.02,12.8
1999,9,28,23,14.4,968.9,84.5,0,0.5,1.8,198,NA,NA,0,0,0,0,0,0,0,14,366,366,94,11.8,37.3,9.02,12.9
1999,9,29,0,14.2,968.4,86,0,0.6,2,225,NA,NA,0,0,0,0,0,0,0,14,366,366,94,11.9,37.2,9.07,12.8
1999,9,29,1,14.3,968.2,85.3,0,0.7,2.7,252,NA,NA,0,0,0,0,0,0,0,14,366,366,94,11.9,37.3,9.06,12.9
1999,9,29,2,14.1,968,83.1,0,1.3,2.8,231,NA,NA,1,0,0,0,0,0,0,14,334,342,94,11.3,36.2,8.71,12.5
1999,9,29,3,13.9,967.6,85.6,0,0.6,2.2,153,NA,NA,0,0,0,0,0,0,0,14,334,343,94,11.5,36.4,8.86,12.5
1999,9,29,4,14,967.5,83.4,0,0.6,2.6,207,NA,NA,0,0,0,0,0,0,0,14,335,343,94,11.2,36,8.69,12.4
1999,9,29,5,14.3,967.7,81.2,0,2.5,4.5,249,NA,NA,2,0,0,0,0,0,0,14,320,337,94,11.1,36.2,8.62,12.4
1999,9,29,6,14.5,968,78.9,0,3.2,5.5,246,NA,7,10,10,0,2,5,5,5,14,320,338,94,10.9,36,8.48,12.4
1999,9,29,7,15,967.8,76.9,0,1.8,4.1,246,NA,NA,77,77,0,43,38,35,36,14,323,345,94,11,36.7,8.54,12.7
1999,9,29,8,15.6,967.5,74.9,0,1.4,3,262,NA,NA,132,132,0,75,70,59,60,14,374,374,94,11.2,37.6,8.65,13
1999,9,29,9,16.3,967.4,72.1,0,2.3,4.8,257,NA,NA,136,136,0,70,70,62,63,14,377,377,94,11.3,38.4,8.71,13.4
1999,9,29,10,16.1,966.7,76.4,0.2,3,5.4,246,NA,NA,135,135,0,66,69,62,63,14,377,377,94,12,39.3,9.12,13.7
1999,9,29,11,16.7,966,74.1,0,1.9,3.9,257,NA,NA,204,203,2,96,114,92,92,14,334,360,94,12.1,40.1,9.2,14
1999,9,29,12,17.5,965.5,70.5,0,4.5,8.1,248,NA,8,179,178,1,83,96,84,82,14,337,361,94,12.1,40.9,9.21,14.3
1999,9,29,13,17.8,965.2,72.7,0,3.7,6.5,259,NA,NA,160,160,0,74,85,80,74,14,340,363,94,12.8,42.5,9.69,14.8
1999,9,29,14,19.4,964.2,65.2,0,3.4,5.4,260,NA,NA,359,223,277,104,370,407,104,14,349,381,94,12.7,43.9,9.62,15.3
1999,9,29,15,20.2,963.4,62.3,0,4,6,267,NA,NA,315,137,501,80,356,608,80,14,350,381,94,12.8,44.8,9.67,15.7
1999,9,29,16,19.4,962.7,66.8,0,2.1,4.1,273,NA,NA,96,69,140,37,92,230,38,14,345,366,94,13.1,44.6,9.87,15.5
1999,9,29,17,18.6,961.9,69.2,0,0.8,2.6,198,NA,NA,9,9,0,4,4,3,4,14,341,355,94,12.8,43.4,9.74,15.1
1999,9,29,18,17.6,961.6,71.1,0,1.9,5.2,246,NA,4,0,0,0,0,0,0,0,14,339,351,94,12.3,41.5,9.39,14.4
1999,9,29,19,17.3,961,72.5,0,3.9,6.1,249,NA,NA,0,0,0,0,0,0,0,14,334,351,94,12.3,41.2,9.4,14.3
1999,9,29,20,17.8,960.9,69.8,0,2.9,5.6,238,NA,NA,0,0,0,0,0,0,0,14,352,359,94,12.2,41.6,9.34,14.4
1999,9,29,21,18.9,960.2,61.2,0,4.4,8.9,232,NA,NA,0,0,0,0,0,0,0,14,358,367,94,11.3,41.3,8.77,14.4
1999,9,29,22,19.2,959.9,57.3,0,3.1,6.7,218,NA,NA,0,0,0,0,0,0,0,14,356,367,94,10.6,40.5,8.37,14.1
1999,9,29,23,18.7,959.3,57.8,0,2.5,6,237,NA,NA,0,0,0,0,0,0,0,14,380,380,94,10.2,39.6,8.18,13.7
1999,9,30,0,18.4,958.4,55.5,0,3,5.7,238,NA,NA,0,0,0,0,0,0,0,14,375,375,94,9.3,38.1,7.71,13.2
1999,9,30,1,16.5,957,66.4,0,3.6,6,268,NA,NA,0,0,0,0,0,0,0,14,369,369,94,10.2,37.4,8.2,12.9
1999,9,30,2,16.9,955.4,64.4,0,4.7,7,250,NA,NA,0,0,0,0,0,0,0,14,361,363,94,10.1,37.7,8.17,13
1999,9,30,3,16.3,954.1,67,0,4.4,7.2,249,NA,NA,0,0,0,0,0,0,0,14,358,358,94,10.2,37.1,8.2,12.8
1999,9,30,4,15.7,953.2,72.8,0,2.2,5.5,252,NA,NA,0,0,0,0,0,0,0,14,360,360,94,10.8,37.5,8.59,12.9
1999,9,30,5,16.2,954,72.7,0,4.3,6.8,251,NA,NA,2,0,0,0,0,0,0,14,330,347,94,11.3,38.7,8.85,13.3
1999,9,30,6,17.2,954.4,66.8,0,5.9,14.3,244,NA,7,29,29,0,15,14,13,13,14,332,352,94,11,39.2,8.66,13.6
1999,9,30,7,16.3,954.9,78.1,0.5,3.6,7.1,256,NA,NA,43,43,0,18,20,20,21,14,332,348,94,12.5,40.6,9.57,14
1999,9,30,8,16,956.1,85,4.7,4.7,8.8,256,NA,NA,30,30,0,12,13,15,15,14,361,362,94,13.5,41.9,10.21,14.5
1999,9,30,9,14.7,957.8,80.1,4.2,5.3,14.1,239,NA,NA,42,42,0,19,19,21,21,14,349,352,94,11.3,37.1,8.82,12.7
1999,9,30,10,13.8,958.8,84.6,4.5,4.5,9.5,214,NA,NA,34,34,0,16,15,17,17,14,347,350,94,11.3,36,8.78,12.3
1999,9,30,11,13.5,959.2,84.6,5.8,4.7,10.6,204,NA,NA,25,25,0,12,11,12,12,14,337,347,96,11,35.3,8.6,12.1
1999,9,30,12,13.3,959.3,81,1.2,3.3,9.5,219,NA,8,33,33,0,16,14,16,16,14,337,348,96,10.1,33.9,8.12,11.5
1999,9,30,13,13.4,959.8,84.6,0.6,2.3,5.3,293,NA,NA,55,55,0,27,25,25,27,14,340,350,96,10.9,35,8.54,12
1999,9,30,14,14,959.1,79.2,0,2.4,4.6,270,NA,NA,166,164,5,74,94,95,74,14,318,344,96,10.5,35.1,8.32,12
1999,9,30,15,14.3,958.2,76.2,0,1.8,6.2,270,NA,NA,143,135,22,60,90,116,60,14,316,345,96,10.2,35,8.16,12
1999,9,30,16,13.9,958.9,78.2,0,4.2,6.8,271,NA,NA,49,49,0,23,24,25,23,14,314,340,96,10.2,34.5,8.14,11.8
1999,9,30,17,13.7,959.6,78.5,1.2,5.2,9.3,256,NA,NA,5,5,0,3,2,0,2,14,313,337,96,10,34.1,8.06,11.6
1999,9,30,18,13.4,960.6,79.1,0,2.8,7.5,229,NA,7,0,0,0,0,0,0,0,14,312,335,96,9.8,33.6,7.96,11.4
1999,9,30,19,13.2,961.6,80,0.1,3.5,7.4,239,NA,NA,1,0,0,0,0,0,0,14,313,334,96,9.8,33.3,7.93,11.3
1999,9,30,20,12.8,962.6,81.6,0,2.8,5.9,240,NA,NA,0,0,0,0,0,0,0,14,315,335,96,9.7,32.7,7.88,11
1999,9,30,21,12.2,963.8,82.5,0,2,4.3,258,NA,NA,1,0,0,0,0,0,0,14,318,334,96,9.3,31.7,7.69,10.6
1999,9,30,22,11.7,964.8,83.1,0.4,2.2,4.1,254,NA,NA,0,0,0,0,0,0,0,14,321,335,96,8.9,30.7,7.51,10.2
1999,9,30,23,11.1,965.9,83.3,0.2,1.1,3.2,276,NA,NA,1,0,0,0,0,0,0,14,325,336,96,8.4,29.4,7.22,9.6
1995,10,1,0,10.5,966.8,83.2,0,0.3,1.5,14,NA,NA,2,0,0,0,0,0,0,14,329,336,94,7.8,28.1,6.94,9
1995,10,1,1,10,967.7,82.5,0,0.1,0.9,284,NA,NA,1,0,0,0,0,0,0,14,332,337,94,7.1,26.8,6.63,8.5
1995,10,1,2,9.8,968.2,81.4,0,0.3,1.4,284,NA,NA,3,0,0,0,0,0,0,14,335,338,94,6.7,26,6.41,8.2
1995,10,1,3,9.5,968.8,80.2,0,0.6,2,262,NA,NA,1,0,0,0,0,0,0,14,337,338,94,6.3,25.2,6.2,7.9
1995,10,1,4,9.5,969,79.1,0,0.3,1.4,14,NA,NA,0,0,0,0,0,0,0,14,339,339,94,6.1,24.9,6.08,7.8
1995,10,1,5,9.8,969.1,77.2,0,0,1,0,NA,NA,1,0,0,0,0,0,0,14,341,341,94,6,25.1,6.06,7.9
1995,10,1,6,10,969.3,76.1,0,0.3,1.4,266,NA,7,7,7,0,1,3,4,4,14,342,342,94,6,25.4,6.06,8
1995,10,1,7,10.6,969.6,73,0,0.3,1.1,59,NA,NA,29,29,0,10,13,14,14,14,346,347,94,6,25.9,6.04,8.3
1995,10,1,8,11.3,969.7,66.8,0,0.3,1.7,284,NA,NA,111,111,0,60,57,50,51,14,350,352,94,5.4,26,5.79,8.3
1995,10,1,9,12.6,970,62,0,1.5,3.1,269,NA,NA,245,227,34,163,172,96,98,14,357,362,94,5.5,27.4,5.85,9
1995,10,1,10,14,969.7,59.6,0,1,3.2,183,NA,NA,338,282,92,196,287,119,120,14,366,375,94,6.3,29.7,6.17,9.9
1995,10,1,11,15.7,969.3,55.7,0,1.3,3.6,254,NA,NA,447,308,213,175,442,146,132,14,321,360,94,6.9,32.1,6.44,10.9
1995,10,1,12,17.6,969.2,54.4,0,2.3,4.7,257,NA,6,543,242,470,131,606,255,125,14,332,371,94,8.3,35.7,7.1,12.4
1995,10,1,13,19.1,969,53.1,0,1.5,4.5,245,NA,NA,565,150,716,104,687,479,104,14,339,384,94,9.3,38.5,7.63,13.5
1995,10,1,14,19.8,968.9,53.6,0,2.1,4.3,278,NA,NA,422,123,623,89,521,578,89,14,343,382,94,10.1,40.3,8.05,14.1
1995,10,1,15,19.9,968.7,54,0,1.4,4,267,NA,NA,265,132,385,74,302,503,74,14,344,378,94,10.3,40.7,8.16,14.2
1995,10,1,16,18.9,969.2,62.5,0,1.2,2.7,271,NA,NA,65,61,24,29,42,73,29,14,336,360,94,11.6,41.5,8.88,14.5
1995,10,1,17,17,970.1,71,0,1,3.5,157,NA,NA,6,6,0,3,3,2,3,14,337,351,94,11.7,39.7,8.94,13.9
1995,10,1,18,17,970.7,67.9,0,1.4,4.2,188,NA,7,0,0,0,0,0,0,0,14,332,347,94,11,38.7,8.54,13.5
1995,10,1,19,14.6,971.2,76.5,0,0.9,2.8,74,NA,NA,0,0,0,0,0,0,0,14,326,336,94,10.5,35.5,8.25,12.2
1995,10,1,20,13.4,971.4,83,0,0.3,1.2,122,NA,NA,0,0,0,0,0,0,0,14,308,320,94,10.6,34.4,8.27,11.8
1995,10,1,21,12,971.6,88.9,0,0.7,2.1,59,NA,NA,0,0,0,0,0,0,0,14,308,319,94,10.2,32.4,8.08,11
1995,10,1,22,11.2,971.7,91.8,0,0,0.6,0,NA,NA,0,0,0,0,0,0,0,14,300,312,94,9.9,31.2,7.91,10.5
1995,10,1,23,10.4,972,90.6,0,0,1,0,NA,NA,0,0,0,0,0,0,0,14,291,308,94,8.9,29.1,7.4,9.6
1995,10,2,0,9.8,972.5,91.7,0,0,0,0,NA,NA,0,0,0,0,0,0,0,14,284,303,94,8.5,27.9,7.18,9.1
1995,10,2,1,9.4,972.5,91.9,0,0.1,1.3,0,NA,NA,0,0,0,0,0,0,0,14,282,301,94,8.2,27.1,7.01,8.8
1995,10,2,2,9.4,972.3,90.9,0,0.4,1.4,228,NA,NA,0,0,0,0,0,0,0,14,285,302,94,8,26.9,6.93,8.7
1995,10,2,3,8.5,972.5,92.9,0,0.2,1.1,14,NA,NA,0,0,0,0,0,0,0,14,279,298,94,7.4,25.3,6.66,7.9
1995,10,2,4,8.4,972.6,91.7,0,0.1,1.1,0,NA,NA,0,0,0,0,0,0,0,14,277,296,94,7.1,24.9,6.53,7.7
1995,10,2,5,8,972.9,91.8,0,0.7,1.4,245,NA,NA,0,0,0,0,0,0,0,14,285,300,94,6.7,24,6.36,7.3
1995,10,2,6,7.9,973.2,91.7,0,0.4,1.4,32,NA,2,49,34,155,214,57,20,22,14,288,305,94,6.6,23.8,6.31,7.2
1995,10,2,7,10.8,973.1,89.8,0,0.5,1.4,295,NA,NA,174,89,323,430,204,53,53,14,304,326,94,9.2,29.8,7.52,9.9
1995,10,2,8,12.8,973.3,83.8,0,0.5,2.3,131,NA,NA,317,134,444,518,381,80,81,14,323,343,94,10.1,33.1,8.01,11.3
1995,10,2,9,14.7,973.2,75.2,0,0.9,2.6,77,NA,NA,427,197,433,432,483,104,105,14,330,357,94,10.4,35.4,8.14,12.2
1995,10,2,10,16.5,972.8,68.3,0,1.5,3.6,65,NA,NA,591,159,709,381,722,109,108,14,339,375,94,10.6,37.6,8.3,13.1
1995,10,2,11,17.6,972.7,66.1,0,0.7,3.5,59,NA,NA,572,207,566,180,678,132,119,14,338,375,94,11.2,39.5,8.62,13.8
1995,10,2,12,19.2,972.3,62.5,0,1,3.3,131,NA,4,576,204,587,124,685,271,119,14,346,386,94,11.9,42.2,9.02,14.8
1995,10,2,13,19.6,972.1,61.3,0,1.2,3.9,131,NA,NA,363,275,153,118,326,250,118,14,348,381,94,12,42.7,9.07,15
1995,10,2,14,20.6,971.8,58.3,0,1.4,4.4,261,NA,NA,361,187,365,97,403,441,96,14,349,385,94,12.1,44,9.18,15.4
1995,10,2,15,20.2,971.7,60.1,0,2,6.5,236,NA,NA,182,140,124,66,165,251,65,14,349,373,94,12.2,43.8,9.24,15.3
1995,10,2,16,19.2,972,61.8,0,1.9,5,224,NA,NA,74,68,36,31,51,97,32,14,344,361,94,11.7,41.9,8.92,14.7
1995,10,2,17,16.8,972.6,74,0,0.8,3.5,135,NA,NA,6,6,0,3,3,2,3,14,368,368,94,12.1,40.1,9.18,14
1995,10,2,18,15.5,973.2,79.2,0,0.9,2.4,111,NA,6,0,0,0,0,0,0,0,14,362,362,94,11.9,38.4,9.04,13.4
1995,10,2,19,14.7,973.1,80.1,0,0.3,2.1,122,NA,NA,1,0,0,0,0,0,0,14,360,360,94,11.3,36.7,8.68,12.7
1995,10,2,20,14.5,972.8,84.7,0,0.9,4.4,14,NA,NA,0,0,0,0,0,0,0,14,322,338,94,12,37.5,9.07,13
1995,10,2,21,14.1,972.7,84.7,0,0.7,3.6,82,NA,NA,1,0,0,0,0,0,0,14,316,330,94,11.6,36.5,8.83,12.6
1995,10,2,22,12.9,972.8,89.5,0,0.2,1.8,329,NA,NA,0,0,0,0,0,0,0,14,312,324,94,11.2,34.7,8.63,11.9
1995,10,2,23,12.3,972.9,91.2,0,0.2,1.2,257,NA,NA,0,0,0,0,0,0,0,14,308,323,94,10.9,33.7,8.45,11.5
1995,10,3,0,12.3,973,90.5,0,0.3,1.3,212,NA,NA,0,0,0,0,0,0,0,14,309,321,94,10.8,33.5,8.38,11.4
1995,10,3,1,12.3,973,90.7,0,0.3,2.3,302,NA,NA,0,0,0,0,0,0,0,14,310,325,94,10.8,33.6,8.4,11.4
1995,10,3,2,12.3,972.9,91.4,0,0.2,1.4,149,NA,NA,1,0,0,0,0,0,0,14,319,330,94,10.9,33.7,8.47,11.5
1995,10,3,3,13.4,973.5,89.1,0,0.9,2.8,239,NA,NA,1,0,0,0,0,0,0,14,329,337,94,11.6,35.9,8.87,12.4
1995,10,3,4,14.7,973.5,87.6,0.1,1.2,3.6,228,NA,NA,1,0,0,0,0,0,0,14,330,343,94,12.7,38.8,9.5,13.5
1995,10,3,5,14.8,973.6,88.8,0,0.7,2.3,262,NA,NA,0,0,0,0,0,0,0,14,372,372,94,13,39.4,9.69,13.7
1995,10,3,6,15.3,974.1,88.7,1.2,1.9,4.7,271,NA,8,3,3,0,0,1,2,2,14,372,372,94,13.4,40.7,10,14.1
1995,10,3,7,15.4,974.2,91.1,1,0.9,2.1,96,NA,NA,32,32,0,12,14,16,16,14,373,373,94,14,41.6,10.34,14.5
1995,10,3,8,15.3,974.2,89.3,0.1,1.3,2.5,65,NA,NA,61,61,0,28,28,29,30,14,367,367,94,13.6,40.8,10.07,14.3
1995,10,3,9,15.6,974.3,90.1,0,0.9,2.7,23,NA,NA,39,39,0,18,17,19,20,14,366,366,94,14,41.9,10.36,14.6
1995,10,3,10,16,974,87.8,0,0.9,1.9,91,NA,NA,240,222,29,128,163,98,99,14,372,374,94,14,42.3,10.36,14.8
1995,10,3,11,17.5,973.5,80.3,0,0.5,2.3,311,NA,NA,398,307,143,162,359,141,130,14,357,380,94,14.1,44,10.43,15.4
1995,10,3,12,18.2,972.9,80.7,0,1.1,2.8,104,NA,7,328,286,66,125,252,157,121,14,364,384,94,14.8,46.1,10.97,16.1
1995,10,3,13,19.7,972.5,73.7,0,0.7,2.9,149,NA,NA,491,325,292,133,507,370,132,14,370,398,94,14.9,47.7,11,16.7
1995,10,3,14,20.2,972.3,70.8,0,1.5,5.8,188,NA,NA,200,188,24,83,137,141,82,14,362,380,94,14.7,48,10.9,16.7
1995,10,3,15,19.9,972,67.8,0,3.9,7.1,234,NA,NA,86,86,0,40,43,45,40,14,357,372,94,13.8,46,10.24,16.1
1995,10,3,16,19.4,971.9,70.4,0,2.7,7.1,233,NA,NA,48,48,0,22,23,25,22,14,356,367,94,13.9,45.7,10.31,16
1995,10,3,17,18.9,972.1,71.9,0,3.9,7.6,237,NA,NA,0,0,0,0,0,0,0,14,352,364,94,13.7,44.9,10.21,15.7
1995,10,3,18,18.4,972.5,75.4,0,3.1,6,239,NA,7,0,0,0,0,0,0,0,14,350,361,94,14,44.8,10.37,15.7
1995,10,3,19,18.1,972.5,77.4,0,1.5,4.3,233,NA,NA,0,0,0,0,0,0,0,14,350,359,94,14.1,44.7,10.45,15.6
1995,10,3,20,17.7,972.7,78.9,0,1.4,3.6,252,NA,NA,1,0,0,0,0,0,0,14,345,354,94,14,44.1,10.38,15.4
1995,10,3,21,17.1,972.6,81.6,0,0.8,3.1,245,NA,NA,0,0,0,0,0,0,0,14,343,352,94,13.9,43.4,10.34,15.1
1995,10,3,22,17.4,972.4,80.1,0,0.9,3.5,202,NA,NA,2,0,0,0,0,0,0,14,348,355,94,13.9,43.7,10.35,15.2
1995,10,3,23,17.7,972.4,78.7,0,2.8,5.8,235,NA,NA,1,0,0,0,0,0,0,14,347,358,94,14,44,10.36,15.4
1995,10,4,0,17.3,972.6,81.3,0,1.7,4.9,219,NA,NA,0,0,0,0,0,0,0,14,344,356,94,14.1,43.8,10.43,15.3
1995,10,4,1,17,972,82.8,0,1.9,3.5,244,NA,NA,1,0,0,0,0,0,0,14,344,356,94,14.1,43.5,10.43,15.2
1995,10,4,2,17,971.7,81.7,0,1.6,3.7,257,NA,NA,0,0,0,0,0,0,0,14,344,356,94,13.9,43.2,10.3,15.1
1995,10,4,3,16.3,971.5,86.6,0,1.6,3.5,252,NA,NA,2,0,0,0,0,0,0,14,340,352,94,14.1,42.8,10.44,14.9
1995,10,4,4,15.6,971.6,89.7,0,0.7,2,70,NA,NA,0,0,0,0,0,0,0,14,340,347,94,13.9,41.8,10.34,14.6
1995,10,4,5,15.3,971.5,89.4,0,0.2,1.9,194,NA,NA,0,0,0,0,0,0,0,14,327,340,94,13.6,40.9,10.11,14.3
1995,10,4,6,14.7,971.7,91.6,0,0.6,2.2,104,NA,7,25,25,0,13,12,11,12,14,326,339,94,13.3,40,9.96,13.9
1995,10,4,7,16.2,971.9,85.9,0,0.5,2.1,298,NA,NA,94,93,6,73,54,41,42,14,336,352,94,13.8,42.3,10.29,14.7
1995,10,4,8,17.3,971.8,80.8,0,0.9,2.1,131,NA,NA,154,151,8,100,89,65,67,14,339,360,94,14,43.7,10.38,15.3
1995,10,4,9,18.6,971.6,75.7,0,1.5,4.4,234,NA,NA,279,232,90,219,240,99,101,14,347,371,94,14.2,45.5,10.56,15.9
1995,10,4,10,19.3,971.1,69.6,0,4.6,8.8,248,NA,NA,258,247,19,139,179,105,106,14,350,372,94,13.6,45.1,10.14,15.8
1995,10,4,11,20.1,970.6,68.2,0,3.4,5.8,254,NA,NA,353,295,91,151,307,134,124,14,369,385,94,14.1,46.7,10.45,16.3
1995,10,4,12,21.4,969.9,63.1,0,3.9,6.9,252,NA,7,436,309,204,137,442,216,130,14,376,393,94,14.1,48.2,10.48,16.8
1995,10,4,13,21.9,969.4,56.3,0,5.1,8.8,244,NA,NA,371,261,195,115,374,278,115,14,376,393,94,12.8,46.5,9.64,16.3
1995,10,4,14,21.2,968.9,58.8,0,5.1,9.6,248,NA,NA,217,199,40,86,158,164,86,14,364,380,94,12.8,45.8,9.65,16
1995,10,4,15,21.9,968.3,57.3,0,4.5,9.5,237,NA,NA,262,102,487,65,334,560,65,14,366,385,94,13.1,47,9.82,16.4
1995,10,4,16,21.1,968.1,57.5,0,4.3,8.5,239,NA,NA,89,58,184,34,106,271,35,14,360,373,94,12.4,45,9.38,15.8
1995,10,4,17,19.4,968.1,63.7,0,1.7,5.5,267,NA,NA,7,0,0,0,0,0,0,14,344,355,94,12.3,43.2,9.35,15.1
1995,10,4,18,18,967.7,71,0,0.6,1.9,231,NA,3,0,0,0,0,0,0,0,14,336,348,94,12.7,42.3,9.56,14.8
1995,10,4,19,16.5,967.8,77.2,0,0.9,2.6,257,NA,NA,0,0,0,0,0,0,0,14,329,343,94,12.5,40.5,9.45,14.1
1995,10,4,20,15.4,967.9,83.2,0,0.7,1.9,86,NA,NA,0,0,0,0,0,0,0,14,324,336,94,12.6,39.5,9.49,13.7
1995,10,4,21,15,968,84.1,0,0,1.4,0,NA,NA,0,0,0,0,0,0,0,14,322,336,94,12.3,38.7,9.35,13.4
1995,10,4,22,14.3,967.9,87.3,0,0.3,1.5,59,NA,NA,0,0,0,0,0,0,0,14,319,333,94,12.2,37.8,9.28,13.1
1995,10,4,23,13.8,967.6,88.7,0,0.7,2.4,51,NA,NA,0,0,0,0,0,0,0,14,325,334,94,12,36.9,9.12,12.7
1995,10,5,0,14,967.6,89,0,0.4,2.2,77,NA,NA,0,0,0,0,0,0,0,14,330,341,94,12.2,37.5,9.28,12.9
1995,10,5,1,14.4,968,90.9,1,1,2.4,247,NA,NA,1,0,0,0,0,0,0,14,334,346,94,12.9,39.1,9.73,13.5
1995,10,5,2,14.7,967.4,91.5,0,1.3,2.7,75,NA,NA,0,0,0,0,0,0,0,14,332,346,94,13.3,40,9.99,13.9
1995,10,5,3,14.6,967.2,91.5,0,0.9,2.6,22,NA,NA,1,0,0,0,0,0,0,14,332,344,94,13.2,39.8,9.93,13.8
1995,10,5,4,14.5,966.9,92,0,1,2.7,72,NA,NA,1,0,0,0,0,0,0,14,332,345,94,13.2,39.7,9.92,13.7
1995,10,5,5,14.5,967.3,92.6,0,0.1,1.3,14,NA,NA,0,0,0,0,0,0,0,14,330,344,94,13.3,39.8,9.98,13.8
1995,10,5,6,14.4,968,93,0,0.4,1.9,356,NA,7,12,12,0,4,6,6,6,14,332,345,94,13.3,39.6,9.96,13.7
1995,10,5,7,15.1,968.1,89.6,0,1,3,55,NA,NA,129,94,141,253,134,48,48,14,337,351,94,13.4,40.6,10.03,14.1
1995,10,5,8,15.6,969.2,86.2,0,0.7,2.4,32,NA,NA,85,85,0,42,41,39,40,14,345,356,94,13.3,40.9,9.96,14.2
1995,10,5,9,15.7,969.7,90.1,1.3,1.2,3.5,234,NA,NA,38,38,0,17,17,19,19,14,347,356,94,14.1,42.3,10.48,14.7
1995,10,5,10,15.8,969.6,91.6,1,1,3.3,81,NA,NA,80,80,0,38,38,38,39,14,347,357,94,14.4,43,10.72,14.9
1995,10,5,11,15.7,969.9,91.9,2.5,0.6,2,93,NA,NA,77,77,0,37,36,37,37,14,369,373,96,14.4,42.8,10.69,14.9
1995,10,5,12,16.1,969.8,90.6,2,0.6,3.1,157,NA,8,95,95,0,46,46,45,46,14,371,374,96,14.6,43.5,10.81,15.2
1995,10,5,13,16.1,970.1,87.1,0.7,1.3,2.9,236,NA,NA,71,71,0,35,33,33,35,14,370,373,96,14,42.5,10.38,14.8
1995,10,5,14,16.1,970.4,87.8,1,0.6,2.6,216,NA,NA,48,48,0,24,21,20,24,14,369,372,96,14.1,42.7,10.47,14.9
1995,10,5,15,15.6,971,89.8,5.4,0.6,2.4,194,NA,NA,16,16,0,8,6,5,8,14,365,368,96,13.9,41.9,10.36,14.6
1995,10,5,16,15.2,971.5,90.9,0.8,0.4,1.3,104,NA,NA,7,7,0,4,3,2,4,14,365,367,96,13.7,41.1,10.21,14.3
1995,10,5,17,15.1,971.9,91,0.2,0.3,1.2,104,NA,NA,1,0,0,0,0,0,0,14,342,355,96,13.6,40.9,10.15,14.2
1995,10,5,18,15,972.1,91.2,0.1,1,4.9,32,NA,8,0,0,0,0,0,0,0,14,342,354,96,13.6,40.6,10.11,14.1
1995,10,5,19,15,972.2,89.8,0,1.4,6.5,14,NA,NA,0,0,0,0,0,0,0,14,341,354,96,13.3,40.2,9.95,14
1995,10,5,20,14.6,972.4,93,0,1.1,2.4,115,NA,NA,0,0,0,0,0,0,0,14,346,355,96,13.5,40.1,10.04,13.9
1995,10,5,21,14.4,972.8,93.4,0,0.3,1.5,14,NA,NA,0,0,0,0,0,0,0,14,346,356,96,13.3,39.6,9.95,13.7
1995,10,5,22,14.5,972.7,92.9,0,0.2,1.3,329,NA,NA,1,0,0,0,0,0,0,14,347,356,96,13.4,39.8,9.96,13.8
1995,10,5,23,14.5,972.7,93.4,0,0.6,1.4,45,NA,NA,0,0,0,0,0,0,0,14,376,376,96,13.4,39.9,10.02,13.8
1995,10,6,0,14.5,972.7,93.4,0,0.7,1.5,41,NA,NA,2,0,0,0,0,0,0,14,376,376,96,13.4,39.9,10.02,13.8
1995,10,6,1,14.4,972.6,93.1,0,1.1,2,51,NA,NA,0,0,0,0,0,0,0,14,374,374,96,13.3,39.5,9.92,13.7
1995,10,6,2,14.2,972.6,92.4,0,0.7,1.7,59,NA,NA,1,0,0,0,0,0,0,14,374,374,96,13,38.8,9.71,13.5
1995,10,6,3,14.1,972.5,92.5,0,0.5,1.5,36,NA,NA,0,0,0,0,0,0,0,14,373,373,96,12.9,38.6,9.66,13.4
1995,10,6,4,14.2,972.6,92.3,0,0.1,1.6,59,NA,NA,0,0,0,0,0,0,0,14,374,374,96,13,38.8,9.7,13.5
1995,10,6,5,14.3,972.6,92.8,0,1,1.8,48,NA,NA,0,0,0,0,0,0,0,14,367,367,96,13.2,39.2,9.82,13.6
1995,10,6,6,14.3,972.8,92.7,0,1,2,31,NA,7,15,15,0,5,7,7,7,14,368,368,96,13.1,39.2,9.81,13.6
1995,10,6,7,14.6,973.2,91,0,0.7,1.5,59,NA,NA,72,72,0,41,37,33,33,14,370,370,96,13.1,39.5,9.81,13.7
1995,10,6,8,14.9,973.5,88.5,0,1.1,2.3,98,NA,NA,121,121,0,69,64,54,55,14,363,370,96,13,39.6,9.73,13.8
1995,10,6,9,15.6,974,85.2,0,1.6,3.4,108,NA,NA,302,233,135,247,276,100,102,14,367,380,96,13.1,40.4,9.79,14.1
1995,10,6,10,16.1,973.8,79.7,0,1.8,3.6,98,NA,NA,365,278,147,213,337,119,120,14,370,384,96,12.6,40.1,9.45,14
1995,10,6,11,17,973.5,75.8,0,0.9,3.4,86,NA,NA,517,266,401,179,592,143,128,14,357,380,94,12.7,41.2,9.52,14.4
1995,10,6,12,17.4,973.1,73.6,0,1.1,3.4,72,NA,6,327,282,74,123,284,164,119,14,351,374,94,12.6,41.5,9.49,14.5
1995,10,6,13,17.7,973.2,72.8,0,0.7,2.7,122,NA,NA,383,251,238,113,401,294,113,14,357,382,94,12.8,42,9.56,14.7
1995,10,6,14,18.5,973.1,69.8,0,0.6,2.9,104,NA,NA,384,139,540,88,496,537,87,14,351,382,94,12.9,43.1,9.64,15.1
1995,10,6,15,18.9,973.2,67.5,0,0.7,2.6,284,NA,NA,264,99,521,67,355,589,67,14,352,379,94,12.8,43.2,9.56,15.2
1995,10,6,16,18.7,973.7,70.1,0,1.2,3.1,121,NA,NA,128,62,427,38,184,513,39,14,350,373,94,13.1,43.7,9.8,15.3
1995,10,6,17,17.4,974.3,78.4,0,0.6,2.1,113,NA,NA,5,0,0,0,0,0,0,14,336,349,94,13.6,43.1,10.1,15.1
1995,10,6,18,16.2,974.9,84.2,0,1.1,5.7,64,NA,4,0,0,0,0,0,0,0,14,330,344,94,13.5,41.7,10.05,14.6
1995,10,6,19,15.4,975.4,87.2,0,0.8,2.4,59,NA,NA,0,0,0,0,0,0,0,14,327,341,94,13.3,40.5,9.88,14.1
1995,10,6,20,14.8,976.1,89.7,0,0.8,2.2,59,NA,NA,0,0,0,0,0,0,0,14,324,337,94,13.1,39.6,9.77,13.8
1995,10,6,21,14,976.6,91.3,0,0.5,1.6,41,NA,NA,0,0,0,0,0,0,0,14,317,331,94,12.6,37.9,9.43,13.2
1995,10,6,22,13.4,976.8,91.4,0,0.2,0.9,257,NA,NA,0,0,0,0,0,0,0,14,316,331,94,12,36.4,9.07,12.6
1995,10,6,23,13.4,976.8,91.4,0,0,0,0,NA,NA,0,0,0,0,0,0,0,14,361,361,94,12,36.4,9.07,12.6
1995,10,7,0,12.6,976.9,92.5,0,0.3,1.2,329,NA,NA,0,0,0,0,0,0,0,14,355,355,94,11.4,34.6,8.71,11.9
1995,10,7,1,12.1,977,91.9,0,0.6,1.6,239,NA,NA,0,0,0,0,0,0,0,14,351,351,94,10.8,33.3,8.37,11.4
1995,10,7,2,11.4,977.1,92.8,0,0.2,1.1,239,NA,NA,0,0,0,0,0,0,0,14,307,320,94,10.3,31.8,8.06,10.8
1995,10,7,3,11.3,977.5,91.9,0,0.2,1.1,239,NA,NA,0,0,0,0,0,0,0,14,300,316,94,10,31.3,7.93,10.6
1995,10,7,4,11.2,978.2,93.1,0,0.5,1.7,48,NA,NA,1,0,0,0,0,0,0,14,308,325,94,10.1,31.4,7.97,10.6
1995,10,7,5,12.8,978.8,93.1,0,0.4,1.3,77,NA,NA,2,0,0,0,0,0,0,14,358,358,94,11.7,35.2,8.87,12.2
1995,10,7,6,13.2,979.3,92,0,0.3,1.4,41,NA,7,25,25,0,14,12,11,12,14,363,363,94,11.9,36,8.99,12.4
1995,10,7,7,13.8,979.7,90.8,0,0.4,2.1,329,NA,NA,46,46,0,20,21,21,22,14,365,365,94,12.3,37.2,9.23,12.9
1995,10,7,8,14.4,979.9,89.7,0,0.8,2.1,302,NA,NA,119,119,0,67,63,53,54,14,371,371,94,12.7,38.4,9.48,13.4
1995,10,7,9,15.1,980.1,87.1,0,1,2.7,212,NA,NA,147,147,0,78,79,66,67,14,372,372,94,13,39.5,9.63,13.8
1995,10,7,10,15.4,980,84.8,0,1.2,3.4,261,NA,NA,128,128,0,63,66,59,60,14,373,373,94,12.9,39.7,9.56,13.9
1995,10,7,11,16.1,979.7,82.1,0,0.5,2.2,59,NA,NA,254,233,34,115,180,107,104,14,379,383,94,13,40.7,9.68,14.2
1995,10,7,12,17.1,979.2,78.3,0,1,3.8,347,NA,7,425,293,218,132,444,213,126,14,388,395,94,13.3,42.1,9.85,14.8
1995,10,7,13,18.3,979,74.2,0,0.3,1.8,329,NA,NA,513,154,655,102,666,457,102,14,391,405,94,13.6,43.9,10.07,15.4
1995,10,7,14,19.2,978.6,72.2,0,0.6,2.4,347,NA,NA,398,79,715,73,553,599,73,14,350,383,94,14.1,45.6,10.38,16
1995,10,7,15,19.4,978.4,70.3,0,0.6,2.1,28,NA,NA,244,79,532,60,346,574,60,14,348,379,94,13.9,45.5,10.23,16
1995,10,7,16,19.1,978.6,73.5,0,0.3,1.4,59,NA,NA,93,48,299,32,138,371,33,14,347,367,94,14.3,45.8,10.5,16.1
1995,10,7,17,17.1,979.4,82.7,0,0.5,1.9,14,NA,NA,4,0,0,0,0,0,0,14,333,345,94,14.1,43.6,10.41,15.2
1995,10,7,18,16,979.9,88.4,0,0.3,2,0,NA,3,0,0,0,0,0,0,0,14,328,340,94,14.1,42.3,10.37,14.8
1995,10,7,19,15,980.3,90.8,0,0.1,1.1,0,NA,NA,0,0,0,0,0,0,0,14,323,334,94,13.5,40.3,9.98,14.1
1995,10,7,20,14.1,980.5,91.7,0,0.1,1.2,14,NA,NA,0,0,0,0,0,0,0,14,310,326,94,12.8,38.2,9.5,13.3
1995,10,7,21,13.2,980.5,92.4,0,0.1,1.3,14,NA,NA,0,0,0,0,0,0,0,14,307,323,94,12,36,9.02,12.5
1995,10,7,22,12.6,980.3,92.7,0,0,0.5,0,NA,NA,0,0,0,0,0,0,0,14,303,319,94,11.5,34.6,8.7,12
1995,10,7,23,12,980.1,92.6,0,0,0,0,NA,NA,1,0,0,0,0,0,0,14,301,317,94,10.8,33.1,8.35,11.3
1995,10,8,0,11.9,980,92.8,0,0,0,0,NA,NA,1,0,0,0,0,0,0,14,299,317,94,10.8,32.9,8.31,11.3
1995,10,8,1,11.9,980.1,95.5,0,0,0.8,0,NA,NA,2,0,0,0,0,0,0,14,303,325,94,11.2,33.5,8.56,11.5
1995,10,8,2,11.9,980.2,98.7,0,0.1,1.2,329,NA,NA,0,0,0,0,0,0,0,14,360,360,94,11.7,34.3,8.85,11.8
1995,10,8,3,11.7,980.5,96.8,0,0.2,1.3,41,NA,NA,1,0,0,0,0,0,0,14,359,359,94,11.2,33.3,8.56,11.4
1995,10,8,4,11.3,980.8,96.6,0,0,0,0,NA,NA,0,0,0,0,0,0,0,14,357,357,94,10.8,32.3,8.31,11
1995,10,8,5,11.5,980.8,98.9,0,0.4,1.4,360,NA,NA,1,0,0,0,0,0,0,14,359,359,94,11.3,33.3,8.62,11.4
1995,10,8,6,11.6,981.1,97.2,0,1,1.9,337,NA,8,21,21,0,11,10,10,10,14,360,360,94,11.2,33.2,8.53,11.4
1995,10,8,7,11.7,981.2,96,0.1,0.3,1.7,329,NA,NA,65,65,0,35,32,30,30,14,364,364,94,11.1,33.1,8.48,11.4
1995,10,8,8,12.9,981.3,92.8,0,0.8,3.4,59,NA,NA,154,148,16,115,102,64,65,14,371,371,94,11.8,35.4,8.87,12.3
1995,10,8,9,15,981.2,87.6,0,1.3,3,62,NA,NA,337,228,216,311,357,102,103,14,379,379,94,13,39.4,9.61,13.8
1995,10,8,10,15.9,980.9,84.9,0,1.4,3.5,100,NA,NA,501,212,498,328,625,116,115,14,386,390,94,13.4,41,9.88,14.4
1995,10,8,11,16.2,980.4,83.8,0,1.3,3.1,113,NA,NA,399,300,162,159,380,139,127,14,358,376,94,13.5,41.4,9.94,14.6
1995,10,8,12,17.9,979.6,75.8,0,1.5,4.5,84,NA,6,550,187,603,118,704,272,113,14,366,391,94,13.6,43.4,10.02,15.2
1995,10,8,13,18.8,979,70.7,0,1.5,3.5,89,NA,NA,482,125,658,94,644,440,94,14,369,393,94,13.4,44,9.9,15.5
1995,10,8,14,19.2,978.4,67.7,0,1.5,3.3,64,NA,NA,392,81,705,73,552,595,73,14,339,378,94,13.1,44,9.72,15.4
1995,10,8,15,19.5,977.9,66.2,0,1.4,3.5,65,NA,NA,236,94,467,63,328,536,63,14,340,373,94,13,44.2,9.69,15.5
1995,10,8,16,18.4,978.1,73.2,0,1.2,2.1,124,NA,NA,60,52,59,27,60,129,27,14,332,354,94,13.5,43.9,10.01,15.4
1995,10,8,17,16.5,978.4,80.2,0,0.7,2,112,NA,NA,2,0,0,0,0,0,0,14,323,339,94,13.1,41.2,9.72,14.4
1995,10,8,18,15.9,978.6,82.7,0,0.3,1.5,104,NA,2,0,0,0,0,0,0,0,14,321,335,94,13,40.4,9.64,14.1
1995,10,8,19,14.9,978.6,87.8,0,0.1,0.9,284,NA,NA,0,0,0,0,0,0,0,14,317,329,94,12.9,39.2,9.6,13.7
1995,10,8,20,13.7,978.7,89.8,0,0.3,1.3,356,NA,NA,0,0,0,0,0,0,0,14,308,323,94,12.1,36.7,9.07,12.8
1995,10,8,21,13.3,978.9,89.9,0,0,0,0,NA,NA,0,0,0,0,0,0,0,14,305,320,94,11.7,35.7,8.84,12.4
1995,10,8,22,12.4,978.7,90.4,0,0,0,0,NA,NA,0,0,0,0,0,0,0,14,299,317,94,10.9,33.6,8.38,11.5
1995,10,8,23,11.9,978.6,90.1,0,0,0,0,NA,NA,0,0,0,0,0,0,0,14,298,315,94,10.3,32.3,8.08,11
1995,10,9,0,11.5,978.6,90.8,0,0,0,0,NA,NA,0,0,0,0,0,0,0,14,296,313,94,10.1,31.5,7.93,10.7
1995,10,9,1,11.2,978.4,90.1,0,0,0,0,NA,NA,0,0,0,0,0,0,0,14,298,315,94,9.6,30.7,7.71,10.3
1995,10,9,2,11.1,978.1,94.1,0,0.1,1,239,NA,NA,0,0,0,0,0,0,0,14,356,356,94,10.2,31.3,8.01,10.6
1995,10,9,3,10.6,977.8,96.7,0,0.1,0.9,284,NA,NA,0,0,0,0,0,0,0,14,355,355,94,10.1,30.7,7.96,10.3
1995,10,9,4,10.8,977.9,96.1,0,0,0.8,0,NA,NA,1,0,0,0,0,0,0,14,356,356,94,10.2,31.1,8.02,10.5
1995,10,9,5,11.5,977.7,96.7,0,0.2,1,311,NA,NA,2,0,0,0,0,0,0,14,360,360,94,11,32.9,8.46,11.2
1995,10,9,6,11.8,977.9,96.3,0,0.4,1.5,329,NA,8,19,19,0,9,9,9,9,14,362,362,94,11.2,33.5,8.59,11.5
1995,10,9,7,12.4,978.2,94.5,0,0.5,2,41,NA,NA,77,77,0,46,40,34,35,14,365,365,94,11.5,34.6,8.77,11.9
1995,10,9,8,13.1,978.1,92.5,0,0.8,2.1,120,NA,NA,105,105,0,57,55,48,49,14,369,369,94,11.9,35.9,8.99,12.4
1995,10,9,9,14,978.1,90,0,0.7,1.9,51,NA,NA,229,212,33,155,169,90,91,14,374,374,94,12.4,37.5,9.28,13.1
1995,10,9,10,14.9,977.5,88.3,0,1,2.5,14,NA,NA,353,270,144,207,333,116,116,14,380,380,94,13,39.4,9.66,13.8
1995,10,9,11,16.9,976.6,83.2,0,0.8,3.3,59,NA,NA,522,217,501,170,656,132,118,14,344,374,94,14,43.2,10.37,15.1
1995,10,9,12,18.3,976,78.9,0,1.6,3.5,100,NA,3,553,124,721,102,742,270,99,14,343,381,94,14.6,45.7,10.75,16
1995,10,9,13,19.2,975.3,72.4,0,1.1,2.7,63,NA,NA,492,102,728,88,676,456,88,14,349,387,94,14.1,45.8,10.44,16
1995,10,9,14,19.3,974.9,68.1,0,2.1,3.6,113,NA,NA,378,93,657,76,536,575,76,14,337,379,94,13.3,44.5,9.88,15.6
1995,10,9,15,19.3,974.6,70.1,0,1.5,2.6,100,NA,NA,234,89,483,62,334,545,62,14,338,375,94,13.7,45.2,10.17,15.8
1995,10,9,16,18,974.6,76.5,0,1,2.1,122,NA,NA,70,48,163,28,94,235,29,14,333,355,94,13.8,44,10.24,15.4
1995,10,9,17,16.4,974.8,83.1,0,0.9,2.2,104,NA,NA,3,0,0,0,0,0,0,14,323,339,94,13.5,41.9,10.04,14.6
1995,10,9,18,15.8,975,83.7,0,0.2,1.3,149,NA,3,0,0,0,0,0,0,0,14,322,335,94,13,40.5,9.73,14.1
1995,10,9,19,15.2,975,86.2,0,0,1,0,NA,NA,0,0,0,0,0,0,0,14,317,331,94,12.9,39.7,9.64,13.8
1995,10,9,20,14.5,974.9,88.8,0,0.1,1.1,14,NA,NA,0,0,0,0,0,0,0,14,315,328,94,12.7,38.6,9.49,13.4
1995,10,9,21,14,975.1,90.1,0,0,0,0,NA,NA,0,0,0,0,0,0,0,14,311,326,94,12.4,37.6,9.32,13.1
1995,10,9,22,12.9,975.2,90.3,0,0.1,0.9,59,NA,NA,0,0,0,0,0,0,0,14,303,319,94,11.4,34.9,8.68,12
1995,10,9,23,12.8,975.1,91,0,0.2,1.1,257,NA,NA,0,0,0,0,0,0,0,14,304,322,94,11.4,34.8,8.7,12
1995,10,10,0,12.3,975,94.8,0,0.3,1.8,329,NA,NA,0,0,0,0,0,0,0,14,306,326,94,11.5,34.5,8.77,11.8
1995,10,10,1,12.1,974.9,94.9,0,0.2,1,257,NA,NA,2,0,0,0,0,0,0,14,302,323,94,11.3,34,8.66,11.6
1995,10,10,2,12.6,974.7,93.6,0,0.5,1.2,262,NA,NA,0,0,0,0,0,0,0,14,365,365,94,11.6,35,8.83,12
1995,10,10,3,11.9,974.5,97.4,0,0,0.7,0,NA,NA,1,0,0,0,0,0,0,14,358,358,94,11.5,34.1,8.78,11.7
1995,10,10,4,12,974.7,94.9,0,0.3,1.1,311,NA,NA,2,0,0,0,0,0,0,14,364,364,94,11.2,33.8,8.61,11.5
1995,10,10,5,12.1,974.8,96.2,0,0.3,1.3,284,NA,NA,1,0,0,0,0,0,0,14,362,362,94,11.5,34.3,8.78,11.8
1995,10,10,6,12.3,975.2,95.6,0,0.4,1.3,302,NA,8,17,17,0,8,8,8,8,14,366,366,94,11.6,34.7,8.84,11.9
1995,10,10,7,12.6,975.4,96.1,0.1,0.7,1.7,293,NA,NA,61,61,0,33,30,28,28,14,368,368,94,12,35.5,9.07,12.2
1995,10,10,8,13.6,975.3,94.7,0,0.6,1.8,14,NA,NA,113,113,0,63,60,51,52,14,372,372,94,12.8,37.8,9.55,13.1
1995,10,10,9,14.4,975.3,92.2,0,0.3,1.7,41,NA,NA,224,208,33,152,166,88,90,14,379,379,94,13.2,39.2,9.79,13.7
1995,10,10,10,16.6,975,84.8,0,0.4,2.3,284,NA,NA,465,230,413,299,563,116,116,14,395,395,94,14,43,10.38,15
1995,10,10,11,18.9,974.6,76.9,0,0.4,3.1,48,NA,NA,507,224,468,167,623,131,118,14,354,385,94,14.8,46.6,10.9,16.3
1995,10,10,12,19.9,974,71,0,1.3,3.3,98,NA,6,540,182,606,116,708,271,111,14,351,388,94,14.5,47.2,10.71,16.5
1995,10,10,13,19.9,973.8,71.5,0,2,3.2,116,NA,NA,365,243,229,110,396,287,109,14,356,387,94,14.6,47.4,10.79,16.6
1995,10,10,14,19.4,973.5,74.9,0,2,3.7,119,NA,NA,163,159,11,71,108,109,71,14,345,369,94,14.8,47.3,10.97,16.5
1995,10,10,15,18.1,973.5,78,0,1.1,2.7,99,NA,NA,107,105,5,47,60,69,47,14,343,364,94,14.2,44.9,10.52,15.7
1995,10,10,16,18,973.8,77.5,0,0.9,1.7,104,NA,NA,50,46,30,23,41,78,23,14,340,356,94,14,44.4,10.38,15.5
1995,10,10,17,16.7,974.1,84.4,0,0.9,1.7,104,NA,NA,2,0,0,0,0,0,0,14,334,343,94,14.1,43.2,10.41,15.1
1995,10,10,18,16.2,974.3,84,0,0.9,2.2,98,NA,5,0,0,0,0,0,0,0,14,331,341,94,13.5,41.7,10.03,14.6
1995,10,10,19,15.4,974.5,85.6,0,0.9,2,91,NA,NA,0,0,0,0,0,0,0,14,326,336,94,13,40,9.7,14
1995,10,10,20,14.3,974.8,89.7,0,0.1,1,14,NA,NA,0,0,0,0,0,0,0,14,321,332,94,12.6,38.3,9.47,13.3
1995,10,10,21,13.8,974.9,89.7,0,0,1.9,0,NA,NA,0,0,0,0,0,0,0,14,312,326,94,12.1,37,9.16,12.8
1995,10,10,22,13.4,974.9,90.1,0,0,1,0,NA,NA,0,0,0,0,0,0,0,14,314,327,94,11.8,36.1,8.96,12.5
1995,10,10,23,12.7,975,90.8,0,0,0.8,0,NA,NA,0,0,0,0,0,0,0,14,303,320,94,11.2,34.5,8.62,11.8
1995,10,11,0,12.4,975,91.1,0,0.2,1,239,NA,NA,0,0,0,0,0,0,0,14,301,318,94,11,33.9,8.48,11.6
1995,10,11,1,11.8,975,90.9,0,0,0.9,0,NA,NA,0,0,0,0,0,0,0,14,298,316,94,10.4,32.4,8.13,11
1995,10,11,2,11.6,974.9,91.2,0,0.1,0.7,284,NA,NA,0,0,0,0,0,0,0,14,298,315,94,10.2,32,8.05,10.8
1995,10,11,3,11.2,974.9,91.1,0,0,0,0,NA,NA,0,0,0,0,0,0,0,14,294,313,94,9.8,31,7.82,10.4
1995,10,11,4,11,975.2,91.2,0,0,0,0,NA,NA,1,0,0,0,0,0,0,14,293,313,94,9.6,30.5,7.73,10.2
1995,10,11,5,11.8,975.1,92.4,0,0,0,0,NA,NA,1,0,0,0,0,0,0,14,362,362,94,10.6,32.7,8.26,11.1
1995,10,11,6,12.4,975.3,97.3,0,0.2,1.8,347,NA,8,15,15,0,7,7,7,7,14,365,365,94,12,35.3,9.06,12.2
1995,10,11,7,12.9,975.5,94.3,0,0.5,1.6,311,NA,NA,57,57,0,29,28,26,27,14,368,368,94,12,35.9,9.07,12.4
1995,10,11,8,13.5,975.6,94.7,0,0.2,1.4,131,NA,NA,103,103,0,56,54,47,48,14,372,372,94,12.7,37.5,9.48,13
1995,10,11,9,14.6,975.6,91.4,0,0.3,1.5,122,NA,NA,170,167,5,95,99,73,75,14,378,378,94,13.2,39.5,9.83,13.8
1995,10,11,10,16.1,975.5,86.7,0,0.6,2.1,59,NA,NA,420,271,263,260,464,120,120,14,389,389,94,13.9,42.2,10.28,14.7
1995,10,11,11,18.4,975,78.5,0,0.5,2.1,59,NA,NA,461,245,361,163,554,133,119,14,349,379,94,14.6,45.8,10.78,16
1995,10,11,12,19.8,974.4,71.7,0,1.1,2.9,131,NA,5,424,263,275,125,471,215,120,14,352,383,94,14.5,47.2,10.75,16.5
1995,10,11,13,21,973.7,67.7,0,1,3.3,257,NA,NA,472,159,597,100,639,435,100,14,361,395,94,14.8,48.9,10.94,17.1
1995,10,11,14,21,973.2,68.6,0,1.5,2.9,100,NA,NA,336,128,490,80,465,492,80,14,359,392,94,15,49.3,11.09,17.2
1995,10,11,15,20.3,973,72.7,0,1.9,3.5,120,NA,NA,196,103,323,60,266,419,60,14,349,378,94,15.2,49,11.27,17
1995,10,11,16,18.5,973.3,77.9,0,1.3,3.1,95,NA,NA,56,45,89,24,65,148,24,14,343,360,94,14.6,45.9,10.78,16.1
1995,10,11,17,17.2,973.7,80.8,0,1.1,3,59,NA,NA,3,0,0,0,0,0,0,14,336,345,94,13.9,43.4,10.29,15.2
1995,10,11,18,16.5,973.8,81.6,0,0.8,2.1,59,NA,2,0,0,0,0,0,0,0,14,333,342,94,13.3,41.7,9.93,14.6
1995,10,11,19,15.4,974.2,85.9,0,0.3,1.1,86,NA,NA,0,0,0,0,0,0,0,14,323,333,94,13.1,40.1,9.74,14
1995,10,11,20,14.6,974.4,88.7,0,0.2,1.3,284,NA,NA,0,0,0,0,0,0,0,14,315,329,94,12.8,38.8,9.55,13.5
1995,10,11,21,14,974.5,89.5,0,0,0.4,0,NA,NA,0,0,0,0,0,0,0,14,313,327,94,12.3,37.5,9.26,13
1995,10,11,22,13.6,974.5,91,0,0.2,1.2,347,NA,NA,0,0,0,0,0,0,0,14,311,325,94,12.2,36.8,9.18,12.8
1995,10,11,23,12.8,974.7,91.3,0,0.1,1.2,0,NA,NA,0,0,0,0,0,0,0,14,301,319,94,11.4,34.9,8.73,12
1995,10,12,0,12.5,974.7,90.9,0,0.1,0.9,329,NA,NA,0,0,0,0,0,0,0,14,306,322,94,11.1,34.1,8.52,11.7
1995,10,12,1,12.8,974.8,90.5,0,0.1,0.8,329,NA,NA,1,0,0,0,0,0,0,14,306,328,94,11.3,34.7,8.65,11.9
1995,10,12,2,13.3,974.5,90.3,0,0.3,1.1,250,NA,NA,1,0,0,0,0,0,0,14,310,331,94,11.7,35.9,8.92,12.4
1995,10,12,3,13.6,974.6,93.6,0,0.3,1.3,257,NA,NA,0,0,0,0,0,0,0,14,312,332,94,12.6,37.5,9.44,13
1995,10,12,4,13.5,974.7,92.2,0,1.1,2,269,NA,NA,1,0,0,0,0,0,0,14,309,331,94,12.3,36.9,9.24,12.8
1995,10,12,5,13.3,975,90.9,0,0.2,1.3,0,NA,NA,0,0,0,0,0,0,0,14,310,328,94,11.8,36,8.98,12.4
1995,10,12,6,13,975.4,91.1,0,0.3,1.4,14,NA,5,19,19,0,11,9,8,9,14,317,331,94,11.6,35.3,8.82,12.2
1995,10,12,7,14.3,975.9,91.1,0,0.5,1.5,59,NA,NA,61,61,0,33,30,28,28,14,324,342,94,12.9,38.6,9.61,13.5
1995,10,12,8,15.1,975.9,89.9,0,0.8,1.8,41,NA,NA,144,138,14,106,95,60,62,14,351,358,94,13.5,40.4,9.99,14.1
1995,10,12,9,16.3,975.6,82.9,0,0.7,2.7,149,NA,NA,363,218,299,365,436,102,103,14,358,370,94,13.4,41.6,9.95,14.5
1995,10,12,10,17.5,975.5,77.7,0,1.1,2.7,110,NA,NA,466,187,497,311,616,108,107,14,366,383,94,13.6,43.1,10.06,15.1
1995,10,12,11,18.8,975,72.4,0,0.7,2.1,90,NA,NA,506,203,510,163,662,127,113,14,347,382,94,13.7,44.7,10.18,15.6
1995,10,12,12,19.6,974.4,72.3,0,2.2,3.9,109,NA,1,495,192,524,115,654,256,110,14,350,386,94,14.5,46.9,10.7,16.4
1995,10,12,13,20.3,974.1,69,0,1.5,3.2,112,NA,NA,430,166,509,99,581,397,99,14,352,389,94,14.4,47.5,10.67,16.6
1995,10,12,14,20.5,973.7,67.4,0,1.6,3,111,NA,NA,318,156,388,87,423,445,86,14,353,385,94,14.3,47.4,10.55,16.6
1995,10,12,15,20,973.5,68.3,0,1.3,2.5,104,NA,NA,161,111,177,57,190,287,57,14,350,374,94,14,46.4,10.37,16.2
1995,10,12,16,19.1,973.5,72.3,0,0.5,1.7,104,NA,NA,39,39,0,18,20,23,18,14,345,358,94,14,45.5,10.38,15.9
1995,10,12,17,17.3,973.8,80.6,0,0.4,1.3,104,NA,NA,0,0,0,0,0,0,0,14,336,344,94,13.9,43.6,10.33,15.2
1995,10,12,18,16.4,974.1,82.4,0,0.2,1.6,194,NA,1,0,0,0,0,0,0,0,14,333,341,94,13.4,41.7,9.97,14.6
1995,10,12,19,15.4,974.5,87.8,0,0.2,1.1,59,NA,NA,0,0,0,0,0,0,0,14,327,336,94,13.4,40.7,9.96,14.2
1995,10,12,20,14.7,974.7,89.2,0,0.1,1.2,14,NA,NA,0,0,0,0,0,0,0,14,314,327,94,12.9,39.2,9.66,13.6
1995,10,12,21,14.1,974.9,89.9,0,0,0,0,NA,NA,0,0,0,0,0,0,0,14,314,327,94,12.5,37.8,9.36,13.1
1995,10,12,22,13.5,974.9,89.7,0,0,0,0,NA,NA,0,0,0,0,0,0,0,14,309,326,94,11.8,36.2,8.98,12.5
1995,10,12,23,13.5,974.9,89.9,0,0.4,1.3,270,NA,NA,0,0,0,0,0,0,0,14,364,364,94,11.9,36.3,9,12.6
1995,10,13,0,14.1,975,89.2,0,0.2,0.9,257,NA,NA,0,0,0,0,0,0,0,14,366,366,94,12.3,37.6,9.29,13
1995,10,13,1,14.4,975.2,88.6,0,0.7,1.5,257,NA,NA,1,0,0,0,0,0,0,14,368,368,94,12.5,38.2,9.41,13.3
1995,10,13,2,14.1,975,90,0,0.3,1.2,318,NA,NA,0,0,0,0,0,0,0,14,365,365,94,12.5,37.9,9.37,13.1
1995,10,13,3,13.4,975.1,90.6,0,0.1,1.2,104,NA,NA,0,0,0,0,0,0,0,14,359,359,94,11.9,36.2,9.01,12.5
1995,10,13,4,12.7,975,90.5,0,0.2,1.2,239,NA,NA,0,0,0,0,0,0,0,14,354,354,94,11.2,34.5,8.59,11.8
1995,10,13,5,12.3,975.2,91.2,0,0.3,1.4,284,NA,NA,0,0,0,0,0,0,0,14,335,335,94,10.9,33.6,8.43,11.5
1995,10,13,6,12.2,975.6,91.4,0,0.2,1.1,14,NA,4,15,15,0,7,7,7,7,14,333,339,94,10.8,33.4,8.39,11.4
1995,10,13,7,13.7,975.8,94.5,0,0.5,1.8,51,NA,NA,55,55,0,28,27,25,26,14,346,352,94,12.8,38,9.58,13.2
1995,10,13,8,14.6,976.3,91,0,0.7,2.1,112,NA,NA,107,107,0,59,56,48,49,14,378,378,94,13.1,39.4,9.78,13.7
1995,10,13,9,15.2,976.3,90.3,0,0.6,2.3,104,NA,NA,141,141,0,75,77,63,64,14,380,380,94,13.6,40.8,10.09,14.2
1995,10,13,10,16.2,975.9,87.1,0,0.9,3.8,28,NA,NA,333,261,130,196,322,112,112,14,387,387,94,14.1,42.6,10.39,14.9
1995,10,13,11,17.7,975,79.2,0,0.8,2.5,41,NA,NA,454,253,342,163,550,135,120,14,342,373,94,14.1,44.1,10.4,15.5
1995,10,13,12,19,974.4,72.2,0,1.1,3,77,NA,2,495,187,538,114,664,258,109,14,345,382,94,13.9,45.2,10.29,15.8
1995,10,13,13,19.5,974,67.5,0,1.1,2.7,99,NA,NA,442,135,598,91,623,419,91,14,348,386,94,13.3,44.8,9.92,15.7
1995,10,13,14,19.8,973.6,65.4,0,1.4,3.1,100,NA,NA,330,120,508,77,473,497,77,14,349,384,94,13.1,44.8,9.8,15.7
1995,10,13,15,19.6,973.4,65.7,0,1.2,2.2,95,NA,NA,185,88,351,54,270,426,54,14,347,374,94,13,44.4,9.72,15.5
1995,10,13,16,18.6,973.4,73.1,0,1,2,110,NA,NA,57,39,151,24,86,210,24,14,340,357,94,13.7,44.5,10.17,15.6
1995,10,13,17,16.7,973.8,79.4,0,0.5,1.8,131,NA,NA,0,0,0,0,0,0,0,14,331,340,94,13.1,41.6,9.79,14.5
1995,10,13,18,15.6,974.2,84.7,0,0.2,1.3,59,NA,2,0,0,0,0,0,0,0,14,327,337,94,13,40.3,9.73,14
1995,10,13,19,15,974.5,87.5,0,0.1,0.9,284,NA,NA,0,0,0,0,0,0,0,14,324,333,94,12.9,39.5,9.67,13.7
1995,10,13,20,14.3,974.7,89.1,0,0,0.8,0,NA,NA,0,0,0,0,0,0,0,14,311,325,94,12.5,38.1,9.4,13.2
1995,10,13,21,13.5,974.6,90.4,0,0,0,0,NA,NA,0,0,0,0,0,0,0,14,308,324,94,12,36.4,9.05,12.6
1995,10,13,22,13.1,974.5,90,0,0,0,0,NA,NA,0,0,0,0,0,0,0,14,306,321,94,11.5,35.3,8.78,12.2
1995,10,13,23,12.7,974.5,90.5,0,0,0,0,NA,NA,0,0,0,0,0,0,0,14,350,350,94,11.2,34.5,8.6,11.8
1995,10,14,0,12.8,974.3,90.3,0,0,0,0,NA,NA,0,0,0,0,0,0,0,14,351,351,94,11.3,34.7,8.64,11.9
1995,10,14,1,12.7,974.1,90.8,0,0,0,0,NA,NA,0,0,0,0,0,0,0,14,350,350,94,11.2,34.5,8.63,11.8
1995,10,14,2,12,973.9,90.5,0,0,0,0,NA,NA,0,0,0,0,0,0,0,14,346,346,94,10.5,32.8,8.21,11.2
1995,10,14,3,12.2,973.9,90.5,0,0.1,1.2,59,NA,NA,1,0,0,0,0,0,0,14,346,346,94,10.7,33.3,8.32,11.3
1995,10,14,4,11.9,973.7,90.9,0,0.1,0.9,194,NA,NA,0,0,0,0,0,0,0,14,347,347,94,10.5,32.6,8.19,11.1
1995,10,14,5,12.3,973.4,91.1,0,0.6,1.3,0,NA,NA,0,0,0,0,0,0,0,14,332,338,94,10.9,33.6,8.44,11.5
1995,10,14,6,12.4,973.7,90.5,0,0.3,1.2,194,NA,6,22,22,0,15,11,9,10,14,337,339,94,10.9,33.7,8.43,11.5
1995,10,14,7,13.5,974,89.9,0,0.4,1.5,318,NA,NA,70,70,0,43,37,31,32,14,342,350,94,11.9,36.3,9.01,12.6
1995,10,14,8,14.6,973.9,86.6,0,0.3,1.3,131,NA,NA,177,149,79,185,158,66,67,14,378,378,94,12.4,38.2,9.32,13.3
1995,10,14,9,15.7,973.9,83.4,0,0.5,2.2,118,NA,NA,303,211,193,283,338,95,96,14,385,385,94,12.9,40.2,9.64,14
1995,10,14,10,16.3,973.5,80.5,0,0.9,3.3,30,NA,NA,303,254,88,178,283,108,108,14,388,388,94,12.9,40.9,9.68,14.2
1995,10,14,11,17.3,973,77.4,0,1,3.3,329,NA,NA,345,277,117,144,332,128,117,14,376,386,94,13.3,42.5,9.92,14.9
1995,10,14,12,18.2,972.4,75.5,0,0.9,4.3,32,NA,6,362,266,168,121,393,191,115,14,384,392,94,13.8,44.3,10.25,15.5
1995,10,14,13,18.8,971.9,72.9,0,1.1,3.2,113,NA,NA,400,226,343,108,496,345,108,14,382,396,94,13.8,45,10.29,15.7
1995,10,14,14,18.3,971.6,73.8,0,1.5,2.6,104,NA,NA,182,169,32,74,136,138,74,14,342,367,94,13.5,44,10.09,15.3
1995,10,14,15,18,971.5,73.3,0,1.1,2.5,104,NA,NA,102,100,7,45,64,77,45,14,340,360,94,13.2,43,9.83,15.1
1995,10,14,16,17.6,971.6,77.9,0,0.8,1.7,81,NA,NA,43,38,49,20,48,101,21,14,338,354,94,13.7,43.5,10.2,15.2
1995,10,14,17,16.8,972.3,81.4,0,0.4,2,48,NA,NA,0,0,0,0,0,0,0,14,335,346,94,13.6,42.5,10.12,14.8
1995,10,14,18,16,972.4,86.3,0,0.5,1.6,104,NA,6,0,0,0,0,0,0,0,14,330,342,94,13.7,41.9,10.2,14.6
1995,10,14,19,15.5,972.7,88.2,0,0,1.1,0,NA,NA,0,0,0,0,0,0,0,14,327,339,94,13.6,41.1,10.09,14.3
1995,10,14,20,14.7,973.1,90.1,0,0,1.2,0,NA,NA,0,0,0,0,0,0,0,14,322,335,94,13.1,39.5,9.78,13.7
1995,10,14,21,14.4,973.2,89.9,0,0,1,0,NA,NA,0,0,0,0,0,0,0,14,322,335,94,12.8,38.7,9.57,13.4
1995,10,14,22,14.4,973.1,90,0,0.2,1.1,59,NA,NA,0,0,0,0,0,0,0,14,321,336,94,12.8,38.7,9.58,13.4
1995,10,14,23,13.8,973.2,91,0,0.1,0.6,14,NA,NA,0,0,0,0,0,0,0,14,316,330,94,12.4,37.4,9.31,13
1995,10,15,0,13.5,973.1,91,0,0,0,0,NA,NA,0,0,0,0,0,0,0,14,318,333,94,12.1,36.6,9.13,12.7
1995,10,15,1,13.6,972.9,90.8,0,0,0,0,NA,NA,1,0,0,0,0,0,0,14,319,333,94,12.1,36.8,9.17,12.7
1995,10,15,2,13.5,972.6,91.2,0,0,0,0,NA,NA,0,0,0,0,0,0,0,14,327,337,94,12.1,36.7,9.15,12.7
1995,10,15,3,13.7,972.4,91.1,0,0,0,0,NA,NA,2,0,0,0,0,0,0,14,326,338,94,12.3,37.2,9.27,12.9
1995,10,15,4,13.8,972.5,91.7,0,0.3,2.2,302,NA,NA,0,0,0,0,0,0,0,14,328,341,94,12.5,37.6,9.39,13
1995,10,15,5,14.1,972.6,91.3,0,0.4,1.2,250,NA,NA,1,0,0,0,0,0,0,14,349,350,94,12.7,38.3,9.53,13.3
1995,10,15,6,14.2,972.9,91.5,0,0.1,1.2,284,NA,7,10,10,0,5,5,5,5,14,354,356,94,12.8,38.6,9.61,13.4
1995,10,15,7,15,973.4,89.5,0,0.2,1.2,131,NA,NA,49,49,0,24,23,23,23,14,358,360,94,13.3,40.1,9.9,14
1995,10,15,8,15.5,973.5,87.5,0,0.9,2.4,125,NA,NA,105,105,0,59,56,47,48,14,375,375,94,13.4,40.9,10,14.2
1995,10,15,9,15.5,973.6,85.2,0,1,2.9,91,NA,NA,153,153,1,84,87,67,69,14,374,375,94,13,40.2,9.73,14
1995,10,15,10,16.2,973.3,81.8,0,0.7,3,284,NA,NA,245,229,29,133,185,98,99,14,379,381,94,13.1,41,9.77,14.3
1995,10,15,11,17.3,972.6,77.4,0,1.1,3.4,262,NA,NA,527,218,535,169,704,133,118,14,369,390,94,13.3,42.5,9.93,14.9
1995,10,15,12,18.2,972.4,74.1,0,0.7,2.5,262,NA,5,494,149,612,103,698,258,99,14,374,394,94,13.5,43.8,10.06,15.3
1995,10,15,13,18.8,972.2,71.5,0,1.2,2.8,146,NA,NA,396,199,392,102,512,353,102,14,376,396,94,13.5,44.5,10.08,15.5
1995,10,15,14,18.9,971.8,69.3,0,0.6,2.4,70,NA,NA,223,175,121,79,237,243,79,14,345,374,94,13.2,43.9,9.83,15.4
1995,10,15,15,19,971.8,69.7,0,0.4,1.3,59,NA,NA,93,93,1,42,51,57,42,14,346,366,94,13.3,44.4,9.95,15.5
1995,10,15,16,18,972,79.8,0,0.5,1.5,90,NA,NA,38,36,25,18,33,62,18,14,340,354,94,14.5,45.3,10.72,15.8
1995,10,15,17,16.7,972.4,84,0,0.6,1.8,93,NA,NA,1,0,0,0,0,0,0,14,356,356,94,14,43.1,10.38,15
1995,10,15,18,16.2,972.6,85.6,0,0.8,1.5,104,NA,7,0,0,0,0,0,0,0,14,353,354,94,13.8,42.2,10.24,14.7
1995,10,15,19,15.8,973,86.8,0,0.1,1.3,14,NA,NA,0,0,0,0,0,0,0,14,351,351,94,13.6,41.5,10.12,14.5
1995,10,15,20,14.8,973.2,89.5,0,0.3,1.2,257,NA,NA,0,0,0,0,0,0,0,14,355,355,94,13.1,39.6,9.78,13.8
1995,10,15,21,14.1,973.1,90.6,0,0,0.7,0,NA,NA,0,0,0,0,0,0,0,14,348,348,94,12.6,38.1,9.45,13.2
1995,10,15,22,13.6,973.1,90.5,0,0.8,1.3,244,NA,NA,0,0,0,0,0,0,0,14,348,348,94,12.1,36.8,9.14,12.7
1995,10,15,23,13.4,973.2,90.6,0,0.5,1.2,239,NA,NA,0,0,0,0,0,0,0,14,355,355,94,11.9,36.3,9.03,12.5
1995,10,16,0,13.6,973.2,90.8,0,0,0,0,NA,NA,0,0,0,0,0,0,0,14,356,356,94,12.1,36.8,9.17,12.7
1995,10,16,1,13.7,973,90.6,0,0,0,0,NA,NA,1,0,0,0,0,0,0,14,356,356,94,12.2,37,9.21,12.8
1995,10,16,2,13.6,973.1,91.1,0,0,1.4,0,NA,NA,0,0,0,0,0,0,0,14,364,364,94,12.2,36.9,9.2,12.8
1995,10,16,3,14.2,973.3,90.7,0,0.2,1,239,NA,NA,1,0,0,0,0,0,0,14,366,366,94,12.7,38.3,9.53,13.3
1995,10,16,4,14.5,973.4,89.9,0,0.2,2.4,59,NA,NA,0,0,0,0,0,0,0,14,370,370,94,12.9,38.9,9.63,13.5
1995,10,16,5,15.1,973.6,89,0,1.1,3.3,43,NA,NA,1,0,0,0,0,0,0,14,372,372,94,13.3,40.2,9.91,14
1995,10,16,6,15.2,973.9,88.9,0,1,2.8,55,NA,7,8,8,0,3,4,4,4,14,373,373,94,13.4,40.5,9.96,14.1
1995,10,16,7,15.5,974.1,86.5,0,1.6,4.2,61,NA,NA,43,43,0,20,20,20,21,14,373,373,94,13.3,40.6,9.88,14.2
1995,10,16,8,15.5,974.2,83.7,0,3.9,8.3,57,NA,NA,88,88,0,46,45,40,41,14,373,373,94,12.8,39.7,9.55,13.9
1995,10,16,9,16.1,974.4,79.7,0,4.8,8.3,61,NA,NA,271,210,131,247,295,92,93,14,381,381,94,12.6,40.1,9.45,14
1995,10,16,10,16.8,974.3,75.8,0,4.9,9.1,61,NA,NA,460,191,498,310,632,108,107,14,382,386,94,12.5,40.7,9.39,14.2
1995,10,16,11,17.1,974.2,72.2,0,4.1,7.1,65,NA,NA,439,227,370,155,559,127,113,14,360,377,94,12.1,40.3,9.12,14.1
1995,10,16,12,17.6,973.9,67.4,0,3.8,6.6,63,NA,4,385,308,138,129,393,197,123,14,360,378,94,11.5,39.9,8.78,14
1995,10,16,13,17.6,973.6,66.8,0,4,6.2,57,NA,NA,335,230,210,103,383,272,103,14,361,377,94,11.4,39.7,8.7,13.9
1995,10,16,14,17.7,973.4,64.9,0,3.5,5.7,57,NA,NA,288,169,300,84,369,381,84,14,367,378,94,11,39.4,8.51,13.8
1995,10,16,15,16.9,973.2,70.8,0,2,4.8,69,NA,NA,103,100,12,45,68,83,45,14,363,368,94,11.6,39.4,8.83,13.8
1995,10,16,16,15.7,973.3,78.3,0,0.9,2.4,30,NA,NA,35,34,7,16,20,29,16,14,355,355,94,11.9,38.7,9.05,13.4
1995,10,16,17,14.1,973.8,85.1,0,0,0.8,0,NA,NA,0,0,0,0,0,0,0,14,325,331,94,11.6,36.6,8.87,12.6
1995,10,16,18,13.2,974.4,88.5,0,0,0,0,NA,2,0,0,0,0,0,0,0,14,322,329,94,11.3,35.2,8.69,12.1
1995,10,16,19,12.9,975,87.3,0,0.1,0.9,104,NA,NA,0,0,0,0,0,0,0,14,317,324,94,10.8,34.2,8.39,11.7
1995,10,16,20,12.2,975.5,89.1,0,0.1,1,329,NA,NA,0,0,0,0,0,0,0,14,325,329,94,10.5,32.9,8.18,11.2
1995,10,16,21,13,975.5,85.4,0,0.1,0.8,0,NA,NA,1,0,0,0,0,0,0,14,329,338,94,10.6,33.9,8.26,11.6
1995,10,16,22,13.6,975.8,84,0,0,0.6,0,NA,NA,0,0,0,0,0,0,0,14,331,342,94,10.9,35,8.45,12
1995,10,16,23,13.6,975.9,86.1,0,0,0,0,NA,NA,1,0,0,0,0,0,0,14,362,362,94,11.3,35.5,8.66,12.3
1995,10,17,0,13.1,976,88.3,0,0,0.8,0,NA,NA,0,0,0,0,0,0,0,14,358,358,94,11.2,34.9,8.6,12
1995,10,17,1,12.9,975.8,88.9,0,0,0.9,0,NA,NA,0,0,0,0,0,0,0,14,358,358,94,11.1,34.5,8.54,11.9
1995,10,17,2,12.6,975.9,90,0,0,0.6,0,NA,NA,0,0,0,0,0,0,0,14,358,358,94,11,34.1,8.48,11.7
1995,10,17,3,12.7,976.1,89.9,0,0,0,0,NA,NA,0,0,0,0,0,0,0,14,356,356,94,11.1,34.3,8.52,11.8
1995,10,17,4,12.6,976.4,90.3,0,0,0,0,NA,NA,1,0,0,0,0,0,0,14,356,356,94,11.1,34.1,8.5,11.7
1995,10,17,5,12.7,976.8,89.7,0,0,0.5,0,NA,NA,0,0,0,0,0,0,0,14,359,359,94,11.1,34.2,8.5,11.8
1995,10,17,6,12.7,977.3,89,0,0.2,0.9,257,NA,7,11,11,0,6,5,5,5,14,359,359,94,10.9,34,8.43,11.7
1995,10,17,7,13.7,977.7,85.6,0,0.1,1.4,14,NA,NA,68,68,0,42,36,30,31,14,365,365,94,11.3,35.6,8.65,12.3
1995,10,17,8,14.6,977.7,82.2,0,0.2,0.4,343,NA,NA,169,144,73,176,154,63,64,14,369,369,94,11.6,36.9,8.81,12.8
1995,10,17,9,15.2,977.7,77.5,0,0.2,1.9,311,NA,NA,232,199,72,185,216,86,87,14,373,375,94,11.3,37.1,8.63,12.9
1995,10,17,10,16.5,977.7,74.2,0,0.5,2.7,239,NA,NA,487,197,542,327,676,111,110,14,378,387,94,11.9,39.3,8.98,13.8
1995,10,17,11,17.4,977.2,70.2,0,0.8,3.5,59,NA,NA,525,116,722,142,773,104,95,14,331,367,94,11.9,40.3,9,14.1
1995,10,17,12,18.4,976.8,67.5,0,1.2,4,99,NA,0,506,115,708,96,748,266,93,14,337,371,94,12.3,41.9,9.23,14.7
1995,10,17,13,19.1,976.6,65.9,0,1.5,2.9,74,NA,NA,440,103,686,84,670,440,85,14,337,373,94,12.6,43.1,9.42,15.1
1995,10,17,14,19.3,976.4,66.1,0,1.5,2.7,79,NA,NA,333,88,628,71,531,549,71,14,339,371,94,12.8,43.7,9.57,15.3
1995,10,17,15,18.6,976.6,67.8,0,2.2,3.8,80,NA,NA,188,70,463,51,321,502,51,14,332,361,94,12.5,42.5,9.39,14.9
1995,10,17,16,17.5,977,73.1,0,1.6,3.1,71,NA,NA,54,33,219,22,108,268,22,14,327,347,94,12.6,41.5,9.44,14.5
1995,10,17,17,15.7,977.6,80.7,0,1,1.7,63,NA,NA,0,0,0,0,0,0,0,14,317,331,94,12.4,39.3,9.29,13.7
1995,10,17,18,15,978.1,83.7,0,0.3,2.2,104,NA,3,0,0,0,0,0,0,0,14,313,326,94,12.3,38.4,9.21,13.4
1995,10,17,19,13.6,978.5,88.6,0,0.1,1.2,239,NA,NA,0,0,0,0,0,0,0,14,306,321,94,11.8,36.1,8.89,12.5
1995,10,17,20,12.4,978.8,91.3,0,0.2,1.2,329,NA,NA,0,0,0,0,0,0,0,14,302,317,94,11,33.8,8.46,11.6
1995,10,17,21,12,978.9,91.2,0,0,0.6,0,NA,NA,0,0,0,0,0,0,0,14,299,313,94,10.6,32.8,8.23,11.2
1995,10,17,22,11.1,978.8,91.4,0,0,0.7,0,NA,NA,0,0,0,0,0,0,0,14,293,310,94,9.8,30.7,7.77,10.4
1995,10,17,23,10.4,979.1,91.6,0,0.2,1,284,NA,NA,0,0,0,0,0,0,0,14,293,309,94,9.1,29.2,7.42,9.7
1995,10,18,0,10.1,979.5,92,0,0.1,1.2,329,NA,NA,0,0,0,0,0,0,0,14,294,308,94,8.9,28.5,7.3,9.5
1995,10,18,1,9.5,979.5,92,0,0.1,1.3,329,NA,NA,0,0,0,0,0,0,0,14,293,308,94,8.3,27.2,7.01,8.9
1995,10,18,2,9.3,979.7,92.2,0,0.2,1.4,284,NA,NA,0,0,0,0,0,0,0,14,311,318,94,8.1,26.8,6.93,8.7
1995,10,18,3,10.2,979.8,92,0,0.5,2.4,311,NA,NA,1,0,0,0,0,0,0,14,317,328,94,9,28.8,7.35,9.5
1995,10,18,4,11,980,96.2,0,0.6,2.7,329,NA,NA,2,0,0,0,0,0,0,14,322,333,94,10.4,31.5,8.12,10.7
1995,10,18,5,11.3,979.9,97.3,0,0.6,1.9,321,NA,NA,2,0,0,0,0,0,0,14,357,357,94,10.9,32.5,8.38,11.1
1995,10,18,6,11.4,980.3,96.5,0,0.5,2,329,NA,8,10,10,0,5,5,5,5,14,359,359,94,10.9,32.5,8.36,11.1
1995,10,18,7,11.8,980.6,93.1,0,0.3,1.5,104,NA,NA,66,66,0,41,35,29,30,14,362,362,94,10.7,32.7,8.28,11.2
1995,10,18,8,12.6,981,88.3,0,0.5,1.8,131,NA,NA,213,138,221,321,273,69,69,14,345,349,94,10.7,33.5,8.27,11.5
1995,10,18,9,13.8,981,84.8,0,0.3,1.8,239,NA,NA,319,178,310,339,422,90,91,14,352,357,94,11.3,35.6,8.6,12.3
1995,10,18,10,15.2,980.8,79.4,0,1,3,271,NA,NA,372,284,166,233,420,117,116,14,357,365,94,11.7,37.6,8.82,13.1
1995,10,18,11,15.8,980.5,79,0,1.6,3.5,254,NA,NA,397,267,230,153,460,132,117,14,331,357,94,12.2,39,9.12,13.7
1995,10,18,12,17,979.8,72.6,0,1.1,3,125,NA,5,440,247,353,122,560,236,116,14,333,363,94,12,40,9.06,14
1995,10,18,13,16.8,979.5,70.4,0,0.9,2,83,NA,NA,128,128,0,60,68,64,59,14,327,352,94,11.4,38.8,8.67,13.6
1995,10,18,14,16.3,979.5,69.1,0,1.3,2.4,118,NA,NA,109,109,0,50,58,57,50,14,374,374,94,10.6,37.2,8.24,13
1995,10,18,15,16.3,979.5,70,0,0.7,1.5,86,NA,NA,75,75,0,35,39,42,34,14,376,376,94,10.8,37.5,8.34,13.1
1995,10,18,16,16.1,979.7,74.1,0,0.7,1.8,104,NA,NA,16,16,0,8,7,6,8,14,373,373,94,11.5,38.3,8.72,13.4
1995,10,18,17,15.5,980.1,75.5,0,0.4,1.2,59,NA,NA,1,0,0,0,0,0,0,14,379,379,94,11.2,37.2,8.55,13
1995,10,18,18,15.1,980.2,77.5,0,0.2,1,104,NA,8,1,0,0,0,0,0,0,14,374,374,94,11.2,36.8,8.55,12.8
1995,10,18,19,14.2,980.4,83.1,0,0.3,1.6,311,NA,NA,0,0,0,0,0,0,0,14,374,374,94,11.4,36.1,8.65,12.6
1995,10,18,20,14.2,980.6,83.3,0,0.1,1.3,149,NA,NA,0,0,0,0,0,0,0,14,374,374,94,11.4,36.2,8.67,12.6
1995,10,18,21,13.9,980.6,86.6,0,0.1,0.9,0,NA,NA,2,0,0,0,0,0,0,14,372,372,94,11.7,36.3,8.84,12.6
1995,10,18,22,13.7,980.6,88.2,0,0.2,1.1,14,NA,NA,0,0,0,0,0,0,0,14,370,370,94,11.8,36.2,8.89,12.6
1995,10,18,23,13.6,980.7,88.1,0,0.2,1.3,221,NA,NA,0,0,0,0,0,0,0,14,370,370,94,11.7,36,8.82,12.5
1995,10,19,0,13,980.6,89.6,0,0.1,1,284,NA,NA,1,0,0,0,0,0,0,14,368,368,94,11.3,34.8,8.63,12
1995,10,19,1,12.5,980.5,90,0,0,0,0,NA,NA,0,0,0,0,0,0,0,14,362,362,94,10.9,33.7,8.38,11.6
1995,10,19,2,11.5,980.3,90.8,0,0,0,0,NA,NA,1,0,0,0,0,0,0,14,295,313,94,10.1,31.5,7.91,10.7
1995,10,19,3,10.9,980.5,90.2,0,0.3,1,257,NA,NA,0,0,0,0,0,0,0,14,294,311,94,9.4,30,7.55,10.1
1995,10,19,4,11.2,980.4,90.6,0,0.3,1.2,257,NA,NA,0,0,0,0,0,0,0,14,292,313,94,9.7,30.8,7.74,10.4
1995,10,19,5,11.1,980.6,90.9,0,0.5,1.5,104,NA,NA,0,0,0,0,0,0,0,14,301,313,94,9.7,30.6,7.71,10.3
1995,10,19,6,10.5,981.2,92.4,0,0.6,1.6,337,NA,1,12,12,0,7,6,6,6,14,304,319,94,9.3,29.5,7.52,9.8
1995,10,19,7,11.5,981.8,97.8,0,0.1,0.9,0,NA,NA,70,68,8,56,44,30,31,14,309,330,94,11.2,33,8.52,11.3
1995,10,19,8,13.1,982.2,92.1,0,0.8,2.2,356,NA,NA,156,135,62,159,141,60,61,14,371,371,94,11.8,35.7,8.91,12.3
1995,10,19,9,14.7,982.2,85.1,0,0.3,2.6,48,NA,NA,340,178,358,365,460,91,92,14,380,380,94,12.2,37.9,9.14,13.2
1995,10,19,10,16.5,981.7,77.1,0,1.2,3.5,34,NA,NA,447,153,559,308,657,98,97,14,386,386,94,12.5,40.1,9.3,14.1
1995,10,19,11,17.8,980.9,72,0,0.8,4,81,NA,NA,511,118,707,140,768,104,94,14,342,370,94,12.7,41.8,9.44,14.7
1995,10,19,12,18.6,980.2,68.1,0,1.2,3.8,104,NA,1,507,98,755,90,776,269,88,14,343,375,94,12.6,42.5,9.4,15
1995,10,19,13,19.3,979.7,62.9,0,0.8,3.1,54,NA,NA,441,87,737,79,697,452,79,14,344,376,94,12.1,42.4,9.07,14.9
1995,10,19,14,19.3,979.3,62.6,0,1.4,3.1,104,NA,NA,322,94,600,72,523,536,72,14,343,374,94,12,42.3,9.03,14.9
1995,10,19,15,19,979.5,64.2,0,1.5,2.8,100,NA,NA,169,69,411,49,296,456,49,14,342,367,94,12.1,42.1,9.08,14.8
1995,10,19,16,17.9,979.6,70.2,0,1,2.1,86,NA,NA,47,28,222,19,106,262,19,14,335,348,94,12.4,41.5,9.27,14.6
1995,10,19,17,16.1,979.7,77.3,0,0.2,1.1,284,NA,NA,1,0,0,0,0,0,0,14,319,334,94,12.1,39.2,9.11,13.7
1995,10,19,18,15.6,980,80.2,0,0.5,1.4,247,NA,1,1,0,0,0,0,0,0,14,316,334,94,12.2,38.8,9.15,13.6
1995,10,19,19,14.7,980.1,83.8,0,0.2,1.7,347,NA,NA,0,0,0,0,0,0,0,14,313,330,94,12,37.6,9.02,13.1
1995,10,19,20,13.7,980.1,86.3,0,0.5,1.9,284,NA,NA,0,0,0,0,0,0,0,14,314,328,94,11.5,35.8,8.7,12.4
1995,10,19,21,13.5,980.1,86.6,0,0.2,1.1,0,NA,NA,0,0,0,0,0,0,0,14,318,331,94,11.3,35.3,8.62,12.2
1995,10,19,22,14,979.6,87,0,0.5,2,284,NA,NA,0,0,0,0,0,0,0,14,321,337,94,11.9,36.7,8.95,12.8
1995,10,19,23,14.3,979.2,86.9,0,0.4,1.9,302,NA,NA,2,0,0,0,0,0,0,14,367,367,94,12.1,37.4,9.12,13
1995,10,20,0,13.9,978.9,87.8,0,0.2,0.9,104,NA,NA,0,0,0,0,0,0,0,14,362,362,94,11.9,36.7,8.98,12.7
1995,10,20,1,13.5,978.5,88.9,0,0,0.5,0,NA,NA,0,0,0,0,0,0,0,14,362,362,94,11.7,36,8.86,12.4
1995,10,20,2,13.5,978,88.7,0,0,0,0,NA,NA,2,0,0,0,0,0,0,14,362,362,94,11.7,35.9,8.85,12.4
1995,10,20,3,13.5,978,88.2,0,0,0,0,NA,NA,0,0,0,0,0,0,0,14,362,362,94,11.6,35.8,8.8,12.4
1995,10,20,4,13.4,977.7,87.7,0,0,0,0,NA,NA,0,0,0,0,0,0,0,14,361,361,94,11.4,35.4,8.69,12.2
1995,10,20,5,13,977.4,88.7,0,0,0,0,NA,NA,1,0,0,0,0,0,0,14,358,358,94,11.2,34.7,8.57,12
1995,10,20,6,12.7,977.5,89,0,0.1,0.9,284,NA,7,8,8,0,4,4,4,4,14,359,359,94,10.9,34,8.43,11.7
1995,10,20,7,13.5,977.5,88.1,0,0.1,1.2,14,NA,NA,58,58,0,34,30,26,27,14,366,366,94,11.6,35.8,8.79,12.4
1995,10,20,8,14.4,977.3,84.5,0,0.3,2.3,41,NA,NA,146,137,28,121,110,59,60,14,368,368,94,11.8,37.1,8.94,12.9
1995,10,20,9,14.7,977.1,81.4,0,1.3,2.8,86,NA,NA,192,181,25,129,145,77,79,14,368,368,94,11.6,37,8.78,12.9
1995,10,20,10,15.7,976.5,77.3,0,0.9,3.5,88,NA,NA,511,187,622,347,744,111,110,14,373,380,94,11.7,38.3,8.9,13.3
1995,10,20,11,16.9,975.5,70.6,0,1,3.6,134,NA,NA,528,92,790,133,815,95,87,14,359,378,94,11.5,39.2,8.79,13.7
1995,10,20,12,16.9,974.9,63.7,0,1.6,3.5,108,NA,4,494,113,711,94,758,267,92,14,355,376,94,10,37,7.92,12.9
1995,10,20,13,17.6,974.5,60.2,0,1.9,3.9,104,NA,NA,444,80,767,81,715,462,81,14,356,377,94,9.8,37.5,7.83,13.1
1995,10,20,14,17.8,974,62.6,0,1.1,3,41,NA,NA,314,123,513,77,491,500,76,14,350,372,94,10.6,38.8,8.25,13.6
1995,10,20,15,17,974,68.5,0,1.3,2.9,72,NA,NA,119,88,129,46,152,219,45,14,346,358,94,11.2,38.8,8.59,13.6
1995,10,20,16,16.1,974.2,71.1,0,1.5,3.6,260,NA,NA,36,28,98,17,62,141,17,14,344,351,94,10.9,37.5,8.42,13.1
1995,10,20,17,14.7,974.6,71.8,0,2.7,4.5,255,NA,NA,1,0,0,0,0,0,0,14,358,358,94,9.7,34.4,7.76,11.9
1995,10,20,18,14,974.9,75.1,0,2.1,4.6,271,NA,6,0,0,0,0,0,0,0,14,355,356,94,9.7,33.7,7.75,11.6
1995,10,20,19,13.4,975,75,0,2.2,4.2,271,NA,NA,0,0,0,0,0,0,0,14,350,351,94,9.1,32.3,7.44,11
1995,10,20,20,12.6,975,76.8,0,1.5,3.2,280,NA,NA,0,0,0,0,0,0,0,14,337,340,94,8.6,30.9,7.23,10.4
1995,10,20,21,11.9,974.9,79,0,0.3,1.6,311,NA,NA,0,0,0,0,0,0,0,14,337,337,94,8.4,29.9,7.1,10
1995,10,20,22,12.4,974.5,75.5,0,2.1,6.4,84,NA,NA,0,0,0,0,0,0,0,14,338,342,94,8.2,30.2,7.01,10.1
1995,10,20,23,12.1,974.5,72.8,0,3.8,7.3,73,NA,NA,0,0,0,0,0,0,0,14,344,345,94,7.4,28.9,6.63,9.6
1995,10,21,0,11.8,974.2,73.3,0,3.8,9,69,NA,NA,0,0,0,0,0,0,0,14,342,344,94,7.2,28.4,6.54,9.4
1995,10,21,1,11.5,973.9,72,0,4.4,8.5,67,NA,NA,0,0,0,0,0,0,0,14,341,342,94,6.6,27.4,6.3,8.9
1995,10,21,2,11.1,973.4,73.6,0,3,5.6,58,NA,NA,0,0,0,0,0,0,0,14,346,346,94,6.6,27,6.27,8.8
1995,10,21,3,11.1,973,70.1,0,4.9,10.4,72,NA,NA,0,0,0,0,0,0,0,14,347,347,94,5.9,26.2,5.98,8.4
1995,10,21,4,11,973,70.6,0,5.6,10.5,64,NA,NA,0,0,0,0,0,0,0,14,346,346,94,5.9,26.1,5.98,8.4
1995,10,21,5,10.5,972.9,71.8,0,4.4,8.1,57,NA,NA,0,0,0,0,0,0,0,14,335,337,94,5.6,25.4,5.88,8
1995,10,21,6,10.2,973.1,72.3,0,4,7.2,42,NA,6,6,6,0,2,3,3,3,14,334,337,94,5.4,24.9,5.8,7.8
1995,10,21,7,10.5,973.1,72,0,3.5,6,36,NA,NA,35,35,0,15,16,16,17,14,336,339,94,5.7,25.4,5.9,8.1
1995,10,21,8,11.1,973.1,72.1,0,3.9,7.8,56,NA,NA,104,104,0,60,57,46,47,14,340,344,94,6.3,26.7,6.15,8.6
1995,10,21,9,11.6,973.3,71.4,0,4.1,7.5,68,NA,NA,154,154,1,86,91,67,69,14,342,347,94,6.6,27.5,6.29,9
1995,10,21,10,12,973.1,69.6,0,4.1,7.8,70,NA,NA,230,199,61,136,212,89,89,14,343,349,94,6.6,28,6.3,9.2
1995,10,21,11,13,972.3,65.7,0,4.1,8.7,70,NA,NA,481,213,491,159,678,129,113,14,307,338,94,6.7,29.1,6.36,9.7
1995,10,21,12,13.8,972.2,63.6,0,5.3,9.4,61,NA,1,496,106,735,92,773,269,90,14,312,341,94,7,30.3,6.48,10.2
1995,10,21,13,14.1,971.9,60.9,0,5,8.8,68,NA,NA,434,108,693,86,694,449,86,14,310,342,94,6.7,30.2,6.33,10.2
1995,10,21,14,14,971.7,60.1,0,5.1,9,60,NA,NA,296,118,483,74,469,475,74,14,318,343,94,6.4,29.8,6.21,10
1995,10,21,15,13.8,971.8,59,0,4.6,7.7,50,NA,NA,147,82,279,48,237,353,48,14,315,339,94,5.9,29.1,6.01,9.7
1995,10,21,16,13.1,971.8,61,0,4.1,6.9,43,NA,NA,9,9,0,5,4,2,5,14,312,334,94,5.8,28.2,5.94,9.3
1995,10,21,17,12.8,972,62.5,0,4.3,7.4,45,NA,NA,0,0,0,0,0,0,0,14,355,355,94,5.8,27.9,5.97,9.2
1995,10,21,18,12.4,972.2,65.5,0,4.2,6.7,43,NA,7,0,0,0,0,0,0,0,14,353,353,94,6.1,27.8,6.09,9.1
1995,10,21,19,12.2,972.4,67.3,0,3.7,6.3,48,NA,NA,0,0,0,0,0,0,0,14,352,352,94,6.3,27.8,6.18,9.1
1995,10,21,20,12,972.6,69.9,0,3.5,8.1,53,NA,NA,1,0,0,0,0,0,0,14,351,351,94,6.7,28,6.33,9.2
1995,10,21,21,11.8,972.7,72.5,0,3.8,7.8,64,NA,NA,0,0,0,0,0,0,0,14,351,351,94,7,28.2,6.48,9.3
1995,10,21,22,11.5,972.9,74.6,0,3.3,6.5,65,NA,NA,0,0,0,0,0,0,0,14,350,350,94,7.2,28,6.54,9.2
1995,10,21,23,11.3,972.9,76,0,2.2,5.6,55,NA,NA,0,0,0,0,0,0,0,14,348,348,94,7.2,27.9,6.57,9.1
1995,10,22,0,10.9,972.8,76.8,0,1.6,2.9,25,NA,NA,0,0,0,0,0,0,0,14,346,346,94,7,27.3,6.47,8.9
1995,10,22,1,10.7,972.6,77.9,0,1.3,2.2,32,NA,NA,2,0,0,0,0,0,0,14,345,345,94,7,27.1,6.47,8.8
1995,10,22,2,9.9,972.5,81.9,0,0.3,1.4,41,NA,NA,0,0,0,0,0,0,0,14,341,341,94,7,26.2,6.45,8.4
1995,10,22,3,10,972.5,83.1,0,0.1,0.9,59,NA,NA,0,0,0,0,0,0,0,14,343,343,94,7.3,26.7,6.59,8.6
1995,10,22,4,10.1,972.6,82.1,0,0.3,2,86,NA,NA,0,0,0,0,0,0,0,14,344,344,94,7.2,26.7,6.56,8.6
1995,10,22,5,9.7,972.9,85.9,0,1.1,2.3,59,NA,NA,0,0,0,0,0,0,0,14,349,349,94,7.5,26.6,6.68,8.5
1995,10,22,6,10.3,973.4,82.1,0,1.8,4.2,77,NA,8,8,8,0,4,4,4,4,14,353,353,94,7.4,27.1,6.64,8.8
1995,10,22,7,10.1,973.7,82.8,0,1.3,3.5,27,NA,NA,51,51,0,28,26,23,24,14,352,352,94,7.3,26.8,6.6,8.6
1995,10,22,8,10.7,973.9,78.9,0,1.7,3.5,64,NA,NA,83,83,0,44,43,38,39,14,346,346,94,7.2,27.3,6.55,8.9
1995,10,22,9,11.1,974,76.4,0,1.4,3.5,65,NA,NA,148,148,1,82,87,65,66,14,349,350,94,7.1,27.6,6.51,9
1995,10,22,10,11.6,973.9,74.1,0,1.5,4,26,NA,NA,214,192,44,117,168,85,86,14,351,353,94,7.1,28.1,6.53,9.2
1995,10,22,11,12.3,973.5,71.3,0,1.3,3.3,34,NA,NA,405,256,274,151,497,130,115,14,315,343,94,7.3,29,6.58,9.6
1995,10,22,12,13.2,973.2,70.2,0,1.3,3.3,100,NA,2,482,157,618,104,731,266,100,14,320,350,94,7.9,30.6,6.88,10.3
1995,10,22,13,13.7,972.9,67.3,0,1.5,3.5,96,NA,NA,420,94,702,80,686,441,80,14,320,351,94,7.8,31,6.82,10.5
1995,10,22,14,14,972.9,66.8,0,1.6,3,108,NA,NA,306,86,607,68,526,531,68,14,304,341,94,7.9,31.5,6.9,10.7
1995,10,22,15,14.1,972.7,68.5,0,1.4,3,104,NA,NA,158,69,394,47,291,439,47,14,303,335,94,8.4,32.2,7.12,11
1995,10,22,16,13.2,973.1,73.3,0,1.1,2,104,NA,NA,36,26,136,17,76,177,17,14,299,320,94,8.5,31.4,7.19,10.6
1995,10,22,17,11.5,973.6,80.9,0,0.6,2.4,67,NA,NA,0,0,0,0,0,0,0,14,291,308,94,8.3,29.4,7.09,9.8
1995,10,22,18,10.8,974.1,84.3,0,0.2,1.4,59,NA,0,0,0,0,0,0,0,0,14,288,306,94,8.3,28.6,7.05,9.5
1995,10,22,19,9.7,974.5,86.6,0,0,0.9,0,NA,NA,0,0,0,0,0,0,0,14,282,301,94,7.6,26.7,6.72,8.6
1995,10,22,20,9.1,975,87.4,0,0.1,1.5,239,NA,NA,0,0,0,0,0,0,0,14,280,300,94,7.1,25.5,6.51,8.1
1995,10,22,21,8.4,975.4,88.4,0,0,0.8,0,NA,NA,0,0,0,0,0,0,0,14,275,296,94,6.6,24.2,6.27,7.5
1995,10,22,22,7.9,975.6,88.9,0,0,0.1,0,NA,NA,0,0,0,0,0,0,0,14,273,293,94,6.2,23.3,6.1,7
1995,10,22,23,7.4,975.9,89.1,0,0,0,0,NA,NA,0,0,0,0,0,0,0,14,273,293,94,5.7,22.3,5.9,6.6
1995,10,23,0,7.2,976.1,89.3,0,0,0.6,0,NA,NA,0,0,0,0,0,0,0,14,270,291,94,5.6,21.9,5.83,6.4
1995,10,23,1,6.7,976,89.4,0,0.2,1.2,257,NA,NA,0,0,0,0,0,0,0,14,268,290,94,5.1,20.9,5.64,5.9
1995,10,23,2,6.7,976,89.9,0,0.2,0.9,257,NA,NA,0,0,0,0,0,0,0,14,283,296,94,5.2,21,5.67,6
1995,10,23,3,6.6,976.2,90.9,0,0,0.7,0,NA,NA,1,0,0,0,0,0,0,14,288,302,94,5.2,20.9,5.69,5.9
1995,10,23,4,7.6,976.4,95.6,0,0.6,1.5,262,NA,NA,2,0,0,0,0,0,0,14,294,310,94,6.9,23.8,6.42,7.2
1995,10,23,5,8.2,976.5,94.4,0,1,1.7,252,NA,NA,2,0,0,0,0,0,0,14,341,341,94,7.4,24.9,6.61,7.8
1995,10,23,6,8.4,977.1,93.4,0,0.6,1.2,293,NA,8,6,6,0,3,3,3,3,14,344,344,94,7.4,25.1,6.62,7.9
1995,10,23,7,9.5,977.6,91,0,0.6,1.9,295,NA,NA,35,35,0,15,16,16,17,14,350,350,94,8.1,27,6.95,8.8
1995,10,23,8,10.3,977.8,88.9,0,0.7,2.1,300,NA,NA,75,75,0,38,37,35,35,14,355,355,94,8.6,28.4,7.16,9.4
1995,10,23,9,11,977.8,86.4,0,0.9,2.2,290,NA,NA,158,155,8,91,99,68,69,14,357,357,94,8.8,29.4,7.3,9.8
1995,10,23,10,11.7,977.5,80.7,0,0.6,2.7,59,NA,NA,238,198,81,142,230,89,89,14,362,362,94,8.5,29.8,7.14,10
1995,10,23,11,12.7,977,77.4,0,1,2.4,149,NA,NA,518,177,636,156,780,122,108,14,348,360,94,8.9,31.2,7.32,10.6
1995,10,23,12,13.7,976.6,74.2,0,0.9,3,140,NA,6,468,122,664,96,736,261,92,14,354,367,94,9.2,32.7,7.49,11.2
1995,10,23,13,14.5,976.1,70,0,0.5,3.5,70,NA,NA,402,108,638,83,655,422,83,14,359,369,94,9.1,33.4,7.45,11.5
1995,10,23,14,14.7,975.7,69.9,0,1,2.7,86,NA,NA,294,93,562,69,505,507,69,14,310,346,94,9.3,33.8,7.54,11.7
1995,10,23,15,14.5,975.5,70.3,0,1,2.5,98,NA,NA,154,67,392,46,289,435,46,14,307,338,94,9.2,33.5,7.49,11.5
1995,10,23,16,13.6,975.7,72.8,0,0.7,1.7,104,NA,NA,34,25,138,16,76,175,16,14,300,318,94,8.8,32.1,7.31,10.9
1995,10,23,17,11.5,976,80.8,0,0.1,1,284,NA,NA,0,0,0,0,0,0,0,14,289,305,94,8.3,29.4,7.06,9.8
1995,10,23,18,10.6,976.2,83.9,0,0,0.4,0,NA,0,0,0,0,0,0,0,0,14,288,306,94,8,28.1,6.91,9.2
1995,10,23,19,10,976.4,86.6,0,0,0.7,0,NA,NA,0,0,0,0,0,0,0,14,286,301,94,7.9,27.3,6.85,8.9
1995,10,23,20,9,976.5,88.6,0,0,0.9,0,NA,NA,0,0,0,0,0,0,0,14,279,298,94,7.2,25.5,6.54,8.1
1995,10,23,21,8.2,976.5,89,0,0,0,0,NA,NA,0,0,0,0,0,0,0,14,278,297,94,6.5,23.9,6.22,7.3
1995,10,23,22,7.7,976.3,88.5,0,0,1.1,0,NA,NA,0,0,0,0,0,0,0,14,272,292,94,5.9,22.8,5.98,6.8
1995,10,23,23,7.2,976.3,89.7,0,0,0,0,NA,NA,0,0,0,0,0,0,0,14,269,290,94,5.6,21.9,5.86,6.4
1995,10,24,0,6.8,976.3,90.4,0,0,0.7,0,NA,NA,0,0,0,0,0,0,0,14,268,289,94,5.3,21.3,5.74,6.1
1995,10,24,1,6.5,976.2,89.1,0,0.3,1.1,239,NA,NA,0,0,0,0,0,0,0,14,267,288,94,4.8,20.4,5.54,5.7
1995,10,24,2,6.2,976.2,88.4,0,0.5,1.8,257,NA,NA,0,0,0,0,0,0,0,14,273,290,94,4.4,19.7,5.38,5.3
1995,10,24,3,7,976,91.5,0,1.3,2,257,NA,NA,1,0,0,0,0,0,0,14,281,300,94,5.7,21.8,5.89,6.4
1995,10,24,4,6.8,975.8,99.3,0,0.3,1.2,284,NA,NA,2,0,0,0,0,0,0,14,279,303,94,6.7,22.7,6.32,6.7
1995,10,24,5,7.1,975.5,97.1,0,0.5,1.3,347,NA,NA,2,0,0,0,0,0,0,14,336,336,94,6.7,23,6.31,6.9
1995,10,24,6,8.2,975.7,93.7,0,0.7,1.5,323,NA,8,7,7,0,4,3,3,3,14,343,343,94,7.2,24.7,6.56,7.7
1995,10,24,7,9,975.8,90.9,0,0.7,1.7,335,NA,NA,28,28,0,11,12,14,14,14,348,348,94,7.6,26,6.72,8.3
1995,10,24,8,9.9,975.8,90.3,0,0.6,2,347,NA,NA,76,76,0,39,38,35,36,14,351,351,94,8.4,27.8,7.1,9.1
1995,10,24,9,10.2,975.4,83.9,0,0.9,2.8,300,NA,NA,129,129,0,69,72,58,59,14,353,353,94,7.6,27.2,6.73,8.8
1995,10,24,10,10.8,974.8,82.2,0,0.8,3.1,104,NA,NA,209,199,21,114,159,86,87,14,355,355,94,7.9,28.2,6.87,9.3
1995,10,24,11,11.3,974.2,80.4,0,0.9,3.2,233,NA,NA,288,238,95,124,290,112,103,14,351,353,94,8.1,28.9,6.95,9.6
1995,10,24,12,12.2,973.2,78.6,0,1.1,2.9,194,NA,7,466,160,594,104,718,262,100,14,357,364,94,8.6,30.5,7.22,10.2
1995,10,24,13,13.2,972.5,76.6,0,1,2.8,131,NA,NA,397,107,637,83,655,420,83,14,361,367,94,9.2,32.3,7.52,11
1995,10,24,14,13.4,971.9,76.4,0,1,2.9,194,NA,NA,285,96,536,69,492,492,69,14,305,339,94,9.3,32.7,7.6,11.1
1995,10,24,15,13,971.4,78.5,0,1.1,2.7,244,NA,NA,145,69,351,46,270,402,46,14,300,329,94,9.4,32.3,7.62,11
1995,10,24,16,11.5,971.3,83.9,0,1.8,3.1,265,NA,NA,30,22,134,15,73,168,15,14,291,314,94,8.9,30.2,7.37,10.1
1995,10,24,17,10.2,971.6,87.8,0,1,2.3,278,NA,NA,0,0,0,0,0,0,0,14,287,305,94,8.3,28.1,7.07,9.2
1995,10,24,18,9.9,971.7,88.9,0,0.6,1.9,262,NA,0,0,0,0,0,0,0,0,14,281,302,94,8.2,27.6,7.02,9
1995,10,24,19,9.1,971.6,89.8,0,0.7,2.3,275,NA,NA,0,0,0,0,0,0,0,14,281,300,94,7.5,26,6.71,8.3
1995,10,24,20,7.9,971.6,89.8,0,0.7,1.7,266,NA,NA,0,0,0,0,0,0,0,14,268,292,94,6.3,23.5,6.18,7.1
1995,10,24,21,7.2,972,90.2,0,0.4,1.4,257,NA,NA,0,0,0,0,0,0,0,14,270,291,94,5.7,22.1,5.92,6.5
1995,10,24,22,7,972.3,88.8,0,1.1,1.9,250,NA,NA,0,0,0,0,0,0,0,14,272,294,94,5.3,21.5,5.74,6.2
1995,10,24,23,7.5,972.4,94.9,0,0.4,2.2,302,NA,NA,2,0,0,0,0,0,0,14,342,342,94,6.7,23.5,6.35,7.1
1995,10,25,0,8.3,972.5,96.2,0,0.7,2.3,257,NA,NA,2,0,0,0,0,0,0,14,343,343,94,7.7,25.5,6.81,8
1995,10,25,1,8.4,972.8,94.7,0,1.5,3,256,NA,NA,2,0,0,0,0,0,0,14,342,342,94,7.6,25.4,6.74,8
1995,10,25,2,8.5,973,96,0,0.7,2.5,311,NA,NA,2,0,0,0,0,0,0,14,345,345,94,7.9,25.9,6.88,8.2
1995,10,25,3,8.8,973,94.7,0,0.8,2,324,NA,NA,0,0,0,0,0,0,0,14,344,344,94,8,26.3,6.93,8.4
1995,10,25,4,8.7,973.1,95,0,0.5,1.6,298,NA,NA,1,0,0,0,0,0,0,14,344,344,94,7.9,26.1,6.9,8.3
1995,10,25,5,8.7,973.7,93.8,0,1.1,2.5,274,NA,NA,0,0,0,0,0,0,0,14,344,344,94,7.8,25.9,6.81,8.2
1995,10,25,6,8.5,974.3,94,0,1,2,302,NA,8,3,3,0,1,1,1,1,14,343,343,94,7.6,25.5,6.73,8
1995,10,25,7,8.7,975,91.9,0,0.7,2.5,323,NA,NA,39,39,0,18,18,18,18,14,347,347,94,7.5,25.5,6.66,8.1
1995,10,25,8,9.7,975.3,89.1,0,0.1,1.4,59,NA,NA,98,98,0,56,54,44,45,14,321,331,94,8,27.2,6.91,8.8
1995,10,25,9,10.8,975.5,86.4,0,0.1,1,14,NA,NA,166,160,15,107,121,70,71,14,325,336,94,8.6,29,7.22,9.6
1995,10,25,10,11.6,975.8,83.7,0,0.6,1.8,321,NA,NA,126,126,0,62,67,57,58,14,327,339,94,8.9,30.2,7.37,10.1
1995,10,25,11,12,975.7,82.2,0,0.5,1.8,295,NA,NA,126,126,0,60,66,58,59,14,339,347,94,9.1,30.8,7.43,10.4
1995,10,25,12,12.2,975.7,82.5,0.1,0.5,1.8,298,NA,8,79,79,0,39,37,37,38,14,340,345,94,9.3,31.3,7.56,10.6
1995,10,25,13,12.5,975.8,85.4,0.3,0.8,2.5,67,NA,NA,87,87,0,42,43,41,42,14,340,346,94,10.1,32.7,7.99,11.1
1995,10,25,14,12.7,975.9,85.4,0,0.4,2.2,118,NA,NA,50,50,0,24,22,21,24,14,343,347,94,10.3,33.2,8.09,11.3
1995,10,25,15,13.4,975.8,82.9,0,0.6,1.9,104,NA,NA,108,84,111,43,142,198,42,14,345,350,94,10.6,34.2,8.23,11.8
1995,10,25,16,13,976,83.6,0,1.1,2.3,36,NA,NA,28,25,66,14,48,103,14,14,342,343,94,10.3,33.5,8.08,11.5
1995,10,25,17,12.1,976.2,87.3,0,0.2,1.5,104,NA,NA,0,0,0,0,0,0,0,14,320,327,94,10.1,32.2,7.95,11
1995,10,25,18,11.4,976.5,89.1,0,0.1,1.2,284,NA,3,0,0,0,0,0,0,0,14,318,324,94,9.7,31,7.74,10.5
1995,10,25,19,11.3,976.6,90.8,0,0,1.1,0,NA,NA,0,0,0,0,0,0,0,14,321,329,94,9.9,31.1,7.84,10.5
1995,10,25,20,11,976.8,91.3,0,0,1,0,NA,NA,0,0,0,0,0,0,0,14,315,320,94,9.6,30.5,7.72,10.2
1995,10,25,21,9.7,976.9,93.1,0,0,0.6,0,NA,NA,0,0,0,0,0,0,0,14,305,313,94,8.6,27.9,7.21,9.1
1995,10,25,22,8.5,976.7,94.9,0,0.5,1.5,262,NA,NA,0,0,0,0,0,0,0,14,306,315,94,7.7,25.6,6.78,8.1
1995,10,25,23,9.7,976.6,93.3,0,1.1,1.7,262,NA,NA,0,0,0,0,0,0,0,14,320,328,94,8.7,28,7.23,9.2
1995,10,26,0,10.2,976.6,92.9,0,0.7,1.8,306,NA,NA,1,0,0,0,0,0,0,14,321,330,94,9.1,29,7.45,9.6
1995,10,26,1,10.6,976.5,92.9,0,0.1,1.5,194,NA,NA,0,0,0,0,0,0,0,14,325,332,94,9.5,29.9,7.65,10
1995,10,26,2,10.9,976.5,92.6,0,0,0.7,0,NA,NA,0,0,0,0,0,0,0,14,341,341,94,9.7,30.6,7.78,10.2
1995,10,26,3,11,976.2,92.2,0,0.5,1.1,284,NA,NA,0,0,0,0,0,0,0,14,341,341,94,9.8,30.7,7.8,10.3
1995,10,26,4,11.2,976.2,91.8,0,0.3,1.6,104,NA,NA,0,0,0,0,0,0,0,14,342,342,94,9.9,31.1,7.88,10.5
1995,10,26,5,11.1,975.9,91,0,0.3,1.6,302,NA,NA,2,0,0,0,0,0,0,14,356,356,94,9.7,30.7,7.76,10.3
1995,10,26,6,11,976.2,92.2,0,0.8,2.1,324,NA,8,1,0,0,0,0,0,0,14,356,356,94,9.8,30.7,7.8,10.3
1995,10,26,7,10.9,976.7,91.1,0,1,2.5,14,NA,NA,17,17,0,5,7,8,9,14,355,355,94,9.5,30.2,7.65,10.1
1995,10,26,8,10.8,976.8,89.7,0,1,2,117,NA,NA,54,54,0,24,25,25,26,14,355,355,94,9.2,29.7,7.48,9.9
1995,10,26,9,11.1,976.4,88.2,0,0.7,1.8,112,NA,NA,82,82,0,40,40,38,39,14,357,357,94,9.2,30.1,7.51,10.1
1995,10,26,10,11.2,976.1,86.5,0,0.4,1.5,180,NA,NA,97,97,0,47,48,45,46,14,357,357,94,9,30,7.42,10
1995,10,26,11,11.7,975.5,85.5,0,0.5,1.9,77,NA,NA,193,188,10,89,123,85,84,14,361,361,94,9.4,30.9,7.58,10.4
1995,10,26,12,12.4,974.8,82.7,0,0.7,2.5,266,NA,8,218,206,25,92,171,110,89,14,365,365,94,9.5,31.9,7.69,10.8
1995,10,26,13,12.7,974.2,82.5,0,0.7,2.4,340,NA,NA,264,200,144,90,316,220,89,14,366,366,94,9.8,32.5,7.83,11.1
1995,10,26,14,13.4,973.6,81.2,0,0.6,2,14,NA,NA,253,139,331,75,389,385,75,14,314,342,94,10.2,33.9,8.07,11.6
1995,10,26,15,12.9,973.1,83.6,0,1,2.5,115,NA,NA,95,79,79,38,109,148,38,14,310,332,94,10.2,33.3,8.05,11.4
1995,10,26,16,12.1,973.1,86.7,0,1.1,2.4,257,NA,NA,25,21,91,12,54,121,12,14,306,323,94,10,32.1,7.92,10.9
1995,10,26,17,11.4,973.6,89.4,0,0.8,1.9,284,NA,NA,0,0,0,0,0,0,0,14,304,318,94,9.7,31.1,7.79,10.5
1995,10,26,18,10.8,973.7,90,0,0.3,1.8,266,NA,4,0,0,0,0,0,0,0,14,298,315,94,9.2,29.8,7.53,9.9
1995,10,26,19,10.1,973.6,92.1,0,1.4,2.4,261,NA,NA,0,0,0,0,0,0,0,14,297,316,94,8.9,28.7,7.36,9.5
1995,10,26,20,10.1,973.7,93.6,0,1.6,2.5,261,NA,NA,0,0,0,0,0,0,0,14,351,351,94,9.1,29,7.48,9.6
1995,10,26,21,10.2,973.8,93.5,0,1.3,2.1,266,NA,NA,0,0,0,0,0,0,0,14,354,354,94,9.2,29.2,7.52,9.7
1995,10,26,22,10.3,973.6,96.2,0,0.9,2.4,298,NA,NA,0,0,0,0,0,0,0,14,352,352,94,9.7,30,7.79,10
1995,10,26,23,10,973.6,95.8,0,0.6,1.6,323,NA,NA,0,0,0,0,0,0,0,14,351,351,94,9.4,29.2,7.6,9.7
1995,10,27,0,9.9,973.5,95.4,0,0.5,1.9,306,NA,NA,2,0,0,0,0,0,0,14,350,350,94,9.2,28.9,7.52,9.5
1995,10,27,1,9.8,973.5,94.3,0,0.6,1.8,284,NA,NA,0,0,0,0,0,0,0,14,351,351,94,8.9,28.4,7.38,9.3
1995,10,27,2,9.7,973.2,95.1,0,1,2.5,302,NA,NA,0,0,0,0,0,0,0,14,350,350,94,9,28.4,7.4,9.3
1995,10,27,3,9.3,973.3,95.7,0,0.9,2.5,307,NA,NA,0,0,0,0,0,0,0,14,347,347,94,8.6,27.6,7.24,8.9
1995,10,27,4,9.4,973.4,92.2,0,0.5,1.7,302,NA,NA,0,0,0,0,0,0,0,14,348,348,94,8.2,27.1,7.02,8.8
1995,10,27,5,8.9,973.1,91.8,0,0.6,1.6,273,NA,NA,0,0,0,0,0,0,0,14,304,314,94,7.6,26,6.76,8.2
1995,10,27,6,9,973.5,90.5,0,0.7,2,250,NA,3,7,0,0,0,0,0,0,14,308,317,94,7.5,25.9,6.71,8.2
1995,10,27,7,10.2,973.8,91.4,0,1.1,1.9,274,NA,NA,113,76,234,313,190,39,40,14,317,329,94,8.9,28.8,7.35,9.5
1995,10,27,8,12.1,973.9,87.8,0,0.3,1.3,329,NA,NA,175,120,187,273,246,60,60,14,357,357,94,10.1,32.4,8.01,11
1995,10,27,9,13.4,973.8,84,0,0.1,1,284,NA,NA,140,139,2,77,83,61,63,14,365,365,94,10.8,34.6,8.35,11.9
1995,10,27,10,14.6,973.8,78.4,0,0.5,1.9,360,NA,NA,203,200,6,105,135,86,87,14,370,370,94,10.9,36,8.43,12.5
1995,10,27,11,16.1,973.2,74.4,0,0.9,2.6,314,NA,NA,176,174,4,83,108,79,78,14,377,377,94,11.5,38.5,8.82,13.4
1995,10,27,12,17.3,972.9,66.1,0,2.5,4.9,260,NA,7,251,197,108,93,259,134,90,14,384,384,94,10.9,38.8,8.45,13.5
1995,10,27,13,19,972.4,58,0,3.3,6.2,238,NA,NA,316,197,272,94,438,293,94,14,391,391,94,10.6,40,8.26,14.1
1995,10,27,14,19.5,972.3,56.8,0,3.5,6.5,243,NA,NA,300,97,601,70,544,536,70,14,344,369,94,10.7,40.8,8.34,14.3
1995,10,27,15,18.9,972.2,62.9,0,3.2,5.9,253,NA,NA,147,59,435,42,310,458,42,14,337,361,94,11.7,41.6,8.91,14.6
1995,10,27,16,17.2,972.3,69.7,0,1.1,2.7,308,NA,NA,23,23,0,10,14,19,10,14,330,343,94,11.6,39.8,8.87,13.9
1995,10,27,17,15.2,972.7,78.3,0,0.6,2.6,284,NA,NA,0,0,0,0,0,0,0,14,337,341,94,11.5,37.4,8.77,13
1995,10,27,18,14.6,972.9,82.2,0,0.3,1.9,59,NA,6,0,0,0,0,0,0,0,14,336,344,94,11.6,37.1,8.85,12.8
1995,10,27,19,14.4,973.1,83.8,0,0.4,1.7,41,NA,NA,0,0,0,0,0,0,0,14,336,345,94,11.7,37,8.91,12.8
1995,10,27,20,14.6,973.1,84.4,0,0.3,1.7,212,NA,NA,0,0,0,0,0,0,0,14,377,377,94,12,37.7,9.09,13.1
1995,10,27,21,14.2,973.1,88.6,0.1,0.4,2.8,340,NA,NA,0,0,0,0,0,0,0,14,374,374,94,12.3,37.8,9.3,13.1
1995,10,27,22,14,973,90.3,0.1,0.9,2.4,250,NA,NA,0,0,0,0,0,0,0,14,374,374,94,12.4,37.7,9.36,13.1
1995,10,27,23,13.9,973,91.1,0.2,0.8,2.7,90,NA,NA,0,0,0,0,0,0,0,14,335,344,94,12.5,37.7,9.38,13.1
1995,10,28,0,13.5,973.1,92,0,1,3.6,358,NA,NA,0,0,0,0,0,0,0,14,331,340,94,12.2,36.9,9.23,12.7
1995,10,28,1,12.8,972.9,92.3,0,0.5,2.1,32,NA,NA,0,0,0,0,0,0,0,14,328,333,94,11.6,35.2,8.84,12.1
1995,10,28,2,12.5,972.7,92.2,0,0.7,2,48,NA,NA,0,0,0,0,0,0,0,14,327,335,94,11.3,34.4,8.66,11.8
1995,10,28,3,12.2,972.7,92.6,0,0.4,1.6,318,NA,NA,0,0,0,0,0,0,0,14,324,334,94,11,33.8,8.53,11.5
1995,10,28,4,11.8,972.3,92.8,0,0.3,1.7,250,NA,NA,0,0,0,0,0,0,0,14,318,326,94,10.7,32.9,8.32,11.2
1995,10,28,5,11.2,972.3,93.2,0,0.2,1.4,149,NA,NA,0,0,0,0,0,0,0,14,326,329,94,10.1,31.5,8.03,10.6
1995,10,28,6,10.8,972.5,93,0,0.2,1.2,311,NA,4,5,0,0,0,0,0,0,14,327,330,94,9.7,30.5,7.8,10.2
1995,10,28,7,11.8,972.6,95.8,0,0.2,1.3,329,NA,NA,50,50,0,30,26,22,23,14,333,341,94,11.2,33.5,8.59,11.5
1995,10,28,8,12.7,972.7,94.4,0,0.3,1.8,347,NA,NA,114,111,10,83,79,48,49,14,367,367,94,11.8,35.5,8.99,12.2
1995,10,28,9,13.9,972.4,90.7,0,0.2,1.5,284,NA,NA,217,177,97,182,227,77,78,14,378,378,94,12.4,37.6,9.35,13
1995,10,28,10,15.7,971.7,80.1,0,1.2,3.4,122,NA,NA,438,147,605,313,715,95,94,14,384,384,94,12.3,39.3,9.28,13.7
1995,10,28,11,16.9,970.6,71.5,0,0.8,2.3,93,NA,NA,478,91,758,124,809,91,83,14,333,365,94,11.7,39.6,8.94,13.8
1995,10,28,12,17.7,969.9,67.1,0,1,3,98,NA,6,454,95,726,86,773,261,83,14,336,370,94,11.5,40.2,8.83,14
1995,10,28,13,18.4,969.2,66.2,0,1.2,2.4,77,NA,NA,371,134,547,85,617,393,85,14,340,371,94,12,41.6,9.12,14.6
1995,10,28,14,18.2,969,66.8,0,1.2,2.4,95,NA,NA,185,138,139,65,226,222,65,14,340,365,94,11.9,41.3,9.09,14.4
1995,10,28,15,17.5,968.5,72.7,0,1.4,2.7,112,NA,NA,82,74,43,36,86,112,35,14,334,354,94,12.5,41.6,9.48,14.5
1995,10,28,16,16.4,968.2,76.5,0,1.1,2.2,99,NA,NA,15,15,0,7,7,8,7,14,329,346,94,12.3,40,9.3,13.9
1995,10,28,17,15.4,968.5,79.8,0,0.4,1.6,70,NA,NA,0,0,0,0,0,0,0,14,355,355,94,11.9,38.5,9.09,13.3
1995,10,28,18,14.6,968.5,82.9,0,0.5,1.3,118,NA,5,0,0,0,0,0,0,0,14,349,349,94,11.7,37.4,8.97,12.9
1995,10,28,19,13.9,968.3,87.2,0,0.4,1.3,257,NA,NA,0,0,0,0,0,0,0,14,350,350,94,11.8,36.8,9.02,12.7
1995,10,28,20,13.1,968.1,88.3,0,0.3,1.7,329,NA,NA,0,0,0,0,0,0,0,14,323,330,94,11.2,35.1,8.67,12
1995,10,28,21,12.9,967.6,89.5,0.2,0.3,1.7,239,NA,NA,0,0,0,0,0,0,0,14,331,337,94,11.2,34.9,8.68,11.9
1995,10,28,22,12.8,967.4,91.9,0,0.4,1.8,311,NA,NA,0,0,0,0,0,0,0,14,324,332,94,11.5,35.2,8.85,12
1995,10,28,23,11.9,967.2,93,0,0.3,1.3,284,NA,NA,0,0,0,0,0,0,0,14,305,319,94,10.8,33.3,8.44,11.3
1995,10,29,0,11.2,966.9,92.3,0,0.3,1.7,329,NA,NA,0,0,0,0,0,0,0,14,304,316,94,10,31.4,8,10.5
1995,10,29,1,10.5,966,92.9,0.1,0.1,1.5,14,NA,NA,0,0,0,0,0,0,0,14,298,312,94,9.4,29.9,7.68,9.9
1995,10,29,2,11.9,967.1,90.5,1.6,2,6.4,232,NA,NA,0,0,0,0,0,0,0,14,359,359,94,10.4,32.7,8.21,11.1
1995,10,29,3,13.6,967.2,89.4,4.5,2.6,6.6,233,NA,NA,2,0,0,0,0,0,0,14,363,363,94,11.9,36.6,9.08,12.6
1995,10,29,4,13.8,966.8,88.7,3.1,2.4,6.8,219,NA,NA,2,0,0,0,0,0,0,14,361,361,94,12,36.9,9.13,12.7
1995,10,29,5,13.2,966.9,91.3,0.1,0.7,1.9,5,NA,NA,0,0,0,0,0,0,0,14,315,336,96,11.8,36.1,9.04,12.4
1995,10,29,6,13.3,966.9,89.8,0.1,1.2,3.8,93,NA,8,4,0,0,0,0,0,0,14,315,336,96,11.7,36,8.95,12.4
1995,10,29,7,13.3,967.4,90.3,0,0.7,2.4,276,NA,NA,27,27,0,11,12,13,13,14,317,338,96,11.7,36.1,8.99,12.4
1995,10,29,8,14.1,967.5,84.9,0,2.1,3.8,237,NA,NA,82,82,0,44,43,37,38,14,320,343,96,11.6,36.7,8.9,12.6
1995,10,29,9,14.3,967.4,85.3,0,2.4,4,255,NA,NA,102,102,0,52,54,47,48,14,321,346,96,11.9,37.3,9.06,12.9
1995,10,29,10,14.1,967.3,87.5,2.6,1.4,3.6,254,NA,NA,44,44,0,21,18,21,22,14,320,343,96,12.1,37.4,9.18,12.9
1995,10,29,11,14.7,966.6,83.7,0.1,2.2,4.6,257,NA,NA,90,90,0,44,44,42,43,14,370,370,96,12,37.9,9.14,13.1
1995,10,29,12,15,966.3,82.6,0,1.7,3.4,281,NA,7,113,113,0,53,59,53,53,14,370,370,96,12.1,38.3,9.2,13.3
1995,10,29,13,14.8,966,86.2,0.9,1.3,3.3,278,NA,NA,75,75,0,36,35,35,36,14,369,369,96,12.5,38.8,9.48,13.4
1995,10,29,14,14.9,966.2,87.9,0.5,0.3,1.6,149,NA,NA,41,41,0,20,17,17,20,14,370,370,96,12.9,39.6,9.73,13.7
1995,10,29,15,14.6,966.1,90.5,1.5,0.6,1.9,347,NA,NA,17,17,0,9,7,5,9,14,369,369,96,13.1,39.5,9.83,13.7
1995,10,29,16,14.1,966.6,90.1,5.8,1.7,4.6,270,NA,NA,3,3,0,2,1,0,2,14,365,365,96,12.5,38.1,9.47,13.1
1995,10,29,17,13.8,967.1,90.1,4.6,1.9,4.3,257,NA,NA,2,0,0,0,0,0,0,14,356,358,96,12.2,37.3,9.28,12.9
1995,10,29,18,13.5,967.2,90.8,0,0.2,1.3,239,NA,7,1,0,0,0,0,0,0,14,353,353,96,12,36.7,9.16,12.6
1995,10,29,19,12.9,967.2,92,0,0.6,1.7,135,NA,NA,0,0,0,0,0,0,0,14,352,352,96,11.6,35.5,8.93,12.1
1995,10,29,20,12.9,967.3,90.7,0,0.4,1.2,160,NA,NA,1,0,0,0,0,0,0,14,329,340,96,11.4,35.2,8.8,12
1995,10,29,21,12.4,967.3,92.5,0,0.3,1.8,311,NA,NA,0,0,0,0,0,0,0,14,322,334,96,11.2,34.4,8.68,11.7
1995,10,29,22,11.4,967.1,93.9,0,0.2,1.3,257,NA,NA,1,0,0,0,0,0,0,14,320,331,96,10.5,32.2,8.24,10.9
1995,10,29,23,11,967.2,93.4,0,0.4,1.4,194,NA,NA,0,0,0,0,0,0,0,14,333,337,96,10,31.2,7.98,10.4
1995,10,30,0,10.9,967.4,93.1,0.1,0.4,1.3,284,NA,NA,2,0,0,0,0,0,0,14,333,338,96,9.8,30.9,7.9,10.3
1995,10,30,1,11.2,967.6,93,0,0.2,1.3,257,NA,NA,2,0,0,0,0,0,0,14,336,341,96,10.1,31.6,8.05,10.6
1995,10,30,2,11.4,967.4,93,0.3,0.2,1,329,NA,NA,2,0,0,0,0,0,0,14,359,359,96,10.3,32,8.16,10.8
1995,10,30,3,11.1,967.8,93.6,0,0.1,1.1,104,NA,NA,0,0,0,0,0,0,0,14,355,355,96,10.1,31.4,8.05,10.5
1995,10,30,4,11.2,968,92.8,0.6,0.2,1,257,NA,NA,0,0,0,0,0,0,0,14,359,359,96,10.1,31.5,8.03,10.6
1995,10,30,5,11.5,968.3,92.9,0,0.3,1.1,104,NA,NA,0,0,0,0,0,0,0,14,351,351,96,10.4,32.2,8.2,10.9
1995,10,30,6,11.8,969.1,92.6,1.9,0.1,1.5,329,NA,7,2,0,0,0,0,0,0,14,354,354,96,10.6,32.9,8.33,11.1
1995,10,30,7,12.4,969.9,92.1,0.1,0.2,1.3,14,NA,NA,23,23,0,9,10,11,11,14,357,357,96,11.2,34.2,8.62,11.7
1995,10,30,8,13.3,970.2,91.1,1.3,0.6,1.9,135,NA,NA,82,82,0,45,44,37,38,14,364,364,96,11.9,36.2,9.05,12.5
1995,10,30,9,13.8,970.5,89.2,0,0.5,1.7,212,NA,NA,104,104,0,54,56,48,49,14,366,366,96,12.1,37,9.15,12.8
1995,10,30,10,14.5,970.6,86.5,0,0.8,2.7,268,NA,NA,215,200,33,120,180,86,86,14,369,370,96,12.3,38,9.28,13.2
1995,10,30,11,15.9,970.4,80.3,0,2,4.1,266,NA,NA,355,237,235,138,460,120,106,14,358,369,96,12.5,39.9,9.44,13.9
1995,10,30,12,15.8,970.3,78.8,0,1.9,4.1,290,NA,7,216,202,29,90,177,110,87,14,360,370,96,12.1,39.2,9.2,13.6
1995,10,30,13,16.2,970.1,74.9,0,1.4,3.7,280,NA,NA,252,187,153,85,313,214,85,14,360,373,96,11.7,39,8.97,13.5
1995,10,30,14,16.3,970.3,74.1,0,1.3,3.2,279,NA,NA,198,131,207,66,287,278,66,14,347,367,96,11.7,39,8.93,13.6
1995,10,30,15,16,970.7,78.8,0,0.6,2.1,59,NA,NA,80,70,52,34,88,116,34,14,345,362,96,12.3,39.7,9.31,13.8
1995,10,30,16,15.5,971.1,83,0,0.4,1.5,70,NA,NA,10,10,0,5,4,3,5,14,341,354,96,12.6,39.6,9.5,13.8
1995,10,30,17,14.8,971.6,86.2,0,0.4,1.5,14,NA,NA,0,0,0,0,0,0,0,14,368,368,94,12.5,38.7,9.43,13.4
1995,10,30,18,14.4,972.1,87.8,0,1.1,2.9,14,NA,7,0,0,0,0,0,0,0,14,367,367,94,12.4,38.1,9.35,13.2
1995,10,30,19,14.1,972.4,89.7,0,1,2.2,38,NA,NA,0,0,0,0,0,0,0,14,365,365,94,12.4,37.8,9.37,13.1
1995,10,30,20,13.7,972.8,90,0,1.2,2.3,34,NA,NA,0,0,0,0,0,0,0,14,370,370,94,12.1,36.9,9.15,12.8
1995,10,30,21,13.4,973.1,90.6,0,0.4,1.8,28,NA,NA,0,0,0,0,0,0,0,14,368,368,94,11.9,36.3,9.03,12.5
1995,10,30,22,13,973.3,91.6,0,0.1,1,59,NA,NA,0,0,0,0,0,0,0,14,367,367,94,11.7,35.5,8.89,12.2
1995,10,30,23,12.1,973.5,92.5,0,0.2,1,239,NA,NA,0,0,0,0,0,0,0,14,332,334,94,10.9,33.5,8.45,11.4
1995,10,31,0,12.2,973.8,92.1,0,0.2,1.4,284,NA,NA,0,0,0,0,0,0,0,14,331,338,94,11,33.6,8.47,11.5
1995,10,31,1,12.2,974,90.5,0,0.1,1.5,284,NA,NA,0,0,0,0,0,0,0,14,333,340,94,10.7,33.3,8.32,11.3
1995,10,31,2,12.4,974.3,90.1,0,0.2,1.1,257,NA,NA,0,0,0,0,0,0,0,14,364,364,94,10.8,33.6,8.39,11.5
1995,10,31,3,12.3,974.6,91.4,0,0,0.6,0,NA,NA,0,0,0,0,0,0,0,14,364,364,94,10.9,33.7,8.45,11.5
1995,10,31,4,12.5,974.7,92.1,0,0,0,0,NA,NA,0,0,0,0,0,0,0,14,366,366,94,11.3,34.3,8.63,11.8
1995,10,31,5,12.7,975,91.9,0,0.4,1.7,28,NA,NA,1,0,0,0,0,0,0,14,358,358,94,11.4,34.8,8.73,11.9
1995,10,31,6,12.5,975.5,90.4,0,1.4,2.3,41,NA,7,1,0,0,0,0,0,0,14,357,357,94,11,33.9,8.46,11.6
1995,10,31,7,12.6,976.1,87.4,0,0.8,1.9,59,NA,NA,26,26,0,11,12,13,13,14,358,358,94,10.6,33.4,8.23,11.5
1995,10,31,8,13,976.5,85.3,0,0.2,1.2,59,NA,NA,37,37,0,15,15,18,18,14,367,367,94,10.6,33.9,8.24,11.6
1995,10,31,9,13.2,976.7,85.7,0,0.1,1.4,59,NA,NA,77,77,0,37,37,36,37,14,369,369,94,10.9,34.5,8.39,11.9
1995,10,31,10,14,976.7,83.6,0,0.7,3,48,NA,NA,218,201,37,122,187,86,86,14,376,376,94,11.3,35.9,8.62,12.4
1995,10,31,11,14.8,976.2,79.3,0,1.8,3.6,61,NA,NA,346,225,245,133,455,116,103,14,371,374,94,11.3,36.7,8.62,12.8
1995,10,31,12,15.9,975.7,74,0,1.9,4.3,98,NA,7,444,140,635,96,752,261,92,14,375,381,94,11.3,37.8,8.64,13.2
1995,10,31,13,16.2,975.4,69.1,0,2.1,4.1,84,NA,NA,386,84,722,74,712,439,74,14,375,381,94,10.5,37.1,8.22,12.9
1995,10,31,14,16.2,975.4,66.5,0,2.1,4.5,61,NA,NA,233,102,412,63,419,405,63,14,333,357,94,10,36.3,7.9,12.6
1995,10,31,15,15.6,975.4,70.5,0,1.2,2.6,52,NA,NA,117,68,263,40,224,317,40,14,327,345,94,10.3,36.1,8.07,12.6
1995,10,31,16,14.2,975.5,78.7,0,0.3,1.9,356,NA,NA,10,10,0,5,4,4,5,14,334,344,94,10.5,35,8.19,12.1
1995,10,31,17,13.3,975.7,83.6,0,0,0.5,0,NA,NA,0,0,0,0,0,0,0,14,341,345,94,10.6,34.1,8.23,11.7
1995,10,31,18,12.9,975.8,85.8,0,0.1,1.2,0,NA,6,0,0,0,0,0,0,0,14,344,347,94,10.5,33.6,8.19,11.5
1995,10,31,19,12.4,975.8,88.3,0,0,0.4,0,NA,NA,1,0,0,0,0,0,0,14,349,349,94,10.5,33.2,8.22,11.4
1995,10,31,20,12.5,975.5,88.1,0,0.1,1.3,104,NA,NA,0,0,0,0,0,0,0,14,348,350,94,10.5,33.3,8.22,11.4
1995,10,31,21,12.6,974.8,86.8,0,0.3,1.2,41,NA,NA,0,0,0,0,0,0,0,14,347,350,94,10.4,33.3,8.17,11.4
1995,10,31,22,12.8,974.1,85.3,0,0,0.5,0,NA,NA,0,0,0,0,0,0,0,14,344,348,94,10.3,33.3,8.1,11.4
1995,10,31,23,13.1,973.1,82.5,0,0.1,0.7,59,NA,NA,0,0,0,0,0,0,0,14,339,346,94,10.1,33.3,7.99,11.4
1994,11,1,0,13.4,972.1,79.3,0,4.3,8.4,231,NA,NA,0,0,0,0,0,0,0,14,334,343,94,9.8,33.3,7.86,11.4
1994,11,1,1,13.8,971.2,75.9,0,4.6,8.6,235,NA,NA,0,0,0,0,0,0,0,14,329,340,94,9.5,33.3,7.7,11.4
1994,11,1,2,13.9,970.7,73.7,0,1.6,4.8,236,NA,NA,0,0,0,0,0,0,0,14,326,339,94,9.2,33.1,7.57,11.3
1994,11,1,3,14.1,970.3,71.4,0,3.4,5.9,240,NA,NA,0,0,0,0,0,0,0,14,323,337,94,9,33,7.45,11.3
1994,11,1,4,14.2,970.3,70,0,4.7,7.8,234,NA,NA,1,0,0,0,0,0,0,14,322,337,94,8.8,32.9,7.35,11.2
1994,11,1,5,14.2,970.8,70.5,0,5.3,9,239,NA,NA,0,0,0,0,0,0,0,14,324,339,94,8.9,32.9,7.39,11.2
1994,11,1,6,14.3,971.3,70.3,0,4.2,8.1,238,NA,5,2,0,0,0,0,0,0,14,325,341,94,9,33.2,7.44,11.4
1994,11,1,7,14.2,971.9,72.7,0,4.2,6.7,238,NA,NA,7,7,0,2,3,4,4,14,329,343,94,9.4,33.6,7.63,11.5
1994,11,1,8,13.8,972.5,77.6,0,4,6.6,244,NA,NA,17,17,0,6,6,8,8,14,339,346,94,10,33.9,7.93,11.6
1994,11,1,9,14,972.8,77.8,0,4.1,7.1,239,NA,NA,72,72,0,35,34,34,35,14,343,350,94,10.2,34.4,8.05,11.8
1994,11,1,10,15.1,972.9,70.8,0,3.7,6.3,236,NA,NA,221,179,92,135,233,81,82,14,346,357,94,9.8,35.1,7.86,12.1
1994,11,1,11,15.2,972.5,68.9,0,2.8,5.2,238,NA,NA,134,134,0,64,75,62,62,14,352,359,94,9.5,34.8,7.7,12
1994,11,1,12,15.2,972.4,69.7,0,2.4,4.8,218,NA,7,153,152,1,70,91,74,69,14,354,361,94,9.7,35,7.79,12.1
1994,11,1,13,15.8,972.4,66.5,0,2.5,5.3,217,NA,NA,267,175,223,85,382,252,84,14,357,366,94,9.6,35.4,7.73,12.3
1994,11,1,14,15.5,972.2,66.6,0,2.2,5.4,207,NA,NA,137,128,27,56,110,106,56,14,336,351,94,9.3,34.8,7.59,12
1994,11,1,15,15,972.1,66.9,0,2.1,4.7,222,NA,NA,67,65,11,30,46,54,30,14,334,347,94,8.9,33.7,7.38,11.6
1994,11,1,16,14.3,972.3,69.9,0,1.6,4.2,232,NA,NA,13,13,0,6,7,9,6,14,329,341,94,8.9,33,7.37,11.3
1994,11,1,17,12.7,972.7,80.3,0,0.9,2.5,41,NA,NA,0,0,0,0,0,0,0,14,326,334,94,9.4,32,7.63,10.9
1994,11,1,18,12.3,972.9,86.5,0,0.7,1.9,41,NA,6,0,0,0,0,0,0,0,14,322,330,94,10.1,32.6,8.01,11.1
1994,11,1,19,11.4,973.1,90.8,0,0.8,3.2,70,NA,NA,1,0,0,0,0,0,0,14,317,322,94,10,31.4,7.92,10.6
1994,11,1,20,10.8,973.2,90.4,0,0.7,2.3,23,NA,NA,0,0,0,0,0,0,0,14,300,314,94,9.3,29.9,7.57,10
1994,11,1,21,10.8,973.4,86.3,0,0.4,1.2,284,NA,NA,0,0,0,0,0,0,0,14,302,321,94,8.6,29.1,7.22,9.6
1994,11,1,22,11.1,973.2,85.8,0,0.8,2.1,329,NA,NA,2,0,0,0,0,0,0,14,301,322,94,8.8,29.6,7.33,9.8
1994,11,1,23,11,973,87.6,0,0.8,1.6,250,NA,NA,1,0,0,0,0,0,0,14,349,349,94,9,29.8,7.43,9.9
1994,11,2,0,11.2,972.8,86.3,0,0.6,1.6,253,NA,NA,1,0,0,0,0,0,0,14,348,348,94,9,30,7.42,10
1994,11,2,1,10.6,972.7,89.6,0,0.3,1.6,347,NA,NA,1,0,0,0,0,0,0,14,345,345,94,9,29.3,7.41,9.7
1994,11,2,2,10.4,972.4,90.7,0,0.4,1.2,356,NA,NA,2,0,0,0,0,0,0,14,347,347,94,8.9,29.1,7.4,9.6
1994,11,2,3,10.6,972.3,87.4,0,0.7,2.2,70,NA,NA,0,0,0,0,0,0,0,14,346,346,94,8.6,28.9,7.23,9.5
1994,11,2,4,10.8,972.2,82.8,0,0.8,1.7,90,NA,NA,1,0,0,0,0,0,0,14,346,346,94,8,28.3,6.93,9.3
1994,11,2,5,9.8,972,88.8,0,0.5,1.2,59,NA,NA,0,0,0,0,0,0,0,14,340,340,94,8,27.4,6.96,8.8
1994,11,2,6,9.3,972.1,91,0,0.2,1,329,NA,7,4,0,0,0,0,0,0,14,338,338,94,7.9,26.7,6.89,8.6
1994,11,2,7,9.8,972.5,89.1,0,0.5,1.6,3,NA,NA,60,50,79,136,90,26,26,14,344,344,94,8.1,27.4,6.98,8.9
1994,11,2,8,10.8,972.4,81.9,0,0.4,2,48,NA,NA,116,109,25,97,92,47,48,14,347,347,94,7.8,28.1,6.86,9.2
1994,11,2,9,11.4,972.3,75.8,0,0.9,3.2,55,NA,NA,234,167,174,232,306,76,77,14,352,353,94,7.3,28.1,6.6,9.2
1994,11,2,10,12.4,971.8,71.4,0,1.3,3.7,86,NA,NA,369,166,446,270,606,95,93,14,355,360,94,7.4,29.2,6.65,9.7
1994,11,2,11,13.5,971.1,69.3,0,1.6,4.1,92,NA,NA,475,125,720,137,831,105,94,14,320,351,94,8,31.1,6.94,10.5
1994,11,2,12,13.7,970.5,69.3,0,1.2,3,104,NA,6,385,170,458,100,630,232,96,14,321,351,94,8.2,31.5,7.04,10.7
1994,11,2,13,14.4,970.1,67,0,1.5,3.4,121,NA,NA,388,149,584,90,672,418,90,14,323,355,94,8.4,32.5,7.12,11.1
1994,11,2,14,14.1,969.6,68.2,0,1.4,3.7,88,NA,NA,206,114,298,64,352,337,64,14,313,343,94,8.3,32.2,7.12,10.9
1994,11,2,15,13.6,969.2,72.4,0,1.6,3.1,93,NA,NA,92,73,108,37,135,182,37,14,308,334,94,8.7,32.2,7.32,10.9
1994,11,2,16,12.4,969.3,76,0,1.6,3,62,NA,NA,9,9,0,4,4,4,4,14,304,324,94,8.3,30.4,7.1,10.2
1994,11,2,17,12,969.8,78.6,0,1.5,3.7,48,NA,NA,1,0,0,0,0,0,0,14,337,341,94,8.4,30.1,7.15,10
1994,11,2,18,11.9,970,80.2,0,1.1,2.5,32,NA,7,0,0,0,0,0,0,0,14,336,339,94,8.6,30.2,7.25,10.1
1994,11,2,19,11.6,969.9,83,0,0.5,1.9,51,NA,NA,0,0,0,0,0,0,0,14,335,338,94,8.8,30.2,7.35,10.1
1994,11,2,20,11.5,969.8,85.2,0,0.9,3.5,35,NA,NA,0,0,0,0,0,0,0,14,334,339,94,9.1,30.5,7.5,10.2
1994,11,2,21,10.8,969.6,88.2,0,0.7,1.7,73,NA,NA,0,0,0,0,0,0,0,14,329,329,94,8.9,29.5,7.41,9.8
1994,11,2,22,10.1,969.5,90.4,0,0.5,2,14,NA,NA,0,0,0,0,0,0,0,14,327,328,94,8.6,28.4,7.25,9.3
1994,11,2,23,9.9,969.5,91.5,0,0.4,1.5,284,NA,NA,1,0,0,0,0,0,0,14,344,344,94,8.6,28.2,7.24,9.2
1994,11,3,0,10.3,969.4,90.8,0,0.7,1.9,257,NA,NA,0,0,0,0,0,0,0,14,345,345,94,8.9,28.9,7.38,9.5
1994,11,3,1,10.4,969.4,92.1,0,0.7,2.4,284,NA,NA,0,0,0,0,0,0,0,14,346,346,94,9.2,29.4,7.54,9.7
1994,11,3,2,10.3,969,92.7,0,0.5,1.8,59,NA,NA,1,0,0,0,0,0,0,14,346,346,94,9.2,29.4,7.54,9.7
1994,11,3,3,10.4,968.7,93.3,0,0.5,2,239,NA,NA,0,0,0,0,0,0,0,14,346,346,94,9.4,29.7,7.64,9.9
1994,11,3,4,10.2,968.5,94.4,0.1,0.4,1.6,41,NA,NA,1,0,0,0,0,0,0,14,345,345,94,9.3,29.5,7.63,9.7
1994,11,3,5,10.3,968.4,93,0,0.9,1.8,59,NA,NA,0,0,0,0,0,0,0,14,307,323,94,9.2,29.4,7.57,9.7
1994,11,3,6,10.5,968.4,92.7,0,0.8,2.1,21,NA,8,3,0,0,0,0,0,0,14,308,325,94,9.4,29.8,7.65,9.9
1994,11,3,7,10.8,968.6,91,0,1.4,3,50,NA,NA,26,26,0,11,12,12,12,14,309,327,94,9.4,30.2,7.66,10
1994,11,3,8,10.9,968.4,89.4,0,1.7,3.2,65,NA,NA,38,38,0,16,16,18,19,14,355,355,94,9.2,30,7.58,10
1994,11,3,9,10.9,968.2,88.4,0,1.4,2.9,108,NA,NA,88,88,0,44,45,41,41,14,356,356,94,9.1,29.8,7.49,9.9
1994,11,3,10,11.4,968.1,85.2,0,0.6,2,126,NA,NA,153,152,2,78,94,67,68,14,361,361,94,9,30.3,7.46,10.1
1994,11,3,11,11.9,967.6,82.5,0,1.5,3.5,124,NA,NA,207,203,7,96,144,91,88,14,353,356,94,9,30.8,7.47,10.3
1994,11,3,12,11.9,967.1,81.8,0,1.5,3.2,108,NA,7,195,185,22,83,157,100,81,14,352,354,94,8.9,30.7,7.41,10.3
1994,11,3,13,12.1,966.7,80.4,0,0.8,2.7,54,NA,NA,240,179,151,82,308,208,81,14,356,359,94,8.8,30.8,7.39,10.3
1994,11,3,14,12.2,966.4,82.4,0,1.9,3.8,97,NA,NA,131,124,26,54,106,102,54,14,321,338,94,9.3,31.5,7.63,10.6
1994,11,3,15,11.4,966.1,87,0,2.2,3.8,72,NA,NA,52,52,0,24,27,28,24,14,318,332,94,9.3,30.7,7.64,10.2
1994,11,3,16,11.1,966.5,88.4,0,1.7,3.7,66,NA,NA,6,6,0,3,2,1,3,14,317,331,94,9.3,30.3,7.61,10.1
1994,11,3,17,11,966.6,87.8,0,1.8,3.1,70,NA,NA,1,0,0,0,0,0,0,14,348,348,94,9.1,30,7.5,10
1994,11,3,18,11,966.8,88.4,0,1.6,3.5,72,NA,7,1,0,0,0,0,0,0,14,348,348,94,9.2,30.1,7.55,10
1994,11,3,19,10.9,966.9,88.4,0,2.3,3.9,43,NA,NA,0,0,0,0,0,0,0,14,347,347,94,9.1,29.9,7.5,9.9
1994,11,3,20,10.6,966.7,89.1,0,1.5,3.4,59,NA,NA,1,0,0,0,0,0,0,14,354,354,94,8.9,29.3,7.41,9.7
1994,11,3,21,10.3,966.8,90.3,0,1.8,4.1,52,NA,NA,1,0,0,0,0,0,0,14,352,352,94,8.8,28.9,7.36,9.5
1994,11,3,22,10.2,967.1,91.4,0,1,2.3,110,NA,NA,1,0,0,0,0,0,0,14,352,352,94,8.9,28.9,7.4,9.5
1994,11,3,23,10.1,967.3,91.8,0,1.4,3.3,108,NA,NA,2,0,0,0,0,0,0,14,351,351,94,8.8,28.7,7.38,9.4
1994,11,4,0,9.8,967.3,91.9,0,1.5,2.8,87,NA,NA,1,0,0,0,0,0,0,14,350,350,94,8.5,28.1,7.24,9.1
1994,11,4,1,9.7,967.3,91.2,0,1,2.3,72,NA,NA,0,0,0,0,0,0,0,14,349,349,94,8.3,27.7,7.13,9
1994,11,4,2,9.5,966.8,91.2,0,1.3,2.7,80,NA,NA,1,0,0,0,0,0,0,14,348,348,94,8.1,27.3,7.04,8.8
1994,11,4,3,9.4,966.7,91,0,0.8,2.3,83,NA,NA,0,0,0,0,0,0,0,14,347,347,94,8,27,6.98,8.7
1994,11,4,4,9.3,966.5,91.5,0,1.6,3.1,86,NA,NA,2,0,0,0,0,0,0,14,348,348,94,8,26.9,6.97,8.6
1994,11,4,5,9.3,966.4,92.5,0,1.2,3,99,NA,NA,0,0,0,0,0,0,0,14,347,347,94,8.1,27.1,7.05,8.7
1994,11,4,6,9.3,966.5,92.3,0,0.9,1.9,98,NA,8,0,0,0,0,0,0,0,14,348,348,94,8.1,27.1,7.03,8.7
1994,11,4,7,9.4,966.8,92.7,0,1.3,2.5,104,NA,NA,8,8,0,2,3,4,4,14,347,347,94,8.3,27.3,7.11,8.8
1994,11,4,8,9.5,966.9,90.7,0,1.5,3,84,NA,NA,29,29,0,11,11,14,14,14,348,348,94,8.1,27.2,7,8.8
1994,11,4,9,9.5,966.8,91,0,1.4,3.5,75,NA,NA,43,43,0,19,18,21,21,14,350,350,94,8.1,27.2,7.03,8.8
1994,11,4,10,9.9,966.5,88.8,0,1.3,3.4,56,NA,NA,99,99,0,48,51,46,47,14,351,351,94,8.1,27.7,7.05,8.9
1994,11,4,11,10,966,87.6,0,1.4,3.9,87,NA,NA,94,94,0,45,47,44,45,14,343,344,94,8,27.7,7,8.9
1994,11,4,12,10.1,965.5,87.9,0,1.7,3.1,101,NA,8,98,98,0,47,50,46,47,14,345,345,94,8.2,28,7.08,9.1
1994,11,4,13,10.4,965,86.2,0,1.4,3.3,75,NA,NA,177,164,31,72,148,113,72,14,346,346,94,8.2,28.3,7.08,9.2
1994,11,4,14,10.7,964.5,85.7,0,1.7,3.5,90,NA,NA,113,111,6,50,79,76,49,14,322,334,94,8.4,28.9,7.19,9.5
1994,11,4,15,10.4,964.1,87,0,1.6,3.1,69,NA,NA,44,44,0,21,22,23,21,14,321,330,94,8.3,28.5,7.16,9.3
1994,11,4,16,10.2,963.9,88.3,0,1.2,2.6,36,NA,NA,6,6,0,3,2,2,3,14,320,329,94,8.4,28.3,7.17,9.2
1994,11,4,17,10.1,963.9,88.5,0,1,2.6,3,NA,NA,0,0,0,0,0,0,0,14,345,345,94,8.3,28.1,7.14,9.1
1994,11,4,18,10,964,89.2,0,1.5,3.4,18,NA,7,0,0,0,0,0,0,0,14,343,343,94,8.3,28,7.15,9.1
1994,11,4,19,10,963.9,89.8,0,0.9,2.6,344,NA,NA,0,0,0,0,0,0,0,14,343,343,94,8.4,28.2,7.19,9.1
1994,11,4,20,10,963.9,89.4,0,1.1,2.5,302,NA,NA,0,0,0,0,0,0,0,14,343,343,94,8.3,28.1,7.16,9.1
1994,11,4,21,9.7,963.5,90.5,0,0.8,2.7,329,NA,NA,0,0,0,0,0,0,0,14,342,342,94,8.2,27.6,7.11,8.9
1994,11,4,22,9.7,963.5,90.1,0,1.1,1.9,340,NA,NA,0,0,0,0,0,0,0,14,341,341,94,8.2,27.6,7.08,8.9
1994,11,4,23,9.6,963,90.5,0,1.3,2.4,354,NA,NA,0,0,0,0,0,0,0,14,349,349,94,8.1,27.4,7.06,8.8
1994,11,5,0,9.4,962.8,91.5,0,1.2,2.5,343,NA,NA,1,0,0,0,0,0,0,14,346,346,94,8.1,27.2,7.05,8.7
1994,11,5,1,9.1,962,92.7,0,0.8,2,335,NA,NA,0,0,0,0,0,0,0,14,347,347,94,8,26.8,7,8.5
1994,11,5,2,9,961.7,92.7,0,1,2.2,306,NA,NA,0,0,0,0,0,0,0,14,346,346,94,7.9,26.6,6.96,8.4
1994,11,5,3,9,961.6,92.8,0,0.6,1.9,311,NA,NA,0,0,0,0,0,0,0,14,346,346,94,7.9,26.6,6.97,8.4
1994,11,5,4,9.1,961.1,92,0,0.9,2.1,64,NA,NA,1,0,0,0,0,0,0,14,346,346,94,7.9,26.6,6.96,8.5
1994,11,5,5,9,961.4,91.8,0,0.8,2.7,115,NA,NA,0,0,0,0,0,0,0,14,346,346,94,7.7,26.4,6.89,8.3
1994,11,5,6,9,962.1,91.4,0,0.5,1.9,32,NA,8,2,0,0,0,0,0,0,14,346,346,94,7.7,26.3,6.86,8.3
1994,11,5,7,9.1,962.5,91.5,0,0.7,2.1,329,NA,NA,22,22,0,9,9,10,11,14,347,347,94,7.8,26.5,6.91,8.4
1994,11,5,8,9.4,962.8,89.7,0,0.7,2.7,14,NA,NA,50,50,0,23,23,23,24,14,348,348,94,7.8,26.8,6.91,8.6
1994,11,5,9,9.7,962.9,88,0,1.7,4,260,NA,NA,109,109,0,57,60,49,50,14,350,350,94,7.8,27.2,6.91,8.7
1994,11,5,10,10.1,962.2,87.1,0,1.4,3.4,275,NA,NA,138,138,0,69,80,61,62,14,351,351,94,8.1,27.9,7.04,9
1994,11,5,11,10.7,961.8,84.8,0,1.1,3.1,63,NA,NA,114,114,0,55,60,53,53,14,299,324,94,8.2,28.7,7.13,9.4
1994,11,5,12,11.3,961.2,83.5,0,0.7,2.7,25,NA,6,86,86,0,41,42,40,41,14,304,327,94,8.6,29.8,7.32,9.8
1994,11,5,13,11,961.8,86,0,1.1,3.3,122,NA,NA,31,31,0,16,12,13,16,14,301,323,94,8.8,29.7,7.38,9.8
1994,11,5,14,11.2,961.3,84.6,0,1.7,4.2,259,NA,NA,19,19,0,9,7,7,9,14,300,323,94,8.7,29.8,7.36,9.8
1994,11,5,15,11,961.7,86.5,0.1,1.1,2.1,271,NA,NA,5,5,0,3,2,1,3,14,300,322,94,8.8,29.8,7.43,9.8
1994,11,5,16,10.9,962.4,89.6,0.1,1.1,3.4,347,NA,NA,0,0,0,0,0,0,0,14,300,322,94,9.3,30.2,7.64,10
1994,11,5,17,10.8,963.1,91.7,0,0.7,2.1,104,NA,NA,0,0,0,0,0,0,0,14,331,339,96,9.5,30.4,7.76,10.1
1994,11,5,18,10.9,964.2,92.2,0,1,2.3,329,NA,8,0,0,0,0,0,0,0,14,334,341,96,9.7,30.7,7.85,10.2
1994,11,5,19,11.9,964.2,84.2,0.1,2.2,5.1,256,NA,NA,0,0,0,0,0,0,0,14,338,344,96,9.3,31.3,7.66,10.5
1994,11,5,20,11.4,964.7,86.4,0.1,2.3,5.6,255,NA,NA,0,0,0,0,0,0,0,14,335,342,96,9.2,30.6,7.6,10.2
1994,11,5,21,11.3,965.1,88.5,0,2.6,6.2,268,NA,NA,0,0,0,0,0,0,0,14,357,357,96,9.5,30.8,7.73,10.3
1994,11,5,22,11.3,964.9,81.1,0,4.2,8.8,237,NA,NA,0,0,0,0,0,0,0,14,357,357,96,8.2,29.2,7.08,9.6
1994,11,5,23,11,964.9,83.9,0.1,2.3,5,217,NA,NA,0,0,0,0,0,0,0,14,348,348,96,8.4,29.1,7.18,9.6
1994,11,6,0,10.5,966.1,87.7,0.8,2.5,4.4,249,NA,NA,0,0,0,0,0,0,0,14,344,345,96,8.5,28.8,7.25,9.4
1994,11,6,1,10.1,966.1,91.1,1.6,1.6,3.8,246,NA,NA,0,0,0,0,0,0,0,14,343,343,96,8.7,28.6,7.33,9.3
1994,11,6,2,9.7,966,93.5,2.4,0.9,2.5,298,NA,NA,0,0,0,0,0,0,0,14,295,320,96,8.7,28.2,7.33,9.2
1994,11,6,3,9.6,966,94.8,2.4,0.9,2,257,NA,NA,0,0,0,0,0,0,0,14,294,320,96,8.8,28.2,7.38,9.2
1994,11,6,4,9.5,966.2,94.2,2.1,1.1,2.3,269,NA,NA,0,0,0,0,0,0,0,14,294,320,96,8.6,27.9,7.28,9
1994,11,6,5,9.6,966.4,94.3,1.7,1,2.5,243,NA,NA,1,0,0,0,0,0,0,14,310,327,96,8.7,28.1,7.34,9.1
1994,11,6,6,9.6,966.3,94.5,1.1,0.2,0.7,14,NA,8,2,0,0,0,0,0,0,14,311,328,96,8.8,28.2,7.35,9.2
1994,11,6,7,9.7,966.6,93.5,0.1,0.7,1.6,5,NA,NA,24,24,0,10,11,11,11,14,310,328,96,8.7,28.2,7.32,9.2
1994,11,6,8,9.7,966.8,92.3,0.2,0.7,1.6,323,NA,NA,36,36,0,15,15,17,18,14,310,328,96,8.5,27.9,7.23,9.1
1994,11,6,9,10,966.6,87.3,0.2,1.6,3.2,262,NA,NA,110,110,0,58,62,49,50,14,309,330,96,8,27.6,6.97,8.9
1994,11,6,10,10.4,966.4,86.6,0,1.5,2.9,268,NA,NA,146,145,1,74,88,64,65,14,314,333,96,8.3,28.4,7.11,9.3
1994,11,6,11,10.7,966.1,86,0,2.1,3.9,257,NA,NA,162,161,2,77,102,73,72,14,323,339,96,8.5,28.9,7.2,9.5
1994,11,6,12,10.8,965.7,81.2,0,2.1,3.9,271,NA,8,135,135,0,63,78,65,62,14,321,338,96,7.7,28.1,6.85,9.2
1994,11,6,13,10.8,965.7,83.8,0,2.4,3.8,269,NA,NA,79,79,0,38,38,37,38,14,323,338,96,8.2,28.7,7.07,9.4
1994,11,6,14,10.9,965.4,84.4,0,1.3,2.8,275,NA,NA,63,63,0,30,31,30,30,14,356,356,96,8.4,29,7.17,9.6
1994,11,6,15,11.1,965.5,83,0,1.4,3,255,NA,NA,35,35,0,17,16,16,17,14,355,355,96,8.3,29.2,7.14,9.6
1994,11,6,16,10.6,965.4,87.9,0,1.2,2.4,274,NA,NA,4,4,0,2,1,1,2,14,353,353,96,8.7,29.1,7.32,9.6
1994,11,6,17,10.1,965.3,91.8,0.4,0.7,1.5,228,NA,NA,0,0,0,0,0,0,0,14,352,352,96,8.8,28.8,7.4,9.4
1994,11,6,18,10,965.4,92.6,0,1.4,2.7,202,NA,8,0,0,0,0,0,0,0,14,351,351,96,8.9,28.7,7.41,9.4
1994,11,6,19,10,965.8,91.9,0.3,1.1,2.3,216,NA,NA,0,0,0,0,0,0,0,14,351,351,96,8.7,28.6,7.35,9.3
1994,11,6,20,10,966.2,93,0.2,1.5,2.6,247,NA,NA,0,0,0,0,0,0,0,14,350,350,96,8.9,28.8,7.44,9.4
1994,11,6,21,9.7,966,94.6,0,0.7,1.7,293,NA,NA,0,0,0,0,0,0,0,14,349,349,96,8.9,28.4,7.41,9.3
1994,11,6,22,9.6,965.8,94.6,0,0.4,1.4,284,NA,NA,0,0,0,0,0,0,0,14,349,349,96,8.8,28.2,7.37,9.2
1994,11,6,23,9.7,965.6,92.6,0,1.2,2.3,260,NA,NA,0,0,0,0,0,0,0,14,349,349,96,8.6,28,7.26,9.1
1994,11,7,0,9.6,965.4,93.1,0,1.1,2.7,267,NA,NA,0,0,0,0,0,0,0,14,349,349,96,8.5,27.9,7.25,9
1994,11,7,1,9.7,965.3,91.1,0,1.5,3,247,NA,NA,1,0,0,0,0,0,0,14,349,349,96,8.3,27.7,7.14,9
1994,11,7,2,9.5,965,92.3,0,0.7,2.5,276,NA,NA,0,0,0,0,0,0,0,14,340,341,96,8.3,27.5,7.14,8.9
1994,11,7,3,8.9,964.7,93.5,0,0.2,0.8,284,NA,NA,0,0,0,0,0,0,0,14,336,336,96,7.9,26.4,6.95,8.4
1994,11,7,4,7.5,964.7,95.7,0,0.4,0.9,250,NA,NA,0,0,0,0,0,0,0,14,328,328,96,6.9,23.8,6.46,7.2
1994,11,7,5,7,964.4,95.6,0,0.8,1.4,261,NA,NA,0,0,0,0,0,0,0,14,280,302,96,6.3,22.7,6.24,6.6
1994,11,7,6,6.7,964.7,94.4,0.1,0.8,1.9,268,NA,1,0,0,0,0,0,0,0,14,280,300,96,5.9,21.9,6.03,6.3
1994,11,7,7,6.6,964.8,95.1,0,0.3,1.5,0,NA,NA,55,38,154,194,126,22,23,14,281,303,96,5.9,21.8,6.03,6.3
1994,11,7,8,8.5,965,89.7,0,0.2,1.3,284,NA,NA,182,77,423,414,391,52,52,14,289,317,96,6.9,24.8,6.48,7.7
1994,11,7,9,9.9,964.8,83.2,0,0.7,2.4,250,NA,NA,340,97,676,474,682,74,74,14,295,325,96,7.2,26.6,6.61,8.5
1994,11,7,10,10.9,964.3,77.8,0,1.1,3.1,252,NA,NA,416,68,804,324,821,75,74,14,300,334,96,7.2,27.6,6.61,9
1994,11,7,11,11.9,964,72.4,0,0.6,2,141,NA,NA,430,85,747,117,818,86,78,14,301,337,94,7.1,28.5,6.57,9.4
1994,11,7,12,12.9,963.5,67.8,0,1.2,3.4,138,NA,4,414,122,654,91,766,255,88,14,305,342,94,7.1,29.6,6.58,9.8
1994,11,7,13,13.1,963.3,67.2,0,1.2,3,115,NA,NA,281,150,341,81,477,299,81,14,304,337,94,7.2,29.8,6.61,10
1994,11,7,14,12.7,963.2,66.3,0,1.1,2.5,114,NA,NA,152,122,104,57,194,183,57,14,304,332,94,6.6,28.8,6.35,9.5
1994,11,7,15,12.5,963.1,68.8,0,0.9,2.1,122,NA,NA,80,61,121,32,133,177,31,14,301,325,94,6.9,29,6.5,9.5
1994,11,7,16,11,963.5,77.3,0,0.6,1.7,157,NA,NA,5,5,0,3,2,1,3,14,295,312,94,7.2,27.7,6.62,9
1994,11,7,17,10,964,82.3,0,0.9,2.1,266,NA,NA,0,0,0,0,0,0,0,14,341,341,94,7.1,26.6,6.59,8.5
1994,11,7,18,10.2,964,83.3,0,0.8,3.4,321,NA,7,1,0,0,0,0,0,0,14,345,345,94,7.5,27.3,6.76,8.8
1994,11,7,19,10,964,87.2,0,0.3,1.4,257,NA,NA,0,0,0,0,0,0,0,14,342,342,94,8,27.6,6.98,8.9
1994,11,7,20,9.7,964.2,89.8,0.8,0.9,2.2,290,NA,NA,0,0,0,0,0,0,0,14,348,348,94,8.1,27.5,7.05,8.9
1994,11,7,21,9.4,963.9,92.5,0.4,0.8,1.6,284,NA,NA,0,0,0,0,0,0,0,14,347,347,94,8.2,27.4,7.12,8.8
1994,11,7,22,9.4,963.7,92.6,0.5,0.1,0.9,284,NA,NA,0,0,0,0,0,0,0,14,348,348,94,8.3,27.4,7.13,8.8
1994,11,7,23,9.2,963.5,93.6,0,0.4,1.2,131,NA,NA,0,0,0,0,0,0,0,14,308,320,94,8.2,27.1,7.11,8.7
1994,11,8,0,8.5,963.5,95.4,0,0.3,1.9,59,NA,NA,0,0,0,0,0,0,0,14,304,316,94,7.8,25.9,6.91,8.1
1994,11,8,1,8,963.5,95.3,0.1,0.8,1.5,261,NA,NA,0,0,0,0,0,0,0,14,299,312,94,7.3,24.8,6.67,7.6
1994,11,8,2,7.4,963.5,95.5,0,0.5,1.3,247,NA,NA,1,0,0,0,0,0,0,14,308,317,94,6.7,23.5,6.41,7
1994,11,8,3,8.1,964,94.7,0,0.9,1.8,268,NA,NA,1,0,0,0,0,0,0,14,311,321,94,7.3,24.9,6.67,7.7
1994,11,8,4,8.6,964.4,93.6,0,1.7,2.6,263,NA,NA,1,0,0,0,0,0,0,14,314,323,94,7.6,25.8,6.82,8.1
1994,11,8,5,8.5,964.5,94.8,0,0.5,1.7,257,NA,NA,0,0,0,0,0,0,0,14,335,335,94,7.7,25.8,6.86,8.1
1994,11,8,6,8.4,964.8,94.9,0,0.5,1.5,295,NA,7,2,0,0,0,0,0,0,14,335,335,94,7.6,25.6,6.81,8
1994,11,8,7,8.7,965,93.8,0,0.3,1.2,14,NA,NA,27,27,0,13,13,12,13,14,340,340,94,7.8,26,6.87,8.2
1994,11,8,8,9.7,965.1,91.5,0,0.3,1.3,347,NA,NA,55,55,0,27,26,25,26,14,309,323,94,8.4,27.8,7.18,9
1994,11,8,9,10.4,965.1,87.3,0,0.8,1.9,82,NA,NA,262,148,320,308,429,75,76,14,315,332,94,8.4,28.5,7.17,9.3
1994,11,8,10,11.4,965.2,80.9,0,1,3.1,104,NA,NA,258,187,168,174,347,86,85,14,317,337,94,8.2,29.4,7.1,9.7
1994,11,8,11,11.4,965.1,81.5,0,1.6,3.1,108,NA,NA,156,153,6,73,99,70,69,14,350,352,94,8.3,29.5,7.16,9.7
1994,11,8,12,11.5,964.7,79,0,0.9,2.9,45,NA,7,203,187,36,83,178,105,81,14,350,354,94,8,29.2,6.99,9.6
1994,11,8,13,11.9,964.7,76.8,0,0.8,2.6,37,NA,NA,262,169,243,82,399,255,81,14,354,359,94,8,29.5,6.97,9.8
1994,11,8,14,12.2,964.7,75.7,0,0.8,2.3,30,NA,NA,229,87,501,60,484,449,60,14,313,340,94,8,30,7.01,9.9
1994,11,8,15,12.1,964.8,77.4,0,0.9,1.8,59,NA,NA,87,51,243,31,203,275,31,14,312,331,94,8.3,30.1,7.12,10
1994,11,8,16,10.8,964.7,84.6,0,1,1.8,104,NA,NA,0,0,0,0,0,0,0,14,304,316,94,8.3,28.9,7.14,9.5
1994,11,8,17,9.7,965,88,0,0.2,0.9,104,NA,NA,0,0,0,0,0,0,0,14,280,301,94,7.8,27.1,6.9,8.7
1994,11,8,18,8.8,965.2,90.2,0,0.5,3.4,347,NA,3,0,0,0,0,0,0,0,14,279,301,94,7.3,25.6,6.65,8
1994,11,8,19,7.6,965.3,92.1,0,0.3,1.3,266,NA,NA,0,0,0,0,0,0,0,14,272,296,94,6.4,23.4,6.25,7
1994,11,8,20,7.1,965.4,93,0,0.2,1.7,311,NA,NA,0,0,0,0,0,0,0,14,284,300,94,6,22.5,6.1,6.6
1994,11,8,21,7.1,965.5,92.5,0,0.1,0.8,14,NA,NA,0,0,0,0,0,0,0,14,288,303,94,6,22.4,6.07,6.6
1994,11,8,22,6.2,965.4,94.6,0,0.1,0.6,104,NA,NA,0,0,0,0,0,0,0,14,281,296,94,5.4,20.9,5.83,5.8
1994,11,8,23,6.9,965.5,93.6,0,0.6,1.6,208,NA,NA,0,0,0,0,0,0,0,14,342,342,94,5.9,22.1,6.06,6.4
1994,11,9,0,7.5,965.5,93.7,0,0.4,1.5,356,NA,NA,2,0,0,0,0,0,0,14,339,339,94,6.6,23.4,6.32,7
1994,11,9,1,8.1,965.3,94.2,0,0.6,1.6,41,NA,NA,1,0,0,0,0,0,0,14,342,342,94,7.2,24.8,6.62,7.6
1994,11,9,2,8.5,964.7,94.4,0,0.9,1.9,68,NA,NA,1,0,0,0,0,0,0,14,344,344,94,7.7,25.7,6.83,8.1
1994,11,9,3,8.6,964.7,92.6,0,1.2,2.5,59,NA,NA,0,0,0,0,0,0,0,14,342,342,94,7.5,25.6,6.74,8
1994,11,9,4,8.3,964.7,91.3,0,0.7,1.8,65,NA,NA,0,0,0,0,0,0,0,14,343,343,94,7,24.7,6.51,7.6
1994,11,9,5,8.5,964.3,92.1,0,0.4,1.1,347,NA,NA,0,0,0,0,0,0,0,14,343,343,94,7.3,25.3,6.66,7.9
1994,11,9,6,8.6,964.5,90.5,0,0.3,1.1,284,NA,8,1,0,0,0,0,0,0,14,344,344,94,7.1,25.2,6.59,7.8
1994,11,9,7,8.7,964.4,90.9,0,0.8,2.4,104,NA,NA,33,33,0,19,18,15,15,14,343,343,94,7.3,25.5,6.66,8
1994,11,9,8,8.7,964.3,89.4,0,1.1,2,121,NA,NA,84,84,0,50,49,37,38,14,337,337,94,7.1,25.2,6.55,7.9
1994,11,9,9,9.2,964.1,86.6,0,0.8,2.5,81,NA,NA,145,141,11,95,112,60,62,14,341,341,94,7.1,25.8,6.57,8.1
1994,11,9,10,9.8,963.4,84.4,0,1.5,3.1,70,NA,NA,184,173,27,103,155,75,75,14,344,345,94,7.3,26.6,6.67,8.5
1994,11,9,11,10.7,962.8,80.6,0,1.4,2.9,91,NA,NA,291,198,204,118,403,103,91,14,321,340,94,7.5,27.8,6.77,9
1994,11,9,12,10.4,962.3,80.1,0,1.4,2.9,87,NA,7,95,95,0,45,48,45,45,14,319,333,94,7.1,27.1,6.6,8.7
1994,11,9,13,10.6,961.8,79.9,0,0.8,2,97,NA,NA,52,52,0,26,22,23,25,14,321,333,94,7.3,27.5,6.67,8.9
1994,11,9,14,10.7,961.2,81.6,0,0.6,1.6,93,NA,NA,56,56,0,27,26,26,27,14,338,342,94,7.7,28.1,6.87,9.1
1994,11,9,15,10.6,960.9,83,0,0.5,1.2,82,NA,NA,12,12,0,6,4,4,6,14,337,339,94,7.8,28.1,6.94,9.1
1994,11,9,16,10.3,960.9,87.8,0.8,0.5,1.8,41,NA,NA,0,0,0,0,0,0,0,14,336,337,94,8.4,28.5,7.2,9.3
1994,11,9,17,10,960.7,90.6,0.3,1.1,2.4,43,NA,NA,0,0,0,0,0,0,0,14,327,336,96,8.5,28.4,7.28,9.2
1994,11,9,18,9.9,960.6,91.3,1.4,0.7,2.4,53,NA,8,0,0,0,0,0,0,0,14,326,335,96,8.5,28.3,7.29,9.1
1994,11,9,19,9.6,960.7,93.6,3,0.8,2.3,22,NA,NA,0,0,0,0,0,0,0,14,325,335,96,8.6,28.1,7.33,9.1
1994,11,9,20,9.6,960.6,94,1.4,0.8,2,14,NA,NA,0,0,0,0,0,0,0,14,350,350,96,8.7,28.2,7.36,9.1
1994,11,9,21,9.6,961.2,94.2,5.5,1.7,4.1,63,NA,NA,0,0,0,0,0,0,0,14,349,349,96,8.7,28.2,7.37,9.1
1994,11,9,22,9.7,962.2,93.4,6.8,1.4,3.3,211,NA,NA,0,0,0,0,0,0,0,14,350,350,96,8.7,28.3,7.35,9.2
1994,11,9,23,9.5,962.6,89.8,3.1,2.4,6,179,NA,NA,0,0,0,0,0,0,0,14,330,336,96,7.9,27.1,6.96,8.7
1994,11,10,0,8.6,962.2,87.3,0.8,3.7,7.5,143,NA,NA,0,0,0,0,0,0,0,14,326,332,96,6.6,24.7,6.37,7.6
1994,11,10,1,8.4,962.5,79.6,0,2.4,6.9,171,NA,NA,0,0,0,0,0,0,0,14,326,330,96,5.1,22.8,5.72,6.8
1994,11,10,2,8,961.7,87.1,0,2.1,4.2,290,NA,NA,0,0,0,0,0,0,0,14,339,339,96,6,23.4,6.1,7
1994,11,10,3,7.7,961.3,83.1,0,2.4,4.1,246,NA,NA,0,0,0,0,0,0,0,14,339,339,96,5,22.1,5.7,6.4
1994,11,10,4,7.1,960.9,87,0,1.9,2.9,248,NA,NA,1,0,0,0,0,0,0,14,332,332,96,5.1,21.5,5.73,6.1
1994,11,10,5,6.1,960.5,93.2,0,0.5,1.5,262,NA,NA,0,0,0,0,0,0,0,14,281,299,96,5.1,20.5,5.73,5.6
1994,11,10,6,5.2,960.5,95.2,0,0.6,1.7,295,NA,2,1,0,0,0,0,0,0,14,279,299,96,4.5,19,5.5,4.9
1994,11,10,7,5.7,961.2,93.6,0,0.7,1.9,250,NA,NA,44,39,54,100,69,20,20,14,281,301,96,4.8,19.8,5.59,5.3
1994,11,10,8,7.4,961.7,87.2,0,0.4,1.4,239,NA,NA,144,86,246,289,277,49,49,14,281,309,96,5.4,22.2,5.86,6.4
1994,11,10,9,9,961.6,77.9,0,0.9,3.2,291,NA,NA,276,107,489,377,542,68,68,14,289,320,96,5.4,23.7,5.84,7.2
1994,11,10,10,9.9,961.3,72.3,0,1.6,3.6,277,NA,NA,348,152,469,267,623,89,88,14,294,329,96,5.2,24.4,5.76,7.6
1994,11,10,11,10.8,960.7,70.4,0,1.7,3.9,256,NA,NA,373,155,487,130,664,104,91,14,297,333,96,5.6,25.9,5.96,8.2
1994,11,10,12,11.7,960.3,67.8,0,2.5,4.8,263,NA,4,222,186,84,85,246,122,82,14,308,335,96,6,27.1,6.09,8.8
1994,11,10,13,12.1,959.9,66.8,0,2.5,4.7,261,NA,NA,156,154,6,67,107,87,67,14,310,336,96,6.1,27.7,6.17,9
1994,11,10,14,12.6,959.8,61.8,0,4,7.6,238,NA,NA,122,113,32,51,118,110,50,14,327,344,96,5.5,27.5,5.9,9
1994,11,10,15,12.4,959.8,63.4,0,3.6,6.4,237,NA,NA,70,56,102,29,119,155,29,14,326,341,96,5.7,27.5,5.97,8.9
1994,11,10,16,11.4,960.6,71.2,0,4,8.1,253,NA,NA,5,0,0,0,0,0,0,14,322,336,96,6.4,27.3,6.27,8.8
1994,11,10,17,9.7,960.8,84.7,2.1,4,9.8,259,NA,NA,0,0,0,0,0,0,0,14,341,341,96,7.3,26.5,6.67,8.4
1994,11,10,18,9.4,961.1,87.4,0,1.6,4.2,271,NA,7,0,0,0,0,0,0,0,14,337,338,96,7.4,26.4,6.74,8.4
1994,11,10,19,9,961.1,88.9,1.1,2.4,3.9,281,NA,NA,0,0,0,0,0,0,0,14,337,338,96,7.3,25.8,6.67,8.1
1994,11,10,20,8.7,961.4,89.4,1.4,2,5.3,313,NA,NA,0,0,0,0,0,0,0,14,342,342,96,7.1,25.3,6.57,7.9
1994,11,10,21,8.8,961.5,88.8,0.1,1.7,3.6,224,NA,NA,0,0,0,0,0,0,0,14,344,344,96,7.1,25.4,6.57,7.9
1994,11,10,22,8.2,961.4,90.4,0.1,0.5,2.1,266,NA,NA,0,0,0,0,0,0,0,14,343,343,96,6.7,24.4,6.42,7.4
1994,11,10,23,8.3,961.5,92.5,0.5,1.3,2.8,255,NA,NA,0,0,0,0,0,0,0,14,334,335,96,7.2,25,6.62,7.7
1994,11,11,0,8.2,961.2,93.7,0.3,1.2,2.4,278,NA,NA,0,0,0,0,0,0,0,14,333,335,96,7.2,25,6.66,7.7
1994,11,11,1,8.2,961.3,93.9,0,0.7,1.5,59,NA,NA,0,0,0,0,0,0,0,14,334,334,96,7.3,25,6.67,7.7
1994,11,11,2,8.1,961.6,94.5,0,1,2.3,20,NA,NA,0,0,0,0,0,0,0,14,334,335,96,7.3,24.9,6.67,7.7
1994,11,11,3,8.1,961.7,94.5,0.1,0.5,1.3,32,NA,NA,1,0,0,0,0,0,0,14,335,335,96,7.3,24.9,6.67,7.7
1994,11,11,4,8.2,961.6,94.2,0.1,0.5,1.5,221,NA,NA,0,0,0,0,0,0,0,14,333,335,96,7.3,25.1,6.69,7.7
1994,11,11,5,7.8,962.2,95.3,0,0.3,1.2,284,NA,NA,0,0,0,0,0,0,0,14,333,333,96,7.1,24.4,6.59,7.4
1994,11,11,6,7.9,963,93.7,0,0.7,1.7,311,NA,6,0,0,0,0,0,0,0,14,325,330,96,6.9,24.3,6.51,7.4
1994,11,11,7,8.5,963.7,90.8,0.5,0.6,2,298,NA,NA,12,12,0,4,5,6,6,14,328,333,96,7.1,25.1,6.57,7.8
1994,11,11,8,8.8,964.3,90,0.1,1,2.2,239,NA,NA,73,73,0,42,41,33,34,14,330,336,96,7.3,25.6,6.64,8
1994,11,11,9,9.4,964.7,86.4,0,1.7,2.7,251,NA,NA,157,142,44,126,159,62,63,14,333,340,96,7.2,26.2,6.64,8.3
1994,11,11,10,10.3,965.2,80.7,0,0.8,2.4,239,NA,NA,311,259,125,200,397,99,98,14,338,347,96,7.1,26.9,6.58,8.6
1994,11,11,11,10.5,965.4,79.5,0,0.9,2.2,117,NA,NA,127,127,0,61,72,59,58,14,344,348,96,7.1,27.1,6.57,8.7
1994,11,11,12,10.9,965.6,73.7,0,0.5,1.8,194,NA,7,192,179,32,80,168,99,78,14,346,354,96,6.4,26.7,6.25,8.6
1994,11,11,13,11.1,966,72.7,0,0.8,3.2,347,NA,NA,196,156,109,72,254,169,72,14,349,356,96,6.4,26.9,6.24,8.7
1994,11,11,14,10.9,966.8,76.9,0,1.3,2.9,315,NA,NA,67,67,0,32,34,33,32,14,345,349,96,7,27.4,6.52,8.9
1994,11,11,15,10.2,967.7,83,0.5,0.8,1.6,318,NA,NA,15,15,0,7,5,4,7,14,341,343,96,7.4,27.1,6.71,8.7
1994,11,11,16,9.3,968.6,87.4,0.1,0.8,2.4,292,NA,NA,2,0,0,0,0,0,0,14,339,339,96,7.3,26.1,6.64,8.3
1994,11,11,17,9.5,969.3,81.8,0.1,1.2,3.1,31,NA,NA,0,0,0,0,0,0,0,14,331,333,96,6.5,25.4,6.29,8
1994,11,11,18,8.9,969.1,83.9,0,1.3,3.5,75,NA,7,0,0,0,0,0,0,0,14,324,326,96,6.3,24.5,6.2,7.6
1994,11,11,19,7.4,968.9,90.1,0,1.7,4.3,336,NA,NA,0,0,0,0,0,0,0,14,321,324,96,5.9,22.5,6.01,6.7
1994,11,11,20,7.1,968.9,86.7,0,0.7,2.6,14,NA,NA,0,0,0,0,0,0,0,14,276,300,96,5,21.4,5.66,6.1
1994,11,11,21,6,968.6,90.6,0,0.4,1.4,250,NA,NA,0,0,0,0,0,0,0,14,273,296,96,4.6,19.8,5.49,5.3
1994,11,11,22,5.8,968.4,89.7,0,0.5,1.9,122,NA,NA,0,0,0,0,0,0,0,14,266,289,96,4.2,19.3,5.36,5
1994,11,11,23,4.3,968.6,95.6,0,0.6,1.4,257,NA,NA,0,0,0,0,0,0,0,14,255,284,96,3.7,17.2,5.14,4
1994,11,12,0,3.9,968.6,95.8,0,0.6,1.3,247,NA,NA,0,0,0,0,0,0,0,14,253,283,96,3.3,16.5,5.01,3.6
1994,11,12,1,3.4,968.6,95.7,0,0.5,1.9,262,NA,NA,0,0,0,0,0,0,0,14,250,281,96,2.8,15.5,4.83,3.1
1994,11,12,2,3,968.3,96.3,0,0.8,1.3,261,NA,NA,0,0,0,0,0,0,0,14,255,282,96,2.5,14.8,4.72,2.8
1994,11,12,3,2.7,968.4,95.4,0,0.7,1.5,257,NA,NA,0,0,0,0,0,0,0,14,256,283,96,2,14.2,4.58,2.4
1994,11,12,4,4,968.3,94.4,0,0.6,1.7,257,NA,NA,3,0,0,0,0,0,0,14,263,293,96,3.2,16.5,4.97,3.6
1994,11,12,5,5.1,968.1,93.2,0,0.4,1.6,239,NA,NA,3,0,0,0,0,0,0,14,326,326,96,4.1,18.4,5.3,4.6
1994,11,12,6,5.4,967.9,94.1,0,0.4,1.1,32,NA,8,3,0,0,0,0,0,0,14,329,329,96,4.5,19.1,5.47,5
1994,11,12,7,6.3,968.1,93.4,0,0.4,1.4,59,NA,NA,28,28,0,15,14,13,13,14,335,335,96,5.3,20.8,5.78,5.8
1994,11,12,8,7.3,968.1,90.2,0,0.7,1.9,77,NA,NA,68,68,0,38,37,31,31,14,339,339,96,5.8,22.4,5.98,6.6
1994,11,12,9,8.1,967.9,86.9,0,1.6,3.4,32,NA,NA,143,137,16,96,115,59,60,14,343,343,96,6.1,23.4,6.09,7.1
1994,11,12,10,8.9,967.3,82.7,0,1.7,4.2,50,NA,NA,178,175,8,93,127,75,76,14,346,346,96,6.1,24.3,6.12,7.5
1994,11,12,11,9.3,966.5,78.1,0,2.3,5.9,38,NA,NA,249,198,117,112,325,100,88,14,305,326,94,5.7,24.3,5.94,7.5
1994,11,12,12,9.9,966,73.5,0,2.9,4.6,55,NA,7,258,195,150,92,350,151,87,14,306,327,94,5.4,24.6,5.82,7.6
1994,11,12,13,10.2,966.1,72.8,0,1.8,4,52,NA,NA,236,156,219,76,369,232,76,14,307,329,94,5.5,25.1,5.89,7.8
1994,11,12,14,10,966.3,73.6,0,1.3,2.7,59,NA,NA,87,87,0,40,50,48,39,14,307,325,94,5.5,24.8,5.87,7.7
1994,11,12,15,9.8,966.6,75.5,0,0.6,1.4,45,NA,NA,24,24,0,12,10,9,12,14,306,322,94,5.7,24.8,5.94,7.7
1994,11,12,16,9.6,967,77.2,0,0.8,2,7,NA,NA,4,0,0,0,0,0,0,14,306,320,94,5.8,24.7,5.99,7.7
1994,11,12,17,9.1,967.4,82.3,0,0.2,1.2,311,NA,NA,2,0,0,0,0,0,0,14,286,308,94,6.2,24.7,6.17,7.6
1994,11,12,18,8.4,968.1,85.4,0,0.3,1.4,311,NA,7,1,0,0,0,0,0,0,14,285,306,94,6.1,23.8,6.1,7.2
1994,11,12,19,8.2,968.4,88.2,0,0.3,0.9,311,NA,NA,2,0,0,0,0,0,0,14,285,308,94,6.4,23.9,6.22,7.3
1994,11,12,20,8.3,969,88.8,0,0.2,0.9,77,NA,NA,3,0,0,0,0,0,0,14,292,311,94,6.6,24.2,6.3,7.4
1994,11,12,21,8.2,969.2,89.7,0,0.3,1.1,257,NA,NA,2,0,0,0,0,0,0,14,292,311,94,6.6,24.1,6.32,7.4
1994,11,12,22,8.1,969.2,90,0,0.4,1.2,298,NA,NA,2,0,0,0,0,0,0,14,290,310,94,6.6,24,6.3,7.3
1994,11,12,23,8.2,969.6,89.7,0,0.5,1.6,257,NA,NA,1,0,0,0,0,0,0,14,286,306,94,6.6,24.1,6.32,7.4
1994,11,13,0,7.6,969.6,92.1,0,0.3,1,329,NA,NA,1,0,0,0,0,0,0,14,279,302,94,6.4,23.3,6.23,7
1994,11,13,1,7.4,969.8,93,0,0.2,1.8,239,NA,NA,2,0,0,0,0,0,0,14,283,305,94,6.3,23,6.2,6.8
1994,11,13,2,7.6,969.9,92.9,0,0.5,1.4,284,NA,NA,2,0,0,0,0,0,0,14,331,331,94,6.5,23.4,6.28,7
1994,11,13,3,7.6,970.3,93.6,0,0.8,1.4,268,NA,NA,1,0,0,0,0,0,0,14,331,331,94,6.6,23.5,6.32,7.1
1994,11,13,4,8,970.8,92,0,0.5,1.3,284,NA,NA,2,0,0,0,0,0,0,14,334,334,94,6.8,24.1,6.39,7.4
1994,11,13,5,8.2,971.3,92.1,0,0.4,1.7,356,NA,NA,0,0,0,0,0,0,0,14,334,334,94,7,24.5,6.48,7.6
1994,11,13,6,8.3,971.9,90.7,0,0.3,0.9,284,NA,7,0,0,0,0,0,0,0,14,334,334,94,6.9,24.5,6.42,7.6
1994,11,13,7,8.8,972.5,86.1,0,0.9,2.5,290,NA,NA,24,24,0,12,12,11,11,14,338,338,94,6.6,24.7,6.3,7.7
1994,11,13,8,9.6,973.3,83.2,0,0.8,2.6,292,NA,NA,68,68,0,38,37,31,31,14,342,342,94,6.9,25.8,6.42,8.2
1994,11,13,9,10.4,973.8,79,0,1.1,3.1,291,NA,NA,159,136,69,135,174,60,61,14,344,346,94,6.9,26.6,6.43,8.6
1994,11,13,10,10.6,973.9,78.4,0,1.4,2.9,257,NA,NA,99,99,0,49,52,46,46,14,346,346,94,7,26.9,6.46,8.7
1994,11,13,11,10.8,973.9,77.3,0,1,1.9,271,NA,NA,86,86,0,41,42,40,41,14,331,339,94,7,27.1,6.46,8.8
1994,11,13,12,11.4,973.8,74.5,0,1.3,3.4,260,NA,7,141,140,1,64,86,68,63,14,334,343,94,7,27.8,6.48,9.1
1994,11,13,13,12.3,973.8,73.9,0,1,2.8,247,NA,NA,233,147,236,74,376,234,74,14,343,353,94,7.8,29.6,6.82,9.9
1994,11,13,14,13,974.2,72.6,0,1.2,2.9,145,NA,NA,224,104,458,61,469,425,61,14,315,342,94,8.2,30.8,7.02,10.4
1994,11,13,15,12.3,974.3,75.2,0,1,2.3,239,NA,NA,76,44,238,29,200,264,29,14,311,331,94,8,29.9,6.94,10
1994,11,13,16,11,974.7,80.4,0,0.7,1.6,295,NA,NA,3,0,0,0,0,0,0,14,305,317,94,7.8,28.2,6.81,9.3
1994,11,13,17,9.2,975.4,89,0,0.5,1.8,104,NA,NA,0,0,0,0,0,0,0,14,289,305,94,7.5,26,6.67,8.3
1994,11,13,18,8.6,975.8,90.9,0,0.4,2,32,NA,4,0,0,0,0,0,0,0,14,282,300,94,7.2,25.1,6.54,7.9
1994,11,13,19,8,976,92.7,0,0.2,1.3,221,NA,NA,0,0,0,0,0,0,0,14,282,299,94,6.9,24.1,6.4,7.4
1994,11,13,20,6.6,976.2,94.5,0,0.2,1.6,329,NA,NA,0,0,0,0,0,0,0,14,267,290,94,5.8,21.5,5.92,6.2
1994,11,13,21,6,976.4,94.2,0,0.5,1.9,257,NA,NA,0,0,0,0,0,0,0,14,265,289,94,5.1,20.2,5.66,5.6
1994,11,13,22,5.2,976.9,94.1,0,0.5,1.4,270,NA,NA,0,0,0,0,0,0,0,14,260,285,94,4.3,18.6,5.34,4.8
1994,11,13,23,4.6,977.5,94.6,0,0.3,1.4,329,NA,NA,0,0,0,0,0,0,0,14,257,283,94,3.8,17.5,5.15,4.2
1994,11,14,0,4.6,977.3,93.8,0,0.8,1.9,250,NA,NA,0,0,0,0,0,0,0,14,260,285,94,3.7,17.4,5.1,4.2
1994,11,14,1,5.5,977.1,95.9,0,1.3,2,245,NA,NA,0,0,0,0,0,0,0,14,263,291,94,4.9,19.5,5.56,5.2
1994,11,14,2,5.2,976.6,96.3,0,1.1,2.3,267,NA,NA,0,0,0,0,0,0,0,14,259,289,94,4.7,18.9,5.47,5
1994,11,14,3,4.4,976.8,95.2,0,1.2,2.4,266,NA,NA,0,0,0,0,0,0,0,14,258,284,94,3.7,17.2,5.11,4.1
1994,11,14,4,4.4,977.3,95.7,0,1,2,260,NA,NA,0,0,0,0,0,0,0,14,254,283,94,3.8,17.3,5.13,4.1
1994,11,14,5,3.6,977.1,96,0,0.4,1.3,270,NA,NA,1,0,0,0,0,0,0,14,320,320,94,3,15.8,4.87,3.3
1994,11,14,6,4.2,977.5,94,0,0.7,2,257,NA,8,0,0,0,0,0,0,0,14,324,324,94,3.3,16.7,4.97,3.8
1994,11,14,7,5,977.9,93,0,0.6,2.1,266,NA,NA,21,21,0,10,10,10,10,14,331,331,94,4,18.1,5.2,4.5
1994,11,14,8,6.2,977.9,94.7,0,0.6,1.8,295,NA,NA,126,91,159,218,212,45,46,14,301,313,94,5.4,20.7,5.76,5.8
1994,11,14,9,8.2,978,88.9,0,0.7,2.1,247,NA,NA,266,95,519,385,562,66,67,14,311,325,94,6.5,23.8,6.21,7.3
1994,11,14,10,9.4,977.5,83.2,0,1.2,2.7,239,NA,NA,270,174,238,198,424,85,84,14,318,330,94,6.7,25.3,6.3,8
1994,11,14,11,10.6,977,79.8,0,1.8,3.8,251,NA,NA,335,165,395,127,592,104,90,14,306,329,94,7.3,27.2,6.56,8.9
1994,11,14,12,11.4,976.5,76.6,0,2.1,3.8,256,NA,6,286,172,276,90,463,176,85,14,310,333,94,7.4,28.2,6.64,9.3
1994,11,14,13,11.9,976.3,73.6,0,1.2,3.2,239,NA,NA,232,152,224,75,370,231,74,14,310,335,94,7.3,28.6,6.6,9.5
1994,11,14,14,11.9,976.2,74.3,0,1.4,2.8,259,NA,NA,82,82,0,37,46,44,37,14,352,352,94,7.5,28.8,6.66,9.6
1994,11,14,15,11.3,976.5,77.8,0,1.6,2.3,266,NA,NA,38,38,0,18,20,20,18,14,346,346,94,7.6,28.3,6.7,9.3
1994,11,14,16,10.5,976.6,80.4,0,1,2,278,NA,NA,3,0,0,0,0,0,0,14,344,344,94,7.3,27.1,6.57,8.8
1994,11,14,17,9.3,976.9,85.7,0,0.6,2.2,59,NA,NA,0,0,0,0,0,0,0,14,283,302,94,7,25.6,6.46,8.1
1994,11,14,18,8.7,977,88.4,0,0.4,2.1,0,NA,5,0,0,0,0,0,0,0,14,288,306,94,6.9,24.8,6.39,7.8
1994,11,14,19,7.4,977,92.2,0,0.1,1.9,284,NA,NA,0,0,0,0,0,0,0,14,278,299,94,6.2,22.8,6.1,6.8
1994,11,14,20,6.6,976.8,92.7,0,0.3,1.4,284,NA,NA,0,0,0,0,0,0,0,14,267,292,94,5.5,21.2,5.8,6.1
1994,11,14,21,5.6,976.6,93.8,0,0.7,1.4,257,NA,NA,0,0,0,0,0,0,0,14,262,287,94,4.7,19.4,5.48,5.2
1994,11,14,22,5,976.4,93.6,0,0.7,1.8,266,NA,NA,0,0,0,0,0,0,0,14,256,283,94,4.1,18.2,5.24,4.6
1994,11,14,23,4.5,976.3,93.8,0,0.8,1.9,261,NA,NA,0,0,0,0,0,0,0,14,255,280,94,3.6,17.2,5.07,4.1
1994,11,15,0,4.1,976.2,93.7,0,0.3,1.3,239,NA,NA,0,0,0,0,0,0,0,14,253,278,94,3.2,16.5,4.93,3.7
1994,11,15,1,3.7,976.2,93.3,0,0.5,1.4,247,NA,NA,0,0,0,0,0,0,0,14,250,277,94,2.7,15.7,4.77,3.3
1994,11,15,2,3.7,975.8,92.8,0,0.7,2.4,239,NA,NA,0,0,0,0,0,0,0,14,251,277,94,2.6,15.6,4.74,3.2
1994,11,15,3,4,975.8,93.6,0,0.4,1.4,208,NA,NA,0,0,0,0,0,0,0,14,254,277,94,3.1,16.3,4.89,3.6
1994,11,15,4,3.8,975.7,93.3,0,0.2,0.9,284,NA,NA,0,0,0,0,0,0,0,14,254,278,94,2.8,15.9,4.8,3.4
1994,11,15,5,3.9,975.8,92.7,0,0.1,1.2,284,NA,NA,2,0,0,0,0,0,0,14,257,279,94,2.8,16,4.81,3.4
1994,11,15,6,3.9,976.3,93,0,0.5,1.3,257,NA,3,0,0,0,0,0,0,0,14,258,280,94,2.9,16,4.82,3.5
1994,11,15,7,5.5,976.6,88.9,0,0.6,1.6,225,NA,NA,43,43,0,35,29,18,18,14,260,284,94,3.8,18.5,5.15,4.7
1994,11,15,8,8.6,976.8,78.2,0,0.4,1.7,250,NA,NA,165,71,438,414,404,47,48,14,281,307,94,5,22.8,5.61,6.8
1994,11,15,9,11.8,977,64.9,0,3.8,6.6,249,NA,NA,223,142,251,264,372,69,70,14,291,316,94,5.4,26.4,5.77,8.5
1994,11,15,10,13.2,976.8,57.7,0,3,6.1,243,NA,NA,170,160,24,95,143,69,70,14,297,327,94,5.1,27.5,5.62,9.1
1994,11,15,11,13.5,976.1,61.7,0,4.6,7.1,244,NA,NA,177,168,20,83,146,78,74,14,358,358,94,6.3,29.1,6.14,9.7
1994,11,15,12,13,976.1,64.2,0,4.1,6.5,256,NA,7,55,55,0,27,24,25,27,14,358,358,94,6.4,28.7,6.18,9.5
1994,11,15,13,13.4,975.9,62.6,0,2.6,5.3,255,NA,NA,54,54,0,26,24,24,26,14,360,360,94,6.4,29.1,6.19,9.7
1994,11,15,14,13.7,975.6,63.1,0,3.6,6.7,244,NA,NA,43,43,0,21,19,19,21,14,318,336,94,6.8,29.9,6.37,10
1994,11,15,15,13.5,975.8,67.1,0,2.4,4.9,241,NA,NA,11,11,0,6,4,3,6,14,316,334,94,7.5,30.5,6.69,10.3
1994,11,15,16,13,976,71.1,0,2.7,6.6,242,NA,NA,2,0,0,0,0,0,0,14,316,332,94,7.9,30.4,6.86,10.2
1994,11,15,17,12.8,976.2,73.6,0,2.7,5.4,222,NA,NA,0,0,0,0,0,0,0,14,346,346,94,8.2,30.6,7.01,10.3
1994,11,15,18,12.2,976.2,78.1,0,1.6,4.1,242,NA,6,1,0,0,0,0,0,0,14,344,344,94,8.5,30.3,7.15,10.2
1994,11,15,19,11.8,976,80.6,0,2.7,4.9,251,NA,NA,0,0,0,0,0,0,0,14,344,344,94,8.6,30,7.19,10.1
1994,11,15,20,11.6,976.1,80.9,0,3.3,5.1,251,NA,NA,0,0,0,0,0,0,0,14,348,348,94,8.4,29.6,7.12,9.9
1994,11,15,21,11.2,975.9,82,0,2.3,4.2,255,NA,NA,1,0,0,0,0,0,0,14,347,347,94,8.2,29,7.03,9.6
1994,11,15,22,11.4,976,81.1,0,3.1,4.3,244,NA,NA,0,0,0,0,0,0,0,14,353,353,94,8.3,29.2,7.04,9.7
1994,11,15,23,11.8,976.1,79.4,0,2.9,5.4,238,NA,NA,2,0,0,0,0,0,0,14,337,339,94,8.4,29.7,7.08,10
1994,11,16,0,11.6,975.4,83.5,0,2.4,4.6,232,NA,NA,0,0,0,0,0,0,0,14,337,340,94,8.9,30.2,7.36,10.1
1994,11,16,1,11.5,975.6,83.8,0,0.8,3.3,221,NA,NA,1,0,0,0,0,0,0,14,335,338,94,8.9,30,7.33,10.1
1994,11,16,2,11.6,975.4,80.9,0,2.7,5.9,242,NA,NA,1,0,0,0,0,0,0,14,322,331,94,8.4,29.6,7.12,9.9
1994,11,16,3,10.8,974.9,84.8,0,2.7,4.7,241,NA,NA,0,0,0,0,0,0,0,14,319,328,94,8.3,28.7,7.08,9.5
1994,11,16,4,10.6,975.3,85.9,0,1.2,3.9,239,NA,NA,0,0,0,0,0,0,0,14,324,326,94,8.3,28.5,7.08,9.4
1994,11,16,5,10,974.9,84.6,0,2.4,4.5,246,NA,NA,0,0,0,0,0,0,0,14,302,314,94,7.5,26.9,6.7,8.7
1994,11,16,6,9.9,975.1,84.9,0,1,3.9,224,NA,2,0,0,0,0,0,0,0,14,300,310,94,7.5,26.8,6.67,8.6
1994,11,16,7,9.1,975.6,88.2,0,1.7,4.3,254,NA,NA,38,38,0,29,24,16,16,14,301,313,94,7.3,25.7,6.56,8.2
1994,11,16,8,11.5,975.6,81.2,0,2.6,5.5,237,NA,NA,151,65,408,384,376,45,45,14,306,325,94,8.4,29.5,7.1,9.8
1994,11,16,9,12.9,975.8,74.2,0,3.2,5.3,229,NA,NA,220,120,313,291,416,67,67,14,311,333,94,8.4,30.9,7.11,10.4
1994,11,16,10,14.2,975,62.8,0,4.3,7.6,235,NA,NA,379,103,704,312,789,80,79,14,311,339,94,7.2,30.8,6.55,10.4
1994,11,16,11,14.7,974.3,56.5,0,4.3,7.5,231,NA,NA,411,67,815,116,873,79,73,14,312,343,94,6.2,30.2,6.09,10.2
1994,11,16,12,15.1,973.1,52.5,0,4.2,7.4,233,NA,2,407,156,617,97,779,253,93,14,313,346,94,5.5,29.9,5.81,10.1
1994,11,16,13,14.9,972.7,48.6,0,4.3,7.8,225,NA,NA,207,146,173,71,323,202,71,14,306,335,94,4.2,28.4,5.31,9.4
1994,11,16,14,14.1,972.2,49.3,0,3.9,6.6,239,NA,NA,83,83,0,38,48,46,38,14,311,334,94,3.6,27.1,5.11,8.8
1994,11,16,15,12.7,971.9,58,0,4.1,6.1,258,NA,NA,24,24,0,12,10,10,12,14,309,329,94,4.7,26.6,5.5,8.7
1994,11,16,16,12.3,971.6,55.8,0,3.3,5.9,255,NA,NA,1,0,0,0,0,0,0,14,307,327,94,3.7,25.4,5.15,8.1
1994,11,16,17,12,971.6,57.2,0,1.7,4.4,247,NA,NA,0,0,0,0,0,0,0,14,293,319,94,3.8,25.1,5.18,8
1994,11,16,18,11.3,971.7,63,0,1.1,2.8,295,NA,8,1,0,0,0,0,0,0,14,292,317,94,4.5,25.1,5.44,7.9
1994,11,16,19,11.2,971.7,65,0,0.9,2.9,160,NA,NA,0,0,0,0,0,0,0,14,293,316,94,4.9,25.3,5.58,8
1994,11,16,20,11.4,971.3,57.5,0,2.1,5.8,231,NA,NA,1,0,0,0,0,0,0,14,291,316,94,3.3,24.1,5,7.5
1994,11,16,21,10.3,970.7,64.9,0,0.4,2,356,NA,NA,0,0,0,0,0,0,0,14,288,310,94,4,23.6,5.25,7.2
1994,11,16,22,9.5,970.5,70.9,0,0.8,4.1,194,NA,NA,0,0,0,0,0,0,0,14,284,305,94,4.5,23.2,5.44,7
1994,11,16,23,8.8,970.2,70.9,0,1.6,3.3,284,NA,NA,0,0,0,0,0,0,0,14,306,312,94,3.8,21.9,5.19,6.4
1994,11,17,0,6.6,970,80.2,0,1.2,2.2,284,NA,NA,0,0,0,0,0,0,0,14,295,301,94,3.4,19.3,5.05,5.1
1994,11,17,1,5.6,969.7,84.3,0,0.6,1.7,284,NA,NA,0,0,0,0,0,0,0,14,293,299,94,3.2,18.1,4.96,4.5
1994,11,17,2,4.3,969.5,88.5,0,0.4,1.2,311,NA,NA,0,0,0,0,0,0,0,14,270,287,94,2.6,16.2,4.75,3.5
1994,11,17,3,3.8,969.3,88.1,0,0.8,2,59,NA,NA,0,0,0,0,0,0,0,14,268,284,94,2,15.2,4.56,3
1994,11,17,4,3.8,969.2,87.2,0,0.1,1.2,0,NA,NA,3,0,0,0,0,0,0,14,269,287,94,1.9,15.1,4.52,3
1994,11,17,5,4.4,969.2,87.1,0,0.7,1.5,261,NA,NA,0,0,0,0,0,0,0,14,307,308,94,2.4,16.2,4.71,3.5
1994,11,17,6,4.7,969.4,86.5,0,1.3,2.1,252,NA,6,1,0,0,0,0,0,0,14,307,307,94,2.6,16.7,4.78,3.8
1994,11,17,7,4.7,969.8,86.9,0,0.7,1.9,329,NA,NA,47,47,0,43,34,18,19,14,311,311,94,2.7,16.7,4.8,3.8
1994,11,17,8,7.1,970.1,79.5,0,1.1,2.1,255,NA,NA,150,62,424,392,385,44,44,14,312,319,94,3.8,20.2,5.18,5.5
1994,11,17,9,8.2,970,75.9,0,1,2.5,260,NA,NA,210,121,279,273,390,66,67,14,319,329,94,4.2,21.7,5.34,6.3
1994,11,17,10,10,970.2,67,0,0.7,3,231,NA,NA,343,148,500,273,654,87,86,14,329,343,94,4.2,23.4,5.32,7.2
1994,11,17,11,11.3,969.6,60.4,0,2.5,4.9,236,NA,NA,282,185,233,119,446,101,88,14,295,326,94,3.9,24.5,5.23,7.7
1994,11,17,12,11.7,969.4,60.8,0,2,4,284,NA,3,243,175,168,85,345,143,81,14,296,326,94,4.4,25.4,5.41,8.1
1994,11,17,13,12.8,969.2,55.5,0,1.2,4.1,354,NA,NA,309,131,515,78,617,359,77,14,300,337,94,4.1,26.3,5.31,8.4
1994,11,17,14,13.2,969,50.3,0,1.8,5.3,270,NA,NA,224,68,630,55,572,506,55,14,287,328,94,3.1,25.7,4.94,8.2
1994,11,17,15,12.3,969.5,51,0,4.1,7.2,242,NA,NA,88,39,409,28,303,396,28,14,283,316,94,2.5,24.3,4.71,7.6
1994,11,17,16,10.2,970.2,56.7,0,2.1,5.9,284,NA,NA,4,0,0,0,0,0,0,14,271,299,94,2,21.7,4.55,6.4
1994,11,17,17,9.4,970.8,61.7,0,1.1,2.7,205,NA,NA,0,0,0,0,0,0,0,14,282,299,94,2.4,21.3,4.7,6.1
1994,11,17,18,7.8,971.9,69,0,1.2,4.1,329,NA,1,1,0,0,0,0,0,0,14,274,295,94,2.5,19.7,4.71,5.4
1994,11,17,19,7.9,972.2,63.5,0,1.4,3.6,59,NA,NA,0,0,0,0,0,0,0,14,272,293,94,1.4,18.9,4.36,5
1994,11,17,20,7.5,972.6,63.3,0,2.1,5.3,17,NA,NA,0,0,0,0,0,0,0,14,274,297,94,1,18.1,4.22,4.6
1994,11,17,21,6.9,972.9,67.3,0,1.2,4.5,24,NA,NA,1,0,0,0,0,0,0,14,270,291,94,1.3,17.8,4.31,4.4
1994,11,17,22,6.6,972.9,75,0,1.2,2.9,194,NA,NA,1,0,0,0,0,0,0,14,270,294,94,2.5,18.4,4.71,4.7
1994,11,17,23,5.2,973.4,81.7,0,1.8,3.3,257,NA,NA,2,0,0,0,0,0,0,14,291,302,94,2.3,16.9,4.65,3.9
1994,11,18,0,4.9,973.6,84.5,0,1,2.7,266,NA,NA,1,0,0,0,0,0,0,14,292,303,94,2.5,16.7,4.71,3.8
1994,11,18,1,5.3,973.3,83.9,0,1.2,2.4,264,NA,NA,2,0,0,0,0,0,0,14,289,301,94,2.8,17.4,4.81,4.2
1994,11,18,2,4.2,973.1,86,0,1.2,2.7,264,NA,NA,1,0,0,0,0,0,0,14,263,286,94,2.1,15.7,4.57,3.3
1994,11,18,3,4.4,972.5,84.5,0,1.3,2.9,229,NA,NA,0,0,0,0,0,0,0,14,258,282,94,2,15.8,4.55,3.3
1994,11,18,4,3.7,972.4,87.2,0,1.1,3.8,278,NA,NA,0,0,0,0,0,0,0,14,259,281,94,1.8,14.9,4.47,2.9
1994,11,18,5,3.3,972.1,88,0,0.4,1.3,266,NA,NA,0,0,0,0,0,0,0,14,255,277,94,1.5,14.3,4.39,2.5
1994,11,18,6,2.8,972.1,89.3,0,0.6,3.9,329,NA,2,0,0,0,0,0,0,0,14,254,277,94,1.2,13.6,4.3,2.1
1994,11,18,7,3.8,972.5,85.7,0,1,2.1,239,NA,NA,31,31,0,22,19,13,14,14,265,285,94,1.6,14.9,4.43,2.8
1994,11,18,8,5,972.3,84.8,0,1.1,2.3,269,NA,NA,65,65,0,37,36,29,30,14,268,293,94,2.7,17,4.77,4
1994,11,18,9,6.1,972.1,80.8,0,0.9,2.2,291,NA,NA,79,79,0,40,41,36,37,14,271,298,94,3.1,18.4,4.9,4.7
1994,11,18,10,6.7,971.7,79.1,0,1.2,2.9,284,NA,NA,66,66,0,32,30,31,32,14,274,302,94,3.3,19.3,5.01,5.1
1994,11,18,11,7.5,971.2,74.6,0,2,5.3,256,NA,NA,53,53,0,26,22,25,26,14,278,304,94,3.3,20.1,4.99,5.5
1994,11,18,12,8,970.8,74.3,0.1,2.4,5.8,278,NA,8,62,62,0,30,28,29,30,14,279,306,94,3.7,21,5.15,6
1994,11,18,13,7.1,970.7,85.5,1.3,1.8,4,304,NA,NA,46,46,0,23,19,20,22,14,276,302,94,4.8,21.1,5.57,6
1994,11,18,14,6.8,970.5,88.2,2,2.7,4.7,267,NA,NA,25,25,0,12,9,9,12,14,301,312,94,5,21,5.63,5.9
1994,11,18,15,6.7,969.5,90.1,2.3,2.5,4.2,255,NA,NA,10,10,0,5,4,3,5,14,301,312,94,5.2,21.1,5.72,6
1994,11,18,16,6.5,969.5,91.4,1.5,2.4,4.1,267,NA,NA,2,0,0,0,0,0,0,14,300,312,94,5.2,20.9,5.73,5.9
1994,11,18,17,6.4,969.5,92.6,2,2.3,4.1,263,NA,NA,0,0,0,0,0,0,0,14,316,323,96,5.3,20.9,5.76,5.9
1994,11,18,18,6.5,969.5,93.7,2,1.5,3,292,NA,8,1,0,0,0,0,0,0,14,316,323,96,5.6,21.3,5.87,6.1
1994,11,18,19,6.5,969.6,94,1,2,3.9,284,NA,NA,1,0,0,0,0,0,0,14,317,323,96,5.6,21.3,5.89,6.1
1994,11,18,20,6.6,970,94.3,0.4,1.4,3.2,288,NA,NA,1,0,0,0,0,0,0,14,317,324,96,5.8,21.6,5.95,6.2
1994,11,18,21,6.6,970.2,94.4,0.1,1.2,2.4,293,NA,NA,0,0,0,0,0,0,0,14,318,324,96,5.8,21.6,5.95,6.2
1994,11,18,22,6.9,970.7,94.1,0,1.4,2.5,293,NA,NA,1,0,0,0,0,0,0,14,320,326,96,6,22.1,6.06,6.5
1994,11,18,23,7.1,970.9,94.1,0,1.3,2.7,288,NA,NA,0,0,0,0,0,0,0,14,321,327,96,6.2,22.6,6.14,6.7
1994,11,19,0,7.3,971,94.2,0,1.1,2.1,267,NA,NA,1,0,0,0,0,0,0,14,321,328,96,6.4,23,6.23,6.8
1994,11,19,1,7.6,971.5,93.6,0,0.9,1.8,277,NA,NA,1,0,0,0,0,0,0,14,323,329,96,6.6,23.5,6.32,7.1
1994,11,19,2,7.9,972,93.2,0.5,1.3,2.1,257,NA,NA,1,0,0,0,0,0,0,14,324,330,96,6.9,24.1,6.42,7.4
1994,11,19,3,7.8,972,94,0.5,1.4,2.2,261,NA,NA,0,0,0,0,0,0,0,14,323,330,96,6.9,24,6.43,7.3
1994,11,19,4,7.9,972.3,93.7,0.6,1.4,2.5,250,NA,NA,1,0,0,0,0,0,0,14,324,330,96,6.9,24.2,6.45,7.4
1994,11,19,5,7.8,972.5,94.2,0.2,1.4,2.5,271,NA,NA,0,0,0,0,0,0,0,14,316,326,96,6.9,24,6.44,7.3
1994,11,19,6,7.8,973.1,94.7,0.1,0.4,1.4,329,NA,8,1,0,0,0,0,0,0,14,317,327,96,7,24.1,6.47,7.4
1994,11,19,7,8.3,973.6,94.2,0,0.6,1.3,122,NA,NA,18,18,0,9,9,8,8,14,321,330,96,7.4,25.1,6.66,7.8
1994,11,19,8,8.9,974.5,93,0.2,1.1,2.4,284,NA,NA,51,51,0,26,25,23,24,14,314,328,96,7.8,26.2,6.84,8.3
1994,11,19,9,8.9,975.1,93.8,0.2,0.8,2,300,NA,NA,57,57,0,27,26,27,27,14,315,330,96,8,26.3,6.9,8.4
1994,11,19,10,9.7,975.4,92,0.2,1.1,1.9,262,NA,NA,141,138,7,73,94,61,62,14,320,335,96,8.5,27.7,7.14,9.1
1994,11,19,11,10.4,975.5,91.3,0.2,0.7,1.5,250,NA,NA,134,134,0,64,82,61,61,14,339,346,96,9,29.2,7.43,9.6
1994,11,19,12,10.8,975.6,90.9,0,0.6,1.5,262,NA,8,69,69,0,34,32,32,33,14,341,347,96,9.4,30,7.6,10
1994,11,19,13,11.1,976.1,92.4,0,1.1,2.2,31,NA,NA,59,59,0,29,27,27,28,14,342,347,96,9.9,31,7.88,10.4
1994,11,19,14,11.3,976.5,91.7,0,0.8,3.4,90,NA,NA,52,52,0,25,24,24,25,14,350,351,96,10,31.3,7.92,10.6
1994,11,19,15,11.2,976.6,92.4,0,0.7,1.9,104,NA,NA,39,39,5,18,26,29,18,14,350,350,96,10,31.2,7.92,10.5
1994,11,19,16,11.1,976.9,92.9,0,1.2,2.6,90,NA,NA,1,0,0,0,0,0,0,14,348,348,96,10,31.1,7.91,10.5
1994,11,19,17,10.8,977.2,93.4,0,0.9,1.7,74,NA,NA,0,0,0,0,0,0,0,14,355,355,96,9.8,30.5,7.79,10.2
1994,11,19,18,10.7,977.4,93.5,0,0.5,2,347,NA,8,0,0,0,0,0,0,0,14,355,355,96,9.7,30.3,7.75,10.1
1994,11,19,19,10.6,977.4,94,0,0.3,1.3,329,NA,NA,1,0,0,0,0,0,0,14,353,353,96,9.7,30.2,7.74,10.1
1994,11,19,20,10.5,977.5,94,0,0.8,2.1,268,NA,NA,1,0,0,0,0,0,0,14,352,352,96,9.6,29.9,7.68,10
1994,11,19,21,10.4,977.4,94.7,0,1,2,243,NA,NA,0,0,0,0,0,0,0,14,353,353,96,9.6,29.8,7.69,10
1994,11,19,22,10.2,977.6,95.8,0,1,1.9,284,NA,NA,1,0,0,0,0,0,0,14,352,352,96,9.6,29.6,7.68,9.9
1994,11,19,23,10.3,977.5,95.1,0,0.8,2,239,NA,NA,0,0,0,0,0,0,0,14,323,335,96,9.6,29.7,7.67,9.9
1994,11,20,0,10.1,977.8,95.6,0,0.6,1.7,262,NA,NA,0,0,0,0,0,0,0,14,321,333,96,9.4,29.3,7.61,9.7
1994,11,20,1,9.7,977.9,95.5,0,0.6,1.7,149,NA,NA,0,0,0,0,0,0,0,14,314,327,96,9,28.4,7.39,9.3
1994,11,20,2,8.4,978.2,96.5,0,0.4,1.2,250,NA,NA,0,0,0,0,0,0,0,14,287,310,96,7.9,25.6,6.83,8.1
1994,11,20,3,7.8,978.3,95.1,0,0.6,1.7,239,NA,NA,0,0,0,0,0,0,0,14,290,310,96,7.1,24.1,6.46,7.4
1994,11,20,4,7.2,978.3,95.2,0,0.5,1.5,250,NA,NA,0,0,0,0,0,0,0,14,278,302,96,6.5,22.8,6.21,6.8
1994,11,20,5,7.5,978.4,95.7,0,0.4,1.4,302,NA,NA,1,0,0,0,0,0,0,14,341,341,94,6.9,23.5,6.37,7.2
1994,11,20,6,8.7,978.6,97.1,0,0.1,1.2,0,NA,8,2,0,0,0,0,0,0,14,346,346,94,8.3,26.4,7.02,8.5
1994,11,20,7,9.3,979.1,97.2,0,1,2.7,360,NA,NA,8,8,0,3,3,4,4,14,349,349,94,8.9,27.8,7.32,9.1
1994,11,20,8,9.8,979.3,94.9,0,1.3,2.5,302,NA,NA,31,31,0,13,13,15,15,14,351,351,94,9,28.4,7.39,9.4
1994,11,20,9,10.1,979.5,93.4,0,0.8,1.6,268,NA,NA,65,65,0,32,31,30,31,14,353,353,94,9.1,28.8,7.42,9.6
1994,11,20,10,10.6,979.3,92.1,0,0.5,1.7,298,NA,NA,77,77,0,37,37,36,37,14,355,355,94,9.4,29.7,7.56,9.9
1994,11,20,11,10.7,978.9,91.9,0,0.8,3.4,45,NA,NA,58,58,0,28,25,27,28,14,355,355,94,9.4,29.9,7.6,10
1994,11,20,12,10.8,978.6,92.5,0,1,2.3,68,NA,8,55,55,0,27,24,25,27,14,355,355,94,9.6,30.3,7.71,10.1
1994,11,20,13,10.8,978.3,92.9,0,1.2,3.4,98,NA,NA,44,44,0,22,18,20,22,14,355,355,94,9.7,30.4,7.74,10.2
1994,11,20,14,10.7,978.1,93.1,0.1,1,3.7,59,NA,NA,33,33,0,16,13,13,16,14,355,355,94,9.6,30.2,7.71,10.1
1994,11,20,15,10.7,977.9,93.3,0,1.4,2.8,46,NA,NA,13,13,0,7,5,4,7,14,355,355,94,9.7,30.2,7.73,10.1
1994,11,20,16,10.6,977.9,94.6,0,1.2,2.7,45,NA,NA,2,0,0,0,0,0,0,14,354,354,94,9.8,30.3,7.78,10.2
1994,11,20,17,10.5,978.1,95,0,0.7,2,86,NA,NA,1,0,0,0,0,0,0,14,353,353,94,9.7,30.1,7.76,10.1
1994,11,20,18,10.5,978.1,93.9,0,0.7,1.4,167,NA,8,1,0,0,0,0,0,0,14,354,354,94,9.6,29.9,7.67,10
1994,11,20,19,10.4,978.2,93.2,0,0.8,1.6,138,NA,NA,0,0,0,0,0,0,0,14,353,353,94,9.3,29.5,7.56,9.8
1994,11,20,20,10.2,978.5,93.8,0,0.7,2.1,115,NA,NA,3,0,0,0,0,0,0,14,352,352,94,9.2,29.2,7.51,9.7
1994,11,20,21,9.9,978.9,94.5,0,0.7,2.2,113,NA,NA,0,0,0,0,0,0,0,14,351,351,94,9.1,28.6,7.41,9.5
1994,11,20,22,9.7,979.3,94.2,0,0.9,2,3,NA,NA,1,0,0,0,0,0,0,14,350,350,94,8.8,28.1,7.28,9.2
1994,11,20,23,9.5,979.5,94.3,0,1.2,1.8,345,NA,NA,1,0,0,0,0,0,0,14,349,349,94,8.6,27.6,7.19,9
1994,11,21,0,9.4,979.5,93.9,0,0.8,1.8,358,NA,NA,1,0,0,0,0,0,0,14,348,348,94,8.5,27.3,7.11,8.9
1994,11,21,1,9.3,979.3,94.1,0,0.9,2.1,347,NA,NA,0,0,0,0,0,0,0,14,347,347,94,8.4,27.2,7.08,8.8
1994,11,21,2,9,978.9,94.6,0,0.9,2.2,314,NA,NA,1,0,0,0,0,0,0,14,345,345,94,8.2,26.6,6.97,8.6
1994,11,21,3,8.9,978.7,95,0.1,0.7,1.8,356,NA,NA,2,0,0,0,0,0,0,14,344,344,94,8.1,26.5,6.96,8.5
1994,11,21,4,8.7,978.8,95,0,1.1,2.1,340,NA,NA,0,0,0,0,0,0,0,14,344,344,94,7.9,26,6.86,8.3
1994,11,21,5,8.5,978.5,95.7,0,1.1,2.3,329,NA,NA,0,0,0,0,0,0,0,14,343,343,94,7.9,25.7,6.82,8.2
1994,11,21,6,8.3,978.5,96,0,0.7,2,323,NA,8,0,0,0,0,0,0,0,14,343,343,94,7.7,25.3,6.75,8
1994,11,21,7,8.2,978.6,95,0,0.6,2.3,340,NA,NA,7,7,0,3,3,4,4,14,342,342,94,7.4,24.9,6.63,7.8
1994,11,21,8,8.3,978.7,94.6,0,1,2.4,324,NA,NA,35,35,0,15,15,17,17,14,341,341,94,7.5,25.1,6.65,7.9
1994,11,21,9,8.3,978.8,94.8,0,0.8,1.8,276,NA,NA,49,49,0,22,21,23,24,14,341,341,94,7.5,25.1,6.66,7.9
1994,11,21,10,8.5,978.4,94.8,0,0.7,1.8,315,NA,NA,64,64,0,31,29,30,31,14,344,344,94,7.7,25.5,6.76,8.1
1994,11,21,11,8.5,977.7,94.4,0,1,4.4,54,NA,NA,73,73,0,35,35,34,35,14,343,343,94,7.7,25.5,6.73,8.1
1994,11,21,12,8.7,976.9,94.8,0,0.7,2.1,82,NA,8,80,80,0,38,39,37,38,14,345,345,94,7.9,26,6.86,8.3
1994,11,21,13,8.9,976.7,94.6,0,0.9,2.3,50,NA,NA,70,70,0,34,34,33,33,14,345,345,94,8.1,26.4,6.94,8.5
1994,11,21,14,8.7,976.7,94.5,0,1.5,2.5,67,NA,NA,44,44,0,22,20,20,21,14,343,343,94,7.9,26,6.84,8.3
1994,11,21,15,8.2,977,94.8,0,0.8,2.1,65,NA,NA,19,19,0,9,8,7,9,14,342,342,94,7.4,24.9,6.63,7.8
1994,11,21,16,8.1,977.3,95.1,0,0.4,1.9,104,NA,NA,1,0,0,0,0,0,0,14,341,341,94,7.4,24.7,6.6,7.7
1994,11,21,17,8,977.3,94.5,0,0.5,1.7,239,NA,NA,0,0,0,0,0,0,0,14,341,341,94,7.2,24.4,6.52,7.6
1994,11,21,18,8.4,977.5,93.2,0,0.5,3.6,329,NA,8,1,0,0,0,0,0,0,14,342,342,94,7.4,25.1,6.6,7.9
1994,11,21,19,8.1,977.9,94.1,0,1.3,2.8,69,NA,NA,0,0,0,0,0,0,0,14,340,340,94,7.2,24.6,6.53,7.6
1994,11,21,20,7.7,977.6,94.3,0,0.9,2.8,302,NA,NA,0,0,0,0,0,0,0,14,340,340,94,6.8,23.7,6.37,7.2
1994,11,21,21,7.6,977.6,94.1,0,1,2.5,31,NA,NA,2,0,0,0,0,0,0,14,339,339,94,6.7,23.5,6.31,7.1
1994,11,21,22,7.5,977.8,95.1,0,0.9,1.7,1,NA,NA,0,0,0,0,0,0,0,14,339,339,94,6.8,23.5,6.33,7.1
1994,11,21,23,7.5,977.7,94.9,0,1.1,2.5,356,NA,NA,0,0,0,0,0,0,0,14,337,337,94,6.7,23.4,6.32,7.1
1994,11,22,0,7.5,977.4,93.9,0,1,2.3,329,NA,NA,0,0,0,0,0,0,0,14,338,338,94,6.6,23.3,6.25,7
1994,11,22,1,7.4,977.5,94.4,0,1.2,2.5,340,NA,NA,0,0,0,0,0,0,0,14,338,338,94,6.6,23.1,6.24,7
1994,11,22,2,7.4,977.4,94.5,0,1.1,3.4,333,NA,NA,0,0,0,0,0,0,0,14,337,337,94,6.6,23.1,6.25,7
1994,11,22,3,7.3,977.2,94.5,0,0.8,2.2,335,NA,NA,1,0,0,0,0,0,0,14,337,337,94,6.5,22.9,6.21,6.9
1994,11,22,4,7.2,976.8,94.9,0,1,2.2,321,NA,NA,0,0,0,0,0,0,0,14,335,335,94,6.4,22.8,6.2,6.8
1994,11,22,5,7.5,976.9,94.4,0,0.8,1.9,347,NA,NA,0,0,0,0,0,0,0,14,338,338,96,6.7,23.3,6.29,7.1
1994,11,22,6,7.4,977.4,93.8,0,1,3.3,302,NA,8,0,0,0,0,0,0,0,14,337,337,96,6.5,23,6.2,6.9
1994,11,22,7,7.2,977.7,93.7,0,1.6,3.5,339,NA,NA,6,6,0,2,2,3,3,14,337,337,96,6.3,22.6,6.11,6.7
1994,11,22,8,7.5,978.1,92.7,0,1.3,3.3,356,NA,NA,33,33,0,14,14,16,16,14,339,339,96,6.4,23,6.17,6.9
1994,11,22,9,7.7,978.3,92.7,0,1.2,4.5,19,NA,NA,29,29,0,12,11,14,14,14,340,340,96,6.6,23.5,6.25,7.1
1994,11,22,10,7.6,978,92.3,0,1.3,3.3,5,NA,NA,50,50,0,23,21,24,24,14,339,339,96,6.4,23.2,6.19,7
1994,11,22,11,7.8,977.6,92.2,0,0.7,2.8,334,NA,NA,59,59,0,28,26,28,29,14,340,340,96,6.6,23.6,6.27,7.2
1994,11,22,12,8.2,977.1,91.6,0,0.7,2.6,311,NA,8,50,50,0,24,21,23,24,14,342,342,96,6.9,24.3,6.4,7.5
1994,11,22,13,8.6,976.7,90.6,0,0.6,2.2,28,NA,NA,42,42,0,21,17,19,21,14,344,344,96,7.2,25,6.51,7.9
1994,11,22,14,8.8,976.4,86.9,0,0.9,2.8,81,NA,NA,36,36,0,18,15,15,18,14,344,344,96,6.7,24.8,6.33,7.7
1994,11,22,15,8.9,976.6,86.2,0,1,2.8,98,NA,NA,12,12,0,6,4,4,6,14,345,345,96,6.7,24.8,6.32,7.8
1994,11,22,16,8.9,976.7,86.9,0,0.7,1.6,113,NA,NA,1,0,0,0,0,0,0,14,345,345,96,6.8,25,6.37,7.8
1994,11,22,17,8.8,977,87.4,0,0.7,2.1,135,NA,NA,0,0,0,0,0,0,0,14,345,345,94,6.8,24.9,6.36,7.8
1994,11,22,18,8.7,977.2,89.6,0,1.4,2.3,131,NA,8,1,0,0,0,0,0,0,14,344,344,94,7.1,25,6.48,7.9
1994,11,22,19,8.7,977.4,89.4,0,0.4,1.2,122,NA,NA,0,0,0,0,0,0,0,14,344,344,94,7.1,25,6.46,7.9
1994,11,22,20,8.7,977.7,90.2,0,0.2,1.1,194,NA,NA,0,0,0,0,0,0,0,14,344,344,94,7.2,25.1,6.52,7.9
1994,11,22,21,8.7,978,89.7,0,1.5,2.6,256,NA,NA,0,0,0,0,0,0,0,14,344,344,94,7.1,25,6.48,7.9
1994,11,22,22,8.7,978.3,89.6,0,0.7,1.7,239,NA,NA,1,0,0,0,0,0,0,14,344,344,94,7.1,25,6.47,7.9
1994,11,22,23,8.7,978.3,89.7,0,0.9,1.7,243,NA,NA,0,0,0,0,0,0,0,14,344,344,94,7.1,25,6.48,7.9
1994,11,23,0,8.7,978.1,89.4,0,0.8,2,230,NA,NA,0,0,0,0,0,0,0,14,345,345,94,7.1,25,6.46,7.9
1994,11,23,1,8.7,978.3,88.6,0,1.7,3,239,NA,NA,0,0,0,0,0,0,0,14,343,343,94,6.9,24.8,6.4,7.8
1994,11,23,2,8.6,978.1,87.9,0,1.4,2.8,236,NA,NA,0,0,0,0,0,0,0,14,343,343,94,6.7,24.5,6.31,7.6
1994,11,23,3,8.5,978.2,86.4,0,1.7,3.8,234,NA,NA,1,0,0,0,0,0,0,14,342,342,94,6.4,24,6.15,7.4
1994,11,23,4,8.2,978.4,85.6,0,2.2,3.7,237,NA,NA,0,0,0,0,0,0,0,14,341,341,94,5.9,23.3,5.97,7
1994,11,23,5,8.1,978.7,87.5,0,1,3,244,NA,NA,0,0,0,0,0,0,0,14,341,341,94,6.2,23.4,6.06,7.1
1994,11,23,6,8.1,979.1,87.9,0,0.4,1.3,86,NA,8,0,0,0,0,0,0,0,14,341,341,94,6.2,23.4,6.09,7.1
1994,11,23,7,8.2,979.7,87.5,0,0.7,1.6,96,NA,NA,6,6,0,2,2,3,3,14,342,342,94,6.3,23.6,6.1,7.2
1994,11,23,8,8.2,980.2,87.3,0,0.4,2.1,138,NA,NA,22,22,0,8,8,11,11,14,342,342,94,6.2,23.5,6.08,7.2
1994,11,23,9,8.5,980.7,87,0,1.1,2.2,149,NA,NA,61,61,0,29,29,29,29,14,344,344,94,6.5,24.1,6.18,7.5
1994,11,23,10,8.8,980.4,85.7,0,1.2,2.3,135,NA,NA,103,103,0,51,58,47,48,14,347,347,94,6.5,24.5,6.22,7.6
1994,11,23,11,9.3,980.1,83.6,0,0.8,4.5,28,NA,NA,144,143,1,68,93,65,64,14,348,348,94,6.7,25.1,6.28,8
1994,11,23,12,9.9,979.8,83,0,0.9,2,342,NA,8,165,155,26,70,145,85,68,14,351,351,94,7.2,26.3,6.49,8.5
1994,11,23,13,10.6,979.5,81.5,0,1,2.3,345,NA,NA,191,146,138,67,278,172,67,14,355,355,94,7.6,27.5,6.68,9
1994,11,23,14,11.1,979.6,80.5,0,1,2.5,27,NA,NA,162,75,379,49,396,341,49,14,299,326,94,7.9,28.4,6.82,9.4
1994,11,23,15,10.7,980,83,0,1.2,2.2,23,NA,NA,54,37,163,22,149,185,22,14,295,317,94,7.9,28,6.85,9.2
1994,11,23,16,9.9,980.5,85.7,0,0.8,2.4,54,NA,NA,0,0,0,0,0,0,0,14,291,306,94,7.6,26.8,6.7,8.7
1994,11,23,17,8.7,980.8,88.6,0,1,2.2,55,NA,NA,0,0,0,0,0,0,0,14,285,302,94,6.9,24.8,6.38,7.8
1994,11,23,18,7.9,981.1,90.2,0,1,2.3,77,NA,1,0,0,0,0,0,0,0,14,280,299,94,6.4,23.4,6.15,7.1
1994,11,23,19,7.1,981.5,91.7,0,1.2,2.5,34,NA,NA,0,0,0,0,0,0,0,14,278,298,94,5.8,22,5.92,6.5
1994,11,23,20,6.5,982,92.6,0,1.2,2.5,52,NA,NA,0,0,0,0,0,0,0,14,285,299,94,5.4,20.9,5.73,6
1994,11,23,21,5.7,982.2,93.2,0,0.4,1.4,104,NA,NA,0,0,0,0,0,0,0,14,278,294,94,4.7,19.4,5.45,5.2
1994,11,23,22,4.9,982.6,93.8,0,0.2,1.6,284,NA,NA,0,0,0,0,0,0,0,14,275,290,94,4,17.9,5.18,4.5
1994,11,23,23,4.5,982.8,94.6,0,0.4,1.3,77,NA,NA,0,0,0,0,0,0,0,14,273,288,94,3.7,17.3,5.08,4.1
1994,11,24,0,4.5,982.9,97.2,0,0.5,1.4,247,NA,NA,0,0,0,0,0,0,0,14,275,296,94,4.1,17.6,5.22,4.3
1994,11,24,1,5.2,983.1,98.6,0,0.6,1.1,262,NA,NA,0,0,0,0,0,0,0,14,278,299,94,5,19.2,5.57,5.1
1994,11,24,2,5.5,983,98.1,0,0.3,1.1,266,NA,NA,0,0,0,0,0,0,0,14,329,329,94,5.2,19.7,5.66,5.4
1994,11,24,3,5.7,983,99.4,0,0.4,1.3,329,NA,NA,1,0,0,0,0,0,0,14,330,330,94,5.6,20.3,5.81,5.7
1994,11,24,4,6,983,98.9,0.1,0.2,0.8,14,NA,NA,0,0,0,0,0,0,0,14,333,333,94,5.8,20.8,5.9,5.9
1994,11,24,5,6.6,983.1,97.9,0,0.5,1,25,NA,NA,0,0,0,0,0,0,0,14,335,335,94,6.3,21.9,6.09,6.5
1994,11,24,6,6.8,983.2,97.4,0,0.1,0.7,14,NA,8,1,0,0,0,0,0,0,14,335,335,94,6.4,22.3,6.15,6.6
1994,11,24,7,7.3,983.4,94.5,0,0,0.6,0,NA,NA,7,7,0,3,3,3,4,14,338,338,94,6.5,22.8,6.17,6.9
1994,11,24,8,7.6,983.7,92.6,0,0.1,0.9,104,NA,NA,24,24,0,9,9,12,12,14,340,340,94,6.5,23.1,6.17,7
1994,11,24,9,8.1,984,91.9,0,0.4,2.1,90,NA,NA,51,51,0,23,23,24,25,14,342,342,94,6.9,24.1,6.34,7.5
1994,11,24,10,8.4,983.7,90.7,0,0.5,1.3,82,NA,NA,66,66,0,32,31,31,32,14,343,343,94,7,24.5,6.38,7.7
1994,11,24,11,8.9,983.4,88.2,0,0.5,1.4,104,NA,NA,77,77,0,37,37,36,37,14,346,346,94,7.1,25.1,6.42,8
1994,11,24,12,9.2,983.1,85.9,0,0.9,2.6,104,NA,8,74,74,0,36,36,35,36,14,347,347,94,7,25.3,6.39,8.1
1994,11,24,13,9.2,982.8,84.6,0,1.1,2.6,111,NA,NA,64,64,0,31,30,30,31,14,346,346,94,6.7,25.1,6.29,7.9
1994,11,24,14,9.2,983.2,83.8,0,1.2,2.8,80,NA,NA,44,44,0,21,20,20,21,14,338,338,94,6.6,24.9,6.23,7.9
1994,11,24,15,9.2,983,82.8,0,0.8,3,347,NA,NA,21,21,0,10,9,8,10,14,338,338,94,6.4,24.7,6.15,7.8
1994,11,24,16,9,983.4,83.3,0,0.7,2.1,95,NA,NA,1,0,0,0,0,0,0,14,338,338,94,6.3,24.4,6.11,7.6
1994,11,24,17,9.1,983.7,83.3,0,0.9,2.9,45,NA,NA,0,0,0,0,0,0,0,14,338,338,94,6.4,24.6,6.14,7.7
1994,11,24,18,9.1,984,83.3,0,1.4,4.3,357,NA,8,0,0,0,0,0,0,0,14,345,345,94,6.4,24.6,6.14,7.7
1994,11,24,19,8.8,984.1,85.8,0,1.3,2.4,339,NA,NA,0,0,0,0,0,0,0,14,345,345,94,6.6,24.4,6.2,7.7
1994,11,24,20,8.8,984.4,86.6,0,1.8,3.3,347,NA,NA,0,0,0,0,0,0,0,14,344,344,94,6.7,24.6,6.26,7.7
1994,11,24,21,8.6,984.6,87,0,1.2,3.1,343,NA,NA,0,0,0,0,0,0,0,14,344,344,94,6.6,24.2,6.2,7.6
1994,11,24,22,8.8,984.8,87.3,0,0.1,1.5,194,NA,NA,1,0,0,0,0,0,0,14,345,345,94,6.8,24.7,6.31,7.8
1994,11,24,23,8.9,984.8,87.3,0,2.2,3.9,41,NA,NA,0,0,0,0,0,0,0,14,345,345,94,6.9,24.9,6.35,7.9
1994,11,25,0,8.7,984.6,86.7,0,2.3,4.3,27,NA,NA,0,0,0,0,0,0,0,14,344,344,94,6.6,24.4,6.22,7.6
1994,11,25,1,8.7,984.8,85.2,0,1.8,3.3,17,NA,NA,0,0,0,0,0,0,0,14,344,344,94,6.4,24.1,6.11,7.5
1994,11,25,2,8.9,984.8,85.4,0,1.4,2.5,18,NA,NA,0,0,0,0,0,0,0,14,346,346,94,6.6,24.6,6.21,7.7
1994,11,25,3,9.3,984.7,84.1,0,1.9,4.8,59,NA,NA,0,0,0,0,0,0,0,14,347,347,94,6.8,25.2,6.28,8
1994,11,25,4,9.3,984.6,82.3,0,2.4,6.2,70,NA,NA,0,0,0,0,0,0,0,14,347,347,94,6.4,24.8,6.15,7.8
1994,11,25,5,9.1,984.8,82.4,0,2.2,3.8,67,NA,NA,0,0,0,0,0,0,0,14,345,345,94,6.3,24.4,6.07,7.7
1994,11,25,6,8.9,984.9,82.2,0,1.7,3.4,68,NA,8,1,0,0,0,0,0,0,14,345,345,94,6,24,5.97,7.4
1994,11,25,7,8.9,985,82.4,0,1.4,2.3,59,NA,NA,7,7,0,3,3,3,4,14,345,345,94,6.1,24,5.99,7.5
1994,11,25,8,9,985.2,82.2,0,1.5,2.8,62,NA,NA,26,26,0,10,10,12,13,14,346,346,94,6.1,24.2,6.01,7.5
1994,11,25,9,9.4,985.5,81.4,0,1.7,3.2,64,NA,NA,61,61,0,29,29,28,29,14,348,348,94,6.4,24.8,6.12,7.9
1994,11,25,10,9.5,985,80.1,0,1.9,3.8,65,NA,NA,92,92,0,45,49,42,43,14,349,349,94,6.2,24.8,6.06,7.8
1994,11,25,11,10,984.4,78.5,0,2.6,5.1,57,NA,NA,127,127,0,61,77,58,57,14,345,345,94,6.4,25.5,6.15,8.2
1994,11,25,12,10.7,984.1,74.2,0,3.6,7.3,66,NA,7,203,165,100,79,276,120,74,14,345,347,94,6.3,26.1,6.09,8.4
1994,11,25,13,10.7,983.9,73.8,0,3.8,7.2,70,NA,NA,138,131,22,57,119,87,57,14,345,345,94,6.2,26,6.06,8.4
1994,11,25,14,10.6,983.8,70.7,0,4,7.6,74,NA,NA,69,69,0,32,39,37,32,14,344,344,94,5.5,25.2,5.76,8
1994,11,25,15,10.4,983.9,71.1,0,3.8,7.2,69,NA,NA,27,27,0,13,13,13,13,14,343,343,94,5.4,24.9,5.72,7.9
1994,11,25,16,9.6,983.9,75.2,0,3,5.3,36,NA,NA,1,0,0,0,0,0,0,14,337,337,94,5.4,24.1,5.73,7.5
1994,11,25,17,9.1,984.2,77,0,2.2,3.5,22,NA,NA,0,0,0,0,0,0,0,14,348,348,94,5.3,23.4,5.67,7.2
1994,11,25,18,9.7,984.2,74.6,0,2.4,4.7,21,NA,8,0,0,0,0,0,0,0,14,349,349,94,5.4,24.2,5.72,7.5
1994,11,25,19,9.2,984.2,75.1,0,1.8,4.2,11,NA,NA,0,0,0,0,0,0,0,14,342,342,94,5,23.3,5.57,7.1
1994,11,25,20,7.6,984.1,80.1,0,1.2,3.4,352,NA,NA,0,0,0,0,0,0,0,14,285,300,94,4.4,21,5.33,6.1
1994,11,25,21,6.6,984.1,83.9,0,0.4,1.5,194,NA,NA,0,0,0,0,0,0,0,14,282,296,94,4.1,19.7,5.21,5.4
1994,11,25,22,5.6,984.2,88.2,0,0.6,1.2,253,NA,NA,0,0,0,0,0,0,0,14,277,294,94,3.8,18.4,5.11,4.8
1994,11,25,23,4.7,983.9,90.8,0,0.7,1.2,257,NA,NA,0,0,0,0,0,0,0,14,272,290,94,3.3,17.1,4.94,4.1
1994,11,26,0,4.6,983.4,90.2,0,0.9,1.6,243,NA,NA,1,0,0,0,0,0,0,14,274,294,94,3.1,16.8,4.88,3.9
1994,11,26,1,5.4,983.2,89.7,0,0.4,1,250,NA,NA,0,0,0,0,0,0,0,14,278,298,94,3.8,18.3,5.13,4.7
1994,11,26,2,5.4,982.6,89.7,0,0.7,1.6,245,NA,NA,0,0,0,0,0,0,0,14,301,306,94,3.8,18.3,5.13,4.7
1994,11,26,3,4.5,982.1,91.5,0,0.1,0.7,284,NA,NA,0,0,0,0,0,0,0,14,295,299,94,3.2,16.8,4.92,3.9
1994,11,26,4,3.8,981.8,91.5,0,0.9,1.7,248,NA,NA,0,0,0,0,0,0,0,14,292,296,94,2.5,15.5,4.68,3.2
1994,11,26,5,3.1,981.5,92.4,0,0.6,1.5,262,NA,NA,0,0,0,0,0,0,0,14,250,276,94,2,14.4,4.5,2.6
1994,11,26,6,3.3,981.5,89.7,0,0.9,1.4,248,NA,0,0,0,0,0,0,0,0,14,250,276,94,1.8,14.4,4.43,2.6
1994,11,26,7,3.2,981.7,91,0,0.5,1.3,262,NA,NA,15,15,0,8,8,7,7,14,247,275,94,1.9,14.4,4.46,2.6
1994,11,26,8,4.5,981.5,88.1,0,0.5,1.3,247,NA,NA,78,69,46,101,101,33,33,14,279,295,94,2.7,16.4,4.74,3.7
1994,11,26,9,6.8,981.3,83.1,0,0.1,1.3,0,NA,NA,161,123,134,175,242,57,58,14,286,306,94,4.1,20,5.25,5.5
1994,11,26,10,7.8,980.5,82.5,0,1.3,4,89,NA,NA,128,127,4,66,84,56,57,14,289,311,94,5,21.9,5.59,6.4
1994,11,26,11,7.9,980,81.7,0,2.1,4.2,69,NA,NA,147,143,9,71,114,66,64,14,332,333,94,5,21.9,5.57,6.5
1994,11,26,12,7.9,979.4,81.6,0,3,5.4,60,NA,7,137,135,3,62,89,66,60,14,331,332,94,5,21.9,5.57,6.5
1994,11,26,13,7.7,978.9,81.5,0,2.8,5,68,NA,NA,104,104,0,48,62,54,47,14,329,331,94,4.7,21.5,5.49,6.2
1994,11,26,14,7.5,978.7,83,0,3.1,5.2,71,NA,NA,55,55,0,26,27,27,26,14,329,329,94,4.8,21.4,5.51,6.2
1994,11,26,15,7.4,978.7,83.2,0,2.3,4.3,72,NA,NA,23,23,0,11,10,10,11,14,329,329,94,4.7,21.2,5.49,6.1
1994,11,26,16,7.3,978.8,83.3,0,1.9,4.6,76,NA,NA,2,0,0,0,0,0,0,14,328,328,94,4.7,21.1,5.46,6
1994,11,26,17,7.2,979,83.2,0,1.9,3.3,65,NA,NA,0,0,0,0,0,0,0,14,336,336,94,4.5,20.8,5.41,5.9
1994,11,26,18,7,979.1,84,0,2.1,4,39,NA,8,1,0,0,0,0,0,0,14,334,334,94,4.5,20.6,5.39,5.8
1994,11,26,19,6.7,979,81.6,0,2.8,4.8,37,NA,NA,0,0,0,0,0,0,0,14,332,332,94,3.8,19.6,5.13,5.3
1994,11,26,20,6.5,978.8,81.4,0,2.1,3.4,30,NA,NA,0,0,0,0,0,0,0,14,324,324,94,3.5,19.2,5.05,5.1
1994,11,26,21,6.3,978.4,81.2,0,2,3.5,23,NA,NA,1,0,0,0,0,0,0,14,322,322,94,3.3,18.8,4.97,4.9
1994,11,26,22,6.1,978.3,79,0,2.2,4.1,6,NA,NA,0,0,0,0,0,0,0,14,321,321,94,2.7,18.1,4.76,4.5
1994,11,26,23,5.2,977.7,81.3,0,1.8,3.3,1,NA,NA,0,0,0,0,0,0,0,14,306,309,94,2.3,16.8,4.61,3.9
1994,11,27,0,4.8,976.7,83.7,0,0.8,2,338,NA,NA,0,0,0,0,0,0,0,14,308,308,94,2.3,16.4,4.62,3.7
1994,11,27,1,4.7,976.7,85.3,0,0.3,1.8,356,NA,NA,1,0,0,0,0,0,0,14,309,309,94,2.4,16.4,4.67,3.7
1994,11,27,2,5.6,976.3,83.3,0,1.4,3.4,18,NA,NA,0,0,0,0,0,0,0,14,328,328,94,3,17.8,4.86,4.4
1994,11,27,3,5.4,975.9,84.3,0,1.9,3.3,30,NA,NA,0,0,0,0,0,0,0,14,325,325,94,3,17.6,4.85,4.3
1994,11,27,4,4.2,975.6,86.2,0,0.9,2.3,7,NA,NA,0,0,0,0,0,0,0,14,320,320,94,2.1,15.7,4.56,3.3
1994,11,27,5,3.5,975.5,88.1,0,0.6,2,352,NA,NA,0,0,0,0,0,0,0,14,308,308,94,1.7,14.6,4.44,2.7
1994,11,27,6,3.4,975.3,88.2,0,0.4,1.4,311,NA,7,0,0,0,0,0,0,0,14,307,307,94,1.6,14.5,4.41,2.6
1994,11,27,7,4,975.5,87.4,0,0.8,1.6,254,NA,NA,8,8,0,3,4,4,4,14,316,316,94,2.1,15.4,4.56,3.2
1994,11,27,8,5.2,975.3,85.5,0,0.7,1.8,293,NA,NA,52,52,0,28,28,23,24,14,319,319,94,3,17.4,4.86,4.2
1994,11,27,9,5.8,975.6,84.5,0,0.6,2.5,352,NA,NA,100,100,2,57,63,44,45,14,323,323,94,3.4,18.4,5.01,4.7
1994,11,27,10,7.2,975.2,81.7,0,1.3,5.1,32,NA,NA,254,151,293,203,456,77,76,14,331,335,94,4.3,20.6,5.34,5.8
1994,11,27,11,8.3,974.5,77.2,0,1,2.8,74,NA,NA,337,98,623,122,744,83,74,14,300,328,94,4.5,22,5.44,6.5
1994,11,27,12,9.1,974.3,73.6,0,1.7,3.9,74,NA,3,329,83,660,72,750,214,69,14,303,330,94,4.6,22.9,5.48,6.9
1994,11,27,13,9.6,973.9,73,0,1.8,4.2,54,NA,NA,268,74,613,60,651,351,60,14,307,332,94,5,23.8,5.62,7.3
1994,11,27,14,9.8,973.7,73.8,0,1.3,3.7,90,NA,NA,143,78,290,46,330,280,46,14,305,325,94,5.4,24.4,5.76,7.6
1994,11,27,15,9.8,974,74.5,0,1,4.5,32,NA,NA,53,34,197,22,172,210,22,14,307,325,94,5.5,24.5,5.82,7.6
1994,11,27,16,9.9,974.3,77.5,0,2.6,5.6,68,NA,NA,0,0,0,0,0,0,0,14,308,324,94,6.2,25.3,6.09,8
1994,11,27,17,9.7,974.9,80,0,4.4,9.1,66,NA,NA,1,0,0,0,0,0,0,14,340,340,94,6.4,25.4,6.2,8
1994,11,27,18,9.3,975.7,78.1,0,6.6,12.6,60,NA,7,0,0,0,0,0,0,0,14,337,337,94,5.7,24.2,5.89,7.5
1994,11,27,19,8.8,976.4,78.3,0,6.7,11.9,58,NA,NA,0,0,0,0,0,0,0,14,335,335,94,5.2,23.2,5.7,7
1994,11,27,20,8.8,976.9,76.8,0,4.7,8.3,49,NA,NA,0,0,0,0,0,0,0,14,344,344,94,5,22.9,5.59,6.9
1994,11,27,21,8.7,977.4,76.5,0,4.1,6.7,48,NA,NA,1,0,0,0,0,0,0,14,343,343,94,4.8,22.6,5.52,6.8
1994,11,27,22,8.6,978,77.8,0,2.7,5.2,42,NA,NA,0,0,0,0,0,0,0,14,342,342,94,4.9,22.7,5.58,6.8
1994,11,27,23,8.6,978.3,79.1,0,1.6,3.5,44,NA,NA,0,0,0,0,0,0,0,14,343,343,94,5.2,22.9,5.67,6.9
1994,11,28,0,8.5,978.7,80.5,0,1,2.2,55,NA,NA,2,0,0,0,0,0,0,14,344,344,94,5.3,22.9,5.73,6.9
1994,11,28,1,8.3,979.3,81.5,0,0.6,1.4,104,NA,NA,1,0,0,0,0,0,0,14,340,340,94,5.3,22.7,5.72,6.8
1994,11,28,2,8,979.7,82.2,0,0.2,1.1,104,NA,NA,0,0,0,0,0,0,0,14,340,340,94,5.2,22.2,5.65,6.6
1994,11,28,3,7.9,980.1,84.6,0,0.4,1.6,48,NA,NA,0,0,0,0,0,0,0,14,341,341,94,5.5,22.4,5.77,6.7
1994,11,28,4,8.1,980.2,80.2,0,2,3.4,37,NA,NA,0,0,0,0,0,0,0,14,340,340,94,4.9,22.1,5.54,6.5
1994,11,28,5,8.1,980.6,77.4,0,2.3,4.4,35,NA,NA,0,0,0,0,0,0,0,14,340,340,94,4.4,21.6,5.35,6.3
1994,11,28,6,8.1,980.9,77.9,0,2.1,3.7,38,NA,8,0,0,0,0,0,0,0,14,340,340,94,4.5,21.7,5.38,6.4
1994,11,28,7,8.2,981.8,77.8,0,2.5,4.1,43,NA,NA,4,4,0,1,2,2,2,14,341,341,94,4.6,21.8,5.4,6.4
1994,11,28,8,8.3,982.1,75.6,0,3.1,5.4,41,NA,NA,22,22,0,8,8,11,11,14,342,342,94,4.2,21.6,5.28,6.3
1994,11,28,9,8.6,982.5,72.9,0,3,5.1,33,NA,NA,49,49,0,22,21,23,24,14,343,343,94,4,21.7,5.2,6.4
1994,11,28,10,8.7,982.5,72.7,0,2.9,5.7,43,NA,NA,43,43,0,20,18,21,21,14,344,344,94,4.1,21.9,5.22,6.5
1994,11,28,11,8.7,982.4,70.8,0,3.4,6.5,50,NA,NA,56,56,0,27,24,26,27,14,343,343,94,3.7,21.5,5.08,6.3
1994,11,28,12,8.6,982.3,71.9,0,3.6,6.1,48,NA,8,58,58,0,28,25,27,28,14,343,343,94,3.8,21.5,5.13,6.3
1994,11,28,13,8.5,982.2,74.2,0,3.3,5.3,37,NA,NA,48,48,0,23,20,21,23,14,342,342,94,4.2,21.8,5.26,6.4
1994,11,28,14,8.4,982.2,73.5,0,2.9,4.7,32,NA,NA,32,32,0,16,13,13,16,14,342,342,94,3.9,21.4,5.17,6.2
1994,11,28,15,8.3,982.7,74.4,0,2.2,3.8,27,NA,NA,18,18,0,9,7,7,9,14,341,341,94,4,21.4,5.2,6.2
1994,11,28,16,8.1,983.2,73.9,0,1.9,3.2,20,NA,NA,1,0,0,0,0,0,0,14,340,340,94,3.7,20.9,5.09,6
1994,11,28,17,7.8,983.5,76.1,0,2.2,3.8,36,NA,NA,0,0,0,0,0,0,0,14,339,339,94,3.9,20.7,5.13,5.9
1994,11,28,18,7.8,984.2,75.6,0,2.1,3.7,31,NA,8,0,0,0,0,0,0,0,14,338,338,94,3.8,20.6,5.1,5.9
1994,11,28,19,7.6,984.6,76,0,1.8,3,41,NA,NA,0,0,0,0,0,0,0,14,337,337,94,3.6,20.3,5.05,5.7
1994,11,28,20,7.5,984.7,75.5,0,1.3,2.7,27,NA,NA,0,0,0,0,0,0,0,14,337,337,94,3.5,20.1,4.98,5.6
1994,11,28,21,7.4,984.8,75.6,0,0.9,2.3,68,NA,NA,0,0,0,0,0,0,0,14,337,337,94,3.4,19.9,4.95,5.5
1994,11,28,22,7.3,985,76,0,0.5,1.5,28,NA,NA,0,0,0,0,0,0,0,14,337,337,94,3.4,19.8,4.94,5.5
1994,11,28,23,7,985,76.7,0,0.4,1.5,59,NA,NA,0,0,0,0,0,0,0,14,325,325,94,3.2,19.3,4.89,5.2
1994,11,29,0,6.7,985.1,77.8,0,0.5,1.7,118,NA,NA,0,0,0,0,0,0,0,14,323,323,94,3.1,18.9,4.86,5
1994,11,29,1,6.1,985.2,81.8,0,0.2,0.8,104,NA,NA,0,0,0,0,0,0,0,14,321,321,94,3.2,18.4,4.9,4.8
1994,11,29,2,5.5,984.9,84.4,0,0.5,1.6,77,NA,NA,0,0,0,0,0,0,0,14,310,311,94,3.1,17.7,4.85,4.4
1994,11,29,3,5.1,984.4,86.4,0,0.7,1.8,65,NA,NA,0,0,0,0,0,0,0,14,303,305,94,3,17.2,4.83,4.1
1994,11,29,4,3.7,984.2,90.4,0,0.7,1.5,22,NA,NA,0,0,0,0,0,0,0,14,301,301,94,2.3,15.2,4.58,3.1
1994,11,29,5,3.1,984.3,91.4,0,0.2,1.1,329,NA,NA,0,0,0,0,0,0,0,14,246,272,94,1.8,14.2,4.44,2.5
1994,11,29,6,2.5,984.7,91.5,0,0.7,1.7,253,NA,2,0,0,0,0,0,0,0,14,244,271,94,1.3,13.2,4.25,2
1994,11,29,7,2.9,985.1,89.3,0,0.3,1.1,149,NA,NA,15,15,0,9,8,6,7,14,250,277,94,1.3,13.6,4.27,2.2
1994,11,29,8,4.3,985.2,88.9,0,0.4,1.4,329,NA,NA,50,50,0,27,27,22,23,14,316,316,94,2.6,16.1,4.7,3.5
1994,11,29,9,5.8,985.3,84.1,0,0.5,1.8,90,NA,NA,95,95,0,53,58,42,43,14,324,324,94,3.3,18.2,4.93,4.6
1994,11,29,10,6.7,984.6,80,0,0.7,1.8,122,NA,NA,160,131,85,114,217,62,62,14,326,328,94,3.5,19.3,5,5.2
1994,11,29,11,7.4,983.8,77.1,0,1.2,3.3,104,NA,NA,305,151,406,127,596,95,83,14,289,318,94,3.7,20.1,5.06,5.7
1994,11,29,12,8,983,73.6,0,1.3,3.2,110,NA,3,268,137,356,82,528,173,77,14,287,317,94,3.6,20.7,5.03,5.9
1994,11,29,13,8.2,982.4,73.5,0,1.7,3.8,72,NA,NA,229,103,403,63,501,276,63,14,288,317,94,3.8,21.1,5.1,6.1
1994,11,29,14,8.2,982.2,74.8,0,2.3,3.9,46,NA,NA,123,96,122,47,208,177,47,14,272,303,94,4,21.3,5.19,6.2
1994,11,29,15,7.4,982,78.4,0,1.3,2.5,28,NA,NA,40,36,42,19,68,79,19,14,267,295,94,3.9,20.4,5.15,5.7
1994,11,29,16,6.6,981.8,80.2,0,0.2,1.4,311,NA,NA,2,0,0,0,0,0,0,14,263,287,94,3.4,19.2,4.99,5.1
1994,11,29,17,5.3,981.8,86,0,0.1,1.4,284,NA,NA,0,0,0,0,0,0,0,14,255,281,94,3.2,17.6,4.89,4.3
1994,11,29,18,4.4,981.9,88.9,0,0.2,2.6,329,NA,0,0,0,0,0,0,0,0,14,253,278,94,2.7,16.3,4.74,3.6
1994,11,29,19,3.1,982.1,91.3,0,0.3,0.9,266,NA,NA,0,0,0,0,0,0,0,14,246,273,94,1.8,14.2,4.44,2.5
1994,11,29,20,2.7,982,91.3,0,0.3,1.4,311,NA,NA,0,0,0,0,0,0,0,14,244,272,94,1.4,13.5,4.32,2.1
1994,11,29,21,1.9,982,92.7,0,0.6,1.3,262,NA,NA,0,0,0,0,0,0,0,14,241,269,94,0.8,12.3,4.14,1.4
1994,11,29,22,1.4,982.1,92.1,0,0.3,1.1,266,NA,NA,0,0,0,0,0,0,0,14,238,267,94,0.3,11.3,3.97,1
1994,11,29,23,1,981.8,92.6,0,0.6,1.6,257,NA,NA,1,0,0,0,0,0,0,14,290,292,94,-0.1,10.7,3.88,0.6
1994,11,30,0,1.4,981.6,92.4,0,0.7,1.7,275,NA,NA,1,0,0,0,0,0,0,14,292,296,94,0.3,11.4,3.98,1
1994,11,30,1,2.5,981.4,91.7,0,0.4,1.5,270,NA,NA,1,0,0,0,0,0,0,14,299,302,94,1.3,13.2,4.28,2
1994,11,30,2,3.5,981.2,92.5,0,0.5,1.1,270,NA,NA,2,0,0,0,0,0,0,14,319,319,94,2.4,15.1,4.64,3
1994,11,30,3,4.1,981,93.1,0,0.5,1.3,284,NA,NA,0,0,0,0,0,0,0,14,322,322,94,3.1,16.3,4.87,3.6
1994,11,30,4,4.4,980.8,93.4,0,0.5,1.3,318,NA,NA,0,0,0,0,0,0,0,14,324,324,94,3.4,16.9,4.99,3.9
1994,11,30,5,5,980.9,89.4,0,0.2,1.3,284,NA,NA,1,0,0,0,0,0,0,14,325,325,94,3.4,17.5,4.98,4.3
1994,11,30,6,5,981,90.1,0,0.7,1.8,323,NA,8,0,0,0,0,0,0,0,14,325,325,94,3.5,17.6,5.02,4.3
1994,11,30,7,5.2,981.1,87.3,0,0.3,1.7,311,NA,NA,5,5,0,2,2,3,3,14,327,327,94,3.3,17.6,4.93,4.3
1994,11,30,8,5.4,981.3,87.3,0,1,2.1,128,NA,NA,22,22,0,8,8,11,11,14,327,327,94,3.5,18,5,4.5
1994,11,30,9,5.6,981.7,85.9,0,0.7,1.7,45,NA,NA,39,39,0,17,16,19,19,14,328,328,94,3.4,18.1,4.99,4.6
1994,11,30,10,5.9,981.2,83.3,0,0.8,2.4,14,NA,NA,68,68,0,33,32,32,33,14,330,330,94,3.3,18.3,4.94,4.7
1994,11,30,11,6,980.8,81.8,0,1.2,5.5,19,NA,NA,78,78,0,37,38,36,37,14,332,332,94,3.1,18.3,4.89,4.7
1994,11,30,12,6,980.3,82.2,0,0.7,3.8,14,NA,8,64,64,0,31,29,30,31,14,330,330,94,3.2,18.4,4.91,4.7
1994,11,30,13,6.2,980,81.8,0,1.2,3.3,55,NA,NA,62,62,0,30,29,29,30,14,330,330,94,3.3,18.7,4.96,4.9
1994,11,30,14,6.1,980,81,0,1.3,4.4,56,NA,NA,38,38,0,19,16,17,19,14,321,322,94,3.1,18.4,4.88,4.7
1994,11,30,15,6,979.8,81.6,0,1.5,4.6,56,NA,NA,11,11,0,6,4,4,6,14,321,321,94,3.1,18.3,4.88,4.7
1994,11,30,16,5.7,979.9,82.4,0,1.5,3.8,59,NA,NA,1,0,0,0,0,0,0,14,322,323,94,3,18,4.84,4.5
1994,11,30,17,5.5,979.9,83.1,0,2.3,4.4,77,NA,NA,0,0,0,0,0,0,0,14,324,324,94,2.9,17.6,4.79,4.3
1994,11,30,18,5.2,979.9,83.6,0,2.9,5.5,69,NA,8,0,0,0,0,0,0,0,14,323,323,94,2.7,17.1,4.72,4.1
1994,11,30,19,4.9,980,84.2,0,2.2,3.7,65,NA,NA,0,0,0,0,0,0,0,14,324,324,94,2.5,16.7,4.67,3.8
1994,11,30,20,4.6,979.7,84.8,0,2.7,4.5,45,NA,NA,0,0,0,0,0,0,0,14,319,320,94,2.3,16.2,4.6,3.6
1994,11,30,21,4.2,979.1,86,0,1.8,3.6,30,NA,NA,0,0,0,0,0,0,0,14,312,315,94,2.1,15.6,4.54,3.3
1994,11,30,22,3.9,978.5,86.9,0,1.7,3.4,66,NA,NA,0,0,0,0,0,0,0,14,307,312,94,1.9,15.2,4.5,3
1994,11,30,23,3.6,977.5,88.2,0,2.3,3.8,38,NA,NA,0,0,0,0,0,0,0,14,302,307,94,1.9,14.9,4.47,2.8
2002,12,1,0,3.4,976.4,89.3,0,0.7,2,261,NA,NA,1,0,0,0,0,0,0,14,297,304,94,1.8,14.6,4.47,2.7
2002,12,1,1,3.3,975.1,90.5,0,0.9,2.7,270,NA,NA,2,0,0,0,0,0,0,14,294,301,94,1.9,14.5,4.49,2.7
2002,12,1,2,3.2,974.2,91.2,0,1.4,2.3,249,NA,NA,0,0,0,0,0,0,0,14,292,299,94,1.9,14.5,4.51,2.6
2002,12,1,3,3,973.1,92.1,0,0.6,1.2,360,NA,NA,0,0,0,0,0,0,0,14,290,297,94,1.8,14.3,4.5,2.5
2002,12,1,4,3.1,972.2,92.5,0,0.7,1.7,254,NA,NA,1,0,0,0,0,0,0,14,293,298,94,2,14.4,4.54,2.6
2002,12,1,5,2.9,971.7,92.5,0,0.7,2.3,278,NA,NA,0,0,0,0,0,0,0,14,289,295,94,1.8,14.2,4.5,2.5
2002,12,1,6,2.5,971.1,92.9,0,0.4,1.8,297,NA,4,0,0,0,0,0,0,0,14,279,288,94,1.5,13.5,4.39,2.1
2002,12,1,7,2.5,970.5,92,0,0.5,1.6,256,NA,NA,12,12,0,7,7,5,6,14,272,285,94,1.3,13.4,4.34,2
2002,12,1,8,3,970,90.1,0,1.1,1.9,243,NA,NA,119,55,405,367,368,36,36,14,262,285,94,1.5,14,4.41,2.4
2002,12,1,9,4.8,969.1,87.1,0,0.5,1.8,259,NA,NA,200,79,453,335,498,55,55,14,267,297,94,2.8,17,4.84,3.9
2002,12,1,10,6,967.8,78.1,0,0.6,2.4,112,NA,NA,267,110,460,241,583,69,68,14,269,302,94,2.5,17.9,4.73,4.4
2002,12,1,11,6.3,966.9,72.5,0,0.6,2.5,45,NA,NA,195,159,97,95,270,81,72,14,269,301,94,1.7,17.6,4.48,4.2
2002,12,1,12,7.1,966.3,74.2,0,1.2,2.6,236,NA,6,221,158,175,78,341,130,73,14,274,305,94,2.8,19.3,4.85,5.1
2002,12,1,13,7.6,965.2,69.2,0,1.9,3.3,254,NA,NA,244,90,502,63,579,310,63,14,277,308,94,2.3,19.4,4.69,5.2
2002,12,1,14,7.7,964.2,65.9,0,2.2,4.5,254,NA,NA,130,79,239,45,293,244,45,14,273,303,94,1.7,19,4.5,5
2002,12,1,15,7.3,963.6,68.2,0,0.9,1.9,240,NA,NA,30,30,0,14,17,17,14,14,273,298,94,1.8,18.7,4.53,4.8
2002,12,1,16,7.2,963.1,65.8,0,1.7,2.8,232,NA,NA,2,0,0,0,0,0,0,14,271,297,94,1.2,18.1,4.34,4.5
2002,12,1,17,7.2,962.4,64.2,0,1.7,3.2,237,NA,NA,0,0,0,0,0,0,0,14,324,324,94,0.9,17.9,4.24,4.4
2002,12,1,18,6.9,962.4,69,0,2.2,4.1,246,NA,8,0,0,0,0,0,0,0,14,322,322,94,1.6,18.2,4.47,4.5
2002,12,1,19,6.1,962.2,80.1,1.4,2.4,4.1,255,NA,NA,0,0,0,0,0,0,0,14,320,320,94,2.9,18.5,4.91,4.6
2002,12,1,20,5.8,962,84.1,0.4,3.4,7.3,278,NA,NA,0,0,0,0,0,0,0,14,279,298,94,3.3,18.5,5.05,4.6
2002,12,1,21,5.9,961.7,88.2,0.3,5,8.6,276,NA,NA,0,0,0,0,0,0,0,14,280,300,94,4.1,19.3,5.34,5.1
2002,12,1,22,5.9,961.3,88.7,0.1,5.3,8.2,253,NA,NA,0,0,0,0,0,0,0,14,281,300,94,4.2,19.4,5.37,5.1
2002,12,1,23,6.1,961.1,89,0.2,5.3,9.4,265,NA,NA,0,0,0,0,0,0,0,14,323,323,94,4.4,19.9,5.47,5.3
2002,12,2,0,6.2,960.9,89.1,0.1,3.2,7.8,226,NA,NA,1,0,0,0,0,0,0,14,323,323,94,4.5,20.1,5.51,5.4
2002,12,2,1,6.8,960.9,83.6,0.1,3.7,7.9,206,NA,NA,0,0,0,0,0,0,0,14,326,326,94,4.2,20.4,5.39,5.6
2002,12,2,2,7.2,961.3,77,0.1,4.2,8.4,211,NA,NA,0,0,0,0,0,0,0,14,327,327,94,3.4,20,5.1,5.4
2002,12,2,3,6.9,961.3,80,0.2,3.8,8.1,221,NA,NA,0,0,0,0,0,0,0,14,325,325,94,3.7,20,5.19,5.4
2002,12,2,4,6.3,961.7,84.7,0.3,2.5,5.9,220,NA,NA,0,0,0,0,0,0,0,14,322,322,94,3.9,19.6,5.27,5.2
2002,12,2,5,6.2,961.6,82.2,0.1,3.6,7.4,219,NA,NA,0,0,0,0,0,0,0,14,323,323,96,3.4,19,5.08,4.9
2002,12,2,6,6.1,961.8,78.6,0,3.2,6.5,222,NA,7,0,0,0,0,0,0,0,14,321,321,96,2.7,18.2,4.82,4.5
2002,12,2,7,5.9,962.3,76.5,0,2.4,5.7,232,NA,NA,4,4,0,1,2,2,2,14,320,320,96,2.1,17.5,4.62,4.2
2002,12,2,8,6.3,962.5,71.2,0,2.8,5.5,221,NA,NA,64,59,38,84,83,28,28,14,305,316,96,1.5,17.4,4.42,4.2
2002,12,2,9,6.7,962.6,69.3,0,3.7,6.9,237,NA,NA,168,100,259,244,353,55,56,14,304,319,96,1.5,17.8,4.42,4.4
2002,12,2,10,6.3,961.7,73.4,0.1,3.9,7.3,240,NA,NA,194,152,125,142,284,69,69,14,306,319,96,1.9,17.8,4.56,4.3
2002,12,2,11,7,960.9,70.4,0,3.6,7.4,225,NA,NA,251,150,271,111,451,86,76,14,298,319,96,2,18.6,4.6,4.7
2002,12,2,12,6.1,960.4,75.6,0.4,3.7,7,247,NA,5,106,106,0,49,61,50,48,14,293,312,96,2.1,17.8,4.64,4.3
2002,12,2,13,6,959.9,80.3,0.2,1.4,6.3,253,NA,NA,116,114,7,51,88,67,51,14,295,312,96,2.9,18.3,4.9,4.6
2002,12,2,14,5.7,959.7,81.8,0,1.4,5.4,225,NA,NA,43,43,0,21,20,20,21,14,319,322,96,2.8,18,4.89,4.4
2002,12,2,15,5.4,959.3,86.6,0.2,0.7,2.3,135,NA,NA,13,13,0,7,5,4,6,14,318,320,96,3.3,18.2,5.08,4.4
2002,12,2,16,5.1,959.3,90.1,0,0.8,2.3,324,NA,NA,1,0,0,0,0,0,0,14,317,319,96,3.6,18.1,5.17,4.4
2002,12,2,17,5.1,959,87.3,0.1,0.5,1.7,284,NA,NA,0,0,0,0,0,0,0,14,309,315,96,3.2,17.7,5.01,4.2
2002,12,2,18,4.9,959.4,90.4,0.3,1.1,2.3,328,NA,8,0,0,0,0,0,0,0,14,309,315,96,3.5,17.8,5.12,4.3
2002,12,2,19,4.7,959.6,89.6,0.5,1.1,2.1,90,NA,NA,0,0,0,0,0,0,0,14,306,313,96,3.1,17.3,5,4
2002,12,2,20,4.3,959.8,91.8,0.3,0.6,1.4,45,NA,NA,0,0,0,0,0,0,0,14,312,314,96,3.1,16.8,4.98,3.8
2002,12,2,21,4.2,959.3,92.3,0,0.8,1.8,333,NA,NA,0,0,0,0,0,0,0,14,313,314,96,3.1,16.7,4.97,3.7
2002,12,2,22,4.3,959.8,92.4,0,0.2,1,45,NA,NA,1,0,0,0,0,0,0,14,312,314,96,3.2,16.9,5.01,3.8
2002,12,2,23,4.2,959.6,93.5,0,0.4,1.5,360,NA,NA,1,0,0,0,0,0,0,14,314,316,96,3.2,16.8,5.04,3.7
2002,12,3,0,4.3,959.3,91.8,0,0.9,1.9,32,NA,NA,0,0,0,0,0,0,0,14,314,316,96,3.1,16.8,4.98,3.8
2002,12,3,1,4.2,959.2,92.2,0,0.9,1.6,13,NA,NA,1,0,0,0,0,0,0,14,313,315,96,3,16.7,4.97,3.7
2002,12,3,2,4,959.3,92.6,0,0.8,1.7,23,NA,NA,0,0,0,0,0,0,0,14,286,301,96,2.9,16.3,4.92,3.5
2002,12,3,3,4,958.7,92.6,0,0.7,1.5,279,NA,NA,1,0,0,0,0,0,0,14,286,301,96,2.9,16.4,4.92,3.5
2002,12,3,4,3.7,959.2,91.4,0,0.3,1.5,252,NA,NA,0,0,0,0,0,0,0,14,284,297,96,2.4,15.6,4.75,3.1
2002,12,3,5,3.7,959.4,91.3,0,0.5,1.4,259,NA,NA,0,0,0,0,0,0,0,14,319,319,96,2.4,15.6,4.75,3.1
2002,12,3,6,3.9,959.3,89.8,0,0.5,2,315,NA,8,1,0,0,0,0,0,0,14,319,319,96,2.4,15.8,4.74,3.2
2002,12,3,7,4.2,959.9,91.1,0,0.5,1.9,360,NA,NA,3,3,0,1,1,1,2,14,322,322,96,2.9,16.5,4.91,3.6
2002,12,3,8,4.8,960.3,89.9,0,0.2,1,315,NA,NA,44,44,0,24,23,20,21,14,326,326,96,3.3,17.5,5.05,4.1
2002,12,3,9,5.5,960.4,86.6,0,1.3,2.7,9,NA,NA,74,74,0,39,41,34,34,14,328,328,96,3.4,18.3,5.11,4.5
2002,12,3,10,5.7,960.4,86.2,0.1,1.7,3.3,25,NA,NA,118,117,1,60,74,52,53,14,329,329,96,3.6,18.7,5.15,4.7
2002,12,3,11,5.9,960,85.7,0.3,2.8,5.5,60,NA,NA,80,80,0,38,40,37,38,14,329,329,96,3.7,19,5.2,4.9
2002,12,3,12,5.9,960,87.2,0.4,3.6,6.4,68,NA,8,111,111,0,51,65,53,50,14,331,331,96,3.9,19.2,5.29,5
2002,12,3,13,6.1,960.2,84.1,0.1,3.3,6.4,60,NA,NA,60,60,0,29,28,28,29,14,330,330,96,3.6,19.1,5.17,4.9
2002,12,3,14,6.2,960.2,78.6,0,4.5,8.1,63,NA,NA,68,68,0,31,39,37,31,14,305,315,96,2.8,18.4,4.86,4.6
2002,12,3,15,6.1,960.8,78.8,0,4.3,7.9,63,NA,NA,40,29,129,18,123,145,18,14,304,315,96,2.7,18.3,4.84,4.5
2002,12,3,16,5.8,961.1,76.1,0,4.2,8.4,59,NA,NA,1,0,0,0,0,0,0,14,302,313,96,1.9,17.3,4.57,4.1
2002,12,3,17,5.8,961.9,74.6,0,4.2,9.2,59,NA,NA,0,0,0,0,0,0,0,14,267,293,94,1.6,17.1,4.48,3.9
2002,12,3,18,5.6,962.5,77.6,0,4,7.8,60,NA,7,0,0,0,0,0,0,0,14,266,292,94,2,17.1,4.59,4
2002,12,3,19,4.9,963.4,80.8,0,1.1,4,37,NA,NA,0,0,0,0,0,0,0,14,262,285,94,1.9,16.3,4.55,3.6
2002,12,3,20,5,963.9,80,0,2.2,5.9,72,NA,NA,1,0,0,0,0,0,0,14,262,286,94,1.8,16.4,4.53,3.6
2002,12,3,21,3.7,964.3,85.2,0,2.3,5.1,30,NA,NA,0,0,0,0,0,0,0,14,259,282,94,1.4,14.7,4.41,2.7
2002,12,3,22,3.6,964.9,86.1,0,2.2,4.6,41,NA,NA,0,0,0,0,0,0,0,14,260,283,94,1.5,14.7,4.42,2.7
2002,12,3,23,3.3,965.3,86,0,1.2,3.6,38,NA,NA,0,0,0,0,0,0,0,14,256,276,94,1.2,14.1,4.32,2.4
2002,12,4,0,1.6,965.2,92.7,0,0.3,1.1,243,NA,NA,0,0,0,0,0,0,0,14,248,268,94,0.5,11.9,4.12,1.1
2002,12,4,1,0.8,965.6,93.4,0,0.8,1.6,240,NA,NA,0,0,0,0,0,0,0,14,244,267,94,-0.1,10.6,3.92,0.4
2002,12,4,2,1.5,965.6,89.7,0,0.7,1.8,243,NA,NA,2,0,0,0,0,0,0,14,300,300,94,0,11.4,3.96,0.9
2002,12,4,3,1,965.7,92.4,0,0.5,1.2,259,NA,NA,0,0,0,0,0,0,0,14,293,293,94,-0.1,10.8,3.93,0.6
2002,12,4,4,1.2,965.8,91,0,0.4,1.1,252,NA,NA,1,0,0,0,0,0,0,14,299,299,94,-0.1,11,3.93,0.7
2002,12,4,5,1.8,966,89.4,0,0.1,0.7,270,NA,NA,2,0,0,0,0,0,0,14,301,301,94,0.2,11.9,4.03,1.1
2002,12,4,6,2.4,966.1,86.4,0,0.2,1.1,270,NA,7,0,0,0,0,0,0,0,14,301,301,94,0.4,12.6,4.06,1.6
2002,12,4,7,1.4,966.7,88.4,0,0.2,0.8,63,NA,NA,5,5,0,2,2,2,2,14,297,297,94,-0.3,11.1,3.87,0.7
2002,12,4,8,2,966.9,87.7,0,0.2,2.3,360,NA,NA,142,94,317,328,328,43,44,14,292,299,94,0.2,12,4.01,1.3
2002,12,4,9,5.1,967.2,77.7,0,2.7,5.8,73,NA,NA,138,107,117,153,211,50,51,14,299,311,94,1.5,16.2,4.42,3.5
2002,12,4,10,5.1,967,78.7,0,1.9,5.3,78,NA,NA,99,99,0,49,56,44,45,14,299,310,94,1.7,16.3,4.48,3.6
2002,12,4,11,5.3,966.9,76.4,0,1.9,3.5,68,NA,NA,87,87,0,42,45,40,41,14,317,319,94,1.5,16.4,4.41,3.6
2002,12,4,12,5.4,966.3,75.9,0,2.4,4.4,59,NA,7,63,63,0,31,29,30,31,14,318,319,94,1.5,16.5,4.41,3.7
2002,12,4,13,5.6,967,73.8,0,2.1,4.2,65,NA,NA,50,50,0,25,22,23,24,14,319,319,94,1.3,16.5,4.35,3.7
2002,12,4,14,5.5,967.1,73.3,0,1.8,3.7,74,NA,NA,33,33,0,16,14,14,16,14,319,319,94,1.1,16.3,4.29,3.6
2002,12,4,15,5.2,967.2,75.5,0,1.6,2.8,42,NA,NA,7,7,0,4,2,2,4,14,315,315,94,1.2,16.1,4.32,3.5
2002,12,4,16,4.9,967.3,71,0,1.9,3.3,56,NA,NA,2,0,0,0,0,0,0,14,315,315,94,0.1,14.9,3.98,2.9
2002,12,4,17,4.5,967.2,73.2,0,1.9,3.1,39,NA,NA,0,0,0,0,0,0,0,14,313,313,94,0.1,14.5,3.99,2.6
2002,12,4,18,4.2,967.2,75.2,0,1.5,2.5,34,NA,7,1,0,0,0,0,0,0,14,311,311,94,0.2,14.3,4.01,2.5
2002,12,4,19,4.2,966.6,74.8,0,0.8,2.1,9,NA,NA,2,0,0,0,0,0,0,14,312,312,94,0.1,14.2,3.99,2.5
2002,12,4,20,3.6,966.3,80.5,0,0.5,1,270,NA,NA,1,0,0,0,0,0,0,14,310,310,94,0.6,13.9,4.12,2.3
2002,12,4,21,4,965.8,72.6,0,0.4,1.1,180,NA,NA,0,0,0,0,0,0,0,14,311,311,94,-0.5,13.6,3.82,2.1
2002,12,4,22,3.6,964.9,78.1,0,0.3,1.5,360,NA,NA,1,0,0,0,0,0,0,14,309,309,94,0.1,13.6,4,2.1
2002,12,4,23,3.1,964.4,82.9,0,0.3,0.7,360,NA,NA,2,0,0,0,0,0,0,14,306,306,94,0.5,13.4,4.11,2
2002,12,5,0,3.1,963.8,82.3,0,0.2,0.8,27,NA,NA,0,0,0,0,0,0,0,14,306,306,94,0.4,13.3,4.08,2
2002,12,5,1,3.2,963.4,81.9,0,0.1,0.7,135,NA,NA,1,0,0,0,0,0,0,14,307,307,94,0.4,13.4,4.09,2
2002,12,5,2,3.5,963,74.9,0,1.3,3.3,67,NA,NA,2,0,0,0,0,0,0,14,309,309,94,-0.5,13.1,3.82,1.9
2002,12,5,3,3.5,963,75.5,0,1.6,3.1,45,NA,NA,0,0,0,0,0,0,0,14,308,308,94,-0.4,13.2,3.85,1.9
2002,12,5,4,3.7,963.2,70.3,0,2.9,5.2,33,NA,NA,0,0,0,0,0,0,0,14,309,309,94,-1.2,12.8,3.63,1.7
2002,12,5,5,3.7,963.1,68.3,0,3.2,5.1,35,NA,NA,0,0,0,0,0,0,0,14,309,309,94,-1.6,12.6,3.53,1.6
2002,12,5,6,3.6,963.3,67.7,0,2.9,4.6,35,NA,7,0,0,0,0,0,0,0,14,308,308,94,-1.8,12.3,3.47,1.5
2002,12,5,7,4.2,963.4,65.9,0,3.9,8.7,47,NA,NA,4,4,0,1,2,2,2,14,312,312,94,-1.6,13.1,3.53,1.9
2002,12,5,8,4.5,963.8,68.4,0,5.4,11,61,NA,NA,28,28,0,12,12,13,14,14,313,313,94,-0.8,13.9,3.74,2.3
2002,12,5,9,4.6,964.2,71.6,0,5.1,11.5,55,NA,NA,40,40,0,18,17,19,20,14,315,315,94,-0.1,14.5,3.94,2.6
2002,12,5,10,5,963.8,71.3,0,7.2,12.8,63,NA,NA,90,90,0,44,49,41,42,14,316,317,94,0.2,15.1,4.04,3
2002,12,5,11,5.2,962.9,67.3,0,7.3,12.1,54,NA,NA,160,149,30,76,148,68,65,14,317,319,94,-0.4,14.9,3.87,2.9
2002,12,5,12,5.4,963.2,63.9,0,8.1,14.1,48,NA,7,135,131,10,61,106,68,59,14,317,319,94,-0.9,14.8,3.72,2.8
2002,12,5,13,5.4,963.7,65.5,0,7.7,12.9,51,NA,NA,78,78,0,36,41,38,36,14,317,318,94,-0.5,15,3.81,2.9
2002,12,5,14,5.2,963.7,65.7,0,7.7,13.9,47,NA,NA,32,32,0,16,13,13,16,14,316,317,94,-0.7,14.7,3.77,2.7
2002,12,5,15,5.1,964.1,66.2,0,7.3,12.9,46,NA,NA,4,4,0,2,1,1,2,14,315,316,94,-0.7,14.6,3.77,2.7
2002,12,5,16,5,964.4,67.7,0,7.1,12.4,45,NA,NA,0,0,0,0,0,0,0,14,315,316,94,-0.5,14.6,3.83,2.7
2002,12,5,17,5,964.8,69.6,0,7.5,13.1,49,NA,NA,0,0,0,0,0,0,0,14,315,316,94,-0.1,14.9,3.94,2.9
2002,12,5,18,5,965.1,69.7,0,7,11.6,48,NA,7,0,0,0,0,0,0,0,14,315,316,94,-0.1,14.9,3.94,2.9
2002,12,5,19,5,965.2,70.5,0,6.8,11.3,47,NA,NA,0,0,0,0,0,0,0,14,315,315,94,0.1,15,3.99,2.9
2002,12,5,20,4.8,965.2,71.9,0,7.2,11.5,46,NA,NA,0,0,0,0,0,0,0,14,314,315,94,0.2,14.9,4.01,2.9
2002,12,5,21,4.9,965.1,71.9,0,6.6,12.3,44,NA,NA,0,0,0,0,0,0,0,14,315,315,94,0.3,15,4.04,2.9
2002,12,5,22,5.2,965.6,71.5,0,7.4,12.7,50,NA,NA,0,0,0,0,0,0,0,14,317,317,94,0.5,15.5,4.1,3.2
2002,12,5,23,5.4,965.8,71.3,0,7.3,12.4,52,NA,NA,0,0,0,0,0,0,0,14,318,318,94,0.6,15.8,4.14,3.3
2002,12,6,0,5.5,965.5,73.3,0,7.2,13.7,52,NA,NA,0,0,0,0,0,0,0,14,318,318,94,1.1,16.3,4.29,3.6
2002,12,6,1,5.5,965.9,76.5,0,7.7,13.4,51,NA,NA,0,0,0,0,0,0,0,14,319,319,94,1.7,16.8,4.48,3.8
2002,12,6,2,5.9,965.5,76.1,0,8,15.1,57,NA,NA,0,0,0,0,0,0,0,14,321,321,94,2,17.4,4.58,4.2
2002,12,6,3,6,965.2,75.2,0,8.7,14.1,58,NA,NA,0,0,0,0,0,0,0,14,321,321,94,1.9,17.5,4.56,4.2
2002,12,6,4,6,965.8,74.2,0,6,14.1,70,NA,NA,0,0,0,0,0,0,0,14,318,319,94,1.8,17.3,4.5,4.1
2002,12,6,5,5.3,966,71.6,0,2.2,5.4,114,NA,NA,0,0,0,0,0,0,0,14,317,317,94,0.6,15.7,4.13,3.3
2002,12,6,6,5.5,966.2,71.4,0,1.7,4.1,115,NA,7,0,0,0,0,0,0,0,14,316,317,94,0.7,16,4.18,3.4
2002,12,6,7,5.2,966.9,71.6,0,0.8,2.2,144,NA,NA,4,4,0,1,2,2,2,14,317,317,94,0.5,15.5,4.1,3.2
2002,12,6,8,5.3,967.2,70.8,0,0.7,2.9,146,NA,NA,22,22,0,9,9,11,11,14,317,317,94,0.4,15.6,4.08,3.2
2002,12,6,9,5.4,967.4,69.8,0,0.4,2.7,146,NA,NA,18,18,0,7,6,9,9,14,317,318,94,0.3,15.6,4.05,3.2
2002,12,6,10,5.8,967.2,71.7,0,1.5,5.4,86,NA,NA,21,21,0,9,7,10,11,14,320,320,94,1.1,16.6,4.28,3.7
2002,12,6,11,5.9,966.8,72.3,0,2.7,7.1,84,NA,NA,26,26,0,13,9,13,13,14,320,320,94,1.3,16.8,4.35,3.9
2002,12,6,12,6.3,966.5,73.8,0,3.8,9.3,61,NA,7,24,24,0,12,8,11,12,14,323,323,94,2,17.8,4.57,4.4
2002,12,6,13,6.5,966.4,72.6,0,5.7,9.7,49,NA,NA,34,34,0,17,13,15,17,14,323,323,94,1.9,18,4.55,4.4
2002,12,6,14,6.4,966.3,72.2,0,5.6,9.5,49,NA,NA,26,26,0,13,10,10,13,14,322,323,94,1.8,17.7,4.5,4.3
2002,12,6,15,6,966.8,73.9,0,6,9.8,49,NA,NA,12,12,0,6,4,4,6,14,320,320,94,1.7,17.3,4.48,4.1
2002,12,6,16,5.7,966.7,75.1,0,5.9,10.5,48,NA,NA,5,0,0,0,0,0,0,14,319,319,94,1.6,16.9,4.46,3.9
2002,12,6,17,5.5,966.7,75.1,0,5,8.2,47,NA,NA,0,0,0,0,0,0,0,14,318,319,94,1.4,16.5,4.39,3.7
2002,12,6,18,5.4,966.5,74.6,0,4.8,8.1,44,NA,8,0,0,0,0,0,0,0,14,318,318,94,1.3,16.3,4.33,3.6
2002,12,6,19,5.4,966.7,74.7,0,4.9,9.4,45,NA,NA,0,0,0,0,0,0,0,14,318,318,94,1.3,16.3,4.34,3.6
2002,12,6,20,5.2,967,74.9,0,4.2,7.3,42,NA,NA,0,0,0,0,0,0,0,14,317,317,94,1.1,16,4.29,3.4
2002,12,6,21,5.1,967.1,76.1,0,3.9,8.4,43,NA,NA,0,0,0,0,0,0,0,14,316,317,94,1.2,16,4.33,3.4
2002,12,6,22,5,967.4,77.1,0,4.1,6.8,42,NA,NA,0,0,0,0,0,0,0,14,316,316,94,1.3,15.9,4.35,3.4
2002,12,6,23,4.9,967.2,78.2,0,3.5,6.4,46,NA,NA,0,0,0,0,0,0,0,14,316,316,94,1.4,15.9,4.39,3.4
2002,12,7,0,4.9,967.1,77,0,3.6,5.7,51,NA,NA,0,0,0,0,0,0,0,14,315,315,94,1.2,15.7,4.32,3.3
2002,12,7,1,4.8,966.9,77.9,0,3.9,6.3,51,NA,NA,0,0,0,0,0,0,0,14,315,315,94,1.3,15.7,4.34,3.3
2002,12,7,2,4.8,966.8,78.7,0,3.7,5.6,49,NA,NA,0,0,0,0,0,0,0,14,315,315,94,1.4,15.8,4.38,3.3
2002,12,7,3,4.8,966.9,78.9,0,3.4,5.5,50,NA,NA,0,0,0,0,0,0,0,14,315,315,94,1.5,15.8,4.39,3.4
2002,12,7,4,4.8,966.5,78.9,0,3.4,6,53,NA,NA,0,0,0,0,0,0,0,14,315,315,94,1.5,15.8,4.4,3.4
2002,12,7,5,4.6,966.6,78.9,0,3.1,6,44,NA,NA,0,0,0,0,0,0,0,14,322,322,94,1.3,15.5,4.33,3.2
2002,12,7,6,4.4,966.9,79,0,2.5,5.2,42,NA,8,0,0,0,0,0,0,0,14,321,321,94,1.1,15.1,4.28,3
2002,12,7,7,4.3,967.1,78.1,0,3.6,6.8,48,NA,NA,1,0,0,0,0,0,0,14,321,321,94,0.8,14.8,4.2,2.8
2002,12,7,8,4.4,967.5,77.2,0,3.9,6.2,46,NA,NA,31,31,0,14,14,15,15,14,313,314,94,0.8,14.9,4.18,2.9
2002,12,7,9,4.6,967.7,75.5,0,3.6,5.8,44,NA,NA,50,50,0,24,23,24,24,14,314,315,94,0.7,15,4.14,2.9
2002,12,7,10,4.9,967.5,72.9,0,3.8,6,47,NA,NA,72,72,0,35,36,34,34,14,316,317,94,0.5,15.2,4.08,3
2002,12,7,11,4.9,967.1,72.6,0,4.1,5.9,51,NA,NA,82,82,0,39,41,38,39,14,324,324,94,0.4,15.1,4.07,3
2002,12,7,12,4.9,967.2,71.9,0,4,6.5,48,NA,8,63,63,0,31,29,30,31,14,324,324,94,0.3,15,4.03,2.9
2002,12,7,13,4.9,967.1,71,0,3.5,5.8,49,NA,NA,49,49,0,24,21,22,24,14,323,323,94,0.1,14.9,3.98,2.9
2002,12,7,14,4.6,967.3,72.6,0,4,6,42,NA,NA,31,31,0,15,13,13,15,14,322,322,94,0.1,14.6,3.98,2.7
2002,12,7,15,4.3,967.5,74.2,0,3.7,5.9,36,NA,NA,20,20,0,10,9,9,10,14,321,321,94,0.1,14.3,3.99,2.5
2002,12,7,16,4.1,967.5,76.1,0,3.9,6,35,NA,NA,0,0,0,0,0,0,0,14,320,320,94,0.3,14.2,4.03,2.5
2002,12,7,17,4,967.7,76.4,0,4.1,6.7,34,NA,NA,0,0,0,0,0,0,0,14,320,320,94,0.2,14.1,4.02,2.4
2002,12,7,18,3.9,968,77.3,0,3.9,5.7,35,NA,8,0,0,0,0,0,0,0,14,319,319,94,0.3,14,4.04,2.4
2002,12,7,19,3.9,968.2,77.1,0,3,5.2,32,NA,NA,0,0,0,0,0,0,0,14,319,319,94,0.3,14,4.02,2.4
2002,12,7,20,3.8,968.3,77.6,0,3,4.4,31,NA,NA,0,0,0,0,0,0,0,14,318,318,94,0.3,13.9,4.02,2.3
2002,12,7,21,3.8,968.2,77.6,0,2.4,3.7,22,NA,NA,0,0,0,0,0,0,0,14,319,319,94,0.3,13.9,4.02,2.3
2002,12,7,22,3.8,968.1,76.6,0,2.5,3.8,23,NA,NA,0,0,0,0,0,0,0,14,319,319,94,0.1,13.8,3.97,2.3
2002,12,7,23,3.8,968.2,76.5,0,2.6,4.3,26,NA,NA,0,0,0,0,0,0,0,14,319,319,94,0.1,13.7,3.96,2.3
2002,12,8,0,3.8,968.3,75.8,0,3,5.2,28,NA,NA,0,0,0,0,0,0,0,14,319,319,94,-0.1,13.7,3.93,2.2
2002,12,8,1,3.7,968.5,76.2,0,2.9,4.7,29,NA,NA,0,0,0,0,0,0,0,14,318,318,94,-0.1,13.5,3.92,2.1
2002,12,8,2,3.7,968.5,75.4,0,3,4.7,27,NA,NA,0,0,0,0,0,0,0,14,318,318,94,-0.2,13.4,3.88,2.1
2002,12,8,3,3.7,968.4,75.6,0,2.9,4.6,31,NA,NA,0,0,0,0,0,0,0,14,318,318,94,-0.2,13.5,3.89,2.1
2002,12,8,4,3.6,968.3,75.4,0,3,6.1,30,NA,NA,0,0,0,0,0,0,0,14,318,318,94,-0.3,13.3,3.85,2
2002,12,8,5,3.6,968.4,75.7,0,3,4.7,28,NA,NA,0,0,0,0,0,0,0,14,318,318,94,-0.3,13.3,3.87,2
2002,12,8,6,3.5,968.7,75.6,0,3.2,5,34,NA,8,2,0,0,0,0,0,0,14,317,317,94,-0.4,13.1,3.83,1.9
2002,12,8,7,3.5,969.2,76.6,0,3.7,5.5,35,NA,NA,2,0,0,0,0,0,0,14,317,317,94,-0.2,13.2,3.88,2
2002,12,8,8,3.5,969.4,77,0,3.3,5.2,37,NA,NA,18,18,0,7,7,9,9,14,318,318,94,-0.1,13.3,3.9,2
2002,12,8,9,3.8,969.8,75.9,0,3.5,5.5,40,NA,NA,40,40,0,18,17,19,20,14,319,319,94,-0.1,13.6,3.93,2.2
2002,12,8,10,4.1,969.7,75,0,4,5.9,37,NA,NA,67,67,0,32,33,31,32,14,321,321,94,0.1,14,3.96,2.4
2002,12,8,11,4.3,969.3,73.9,0,4,5.6,38,NA,NA,82,82,0,39,41,38,39,14,321,321,94,0.1,14.2,3.96,2.5
2002,12,8,12,4.4,969.1,73.4,0,3.8,5.7,32,NA,8,67,67,0,32,32,32,32,14,322,322,94,0.1,14.4,3.96,2.6
2002,12,8,13,4.4,968.7,73.1,0,3.8,6,40,NA,NA,59,59,0,29,28,28,28,14,321,321,94,0,14.3,3.95,2.6
2002,12,8,14,4.3,968.9,73.5,0,3.6,5.7,32,NA,NA,32,32,0,16,13,13,16,14,321,321,94,0,14.2,3.94,2.5
2002,12,8,15,4.1,969.2,74.3,0,3.9,6,32,NA,NA,9,9,0,5,3,3,5,14,320,320,94,-0.1,14,3.93,2.3
2002,12,8,16,3.9,969,75.1,0,3.7,6.5,31,NA,NA,2,0,0,0,0,0,0,14,319,319,94,-0.1,13.7,3.92,2.2
2002,12,8,17,3.8,969.5,75.4,0,3.7,5.7,31,NA,NA,0,0,0,0,0,0,0,14,318,318,94,-0.1,13.6,3.9,2.2
2002,12,8,18,3.6,969.8,76.6,0,4,6.1,32,NA,8,0,0,0,0,0,0,0,14,317,317,94,-0.1,13.4,3.91,2.1
2002,12,8,19,3.4,969.8,77.8,0,4.3,6.5,31,NA,NA,0,0,0,0,0,0,0,14,316,316,94,-0.1,13.2,3.91,2
2002,12,8,20,3.2,970,78.1,0,3.5,5.7,33,NA,NA,0,0,0,0,0,0,0,14,316,316,94,-0.2,12.9,3.87,1.8
2002,12,8,21,3.1,970,78.5,0,3.7,6.1,36,NA,NA,0,0,0,0,0,0,0,14,315,315,94,-0.3,12.8,3.86,1.7
2002,12,8,22,3.1,970.1,79,0,2.8,4.5,32,NA,NA,0,0,0,0,0,0,0,14,315,315,94,-0.2,12.8,3.89,1.7
2002,12,8,23,3,969.8,78,0,2.6,4.2,28,NA,NA,0,0,0,0,0,0,0,14,315,315,94,-0.5,12.6,3.81,1.6
2002,12,9,0,3,969.8,77.6,0,1.9,3.7,32,NA,NA,0,0,0,0,0,0,0,14,315,315,94,-0.5,12.5,3.79,1.6
2002,12,9,1,3.1,969.7,77,0,0.9,2,40,NA,NA,0,0,0,0,0,0,0,14,315,315,94,-0.5,12.6,3.79,1.6
2002,12,9,2,3.1,969.6,78.2,0,1,2,24,NA,NA,1,0,0,0,0,0,0,14,315,315,94,-0.3,12.7,3.85,1.7
2002,12,9,3,3.1,969.3,78.6,0,0.9,2.1,36,NA,NA,0,0,0,0,0,0,0,14,316,316,94,-0.3,12.8,3.87,1.7
2002,12,9,4,3.2,969.1,76.5,0,0.5,1.2,90,NA,NA,1,0,0,0,0,0,0,14,316,316,94,-0.5,12.7,3.8,1.7
2002,12,9,5,3.2,968.8,76.6,0,0.5,1.2,63,NA,NA,0,0,0,0,0,0,0,14,315,315,94,-0.5,12.7,3.8,1.7
2002,12,9,6,3.3,968.8,75.9,0,1.2,2.8,9,NA,8,2,0,0,0,0,0,0,14,316,316,94,-0.5,12.8,3.79,1.7
2002,12,9,7,3.2,968.8,75.8,0,1,2.4,29,NA,NA,3,3,0,1,1,1,1,14,316,316,94,-0.7,12.6,3.76,1.6
2002,12,9,8,3.3,968.9,75.7,0,1,2.3,41,NA,NA,14,14,0,5,5,7,7,14,317,317,94,-0.6,12.8,3.78,1.7
2002,12,9,9,3.6,968.9,76.3,0,1,2.9,84,NA,NA,34,34,0,15,14,16,17,14,318,318,94,-0.2,13.4,3.9,2
2002,12,9,10,3.8,968.4,75.4,0,1.1,2.6,22,NA,NA,57,57,0,27,26,27,28,14,318,318,94,-0.1,13.6,3.91,2.2
2002,12,9,11,3.8,967.9,76.5,0,1.1,2.9,29,NA,NA,69,69,0,33,33,33,33,14,320,320,94,0.1,13.7,3.97,2.3
2002,12,9,12,4.1,967.9,76.3,0,1.5,3.2,32,NA,8,80,80,0,38,40,37,38,14,321,321,94,0.3,14.2,4.04,2.5
2002,12,9,13,4.2,967.1,75.7,0,1.4,3.2,27,NA,NA,95,95,0,43,56,48,43,14,321,321,94,0.3,14.3,4.04,2.6
2002,12,9,14,4.3,967.3,76.7,0,1.9,3.2,60,NA,NA,41,41,0,20,19,19,20,14,312,314,94,0.6,14.6,4.12,2.7
2002,12,9,15,4.2,967.5,80.6,0,1.9,3.1,56,NA,NA,16,16,0,8,7,6,8,14,311,311,94,1.2,15,4.3,2.9
2002,12,9,16,4,967.6,84.2,0,1.7,3,52,NA,NA,1,0,0,0,0,0,0,14,312,312,94,1.6,15.1,4.43,3
2002,12,9,17,3.9,968.1,85.4,0,1.9,3.9,78,NA,NA,0,0,0,0,0,0,0,14,310,310,94,1.7,15.1,4.46,2.9
2002,12,9,18,3.5,968.3,85.9,0.2,2.2,4.1,77,NA,8,0,0,0,0,0,0,0,14,308,308,94,1.4,14.4,4.36,2.6
2002,12,9,19,2.9,968.8,87.4,1.6,2.5,5.2,78,NA,NA,1,0,0,0,0,0,0,14,305,305,94,1,13.5,4.25,2.1
2002,12,9,20,2,969,92,1.7,2.2,4.1,56,NA,NA,1,0,0,0,0,0,0,14,298,299,94,0.8,12.5,4.19,1.5
2002,12,9,21,1.1,969.2,94.2,0.5,0.8,2,14,NA,NA,0,0,0,0,0,0,0,14,299,299,94,0.3,11.2,4.02,0.8
2002,12,9,22,1.6,969.2,92.8,0,0.8,1.9,27,NA,NA,1,0,0,0,0,0,0,14,300,300,94,0.6,11.9,4.11,1.2
2002,12,9,23,2,969.2,92.7,0,1.1,2.4,29,NA,NA,2,0,0,0,0,0,0,14,312,312,94,0.9,12.6,4.23,1.5
2002,12,10,0,2.2,969,86.8,0,2.6,6.6,69,NA,NA,0,0,0,0,0,0,0,14,311,311,94,0.2,12.2,4.01,1.4
2002,12,10,1,2.3,969.2,84,0,3.5,7.3,73,NA,NA,3,0,0,0,0,0,0,14,311,311,94,-0.1,12.1,3.91,1.3
2002,12,10,2,2.3,969.2,84.5,0,3.3,6.5,63,NA,NA,0,0,0,0,0,0,0,14,311,311,94,0,12.1,3.93,1.4
2002,12,10,3,2.3,969.3,84.5,0,2.4,5,78,NA,NA,1,0,0,0,0,0,0,14,312,312,94,0,12.1,3.93,1.4
2002,12,10,4,2.3,969.4,84.4,0,3.1,6.7,71,NA,NA,1,0,0,0,0,0,0,14,311,311,94,-0.1,12.1,3.93,1.3
2002,12,10,5,2.1,969.2,83.3,0,3.7,6.8,77,NA,NA,0,0,0,0,0,0,0,14,302,305,96,-0.4,11.7,3.82,1.1
2002,12,10,6,2,970,84.2,0,2.8,6.8,69,NA,8,0,0,0,0,0,0,0,14,301,305,96,-0.4,11.6,3.83,1
2002,12,10,7,1.5,970.7,86.4,0,1.9,4.3,45,NA,NA,4,4,0,2,2,2,2,14,302,303,96,-0.5,11,3.79,0.7
2002,12,10,8,2.1,970.9,85.1,0,2.9,5.2,72,NA,NA,25,25,0,11,11,12,12,14,301,306,96,-0.1,11.9,3.9,1.2
2002,12,10,9,1.8,971.3,85.6,0,3,5.9,84,NA,NA,36,36,0,16,15,17,18,14,300,305,96,-0.4,11.4,3.84,0.9
2002,12,10,10,1.9,970.8,85.1,0,3,5.6,72,NA,NA,54,54,0,26,24,26,26,14,301,307,96,-0.3,11.5,3.84,1
2002,12,10,11,2,970.4,84,0,2.4,4.7,75,NA,NA,68,68,0,33,32,32,33,14,303,305,94,-0.4,11.6,3.82,1
2002,12,10,12,2.3,970.2,82.3,0,2.8,5,82,NA,8,140,134,17,62,118,71,59,14,303,307,94,-0.4,11.9,3.83,1.2
2002,12,10,13,2.4,969.8,81.6,0,2.6,5.2,79,NA,NA,103,103,0,46,64,53,46,14,303,306,94,-0.4,12,3.82,1.3
2002,12,10,14,2.2,970.1,82.6,0,2.2,4.4,82,NA,NA,28,28,0,14,11,11,14,14,310,310,94,-0.4,11.7,3.81,1.1
2002,12,10,15,2.2,970,82.5,0,1.9,4.3,78,NA,NA,16,16,0,8,7,6,8,14,311,311,94,-0.5,11.7,3.81,1.1
2002,12,10,16,2,970,83.3,0,2.4,4.4,75,NA,NA,1,0,0,0,0,0,0,14,310,310,94,-0.5,11.5,3.79,1
2002,12,10,17,1.8,970.4,84.7,0,2.4,4,68,NA,NA,0,0,0,0,0,0,0,14,309,309,94,-0.5,11.3,3.8,0.9
2002,12,10,18,1.7,970.8,84.9,0,2.2,4.3,66,NA,8,1,0,0,0,0,0,0,14,309,309,94,-0.6,11.1,3.78,0.8
2002,12,10,19,1.5,971,85,0,2.1,4.5,82,NA,NA,0,0,0,0,0,0,0,14,308,308,94,-0.7,10.8,3.73,0.6
2002,12,10,20,1.5,971,85,0,2.7,4.7,68,NA,NA,0,0,0,0,0,0,0,14,308,308,94,-0.7,10.8,3.73,0.6
2002,12,10,21,1.5,971,85.4,0,2.8,5.7,73,NA,NA,0,0,0,0,0,0,0,14,308,308,94,-0.7,10.9,3.75,0.6
2002,12,10,22,1.5,971,84.2,0,2.6,5.2,77,NA,NA,0,0,0,0,0,0,0,14,308,308,94,-0.9,10.7,3.69,0.6
2002,12,10,23,1.5,970.6,83.1,0,2.5,4.6,63,NA,NA,0,0,0,0,0,0,0,14,308,308,94,-1.1,10.6,3.65,0.5
2002,12,11,0,1.3,970.6,83.4,0,0.9,2.2,32,NA,NA,1,0,0,0,0,0,0,14,307,307,94,-1.2,10.3,3.61,0.3
2002,12,11,1,1.4,970.8,83.4,0,1.5,3,62,NA,NA,0,0,0,0,0,0,0,14,308,308,94,-1.1,10.5,3.63,0.4
2002,12,11,2,1.5,970.8,85.3,0,1.6,3.5,65,NA,NA,0,0,0,0,0,0,0,14,308,308,94,-0.7,10.9,3.74,0.6
2002,12,11,3,1.5,970.6,85.9,0,2,3.8,70,NA,NA,0,0,0,0,0,0,0,14,308,308,94,-0.6,10.9,3.77,0.7
2002,12,11,4,1.4,970.2,85.6,0,2.1,4.3,79,NA,NA,0,0,0,0,0,0,0,14,308,308,94,-0.7,10.7,3.73,0.6
2002,12,11,5,1.5,970.1,85.1,0,2.6,5.1,79,NA,NA,0,0,0,0,0,0,0,14,308,308,94,-0.7,10.8,3.74,0.6
2002,12,11,6,1.3,970.2,83.9,0,1.6,4.3,42,NA,8,0,0,0,0,0,0,0,14,306,306,94,-1.1,10.4,3.63,0.4
2002,12,11,7,1.2,970.3,82.7,0,1.6,3.3,30,NA,NA,0,0,0,0,0,0,0,14,307,307,94,-1.4,10.1,3.55,0.2
2002,12,11,8,1.4,970.9,84.7,0,1.6,3.3,52,NA,NA,10,10,0,3,3,5,5,14,308,308,94,-0.9,10.6,3.69,0.5
2002,12,11,9,1.6,970.5,84.5,0,2,4.7,72,NA,NA,24,24,0,10,9,12,12,14,309,309,94,-0.7,10.9,3.74,0.7
2002,12,11,10,1.7,970.8,83.9,0,1.8,4.1,87,NA,NA,46,46,0,22,19,22,23,14,309,309,94,-0.7,11,3.73,0.7
2002,12,11,11,1.9,970.4,82.4,0,1.9,3.4,65,NA,NA,48,48,0,23,20,23,24,14,310,310,94,-0.8,11.2,3.72,0.8
2002,12,11,12,2.1,970,81.1,0,2.1,4.5,71,NA,8,71,71,0,34,35,33,34,14,312,312,94,-0.8,11.4,3.72,0.9
2002,12,11,13,2.4,970.1,79.3,0,2.2,4.2,53,NA,NA,73,73,0,35,38,35,34,14,312,312,94,-0.8,11.7,3.71,1.1
2002,12,11,14,2.4,970,80.6,0,1.8,3.4,63,NA,NA,24,24,0,12,9,9,12,14,303,305,94,-0.6,11.8,3.77,1.2
2002,12,11,15,2.2,970.6,81.2,0,1.4,3.5,103,NA,NA,6,6,0,3,2,1,3,14,302,303,94,-0.7,11.6,3.75,1
2002,12,11,16,2.2,970.6,81.3,0,1.5,2.7,94,NA,NA,1,0,0,0,0,0,0,14,302,303,94,-0.7,11.6,3.75,1
2002,12,11,17,2.2,970.6,82.8,0,1.6,3.8,86,NA,NA,0,0,0,0,0,0,0,14,303,303,94,-0.4,11.8,3.82,1.1
2002,12,11,18,2.2,971.2,84.4,0,1.9,4.2,90,NA,7,0,0,0,0,0,0,0,14,302,303,94,-0.2,11.9,3.89,1.2
2002,12,11,19,2.3,971.5,83.4,0,1.4,2.7,73,NA,NA,0,0,0,0,0,0,0,14,303,303,94,-0.2,12,3.87,1.3
2002,12,11,20,2.2,971.4,84.2,0,1.3,3.1,72,NA,NA,1,0,0,0,0,0,0,14,312,312,94,-0.2,11.9,3.88,1.2
2002,12,11,21,2.1,971.5,85,0,1.9,3.7,103,NA,NA,0,0,0,0,0,0,0,14,311,311,94,-0.2,11.8,3.89,1.2
2002,12,11,22,2.2,972,85.6,0,1.2,2.7,76,NA,NA,1,0,0,0,0,0,0,14,311,311,94,0,12.1,3.94,1.3
2002,12,11,23,2.1,971.8,85.7,0,0.9,2.5,90,NA,NA,1,0,0,0,0,0,0,14,311,311,94,0,11.9,3.92,1.2
2002,12,12,0,2,972.1,85.6,0,1,3.1,96,NA,NA,0,0,0,0,0,0,0,14,310,310,94,-0.2,11.7,3.89,1.1
2002,12,12,1,1.9,972.1,86.4,0,1.3,2.8,103,NA,NA,1,0,0,0,0,0,0,14,309,309,94,-0.1,11.6,3.9,1.1
2002,12,12,2,1.9,972.2,86.6,0,0.5,1.8,63,NA,NA,0,0,0,0,0,0,0,14,310,310,94,-0.1,11.7,3.91,1.1
2002,12,12,3,2,972.2,86.7,0,1.1,2.6,112,NA,NA,1,0,0,0,0,0,0,14,310,310,94,0,11.9,3.94,1.2
2002,12,12,4,2,972.3,88,0,0.8,2.1,68,NA,NA,0,0,0,0,0,0,0,14,311,311,94,0.2,12,4,1.3
2002,12,12,5,2.1,971.6,89.4,0,1.2,2.2,45,NA,NA,0,0,0,0,0,0,0,14,311,311,94,0.5,12.3,4.09,1.4
2002,12,12,6,2.2,972.1,88.2,0,1.2,2.5,81,NA,8,0,0,0,0,0,0,0,14,312,312,94,0.5,12.4,4.07,1.5
2002,12,12,7,2.3,972.6,87.9,0,1.2,2.5,90,NA,NA,3,0,0,0,0,0,0,14,312,312,94,0.5,12.5,4.08,1.6
2002,12,12,8,2.5,972.8,87,0,1.3,3.1,103,NA,NA,26,26,0,11,11,12,13,14,313,313,94,0.6,12.7,4.09,1.7
2002,12,12,9,2.7,972.9,86.1,0,1.3,3.6,85,NA,NA,52,52,0,25,25,24,25,14,314,314,94,0.6,13,4.11,1.8
2002,12,12,10,3,972.2,85.3,0,1.2,3.6,63,NA,NA,51,51,0,24,22,24,25,14,315,315,94,0.8,13.4,4.16,2.1
2002,12,12,11,3.3,972.1,83.7,0,1.4,4.1,32,NA,NA,84,84,0,40,43,39,39,14,317,317,94,0.8,13.8,4.17,2.2
2002,12,12,12,3.4,971.5,81.9,0,1.6,4.3,39,NA,8,99,99,0,46,56,47,45,14,318,318,94,0.6,13.7,4.11,2.2
2002,12,12,13,3.7,971.4,80.3,0,1,3,18,NA,NA,103,103,0,46,64,53,46,14,319,319,94,0.6,14,4.12,2.4
2002,12,12,14,3.9,971.4,79.7,0,0.9,2.6,7,NA,NA,71,71,0,32,43,40,32,14,293,303,94,0.7,14.3,4.15,2.5
2002,12,12,15,3.7,971.8,81.6,0,1.4,2.9,69,NA,NA,23,23,0,11,11,11,11,14,292,300,94,0.9,14.2,4.19,2.5
2002,12,12,16,3.6,972.5,83.3,0,1.2,2.3,349,NA,NA,1,0,0,0,0,0,0,14,292,301,94,1,14.2,4.24,2.5
2002,12,12,17,3.8,972.8,82.6,0,0.6,1.6,31,NA,NA,1,0,0,0,0,0,0,14,311,311,94,1.1,14.5,4.26,2.6
2002,12,12,18,3.7,973.1,83.5,0,1,3.6,34,NA,8,0,0,0,0,0,0,0,14,311,311,94,1.2,14.4,4.28,2.6
2002,12,12,19,3.7,973.4,87.7,0.3,0.6,2,104,NA,NA,0,0,0,0,0,0,0,14,310,310,94,1.9,15,4.49,2.9
2002,12,12,20,3.6,974.5,89.7,0.1,0.6,1.5,72,NA,NA,0,0,0,0,0,0,0,14,301,305,94,2.1,15,4.56,2.9
2002,12,12,21,3.6,974.3,90.9,0.8,1,1.9,30,NA,NA,0,0,0,0,0,0,0,14,301,305,94,2.3,15.2,4.62,3
2002,12,12,22,3.6,974.6,92.3,1.5,0.2,1.2,360,NA,NA,1,0,0,0,0,0,0,14,301,305,94,2.5,15.4,4.69,3.1
2002,12,12,23,3.6,974.7,93.1,0.1,0.7,1.4,39,NA,NA,0,0,0,0,0,0,0,14,310,310,94,2.6,15.5,4.73,3.2
2002,12,13,0,3.6,974.8,93.7,0,0.5,1.4,360,NA,NA,1,0,0,0,0,0,0,14,310,310,94,2.7,15.5,4.76,3.2
2002,12,13,1,3.6,975,93.9,0,0.1,0.6,360,NA,NA,0,0,0,0,0,0,0,14,310,310,94,2.7,15.6,4.77,3.2
2002,12,13,2,3.6,975.3,94,0,0.7,1.7,262,NA,NA,0,0,0,0,0,0,0,14,310,310,94,2.7,15.6,4.77,3.2
2002,12,13,3,3.3,975.5,94.6,0,0.7,1.5,262,NA,NA,1,0,0,0,0,0,0,14,307,307,94,2.5,15.1,4.7,2.9
2002,12,13,4,2.6,975.6,95.1,0,0.7,1.3,262,NA,NA,0,0,0,0,0,0,0,14,303,303,94,1.9,13.9,4.5,2.3
2002,12,13,5,2.2,975.8,94.5,0.2,0.2,1.4,270,NA,NA,0,0,0,0,0,0,0,14,277,288,96,1.4,13.1,4.34,1.9
2002,12,13,6,1.3,976,94.7,0,0.3,1.5,342,NA,4,0,0,0,0,0,0,0,14,272,286,96,0.5,11.5,4.08,1
2002,12,13,7,1.4,976.7,92.9,0.2,1.1,2,253,NA,NA,3,0,0,0,0,0,0,14,275,290,96,0.4,11.5,4.02,1
2002,12,13,8,2.3,976.7,92.3,0,0.5,1.5,243,NA,NA,39,39,0,21,21,18,18,14,299,305,96,1.2,13,4.27,1.8
2002,12,13,9,3.6,977.1,93,0,0.8,2.4,360,NA,NA,55,55,0,27,27,26,26,14,303,311,96,2.6,15.4,4.71,3.2
2002,12,13,10,3.8,976.8,93,0,1.3,3.2,30,NA,NA,58,58,0,28,27,27,28,14,303,312,96,2.8,15.8,4.78,3.4
2002,12,13,11,4.1,976.9,92.1,0,0.7,2.1,135,NA,NA,59,59,0,29,27,28,29,14,321,321,96,2.9,16.2,4.84,3.6
2002,12,13,12,4.3,976.5,92.3,0,0.8,2.3,241,NA,8,54,54,0,26,24,25,26,14,321,322,96,3.2,16.6,4.92,3.8
2002,12,13,13,4.4,976.1,92.4,0,0.9,2.5,346,NA,NA,49,49,0,24,21,22,24,14,323,323,96,3.3,16.9,4.96,3.9
2002,12,13,14,4.5,976.1,92.3,0,0.5,1.7,198,NA,NA,26,26,0,13,10,10,13,14,323,323,96,3.4,17,4.99,4
2002,12,13,15,4.4,976.2,92.9,0,0.8,2.5,346,NA,NA,8,8,0,4,3,2,4,14,323,323,96,3.4,16.9,4.99,3.9
2002,12,13,16,4.5,976,93.3,0,0.8,2.2,315,NA,NA,0,0,0,0,0,0,0,14,323,323,96,3.5,17.2,5.05,4
2002,12,13,17,4.4,975.5,93.7,0,1.5,3.5,352,NA,NA,0,0,0,0,0,0,0,14,322,322,94,3.5,17,5.04,4
2002,12,13,18,4.5,975.6,93.2,0.2,1.8,4.5,10,NA,8,1,0,0,0,0,0,0,14,324,324,94,3.5,17.2,5.04,4
2002,12,13,19,4.4,975.7,93.4,0,1.6,4.6,353,NA,NA,0,0,0,0,0,0,0,14,322,322,94,3.4,17,5.02,3.9
2002,12,13,20,4.1,975.9,93.8,0,1.5,3,328,NA,NA,0,0,0,0,0,0,0,14,322,322,94,3.2,16.5,4.93,3.7
2002,12,13,21,4.3,975.6,93.5,0,1.2,2.7,9,NA,NA,0,0,0,0,0,0,0,14,323,323,94,3.3,16.8,4.99,3.8
2002,12,13,22,4.3,975.5,93.8,0,1.7,3.1,45,NA,NA,0,0,0,0,0,0,0,14,322,322,94,3.4,16.9,5.01,3.9
2002,12,13,23,4.2,975,94.6,0,1.5,2.4,39,NA,NA,0,0,0,0,0,0,0,14,322,322,94,3.4,16.8,5.02,3.8
2002,12,14,0,4.1,974.7,93.6,0,1.6,2.6,45,NA,NA,0,0,0,0,0,0,0,14,321,321,94,3.2,16.5,4.93,3.7
2002,12,14,1,3.9,974.5,92.8,0,1.9,3.1,29,NA,NA,0,0,0,0,0,0,0,14,319,319,94,2.8,16,4.82,3.4
2002,12,14,2,3.7,973.7,89.7,0,1.8,3,16,NA,NA,0,0,0,0,0,0,0,14,318,318,94,2.2,15.2,4.59,3
2002,12,14,3,3.5,973.3,90.3,0,1.6,2.9,332,NA,NA,0,0,0,0,0,0,0,14,318,318,94,2.1,14.9,4.56,2.9
2002,12,14,4,3.7,972.9,90.1,0,0.9,2.5,18,NA,NA,0,0,0,0,0,0,0,14,319,319,94,2.2,15.3,4.62,3
2002,12,14,5,3.7,972.6,90.1,0,0.5,2.3,45,NA,NA,1,0,0,0,0,0,0,14,319,319,94,2.2,15.3,4.62,3
2002,12,14,6,3.5,972.1,91.1,0,1.4,3.2,148,NA,8,0,0,0,0,0,0,0,14,317,317,94,2.2,15.1,4.61,2.9
2002,12,14,7,3.4,971.6,90.8,0,0.8,2.1,135,NA,NA,1,0,0,0,0,0,0,14,317,317,94,2,14.8,4.56,2.8
2002,12,14,8,3.5,971.8,89.7,0,0.6,2.3,90,NA,NA,8,8,0,2,2,4,4,14,318,318,94,2,14.9,4.54,2.8
2002,12,14,9,3.7,971.2,88.4,0,0.7,2.4,101,NA,NA,23,23,0,9,8,11,12,14,319,319,94,2,15.1,4.54,3
2002,12,14,10,3.8,970.8,87.2,0,0.6,2,121,NA,NA,34,34,0,16,13,17,17,14,320,320,94,1.9,15.1,4.51,3
2002,12,14,11,4,969.7,85.6,0,0.8,2.4,81,NA,NA,59,59,0,29,27,28,29,14,320,320,94,1.8,15.3,4.5,3
2002,12,14,12,4.1,969,85.3,0,0.8,2.4,34,NA,8,52,52,0,26,22,24,26,14,320,320,94,1.9,15.4,4.52,3.1
2002,12,14,13,4,968.5,84.6,0,0.8,2.3,76,NA,NA,43,43,0,21,18,19,21,14,321,321,94,1.6,15.2,4.45,3
2002,12,14,14,4,969,83.7,0,0.9,2.6,51,NA,NA,33,33,0,16,14,14,16,14,321,321,94,1.5,15,4.4,2.9
2002,12,14,15,4.1,968.9,83.2,0,0.8,3.1,40,NA,NA,8,8,0,4,3,2,4,14,321,321,94,1.5,15.2,4.4,3
2002,12,14,16,4.1,969.1,83.2,0,0.9,2.2,117,NA,NA,1,0,0,0,0,0,0,14,321,321,94,1.5,15.1,4.4,3
2002,12,14,17,4.1,969.3,83.2,0,0.7,1.9,117,NA,NA,0,0,0,0,0,0,0,14,311,311,94,1.5,15.1,4.4,3
2002,12,14,18,4.1,969.9,83.8,0,0.8,1.9,140,NA,7,0,0,0,0,0,0,0,14,312,312,94,1.6,15.2,4.43,3
2002,12,14,19,3.9,970.2,88.6,0.6,0.8,2,162,NA,NA,1,0,0,0,0,0,0,14,310,310,94,2.2,15.5,4.62,3.2
2002,12,14,20,3.7,970.4,90.6,0.3,0.7,1.9,135,NA,NA,0,0,0,0,0,0,0,14,319,319,94,2.3,15.4,4.66,3.1
2002,12,14,21,3.7,970.3,93.5,0.7,0.8,1.7,291,NA,NA,0,0,0,0,0,0,0,14,319,319,94,2.8,15.8,4.81,3.3
2002,12,14,22,3.8,970.1,93.3,0.3,0.4,1,256,NA,NA,0,0,0,0,0,0,0,14,319,319,94,2.8,15.9,4.83,3.4
2002,12,14,23,3.8,969.4,93.8,0.3,0.6,2.2,270,NA,NA,1,0,0,0,0,0,0,14,320,320,94,2.9,16,4.86,3.4
2002,12,15,0,3.7,969.5,94.4,1.1,0.9,2.3,283,NA,NA,0,0,0,0,0,0,0,14,319,319,94,2.9,15.9,4.86,3.3
2002,12,15,1,3.8,969.1,94.3,0.8,0.4,1.2,18,NA,NA,1,0,0,0,0,0,0,14,320,320,94,3,16.1,4.89,3.4
2002,12,15,2,3.9,969.3,93.9,0.1,0.6,1.7,288,NA,NA,0,0,0,0,0,0,0,14,321,321,94,3,16.2,4.9,3.5
2002,12,15,3,4,969.3,94,0.5,0.7,2,338,NA,NA,0,0,0,0,0,0,0,14,321,321,94,3.1,16.4,4.94,3.6
2002,12,15,4,4.1,969,94.1,0.4,0.7,1.9,9,NA,NA,0,0,0,0,0,0,0,14,321,321,94,3.2,16.6,4.98,3.7
2002,12,15,5,4.2,969.2,94,0.4,0.5,1.2,225,NA,NA,1,0,0,0,0,0,0,14,323,323,96,3.3,16.8,5.01,3.8
2002,12,15,6,4.5,969.3,93.8,0.1,1.3,3.4,279,NA,8,0,0,0,0,0,0,0,14,323,323,96,3.6,17.3,5.11,4.1
2002,12,15,7,4.7,969.7,93.2,0.3,0.8,2.3,243,NA,NA,0,0,0,0,0,0,0,14,327,327,96,3.7,17.6,5.15,4.2
2002,12,15,8,6.1,969.9,89.1,0,1.8,4.3,239,NA,NA,33,33,0,17,17,15,16,14,316,320,96,4.4,19.7,5.42,5.3
2002,12,15,9,6.3,970.1,91,0,0.8,2.3,111,NA,NA,70,70,0,37,39,32,32,14,317,323,96,4.9,20.4,5.62,5.6
2002,12,15,10,7.1,969.9,86.1,0.3,2.7,5.6,259,NA,NA,60,60,0,29,28,28,29,14,320,326,96,4.9,21.2,5.62,6
2002,12,15,11,7.9,969.2,85.1,0,1.5,4.2,245,NA,NA,161,132,84,83,224,68,62,14,307,323,96,5.6,22.7,5.87,6.8
2002,12,15,12,7.9,969.2,84.4,0.2,2.4,4.3,251,NA,7,80,80,0,38,41,37,38,14,307,322,96,5.4,22.6,5.82,6.7
2002,12,15,13,8.1,969,82.7,0,3.3,5.3,250,NA,NA,46,46,0,23,20,21,23,14,307,323,96,5.3,22.7,5.78,6.7
2002,12,15,14,8.1,969.3,82.9,0.1,4.3,7.2,258,NA,NA,42,42,0,20,19,19,20,14,332,334,96,5.4,22.7,5.8,6.8
2002,12,15,15,7.9,969.7,84,0,2.8,4.7,270,NA,NA,10,10,0,5,3,3,5,14,330,332,96,5.4,22.5,5.79,6.7
2002,12,15,16,7.5,969.7,84.7,0.1,2.6,5.5,265,NA,NA,0,0,0,0,0,0,0,14,332,332,96,5.1,21.8,5.68,6.3
2002,12,15,17,8.1,970.2,81.8,0.5,3.8,8.3,265,NA,NA,0,0,0,0,0,0,0,14,331,331,96,5.2,22.5,5.71,6.7
2002,12,15,18,7.8,970.5,85.3,0.5,2.9,5.2,254,NA,7,0,0,0,0,0,0,0,14,331,331,96,5.5,22.5,5.84,6.7
2002,12,15,19,7.8,971,84.6,0.2,2.6,5.8,255,NA,NA,0,0,0,0,0,0,0,14,331,331,96,5.4,22.4,5.79,6.6
2002,12,15,20,8.1,971.1,80.1,0,4.2,8.7,216,NA,NA,0,0,0,0,0,0,0,14,299,315,96,4.9,22.2,5.59,6.5
2002,12,15,21,7.7,971.5,81.9,0,2.8,7.7,246,NA,NA,0,0,0,0,0,0,0,14,295,313,96,4.8,21.7,5.56,6.3
2002,12,15,22,7.7,971.6,80.5,0,2.8,5.5,224,NA,NA,0,0,0,0,0,0,0,14,297,313,96,4.6,21.5,5.46,6.2
2002,12,15,23,7.2,971.3,84.6,0,2.1,5.6,241,NA,NA,1,0,0,0,0,0,0,14,296,313,96,4.8,21.2,5.55,6
2002,12,16,0,7,970.8,88.1,1.1,0.7,2,252,NA,NA,0,0,0,0,0,0,0,14,293,311,96,5.2,21.4,5.7,6.1
2002,12,16,1,6.5,971.5,94.4,1.7,0.4,1.1,270,NA,NA,0,0,0,0,0,0,0,14,291,309,96,5.7,21.4,5.9,6.1
2002,12,16,2,7.2,971.6,90.2,1.2,1.6,3.4,220,NA,NA,0,0,0,0,0,0,0,14,304,317,96,5.7,22.1,5.92,6.5
2002,12,16,3,7.2,971.6,88,0.3,2.3,6.9,230,NA,NA,1,0,0,0,0,0,0,14,304,317,96,5.3,21.7,5.77,6.3
2002,12,16,4,7.5,971.6,85.7,0.1,3.6,8.1,226,NA,NA,0,0,0,0,0,0,0,14,305,318,96,5.3,22,5.74,6.4
2002,12,16,5,7.7,971.4,83.3,0,3.2,6,230,NA,NA,0,0,0,0,0,0,0,14,322,326,96,5.1,21.9,5.65,6.4
2002,12,16,6,7.6,971.1,85.3,0.1,2.1,5.3,235,NA,7,0,0,0,0,0,0,0,14,320,325,96,5.3,22.1,5.75,6.5
2002,12,16,7,7.2,971.7,88.7,0.1,2.4,4.3,263,NA,NA,0,0,0,0,0,0,0,14,320,325,96,5.5,21.9,5.82,6.4
2002,12,16,8,7.4,972.1,88,0.1,2.3,3.9,257,NA,NA,23,23,0,10,10,11,11,14,322,327,96,5.5,22.1,5.85,6.5
2002,12,16,9,8.1,972.1,83.4,0,3.1,5.5,259,NA,NA,66,66,0,35,36,30,31,14,326,331,96,5.5,22.8,5.82,6.8
2002,12,16,10,8.5,971.8,80.9,0,2.7,4.9,264,NA,NA,56,56,0,27,25,27,27,14,325,333,96,5.4,23.1,5.8,7
2002,12,16,11,8.7,971.2,79.3,0,4.4,6.7,252,NA,NA,65,65,0,31,31,31,31,14,327,334,96,5.3,23.2,5.76,7
2002,12,16,12,8.7,970.7,83.7,0,4,5.8,252,NA,8,83,83,0,39,43,39,39,14,328,334,96,6.1,24.1,6.09,7.4
2002,12,16,13,8.8,970.7,81.9,0.4,4,7.4,234,NA,NA,67,67,0,32,34,32,32,14,327,333,96,5.9,23.9,6,7.3
2002,12,16,14,8.5,970.4,85,0.2,4.1,6.6,235,NA,NA,31,31,0,15,13,13,15,14,309,323,96,6.1,23.9,6.1,7.3
2002,12,16,15,8.1,970.5,88.2,0.7,3.3,5.2,259,NA,NA,11,11,0,6,4,4,6,14,307,321,96,6.3,23.6,6.16,7.2
2002,12,16,16,7.9,970.1,88.6,1,3.3,6,258,NA,NA,0,0,0,0,0,0,0,14,307,321,96,6.1,23.3,6.11,7
2002,12,16,17,7.9,970.2,87.3,0.2,2.9,5.1,262,NA,NA,0,0,0,0,0,0,0,14,315,324,96,5.9,23.1,6.02,6.9
2002,12,16,18,8,970,85.9,0.2,1.3,4.2,241,NA,8,0,0,0,0,0,0,0,14,316,324,96,5.8,23,5.96,6.9
2002,12,16,19,8,970.4,85.1,0.3,3.6,6.2,250,NA,NA,0,0,0,0,0,0,0,14,315,324,96,5.7,22.9,5.9,6.9
2002,12,16,20,7.8,970.6,87.6,1,3,5.2,266,NA,NA,0,0,0,0,0,0,0,14,290,312,96,5.9,22.9,6,6.9
2002,12,16,21,7.8,970.4,89.2,0.9,3.9,6.2,251,NA,NA,0,0,0,0,0,0,0,14,290,313,96,6.1,23.2,6.11,6.9
2002,12,16,22,7.6,970.4,90.9,0.6,2.9,5.1,253,NA,NA,0,0,0,0,0,0,0,14,290,312,96,6.2,23.1,6.14,6.9
2002,12,16,23,8,970.3,87.8,0.6,2.5,5.6,238,NA,NA,0,0,0,0,0,0,0,14,284,310,96,6.1,23.4,6.09,7
2002,12,17,0,7.9,969.9,90.3,0.3,1.6,4.4,236,NA,NA,0,0,0,0,0,0,0,14,283,308,96,6.4,23.6,6.23,7.1
2002,12,17,1,7.5,970.2,93,0.2,0.8,2.3,51,NA,NA,0,0,0,0,0,0,0,14,282,307,96,6.4,23.2,6.24,6.9
2002,12,17,2,7.6,970.1,92,0.2,0.7,2.2,297,NA,NA,0,0,0,0,0,0,0,14,292,312,96,6.4,23.3,6.22,7
2002,12,17,3,7.8,970.2,90.8,0.4,1.4,2.8,299,NA,NA,0,0,0,0,0,0,0,14,290,311,96,6.4,23.5,6.22,7.1
2002,12,17,4,7.6,969.9,93.1,0.6,0.5,1.4,90,NA,NA,2,0,0,0,0,0,0,14,290,311,96,6.6,23.5,6.29,7.1
2002,12,17,5,7.4,969.9,93.8,0.4,0.3,1.4,18,NA,NA,1,0,0,0,0,0,0,14,290,311,96,6.5,23.2,6.25,6.9
2002,12,17,6,7.4,970,93.7,0.8,0.6,1.4,351,NA,8,0,0,0,0,0,0,0,14,290,311,96,6.5,23.1,6.25,6.9
2002,12,17,7,7.5,970,93.4,0.7,0.4,1.1,18,NA,NA,2,0,0,0,0,0,0,14,290,311,96,6.5,23.3,6.27,7
2002,12,17,8,7.8,969.9,93,0.5,0.1,0.8,45,NA,NA,34,34,0,18,18,16,16,14,301,319,96,6.7,23.9,6.37,7.2
2002,12,17,9,8.3,970.1,91.7,0.1,0.6,1.8,45,NA,NA,93,90,12,64,76,39,40,14,304,323,96,7,24.7,6.5,7.6
2002,12,17,10,8.8,969.8,89.2,0,1.4,2.5,45,NA,NA,154,136,57,105,183,59,60,14,304,325,96,7.1,25.3,6.54,7.9
2002,12,17,11,8.7,969.4,89.5,0,1.8,2.7,87,NA,NA,150,141,27,73,138,64,62,14,311,328,96,7.1,25.2,6.53,7.9
2002,12,17,12,8.7,968.4,89.4,0,2.1,3.3,70,NA,8,110,110,0,51,66,52,50,14,311,328,96,7.1,25.2,6.52,7.9
2002,12,17,13,8.7,968.1,91.3,0.1,2.4,4.6,68,NA,NA,67,67,0,32,34,32,32,14,313,327,96,7.4,25.5,6.67,8
2002,12,17,14,8.5,968.1,91.7,0.3,2.8,4.7,64,NA,NA,52,52,0,25,27,26,25,14,342,342,96,7.2,25.2,6.6,7.8
2002,12,17,15,8.2,968.1,92.2,1,2.4,4.6,68,NA,NA,7,7,0,4,2,2,4,14,340,340,96,7,24.6,6.51,7.6
2002,12,17,16,7.8,968.3,92.1,1.2,2.3,3.8,69,NA,NA,1,0,0,0,0,0,0,14,340,340,96,6.6,23.7,6.32,7.2
2002,12,17,17,7.7,968.4,92,0.9,2,4.6,67,NA,NA,0,0,0,0,0,0,0,14,338,338,96,6.5,23.5,6.27,7.1
2002,12,17,18,7.5,968.5,91.5,0.8,2.4,4.1,47,NA,8,0,0,0,0,0,0,0,14,338,338,96,6.2,23,6.15,6.8
2002,12,17,19,7.4,968.7,90.5,0.8,2.5,4.3,53,NA,NA,0,0,0,0,0,0,0,14,337,337,96,5.9,22.6,6.04,6.7
2002,12,17,20,7.1,969,90.2,0.5,1.9,3.3,47,NA,NA,1,0,0,0,0,0,0,14,335,335,96,5.6,21.9,5.89,6.4
2002,12,17,21,6.9,969,90.4,1.3,2.1,3.6,45,NA,NA,1,0,0,0,0,0,0,14,334,334,96,5.4,21.6,5.83,6.2
2002,12,17,22,6.7,969.3,91.3,0.6,1.6,2.8,22,NA,NA,0,0,0,0,0,0,0,14,334,334,96,5.4,21.3,5.8,6.1
2002,12,17,23,6.7,969.4,90.9,1.1,1.4,2.5,17,NA,NA,2,0,0,0,0,0,0,14,333,333,96,5.3,21.2,5.77,6
2002,12,18,0,6.6,969.5,90.1,0.3,1.8,3.3,16,NA,NA,1,0,0,0,0,0,0,14,333,333,96,5.1,20.9,5.68,5.9
2002,12,18,1,6.5,969.6,87.3,0,3.4,8.1,53,NA,NA,0,0,0,0,0,0,0,14,333,333,96,4.5,20.3,5.47,5.5
2002,12,18,2,6.2,969.8,82.8,0,5.8,9.4,55,NA,NA,3,0,0,0,0,0,0,14,322,324,96,3.5,19,5.07,4.9
2002,12,18,3,6,970.3,82.2,0,6.2,11,58,NA,NA,0,0,0,0,0,0,0,14,322,324,96,3.2,18.5,4.96,4.7
2002,12,18,4,6.1,970.4,80.6,0,7.1,12.4,61,NA,NA,0,0,0,0,0,0,0,14,321,324,96,3,18.4,4.9,4.7
2002,12,18,5,5.6,970.9,78.1,0,6.6,11.6,51,NA,NA,0,0,0,0,0,0,0,14,310,317,96,2.1,17.1,4.58,4
2002,12,18,6,5.5,971.6,78,0,6.4,11.8,55,NA,7,0,0,0,0,0,0,0,14,310,318,96,2,16.9,4.54,3.9
2002,12,18,7,5.3,972,78.2,0,6.8,13.3,53,NA,NA,1,0,0,0,0,0,0,14,308,316,96,1.8,16.6,4.49,3.8
2002,12,18,8,5.2,972.6,77,0,5.2,8.9,45,NA,NA,17,17,0,6,6,8,8,14,317,321,96,1.5,16.2,4.38,3.6
2002,12,18,9,5.4,973.4,74.5,0,6.2,10.4,44,NA,NA,30,30,0,13,11,14,15,14,318,322,96,1.2,16.2,4.3,3.6
2002,12,18,10,5.6,973.5,73.6,0,6.2,10.6,50,NA,NA,47,47,0,22,20,23,23,14,319,323,96,1.3,16.4,4.3,3.7
2002,12,18,11,5.7,973.4,72.7,0,5.7,10,44,NA,NA,50,50,0,24,21,23,24,14,320,320,94,1.2,16.5,4.28,3.7
2002,12,18,12,5.9,973.8,72.2,0,5.5,8.9,46,NA,7,51,51,0,25,21,23,25,14,320,321,94,1.3,16.7,4.31,3.9
2002,12,18,13,6,973.9,70.7,0,5.5,9.1,50,NA,NA,44,44,0,22,19,20,22,14,320,321,94,1.1,16.7,4.25,3.9
2002,12,18,14,6,974.9,69.5,0,5.3,9.1,52,NA,NA,24,24,0,12,9,9,12,14,320,320,94,0.9,16.5,4.17,3.8
2002,12,18,15,5.8,974.9,70,0,5.5,9.2,50,NA,NA,9,9,0,5,3,3,5,14,319,319,94,0.8,16.2,4.14,3.6
2002,12,18,16,5.6,975,69.7,0,5.4,9.8,51,NA,NA,0,0,0,0,0,0,0,14,319,319,94,0.5,15.8,4.07,3.4
2002,12,18,17,5.5,975.5,70.4,0,7.1,11.4,57,NA,NA,0,0,0,0,0,0,0,14,317,318,94,0.6,15.8,4.08,3.4
2002,12,18,18,5.2,976.1,71.8,0,7,12.6,62,NA,8,0,0,0,0,0,0,0,14,315,316,94,0.5,15.4,4.07,3.2
2002,12,18,19,4.9,976.6,71.9,0,6.9,12.3,59,NA,NA,0,0,0,0,0,0,0,14,314,315,94,0.3,14.9,3.99,2.9
2002,12,18,20,4.7,976.6,72.6,0,5.5,10.2,65,NA,NA,0,0,0,0,0,0,0,14,322,322,94,0.2,14.7,3.97,2.8
2002,12,18,21,4.3,977,74.5,0,5.4,10.8,56,NA,NA,0,0,0,0,0,0,0,14,320,320,94,0.2,14.2,3.96,2.6
2002,12,18,22,3.9,977.2,76.4,0,6,11.5,53,NA,NA,0,0,0,0,0,0,0,14,319,319,94,0.1,13.8,3.95,2.3
2002,12,18,23,3.9,977.1,76.1,0,5.1,8.8,55,NA,NA,0,0,0,0,0,0,0,14,319,319,94,0.1,13.8,3.94,2.3
2002,12,19,0,3.8,977.3,76.9,0,4.3,7.9,56,NA,NA,0,0,0,0,0,0,0,14,319,319,94,0.1,13.7,3.95,2.3
2002,12,19,1,3.9,977.8,77.9,0,3.5,6.9,59,NA,NA,0,0,0,0,0,0,0,14,319,319,94,0.4,14,4.03,2.4
2002,12,19,2,3.8,977.9,78.7,0,3.4,6.5,60,NA,NA,0,0,0,0,0,0,0,14,318,318,94,0.4,13.9,4.04,2.4
2002,12,19,3,3.5,977.8,77.6,0,3.6,6.1,50,NA,NA,2,0,0,0,0,0,0,14,317,317,94,0,13.3,3.9,2
2002,12,19,4,3.5,977.8,76.7,0,3.6,5.9,54,NA,NA,0,0,0,0,0,0,0,14,318,318,94,-0.2,13.2,3.85,2
2002,12,19,5,3.7,977.8,78.7,0,2.1,4.1,67,NA,NA,0,0,0,0,0,0,0,14,318,318,94,0.4,13.8,4.01,2.3
2002,12,19,6,3.4,978,79.6,0,0.9,2.7,23,NA,8,1,0,0,0,0,0,0,14,316,316,94,0.2,13.4,3.97,2.1
2002,12,19,7,3.5,978.6,78.4,0,1.2,2.1,329,NA,NA,1,0,0,0,0,0,0,14,318,318,94,0.1,13.4,3.94,2.1
2002,12,19,8,3.7,978.8,76.3,0,1.4,3.6,27,NA,NA,17,17,0,6,6,8,8,14,320,320,94,-0.1,13.4,3.88,2.1
2002,12,19,9,4.1,979,76.4,0,2.3,4.7,70,NA,NA,41,41,0,19,18,20,20,14,321,321,94,0.3,14.1,4,2.5
2002,12,19,10,4.2,978.9,72.7,0,3.1,5.9,73,NA,NA,71,71,0,35,36,33,34,14,320,320,94,-0.3,13.8,3.83,2.3
2002,12,19,11,4.4,978.3,70.9,0,3,6.2,81,NA,NA,96,96,0,46,53,44,44,14,322,322,94,-0.4,13.9,3.79,2.4
2002,12,19,12,4.5,977.8,72,0,3.1,5.8,69,NA,8,94,94,0,44,52,44,43,14,322,322,94,-0.1,14.2,3.88,2.6
2002,12,19,13,4.6,977.6,73.7,0,2.3,4.8,63,NA,NA,79,79,0,37,42,38,37,14,323,323,94,0.3,14.6,4,2.8
2002,12,19,14,4.5,977.6,74.5,0,1.8,3.4,52,NA,NA,44,44,0,21,21,20,21,14,313,315,94,0.4,14.6,4.02,2.8
2002,12,19,15,4.5,977.4,73.2,0,1.6,3.3,58,NA,NA,15,15,0,7,6,6,7,14,313,313,94,0.1,14.4,3.95,2.6
2002,12,19,16,4.4,977.4,73.9,0,1.1,2.5,73,NA,NA,1,0,0,0,0,0,0,14,312,312,94,0.2,14.3,3.96,2.6
2002,12,19,17,4.3,977.6,74.8,0,1,2.6,45,NA,NA,0,0,0,0,0,0,0,14,321,321,94,0.2,14.3,3.98,2.6
2002,12,19,18,4.2,977.8,76,0,1.2,4.2,41,NA,8,1,0,0,0,0,0,0,14,320,320,94,0.4,14.3,4.01,2.6
2002,12,19,19,4,977.8,76.5,0,0.8,2.6,349,NA,NA,0,0,0,0,0,0,0,14,320,320,94,0.3,14,3.98,2.4
2002,12,19,20,3.9,977.9,77.8,0,0.4,2.1,315,NA,NA,0,0,0,0,0,0,0,14,319,319,94,0.4,14,4.02,2.4
2002,12,19,21,3.4,977.9,79.2,0,2,3.3,11,NA,NA,0,0,0,0,0,0,0,14,317,317,94,0.1,13.3,3.95,2
2002,12,19,22,3.3,978.1,79.8,0,1.5,3.1,349,NA,NA,0,0,0,0,0,0,0,14,316,316,94,0.2,13.2,3.95,2
2002,12,19,23,3.3,978.1,80.5,0,0.6,1.6,27,NA,NA,0,0,0,0,0,0,0,14,308,308,94,0.3,13.3,3.99,2
2002,12,20,0,3.3,978.2,83.1,0,0.8,1.3,30,NA,NA,0,0,0,0,0,0,0,14,308,308,94,0.7,13.6,4.12,2.2
2002,12,20,1,3.4,978.1,82.3,0,1,1.5,58,NA,NA,0,0,0,0,0,0,0,14,308,308,94,0.7,13.7,4.11,2.3
2002,12,20,2,3.4,977.6,83.6,0,1.1,2.8,119,NA,NA,0,0,0,0,0,0,0,14,316,316,94,0.9,13.9,4.17,2.3
2002,12,20,3,3.2,977.4,84.2,0,1.2,2.5,132,NA,NA,0,0,0,0,0,0,0,14,316,316,94,0.8,13.6,4.14,2.2
2002,12,20,4,3,977.4,84.4,0,0.9,1.6,122,NA,NA,0,0,0,0,0,0,0,14,315,315,94,0.6,13.3,4.1,2
2002,12,20,5,2.7,977,85.5,0,1.1,2.1,135,NA,NA,0,0,0,0,0,0,0,14,313,313,94,0.5,12.9,4.06,1.8
2002,12,20,6,3,977.3,84,0,0.8,2.2,211,NA,8,1,0,0,0,0,0,0,14,314,314,94,0.6,13.2,4.08,2
2002,12,20,7,2.7,977,86.6,0,0.6,1.7,68,NA,NA,3,0,0,0,0,0,0,14,313,313,94,0.7,13,4.12,1.9
2002,12,20,8,2.9,977.6,86.6,0,0.8,2.8,270,NA,NA,24,24,0,11,10,11,12,14,307,307,94,0.9,13.4,4.17,2.1
2002,12,20,9,3.3,977.3,84.5,0,1.9,3.4,261,NA,NA,120,100,86,135,179,46,46,14,309,312,94,0.9,13.8,4.19,2.3
2002,12,20,10,3.6,976.8,81.6,0,1,2.2,253,NA,NA,162,138,77,114,205,60,61,14,309,314,94,0.8,14,4.13,2.4
2002,12,20,11,4,976.3,78.9,0,1.6,3.4,266,NA,NA,152,141,31,74,143,64,62,14,276,298,94,0.7,14.3,4.11,2.6
2002,12,20,12,4.6,975.6,73.8,0,1,2.9,252,NA,7,209,164,134,79,319,116,72,14,281,304,94,0.3,14.7,4.02,2.8
2002,12,20,13,5.2,975.4,70.5,0,0.7,3,270,NA,NA,127,122,17,53,113,77,53,14,281,303,94,0.3,15.3,4,3.1
2002,12,20,14,5.5,975.4,68,0,1,2,264,NA,NA,63,63,0,29,36,33,29,14,264,294,94,0.1,15.4,3.94,3.2
2002,12,20,15,5.5,975.6,69.7,0,0.2,0.9,315,NA,NA,21,21,0,10,10,9,10,14,264,292,94,0.4,15.7,4.04,3.3
2002,12,20,16,5.5,975.1,70.4,0,0.2,1.3,270,NA,NA,2,0,0,0,0,0,0,14,264,290,94,0.6,15.8,4.08,3.4
2002,12,20,17,5.4,975.1,73.6,0,1,1.9,259,NA,NA,0,0,0,0,0,0,0,14,264,291,94,1.1,16.1,4.24,3.5
2002,12,20,18,5.3,975.3,77.3,0,1.3,2.6,297,NA,7,0,0,0,0,0,0,0,14,264,292,94,1.7,16.4,4.42,3.7
2002,12,20,19,5.1,975.7,83,0.1,0.7,1.7,279,NA,NA,0,0,0,0,0,0,0,14,266,291,94,2.5,16.9,4.68,3.9
2002,12,20,20,5.1,975.4,87.1,0,0.8,2.1,262,NA,NA,0,0,0,0,0,0,0,14,317,317,94,3.1,17.4,4.92,4.2
2002,12,20,21,5.5,975.7,83.4,0,0.6,1.5,252,NA,NA,0,0,0,0,0,0,0,14,317,317,94,2.9,17.7,4.84,4.3
2002,12,20,22,5.7,975.6,83.2,0,0.5,1.5,243,NA,NA,0,0,0,0,0,0,0,14,319,319,94,3.1,18,4.89,4.5
2002,12,20,23,5.9,975.1,82.3,0,0.5,1.3,214,NA,NA,0,0,0,0,0,0,0,14,330,330,94,3.1,18.3,4.91,4.6
2002,12,21,0,5.5,974.7,87,0,0.9,2,276,NA,NA,0,0,0,0,0,0,0,14,328,328,94,3.5,18.2,5.05,4.6
2002,12,21,1,5.9,974.7,83.1,0,0.9,2.5,256,NA,NA,0,0,0,0,0,0,0,14,329,329,94,3.3,18.4,4.96,4.7
2002,12,21,2,5.5,974.4,88,0,0.5,2.1,281,NA,NA,0,0,0,0,0,0,0,14,320,320,94,3.7,18.4,5.11,4.7
2002,12,21,3,5.5,973.9,87.9,0,0.5,1.4,225,NA,NA,1,0,0,0,0,0,0,14,321,321,94,3.7,18.3,5.11,4.7
2002,12,21,4,5.5,973.5,86.6,0,0.8,1.7,256,NA,NA,0,0,0,0,0,0,0,14,319,319,94,3.4,18.2,5.04,4.5
2002,12,21,5,5.8,973.4,83,0.5,0.9,2.4,225,NA,NA,1,0,0,0,0,0,0,14,287,306,96,3.1,18.2,4.93,4.6
2002,12,21,6,5.5,973.6,87,0.2,1.1,2.7,285,NA,7,0,0,0,0,0,0,0,14,286,305,96,3.5,18.2,5.06,4.6
2002,12,21,7,5.7,973.8,87.4,0.1,0.3,1.4,270,NA,NA,3,0,0,0,0,0,0,14,287,307,96,3.8,18.7,5.15,4.8
2002,12,21,8,6,974.2,86.7,0.8,1.1,3.2,311,NA,NA,12,12,0,4,4,6,6,14,322,324,96,4,19.1,5.22,5.1
2002,12,21,9,6.2,974.9,86.6,0.4,1.6,2.4,281,NA,NA,34,34,0,15,14,16,17,14,324,326,96,4.1,19.5,5.28,5.2
2002,12,21,10,6.6,974.6,83.5,0.2,1.6,3,266,NA,NA,85,85,0,42,46,38,39,14,325,328,96,4,19.8,5.24,5.4
2002,12,21,11,7.4,974,79.8,0,1.6,3.5,255,NA,NA,149,140,27,73,137,64,61,14,296,318,96,4.1,20.7,5.29,5.8
2002,12,21,12,7.7,973.6,83,0.3,1.7,3.6,273,NA,7,84,84,0,40,44,39,39,14,295,317,96,5,21.9,5.62,6.4
2002,12,21,13,7.4,973.4,85.3,0.3,1.4,2.9,283,NA,NA,80,80,0,37,43,39,37,14,296,316,96,5.1,21.7,5.66,6.3
2002,12,21,14,7.5,973.7,87.5,0.3,1.1,2.2,257,NA,NA,35,35,0,17,15,15,17,14,305,320,96,5.6,22.2,5.85,6.6
2002,12,21,15,7.5,973.8,88.6,0.3,1.7,3.1,256,NA,NA,12,12,0,6,4,4,6,14,305,319,96,5.7,22.4,5.92,6.6
2002,12,21,16,7.3,973.8,90.3,0.3,1.5,2.9,266,NA,NA,1,0,0,0,0,0,0,14,305,319,96,5.8,22.3,5.95,6.6
2002,12,21,17,7.3,974,91.5,0.2,1.1,3,281,NA,NA,0,0,0,0,0,0,0,14,298,315,96,6,22.5,6.03,6.7
2002,12,21,18,7.5,973.3,91,0.1,0.3,1.7,270,NA,7,0,0,0,0,0,0,0,14,297,314,96,6.1,22.8,6.09,6.8
2002,12,21,19,7.3,973.6,92.2,0,0.4,2.7,270,NA,NA,1,0,0,0,0,0,0,14,295,311,96,6.1,22.6,6.08,6.7
2002,12,21,20,6.2,973.5,94.4,0,0.4,1.3,207,NA,NA,0,0,0,0,0,0,0,14,273,294,96,5.4,20.7,5.77,5.8
2002,12,21,21,5.5,972.7,95,0,0.3,0.9,243,NA,NA,0,0,0,0,0,0,0,14,271,297,96,4.8,19.4,5.53,5.2
2002,12,21,22,6.1,972.9,94.7,0,0.8,1.6,240,NA,NA,2,0,0,0,0,0,0,14,276,303,96,5.3,20.6,5.75,5.7
2002,12,21,23,6,972.4,96.2,0.1,0.9,2,257,NA,NA,2,0,0,0,0,0,0,14,289,309,96,5.4,20.6,5.81,5.7
2002,12,22,0,5.9,972.2,95.1,0.1,1,1.6,257,NA,NA,3,0,0,0,0,0,0,14,290,309,96,5.2,20.2,5.7,5.6
2002,12,22,1,6,972.3,95.3,0,1.2,1.9,252,NA,NA,2,0,0,0,0,0,0,14,290,309,96,5.3,20.5,5.75,5.7
2002,12,22,2,6.1,972.2,95,0,1.3,2.9,266,NA,NA,0,0,0,0,0,0,0,14,289,308,96,5.4,20.6,5.77,5.8
2002,12,22,3,6.1,971.8,95.1,0,1.1,2.1,253,NA,NA,1,0,0,0,0,0,0,14,291,309,96,5.4,20.6,5.78,5.8
2002,12,22,4,6.2,970.9,95.3,0,1,2,248,NA,NA,0,0,0,0,0,0,0,14,291,309,96,5.5,20.9,5.84,5.9
2002,12,22,5,6,970.6,95.2,0.1,0.7,1.6,270,NA,NA,0,0,0,0,0,0,0,14,273,301,96,5.3,20.5,5.75,5.7
2002,12,22,6,6.2,971,93.6,0.1,1.4,2.8,254,NA,8,0,0,0,0,0,0,0,14,275,302,96,5.2,20.6,5.73,5.7
2002,12,22,7,6.4,971.2,93.3,0.9,1.7,2.6,260,NA,NA,0,0,0,0,0,0,0,14,276,303,96,5.4,21,5.8,5.9
2002,12,22,8,6.6,971.2,93.6,1,0.9,1.8,249,NA,NA,14,14,0,5,5,7,7,14,295,312,96,5.6,21.4,5.9,6.1
2002,12,22,9,7.8,971,89.9,0.4,2,4.2,235,NA,NA,37,37,0,17,16,18,18,14,300,318,96,6.2,23.3,6.15,7
2002,12,22,10,8.4,970.5,88.4,0.2,3.2,7.1,244,NA,NA,43,43,0,20,18,21,21,14,303,321,96,6.6,24.3,6.31,7.5
2002,12,22,11,8.9,969.9,88.7,0.2,3.7,6.3,259,NA,NA,53,53,0,26,23,25,26,14,338,339,96,7.1,25.4,6.55,8
2002,12,22,12,9,970.1,91,0.6,4.9,7.7,255,NA,8,62,62,0,30,29,29,30,14,338,340,96,7.6,26.1,6.77,8.3
2002,12,22,13,9.2,969.7,91.3,0.1,5.5,9.1,254,NA,NA,39,39,0,19,16,17,19,14,339,340,96,7.9,26.6,6.89,8.5
2002,12,22,14,9.3,969.4,91.4,0,5.1,7.2,252,NA,NA,24,24,0,12,9,9,12,14,340,341,96,8,26.8,6.94,8.6
2002,12,22,15,9.4,969.5,92,0.1,5.5,7.9,251,NA,NA,7,7,0,4,2,2,4,14,340,341,96,8.2,27.2,7.04,8.8
2002,12,22,16,9.5,969.8,92.1,0.2,5.3,8.1,253,NA,NA,0,0,0,0,0,0,0,14,342,342,96,8.3,27.4,7.09,8.9
2002,12,22,17,9.7,969.3,91.6,2.1,5.3,8.3,244,NA,NA,0,0,0,0,0,0,0,14,325,334,96,8.4,27.8,7.15,9
2002,12,22,18,9.8,969,92,1,4.5,7.1,249,NA,8,0,0,0,0,0,0,0,14,327,336,96,8.6,28.1,7.23,9.2
2002,12,22,19,10.3,969.3,92.1,1.4,4.1,7.3,237,NA,NA,0,0,0,0,0,0,0,14,330,338,96,9.1,29.2,7.49,9.6
2002,12,22,20,10.1,969.9,93.6,0.4,1.6,4.2,259,NA,NA,0,0,0,0,0,0,0,14,321,333,96,9.1,29.1,7.51,9.6
2002,12,22,21,10.2,969.9,93.5,0.3,1.7,6.3,252,NA,NA,0,0,0,0,0,0,0,14,323,334,96,9.2,29.3,7.55,9.7
2002,12,22,22,10.9,970.1,90.9,0,2.5,4.7,251,NA,NA,0,0,0,0,0,0,0,14,324,336,96,9.5,30.3,7.69,10.1
2002,12,22,23,10.7,970.2,93.1,0.1,1.6,3.2,259,NA,NA,0,0,0,0,0,0,0,14,346,346,96,9.6,30.3,7.77,10.1
2002,12,23,0,10.3,970.1,94.1,0,1,2.9,264,NA,NA,0,0,0,0,0,0,0,14,345,345,96,9.4,29.6,7.65,9.8
2002,12,23,1,10.1,970.2,94.8,0,0.7,2.4,121,NA,NA,0,0,0,0,0,0,0,14,343,343,96,9.3,29.3,7.6,9.7
2002,12,23,2,9.5,970,95.5,0,0.8,2.1,7,NA,NA,0,0,0,0,0,0,0,14,340,340,96,8.8,28.1,7.35,9.1
2002,12,23,3,9.7,969.2,95,0,0.5,1.9,252,NA,NA,0,0,0,0,0,0,0,14,345,345,96,8.9,28.4,7.42,9.3
2002,12,23,4,9.9,968.9,94.7,0,0.7,1.9,90,NA,NA,1,0,0,0,0,0,0,14,341,342,96,9.1,28.8,7.5,9.5
2002,12,23,5,9.9,968.1,95.1,0,0.3,1.1,45,NA,NA,1,0,0,0,0,0,0,14,344,344,96,9.2,28.9,7.54,9.5
2002,12,23,6,10.1,967.4,93.2,0,0.9,2.5,60,NA,7,0,0,0,0,0,0,0,14,342,342,96,9.1,29,7.49,9.6
2002,12,23,7,9.1,967.5,94.4,0,1,1.8,83,NA,NA,3,0,0,0,0,0,0,14,338,338,96,8.2,27,7.09,8.6
2002,12,23,8,8.7,967.8,96.2,0.3,1.8,3.7,31,NA,NA,47,39,74,102,99,21,21,14,292,316,96,8.1,26.4,7.03,8.4
2002,12,23,9,9.5,968,95.5,0,1.3,3.6,42,NA,NA,62,62,0,32,33,28,29,14,295,321,96,8.8,28.1,7.37,9.1
2002,12,23,10,9.9,967.2,92.9,0.3,0.4,2,315,NA,NA,94,94,0,47,54,42,43,14,296,323,96,8.8,28.5,7.37,9.3
2002,12,23,11,10,966.5,91.5,0,0.9,2.3,187,NA,NA,84,84,0,40,44,39,39,14,352,352,96,8.7,28.5,7.31,9.3
2002,12,23,12,10.4,966.3,90.1,0,0.8,2.7,140,NA,8,88,88,0,41,47,41,41,14,353,353,96,8.8,29.1,7.4,9.5
2002,12,23,13,10.3,966,90.3,0,1,3,18,NA,NA,54,54,0,26,25,25,26,14,352,352,96,8.8,28.9,7.37,9.5
2002,12,23,14,10.2,966.1,91.1,0,0.4,1.6,360,NA,NA,28,28,0,14,11,11,14,14,352,352,96,8.8,28.8,7.38,9.4
2002,12,23,15,10.1,965.8,92.2,0,0.6,1.6,68,NA,NA,11,11,0,6,4,4,6,14,351,351,96,8.9,28.9,7.42,9.5
2002,12,23,16,9.9,965.5,92.7,0,0.4,2,72,NA,NA,1,0,0,0,0,0,0,14,350,350,96,8.8,28.5,7.37,9.3
2002,12,23,17,9.6,965.7,94.4,0,1,2.2,103,NA,NA,1,0,0,0,0,0,0,14,349,349,96,8.7,28.2,7.35,9.1
2002,12,23,18,9.5,965.9,95.1,0,0.4,1.4,63,NA,8,0,0,0,0,0,0,0,14,349,349,96,8.8,28.1,7.35,9.1
2002,12,23,19,9.5,966.1,94.3,0,1,2.5,233,NA,NA,1,0,0,0,0,0,0,14,349,349,96,8.6,27.9,7.29,9
2002,12,23,20,9.5,966.3,94.1,0,0.9,2.8,239,NA,NA,0,0,0,0,0,0,0,14,349,349,96,8.6,27.9,7.27,9
2002,12,23,21,9.3,966.6,95.6,0,1,2.4,330,NA,NA,0,0,0,0,0,0,0,14,347,347,96,8.6,27.7,7.29,8.9
2002,12,23,22,9.1,966.9,95.9,0,0.8,1.7,326,NA,NA,0,0,0,0,0,0,0,14,345,345,96,8.5,27.3,7.21,8.8
2002,12,23,23,8.3,966.9,97.5,0,0.6,2.2,53,NA,NA,0,0,0,0,0,0,0,14,340,340,96,7.9,25.8,6.94,8.1
2002,12,24,0,7.2,967.1,99.7,0,0.5,1.4,45,NA,NA,0,0,0,0,0,0,0,14,334,334,96,7.2,23.8,6.58,7.2
2002,12,24,1,7,967.4,97.8,0,0.4,1.4,45,NA,NA,0,0,0,0,0,0,0,14,336,336,96,6.7,23,6.36,6.8
2002,12,24,2,7.8,967.9,96.1,0,0.8,2.2,315,NA,NA,1,0,0,0,0,0,0,14,340,340,96,7.2,24.4,6.6,7.5
2002,12,24,3,7.9,967.6,98.2,0,0.6,1.5,360,NA,NA,0,0,0,0,0,0,0,14,340,340,96,7.6,25,6.8,7.7
2002,12,24,4,7.9,966.5,97.6,0,0.4,1.6,360,NA,NA,0,0,0,0,0,0,0,14,340,340,96,7.5,24.9,6.76,7.7
2002,12,24,5,7.5,966.7,97.6,0.4,0.7,2.4,68,NA,NA,0,0,0,0,0,0,0,14,338,338,96,7.1,24.1,6.58,7.3
2002,12,24,6,7.5,966.4,98,0,0.8,2.2,74,NA,8,1,0,0,0,0,0,0,14,338,338,96,7.2,24.1,6.61,7.3
2002,12,24,7,7.3,966.8,96.8,0,0.9,2.2,306,NA,NA,3,0,0,0,0,0,0,14,337,337,96,6.8,23.5,6.43,7
2002,12,24,8,7.3,967.4,95.2,0,0.7,2.3,315,NA,NA,19,19,0,8,8,9,9,14,338,338,96,6.6,23.2,6.32,6.9
2002,12,24,9,7.3,968.2,95.7,0,0.5,2.2,333,NA,NA,44,44,0,21,20,21,21,14,339,339,96,6.7,23.3,6.35,7
2002,12,24,10,7.7,968.5,93.3,0.1,0.4,1.9,34,NA,NA,73,73,0,36,38,34,35,14,340,340,96,6.7,23.7,6.36,7.2
2002,12,24,11,8,968,93.1,0,0.9,2.9,270,NA,NA,79,79,0,38,40,37,37,14,341,341,96,7,24.3,6.48,7.5
2002,12,24,12,8.5,967.8,90.9,0,0.9,3,256,NA,8,123,122,2,56,81,58,54,14,342,343,96,7.1,25,6.55,7.8
2002,12,24,13,8.4,967.5,91.7,0,0.7,2.1,90,NA,NA,45,45,0,22,19,20,22,14,341,341,96,7.1,25,6.56,7.7
2002,12,24,14,8.2,967.7,92.7,0,1,2.2,84,NA,NA,32,32,0,16,13,13,16,14,342,342,96,7.1,24.7,6.54,7.6
2002,12,24,15,8.3,967.8,91.6,0,0.8,2.4,315,NA,NA,13,13,0,7,5,4,6,14,343,343,96,7,24.7,6.51,7.6
2002,12,24,16,8.2,967.7,92.2,0,0.9,2,22,NA,NA,0,0,0,0,0,0,0,14,341,341,96,7,24.6,6.51,7.6
2002,12,24,17,8,968.2,93.8,0,1.1,2.2,59,NA,NA,0,0,0,0,0,0,0,14,340,340,96,7.1,24.5,6.53,7.5
2002,12,24,18,7.8,968.8,94,0,1.1,2.5,66,NA,8,2,0,0,0,0,0,0,14,340,340,96,6.9,24.1,6.45,7.3
2002,12,24,19,7.8,968.8,93.6,0,1,2.7,84,NA,NA,0,0,0,0,0,0,0,14,340,340,96,6.8,24,6.42,7.3
2002,12,24,20,7.9,968.6,93.5,0,0.1,1.6,90,NA,NA,1,0,0,0,0,0,0,14,340,340,96,6.9,24.2,6.46,7.4
2002,12,24,21,7.9,968.7,94,0,0.5,1.2,27,NA,NA,0,0,0,0,0,0,0,14,340,340,96,7,24.3,6.5,7.4
2002,12,24,22,7.9,968.6,94.7,0,0.5,1.3,315,NA,NA,0,0,0,0,0,0,0,14,340,340,96,7.1,24.4,6.54,7.5
2002,12,24,23,7.9,968.6,94.4,0,0.2,1.3,90,NA,NA,0,0,0,0,0,0,0,14,340,340,96,7.1,24.3,6.52,7.5
2002,12,25,0,7.8,968.9,94.4,0,0.3,1.4,315,NA,NA,1,0,0,0,0,0,0,14,339,339,96,7,24.1,6.48,7.4
2002,12,25,1,7.7,968.5,93.7,0,0.6,2,127,NA,NA,0,0,0,0,0,0,0,14,339,339,96,6.8,23.8,6.39,7.2
2002,12,25,2,7.5,968.9,94.3,0,0.8,2.6,352,NA,NA,0,0,0,0,0,0,0,14,337,337,96,6.6,23.5,6.34,7
2002,12,25,3,7.5,968.6,93.7,0,0.7,1.8,27,NA,NA,0,0,0,0,0,0,0,14,338,338,96,6.6,23.4,6.3,7
2002,12,25,4,7.4,968.3,93.1,0,0.5,2.1,45,NA,NA,0,0,0,0,0,0,0,14,337,337,96,6.4,23.1,6.22,6.9
2002,12,25,5,7.3,968.8,92.8,0,0.4,1.4,333,NA,NA,2,0,0,0,0,0,0,14,338,338,96,6.2,22.8,6.15,6.7
2002,12,25,6,7.3,969.1,93.2,0,0.4,1,342,NA,8,0,0,0,0,0,0,0,14,337,337,96,6.3,22.9,6.18,6.8
2002,12,25,7,7.3,969.4,93.1,0.1,0.9,2.1,124,NA,NA,1,0,0,0,0,0,0,14,337,337,96,6.3,22.8,6.17,6.8
2002,12,25,8,7.3,969.9,91.9,0,0.9,2,139,NA,NA,12,12,0,4,4,6,6,14,337,337,96,6.1,22.6,6.08,6.7
2002,12,25,9,7.4,970.3,91.8,0,0.6,1.7,158,NA,NA,26,26,0,11,10,13,13,14,338,338,96,6.2,22.8,6.12,6.8
2002,12,25,10,7.6,970.5,91.5,0,0.8,2.6,259,NA,NA,27,27,0,12,10,13,14,14,339,339,96,6.3,23.2,6.18,6.9
2002,12,25,11,7.7,969.8,91.8,0,1.1,3.1,241,NA,NA,66,66,0,32,31,31,32,14,340,340,96,6.5,23.4,6.25,7.1
2002,12,25,12,8.2,969.7,90,0,0.8,1.8,293,NA,8,85,85,0,40,45,40,40,14,343,343,96,6.7,24.2,6.34,7.4
2002,12,25,13,8.2,969.4,89.3,0,1.3,2.3,293,NA,NA,54,54,0,26,25,25,26,14,342,342,96,6.5,24.1,6.29,7.3
2002,12,25,14,8.2,969.5,90.8,0.4,1,2.4,307,NA,NA,31,31,0,15,12,13,15,14,342,342,96,6.8,24.3,6.4,7.5
2002,12,25,15,8.2,969.5,90.9,0.1,0.7,1.9,346,NA,NA,20,20,0,10,9,9,10,14,341,341,96,6.8,24.3,6.4,7.5
2002,12,25,16,8.2,970.2,92.3,0,0.3,1.4,270,NA,NA,0,0,0,0,0,0,0,14,341,341,96,7,24.6,6.5,7.6
2002,12,25,17,8.2,970.2,93,0,0.5,1.1,104,NA,NA,0,0,0,0,0,0,0,14,334,334,96,7.1,24.7,6.55,7.6
2002,12,25,18,8,970.4,94,0,0.5,1.4,333,NA,7,0,0,0,0,0,0,0,14,334,334,96,7.1,24.5,6.53,7.5
2002,12,25,19,7.4,970.6,93.6,0,0.4,1.3,270,NA,NA,0,0,0,0,0,0,0,14,327,327,96,6.4,23.1,6.24,6.9
2002,12,25,20,7.3,969.8,93.9,0,0.3,1.5,225,NA,NA,0,0,0,0,0,0,0,14,328,328,96,6.4,23,6.22,6.8
2002,12,25,21,6.9,969.4,94.5,0,0.6,2.2,117,NA,NA,0,0,0,0,0,0,0,14,328,328,96,6.1,22.2,6.09,6.5
2002,12,25,22,6.9,969.2,94.8,0,0.4,1.6,90,NA,NA,1,0,0,0,0,0,0,14,327,327,96,6.1,22.3,6.11,6.5
2002,12,25,23,7.1,969.4,95.2,0,0.4,1.9,326,NA,NA,0,0,0,0,0,0,0,14,336,336,96,6.4,22.8,6.22,6.7
2002,12,26,0,7.2,968.9,93.9,0,1.1,2.3,270,NA,NA,1,0,0,0,0,0,0,14,337,337,96,6.3,22.8,6.18,6.7
2002,12,26,1,7.1,969.1,94,0,1.7,3.1,267,NA,NA,1,0,0,0,0,0,0,14,336,336,96,6.2,22.6,6.14,6.7
2002,12,26,2,7.1,968.7,92.7,0,1.5,2.6,252,NA,NA,0,0,0,0,0,0,0,14,336,336,96,6,22.4,6.06,6.6
2002,12,26,3,6.7,968,94.1,0,1.5,2.7,270,NA,NA,1,0,0,0,0,0,0,14,334,334,96,5.8,21.8,5.99,6.3
2002,12,26,4,6.5,967,93.9,0,0.8,1.8,279,NA,NA,0,0,0,0,0,0,0,14,333,333,96,5.6,21.3,5.9,6.1
2002,12,26,5,6.3,967.1,94.6,0,0.6,1.5,301,NA,NA,1,0,0,0,0,0,0,14,332,332,94,5.5,21,5.86,5.9
2002,12,26,6,6.3,966.8,94.7,0,0.9,2.1,284,NA,8,0,0,0,0,0,0,0,14,332,332,94,5.5,21.1,5.87,5.9
2002,12,26,7,6.3,967.2,95.1,0,0.9,2.5,297,NA,NA,0,0,0,0,0,0,0,14,332,332,94,5.6,21.1,5.89,6
2002,12,26,8,6.2,967.5,95.5,0.5,1.2,3.1,280,NA,NA,8,8,0,2,2,4,4,14,315,318,94,5.5,21,5.87,5.9
2002,12,26,9,6.7,967.9,92.4,0.6,1.9,3.5,248,NA,NA,16,16,0,6,5,8,8,14,318,320,94,5.6,21.5,5.88,6.2
2002,12,26,10,7,967.9,90.5,1.4,1.9,4.3,301,NA,NA,20,20,0,9,7,10,10,14,321,322,94,5.6,21.8,5.88,6.3
2002,12,26,11,7.7,967.4,87.6,0.5,2.6,5,254,NA,NA,46,46,0,22,19,22,23,14,333,333,96,5.8,22.8,5.97,6.8
2002,12,26,12,8.1,966.9,87.1,0.7,3.3,7.2,252,NA,8,43,43,0,21,17,20,21,14,332,334,96,6.1,23.5,6.11,7.1
2002,12,26,13,8.4,965.9,87.6,0.2,1.4,4.4,241,NA,NA,86,86,0,40,48,42,39,14,336,337,96,6.5,24.2,6.28,7.4
2002,12,26,14,9.3,965.7,84.3,0,1.3,3.7,238,NA,NA,82,79,10,36,65,56,36,14,339,340,96,6.8,25.5,6.42,8
2002,12,26,15,9.2,965.5,84.4,0.1,3.4,6,246,NA,NA,20,20,0,10,9,8,10,14,337,338,96,6.7,25.3,6.39,7.9
2002,12,26,16,8.6,965.7,88.3,0,2.1,4.9,256,NA,NA,0,0,0,0,0,0,0,14,337,337,96,6.8,24.8,6.42,7.7
2002,12,26,17,8.8,965.7,84.7,0,2.4,5,248,NA,NA,0,0,0,0,0,0,0,14,319,328,96,6.4,24.5,6.24,7.6
2002,12,26,18,8.6,965.1,84.4,0,3,4.9,242,NA,7,0,0,0,0,0,0,0,14,318,326,96,6.1,24.1,6.13,7.3
2002,12,26,19,7.1,964.4,90,0,2.4,3.7,268,NA,NA,0,0,0,0,0,0,0,14,309,317,96,5.6,22,5.91,6.4
2002,12,26,20,6.3,963.7,91.9,0,1,2.4,253,NA,NA,0,0,0,0,0,0,0,14,273,293,96,5.1,20.7,5.71,5.7
2002,12,26,21,7.2,963.7,87.3,0,2.6,5.4,240,NA,NA,0,0,0,0,0,0,0,14,276,299,96,5.2,21.7,5.77,6.2
2002,12,26,22,5.9,963,92.5,0,0.8,1.9,315,NA,NA,0,0,0,0,0,0,0,14,266,289,96,4.8,20,5.6,5.4
2002,12,26,23,5.6,962.9,93.1,0,0.9,2.9,106,NA,NA,0,0,0,0,0,0,0,14,273,292,96,4.6,19.5,5.52,5.1
2002,12,27,0,4.7,961.9,94.7,0,0.2,1.7,135,NA,NA,0,0,0,0,0,0,0,14,266,288,96,3.9,17.9,5.27,4.3
2002,12,27,1,3.9,961.2,95.4,0,0.6,1.5,270,NA,NA,0,0,0,0,0,0,0,14,263,286,96,3.2,16.5,5.02,3.6
2002,12,27,2,3.5,960.8,94.4,0,0.6,1.6,270,NA,NA,0,0,0,0,0,0,0,14,273,291,96,2.7,15.6,4.83,3.1
2002,12,27,3,3.6,959.8,94.1,0,0.5,1.6,270,NA,NA,0,0,0,0,0,0,0,14,276,293,96,2.7,15.8,4.86,3.2
2002,12,27,4,3.8,958.4,94.2,0,0.5,1.7,180,NA,NA,1,0,0,0,0,0,0,14,279,294,96,3,16.2,4.94,3.4
2002,12,27,5,3.7,957.8,95.7,0.2,0.3,1.2,297,NA,NA,0,0,0,0,0,0,0,14,262,288,96,3.1,16.2,4.99,3.4
2002,12,27,6,4.1,957.8,96.5,0,0.6,2,239,NA,7,1,0,0,0,0,0,0,14,265,290,96,3.6,17.1,5.17,3.9
2002,12,27,7,4,957.4,95.5,0,0.3,1.3,288,NA,NA,2,0,0,0,0,0,0,14,263,289,96,3.3,16.8,5.09,3.7
2002,12,27,8,4.4,956.9,95.8,0,0.4,1.8,135,NA,NA,26,26,0,12,12,12,12,14,327,327,96,3.8,17.6,5.25,4.1
2002,12,27,9,5.2,956.2,94.7,0,0.9,2.8,284,NA,NA,45,45,0,21,21,21,22,14,327,327,96,4.4,19,5.49,4.8
2002,12,27,10,5.7,956,93.7,0,0.7,3.9,279,NA,NA,97,97,0,49,57,43,44,14,331,331,96,4.8,19.9,5.63,5.3
2002,12,27,11,6.6,954.5,92.3,0,1.2,2.2,260,NA,NA,153,142,31,75,144,65,62,14,277,307,96,5.4,21.5,5.92,6
2002,12,27,12,7.2,953.6,91.7,0.1,0.7,2.5,59,NA,7,133,132,3,60,91,63,58,14,281,310,96,5.9,22.6,6.13,6.6
2002,12,27,13,7.5,953.1,89.5,0,1.4,3.1,86,NA,NA,83,83,0,38,45,40,38,14,280,309,96,5.9,22.9,6.11,6.7
2002,12,27,14,7.4,952.4,89.5,0,0.7,1.9,68,NA,NA,37,37,0,18,16,16,18,14,280,307,96,5.8,22.7,6.07,6.6
2002,12,27,15,7.3,951.5,89.9,0,0.6,1.4,135,NA,NA,23,23,0,11,11,10,11,14,278,304,96,5.8,22.6,6.07,6.6
2002,12,27,16,6.6,951.4,92.3,0,1.5,3.2,255,NA,NA,0,0,0,0,0,0,0,14,277,301,96,5.4,21.5,5.93,6
2002,12,27,17,6.6,950.7,92,0,1.7,3,249,NA,NA,1,0,0,0,0,0,0,14,325,325,96,5.4,21.5,5.92,6
2002,12,27,18,6.3,950.6,92.1,0,1.4,3,254,NA,8,0,0,0,0,0,0,0,14,324,324,96,5.1,20.9,5.8,5.7
2002,12,27,19,6.4,951.1,93,0,0.8,3.1,315,NA,NA,0,0,0,0,0,0,0,14,326,326,96,5.4,21.2,5.9,5.9
2002,12,27,20,6.6,950.6,92.4,0,1,3.2,50,NA,NA,0,0,0,0,0,0,0,14,326,326,96,5.5,21.6,5.95,6.1
2002,12,27,21,6.8,950.6,92,0,1,2.9,225,NA,NA,0,0,0,0,0,0,0,14,326,326,96,5.6,21.9,6,6.2
2002,12,27,22,6.9,951.2,92.3,0.1,1,3.2,279,NA,NA,0,0,0,0,0,0,0,14,328,328,96,5.7,22.2,6.06,6.3
2002,12,27,23,6.6,951.1,93.9,0.4,0.5,1.6,288,NA,NA,0,0,0,0,0,0,0,14,333,333,96,5.7,21.8,6.04,6.2
2002,12,28,0,6.8,951,93.8,0.7,0.5,1.8,180,NA,NA,0,0,0,0,0,0,0,14,336,336,96,5.9,22.2,6.12,6.4
2002,12,28,1,7.8,951.5,91.4,0.4,1.7,3.7,225,NA,NA,1,0,0,0,0,0,0,14,340,340,96,6.5,23.9,6.38,7.1
2002,12,28,2,8.3,951.1,90.2,0.1,4.8,7.2,258,NA,NA,0,0,0,0,0,0,0,14,286,312,96,6.8,24.7,6.52,7.5
2002,12,28,3,8.1,951.1,88.7,0.1,5.2,8.3,253,NA,NA,0,0,0,0,0,0,0,14,283,309,96,6.3,24,6.33,7.2
2002,12,28,4,7.7,952.3,86.5,0,3.8,8,246,NA,NA,0,0,0,0,0,0,0,14,281,307,96,5.6,22.8,5.99,6.7
2002,12,28,5,7.9,952.8,81.5,0,4.5,9.6,234,NA,NA,0,0,0,0,0,0,0,14,306,318,96,4.9,22.3,5.72,6.4
2002,12,28,6,7.8,953.5,83.9,0,3.8,5.9,246,NA,7,0,0,0,0,0,0,0,14,304,318,96,5.3,22.5,5.84,6.6
2002,12,28,7,7.7,954.3,87.3,0.1,2.8,4.8,243,NA,NA,1,0,0,0,0,0,0,14,307,320,96,5.7,22.9,6.04,6.7
2002,12,28,8,7.4,955.1,91.4,0.1,1.9,3.7,276,NA,NA,17,17,0,6,7,8,8,14,329,331,96,6.1,23,6.19,6.8
2002,12,28,9,7.7,956,88.7,0.2,1.6,3.5,259,NA,NA,36,36,0,16,15,17,18,14,331,333,96,6,23.1,6.12,6.9
2002,12,28,10,7.9,956.6,89.4,0.9,1.3,3.2,247,NA,NA,34,34,0,16,13,17,17,14,332,333,96,6.3,23.7,6.25,7.1
2002,12,28,11,7.9,956.5,88.8,1.1,0.9,2.9,229,NA,NA,41,41,0,20,16,20,20,14,331,333,96,6.2,23.6,6.21,7
2002,12,28,12,8,956.9,88.4,0.1,0.3,1.2,90,NA,8,85,85,0,40,44,40,40,14,332,335,96,6.2,23.7,6.22,7.1
2002,12,28,13,8,957.5,87.2,0,1.2,2,128,NA,NA,71,71,0,34,36,34,34,14,333,335,96,6,23.5,6.13,7
2002,12,28,14,8,958.3,85.8,0,1.2,2.6,142,NA,NA,50,50,0,24,25,24,24,14,331,333,96,5.8,23.2,6.03,6.9
2002,12,28,15,7.9,959.2,87.7,0.1,1.3,3.4,275,NA,NA,20,20,0,10,9,8,10,14,331,332,96,6,23.3,6.12,6.9
2002,12,28,16,7.5,959.6,89.8,0.9,1.7,3.7,253,NA,NA,1,0,0,0,0,0,0,14,329,330,96,5.9,22.8,6.09,6.7
2002,12,28,17,7.4,960.8,90.8,0.2,0.5,1.9,117,NA,NA,0,0,0,0,0,0,0,14,320,325,96,6,22.8,6.11,6.7
2002,12,28,18,7.4,961.8,91.4,0.5,0.5,2.9,270,NA,7,0,0,0,0,0,0,0,14,321,326,96,6.1,22.9,6.14,6.8
2002,12,28,19,7.2,962.7,92.6,0.7,1.1,2.7,119,NA,NA,0,0,0,0,0,0,0,14,320,325,96,6.1,22.6,6.13,6.7
2002,12,28,20,7.3,964,90.3,0.3,1.1,2.8,144,NA,NA,2,0,0,0,0,0,0,14,329,329,96,5.8,22.4,6.01,6.6
2002,12,28,21,6.9,964.5,92.8,0.2,0.7,2.7,104,NA,NA,0,0,0,0,0,0,0,14,327,327,96,5.8,22,6.01,6.4
2002,12,28,22,7.5,965.4,89,0.4,1.5,4.6,256,NA,NA,1,0,0,0,0,0,0,14,328,329,96,5.8,22.6,6,6.7
2002,12,28,23,7.2,966.2,91.7,0.5,0.9,2.8,188,NA,NA,3,0,0,0,0,0,0,14,327,328,96,5.9,22.4,6.05,6.6
2002,12,29,0,7.1,966.8,87.2,0.1,2,5,243,NA,NA,2,0,0,0,0,0,0,14,327,328,96,5.1,21.5,5.71,6.1
2002,12,29,1,6.9,967.1,86,0,1.8,4.5,237,NA,NA,1,0,0,0,0,0,0,14,323,324,96,4.7,20.9,5.55,5.8
2002,12,29,2,6.6,967,87.5,0.2,1.4,4.6,228,NA,NA,0,0,0,0,0,0,0,14,325,325,96,4.7,20.5,5.53,5.7
2002,12,29,3,6.3,967.6,89.6,0,0.7,2.8,180,NA,NA,0,0,0,0,0,0,0,14,320,320,96,4.7,20.3,5.55,5.5
2002,12,29,4,5.4,967.4,93.2,0,0.6,1.5,135,NA,NA,1,0,0,0,0,0,0,14,319,319,96,4.4,19,5.42,4.9
2002,12,29,5,5.1,967.7,90.7,0,0.9,2.6,249,NA,NA,1,0,0,0,0,0,0,14,265,292,96,3.7,18.1,5.16,4.5
2002,12,29,6,5.3,968.2,90,0,0.8,2.3,225,NA,7,0,0,0,0,0,0,0,14,270,294,96,3.8,18.3,5.19,4.6
2002,12,29,7,5.2,968.1,91.5,0,0.5,1.9,90,NA,NA,4,0,0,0,0,0,0,14,269,295,96,3.9,18.4,5.24,4.6
2002,12,29,8,5.6,968,89.9,0,0.4,1.6,288,NA,NA,29,29,0,15,14,13,14,14,271,299,96,4.1,18.9,5.3,4.9
2002,12,29,9,6.8,968.1,84.4,0,3.1,7.1,248,NA,NA,69,69,0,37,39,31,32,14,277,305,96,4.4,20.4,5.4,5.7
2002,12,29,10,7.4,967.6,81.3,0,4.9,8,253,NA,NA,89,89,0,45,50,40,41,14,278,309,96,4.4,21.1,5.43,6
2002,12,29,11,7.7,967,79.8,0,4.8,7.3,257,NA,NA,85,85,0,41,44,39,40,14,296,318,96,4.4,21.4,5.44,6.1
2002,12,29,12,7.6,967,80.9,0.3,4.9,7.1,258,NA,7,55,55,0,27,24,26,27,14,295,316,96,4.5,21.4,5.48,6.1
2002,12,29,13,7.3,966.8,86.1,0.7,4.3,6.8,262,NA,NA,43,43,0,21,18,19,21,14,295,314,96,5.1,21.7,5.71,6.2
2002,12,29,14,7.1,967.6,88.7,0.1,4.9,7.8,259,NA,NA,36,36,0,18,15,16,18,14,319,325,96,5.4,21.7,5.8,6.3
2002,12,29,15,6.9,968.2,91.2,0,5.7,8.1,252,NA,NA,11,11,0,6,4,3,6,14,319,325,96,5.6,21.7,5.88,6.3
2002,12,29,16,7,967.9,91.2,0,5.5,8.2,260,NA,NA,0,0,0,0,0,0,0,14,319,325,96,5.7,21.9,5.93,6.4
2002,12,29,17,7.1,968.4,91.1,0,5.3,8.6,255,NA,NA,0,0,0,0,0,0,0,14,304,318,96,5.7,22.1,5.96,6.4
2002,12,29,18,7.2,968.4,91.3,0.1,4.4,7,250,NA,8,0,0,0,0,0,0,0,14,304,318,96,5.9,22.3,6.01,6.6
2002,12,29,19,7.3,968.5,92.1,0,3.5,6.7,252,NA,NA,0,0,0,0,0,0,0,14,305,319,96,6.1,22.7,6.11,6.7
2002,12,29,20,7.6,968.2,91.2,0.1,3.3,5.5,247,NA,NA,0,0,0,0,0,0,0,14,331,332,96,6.3,23.2,6.17,6.9
2002,12,29,21,7.7,968,89.9,0,1.8,4.1,241,NA,NA,1,0,0,0,0,0,0,14,331,332,96,6.1,23.1,6.13,6.9
2002,12,29,22,8.3,967.7,87.4,0,2.1,3.9,242,NA,NA,0,0,0,0,0,0,0,14,334,334,96,6.3,24,6.21,7.3
2002,12,29,23,8,967.1,88.4,0,3,4.7,249,NA,NA,1,0,0,0,0,0,0,14,315,324,96,6.2,23.5,6.16,7.1
2002,12,30,0,8,966.9,88.4,0,1.2,3.1,285,NA,NA,0,0,0,0,0,0,0,14,318,325,96,6.2,23.5,6.16,7.1
2002,12,30,1,8.8,966.5,84.2,0,3,6,243,NA,NA,0,0,0,0,0,0,0,14,319,328,96,6.3,24.4,6.2,7.5
2002,12,30,2,8.8,966.2,84.3,0,2.8,5.5,249,NA,NA,0,0,0,0,0,0,0,14,337,337,96,6.3,24.5,6.2,7.5
2002,12,30,3,8.8,965.6,83.6,0,4.1,6.7,252,NA,NA,1,0,0,0,0,0,0,14,337,338,96,6.2,24.3,6.16,7.5
2002,12,30,4,8.7,965.2,83.6,0,4,6.4,249,NA,NA,0,0,0,0,0,0,0,14,335,337,96,6.1,24.1,6.12,7.4
2002,12,30,5,9.1,965.4,81,0,3.9,6.6,247,NA,NA,0,0,0,0,0,0,0,14,337,339,96,6,24.5,6.09,7.5
2002,12,30,6,9.1,964.5,80.7,0,1.3,3.8,218,NA,7,0,0,0,0,0,0,0,14,337,337,96,6,24.4,6.07,7.5
2002,12,30,7,8.9,964.9,81.7,0,0.8,2.6,219,NA,NA,4,0,0,0,0,0,0,14,336,336,96,5.9,24.2,6.06,7.4
2002,12,30,8,8.7,964.6,84.8,0,0.9,2.4,233,NA,NA,25,25,0,11,11,12,12,14,304,321,96,6.3,24.4,6.21,7.5
2002,12,30,9,8.7,964.4,86,0,0.7,2,261,NA,NA,32,32,0,14,13,15,16,14,303,321,96,6.5,24.6,6.3,7.6
2002,12,30,10,9.2,963.4,82.2,0,1,3.8,225,NA,NA,48,48,0,23,21,23,24,14,306,324,96,6.3,24.9,6.23,7.7
2002,12,30,11,9.9,962.6,80.6,0,2.7,4.9,254,NA,NA,113,113,0,55,68,51,51,14,344,346,96,6.7,26.1,6.41,8.2
2002,12,30,12,10.6,961.6,76.2,0,2.6,6.4,259,NA,7,111,111,0,51,67,52,50,14,346,348,96,6.6,26.7,6.36,8.5
2002,12,30,13,10.8,961.2,73.6,0,4.5,7.1,249,NA,NA,126,121,14,54,107,74,53,14,347,349,96,6.3,26.5,6.23,8.5
2002,12,30,14,11,960.8,71.5,0,4.1,7.5,242,NA,NA,72,72,0,33,43,39,33,14,294,323,96,6.1,26.5,6.13,8.5
2002,12,30,15,10.1,960.9,76.9,0,4.4,6.8,262,NA,NA,22,22,0,11,10,9,11,14,291,320,96,6.2,25.8,6.21,8.1
2002,12,30,16,10.2,960.8,73.2,0,3.1,6.3,240,NA,NA,0,0,0,0,0,0,0,14,287,316,96,5.6,25.2,5.95,7.9
2002,12,30,17,9.7,960.4,76.2,0,2.9,4.7,252,NA,NA,1,0,0,0,0,0,0,14,291,314,94,5.7,24.8,5.99,7.7
2002,12,30,18,10.7,960,68.6,0,3.7,6.5,237,NA,7,1,0,0,0,0,0,0,14,293,317,94,5.2,25.3,5.77,7.9
2002,12,30,19,11,959.9,66.4,0,3.3,5.3,234,NA,NA,0,0,0,0,0,0,0,14,294,317,94,5,25.4,5.7,8
2002,12,30,20,10.3,960,72,0,2.3,5.2,270,NA,NA,0,0,0,0,0,0,0,14,342,342,94,5.5,25.2,5.9,7.9
2002,12,30,21,9.5,959.7,81.3,0.5,0.9,2.5,236,NA,NA,0,0,0,0,0,0,0,14,336,336,94,6.5,25.5,6.32,8
2002,12,30,22,8.6,959.9,91.9,0.1,1,1.9,264,NA,NA,0,0,0,0,0,0,0,14,335,335,94,7.4,25.6,6.72,8
2002,12,30,23,8.7,959.6,91.6,0.6,0.8,1.8,315,NA,NA,1,0,0,0,0,0,0,14,335,335,94,7.4,25.7,6.75,8
2002,12,31,0,8.7,959.8,93,1.7,0.8,2.9,219,NA,NA,0,0,0,0,0,0,0,14,338,338,94,7.6,26,6.85,8.1
2002,12,31,1,8.7,959.9,90.5,0.7,2.3,5.3,214,NA,NA,1,0,0,0,0,0,0,14,334,334,94,7.2,25.5,6.66,7.9
2002,12,31,2,8.1,960.3,88.4,0.1,1.2,3.7,204,NA,NA,0,0,0,0,0,0,0,14,332,332,94,6.3,23.8,6.24,7.2
2002,12,31,3,8.1,960.2,89.7,0.2,1.2,3.2,220,NA,NA,1,0,0,0,0,0,0,14,333,333,94,6.5,24.1,6.34,7.3
2002,12,31,4,8.1,960.2,89.6,0,0.8,2.6,214,NA,NA,0,0,0,0,0,0,0,14,333,333,94,6.5,24.1,6.33,7.3
2002,12,31,5,7.6,961,91.8,0.2,0.5,2.8,0,NA,NA,0,0,0,0,0,0,0,14,325,326,96,6.4,23.4,6.26,7
2002,12,31,6,7.6,961.5,91.6,0.1,0.9,3.2,225,NA,6,0,0,0,0,0,0,0,14,324,326,96,6.3,23.3,6.25,6.9
2002,12,31,7,7.3,961.6,90,0,1.1,3.5,207,NA,NA,3,0,0,0,0,0,0,14,319,320,96,5.8,22.4,6.01,6.6
2002,12,31,8,7.4,962.3,90.7,0,0.6,2.1,270,NA,NA,79,55,212,228,214,29,29,14,326,331,96,6,22.7,6.09,6.7
2002,12,31,9,8.5,962.5,81.6,0,1.3,3.3,204,NA,NA,84,80,14,58,67,36,36,14,327,333,96,5.5,23.4,5.91,7
2002,12,31,10,8.2,962.8,86.6,0.9,3.3,6.1,247,NA,NA,47,47,0,22,20,23,23,14,324,330,96,6.1,23.7,6.14,7.1
2002,12,31,11,8.2,962.5,87.8,0.9,2,3.5,233,NA,NA,82,82,0,39,42,38,38,14,326,332,96,6.3,23.9,6.23,7.2
2002,12,31,12,8.4,962,84.5,0,2.6,5.7,216,NA,7,157,145,35,67,151,77,63,14,326,333,96,5.9,23.7,6.08,7.1
2002,12,31,13,8.8,962.3,80.1,0,2,6.1,215,NA,NA,98,98,0,45,58,49,44,14,328,335,96,5.6,23.7,5.92,7.2
2002,12,31,14,8.6,962.7,83.2,0,1.4,4.8,229,NA,NA,39,39,0,19,17,17,19,14,334,336,96,5.9,23.9,6.06,7.2
2002,12,31,15,8.2,963.4,86.1,0,2.7,4.8,243,NA,NA,10,10,0,5,3,3,5,14,332,334,96,6,23.6,6.1,7.1
2002,12,31,16,8,963.9,86,0.1,2.7,6.2,230,NA,NA,1,0,0,0,0,0,0,14,329,332,96,5.8,23.1,6,6.9
2002,12,31,17,7.6,964.5,87,0,2.8,4.9,232,NA,NA,0,0,0,0,0,0,0,14,324,329,96,5.6,22.6,5.93,6.7
2002,12,31,18,7.3,965.1,87.9,0,3.2,5.4,255,NA,7,0,0,0,0,0,0,0,14,316,324,96,5.4,22,5.84,6.4
2002,12,31,19,7,965.6,88.3,0,2.8,3.9,256,NA,NA,0,0,0,0,0,0,0,14,310,320,96,5.2,21.5,5.76,6.2
2002,12,31,20,6.7,965.9,89,0,2.1,3.6,250,NA,NA,0,0,0,0,0,0,0,14,306,317,96,5.1,21.1,5.69,5.9
2002,12,31,21,6.4,966.2,89.9,0,1.4,3.2,243,NA,NA,0,0,0,0,0,0,0,14,304,316,96,4.8,20.4,5.59,5.6
2002,12,31,22,6,966.4,90.8,0,1.3,2.7,259,NA,NA,0,0,0,0,0,0,0,14,304,315,96,4.6,19.9,5.52,5.4
2002,12,31,23,5.6,966.5,91.8,0,0.7,2.2,315,NA,NA,0,0,0,0,0,0,0,14,306,316,96,4.4,19.3,5.43,5.1