station,time.yy,time.mm,time.dd,time.hh,temp,relhum,vappres,dewpt,mixratio,wetbulb,enthalpy,precip,airpres,winddir,windmean,windmax,rad.global,rad.direct,rad.diffus,rad.vert.N,rad.vert.E,rad.vert.S,rad.vert.W,ir.horiz,cloudcov,albedo,emissivity
ABO,2001,1,1,0,-0.9,56,3.3,-9.1,2.45,-3.4,5.3,0,856.1,18,0.4,1.7,0,0,0,0,0,0,0,181,50,51,97
ABO,2001,1,1,1,-1.1,50.8,3,-10.5,2.18,-3.9,4.4,0,857.5,225,0.8,3.9,0,0,0,0,0,0,0,188,75,51,97
ABO,2001,1,1,2,-0.9,47.3,2.8,-11.2,2.01,-4,4.1,0,858.3,225,0.3,1.7,0,0,0,0,0,0,0,187,38,51,97
ABO,2001,1,1,3,-0.8,44.2,2.6,-11.7,1.88,-4.1,3.9,0,859.1,315,0.3,1.6,0,0,0,0,0,0,0,186,0,51,97
ABO,2001,1,1,4,-0.4,42.8,2.6,-11.6,1.87,-3.8,4.2,0,859.3,225,0.6,3.4,0,0,0,0,0,0,0,190,13,51,97
ABO,2001,1,1,5,-0.1,45.9,2.8,-10.5,2.04,-3.4,5,0,859,270,0.6,2.2,0,0,0,0,0,0,0,195,25,51,97
ABO,2001,1,1,6,0.3,49.3,3.1,-9.2,2.25,-2.8,5.9,0,858.6,207,0.3,2.8,0,0,0,0,0,0,0,198,25,51,97
ABO,2001,1,1,7,0.6,54.9,3.5,-7.6,2.53,-2.3,6.8,0,858.6,315,1,3.2,11,0,11,13,13,13,14,201,13,51,97
ABO,2001,1,1,8,-0.9,64.2,3.7,-6.8,2.69,-3,5.8,0,858.3,239,0.6,2.7,37,0,37,63,62,62,64,211,43,51,97
ABO,2001,1,1,9,3,57.6,4.3,-4.5,3.13,0.1,10.8,0,858.5,256,1.1,3.6,89,0,89,103,103,103,104,221,68,51,97
ABO,2001,1,1,10,4,59.3,4.8,-3.2,3.5,1,12.8,0,858.5,270,0.7,2.2,244,233,167,129,211,373,129,234,100,51,97
ABO,2001,1,1,11,5.1,55.9,4.9,-3,3.57,1.7,14.1,0,858.1,239,0.6,2.2,258,233,177,137,158,387,162,240,100,51,97
ABO,2001,1,1,12,5.8,53.1,4.8,-3,3.5,2.1,14.6,0,857.5,225,0.6,2.2,258,318,155,126,126,451,250,246,100,51,97
ABO,2001,1,1,13,5.4,55,5,-2.9,3.65,1.9,14.6,0,857.2,270,0.3,1.6,187,239,126,98,98,322,235,246,100,51,97
ABO,2001,1,1,14,5.1,58.2,5.1,-2.4,3.72,1.9,14.5,0,857,270,0.3,1.8,114,294,69,56,56,285,267,246,100,51,97
ABO,2001,1,1,15,3.4,66.9,5.1,-2.2,3.72,1.1,12.7,0,857.7,72,0.7,2.7,13,0,13,13,13,13,13,246,100,51,97
ABO,2001,1,1,16,0.3,72.4,4.5,-4.1,3.28,-1.4,8.5,0,858.1,230,0.8,2.3,0,0,0,0,0,0,0,246,100,51,97
ABO,2001,1,1,17,2,66.5,4.7,-3.6,3.43,-0.2,10.6,0,857.5,243,0.8,2.6,0,0,0,0,0,0,0,242,88,51,97
ABO,2001,1,1,18,2.3,66.3,4.8,-3.3,3.5,0.1,11.1,0,856.7,270,0.5,3.5,0,0,0,0,0,0,0,246,100,51,97
ABO,2001,1,1,19,4.2,61.8,5.1,-2.5,3.72,1.4,13.5,0,856.8,315,0.7,4.2,0,0,0,0,0,0,0,245,100,51,97
ABO,2001,1,1,20,3.5,60.9,4.8,-3.3,3.51,0.7,12.3,0,856.5,304,1,3.9,0,0,0,0,0,0,0,245,100,51,97
ABO,2001,1,1,21,4.3,57.8,4.8,-3.3,3.51,1.2,13.1,0,855.7,288,1,3,0,0,0,0,0,0,0,244,100,51,97
ABO,2001,1,1,22,1.9,67.6,4.7,-3.4,3.43,-0.2,10.5,0,858,76,0.9,3.9,0,0,0,0,0,0,0,240,88,51,97
ABO,2001,1,1,23,0.9,67.1,4.4,-4.5,3.21,-1.2,8.9,0,858.3,247,0.9,2.7,0,0,0,0,0,0,0,243,100,51,97
ABO,2001,1,2,0,1.7,64,4.4,-4.4,3.21,-0.7,9.7,0,857.5,247,0.9,2.8,0,0,0,0,0,0,0,243,100,51,97
ABO,2001,1,2,1,2.4,62,4.5,-4.1,3.28,-0.2,10.6,0,856.7,270,0.5,2.9,0,0,0,0,0,0,0,243,100,51,97
ABO,2001,1,2,2,2.3,74.4,5.3,-1.8,3.88,0.6,12,0,855,270,0.6,3.7,0,0,0,0,0,0,0,242,100,51,97
ABO,2001,1,2,3,2.2,74.2,5.3,-1.9,3.89,0.5,11.9,0,853.8,281,0.5,2.9,0,0,0,0,0,0,0,242,100,51,97
ABO,2001,1,2,4,2.8,72.3,5.4,-1.7,3.96,0.9,12.7,0,853.6,22,1,5.9,0,0,0,0,0,0,0,242,100,51,97
ABO,2001,1,2,5,1.7,75,5.2,-2.2,3.81,0.1,11.2,0,854.4,243,0.9,3.9,0,0,0,0,0,0,0,241,100,51,97
ABO,2001,1,2,6,2.3,71.9,5.2,-2.2,3.8,0.4,11.8,0,855.8,6,1.2,6.1,0,0,0,0,0,0,0,241,100,51,97
ABO,2001,1,2,7,1.6,75,5.1,-2.3,3.73,0,10.9,0,856.4,344,1.7,5.6,12,0,12,15,14,15,15,242,100,51,97
ABO,2001,1,2,8,1.6,75.8,5.2,-2.2,3.8,0,11.1,0,856.3,225,0.8,3,62,0,62,63,63,63,63,240,88,51,97
ABO,2001,1,2,9,2.3,73.5,5.3,-1.9,3.87,0.6,12,0,856.4,243,0.3,1.6,108,0,108,104,104,104,103,244,100,51,97
ABO,2001,1,2,10,1.7,82.8,5.7,-0.9,4.16,0.6,12.1,0.6,857.6,49,1.5,5.6,247,240,167,130,215,381,129,239,75,51,97
ABO,2001,1,2,11,0.3,95.2,5.9,-0.4,4.31,0,11.1,0.9,857.5,45,1,4.4,260,234,178,138,160,389,162,247,100,51,97
ABO,2001,1,2,12,0.4,95.4,6,-0.2,4.38,0.1,11.3,1.4,857.1,288,0.7,2.4,240,234,164,127,127,370,216,247,100,51,97
ABO,2001,1,2,13,0.2,96.9,6,-0.2,4.38,0,11.1,1.9,857.3,207,0.3,1.4,189,240,127,99,100,324,236,246,100,51,97
ABO,2001,1,2,14,0.6,94.7,6,-0.2,4.39,0.3,11.6,1.9,856.8,270,0.2,1.5,116,293,70,57,57,286,268,245,100,51,97
ABO,2001,1,2,15,0.5,95.2,6,-0.2,4.39,0.2,11.5,0.1,856.7,63,0.3,1.6,17,0,17,17,17,17,17,239,80,51,97
ABO,2001,1,2,16,0.9,94.2,6.2,0.1,4.53,0.6,12.2,0,856.6,259,0.5,1.6,0,0,0,0,0,0,0,243,100,51,97
ABO,2001,1,2,17,1.4,91.2,6.2,0.1,4.53,0.8,12.7,0,856.7,270,0.8,2.8,0,0,0,0,0,0,0,242,100,51,97
ABO,2001,1,2,18,2.6,81,5.9,-0.3,4.31,1.3,13.4,0,857.2,257,2,6.7,0,0,0,0,0,0,0,241,100,51,97
ABO,2001,1,2,19,2.5,80.8,5.9,-0.5,4.31,1.2,13.3,0,857,245,2.4,6.6,0,0,0,0,0,0,0,240,100,51,97
ABO,2001,1,2,20,2.4,78.6,5.7,-0.9,4.17,1,12.8,0,856.8,231,2.8,7.9,0,0,0,0,0,0,0,239,100,51,97
ABO,2001,1,2,21,2.6,74.6,5.5,-1.4,4.02,0.9,12.7,0,856.8,272,2.4,4.4,0,0,0,0,0,0,0,239,100,51,97
ABO,2001,1,2,22,1.7,84.5,5.8,-0.6,4.23,0.7,12.3,0.1,858,231,1.5,7,0,0,0,0,0,0,0,238,100,51,97
ABO,2001,1,2,23,1.2,90,6,-0.3,4.38,0.6,12.1,0.7,857.9,256,0.7,2.9,0,0,0,0,0,0,0,237,100,51,97
ABO,2001,1,3,0,1.4,85,5.7,-0.8,4.16,0.5,11.8,0.9,858.4,229,2.2,10.3,0,0,0,0,0,0,0,236,100,65,97
ABO,2001,1,3,1,1.9,79.9,5.6,-1.2,4.08,0.6,12.1,0.1,858.4,211,3.4,9.9,0,0,0,0,0,0,0,229,88,65,97
ABO,2001,1,3,2,2.3,72.9,5.2,-2.1,3.79,0.5,11.8,0,858.8,207,4.3,9.4,0,0,0,0,0,0,0,228,100,65,97
ABO,2001,1,3,3,1.2,81.2,5.4,-1.7,3.93,0,11,0.2,859.3,238,3.8,8.8,0,0,0,0,0,0,0,222,88,65,97
ABO,2001,1,3,4,1.4,70.5,4.8,-3.4,3.49,-0.5,10.1,0.1,859.4,216,4,12.1,0,0,0,0,0,0,0,213,63,65,97
ABO,2001,1,3,5,1.1,70.2,4.6,-3.7,3.34,-0.8,9.4,0.1,860.5,208,4.3,10.9,0,0,0,0,0,0,0,214,88,65,97
ABO,2001,1,3,6,1.4,67.9,4.6,-3.9,3.34,-0.7,9.7,0,861.2,211,4.2,10.1,0,0,0,0,0,0,0,208,68,65,97
ABO,2001,1,3,7,1.5,64.2,4.4,-4.5,3.19,-0.8,9.5,0,861.6,220,3.8,10.1,12,0,12,18,18,18,18,208,55,65,97
ABO,2001,1,3,8,1.1,63.3,4.2,-5.1,3.05,-1.2,8.7,0,861.7,203,2.7,8.7,66,0,66,78,77,78,79,211,63,65,97
ABO,2001,1,3,9,1.7,60.3,4.1,-5.2,2.97,-0.9,9.1,0,862.5,198,3.3,10.1,115,0,115,127,126,126,127,217,88,65,97
ABO,2001,1,3,10,2.5,56.8,4.2,-5.2,3.04,-0.4,10.1,0,862.6,201,4.4,9.1,256,236,178,158,243,406,159,221,100,65,97
ABO,2001,1,3,11,2.6,55.3,4.1,-5.4,2.97,-0.4,10,0,862.5,196,4.1,8,275,245,189,169,191,432,196,217,68,65,97
ABO,2001,1,3,12,2.7,58.5,4.4,-4.6,3.19,-0.1,10.7,0,862.5,202,4,9.3,254,243,175,156,155,409,251,219,75,65,97
ABO,2001,1,3,13,2.7,57.1,4.2,-4.9,3.04,-0.2,10.3,0,862.2,202,4.3,8.9,222,370,127,124,123,464,340,208,33,65,97
ABO,2001,1,3,14,2.2,56.6,4.1,-5.5,2.97,-0.7,9.6,0,862.5,196,3.8,7.2,156,614,56,74,71,548,503,200,0,65,97
ABO,2001,1,3,15,0.8,62.3,4,-5.6,2.9,-1.6,8,0,862.6,211,1.4,4.6,17,0,17,21,21,21,21,198,13,65,97
ABO,2001,1,3,16,-1.1,69.2,3.9,-6,2.82,-2.8,5.9,0,862.8,288,0.5,2.7,0,0,0,0,0,0,0,193,0,65,97
ABO,2001,1,3,17,-1.6,70.1,3.8,-6.3,2.75,-3.2,5.2,0,863.1,315,0.4,2.6,0,0,0,0,0,0,0,189,0,65,97
ABO,2001,1,3,18,-1.9,68.4,3.6,-6.9,2.6,-3.6,4.6,0,863.2,360,0.4,2.2,0,0,0,0,0,0,0,191,40,65,97
ABO,2001,1,3,19,-2.7,71.7,3.6,-7.1,2.61,-4.2,3.8,0,862.1,288,0.3,1.3,0,0,0,0,0,0,0,188,0,65,97
ABO,2001,1,3,20,-3.1,69.7,3.4,-7.8,2.46,-4.6,3,0,861.6,252,0.7,3.1,0,0,0,0,0,0,0,189,0,65,97
ABO,2001,1,3,21,-2.7,61.4,3.1,-9.1,2.25,-4.7,2.9,0,861.1,270,0.4,3.4,0,0,0,0,0,0,0,200,75,65,97
ABO,2001,1,3,22,-1.9,59,3.1,-8.8,2.25,-4.1,3.7,0,861.2,243,0.2,2.1,0,0,0,0,0,0,0,206,100,65,97
ABO,2001,1,3,23,-1.5,56.9,3.1,-8.9,2.25,-3.9,4.1,0,860.2,270,0.4,2,0,0,0,0,0,0,0,208,100,65,97
ABO,2001,1,4,0,-1.4,57.9,3.2,-8.6,2.32,-3.8,4.4,0,859.4,288,0.4,2.1,0,0,0,0,0,0,0,210,100,70,97
ABO,2001,1,4,1,-1.2,58.4,3.3,-8.3,2.4,-3.6,4.8,0,859.1,247,0.8,2.8,0,0,0,0,0,0,0,214,100,70,97
ABO,2001,1,4,2,-0.6,57.8,3.4,-7.9,2.47,-3.1,5.6,0,858.4,264,1,3.4,0,0,0,0,0,0,0,218,100,70,97
ABO,2001,1,4,3,-0.4,58.5,3.5,-7.5,2.55,-2.8,5.9,0,857.3,259,0.6,3.9,0,0,0,0,0,0,0,222,100,70,97
ABO,2001,1,4,4,-0.3,59,3.5,-7.3,2.55,-2.7,6.1,0,856.8,254,0.8,3.4,0,0,0,0,0,0,0,225,100,70,97
ABO,2001,1,4,5,-0.1,60.4,3.7,-6.8,2.7,-2.5,6.6,0,856.1,270,0.7,3.7,0,0,0,0,0,0,0,229,100,70,97
ABO,2001,1,4,6,0.8,56.9,3.7,-6.8,2.7,-1.9,7.5,0,857,261,0.7,3.2,0,0,0,0,0,0,0,232,100,70,97
ABO,2001,1,4,7,1.1,55.5,3.7,-6.8,2.7,-1.7,7.8,0,856.6,270,0.8,2.7,17,0,17,24,23,23,24,234,100,70,97
ABO,2001,1,4,8,1.4,56.2,3.8,-6.4,2.77,-1.4,8.3,0,856.3,252,1.1,4.3,41,0,41,84,82,82,86,236,100,70,97
ABO,2001,1,4,9,3.4,52.8,4.1,-5.3,2.99,0,10.9,0,856.4,18,0.8,5.3,83,0,83,137,134,134,140,238,100,70,97
ABO,2001,1,4,10,3.8,56.2,4.5,-4.1,3.28,0.6,12,0,856.8,247,2.6,9.8,306,446,158,171,320,627,174,240,100,70,97
ABO,2001,1,4,11,3.3,62,4.8,-3.3,3.5,0.6,12.1,0,857,251,3.1,8.3,325,444,168,181,216,649,229,242,100,70,97
ABO,2001,1,4,12,2.5,65.6,4.8,-3.3,3.5,0.2,11.3,0,858,238,2.9,9.8,251,233,174,162,161,404,253,243,100,70,97
ABO,2001,1,4,13,1.8,76.3,5.3,-1.9,3.86,0.3,11.5,0.9,858.8,238,3.1,6.4,199,238,136,128,127,352,266,239,100,70,97
ABO,2001,1,4,14,2.3,78.6,5.7,-1,4.15,0.9,12.7,0.3,859.3,221,3.1,9.9,123,286,77,76,75,300,282,236,100,70,97
ABO,2001,1,4,15,2.2,77.1,5.5,-1.4,4,0.7,12.2,0.4,860.7,230,3.3,13.6,13,0,13,17,17,17,18,232,100,70,97
ABO,2001,1,4,16,2.1,68.1,4.8,-3.2,3.48,0,10.8,0,861.8,207,3.6,11.3,0,0,0,0,0,0,0,228,100,70,97
ABO,2001,1,4,17,1.7,61,4.2,-5,3.05,-0.8,9.3,0,861.8,212,3.7,10.3,0,0,0,0,0,0,0,224,100,70,97
ABO,2001,1,4,18,0.8,62.7,4.1,-5.5,2.97,-1.5,8.2,0,862.2,235,2.3,6.2,0,0,0,0,0,0,0,209,20,70,97
ABO,2001,1,4,19,1,58.8,3.9,-6.1,2.82,-1.6,8.1,0,862.6,232,3.4,8.6,0,0,0,0,0,0,0,210,38,70,97
ABO,2001,1,4,20,1.6,55.1,3.8,-6.4,2.75,-1.3,8.5,0,862.4,224,4.2,10.5,0,0,0,0,0,0,0,213,68,70,97
ABO,2001,1,4,21,2.2,53.1,3.8,-6.4,2.75,-1,9.1,0,862.3,224,3.7,10.3,0,0,0,0,0,0,0,210,55,70,97
ABO,2001,1,4,22,2.7,53,3.9,-5.9,2.83,-0.5,9.8,0,862.2,226,4.6,12.3,0,0,0,0,0,0,0,205,33,70,97
ABO,2001,1,4,23,2.3,52.4,3.8,-6.4,2.76,-0.9,9.2,0,861.4,231,3.5,7.6,0,0,0,0,0,0,0,202,25,70,97
ABO,2001,1,5,0,2,51.4,3.6,-7,2.61,-1.3,8.5,0,860.8,246,3.8,8.7,0,0,0,0,0,0,0,201,20,70,97
ABO,2001,1,5,1,2.9,46.8,3.5,-7.3,2.54,-0.8,9.3,0,860.2,256,4.4,9.1,0,0,0,0,0,0,0,215,75,70,97
ABO,2001,1,5,2,3.1,44.6,3.4,-7.8,2.47,-0.8,9.3,0,858.9,268,3.3,7.8,0,0,0,0,0,0,0,224,100,70,97
ABO,2001,1,5,3,1.7,49.9,3.4,-7.6,2.48,-1.6,7.9,0,857.6,27,0.7,3.1,0,0,0,0,0,0,0,228,100,70,97
ABO,2001,1,5,4,3.3,46.7,3.5,-7,2.55,-0.5,9.7,0,857.2,237,2,10.1,0,0,0,0,0,0,0,227,75,70,97
ABO,2001,1,5,5,4.9,42.3,3.6,-6.8,2.63,0.4,11.5,0,855.8,241,6.4,15.2,0,0,0,0,0,0,0,231,80,70,97
ABO,2001,1,5,6,6.4,39.6,3.7,-6.3,2.7,1.4,13.2,0,856.1,232,6.1,15.1,0,0,0,0,0,0,0,240,100,70,97
ABO,2001,1,5,7,5.2,43.7,3.8,-6.1,2.78,0.8,12.2,0,855.5,219,5.5,15,17,0,17,24,24,24,24,245,100,70,97
ABO,2001,1,5,8,5.1,45,3.9,-5.8,2.85,0.8,12.3,0,855.7,207,3.4,11.8,51,0,51,83,81,81,84,249,100,70,97
ABO,2001,1,5,9,4.8,48.6,4.2,-5.1,3.07,0.9,12.5,0,854.9,214,3,13.9,84,0,84,136,133,134,139,255,100,70,97
ABO,2001,1,5,10,6.7,48.3,4.8,-3.4,3.51,2.4,15.5,0,855.1,229,5.8,14.3,305,445,156,170,319,624,174,260,100,70,97
ABO,2001,1,5,11,8,47.7,5.1,-2.4,3.73,3.4,17.4,0,854.5,224,5.7,13.2,322,439,167,181,215,641,227,266,100,70,97
ABO,2001,1,5,12,8.5,50.3,5.6,-1.2,4.1,4.1,18.9,0,854.3,240,4.4,12.7,165,216,96,98,97,314,189,270,100,70,97
ABO,2001,1,5,13,8.2,54.4,5.9,-0.4,4.33,4.2,19.1,0,853.8,249,4.8,13.8,239,460,117,132,129,555,391,271,100,70,97
ABO,2001,1,5,14,9.3,49.8,5.8,-0.6,4.26,4.7,20.1,0,853,253,6.1,14.8,133,401,72,77,76,384,368,272,100,70,97
ABO,2001,1,5,15,8.7,52.2,5.8,-0.5,4.25,4.5,19.4,0.1,854.3,251,5.9,12.8,18,0,18,22,22,22,23,273,100,70,97
ABO,2001,1,5,16,8.6,55.6,6.2,0.2,4.55,4.7,20.1,0,854.2,256,4.5,11.3,0,0,0,0,0,0,0,275,100,70,97
ABO,2001,1,5,17,9.3,53.5,6.3,0.4,4.62,5.1,21,0,854.2,253,5.4,11.2,0,0,0,0,0,0,0,271,88,70,97
ABO,2001,1,5,18,9.5,52.5,6.2,0.3,4.55,5.1,21,0,853.4,249,6.5,14.1,0,0,0,0,0,0,0,277,100,70,97
ABO,2001,1,5,19,10.5,48.9,6.2,0.2,4.56,5.6,22,0,852.3,253,6.3,14.5,0,0,0,0,0,0,0,278,100,70,97
ABO,2001,1,5,20,11,47.5,6.3,0.3,4.63,5.9,22.7,0,851.9,248,6.9,15.4,0,0,0,0,0,0,0,279,100,70,97
ABO,2001,1,5,21,11.1,48.4,6.4,0.6,4.71,6,23,0,852.2,248,8.6,16.2,0,0,0,0,0,0,0,281,100,70,97
ABO,2001,1,5,22,11.4,49.2,6.6,1.1,4.85,6.3,23.7,0,852.5,243,8.8,14.8,0,0,0,0,0,0,0,282,100,70,97
ABO,2001,1,5,23,9.2,56.7,6.6,1.1,4.85,5.3,21.5,0,852.6,234,4.9,12.9,0,0,0,0,0,0,0,283,100,70,97
ABO,2001,1,6,0,5.8,68.6,6.3,0.5,4.63,3.4,17.4,0.3,852.4,63,0.9,8.6,0,0,0,0,0,0,0,284,100,70,97
ABO,2001,1,6,1,5.2,77.6,6.9,1.6,5.07,3.5,17.9,0.5,852.9,346,0.9,4.1,0,0,0,0,0,0,0,284,100,70,97
ABO,2001,1,6,2,4.9,85.7,7.4,2.7,5.44,3.8,18.6,0.1,853.4,45,0.3,3.4,0,0,0,0,0,0,0,284,100,70,97
ABO,2001,1,6,3,5.6,83.5,7.6,3,5.59,4.3,19.7,0.1,852.9,252,1.1,7.3,0,0,0,0,0,0,0,284,100,70,97
ABO,2001,1,6,4,5.6,83.1,7.5,3,5.51,4.3,19.4,0.3,854.2,254,1.6,6.3,0,0,0,0,0,0,0,284,100,70,97
ABO,2001,1,6,5,6.7,79.1,7.8,3.3,5.73,5,21.1,0.2,853.8,229,2.2,7.6,0,0,0,0,0,0,0,284,100,70,97
ABO,2001,1,6,6,3.6,95.3,7.5,2.9,5.5,3.3,17.4,0.5,855,60,0.8,3.9,0,0,0,0,0,0,0,284,100,70,97
ABO,2001,1,6,7,3.2,96.5,7.4,2.7,5.43,3,16.8,2.7,855.8,180,0.9,3.5,13,0,13,19,19,19,20,283,100,70,97
ABO,2001,1,6,8,3.3,96.4,7.5,2.8,5.49,3.1,17.1,2.7,856.9,225,0.1,1,45,0,45,83,81,82,85,282,100,70,97
ABO,2001,1,6,9,3.5,96.4,7.6,3,5.57,3.3,17.5,1.4,856.6,52,1.1,4.4,162,116,128,131,190,244,132,280,100,70,97
ABO,2001,1,6,10,2.9,96.4,7.3,2.4,5.35,2.7,16.3,1.3,856.8,45,2,5.7,253,230,176,164,247,404,165,279,100,70,97
ABO,2001,1,6,11,1.6,98.4,6.7,1.4,4.9,1.5,13.9,0.3,857.4,50,2.4,5.9,270,230,188,175,197,422,201,278,100,70,97
ABO,2001,1,6,12,0.7,97,6.2,0.3,4.53,0.5,12,0.3,856.9,50,3,6.4,251,230,174,163,162,402,252,276,100,70,97
ABO,2001,1,6,13,0.3,98.5,6.2,0.1,4.53,0.2,11.6,0.4,857,74,1.9,4.2,200,235,136,129,128,349,264,275,100,70,97
ABO,2001,1,6,14,-0.3,99.4,6,-0.4,4.38,-0.3,10.6,0.5,857.8,77,1.7,4.5,124,277,78,77,76,295,277,273,100,70,97
ABO,2001,1,6,15,-0.6,98.6,5.8,-0.8,4.23,-0.7,10,0.8,857.8,79,1.1,3.5,13,0,13,18,18,18,18,272,100,70,97
ABO,2001,1,6,16,-0.8,98.1,5.7,-1.1,4.16,-0.9,9.6,0.9,858.7,69,0.9,3.8,0,0,0,0,0,0,0,270,100,70,97
ABO,2001,1,6,17,-1,98,5.6,-1.3,4.08,-1.1,9.2,1.3,858.5,47,0.5,0.8,0,0,0,0,0,0,0,269,100,70,97
ABO,2001,1,6,18,-1.4,98,5.4,-1.7,3.94,-1.5,8.4,0.4,858.9,50,0.5,1,0,0,0,0,0,0,0,267,100,70,97
ABO,2001,1,6,19,-1.6,97.7,5.3,-1.9,3.86,-1.7,8,0.9,859.2,50,0.7,2,0,0,0,0,0,0,0,266,100,70,97
ABO,2001,1,6,20,-1.4,97.5,5.4,-1.7,3.93,-1.5,8.4,0.8,859.7,55,1,2.5,0,0,0,0,0,0,0,265,100,70,97
ABO,2001,1,6,21,-1.4,97.3,5.4,-1.8,3.93,-1.6,8.4,0.4,859.8,60,1,2,0,0,0,0,0,0,0,265,100,70,97
ABO,2001,1,6,22,-1.4,96.5,5.4,-1.9,3.93,-1.6,8.4,0.9,860.3,65,1.2,3,0,0,0,0,0,0,0,264,100,70,97
ABO,2001,1,6,23,-1.4,97.5,5.4,-1.7,3.93,-1.5,8.4,0.7,860.8,70,1.7,4,0,0,0,0,0,0,0,263,100,70,97
ABO,2001,1,7,0,-1.5,97.7,5.3,-1.8,3.85,-1.6,8.1,0.1,861.4,70,2,4.5,0,0,0,0,0,0,0,262,100,72,97
ABO,2001,1,7,1,-1.6,97.4,5.3,-2,3.85,-1.8,8,1.5,861.4,65,2,4,0,0,0,0,0,0,0,261,100,72,97
ABO,2001,1,7,2,-1.5,96.6,5.3,-2,3.85,-1.7,8.1,1.1,861,60,1.7,3.5,0,0,0,0,0,0,0,261,100,72,97
ABO,2001,1,7,3,-1.6,96.9,5.3,-2,3.85,-1.8,8,0.2,861,55,1.5,3,0,0,0,0,0,0,0,261,100,72,97
ABO,2001,1,7,4,-1.5,96,5.3,-2.1,3.85,-1.7,8.1,0.6,861.1,50,1.2,2,0,0,0,0,0,0,0,260,100,72,97
ABO,2001,1,7,5,-1.5,97.9,5.4,-1.8,3.92,-1.6,8.3,0.3,861.4,50,1,2.5,0,0,0,0,0,0,0,260,100,72,97
ABO,2001,1,7,6,-1.3,96.7,5.4,-1.8,3.92,-1.5,8.5,1.3,861.7,45,1,2,0,0,0,0,0,0,0,260,100,72,97
ABO,2001,1,7,7,-1.3,97.6,5.4,-1.6,3.92,-1.4,8.5,2.2,862,40,0.7,1,12,0,12,20,19,19,20,255,88,72,97
ABO,2001,1,7,8,-1.2,97.3,5.5,-1.6,3.99,-1.4,8.7,1.2,862.2,45,0.5,1.5,68,0,68,84,83,83,85,258,100,72,97
ABO,2001,1,7,9,-0.9,96,5.5,-1.5,3.99,-1.1,9,0.5,862.4,55,0.5,1,166,117,131,137,196,251,138,258,100,72,97
ABO,2001,1,7,10,-0.8,96.1,5.6,-1.3,4.07,-1,9.3,0.9,862.3,60,0.7,2.5,259,232,180,171,256,413,172,257,100,72,97
ABO,2001,1,7,11,-0.5,95.6,5.7,-1.1,4.14,-0.7,9.8,0.4,862.1,65,0.7,1.5,276,233,193,183,205,433,209,257,100,72,97
ABO,2001,1,7,12,-0.7,98,5.7,-1,4.14,-0.8,9.6,0.1,862,63,0.2,1.3,257,232,179,170,169,412,260,256,100,72,97
ABO,2001,1,7,13,-0.9,98.9,5.7,-1.1,4.14,-1,9.4,0.1,861.8,90,0.3,1.8,205,236,141,135,134,357,272,255,100,72,97
ABO,2001,1,7,14,-0.8,97.6,5.6,-1.1,4.07,-0.9,9.3,0,861.9,90,0.1,1,142,374,76,83,81,379,349,254,100,72,97
ABO,2001,1,7,15,-1,98.5,5.6,-1.2,4.07,-1.1,9.1,0,861.7,79,0.5,1.7,13,0,13,19,18,18,19,253,100,72,97
ABO,2001,1,7,16,-1.2,98.4,5.5,-1.4,3.99,-1.3,8.7,0.9,862.2,72,0.3,1.3,0,0,0,0,0,0,0,252,100,72,97
ABO,2001,1,7,17,-1.3,98.2,5.5,-1.5,3.99,-1.4,8.6,1,862.5,90,0.1,1.1,0,0,0,0,0,0,0,251,100,72,97
ABO,2001,1,7,18,-1.4,98.1,5.4,-1.7,3.92,-1.5,8.4,1,862.4,85,0.5,1.5,0,0,0,0,0,0,0,250,100,72,97
ABO,2001,1,7,19,-1.4,96.9,5.3,-1.8,3.85,-1.6,8.2,0.1,862.1,80,0.7,2,0,0,0,0,0,0,0,249,100,72,97
ABO,2001,1,7,20,-1.4,95.6,5.3,-2,3.85,-1.6,8.2,0,861.9,75,1,2.5,0,0,0,0,0,0,0,248,100,72,97
ABO,2001,1,7,21,-1.5,96.2,5.3,-2,3.85,-1.7,8.1,0.3,861.9,70,1,2,0,0,0,0,0,0,0,248,100,72,97
ABO,2001,1,7,22,-1.4,97,5.3,-1.8,3.85,-1.6,8.2,1.2,862,70,1.5,4,0,0,0,0,0,0,0,247,100,72,97
ABO,2001,1,7,23,-1.5,97.7,5.4,-1.8,3.92,-1.6,8.3,0.5,861.9,65,1.7,3.5,0,0,0,0,0,0,0,246,100,72,97
ABO,2001,1,8,0,-1.6,98.4,5.3,-1.8,3.85,-1.7,8,0.1,861.7,60,1.5,3,0,0,0,0,0,0,0,245,100,72,97
ABO,2001,1,8,1,-1.7,98,5.3,-2,3.85,-1.8,7.9,0.2,861.7,65,1.5,3,0,0,0,0,0,0,0,244,100,72,97
ABO,2001,1,8,2,-1.6,97.2,5.3,-2,3.85,-1.8,8,0.3,861.3,70,1.2,2.5,0,0,0,0,0,0,0,242,100,72,97
ABO,2001,1,8,3,-1.6,97.6,5.3,-1.9,3.85,-1.7,8,0.3,861.1,70,1,2,0,0,0,0,0,0,0,241,100,72,97
ABO,2001,1,8,4,-1.7,97.2,5.3,-2.1,3.85,-1.9,7.9,0.4,861,75,0.7,1.5,0,0,0,0,0,0,0,240,100,72,97
ABO,2001,1,8,5,-1.8,97.3,5.2,-2.2,3.78,-2,7.6,0.5,861,80,0.5,1,0,0,0,0,0,0,0,236,88,72,97
ABO,2001,1,8,6,-1.7,97.2,5.2,-2.1,3.78,-1.9,7.7,0.6,860.8,90,0.1,1,0,0,0,0,0,0,0,237,100,72,97
ABO,2001,1,8,7,-1.8,97.5,5.2,-2.1,3.78,-1.9,7.6,0.7,861.1,72,0.6,1.8,12,0,12,20,19,19,20,237,100,72,97
ABO,2001,1,8,8,-2,95.9,5.1,-2.6,3.71,-2.2,7.2,0.6,861.2,58,0.9,3.2,69,0,69,86,85,85,87,236,100,72,97
ABO,2001,1,8,9,-2.2,96,5,-2.8,3.63,-2.4,6.8,1,861.5,63,1.3,3.2,169,118,134,139,200,255,140,235,100,72,97
ABO,2001,1,8,10,-2,96.4,5.1,-2.5,3.71,-2.2,7.2,1.2,861.2,82,0.7,2,264,235,184,174,261,419,175,235,100,72,97
ABO,2001,1,8,11,-2,97,5.1,-2.4,3.71,-2.2,7.2,0.4,861.1,0,0,0,281,235,196,186,209,439,213,234,100,72,97
ABO,2001,1,8,12,-1.8,96,5.2,-2.4,3.78,-2,7.6,0.4,860.8,0,0,0,262,235,183,173,172,418,265,234,100,72,97
ABO,2001,1,8,13,-1.8,93.9,5,-2.6,3.63,-2.1,7.2,0.6,860.6,41,1,5.7,209,238,144,137,136,363,276,233,100,72,97
ABO,2001,1,8,14,-1.9,93.3,5,-2.8,3.63,-2.2,7.1,0.9,860.7,41,2,5,131,277,84,83,83,302,284,232,100,72,97
ABO,2001,1,8,15,-2.1,94.9,5,-2.8,3.63,-2.4,6.9,1.2,861.1,54,1.3,5.2,12,0,12,19,19,19,19,232,100,72,97
ABO,2001,1,8,16,-2.4,94,4.8,-3.2,3.49,-2.7,6.3,0.9,861.5,39,2.8,6,0,0,0,0,0,0,0,231,100,72,97
ABO,2001,1,8,17,-2.4,94.6,4.8,-3.1,3.48,-2.7,6.3,0.7,861.8,43,1.7,3.9,0,0,0,0,0,0,0,231,100,72,97
ABO,2001,1,8,18,-2.5,94.8,4.8,-3.2,3.48,-2.8,6.1,1,862.3,45,2,4.6,0,0,0,0,0,0,0,230,100,72,97
ABO,2001,1,8,19,-2.6,95.9,4.9,-3.2,3.55,-2.8,6.2,0.7,862.9,51,1.3,3.4,0,0,0,0,0,0,0,228,100,72,97
ABO,2001,1,8,20,-2.8,95.7,4.8,-3.4,3.48,-3,5.8,0.6,863.1,51,1.4,4.3,0,0,0,0,0,0,0,227,100,72,97
ABO,2001,1,8,21,-2.6,92.3,4.7,-3.7,3.4,-3,5.9,0.9,863.4,36,2.8,6.4,0,0,0,0,0,0,0,226,100,72,97
ABO,2001,1,8,22,-2.9,95.5,4.7,-3.5,3.4,-3.1,5.5,0.6,863.8,53,1.6,4.5,0,0,0,0,0,0,0,224,100,72,97
ABO,2001,1,8,23,-3.2,96.6,4.7,-3.7,3.4,-3.4,5.2,0.3,864.1,60,1.7,4.1,0,0,0,0,0,0,0,223,100,72,97
ABO,2001,1,9,0,-3.3,96.6,4.6,-3.8,3.33,-3.5,5,0,864.3,56,1.5,4,0,0,0,0,0,0,0,221,100,72,97
ABO,2001,1,9,1,-3.4,96.7,4.6,-3.8,3.33,-3.5,4.8,0,864.7,42,1.3,3.6,0,0,0,0,0,0,0,217,100,72,97
ABO,2001,1,9,2,-3.5,96.6,4.6,-4,3.33,-3.7,4.7,0.1,865,34,1.8,4.3,0,0,0,0,0,0,0,213,100,72,97
ABO,2001,1,9,3,-3.7,95.5,4.4,-4.3,3.18,-3.9,4.2,0,864.6,70,1.3,2.7,0,0,0,0,0,0,0,209,100,72,97
ABO,2001,1,9,4,-3.9,94.3,4.3,-4.7,3.11,-4.2,3.8,0,864.8,153,0.2,1.5,0,0,0,0,0,0,0,205,100,72,97
ABO,2001,1,9,5,-4.8,82.7,3.5,-7.3,2.53,-5.6,1.4,0,865,189,0.7,3.5,0,0,0,0,0,0,0,201,100,72,97
ABO,2001,1,9,6,-6.6,86.8,3.2,-8.4,2.31,-7.1,-0.9,0,865,198,0.4,2.1,0,0,0,0,0,0,0,198,100,72,97
ABO,2001,1,9,7,-8,85,2.9,-10.1,2.09,-8.6,-2.9,0,865.3,0,0.1,1.3,16,0,16,26,25,25,26,197,100,72,97
ABO,2001,1,9,8,-8.8,80.5,2.5,-11.5,1.8,-9.5,-4.4,0,865.4,270,0.2,1,46,0,46,95,92,93,97,194,75,72,97
ABO,2001,1,9,9,-8.2,65.4,2.2,-13.5,1.59,-9.5,-4.3,0,865.1,207,0.3,2.1,193,238,122,153,272,382,156,195,100,72,97
ABO,2001,1,9,10,-5.6,77.6,3.1,-8.9,2.24,-6.6,-0.1,0,864.3,194,1.2,4.3,335,464,176,191,357,670,195,194,100,72,97
ABO,2001,1,9,11,-4.3,76.1,3.4,-7.9,2.46,-5.4,1.8,0,864.1,195,1.1,2.9,355,450,191,205,245,684,255,193,100,72,97
ABO,2001,1,9,12,-3.4,74.9,3.6,-7.2,2.6,-4.7,3,0,863.8,194,0.8,2.5,332,448,179,192,188,654,363,192,100,72,97
ABO,2001,1,9,13,-3.2,76.2,3.7,-6.8,2.68,-4.4,3.4,0,863.3,180,0.4,1.6,268,459,140,153,150,583,417,191,100,72,97
ABO,2001,1,9,14,-3.3,80.5,3.8,-6.2,2.75,-4.3,3.5,0,863.1,210,0.8,2.7,174,560,77,94,91,531,496,191,100,72,97
ABO,2001,1,9,15,-4.1,81.1,3.7,-6.9,2.68,-5,2.5,0,862.6,202,0.5,2.6,15,0,15,25,24,25,25,191,100,72,97
ABO,2001,1,9,16,-4.9,84.5,3.6,-7.1,2.61,-5.6,1.5,0,862.3,207,0.4,2,0,0,0,0,0,0,0,191,100,72,97
ABO,2001,1,9,17,-4.8,85.8,3.7,-6.8,2.68,-5.5,1.8,0,861.9,243,0.5,3.5,0,0,0,0,0,0,0,191,100,72,97
ABO,2001,1,9,18,-4.3,86.7,3.9,-6.2,2.83,-4.9,2.7,0,862,248,0.6,4,0,0,0,0,0,0,0,192,100,72,97
ABO,2001,1,9,19,-4,85,3.9,-6.1,2.83,-4.7,3,0,862,252,0.4,2.7,0,0,0,0,0,0,0,197,100,72,97
ABO,2001,1,9,20,-3.4,83.3,4,-5.8,2.9,-4.2,3.8,0,862.3,217,0.5,3.1,0,0,0,0,0,0,0,202,100,72,97
ABO,2001,1,9,21,-2.7,80.7,4.1,-5.6,2.97,-3.7,4.7,0,862.3,256,0.6,5.1,0,0,0,0,0,0,0,207,100,72,97
ABO,2001,1,9,22,-1.1,74.8,4.2,-5,3.04,-2.5,6.5,0,862.4,241,1.8,6.2,0,0,0,0,0,0,0,211,100,72,97
ABO,2001,1,9,23,-2.6,86.7,4.4,-4.5,3.19,-3.3,5.3,0,862.7,301,1.3,6.2,0,0,0,0,0,0,0,216,100,72,97
ABO,2001,1,10,0,-2.4,83.9,4.3,-4.7,3.12,-3.2,5.3,0,862.6,315,0.6,5.3,0,0,0,0,0,0,0,220,100,72,97
ABO,2001,1,10,1,-2,82.1,4.3,-4.6,3.12,-2.9,5.7,0,862.6,246,1,3.3,0,0,0,0,0,0,0,223,100,72,97
ABO,2001,1,10,2,-1.5,82.2,4.5,-4.1,3.26,-2.5,6.6,0,862.1,279,0.7,2.6,0,0,0,0,0,0,0,226,100,72,97
ABO,2001,1,10,3,-1.8,84.2,4.5,-4.1,3.26,-2.7,6.3,0,861.8,254,0.8,2.8,0,0,0,0,0,0,0,229,100,72,97
ABO,2001,1,10,4,-0.9,78.4,4.5,-4.2,3.26,-2.1,7.2,0,861.9,297,0.5,1.7,0,0,0,0,0,0,0,232,100,72,97
ABO,2001,1,10,5,-1.3,84.5,4.7,-3.6,3.41,-2.2,7.2,0,861.8,252,0.7,2.4,0,0,0,0,0,0,0,235,100,72,97
ABO,2001,1,10,6,-0.9,82.8,4.7,-3.4,3.41,-1.9,7.6,0,862.4,292,0.6,2.7,0,0,0,0,0,0,0,237,100,72,97
ABO,2001,1,10,7,-0.6,82.6,4.9,-3.2,3.55,-1.6,8.2,0,863.1,34,0.7,3,17,0,17,26,25,25,26,237,100,72,97
ABO,2001,1,10,8,-0.3,76.9,4.6,-3.9,3.33,-1.7,8,0,863.9,45,0.6,3.3,45,0,45,90,88,88,92,238,100,72,97
ABO,2001,1,10,9,0.2,74.2,4.6,-3.8,3.33,-1.3,8.5,0,864.2,236,0.4,1.4,177,226,109,146,258,362,149,238,100,72,97
ABO,2001,1,10,10,0.9,73.9,4.8,-3.2,3.48,-0.7,9.6,0,863.9,207,0.5,1.3,319,444,166,182,338,637,186,239,100,72,97
ABO,2001,1,10,11,1.6,73,5,-2.7,3.62,-0.1,10.7,0,863.8,146,0.4,1.5,337,429,180,195,233,647,239,239,100,72,97
ABO,2001,1,10,12,1.4,72.5,4.9,-3,3.55,-0.4,10.3,0,863.9,194,0.4,1.2,278,279,182,178,176,468,285,239,100,72,97
ABO,2001,1,10,13,1.3,76.2,5.1,-2.4,3.69,-0.2,10.5,0,863.8,194,0.4,1.7,218,257,145,141,140,385,290,239,100,72,97
ABO,2001,1,10,14,1.6,79.5,5.4,-1.6,3.91,0.3,11.4,0,864,233,0.6,2.2,146,398,80,87,86,393,377,239,100,72,97
ABO,2001,1,10,15,1.4,79.5,5.4,-1.7,3.91,0.1,11.2,0,864,239,0.7,2.6,14,0,14,22,22,22,23,239,100,72,97
ABO,2001,1,10,16,1,84.7,5.6,-1.3,4.06,0,11.1,0,864.1,225,0.7,2.6,0,0,0,0,0,0,0,239,100,72,97
ABO,2001,1,10,17,0.9,86.8,5.7,-1,4.13,0.1,11.2,0,864.6,225,0.4,2.9,0,0,0,0,0,0,0,238,100,72,97
ABO,2001,1,10,18,1.4,80.5,5.4,-1.6,3.91,0.2,11.2,0,864.9,0,0.4,3.3,0,0,0,0,0,0,0,238,100,72,97
ABO,2001,1,10,19,1.1,85.4,5.7,-1.1,4.12,0.2,11.4,0,865.2,259,0.6,2.4,0,0,0,0,0,0,0,238,100,72,97
ABO,2001,1,10,20,1.2,83.6,5.6,-1.3,4.05,0.2,11.3,0,865.1,256,0.4,2,0,0,0,0,0,0,0,238,100,72,97
ABO,2001,1,10,21,0.8,82.7,5.4,-1.8,3.91,-0.3,10.6,0,865,297,0.5,2.2,0,0,0,0,0,0,0,237,100,72,97
ABO,2001,1,10,22,0.2,80.8,5,-2.7,3.61,-0.9,9.2,0,865.4,270,0.3,1.6,0,0,0,0,0,0,0,237,100,72,97
ABO,2001,1,10,23,0.4,79.2,5,-2.8,3.61,-0.9,9.4,0,865.4,270,0.4,1.4,0,0,0,0,0,0,0,237,100,72,97
ABO,2001,1,11,0,0,79.8,4.9,-3.1,3.54,-1.2,8.8,0,865,225,0.4,3.2,0,0,0,0,0,0,0,237,100,72,97
ABO,2001,1,11,1,0.8,79,5.1,-2.4,3.69,-0.5,10,0,865.3,225,0.6,2.3,0,0,0,0,0,0,0,239,100,72,97
ABO,2001,1,11,2,1.4,76.8,5.2,-2.2,3.76,-0.1,10.8,0,865.5,284,0.6,2,0,0,0,0,0,0,0,241,100,72,97
ABO,2001,1,11,3,2,76,5.4,-1.8,3.9,0.4,11.8,0,865.9,249,1.5,5.1,0,0,0,0,0,0,0,243,100,72,97
ABO,2001,1,11,4,1.6,84.7,5.8,-0.7,4.2,0.6,12.1,0,865.6,261,1.2,5,0,0,0,0,0,0,0,245,100,72,97
ABO,2001,1,11,5,1.3,88.5,5.9,-0.4,4.27,0.6,12,0,865.8,243,0.3,1.2,0,0,0,0,0,0,0,247,100,72,97
ABO,2001,1,11,6,1.1,89.8,6,-0.4,4.34,0.5,11.9,0,866,252,0.5,1.9,0,0,0,0,0,0,0,249,100,72,97
ABO,2001,1,11,7,1.1,89.6,5.9,-0.4,4.27,0.5,11.8,0.2,866.1,236,0.5,1.9,17,0,17,25,24,25,25,251,100,72,97
ABO,2001,1,11,8,1.3,92.2,6.2,0.2,4.48,0.8,12.5,0.1,866.5,256,0.4,2.1,45,0,45,90,87,88,92,254,100,72,97
ABO,2001,1,11,9,1.5,92.3,6.3,0.4,4.55,1,12.9,0.2,867.4,135,0.3,2.1,179,218,113,145,254,353,148,257,100,72,97
ABO,2001,1,11,10,2.2,90.5,6.5,0.8,4.7,1.6,14,0,867.4,225,0.6,1.8,172,223,97,103,194,327,105,259,100,72,97
ABO,2001,1,11,11,2.4,90.2,6.5,1,4.7,1.8,14.2,0,867.2,180,0.2,1,338,440,176,194,232,656,240,262,100,72,97
ABO,2001,1,11,12,3.1,88.4,6.7,1.4,4.84,2.3,15.2,0,867,214,0.3,1.5,315,433,165,181,178,623,341,264,100,72,97
ABO,2001,1,11,13,3.2,86.8,6.7,1.2,4.85,2.3,15.3,0,866.6,225,0.5,1.9,257,460,127,145,142,571,405,265,100,72,97
ABO,2001,1,11,14,3,90.2,6.8,1.6,4.92,2.4,15.3,0,867.1,225,0.3,1.1,165,526,71,89,87,497,464,266,100,72,97
ABO,2001,1,11,15,3.2,88.5,6.8,1.5,4.91,2.4,15.5,0,867.4,270,0.3,1.4,17,0,17,25,25,25,26,267,100,72,97
ABO,2001,1,11,16,2.6,94.6,7,1.8,5.06,2.2,15.3,0,867.5,243,0.2,1.2,0,0,0,0,0,0,0,268,100,72,97
ABO,2001,1,11,17,2.5,92.7,6.8,1.4,4.91,2,14.8,0,867.4,315,0.3,1.4,0,0,0,0,0,0,0,269,100,72,97
ABO,2001,1,11,18,2.5,91.8,6.7,1.3,4.84,2,14.6,0,867.3,315,0.1,1.1,0,0,0,0,0,0,0,270,100,72,97
ABO,2001,1,11,19,2.1,94,6.7,1.2,4.84,1.7,14.2,0,867.2,270,0.4,2.8,0,0,0,0,0,0,0,269,100,72,97
ABO,2001,1,11,20,1.6,94.6,6.5,0.8,4.7,1.2,13.4,0,866.9,304,0.4,1.7,0,0,0,0,0,0,0,268,100,72,97
ABO,2001,1,11,21,1.6,93.4,6.4,0.7,4.63,1.2,13.2,0,866.8,315,0.2,1.4,0,0,0,0,0,0,0,267,100,72,97
ABO,2001,1,11,22,1.6,94,6.4,0.7,4.63,1.2,13.2,0,866.8,225,0.2,1.2,0,0,0,0,0,0,0,267,100,72,97
ABO,2001,1,11,23,1.9,93.7,6.6,1,4.77,1.5,13.8,0,866.8,315,0.1,1.1,0,0,0,0,0,0,0,266,100,72,97
ABO,2001,1,12,0,1.9,94.7,6.7,1.1,4.85,1.5,14,0,866.3,225,0.2,0.9,0,0,0,0,0,0,0,265,100,72,97
ABO,2001,1,12,1,2.1,92.8,6.6,1.1,4.77,1.7,14,0,866.5,270,0.1,1,0,0,0,0,0,0,0,266,100,72,97
ABO,2001,1,12,2,2.5,91,6.7,1.2,4.85,1.9,14.6,0,866.5,360,0.3,1.7,0,0,0,0,0,0,0,266,100,72,97
ABO,2001,1,12,3,2.3,92.8,6.7,1.3,4.85,1.8,14.4,0,866.6,243,0.4,1.5,0,0,0,0,0,0,0,266,100,72,97
ABO,2001,1,12,4,2.5,92.8,6.8,1.5,4.92,2,14.8,0.4,866.7,360,0.1,1.1,0,0,0,0,0,0,0,267,100,72,97
ABO,2001,1,12,5,2.4,93.2,6.8,1.4,4.92,1.9,14.7,0.4,866.8,225,0.4,1.6,0,0,0,0,0,0,0,267,100,72,97
ABO,2001,1,12,6,2.3,95.6,6.9,1.7,4.99,2,14.8,0.5,866.9,0,0,1.1,0,0,0,0,0,0,0,267,100,72,97
ABO,2001,1,12,7,2,97.7,6.9,1.7,4.99,1.9,14.5,0.7,867.3,90,0.3,1.4,15,0,15,23,22,22,23,268,100,72,97
ABO,2001,1,12,8,1.1,97.5,6.4,0.7,4.62,0.9,12.7,0.6,867.6,180,0.1,0.8,44,0,44,90,88,88,93,268,100,72,97
ABO,2001,1,12,9,1.8,97.9,6.8,1.5,4.91,1.7,14.1,0.2,867.7,0,0,0.5,177,226,108,146,259,361,149,269,100,72,97
ABO,2001,1,12,10,2.4,96,7,1.8,5.06,2.1,15.1,0,867.5,180,0.1,0.6,319,443,165,182,339,633,186,269,100,72,97
ABO,2001,1,12,11,2.9,95.6,7.2,2.3,5.21,2.6,16,0.1,866.9,117,0.2,1.4,340,439,177,195,233,656,241,270,100,72,97
ABO,2001,1,12,12,3.5,93.4,7.3,2.5,5.28,3,16.7,0,866.6,111,0.8,2,320,443,165,183,179,634,346,270,100,72,97
ABO,2001,1,12,13,2.8,97.6,7.3,2.5,5.29,2.7,16,0,866.1,83,0.9,2.6,260,460,129,147,144,572,407,268,100,72,97
ABO,2001,1,12,14,2.6,96.7,7.1,2.1,5.14,2.4,15.5,0,866.1,108,0.4,1.7,169,534,72,91,89,505,472,266,100,72,97
ABO,2001,1,12,15,1.4,100,6.8,1.4,4.92,1.4,13.7,0,866.1,90,0.4,1.6,17,0,17,26,26,26,26,264,100,72,97
ABO,2001,1,12,16,0.6,99.1,6.3,0.5,4.56,0.6,12,0.2,866.2,63,0.7,1.9,0,0,0,0,0,0,0,263,100,72,97
ABO,2001,1,12,17,0.6,98.5,6.3,0.4,4.56,0.5,12,0.2,866.2,225,0.4,1.1,0,0,0,0,0,0,0,261,100,72,97
ABO,2001,1,12,18,0.6,98.2,6.2,0.3,4.49,0.5,11.8,0,866,0,0.1,0.7,0,0,0,0,0,0,0,260,100,72,97
ABO,2001,1,12,19,0.3,98.3,6.2,0.1,4.48,0.2,11.5,0,866.1,45,0.6,2.5,0,0,0,0,0,0,0,258,100,72,97
ABO,2001,1,12,20,-0.6,99.5,5.9,-0.7,4.26,-0.6,10,0,866.4,73,1.1,3,0,0,0,0,0,0,0,255,100,72,97
ABO,2001,1,12,21,-0.5,99.5,5.9,-0.6,4.27,-0.5,10.1,0,866.2,90,0.4,1.7,0,0,0,0,0,0,0,253,100,72,97
ABO,2001,1,12,22,-0.8,99.2,5.7,-0.9,4.12,-0.8,9.5,0,866.2,90,0.3,2.4,0,0,0,0,0,0,0,251,100,72,97
ABO,2001,1,12,23,-1.2,98.8,5.5,-1.4,3.97,-1.3,8.7,0.1,866.5,68,1.1,2.6,0,0,0,0,0,0,0,249,100,72,97
ABO,2001,1,13,0,-1.6,98.4,5.4,-1.8,3.9,-1.7,8.1,0.2,866.4,72,0.9,2.8,0,0,0,0,0,0,0,247,100,72,97
ABO,2001,1,13,1,-1.6,98.1,5.3,-1.9,3.83,-1.7,7.9,0.2,866.4,117,0.2,0.9,0,0,0,0,0,0,0,245,100,72,97
ABO,2001,1,13,2,-1.5,96.4,5.3,-2,3.83,-1.7,8,0.6,866,135,0.3,1.1,0,0,0,0,0,0,0,242,100,72,97
ABO,2001,1,13,3,-1.7,97.7,5.3,-2,3.83,-1.8,7.8,0.3,866.1,63,0.6,4.4,0,0,0,0,0,0,0,239,100,72,97
ABO,2001,1,13,4,-2.5,97.6,5,-2.8,3.61,-2.6,6.5,0,866.2,56,1.2,4.8,0,0,0,0,0,0,0,237,100,72,97
ABO,2001,1,13,5,-2.6,97.5,4.9,-2.9,3.54,-2.7,6.2,0,866.3,72,0.4,1.8,0,0,0,0,0,0,0,234,100,72,97
ABO,2001,1,13,6,-2.4,97.7,5,-2.7,3.61,-2.5,6.6,0,866.4,45,0.7,2.2,0,0,0,0,0,0,0,231,100,72,97
ABO,2001,1,13,7,-3.1,97.1,4.8,-3.5,3.46,-3.2,5.5,0,867.2,70,1.2,3.4,16,0,16,25,25,25,26,230,100,72,97
ABO,2001,1,13,8,-3.2,96.5,4.7,-3.7,3.39,-3.4,5.2,0,866.7,135,0.2,1.2,52,0,52,93,91,91,95,229,100,72,97
ABO,2001,1,13,9,-2.9,97.2,4.8,-3.3,3.46,-3,5.7,0,867.5,69,0.9,2.6,184,226,115,151,265,366,154,227,100,72,97
ABO,2001,1,13,10,-3.5,96.6,4.6,-4,3.32,-3.7,4.7,0,867.1,72,0.6,1.9,330,452,171,188,351,650,192,226,100,72,97
ABO,2001,1,13,11,-2.9,97.1,4.8,-3.3,3.46,-3,5.7,0,867.1,63,2,3.8,352,448,184,202,242,675,249,225,100,72,97
ABO,2001,1,13,12,-2.9,96.9,4.8,-3.3,3.46,-3,5.7,0,866.9,64,2.2,4.2,332,452,172,189,185,652,358,223,100,72,97
ABO,2001,1,13,13,-3,97.1,4.7,-3.4,3.39,-3.1,5.4,0,866.8,55,2,3.8,271,469,136,153,149,589,420,221,100,72,97
ABO,2001,1,13,14,-3.9,96.3,4.4,-4.4,3.17,-4.1,4,0,867.2,46,1.5,2.8,174,511,80,96,93,495,463,219,100,72,97
ABO,2001,1,13,15,-4.3,95.9,4.3,-4.9,3.1,-4.5,3.4,0,867.3,51,1.3,2.5,15,0,15,26,25,25,26,217,100,72,97
ABO,2001,1,13,16,-4.8,95.5,4.1,-5.4,2.95,-5,2.5,0,868,50,2,3.8,0,0,0,0,0,0,0,215,100,72,97
ABO,2001,1,13,17,-4.9,95.3,4,-5.5,2.88,-5.1,2.2,0,868.1,53,1.5,2.8,0,0,0,0,0,0,0,212,100,72,97
ABO,2001,1,13,18,-4.7,95.5,4.1,-5.3,2.95,-4.9,2.6,0,868,61,1,1.9,0,0,0,0,0,0,0,210,100,72,97
ABO,2001,1,13,19,-4.8,95.4,4.1,-5.4,2.95,-5,2.5,0,868.6,58,1.5,2.8,0,0,0,0,0,0,0,208,100,72,97
ABO,2001,1,13,20,-4.9,94.5,4,-5.6,2.88,-5.1,2.2,0,868.1,67,1.5,2.8,0,0,0,0,0,0,0,206,100,72,97
ABO,2001,1,13,21,-5.4,92,3.8,-6.5,2.74,-5.8,1.4,0,867.9,68,1.7,3.2,0,0,0,0,0,0,0,204,100,72,97
ABO,2001,1,13,22,-5.4,92.1,3.8,-6.5,2.74,-5.8,1.3,0,868,56,1.5,2.8,0,0,0,0,0,0,0,202,100,72,97
ABO,2001,1,13,23,-5.7,91.8,3.7,-6.8,2.66,-6.1,0.9,0,868.1,58,1.4,2.7,0,0,0,0,0,0,0,199,100,72,97
ABO,2001,1,14,0,-5.9,88.7,3.5,-7.5,2.52,-6.4,0.3,0,868,54,1.4,2.7,0,0,0,0,0,0,0,197,100,72,97
ABO,2001,1,14,1,-6.5,88.5,3.3,-8.1,2.37,-7,-0.7,0,867.7,47,1.3,2.5,0,0,0,0,0,0,0,195,100,72,97
ABO,2001,1,14,2,-6.9,89.3,3.3,-8.4,2.37,-7.3,-1.1,0,867.6,55,1.2,2.3,0,0,0,0,0,0,0,192,100,72,97
ABO,2001,1,14,3,-8.5,72.8,2.4,-12.5,1.73,-9.5,-4.3,0,867.1,37,0.9,1.7,0,0,0,0,0,0,0,189,100,72,97
ABO,2001,1,14,4,-8.5,79.9,2.6,-11.3,1.87,-9.2,-3.9,0,867.3,315,0.8,1.5,0,0,0,0,0,0,0,187,100,72,97
ABO,2001,1,14,5,-7.8,89.1,3,-9.3,2.16,-8.2,-2.5,0,867.6,59,1.1,2.1,0,0,0,0,0,0,0,184,100,72,97
ABO,2001,1,14,6,-8.5,75.7,2.5,-12,1.8,-9.4,-4.1,0,867.6,55,1.8,3.4,0,0,0,0,0,0,0,183,100,72,97
ABO,2001,1,14,7,-9.2,76.4,2.3,-12.6,1.65,-10,-5.2,0,868.1,56,1.4,2.7,13,0,13,23,22,22,23,183,100,72,97
ABO,2001,1,14,8,-9.7,76.3,2.2,-13.1,1.58,-10.5,-5.9,0,868.4,60,0.7,1.3,56,0,56,100,98,98,102,184,100,72,97
ABO,2001,1,14,9,-9.5,81.4,2.4,-12.1,1.72,-10.2,-5.3,0,868.4,263,0.8,1.5,194,213,128,160,271,365,163,184,100,72,97
ABO,2001,1,14,10,-7.8,82.4,2.8,-10.3,2.01,-8.5,-2.9,0,867.9,249,1.3,2.5,338,419,190,199,357,633,202,185,100,72,97
ABO,2001,1,14,11,-5,85.6,3.6,-7,2.59,-5.6,1.4,0,867.9,209,1.3,2.5,362,417,205,213,255,660,261,186,100,72,97
ABO,2001,1,14,12,-6,92.6,3.7,-7,2.66,-6.3,0.6,0,867.5,68,0.9,1.7,342,420,192,201,197,637,364,186,100,72,97
ABO,2001,1,14,13,-5.5,92.7,3.8,-6.5,2.74,-5.8,1.3,0,867.4,63,1.9,3.6,279,433,153,163,160,571,415,185,100,72,97
ABO,2001,1,14,14,-6,94.3,3.7,-6.8,2.66,-6.3,0.6,0,867.6,66,2.2,4.2,184,492,91,103,101,492,461,183,100,72,97
ABO,2001,1,14,15,-6.2,90.9,3.5,-7.4,2.52,-6.6,0,0,867.5,59,1.6,3,14,0,14,27,26,27,28,182,100,72,97
ABO,2001,1,14,16,-7,89.5,3.2,-8.4,2.3,-7.4,-1.3,0,867.3,50,1.3,2.5,0,0,0,0,0,0,0,181,100,72,97
ABO,2001,1,14,17,-7.6,91.3,3.2,-8.8,2.3,-8,-2,0,867.5,54,1.2,2.3,0,0,0,0,0,0,0,180,100,72,97
ABO,2001,1,14,18,-7.8,89.1,3.1,-9.3,2.23,-8.2,-2.3,0,867.4,69,1.4,2.7,0,0,0,0,0,0,0,179,100,72,97
ABO,2001,1,14,19,-8.6,85.3,2.7,-10.6,1.94,-9.1,-3.9,0,867.5,58,1.9,3.6,0,0,0,0,0,0,0,178,100,72,97
ABO,2001,1,14,20,-9.5,82.4,2.5,-11.9,1.8,-10.1,-5.1,0,867.5,45,1.2,2.3,0,0,0,0,0,0,0,176,100,72,97
ABO,2001,1,14,21,-8.6,76.4,2.5,-12,1.8,-9.5,-4.2,0,867,45,0.5,0.9,0,0,0,0,0,0,0,175,100,72,97
ABO,2001,1,14,22,-9.3,79.8,2.4,-12.1,1.73,-10,-5.1,0,867.5,53,1.2,2.3,0,0,0,0,0,0,0,174,100,72,97
ABO,2001,1,14,23,-9,76.5,2.4,-12.4,1.73,-9.9,-4.8,0,866.6,262,1.1,2.1,0,0,0,0,0,0,0,173,100,72,97
ABO,2001,1,15,0,-7.9,77.4,2.6,-11.2,1.87,-8.8,-3.3,0,866.3,207,1.6,3,0,0,0,0,0,0,0,170,60,72,97
ABO,2001,1,15,1,-10.2,83.5,2.4,-12.5,1.73,-10.8,-6,0,867.3,220,1.1,2.1,0,0,0,0,0,0,0,169,68,72,97
ABO,2001,1,15,2,-10.3,80.3,2.3,-13,1.66,-10.9,-6.3,0,866.7,214,1.1,2.1,0,0,0,0,0,0,0,169,68,72,97
ABO,2001,1,15,3,-7.7,62.4,2.1,-13.6,1.51,-9.2,-4,0,866.7,215,1.5,2.8,0,0,0,0,0,0,0,168,68,72,97
ABO,2001,1,15,4,-7.9,75.8,2.6,-11.4,1.87,-8.8,-3.3,0,866.8,219,2.1,4,0,0,0,0,0,0,0,167,75,72,97
ABO,2001,1,15,5,-8.1,78.9,2.6,-11.1,1.87,-8.9,-3.5,0,867.2,243,1.1,2.1,0,0,0,0,0,0,0,167,75,72,97
ABO,2001,1,15,6,-7.7,69.3,2.4,-12.3,1.73,-8.9,-3.5,0,867.4,236,0.4,0.8,0,0,0,0,0,0,0,167,88,72,97
ABO,2001,1,15,7,-7.6,73.2,2.5,-11.6,1.8,-8.7,-3.2,0,867.5,229,0.9,1.7,14,0,14,23,23,23,24,170,100,72,97
ABO,2001,1,15,8,-7.1,72,2.6,-11.3,1.87,-8.2,-2.5,0,867.8,236,0.8,1.5,81,0,81,98,98,98,99,173,100,72,97
ABO,2001,1,15,9,-8.9,74.3,2.3,-12.6,1.65,-9.8,-4.9,0,868.5,50,0.8,1.5,211,213,144,159,272,365,161,175,100,72,97
ABO,2001,1,15,10,-4.3,63.6,2.8,-10.2,2.01,-6.1,0.7,0,868.1,45,0.9,1.7,341,419,192,200,360,634,204,178,100,72,97
ABO,2001,1,15,11,-2.7,58.1,2.9,-9.8,2.08,-4.9,2.5,0,868.2,58,1.2,2.3,363,416,206,214,256,659,261,180,88,72,97
ABO,2001,1,15,12,-2.9,67.3,3.3,-8.1,2.37,-4.6,3,0,867.9,180,0.2,1.2,342,418,193,201,197,635,363,182,88,72,97
ABO,2001,1,15,13,-2.1,60.1,3.2,-8.8,2.3,-4.3,3.6,0,867.9,146,0.3,1.2,280,429,153,163,160,567,413,181,88,72,97
ABO,2001,1,15,14,-2,50.5,2.7,-10.9,1.94,-4.7,2.8,0,868.1,194,0.4,1.6,157,278,104,101,100,324,306,180,75,72,97
ABO,2001,1,15,15,-3.2,55.7,2.7,-10.8,1.94,-5.5,1.6,0,868.5,180,0.3,2.2,15,0,15,25,24,24,25,179,68,72,97
ABO,2001,1,15,16,-4.3,54,2.4,-12.2,1.72,-6.5,-0.1,0,868.5,0,0.1,1.7,0,0,0,0,0,0,0,178,75,72,97
ABO,2001,1,15,17,-5.2,53.8,2.3,-13.1,1.65,-7.3,-1.1,0,868.5,315,0.2,1.2,0,0,0,0,0,0,0,178,80,72,97
ABO,2001,1,15,18,-5.4,51,2.1,-13.9,1.51,-7.6,-1.7,0,868.5,315,0.1,1.2,0,0,0,0,0,0,0,177,80,72,97
ABO,2001,1,15,19,-5.4,52.5,2.2,-13.6,1.58,-7.6,-1.5,0,868.4,315,0.2,1.4,0,0,0,0,0,0,0,176,88,72,97
ABO,2001,1,15,20,-5,56.7,2.4,-12.3,1.72,-7,-0.8,0,868.4,315,0.2,1.4,0,0,0,0,0,0,0,174,75,72,97
ABO,2001,1,15,21,-5.5,60.6,2.5,-11.9,1.8,-7.3,-1.1,0,868.4,333,0.2,1.2,0,0,0,0,0,0,0,173,88,72,97
ABO,2001,1,15,22,-5.8,56.3,2.2,-13.1,1.58,-7.7,-1.9,0,868.5,315,0.3,1.5,0,0,0,0,0,0,0,171,75,72,97
ABO,2001,1,15,23,-6.4,58.1,2.2,-13.3,1.58,-8.2,-2.5,0,868.6,297,0.2,1.5,0,0,0,0,0,0,0,171,88,72,97
ABO,2001,1,16,0,-6.5,58.9,2.2,-13.2,1.58,-8.2,-2.6,0,868.6,270,0.2,1.4,0,0,0,0,0,0,0,168,50,72,97
ABO,2001,1,16,1,-6.7,65.4,2.4,-12.1,1.72,-8.1,-2.5,0,868.7,297,0.2,1.5,0,0,0,0,0,0,0,168,60,72,97
ABO,2001,1,16,2,-6.8,58.6,2.2,-13.6,1.58,-8.5,-2.9,0,868.6,270,0.4,3.1,0,0,0,0,0,0,0,167,50,72,97
ABO,2001,1,16,3,-7,55,2,-14.5,1.44,-8.8,-3.5,0,868.3,270,0.2,1.2,0,0,0,0,0,0,0,167,50,72,97
ABO,2001,1,16,4,-6.7,53.6,2,-14.5,1.44,-8.6,-3.2,0,868.1,288,0.3,1.7,0,0,0,0,0,0,0,167,55,72,97
ABO,2001,1,16,5,-6.9,53.2,1.9,-14.8,1.36,-8.8,-3.6,0,868.3,333,0.2,1.5,0,0,0,0,0,0,0,167,43,72,97
ABO,2001,1,16,6,-6.7,49.7,1.8,-15.5,1.29,-8.8,-3.6,0,868.5,288,0.4,1.7,0,0,0,0,0,0,0,167,50,72,97
ABO,2001,1,16,7,-7.1,53.1,1.9,-15,1.36,-9,-3.8,0,868.6,270,0.2,1.2,14,0,14,23,22,23,23,170,55,72,97
ABO,2001,1,16,8,-6.3,50.9,1.9,-14.8,1.36,-8.4,-3,0,868.6,297,0.2,1.3,78,0,78,97,96,96,98,173,55,72,97
ABO,2001,1,16,9,-5.4,47.9,2,-14.7,1.44,-7.8,-1.9,0,868.8,270,0.3,1.6,186,124,147,154,222,276,155,176,63,72,97
ABO,2001,1,16,10,-3,52.9,2.6,-11.3,1.87,-5.5,1.6,0,868.5,198,1.6,3,314,329,195,195,317,537,197,180,88,72,97
ABO,2001,1,16,11,-1.9,41,2.2,-13.4,1.58,-5.2,2,0,867.9,171,1.4,2.9,359,409,202,211,252,647,257,183,88,72,97
ABO,2001,1,16,12,-1.1,44.6,2.5,-11.6,1.8,-4.3,3.4,0,867.4,167,1.3,3.6,344,437,187,199,196,649,367,184,60,72,97
ABO,2001,1,16,13,-1.1,38.2,2.2,-13.5,1.58,-4.7,2.8,0,867.2,151,1.3,3.2,282,449,148,162,158,582,422,183,60,72,97
ABO,2001,1,16,14,-1.8,56.6,3,-9.3,2.16,-4.2,3.6,0,867.5,114,1.1,2.7,176,398,94,102,100,422,388,182,50,72,97
ABO,2001,1,16,15,-3,56.3,2.8,-10.5,2.01,-5.3,2,0,867.4,166,0.5,1.6,16,0,16,25,24,24,25,180,55,72,97
ABO,2001,1,16,16,-4.3,53.5,2.4,-12.3,1.73,-6.5,-0.1,0,867.2,225,0.2,1.7,0,0,0,0,0,0,0,179,50,72,97
ABO,2001,1,16,17,-5,50.8,2.2,-13.6,1.58,-7.3,-1.1,0,867.2,315,0.1,1,0,0,0,0,0,0,0,178,50,72,97
ABO,2001,1,16,18,-5.7,49.1,2,-14.7,1.44,-8,-2.2,0,867.2,315,0.1,0.8,0,0,0,0,0,0,0,176,50,72,97
ABO,2001,1,16,19,-6,49.8,1.9,-14.8,1.37,-8.2,-2.7,0,867.1,270,0.1,1.3,0,0,0,0,0,0,0,177,60,72,97
ABO,2001,1,16,20,-6.1,50.7,2,-14.7,1.44,-8.2,-2.6,0,867,270,0.1,1.2,0,0,0,0,0,0,0,176,50,72,97
ABO,2001,1,16,21,-6.1,50.4,2,-14.7,1.44,-8.2,-2.6,0,866.9,315,0.2,1.3,0,0,0,0,0,0,0,175,45,72,97
ABO,2001,1,16,22,-6.1,49.3,1.9,-15,1.37,-8.3,-2.8,0,867.3,270,0.1,1.3,0,0,0,0,0,0,0,174,45,72,97
ABO,2001,1,16,23,-6.5,51.4,1.9,-14.9,1.37,-8.6,-3.2,0,867.3,315,0.2,1.2,0,0,0,0,0,0,0,172,20,72,97
ABO,2001,1,17,0,-6.5,50.6,1.9,-15.1,1.37,-8.6,-3.2,0,866.9,270,0.2,1.3,0,0,0,0,0,0,0,171,13,61,97
ABO,2001,1,17,1,-6.5,50.2,1.9,-15.2,1.37,-8.6,-3.2,0,866.5,360,0.1,1.3,0,0,0,0,0,0,0,172,20,61,97
ABO,2001,1,17,2,-5.7,46.1,1.9,-15.4,1.37,-8.1,-2.4,0,866.5,360,0.3,1.4,0,0,0,0,0,0,0,173,33,61,97
ABO,2001,1,17,3,-5.3,47.9,2,-14.6,1.44,-7.7,-1.8,0,866.3,315,0.2,0.7,0,0,0,0,0,0,0,175,50,61,97
ABO,2001,1,17,4,-5.4,47.7,2,-14.8,1.44,-7.8,-1.9,0,865.8,180,0.1,1.9,0,0,0,0,0,0,0,176,63,61,97
ABO,2001,1,17,5,-4.6,47.8,2.1,-14,1.51,-7.1,-0.9,0,865.7,270,0.1,1,0,0,0,0,0,0,0,172,13,61,97
ABO,2001,1,17,6,-4.5,44.8,2,-14.7,1.44,-7.1,-1,0,865.8,225,0.3,2.6,0,0,0,0,0,0,0,175,33,61,97
ABO,2001,1,17,7,-4.5,43.5,1.9,-15,1.37,-7.2,-1.1,0,865.9,360,0.2,1,13,0,13,20,19,19,20,178,33,61,97
ABO,2001,1,17,8,-3.8,43,2,-14.5,1.44,-6.6,-0.3,0,866.1,315,0.1,0.9,75,0,75,84,84,84,85,183,55,61,97
ABO,2001,1,17,9,-3,41.3,2,-14.3,1.44,-6.1,0.5,0,866,233,0.6,3,163,124,124,135,202,256,137,185,38,61,97
ABO,2001,1,17,10,-1.3,52.6,2.9,-9.7,2.09,-4,3.9,0,865.8,207,0.7,1.9,337,454,173,170,339,634,173,188,33,61,97
ABO,2001,1,17,11,0.4,49.2,3.1,-9,2.24,-2.7,6,0,865.5,187,0.8,1.7,332,349,197,181,226,552,209,193,45,61,97
ABO,2001,1,17,12,0.4,47.7,3,-9.4,2.16,-2.8,5.8,0,865.5,104,1,2.7,286,248,196,169,168,429,264,197,55,61,97
ABO,2001,1,17,13,-0.3,48.7,2.9,-9.8,2.09,-3.4,4.9,0,865.6,90,1,2.2,280,468,139,140,137,575,406,194,33,61,97
ABO,2001,1,17,14,-0.6,47.4,2.8,-10.4,2.02,-3.7,4.4,0,865.6,180,0.6,1.5,153,269,100,88,88,303,285,199,75,61,97
ABO,2001,1,17,15,-1,51.4,2.9,-9.8,2.09,-3.8,4.2,0,866,72,0.5,2.4,16,0,16,22,22,22,22,198,68,61,97
ABO,2001,1,17,16,-2.8,54.8,2.7,-10.6,1.94,-5.2,2,0,866.2,180,0.4,2.1,0,0,0,0,0,0,0,202,100,61,97
ABO,2001,1,17,17,-2.7,57.7,2.9,-9.9,2.09,-4.9,2.5,0,866.3,225,0.5,1.6,0,0,0,0,0,0,0,202,100,61,97
ABO,2001,1,17,18,-2.2,57.8,3,-9.4,2.16,-4.5,3.2,0,866.5,217,0.5,1.6,0,0,0,0,0,0,0,202,100,61,97
ABO,2001,1,17,19,-2.3,60.9,3.1,-8.8,2.23,-4.4,3.2,0,866.6,162,0.4,1.6,0,0,0,0,0,0,0,202,100,61,97
ABO,2001,1,17,20,-2.2,57.8,3,-9.4,2.16,-4.5,3.2,0,867.1,304,0.4,2.2,0,0,0,0,0,0,0,202,100,61,97
ABO,2001,1,17,21,-3.2,78.5,3.8,-6.4,2.74,-4.3,3.6,0,867.1,45,0.6,2.4,0,0,0,0,0,0,0,203,100,61,97
ABO,2001,1,17,22,-3.6,86.7,4.1,-5.5,2.96,-4.3,3.7,0.1,867,225,0.2,1.2,0,0,0,0,0,0,0,199,75,61,97
ABO,2001,1,17,23,-3.4,88.5,4.2,-5,3.03,-4,4.1,0,866.7,180,0.1,1.1,0,0,0,0,0,0,0,197,55,61,97
ABO,2001,1,18,0,-3.3,89.3,4.3,-4.8,3.1,-3.8,4.4,0.1,866.4,225,0.4,1.2,0,0,0,0,0,0,0,199,75,62,97
ABO,2001,1,18,1,-3.6,89.4,4.2,-5.1,3.03,-4.1,3.9,0,866.4,90,0.1,1,0,0,0,0,0,0,0,199,88,62,97
ABO,2001,1,18,2,-3.5,86.3,4.1,-5.5,2.96,-4.2,3.8,0,866.1,207,0.4,1.2,0,0,0,0,0,0,0,199,100,62,97
ABO,2001,1,18,3,-3.4,86.5,4.1,-5.3,2.96,-4.1,3.9,0,865.9,214,0.4,1.2,0,0,0,0,0,0,0,195,88,62,97
ABO,2001,1,18,4,-3.4,85.7,4.1,-5.4,2.96,-4.1,3.9,0,865.8,214,0.3,1.3,0,0,0,0,0,0,0,195,100,62,97
ABO,2001,1,18,5,-3.6,86.5,4.1,-5.5,2.96,-4.3,3.7,0,865.7,198,0.4,2.1,0,0,0,0,0,0,0,193,100,62,97
ABO,2001,1,18,6,-3.4,86.7,4.1,-5.3,2.96,-4.1,3.9,0,865.7,0,0.1,1.2,0,0,0,0,0,0,0,192,100,62,97
ABO,2001,1,18,7,-3.5,84.4,4,-5.7,2.89,-4.3,3.7,0,865.8,180,0.2,1.6,14,0,14,21,20,20,21,191,75,62,97
ABO,2001,1,18,8,-3,81.7,4,-5.7,2.89,-3.9,4.2,0,866,207,0.4,1.4,77,0,77,86,86,86,87,191,68,62,97
ABO,2001,1,18,9,-2.1,77.7,4.1,-5.5,2.96,-3.3,5.2,0,866.1,207,0.3,1.7,183,124,144,137,205,258,138,193,68,62,97
ABO,2001,1,18,10,-1.2,76,4.2,-4.9,3.03,-2.6,6.3,0,866.1,135,0.8,2.1,381,667,136,174,382,827,179,189,20,62,97
ABO,2001,1,18,11,-0.5,69.1,4.1,-5.5,2.96,-2.3,6.9,0,865.9,94,1.8,3.9,407,669,147,186,242,859,235,191,20,62,97
ABO,2001,1,18,12,-0.1,67.6,4.1,-5.4,2.96,-2,7.3,0,865.6,72,2.6,4.4,382,658,142,176,171,820,405,191,13,62,97
ABO,2001,1,18,13,-0.3,66.9,4,-5.7,2.89,-2.3,6.9,0,865.4,72,2.5,4.4,339,818,89,143,138,869,571,188,0,62,97
ABO,2001,1,18,14,-0.7,68.9,4,-5.7,2.89,-2.5,6.5,0,865.6,79,1.7,3.7,192,526,85,93,91,505,472,189,25,62,97
ABO,2001,1,18,15,-2.2,70.8,3.7,-6.8,2.67,-3.8,4.4,0,866,126,1,2.7,33,0,33,43,42,42,43,189,40,62,97
ABO,2001,1,18,16,-3.3,71.1,3.4,-7.8,2.45,-4.8,2.8,0,866.1,194,0.4,1.5,0,0,0,0,0,0,0,182,0,62,97
ABO,2001,1,18,17,-4.3,70.7,3.2,-8.8,2.31,-5.7,1.4,0,866.2,270,0.1,1.1,0,0,0,0,0,0,0,183,25,62,97
ABO,2001,1,18,18,-4.6,69.3,3,-9.4,2.16,-6.1,0.7,0,866.3,333,0.4,1.6,0,0,0,0,0,0,0,182,25,62,97
ABO,2001,1,18,19,-4.9,63.6,2.7,-10.7,1.94,-6.6,-0.1,0,866.4,243,0.2,1.6,0,0,0,0,0,0,0,184,25,62,97
ABO,2001,1,18,20,-5.1,63,2.6,-11,1.87,-6.8,-0.5,0,866.1,270,0.3,1.1,0,0,0,0,0,0,0,186,25,62,97
ABO,2001,1,18,21,-5.3,61.6,2.5,-11.5,1.8,-7,-0.9,0,866.1,270,0.2,1.2,0,0,0,0,0,0,0,187,13,62,97
ABO,2001,1,18,22,-4.5,59.7,2.6,-11.1,1.87,-6.4,0.1,0,865.9,248,0.2,1.3,0,0,0,0,0,0,0,195,60,62,97
ABO,2001,1,18,23,-3.7,57.7,2.7,-10.8,1.95,-5.8,1.1,0,865.7,225,0.1,1.3,0,0,0,0,0,0,0,204,100,62,97
ABO,2001,1,19,0,-3,59.6,2.9,-9.7,2.09,-5.1,2.2,0,865.4,225,0.2,1.9,0,0,0,0,0,0,0,204,88,62,97
ABO,2001,1,19,1,-2.4,56.5,2.9,-9.9,2.09,-4.7,2.8,0,865.1,270,0.2,1.4,0,0,0,0,0,0,0,198,40,62,97
ABO,2001,1,19,2,-2.5,57.1,2.9,-9.8,2.09,-4.8,2.7,0,865.2,270,0.2,1.3,0,0,0,0,0,0,0,202,55,62,97
ABO,2001,1,19,3,-2.3,54.9,2.9,-10.1,2.09,-4.7,2.9,0,865.7,360,0.5,1.7,0,0,0,0,0,0,0,205,68,62,97
ABO,2001,1,19,4,-1.8,53.4,2.9,-10,2.09,-4.4,3.4,0,865.8,360,0.4,1.6,0,0,0,0,0,0,0,210,88,62,97
ABO,2001,1,19,5,-2.5,69.1,3.5,-7.4,2.52,-4.1,3.8,0.3,866.7,240,1.5,4.1,0,0,0,0,0,0,0,210,80,62,97
ABO,2001,1,19,6,-3.4,90.4,4.3,-4.7,3.1,-3.9,4.3,0.8,866.6,214,0.4,1.2,0,0,0,0,0,0,0,208,60,62,97
ABO,2001,1,19,7,-3.2,87.2,4.2,-5,3.03,-3.8,4.3,0.1,866.7,225,0.2,1.6,14,0,14,21,20,20,21,212,68,62,97
ABO,2001,1,19,8,-2.5,88.6,4.5,-4.1,3.24,-3.1,5.6,0,867.1,225,0.3,1.6,77,0,77,86,85,86,86,220,100,62,97
ABO,2001,1,19,9,-1.8,85.5,4.6,-3.9,3.32,-2.6,6.4,0,867.5,135,0.2,0.9,181,117,143,136,201,251,137,222,100,62,97
ABO,2001,1,19,10,-0.7,82,4.8,-3.4,3.46,-1.7,7.9,0,867.9,135,0.3,1.4,282,235,195,169,264,415,170,224,100,62,97
ABO,2001,1,19,11,-1,87.9,5,-2.7,3.6,-1.7,8,0.3,868,180,0.1,1.2,302,236,209,182,209,436,207,227,100,62,97
ABO,2001,1,19,12,-1.1,96.1,5.5,-1.6,3.97,-1.3,8.8,0.8,867.8,180,0.1,0.7,285,235,197,171,171,418,262,228,100,62,97
ABO,2001,1,19,13,-0.4,95.7,5.7,-1,4.11,-0.6,9.9,0.4,868,124,0.4,1.3,233,235,161,140,140,365,278,228,100,62,97
ABO,2001,1,19,14,-0.4,95.9,5.7,-1,4.11,-0.6,9.9,0.2,868,90,0.4,1.3,155,255,102,91,91,295,279,228,100,62,97
ABO,2001,1,19,15,-0.7,96.9,5.7,-1.1,4.11,-0.9,9.5,0.1,868.4,153,0.2,1.4,31,0,31,37,37,37,37,226,88,62,97
ABO,2001,1,19,16,-0.7,96.8,5.6,-1.1,4.04,-0.9,9.4,0.5,868.7,90,0.1,1.1,0,0,0,0,0,0,0,228,100,62,97
ABO,2001,1,19,17,-1.1,97.4,5.5,-1.5,3.96,-1.3,8.8,0.3,868.7,90,0.2,1.2,0,0,0,0,0,0,0,224,80,62,97
ABO,2001,1,19,18,-1,96.6,5.5,-1.5,3.96,-1.2,8.9,0.5,868.8,180,0.1,0.8,0,0,0,0,0,0,0,216,45,62,97
ABO,2001,1,19,19,-1,96.9,5.5,-1.4,3.96,-1.2,8.9,0.1,869.1,0,0,0.3,0,0,0,0,0,0,0,218,58,62,97
ABO,2001,1,19,20,-1,96.9,5.5,-1.4,3.96,-1.2,8.9,0,869.4,0,0,0.5,0,0,0,0,0,0,0,227,100,62,97
ABO,2001,1,19,21,-1.1,98.3,5.5,-1.3,3.96,-1.2,8.8,0.1,869.5,0,0,0.4,0,0,0,0,0,0,0,226,100,62,97
ABO,2001,1,19,22,-1.2,98.1,5.5,-1.5,3.96,-1.3,8.7,0.1,869.6,0,0,0,0,0,0,0,0,0,0,225,100,62,97
ABO,2001,1,19,23,-1.2,98.1,5.5,-1.5,3.96,-1.3,8.7,0,869.7,360,0.1,0.9,0,0,0,0,0,0,0,225,100,62,97
ABO,2001,1,20,0,-1.6,98.4,5.4,-1.8,3.89,-1.7,8.1,0.1,869.7,90,0.1,0.8,0,0,0,0,0,0,0,220,80,63,97
ABO,2001,1,20,1,-1.6,97.9,5.3,-1.9,3.81,-1.7,7.9,0.1,869.5,90,0.1,1,0,0,0,0,0,0,0,207,20,63,97
ABO,2001,1,20,2,-1.6,97.4,5.3,-2,3.81,-1.8,7.9,0.1,869.5,90,0.2,1.2,0,0,0,0,0,0,0,205,13,63,97
ABO,2001,1,20,3,-1.6,97.9,5.3,-1.9,3.81,-1.7,7.9,0.1,869.6,0,0,0.7,0,0,0,0,0,0,0,209,38,63,97
ABO,2001,1,20,4,-1.6,97.5,5.3,-1.9,3.81,-1.7,7.9,0.6,869.6,135,0.1,0.8,0,0,0,0,0,0,0,218,88,63,97
ABO,2001,1,20,5,-1.7,95.6,5.2,-2.3,3.74,-1.9,7.6,0.2,869.8,0,0,0.5,0,0,0,0,0,0,0,213,68,63,97
ABO,2001,1,20,6,-1.8,95.1,5.1,-2.5,3.67,-2.1,7.3,0.3,869.8,180,0.1,0.9,0,0,0,0,0,0,0,216,88,63,97
ABO,2001,1,20,7,-1.8,91.6,4.9,-3,3.52,-2.3,7,0,869.7,180,0.1,1.1,16,0,16,25,25,25,26,208,38,63,97
ABO,2001,1,20,8,-2.4,92.4,4.7,-3.5,3.38,-2.8,6,0,870.2,0,0,0,50,0,50,90,88,89,92,210,43,63,97
ABO,2001,1,20,9,-2,85.5,4.5,-4.1,3.23,-2.8,6,0,870.3,0,0,1,210,229,135,142,263,360,143,215,68,63,97
ABO,2001,1,20,10,-0.9,80.9,4.7,-3.8,3.38,-2,7.5,0,870.3,180,0.3,1.5,317,349,188,176,317,533,178,213,55,63,97
ABO,2001,1,20,11,0.1,71.2,4.4,-4.5,3.16,-1.6,8,0,869.8,159,0.9,3.1,339,347,203,189,235,558,217,212,45,63,97
ABO,2001,1,20,12,1.1,54.4,3.6,-7.1,2.59,-1.8,7.6,0,869.4,168,1.4,3.5,321,349,191,178,176,538,316,214,55,63,97
ABO,2001,1,20,13,0.8,61.6,4,-5.7,2.88,-1.6,8,0,869.1,150,0.9,2.7,289,462,145,148,145,579,412,214,60,63,97
ABO,2001,1,20,14,-0.9,92.5,5.3,-2,3.81,-1.3,8.6,0,869.5,81,1.4,3.5,181,384,96,96,94,404,372,214,60,63,97
ABO,2001,1,20,15,-1.9,98,5.2,-2.2,3.74,-2,7.4,0,869.5,143,0.5,2.4,32,0,32,39,38,39,39,212,55,63,97
ABO,2001,1,20,16,-2.1,97.2,5.1,-2.5,3.67,-2.3,7,0,869.7,90,1,3.1,0,0,0,0,0,0,0,213,63,63,97
ABO,2001,1,20,17,-2.4,97.7,5,-2.7,3.6,-2.5,6.5,0,869.9,98,0.7,1.7,0,0,0,0,0,0,0,217,88,63,97
ABO,2001,1,20,18,-2.5,97.3,4.9,-2.9,3.52,-2.7,6.3,0,869.9,101,0.5,2,0,0,0,0,0,0,0,218,100,63,97
ABO,2001,1,20,19,-2.5,96.5,4.9,-3,3.52,-2.7,6.3,0,870.1,188,0.7,2.6,0,0,0,0,0,0,0,216,100,63,97
ABO,2001,1,20,20,-2.1,90.9,4.8,-3.4,3.45,-2.6,6.5,0,870.4,236,0.6,1.5,0,0,0,0,0,0,0,214,100,63,97
ABO,2001,1,20,21,-2.3,93.1,4.8,-3.3,3.45,-2.7,6.3,0,870.6,90,0.5,2.3,0,0,0,0,0,0,0,212,100,63,97
ABO,2001,1,20,22,-2.6,97.5,4.9,-2.9,3.52,-2.7,6.1,0,870.8,49,2.1,4.7,0,0,0,0,0,0,0,206,75,63,97
ABO,2001,1,20,23,-3.2,96.2,4.6,-3.7,3.3,-3.4,5,0.2,871.2,45,2.6,5.6,0,0,0,0,0,0,0,201,55,63,97
ABO,2001,1,21,0,-3.8,95.5,4.4,-4.4,3.16,-4,4,0.4,871.4,63,2.1,4.6,0,0,0,0,0,0,0,199,55,63,97
ABO,2001,1,21,1,-4.1,94.7,4.3,-4.8,3.08,-4.3,3.5,0.7,871.6,55,1.9,4.6,0,0,0,0,0,0,0,195,40,63,97
ABO,2001,1,21,2,-4.6,95.6,4.2,-5.2,3.01,-4.8,2.8,0.1,871.5,99,0.7,2.8,0,0,0,0,0,0,0,189,0,63,97
ABO,2001,1,21,3,-4.6,95.4,4.2,-5.2,3.01,-4.8,2.8,0,871.5,90,0.4,1.5,0,0,0,0,0,0,0,187,0,63,97
ABO,2001,1,21,4,-4.6,95.6,4.2,-5.2,3.01,-4.8,2.9,0,871.4,104,0.5,1.4,0,0,0,0,0,0,0,186,0,63,97
ABO,2001,1,21,5,-4.6,95.1,4.2,-5.3,3.01,-4.8,2.9,0,871.3,124,0.5,1.7,0,0,0,0,0,0,0,185,0,63,97
ABO,2001,1,21,6,-5.2,89.7,3.7,-6.6,2.65,-5.7,1.3,0,871.6,198,0.4,1.5,0,0,0,0,0,0,0,185,0,63,97
ABO,2001,1,21,7,-6.7,90.3,3.4,-8,2.44,-7.1,-0.7,0,871.3,214,0.4,1.5,15,0,15,22,22,22,23,190,20,63,97
ABO,2001,1,21,8,-7.3,82.4,2.9,-9.8,2.08,-8,-2.2,0,871.2,146,0.6,2.5,80,0,80,91,91,91,92,197,55,63,97
ABO,2001,1,21,9,-6.5,76.2,2.9,-10,2.08,-7.5,-1.4,0,871.5,210,0.8,2,189,124,148,143,212,263,143,199,50,63,97
ABO,2001,1,21,10,-4.4,76.2,3.3,-8,2.36,-5.5,1.4,0,871.6,187,0.8,2,295,248,202,177,278,436,178,203,50,63,97
ABO,2001,1,21,11,-3,69.6,3.4,-7.8,2.44,-4.6,3,0,871,153,0.8,1.9,373,448,195,193,239,666,240,204,33,63,97
ABO,2001,1,21,12,-2.1,65.1,3.4,-7.8,2.44,-4,4,0,870.1,146,0.7,1.8,326,348,194,181,179,542,307,208,40,63,97
ABO,2001,1,21,13,-1.9,62.3,3.3,-8.1,2.37,-3.9,4,0,869.7,129,0.6,1.7,270,350,157,148,146,481,346,214,68,63,97
ABO,2001,1,21,14,-1.5,66.5,3.6,-6.9,2.58,-3.4,4.9,0,870,121,0.6,1.7,163,260,107,96,96,305,289,217,75,63,97
ABO,2001,1,21,15,-2,79.2,4.2,-5.1,3.02,-3.1,5.5,0,869.9,153,0.3,1.6,65,173,44,44,43,158,185,218,68,63,97
ABO,2001,1,21,16,-1.9,77.8,4.2,-5.3,3.02,-3.1,5.6,0,869.7,153,0.2,1.4,0,0,0,0,0,0,0,214,33,63,97
ABO,2001,1,21,17,-2.5,85,4.4,-4.7,3.16,-3.3,5.4,0,869.7,135,0.1,1.1,0,0,0,0,0,0,0,219,50,63,97
ABO,2001,1,21,18,-2.8,85.2,4.3,-4.9,3.09,-3.5,4.9,0,869.3,236,0.3,1.7,0,0,0,0,0,0,0,222,58,63,97
ABO,2001,1,21,19,-1.7,73.7,4,-5.8,2.88,-3.1,5.4,0,869.2,225,0.5,1.6,0,0,0,0,0,0,0,225,63,63,97
ABO,2001,1,21,20,-1.4,73.8,4.1,-5.5,2.95,-2.9,5.9,0,869.2,225,0.2,1.2,0,0,0,0,0,0,0,234,100,63,97
ABO,2001,1,21,21,-0.5,66.4,3.9,-6,2.8,-2.5,6.5,0,868.9,225,0.4,2.1,0,0,0,0,0,0,0,236,100,63,97
ABO,2001,1,21,22,0.1,65.2,4,-5.6,2.88,-2,7.3,0,869,270,0.2,2.6,0,0,0,0,0,0,0,238,100,63,97
ABO,2001,1,21,23,0.5,68,4.3,-4.7,3.09,-1.5,8.2,0,868.7,225,1.1,4.5,0,0,0,0,0,0,0,239,100,63,97
ABO,2001,1,22,0,0.2,74,4.6,-3.9,3.31,-1.4,8.5,0,868.3,63,0.2,1.2,0,0,0,0,0,0,0,240,100,66,97
ABO,2001,1,22,1,-0.7,75.2,4.4,-4.5,3.17,-2.1,7.2,0,867.4,180,0.3,1.5,0,0,0,0,0,0,0,236,100,66,97
ABO,2001,1,22,2,-0.5,82.6,4.9,-3.1,3.54,-1.5,8.3,0,866.9,342,0.8,2.3,0,0,0,0,0,0,0,233,100,66,97
ABO,2001,1,22,3,-2,84.6,4.5,-4.2,3.25,-2.8,6.1,0,866.4,270,0.6,2.2,0,0,0,0,0,0,0,227,88,66,97
ABO,2001,1,22,4,-1.6,88,4.8,-3.3,3.47,-2.2,7,0,866.1,243,0.5,1.9,0,0,0,0,0,0,0,217,58,66,97
ABO,2001,1,22,5,-1.1,87.7,4.9,-2.9,3.54,-1.8,7.7,0,865.8,243,0.5,2,0,0,0,0,0,0,0,208,25,66,97
ABO,2001,1,22,6,-1.2,86.6,4.9,-3.1,3.54,-1.9,7.6,0,865.5,233,0.5,2.5,0,0,0,0,0,0,0,206,25,66,97
ABO,2001,1,22,7,-0.8,81.7,4.7,-3.5,3.4,-1.8,7.7,0,865.1,252,0.4,1.5,16,0,16,27,26,27,28,208,25,66,97
ABO,2001,1,22,8,-0.5,75.7,4.5,-4.3,3.25,-1.9,7.6,0,865.1,270,0.7,1.7,53,0,53,97,94,95,99,210,25,66,97
ABO,2001,1,22,9,0.8,69.2,4.5,-4.2,3.25,-1.1,8.9,0,864.9,239,0.6,2.3,197,228,122,152,273,368,155,212,25,66,97
ABO,2001,1,22,10,2.8,68,5.1,-2.5,3.69,0.6,12,0,864.3,204,1,2.9,389,651,146,189,423,820,195,212,13,66,97
ABO,2001,1,22,11,4.3,61.4,5.1,-2.5,3.7,1.4,13.6,0,863.1,196,0.8,2.2,347,345,208,199,247,566,228,221,58,66,97
ABO,2001,1,22,12,4.4,59.1,4.9,-2.9,3.55,1.4,13.3,0,862.3,129,0.7,2.2,322,321,200,189,187,521,317,228,100,66,97
ABO,2001,1,22,13,4.4,59.6,5,-2.8,3.63,1.4,13.5,0,862.3,194,0.8,2.9,246,236,171,153,153,379,293,228,100,66,97
ABO,2001,1,22,14,1.4,82.7,5.6,-1.2,4.07,0.3,11.6,0,861.6,214,0.7,3.1,184,389,102,103,102,405,392,228,100,66,97
ABO,2001,1,22,15,3.4,71.7,5.6,-1.2,4.07,1.4,13.6,0,860.5,249,0.9,3.2,62,169,41,43,42,155,181,224,75,66,97
ABO,2001,1,22,16,1.5,81,5.5,-1.4,4,0.3,11.5,0,861.8,37,0.7,3.4,0,0,0,0,0,0,0,227,100,66,97
ABO,2001,1,22,17,0.2,85.2,5.3,-2,3.85,-0.7,9.8,0,860.9,228,1.2,2.9,0,0,0,0,0,0,0,227,100,66,97
ABO,2001,1,22,18,1.4,75.7,5.1,-2.4,3.71,-0.1,10.7,0,860.8,360,1.2,4.6,0,0,0,0,0,0,0,227,100,66,97
ABO,2001,1,22,19,0,82.6,5,-2.6,3.63,-1,9.1,0,861,219,0.7,2.5,0,0,0,0,0,0,0,229,100,66,97
ABO,2001,1,22,20,1,76.9,5.1,-2.6,3.71,-0.4,10.3,0,860,270,0.6,2.8,0,0,0,0,0,0,0,231,100,66,97
ABO,2001,1,22,21,1.6,71.2,4.9,-3,3.57,-0.2,10.5,0,858.8,259,1.2,5.1,0,0,0,0,0,0,0,233,100,66,97
ABO,2001,1,22,22,2.2,66.8,4.8,-3.3,3.49,0,10.9,0,859.7,243,1.1,4.3,0,0,0,0,0,0,0,232,88,66,97
ABO,2001,1,22,23,0.7,77.2,4.9,-2.8,3.56,-0.7,9.6,0,860.2,14,0.5,2.7,0,0,0,0,0,0,0,234,88,66,97
ABO,2001,1,23,0,0.5,79.1,5,-2.7,3.64,-0.8,9.6,0,859.9,288,1,3.4,0,0,0,0,0,0,0,238,100,66,97
ABO,2001,1,23,1,1.5,71.9,4.9,-3,3.56,-0.3,10.4,0,860.3,252,0.9,4.8,0,0,0,0,0,0,0,237,100,66,97
ABO,2001,1,23,2,2.1,70.5,5,-2.7,3.64,0.2,11.2,0,859.8,27,0.8,2.2,0,0,0,0,0,0,0,234,88,66,97
ABO,2001,1,23,3,1.4,78,5.3,-2,3.86,0,11,0,859.4,281,1.1,5.3,0,0,0,0,0,0,0,236,100,66,97
ABO,2001,1,23,4,0.5,89.7,5.7,-1,4.15,-0.1,10.9,1.8,860.7,55,2.1,10.8,0,0,0,0,0,0,0,233,88,66,97
ABO,2001,1,23,5,0.8,89.3,5.7,-0.8,4.15,0.1,11.2,0.9,860.8,197,1.6,10.7,0,0,0,0,0,0,0,232,88,66,97
ABO,2001,1,23,6,1.8,85.5,6,-0.4,4.36,0.9,12.7,0.5,861,220,1.9,6.6,0,0,0,0,0,0,0,235,100,66,97
ABO,2001,1,23,7,1.2,90.5,6.1,-0.2,4.44,0.6,12.3,1.7,861.5,241,1.3,6.1,17,0,17,24,23,23,24,234,80,66,97
ABO,2001,1,23,8,2.2,85,6,-0.1,4.36,1.2,13.1,0.2,861.8,249,1.6,6.3,82,0,82,95,94,94,95,239,88,66,97
ABO,2001,1,23,9,2.9,79,5.9,-0.4,4.29,1.5,13.6,0,862,212,4,10.5,189,117,150,148,213,261,149,245,100,66,97
ABO,2001,1,23,10,4.2,69.5,5.7,-0.9,4.14,2,14.6,0,862.1,202,4.6,10.2,292,234,203,183,280,427,184,248,100,66,97
ABO,2001,1,23,11,4.9,64.8,5.6,-1.2,4.07,2.2,15.1,0.1,862.2,206,4.9,12.9,314,238,218,197,224,453,223,248,88,66,97
ABO,2001,1,23,12,5.7,56.8,5.2,-2.2,3.78,2.3,15.2,0,861.8,193,5.9,14.3,327,340,195,189,187,541,313,245,68,66,97
ABO,2001,1,23,13,5.9,53.8,5,-2.7,3.63,2.2,15,0,860.9,201,3.7,11.9,245,233,169,153,152,375,291,256,100,66,97
ABO,2001,1,23,14,6.2,52,4.9,-2.9,3.56,2.3,15.2,0,860.7,214,1.8,7.3,166,250,110,102,101,303,288,254,88,66,97
ABO,2001,1,23,15,4.9,62.4,5.4,-1.7,3.92,2.1,14.8,0,861.3,222,1.8,9.2,62,159,41,43,43,149,174,260,100,66,97
ABO,2001,1,23,16,6.1,51.6,4.8,-3.1,3.49,2.2,14.9,0,861.5,218,4.9,11.5,0,0,0,0,0,0,0,258,88,66,97
ABO,2001,1,23,17,4.9,60.9,5.3,-2,3.85,2,14.6,0,860.9,207,1.7,9,0,0,0,0,0,0,0,255,68,66,97
ABO,2001,1,23,18,5.9,58.4,5.4,-1.6,3.92,2.6,15.8,0,861.2,221,2.1,7.1,0,0,0,0,0,0,0,266,100,66,97
ABO,2001,1,23,19,6.8,57.6,5.7,-1,4.14,3.3,17.2,0,861.3,227,2.5,6.9,0,0,0,0,0,0,0,263,100,66,97
ABO,2001,1,23,20,6.3,62.1,5.9,-0.4,4.29,3.3,17.1,0,861.1,250,2.1,5.7,0,0,0,0,0,0,0,257,88,66,97
ABO,2001,1,23,21,5.1,67.7,6,-0.4,4.37,2.7,16.1,0,860.8,291,1.1,3.1,0,0,0,0,0,0,0,259,100,66,97
ABO,2001,1,23,22,4.5,70.7,5.9,-0.4,4.3,2.3,15.3,0,860.3,14,0.5,2.5,0,0,0,0,0,0,0,246,63,66,97
ABO,2001,1,23,23,4.3,70.8,5.9,-0.5,4.3,2.2,15.1,0,859.7,261,0.7,2.2,0,0,0,0,0,0,0,255,100,66,97
ABO,2001,1,24,0,4.4,71,5.9,-0.4,4.3,2.3,15.2,0,859.2,288,0.3,2.4,0,0,0,0,0,0,0,250,88,66,97
ABO,2001,1,24,1,3.8,73.4,5.9,-0.5,4.31,1.9,14.6,0,858.2,333,0.5,3.5,0,0,0,0,0,0,0,256,100,66,97
ABO,2001,1,24,2,5.2,66.9,5.9,-0.4,4.31,2.7,16,0,857.7,56,0.7,4.8,0,0,0,0,0,0,0,255,88,66,97
ABO,2001,1,24,3,4.3,70.1,5.8,-0.7,4.23,2.1,14.9,0,857.8,342,0.4,2.8,0,0,0,0,0,0,0,261,100,66,97
ABO,2001,1,24,4,4.1,70.2,5.7,-0.8,4.16,2,14.6,0,857,263,0.9,4.1,0,0,0,0,0,0,0,263,100,66,97
ABO,2001,1,24,5,4.9,66.1,5.7,-0.9,4.16,2.4,15.4,0,857.8,40,1.3,7.1,0,0,0,0,0,0,0,266,100,66,97
ABO,2001,1,24,6,4.5,67.6,5.7,-1,4.16,2.1,15,0,857.3,297,0.3,1.8,0,0,0,0,0,0,0,269,100,66,97
ABO,2001,1,24,7,4.6,67.3,5.7,-0.9,4.16,2.2,15.1,0,857.1,56,1,5.3,30,0,30,41,40,40,41,269,100,66,97
ABO,2001,1,24,8,5,66,5.8,-0.8,4.24,2.4,15.6,0,857.3,304,0.7,3.5,65,0,65,96,95,95,98,270,100,66,97
ABO,2001,1,24,9,5.7,62.2,5.7,-1,4.17,2.7,16.2,0,856.8,18,0.6,3.2,179,144,130,151,230,288,153,270,100,66,97
ABO,2001,1,24,10,5.9,60.3,5.6,-1.2,4.09,2.8,16.2,0,856.6,360,0.7,3.2,240,130,189,162,211,300,162,270,100,66,97
ABO,2001,1,24,11,6.5,57.9,5.6,-1.2,4.1,3.1,16.8,0,856.1,76,1,5.2,340,322,208,199,225,540,241,271,100,66,97
ABO,2001,1,24,12,5.3,63.2,5.6,-1.1,4.09,2.5,15.6,0,857.2,49,1.3,6.5,353,429,186,191,188,630,352,270,100,66,97
ABO,2001,1,24,13,1.4,84.8,5.7,-0.9,4.16,0.4,11.8,2.8,858.6,41,1.2,6.1,267,312,163,156,154,453,335,267,100,66,97
ABO,2001,1,24,14,0.2,95.1,5.9,-0.5,4.3,-0.1,10.9,1.9,859,0,0,1,199,439,100,106,104,452,428,264,100,66,97
ABO,2001,1,24,15,0.8,92.2,6,-0.3,4.38,0.3,11.7,0.8,858.1,236,0.5,2.3,63,156,42,45,44,147,173,262,100,66,97
ABO,2001,1,24,16,1.5,91.9,6.3,0.3,4.6,1,13,0.4,858.7,270,0.6,2.2,0,0,0,0,0,0,0,255,88,66,97
ABO,2001,1,24,17,0.8,98,6.4,0.5,4.66,0.7,12.5,0.8,859.8,54,1.4,5.2,0,0,0,0,0,0,0,253,88,66,97
ABO,2001,1,24,18,0.1,96.9,6,-0.3,4.37,-0.1,11,1.5,860.4,225,0.2,1.2,0,0,0,0,0,0,0,245,68,66,97
ABO,2001,1,24,19,0.5,95,6,-0.2,4.37,0.2,11.4,0.3,860.3,248,0.6,1.9,0,0,0,0,0,0,0,243,75,66,97
ABO,2001,1,24,20,1.1,92.9,6.1,0.1,4.44,0.7,12.2,0.1,860.8,254,0.8,2.4,0,0,0,0,0,0,0,246,100,66,97
ABO,2001,1,24,21,1,93.8,6.2,0.1,4.51,0.6,12.3,0,860.9,236,0.4,2.5,0,0,0,0,0,0,0,240,94,66,97
ABO,2001,1,24,22,2.1,85.1,6,-0.1,4.37,1.1,13,0,860.5,260,2.4,5.9,0,0,0,0,0,0,0,234,88,66,97
ABO,2001,1,24,23,1.3,86.2,5.8,-0.7,4.22,0.5,11.8,0,860.6,243,1.4,5.7,0,0,0,0,0,0,0,232,100,66,97
ABO,2001,1,25,0,-0.1,95.8,5.8,-0.7,4.22,-0.3,10.4,0,860.5,236,0.4,1.6,0,0,0,0,0,0,0,228,100,67,97
ABO,2001,1,25,1,-0.1,95.3,5.8,-0.8,4.22,-0.4,10.4,0,860.2,239,0.6,1.9,0,0,0,0,0,0,0,218,58,67,97
ABO,2001,1,25,2,-0.5,92.6,5.5,-1.5,4,-0.9,9.5,0,859.8,243,0.7,2.4,0,0,0,0,0,0,0,208,13,67,97
ABO,2001,1,25,3,-0.8,90.6,5.2,-2.1,3.79,-1.3,8.6,0,859.5,360,0.2,1.6,0,0,0,0,0,0,0,207,20,67,97
ABO,2001,1,25,4,-1,88.3,5,-2.7,3.64,-1.7,8.1,0,859.2,239,0.6,3.5,0,0,0,0,0,0,0,208,33,67,97
ABO,2001,1,25,5,-1.7,90.8,4.9,-3,3.57,-2.2,7.2,0,858.8,236,0.4,2.4,0,0,0,0,0,0,0,213,75,67,97
ABO,2001,1,25,6,-1.4,87.9,4.8,-3.1,3.5,-2.1,7.3,0,858.7,304,0.4,2.3,0,0,0,0,0,0,0,217,100,67,97
ABO,2001,1,25,7,-1,87.3,4.9,-2.8,3.57,-1.7,7.9,0,858.5,254,0.8,2.5,32,0,32,40,39,39,40,218,80,67,97
ABO,2001,1,25,8,-1,86.8,4.9,-2.9,3.57,-1.7,7.9,0,858.3,0,0.3,2,85,0,85,100,99,99,100,216,50,67,97
ABO,2001,1,25,9,-0.6,84.8,4.9,-2.8,3.57,-1.5,8.3,0,858.4,240,1,2.8,212,416,70,160,360,528,166,210,0,67,97
ABO,2001,1,25,10,1.6,80,5.5,-1.5,4.01,0.3,11.6,0,857.9,214,1.1,3.3,370,551,160,193,400,722,198,218,20,67,97
ABO,2001,1,25,11,3.2,69.2,5.3,-1.9,3.87,1.1,12.9,0,857.1,193,1,3.6,324,243,224,203,232,465,230,234,75,67,97
ABO,2001,1,25,12,3.6,67.7,5.4,-1.8,3.95,1.3,13.5,0,855.8,194,0.9,3.2,308,242,212,192,191,446,288,237,75,67,97
ABO,2001,1,25,13,4.6,61.7,5.2,-2.1,3.81,1.8,14.2,0,855,194,0.9,2.4,306,452,156,164,161,586,426,233,60,67,97
ABO,2001,1,25,14,3.8,69.1,5.5,-1.3,4.02,1.6,13.9,0,855.6,74,1.8,7.1,196,370,107,110,108,407,379,232,55,67,97
ABO,2001,1,25,15,0.6,93,5.9,-0.4,4.31,0.2,11.4,0,857.9,72,2,5.3,65,158,44,47,46,151,178,237,75,67,97
ABO,2001,1,25,16,0,96,5.9,-0.6,4.3,-0.3,10.7,2.5,859,166,0.5,2,0,0,0,0,0,0,0,243,100,67,97
ABO,2001,1,25,17,0.9,81.1,5.3,-2,3.86,-0.3,10.5,0.2,859.9,208,2.2,5.3,0,0,0,0,0,0,0,243,100,67,97
ABO,2001,1,25,18,0,84.9,5.2,-2.2,3.78,-0.9,9.4,0.1,860,219,1.4,5.5,0,0,0,0,0,0,0,242,100,67,97
ABO,2001,1,25,19,-0.5,91.3,5.4,-1.7,3.93,-1,9.3,0,859.2,153,0.2,1.6,0,0,0,0,0,0,0,237,100,67,97
ABO,2001,1,25,20,-0.7,87.8,5.1,-2.5,3.71,-1.4,8.5,0,859.5,315,0.8,2.6,0,0,0,0,0,0,0,231,88,67,97
ABO,2001,1,25,21,-1.6,88.1,4.8,-3.3,3.49,-2.2,7.1,0,859.5,225,0.6,4.1,0,0,0,0,0,0,0,222,68,67,97
ABO,2001,1,25,22,-2.6,89.1,4.5,-4.1,3.27,-3.1,5.5,0,859.5,207,0.3,1.7,0,0,0,0,0,0,0,211,25,67,97
ABO,2001,1,25,23,-2.4,82.7,4.2,-4.9,3.05,-3.3,5.2,0,859.7,231,1.4,5.1,0,0,0,0,0,0,0,205,13,67,97
ABO,2001,1,26,0,-2.8,84.2,4.2,-5.1,3.05,-3.6,4.8,0,859.8,53,0.6,2.6,0,0,0,0,0,0,0,203,13,67,97
ABO,2001,1,26,1,-3.6,85.4,4,-5.7,2.91,-4.3,3.6,0,859.9,315,0.3,1.9,0,0,0,0,0,0,0,203,20,67,97
ABO,2001,1,26,2,-3.9,83.4,3.8,-6.3,2.76,-4.7,2.9,0,860.1,225,0.2,1.5,0,0,0,0,0,0,0,199,0,67,97
ABO,2001,1,26,3,-4.4,82.5,3.7,-6.9,2.69,-5.2,2.2,0,859.8,248,0.6,2.8,0,0,0,0,0,0,0,204,43,67,97
ABO,2001,1,26,4,-1.7,69,3.7,-6.6,2.69,-3.4,5,0,859.8,255,3,5.8,0,0,0,0,0,0,0,201,33,67,97
ABO,2001,1,26,5,-1.6,67.5,3.7,-6.8,2.69,-3.4,5.1,0,859.8,256,2.9,5.2,0,0,0,0,0,0,0,199,20,67,97
ABO,2001,1,26,6,-2.9,73.4,3.6,-7,2.62,-4.3,3.6,0,859.7,255,1.9,4.9,0,0,0,0,0,0,0,198,20,67,97
ABO,2001,1,26,7,-3.6,76.9,3.6,-7.1,2.62,-4.8,2.9,0,859.8,256,1,4.9,33,0,33,47,46,47,48,202,33,67,97
ABO,2001,1,26,8,-3,70.3,3.4,-7.6,2.47,-4.5,3.1,0,859.8,262,1.5,5.1,68,0,68,103,101,101,105,202,20,67,97
ABO,2001,1,26,9,-3,71.7,3.5,-7.4,2.54,-4.5,3.3,0,859.7,243,0.7,3.1,226,228,147,159,284,375,161,207,40,67,97
ABO,2001,1,26,10,-0.7,62.1,3.6,-7,2.62,-2.9,5.8,0,859.4,153,1.1,4.5,340,347,203,196,332,553,198,210,45,67,97
ABO,2001,1,26,11,0.6,57.1,3.6,-6.9,2.62,-2.1,7.1,0,858.9,126,0.9,2.9,393,445,207,213,261,682,261,210,33,67,97
ABO,2001,1,26,12,1.5,54.5,3.7,-6.7,2.69,-1.5,8.2,0,857.9,80,1.8,4.5,375,447,197,203,199,662,373,212,40,67,97
ABO,2001,1,26,13,2.1,50.3,3.6,-7.1,2.62,-1.2,8.7,0,857.1,180,1.5,5.8,315,458,161,169,166,597,436,208,25,67,97
ABO,2001,1,26,14,1.3,58.2,3.9,-6,2.85,-1.4,8.4,0,856.5,69,2.4,5.5,251,738,75,116,112,679,639,202,0,67,97
ABO,2001,1,26,15,0,63,3.9,-6.2,2.85,-2.2,7.1,0,855.8,77,1.1,5.9,85,305,42,54,53,252,304,202,25,67,97
ABO,2001,1,26,16,-1.5,66.2,3.6,-7,2.63,-3.4,5,0,855.4,225,0.5,2.1,0,0,0,0,0,0,0,198,13,67,97
ABO,2001,1,26,17,-1.8,59.9,3.2,-8.6,2.34,-4,4,0,855.1,360,0.7,4.1,0,0,0,0,0,0,0,199,43,67,97
ABO,2001,1,26,18,-1.7,58.8,3.2,-8.7,2.34,-4,4.1,0,854,297,0.6,3.1,0,0,0,0,0,0,0,200,63,67,97
ABO,2001,1,26,19,-1.5,49,2.7,-10.8,1.97,-4.4,3.4,0,853.3,236,1.6,8.2,0,0,0,0,0,0,0,207,88,67,97
ABO,2001,1,26,20,-0.5,45.4,2.7,-10.9,1.98,-3.8,4.4,0,852.9,229,1.6,8.8,0,0,0,0,0,0,0,214,100,67,97
ABO,2001,1,26,21,-1.1,54.5,3.1,-9.1,2.27,-3.7,4.5,0,851.7,45,0.4,3.4,0,0,0,0,0,0,0,219,100,67,97
ABO,2001,1,26,22,-0.9,52.5,3,-9.4,2.2,-3.7,4.6,0,850.3,329,1.1,4.8,0,0,0,0,0,0,0,223,100,67,97
ABO,2001,1,26,23,0.4,46.4,2.9,-9.7,2.13,-2.9,5.7,0,850.3,230,1.9,12.3,0,0,0,0,0,0,0,228,100,67,97
ABO,2001,1,27,0,3.1,40.7,3.1,-9,2.28,-1.1,8.8,0,849.8,236,7.6,19.2,0,0,0,0,0,0,0,231,100,67,97
ABO,2001,1,27,1,2.7,49.2,3.6,-6.9,2.65,-0.8,9.3,0,849.3,232,6.6,16.2,0,0,0,0,0,0,0,231,100,67,97
ABO,2001,1,27,2,2.9,50.8,3.8,-6.3,2.8,-0.5,9.9,0,848.6,236,7.7,16.8,0,0,0,0,0,0,0,231,100,67,97
ABO,2001,1,27,3,4.1,47.5,3.9,-6,2.87,0.2,11.3,0,849.4,243,6.6,13.8,0,0,0,0,0,0,0,231,100,67,97
ABO,2001,1,27,4,3.7,47.8,3.8,-6.3,2.79,-0.1,10.7,0,850.7,247,7.8,14.1,0,0,0,0,0,0,0,229,88,67,97
ABO,2001,1,27,5,3.3,49,3.8,-6.4,2.79,-0.3,10.3,0,850.2,250,5.9,11.8,0,0,0,0,0,0,0,228,88,67,97
ABO,2001,1,27,6,3.8,48.6,3.9,-6,2.86,0.1,11,0,851.4,245,6.1,12.9,0,0,0,0,0,0,0,230,100,67,97
ABO,2001,1,27,7,1.6,70.8,4.8,-3.1,3.52,-0.3,10.4,0.4,852.7,228,6.2,15.4,34,0,34,42,41,41,42,224,88,67,97
ABO,2001,1,27,8,-0.6,84.2,4.9,-2.9,3.58,-1.5,8.3,1.2,855.7,231,0.6,8.8,90,0,90,103,102,102,103,221,88,67,97
ABO,2001,1,27,9,-0.7,65,3.8,-6.5,2.77,-2.7,6.2,0,857.1,231,1.4,7.1,201,118,160,158,226,273,159,217,88,67,97
ABO,2001,1,27,10,-0.5,52.3,3.1,-9.1,2.26,-3.3,5.1,0,857.4,209,5.1,12,344,346,206,199,335,555,201,211,68,67,97
ABO,2001,1,27,11,-0.2,49.5,3,-9.5,2.18,-3.2,5.2,0,857.8,196,5.8,12.2,339,249,234,211,242,480,240,207,63,67,97
ABO,2001,1,27,12,0.3,43,2.7,-10.8,1.96,-3.2,5.2,0,857.8,199,5.9,14.1,324,250,223,201,200,465,302,203,50,67,97
ABO,2001,1,27,13,0.7,40.5,2.6,-11.2,1.89,-3.1,5.4,0,857.5,213,4.8,12,270,248,185,168,167,406,318,202,50,67,97
ABO,2001,1,27,14,0.1,41.5,2.6,-11.4,1.89,-3.5,4.8,0,857.2,212,4.5,11.3,226,498,107,118,115,510,486,200,40,67,97
ABO,2001,1,27,15,-0.4,43.4,2.6,-11.3,1.89,-3.8,4.3,0,857.5,193,4.1,9.9,74,157,51,56,55,159,186,199,45,67,97
ABO,2001,1,27,16,-1.4,45.7,2.5,-11.6,1.82,-4.5,3.1,0,857.6,198,3.3,9,0,0,0,0,0,0,0,197,38,67,97
ABO,2001,1,27,17,-2.2,47.4,2.5,-11.9,1.82,-5.1,2.3,0,857.7,212,3.1,6.5,0,0,0,0,0,0,0,197,55,67,97
ABO,2001,1,27,18,-2.7,47.4,2.4,-12.3,1.75,-5.5,1.6,0,857.6,236,2.6,5.3,0,0,0,0,0,0,0,198,88,67,97
ABO,2001,1,27,19,-2.8,48.8,2.4,-12.1,1.75,-5.5,1.5,0,857.2,247,3.1,7.2,0,0,0,0,0,0,0,196,100,67,97
ABO,2001,1,27,20,-3.2,50.9,2.5,-11.9,1.82,-5.7,1.3,0,856.7,236,2.9,5.8,0,0,0,0,0,0,0,194,100,67,97
ABO,2001,1,27,21,-3.2,48.8,2.4,-12.4,1.75,-5.8,1.1,0,856,249,3.1,6.3,0,0,0,0,0,0,0,187,45,67,97
ABO,2001,1,27,22,-4.7,52.2,2.3,-13,1.68,-7,-0.6,0,855.5,230,0.9,3.5,0,0,0,0,0,0,0,184,40,67,97
ABO,2001,1,27,23,-5.1,50.8,2.1,-13.7,1.53,-7.4,-1.3,0,854.6,18,0.5,2.1,0,0,0,0,0,0,0,181,45,67,97
ABO,2001,1,28,0,-5.7,48.9,2,-14.7,1.46,-8,-2.1,0,854,360,0.3,2.1,0,0,0,0,0,0,0,176,0,65,97
ABO,2001,1,28,1,-6,49.9,1.9,-14.8,1.39,-8.2,-2.6,0,853.4,270,0.3,2.1,0,0,0,0,0,0,0,178,38,65,97
ABO,2001,1,28,2,-6.4,51.2,2,-14.8,1.46,-8.5,-2.8,0,852.3,270,0.1,2.2,0,0,0,0,0,0,0,180,75,65,97
ABO,2001,1,28,3,-5.3,46.9,2,-14.9,1.46,-7.7,-1.7,0,851.7,225,0.3,3.1,0,0,0,0,0,0,0,180,100,65,97
ABO,2001,1,28,4,-5.1,48.3,2,-14.3,1.46,-7.5,-1.5,0,851.3,207,0.3,1.6,0,0,0,0,0,0,0,179,88,65,97
ABO,2001,1,28,5,-5.2,45.3,1.9,-15.2,1.39,-7.7,-1.8,0,851.3,243,0.4,1.5,0,0,0,0,0,0,0,177,68,65,97
ABO,2001,1,28,6,-6,48.8,1.9,-15,1.39,-8.2,-2.6,0,851.1,225,0.2,2.6,0,0,0,0,0,0,0,177,75,65,97
ABO,2001,1,28,7,-5.6,45.6,1.8,-15.5,1.32,-8,-2.4,0,850.3,315,0.2,1.7,34,0,34,43,42,42,43,183,100,65,97
ABO,2001,1,28,8,-3.9,46.7,2.2,-13.6,1.61,-6.5,0.1,0,850.3,270,0.4,2.2,93,0,93,104,104,104,105,187,100,65,97
ABO,2001,1,28,9,-2.6,41.6,2.1,-13.9,1.54,-5.7,1.2,0,851.1,104,0.7,2.7,207,124,163,159,231,280,160,189,68,65,97
ABO,2001,1,28,10,-2.1,39.2,2,-14.1,1.47,-5.4,1.5,0,850.9,121,0.6,2.3,349,349,209,198,337,558,200,192,45,65,97
ABO,2001,1,28,11,-0.7,39,2.3,-12.9,1.69,-4.3,3.5,0,850.5,107,1,3.4,501,910,114,216,277,1097,276,193,0,65,97
ABO,2001,1,28,12,0.2,37.4,2.3,-12.6,1.69,-3.7,4.4,0,850.6,108,1.4,3.3,475,897,110,205,197,1054,478,196,0,65,97
ABO,2001,1,28,13,0.7,35.4,2.3,-12.9,1.69,-3.4,4.9,0,850.5,119,1.1,3,299,350,176,168,166,502,371,199,38,65,97
ABO,2001,1,28,14,0.1,35.8,2.2,-13.2,1.61,-3.9,4.1,0,850.9,141,0.7,2.1,210,370,117,115,114,414,388,202,60,65,97
ABO,2001,1,28,15,-0.4,37.1,2.2,-13.3,1.61,-4.2,3.6,0,851.3,180,0.6,1.7,74,154,52,55,55,157,184,201,38,65,97
ABO,2001,1,28,16,-1.8,44.8,2.4,-12.2,1.76,-4.9,2.6,0,851.8,270,0.4,2,0,0,0,0,0,0,0,203,50,65,97
ABO,2001,1,28,17,-2.4,46.1,2.4,-12.4,1.76,-5.3,1.9,0,852.4,0,0.1,1,0,0,0,0,0,0,0,204,58,65,97
ABO,2001,1,28,18,-2.5,51.8,2.7,-11,1.98,-5.1,2.4,0,852.5,270,0.1,1.2,0,0,0,0,0,0,0,208,80,65,97
ABO,2001,1,28,19,-2.3,53.1,2.8,-10.6,2.05,-4.8,2.8,0,852.5,270,0.3,1.4,0,0,0,0,0,0,0,210,100,65,97
ABO,2001,1,28,20,-2,53.5,2.8,-10.2,2.05,-4.5,3.1,0,853,225,0.2,2.6,0,0,0,0,0,0,0,210,100,65,97
ABO,2001,1,28,21,-1.7,53,2.9,-10,2.12,-4.3,3.6,0,853.1,45,0.2,1.4,0,0,0,0,0,0,0,203,58,65,97
ABO,2001,1,28,22,-1.9,53.6,2.9,-10.1,2.12,-4.5,3.4,0,853.6,315,0.2,1.2,0,0,0,0,0,0,0,205,70,65,97
ABO,2001,1,28,23,-2.1,51.4,2.7,-10.8,1.97,-4.8,2.8,0,854,315,0.3,1.5,0,0,0,0,0,0,0,207,88,65,97
ABO,2001,1,29,0,-2.1,52.7,2.8,-10.5,2.05,-4.7,3,0,854.1,360,0.5,2.3,0,0,0,0,0,0,0,200,43,64,97
ABO,2001,1,29,1,-3.4,54.1,2.6,-11.3,1.9,-5.7,1.3,0,854.9,270,0.8,3.4,0,0,0,0,0,0,0,194,0,64,97
ABO,2001,1,29,2,-3.9,53.2,2.4,-12,1.75,-6.2,0.4,0,855.1,360,0.3,1.7,0,0,0,0,0,0,0,200,45,64,97
ABO,2001,1,29,3,-4.3,53.3,2.4,-12.4,1.75,-6.6,0,0,854.9,360,0.3,1.7,0,0,0,0,0,0,0,208,100,64,97
ABO,2001,1,29,4,-4,53,2.4,-12.2,1.75,-6.3,0.3,0,855.2,180,0.4,2.5,0,0,0,0,0,0,0,206,88,64,97
ABO,2001,1,29,5,-3.9,52.2,2.4,-12.3,1.75,-6.3,0.4,0,855.8,63,0.4,2.1,0,0,0,0,0,0,0,208,100,64,97
ABO,2001,1,29,6,-3.6,54.3,2.5,-11.5,1.82,-5.9,0.9,0,856.4,81,0.6,2.6,0,0,0,0,0,0,0,208,100,64,97
ABO,2001,1,29,7,-4.9,56.2,2.4,-12.3,1.75,-6.9,-0.6,0,857.3,153,0.4,1.6,34,0,34,42,42,42,42,211,100,64,97
ABO,2001,1,29,8,-4.7,58.4,2.6,-11.6,1.89,-6.7,0,0,857.9,216,0.9,2.1,92,0,92,102,101,102,103,214,100,64,97
ABO,2001,1,29,9,-3.1,52.3,2.6,-11.5,1.89,-5.6,1.6,0,858.6,211,0.6,2.4,204,121,161,156,226,273,156,212,75,64,97
ABO,2001,1,29,10,-2,51.2,2.7,-10.7,1.96,-4.7,2.9,0,858.7,146,0.3,1.4,317,247,217,192,298,449,193,213,60,64,97
ABO,2001,1,29,11,-1.1,54.1,3,-9.2,2.18,-3.7,4.3,0,858.6,84,2,4.6,400,441,210,210,259,674,257,213,43,64,97
ABO,2001,1,29,12,-1.2,66.1,3.7,-6.7,2.69,-3.1,5.5,0,858.8,75,2.8,5.9,396,563,168,198,194,740,400,211,20,64,97
ABO,2001,1,29,13,-1.3,69.9,3.9,-6.1,2.84,-3,5.8,0,859,81,2,5.2,391,841,97,168,162,903,610,207,0,64,97
ABO,2001,1,29,14,-1.7,71,3.8,-6.3,2.76,-3.3,5.2,0,859.8,59,2.6,6.2,262,741,76,116,112,678,643,206,0,64,97
ABO,2001,1,29,15,-2.6,77.2,3.9,-6,2.83,-3.8,4.4,0,860.7,56,2.6,5.4,89,297,43,56,55,247,300,207,13,64,97
ABO,2001,1,29,16,-2.8,80,4,-5.8,2.9,-3.8,4.4,0,861.3,49,2.2,4,0,0,0,0,0,0,0,215,60,64,97
ABO,2001,1,29,17,-3,82.1,4.1,-5.6,2.97,-3.9,4.4,0,861.9,69,1.7,4,0,0,0,0,0,0,0,209,33,64,97
ABO,2001,1,29,18,-3.4,85.5,4.1,-5.5,2.97,-4.1,4,0,862.3,51,2.2,4.7,0,0,0,0,0,0,0,205,13,64,97
ABO,2001,1,29,19,-3.6,86.3,4.1,-5.6,2.97,-4.3,3.8,0,862.5,39,2.5,5.4,0,0,0,0,0,0,0,202,0,64,97
ABO,2001,1,29,20,-3.7,86.1,4,-5.7,2.9,-4.4,3.5,0,862.7,47,2,4.8,0,0,0,0,0,0,0,201,0,64,97
ABO,2001,1,29,21,-3.8,88.4,4.1,-5.4,2.97,-4.4,3.6,0,863.2,60,1.9,5,0,0,0,0,0,0,0,200,0,64,97
ABO,2001,1,29,22,-4,92.2,4.2,-5.1,3.04,-4.4,3.5,0,863.5,48,2.6,5.7,0,0,0,0,0,0,0,200,0,64,97
ABO,2001,1,29,23,-4.2,93.4,4.2,-5.1,3.04,-4.5,3.3,0,863.8,37,3,5.7,0,0,0,0,0,0,0,202,20,64,97
ABO,2001,1,30,0,-4.2,91.6,4.1,-5.4,2.97,-4.6,3.1,0,863.7,35,3.3,6.1,0,0,0,0,0,0,0,207,55,62,97
ABO,2001,1,30,1,-4.4,93,4.1,-5.4,2.97,-4.7,2.9,0,863.9,35,3.1,6,0,0,0,0,0,0,0,206,60,62,97
ABO,2001,1,30,2,-4.4,92.2,4.1,-5.5,2.97,-4.8,2.9,0,863.8,34,3,5.6,0,0,0,0,0,0,0,205,60,62,97
ABO,2001,1,30,3,-4.5,91.5,4,-5.7,2.89,-4.9,2.7,0,864.1,35,2.9,6.1,0,0,0,0,0,0,0,205,68,62,97
ABO,2001,1,30,4,-4.6,90,3.9,-6,2.82,-5.1,2.4,0,864.3,38,2.9,5.9,0,0,0,0,0,0,0,203,60,62,97
ABO,2001,1,30,5,-4.7,90.8,3.9,-6,2.82,-5.1,2.3,0,864.5,39,2.6,5.9,0,0,0,0,0,0,0,200,50,62,97
ABO,2001,1,30,6,-4.9,92.4,3.9,-5.9,2.82,-5.2,2.1,0,864.6,43,2.6,5.6,0,0,0,0,0,0,0,193,0,62,97
ABO,2001,1,30,7,-5.1,92.1,3.8,-6.2,2.75,-5.5,1.7,0,864.5,37,3.6,6.4,40,0,40,47,47,47,47,202,70,62,97
ABO,2001,1,30,8,-5.1,90,3.8,-6.5,2.74,-5.6,1.7,0,864.9,41,3.1,5.5,95,0,95,104,103,103,104,206,100,62,97
ABO,2001,1,30,9,-4.9,88.5,3.8,-6.5,2.74,-5.4,1.9,0,865.5,36,3.1,6,208,119,166,157,227,273,158,206,100,62,97
ABO,2001,1,30,10,-4.6,87.2,3.8,-6.4,2.74,-5.2,2.2,0,865.5,42,2.8,6,321,240,223,193,298,443,193,205,100,62,97
ABO,2001,1,30,11,-4.2,83.2,3.7,-6.6,2.67,-5,2.4,0,865.3,46,3.2,6.3,344,242,239,207,239,469,235,205,100,62,97
ABO,2001,1,30,12,-3.8,77,3.6,-7.2,2.6,-4.9,2.6,0.1,865.1,44,3,6.3,328,241,228,197,197,452,295,205,100,62,97
ABO,2001,1,30,13,-3.6,73.2,3.4,-7.7,2.45,-4.9,2.5,0,865.2,44,2.7,5.6,277,242,191,166,165,398,313,202,88,62,97
ABO,2001,1,30,14,-3.6,73.1,3.4,-7.7,2.45,-4.9,2.5,0,865.5,50,2.4,5.3,194,249,131,115,115,316,305,201,88,62,97
ABO,2001,1,30,15,-3.8,73.3,3.4,-7.9,2.45,-5.1,2.3,0,865.7,53,2.1,5,72,150,49,53,52,152,179,196,55,62,97
ABO,2001,1,30,16,-4.3,81.1,3.6,-7,2.6,-5.2,2.1,0,865.9,42,2.4,5.2,0,0,0,0,0,0,0,193,40,62,97
ABO,2001,1,30,17,-4.7,83.5,3.6,-7.1,2.6,-5.5,1.7,0,866.1,39,2.2,4.7,0,0,0,0,0,0,0,192,40,62,97
ABO,2001,1,30,18,-5,86.3,3.7,-6.9,2.67,-5.6,1.6,0,866.1,43,2.3,5.1,0,0,0,0,0,0,0,187,0,62,97
ABO,2001,1,30,19,-5.1,86.1,3.6,-7.1,2.6,-5.7,1.3,0,866.1,45,2,5.6,0,0,0,0,0,0,0,187,20,62,97
ABO,2001,1,30,20,-5.6,89.9,3.6,-7,2.6,-6,0.8,0,865.9,85,1.1,3.1,0,0,0,0,0,0,0,183,0,62,97
ABO,2001,1,30,21,-5.9,91.2,3.6,-7.1,2.6,-6.3,0.5,0,865.9,45,0.5,2.1,0,0,0,0,0,0,0,181,0,62,97
ABO,2001,1,30,22,-6.2,91.6,3.5,-7.3,2.52,-6.5,0,0,865.7,90,0.2,0.9,0,0,0,0,0,0,0,179,0,62,97
ABO,2001,1,30,23,-6.8,78.9,2.9,-9.8,2.09,-7.7,-1.7,0,865.3,225,0.5,3,0,0,0,0,0,0,0,177,0,62,97
ABO,2001,1,31,0,-8.4,75.6,2.5,-11.9,1.8,-9.3,-4,0,864.8,243,0.4,1.8,0,0,0,0,0,0,0,176,0,61,97
ABO,2001,1,31,1,-9.3,75.9,2.3,-12.8,1.66,-10.2,-5.3,0,864.9,360,0.3,1.1,0,0,0,0,0,0,0,175,0,61,97
ABO,2001,1,31,2,-10.1,78.5,2.2,-13.1,1.59,-10.8,-6.3,0,864.7,0,0,1,0,0,0,0,0,0,0,175,0,61,97
ABO,2001,1,31,3,-10.4,78,2.2,-13.5,1.59,-11.1,-6.6,0,864.2,270,0.1,1.2,0,0,0,0,0,0,0,175,0,61,97
ABO,2001,1,31,4,-10.6,75,2.1,-14.2,1.51,-11.4,-6.9,0,864.3,0,0,0.2,0,0,0,0,0,0,0,174,0,61,97
ABO,2001,1,31,5,-10.4,74.5,2.1,-14.1,1.52,-11.3,-6.7,0,864.1,225,0.1,1.7,0,0,0,0,0,0,0,174,0,61,97
ABO,2001,1,31,6,-10.3,74.2,2.1,-14,1.52,-11.2,-6.6,0,864,333,0.3,1.8,0,0,0,0,0,0,0,174,0,61,97
ABO,2001,1,31,7,-9.9,76.1,2.2,-13.3,1.59,-10.7,-6.1,0,864.1,315,0.2,1.5,32,0,32,41,40,40,41,178,25,61,97
ABO,2001,1,31,8,-9.5,68,2,-14.3,1.44,-10.6,-6,0,864.5,225,0.2,1.4,97,0,97,106,106,106,107,183,55,61,97
ABO,2001,1,31,9,-8.7,55.9,1.8,-15.9,1.3,-10.3,-5.6,0,864.5,207,0.7,2,214,124,169,160,234,280,161,186,68,61,97
ABO,2001,1,31,10,-5.8,59.1,2.4,-12.5,1.73,-7.6,-1.6,0,864.4,180,0.6,1.7,363,353,217,198,342,562,200,187,60,61,97
ABO,2001,1,31,11,-3.5,46.2,2.2,-13.4,1.59,-6.2,0.4,0,863.9,149,0.6,1.9,419,451,222,214,267,691,264,189,40,61,97
ABO,2001,1,31,12,-2.5,42.4,2.1,-13.5,1.52,-5.6,1.2,0,863.9,81,2,4.2,401,453,211,204,201,671,381,191,40,61,97
ABO,2001,1,31,13,-2.6,47.5,2.4,-12.2,1.73,-5.4,1.7,0,863.8,72,2.3,4.4,312,358,186,170,168,506,389,191,45,61,97
ABO,2001,1,31,14,-2.7,55,2.8,-10.5,2.02,-5.1,2.3,0,864.1,75,2.3,4.8,224,370,125,119,117,418,394,191,43,61,97
ABO,2001,1,31,15,-3.9,60.2,2.7,-10.5,1.95,-5.9,0.9,0,864.6,90,1.2,3.2,93,290,46,59,58,246,300,191,40,61,97
ABO,2001,1,31,16,-4.8,62.4,2.7,-10.9,1.93,-6.5,0,0,864.8,135,0.8,2.2,0,0,0,0,0,0,0,191,55,61,97
ABO,2001,1,31,17,-5.3,65.3,2.7,-10.9,1.94,-6.9,-0.6,0,865,146,0.4,1.3,0,0,0,0,0,0,0,192,68,61,97
ABO,2001,1,31,18,-5.5,66.8,2.7,-10.7,1.97,-7,-0.6,0,865.1,202,0.5,1.1,0,0,0,0,0,0,0,192,63,61,97
ABO,2001,1,31,19,-5.7,69.2,2.8,-10.4,2.01,-7,-0.7,0,865.1,204,0.9,2.3,0,0,0,0,0,0,0,190,50,61,97
ABO,2001,1,31,20,-5.5,71.9,2.9,-9.8,2.1,-6.8,-0.3,0,865.7,188,0.7,2.5,0,0,0,0,0,0,0,192,88,61,97
ABO,2001,1,31,21,-5.3,73.8,3.1,-9.3,2.2,-6.5,0.2,0,866.7,180,0.6,1.9,0,0,0,0,0,0,0,189,58,61,97
ABO,2001,1,31,22,-5,75.3,3.2,-8.8,2.28,-6.2,0.6,0,867.5,98,0.7,2,0,0,0,0,0,0,0,192,100,61,97
ABO,2001,1,31,23,-4.5,74.8,3.3,-8.4,2.34,-5.7,1.2,0,868.8,90,0.9,2.2,0,0,0,0,0,0,0,191,100,61,97
ABO,2023,2,1,0,-3.9,72.6,3.3,-8.3,2.36,-5.3,1.9,0,870.1,83,1.6,5.5,0,0,0,0,0,0,0,206,13,51,97
ABO,2023,2,1,1,-3.4,70.2,3.3,-8.2,2.36,-4.9,2.4,0,871.3,240,1.4,3.6,0,0,0,0,0,0,0,203,0,49,97
ABO,2023,2,1,2,-3,67.2,3.2,-8.5,2.32,-4.8,2.7,0,872.1,217,0.8,3.7,0,0,0,0,0,0,0,199,13,49,97
ABO,2023,2,1,3,-2.6,63.8,3.2,-8.8,2.27,-4.6,3,0,872.9,240,1.6,4.8,0,0,0,0,0,0,0,197,6,49,97
ABO,2023,2,1,4,-2.4,59.8,3,-9.4,2.17,-4.6,3,0,873.2,236,2.8,5.9,0,0,0,0,0,0,0,194,0,49,97
ABO,2023,2,1,5,-2.9,61.8,3,-9.4,2.16,-4.9,2.5,0,873.4,230,1.6,3.8,0,0,0,0,0,0,0,193,6,49,97
ABO,2023,2,1,6,-3.2,63.1,3,-9.5,2.17,-5.2,2.2,0,873.6,234,2.9,6.5,0,0,0,0,0,0,0,194,26,49,97
ABO,2023,2,1,7,-4.1,70,3.2,-8.9,2.25,-5.6,1.5,0,874.2,207,2.1,6.4,0,0,0,0,0,0,0,193,36,49,97
ABO,2023,2,1,8,-5,77.8,3.3,-8.3,2.35,-6,0.8,0,875.1,240,1,3.1,20,0,20,28,28,28,29,197,43,49,97
ABO,2023,2,1,9,-4.4,68.6,3,-9.3,2.14,-5.9,0.9,0,875,225,1.1,3.3,49,0,49,84,82,82,86,196,33,49,97
ABO,2023,2,1,10,-2.8,60.9,3,-9.3,2.14,-4.8,2.5,0,875.5,221,1.2,2.6,146,186,76,127,219,293,131,199,23,49,97
ABO,2023,2,1,11,-0.3,51.3,3.1,-9.1,2.21,-3.2,5.2,0,875.1,202,1.8,8,435,738,132,156,433,857,161,202,36,49,97
ABO,2023,2,1,12,2.7,35.3,2.6,-11.1,1.85,-1.9,7.3,0,874.5,200,5.3,10.1,459,692,154,169,260,860,202,205,36,49,97
ABO,2023,2,1,13,3.5,35.8,2.8,-10.2,2,-1.2,8.5,0,873.7,218,3.8,8.8,453,744,136,161,156,882,395,207,0,49,97
ABO,2023,2,1,14,2.5,51.8,3.8,-6.4,2.72,-0.8,9.3,0,873.4,86,2.4,6.5,386,745,112,137,132,800,529,206,6,49,97
ABO,2023,2,1,15,0.9,67.9,4.4,-4.3,3.15,-1.1,8.8,0,873.5,58,2.6,6.3,265,655,88,98,95,605,563,206,19,49,97
ABO,2023,2,1,16,-0.6,72.4,4.2,-4.9,3,-2.2,6.9,0,873.9,90,1.2,2.8,109,371,50,47,46,284,354,210,65,49,97
ABO,2023,2,1,17,-1.2,83.6,4.7,-3.6,3.36,-2.1,7.2,0,875.1,63,2.5,6.6,3,0,3,2,2,2,2,217,100,49,97
ABO,2023,2,1,18,-1.5,90,5,-2.9,3.58,-2,7.4,0,874.9,129,0.9,2.4,0,0,0,0,0,0,0,216,100,49,97
ABO,2023,2,1,19,-1.6,89.7,4.9,-3.1,3.5,-2.2,7.1,0,875.1,61,1.1,2.3,0,0,0,0,0,0,0,216,100,49,97
ABO,2023,2,1,20,-2,94.5,5,-2.8,3.58,-2.3,6.9,0,874.9,112,0.9,2.4,0,0,0,0,0,0,0,217,100,49,97
ABO,2023,2,1,21,-1.9,93.6,5,-2.8,3.57,-2.2,7,0,875.5,58,2,4.7,0,0,0,0,0,0,0,218,100,49,97
ABO,2023,2,1,22,-2.1,93.2,4.9,-3,3.5,-2.4,6.6,0,875.7,68,2.2,5.6,0,0,0,0,0,0,0,218,100,49,97
ABO,2023,2,1,23,-2.5,92.3,4.7,-3.6,3.35,-2.9,5.8,0,876.3,84,1.5,4.2,0,0,0,0,0,0,0,219,100,49,97
ABO,2023,2,2,0,-2.4,91.6,4.7,-3.6,3.36,-2.8,5.9,0,875.6,207,1.5,3.5,0,0,0,0,0,0,0,220,100,49,97
ABO,2023,2,2,1,-1.1,78.4,4.4,-4.4,3.14,-2.3,6.7,0,875.3,259,2.7,6.5,0,0,0,0,0,0,0,220,100,49,97
ABO,2023,2,2,2,-0.7,73.4,4.3,-4.9,3.07,-2.2,6.9,0,875.4,257,3.4,6.2,0,0,0,0,0,0,0,220,100,49,97
ABO,2023,2,2,3,-0.7,72.6,4.2,-5,3,-2.3,6.8,0,875.4,234,4,8.6,0,0,0,0,0,0,0,213,100,49,97
ABO,2023,2,2,4,-2.4,91.8,4.7,-3.5,3.36,-2.8,5.9,0,875.7,72,1.5,4.3,0,0,0,0,0,0,0,207,74,49,97
ABO,2023,2,2,5,-2.6,92.2,4.7,-3.7,3.36,-3,5.7,0,876,214,0.8,1.6,0,0,0,0,0,0,0,207,100,49,97
ABO,2023,2,2,6,-2.5,88.2,4.5,-4.2,3.21,-3.1,5.5,0,875.9,220,0.9,2.9,0,0,0,0,0,0,0,205,56,49,97
ABO,2023,2,2,7,-2.9,82.6,4.1,-5.4,2.92,-3.8,4.4,0,876.2,304,0.8,2.8,0,0,0,0,0,0,0,204,36,49,97
ABO,2023,2,2,8,-2.7,73.7,3.7,-6.7,2.64,-4.1,3.8,0,876.2,235,2.1,6,23,0,23,31,30,30,31,205,41,49,97
ABO,2023,2,2,9,-2.8,71.1,3.6,-7.3,2.57,-4.3,3.6,0,876.3,230,1.8,5.2,51,0,51,83,82,82,85,206,23,49,97
ABO,2023,2,2,10,-0.6,59.2,3.5,-7.6,2.49,-3,5.6,0,876.6,169,1.1,3.9,229,340,104,127,308,430,130,214,45,49,97
ABO,2023,2,2,11,0.6,58.1,3.7,-6.7,2.63,-2,7.2,0,877.5,68,2.5,5.8,399,564,166,157,387,706,160,211,40,49,97
ABO,2023,2,2,12,0.7,61.8,4,-5.8,2.85,-1.7,7.8,0,877.1,72,2.4,5.2,445,627,166,168,251,799,200,212,39,49,97
ABO,2023,2,2,13,1.3,56.9,3.8,-6.3,2.71,-1.5,8.1,0,877.2,72,2.4,5.9,453,744,133,159,154,877,390,213,13,49,97
ABO,2023,2,2,14,1.3,62.2,4.2,-5.1,2.99,-1.1,8.8,0,877.1,81,2.1,4.7,386,737,112,136,131,791,524,212,13,49,97
ABO,2023,2,2,15,1.1,61.9,4.1,-5.4,2.92,-1.3,8.4,0,877.5,108,1.5,3.6,268,662,86,97,95,608,568,210,19,49,97
ABO,2023,2,2,16,0.2,66.9,4.1,-5.2,2.92,-1.8,7.5,0,877.9,120,1.1,3.7,111,370,50,48,48,284,356,213,29,49,97
ABO,2023,2,2,17,-1.1,74.4,4.2,-5.1,2.99,-2.6,6.3,0,879,207,1.2,3.4,4,0,4,3,3,3,3,211,29,49,97
ABO,2023,2,2,18,-1.9,77.3,4.1,-5.3,2.92,-3.1,5.3,0,878.9,248,1.1,3.1,0,0,0,0,0,0,0,209,38,49,97
ABO,2023,2,2,19,-2.3,75.4,3.9,-6.1,2.77,-3.6,4.6,0,878.7,214,1.4,4.3,0,0,0,0,0,0,0,212,54,49,97
ABO,2023,2,2,20,-2.5,76.7,3.9,-6,2.77,-3.7,4.4,0,878.9,90,0.7,1.6,0,0,0,0,0,0,0,202,6,49,97
ABO,2023,2,2,21,-3.4,77.2,3.7,-6.8,2.63,-4.5,3.1,0,878.5,225,0.7,2.2,0,0,0,0,0,0,0,201,13,49,97
ABO,2023,2,2,22,-3.2,74.8,3.6,-7,2.56,-4.5,3.1,0,878.9,207,0.5,1.5,0,0,0,0,0,0,0,199,6,49,97
ABO,2023,2,2,23,-3.6,78,3.7,-6.9,2.63,-4.7,2.9,0,879.3,256,0.8,1.9,0,0,0,0,0,0,0,197,0,49,97
ABO,2023,2,3,0,-3.6,78.6,3.7,-6.8,2.63,-4.7,2.9,0,879.6,270,0.4,1.2,0,0,0,0,0,0,0,197,10,49,97
ABO,2023,2,3,1,-4,79.9,3.6,-6.9,2.55,-5,2.3,0,880.2,180,0.9,2.1,0,0,0,0,0,0,0,194,0,49,97
ABO,2023,2,3,2,-3.2,79,3.8,-6.3,2.7,-4.3,3.5,0,879.4,224,3.6,6,0,0,0,0,0,0,0,197,29,49,97
ABO,2023,2,3,3,-4.1,83.1,3.7,-6.5,2.63,-4.9,2.4,0,880.1,117,1.3,5.1,0,0,0,0,0,0,0,193,0,49,97
ABO,2023,2,3,4,-3.1,81.2,4,-5.9,2.84,-4.1,3.9,0,879.9,245,2.2,5.2,0,0,0,0,0,0,0,193,20,49,97
ABO,2023,2,3,5,-4,82.7,3.8,-6.5,2.7,-4.8,2.7,0,878.8,216,2.4,6.6,0,0,0,0,0,0,0,192,10,49,97
ABO,2023,2,3,6,-4.7,82.7,3.6,-7.2,2.56,-5.5,1.6,0,879,270,1.2,3.1,0,0,0,0,0,0,0,194,43,49,97
ABO,2023,2,3,7,-5.1,80,3.3,-8,2.34,-6,0.7,0,880.3,194,1.2,3.4,0,0,0,0,0,0,0,192,36,49,97
ABO,2023,2,3,8,-5,77.5,3.3,-8.3,2.34,-6,0.8,0,879.4,221,1.3,3.8,23,0,23,33,32,32,33,196,29,49,97
ABO,2023,2,3,9,-3.4,62.4,3,-9.5,2.13,-5.3,1.9,0,879.7,37,1.4,4.3,51,0,51,87,85,86,89,200,41,49,97
ABO,2023,2,3,10,-3.4,75,3.6,-7.2,2.55,-4.7,2.9,0,881.1,175,1.7,3.5,227,349,97,131,317,441,135,203,41,49,97
ABO,2023,2,3,11,-0.9,65.6,3.7,-6.5,2.63,-2.9,5.6,0,880.1,168,1.7,3.8,436,677,150,161,419,813,166,204,33,49,97
ABO,2023,2,3,12,2.4,46.8,3.4,-7.8,2.42,-1.2,8.4,0,879,197,1.2,2.8,493,794,136,172,266,949,208,207,29,49,97
ABO,2023,2,3,13,3.9,49.1,4,-5.8,2.84,0.2,11,0,879.6,63,2.7,5.7,475,788,132,166,160,922,407,208,31,49,97
ABO,2023,2,3,14,1.9,60.8,4.3,-4.9,3.06,-0.7,9.5,0,879,105,1.6,6.1,373,606,142,144,140,697,468,211,69,49,97
ABO,2023,2,3,15,2.9,56,4.2,-5,2.99,-0.2,10.4,0,879.1,101,1,3.3,196,227,127,99,99,289,261,213,94,49,97
ABO,2023,2,3,16,2.2,59.6,4.3,-4.8,3.06,-0.5,9.9,0,878.7,189,1,2.2,57,16,55,38,39,49,52,214,100,49,97
ABO,2023,2,3,17,0.8,69,4.4,-4.2,3.13,-1.1,8.6,0,880,85,2.1,6.5,4,0,4,3,3,3,3,214,100,49,97
ABO,2023,2,3,18,-0.4,78.5,4.6,-3.7,3.27,-1.7,7.7,0,880.4,218,1.3,3.2,0,0,0,0,0,0,0,215,100,49,97
ABO,2023,2,3,19,-0.1,75.9,4.6,-3.8,3.27,-1.5,8.1,0,879.2,199,2,6.7,0,0,0,0,0,0,0,217,100,49,97
ABO,2023,2,3,20,-0.6,77.4,4.5,-4.1,3.2,-1.9,7.4,0,880.2,67,1.8,6.4,0,0,0,0,0,0,0,222,100,49,97
ABO,2023,2,3,21,-1,79.7,4.6,-4.1,3.27,-2.2,7.1,0,879.8,216,1,4,0,0,0,0,0,0,0,226,100,49,97
ABO,2023,2,3,22,-1.6,82.3,4.5,-4.2,3.2,-2.6,6.3,0,880.4,135,1.4,3.6,0,0,0,0,0,0,0,228,100,49,97
ABO,2023,2,3,23,-1.2,79.7,4.5,-4.3,3.2,-2.4,6.8,0,879.9,207,1.2,3.7,0,0,0,0,0,0,0,224,81,49,97
ABO,2023,2,4,0,-0.9,75.8,4.3,-4.6,3.05,-2.3,6.7,0,880.5,63,1.4,4.7,0,0,0,0,0,0,0,219,84,49,97
ABO,2023,2,4,1,-1,80.7,4.6,-3.9,3.27,-2.1,7.1,0,880.8,262,1,2.3,0,0,0,0,0,0,0,222,46,50,97
ABO,2023,2,4,2,-0.6,76.9,4.5,-4.1,3.19,-1.9,7.4,0,880.7,214,1,2.8,0,0,0,0,0,0,0,220,50,50,97
ABO,2023,2,4,3,0.1,77.7,4.8,-3.3,3.41,-1.2,8.6,0,880.1,218,1.5,4.6,0,0,0,0,0,0,0,221,36,50,97
ABO,2023,2,4,4,-0.6,92.5,5.4,-1.7,3.84,-1,9,0.2,879.6,214,0.9,2.1,0,0,0,0,0,0,0,227,84,50,97
ABO,2023,2,4,5,-0.1,92.6,5.6,-1.2,3.99,-0.6,9.8,0,879.1,225,0.9,2.1,0,0,0,0,0,0,0,230,68,50,97
ABO,2023,2,4,6,0.2,94.9,5.9,-0.5,4.2,-0.1,10.7,0.1,879.1,90,1.2,4.2,0,0,0,0,0,0,0,228,70,50,97
ABO,2023,2,4,7,0.5,95,6,-0.2,4.27,0.2,11.2,0.1,879.3,63,0.7,2.9,0,0,0,0,0,0,0,235,73,50,97
ABO,2023,2,4,8,0.2,97.3,6,-0.2,4.27,0,10.9,0.4,879.8,180,0.8,1.9,36,0,36,33,33,33,33,230,68,50,97
ABO,2023,2,4,9,0.3,96.8,6,-0.1,4.27,0.1,11,0.9,880.1,233,0.6,1.3,91,0,91,88,88,88,88,236,60,50,97
ABO,2023,2,4,10,0.3,97.3,6.1,-0.1,4.34,0.1,11.1,0.6,880.5,207,0.5,1.1,203,118,158,134,207,247,134,245,81,50,97
ABO,2023,2,4,11,0.6,96.5,6.1,0.1,4.34,0.4,11.4,0.3,880.5,214,0.7,1.3,318,244,215,165,278,416,165,253,94,50,97
ABO,2023,2,4,12,1.1,94.7,6.3,0.3,4.48,0.8,12.3,0.2,880.3,214,0.5,1.3,343,243,232,179,225,439,193,250,100,50,97
ABO,2023,2,4,13,1.5,93.6,6.4,0.6,4.56,1.1,12.9,0.1,880.3,198,0.5,1.7,335,255,223,173,173,440,270,248,94,50,97
ABO,2023,2,4,14,1.8,94.3,6.6,1,4.7,1.4,13.6,0,880.2,101,0.8,2.9,293,274,189,148,148,409,309,247,100,50,97
ABO,2023,2,4,15,1.4,98.8,6.7,1.2,4.77,1.3,13.3,0.1,880.4,67,1.6,3.9,203,233,137,106,106,296,281,248,100,50,97
ABO,2023,2,4,16,1.4,98.5,6.7,1.2,4.77,1.3,13.3,0,880.6,43,1.7,3.6,91,140,67,52,52,143,171,241,100,50,97
ABO,2023,2,4,17,1.3,98.1,6.6,1,4.7,1.2,13,0,880.9,31,1.5,4.5,5,0,5,4,4,4,4,225,39,50,97
ABO,2023,2,4,18,1.2,98.3,6.5,1,4.62,1.1,12.8,0,880.9,59,1.2,2.7,0,0,0,0,0,0,0,225,25,50,97
ABO,2023,2,4,19,1,99.6,6.6,0.9,4.7,1,12.7,0,880.9,56,1.2,2.1,0,0,0,0,0,0,0,221,33,50,97
ABO,2023,2,4,20,0.7,100,6.4,0.7,4.55,0.7,12.1,0,880.9,79,0.7,2.2,0,0,0,0,0,0,0,219,0,50,97
ABO,2023,2,4,21,0.6,100,6.4,0.6,4.55,0.6,12,0,881.1,112,0.7,2.2,0,0,0,0,0,0,0,215,6,50,97
ABO,2023,2,4,22,0.5,99.5,6.3,0.4,4.48,0.5,11.7,0,881.2,63,0.9,2.2,0,0,0,0,0,0,0,209,0,50,97
ABO,2023,2,4,23,0.1,98,6,-0.2,4.26,0,10.7,0,881.4,153,0.8,2.5,0,0,0,0,0,0,0,207,30,50,97
ABO,2023,2,5,0,-0.2,100,6,-0.2,4.26,-0.2,10.4,0,881.7,162,0.5,1.3,0,0,0,0,0,0,0,205,40,50,97
ABO,2023,2,5,1,-0.2,93.4,5.6,-1.1,3.98,-0.6,9.7,0,881.4,207,0.6,2.1,0,0,0,0,0,0,0,203,13,48,97
ABO,2023,2,5,2,-0.9,90.6,5.2,-2.2,3.69,-1.4,8.3,0,880.8,202,1.3,5.4,0,0,0,0,0,0,0,202,33,48,97
ABO,2023,2,5,3,-1.6,88,4.8,-3.3,3.41,-2.2,6.9,0,880.9,45,1.3,3.4,0,0,0,0,0,0,0,200,13,48,97
ABO,2023,2,5,4,-2.6,84.1,4.3,-4.9,3.05,-3.4,5,0,880,225,1.3,3.7,0,0,0,0,0,0,0,199,0,48,97
ABO,2023,2,5,5,-3.7,87.5,4.1,-5.5,2.91,-4.3,3.5,0,880.1,34,0.7,2.1,0,0,0,0,0,0,0,198,0,48,97
ABO,2023,2,5,6,-4.4,87.1,3.8,-6.2,2.7,-5,2.3,0,880.5,243,0.6,1.4,0,0,0,0,0,0,0,196,26,48,97
ABO,2023,2,5,7,-4.7,87,3.8,-6.5,2.69,-5.3,2,0,880.9,315,0.5,1.5,0,0,0,0,0,0,0,196,36,48,97
ABO,2023,2,5,8,-4.6,84.9,3.7,-6.7,2.62,-5.3,1.9,0,881.7,243,1.2,2.7,27,0,27,35,35,35,35,201,39,48,97
ABO,2023,2,5,9,-3.2,83.7,4,-5.6,2.83,-4,3.8,0,881.8,204,1.1,3,62,0,62,89,88,88,91,204,41,48,97
ABO,2023,2,5,10,-2.3,82.7,4.3,-4.8,3.05,-3.2,5.3,0,881.9,204,1.3,3.5,207,126,159,136,214,256,136,205,58,48,97
ABO,2023,2,5,11,-1.4,80.6,4.5,-4.3,3.19,-2.5,6.5,0,881.1,208,1.8,3.5,329,249,223,167,281,424,166,205,71,48,97
ABO,2023,2,5,12,-0.7,72.5,4.2,-5,2.98,-2.3,6.7,0,880.7,180,1.3,4,375,311,232,179,230,510,204,207,53,48,97
ABO,2023,2,5,13,0.4,62.5,3.9,-5.9,2.77,-1.9,7.3,0,880.2,170,2.9,5.7,448,637,166,167,163,793,385,208,40,48,97
ABO,2023,2,5,14,0.4,56.5,3.5,-7.2,2.49,-2.3,6.6,0,878.8,174,2.9,6.1,345,482,154,143,141,585,392,215,69,48,97
ABO,2023,2,5,15,-0.3,68.3,4.1,-5.4,2.92,-2.2,7,0,878.6,90,2.3,5.3,167,98,139,99,101,180,172,221,100,48,97
ABO,2023,2,5,16,-1.6,93.9,5.1,-2.5,3.63,-1.9,7.4,0,878.1,74,1.9,4.4,100,204,66,53,53,182,229,223,94,48,97
ABO,2023,2,5,17,-1.8,96.1,5.1,-2.3,3.63,-2,7.2,0,878,58,1.5,2.9,5,0,5,5,5,5,5,223,94,48,97
ABO,2023,2,5,18,-1.9,95.2,5.1,-2.6,3.63,-2.2,7.1,0.8,877.9,57,2.1,4.2,0,0,0,0,0,0,0,224,100,48,97
ABO,2023,2,5,19,-2,95.2,5,-2.7,3.56,-2.3,6.9,1.5,877.9,50,2.4,5.2,0,0,0,0,0,0,0,223,100,48,97
ABO,2023,2,5,20,-2,94.8,5,-2.7,3.56,-2.3,6.9,0.8,878.2,53,2.3,5.7,0,0,0,0,0,0,0,222,100,48,97
ABO,2023,2,5,21,-2.4,96.4,4.9,-2.9,3.49,-2.6,6.3,0.2,878.5,47,2.3,5.9,0,0,0,0,0,0,0,220,100,48,97
ABO,2023,2,5,22,-2.6,98.5,5,-2.8,3.56,-2.7,6.2,0,878.5,73,1.5,4,0,0,0,0,0,0,0,219,100,48,97
ABO,2023,2,5,23,-2.5,97.7,5,-2.8,3.56,-2.6,6.3,0.1,878.7,47,2,5.5,0,0,0,0,0,0,0,216,94,48,97
ABO,2023,2,6,0,-2.3,95.1,4.9,-3,3.49,-2.6,6.4,0,878.6,16,2.5,4.7,0,0,0,0,0,0,0,215,94,48,97
ABO,2023,2,6,1,-2.4,95.5,4.9,-3,3.49,-2.6,6.3,0,878.8,22,3.1,6,0,0,0,0,0,0,0,212,70,48,97
ABO,2023,2,6,2,-2.5,96,4.9,-3,3.49,-2.7,6.2,0,878.6,45,2.6,5.3,0,0,0,0,0,0,0,210,38,48,97
ABO,2023,2,6,3,-2.7,98.5,4.9,-2.9,3.49,-2.8,6,0,878.3,38,2.8,5.5,0,0,0,0,0,0,0,209,38,48,97
ABO,2023,2,6,4,-2.6,93.8,4.7,-3.5,3.35,-2.9,5.7,0,878.3,27,3.2,6.5,0,0,0,0,0,0,0,201,25,48,97
ABO,2023,2,6,5,-2.8,94.7,4.7,-3.5,3.35,-3.1,5.5,0,878.4,38,2.6,5.9,0,0,0,0,0,0,0,197,38,48,97
ABO,2023,2,6,6,-3,97.2,4.8,-3.4,3.42,-3.1,5.5,0,878.6,72,2,4.1,0,0,0,0,0,0,0,198,33,48,97
ABO,2023,2,6,7,-3,97.6,4.8,-3.3,3.42,-3.1,5.5,0,878.5,87,2,3.6,0,0,0,0,0,0,0,199,43,48,97
ABO,2023,2,6,8,-3.3,97,4.7,-3.7,3.35,-3.4,5,0,878.4,72,1.2,3.2,39,0,39,36,37,36,36,196,50,48,97
ABO,2023,2,6,9,-3.1,87.3,4.2,-4.9,2.99,-3.7,4.3,0,878.3,193,1.1,3.8,102,0,102,91,92,92,91,199,56,48,97
ABO,2023,2,6,10,-2.7,76.5,3.9,-6.3,2.77,-3.9,4.2,0,878.1,191,1.6,5,210,110,168,137,206,243,137,198,55,48,97
ABO,2023,2,6,11,-2.4,76.8,3.9,-5.9,2.77,-3.6,4.5,0,878.4,114,1.3,3.1,319,207,229,168,268,382,166,199,88,48,97
ABO,2023,2,6,12,-2.4,88.2,4.5,-4.1,3.21,-3,5.6,0,877.3,103,1.1,2.3,338,193,248,180,220,390,192,199,88,48,97
ABO,2023,2,6,13,-2,74.7,3.9,-5.9,2.78,-3.4,4.9,0,877.1,114,1.3,3.6,328,198,239,174,175,384,250,200,78,48,97
ABO,2023,2,6,14,-2.2,89.6,4.6,-3.7,3.28,-2.8,6,0,876.7,66,1.8,3.5,271,170,205,148,149,313,249,201,100,48,97
ABO,2023,2,6,15,-2.6,89,4.5,-4.2,3.21,-3.2,5.4,0,876.7,69,1.8,3.4,192,155,147,106,108,233,224,203,88,48,97
ABO,2023,2,6,16,-3,89.3,4.4,-4.5,3.14,-3.5,4.8,0,876.4,87,1.8,3.9,114,276,66,56,56,231,293,205,64,48,97
ABO,2023,2,6,17,-3.2,88.1,4.3,-4.9,3.07,-3.8,4.4,0,876.6,48,2.7,5.5,6,0,6,5,5,5,5,206,94,48,97
ABO,2023,2,6,18,-3.4,86.6,4.1,-5.3,2.92,-4.1,3.8,0,876.9,39,3,6.4,0,0,0,0,0,0,0,205,100,48,97
ABO,2023,2,6,19,-3.7,85.7,4,-5.7,2.85,-4.4,3.4,0,876.1,45,2.2,5.7,0,0,0,0,0,0,0,204,100,48,97
ABO,2023,2,6,20,-4.2,87.8,4,-5.9,2.86,-4.8,2.9,0,874.7,80,1.2,2.7,0,0,0,0,0,0,0,202,100,48,97
ABO,2023,2,6,21,-4.3,90.6,4,-5.6,2.86,-4.7,2.8,0,874.6,51,2.1,6.6,0,0,0,0,0,0,0,199,100,48,97
ABO,2023,2,6,22,-4.6,93,4,-5.6,2.86,-4.9,2.5,0,873.6,40,2.7,7.1,0,0,0,0,0,0,0,197,100,48,97
ABO,2023,2,6,23,-5,90.8,3.8,-6.3,2.72,-5.4,1.7,0,872.5,42,3.3,6.6,0,0,0,0,0,0,0,193,100,48,97
ABO,2023,2,7,0,-5.7,91.9,3.7,-6.8,2.65,-6.1,0.8,0,872.3,39,3.5,7.1,0,0,0,0,0,0,0,191,100,48,97
ABO,2023,2,7,1,-6.2,92.7,3.6,-7.2,2.58,-6.5,0.1,0,872.5,50,3.1,6.3,0,0,0,0,0,0,0,190,78,49,97
ABO,2023,2,7,2,-6.3,93,3.6,-7.2,2.57,-6.6,0,0.1,873.3,58,2.4,6.4,0,0,0,0,0,0,0,185,40,49,97
ABO,2023,2,7,3,-6,82.4,3.2,-8.5,2.29,-6.8,-0.4,0,872.5,211,1.8,7.2,0,0,0,0,0,0,0,180,0,49,97
ABO,2023,2,7,4,-6.7,80.2,3,-9.5,2.14,-7.5,-1.4,0,873.2,256,3.2,9.1,0,0,0,0,0,0,0,179,0,49,97
ABO,2023,2,7,5,-7.7,86.9,3,-9.5,2.14,-8.2,-2.5,0,874.9,284,1.8,5.8,0,0,0,0,0,0,0,177,10,49,97
ABO,2023,2,7,6,-7.7,82.2,2.8,-10.2,1.99,-8.4,-2.8,0,876,265,1.5,3.9,0,0,0,0,0,0,0,174,36,49,97
ABO,2023,2,7,7,-7.8,78.9,2.7,-10.8,1.92,-8.6,-3.1,0,876.9,234,1.9,4.2,0,0,0,0,0,0,0,172,23,49,97
ABO,2023,2,7,8,-7.1,70.5,2.5,-11.5,1.78,-8.3,-2.8,0,876.9,351,1.7,4.8,26,0,26,40,39,39,40,173,26,49,97
ABO,2023,2,7,9,-6.2,62.9,2.4,-12.1,1.71,-7.8,-2,0,877,56,1.9,5.6,41,0,41,94,92,92,97,175,29,49,97
ABO,2023,2,7,10,-5.5,66.7,2.7,-10.7,1.92,-7,-0.8,0,878,214,1.3,4.1,318,569,104,140,465,631,144,177,6,49,97
ABO,2023,2,7,11,-3.4,58.9,2.8,-10.3,1.99,-5.5,1.5,0,878.2,163,1.2,2.5,464,676,168,172,449,823,177,180,40,49,97
ABO,2023,2,7,12,-1.7,48.6,2.6,-11.1,1.85,-4.6,2.9,0,878.3,170,1.2,3.1,489,629,194,186,283,827,222,183,33,49,97
ABO,2023,2,7,13,-0.4,42.3,2.5,-11.7,1.78,-3.9,4,0,877.8,124,1.4,3,514,830,138,176,170,968,435,184,0,49,97
ABO,2023,2,7,14,-0.1,39.7,2.4,-12.2,1.71,-3.8,4.1,0,877.9,99,1.6,3.7,437,802,120,151,146,858,578,184,0,49,97
ABO,2023,2,7,15,-1.4,67.2,3.7,-6.7,2.63,-3.2,5.1,0,878.6,75,2.5,4.6,308,702,99,111,108,650,619,183,0,49,97
ABO,2023,2,7,16,-3,70.2,3.5,-7.7,2.49,-4.5,3.2,0,878.5,139,1.1,3.5,137,422,58,60,58,325,416,183,29,49,97
ABO,2023,2,7,17,-4.3,66.8,3,-9.5,2.13,-5.9,1,0,878.2,210,0.9,2.8,6,0,6,6,6,6,6,183,30,49,97
ABO,2023,2,7,18,-5,66.8,2.8,-10.2,1.99,-6.5,-0.1,0,878.1,225,0.4,1.3,0,0,0,0,0,0,0,183,6,49,97
ABO,2023,2,7,19,-5.7,68.8,2.7,-10.5,1.92,-7.1,-1,0,878.1,252,0.5,1.3,0,0,0,0,0,0,0,182,0,49,97
ABO,2023,2,7,20,-6.1,68.6,2.7,-10.9,1.92,-7.4,-1.4,0,877.9,270,0.5,1.5,0,0,0,0,0,0,0,181,10,49,97
ABO,2023,2,7,21,-6.6,69.9,2.6,-11.2,1.85,-7.9,-2.1,0,877.8,270,0.6,1.7,0,0,0,0,0,0,0,180,13,49,97
ABO,2023,2,7,22,-7,69.4,2.5,-11.6,1.78,-8.2,-2.7,0,877.3,297,0.5,1.5,0,0,0,0,0,0,0,179,0,49,97
ABO,2023,2,7,23,-7.5,71.2,2.5,-11.8,1.78,-8.6,-3.2,0,876.7,252,0.5,1.5,0,0,0,0,0,0,0,178,30,49,97
ABO,2023,2,8,0,-6.7,68.4,2.6,-11.5,1.85,-8,-2.2,0,876.2,270,0.6,1.9,0,0,0,0,0,0,0,177,36,49,97
ABO,2023,2,8,1,-7.1,67.2,2.4,-12.1,1.71,-8.4,-2.9,0,876,315,0.8,2.4,0,0,0,0,0,0,0,174,0,47,97
ABO,2023,2,8,2,-7,66,2.4,-12.3,1.71,-8.4,-2.8,0,875.5,333,0.9,2.2,0,0,0,0,0,0,0,173,10,47,97
ABO,2023,2,8,3,-7.6,64.9,2.2,-13.1,1.57,-9,-3.8,0,875.3,360,0.6,1.7,0,0,0,0,0,0,0,171,0,47,97
ABO,2023,2,8,4,-7.9,65.8,2.2,-13.2,1.57,-9.2,-4.1,0,875.2,315,0.6,1.8,0,0,0,0,0,0,0,170,0,47,97
ABO,2023,2,8,5,-8.2,62.6,2.1,-14.1,1.5,-9.6,-4.6,0,875,207,0.9,3.8,0,0,0,0,0,0,0,168,0,47,97
ABO,2023,2,8,6,-8.6,64.1,2.1,-14.2,1.5,-9.9,-5,0,875.3,59,1.1,3.1,0,0,0,0,0,0,0,167,0,47,97
ABO,2023,2,8,7,-9.3,66.8,2,-14.3,1.42,-10.5,-5.9,0,875.8,194,0.6,2,0,0,0,0,0,0,0,167,20,47,97
ABO,2023,2,8,8,-9.4,63.7,1.9,-15,1.35,-10.7,-6.1,0,875.7,212,1.2,2.7,27,0,27,40,39,39,40,171,19,47,97
ABO,2023,2,8,9,-8,60,2,-14.4,1.42,-9.5,-4.5,0,876,236,0.7,2.1,110,212,45,91,236,249,95,174,29,47,97
ABO,2023,2,8,10,-5.4,49.9,2.1,-14.2,1.49,-7.7,-1.7,0,876,221,1.1,2.1,306,502,114,136,431,577,140,177,25,47,97
ABO,2023,2,8,11,-4,47.4,2.2,-13.5,1.57,-6.6,-0.1,0,875.9,107,1.3,3,468,690,162,165,442,827,170,180,36,47,97
ABO,2023,2,8,12,-3.1,43.7,2.2,-13.7,1.57,-6,0.8,0,876.1,93,1.9,3.8,517,759,158,176,277,923,213,184,13,47,97
ABO,2023,2,8,13,-2.4,48.5,2.5,-11.8,1.78,-5.2,2,0,875.5,90,2.1,3.7,521,866,124,169,163,983,430,185,6,47,97
ABO,2023,2,8,14,-2.6,64.5,3.3,-8.4,2.35,-4.5,3.2,0,875.5,76,2.5,4.3,445,836,111,146,141,874,585,184,0,47,97
ABO,2023,2,8,15,-3.1,70.5,3.4,-7.7,2.42,-4.6,2.9,0,875.8,81,2,3.9,317,736,94,108,105,667,637,182,13,47,97
ABO,2023,2,8,16,-4.3,76.2,3.4,-7.9,2.42,-5.4,1.7,0,875.9,114,1.1,2.5,142,445,57,59,58,337,435,181,33,47,97
ABO,2023,2,8,17,-5.2,68.2,2.9,-10.1,2.07,-6.6,-0.1,0,875.8,207,1,3.1,7,0,7,6,6,6,6,180,29,47,97
ABO,2023,2,8,18,-5.8,63.5,2.5,-11.6,1.78,-7.4,-1.4,0,876,72,0.6,1.8,0,0,0,0,0,0,0,178,6,47,97
ABO,2023,2,8,19,-6.6,63.5,2.3,-12.4,1.64,-8.1,-2.6,0,876.2,180,1,3.2,0,0,0,0,0,0,0,176,0,47,97
ABO,2023,2,8,20,-6.6,64.1,2.4,-12.3,1.71,-8.1,-2.4,0,875.8,270,0.7,1.9,0,0,0,0,0,0,0,175,0,47,97
ABO,2023,2,8,21,-6.6,63.7,2.4,-12.3,1.71,-8.1,-2.4,0,876.1,256,0.6,2,0,0,0,0,0,0,0,173,23,47,97
ABO,2023,2,8,22,-6.4,61.5,2.3,-12.6,1.64,-8,-2.4,0,876.1,256,0.9,3.8,0,0,0,0,0,0,0,172,0,47,97
ABO,2023,2,8,23,-6.6,61.5,2.3,-12.8,1.64,-8.2,-2.6,0,876.1,284,0.7,1.8,0,0,0,0,0,0,0,170,0,47,97
ABO,2023,2,9,0,-6.5,62.8,2.4,-12.4,1.71,-8.1,-2.3,0,876.2,315,0.5,1.6,0,0,0,0,0,0,0,169,10,47,97
ABO,2023,2,9,1,-7.2,63.2,2.3,-13,1.64,-8.7,-3.2,0,876.3,288,0.6,1.5,0,0,0,0,0,0,0,168,13,46,97
ABO,2023,2,9,2,-6.6,60.8,2.3,-12.9,1.64,-8.2,-2.6,0,876.2,284,0.6,1.5,0,0,0,0,0,0,0,168,23,46,97
ABO,2023,2,9,3,-7.3,62.4,2.2,-13.3,1.57,-8.8,-3.5,0,876,288,0.6,1.7,0,0,0,0,0,0,0,168,0,46,97
ABO,2023,2,9,4,-7.4,62.7,2.2,-13.3,1.57,-8.9,-3.6,0,876.1,288,0.5,1.7,0,0,0,0,0,0,0,168,10,46,97
ABO,2023,2,9,5,-7.5,62.2,2.2,-13.5,1.57,-9,-3.7,0,876.3,270,0.7,2.3,0,0,0,0,0,0,0,168,0,46,97
ABO,2023,2,9,6,-7.1,59.2,2.2,-13.7,1.56,-8.8,-3.3,0,876.6,297,0.7,1.9,0,0,0,0,0,0,0,168,26,46,97
ABO,2023,2,9,7,-7,59.7,2.2,-13.5,1.56,-8.7,-3.2,0,876.8,288,0.5,1.4,0,0,0,0,0,0,0,170,36,46,97
ABO,2023,2,9,8,-7.5,58.7,2.1,-14.2,1.49,-9.1,-3.9,0,877.1,270,0.5,1.7,24,0,24,40,39,40,41,173,26,46,97
ABO,2023,2,9,9,-6.3,55.1,2.1,-13.8,1.49,-8.2,-2.7,0,877.3,236,0.9,2.4,116,217,48,91,240,252,94,176,13,46,97
ABO,2023,2,9,10,-4.1,44.5,2,-14.4,1.42,-6.8,-0.6,0,877.3,214,0.9,2.8,263,310,141,137,322,419,139,179,29,46,97
ABO,2023,2,9,11,-2.5,40.9,2.1,-14,1.49,-5.7,1.2,0,877.5,156,1.2,2.6,409,441,212,170,368,609,171,182,45,46,97
ABO,2023,2,9,12,-1.2,35.7,2,-14.5,1.42,-4.9,2.3,0,877.4,97,2.4,4.7,531,818,140,174,267,961,207,186,23,46,97
ABO,2023,2,9,13,-0.7,38.2,2.2,-13.2,1.56,-4.4,3.2,0,877,83,2.8,5.8,543,968,95,166,159,1051,433,187,0,46,97
ABO,2023,2,9,14,-0.6,40.8,2.4,-12.3,1.71,-4.1,3.6,0,877.3,80,2.4,5.5,458,892,96,144,138,907,603,186,19,46,97
ABO,2023,2,9,15,-1.4,43.6,2.4,-12.2,1.71,-4.6,2.8,0,877.2,132,1.5,3.4,335,853,73,106,102,737,706,184,23,46,97
ABO,2023,2,9,16,-2.4,45.5,2.3,-12.6,1.63,-5.3,1.6,0,877.3,175,1.2,2.6,143,416,62,59,58,320,413,183,29,46,97
ABO,2023,2,9,17,-3.9,53.4,2.4,-12,1.7,-6.2,0.3,0,878.6,117,0.5,1.6,10,0,10,9,9,9,9,182,20,46,97
ABO,2023,2,9,18,-4.8,56,2.4,-12.2,1.7,-6.9,-0.6,0,878.8,243,0.8,2.4,0,0,0,0,0,0,0,180,6,46,97
ABO,2023,2,9,19,-5.7,61.2,2.5,-12,1.77,-7.4,-1.3,0,879,243,0.8,3,0,0,0,0,0,0,0,179,0,46,97
ABO,2023,2,9,20,-6.6,63.1,2.4,-12.4,1.7,-8.1,-2.4,0,879,243,0.8,2,0,0,0,0,0,0,0,178,0,46,97
ABO,2023,2,9,21,-7,64.4,2.3,-12.6,1.63,-8.5,-3,0,879.2,243,0.7,1.8,0,0,0,0,0,0,0,177,6,46,97
ABO,2023,2,9,22,-7,61.8,2.2,-13.1,1.56,-8.6,-3.2,0,880.1,27,0.7,2.3,0,0,0,0,0,0,0,176,13,46,97
ABO,2023,2,9,23,-7.5,62.3,2.2,-13.5,1.56,-9,-3.7,0,880.6,243,0.7,1.9,0,0,0,0,0,0,0,175,25,46,97
ABO,2023,2,10,0,-7.4,64.5,2.3,-12.9,1.63,-8.8,-3.4,0,881,270,0.7,2.2,0,0,0,0,0,0,0,174,0,46,97
ABO,2023,2,10,1,-7,66.1,2.4,-12.3,1.7,-8.4,-2.8,0,880.2,270,1.1,3.3,0,0,0,0,0,0,0,173,0,46,97
ABO,2023,2,10,2,-7.9,66.9,2.2,-13,1.56,-9.2,-4.1,0,880.5,225,0.7,2.7,0,0,0,0,0,0,0,172,0,46,97
ABO,2023,2,10,3,-7.1,63.8,2.3,-12.8,1.63,-8.6,-3.1,0,881,297,1.1,3.8,0,0,0,0,0,0,0,171,0,46,97
ABO,2023,2,10,4,-7.7,62.9,2.2,-13.5,1.56,-9.2,-3.9,0,880.7,315,1,4.1,0,0,0,0,0,0,0,170,0,46,97
ABO,2023,2,10,5,-6.9,58.4,2.1,-13.7,1.49,-8.6,-3.3,0,880.7,262,1.7,4.1,0,0,0,0,0,0,0,169,0,46,97
ABO,2023,2,10,6,-7.4,57.3,2,-14.4,1.42,-9.1,-4,0,880.7,288,0.8,2.3,0,0,0,0,0,0,0,169,10,46,97
ABO,2023,2,10,7,-7.1,53.9,1.9,-14.9,1.34,-9,-3.8,0,881.1,360,0.6,1.7,0,0,0,0,0,0,0,169,20,46,97
ABO,2023,2,10,8,-6.4,49.4,1.9,-15.3,1.34,-8.6,-3.1,0,881,270,0.8,2.3,23,0,23,42,41,41,43,172,23,46,97
ABO,2023,2,10,9,-5,42,1.8,-15.9,1.27,-7.7,-1.9,0,881.2,270,0.7,2.4,111,219,42,93,243,254,97,173,23,46,97
ABO,2023,2,10,10,-3.8,35.3,1.6,-16.9,1.13,-7,-1,0,881.5,121,0.9,2.5,288,321,166,142,341,419,142,175,40,46,97
ABO,2023,2,10,11,-2.7,36.4,1.8,-15.6,1.27,-6.1,0.4,0,881.7,130,0.8,1.8,414,441,215,173,373,612,174,174,36,46,97
ABO,2023,2,10,12,-0.7,30.2,1.8,-16,1.27,-4.9,2.5,0,881.3,135,1.1,2.5,532,787,151,177,275,940,214,174,13,46,97
ABO,2023,2,10,13,1,26.5,1.8,-16.1,1.27,-3.8,4.2,0,881,122,1.1,3,552,974,96,170,163,1058,439,175,6,46,97
ABO,2023,2,10,14,1,39.8,2.6,-11.1,1.84,-2.9,5.6,0,881.5,67,2.7,4.8,472,938,87,146,140,940,622,177,0,46,97
ABO,2023,2,10,15,0.1,41.9,2.6,-11.3,1.84,-3.5,4.7,0,881.5,98,1.6,3.7,331,775,88,109,106,691,662,180,19,46,97
ABO,2023,2,10,16,-1.2,47.5,2.7,-10.9,1.91,-4.2,3.5,0,882.3,126,1,2.2,147,426,63,61,60,326,425,183,25,46,97
ABO,2023,2,10,17,-2.5,56.2,2.9,-10,2.05,-4.8,2.6,0,882.7,201,0.9,2.1,10,0,10,10,10,10,10,183,13,46,97
ABO,2023,2,10,18,-3.4,53.3,2.5,-11.5,1.77,-5.8,1,0,882.2,214,0.7,3.3,0,0,0,0,0,0,0,183,0,46,97
ABO,2023,2,10,19,-3.1,51.5,2.5,-11.7,1.77,-5.6,1.3,0,882.2,270,0.7,2.5,0,0,0,0,0,0,0,184,16,46,97
ABO,2023,2,10,20,-2.9,48.1,2.4,-12.3,1.7,-5.6,1.3,0,882.8,342,0.8,2.5,0,0,0,0,0,0,0,185,29,46,97
ABO,2023,2,10,21,-2.7,45.8,2.3,-12.8,1.63,-5.6,1.3,0,882.6,225,0.7,1.9,0,0,0,0,0,0,0,186,59,46,97
ABO,2023,2,10,22,-2.9,45.4,2.3,-13.1,1.63,-5.8,1.1,0,882.4,288,0.6,1.8,0,0,0,0,0,0,0,184,28,46,97
ABO,2023,2,10,23,-2,40.4,2.1,-13.7,1.48,-5.3,1.7,0,882.4,9,1,2.5,0,0,0,0,0,0,0,182,0,46,97
ABO,2023,2,11,0,-2.7,42.7,2.1,-13.6,1.48,-5.7,1,0,882.5,225,1,2.7,0,0,0,0,0,0,0,181,0,46,97
ABO,2023,2,11,1,-2.9,43.1,2.1,-13.7,1.48,-5.9,0.8,0,882.1,236,0.6,3,0,0,0,0,0,0,0,180,0,56,97
ABO,2023,2,11,2,-2.6,43.1,2.2,-13.4,1.56,-5.6,1.2,0,881.9,270,0.8,2.6,0,0,0,0,0,0,0,180,0,56,97
ABO,2023,2,11,3,-2.1,42.5,2.2,-13.1,1.56,-5.2,1.7,0,881.3,256,0.6,2.4,0,0,0,0,0,0,0,180,0,56,97
ABO,2023,2,11,4,-1.7,42,2.3,-12.9,1.63,-4.9,2.3,0,881,292,0.8,1.9,0,0,0,0,0,0,0,179,10,56,97
ABO,2023,2,11,5,-1.2,39.8,2.2,-13.1,1.56,-4.7,2.7,0,880.9,270,0.8,2.8,0,0,0,0,0,0,0,181,20,56,97
ABO,2023,2,11,6,-0.8,37.7,2.2,-13.4,1.56,-4.5,3.1,0,880.7,297,0.6,1.8,0,0,0,0,0,0,0,180,6,56,97
ABO,2023,2,11,7,-0.6,37.2,2.2,-13.4,1.56,-4.3,3.3,0,881,297,0.8,1.7,0,0,0,0,0,0,0,184,33,56,97
ABO,2023,2,11,8,-0.7,41.9,2.4,-12,1.7,-4.1,3.5,0,881.1,304,0.6,1.9,37,0,37,50,49,49,50,193,71,56,97
ABO,2023,2,11,9,0.6,41.3,2.6,-11,1.84,-3.1,5.2,0,881.3,315,0.7,2,127,57,109,107,151,153,107,200,84,56,97
ABO,2023,2,11,10,2.5,34.7,2.5,-11.5,1.77,-2.1,6.9,0,881.8,180,0.8,2.4,360,586,128,160,493,657,164,202,56,56,97
ABO,2023,2,11,11,2.7,34.4,2.5,-11.4,1.77,-1.9,7.1,0,882.4,104,1.3,3.5,512,847,125,194,505,968,202,202,39,56,97
ABO,2023,2,11,12,4.8,26.6,2.3,-12.8,1.63,-1,8.9,0,881.6,180,0.8,2.3,547,840,136,208,306,1009,246,204,6,56,97
ABO,2023,2,11,13,6.7,22.7,2.2,-13.1,1.56,0,10.6,0,881.1,175,1.3,3.8,525,821,136,201,194,972,456,204,25,56,97
ABO,2023,2,11,14,8,23.2,2.5,-11.7,1.77,1,12.5,0,880.9,163,1.2,2.8,452,801,119,174,168,868,601,205,13,56,97
ABO,2023,2,11,15,6.4,33,3.2,-8.7,2.27,0.8,12.1,0,880.9,73,1.3,3,327,723,98,129,125,672,654,207,23,56,97
ABO,2023,2,11,16,3.7,39.9,3.2,-8.7,2.27,-0.7,9.4,0,881.2,82,1.3,3.3,150,441,60,72,70,343,447,212,23,56,97
ABO,2023,2,11,17,2.6,48.3,3.6,-7.2,2.55,-1,9,0,881.2,225,0.7,2.7,10,0,10,12,12,12,12,210,16,56,97
ABO,2023,2,11,18,2.5,50.1,3.6,-6.8,2.55,-0.9,8.9,0,881.6,256,0.6,2.5,0,0,0,0,0,0,0,210,6,56,97
ABO,2023,2,11,19,1.6,52.3,3.6,-7.1,2.55,-1.5,8,0,881.6,284,0.6,1.7,0,0,0,0,0,0,0,210,23,56,97
ABO,2023,2,11,20,1.5,53.3,3.6,-7,2.55,-1.6,7.9,0,881.6,281,0.6,1.8,0,0,0,0,0,0,0,212,43,56,97
ABO,2023,2,11,21,2,51.7,3.7,-6.9,2.62,-1.2,8.6,0,881.7,292,0.7,1.8,0,0,0,0,0,0,0,212,29,56,97
ABO,2023,2,11,22,1.3,55.4,3.7,-6.6,2.62,-1.6,7.8,0,881.6,297,0.7,2.1,0,0,0,0,0,0,0,211,13,56,97
ABO,2023,2,11,23,1.4,55.5,3.7,-6.5,2.62,-1.5,7.9,0,881.6,315,0.5,1.7,0,0,0,0,0,0,0,217,75,56,97
ABO,2023,2,12,0,1,57.5,3.8,-6.4,2.69,-1.7,7.7,0,881.4,315,0.7,1.8,0,0,0,0,0,0,0,221,94,56,97
ABO,2023,2,12,1,1.2,57.3,3.8,-6.3,2.69,-1.5,7.9,0,881.5,297,0.7,1.7,0,0,0,0,0,0,0,212,35,48,97
ABO,2023,2,12,2,1,59.2,3.9,-6.1,2.77,-1.6,7.9,0,881.2,281,0.7,1.8,0,0,0,0,0,0,0,212,36,48,97
ABO,2023,2,12,3,1.2,57.8,3.9,-6.2,2.77,-1.5,8.1,0,880.9,270,0.6,1.7,0,0,0,0,0,0,0,213,38,48,97
ABO,2023,2,12,4,2,56.9,4,-5.6,2.84,-0.9,9.1,0,880.8,288,0.6,1.7,0,0,0,0,0,0,0,219,78,48,97
ABO,2023,2,12,5,1.7,59.5,4.1,-5.3,2.91,-0.9,9,0,880.8,292,0.7,2.1,0,0,0,0,0,0,0,211,33,48,97
ABO,2023,2,12,6,1.6,61.4,4.2,-5,2.98,-0.9,9,0,880.6,284,0.6,1.7,0,0,0,0,0,0,0,209,33,48,97
ABO,2023,2,12,7,1.4,64.5,4.3,-4.5,3.05,-0.9,9,0,880.7,301,0.8,1.7,0,0,0,0,0,0,0,213,38,48,97
ABO,2023,2,12,8,2.2,62.3,4.5,-4.3,3.19,-0.3,10.2,0,880.7,297,0.5,1.6,31,0,31,45,44,44,45,218,56,48,97
ABO,2023,2,12,9,2.9,59.7,4.5,-4.2,3.19,0.1,10.9,0,880.8,252,0.7,2.2,111,197,47,97,234,242,101,218,33,48,97
ABO,2023,2,12,10,5.4,50.3,4.5,-4.1,3.19,1.5,13.4,0,880.9,215,1.3,2.5,328,519,120,143,446,590,147,221,36,48,97
ABO,2023,2,12,11,5.9,49.6,4.6,-3.8,3.27,1.9,14.1,0,880.8,135,0.8,2.1,486,720,153,172,457,847,177,223,23,48,97
ABO,2023,2,12,12,7.2,45.2,4.6,-3.9,3.27,2.5,15.4,0,880.2,108,1.1,3.3,541,812,141,183,281,960,220,221,0,48,97
ABO,2023,2,12,13,7.7,42.6,4.5,-4.2,3.2,2.7,15.8,0,879.9,94,1.7,3.3,527,828,131,177,171,951,432,222,13,48,97
ABO,2023,2,12,14,7.3,46.5,4.8,-3.4,3.41,2.7,15.9,0,880,81,1.9,3.6,452,789,120,154,149,838,576,223,0,48,97
ABO,2023,2,12,15,6.1,51.1,4.8,-3.2,3.41,2.2,14.7,0,880.2,100,1.3,2.9,331,733,96,115,111,663,646,222,19,48,97
ABO,2023,2,12,16,4.7,57.2,4.9,-3,3.48,1.5,13.4,0,880.3,121,0.7,1.6,155,461,59,65,64,347,457,221,25,48,97
ABO,2023,2,12,17,2.3,67.1,4.8,-3.2,3.41,0.1,10.8,0,880.9,162,0.6,1.3,11,0,11,12,12,12,12,217,16,48,97
ABO,2023,2,12,18,1.7,68.1,4.7,-3.5,3.34,-0.4,10,0,880.9,221,0.9,1.9,0,0,0,0,0,0,0,213,0,48,97
ABO,2023,2,12,19,2.2,65.8,4.7,-3.5,3.34,-0.1,10.5,0,880.9,236,0.9,2.6,0,0,0,0,0,0,0,211,0,48,97
ABO,2023,2,12,20,3,63,4.8,-3.3,3.41,0.5,11.5,0,880.9,270,0.5,1.6,0,0,0,0,0,0,0,212,13,48,97
ABO,2023,2,12,21,3,61.5,4.7,-3.7,3.34,0.3,11.4,0,881,284,0.6,1.7,0,0,0,0,0,0,0,210,13,48,97
ABO,2023,2,12,22,3.3,59.2,4.6,-3.9,3.26,0.4,11.5,0,881.1,304,0.8,2.4,0,0,0,0,0,0,0,209,0,48,97
ABO,2023,2,12,23,3.3,58.4,4.5,-4.1,3.19,0.4,11.3,0,881.5,346,0.7,1.7,0,0,0,0,0,0,0,209,0,48,97
ABO,2023,2,13,0,2.7,59,4.4,-4.5,3.12,-0.1,10.5,0,882,72,0.9,2.4,0,0,0,0,0,0,0,210,33,48,97
ABO,2023,2,13,1,2.4,60.6,4.4,-4.4,3.12,-0.3,10.2,0,881.8,284,0.6,1.9,0,0,0,0,0,0,0,207,0,43,97
ABO,2023,2,13,2,3.3,56,4.3,-4.6,3.05,0.2,10.9,0,881.9,288,0.6,1.9,0,0,0,0,0,0,0,209,13,43,97
ABO,2023,2,13,3,3.2,55.3,4.3,-4.9,3.05,0,10.8,0,882,270,0.7,2.1,0,0,0,0,0,0,0,205,0,43,97
ABO,2023,2,13,4,3,54.8,4.1,-5.2,2.9,-0.2,10.3,0,882.1,288,0.7,1.8,0,0,0,0,0,0,0,205,0,43,97
ABO,2023,2,13,5,3.2,51.9,4,-5.7,2.83,-0.2,10.3,0,882.3,304,0.7,2.2,0,0,0,0,0,0,0,204,0,43,97
ABO,2023,2,13,6,3.3,49.2,3.8,-6.3,2.69,-0.3,10,0,882.6,297,0.6,1.6,0,0,0,0,0,0,0,203,10,43,97
ABO,2023,2,13,7,3.2,47.6,3.7,-6.8,2.62,-0.5,9.8,0,882.8,315,0.7,2.3,3,0,3,3,3,3,3,204,6,43,97
ABO,2023,2,13,8,3.3,46.1,3.6,-7.2,2.55,-0.6,9.7,0,883.1,297,0.7,2.2,27,0,27,46,45,45,47,207,6,43,97
ABO,2023,2,13,9,4.3,40.4,3.4,-8,2.4,-0.2,10.3,0,883.1,248,0.8,2.6,96,103,62,97,174,178,99,208,19,43,97
ABO,2023,2,13,10,6.8,34.5,3.4,-7.8,2.4,1.2,12.9,0,883.1,218,1.7,3.2,403,696,133,134,567,715,138,211,39,43,97
ABO,2023,2,13,11,8.7,30.6,3.5,-7.6,2.47,2.3,15,0,883.1,180,0.9,2.1,443,509,205,167,392,667,169,212,36,43,97
ABO,2023,2,13,12,9.6,28.1,3.4,-8,2.4,2.6,15.7,0,882.9,122,1,2.2,549,820,141,171,270,952,204,213,25,43,97
ABO,2023,2,13,13,10,27.8,3.4,-7.7,2.4,2.9,16.1,0,882.8,93,2,3.5,568,958,104,166,160,1039,440,211,25,43,97
ABO,2023,2,13,14,9.8,29.8,3.6,-7,2.55,3,16.3,0,882.8,108,2.3,4.9,492,942,92,145,139,938,628,212,6,43,97
ABO,2023,2,13,15,9.1,30.6,3.5,-7.3,2.48,2.5,15.4,0,882.9,117,1.7,3.8,346,781,91,108,105,687,671,211,25,43,97
ABO,2023,2,13,16,7.7,38,4,-5.7,2.83,2.3,14.8,0,882.7,261,0.9,1.6,163,492,57,62,61,361,478,210,19,43,97
ABO,2023,2,13,17,5.5,42,3.8,-6.4,2.69,0.9,12.3,0,882.7,301,0.7,1.5,14,0,14,11,12,11,11,207,13,43,97
ABO,2023,2,13,18,4.4,43.7,3.6,-6.9,2.55,0.1,10.8,0,882.9,284,0.6,1.5,0,0,0,0,0,0,0,206,0,43,97
ABO,2023,2,13,19,3.3,46.7,3.6,-7,2.55,-0.5,9.7,0,882.8,297,0.6,1.7,0,0,0,0,0,0,0,205,0,43,97
ABO,2023,2,13,20,3.4,45.8,3.6,-7.2,2.55,-0.5,9.8,0,882.8,281,0.6,2,0,0,0,0,0,0,0,204,19,43,97
ABO,2023,2,13,21,3.2,47.3,3.6,-6.9,2.55,-0.5,9.6,0,882.9,297,0.8,1.8,0,0,0,0,0,0,0,202,6,43,97
ABO,2023,2,13,22,3,47.3,3.6,-7.1,2.55,-0.7,9.4,0,882.8,292,0.7,1.9,0,0,0,0,0,0,0,200,10,43,97
ABO,2023,2,13,23,2.8,47.5,3.6,-7.2,2.55,-0.9,9.2,0,882.9,281,0.6,1.7,0,0,0,0,0,0,0,198,30,43,97
ABO,2023,2,14,0,2.8,47.1,3.5,-7.4,2.48,-0.9,9,0,882.8,286,0.8,1.9,0,0,0,0,0,0,0,198,30,43,97
ABO,2023,2,14,1,2.5,48.9,3.6,-7.1,2.55,-1,8.9,0,882.6,281,0.6,1.6,0,0,0,0,0,0,0,195,0,47,97
ABO,2023,2,14,2,2.7,47.5,3.5,-7.3,2.48,-0.9,8.9,0,882.6,301,0.7,1.7,0,0,0,0,0,0,0,195,16,47,97
ABO,2023,2,14,3,2.4,49.1,3.6,-7.2,2.55,-1.1,8.8,0,882.1,281,0.7,1.7,0,0,0,0,0,0,0,196,0,47,97
ABO,2023,2,14,4,2.1,50.7,3.6,-7,2.55,-1.2,8.5,0,881.9,281,0.7,2,0,0,0,0,0,0,0,194,0,47,97
ABO,2023,2,14,5,2.6,47.9,3.5,-7.3,2.48,-1,8.8,0,881.9,292,0.8,2.1,0,0,0,0,0,0,0,194,0,47,97
ABO,2023,2,14,6,2.2,49.1,3.5,-7.4,2.48,-1.3,8.4,0,881.8,284,0.6,1.6,0,0,0,0,0,0,0,193,0,47,97
ABO,2023,2,14,7,2.1,49.6,3.5,-7.3,2.48,-1.3,8.3,0,882,307,0.7,2,4,0,4,3,3,3,3,193,6,47,97
ABO,2023,2,14,8,2.5,48.5,3.5,-7.2,2.48,-1,8.7,0,881.9,315,0.7,1.8,28,0,28,49,48,48,50,194,19,47,97
ABO,2023,2,14,9,3.2,44.1,3.4,-7.8,2.41,-0.8,9.2,0,881.8,219,0.9,3.1,119,213,48,101,248,255,105,195,29,47,97
ABO,2023,2,14,10,6,35.9,3.4,-8,2.41,0.7,12.1,0,881.6,220,1.8,3.1,402,634,151,148,548,689,151,198,33,47,97
ABO,2023,2,14,11,7.8,35.1,3.7,-6.7,2.62,2,14.4,0,881.3,180,0.9,1.8,501,714,162,177,453,846,182,194,33,47,97
ABO,2023,2,14,12,9,29.8,3.4,-7.7,2.41,2.4,15.1,0,880.6,135,0.9,2.1,586,944,111,186,282,1060,224,198,13,47,97
ABO,2023,2,14,13,9.7,29,3.5,-7.5,2.48,2.8,16,0,880.3,77,2.3,3.6,479,559,206,186,183,738,387,194,29,47,97
ABO,2023,2,14,14,9.1,31,3.6,-7.1,2.55,2.6,15.6,0,880.2,75,2.3,3.8,463,777,131,158,153,828,583,197,19,47,97
ABO,2023,2,14,15,8.2,32.4,3.5,-7.3,2.48,2.1,14.5,0,880.1,106,1.6,3.1,350,771,95,118,115,688,676,203,29,47,97
ABO,2023,2,14,16,7,41.4,4.2,-5.2,2.98,2,14.5,0,880.1,225,0.6,1.3,165,471,62,69,67,355,471,202,29,47,97
ABO,2023,2,14,17,5.4,46.3,4.1,-5.2,2.91,1.2,12.7,0,880,304,0.5,1.3,13,0,13,13,13,13,13,203,13,47,97
ABO,2023,2,14,18,4,50.2,4.1,-5.4,2.91,0.3,11.3,0,880,281,0.6,1.6,0,0,0,0,0,0,0,203,26,47,97
ABO,2023,2,14,19,4,49.1,4,-5.7,2.84,0.3,11.1,0,879.8,288,0.6,1.5,0,0,0,0,0,0,0,203,40,47,97
ABO,2023,2,14,20,3.8,49,3.9,-5.9,2.77,0.1,10.7,0,879.6,288,0.7,2.4,0,0,0,0,0,0,0,203,23,47,97
ABO,2023,2,14,21,3.8,48.3,3.9,-6.1,2.77,0,10.8,0,879.3,281,0.7,1.8,0,0,0,0,0,0,0,202,0,47,97
ABO,2023,2,14,22,3.5,48.9,3.8,-6.2,2.7,-0.2,10.3,0,879,270,0.7,1.8,0,0,0,0,0,0,0,202,0,47,97
ABO,2023,2,14,23,3.5,47.6,3.8,-6.6,2.7,-0.3,10.3,0,878.7,307,0.6,1.7,0,0,0,0,0,0,0,201,0,47,97
ABO,2023,2,15,0,4,43.4,3.5,-7.3,2.49,-0.2,10.2,0,878.4,279,0.9,2,0,0,0,0,0,0,0,199,16,47,97
ABO,2023,2,15,1,4,43.4,3.5,-7.3,2.49,-0.2,10.2,0,878.2,284,0.8,2.2,0,0,0,0,0,0,0,197,0,42,97
ABO,2023,2,15,2,3.6,43.8,3.5,-7.6,2.49,-0.5,9.8,0,878.1,284,0.8,2.3,0,0,0,0,0,0,0,198,16,42,97
ABO,2023,2,15,3,3.1,45.8,3.5,-7.4,2.49,-0.7,9.3,0,878,281,0.7,2.1,0,0,0,0,0,0,0,198,0,42,97
ABO,2023,2,15,4,3.2,45.5,3.5,-7.4,2.49,-0.7,9.4,0,877.9,270,0.7,1.7,0,0,0,0,0,0,0,198,0,42,97
ABO,2023,2,15,5,3.2,45.7,3.5,-7.4,2.49,-0.7,9.4,0,877.8,281,0.6,1.4,0,0,0,0,0,0,0,198,16,42,97
ABO,2023,2,15,6,3.3,44.7,3.5,-7.6,2.49,-0.7,9.5,0,877.7,281,0.7,2,0,0,0,0,0,0,0,198,20,42,97
ABO,2023,2,15,7,3.5,43.8,3.4,-7.6,2.42,-0.6,9.6,0,877.9,270,0.7,2.2,4,0,4,3,3,3,3,200,26,42,97
ABO,2023,2,15,8,3.3,45.4,3.5,-7.4,2.49,-0.6,9.5,0,878.1,281,0.7,1.8,29,0,29,47,46,46,48,203,25,42,97
ABO,2023,2,15,9,4.2,41.4,3.4,-7.7,2.42,-0.2,10.3,0,877.8,239,0.8,2.9,178,310,80,99,335,327,102,204,29,42,97
ABO,2023,2,15,10,7.7,29.6,3.1,-8.9,2.2,1.4,13.3,0,877.7,208,1.8,3.7,379,528,165,137,472,594,138,208,40,42,97
ABO,2023,2,15,11,9.5,27.1,3.2,-8.5,2.28,2.4,15.3,0,877.2,176,1.5,4,491,670,170,160,437,794,163,210,33,42,97
ABO,2023,2,15,12,10.8,24.4,3.2,-8.7,2.28,3,16.6,0,876.5,165,1.6,3.1,577,907,116,166,266,1009,201,215,25,42,97
ABO,2023,2,15,13,11.2,27.6,3.7,-6.8,2.64,3.7,17.9,0,876.4,98,1.8,3.6,558,905,111,160,154,985,425,218,13,42,97
ABO,2023,2,15,14,10,33.8,4.1,-5.2,2.92,3.6,17.4,0,876.5,68,2.3,4.2,482,877,101,140,135,879,599,211,0,42,97
ABO,2023,2,15,15,8.7,35.7,4,-5.6,2.85,2.8,15.9,0,876.7,102,1.6,3.1,355,800,85,106,102,691,679,213,0,42,97
ABO,2023,2,15,16,7.6,40.9,4.2,-4.8,2.99,2.5,15.2,0,876.5,180,0.7,2.4,162,443,64,63,62,332,444,214,19,42,97
ABO,2023,2,15,17,6.2,45.4,4.3,-4.7,3.07,1.8,13.9,0,876.9,297,0.6,1.4,12,0,12,13,13,13,13,214,19,42,97
ABO,2023,2,15,18,5.1,47.2,4.2,-5.2,2.99,1,12.6,0,877.4,304,0.5,1.2,0,0,0,0,0,0,0,215,46,42,97
ABO,2023,2,15,19,4.4,49.2,4.1,-5.3,2.92,0.6,11.7,0,877.7,297,0.6,1.5,0,0,0,0,0,0,0,213,35,42,97
ABO,2023,2,15,20,3.8,51.1,4.1,-5.4,2.92,0.2,11.1,0,877.6,270,0.6,1.4,0,0,0,0,0,0,0,210,40,42,97
ABO,2023,2,15,21,3.3,52.7,4.1,-5.4,2.92,0,10.6,0,877.4,284,0.6,1.9,0,0,0,0,0,0,0,211,48,42,97
ABO,2023,2,15,22,3.7,51,4.1,-5.5,2.92,0.1,11,0,877.2,281,0.6,1.8,0,0,0,0,0,0,0,210,34,42,97
ABO,2023,2,15,23,3.2,52.1,4,-5.7,2.85,-0.2,10.3,0,877.2,297,0.7,1.8,0,0,0,0,0,0,0,210,59,42,97
ABO,2023,2,16,0,2.8,52.5,3.9,-5.9,2.78,-0.5,9.8,0,877.3,304,0.7,2,0,0,0,0,0,0,0,207,33,42,97
ABO,2023,2,16,1,2.8,52.2,3.9,-6,2.78,-0.5,9.8,0,877.1,281,0.9,2.3,0,0,0,0,0,0,0,205,29,40,97
ABO,2023,2,16,2,2.6,51.4,3.8,-6.4,2.71,-0.7,9.4,0,876.9,270,0.8,2.3,0,0,0,0,0,0,0,205,23,40,97
ABO,2023,2,16,3,2.7,50.7,3.8,-6.5,2.71,-0.7,9.5,0,876.7,323,1,2,0,0,0,0,0,0,0,203,0,40,97
ABO,2023,2,16,4,1.8,54.3,3.8,-6.4,2.71,-1.2,8.6,0,876.8,315,0.6,1.6,0,0,0,0,0,0,0,204,39,40,97
ABO,2023,2,16,5,1.6,55.1,3.8,-6.4,2.71,-1.3,8.4,0,876.5,256,0.6,1.9,0,0,0,0,0,0,0,203,43,40,97
ABO,2023,2,16,6,2.2,52.2,3.7,-6.6,2.64,-1,8.8,0,876.6,342,0.9,2.7,0,0,0,0,0,0,0,204,68,40,97
ABO,2023,2,16,7,1.9,52.5,3.7,-6.8,2.64,-1.3,8.5,0,877,342,0.8,2,5,0,5,3,3,3,3,203,56,40,97
ABO,2023,2,16,8,1.8,53.2,3.7,-6.7,2.63,-1.3,8.4,0,877.4,333,0.8,2.2,28,0,28,47,46,47,49,205,29,40,97
ABO,2023,2,16,9,1.9,50.7,3.5,-7.2,2.49,-1.4,8.1,0,877.4,218,1.4,3.1,186,316,84,99,342,333,101,208,29,40,97
ABO,2023,2,16,10,4.5,44,3.7,-6.7,2.63,0.3,11.1,0,877.7,202,1.1,2.1,340,361,192,137,376,459,136,210,45,40,97
ABO,2023,2,16,11,6.3,39.2,3.7,-6.6,2.63,1.3,12.9,0,877.8,138,1.2,2.7,443,482,210,161,370,630,163,212,36,40,97
ABO,2023,2,16,12,7.7,31.4,3.3,-8.2,2.35,1.6,13.6,0,877.2,139,1.1,2.5,628,924,153,174,289,1058,219,214,6,40,97
ABO,2023,2,16,13,9.2,28.1,3.3,-8.3,2.35,2.3,15.2,0,876.9,107,1.3,3.9,629,981,140,171,164,1083,478,217,25,40,97
ABO,2023,2,16,14,8.8,34.1,3.9,-6.1,2.78,2.7,15.8,0,876.7,70,3,5.3,513,855,134,146,141,888,606,220,33,40,97
ABO,2023,2,16,15,8.1,34,3.7,-6.8,2.64,2.2,14.8,0,876.7,72,2.1,4.3,345,714,102,104,101,631,626,223,40,40,97
ABO,2023,2,16,16,6.6,38.5,3.8,-6.5,2.71,1.5,13.4,0,876.9,104,1.2,2.9,152,304,78,62,62,253,318,225,50,40,97
ABO,2023,2,16,17,5.3,44.4,3.9,-5.8,2.78,0.9,12.3,0,877.1,262,0.8,1.6,16,0,16,13,13,13,12,225,50,40,97
ABO,2023,2,16,18,3.4,50.5,3.9,-5.9,2.78,-0.1,10.4,0,877.4,326,0.9,2.1,0,0,0,0,0,0,0,228,68,40,97
ABO,2023,2,16,19,3.6,45.9,3.7,-7,2.63,-0.3,10.2,0,877.4,239,0.9,2.6,0,0,0,0,0,0,0,226,75,40,97
ABO,2023,2,16,20,3.7,44.8,3.6,-7.2,2.56,-0.3,10.1,0,877.7,262,1.2,4.1,0,0,0,0,0,0,0,223,48,40,97
ABO,2023,2,16,21,5.5,33.8,3.1,-9.2,2.2,0.2,11,0,877.9,241,3.3,5.9,0,0,0,0,0,0,0,223,65,40,97
ABO,2023,2,16,22,3.8,44.8,3.6,-7.1,2.56,-0.3,10.2,0,877.6,198,1.1,4,0,0,0,0,0,0,0,224,90,40,97
ABO,2023,2,16,23,5.7,33.8,3.1,-9,2.2,0.3,11.3,0,877.6,247,2.5,6,0,0,0,0,0,0,0,221,94,40,97
ABO,2023,2,17,0,4.1,42.1,3.4,-7.6,2.42,-0.2,10.2,0,878,270,1.7,4.4,0,0,0,0,0,0,0,216,71,40,97
ABO,2023,2,17,1,3.3,45.9,3.6,-7.2,2.56,-0.6,9.7,0,877.9,256,1,2.7,0,0,0,0,0,0,0,218,44,39,97
ABO,2023,2,17,2,5.6,33,3,-9.4,2.13,0.2,11,0,877.8,245,3.9,6.9,0,0,0,0,0,0,0,221,94,39,97
ABO,2023,2,17,3,6.4,28.8,2.8,-10.4,1.99,0.4,11.4,0,877.3,247,3.9,6.8,0,0,0,0,0,0,0,221,94,39,97
ABO,2023,2,17,4,5.6,35.1,3.1,-8.6,2.2,0.4,11.2,0,877.6,260,2.2,5.6,0,0,0,0,0,0,0,226,88,39,97
ABO,2023,2,17,5,4.2,42.3,3.5,-7.5,2.49,-0.1,10.5,0,877.6,240,1.4,2.9,0,0,0,0,0,0,0,227,100,39,97
ABO,2023,2,17,6,4.1,46.4,3.8,-6.4,2.71,0.1,10.9,0,877.4,242,2.2,5.7,0,0,0,0,0,0,0,237,94,39,97
ABO,2023,2,17,7,5.8,38,3.5,-7.4,2.49,0.8,12.1,0,877.7,281,1.9,6.9,5,0,5,3,3,3,3,241,94,39,97
ABO,2023,2,17,8,6.4,37.7,3.6,-7,2.56,1.2,12.9,0,878.2,243,2.2,6.4,58,0,58,38,39,39,37,247,94,39,97
ABO,2023,2,17,9,5.3,47.8,4.3,-4.9,3.06,1.2,13,0,878.4,90,0.7,2.4,126,21,119,76,95,93,73,249,100,39,97
ABO,2023,2,17,10,7.1,42.8,4.3,-4.7,3.06,2.2,14.8,0,879,227,2.3,5.8,71,0,71,44,45,45,43,253,100,39,97
ABO,2023,2,17,11,6.9,39.7,4,-5.9,2.84,1.8,14.1,0,879.3,81,0.9,3.7,95,2,94,58,61,62,57,261,100,39,97
ABO,2023,2,17,12,9.6,38.6,4.6,-3.8,3.27,3.8,17.9,0,878.6,222,3,5.7,221,21,210,132,140,157,129,261,100,39,97
ABO,2023,2,17,13,10.4,41.9,5.3,-2,3.78,4.8,20,0,878.2,211,3.3,6,149,3,147,92,95,98,90,269,100,39,97
ABO,2023,2,17,14,11.3,38.9,5.2,-2.2,3.71,5.1,20.7,0,878,225,3.4,6.7,232,118,182,118,121,226,195,263,100,39,97
ABO,2023,2,17,15,9.7,42,5,-2.6,3.56,4.2,18.7,0,878.4,90,2.5,4.7,121,40,106,68,69,103,96,265,88,39,97
ABO,2023,2,17,16,7.5,50.2,5.2,-2.2,3.7,3.2,16.8,0,878.9,96,1.2,3.3,44,0,44,27,28,28,27,260,100,39,97
ABO,2023,2,17,17,6.8,55.7,5.5,-1.4,3.92,3.2,16.7,0,879.1,196,0.8,2.2,6,0,6,4,4,4,4,260,100,39,97
ABO,2023,2,17,18,6,60.6,5.7,-1,4.06,2.9,16.2,0,879.2,217,0.8,2.7,0,0,0,0,0,0,0,257,94,39,97
ABO,2023,2,17,19,6.1,63.5,6,-0.3,4.27,3.2,16.9,0,879.3,211,0.8,2.2,0,0,0,0,0,0,0,242,61,39,97
ABO,2023,2,17,20,6.4,63,6.1,-0.1,4.34,3.4,17.3,0,879.4,246,1.5,4.2,0,0,0,0,0,0,0,237,48,39,97
ABO,2023,2,17,21,6,64.5,6,-0.2,4.27,3.2,16.7,0,879.5,27,0.9,2.9,0,0,0,0,0,0,0,238,23,39,97
ABO,2023,2,17,22,4.9,68.4,5.9,-0.4,4.2,2.5,15.5,0,879.4,270,0.8,2.8,0,0,0,0,0,0,0,238,23,39,97
ABO,2023,2,17,23,5.9,63.4,5.9,-0.5,4.2,3,16.5,0,879.5,242,2.4,5.5,0,0,0,0,0,0,0,237,29,39,97
ABO,2023,2,18,0,5.4,65.8,5.9,-0.5,4.2,2.8,16,0,879.2,243,1.2,4.8,0,0,0,0,0,0,0,234,45,39,97
ABO,2023,2,18,1,4.5,69.7,5.9,-0.5,4.2,2.3,15.1,0,878.9,286,0.8,2.5,0,0,0,0,0,0,0,228,30,37,97
ABO,2023,2,18,2,4.1,71.2,5.8,-0.6,4.13,2,14.5,0,878.8,45,0.6,1.6,0,0,0,0,0,0,0,223,38,37,97
ABO,2023,2,18,3,3.8,72.3,5.8,-0.7,4.13,1.8,14.2,0,878.3,297,0.7,1.9,0,0,0,0,0,0,0,228,33,37,97
ABO,2023,2,18,4,3.4,72.5,5.7,-1.1,4.06,1.5,13.6,0,878,45,0.8,3.1,0,0,0,0,0,0,0,226,36,37,97
ABO,2023,2,18,5,3.1,73.6,5.6,-1.1,3.99,1.3,13.1,0,878.3,297,0.8,2.2,0,0,0,0,0,0,0,232,56,37,97
ABO,2023,2,18,6,2.9,74.2,5.6,-1.2,3.99,1.2,12.9,0,877.8,315,0.7,1.8,0,0,0,0,0,0,0,234,51,37,97
ABO,2023,2,18,7,3.5,70.2,5.5,-1.4,3.92,1.4,13.3,0,877.5,297,0.9,3.3,5,0,5,4,4,4,4,226,10,37,97
ABO,2023,2,18,8,4.5,60.3,5.1,-2.5,3.63,1.6,13.6,0,877.8,40,1.1,3,35,0,35,52,51,51,52,235,23,37,97
ABO,2023,2,18,9,4.8,57.4,5,-2.9,3.56,1.6,13.8,0,877.8,207,1.2,2.8,163,148,112,94,209,209,94,239,40,37,97
ABO,2023,2,18,10,6.3,53.9,5.2,-2.3,3.71,2.6,15.6,0,877.7,153,0.8,1.9,424,710,131,124,567,703,127,242,40,37,97
ABO,2023,2,18,11,8.9,46.7,5.3,-1.9,3.78,4.1,18.4,0,877.8,111,1.2,4.3,494,675,163,146,426,770,149,248,54,37,97
ABO,2023,2,18,12,9.3,54,6.3,0.5,4.5,5.1,20.7,0,877.7,72,3,4.9,600,958,97,151,247,1021,184,258,53,37,97
ABO,2023,2,18,13,9.9,50,6.1,0,4.36,5.2,20.9,0,877.1,127,1.2,2.8,576,904,116,149,144,967,421,250,33,37,97
ABO,2023,2,18,14,12.1,38.2,5.4,-1.7,3.86,5.7,21.9,0,876.6,117,1.1,2.9,549,933,129,143,138,941,652,247,30,37,97
ABO,2023,2,18,15,12.6,33.8,4.9,-2.9,3.5,5.5,21.5,0,876.4,161,2.4,5.6,375,853,76,98,94,706,707,242,29,37,97
ABO,2023,2,18,16,10.1,52,6.4,0.7,4.58,5.6,21.7,0,876,135,1,3.3,182,548,53,60,58,380,527,235,19,37,97
ABO,2023,2,18,17,8.9,46.1,5.2,-2.1,3.71,4,18.3,0,875.9,265,1.4,5,18,0,18,14,14,14,13,232,26,37,97
ABO,2023,2,18,18,7.9,47.7,5.1,-2.5,3.64,3.3,17.1,0,876.1,257,1.8,4.4,0,0,0,0,0,0,0,229,33,37,97
ABO,2023,2,18,19,7.8,46.7,4.9,-2.9,3.5,3.2,16.6,0,876,246,2.5,5.3,0,0,0,0,0,0,0,228,45,37,97
ABO,2023,2,18,20,7.9,44.4,4.7,-3.5,3.36,3,16.4,0,876,243,3,5.2,0,0,0,0,0,0,0,227,44,37,97
ABO,2023,2,18,21,8,42.5,4.6,-4,3.28,2.9,16.3,0,876,238,4.1,6.4,0,0,0,0,0,0,0,225,43,37,97
ABO,2023,2,18,22,7.5,42.6,4.4,-4.4,3.14,2.5,15.4,0,875.8,240,3.4,6.2,0,0,0,0,0,0,0,223,31,37,97
ABO,2023,2,18,23,6.5,42.3,4.1,-5.4,2.93,1.7,13.9,0,875.7,239,2.5,5.5,0,0,0,0,0,0,0,221,19,37,97
ABO,2023,2,19,0,7.5,37.4,3.9,-6.1,2.78,2,14.5,0,875.7,248,3.6,6.6,0,0,0,0,0,0,0,220,0,37,97
ABO,2023,2,19,1,8.4,34.4,3.8,-6.4,2.71,2.4,15.3,0,875.6,256,4.3,7.3,0,0,0,0,0,0,0,217,0,36,97
ABO,2023,2,19,2,7.3,38.1,3.9,-6,2.78,2,14.3,0,875.6,254,3.4,6.5,0,0,0,0,0,0,0,220,20,36,97
ABO,2023,2,19,3,7.4,38.2,3.9,-5.9,2.78,2,14.4,0,875.2,249,3.5,5.9,0,0,0,0,0,0,0,223,34,36,97
ABO,2023,2,19,4,7.4,35.4,3.7,-6.9,2.64,1.8,14.1,0,874.8,259,3.7,5.9,0,0,0,0,0,0,0,230,59,36,97
ABO,2023,2,19,5,7.2,33.4,3.4,-7.8,2.43,1.4,13.3,0,874.8,257,3.3,6.1,0,0,0,0,0,0,0,230,50,36,97
ABO,2023,2,19,6,7.1,34.5,3.5,-7.5,2.5,1.5,13.4,0,874.9,249,3.1,6.5,0,0,0,0,0,0,0,227,38,36,97
ABO,2023,2,19,7,8.2,31.4,3.4,-7.7,2.43,2,14.3,0,875,250,4.4,8.4,1,0,1,1,1,1,1,240,100,36,97
ABO,2023,2,19,8,8.3,32.3,3.5,-7.3,2.5,2.1,14.6,0,875.3,243,3.4,6.6,33,0,33,50,49,49,51,236,54,36,97
ABO,2023,2,19,9,6.1,50,4.5,-3.5,3.21,2.1,14.2,0,876,230,3.4,6.4,251,424,106,96,421,409,97,237,45,36,97
ABO,2023,2,19,10,3.1,77.5,5.9,-0.4,4.22,1.6,13.7,0,876.2,149,0.9,2.4,457,710,156,131,581,729,134,238,43,36,97
ABO,2023,2,19,11,5.7,65.5,6,-0.3,4.29,3,16.5,0,876.1,146,1.2,3.2,482,612,173,146,379,716,149,236,26,36,97
ABO,2023,2,19,12,8.1,54,5.8,-0.6,4.15,4.1,18.6,0,875.4,94,2,6.1,605,951,102,149,246,1012,184,240,13,36,97
ABO,2023,2,19,13,9.3,51.7,6,-0.1,4.29,4.9,20.2,0,875.2,87,2.3,4.7,558,854,120,143,138,917,403,242,25,36,97
ABO,2023,2,19,14,11.3,42,5.6,-1.1,4.01,5.5,21.5,0,874.9,150,2.7,7.6,404,537,152,130,129,596,400,247,60,36,97
ABO,2023,2,19,15,8.2,66.7,7.2,2.4,5.16,5.4,21.2,0,875.2,56,4.1,8.5,189,416,54,53,51,339,375,251,78,36,97
ABO,2023,2,19,16,6.8,76.7,7.6,3,5.45,4.9,20.5,0,875.4,66,2.1,7.1,199,541,69,63,61,383,529,240,36,36,97
ABO,2023,2,19,17,5.5,80.7,7.3,2.5,5.23,4.1,18.6,0,876.3,83,1.2,5.5,16,0,16,12,13,12,12,235,26,36,97
ABO,2023,2,19,18,5.1,85.2,7.4,2.8,5.29,4,18.4,0,877.3,180,1.1,4.4,0,0,0,0,0,0,0,236,63,36,97
ABO,2023,2,19,19,4.8,85.1,7.3,2.5,5.22,3.7,17.9,0,877,222,1.4,3.4,0,0,0,0,0,0,0,230,45,36,97
ABO,2023,2,19,20,3.7,81.3,6.5,0.8,4.65,2.4,15.4,0,876.5,232,1.3,3.9,0,0,0,0,0,0,0,231,35,36,97
ABO,2023,2,19,21,3.2,78.1,6,-0.2,4.29,1.7,13.9,0,876.8,53,1.1,4.1,0,0,0,0,0,0,0,228,48,36,97
ABO,2023,2,19,22,1.8,91.9,6.4,0.6,4.57,1.3,13.2,0,877.5,187,1,2.6,0,0,0,0,0,0,0,239,94,36,97
ABO,2023,2,19,23,1.7,92.7,6.4,0.6,4.57,1.2,13.1,0,877.3,201,1.1,2.5,0,0,0,0,0,0,0,234,100,36,97
ABO,2023,2,20,0,1.3,92.5,6.2,0.2,4.43,0.8,12.4,0,877.3,204,1.3,2.8,0,0,0,0,0,0,0,225,80,36,97
ABO,2023,2,20,1,0.7,92.9,6,-0.3,4.29,0.3,11.4,0,876.9,198,1.5,3.2,0,0,0,0,0,0,0,222,33,35,97
ABO,2023,2,20,2,0.9,91.7,6,-0.3,4.28,0.4,11.6,0,877.9,191,2.5,5.7,0,0,0,0,0,0,0,218,43,35,97
ABO,2023,2,20,3,0.7,88.3,5.7,-1,4.07,0,10.9,0,877.2,215,1.6,4.6,0,0,0,0,0,0,0,227,80,35,97
ABO,2023,2,20,4,0.1,88.3,5.5,-1.6,3.92,-0.6,9.9,0,877.2,229,1.1,2.6,0,0,0,0,0,0,0,220,90,35,97
ABO,2023,2,20,5,-0.3,86.1,5.2,-2.3,3.71,-1.1,8.9,0,877,212,1,2.6,0,0,0,0,0,0,0,222,55,35,97
ABO,2023,2,20,6,1.5,67.9,4.6,-3.8,3.28,-0.6,9.7,0,876.5,270,0.7,2.1,0,0,0,0,0,0,0,242,100,35,97
ABO,2023,2,20,7,2.7,58.9,4.4,-4.5,3.14,-0.1,10.6,0,876.7,304,0.7,1.8,5,0,5,3,3,3,3,244,100,35,97
ABO,2023,2,20,8,3.5,56.4,4.4,-4.3,3.14,0.4,11.4,0,876.5,326,0.8,2.3,52,0,52,44,44,44,44,248,94,35,97
ABO,2023,2,20,9,5,53.7,4.7,-3.6,3.35,1.5,13.4,0,876.7,153,0.7,2.1,161,149,112,85,203,193,84,241,41,35,97
ABO,2023,2,20,10,7,48.1,4.8,-3.2,3.42,2.7,15.6,0,876.6,135,1,3.3,285,254,170,117,261,336,115,244,45,35,97
ABO,2023,2,20,11,9.3,38.6,4.5,-4.1,3.21,3.5,17.4,0,876.3,159,1.5,2.8,598,941,124,145,499,984,151,249,16,35,97
ABO,2023,2,20,12,11.2,31.8,4.2,-5,3,4.2,18.8,0,875.8,108,1.5,4,611,917,121,149,258,994,183,257,6,35,97
ABO,2023,2,20,13,12.1,29.9,4.2,-5,3,4.6,19.7,0,875.4,88,2.6,4.3,548,808,129,139,135,875,392,263,13,35,97
ABO,2023,2,20,14,12.1,32.6,4.6,-3.8,3.29,5,20.5,0,874.9,72,3.2,4.9,517,918,94,125,120,880,603,259,0,35,97
ABO,2023,2,20,15,11.6,32.9,4.5,-4.2,3.22,4.6,19.8,0,874.4,85,2.2,5.5,392,850,86,98,94,704,713,251,0,35,97
ABO,2023,2,20,16,9.8,40,4.8,-3.1,3.43,4.1,18.5,0,874.5,135,1,2.6,187,532,56,58,57,366,512,252,19,35,97
ABO,2023,2,20,17,8.1,46.4,5,-2.7,3.58,3.4,17.1,0,874.4,321,0.7,1.5,15,0,15,16,16,16,16,249,19,35,97
ABO,2023,2,20,18,6.3,52.2,5,-2.8,3.58,2.4,15.3,0,874.5,292,0.7,1.6,0,0,0,0,0,0,0,242,0,35,97
ABO,2023,2,20,19,5.5,55,5,-2.8,3.58,2,14.5,0,874.4,270,0.5,1.4,0,0,0,0,0,0,0,246,19,35,97
ABO,2023,2,20,20,5.7,54.4,4.9,-2.8,3.51,2.1,14.5,0,874.3,284,0.5,1.7,0,0,0,0,0,0,0,248,59,35,97
ABO,2023,2,20,21,5.4,55.5,5,-2.8,3.58,1.9,14.4,0,874.2,284,0.5,1.3,0,0,0,0,0,0,0,241,31,35,97
ABO,2023,2,20,22,5.6,54.4,5,-2.9,3.58,2,14.6,0,873.7,281,0.6,1.4,0,0,0,0,0,0,0,234,10,35,97
ABO,2023,2,20,23,5.3,55.6,4.9,-2.9,3.51,1.9,14.1,0,873.4,284,0.5,1.5,0,0,0,0,0,0,0,231,6,35,97
ABO,2023,2,21,0,5.7,53.5,4.9,-3,3.51,2,14.5,0,872.8,270,0.7,1.7,0,0,0,0,0,0,0,231,50,35,97
ABO,2023,2,21,1,5.7,50.9,4.7,-3.7,3.37,1.8,14.2,0,872.1,288,0.8,1.6,0,0,0,0,0,0,0,229,46,34,97
ABO,2023,2,21,2,5.4,50,4.5,-4.2,3.23,1.5,13.5,0,872,22,0.9,3.4,0,0,0,0,0,0,0,226,29,34,97
ABO,2023,2,21,3,4.8,51.1,4.4,-4.4,3.16,1.1,12.7,0,871.8,315,0.5,2,0,0,0,0,0,0,0,227,35,34,97
ABO,2023,2,21,4,4.3,51.7,4.3,-4.8,3.08,0.7,12,0,871.4,284,0.6,2.4,0,0,0,0,0,0,0,234,69,34,97
ABO,2023,2,21,5,4.5,47.7,4,-5.6,2.87,0.6,11.7,0,871.4,297,0.7,1.8,0,0,0,0,0,0,0,237,100,34,97
ABO,2023,2,21,6,4.1,50.5,4.2,-5.2,3.01,0.5,11.7,0,871.3,270,0.6,1.6,0,0,0,0,0,0,0,234,71,34,97
ABO,2023,2,21,7,4.2,49.9,4.1,-5.3,2.94,0.5,11.6,0,871.2,315,0.7,1.7,6,0,6,6,6,6,6,228,41,34,97
ABO,2023,2,21,8,3.9,52.6,4.3,-4.9,3.09,0.4,11.6,0,871.2,259,0.7,2.4,46,0,46,53,53,53,53,231,39,34,97
ABO,2023,2,21,9,5.3,48.6,4.3,-4.6,3.08,1.3,13.1,0,871.6,90,0.8,2.9,190,269,95,87,296,287,88,233,33,34,97
ABO,2023,2,21,10,7.6,43.8,4.6,-3.9,3.3,2.7,15.9,0,871.4,166,1,2.1,412,594,151,121,487,614,123,238,33,34,97
ABO,2023,2,21,11,9.8,34.9,4.2,-5,3.02,3.5,17.4,0,870.6,157,1.4,2.7,570,875,125,138,473,916,143,249,33,34,97
ABO,2023,2,21,12,11.7,31.6,4.4,-4.6,3.16,4.6,19.7,0,869.5,153,1.4,3.3,577,815,136,144,240,901,178,248,23,34,97
ABO,2023,2,21,13,12.7,29.9,4.4,-4.5,3.17,5.1,20.8,0,868.9,149,2.1,4.3,605,936,114,143,137,981,423,256,19,34,97
ABO,2023,2,21,14,13,30.5,4.6,-3.9,3.31,5.4,21.4,0,868.4,85,2.5,4.3,565,936,129,135,130,928,649,255,29,34,97
ABO,2023,2,21,15,12.3,31.2,4.5,-4.2,3.24,5,20.5,0,868.2,84,2.8,4.4,379,776,97,96,94,653,668,250,29,34,97
ABO,2023,2,21,16,10.4,33.7,4.2,-4.9,3.02,3.8,18.1,0,868,112,1.2,3.3,175,344,83,63,63,274,358,250,45,34,97
ABO,2023,2,21,17,8.4,44.6,4.9,-3,3.53,3.4,17.3,0,868,304,0.7,1.4,19,0,19,16,16,16,16,244,40,34,97
ABO,2023,2,21,18,6.5,52.1,5,-2.6,3.6,2.6,15.6,0,868.1,256,0.6,1.5,0,0,0,0,0,0,0,244,63,34,97
ABO,2023,2,21,19,5.9,53.5,5,-2.8,3.6,2.2,15,0,867.8,270,0.5,1.3,0,0,0,0,0,0,0,239,46,34,97
ABO,2023,2,21,20,5.7,54.1,5,-2.8,3.6,2.1,14.8,0,867.8,284,0.6,1.5,0,0,0,0,0,0,0,241,55,34,97
ABO,2023,2,21,21,5.8,54.2,5,-2.7,3.6,2.2,14.9,0,867.7,288,0.6,1.8,0,0,0,0,0,0,0,242,73,34,97
ABO,2023,2,21,22,6.3,51.1,4.9,-3.1,3.53,2.3,15.2,0,867.6,307,0.7,1.5,0,0,0,0,0,0,0,235,36,34,97
ABO,2023,2,21,23,6,51.9,4.8,-3.1,3.46,2.2,14.7,0,867.2,292,0.6,1.6,0,0,0,0,0,0,0,235,33,34,97
ABO,2023,2,22,0,5.5,53.8,4.9,-3.1,3.54,1.9,14.4,0,866.8,281,0.7,1.5,0,0,0,0,0,0,0,234,29,34,97
ABO,2023,2,22,1,5.2,54.7,4.8,-3.2,3.46,1.7,13.9,0,866.6,284,0.6,1.4,0,0,0,0,0,0,0,232,39,34,97
ABO,2023,2,22,2,5.1,54.7,4.8,-3.3,3.47,1.6,13.8,0,866.3,270,0.6,1.5,0,0,0,0,0,0,0,233,33,34,97
ABO,2023,2,22,3,4.9,55,4.8,-3.4,3.47,1.5,13.6,0,866,304,0.5,1.3,0,0,0,0,0,0,0,228,16,34,97
ABO,2023,2,22,4,4.5,56.7,4.8,-3.3,3.47,1.3,13.2,0,865.7,304,0.7,2.1,0,0,0,0,0,0,0,225,0,34,97
ABO,2023,2,22,5,4.4,57,4.8,-3.4,3.47,1.2,13.1,0,865.5,284,0.6,1.7,0,0,0,0,0,0,0,225,6,34,97
ABO,2023,2,22,6,4.6,56.3,4.8,-3.3,3.47,1.3,13.3,0,865.4,288,0.6,2.1,0,0,0,0,0,0,0,230,35,34,97
ABO,2023,2,22,7,4.2,58.1,4.8,-3.3,3.47,1.1,12.9,0,865.5,333,0.4,1.1,10,0,10,6,7,7,6,229,40,34,97
ABO,2023,2,22,8,4.3,58.7,4.9,-3.1,3.54,1.2,13.2,0,865.6,0,0.4,1.2,50,0,50,49,49,49,49,231,36,34,97
ABO,2023,2,22,9,5.1,57.8,5.1,-2.5,3.69,1.9,14.4,0,865.3,191,0.7,1.7,183,279,82,87,302,291,88,243,45,34,97
ABO,2023,2,22,10,7.7,48.3,5.1,-2.5,3.69,3.2,17,0,865.1,121,1.4,5,331,321,184,127,318,400,125,253,71,34,97
ABO,2023,2,22,11,8.3,49.4,5.4,-1.7,3.91,3.8,18.2,0,865.2,85,2.6,5.3,519,710,154,138,425,783,142,257,64,34,97
ABO,2023,2,22,12,8.8,51.5,5.8,-0.6,4.2,4.5,19.4,0,864.8,73,3.2,5.3,475,430,240,161,243,600,187,264,78,34,97
ABO,2023,2,22,13,9.1,53.2,6.1,0.1,4.42,4.9,20.3,0,864.6,56,3.9,7.3,435,368,241,158,159,525,307,266,100,34,97
ABO,2023,2,22,14,8,61.5,6.6,1.1,4.79,4.7,20.1,0,864.5,55,3.9,7,318,202,220,137,139,331,254,271,100,34,97
ABO,2023,2,22,15,7.1,68.6,6.9,1.7,5,4.5,19.7,0,864.7,42,3.8,7.6,116,31,104,62,64,90,83,271,100,34,97
ABO,2023,2,22,16,6.1,73.9,7,1.8,5.08,4.1,18.9,0,864.9,38,3.2,6.2,16,0,16,9,10,10,9,271,100,34,97
ABO,2023,2,22,17,4.9,86.8,7.5,2.9,5.44,3.9,18.6,0.7,865,77,1.4,3.8,3,0,3,2,2,2,1,271,100,34,97
ABO,2023,2,22,18,4.2,92,7.6,3,5.51,3.6,18,1.7,865.3,186,1,2.4,0,0,0,0,0,0,0,271,100,34,97
ABO,2023,2,22,19,3.3,92.1,7.1,2.1,5.15,2.7,16.2,1,865.1,198,1,2.3,0,0,0,0,0,0,0,271,100,34,97
ABO,2023,2,22,20,2.9,93.6,7,2,5.07,2.5,15.6,1.1,865.1,198,1,2.7,0,0,0,0,0,0,0,269,100,34,97
ABO,2023,2,22,21,2.6,93.7,6.9,1.7,5,2.2,15.1,0.2,865,180,0.6,1.7,0,0,0,0,0,0,0,267,100,34,97
ABO,2023,2,22,22,2.6,92.4,6.8,1.5,4.93,2.1,14.9,0,864.8,180,0.7,2.3,0,0,0,0,0,0,0,265,100,34,97
ABO,2023,2,22,23,2.6,92.6,6.8,1.5,4.93,2.1,14.9,0,864.7,210,0.9,2.7,0,0,0,0,0,0,0,263,100,34,97
ABO,2023,2,23,0,2.7,94,7,1.8,5.08,2.3,15.4,0.1,864.6,90,0.6,1.7,0,0,0,0,0,0,0,261,100,34,97
ABO,2023,2,23,1,2.6,94.3,7,1.8,5.08,2.2,15.3,0,864.3,225,0.6,1.3,0,0,0,0,0,0,0,249,68,36,97
ABO,2023,2,23,2,2.4,93.8,6.8,1.5,4.93,2,14.8,0,864.1,214,0.8,2.1,0,0,0,0,0,0,0,253,100,36,97
ABO,2023,2,23,3,2.5,93.1,6.8,1.5,4.94,2,14.9,0,863.6,203,0.8,2.4,0,0,0,0,0,0,0,254,100,36,97
ABO,2023,2,23,4,2.5,93.8,6.9,1.6,5.01,2.1,15,0,863.6,198,0.7,1.7,0,0,0,0,0,0,0,253,94,36,97
ABO,2023,2,23,5,2.6,93,6.8,1.6,4.94,2.1,15,0,863.7,252,0.6,1.2,0,0,0,0,0,0,0,243,48,36,97
ABO,2023,2,23,6,1.9,92.8,6.5,0.9,4.72,1.5,13.7,0,863.6,270,0.6,1.8,0,0,0,0,0,0,0,246,65,36,97
ABO,2023,2,23,7,1.5,93.1,6.4,0.5,4.64,1.1,13.1,0,863.8,270,0.5,1.6,10,0,10,9,10,9,9,240,58,36,97
ABO,2023,2,23,8,1.4,93.3,6.3,0.4,4.57,1,12.8,0,864.1,202,0.8,2.4,57,0,57,54,54,54,54,242,41,36,97
ABO,2023,2,23,9,3,88.5,6.7,1.3,4.86,2.2,15.2,0,864.1,187,1,3.1,133,10,130,86,96,95,84,249,36,36,97
ABO,2023,2,23,10,4.8,75.6,6.5,0.9,4.71,3,16.6,0,864,175,1.3,2.8,302,296,164,119,292,370,118,259,36,36,97
ABO,2023,2,23,11,6.5,67.5,6.5,0.9,4.72,3.9,18.4,0,863.9,149,1.9,4.1,464,502,200,155,356,626,157,260,35,36,97
ABO,2023,2,23,12,7.5,59.7,6.2,0.2,4.5,4.1,18.8,0,863.5,141,2.3,5.2,674,967,142,169,295,1064,207,257,19,36,97
ABO,2023,2,23,13,8.4,55.4,6.1,0,4.43,4.5,19.6,0,863,132,1.8,4.3,605,894,127,155,149,956,433,260,45,36,97
ABO,2023,2,23,14,8.3,58.6,6.4,0.7,4.65,4.7,20,0,863.1,76,2.7,5.4,444,553,176,142,141,626,448,261,78,36,97
ABO,2023,2,23,15,7,71.6,7.2,2.2,5.23,4.7,20.2,0,863.3,47,3.7,6.5,144,177,75,56,56,187,183,262,94,36,97
ABO,2023,2,23,16,6,83.6,7.8,3.4,5.67,4.7,20.3,0,863.4,70,2.7,5.8,29,0,29,17,18,18,17,261,100,36,97
ABO,2023,2,23,17,5.2,89.8,8,3.7,5.82,4.5,19.8,0.1,863.5,121,1.3,3,26,0,26,18,18,18,17,258,88,36,97
ABO,2023,2,23,18,4.5,87.9,7.4,2.7,5.37,3.6,18,0,863.8,188,0.8,2.1,0,0,0,0,0,0,0,260,100,36,97
ABO,2023,2,23,19,4.1,87.6,7.2,2.2,5.23,3.2,17.2,0,863.9,117,0.4,1.3,0,0,0,0,0,0,0,259,100,36,97
ABO,2023,2,23,20,4,87.4,7.1,2.1,5.15,3.1,16.9,0,863.9,202,0.7,1.9,0,0,0,0,0,0,0,253,88,36,97
ABO,2023,2,23,21,4.1,85.4,7,1.9,5.08,3.1,16.8,0,863.9,248,0.8,2.5,0,0,0,0,0,0,0,255,100,36,97
ABO,2023,2,23,22,4,85,6.9,1.7,5.01,2.9,16.6,0,863.6,240,1.1,2.8,0,0,0,0,0,0,0,247,75,36,97
ABO,2023,2,23,23,3,87.4,6.6,1.1,4.79,2.1,15,0,863.2,270,0.9,2.2,0,0,0,0,0,0,0,244,56,36,97
ABO,2023,2,24,0,2.6,86.3,6.3,0.5,4.58,1.7,14.1,0,862.8,304,0.7,1.7,0,0,0,0,0,0,0,243,71,36,97
ABO,2023,2,24,1,2.2,85.4,6.1,0,4.43,1.2,13.3,0,862.3,243,0.7,1.8,0,0,0,0,0,0,0,233,48,36,97
ABO,2023,2,24,2,2.1,85.1,6,-0.1,4.36,1.1,13,0,862.1,256,0.7,2.4,0,0,0,0,0,0,0,236,53,36,97
ABO,2023,2,24,3,2.3,82.4,6,-0.4,4.36,1.1,13.2,0,861.9,270,0.5,1.5,0,0,0,0,0,0,0,247,100,36,97
ABO,2023,2,24,4,2.8,80,6,-0.3,4.36,1.5,13.7,0,861.7,297,0.4,1.4,0,0,0,0,0,0,0,246,100,36,97
ABO,2023,2,24,5,3,78.1,5.9,-0.4,4.29,1.5,13.7,0,861.4,243,0.8,2.1,0,0,0,0,0,0,0,239,71,36,97
ABO,2023,2,24,6,2.8,76.6,5.8,-0.9,4.22,1.2,13.4,0,860.9,248,1,3.2,0,0,0,0,0,0,0,234,50,36,97
ABO,2023,2,24,7,2.5,74.8,5.5,-1.5,4,0.8,12.5,0,860.7,315,0.9,2.1,11,0,11,10,10,10,10,228,0,36,97
ABO,2023,2,24,8,2,75,5.3,-2,3.85,0.3,11.6,0,860.7,270,0.7,2.1,61,0,61,55,55,55,55,233,26,36,97
ABO,2023,2,24,9,4,65.1,5.3,-2,3.86,1.5,13.7,0,860.1,212,1.1,3.2,181,103,144,101,188,181,100,238,40,36,97
ABO,2023,2,24,10,6.8,53.7,5.3,-1.9,3.86,3,16.5,0,859.7,186,1,3.1,493,767,143,134,604,765,138,238,25,36,97
ABO,2023,2,24,11,9.3,38.7,4.5,-4,3.28,3.6,17.6,0,859,174,2.2,5.5,590,894,120,149,478,929,154,242,25,36,97
ABO,2023,2,24,12,10.9,33.3,4.3,-4.6,3.13,4.2,18.8,0,858.2,191,3.4,6.2,655,977,111,160,265,1037,196,243,6,36,97
ABO,2023,2,24,13,10.6,34.2,4.4,-4.5,3.21,4.1,18.7,0,857.5,139,3,5.8,604,856,143,156,151,930,436,247,29,36,97
ABO,2023,2,24,14,10.1,44.1,5.4,-1.6,3.94,4.7,20.1,0,857.1,82,3,5.3,521,861,107,133,128,835,593,247,29,36,97
ABO,2023,2,24,15,9,51.4,5.9,-0.5,4.31,4.6,19.9,0,856.9,54,3.8,7.1,237,285,119,88,89,306,287,248,56,36,97
ABO,2023,2,24,16,7.6,63.7,6.6,1.2,4.83,4.6,19.8,0,856.7,49,3,6,66,1,66,40,41,42,40,251,81,36,97
ABO,2023,2,24,17,6.4,72.4,7,1.8,5.12,4.2,19.3,0,856.8,74,1.6,3.4,13,0,13,8,8,8,7,249,51,36,97
ABO,2023,2,24,18,5.4,75,6.7,1.3,4.9,3.5,17.7,0,856.8,209,1.2,2.9,0,0,0,0,0,0,0,250,88,36,97
ABO,2023,2,24,19,4.6,76.8,6.5,0.9,4.76,2.9,16.5,0,856.5,225,1,2.7,0,0,0,0,0,0,0,249,94,36,97
ABO,2023,2,24,20,4.5,76.3,6.4,0.7,4.68,2.8,16.3,0,856.6,270,0.6,2.3,0,0,0,0,0,0,0,245,65,36,97
ABO,2023,2,24,21,4.8,71.9,6.2,0.2,4.54,2.7,16.2,0,856.5,256,1.2,3.5,0,0,0,0,0,0,0,247,78,36,97
ABO,2023,2,24,22,4.5,78.1,6.5,1,4.75,2.9,16.4,0,856.8,90,2.3,5.7,0,0,0,0,0,0,0,252,100,36,97
ABO,2023,2,24,23,3.4,96.7,7.5,2.9,5.49,3.2,17.2,0.2,857,104,1,3.3,0,0,0,0,0,0,0,251,100,36,97
ABO,2023,2,25,0,3.5,94.9,7.5,2.8,5.49,3.2,17.3,1.4,857.2,0,0.8,2.3,0,0,0,0,0,0,0,249,94,36,97
ABO,2023,2,25,1,3.1,96.7,7.4,2.6,5.42,2.9,16.7,0,857.2,50,1.9,4.6,0,0,0,0,0,0,0,249,100,35,97
ABO,2023,2,25,2,2.4,99.7,7.2,2.4,5.27,2.4,15.6,0.3,856.8,60,1.7,4.5,0,0,0,0,0,0,0,247,100,35,97
ABO,2023,2,25,3,2.1,99.3,7.1,2,5.2,2.1,15.1,0.1,856.5,70,1.2,2.6,0,0,0,0,0,0,0,245,100,35,97
ABO,2023,2,25,4,2.1,98,6.9,1.8,5.05,2,14.7,0,856.4,84,1.3,3.5,0,0,0,0,0,0,0,242,100,35,97
ABO,2023,2,25,5,2.1,96.6,6.9,1.6,5.05,1.9,14.7,0.3,856.9,74,1,2.5,0,0,0,0,0,0,0,240,100,35,97
ABO,2023,2,25,6,1.9,95.4,6.7,1.2,4.9,1.6,14.2,0.1,856.4,162,1.3,2.8,0,0,0,0,0,0,0,237,100,35,97
ABO,2023,2,25,7,1.6,94,6.4,0.7,4.68,1.2,13.3,0,856.3,14,1,2.2,11,0,11,10,10,10,9,232,100,35,97
ABO,2023,2,25,8,1.6,95,6.5,0.9,4.76,1.3,13.5,0,856.3,70,1.7,3.8,15,0,15,15,15,15,15,233,100,35,97
ABO,2023,2,25,9,2,93.5,6.6,1.1,4.83,1.6,14.1,0,856.2,56,2.4,5,17,0,17,10,11,10,10,233,100,35,97
ABO,2023,2,25,10,2.2,92.6,6.7,1.1,4.91,1.7,14.5,0,855.9,68,2.2,4.3,105,1,105,63,66,66,61,232,100,35,97
ABO,2023,2,25,11,3,88.4,6.7,1.3,4.91,2.2,15.3,0,855.9,68,2.8,4.5,60,0,60,36,37,37,35,231,100,35,97
ABO,2023,2,25,12,3.6,82.1,6.5,0.8,4.76,2.3,15.5,0,855.3,77,2.6,4.3,223,9,218,131,137,144,128,230,100,35,97
ABO,2023,2,25,13,4.5,74,6.3,0.3,4.62,2.6,16.1,0,854.1,95,2.4,4.6,437,381,231,160,160,527,317,226,74,35,97
ABO,2023,2,25,14,3.7,83,6.6,1.1,4.84,2.5,15.8,0,854.2,49,4.5,9,204,53,177,108,111,163,137,226,100,35,97
ABO,2023,2,25,15,1.9,88.3,6.2,0.2,4.55,1.2,13.3,0,854.5,38,4.6,9.1,21,0,21,13,13,13,12,224,100,35,97
ABO,2023,2,25,16,1,93.1,6.1,0,4.47,0.6,12.2,0,855.1,36,4.2,8.3,15,0,15,9,9,9,8,222,100,35,97
ABO,2023,2,25,17,0.2,95.3,5.9,-0.5,4.32,-0.1,11,0.1,855.2,33,4,7.3,4,0,4,2,2,2,2,220,100,35,97
ABO,2023,2,25,18,-0.2,96.8,5.8,-0.6,4.25,-0.4,10.4,0,855.4,48,2.6,5.5,0,0,0,0,0,0,0,217,100,35,97
ABO,2023,2,25,19,-0.9,97.9,5.6,-1.2,4.1,-1,9.3,0,855.1,53,2.8,5.8,0,0,0,0,0,0,0,215,100,35,97
ABO,2023,2,25,20,-1.6,96.5,5.2,-2.1,3.81,-1.8,7.9,0,855.2,48,3.9,6.9,0,0,0,0,0,0,0,212,100,35,97
ABO,2023,2,25,21,-2.2,94.8,4.9,-2.9,3.58,-2.5,6.7,0,855.4,43,3.6,7.5,0,0,0,0,0,0,0,210,100,35,97
ABO,2023,2,25,22,-2.5,95.2,4.9,-3.2,3.58,-2.8,6.4,0,855.4,43,3.3,6.5,0,0,0,0,0,0,0,207,100,35,97
ABO,2023,2,25,23,-2.7,95.1,4.8,-3.4,3.51,-3,6,0,855.6,44,2.8,5.7,0,0,0,0,0,0,0,204,100,35,97
ABO,2023,2,26,0,-3.1,95.2,4.6,-3.8,3.36,-3.4,5.2,0,855.1,43,2.7,5,0,0,0,0,0,0,0,202,100,35,97
ABO,2023,2,26,1,-3.6,93.9,4.4,-4.4,3.22,-3.9,4.4,0,855.1,39,3.6,7.9,0,0,0,0,0,0,0,199,100,35,97
ABO,2023,2,26,2,-4,92.2,4.2,-5.1,3.07,-4.4,3.6,0,854.8,41,3.3,6.5,0,0,0,0,0,0,0,197,100,35,97
ABO,2023,2,26,3,-4.3,92.6,4.1,-5.3,3,-4.6,3.1,0,854.7,44,3,6.6,0,0,0,0,0,0,0,195,100,35,97
ABO,2023,2,26,4,-4.5,93.7,4.1,-5.4,3,-4.8,2.9,0.1,854.3,47,2.7,5.9,0,0,0,0,0,0,0,192,100,35,97
ABO,2023,2,26,5,-4.7,92.4,4,-5.7,2.93,-5,2.5,0,853.8,40,3.3,7.6,0,0,0,0,0,0,0,190,100,35,97
ABO,2023,2,26,6,-5.1,89.2,3.7,-6.6,2.71,-5.6,1.6,0.1,853.9,38,5.1,9.3,0,0,0,0,0,0,0,187,100,35,97
ABO,2023,2,26,7,-5.7,87.4,3.5,-7.5,2.56,-6.3,0.6,0.1,853.8,35,4.8,9.3,15,0,15,10,10,10,10,186,100,35,97
ABO,2023,2,26,8,-6.4,87.6,3.3,-8.1,2.41,-6.9,-0.5,0.3,853.7,35,4.8,8.9,69,0,69,53,53,53,52,186,100,35,97
ABO,2023,2,26,9,-6.6,86.7,3.2,-8.4,2.34,-7.1,-0.8,0.1,853.5,38,4.8,8.9,75,0,75,45,47,46,43,186,100,35,97
ABO,2023,2,26,10,-6.6,85.3,3.2,-8.7,2.34,-7.2,-0.9,0,854.1,39,5.2,10.3,39,0,39,23,24,24,22,187,100,35,97
ABO,2023,2,26,11,-6.7,82.7,3.1,-9.1,2.27,-7.4,-1.1,0,854.4,40,5.8,11.7,116,1,116,69,72,72,67,187,100,35,97
ABO,2023,2,26,12,-6.2,73.6,2.8,-10.1,2.04,-7.3,-1.2,0,854.5,38,5.7,12.3,50,0,50,30,31,31,29,187,100,35,97
ABO,2023,2,26,13,-6.3,70.7,2.7,-10.7,1.97,-7.5,-1.5,0,854.7,38,5.7,11.8,31,0,31,19,19,19,18,187,100,35,97
ABO,2023,2,26,14,-6.5,74.4,2.8,-10.3,2.04,-7.6,-1.5,0,854.8,40,6.2,12,55,0,55,33,34,34,32,188,100,35,97
ABO,2023,2,26,15,-6.6,76.3,2.9,-10.1,2.12,-7.6,-1.4,0.1,855,38,5.6,11.6,51,0,51,31,32,32,30,188,100,35,97
ABO,2023,2,26,16,-7,78.2,2.8,-10.1,2.04,-7.9,-2,0,855.2,35,5,10.5,27,0,27,16,17,17,16,189,100,35,97
ABO,2023,2,26,17,-7.3,81.2,2.9,-10,2.11,-8.1,-2.1,0,855.9,35,5.6,10.5,10,0,10,6,6,6,6,189,100,35,97
ABO,2023,2,26,18,-7.5,80.5,2.8,-10.3,2.04,-8.3,-2.5,0,856.7,32,4.7,10,0,0,0,0,0,0,0,190,100,35,97
ABO,2023,2,26,19,-7.5,80.3,2.8,-10.3,2.04,-8.3,-2.5,0,857,32,4.7,10.4,0,0,0,0,0,0,0,190,100,35,97
ABO,2023,2,26,20,-7.5,82.5,2.9,-10,2.11,-8.2,-2.3,0,857.5,30,4.1,7.8,0,0,0,0,0,0,0,192,100,35,97
ABO,2023,2,26,21,-7.5,83.5,2.9,-9.8,2.11,-8.2,-2.3,0,857.6,33,4.2,8,0,0,0,0,0,0,0,193,100,35,97
ABO,2023,2,26,22,-7.4,84.5,3,-9.6,2.18,-8,-2,0,857.8,32,3.7,6.8,0,0,0,0,0,0,0,194,100,35,97
ABO,2023,2,26,23,-7.3,84.2,3,-9.5,2.18,-7.9,-1.9,0,857.9,34,3.3,6.9,0,0,0,0,0,0,0,196,100,35,97
ABO,2023,2,27,0,-7.4,86,3,-9.3,2.18,-7.9,-2,0,858.1,40,3.1,5.9,0,0,0,0,0,0,0,197,100,35,97
ABO,2023,2,27,1,-7.5,92.2,3.2,-8.5,2.33,-7.8,-1.8,0,858.3,60,1.7,4.3,0,0,0,0,0,0,0,198,100,35,97
ABO,2023,2,27,2,-7.5,93.9,3.3,-8.3,2.4,-7.7,-1.6,0,858.2,81,1.3,3.6,0,0,0,0,0,0,0,198,100,35,97
ABO,2023,2,27,3,-7.4,93.3,3.3,-8.3,2.4,-7.7,-1.5,0,858.3,59,1.8,4.7,0,0,0,0,0,0,0,199,100,35,97
ABO,2023,2,27,4,-7.3,90.6,3.2,-8.6,2.33,-7.7,-1.6,0,858.7,57,1.8,3.7,0,0,0,0,0,0,0,199,100,35,97
ABO,2023,2,27,5,-7.3,91.3,3.3,-8.5,2.4,-7.7,-1.4,0,859,59,1.8,3.8,0,0,0,0,0,0,0,200,100,35,97
ABO,2023,2,27,6,-7.1,89.2,3.2,-8.6,2.32,-7.5,-1.4,0,859.3,54,2,3.5,0,0,0,0,0,0,0,200,100,35,97
ABO,2023,2,27,7,-7,89.7,3.3,-8.4,2.4,-7.4,-1.1,0,859.9,60,1.7,3.2,13,0,13,12,12,12,12,201,100,35,97
ABO,2023,2,27,8,-6.9,90.7,3.3,-8.2,2.39,-7.3,-1,0,860.6,71,1.9,3.4,56,0,56,53,54,54,53,203,94,35,97
ABO,2023,2,27,9,-6.6,89.2,3.4,-8.1,2.47,-7.1,-0.5,0,861.2,62,1.8,3,190,225,113,94,284,245,94,205,100,35,97
ABO,2023,2,27,10,-5.9,83.9,3.3,-8.2,2.39,-6.6,0,0,862,77,1.9,3.8,28,0,28,17,17,17,16,208,100,35,97
ABO,2023,2,27,11,-5.3,75.7,3.1,-8.9,2.24,-6.4,0.2,0,862.5,94,1.4,3.9,28,0,28,17,18,17,16,210,100,35,97
ABO,2023,2,27,12,-4.6,72.4,3.1,-8.8,2.24,-5.9,0.9,0,862.8,90,1.7,3.8,30,0,30,18,19,19,17,212,100,35,97
ABO,2023,2,27,13,-4.1,72.4,3.3,-8.3,2.39,-5.4,1.8,0,862.9,68,1.8,3.9,29,0,29,18,18,18,17,213,100,35,97
ABO,2023,2,27,14,-3.9,76.3,3.5,-7.4,2.53,-5,2.4,0,862.9,63,2.2,4.2,26,0,26,15,16,16,15,213,100,35,97
ABO,2023,2,27,15,-4.2,78.1,3.5,-7.4,2.53,-5.2,2.1,0,863,60,2.9,5.8,27,0,27,16,17,17,16,212,100,35,97
ABO,2023,2,27,16,-4.6,82,3.5,-7.2,2.53,-5.4,1.7,0,863,63,2.4,4.9,105,70,90,55,57,93,120,211,100,35,97
ABO,2023,2,27,17,-5,85.1,3.6,-7.1,2.6,-5.7,1.4,0,863.7,61,2.8,6.2,32,0,32,23,23,23,22,211,100,35,97
ABO,2023,2,27,18,-5.3,85.9,3.5,-7.3,2.53,-5.9,0.9,0,864.3,61,2.9,6,0,0,0,0,0,0,0,210,100,35,97
ABO,2023,2,27,19,-5.4,86.4,3.5,-7.3,2.53,-6,0.8,0,864.5,68,1.9,4.3,0,0,0,0,0,0,0,210,100,35,97
ABO,2023,2,27,20,-5.5,87.8,3.6,-7.2,2.6,-6,0.9,0,864.4,63,1.7,3.2,0,0,0,0,0,0,0,208,100,35,97
ABO,2023,2,27,21,-5.7,89.3,3.6,-7.2,2.6,-6.2,0.7,0,864.2,84,1.1,2.9,0,0,0,0,0,0,0,207,100,35,97
ABO,2023,2,27,22,-5.7,89.3,3.6,-7.2,2.6,-6.2,0.7,0,864.3,72,1,2.2,0,0,0,0,0,0,0,206,100,35,97
ABO,2023,2,27,23,-5.7,91.2,3.7,-6.9,2.67,-6.1,0.9,0,864.4,69,1.4,2.9,0,0,0,0,0,0,0,205,100,35,97
ABO,2023,2,28,0,-5.9,93.7,3.7,-6.7,2.67,-6.2,0.7,0,864.4,66,1.2,2.7,0,0,0,0,0,0,0,204,100,35,97
ABO,2023,2,28,1,-6.1,96.8,3.7,-6.5,2.67,-6.2,0.5,0,864.6,75,1.3,2.9,0,0,0,0,0,0,0,203,100,39,97
ABO,2023,2,28,2,-6.1,92.1,3.6,-7.2,2.6,-6.4,0.3,0,864.4,83,0.8,1.7,0,0,0,0,0,0,0,203,100,39,97
ABO,2023,2,28,3,-6.1,82.4,3.2,-8.6,2.31,-6.9,-0.4,0,864.2,203,1.1,2.1,0,0,0,0,0,0,0,202,100,39,97
ABO,2023,2,28,4,-6.3,82.3,3.2,-8.8,2.31,-7,-0.6,0,864,210,0.9,2,0,0,0,0,0,0,0,202,100,39,97
ABO,2023,2,28,5,-6.4,85.7,3.3,-8.4,2.38,-7,-0.5,0,864.4,90,0.8,2.5,0,0,0,0,0,0,0,202,100,39,97
ABO,2023,2,28,6,-6.6,98.4,3.7,-6.8,2.67,-6.7,0,0,864.6,70,1.2,2.6,0,0,0,0,0,0,0,201,100,39,97
ABO,2023,2,28,7,-6.6,96.3,3.6,-7.1,2.6,-6.8,-0.2,0,865.1,94,1.3,2.6,17,0,17,12,13,13,12,201,79,39,97
ABO,2023,2,28,8,-6.5,92.8,3.5,-7.5,2.53,-6.8,-0.3,0,865.2,141,0.9,1.8,56,0,56,64,64,64,65,202,75,39,97
ABO,2023,2,28,9,-5.7,85.9,3.5,-7.7,2.53,-6.3,0.5,0,865.6,148,1,2.6,170,197,102,81,241,205,80,205,68,39,97
ABO,2023,2,28,10,-3.7,77.8,3.6,-7,2.6,-4.8,2.7,0,865.8,148,1.1,2.8,305,186,216,144,271,311,142,207,35,39,97
ABO,2023,2,28,11,-1,67.8,3.8,-6.2,2.74,-2.8,5.8,0,866,115,1.8,4,576,715,180,177,446,817,181,206,10,39,97
ABO,2023,2,28,12,0.5,57.2,3.6,-7,2.6,-2.2,7,0,865.8,135,1.7,3.7,691,950,143,185,297,1045,234,209,30,39,97
ABO,2023,2,28,13,1.6,55.9,3.8,-6.2,2.74,-1.3,8.5,0,865.6,95,2.3,5.4,686,994,128,181,174,1052,491,212,58,39,97
ABO,2023,2,28,14,0.7,68.7,4.4,-4.4,3.18,-1.2,8.6,0,865.9,70,2.7,4.9,491,601,185,163,161,674,494,214,88,39,97
ABO,2023,2,28,15,-1.2,78.4,4.4,-4.5,3.18,-2.4,6.7,0,866.2,64,2.6,4.9,255,236,169,119,120,278,308,215,100,39,97
ABO,2023,2,28,16,-1.7,81.4,4.4,-4.5,3.15,-2.8,6.1,0,866.4,66,2.3,4,138,76,116,74,76,123,142,213,100,39,97
ABO,2023,2,28,17,-2.5,85.6,4.3,-4.6,3.12,-3.3,5.2,0,866.7,66,2,3.6,24,0,24,17,18,18,17,211,94,39,97
ABO,2023,2,28,18,-3,88.1,4.3,-4.8,3.09,-3.7,4.6,0,866.9,62,1.7,2.9,0,0,0,0,0,0,0,208,88,39,97
ABO,2023,2,28,19,-3.5,90.4,4.2,-4.8,3.06,-4,4.1,0,866.9,70,1.3,3,0,0,0,0,0,0,0,198,30,39,97
ABO,2023,2,28,20,-3.6,91,4.2,-4.9,3.06,-4.1,4,0,867,79,1.1,2.9,0,0,0,0,0,0,0,195,0,39,97
ABO,2023,2,28,21,-3.7,91.2,4.2,-4.9,3.05,-4.1,3.8,0,867.2,82,0.9,2,0,0,0,0,0,0,0,194,0,39,97
ABO,2023,2,28,22,-3.7,91.1,4.2,-5,3.03,-4.2,3.8,0,867.3,72,1.1,2,0,0,0,0,0,0,0,192,0,39,97
ABO,2023,2,28,23,-3.6,90,4.2,-5.1,3.02,-4.1,3.8,0,867.6,124,1,2.5,0,0,0,0,0,0,0,191,0,39,97
ABO,2011,3,1,0,-3.5,88.5,4.2,-5.2,3,-4.1,3.9,0,867.8,162,0.6,2.1,0,0,0,0,0,0,0,218,0,53,97
ABO,2011,3,1,1,-3.4,87,4.1,-5.3,2.97,-4.1,4,0,868.1,153,0.5,2.9,0,0,0,0,0,0,0,219,26,53,97
ABO,2011,3,1,2,-3.4,85.8,4.1,-5.5,2.93,-4.1,3.8,0,868.3,207,0.8,2.7,0,0,0,0,0,0,0,224,66,53,97
ABO,2011,3,1,3,-3.5,84.9,4,-5.7,2.89,-4.2,3.7,0,868.6,239,1.8,4.3,0,0,0,0,0,0,0,221,60,53,97
ABO,2011,3,1,4,-3.6,84.1,3.9,-5.9,2.84,-4.4,3.4,0,868.8,228,1.6,4.3,0,0,0,0,0,0,0,214,36,53,97
ABO,2011,3,1,5,-3.9,84,3.9,-6.2,2.78,-4.7,3,0,868.9,234,2.2,4.1,0,0,0,0,0,0,0,215,45,53,97
ABO,2011,3,1,6,-4.2,84.5,3.8,-6.4,2.73,-4.9,2.6,0,869,241,1.4,4,15,0,15,17,17,17,17,214,33,53,97
ABO,2011,3,1,7,-4.4,84.6,3.7,-6.6,2.69,-5.1,2.3,0,869.2,180,0.4,1.3,57,0,57,84,82,83,85,216,41,53,97
ABO,2011,3,1,8,-4.6,83.4,3.6,-7,2.59,-5.4,1.8,0,869.3,196,0.7,2.1,302,473,121,144,521,472,148,212,6,53,97
ABO,2011,3,1,9,-3.4,81.2,3.9,-6.2,2.8,-4.4,3.5,0,869.3,125,1.3,3,501,705,164,193,641,765,199,217,6,53,97
ABO,2011,3,1,10,-2.1,76.6,4,-5.7,2.88,-3.4,5,0,869.1,139,1.1,2.9,599,762,179,226,539,908,234,220,45,53,97
ABO,2011,3,1,11,-0.4,73.6,4.4,-4.5,3.17,-1.9,7.5,0,869,108,1.3,3.8,609,665,221,241,351,881,284,226,68,53,97
ABO,2011,3,1,12,0.1,75.2,4.6,-3.8,3.31,-1.4,8.4,0,868.5,131,1.2,3.2,580,629,223,234,228,831,480,229,100,53,97
ABO,2011,3,1,13,0.8,72.9,4.8,-3.5,3.46,-0.9,9.4,0,868.2,86,1.5,4.8,517,639,193,207,202,759,594,218,51,53,97
ABO,2011,3,1,14,0.2,84.5,5.2,-2.1,3.75,-0.7,9.5,0,868.5,53,3.5,6.8,356,411,189,165,163,479,501,214,29,53,97
ABO,2011,3,1,15,-0.7,91,5.3,-2,3.82,-1.2,8.8,0,868.5,68,2.9,5.8,217,346,124,105,105,304,428,216,60,53,97
ABO,2011,3,1,16,-1.3,94.8,5.3,-2,3.82,-1.6,8.2,0,868.9,63,2.9,6,39,0,39,37,37,37,37,217,71,53,97
ABO,2011,3,1,17,-1.6,96.2,5.2,-2.1,3.74,-1.8,7.7,0,869.3,54,2.9,5.4,0,0,0,0,0,0,0,218,84,53,97
ABO,2011,3,1,18,-1.7,97.2,5.2,-2.1,3.74,-1.9,7.6,0,869.3,70,2,4.8,0,0,0,0,0,0,0,215,48,53,97
ABO,2011,3,1,19,-1.6,93.1,5,-2.6,3.6,-2,7.4,0,869.1,50,2.4,4.6,0,0,0,0,0,0,0,211,16,53,97
ABO,2011,3,1,20,-1.8,94,5.1,-2.6,3.67,-2.1,7.3,0,868.8,83,0.9,2.9,0,0,0,0,0,0,0,208,50,53,97
ABO,2011,3,1,21,-1.7,84,4.5,-4,3.24,-2.6,6.4,0,868.3,176,1.3,3.6,0,0,0,0,0,0,0,205,41,53,97
ABO,2011,3,1,22,-2.1,79.7,4.2,-5.1,3.03,-3.2,5.4,0,867.8,193,1.8,5.7,0,0,0,0,0,0,0,201,36,53,97
ABO,2011,3,1,23,-2.5,79.7,4,-5.5,2.88,-3.6,4.6,0,867.5,169,1.1,4.2,0,0,0,0,0,0,0,201,94,53,97
ABO,2011,3,2,0,-2.7,80.7,4.1,-5.6,2.96,-3.7,4.6,0,867.1,186,1.1,3.2,0,0,0,0,0,0,0,198,100,53,97
ABO,2011,3,2,1,-2.9,81.8,4.1,-5.6,2.96,-3.8,4.4,0,866.6,143,0.7,2.9,0,0,0,0,0,0,0,194,71,53,97
ABO,2011,3,2,2,-3.1,82.4,4,-5.7,2.89,-4,4.1,0,866,218,1.2,3.6,0,0,0,0,0,0,0,191,40,53,97
ABO,2011,3,2,3,-4,83.6,3.8,-6.4,2.74,-4.8,2.8,0,865.7,218,1.2,3,0,0,0,0,0,0,0,189,50,53,97
ABO,2011,3,2,4,-4.5,84.3,3.7,-6.7,2.67,-5.2,2.1,0,865.6,218,1.2,2.7,0,0,0,0,0,0,0,187,25,53,97
ABO,2011,3,2,5,-5,85.3,3.6,-7.1,2.6,-5.7,1.4,0,865.9,218,1.8,4.3,0,0,0,0,0,0,0,183,0,53,97
ABO,2011,3,2,6,-5.4,84.9,3.5,-7.5,2.53,-6.1,0.8,0,865.5,218,2.9,5.3,20,0,20,22,22,22,22,185,19,53,97
ABO,2011,3,2,7,-5.8,85.4,3.4,-7.9,2.45,-6.5,0.2,0,865.3,217,2,3.5,65,0,65,90,88,89,91,187,0,53,97
ABO,2011,3,2,8,-5.9,86.9,3.4,-7.7,2.45,-6.5,0.1,0,865.4,198,1.3,3.6,285,318,162,154,421,387,156,189,40,53,97
ABO,2011,3,2,9,-4.6,80.8,3.5,-7.4,2.53,-5.5,1.6,0,864.7,180,3,7.5,508,666,184,203,631,752,208,191,33,53,97
ABO,2011,3,2,10,-2.9,74.9,3.7,-6.7,2.67,-4.2,3.7,0,865,99,2.1,8.6,583,640,227,237,529,831,244,195,29,53,97
ABO,2011,3,2,11,-1.8,72.5,3.9,-6.1,2.82,-3.3,5.2,0,865,95,1.4,4.1,598,575,260,252,361,823,295,198,23,53,97
ABO,2011,3,2,12,-0.6,71.7,4.2,-5.1,3.04,-2.3,7,0,864.8,62,2.5,6.6,522,414,284,246,243,660,421,200,25,53,97
ABO,2011,3,2,13,-1.8,82.2,4.4,-4.4,3.18,-2.8,6.1,0,865.3,51,3.9,6.9,454,382,259,219,217,570,474,200,45,53,97
ABO,2011,3,2,14,-3,89.9,4.4,-4.4,3.18,-3.5,4.9,0,865.7,55,3.6,6.9,343,336,206,171,170,431,451,200,54,53,97
ABO,2011,3,2,15,-3.8,93.2,4.3,-4.7,3.1,-4.1,3.9,0,866.3,47,3.6,6.3,212,290,133,109,109,276,383,200,13,53,97
ABO,2011,3,2,16,-4.1,94,4.3,-4.9,3.1,-4.4,3.6,0,866.5,56,1.8,4.6,41,0,41,40,40,40,40,202,25,53,97
ABO,2011,3,2,17,-4.1,95.1,4.3,-4.8,3.1,-4.3,3.6,0,867.2,76,1.2,2.9,0,0,0,0,0,0,0,203,0,53,97
ABO,2011,3,2,18,-4,96,4.4,-4.5,3.17,-4.2,3.9,0,867.5,80,1.2,2.6,0,0,0,0,0,0,0,202,0,53,97
ABO,2011,3,2,19,-3.9,86.9,4,-5.8,2.88,-4.5,3.2,0,866.9,158,1.7,4.3,0,0,0,0,0,0,0,207,0,53,97
ABO,2011,3,2,20,-3.9,83,3.8,-6.4,2.74,-4.7,2.9,0,867.5,180,1.1,2.8,0,0,0,0,0,0,0,204,0,53,97
ABO,2011,3,2,21,-4.1,82.5,3.7,-6.6,2.67,-4.9,2.5,0,866.5,191,2.1,4.6,0,0,0,0,0,0,0,202,0,53,97
ABO,2011,3,2,22,-4.7,84.1,3.6,-7,2.59,-5.4,1.7,0,867.2,194,1.1,3.6,0,0,0,0,0,0,0,199,19,53,97
ABO,2011,3,2,23,-5.2,83.8,3.5,-7.5,2.52,-5.9,1,0,866.6,210,2,5.1,0,0,0,0,0,0,0,197,29,53,97
ABO,2011,3,3,0,-6.6,86.4,3.3,-8.5,2.38,-7.2,-0.8,0,866.6,360,0.4,1.3,0,0,0,0,0,0,0,185,0,49,97
ABO,2011,3,3,1,-7.2,87.5,3.1,-8.9,2.23,-7.7,-1.7,0,866.8,225,0.4,1.4,0,0,0,0,0,0,0,185,0,49,97
ABO,2011,3,3,2,-6.9,87,3.1,-8.7,2.23,-7.4,-1.4,0,866.6,252,0.5,1.3,0,0,0,0,0,0,0,186,0,49,97
ABO,2011,3,3,3,-7.5,86.1,3,-9.4,2.16,-8,-2.2,0,866.2,0,0.4,2.2,0,0,0,0,0,0,0,187,25,49,97
ABO,2011,3,3,4,-7.6,87.1,3,-9.4,2.16,-8.1,-2.3,0,866.5,180,0.4,1.9,0,0,0,0,0,0,0,189,60,49,97
ABO,2011,3,3,5,-7.6,87.3,3,-9.3,2.16,-8.1,-2.3,0,866.8,270,0.5,1.3,0,0,0,0,0,0,0,186,60,49,97
ABO,2011,3,3,6,-7.6,87.3,3,-9.3,2.16,-8.1,-2.3,0,867.1,180,0.5,1.9,20,0,20,21,21,21,21,186,53,49,97
ABO,2011,3,3,7,-7.5,86.8,3,-9.3,2.16,-8,-2.2,0,867.5,90,0.8,2.6,46,0,46,82,81,81,84,193,10,49,97
ABO,2011,3,3,8,-6.3,81.8,3.1,-8.9,2.23,-7.1,-0.8,0,867.8,108,1,2.3,317,531,109,139,558,497,143,194,41,49,97
ABO,2011,3,3,9,-3.8,70.9,3.3,-8.3,2.37,-5.2,2.1,0,867.9,211,0.7,1.8,524,756,154,184,659,786,190,201,43,49,97
ABO,2011,3,3,10,-1.2,58.4,3.3,-8.3,2.37,-3.6,4.7,0,868.3,96,1.2,4.6,624,816,164,214,537,930,222,203,29,49,97
ABO,2011,3,3,11,-1,67.5,3.8,-6.2,2.73,-2.8,5.8,0,868.6,70,2.7,5.1,650,782,186,227,338,948,272,212,48,49,97
ABO,2011,3,3,12,-0.8,66,3.8,-6.3,2.73,-2.7,6,0,868.4,131,1.1,2.9,477,323,289,227,227,553,360,216,100,49,97
ABO,2011,3,3,13,-0.2,62.3,3.8,-6.5,2.73,-2.4,6.6,0,868.4,83,0.9,2.5,335,138,266,192,195,321,287,217,100,49,97
ABO,2011,3,3,14,0.1,71.1,4.4,-4.5,3.17,-1.6,8,0,868.3,58,2.4,4.8,341,356,197,158,158,423,455,216,90,49,97
ABO,2011,3,3,15,-0.7,77.9,4.5,-4.1,3.24,-2,7.4,0,868.7,65,2.2,4.7,252,522,107,100,99,385,582,211,40,49,97
ABO,2011,3,3,16,-1.8,83.4,4.5,-4.2,3.24,-2.7,6.2,0,869,62,1.5,3.4,38,0,38,39,39,39,39,211,54,49,97
ABO,2011,3,3,17,-2.7,88.6,4.5,-4.3,3.24,-3.3,5.3,0,869.4,82,0.9,2.1,0,0,0,0,0,0,0,211,34,49,97
ABO,2011,3,3,18,-3.3,89.3,4.3,-4.8,3.09,-3.8,4.4,0,869.4,194,0.5,1.9,0,0,0,0,0,0,0,206,6,49,97
ABO,2011,3,3,19,-4.2,87.2,3.9,-6,2.8,-4.8,2.7,0,869.6,198,0.4,2.2,0,0,0,0,0,0,0,205,0,49,97
ABO,2011,3,3,20,-4.3,83.7,3.7,-6.6,2.66,-5.1,2.3,0,869.5,239,0.7,3.5,0,0,0,0,0,0,0,203,0,49,97
ABO,2011,3,3,21,-4.1,80.7,3.6,-6.9,2.59,-5,2.3,0,869.5,256,0.9,5.4,0,0,0,0,0,0,0,204,0,49,97
ABO,2011,3,3,22,-3.9,81.7,3.7,-6.6,2.66,-4.8,2.7,0,869.8,248,0.9,3.8,0,0,0,0,0,0,0,199,10,49,97
ABO,2011,3,3,23,-4,83.1,3.8,-6.4,2.73,-4.8,2.7,0,870.1,284,0.8,3.6,0,0,0,0,0,0,0,197,0,49,97
ABO,2011,3,4,0,-3.7,82.2,3.8,-6.3,2.73,-4.6,3.1,0,870.3,260,1.1,4.7,0,0,0,0,0,0,0,201,33,46,97
ABO,2011,3,4,1,-2.7,76.7,3.8,-6.2,2.73,-3.9,4.1,0,870.4,264,1.2,4.7,0,0,0,0,0,0,0,198,23,46,97
ABO,2011,3,4,2,-2.5,76.7,3.9,-6,2.8,-3.7,4.4,0,870.7,236,1.2,4.2,0,0,0,0,0,0,0,196,13,46,97
ABO,2011,3,4,3,-2.5,78.4,4,-5.7,2.87,-3.6,4.6,0,871.1,259,1.2,4,0,0,0,0,0,0,0,192,13,46,97
ABO,2011,3,4,4,-2.1,75.9,4,-5.8,2.87,-3.4,5,0,871.3,255,2,4.9,0,0,0,0,0,0,0,191,6,46,97
ABO,2011,3,4,5,-2.5,76.9,3.9,-6,2.8,-3.7,4.4,0,871.7,243,1,5.2,0,0,0,0,0,0,0,190,0,46,97
ABO,2011,3,4,6,-3.4,78.9,3.8,-6.5,2.72,-4.4,3.3,0,871.8,270,0.8,5.2,19,0,19,22,22,22,22,191,16,46,97
ABO,2011,3,4,7,-2.1,73.2,3.8,-6.2,2.72,-3.5,4.7,0,871.8,225,1,5.5,108,185,53,81,244,179,83,198,40,46,97
ABO,2011,3,4,8,-1.1,70.5,4,-5.8,2.87,-2.8,6,0,871.9,256,0.7,4,383,670,128,133,679,572,137,203,48,46,97
ABO,2011,3,4,9,1.1,63.8,4.2,-5,3.01,-1.2,8.6,0,872.1,90,0.6,4.8,472,560,200,180,560,634,183,210,71,46,97
ABO,2011,3,4,10,3,54.2,4.1,-5.3,2.94,-0.2,10.4,0,871.8,127,0.8,3.4,538,503,250,212,440,690,214,216,88,46,97
ABO,2011,3,4,11,3.9,54.7,4.4,-4.4,3.16,0.6,11.8,0,871.8,69,2.1,6.3,636,717,207,217,329,891,261,219,75,46,97
ABO,2011,3,4,12,3.3,62.8,4.9,-3.1,3.52,0.7,12.1,0,871.7,69,1.8,5.6,629,766,181,210,204,898,471,221,74,46,97
ABO,2011,3,4,13,3.4,61.7,4.8,-3.2,3.44,0.7,12,0,871.6,113,0.9,2.9,523,646,191,189,185,724,587,214,54,46,97
ABO,2011,3,4,14,4.5,54.3,4.6,-3.9,3.3,1.1,12.8,0,871.1,119,1.2,2.8,458,844,104,145,140,713,779,209,16,46,97
ABO,2011,3,4,15,4.2,60.6,5,-2.7,3.59,1.3,13.2,0,871,74,1.7,4.2,278,668,89,95,93,446,701,208,0,46,97
ABO,2011,3,4,16,2.3,70.4,5.1,-2.5,3.66,0.3,11.5,0,871,81,1.2,3.4,32,0,32,39,38,39,39,210,6,46,97
ABO,2011,3,4,17,0.9,73.2,4.8,-3.3,3.45,-0.8,9.5,0,871,270,0.8,2.4,0,0,0,0,0,0,0,206,0,46,97
ABO,2011,3,4,18,-0.2,74,4.5,-4.3,3.23,-1.7,7.8,0,871.2,53,0.6,2.1,0,0,0,0,0,0,0,204,0,46,97
ABO,2011,3,4,19,-1.2,74.3,4.2,-5.2,3.01,-2.6,6.3,0,871.3,180,0.3,2.2,0,0,0,0,0,0,0,202,0,46,97
ABO,2011,3,4,20,-1.7,72,3.9,-6.1,2.8,-3.2,5.2,0,871.3,214,0.6,2.7,0,0,0,0,0,0,0,199,0,46,97
ABO,2011,3,4,21,-2,70.1,3.7,-6.7,2.65,-3.6,4.6,0,871.2,270,0.6,2.9,0,0,0,0,0,0,0,195,13,46,97
ABO,2011,3,4,22,-1.9,66.9,3.6,-7.2,2.58,-3.7,4.5,0,870.7,27,0.5,2.3,0,0,0,0,0,0,0,193,36,46,97
ABO,2011,3,4,23,-1.9,63.5,3.4,-7.9,2.44,-3.9,4.2,0,870.6,284,0.6,2.4,0,0,0,0,0,0,0,189,33,46,97
ABO,2011,3,5,0,-2.1,64.5,3.4,-7.9,2.44,-4,4,0,870.3,315,0.4,1.6,0,0,0,0,0,0,0,188,13,50,97
ABO,2011,3,5,1,-2.2,60,3.1,-8.9,2.22,-4.4,3.3,0,870.3,304,0.6,1.5,0,0,0,0,0,0,0,188,23,50,97
ABO,2011,3,5,2,-2.3,57.1,3,-9.6,2.15,-4.6,3,0,869.7,315,0.4,1.7,0,0,0,0,0,0,0,188,88,50,97
ABO,2011,3,5,3,-2,57.1,3,-9.4,2.15,-4.4,3.3,0,869.6,342,0.8,1.9,0,0,0,0,0,0,0,185,41,50,97
ABO,2011,3,5,4,-2.1,53.9,2.8,-10.2,2.01,-4.6,2.9,0,869.1,315,0.6,1.6,0,0,0,0,0,0,0,186,78,50,97
ABO,2011,3,5,5,-2.2,55.5,2.9,-9.9,2.08,-4.6,3,0,869,315,0.5,1.4,0,0,0,0,0,0,0,182,46,50,97
ABO,2011,3,5,6,-2.4,56,2.9,-10,2.08,-4.8,2.8,0,869.1,315,0.4,1.5,23,0,23,25,25,25,25,183,50,50,97
ABO,2011,3,5,7,-2.7,57.8,2.9,-9.9,2.08,-4.9,2.5,0,868.9,270,0.3,1.4,111,151,66,89,224,171,91,187,43,50,97
ABO,2011,3,5,8,-1.2,48.3,2.7,-10.7,1.94,-4.2,3.6,0,868.6,212,1,3.1,403,711,126,146,722,611,151,192,26,50,97
ABO,2011,3,5,9,1.7,38.4,2.6,-10.9,1.87,-2.4,6.4,0,868.1,194,0.9,2.3,546,783,154,193,683,809,199,196,36,50,97
ABO,2011,3,5,10,3.1,35.9,2.7,-10.5,1.94,-1.5,8,0,868.2,74,2.4,6.4,644,831,166,223,553,947,231,199,33,50,97
ABO,2011,3,5,11,2.7,45.4,3.4,-7.9,2.45,-1.1,8.8,0,867.9,79,2.6,6.2,676,819,181,236,347,983,283,204,13,50,97
ABO,2011,3,5,12,3.7,44.1,3.5,-7.4,2.52,-0.4,10,0,867.2,90,1.8,4.3,649,794,183,229,221,940,516,208,6,50,97
ABO,2011,3,5,13,4.2,45.4,3.8,-6.5,2.74,0.1,11.1,0,866.9,72,3,6.2,570,769,165,203,196,834,657,208,0,50,97
ABO,2011,3,5,14,4.1,56.6,4.6,-3.7,3.32,0.9,12.4,0,866.8,62,3,5.9,443,726,136,160,155,663,725,209,0,50,97
ABO,2011,3,5,15,2.9,72.7,5.5,-1.5,3.97,1,12.8,0,867.1,58,3.4,7.8,278,625,98,105,102,435,677,209,0,50,97
ABO,2011,3,5,16,1.6,80.8,5.5,-1.3,3.97,0.4,11.5,0,867.5,42,2.8,5.9,65,122,42,43,43,92,162,212,26,50,97
ABO,2011,3,5,17,0.8,83.9,5.4,-1.6,3.89,-0.2,10.5,0,867.8,172,0.7,1.6,0,0,0,0,0,0,0,209,0,50,97
ABO,2011,3,5,18,0.4,76,4.8,-3.3,3.46,-1,9,0,867.9,162,0.7,2.7,0,0,0,0,0,0,0,208,0,50,97
ABO,2011,3,5,19,0.1,76.1,4.7,-3.6,3.39,-1.3,8.5,0,868.2,189,0.7,1.9,0,0,0,0,0,0,0,205,0,50,97
ABO,2011,3,5,20,-0.1,75.7,4.6,-3.9,3.31,-1.6,8.2,0,868,194,0.5,1.3,0,0,0,0,0,0,0,202,0,50,97
ABO,2011,3,5,21,-1.1,80.8,4.6,-4,3.31,-2.2,7.1,0,867.8,180,0.5,2,0,0,0,0,0,0,0,199,0,50,97
ABO,2011,3,5,22,-1.7,81.6,4.4,-4.4,3.17,-2.7,6.2,0,867.6,225,0.6,2.4,0,0,0,0,0,0,0,196,0,50,97
ABO,2011,3,5,23,-2.4,81.1,4.2,-5.2,3.03,-3.4,5.1,0,867.7,270,0.2,1.5,0,0,0,0,0,0,0,193,25,50,97
ABO,2011,3,6,0,-2.7,80.8,4,-5.5,2.88,-3.7,4.4,0,867.5,333,0.4,1.1,0,0,0,0,0,0,0,192,0,43,97
ABO,2011,3,6,1,-3.2,80.6,3.9,-6.1,2.81,-4.2,3.8,0,867.2,297,0.4,1.7,0,0,0,0,0,0,0,189,0,43,97
ABO,2011,3,6,2,-3,78.4,3.8,-6.2,2.74,-4.1,3.8,0,866.6,262,0.9,4.4,0,0,0,0,0,0,0,187,0,43,97
ABO,2011,3,6,3,-3.6,80.4,3.8,-6.5,2.74,-4.6,3.2,0,866.5,11,0.8,3.6,0,0,0,0,0,0,0,185,0,43,97
ABO,2011,3,6,4,-3.9,79.5,3.6,-6.9,2.59,-4.9,2.5,0,867,360,0.8,3,0,0,0,0,0,0,0,183,0,43,97
ABO,2011,3,6,5,-4.1,78.7,3.5,-7.2,2.52,-5.1,2.1,0,866.6,315,0.5,2.1,0,0,0,0,0,0,0,182,0,43,97
ABO,2011,3,6,6,-3.6,75.2,3.5,-7.3,2.52,-4.8,2.6,0,866.9,14,0.5,2.5,22,0,22,25,25,25,26,183,19,43,97
ABO,2011,3,6,7,-3.2,69.4,3.4,-8,2.45,-4.8,2.9,0,867.8,39,0.9,2.5,110,192,51,83,251,183,85,186,0,43,97
ABO,2011,3,6,8,-1.7,58.9,3.2,-8.7,2.3,-4,4,0,867.8,216,1.2,4.7,403,697,130,132,702,585,135,191,0,43,97
ABO,2011,3,6,9,0.6,51.4,3.3,-8.3,2.37,-2.4,6.5,0,868,129,0.7,2.3,531,702,176,173,629,739,178,195,0,43,97
ABO,2011,3,6,10,3,43.1,3.3,-8.3,2.37,-1,8.9,0,868,140,0.8,2.2,636,784,182,199,522,891,206,200,0,43,97
ABO,2011,3,6,11,4.8,40.3,3.5,-7.5,2.52,0.2,11.1,0,868.1,77,2.2,4.3,687,844,173,209,320,972,256,204,6,43,97
ABO,2011,3,6,12,5.5,38.7,3.5,-7.4,2.52,0.6,11.8,0,867.9,86,1.7,4.8,667,842,167,203,196,946,501,207,6,43,97
ABO,2011,3,6,13,4.8,52,4.5,-4.2,3.24,1.2,12.9,0,868,73,3.1,5.9,605,902,126,179,172,887,685,206,0,43,97
ABO,2011,3,6,14,4.4,60.7,5.1,-2.5,3.68,1.5,13.6,0,868.1,52,2.8,7.3,467,823,114,142,137,696,770,206,0,43,97
ABO,2011,3,6,15,3.9,65.4,5.3,-2,3.82,1.4,13.5,0,868.2,68,1.7,4.8,293,691,91,95,92,451,724,205,0,43,97
ABO,2011,3,6,16,2.4,72.6,5.3,-2,3.82,0.6,12,0,868.5,73,1.4,3.5,68,138,42,41,40,96,175,205,6,43,97
ABO,2011,3,6,17,0.7,81.6,5.3,-2.1,3.82,-0.4,10.2,0,869.1,124,1.2,3.5,0,0,0,0,0,0,0,204,0,43,97
ABO,2011,3,6,18,-0.6,81.5,4.8,-3.4,3.45,-1.7,8,0,869.5,248,0.8,2.3,0,0,0,0,0,0,0,202,0,43,97
ABO,2011,3,6,19,-1.6,81.6,4.5,-4.3,3.24,-2.6,6.4,0,869.5,360,0.4,1.4,0,0,0,0,0,0,0,199,0,43,97
ABO,2011,3,6,20,-2.1,81.9,4.3,-4.8,3.09,-3.1,5.6,0,869.8,40,0.9,2.5,0,0,0,0,0,0,0,196,0,43,97
ABO,2011,3,6,21,-2.6,84.8,4.3,-4.8,3.09,-3.4,5.1,0,870,58,0.9,1.8,0,0,0,0,0,0,0,193,26,43,97
ABO,2011,3,6,22,-3.4,85.3,4.1,-5.5,2.95,-4.1,3.9,0,870,153,0.4,1.4,0,0,0,0,0,0,0,190,29,43,97
ABO,2011,3,6,23,-3.5,80.4,3.8,-6.4,2.73,-4.5,3.3,0,869.9,198,0.7,3.5,0,0,0,0,0,0,0,187,33,43,97
ABO,2011,3,7,0,-3.7,78.3,3.6,-6.9,2.59,-4.8,2.7,0,869.6,243,0.7,2.5,0,0,0,0,0,0,0,184,0,40,97
ABO,2011,3,7,1,-3.6,74.4,3.5,-7.5,2.51,-4.9,2.6,0,869.6,39,1,2.7,0,0,0,0,0,0,0,183,0,40,97
ABO,2011,3,7,2,-5.7,86.4,3.5,-7.6,2.51,-6.3,0.5,0,869.5,225,0.8,1.7,0,0,0,0,0,0,0,182,0,40,97
ABO,2011,3,7,3,-4.8,76.6,3.3,-8.3,2.37,-5.9,1,0,869.2,180,0.5,1.4,0,0,0,0,0,0,0,181,0,40,97
ABO,2011,3,7,4,-5.9,80.1,3.2,-8.8,2.3,-6.8,-0.2,0,869.6,225,0.8,3.4,0,0,0,0,0,0,0,181,0,40,97
ABO,2011,3,7,5,-4.3,67.6,3,-9.4,2.15,-5.9,1,0,869.3,270,0.6,3.8,0,0,0,0,0,0,0,180,0,40,97
ABO,2011,3,7,6,-5.4,73.6,3,-9.4,2.15,-6.6,-0.1,0,869.9,45,0.6,2.3,23,0,23,27,27,27,27,180,6,40,97
ABO,2011,3,7,7,-7.9,99.6,3.3,-8,2.37,-7.9,-2.1,0,870.2,180,0.2,1.1,177,382,65,81,427,276,84,184,13,40,97
ABO,2011,3,7,8,-6.9,88.4,3.2,-8.5,2.29,-7.4,-1.3,0,870.5,180,0.6,1.5,420,739,128,127,732,602,131,186,6,40,97
ABO,2011,3,7,9,-4.6,86.1,3.7,-6.6,2.65,-5.3,2,0,871,122,1.3,2.9,525,645,194,169,597,697,172,189,6,40,97
ABO,2011,3,7,10,-1.8,70.7,3.8,-6.4,2.72,-3.4,5,0,871.3,131,1,2.6,646,792,181,191,511,887,197,192,19,40,97
ABO,2011,3,7,11,0.4,69.1,4.4,-4.6,3.16,-1.5,8.3,0,871.7,84,2.1,4.8,698,855,172,199,311,969,247,195,6,40,97
ABO,2011,3,7,12,1.3,69.3,4.7,-3.7,3.37,-0.7,9.7,0,871.7,82,1.5,4.7,684,882,157,193,186,959,499,197,13,40,97
ABO,2011,3,7,13,2.8,65.3,4.9,-3.1,3.51,0.4,11.6,0,872,75,2,4.1,626,940,123,172,166,904,698,198,0,40,97
ABO,2011,3,7,14,3.3,66.4,5.1,-2.4,3.66,0.9,12.5,0,872.3,77,1.8,4.3,486,878,105,136,131,716,801,198,0,40,97
ABO,2011,3,7,15,3.7,63.4,5.1,-2.6,3.66,1.1,12.9,0,872.3,150,0.8,2.2,301,711,89,91,88,454,739,199,0,40,97
ABO,2011,3,7,16,1.9,72.6,5.1,-2.5,3.66,0.1,11,0,872.7,82,0.9,2.7,70,142,42,40,40,96,179,200,13,40,97
ABO,2011,3,7,17,-0.2,81,4.9,-3.1,3.51,-1.3,8.6,0,873.1,202,0.6,1.3,0,0,0,0,0,0,0,200,0,40,97
ABO,2011,3,7,18,-0.4,72.6,4.3,-4.7,3.08,-2,7.3,0,873.5,214,0.7,2.6,0,0,0,0,0,0,0,199,0,40,97
ABO,2011,3,7,19,0.5,62.2,3.9,-5.9,2.79,-1.8,7.5,0,873.7,304,0.5,2.9,0,0,0,0,0,0,0,197,0,40,97
ABO,2011,3,7,20,0.8,58.5,3.8,-6.4,2.72,-1.8,7.6,0,873.8,304,0.5,1.8,0,0,0,0,0,0,0,194,0,40,97
ABO,2011,3,7,21,0.7,58.8,3.8,-6.4,2.72,-1.9,7.5,0,874,284,0.4,1.3,0,0,0,0,0,0,0,191,0,40,97
ABO,2011,3,7,22,0.3,61.5,3.9,-6.2,2.79,-2,7.3,0,874,288,0.3,1.2,0,0,0,0,0,0,0,188,20,40,97
ABO,2011,3,7,23,0.2,62.1,3.8,-6.2,2.72,-2.1,7,0,874.1,284,0.4,1.3,0,0,0,0,0,0,0,185,29,40,97
ABO,2011,3,8,0,0.5,59.7,3.8,-6.4,2.72,-2,7.3,0,874.2,297,0.5,1.7,0,0,0,0,0,0,0,184,0,38,97
ABO,2011,3,8,1,-0.1,62,3.8,-6.5,2.72,-2.4,6.7,0,874.2,288,0.4,1.5,0,0,0,0,0,0,0,182,0,38,97
ABO,2011,3,8,2,0,61.3,3.7,-6.5,2.64,-2.3,6.6,0,874.2,333,0.5,1.2,0,0,0,0,0,0,0,179,0,38,97
ABO,2011,3,8,3,-0.2,62.1,3.7,-6.6,2.64,-2.5,6.4,0,874.2,342,0.5,1.6,0,0,0,0,0,0,0,178,0,38,97
ABO,2011,3,8,4,-0.5,63.4,3.7,-6.6,2.64,-2.6,6.1,0,874.4,315,0.4,1.3,0,0,0,0,0,0,0,176,0,38,97
ABO,2011,3,8,5,-0.6,63.9,3.7,-6.6,2.64,-2.7,6,0,874.6,360,0.5,1.4,0,0,0,0,0,0,0,174,0,38,97
ABO,2011,3,8,6,-1,65.1,3.7,-6.7,2.64,-3,5.6,0,874.8,333,0.3,1.7,21,0,21,25,24,24,25,176,0,38,97
ABO,2011,3,8,7,-0.7,64.7,3.8,-6.5,2.71,-2.7,6.1,0,875.1,315,0.2,1.3,182,376,70,80,424,273,82,182,0,38,97
ABO,2011,3,8,8,1,56.2,3.7,-6.7,2.64,-1.8,7.6,0,874.9,207,0.8,2.9,421,746,122,120,726,594,123,188,0,38,97
ABO,2011,3,8,9,3,46.7,3.6,-7.3,2.57,-0.8,9.4,0,874.8,140,0.8,2.6,512,602,200,161,565,656,164,195,0,38,97
ABO,2011,3,8,10,5.2,41.6,3.7,-6.8,2.64,0.6,11.8,0,874.5,107,1.7,4.3,639,782,176,179,491,861,185,201,13,38,97
ABO,2011,3,8,11,6.1,38.8,3.7,-6.9,2.64,1.1,12.8,0,874.3,74,2.5,5.7,685,826,172,188,295,928,260,206,25,38,97
ABO,2011,3,8,12,6.5,46.7,4.5,-4.1,3.22,2.1,14.6,0,874,50,3.9,6.8,689,899,147,182,176,953,489,209,0,38,97
ABO,2011,3,8,13,6.4,50.5,4.9,-3.1,3.51,2.4,15.2,0,873.5,49,4.3,7.3,633,937,126,165,159,894,692,210,0,38,97
ABO,2011,3,8,14,6.2,53.9,5.1,-2.4,3.65,2.5,15.4,0,873.2,49,3.9,6.9,490,873,108,130,126,705,794,210,6,38,97
ABO,2011,3,8,15,5.9,57.6,5.3,-1.8,3.8,2.6,15.5,0,872.9,52,3.3,5.7,302,708,87,86,84,445,730,211,0,38,97
ABO,2011,3,8,16,4.6,64.4,5.4,-1.5,3.87,2,14.3,0,872.9,63,1.6,5.1,71,125,46,40,39,89,162,211,13,38,97
ABO,2011,3,8,17,3,69.2,5.3,-2.1,3.8,0.9,12.5,0,873.2,259,0.8,2,0,0,0,0,0,0,0,210,0,38,97
ABO,2011,3,8,18,1.6,74.6,5.1,-2.4,3.65,0,10.7,0,873.1,288,0.3,1.5,0,0,0,0,0,0,0,209,0,38,97
ABO,2011,3,8,19,0.8,77.9,5,-2.6,3.58,-0.6,9.7,0,872.8,252,0.4,2.7,0,0,0,0,0,0,0,206,0,38,97
ABO,2011,3,8,20,0.1,80.4,5,-2.9,3.59,-1.1,9,0,872.4,297,0.3,1.3,0,0,0,0,0,0,0,203,25,38,97
ABO,2011,3,8,21,-0.7,82.8,4.8,-3.3,3.44,-1.7,7.9,0,872.5,270,0.4,1.4,0,0,0,0,0,0,0,200,40,38,97
ABO,2011,3,8,22,-0.8,80.5,4.7,-3.7,3.37,-1.9,7.6,0,872.2,297,0.4,1.6,0,0,0,0,0,0,0,198,34,38,97
ABO,2011,3,8,23,-0.9,80.1,4.6,-3.9,3.3,-2,7.3,0,872,297,0.4,1.2,0,0,0,0,0,0,0,195,60,38,97
ABO,2011,3,9,0,-0.8,80.7,4.7,-3.7,3.37,-1.9,7.6,0,872,288,0.4,1.5,0,0,0,0,0,0,0,193,0,34,97
ABO,2011,3,9,1,-0.9,77.7,4.4,-4.3,3.15,-2.2,7,0,871.9,270,0.6,2.5,0,0,0,0,0,0,0,191,0,34,97
ABO,2011,3,9,2,-1.6,79.4,4.3,-4.7,3.08,-2.7,6.1,0,871.7,315,0.3,1.5,0,0,0,0,0,0,0,190,0,34,97
ABO,2011,3,9,3,-1.3,80.1,4.5,-4.3,3.23,-2.4,6.7,0,871.2,304,0.4,1.6,0,0,0,0,0,0,0,188,0,34,97
ABO,2011,3,9,4,-1.8,80,4.3,-4.8,3.09,-2.9,5.9,0,870.9,297,0.5,1.7,0,0,0,0,0,0,0,186,0,34,97
ABO,2011,3,9,5,-1.7,78.1,4.3,-5,3.09,-2.9,6,0,870.6,333,0.5,1.6,0,0,0,0,0,0,0,185,0,34,97
ABO,2011,3,9,6,-1.9,75.8,4,-5.6,2.87,-3.2,5.2,0,870.9,315,0.4,1.2,25,0,25,24,24,24,24,186,13,34,97
ABO,2011,3,9,7,-1.6,70.3,3.8,-6.3,2.73,-3.2,5.2,0,871.1,270,0.6,2.7,179,368,67,73,408,259,74,191,6,34,97
ABO,2011,3,9,8,-0.1,57.1,3.5,-7.6,2.51,-2.7,6.1,0,871.3,207,0.8,2.7,428,757,120,110,725,587,113,197,0,34,97
ABO,2011,3,9,9,2.3,52.8,3.8,-6.3,2.72,-0.9,9.1,0,871.6,143,1,3.3,540,712,166,142,599,705,145,202,6,34,97
ABO,2011,3,9,10,3.9,54.3,4.4,-4.5,3.16,0.6,11.8,0,871.4,135,1.5,5.6,669,889,138,159,493,905,165,208,0,34,97
ABO,2011,3,9,11,5.5,40.7,3.7,-6.8,2.65,0.8,12.2,0,870.6,144,1.4,3.3,714,932,131,166,246,969,233,214,6,34,97
ABO,2011,3,9,12,6.7,31,3,-9.2,2.15,0.8,12.1,0,869.7,141,1.4,3.6,680,891,138,161,156,918,459,218,13,34,97
ABO,2011,3,9,13,7.7,30.9,3.3,-8.4,2.37,1.5,13.7,0,869.2,147,2.1,4.8,616,923,112,144,138,849,653,218,0,34,97
ABO,2011,3,9,14,7.6,29.9,3.1,-8.9,2.23,1.4,13.2,0,869.1,171,2.7,6,472,835,103,114,110,658,746,218,0,34,97
ABO,2011,3,9,15,6.2,54.2,5.1,-2.4,3.67,2.5,15.4,0,869.3,69,3.4,7.5,315,728,93,82,79,449,749,220,19,34,97
ABO,2011,3,9,16,4.9,61.8,5.4,-1.8,3.89,2,14.7,0,869.8,45,1.4,5.4,33,0,33,34,34,34,34,223,54,34,97
ABO,2011,3,9,17,3.6,67.4,5.3,-1.9,3.81,1.3,13.2,0,870.3,225,0.6,2,0,0,0,0,0,0,0,227,88,34,97
ABO,2011,3,9,18,2.4,70.1,5.1,-2.5,3.67,0.4,11.6,0,870.3,279,0.7,3.2,0,0,0,0,0,0,0,224,59,34,97
ABO,2011,3,9,19,1.6,71.8,5,-2.9,3.59,-0.2,10.6,0,870.2,243,0.4,1.8,0,0,0,0,0,0,0,225,88,34,97
ABO,2011,3,9,20,1.7,68.5,4.7,-3.5,3.38,-0.4,10.1,0,870.6,256,1,3,0,0,0,0,0,0,0,221,59,34,97
ABO,2011,3,9,21,2.4,62.4,4.5,-4,3.23,-0.1,10.5,0,870.6,257,1.2,5.5,0,0,0,0,0,0,0,217,78,34,97
ABO,2011,3,9,22,3.7,53.1,4.2,-5,3.02,0.3,11.3,0,870.3,233,3.4,5.6,0,0,0,0,0,0,0,221,94,34,97
ABO,2011,3,9,23,3.6,50.6,4,-5.7,2.87,0,10.8,0,870.1,248,2.7,4.9,0,0,0,0,0,0,0,216,88,34,97
ABO,2011,3,10,0,4.1,47.1,3.9,-6.2,2.8,0.2,11.1,0,870,245,3.3,6.1,0,0,0,0,0,0,0,212,71,35,97
ABO,2011,3,10,1,4.2,45.7,3.8,-6.5,2.73,0.1,11,0,869.9,251,3.1,6.3,0,0,0,0,0,0,0,210,66,35,97
ABO,2011,3,10,2,3.9,45.9,3.7,-6.7,2.66,-0.1,10.6,0,869.7,256,3.8,6.5,0,0,0,0,0,0,0,214,90,35,97
ABO,2011,3,10,3,3.2,48.5,3.7,-6.6,2.66,-0.5,9.9,0,869.6,242,3.7,6.6,0,0,0,0,0,0,0,218,100,35,97
ABO,2011,3,10,4,3.2,48.9,3.7,-6.5,2.66,-0.4,9.9,0,869.9,245,3.1,6.8,0,0,0,0,0,0,0,208,19,35,97
ABO,2011,3,10,5,2.8,50.2,3.7,-6.5,2.66,-0.7,9.4,0,870.2,250,3.3,6.3,0,0,0,0,0,0,0,206,0,35,97
ABO,2011,3,10,6,2.9,50.7,3.8,-6.3,2.73,-0.5,9.7,0,870.5,255,3.5,6.1,31,0,31,31,31,31,31,208,19,35,97
ABO,2011,3,10,7,2.9,52,3.9,-6,2.8,-0.5,9.9,0,870.4,239,3.9,6.7,192,373,77,81,423,271,83,210,29,35,97
ABO,2011,3,10,8,4.7,46.4,4,-5.8,2.87,0.6,11.9,0,870.5,205,4.7,9.1,402,633,140,115,638,523,117,220,45,35,97
ABO,2011,3,10,9,6.2,43.2,4.1,-5.4,2.94,1.6,13.6,0,870.5,205,4.7,8.2,531,665,179,148,581,679,152,221,33,35,97
ABO,2011,3,10,10,7.2,40.1,4.1,-5.4,2.94,2.1,14.6,0,870.5,194,4.9,8.9,682,888,146,168,502,914,174,221,6,35,97
ABO,2011,3,10,11,7.9,38.5,4.1,-5.4,2.94,2.4,15.3,0,870.2,172,4.3,8.5,741,966,131,176,258,1004,245,227,6,35,97
ABO,2011,3,10,12,8.3,37.3,4.1,-5.4,2.95,2.7,15.7,0,869.8,162,4.3,7.6,735,947,154,178,171,989,502,232,26,35,97
ABO,2011,3,10,13,8.9,33.8,3.9,-6.2,2.8,2.7,16,0,869.2,166,3.7,7.4,615,894,122,150,144,836,649,231,13,35,97
ABO,2011,3,10,14,9.3,32.7,3.8,-6.3,2.73,2.9,16.2,0,868.9,191,3.3,5.8,490,865,104,121,116,680,777,230,25,35,97
ABO,2011,3,10,15,8.8,34,3.9,-6.2,2.8,2.7,15.9,0,868.9,182,2.9,6.1,302,679,89,82,80,420,700,231,29,35,97
ABO,2011,3,10,16,6.9,47.7,4.7,-3.4,3.38,2.5,15.4,0,869.2,153,1.8,5.6,40,0,40,40,40,40,40,232,45,35,97
ABO,2011,3,10,17,5.2,59.2,5.2,-2.1,3.74,2.1,14.6,0,869.5,284,0.8,2.3,2,0,2,1,1,1,1,234,68,35,97
ABO,2011,3,10,18,3.8,62.9,5,-2.6,3.6,1.1,12.8,0,869.9,329,0.6,1.8,0,0,0,0,0,0,0,227,23,35,97
ABO,2011,3,10,19,3,64.5,4.9,-3,3.52,0.6,11.8,0,870.3,307,0.5,1.5,0,0,0,0,0,0,0,221,0,35,97
ABO,2011,3,10,20,3.4,60.6,4.7,-3.5,3.38,0.6,11.9,0,870.3,246,2.1,6.7,0,0,0,0,0,0,0,219,0,35,97
ABO,2011,3,10,21,4,58.8,4.8,-3.3,3.45,1,12.7,0,870.1,266,2.8,6.8,0,0,0,0,0,0,0,216,0,35,97
ABO,2011,3,10,22,4.1,53.4,4.4,-4.5,3.16,0.7,12,0,870.2,257,2.5,6.5,0,0,0,0,0,0,0,213,0,35,97
ABO,2011,3,10,23,3.2,57.2,4.4,-4.4,3.16,0.2,11.1,0,870.3,242,2.2,7.3,0,0,0,0,0,0,0,211,26,35,97
ABO,2011,3,11,0,1.9,64.9,4.5,-4,3.23,-0.4,10,0,870.1,360,0.3,1.8,0,0,0,0,0,0,0,207,0,35,97
ABO,2011,3,11,1,1.8,62.5,4.4,-4.6,3.16,-0.7,9.7,0,869.7,315,0.5,2.8,0,0,0,0,0,0,0,204,0,35,97
ABO,2011,3,11,2,1.2,63.1,4.2,-5,3.02,-1.1,8.7,0,869.2,315,0.4,1.8,0,0,0,0,0,0,0,201,0,35,97
ABO,2011,3,11,3,0.2,65.3,4.1,-5.5,2.95,-1.9,7.5,0,869.6,45,0.5,1.2,0,0,0,0,0,0,0,198,0,35,97
ABO,2011,3,11,4,-0.3,69.1,4.1,-5.3,2.95,-2.1,7,0,869.2,270,0.8,2,0,0,0,0,0,0,0,195,0,35,97
ABO,2011,3,11,5,-0.7,68.3,4,-5.8,2.88,-2.5,6.5,0,869.2,360,0.6,2,0,0,0,0,0,0,0,192,0,35,97
ABO,2011,3,11,6,-0.4,62.9,3.8,-6.6,2.73,-2.6,6.4,0,869.1,256,0.5,1.3,34,0,34,34,34,34,34,193,13,35,97
ABO,2011,3,11,7,0.5,54.1,3.4,-7.7,2.44,-2.3,6.6,0,869.5,252,0.5,1.7,202,377,83,85,434,278,87,199,25,35,97
ABO,2011,3,11,8,2,49.8,3.5,-7.4,2.51,-1.4,8.3,0,869.2,194,0.9,2.1,381,509,167,121,554,459,122,206,23,35,97
ABO,2011,3,11,9,4.5,47,4,-5.8,2.88,0.5,11.7,0,869.3,99,1.4,4.7,506,550,212,155,530,608,157,213,25,35,97
ABO,2011,3,11,10,5.7,56.4,5.2,-2.3,3.74,2.3,15.1,0,869.3,69,3.7,6.3,636,711,201,174,467,801,178,219,19,35,97
ABO,2011,3,11,11,6.2,54,5.1,-2.4,3.67,2.5,15.4,0,868.7,81,1.9,5.1,728,931,135,175,261,971,237,226,25,35,97
ABO,2011,3,11,12,7.3,53.4,5.5,-1.5,3.97,3.4,17.3,0,868.2,83,2.5,6.6,701,919,132,169,162,936,471,230,13,35,97
ABO,2011,3,11,13,7.7,60.2,6.3,0.5,4.55,4.3,19.2,0,867.6,70,3.5,5.8,636,928,120,153,147,859,674,230,6,35,97
ABO,2011,3,11,14,7.9,60.2,6.4,0.7,4.63,4.5,19.6,0,867.1,72,2.3,4.6,503,867,111,124,120,686,789,229,25,35,97
ABO,2011,3,11,15,7.8,61.3,6.5,0.8,4.7,4.5,19.6,0,867,68,2.4,5.1,323,742,89,85,82,449,763,227,19,35,97
ABO,2011,3,11,16,6.1,67.6,6.4,0.6,4.63,3.6,17.7,0,867,59,1.8,5.2,33,0,33,40,39,39,40,227,13,35,97
ABO,2011,3,11,17,4.4,72.7,6.1,-0.1,4.41,2.4,15.5,0,866.9,225,0.5,1.4,3,0,3,2,2,2,2,225,6,35,97
ABO,2011,3,11,18,2.7,76,5.6,-1.1,4.04,1.1,12.8,0,866.8,297,0.4,1.6,0,0,0,0,0,0,0,222,0,35,97
ABO,2011,3,11,19,2.2,72.8,5.2,-2.2,3.76,0.4,11.6,0,866.5,315,0.3,1.7,0,0,0,0,0,0,0,218,0,35,97
ABO,2011,3,11,20,2.5,64.9,4.7,-3.4,3.39,0.1,11,0,866.4,297,0.5,1.7,0,0,0,0,0,0,0,214,0,35,97
ABO,2011,3,11,21,1.6,65.2,4.5,-4.2,3.25,-0.6,9.7,0,866,304,0.5,2.5,0,0,0,0,0,0,0,210,0,35,97
ABO,2011,3,11,22,1.9,60.6,4.3,-4.9,3.1,-0.7,9.7,0,865.7,284,0.4,2.3,0,0,0,0,0,0,0,205,0,35,97
ABO,2011,3,11,23,2.1,58.1,4.1,-5.3,2.96,-0.7,9.5,0,865.2,284,0.5,2,0,0,0,0,0,0,0,201,19,35,97
ABO,2011,3,12,0,1.6,60.1,4.1,-5.3,2.96,-1,9,0,864.8,270,0.3,2,0,0,0,0,0,0,0,203,16,37,97
ABO,2011,3,12,1,1.3,63.2,4.2,-4.9,3.04,-1,8.9,0,864.3,307,0.6,2.2,0,0,0,0,0,0,0,204,26,37,97
ABO,2011,3,12,2,1.5,62.6,4.3,-4.8,3.11,-0.9,9.3,0,863.8,297,0.5,2.1,0,0,0,0,0,0,0,203,33,37,97
ABO,2011,3,12,3,1.1,63,4.2,-5.1,3.04,-1.2,8.7,0,863.2,270,0.4,1.6,0,0,0,0,0,0,0,210,71,37,97
ABO,2011,3,12,4,1.1,61.7,4.1,-5.4,2.97,-1.3,8.5,0,862.8,304,0.4,1.9,0,0,0,0,0,0,0,213,100,37,97
ABO,2011,3,12,5,0.8,62.1,4,-5.6,2.9,-1.6,8,0,862.1,270,0.4,1.8,0,0,0,0,0,0,0,210,94,37,97
ABO,2011,3,12,6,1.2,59.9,4,-5.7,2.9,-1.4,8.4,0,861.6,252,0.6,3.6,39,0,39,33,34,33,33,206,56,37,97
ABO,2011,3,12,7,1.6,59,4.1,-5.5,2.97,-1.1,9,0,861.4,248,0.8,3.6,125,27,117,81,109,97,79,214,54,37,97
ABO,2011,3,12,8,4.5,47.6,4,-5.7,2.9,0.5,11.8,0,861.6,202,0.8,3.2,322,285,201,133,386,331,132,228,94,37,97
ABO,2011,3,12,9,5.5,46.7,4.2,-5,3.05,1.3,13.2,0,860.8,108,0.8,4.3,520,613,193,163,566,635,166,233,78,37,97
ABO,2011,3,12,10,7.6,38.2,4,-5.7,2.9,2.2,14.9,0,861,99,1.4,4.7,293,51,262,162,197,215,158,241,100,37,97
ABO,2011,3,12,11,7.6,38.3,4,-5.7,2.9,2.2,14.9,0,860.7,100,1.2,3.4,122,0,122,74,77,76,72,248,100,37,97
ABO,2011,3,12,12,7.8,41.4,4.4,-4.5,3.2,2.7,15.9,0,859.8,61,1.9,4.5,60,0,60,37,38,38,35,252,100,37,97
ABO,2011,3,12,13,7.9,41.6,4.4,-4.3,3.2,2.8,16,0,860,117,0.9,2.9,44,0,44,27,28,28,26,253,100,37,97
ABO,2011,3,12,14,7.8,42.5,4.5,-4.1,3.27,2.8,16.1,0,859.8,135,2.4,10.5,67,0,67,41,42,42,39,254,100,37,97
ABO,2011,3,12,15,8.4,37.1,4.1,-5.4,2.98,2.7,15.9,0,858.9,204,4.2,13.9,44,0,44,27,28,28,26,254,100,37,97
ABO,2011,3,12,16,8.3,33.5,3.7,-6.8,2.69,2.3,15.1,0,858.8,197,6.5,18.5,7,0,7,4,4,4,4,255,100,37,97
ABO,2011,3,12,17,8.3,33.5,3.7,-6.8,2.69,2.3,15.1,0,858.5,218,4.8,13.7,0,0,0,0,0,0,0,255,100,37,97
ABO,2011,3,12,18,7.9,34.7,3.7,-6.7,2.69,2.1,14.7,0,858.3,204,4.9,15,0,0,0,0,0,0,0,256,100,37,97
ABO,2011,3,12,19,7.7,33.7,3.5,-7.3,2.55,1.8,14.1,0,858.6,205,9.3,16.3,0,0,0,0,0,0,0,255,100,37,97
ABO,2011,3,12,20,7.6,33.1,3.5,-7.6,2.55,1.7,14,0,858.7,203,9.3,16.4,0,0,0,0,0,0,0,255,100,37,97
ABO,2011,3,12,21,7.3,33.8,3.5,-7.6,2.55,1.5,13.7,0,858.9,203,8.7,19.1,0,0,0,0,0,0,0,255,100,37,97
ABO,2011,3,12,22,7.3,33.4,3.4,-7.7,2.47,1.5,13.5,0,858.5,205,7.7,17.3,0,0,0,0,0,0,0,255,100,37,97
ABO,2011,3,12,23,7.3,32.9,3.3,-7.9,2.4,1.5,13.4,0,858.3,206,7.1,16.3,0,0,0,0,0,0,0,255,100,37,97
ABO,2011,3,13,0,7.1,35.9,3.6,-7,2.62,1.6,13.7,0,858,227,7.2,15.5,0,0,0,0,0,0,0,255,100,38,97
ABO,2011,3,13,1,6.8,35.8,3.6,-7.3,2.62,1.3,13.4,0,857.3,229,4,12.3,0,0,0,0,0,0,0,254,100,38,97
ABO,2011,3,13,2,5.9,40.9,3.8,-6.4,2.77,1.1,12.9,0,856.4,221,1.3,4.9,0,0,0,0,0,0,0,254,100,38,97
ABO,2011,3,13,3,5,45,3.9,-5.9,2.85,0.8,12.2,0,855.9,14,1.4,6,0,0,0,0,0,0,0,253,100,38,97
ABO,2011,3,13,4,4.1,50.9,4.2,-5.1,3.07,0.5,11.8,0,856.3,32,1.3,4.3,0,0,0,0,0,0,0,253,100,38,97
ABO,2011,3,13,5,4.1,50.2,4.1,-5.3,2.99,0.4,11.6,0,856.3,306,1.2,6.5,0,0,0,0,0,0,0,252,100,38,97
ABO,2011,3,13,6,6.3,39.2,3.7,-6.6,2.7,1.3,13.1,0,856,216,3.4,10.4,11,0,11,7,7,7,6,252,100,38,97
ABO,2011,3,13,7,7.3,36.1,3.7,-6.7,2.7,1.8,14.1,0,855.8,221,3.2,8,24,0,24,15,15,15,14,253,100,38,97
ABO,2011,3,13,8,7.7,35.5,3.7,-6.6,2.7,2,14.5,0,855.8,213,4.6,10.9,42,0,42,26,27,27,25,254,100,38,97
ABO,2011,3,13,9,7.4,37.3,3.8,-6.2,2.77,2,14.4,0,855.9,198,3.4,10.8,172,11,166,103,114,115,100,254,100,38,97
ABO,2011,3,13,10,8.2,33.1,3.6,-7.1,2.63,2.1,14.8,0,856,212,5.6,12.9,175,12,167,104,114,118,101,255,100,38,97
ABO,2011,3,13,11,8,32.5,3.5,-7.5,2.55,1.9,14.5,0,856.3,215,7.6,14.4,156,0,156,96,100,99,93,256,100,38,97
ABO,2011,3,13,12,8,32.5,3.5,-7.5,2.55,1.9,14.5,0,855.8,215,7.5,16.2,138,0,138,85,88,87,82,256,100,38,97
ABO,2011,3,13,13,8.1,31.8,3.5,-7.7,2.55,1.9,14.6,0,855.8,213,6.7,15.7,152,0,152,94,97,96,91,256,100,38,97
ABO,2011,3,13,14,8.2,31.5,3.4,-7.7,2.48,2,14.5,0,856.1,221,4.7,11.1,48,0,48,30,31,30,29,254,100,38,97
ABO,2011,3,13,15,8.3,31,3.4,-7.8,2.48,2,14.6,0,856.4,218,4.3,11.7,77,17,72,45,46,55,60,254,100,38,97
ABO,2011,3,13,16,7.7,33.8,3.6,-7.2,2.62,1.8,14.3,0,857,209,5.6,13.3,8,0,8,5,5,5,5,255,100,38,97
ABO,2011,3,13,17,7.3,35.3,3.6,-7,2.62,1.7,13.9,0,857.6,209,1.5,6,1,0,1,1,1,1,1,255,100,38,97
ABO,2011,3,13,18,6.4,41.7,4,-5.7,2.91,1.6,13.7,0,858.3,346,1,3.2,0,0,0,0,0,0,0,255,100,38,97
ABO,2011,3,13,19,6.1,43.5,4.1,-5.4,2.98,1.5,13.6,0,859.2,288,0.9,3.9,0,0,0,0,0,0,0,255,100,38,97
ABO,2011,3,13,20,6,45.8,4.3,-4.8,3.13,1.6,13.9,0,860.1,210,1.2,7.4,0,0,0,0,0,0,0,255,100,38,97
ABO,2011,3,13,21,5.4,52.9,4.7,-3.4,3.42,1.7,14,0,860.1,234,1.8,7,0,0,0,0,0,0,0,253,100,38,97
ABO,2011,3,13,22,4.7,58.2,5,-2.8,3.64,1.6,13.8,0,860.3,360,1,2.9,0,0,0,0,0,0,0,253,94,38,97
ABO,2011,3,13,23,4.1,62.7,5.2,-2.4,3.78,1.4,13.6,0,860.6,27,1,3.8,0,0,0,0,0,0,0,255,100,38,97
ABO,2011,3,14,0,3.9,63.7,5.1,-2.3,3.7,1.3,13.2,0,861.4,18,0.9,2.6,0,0,0,0,0,0,0,253,100,36,97
ABO,2011,3,14,1,3.8,63.8,5.1,-2.4,3.7,1.2,13.1,0,862.3,256,0.7,1.9,0,0,0,0,0,0,0,249,100,36,97
ABO,2011,3,14,2,3.3,66.6,5.2,-2.3,3.77,1,12.8,0,862.3,14,0.5,1.6,0,0,0,0,0,0,0,244,94,36,97
ABO,2011,3,14,3,2.7,68.7,5.1,-2.5,3.7,0.6,12,0,862.8,249,0.9,3.1,0,0,0,0,0,0,0,228,38,36,97
ABO,2011,3,14,4,2.1,70.2,5,-2.8,3.62,0.1,11.2,0,863.3,18,0.6,2,0,0,0,0,0,0,0,217,23,36,97
ABO,2011,3,14,5,1.3,72,4.8,-3.2,3.48,-0.5,10,0,863.4,288,0.6,2.4,0,0,0,0,0,0,0,218,0,36,97
ABO,2011,3,14,6,1,71.8,4.7,-3.5,3.4,-0.8,9.5,0,864,315,0.3,1.4,31,0,31,34,34,34,34,224,36,36,97
ABO,2011,3,14,7,1.7,69,4.8,-3.4,3.47,-0.3,10.4,0,864.9,207,0.8,3.9,283,639,95,81,685,369,83,229,45,36,97
ABO,2011,3,14,8,4.4,57.3,4.8,-3.3,3.47,1.2,13.1,0,865.1,189,0.7,2.3,351,340,203,134,437,368,134,240,90,36,97
ABO,2011,3,14,9,6.3,50.1,4.8,-3.3,3.47,2.3,15,0,865.1,167,1.4,3.2,441,316,265,173,401,448,172,247,100,36,97
ABO,2011,3,14,10,7.6,46.2,4.8,-3.2,3.47,3,16.4,0,865.1,138,1.7,3.8,542,412,286,195,408,584,195,251,100,36,97
ABO,2011,3,14,11,8.4,44.7,4.9,-2.9,3.54,3.5,17.3,0,865,144,1.5,4.1,545,411,276,200,219,579,273,255,84,36,97
ABO,2011,3,14,12,9.6,41.5,4.9,-2.8,3.55,4.1,18.6,0,864.6,107,1.8,4.6,716,792,212,196,190,892,487,265,78,36,97
ABO,2011,3,14,13,9.9,44.4,5.4,-1.6,3.91,4.6,19.8,0,864.8,55,2.9,7.2,418,282,262,173,175,410,370,257,94,36,97
ABO,2011,3,14,14,10.1,47,5.8,-0.7,4.2,5.1,20.7,0,865,43,3.8,6.9,493,826,110,126,122,646,763,242,38,36,97
ABO,2011,3,14,15,9.6,50.9,6.1,-0.1,4.42,5,20.8,0,864.9,46,3.3,6.2,326,733,85,87,85,433,757,235,0,36,97
ABO,2011,3,14,16,8.5,57.1,6.3,0.5,4.56,4.7,20,0,865,34,1.9,5,36,0,36,44,44,44,44,239,33,36,97
ABO,2011,3,14,17,6.5,64.1,6.2,0.2,4.49,3.6,17.8,0,865.5,304,0.5,1.6,4,0,4,3,3,3,3,240,61,36,97
ABO,2011,3,14,18,5,71.2,6.2,0.2,4.49,2.8,16.3,0,865.6,288,0.6,1.8,0,0,0,0,0,0,0,244,61,36,97
ABO,2011,3,14,19,3.9,75.6,6.1,0,4.41,2.2,15,0,865.7,288,0.4,2.3,0,0,0,0,0,0,0,249,94,36,97
ABO,2011,3,14,20,3.2,78.4,6,-0.2,4.34,1.7,14.1,0,865.7,225,0.8,4.4,0,0,0,0,0,0,0,232,60,36,97
ABO,2011,3,14,21,3.5,73.5,5.8,-0.8,4.2,1.6,14,0,865.5,270,1,3,0,0,0,0,0,0,0,235,60,36,97
ABO,2011,3,14,22,3.9,59.3,4.8,-3.3,3.47,1,12.6,0,865.3,286,0.9,3.7,0,0,0,0,0,0,0,230,45,36,97
ABO,2011,3,14,23,5.2,45.5,3.9,-5.6,2.82,1,12.3,0,865.1,246,2.2,6.6,0,0,0,0,0,0,0,234,84,36,97
ABO,2011,3,15,0,6.5,36.7,3.5,-7.2,2.53,1.2,12.9,0,864.9,248,2.5,6.5,0,0,0,0,0,0,0,232,61,35,97
ABO,2011,3,15,1,4.2,47.1,3.9,-6.1,2.82,0.3,11.3,0,864.6,27,0.7,3,0,0,0,0,0,0,0,230,78,35,97
ABO,2011,3,15,2,3.7,49.4,3.9,-5.9,2.82,0,10.8,0,864.2,277,0.9,3.3,0,0,0,0,0,0,0,227,39,35,97
ABO,2011,3,15,3,3.2,50.8,3.9,-6,2.82,-0.3,10.3,0,864.2,263,0.9,5.2,0,0,0,0,0,0,0,243,94,35,97
ABO,2011,3,15,4,3.9,49.5,4,-5.7,2.89,0.2,11.2,0,864,270,0.8,3.8,0,0,0,0,0,0,0,240,94,35,97
ABO,2011,3,15,5,3.5,51.3,4,-5.6,2.89,0,10.8,0,863.7,299,1.4,4.6,0,0,0,0,0,0,0,239,90,35,97
ABO,2011,3,15,6,3.5,52.7,4.1,-5.2,2.97,0.1,10.9,0,863.6,270,1.1,3.7,34,0,34,35,35,35,35,236,45,35,97
ABO,2011,3,15,7,4.3,50.6,4.2,-5,3.04,0.6,11.9,0,863.1,256,1,2.7,140,104,112,69,175,116,67,246,94,35,97
ABO,2011,3,15,8,6.9,43.2,4.3,-4.7,3.11,2.1,14.8,0,863,203,0.8,3.2,387,478,179,130,539,434,130,245,59,35,97
ABO,2011,3,15,9,9.1,36.8,4.3,-4.9,3.12,3.2,17,0,862.5,139,1.1,4.4,454,343,261,171,418,466,170,252,68,35,97
ABO,2011,3,15,10,11.4,32.4,4.4,-4.5,3.19,4.4,19.5,0,861.8,80,2,7.7,596,570,237,183,437,689,185,259,71,35,97
ABO,2011,3,15,11,13,30,4.5,-4.2,3.27,5.3,21.3,0,861.4,200,2.5,7.9,448,182,328,204,230,392,238,274,100,35,97
ABO,2011,3,15,12,13.1,30.9,4.7,-3.7,3.41,5.5,21.8,0,860.8,201,3.1,7.8,435,243,277,180,182,414,272,282,100,35,97
ABO,2011,3,15,13,12.6,32.3,4.7,-3.5,3.42,5.3,21.3,0,860.4,196,2.7,7,164,4,162,97,100,104,96,279,100,35,97
ABO,2011,3,15,14,11.8,38.4,5.3,-1.9,3.86,5.5,21.6,0,860.2,62,2.4,6.5,84,1,84,50,52,52,49,277,100,35,97
ABO,2011,3,15,15,11.1,41.9,5.5,-1.3,4,5.3,21.2,0,860.3,54,2.3,6.3,25,0,25,15,15,15,14,274,100,35,97
ABO,2011,3,15,16,9.9,46.1,5.6,-1.1,4.08,4.8,20.2,0,860.1,45,1,3.7,7,0,7,4,4,4,4,272,100,35,97
ABO,2011,3,15,17,8.8,49.8,5.6,-1.1,4.08,4.3,19.1,0,859.8,360,1.3,2.6,0,0,0,0,0,0,0,271,100,35,97
ABO,2011,3,15,18,8.3,49.8,5.4,-1.6,3.93,3.9,18.2,0,860,315,1.6,4.8,0,0,0,0,0,0,0,271,100,35,97
ABO,2011,3,15,19,7.6,50.8,5.3,-1.9,3.86,3.4,17.3,0,859.6,286,1.4,6.5,0,0,0,0,0,0,0,269,100,35,97
ABO,2011,3,15,20,8,48,5.1,-2.3,3.71,3.5,17.4,0,859.1,5,1.4,4.5,0,0,0,0,0,0,0,264,78,35,97
ABO,2011,3,15,21,10.5,35.2,4.5,-4.2,3.28,4.1,18.8,0,859.1,224,3.2,10.9,0,0,0,0,0,0,0,267,100,35,97
ABO,2011,3,15,22,10.6,35.4,4.5,-4.1,3.28,4.2,18.9,0,857.9,219,1.8,7.3,0,0,0,0,0,0,0,266,100,35,97
ABO,2011,3,15,23,10.4,35.6,4.5,-4.2,3.28,4.1,18.7,0,857.5,254,3.4,10.7,0,0,0,0,0,0,0,261,100,35,97
ABO,2011,3,16,0,9.9,37.6,4.6,-3.9,3.36,3.9,18.4,0,856.8,355,2.4,4,0,0,0,0,0,0,0,264,100,35,97
ABO,2011,3,16,1,10,37.1,4.6,-4,3.36,3.9,18.5,0,855.6,298,3.2,6,0,0,0,0,0,0,0,265,100,35,97
ABO,2011,3,16,2,9,40.6,4.6,-3.7,3.37,3.5,17.5,0,854.8,350,1.3,2.5,0,0,0,0,0,0,0,265,100,35,97
ABO,2011,3,16,3,9.9,36.6,4.4,-4.2,3.22,3.8,18.1,0,854.4,288,1.8,3.5,0,0,0,0,0,0,0,265,100,35,97
ABO,2011,3,16,4,10,35.8,4.4,-4.4,3.22,3.8,18.2,0,854.9,192,2,6,0,0,0,0,0,0,0,265,100,35,97
ABO,2011,3,16,5,9.4,38,4.5,-4.2,3.29,3.6,17.7,0,854.9,226,4.2,8,0,0,0,0,0,0,0,266,100,35,97
ABO,2011,3,16,6,9.2,40,4.7,-3.7,3.44,3.6,17.9,0,854.8,173,1.5,5.5,5,0,5,3,3,3,3,265,100,35,97
ABO,2011,3,16,7,8.8,45.8,5.2,-2.2,3.81,3.9,18.4,0,855.2,34,2.3,4,80,13,75,45,59,53,44,267,88,35,97
ABO,2011,3,16,8,8.8,50,5.7,-1,4.17,4.3,19.3,0,855.3,146,2.7,5.5,131,24,121,73,98,90,71,271,100,35,97
ABO,2011,3,16,9,8.7,52.7,5.9,-0.4,4.32,4.5,19.6,0,855.1,90,1.6,5,132,0,132,79,82,81,76,274,100,35,97
ABO,2011,3,16,10,9.2,51.8,6.1,-0.2,4.47,4.8,20.5,0,854.4,78,1.5,3.6,403,140,313,192,268,334,188,276,100,35,97
ABO,2011,3,16,11,10.6,46.1,5.9,-0.5,4.33,5.4,21.6,0,854.3,90,2.5,6.6,309,58,271,164,190,226,159,278,100,35,97
ABO,2011,3,16,12,9.8,54.8,6.7,1.1,4.92,5.6,22.2,0,854,44,3.5,6.5,105,0,105,63,65,64,60,280,100,35,97
ABO,2011,3,16,13,8.8,60.3,6.8,1.5,4.99,5.3,21.4,0,853.8,75,3.7,7.5,46,0,46,27,28,28,26,279,100,35,97
ABO,2011,3,16,14,8.2,64.2,7,1.8,5.14,5.1,21.2,0,853.6,47,3.6,6.5,109,15,102,62,64,73,73,274,94,35,97
ABO,2011,3,16,15,7.7,65.6,6.9,1.7,5.07,4.8,20.5,0,853.6,68,2.2,5.1,162,66,140,85,88,121,147,273,94,35,97
ABO,2011,3,16,16,7.5,67.5,7,1.9,5.14,4.8,20.5,0,853.4,62,2.1,5.1,20,0,20,12,12,12,11,269,100,35,97
ABO,2011,3,16,17,6.8,69.5,6.9,1.6,5.07,4.3,19.6,0,853.6,65,1.9,4.5,0,0,0,0,0,0,0,276,100,35,97
ABO,2011,3,16,18,5.7,76.3,7,1.9,5.14,3.9,18.6,0,853.6,108,0.8,3.1,0,0,0,0,0,0,0,276,100,35,97
ABO,2011,3,16,19,5.2,77.3,6.8,1.6,4.99,3.5,17.7,0,853.8,135,0.7,1.7,0,0,0,0,0,0,0,268,83,35,97
ABO,2011,3,16,20,4.5,78.3,6.6,1.1,4.85,2.9,16.7,0,853.8,198,0.6,2,0,0,0,0,0,0,0,270,89,35,97
ABO,2011,3,16,21,4.4,78,6.5,0.9,4.77,2.8,16.4,0,853.7,34,0.6,2,0,0,0,0,0,0,0,272,94,35,97
ABO,2011,3,16,22,4.1,80,6.6,1,4.85,2.7,16.3,0,853.5,180,0.6,1.4,0,0,0,0,0,0,0,274,100,35,97
ABO,2011,3,16,23,4,82,6.6,1.2,4.85,2.7,16.2,0,853.8,59,0.7,2.6,0,0,0,0,0,0,0,273,100,35,97
ABO,2011,3,17,0,3.2,93,7.1,2.2,5.22,2.7,16.3,0.8,853.5,191,0.8,2.2,0,0,0,0,0,0,0,273,100,35,97
ABO,2011,3,17,1,3.1,94.8,7.2,2.3,5.29,2.7,16.4,0.1,853.3,117,0.4,1.3,0,0,0,0,0,0,0,273,100,35,97
ABO,2011,3,17,2,3.1,94.9,7.2,2.4,5.29,2.8,16.4,0.8,853.2,202,0.5,1.7,0,0,0,0,0,0,0,273,100,35,97
ABO,2011,3,17,3,2.8,94.8,7,2.1,5.15,2.5,15.7,0.4,853.2,193,1,2.2,0,0,0,0,0,0,0,272,100,35,97
ABO,2011,3,17,4,2.5,95.2,7,1.8,5.14,2.2,15.4,0.2,853.6,207,0.4,1.9,0,0,0,0,0,0,0,272,100,35,97
ABO,2011,3,17,5,2.7,94.2,7,1.9,5.14,2.3,15.6,0,853.9,180,0.5,2.3,1,0,1,0,0,0,0,272,100,35,97
ABO,2011,3,17,6,2.8,95.1,7.1,2.1,5.21,2.5,15.9,0.1,854.5,76,0.6,1.8,7,0,7,4,5,5,4,272,100,35,97
ABO,2011,3,17,7,2.7,98.4,7.3,2.5,5.36,2.6,16.1,0.7,855.2,90,0.5,1.5,42,0,42,25,26,26,24,273,100,35,97
ABO,2011,3,17,8,2.9,96,7.2,2.3,5.28,2.6,16.1,0.6,855.7,121,0.6,1.4,105,1,105,62,65,65,60,274,100,35,97
ABO,2011,3,17,9,3.1,93.8,7.2,2.2,5.27,2.7,16.3,0.2,856.4,72,1,1.9,113,0,113,68,70,69,65,274,100,35,97
ABO,2011,3,17,10,3.2,94.1,7.3,2.3,5.34,2.8,16.6,0.4,856.9,112,0.7,1.9,245,9,240,143,152,155,138,275,100,35,97
ABO,2011,3,17,11,4.2,88.9,7.3,2.5,5.34,3.4,17.6,0.1,857.3,198,1,6.4,280,14,270,162,170,180,157,276,100,35,97
ABO,2011,3,17,12,4.7,86.9,7.4,2.7,5.41,3.7,18.3,0,857.8,222,1.7,6.5,128,0,127,76,79,78,73,275,100,35,97
ABO,2011,3,17,13,4.1,97.4,7.9,3.7,5.78,3.9,18.6,0.3,858.3,54,2.4,4.6,52,0,52,31,32,32,30,273,100,35,97
ABO,2011,3,17,14,3.9,97.6,7.9,3.6,5.77,3.8,18.4,1,859.1,55,2.5,5,28,0,28,17,17,17,16,270,100,35,97
ABO,2011,3,17,15,3.7,97.4,7.8,3.3,5.69,3.5,18,0.9,860,54,2.2,6,93,11,89,54,55,60,62,268,100,35,97
ABO,2011,3,17,16,3.1,95.7,7.3,2.5,5.32,2.8,16.4,1.3,861,43,2.4,5.4,27,0,27,16,17,17,16,265,100,35,97
ABO,2011,3,17,17,2.6,95.9,7.1,2,5.17,2.3,15.5,1.5,862,37,1.6,4.6,0,0,0,0,0,0,0,262,100,35,97
ABO,2011,3,17,18,2.2,95.8,6.9,1.6,5.01,1.9,14.7,1.1,863.1,38,1.6,4.2,0,0,0,0,0,0,0,256,100,35,97
ABO,2011,3,17,19,1.9,96.7,6.8,1.4,4.93,1.7,14.2,0.7,863.9,74,0.8,2.2,0,0,0,0,0,0,0,240,100,35,97
ABO,2011,3,17,20,1.5,96,6.6,0.9,4.78,1.2,13.5,0.4,864.9,63,0.7,1.9,0,0,0,0,0,0,0,239,100,35,97
ABO,2011,3,17,21,1.3,98.6,6.6,1.1,4.78,1.2,13.2,0.7,865.7,51,2.2,6.3,0,0,0,0,0,0,0,237,100,35,97
ABO,2011,3,17,22,0.7,99.4,6.4,0.6,4.63,0.7,12.3,0.3,866.4,50,1.7,5.5,0,0,0,0,0,0,0,236,100,35,97
ABO,2011,3,17,23,0.6,99.6,6.3,0.5,4.55,0.6,12,0,866.7,69,1,3,0,0,0,0,0,0,0,233,100,35,97
ABO,2011,3,18,0,0.5,99.2,6.3,0.4,4.55,0.5,11.9,0.1,867,135,0.5,1.6,0,0,0,0,0,0,0,232,100,35,97
ABO,2011,3,18,1,0.9,95,6.2,0.2,4.48,0.6,12.1,0,867.3,214,0.7,1.8,0,0,0,0,0,0,0,231,100,35,97
ABO,2011,3,18,2,1,96.2,6.3,0.5,4.55,0.8,12.4,0,867.9,53,1.1,2.7,0,0,0,0,0,0,0,231,94,35,97
ABO,2011,3,18,3,0.7,99.7,6.4,0.7,4.62,0.7,12.2,0.1,868.4,104,0.5,1.3,0,0,0,0,0,0,0,228,100,35,97
ABO,2011,3,18,4,1,96.7,6.3,0.5,4.54,0.8,12.3,0,869,202,0.7,1.9,0,0,0,0,0,0,0,225,100,35,97
ABO,2011,3,18,5,1.1,95.2,6.3,0.4,4.54,0.8,12.4,0,869.4,236,0.6,1.4,2,0,2,1,1,1,1,222,80,35,97
ABO,2011,3,18,6,1.1,95.1,6.3,0.4,4.54,0.8,12.4,0,870.2,18,0.7,2.4,41,0,41,46,46,46,46,224,33,35,97
ABO,2011,3,18,7,0.4,100,6.3,0.4,4.53,0.4,11.7,0,870.5,108,0.6,1.8,311,638,107,88,695,371,90,228,25,35,97
ABO,2011,3,18,8,1.5,96.3,6.6,1,4.75,1.3,13.4,0,870.6,180,0.7,2.4,460,678,143,127,676,548,129,231,19,35,97
ABO,2011,3,18,9,4,82.8,6.7,1.3,4.82,2.8,16.1,0,870.8,114,1.3,3.5,593,743,168,157,630,712,161,231,19,35,97
ABO,2011,3,18,10,5,76.8,6.7,1.3,4.82,3.3,17.1,0,870.9,96,1.9,4.6,729,879,160,179,511,897,186,237,6,35,97
ABO,2011,3,18,11,6,74.3,7,1.8,5.04,4,18.7,0,870.9,83,2.4,5.1,778,946,141,185,270,969,255,240,13,35,97
ABO,2011,3,18,12,6.3,69.9,6.7,1.2,4.82,3.9,18.4,0,870.7,93,2.2,5.3,730,909,135,176,169,906,484,237,6,35,97
ABO,2011,3,18,13,7.3,66.6,6.8,1.5,4.9,4.5,19.6,0,870.6,98,2.1,4.8,693,930,146,168,161,860,717,238,13,35,97
ABO,2011,3,18,14,7.5,67.3,7,1.8,5.04,4.8,20.2,0,870.6,75,2.4,6.4,558,871,137,139,134,688,831,245,35,35,97
ABO,2011,3,18,15,6.2,78.4,7.4,2.7,5.33,4.5,19.6,0,871,55,3.7,6.8,259,323,139,95,96,265,396,252,81,35,97
ABO,2011,3,18,16,4.6,83.7,7.1,2.1,5.11,3.4,17.4,0,871.5,48,2.9,6.1,63,0,63,41,42,42,40,250,69,35,97
ABO,2011,3,18,17,4.1,85,7,1.8,5.04,3,16.7,0,871.7,84,1.1,3.5,6,0,6,4,4,4,4,250,51,35,97
ABO,2011,3,18,18,3.6,87.4,6.9,1.7,4.96,2.7,16,0,872,180,0.9,2.3,0,0,0,0,0,0,0,252,88,35,97
ABO,2011,3,18,19,2.8,88.9,6.7,1.2,4.82,2.1,14.9,0,872.2,135,0.4,1.5,0,0,0,0,0,0,0,260,100,35,97
ABO,2011,3,18,20,2.6,88.2,6.5,0.8,4.67,1.8,14.3,0,872.2,194,0.6,1.6,0,0,0,0,0,0,0,261,100,35,97
ABO,2011,3,18,21,2.6,87.5,6.4,0.7,4.6,1.8,14.1,0,871.9,180,0.4,1.9,0,0,0,0,0,0,0,261,100,35,97
ABO,2011,3,18,22,2.3,89.1,6.4,0.7,4.6,1.6,13.8,0,871.6,225,0.5,1.6,0,0,0,0,0,0,0,258,100,35,97
ABO,2011,3,18,23,2.2,92.5,6.6,1.1,4.74,1.7,14.1,0,871.9,74,0.8,3.2,0,0,0,0,0,0,0,258,100,35,97
ABO,2011,3,19,0,1.8,97.6,6.8,1.5,4.89,1.7,14,0,871.8,117,0.5,1.9,0,0,0,0,0,0,0,261,100,34,97
ABO,2011,3,19,1,1.7,95.5,6.6,1.1,4.75,1.4,13.6,0,871.2,146,0.4,1.4,0,0,0,0,0,0,0,261,100,34,97
ABO,2011,3,19,2,1.8,91.6,6.4,0.6,4.61,1.3,13.3,0,870.4,188,0.7,1.9,0,0,0,0,0,0,0,254,100,34,97
ABO,2011,3,19,3,1.8,90.7,6.3,0.4,4.54,1.2,13.1,0.1,870,180,0.4,1.6,0,0,0,0,0,0,0,257,100,34,97
ABO,2011,3,19,4,1.7,95.9,6.6,1.1,4.75,1.4,13.6,0.6,870.1,90,0.4,1.5,0,0,0,0,0,0,0,259,100,34,97
ABO,2011,3,19,5,1.4,97.9,6.6,1.1,4.75,1.3,13.3,0.5,870.1,135,0.5,1.5,5,0,5,3,3,3,3,258,100,34,97
ABO,2011,3,19,6,1.3,98.8,6.6,1.1,4.75,1.2,13.2,0.5,870.3,68,0.7,2.2,33,0,33,36,36,36,36,256,100,34,97
ABO,2011,3,19,7,1.5,97.1,6.6,1.1,4.75,1.3,13.4,1,870.6,153,0.7,2.8,40,0,40,24,25,25,23,257,100,34,97
ABO,2011,3,19,8,2,95.9,6.8,1.4,4.89,1.7,14.2,0.5,870.9,90,0.8,2.8,107,0,107,64,66,65,61,257,100,34,97
ABO,2011,3,19,9,3.1,94.5,7.2,2.3,5.18,2.7,16.1,0.4,871.2,66,1.1,3.3,56,0,56,33,34,34,32,257,100,34,97
ABO,2011,3,19,10,4.4,85.5,7.1,2.2,5.11,3.4,17.2,0.1,870.9,97,0.8,4.1,74,0,74,44,45,45,42,256,100,34,97
ABO,2011,3,19,11,3.1,94.4,7.2,2.3,5.18,2.7,16.1,1.1,871.5,54,3.6,8.1,35,0,35,21,22,21,20,256,100,34,97
ABO,2011,3,19,12,0.2,97.2,6,-0.2,4.31,0,11,3,872,53,3.5,8.3,37,0,37,22,23,23,21,255,100,34,97
ABO,2011,3,19,13,-0.3,98.9,5.9,-0.5,4.24,-0.4,10.3,1.3,872.3,117,0.8,4.1,30,0,30,18,19,18,17,251,100,34,97
ABO,2011,3,19,14,0,99.1,6.1,-0.1,4.38,0,10.9,0.2,872.2,70,1.4,4.7,30,0,30,18,19,18,17,248,100,34,97
ABO,2011,3,19,15,0.6,95.5,6.1,0,4.38,0.3,11.5,0,872.4,31,2.9,7,36,0,36,21,22,22,21,245,100,34,97
ABO,2011,3,19,16,0.4,94.7,5.9,-0.3,4.23,0.1,11,0.1,872.6,35,3.3,6.5,12,0,12,7,8,8,7,241,100,34,97
ABO,2011,3,19,17,-0.4,96.9,5.8,-0.8,4.16,-0.6,10,0.1,873.2,37,3.6,8.7,1,0,1,0,0,0,0,237,100,34,97
ABO,2011,3,19,18,-1.1,96,5.4,-1.7,3.87,-1.3,8.5,0.4,873.8,43,3.6,9.2,0,0,0,0,0,0,0,227,74,34,97
ABO,2011,3,19,19,-1.5,96.4,5.3,-2,3.79,-1.7,7.9,0.1,874.1,34,3,6.7,0,0,0,0,0,0,0,218,50,34,97
ABO,2011,3,19,20,-2,97,5.1,-2.4,3.65,-2.2,7.1,0.2,874.4,33,3.3,7.1,0,0,0,0,0,0,0,212,33,34,97
ABO,2011,3,19,21,-2,97.4,5.1,-2.4,3.65,-2.2,7.1,0,874.3,38,2.9,6.4,0,0,0,0,0,0,0,215,30,34,97
ABO,2011,3,19,22,-2,95.7,5.1,-2.6,3.65,-2.2,7.1,0,874.1,45,2.5,5.9,0,0,0,0,0,0,0,224,68,34,97
ABO,2011,3,19,23,-2.2,95.3,5,-2.8,3.58,-2.4,6.7,0,874.2,39,2.7,5.8,0,0,0,0,0,0,0,212,33,34,97
ABO,2011,3,20,0,-2.2,96.6,5.1,-2.7,3.65,-2.4,6.9,0,873.9,62,2,4.7,0,0,0,0,0,0,0,208,0,41,97
ABO,2011,3,20,1,-2.3,97.2,5,-2.7,3.58,-2.5,6.6,0,873.8,69,0.9,2.6,0,0,0,0,0,0,0,205,0,41,97
ABO,2011,3,20,2,-2.3,96.3,5,-2.8,3.58,-2.5,6.6,0,873.5,56,1.1,3.1,0,0,0,0,0,0,0,202,0,41,97
ABO,2011,3,20,3,-2.2,94.6,4.9,-2.9,3.51,-2.5,6.5,0,873.4,72,1.1,3.4,0,0,0,0,0,0,0,198,0,41,97
ABO,2011,3,20,4,-2.3,81.1,4.2,-5.1,3.01,-3.3,5.2,0,873.4,150,0.9,4.2,0,0,0,0,0,0,0,199,0,41,97
ABO,2011,3,20,5,-2.8,82.6,4.1,-5.3,2.93,-3.7,4.5,0,873.7,175,1.3,4.5,4,0,4,3,3,3,3,198,13,41,97
ABO,2011,3,20,6,-3.1,82.4,4,-5.7,2.86,-4,4,0,874.2,184,1.6,4.8,34,0,34,51,50,50,52,194,6,41,97
ABO,2011,3,20,7,-3.3,81.7,3.9,-6,2.79,-4.2,3.6,0,874.1,162,1,3.5,348,765,96,104,821,427,107,195,13,41,97
ABO,2011,3,20,8,-2.6,77.8,4,-5.9,2.86,-3.7,4.5,0,874.5,157,0.8,2.4,458,581,187,157,654,525,159,196,33,41,97
ABO,2011,3,20,9,-0.9,71.2,4.1,-5.5,2.93,-2.6,6.4,0,874.9,174,1,2.7,614,703,203,192,653,732,197,200,0,41,97
ABO,2011,3,20,10,0.9,58,3.8,-6.4,2.71,-1.7,7.7,0,874.5,151,1.2,2.7,718,788,199,216,528,870,222,204,29,41,97
ABO,2011,3,20,11,2.5,51.5,3.8,-6.5,2.71,-0.8,9.3,0,874.6,121,1.8,4.9,840,1002,156,231,310,1057,323,207,10,41,97
ABO,2011,3,20,12,3.2,61.4,4.7,-3.5,3.36,0.5,11.6,0,875,74,2.9,6.5,820,993,161,226,217,1029,583,210,40,41,97
ABO,2011,3,20,13,3.6,58.5,4.6,-3.8,3.29,0.6,11.8,0,875,44,3.3,7,527,480,232,195,193,577,478,211,55,41,97
ABO,2011,3,20,14,3.4,52.4,4.1,-5.4,2.93,0,10.7,0,874.8,45,1.9,6,509,704,168,160,156,605,743,211,35,41,97
ABO,2011,3,20,15,3.4,53.6,4.2,-5.1,3,0.1,10.9,0,874.6,148,1.7,4.4,358,692,111,111,108,429,759,212,25,41,97
ABO,2011,3,20,16,2.4,62.4,4.5,-4,3.22,-0.1,10.4,0,874.9,56,1.3,4.5,56,0,56,57,57,57,58,212,33,41,97
ABO,2011,3,20,17,1.1,69.1,4.6,-3.9,3.28,-0.8,9.3,0,875.6,47,2,5.7,7,0,7,6,6,6,6,210,6,41,97
ABO,2011,3,20,18,0.6,72.3,4.6,-3.8,3.28,-1.1,8.8,0,876,171,0.7,2.1,0,0,0,0,0,0,0,209,43,41,97
ABO,2011,3,20,19,0.3,81.4,5.1,-2.5,3.64,-0.8,9.4,0,876.2,70,1.2,3.7,0,0,0,0,0,0,0,208,71,41,97
ABO,2011,3,20,20,0.1,79.8,4.9,-3,3.5,-1.1,8.8,0,875.8,81,0.8,2.9,0,0,0,0,0,0,0,205,25,41,97
ABO,2011,3,20,21,-0.5,80,4.7,-3.5,3.36,-1.7,7.9,0,875.6,158,0.6,2.3,0,0,0,0,0,0,0,202,0,41,97
ABO,2011,3,20,22,-1.6,83.1,4.5,-4.1,3.21,-2.5,6.4,0,875.5,180,0.7,2.4,0,0,0,0,0,0,0,199,0,41,97
ABO,2011,3,20,23,-2.2,84.9,4.4,-4.4,3.14,-3,5.6,0,875.5,207,0.3,2.2,0,0,0,0,0,0,0,197,16,41,97
ABO,2011,3,21,0,-2.8,84.1,4.2,-5.1,3,-3.6,4.6,0,875.3,360,0.5,1.4,0,0,0,0,0,0,0,194,30,35,97
ABO,2011,3,21,1,-3.4,84.5,4,-5.6,2.86,-4.2,3.7,0,875.2,0,0.4,2,0,0,0,0,0,0,0,192,30,35,97
ABO,2011,3,21,2,-3.7,84.2,3.9,-6,2.79,-4.5,3.2,0,874.8,225,0.5,1.9,0,0,0,0,0,0,0,191,0,35,97
ABO,2011,3,21,3,-3.6,82.2,3.9,-6.2,2.79,-4.5,3.3,0,874.7,360,0.5,2.3,0,0,0,0,0,0,0,190,0,35,97
ABO,2011,3,21,4,-4.1,82.6,3.8,-6.6,2.71,-4.9,2.6,0,875,297,0.4,1.4,0,0,0,0,0,0,0,188,0,35,97
ABO,2011,3,21,5,-4.1,82.7,3.7,-6.6,2.64,-4.9,2.4,0,875.1,225,0.5,1.8,5,0,5,4,4,4,4,187,0,35,97
ABO,2011,3,21,6,-4,80.6,3.7,-6.8,2.64,-4.9,2.5,0,875.2,239,0.6,2,79,168,40,45,211,94,45,188,6,35,97
ABO,2011,3,21,7,-2.9,73.7,3.6,-6.9,2.57,-4.2,3.5,0,875.4,153,0.5,2.6,334,693,103,90,747,385,93,191,0,35,97
ABO,2011,3,21,8,-0.6,59.6,3.5,-7.5,2.5,-3,5.6,0,875.5,164,0.8,2.1,517,826,120,129,786,614,133,195,0,35,97
ABO,2011,3,21,9,1.7,51.2,3.5,-7.3,2.5,-1.5,7.9,0,875.8,106,1.6,3.7,669,922,124,160,704,807,166,199,0,35,97
ABO,2011,3,21,10,3.6,42.3,3.4,-8,2.42,-0.6,9.7,0,875.9,85,2.3,6.4,770,976,124,181,524,935,188,203,0,35,97
ABO,2011,3,21,11,4.5,42,3.5,-7.3,2.5,0.1,10.8,0,875.7,69,3,7,796,953,140,189,267,963,267,206,0,35,97
ABO,2011,3,21,12,4.6,47.2,4,-5.7,2.85,0.6,11.8,0,875.6,50,4.3,7.8,761,914,150,183,177,915,507,209,0,35,97
ABO,2011,3,21,13,4.8,45.2,3.9,-6.1,2.78,0.6,11.8,0,875.5,37,4.5,8.4,680,909,133,164,158,818,696,208,0,35,97
ABO,2011,3,21,14,4.9,50.3,4.4,-4.6,3.14,1.1,12.8,0,875.6,38,4.4,8,546,872,112,133,128,652,810,208,0,35,97
ABO,2011,3,21,15,4.4,52.8,4.4,-4.4,3.14,0.9,12.3,0,875.6,41,3.6,6.2,377,809,87,94,91,445,840,207,0,35,97
ABO,2011,3,21,16,3.4,57,4.4,-4.3,3.14,0.3,11.3,0,875.9,41,3,5.4,34,0,34,51,50,50,52,207,6,35,97
ABO,2011,3,21,17,2,64.4,4.5,-4,3.21,-0.4,10,0,876.3,180,0.8,3.3,9,0,9,7,7,7,7,206,13,35,97
ABO,2011,3,21,18,0.8,70.3,4.5,-4,3.21,-1.1,8.8,0,876.6,281,0.5,2,0,0,0,0,0,0,0,205,0,35,97
ABO,2011,3,21,19,-0.3,74.7,4.5,-4.2,3.21,-1.8,7.7,0,877,297,0.5,2.2,0,0,0,0,0,0,0,202,0,35,97
ABO,2011,3,21,20,-1.2,79.9,4.5,-4.2,3.21,-2.3,6.8,0,877.1,270,0.2,1.2,0,0,0,0,0,0,0,199,0,35,97
ABO,2011,3,21,21,-1.6,80.3,4.4,-4.5,3.14,-2.7,6.2,0,877.1,225,0.3,1.5,0,0,0,0,0,0,0,197,0,35,97
ABO,2011,3,21,22,-1.6,79.6,4.4,-4.7,3.14,-2.7,6.2,0,877.1,270,0.2,1,0,0,0,0,0,0,0,194,0,35,97
ABO,2011,3,21,23,-2.1,80.6,4.2,-5,2.99,-3.1,5.3,0,876.8,315,0.3,2.3,0,0,0,0,0,0,0,192,0,35,97
ABO,2011,3,22,0,-1.9,79.6,4.2,-5,2.99,-3,5.5,0,877,254,0.8,3.9,0,0,0,0,0,0,0,190,0,34,97
ABO,2011,3,22,1,-2.1,79.6,4.2,-5.1,2.99,-3.2,5.3,0,877.1,262,0.8,4.1,0,0,0,0,0,0,0,189,0,34,97
ABO,2011,3,22,2,-2.1,79.8,4.2,-5.1,2.99,-3.2,5.3,0,877.3,239,0.8,2.7,0,0,0,0,0,0,0,188,0,34,97
ABO,2011,3,22,3,-2.4,79.4,4.1,-5.5,2.92,-3.5,4.8,0,877.6,252,0.6,2.6,0,0,0,0,0,0,0,187,0,34,97
ABO,2011,3,22,4,-2.2,74.3,3.9,-6.1,2.78,-3.6,4.7,0,877.8,304,0.4,2,0,0,0,0,0,0,0,186,0,34,97
ABO,2011,3,22,5,-2.1,69.2,3.6,-7,2.56,-3.8,4.3,0,878.2,342,0.5,2.8,6,0,6,5,5,5,5,185,6,34,97
ABO,2011,3,22,6,-1.2,62.7,3.5,-7.4,2.49,-3.3,5,0,878.7,288,0.3,1.6,80,129,49,48,178,87,48,189,19,34,97
ABO,2011,3,22,7,0.1,57.2,3.5,-7.3,2.49,-2.5,6.3,0,879.2,169,0.6,2.2,326,618,110,91,673,359,93,193,19,34,97
ABO,2011,3,22,8,3.5,43.3,3.4,-7.8,2.41,-0.6,9.6,0,879.3,193,1,3,489,686,152,131,687,551,134,201,25,34,97
ABO,2011,3,22,9,6.1,33.4,3.1,-8.8,2.2,0.6,11.6,0,879.5,148,1.3,4,644,824,153,157,666,752,162,209,36,34,97
ABO,2011,3,22,10,6.6,41.1,4,-5.7,2.84,1.7,13.8,0,879.7,68,3.2,5.8,748,901,147,176,508,886,182,213,29,34,97
ABO,2011,3,22,11,7.4,38.3,3.9,-5.9,2.77,2,14.4,0,879.9,84,2.9,6.3,801,950,142,185,265,954,259,220,29,34,97
ABO,2011,3,22,12,7.9,33.9,3.6,-7,2.56,2,14.4,0,879.8,81,2.6,5.9,772,943,138,179,172,919,509,225,36,34,97
ABO,2011,3,22,13,8.1,35.7,3.9,-6.2,2.77,2.3,15.1,0,879.6,70,2.7,7,663,845,151,161,155,776,670,226,23,34,97
ABO,2011,3,22,14,8.3,37.4,4.1,-5.4,2.91,2.7,15.7,0,879.5,63,3.3,6.9,553,891,106,130,125,651,820,225,25,34,97
ABO,2011,3,22,15,8.1,37.9,4.1,-5.4,2.91,2.5,15.5,0,879.4,72,2.2,4.9,379,792,93,93,91,436,827,225,25,34,97
ABO,2011,3,22,16,6.7,50.6,5,-2.8,3.56,2.6,15.7,0,879.7,62,2.2,5.1,36,0,36,51,51,51,52,225,25,34,97
ABO,2011,3,22,17,5.1,56.8,5,-2.8,3.55,1.8,14,0,880.3,135,0.5,2.2,10,0,10,8,8,8,8,226,6,34,97
ABO,2011,3,22,18,3.4,61.5,4.8,-3.3,3.41,0.7,11.9,0,880.6,297,0.7,1.7,0,0,0,0,0,0,0,223,0,34,97
ABO,2011,3,22,19,2.1,65.5,4.7,-3.7,3.34,-0.2,10.4,0,880.7,270,0.2,1.8,0,0,0,0,0,0,0,221,6,34,97
ABO,2011,3,22,20,1.6,67.5,4.6,-3.8,3.27,-0.5,9.8,0,880.8,270,0.3,1.5,0,0,0,0,0,0,0,218,29,34,97
ABO,2011,3,22,21,1.4,68,4.6,-3.8,3.27,-0.6,9.6,0,880.8,288,0.4,1.3,0,0,0,0,0,0,0,221,39,34,97
ABO,2011,3,22,22,1.4,66.7,4.5,-4.1,3.19,-0.7,9.4,0,880.8,326,0.6,2.1,0,0,0,0,0,0,0,213,6,34,97
ABO,2011,3,22,23,1.5,66.7,4.5,-4,3.19,-0.6,9.5,0,880.9,315,0.6,1.8,0,0,0,0,0,0,0,209,0,34,97
ABO,2011,3,23,0,1.1,67.3,4.4,-4.3,3.12,-1,8.9,0,880.8,304,0.5,2,0,0,0,0,0,0,0,207,0,31,97
ABO,2011,3,23,1,1.1,67.3,4.4,-4.3,3.12,-1,8.9,0,880.5,284,0.6,2,0,0,0,0,0,0,0,206,0,31,97
ABO,2011,3,23,2,1.6,65.2,4.5,-4.2,3.2,-0.6,9.6,0,880.5,342,0.6,1.8,0,0,0,0,0,0,0,206,0,31,97
ABO,2011,3,23,3,1.2,65.9,4.4,-4.5,3.13,-1,9,0,880.1,297,0.4,1.7,0,0,0,0,0,0,0,205,0,31,97
ABO,2011,3,23,4,1.5,61.7,4.2,-5,2.98,-1,8.9,0,880.5,27,0.7,2.9,0,0,0,0,0,0,0,202,36,31,97
ABO,2011,3,23,5,1,63.6,4.2,-5.1,2.98,-1.3,8.4,0,880.9,326,0.4,1.5,5,0,5,4,4,4,4,202,0,31,97
ABO,2011,3,23,6,1,64.1,4.2,-5,2.98,-1.3,8.4,0,880.8,297,0.5,2,83,162,43,44,204,90,44,202,13,31,97
ABO,2011,3,23,7,3.3,54.5,4.2,-5,2.98,0.1,10.8,0,881.2,146,0.6,2,351,766,85,80,793,391,83,206,13,31,97
ABO,2011,3,23,8,3.9,56.6,4.6,-3.9,3.26,0.8,12.1,0,882.4,107,1.4,3.7,456,550,179,127,582,477,128,212,20,31,97
ABO,2011,3,23,9,5.6,49.1,4.4,-4.2,3.12,1.6,13.4,0,882.1,127,1,3.8,627,751,175,148,627,702,152,215,0,31,97
ABO,2011,3,23,10,9.1,38.1,4.4,-4.4,3.12,3.3,17,0,881.5,151,1,2.8,725,816,176,165,479,825,170,218,13,31,97
ABO,2011,3,23,11,11.3,30.3,4.1,-5.5,2.91,4.1,18.7,0,881,135,1.6,4.7,813,989,122,169,244,952,242,217,6,31,97
ABO,2011,3,23,12,10.9,41.9,5.5,-1.5,3.91,5.2,20.8,0,881.1,69,4.4,7.5,778,970,121,163,156,908,487,217,0,31,97
ABO,2011,3,23,13,11.3,39.5,5.3,-2,3.77,5.2,20.8,0,880.8,69,3.1,7.6,684,921,120,146,140,791,676,219,0,31,97
ABO,2011,3,23,14,10.8,45.5,5.9,-0.5,4.19,5.5,21.4,0,880.9,64,3.5,7.5,549,888,101,118,114,629,803,220,0,31,97
ABO,2011,3,23,15,10.5,51.8,6.6,1,4.7,5.9,22.4,0,880.8,61,2.6,5.9,382,797,90,86,84,425,824,222,0,31,97
ABO,2011,3,23,16,8.9,60.4,6.9,1.7,4.91,5.4,21.3,0,881.2,57,2.4,5.7,37,0,37,51,50,50,51,223,0,31,97
ABO,2011,3,23,17,7.2,67.3,6.8,1.6,4.83,4.5,19.4,0,881.6,169,1,2.4,11,0,11,8,8,8,8,227,6,31,97
ABO,2011,3,23,18,5.3,71,6.3,0.5,4.48,3.1,16.5,0,881.9,243,0.8,1.9,0,0,0,0,0,0,0,225,0,31,97
ABO,2011,3,23,19,4.1,74.5,6.1,0,4.33,2.3,15,0,881.8,270,0.4,1.2,0,0,0,0,0,0,0,224,0,31,97
ABO,2011,3,23,20,3.8,74,5.9,-0.4,4.19,2,14.3,0,881.7,333,0.3,1.7,0,0,0,0,0,0,0,224,0,31,97
ABO,2011,3,23,21,3.8,73.1,5.9,-0.6,4.19,1.9,14.3,0,881.5,297,0.3,1.3,0,0,0,0,0,0,0,221,6,31,97
ABO,2011,3,23,22,3.9,72,5.8,-0.7,4.12,1.9,14.2,0,881.5,315,0.6,2,0,0,0,0,0,0,0,219,29,31,97
ABO,2011,3,23,23,3.3,71.5,5.6,-1.4,3.98,1.3,13.3,0,881,342,0.5,1.9,0,0,0,0,0,0,0,218,48,31,97
ABO,2011,3,24,0,4.1,66.9,5.5,-1.5,3.91,1.7,13.9,0,881,9,0.7,2.3,0,0,0,0,0,0,0,209,0,29,97
ABO,2011,3,24,1,3.8,64.7,5.2,-2.2,3.69,1.3,13.1,0,880.8,315,0.6,1.6,0,0,0,0,0,0,0,208,0,29,97
ABO,2011,3,24,2,3.5,64.5,5.1,-2.6,3.62,1,12.6,0,880.4,297,0.5,1.6,0,0,0,0,0,0,0,207,0,29,97
ABO,2011,3,24,3,3.7,61.4,4.9,-3,3.48,0.9,12.4,0,880.1,297,0.4,1.5,0,0,0,0,0,0,0,206,0,29,97
ABO,2011,3,24,4,4.2,56.5,4.7,-3.7,3.34,1,12.6,0,880.4,37,0.8,3.2,0,0,0,0,0,0,0,204,0,29,97
ABO,2011,3,24,5,3.7,58.8,4.7,-3.6,3.34,0.7,12.1,0,880.7,14,0.5,1.4,6,0,6,4,5,4,4,206,20,29,97
ABO,2011,3,24,6,3.3,62,4.8,-3.3,3.41,0.6,11.8,0,880.9,315,0.4,1.5,85,157,46,45,202,91,46,206,25,29,97
ABO,2011,3,24,7,4.7,55.2,4.7,-3.5,3.34,1.3,13.1,0,881.2,169,0.7,2.4,365,788,86,80,813,398,82,210,6,29,97
ABO,2011,3,24,8,7.3,47.6,4.9,-3.1,3.48,2.8,16.1,0,881,171,0.7,1.7,527,826,118,114,771,587,117,215,25,29,97
ABO,2011,3,24,9,10.4,38.6,4.9,-3.1,3.48,4.4,19.2,0,880.8,124,1.2,4,649,816,155,142,650,726,146,218,6,29,97
ABO,2011,3,24,10,11.9,39.7,5.6,-1.4,3.98,5.7,22,0,880.8,74,3.3,6,729,812,179,160,481,817,165,220,13,29,97
ABO,2011,3,24,11,12.4,41,5.9,-0.5,4.2,6.2,23,0,880.6,67,3.8,6.3,810,967,130,164,238,930,241,224,25,29,97
ABO,2011,3,24,12,13.2,37.4,5.7,-1,4.05,6.4,23.5,0,880.3,74,3.3,6.1,778,966,119,157,151,894,481,221,0,29,97
ABO,2011,3,24,13,12.9,39,5.8,-0.7,4.13,6.4,23.4,0,879.9,63,3.2,7.1,682,909,121,141,136,775,665,224,13,29,97
ABO,2011,3,24,14,12.9,44.1,6.6,1,4.7,7,24.8,0,879.6,60,3.2,7.5,562,900,104,116,112,632,813,226,6,29,97
ABO,2011,3,24,15,12.5,49.8,7.2,2.3,5.14,7.3,25.5,0,879.3,56,3.4,6.7,388,799,92,85,82,422,826,235,6,29,97
ABO,2011,3,24,16,11,57.1,7.5,2.8,5.35,6.8,24.5,0,879.2,71,1.8,4.6,51,0,51,49,49,49,49,246,41,29,97
ABO,2011,3,24,17,9.2,61.6,7.2,2.2,5.14,5.8,22.2,0,879.2,220,0.9,1.9,11,0,11,6,6,6,6,244,55,29,97
ABO,2011,3,24,18,7.1,68.1,6.9,1.6,4.92,4.5,19.5,0,879.1,278,0.9,2,0,0,0,0,0,0,0,237,19,29,97
ABO,2011,3,24,19,6,70.4,6.6,1,4.71,3.7,17.8,0,879.1,243,0.2,0.9,0,0,0,0,0,0,0,236,33,29,97
ABO,2011,3,24,20,5.5,70.9,6.4,0.6,4.56,3.3,17,0,878.8,284,0.4,1.3,0,0,0,0,0,0,0,231,29,29,97
ABO,2011,3,24,21,4.7,69.9,6,-0.3,4.28,2.5,15.4,0,878.3,270,0.4,1.5,0,0,0,0,0,0,0,230,29,29,97
ABO,2011,3,24,22,4.9,66.3,5.7,-0.8,4.07,2.4,15.1,0,877.8,304,0.4,1.4,0,0,0,0,0,0,0,227,0,29,97
ABO,2011,3,24,23,5.2,61.7,5.5,-1.5,3.92,2.3,15.1,0,877.3,270,0.5,1.9,0,0,0,0,0,0,0,222,0,29,97
ABO,2011,3,25,0,5.3,59.4,5.3,-2,3.78,2.2,14.8,0,876.9,288,0.5,2,0,0,0,0,0,0,0,220,0,29,97
ABO,2011,3,25,1,5.7,57.9,5.3,-1.9,3.78,2.4,15.2,0,876.4,315,0.5,1.7,0,0,0,0,0,0,0,220,16,29,97
ABO,2011,3,25,2,5.3,58.8,5.2,-2.1,3.72,2.1,14.6,0,875.8,304,0.5,1.5,0,0,0,0,0,0,0,227,69,29,97
ABO,2011,3,25,3,5,59.6,5.2,-2.2,3.72,1.9,14.3,0,875.4,315,0.5,1.8,0,0,0,0,0,0,0,233,84,29,97
ABO,2011,3,25,4,4.3,61.8,5.1,-2.4,3.65,1.5,13.5,0,874.9,284,0.5,1.5,0,0,0,0,0,0,0,221,31,29,97
ABO,2011,3,25,5,4.1,62.3,5.1,-2.5,3.65,1.3,13.3,0,874.8,281,0.6,1.7,6,0,6,5,5,5,5,216,6,29,97
ABO,2011,3,25,6,3.7,63.7,5.1,-2.5,3.65,1.1,12.8,0,874.6,297,0.4,1.7,88,168,45,44,210,91,44,217,13,29,97
ABO,2011,3,25,7,5.8,55,5.1,-2.5,3.65,2.3,15,0,874.4,188,0.7,2.9,372,778,92,82,809,397,85,222,19,29,97
ABO,2011,3,25,8,8.5,46.8,5.2,-2.2,3.72,3.8,17.9,0,873.9,166,0.9,2.9,503,719,144,117,706,541,120,228,19,29,97
ABO,2011,3,25,9,10.3,38.5,4.8,-3.2,3.44,4.3,19,0,873.2,117,1.5,3.8,660,859,134,140,653,736,145,239,36,29,97
ABO,2011,3,25,10,11.5,36.3,4.9,-2.9,3.51,5,20.4,0,872.4,122,1.9,4.8,737,848,159,159,482,824,164,252,43,29,97
ABO,2011,3,25,11,12.7,36.2,5.3,-1.9,3.81,5.9,22.4,0,871.6,103,1.8,5,778,873,160,165,243,874,243,265,43,29,97
ABO,2011,3,25,12,13.2,32.7,5,-2.8,3.59,5.8,22.3,0,870.9,87,1.9,5.8,713,741,204,164,161,779,465,274,50,29,97
ABO,2011,3,25,13,13.5,35,5.4,-1.6,3.88,6.3,23.4,0,870,50,3.4,6.7,627,704,191,149,146,674,601,271,50,29,97
ABO,2011,3,25,14,12.6,41,6,-0.3,4.32,6.4,23.6,0,869.5,44,3.3,6.8,530,773,128,119,116,575,723,279,69,29,97
ABO,2011,3,25,15,11.4,45.9,6.2,0.2,4.47,6,22.7,0,869.1,42,4,7.4,172,62,148,84,87,118,143,279,100,29,97
ABO,2011,3,25,16,10.5,47.6,6,-0.2,4.32,5.4,21.4,0,869.4,30,2.5,6.4,9,0,9,5,5,5,5,284,100,29,97
ABO,2011,3,25,17,7.9,63.2,6.7,1.3,4.83,4.8,20.1,0,869.4,230,3,7,1,0,1,1,1,1,1,285,100,29,97
ABO,2011,3,25,18,7.2,65.4,6.6,1.2,4.76,4.4,19.2,0,869.7,231,2.7,9.5,0,0,0,0,0,0,0,274,100,29,97
ABO,2011,3,25,19,5.8,71.7,6.6,1.1,4.76,3.6,17.8,0.1,869.8,239,3.7,8.9,0,0,0,0,0,0,0,252,84,29,97
ABO,2011,3,25,20,4.7,79.9,6.8,1.5,4.9,3.2,17,0,869.5,45,0.8,2.5,0,0,0,0,0,0,0,241,33,29,97
ABO,2011,3,25,21,3.7,83.6,6.6,1.2,4.76,2.6,15.6,0,869,207,0.6,1.7,0,0,0,0,0,0,0,234,6,29,97
ABO,2011,3,25,22,3.6,82.4,6.5,0.9,4.69,2.4,15.4,0,868.8,180,0.4,2.1,0,0,0,0,0,0,0,231,29,29,97
ABO,2011,3,25,23,4.3,77,6.4,0.6,4.62,2.6,15.9,0,868.5,270,0.5,2.4,0,0,0,0,0,0,0,236,43,29,97
ABO,2011,3,26,0,5.2,66,5.8,-0.6,4.18,2.6,15.7,0,868.1,253,1.8,3.5,0,0,0,0,0,0,0,235,61,30,97
ABO,2011,3,26,1,6.2,57.1,5.4,-1.7,3.9,2.7,16,0,867.7,239,3.2,5.3,0,0,0,0,0,0,0,224,56,30,97
ABO,2011,3,26,2,6.3,50.8,4.8,-3.1,3.46,2.3,15,0,867.4,255,3.5,7,0,0,0,0,0,0,0,221,13,30,97
ABO,2011,3,26,3,5.3,51.6,4.6,-3.9,3.32,1.5,13.6,0,867.3,262,2.8,4.9,0,0,0,0,0,0,0,219,0,30,97
ABO,2011,3,26,4,5.3,46.8,4.2,-5.1,3.03,1.2,12.9,0,867.1,262,2.9,5.7,0,0,0,0,0,0,0,217,6,30,97
ABO,2011,3,26,5,4.8,50,4.3,-4.7,3.1,1,12.6,0,866.7,264,3,5.8,1,0,1,1,1,1,1,225,66,30,97
ABO,2011,3,26,6,5.7,46.5,4.2,-4.9,3.03,1.4,13.3,0,866.5,253,3.1,4.9,104,172,59,43,219,96,43,229,74,30,97
ABO,2011,3,26,7,6.7,40.2,3.9,-5.9,2.81,1.7,13.8,0,866.5,230,3,5.5,291,443,140,92,527,269,91,233,74,30,97
ABO,2011,3,26,8,7.7,38.9,4.1,-5.4,2.96,2.3,15.2,0,866.8,184,1.7,8,186,44,165,94,139,125,91,238,100,30,97
ABO,2011,3,26,9,8.9,37.7,4.3,-4.7,3.1,3.2,16.7,0,867.1,218,3.3,10.1,143,38,121,69,103,102,67,244,100,30,97
ABO,2011,3,26,10,7.6,45.9,4.8,-3.3,3.46,2.9,16.3,0,867.1,282,1.8,10.4,66,0,66,37,39,39,36,255,100,30,97
ABO,2011,3,26,11,6.7,59.7,5.9,-0.6,4.26,3.4,17.4,0,867.1,57,4.2,8.5,78,0,78,44,46,46,42,270,100,30,97
ABO,2011,3,26,12,5.7,67.5,6.1,0.2,4.41,3.2,16.8,0,867.3,58,2.8,6.8,58,0,58,33,34,34,31,281,100,30,97
ABO,2011,3,26,13,5.5,71.5,6.5,0.8,4.7,3.3,17.3,0,866.8,212,2.8,6.8,74,0,74,42,44,43,40,280,100,30,97
ABO,2011,3,26,14,6.7,67.9,6.7,1.2,4.85,4.1,18.9,0,866,233,3.7,6.5,296,130,230,133,136,225,249,276,100,30,97
ABO,2011,3,26,15,8.1,57.2,6.2,0.2,4.49,4.4,19.4,0,865.4,232,2.4,4.6,141,15,135,77,80,86,88,277,100,30,97
ABO,2011,3,26,16,8.3,52.3,5.7,-0.9,4.12,4.1,18.7,0,865.2,212,1.6,3.7,44,0,44,26,27,27,25,276,100,30,97
ABO,2011,3,26,17,7.6,54.7,5.7,-0.9,4.12,3.8,18,0,865.2,247,2.7,5,2,0,2,1,1,1,1,275,100,30,97
ABO,2011,3,26,18,6.9,54.9,5.4,-1.5,3.91,3.2,16.7,0,865.2,250,2.9,6.2,0,0,0,0,0,0,0,270,94,30,97
ABO,2011,3,26,19,6.2,56.1,5.3,-1.9,3.83,2.7,15.8,0,865.6,244,2.6,5.8,0,0,0,0,0,0,0,250,54,30,97
ABO,2011,3,26,20,5.8,56.5,5.2,-2.2,3.76,2.4,15.3,0,865.7,245,3.3,6,0,0,0,0,0,0,0,240,10,30,97
ABO,2011,3,26,21,5.9,55.6,5.2,-2.3,3.76,2.4,15.4,0,865.6,252,2.6,5.1,0,0,0,0,0,0,0,248,38,30,97
ABO,2011,3,26,22,5.5,56.9,5.2,-2.4,3.76,2.1,15,0,865.3,250,2.3,4.5,0,0,0,0,0,0,0,248,50,30,97
ABO,2011,3,26,23,4.9,58.5,5.1,-2.5,3.69,1.8,14.2,0,865.1,249,2.6,4.6,0,0,0,0,0,0,0,254,88,30,97
ABO,2011,3,27,0,4.9,57.8,5,-2.7,3.62,1.7,14,0,864.7,239,2.1,4.6,0,0,0,0,0,0,0,253,100,30,97
ABO,2011,3,27,1,3.6,64.5,5.1,-2.5,3.69,1.1,12.9,0,864.5,252,1.1,3.6,0,0,0,0,0,0,0,247,88,30,97
ABO,2011,3,27,2,5.5,52.7,4.8,-3.4,3.47,1.8,14.2,0,864,239,2.6,5.7,0,0,0,0,0,0,0,250,100,30,97
ABO,2011,3,27,3,5.3,56.6,5,-2.6,3.62,2,14.4,0,863.8,245,1.9,4.1,0,0,0,0,0,0,0,242,100,30,97
ABO,2011,3,27,4,6.5,48.6,4.7,-3.5,3.4,2.3,15.1,0,863.6,243,2.8,4.9,0,0,0,0,0,0,0,247,100,30,97
ABO,2011,3,27,5,6.3,49.1,4.7,-3.6,3.4,2.2,14.9,0,863.5,252,2,4.2,9,0,9,6,6,6,5,251,94,30,97
ABO,2011,3,27,6,5.1,56.9,5,-2.7,3.62,1.8,14.2,0,863.4,270,0.6,3.1,75,15,71,41,58,47,39,254,100,30,97
ABO,2011,3,27,7,6.6,52.3,5.1,-2.5,3.7,2.7,15.9,0,863.2,184,1.4,4.1,198,90,163,94,186,141,91,256,100,30,97
ABO,2011,3,27,8,7.6,51.8,5.4,-1.7,3.92,3.5,17.5,0,863.3,67,1.3,3.6,284,86,241,138,221,199,133,262,100,30,97
ABO,2011,3,27,9,8.5,46.2,5.1,-2.4,3.7,3.7,17.8,0,863.4,75,2,3.8,338,75,290,165,226,235,160,265,100,30,97
ABO,2011,3,27,10,9.5,46.3,5.5,-1.4,3.99,4.5,19.6,0,863,67,3,6.2,475,183,348,200,311,378,195,271,100,30,97
ABO,2011,3,27,11,9.6,45.5,5.4,-1.6,3.92,4.5,19.5,0,862.7,63,3.2,6.3,378,57,337,192,205,253,199,283,100,30,97
ABO,2011,3,27,12,9.6,47.3,5.7,-1.1,4.14,4.7,20.1,0,862.2,73,3,6.7,318,31,296,168,175,202,177,288,100,30,97
ABO,2011,3,27,13,9.5,52.8,6.3,0.4,4.58,5.2,21.1,0,862,60,3.2,6,204,1,203,115,119,119,111,285,100,30,97
ABO,2011,3,27,14,9.1,52,6,-0.2,4.36,4.8,20.1,0,861.9,83,1.8,5,182,6,179,101,105,108,102,282,100,30,97
ABO,2011,3,27,15,9.3,48.5,5.7,-1,4.14,4.6,19.8,0,861.6,81,1.9,3.8,77,0,77,44,45,45,42,280,100,30,97
ABO,2011,3,27,16,8.6,61.1,6.8,1.5,4.95,5.2,21.1,0,861.7,62,2.5,5.8,34,0,34,20,20,20,19,277,100,30,97
ABO,2011,3,27,17,7.6,62.7,6.5,1,4.73,4.5,19.5,0,861.9,26,2.6,6,8,0,8,4,5,5,4,277,100,30,97
ABO,2011,3,27,18,6.9,69.2,6.9,1.7,5.02,4.4,19.5,0,862.1,23,1.6,4.1,0,0,0,0,0,0,0,277,100,30,97
ABO,2011,3,27,19,5.8,82.2,7.6,3,5.53,4.4,19.7,0,862.2,42,1.3,3.3,0,0,0,0,0,0,0,276,100,30,97
ABO,2011,3,27,20,4.8,93,8,3.8,5.82,4.3,19.4,0,862.3,52,1.8,4.7,0,0,0,0,0,0,0,275,100,30,97
ABO,2011,3,27,21,4.6,95.9,8.1,4,5.9,4.3,19.4,0,862.2,54,1.4,3.4,0,0,0,0,0,0,0,274,100,30,97
ABO,2011,3,27,22,4.4,96.2,8,3.8,5.83,4.1,19,0,862.2,52,1.6,3.7,0,0,0,0,0,0,0,265,100,30,97
ABO,2011,3,27,23,4.2,96.9,8,3.8,5.83,4,18.8,0.1,862,61,1.2,2.9,0,0,0,0,0,0,0,263,100,30,97
ABO,2011,3,28,0,4.1,98.1,8,3.8,5.83,4,18.7,0,861.8,72,1,2.6,0,0,0,0,0,0,0,272,100,30,97
ABO,2011,3,28,1,4,98.4,8,3.8,5.83,3.9,18.6,0,861.5,85,1.1,2.5,0,0,0,0,0,0,0,271,100,30,97
ABO,2011,3,28,2,3.9,97.4,7.9,3.5,5.76,3.7,18.3,0,861.2,108,0.7,1.9,0,0,0,0,0,0,0,270,100,30,97
ABO,2011,3,28,3,3.6,98.9,7.8,3.4,5.68,3.5,17.9,0.2,861.3,127,0.6,1.6,0,0,0,0,0,0,0,269,100,30,97
ABO,2011,3,28,4,3.7,99.9,8,3.7,5.83,3.7,18.3,0,861.4,67,0.8,2.5,0,0,0,0,0,0,0,265,100,30,97
ABO,2011,3,28,5,3.7,100,8,3.7,5.83,3.7,18.3,0.1,861.7,90,0.9,2,1,0,1,1,1,1,1,260,100,30,97
ABO,2011,3,28,6,3.7,100,8,3.7,5.83,3.7,18.3,0.2,862,74,0.7,2.1,29,0,29,16,17,17,16,267,100,30,97
ABO,2011,3,28,7,3.8,99.9,8,3.8,5.82,3.8,18.4,0.6,862.4,90,0.9,2.3,108,6,106,60,68,64,58,267,100,30,97
ABO,2011,3,28,8,4,96.4,7.8,3.5,5.67,3.8,18.2,0.9,862.8,99,0.7,1.9,118,10,113,64,75,72,61,270,100,30,97
ABO,2011,3,28,9,4.1,93,7.6,3.1,5.53,3.6,18,1.2,863.2,82,0.7,1.7,59,0,59,33,35,34,32,271,100,30,97
ABO,2011,3,28,10,4.3,89.9,7.5,2.8,5.45,3.6,18,0.2,863.4,90,0.5,1.5,39,0,39,22,23,23,21,272,100,30,97
ABO,2011,3,28,11,4.7,88.3,7.6,2.9,5.52,3.8,18.6,0,863.4,112,0.7,2.3,41,0,41,23,24,24,22,273,100,30,97
ABO,2011,3,28,12,4.9,91.3,7.9,3.6,5.74,4.3,19.3,0.2,863.5,80,1.1,2.9,42,0,42,24,25,24,23,273,100,30,97
ABO,2011,3,28,13,5.3,94.5,8.4,4.5,6.11,4.9,20.7,0.3,863.6,54,2.5,5.5,50,0,50,28,29,29,27,272,100,30,97
ABO,2011,3,28,14,5.5,91.6,8.3,4.2,6.04,4.9,20.7,0,863.6,69,1.6,3.9,142,4,140,79,82,84,79,271,100,30,97
ABO,2011,3,28,15,6.1,86.6,8.2,4,5.96,5.1,21.1,0,863.7,70,2,4.9,159,50,137,78,81,108,124,270,94,30,97
ABO,2011,3,28,16,5.7,91.3,8.4,4.4,6.11,5,21.1,0.3,864,45,2.9,5.3,39,0,39,22,23,23,21,263,100,30,97
ABO,2011,3,28,17,4.4,88.2,7.4,2.6,5.37,3.5,17.9,1.7,864.7,352,2.3,7.5,1,0,1,1,1,1,1,265,100,30,97
ABO,2011,3,28,18,3.4,91.2,7.1,2.1,5.15,2.8,16.3,0,865.1,225,1.3,4.2,0,0,0,0,0,0,0,250,50,30,97
ABO,2011,3,28,19,3.4,93.9,7.3,2.5,5.29,3,16.7,0,865.4,270,0.6,2,0,0,0,0,0,0,0,240,64,30,97
ABO,2011,3,28,20,3.1,93.4,7.2,2.1,5.22,2.6,16.2,0,865.8,90,0.9,2.7,0,0,0,0,0,0,0,241,40,30,97
ABO,2011,3,28,21,3,94,7.1,2.1,5.14,2.6,15.9,0,865.7,270,0.4,1.3,0,0,0,0,0,0,0,238,0,30,97
ABO,2011,3,28,22,2.2,94.7,6.8,1.4,4.93,1.8,14.5,0,865.5,214,0.6,2.9,0,0,0,0,0,0,0,236,0,30,97
ABO,2011,3,28,23,1.6,95.7,6.6,1,4.78,1.3,13.6,0,865.5,333,0.2,1.1,0,0,0,0,0,0,0,234,20,30,97
ABO,2011,3,29,0,1,95.7,6.3,0.4,4.56,0.7,12.4,0,865.5,252,0.3,1.4,0,0,0,0,0,0,0,225,0,27,97
ABO,2011,3,29,1,1,94.7,6.2,0.2,4.49,0.7,12.2,0,865.3,315,0.4,1.3,0,0,0,0,0,0,0,223,0,27,97
ABO,2011,3,29,2,0.6,95.7,6.1,0,4.42,0.3,11.6,0,865.2,315,0.3,1,0,0,0,0,0,0,0,221,0,27,97
ABO,2011,3,29,3,1.1,94.7,6.2,0.3,4.49,0.8,12.3,0,865,243,0.3,1,0,0,0,0,0,0,0,219,0,27,97
ABO,2011,3,29,4,1.1,93.5,6.2,0.2,4.49,0.7,12.3,0,864.9,214,0.4,2.8,0,0,0,0,0,0,0,217,0,27,97
ABO,2011,3,29,5,0.5,95.1,6,-0.2,4.34,0.2,11.3,0,865.1,315,0.4,1.4,12,0,12,9,9,9,9,215,0,27,97
ABO,2011,3,29,6,0.6,93.1,5.9,-0.4,4.27,0.2,11.3,0,865.3,270,0.5,1.9,92,174,43,46,218,92,47,220,0,27,97
ABO,2011,3,29,7,2.4,83.4,6,-0.1,4.34,1.3,13.3,0,865.5,186,1,3,388,778,90,80,801,382,82,221,19,27,97
ABO,2011,3,29,8,4.4,67.1,5.6,-1.2,4.05,2,14.6,0,865.5,169,1,2.3,546,805,124,111,752,562,114,228,13,27,97
ABO,2011,3,29,9,7.4,54,5.6,-1.3,4.05,3.5,17.6,0,865.5,160,1.2,3.4,687,876,132,134,654,728,139,234,0,27,97
ABO,2011,3,29,10,8.7,47.3,5.3,-1.9,3.83,4,18.4,0,865.5,129,1.5,5.3,774,899,143,150,476,830,155,240,6,27,97
ABO,2011,3,29,11,10,42.6,5.2,-2.1,3.76,4.5,19.5,0,865.1,102,2,5.4,834,957,138,158,232,901,239,251,23,27,97
ABO,2011,3,29,12,11.7,49.3,6.8,1.4,4.93,6.6,24.2,0,865,74,3.4,8.8,687,664,216,165,163,693,402,265,63,27,97
ABO,2011,3,29,13,9.9,58.6,7.1,2.2,5.15,6.1,22.9,0,864.8,46,4,9.3,150,1,149,81,85,85,78,275,100,27,97
ABO,2011,3,29,14,9.1,61.5,7.1,2.1,5.15,5.7,22.1,0,864.7,43,3.7,7.1,336,173,247,137,141,253,294,271,100,27,97
ABO,2011,3,29,15,9,66,7.6,3,5.52,6,22.9,0,864.6,41,3.1,6.1,135,58,115,63,66,89,121,268,94,27,97
ABO,2011,3,29,16,8.5,67.3,7.5,2.8,5.44,5.7,22.2,0,864.5,43,2.6,4.9,92,112,60,49,49,84,164,254,45,27,97
ABO,2011,3,29,17,7.7,69.1,7.3,2.4,5.29,5.1,21,0,864.9,90,1.1,3.1,16,0,16,11,11,11,11,244,10,27,97
ABO,2011,3,29,18,6.3,76.7,7.3,2.5,5.29,4.5,19.6,0,865.3,270,0.5,2.3,0,0,0,0,0,0,0,246,19,27,97
ABO,2011,3,29,19,5.4,80.5,7.2,2.3,5.22,3.9,18.5,0,865.7,135,0.2,2.1,0,0,0,0,0,0,0,251,63,27,97
ABO,2011,3,29,20,5.5,79.8,7.2,2.3,5.22,4,18.6,0,865.7,90,0.3,1.5,0,0,0,0,0,0,0,254,100,27,97
ABO,2011,3,29,21,5.2,80.1,7.1,2.1,5.14,3.7,18.1,0,865.9,27,0.4,1.1,0,0,0,0,0,0,0,245,74,27,97
ABO,2011,3,29,22,4.6,82.5,7,1.9,5.07,3.3,17.3,0,866,270,0.4,1.3,0,0,0,0,0,0,0,246,84,27,97
ABO,2011,3,29,23,4.3,83.4,6.9,1.7,5,3.1,16.8,0,865.6,270,0.5,1.8,0,0,0,0,0,0,0,248,80,27,97
ABO,2011,3,30,0,4.1,83.8,6.9,1.6,5,2.9,16.6,0,865.5,225,0.4,1.5,0,0,0,0,0,0,0,245,70,27,97
ABO,2011,3,30,1,3.9,85.1,6.9,1.6,5,2.8,16.4,0,865.3,288,0.3,1.2,0,0,0,0,0,0,0,244,94,27,97
ABO,2011,3,30,2,3.8,85.8,6.9,1.6,5,2.8,16.3,0,865.4,61,1.1,3.7,0,0,0,0,0,0,0,242,71,27,97
ABO,2011,3,30,3,3.3,90.5,7,1.9,5.07,2.7,16,0,865.7,166,0.6,2.5,0,0,0,0,0,0,0,263,100,27,97
ABO,2011,3,30,4,3.5,92.3,7.2,2.4,5.21,3,16.6,0,866.1,180,0.4,1,0,0,0,0,0,0,0,264,100,27,97
ABO,2011,3,30,5,3.5,95.4,7.5,2.8,5.43,3.2,17.1,1,866.7,74,0.8,2.1,1,0,1,1,1,1,1,265,100,27,97
ABO,2011,3,30,6,3.2,97.4,7.5,2.8,5.43,3,16.8,0.9,867.4,52,1.6,3.4,20,0,20,11,12,11,11,266,100,27,97
ABO,2011,3,30,7,3,95.5,7.2,2.4,5.2,2.7,16,0.2,867.8,58,1.9,3.5,63,0,63,34,36,35,33,267,100,27,97
ABO,2011,3,30,8,3.3,94.3,7.3,2.5,5.27,2.9,16.5,0.1,868.2,75,1.2,2.4,247,41,224,123,164,156,118,268,100,27,97
ABO,2011,3,30,9,4.7,86.8,7.4,2.7,5.35,3.7,18.1,0,868.3,99,1.4,3.8,468,246,310,171,358,382,167,264,94,27,97
ABO,2011,3,30,10,7,76.5,7.6,3.2,5.49,5.1,20.8,0,868.3,75,2.6,6.1,439,168,322,179,281,333,174,267,94,27,97
ABO,2011,3,30,11,6.6,82.7,8,3.9,5.78,5.3,21.2,0,868.3,48,4.5,8.2,172,1,171,93,97,97,89,272,100,27,97
ABO,2011,3,30,12,6.6,82.8,8,3.9,5.78,5.3,21.2,0,868.3,48,3.9,7.3,79,0,79,43,45,45,41,272,100,27,97
ABO,2011,3,30,13,6,82.6,7.7,3.3,5.57,4.7,20,0,868.3,44,3.9,7.5,32,0,32,18,18,18,17,272,100,27,97
ABO,2011,3,30,14,5.6,87.6,8,3.7,5.78,4.7,20.1,0.3,868.3,58,2.3,5.1,163,5,160,87,91,93,88,268,100,27,97
ABO,2011,3,30,15,5.5,86.1,7.8,3.4,5.64,4.5,19.7,0,868.4,67,2.3,5.3,152,61,127,70,72,102,128,266,88,27,97
ABO,2011,3,30,16,5.3,85.2,7.6,3,5.49,4.2,19.1,0.4,868.9,135,0.7,2.5,45,0,45,25,26,25,23,260,94,27,97
ABO,2011,3,30,17,5.2,86.2,7.6,3.1,5.49,4.2,19,0,869.4,225,1.1,3.8,17,0,17,11,11,11,10,250,58,27,97
ABO,2011,3,30,18,4.4,90,7.6,2.9,5.48,3.7,18.2,0,869.6,233,0.8,3.6,0,0,0,0,0,0,0,255,84,27,97
ABO,2011,3,30,19,3.7,88.8,7.1,2,5.12,2.9,16.5,0,870.1,214,0.6,3.1,0,0,0,0,0,0,0,262,94,27,97
ABO,2011,3,30,20,4.9,75.2,6.5,0.9,4.68,3.1,16.7,0,870.3,261,2.5,5.1,0,0,0,0,0,0,0,253,78,27,97
ABO,2011,3,30,21,4.8,73.1,6.3,0.4,4.54,2.8,16.2,0,870.3,268,2.6,5.3,0,0,0,0,0,0,0,257,71,27,97
ABO,2011,3,30,22,4.6,74,6.2,0.4,4.46,2.7,15.8,0,870.2,268,2.4,4.6,0,0,0,0,0,0,0,264,100,27,97
ABO,2011,3,30,23,5,69.6,6.1,-0.1,4.39,2.7,16,0,870.3,267,2.1,5,0,0,0,0,0,0,0,252,100,27,97
ABO,2011,3,31,0,4.8,71.6,6.1,0.1,4.39,2.7,15.8,0,870.4,270,1.8,5,0,0,0,0,0,0,0,263,100,26,97
ABO,2011,3,31,1,3.7,81.5,6.5,0.8,4.68,2.4,15.4,0,870.5,90,0.6,2,0,0,0,0,0,0,0,263,100,26,97
ABO,2011,3,31,2,3.6,83.3,6.6,1,4.75,2.4,15.5,0,870.8,180,0.5,1.5,0,0,0,0,0,0,0,262,100,26,97
ABO,2011,3,31,3,3.7,82.2,6.6,1,4.75,2.5,15.6,0,870.8,225,0.7,2,0,0,0,0,0,0,0,262,100,26,97
ABO,2011,3,31,4,3.4,81.4,6.3,0.5,4.53,2.1,14.8,0,870.8,214,0.8,2.4,0,0,0,0,0,0,0,245,35,26,97
ABO,2011,3,31,5,4.4,69.2,5.8,-0.7,4.17,2.2,14.9,0,871.2,242,2.1,5.3,13,0,13,9,10,9,9,241,48,26,97
ABO,2011,3,31,6,5.2,62.4,5.5,-1.4,3.95,2.3,15.1,0,871.6,248,2.8,6,97,174,46,47,221,93,48,245,33,26,97
ABO,2011,3,31,7,6.6,58.1,5.7,-1,4.09,3.2,16.9,0,871.6,197,1.6,4.6,384,733,97,79,762,360,81,255,40,26,97
ABO,2011,3,31,8,8.8,50.7,5.7,-0.9,4.09,4.4,19.1,0,871.8,184,3,9.1,459,508,191,124,549,416,123,267,74,26,97
ABO,2011,3,31,9,10.4,45.2,5.7,-0.9,4.09,5.1,20.8,0,871.8,189,3.4,7.5,527,392,278,159,450,466,157,278,88,26,97
ABO,2011,3,31,10,11.5,43.2,5.8,-0.6,4.17,5.8,22.1,0,871.9,209,4.2,7.9,307,20,293,158,176,181,151,291,100,26,97
ABO,2011,3,31,11,11.2,47.4,6.3,0.4,4.52,6,22.7,0,872.4,204,3.1,7.3,178,0,178,96,100,99,92,299,100,26,97
ABO,2011,3,31,12,9.5,63.8,7.5,3,5.39,6.2,23.1,0.1,872.9,164,3,6.1,185,0,185,100,104,103,95,298,100,26,97
ABO,2011,3,31,13,8.5,71.8,8,3.7,5.75,6.1,23,0.9,873.3,182,4,7.3,99,0,99,53,56,55,51,301,100,26,97
ABO,2011,3,31,14,7.1,81.1,8.2,4.1,5.89,5.6,21.9,1.5,873.7,216,3.8,7.1,50,0,50,27,28,28,26,299,100,26,97
ABO,2011,3,31,15,6.4,83.7,8.1,3.8,5.82,5.1,21,0.7,874.3,238,3.7,7.9,26,0,26,14,15,14,13,297,100,26,97
ABO,2011,3,31,16,6.8,84.5,8.4,4.4,6.02,5.6,22,0.3,874.6,234,2.8,5.4,11,0,11,6,6,6,6,295,100,26,97
ABO,2011,3,31,17,6.9,84.7,8.5,4.6,6.08,5.7,22.3,0,874.9,243,3.2,6.2,3,0,3,2,2,2,2,293,100,26,97
ABO,2011,3,31,18,6.6,86.4,8.4,4.5,6.04,5.5,21.8,0,875.1,228,3,6.2,0,0,0,0,0,0,0,293,100,26,97
ABO,2011,3,31,19,6.3,87.7,8.4,4.4,6.01,5.4,21.4,0,875.4,249,3.9,6.7,0,0,0,0,0,0,0,271,39,26,97
ABO,2011,3,31,20,5.8,88.7,8.2,4.1,5.9,5,20.7,0,874.9,63,1.2,3.7,0,0,0,0,0,0,0,272,46,26,97
ABO,2011,3,31,21,5.3,88.6,7.9,3.5,5.69,4.4,19.6,0,873.5,198,0.6,2,0,0,0,0,0,0,0,286,94,26,97
ABO,2011,3,31,22,4.8,87.7,7.6,2.9,5.48,3.9,18.6,0,872,225,1.1,3,0,0,0,0,0,0,0,288,94,26,97
ABO,2011,3,31,23,4.3,85.2,7.2,2,5.17,3.3,17.3,0,869.7,234,0.8,3,0,0,0,0,0,0,0,262,75,26,97
ABO,2023,4,1,0,3.9,82.6,6.7,1.1,4.85,2.6,16,0,867.3,213,5.7,11.8,0,0,0,0,0,0,0,246,94,66,97
ABO,2023,4,1,1,3.5,79.1,6.3,0.1,4.54,2.1,14.9,0.5,864.7,213,4.8,12.3,0,0,0,0,0,0,0,245,100,65,97
ABO,2023,4,1,2,3.3,76.9,6,-0.4,4.34,1.7,14.2,0,863,218,5.2,11.7,0,0,0,0,0,0,0,243,74,65,97
ABO,2023,4,1,3,3.1,74.6,5.7,-1,4.14,1.3,13.4,0,861.2,217,5.5,11.7,0,0,0,0,0,0,0,242,84,65,97
ABO,2023,4,1,4,2.9,73.2,5.5,-1.4,4.01,1,12.9,0.1,860.2,204,5.9,13.4,0,0,0,0,0,0,0,243,100,65,97
ABO,2023,4,1,5,2.9,74.3,5.6,-1.3,4.05,1.1,13,0.2,860.2,209,4.2,11.2,0,0,0,0,0,0,0,243,81,65,97
ABO,2023,4,1,6,2.8,76.5,5.7,-0.9,4.16,1.2,13.2,0.2,860.2,230,3.8,8.8,18,0,18,16,16,16,16,242,94,65,97
ABO,2023,4,1,7,2.9,77.5,5.8,-0.7,4.24,1.3,13.5,0.2,860.3,242,3.2,7.9,108,23,101,86,111,94,86,242,100,65,97
ABO,2023,4,1,8,3.2,75.5,5.8,-0.7,4.22,1.5,13.8,0.1,860.5,211,5.1,11,228,81,196,162,246,201,161,242,100,65,97
ABO,2023,4,1,9,3.1,77.2,5.9,-0.5,4.29,1.5,13.9,0.2,860.8,204,5.5,13.2,327,90,278,231,316,294,229,243,100,65,97
ABO,2023,4,1,10,3.8,72.4,5.8,-0.7,4.22,1.8,14.4,0.1,861,205,5.5,11.8,478,200,347,304,453,475,305,243,100,65,97
ABO,2023,4,1,11,5.2,63.3,5.6,-1.2,4.07,2.4,15.4,0,860.5,205,4.9,12.3,636,366,374,357,554,695,361,244,100,65,97
ABO,2023,4,1,12,6.3,56.5,5.4,-1.7,3.93,2.8,16.2,0,860.2,211,6.1,14,657,363,389,370,436,718,437,244,100,65,97
ABO,2023,4,1,13,7.5,54,5.6,-1.2,4.08,3.6,17.8,0,859.8,200,5.5,10.4,608,312,383,354,351,647,527,242,88,65,97
ABO,2023,4,1,14,6.9,54.2,5.4,-1.7,3.93,3.1,16.8,0.1,859.8,220,6.6,14.4,586,405,325,320,315,645,630,240,84,65,97
ABO,2023,4,1,15,7.8,47.3,5,-2.7,3.64,3.2,17,0,859.4,226,5.8,11.2,524,526,238,263,257,594,732,229,60,65,97
ABO,2023,4,1,16,7,48.9,4.9,-3,3.57,2.7,16,0,859.2,206,3.8,8.4,347,412,185,188,185,365,604,236,78,65,97
ABO,2023,4,1,17,5.7,56.8,5.2,-2.2,3.79,2.3,15.2,0,859.2,221,2.2,6.8,104,85,79,105,103,130,195,235,59,65,97
ABO,2023,4,1,18,4.7,65.5,5.6,-1.2,4.08,2.1,14.9,0,859.7,252,2.5,7.1,23,0,23,22,22,22,22,240,59,65,97
ABO,2023,4,1,19,3.7,72.9,5.8,-0.7,4.22,1.8,14.3,0,860.1,270,2.1,4.8,0,0,0,0,0,0,0,235,50,65,97
ABO,2023,4,1,20,3.3,77.8,6,-0.2,4.37,1.8,14.2,0,860.9,234,2.9,6.1,0,0,0,0,0,0,0,241,88,65,97
ABO,2023,4,1,21,3.1,80,6.1,0,4.44,1.7,14.2,0,860.9,236,1.4,4.2,0,0,0,0,0,0,0,237,41,65,97
ABO,2023,4,1,22,3.2,75.5,5.8,-0.7,4.22,1.5,13.8,0,861,231,1.8,5.6,0,0,0,0,0,0,0,238,13,65,97
ABO,2023,4,1,23,2.7,79.4,5.9,-0.5,4.29,1.3,13.4,0,861.1,37,0.9,2.2,0,0,0,0,0,0,0,239,0,65,97
ABO,2023,4,2,0,2.2,86.6,6.2,0.2,4.51,1.3,13.5,0,861.4,79,0.8,2.2,0,0,0,0,0,0,0,238,0,65,97
ABO,2023,4,2,1,2.1,89.8,6.4,0.6,4.66,1.4,13.7,0,861.5,76,1,3.1,0,0,0,0,0,0,0,236,84,59,97
ABO,2023,4,2,2,1.7,95.8,6.6,1.1,4.8,1.4,13.7,0.1,861.5,68,0.8,1.9,0,0,0,0,0,0,0,232,55,59,97
ABO,2023,4,2,3,1.8,95.1,6.6,1.1,4.8,1.5,13.8,0,861.8,108,0.7,1.5,0,0,0,0,0,0,0,235,84,59,97
ABO,2023,4,2,4,1.8,97.9,6.8,1.5,4.95,1.7,14.2,0,862.1,108,0.9,2.2,0,0,0,0,0,0,0,231,70,59,97
ABO,2023,4,2,5,1.5,97.2,6.6,1.1,4.8,1.3,13.5,0,862.3,135,1.4,3,0,0,0,0,0,0,0,226,29,59,97
ABO,2023,4,2,6,1.2,87.1,5.8,-0.7,4.21,0.4,11.7,0,862.5,210,1.1,3.2,18,0,18,23,22,22,23,223,23,59,97
ABO,2023,4,2,7,1.1,84.6,5.6,-1.2,4.06,0.1,11.3,0,862.8,191,1,3.3,154,289,73,97,389,168,100,218,29,59,97
ABO,2023,4,2,8,3.2,69.1,5.3,-1.9,3.84,1.1,12.8,0,863.1,139,1.2,3.3,406,669,136,173,809,440,179,222,26,59,97
ABO,2023,4,2,9,5.3,65.2,5.8,-0.7,4.21,2.6,15.9,0,863.6,77,3.3,6.3,529,559,227,243,728,583,249,231,53,59,97
ABO,2023,4,2,10,5.3,69.6,6.2,0.2,4.5,3,16.6,0,864.1,70,3.1,5.5,537,298,343,296,526,543,298,239,78,59,97
ABO,2023,4,2,11,6.2,63.5,6,-0.2,4.35,3.3,17.1,0,864.2,81,2.3,4.9,624,345,375,332,517,652,335,242,88,59,97
ABO,2023,4,2,12,7,57.9,5.8,-0.7,4.2,3.5,17.6,0,864.5,79,2.3,6.7,618,295,398,342,398,630,399,246,100,59,97
ABO,2023,4,2,13,5.9,71.2,6.6,1.1,4.78,3.7,17.9,0,864.9,47,4.9,8.2,574,255,390,328,327,570,474,248,100,59,97
ABO,2023,4,2,14,6.4,70.8,6.8,1.5,4.93,4.1,18.8,0,864.9,49,4.1,7.3,574,386,324,297,293,605,592,247,78,59,97
ABO,2023,4,2,15,5.3,74.3,6.6,1.1,4.78,3.4,17.3,0.3,865.6,40,4.2,7.3,481,400,262,244,240,504,610,248,81,59,97
ABO,2023,4,2,16,3.4,84.9,6.6,1.1,4.78,2.4,15.4,1.1,865.8,90,1.3,4.9,337,360,191,175,173,336,541,248,94,59,97
ABO,2023,4,2,17,3.2,91.2,7,1.9,5.07,2.6,15.9,0.3,866.5,56,2.3,6.9,113,79,89,98,97,121,181,248,88,59,97
ABO,2023,4,2,18,2.8,93.8,7,1.9,5.06,2.4,15.5,0.1,867.1,70,1.6,4,20,0,20,23,23,23,23,242,48,59,97
ABO,2023,4,2,19,2.9,90.5,6.8,1.5,4.91,2.3,15.2,0,867.5,135,0.7,1.8,0,0,0,0,0,0,0,234,0,59,97
ABO,2023,4,2,20,3.1,91.8,7,1.9,5.06,2.5,15.8,0,868.1,70,1.5,3.7,0,0,0,0,0,0,0,233,0,59,97
ABO,2023,4,2,21,2.9,95.8,7.2,2.3,5.2,2.6,15.9,0,868.3,61,1.9,4.1,0,0,0,0,0,0,0,232,23,59,97
ABO,2023,4,2,22,2.8,93.8,7,1.9,5.05,2.4,15.5,0,868.4,45,1.8,4.6,0,0,0,0,0,0,0,232,23,59,97
ABO,2023,4,2,23,2.5,93.1,6.8,1.5,4.91,2,14.8,0.3,868.4,49,2.2,4.1,0,0,0,0,0,0,0,234,35,59,97
ABO,2023,4,3,0,2.3,95.8,6.9,1.7,4.98,2,14.8,0,868.3,40,2.7,4.8,0,0,0,0,0,0,0,231,29,59,97
ABO,2023,4,3,1,2,97.9,6.9,1.7,4.98,1.9,14.5,0,868,66,1.8,4.4,0,0,0,0,0,0,0,229,29,56,97
ABO,2023,4,3,2,2,97.9,6.9,1.7,4.99,1.9,14.5,0,867.7,76,1.4,3.1,0,0,0,0,0,0,0,226,0,56,97
ABO,2023,4,3,3,2,96.5,6.8,1.5,4.91,1.8,14.3,0,867.6,61,2.1,4.7,0,0,0,0,0,0,0,226,0,56,97
ABO,2023,4,3,4,1.8,97.9,6.8,1.5,4.91,1.7,14.1,0.1,867.4,47,2.5,4.7,0,0,0,0,0,0,0,225,10,56,97
ABO,2023,4,3,5,1.9,97.2,6.8,1.5,4.91,1.7,14.2,0.1,867.4,47,1.9,3.7,0,0,0,0,0,0,0,222,0,56,97
ABO,2023,4,3,6,1.8,97.9,6.8,1.5,4.91,1.7,14.1,0.3,867.5,39,2.6,4.9,22,0,22,23,23,23,23,220,19,56,97
ABO,2023,4,3,7,1.9,97.2,6.8,1.5,4.91,1.7,14.2,0.1,867.6,45,2,5.1,149,178,98,96,281,144,97,221,25,56,97
ABO,2023,4,3,8,2.3,94.4,6.8,1.5,4.91,1.9,14.6,0,867.6,49,3.1,6.2,353,405,187,171,576,350,173,218,19,56,97
ABO,2023,4,3,9,2.3,94.4,6.8,1.5,4.91,1.9,14.6,0,867.7,50,3.6,7.4,510,472,250,237,655,537,241,218,19,56,97
ABO,2023,4,3,10,2.2,96.5,6.9,1.7,4.99,2,14.7,0,867.7,46,4,7.3,602,427,321,290,606,633,294,219,33,56,97
ABO,2023,4,3,11,1.6,96.5,6.6,1.1,4.77,1.4,13.5,0,867.7,44,4.6,8.1,661,407,366,324,541,695,328,217,25,56,97
ABO,2023,4,3,12,1.6,93,6.4,0.6,4.62,1.2,13.2,0,867.4,49,4.6,8,672,381,387,336,403,700,409,216,0,56,97
ABO,2023,4,3,13,1.1,93.7,6.2,0.2,4.48,0.7,12.3,0,867.2,54,3.8,7,660,401,369,325,321,691,549,215,6,56,97
ABO,2023,4,3,14,0.8,94.4,6.1,0,4.41,0.5,11.8,0,867.1,54,3.6,7.2,596,405,330,292,289,621,602,213,19,56,97
ABO,2023,4,3,15,0.4,95.7,6,-0.2,4.33,0.1,11.2,0,867,55,3.2,7.5,479,371,275,240,238,484,584,211,26,56,97
ABO,2023,4,3,16,0.2,93.7,5.8,-0.7,4.19,-0.2,10.7,0,866.9,48,3.1,5.5,343,356,198,173,172,333,537,209,25,56,97
ABO,2023,4,3,17,0.1,94.3,5.8,-0.7,4.19,-0.2,10.6,0,866.8,44,3,7.3,119,82,94,98,97,123,185,207,13,56,97
ABO,2023,4,3,18,-0.1,92.3,5.6,-1.2,4.05,-0.6,10,0,866.7,39,3.5,7.6,24,0,24,24,24,24,24,205,19,56,97
ABO,2023,4,3,19,-0.4,89.6,5.3,-1.9,3.83,-1,9.1,0,866.9,42,3.1,7.1,0,0,0,0,0,0,0,210,0,56,97
ABO,2023,4,3,20,-0.5,86.3,5.1,-2.5,3.68,-1.3,8.7,0,866.7,55,2.2,5.9,0,0,0,0,0,0,0,207,0,56,97
ABO,2023,4,3,21,-0.8,86.9,5,-2.7,3.61,-1.5,8.2,0,866.4,62,2.1,4.4,0,0,0,0,0,0,0,203,0,56,97
ABO,2023,4,3,22,-0.9,85.6,4.9,-3,3.54,-1.7,7.9,0,866.1,61,2.1,4.6,0,0,0,0,0,0,0,200,0,56,97
ABO,2023,4,3,23,-1.1,86.9,4.9,-3,3.54,-1.8,7.7,0,866,65,2,4,0,0,0,0,0,0,0,197,0,56,97
ABO,2023,4,4,0,-1.3,86.2,4.8,-3.3,3.47,-2.1,7.3,0,865.8,38,2.4,4.4,0,0,0,0,0,0,0,194,20,56,97
ABO,2023,4,4,1,-1.4,86.9,4.8,-3.3,3.47,-2.1,7.2,0,865.5,38,2.9,4.9,0,0,0,0,0,0,0,188,0,51,97
ABO,2023,4,4,2,-1.7,88.8,4.8,-3.3,3.47,-2.3,6.9,0,865.4,40,3,5.5,0,0,0,0,0,0,0,186,0,51,97
ABO,2023,4,4,3,-2,90.8,4.8,-3.3,3.47,-2.5,6.6,0,865.1,57,2.5,4.6,0,0,0,0,0,0,0,184,0,51,97
ABO,2023,4,4,4,-2.1,91.5,4.8,-3.3,3.47,-2.6,6.5,0,864.8,66,1.9,4.5,0,0,0,0,0,0,0,183,0,51,97
ABO,2023,4,4,5,-2.3,89.4,4.6,-3.8,3.33,-2.9,6,0,864.9,47,2.7,5.3,0,0,0,0,0,0,0,182,20,51,97
ABO,2023,4,4,6,-2.6,91.4,4.6,-3.8,3.33,-3,5.7,0,865,47,2.4,4.6,23,0,23,25,25,25,25,181,20,51,97
ABO,2023,4,4,7,-2.7,86.1,4.3,-4.7,3.11,-3.4,5,0,865.2,47,2.8,4.7,163,224,97,96,329,156,97,181,13,51,97
ABO,2023,4,4,8,-2.2,82.9,4.3,-4.7,3.11,-3.1,5.5,0,865.3,72,1.7,4.1,408,576,169,164,728,407,168,184,25,51,97
ABO,2023,4,4,9,-0.7,74.3,4.3,-4.7,3.1,-2.2,7,0,865.7,104,2.3,5,575,641,219,223,772,609,229,187,30,51,97
ABO,2023,4,4,10,1.2,64.7,4.3,-4.7,3.1,-1,9,0,865.7,104,3.4,6.5,723,736,235,267,750,799,276,190,19,51,97
ABO,2023,4,4,11,2,57.9,4.1,-5.4,2.96,-0.8,9.4,0,865.8,98,3.3,6.8,797,724,268,297,615,888,306,194,13,51,97
ABO,2023,4,4,12,2.8,52.3,3.9,-6,2.81,-0.5,9.8,0,865.9,85,3.8,7.7,820,716,281,307,395,915,414,197,19,51,97
ABO,2023,4,4,13,3.5,49.7,3.9,-6,2.81,-0.1,10.6,0,866.1,56,3.9,8.1,764,635,300,298,291,836,615,199,40,51,97
ABO,2023,4,4,14,3.4,52.4,4.1,-5.4,2.96,0,10.8,0,866.1,37,4.2,8.3,646,517,302,272,267,677,649,199,41,51,97
ABO,2023,4,4,15,2.8,57.7,4.3,-4.7,3.1,-0.1,10.6,0,866.3,44,3.7,8.1,497,407,271,226,224,491,602,197,43,51,97
ABO,2023,4,4,16,2.2,58.9,4.2,-5,3.03,-0.6,9.8,0,866.6,41,4.2,7.7,350,364,199,164,163,328,536,196,50,51,97
ABO,2023,4,4,17,1.6,64.3,4.4,-4.4,3.17,-0.7,9.5,0,866.7,49,3.5,6.8,121,85,95,94,93,119,183,195,25,51,97
ABO,2023,4,4,18,0.8,65.1,4.2,-5,3.03,-1.4,8.4,0,866.6,38,2.8,5.9,24,0,24,24,24,24,24,194,13,51,97
ABO,2023,4,4,19,0.2,68,4.2,-5,3.03,-1.7,7.7,0,867,41,2.4,5.3,0,0,0,0,0,0,0,193,0,51,97
ABO,2023,4,4,20,-0.4,71,4.2,-5,3.03,-2.1,7.1,0,867,60,1.7,3.4,0,0,0,0,0,0,0,191,6,51,97
ABO,2023,4,4,21,-0.7,72.6,4.2,-5,3.03,-2.3,6.8,0,867.2,72,1.4,2.6,0,0,0,0,0,0,0,190,0,51,97
ABO,2023,4,4,22,-1,74.2,4.2,-5,3.03,-2.5,6.5,0,867.1,101,1.1,2.5,0,0,0,0,0,0,0,191,45,51,97
ABO,2023,4,4,23,-1.3,71.9,4,-5.7,2.88,-2.9,5.9,0,866.9,135,1.2,3.1,0,0,0,0,0,0,0,193,100,51,97
ABO,2023,4,5,0,-1.8,74.6,4,-5.7,2.88,-3.2,5.4,0,866.9,153,1.1,2.5,0,0,0,0,0,0,0,192,100,51,97
ABO,2023,4,5,1,-2,75.7,4,-5.7,2.88,-3.3,5.2,0,866.7,129,0.7,1.4,0,0,0,0,0,0,0,191,100,46,97
ABO,2023,4,5,2,-2.3,77.4,4,-5.7,2.89,-3.5,4.9,0,866.1,202,1.1,2.8,0,0,0,0,0,0,0,191,84,46,97
ABO,2023,4,5,3,-2.7,79.8,4,-5.7,2.89,-3.7,4.5,0,865.9,194,0.7,1.9,0,0,0,0,0,0,0,192,100,46,97
ABO,2023,4,5,4,-3,81.6,4,-5.7,2.89,-3.9,4.2,0,865.5,108,0.6,2,0,0,0,0,0,0,0,190,65,46,97
ABO,2023,4,5,5,-3.2,78.5,3.8,-6.4,2.74,-4.3,3.6,0,865.2,194,0.7,1.8,0,0,0,0,0,0,0,189,44,46,97
ABO,2023,4,5,6,-3.3,74.9,3.6,-7.1,2.6,-4.6,3.1,0,865.5,27,0.8,2.5,17,0,17,24,24,24,24,187,13,46,97
ABO,2023,4,5,7,-3.1,73.8,3.6,-7.1,2.6,-4.4,3.3,0,865.7,194,1,2.5,173,346,69,86,431,164,88,189,25,46,97
ABO,2023,4,5,8,-0.8,62.3,3.6,-7.1,2.6,-3,5.7,0,865.9,135,1.2,2.9,443,784,116,144,877,433,149,192,25,46,97
ABO,2023,4,5,9,1.1,54.2,3.6,-7.1,2.6,-1.8,7.6,0,866,118,2.1,4.3,594,748,176,198,812,617,204,196,19,46,97
ABO,2023,4,5,10,2.8,57.7,4.3,-4.7,3.1,-0.1,10.6,0,866.1,81,3.2,5.7,725,773,207,239,726,779,247,201,33,46,97
ABO,2023,4,5,11,4.3,53.1,4.4,-4.4,3.18,0.8,12.3,0,866,79,3.9,6.6,838,887,185,263,590,924,273,205,33,46,97
ABO,2023,4,5,12,5.2,49.9,4.4,-4.4,3.18,1.3,13.2,0,866,54,4.4,7.3,910,1037,124,274,333,1015,361,208,29,46,97
ABO,2023,4,5,13,5.7,47.1,4.3,-4.7,3.1,1.5,13.5,0,866,45,4.9,9.1,855,956,153,263,252,945,613,210,36,46,97
ABO,2023,4,5,14,5.1,46.5,4.1,-5.4,2.96,1,12.5,0,865.9,42,4.6,8.1,627,496,292,247,244,630,597,209,68,46,97
ABO,2023,4,5,15,4.6,46,3.9,-6,2.81,0.5,11.7,0,866,40,4.4,8.3,410,215,290,208,210,354,409,210,94,46,97
ABO,2023,4,5,16,4,44.1,3.6,-7.1,2.6,-0.1,10.5,0,866.2,32,3.6,6.8,349,373,190,150,149,317,524,208,81,46,97
ABO,2023,4,5,17,3.3,40,3.1,-9,2.23,-1,8.9,0,866.5,35,2.9,5.8,105,62,85,86,86,105,152,206,68,46,97
ABO,2023,4,5,18,2.5,42.3,3.1,-9,2.23,-1.5,8.1,0,866.9,49,1.9,4.6,27,0,27,20,20,20,19,204,65,46,97
ABO,2023,4,5,19,1.6,46.6,3.2,-8.6,2.3,-1.9,7.4,0,867.5,326,0.8,1.7,0,0,0,0,0,0,0,199,13,46,97
ABO,2023,4,5,20,0.6,53.3,3.4,-7.8,2.45,-2.3,6.7,0,867.7,262,0.9,2,0,0,0,0,0,0,0,195,13,46,97
ABO,2023,4,5,21,-0.2,56.5,3.4,-7.8,2.45,-2.8,5.9,0,867.6,233,1.1,3.3,0,0,0,0,0,0,0,192,0,46,97
ABO,2023,4,5,22,-0.3,53.5,3.2,-8.6,2.3,-3.1,5.4,0,867.7,234,1,3.4,0,0,0,0,0,0,0,190,0,46,97
ABO,2023,4,5,23,-1.2,60.8,3.4,-7.8,2.45,-3.4,4.9,0,867.7,270,0.6,2.1,0,0,0,0,0,0,0,187,0,46,97
ABO,2023,4,6,0,-1.5,62.1,3.4,-7.8,2.45,-3.6,4.6,0,867.7,297,0.7,2.4,0,0,0,0,0,0,0,185,25,46,97
ABO,2023,4,6,1,-1.7,59.2,3.2,-8.6,2.3,-4,4,0,867.3,315,0.6,2.4,0,0,0,0,0,0,0,185,33,43,97
ABO,2023,4,6,2,-1.7,59.2,3.2,-8.6,2.3,-4,4,0,866.9,360,0.7,2.4,0,0,0,0,0,0,0,184,16,43,97
ABO,2023,4,6,3,-1.7,57.4,3.1,-9,2.23,-4.1,3.8,0,866.7,333,0.7,2.2,0,0,0,0,0,0,0,184,16,43,97
ABO,2023,4,6,4,-1.8,56,3,-9.4,2.16,-4.2,3.6,0,866.6,304,0.6,1.7,0,0,0,0,0,0,0,185,0,43,97
ABO,2023,4,6,5,-1.7,53.9,2.9,-9.8,2.09,-4.3,3.5,0,866.7,284,0.5,1.4,0,0,0,0,0,0,0,185,0,43,97
ABO,2023,4,6,6,-1.7,53.9,2.9,-9.8,2.09,-4.3,3.5,0,867,304,0.5,1.6,18,0,18,25,25,25,26,187,13,43,97
ABO,2023,4,6,7,-0.6,51.3,3,-9.4,2.16,-3.5,4.8,0,867.4,76,1.1,2,168,254,89,86,342,148,86,189,23,43,97
ABO,2023,4,6,8,1.1,42.2,2.8,-10.3,2.01,-2.6,6.1,0,867.6,135,1.2,3.2,437,739,125,139,835,413,144,194,25,43,97
ABO,2023,4,6,9,3.7,35.1,2.8,-10.3,2.01,-1.1,8.8,0,867.4,129,1.5,3.2,616,830,144,188,840,631,195,202,36,43,97
ABO,2023,4,6,10,6.2,26.3,2.5,-11.7,1.8,0,10.7,0,867.3,150,2.8,7.4,738,825,182,226,727,781,234,209,39,43,97
ABO,2023,4,6,11,7.6,30.6,3.2,-8.6,2.3,1.4,13.4,0,867.4,97,3.2,6.9,890,1012,140,256,592,968,267,215,40,43,97
ABO,2023,4,6,12,7.8,32.1,3.4,-7.8,2.45,1.7,14,0,867.2,76,3.4,7,889,973,147,259,318,968,357,223,58,43,97
ABO,2023,4,6,13,7.8,37.8,4,-5.7,2.88,2.3,15.1,0,867.1,50,4.6,8.4,765,709,238,254,248,799,541,229,74,43,97
ABO,2023,4,6,14,7.2,42.4,4.3,-4.7,3.1,2.3,15,0,867.1,46,4.6,8.2,590,419,312,239,237,564,556,232,94,43,97
ABO,2023,4,6,15,7.1,42.7,4.3,-4.7,3.1,2.2,14.9,0,867.2,50,4.7,8.5,514,495,235,193,191,495,632,232,81,43,97
ABO,2023,4,6,16,6.7,40.7,4,-5.7,2.88,1.7,14,0,867.5,46,4.6,8.7,365,531,156,140,138,320,655,229,66,43,97
ABO,2023,4,6,17,5.7,38.3,3.5,-7.4,2.52,0.7,12,0,867.8,43,2.9,6.4,133,111,98,82,82,113,197,230,84,43,97
ABO,2023,4,6,18,5,41.1,3.6,-7.1,2.59,0.4,11.5,0,868,68,1.7,3.2,20,0,20,17,17,17,17,231,94,43,97
ABO,2023,4,6,19,4.4,46.7,3.9,-6,2.81,0.4,11.4,0,868.1,180,0.8,2,0,0,0,0,0,0,0,238,100,43,97
ABO,2023,4,6,20,4.2,48.4,4,-5.7,2.88,0.4,11.4,0,868.2,225,1.5,3.1,0,0,0,0,0,0,0,233,100,43,97
ABO,2023,4,6,21,4.7,44.3,3.8,-6.4,2.73,0.4,11.6,0,868.3,242,1.8,5.6,0,0,0,0,0,0,0,227,84,43,97
ABO,2023,4,6,22,4.3,47,3.9,-6,2.81,0.3,11.3,0,867.9,256,2.2,5,0,0,0,0,0,0,0,220,29,43,97
ABO,2023,4,6,23,3.5,52.1,4.1,-5.4,2.95,0.1,10.9,0,867.5,162,0.8,2.8,0,0,0,0,0,0,0,215,40,43,97
ABO,2023,4,7,0,3.4,55.3,4.3,-4.7,3.1,0.2,11.2,0,867.1,288,1,2.4,0,0,0,0,0,0,0,211,41,43,97
ABO,2023,4,7,1,3.6,55.8,4.4,-4.4,3.17,0.4,11.6,0,866.7,236,1.6,5.6,0,0,0,0,0,0,0,215,78,43,97
ABO,2023,4,7,2,3.8,55,4.4,-4.4,3.18,0.5,11.8,0,865.9,278,2.6,6,0,0,0,0,0,0,0,216,71,43,97
ABO,2023,4,7,3,2.4,66,4.8,-3.3,3.47,0.1,11.1,0,865.2,220,1,2.4,0,0,0,0,0,0,0,224,94,43,97
ABO,2023,4,7,4,2.2,66.9,4.8,-3.3,3.47,0,10.9,0,864.4,252,0.9,2.6,0,0,0,0,0,0,0,228,94,43,97
ABO,2023,4,7,5,1.9,71.5,5,-2.7,3.62,0,11,0,863.8,0,1.1,2.5,0,0,0,0,0,0,0,231,100,43,97
ABO,2023,4,7,6,2.3,69.5,5,-2.7,3.62,0.3,11.4,0,863.7,270,1.2,2.5,13,0,13,8,9,9,8,233,100,43,97
ABO,2023,4,7,7,1.8,73.1,5.1,-2.5,3.69,0.1,11,0.2,865.1,81,1.5,4.5,39,0,39,25,26,26,25,234,100,43,97
ABO,2023,4,7,8,0.3,93,5.8,-0.7,4.2,-0.1,10.8,1.9,864.7,169,0.7,2.2,159,9,155,101,112,107,98,235,100,43,97
ABO,2023,4,7,9,0.9,92.3,6,-0.2,4.35,0.4,11.8,0.3,864.8,207,1.1,2.4,256,24,242,158,184,177,154,236,100,43,97
ABO,2023,4,7,10,3.3,76.1,5.9,-0.5,4.27,1.6,14,0.2,864.8,209,2.8,7.9,394,80,340,225,292,295,220,237,100,43,97
ABO,2023,4,7,11,3.8,76.2,6.1,0,4.42,2.1,14.9,0,864.9,187,2.9,6.6,390,55,349,230,267,285,225,238,100,43,97
ABO,2023,4,7,12,4,83.7,6.8,1.5,4.93,2.8,16.4,0,864.9,79,2.1,4.7,406,49,369,242,254,293,249,238,100,43,97
ABO,2023,4,7,13,2.3,91.8,6.6,1.1,4.78,1.8,14.3,0.9,865.5,55,2.6,5.1,311,13,302,196,202,212,199,239,100,43,97
ABO,2023,4,7,14,2.7,91.8,6.8,1.5,4.93,2.2,15,0,865.5,49,1.9,3.9,263,9,258,167,172,177,169,237,100,43,97
ABO,2023,4,7,15,3.5,86.7,6.8,1.5,4.93,2.6,15.9,0,865.4,77,2.9,5.8,211,13,203,132,136,143,142,236,100,43,97
ABO,2023,4,7,16,2.2,92.4,6.6,1.1,4.78,1.7,14.2,0.2,865.8,45,3.9,6.9,266,159,199,136,138,207,297,227,94,43,97
ABO,2023,4,7,17,1.1,95.1,6.3,0.4,4.56,0.8,12.5,2.7,866.3,61,2,5.2,110,35,99,78,78,89,114,225,100,43,97
ABO,2023,4,7,18,0.7,96.4,6.2,0.2,4.48,0.5,11.9,0.5,866.8,84,1.3,3.9,25,0,25,22,22,22,22,225,81,43,97
ABO,2023,4,7,19,0.8,93,6,-0.2,4.33,0.4,11.6,0,867.1,210,0.9,2.3,0,0,0,0,0,0,0,231,100,43,97
ABO,2023,4,7,20,0.6,92.3,5.9,-0.5,4.26,0.1,11.2,0,867.5,14,0.8,2.3,0,0,0,0,0,0,0,222,75,43,97
ABO,2023,4,7,21,0.5,91.6,5.8,-0.7,4.19,0,10.9,0,867.7,243,0.9,2.5,0,0,0,0,0,0,0,211,30,43,97
ABO,2023,4,7,22,0.2,93.7,5.8,-0.7,4.19,-0.2,10.6,0,867.8,225,0.8,1.9,0,0,0,0,0,0,0,209,0,43,97
ABO,2023,4,7,23,0.2,93.7,5.8,-0.7,4.19,-0.2,10.6,0,867.8,180,0.8,1.9,0,0,0,0,0,0,0,208,6,43,97
ABO,2023,4,8,0,0.4,92.3,5.8,-0.7,4.19,-0.1,10.8,0,867.8,180,0.4,1.6,0,0,0,0,0,0,0,209,10,43,97
ABO,2023,4,8,1,0.6,91,5.8,-0.7,4.19,0.1,11.1,0,867.6,207,0.7,2.1,0,0,0,0,0,0,0,208,31,47,97
ABO,2023,4,8,2,0.7,87.1,5.6,-1.2,4.04,-0.1,10.8,0,867.5,202,0.8,1.8,0,0,0,0,0,0,0,205,29,47,97
ABO,2023,4,8,3,0.1,90.9,5.6,-1.2,4.04,-0.4,10.2,0,867.4,198,0.9,2.2,0,0,0,0,0,0,0,204,40,47,97
ABO,2023,4,8,4,-0.9,90.9,5.2,-2.2,3.75,-1.4,8.4,0,867.5,256,0.8,2.2,0,0,0,0,0,0,0,203,33,47,97
ABO,2023,4,8,5,-1.7,88.8,4.8,-3.3,3.46,-2.3,6.9,0,867.9,252,0.6,1.9,0,0,0,0,0,0,0,202,29,47,97
ABO,2023,4,8,6,-1.6,88.1,4.8,-3.3,3.46,-2.2,7,0,868.1,225,0.6,2,23,0,23,28,27,27,28,202,33,47,97
ABO,2023,4,8,7,-0.9,83.7,4.8,-3.3,3.46,-1.8,7.7,0,868.2,194,1,3.1,173,322,72,90,413,162,93,203,10,47,97
ABO,2023,4,8,8,0.9,70.8,4.6,-3.8,3.31,-0.9,9.2,0,868.7,164,0.9,2.3,345,353,198,157,511,296,157,206,0,47,97
ABO,2023,4,8,9,3,68.6,5.2,-2.2,3.74,0.8,12.4,0,869.1,129,1.5,3.7,511,436,256,212,590,486,214,211,19,47,97
ABO,2023,4,8,10,4.5,59.5,5,-2.7,3.6,1.5,13.5,0,869.1,143,2.4,5.8,701,667,246,247,690,725,254,215,33,47,97
ABO,2023,4,8,11,5.4,55.8,5,-2.7,3.6,2,14.4,0,869.1,101,2,4.3,753,612,293,276,551,780,283,220,33,47,97
ABO,2023,4,8,12,5.9,57.2,5.3,-1.9,3.82,2.5,15.5,0,869,72,1.8,4.9,732,506,342,290,374,739,370,226,31,47,97
ABO,2023,4,8,13,6.5,57.8,5.6,-1.2,4.03,3.1,16.7,0,868.9,79,1.7,5.5,638,368,365,283,282,608,491,233,64,47,97
ABO,2023,4,8,14,6.5,60,5.8,-0.7,4.18,3.3,17,0,868.9,30,2.5,6,475,178,354,252,255,402,390,239,94,47,97
ABO,2023,4,8,15,7,61,6.1,0,4.4,3.8,18.1,0,869,43,3.5,7.6,319,71,279,192,196,241,255,243,100,47,97
ABO,2023,4,8,16,6.4,61.3,5.9,-0.5,4.25,3.3,17.1,0,869.2,37,3.2,6.6,241,86,205,142,145,181,229,237,100,47,97
ABO,2023,4,8,17,5.7,64.3,5.9,-0.5,4.25,2.9,16.4,0,869.5,20,3,6.3,121,24,113,82,84,90,107,236,100,47,97
ABO,2023,4,8,18,5.2,66.6,5.9,-0.5,4.25,2.7,15.9,0,869.8,36,2.8,5.8,29,0,29,22,22,22,21,229,100,47,97
ABO,2023,4,8,19,4.8,68.5,5.9,-0.5,4.25,2.5,15.5,0,870.2,6,1.2,4,0,0,0,0,0,0,0,224,100,47,97
ABO,2023,4,8,20,4.5,74.7,6.3,0.4,4.53,2.7,15.9,0,870.6,35,2.1,4.5,0,0,0,0,0,0,0,221,100,47,97
ABO,2023,4,8,21,3.8,82.5,6.6,1.1,4.75,2.6,15.7,0,870.6,41,2.4,4.7,0,0,0,0,0,0,0,221,70,47,97
ABO,2023,4,8,22,3,87.3,6.6,1.1,4.75,2.1,14.9,0,870.5,59,1.4,4.6,0,0,0,0,0,0,0,218,6,47,97
ABO,2023,4,8,23,2.6,89.8,6.6,1.1,4.75,1.9,14.5,0,870.5,69,1.1,3.2,0,0,0,0,0,0,0,213,33,47,97
ABO,2023,4,9,0,2.5,90.5,6.6,1.1,4.75,1.9,14.4,0,870.2,202,0.7,1.8,0,0,0,0,0,0,0,209,30,47,97
ABO,2023,4,9,1,2.2,87.9,6.3,0.4,4.54,1.4,13.6,0,870,76,0.8,1.6,0,0,0,0,0,0,0,202,0,47,97
ABO,2023,4,9,2,2.2,85.3,6.1,0,4.39,1.2,13.2,0,869.9,254,1,1.9,0,0,0,0,0,0,0,201,10,47,97
ABO,2023,4,9,3,1.7,81,5.6,-1.2,4.03,0.5,11.8,0,869.7,256,0.9,2.3,0,0,0,0,0,0,0,200,0,47,97
ABO,2023,4,9,4,0.4,85.8,5.4,-1.7,3.89,-0.5,10.1,0,869.4,288,0.5,1.6,0,0,0,0,0,0,0,199,0,47,97
ABO,2023,4,9,5,-0.2,84.4,5.1,-2.5,3.67,-1.1,8.9,0,869.5,315,0.5,1.6,0,0,0,0,0,0,0,198,0,47,97
ABO,2023,4,9,6,-0.3,82,4.9,-3,3.53,-1.4,8.5,0,869.5,243,0.5,1.4,23,0,23,30,30,30,30,198,0,47,97
ABO,2023,4,9,7,1.1,72.4,4.8,-3.3,3.45,-0.6,9.7,0,869.6,186,1,2.5,184,357,69,95,450,171,98,198,0,47,97
ABO,2023,4,9,8,3.4,59.2,4.6,-3.8,3.31,0.5,11.7,0,869.7,156,1.1,2.8,387,422,199,163,586,347,165,202,0,47,97
ABO,2023,4,9,9,6,49.3,4.6,-3.8,3.31,1.9,14.3,0,870,101,2.1,5,556,531,246,217,680,543,221,207,13,47,97
ABO,2023,4,9,10,7.7,48.4,5.1,-2.5,3.67,3.2,17,0,869.9,84,2.9,4.9,725,699,244,255,715,751,262,211,19,47,97
ABO,2023,4,9,11,9.5,47.1,5.6,-1.2,4.03,4.6,19.7,0,869.8,81,2.8,5.3,833,798,231,279,599,888,288,216,19,47,97
ABO,2023,4,9,12,10.5,49.5,6.3,0.4,4.54,5.7,22,0,869.7,78,3.6,6.6,857,796,240,287,368,918,396,221,6,47,97
ABO,2023,4,9,13,10.4,55.6,7,1.9,5.05,6.2,23.2,0,869.8,56,4.4,7.8,840,835,213,276,266,898,636,224,13,47,97
ABO,2023,4,9,14,10.5,56.8,7.2,2.3,5.19,6.4,23.6,0,869.6,53,4,7,756,832,189,248,239,793,786,224,13,47,97
ABO,2023,4,9,15,10.6,56.4,7.2,2.3,5.19,6.5,23.7,0,869.5,50,4.2,7.5,627,831,150,205,198,632,885,222,13,47,97
ABO,2023,4,9,16,9.3,60.7,7.1,2.1,5.12,5.8,22.2,0,869.8,42,4.3,7.7,448,751,123,151,146,414,869,223,13,47,97
ABO,2023,4,9,17,7.9,65.8,7,1.9,5.04,5,20.6,0,870.1,39,2.8,5.9,120,164,66,91,89,128,259,224,29,47,97
ABO,2023,4,9,18,6.9,70.4,7,1.9,5.04,4.5,19.6,0,870.5,101,1,2.7,28,0,28,26,26,26,26,222,16,47,97
ABO,2023,4,9,19,6,74.9,7,1.9,5.04,4.1,18.7,0,871,225,0.7,2.5,0,0,0,0,0,0,0,218,0,47,97
ABO,2023,4,9,20,5.3,76.4,6.8,1.5,4.89,3.5,17.6,0,871.3,225,0.5,1.5,0,0,0,0,0,0,0,215,0,47,97
ABO,2023,4,9,21,4.2,80.2,6.6,1.1,4.75,2.8,16.1,0,871.2,315,0.5,1.4,0,0,0,0,0,0,0,212,0,47,97
ABO,2023,4,9,22,3.5,80.1,6.3,0.4,4.53,2.1,14.9,0,871,225,0.4,1.3,0,0,0,0,0,0,0,209,0,47,97
ABO,2023,4,9,23,2.7,79.4,5.9,-0.5,4.24,1.3,13.3,0,870.9,259,0.6,2.1,0,0,0,0,0,0,0,206,0,47,97
ABO,2023,4,10,0,2.6,72.2,5.3,-1.9,3.81,0.7,12.1,0,870.6,270,0.7,2.9,0,0,0,0,0,0,0,203,10,47,97
ABO,2023,4,10,1,2.8,65.6,4.9,-3,3.52,0.4,11.6,0,870.6,284,0.6,1.6,0,0,0,0,0,0,0,202,13,47,97
ABO,2023,4,10,2,2.8,61.8,4.6,-3.8,3.31,0.2,11.1,0,870.3,270,0.8,2.5,0,0,0,0,0,0,0,205,38,47,97
ABO,2023,4,10,3,2.8,59,4.4,-4.4,3.16,0,10.7,0,870.6,270,0.9,2.3,0,0,0,0,0,0,0,211,100,47,97
ABO,2023,4,10,4,2.5,57.6,4.2,-5,3.02,-0.4,10,0,870.3,270,0.9,2.9,0,0,0,0,0,0,0,212,94,47,97
ABO,2023,4,10,5,2.7,56.8,4.2,-5,3.02,-0.3,10.3,0,870.4,284,0.7,2,0,0,0,0,0,0,0,214,100,47,97
ABO,2023,4,10,6,2.8,53.5,4,-5.7,2.87,-0.4,10,0,870.3,315,0.7,1.6,30,0,30,34,33,34,34,210,63,47,97
ABO,2023,4,10,7,4,49.1,4,-5.7,2.87,0.3,11.2,0,870.6,201,1.1,2.8,239,557,72,95,651,193,98,211,25,47,97
ABO,2023,4,10,8,6.6,36.8,3.6,-7.1,2.58,1.3,13.1,0,870.5,180,1,2,441,647,155,158,781,404,162,214,36,47,97
ABO,2023,4,10,9,9.3,25.6,3,-9.4,2.15,2.1,14.8,0,870.6,129,1.4,3.6,614,734,187,211,814,611,217,224,63,47,97
ABO,2023,4,10,10,11,27.3,3.6,-7.1,2.58,3.5,17.6,0,870.6,74,2.6,4.6,699,624,269,256,681,709,262,231,71,47,97
ABO,2023,4,10,11,12.1,24.8,3.5,-7.4,2.51,4,18.5,0,870.1,74,2.7,4.8,791,679,277,280,580,822,288,237,71,47,97
ABO,2023,4,10,12,13,29.4,4.4,-4.4,3.16,5.2,21,0,870.2,74,3.3,6,747,514,346,296,381,750,382,261,81,47,97
ABO,2023,4,10,13,12.5,36.7,5.3,-1.9,3.81,5.8,22.2,0,870.2,68,3.9,6.9,581,261,382,286,287,520,421,273,94,47,97
ABO,2023,4,10,14,12.2,44.3,6.3,0.4,4.54,6.4,23.7,0,870.1,62,3.3,6.3,534,263,354,262,263,474,470,270,100,47,97
ABO,2023,4,10,15,12,47.2,6.6,1.1,4.75,6.6,24.1,0,870.2,62,3.4,5.6,399,175,297,213,215,330,377,267,100,47,97
ABO,2023,4,10,16,11.5,50.9,6.9,1.7,4.97,6.6,24.1,0,870,62,2.8,4.6,248,100,201,142,144,192,242,265,100,47,97
ABO,2023,4,10,17,10.6,56.4,7.2,2.3,5.19,6.5,23.7,0,869.9,68,2,4.2,112,9,109,77,79,81,85,263,100,47,97
ABO,2023,4,10,18,10.3,54.4,6.8,1.5,4.9,6,22.7,0,869.9,135,1.5,5.9,27,0,27,18,19,19,18,263,100,47,97
ABO,2023,4,10,19,10.4,38.8,4.9,-3,3.52,4.4,19.3,0,869.6,234,3.9,6.5,0,0,0,0,0,0,0,262,94,47,97
ABO,2023,4,10,20,10.2,38.5,4.8,-3.3,3.45,4.2,18.9,0,870.4,231,3.1,9,0,0,0,0,0,0,0,264,100,47,97
ABO,2023,4,10,21,10.5,34.7,4.4,-4.4,3.16,4,18.5,0,870.7,215,4.1,8.5,0,0,0,0,0,0,0,264,100,47,97
ABO,2023,4,10,22,10,37.6,4.6,-3.8,3.3,4,18.4,0,870.5,199,4.1,7.6,0,0,0,0,0,0,0,264,100,47,97
ABO,2023,4,10,23,10.1,38.8,4.8,-3.3,3.45,4.2,18.8,0,869.5,217,4.4,11.2,0,0,0,0,0,0,0,260,94,47,97
ABO,2023,4,11,0,9.7,41.6,5,-2.7,3.6,4.2,18.8,0,869.3,203,4.1,8.9,0,0,0,0,0,0,0,265,100,47,97
ABO,2023,4,11,1,9.7,43.2,5.2,-2.2,3.75,4.3,19.2,0,868.2,185,3.6,7,0,0,0,0,0,0,0,265,100,47,97
ABO,2023,4,11,2,10,45.6,5.6,-1.2,4.04,4.8,20.2,0,867.9,184,3.4,7.4,0,0,0,0,0,0,0,267,100,47,97
ABO,2023,4,11,3,10,45.6,5.6,-1.2,4.04,4.8,20.2,0,867.7,198,4.9,11.5,0,0,0,0,0,0,0,268,100,47,97
ABO,2023,4,11,4,9.6,49.3,5.9,-0.5,4.26,4.9,20.4,0,867.4,204,5.9,14.3,0,0,0,0,0,0,0,270,100,47,97
ABO,2023,4,11,5,8.8,56.3,6.4,0.6,4.62,4.9,20.5,0,867.2,217,6.2,11.3,0,0,0,0,0,0,0,271,100,47,97
ABO,2023,4,11,6,7.5,70.5,7.3,2.5,5.28,5.1,20.8,0.4,867.6,208,5.1,10.4,39,0,39,28,29,29,28,273,100,47,97
ABO,2023,4,11,7,7.1,75.1,7.6,3,5.49,5.1,20.9,0.4,868,214,4.7,12.6,110,24,103,74,101,79,72,274,100,47,97
ABO,2023,4,11,8,6.8,78.9,7.8,3.4,5.64,5.1,21,0.9,868.4,230,3.8,8.5,190,20,182,124,147,134,121,274,100,47,97
ABO,2023,4,11,9,6.8,76.7,7.6,3,5.49,4.9,20.6,0.7,868.4,218,3.3,7.2,267,24,252,172,198,191,168,274,100,47,97
ABO,2023,4,11,10,7,77.8,7.8,3.4,5.64,5.2,21.2,0.7,868.3,223,3.8,8.9,353,41,325,222,258,259,217,275,100,47,97
ABO,2023,4,11,11,7.9,73.2,7.8,3.4,5.64,5.7,22.1,0.1,868.2,214,3.3,8.2,459,92,389,270,327,359,265,275,100,47,97
ABO,2023,4,11,12,8.8,66.9,7.6,3,5.49,5.9,22.7,0,868,196,4,9.6,526,152,407,288,317,436,319,275,100,47,97
ABO,2023,4,11,13,7.3,82.4,8.4,4.5,6.08,5.9,22.6,0,868.1,93,3.4,7.4,510,151,396,280,284,421,366,274,100,47,97
ABO,2023,4,11,14,5.4,93.9,8.4,4.5,6.08,4.9,20.7,0.5,868.2,59,3.4,7.1,387,77,333,231,235,297,286,276,100,47,97
ABO,2023,4,11,15,6.1,92.6,8.7,5,6.3,5.5,21.9,0.6,867.7,45,1.9,4.7,353,114,288,202,205,276,308,276,100,47,97
ABO,2023,4,11,16,5.7,92,8.4,4.5,6.08,5.1,21,0,867.2,66,2.5,4.9,236,71,204,142,144,174,212,277,100,47,97
ABO,2023,4,11,17,5.5,93.3,8.4,4.5,6.09,5,20.8,0.2,866.7,63,1.6,3.6,126,32,115,90,91,99,122,275,100,47,97
ABO,2023,4,11,18,5,93.9,8.2,4.1,5.94,4.6,19.9,0.2,866.3,67,1.5,3.4,31,0,31,22,22,22,21,278,100,47,97
ABO,2023,4,11,19,4.7,95.9,8.2,4.1,5.94,4.4,19.6,0.6,866.4,68,1.6,3.1,0,0,0,0,0,0,0,278,100,47,97
ABO,2023,4,11,20,4.6,95.2,8.1,3.9,5.87,4.3,19.3,0.7,866.4,59,1.3,2.9,0,0,0,0,0,0,0,279,100,47,97
ABO,2023,4,11,21,4.5,93.9,7.9,3.6,5.73,4.1,18.9,0.5,865.9,146,0.7,2.2,0,0,0,0,0,0,0,279,100,47,97
ABO,2023,4,11,22,5.7,85.1,7.8,3.4,5.66,4.6,19.9,0.6,865.2,228,4.2,7.8,0,0,0,0,0,0,0,279,100,47,97
ABO,2023,4,11,23,6.4,78.8,7.6,3,5.52,4.7,20.3,0.4,864.7,235,5.1,8.1,0,0,0,0,0,0,0,279,100,47,97
ABO,2023,4,12,0,6.3,79.4,7.6,3,5.52,4.7,20.2,0.2,863.6,233,3.5,7.8,0,0,0,0,0,0,0,279,100,47,97
ABO,2023,4,12,1,6.3,77.7,7.4,2.7,5.38,4.6,19.8,0,862.4,243,3.4,8.6,0,0,0,0,0,0,0,280,100,47,97
ABO,2023,4,12,2,7.3,64.7,6.6,1.1,4.8,4.4,19.4,0,861.6,244,4.8,9.1,0,0,0,0,0,0,0,278,100,47,97
ABO,2023,4,12,3,7.6,57.7,6,-0.2,4.37,4,18.6,0,860.9,245,5.1,8.9,0,0,0,0,0,0,0,280,100,47,97
ABO,2023,4,12,4,4.5,93.9,7.9,3.6,5.76,4.1,19,0,861,135,1.4,6.3,0,0,0,0,0,0,0,281,100,47,97
ABO,2023,4,12,5,8.6,60.9,6.8,1.5,4.96,5.2,21.1,0.4,860.4,225,4.8,12.4,0,0,0,0,0,0,0,281,100,47,97
ABO,2023,4,12,6,8.6,62.7,7,1.9,5.11,5.3,21.5,0,859.7,236,4.3,7.3,37,0,37,26,27,27,26,282,100,47,97
ABO,2023,4,12,7,10.2,55.5,6.9,1.7,5.04,6,22.9,0,859.2,227,3.6,7.1,118,20,112,82,105,87,81,280,100,47,97
ABO,2023,4,12,8,12,44.2,6.2,0.2,4.52,6.3,23.5,0,859,205,4.5,18.2,207,30,194,132,165,147,129,284,100,47,97
ABO,2023,4,12,9,12.6,39.8,5.8,-0.7,4.23,6.2,23.3,0,858.7,226,5.2,15.2,289,40,265,182,222,210,178,285,100,47,97
ABO,2023,4,12,10,12.8,39.3,5.8,-0.7,4.23,6.3,23.5,0,858.2,228,5.6,16.7,346,37,320,219,252,252,214,287,100,47,97
ABO,2023,4,12,11,13.9,36.6,5.8,-0.7,4.24,6.8,24.7,0,857.6,223,5.4,13.5,659,388,362,286,484,624,288,293,100,47,97
ABO,2023,4,12,12,13.5,33.6,5.2,-2.2,3.8,6.1,23.2,0,857.4,228,5.2,10.6,494,123,398,279,321,399,286,298,100,47,97
ABO,2023,4,12,13,13.6,33.4,5.2,-2.2,3.8,6.2,23.3,0,856.9,223,5.3,16.8,340,18,326,221,227,241,226,299,100,47,97
ABO,2023,4,12,14,12.2,47.9,6.8,1.5,4.98,6.9,24.8,0,856.8,92,4,8.1,424,105,351,245,249,333,325,292,100,47,97
ABO,2023,4,12,15,10.4,60.1,7.6,3,5.57,6.7,24.5,0,856.5,63,2.8,6.1,305,54,274,188,192,225,235,285,100,47,97
ABO,2023,4,12,16,9.5,63.8,7.6,3,5.57,6.2,23.6,0,856.4,65,1.9,3.8,177,14,170,116,118,124,127,280,100,47,97
ABO,2023,4,12,17,9.5,55.7,6.6,1.1,4.83,5.5,21.7,0,856.6,207,2.4,6.9,68,0,68,46,47,47,45,277,100,47,97
ABO,2023,4,12,18,6.9,76.2,7.6,3,5.56,5,20.9,1,857.7,192,2.4,5.8,19,0,19,13,13,13,13,274,100,47,97
ABO,2023,4,12,19,5.3,79.8,7.1,2.1,5.19,3.8,18.3,1.4,858.4,234,3.6,7.8,0,0,0,0,0,0,0,270,100,47,97
ABO,2023,4,12,20,4.8,79.2,6.8,1.5,4.96,3.3,17.3,0.6,858.9,230,3.4,8.5,0,0,0,0,0,0,0,266,100,47,97
ABO,2023,4,12,21,4.1,83.1,6.8,1.5,4.96,2.9,16.6,0.4,858.7,219,2.4,5.7,0,0,0,0,0,0,0,261,100,47,97
ABO,2023,4,12,22,3.8,82.5,6.6,1.1,4.82,2.6,15.9,0.8,859,200,3.7,8.8,0,0,0,0,0,0,0,256,100,47,97
ABO,2023,4,12,23,3,87.3,6.6,1.1,4.82,2.1,15.1,0.2,858.5,243,1.7,4.5,0,0,0,0,0,0,0,247,94,47,97
ABO,2023,4,13,0,2.4,87.9,6.4,0.6,4.67,1.6,14.1,0,858.8,138,2.3,6.4,0,0,0,0,0,0,0,235,81,47,97
ABO,2023,4,13,1,1.8,84.7,5.9,-0.5,4.3,0.8,12.6,0,858.4,219,2.2,5.7,0,0,0,0,0,0,0,234,94,46,97
ABO,2023,4,13,2,1.7,84,5.8,-0.7,4.23,0.7,12.3,0.1,858.1,176,2,4.8,0,0,0,0,0,0,0,228,100,46,97
ABO,2023,4,13,3,1.5,82.2,5.6,-1.2,4.09,0.4,11.7,0,857.8,333,1.3,4.1,0,0,0,0,0,0,0,232,100,46,97
ABO,2023,4,13,4,0.8,93,6,-0.2,4.38,0.4,11.7,0.1,858,127,1.2,4.3,0,0,0,0,0,0,0,228,100,46,97
ABO,2023,4,13,5,0.6,78.5,5,-2.7,3.65,-0.7,9.7,0,858.2,204,3,7.7,0,0,0,0,0,0,0,220,100,46,97
ABO,2023,4,13,6,0.6,75.1,4.8,-3.3,3.5,-0.9,9.3,0.2,858.3,230,3.2,5.9,43,0,43,37,38,38,37,211,63,46,97
ABO,2023,4,13,7,0.9,67.6,4.4,-4.4,3.2,-1.1,8.9,0,858.6,232,2.9,6.7,182,160,130,96,265,134,96,216,81,46,97
ABO,2023,4,13,8,1.1,74,4.9,-3,3.57,-0.5,10,0,858.4,124,1.9,5.7,408,454,200,166,620,353,168,216,88,46,97
ABO,2023,4,13,9,2.1,60.7,4.3,-4.7,3.13,-0.5,9.9,0,858.3,182,3.6,6.9,462,259,307,225,467,397,224,219,100,46,97
ABO,2023,4,13,10,2.5,57.6,4.2,-5,3.06,-0.4,10.2,0,858.3,187,3.5,6.9,445,116,365,254,351,351,250,222,100,46,97
ABO,2023,4,13,11,2.6,54.2,4,-5.7,2.91,-0.5,9.9,0.1,858,148,2.7,5.9,458,81,396,273,325,351,268,224,100,46,97
ABO,2023,4,13,12,2,62.5,4.4,-4.4,3.21,-0.5,10,0.2,858.3,85,2.3,7.1,415,41,382,261,273,303,264,227,100,46,97
ABO,2023,4,13,13,0,87,5.3,-1.9,3.87,-0.8,9.6,0.9,857.9,117,1.2,3.1,352,20,337,228,233,249,233,228,100,46,97
ABO,2023,4,13,14,0.6,81.5,5.2,-2.2,3.79,-0.5,10.1,0.6,858.2,202,1,3,276,8,271,183,187,192,184,227,100,46,97
ABO,2023,4,13,15,1.5,70.3,4.8,-3.3,3.5,-0.4,10.2,0,857.7,360,1.5,3.4,279,29,262,178,182,199,201,226,100,46,97
ABO,2023,4,13,16,0.5,83.9,5.3,-1.9,3.86,-0.5,10.1,1.1,858.4,47,2.6,6.2,223,46,203,139,142,160,183,225,100,46,97
ABO,2023,4,13,17,-0.4,94.3,5.6,-1.2,4.08,-0.7,9.8,0.8,858.7,75,1.7,4.2,108,6,106,72,74,75,76,224,100,46,97
ABO,2023,4,13,18,-0.4,94.3,5.6,-1.2,4.08,-0.7,9.8,0.4,859,166,1.4,3.7,30,0,30,20,21,21,20,224,100,46,97
ABO,2023,4,13,19,-0.2,89.6,5.4,-1.7,3.93,-0.8,9.6,0,859.2,180,0.9,2.3,0,0,0,0,0,0,0,223,100,46,97
ABO,2023,4,13,20,-0.2,89.6,5.4,-1.7,3.93,-0.8,9.6,0,859.6,166,0.7,2.1,0,0,0,0,0,0,0,222,100,46,97
ABO,2023,4,13,21,-0.3,90.2,5.4,-1.7,3.93,-0.9,9.5,0,859.4,198,0.9,2.4,0,0,0,0,0,0,0,222,100,46,97
ABO,2023,4,13,22,-0.3,87,5.2,-2.2,3.79,-1.1,9.1,0.3,859.3,248,1,4.7,0,0,0,0,0,0,0,221,100,46,97
ABO,2023,4,13,23,-0.3,93.6,5.6,-1.2,4.08,-0.7,9.9,1.3,859.7,42,2,5.6,0,0,0,0,0,0,0,221,100,46,97
ABO,2023,4,14,0,-0.6,95.7,5.6,-1.2,4.08,-0.8,9.6,1.1,859.6,233,1.2,2.7,0,0,0,0,0,0,0,220,100,46,97
ABO,2023,4,14,1,-0.7,92.9,5.4,-1.7,3.93,-1.1,9.1,0.3,859.8,63,1.1,4.1,0,0,0,0,0,0,0,214,94,47,97
ABO,2023,4,14,2,-0.8,97.1,5.6,-1.2,4.08,-1,9.4,0.5,859.8,191,0.9,1.8,0,0,0,0,0,0,0,215,100,47,97
ABO,2023,4,14,3,-0.7,92.9,5.4,-1.7,3.93,-1.1,9.1,0.3,859.9,225,0.6,1.7,0,0,0,0,0,0,0,207,100,47,97
ABO,2023,4,14,4,-1,91.5,5.2,-2.2,3.78,-1.5,8.4,0,859.8,217,0.7,1.8,0,0,0,0,0,0,0,207,100,47,97
ABO,2023,4,14,5,-1.2,89.5,5,-2.7,3.64,-1.8,7.9,0,860.1,180,0.4,1.6,0,0,0,0,0,0,0,207,100,47,97
ABO,2023,4,14,6,-0.9,88.9,5.1,-2.5,3.71,-1.5,8.3,0,860.2,146,0.8,2.5,47,0,47,34,35,35,34,213,100,47,97
ABO,2023,4,14,7,-0.4,87.6,5.2,-2.2,3.78,-1.1,9,0,860.2,127,0.7,1.9,175,105,141,101,215,127,100,214,100,47,97
ABO,2023,4,14,8,0.3,85.1,5.3,-1.9,3.86,-0.6,9.9,0,860,85,1.3,2.9,326,192,235,171,371,261,170,215,100,47,97
ABO,2023,4,14,9,0.7,80.9,5.2,-2.2,3.78,-0.5,10.1,0,860,129,1,2.3,466,256,312,231,473,400,230,218,100,47,97
ABO,2023,4,14,10,1.7,69.3,4.8,-3.3,3.49,-0.3,10.4,0,859.8,135,0.9,2.7,555,257,373,276,479,486,275,220,100,47,97
ABO,2023,4,14,11,3.3,54.4,4.2,-5,3.05,0.1,11,0,859.4,100,2,4.7,665,351,392,303,492,617,304,222,94,47,97
ABO,2023,4,14,12,4.6,54.4,4.6,-3.8,3.35,1.2,13,0,859.2,151,2.1,4.7,786,563,339,303,382,785,408,224,75,47,97
ABO,2023,4,14,13,5.6,50.7,4.6,-3.8,3.35,1.7,14,0,858.5,165,2,4.6,834,767,244,284,275,855,638,224,39,47,97
ABO,2023,4,14,14,6.2,46.5,4.4,-4.4,3.21,1.9,14.3,0,857.8,172,2.4,5.4,762,802,201,254,246,765,786,226,23,47,97
ABO,2023,4,14,15,6.6,44.2,4.3,-4.7,3.14,2,14.5,0,857.3,170,2.5,5.7,630,790,164,211,203,602,870,230,31,47,97
ABO,2023,4,14,16,6.4,43.8,4.2,-5,3.06,1.8,14.1,0,857.2,182,2.5,4.9,438,635,149,158,154,380,774,233,54,47,97
ABO,2023,4,14,17,5.5,48.8,4.4,-4.4,3.21,1.5,13.6,0,857.2,180,1,3.1,127,59,106,98,98,114,161,239,88,47,97
ABO,2023,4,14,18,4.9,57.8,5,-2.7,3.65,1.7,14.1,0,857.4,50,1.9,4.7,36,0,36,25,26,26,25,245,100,47,97
ABO,2023,4,14,19,4.3,64.9,5.4,-1.7,3.94,1.7,14.2,0,857.6,257,1.4,4.2,0,0,0,0,0,0,0,247,100,47,97
ABO,2023,4,14,20,3.5,71.3,5.6,-1.2,4.09,1.5,13.7,0,857.9,263,1.2,3.2,0,0,0,0,0,0,0,241,100,47,97
ABO,2023,4,14,21,3.2,75.5,5.8,-0.7,4.23,1.5,13.8,0,858,217,1,2.5,0,0,0,0,0,0,0,231,88,47,97
ABO,2023,4,14,22,2.8,81.8,6.1,0,4.45,1.6,14,0,858,153,0.6,1.8,0,0,0,0,0,0,0,231,100,47,97
ABO,2023,4,14,23,2.8,80.6,6,-0.2,4.38,1.5,13.8,0,858,210,0.9,2,0,0,0,0,0,0,0,230,100,47,97
ABO,2023,4,15,0,2.7,81.2,6,-0.2,4.38,1.4,13.7,0,857.8,198,1.2,2.9,0,0,0,0,0,0,0,224,100,47,97
ABO,2023,4,15,1,2.6,80,5.9,-0.5,4.31,1.3,13.4,0,857.6,108,0.6,1.8,0,0,0,0,0,0,0,229,88,48,97
ABO,2023,4,15,2,2.5,80.5,5.9,-0.5,4.31,1.2,13.3,0,857.5,124,0.7,1.6,0,0,0,0,0,0,0,226,100,48,97
ABO,2023,4,15,3,2.1,86,6.1,0,4.46,1.2,13.2,0.2,857.7,76,1,1.9,0,0,0,0,0,0,0,229,100,48,97
ABO,2023,4,15,4,1.5,89.7,6.1,0,4.46,0.9,12.6,0,857.3,127,0.6,1.3,0,0,0,0,0,0,0,232,100,48,97
ABO,2023,4,15,5,1.5,92.4,6.3,0.4,4.6,1,13,0.5,857.3,196,0.9,2.3,0,0,0,0,0,0,0,237,100,48,97
ABO,2023,4,15,6,1.5,93.7,6.4,0.6,4.68,1.1,13.2,0.3,857.3,214,0.8,1.8,50,0,50,39,40,39,38,247,100,48,97
ABO,2023,4,15,7,2.1,95.8,6.8,1.5,4.97,1.8,14.5,0.3,857.2,217,1.1,3.8,165,79,138,99,185,119,97,249,100,48,97
ABO,2023,4,15,8,2.9,93.1,7,1.9,5.12,2.4,15.7,0.2,857.1,63,1.1,2.8,328,219,226,169,395,263,168,249,94,48,97
ABO,2023,4,15,9,3.1,93.1,7.1,2.1,5.19,2.6,16.1,1.1,857.6,135,0.9,2.1,353,85,302,213,296,271,209,254,100,48,97
ABO,2023,4,15,10,3.6,83.7,6.6,1.1,4.82,2.5,15.7,1.4,858,221,2.1,7.1,480,152,372,268,390,394,264,255,100,48,97
ABO,2023,4,15,11,3.3,89.2,6.9,1.7,5.04,2.6,15.9,0.9,858.5,166,0.7,2.2,548,177,411,297,403,461,294,256,100,48,97
ABO,2023,4,15,12,3.4,87.3,6.8,1.5,4.96,2.5,15.8,0.9,859.1,238,1.4,3.6,434,57,389,271,292,328,272,258,100,48,97
ABO,2023,4,15,13,3.3,91.8,7.1,2.1,5.18,2.7,16.3,0.6,859.9,153,1.1,3.3,461,89,391,276,280,360,323,258,100,48,97
ABO,2023,4,15,14,3.1,91.8,7,1.9,5.1,2.5,15.9,0.4,860.7,53,2,4.2,408,81,351,247,251,315,309,257,100,48,97
ABO,2023,4,15,15,2.6,93.8,6.9,1.7,5.02,2.2,15.2,0.9,861.4,45,1.8,3.6,312,53,281,196,200,231,242,256,100,48,97
ABO,2023,4,15,16,2.1,95.8,6.8,1.5,4.94,1.8,14.5,0.9,862.3,53,2,3.8,268,107,220,157,159,202,266,255,100,48,97
ABO,2023,4,15,17,1,97.2,6.4,0.6,4.65,0.8,12.6,1,863.1,66,1.3,2.9,137,38,124,94,95,105,134,254,100,48,97
ABO,2023,4,15,18,0.6,98.6,6.3,0.4,4.57,0.5,12,0.8,864.2,84,1.1,2.4,39,0,39,28,29,29,28,254,100,48,97
ABO,2023,4,15,19,0.8,97.1,6.3,0.4,4.56,0.6,12.2,0.1,865.4,135,0.6,2.1,0,0,0,0,0,0,0,249,100,48,97
ABO,2023,4,15,20,1.4,94.4,6.4,0.6,4.63,1,13,0.1,866.2,166,0.7,1.9,0,0,0,0,0,0,0,240,88,48,97
ABO,2023,4,15,21,1.6,96.5,6.6,1.1,4.77,1.4,13.5,0,866.5,198,1.2,2.5,0,0,0,0,0,0,0,245,100,48,97
ABO,2023,4,15,22,1.6,93,6.4,0.6,4.63,1.2,13.2,0,866.4,203,0.9,2.3,0,0,0,0,0,0,0,234,88,48,97
ABO,2023,4,15,23,1.6,93,6.4,0.6,4.62,1.2,13.2,0.2,867.2,45,1.2,2.7,0,0,0,0,0,0,0,235,100,48,97
ABO,2023,4,16,0,1.2,95.8,6.4,0.6,4.62,0.9,12.8,0.4,867.5,117,0.6,2.1,0,0,0,0,0,0,0,236,100,48,97
ABO,2023,4,16,1,1.6,93,6.4,0.6,4.62,1.2,13.2,0,867.3,220,1.2,3.6,0,0,0,0,0,0,0,225,100,48,97
ABO,2023,4,16,2,1.8,91.7,6.4,0.6,4.62,1.3,13.4,0,867.3,225,0.9,2.1,0,0,0,0,0,0,0,228,100,48,97
ABO,2023,4,16,3,1.8,90.4,6.3,0.4,4.55,1.2,13.2,0,867.4,45,1.1,2.6,0,0,0,0,0,0,0,229,100,48,97
ABO,2023,4,16,4,1.5,92.4,6.3,0.4,4.55,1,12.9,0,867.5,256,0.8,2.4,0,0,0,0,0,0,0,229,61,48,97
ABO,2023,4,16,5,1.3,93.7,6.3,0.4,4.55,0.9,12.7,0,867.4,146,0.7,1.5,0,0,0,0,0,0,0,229,53,48,97
ABO,2023,4,16,6,1.2,93,6.2,0.2,4.48,0.8,12.4,0,867.7,135,0.5,1.2,59,37,52,47,82,43,43,234,60,48,97
ABO,2023,4,16,7,1.5,91,6.2,0.2,4.48,0.9,12.7,0,867.6,207,0.8,1.8,202,194,138,110,316,152,110,237,64,48,97
ABO,2023,4,16,8,1.7,95.8,6.6,1.1,4.76,1.4,13.6,0.2,868.3,68,1.2,2.3,314,166,236,172,345,246,170,252,100,48,97
ABO,2023,4,16,9,1.7,92.4,6.4,0.6,4.62,1.2,13.3,0.1,868.4,153,0.8,2.2,412,160,314,227,381,333,225,253,100,48,97
ABO,2023,4,16,10,2.1,93.1,6.6,1.1,4.76,1.7,14,0.1,868.8,77,1,2.1,474,141,374,268,383,384,265,254,100,48,97
ABO,2023,4,16,11,2.2,92.4,6.6,1.1,4.76,1.7,14.1,0.1,869,106,0.8,2.1,521,140,412,295,379,425,291,255,100,48,97
ABO,2023,4,16,12,2.4,91.1,6.6,1.1,4.76,1.8,14.3,0.3,869.1,121,0.7,1.7,530,133,423,302,333,431,326,256,100,48,97
ABO,2023,4,16,13,2.6,89.8,6.6,1.1,4.76,1.9,14.5,0.4,869.1,124,0.5,1.4,522,145,409,294,297,427,379,256,100,48,97
ABO,2023,4,16,14,3,89.8,6.8,1.5,4.91,2.3,15.3,0.1,869,84,1.1,3.2,466,138,368,264,267,377,372,255,100,48,97
ABO,2023,4,16,15,2.8,95.1,7.1,2.1,5.12,2.5,15.6,0.1,869.1,78,2,3.7,383,132,304,218,221,302,342,254,100,48,97
ABO,2023,4,16,16,2.8,95.1,7.1,2.1,5.12,2.5,15.6,0.8,869.1,60,1.8,4.6,299,160,226,164,166,231,330,253,100,48,97
ABO,2023,4,16,17,2.9,94.5,7.1,2.1,5.12,2.5,15.7,0.4,869.3,37,2.1,4.4,154,71,130,99,100,116,174,251,100,48,97
ABO,2023,4,16,18,2.8,95.1,7.1,2.1,5.12,2.5,15.6,0.2,869.5,36,2.7,6.3,43,0,43,33,33,33,32,250,100,48,97
ABO,2023,4,16,19,2.7,93.1,6.9,1.7,4.97,2.2,15.2,0.1,869.8,35,3.1,5.5,0,0,0,0,0,0,0,249,100,48,97
ABO,2023,4,16,20,2.7,94.5,7,1.9,5.05,2.3,15.3,0.1,870,33,2.4,5.1,0,0,0,0,0,0,0,229,100,48,97
ABO,2023,4,16,21,2.6,93.8,6.9,1.7,4.97,2.2,15.1,0.3,869.9,45,2.3,4.7,0,0,0,0,0,0,0,230,100,48,97
ABO,2023,4,16,22,2.5,94.4,6.9,1.7,4.98,2.1,15,0.1,869.5,48,1.4,3.4,0,0,0,0,0,0,0,228,100,48,97
ABO,2023,4,16,23,2.4,93.8,6.8,1.5,4.9,2,14.7,0.2,869.4,146,0.8,1.8,0,0,0,0,0,0,0,227,100,48,97
ABO,2023,4,17,0,2.4,93.8,6.8,1.5,4.91,2,14.7,0,869,135,0.8,3,0,0,0,0,0,0,0,228,88,48,97
ABO,2023,4,17,1,2.3,94.4,6.8,1.5,4.91,1.9,14.6,0.1,868.5,99,0.7,1.9,0,0,0,0,0,0,0,221,61,49,97
ABO,2023,4,17,2,2.3,95.8,6.9,1.7,4.98,2,14.8,0,868.3,68,1.1,2.3,0,0,0,0,0,0,0,218,41,49,97
ABO,2023,4,17,3,2.3,97.2,7,1.9,5.06,2.1,15,0.1,868.2,67,1.4,3.1,0,0,0,0,0,0,0,218,0,49,97
ABO,2023,4,17,4,2.2,96.5,6.9,1.7,4.98,2,14.7,0,868,76,0.9,2.2,0,0,0,0,0,0,0,218,0,49,97
ABO,2023,4,17,5,2.2,96.5,6.9,1.7,4.98,2,14.7,0.1,868,59,1.3,2.7,0,0,0,0,0,0,0,217,26,49,97
ABO,2023,4,17,6,2.2,96.5,6.9,1.7,4.98,2,14.7,0,868.1,65,1.5,3.3,66,56,54,53,106,47,47,217,43,49,97
ABO,2023,4,17,7,2.5,94.4,6.9,1.7,4.98,2.1,15,0.1,868.1,67,1.8,3.7,221,239,139,114,366,169,115,218,48,49,97
ABO,2023,4,17,8,3,92.5,7,1.9,5.06,2.5,15.7,0,868,47,1.8,3.4,414,420,213,180,602,352,182,220,40,49,97
ABO,2023,4,17,9,4.1,85.6,7,1.9,5.06,3.1,16.8,0,868.1,90,2.6,5.1,551,437,282,238,630,503,241,223,59,49,97
ABO,2023,4,17,10,5.3,83.3,7.4,2.7,5.35,4.1,18.7,0,867.9,62,3.4,8.5,659,453,332,282,609,625,285,233,65,49,97
ABO,2023,4,17,11,6.2,76,7.2,2.3,5.21,4.3,19.3,0,867.6,57,3.7,7.4,733,476,359,309,554,708,313,236,75,49,97
ABO,2023,4,17,12,6.6,74,7.2,2.3,5.21,4.5,19.7,0,867.6,43,3.7,8.4,709,386,398,321,389,669,401,244,100,49,97
ABO,2023,4,17,13,6.7,69.4,6.8,1.5,4.91,4.2,19.1,0,867.4,39,4.5,9.8,649,320,399,311,310,593,500,252,100,49,97
ABO,2023,4,17,14,7,69.9,7,1.9,5.06,4.6,19.7,0,867.2,39,4,7.9,551,256,369,280,280,482,486,252,100,49,97
ABO,2023,4,17,15,6.6,69.9,6.8,1.5,4.92,4.2,19,0,867.3,65,2.9,6.2,452,243,307,232,233,383,464,252,100,49,97
ABO,2023,4,17,16,5.9,73.3,6.8,1.5,4.92,3.8,18.3,0,867.2,142,1.5,4.9,328,216,228,172,173,261,397,252,100,49,97
ABO,2023,4,17,17,6.2,71.8,6.8,1.5,4.92,4,18.6,0,867.2,67,1.7,5.1,164,96,131,104,105,126,206,251,100,49,97
ABO,2023,4,17,18,6.1,72.3,6.8,1.5,4.92,3.9,18.5,0,867.3,43,2.2,4.8,45,0,45,37,37,37,37,246,100,49,97
ABO,2023,4,17,19,5.6,74.9,6.8,1.5,4.91,3.7,18,0,867.4,8,1,3.1,0,0,0,0,0,0,0,250,100,49,97
ABO,2023,4,17,20,4.9,82.1,7.1,2.1,5.13,3.6,17.8,0,867.3,225,1.1,3,0,0,0,0,0,0,0,248,100,49,97
ABO,2023,4,17,21,4.5,85.6,7.2,2.3,5.21,3.5,17.6,0,867.1,180,0.7,1.6,0,0,0,0,0,0,0,229,25,49,97
ABO,2023,4,17,22,4.3,86.8,7.2,2.3,5.21,3.4,17.4,0,867,76,1,2.5,0,0,0,0,0,0,0,227,0,49,97
ABO,2023,4,17,23,3.8,91.2,7.3,2.5,5.28,3.2,17,0,866.9,79,1.7,3.1,0,0,0,0,0,0,0,224,28,49,97
ABO,2023,4,18,0,3.6,93.8,7.4,2.7,5.36,3.2,17,0,866.7,79,1.6,3.5,0,0,0,0,0,0,0,221,40,49,97
ABO,2023,4,18,1,3.5,93.2,7.3,2.5,5.29,3,16.8,0,866.4,117,0.4,1.1,0,0,0,0,0,0,0,225,64,43,97
ABO,2023,4,18,2,3.6,92.5,7.3,2.5,5.29,3.1,16.9,0,866,153,0.5,1.2,0,0,0,0,0,0,0,233,94,43,97
ABO,2023,4,18,3,3.6,92.5,7.3,2.5,5.29,3.1,16.9,0,865.9,180,0.5,1.1,0,0,0,0,0,0,0,223,26,43,97
ABO,2023,4,18,4,3.5,93.2,7.3,2.5,5.29,3,16.8,0,866,90,0.7,1.9,0,0,0,0,0,0,0,222,35,43,97
ABO,2023,4,18,5,3.2,95.2,7.3,2.5,5.29,2.9,16.5,0,866,90,0.8,1.9,3,0,3,2,2,2,2,225,46,43,97
ABO,2023,4,18,6,3.4,87.3,6.8,1.5,4.92,2.5,15.7,0,866.2,185,1.3,2.7,69,52,58,50,99,44,43,219,33,43,97
ABO,2023,4,18,7,4,78.5,6.4,0.6,4.63,2.5,15.6,0,866.4,187,1.8,3.5,248,356,122,100,463,169,101,227,55,43,97
ABO,2023,4,18,8,5.1,77.5,6.8,1.5,4.92,3.4,17.5,0,866.3,135,1.4,3.9,447,546,182,160,691,365,162,225,36,43,97
ABO,2023,4,18,9,7.1,67.5,6.8,1.5,4.92,4.4,19.5,0,866.5,117,1.8,4,680,874,134,202,862,614,210,227,6,43,97
ABO,2023,4,18,10,9,61,7,1.9,5.06,5.5,21.8,0,866.7,104,2,4.5,840,975,132,241,777,801,252,233,19,43,97
ABO,2023,4,18,11,10.6,54,6.9,1.7,4.99,6.2,23.2,0,866.6,86,3,5.6,958,1015,156,274,606,941,286,242,25,43,97
ABO,2023,4,18,12,11.2,48,6.4,0.6,4.63,6.1,22.9,0,866.5,64,3.4,6.2,743,576,276,267,340,696,317,259,71,43,97
ABO,2023,4,18,13,11.3,47.7,6.4,0.6,4.63,6.1,23,0,866.8,46,3,6.2,570,274,358,261,262,485,423,270,88,43,97
ABO,2023,4,18,14,11.4,47.3,6.4,0.6,4.63,6.2,23.1,0,867,60,3.7,6.5,452,196,309,220,222,368,360,269,94,43,97
ABO,2023,4,18,15,11.4,54.3,7.3,2.5,5.28,6.9,24.8,0,867.1,46,3.3,6.9,430,208,305,212,214,341,410,258,94,43,97
ABO,2023,4,18,16,11.1,57.4,7.6,3,5.5,7,25,0,867.1,38,3.4,6.3,356,313,208,155,155,276,472,256,78,43,97
ABO,2023,4,18,17,10.2,60.9,7.6,3,5.5,6.6,24.1,0,867.5,31,3.8,7.3,90,1,89,65,67,66,65,262,94,43,97
ABO,2023,4,18,18,8.9,66.5,7.6,3,5.5,6,22.8,0,867.8,14,1.5,4.8,23,0,23,34,33,33,34,247,41,43,97
ABO,2023,4,18,19,8.2,71.7,7.8,3.4,5.64,5.8,22.4,0,868.3,0,0.8,1.9,0,0,0,0,0,0,0,237,6,43,97
ABO,2023,4,18,20,7.5,79,8.2,4.1,5.93,5.8,22.4,0,868.8,58,1.5,3.9,0,0,0,0,0,0,0,235,0,43,97
ABO,2023,4,18,21,7,80.6,8.1,3.9,5.85,5.4,21.7,0,868.9,270,0.7,1.9,0,0,0,0,0,0,0,232,0,43,97
ABO,2023,4,18,22,6.5,80.5,7.8,3.4,5.63,5,20.7,0,869,225,0.9,2.7,0,0,0,0,0,0,0,229,0,43,97
ABO,2023,4,18,23,5.8,82.2,7.6,3,5.49,4.4,19.6,0,869,297,0.7,2.2,0,0,0,0,0,0,0,226,0,43,97
ABO,2023,4,19,0,5.1,83.3,7.3,2.5,5.27,3.9,18.3,0,869,225,0.8,1.9,0,0,0,0,0,0,0,224,0,43,97
ABO,2023,4,19,1,4.7,83.2,7.1,2.1,5.12,3.5,17.6,0,868.8,281,0.7,1.7,0,0,0,0,0,0,0,222,0,42,97
ABO,2023,4,19,2,3.8,84.9,6.8,1.5,4.91,2.7,16.1,0,868.4,281,0.8,3.5,0,0,0,0,0,0,0,222,0,42,97
ABO,2023,4,19,3,3.5,84.3,6.6,1.1,4.76,2.4,15.4,0,868.3,288,0.6,1.7,0,0,0,0,0,0,0,222,0,42,97
ABO,2023,4,19,4,3.1,82.4,6.3,0.4,4.55,1.9,14.5,0,868.2,342,0.5,1.3,0,0,0,0,0,0,0,222,0,42,97
ABO,2023,4,19,5,2.9,81.2,6.1,0,4.4,1.6,13.9,0,868.1,297,0.5,1.3,4,0,4,3,3,3,3,222,0,42,97
ABO,2023,4,19,6,3.1,77.2,5.9,-0.5,4.26,1.5,13.8,0,868,342,0.7,2.3,74,143,42,58,190,44,44,224,19,42,97
ABO,2023,4,19,7,4.4,74.1,6.2,0.2,4.47,2.5,15.6,0,868.5,117,0.9,2.3,312,660,94,108,762,180,101,224,0,42,97
ABO,2023,4,19,8,6.3,71.3,6.8,1.5,4.91,4,18.7,0,868.2,146,1.2,2.6,493,718,139,152,819,395,156,227,13,42,97
ABO,2023,4,19,9,9.1,65.6,7.6,3,5.49,6,23,0,868,80,2.4,4.9,712,959,112,198,911,629,207,230,13,42,97
ABO,2023,4,19,10,10.9,64.6,8.4,4.5,6.08,7.5,26.3,0,867.6,67,3.4,5.6,791,834,185,233,732,740,241,235,23,42,97
ABO,2023,4,19,11,10.9,68.3,8.9,5.3,6.45,7.9,27.2,0,867.2,67,4.7,7,948,997,157,263,591,915,275,243,29,42,97
ABO,2023,4,19,12,10.4,70.6,8.9,5.3,6.45,7.7,26.7,0,866.7,70,4.5,7.6,737,502,329,275,353,668,331,255,69,42,97
ABO,2023,4,19,13,9,78.7,9,5.5,6.53,7.2,25.5,0,866.7,69,4.1,8.2,402,87,335,221,226,299,274,272,100,42,97
ABO,2023,4,19,14,9.1,78.2,9,5.5,6.53,7.2,25.6,0,866.3,64,3.5,7,234,5,231,148,153,155,148,273,100,42,97
ABO,2023,4,19,15,9.6,74.5,8.9,5.3,6.46,7.3,25.9,0,865.9,60,3.2,5.7,231,88,182,122,124,169,206,271,94,42,97
ABO,2023,4,19,16,9.6,70.5,8.4,4.5,6.1,7,25,0,865.4,85,2.5,4.6,313,245,206,145,147,227,396,262,71,42,97
ABO,2023,4,19,17,9,73.9,8.5,4.6,6.17,6.7,24.6,0,865.2,60,2.6,5.2,121,28,112,80,81,86,108,255,70,42,97
ABO,2023,4,19,18,8,79.1,8.5,4.6,6.17,6.3,23.6,0,865,54,2.3,4.9,43,0,43,35,36,36,35,251,56,42,97
ABO,2023,4,19,19,7.4,81.8,8.4,4.5,6.1,5.9,22.8,0,865.3,73,1.9,4.5,0,0,0,0,0,0,0,251,84,42,97
ABO,2023,4,19,20,6.7,85.8,8.4,4.5,6.1,5.6,22,0,865.1,66,1.1,2.5,0,0,0,0,0,0,0,239,41,42,97
ABO,2023,4,19,21,6.3,88.2,8.4,4.5,6.1,5.4,21.7,0,864.6,90,0.8,1.8,0,0,0,0,0,0,0,231,33,42,97
ABO,2023,4,19,22,5.9,89.4,8.3,4.3,6.03,5.1,21.1,0,864.2,113,1,2.3,0,0,0,0,0,0,0,228,6,42,97
ABO,2023,4,19,23,5.7,88.2,8.1,3.9,5.89,4.8,20.5,0,863.7,141,0.9,1.9,0,0,0,0,0,0,0,226,25,42,97
ABO,2023,4,20,0,5.3,85.1,7.6,3,5.53,4.2,19.2,0,863,195,1.4,2.8,0,0,0,0,0,0,0,234,50,42,97
ABO,2023,4,20,1,3.7,85.5,6.8,1.5,4.95,2.7,16.1,0,862,180,0.8,2.3,0,0,0,0,0,0,0,237,61,41,97
ABO,2023,4,20,2,3.1,86.7,6.6,1.1,4.8,2.2,15.1,0,861.5,59,0.7,2.4,0,0,0,0,0,0,0,233,38,41,97
ABO,2023,4,20,3,3.3,90.5,7,1.9,5.1,2.7,16.1,0,860.9,207,0.6,1.8,0,0,0,0,0,0,0,240,75,41,97
ABO,2023,4,20,4,3.2,92.5,7.1,2.1,5.18,2.7,16.2,0,860.4,108,1.1,3,0,0,0,0,0,0,0,244,88,41,97
ABO,2023,4,20,5,2.7,98.6,7.3,2.5,5.32,2.6,16,0,860.4,81,1.3,2.7,3,0,3,2,2,2,2,247,100,41,97
ABO,2023,4,20,6,2.6,97.9,7.2,2.3,5.25,2.5,15.7,0,860.2,96,1,2.1,31,0,31,22,22,22,21,245,94,41,97
ABO,2023,4,20,7,3,95.1,7.2,2.3,5.25,2.7,16.2,0,860,95,1.3,3.7,160,104,120,81,191,108,79,248,94,41,97
ABO,2023,4,20,8,3.6,92.5,7.3,2.5,5.32,3.1,16.9,0,860.3,77,2,4.1,120,0,120,76,79,78,74,251,100,41,97
ABO,2023,4,20,9,3.5,94.5,7.4,2.7,5.4,3.1,17,0.1,860.2,61,2,3.9,163,0,162,103,106,106,100,254,100,41,97
ABO,2023,4,20,10,3.2,91.2,7,1.9,5.1,2.6,16,2.3,860.2,225,1.3,3,231,1,230,146,151,150,141,257,100,41,97
ABO,2023,4,20,11,3.8,89.9,7.2,2.3,5.25,3.1,17,1.1,860.3,198,0.9,2.4,204,0,204,130,134,133,126,260,100,41,97
ABO,2023,4,20,12,4.1,89.3,7.3,2.5,5.33,3.3,17.5,1,859.6,129,1.3,3.4,204,0,204,129,133,133,125,263,100,41,97
ABO,2023,4,20,13,4.2,94.5,7.8,3.4,5.69,3.8,18.5,0.5,859.8,55,1.9,4.4,138,0,138,87,90,89,85,264,100,41,97
ABO,2023,4,20,14,3.2,96.5,7.4,2.7,5.4,3,16.7,0.3,860.3,61,2.4,4.7,147,0,147,94,96,96,91,262,100,41,97
ABO,2023,4,20,15,2.2,96.5,6.9,1.7,5.03,2,14.8,0.7,860.9,60,2.1,3.8,136,0,135,86,88,88,84,261,100,41,97
ABO,2023,4,20,16,1.9,97.2,6.8,1.5,4.95,1.7,14.3,0.1,860.8,63,1.8,4.5,211,67,183,119,122,142,187,258,94,41,97
ABO,2023,4,20,17,2.1,95.8,6.8,1.5,4.95,1.8,14.5,0,861.2,73,1.8,3.8,187,332,70,93,90,143,429,249,55,41,97
ABO,2023,4,20,18,2,96.5,6.8,1.5,4.95,1.8,14.4,0,861.6,56,2,4.2,30,0,30,34,34,34,34,252,54,41,97
ABO,2023,4,20,19,1.9,97.2,6.8,1.5,4.95,1.7,14.3,0,861.4,77,0.9,2,0,0,0,0,0,0,0,242,45,41,97
ABO,2023,4,20,20,2.1,93.1,6.6,1.1,4.8,1.7,14.1,0,861.6,68,1.1,2.4,0,0,0,0,0,0,0,236,38,41,97
ABO,2023,4,20,21,2.2,92.4,6.6,1.1,4.8,1.7,14.2,0,861.7,68,0.8,1.8,0,0,0,0,0,0,0,243,84,41,97
ABO,2023,4,20,22,2.2,92.4,6.6,1.1,4.8,1.7,14.2,0,861.9,76,0.9,2.1,0,0,0,0,0,0,0,244,94,41,97
ABO,2023,4,20,23,2.2,89.1,6.4,0.6,4.65,1.5,13.8,0,861.8,192,1.7,4.4,0,0,0,0,0,0,0,238,94,41,97
ABO,2023,4,21,0,1.8,89.1,6.2,0.2,4.51,1.1,13.1,0,861.5,228,2.1,5.4,0,0,0,0,0,0,0,233,84,41,97
ABO,2023,4,21,1,1.5,89.7,6.1,0,4.44,0.9,12.6,0,861.2,243,1.2,3.4,0,0,0,0,0,0,0,229,59,41,97
ABO,2023,4,21,2,1.1,91,6,-0.2,4.36,0.5,12,0,861.1,220,1.3,4,0,0,0,0,0,0,0,222,16,41,97
ABO,2023,4,21,3,0.9,92.3,6,-0.2,4.36,0.4,11.8,0,861,243,0.8,2.7,0,0,0,0,0,0,0,223,23,41,97
ABO,2023,4,21,4,0.9,90.3,5.9,-0.5,4.29,0.3,11.6,0,861.3,243,0.7,2.3,0,0,0,0,0,0,0,230,50,41,97
ABO,2023,4,21,5,1.2,90.4,6,-0.2,4.36,0.6,12.1,0,861.3,225,0.9,3.7,2,0,2,1,1,1,1,238,81,41,97
ABO,2023,4,21,6,2,87.8,6.2,0.2,4.51,1.2,13.3,0,861.5,225,1.2,2.8,65,37,56,43,79,39,37,245,88,41,97
ABO,2023,4,21,7,3.6,83.7,6.6,1.1,4.8,2.5,15.6,0,861.4,236,1.1,4.5,227,367,115,101,468,119,90,238,55,41,97
ABO,2023,4,21,8,5.4,75.9,6.8,1.5,4.95,3.6,17.8,0,861.2,173,1.4,3.8,267,90,222,145,241,187,142,245,68,41,97
ABO,2023,4,21,9,7.4,70,7.2,2.3,5.24,4.9,20.6,0,861.2,83,1.5,4.3,269,17,258,165,186,179,160,253,100,41,97
ABO,2023,4,21,10,8.6,64.5,7.2,2.3,5.24,5.5,21.8,0,861.6,99,1.4,5.5,291,10,284,181,193,192,176,262,100,41,97
ABO,2023,4,21,11,9.4,62,7.3,2.5,5.31,6,22.8,0,861.7,117,2.7,7.7,370,35,342,220,243,255,214,267,100,41,97
ABO,2023,4,21,12,10.3,62.2,7.8,3.4,5.68,6.8,24.7,0,861.8,52,4.5,9.4,494,117,399,262,297,372,276,276,100,41,97
ABO,2023,4,21,13,9.6,63.4,7.6,3,5.53,6.3,23.6,0,862.3,73,3.6,7.1,409,46,373,240,246,285,261,282,100,41,97
ABO,2023,4,21,14,9.9,66.2,8.1,3.9,5.9,6.8,24.8,0,862.1,61,2.7,5.3,342,37,315,203,208,234,227,279,100,41,97
ABO,2023,4,21,15,10.1,61.3,7.6,3,5.53,6.5,24.1,0,861.8,54,2.8,5.9,238,9,233,148,153,157,152,276,100,41,97
ABO,2023,4,21,16,9.8,65.3,7.9,3.6,5.75,6.6,24.3,0,862,70,2.2,4.1,153,3,152,97,99,100,97,274,100,41,97
ABO,2023,4,21,17,8.7,75.4,8.5,4.6,6.19,6.6,24.3,0,862.2,74,1.9,4.4,111,11,107,69,71,73,78,273,100,41,97
ABO,2023,4,21,18,7.4,84.7,8.7,5,6.34,6.2,23.4,0,862.5,104,0.8,1.7,30,0,30,19,20,19,18,273,100,41,97
ABO,2023,4,21,19,7.1,82.3,8.3,4.3,6.04,5.7,22.3,0,862.8,198,0.7,1.7,0,0,0,0,0,0,0,269,94,41,97
ABO,2023,4,21,20,6.1,78.8,7.4,2.7,5.38,4.5,19.6,0,862.9,259,1.1,3.8,0,0,0,0,0,0,0,260,74,41,97
ABO,2023,4,21,21,6,74.9,7,1.9,5.09,4.1,18.8,0,862.7,252,1.3,3.8,0,0,0,0,0,0,0,259,90,41,97
ABO,2023,4,21,22,5.7,74.3,6.8,1.5,4.94,3.7,18.1,0,862.6,279,1,3.5,0,0,0,0,0,0,0,247,54,41,97
ABO,2023,4,21,23,5.7,69.7,6.4,0.6,4.65,3.4,17.4,0,862.9,270,0.9,2.8,0,0,0,0,0,0,0,237,45,41,97
ABO,2023,4,22,0,5.4,71.1,6.4,0.6,4.65,3.2,17.1,0,862.9,281,0.7,2.2,0,0,0,0,0,0,0,232,29,41,97
ABO,2023,4,22,1,5.3,69.6,6.2,0.2,4.5,3,16.6,0,862.7,270,0.8,2.6,0,0,0,0,0,0,0,237,54,40,97
ABO,2023,4,22,2,5,70,6.1,0,4.43,2.8,16.1,0,862.5,270,0.9,2.6,0,0,0,0,0,0,0,242,55,40,97
ABO,2023,4,22,3,5.5,66.7,6,-0.2,4.36,2.9,16.5,0,862.4,270,0.8,2.4,0,0,0,0,0,0,0,251,94,40,97
ABO,2023,4,22,4,5.7,66.7,6.1,0,4.43,3.1,16.8,0,862.8,288,0.8,1.9,0,0,0,0,0,0,0,247,64,40,97
ABO,2023,4,22,5,6,63,5.9,-0.5,4.28,3.1,16.8,0,863.2,304,0.8,1.9,2,0,2,1,1,1,1,260,100,40,97
ABO,2023,4,22,6,6.3,63.1,6,-0.2,4.35,3.4,17.3,0,863.4,256,0.7,2.6,63,49,52,56,100,49,49,251,64,40,97
ABO,2023,4,22,7,9.1,55.2,6.4,0.6,4.64,5.1,20.8,0,863.9,190,1.2,5.3,81,4,80,51,57,52,49,265,100,40,97
ABO,2023,4,22,8,12,49.3,6.9,1.7,5.01,6.9,24.7,0,863.6,234,2.6,6.4,448,526,182,158,654,337,160,262,65,40,97
ABO,2023,4,22,9,13.5,47.3,7.3,2.5,5.3,7.8,27,0,863.7,163,1.8,3.3,330,117,257,170,282,242,167,275,94,40,97
ABO,2023,4,22,10,14.6,43.4,7.2,2.3,5.23,8.2,27.9,0,863.6,175,2.6,7.5,309,27,289,185,211,209,179,287,100,40,97
ABO,2023,4,22,11,13.6,47,7.3,2.5,5.3,7.9,27.1,0,863.9,242,3.4,10.9,249,4,245,156,162,162,151,299,100,40,97
ABO,2023,4,22,12,11.8,59.2,8.2,4.1,5.96,7.8,26.9,0,864.2,194,2.4,6.7,297,6,292,185,191,194,181,309,100,40,97
ABO,2023,4,22,13,11.7,63.9,8.8,5.1,6.4,8.2,27.9,0,864.1,108,0.9,2.5,284,16,272,173,178,190,178,311,100,40,97
ABO,2023,4,22,14,13.4,53.3,8.2,4.1,5.96,8.5,28.5,0,864,168,1.8,5.6,242,40,212,137,140,172,163,308,100,40,97
ABO,2023,4,22,15,12.7,59.4,8.7,5,6.33,8.6,28.7,0,863.7,63,3.6,7.3,460,419,200,173,172,365,515,303,88,40,97
ABO,2023,4,22,16,12.1,59.7,8.4,4.5,6.11,8.1,27.6,0,863.9,62,1.8,4.4,274,154,207,138,141,188,297,296,88,40,97
ABO,2023,4,22,17,11.4,65.2,8.8,5.1,6.4,8,27.6,0,863.9,55,1.8,2.9,180,149,128,88,89,117,244,301,100,40,97
ABO,2023,4,22,18,10.8,69.7,9,5.5,6.55,8,27.4,0,863.9,77,1.2,2.2,16,0,16,12,13,13,12,301,100,40,97
ABO,2023,4,22,19,10,77.2,9.5,6.2,6.91,8,27.5,0,864.2,90,0.9,2.8,0,0,0,0,0,0,0,299,100,40,97
ABO,2023,4,22,20,9.6,73.5,8.8,5.1,6.4,7.2,25.8,0,863.9,225,0.8,2.7,0,0,0,0,0,0,0,296,100,40,97
ABO,2023,4,22,21,9.5,71.4,8.5,4.6,6.18,7,25.1,0,863.9,333,0.8,2.2,0,0,0,0,0,0,0,294,100,40,97
ABO,2023,4,22,22,9.3,69.9,8.2,4.1,5.96,6.6,24.3,0,864.1,297,1.3,4.3,0,0,0,0,0,0,0,294,100,40,97
ABO,2023,4,22,23,8.5,79.2,8.8,5.1,6.4,6.7,24.6,0,864.3,198,0.9,2.5,0,0,0,0,0,0,0,295,100,40,97
ABO,2023,4,23,0,8.3,81.4,8.9,5.3,6.47,6.7,24.6,0,864.2,214,0.8,2.3,0,0,0,0,0,0,0,294,100,40,97
ABO,2023,4,23,1,8.1,83.6,9,5.5,6.55,6.7,24.6,0,863.6,53,0.7,1.7,0,0,0,0,0,0,0,293,100,40,97
ABO,2023,4,23,2,7.7,87.7,9.2,5.8,6.7,6.7,24.6,0,863.8,66,1.3,3.5,0,0,0,0,0,0,0,283,78,40,97
ABO,2023,4,23,3,7.3,88.3,9,5.5,6.55,6.4,23.8,0,863.5,54,1.7,4.1,0,0,0,0,0,0,0,284,88,40,97
ABO,2023,4,23,4,6.8,93.3,9.2,5.8,6.7,6.3,23.7,0,863.4,90,1.2,3.8,0,0,0,0,0,0,0,287,100,40,97
ABO,2023,4,23,5,6.8,93.3,9.2,5.8,6.7,6.3,23.7,0.5,863.3,162,0.5,1.5,4,0,4,3,3,3,3,285,100,40,97
ABO,2023,4,23,6,6.9,92.7,9.2,5.8,6.7,6.3,23.8,0.1,863.4,169,0.6,1.8,32,0,32,20,21,21,20,283,100,40,97
ABO,2023,4,23,7,7.3,90.2,9.2,5.8,6.7,6.5,24.2,0.1,863,153,0.6,1.8,194,140,139,94,243,128,92,282,100,40,97
ABO,2023,4,23,8,8.5,80.3,8.9,5.3,6.49,6.8,24.9,0,862.3,108,1.1,3.1,287,115,232,152,275,198,148,282,94,40,97
ABO,2023,4,23,9,9.2,75.5,8.8,5.1,6.41,7.1,25.4,0,862.1,135,1.2,2.8,565,474,256,204,601,469,206,289,94,40,97
ABO,2023,4,23,10,12.7,57.8,8.5,4.6,6.2,8.4,28.4,0,861.5,191,2.7,10.1,623,370,347,248,524,525,248,277,53,40,97
ABO,2023,4,23,11,15.4,38.9,6.8,1.5,4.95,8.3,28,0,861.4,217,5.5,10.9,616,265,402,273,422,505,271,287,68,40,97
ABO,2023,4,23,12,15.5,35.7,6.3,0.4,4.58,7.9,27.2,0,861,171,4.9,10.3,458,94,380,247,276,336,253,302,100,40,97
ABO,2023,4,23,13,13.4,63,9.7,6.5,7.09,9.6,31.4,0,860.8,56,4,9.9,456,104,372,242,247,336,301,308,100,40,97
ABO,2023,4,23,14,12.5,67.7,9.8,6.7,7.16,9.3,30.6,0,860.7,54,3.9,8.6,273,11,265,168,173,180,173,307,100,40,97
ABO,2023,4,23,15,11.8,73.9,10.2,7.3,7.46,9.3,30.7,0,860.4,67,2.2,4.9,247,39,224,144,148,168,179,303,100,40,97
ABO,2023,4,23,16,11.9,68.1,9.5,6.2,6.95,8.8,29.5,0,860.1,93,2.3,4.8,284,195,190,131,133,202,327,296,94,40,97
ABO,2023,4,23,17,10.1,66.3,8.2,4.1,5.98,7,25.2,0.4,861.1,228,3.5,8.9,93,8,90,72,73,75,80,293,100,40,97
ABO,2023,4,23,18,8.4,71.7,7.9,3.6,5.76,6,22.9,0.9,861.3,203,4.7,13.3,29,0,29,20,20,20,20,293,100,40,97
ABO,2023,4,23,19,6.9,73.5,7.3,2.5,5.31,4.8,20.3,1.5,862.1,207,6.3,13.4,0,0,0,0,0,0,0,292,100,40,97
ABO,2023,4,23,20,6.6,72.9,7.1,2.1,5.17,4.4,19.6,0.1,861.5,218,4.6,10.2,0,0,0,0,0,0,0,287,100,40,97
ABO,2023,4,23,21,7.5,65.7,6.8,1.5,4.95,4.6,20,0,861.5,204,4.6,9.3,0,0,0,0,0,0,0,282,100,40,97
ABO,2023,4,23,22,7.3,64.7,6.6,1.1,4.8,4.4,19.4,0,861.4,232,3.6,8.5,0,0,0,0,0,0,0,276,100,40,97
ABO,2023,4,23,23,6.7,67.4,6.6,1.1,4.8,4.1,18.8,0,861,252,3.2,7.8,0,0,0,0,0,0,0,272,100,40,97
ABO,2023,4,24,0,5.9,76.5,7.1,2.1,5.17,4.1,18.9,0,860.9,286,2.3,5.8,0,0,0,0,0,0,0,267,100,40,97
ABO,2023,4,24,1,4.9,93.2,8.1,3.9,5.91,4.4,19.7,0.2,861.2,90,1.2,2.9,0,0,0,0,0,0,0,264,100,40,97
ABO,2023,4,24,2,4.9,82.1,7.1,2.1,5.17,3.6,17.9,0.7,860.8,228,2.1,6.3,0,0,0,0,0,0,0,262,100,40,97
ABO,2023,4,24,3,4.9,84.4,7.3,2.5,5.32,3.8,18.3,0.9,861.1,211,1.8,5.2,0,0,0,0,0,0,0,258,94,40,97
ABO,2023,4,24,4,4.6,89.3,7.6,3,5.54,3.8,18.5,0.5,861,252,1.6,5.5,0,0,0,0,0,0,0,257,100,40,97
ABO,2023,4,24,5,5.2,79.2,7,1.9,5.1,3.6,18,0.1,861.1,244,2.9,8,2,0,2,1,1,1,1,249,88,40,97
ABO,2023,4,24,6,4.9,82.1,7.1,2.1,5.17,3.6,17.9,0.7,861.9,258,2.3,6.3,31,0,31,23,24,23,23,253,100,40,97
ABO,2023,4,24,7,4.7,83.2,7.1,2.1,5.17,3.5,17.7,1.2,862,256,1.9,4.7,95,11,90,57,70,61,56,251,100,40,97
ABO,2023,4,24,8,5.1,86.3,7.6,3,5.53,4.1,19,0.4,862.3,211,1.2,3.2,238,83,197,128,216,163,125,248,88,40,97
ABO,2023,4,24,9,6.1,74.4,7,1.9,5.09,4.1,18.9,0.1,863,193,3.3,8.1,229,8,223,141,152,150,137,250,100,40,97
ABO,2023,4,24,10,6.3,66.8,6.4,0.6,4.65,3.7,18,0,863.3,186,4.7,10.1,241,2,239,151,157,156,146,249,100,40,97
ABO,2023,4,24,11,7.6,60.3,6.3,0.4,4.57,4.2,19.1,0.1,863.5,173,3.9,8.4,292,9,285,180,190,192,175,245,100,40,97
ABO,2023,4,24,12,9.1,50.2,5.8,-0.7,4.21,4.6,19.7,0,863.4,180,5.3,11.9,438,51,395,253,271,304,254,242,100,40,97
ABO,2023,4,24,13,9.6,46.8,5.6,-1.2,4.06,4.6,19.9,0,863.6,200,5.3,11.6,398,37,368,235,241,272,250,242,100,40,97
ABO,2023,4,24,14,9,48.8,5.6,-1.2,4.06,4.3,19.3,0,863.4,208,4.8,9.9,433,123,344,224,229,318,322,242,94,40,97
ABO,2023,4,24,15,9.1,48.4,5.6,-1.2,4.06,4.4,19.4,0,863.2,204,3.8,10.7,334,75,287,185,189,233,253,246,100,40,97
ABO,2023,4,24,16,9.2,45.7,5.3,-1.9,3.84,4.2,18.9,0,863.1,227,2.5,7.9,184,25,173,110,113,120,133,241,94,40,97
ABO,2023,4,24,17,8.1,48.1,5.2,-2.2,3.77,3.5,17.6,0,863.2,205,3.4,7.4,97,4,96,61,63,63,63,243,100,40,97
ABO,2023,4,24,18,7.6,51.7,5.4,-1.7,3.92,3.5,17.5,0,863.2,200,3.1,7.6,24,0,24,17,17,17,17,240,84,40,97
ABO,2023,4,24,19,6.2,69.8,6.6,1.1,4.79,3.8,18.3,0,863.6,100,1.8,4.5,1,0,1,0,0,0,0,241,81,40,97
ABO,2023,4,24,20,4.9,78.6,6.8,1.5,4.93,3.3,17.3,0,864.1,63,1.8,3.9,0,0,0,0,0,0,0,239,88,40,97
ABO,2023,4,24,21,4.6,80.3,6.8,1.5,4.93,3.2,17,0,864.1,90,0.9,3.8,0,0,0,0,0,0,0,239,94,40,97
ABO,2023,4,24,22,5.7,61.1,5.6,-1.2,4.06,2.7,15.9,0,863.4,197,3,8,0,0,0,0,0,0,0,239,88,40,97
ABO,2023,4,24,23,5.6,61.5,5.6,-1.2,4.06,2.6,15.8,0,863.3,198,4,8.7,0,0,0,0,0,0,0,239,100,40,97
ABO,2023,4,25,0,5.5,62,5.6,-1.2,4.06,2.6,15.7,0,862.9,210,3.8,8.4,0,0,0,0,0,0,0,239,100,40,97
ABO,2023,4,25,1,5,64.2,5.6,-1.2,4.06,2.3,15.2,0.2,862.6,208,3.4,7.8,0,0,0,0,0,0,0,238,100,40,97
ABO,2023,4,25,2,3.8,75.1,6,-0.2,4.36,2,14.7,0,862,204,1.9,7.3,0,0,0,0,0,0,0,236,100,40,97
ABO,2023,4,25,3,3.3,81.2,6.3,0.4,4.58,2,14.8,0.2,861.9,230,1,2.8,0,0,0,0,0,0,0,240,100,40,97
ABO,2023,4,25,4,2.4,91.1,6.6,1.1,4.8,1.8,14.4,0.5,861.8,55,1.4,3.2,0,0,0,0,0,0,0,240,100,40,97
ABO,2023,4,25,5,1.2,95.8,6.4,0.6,4.66,0.9,12.8,1.4,861.5,72,0.8,1.8,5,0,5,5,5,5,5,241,100,40,97
ABO,2023,4,25,6,1.3,95.1,6.4,0.6,4.65,1,12.9,2.3,861.6,231,0.9,3.3,28,0,28,23,23,23,23,241,100,40,97
ABO,2023,4,25,7,3.2,79.5,6.1,0,4.44,1.8,14.3,0.4,861.5,225,2.1,7.9,183,170,122,84,265,113,83,242,100,40,97
ABO,2023,4,25,8,1.8,91.7,6.4,0.6,4.65,1.3,13.4,0.7,861.9,76,2,6.2,124,0,124,78,80,80,75,242,100,40,97
ABO,2023,4,25,9,2.4,86.6,6.3,0.4,4.57,1.5,13.9,0.3,862.9,202,2.1,6.2,258,35,233,149,184,176,145,241,100,40,97
ABO,2023,4,25,10,5.2,61,5.4,-1.7,3.92,2.2,15,0,863.3,199,4.9,10.7,219,1,218,137,142,141,133,241,100,40,97
ABO,2023,4,25,11,4.2,70.4,5.8,-0.7,4.2,2.1,14.7,0,864.1,194,3.2,6.9,199,0,199,125,129,128,121,241,100,40,97
ABO,2023,4,25,12,2.1,87.2,6.2,0.2,4.49,1.3,13.3,0.9,864.3,204,1.5,4.2,172,0,172,108,111,111,105,241,100,40,97
ABO,2023,4,25,13,3.9,79,6.4,0.6,4.64,2.4,15.5,0.1,864.4,193,2,6.4,167,0,167,105,108,107,102,240,100,40,97
ABO,2023,4,25,14,5.8,63.9,5.9,-0.5,4.27,3,16.5,0,864.7,197,3.4,7.4,120,0,120,75,78,77,73,240,100,40,97
ABO,2023,4,25,15,6.6,55.3,5.4,-1.7,3.91,3,16.4,0,864.5,179,4.5,9.3,240,69,199,128,131,169,193,238,88,40,97
ABO,2023,4,25,16,6.3,53.3,5.1,-2.5,3.69,2.5,15.6,0,864.8,199,3.5,6.6,164,6,161,102,105,106,104,240,100,40,97
ABO,2023,4,25,17,6,57.7,5.4,-1.7,3.91,2.6,15.8,0,864.9,209,3,5.5,57,0,57,36,37,36,34,240,100,40,97
ABO,2023,4,25,18,4.7,77.4,6.6,1.1,4.78,3,16.7,0,865.5,84,1.9,4.3,17,0,17,11,11,11,11,240,100,40,97
ABO,2023,4,25,19,4.1,77.9,6.4,0.6,4.63,2.5,15.7,0,865.8,256,0.9,3,1,0,1,1,1,1,1,236,100,40,97
ABO,2023,4,25,20,3.9,69.3,5.6,-1.2,4.05,1.7,14.1,0,866.1,260,2.4,5.4,0,0,0,0,0,0,0,232,100,40,97
ABO,2023,4,25,21,2.9,77.2,5.8,-0.7,4.19,1.3,13.4,0,866,246,1.3,3.3,0,0,0,0,0,0,0,231,100,40,97
ABO,2023,4,25,22,2,79.3,5.6,-1.2,4.05,0.7,12.1,0,866,284,0.8,2.1,0,0,0,0,0,0,0,228,100,40,97
ABO,2023,4,25,23,1.3,79.2,5.3,-1.9,3.83,0,10.9,0,866.2,333,0.8,2,0,0,0,0,0,0,0,224,100,40,97
ABO,2023,4,26,0,0.7,80.9,5.2,-2.2,3.76,-0.5,10.1,0,866.2,270,0.6,1.5,0,0,0,0,0,0,0,220,100,40,97
ABO,2023,4,26,1,0.5,80.3,5.1,-2.5,3.68,-0.7,9.7,0,866.2,270,0.6,1.6,0,0,0,0,0,0,0,218,25,49,97
ABO,2023,4,26,2,0.3,80.2,5,-2.7,3.61,-0.9,9.3,0,866,270,0.7,2,0,0,0,0,0,0,0,218,25,49,97
ABO,2023,4,26,3,-0.1,80.8,4.9,-3,3.54,-1.2,8.7,0,865.8,270,0.5,1.4,0,0,0,0,0,0,0,218,51,49,97
ABO,2023,4,26,4,-0.3,80.1,4.8,-3.3,3.47,-1.5,8.3,0,865.7,270,0.4,1.4,0,0,0,0,0,0,0,217,60,49,97
ABO,2023,4,26,5,-0.6,78.9,4.6,-3.8,3.32,-1.8,7.7,0,865.7,297,0.6,1.5,6,0,6,6,6,6,6,215,43,49,97
ABO,2023,4,26,6,-0.2,71.6,4.3,-4.7,3.1,-1.9,7.5,0,865.9,217,1.1,3.8,110,183,68,96,255,64,65,212,50,49,97
ABO,2023,4,26,7,2.1,56.2,4,-5.7,2.89,-0.8,9.3,0,866.1,194,0.6,2.1,319,479,146,144,628,199,133,217,58,49,97
ABO,2023,4,26,8,4.6,48.2,4.1,-5.4,2.96,0.7,12,0,865.9,112,1.3,3.1,473,483,221,195,673,379,198,224,75,49,97
ABO,2023,4,26,9,7.2,45.4,4.6,-3.8,3.32,2.6,15.6,0,865.7,107,1.8,4,665,656,237,245,793,587,252,227,59,49,97
ABO,2023,4,26,10,9.1,41.4,4.8,-3.3,3.47,3.7,17.9,0,865.8,83,2.9,5.5,848,871,190,282,787,789,293,231,43,49,97
ABO,2023,4,26,11,10,39,4.8,-3.3,3.47,4.1,18.8,0,865.6,76,3.1,6.4,870,728,276,310,617,831,320,238,59,49,97
ABO,2023,4,26,12,10.6,28.1,3.6,-7.1,2.6,3.3,17.2,0,865.5,140,3.3,7,769,451,392,328,404,709,420,252,100,49,97
ABO,2023,4,26,13,10.7,43.5,5.6,-1.2,4.05,5.2,21,0,865.8,80,3.1,6,559,164,425,309,312,455,406,263,100,49,97
ABO,2023,4,26,14,10.3,55.9,7,1.9,5.07,6.2,23.1,0,866,66,3.6,7.5,532,199,386,285,287,436,448,260,94,49,97
ABO,2023,4,26,15,9.4,59.4,7,1.9,5.07,5.7,22.2,0,866.2,56,3.4,6.1,419,151,325,235,238,327,379,261,100,49,97
ABO,2023,4,26,16,9.2,62,7.2,2.3,5.21,5.8,22.4,0,866.2,68,1.9,3.5,307,132,242,175,177,227,312,260,94,49,97
ABO,2023,4,26,17,8.7,65,7.3,2.5,5.28,5.6,22,0,866.5,62,2.2,4.3,172,74,145,114,115,129,192,261,88,49,97
ABO,2023,4,26,18,8.1,68.7,7.4,2.7,5.35,5.4,21.6,0,867,72,1.4,3.2,57,0,57,48,48,48,47,263,94,49,97
ABO,2023,4,26,19,7.6,72.6,7.6,3,5.5,5.3,21.5,0,867.5,60,1.1,2.3,3,0,3,3,3,3,2,260,81,49,97
ABO,2023,4,26,20,7,74.1,7.4,2.7,5.35,4.9,20.5,0,867.8,214,0.6,1.6,0,0,0,0,0,0,0,256,75,49,97
ABO,2023,4,26,21,6.6,67.9,6.6,1.1,4.77,4,18.6,0,867.8,270,0.7,1.9,0,0,0,0,0,0,0,252,65,49,97
ABO,2023,4,26,22,6.4,66.4,6.4,0.6,4.62,3.7,18,0,868.1,53,1,3,0,0,0,0,0,0,0,258,100,49,97
ABO,2023,4,26,23,6.1,72.3,6.8,1.5,4.91,3.9,18.5,0,868.3,202,0.8,2.1,0,0,0,0,0,0,0,244,50,49,97
ABO,2023,4,27,0,5.7,72.2,6.6,1.1,4.76,3.6,17.7,0,868.3,252,1.1,2.9,0,0,0,0,0,0,0,239,35,49,97
ABO,2023,4,27,1,5.5,73.2,6.6,1.1,4.77,3.5,17.5,0,867.8,63,0.7,3,0,0,0,0,0,0,0,238,35,45,97
ABO,2023,4,27,2,6,62.1,5.8,-0.7,4.18,3,16.5,0,867.9,245,2.5,5.3,0,0,0,0,0,0,0,228,6,45,97
ABO,2023,4,27,3,7,55.9,5.6,-1.2,4.04,3.3,17.2,0,867.9,243,3.2,5.3,0,0,0,0,0,0,0,232,30,45,97
ABO,2023,4,27,4,7.1,57.6,5.8,-0.7,4.18,3.6,17.6,0,868.1,246,2.8,4.9,0,0,0,0,0,0,0,234,40,45,97
ABO,2023,4,27,5,6.8,58.8,5.8,-0.7,4.18,3.4,17.3,0,868.1,256,3.1,5.1,9,0,9,8,8,8,8,230,33,45,97
ABO,2023,4,27,6,6.7,61.4,6,-0.2,4.33,3.6,17.6,0,868.2,234,2.6,5.4,100,139,68,86,207,61,62,234,33,45,97
ABO,2023,4,27,7,8.2,51.5,5.6,-1.2,4.04,3.9,18.4,0,868.5,183,2.1,5.5,349,650,106,131,766,191,122,238,43,45,97
ABO,2023,4,27,8,10.7,45.8,5.9,-0.5,4.26,5.4,21.5,0,868.3,171,3.3,7,552,797,137,176,906,413,182,245,45,45,97
ABO,2023,4,27,9,11.5,43.4,5.9,-0.5,4.26,5.8,22.3,0,868.3,151,3.9,7.9,705,817,172,226,862,596,234,255,71,45,97
ABO,2023,4,27,10,12.2,40.9,5.8,-0.7,4.18,6,22.8,0,868.4,148,3.8,7.1,654,384,361,279,561,564,280,264,94,45,97
ABO,2023,4,27,11,13.3,38.6,5.9,-0.5,4.26,6.6,24.1,0,868,151,3.8,6.8,891,800,234,286,589,831,296,275,64,45,97
ABO,2023,4,27,12,13.5,41.2,6.4,0.6,4.62,7.1,25.2,0,867.9,115,3,5.6,946,903,188,292,366,883,393,279,54,45,97
ABO,2023,4,27,13,14.4,37.8,6.2,0.2,4.48,7.4,25.8,0,867.9,90,2.6,6.2,885,818,221,282,272,821,649,297,65,45,97
ABO,2023,4,27,14,14.3,49.6,8.1,3.9,5.86,8.8,29.2,0,868,58,4.3,7.4,646,410,343,270,268,555,590,301,81,45,97
ABO,2023,4,27,15,13.7,53.7,8.4,4.5,6.08,8.8,29.1,0,868.2,49,4.1,7.2,583,524,254,222,218,483,697,294,75,45,97
ABO,2023,4,27,16,13.2,54,8.2,4.1,5.93,8.4,28.2,0,868.4,40,3.8,7.2,472,625,163,165,161,347,775,281,55,45,97
ABO,2023,4,27,17,12.2,58.5,8.3,4.3,6,8,27.4,0,868.1,49,2.2,5.7,198,350,69,106,103,144,461,257,23,45,97
ABO,2023,4,27,18,11.3,62,8.3,4.3,6,7.6,26.5,0,868.6,333,0.8,2,29,0,29,47,46,47,48,258,6,45,97
ABO,2023,4,27,19,10.2,65.8,8.2,4.1,5.93,7,25.2,0,868.9,326,0.6,1.7,4,0,4,3,3,3,3,270,38,45,97
ABO,2023,4,27,20,9.5,65.7,7.8,3.4,5.63,6.4,23.7,0,868.9,252,0.7,2.2,0,0,0,0,0,0,0,290,94,45,97
ABO,2023,4,27,21,9.5,65.7,7.8,3.4,5.64,6.4,23.7,0,868.7,225,0.9,3.5,0,0,0,0,0,0,0,287,100,45,97
ABO,2023,4,27,22,10.5,56.8,7.2,2.3,5.2,6.4,23.7,0,868.6,259,1.9,5.2,0,0,0,0,0,0,0,286,100,45,97
ABO,2023,4,27,23,11.3,49.4,6.6,1.1,4.76,6.3,23.4,0,868.4,238,3.2,6.4,0,0,0,0,0,0,0,281,88,45,97
ABO,2023,4,28,0,11.7,42.2,5.8,-0.7,4.18,5.8,22.3,0,868.4,248,3.7,6.6,0,0,0,0,0,0,0,283,88,45,97
ABO,2023,4,28,1,12.1,41.1,5.8,-0.7,4.18,6,22.7,0,868.1,252,3.4,6.5,0,0,0,0,0,0,0,285,80,44,97
ABO,2023,4,28,2,12.5,40.6,5.9,-0.5,4.26,6.3,23.3,0,868,237,3.7,7,0,0,0,0,0,0,0,294,100,44,97
ABO,2023,4,28,3,12.2,44.3,6.3,0.4,4.55,6.4,23.7,0,867.9,238,3.1,5.5,0,0,0,0,0,0,0,297,94,44,97
ABO,2023,4,28,4,12.5,49,7.1,2.1,5.13,7.2,25.5,0,867.8,216,4,8.6,0,0,0,0,0,0,0,300,100,44,97
ABO,2023,4,28,5,11.8,59.2,8.2,4.1,5.93,7.8,26.8,0,868.2,209,3.8,9.2,10,0,10,8,8,8,8,291,84,44,97
ABO,2023,4,28,6,12.2,58.5,8.3,4.3,6,8,27.4,0,868.2,211,3.5,7.6,49,0,49,32,33,33,31,295,81,44,97
ABO,2023,4,28,7,13.1,56.3,8.5,4.6,6.15,8.6,28.7,0,868.3,208,4.1,7.2,161,41,146,100,143,104,95,294,75,44,97
ABO,2023,4,28,8,14,54.6,8.7,5,6.3,9.1,30,0,868.3,194,4.8,10.3,284,93,232,158,255,203,156,304,94,44,97
ABO,2023,4,28,9,15.1,49.4,8.5,4.6,6.15,9.4,30.7,0,868.7,204,5.6,10.5,339,53,304,204,257,239,199,310,100,44,97
ABO,2023,4,28,10,16,46.3,8.4,4.5,6.07,9.7,31.5,0,868.7,205,5.2,11.1,424,73,368,247,308,308,242,314,100,44,97
ABO,2023,4,28,11,17,46,8.9,5.3,6.44,10.5,33.4,0,868.6,198,4.7,8.7,511,119,412,281,351,388,276,317,100,44,97
ABO,2023,4,28,12,17.4,41.8,8.3,4.3,6,10.2,32.7,0,868.5,202,5.3,12.4,493,91,416,281,308,367,292,321,100,44,97
ABO,2023,4,28,13,16.1,48,8.8,5.1,6.36,10,32.3,0,868.8,198,5.1,12.6,376,29,352,234,240,262,245,323,100,44,97
ABO,2023,4,28,14,16,53.2,9.7,6.5,7.03,10.6,33.9,0,868.5,176,3.5,11,357,44,324,216,221,253,245,322,100,44,97
ABO,2023,4,28,15,16.4,49.8,9.3,5.9,6.73,10.5,33.5,0,868.3,193,5.4,11.3,263,16,253,167,171,179,177,322,100,44,97
ABO,2023,4,28,16,16.4,49.4,9.2,5.8,6.66,10.5,33.4,0,868.2,197,5.3,10.9,177,9,173,114,117,119,120,321,100,44,97
ABO,2023,4,28,17,16.3,47.4,8.8,5.1,6.37,10.1,32.5,0,868.1,202,4.9,10.2,119,2,118,80,82,82,81,321,100,44,97
ABO,2023,4,28,18,16,48.3,8.8,5.1,6.37,10,32.2,0,868.6,204,4.3,9.3,48,0,48,32,33,33,31,321,100,44,97
ABO,2023,4,28,19,15,53,9,5.5,6.52,9.8,31.6,0,868.2,233,4.5,8.6,1,0,1,1,1,1,1,320,100,44,97
ABO,2023,4,28,20,14.2,57,9.2,5.8,6.66,9.6,31.1,4.7,868.9,280,4,14,0,0,0,0,0,0,0,316,100,44,97
ABO,2023,4,28,21,10.8,82.8,10.7,8,7.75,9.2,30.4,1.7,869.3,299,3.2,7.2,0,0,0,0,0,0,0,318,100,44,97
ABO,2023,4,28,22,10.3,82.2,10.3,7.4,7.45,8.7,29.1,6.6,870,247,4.6,9.1,0,0,0,0,0,0,0,317,100,44,97
ABO,2023,4,28,23,9.5,82.7,9.8,6.7,7.09,8,27.4,0.3,869,277,3.3,7.5,0,0,0,0,0,0,0,316,100,44,97
ABO,2023,4,29,0,8.9,87.9,10,7,7.25,7.9,27.2,0,868.2,214,0.7,2.4,0,0,0,0,0,0,0,314,100,44,97
ABO,2023,4,29,1,8.9,90.3,10.3,7.4,7.47,8.1,27.7,1.1,867.6,233,1.2,3.2,0,0,0,0,0,0,0,314,100,43,97
ABO,2023,4,29,2,9,94.1,10.8,8.1,7.84,8.5,28.8,1.7,867.4,90,0.9,2.3,0,0,0,0,0,0,0,313,100,43,97
ABO,2023,4,29,3,9.1,93.4,10.8,8.1,7.84,8.5,28.9,2.8,867.9,360,1.1,3.1,0,0,0,0,0,0,0,312,100,43,97
ABO,2023,4,29,4,9.6,90.4,10.8,8.1,7.84,8.8,29.4,2.7,867.6,253,1.2,2.8,0,0,0,0,0,0,0,311,100,43,97
ABO,2023,4,29,5,8.7,89.1,10,7,7.25,7.8,27,2,867.8,228,1.8,4.5,7,0,7,5,5,5,5,310,100,43,97
ABO,2023,4,29,6,8.2,90.3,9.8,6.7,7.1,7.4,26.1,1.3,868.2,217,1.1,3.8,66,75,52,53,113,36,35,310,100,43,97
ABO,2023,4,29,7,8.2,90.3,9.8,6.7,7.1,7.4,26.1,1.7,868.7,186,1,2.6,172,93,133,92,190,115,90,310,94,43,97
ABO,2023,4,29,8,9,89.1,10.2,7.3,7.39,8.1,27.6,1.5,868.6,211,1.2,3.4,328,170,237,166,339,235,164,311,94,43,97
ABO,2023,4,29,9,10,83.3,10.2,7.3,7.39,8.5,28.7,0.1,868.4,212,3.4,5.9,328,43,300,198,243,227,194,313,100,43,97
ABO,2023,4,29,10,11.3,76.4,10.2,7.3,7.4,9.1,30,0,868,222,2.7,4.6,517,196,364,256,396,406,253,316,94,43,97
ABO,2023,4,29,11,13.6,60.9,9.5,6.2,6.88,9.5,31.1,0,867.8,131,1.6,3.6,650,319,384,285,437,544,285,319,94,43,97
ABO,2023,4,29,12,14.2,66.7,10.8,8.1,7.84,10.7,34.1,0,867.7,68,2.3,4,663,283,424,302,360,551,359,323,94,43,97
ABO,2023,4,29,13,14.6,56.7,9.4,6.1,6.81,9.9,31.9,0,867.6,72,2.4,4.8,681,361,387,288,287,578,502,325,100,43,97
ABO,2023,4,29,14,14.2,59.8,9.7,6.5,7.03,9.9,32,0,867.6,53,3.5,6.3,403,61,358,238,243,287,281,319,100,43,97
ABO,2023,4,29,15,14,62.7,10,7,7.25,10.1,32.4,0,867.6,54,3,5.4,427,175,313,216,219,322,379,314,94,43,97
ABO,2023,4,29,16,13.9,61.8,9.8,6.7,7.11,9.9,31.9,0,867.7,69,1.9,3.2,336,251,219,160,161,230,414,305,81,43,97
ABO,2023,4,29,17,13.6,62.2,9.7,6.5,7.03,9.7,31.4,0,867.6,54,1.8,4.2,224,278,122,101,101,131,382,294,71,43,97
ABO,2023,4,29,18,12.4,72.5,10.4,7.6,7.55,9.7,31.5,0,867.7,34,2.8,6.6,49,0,49,32,33,33,31,307,88,43,97
ABO,2023,4,29,19,11.3,80.7,10.8,8.1,7.84,9.5,31.1,0,867.8,66,1.2,4,3,0,3,2,2,2,2,294,81,43,97
ABO,2023,4,29,20,10.8,82.8,10.7,8,7.76,9.2,30.4,0,868.2,252,0.6,1.4,0,0,0,0,0,0,0,268,20,43,97
ABO,2023,4,29,21,10.2,82.2,10.2,7.3,7.4,8.6,28.9,0,868.1,34,0.7,1.8,0,0,0,0,0,0,0,254,6,43,97
ABO,2023,4,29,22,9.7,82.1,9.9,6.8,7.18,8.1,27.8,0,868.1,243,0.9,1.9,0,0,0,0,0,0,0,250,0,43,97
ABO,2023,4,29,23,9.2,84.3,9.8,6.7,7.1,7.8,27.1,0,868.1,304,0.7,1.9,0,0,0,0,0,0,0,247,0,43,97
ABO,2023,4,30,0,8.9,84.9,9.7,6.5,7.03,7.6,26.6,0,867.8,207,0.6,1.4,0,0,0,0,0,0,0,254,29,43,97
ABO,2023,4,30,1,8.1,85.4,9.2,5.8,6.67,6.9,24.9,0,867.7,53,0.8,2.6,0,0,0,0,0,0,0,263,49,39,97
ABO,2023,4,30,2,6.9,88.3,8.8,5.1,6.38,6,23,0,867.2,225,0.8,2.7,0,0,0,0,0,0,0,269,69,39,97
ABO,2023,4,30,3,6.1,87,8.2,4.1,5.94,5.1,21,0,867,0,0.7,3,0,0,0,0,0,0,0,273,75,39,97
ABO,2023,4,30,4,6.2,86.4,8.2,4.1,5.94,5.2,21.1,0,866.7,45,0.9,2.1,0,0,0,0,0,0,0,274,100,39,97
ABO,2023,4,30,5,5.8,88.8,8.2,4.1,5.94,5,20.7,0,866.8,270,0.6,1.4,11,0,11,10,10,10,10,273,80,39,97
ABO,2023,4,30,6,6.5,85.8,8.3,4.3,6.01,5.4,21.6,0,866.8,207,0.8,2.6,162,427,62,134,493,57,59,276,65,39,97
ABO,2023,4,30,7,8.4,79.7,8.8,5.1,6.38,6.7,24.5,0,866.8,121,0.9,2.9,380,784,85,125,874,170,109,269,29,39,97
ABO,2023,4,30,8,9.8,78.3,9.5,6.2,6.89,7.9,27.2,0,866.7,67,2.4,4.1,544,793,126,153,870,365,158,275,45,39,97
ABO,2023,4,30,9,11.3,76.4,10.2,7.3,7.41,9.1,30,0,866.6,77,3.2,6,701,781,174,201,792,553,207,293,71,39,97
ABO,2023,4,30,10,12.3,75,10.7,8,7.77,9.9,32,0,866.7,70,4.2,7.4,839,879,165,227,723,706,235,301,71,39,97
ABO,2023,4,30,11,12.7,73.1,10.7,8,7.78,10,32.4,0,866.6,69,4.5,8.7,599,306,348,250,408,472,249,307,94,39,97
ABO,2023,4,30,12,12.3,75,10.7,8,7.78,9.9,32,0,866.5,49,4.5,7.8,659,283,419,281,335,529,341,314,100,39,97
ABO,2023,4,30,13,12.1,76.5,10.8,8.1,7.85,9.8,32,0,866.8,51,4,7.2,503,118,406,260,266,365,326,316,100,39,97
ABO,2023,4,30,14,10.4,82.8,10.4,7.6,7.55,8.8,29.5,0,866.9,48,4.1,6.6,363,36,336,212,218,242,234,314,100,39,97
ABO,2023,4,30,15,9.5,86.7,10.3,7.4,7.48,8.3,28.4,0,866.9,39,2.9,5.7,196,3,194,121,125,126,120,312,100,39,97
ABO,2023,4,30,16,9.2,87.9,10.2,7.3,7.4,8.2,27.9,0.1,867,51,2.1,4.2,143,2,142,89,91,91,87,311,100,39,97
ABO,2023,4,30,17,9,89.1,10.2,7.3,7.4,8.1,27.7,0,867.2,47,2.2,4.3,66,0,66,41,43,42,40,309,100,39,97
ABO,2023,4,30,18,8.7,91.5,10.3,7.4,7.47,8,27.5,0.1,867.4,58,1.9,3.8,14,0,14,9,9,9,8,308,100,39,97
ABO,2023,4,30,19,8.3,94,10.3,7.4,7.47,7.8,27.1,0.4,867.5,60,1.5,3.2,1,0,1,0,0,0,0,307,100,39,97
ABO,2023,4,30,20,8.1,94.7,10.2,7.3,7.4,7.7,26.7,0.7,867.8,72,1,2,0,0,0,0,0,0,0,304,100,39,97
ABO,2023,4,30,21,7.8,89.6,9.5,6.2,6.89,7,25.1,0.8,867.7,197,1.2,2.8,0,0,0,0,0,0,0,302,100,39,97
ABO,2023,4,30,22,7.5,91.5,9.5,6.2,6.89,6.8,24.8,1.5,867.5,194,0.5,1.5,0,0,0,0,0,0,0,303,100,39,97
ABO,2023,4,30,23,7.2,90.8,9.2,5.8,6.67,6.5,24,1.5,867.5,219,0.7,1.6,0,0,0,0,0,0,0,302,100,39,97
ABO,2023,5,1,0,7,92.1,9.2,5.8,6.67,6.4,23.8,0.9,867.2,236,0.8,2.1,0,0,0,0,0,0,0,301,100,39,97
ABO,2023,5,1,1,6.6,91.4,8.9,5.3,6.45,5.9,22.8,1.3,866.8,187,0.9,2,0,0,0,0,0,0,0,299,100,38,97
ABO,2023,5,1,2,6.2,89.5,8.5,4.6,6.16,5.4,21.7,2.9,866.7,215,1.3,3.3,0,0,0,0,0,0,0,297,100,38,97
ABO,2023,5,1,3,6,88.8,8.3,4.3,6.02,5.1,21.1,2.7,866.4,233,0.7,1.6,0,0,0,0,0,0,0,296,100,38,97
ABO,2023,5,1,4,5.7,95.2,8.7,5,6.31,5.3,21.6,1.7,866.2,158,0.6,1.7,0,0,0,0,0,0,0,295,100,38,97
ABO,2023,5,1,5,5.8,94.6,8.7,5,6.31,5.4,21.7,0.9,866.3,90,0.9,2.9,1,0,1,1,1,1,1,293,100,38,97
ABO,2023,5,1,6,5.7,92,8.4,4.5,6.09,5.1,21,0.9,866.5,146,0.7,2,94,89,71,63,140,47,45,292,100,38,97
ABO,2023,5,1,7,6,90.7,8.5,4.6,6.16,5.3,21.5,0.9,866.6,90,0.7,1.5,126,31,116,77,107,74,70,291,100,38,97
ABO,2023,5,1,8,6.5,90.8,8.8,5.1,6.38,5.8,22.6,0.9,866.8,72,1.1,2.4,143,5,140,87,95,91,84,291,100,38,97
ABO,2023,5,1,9,6.9,87.7,8.7,5,6.31,5.9,22.8,0.7,866.7,146,0.8,2,169,2,168,104,109,107,100,291,100,38,97
ABO,2023,5,1,10,7,78.9,7.9,3.6,5.72,5.3,21.4,1,867.1,245,2.2,4.8,130,0,130,80,83,82,77,291,100,38,97
ABO,2023,5,1,11,6.9,79.5,7.9,3.6,5.72,5.3,21.3,1.3,867.4,259,1.7,3.9,209,5,205,127,133,134,123,291,100,38,97
ABO,2023,5,1,12,6.7,80.6,7.9,3.6,5.72,5.2,21.1,1.1,867.3,159,0.9,2,273,2,271,167,172,173,162,291,100,38,97
ABO,2023,5,1,13,7.3,80.1,8.2,4.1,5.94,5.7,22.3,0.5,867.3,196,1,3.1,284,7,279,172,178,182,171,291,100,38,97
ABO,2023,5,1,14,7.9,75.8,8.1,3.9,5.86,5.9,22.7,0,867.3,208,2.1,4.2,204,0,204,126,130,129,122,290,100,38,97
ABO,2023,5,1,15,7.5,85.9,8.9,5.3,6.45,6.4,23.7,0.4,867.5,72,1.5,3,138,0,138,85,88,87,82,290,100,38,97
ABO,2023,5,1,16,7.2,90.8,9.2,5.8,6.67,6.5,24,0.4,867.5,83,1,2.5,83,0,83,51,53,53,50,289,100,38,97
ABO,2023,5,1,17,6.8,90.1,8.9,5.3,6.44,6,23,0.1,867.9,54,2.8,5.4,77,0,77,48,49,49,46,288,100,38,97
ABO,2023,5,1,18,6.2,92.7,8.8,5.1,6.37,5.6,22.2,0.5,868.1,60,1.9,4.8,16,0,16,10,10,10,10,287,100,38,97
ABO,2023,5,1,19,5.9,87,8.1,3.9,5.86,4.9,20.6,0.8,868.4,228,2.4,4.4,4,0,4,2,3,3,2,286,100,38,97
ABO,2023,5,1,20,5.4,91.3,8.2,4.1,5.93,4.8,20.3,0.8,868.8,200,1.3,4.1,0,0,0,0,0,0,0,284,100,38,97
ABO,2023,5,1,21,5.1,90,7.9,3.6,5.71,4.4,19.4,0,869,200,1.6,4,0,0,0,0,0,0,0,282,100,38,97
ABO,2023,5,1,22,5.1,90,7.9,3.6,5.71,4.4,19.4,0,868.8,210,0.9,2.1,0,0,0,0,0,0,0,280,100,38,97
ABO,2023,5,1,23,5.2,91.3,8.1,3.9,5.85,4.6,19.9,0,868.9,153,0.5,1.3,0,0,0,0,0,0,0,279,100,38,97
ABO,2023,5,2,0,5.2,92.6,8.2,4.1,5.93,4.7,20.1,0.5,868.9,180,0.5,1.5,0,0,0,0,0,0,0,277,100,38,97
ABO,2023,5,2,1,5.1,93.2,8.2,4.1,5.93,4.6,20,1,868.7,79,1.2,3,0,0,0,0,0,0,0,275,94,37,97
ABO,2023,5,2,2,4.8,90.6,7.8,3.4,5.63,4.1,19,0.6,868.8,180,1,3.9,0,0,0,0,0,0,0,273,100,37,97
ABO,2023,5,2,3,4.7,91.3,7.8,3.4,5.63,4.1,18.8,0.4,869,180,1.1,2.8,0,0,0,0,0,0,0,272,100,37,97
ABO,2023,5,2,4,4.7,91.3,7.8,3.4,5.63,4.1,18.8,0.2,868.9,219,0.8,1.7,0,0,0,0,0,0,0,265,64,37,97
ABO,2023,5,2,5,4.8,91.9,7.9,3.6,5.7,4.2,19.1,0,869.3,180,0.7,1.7,10,0,10,7,7,7,7,269,48,37,97
ABO,2023,5,2,6,4.9,94.5,8.2,4.1,5.92,4.5,19.8,0,870.1,84,1.1,2.6,56,3,56,35,38,35,33,266,100,37,97
ABO,2023,5,2,7,5.4,91.3,8.2,4.1,5.91,4.8,20.3,0,870.5,75,1.6,3.4,129,7,126,78,87,80,75,263,100,37,97
ABO,2023,5,2,8,6.8,88.3,8.7,5,6.28,5.9,22.6,0,870.6,51,2.2,5.5,229,25,214,132,161,147,128,259,84,37,97
ABO,2023,5,2,9,7.9,79.6,8.5,4.6,6.13,6.2,23.4,0,870.6,55,3.5,7,294,44,266,165,213,193,160,248,84,37,97
ABO,2023,5,2,10,7.9,82.4,8.8,5.1,6.35,6.4,23.9,0,871.1,48,4,8,157,0,157,96,99,99,93,261,100,37,97
ABO,2023,5,2,11,8.7,77.5,8.7,5,6.28,6.8,24.5,0,871,45,4.2,9,105,0,105,64,66,66,62,274,100,37,97
ABO,2023,5,2,12,9.7,69,8.3,4.3,5.98,6.9,24.8,0,871.1,43,4.4,9.3,197,1,196,120,124,124,116,281,100,37,97
ABO,2023,5,2,13,10.5,63.6,8.1,3.9,5.84,7.1,25.3,0,871.3,39,4.8,8.9,106,0,106,65,67,66,62,284,100,37,97
ABO,2023,5,2,14,11.6,57.9,7.9,3.6,5.69,7.5,26,0,871.2,47,4.1,8.4,91,0,91,56,58,57,54,281,100,37,97
ABO,2023,5,2,15,12,52.2,7.3,2.5,5.26,7.2,25.3,0,871.3,47,4,8.7,127,0,127,78,81,80,75,275,100,37,97
ABO,2023,5,2,16,11.1,57.4,7.6,3,5.47,7,24.9,0,871.5,43,4.5,8.7,130,2,129,79,82,82,79,275,100,37,97
ABO,2023,5,2,17,10.2,63.5,7.9,3.6,5.69,6.8,24.6,0,871.9,37,3.8,6.9,48,0,48,29,30,30,28,272,100,37,97
ABO,2023,5,2,18,9.4,64.3,7.6,3,5.47,6.2,23.2,0,872.3,25,3.9,9.6,10,0,10,6,6,6,6,269,100,37,97
ABO,2023,5,2,19,7.8,77.4,8.2,4.1,5.9,5.9,22.7,0,872.7,56,1.7,7.1,1,0,1,0,0,0,0,261,88,37,97
ABO,2023,5,2,20,7.3,81.2,8.3,4.3,5.97,5.8,22.3,0,873,81,0.8,1.7,0,0,0,0,0,0,0,246,39,37,97
ABO,2023,5,2,21,6.6,82.9,8.1,3.9,5.83,5.3,21.3,0,872.8,309,0.9,2,0,0,0,0,0,0,0,238,6,37,97
ABO,2023,5,2,22,6.1,84,7.9,3.6,5.68,4.9,20.4,0,872.4,333,0.5,1.4,0,0,0,0,0,0,0,233,0,37,97
ABO,2023,5,2,23,5.9,84,7.8,3.4,5.61,4.7,20,0,872.4,297,0.6,1.5,0,0,0,0,0,0,0,228,0,37,97
ABO,2023,5,3,0,5.1,84.5,7.4,2.7,5.32,4,18.5,0,872.2,315,0.9,2.2,0,0,0,0,0,0,0,225,0,37,97
ABO,2023,5,3,1,5.2,85.7,7.6,3,5.47,4.1,18.9,0,871.9,256,0.7,1.7,0,0,0,0,0,0,0,216,0,38,97
ABO,2023,5,3,2,5.5,83.9,7.6,3,5.47,4.3,19.2,0,871.8,230,1,2.5,0,0,0,0,0,0,0,216,0,38,97
ABO,2023,5,3,3,5.6,83.3,7.6,3,5.47,4.3,19.4,0,871.4,225,0.9,2.3,0,0,0,0,0,0,0,217,0,38,97
ABO,2023,5,3,4,4.3,83.2,6.9,1.7,4.97,3.1,16.8,0,871.1,297,0.7,1.8,0,0,0,0,0,0,0,217,0,38,97
ABO,2023,5,3,5,3.5,84.3,6.6,1.1,4.75,2.4,15.4,0,871.4,270,0.6,1.4,15,0,15,12,13,13,12,218,0,38,97
ABO,2023,5,3,6,3.8,82.5,6.6,1.1,4.74,2.6,15.7,0,871.9,194,0.8,2.4,162,325,84,127,395,61,61,222,33,38,97
ABO,2023,5,3,7,6.6,69.9,6.8,1.5,4.89,4.2,18.9,0,871.7,180,1.4,2.8,394,734,110,145,843,165,114,220,25,38,97
ABO,2023,5,3,8,9.3,54.5,6.4,0.6,4.6,5.2,20.9,0,871,171,1.4,3.3,588,799,155,162,899,392,167,225,29,38,97
ABO,2023,5,3,9,11,45.9,6,-0.2,4.32,5.7,21.9,0,870.6,135,1.5,3.4,676,664,232,204,755,520,208,230,19,38,97
ABO,2023,5,3,10,12.8,42.6,6.3,0.4,4.53,6.7,24.3,0,870.7,110,1.9,5,859,864,186,227,726,708,235,236,6,38,97
ABO,2023,5,3,11,14.2,48.1,7.8,3.4,5.62,8.5,28.5,0,871,63,3.8,8.3,973,969,161,247,559,824,257,241,13,38,97
ABO,2023,5,3,12,14,50.5,8.1,3.9,5.84,8.6,28.8,0,871.3,66,3.9,7.2,997,929,202,258,332,859,374,235,25,38,97
ABO,2023,5,3,13,14.9,51.9,8.8,5.1,6.35,9.5,31,0,870.9,66,3.6,6.8,946,903,196,247,238,802,625,220,19,38,97
ABO,2023,5,3,14,15.3,52,9,5.5,6.5,9.9,31.8,0,870.6,58,3.7,7.1,826,847,184,219,212,671,769,207,25,38,97
ABO,2023,5,3,15,15.4,55.3,9.7,6.5,7.01,10.4,33.2,0,870.5,46,4.1,8,660,726,194,190,185,492,809,250,29,38,97
ABO,2023,5,3,16,14.8,58.3,9.8,6.7,7.08,10.2,32.8,0,870.5,46,3.4,6.5,553,842,125,147,142,342,942,251,19,38,97
ABO,2023,5,3,17,13.7,63,9.9,6.8,7.15,9.8,31.8,0,870.8,38,3.2,5.9,227,384,77,115,96,122,488,254,19,38,97
ABO,2023,5,3,18,12.1,68.6,9.7,6.5,7,9,29.8,0,871.3,32,1.7,5,37,0,37,48,48,48,49,254,13,38,97
ABO,2023,5,3,19,11.2,72.8,9.7,6.5,7,8.6,28.9,0,871.6,277,0.9,1.8,6,0,6,4,4,4,4,261,23,38,97
ABO,2023,5,3,20,9.6,77.7,9.3,5.9,6.71,7.6,26.5,0,871.9,304,0.5,1.6,0,0,0,0,0,0,0,247,0,38,97
ABO,2023,5,3,21,8.6,82.5,9.2,5.8,6.63,7.1,25.3,0,871.7,270,0.6,1.3,0,0,0,0,0,0,0,244,0,38,97
ABO,2023,5,3,22,7.8,83,8.8,5.1,6.35,6.4,23.8,0,871.4,270,0.4,1.2,0,0,0,0,0,0,0,240,0,38,97
ABO,2023,5,3,23,7.7,83,8.7,5,6.27,6.3,23.5,0,871.3,252,0.6,1.6,0,0,0,0,0,0,0,237,0,38,97
ABO,2023,5,4,0,7.1,80.1,8.1,3.9,5.84,5.5,21.8,0,871.1,270,0.7,2,0,0,0,0,0,0,0,234,0,38,97
ABO,2023,5,4,1,7.1,73.5,7.4,2.7,5.33,5,20.5,0,870.8,297,0.6,1.6,0,0,0,0,0,0,0,238,35,37,97
ABO,2023,5,4,2,7.3,69.5,7.1,2.1,5.11,4.8,20.2,0,870.9,292,0.7,1.4,0,0,0,0,0,0,0,239,10,37,97
ABO,2023,5,4,3,6.9,68.4,6.8,1.5,4.89,4.3,19.2,0,870.9,281,0.6,1.4,0,0,0,0,0,0,0,235,0,37,97
ABO,2023,5,4,4,6.8,64.6,6.4,0.6,4.61,3.9,18.4,0,870.7,281,0.7,1.8,0,0,0,0,0,0,0,236,0,37,97
ABO,2023,5,4,5,7,61,6.1,0,4.39,3.8,18.1,0,870.9,297,0.6,1.8,14,0,14,13,13,13,13,238,0,37,97
ABO,2023,5,4,6,7.7,59,6.2,0.2,4.46,4.2,18.9,0,871.4,207,1,3.4,160,314,91,138,387,63,62,239,26,37,97
ABO,2023,5,4,7,11,51.9,6.8,1.5,4.89,6.3,23.4,0,871.2,209,1.1,2.1,382,667,122,147,782,160,113,240,25,37,97
ABO,2023,5,4,8,13.4,38.3,5.9,-0.5,4.24,6.7,24.2,0,871.2,162,1.1,2.4,555,744,148,153,835,364,158,250,25,37,97
ABO,2023,5,4,9,15.7,34.3,6.1,0,4.39,7.8,26.9,0,871,135,1.7,4,756,872,161,196,861,573,203,258,33,37,97
ABO,2023,5,4,10,17.7,30.2,6.1,0,4.39,8.7,28.9,0,870.9,93,2.3,5,894,949,153,224,746,723,234,279,48,37,97
ABO,2023,5,4,11,18.1,31.9,6.6,1.1,4.75,9.2,30.2,0,870.9,78,3,5.5,974,950,175,245,563,819,255,250,29,37,97
ABO,2023,5,4,12,18.7,36.2,7.8,3.4,5.62,10.4,33.1,0,870.7,78,3.5,6.5,977,952,160,245,299,824,355,260,31,37,97
ABO,2023,5,4,13,19.1,35.3,7.8,3.4,5.62,10.5,33.5,0,870.4,92,3.2,6,884,794,223,240,233,739,584,280,53,37,97
ABO,2023,5,4,14,19.3,40.3,9,5.5,6.5,11.5,35.9,0,870.1,56,3.6,7.1,718,550,299,229,226,579,638,289,64,37,97
ABO,2023,5,4,15,18.3,47.6,10,7,7.23,11.8,36.7,0,870.2,40,4.5,8.2,590,505,260,195,193,444,651,297,71,37,97
ABO,2023,5,4,16,17.2,55.4,10.9,8.2,7.89,11.9,37.3,0,870.3,42,3.9,7.9,430,443,207,153,153,275,594,307,88,37,97
ABO,2023,5,4,17,16.9,56.1,10.8,8.1,7.81,11.8,36.8,0,870.4,43,2.3,4.8,157,50,138,105,101,104,152,303,84,37,97
ABO,2023,5,4,18,15.8,57,10.2,7.3,7.37,10.9,34.5,0,870.9,101,1.3,3,51,0,51,34,35,34,33,283,56,37,97
ABO,2023,5,4,19,14.2,63.2,10.2,7.3,7.37,10.3,32.9,0,871.6,243,1,2.8,6,0,6,5,5,5,5,277,19,37,97
ABO,2023,5,4,20,12.8,66.9,9.9,6.8,7.14,9.5,30.9,0,872,270,0.7,2.1,0,0,0,0,0,0,0,291,49,37,97
ABO,2023,5,4,21,12,70,9.8,6.7,7.07,9.1,29.9,0,872.2,315,0.8,2.7,0,0,0,0,0,0,0,271,33,37,97
ABO,2023,5,4,22,12.1,69.5,9.8,6.7,7.07,9.1,30,0,872,304,0.7,2.2,0,0,0,0,0,0,0,278,53,37,97
ABO,2023,5,4,23,11.9,69.5,9.7,6.5,7,8.9,29.6,0,872.2,315,0.6,1.7,0,0,0,0,0,0,0,274,31,37,97
ABO,2023,5,5,0,11.5,69.4,9.4,6.1,6.78,8.6,28.7,0,871.9,284,0.8,1.8,0,0,0,0,0,0,0,267,23,37,97
ABO,2023,5,5,1,10.8,71.7,9.3,5.9,6.71,8.2,27.8,0,871.9,333,0.7,1.6,0,0,0,0,0,0,0,271,28,35,97
ABO,2023,5,5,2,10.8,71.2,9.2,5.8,6.64,8.1,27.6,0,871.6,270,0.7,1.9,0,0,0,0,0,0,0,272,38,35,97
ABO,2023,5,5,3,9.8,73.5,8.9,5.3,6.42,7.4,26,0,871.5,292,0.7,1.7,0,0,0,0,0,0,0,261,13,35,97
ABO,2023,5,5,4,9,76.5,8.8,5.1,6.35,7,25,0,871.2,297,0.6,1.6,0,0,0,0,0,0,0,259,13,35,97
ABO,2023,5,5,5,9.1,76,8.8,5.1,6.35,7,25.1,0,871.1,315,0.6,1.2,15,0,15,13,13,13,13,271,26,35,97
ABO,2023,5,5,6,10,73.6,9,5.5,6.49,7.6,26.4,0,871.3,193,1.2,3.3,177,400,85,152,471,61,61,281,49,35,97
ABO,2023,5,5,7,12.6,64.5,9.4,6.1,6.78,9,29.8,0,871.4,197,1.3,2.8,362,578,138,150,700,154,110,279,43,35,97
ABO,2023,5,5,8,14.4,56.2,9.2,5.8,6.64,9.7,31.3,0,871.1,180,1.7,3.5,526,655,167,147,761,343,150,295,64,35,97
ABO,2023,5,5,9,15.6,53.1,9.4,6.1,6.79,10.3,32.9,0,870.8,122,1.7,3.7,710,801,165,182,800,525,188,296,53,35,97
ABO,2023,5,5,10,17.1,50.3,9.8,6.7,7.08,11.2,35.1,0,870.5,137,1.9,5.2,786,689,245,220,643,629,225,309,75,35,97
ABO,2023,5,5,11,18.2,45.1,9.4,6.1,6.79,11.3,35.5,0,870,145,2.7,5.6,879,776,224,229,521,729,237,324,81,35,97
ABO,2023,5,5,12,18.8,40.5,8.8,5.1,6.36,11.1,35,0,869.8,182,2.9,6.1,800,534,340,250,327,662,353,328,100,35,97
ABO,2023,5,5,13,19.5,39.3,8.9,5.3,6.43,11.5,35.9,0,869.5,163,3.3,7.8,555,259,337,221,223,424,355,308,88,35,97
ABO,2023,5,5,14,19.8,38,8.8,5.1,6.36,11.5,36.1,0,869,159,4.3,8.4,468,145,357,221,226,329,334,312,88,35,97
ABO,2023,5,5,15,18.2,51.7,10.8,8.1,7.83,12.3,38.1,0,869.1,83,3.2,7.1,407,157,303,189,193,280,334,317,94,35,97
ABO,2023,5,5,16,16.6,58.4,11,8.4,7.97,11.8,36.9,0,869.7,50,3.8,10.4,164,25,152,92,95,102,115,316,94,35,97
ABO,2023,5,5,17,15.4,59.7,10.4,7.6,7.53,10.9,34.5,0.1,869.9,253,1.7,6.6,124,49,104,65,67,76,116,320,100,35,97
ABO,2023,5,5,18,13.5,74.2,11.5,9,8.33,10.9,34.6,0,870.3,60,2.9,5.9,24,0,24,15,15,15,14,324,100,35,97
ABO,2023,5,5,19,13,78.8,11.8,9.4,8.54,10.9,34.6,0,870.9,78,1.7,4.2,1,0,1,0,0,0,0,311,81,35,97
ABO,2023,5,5,20,12.7,80.3,11.8,9.4,8.54,10.8,34.3,0,871,162,1.1,3.1,0,0,0,0,0,0,0,302,80,35,97
ABO,2023,5,5,21,12.2,76.5,10.9,8.2,7.88,9.9,32.2,0,870.8,217,2.2,4.8,0,0,0,0,0,0,0,314,100,35,97
ABO,2023,5,5,22,11.7,78.6,10.8,8.1,7.82,9.7,31.5,0,870.2,239,1.1,4.1,0,0,0,0,0,0,0,300,84,35,97
ABO,2023,5,5,23,11.1,77.4,10.2,7.3,7.38,9,29.8,0,870,56,0.9,2.8,0,0,0,0,0,0,0,293,78,35,97
ABO,2023,5,6,0,10.9,75.8,9.9,6.8,7.16,8.7,29,0,870,45,1,2.7,0,0,0,0,0,0,0,299,94,35,97
ABO,2023,5,6,1,10.8,77.3,10,7,7.23,8.7,29.1,0,869.9,261,1.4,2.7,0,0,0,0,0,0,0,292,88,34,97
ABO,2023,5,6,2,10,85.6,10.5,7.7,7.6,8.7,29.2,0.2,869.5,198,1.1,2.8,0,0,0,0,0,0,0,284,81,34,97
ABO,2023,5,6,3,9.7,86.7,10.4,7.6,7.53,8.5,28.7,0.1,869.4,0,0.8,2.1,0,0,0,0,0,0,0,278,56,34,97
ABO,2023,5,6,4,9.4,86.7,10.2,7.3,7.39,8.2,28,0,869.2,45,0.8,2.7,0,0,0,0,0,0,0,279,58,34,97
ABO,2023,5,6,5,9.3,87.3,10.2,7.3,7.38,8.2,27.9,0,869.3,243,1.1,2.1,11,0,11,9,9,9,9,282,66,34,97
ABO,2023,5,6,6,9.7,82.1,9.9,6.8,7.17,8.1,27.8,0,869.3,217,1.2,3.1,173,397,82,151,464,58,58,277,29,34,97
ABO,2023,5,6,7,11.2,78.5,10.4,7.6,7.53,9.2,30.2,0,869.4,173,1,2.7,315,432,152,143,552,135,107,278,48,34,97
ABO,2023,5,6,8,12.6,74.5,10.9,8.2,7.9,10.1,32.6,0,869.5,105,1.4,3.4,530,661,156,145,741,335,148,283,49,34,97
ABO,2023,5,6,9,14.9,66.9,11.3,8.8,8.19,11.3,35.7,0,869.4,88,2.7,5.3,766,895,152,182,859,555,189,285,39,34,97
ABO,2023,5,6,10,16.6,62,11.7,9.3,8.49,12.3,38.2,0,869,77,3.3,5.7,867,891,168,206,711,677,214,313,68,34,97
ABO,2023,5,6,11,17.3,59.7,11.8,9.4,8.57,12.6,39.1,0,868.7,63,3.7,7.2,1000,953,193,234,565,819,243,312,71,34,97
ABO,2023,5,6,12,17.1,63.8,12.4,10.2,9.01,12.9,40,0,868.7,51,4.8,8.7,1077,965,244,254,343,902,400,304,61,34,97
ABO,2023,5,6,13,17,66,12.8,10.6,9.3,13.1,40.6,0,868.8,48,5.2,8.8,829,651,282,235,231,664,531,326,81,34,97
ABO,2023,5,6,14,16.8,66.4,12.7,10.5,9.23,13,40.3,0,868.5,48,4.4,7.8,686,514,295,213,212,528,596,331,100,34,97
ABO,2023,5,6,15,16.6,64.6,12.2,9.9,8.86,12.6,39.1,0,868.4,41,4.1,7.3,489,288,299,191,193,343,459,319,88,34,97
ABO,2023,5,6,16,15.9,65.7,11.9,9.5,8.64,12.1,37.8,0,868.6,48,2.9,5.3,240,130,175,110,112,146,238,318,88,34,97
ABO,2023,5,6,17,13.6,75.7,11.8,9.4,8.56,11.1,35.3,1.3,869.2,262,3.2,10.7,40,0,40,24,24,24,23,329,100,34,97
ABO,2023,5,6,18,11.8,81.8,11.3,8.8,8.2,10.1,32.5,0.3,868.9,252,1.6,4.6,51,0,51,35,36,36,35,306,81,34,97
ABO,2023,5,6,19,11.2,84,11.2,8.6,8.12,9.7,31.7,0,869.1,207,1.4,5.4,8,0,8,6,6,6,5,318,94,34,97
ABO,2023,5,6,20,11.1,81.7,10.8,8.1,7.83,9.4,30.9,0,868.8,243,1.6,4.2,0,0,0,0,0,0,0,318,100,34,97
ABO,2023,5,6,21,10.2,82.2,10.2,7.3,7.39,8.6,28.9,0,868.8,252,1.1,3.6,0,0,0,0,0,0,0,290,68,34,97
ABO,2023,5,6,22,10,79.9,9.8,6.7,7.1,8.2,27.9,0,868.7,256,0.7,1.9,0,0,0,0,0,0,0,299,100,34,97
ABO,2023,5,6,23,10.1,79.4,9.8,6.7,7.1,8.2,28,0,868.6,270,0.8,2.2,0,0,0,0,0,0,0,301,100,34,97
ABO,2023,5,7,0,9.8,81,9.8,6.7,7.1,8.1,27.7,0,868.4,194,0.7,2,0,0,0,0,0,0,0,296,100,34,97
ABO,2023,5,7,1,10.3,75.7,9.5,6.2,6.88,8.1,27.7,0,868,270,0.8,2.9,0,0,0,0,0,0,0,298,100,34,97
ABO,2023,5,7,2,10.6,72.7,9.3,5.9,6.74,8.1,27.6,0,868.1,288,0.6,1.4,0,0,0,0,0,0,0,283,74,34,97
ABO,2023,5,7,3,10.2,71.6,8.9,5.3,6.44,7.6,26.5,0,868.2,297,0.7,1.9,0,0,0,0,0,0,0,292,94,34,97
ABO,2023,5,7,4,10.1,72.1,8.9,5.3,6.44,7.6,26.4,0,868.3,333,0.6,1.6,0,0,0,0,0,0,0,290,90,34,97
ABO,2023,5,7,5,10.2,74.1,9.2,5.8,6.66,7.8,27,0,868.6,256,0.6,1.5,13,0,13,10,10,10,9,280,68,34,97
ABO,2023,5,7,6,10.9,74.2,9.7,6.5,7.02,8.5,28.7,0,868.8,243,0.8,2.2,146,247,77,101,306,54,53,291,68,34,97
ABO,2023,5,7,7,13.2,66,10,7,7.24,9.7,31.6,0,869,219,1.5,4.7,106,12,100,59,74,64,57,307,100,34,97
ABO,2023,5,7,8,13.5,66.1,10.2,7.3,7.39,10,32.2,0.1,868.9,235,2.6,5.6,252,42,229,137,185,155,132,311,100,34,97
ABO,2023,5,7,9,13.6,66.1,10.3,7.4,7.46,10.1,32.5,0,868.9,67,1.7,3.2,372,75,319,191,266,241,185,315,100,34,97
ABO,2023,5,7,10,14.8,62,10.4,7.6,7.54,10.7,33.9,0,868.9,81,1,2.8,631,370,334,226,466,472,225,314,88,34,97
ABO,2023,5,7,11,16,64.4,11.7,9.3,8.49,12,37.6,0,868.8,70,3.8,7.4,584,265,361,232,377,431,229,321,100,34,97
ABO,2023,5,7,12,14.4,70,11.5,9,8.34,11.2,35.6,0,868.7,62,4.5,8.2,446,54,399,238,252,290,246,327,100,34,97
ABO,2023,5,7,13,14.8,71.5,12,9.7,8.71,11.8,36.9,0,868.5,56,3.6,7,460,79,393,235,242,305,277,328,100,34,97
ABO,2023,5,7,14,14.3,71.9,11.7,9.3,8.49,11.4,35.8,0,868.5,41,4.1,7.6,244,5,240,142,147,149,140,327,100,34,97
ABO,2023,5,7,15,12.4,81.9,11.8,9.4,8.56,10.7,34.1,2.8,869.4,36,4.4,8.4,165,1,164,97,100,100,94,325,100,34,97
ABO,2023,5,7,16,10.3,91.6,11.5,9,8.33,9.6,31.3,5.2,870.3,48,2.8,7.4,145,3,144,85,88,88,85,324,100,34,97
ABO,2023,5,7,17,10,92.9,11.4,8.9,8.25,9.4,30.8,2.5,870.6,55,2.4,4.6,22,0,22,13,13,13,13,322,100,34,97
ABO,2023,5,7,18,9.6,94.7,11.3,8.8,8.18,9.1,30.2,2.4,871,62,2,4.5,7,0,7,4,4,4,4,321,100,34,97
ABO,2023,5,7,19,9.4,94.7,11.2,8.6,8.1,8.9,29.8,0.7,871.2,108,1,3.1,1,0,1,0,0,0,0,319,100,34,97
ABO,2023,5,7,20,9.4,92.2,10.9,8.2,7.88,8.7,29.3,0,871.7,164,0.8,1.3,0,0,0,0,0,0,0,316,100,34,97
ABO,2023,5,7,21,9,89.7,10.3,7.4,7.44,8.1,27.8,0,871.9,198,0.8,2.5,0,0,0,0,0,0,0,308,88,34,97
ABO,2023,5,7,22,8.8,90.9,10.3,7.4,7.44,8,27.6,0,871.8,188,0.8,2.2,0,0,0,0,0,0,0,311,100,34,97
ABO,2023,5,7,23,8.8,90.9,10.3,7.4,7.44,8,27.6,0,871.8,162,0.5,1.4,0,0,0,0,0,0,0,297,88,34,97
ABO,2023,5,8,0,8.7,91.5,10.3,7.4,7.44,8,27.5,0,871.7,198,1,1.8,0,0,0,0,0,0,0,287,94,34,97
ABO,2023,5,8,1,8.6,91.5,10.2,7.3,7.37,7.9,27.2,0,871.5,180,0.6,1.5,0,0,0,0,0,0,0,296,100,34,97
ABO,2023,5,8,2,8.5,92.1,10.2,7.3,7.36,7.8,27.1,0,871.7,180,0.4,1,0,0,0,0,0,0,0,301,100,34,97
ABO,2023,5,8,3,8.5,92.1,10.2,7.3,7.36,7.8,27.1,0,871.8,194,0.9,1.4,0,0,0,0,0,0,0,300,100,34,97
ABO,2023,5,8,4,8.5,92.1,10.2,7.3,7.36,7.8,27.1,0,871.7,207,0.7,1.8,0,0,0,0,0,0,0,293,100,34,97
ABO,2023,5,8,5,8.4,92.8,10.2,7.3,7.36,7.8,27,0,871.8,194,0.6,1.1,12,0,12,7,7,7,7,302,100,34,97
ABO,2023,5,8,6,8.7,90.9,10.2,7.3,7.36,7.9,27.3,0,872,180,0.5,1.2,72,10,69,43,53,42,39,305,100,34,97
ABO,2023,5,8,7,9.4,86.7,10.2,7.3,7.36,8.2,28,0,871.8,180,0.7,1.7,202,68,174,110,179,115,101,307,100,34,97
ABO,2023,5,8,8,10.8,79,10.2,7.3,7.36,8.9,29.4,0,871.9,96,1.2,2.7,436,343,241,156,500,285,155,300,88,34,97
ABO,2023,5,8,9,11.6,79.6,10.9,8.2,7.87,9.7,31.5,0,872,75,2.4,4.1,431,202,297,185,376,290,181,299,84,34,97
ABO,2023,5,8,10,11.9,75.4,10.5,7.7,7.58,9.5,31.1,0,872.3,75,2.5,4.5,344,34,317,188,221,217,182,314,100,34,97
ABO,2023,5,8,11,12,79.7,11.2,8.6,8.09,10.1,32.5,0,872.5,52,2.5,4.8,195,0,195,115,119,118,110,321,100,34,97
ABO,2023,5,8,12,11.8,80.7,11.2,8.6,8.09,10,32.3,0.3,872.3,84,1.3,3.3,368,29,342,203,210,233,205,315,100,34,97
ABO,2023,5,8,13,13.1,75.1,11.3,8.8,8.17,10.6,33.8,0.5,872.1,54,1.6,4.8,515,136,402,242,248,355,326,312,94,34,97
ABO,2023,5,8,14,12.8,80.3,11.9,9.5,8.61,10.9,34.6,0.5,871.9,68,2.5,4.6,236,1,235,138,143,143,134,311,100,34,97
ABO,2023,5,8,15,12.5,84.2,12.2,9.9,8.83,11,34.8,0.4,871.8,51,2.8,5.6,193,6,189,112,116,117,113,317,100,34,97
ABO,2023,5,8,16,11.9,84.7,11.8,9.4,8.53,10.4,33.5,0.3,872.2,38,3.1,5.5,51,0,51,30,31,31,29,310,100,34,97
ABO,2023,5,8,17,11.3,88.1,11.8,9.4,8.53,10.2,32.9,0.3,872.5,61,2.4,4.4,124,15,117,71,73,75,85,309,100,34,97
ABO,2023,5,8,18,10.7,89.2,11.5,9,8.3,9.7,31.7,0.6,872.8,157,1.1,2.5,68,0,68,43,45,44,42,310,94,34,97
ABO,2023,5,8,19,10.4,89.8,11.3,8.8,8.16,9.5,31,0.1,872.9,180,0.5,1.4,5,0,5,3,3,3,3,307,100,34,97
ABO,2023,5,8,20,10.2,89.8,11.2,8.6,8.09,9.3,30.6,0,872.8,196,0.8,1.8,0,0,0,0,0,0,0,296,81,34,97
ABO,2023,5,8,21,10,89.8,11,8.4,7.94,9.1,30,0,872.8,207,1,2.1,0,0,0,0,0,0,0,302,100,34,97
ABO,2023,5,8,22,9.7,91.6,11,8.4,7.94,9,29.7,0,872.4,207,0.7,2.1,0,0,0,0,0,0,0,290,90,34,97
ABO,2023,5,8,23,9.1,90.9,10.5,7.7,7.58,8.3,28.2,0,871.9,243,0.7,2.5,0,0,0,0,0,0,0,284,73,34,97
ABO,2023,5,9,0,8.1,90.9,9.8,6.7,7.07,7.3,25.9,0.1,871.6,297,0.7,2,0,0,0,0,0,0,0,268,64,34,97
ABO,2023,5,9,1,7.8,89.6,9.5,6.2,6.86,7,25.1,0,870.9,233,0.9,4.2,0,0,0,0,0,0,0,278,75,34,97
ABO,2023,5,9,2,7.3,90.8,9.3,5.9,6.72,6.6,24.2,0,870.6,243,0.6,1.8,0,0,0,0,0,0,0,281,81,34,97
ABO,2023,5,9,3,7.2,90.8,9.2,5.8,6.65,6.5,23.9,0,870.3,297,0.7,1.5,0,0,0,0,0,0,0,294,100,34,97
ABO,2023,5,9,4,7.3,90.2,9.2,5.8,6.65,6.5,24,0,870.1,236,0.5,1.2,0,0,0,0,0,0,0,298,100,34,97
ABO,2023,5,9,5,7.9,89,9.5,6.2,6.87,7,25.2,0,870,225,0.6,2.8,21,0,21,14,14,14,14,293,81,34,97
ABO,2023,5,9,6,8.8,87.3,9.9,6.8,7.16,7.7,26.9,0,869.9,211,0.7,3.2,166,322,95,149,392,62,62,292,78,34,97
ABO,2023,5,9,7,10.9,79,10.3,7.4,7.46,9,29.8,0,869.2,135,0.9,2.3,310,381,146,116,489,149,104,297,88,34,97
ABO,2023,5,9,8,12.3,71.5,10.2,7.3,7.39,9.5,31,0,868.5,100,1.9,4.1,552,722,141,141,788,333,145,298,75,34,97
ABO,2023,5,9,9,14,64,10.2,7.3,7.4,10.2,32.8,0,867.8,90,2.6,4.4,723,807,161,176,788,510,182,312,75,34,97
ABO,2023,5,9,10,15.3,62.1,10.8,8.1,7.84,11.1,35.2,0,867.2,81,2.8,5.2,821,797,192,206,669,621,212,311,74,34,97
ABO,2023,5,9,11,15.6,63.1,11.2,8.6,8.14,11.5,36.3,0,866.5,63,3.5,6.6,680,326,402,254,437,515,251,322,100,34,97
ABO,2023,5,9,12,15.3,62.1,10.8,8.1,7.86,11.1,35.2,0,865.9,60,3.6,6.4,611,205,433,263,294,442,319,325,100,34,97
ABO,2023,5,9,13,15.2,68.3,11.8,9.4,8.6,11.8,37,0,865.6,53,4,7.2,473,85,401,240,247,314,284,327,100,34,97
ABO,2023,5,9,14,14,75.3,12,9.7,8.75,11.5,36.2,0,865.4,52,3,6.5,247,2,245,144,150,150,141,325,100,34,97
ABO,2023,5,9,15,12.9,88.8,13.2,11.1,9.64,11.8,37.3,0.5,865,68,1.9,3.4,124,0,124,73,76,75,70,323,100,34,97
ABO,2023,5,9,16,12.5,91.2,13.2,11.1,9.64,11.7,36.9,0.2,864.7,77,1.9,3.5,96,0,96,57,59,58,54,322,100,34,97
ABO,2023,5,9,17,11.8,92.3,12.8,10.6,9.34,11.1,35.4,0.7,864.8,63,1.4,2.7,34,0,34,20,21,21,19,320,100,34,97
ABO,2023,5,9,18,11.3,91.1,12.2,9.9,8.9,10.5,33.8,1.4,864.8,194,1.1,3.1,21,0,21,12,13,13,12,318,100,34,97
ABO,2023,5,9,19,10.7,83.9,10.8,8.1,7.86,9.2,30.6,0.7,865.1,233,3.1,5.5,1,0,1,1,1,1,1,316,100,34,97
ABO,2023,5,9,20,10.2,78.9,9.8,6.7,7.12,8.3,28.2,0.6,865.6,221,3.3,9.9,0,0,0,0,0,0,0,314,100,34,97
ABO,2023,5,9,21,9.7,78.8,9.5,6.2,6.9,7.8,27.1,0.1,865.6,250,2.6,6.5,0,0,0,0,0,0,0,311,100,34,97
ABO,2023,5,9,22,9.4,79.8,9.4,6.1,6.83,7.6,26.6,0.5,865.8,228,3.3,7.2,0,0,0,0,0,0,0,308,100,34,97
ABO,2023,5,9,23,8.8,81.4,9.2,5.8,6.68,7.2,25.6,0.9,865.9,243,3.7,9.2,0,0,0,0,0,0,0,304,100,34,97
ABO,2023,5,10,0,8.7,78.1,8.8,5.1,6.39,6.8,24.8,0.5,865.6,265,2.6,6.2,0,0,0,0,0,0,0,302,100,34,97
ABO,2023,5,10,1,8.3,84.8,9.3,5.9,6.76,7,25.3,0.4,865.5,255,1.9,6.6,0,0,0,0,0,0,0,302,100,33,97
ABO,2023,5,10,2,7.9,86.6,9.2,5.8,6.68,6.8,24.7,0.9,865.6,254,1.8,5.1,0,0,0,0,0,0,0,297,94,33,97
ABO,2023,5,10,3,7.7,79,8.3,4.3,6.02,6,22.9,0.3,865.5,253,3.3,6.4,0,0,0,0,0,0,0,297,100,33,97
ABO,2023,5,10,4,7,81.8,8.2,4.1,5.95,5.5,22,1.5,865.8,241,3.8,8.3,0,0,0,0,0,0,0,292,100,33,97
ABO,2023,5,10,5,6.6,82.9,8.1,3.9,5.88,5.3,21.4,0,865.5,259,3.3,7.4,24,0,24,20,20,20,20,269,63,33,97
ABO,2023,5,10,6,7,80.6,8.1,3.9,5.87,5.4,21.8,0.1,865.7,243,3.4,7.7,162,309,90,139,375,60,59,273,88,33,97
ABO,2023,5,10,7,7,82.9,8.3,4.3,6.02,5.6,22.2,0.3,866,253,2.3,6,195,59,171,105,168,112,98,282,100,33,97
ABO,2023,5,10,8,7.1,92.1,9.3,5.9,6.75,6.5,24.1,0.4,866.1,74,1.5,4,249,32,229,136,172,153,131,282,100,33,97
ABO,2023,5,10,9,7.9,89,9.5,6.2,6.9,7,25.3,0.1,866.1,68,2.2,5.1,184,2,183,107,113,111,103,280,100,33,97
ABO,2023,5,10,10,8.8,87.3,9.9,6.8,7.19,7.7,26.9,0,866,74,3,5.3,378,35,350,206,240,237,199,278,100,33,97
ABO,2023,5,10,11,9.7,81.6,9.8,6.7,7.12,8.1,27.7,0,866,65,3.9,7.6,404,93,324,193,246,275,188,272,100,33,97
ABO,2023,5,10,12,7.8,89,9.4,6.1,6.82,6.9,25,0.2,866.1,54,4.4,8,268,5,264,155,162,163,149,278,100,33,97
ABO,2023,5,10,13,7.8,89,9.4,6.1,6.82,6.9,25,0.8,866.4,69,3,6.6,187,0,187,109,113,113,105,277,100,33,97
ABO,2023,5,10,14,7.6,88.4,9.2,5.8,6.68,6.7,24.4,0.5,866.3,72,2.3,5.2,122,0,122,71,74,73,69,273,100,33,97
ABO,2023,5,10,15,7.8,80.2,8.5,4.6,6.16,6.2,23.3,0,866.5,148,2,6.6,139,0,138,81,84,84,78,269,100,33,97
ABO,2023,5,10,16,8.8,66.9,7.6,3,5.5,5.9,22.7,0,866.4,210,2.3,7.7,225,89,177,107,109,139,196,268,100,33,97
ABO,2023,5,10,17,8.4,70.7,7.8,3.4,5.65,5.9,22.7,0,866.5,216,3,6.9,66,0,66,38,40,40,37,272,100,33,97
ABO,2023,5,10,18,7.4,85.3,8.8,5.1,6.38,6.2,23.5,0,866.6,57,2.1,3.8,37,0,37,21,22,22,21,266,100,33,97
ABO,2023,5,10,19,6.5,90.8,8.8,5.1,6.38,5.8,22.5,0,866.9,49,2.2,5,1,0,1,1,1,1,1,271,100,33,97
ABO,2023,5,10,20,6,93.9,8.8,5.1,6.38,5.5,22,0,867.2,106,0.9,2,0,0,0,0,0,0,0,270,100,33,97
ABO,2023,5,10,21,5.9,91.3,8.5,4.6,6.16,5.2,21.4,0,867.3,108,0.9,2.2,0,0,0,0,0,0,0,254,88,33,97
ABO,2023,5,10,22,5.8,91.3,8.4,4.5,6.08,5.1,21.1,0,867.2,169,0.6,2.1,0,0,0,0,0,0,0,260,100,33,97
ABO,2023,5,10,23,5.7,88.2,8.1,3.9,5.87,4.8,20.4,0,866.8,270,0.9,2.2,0,0,0,0,0,0,0,263,94,33,97
ABO,2023,5,11,0,5,89.4,7.8,3.4,5.65,4.2,19.2,0,866.7,0,0.9,2,0,0,0,0,0,0,0,263,100,33,97
ABO,2023,5,11,1,5.1,88.8,7.8,3.4,5.65,4.3,19.3,0,866.2,196,0.8,1.9,0,0,0,0,0,0,0,264,100,34,97
ABO,2023,5,11,2,5.1,90,7.9,3.6,5.73,4.4,19.5,0,866.2,112,0.6,1.3,0,0,0,0,0,0,0,265,100,34,97
ABO,2023,5,11,3,5.2,92.6,8.2,4.1,5.95,4.7,20.1,0.3,866,90,0.9,2.7,0,0,0,0,0,0,0,265,100,34,97
ABO,2023,5,11,4,5,93.9,8.2,4.1,5.95,4.6,19.9,0.1,865.7,49,1.9,4.1,0,0,0,0,0,0,0,265,100,34,97
ABO,2023,5,11,5,4.8,95.2,8.2,4.1,5.95,4.5,19.7,0.1,865.6,60,1.7,3.5,7,0,7,4,4,4,4,265,100,34,97
ABO,2023,5,11,6,5,93.9,8.2,4.1,5.95,4.6,19.9,0,865.7,73,1.5,3.5,66,5,64,39,45,39,37,265,100,34,97
ABO,2023,5,11,7,5.2,92.6,8.2,4.1,5.95,4.7,20.1,0.3,865.5,81,1.9,3.6,119,3,118,70,75,72,67,266,100,34,97
ABO,2023,5,11,8,5.6,85.7,7.8,3.4,5.66,4.5,19.8,0.1,865.5,94,1.5,3.4,278,64,241,144,214,173,140,268,100,34,97
ABO,2023,5,11,9,6.2,88.8,8.4,4.5,6.1,5.3,21.5,0,865.4,72,2.7,6.7,345,59,306,183,245,218,177,270,100,34,97
ABO,2023,5,11,10,6.1,89.5,8.4,4.5,6.1,5.3,21.4,0.2,865.3,70,2.6,7.7,253,10,244,145,157,156,139,272,100,34,97
ABO,2023,5,11,11,7.6,81.3,8.5,4.6,6.17,6.1,23.2,0,864.9,75,3,5.9,296,5,292,173,181,181,166,275,100,34,97
ABO,2023,5,11,12,7.8,78.5,8.3,4.3,6.03,6,23,0,864.7,46,4,8.8,485,75,419,250,262,319,272,276,100,34,97
ABO,2023,5,11,13,7.4,82.4,8.5,4.6,6.18,6,23,0.5,864.5,46,3.3,7.6,567,170,423,256,262,398,356,280,100,34,97
ABO,2023,5,11,14,8.4,76.4,8.4,4.5,6.11,6.4,23.8,0,864.2,49,3.3,6.9,508,164,379,231,236,350,357,277,100,34,97
ABO,2023,5,11,15,8.3,71.2,7.8,3.4,5.67,5.8,22.6,0,863.7,65,2.5,4.6,496,273,313,197,199,339,452,274,88,34,97
ABO,2023,5,11,16,8.5,68.3,7.6,3,5.52,5.8,22.4,0,863.8,48,3.2,6.5,289,241,149,109,110,172,322,276,94,34,97
ABO,2023,5,11,17,7.5,79,8.2,4.1,5.96,5.8,22.5,0,863.9,36,4.2,7.5,113,1,112,67,69,68,65,278,100,34,97
ABO,2023,5,11,18,6.6,82.9,8.1,3.9,5.89,5.3,21.4,0,864.2,44,2.9,6,49,0,49,29,30,30,28,278,100,34,97
ABO,2023,5,11,19,6.1,87,8.2,4.1,5.96,5.1,21.1,0,864.4,79,1.6,3.8,7,0,7,4,4,4,4,278,100,34,97
ABO,2023,5,11,20,5.8,88.8,8.2,4.1,5.95,5,20.8,0,864.7,78,1.5,3.2,0,0,0,0,0,0,0,273,100,34,97
ABO,2023,5,11,21,5.8,88.8,8.2,4.1,5.95,5,20.8,0,864.7,75,1.2,2.1,0,0,0,0,0,0,0,270,94,34,97
ABO,2023,5,11,22,5.8,88.8,8.2,4.1,5.96,5,20.8,0,864.5,76,0.8,1.9,0,0,0,0,0,0,0,275,100,34,97
ABO,2023,5,11,23,5.7,89.4,8.2,4.1,5.96,4.9,20.7,0,864.5,108,0.7,1.4,0,0,0,0,0,0,0,274,100,34,97
ABO,2023,5,12,0,5.6,91.3,8.3,4.3,6.03,5,20.8,0.1,864.2,98,0.8,1.8,0,0,0,0,0,0,0,266,100,34,97
ABO,2023,5,12,1,5.5,93.9,8.5,4.6,6.18,5,21,0,863.9,70,1.2,2.4,0,0,0,0,0,0,0,270,94,34,96
ABO,2023,5,12,2,5.3,91.9,8.2,4.1,5.96,4.7,20.3,0,863.8,56,1.9,3.4,0,0,0,0,0,0,0,272,100,34,96
ABO,2023,5,12,3,5.1,93.2,8.2,4.1,5.96,4.6,20.1,0,863.6,73,1.4,2.8,0,0,0,0,0,0,0,272,100,34,96
ABO,2023,5,12,4,5,93.9,8.2,4.1,5.96,4.6,20,0,863.5,76,1.4,2.6,0,0,0,0,0,0,0,266,100,34,96
ABO,2023,5,12,5,5,93.9,8.2,4.1,5.96,4.6,20,0,863.5,70,1.5,2.9,24,0,24,17,18,18,17,263,100,34,96
ABO,2023,5,12,6,5.2,92.6,8.2,4.1,5.96,4.7,20.2,0,863.6,69,1.4,3.5,139,141,102,100,211,64,62,273,100,34,96
ABO,2023,5,12,7,5.4,92.6,8.3,4.3,6.03,4.9,20.6,0,863.8,101,1.5,3,202,73,169,105,182,117,99,270,94,34,96
ABO,2023,5,12,8,5.9,88.2,8.2,4.1,5.96,5,20.9,0,863.8,112,1.1,2.7,302,77,258,155,239,187,150,274,100,34,96
ABO,2023,5,12,9,6.9,82.3,8.2,4.1,5.96,5.5,21.9,0.1,863.8,83,1.7,3.5,453,159,340,207,360,303,202,274,100,34,96
ABO,2023,5,12,10,8,76.4,8.2,4.1,5.96,6,23,0,863.7,104,1.6,3.7,475,129,373,226,334,321,220,281,100,34,96
ABO,2023,5,12,11,8.1,78.5,8.5,4.6,6.18,6.3,23.7,0,863.7,94,1.9,4.9,539,139,419,253,333,372,247,286,100,34,96
ABO,2023,5,12,12,9.8,69.5,8.4,4.5,6.11,7,25.2,0,863.6,75,2.4,6.1,677,453,279,216,263,515,267,287,88,34,96
ABO,2023,5,12,13,10.3,67.7,8.5,4.6,6.18,7.3,25.9,0,863.7,48,3.4,7.5,346,45,308,183,189,224,205,295,100,34,96
ABO,2023,5,12,14,9.8,68.6,8.3,4.3,6.04,7,25,0,863.7,120,2.5,6.1,233,27,211,125,129,149,142,293,100,34,96
ABO,2023,5,12,15,8.6,75.4,8.4,4.5,6.11,6.5,24,1,863.9,98,1.9,5.3,118,0,118,70,72,72,67,285,100,34,96
ABO,2023,5,12,16,8.2,81.9,8.9,5.3,6.47,6.7,24.5,0.5,864,80,1.3,2.4,179,93,128,79,81,111,172,283,88,34,96
ABO,2023,5,12,17,8.1,85.4,9.2,5.8,6.69,6.9,25,0.5,864,126,1.3,3.8,85,0,85,54,56,56,53,286,100,34,96
ABO,2023,5,12,18,8.1,87.2,9.4,6.1,6.84,7,25.3,0.3,864.2,153,1.4,3,31,0,31,19,19,19,18,272,88,34,96
ABO,2023,5,12,19,7.6,86.5,9,5.5,6.54,6.5,24.1,0,864.5,215,1.2,2.8,1,0,1,1,1,1,1,257,64,34,96
ABO,2023,5,12,20,7.4,87.7,9,5.5,6.54,6.4,23.9,0,865,209,1.1,2.2,0,0,0,0,0,0,0,262,64,34,96
ABO,2023,5,12,21,7.3,90.2,9.2,5.8,6.69,6.5,24.1,0,865.1,194,0.9,2.1,0,0,0,0,0,0,0,281,100,34,96
ABO,2023,5,12,22,7.3,90.2,9.2,5.8,6.69,6.5,24.1,0,865.1,225,0.5,1.7,0,0,0,0,0,0,0,276,94,34,96
ABO,2023,5,12,23,7.2,90.8,9.2,5.8,6.68,6.5,24,0,865.4,191,0.7,1.7,0,0,0,0,0,0,0,276,100,34,96
ABO,2023,5,13,0,7.2,91.4,9.3,5.9,6.76,6.5,24.2,0,865.1,72,0.7,1.9,0,0,0,0,0,0,0,263,78,34,96
ABO,2023,5,13,1,7,92.1,9.2,5.8,6.68,6.4,23.8,0,865.3,203,0.9,2.2,0,0,0,0,0,0,0,252,35,34,96
ABO,2023,5,13,2,6.7,89.5,8.8,5.1,6.39,5.9,22.8,0,865.2,180,0.6,1.8,0,0,0,0,0,0,0,246,13,34,96
ABO,2023,5,13,3,5.9,90.7,8.4,4.5,6.1,5.2,21.2,0,865.2,360,0.6,1.7,0,0,0,0,0,0,0,257,20,34,96
ABO,2023,5,13,4,5.5,90.7,8.2,4.1,5.95,4.8,20.5,0,865.5,236,1,3,0,0,0,0,0,0,0,262,53,34,96
ABO,2023,5,13,5,5.5,90.7,8.2,4.1,5.95,4.8,20.4,0,865.8,162,0.6,1.6,23,0,23,14,14,14,13,261,43,34,96
ABO,2023,5,13,6,6.2,86.4,8.2,4.1,5.94,5.2,21.2,0,866.2,189,0.8,2.1,128,89,104,87,157,64,61,271,81,34,96
ABO,2023,5,13,7,7.4,85.3,8.8,5.1,6.38,6.2,23.5,0,866.2,162,0.8,1.7,335,400,168,147,529,150,113,275,84,34,96
ABO,2023,5,13,8,8.5,84.8,9.4,6.1,6.82,7.2,25.7,0,866.3,69,2.6,5,341,215,227,148,358,197,145,282,100,34,96
ABO,2023,5,13,9,8.5,87.2,9.7,6.5,7.04,7.4,26.3,0,866.4,53,3.6,7.2,496,218,344,211,419,338,207,284,100,34,96
ABO,2023,5,13,10,9.2,79.3,9.2,5.8,6.68,7.4,26,0,866.4,68,3.1,5.5,472,105,389,234,324,313,227,287,100,34,96
ABO,2023,5,13,11,10.5,71.1,9,5.5,6.53,7.8,27,0,866.3,74,3.7,6.6,746,446,361,247,457,571,248,292,100,34,96
ABO,2023,5,13,12,11.5,66.6,9,5.5,6.53,8.3,28,0,866.1,53,4.3,8.8,498,175,344,212,252,359,239,297,100,34,96
ABO,2023,5,13,13,9.5,81.5,9.7,6.5,7.04,7.9,27.3,0.6,866.6,46,3.9,8.7,351,29,327,194,200,221,207,300,100,34,96
ABO,2023,5,13,14,8,86,9.2,5.8,6.67,6.8,24.8,0.2,866.7,215,2.4,5.2,485,179,343,210,213,339,349,298,100,34,96
ABO,2023,5,13,15,7.8,83,8.8,5.1,6.38,6.4,23.9,0.6,866.6,45,1.5,3.6,72,0,72,42,44,43,41,297,100,34,96
ABO,2023,5,13,16,7.4,94,9.7,6.5,7.04,6.9,25.1,1.6,866.8,63,1.9,3.1,114,0,114,67,70,69,65,295,100,34,96
ABO,2023,5,13,17,7,92.1,9.2,5.8,6.67,6.4,23.8,0,866.8,86,1.3,3.4,137,3,136,85,87,87,85,293,100,34,96
ABO,2023,5,13,18,7,84.7,8.5,4.6,6.16,5.8,22.5,0,866.8,135,0.6,1.9,24,0,24,14,15,15,14,292,100,34,96
ABO,2023,5,13,19,7,87.1,8.7,5,6.3,6,22.9,0.1,867,225,0.6,1.9,14,0,14,11,11,11,11,272,56,34,96
ABO,2023,5,13,20,6.3,92,8.8,5.1,6.38,5.7,22.3,0,867.2,207,0.7,3.1,0,0,0,0,0,0,0,264,44,34,96
ABO,2023,5,13,21,5.9,90.7,8.4,4.5,6.09,5.2,21.2,0,867,217,0.8,2.4,0,0,0,0,0,0,0,255,13,34,96
ABO,2023,5,13,22,5.1,90,7.9,3.6,5.72,4.4,19.5,0,866.9,225,0.8,3,0,0,0,0,0,0,0,254,0,34,96
ABO,2023,5,13,23,4.7,91.3,7.8,3.4,5.65,4.1,18.9,0,867,27,0.8,2,0,0,0,0,0,0,0,248,0,34,96
ABO,2023,5,14,0,4.3,91.2,7.6,3,5.5,3.7,18.1,0,866.5,233,0.7,2.1,0,0,0,0,0,0,0,241,0,34,96
ABO,2023,5,14,1,4.2,91.9,7.6,3,5.51,3.6,18,0,866.1,214,0.8,3,0,0,0,0,0,0,0,239,23,34,96
ABO,2023,5,14,2,4.8,90.6,7.8,3.4,5.65,4.1,19,0,865.8,207,0.5,1.6,0,0,0,0,0,0,0,251,46,34,96
ABO,2023,5,14,3,5.3,91.9,8.2,4.1,5.95,4.7,20.2,0,865.6,0,0.7,2.2,0,0,0,0,0,0,0,263,90,34,96
ABO,2023,5,14,4,5.8,88.8,8.2,4.1,5.95,5,20.8,0,865.5,243,0.9,2.3,0,0,0,0,0,0,0,273,100,34,96
ABO,2023,5,14,5,6,88.8,8.3,4.3,6.02,5.1,21.1,0,865.4,216,1,2.8,7,0,7,4,4,4,4,274,100,34,96
ABO,2023,5,14,6,6.2,92,8.7,5,6.32,5.6,22.1,0.5,865.6,90,1.2,3.4,101,82,78,70,134,49,47,276,100,34,96
ABO,2023,5,14,7,6.1,93.3,8.8,5.1,6.39,5.6,22.2,0.9,865.6,104,0.9,2.4,204,63,176,107,176,119,102,277,100,34,96
ABO,2023,5,14,8,6.9,87.7,8.7,5,6.32,5.9,22.8,0,865.6,104,1,3,344,165,251,156,324,212,152,279,100,34,96
ABO,2023,5,14,9,7,90.2,9,5.5,6.53,6.2,23.4,1.9,865.7,74,1.7,3.4,245,11,236,140,155,150,135,281,100,34,96
ABO,2023,5,14,10,8,81.9,8.8,5.1,6.39,6.5,24.1,0.1,865.4,176,1.6,4.2,354,47,315,188,227,228,182,279,100,34,96
ABO,2023,5,14,11,8.8,77.6,8.8,5.1,6.39,6.9,24.9,0,865.2,63,2.5,5.8,395,101,309,187,256,269,182,284,100,34,96
ABO,2023,5,14,12,8.1,86,9.3,5.9,6.76,6.9,25.1,1.3,865.3,37,3.2,7.1,147,0,147,87,90,89,83,294,100,34,96
ABO,2023,5,14,13,8.7,84.3,9.5,6.2,6.91,7.4,26.1,0,865,60,2.2,4.4,136,0,136,80,83,82,77,297,100,34,96
ABO,2023,5,14,14,8,86,9.2,5.8,6.69,6.8,24.8,0.8,865.1,40,2.9,7,57,0,57,33,35,34,32,295,100,34,96
ABO,2023,5,14,15,7.7,89.6,9.4,6.1,6.83,6.9,24.9,0,865,81,1.5,3.5,72,0,72,43,44,44,41,288,100,34,96
ABO,2023,5,14,16,8,86.6,9.3,5.9,6.76,6.9,25,0.3,865.2,49,2.5,7,82,8,78,46,48,49,54,291,100,34,96
ABO,2023,5,14,17,6.6,90.1,8.8,5.1,6.39,5.8,22.7,3.5,865.7,18,1.7,7.7,88,12,84,52,52,51,61,290,100,34,96
ABO,2023,5,14,18,6.2,88.8,8.4,4.5,6.09,5.3,21.5,0.9,865.8,204,1.3,3.4,28,0,28,17,18,17,16,288,100,34,96
ABO,2023,5,14,19,5.9,89.4,8.3,4.3,6.02,5.1,21,0,865.8,215,2.5,5.4,6,0,6,3,3,3,3,287,100,34,96
ABO,2023,5,14,20,5.9,90.7,8.4,4.5,6.09,5.2,21.2,0,865.9,194,0.6,2.3,0,0,0,0,0,0,0,281,94,34,96
ABO,2023,5,14,21,6.2,89.5,8.5,4.6,6.17,5.4,21.7,0,865.8,211,0.9,2.5,0,0,0,0,0,0,0,266,94,34,96
ABO,2023,5,14,22,6,90.7,8.5,4.6,6.16,5.3,21.5,0.9,866.3,35,4,8.2,0,0,0,0,0,0,0,268,81,34,96
ABO,2023,5,14,23,5.5,90.7,8.2,4.1,5.95,4.8,20.4,1.1,866.1,256,1.7,4.1,0,0,0,0,0,0,0,275,100,34,96
ABO,2023,5,15,0,5.3,87.5,7.8,3.4,5.66,4.4,19.5,0,865.3,227,2.3,4.7,0,0,0,0,0,0,0,268,75,34,96
ABO,2023,5,15,1,5.2,91.3,8.1,3.9,5.88,4.6,20,0,865,0,0.5,1.7,0,0,0,0,0,0,0,271,94,34,96
ABO,2023,5,15,2,5.2,91.3,8.1,3.9,5.88,4.6,20,0,864.8,45,0.6,2,0,0,0,0,0,0,0,272,100,34,96
ABO,2023,5,15,3,5.4,91.3,8.2,4.1,5.95,4.8,20.4,0,864.8,225,0.8,1.7,0,0,0,0,0,0,0,271,90,34,96
ABO,2023,5,15,4,5.5,90.7,8.2,4.1,5.95,4.8,20.5,0,864.9,135,0.5,1.8,0,0,0,0,0,0,0,270,69,34,96
ABO,2023,5,15,5,5.5,90.7,8.2,4.1,5.95,4.8,20.5,0,865,231,1.1,2.3,7,0,7,4,4,4,4,275,100,34,96
ABO,2023,5,15,6,5.8,90.1,8.3,4.3,6.03,5,20.9,0,865.1,180,0.8,2.1,47,0,47,28,29,29,27,276,100,34,96
ABO,2023,5,15,7,6.5,85.8,8.3,4.3,6.03,5.4,21.7,0,865.1,180,0.7,1.7,132,5,129,77,85,79,74,277,100,34,96
ABO,2023,5,15,8,6.5,84.6,8.2,4.1,5.95,5.3,21.5,1.2,865.4,13,1.7,4.8,238,31,219,130,165,147,126,279,100,34,96
ABO,2023,5,15,9,7.8,77.4,8.2,4.1,5.95,5.9,22.8,0,865.1,180,1.5,3.1,470,197,328,202,383,317,198,277,88,34,96
ABO,2023,5,15,10,9,72.4,8.3,4.3,6.03,6.6,24.2,0.1,864.8,80,2.2,4.8,467,162,339,208,338,319,204,284,88,34,96
ABO,2023,5,15,11,9.7,70,8.4,4.5,6.1,7,25.1,0,864.5,64,3,6.2,344,67,285,171,209,230,167,289,100,34,96
ABO,2023,5,15,12,9.8,68.6,8.3,4.3,6.03,7,25,0,864.5,124,2,4.2,508,134,390,237,255,349,273,296,100,34,96
ABO,2023,5,15,13,10.3,64.5,8.1,3.9,5.88,7,25.2,0,864.5,62,2.4,8.4,405,66,349,209,215,265,245,299,100,34,96
ABO,2023,5,15,14,9.2,75.5,8.8,5.1,6.4,7.1,25.3,0,864.6,51,2.3,7.1,190,2,188,111,115,115,109,297,100,34,96
ABO,2023,5,15,15,10.2,62.7,7.8,3.4,5.66,6.7,24.5,0,864.5,97,1.7,7.4,430,326,211,153,153,277,426,291,88,34,96
ABO,2023,5,15,16,9.1,70.9,8.2,4.1,5.95,6.5,24.1,0,864.7,41,4,7.4,236,91,190,115,118,141,208,290,100,34,96
ABO,2023,5,15,17,8.9,72.8,8.3,4.3,6.03,6.5,24.1,0,864.7,75,2.1,4.2,121,26,112,84,81,80,104,290,100,34,96
ABO,2023,5,15,18,8.4,77,8.5,4.6,6.17,6.4,24,0,865,48,2.7,5.3,47,0,47,28,29,29,27,292,100,34,96
ABO,2023,5,15,19,7.4,89.6,9.2,5.8,6.68,6.6,24.2,0.1,865.3,67,2.6,5,6,0,6,4,4,4,4,278,74,34,96
ABO,2023,5,15,20,7.2,90.8,9.2,5.8,6.68,6.5,24,0,865.3,74,1.7,4.1,0,0,0,0,0,0,0,270,71,34,96
ABO,2023,5,15,21,7,92.1,9.2,5.8,6.68,6.4,23.8,0,865.4,74,0.8,1.7,0,0,0,0,0,0,0,264,29,34,96
ABO,2023,5,15,22,7.1,91.4,9.2,5.8,6.69,6.4,23.9,0,865.1,63,0.9,2,0,0,0,0,0,0,0,262,0,34,96
ABO,2023,5,15,23,6.9,93.3,9.3,5.9,6.76,6.4,23.9,0,864.8,67,1.4,2.4,0,0,0,0,0,0,0,254,0,34,96
ABO,2023,5,16,0,6.6,91.4,8.9,5.3,6.47,5.9,22.9,0,864.5,45,1.9,4.6,0,0,0,0,0,0,0,254,23,34,96
ABO,2023,5,16,1,6.3,93.3,8.9,5.3,6.47,5.8,22.6,0,864.3,76,0.9,2.2,0,0,0,0,0,0,0,254,29,34,96
ABO,2023,5,16,2,6.4,92.7,8.9,5.3,6.47,5.8,22.7,0,863.9,65,1.5,2.8,0,0,0,0,0,0,0,254,25,34,96
ABO,2023,5,16,3,6.3,92,8.8,5.1,6.4,5.7,22.4,0,863.7,63,1.3,2.8,0,0,0,0,0,0,0,264,40,34,96
ABO,2023,5,16,4,6.3,92,8.8,5.1,6.41,5.7,22.4,0,863.3,74,1.8,3.9,0,0,0,0,0,0,0,279,34,34,96
ABO,2023,5,16,5,6.4,94,9,5.5,6.55,5.9,22.9,0,863.4,57,2.2,4.2,4,0,4,2,2,2,2,280,80,34,96
ABO,2023,5,16,6,6.6,91.4,8.9,5.3,6.48,5.9,22.9,0,863.3,45,2.4,6.7,66,3,66,39,43,40,37,281,100,34,96
ABO,2023,5,16,7,6.7,92,9,5.5,6.55,6.1,23.2,0.5,863.4,39,3.3,7.9,150,15,143,88,104,87,82,282,100,34,96
ABO,2023,5,16,8,6.9,89.5,8.9,5.3,6.48,6.1,23.2,0.3,863.4,43,2.6,6.8,140,1,140,82,86,85,79,283,94,34,96
ABO,2023,5,16,9,6.8,90.1,8.9,5.3,6.48,6,23.1,1.1,863.5,52,2.7,9.2,143,0,143,84,87,86,81,284,100,34,96
ABO,2023,5,16,10,6.6,90.1,8.8,5.1,6.4,5.8,22.7,2.6,863.5,43,2.8,7.7,101,0,101,59,62,61,57,282,100,34,96
ABO,2023,5,16,11,6.5,90.1,8.7,5,6.33,5.7,22.4,2.5,863.6,31,3.5,8.3,68,0,68,40,42,41,39,281,100,34,96
ABO,2023,5,16,12,6.7,92,9,5.5,6.55,6.1,23.2,1.9,863.8,48,2.7,8,315,18,299,177,183,196,179,286,100,34,96
ABO,2023,5,16,13,6.4,91.4,8.8,5.1,6.4,5.7,22.5,2.7,864.2,32,4.1,8.8,208,1,207,122,127,127,118,287,100,34,96
ABO,2023,5,16,14,6,93.3,8.7,5,6.32,5.5,21.9,1.4,864.7,40,4.4,9.3,201,0,200,118,123,122,114,286,100,34,96
ABO,2023,5,16,15,5.9,91.3,8.5,4.6,6.17,5.2,21.4,2.6,864.9,41,3.7,8.2,143,0,143,84,87,86,81,286,100,34,96
ABO,2023,5,16,16,5.7,92,8.4,4.5,6.1,5.1,21,2.3,865.2,51,2.7,7,142,0,142,84,87,86,81,285,100,34,96
ABO,2023,5,16,17,5.5,93.3,8.4,4.5,6.1,5,20.8,1.9,865.3,41,2.9,6.2,83,0,83,49,51,50,47,285,100,34,96
ABO,2023,5,16,18,5.3,93.3,8.3,4.3,6.02,4.8,20.4,2.8,865.5,43,2.6,6.4,71,0,71,46,47,47,44,285,100,34,96
ABO,2023,5,16,19,5.3,93.3,8.3,4.3,6.02,4.8,20.4,2.4,865.8,48,2.8,7.3,10,0,10,6,6,6,6,283,100,34,96
ABO,2023,5,16,20,5,93.9,8.2,4.1,5.94,4.6,19.9,1.4,866.4,43,3.7,8,0,0,0,0,0,0,0,281,100,34,96
ABO,2023,5,16,21,4.8,95.2,8.2,4.1,5.94,4.5,19.7,0.8,866.8,46,3.6,8.1,0,0,0,0,0,0,0,279,100,34,96
ABO,2023,5,16,22,4.5,92.6,7.8,3.4,5.65,4,18.7,0.1,867,38,4.2,8.3,0,0,0,0,0,0,0,276,100,34,96
ABO,2023,5,16,23,4.2,91.9,7.6,3,5.5,3.6,18,0.1,867,36,4,8.6,0,0,0,0,0,0,0,274,88,34,96
ABO,2023,5,17,0,3.9,91.9,7.4,2.7,5.35,3.3,17.3,0,867,38,4.1,7.5,0,0,0,0,0,0,0,272,94,34,96
ABO,2023,5,17,1,3.4,92.5,7.2,2.3,5.21,2.9,16.5,0,866.9,40,4.1,8,0,0,0,0,0,0,0,268,84,34,96
ABO,2023,5,17,2,3,93.8,7.1,2.1,5.14,2.6,15.9,0.4,867,32,4.2,7.7,0,0,0,0,0,0,0,270,59,34,96
ABO,2023,5,17,3,2.8,93.8,7,1.9,5.06,2.4,15.5,0.4,866.9,35,3.8,7.3,0,0,0,0,0,0,0,262,19,34,96
ABO,2023,5,17,4,2.8,93.8,7,1.9,5.06,2.4,15.5,0.1,867,34,3.5,6.5,0,0,0,0,0,0,0,265,43,34,96
ABO,2023,5,17,5,2.8,93.8,7,1.9,5.06,2.4,15.5,0.1,867.3,35,3.9,7.4,47,117,31,64,134,20,19,253,13,34,96
ABO,2023,5,17,6,2.7,94.5,7,1.9,5.06,2.3,15.4,0,867.6,38,3,6,121,81,102,87,147,63,60,251,26,34,96
ABO,2023,5,17,7,2.9,93.1,7,1.9,5.06,2.4,15.6,0,867.9,39,3,6.5,61,0,61,36,38,37,35,249,13,34,96
ABO,2023,5,17,8,3.3,91.8,7.1,2.1,5.13,2.7,16.2,0,868.2,38,3.7,8.3,260,77,214,129,212,161,125,258,46,34,96
ABO,2023,5,17,9,3.5,91.8,7.2,2.3,5.2,2.9,16.5,0,868.4,39,3.6,7.8,367,60,325,194,257,231,188,272,94,34,96
ABO,2023,5,17,10,3.4,92.5,7.2,2.3,5.2,2.9,16.4,0,868.9,39,4,7.8,329,17,315,186,205,203,180,274,100,34,96
ABO,2023,5,17,11,3.4,92.5,7.2,2.3,5.2,2.9,16.4,0,869.2,40,3.4,7.2,381,18,365,217,234,236,209,276,100,34,96
ABO,2023,5,17,12,3.5,91.8,7.2,2.3,5.19,2.9,16.5,0.1,869.3,41,3.5,7.4,287,2,284,168,174,174,162,278,100,34,96
ABO,2023,5,17,13,3.5,93.2,7.3,2.5,5.27,3,16.7,0,869.4,40,3.4,7.2,274,8,266,158,163,168,156,279,100,34,96
ABO,2023,5,17,14,3.6,92.5,7.3,2.5,5.27,3.1,16.8,0,869.4,39,3.3,6.5,41,0,41,24,25,25,23,279,100,34,96
ABO,2023,5,17,15,3.7,90.5,7.2,2.3,5.19,3,16.7,0,869.4,34,3,5.9,41,0,41,24,25,25,23,277,100,34,96
ABO,2023,5,17,16,3.7,91.8,7.3,2.5,5.27,3.1,16.9,0,869.5,40,2.5,5.9,104,0,104,61,64,63,59,278,100,34,96
ABO,2023,5,17,17,3.7,90.5,7.2,2.3,5.19,3,16.7,0,869.5,49,2.1,5,86,0,86,51,53,53,50,278,100,34,96
ABO,2023,5,17,18,3.7,90.5,7.2,2.3,5.19,3,16.7,0,869.5,58,1.6,4.1,72,0,72,44,45,45,42,278,100,34,96
ABO,2023,5,17,19,3.6,91.2,7.2,2.3,5.19,3,16.6,0,869.5,75,1.3,3.2,14,0,14,9,9,9,9,277,94,34,96
ABO,2023,5,17,20,3.7,89.3,7.1,2.1,5.12,3,16.5,0,869.7,76,1.3,2.5,0,0,0,0,0,0,0,278,100,34,96
ABO,2023,5,17,21,3.6,92.5,7.3,2.5,5.27,3.1,16.8,0,869.7,90,0.9,1.8,0,0,0,0,0,0,0,278,100,34,96
ABO,2023,5,17,22,3.6,91.2,7.2,2.3,5.19,3,16.6,0,869.6,108,0.6,1.5,0,0,0,0,0,0,0,279,90,34,96
ABO,2023,5,17,23,3.7,90.5,7.2,2.3,5.19,3,16.7,0,869.4,166,0.4,1.3,0,0,0,0,0,0,0,261,23,34,96
ABO,2023,5,18,0,3.7,91.8,7.3,2.5,5.27,3.1,16.9,0,868.8,180,0.4,0.9,0,0,0,0,0,0,0,246,13,34,96
ABO,2023,5,18,1,3.7,91.8,7.3,2.5,5.27,3.1,16.9,0,868.3,214,0.4,1,0,0,0,0,0,0,0,254,6,34,96
ABO,2023,5,18,2,3.7,91.8,7.3,2.5,5.27,3.1,16.9,0,868.1,202,0.6,1.4,0,0,0,0,0,0,0,262,0,34,96
ABO,2023,5,18,3,3.7,91.8,7.3,2.5,5.28,3.1,16.9,0,867.8,210,0.9,1.9,0,0,0,0,0,0,0,259,19,34,96
ABO,2023,5,18,4,3.6,89.9,7.1,2.1,5.13,2.9,16.5,0,867.8,207,0.6,2.1,0,0,0,0,0,0,0,265,41,34,96
ABO,2023,5,18,5,3.5,90.5,7.1,2.1,5.13,2.8,16.4,0,868.1,188,0.8,1.8,24,6,23,16,20,14,13,276,78,34,96
ABO,2023,5,18,6,4.1,83.1,6.8,1.5,4.91,2.9,16.4,0,868.3,173,1,2.3,96,42,88,66,96,54,51,275,51,34,96
ABO,2023,5,18,7,4.6,78,6.6,1.1,4.76,3,16.6,0,868.5,197,1.2,3.1,212,59,186,119,178,119,108,285,100,34,96
ABO,2023,5,18,8,5.4,77,6.9,1.7,4.98,3.7,17.9,0,868.7,172,1.2,3.3,347,118,278,168,294,214,163,288,94,34,96
ABO,2023,5,18,9,6,78.2,7.3,2.5,5.27,4.3,19.3,0,869.1,78,1.7,3.8,333,44,300,179,224,210,173,289,100,34,96
ABO,2023,5,18,10,6.6,80,7.8,3.4,5.63,5,20.8,0,869.2,71,1.9,3.3,471,100,390,234,319,310,227,292,100,34,96
ABO,2023,5,18,11,7.5,76.3,7.9,3.6,5.71,5.6,21.9,0,869.2,76,1.8,3.1,598,227,398,247,366,428,244,297,100,34,96
ABO,2023,5,18,12,7.8,77.4,8.2,4.1,5.92,5.9,22.7,0,869.4,63,3,6.5,264,6,259,153,158,162,150,297,88,34,96
ABO,2023,5,18,13,7,81.8,8.2,4.1,5.92,5.5,21.9,0,869.6,49,3.7,6.9,299,7,293,173,180,183,172,305,100,34,96
ABO,2023,5,18,14,6.5,85.8,8.3,4.3,5.99,5.4,21.6,0,869.7,48,2.9,5,311,27,289,171,177,195,186,303,100,34,96
ABO,2023,5,18,15,6.5,87,8.4,4.5,6.07,5.5,21.8,0,869.6,77,2.3,4.1,153,0,153,90,93,93,87,301,100,34,96
ABO,2023,5,18,16,6.5,87,8.4,4.5,6.07,5.5,21.8,0,869.6,80,1.8,3.6,85,0,85,50,52,52,48,299,100,34,96
ABO,2023,5,18,17,6.2,92,8.7,5,6.29,5.6,22,0.3,869.5,68,1.7,3,91,1,90,54,55,55,52,297,100,34,96
ABO,2023,5,18,18,6.1,93.3,8.8,5.1,6.36,5.6,22.1,0.3,869.6,65,1.5,2.7,19,0,19,11,12,12,11,295,100,34,96
ABO,2023,5,18,19,5.8,94.6,8.7,5,6.28,5.4,21.6,0.1,869.8,108,0.9,2.7,2,0,2,1,1,1,1,293,100,34,96
ABO,2023,5,18,20,6,90.7,8.5,4.6,6.14,5.3,21.4,0,870.2,191,0.6,1.7,0,0,0,0,0,0,0,296,100,34,96
ABO,2023,5,18,21,6,90.7,8.5,4.6,6.13,5.3,21.4,0,870.4,202,0.7,2.2,0,0,0,0,0,0,0,294,100,34,96
ABO,2023,5,18,22,5.9,91.3,8.5,4.6,6.14,5.2,21.3,0,870.2,180,0.7,1.9,0,0,0,0,0,0,0,290,94,34,96
ABO,2023,5,18,23,5.9,91.3,8.5,4.6,6.14,5.2,21.3,0,869.8,180,0.5,1.3,0,0,0,0,0,0,0,292,100,34,96
ABO,2023,5,19,0,5.8,91.3,8.4,4.5,6.07,5.1,21.1,0,869.5,210,0.8,1.7,0,0,0,0,0,0,0,290,100,34,96
ABO,2023,5,19,1,5.8,91.3,8.4,4.5,6.07,5.1,21.1,0,869,202,0.7,1.5,0,0,0,0,0,0,0,290,100,34,96
ABO,2023,5,19,2,5.7,92,8.4,4.5,6.07,5.1,21,0,868.9,214,0.5,1.5,0,0,0,0,0,0,0,290,100,34,96
ABO,2023,5,19,3,5.6,91.3,8.3,4.3,6,5,20.7,0,868.6,202,0.6,1.5,0,0,0,0,0,0,0,291,100,34,96
ABO,2023,5,19,4,5.5,89.4,8.1,3.9,5.85,4.7,20.2,0,868.6,270,0.5,1.2,0,0,0,0,0,0,0,292,100,34,96
ABO,2023,5,19,5,5.3,90.7,8.1,3.9,5.85,4.6,20,0,868.7,198,0.5,1.3,17,0,17,10,10,10,9,292,100,34,96
ABO,2023,5,19,6,6,87.6,8.2,4.1,5.93,5.1,20.9,0,868.5,135,0.5,1.3,76,8,74,46,54,45,42,293,100,34,96
ABO,2023,5,19,7,7.2,80.6,8.2,4.1,5.93,5.6,22.1,0,868.5,153,0.5,1.8,328,367,157,143,480,135,112,294,100,34,96
ABO,2023,5,19,8,8.5,74.8,8.3,4.3,6,6.4,23.6,0,868.4,104,1.3,3.2,491,441,237,162,598,294,162,296,100,34,96
ABO,2023,5,19,9,9.8,72,8.7,5,6.3,7.3,25.7,0,868.2,87,2,4.7,824,832,223,204,866,565,210,292,70,34,96
ABO,2023,5,19,10,11.2,69.8,9.3,5.9,6.74,8.3,28.2,0,867.9,83,2.7,5.6,980,896,251,235,799,730,244,292,63,34,96
ABO,2023,5,19,11,12,72.9,10.2,7.3,7.4,9.4,30.7,0,868,57,4.5,8.1,791,497,357,247,493,603,249,306,100,34,96
ABO,2023,5,19,12,11.9,73.4,10.2,7.3,7.4,9.3,30.6,0,868,55,4.1,8.7,534,134,415,252,295,364,263,311,100,34,96
ABO,2023,5,19,13,11.8,72.4,10,7,7.25,9.1,30.1,0,867.9,55,3.1,6.4,406,34,377,224,232,255,238,313,100,34,96
ABO,2023,5,19,14,10.8,76.3,9.9,6.8,7.18,8.6,28.9,0,867.8,57,3.8,6.8,323,14,312,185,191,199,189,311,100,34,96
ABO,2023,5,19,15,9.7,81.6,9.8,6.7,7.1,8.1,27.6,0,868,46,3.8,6.7,320,46,289,172,178,199,211,310,100,34,96
ABO,2023,5,19,16,8.9,86.1,9.8,6.7,7.1,7.7,26.8,0,867.9,38,3.4,5.8,110,0,110,65,67,66,62,309,100,34,96
ABO,2023,5,19,17,8.3,86.6,9.5,6.2,6.88,7.2,25.7,0,867.8,36,3,5.8,57,0,57,34,35,35,32,308,100,34,96
ABO,2023,5,19,18,7.8,92.7,9.8,6.7,7.1,7.2,25.7,0.1,867.8,40,2.6,4.8,38,0,38,22,23,23,22,307,100,34,96
ABO,2023,5,19,19,7.6,94,9.8,6.7,7.1,7.1,25.5,0.5,867.8,55,2.2,4.3,14,0,14,8,8,8,8,305,100,34,96
ABO,2023,5,19,20,7.3,96,9.8,6.7,7.1,7,25.2,0.1,867.9,80,1.2,2.9,0,0,0,0,0,0,0,301,100,34,96
ABO,2023,5,19,21,7.2,96.6,9.8,6.7,7.1,6.9,25.1,0.1,867.9,81,1.4,3.3,0,0,0,0,0,0,0,299,100,34,96
ABO,2023,5,19,22,7.2,93.4,9.5,6.2,6.89,6.7,24.5,0,867.5,143,0.5,1.4,0,0,0,0,0,0,0,300,100,34,96
ABO,2023,5,19,23,7.4,94,9.7,6.5,7.03,6.9,25.1,0,867.4,117,0.7,1.9,0,0,0,0,0,0,0,294,100,34,96
ABO,2023,5,20,0,7.3,96,9.8,6.7,7.11,7,25.2,0,867,90,0.9,1.9,0,0,0,0,0,0,0,274,71,34,96
ABO,2023,5,20,1,7.3,96,9.8,6.7,7.11,7,25.2,0,866.8,81,0.8,2.1,0,0,0,0,0,0,0,270,53,34,96
ABO,2023,5,20,2,7.2,95.3,9.7,6.5,7.04,6.8,24.9,0,866.5,69,0.9,1.9,0,0,0,0,0,0,0,277,51,34,96
ABO,2023,5,20,3,7.2,93.4,9.5,6.2,6.9,6.7,24.6,0,866.2,67,1.1,2.3,0,0,0,0,0,0,0,260,40,34,96
ABO,2023,5,20,4,6.9,92.7,9.2,5.8,6.68,6.3,23.7,0,866.2,58,1.4,2.8,0,0,0,0,0,0,0,271,55,34,96
ABO,2023,5,20,5,7,90.2,9,5.5,6.53,6.2,23.4,0,866.2,218,1.3,2.7,58,174,33,89,191,22,22,281,63,34,96
ABO,2023,5,20,6,7.3,90.2,9.2,5.8,6.68,6.5,24.1,0,865.9,191,1.2,3,187,272,107,145,350,71,70,294,94,34,96
ABO,2023,5,20,7,7.8,85.4,9,5.5,6.54,6.6,24.3,0,865.4,180,1.3,3.2,425,652,148,205,775,135,120,294,84,34,96
ABO,2023,5,20,8,9.4,83.2,9.8,6.7,7.13,7.9,27.4,0,865.3,74,1.4,3.8,374,193,255,161,351,232,158,300,100,34,96
ABO,2023,5,20,9,9.8,79.9,9.7,6.5,7.05,8,27.6,0,865.4,73,1.6,3.8,328,84,270,162,249,208,158,306,100,34,96
ABO,2023,5,20,10,10.4,77.8,9.8,6.7,7.12,8.4,28.4,0,865.4,63,1.6,3.8,420,69,363,217,275,272,210,312,100,34,96
ABO,2023,5,20,11,11.9,69.5,9.7,6.5,7.05,8.9,29.7,0,865.2,94,1.5,3.6,699,355,387,251,429,517,250,315,94,34,96
ABO,2023,5,20,12,12.7,70.1,10.3,7.4,7.49,9.7,31.7,0,865.2,65,3.1,6.1,727,470,309,242,250,522,346,323,100,34,96
ABO,2023,5,20,13,12.6,76.6,11.2,8.6,8.16,10.3,33.3,0,865.2,59,3.7,8.3,695,340,400,255,257,511,455,324,100,34,96
ABO,2023,5,20,14,11.9,79.1,11,8.4,8.01,9.9,32.2,0,865.3,66,2.5,5.7,561,221,387,237,242,387,416,323,100,34,96
ABO,2023,5,20,15,11.5,81.2,11,8.4,8.01,9.7,31.8,0,865.3,62,2.7,6.3,434,167,316,194,198,285,346,321,100,34,96
ABO,2023,5,20,16,11.1,84.6,11.2,8.6,8.16,9.7,31.7,0,865.4,66,2.4,5.3,281,64,245,147,151,171,208,319,100,34,96
ABO,2023,5,20,17,10.4,85.6,10.8,8.1,7.86,9.1,30.2,0,865.7,51,2.8,5.9,142,20,134,84,82,82,98,317,100,34,96
ABO,2023,5,20,18,10.1,88,10.9,8.2,7.93,9,30.1,0,865.6,83,1.4,4.2,71,0,71,53,54,54,52,312,94,34,96
ABO,2023,5,20,19,10.1,87.4,10.8,8.1,7.86,9,29.9,0,865.8,180,0.9,2.5,16,0,16,9,10,10,9,313,100,34,96
ABO,2023,5,20,20,9.8,86.2,10.4,7.6,7.56,8.6,28.9,0,866.1,254,1.1,3.1,0,0,0,0,0,0,0,310,100,34,96
ABO,2023,5,20,21,9.4,84.9,10,7,7.27,8.1,27.7,0,866.1,247,1.4,4.8,0,0,0,0,0,0,0,307,100,34,96
ABO,2023,5,20,22,9.1,84.9,9.8,6.7,7.12,7.8,27.1,0,865.5,261,1.2,3.4,0,0,0,0,0,0,0,304,100,34,96
ABO,2023,5,20,23,8.9,82.6,9.4,6.1,6.83,7.4,26.1,0,865.1,270,1.5,3.9,0,0,0,0,0,0,0,300,100,34,96
ABO,2023,5,21,0,9,80.3,9.2,5.8,6.69,7.3,25.9,0,865.1,252,1.9,4,0,0,0,0,0,0,0,301,100,34,96
ABO,2023,5,21,1,9.1,78.2,9,5.5,6.54,7.2,25.6,0,864.6,257,1.7,3.8,0,0,0,0,0,0,0,302,100,34,96
ABO,2023,5,21,2,8.9,79.2,9,5.5,6.54,7.1,25.4,0,864.4,264,1.7,4.6,0,0,0,0,0,0,0,300,100,34,96
ABO,2023,5,21,3,9.4,75.5,8.9,5.3,6.47,7.2,25.7,0,864.2,256,1.5,3.4,0,0,0,0,0,0,0,301,100,34,96
ABO,2023,5,21,4,8.9,77,8.8,5.1,6.4,6.9,25,0,864.4,240,1.2,3.3,0,0,0,0,0,0,0,303,100,34,96
ABO,2023,5,21,5,9.2,76.6,8.9,5.3,6.47,7.2,25.5,0,864.6,270,1.5,4.1,4,0,4,2,2,2,2,306,100,34,96
ABO,2023,5,21,6,11,71.7,9.4,6.1,6.84,8.3,28.3,0,864.6,270,1.1,2.9,118,82,92,79,144,57,55,305,94,34,96
ABO,2023,5,21,7,12.3,67.7,9.7,6.5,7.06,9.1,30.2,0,864.8,153,0.8,2.2,442,663,154,214,794,140,123,303,88,34,96
ABO,2023,5,21,8,13.5,60.9,9.4,6.1,6.83,9.4,30.8,0,864.9,99,1,2.5,531,590,188,156,697,291,158,316,100,34,96
ABO,2023,5,21,9,14.4,53.6,8.8,5.1,6.39,9.3,30.6,0,865.1,127,1.2,2.8,612,444,286,200,570,417,201,318,100,34,96
ABO,2023,5,21,10,16.3,50.1,9.3,5.9,6.76,10.5,33.5,0,865.2,85,2.3,4.6,640,332,372,239,491,453,237,325,100,34,96
ABO,2023,5,21,11,18,47.9,9.9,6.8,7.2,11.6,36.3,0,865.1,78,2.6,5,796,514,344,244,483,602,247,329,100,34,96
ABO,2023,5,21,12,18.3,48.6,10.2,7.3,7.42,11.9,37.2,0,865.3,53,3.6,6.6,866,646,288,240,321,655,364,332,100,34,96
ABO,2023,5,21,13,18,54.1,11.2,8.6,8.16,12.4,38.8,0,865.4,57,3.5,6.9,814,595,302,238,235,602,541,334,100,34,96
ABO,2023,5,21,14,18.9,51.2,11.2,8.6,8.15,12.8,39.7,0,865.5,53,3.6,6.9,754,609,266,215,212,538,627,333,100,34,96
ABO,2023,5,21,15,19.1,46.3,10.2,7.3,7.42,12.2,38,0,865.5,50,3.5,7.5,590,519,242,190,189,362,627,323,88,34,96
ABO,2023,5,21,16,18.7,48.7,10.5,7.7,7.64,12.3,38.2,0,865.7,67,2.7,6.1,460,442,215,150,150,260,589,333,100,34,96
ABO,2023,5,21,17,17.3,57.4,11.3,8.8,8.22,12.3,38.2,0,865.9,39,4,7,216,147,152,134,105,105,259,327,94,34,96
ABO,2023,5,21,18,15.9,65.3,11.8,9.4,8.59,12,37.7,0,866.4,57,1.9,4.9,62,0,62,50,51,51,50,327,88,34,96
ABO,2023,5,21,19,14.9,70.1,11.9,9.5,8.66,11.7,36.9,0,866.4,225,1,2.9,15,0,15,9,9,9,9,330,100,34,96
ABO,2023,5,21,20,13.3,74.2,11.3,8.8,8.21,10.7,34.1,0,867.2,243,0.7,2.6,0,0,0,0,0,0,0,319,88,34,96
ABO,2023,5,21,21,12.5,75,10.9,8.2,7.92,10.1,32.5,0,867.4,270,0.6,2.1,0,0,0,0,0,0,0,316,94,34,96
ABO,2023,5,21,22,12,77,10.8,8.1,7.84,9.8,31.8,0,867.6,56,1.2,4.2,0,0,0,0,0,0,0,298,69,34,96
ABO,2023,5,21,23,11.3,78.5,10.5,7.7,7.62,9.3,30.6,0,868.1,346,0.9,2.6,0,0,0,0,0,0,0,292,59,34,96
ABO,2023,5,22,0,10.5,82.2,10.4,7.6,7.54,8.9,29.6,0,867.9,248,0.9,2.6,0,0,0,0,0,0,0,263,13,34,96
ABO,2023,5,22,1,9.6,85.6,10.2,7.3,7.4,8.3,28.3,0,867.5,297,1.1,2.8,0,0,0,0,0,0,0,255,0,28,96
ABO,2023,5,22,2,9.2,84.9,9.9,6.8,7.18,7.9,27.3,0,867.4,239,1.2,3.4,0,0,0,0,0,0,0,256,0,28,96
ABO,2023,5,22,3,9.1,84.9,9.8,6.7,7.11,7.8,27,0,867.3,259,1.1,2.9,0,0,0,0,0,0,0,258,0,28,96
ABO,2023,5,22,4,9.2,81.5,9.5,6.2,6.89,7.6,26.6,0,867.3,243,1.1,3.9,0,0,0,0,0,0,0,259,0,28,96
ABO,2023,5,22,5,9.4,80.4,9.5,6.2,6.89,7.7,26.8,0,867.6,207,0.9,3.9,63,194,34,97,210,22,22,260,19,28,96
ABO,2023,5,22,6,11.6,73.3,10,7,7.25,9.1,29.9,0,867.7,208,1.7,3.8,245,616,74,225,669,57,58,261,0,28,96
ABO,2023,5,22,7,13.9,64.8,10.3,7.4,7.47,10.2,32.9,0,867.7,186,1.1,2.1,429,738,105,172,810,110,95,263,29,28,96
ABO,2023,5,22,8,16.2,51.1,9.4,6.1,6.81,10.5,33.5,0,867.7,162,1.3,2.7,585,746,145,127,800,296,130,268,6,28,96
ABO,2023,5,22,9,18.2,42.6,8.9,5.3,6.45,11,34.6,0,867.4,113,1.9,5.1,747,818,155,154,767,457,159,253,0,28,96
ABO,2023,5,22,10,19.3,43.8,9.8,6.7,7.11,12,37.4,0,867.5,62,3.5,6.5,892,904,151,177,666,597,184,252,25,28,96
ABO,2023,5,22,11,18.7,50.4,10.9,8.2,7.91,12.5,38.9,0,867.6,50,4.3,7.9,948,872,182,193,491,670,199,286,39,28,96
ABO,2023,5,22,12,19.1,50.5,11.2,8.6,8.14,12.8,39.8,0,867.5,44,4.1,8.2,699,330,403,238,310,485,287,330,69,28,96
ABO,2023,5,22,13,18.2,50.3,10.5,7.7,7.62,12.1,37.6,0,867.7,40,4,7.7,542,199,366,210,214,362,312,337,94,28,96
ABO,2023,5,22,14,18.1,50.3,10.4,7.6,7.55,12,37.3,0,867.4,61,2.6,5.5,523,200,365,207,212,338,370,331,88,28,96
ABO,2023,5,22,15,18.9,46.8,10.2,7.3,7.4,12.1,37.8,0,867.1,56,2.6,7.2,516,365,274,172,174,305,494,312,78,28,96
ABO,2023,5,22,16,18.9,49.5,10.8,8.1,7.85,12.5,38.9,0,867,45,3.1,6.4,483,525,187,128,128,247,632,312,64,28,96
ABO,2023,5,22,17,18.6,47.7,10.2,7.3,7.4,12,37.5,0,867,38,3.3,6.9,221,169,151,137,100,100,277,290,65,28,96
ABO,2023,5,22,18,17.3,51.8,10.2,7.3,7.4,11.5,36.1,0,867.6,5,2.5,5.1,60,0,60,51,52,52,51,275,50,28,96
ABO,2023,5,22,19,16.5,57.5,10.8,8.1,7.84,11.6,36.4,0,868.1,25,1.7,5.1,10,0,10,8,8,8,8,304,84,28,96
ABO,2023,5,22,20,15,63.3,10.8,8.1,7.83,11,34.9,0,868.4,194,0.8,2.1,0,0,0,0,0,0,0,293,29,28,96
ABO,2023,5,22,21,14.2,69,11.2,8.6,8.12,11,34.8,0,869.1,191,0.8,2.1,0,0,0,0,0,0,0,303,13,28,96
ABO,2023,5,22,22,13.7,70.3,11,8.4,7.97,10.6,33.9,0,869.3,219,1,2.6,0,0,0,0,0,0,0,306,56,28,96
ABO,2023,5,22,23,12.7,78.2,11.5,9,8.34,10.6,33.8,0,869.3,270,0.9,2.8,0,0,0,0,0,0,0,291,33,28,96
ABO,2023,5,23,0,12.1,80.8,11.4,8.9,8.27,10.3,33,0,869,180,0.9,2.5,0,0,0,0,0,0,0,283,29,28,96
ABO,2023,5,23,1,11.7,81.3,11.2,8.6,8.12,9.9,32.2,0,868.7,270,0.9,2.8,0,0,0,0,0,0,0,267,20,28,96
ABO,2023,5,23,2,11,82.3,10.8,8.1,7.83,9.4,30.8,0,868.5,270,0.9,3.7,0,0,0,0,0,0,0,264,0,28,96
ABO,2023,5,23,3,10.6,82.2,10.5,7.7,7.61,9,29.8,0,868.6,27,1,2.9,0,0,0,0,0,0,0,266,0,28,96
ABO,2023,5,23,4,10,83.3,10.2,7.3,7.39,8.5,28.7,0,868.6,352,1,2.7,0,0,0,0,0,0,0,267,0,28,96
ABO,2023,5,23,5,10.2,82.2,10.2,7.3,7.39,8.6,28.9,0,868.9,198,0.6,2.1,64,176,37,91,194,23,22,274,29,28,96
ABO,2023,5,23,6,11.9,74.9,10.4,7.6,7.54,9.5,31,0,868.9,204,1.1,2.8,227,501,87,201,561,59,59,281,29,28,96
ABO,2023,5,23,7,13.3,70.2,10.7,8,7.75,10.3,32.9,0,869.1,162,1,2.4,459,770,118,187,853,115,99,287,36,28,96
ABO,2023,5,23,8,14.5,69.5,11.5,9,8.34,11.3,35.7,0,869,104,1.4,3,625,817,141,127,862,307,131,286,25,28,96
ABO,2023,5,23,9,16.5,65,12.2,9.9,8.86,12.5,39,0,869.1,78,3.2,6.5,685,632,229,162,678,430,164,281,41,28,96
ABO,2023,5,23,10,15.8,71.2,12.8,10.6,9.3,12.7,39.4,0,869.1,57,3.6,8,735,545,291,195,555,494,195,306,71,28,96
ABO,2023,5,23,11,15.9,72.2,13,10.9,9.44,12.9,39.9,0,869.3,42,4.6,8.4,432,60,380,210,255,261,202,317,94,28,96
ABO,2023,5,23,12,15.7,71.7,12.8,10.6,9.3,12.6,39.3,0,869.2,62,2.9,7.7,396,24,375,207,221,232,201,314,100,28,96
ABO,2023,5,23,13,15.5,72.6,12.8,10.6,9.3,12.5,39.1,0,868.9,163,1.5,3.3,803,616,271,201,199,549,495,321,74,28,96
ABO,2023,5,23,14,17.5,61,12.2,9.9,8.86,12.9,40,0,868.4,62,2.7,6.3,847,861,155,167,162,549,691,311,60,28,96
ABO,2023,5,23,15,16.9,61.3,11.8,9.4,8.57,12.4,38.7,0,868.5,38,3.2,6.6,641,606,222,157,155,386,672,324,71,28,96
ABO,2023,5,23,16,16.1,69.9,12.8,10.6,9.3,12.8,39.7,0,868.5,40,3.7,7.4,205,55,172,95,98,118,148,329,88,28,96
ABO,2023,5,23,17,14,78.4,12.5,10.3,9.08,11.8,37,1.2,868.8,336,2.2,6.6,221,144,164,127,97,97,242,322,100,28,96
ABO,2023,5,23,18,12.5,87.6,12.7,10.5,9.23,11.3,35.8,0.8,869,252,1.1,3.5,68,0,68,53,53,53,52,326,100,28,96
ABO,2023,5,23,19,12.2,87.6,12.4,10.2,9.01,11,35,0.1,868.7,207,1.2,3.9,19,0,19,12,12,12,11,308,79,28,96
ABO,2023,5,23,20,11.7,89.3,12.3,10,8.93,10.7,34.3,0,869.3,135,0.7,2.1,0,0,0,0,0,0,0,322,90,28,96
ABO,2023,5,23,21,11.5,88.7,12,9.7,8.7,10.5,33.5,0,869.7,219,0.8,2,0,0,0,0,0,0,0,323,100,28,96
ABO,2023,5,23,22,11.1,89.3,11.8,9.4,8.56,10.1,32.7,0,869.6,207,0.9,2.7,0,0,0,0,0,0,0,311,66,28,96
ABO,2023,5,23,23,11.1,89.3,11.8,9.4,8.56,10.1,32.7,0,869.2,221,1.2,3,0,0,0,0,0,0,0,277,13,28,96
ABO,2023,5,24,0,10.8,90.4,11.7,9.3,8.49,9.9,32.2,0,869.1,108,0.6,1.5,0,0,0,0,0,0,0,269,0,28,96
ABO,2023,5,24,1,10.7,91.7,11.8,9.4,8.56,10,32.3,0,868.8,191,0.8,1.8,0,0,0,0,0,0,0,267,0,27,96
ABO,2023,5,24,2,10.8,88.6,11.5,9,8.35,9.8,31.9,0,868.6,180,0.5,1.6,0,0,0,0,0,0,0,267,0,27,96
ABO,2023,5,24,3,10.5,89.8,11.4,8.9,8.27,9.6,31.4,0.1,868.3,153,0.5,1.6,0,0,0,0,0,0,0,267,6,27,96
ABO,2023,5,24,4,10.1,88,10.9,8.2,7.91,9,30.1,0,868.4,207,1,2.4,0,0,0,0,0,0,0,279,59,27,96
ABO,2023,5,24,5,9.8,89.1,10.8,8.1,7.83,8.9,29.6,0,868.5,117,0.7,1.5,13,2,12,8,9,7,7,310,100,27,96
ABO,2023,5,24,6,10.2,89.8,11.2,8.6,8.13,9.3,30.7,0,868.4,124,0.6,1.8,98,80,73,65,126,42,40,304,88,27,96
ABO,2023,5,24,7,11,89.9,11.8,9.4,8.57,10.1,32.6,0,868.6,90,1.3,3.2,167,61,142,93,146,81,76,308,88,27,96
ABO,2023,5,24,8,11.4,92.3,12.4,10.2,9.01,10.7,34.2,0,868.5,74,1.8,3.1,238,107,176,99,209,133,96,313,94,27,96
ABO,2023,5,24,9,12.2,89.3,12.7,10.5,9.23,11.2,35.6,0,868.5,69,2.3,5.7,327,41,296,163,206,191,156,316,94,27,96
ABO,2023,5,24,10,12.7,86.5,12.7,10.5,9.23,11.4,36.1,0,868.5,68,3.6,6.6,204,0,204,112,117,116,107,313,100,27,96
ABO,2023,5,24,11,11.4,91.1,12.3,10,8.94,10.6,34,0.2,868.5,47,3.5,7.1,131,1,130,71,75,74,68,322,100,27,96
ABO,2023,5,24,12,10.8,94.8,12.3,10,8.94,10.3,33.4,1.3,868.5,46,3,6,180,1,178,98,102,102,94,318,100,27,96
ABO,2023,5,24,13,10.6,92.3,11.8,9.4,8.57,9.9,32.2,2.4,868.6,44,3.1,5.9,72,0,72,39,41,41,38,325,100,27,96
ABO,2023,5,24,14,10.2,94.1,11.7,9.3,8.49,9.7,31.6,4.5,868.6,51,2.9,6.6,127,0,127,70,73,72,67,323,100,27,96
ABO,2023,5,24,15,9.6,93.5,11.2,8.6,8.13,9,30.1,1.4,868.6,36,3.8,7.8,80,0,80,44,46,45,42,320,100,27,96
ABO,2023,5,24,16,9.4,92.2,10.9,8.2,7.91,8.7,29.3,1.5,868.5,45,2.7,6.2,77,0,77,42,44,44,40,318,100,27,96
ABO,2023,5,24,17,9.2,93.5,10.9,8.2,7.91,8.6,29.2,0,868.2,55,2.6,4.8,53,0,53,29,30,30,28,315,100,27,96
ABO,2023,5,24,18,8.9,94.1,10.7,8,7.76,8.4,28.5,0,868.4,35,3.2,5.8,23,0,23,13,13,13,12,306,100,27,96
ABO,2023,5,24,19,8.6,92.2,10.3,7.4,7.47,7.9,27.4,0,868.4,35,3.3,6.5,2,0,2,1,1,1,1,310,100,27,96
ABO,2023,5,24,20,8.3,91.5,10,7,7.25,7.6,26.6,0.2,868.4,34,2.8,5.4,0,0,0,0,0,0,0,294,71,27,96
ABO,2023,5,24,21,8.1,92.8,10,7,7.25,7.5,26.4,0.1,868.4,45,2.7,5.3,0,0,0,0,0,0,0,283,68,27,96
ABO,2023,5,24,22,7.9,92.7,9.9,6.8,7.17,7.3,26,0.2,868.2,40,2.6,5.7,0,0,0,0,0,0,0,284,68,27,96
ABO,2023,5,24,23,7.8,94.7,10,7,7.25,7.4,26.1,0.2,867.8,62,1.5,3,0,0,0,0,0,0,0,294,84,27,96
ABO,2023,5,25,0,7.7,95.3,10,7,7.25,7.3,26,0.1,867.5,66,1.3,2.9,0,0,0,0,0,0,0,301,100,27,96
ABO,2023,5,25,1,7.5,95.3,9.9,6.8,7.18,7.1,25.6,0.2,867.2,49,2.2,4.5,0,0,0,0,0,0,0,301,100,24,96
ABO,2023,5,25,2,7,94,9.4,6.1,6.82,6.5,24.2,1.2,867.1,53,2.1,4.6,0,0,0,0,0,0,0,300,100,24,96
ABO,2023,5,25,3,6.6,95.3,9.3,5.9,6.74,6.2,23.6,0.3,867.1,98,0.8,1.7,0,0,0,0,0,0,0,303,100,24,96
ABO,2023,5,25,4,6.7,94.6,9.3,5.9,6.74,6.3,23.7,0.5,867.2,81,0.7,1.8,0,0,0,0,0,0,0,305,100,24,96
ABO,2023,5,25,5,7.1,92.1,9.3,5.9,6.74,6.5,24.1,0.7,867.6,198,0.7,1.5,36,53,27,35,68,15,14,305,100,24,96
ABO,2023,5,25,6,8.1,89.6,9.7,6.5,7.03,7.2,25.8,0,867.9,162,0.8,2.6,196,352,86,145,407,52,52,296,71,24,96
ABO,2023,5,25,7,9.3,83.8,9.8,6.7,7.1,7.9,27.2,0,868.3,157,1.4,3.4,381,533,142,156,621,110,91,289,53,24,96
ABO,2023,5,25,8,10.3,78.3,9.8,6.7,7.1,8.3,28.2,0,868.9,162,1.4,3,611,822,119,110,832,275,113,289,29,24,96
ABO,2023,5,25,9,11.5,69.4,9.4,6.1,6.8,8.6,28.7,0,869.4,162,1.4,3.4,731,784,164,138,732,421,142,293,39,24,96
ABO,2023,5,25,10,13.9,68,10.8,8.1,7.82,10.6,33.7,0,869.6,77,3.1,8.6,849,810,182,155,620,549,160,298,45,24,96
ABO,2023,5,25,11,10.6,87.4,11.2,8.6,8.11,9.5,31.1,0,870.6,62,2.8,8,536,150,405,215,310,333,207,316,100,24,96
ABO,2023,5,25,12,13.7,72.3,11.3,8.8,8.17,10.9,34.4,0,871.3,80,3.1,6.4,838,643,260,187,234,565,284,286,60,24,96
ABO,2023,5,25,13,15.4,61.3,10.7,8,7.73,11.1,35,0,871.4,75,2.7,5.9,968,961,129,163,156,633,518,257,25,24,96
ABO,2023,5,25,14,16.1,62.7,11.5,9,8.32,11.9,37.2,0,871.4,74,3.7,6.7,852,871,151,150,145,531,678,252,25,24,96
ABO,2023,5,25,15,16.4,65.4,12.2,9.9,8.83,12.5,38.8,0,871.7,65,3.5,7.1,718,829,137,129,125,393,779,252,19,24,96
ABO,2023,5,25,16,15.3,70.6,12.3,10,8.9,12.1,37.9,0,872,59,4,7.9,590,844,115,105,102,240,875,241,0,24,96
ABO,2023,5,25,17,13.5,78.8,12.2,9.9,8.82,11.4,35.8,0,872.5,54,3.2,6.1,347,571,103,176,79,80,652,253,19,24,96
ABO,2023,5,25,18,12.3,83,11.9,9.5,8.6,10.7,34.1,0,872.9,63,2.3,4.8,77,0,77,53,54,54,51,242,13,24,96
ABO,2023,5,25,19,11.8,85.8,11.9,9.5,8.59,10.5,33.5,0,873.3,68,1.7,3.8,25,0,25,15,15,15,14,247,6,24,96
ABO,2023,5,25,20,11.5,88.7,12,9.7,8.66,10.5,33.4,0,873.8,68,1.7,3.8,0,0,0,0,0,0,0,256,0,24,96
ABO,2023,5,25,21,11.2,89.3,11.9,9.5,8.59,10.2,32.9,0,873.7,158,0.6,1.6,0,0,0,0,0,0,0,282,23,24,96
ABO,2023,5,25,22,11,86.3,11.3,8.8,8.15,9.7,31.6,0,873.8,194,0.9,2.8,0,0,0,0,0,0,0,286,44,24,96
ABO,2023,5,25,23,10.2,86.8,10.8,8.1,7.78,9,29.9,0,873.7,180,0.7,2.2,0,0,0,0,0,0,0,262,6,24,96
ABO,2023,5,26,0,8.9,87.9,10,7,7.2,7.9,27.1,0,873.4,270,0.6,1.5,0,0,0,0,0,0,0,258,0,24,96
ABO,2023,5,26,1,8.4,89,9.8,6.7,7.06,7.5,26.2,0,873.1,333,0.8,2.4,0,0,0,0,0,0,0,256,0,23,96
ABO,2023,5,26,2,8.7,83.7,9.4,6.1,6.77,7.3,25.8,0,873,315,0.6,1.5,0,0,0,0,0,0,0,257,0,23,96
ABO,2023,5,26,3,8.7,82,9.2,5.8,6.63,7.2,25.4,0,872.9,315,0.7,1.9,0,0,0,0,0,0,0,258,0,23,96
ABO,2023,5,26,4,8.5,81.4,9,5.5,6.48,6.9,24.8,0,873.1,304,0.6,1.3,0,0,0,0,0,0,0,258,0,23,96
ABO,2023,5,26,5,8.1,82.5,8.9,5.3,6.41,6.6,24.2,0,873.1,225,0.9,2.8,70,216,36,107,229,22,21,259,0,23,96
ABO,2023,5,26,6,10.2,76.2,9.5,6.2,6.84,8,27.5,0,873.2,191,0.7,2.4,245,600,75,219,643,48,49,260,0,23,96
ABO,2023,5,26,7,11.8,71.4,9.9,6.8,7.13,9,29.8,0,873.6,128,1.3,2.6,432,754,95,156,801,93,77,262,0,23,96
ABO,2023,5,26,8,13.7,71.3,11.2,8.6,8.08,10.8,34.2,0,873.7,118,1.8,3.9,602,799,124,103,808,265,106,248,0,23,96
ABO,2023,5,26,9,15.9,60.2,10.9,8.2,7.86,11.4,35.9,0,873.6,87,2.2,4.9,750,822,152,126,743,421,130,232,0,23,96
ABO,2023,5,26,10,17.1,60.9,11.9,9.5,8.59,12.6,38.9,0,873.8,69,3.8,7.7,880,892,143,142,623,544,147,234,0,23,96
ABO,2023,5,26,11,17.6,66.1,13.3,11.2,9.61,13.7,42.1,0,873.7,56,4.5,7.8,970,959,121,151,434,623,157,236,0,23,96
ABO,2023,5,26,12,17.9,64.4,13.2,11.1,9.54,13.7,42.2,0,873.7,46,4.2,8,982,941,134,154,210,644,249,239,0,23,96
ABO,2023,5,26,13,19,60.5,13.3,11.2,9.62,14.2,43.5,0,873.6,46,4.2,7.9,943,915,143,150,145,608,495,241,19,23,96
ABO,2023,5,26,14,19.1,59.8,13.2,11.1,9.54,14.1,43.4,0,873.6,40,4.6,8.5,817,776,189,146,143,507,628,283,43,23,96
ABO,2023,5,26,15,19.5,57.5,13,10.9,9.4,14.2,43.5,0,873.4,44,4.4,9.5,497,244,324,166,171,292,393,296,60,23,96
ABO,2023,5,26,16,18.9,58.5,12.8,10.6,9.25,13.8,42.5,0,873.3,42,4.3,9,201,28,184,95,99,109,119,305,94,23,96
ABO,2023,5,26,17,17.9,61.9,12.7,10.5,9.18,13.4,41.3,0,873.2,38,3.5,7,109,9,105,56,57,56,61,297,100,23,96
ABO,2023,5,26,18,17.1,66.9,13,10.9,9.4,13.3,41,0,873.5,29,3.7,7.8,48,0,48,25,26,26,24,295,100,23,96
ABO,2023,5,26,19,16,70.3,12.8,10.6,9.25,12.7,39.5,0,873.7,7,2,6.1,12,0,12,7,7,7,6,304,94,23,96
ABO,2023,5,26,20,14.8,76.4,12.9,10.7,9.32,12.3,38.4,0,873.8,153,0.6,1.8,0,0,0,0,0,0,0,315,100,23,96
ABO,2023,5,26,21,14.2,81.6,13.2,11.1,9.54,12.3,38.4,0,873.9,198,0.8,2,0,0,0,0,0,0,0,304,69,23,96
ABO,2023,5,26,22,13.8,82.6,13,10.9,9.39,12.1,37.6,0,873.9,198,0.7,1.9,0,0,0,0,0,0,0,275,13,23,96
ABO,2023,5,26,23,13.3,84.2,12.9,10.7,9.32,11.7,36.9,0,873.9,207,0.6,1.3,0,0,0,0,0,0,0,264,0,23,96
ABO,2023,5,27,0,12.6,83.6,12.2,9.9,8.81,11,34.9,0,873.4,297,0.6,1.8,0,0,0,0,0,0,0,259,0,23,96
ABO,2023,5,27,1,11.7,85.2,11.7,9.3,8.45,10.3,33.1,0,873.1,297,0.5,1.4,0,0,0,0,0,0,0,257,0,23,96
ABO,2023,5,27,2,10.7,86.8,11.2,8.6,8.09,9.5,31.1,0,872.7,315,0.4,1.2,0,0,0,0,0,0,0,258,0,23,96
ABO,2023,5,27,3,10.3,86.2,10.8,8.1,7.8,9.1,30,0,872.5,243,0.5,1.2,0,0,0,0,0,0,0,259,0,23,96
ABO,2023,5,27,4,10,87.4,10.7,8,7.72,8.9,29.5,0,872.3,333,0.5,1.3,0,0,0,0,0,0,0,261,0,23,96
ABO,2023,5,27,5,10.1,85,10.5,7.7,7.58,8.8,29.2,0,872.4,0,0.6,1.9,71,212,37,107,226,22,22,262,6,23,96
ABO,2023,5,27,6,12.2,76.5,10.9,8.2,7.87,9.9,32.1,0,872.4,202,1.2,3.3,248,609,73,221,650,48,50,266,0,23,96
ABO,2023,5,27,7,14.3,66.3,10.8,8.1,7.8,10.7,34.1,0,872.1,180,1,2.4,432,749,96,158,796,91,78,266,0,23,96
ABO,2023,5,27,8,16.2,64,11.8,9.4,8.53,12.2,37.9,0,871.9,87,2.1,4.3,609,828,113,102,825,259,105,253,0,23,96
ABO,2023,5,27,9,17.5,61,12.2,9.9,8.83,12.9,40,0,871.4,86,3,5.5,770,894,117,123,766,415,128,238,0,23,96
ABO,2023,5,27,10,18.5,58.8,12.5,10.3,9.05,13.5,41.6,0,871.4,56,4.5,9.1,847,800,188,148,614,531,152,263,35,23,96
ABO,2023,5,27,11,18.5,60,12.8,10.6,9.27,13.7,42.1,0,871.4,56,4.6,8.6,652,291,394,208,365,416,202,281,65,23,96
ABO,2023,5,27,12,19,63,13.8,11.8,10.01,14.5,44.5,0,871.1,50,4,8.4,666,391,312,174,263,441,199,296,74,23,96
ABO,2023,5,27,13,18.2,66.7,13.9,11.9,10.09,14.3,43.9,0.1,871.1,45,4.1,7.9,427,55,379,195,204,243,223,330,94,23,96
ABO,2023,5,27,14,17.3,72,14.2,12.2,10.31,14.1,43.5,2,870.9,48,3.1,6.7,133,0,133,69,72,71,65,335,100,23,96
ABO,2023,5,27,15,17.5,66.5,13.3,11.2,9.65,13.6,42,0,870.6,63,1.5,3.7,95,0,95,49,52,51,47,340,100,23,96
ABO,2023,5,27,16,16.7,70.4,13.4,11.3,9.72,13.4,41.4,0,871,220,2.1,6.5,50,0,50,26,27,27,25,339,100,23,96
ABO,2023,5,27,17,16.2,64,11.8,9.4,8.55,12.2,37.9,0,870.6,204,2.6,7.1,80,6,78,42,42,42,45,338,100,23,96
ABO,2023,5,27,18,16,67.5,12.3,10,8.91,12.4,38.6,0,870.6,203,1.6,4.3,88,0,88,49,51,51,47,337,100,23,96
ABO,2023,5,27,19,15,72,12.3,10,8.91,12,37.6,0,870.8,194,0.7,2.8,22,0,22,15,15,15,14,334,94,23,96
ABO,2023,5,27,20,14,76.8,12.3,10,8.91,11.6,36.6,0,871,252,0.6,1.6,0,0,0,0,0,0,0,330,100,23,96
ABO,2023,5,27,21,13.3,79.9,12.2,9.9,8.84,11.3,35.7,0,871.1,225,0.7,2.1,0,0,0,0,0,0,0,309,61,23,96
ABO,2023,5,27,22,13.2,78.3,11.9,9.5,8.62,11,35,0,870.7,236,0.7,2.2,0,0,0,0,0,0,0,293,46,23,96
ABO,2023,5,27,23,12.7,79.8,11.7,9.3,8.47,10.7,34.2,0,870.5,236,0.7,2.9,0,0,0,0,0,0,0,299,71,23,96
ABO,2023,5,28,0,12.1,83,11.7,9.3,8.48,10.5,33.6,0,869.9,217,1,3,0,0,0,0,0,0,0,286,68,23,96
ABO,2023,5,28,1,12.1,81.3,11.5,9,8.34,10.3,33.2,0,869.2,333,0.5,1.2,0,0,0,0,0,0,0,281,50,23,96
ABO,2023,5,28,2,11.5,82.3,11.2,8.6,8.12,9.8,32,0,869.3,315,0.6,2.3,0,0,0,0,0,0,0,276,35,23,96
ABO,2023,5,28,3,10.4,83.3,10.5,7.7,7.61,8.9,29.6,0,869.1,270,0.5,1.3,0,0,0,0,0,0,0,262,0,23,96
ABO,2023,5,28,4,10.3,83.3,10.4,7.6,7.54,8.8,29.3,0,868.7,297,0.4,1.3,0,0,0,0,0,0,0,268,23,23,96
ABO,2023,5,28,5,11,79.5,10.4,7.6,7.54,9.1,30,0,868.9,333,0.5,1.2,70,178,43,98,197,25,24,285,29,23,96
ABO,2023,5,28,6,12,77,10.8,8.1,7.83,9.8,31.8,0,869.1,135,0.5,1.7,197,303,113,160,371,61,59,292,50,23,96
ABO,2023,5,28,7,14.1,67.1,10.8,8.1,7.83,10.7,34,0,869.1,135,1,2.7,297,260,186,147,372,111,96,300,68,23,96
ABO,2023,5,28,8,15.8,63.5,11.4,8.9,8.27,11.7,36.8,0,868.9,90,2.3,5.1,303,153,213,114,266,156,110,314,75,23,96
ABO,2023,5,28,9,16.9,61.3,11.8,9.4,8.56,12.4,38.7,0,868.8,71,3.3,6.3,426,152,319,166,316,243,160,303,81,23,96
ABO,2023,5,28,10,16.6,62.4,11.8,9.4,8.56,12.3,38.4,0,868.8,56,3.5,6.6,452,111,361,187,281,267,179,314,81,23,96
ABO,2023,5,28,11,16.5,66.3,12.4,10.2,9.01,12.7,39.4,2.4,868.9,34,2.9,6.2,354,42,316,164,196,202,157,323,94,23,96
ABO,2023,5,28,12,16,73.2,13.3,11.2,9.67,13.1,40.6,2.9,868.6,239,1.8,5,264,18,248,129,141,148,123,325,100,23,96
ABO,2023,5,28,13,15.7,77.1,13.7,11.7,9.97,13.2,41,0.2,868.5,207,1.3,3.6,628,320,345,186,190,407,350,320,88,23,96
ABO,2023,5,28,14,17,66,12.8,10.6,9.31,13.1,40.7,0,868,225,1.7,4.1,226,46,190,98,102,129,135,337,100,23,96
ABO,2023,5,28,15,18,52.7,10.9,8.2,7.91,12.2,38.2,0,867.5,56,1.5,3.7,583,424,279,153,155,344,526,324,88,23,96
ABO,2023,5,28,16,18.7,45.5,9.8,6.7,7.11,11.8,36.8,0,867.3,30,3.2,7.7,342,139,262,136,141,182,276,335,100,23,96
ABO,2023,5,28,17,18,47.6,9.8,6.7,7.11,11.5,36.1,0,867.1,27,3.4,6.9,145,35,131,78,71,71,103,304,71,23,96
ABO,2023,5,28,18,17.1,52.4,10.2,7.3,7.4,11.5,35.9,0,867.5,21,2.4,6,53,0,53,28,30,29,27,312,81,23,96
ABO,2023,5,28,19,15.9,57.8,10.4,7.6,7.55,11.1,35.1,0,867.7,11,1.6,3.8,2,0,2,1,1,1,1,282,79,23,96
ABO,2023,5,28,20,14.6,62.8,10.4,7.6,7.54,10.6,33.7,0,868.3,333,0.8,2.5,0,0,0,0,0,0,0,286,30,23,96
ABO,2023,5,28,21,12.7,67.3,9.9,6.8,7.17,9.4,30.9,0,868.7,319,1,2.5,0,0,0,0,0,0,0,268,0,23,96
ABO,2023,5,28,22,11.6,71.9,9.8,6.7,7.1,8.9,29.6,0,868.4,304,0.9,1.9,0,0,0,0,0,0,0,260,0,23,96
ABO,2023,5,28,23,11.2,73.8,9.8,6.7,7.1,8.7,29.2,0,868.2,288,0.7,1.7,0,0,0,0,0,0,0,255,0,23,96
ABO,2023,5,29,0,10.6,75.7,9.7,6.5,7.03,8.4,28.4,0,868.3,284,0.6,1.6,0,0,0,0,0,0,0,250,0,23,96
ABO,2023,5,29,1,9.9,77.7,9.5,6.2,6.88,7.9,27.3,0,868,284,0.8,2.5,0,0,0,0,0,0,0,250,0,24,96
ABO,2023,5,29,2,10,77.2,9.5,6.2,6.88,8,27.4,0,867.8,304,0.6,1.5,0,0,0,0,0,0,0,257,0,24,96
ABO,2023,5,29,3,9.7,78.2,9.4,6.1,6.81,7.8,26.9,0,867.6,297,0.7,1.8,0,0,0,0,0,0,0,256,0,24,96
ABO,2023,5,29,4,9.5,79.3,9.4,6.1,6.81,7.7,26.7,0,867.6,304,0.6,1.7,0,0,0,0,0,0,0,259,0,24,96
ABO,2023,5,29,5,9.4,79.8,9.4,6.1,6.81,7.6,26.6,0,867.9,243,0.5,1.8,73,216,38,111,232,24,23,264,13,24,96
ABO,2023,5,29,6,11.5,72.8,9.9,6.8,7.18,8.9,29.7,0,868,203,0.9,2.1,254,620,75,232,664,52,53,254,0,24,96
ABO,2023,5,29,7,13.9,61.8,9.8,6.7,7.1,9.9,31.9,0,868,190,1.2,2.3,446,787,91,167,832,94,83,257,0,24,96
ABO,2023,5,29,8,15.8,55.1,9.9,6.8,7.17,10.7,34,0,868.2,96,2.1,5.3,608,796,130,110,816,267,113,266,6,24,96
ABO,2023,5,29,9,16.8,51.7,9.9,6.8,7.17,11.1,35.1,0,868.3,61,3.6,6.6,763,845,145,134,760,425,138,239,0,24,96
ABO,2023,5,29,10,17.5,49.1,9.8,6.7,7.1,11.3,35.6,0,868.4,41,3.4,6.5,893,915,135,151,638,548,156,233,0,24,96
ABO,2023,5,29,11,18.4,51,10.8,8.1,7.83,12.3,38.4,0,868.3,47,3.8,7.6,969,939,135,162,450,626,168,248,10,24,96
ABO,2023,5,29,12,19.1,48.9,10.8,8.1,7.83,12.6,39.1,0,868.2,44,3.9,7.8,851,591,316,192,275,584,290,287,44,24,96
ABO,2023,5,29,13,19.4,47.9,10.8,8.1,7.83,12.7,39.4,0,868.3,43,4.1,7.7,860,684,261,179,177,571,501,296,53,24,96
ABO,2023,5,29,14,19.8,44.3,10.2,7.3,7.4,12.5,38.7,0,868.1,41,4.3,9,493,149,370,195,202,299,302,315,84,24,96
ABO,2023,5,29,15,19.2,48.2,10.7,8,7.76,12.6,39,0,868,39,4.2,8.5,281,33,258,136,142,157,161,330,88,24,96
ABO,2023,5,29,16,19.6,47.4,10.8,8.1,7.84,12.8,39.6,0,868,38,4.4,9.5,199,8,194,102,107,108,105,313,94,24,96
ABO,2023,5,29,17,18.6,50.4,10.8,8.1,7.83,12.4,38.6,0,868.3,41,4.3,9.1,126,6,123,67,69,68,69,309,100,24,96
ABO,2023,5,29,18,17.6,51.2,10.3,7.4,7.47,11.7,36.6,0,868.5,37,3.8,9.1,30,0,30,16,17,16,15,302,94,24,96
ABO,2023,5,29,19,16.7,53.8,10.2,7.3,7.39,11.3,35.5,0,868.8,30,1.9,5.7,14,0,14,8,8,8,7,264,50,24,96
ABO,2023,5,29,20,15.3,57.6,10,7,7.24,10.6,33.7,0,869.4,360,1.3,2.9,0,0,0,0,0,0,0,251,25,24,96
ABO,2023,5,29,21,13.6,64.3,10,7,7.23,9.9,31.9,0,869.8,301,0.8,2,0,0,0,0,0,0,0,309,63,24,96
ABO,2023,5,29,22,12.5,70.6,10.2,7.3,7.38,9.6,31.2,0,869.7,284,0.6,1.5,0,0,0,0,0,0,0,311,78,24,96
ABO,2023,5,29,23,11.9,71.9,10,7,7.24,9.2,30.2,0,869.7,315,0.6,1.9,0,0,0,0,0,0,0,271,19,24,96
ABO,2023,5,30,0,11.4,72.8,9.8,6.7,7.09,8.8,29.3,0,869.6,270,0.7,1.9,0,0,0,0,0,0,0,256,0,24,96
ABO,2023,5,30,1,10.7,76.3,9.8,6.7,7.09,8.5,28.6,0,869.5,315,0.5,1.5,0,0,0,0,0,0,0,253,23,25,96
ABO,2023,5,30,2,10.6,75.7,9.7,6.5,7.02,8.4,28.3,0,869.4,304,0.6,1.5,0,0,0,0,0,0,0,255,0,25,96
ABO,2023,5,30,3,10.2,76.2,9.5,6.2,6.87,8,27.6,0,869.2,297,0.7,2,0,0,0,0,0,0,0,256,0,25,96
ABO,2023,5,30,4,10.2,77.8,9.7,6.5,7.02,8.2,27.9,0,869.4,315,0.8,2.2,0,0,0,0,0,0,0,265,0,25,96
ABO,2023,5,30,5,10.3,75.7,9.5,6.2,6.87,8.1,27.7,0,869.7,270,0.6,1.4,72,186,42,103,205,25,25,281,39,25,96
ABO,2023,5,30,6,11.4,75.9,10.2,7.3,7.38,9.1,30.1,0,870,153,0.6,1.3,190,284,113,158,351,63,61,301,84,25,96
ABO,2023,5,30,7,13.2,67.4,10.2,7.3,7.38,9.9,31.9,0,870.2,169,0.6,1.7,309,241,198,140,362,127,104,316,94,25,96
ABO,2023,5,30,8,14.7,61.6,10.3,7.4,7.45,10.5,33.6,0,869.9,108,0.7,2,377,158,283,150,318,206,145,314,94,25,96
ABO,2023,5,30,9,16.9,54.2,10.4,7.6,7.53,11.5,36.1,0,869.5,135,1.4,4.7,656,532,260,160,590,393,160,294,71,25,96
ABO,2023,5,30,10,17.5,57,11.4,8.9,8.26,12.4,38.5,0,869.7,56,4.1,8.5,769,564,301,180,563,505,181,303,75,25,96
ABO,2023,5,30,11,17.6,57,11.5,9,8.33,12.5,38.8,0,869.9,49,4.5,8.3,927,815,204,172,471,616,177,299,65,25,96
ABO,2023,5,30,12,18.4,56.1,11.9,9.5,8.63,13,40.4,0,869.6,54,3.9,8.1,959,845,193,173,245,645,278,312,61,25,96
ABO,2023,5,30,13,19.2,51.6,11.5,9,8.34,13.1,40.5,0,869.5,39,4.6,8.8,978,964,130,164,158,625,517,286,45,25,96
ABO,2023,5,30,14,19.6,49,11.2,8.6,8.12,13,40.3,0,869.2,40,4.5,8.8,848,833,173,155,150,520,674,286,39,25,96
ABO,2023,5,30,15,19.7,46.7,10.7,8,7.75,12.8,39.5,0,869.1,42,4.4,9.3,666,628,222,144,143,382,679,295,45,25,96
ABO,2023,5,30,16,19.2,47.2,10.5,7.7,7.61,12.4,38.6,0,869,43,4,7.8,570,754,144,112,109,232,811,295,45,25,96
ABO,2023,5,30,17,17.8,50.2,10.2,7.3,7.39,11.7,36.6,0,869.1,34,3.8,8.6,299,311,156,147,94,94,404,319,61,25,96
ABO,2023,5,30,18,16.7,52.7,10,7,7.24,11.2,35.1,0,869.3,34,3.2,7.1,17,0,17,9,9,9,9,333,100,25,96
ABO,2023,5,30,19,15.8,57,10.2,7.3,7.38,10.9,34.6,0,869.5,47,1.9,5,3,0,3,1,1,1,1,312,79,25,96
ABO,2023,5,30,20,14.9,57.1,9.7,6.5,7.02,10.2,32.7,0,869.6,18,1.5,3.1,0,0,0,0,0,0,0,264,36,25,96
ABO,2023,5,30,21,13.9,61.8,9.8,6.7,7.09,9.9,31.9,0,869.7,360,1,2.1,0,0,0,0,0,0,0,278,23,25,96
ABO,2023,5,30,22,12.8,66.9,9.9,6.8,7.16,9.5,30.9,0,869.6,321,1,2.2,0,0,0,0,0,0,0,267,0,25,96
ABO,2023,5,30,23,12.1,70,9.9,6.8,7.16,9.2,30.2,0,869.5,315,0.8,1.6,0,0,0,0,0,0,0,263,0,25,96
ABO,2023,5,31,0,11.3,73.3,9.8,6.7,7.09,8.8,29.2,0,869.1,301,0.8,1.7,0,0,0,0,0,0,0,259,25,25,96
ABO,2023,5,31,1,10.1,78.3,9.7,6.5,7.02,8.1,27.8,0,868.9,270,0.5,1.4,0,0,0,0,0,0,0,271,35,23,96
ABO,2023,5,31,2,10.2,76.2,9.5,6.2,6.88,8,27.6,0,868.3,288,0.9,3,0,0,0,0,0,0,0,282,48,23,96
ABO,2023,5,31,3,9.6,78.8,9.4,6.1,6.81,7.7,26.8,0,868.2,360,0.9,2,0,0,0,0,0,0,0,289,61,23,96
ABO,2023,5,31,4,9.7,77.2,9.3,5.9,6.73,7.7,26.7,0,868.7,243,1.2,3,0,0,0,0,0,0,0,302,90,23,96
ABO,2023,5,31,5,10.2,77.8,9.7,6.5,7.02,8.2,27.9,0,869,214,1.2,3.2,37,25,33,27,42,18,16,305,90,23,96
ABO,2023,5,31,6,11.7,74.4,10.2,7.3,7.39,9.3,30.4,0,869,207,0.8,2,126,69,104,76,128,56,52,303,88,23,96
ABO,2023,5,31,7,14.1,66.7,10.7,8,7.75,10.6,33.8,0,869,166,1,3.1,409,598,132,178,674,84,86,291,48,23,96
ABO,2023,5,31,8,14.7,62.8,10.5,7.7,7.61,10.7,34,0,869,86,1.7,3.3,516,506,200,124,581,250,123,297,60,23,96
ABO,2023,5,31,9,17.5,53.6,10.7,8,7.76,11.9,37.2,0,868.7,75,2.2,5.6,760,853,134,127,750,409,131,268,36,23,96
ABO,2023,5,31,10,16.4,59.1,11,8.4,7.97,11.7,36.7,0,869,55,3.9,7,928,945,143,148,659,561,154,286,50,23,96
ABO,2023,5,31,11,16.7,58.8,11.2,8.6,8.12,11.9,37.3,0,869.1,58,3.9,8.2,988,937,154,159,463,634,165,309,63,23,96
ABO,2023,5,31,12,17.1,58.9,11.5,9,8.34,12.3,38.3,0,869,62,3.4,6.2,584,273,337,180,191,376,273,329,94,23,96
ABO,2023,5,31,13,17.8,56,11.4,8.9,8.27,12.5,38.9,0,868.8,69,3.3,7.2,506,183,342,183,189,309,259,336,78,23,96
ABO,2023,5,31,14,18.1,54.9,11.4,8.9,8.27,12.6,39.2,0,868.6,48,3.2,7.4,707,561,253,166,166,421,526,306,54,23,96
ABO,2023,5,31,15,18.2,56.1,11.7,9.3,8.49,12.9,39.8,0,868.6,47,3.4,7.8,622,553,232,142,142,343,607,292,55,23,96
ABO,2023,5,31,16,17.7,57.8,11.7,9.3,8.49,12.7,39.3,0,868.8,43,4,9.7,384,271,220,119,121,197,379,309,55,23,96
ABO,2023,5,31,17,16.5,59.5,11.2,8.6,8.12,11.9,37.1,0,869.1,188,2,5.8,316,381,143,152,86,86,465,296,68,23,96
ABO,2023,5,31,18,14.8,64.2,10.8,8.1,7.82,10.9,34.6,0,869.9,19,2.3,6.9,40,0,40,47,47,47,48,280,45,23,96
ABO,2023,5,31,19,13.7,72.7,11.4,8.9,8.26,10.9,34.6,0,870.1,198,1,2.4,22,0,22,16,16,16,15,280,48,23,96
ABO,2023,5,31,20,12.8,74.6,11,8.4,7.96,10.3,33,0,870.3,0,0.8,2,0,0,0,0,0,0,0,241,29,23,96
ABO,2023,5,31,21,11.9,77.5,10.8,8.1,7.81,9.7,31.7,0,870.6,270,0.7,2.1,0,0,0,0,0,0,0,272,25,23,96
ABO,2023,5,31,22,11.3,78.5,10.5,7.7,7.59,9.3,30.5,0,870.5,297,0.6,1.6,0,0,0,0,0,0,0,270,25,23,96
ABO,2023,5,31,23,10.9,80.1,10.4,7.6,7.52,9.1,29.9,0,870.4,297,0.6,1.7,0,0,0,0,0,0,0,266,25,23,96
ABO,2023,6,1,0,10.6,80,10.2,7.3,7.38,8.8,29.2,0,870.4,270,0.5,1.3,0,0,0,0,0,0,0,261,25,23,96
ABO,2023,6,1,1,10.4,81.1,10.2,7.3,7.38,8.7,29,0,870.2,323,0.7,1.8,0,0,0,0,0,0,0,257,13,23,96
ABO,2023,6,1,2,10,79.9,9.8,6.7,7.08,8.2,27.9,0,870.3,297,0.8,3.8,0,0,0,0,0,0,0,258,23,23,96
ABO,2023,6,1,3,10,76.7,9.4,6.1,6.79,7.9,27.2,0,870,284,0.6,1.8,0,0,0,0,0,0,0,260,30,23,96
ABO,2023,6,1,4,9.6,77.2,9.2,5.8,6.65,7.6,26.4,0,870,315,0.7,1.7,0,0,0,0,0,0,0,268,40,23,96
ABO,2023,6,1,5,10.1,74.6,9.2,5.8,6.65,7.8,26.9,0,870.1,288,0.7,1.5,32,2,32,18,20,17,16,307,90,23,96
ABO,2023,6,1,6,11.8,70.9,9.8,6.7,7.08,9,29.7,0,870.2,90,0.5,1.7,194,280,106,144,344,59,57,300,75,23,96
ABO,2023,6,1,7,14.1,61,9.8,6.7,7.08,10,32.1,0,870.4,102,1.6,3.4,442,784,84,177,818,74,78,277,16,23,96
ABO,2023,6,1,8,15.9,56.6,10.2,7.3,7.38,11,34.6,0,870.3,87,2.1,4.4,624,879,92,101,850,241,105,245,6,23,96
ABO,2023,6,1,9,17.4,54,10.7,8,7.74,11.9,37.1,0,870.2,73,3.3,6,777,919,103,124,772,400,129,255,13,23,96
ABO,2023,6,1,10,17.5,58.6,11.7,9.3,8.48,12.6,39.1,0,870.1,57,4.4,8.3,884,891,142,144,625,531,150,256,33,23,96
ABO,2023,6,1,11,17.1,60.1,11.7,9.3,8.48,12.4,38.7,0,870.2,51,4.6,8.1,730,421,356,205,392,462,201,317,68,23,96
ABO,2023,6,1,12,17.2,60.5,11.9,9.5,8.62,12.6,39.1,0,870.2,59,4.1,7.6,518,149,383,199,259,316,197,333,94,23,96
ABO,2023,6,1,13,17.7,58.6,11.9,9.5,8.63,12.8,39.7,0,869.8,73,3,5.5,647,413,287,166,168,413,383,324,84,23,96
ABO,2023,6,1,14,18.2,54.6,11.4,8.9,8.26,12.7,39.2,0,869.4,60,3.4,6.7,621,348,343,184,187,381,450,340,81,23,96
ABO,2023,6,1,15,18.3,56.1,11.8,9.4,8.56,12.9,40.1,0,869.1,36,4.1,8.2,453,242,286,152,156,253,371,323,75,23,96
ABO,2023,6,1,16,18.7,51.8,11.2,8.6,8.12,12.7,39.4,0,868.8,48,3.3,7,272,92,219,113,118,143,205,339,84,23,96
ABO,2023,6,1,17,17.6,53.7,10.8,8.1,7.83,12,37.5,0,868.8,50,2.7,6.8,99,22,91,57,53,53,72,324,94,23,96
ABO,2023,6,1,18,16.4,59.1,11,8.4,7.98,11.7,36.7,0,868.9,360,1.4,4.8,38,0,38,42,42,42,42,306,71,23,96
ABO,2023,6,1,19,15,67.3,11.5,9,8.34,11.5,36.2,0,868.9,198,1,2.4,23,0,23,17,17,17,16,302,68,23,96
ABO,2023,6,1,20,14,73.3,11.7,9.3,8.49,11.2,35.5,0,869,270,0.7,1.9,0,0,0,0,0,0,0,292,44,23,96
ABO,2023,6,1,21,13,76.1,11.4,8.9,8.27,10.6,33.9,0,869,288,0.6,1.5,0,0,0,0,0,0,0,290,29,23,96
ABO,2023,6,1,22,12.1,78.1,11,8.4,7.98,10,32.3,0,868.7,270,0.6,1.7,0,0,0,0,0,0,0,273,13,23,96
ABO,2023,6,1,23,11.5,79.6,10.8,8.1,7.83,9.6,31.3,0,868.8,315,0.6,1.7,0,0,0,0,0,0,0,268,25,23,96
ABO,2023,6,2,0,11.3,78,10.4,7.6,7.54,9.2,30.4,0,868.4,270,0.8,2.1,0,0,0,0,0,0,0,264,25,23,96
ABO,2023,6,2,1,11.1,77.4,10.2,7.3,7.4,9,29.8,0,868.1,288,0.7,1.9,0,0,0,0,0,0,0,262,0,22,96
ABO,2023,6,2,2,11,75.3,9.9,6.8,7.18,8.7,29.1,0,867.9,270,0.6,1.4,0,0,0,0,0,0,0,268,20,22,96
ABO,2023,6,2,3,10.9,75.3,9.8,6.7,7.1,8.6,28.9,0,867.9,284,0.6,1.7,0,0,0,0,0,0,0,290,74,22,96
ABO,2023,6,2,4,10.6,76.8,9.8,6.7,7.1,8.5,28.6,0,867.8,304,0.8,1.5,0,0,0,0,0,0,0,285,54,22,96
ABO,2023,6,2,5,10.9,76.8,10,7,7.25,8.8,29.2,0,868,360,0.5,1.6,76,228,38,116,240,23,22,273,13,22,96
ABO,2023,6,2,6,13.1,71.6,10.8,8.1,7.84,10.2,33,0,867.9,204,1.3,3,256,636,69,234,670,47,49,272,0,22,96
ABO,2023,6,2,7,14.9,63.3,10.7,8,7.76,10.9,34.6,0,868,162,1,2.1,440,770,88,178,806,73,76,248,13,22,96
ABO,2023,6,2,8,17,53.1,10.3,7.4,7.47,11.5,36,0,868.1,117,2.1,4.7,608,812,115,100,808,245,103,241,0,22,96
ABO,2023,6,2,9,17.9,52.7,10.8,8.1,7.84,12.1,37.9,0,868,92,2.8,5.3,780,910,110,122,769,400,126,242,0,22,96
ABO,2023,6,2,10,18.7,50.1,10.8,8.1,7.84,12.4,38.7,0,867.9,83,2.8,6.1,923,962,122,141,645,540,147,268,16,22,96
ABO,2023,6,2,11,19.4,48.3,10.9,8.2,7.91,12.8,39.6,0,867.8,74,3.8,7.4,862,674,263,171,449,558,173,282,48,22,96
ABO,2023,6,2,12,20.1,45.6,10.7,8,7.77,12.9,39.9,0,867.5,72,3.5,6.4,993,917,159,156,217,638,259,276,36,22,96
ABO,2023,6,2,13,20.6,46.1,11.2,8.6,8.14,13.4,41.4,0,867.2,39,3.7,8.1,976,963,125,149,143,602,496,286,25,22,96
ABO,2023,6,2,14,20.9,43.7,10.8,8.1,7.85,13.3,40.9,0,866.9,48,4,8.8,738,589,256,159,158,450,543,322,59,22,96
ABO,2023,6,2,15,21.3,42.6,10.8,8.1,7.85,13.4,41.4,0,866.5,45,4,8.3,562,396,273,149,151,321,486,317,65,22,96
ABO,2023,6,2,16,20.8,44,10.8,8.1,7.85,13.2,40.9,0,866.2,32,3.9,8.1,237,61,202,104,108,124,162,320,81,22,96
ABO,2023,6,2,17,19.7,47.1,10.8,8.1,7.85,12.8,39.7,0,866.2,28,4.1,8.2,102,18,94,53,51,50,65,323,100,22,96
ABO,2023,6,2,18,18.8,49.8,10.8,8.1,7.85,12.5,38.8,0,866.7,29,3.9,7.5,10,0,10,5,5,5,5,338,100,22,96
ABO,2023,6,2,19,17.2,55,10.8,8.1,7.84,11.9,37.2,0,867.2,56,2,5.6,27,0,27,15,15,15,14,336,100,22,96
ABO,2023,6,2,20,15.9,61.9,11.2,8.6,8.13,11.6,36.6,0,867.7,201,1,3.1,0,0,0,0,0,0,0,332,100,22,96
ABO,2023,6,2,21,15,68.7,11.7,9.3,8.5,11.6,36.6,0,868.1,180,0.5,1.4,0,0,0,0,0,0,0,328,100,22,96
ABO,2023,6,2,22,14.2,69.9,11.3,8.8,8.2,11.1,35,0,868.2,225,0.5,1.3,0,0,0,0,0,0,0,303,59,22,96
ABO,2023,6,2,23,13.4,71.7,11,8.4,7.98,10.5,33.6,0,867.9,333,0.7,1.8,0,0,0,0,0,0,0,274,29,22,96
ABO,2023,6,3,0,12,77,10.8,8.1,7.84,9.8,31.8,0,867.7,236,0.9,2.7,0,0,0,0,0,0,0,273,25,22,96
ABO,2023,6,3,1,11.6,76.4,10.4,7.6,7.55,9.4,30.7,0,867.7,315,0.6,1.6,0,0,0,0,0,0,0,262,0,23,96
ABO,2023,6,3,2,11.2,76.9,10.2,7.3,7.4,9,29.9,0,867.6,333,0.5,1.7,0,0,0,0,0,0,0,264,0,23,96
ABO,2023,6,3,3,10.9,78.4,10.2,7.3,7.4,8.9,29.6,0,867.5,252,0.6,1.9,0,0,0,0,0,0,0,267,0,23,96
ABO,2023,6,3,4,10.7,77.9,10,7,7.25,8.7,29,0,867.5,288,0.5,1.5,0,0,0,0,0,0,0,269,0,23,96
ABO,2023,6,3,5,10.6,78.4,10,7,7.25,8.6,28.9,0,867.5,45,0.5,1.4,75,229,37,118,241,23,23,271,0,23,96
ABO,2023,6,3,6,12.7,71.1,10.4,7.6,7.55,9.8,31.8,0,867.5,207,1,2.9,253,608,73,230,646,49,50,273,0,23,96
ABO,2023,6,3,7,14.6,64.6,10.7,8,7.77,10.8,34.3,0,867.5,153,1,2.4,443,783,85,180,817,73,77,267,0,23,96
ABO,2023,6,3,8,16.9,56.1,10.8,8.1,7.84,11.8,36.8,0,867.7,81,2.2,4.6,630,881,95,101,853,240,105,243,0,23,96
ABO,2023,6,3,9,18.5,52.5,11.2,8.6,8.13,12.6,39.2,0,867.9,68,3.4,6.7,781,898,121,125,774,404,130,261,19,23,96
ABO,2023,6,3,10,18.9,54,11.8,9.4,8.57,13.2,40.7,0,868,48,4.4,8.1,776,604,274,163,565,490,164,247,35,23,96
ABO,2023,6,3,11,19.4,56.4,12.7,10.5,9.24,13.9,42.9,0,867.9,45,4.7,8.9,820,581,302,181,443,533,182,287,53,23,96
ABO,2023,6,3,12,18.3,57.2,12,9.7,8.71,13.1,40.5,0.4,868.7,45,4.5,9.8,412,40,376,194,203,231,202,334,94,23,96
ABO,2023,6,3,13,12.9,82.5,12.3,10,8.93,11.2,35.5,4.4,869,264,2.1,6.9,461,116,357,183,190,275,245,341,100,23,96
ABO,2023,6,3,14,13.2,82.6,12.5,10.3,9.08,11.5,36.2,0.4,869.2,236,1.4,5.3,89,0,89,46,48,48,44,340,100,23,96
ABO,2023,6,3,15,12.9,85.3,12.7,10.5,9.22,11.5,36.2,1.9,869.4,333,1.2,3.8,380,148,279,144,149,211,282,333,84,23,96
ABO,2023,6,3,16,14.5,77.4,12.8,10.6,9.3,12.2,38.1,0.1,868.9,217,1.1,2.6,437,372,213,125,122,205,471,319,84,23,96
ABO,2023,6,3,17,15.2,72.5,12.5,10.3,9.08,12.3,38.2,0,868.6,342,1,2.8,48,0,48,25,26,26,23,337,100,23,96
ABO,2023,6,3,18,15,72,12.3,10,8.94,12,37.7,0,868.4,326,1.1,2,41,0,41,22,23,23,21,331,94,23,96
ABO,2023,6,3,19,13.2,71.2,10.8,8.1,7.83,10.3,33,0,868.6,309,1.4,2.5,32,0,32,18,19,19,17,304,56,23,96
ABO,2023,6,3,20,12,73.4,10.3,7.4,7.46,9.4,30.9,0,869.2,315,1,2.4,0,0,0,0,0,0,0,276,29,23,96
ABO,2023,6,3,21,11.1,77.9,10.3,7.4,7.46,9,30,0,869.2,293,0.8,2,0,0,0,0,0,0,0,294,35,23,96
ABO,2023,6,3,22,10.6,80,10.2,7.3,7.39,8.8,29.3,0,869.1,309,0.7,1.5,0,0,0,0,0,0,0,295,46,23,96
ABO,2023,6,3,23,10.5,77.3,9.8,6.7,7.09,8.4,28.4,0,869.1,304,0.8,1.9,0,0,0,0,0,0,0,273,6,23,96
ABO,2023,6,4,0,10.5,76.2,9.7,6.5,7.02,8.3,28.2,0,869.1,315,1,2.3,0,0,0,0,0,0,0,273,13,23,96
ABO,2023,6,4,1,9.9,79.4,9.7,6.5,7.02,8.1,27.6,0,868.8,284,0.5,1.7,0,0,0,0,0,0,0,288,40,24,96
ABO,2023,6,4,2,10,78.8,9.7,6.5,7.02,8.1,27.7,0,868.8,304,0.6,1.6,0,0,0,0,0,0,0,299,55,24,96
ABO,2023,6,4,3,9.5,79.9,9.5,6.2,6.88,7.7,26.9,0,868.8,307,0.7,1.9,0,0,0,0,0,0,0,304,69,24,96
ABO,2023,6,4,4,9.5,81.5,9.7,6.5,7.02,7.9,27.2,0,869.1,323,0.6,1.4,0,0,0,0,0,0,0,318,100,24,96
ABO,2023,6,4,5,9.5,82.7,9.8,6.7,7.09,8,27.4,0,869.2,207,0.5,1.5,40,28,35,30,46,19,18,320,100,24,96
ABO,2023,6,4,6,11.6,75.4,10.3,7.4,7.46,9.3,30.5,0,869.3,194,0.9,2.4,204,324,99,151,382,58,57,316,84,24,96
ABO,2023,6,4,7,13.5,64.7,10,7,7.24,9.9,31.9,0,869.3,146,0.9,2.5,427,708,102,186,760,78,81,300,29,24,96
ABO,2023,6,4,8,15.2,60.9,10.5,7.7,7.61,10.9,34.5,0,869.1,99,2,3.8,626,860,102,105,844,244,109,299,19,24,96
ABO,2023,6,4,9,16.7,60,11.4,8.9,8.27,12.1,37.7,0,869.1,72,3.1,6.2,765,867,127,129,759,400,134,283,29,24,96
ABO,2023,6,4,10,17.7,58.2,11.8,9.4,8.56,12.7,39.5,0,869.1,69,3.3,6.7,797,661,247,162,582,501,164,288,45,24,96
ABO,2023,6,4,11,18.5,56.5,12,9.7,8.71,13.2,40.7,0,868.9,67,3.6,6.8,808,541,324,187,439,538,188,300,50,24,96
ABO,2023,6,4,12,19.1,54.4,12,9.7,8.71,13.4,41.3,0,868.7,44,3.9,8.5,623,342,311,176,266,402,185,322,84,24,96
ABO,2023,6,4,13,19.3,53.8,12,9.7,8.71,13.5,41.5,0,868.7,46,4.9,10.7,297,6,292,153,160,162,148,336,100,24,96
ABO,2023,6,4,14,17.6,53.7,10.8,8.1,7.83,12,37.5,0,869.1,28,3.4,8.4,221,13,210,110,115,122,115,335,100,24,96
ABO,2023,6,4,15,15.5,55,9.7,6.5,7.02,10.4,33.3,0,869.5,235,4.1,11.5,112,0,112,59,62,61,56,335,100,24,96
ABO,2023,6,4,16,12,81.9,11.5,9,8.33,10.3,33.1,6.7,870.7,256,3.3,6.3,127,2,125,65,69,68,64,334,100,24,96
ABO,2023,6,4,17,11.2,85.1,11.3,8.8,8.19,9.8,31.9,3.4,870,235,2.4,7.4,159,15,153,84,84,83,93,333,100,24,96
ABO,2023,6,4,18,11.2,88.7,11.8,9.4,8.55,10.2,32.8,1,870,207,1.5,4.3,96,0,96,53,55,55,51,332,94,24,96
ABO,2023,6,4,19,10.8,87.4,11.3,8.8,8.19,9.7,31.5,0.1,869.2,252,1,3,22,0,22,15,16,15,15,301,71,24,96
ABO,2023,6,4,20,10.3,88,11,8.4,7.97,9.2,30.4,0,869.4,333,0.7,1.9,0,0,0,0,0,0,0,300,43,24,96
ABO,2023,6,4,21,9.4,89.1,10.5,7.7,7.6,8.5,28.6,0,869.6,217,1,3.1,0,0,0,0,0,0,0,308,58,24,96
ABO,2023,6,4,22,9.5,88.5,10.5,7.7,7.6,8.5,28.7,0,869.9,252,0.6,1.6,0,0,0,0,0,0,0,316,100,24,96
ABO,2023,6,4,23,9.6,87.3,10.4,7.6,7.53,8.5,28.6,0,869.8,297,0.5,1.4,0,0,0,0,0,0,0,310,94,24,96
ABO,2023,6,5,0,9.1,86.7,10,7,7.24,8,27.4,0,869.4,281,0.7,1.7,0,0,0,0,0,0,0,281,31,24,96
ABO,2023,6,5,1,9.3,84.4,9.9,6.8,7.17,7.9,27.4,0,869.3,292,0.7,1.8,0,0,0,0,0,0,0,299,25,25,96
ABO,2023,6,5,2,9.1,84.9,9.8,6.7,7.09,7.8,27,0,869.1,281,0.6,1.4,0,0,0,0,0,0,0,302,25,25,96
ABO,2023,6,5,3,8.7,87.2,9.8,6.7,7.1,7.6,26.6,0,868.9,297,0.7,1.5,0,0,0,0,0,0,0,305,6,25,96
ABO,2023,6,5,4,8.6,87.8,9.8,6.7,7.1,7.6,26.5,0,868.9,292,0.7,1.7,0,0,0,0,0,0,0,308,0,25,96
ABO,2023,6,5,5,9.2,86.1,10,7,7.24,8,27.5,0,869.1,297,0.4,1.2,48,40,40,39,62,22,21,304,59,25,96
ABO,2023,6,5,6,11.2,84,11.2,8.6,8.12,9.7,31.7,0,869,194,0.9,2.7,257,539,90,221,593,59,60,267,29,25,96
ABO,2023,6,5,7,13.2,71.2,10.8,8.1,7.83,10.3,33,0,869.1,166,0.9,2.3,414,624,131,201,704,90,92,265,19,25,96
ABO,2023,6,5,8,15,60.4,10.3,7.4,7.46,10.7,33.9,0,869,97,1.9,3.7,640,865,112,114,861,259,118,251,13,25,96
ABO,2023,6,5,9,15.6,58.9,10.4,7.6,7.54,11,34.7,0,868.9,63,3,5.6,801,938,109,138,803,415,143,253,0,25,96
ABO,2023,6,5,10,16.5,57.5,10.8,8.1,7.83,11.6,36.4,0,868.8,65,3,6.2,915,961,112,156,649,538,162,241,13,25,96
ABO,2023,6,5,11,17.4,54,10.7,8,7.76,11.9,37.1,0,868.8,69,3.3,6.7,934,821,201,173,474,612,179,265,25,25,96
ABO,2023,6,5,12,18.2,50.3,10.5,7.7,7.61,12.1,37.6,0,868.6,44,3.4,7.3,1009,919,171,178,249,661,280,267,33,25,96
ABO,2023,6,5,13,18.9,49.5,10.8,8.1,7.84,12.5,38.9,0,868.1,44,3.5,7.7,886,707,262,191,188,575,513,280,43,25,96
ABO,2023,6,5,14,19.4,44.5,10,7,7.25,12.2,37.9,0,867.9,49,3.8,8.4,816,730,214,166,163,502,619,290,48,25,96
ABO,2023,6,5,15,19.3,44.8,10,7,7.25,12.1,37.8,0,867.7,40,3.8,7.6,708,715,195,144,141,389,728,301,48,25,96
ABO,2023,6,5,16,18.8,47.1,10.2,7.3,7.4,12.1,37.7,0,867.7,41,3.7,7.4,458,393,228,151,132,206,516,336,61,25,96
ABO,2023,6,5,17,17.8,50.2,10.2,7.3,7.4,11.7,36.6,0,867.7,33,3.5,7.3,261,244,152,153,96,95,348,329,60,25,96
ABO,2023,6,5,18,16.9,52,10,7,7.25,11.2,35.3,0,868.1,23,2.8,6.3,91,0,91,51,54,53,49,334,81,25,96
ABO,2023,6,5,19,15.7,56.2,10,7,7.25,10.8,34.1,0,868.3,36,2.1,6.3,6,0,6,3,3,3,3,332,100,25,96
ABO,2023,6,5,20,14.6,64.6,10.7,8,7.76,10.8,34.3,0,868.6,153,0.8,2.1,0,0,0,0,0,0,0,300,41,25,96
ABO,2023,6,5,21,12.9,70.2,10.4,7.6,7.54,9.9,32,0,868.7,321,0.7,1.7,0,0,0,0,0,0,0,280,0,25,96
ABO,2023,6,5,22,11.7,74.4,10.2,7.3,7.39,9.3,30.4,0,868.8,292,0.7,1.7,0,0,0,0,0,0,0,273,0,25,96
ABO,2023,6,5,23,11,75.3,9.9,6.8,7.17,8.7,29.1,0,869,270,0.5,1.6,0,0,0,0,0,0,0,267,0,25,96
ABO,2023,6,6,0,11,74.8,9.8,6.7,7.1,8.6,28.9,0,868.8,284,0.6,1.6,0,0,0,0,0,0,0,267,6,25,96
ABO,2023,6,6,1,10.4,77.8,9.8,6.7,7.1,8.4,28.3,0,868.7,297,0.6,1.5,0,0,0,0,0,0,0,249,25,24,96
ABO,2023,6,6,2,10.1,76.7,9.5,6.2,6.88,8,27.5,0,868.7,284,0.7,1.5,0,0,0,0,0,0,0,251,25,24,96
ABO,2023,6,6,3,10,76.7,9.4,6.1,6.8,7.9,27.2,0,868.7,284,0.6,1.5,0,0,0,0,0,0,0,253,23,24,96
ABO,2023,6,6,4,9.8,76.1,9.2,5.8,6.66,7.7,26.6,0,868.8,333,0.5,1.5,0,0,0,0,0,0,0,260,43,24,96
ABO,2023,6,6,5,10,75.1,9.2,5.8,6.65,7.8,26.8,0,869.2,225,0.5,1.8,89,309,41,158,316,24,24,272,16,24,96
ABO,2023,6,6,6,11.9,67.6,9.4,6.1,6.8,8.7,29.1,0,869.1,189,0.7,3.2,263,639,75,250,679,52,54,265,6,24,96
ABO,2023,6,6,7,14.1,61,9.8,6.7,7.09,10,32.1,0,869.1,144,1,2.6,447,761,95,191,806,80,84,281,19,24,96
ABO,2023,6,6,8,16.2,51.5,9.5,6.2,6.87,10.6,33.7,0,869.2,90,2.5,4.7,633,881,96,107,859,241,111,229,0,24,96
ABO,2023,6,6,9,17.7,43.4,8.8,5.1,6.36,10.7,33.9,0,869.2,73,3.1,5.7,775,871,133,133,770,406,138,230,0,24,96
ABO,2023,6,6,10,17.9,42.8,8.8,5.1,6.36,10.8,34.1,0,869.3,79,2.9,7.9,914,939,129,152,647,538,158,232,25,24,96
ABO,2023,6,6,11,19,42,9.2,5.8,6.65,11.5,36,0,869.1,70,3.2,6.7,1009,988,124,165,461,627,172,258,13,24,96
ABO,2023,6,6,12,19.3,39.2,8.8,5.1,6.36,11.3,35.5,0,869,49,3.2,6.9,1012,954,140,168,224,644,265,234,25,24,96
ABO,2023,6,6,13,20.3,36.9,8.8,5.1,6.37,11.7,36.6,0,868.7,45,3.1,6.5,956,889,166,165,160,604,504,243,25,24,96
ABO,2023,6,6,14,20.5,38.5,9.3,5.9,6.73,12.1,37.7,0,868.5,45,4.1,8.1,803,688,237,162,159,498,617,249,45,24,96
ABO,2023,6,6,15,20.1,40,9.4,6.1,6.81,12,37.5,0,868.5,45,3.9,8.1,679,660,200,146,145,362,660,283,65,24,96
ABO,2023,6,6,16,19.6,42.4,9.7,6.5,7.03,12,37.5,0,868.5,37,3.9,7.9,323,126,245,130,134,174,252,330,94,24,96
ABO,2023,6,6,17,18.2,48.9,10.2,7.3,7.39,11.9,37,0,868.6,29,3.9,7.9,182,66,155,104,88,88,152,330,94,24,96
ABO,2023,6,6,18,17.4,51.5,10.2,7.3,7.39,11.6,36.2,0,869.2,27,3,6,64,0,64,35,37,36,33,335,100,24,96
ABO,2023,6,6,19,15.8,61.4,11,8.4,7.97,11.5,36,0,869.7,210,2.6,6.5,3,0,3,2,2,2,2,333,100,24,96
ABO,2023,6,6,20,12.3,77.1,11,8.4,7.97,10.1,32.5,0,869.7,221,2.3,6.6,0,0,0,0,0,0,0,320,90,24,96
ABO,2023,6,6,21,11.2,84,11.2,8.6,8.11,9.7,31.7,0,869.9,225,1.4,5.2,0,0,0,0,0,0,0,277,38,24,96
ABO,2023,6,6,22,10.6,85.1,10.9,8.2,7.89,9.2,30.5,0,870,202,0.8,3.9,0,0,0,0,0,0,0,278,33,24,96
ABO,2023,6,6,23,10.4,85.6,10.8,8.1,7.82,9.1,30.2,0,870,207,0.7,1.8,0,0,0,0,0,0,0,284,29,24,96
ABO,2023,6,7,0,10.3,83.9,10.5,7.7,7.6,8.9,29.5,0,869.7,243,0.6,1.9,0,0,0,0,0,0,0,264,25,24,96
ABO,2023,6,7,1,10.4,81.6,10.3,7.4,7.46,8.7,29.2,0,869.5,270,0.5,1.5,0,0,0,0,0,0,0,257,0,23,96
ABO,2023,6,7,2,10.2,82.2,10.2,7.3,7.38,8.6,28.9,0,869.3,297,0.4,1,0,0,0,0,0,0,0,261,23,23,96
ABO,2023,6,7,3,10.2,82.2,10.2,7.3,7.39,8.6,28.9,0,869.1,342,0.5,1.7,0,0,0,0,0,0,0,261,0,23,96
ABO,2023,6,7,4,10.3,78.9,9.9,6.8,7.17,8.4,28.4,0,869.3,270,0.6,1.3,0,0,0,0,0,0,0,263,0,23,96
ABO,2023,6,7,5,9.8,81.6,9.9,6.8,7.17,8.2,27.9,0,869.2,243,0.6,1.5,88,271,47,147,284,27,26,282,16,23,96
ABO,2023,6,7,6,12.2,75.5,10.7,8,7.75,9.8,31.8,0,869.1,188,0.9,2.5,261,638,71,244,673,50,52,274,13,23,96
ABO,2023,6,7,7,14.3,66.7,10.9,8.2,7.9,10.8,34.3,0,869.2,159,0.9,2,452,798,85,191,832,76,80,252,0,23,96
ABO,2023,6,7,8,16.9,53.1,10.2,7.3,7.39,11.4,35.7,0,869.2,96,2.2,4.8,632,884,93,103,855,234,107,236,0,23,96
ABO,2023,6,7,9,18,49.6,10.2,7.3,7.38,11.8,36.8,0,869.3,52,3.9,7,734,751,181,134,718,398,138,238,13,23,96
ABO,2023,6,7,10,19.1,47.2,10.4,7.6,7.53,12.4,38.3,0,869.2,50,4.4,8.1,832,738,215,158,597,506,161,278,48,23,96
ABO,2023,6,7,11,19.4,45.7,10.3,7.4,7.46,12.4,38.4,0,869.1,44,4.7,9.1,676,316,393,207,376,434,203,303,71,23,96
ABO,2023,6,7,12,19.7,44.6,10.2,7.3,7.39,12.4,38.6,0,869,39,4.6,8.3,564,217,366,195,210,350,264,301,71,23,96
ABO,2023,6,7,13,19.3,45.7,10.2,7.3,7.39,12.3,38.2,0,868.7,43,3.8,7.9,606,343,297,171,174,381,315,300,78,23,96
ABO,2023,6,7,14,18.5,46.1,9.8,6.7,7.1,11.7,36.6,0,868.7,62,2.2,6.8,240,52,196,101,105,140,136,333,100,23,96
ABO,2023,6,7,15,18.5,49.4,10.5,7.7,7.61,12.2,37.9,0,868.7,201,2.2,5.7,144,4,141,74,77,78,73,339,100,23,96
ABO,2023,6,7,16,16.1,58.6,10.7,8,7.75,11.4,35.8,0.2,869.1,254,3.4,6.8,123,39,102,53,55,64,91,338,100,23,96
ABO,2023,6,7,17,16.8,49.2,9.4,6.1,6.81,10.8,34.1,0,868.5,261,1.6,6.1,265,383,100,145,77,77,447,289,48,23,96
ABO,2023,6,7,18,15.6,54.6,9.7,6.5,7.02,10.5,33.5,0,868.6,324,1.1,2,33,0,33,46,46,46,47,275,20,23,96
ABO,2023,6,7,19,14.4,59,9.7,6.5,7.02,10,32.2,0,868.8,304,1,2.2,30,0,30,19,20,20,19,280,48,23,96
ABO,2023,6,7,20,12.9,65.1,9.7,6.5,7.02,9.4,30.7,0,869.1,14,0.9,2.9,0,0,0,0,0,0,0,262,29,23,96
ABO,2023,6,7,21,12,67.6,9.5,6.2,6.87,8.8,29.4,0,869.4,292,0.8,2.2,0,0,0,0,0,0,0,293,65,23,96
ABO,2023,6,7,22,12.4,65.9,9.5,6.2,6.87,9,29.8,0,869.2,248,0.9,2.5,0,0,0,0,0,0,0,315,88,23,96
ABO,2023,6,7,23,12.1,65.8,9.3,5.9,6.73,8.7,29.1,0,869,315,0.9,2.4,0,0,0,0,0,0,0,283,33,23,96
ABO,2023,6,8,0,11.5,68,9.2,5.8,6.66,8.4,28.3,0,868.8,284,0.7,1.9,0,0,0,0,0,0,0,284,54,23,96
ABO,2023,6,8,1,11.9,66.2,9.2,5.8,6.66,8.6,28.8,0,868.4,281,0.7,1.7,0,0,0,0,0,0,0,284,55,23,96
ABO,2023,6,8,2,12,66.2,9.3,5.9,6.74,8.7,29.1,0,868.1,346,0.6,1.9,0,0,0,0,0,0,0,293,61,23,96
ABO,2023,6,8,3,12.3,64.5,9.2,5.8,6.66,8.8,29.2,0,868,360,1.2,3.9,0,0,0,0,0,0,0,298,56,23,96
ABO,2023,6,8,4,11.7,67.1,9.2,5.8,6.66,8.5,28.6,0,868.3,342,0.8,2.6,0,0,0,0,0,0,0,284,13,23,96
ABO,2023,6,8,5,11,70.8,9.3,5.9,6.73,8.3,28,0,868.3,270,0.6,2.8,85,269,45,146,279,26,25,284,25,23,96
ABO,2023,6,8,6,12.6,68.7,10,7,7.25,9.5,31,0,868.1,188,0.9,2.8,266,639,73,246,676,51,53,269,19,23,96
ABO,2023,6,8,7,14.9,57.1,9.7,6.5,7.03,10.2,32.8,0,868,186,1.1,2.2,460,808,89,199,845,78,82,249,6,23,96
ABO,2023,6,8,8,17,50.7,9.8,6.7,7.1,11.1,35.1,0,867.9,129,1.5,3.2,609,796,124,107,805,242,110,256,25,23,96
ABO,2023,6,8,9,18.6,47.7,10.2,7.3,7.4,12,37.5,0,867.7,73,2.9,5.8,705,660,219,142,676,395,144,279,44,23,96
ABO,2023,6,8,10,17.7,54.4,11,8.4,7.99,12.2,38,0,867.7,48,4.2,7.5,754,553,288,173,525,472,173,305,65,23,96
ABO,2023,6,8,11,19.1,47.5,10.5,7.7,7.62,12.4,38.5,0.1,867.4,45,3.8,8,696,507,243,153,379,449,154,308,68,23,96
ABO,2023,6,8,12,17,63,12.2,9.9,8.87,12.7,39.6,1.2,867.7,86,3.1,6.6,318,63,260,135,141,188,157,329,100,23,96
ABO,2023,6,8,13,17.7,61.9,12.5,10.3,9.1,13.2,40.8,0,867.3,72,1.9,6,1000,976,133,160,154,614,513,297,63,23,96
ABO,2023,6,8,14,17.7,57.8,11.7,9.3,8.51,12.7,39.4,0.2,866.9,47,2.9,6.4,535,274,310,166,169,327,373,321,88,23,96
ABO,2023,6,8,15,18.3,53.1,11.2,8.6,8.14,12.5,39,0,866.8,114,2,4.6,170,13,160,84,88,93,92,342,100,23,96
ABO,2023,6,8,16,17.8,54.8,11.2,8.6,8.14,12.4,38.5,0,867,37,3.4,8.1,497,522,179,126,118,208,586,342,88,23,96
ABO,2023,6,8,17,14.3,78.4,12.8,10.6,9.32,12.1,37.9,1.5,867.3,24,2.5,7.1,106,37,91,58,50,49,85,341,100,23,96
ABO,2023,6,8,18,12.9,87.6,13,10.9,9.46,11.7,36.8,1.7,867.9,223,2.2,6.3,29,0,29,15,16,16,14,341,100,23,96
ABO,2023,6,8,19,12.9,85.9,12.8,10.6,9.32,11.5,36.5,0.5,867.5,259,1.4,3.7,6,0,6,3,4,4,3,334,88,23,96
ABO,2023,6,8,20,12.1,86.4,12.2,9.9,8.87,10.8,34.5,0,867.7,311,1.1,2.5,0,0,0,0,0,0,0,294,56,23,96
ABO,2023,6,8,21,11,89.2,11.7,9.3,8.5,10,32.5,0,867.7,288,0.7,2,0,0,0,0,0,0,0,282,41,23,96
ABO,2023,6,8,22,10.3,89.2,11.2,8.6,8.14,9.3,30.8,0,867.5,153,0.4,1.7,0,0,0,0,0,0,0,286,26,23,96
ABO,2023,6,8,23,10,88.6,10.9,8.2,7.92,9,30,0,867.2,225,0.5,1.3,0,0,0,0,0,0,0,291,29,23,96
ABO,2023,6,9,0,10.1,87.4,10.8,8.1,7.85,9,29.9,0,866.8,297,0.6,1.6,0,0,0,0,0,0,0,306,74,23,96
ABO,2023,6,9,1,10.1,83.3,10.3,7.4,7.48,8.6,29,0,866.5,315,0.6,1.4,0,0,0,0,0,0,0,298,71,21,96
ABO,2023,6,9,2,10,83.3,10.2,7.3,7.41,8.5,28.7,0,866.4,315,0.6,1.5,0,0,0,0,0,0,0,292,53,21,96
ABO,2023,6,9,3,9.9,81,9.9,6.8,7.19,8.2,28.1,0,866.2,292,0.6,1.8,0,0,0,0,0,0,0,280,23,21,96
ABO,2023,6,9,4,9.7,78.8,9.5,6.2,6.9,7.8,27.1,0,866.1,281,0.7,1.8,0,0,0,0,0,0,0,272,0,21,96
ABO,2023,6,9,5,10,79.9,9.8,6.7,7.12,8.2,28,0,866.2,225,0.5,1.7,89,311,40,158,316,23,23,276,13,21,96
ABO,2023,6,9,6,12.6,70.6,10.3,7.4,7.48,9.7,31.6,0,866.3,205,1.5,4.4,264,662,66,247,689,46,47,249,0,21,96
ABO,2023,6,9,7,15.3,56.5,9.8,6.7,7.12,10.5,33.4,0,866.3,202,1.2,2.4,386,547,142,189,622,85,84,286,50,21,96
ABO,2023,6,9,8,17.6,46.8,9.4,6.1,6.82,11.1,35,0,866.1,131,1.2,3.1,618,844,103,96,822,226,99,267,20,21,96
ABO,2023,6,9,9,19.3,43.2,9.7,6.5,7.05,11.9,37.3,0,865.9,62,2.9,5.9,756,837,139,120,739,381,123,274,38,21,96
ABO,2023,6,9,10,20.2,41.7,9.9,6.8,7.2,12.4,38.6,0,865.6,63,3.9,6.9,903,938,117,134,622,508,139,273,40,21,96
ABO,2023,6,9,11,21.3,41.5,10.5,7.7,7.64,13.2,40.8,0,865.6,63,3.6,7,860,671,261,165,447,541,167,307,63,21,96
ABO,2023,6,9,12,21.5,41.8,10.7,8,7.79,13.4,41.4,0,865.3,49,3.7,7.1,812,527,330,185,268,520,257,314,71,21,96
ABO,2023,6,9,13,21.8,45.2,11.8,9.4,8.6,14.2,43.8,0,865.1,44,4.6,8.6,732,413,362,189,191,465,403,316,81,21,96
ABO,2023,6,9,14,20.9,49.7,12.3,10,8.97,14.2,43.8,0,864.8,40,4.7,9.7,379,156,248,125,129,227,237,334,94,21,96
ABO,2023,6,9,15,19.7,54.6,12.5,10.3,9.12,13.9,43,0,864.7,11,2.7,6.9,156,9,150,76,80,82,81,346,100,21,96
ABO,2023,6,9,16,16.3,76.7,14.2,12.2,10.37,13.7,42.6,6.9,866.1,235,3,6.8,60,0,60,30,32,32,29,345,100,21,96
ABO,2023,6,9,17,14.1,90.1,14.5,12.5,10.59,13.1,40.9,5.7,866.5,149,1,3.2,49,0,49,25,26,26,23,345,100,21,96
ABO,2023,6,9,18,13.8,90.1,14.2,12.2,10.36,12.8,40,1.6,866.9,45,1.3,2.9,54,0,54,27,29,28,26,345,100,21,96
ABO,2023,6,9,19,13.5,89.4,13.8,11.8,10.06,12.5,39,0.3,866.7,270,0.8,2,30,0,30,16,17,17,16,344,100,21,96
ABO,2023,6,9,20,13.1,88.2,13.3,11.2,9.69,12,37.6,1.4,866.8,233,1.3,3.9,0,0,0,0,0,0,0,331,100,21,96
ABO,2023,6,9,21,12.7,90,13.2,11.1,9.61,11.7,37,0.1,867.2,243,0.8,2.3,0,0,0,0,0,0,0,339,100,21,96
ABO,2023,6,9,22,12.5,91.2,13.2,11.1,9.62,11.7,36.8,0.2,867.1,180,0.6,2,0,0,0,0,0,0,0,336,100,21,96
ABO,2023,6,9,23,12.4,91.8,13.2,11.1,9.62,11.6,36.7,0.1,866.9,203,1,2.8,0,0,0,0,0,0,0,329,100,21,96
ABO,2023,6,10,0,12.3,92.4,13.2,11.1,9.62,11.6,36.6,0.2,866.8,202,0.7,1.8,0,0,0,0,0,0,0,332,100,21,96
ABO,2023,6,10,1,12.3,92.4,13.2,11.1,9.62,11.6,36.6,1.1,866.7,198,0.7,2,0,0,0,0,0,0,0,330,100,21,96
ABO,2023,6,10,2,12.3,92.4,13.2,11.1,9.62,11.6,36.6,0.5,866.7,198,0.8,1.9,0,0,0,0,0,0,0,331,100,21,96
ABO,2023,6,10,3,12.2,93,13.2,11.1,9.62,11.5,36.5,0.2,866.7,188,0.8,1.7,0,0,0,0,0,0,0,332,100,21,96
ABO,2023,6,10,4,12.2,90.5,12.9,10.7,9.4,11.3,36,1.1,866.8,207,1,2,0,0,0,0,0,0,0,332,100,21,96
ABO,2023,6,10,5,12.2,91.8,13,10.9,9.47,11.4,36.2,2.6,867,203,0.9,2.1,28,6,27,17,21,14,13,333,100,21,96
ABO,2023,6,10,6,12.3,91.2,13,10.9,9.47,11.5,36.3,0.7,867,196,0.9,2.2,19,0,19,10,10,10,9,334,100,21,96
ABO,2023,6,10,7,12.7,90,13.2,11.1,9.62,11.7,37,0.2,867,196,1,2.1,121,3,120,61,67,63,57,335,100,21,96
ABO,2023,6,10,8,13.8,84.9,13.4,11.3,9.76,12.3,38.5,0,867.2,82,1,2.5,174,1,173,88,93,91,83,337,100,21,96
ABO,2023,6,10,9,14.1,88.3,14.2,12.2,10.35,12.9,40.3,0,867.3,77,2.2,4.3,253,7,247,125,138,133,119,339,100,21,96
ABO,2023,6,10,10,14,83.2,13.3,11.2,9.68,12.3,38.5,0,867.5,86,1.5,4.1,209,0,209,106,111,110,100,341,100,21,96
ABO,2023,6,10,11,15.6,72.1,12.8,10.6,9.32,12.6,39.3,0,867.4,166,1.1,3.2,343,10,334,169,182,182,160,342,100,21,96
ABO,2023,6,10,12,16.3,69,12.8,10.6,9.32,12.8,40,0,867.4,74,1.6,3.1,267,3,265,134,142,141,127,344,100,21,96
ABO,2023,6,10,13,16.6,67.2,12.7,10.5,9.24,12.9,40.1,0,867.2,75,1.6,3.3,375,39,341,171,180,205,189,346,100,21,96
ABO,2023,6,10,14,17.8,58.3,11.9,9.5,8.66,12.8,39.8,0,867,83,1.9,3.9,488,160,358,178,185,282,304,345,94,21,96
ABO,2023,6,10,15,18.9,53.7,11.7,9.3,8.51,13.1,40.6,0,866.7,75,2.3,5,451,224,283,146,150,250,333,322,81,21,96
ABO,2023,6,10,16,18.5,62,13.2,11.1,9.62,13.9,43,0,866.5,58,2.1,3.7,374,244,236,141,125,155,359,317,68,21,96
ABO,2023,6,10,17,18.5,63.3,13.5,11.4,9.84,14.1,43.6,0,866.6,38,2.9,6.5,24,0,24,12,13,12,11,340,88,21,96
ABO,2023,6,10,18,17.4,69.2,13.7,11.7,9.99,13.9,42.8,0,867.1,32,2.4,6.5,64,0,64,35,36,36,33,334,100,21,96
ABO,2023,6,10,19,16.6,75.2,14.2,12.2,10.35,13.9,42.9,0,867.5,63,0.9,2,25,0,25,14,14,14,13,343,100,21,96
ABO,2023,6,10,20,15.9,78.7,14.2,12.2,10.34,13.6,42.2,0,868,241,1.2,2.9,0,0,0,0,0,0,0,338,100,21,96
ABO,2023,6,10,21,15,81.2,13.8,11.8,10.05,13,40.5,0,868.3,225,0.9,2.4,0,0,0,0,0,0,0,295,73,21,96
ABO,2023,6,10,22,13.9,82.1,13,10.9,9.46,12.1,37.9,0,868.2,281,0.7,2,0,0,0,0,0,0,0,289,6,21,96
ABO,2023,6,10,23,12.9,84.2,12.5,10.3,9.09,11.4,35.9,0,868,288,0.6,2,0,0,0,0,0,0,0,290,0,21,96
ABO,2023,6,11,0,12.6,84.2,12.3,10,8.94,11.1,35.2,0,867.9,297,0.7,1.6,0,0,0,0,0,0,0,285,0,21,96
ABO,2023,6,11,1,12.4,83.6,12,9.7,8.72,10.8,34.5,0,868,304,0.5,1.7,0,0,0,0,0,0,0,271,0,22,96
ABO,2023,6,11,2,11.8,85.2,11.8,9.4,8.57,10.4,33.5,0,868,297,0.5,1.2,0,0,0,0,0,0,0,272,0,22,96
ABO,2023,6,11,3,11.7,85.8,11.8,9.4,8.57,10.4,33.4,0,868.1,281,0.7,1.6,0,0,0,0,0,0,0,274,0,22,96
ABO,2023,6,11,4,11.4,85.2,11.5,9,8.35,10,32.5,0,868,297,0.5,1.2,0,0,0,0,0,0,0,275,0,22,96
ABO,2023,6,11,5,12.1,83.5,11.8,9.4,8.57,10.5,33.8,0,868,243,0.7,3.7,90,313,41,162,318,23,23,280,10,22,96
ABO,2023,6,11,6,14.2,75.8,12.3,10,8.94,11.7,36.9,0,867.9,212,1.1,3,261,640,69,245,670,47,49,254,0,22,96
ABO,2023,6,11,7,15.9,70.3,12.7,10.5,9.24,12.6,39.4,0,868,157,0.9,2.6,437,740,96,192,781,73,76,248,0,22,96
ABO,2023,6,11,8,17.8,62.7,12.8,10.6,9.31,13.4,41.5,0,868.1,90,2.3,4.9,618,847,100,97,823,223,100,250,0,22,96
ABO,2023,6,11,9,18.5,62.9,13.4,11.3,9.75,14,43.3,0,868.1,68,3.6,6.9,769,886,114,119,755,377,123,272,13,22,96
ABO,2023,6,11,10,19.1,60.6,13.4,11.3,9.75,14.2,43.9,0,868.2,69,4.5,8,882,860,164,143,628,509,147,298,36,22,96
ABO,2023,6,11,11,20,54.7,12.8,10.6,9.31,14.2,43.7,0,868.2,50,3.5,7.7,951,896,146,147,435,578,153,285,25,22,96
ABO,2023,6,11,12,20.8,52.4,12.9,10.7,9.38,14.5,44.7,0,868,41,3.9,6.9,927,782,210,159,222,588,262,299,35,22,96
ABO,2023,6,11,13,21.1,52.8,13.2,11.1,9.61,14.8,45.6,0,867.5,45,4.1,7.5,874,707,243,165,163,543,463,296,43,22,96
ABO,2023,6,11,14,21.6,50.5,13,10.9,9.47,14.9,45.8,0,867.2,49,3.9,7.6,847,835,157,136,132,485,638,312,40,22,96
ABO,2023,6,11,15,21.9,49.6,13,10.9,9.47,15,46.1,0,867.1,46,4.3,7.8,670,651,198,132,131,345,649,309,45,22,96
ABO,2023,6,11,16,21.4,51.8,13.2,11.1,9.62,14.9,46,0,866.8,36,4.1,9.2,521,572,174,125,110,205,632,323,56,22,96
ABO,2023,6,11,17,18.7,65,14,12,10.21,14.5,44.7,1,867.1,5,4,8.4,152,70,117,85,70,70,141,332,75,22,96
ABO,2023,6,11,18,17.6,74.4,15,13,10.95,14.7,45.4,0.3,867.3,356,1.7,3.4,69,0,69,40,41,41,38,347,94,22,96
ABO,2023,6,11,19,17.2,77.8,15.3,13.3,11.17,14.7,45.6,0,867.3,329,1,2.2,17,0,17,9,9,9,9,324,88,22,96
ABO,2023,6,11,20,16.1,76.1,13.9,11.9,10.13,13.5,41.8,0,867.8,319,1,2.2,0,0,0,0,0,0,0,336,94,22,96
ABO,2023,6,11,21,15.4,77,13.5,11.4,9.83,13,40.3,0,868,315,1.1,2.6,0,0,0,0,0,0,0,285,25,22,96
ABO,2023,6,11,22,14.6,80,13.3,11.2,9.68,12.5,39.1,0,867.9,315,0.7,1.6,0,0,0,0,0,0,0,250,0,22,96
ABO,2023,6,11,23,14,80.5,12.9,10.7,9.39,12,37.8,0,867.7,301,0.7,2.2,0,0,0,0,0,0,0,255,0,22,96
ABO,2023,6,12,0,13.4,82.6,12.7,10.5,9.24,11.7,36.8,0,867.6,288,0.5,1.5,0,0,0,0,0,0,0,276,0,22,96
ABO,2023,6,12,1,13.2,82,12.4,10.2,9.02,11.4,36,0,867.6,284,0.7,1.6,0,0,0,0,0,0,0,273,0,23,96
ABO,2023,6,12,2,13.1,81.5,12.3,10,8.95,11.3,35.8,0,867.1,315,0.6,1.4,0,0,0,0,0,0,0,273,40,23,96
ABO,2023,6,12,3,12.9,84.2,12.5,10.3,9.1,11.4,35.9,0,867.3,288,0.5,1.4,0,0,0,0,0,0,0,274,10,23,96
ABO,2023,6,12,4,12.9,83.6,12.4,10.2,9.02,11.3,35.7,0,867.4,14,0.7,1.6,0,0,0,0,0,0,0,266,33,23,96
ABO,2023,6,12,5,13.1,82.6,12.4,10.2,9.02,11.4,35.9,0,867.4,180,0.5,1.8,83,236,42,127,249,25,24,271,35,23,96
ABO,2023,6,12,6,14.4,76.4,12.5,10.3,9.09,11.9,37.5,0,867.4,171,0.7,1.9,254,531,88,222,581,56,57,248,29,23,96
ABO,2023,6,12,7,15.8,71.2,12.8,10.6,9.32,12.7,39.5,0,867.5,132,1.3,3.5,437,710,114,210,771,82,85,255,19,23,96
ABO,2023,6,12,8,16.9,68.6,13.2,11.1,9.61,13.3,41.3,0,867.3,80,2.4,5.1,638,873,103,107,856,237,110,244,0,23,96
ABO,2023,6,12,9,18.3,64.1,13.5,11.4,9.84,14,43.3,0,867,80,3.6,6.1,783,906,111,128,773,389,133,244,13,23,96
ABO,2023,6,12,10,19.6,56.4,12.9,10.7,9.39,14.1,43.5,0,867,53,3.9,7.4,817,685,245,162,599,504,164,263,29,23,96
ABO,2023,6,12,11,19.9,51.1,11.9,9.5,8.66,13.6,42,0,866.7,49,4.2,8.2,991,922,163,164,472,618,170,284,43,23,96
ABO,2023,6,12,12,20.6,48.9,11.9,9.5,8.66,13.8,42.7,0,866.4,44,4.1,8.1,922,763,222,184,266,574,229,300,51,23,96
ABO,2023,6,12,13,21.3,49.5,12.5,10.3,9.11,14.5,44.6,0,866.1,41,4.9,10.1,891,728,241,170,166,571,497,319,71,23,96
ABO,2023,6,12,14,21.1,48.1,12,9.7,8.74,14.1,43.4,0,866,39,5,10.2,568,226,378,198,203,346,364,335,94,23,96
ABO,2023,6,12,15,20.4,50.9,12.2,9.9,8.89,14,43.1,0,865.9,44,3.7,7.3,150,0,150,78,82,81,75,346,100,23,96
ABO,2023,6,12,16,19.8,52.8,12.2,9.9,8.89,13.8,42.5,0,865.6,33,2.9,5.4,200,22,188,100,103,105,116,346,100,23,96
ABO,2023,6,12,17,19.6,54.9,12.5,10.3,9.12,13.9,42.8,0,865.4,34,2.4,5,122,2,121,64,66,66,63,345,100,23,96
ABO,2023,6,12,18,18.4,62.4,13.2,11.1,9.63,13.9,42.9,0,865.5,103,1.7,4.1,72,0,72,39,41,41,38,320,94,23,96
ABO,2023,6,12,19,15.3,80.7,14,12,10.22,13.3,41.2,15.8,866.3,14,2.2,8.5,29,0,29,19,20,20,19,325,94,23,96
ABO,2023,6,12,20,14.3,90.1,14.7,12.7,10.74,13.3,41.5,0.3,866.3,222,1.3,3.1,0,0,0,0,0,0,0,338,100,23,96
ABO,2023,6,12,21,13.9,90.1,14.3,12.3,10.44,12.9,40.4,0,866.1,202,1.3,3.3,0,0,0,0,0,0,0,329,100,23,96
ABO,2023,6,12,22,13.3,90.6,13.8,11.8,10.08,12.4,38.8,0,865.6,207,0.6,2,0,0,0,0,0,0,0,317,84,23,96
ABO,2023,6,12,23,12.6,90.6,13.2,11.1,9.63,11.7,37,0.1,865.5,236,0.7,1.6,0,0,0,0,0,0,0,321,78,23,96
ABO,2023,6,13,0,12.4,88.8,12.8,10.6,9.34,11.3,36,0,864.8,214,0.6,1.5,0,0,0,0,0,0,0,314,63,23,96
ABO,2023,6,13,1,12,90.5,12.7,10.5,9.28,11.1,35.5,0,864.2,304,0.6,1.3,0,0,0,0,0,0,0,292,45,24,96
ABO,2023,6,13,2,11.8,88.1,12.2,9.9,8.91,10.7,34.3,0,864.1,288,0.6,1.5,0,0,0,0,0,0,0,297,65,24,96
ABO,2023,6,13,3,12,87,12.2,9.9,8.91,10.8,34.5,0,864,225,0.7,2,0,0,0,0,0,0,0,317,94,24,96
ABO,2023,6,13,4,12.2,85.8,12.2,9.9,8.91,10.9,34.7,0,863.8,243,1.1,3.2,0,0,0,0,0,0,0,325,100,24,96
ABO,2023,6,13,5,12.8,86.5,12.8,10.6,9.35,11.5,36.5,0,863.9,233,0.7,1.8,27,6,25,17,21,15,14,328,100,24,96
ABO,2023,6,13,6,13.7,82.1,12.9,10.7,9.43,11.9,37.6,0,864,153,0.5,2.1,146,112,117,105,177,64,60,329,88,24,96
ABO,2023,6,13,7,14.2,85.5,13.8,11.8,10.1,12.7,39.8,0,863.8,77,1,3.4,250,126,196,139,240,107,100,320,88,24,96
ABO,2023,6,13,8,15.5,78.6,13.8,11.8,10.1,13.2,41.1,0,863.6,68,2.3,3.6,397,190,282,149,350,210,144,333,94,24,96
ABO,2023,6,13,9,15,80.6,13.7,11.7,10.03,13,40.4,0,863.5,67,2.4,3.8,609,454,265,162,521,346,161,313,68,24,96
ABO,2023,6,13,10,16.1,73.2,13.4,11.3,9.8,13.2,41,0,863.5,87,2.4,5.8,455,84,386,203,280,263,195,327,94,24,96
ABO,2023,6,13,11,17.2,65.1,12.8,10.6,9.36,13.2,41,0,863.5,63,3.4,7.4,588,179,428,225,343,362,218,329,94,24,96
ABO,2023,6,13,12,17.6,63.5,12.8,10.6,9.36,13.3,41.4,0,863.3,51,3,6.1,479,68,417,220,242,279,227,343,100,24,96
ABO,2023,6,13,13,18.3,60.8,12.8,10.6,9.36,13.6,42.1,0,863.2,41,3.9,7.8,489,92,406,214,222,289,259,344,100,24,96
ABO,2023,6,13,14,17.5,61.4,12.3,10,8.99,13,40.4,0,863.4,44,3.2,7.1,150,0,150,79,83,82,75,343,100,24,96
ABO,2023,6,13,15,17.7,60.2,12.2,9.9,8.92,13,40.4,0,863.1,62,2.2,5.3,102,0,102,54,56,56,51,343,100,24,96
ABO,2023,6,13,16,17.1,65.5,12.8,10.6,9.36,13.1,40.9,0,863.1,180,1.4,3.9,78,0,78,41,43,42,39,342,100,24,96
ABO,2023,6,13,17,17.1,65.5,12.8,10.6,9.36,13.1,40.9,0,863.1,201,1.1,2.8,92,1,91,48,50,50,47,341,100,24,96
ABO,2023,6,13,18,17.2,66.5,13,10.9,9.51,13.3,41.4,0,863.2,117,1.1,4,12,0,12,6,6,6,6,341,100,24,96
ABO,2023,6,13,19,16.6,67.7,12.8,10.6,9.36,13,40.4,0,863.6,37,2.6,6.4,4,0,4,2,2,2,2,339,100,24,96
ABO,2023,6,13,20,15.1,77.5,13.3,11.2,9.72,12.7,39.8,0,864.1,193,1.2,2.8,0,0,0,0,0,0,0,336,88,24,96
ABO,2023,6,13,21,14.5,80,13.2,11.1,9.65,12.4,39,0,864.3,196,0.9,2.1,0,0,0,0,0,0,0,332,100,24,96
ABO,2023,6,13,22,14.3,81.1,13.2,11.1,9.65,12.4,38.8,0,864.2,196,0.8,2.1,0,0,0,0,0,0,0,302,64,24,96
ABO,2023,6,13,23,13.9,81,12.9,10.7,9.42,12,37.8,0,864.4,225,0.7,1.6,0,0,0,0,0,0,0,311,71,24,96
ABO,2023,6,14,0,13.1,83.1,12.5,10.3,9.13,11.4,36.2,0,864.2,180,0.6,1.7,0,0,0,0,0,0,0,301,55,24,96
ABO,2023,6,14,1,12.3,85.3,12.2,9.9,8.91,10.9,34.8,0,864.1,270,0.6,2.4,0,0,0,0,0,0,0,278,31,23,96
ABO,2023,6,14,2,11.2,86.3,11.5,9,8.39,9.9,32.4,0,864,270,0.4,1.1,0,0,0,0,0,0,0,270,0,23,96
ABO,2023,6,14,3,10.8,86.3,11.2,8.6,8.17,9.6,31.4,0,863.9,270,0.4,0.9,0,0,0,0,0,0,0,270,0,23,96
ABO,2023,6,14,4,10.8,86.3,11.2,8.6,8.17,9.6,31.4,0,864.1,333,0.5,1.2,2,0,2,1,1,1,1,270,6,23,96
ABO,2023,6,14,5,11,86.3,11.3,8.8,8.24,9.7,31.8,0,864.5,153,0.4,2.3,96,341,41,178,346,25,25,273,0,23,96
ABO,2023,6,14,6,12.6,80.8,11.8,9.4,8.61,10.7,34.4,0,864.6,141,0.9,2.5,229,430,103,208,489,60,59,289,33,23,96
ABO,2023,6,14,7,13.7,75.7,11.9,9.5,8.68,11.2,35.7,0,864.9,94,1.6,3.7,449,717,112,202,773,84,87,268,35,23,96
ABO,2023,6,14,8,15.2,66.5,11.5,9,8.38,11.6,36.5,0,865.2,76,2.8,6.8,641,862,115,108,858,241,112,235,19,23,96
ABO,2023,6,14,9,16.6,54.1,10.2,7.3,7.42,11.3,35.5,0,865.4,51,3.8,6.8,745,768,178,135,729,397,139,235,13,23,96
ABO,2023,6,14,10,17.8,53,10.8,8.1,7.86,12.1,37.8,0,865.6,49,4,7.1,909,938,123,148,645,517,153,235,0,23,96
ABO,2023,6,14,11,18.8,52.5,11.4,8.9,8.3,12.9,40,0,865.6,45,4.2,7.6,961,895,158,162,460,592,167,235,25,23,96
ABO,2023,6,14,12,19.2,50.2,11.2,8.6,8.15,12.9,40,0,865.6,40,4.7,8.9,984,888,169,165,240,622,255,235,25,23,96
ABO,2023,6,14,13,19.8,45.5,10.5,7.7,7.64,12.7,39.3,0,865.6,40,4.7,8.4,1006,988,124,161,154,607,505,259,25,23,96
ABO,2023,6,14,14,20,43.7,10.2,7.3,7.42,12.5,38.9,0,865.7,41,4.3,8.2,891,913,135,147,141,507,674,278,36,23,96
ABO,2023,6,14,15,19.5,41,9.3,5.9,6.75,11.7,36.7,0,865.8,47,3.7,7.4,648,627,184,137,136,336,610,291,59,23,96
ABO,2023,6,14,16,19.9,40,9.3,5.9,6.75,11.9,37.1,0,865.9,37,3.7,7.1,657,865,144,141,110,228,906,320,78,23,96
ABO,2023,6,14,17,19.3,39,8.7,5,6.31,11.3,35.4,0,866.3,21,3.3,7.3,395,613,113,209,86,87,697,336,100,23,96
ABO,2023,6,14,18,18.2,38.6,8.1,3.9,5.87,10.4,33.2,0,867,354,2.8,5.9,48,0,48,55,55,55,55,323,90,23,96
ABO,2023,6,14,19,17.3,37.6,7.4,2.7,5.35,9.5,30.9,0,867.5,347,2.8,5.7,31,0,31,22,22,22,21,271,45,23,96
ABO,2023,6,14,20,15.3,47.1,8.2,4.1,5.93,9.3,30.4,0,868.2,18,0.6,2,0,0,0,0,0,0,0,230,0,23,96
ABO,2023,6,14,21,13.4,52.5,8.1,3.9,5.86,8.4,28.3,0,868.5,315,0.9,2.1,0,0,0,0,0,0,0,228,0,23,96
ABO,2023,6,14,22,12.6,55.4,8.1,3.9,5.85,8,27.4,0,868.6,288,0.7,1.7,0,0,0,0,0,0,0,254,0,23,96
ABO,2023,6,14,23,11.6,57.9,7.9,3.6,5.71,7.5,26.1,0,868.6,297,0.7,1.7,0,0,0,0,0,0,0,260,0,23,96
ABO,2023,6,15,0,11.1,59.8,7.9,3.6,5.71,7.2,25.5,0,868.5,297,0.6,1.7,0,0,0,0,0,0,0,256,0,23,96
ABO,2023,6,15,1,10.9,60.6,7.9,3.6,5.71,7.1,25.3,0,868.6,292,0.7,1.9,0,0,0,0,0,0,0,255,25,23,96
ABO,2023,6,15,2,10.3,63.1,7.9,3.6,5.71,6.9,24.7,0,868.6,297,0.5,1.6,0,0,0,0,0,0,0,257,19,23,96
ABO,2023,6,15,3,10.1,63.1,7.8,3.4,5.64,6.7,24.3,0,868.6,292,0.6,1.4,0,0,0,0,0,0,0,259,19,23,96
ABO,2023,6,15,4,9.9,64.8,7.9,3.6,5.71,6.7,24.3,0,868.9,304,0.6,1.4,2,0,2,1,1,1,1,261,16,23,96
ABO,2023,6,15,5,10.7,63.7,8.2,4.1,5.92,7.3,25.7,0,869.1,0,0.6,2.2,91,304,42,160,311,25,25,263,16,23,96
ABO,2023,6,15,6,13.2,58.7,8.9,5.3,6.43,8.9,29.5,0,869.2,209,1.3,2.6,286,680,82,277,723,55,57,269,23,23,96
ABO,2023,6,15,7,15.7,52.8,9.4,6.1,6.8,10.3,33,0,869.2,164,0.8,2.5,411,601,139,211,683,87,89,257,23,23,96
ABO,2023,6,15,8,16.9,47.9,9.2,5.8,6.65,10.7,33.8,0,869.4,72,3.6,7.2,470,331,267,141,478,242,138,281,55,23,96
ABO,2023,6,15,9,16.6,47.8,9,5.5,6.5,10.4,33.2,0,869.6,67,3.8,7.4,790,861,151,135,777,410,139,289,48,23,96
ABO,2023,6,15,10,17.8,48.5,9.9,6.8,7.16,11.5,36,0,869.8,52,4.3,7.4,770,595,276,173,564,466,174,290,53,23,96
ABO,2023,6,15,11,17.8,50.2,10.2,7.3,7.38,11.7,36.6,0,869.8,48,4.1,8.7,745,489,305,196,376,454,194,297,64,23,96
ABO,2023,6,15,12,18.2,48.9,10.2,7.3,7.38,11.9,37,0,869.9,43,4.2,8.5,394,166,242,127,167,252,149,323,81,23,96
ABO,2023,6,15,13,18.7,46.5,10,7,7.23,11.9,37.1,0,869.9,40,4.4,8.3,556,223,358,187,192,348,318,324,75,23,96
ABO,2023,6,15,14,19,43.2,9.5,6.2,6.87,11.7,36.5,0,869.9,51,3.7,8.1,420,96,339,177,184,245,245,336,94,23,96
ABO,2023,6,15,15,19.1,37,8.2,4.1,5.92,10.8,34.2,0,870,46,3.4,6.9,427,347,183,114,115,218,399,329,84,23,96
ABO,2023,6,15,16,18.6,33.6,7.2,2.3,5.19,9.9,31.9,0,870.1,28,3.1,7.7,531,572,186,127,121,220,646,306,78,23,96
ABO,2023,6,15,17,18.2,34,7.1,2.1,5.12,9.7,31.3,0,870.2,13,2.4,4.9,149,11,144,81,81,81,86,334,100,23,96
ABO,2023,6,15,18,18,34.9,7.2,2.3,5.19,9.6,31.2,0,870.4,5,2.2,4.6,65,0,65,34,36,36,33,334,100,23,96
ABO,2023,6,15,19,17.3,38.4,7.6,3,5.48,9.6,31.3,0,870.5,347,2.2,4.1,8,0,8,4,4,4,4,332,100,23,96
ABO,2023,6,15,20,15.8,46.9,8.4,4.5,6.06,9.7,31.2,0,871,315,0.8,2.9,0,0,0,0,0,0,0,329,100,23,96
ABO,2023,6,15,21,14.5,53.2,8.8,5.1,6.35,9.4,30.6,0,871.3,315,0.6,1.7,0,0,0,0,0,0,0,305,81,23,96
ABO,2023,6,15,22,14,56.5,9,5.5,6.49,9.4,30.5,0,871.3,249,1.1,4.1,0,0,0,0,0,0,0,297,71,23,96
ABO,2023,6,15,23,13.6,58,9,5.5,6.49,9.2,30.1,0,871.3,256,0.7,2.9,0,0,0,0,0,0,0,299,68,23,96
ABO,2023,6,16,0,13,59.5,8.9,5.3,6.42,8.8,29.3,0,871,304,0.5,1.3,0,0,0,0,0,0,0,285,45,23,96
ABO,2023,6,16,1,11.9,63.1,8.8,5.1,6.35,8.3,28,0,870.8,304,0.5,1.5,0,0,0,0,0,0,0,270,40,24,96
ABO,2023,6,16,2,11.8,63,8.7,5,6.28,8.2,27.7,0,870.6,315,0.6,1.4,0,0,0,0,0,0,0,287,59,24,96
ABO,2023,6,16,3,12.3,58.1,8.3,4.3,5.99,8.1,27.5,0,870.5,257,1.4,4.3,0,0,0,0,0,0,0,269,10,24,96
ABO,2023,6,16,4,11.7,60.4,8.3,4.3,5.99,7.8,26.9,0,870.6,270,0.8,3,2,0,2,1,1,1,1,265,0,24,96
ABO,2023,6,16,5,11.1,64.2,8.5,4.6,6.13,7.7,26.6,0,870.7,333,0.6,2.3,93,306,43,162,314,26,25,282,36,24,96
ABO,2023,6,16,6,12.4,62.7,9,5.5,6.49,8.7,28.9,0,871,174,1.3,4.7,200,279,121,169,349,67,64,300,41,24,96
ABO,2023,6,16,7,14.9,51.9,8.8,5.1,6.35,9.5,31,0,871.4,106,1,2.5,445,731,104,204,782,83,87,287,39,24,96
ABO,2023,6,16,8,16.9,43.1,8.3,4.3,5.98,10,32.1,0,871.4,183,2.4,6,631,719,186,126,787,283,129,283,50,24,96
ABO,2023,6,16,9,17.1,40.6,7.9,3.6,5.69,9.8,31.6,0,871.3,123,2.1,4.3,760,822,150,137,746,395,141,277,43,24,96
ABO,2023,6,16,10,18,45,9.3,5.9,6.71,11.2,35.1,0,871.1,53,4.1,8.5,633,363,332,190,441,381,187,292,65,24,96
ABO,2023,6,16,11,17.9,45.3,9.3,5.9,6.71,11.1,35,0,871.3,46,3.8,6.7,591,339,284,173,295,364,171,305,75,24,96
ABO,2023,6,16,12,17.9,46.2,9.5,6.2,6.86,11.2,35.4,0,871.3,49,3.4,7.5,232,16,217,114,126,130,110,330,88,24,96
ABO,2023,6,16,13,18.6,44.2,9.5,6.2,6.86,11.5,36.1,0,871.1,60,3.5,7.5,241,54,192,101,104,145,127,324,94,24,96
ABO,2023,6,16,14,18.9,40.8,8.9,5.3,6.42,11.2,35.3,0,871,63,3.2,6.9,217,10,208,110,115,120,112,336,100,24,96
ABO,2023,6,16,15,18.8,38.8,8.4,4.5,6.06,10.9,34.3,0,870.8,56,2.8,7.1,97,0,97,51,53,53,49,336,94,24,96
ABO,2023,6,16,16,18.7,39.3,8.5,4.6,6.13,10.9,34.4,0,870.6,47,2.2,4.9,189,104,129,70,71,94,173,336,88,24,96
ABO,2023,6,16,17,18.2,42,8.8,5.1,6.35,10.9,34.4,0,870.7,27,2,5.5,111,17,103,59,57,57,70,335,94,24,96
ABO,2023,6,16,18,17.7,43.1,8.7,5,6.28,10.6,33.7,0,870.9,13,2.4,5.6,55,0,55,29,30,30,27,335,88,24,96
ABO,2023,6,16,19,16.6,47.2,8.9,5.3,6.42,10.3,32.9,0,871,360,1.2,3.5,32,0,32,17,18,18,16,333,74,24,96
ABO,2023,6,16,20,14.6,55.5,9.2,5.8,6.64,9.7,31.5,0,871.3,301,0.8,2,0,0,0,0,0,0,0,302,20,24,96
ABO,2023,6,16,21,13.5,57.6,8.9,5.3,6.42,9.1,29.8,0,871.5,284,0.5,1.5,0,0,0,0,0,0,0,240,6,24,96
ABO,2023,6,16,22,13.2,58.7,8.9,5.3,6.42,8.9,29.5,0,871.4,281,0.6,1.3,0,0,0,0,0,0,0,287,26,24,96
ABO,2023,6,16,23,12.4,61,8.8,5.1,6.35,8.5,28.5,0,871.3,301,0.7,1.7,0,0,0,0,0,0,0,277,16,24,96
ABO,2023,6,17,0,11.8,63.5,8.8,5.1,6.35,8.2,27.9,0,871,304,0.6,2,0,0,0,0,0,0,0,259,25,24,96
ABO,2023,6,17,1,11.7,63.4,8.7,5,6.28,8.1,27.6,0,870.7,281,0.6,1.3,0,0,0,0,0,0,0,270,29,23,96
ABO,2023,6,17,2,11.5,62.5,8.5,4.6,6.13,7.9,27,0,870.5,281,0.6,1.5,0,0,0,0,0,0,0,263,0,23,96
ABO,2023,6,17,3,11,64.6,8.5,4.6,6.13,7.6,26.5,0,870.3,270,0.6,1.4,0,0,0,0,0,0,0,260,0,23,96
ABO,2023,6,17,4,10.6,66.4,8.5,4.6,6.13,7.5,26.1,0,870.4,297,0.6,1.4,0,0,0,0,0,0,0,261,6,23,96
ABO,2023,6,17,5,10.8,67.4,8.7,5,6.28,7.7,26.7,0,870.4,315,0.4,1.4,83,216,47,123,231,26,25,263,16,23,96
ABO,2023,6,17,6,13,62.9,9.4,6.1,6.79,9.2,30.2,0,870.4,180,0.9,3.2,265,626,75,250,661,51,52,227,0,23,96
ABO,2023,6,17,7,15.3,53.1,9.2,5.8,6.64,10,32.2,0,870.6,173,0.9,2,471,820,93,213,857,77,82,228,6,23,96
ABO,2023,6,17,8,17.5,41,8.2,4.1,5.91,10.2,32.6,0,870.6,141,1.5,3.2,641,897,93,102,865,222,106,229,0,23,96
ABO,2023,6,17,9,19.5,33.4,7.6,3,5.48,10.5,33.5,0,870.2,115,1.9,4.5,797,941,101,124,789,381,129,230,0,23,96
ABO,2023,6,17,10,20.1,32.2,7.6,3,5.48,10.7,34.1,0,870,117,2.2,6.2,904,929,125,143,637,508,148,259,29,23,96
ABO,2023,6,17,11,20.9,30,7.4,2.7,5.34,10.9,34.6,0,869.6,97,2.7,6.5,990,981,109,152,442,587,159,265,25,23,96
ABO,2023,6,17,12,21.6,30.6,7.9,3.6,5.7,11.5,36.2,0,869.6,63,3.2,6,1009,972,117,156,211,612,240,256,6,23,96
ABO,2023,6,17,13,21.9,32.3,8.5,4.6,6.14,12.1,37.6,0,869.5,44,4.1,8.2,963,916,143,153,147,582,485,286,39,23,96
ABO,2023,6,17,14,21.5,36.2,9.3,5.9,6.73,12.5,38.7,0,869.4,43,4.5,7.7,694,429,334,183,185,425,481,294,63,23,96
ABO,2023,6,17,15,20.7,38.8,9.5,6.2,6.87,12.3,38.3,0,869.3,41,3.8,7.3,551,315,318,166,170,315,446,301,75,23,96
ABO,2023,6,17,16,20,42,9.8,6.7,7.09,12.3,38.1,0,869.3,42,3.2,6.4,418,244,272,152,144,201,388,287,68,23,96
ABO,2023,6,17,17,20.1,42,9.9,6.8,7.16,12.4,38.4,0,869.4,31,3.8,6.7,262,157,191,143,105,104,263,300,68,23,96
ABO,2023,6,17,18,19.7,38.8,8.9,5.3,6.43,11.5,36.1,0,869.7,7,2.4,5.1,82,0,82,58,59,59,56,281,50,23,96
ABO,2023,6,17,19,18.2,42,8.8,5.1,6.36,10.9,34.4,0,869.9,326,1.3,3.3,29,0,29,23,24,24,23,274,36,23,96
ABO,2023,6,17,20,16.3,47.4,8.8,5.1,6.35,10.1,32.5,0,870.3,293,0.9,2.1,0,0,0,0,0,0,0,283,50,23,96
ABO,2023,6,17,21,15,54.5,9.3,5.9,6.72,10,32.1,0,870.5,297,0.6,1.6,0,0,0,0,0,0,0,278,50,23,96
ABO,2023,6,17,22,14.4,56.2,9.2,5.8,6.64,9.7,31.3,0,870.4,307,0.6,1.7,0,0,0,0,0,0,0,289,64,23,96
ABO,2023,6,17,23,14,56.5,9,5.5,6.5,9.4,30.5,0,870.1,304,0.8,2.7,0,0,0,0,0,0,0,281,54,23,96
ABO,2023,6,18,0,13.8,55.7,8.8,5.1,6.36,9.1,29.9,0,869.5,297,0.6,1.6,0,0,0,0,0,0,0,294,54,23,96
ABO,2023,6,18,1,13.2,57.9,8.8,5.1,6.36,8.8,29.3,0,869.5,304,0.6,1.8,0,0,0,0,0,0,0,287,48,21,96
ABO,2023,6,18,2,13.6,56.4,8.8,5.1,6.36,9,29.7,0,869.4,284,0.6,1.5,0,0,0,0,0,0,0,274,10,21,96
ABO,2023,6,18,3,13.1,58.3,8.8,5.1,6.36,8.8,29.2,0,869.2,323,0.7,1.5,0,0,0,0,0,0,0,232,0,21,96
ABO,2023,6,18,4,13.2,57.5,8.7,5,6.29,8.8,29.1,0,869.3,281,0.7,2.3,3,0,3,1,1,1,1,235,0,21,96
ABO,2023,6,18,5,13.1,58.3,8.8,5.1,6.36,8.8,29.2,0,869.1,304,0.8,2.6,89,291,42,154,297,24,23,262,19,21,96
ABO,2023,6,18,6,15.2,57.2,9.9,6.8,7.17,10.5,33.4,0,869.3,191,0.9,3.7,263,649,68,251,676,46,48,240,0,21,96
ABO,2023,6,18,7,17.6,50.8,10.2,7.3,7.38,11.6,36.4,0,869.5,180,1,2.5,444,785,83,194,811,69,73,243,0,21,96
ABO,2023,6,18,8,20.1,38.4,9,5.5,6.51,11.8,36.7,0,869.3,86,1.7,3.3,620,859,94,95,827,211,98,252,6,21,96
ABO,2023,6,18,9,21.9,36.8,9.7,6.5,7.02,12.9,39.9,0,869,69,2.6,5,775,906,105,116,761,367,120,266,29,21,96
ABO,2023,6,18,10,22.7,35.6,9.8,6.7,7.1,13.2,40.9,0,868.8,63,3.6,6.3,889,921,118,132,620,489,137,285,39,21,96
ABO,2023,6,18,11,23,36.4,10.2,7.3,7.39,13.6,41.9,0,868.6,50,4.2,7,947,894,143,143,434,566,148,293,41,21,96
ABO,2023,6,18,12,23.9,35.4,10.5,7.7,7.62,14.1,43.4,0,868.1,50,3.9,7,983,920,139,148,204,595,237,302,43,21,96
ABO,2023,6,18,13,24,36.4,10.9,8.2,7.91,14.4,44.3,0,867.9,60,3.6,7,560,212,368,190,196,335,283,343,90,21,96
ABO,2023,6,18,14,22.8,37.6,10.4,7.6,7.54,13.7,42.1,0,868.3,44,3.6,8.3,255,3,253,128,135,135,124,354,100,21,96
ABO,2023,6,18,15,22.3,40.1,10.8,8.1,7.83,13.7,42.3,0,868.4,34,3.8,7.2,224,13,215,109,114,118,116,353,100,21,96
ABO,2023,6,18,16,21.3,46.2,11.7,9.3,8.49,14,43,0,868.7,46,3.2,7.3,174,1,173,88,92,91,84,353,100,21,96
ABO,2023,6,18,17,20.8,49.7,12.2,9.9,8.86,14.1,43.4,0,868.9,52,1.8,4,69,0,69,35,37,37,33,352,100,21,96
ABO,2023,6,18,18,20.5,49.9,12,9.7,8.71,13.9,42.7,0,868.8,69,1.4,2.9,69,0,69,42,43,43,40,336,84,21,96
ABO,2023,6,18,19,19.5,54.9,12.4,10.2,9.01,13.8,42.5,0,868.9,333,0.6,1.7,22,0,22,13,14,14,13,340,94,21,96
ABO,2023,6,18,20,17.6,60.6,12.2,9.9,8.85,12.9,40.1,0,869.3,281,0.9,2.7,0,0,0,0,0,0,0,305,31,21,96
ABO,2023,6,18,21,16.4,63.2,11.8,9.4,8.56,12.2,38.1,0,869.7,304,0.7,2,0,0,0,0,0,0,0,290,26,21,96
ABO,2023,6,18,22,14.8,67.3,11.3,8.8,8.19,11.3,35.6,0,869.8,256,0.8,1.7,0,0,0,0,0,0,0,324,78,21,96
ABO,2023,6,18,23,15.1,65.1,11.2,8.6,8.12,11.3,35.7,0,869.6,270,0.6,2,0,0,0,0,0,0,0,337,100,21,96
ABO,2023,6,19,0,15.8,63.1,11.3,8.8,8.19,11.7,36.6,0,869.8,284,0.6,1.7,0,0,0,0,0,0,0,320,75,21,96
ABO,2023,6,19,1,15.3,64.3,11.2,8.6,8.11,11.4,35.9,0,870,346,0.8,2.6,0,0,0,0,0,0,0,325,88,20,96
ABO,2023,6,19,2,16.2,60.7,11.2,8.6,8.11,11.7,36.8,0,870.1,284,0.6,1.4,0,0,0,0,0,0,0,334,100,20,96
ABO,2023,6,19,3,16.1,62.3,11.4,8.9,8.25,11.9,37.1,0,870.4,239,0.9,3.2,0,0,0,0,0,0,0,335,100,20,96
ABO,2023,6,19,4,16,67.1,12.2,9.9,8.84,12.3,38.4,0,871.1,21,1,2.8,0,0,0,0,0,0,0,337,100,20,96
ABO,2023,6,19,5,15.1,77,13.2,11.1,9.57,12.7,39.4,0.1,871.1,22,1.3,3,34,36,30,33,49,16,14,338,100,20,96
ABO,2023,6,19,6,15.7,77.1,13.7,11.7,9.94,13.2,40.9,0,870.8,112,0.9,2.6,98,22,91,53,70,47,43,339,100,20,96
ABO,2023,6,19,7,16.7,70.4,13.4,11.3,9.72,13.4,41.4,0,870.7,166,0.9,2.1,295,238,190,157,344,97,92,332,94,20,96
ABO,2023,6,19,8,18.5,62,13.2,11.1,9.58,13.9,42.9,0,870.5,120,1,3.2,587,766,115,93,753,210,96,300,48,20,96
ABO,2023,6,19,9,20.9,54.5,13.5,11.4,9.8,14.9,45.9,0,870.1,85,2.5,4.8,747,855,114,110,725,353,113,273,13,20,96
ABO,2023,6,19,10,22.1,50.7,13.5,11.4,9.81,15.3,47.2,0,869.8,63,3.5,7.6,850,844,144,127,597,471,131,291,25,20,96
ABO,2023,6,19,11,23,47,13.2,11.1,9.59,15.5,47.5,0,869.7,46,3.7,6.7,664,344,355,185,357,400,180,328,68,20,96
ABO,2023,6,19,12,21.9,51.3,13.5,11.4,9.81,15.3,46.9,0,869.8,47,4.5,8.2,286,5,282,141,150,150,133,356,100,20,96
ABO,2023,6,19,13,20.3,62.9,15,13,10.91,15.6,48.1,0.1,870,46,2.9,6.3,424,117,321,159,166,244,226,353,94,20,96
ABO,2023,6,19,14,21.3,59.9,15.2,13.2,11.07,16.1,49.5,0,869.4,63,3.3,7,796,729,185,139,137,442,552,326,53,20,96
ABO,2023,6,19,15,21.3,59.9,15.2,13.2,11.07,16.1,49.5,0,869.1,61,3.3,5.9,682,675,186,120,118,347,656,330,61,20,96
ABO,2023,6,19,16,21.9,58.1,15.3,13.3,11.15,16.3,50.4,0,868.7,68,2.5,6.4,559,716,139,113,96,180,742,318,50,20,96
ABO,2023,6,19,17,21.1,59.1,14.8,12.8,10.78,15.8,48.6,0,868.8,51,2.7,5.9,202,186,113,99,58,58,246,334,68,20,96
ABO,2023,6,19,18,20.1,62.8,14.8,12.8,10.78,15.4,47.6,0,869,67,1.6,3.8,50,0,50,46,46,46,46,327,63,20,96
ABO,2023,6,19,19,19.6,64.8,14.8,12.8,10.78,15.3,47.1,0,869,236,0.8,2,31,0,31,16,17,17,15,327,66,20,96
ABO,2023,6,19,20,18.5,69.9,14.9,12.9,10.85,14.9,46.1,0,869,254,1,2.5,0,0,0,0,0,0,0,317,65,20,96
ABO,2023,6,19,21,17.5,73.9,14.8,12.8,10.78,14.5,44.9,0,868.9,236,1,3,0,0,0,0,0,0,0,318,68,20,96
ABO,2023,6,19,22,17.8,70.7,14.4,12.4,10.48,14.4,44.4,0,869.3,279,1.2,3.7,0,0,0,0,0,0,0,340,88,20,96
ABO,2023,6,19,23,17.1,75.3,14.7,12.7,10.68,14.3,44.2,0,870.7,42,3.5,10.5,0,0,0,0,0,0,0,346,100,20,96
ABO,2023,6,20,0,15.9,84,15.2,13.2,11.05,14.2,43.9,0,870.7,60,1.6,5.5,0,0,0,0,0,0,0,335,88,20,96
ABO,2023,6,20,1,15.6,86.2,15.3,13.3,11.12,14.1,43.8,1.2,870.9,156,1.5,4.4,0,0,0,0,0,0,0,342,100,20,96
ABO,2023,6,20,2,15.3,87.3,15.2,13.2,11.06,14,43.4,0.1,870.1,310,1.5,3.8,0,0,0,0,0,0,0,325,78,20,96
ABO,2023,6,20,3,14.2,91.3,14.8,12.8,10.77,13.3,41.5,0,869.7,225,0.8,1.9,0,0,0,0,0,0,0,307,49,20,96
ABO,2023,6,20,4,13.8,90.1,14.2,12.2,10.32,12.8,39.9,0.1,870,27,0.7,1.9,0,0,0,0,0,0,0,326,78,20,96
ABO,2023,6,20,5,14.1,88.9,14.3,12.3,10.39,13,40.4,0,870,207,0.6,2.2,67,153,44,93,167,23,22,334,75,20,96
ABO,2023,6,20,6,15.2,86.7,15,13,10.91,13.8,42.9,0,870,214,1,2.8,182,307,82,141,351,43,42,330,78,20,96
ABO,2023,6,20,7,16.8,84.6,16.2,14.2,11.81,15.1,46.8,0,869.6,188,1.1,3,385,527,142,188,603,77,77,327,71,20,96
ABO,2023,6,20,8,19,69.1,15.2,13.2,11.07,15.3,47.2,0,869.3,170,1.2,3.3,542,589,179,102,648,228,102,330,71,20,96
ABO,2023,6,20,9,21.6,55.4,14.3,12.3,10.41,15.7,48.2,0,869,97,1.8,4.2,665,612,217,126,621,342,127,332,70,20,96
ABO,2023,6,20,10,22.1,54.1,14.4,12.4,10.48,15.9,48.9,0,869,71,2.2,4.4,690,434,325,164,470,413,161,354,94,20,96
ABO,2023,6,20,11,22.9,53.6,15,13,10.92,16.5,50.8,0,869.1,63,3,6.2,765,500,313,167,387,473,166,344,81,20,96
ABO,2023,6,20,12,23.3,58.8,16.8,14.8,12.26,17.6,54.6,0,869,59,3.9,7.3,982,950,110,133,190,576,210,310,35,20,96
ABO,2023,6,20,13,23.3,60,17.2,15.1,12.56,17.8,55.4,0,869.1,55,4.3,7.8,840,690,219,150,149,498,399,341,71,20,96
ABO,2023,6,20,14,23.3,59.6,17,15,12.41,17.7,55,0,869,50,3.9,8,734,571,262,150,150,420,523,342,71,20,96
ABO,2023,6,20,15,23.2,59.6,16.9,14.9,12.34,17.7,54.7,0,869,50,3.6,8.1,492,362,217,123,125,256,392,351,84,20,96
ABO,2023,6,20,16,21.4,67.3,17.2,15.1,12.55,17.2,53.4,0.4,869.7,45,2.1,4.7,112,1,112,55,58,58,53,362,100,20,96
ABO,2023,6,20,17,20.6,72.6,17.6,15.5,12.85,17.2,53.3,0.1,869.4,28,2,5.6,52,0,52,35,36,36,34,351,88,20,96
ABO,2023,6,20,18,20.1,72.9,17.2,15.1,12.55,16.8,52.1,0,869.8,63,1.6,4.8,43,0,43,36,36,36,35,340,74,20,96
ABO,2023,6,20,19,19.2,82.8,18.4,16.2,13.44,17.2,53.4,1.1,870.1,279,1,3.4,32,0,32,17,18,17,16,357,100,20,96
ABO,2023,6,20,20,17.9,87,17.8,15.7,12.99,16.4,50.9,0,870.2,297,1.3,3.2,0,0,0,0,0,0,0,344,88,20,96
ABO,2023,6,20,21,17,87.4,16.9,14.9,12.31,15.6,48.3,0,871.1,254,1.3,3.4,0,0,0,0,0,0,0,306,50,20,96
ABO,2023,6,20,22,17.2,82.5,16.2,14.2,11.79,15.3,47.1,0,871,263,1,2.2,0,0,0,0,0,0,0,282,13,20,96
ABO,2023,6,20,23,16.6,83.5,15.8,13.8,11.49,14.8,45.8,0,871.1,288,0.8,2,0,0,0,0,0,0,0,273,6,20,96
ABO,2023,6,21,0,16.2,84,15.5,13.5,11.27,14.5,44.8,0,871,288,0.6,1.7,0,0,0,0,0,0,0,305,54,20,96
ABO,2023,6,21,1,16.4,81.4,15.2,13.2,11.04,14.4,44.4,0,871.4,304,0.7,1.8,0,0,0,0,0,0,0,337,100,20,96
ABO,2023,6,21,2,16.3,80.3,14.9,12.9,10.82,14.2,43.8,0,871.6,304,0.8,1.8,0,0,0,0,0,0,0,339,100,20,96
ABO,2023,6,21,3,16.6,78.3,14.8,12.8,10.74,14.2,43.9,0,872.1,360,0.8,2.6,0,0,0,0,0,0,0,341,100,20,96
ABO,2023,6,21,4,15.9,79.7,14.4,12.4,10.44,13.7,42.4,0,872.3,278,0.9,3,0,0,0,0,0,0,0,339,94,20,96
ABO,2023,6,21,5,15.6,80.7,14.3,12.3,10.36,13.5,41.9,0,872.9,225,0.6,2.3,73,210,39,115,219,20,19,336,81,20,96
ABO,2023,6,21,6,16.8,79.8,15.3,13.3,11.09,14.6,45,0,873.1,207,0.7,2.8,178,217,109,128,275,56,53,342,88,20,96
ABO,2023,6,21,7,18.9,71.8,15.7,13.7,11.39,15.5,47.9,0,873.3,188,0.9,2.3,364,454,154,178,538,82,81,327,71,20,96
ABO,2023,6,21,8,20.2,68.4,16.2,14.2,11.76,16.3,50.2,0,873,61,2.1,5.4,435,312,247,122,437,206,118,348,94,20,96
ABO,2023,6,21,9,19.9,69.7,16.2,14.2,11.76,16.2,49.9,0,873.1,70,3.4,7.6,595,435,267,143,493,320,141,346,84,20,96
ABO,2023,6,21,10,21.6,62.8,16.2,14.2,11.76,16.7,51.6,0,873,96,1.9,4.5,676,437,313,161,473,397,158,344,81,20,96
ABO,2023,6,21,11,21.8,64.9,16.9,14.9,12.27,17.2,53.1,0,873.6,68,2.3,4,383,62,328,161,210,211,153,362,100,20,96
ABO,2023,6,21,12,21.7,65.7,17,15,12.34,17.2,53.2,0,873.6,71,2.4,6.4,343,11,333,165,176,180,159,365,100,20,96
ABO,2023,6,21,13,24,51.2,15.3,13.3,11.09,17,52.4,0,873.5,135,3.1,9.9,578,184,415,202,209,339,309,367,100,20,96
ABO,2023,6,21,14,23.7,51.8,15.2,13.2,11.01,16.8,51.9,0,873.8,49,3.9,9.9,582,250,376,182,188,339,375,367,100,20,96
ABO,2023,6,21,15,22.9,63.9,17.8,15.7,12.93,18,55.9,0,874.1,39,4.2,8.1,545,339,300,149,153,294,450,362,94,20,96
ABO,2023,6,21,16,23,60.7,17,15,12.35,17.7,54.5,0,873.5,35,4.8,9.4,396,249,242,133,125,179,360,349,81,20,96
ABO,2023,6,21,17,22.1,55.6,14.8,12.8,10.73,16.1,49.5,0,872.9,46,3.6,8.3,196,67,165,107,92,92,156,350,90,20,96
ABO,2023,6,21,18,21.6,52.2,13.5,11.4,9.77,15.2,46.6,0,872.6,36,1.6,3.8,91,0,91,52,54,53,50,363,94,20,96
ABO,2023,6,21,19,21.1,56.8,14.2,12.2,10.3,15.4,47.4,0,872,68,1,2.3,4,0,4,2,2,2,2,367,100,20,96
ABO,2023,6,21,20,19.9,63.6,14.8,12.8,10.74,15.4,47.3,0,871.6,315,1.3,3.6,0,0,0,0,0,0,0,323,55,20,96
ABO,2023,6,21,21,18.3,68,14.3,12.3,10.38,14.5,44.7,0,871.1,270,1.4,3.5,0,0,0,0,0,0,0,326,60,20,96
ABO,2023,6,21,22,17.5,69.2,13.8,11.8,10.02,14,43,0,870.8,346,1.5,3.7,0,0,0,0,0,0,0,310,46,20,96
ABO,2023,6,21,23,17.5,65.2,13,10.9,9.42,13.4,41.5,0,871.2,270,1.3,3.7,0,0,0,0,0,0,0,275,0,20,96
ABO,2023,6,22,0,18.2,61.2,12.8,10.6,9.27,13.5,41.8,0,871.7,270,1.4,4.2,0,0,0,0,0,0,0,302,43,20,96
ABO,2023,6,22,1,17.4,64.7,12.9,10.7,9.34,13.3,41.2,0,871.7,262,1.2,5.8,0,0,0,0,0,0,0,317,73,21,95
ABO,2023,6,22,2,17.1,64.3,12.5,10.3,9.05,13,40.1,0,871.3,261,1.2,4.3,0,0,0,0,0,0,0,343,100,21,95
ABO,2023,6,22,3,17.3,63,12.4,10.2,8.99,13,40.2,0,870.8,261,1.9,4.2,0,0,0,0,0,0,0,344,94,21,95
ABO,2023,6,22,4,17.5,59,11.8,9.4,8.55,12.7,39.3,0,870.1,294,2.2,6.1,0,0,0,0,0,0,0,320,59,21,95
ABO,2023,6,22,5,19.2,51.6,11.5,9,8.33,13.1,40.4,0,869.9,5,2.5,7.2,76,213,42,119,222,23,22,302,50,21,95
ABO,2023,6,22,6,19.5,53.8,12.2,9.9,8.84,13.6,42,0,870.7,326,2,4.7,123,125,93,96,172,49,46,345,90,21,95
ABO,2023,6,22,7,21.2,50.8,12.8,10.6,9.27,14.6,44.9,0,872.1,211,1.5,7.4,195,58,171,103,150,89,82,352,100,21,95
ABO,2023,6,22,8,19.3,62.2,13.9,11.9,10.07,14.6,45,0,872.1,65,2.8,6.4,195,5,192,97,106,102,91,354,100,21,95
ABO,2023,6,22,9,19.9,60.4,14,12,10.15,14.9,45.8,0,871.7,173,1.2,3.7,311,33,286,144,180,166,137,356,100,21,95
ABO,2023,6,22,10,22.1,52.4,13.9,11.9,10.08,15.6,47.9,0,871.2,96,1.5,3.7,518,233,325,172,332,288,166,348,88,21,95
ABO,2023,6,22,11,23.2,46.5,13.2,11.1,9.57,15.5,47.7,0,871.5,63,1.7,5.1,170,2,168,84,90,89,80,361,100,21,95
ABO,2023,6,22,12,24.2,35.5,10.7,8,7.74,14.4,44,0,870.5,214,2.9,12.3,341,42,303,151,159,189,163,363,100,21,95
ABO,2023,6,22,13,20.7,63.4,15.5,13.5,11.25,16,49.4,0.5,872.2,46,3.5,9.9,204,13,193,97,102,109,101,363,100,21,95
ABO,2023,6,22,14,18.4,82.1,17.4,15.3,12.67,16.4,50.6,0,871.7,56,3.3,8.6,338,104,250,124,129,196,196,356,88,21,95
ABO,2023,6,22,15,17.4,79.9,15.9,13.9,11.57,15.1,46.8,4.2,870.5,253,3,9.7,39,0,39,20,21,21,19,359,100,21,95
ABO,2023,6,22,16,16.4,86.8,16.2,14.2,11.81,15,46.4,0,869.5,219,2.2,5.5,229,133,155,98,82,87,211,352,94,21,95
ABO,2023,6,22,17,16.7,70.4,13.4,11.3,9.7,13.4,41.3,0.6,872.9,205,6.6,20.3,183,200,82,74,49,49,236,350,94,21,95
ABO,2023,6,22,18,15.2,65.6,11.3,8.8,8.16,11.5,35.9,0,872.3,213,5.1,11.4,90,0,90,46,48,48,44,353,94,21,95
ABO,2023,6,22,19,15,68.7,11.7,9.3,8.45,11.6,36.5,0.2,872.6,223,4.7,11.5,30,0,30,15,16,16,15,351,100,21,95
ABO,2023,6,22,20,13.5,85.4,13.2,11.1,9.55,12.1,37.7,1.8,872.6,259,1.9,6,0,0,0,0,0,0,0,348,100,21,95
ABO,2023,6,22,21,13.3,88.3,13.5,11.4,9.77,12.1,38,0,873,307,1.3,3.4,0,0,0,0,0,0,0,341,94,21,95
ABO,2023,6,22,22,12.9,89.4,13.3,11.2,9.62,11.9,37.2,0,873.4,360,0.8,3.2,0,0,0,0,0,0,0,342,100,21,95
ABO,2023,6,22,23,12.9,92.4,13.7,11.7,9.91,12.2,38,0.9,873.4,270,1.3,4.4,0,0,0,0,0,0,0,331,94,21,95
ABO,2023,6,23,0,13.1,87.7,13.2,11.1,9.54,11.9,37.2,0.8,874.1,301,1.6,5,0,0,0,0,0,0,0,337,100,21,95
ABO,2023,6,23,1,12.9,92.4,13.7,11.7,9.9,12.2,38,1.6,874.1,45,0.9,2,0,0,0,0,0,0,0,335,100,20,95
ABO,2023,6,23,2,12.7,94.9,13.9,11.9,10.04,12.2,38.1,1.9,875.1,72,1.5,4.3,0,0,0,0,0,0,0,335,100,20,95
ABO,2023,6,23,3,12.8,93.6,13.8,11.8,9.96,12.2,38,0.1,875.5,72,1.2,3.6,0,0,0,0,0,0,0,320,94,20,95
ABO,2023,6,23,4,12.8,93,13.7,11.7,9.88,12.1,37.8,0,875.8,33,1.9,4.1,0,0,0,0,0,0,0,324,94,20,95
ABO,2023,6,23,5,12.5,91.2,13.2,11.1,9.51,11.7,36.6,0.3,876.2,41,2.1,5.2,32,58,25,42,67,14,13,320,94,20,95
ABO,2023,6,23,6,12.5,91.2,13.2,11.1,9.51,11.7,36.6,0.1,876.5,51,2.1,5.1,52,1,52,26,29,27,25,333,100,20,95
ABO,2023,6,23,7,12.6,91.2,13.3,11.2,9.58,11.8,36.9,0,876.5,76,2.1,4,170,20,160,85,105,83,76,334,100,20,95
ABO,2023,6,23,8,14,82.7,13.2,11.1,9.51,12.2,38.1,0,876.5,81,2.5,4.4,348,118,275,136,263,179,130,335,100,20,95
ABO,2023,6,23,9,14.6,73.4,12.2,9.9,8.78,11.8,36.9,0,876.8,69,2.6,5.7,363,98,293,146,247,194,139,325,75,20,95
ABO,2023,6,23,10,14.8,75.9,12.8,10.6,9.21,12.3,38.2,0,876.9,56,2.7,5.7,695,443,329,171,492,410,168,326,71,20,95
ABO,2023,6,23,11,16,68.9,12.5,10.3,8.99,12.6,38.8,0,877,51,3.4,7.7,730,373,394,194,401,459,190,321,64,20,95
ABO,2023,6,23,12,17.3,64.3,12.7,10.5,9.14,13.2,40.5,0,876.8,43,3.8,7.9,776,451,362,192,259,481,256,308,58,20,95
ABO,2023,6,23,13,17.2,62.2,12.2,9.9,8.78,12.8,39.5,0,876.8,50,3.7,6.9,773,507,320,178,180,470,415,323,59,20,95
ABO,2023,6,23,14,18,56.8,11.7,9.3,8.41,12.8,39.4,0,876.6,40,3.6,7.2,873,865,155,131,127,485,641,304,39,20,95
ABO,2023,6,23,15,18.5,51.1,10.9,8.2,7.83,12.4,38.5,0,876.7,36,3.3,7.9,768,900,110,111,107,355,774,305,33,20,95
ABO,2023,6,23,16,18,47.6,9.8,6.7,7.03,11.5,35.9,0,876.7,30,3.5,7.5,606,803,125,111,92,198,815,286,25,20,95
ABO,2023,6,23,17,17.2,48,9.4,6.1,6.74,10.9,34.4,0,876.9,360,2.7,6.5,360,613,73,163,66,67,651,277,13,20,95
ABO,2023,6,23,18,16.8,49.2,9.4,6.1,6.74,10.8,34,0,877,349,2.7,5.6,35,0,35,45,44,44,45,291,10,20,95
ABO,2023,6,23,19,16.3,54.1,10,7,7.17,11,34.5,0,877,3,2.4,5.8,32,0,32,21,22,21,20,336,48,20,95
ABO,2023,6,23,20,15,63.3,10.8,8.1,7.75,11,34.7,0,877.2,6,1.5,5.2,0,0,0,0,0,0,0,290,45,20,95
ABO,2023,6,23,21,14.2,70.9,11.5,9,8.26,11.2,35.1,0,877.5,27,0.6,1.8,0,0,0,0,0,0,0,292,80,20,95
ABO,2023,6,23,22,14,69.9,11.2,8.6,8.04,10.9,34.4,0,877.5,14,1,1.8,0,0,0,0,0,0,0,289,61,20,95
ABO,2023,6,23,23,13.3,70.7,10.8,8.1,7.75,10.3,32.9,0,877.3,333,1.2,2.4,0,0,0,0,0,0,0,298,50,20,95
ABO,2023,6,24,0,12.3,75,10.7,8,7.68,9.9,31.7,0,877,306,1,2,0,0,0,0,0,0,0,290,41,20,95
ABO,2023,6,24,1,11.7,78.6,10.8,8.1,7.76,9.7,31.3,0,876.8,333,0.4,1.3,0,0,0,0,0,0,0,261,0,18,95
ABO,2023,6,24,2,11.3,78,10.4,7.6,7.47,9.2,30.2,0,876.9,310,0.8,1.6,0,0,0,0,0,0,0,266,0,18,95
ABO,2023,6,24,3,10.8,79.5,10.3,7.4,7.39,8.9,29.5,0,876.7,315,0.7,1.9,0,0,0,0,0,0,0,265,0,18,95
ABO,2023,6,24,4,10.6,80,10.2,7.3,7.32,8.8,29.1,0,876.6,293,0.9,1.9,0,0,0,0,0,0,0,274,13,18,95
ABO,2023,6,24,5,10.2,82.2,10.2,7.3,7.32,8.6,28.7,0,876.8,225,0.5,1.1,89,312,41,164,314,21,21,264,33,18,95
ABO,2023,6,24,6,12.1,76,10.7,8,7.68,9.8,31.5,0,876.9,189,0.7,1.9,254,586,78,235,617,44,45,272,39,18,95
ABO,2023,6,24,7,14.2,64.5,10.4,7.6,7.47,10.4,33.2,0,876.4,163,1.5,3.5,439,763,90,193,790,63,65,268,29,18,95
ABO,2023,6,24,8,15.9,54.3,9.8,6.7,7.04,10.7,33.8,0,876,124,2.8,5.2,623,879,88,83,832,196,86,242,13,18,95
ABO,2023,6,24,9,17.4,46.4,9.2,5.8,6.6,10.9,34.2,0,875.7,71,3.4,7.3,774,909,103,101,752,351,105,239,0,18,95
ABO,2023,6,24,10,18.5,44.2,9.4,6.1,6.75,11.4,35.7,0,875.7,67,3.6,7.3,888,920,119,116,610,474,120,242,0,18,95
ABO,2023,6,24,11,19.3,45.7,10.2,7.3,7.33,12.3,38,0,875.4,66,3.8,7.8,968,952,113,124,418,551,129,246,0,18,95
ABO,2023,6,24,12,20.2,45.3,10.7,8,7.7,13,39.9,0,875.2,58,3.9,7.4,989,948,118,127,189,576,206,251,0,18,95
ABO,2023,6,24,13,20.8,46.4,11.4,8.9,8.21,13.6,41.8,0,874.7,58,3.4,6.6,960,942,116,124,119,547,439,254,0,18,95
ABO,2023,6,24,14,21.3,46.6,11.8,9.4,8.51,14,43,0,874.4,49,3.6,7,876,905,123,115,111,467,623,253,0,18,95
ABO,2023,6,24,15,21.4,48.2,12.3,10,8.88,14.4,44.1,0,874.3,41,4.2,8.1,745,842,129,102,99,347,738,254,0,18,95
ABO,2023,6,24,16,21.4,50.5,12.9,10.7,9.32,14.7,45.2,0,873.9,47,3.8,7.1,591,793,115,101,82,182,789,255,0,18,95
ABO,2023,6,24,17,20.7,52.4,12.8,10.6,9.25,14.4,44.3,0,873.8,38,3.2,6.3,341,559,79,152,61,61,596,262,0,18,95
ABO,2023,6,24,18,19.5,56,12.7,10.5,9.17,14,42.9,0,873.7,19,2.3,5.5,34,0,34,41,41,41,41,257,0,18,95
ABO,2023,6,24,19,18.3,60.8,12.8,10.6,9.25,13.6,41.8,0,873.8,5,1.2,3.6,26,0,26,19,20,20,19,257,0,18,95
ABO,2023,6,24,20,17.1,65.5,12.8,10.6,9.24,13.1,40.6,0,874,333,0.9,1.8,0,0,0,0,0,0,0,254,30,18,95
ABO,2023,6,24,21,16.3,69,12.8,10.6,9.24,12.8,39.8,0,874,321,0.7,1.7,0,0,0,0,0,0,0,252,13,18,95
ABO,2023,6,24,22,14.9,73.9,12.5,10.3,9.03,12.1,37.8,0,873.7,309,0.7,1.7,0,0,0,0,0,0,0,250,0,18,95
ABO,2023,6,24,23,14,76.8,12.3,10,8.88,11.6,36.5,0,873.5,284,0.5,1.2,0,0,0,0,0,0,0,248,0,18,95
ABO,2023,6,25,0,13.4,79.3,12.2,9.9,8.81,11.3,35.7,0,873.1,297,0.4,1.3,0,0,0,0,0,0,0,246,0,18,95
ABO,2023,6,25,1,13.3,79.9,12.2,9.9,8.82,11.3,35.6,0,872.8,288,0.4,1.3,0,0,0,0,0,0,0,254,6,19,95
ABO,2023,6,25,2,13.1,80.9,12.2,9.9,8.82,11.2,35.4,0,872.6,297,0.4,1.4,0,0,0,0,0,0,0,246,0,19,95
ABO,2023,6,25,3,12.9,80.9,12,9.7,8.67,11,34.9,0,872.5,288,0.4,1,0,0,0,0,0,0,0,247,0,19,95
ABO,2023,6,25,4,13,79.3,11.9,9.5,8.6,11,34.8,0,872.5,288,0.6,2.3,0,0,0,0,0,0,0,248,0,19,95
ABO,2023,6,25,5,13.3,78.8,12,9.7,8.68,11.2,35.3,0,872.1,243,0.8,2.9,87,311,39,162,312,21,21,249,6,19,95
ABO,2023,6,25,6,15.4,71.1,12.4,10.2,8.97,12.3,38.2,0,872.2,162,0.5,1.4,254,619,71,244,645,43,44,250,0,19,95
ABO,2023,6,25,7,17.3,61.8,12.2,9.9,8.82,12.8,39.7,0,872.3,150,0.9,2.8,436,763,87,190,789,64,66,251,0,19,95
ABO,2023,6,25,8,19.4,57.1,12.9,10.7,9.34,14,43.2,0,872.4,93,2.2,4.2,614,853,95,85,818,200,88,253,0,19,95
ABO,2023,6,25,9,21.3,52.2,13.2,11.1,9.56,14.9,45.7,0,872.4,77,2.8,5.2,774,918,97,104,755,350,107,256,0,19,95
ABO,2023,6,25,10,22.7,50.2,13.8,11.8,10,15.7,48.3,0,872.2,75,3.3,6.6,900,958,100,118,617,476,123,258,0,19,95
ABO,2023,6,25,11,22.9,52.6,14.7,12.7,10.66,16.3,50.1,0,872.3,54,4.5,8.3,978,973,104,128,421,557,133,260,6,19,95
ABO,2023,6,25,12,22.9,54.3,15.2,13.2,11.03,16.6,51.1,0,872.3,50,4.7,8.5,872,663,263,158,237,535,235,278,38,19,95
ABO,2023,6,25,13,23.9,54.6,16.2,14.2,11.77,17.5,54,0,872.1,51,4.4,8,781,491,340,170,171,487,421,316,58,19,95
ABO,2023,6,25,14,23.3,55.9,16,14,11.62,17.2,53,0,872.3,46,4.6,7.9,621,297,374,179,184,366,404,322,64,19,95
ABO,2023,6,25,15,23,56.2,15.8,13.8,11.48,17,52.3,0,872.2,47,4.1,7.1,615,521,241,130,131,313,567,316,56,19,95
ABO,2023,6,25,16,23.1,54.7,15.5,13.5,11.25,16.8,51.9,0,872.1,49,3.4,6.4,587,773,118,109,87,184,771,305,36,19,95
ABO,2023,6,25,17,23.1,52.3,14.8,12.8,10.74,16.4,50.5,0,872.2,42,3.3,6,349,553,90,156,66,66,597,296,25,19,95
ABO,2023,6,25,18,22,52.7,13.9,11.9,10.07,15.6,47.7,0,872.5,11,2.2,5.3,40,0,40,44,43,43,44,305,29,19,95
ABO,2023,6,25,19,20.5,60.1,14.5,12.5,10.51,15.4,47.3,0,872.9,315,1.1,2.9,30,0,30,21,22,22,21,304,39,19,95
ABO,2023,6,25,20,18.9,65.1,14.2,12.2,10.28,14.7,45.1,0,873.2,304,0.9,2,0,0,0,0,0,0,0,264,0,19,95
ABO,2023,6,25,21,17.6,69.2,13.9,11.9,10.06,14,43.2,0,873.5,315,0.5,1.3,0,0,0,0,0,0,0,262,0,19,95
ABO,2023,6,25,22,17.1,65.5,12.8,10.6,9.25,13.1,40.6,0,873.6,262,0.9,3.3,0,0,0,0,0,0,0,260,0,19,95
ABO,2023,6,25,23,17.2,60.5,11.9,9.5,8.59,12.6,39.1,0,873.5,279,0.9,2.5,0,0,0,0,0,0,0,257,0,19,95
ABO,2023,6,26,0,16.7,62.5,11.9,9.5,8.59,12.4,38.5,0,873.4,307,0.8,2.4,0,0,0,0,0,0,0,255,25,19,95
ABO,2023,6,26,1,16.3,64.9,12,9.7,8.66,12.4,38.3,0,873.5,323,0.7,2.1,0,0,0,0,0,0,0,259,0,20,95
ABO,2023,6,26,2,16.3,65.8,12.2,9.9,8.81,12.5,38.7,0,873.5,279,0.9,2.7,0,0,0,0,0,0,0,265,0,20,95
ABO,2023,6,26,3,16.2,66.2,12.2,9.9,8.81,12.4,38.6,0,873.4,281,0.8,2.6,0,0,0,0,0,0,0,255,0,20,95
ABO,2023,6,26,4,15.7,67.5,12,9.7,8.66,12.1,37.7,0,873.5,297,0.5,2.7,0,0,0,0,0,0,0,256,0,20,95
ABO,2023,6,26,5,15.7,68.4,12.2,9.9,8.81,12.2,38.1,0,873.7,232,1.4,5,74,209,39,115,220,22,22,268,6,20,95
ABO,2023,6,26,6,18,59.5,12.3,10,8.88,13.1,40.6,0,873.7,195,1.6,4.5,254,631,68,247,657,44,45,258,0,20,95
ABO,2023,6,26,7,20.3,51.2,12.2,9.9,8.81,13.9,42.8,0,873.7,191,1.6,3.9,434,763,86,194,792,67,70,259,0,20,95
ABO,2023,6,26,8,22.1,39.5,10.5,7.7,7.57,13.5,41.5,0,873.5,175,2.8,5.4,605,827,103,91,808,207,94,261,0,20,95
ABO,2023,6,26,9,23.4,36.5,10.5,7.7,7.57,13.9,42.8,0,873.3,138,2.7,4.9,766,901,102,111,754,357,115,263,0,20,95
ABO,2023,6,26,10,24.1,34.8,10.4,7.6,7.5,14.1,43.3,0,873.2,115,2.3,4.6,898,948,105,127,625,484,132,276,13,20,95
ABO,2023,6,26,11,23.6,41.9,12.2,9.9,8.81,15.1,46.2,0,873.4,42,4.6,8.5,880,719,234,150,447,548,153,310,55,20,95
ABO,2023,6,26,12,23.9,43.4,12.9,10.7,9.32,15.6,47.8,0,873.4,49,3.7,7.7,642,251,412,204,252,393,262,327,68,20,95
ABO,2023,6,26,13,23.5,45.6,13.2,11.1,9.55,15.6,47.9,0,873.3,42,3.9,8.3,499,112,398,198,206,286,253,338,75,20,95
ABO,2023,6,26,14,23.3,48.1,13.7,11.7,9.91,15.9,48.7,0,873.3,44,3.7,7.7,490,195,333,168,174,278,315,334,88,20,95
ABO,2023,6,26,15,23,49.6,13.9,11.9,10.06,15.9,48.7,0,873,39,2.9,5.7,365,134,264,132,137,202,246,321,71,20,95
ABO,2023,6,26,16,22.1,55.6,14.8,12.8,10.73,16.1,49.5,0,872.7,32,3.5,7,306,126,231,117,121,150,238,329,71,20,95
ABO,2023,6,26,17,21.8,59.2,15.5,13.5,11.25,16.4,50.5,0,872.8,38,2.9,5.6,224,99,180,117,94,93,191,356,75,20,95
ABO,2023,6,26,18,21.3,59.1,15,13,10.87,15.9,49,0,873.1,34,3.1,7,66,0,66,37,38,38,35,354,88,20,95
ABO,2023,6,26,19,20.2,60.4,14.3,12.3,10.35,15.2,46.6,0,873.7,30,3.6,7,23,0,23,17,17,17,16,326,78,20,95
ABO,2023,6,26,20,19.4,61.8,13.9,11.9,10.05,14.7,45,0,874.3,30,2.6,5.5,0,0,0,0,0,0,0,317,65,20,95
ABO,2023,6,26,21,18.4,65.4,13.8,11.8,9.98,14.3,43.8,0,874.3,42,1.6,4.7,0,0,0,0,0,0,0,303,48,20,95
ABO,2023,6,26,22,17.7,66.6,13.5,11.4,9.75,13.8,42.5,0,874.5,63,1.1,2.7,0,0,0,0,0,0,0,304,50,20,95
ABO,2023,6,26,23,16.9,69.5,13.4,11.3,9.68,13.5,41.5,0,874,135,0.9,2.1,0,0,0,0,0,0,0,268,23,20,95
ABO,2023,6,27,0,15.7,74.1,13.2,11.1,9.54,12.9,39.9,0,874.2,329,1.2,2.6,0,0,0,0,0,0,0,278,29,20,95
ABO,2023,6,27,1,15.1,77,13.2,11.1,9.54,12.7,39.3,0,874.1,117,1.1,2.8,0,0,0,0,0,0,0,303,78,22,95
ABO,2023,6,27,2,14.3,80,13,10.9,9.39,12.2,38.1,0,873.7,342,0.6,1.3,0,0,0,0,0,0,0,301,64,22,95
ABO,2023,6,27,3,13.7,81,12.7,10.5,9.18,11.8,37,0,873.5,180,0.6,1.9,0,0,0,0,0,0,0,296,58,22,95
ABO,2023,6,27,4,13.1,83.1,12.5,10.3,9.03,11.4,36,0,873.5,60,0.9,2.6,0,0,0,0,0,0,0,311,74,22,95
ABO,2023,6,27,5,13,83.7,12.5,10.3,9.03,11.4,35.9,0,873.6,127,0.6,2.1,55,63,45,52,84,24,22,307,68,22,95
ABO,2023,6,27,6,13.3,83.1,12.7,10.5,9.18,11.6,36.5,0,873.5,153,1,1.9,123,51,107,72,109,56,52,327,88,22,95
ABO,2023,6,27,7,14.1,78.9,12.7,10.5,9.18,11.9,37.4,0,873.6,65,2,5.2,223,74,190,118,179,100,93,333,100,22,95
ABO,2023,6,27,8,14.3,77.9,12.7,10.5,9.18,12,37.6,0,873.4,61,2,4.8,351,129,270,136,274,183,131,316,81,22,95
ABO,2023,6,27,9,15.8,72.6,13,10.9,9.4,12.8,39.7,0,873.2,87,2.1,4.6,580,368,307,158,488,331,155,315,69,22,95
ABO,2023,6,27,10,18.3,64.1,13.5,11.4,9.77,14,43.2,0,872.7,90,2.2,4.9,844,804,172,139,602,487,143,295,35,22,95
ABO,2023,6,27,11,19.3,61.8,13.8,11.8,10,14.6,44.8,0,872.4,56,4.2,9.1,955,928,121,144,436,565,149,304,41,22,95
ABO,2023,6,27,12,19.1,62.6,13.8,11.8,10,14.5,44.6,0,872.5,44,5.3,9.8,684,371,344,195,277,414,208,335,84,22,95
ABO,2023,6,27,13,18,63.2,13,10.9,9.41,13.6,41.9,0,872.5,43,4.5,8.6,452,66,393,199,208,255,231,350,100,22,95
ABO,2023,6,27,14,17.2,65.1,12.8,10.6,9.26,13.2,40.7,0,872.5,40,3.6,7.2,344,25,323,165,173,186,177,349,100,22,95
ABO,2023,6,27,15,16.9,66.4,12.8,10.6,9.26,13.1,40.4,0,872.5,44,2.8,5.6,315,28,294,150,157,169,168,347,100,22,95
ABO,2023,6,27,16,16.9,66.8,12.9,10.7,9.34,13.1,40.6,0,872.1,54,2.5,4.9,207,8,202,104,108,108,106,345,100,22,95
ABO,2023,6,27,17,16.9,66.8,12.9,10.7,9.34,13.1,40.6,0,872,66,2.1,3.7,159,20,150,82,80,79,94,344,100,22,95
ABO,2023,6,27,18,16.7,64.6,12.3,10,8.9,12.7,39.3,0,871.9,56,1.2,3.1,60,0,60,31,32,32,29,337,94,22,95
ABO,2023,6,27,19,16.6,60.8,11.5,9,8.31,12.1,37.7,0,871.9,45,0.9,2.9,8,0,8,4,4,4,4,335,100,22,95
ABO,2023,6,27,20,15.9,62.7,11.3,8.8,8.17,11.7,36.6,0,872.1,288,0.9,2.3,0,0,0,0,0,0,0,305,55,22,95
ABO,2023,6,27,21,15.3,67.4,11.7,9.3,8.45,11.8,36.8,0,872.5,68,0.9,4.6,0,0,0,0,0,0,0,304,53,22,95
ABO,2023,6,27,22,14.4,62.3,10.2,7.3,7.36,10.4,33.1,0,872.7,40,1.2,5,0,0,0,0,0,0,0,281,23,22,95
ABO,2023,6,27,23,13,68.3,10.2,7.3,7.36,9.8,31.6,0,872.7,270,1,2.5,0,0,0,0,0,0,0,271,10,22,95
ABO,2023,6,28,0,11.9,71.9,10,7,7.21,9.2,30.2,0,872.2,284,0.9,2.3,0,0,0,0,0,0,0,288,30,22,95
ABO,2023,6,28,1,11,74.8,9.8,6.7,7.07,8.6,28.9,0,871.6,333,0.8,1.6,0,0,0,0,0,0,0,295,0,21,95
ABO,2023,6,28,2,11,72.2,9.5,6.2,6.85,8.4,28.3,0,871.9,45,0.8,2.5,0,0,0,0,0,0,0,282,0,21,95
ABO,2023,6,28,3,10.3,77.3,9.7,6.5,7,8.2,28,0,871.4,270,0.5,1.3,0,0,0,0,0,0,0,272,0,21,95
ABO,2023,6,28,4,10,76.7,9.4,6.1,6.79,7.9,27.1,0,870.8,270,0.4,1,0,0,0,0,0,0,0,282,6,21,95
ABO,2023,6,28,5,10.3,75.7,9.5,6.2,6.86,8.1,27.6,0,871.1,27,0.9,2.4,75,215,39,118,226,23,22,294,25,21,95
ABO,2023,6,28,6,11.6,72.3,9.9,6.8,7.15,9,29.7,0,870.7,188,0.9,2,241,566,76,233,600,46,46,283,13,21,95
ABO,2023,6,28,7,13.4,66.5,10.2,7.3,7.37,10,32.1,0,871,114,1.3,3.7,417,701,98,191,742,69,71,295,23,21,95
ABO,2023,6,28,8,13.9,61.8,9.8,6.7,7.07,9.9,31.8,0,871.6,81,2.1,5.1,492,469,214,115,569,216,114,310,61,21,95
ABO,2023,6,28,9,14.4,60.2,9.9,6.8,7.15,10.1,32.5,0,871.2,86,1.6,3.3,649,589,209,133,580,335,133,313,65,21,95
ABO,2023,6,28,10,16.1,54,9.9,6.8,7.15,10.8,34.3,0,871.2,90,1.8,4.7,747,572,272,156,537,440,156,319,65,21,95
ABO,2023,6,28,11,17.8,53.4,10.9,8.2,7.88,12.2,37.9,0,871.3,78,3,5.4,751,450,348,180,414,473,178,326,71,21,95
ABO,2023,6,28,12,19.1,47.5,10.5,7.7,7.59,12.4,38.5,0,871.1,74,3.3,6.4,943,838,174,146,221,580,228,306,45,21,95
ABO,2023,6,28,13,19.9,47.4,11,8.4,7.96,13,40.2,0,870.7,74,3.5,7.1,961,949,112,137,131,560,448,287,26,21,95
ABO,2023,6,28,14,20.3,49.5,11.8,9.4,8.54,13.7,42.1,0,870.8,50,4.9,8.5,873,919,107,126,121,473,626,302,25,21,95
ABO,2023,6,28,15,20.2,48.2,11.4,8.9,8.25,13.4,41.3,0,871,44,4.7,8.5,723,791,141,115,112,353,710,318,41,21,95
ABO,2023,6,28,16,20,47.8,11.2,8.6,8.1,13.2,40.7,0,870.9,46,3.5,7.3,485,468,205,114,115,209,552,323,53,21,95
ABO,2023,6,28,17,19.8,49,11.3,8.8,8.18,13.2,40.7,0,870.9,34,2.2,5.3,347,553,86,159,70,70,603,295,33,21,95
ABO,2023,6,28,18,18.2,56.4,11.8,9.4,8.54,12.9,40,0,870.9,328,1,2.5,36,0,36,46,46,46,47,269,13,21,95
ABO,2023,6,28,19,17.4,59,11.7,9.3,8.47,12.6,38.9,0,871,315,0.7,1.8,28,0,28,21,21,21,21,262,19,21,95
ABO,2023,6,28,20,16,64.4,11.7,9.3,8.47,12,37.5,0,871.3,302,1,2.2,0,0,0,0,0,0,0,260,0,21,95
ABO,2023,6,28,21,15,68.7,11.7,9.3,8.47,11.6,36.5,0,871.2,297,0.6,1.9,0,0,0,0,0,0,0,258,6,21,95
ABO,2023,6,28,22,14,71.8,11.5,9,8.32,11.1,35.1,0,871,315,0.5,1.4,0,0,0,0,0,0,0,279,29,21,95
ABO,2023,6,28,23,13.4,74.7,11.5,9,8.32,10.8,34.5,0,871,288,0.5,1.1,0,0,0,0,0,0,0,254,0,21,95
ABO,2023,6,29,0,13.5,74.2,11.5,9,8.32,10.9,34.6,0,870.8,297,0.5,1.4,0,0,0,0,0,0,0,278,25,21,95
ABO,2023,6,29,1,13,76.1,11.4,8.9,8.25,10.6,33.9,0,870.5,288,0.5,1.3,0,0,0,0,0,0,0,294,44,19,95
ABO,2023,6,29,2,12.9,76.6,11.4,8.9,8.26,10.6,33.8,0,870.2,342,0.7,1.4,0,0,0,0,0,0,0,289,49,19,95
ABO,2023,6,29,3,13,75.6,11.3,8.8,8.19,10.6,33.7,0,869.9,304,0.6,1.3,0,0,0,0,0,0,0,260,6,19,95
ABO,2023,6,29,4,12.9,75.1,11.2,8.6,8.11,10.4,33.4,0,870.1,315,0.7,1.3,0,0,0,0,0,0,0,257,0,19,95
ABO,2023,6,29,5,13.4,73.7,11.3,8.8,8.19,10.7,34.1,0,869.9,225,0.5,1.4,71,205,37,111,215,21,21,259,0,19,95
ABO,2023,6,29,6,15.3,67.8,11.8,9.4,8.56,11.8,37,0,869.7,198,1.1,3.3,245,604,68,237,630,42,43,260,0,19,95
ABO,2023,6,29,7,17.3,61.8,12.2,9.9,8.85,12.8,39.8,0,869.9,114,1.2,2.9,424,751,83,185,775,63,66,263,0,19,95
ABO,2023,6,29,8,18.5,60,12.8,10.6,9.29,13.7,42.2,0,869.8,84,1.9,3.5,605,859,86,85,818,193,88,265,0,19,95
ABO,2023,6,29,9,20.1,53.3,12.5,10.3,9.07,14.1,43.2,0,869.7,75,2.9,6.1,764,906,99,105,754,350,109,268,13,19,95
ABO,2023,6,29,10,20.9,52.8,13,10.9,9.44,14.7,45,0,869.8,58,3.9,7.1,803,722,204,132,578,459,134,305,29,19,95
ABO,2023,6,29,11,21.8,50.6,13.2,11.1,9.59,15.1,46.3,0,869.6,51,4.5,8,550,204,369,180,310,324,174,326,65,19,95
ABO,2023,6,29,12,21.1,54.9,13.7,11.7,9.95,15.2,46.5,0,869.7,53,3.6,6.8,97,0,97,48,50,50,45,354,100,19,95
ABO,2023,6,29,13,19.3,63.9,14.3,12.3,10.4,14.9,45.8,0,869.7,45,2.7,6.8,76,0,76,37,39,39,35,356,100,19,95
ABO,2023,6,29,14,18.1,76,15.8,13.8,11.51,15.3,47.4,0,869.8,80,1.5,4,193,0,193,96,101,100,91,355,100,19,95
ABO,2023,6,29,15,17.7,80,16.2,14.2,11.81,15.4,47.7,0.5,869.6,130,1,2.4,63,0,63,31,33,32,29,354,100,19,95
ABO,2023,6,29,16,16.5,87.4,16.4,14.4,11.95,15.1,46.8,5.4,869.9,270,1.5,3.8,56,0,56,28,29,29,26,353,100,19,95
ABO,2023,6,29,17,14.7,89.5,15,13,10.91,13.6,42.3,28.8,870.5,284,1.7,4.4,40,0,40,20,21,21,19,352,100,19,95
ABO,2023,6,29,18,14.7,89.5,15,13,10.92,13.6,42.4,0.5,869.3,323,1.4,3.7,32,0,32,16,17,17,15,351,100,19,95
ABO,2023,6,29,19,14.8,89,15,13,10.92,13.7,42.5,0,869.2,225,0.9,1.8,20,0,20,10,10,10,9,350,100,19,95
ABO,2023,6,29,20,14.6,91.3,15.2,13.2,11.06,13.7,42.6,0.3,869.8,45,1.6,4.3,0,0,0,0,0,0,0,347,100,19,95
ABO,2023,6,29,21,14.5,91.9,15.2,13.2,11.05,13.7,42.5,2,870.7,58,1.8,3.8,0,0,0,0,0,0,0,345,100,19,95
ABO,2023,6,29,22,14.3,88.3,14.4,12.4,10.47,13.1,40.8,5.7,869.6,274,2.1,7.6,0,0,0,0,0,0,0,343,100,19,95
ABO,2023,6,29,23,13.6,86.5,13.5,11.4,9.82,12.3,38.5,0.1,868.9,322,2.3,6.6,0,0,0,0,0,0,0,340,100,19,95
ABO,2023,6,30,0,12.9,89.4,13.3,11.2,9.68,11.9,37.4,0,868.3,231,1.1,3.1,0,0,0,0,0,0,0,338,100,19,95
ABO,2023,6,30,1,12.9,89.4,13.3,11.2,9.68,11.9,37.4,0,867.7,236,0.9,3,0,0,0,0,0,0,0,337,100,19,95
ABO,2023,6,30,2,13.3,86.5,13.2,11.1,9.61,12,37.6,0,867.4,270,1.4,5,0,0,0,0,0,0,0,337,100,19,95
ABO,2023,6,30,3,13.7,84.3,13.2,11.1,9.61,12.1,38.1,0.1,867.2,241,2,5.6,0,0,0,0,0,0,0,337,100,19,95
ABO,2023,6,30,4,12.7,91.2,13.4,11.3,9.76,11.9,37.4,0.1,867.2,217,0.7,1.6,0,0,0,0,0,0,0,338,100,19,95
ABO,2023,6,30,5,12.8,90.6,13.4,11.3,9.76,11.9,37.5,0,867.5,207,0.7,1.6,37,22,34,27,38,17,16,338,100,19,95
ABO,2023,6,30,6,13.2,88.2,13.4,11.3,9.76,12.1,37.9,0,867.4,194,0.8,1.9,73,4,71,37,41,37,33,339,100,19,95
ABO,2023,6,30,7,13.5,86.5,13.4,11.3,9.76,12.2,38.2,0,867.7,96,1,2,121,1,121,60,64,62,56,339,100,19,95
ABO,2023,6,30,8,13.5,91.8,14.2,12.2,10.35,12.7,39.7,0,867.7,81,1.4,2.6,183,21,169,83,108,94,79,339,100,19,95
ABO,2023,6,30,9,14.6,83.3,13.8,11.8,10.06,12.9,40.1,0,867.4,96,1.1,2.7,259,13,250,123,142,134,117,340,100,19,95
ABO,2023,6,30,10,15.2,82.8,14.3,12.3,10.43,13.4,41.7,0,867.3,75,1.6,3.2,226,1,225,111,118,116,105,340,100,19,95
ABO,2023,6,30,11,16.2,78.7,14.5,12.5,10.58,13.9,43.1,0,867,75,2,4.5,371,35,340,167,195,199,158,341,100,19,95
ABO,2023,6,30,12,15.1,86.1,14.8,12.8,10.8,13.7,42.5,0.1,867.3,53,3.5,6.6,279,2,277,137,145,144,129,341,100,19,95
ABO,2023,6,30,13,14.2,90.7,14.7,12.7,10.72,13.3,41.4,0.4,867.4,52,3,5.5,216,0,216,107,112,111,101,341,100,19,95
ABO,2023,6,30,14,14.2,91.3,14.8,12.8,10.8,13.3,41.6,0.1,867.2,60,2.4,4.8,141,0,141,70,73,73,66,340,100,19,95
ABO,2023,6,30,15,13.9,90.7,14.4,12.4,10.5,13,40.5,1.5,867.2,39,2.9,7.1,151,0,151,74,78,78,70,339,100,19,95
ABO,2023,6,30,16,13.1,92.4,13.9,11.9,10.13,12.4,38.8,1.2,867.2,41,3.1,6.5,91,0,91,45,47,47,42,338,100,19,95
ABO,2023,6,30,17,12.7,93.6,13.7,11.7,9.98,12.1,38,0.4,867.2,45,3.4,7,65,0,65,32,34,33,30,337,100,19,95
ABO,2023,6,30,18,12.4,95.5,13.7,11.7,9.98,12,37.6,0,867.6,51,2.2,5.2,22,0,22,11,12,11,10,337,100,19,95
ABO,2023,6,30,19,12.2,93,13.2,11.1,9.61,11.5,36.5,0.2,867.8,47,1.9,4.8,5,0,5,2,2,2,2,335,100,19,95
ABO,2023,6,30,20,12,94.2,13.2,11.1,9.6,11.5,36.3,0.3,868.1,36,2.1,4.9,0,0,0,0,0,0,0,334,100,19,95
ABO,2023,6,30,21,11.7,93,12.8,10.6,9.31,11,35.2,0.3,868.3,37,2.6,5.6,0,0,0,0,0,0,0,333,100,19,95
ABO,2023,6,30,22,11.2,91.7,12.2,9.9,8.86,10.4,33.6,0.1,868.6,35,3.3,7.6,0,0,0,0,0,0,0,331,100,19,95
ABO,2023,6,30,23,10.8,92.9,12,9.7,8.71,10.2,32.8,0.4,868.5,61,1.4,4.9,0,0,0,0,0,0,0,330,100,19,95
ABO,2023,7,1,0,10.7,94.8,12.2,9.9,8.87,10.2,33.1,0.5,868.1,79,1.1,2.1,0,0,0,0,0,0,0,328,100,19,95
ABO,2023,7,1,1,10.5,92.9,11.8,9.4,8.58,9.9,32.2,0,867.7,112,0.7,1.4,0,0,0,0,0,0,0,324,100,19,95
ABO,2023,7,1,2,10.5,92.9,11.8,9.4,8.58,9.9,32.2,0,867.3,129,0.7,1.4,0,0,0,0,0,0,0,327,100,19,95
ABO,2023,7,1,3,10.4,93.5,11.8,9.4,8.58,9.8,32.1,0,867.1,90,1,2.2,0,0,0,0,0,0,0,308,100,19,95
ABO,2023,7,1,4,10.4,93.5,11.8,9.4,8.58,9.8,32.1,0,866.9,85,1.1,2.5,0,0,0,0,0,0,0,294,100,19,95
ABO,2023,7,1,5,10.3,93.5,11.7,9.3,8.51,9.7,31.8,0,866.8,135,0.9,1.6,9,0,9,4,5,4,4,325,100,19,95
ABO,2023,7,1,6,10.5,89.8,11.4,8.9,8.29,9.6,31.4,0,866.7,112,0.7,1.6,114,42,101,64,95,51,47,315,88,19,95
ABO,2023,7,1,7,12.1,83.5,11.8,9.4,8.59,10.5,33.8,0,866.5,114,1.2,2.7,326,349,159,147,431,83,79,306,56,19,95
ABO,2023,7,1,8,13.6,73.7,11.5,9,8.37,10.9,34.8,0,866.4,101,1.8,3.3,597,823,99,83,795,198,86,253,0,19,95
ABO,2023,7,1,9,15.4,67,11.7,9.3,8.52,11.8,37,0,866.1,97,1.9,4.3,769,931,87,100,759,344,104,284,29,19,95
ABO,2023,7,1,10,16.9,65.9,12.7,10.5,9.26,13,40.4,0,865.9,73,3.2,6.2,830,812,158,126,585,449,128,298,45,19,95
ABO,2023,7,1,11,16.4,70.8,13.2,11.1,9.63,13.2,40.9,0,865.8,70,3.2,5.7,635,260,403,191,354,381,185,333,88,19,95
ABO,2023,7,1,12,15.9,74.1,13.4,11.3,9.78,13.1,40.7,0,865.8,57,3.2,6.7,306,7,299,147,155,158,141,341,100,19,95
ABO,2023,7,1,13,15.6,74.6,13.2,11.1,9.63,12.9,40,0,865.9,67,2.7,5.6,161,0,161,79,83,82,74,342,100,19,95
ABO,2023,7,1,14,16.3,71.8,13.3,11.2,9.7,13.2,40.9,0,865.8,63,2.4,4,153,0,153,75,79,78,71,342,100,19,95
ABO,2023,7,1,15,16.7,67.2,12.8,10.6,9.33,13,40.4,0,865.7,219,3.3,6.7,120,0,120,59,62,61,56,342,100,19,95
ABO,2023,7,1,16,17,64.7,12.5,10.3,9.11,12.9,40.2,0,865.8,220,3.4,7.9,55,0,55,27,29,28,26,341,100,19,95
ABO,2023,7,1,17,16.2,72.2,13.3,11.2,9.71,13.1,40.8,0,865.7,254,2.7,6.5,87,0,87,43,45,44,40,341,100,19,95
ABO,2023,7,1,18,16,74.1,13.5,11.4,9.85,13.2,41,0.1,866,234,2.5,6.5,43,0,43,21,22,22,20,340,100,19,95
ABO,2023,7,1,19,14.7,82.8,13.8,11.8,10.07,12.9,40.2,0.5,866.4,243,3.1,7.3,26,0,26,14,15,15,13,340,100,19,95
ABO,2023,7,1,20,14.5,83.8,13.8,11.8,10.06,12.8,40,0.3,866.9,266,2.9,5.3,0,0,0,0,0,0,0,326,88,19,95
ABO,2023,7,1,21,14.4,80.6,13.2,11.1,9.62,12.4,38.8,0,867.1,266,3.1,5.5,0,0,0,0,0,0,0,321,78,19,95
ABO,2023,7,1,22,13.9,81,12.9,10.7,9.39,12,37.7,0.2,867.5,244,2.7,5.9,0,0,0,0,0,0,0,336,100,19,95
ABO,2023,7,1,23,13.8,80.5,12.7,10.5,9.24,11.8,37.2,0.4,867.8,229,3.4,9.3,0,0,0,0,0,0,0,335,100,19,95
ABO,2023,7,2,0,13.6,78.3,12.2,9.9,8.87,11.4,36.1,0,867.5,272,3,5.6,0,0,0,0,0,0,0,333,100,19,95
ABO,2023,7,2,1,13.5,76.2,11.8,9.4,8.58,11.1,35.2,0,867.4,260,3.1,6.5,0,0,0,0,0,0,0,333,100,20,95
ABO,2023,7,2,2,13.5,73.2,11.3,8.8,8.21,10.8,34.3,0,867.1,258,3,5.7,0,0,0,0,0,0,0,333,100,20,95
ABO,2023,7,2,3,13.6,69.3,10.8,8.1,7.84,10.5,33.5,0,867.3,254,3.1,6.5,0,0,0,0,0,0,0,333,100,20,95
ABO,2023,7,2,4,12.6,84.2,12.3,10,8.95,11.1,35.2,0,867.5,34,1.2,3.6,0,0,0,0,0,0,0,333,100,20,95
ABO,2023,7,2,5,12.3,92.4,13.2,11.1,9.61,11.6,36.6,0,867.8,68,0.9,2.4,4,0,4,2,2,2,2,333,100,20,95
ABO,2023,7,2,6,12.5,90,13,10.9,9.46,11.5,36.4,0,867.9,73,1.1,2.7,53,1,52,26,28,27,25,333,100,20,95
ABO,2023,7,2,7,12.7,90,13.2,11.1,9.6,11.7,37,0,868.2,75,1.2,2.2,224,82,184,111,182,94,86,334,100,20,95
ABO,2023,7,2,8,14.1,83.8,13.5,11.4,9.83,12.5,39,0,868,72,1.4,4.7,394,213,263,128,349,198,124,337,88,20,95
ABO,2023,7,2,9,15.7,79.7,14.2,12.2,10.34,13.5,42,0,868,63,2.8,5.3,584,391,296,146,496,326,143,334,68,20,95
ABO,2023,7,2,10,17.6,71.1,14.3,12.3,10.42,14.3,44.1,0,867.9,73,3.5,6.2,711,477,314,159,500,428,157,342,68,20,95
ABO,2023,7,2,11,17.1,73.4,14.3,12.3,10.42,14.1,43.6,0,868.1,63,4.7,8.1,694,346,384,188,379,431,183,339,75,20,95
ABO,2023,7,2,12,16.2,73.2,13.5,11.4,9.82,13.2,41.1,0,868.4,52,4.4,8.6,273,5,269,133,142,142,126,347,100,20,95
ABO,2023,7,2,13,16.7,72.8,13.8,11.8,10.04,13.7,42.2,0,868.5,70,2.7,5.2,211,0,211,105,110,109,99,349,100,20,95
ABO,2023,7,2,14,17.2,68.7,13.5,11.4,9.82,13.6,42.2,0,868.6,66,2.6,5.4,141,3,139,69,72,74,67,348,100,20,95
ABO,2023,7,2,15,17,71.4,13.8,11.8,10.04,13.8,42.5,0,868.7,61,2.6,4.7,155,0,155,77,81,80,73,347,100,20,95
ABO,2023,7,2,16,17.1,71.5,13.9,11.9,10.11,13.9,42.8,0,868.9,52,3.2,5.8,162,1,161,80,84,83,76,347,100,20,95
ABO,2023,7,2,17,16.1,77.7,14.2,12.2,10.33,13.7,42.3,0,869,53,2.8,5,142,36,125,71,65,64,97,346,100,20,95
ABO,2023,7,2,18,15.4,81.8,14.3,12.3,10.41,13.5,41.8,0,869,65,2.4,4.2,89,0,89,47,49,48,44,331,88,20,95
ABO,2023,7,2,19,14.9,83.9,14.2,12.2,10.33,13.2,41.1,0,869,76,1.3,2.9,14,0,14,7,7,7,6,339,100,20,95
ABO,2023,7,2,20,14.7,85,14.2,12.2,10.33,13.2,40.9,0,869.4,143,0.6,1.3,0,0,0,0,0,0,0,342,100,20,95
ABO,2023,7,2,21,14.5,86.1,14.2,12.2,10.32,13.1,40.7,0,869.7,198,0.7,1.7,0,0,0,0,0,0,0,331,100,20,95
ABO,2023,7,2,22,14.2,85.5,13.8,11.8,10.03,12.7,39.6,0,870,90,0.9,4.6,0,0,0,0,0,0,0,331,100,20,95
ABO,2023,7,2,23,13.7,84.9,13.3,11.2,9.66,12.2,38.2,0,869.8,99,1.4,3.3,0,0,0,0,0,0,0,270,100,20,95
ABO,2023,7,3,0,12.6,87,12.7,10.5,9.22,11.4,35.9,0,869.5,326,0.7,2.1,0,0,0,0,0,0,0,251,100,20,95
ABO,2023,7,3,1,11.6,86.9,11.9,9.5,8.63,10.4,33.4,0,869.3,297,0.7,1.6,0,0,0,0,0,0,0,279,38,23,95
ABO,2023,7,3,2,11.6,86.3,11.8,9.4,8.56,10.3,33.2,0,869.2,256,0.8,2,0,0,0,0,0,0,0,273,29,23,95
ABO,2023,7,3,3,11.5,87.5,11.9,9.5,8.63,10.3,33.3,0,869.2,225,0.5,1.5,0,0,0,0,0,0,0,331,43,23,95
ABO,2023,7,3,4,11.8,85.2,11.8,9.4,8.56,10.4,33.5,0,869.1,198,0.5,1.4,0,0,0,0,0,0,0,331,100,23,95
ABO,2023,7,3,5,12,87,12.2,9.9,8.85,10.8,34.4,0,869.4,124,0.6,1.7,15,0,15,8,8,8,7,331,100,23,95
ABO,2023,7,3,6,12.4,84.7,12.2,9.9,8.85,10.9,34.8,0,869.3,111,1,2.4,104,41,91,61,92,49,45,284,73,23,95
ABO,2023,7,3,7,13.1,77.7,11.7,9.3,8.48,10.9,34.6,0,869.6,94,1.4,2.7,258,145,191,136,256,102,96,285,64,23,95
ABO,2023,7,3,8,13.8,74.7,11.8,9.4,8.56,11.2,35.5,0,869.3,74,1.9,3.6,516,514,212,121,620,237,121,268,45,23,95
ABO,2023,7,3,9,15.5,69.3,12.2,9.9,8.85,12.2,38,0,869.4,85,2.6,4.9,571,354,314,166,492,328,163,261,40,23,95
ABO,2023,7,3,10,17.7,63.5,12.9,10.7,9.37,13.4,41.5,0,869.4,72,3.7,6.7,788,647,247,161,567,482,163,254,16,23,95
ABO,2023,7,3,11,18.3,63.7,13.4,11.3,9.74,14,43.1,0,869.5,61,4,7.3,967,927,139,157,465,591,163,272,19,23,95
ABO,2023,7,3,12,19.2,62.2,13.8,11.8,10.03,14.6,44.8,0,869.5,57,4.4,8,973,874,173,162,235,619,256,298,39,23,95
ABO,2023,7,3,13,19.4,61.4,13.8,11.8,10.03,14.6,45,0,869.5,51,4.1,7.7,913,811,186,165,161,564,448,304,48,23,95
ABO,2023,7,3,14,18.3,60.8,12.8,10.6,9.29,13.6,42,0,869.7,45,4.8,8.1,409,116,311,161,166,242,244,332,88,23,95
ABO,2023,7,3,15,18.8,60.1,13,10.9,9.44,13.9,42.8,0,869.8,47,4,7.4,211,12,202,105,110,115,110,346,100,23,95
ABO,2023,7,3,16,18.1,61.1,12.7,10.5,9.21,13.5,41.6,0,870,36,3.2,6.5,205,39,181,94,98,110,129,345,88,23,95
ABO,2023,7,3,17,17.6,61.8,12.4,10.2,8.99,13.1,40.5,0,870,34,2.6,5.4,253,138,192,138,104,103,243,327,81,23,95
ABO,2023,7,3,18,17.3,64.3,12.7,10.5,9.22,13.2,40.7,0,869.9,43,1.9,4.3,62,0,62,33,35,35,32,337,94,23,95
ABO,2023,7,3,19,16.6,67.2,12.7,10.5,9.21,12.9,40,0,870,35,1.7,4.4,5,0,5,2,2,2,2,340,100,23,95
ABO,2023,7,3,20,15.6,72.6,12.9,10.7,9.35,12.6,39.3,0,870.8,53,1.3,3.6,0,0,0,0,0,0,0,327,100,23,95
ABO,2023,7,3,21,14.9,75.4,12.8,10.6,9.28,12.3,38.4,0,871.1,252,1,2.4,0,0,0,0,0,0,0,309,84,23,95
ABO,2023,7,3,22,13.7,81,12.7,10.5,9.21,11.8,37,0,870.7,288,0.8,1.8,0,0,0,0,0,0,0,323,70,23,95
ABO,2023,7,3,23,13.3,79.9,12.2,9.9,8.84,11.3,35.7,0,870.6,225,0.8,2.7,0,0,0,0,0,0,0,323,54,23,95
ABO,2023,7,4,0,12.8,82.5,12.2,9.9,8.84,11.1,35.2,0,870.7,45,0.9,2.8,0,0,0,0,0,0,0,310,26,23,95
ABO,2023,7,4,1,12.7,80.3,11.8,9.4,8.55,10.8,34.3,0,870.6,315,0.8,2.7,0,0,0,0,0,0,0,294,25,24,95
ABO,2023,7,4,2,12.6,80.3,11.7,9.3,8.47,10.7,34.1,0,870.4,211,1.1,4.5,0,0,0,0,0,0,0,311,65,24,95
ABO,2023,7,4,3,14,70.9,11.3,8.8,8.18,11,34.7,0,870.2,242,2.1,4.6,0,0,0,0,0,0,0,325,100,24,95
ABO,2023,7,4,4,13.5,75.7,11.7,9.3,8.48,11,35,0,870.3,360,1.3,4.5,0,0,0,0,0,0,0,327,100,24,95
ABO,2023,7,4,5,13,79.3,11.9,9.5,8.62,11,34.8,0,870.3,112,0.8,2.2,52,132,28,71,142,17,16,317,78,24,95
ABO,2023,7,4,6,13.6,78.8,12.3,10,8.91,11.5,36.2,0,870.5,102,1.6,3.8,199,375,79,160,418,50,50,287,48,24,95
ABO,2023,7,4,7,14.4,77.4,12.7,10.5,9.21,12.1,37.8,0,870.4,113,1.7,3.1,421,702,102,196,753,78,81,247,13,24,95
ABO,2023,7,4,8,16.4,69,12.9,10.7,9.36,12.9,40.2,0,870,94,1.8,3.8,643,889,111,108,887,238,112,249,19,24,95
ABO,2023,7,4,9,18,61.9,12.8,10.6,9.29,13.5,41.6,0,869.7,80,2.8,5.6,758,819,164,135,770,396,138,256,25,24,95
ABO,2023,7,4,10,19,61.3,13.5,11.4,9.81,14.3,44,0,869.8,57,4.5,8.2,741,531,302,173,551,466,173,290,41,24,95
ABO,2023,7,4,11,19.2,60.6,13.5,11.4,9.81,14.3,44.2,0,869.6,65,4.5,8.1,684,333,389,210,402,434,206,330,65,24,95
ABO,2023,7,4,12,20.1,58.8,13.8,11.8,10.03,14.9,45.7,0,869.5,55,4.1,8,645,297,373,200,271,414,243,320,78,24,95
ABO,2023,7,4,13,19.6,60.7,13.8,11.8,10.03,14.7,45.2,0,869.3,45,4.3,8,637,254,409,214,220,402,352,322,81,24,95
ABO,2023,7,4,14,19.6,58.3,13.3,11.2,9.66,14.4,44.2,0,869.3,45,4.3,8,316,55,272,142,148,180,183,348,100,24,95
ABO,2023,7,4,15,19.3,59,13.2,11.1,9.59,14.2,43.7,0,869,49,3.9,7.8,234,24,216,113,118,129,129,347,94,24,95
ABO,2023,7,4,16,19,60.1,13.2,11.1,9.6,14.1,43.4,0,868.8,53,3.2,6.1,387,194,272,142,147,201,338,346,75,24,95
ABO,2023,7,4,17,18.4,62.9,13.3,11.2,9.67,13.9,43,0,868.7,57,2.5,4.6,177,69,143,91,78,77,145,323,81,24,95
ABO,2023,7,4,18,18,64.9,13.4,11.3,9.74,13.9,42.8,0,868.9,65,2,3.9,32,0,32,24,24,24,24,322,81,24,95
ABO,2023,7,4,19,17.6,67,13.5,11.4,9.81,13.8,42.6,0,869.2,72,1.1,2.4,4,0,4,2,2,2,2,342,100,24,95
ABO,2023,7,4,20,16.6,70,13.2,11.1,9.59,13.2,41,0,869.5,321,0.9,2.2,0,0,0,0,0,0,0,303,63,24,95
ABO,2023,7,4,21,16.1,65.8,12,9.7,8.71,12.3,38.2,0,869.4,260,1.9,5.3,0,0,0,0,0,0,0,276,25,24,95
ABO,2023,7,4,22,15.8,62.2,11.2,8.6,8.12,11.6,36.4,0,869.5,252,3,6.1,0,0,0,0,0,0,0,273,6,24,95
ABO,2023,7,4,23,15.8,55.8,10,7,7.24,10.8,34.2,0,869,242,1.6,4.4,0,0,0,0,0,0,0,287,23,24,95
ABO,2023,7,5,0,15.8,51.7,9.3,5.9,6.73,10.3,32.9,0,869.1,247,3.5,6.5,0,0,0,0,0,0,0,310,53,24,95
ABO,2023,7,5,1,16.2,50.4,9.3,5.9,6.73,10.4,33.3,0,868.6,255,3.5,7.1,0,0,0,0,0,0,0,299,48,23,95
ABO,2023,7,5,2,15.9,56.6,10.2,7.3,7.39,11,34.7,0,869.2,227,5,13,0,0,0,0,0,0,0,309,66,23,95
ABO,2023,7,5,3,14.3,64.5,10.5,7.7,7.61,10.5,33.6,0,868.6,253,2.3,5.3,0,0,0,0,0,0,0,306,54,23,95
ABO,2023,7,5,4,14.7,64.1,10.7,8,7.75,10.8,34.4,0.2,869.1,256,2.4,6.2,0,0,0,0,0,0,0,310,69,23,95
ABO,2023,7,5,5,13,80.4,12,9.7,8.71,11.1,35,0.2,869.4,284,1.6,4.7,39,55,30,42,71,18,17,307,71,23,95
ABO,2023,7,5,6,13.9,78.9,12.5,10.3,9.08,11.8,36.9,0,868.9,243,1.1,4.9,174,356,59,142,389,38,39,305,60,23,95
ABO,2023,7,5,7,15.9,64.8,11.7,9.3,8.49,12,37.5,0,869.1,195,2.9,7.1,352,523,129,187,595,83,82,304,54,23,95
ABO,2023,7,5,8,16,64.9,11.8,9.4,8.56,12.1,37.7,0,869.2,175,4.2,9.6,436,409,179,112,475,200,111,317,68,23,95
ABO,2023,7,5,9,14.9,81.2,13.7,11.7,9.95,12.9,40.1,0,869.9,58,3.9,7.6,426,202,277,147,328,242,142,326,75,23,95
ABO,2023,7,5,10,15.8,79.2,14.2,12.2,10.32,13.6,42,0,869.7,63,3.7,6.5,695,470,302,174,488,427,173,314,68,23,95
ABO,2023,7,5,11,16,81.3,14.8,12.8,10.76,14,43.3,0,870.1,51,4.9,8.7,652,322,362,204,339,399,199,335,75,23,95
ABO,2023,7,5,12,14.1,86,13.8,11.8,10.02,12.7,39.5,0,870.4,48,4.7,8.4,331,43,292,151,177,190,146,337,94,23,95
ABO,2023,7,5,13,13.3,90,13.7,11.7,9.94,12.3,38.5,0,870.6,50,3.5,6.5,190,2,188,98,102,103,94,343,100,23,95
ABO,2023,7,5,14,13,91.8,13.7,11.7,9.94,12.2,38.2,0.9,870.9,48,2.6,5.4,169,44,134,69,72,98,105,337,94,23,95
ABO,2023,7,5,15,13.9,89.5,14.2,12.2,10.31,12.9,40,0,870.9,65,2.7,4.9,299,42,270,140,146,164,173,330,88,23,95
ABO,2023,7,5,16,14.1,88.3,14.2,12.2,10.31,12.9,40.2,0,870.8,69,2.9,6.4,359,191,251,133,138,177,320,329,71,23,95
ABO,2023,7,5,17,13.7,88.3,13.8,11.8,10.02,12.5,39.1,0,870.8,65,2.4,5.5,372,508,146,194,85,85,597,320,68,23,95
ABO,2023,7,5,18,13.5,87.1,13.5,11.4,9.79,12.2,38.3,0,870.9,71,1.9,3.7,67,0,67,44,45,45,43,327,88,23,95
ABO,2023,7,5,19,13.3,87.1,13.3,11.2,9.65,12,37.7,0,871,90,1,2.7,27,0,27,15,15,15,14,312,71,23,95
ABO,2023,7,5,20,12.7,87.6,12.9,10.7,9.35,11.5,36.4,0,871.4,225,0.7,1.9,0,0,0,0,0,0,0,298,53,23,95
ABO,2023,7,5,21,12.2,89.3,12.7,10.5,9.2,11.2,35.5,0,871.6,243,0.6,1.8,0,0,0,0,0,0,0,309,64,23,95
ABO,2023,7,5,22,12.1,88.2,12.4,10.2,8.98,11,34.8,0.1,871.6,243,0.9,2.7,0,0,0,0,0,0,0,326,94,23,95
ABO,2023,7,5,23,12.2,89.9,12.8,10.6,9.27,11.2,35.7,0.1,871.5,207,0.9,2.8,0,0,0,0,0,0,0,322,100,23,95
ABO,2023,7,6,0,12.1,89.9,12.7,10.5,9.2,11.2,35.4,0.2,871.4,198,0.7,1.8,0,0,0,0,0,0,0,318,100,23,95
ABO,2023,7,6,1,12.1,91.1,12.9,10.7,9.35,11.3,35.7,0.1,871.2,104,0.9,2.5,0,0,0,0,0,0,0,313,100,23,95
ABO,2023,7,6,2,12,91.1,12.8,10.6,9.28,11.2,35.5,0,870.8,153,0.7,1.8,0,0,0,0,0,0,0,318,81,23,95
ABO,2023,7,6,3,11.9,91.7,12.8,10.6,9.28,11.1,35.4,0.1,870.7,99,0.6,1.3,0,0,0,0,0,0,0,311,88,23,95
ABO,2023,7,6,4,11.8,92.3,12.8,10.6,9.28,11.1,35.3,0,870.5,112,0.7,1.6,0,0,0,0,0,0,0,310,74,23,95
ABO,2023,7,6,5,12,91.1,12.8,10.6,9.28,11.2,35.5,0,870.3,180,0.7,1.7,31,11,29,20,27,16,15,310,94,23,95
ABO,2023,7,6,6,12.4,86.4,12.4,10.2,8.99,11.1,35.1,0,870.4,129,0.8,1.8,184,252,108,144,315,59,57,321,88,23,95
ABO,2023,7,6,7,13.6,82.1,12.8,10.6,9.28,11.8,37.1,0,870.6,101,1.7,3.7,417,716,97,195,764,75,79,273,26,23,95
ABO,2023,7,6,8,14.9,73.9,12.5,10.3,9.06,12.1,37.9,0,870.5,106,2,3.8,626,888,96,103,871,223,107,247,23,23,95
ABO,2023,7,6,9,17.1,65.5,12.8,10.6,9.28,13.1,40.7,0,870.5,81,2.8,6.1,733,797,152,131,732,381,134,254,25,23,95
ABO,2023,7,6,10,18,62.3,12.9,10.7,9.36,13.5,41.8,0,870.6,49,4.5,8.1,835,800,176,150,624,492,154,288,39,23,95
ABO,2023,7,6,11,17.6,61.8,12.4,10.2,8.98,13.1,40.5,0,871,43,4.9,8.3,587,244,370,198,333,364,193,334,78,23,95
ABO,2023,7,6,12,17.6,66.1,13.3,11.2,9.64,13.7,42.1,0,871.3,43,4.5,8.8,347,107,250,131,136,212,164,336,81,23,95
ABO,2023,7,6,13,17.3,67.4,13.3,11.2,9.64,13.5,41.8,0,871.2,53,4.2,7.8,282,30,255,132,138,160,142,332,88,23,95
ABO,2023,7,6,14,17.1,67.8,13.2,11.1,9.57,13.4,41.4,0.1,871.3,59,3.3,6.3,424,130,313,165,171,252,248,343,94,23,95
ABO,2023,7,6,15,17.7,65.2,13.2,11.1,9.57,13.6,42,0,871.1,53,2.8,6.4,479,418,169,114,114,256,429,325,78,23,95
ABO,2023,7,6,16,17.5,64.3,12.9,10.7,9.35,13.3,41.3,0.1,871.1,67,2.4,6.4,142,18,131,68,71,77,83,341,94,23,95
ABO,2023,7,6,17,17.5,63.9,12.8,10.6,9.27,13.3,41.1,0,871.3,52,2,3.8,381,605,107,172,79,79,657,310,59,23,95
ABO,2023,7,6,18,16.8,67.3,12.9,10.7,9.35,13.1,40.6,0,871.5,37,1,3.1,41,0,41,32,32,32,31,315,65,23,95
ABO,2023,7,6,19,16,68.9,12.5,10.3,9.05,12.6,39,0,871.8,306,1,2.2,27,0,27,22,22,22,22,291,33,23,95
ABO,2023,7,6,20,14.9,72.5,12.3,10,8.9,12,37.5,0,872.2,315,0.8,2.1,0,0,0,0,0,0,0,283,13,23,95
ABO,2023,7,6,21,13.8,76.3,12,9.7,8.68,11.4,35.8,0,872.4,270,0.8,1.9,0,0,0,0,0,0,0,284,0,23,95
ABO,2023,7,6,22,13.1,76.2,11.5,9,8.31,10.7,34.1,0,872.5,284,0.5,1.6,0,0,0,0,0,0,0,269,0,23,95
ABO,2023,7,6,23,13,72.1,10.8,8.1,7.8,10.2,32.7,0,872.5,270,0.6,1.6,0,0,0,0,0,0,0,285,0,23,95
ABO,2023,7,7,0,13.2,67.4,10.2,7.3,7.36,9.9,31.8,0,872.6,304,0.7,2.4,0,0,0,0,0,0,0,278,6,23,95
ABO,2023,7,7,1,13.1,65.1,9.8,6.7,7.06,9.5,31,0,872.6,297,0.6,1.8,0,0,0,0,0,0,0,269,13,20,95
ABO,2023,7,7,2,13.1,61.6,9.3,5.9,6.7,9.2,30.1,0,872.6,281,0.7,1.6,0,0,0,0,0,0,0,279,25,20,95
ABO,2023,7,7,3,12.8,61.1,9,5.5,6.48,8.8,29.2,0,872.6,301,0.7,1.8,0,0,0,0,0,0,0,277,6,20,95
ABO,2023,7,7,4,12.8,60.3,8.9,5.3,6.41,8.8,29,0,872.7,301,0.9,2.3,0,0,0,0,0,0,0,296,46,20,95
ABO,2023,7,7,5,13.4,60,9.2,5.8,6.63,9.2,30.2,0,872.9,315,0.6,2,37,27,33,28,43,17,16,330,100,20,95
ABO,2023,7,7,6,14.8,62,10.4,7.6,7.5,10.7,33.8,0,873.2,207,0.9,3.7,215,459,76,185,497,45,45,290,61,20,95
ABO,2023,7,7,7,17.2,55,10.8,8.1,7.79,11.9,37,0,873.4,202,1.2,2.7,434,814,74,188,834,64,67,243,10,20,95
ABO,2023,7,7,8,19.5,46.1,10.4,7.6,7.5,12.5,38.6,0,873.4,156,1.1,2.7,605,863,93,89,836,205,92,240,0,20,95
ABO,2023,7,7,9,21.8,40,10.4,7.6,7.49,13.3,41,0,873.5,83,2.6,5.3,759,899,106,109,764,363,113,243,0,20,95
ABO,2023,7,7,10,22.6,39.1,10.7,8,7.72,13.8,42.3,0,873.3,71,3.5,5.9,886,950,100,124,627,487,129,245,0,20,95
ABO,2023,7,7,11,23.7,35.1,10.3,7.4,7.42,13.9,42.7,0,873.3,51,3.8,7.2,976,975,107,136,443,577,141,263,26,20,95
ABO,2023,7,7,12,23.1,32.6,9.2,5.8,6.62,13,40.1,0,873.3,44,3.7,6.9,963,833,203,153,242,606,237,299,50,20,95
ABO,2023,7,7,13,24.2,35.5,10.7,8,7.72,14.4,44,0,873.2,47,4.3,8.2,585,359,261,146,149,358,275,329,78,20,95
ABO,2023,7,7,14,23.4,38.3,11,8.4,7.94,14.3,43.7,0,873.1,44,3.3,7.5,250,32,224,112,117,136,134,355,100,20,95
ABO,2023,7,7,15,23.5,37,10.7,8,7.72,14.1,43.3,0,873.1,70,2.3,5,202,14,192,96,101,106,105,355,100,20,95
ABO,2023,7,7,16,24,37.4,11.2,8.6,8.09,14.6,44.7,0,872.8,62,2,4.2,373,344,157,89,90,171,399,332,71,20,95
ABO,2023,7,7,17,23.3,41.2,11.8,9.4,8.52,14.7,45.1,0,872.8,35,2.1,4.5,290,273,169,147,89,89,362,326,63,20,95
ABO,2023,7,7,18,21.7,47,12.2,9.9,8.82,14.4,44.2,0,872.9,360,1.2,2.3,38,0,38,47,46,46,47,303,53,20,95
ABO,2023,7,7,19,19.9,55.4,12.9,10.7,9.33,14.2,43.7,0,873.1,304,1.1,2.4,32,0,32,19,20,19,18,335,75,20,95
ABO,2023,7,7,20,18.1,64.5,13.4,11.3,9.7,13.9,42.8,0.1,873.1,310,1,2.4,0,0,0,0,0,0,0,351,100,20,95
ABO,2023,7,7,21,16.7,68.6,13,10.9,9.4,13.2,40.6,0,873.1,270,1.1,3.4,0,0,0,0,0,0,0,347,100,20,95
ABO,2023,7,7,22,16.6,65,12.3,10,8.88,12.6,39.2,0,873.4,263,1.7,4.9,0,0,0,0,0,0,0,313,45,20,95
ABO,2023,7,7,23,16.7,60,11.4,8.9,8.23,12.1,37.6,0,873.1,254,1.4,5.1,0,0,0,0,0,0,0,294,48,20,95
ABO,2023,7,8,0,16.1,59.4,10.9,8.2,7.86,11.5,36.1,0,873,270,1.5,4,0,0,0,0,0,0,0,328,85,20,95
ABO,2023,7,8,1,16.6,56.8,10.7,8,7.72,11.6,36.2,0,872.6,254,1.6,5.4,0,0,0,0,0,0,0,306,78,19,95
ABO,2023,7,8,2,16.8,54.6,10.4,7.6,7.5,11.5,35.9,0,872.6,270,1.3,4,0,0,0,0,0,0,0,300,54,19,95
ABO,2023,7,8,3,16.7,54.2,10.3,7.4,7.43,11.3,35.6,0,872.3,321,1.2,3.7,0,0,0,0,0,0,0,332,94,19,95
ABO,2023,7,8,4,16.8,54.9,10.5,7.7,7.57,11.5,36.1,0,872.9,253,1.4,2.8,0,0,0,0,0,0,0,326,94,19,95
ABO,2023,7,8,5,17.1,56.5,11,8.4,7.93,12,37.3,0,873.9,346,1.1,3.1,40,126,18,62,130,10,10,341,100,19,95
ABO,2023,7,8,6,15.8,69.3,12.4,10.2,8.94,12.4,38.5,0.3,875.2,9,2.7,7.9,104,160,66,92,191,34,32,342,100,19,95
ABO,2023,7,8,7,14.4,84.4,13.8,11.8,9.96,12.8,39.7,0,875.2,106,1.2,4.5,83,0,83,41,43,42,38,345,100,19,95
ABO,2023,7,8,8,15.2,77.5,13.4,11.3,9.67,12.8,39.7,0,875.2,202,0.7,1.7,161,18,151,74,97,81,70,348,100,19,95
ABO,2023,7,8,9,16.2,75.2,13.8,11.8,9.97,13.5,41.5,0,875.1,130,0.9,2.1,510,456,172,110,438,252,108,333,84,19,95
ABO,2023,7,8,10,18.2,65.8,13.7,11.7,9.89,14.1,43.4,0,874.9,127,1.2,3.3,726,555,267,145,509,427,144,324,59,19,95
ABO,2023,7,8,11,20.7,55.2,13.5,11.4,9.75,14.9,45.6,0,874.3,108,1.2,3.8,940,916,124,126,422,555,130,317,39,19,95
ABO,2023,7,8,12,22.7,53.2,14.7,12.7,10.64,16.2,49.9,0,874.2,74,3.4,5.5,860,664,254,154,228,535,234,329,56,19,95
ABO,2023,7,8,13,23.3,50.7,14.5,12.5,10.49,16.3,50.1,0,874.2,63,3.7,7.4,793,630,232,149,149,473,381,332,55,19,95
ABO,2023,7,8,14,23.9,46.7,13.8,11.8,9.98,16.1,49.4,0,874.3,57,4,9.2,744,606,235,143,143,428,491,338,50,19,95
ABO,2023,7,8,15,22.8,50.2,13.9,11.9,10.05,15.8,48.5,0,874.5,41,5,9.6,740,847,124,103,100,358,738,329,45,19,95
ABO,2023,7,8,16,22.9,52.9,14.8,12.8,10.71,16.4,50.3,0,874.6,44,3.2,7.8,600,855,89,82,79,201,823,302,29,19,95
ABO,2023,7,8,17,22.6,53.6,14.7,12.7,10.63,16.2,49.8,0,874.9,57,1.9,4,430,784,80,179,60,61,810,306,25,19,95
ABO,2023,7,8,18,21.8,56.6,14.8,12.8,10.7,16,49.1,0,875.1,329,0.8,2.2,40,0,40,42,42,42,42,309,25,19,95
ABO,2023,7,8,19,20.6,60.5,14.7,12.7,10.62,15.5,47.7,0,875.4,320,0.9,2.4,22,0,22,18,18,18,18,303,13,19,95
ABO,2023,7,8,20,18.8,65.5,14.2,12.2,10.25,14.6,44.9,0,875.9,301,0.7,1.8,0,0,0,0,0,0,0,272,0,19,95
ABO,2023,7,8,21,17.5,69.2,13.8,11.8,9.95,14,42.8,0,876.4,284,0.5,1.6,0,0,0,0,0,0,0,268,0,19,95
ABO,2023,7,8,22,17.2,65.1,12.8,10.6,9.22,13.2,40.6,0,876.6,284,0.7,1.7,0,0,0,0,0,0,0,277,13,19,95
ABO,2023,7,8,23,17.2,61.3,12,9.7,8.64,12.7,39.2,0,876.3,326,0.5,1.9,0,0,0,0,0,0,0,335,90,19,95
ABO,2023,7,9,0,17.1,55,10.7,8,7.69,11.8,36.7,0,876.2,281,0.7,1.5,0,0,0,0,0,0,0,325,94,19,95
ABO,2023,7,9,1,17.2,48,9.4,6.1,6.74,10.9,34.4,0,876.3,304,0.7,1.7,0,0,0,0,0,0,0,284,46,18,95
ABO,2023,7,9,2,16.9,45.6,8.8,5.1,6.31,10.4,33,0,876.3,304,0.6,1.5,0,0,0,0,0,0,0,275,29,18,95
ABO,2023,7,9,3,17.1,43.5,8.5,4.6,6.09,10.2,32.6,0,876.3,301,0.7,1.8,0,0,0,0,0,0,0,271,33,18,95
ABO,2023,7,9,4,17.3,42.7,8.4,4.5,6.02,10.3,32.6,0,876.5,307,0.7,1.7,0,0,0,0,0,0,0,267,19,18,95
ABO,2023,7,9,5,16.9,46.3,8.9,5.3,6.38,10.5,33.1,0,876.6,315,0.7,1.9,63,214,30,109,219,17,17,274,6,18,95
ABO,2023,7,9,6,18.5,48.4,10.3,7.4,7.4,12,37.4,0,876.6,207,0.9,3.6,233,615,62,230,637,38,38,259,0,18,95
ABO,2023,7,9,7,20.8,48.3,11.9,9.5,8.56,13.9,42.7,0,876.3,198,1.1,3.5,414,773,75,175,791,57,60,261,0,18,95
ABO,2023,7,9,8,23.1,40.6,11.5,9,8.27,14.5,44.3,0,876.3,159,1,2.1,589,850,86,79,813,192,81,263,0,18,95
ABO,2023,7,9,9,25.7,30.3,10,7,7.18,14.4,44.1,0,876.4,94,1.6,4.1,736,869,108,98,736,348,101,266,0,18,95
ABO,2023,7,9,10,27.2,26.8,9.7,6.5,6.96,14.7,45.1,0,876.3,82,2.4,4.8,857,900,114,112,604,470,116,293,19,18,95
ABO,2023,7,9,11,27.7,26.6,9.9,6.8,7.11,15,46,0,876.2,55,3.1,5.9,967,972,102,121,426,563,126,303,25,18,95
ABO,2023,7,9,12,28.1,25.8,9.8,6.7,7.04,15,46.2,0,876,43,3.6,6.5,979,928,133,127,199,593,205,330,44,18,95
ABO,2023,7,9,13,28,26.1,9.9,6.8,7.11,15.1,46.3,0,876,43,3.8,7,639,300,372,181,186,384,330,353,64,18,95
ABO,2023,7,9,14,27.7,29.3,10.9,8.2,7.84,15.6,47.9,0,875.8,41,3.5,7.3,546,366,250,137,140,299,366,334,59,18,95
ABO,2023,7,9,15,27.8,29.9,11.2,8.6,8.06,15.8,48.5,0,875.8,37,3.3,6.1,599,481,255,131,132,316,539,327,48,18,95
ABO,2023,7,9,16,27.6,30.9,11.4,8.9,8.21,15.9,48.7,0,875.6,39,2.9,5.7,523,572,178,95,95,225,631,318,40,18,95
ABO,2023,7,9,17,26.9,33,11.7,9.3,8.42,15.8,48.5,0,875.8,39,2.1,4.6,305,275,181,151,89,88,371,347,75,18,95
ABO,2023,7,9,18,25.5,36.1,11.8,9.4,8.49,15.4,47.3,0,876.1,38,1.9,4.8,102,0,102,53,56,55,51,369,100,18,95
ABO,2023,7,9,19,23.6,43,12.5,10.3,9,15.3,46.6,0,876.4,326,0.7,2.1,37,0,37,19,20,20,18,357,94,18,95
ABO,2023,7,9,20,21.6,48.2,12.4,10.2,8.92,14.5,44.4,0,876.8,270,0.5,1.6,0,0,0,0,0,0,0,344,81,18,95
ABO,2023,7,9,21,20.6,50.6,12.3,10,8.85,14.1,43.2,0,876.9,297,0.8,1.8,0,0,0,0,0,0,0,328,71,18,95
ABO,2023,7,9,22,19.9,53.6,12.4,10.2,8.92,13.9,42.6,0,877.3,315,0.9,1.9,0,0,0,0,0,0,0,308,59,18,95
ABO,2023,7,9,23,20,55,12.9,10.7,9.28,14.2,43.7,0,877.1,262,1.1,3.4,0,0,0,0,0,0,0,271,25,18,95
ABO,2023,7,10,0,19.4,57.9,13,10.9,9.36,14.1,43.3,0,876.9,315,0.6,1.8,0,0,0,0,0,0,0,294,48,18,95
ABO,2023,7,10,1,19.3,56,12.5,10.3,9,13.8,42.2,0,876.7,292,0.9,3.4,0,0,0,0,0,0,0,301,71,19,95
ABO,2023,7,10,2,18.9,55.9,12.2,9.9,8.77,13.4,41.3,0,877,264,1,3.4,0,0,0,0,0,0,0,296,68,19,95
ABO,2023,7,10,3,19.8,52.1,12,9.7,8.63,13.6,41.8,0,876.9,245,2,4.9,0,0,0,0,0,0,0,291,88,19,95
ABO,2023,7,10,4,19.2,55.2,12.3,10,8.85,13.6,41.8,0,876.7,249,1.2,4.2,0,0,0,0,0,0,0,287,81,19,95
ABO,2023,7,10,5,18.8,58.9,12.8,10.6,9.21,13.8,42.3,0,876.9,315,0.8,2,62,209,31,107,215,18,17,287,55,19,95
ABO,2023,7,10,6,19.7,58.7,13.5,11.4,9.72,14.5,44.5,0,877.1,202,0.9,3.5,228,600,63,227,624,39,40,271,0,19,95
ABO,2023,7,10,7,21,55.7,13.8,11.8,9.93,15.2,46.3,0,877.9,96,2.2,4.8,411,749,83,179,778,61,64,288,23,19,95
ABO,2023,7,10,8,21.2,58.7,14.8,12.8,10.67,15.8,48.4,0,877.9,67,2.8,7.3,569,776,110,85,771,206,87,285,33,19,95
ABO,2023,7,10,9,22.3,57.5,15.5,13.5,11.18,16.6,50.9,0,877.6,110,1.6,3.4,737,875,106,103,745,352,106,288,25,19,95
ABO,2023,7,10,10,23.9,52.2,15.5,13.5,11.19,17.1,52.5,0,877.4,86,3,6.2,867,921,108,117,614,480,122,310,19,19,95
ABO,2023,7,10,11,25,53.8,17,15,12.29,18.3,56.5,0,877.2,73,3.5,7,921,872,148,133,440,555,137,297,29,19,95
ABO,2023,7,10,12,26.1,54.5,18.4,16.2,13.33,19.3,60.2,0,876.8,63,3.8,7.6,878,717,225,147,236,554,214,320,50,19,95
ABO,2023,7,10,13,25.7,56.8,18.8,16.5,13.63,19.4,60.6,0,876.7,44,4.7,8.7,785,575,269,159,160,483,370,340,61,19,95
ABO,2023,7,10,14,25.4,56,18.2,16,13.19,19,59.2,0,876.5,53,4.2,7.7,382,137,266,132,137,219,214,342,78,19,95
ABO,2023,7,10,15,25.7,56.5,18.7,16.4,13.56,19.3,60.4,0,876.4,54,3.9,8.1,197,3,195,97,102,102,94,370,100,19,95
ABO,2023,7,10,16,25.5,59,19.2,16.9,13.94,19.6,61.2,0,876.2,51,3.7,7.6,143,8,139,68,72,73,73,364,94,19,95
ABO,2023,7,10,17,24.9,60.4,19,16.7,13.79,19.3,60.2,0,876.1,52,2.9,5,134,5,132,66,69,68,66,334,84,19,95
ABO,2023,7,10,18,23.9,64.1,19,16.7,13.79,19,59.1,0,876.1,43,2.4,4.8,72,0,72,40,42,41,38,323,53,19,95
ABO,2023,7,10,19,23.1,65.2,18.4,16.2,13.34,18.4,57.2,0,876.3,323,0.9,3.2,28,0,28,17,17,17,16,311,59,19,95
ABO,2023,7,10,20,21.4,69.5,17.7,15.6,12.82,17.5,54.1,0,876.3,292,0.8,2.1,0,0,0,0,0,0,0,301,100,19,95
ABO,2023,7,10,21,20.3,67.1,16,14,11.57,16.2,49.8,0,876.2,292,0.8,2.3,0,0,0,0,0,0,0,298,100,19,95
ABO,2023,7,10,22,19.3,63.9,14.3,12.3,10.32,14.9,45.6,0,876.1,346,0.7,1.6,0,0,0,0,0,0,0,295,100,19,95
ABO,2023,7,10,23,20.1,58.8,13.8,11.8,9.95,14.9,45.5,0,876.2,249,2.5,5.6,0,0,0,0,0,0,0,272,100,19,95
ABO,2023,7,11,0,20.8,56.3,13.8,11.8,9.96,15.1,46.2,0,876,248,3.7,5.5,0,0,0,0,0,0,0,269,100,19,95
ABO,2023,7,11,1,19.4,61.8,13.9,11.9,10.03,14.7,45,0,875.6,241,2.4,5.1,0,0,0,0,0,0,0,267,0,19,95
ABO,2023,7,11,2,18.3,60.8,12.8,10.6,9.24,13.6,41.8,0,874.9,315,0.8,2.1,0,0,0,0,0,0,0,267,0,19,95
ABO,2023,7,11,3,18.4,50.7,10.7,8,7.71,12.3,38,0,874.4,301,0.7,2.2,0,0,0,0,0,0,0,266,0,19,95
ABO,2023,7,11,4,17.9,50.9,10.4,7.6,7.49,11.9,37,0,874.2,281,0.9,2.8,0,0,0,0,0,0,0,266,0,19,95
ABO,2023,7,11,5,17.9,52.7,10.8,8.1,7.78,12.1,37.7,0,874.1,270,1,3.3,61,211,30,107,216,17,16,286,23,19,95
ABO,2023,7,11,6,20.2,51.5,12.2,9.9,8.81,13.9,42.7,0,874,204,1.3,4,229,597,65,227,623,40,40,271,6,19,95
ABO,2023,7,11,7,22.5,46.9,12.8,10.6,9.25,15.1,46.1,0,873.8,201,1,3.4,412,764,79,178,790,60,63,266,0,19,95
ABO,2023,7,11,8,25.4,34.4,11.2,8.6,8.08,15,46.1,0,873.6,166,1.2,3.6,593,862,85,83,828,198,86,266,0,19,95
ABO,2023,7,11,9,27.8,29.1,10.9,8.2,7.86,15.6,48,0,873.2,158,2.3,5.7,744,895,99,102,753,355,106,267,0,19,95
ABO,2023,7,11,10,28.6,26.7,10.4,7.6,7.5,15.6,47.9,0,872.8,182,4.2,9.1,871,941,96,117,618,479,122,275,0,19,95
ABO,2023,7,11,11,29.5,25.3,10.4,7.6,7.5,15.9,48.9,0,872.4,151,4.6,9.8,961,977,94,127,427,566,132,296,0,19,95
ABO,2023,7,11,12,30.2,23.3,10,7,7.22,15.8,48.8,0,872,212,3.8,10.6,993,982,99,131,196,600,197,320,19,19,95
ABO,2023,7,11,13,30.5,22.5,9.8,6.7,7.07,15.8,48.8,0,871.6,240,2.8,8.6,961,955,111,129,124,575,433,323,19,19,95
ABO,2023,7,11,14,30.1,34.4,14.7,12.7,10.68,18.5,57.6,0,871.2,84,2.9,6.6,807,728,203,134,132,476,570,329,43,19,95
ABO,2023,7,11,15,29.8,36.2,15.2,13.2,11.05,18.7,58.2,0,870.5,54,3.6,7.8,473,337,221,111,113,270,395,340,63,19,95
ABO,2023,7,11,16,28.9,37.4,14.9,12.9,10.84,18.3,56.8,0,869.9,61,2.3,5.8,195,23,180,89,93,101,107,363,100,19,95
ABO,2023,7,11,17,27.6,38.7,14.3,12.3,10.4,17.6,54.3,0,869.9,172,2.6,9.9,82,14,77,42,40,40,51,373,100,19,95
ABO,2023,7,11,18,26.4,30.5,10.5,7.7,7.61,14.9,46,0,868.3,247,1.4,6.1,72,0,72,36,38,37,34,372,100,19,95
ABO,2023,7,11,19,24.9,36.5,11.5,9,8.34,15.1,46.3,0,869.5,351,1.8,6.2,16,0,16,8,8,8,7,371,100,19,95
ABO,2023,7,11,20,20.5,57.8,13.9,11.9,10.07,15.1,46.2,3.6,872.4,317,5.6,20.9,0,0,0,0,0,0,0,367,100,19,95
ABO,2023,7,11,21,16.7,83,15.8,13.8,11.48,14.8,45.8,0.3,872.1,309,2.6,7,0,0,0,0,0,0,0,363,100,19,95
ABO,2023,7,11,22,16.2,86.8,16,14,11.64,14.8,45.7,0,871,236,1.2,3,0,0,0,0,0,0,0,359,100,19,95
ABO,2023,7,11,23,16.3,85.1,15.8,13.8,11.48,14.7,45.4,0,871.8,27,1.7,4.5,0,0,0,0,0,0,0,355,100,19,95
ABO,2023,7,12,0,16.4,84.6,15.8,13.8,11.49,14.7,45.6,0,871.3,230,1.3,3.2,0,0,0,0,0,0,0,351,100,19,95
ABO,2023,7,12,1,17,84.7,16.4,14.4,11.95,15.3,47.4,2.9,870.1,270,1.7,8.1,0,0,0,0,0,0,0,349,100,19,95
ABO,2023,7,12,2,17.2,88.6,17.4,15.3,12.71,16,49.5,0,868.6,270,1,2.8,0,0,0,0,0,0,0,340,88,19,95
ABO,2023,7,12,3,16.9,84.1,16.2,14.2,11.78,15.2,46.8,5.3,871.5,198,4.8,14.8,0,0,0,0,0,0,0,349,100,19,95
ABO,2023,7,12,4,16,79.2,14.4,12.4,10.45,13.8,42.5,4.1,871.2,245,4.4,10.8,0,0,0,0,0,0,0,349,100,19,95
ABO,2023,7,12,5,15.1,85.6,14.7,12.7,10.68,13.6,42.2,0,870.6,262,1.6,5.5,17,0,17,8,9,9,8,350,100,19,95
ABO,2023,7,12,6,15.8,83.4,15,13,10.92,14,43.5,0,869.4,225,1.6,7,138,145,95,95,197,49,45,346,94,19,95
ABO,2023,7,12,7,16.9,82.5,15.9,13.9,11.58,15,46.3,0,870.1,72,1.8,4.5,399,716,91,180,754,62,64,322,58,19,95
ABO,2023,7,12,8,17.7,74,15,13,10.91,14.7,45.4,0,870.2,159,1.1,3.2,326,336,142,80,397,126,78,345,81,19,95
ABO,2023,7,12,9,19.3,68.7,15.4,13.4,11.2,15.5,47.8,0,870.6,79,2,7.1,347,162,233,115,268,187,110,351,88,19,95
ABO,2023,7,12,10,20,69.3,16.2,14.2,11.79,16.2,50,0,870.7,60,3.7,7.1,627,427,271,151,411,366,148,344,81,19,95
ABO,2023,7,12,11,20.6,68,16.5,14.5,12.02,16.6,51.2,0,870.4,60,2.9,5.6,496,117,392,191,270,284,183,360,100,19,95
ABO,2023,7,12,12,20.2,70.7,16.7,14.7,12.17,16.6,51.2,0,870.2,56,3.5,7.1,142,0,142,70,74,73,66,363,100,19,95
ABO,2023,7,12,13,19.1,83.3,18.4,16.2,13.43,17.2,53.3,6.4,870.3,41,2.9,7.2,546,333,251,130,132,341,289,354,81,19,95
ABO,2023,7,12,14,19,84.9,18.6,16.4,13.59,17.3,53.6,0,869.9,66,2,4.8,265,33,238,117,123,143,138,361,94,19,95
ABO,2023,7,12,15,18.9,84.9,18.5,16.3,13.52,17.2,53.3,3.6,869.9,113,1.6,4.1,381,89,316,154,162,205,230,355,100,19,95
ABO,2023,7,12,16,18.6,88.7,19,16.7,13.89,17.3,53.9,0,870,78,1.8,5,266,44,240,118,124,135,157,357,100,19,95
ABO,2023,7,12,17,18,90.4,18.6,16.4,13.59,16.9,52.5,0.1,869.7,61,1.7,3.6,82,1,81,40,42,42,39,355,100,19,95
ABO,2023,7,12,18,17.6,92.1,18.5,16.3,13.51,16.7,51.9,0,870,55,2.3,4.8,50,0,50,25,26,26,23,353,100,19,95
ABO,2023,7,12,19,17.3,92.1,18.2,16,13.29,16.4,51.1,0,869.8,53,2.6,6.7,17,0,17,9,9,9,8,351,100,19,95
ABO,2023,7,12,20,16.9,93.2,17.9,15.8,13.07,16.2,50.1,0.1,870,45,1.9,6.2,0,0,0,0,0,0,0,349,100,19,95
ABO,2023,7,12,21,16.1,93.2,17,15,12.38,15.4,47.5,0.5,870.8,40,2.9,7.7,0,0,0,0,0,0,0,347,100,19,95
ABO,2023,7,12,22,14.8,93.7,15.8,13.8,11.49,14.2,43.9,0.4,871.4,48,3.3,8.9,0,0,0,0,0,0,0,345,100,19,95
ABO,2023,7,12,23,14.3,91.9,15,13,10.89,13.5,41.9,8.4,871.8,45,2,6.7,0,0,0,0,0,0,0,343,100,19,95
ABO,2023,7,13,0,14.2,91.9,14.9,12.9,10.81,13.4,41.6,0.2,871.9,104,1.1,4,0,0,0,0,0,0,0,342,100,19,95
ABO,2023,7,13,1,14.1,91.9,14.8,12.8,10.75,13.3,41.3,0.2,871.4,203,1,2.6,0,0,0,0,0,0,0,336,100,19,95
ABO,2023,7,13,2,13.7,89.5,14,12,10.16,12.7,39.4,0,870.9,239,0.9,2.4,0,0,0,0,0,0,0,331,100,19,95
ABO,2023,7,13,3,13.3,90.6,13.8,11.8,10.02,12.4,38.7,0,870.5,194,1,2.6,0,0,0,0,0,0,0,336,94,19,95
ABO,2023,7,13,4,12.9,93.6,13.9,11.9,10.09,12.3,38.4,0,870.6,49,1.2,3,0,0,0,0,0,0,0,322,75,19,95
ABO,2023,7,13,5,13,92.4,13.8,11.8,10.01,12.3,38.3,0,871.2,127,0.8,2.1,23,47,17,30,53,9,8,326,88,19,95
ABO,2023,7,13,6,13.2,91.2,13.8,11.8,10.01,12.3,38.5,0.8,871.7,180,0.8,1.7,96,45,85,58,89,43,40,340,100,19,95
ABO,2023,7,13,7,13.6,90,14,12,10.15,12.6,39.3,0.1,871.9,169,0.7,1.7,143,17,136,71,88,70,64,340,100,19,95
ABO,2023,7,13,8,13.3,93.7,14.3,12.3,10.37,12.7,39.5,1.7,872.3,72,1.2,3.1,148,4,145,72,79,76,68,341,100,19,95
ABO,2023,7,13,9,14.1,90.1,14.5,12.5,10.52,13.1,40.8,0.7,872,172,0.9,2.2,323,60,279,136,198,173,130,343,94,19,95
ABO,2023,7,13,10,15.1,88.4,15.2,13.2,11.03,13.9,43.1,0.1,872.3,70,2.1,4.4,410,61,359,176,232,223,167,344,100,19,95
ABO,2023,7,13,11,14.8,90.1,15.2,13.2,11.02,13.8,42.7,0.1,872.8,53,3.7,7.5,230,7,223,110,121,120,104,345,100,19,95
ABO,2023,7,13,12,14.8,88.4,14.9,12.9,10.8,13.6,42.2,0,872.8,62,3.2,7.3,224,2,223,110,116,116,104,347,100,19,95
ABO,2023,7,13,13,16,84,15.3,13.3,11.1,14.3,44.2,0,872.8,72,2.8,5.5,254,4,250,123,130,131,119,347,100,19,95
ABO,2023,7,13,14,16.6,78.3,14.8,12.8,10.73,14.2,43.9,0,872.8,72,3,6.3,288,12,278,137,144,151,139,347,100,19,95
ABO,2023,7,13,15,16.9,75.3,14.5,12.5,10.51,14.1,43.6,0,872.9,67,2.8,5.8,210,5,207,102,108,109,101,334,100,19,95
ABO,2023,7,13,16,16.4,76.2,14.2,12.2,10.28,13.8,42.5,0,873.2,55,2.9,5.9,178,21,166,82,86,91,99,339,94,19,95
ABO,2023,7,13,17,16.1,76.6,14,12,10.13,13.6,41.8,0,873.3,72,1.8,4.2,213,112,168,112,86,85,197,323,88,19,95
ABO,2023,7,13,18,15.6,78.6,13.9,11.9,10.06,13.3,41.1,0,873.3,127,0.8,2.2,94,0,94,49,52,51,47,293,88,19,95
ABO,2023,7,13,19,14.9,82.8,14,12,10.14,13.1,40.6,0,873.2,321,0.9,2.1,18,0,18,10,10,10,9,296,84,19,95
ABO,2023,7,13,20,13.8,85.4,13.5,11.4,9.77,12.3,38.5,0,873.4,301,0.9,2.3,0,0,0,0,0,0,0,281,68,19,95
ABO,2023,7,13,21,13.7,85.4,13.4,11.3,9.69,12.2,38.3,0,873.4,252,0.9,2.2,0,0,0,0,0,0,0,265,44,19,95
ABO,2023,7,13,22,13.7,87.7,13.7,11.7,9.91,12.5,38.8,0,873.4,225,0.6,1.3,0,0,0,0,0,0,0,280,78,19,95
ABO,2023,7,13,23,13.2,84.8,12.9,10.7,9.33,11.7,36.8,0,873.3,297,0.8,1.9,0,0,0,0,0,0,0,305,81,19,95
ABO,2023,7,14,0,12.6,83.6,12.2,9.9,8.82,11,34.9,0,872.9,329,0.7,1.5,0,0,0,0,0,0,0,313,88,19,95
ABO,2023,7,14,1,11.7,88.7,12.2,9.9,8.82,10.6,34,0,872.7,270,0.5,1.3,0,0,0,0,0,0,0,320,100,18,95
ABO,2023,7,14,2,11.2,88.7,11.8,9.4,8.53,10.2,32.8,0,872.1,270,0.4,1.3,0,0,0,0,0,0,0,299,54,18,95
ABO,2023,7,14,3,11,89.2,11.7,9.3,8.46,10,32.4,0,871.5,225,0.4,1.3,0,0,0,0,0,0,0,294,51,18,95
ABO,2023,7,14,4,10.7,88,11.3,8.8,8.17,9.6,31.3,0,871.4,252,0.6,1.5,0,0,0,0,0,0,0,270,33,18,95
ABO,2023,7,14,5,10.6,88.6,11.3,8.8,8.18,9.6,31.3,0,870.8,243,0.7,1.8,59,221,28,109,224,15,15,253,29,18,95
ABO,2023,7,14,6,12.6,82.5,12,9.7,8.69,10.9,34.6,0,870.9,204,1.3,4,225,587,66,218,612,37,38,285,45,18,95
ABO,2023,7,14,7,14.7,72.9,12.2,9.9,8.84,11.8,37.1,0,870.7,207,1.1,2.1,405,746,84,171,774,56,59,282,38,18,95
ABO,2023,7,14,8,16.8,64.2,12.3,10,8.91,12.7,39.5,0,870.5,151,1.3,3.3,590,862,87,76,826,197,78,276,19,18,95
ABO,2023,7,14,9,19.2,53.4,11.9,9.5,8.62,13.3,41.2,0,870.6,102,1.6,3.5,732,861,115,95,737,355,98,286,29,18,95
ABO,2023,7,14,10,20.8,45.5,11.2,8.6,8.11,13.5,41.5,0,870.2,85,2.2,4.2,856,905,115,107,607,477,111,258,0,18,95
ABO,2023,7,14,11,22.1,42.9,11.4,8.9,8.26,14.1,43.2,0,870.1,71,3,6,950,974,89,114,413,556,119,273,13,18,95
ABO,2023,7,14,12,22.1,53.8,14.3,12.3,10.39,15.8,48.6,0,870,58,3.8,7.4,960,932,116,119,184,585,191,298,36,18,95
ABO,2023,7,14,13,22.3,51.7,13.9,11.9,10.1,15.7,48.1,0,870,57,3.8,7.6,905,837,163,121,118,556,423,318,65,18,95
ABO,2023,7,14,14,23,51.3,14.4,12.4,10.48,16.2,49.8,0,869.4,69,3,6,846,872,129,110,106,478,600,302,41,18,95
ABO,2023,7,14,15,23.4,48.1,13.8,11.8,10.03,16,49.1,0,869.2,58,3.3,6.2,740,885,100,93,90,357,738,271,0,18,95
ABO,2023,7,14,16,23.2,51.6,14.7,12.7,10.7,16.4,50.6,0,869.1,52,3.2,6.2,578,799,103,78,76,212,782,272,6,18,95
ABO,2023,7,14,17,22.6,57.2,15.7,13.7,11.44,16.8,51.8,0,869,59,2.1,4.8,411,757,78,159,55,56,780,274,0,18,95
ABO,2023,7,14,18,20.9,64.3,15.9,13.9,11.59,16.3,50.5,0,869.2,309,0.8,1.8,30,0,30,37,36,36,37,275,0,18,95
ABO,2023,7,14,19,19.9,68.3,15.9,13.9,11.59,16,49.4,0,869.4,315,0.7,1.6,21,0,21,16,16,16,16,275,0,18,95
ABO,2023,7,14,20,18.5,72.7,15.5,13.5,11.28,15.3,47.2,0,869.9,301,0.7,1.8,0,0,0,0,0,0,0,271,10,18,95
ABO,2023,7,14,21,17.4,71.5,14.2,12.2,10.32,14.1,43.6,0,870.2,270,0.7,1.6,0,0,0,0,0,0,0,268,0,18,95
ABO,2023,7,14,22,16.9,66.8,12.9,10.7,9.36,13.1,40.7,0,870.3,284,0.7,1.9,0,0,0,0,0,0,0,264,0,18,95
ABO,2023,7,14,23,17.2,60.5,11.9,9.5,8.62,12.6,39.1,0,870.3,252,1.2,4.2,0,0,0,0,0,0,0,261,0,18,95
ABO,2023,7,15,0,16.7,61.6,11.7,9.3,8.48,12.3,38.3,0,870.1,281,0.8,2.9,0,0,0,0,0,0,0,257,0,18,95
ABO,2023,7,15,1,17.7,55.2,11.2,8.6,8.11,12.3,38.4,0,869.8,241,2.6,5.2,0,0,0,0,0,0,0,276,0,17,95
ABO,2023,7,15,2,16.4,61.6,11.5,9,8.34,12,37.6,0,869.6,247,1.2,4.5,0,0,0,0,0,0,0,277,0,17,95
ABO,2023,7,15,3,17.2,56.9,11.2,8.6,8.12,12.1,37.9,0,869.3,248,1,3.1,0,0,0,0,0,0,0,278,0,17,95
ABO,2023,7,15,4,16.7,56.8,10.8,8.1,7.82,11.7,36.6,0,869.3,270,1,3.9,0,0,0,0,0,0,0,264,0,17,95
ABO,2023,7,15,5,16.3,57.9,10.7,8,7.76,11.5,36,0,868.9,333,0.9,2.3,56,211,27,104,214,15,14,281,16,17,95
ABO,2023,7,15,6,17.6,56.3,11.3,8.8,8.2,12.4,38.5,0,868.5,198,0.7,3.1,221,600,61,219,622,35,35,260,0,17,95
ABO,2023,7,15,7,20.4,46.6,11.2,8.6,8.13,13.3,41.1,0,868.5,207,1.2,3.3,403,768,73,163,787,53,55,262,0,17,95
ABO,2023,7,15,8,23.9,36.2,10.7,8,7.76,14.3,43.8,0,868.7,200,1.7,5.8,580,860,80,73,817,191,75,267,0,17,95
ABO,2023,7,15,9,27,26,9.3,5.9,6.73,14.4,44.3,0,868.6,210,3.6,7.9,726,873,102,91,733,347,94,271,0,17,95
ABO,2023,7,15,10,28.1,25.8,9.8,6.7,7.1,15,46.4,0,868,184,3.5,9.2,833,861,130,106,596,469,109,281,19,17,95
ABO,2023,7,15,11,28.4,26.4,10.2,7.3,7.4,15.4,47.5,0,868,171,5.7,12.3,928,940,99,111,407,548,116,304,23,17,95
ABO,2023,7,15,12,28.6,27.6,10.8,8.1,7.84,15.8,48.8,0,867.5,197,4.3,9.4,632,492,187,113,191,386,135,346,79,17,95
ABO,2023,7,15,13,26.8,30.6,10.8,8.1,7.84,15.3,46.9,0,868.1,238,5.4,9.8,420,136,301,142,149,240,217,372,94,17,95
ABO,2023,7,15,14,26.6,42.4,14.8,12.8,10.79,17.5,54.3,0,867.8,186,3.4,10.5,834,853,134,108,105,472,592,344,54,17,95
ABO,2023,7,15,15,28.3,29.8,11.5,9,8.36,16.1,49.8,0,867.4,177,4.4,12.7,718,828,119,93,90,356,710,322,25,17,95
ABO,2023,7,15,16,24.4,52,15.9,13.9,11.62,17.5,54.1,0,867.1,71,2.6,5.9,409,453,128,78,78,170,465,337,60,17,95
ABO,2023,7,15,17,23.8,56.4,16.6,14.6,12.14,17.7,54.8,0,867.2,60,2.4,5.4,189,91,145,88,72,71,162,369,88,17,95
ABO,2023,7,15,18,23.4,56.3,16.2,14.2,11.83,17.3,53.6,0,868.1,72,1.6,4.1,86,0,86,43,45,44,40,353,75,17,95
ABO,2023,7,15,19,22.4,59,16,14,11.68,16.9,52.2,0,867.9,301,1,3,22,0,22,16,16,16,15,334,50,17,95
ABO,2023,7,15,20,21.3,61.9,15.7,13.7,11.45,16.3,50.5,0,868.4,281,1.1,4.4,0,0,0,0,0,0,0,315,41,17,95
ABO,2023,7,15,21,19.8,66.1,15.3,13.3,11.15,15.6,48.2,0,868.7,270,1.8,3.7,0,0,0,0,0,0,0,303,29,17,95
ABO,2023,7,15,22,19.3,66,14.8,12.8,10.77,15.2,46.7,0,869.7,323,1.9,6,0,0,0,0,0,0,0,311,33,17,95
ABO,2023,7,15,23,18.5,76,16.2,14.2,11.79,15.7,48.5,0,870.8,68,1.6,5.3,0,0,0,0,0,0,0,327,63,17,95
ABO,2023,7,16,0,18.7,76.1,16.4,14.4,11.94,15.9,49.1,0,870.9,259,0.8,3.1,0,0,0,0,0,0,0,325,64,17,95
ABO,2023,7,16,1,17.3,82,16.2,14.2,11.79,15.3,47.3,0,871,35,3.7,7.6,0,0,0,0,0,0,0,315,61,17,95
ABO,2023,7,16,2,15.6,89,15.8,13.8,11.49,14.5,44.8,0,871,44,3.3,5.8,0,0,0,0,0,0,0,330,84,17,95
ABO,2023,7,16,3,14.9,89.6,15.2,13.2,11.05,13.8,42.9,0,871,49,2,4.4,0,0,0,0,0,0,0,338,94,17,95
ABO,2023,7,16,4,14.4,91.3,15,13,10.89,13.5,42,0,871.7,45,2.7,5,0,0,0,0,0,0,0,347,94,17,95
ABO,2023,7,16,5,13.9,92.5,14.7,12.7,10.67,13.2,40.9,0.1,871.5,61,2.5,5.4,30,33,26,28,45,13,12,323,74,17,95
ABO,2023,7,16,6,13.7,93.7,14.7,12.7,10.67,13.1,40.7,0.1,871.9,90,1.2,4,83,20,78,45,60,39,36,342,88,17,95
ABO,2023,7,16,7,14.7,89,14.9,12.9,10.82,13.6,42.1,0,871.6,90,1,2.5,199,69,170,98,158,84,77,330,81,17,95
ABO,2023,7,16,8,15.5,86.2,15.2,13.2,11.04,14,43.5,0,871.3,72,1.8,3.7,304,88,252,120,216,152,114,338,88,17,95
ABO,2023,7,16,9,16.5,81.9,15.4,13.4,11.19,14.5,44.9,0,871.6,79,2.1,4.5,322,38,295,141,184,165,134,348,100,17,95
ABO,2023,7,16,10,17.8,77.4,15.8,13.8,11.48,15.2,47,0,871.7,85,2.5,4.9,452,103,368,174,264,249,165,341,94,17,95
ABO,2023,7,16,11,19,72.3,15.9,13.9,11.56,15.7,48.4,0,871.6,80,2.6,5.9,523,128,410,193,282,297,184,344,94,17,95
ABO,2023,7,16,12,19.2,72.8,16.2,14.2,11.78,15.9,49.2,0,871.7,63,3.5,6.6,500,101,409,193,211,280,219,352,94,17,95
ABO,2023,7,16,13,20,72,16.8,14.8,12.23,16.6,51.1,0,871.5,67,3.8,6.6,680,336,383,176,181,424,359,340,71,17,95
ABO,2023,7,16,14,20.3,69.8,16.6,14.6,12.08,16.6,51.1,0,871.2,81,2.6,5.3,680,465,296,146,148,410,456,330,68,17,95
ABO,2023,7,16,15,21.2,67.7,17,15,12.38,17.1,52.8,0,871.3,62,3.4,6.8,340,104,261,123,129,185,210,344,88,17,95
ABO,2023,7,16,16,19.7,74.3,17,15,12.37,16.6,51.2,0,871.7,48,3.8,7.4,33,0,33,16,17,17,15,362,100,17,95
ABO,2023,7,16,17,18.8,76.1,16.5,14.5,12,16,49.3,0,871.8,53,2.7,5.9,210,98,167,101,83,83,178,344,78,17,95
ABO,2023,7,16,18,18.9,77.1,16.8,14.8,12.22,16.2,50,0,871.9,71,1.8,3.6,96,0,96,50,52,52,47,324,60,17,95
ABO,2023,7,16,19,18.6,78.6,16.8,14.8,12.22,16.1,49.7,0,872,75,1.2,2.3,33,0,33,16,17,17,16,319,45,17,95
ABO,2023,7,16,20,18.3,79.5,16.7,14.7,12.14,15.9,49.2,0,872.6,121,0.9,1.8,0,0,0,0,0,0,0,328,56,17,95
ABO,2023,7,16,21,17.4,84.7,16.8,14.8,12.21,15.7,48.4,0,872.7,135,0.6,1.7,0,0,0,0,0,0,0,341,71,17,95
ABO,2023,7,16,22,16.7,85.2,16.2,14.2,11.76,15.1,46.6,0,873.1,243,0.9,2.4,0,0,0,0,0,0,0,329,78,17,95
ABO,2023,7,16,23,16.6,85.7,16.2,14.2,11.76,15.1,46.4,0,873.4,90,0.7,1.7,0,0,0,0,0,0,0,328,68,17,95
ABO,2023,7,17,0,16,87.3,15.9,13.9,11.53,14.7,45.3,0,873.4,63,0.7,2,0,0,0,0,0,0,0,303,45,17,95
ABO,2023,7,17,1,15.8,87.9,15.8,13.8,11.45,14.5,44.9,0,873.8,360,1.3,3.3,0,0,0,0,0,0,0,293,45,19,95
ABO,2023,7,17,2,15.6,93.8,16.6,14.6,12.04,15,46.2,0,873.9,117,0.9,2.1,0,0,0,0,0,0,0,280,39,19,95
ABO,2023,7,17,3,15.6,95,16.8,14.8,12.19,15.1,46.5,0,873.7,90,0.7,2.1,0,0,0,0,0,0,0,270,10,19,95
ABO,2023,7,17,4,15.8,93.8,16.8,14.8,12.19,15.2,46.7,0,873.7,101,0.7,2.1,0,0,0,0,0,0,0,275,0,19,95
ABO,2023,7,17,5,15.7,90.8,16.2,14.2,11.75,14.7,45.5,0,873.7,117,0.9,2.4,29,21,26,22,33,14,12,279,13,19,95
ABO,2023,7,17,6,15.9,87.9,15.9,13.9,11.52,14.6,45.1,0,874.2,85,1.2,2.5,107,56,95,67,105,48,44,279,50,19,95
ABO,2023,7,17,7,16.2,87.9,16.2,14.2,11.74,14.9,46,0,874.5,90,1.4,2.7,211,77,178,105,172,90,83,297,51,19,95
ABO,2023,7,17,8,17.2,81.5,16,14,11.59,15.1,46.6,0,874.7,90,1.2,2.6,441,379,214,109,475,214,106,309,50,19,95
ABO,2023,7,17,9,19.3,72.3,16.2,14.2,11.74,16,49.2,0,874.4,113,1.6,3.4,688,742,159,107,687,364,109,303,40,19,95
ABO,2023,7,17,10,21.2,67.3,16.9,14.9,12.26,17,52.5,0,874.3,81,2.7,6.6,857,938,94,113,617,484,118,305,35,19,95
ABO,2023,7,17,11,21.5,66.9,17.2,15.1,12.48,17.2,53.3,0,874.4,52,4.5,8.3,931,935,109,124,429,568,128,314,38,19,95
ABO,2023,7,17,12,21.6,69.6,17.9,15.8,13,17.7,54.7,0,874.5,60,4.1,7.6,821,582,296,157,250,542,236,339,68,19,95
ABO,2023,7,17,13,21.8,68.7,17.9,15.8,13,17.8,55,0,874.4,52,3.9,7.5,696,403,341,169,173,443,371,334,71,19,95
ABO,2023,7,17,14,21.5,69.6,17.8,15.7,12.92,17.6,54.5,0,874.5,54,3.9,7.7,539,231,346,171,177,317,321,359,94,19,95
ABO,2023,7,17,15,22.2,65,17.4,15.3,12.63,17.6,54.4,0,874.3,75,3.2,6.6,514,361,260,129,132,287,447,337,74,19,95
ABO,2023,7,17,16,21.9,64.9,17,15,12.33,17.3,53.4,0,874.6,49,3.7,6.8,465,412,221,110,112,227,512,345,64,19,95
ABO,2023,7,17,17,20.8,68.1,16.7,14.7,12.11,16.8,51.7,0,874.8,49,2.8,6.5,297,324,147,127,78,78,399,339,64,19,95
ABO,2023,7,17,18,20,70.2,16.4,14.4,11.88,16.3,50.3,0,875.2,57,2,4.1,54,0,54,38,38,38,37,324,61,19,95
ABO,2023,7,17,19,19.4,73.8,16.6,14.6,12.02,16.3,50,0,875.6,214,0.7,1.7,22,0,22,15,16,15,15,317,23,19,95
ABO,2023,7,17,20,18.2,79,16.5,14.5,11.94,15.8,48.6,0,875.9,315,0.7,1.7,0,0,0,0,0,0,0,278,0,19,95
ABO,2023,7,17,21,17.2,81.5,16,14,11.57,15.1,46.6,0,875.9,252,0.7,2.4,0,0,0,0,0,0,0,274,0,19,95
ABO,2023,7,17,22,16.3,84.6,15.7,13.7,11.35,14.6,45.1,0,876,360,0.6,1.5,0,0,0,0,0,0,0,271,0,19,95
ABO,2023,7,17,23,16.2,85.1,15.7,13.7,11.35,14.6,45,0,876.2,225,0.7,1.9,0,0,0,0,0,0,0,267,0,19,95
ABO,2023,7,18,0,15.8,85.6,15.4,13.4,11.13,14.3,44,0,875.9,252,0.6,1.8,0,0,0,0,0,0,0,264,0,19,95
ABO,2023,7,18,1,15.3,87.3,15.2,13.2,10.99,14,43.2,0,875.4,315,0.6,1.9,0,0,0,0,0,0,0,262,0,19,96
ABO,2023,7,18,2,15.1,87.3,15,13,10.85,13.8,42.6,0,875.1,252,0.5,1.1,0,0,0,0,0,0,0,262,0,19,96
ABO,2023,7,18,3,15.4,86.7,15.2,13.2,11,14,43.3,0,874.9,297,0.4,1.1,0,0,0,0,0,0,0,262,0,19,96
ABO,2023,7,18,4,15.1,86.1,14.8,12.8,10.71,13.7,42.3,0,874.5,256,0.6,1.6,0,0,0,0,0,0,0,262,0,19,96
ABO,2023,7,18,5,15,81.2,13.8,11.8,9.98,13,40.3,0,874.3,333,0.8,2.2,50,195,25,95,198,13,13,267,19,19,96
ABO,2023,7,18,6,16.1,77.7,14.2,12.2,10.27,13.7,42.2,0,874.1,108,0.7,2.1,217,609,59,219,632,36,37,287,25,19,96
ABO,2023,7,18,7,18.1,71.2,14.8,12.8,10.72,14.7,45.4,0,873.8,162,1.1,2.8,383,687,94,165,728,62,64,295,43,19,96
ABO,2023,7,18,8,20.6,67.6,16.4,14.4,11.9,16.5,50.9,0,873.4,112,1.3,3.2,541,723,122,88,730,209,89,315,49,19,96
ABO,2023,7,18,9,22.5,65,17.7,15.6,12.87,17.9,55.4,0,873,79,2.3,5,726,873,107,99,748,363,103,294,29,19,96
ABO,2023,7,18,10,22.3,63.7,17.2,15.1,12.51,17.5,54.2,0,872.6,72,2.7,5.9,840,888,117,114,606,486,118,316,41,19,96
ABO,2023,7,18,11,22.8,67.2,18.6,16.4,13.54,18.4,57.4,0,872.9,65,4.2,8.4,792,605,264,153,426,499,153,338,63,19,96
ABO,2023,7,18,12,20.8,71.2,17.5,15.4,12.69,17.2,53.1,0,875.3,37,5,10.9,215,20,198,97,111,116,92,374,100,19,96
ABO,2023,7,18,13,21.2,72.2,18.2,16,13.23,17.7,54.9,0,874,83,3.3,6.8,402,68,342,166,174,224,201,361,81,19,96
ABO,2023,7,18,14,22.7,65.9,18.2,16,13.25,18.2,56.5,0,872.7,117,1.4,3.6,845,895,112,114,110,491,602,338,55,19,96
ABO,2023,7,18,15,23.6,62.4,18.2,16,13.26,18.4,57.5,0,872.2,198,1.5,3,111,0,111,54,57,57,51,369,100,19,96
ABO,2023,7,18,16,26.7,40.8,14.3,12.3,10.38,17.3,53.3,0,871.5,207,4.8,15.8,265,234,130,69,71,120,288,363,81,19,96
ABO,2023,7,18,17,28.5,27,10.5,7.7,7.59,15.6,48,0,871.4,213,6,16.1,136,28,125,68,65,64,87,358,81,19,96
ABO,2023,7,18,18,27.7,29.3,10.9,8.2,7.88,15.6,48,0,871,211,3.9,10.8,59,0,59,35,36,36,34,357,88,19,96
ABO,2023,7,18,19,27.6,29,10.7,8,7.74,15.5,47.5,0,870.7,220,5,15.8,23,0,23,15,15,15,14,365,94,19,96
ABO,2023,7,18,20,25.4,39.4,12.8,10.6,9.28,16,49.2,0,871.1,216,3.9,12.9,0,0,0,0,0,0,0,362,100,19,96
ABO,2023,7,18,21,22.6,51.1,14,12,10.15,15.8,48.5,0.5,871.7,222,3.7,15.6,0,0,0,0,0,0,0,353,88,19,96
ABO,2023,7,18,22,24.4,45.6,13.9,11.9,10.08,16.4,50.2,0,871.7,210,4.6,10.5,0,0,0,0,0,0,0,337,66,19,96
ABO,2023,7,18,23,24.5,45.3,13.9,11.9,10.08,16.4,50.3,0,871.7,202,4.4,10.7,0,0,0,0,0,0,0,338,71,19,96
ABO,2023,7,19,0,19.8,73.4,16.9,14.9,12.29,16.6,51.1,0,872,315,1.5,6.3,0,0,0,0,0,0,0,330,71,19,96
ABO,2023,7,19,1,22.2,61.3,16.4,14.4,11.93,17,52.6,0,871.7,199,2.9,8,0,0,0,0,0,0,0,303,46,19,96
ABO,2023,7,19,2,22.7,57.6,15.9,13.9,11.56,16.9,52.2,0,871.6,213,3.8,7.6,0,0,0,0,0,0,0,299,31,19,96
ABO,2023,7,19,3,22.9,49.9,13.9,11.9,10.08,15.9,48.7,0,871.5,197,3.7,10.6,0,0,0,0,0,0,0,332,75,19,96
ABO,2023,7,19,4,23.2,47.1,13.4,11.3,9.71,15.6,48,0,871.4,194,4.2,10.8,0,0,0,0,0,0,0,324,64,19,96
ABO,2023,7,19,5,19.6,74.8,17,15,12.37,16.6,51.1,0,871.5,68,2,5.3,8,0,8,4,4,4,3,353,100,19,96
ABO,2023,7,19,6,18.4,77.5,16.4,14.4,11.9,15.8,48.7,2.1,873.4,196,5.4,19.2,58,17,54,32,45,27,25,354,100,19,96
ABO,2023,7,19,7,17.9,69.7,14.3,12.3,10.37,14.4,44.3,0.1,871.8,252,4.2,8.7,275,304,157,145,391,81,77,340,81,19,96
ABO,2023,7,19,8,20,61.2,14.3,12.3,10.38,15.1,46.5,0,870.9,231,2.9,6,293,111,224,109,225,152,104,357,94,19,96
ABO,2023,7,19,9,20.3,72.1,17.2,15.1,12.53,16.9,52.2,0,870.7,70,2.9,6.6,513,382,253,134,462,268,131,334,68,19,96
ABO,2023,7,19,10,20.9,76.9,19,16.7,13.88,18,56.3,0,870.5,67,3.6,7.6,641,418,298,158,429,382,155,332,71,19,96
ABO,2023,7,19,11,21.5,72.3,18.5,16.3,13.5,18,55.9,0,870.8,50,4.9,9.3,601,237,393,189,335,367,182,356,88,19,96
ABO,2023,7,19,12,21.5,70.9,18.2,16,13.28,17.8,55.4,0,870.7,49,4.3,8.8,431,62,375,183,206,239,187,363,100,19,96
ABO,2023,7,19,13,21.6,69.6,17.9,15.8,13.06,17.7,54.9,0,870.3,56,3.2,5.9,212,24,190,93,97,115,102,364,94,19,96
ABO,2023,7,19,14,21.6,69.1,17.8,15.7,12.99,17.6,54.7,0,870.3,56,2.7,6,144,9,136,67,70,76,70,362,94,19,96
ABO,2023,7,19,15,21.8,68.7,17.9,15.8,13.07,17.8,55.1,0,870,86,1.7,4,155,5,152,75,79,80,75,360,88,19,96
ABO,2023,7,19,16,22.3,54.9,14.8,12.8,10.76,16.2,49.8,0,870,208,2.1,6.7,209,83,161,78,81,107,160,358,81,19,96
ABO,2023,7,19,17,21.8,49.3,12.9,10.7,9.36,14.9,45.7,0,870,214,3.4,8.2,214,203,131,109,65,65,274,350,71,19,96
ABO,2023,7,19,18,21.1,48.7,12.2,9.9,8.85,14.2,43.7,0,870.1,223,2,7.1,53,0,53,43,44,43,43,325,38,19,96
ABO,2023,7,19,19,19.7,51.4,11.8,9.4,8.55,13.5,41.5,0,870.5,24,1.8,5.3,20,0,20,15,15,15,15,307,29,19,96
ABO,2023,7,19,20,17.6,61.8,12.4,10.2,8.98,13.1,40.5,0,871.1,135,0.7,2.2,0,0,0,0,0,0,0,284,0,19,96
ABO,2023,7,19,21,16.2,64.5,11.9,9.5,8.62,12.2,38.1,0,871,324,1,2.5,0,0,0,0,0,0,0,282,0,19,96
ABO,2023,7,19,22,14.7,70.5,11.8,9.4,8.54,11.6,36.4,0,871,292,0.8,2,0,0,0,0,0,0,0,280,0,19,96
ABO,2023,7,19,23,13.5,76.2,11.8,9.4,8.54,11.1,35.1,0,870.9,297,0.5,1.4,0,0,0,0,0,0,0,278,0,19,96
ABO,2023,7,20,0,13.1,76.2,11.5,9,8.33,10.7,34.2,0,870.6,288,0.8,2,0,0,0,0,0,0,0,277,0,19,96
ABO,2023,7,20,1,12.7,77.1,11.3,8.8,8.18,10.5,33.4,0,870.3,297,0.6,1.7,0,0,0,0,0,0,0,287,40,18,96
ABO,2023,7,20,2,12.5,77.1,11.2,8.6,8.11,10.3,33,0,870.1,288,0.6,1.6,0,0,0,0,0,0,0,275,29,18,96
ABO,2023,7,20,3,11.7,79.1,10.9,8.2,7.89,9.7,31.7,0,870.2,225,0.5,1.5,0,0,0,0,0,0,0,275,25,18,96
ABO,2023,7,20,4,12,79.7,11.2,8.6,8.11,10.1,32.5,0,870.1,270,0.5,1.3,0,0,0,0,0,0,0,274,25,18,96
ABO,2023,7,20,5,11.4,82.9,11.2,8.6,8.11,9.8,31.9,0,869.9,297,0.5,1.1,37,103,22,53,111,13,12,280,29,18,96
ABO,2023,7,20,6,13,75.6,11.3,8.8,8.19,10.6,33.7,0,869.7,196,0.9,2.6,210,594,58,209,617,35,35,266,0,18,96
ABO,2023,7,20,7,14.9,69.6,11.8,9.4,8.56,11.7,36.6,0,869.6,160,1.3,2.6,396,784,68,155,803,53,56,258,6,18,96
ABO,2023,7,20,8,16.6,70,13.2,11.1,9.59,13.2,41,0,869.6,94,2.9,5.4,570,846,85,75,815,204,78,273,19,18,96
ABO,2023,7,20,9,17.5,66.5,13.3,11.2,9.66,13.6,42.1,0,869.4,88,3,5.6,717,856,113,95,737,363,98,255,0,18,96
ABO,2023,7,20,10,18.8,62.1,13.5,11.4,9.82,14.2,43.8,0,869,86,3,5.5,846,908,110,108,610,488,112,256,0,18,96
ABO,2023,7,20,11,20,61.2,14.3,12.3,10.41,15.1,46.5,0,868.6,63,4,7.9,931,945,103,116,420,571,121,257,0,18,96
ABO,2023,7,20,12,20.7,60.5,14.8,12.8,10.79,15.6,48.2,0,868.3,63,4.1,7.9,962,961,98,119,183,601,184,264,0,18,96
ABO,2023,7,20,13,21,59.4,14.8,12.8,10.79,15.7,48.5,0,867.9,56,4.4,8.7,926,919,118,118,114,575,416,309,10,18,96
ABO,2023,7,20,14,21.5,59.2,15.2,13.2,11.09,16.1,49.8,0,867.8,45,4.6,8,861,911,118,111,107,504,615,315,26,18,96
ABO,2023,7,20,15,20.7,60.1,14.7,12.7,10.72,15.6,48,0,867.5,49,4.1,8.3,619,540,231,121,122,347,563,319,53,18,96
ABO,2023,7,20,16,20.2,60.8,14.4,12.4,10.5,15.2,47,0,867.3,50,3.6,7.5,525,621,160,92,92,229,661,328,74,18,96
ABO,2023,7,20,17,19.6,62.3,14.2,12.2,10.35,14.9,46,0,867.3,42,2.6,6,136,88,93,45,46,61,134,346,94,18,96
ABO,2023,7,20,18,19.3,62.6,14,12,10.21,14.7,45.3,0,867.2,65,1.6,4,76,0,76,43,45,44,41,335,88,18,96
ABO,2023,7,20,19,18.8,65.5,14.2,12.2,10.35,14.6,45.2,0,867.2,98,1,2.2,20,0,20,10,10,10,9,334,64,18,96
ABO,2023,7,20,20,17.8,69.7,14.2,12.2,10.35,14.3,44.1,0,867.4,288,0.7,1.6,0,0,0,0,0,0,0,301,25,18,96
ABO,2023,7,20,21,16.2,73.2,13.5,11.4,9.83,13.2,41.2,0,867.6,304,0.8,1.7,0,0,0,0,0,0,0,283,0,18,96
ABO,2023,7,20,22,15.2,77.5,13.4,11.3,9.76,12.8,40,0,867.7,360,0.8,1.8,0,0,0,0,0,0,0,278,0,18,96
ABO,2023,7,20,23,14.1,81,13,10.9,9.47,12.2,38.1,0,867.3,288,0.7,1.5,0,0,0,0,0,0,0,289,25,18,96
ABO,2023,7,21,0,13.9,79.9,12.7,10.5,9.25,11.9,37.3,0,867.1,252,0.7,1.7,0,0,0,0,0,0,0,287,10,18,96
ABO,2023,7,21,1,14.5,73.9,12.2,9.9,8.88,11.8,37,0,866.5,27,0.9,2.9,0,0,0,0,0,0,0,294,6,18,96
ABO,2023,7,21,2,13.7,78.3,12.3,10,8.96,11.5,36.4,0,866.3,45,1.1,3.2,0,0,0,0,0,0,0,312,60,18,96
ABO,2023,7,21,3,14.2,78.9,12.8,10.6,9.33,12,37.9,0,866,236,1,1.8,0,0,0,0,0,0,0,335,100,18,96
ABO,2023,7,21,4,14.4,77.9,12.8,10.6,9.33,12.1,38.1,0,865.7,207,0.8,2.1,0,0,0,0,0,0,0,326,81,18,96
ABO,2023,7,21,5,14.2,78.9,12.8,10.6,9.34,12,37.9,0,865.4,360,0.6,2,39,112,23,56,120,12,12,319,65,18,96
ABO,2023,7,21,6,14.1,82.1,13.2,11.1,9.62,12.3,38.5,0,866.3,71,2.3,7.7,145,248,88,127,292,44,41,314,59,18,96
ABO,2023,7,21,7,14.2,85.5,13.8,11.8,10.08,12.7,39.7,0,865.3,73,2.5,5.6,166,45,148,82,122,74,68,337,100,18,96
ABO,2023,7,21,8,14.4,84.4,13.8,11.8,10.07,12.8,39.9,7,866.2,270,2,5.8,296,148,207,98,253,152,94,329,88,18,96
ABO,2023,7,21,9,15.2,83.4,14.4,12.4,10.51,13.5,41.9,2,866.6,65,2.5,5.9,333,231,177,85,300,182,83,331,81,18,96
ABO,2023,7,21,10,15.6,80.2,14.2,12.2,10.36,13.5,41.9,0,866.9,36,2.3,5.7,141,0,141,69,73,72,65,337,100,18,96
ABO,2023,7,21,11,14.4,84.9,13.9,11.9,10.13,12.9,40.1,0,867.7,55,3.1,6,79,0,79,38,40,40,36,344,100,18,96
ABO,2023,7,21,12,15.3,79.6,13.8,11.8,10.05,13.1,40.8,0,867.6,93,2.2,5.2,273,24,251,121,137,146,115,345,100,18,96
ABO,2023,7,21,13,15.9,76.6,13.8,11.8,10.06,13.4,41.4,0.4,867.3,108,1.1,2.8,273,66,215,102,107,157,130,346,94,18,96
ABO,2023,7,21,14,16.4,79.3,14.8,12.8,10.8,14.1,43.8,0.9,867.4,70,1.6,5.2,171,4,167,81,85,87,79,340,94,18,96
ABO,2023,7,21,15,16,83.5,15.2,13.2,11.09,14.2,44.2,0.8,867.6,74,1.5,3.8,161,15,150,73,77,83,84,339,88,18,96
ABO,2023,7,21,16,17,73.3,14.2,12.2,10.35,14,43.3,0,867.4,113,1.5,3.6,143,4,141,69,72,72,69,343,100,18,96
ABO,2023,7,21,17,16,74.1,13.5,11.4,9.83,13.2,41,0,867.4,101,1.2,2.9,99,15,93,48,47,47,59,342,94,18,96
ABO,2023,7,21,18,14.5,84.9,14,12,10.19,13,40.3,4.8,868.3,42,3.2,10.2,53,0,53,27,29,28,26,335,88,18,96
ABO,2023,7,21,19,13.2,93.7,14.2,12.2,10.34,12.6,39.4,1.1,868.7,56,2.5,5.1,20,0,20,13,14,14,13,324,81,18,96
ABO,2023,7,21,20,13.1,93,14,12,10.18,12.4,38.9,2.9,869.5,135,1,2,0,0,0,0,0,0,0,337,100,18,96
ABO,2023,7,21,21,13,89.4,13.4,11.3,9.73,12,37.6,5.6,869.9,270,1.9,8,0,0,0,0,0,0,0,324,88,18,96
ABO,2023,7,21,22,12.3,90,12.9,10.7,9.36,11.3,36,0,870.1,333,1.1,3,0,0,0,0,0,0,0,332,100,18,96
ABO,2023,7,21,23,12.2,90.5,12.9,10.7,9.36,11.3,35.9,0,870.4,194,0.7,1.7,0,0,0,0,0,0,0,326,100,18,96
ABO,2023,7,22,0,12.3,92.4,13.2,11.1,9.58,11.6,36.5,0,870.3,211,0.7,1.8,0,0,0,0,0,0,0,326,100,18,96
ABO,2023,7,22,1,12.4,91.8,13.2,11.1,9.58,11.6,36.6,0,870,191,0.7,2,0,0,0,0,0,0,0,320,94,20,96
ABO,2023,7,22,2,12.4,92.4,13.3,11.2,9.66,11.7,36.8,0,870,189,0.6,1.4,0,0,0,0,0,0,0,315,94,20,96
ABO,2023,7,22,3,12.3,93,13.3,11.2,9.66,11.6,36.7,0,869.6,191,0.6,1.2,0,0,0,0,0,0,0,318,78,20,96
ABO,2023,7,22,4,12.2,93,13.2,11.1,9.58,11.5,36.4,0,869.8,194,0.5,1.1,0,0,0,0,0,0,0,321,88,20,96
ABO,2023,7,22,5,12.1,94.2,13.3,11.2,9.65,11.6,36.5,0,870.2,198,0.6,1.5,8,0,8,4,4,4,4,325,100,20,96
ABO,2023,7,22,6,12.5,91.8,13.3,11.2,9.65,11.7,36.9,0,870.3,135,0.7,1.9,120,122,88,83,171,45,42,323,81,20,96
ABO,2023,7,22,7,13.5,85.4,13.2,11.1,9.58,12.1,37.8,0,870.5,113,1.4,4.3,254,185,176,127,286,89,84,309,71,20,96
ABO,2023,7,22,8,14.2,80.5,13,10.9,9.43,12.2,38.1,0,870.8,63,3,6.4,376,229,246,121,360,193,117,334,81,20,96
ABO,2023,7,22,9,15.3,77,13.4,11.3,9.72,12.9,40,0,870.9,71,3.3,5.9,395,125,309,152,278,219,145,336,88,20,96
ABO,2023,7,22,10,16.1,72.2,13.2,11.1,9.57,13,40.4,0,870.9,80,3.2,6.2,510,155,385,188,321,299,180,327,88,20,96
ABO,2023,7,22,11,17.3,67.8,13.4,11.3,9.72,13.6,42,0,870.7,80,3,5.8,510,116,409,201,276,298,192,341,94,20,96
ABO,2023,7,22,12,17.8,67.9,13.8,11.8,10.02,14.1,43.3,0,870.5,82,3.2,6.5,600,219,404,199,235,372,249,343,81,20,96
ABO,2023,7,22,13,17.8,68.4,13.9,11.9,10.09,14.1,43.5,0,870.5,54,3.9,7.4,587,212,400,197,204,361,299,345,81,20,96
ABO,2023,7,22,14,18.4,65.4,13.8,11.8,10.02,14.3,43.9,0,870.5,55,3.8,7.9,704,502,293,155,156,449,490,326,64,20,96
ABO,2023,7,22,15,17.9,63.6,13,10.9,9.43,13.6,41.9,0,870.6,56,3.5,7,567,379,297,146,149,337,484,322,65,20,96
ABO,2023,7,22,16,18.4,60.4,12.8,10.6,9.28,13.6,42,0,870.6,56,3.1,6.1,398,249,252,124,128,208,372,308,55,20,96
ABO,2023,7,22,17,17.9,60.7,12.4,10.2,8.99,13.2,40.8,0,870.6,69,2.6,5.4,315,414,146,150,79,82,496,292,48,20,96
ABO,2023,7,22,18,17.5,61,12.2,9.9,8.84,12.9,40,0,870.7,72,1.9,3.4,88,0,88,45,47,47,42,294,60,20,96
ABO,2023,7,22,19,16.8,66.8,12.8,10.6,9.28,13,40.4,0,870.8,270,1.2,2.2,28,0,28,16,16,16,15,268,10,20,96
ABO,2023,7,22,20,14.6,71,11.8,9.4,8.54,11.5,36.3,0,871.2,297,0.9,1.9,0,0,0,0,0,0,0,254,0,20,96
ABO,2023,7,22,21,13.6,70.8,11,8.4,7.95,10.6,33.8,0,871.4,315,0.7,1.9,0,0,0,0,0,0,0,263,0,20,96
ABO,2023,7,22,22,13.6,67,10.4,7.6,7.51,10.2,32.6,0,871.4,256,0.7,3.2,0,0,0,0,0,0,0,260,0,20,96
ABO,2023,7,22,23,12.9,66.4,9.9,6.8,7.15,9.5,31,0,871.4,242,1.9,5.4,0,0,0,0,0,0,0,277,0,20,96
ABO,2023,7,23,0,14.5,57,9.4,6.1,6.79,9.8,31.7,0,871,248,3.6,6.5,0,0,0,0,0,0,0,278,0,20,96
ABO,2023,7,23,1,14.6,55.5,9.2,5.8,6.64,9.7,31.5,0,870.6,252,3.6,6.5,0,0,0,0,0,0,0,276,0,21,96
ABO,2023,7,23,2,12.7,62.8,9.2,5.8,6.64,8.9,29.5,0,870.4,254,1.9,5.9,0,0,0,0,0,0,0,278,0,21,96
ABO,2023,7,23,3,12.7,61.5,9,5.5,6.5,8.8,29.2,0,870.1,288,1,3.3,0,0,0,0,0,0,0,281,6,21,96
ABO,2023,7,23,4,11.9,63.1,8.8,5.1,6.36,8.3,28,0,870.1,250,1.8,5.2,0,0,0,0,0,0,0,271,16,21,96
ABO,2023,7,23,5,14.6,46.9,7.8,3.4,5.63,8.7,28.9,0,870,244,3.7,6.6,36,97,22,51,106,13,12,273,6,21,96
ABO,2023,7,23,6,14.7,52.5,8.8,5.1,6.36,9.5,30.8,0,869.9,232,2.1,4.8,210,613,58,214,640,37,38,246,0,21,96
ABO,2023,7,23,7,16.3,47.4,8.8,5.1,6.36,10.1,32.5,0,870.1,180,1.4,3.1,392,766,78,162,802,61,64,267,20,21,96
ABO,2023,7,23,8,16.9,49.2,9.5,6.2,6.86,10.9,34.4,0,870.4,100,1.3,3.2,439,429,183,108,494,210,106,302,73,21,96
ABO,2023,7,23,9,17.3,51.8,10.2,7.3,7.37,11.5,36.1,0,870.6,111,1.2,3.6,719,860,116,108,755,385,111,285,39,21,96
ABO,2023,7,23,10,20.5,36.4,8.8,5.1,6.35,11.8,36.7,0,870.7,208,4.9,14.7,855,914,120,124,641,519,129,293,33,21,96
ABO,2023,7,23,11,23.1,28.6,8.1,3.9,5.84,12.2,38.1,0,870.7,231,9,19.2,944,951,115,135,448,608,140,293,33,21,96
ABO,2023,7,23,12,23.3,32.2,9.2,5.8,6.64,13.1,40.3,0,870.5,231,8.2,15.3,718,470,297,175,264,461,195,324,60,21,96
ABO,2023,7,23,13,23.5,35.3,10.2,7.3,7.38,13.8,42.4,0,870.1,223,5.9,13.9,899,832,171,139,135,596,440,323,45,21,96
ABO,2023,7,23,14,24.5,30.8,9.5,6.2,6.87,13.6,42.1,0,869.7,217,4.4,10.7,835,824,169,134,131,519,622,320,53,21,96
ABO,2023,7,23,15,24.4,30.2,9.2,5.8,6.65,13.4,41.5,0,869.3,229,5.5,11.2,563,377,294,147,150,339,483,330,71,21,96
ABO,2023,7,23,16,24.4,29.6,9,5.5,6.51,13.3,41.1,0,868.9,230,4.7,11.4,494,540,173,104,105,237,596,318,58,21,96
ABO,2023,7,23,17,24,31.1,9.3,5.9,6.73,13.3,41.3,0,868.3,225,2,6.4,422,724,110,155,70,89,788,305,48,21,96
ABO,2023,7,23,18,22.5,36.8,10,7,7.25,13.3,41.1,0,868.1,255,1.6,4.3,69,0,69,48,49,49,47,321,65,21,96
ABO,2023,7,23,19,21.1,40.9,10.2,7.3,7.39,12.9,40,0,868.2,288,1.4,3.9,23,0,23,15,15,15,15,320,63,21,96
ABO,2023,7,23,20,19.1,47.2,10.4,7.6,7.54,12.4,38.3,0,868.3,333,1,2.5,0,0,0,0,0,0,0,295,40,21,96
ABO,2023,7,23,21,18.7,45.5,9.8,6.7,7.1,11.8,36.8,0,868.1,251,2.4,6.8,0,0,0,0,0,0,0,287,35,21,96
ABO,2023,7,23,22,21.3,32.8,8.3,4.3,6.01,11.7,36.7,0,867.9,245,4.2,6.7,0,0,0,0,0,0,0,287,25,21,96
ABO,2023,7,23,23,21.3,34.4,8.7,5,6.3,12,37.4,0,867.4,252,4.5,7.1,0,0,0,0,0,0,0,272,19,21,96
ABO,2023,7,24,0,21.3,36.4,9.2,5.8,6.67,12.3,38.4,0,867.1,246,4.7,8.1,0,0,0,0,0,0,0,274,25,21,96
ABO,2023,7,24,1,22.3,34.3,9.2,5.8,6.67,12.7,39.4,0,866.8,244,4.5,8.4,0,0,0,0,0,0,0,306,63,21,96
ABO,2023,7,24,2,22.6,33.6,9.2,5.8,6.68,12.8,39.7,0,865.7,253,4.3,8,0,0,0,0,0,0,0,316,78,21,96
ABO,2023,7,24,3,22.1,34.7,9.2,5.8,6.69,12.6,39.2,0,865.2,245,3.7,7.4,0,0,0,0,0,0,0,335,94,21,96
ABO,2023,7,24,4,19.5,46.4,10.5,7.7,7.61,12.6,38.9,1.5,869.1,242,4.4,18.7,0,0,0,0,0,0,0,336,100,21,96
ABO,2023,7,24,5,14.8,82.8,13.9,11.9,10.13,13,40.5,1.9,867.1,223,2.8,11.4,35,104,21,53,113,12,12,337,94,21,96
ABO,2023,7,24,6,14.5,87.2,14.4,12.4,10.52,13.2,41.2,0,866.1,188,1.3,4.3,42,0,42,21,22,22,20,338,100,21,96
ABO,2023,7,24,7,16.8,65,12.4,10.2,9.02,12.8,39.7,1.2,867.5,234,6.6,13.8,40,0,40,20,21,21,19,340,100,21,96
ABO,2023,7,24,8,18.9,50.5,11,8.4,8.01,12.7,39.3,0.3,865,240,5,13,184,29,167,84,118,98,80,338,100,21,96
ABO,2023,7,24,9,21.1,42,10.5,7.7,7.65,13.1,40.7,0,863.9,237,5.5,12.6,256,31,233,118,151,140,112,345,100,21,96
ABO,2023,7,24,10,22.2,38.2,10.2,7.3,7.42,13.3,41.2,0,865,242,6.2,12.6,253,56,210,106,159,144,101,348,100,21,96
ABO,2023,7,24,11,19.5,50,11.3,8.8,8.23,13.1,40.5,0.2,865.3,235,4.8,9.1,77,0,77,39,41,41,37,351,100,21,96
ABO,2023,7,24,12,21.5,47.6,12.2,9.9,8.91,14.3,44.2,0,864.3,221,3.5,7.2,715,546,227,142,184,486,228,331,57,21,96
ABO,2023,7,24,13,23,47,13.2,11.1,9.66,15.5,47.7,0,863.5,211,3,7.9,325,28,301,152,159,180,159,355,94,21,96
ABO,2023,7,24,14,19.4,74.2,16.7,14.7,12.26,16.3,50.6,0,863.9,57,2.5,4.6,239,57,192,100,104,135,129,353,100,21,96
ABO,2023,7,24,15,18.1,79,16.4,14.4,12.03,15.7,48.7,0.1,864,63,2.5,6.1,40,0,40,20,21,21,19,352,100,21,96
ABO,2023,7,24,16,19.4,58.7,13.2,11.1,9.65,14.2,44,0.2,864,227,3.9,9.9,197,192,82,50,51,94,219,342,81,21,96
ABO,2023,7,24,17,18.7,60.5,13,10.9,9.5,13.9,42.9,0.7,864.2,212,5.2,12,64,0,64,33,34,34,31,350,100,21,96
ABO,2023,7,24,18,16.2,80.3,14.8,12.8,10.83,14.1,43.7,2.5,864.5,262,3.7,7.5,19,0,19,10,10,10,9,348,100,21,96
ABO,2023,7,24,19,15.9,79.7,14.4,12.4,10.55,13.7,42.7,0,863.6,242,2.9,6,16,0,16,9,9,9,9,337,100,21,96
ABO,2023,7,24,20,15.9,76.6,13.8,11.8,10.1,13.4,41.5,0,863.6,270,3,6.3,0,0,0,0,0,0,0,344,100,21,96
ABO,2023,7,24,21,14.2,90.7,14.7,12.7,10.77,13.3,41.5,0.8,863.8,346,1.5,6.3,0,0,0,0,0,0,0,342,100,21,96
ABO,2023,7,24,22,14.4,90.7,14.9,12.9,10.91,13.5,42.1,1.9,864,270,1.5,4,0,0,0,0,0,0,0,340,100,21,96
ABO,2023,7,24,23,14.4,82.2,13.5,11.4,9.88,12.6,39.4,0.4,863.8,251,3.3,6.8,0,0,0,0,0,0,0,338,100,21,96
ABO,2023,7,25,0,13.6,90,14,12,10.26,12.6,39.6,0.1,862.9,270,0.9,5.2,0,0,0,0,0,0,0,336,100,21,96
ABO,2023,7,25,1,13.5,86,13.3,11.2,9.75,12.1,38.2,1.2,862.2,258,2.4,5.5,0,0,0,0,0,0,0,334,100,22,96
ABO,2023,7,25,2,12.7,90,13.2,11.1,9.67,11.7,37.2,5.4,862.6,245,2.1,4.6,0,0,0,0,0,0,0,334,100,22,96
ABO,2023,7,25,3,12.3,89.4,12.8,10.6,9.39,11.3,36,0.2,861.1,219,1.5,3.8,0,0,0,0,0,0,0,316,81,22,96
ABO,2023,7,25,4,12.1,93.6,13.2,11.1,9.68,11.5,36.6,2.5,861.4,21,1.6,4.7,0,0,0,0,0,0,0,333,100,22,96
ABO,2023,7,25,5,12,95.5,13.4,11.3,9.83,11.6,36.9,1.1,861.5,135,0.8,2.3,6,0,6,3,3,3,3,327,100,22,96
ABO,2023,7,25,6,12.4,95.5,13.7,11.7,10.05,12,37.8,0.3,861.8,108,0.7,1.9,95,153,62,81,185,34,32,322,81,22,96
ABO,2023,7,25,7,12.9,93.6,13.9,11.9,10.2,12.3,38.7,0.1,861.9,63,1.4,4.3,222,142,161,110,235,85,79,332,94,22,96
ABO,2023,7,25,8,15,69.2,11.8,9.4,8.64,11.7,36.9,0,861.4,157,3.5,11.7,351,182,251,127,321,185,123,317,81,22,96
ABO,2023,7,25,9,14.9,63.8,10.8,8.1,7.89,11,34.9,0,861.8,187,4.2,9.3,330,88,270,137,228,185,131,333,94,22,96
ABO,2023,7,25,10,15.5,58.1,10.2,7.3,7.45,10.8,34.4,0,861.8,164,4.9,11.9,560,254,354,180,374,351,175,334,88,22,96
ABO,2023,7,25,11,16.8,51.7,9.9,6.8,7.23,11.1,35.2,0,861.7,179,4.6,9.6,628,261,402,202,368,405,196,324,81,22,96
ABO,2023,7,25,12,16.8,56.5,10.8,8.1,7.89,11.7,36.9,0.2,862,192,4.8,10.8,624,268,385,198,244,404,248,335,88,22,96
ABO,2023,7,25,13,14.7,71,11.9,9.5,8.7,11.6,36.8,0.6,862.4,210,3.2,6.3,174,20,157,80,83,98,86,335,100,22,96
ABO,2023,7,25,14,14,71.8,11.5,9,8.41,11.1,35.3,0.3,862.3,240,3.6,7.6,147,4,144,73,77,79,72,333,100,22,96
ABO,2023,7,25,15,14.1,71.4,11.5,9,8.41,11.1,35.4,0.2,862.3,218,3.8,8.5,315,111,240,122,126,178,223,325,100,22,96
ABO,2023,7,25,16,13.5,72.2,11.2,8.6,8.18,10.7,34.2,1.2,863.2,216,2.4,8.5,126,3,124,63,67,67,63,328,100,22,96
ABO,2023,7,25,17,12.5,66.8,9.7,6.5,7.06,9.2,30.4,0.5,863.8,184,3.9,12.8,139,111,99,75,53,53,164,326,100,22,96
ABO,2023,7,25,18,12.3,64.5,9.2,5.8,6.7,8.8,29.3,0,863.7,249,2.4,7.3,29,0,29,29,29,29,29,316,88,22,96
ABO,2023,7,25,19,9.6,86.1,10.3,7.4,7.49,8.4,28.5,4.1,865.4,254,2.5,9.2,24,0,24,15,15,15,14,319,100,22,96
ABO,2023,7,25,20,9.1,92.8,10.7,8,7.78,8.5,28.7,0.9,865.8,45,1.5,3.6,0,0,0,0,0,0,0,316,100,22,96
ABO,2023,7,25,21,8.8,90.9,10.3,7.4,7.48,8,27.7,1.3,866.6,60,1,3.9,0,0,0,0,0,0,0,313,100,22,96
ABO,2023,7,25,22,8.8,88.5,10,7,7.26,7.8,27.1,0.6,866.7,281,1.1,5,0,0,0,0,0,0,0,310,100,22,96
ABO,2023,7,25,23,8.4,86,9.5,6.2,6.89,7.2,25.8,0.6,866.8,243,2.2,5.5,0,0,0,0,0,0,0,307,100,22,96
ABO,2023,7,26,0,8.2,86.6,9.4,6.1,6.81,7.1,25.4,1.5,867.5,265,1.7,5.4,0,0,0,0,0,0,0,304,100,22,96
ABO,2023,7,26,1,7.6,90.8,9.5,6.2,6.89,6.9,24.9,0.8,867.7,215,1.4,3.4,0,0,0,0,0,0,0,301,100,21,96
ABO,2023,7,26,2,7.3,90.2,9.2,5.8,6.67,6.5,24.1,0,867.5,214,1,3.1,0,0,0,0,0,0,0,301,100,21,96
ABO,2023,7,26,3,7.4,89.6,9.2,5.8,6.67,6.6,24.2,0.1,867.5,252,0.8,2.4,0,0,0,0,0,0,0,297,100,21,96
ABO,2023,7,26,4,7.8,84.2,8.9,5.3,6.45,6.5,24,0,867.7,254,1.6,6.9,0,0,0,0,0,0,0,299,100,21,96
ABO,2023,7,26,5,7.6,90.8,9.5,6.2,6.88,6.9,24.9,0,867.9,53,0.8,2.2,4,0,4,2,2,2,2,299,100,21,96
ABO,2023,7,26,6,7.6,92.7,9.7,6.5,7.03,7,25.3,0,868,180,0.8,2.2,73,8,71,38,46,37,34,298,100,21,96
ABO,2023,7,26,7,8.6,86.6,9.7,6.5,7.03,7.5,26.3,0,868.5,211,1.1,4.2,128,5,126,65,72,67,61,300,100,21,96
ABO,2023,7,26,8,8.7,87.2,9.8,6.7,7.1,7.6,26.6,0,868.8,54,1.8,4.4,129,0,129,66,69,68,62,305,100,21,96
ABO,2023,7,26,9,9.2,87.9,10.2,7.3,7.39,8.2,27.8,0.2,869,80,1.3,2.7,223,8,218,111,124,119,105,311,100,21,96
ABO,2023,7,26,10,9.9,80.5,9.8,6.7,7.09,8.2,27.8,0.4,869.3,74,1.1,2.3,178,0,178,90,95,94,86,317,100,21,96
ABO,2023,7,26,11,11.2,70.8,9.4,6.1,6.8,8.4,28.4,0,869.5,180,1.7,7.3,164,0,164,83,87,86,79,322,100,21,96
ABO,2023,7,26,12,11.4,65.2,8.8,5.1,6.36,8,27.5,0,869.6,360,2.1,6.2,331,36,299,151,158,186,160,325,100,21,96
ABO,2023,7,26,13,13,60.3,9,5.5,6.51,8.9,29.5,0,869.4,79,1.8,4,256,2,255,130,136,136,124,326,100,21,96
ABO,2023,7,26,14,14.4,50.6,8.3,4.3,5.99,9,29.6,0,869.8,169,3.1,6,399,62,349,177,185,225,219,326,100,21,96
ABO,2023,7,26,15,14.9,46,7.8,3.4,5.63,8.8,29.2,0,869.7,183,2.6,6.8,471,261,294,155,160,267,379,320,78,21,96
ABO,2023,7,26,16,14.7,49,8.2,4.1,5.92,9,29.7,0,869.7,218,2.3,5.7,424,381,203,116,118,211,466,320,71,21,96
ABO,2023,7,26,17,13,64.6,9.7,6.5,7.02,9.4,30.8,0,869.7,45,3,5.6,266,229,165,114,89,98,320,326,81,21,96
ABO,2023,7,26,18,12.5,65,9.4,6.1,6.79,9,29.7,0,870.1,49,2.2,6,81,0,81,46,48,48,44,326,94,21,96
ABO,2023,7,26,19,11.6,70.9,9.7,6.5,7.01,8.8,29.3,0,870.5,315,0.9,2.1,23,0,23,16,16,16,15,306,64,21,96
ABO,2023,7,26,20,10.1,78.3,9.7,6.5,7.01,8.1,27.8,0,870.7,297,1,2.8,0,0,0,0,0,0,0,313,88,21,96
ABO,2023,7,26,21,9.1,80.4,9.3,5.9,6.72,7.4,26,0,870.6,270,0.6,1.7,0,0,0,0,0,0,0,307,100,21,96
ABO,2023,7,26,22,8.3,81.4,8.9,5.3,6.43,6.7,24.5,0,870.2,333,0.8,1.7,0,0,0,0,0,0,0,298,100,21,96
ABO,2023,7,26,23,8.5,79.2,8.8,5.1,6.36,6.7,24.5,0,869.9,297,0.6,2.1,0,0,0,0,0,0,0,289,43,21,96
ABO,2023,7,27,0,8.7,75.4,8.5,4.6,6.14,6.6,24.2,0,869.8,315,0.7,2,0,0,0,0,0,0,0,281,44,21,96
ABO,2023,7,27,1,8.4,74.3,8.2,4.1,5.92,6.2,23.3,0,869.4,333,0.7,2.2,0,0,0,0,0,0,0,257,33,19,96
ABO,2023,7,27,2,7.9,76.9,8.2,4.1,5.93,6,22.8,0,868.9,297,0.8,1.9,0,0,0,0,0,0,0,263,40,19,96
ABO,2023,7,27,3,8.3,71.2,7.8,3.4,5.64,5.8,22.5,0,868.7,262,1,3.1,0,0,0,0,0,0,0,282,78,19,96
ABO,2023,7,27,4,8.2,71.7,7.8,3.4,5.64,5.8,22.4,0,868.7,225,0.9,3.8,0,0,0,0,0,0,0,289,74,19,96
ABO,2023,7,27,5,8.8,66.9,7.6,3,5.49,5.9,22.7,0,868.3,225,1.3,3.7,34,107,20,52,114,11,10,289,61,19,96
ABO,2023,7,27,6,9.8,65.3,7.9,3.6,5.71,6.6,24.2,0,868.3,14,0.9,2.1,151,295,87,136,340,44,41,293,68,19,96
ABO,2023,7,27,7,11,63.3,8.3,4.3,6.01,7.5,26.2,0,867.9,180,0.7,1.6,216,133,159,95,221,87,74,312,88,19,96
ABO,2023,7,27,8,13,55.5,8.3,4.3,6.01,8.4,28.2,0,868,76,1.5,3.7,462,480,195,100,568,223,98,299,66,19,96
ABO,2023,7,27,9,14.1,54.2,8.7,5,6.29,9.2,30.1,0,868.4,72,2.4,6.3,578,498,239,127,554,325,125,301,68,19,96
ABO,2023,7,27,10,14.6,49.3,8.2,4.1,5.93,9,29.7,0,867.6,127,1,2.4,493,145,377,180,304,287,172,325,100,19,96
ABO,2023,7,27,11,15.8,54.7,9.8,6.7,7.1,10.7,33.9,0,867.9,58,2.8,5.9,666,329,382,180,374,432,175,330,94,19,96
ABO,2023,7,27,12,17.1,47.6,9.3,5.9,6.74,10.8,34.3,0,867.6,72,2.3,4.4,884,787,185,140,213,582,204,311,63,19,96
ABO,2023,7,27,13,19.1,45.3,10,7,7.26,12.1,37.6,0,867.3,70,3,5.1,918,924,116,121,117,598,419,285,29,19,96
ABO,2023,7,27,14,21.1,44.7,11.2,8.6,8.14,13.6,41.9,0,867,63,3.1,6,834,884,123,112,108,517,607,284,33,19,96
ABO,2023,7,27,15,20.5,47,11.3,8.8,8.22,13.4,41.5,0,866.8,63,3.1,6.2,738,907,101,98,94,401,768,286,36,19,96
ABO,2023,7,27,16,20.5,46.3,11.2,8.6,8.14,13.3,41.3,0,866.7,54,3.8,7.8,565,829,93,78,76,237,811,270,13,19,96
ABO,2023,7,27,17,20,47.8,11.2,8.6,8.14,13.2,40.8,0,866.6,25,2.2,6.6,319,592,62,94,55,72,623,256,0,19,96
ABO,2023,7,27,18,18.1,55.3,11.5,9,8.36,12.7,39.4,0,866.8,304,1,2.2,28,0,28,35,35,35,35,258,0,19,96
ABO,2023,7,27,19,17,58.9,11.4,8.9,8.29,12.2,38.1,0,867.1,287,1.3,2.4,17,0,17,12,12,12,12,263,6,19,96
ABO,2023,7,27,20,17,55.7,10.8,8.1,7.84,11.8,36.9,0,867.6,250,1.5,6.5,0,0,0,0,0,0,0,255,0,19,96
ABO,2023,7,27,21,18.8,45.2,9.8,6.7,7.1,11.8,36.9,0,867.8,224,3.3,7.2,0,0,0,0,0,0,0,252,0,19,96
ABO,2023,7,27,22,18,45.6,9.4,6.1,6.82,11.2,35.4,0,867.3,253,2.5,5.6,0,0,0,0,0,0,0,255,6,19,96
ABO,2023,7,27,23,15.3,58.8,10.2,7.3,7.4,10.7,34.1,0,867,304,0.8,2.1,0,0,0,0,0,0,0,317,75,19,96
ABO,2023,7,28,0,17.3,50.7,10,7,7.26,11.4,35.8,0,866.7,259,2.3,5.3,0,0,0,0,0,0,0,324,94,19,96
ABO,2023,7,28,1,17.3,50,9.9,6.8,7.19,11.3,35.6,0,866.7,243,3.1,6,0,0,0,0,0,0,0,319,90,18,96
ABO,2023,7,28,2,18.6,46.8,10,7,7.26,11.9,37.1,0,866.9,220,4,9.9,0,0,0,0,0,0,0,301,80,18,96
ABO,2023,7,28,3,19.1,47.2,10.4,7.6,7.55,12.4,38.4,0,867.1,207,4,9,0,0,0,0,0,0,0,294,60,18,96
ABO,2023,7,28,4,18.5,50.7,10.8,8.1,7.85,12.4,38.5,0,866.7,205,4,8.3,0,0,0,0,0,0,0,279,41,18,96
ABO,2023,7,28,5,17.3,56.6,11.2,8.6,8.14,12.2,38,0,867.2,202,2.4,6.4,4,0,4,2,2,2,2,287,50,18,96
ABO,2023,7,28,6,15.3,66,11.5,9,8.36,11.6,36.5,0,867.3,180,0.9,2.9,113,213,68,100,247,35,33,299,68,18,96
ABO,2023,7,28,7,17.7,60.6,12.3,10,8.95,13,40.5,0,867.3,157,1.3,6.3,347,601,100,119,651,74,59,298,48,18,96
ABO,2023,7,28,8,20.2,50.2,11.9,9.5,8.65,13.7,42.3,0,867.4,162,4.2,8.6,558,831,97,75,819,227,77,304,36,18,96
ABO,2023,7,28,9,21.2,48.4,12.2,9.9,8.87,14.2,43.8,0,867.8,159,4.1,8.9,501,363,254,128,441,280,124,324,63,18,96
ABO,2023,7,28,10,21.5,47.9,12.3,10,8.94,14.4,44.3,0,867.9,180,4.5,9.8,508,188,361,170,330,298,162,346,100,18,96
ABO,2023,7,28,11,20.7,55.2,13.5,11.4,9.83,14.9,45.8,0,868.1,142,2.4,7,462,80,393,187,244,257,178,349,100,18,96
ABO,2023,7,28,12,21.8,46.7,12.2,9.9,8.87,14.5,44.5,0,867.9,180,3.1,7.2,435,101,346,164,214,252,157,345,94,18,96
ABO,2023,7,28,13,22.4,45.3,12.3,10,8.94,14.7,45.3,0,867.7,156,5.6,11.7,653,331,368,174,179,418,348,347,88,18,96
ABO,2023,7,28,14,23.9,36.7,10.9,8.2,7.91,14.3,44.2,0,867.8,219,4.9,10.9,669,451,305,146,149,431,456,326,71,18,96
ABO,2023,7,28,15,23.4,36.5,10.5,7.7,7.62,13.9,42.9,0,867.6,212,4.8,12.5,543,472,220,114,115,309,512,335,81,18,96
ABO,2023,7,28,16,22.4,37,10,7,7.25,13.3,41,0,867.9,205,4.1,9.6,316,131,238,113,118,166,241,351,100,18,96
ABO,2023,7,28,17,21.6,41.9,10.8,8.1,7.83,13.5,41.6,0,868.2,193,2.4,6.2,160,24,150,77,77,76,94,351,100,18,96
ABO,2023,7,28,18,19.8,58,13.4,11.3,9.75,14.5,44.6,0,868.5,90,1.6,4.4,62,0,62,41,42,42,40,330,75,18,96
ABO,2023,7,28,19,19.6,53.5,12.2,9.9,8.86,13.7,42.2,0,868.6,229,1.6,6.6,19,0,19,11,12,12,11,329,71,18,96
ABO,2023,7,28,20,19.4,49.6,11.2,8.6,8.12,13,40.1,0,869.2,216,3.1,6.5,0,0,0,0,0,0,0,323,78,18,96
ABO,2023,7,28,21,18.8,49.8,10.8,8.1,7.83,12.5,38.7,0,869.2,244,3.1,6.8,0,0,0,0,0,0,0,310,61,18,96
ABO,2023,7,28,22,18.1,52,10.8,8.1,7.83,12.2,38,0,869.1,250,3.1,6.4,0,0,0,0,0,0,0,298,50,18,96
ABO,2023,7,28,23,18.5,50.4,10.7,8,7.75,12.3,38.3,0,869.1,258,3.5,6.4,0,0,0,0,0,0,0,300,55,18,96
ABO,2023,7,29,0,18.3,51,10.7,8,7.76,12.2,38.1,0,868.7,249,2.3,4.9,0,0,0,0,0,0,0,311,74,18,96
ABO,2023,7,29,1,18.4,51,10.8,8.1,7.83,12.3,38.4,0,868.2,252,3.4,6.6,0,0,0,0,0,0,0,295,61,18,96
ABO,2023,7,29,2,17.4,59,11.7,9.3,8.49,12.6,39,0,868.4,275,2.2,5.4,0,0,0,0,0,0,0,315,84,18,96
ABO,2023,7,29,3,16,69.8,12.7,10.5,9.23,12.7,39.4,0,868.3,270,1.5,3.5,0,0,0,0,0,0,0,306,68,18,96
ABO,2023,7,29,4,16.6,62.4,11.8,9.4,8.57,12.3,38.4,0,868.1,254,2.2,7.9,0,0,0,0,0,0,0,304,61,18,96
ABO,2023,7,29,5,17.4,59.8,11.9,9.5,8.64,12.7,39.4,0,868.4,201,2,7.4,30,98,18,46,104,9,9,294,44,18,96
ABO,2023,7,29,6,18.1,59.1,12.3,10,8.93,13.2,40.8,0,868.6,200,2,6.4,182,526,58,175,554,32,32,298,48,18,96
ABO,2023,7,29,7,18.9,54,11.8,9.4,8.57,13.2,40.7,0,868.5,209,2.5,6.5,208,230,128,104,297,66,62,321,69,18,96
ABO,2023,7,29,8,20,48.4,11.3,8.8,8.2,13.3,40.9,0,868.6,214,2.9,12.1,88,0,88,43,45,45,40,343,100,18,96
ABO,2023,7,29,9,21.4,42.4,10.8,8.1,7.83,13.4,41.4,0,868.6,225,5.2,9.6,43,0,43,21,22,22,20,346,100,18,96
ABO,2023,7,29,10,22.5,39.9,10.9,8.2,7.9,13.9,42.7,0,868.8,218,5,10.1,113,0,113,55,58,57,51,348,100,18,96
ABO,2023,7,29,11,19.3,54.5,12.2,9.9,8.85,13.6,41.9,0.6,869.6,225,4.7,11.8,46,0,46,22,23,23,21,351,100,18,96
ABO,2023,7,29,12,16.4,74.7,13.9,11.9,10.1,13.6,42.1,1.2,869.8,230,2.8,9.3,85,0,85,41,44,43,39,353,100,18,96
ABO,2023,7,29,13,16.8,77.3,14.8,12.8,10.77,14.3,44.2,0.7,869.5,238,2.5,6.4,186,1,186,90,95,94,85,354,100,18,96
ABO,2023,7,29,14,17,72.4,14,12,10.18,13.9,42.9,0.8,869.5,194,3.6,8.4,104,0,104,50,53,53,47,354,100,18,96
ABO,2023,7,29,15,16.2,76.2,14,12,10.18,13.6,42,1.1,869.5,248,2.7,8.1,101,0,101,49,52,51,46,353,100,18,96
ABO,2023,7,29,16,15.2,85.6,14.8,12.8,10.77,13.7,42.5,1.9,869.7,225,1.1,4.4,77,0,77,37,39,39,35,353,100,18,96
ABO,2023,7,29,17,14.7,90.7,15.2,13.2,11.07,13.8,42.8,1,869.2,54,1.4,3.1,43,0,43,21,22,21,19,352,100,18,96
ABO,2023,7,29,18,14.6,91.3,15.2,13.2,11.07,13.7,42.7,0.6,869.4,153,1.3,3.5,46,0,46,23,24,23,21,347,94,18,96
ABO,2023,7,29,19,14.4,91.3,15,13,10.92,13.5,42.1,1.7,869.3,90,1.5,4.6,17,0,17,8,9,9,8,350,100,18,96
ABO,2023,7,29,20,14.5,87.8,14.5,12.5,10.55,13.3,41.2,3.7,869.4,259,2.2,7.4,0,0,0,0,0,0,0,348,100,18,96
ABO,2023,7,29,21,15,81.7,13.9,11.9,10.1,13.1,40.6,2.9,870.1,248,3.4,10.4,0,0,0,0,0,0,0,345,100,18,96
ABO,2023,7,29,22,14.8,82.8,13.9,11.9,10.1,13,40.4,0.8,870,257,3.7,7.5,0,0,0,0,0,0,0,334,94,18,96
ABO,2023,7,29,23,15.3,79.6,13.8,11.8,10.03,13.1,40.7,0,870,260,3.7,7,0,0,0,0,0,0,0,331,94,18,96
ABO,2023,7,30,0,15.5,76,13.4,11.3,9.73,12.9,40.2,0,869.7,254,3.9,6.9,0,0,0,0,0,0,0,329,94,18,96
ABO,2023,7,30,1,15.3,73.5,12.8,10.6,9.29,12.5,38.9,0,869.8,237,4.5,9.6,0,0,0,0,0,0,0,313,71,19,96
ABO,2023,7,30,2,15.2,72,12.4,10.2,9,12.2,38,0,869.7,252,4,7.8,0,0,0,0,0,0,0,296,46,19,96
ABO,2023,7,30,3,15.1,69.2,11.9,9.5,8.63,11.8,37,0,869.6,218,3.2,8.6,0,0,0,0,0,0,0,300,50,19,96
ABO,2023,7,30,4,15.1,69.2,11.9,9.5,8.63,11.8,37,0,869.5,249,2,6.5,0,0,0,0,0,0,0,305,59,19,96
ABO,2023,7,30,5,15.3,69.2,12,9.7,8.7,12,37.4,0,869.8,250,3.3,7.6,26,95,15,43,100,8,8,318,73,19,96
ABO,2023,7,30,6,15.9,64.8,11.7,9.3,8.48,12,37.4,0,869.8,218,3.1,8,152,358,59,120,390,34,33,297,63,19,96
ABO,2023,7,30,7,15.6,72.6,12.9,10.7,9.36,12.6,39.4,0,870.1,143,2.1,7,270,523,74,117,563,48,48,304,65,19,96
ABO,2023,7,30,8,14.2,89.5,14.5,12.5,10.54,13.1,40.9,0.3,870.5,76,1.4,3.1,231,56,197,97,158,123,92,340,88,19,96
ABO,2023,7,30,9,14.9,87.2,14.8,12.8,10.75,13.6,42.2,0,870.8,76,1.8,4.2,248,16,237,117,139,129,111,330,94,19,96
ABO,2023,7,30,10,17.2,77.3,15.2,13.2,11.05,14.7,45.3,0,870.7,68,1.8,3.5,666,446,310,153,478,437,151,317,55,19,96
ABO,2023,7,30,11,19.9,52.8,12.3,10,8.91,13.8,42.6,0,870.6,147,3.8,8.4,891,840,172,135,454,597,138,308,43,19,96
ABO,2023,7,30,12,19.5,62.7,14.2,12.2,10.31,14.9,45.8,0,870.7,77,2.6,7.2,848,658,267,155,239,586,235,313,50,19,96
ABO,2023,7,30,13,19.2,63.9,14.2,12.2,10.31,14.8,45.5,0,870.6,62,3,7.4,851,739,215,139,137,581,436,309,48,19,96
ABO,2023,7,30,14,19.9,64,14.9,12.9,10.83,15.4,47.5,0,870.5,71,3.2,6.9,764,676,222,132,131,503,556,311,45,19,96
ABO,2023,7,30,15,20.4,61.7,14.8,12.8,10.76,15.5,47.8,0,870.7,55,3.6,6.9,621,565,225,123,123,375,590,327,55,19,96
ABO,2023,7,30,16,19.2,59.4,13.2,11.1,9.57,14.2,43.6,0,871,43,4.5,8.4,376,230,245,119,123,202,347,332,71,19,96
ABO,2023,7,30,17,17.6,58.6,11.8,9.4,8.54,12.7,39.3,0,871.5,35,3.9,7.9,239,153,173,104,89,99,245,336,88,19,96
ABO,2023,7,30,18,16.4,61.6,11.5,9,8.31,12,37.5,0,871.9,39,2,6.5,83,0,83,46,48,48,44,323,94,19,96
ABO,2023,7,30,19,15.5,67,11.8,9.4,8.53,11.9,37.2,0,872.2,352,0.8,2,6,0,6,3,3,3,3,320,71,19,96
ABO,2023,7,30,20,13.9,72.3,11.5,9,8.31,11,35,0,872.4,315,0.9,1.9,0,0,0,0,0,0,0,275,40,19,96
ABO,2023,7,30,21,12.7,77.1,11.3,8.8,8.16,10.5,33.4,0,872.2,301,0.6,1.6,0,0,0,0,0,0,0,299,63,19,96
ABO,2023,7,30,22,12,79.7,11.2,8.6,8.09,10.1,32.5,0,872.3,315,0.7,1.4,0,0,0,0,0,0,0,303,64,19,96
ABO,2023,7,30,23,11.5,80.1,10.9,8.2,7.87,9.6,31.4,0,872.3,342,0.8,1.9,0,0,0,0,0,0,0,294,19,19,96
ABO,2023,7,31,0,10.8,83.4,10.8,8.1,7.8,9.3,30.5,0,872.1,27,0.8,2,0,0,0,0,0,0,0,294,39,19,96
ABO,2023,7,31,1,10.4,83.3,10.5,7.7,7.59,8.9,29.6,0,871.5,270,0.6,1.8,0,0,0,0,0,0,0,280,26,19,96
ABO,2023,7,31,2,10,85,10.4,7.6,7.52,8.7,29,0,871,315,0.5,1.1,0,0,0,0,0,0,0,283,23,19,96
ABO,2023,7,31,3,9.8,85,10.3,7.4,7.45,8.5,28.6,0,870.7,342,0.5,1.2,0,0,0,0,0,0,0,294,40,19,96
ABO,2023,7,31,4,9.3,87.3,10.2,7.3,7.37,8.2,27.9,0,870.9,270,0.6,1.2,0,0,0,0,0,0,0,322,100,19,96
ABO,2023,7,31,5,9.4,86.7,10.2,7.3,7.37,8.2,28,0,870.7,270,0.5,1.5,13,0,13,6,7,7,6,321,94,19,96
ABO,2023,7,31,6,10.8,82.8,10.7,8,7.74,9.2,30.3,0,871.1,180,0.9,1.9,86,87,66,57,122,33,31,320,94,19,96
ABO,2023,7,31,7,12.2,76.5,10.9,8.2,7.89,9.9,32.2,0,870.4,180,0.7,2.6,367,744,76,125,781,70,56,281,46,19,96
ABO,2023,7,31,8,14.1,69.5,11.2,8.6,8.11,10.9,34.7,0,870.3,120,1.6,3.9,535,797,97,76,791,231,78,248,6,19,96
ABO,2023,7,31,9,15.7,64.4,11.5,9,8.33,11.8,36.9,0,870.4,77,2.3,4.5,692,850,110,95,739,389,98,266,25,19,96
ABO,2023,7,31,10,17,64.2,12.4,10.2,8.99,12.9,39.9,0,870.2,76,3.4,6.8,807,862,128,113,606,510,116,292,48,19,96
ABO,2023,7,31,11,18.2,61.6,12.9,10.7,9.37,13.6,42,0,869.5,81,2.7,5,889,855,155,126,430,602,129,296,45,19,96
ABO,2023,7,31,12,19.7,59.9,13.7,11.7,9.96,14.7,45.1,0,868.9,70,3.6,6.7,964,971,110,125,194,656,194,285,33,19,96
ABO,2023,7,31,13,19.1,60.6,13.4,11.3,9.74,14.2,43.9,0,869.1,59,4.5,8.6,898,899,125,120,116,605,418,319,60,19,96
ABO,2023,7,31,14,19.2,63,14,12,10.19,14.7,45.2,0,868.6,64,3.2,7.1,765,705,204,124,122,504,566,323,68,19,96
ABO,2023,7,31,15,19.8,60.7,14,12,10.19,14.9,45.8,0,868.2,69,3.3,6.5,682,782,139,100,98,398,705,320,56,19,96
ABO,2023,7,31,16,19.4,59.8,13.5,11.4,9.82,14.4,44.4,0,868.2,51,3.5,6.8,551,824,89,77,74,242,806,302,33,19,96
ABO,2023,7,31,17,18.5,60,12.8,10.6,9.31,13.7,42.2,0,868.4,55,2.6,6.7,196,174,117,69,59,76,237,337,84,19,96
ABO,2023,7,31,18,18,55.3,11.4,8.9,8.28,12.6,39.1,0,868,143,1.7,4.6,35,0,35,18,19,19,17,346,90,19,96
ABO,2023,7,31,19,17.2,62.2,12.2,9.9,8.87,12.8,39.8,0,867.8,72,1.8,5.3,18,0,18,9,10,10,9,332,81,19,96
ABO,2023,7,31,20,17.8,56.3,11.5,9,8.35,12.6,39.1,0,867.9,238,2.5,8.6,0,0,0,0,0,0,0,342,94,19,96
ABO,2023,7,31,21,18.6,50.1,10.7,8,7.76,12.4,38.4,0,868.1,221,4.5,9.9,0,0,0,0,0,0,0,334,88,19,96
ABO,2023,7,31,22,18.2,48.9,10.2,7.3,7.4,11.9,37.1,0,867.5,226,3.8,7.3,0,0,0,0,0,0,0,331,81,19,96
ABO,2023,7,31,23,18.1,46.6,9.7,6.5,7.04,11.5,36,0,866.6,231,3.5,8,0,0,0,0,0,0,0,333,94,19,96
ABO,2023,8,1,0,18.3,44.8,9.4,6.1,6.83,11.4,35.7,0,865.5,248,2.8,6.4,0,0,0,0,0,0,0,335,100,19,96
ABO,2023,8,1,1,19,40,8.8,5.1,6.4,11.2,35.3,0,864.6,204,3,7.8,0,0,0,0,0,0,0,324,88,18,96
ABO,2023,8,1,2,19.4,36.4,8.2,4.1,5.96,10.9,34.6,0,863.7,188,3.8,8.5,0,0,0,0,0,0,0,310,74,18,96
ABO,2023,8,1,3,18.8,39.1,8.5,4.6,6.18,10.9,34.6,0,863.5,216,2.9,7.1,0,0,0,0,0,0,0,330,94,18,96
ABO,2023,8,1,4,18.6,41.6,8.9,5.3,6.48,11.1,35.1,0,863.4,229,3.4,8.5,0,0,0,0,0,0,0,336,100,18,96
ABO,2023,8,1,5,17.8,46.5,9.5,6.2,6.92,11.2,35.4,0,863,227,3.7,9.1,5,0,5,3,3,3,3,336,100,18,96
ABO,2023,8,1,6,18,45.9,9.5,6.2,6.92,11.3,35.6,0,863.2,214,4.3,9.8,51,22,46,29,46,24,21,337,100,18,96
ABO,2023,8,1,7,18.2,47.3,9.9,6.8,7.22,11.6,36.6,0,862.7,205,4.4,8.3,101,7,98,49,58,50,45,338,100,18,96
ABO,2023,8,1,8,18.7,43.7,9.4,6.1,6.85,11.5,36.2,0,863.1,204,4.2,10.1,132,6,130,63,72,67,60,339,100,18,96
ABO,2023,8,1,9,18.2,47.3,9.9,6.8,7.21,11.6,36.6,0,863.5,208,5,11.6,212,4,210,103,112,109,97,340,100,18,96
ABO,2023,8,1,10,18.4,48.3,10.2,7.3,7.44,11.9,37.4,0,863.4,208,6.4,17.7,226,3,224,109,117,116,103,340,100,18,96
ABO,2023,8,1,11,19,46.5,10.2,7.3,7.44,12.2,38,0,863,222,7.6,15.3,292,13,281,137,151,152,130,341,100,18,96
ABO,2023,8,1,12,18.7,45.8,9.9,6.8,7.22,11.8,37.1,0,863,210,7.5,17.1,285,2,283,138,146,146,131,342,100,18,96
ABO,2023,8,1,13,19.3,44.1,9.9,6.8,7.22,12.1,37.7,0,863.1,210,7.8,18.4,272,4,269,132,139,140,126,342,100,18,96
ABO,2023,8,1,14,18.9,44.9,9.8,6.7,7.14,11.9,37.1,0,863.3,211,6.7,15.5,191,3,189,93,98,98,89,342,100,18,96
ABO,2023,8,1,15,18,50.6,10.4,7.6,7.58,11.9,37.3,0.3,863.9,221,4.4,11.3,151,0,151,74,78,77,70,341,100,18,96
ABO,2023,8,1,16,16.4,63.7,11.9,9.5,8.69,12.3,38.5,0.2,863.8,218,4.3,9.4,175,7,170,83,88,89,86,340,100,18,96
ABO,2023,8,1,17,15.8,74.6,13.4,11.3,9.8,13,40.7,0,863.8,180,2.1,6.1,108,6,106,52,54,54,55,340,100,18,96
ABO,2023,8,1,18,14.1,91.3,14.7,12.7,10.76,13.2,41.4,0.2,864.4,49,3.2,7.6,55,0,55,28,29,29,26,334,94,18,96
ABO,2023,8,1,19,13.6,94.3,14.7,12.7,10.76,13,40.8,0.9,864.7,81,1.8,5.2,2,0,2,1,1,1,1,338,100,18,96
ABO,2023,8,1,20,13.6,85.4,13.3,11.2,9.71,12.1,38.2,0.5,865.4,229,2.2,10.8,0,0,0,0,0,0,0,332,100,18,96
ABO,2023,8,1,21,12.7,93.6,13.7,11.7,10,12.1,38,0,865.5,45,1,2.5,0,0,0,0,0,0,0,335,100,18,96
ABO,2023,8,1,22,13.1,85.4,12.9,10.7,9.41,11.7,36.9,0,865.2,270,1.3,4.6,0,0,0,0,0,0,0,324,100,18,96
ABO,2023,8,1,23,14.3,70,11.4,8.9,8.31,11.2,35.4,0,865.1,228,3.4,7.9,0,0,0,0,0,0,0,328,94,18,96
ABO,2023,8,2,0,15,63.3,10.8,8.1,7.87,11,35,0,864.3,202,4.1,8.1,0,0,0,0,0,0,0,318,81,18,96
ABO,2023,8,2,1,14.3,66.3,10.8,8.1,7.88,10.7,34.3,0,863.7,265,3.5,7.5,0,0,0,0,0,0,0,293,55,18,96
ABO,2023,8,2,2,14.2,67.2,10.9,8.2,7.95,10.7,34.4,0,863.2,243,2.9,7.4,0,0,0,0,0,0,0,300,65,18,96
ABO,2023,8,2,3,14.3,65.8,10.7,8,7.82,10.7,34.1,0,862,241,3.3,8,0,0,0,0,0,0,0,317,78,18,96
ABO,2023,8,2,4,13.9,70.4,11.2,8.6,8.19,10.8,34.7,0,861.8,240,1.4,3.7,0,0,0,0,0,0,0,334,100,18,96
ABO,2023,8,2,5,14.7,70.5,11.8,9.4,8.64,11.6,36.6,0,861.7,205,2.6,10.3,13,0,13,7,7,7,6,326,100,18,96
ABO,2023,8,2,6,18.3,56.5,11.9,9.5,8.71,13,40.5,0,861.9,208,5.5,11.5,13,0,13,6,7,7,6,336,100,18,96
ABO,2023,8,2,7,18.7,57.7,12.4,10.2,9.08,13.5,41.8,0,861.7,186,4.1,10.1,104,4,102,51,57,52,47,339,100,18,96
ABO,2023,8,2,8,19.4,55.6,12.5,10.3,9.16,13.8,42.7,0,861.4,188,4,10.1,156,15,147,72,90,80,68,338,100,18,96
ABO,2023,8,2,9,22.4,47.2,12.8,10.6,9.39,15,46.4,0,860.8,231,4.7,11.9,344,96,281,135,235,189,129,328,88,18,96
ABO,2023,8,2,10,23.8,43.1,12.7,10.5,9.31,15.4,47.6,0,860.9,234,8.3,16,143,0,143,70,74,73,66,352,100,18,96
ABO,2023,8,2,11,24.3,42.1,12.8,10.6,9.39,15.6,48.4,0,860.3,233,6.4,12.6,467,96,385,185,252,269,176,329,78,18,96
ABO,2023,8,2,12,25.1,39.8,12.7,10.5,9.33,15.9,49,0,859.8,218,5,10.8,543,226,346,172,202,338,214,339,71,18,96
ABO,2023,8,2,13,26,34.2,11.5,9,8.44,15.4,47.7,0,859.4,233,6.5,14.9,867,801,182,128,125,599,428,320,45,18,96
ABO,2023,8,2,14,26.5,31.2,10.8,8.1,7.92,15.2,46.9,0,858.9,227,6.4,15.4,682,603,210,129,130,433,497,312,54,18,96
ABO,2023,8,2,15,27,24.5,8.7,5,6.37,14,43.4,0,858.6,233,7.1,16.6,619,622,179,112,112,368,581,299,45,18,96
ABO,2023,8,2,16,26.4,25.9,8.9,5.3,6.52,13.9,43.2,0,858.4,230,7.2,15,424,460,165,91,92,213,517,314,56,18,96
ABO,2023,8,2,17,24.6,29.2,9,5.5,6.59,13.4,41.5,0,858.5,233,4.3,13.7,70,4,69,34,35,35,36,357,100,18,96
ABO,2023,8,2,18,22.1,40.9,10.9,8.2,7.98,13.7,42.5,0,860.1,221,6.1,15.1,13,0,13,7,7,7,6,355,100,18,96
ABO,2023,8,2,19,20.1,51.8,12.2,9.9,8.96,13.9,43,0.1,859.3,223,5.9,12.1,11,0,11,6,6,6,6,348,88,18,96
ABO,2023,8,2,20,19.7,55.3,12.7,10.5,9.32,14,43.5,0.2,860,238,5.3,10.4,0,0,0,0,0,0,0,350,100,18,96
ABO,2023,8,2,21,18.6,62.9,13.5,11.4,9.91,14.1,43.8,0.6,861,218,5.6,16.8,0,0,0,0,0,0,0,342,94,18,96
ABO,2023,8,2,22,18.3,51,10.7,8,7.81,12.2,38.2,0.2,862.6,216,8.9,27.2,0,0,0,0,0,0,0,329,71,18,96
ABO,2023,8,2,23,18.2,35.5,7.4,2.7,5.38,9.9,31.9,0,862.6,205,6.2,16.5,0,0,0,0,0,0,0,268,16,18,96
ABO,2023,8,3,0,19.1,26.3,5.8,-0.7,4.21,9,29.9,0,862.1,228,6.8,16.9,0,0,0,0,0,0,0,290,43,18,96
ABO,2023,8,3,1,19.3,29.6,6.6,1.1,4.8,9.7,31.6,0,861.6,223,6.8,15.3,0,0,0,0,0,0,0,293,54,19,96
ABO,2023,8,3,2,18.9,32.1,7,1.9,5.1,9.9,31.9,0,860.9,215,5.3,14.1,0,0,0,0,0,0,0,298,56,19,96
ABO,2023,8,3,3,18.6,34.6,7.4,2.7,5.39,10,32.4,0,861.3,203,4.9,11.8,0,0,0,0,0,0,0,300,63,19,96
ABO,2023,8,3,4,15.4,51.6,9,5.5,6.56,9.9,32.1,0,862.2,207,3.1,10.2,0,0,0,0,0,0,0,250,10,19,96
ABO,2023,8,3,5,14.7,57.9,9.7,6.5,7.07,10.1,32.7,0,862.6,212,4.8,8.9,6,0,6,3,3,3,3,242,0,19,96
ABO,2023,8,3,6,14.9,57.9,9.8,6.7,7.15,10.3,33,0,862.9,208,5.5,11.1,134,267,65,95,305,35,33,270,45,19,96
ABO,2023,8,3,7,15.8,51.7,9.3,5.9,6.78,10.3,33,0,863.1,196,5,11.3,353,675,96,126,732,78,59,251,25,19,96
ABO,2023,8,3,8,17,47.6,9.2,5.8,6.7,10.7,34.1,0,862.9,193,4.4,9.7,542,827,95,77,821,244,80,239,13,19,96
ABO,2023,8,3,9,17.6,44.9,9,5.5,6.55,10.8,34.3,0,863.2,210,4.5,10.7,691,822,133,100,739,410,103,239,19,19,96
ABO,2023,8,3,10,18.4,45.7,9.7,6.5,7.07,11.6,36.4,0,863.3,205,4.2,9.5,830,883,138,116,633,546,120,245,29,19,96
ABO,2023,8,3,11,19.2,42.6,9.5,6.2,6.92,11.7,36.9,0,863.3,209,3.8,8.4,929,951,120,124,447,640,129,264,29,19,96
ABO,2023,8,3,12,19.9,44.9,10.4,7.6,7.59,12.7,39.3,0,863.1,167,3,8.5,951,925,143,130,209,672,208,265,29,19,96
ABO,2023,8,3,13,19.6,49,11.2,8.6,8.17,13,40.4,0,863.5,48,4.5,9.3,850,739,218,136,134,601,432,283,48,19,96
ABO,2023,8,3,14,18.9,52.2,11.4,8.9,8.32,12.9,40.1,0,863.6,42,4.8,9,605,397,296,147,150,396,435,297,64,19,96
ABO,2023,8,3,15,18.2,53.5,11.2,8.6,8.17,12.5,39,0,863.7,45,3.7,7.5,388,149,286,138,143,225,273,332,88,19,96
ABO,2023,8,3,16,17.5,55.1,11,8.4,8.02,12.1,37.9,0,863.9,37,3.1,6.4,298,138,223,108,113,159,247,332,88,19,96
ABO,2023,8,3,17,17,55.7,10.8,8.1,7.87,11.8,37,0,863.9,34,2.9,6.1,173,77,138,68,71,85,146,331,88,19,96
ABO,2023,8,3,18,16.3,58.3,10.8,8.1,7.87,11.5,36.3,0,864.4,39,1.7,4.1,30,0,30,15,15,15,14,331,100,19,96
ABO,2023,8,3,19,15.5,61.8,10.9,8.2,7.94,11.3,35.7,0,864.8,360,0.7,2.1,7,0,7,4,4,4,3,329,100,19,96
ABO,2023,8,3,20,14.6,65.4,10.9,8.2,7.94,10.9,34.7,0,865.2,27,0.6,1.4,0,0,0,0,0,0,0,312,75,19,96
ABO,2023,8,3,21,13.9,70.4,11.2,8.6,8.16,10.8,34.6,0,865.4,61,1.5,3.9,0,0,0,0,0,0,0,302,69,19,96
ABO,2023,8,3,22,13.4,72.7,11.2,8.6,8.16,10.6,34.1,0,865.4,146,1,2.2,0,0,0,0,0,0,0,297,53,19,96
ABO,2023,8,3,23,12.3,76,10.9,8.2,7.94,10,32.4,0,865.1,252,1.1,2.4,0,0,0,0,0,0,0,302,45,19,96
ABO,2023,8,4,0,11.5,76.9,10.4,7.6,7.57,9.3,30.6,0,865,11,0.8,1.8,0,0,0,0,0,0,0,289,13,19,96
ABO,2023,8,4,1,10.8,77.3,10,7,7.27,8.7,29.2,0,865,56,0.7,2,0,0,0,0,0,0,0,273,39,22,96
ABO,2023,8,4,2,11,78.4,10.3,7.4,7.49,9,29.9,0,865.1,270,1,3.1,0,0,0,0,0,0,0,284,75,22,96
ABO,2023,8,4,3,11.2,80.6,10.7,8,7.79,9.4,30.9,0,865,189,0.9,2.2,0,0,0,0,0,0,0,287,55,22,96
ABO,2023,8,4,4,11.4,80.1,10.8,8.1,7.87,9.5,31.3,0,864.9,194,0.7,2.1,0,0,0,0,0,0,0,292,75,22,96
ABO,2023,8,4,5,11.4,82.9,11.2,8.6,8.16,9.8,32,0,865,68,0.7,1.7,1,0,1,1,1,1,1,316,100,22,96
ABO,2023,8,4,6,11.2,84,11.2,8.6,8.16,9.7,31.8,0,865.1,90,1,2.7,59,13,56,31,43,30,27,317,100,22,96
ABO,2023,8,4,7,11.8,82.9,11.5,9,8.38,10.2,33,0,865.2,87,2,4.8,132,10,128,67,80,69,62,319,100,22,96
ABO,2023,8,4,8,12.9,79.3,11.8,9.4,8.6,10.9,34.7,0,865.4,62,3.5,6.8,158,13,152,78,95,84,74,322,100,22,96
ABO,2023,8,4,9,13.1,78.8,11.9,9.5,8.67,11,35.1,0,865.4,69,3.3,6.3,198,6,194,99,110,106,94,325,100,22,96
ABO,2023,8,4,10,13.6,78.8,12.3,10,8.96,11.5,36.3,0.5,865.7,63,3,6.6,196,11,188,96,109,107,91,328,100,22,96
ABO,2023,8,4,11,13.2,79.3,12,9.7,8.74,11.1,35.3,0,865.6,54,2.9,6,177,1,176,90,95,94,85,329,100,22,96
ABO,2023,8,4,12,12.7,81.9,12,9.7,8.74,10.9,34.8,0.1,866.2,43,2.7,6.3,149,0,149,76,80,79,72,331,100,22,96
ABO,2023,8,4,13,11.5,84,11.4,8.9,8.29,10,32.5,1,866.3,218,1.9,3.7,128,0,128,65,69,68,62,331,100,22,96
ABO,2023,8,4,14,12,83.5,11.7,9.3,8.52,10.4,33.6,0.4,865.8,171,1.4,3.4,158,0,158,81,85,84,77,330,100,22,96
ABO,2023,8,4,15,12.6,83.6,12.2,9.9,8.88,11,35.1,0.5,866.4,75,1.6,5.1,177,0,177,90,95,94,86,329,100,22,96
ABO,2023,8,4,16,11.4,89.3,12,9.7,8.73,10.4,33.5,3.2,867.1,61,2.1,6.3,58,0,58,30,31,31,28,327,100,22,96
ABO,2023,8,4,17,11.1,92.3,12.2,9.9,8.87,10.4,33.5,3.8,867.6,63,1.5,4.2,74,0,74,38,40,39,36,325,100,22,96
ABO,2023,8,4,18,10.6,94.2,12,9.7,8.72,10.1,32.6,2.2,868,66,1.6,4,36,0,36,25,25,25,24,323,100,22,96
ABO,2023,8,4,19,10.3,93.5,11.7,9.3,8.49,9.7,31.8,2,868.4,55,1.8,6,9,0,9,4,5,5,4,322,100,22,96
ABO,2023,8,4,20,9.8,93.5,11.3,8.8,8.19,9.2,30.5,1,869.1,57,1.7,3.2,0,0,0,0,0,0,0,316,100,22,96
ABO,2023,8,4,21,9.4,93.5,11,8.4,7.97,8.8,29.5,1.3,869.3,108,0.9,2,0,0,0,0,0,0,0,320,100,22,96
ABO,2023,8,4,22,9.4,92.2,10.9,8.2,7.9,8.7,29.3,2,869.5,127,0.8,1.5,0,0,0,0,0,0,0,316,100,22,96
ABO,2023,8,4,23,9.4,92.2,10.9,8.2,7.9,8.7,29.3,0.7,869.1,108,0.8,1.7,0,0,0,0,0,0,0,310,100,22,96
ABO,2023,8,5,0,9.3,94.1,11,8.4,7.97,8.8,29.4,0.7,869.1,121,0.9,2.3,0,0,0,0,0,0,0,308,100,22,96
ABO,2023,8,5,1,9.4,92.2,10.9,8.2,7.9,8.7,29.3,0.8,869,72,0.9,1.6,0,0,0,0,0,0,0,316,100,22,96
ABO,2023,8,5,2,9.4,94.7,11.2,8.6,8.12,8.9,29.9,0.3,869,60,1.7,3.9,0,0,0,0,0,0,0,315,100,22,96
ABO,2023,8,5,3,9.5,91.6,10.9,8.2,7.9,8.8,29.4,0.2,868.7,30,1.5,3.2,0,0,0,0,0,0,0,315,100,22,96
ABO,2023,8,5,4,9.2,94.7,11,8.4,7.98,8.8,29.3,0.4,868.8,83,1,2,0,0,0,0,0,0,0,314,100,22,96
ABO,2023,8,5,5,9.2,94.7,11,8.4,7.98,8.8,29.3,0,868.7,77,1,2.5,1,0,1,1,1,1,1,313,100,22,96
ABO,2023,8,5,6,9.3,92.8,10.9,8.2,7.9,8.7,29.2,0.1,868.9,45,1.7,3.9,33,0,33,17,18,18,16,313,100,22,96
ABO,2023,8,5,7,9.5,91.6,10.9,8.2,7.9,8.8,29.4,0.1,869,39,2.4,5.1,98,2,97,50,54,52,47,314,100,22,96
ABO,2023,8,5,8,9.8,92.2,11.2,8.6,8.12,9.1,30.3,0,869,67,2.2,4.5,138,1,137,70,74,73,67,319,100,22,96
ABO,2023,8,5,9,10.4,89.8,11.3,8.8,8.2,9.5,31.1,0,868.9,78,2.1,3.8,227,6,223,114,125,121,108,323,100,22,96
ABO,2023,8,5,10,11.4,80.7,10.9,8.2,7.91,9.6,31.4,0,868.2,90,1.7,3.3,415,85,350,178,254,243,170,327,100,22,96
ABO,2023,8,5,11,12,73.4,10.3,7.4,7.47,9.4,30.9,0,868.4,108,1.2,2.8,299,14,287,146,162,163,139,329,100,22,96
ABO,2023,8,5,12,12.3,76,10.9,8.2,7.91,10,32.3,0,867.9,71,2.3,4.7,121,0,121,62,65,64,59,332,100,22,96
ABO,2023,8,5,13,12.5,72.5,10.5,7.7,7.62,9.8,31.8,0,867.9,53,1.3,3,128,0,128,66,69,68,62,333,100,22,96
ABO,2023,8,5,14,13.3,70.7,10.8,8.1,7.84,10.3,33.2,0,867.3,117,1.2,2.8,383,77,324,165,172,222,222,333,100,22,96
ABO,2023,8,5,15,14.5,65,10.7,8,7.78,10.8,34.2,0,866.6,90,1.1,2.8,570,454,264,141,143,366,539,312,59,22,96
ABO,2023,8,5,16,15.5,61.8,10.9,8.2,7.93,11.3,35.6,0,866.2,95,1.7,3.6,534,727,140,95,94,279,776,303,39,22,96
ABO,2023,8,5,17,14.5,69.5,11.5,9,8.37,11.3,35.7,0,865.8,69,1.3,3.1,276,407,102,77,71,114,476,300,51,22,96
ABO,2023,8,5,18,13.5,72.2,11.2,8.6,8.15,10.7,34.2,0,865.7,66,1.8,3.6,50,0,50,28,29,29,26,321,75,22,96
ABO,2023,8,5,19,13,76.1,11.4,8.9,8.3,10.6,34,0,866,180,1.1,3,10,0,10,6,6,6,5,331,94,22,96
ABO,2023,8,5,20,12.7,74.1,10.9,8.2,7.93,10.1,32.8,0,866.1,274,1.9,4.5,0,0,0,0,0,0,0,329,100,22,96
ABO,2023,8,5,21,12.7,71.6,10.5,7.7,7.63,9.9,32,0.1,866,241,3.1,7.3,0,0,0,0,0,0,0,327,100,22,96
ABO,2023,8,5,22,12.6,72,10.5,7.7,7.64,9.8,31.9,0,865.7,228,2.8,7.3,0,0,0,0,0,0,0,298,100,22,96
ABO,2023,8,5,23,13,62.9,9.4,6.1,6.83,9.2,30.3,0,865.9,202,3.7,8.6,0,0,0,0,0,0,0,291,84,22,96
ABO,2023,8,6,0,13.1,58.3,8.8,5.1,6.39,8.8,29.3,0,865.5,202,4.6,12.2,0,0,0,0,0,0,0,286,100,22,96
ABO,2023,8,6,1,12.6,59.8,8.7,5,6.32,8.5,28.6,0,865.2,213,3.4,8.2,0,0,0,0,0,0,0,307,94,22,96
ABO,2023,8,6,2,12.3,58.1,8.3,4.3,6.03,8.1,27.6,0,865.1,204,4,9.4,0,0,0,0,0,0,0,305,100,22,96
ABO,2023,8,6,3,11.9,56,7.8,3.4,5.66,7.5,26.2,0,864.8,207,4.5,13.7,0,0,0,0,0,0,0,303,100,22,96
ABO,2023,8,6,4,11,60.2,7.9,3.6,5.74,7.2,25.5,0.1,864.7,223,4,10.8,0,0,0,0,0,0,0,301,100,22,96
ABO,2023,8,6,5,9.8,72,8.7,5,6.32,7.3,25.8,0.2,864.8,218,4,10,5,0,5,3,3,3,3,296,100,22,96
ABO,2023,8,6,6,9.4,75.5,8.9,5.3,6.46,7.2,25.7,0.9,865.3,231,3.7,9.1,60,15,57,34,47,31,28,297,100,22,96
ABO,2023,8,6,7,9.9,73,8.9,5.3,6.46,7.5,26.2,0.2,865.7,240,2.8,6.6,180,212,98,75,270,56,53,294,94,22,96
ABO,2023,8,6,8,9.6,75.6,9,5.5,6.53,7.4,26.1,0.5,866.5,214,2.9,8.8,260,88,210,107,202,146,102,300,100,22,96
ABO,2023,8,6,9,10.1,72.1,8.9,5.3,6.45,7.6,26.4,0.3,866.6,197,4,10.3,314,65,272,138,209,177,132,303,100,22,96
ABO,2023,8,6,10,10.7,71.7,9.2,5.8,6.67,8.1,27.6,0.3,867.1,188,4,8.9,305,34,279,142,177,171,136,306,100,22,96
ABO,2023,8,6,11,11,71.7,9.4,6.1,6.81,8.3,28.2,0.2,867.6,185,3.9,10.1,388,70,329,167,215,231,160,309,100,22,96
ABO,2023,8,6,12,11.1,69.8,9.2,5.8,6.66,8.2,28,0.2,867.8,175,4.3,9.4,430,179,275,142,210,287,138,312,94,22,96
ABO,2023,8,6,13,11.1,71.8,9.5,6.2,6.88,8.4,28.5,0.5,868,197,3.9,8.6,485,109,393,199,207,295,259,313,100,22,96
ABO,2023,8,6,14,11.5,68,9.2,5.8,6.66,8.4,28.4,0.3,868.3,209,2.9,7.8,315,81,252,128,133,189,190,311,94,22,96
ABO,2023,8,6,15,11.3,65.6,8.8,5.1,6.36,8,27.4,0.2,868.8,207,3.6,10.5,258,89,202,103,107,150,185,308,94,22,96
ABO,2023,8,6,16,11.2,65.6,8.7,5,6.29,7.9,27.1,0.3,869.1,219,3.5,8.8,228,70,188,96,100,128,163,305,88,22,96
ABO,2023,8,6,17,10.1,74.6,9.2,5.8,6.65,7.8,26.9,1.2,869.5,238,1.9,7.3,207,112,160,88,86,101,198,303,94,22,96
ABO,2023,8,6,18,8.6,91.5,10.2,7.3,7.38,7.9,27.2,1.8,870.2,45,1.4,3.8,47,0,47,25,26,25,23,300,100,22,96
ABO,2023,8,6,19,8.1,89.6,9.7,6.5,7.01,7.2,25.8,0.3,870.4,360,0.9,2.2,1,0,1,1,1,1,1,297,100,22,96
ABO,2023,8,6,20,7.7,88.4,9.3,5.9,6.71,6.8,24.6,0.7,870.9,329,1.2,2.6,0,0,0,0,0,0,0,294,100,22,96
ABO,2023,8,6,21,7.3,90.2,9.2,5.8,6.64,6.5,24,1.6,871.4,297,1.4,3.8,0,0,0,0,0,0,0,289,100,22,96
ABO,2023,8,6,22,7,84.1,8.4,4.5,6.05,5.7,22.2,0.1,871.7,230,2.6,7.1,0,0,0,0,0,0,0,285,100,22,96
ABO,2023,8,6,23,6.8,85.2,8.4,4.5,6.05,5.6,22,0.1,871.5,259,2.3,6.7,0,0,0,0,0,0,0,281,100,22,96
ABO,2023,8,7,0,6.6,85.2,8.3,4.3,5.98,5.4,21.7,0,870.9,242,1.9,6.4,0,0,0,0,0,0,0,279,100,22,96
ABO,2023,8,7,1,6.7,85.8,8.4,4.5,6.06,5.6,21.9,0.1,871.1,299,1.8,5.9,0,0,0,0,0,0,0,277,100,22,96
ABO,2023,8,7,2,6.6,87,8.5,4.6,6.13,5.6,22,0.4,871.3,304,1.5,4.1,0,0,0,0,0,0,0,277,100,22,96
ABO,2023,8,7,3,6.7,82.3,8.1,3.9,5.84,5.3,21.4,0,870.7,242,3,5.9,0,0,0,0,0,0,0,276,100,22,96
ABO,2023,8,7,4,6.8,80,7.9,3.6,5.69,5.2,21.1,0.7,871,257,2.4,6.4,0,0,0,0,0,0,0,276,100,22,96
ABO,2023,8,7,5,6.1,89.5,8.4,4.5,6.05,5.3,21.3,0.2,871.3,333,1.6,6.4,3,0,3,1,1,1,1,274,100,22,96
ABO,2023,8,7,6,6.1,93.3,8.8,5.1,6.35,5.6,22.1,0,871.4,104,1.2,3.5,45,0,45,23,25,24,22,275,100,22,96
ABO,2023,8,7,7,7.5,84.7,8.8,5.1,6.34,6.3,23.5,0.2,871.7,230,1.9,4.3,220,226,140,109,313,74,70,276,81,22,96
ABO,2023,8,7,8,7.5,89,9.2,5.8,6.63,6.6,24.2,0,872.2,45,2.5,5.5,196,10,191,98,113,105,93,283,100,22,96
ABO,2023,8,7,9,7.3,88.3,9,5.5,6.48,6.4,23.6,0,872.6,56,3,6.4,225,3,223,114,122,120,108,290,100,22,96
ABO,2023,8,7,10,9,71.3,8.2,4.1,5.9,6.5,23.9,0,872.5,59,1.5,5.3,450,114,363,184,285,271,177,298,100,22,96
ABO,2023,8,7,11,10.8,58.5,7.6,3,5.46,6.8,24.6,0,873,180,1.7,6.3,444,115,346,176,246,276,169,305,100,22,96
ABO,2023,8,7,12,11.5,53.9,7.3,2.5,5.25,7,24.8,0,872.7,117,1.9,4.6,500,128,390,197,256,313,194,313,100,22,96
ABO,2023,8,7,13,12.4,47.3,6.8,1.5,4.89,7,24.8,0,872.5,155,2.2,5.1,489,214,307,159,164,327,254,317,100,22,96
ABO,2023,8,7,14,13,45.5,6.8,1.5,4.88,7.2,25.4,0,872.7,125,2.3,5.2,446,101,369,187,195,266,261,313,94,22,96
ABO,2023,8,7,15,12.9,55.8,8.3,4.3,5.97,8.3,28,0,872.8,61,2.8,4.9,450,205,313,159,165,276,345,312,81,22,96
ABO,2023,8,7,16,12,58.4,8.2,4.1,5.9,7.9,26.9,0,872.7,54,2.4,5.3,342,303,165,94,96,196,369,311,71,22,96
ABO,2023,8,7,17,11.5,64.3,8.7,5,6.26,8,27.3,0,872.8,35,1.7,5.5,208,118,158,82,84,106,204,303,58,22,96
ABO,2023,8,7,18,10.7,69.2,8.9,5.3,6.41,7.8,26.9,0,873,49,2,5.8,55,0,55,41,42,41,40,309,41,22,96
ABO,2023,8,7,19,9.7,75.1,9,5.5,6.48,7.5,26.1,0,873.1,288,1.1,2.4,15,0,15,9,9,9,8,286,48,22,96
ABO,2023,8,7,20,8.3,80.2,8.8,5.1,6.33,6.6,24.3,0,872.9,307,0.9,2.3,0,0,0,0,0,0,0,276,54,22,96
ABO,2023,8,7,21,7.8,82.4,8.7,5,6.26,6.4,23.6,0,872.7,279,0.9,2.1,0,0,0,0,0,0,0,277,64,22,96
ABO,2023,8,7,22,7.3,82.4,8.4,4.5,6.05,5.9,22.5,0,872.7,284,0.7,2.2,0,0,0,0,0,0,0,283,94,22,96
ABO,2023,8,7,23,7.2,82.9,8.4,4.5,6.05,5.8,22.4,0,872.5,292,0.9,2.5,0,0,0,0,0,0,0,276,94,22,96
ABO,2023,8,8,0,6.9,84.7,8.4,4.5,6.05,5.7,22.1,0,872.1,243,0.6,1.7,0,0,0,0,0,0,0,265,88,22,96
ABO,2023,8,8,1,7.2,83.5,8.5,4.6,6.13,5.9,22.6,0,871.6,243,0.8,1.9,0,0,0,0,0,0,0,271,100,22,96
ABO,2023,8,8,2,7.7,80.1,8.4,4.5,6.06,6.1,23,0,871.1,301,1.5,3.5,0,0,0,0,0,0,0,267,81,22,96
ABO,2023,8,8,3,7.7,80.1,8.4,4.5,6.06,6.1,23,0,871.2,252,1.4,3.4,0,0,0,0,0,0,0,277,100,22,96
ABO,2023,8,8,4,8,77.4,8.3,4.3,5.98,6.1,23.1,0,871,270,1.3,2.9,0,0,0,0,0,0,0,282,100,22,96
ABO,2023,8,8,5,8.1,76.9,8.3,4.3,5.98,6.2,23.2,0,871.1,225,1.2,2.7,9,0,9,5,5,5,5,287,100,22,96
ABO,2023,8,8,6,8.2,80.8,8.8,5.1,6.35,6.6,24.2,0,871.4,207,0.6,2.2,107,182,68,79,222,38,36,289,94,22,96
ABO,2023,8,8,7,9.5,74,8.8,5.1,6.34,7.2,25.5,0,871.6,207,0.8,2.2,151,26,141,74,103,77,69,297,100,22,96
ABO,2023,8,8,8,10.7,68.3,8.8,5.1,6.35,7.7,26.7,0,871.2,158,0.7,1.7,347,256,205,108,361,201,105,305,100,22,96
ABO,2023,8,8,9,12.1,59.7,8.4,4.5,6.06,8.1,27.4,0,871,106,1,3.4,506,391,236,134,453,324,131,307,88,22,96
ABO,2023,8,8,10,13.4,60,9.2,5.8,6.64,9.2,30.2,0,870.9,65,3.3,6.2,560,300,333,175,408,366,170,312,94,22,96
ABO,2023,8,8,11,14,56.5,9,5.5,6.49,9.4,30.5,0,871.1,61,3.6,7,736,575,249,161,374,529,161,306,69,22,96
ABO,2023,8,8,12,14.3,56.6,9.2,5.8,6.64,9.6,31.2,0,871,64,3.3,5.9,732,481,318,178,274,531,228,312,81,22,96
ABO,2023,8,8,13,14.9,57.1,9.7,6.5,7,10.2,32.7,0,871.3,56,3.4,7,725,459,339,179,181,527,413,320,75,22,96
ABO,2023,8,8,14,15,58,9.9,6.8,7.15,10.4,33.2,0,871.3,53,3.3,7.1,670,464,309,163,164,476,496,310,68,22,96
ABO,2023,8,8,15,15.7,57.3,10.2,7.3,7.37,10.9,34.4,0,871.1,82,1.6,3.8,655,669,201,126,124,436,675,307,56,22,96
ABO,2023,8,8,16,15.8,60.6,10.9,8.2,7.88,11.4,35.8,0,871.1,63,2.6,5.2,430,467,189,109,110,229,557,308,63,22,96
ABO,2023,8,8,17,14.8,65.5,11,8.4,7.96,11.1,35,0,871,66,1.2,3,327,475,133,88,75,133,561,306,74,22,96
ABO,2023,8,8,18,14.4,66.3,10.9,8.2,7.88,10.8,34.4,0,871.4,70,1.4,3.9,66,0,66,37,38,38,35,326,90,22,96
ABO,2023,8,8,19,13.6,69.3,10.8,8.1,7.8,10.5,33.4,0,871.7,63,1.3,4.4,13,0,13,7,8,8,7,294,48,22,96
ABO,2023,8,8,20,12.3,78.1,11.2,8.6,8.09,10.2,32.8,0,871.8,297,0.6,1.7,0,0,0,0,0,0,0,328,100,22,96
ABO,2023,8,8,21,11.7,79.1,10.9,8.2,7.88,9.7,31.6,0,871.1,198,0.6,2.5,0,0,0,0,0,0,0,326,100,22,96
ABO,2023,8,8,22,12.2,72.5,10.3,7.4,7.44,9.5,31,0,871.1,256,0.9,4.6,0,0,0,0,0,0,0,323,100,22,96
ABO,2023,8,8,23,12.8,66.9,9.9,6.8,7.15,9.5,30.9,0,871.2,304,2,6.1,0,0,0,0,0,0,0,319,100,22,96
ABO,2023,8,9,0,11.7,74.4,10.2,7.3,7.37,9.3,30.4,0,870.5,261,1.4,3.3,0,0,0,0,0,0,0,300,69,22,96
ABO,2023,8,9,1,11.5,72.8,9.9,6.8,7.15,8.9,29.6,0,871,315,0.9,2.6,0,0,0,0,0,0,0,311,100,22,96
ABO,2023,8,9,2,11.3,73.3,9.8,6.7,7.08,8.8,29.2,0,870.6,194,1.2,3.4,0,0,0,0,0,0,0,310,88,22,96
ABO,2023,8,9,3,12.2,63.6,9,5.5,6.49,8.6,28.6,0,870.9,266,2,4.5,0,0,0,0,0,0,0,317,100,22,96
ABO,2023,8,9,4,11.6,69.4,9.5,6.2,6.85,8.7,28.9,0,871.6,23,1.4,4.2,0,0,0,0,0,0,0,313,94,22,96
ABO,2023,8,9,5,11.6,70.9,9.7,6.5,7,8.8,29.3,0,871.6,243,1.2,2.8,7,0,7,4,4,4,4,319,100,22,96
ABO,2023,8,9,6,12.8,64.1,9.5,6.2,6.85,9.2,30.2,0,871.8,241,1.9,6,92,103,66,57,143,36,34,318,94,22,96
ABO,2023,8,9,7,14.6,55.9,9.3,5.9,6.71,9.8,31.6,0,871.8,233,3.8,7.6,259,317,145,106,410,101,75,313,75,22,96
ABO,2023,8,9,8,13.9,66.2,10.5,7.7,7.58,10.4,33.1,0,872.2,135,1.7,5.9,287,120,222,114,241,162,110,327,94,22,96
ABO,2023,8,9,9,14.2,64.9,10.5,7.7,7.58,10.5,33.4,0,872.2,66,1.5,3.4,403,158,295,152,301,248,147,331,94,22,96
ABO,2023,8,9,10,14.8,62.4,10.5,7.7,7.58,10.7,34,0,872.5,65,2.2,5.2,359,45,324,167,209,205,159,336,100,22,96
ABO,2023,8,9,11,15.5,59.7,10.5,7.7,7.58,11,34.8,0,872.1,81,1.5,3.4,635,328,360,189,368,444,185,340,88,22,96
ABO,2023,8,9,12,19.2,47.2,10.5,7.7,7.58,12.4,38.5,0,871.9,204,2.4,7.4,760,523,310,175,255,568,257,344,81,22,96
ABO,2023,8,9,13,21.3,39,9.9,6.8,7.14,12.8,39.6,0,872.1,228,4.1,8.1,730,503,307,172,173,539,407,346,88,22,96
ABO,2023,8,9,14,20.5,42.4,10.2,7.3,7.36,12.7,39.3,0,872.2,184,3,6.7,593,376,297,163,166,411,408,346,88,22,96
ABO,2023,8,9,15,19.4,54.1,12.2,9.9,8.82,13.6,41.9,0,872.2,83,2.8,6.5,589,541,227,130,130,396,596,346,75,22,96
ABO,2023,8,9,16,18.9,56.2,12.3,10,8.89,13.5,41.6,0,872.6,44,3.7,6.8,469,592,160,100,99,259,665,345,61,22,96
ABO,2023,8,9,17,18.6,56.9,12.2,9.9,8.82,13.3,41.1,0,872.9,43,2.5,5.5,151,63,125,78,80,92,143,345,55,22,96
ABO,2023,8,9,18,17.8,61.1,12.4,10.2,8.96,13.2,40.6,0,873.2,53,1.2,2.7,54,0,54,36,37,37,35,332,45,22,96
ABO,2023,8,9,19,16.7,65.5,12.4,10.2,8.96,12.8,39.5,0,873.4,9,1,2.7,1,0,1,1,1,1,0,304,54,22,96
ABO,2023,8,9,20,15.5,69.3,12.2,9.9,8.81,12.2,37.9,0,873.8,333,1,2.2,0,0,0,0,0,0,0,262,26,22,96
ABO,2023,8,9,21,14.2,75.3,12.2,9.9,8.81,11.6,36.5,0,873.7,315,0.8,1.9,0,0,0,0,0,0,0,278,0,22,96
ABO,2023,8,9,22,13.2,79.3,12,9.7,8.66,11.1,35.1,0,873.4,297,0.7,1.6,0,0,0,0,0,0,0,274,0,22,96
ABO,2023,8,9,23,12.3,82.5,11.8,9.4,8.51,10.6,33.8,0,873.9,304,0.7,1.9,0,0,0,0,0,0,0,289,0,22,96
ABO,2023,8,10,0,12.1,81.3,11.5,9,8.3,10.3,33.1,0,873.6,288,0.6,1.6,0,0,0,0,0,0,0,291,0,22,96
ABO,2023,8,10,1,12.3,79.7,11.4,8.9,8.23,10.3,33.1,0,873.5,297,0.5,1.5,0,0,0,0,0,0,0,277,13,20,96
ABO,2023,8,10,2,12.4,77.6,11.2,8.6,8.08,10.2,32.9,0,873.3,270,0.6,1.6,0,0,0,0,0,0,0,278,33,20,96
ABO,2023,8,10,3,12.4,75,10.8,8.1,7.79,10,32.1,0,873.1,261,1.2,4.1,0,0,0,0,0,0,0,279,19,20,96
ABO,2023,8,10,4,12.7,73.1,10.7,8,7.72,10,32.2,0,873.2,360,0.7,1.8,0,0,0,0,0,0,0,272,0,20,96
ABO,2023,8,10,5,12.4,75,10.8,8.1,7.78,10,32.1,0,873.9,281,0.7,1.6,9,0,9,6,6,6,5,246,0,20,96
ABO,2023,8,10,6,12.2,76,10.8,8.1,7.78,9.9,31.9,0,874.1,217,1,2.4,137,397,51,116,432,31,31,251,0,20,96
ABO,2023,8,10,7,14.7,64.6,10.8,8.1,7.78,10.9,34.4,0,874.3,201,0.9,2.6,327,667,85,94,720,93,57,247,0,20,96
ABO,2023,8,10,8,16.6,57.6,10.9,8.2,7.85,11.7,36.6,0,874.3,163,1.2,2.7,503,753,108,81,771,264,83,250,0,20,96
ABO,2023,8,10,9,19.2,55.2,12.3,10,8.88,13.6,41.8,0,874.2,106,1.9,4,668,835,116,101,744,426,104,253,0,20,96
ABO,2023,8,10,10,20.6,53,12.9,10.7,9.32,14.4,44.4,0,873.7,72,3,4.9,800,891,117,117,624,561,121,256,0,20,96
ABO,2023,8,10,11,21.7,50.9,13.2,11.1,9.54,15,46.1,0,873.8,78,3.4,5.8,882,914,120,127,439,649,132,271,19,20,96
ABO,2023,8,10,12,22.5,48.5,13.2,11.1,9.54,15.3,46.9,0,873.8,69,3.6,7.4,893,867,151,133,206,672,216,307,53,20,96
ABO,2023,8,10,13,22.2,47.8,12.8,10.6,9.24,14.9,45.8,0,874.1,58,3.8,7.3,811,711,216,145,143,598,419,324,60,20,96
ABO,2023,8,10,14,22.4,49.1,13.3,11.2,9.61,15.3,47,0,874.2,59,3.7,7.2,725,638,235,143,143,510,547,334,71,20,96
ABO,2023,8,10,15,21.7,55.1,14.3,12.3,10.34,15.7,48.1,0,874.2,56,3,6.6,565,517,212,122,122,371,538,343,81,20,96
ABO,2023,8,10,16,21.5,59.2,15.2,13.2,11.01,16.1,49.6,0,873.8,71,2.2,3.8,288,128,224,112,116,156,240,354,94,20,96
ABO,2023,8,10,17,21.4,58,14.8,12.8,10.72,15.9,48.8,0,873.6,85,1.6,3.5,260,374,106,68,68,123,446,325,55,20,96
ABO,2023,8,10,18,20.8,61,15,13,10.86,15.8,48.5,0,874.2,135,1.1,2.9,53,0,53,37,38,38,36,344,78,20,96
ABO,2023,8,10,19,19.6,69.2,15.8,13.8,11.44,15.8,48.7,0,874.8,104,1,2.8,1,0,1,0,0,0,0,358,100,20,96
ABO,2023,8,10,20,18.9,70.9,15.5,13.5,11.21,15.4,47.4,0,875.4,243,1.3,2.8,0,0,0,0,0,0,0,349,94,20,96
ABO,2023,8,10,21,17.7,73,14.8,12.8,10.69,14.6,44.9,0,875.7,297,1.1,3.6,0,0,0,0,0,0,0,313,49,20,96
ABO,2023,8,10,22,16.7,72.8,13.8,11.8,9.96,13.7,42,0,875.9,270,1.3,3.3,0,0,0,0,0,0,0,268,25,20,96
ABO,2023,8,10,23,15.8,71.7,12.9,10.7,9.3,12.7,39.4,0,875.7,281,0.7,2,0,0,0,0,0,0,0,265,25,20,96
ABO,2023,8,11,0,15.2,71.1,12.3,10,8.86,12.1,37.7,0,875.5,284,0.6,1.5,0,0,0,0,0,0,0,263,0,20,96
ABO,2023,8,11,1,15.6,67.9,12,9.7,8.64,12.1,37.5,0,875.7,309,0.8,1.7,0,0,0,0,0,0,0,261,33,19,96
ABO,2023,8,11,2,15.4,67.9,11.9,9.5,8.57,11.9,37.1,0,876,315,0.7,1.6,0,0,0,0,0,0,0,261,33,19,96
ABO,2023,8,11,3,15.1,66.9,11.5,9,8.28,11.5,36.1,0,875.9,284,0.6,1.7,0,0,0,0,0,0,0,261,0,19,96
ABO,2023,8,11,4,14.9,66.9,11.3,8.8,8.13,11.3,35.5,0,875.8,297,0.6,1.7,0,0,0,0,0,0,0,261,0,19,96
ABO,2023,8,11,5,14.8,66.4,11.2,8.6,8.06,11.2,35.2,0,875.9,292,0.7,1.7,9,0,9,5,5,5,5,271,6,19,96
ABO,2023,8,11,6,15.3,64.3,11.2,8.6,8.05,11.4,35.7,0,876.2,225,0.9,3.3,130,369,51,107,402,29,29,266,0,19,96
ABO,2023,8,11,7,17.3,63.4,12.5,10.3,9,13.1,40.2,0,876.4,189,0.7,1.8,319,650,83,87,699,88,52,262,0,19,96
ABO,2023,8,11,8,19.3,52.3,11.7,9.3,8.41,13.3,40.8,0,876.6,162,1.1,2.3,500,774,97,72,776,256,74,264,0,19,96
ABO,2023,8,11,9,21.3,47.5,12,9.7,8.63,14.2,43.4,0,876.6,93,2.2,4.5,661,841,108,91,734,418,94,266,0,19,96
ABO,2023,8,11,10,22.7,43,11.9,9.5,8.56,14.6,44.6,0,876.5,81,2.7,5,794,902,105,105,611,552,109,268,0,19,96
ABO,2023,8,11,11,23.3,46.2,13.2,11.1,9.51,15.6,47.6,0,876.5,68,3.7,6.7,882,938,102,114,421,642,119,270,0,19,96
ABO,2023,8,11,12,24,47.6,14.2,12.2,10.24,16.4,50.2,0,876.4,57,3.6,7.1,917,947,107,119,186,679,187,272,6,19,96
ABO,2023,8,11,13,24,51.9,15.5,13.5,11.2,17.1,52.6,0,876.5,57,4.2,7.7,874,899,125,117,113,641,421,307,31,19,96
ABO,2023,8,11,14,24.4,51.6,15.8,13.8,11.42,17.4,53.6,0,876.5,47,4,7.9,742,710,196,118,116,531,568,313,23,19,96
ABO,2023,8,11,15,23.9,53.2,15.8,13.8,11.42,17.2,53.1,0,876.3,48,4.1,7.4,670,825,124,94,92,431,735,299,25,19,96
ABO,2023,8,11,16,23.3,55.2,15.8,13.8,11.42,17.1,52.5,0,876.3,41,3.1,6.7,521,754,119,79,78,282,773,312,39,19,96
ABO,2023,8,11,17,22.4,57.9,15.7,13.7,11.35,16.7,51.4,0,876.2,54,1.2,3.9,210,321,77,57,57,101,377,303,26,19,96
ABO,2023,8,11,18,21.1,63.5,15.9,13.9,11.5,16.4,50.4,0,876.2,297,0.8,2,34,0,34,31,31,31,31,290,25,19,96
ABO,2023,8,11,19,19.6,70.1,16,14,11.57,16,49.1,0,876.4,270,0.6,1.5,9,0,9,5,6,6,5,285,13,19,96
ABO,2023,8,11,20,18.8,70.8,15.4,13.4,11.12,15.3,47.1,0,876.5,288,0.5,1.4,0,0,0,0,0,0,0,278,0,19,96
ABO,2023,8,11,21,17.9,74,15.2,13.2,10.98,14.9,45.8,0,876.2,297,0.6,1.5,0,0,0,0,0,0,0,281,6,19,96
ABO,2023,8,11,22,17.7,74,15,13,10.83,14.7,45.2,0,876.1,297,0.5,1.5,0,0,0,0,0,0,0,299,34,19,96
ABO,2023,8,11,23,17.3,74.9,14.8,12.8,10.69,14.5,44.5,0,876,284,0.7,1.8,0,0,0,0,0,0,0,277,13,19,96
ABO,2023,8,12,0,17.7,71.6,14.5,12.5,10.47,14.4,44.3,0,875.8,315,0.7,2.5,0,0,0,0,0,0,0,289,19,19,96
ABO,2023,8,12,1,18,67.1,13.8,11.8,9.96,14.1,43.3,0,875.4,337,0.8,1.9,0,0,0,0,0,0,0,293,38,18,96
ABO,2023,8,12,2,18,67.1,13.8,11.8,9.96,14.1,43.4,0,875.2,333,0.7,2.8,0,0,0,0,0,0,0,311,63,18,96
ABO,2023,8,12,3,18.4,63.7,13.5,11.4,9.75,14,43.2,0,875,304,0.9,3.8,0,0,0,0,0,0,0,297,56,18,96
ABO,2023,8,12,4,19,60.1,13.2,11.1,9.53,14.1,43.3,0,874.8,256,2.1,4.4,0,0,0,0,0,0,0,312,71,18,96
ABO,2023,8,12,5,18.3,62.8,13.2,11.1,9.53,13.8,42.6,0,874.8,360,1.2,3.9,5,0,5,3,3,3,2,332,94,18,96
ABO,2023,8,12,6,18.8,60.1,13,10.9,9.38,13.9,42.7,0,874.8,315,0.9,2.2,73,102,51,47,131,26,24,338,75,18,96
ABO,2023,8,12,7,19.4,64.3,14.5,12.5,10.48,15,46.1,0,874.9,53,1,2.5,202,201,136,85,278,80,63,332,71,18,96
ABO,2023,8,12,8,20.2,60,14.2,12.2,10.26,15.1,46.4,0,875,166,0.8,2.7,312,182,217,103,294,173,99,338,75,18,96
ABO,2023,8,12,9,21.4,55.8,14.2,12.2,10.26,15.5,47.6,0,875.1,96,1.2,5,591,634,180,103,627,380,104,334,68,18,96
ABO,2023,8,12,10,21.6,61.2,15.8,13.8,11.43,16.5,50.8,0,875.9,51,4.2,9.5,608,448,273,138,460,412,136,348,78,18,96
ABO,2023,8,12,11,21.6,58,15,13,10.85,16,49.3,0,875.1,120,1.7,4,409,206,235,124,192,261,119,359,94,18,96
ABO,2023,8,12,12,24,57.5,17.2,15.1,12.47,18,55.9,0,874.9,70,2.5,5.3,843,781,178,127,194,627,203,344,56,18,96
ABO,2023,8,12,13,24.7,55.2,17.2,15.1,12.47,18.2,56.6,0,874.8,66,3.3,5.8,764,642,232,135,135,557,396,357,71,18,96
ABO,2023,8,12,14,23.4,58.1,16.7,14.7,12.1,17.6,54.3,0.2,874.9,54,2.9,6.2,437,320,185,100,102,296,280,359,84,18,96
ABO,2023,8,12,15,20.3,75.4,17.9,15.8,12.98,17.3,53.4,17,875.4,293,2.8,12.7,143,51,111,53,55,83,99,363,88,18,96
ABO,2023,8,12,16,19.2,83.8,18.6,16.4,13.51,17.3,53.6,0.4,874.8,299,1.4,2.8,143,149,74,38,39,72,183,362,94,18,96
ABO,2023,8,12,17,19.6,79.7,18.2,16,13.22,17.2,53.2,0,874.7,294,1.2,3.2,116,25,106,56,58,63,80,361,88,18,96
ABO,2023,8,12,18,19.1,75.2,16.6,14.6,12.03,16.2,49.7,0,874.8,310,1.7,3.5,32,0,32,22,23,23,22,350,71,18,96
ABO,2023,8,12,19,18.5,76,16.2,14.2,11.73,15.7,48.3,0,875.1,318,1.2,2.7,1,0,1,0,0,0,0,336,63,18,96
ABO,2023,8,12,20,18,76,15.7,13.7,11.36,15.2,46.9,0,875.4,287,1.4,2.9,0,0,0,0,0,0,0,313,16,18,96
ABO,2023,8,12,21,17.2,77.3,15.2,13.2,10.99,14.7,45.1,0,875.5,324,0.9,1.9,0,0,0,0,0,0,0,295,0,18,96
ABO,2023,8,12,22,16.8,78.3,15,13,10.84,14.4,44.3,0,875.4,278,0.9,2.2,0,0,0,0,0,0,0,285,0,18,96
ABO,2023,8,12,23,16.5,80.8,15.2,13.2,11,14.4,44.4,0,875,292,0.7,2,0,0,0,0,0,0,0,275,0,18,96
ABO,2023,8,13,0,16,81.8,14.9,12.9,10.78,14,43.4,0,874.5,301,0.7,2,0,0,0,0,0,0,0,281,13,18,96
ABO,2023,8,13,1,16.4,76.2,14.2,12.2,10.27,13.8,42.5,0,874.4,279,0.7,1.8,0,0,0,0,0,0,0,297,41,18,96
ABO,2023,8,13,2,16.2,71.8,13.2,11.1,9.54,13.1,40.4,0,874.1,304,1.2,2.5,0,0,0,0,0,0,0,337,81,18,96
ABO,2023,8,13,3,16.5,69.5,13,10.9,9.39,13.1,40.4,0,873.9,333,0.8,2,0,0,0,0,0,0,0,343,100,18,96
ABO,2023,8,13,4,16.1,70.3,12.9,10.7,9.32,12.8,39.8,0,873.8,301,0.8,1.9,0,0,0,0,0,0,0,315,63,18,96
ABO,2023,8,13,5,16.1,69.9,12.8,10.6,9.25,12.8,39.6,0,873.9,292,0.8,2.5,6,0,6,3,3,3,3,306,48,18,96
ABO,2023,8,13,6,16.3,71.3,13.2,11.1,9.54,13.1,40.5,0,874,236,0.7,1.7,96,147,65,64,185,33,31,318,63,18,96
ABO,2023,8,13,7,18.5,65,13.8,11.8,9.98,14.3,43.9,0,873.9,200,1.3,3,311,650,80,81,696,87,49,296,39,18,96
ABO,2023,8,13,8,20.5,57.4,13.8,11.8,9.98,15,46,0,873.8,180,1,2.2,492,780,91,68,774,255,69,280,6,18,96
ABO,2023,8,13,9,22.1,55.6,14.8,12.8,10.72,16.1,49.5,0,873.6,90,2.1,5.3,649,834,104,86,720,415,88,283,13,18,96
ABO,2023,8,13,10,22.6,56.4,15.5,13.5,11.24,16.7,51.3,0,873.6,79,3.2,5.8,771,865,115,100,594,544,103,304,36,18,96
ABO,2023,8,13,11,23.8,51.5,15.2,13.2,11.02,16.9,52,0,873.4,81,3.2,5.3,817,781,171,116,412,607,118,324,48,18,96
ABO,2023,8,13,12,24.3,52.3,15.9,13.9,11.53,17.4,53.8,0,873.3,69,3.2,6.1,628,448,248,137,183,440,197,347,65,18,96
ABO,2023,8,13,13,23.9,55.7,16.5,14.5,11.98,17.6,54.5,0,873.1,64,2.9,5.7,633,435,270,140,142,446,306,349,74,18,96
ABO,2023,8,13,14,22.3,63.3,17,15,12.35,17.4,53.8,0.4,873.5,63,2.2,5,59,0,59,28,30,30,27,369,100,18,96
ABO,2023,8,13,15,21.4,71.3,18.2,16,13.24,17.8,55.2,0,873.1,11,1.5,4.3,193,25,177,85,89,103,103,359,94,18,96
ABO,2023,8,13,16,22.1,66.6,17.7,15.6,12.87,17.7,55,0,872.8,198,0.8,1.7,141,35,121,58,61,76,90,363,94,18,96
ABO,2023,8,13,17,22,69.7,18.4,16.2,13.4,18.1,56.2,0,872.6,14,0.8,2.3,119,21,110,53,56,60,72,367,94,18,96
ABO,2023,8,13,18,21.5,70.9,18.2,16,13.24,17.8,55.3,0,872.9,315,1.1,2.6,48,0,48,33,33,33,32,341,64,18,96
ABO,2023,8,13,19,20.1,76.3,17.9,15.8,13.02,17.2,53.3,0,873.1,349,1.1,2.8,8,0,8,4,4,4,4,360,94,18,96
ABO,2023,8,13,20,18.9,78.6,17.2,15.1,12.5,16.4,50.7,0,873.3,270,0.7,2.3,0,0,0,0,0,0,0,360,100,18,96
ABO,2023,8,13,21,18.7,77.1,16.6,14.6,12.05,16,49.4,0,873.3,297,0.8,1.9,0,0,0,0,0,0,0,356,100,18,96
ABO,2023,8,13,22,19.9,63.6,14.8,12.8,10.73,15.4,47.2,0,873.1,243,2,5.9,0,0,0,0,0,0,0,347,94,18,96
ABO,2023,8,13,23,20.9,54.2,13.4,11.3,9.69,14.9,45.6,0,873.2,248,3.8,6,0,0,0,0,0,0,0,319,39,18,96
ABO,2023,8,14,0,20.2,55.8,13.2,11.1,9.55,14.5,44.6,0,872.9,252,2.7,6.2,0,0,0,0,0,0,0,322,59,18,96
ABO,2023,8,14,1,18.9,60.9,13.3,11.2,9.63,14.1,43.4,0,872.4,8,1.6,3.8,0,0,0,0,0,0,0,324,88,18,96
ABO,2023,8,14,2,17.9,64.9,13.3,11.2,9.63,13.8,42.4,0,872.3,292,1.2,2.8,0,0,0,0,0,0,0,320,70,18,96
ABO,2023,8,14,3,17.6,65.7,13.2,11.1,9.56,13.6,41.9,0,871.9,279,0.9,3,0,0,0,0,0,0,0,305,65,18,96
ABO,2023,8,14,4,17.1,67.8,13.2,11.1,9.56,13.4,41.4,0,871.8,281,1,2.3,0,0,0,0,0,0,0,315,59,18,96
ABO,2023,8,14,5,17.4,64.7,12.9,10.7,9.34,13.3,41.2,0,871.6,288,0.9,1.9,0,0,0,0,0,0,0,301,45,18,96
ABO,2023,8,14,6,17.5,64.3,12.9,10.7,9.34,13.3,41.3,0,871.6,236,1,4.2,71,115,52,57,147,30,28,307,50,18,96
ABO,2023,8,14,7,19.7,60.7,13.9,11.9,10.08,14.8,45.4,0,871.5,207,1.1,2.8,244,329,120,70,398,100,59,295,48,18,96
ABO,2023,8,14,8,22,54.5,14.4,12.4,10.45,15.8,48.7,0,871.6,186,1,2.5,497,789,92,68,784,264,70,281,25,18,96
ABO,2023,8,14,9,23.8,47.6,14,12,10.15,16.2,49.8,0,872,93,2,4.8,608,699,154,95,654,397,97,321,56,18,96
ABO,2023,8,14,10,22.7,53.9,14.9,12.9,10.81,16.4,50.3,0,872.4,75,2.7,6.6,477,227,308,148,324,300,143,338,88,18,96
ABO,2023,8,14,11,22.3,61.7,16.6,14.6,12.06,17.2,53.1,0,872.7,59,3.6,9.2,708,511,287,145,386,513,143,355,88,18,96
ABO,2023,8,14,12,23.5,61.6,17.8,15.7,12.95,18.2,56.6,0,872.8,55,3.5,7.6,824,728,208,126,211,624,206,349,71,18,96
ABO,2023,8,14,13,24,54.3,16.2,14.2,11.77,17.5,54.1,0,872.1,87,2.2,5.2,858,892,123,110,106,642,413,333,35,18,96
ABO,2023,8,14,14,24.7,50.7,15.8,13.8,11.49,17.5,54.1,0,871.4,98,1.8,3.6,692,618,223,120,119,499,522,333,48,18,96
ABO,2023,8,14,15,25.2,49.5,15.9,13.9,11.56,17.7,54.8,0,871.3,77,1.9,4.1,230,145,129,64,66,146,176,360,84,18,96
ABO,2023,8,14,16,22.5,68,18.5,16.3,13.48,18.3,56.9,4.9,872,16,2.7,7.7,279,287,143,73,75,145,350,357,84,18,96
ABO,2023,8,14,17,19.4,82.8,18.6,16.4,13.56,17.4,53.9,1.3,872.1,291,1.5,4.1,160,172,95,57,58,76,226,349,88,18,96
ABO,2023,8,14,18,18.2,83.2,17.4,15.3,12.65,16.3,50.4,19,872.8,246,4,15.4,50,0,50,29,30,30,28,358,100,18,96
ABO,2023,8,14,19,14.9,87.2,14.8,12.8,10.72,13.6,42.1,26.2,873.9,249,3.5,9.4,0,0,0,0,0,0,0,361,100,18,96
ABO,2023,8,14,20,14.9,88.4,15,13,10.86,13.7,42.4,4.6,874.3,250,2.3,5.3,0,0,0,0,0,0,0,352,88,18,96
ABO,2023,8,14,21,15,89.6,15.3,13.3,11.09,13.9,43.1,0.1,873.8,249,1.2,4.9,0,0,0,0,0,0,0,357,100,18,96
ABO,2023,8,14,22,15.3,88.4,15.4,13.4,11.16,14.1,43.6,0.1,873.5,284,1.1,4,0,0,0,0,0,0,0,353,100,18,96
ABO,2023,8,14,23,16,87.3,15.9,13.9,11.53,14.7,45.3,0,873.3,270,1.2,3.4,0,0,0,0,0,0,0,349,100,18,96
ABO,2023,8,15,0,15.6,85.6,15.2,13.2,11.02,14.1,43.6,0,873.2,281,1,2.6,0,0,0,0,0,0,0,345,100,18,96
ABO,2023,8,15,1,15.6,82.9,14.7,12.7,10.66,13.8,42.6,0,872.8,270,0.9,2.5,0,0,0,0,0,0,0,295,38,18,96
ABO,2023,8,15,2,15,83.9,14.3,12.3,10.37,13.3,41.3,0,872.4,248,1,2.5,0,0,0,0,0,0,0,297,48,18,96
ABO,2023,8,15,3,15.5,78.6,13.8,11.8,10,13.2,40.9,0,872.2,286,1.1,2.7,0,0,0,0,0,0,0,283,13,18,96
ABO,2023,8,15,4,15.1,80.1,13.7,11.7,9.92,13,40.3,0,872.3,279,0.9,2.1,0,0,0,0,0,0,0,315,50,18,96
ABO,2023,8,15,5,15.3,77.5,13.5,11.4,9.78,12.9,40.1,0,872.4,270,1.1,2.8,6,0,6,3,3,3,3,317,55,18,96
ABO,2023,8,15,6,16.1,75.6,13.8,11.8,9.99,13.4,41.5,0,872.8,270,0.9,2.6,67,44,60,41,77,32,29,347,88,18,96
ABO,2023,8,15,7,18.2,75.5,15.8,13.8,11.46,15.4,47.4,0,873.1,135,0.7,2.1,290,544,94,73,598,95,52,320,59,18,96
ABO,2023,8,15,8,19.6,66.5,15.2,13.2,11.01,15.5,47.6,0,874.2,93,2.2,5.5,488,789,87,67,780,261,68,283,10,18,96
ABO,2023,8,15,9,20.7,62.6,15.3,13.3,11.08,15.9,49,0,874,103,2.4,4.5,637,813,111,86,713,419,88,280,0,18,96
ABO,2023,8,15,10,22.3,57.1,15.4,13.4,11.16,16.5,50.8,0,873.7,100,2.5,5.7,770,880,106,99,594,553,102,282,6,18,96
ABO,2023,8,15,11,23.3,53,15.2,13.2,11.02,16.7,51.5,0,873.5,80,2.6,5.9,742,643,217,132,392,540,132,326,58,18,96
ABO,2023,8,15,12,23.9,54.6,16.2,14.2,11.75,17.5,54,0,873.6,50,3.5,7.2,645,517,209,122,203,473,149,345,68,18,96
ABO,2023,8,15,13,22.4,63.4,17.2,15.1,12.49,17.5,54.3,0.5,873.5,52,3.2,6.8,554,401,228,117,119,399,312,358,78,18,96
ABO,2023,8,15,14,23.4,58.5,16.8,14.8,12.21,17.7,54.6,0,872.9,69,1.9,4.3,574,357,302,146,149,392,391,357,78,18,96
ABO,2023,8,15,15,24.1,56.8,17,15,12.36,18,55.7,0,872.5,79,2.3,4.2,368,132,279,132,138,218,247,367,88,18,96
ABO,2023,8,15,16,23.7,56.7,16.6,14.6,12.06,17.6,54.5,0,872.7,39,3.6,7.6,240,77,197,94,99,131,167,346,64,18,96
ABO,2023,8,15,17,22.5,58.6,16,14,11.61,16.9,52.2,0,873.1,30,1.9,5.6,176,200,99,59,60,92,264,335,44,18,96
ABO,2023,8,15,18,21.4,63.5,16.2,14.2,11.75,16.7,51.4,0,873.5,236,1.2,2.8,37,0,37,29,29,29,28,313,25,18,96
ABO,2023,8,15,19,19.9,67.9,15.8,13.8,11.45,15.9,49.1,0,873.8,297,0.8,2,6,0,6,3,4,4,3,312,33,18,96
ABO,2023,8,15,20,18.7,71.8,15.5,13.5,11.23,15.4,47.3,0,873.9,292,0.7,1.9,0,0,0,0,0,0,0,285,0,18,96
ABO,2023,8,15,21,17.8,73.5,15,13,10.86,14.7,45.4,0,874,270,0.7,1.6,0,0,0,0,0,0,0,281,0,18,96
ABO,2023,8,15,22,17.5,73.9,14.8,12.8,10.71,14.5,44.7,0,874.1,304,0.6,1.7,0,0,0,0,0,0,0,302,13,18,96
ABO,2023,8,15,23,16.8,74.8,14.3,12.3,10.35,14,43.1,0,874,270,0.6,1.8,0,0,0,0,0,0,0,315,48,18,96
ABO,2023,8,16,0,17.2,72.4,14.2,12.2,10.28,14.1,43.3,0,873.7,297,0.5,1.3,0,0,0,0,0,0,0,321,59,18,96
ABO,2023,8,16,1,17.3,72,14.2,12.2,10.28,14.1,43.4,0,873.4,259,0.7,2.2,0,0,0,0,0,0,0,326,84,18,96
ABO,2023,8,16,2,17.3,72.4,14.3,12.3,10.36,14.2,43.6,0,873.2,315,0.7,3.2,0,0,0,0,0,0,0,330,94,18,96
ABO,2023,8,16,3,17.4,70.6,14,12,10.14,14,43.2,0,873,284,0.6,1.7,0,0,0,0,0,0,0,290,31,18,96
ABO,2023,8,16,4,16.2,74.7,13.7,11.7,9.91,13.4,41.4,0,873.4,315,0.7,1.8,0,0,0,0,0,0,0,263,6,18,96
ABO,2023,8,16,5,16,74.1,13.5,11.4,9.76,13.2,40.8,0,873.5,284,0.6,1.7,5,0,5,3,3,3,3,263,0,18,96
ABO,2023,8,16,6,15.9,76.6,13.8,11.8,9.98,13.4,41.2,0,873.7,214,0.6,2.9,92,245,42,71,275,27,26,273,6,18,96
ABO,2023,8,16,7,18.7,67.2,14.5,12.5,10.5,14.8,45.4,0,873.6,200,1.3,3.7,306,657,78,77,704,92,49,264,0,18,96
ABO,2023,8,16,8,20.8,60.2,14.8,12.8,10.72,15.7,48.1,0,873.6,194,1,2.4,487,775,95,70,777,269,71,266,0,18,96
ABO,2023,8,16,9,22.8,52.9,14.7,12.7,10.65,16.3,50,0,873.6,117,1.6,3.5,643,828,110,88,726,430,91,269,0,18,96
ABO,2023,8,16,10,23.7,50.4,14.8,12.8,10.72,16.6,51.1,0,873.6,86,2.9,5.8,769,868,118,103,602,562,106,302,19,18,96
ABO,2023,8,16,11,24,48.3,14.4,12.4,10.43,16.5,50.7,0,873.5,76,3.1,5.6,739,663,201,132,395,542,132,348,65,18,96
ABO,2023,8,16,12,25,48.8,15.5,13.5,11.24,17.4,53.8,0,873.2,61,3.2,6.4,633,350,339,168,222,444,218,350,75,18,96
ABO,2023,8,16,13,23.8,55.6,16.4,14.4,11.91,17.6,54.2,0,873.1,57,3.2,6.1,498,293,260,125,128,354,281,368,81,18,96
ABO,2023,8,16,14,22.1,63.7,16.9,14.9,12.27,17.3,53.4,0.3,873.7,58,2.9,7.1,202,27,182,88,93,112,103,362,88,18,96
ABO,2023,8,16,15,21.7,64,16.6,14.6,12.05,17,52.4,0,873.4,270,1.2,3.1,356,386,93,59,59,245,349,352,84,18,96
ABO,2023,8,16,16,22.1,67.1,17.8,15.7,12.94,17.8,55.1,0,873.2,301,0.9,2.5,211,153,140,68,70,114,222,350,80,18,96
ABO,2023,8,16,17,21.3,64.8,16.4,14.4,11.91,16.8,51.7,0,873,305,1.7,2.5,202,352,64,50,50,95,397,321,43,18,96
ABO,2023,8,16,18,20.4,67.6,16.2,14.2,11.76,16.3,50.4,0,873.3,315,1.1,2.5,10,0,10,5,5,5,5,364,100,18,96
ABO,2023,8,16,19,19.8,69.2,16,14,11.61,16,49.4,0,873.3,301,0.7,1.6,0,0,0,0,0,0,0,352,88,18,96
ABO,2023,8,16,20,19.2,69.5,15.5,13.5,11.23,15.5,47.8,0,873.7,301,0.8,2.3,0,0,0,0,0,0,0,358,100,18,96
ABO,2023,8,16,21,19,70,15.4,13.4,11.17,15.4,47.4,0,873.3,284,0.6,1.7,0,0,0,0,0,0,0,344,84,18,96
ABO,2023,8,16,22,18.4,69.8,14.8,12.8,10.72,14.8,45.7,0,873.5,286,1.1,2.5,0,0,0,0,0,0,0,350,100,18,96
ABO,2023,8,16,23,18.3,70.7,14.9,12.9,10.8,14.9,45.8,0,873.4,304,0.6,1.3,0,0,0,0,0,0,0,347,100,18,96
ABO,2023,8,17,0,18.6,69.4,14.9,12.9,10.8,15,46.1,0,873.1,270,0.9,2.3,0,0,0,0,0,0,0,343,100,18,96
ABO,2023,8,17,1,18.8,62.1,13.5,11.4,9.77,14.2,43.7,0,872.8,250,2.2,4.8,0,0,0,0,0,0,0,341,100,19,96
ABO,2023,8,17,2,17.6,68.3,13.7,11.7,9.92,13.9,42.8,0,872.8,315,0.8,2.4,0,0,0,0,0,0,0,342,100,19,96
ABO,2023,8,17,3,17.3,66.9,13.2,11.1,9.56,13.5,41.6,0,872.4,297,0.9,2,0,0,0,0,0,0,0,343,100,19,96
ABO,2023,8,17,4,17,67.3,13,10.9,9.41,13.3,40.9,0,872.5,315,0.7,1.6,0,0,0,0,0,0,0,344,100,19,96
ABO,2023,8,17,5,16.4,69.9,13,10.9,9.41,13,40.3,0,872.6,292,0.8,1.9,5,0,5,3,3,3,3,314,56,19,96
ABO,2023,8,17,6,16.1,72.2,13.2,11.1,9.55,13,40.4,0,872.6,297,0.5,1.3,71,94,49,45,127,30,29,307,56,19,96
ABO,2023,8,17,7,17.9,70.2,14.4,12.4,10.43,14.4,44.4,0,872.8,135,0.5,1.2,161,201,98,68,261,55,47,339,88,19,96
ABO,2023,8,17,8,19.9,67.9,15.8,13.8,11.46,15.9,49.1,0,873.4,225,1.2,5.5,162,22,150,74,99,86,70,350,100,19,96
ABO,2023,8,17,9,19.3,70.5,15.8,13.8,11.45,15.7,48.5,0.2,873.9,59,1.7,4.8,233,19,221,109,132,123,103,352,100,19,96
ABO,2023,8,17,10,19.8,65.7,15.2,13.2,11.01,15.6,47.9,0,873.9,83,1.9,4.9,548,295,327,157,384,374,152,345,81,19,96
ABO,2023,8,17,11,19.9,62.4,14.5,12.5,10.5,15.2,46.6,0,873.8,71,2.1,7.3,254,3,251,124,132,131,117,357,100,19,96
ABO,2023,8,17,12,18.9,76.1,16.6,14.6,12.04,16.1,49.5,2.4,874,233,1.2,3.3,164,0,164,81,85,84,76,360,100,19,96
ABO,2023,8,17,13,18.9,77.6,16.9,14.9,12.28,16.3,50.1,0.1,873.2,321,1.2,3.2,262,66,209,102,107,158,137,361,100,19,96
ABO,2023,8,17,14,20.6,65.9,16,14,11.62,16.3,50.2,0,872.7,53,1.2,3,354,85,289,140,147,212,197,360,100,19,96
ABO,2023,8,17,15,20.6,67.6,16.4,14.4,11.91,16.5,51,0,872.9,81,1.4,3.2,255,30,237,116,122,137,139,360,100,19,96
ABO,2023,8,17,16,21.6,55.1,14.2,12.2,10.29,15.6,47.9,0,872.2,53,1.3,3,291,350,126,68,70,160,406,346,81,19,96
ABO,2023,8,17,17,20.7,64.6,15.8,13.8,11.48,16.2,50,0,872,11,1,3,187,160,128,63,65,92,229,340,66,19,96
ABO,2023,8,17,18,19.7,68.7,15.8,13.8,11.48,15.9,48.9,0,871.8,311,1.2,2.4,31,0,31,20,21,21,20,326,56,19,96
ABO,2023,8,17,19,18.4,69.8,14.8,12.8,10.74,14.8,45.7,0,872.2,297,0.7,1.5,4,0,4,2,2,2,2,303,10,19,96
ABO,2023,8,17,20,17.4,69.2,13.7,11.7,9.92,13.9,42.6,0,872.5,292,0.7,1.7,0,0,0,0,0,0,0,290,0,19,96
ABO,2023,8,17,21,17.2,67.3,13.2,11.1,9.56,13.4,41.5,0,872.3,309,0.8,1.8,0,0,0,0,0,0,0,289,6,19,96
ABO,2023,8,17,22,17.4,64.3,12.8,10.6,9.26,13.2,41,0,872.4,293,0.9,1.9,0,0,0,0,0,0,0,305,50,19,96
ABO,2023,8,17,23,17.4,63,12.5,10.3,9.04,13.1,40.4,0,872.6,297,0.7,1.9,0,0,0,0,0,0,0,313,64,19,96
ABO,2023,8,18,0,17.3,61.8,12.2,9.9,8.82,12.8,39.7,0,872.4,297,0.8,2.7,0,0,0,0,0,0,0,310,59,19,96
ABO,2023,8,18,1,17.6,56.3,11.3,8.8,8.16,12.4,38.4,0,872.2,323,0.8,2.4,0,0,0,0,0,0,0,272,29,18,96
ABO,2023,8,18,2,16.8,57.6,11,8.4,7.95,11.9,37,0,872.1,270,0.7,2.2,0,0,0,0,0,0,0,287,44,18,96
ABO,2023,8,18,3,16.9,54.2,10.4,7.6,7.51,11.5,36,0,872,301,0.8,1.9,0,0,0,0,0,0,0,258,6,18,96
ABO,2023,8,18,4,16.3,55.6,10.3,7.4,7.44,11.2,35.2,0,871.9,288,0.7,1.8,0,0,0,0,0,0,0,254,0,18,96
ABO,2023,8,18,5,16.2,54.4,10,7,7.22,11,34.5,0,872,304,0.9,2,4,0,4,2,2,2,2,260,6,18,96
ABO,2023,8,18,6,16.3,56.7,10.5,7.7,7.58,11.3,35.6,0,872,315,0.7,1.9,69,132,39,45,161,26,26,266,6,18,96
ABO,2023,8,18,7,18.5,57.7,12.3,10,8.9,13.3,41.2,0,872.3,198,0.7,2.3,299,642,81,64,692,105,49,256,0,18,96
ABO,2023,8,18,8,20.6,50.3,12.2,9.9,8.82,14,43.1,0,872.3,197,1.2,2.5,480,765,97,69,770,276,71,257,0,18,96
ABO,2023,8,18,9,23.5,40.7,11.8,9.4,8.53,14.8,45.3,0,872.5,131,1.2,2.7,644,841,107,87,731,441,90,259,0,18,96
ABO,2023,8,18,10,25.3,34.2,11,8.4,7.94,14.9,45.7,0,872.3,75,2.5,5.1,777,904,104,101,608,578,105,276,0,18,96
ABO,2023,8,18,11,25,39.5,12.5,10.3,9.04,15.7,48.2,0,872.2,67,4,6.8,871,944,105,111,419,675,115,296,6,18,96
ABO,2023,8,18,12,25.8,35.5,11.8,9.4,8.53,15.5,47.7,0,872.1,63,3.2,6.2,892,939,109,114,177,700,187,298,19,18,96
ABO,2023,8,18,13,26.2,34.7,11.8,9.4,8.53,15.7,48.1,0,872,51,4.2,8,848,890,126,112,109,660,424,323,31,18,96
ABO,2023,8,18,14,26.2,36.6,12.4,10.2,8.97,16.1,49.2,0,871.9,50,3.9,7.6,750,801,151,107,105,564,586,322,39,18,96
ABO,2023,8,18,15,25.9,39.8,13.3,11.2,9.63,16.5,50.6,0,872.1,45,3.6,7.1,603,698,161,97,96,416,668,323,36,18,96
ABO,2023,8,18,16,25.6,40.2,13.2,11.1,9.56,16.3,50.1,0,871.9,42,3,6.8,494,798,95,70,68,285,801,296,25,18,96
ABO,2023,8,18,17,24.1,46.1,13.8,11.8,10,16.2,49.7,0,871.8,353,1.7,3.5,261,532,69,49,48,109,578,279,10,18,96
ABO,2023,8,18,18,22.4,49.8,13.5,11.4,9.78,15.4,47.4,0,872.1,312,1.2,2.3,35,0,35,27,28,28,27,311,45,18,96
ABO,2023,8,18,19,20.7,56.3,13.7,11.7,9.92,15,46,0,872.5,315,0.6,1.8,4,0,4,2,2,2,2,323,55,18,96
ABO,2023,8,18,20,19.9,57.2,13.3,11.2,9.63,14.5,44.4,0,872.5,284,0.6,2.2,0,0,0,0,0,0,0,330,65,18,96
ABO,2023,8,18,21,19.2,59.8,13.3,11.2,9.63,14.2,43.7,0,872.6,297,0.6,1.6,0,0,0,0,0,0,0,355,100,18,96
ABO,2023,8,18,22,19.3,59.4,13.3,11.2,9.63,14.3,43.8,0,872.7,297,0.7,1.6,0,0,0,0,0,0,0,328,69,18,96
ABO,2023,8,18,23,18.7,61.3,13.2,11.1,9.55,14,43,0,872.8,304,0.7,1.8,0,0,0,0,0,0,0,341,94,18,96
ABO,2023,8,19,0,18.6,59.6,12.8,10.6,9.26,13.7,42.2,0,872.8,284,0.6,1.7,0,0,0,0,0,0,0,334,90,18,96
ABO,2023,8,19,1,18.6,56.2,12,9.7,8.67,13.2,40.7,0,872.9,297,0.8,2,0,0,0,0,0,0,0,274,16,18,96
ABO,2023,8,19,2,18.2,54.9,11.5,9,8.31,12.7,39.4,0,872.7,297,0.6,1.7,0,0,0,0,0,0,0,277,23,18,96
ABO,2023,8,19,3,18,54.9,11.3,8.8,8.16,12.5,38.8,0,872.7,281,0.6,1.7,0,0,0,0,0,0,0,293,41,18,96
ABO,2023,8,19,4,17.9,52.7,10.8,8.1,7.79,12.1,37.7,0,872.7,315,0.8,1.9,0,0,0,0,0,0,0,263,13,18,96
ABO,2023,8,19,5,18.3,48.6,10.2,7.3,7.35,11.9,37,0,873.2,307,0.7,1.7,4,0,4,2,2,2,2,269,6,18,96
ABO,2023,8,19,6,17.8,53,10.8,8.1,7.79,12.1,37.6,0,873.6,284,0.7,1.9,68,132,37,43,160,25,25,270,13,18,96
ABO,2023,8,19,7,19.8,52.8,12.2,9.9,8.81,13.8,42.3,0,873.9,194,1,3.4,283,571,89,63,625,107,49,300,41,18,96
ABO,2023,8,19,8,21.3,49.1,12.4,10.2,8.95,14.4,44.2,0,874.2,209,1.1,2.5,479,755,104,69,766,280,70,290,25,18,96
ABO,2023,8,19,9,23.7,38.1,11.2,8.6,8.07,14.5,44.4,0,874.3,167,1,2.3,619,781,125,87,701,428,89,302,41,18,96
ABO,2023,8,19,10,26.1,30.5,10.3,7.4,7.41,14.7,45.2,0,874.4,93,2.3,5.3,643,512,262,128,488,475,126,342,75,18,96
ABO,2023,8,19,11,26.6,34.6,12,9.7,8.66,15.9,48.8,0,874.3,73,2.9,5.6,694,499,290,143,379,522,141,347,75,18,96
ABO,2023,8,19,12,26.2,38.8,13.2,11.1,9.53,16.5,50.7,0,874.4,67,2.8,6,768,625,249,137,208,593,217,341,65,18,96
ABO,2023,8,19,13,27,37.3,13.3,11.2,9.6,16.8,51.7,0,874.8,53,3.3,6,738,649,210,130,130,558,355,343,58,18,96
ABO,2023,8,19,14,26.4,44.1,15.2,13.2,10.99,17.7,54.6,0,875.1,43,3.5,7.1,539,312,311,147,151,368,380,358,88,18,96
ABO,2023,8,19,15,26.5,43.3,15,13,10.85,17.6,54.3,0,875.1,50,3.2,6.4,495,433,228,116,118,324,488,338,63,18,96
ABO,2023,8,19,16,26.4,40.7,14,12,10.11,17,52.3,0,875.1,43,2.7,5.2,475,784,84,65,63,274,778,299,10,18,96
ABO,2023,8,19,17,25,47.3,15,13,10.85,17.1,52.8,0,875.1,13,1.3,3.9,247,511,65,45,45,103,552,322,31,18,96
ABO,2023,8,19,18,23.7,53.5,15.7,13.7,11.36,17.1,52.8,0,875.2,310,0.9,1.9,44,0,44,25,26,26,24,349,71,18,96
ABO,2023,8,19,19,22.4,56.7,15.4,13.4,11.14,16.5,50.8,0,875.4,315,0.7,2.1,3,0,3,1,1,1,1,334,58,18,96
ABO,2023,8,19,20,21.4,59.5,15.2,13.2,10.99,16.1,49.4,0,875.8,301,0.7,1.7,0,0,0,0,0,0,0,338,71,18,96
ABO,2023,8,19,21,20.9,61.4,15.2,13.2,10.98,15.9,48.9,0,876.2,307,0.8,2,0,0,0,0,0,0,0,325,59,18,96
ABO,2023,8,19,22,19.6,65.7,15,13,10.84,15.4,47.2,0,876,304,0.6,1.6,0,0,0,0,0,0,0,287,13,18,96
ABO,2023,8,19,23,19.6,65.2,14.9,12.9,10.76,15.3,47,0,876,297,0.7,2,0,0,0,0,0,0,0,273,0,18,96
ABO,2023,8,20,0,19.4,65.2,14.7,12.7,10.62,15.1,46.4,0,875.9,297,0.8,2.1,0,0,0,0,0,0,0,269,0,18,96
ABO,2023,8,20,1,19.2,64.7,14.4,12.4,10.4,14.9,45.7,0,875.9,281,0.6,1.7,0,0,0,0,0,0,0,266,0,18,96
ABO,2023,8,20,2,18.8,65.9,14.3,12.3,10.32,14.7,45.1,0,875.9,304,0.6,1.7,0,0,0,0,0,0,0,267,0,18,96
ABO,2023,8,20,3,18.9,61.7,13.5,11.4,9.74,14.2,43.7,0,875.8,301,0.8,1.8,0,0,0,0,0,0,0,267,0,18,96
ABO,2023,8,20,4,18.9,61.3,13.4,11.3,9.66,14.2,43.5,0,876,307,0.8,1.9,0,0,0,0,0,0,0,268,0,18,96
ABO,2023,8,20,5,18.6,61.7,13.2,11.1,9.51,14,42.8,0,876.3,323,0.7,1.5,2,0,2,1,1,1,1,289,28,18,96
ABO,2023,8,20,6,18.9,63.8,13.9,11.9,10.02,14.5,44.4,0,876.4,297,0.6,1.7,75,138,44,44,167,27,26,303,39,18,96
ABO,2023,8,20,7,20.8,60.2,14.8,12.8,10.68,15.7,48,0,876.5,197,1.2,3.6,297,655,78,62,702,107,48,278,10,18,96
ABO,2023,8,20,8,23.2,51.6,14.7,12.7,10.61,16.4,50.3,0,876.5,187,1,2.2,472,770,91,67,769,278,69,272,0,18,96
ABO,2023,8,20,9,25,45.2,14.3,12.3,10.31,16.8,51.4,0,876.9,79,2.1,3.7,627,815,112,86,715,440,89,274,0,18,96
ABO,2023,8,20,10,26.1,40.9,13.8,11.8,9.94,16.8,51.6,0,877,75,2.7,4.9,748,840,127,101,590,570,104,280,0,18,96
ABO,2023,8,20,11,26.8,40.3,14.2,12.2,10.24,17.3,53.1,0,877.1,59,3.3,6.7,832,876,126,110,411,658,113,289,0,18,96
ABO,2023,8,20,12,27.6,36,13.3,11.2,9.58,17,52.2,0,876.9,50,4.2,7.9,866,906,116,112,177,692,184,299,0,18,96
ABO,2023,8,20,13,27.2,39.6,14.3,12.3,10.31,17.4,53.7,0,876.8,50,4.1,7.1,829,860,136,112,109,656,416,320,10,18,96
ABO,2023,8,20,14,27.2,40.2,14.5,12.5,10.46,17.6,54,0,876.7,50,3.9,6.8,715,747,165,109,107,541,570,331,45,18,96
ABO,2023,8,20,15,27.4,39.7,14.5,12.5,10.46,17.6,54.3,0,876.6,41,3.2,6.5,628,788,130,91,89,443,709,324,43,18,96
ABO,2023,8,20,16,27.2,40.7,14.7,12.7,10.61,17.7,54.4,0,876.6,49,2,4.6,476,720,122,73,72,289,753,310,40,18,96
ABO,2023,8,20,17,26,45.4,15.3,13.3,11.05,17.6,54.3,0,876.7,270,1.1,2.6,200,333,76,51,51,99,380,312,33,18,96
ABO,2023,8,20,18,24.7,49.7,15.5,13.5,11.19,17.3,53.4,0,876.8,311,1,2.1,35,0,35,26,26,26,25,324,29,18,96
ABO,2023,8,20,19,22.9,52.9,14.8,12.8,10.67,16.4,50.2,0,877.2,309,0.8,2,3,0,3,2,2,2,1,299,10,18,96
ABO,2023,8,20,20,21.4,58,14.8,12.8,10.67,15.9,48.6,0,877.8,292,0.8,2,0,0,0,0,0,0,0,286,0,18,96
ABO,2023,8,20,21,20.8,60.2,14.8,12.8,10.66,15.7,48,0,878,297,0.6,1.8,0,0,0,0,0,0,0,283,0,18,96
ABO,2023,8,20,22,20.4,60.5,14.5,12.5,10.44,15.4,47,0,878,301,0.8,1.7,0,0,0,0,0,0,0,280,0,18,96
ABO,2023,8,20,23,20.1,61.6,14.5,12.5,10.45,15.3,46.7,0,877.9,284,0.6,1.5,0,0,0,0,0,0,0,277,0,18,96
ABO,2023,8,21,0,19.8,64,14.8,12.8,10.67,15.3,47,0,877.6,297,0.6,1.8,0,0,0,0,0,0,0,274,0,18,96
ABO,2023,8,21,1,19.6,64.8,14.8,12.8,10.67,15.3,46.8,0,877.4,304,0.6,1.4,0,0,0,0,0,0,0,273,16,18,96
ABO,2023,8,21,2,20,61.6,14.4,12.4,10.38,15.2,46.4,0,877.6,346,0.7,1.7,0,0,0,0,0,0,0,273,0,18,96
ABO,2023,8,21,3,19.7,61.9,14.2,12.2,10.23,15,45.8,0,877.5,292,0.6,1.7,0,0,0,0,0,0,0,273,0,18,96
ABO,2023,8,21,4,19.2,63.9,14.2,12.2,10.23,14.8,45.3,0,877.4,329,0.8,2,0,0,0,0,0,0,0,273,0,18,96
ABO,2023,8,21,5,19.3,63.5,14.2,12.2,10.23,14.8,45.4,0,877.7,301,0.7,1.7,4,0,4,2,2,2,2,278,0,18,96
ABO,2023,8,21,6,19.3,63.9,14.3,12.3,10.3,14.9,45.5,0,878,297,0.7,2.8,65,120,39,40,147,25,24,284,19,18,96
ABO,2023,8,21,7,21.8,60,15.7,13.7,11.32,16.5,50.7,0,878.1,207,1.7,4.3,288,642,75,57,686,107,46,274,0,18,96
ABO,2023,8,21,8,23.7,51.1,15,13,10.81,16.7,51.3,0,878.1,180,0.9,2.3,467,765,92,65,764,279,66,276,0,18,96
ABO,2023,8,21,9,25.8,44.2,14.7,12.7,10.59,17.2,52.9,0,878.1,83,1.8,3.3,625,825,106,83,716,442,85,278,0,18,96
ABO,2023,8,21,10,26.2,45.2,15.4,13.4,11.11,17.7,54.7,0,877.9,70,3.3,5.6,750,862,116,97,589,574,100,280,0,18,96
ABO,2023,8,21,11,27,44,15.7,13.7,11.33,18.1,56.1,0,877.9,59,4,6.7,832,893,116,105,404,661,109,288,0,18,96
ABO,2023,8,21,12,27.5,44.1,16.2,14.2,11.7,18.6,57.5,0,877.7,52,4.2,7,858,897,118,108,172,690,183,298,0,18,96
ABO,2023,8,21,13,27.7,44.4,16.5,14.5,11.92,18.8,58.3,0,877.5,52,3.5,6.8,823,868,127,106,103,655,414,303,0,18,96
ABO,2023,8,21,14,28.2,44.6,17,15,12.29,19.2,59.7,0,877.3,48,4.2,7.1,747,864,113,96,93,572,597,298,0,18,96
ABO,2023,8,21,15,27.8,42.5,15.9,13.9,11.48,18.5,57.3,0,877.1,47,3.8,7,623,835,100,82,79,440,725,293,0,18,96
ABO,2023,8,21,16,27.4,43.2,15.8,13.8,11.41,18.3,56.7,0,876.9,28,2.6,5.9,459,733,100,67,65,276,742,295,29,18,96
ABO,2023,8,21,17,26.3,45.8,15.7,13.7,11.34,17.9,55.4,0,876.7,360,1.4,4.1,183,344,56,44,44,93,384,296,13,18,96
ABO,2023,8,21,18,24.6,50.7,15.7,13.7,11.34,17.4,53.6,0,876.8,325,1.3,2.4,32,0,32,24,24,24,23,292,6,18,96
ABO,2023,8,21,19,23,56.2,15.8,13.8,11.41,17,52.2,0,877,297,0.6,1.8,2,0,2,1,1,1,1,291,0,18,96
ABO,2023,8,21,20,21.7,61.2,15.9,13.9,11.48,16.6,51,0,877.1,297,0.5,1.6,0,0,0,0,0,0,0,288,0,18,96
ABO,2023,8,21,21,21.2,62.3,15.7,13.7,11.34,16.3,50.1,0,877.2,304,0.7,1.7,0,0,0,0,0,0,0,285,0,18,96
ABO,2023,8,21,22,21,62.2,15.5,13.5,11.19,16.1,49.5,0,877,297,0.6,1.7,0,0,0,0,0,0,0,283,0,18,96
ABO,2023,8,21,23,20.7,63,15.4,13.4,11.12,16,49.1,0,876.9,301,0.7,1.6,0,0,0,0,0,0,0,280,0,18,96
ABO,2023,8,22,0,20,65.7,15.4,13.4,11.12,15.7,48.3,0,876.7,304,0.6,1.4,0,0,0,0,0,0,0,277,0,18,96
ABO,2023,8,22,1,19.6,65.2,14.9,12.9,10.76,15.3,47,0,876.3,333,0.8,1.8,0,0,0,0,0,0,0,275,0,18,96
ABO,2023,8,22,2,19.5,64.8,14.7,12.7,10.61,15.2,46.5,0,876.2,323,0.9,3.9,0,0,0,0,0,0,0,275,0,18,96
ABO,2023,8,22,3,20.1,60.4,14.2,12.2,10.25,15.1,46.2,0,876.2,297,0.9,2.6,0,0,0,0,0,0,0,275,0,18,96
ABO,2023,8,22,4,19.9,61.6,14.3,12.3,10.32,15.1,46.2,0,876,309,0.8,2,0,0,0,0,0,0,0,275,0,18,96
ABO,2023,8,22,5,19.4,63.5,14.3,12.3,10.32,14.9,45.7,0,876.1,315,0.6,1.8,3,0,3,2,2,2,2,280,0,18,96
ABO,2023,8,22,6,19.4,65.2,14.7,12.7,10.61,15.1,46.4,0,876.2,326,0.7,3.7,65,128,37,39,155,24,23,280,0,18,96
ABO,2023,8,22,7,22.2,57.4,15.4,13.4,11.13,16.5,50.6,0,876.2,217,1.2,3.2,284,635,75,57,680,109,46,276,6,18,96
ABO,2023,8,22,8,24.1,51.2,15.4,13.4,11.12,17.1,52.6,0,876.5,120,1.2,2.5,460,745,96,66,749,281,67,279,0,18,96
ABO,2023,8,22,9,24.8,48.5,15.2,13.2,10.98,17.2,52.9,0,876.6,76,2.5,4.7,619,814,109,84,709,444,86,281,0,18,96
ABO,2023,8,22,10,26,45.4,15.3,13.3,11.05,17.6,54.3,0,876.6,84,2.9,5.3,747,866,112,97,588,578,100,285,0,18,96
ABO,2023,8,22,11,27,44.5,15.9,13.9,11.49,18.3,56.5,0,876.3,73,3.2,5.5,829,902,109,105,401,665,109,295,0,18,96
ABO,2023,8,22,12,27.6,46.5,17.2,15.1,12.46,19.1,59.6,0,876.1,56,3.9,7.6,853,899,114,108,171,692,182,311,6,18,96
ABO,2023,8,22,13,27.8,48,18,15.8,13.05,19.6,61.3,0,876,56,4,7.2,671,485,281,144,146,506,345,342,53,18,96
ABO,2023,8,22,14,27.9,46.9,17.6,15.5,12.76,19.4,60.6,0,875.8,54,3.6,6.6,631,530,243,124,125,473,478,356,61,18,96
ABO,2023,8,22,15,27.1,50,17.9,15.8,12.98,19.4,60.4,0,875.7,42,3.1,6.5,453,335,250,119,123,301,420,347,65,18,96
ABO,2023,8,22,16,27.1,51.3,18.4,16.2,13.35,19.6,61.3,0,875.7,39,2.2,5,373,415,164,85,86,231,476,330,53,18,96
ABO,2023,8,22,17,26.7,51.2,18,15.8,13.06,19.2,60.2,0,875.6,48,1.7,4.7,139,55,119,57,60,71,113,340,68,18,96
ABO,2023,8,22,18,25.3,58.2,18.8,16.5,13.65,19.3,60.2,0,875.6,315,0.8,1.9,46,0,46,25,26,26,24,338,48,18,96
ABO,2023,8,22,19,23.8,62.5,18.4,16.2,13.35,18.6,57.9,0,875.8,307,0.7,1.6,1,0,1,1,1,1,0,331,25,18,96
ABO,2023,8,22,20,22.4,64.2,17.4,15.3,12.6,17.6,54.6,0,876.1,259,0.8,1.8,0,0,0,0,0,0,0,297,0,18,96
ABO,2023,8,22,21,21.7,65.7,17,15,12.31,17.2,53.1,0,876.2,288,0.5,1.4,0,0,0,0,0,0,0,289,0,18,96
ABO,2023,8,22,22,21.5,65.2,16.7,14.7,12.09,17,52.3,0,876.1,304,0.6,1.5,0,0,0,0,0,0,0,286,0,18,96
ABO,2023,8,22,23,21,66.4,16.5,14.5,11.94,16.7,51.5,0,875.8,315,0.7,1.7,0,0,0,0,0,0,0,283,29,18,96
ABO,2023,8,23,0,21,66,16.4,14.4,11.88,16.7,51.3,0,875.4,293,0.9,1.9,0,0,0,0,0,0,0,280,33,18,96
ABO,2023,8,23,1,20.4,66.7,16,14,11.58,16.2,49.9,0,875.1,297,0.6,1.7,0,0,0,0,0,0,0,278,0,18,96
ABO,2023,8,23,2,20.2,64.1,15.2,13.2,10.99,15.7,48.2,0,875.2,346,0.7,2,0,0,0,0,0,0,0,278,0,18,96
ABO,2023,8,23,3,20.3,60.4,14.4,12.4,10.41,15.3,46.8,0,875.1,323,0.7,2.1,0,0,0,0,0,0,0,278,0,18,96
ABO,2023,8,23,4,19.8,62.8,14.5,12.5,10.48,15.2,46.5,0,874.9,297,0.6,1.3,0,0,0,0,0,0,0,278,0,18,96
ABO,2023,8,23,5,19.3,65.6,14.7,12.7,10.63,15.1,46.4,0,874.9,297,0.6,1.3,3,0,3,2,2,2,2,283,0,18,96
ABO,2023,8,23,6,19.2,66.9,14.9,12.9,10.77,15.2,46.6,0,875.1,326,0.7,2.3,65,132,36,38,158,24,23,283,0,18,96
ABO,2023,8,23,7,20.9,62.2,15.4,13.4,11.14,16,49.3,0,875.2,201,0.9,2.2,281,638,73,56,683,110,45,279,6,18,96
ABO,2023,8,23,8,22.8,54,15,13,10.84,16.4,50.5,0,875.5,173,0.9,2.1,453,729,100,67,739,283,68,299,23,18,96
ABO,2023,8,23,9,24.7,50.7,15.8,13.8,11.43,17.5,54,0,875.6,117,1.5,3.5,616,816,108,84,711,449,87,287,13,18,96
ABO,2023,8,23,10,26.1,45.8,15.5,13.5,11.21,17.8,54.8,0,875.4,88,2.4,4.2,741,853,118,99,587,581,102,283,0,18,96
ABO,2023,8,23,11,27.3,46.7,16.9,14.9,12.25,18.9,58.7,0,875.1,75,2.9,4.5,823,886,118,108,404,669,111,289,0,18,96
ABO,2023,8,23,12,28,47.5,18,15.8,13.07,19.6,61.5,0,874.9,69,3.2,5,844,874,129,112,177,694,188,299,0,18,96
ABO,2023,8,23,13,28.1,51,19.4,17,14.11,20.4,64.3,0,874.8,54,4,7.2,818,875,123,108,104,665,418,303,6,18,96
ABO,2023,8,23,14,27.7,51.8,19.2,16.9,13.96,20.2,63.5,0,874.8,54,4.4,8.2,744,856,123,100,97,584,606,319,38,18,96
ABO,2023,8,23,15,27.5,50.8,18.7,16.4,13.58,19.8,62.3,0,874.9,51,3.7,7.6,496,487,198,110,111,338,507,331,63,18,96
ABO,2023,8,23,16,27.3,46.7,16.9,14.9,12.25,18.9,58.7,0,875,36,3.1,6.3,458,761,92,66,64,285,767,294,23,18,96
ABO,2023,8,23,17,26.8,44.8,15.8,13.8,11.44,18.1,56.1,0,875,360,2.2,5.7,178,340,55,44,44,95,381,288,6,18,96
ABO,2023,8,23,18,24.9,50.8,16,14,11.58,17.7,54.5,0,875.2,329,0.8,2.9,32,0,32,23,23,23,22,289,0,18,96
ABO,2023,8,23,19,23.1,55.8,15.8,13.8,11.43,17,52.3,0,875.3,297,1,2,0,0,0,0,0,0,0,288,0,18,96
ABO,2023,8,23,20,21.8,60.4,15.8,13.8,11.43,16.6,51,0,875.5,284,0.6,1.8,0,0,0,0,0,0,0,284,20,18,96
ABO,2023,8,23,21,21.1,62.6,15.7,13.7,11.36,16.3,50.1,0,875.7,297,0.5,1.4,0,0,0,0,0,0,0,281,40,18,96
ABO,2023,8,23,22,20.6,63.4,15.4,13.4,11.14,15.9,49,0,875.4,307,0.7,2.1,0,0,0,0,0,0,0,278,33,18,96
ABO,2023,8,23,23,20.6,62.5,15.2,13.2,11,15.8,48.6,0,875,292,0.8,1.9,0,0,0,0,0,0,0,275,25,18,96
ABO,2023,8,24,0,20.3,62.1,14.8,12.8,10.71,15.5,47.6,0,874.6,288,0.7,1.6,0,0,0,0,0,0,0,271,25,18,96
ABO,2023,8,24,1,19.5,61.5,13.9,11.9,10.05,14.7,45.1,0,874.1,297,0.8,2.2,0,0,0,0,0,0,0,298,40,18,96
ABO,2023,8,24,2,19.7,53.1,12.2,9.9,8.81,13.7,42.2,0,873.7,301,0.7,1.8,0,0,0,0,0,0,0,269,10,18,96
ABO,2023,8,24,3,20.2,45.6,10.8,8.1,7.79,13,40.1,0,873.4,284,0.7,1.9,0,0,0,0,0,0,0,268,0,18,96
ABO,2023,8,24,4,19.7,45.8,10.5,7.7,7.57,12.6,39,0,872.9,301,0.8,2.1,0,0,0,0,0,0,0,268,0,18,96
ABO,2023,8,24,5,20.4,45.1,10.8,8.1,7.79,13.1,40.3,0,872.9,288,0.8,2,3,0,3,1,2,1,1,273,6,18,96
ABO,2023,8,24,6,20.7,47,11.5,9,8.3,13.6,41.9,0,873.1,34,0.7,1.9,63,130,36,37,156,23,22,278,13,18,96
ABO,2023,8,24,7,22.4,49.1,13.3,11.2,9.62,15.3,47,0,873.2,196,1.8,4.8,280,640,74,54,686,112,45,268,0,18,96
ABO,2023,8,24,8,25.1,43.7,13.9,11.9,10.07,16.6,50.9,0,872.8,212,1.1,2.8,458,757,93,65,759,289,67,270,0,18,96
ABO,2023,8,24,9,27.6,36.5,13.5,11.4,9.77,17.1,52.7,0,872.7,120,1.2,3,614,812,111,84,710,453,86,277,0,18,96
ABO,2023,8,24,10,29.3,34.2,13.9,11.9,10.07,17.9,55.2,0,872.4,94,1.6,3.6,742,862,116,98,588,588,101,288,0,18,96
ABO,2023,8,24,11,28.6,35.8,14,12,10.15,17.7,54.7,0,872.1,65,3.2,6.4,822,886,119,107,403,674,110,305,6,18,96
ABO,2023,8,24,12,29.1,32.8,13.2,11.1,9.56,17.4,53.7,0,871.9,72,4,7.3,842,872,132,111,174,698,191,333,33,18,96
ABO,2023,8,24,13,30.1,32.9,14,12,10.15,18.2,56.2,0,871.6,66,3.2,7.6,650,471,281,145,147,491,368,352,64,18,96
ABO,2023,8,24,14,28.3,43.8,16.8,14.8,12.23,19.1,59.7,0,871.3,67,3.7,7.5,510,292,303,146,151,350,358,369,75,18,96
ABO,2023,8,24,15,28.6,43,16.8,14.8,12.23,19.2,60,0,870.9,68,2.8,5.4,265,83,211,101,105,159,171,376,88,18,96
ABO,2023,8,24,16,28.3,41.6,16,14,11.64,18.7,58.2,0,871.1,62,1.9,4.1,60,0,60,29,31,30,27,375,100,18,96
ABO,2023,8,24,17,28.2,38.9,14.9,12.9,10.82,18.1,56,0,871.7,247,1.9,6.5,45,0,45,22,23,23,21,373,100,18,96
ABO,2023,8,24,18,27.3,34.3,12.4,10.2,8.98,16.4,50.4,0,871.4,223,2.8,10.6,25,0,25,12,13,13,12,372,100,18,96
ABO,2023,8,24,19,25.8,39.2,13,10.9,9.42,16.3,50,0,871.3,264,1.2,3.1,0,0,0,0,0,0,0,370,94,18,96
ABO,2023,8,24,20,22.7,52.2,14.4,12.4,10.44,16.1,49.4,0,872,180,1.3,5.1,0,0,0,0,0,0,0,336,63,18,96
ABO,2023,8,24,21,21.9,53,13.9,11.9,10.07,15.5,47.6,0,872.3,277,0.9,2.6,0,0,0,0,0,0,0,325,48,18,96
ABO,2023,8,24,22,20.3,58.5,13.9,11.9,10.08,15,46,0,871.9,284,0.8,2,0,0,0,0,0,0,0,338,74,18,96
ABO,2023,8,24,23,20.6,55.6,13.5,11.4,9.79,14.8,45.6,0,871.2,238,1.4,5.9,0,0,0,0,0,0,0,301,38,18,96
ABO,2023,8,25,0,23.6,43,12.5,10.3,9.06,15.3,46.8,0,870.8,243,3.9,9.1,0,0,0,0,0,0,0,295,44,18,96
ABO,2023,8,25,1,25.7,37.7,12.4,10.2,8.99,15.9,48.8,0,870.5,253,4,9.3,0,0,0,0,0,0,0,317,63,18,96
ABO,2023,8,25,2,25.1,38.3,12.2,9.9,8.85,15.6,47.8,0,870,247,3.7,7.4,0,0,0,0,0,0,0,284,16,18,96
ABO,2023,8,25,3,23.9,42,12.4,10.2,9,15.3,46.9,0,869.7,248,2.9,8.3,0,0,0,0,0,0,0,272,0,18,96
ABO,2023,8,25,4,22.1,47.7,12.7,10.5,9.22,14.9,45.7,0,869.1,240,1.7,6.1,0,0,0,0,0,0,0,273,0,18,96
ABO,2023,8,25,5,22,46.1,12.2,9.9,8.86,14.5,44.6,0,868.9,241,1.4,4.2,0,0,0,0,0,0,0,288,29,18,96
ABO,2023,8,25,6,22.4,45,12.2,9.9,8.85,14.7,45,0,869.6,235,3.7,7.5,64,121,38,36,148,23,22,313,48,18,96
ABO,2023,8,25,7,24.7,41.9,13,10.9,9.44,15.9,48.9,0,869.4,229,2.7,6.5,205,283,122,68,356,89,57,324,75,18,96
ABO,2023,8,25,8,20.3,62.5,14.9,12.9,10.82,15.6,47.9,0,871.8,60,4.6,12.2,359,363,187,89,456,229,87,336,75,18,96
ABO,2023,8,25,9,21,60.2,15,13,10.89,15.8,48.8,0,872,130,1.9,4.3,548,584,187,99,588,407,99,336,75,18,96
ABO,2023,8,25,10,21.5,58,14.9,12.9,10.81,16,49.1,0,872.5,90,1.6,3.4,206,184,80,44,173,151,44,357,94,18,96
ABO,2023,8,25,11,18.3,72.1,15.2,13.2,11.03,15,46.4,3.2,872.3,210,3.2,9.4,272,66,219,105,142,167,100,365,100,18,96
ABO,2023,8,25,12,19.7,72.4,16.6,14.6,12.08,16.4,50.5,0,871.4,90,1.5,3.5,627,387,313,156,188,470,237,359,88,18,96
ABO,2023,8,25,13,21.1,67.3,16.8,14.8,12.22,16.9,52.3,0,871.7,74,2.7,5.1,626,474,250,131,133,486,327,356,81,18,96
ABO,2023,8,25,14,20.2,66.7,15.8,13.8,11.51,16,49.5,0,870,59,3.2,7,465,196,325,154,160,306,300,369,100,18,96
ABO,2023,8,25,15,21.6,61.2,15.8,13.8,11.52,16.5,51,0,869.1,6,1.5,4.3,538,596,178,98,98,392,598,334,59,18,96
ABO,2023,8,25,16,22.5,56.8,15.5,13.5,11.31,16.6,51.4,0,868.3,153,1.3,4,439,738,92,64,63,281,746,304,13,18,96
ABO,2023,8,25,17,21.4,63.5,16.2,14.2,11.83,16.7,51.6,0,867.7,288,1.3,2.4,188,334,71,48,48,102,381,329,56,18,96
ABO,2023,8,25,18,20.6,70.7,17.2,15.1,12.57,17,52.6,0,868,360,1.1,3.2,27,0,27,13,14,14,13,364,100,18,96
ABO,2023,8,25,19,19.9,73.9,17.2,15.1,12.57,16.7,51.9,0,868.4,180,1,3.5,0,0,0,0,0,0,0,362,100,18,96
ABO,2023,8,25,20,19.8,72,16.6,14.6,12.12,16.4,50.7,0,868.4,315,1.3,3.7,0,0,0,0,0,0,0,360,100,18,96
ABO,2023,8,25,21,20.2,65.4,15.5,13.5,11.3,15.9,49,0,868.6,27,2.5,12.3,0,0,0,0,0,0,0,357,100,18,96
ABO,2023,8,25,22,21.1,55.3,13.8,11.8,10.05,15.2,46.7,0,868.2,219,2.5,8.8,0,0,0,0,0,0,0,355,100,18,96
ABO,2023,8,25,23,18.8,72.7,15.8,13.8,11.53,15.6,48.1,0,868.5,79,2.2,8.1,0,0,0,0,0,0,0,352,100,18,96
ABO,2023,8,26,0,17.1,85.2,16.6,14.6,12.12,15.5,47.9,0,868.3,66,2.6,9.5,0,0,0,0,0,0,0,345,94,18,96
ABO,2023,8,26,1,16.6,84.6,16,14,11.67,14.9,46.2,0,868.6,248,1,2.4,0,0,0,0,0,0,0,330,81,18,96
ABO,2023,8,26,2,16.2,85.7,15.8,13.8,11.52,14.7,45.4,0,868.7,236,0.8,2.3,0,0,0,0,0,0,0,338,88,18,96
ABO,2023,8,26,3,16.5,84.6,15.9,13.9,11.6,14.8,45.9,0,868.8,230,0.9,1.9,0,0,0,0,0,0,0,338,100,18,96
ABO,2023,8,26,4,15.4,86.7,15.2,13.2,11.08,14,43.5,0,868.5,270,0.8,1.8,0,0,0,0,0,0,0,308,49,18,96
ABO,2023,8,26,5,14.9,85,14.4,12.4,10.5,13.3,41.5,0,867.8,281,0.9,3.5,0,0,0,0,0,0,0,303,48,18,96
ABO,2023,8,26,6,14.4,84.9,13.9,11.9,10.12,12.9,40.1,0,867.9,90,1,3,65,130,39,36,156,22,21,316,64,18,96
ABO,2023,8,26,7,15.1,86.1,14.8,12.8,10.79,13.7,42.5,0,867.9,124,1.2,3.2,179,218,119,67,286,75,56,315,63,18,96
ABO,2023,8,26,8,16.5,84.1,15.8,13.8,11.54,14.8,45.8,0,867.5,126,1.1,4.1,330,281,197,94,381,207,91,332,60,18,96
ABO,2023,8,26,9,17.3,84.2,16.6,14.6,12.14,15.5,48.1,0,867.2,65,2.3,5.6,240,95,181,86,178,149,82,347,94,18,96
ABO,2023,8,26,10,16.6,88.5,16.7,14.7,12.2,15.4,47.6,0,868.2,69,2.1,6.2,117,0,117,57,60,59,54,349,100,18,96
ABO,2023,8,26,11,16.5,90.8,17,15,12.42,15.5,48,1.3,868.1,48,3.3,8.5,143,0,143,69,73,72,66,350,100,18,96
ABO,2023,8,26,12,15.8,95,17,15,12.42,15.3,47.3,2.8,868.7,51,3,7.1,108,1,107,52,55,55,49,351,100,18,96
ABO,2023,8,26,13,15.5,86.7,15.3,13.3,11.15,14.1,43.8,3.6,869,257,1.8,5.6,56,0,56,27,29,28,26,351,100,18,96
ABO,2023,8,26,14,15.7,77.6,13.8,11.8,10.05,13.3,41.2,1.8,867.7,216,3.9,10.6,131,1,130,64,67,67,60,350,100,18,96
ABO,2023,8,26,15,17.2,75.3,14.8,12.8,10.8,14.4,44.7,0,867,221,1.5,5,470,603,114,78,78,342,562,325,53,18,96
ABO,2023,8,26,16,17.9,74,15.2,13.2,11.1,14.9,46.1,0,867.1,59,2.3,7.3,442,720,103,67,66,291,737,307,45,18,96
ABO,2023,8,26,17,15.6,86.7,15.4,13.4,11.24,14.2,44.1,0,867.4,62,2.3,5,145,127,103,52,54,77,182,327,71,18,96
ABO,2023,8,26,18,14.9,91.3,15.5,13.5,11.32,14,43.6,0,867.4,66,1.9,4.1,25,0,25,13,13,13,12,347,100,18,96
ABO,2023,8,26,19,14.6,92.5,15.4,13.4,11.25,13.8,43.1,0,867.2,65,1.9,4,0,0,0,0,0,0,0,346,100,18,96
ABO,2023,8,26,20,14.5,93.1,15.4,13.4,11.25,13.8,43,0,867.2,169,0.7,1.7,0,0,0,0,0,0,0,344,100,18,96
ABO,2023,8,26,21,14.6,91.9,15.3,13.3,11.18,13.8,42.9,0,866.4,135,0.6,2,0,0,0,0,0,0,0,343,100,18,96
ABO,2023,8,26,22,14.4,92.5,15.2,13.2,11.11,13.6,42.6,0,866.3,188,0.8,2.9,0,0,0,0,0,0,0,341,100,18,96
ABO,2023,8,26,23,14.4,91.3,15,13,10.96,13.5,42.2,1.3,866.3,72,0.7,1.8,0,0,0,0,0,0,0,340,100,18,96
ABO,2023,8,27,0,14.2,93.7,15.2,13.2,11.12,13.6,42.4,0.9,865.1,41,2,5.3,0,0,0,0,0,0,0,339,100,18,96
ABO,2023,8,27,1,13.2,88.8,13.5,11.4,9.84,12.1,38.1,8.3,866.8,21,4.3,10.6,0,0,0,0,0,0,0,338,100,19,96
ABO,2023,8,27,2,11.9,89.3,12.4,10.2,9.02,10.9,34.7,3.5,867.1,270,1.2,5.3,0,0,0,0,0,0,0,337,100,19,96
ABO,2023,8,27,3,11.2,92.3,12.3,10,8.96,10.5,33.8,0.6,866.2,158,0.9,1.9,0,0,0,0,0,0,0,336,100,19,96
ABO,2023,8,27,4,11.1,89.9,11.9,9.5,8.67,10.2,33,0.4,865.3,180,0.5,1.6,0,0,0,0,0,0,0,336,100,19,96
ABO,2023,8,27,5,10.9,92.3,12,9.7,8.75,10.2,33,0.2,865.2,0,0.7,1.9,0,0,0,0,0,0,0,335,100,19,96
ABO,2023,8,27,6,11,90.5,11.9,9.5,8.68,10.1,32.9,0,864.5,216,1.1,3.2,42,0,42,22,23,23,21,331,94,19,96
ABO,2023,8,27,7,11.3,89.9,12,9.7,8.75,10.4,33.4,0.1,864.9,169,0.8,3,75,10,71,35,48,38,33,334,100,19,96
ABO,2023,8,27,8,11.8,90.5,12.5,10.3,9.12,10.9,34.9,0,864.7,81,0.8,2.1,103,3,101,49,55,53,47,334,100,19,96
ABO,2023,8,27,9,12.8,85.9,12.7,10.5,9.27,11.4,36.3,0.3,865.1,117,0.6,2.1,156,2,155,76,81,80,71,334,100,19,96
ABO,2023,8,27,10,12.7,88.8,13,10.9,9.49,11.6,36.7,0.5,865.1,90,1.2,3.4,137,0,137,67,71,70,63,334,100,19,96
ABO,2023,8,27,11,13.4,87.7,13.5,11.4,9.87,12.2,38.4,0.2,864.2,56,1.4,3.4,291,32,266,130,152,163,123,334,100,19,96
ABO,2023,8,27,12,12.8,89.4,13.2,11.1,9.65,11.8,37.2,0,864.3,49,4.3,8.4,331,48,292,142,168,191,135,334,100,19,96
ABO,2023,8,27,13,12.8,84.8,12.5,10.3,9.12,11.3,35.9,0,864.8,34,3,6.8,79,0,79,39,41,40,36,334,100,19,96
ABO,2023,8,27,14,12.1,93.6,13.2,11.1,9.64,11.5,36.5,0.4,865,95,1.4,3.2,50,0,50,24,26,25,23,333,100,19,96
ABO,2023,8,27,15,12.3,92.4,13.2,11.1,9.64,11.6,36.7,0.6,865.1,54,2.1,6.9,62,0,62,30,32,31,28,332,100,19,96
ABO,2023,8,27,16,11.2,92.3,12.3,10,8.96,10.5,33.9,1.8,865.8,35,4.1,8.6,69,0,69,34,36,35,32,331,100,19,96
ABO,2023,8,27,17,10.5,89.8,11.4,8.9,8.3,9.6,31.5,1.8,866.1,25,4.1,9.1,23,0,23,11,12,12,11,330,100,19,96
ABO,2023,8,27,18,9.8,93.5,11.3,8.8,8.22,9.2,30.6,0.4,866.2,50,2.7,5.5,19,0,19,9,10,10,9,329,100,19,96
ABO,2023,8,27,19,9.7,94.1,11.3,8.8,8.22,9.2,30.4,0,866.6,72,1.5,4,0,0,0,0,0,0,0,328,100,19,96
ABO,2023,8,27,20,9.9,91.6,11.2,8.6,8.15,9.2,30.5,0.6,866.4,153,0.5,1.4,0,0,0,0,0,0,0,327,100,19,96
ABO,2023,8,27,21,9.9,93.5,11.4,8.9,8.3,9.3,30.8,0.9,866.1,77,1.1,3,0,0,0,0,0,0,0,326,100,19,96
ABO,2023,8,27,22,9.7,95.4,11.5,9,8.37,9.3,30.8,0.8,865.9,57,1.8,5.2,0,0,0,0,0,0,0,325,100,19,96
ABO,2023,8,27,23,9.7,92.8,11.2,8.6,8.16,9.1,30.3,1.6,865.2,36,2.9,6,0,0,0,0,0,0,0,324,100,19,96
ABO,2023,8,28,0,9.6,90.4,10.8,8.1,7.87,8.8,29.5,0.7,864.3,27,3.2,7.5,0,0,0,0,0,0,0,321,94,19,96
ABO,2023,8,28,1,9.1,89.1,10.3,7.4,7.51,8.2,28,1,863.9,17,3.5,7.4,0,0,0,0,0,0,0,322,100,18,96
ABO,2023,8,28,2,8.9,94.1,10.7,8,7.81,8.4,28.6,3.6,863,25,2.3,6.5,0,0,0,0,0,0,0,321,100,18,96
ABO,2023,8,28,3,8.9,94.7,10.8,8.1,7.89,8.5,28.8,3.7,862.1,57,2.1,4.9,0,0,0,0,0,0,0,319,100,18,96
ABO,2023,8,28,4,9,94.7,10.9,8.2,7.97,8.6,29.1,4,861.3,45,2.8,6,0,0,0,0,0,0,0,317,100,18,96
ABO,2023,8,28,5,8.8,95.4,10.8,8.1,7.89,8.4,28.7,6.6,861.7,53,2.7,6.9,0,0,0,0,0,0,0,316,100,18,96
ABO,2023,8,28,6,8.2,94,10.2,7.3,7.45,7.7,27,7,861.9,65,2.4,7,9,0,9,4,5,5,4,314,100,18,96
ABO,2023,8,28,7,7.7,93.4,9.8,6.7,7.15,7.2,25.7,5.1,862.3,73,1.5,3.7,48,1,48,24,25,25,22,313,100,18,96
ABO,2023,8,28,8,7.5,93.4,9.7,6.5,7.08,7,25.3,3.5,861.9,72,1.1,3.5,74,0,74,36,38,38,34,312,100,18,96
ABO,2023,8,28,9,7.2,90.8,9.2,5.8,6.71,6.5,24.1,3.7,862,180,0.8,2.6,100,0,100,49,52,51,46,310,100,18,96
ABO,2023,8,28,10,7.3,92.1,9.4,6.1,6.86,6.7,24.6,3.4,862.1,129,1,3.2,85,0,85,42,44,43,39,309,100,18,96
ABO,2023,8,28,11,7.5,89,9.2,5.8,6.71,6.6,24.4,2.2,861.7,53,1.6,6.4,95,0,95,46,49,48,44,308,100,18,96
ABO,2023,8,28,12,8.3,90.3,9.9,6.8,7.23,7.5,26.5,0.4,861.5,40,2.8,5.8,92,0,92,45,47,47,42,307,100,18,96
ABO,2023,8,28,13,8.4,90.9,10,7,7.3,7.6,26.8,1.1,861.6,54,2.5,5,168,0,168,82,86,85,77,306,100,18,96
ABO,2023,8,28,14,8.2,92.1,10,7,7.3,7.6,26.6,1.5,862,54,2.4,5.5,61,0,61,30,31,31,28,305,100,18,96
ABO,2023,8,28,15,7.9,92.1,9.8,6.7,7.15,7.3,25.9,1.7,862.1,70,2.1,4.2,34,0,34,17,18,17,16,304,100,18,96
ABO,2023,8,28,16,7.8,94.7,10,7,7.3,7.4,26.2,1.6,862.5,77,1.9,4.3,66,0,66,32,34,34,30,303,100,18,96
ABO,2023,8,28,17,7.6,94,9.8,6.7,7.15,7.1,25.6,2.9,862.9,45,2.2,6.6,35,0,35,17,18,18,16,303,100,18,96
ABO,2023,8,28,18,7.5,91.5,9.5,6.2,6.92,6.8,24.9,2.2,863.1,41,2.4,5.6,10,0,10,5,5,5,5,302,100,18,96
ABO,2023,8,28,19,7.3,94.7,9.7,6.5,7.07,6.9,25.1,2.1,863.5,43,2.2,5.6,0,0,0,0,0,0,0,302,100,18,96
ABO,2023,8,28,20,7,92.7,9.3,5.9,6.77,6.4,24,1.8,863.7,37,2.1,5.9,0,0,0,0,0,0,0,302,100,18,96
ABO,2023,8,28,21,7,92.1,9.2,5.8,6.7,6.4,23.9,1.4,863.6,48,1.4,4,0,0,0,0,0,0,0,302,100,18,96
ABO,2023,8,28,22,6.8,91.4,9,5.5,6.55,6.1,23.3,1.3,863.5,51,1.5,4.8,0,0,0,0,0,0,0,303,100,18,96
ABO,2023,8,28,23,6.7,92,9,5.5,6.55,6.1,23.2,1.3,863.2,36,1.5,2.9,0,0,0,0,0,0,0,303,100,18,96
ABO,2023,8,29,0,6.5,95.3,9.2,5.8,6.7,6.1,23.4,0.9,862.9,83,0.9,2.2,0,0,0,0,0,0,0,303,100,18,96
ABO,2023,8,29,1,6.6,94.6,9.2,5.8,6.7,6.2,23.5,0.8,862.8,108,0.7,2,0,0,0,0,0,0,0,303,100,18,96
ABO,2023,8,29,2,6.4,92.7,8.9,5.3,6.48,5.8,22.7,0.8,862.7,188,0.8,2.2,0,0,0,0,0,0,0,303,100,18,96
ABO,2023,8,29,3,6.4,94,9,5.5,6.56,5.9,22.9,0.6,862.7,117,1,4.1,0,0,0,0,0,0,0,303,100,18,96
ABO,2023,8,29,4,6.5,95.3,9.2,5.8,6.71,6.1,23.4,1.1,862.5,52,1.9,4.5,0,0,0,0,0,0,0,303,100,18,96
ABO,2023,8,29,5,6.4,94,9,5.5,6.56,5.9,22.9,0.7,862.7,47,2.2,4.2,0,0,0,0,0,0,0,303,100,18,96
ABO,2023,8,29,6,6.3,94.6,9,5.5,6.56,5.9,22.8,0.6,863,61,2.2,5.3,15,0,15,7,8,8,7,303,100,18,96
ABO,2023,8,29,7,6.5,95.3,9.2,5.8,6.7,6.1,23.4,0.2,863.3,54,2,4.3,163,179,105,50,240,90,49,303,100,18,96
ABO,2023,8,29,8,7,92.1,9.2,5.8,6.7,6.4,23.9,0.1,863.5,56,2,4.2,151,14,145,70,88,79,67,303,100,18,96
ABO,2023,8,29,9,7.1,93.3,9.4,6.1,6.84,6.6,24.3,0.5,863.9,60,2.3,5.1,223,51,190,91,141,131,87,302,100,18,96
ABO,2023,8,29,10,7.4,85.3,8.8,5.1,6.4,6.2,23.5,0.1,864,63,1,3.3,343,50,308,149,196,193,141,304,100,18,96
ABO,2023,8,29,11,8.3,80.2,8.8,5.1,6.4,6.6,24.4,0,864,157,1,3,201,3,199,97,104,103,91,306,100,18,96
ABO,2023,8,29,12,8.7,75.4,8.5,4.6,6.18,6.6,24.3,0,864,84,1.5,4.2,74,0,74,36,38,37,34,308,100,18,96
ABO,2023,8,29,13,8.4,85.4,9.4,6.1,6.84,7.2,25.6,0.1,864.3,93,1.9,3.6,110,0,110,54,57,56,51,310,100,18,96
ABO,2023,8,29,14,8.6,82.5,9.2,5.8,6.69,7.1,25.5,0.2,864,151,1.1,2.7,164,0,164,80,84,83,76,309,100,18,96
ABO,2023,8,29,15,9,80.9,9.3,5.9,6.77,7.4,26.1,0,864,119,1.2,3,183,2,182,89,94,94,85,309,100,18,96
ABO,2023,8,29,16,8.9,86.1,9.8,6.7,7.13,7.7,26.9,0.2,864.2,57,1.9,4.3,110,2,109,53,56,56,52,309,100,18,96
ABO,2023,8,29,17,8.7,89.1,10,7,7.28,7.8,27.1,0,864.3,86,1.7,3.1,75,3,74,36,38,38,37,309,100,18,96
ABO,2023,8,29,18,8.3,89.6,9.8,6.7,7.13,7.4,26.3,0,864.6,95,1.3,3,11,0,11,6,6,6,5,309,100,18,96
ABO,2023,8,29,19,8.2,90.3,9.8,6.7,7.13,7.4,26.2,0,864.7,143,0.7,1.7,0,0,0,0,0,0,0,308,100,18,96
ABO,2023,8,29,20,8.1,90.9,9.8,6.7,7.13,7.3,26.1,0,864.7,171,0.7,1.8,0,0,0,0,0,0,0,305,100,18,96
ABO,2023,8,29,21,8,91.5,9.8,6.7,7.13,7.3,26,0,864.6,196,0.7,1.7,0,0,0,0,0,0,0,301,100,18,96
ABO,2023,8,29,22,7.9,92.1,9.8,6.7,7.13,7.3,25.9,0,864.4,166,0.6,1.7,0,0,0,0,0,0,0,302,100,18,96
ABO,2023,8,29,23,7.7,94,9.9,6.8,7.21,7.2,25.9,0,863.9,153,0.7,1.7,0,0,0,0,0,0,0,301,100,18,96
ABO,2023,8,30,0,7.6,94,9.8,6.7,7.14,7.1,25.6,0,863.5,202,0.7,1.7,0,0,0,0,0,0,0,299,100,18,96
ABO,2023,8,30,1,7.5,90.8,9.4,6.1,6.85,6.8,24.7,0,863.5,236,0.6,1.6,0,0,0,0,0,0,0,297,100,18,96
ABO,2023,8,30,2,7.6,90.8,9.5,6.2,6.92,6.9,25,0.1,863.3,27,0.5,1.6,0,0,0,0,0,0,0,296,100,18,96
ABO,2023,8,30,3,7.4,92.1,9.5,6.2,6.92,6.8,24.8,0,863.1,243,0.9,2.1,0,0,0,0,0,0,0,296,100,18,96
ABO,2023,8,30,4,6.4,91.4,8.8,5.1,6.41,5.7,22.5,0,862.7,270,0.6,1.9,0,0,0,0,0,0,0,295,100,18,96
ABO,2023,8,30,5,6,90.7,8.5,4.6,6.19,5.3,21.6,0,862.9,315,0.7,2,0,0,0,0,0,0,0,294,100,18,96
ABO,2023,8,30,6,5.7,92,8.4,4.5,6.11,5.1,21.1,0,863,207,0.7,2.6,41,0,41,21,22,22,20,294,100,18,96
ABO,2023,8,30,7,7.4,89.6,9.2,5.8,6.7,6.6,24.3,0,863.3,201,1,3,134,51,119,58,115,71,55,294,100,18,96
ABO,2023,8,30,8,9.7,76.6,9.2,5.8,6.7,7.6,26.6,0,863.1,135,1.2,2.6,313,234,203,97,338,201,93,296,88,18,96
ABO,2023,8,30,9,10.5,71.1,9,5.5,6.55,7.8,27.1,0,863.5,94,1.6,3.4,394,193,279,133,318,259,127,297,100,18,96
ABO,2023,8,30,10,11,66.9,8.8,5.1,6.4,7.9,27.2,0,863.6,85,1.3,2.9,359,59,318,154,207,206,146,304,100,18,96
ABO,2023,8,30,11,12,69,9.7,6.5,7.07,9,29.9,0,863.2,79,2.2,3.7,369,40,337,164,193,206,155,311,100,18,96
ABO,2023,8,30,12,12.2,64.9,9.2,5.8,6.7,8.7,29.2,0,863.5,75,2.1,4.1,231,13,221,108,118,124,102,320,100,18,96
ABO,2023,8,30,13,11.8,70.9,9.8,6.7,7.14,9,29.9,0,863.7,59,2.6,5.9,121,0,121,59,62,62,56,323,100,18,96
ABO,2023,8,30,14,12.2,69.5,9.9,6.8,7.21,9.2,30.5,0,863.7,69,2,4.1,156,0,156,76,80,79,72,323,100,18,96
ABO,2023,8,30,15,12.4,67.2,9.7,6.5,7.06,9.1,30.3,0,863.9,75,1.7,3.6,214,10,209,102,108,112,105,321,100,18,96
ABO,2023,8,30,16,12.6,70.1,10.2,7.3,7.43,9.6,31.4,0,864.1,69,2,4.2,193,40,176,85,90,104,122,319,100,18,96
ABO,2023,8,30,17,12.2,72,10.2,7.3,7.43,9.5,31,0,864.4,59,2.4,4.6,112,12,108,55,58,60,65,317,100,18,96
ABO,2023,8,30,18,11.5,72.8,9.9,6.8,7.2,8.9,29.7,0,864.8,77,1.2,3.7,26,0,26,13,14,14,12,315,100,18,96
ABO,2023,8,30,19,11,79.5,10.4,7.6,7.57,9.1,30.1,0,865.4,236,0.9,1.8,0,0,0,0,0,0,0,312,100,18,96
ABO,2023,8,30,20,10,85.6,10.5,7.7,7.64,8.7,29.3,0,865.5,225,0.8,3.4,0,0,0,0,0,0,0,307,100,18,96
ABO,2023,8,30,21,9.7,81.6,9.8,6.7,7.12,8.1,27.7,0,865.8,275,1.7,4.8,0,0,0,0,0,0,0,301,100,18,96
ABO,2023,8,30,22,11.1,69.8,9.2,5.8,6.68,8.2,28,0,865.9,264,3.2,5.4,0,0,0,0,0,0,0,296,100,18,96
ABO,2023,8,30,23,11.4,68.9,9.3,5.9,6.75,8.4,28.5,0,866,258,3.1,6,0,0,0,0,0,0,0,291,100,18,96
ABO,2023,8,31,0,11.1,70.3,9.3,5.9,6.75,8.3,28.2,0,866.2,258,2.6,5.1,0,0,0,0,0,0,0,288,100,18,96
ABO,2023,8,31,1,11.3,65.6,8.8,5.1,6.38,8,27.4,0,866.4,258,3.2,6.6,0,0,0,0,0,0,0,287,100,19,96
ABO,2023,8,31,2,11.1,66,8.7,5,6.31,7.9,27.1,0,866.3,255,2.9,6.7,0,0,0,0,0,0,0,290,100,19,96
ABO,2023,8,31,3,10.8,63.2,8.2,4.1,5.95,7.3,25.8,0,866,295,2.4,5.7,0,0,0,0,0,0,0,290,94,19,96
ABO,2023,8,31,4,10.2,65.8,8.2,4.1,5.95,7,25.2,0,866.1,247,1.9,6,0,0,0,0,0,0,0,294,100,19,96
ABO,2023,8,31,5,10.5,62.3,7.9,3.6,5.72,7,25,0,866.4,249,2.4,6,0,0,0,0,0,0,0,296,100,19,96
ABO,2023,8,31,6,10.9,61.9,8.1,3.9,5.87,7.3,25.7,0,867,239,2.8,6,22,0,22,11,11,11,10,298,100,19,96
ABO,2023,8,31,7,10.8,67.8,8.8,5.1,6.38,7.8,26.9,0,867,297,1.8,4.3,122,39,109,53,98,65,51,298,100,19,96
ABO,2023,8,31,8,11.5,72.3,9.8,6.7,7.11,8.9,29.5,0,867.7,65,2,5.5,286,206,194,94,307,180,90,299,88,19,96
ABO,2023,8,31,9,12.7,68.2,10,7,7.25,9.5,31.1,0,868.1,78,3,6.4,417,287,246,120,377,294,116,309,88,19,96
ABO,2023,8,31,10,12.9,68.7,10.2,7.3,7.4,9.8,31.6,0,868.1,69,2.4,4.9,382,96,316,153,236,233,146,318,100,19,96
ABO,2023,8,31,11,14.1,67.1,10.8,8.1,7.83,10.7,34,0,868.2,82,3,6,535,223,364,172,302,377,166,324,100,19,96
ABO,2023,8,31,12,14.3,70.4,11.5,9,8.35,11.2,35.5,0,868.2,63,3.1,5.8,502,162,374,179,218,335,200,328,100,19,96
ABO,2023,8,31,13,13.8,75.3,11.9,9.5,8.64,11.3,35.7,0,868.7,56,3.4,6.2,310,37,282,137,144,175,155,330,100,19,96
ABO,2023,8,31,14,14,75.3,12,9.7,8.71,11.5,36.1,0,868.7,75,2.4,4.4,242,8,236,116,122,127,115,330,100,19,96
ABO,2023,8,31,15,14.3,73.8,12,9.7,8.71,11.6,36.4,0,868.8,72,2,3.7,175,6,171,84,88,91,85,329,100,19,96
ABO,2023,8,31,16,14.3,75.3,12.3,10,8.93,11.7,36.9,0,869,68,1.8,3.5,254,137,193,93,97,154,229,329,94,19,96
ABO,2023,8,31,17,13.7,79.4,12.4,10.2,9,11.6,36.5,0,869.2,75,1.6,3,93,5,91,48,50,51,51,328,94,19,96
ABO,2023,8,31,18,13.2,82,12.4,10.2,9,11.4,36,0,869.4,69,1,2.1,23,0,23,11,12,12,11,327,100,19,96
ABO,2023,8,31,19,13.1,81.5,12.3,10,8.93,11.3,35.7,0,869.5,225,0.9,2.6,0,0,0,0,0,0,0,322,100,19,96
ABO,2023,8,31,20,13.8,68.5,10.8,8.1,7.81,10.5,33.6,0.2,870.4,249,2.9,9,0,0,0,0,0,0,0,325,100,19,96
ABO,2023,8,31,21,13.7,68.4,10.7,8,7.74,10.4,33.3,0,870.5,263,2.5,5.4,0,0,0,0,0,0,0,316,94,19,96
ABO,2023,8,31,22,13.7,63.9,10,7,7.23,9.9,32,0,870.8,263,1.9,5.1,0,0,0,0,0,0,0,310,71,19,96
ABO,2023,8,31,23,12.6,72,10.5,7.7,7.59,9.8,31.8,0,871.3,256,1.6,5.3,0,0,0,0,0,0,0,315,88,19,96
ABO,2023,9,1,0,11.9,77,10.7,8,7.74,9.7,31.5,0,871,270,0.9,2,0,0,0,0,0,0,0,307,75,19,96
ABO,2023,9,1,1,11.7,74.4,10.2,7.3,7.37,9.3,30.4,0,870.8,297,0.7,1.9,0,0,0,0,0,0,0,306,68,20,96
ABO,2023,9,1,2,11.3,73.8,9.9,6.8,7.15,8.8,29.4,0,870.6,333,0.8,2.7,0,0,0,0,0,0,0,300,46,20,96
ABO,2023,9,1,3,10.6,77.3,9.9,6.8,7.16,8.5,28.7,0,870.5,279,1.1,2.4,0,0,0,0,0,0,0,299,53,20,96
ABO,2023,9,1,4,10.2,78.9,9.8,6.7,7.09,8.3,28.1,0,870.1,284,0.6,1.6,0,0,0,0,0,0,0,295,48,20,96
ABO,2023,9,1,5,10.6,78.4,10,7,7.23,8.6,28.9,0,870.2,18,0.7,1.8,0,0,0,0,0,0,0,308,84,20,96
ABO,2023,9,1,6,11.2,77.4,10.3,7.4,7.45,9.1,30,0,870.6,249,1,2.6,35,0,35,22,23,23,21,304,81,20,96
ABO,2023,9,1,7,11.9,77.5,10.8,8.1,7.81,9.7,31.7,0,870.7,217,0.8,2.9,221,456,75,49,508,137,49,301,64,20,96
ABO,2023,9,1,8,13.6,71.7,11.2,8.6,8.1,10.7,34.1,0,870.8,171,1.3,2.8,450,826,73,68,810,333,70,276,16,20,96
ABO,2023,9,1,9,15.7,60.6,10.8,8.1,7.81,11.3,35.5,0,871.1,118,1.6,4,603,846,100,90,733,502,93,242,0,20,96
ABO,2023,9,1,10,17.6,55.5,11.2,8.6,8.1,12.3,38.2,0,871,98,2.3,4.3,729,886,109,107,601,641,110,244,0,20,96
ABO,2023,9,1,11,19.2,54.1,12,9.7,8.69,13.4,41.4,0,870.5,82,2.9,5.6,814,930,103,116,404,735,121,247,6,20,96
ABO,2023,9,1,12,19.5,56,12.7,10.5,9.21,14,43,0,870.8,58,4.2,8.6,851,975,85,119,167,773,192,250,19,20,96
ABO,2023,9,1,13,19.9,55,12.8,10.6,9.28,14.2,43.6,0,870.7,70,3.5,6.3,771,819,147,124,121,684,417,294,33,20,96
ABO,2023,9,1,14,20,56.5,13.2,11.1,9.57,14.5,44.4,0,870.7,56,3.6,6.5,664,703,176,117,115,570,554,303,48,20,96
ABO,2023,9,1,15,19.8,56.5,13,10.9,9.43,14.3,43.8,0,870.7,53,3.7,6.7,136,7,132,66,70,74,69,338,71,20,96
ABO,2023,9,1,16,19.5,57.5,13,10.9,9.43,14.2,43.5,0,870.9,50,3.3,6.2,43,0,43,21,23,22,20,326,94,20,96
ABO,2023,9,1,17,18.8,58.9,12.8,10.6,9.28,13.8,42.4,0,871,38,2,4.8,39,0,39,22,23,23,22,322,68,20,96
ABO,2023,9,1,18,17.5,66.1,13.2,11.1,9.57,13.6,41.8,0,871.2,323,0.9,2,10,0,10,5,5,5,5,296,56,20,96
ABO,2023,9,1,19,15.8,71.2,12.8,10.6,9.27,12.7,39.3,0,871.9,304,0.8,1.8,0,0,0,0,0,0,0,253,6,20,96
ABO,2023,9,1,20,14.6,76.9,12.8,10.6,9.27,12.2,38.1,0,872.1,288,0.5,1.5,0,0,0,0,0,0,0,251,0,20,96
ABO,2023,9,1,21,14.1,78.9,12.7,10.5,9.19,11.9,37.4,0,872.4,284,0.6,2.1,0,0,0,0,0,0,0,250,13,20,96
ABO,2023,9,1,22,13.6,78.8,12.3,10,8.89,11.5,36.1,0,872.6,297,0.6,1.8,0,0,0,0,0,0,0,275,25,20,96
ABO,2023,9,1,23,13.4,79.9,12.3,10,8.89,11.4,35.9,0,872.7,288,0.7,1.5,0,0,0,0,0,0,0,278,6,20,96
ABO,2023,9,2,0,13.4,79.3,12.2,9.9,8.82,11.3,35.7,0,872.5,281,0.6,1.8,0,0,0,0,0,0,0,276,0,20,96
ABO,2023,9,2,1,13.1,78.8,11.9,9.5,8.6,11,34.9,0,872.3,270,0.7,1.7,0,0,0,0,0,0,0,283,19,22,96
ABO,2023,9,2,2,13.4,76.7,11.8,9.4,8.53,11.1,35,0,872.4,323,0.9,1.9,0,0,0,0,0,0,0,274,6,22,96
ABO,2023,9,2,3,12.9,78.7,11.7,9.3,8.46,10.8,34.3,0,872.3,307,0.7,2.1,0,0,0,0,0,0,0,274,0,22,96
ABO,2023,9,2,4,13,76.7,11.5,9,8.31,10.7,34,0,872.3,284,0.8,1.7,0,0,0,0,0,0,0,275,30,22,96
ABO,2023,9,2,5,12.8,76.6,11.3,8.8,8.16,10.5,33.5,0,872.5,315,0.8,2.5,0,0,0,0,0,0,0,280,23,22,96
ABO,2023,9,2,6,12.8,75.6,11.2,8.6,8.09,10.4,33.3,0,872.7,281,0.7,2.6,22,0,22,19,19,19,18,295,46,22,96
ABO,2023,9,2,7,14.1,73.8,11.9,9.5,8.59,11.4,35.9,0,873.3,207,0.9,2.2,219,526,55,47,567,137,47,277,25,22,96
ABO,2023,9,2,8,16.5,62.8,11.8,9.4,8.52,12.3,38.1,0,873.7,174,1,2.3,443,806,77,72,799,338,74,253,19,22,96
ABO,2023,9,2,9,18.3,56.5,11.9,9.5,8.59,13,40.2,0,873.8,119,2,4,602,856,95,95,738,512,98,272,29,22,96
ABO,2023,9,2,10,19.8,53.9,12.4,10.2,8.96,13.9,42.6,0,873.5,80,3,5.7,733,917,94,112,609,657,116,270,19,22,96
ABO,2023,9,2,11,20.4,53.3,12.8,10.6,9.25,14.3,44,0,873.7,51,2.9,5.8,784,842,144,127,419,719,131,291,41,22,96
ABO,2023,9,2,12,21.2,48.4,12.2,9.9,8.81,14.2,43.7,0,873.9,49,3,7,824,881,136,131,190,760,213,296,36,22,96
ABO,2023,9,2,13,21.7,48.9,12.7,10.5,9.17,14.7,45.1,0,874,53,3.6,6.7,786,870,128,125,121,719,440,317,50,22,96
ABO,2023,9,2,14,21.1,56,14,12,10.12,15.3,46.9,0,874.6,46,3.7,6.9,246,126,155,81,83,181,161,352,94,22,96
ABO,2023,9,2,15,20.3,61.7,14.7,12.7,10.63,15.4,47.4,0,874.8,42,3.1,6.1,244,48,218,111,116,143,152,351,88,22,96
ABO,2023,9,2,16,20.2,62.4,14.8,12.8,10.71,15.5,47.5,0,874.5,47,2.6,6,310,342,157,85,87,221,417,344,53,22,96
ABO,2023,9,2,17,19.8,61.9,14.3,12.3,10.34,15,46.1,0,874.9,47,2.1,5.3,90,11,86,52,53,56,62,343,45,22,96
ABO,2023,9,2,18,18.4,68,14.4,12.4,10.4,14.6,44.9,0,875.5,315,0.9,1.8,19,0,19,15,15,15,15,332,46,22,96
ABO,2023,9,2,19,17.1,72.9,14.2,12.2,10.25,14,43.1,0,876,304,0.9,2,0,0,0,0,0,0,0,335,81,22,96
ABO,2023,9,2,20,16.1,76.6,14,12,10.1,13.6,41.7,0,876.3,270,0.8,1.9,0,0,0,0,0,0,0,310,45,22,96
ABO,2023,9,2,21,15.5,78.6,13.8,11.8,9.95,13.2,40.8,0,876.1,284,0.7,1.7,0,0,0,0,0,0,0,298,35,22,96
ABO,2023,9,2,22,14.8,80.1,13.5,11.4,9.73,12.7,39.5,0,876.2,284,0.7,1.7,0,0,0,0,0,0,0,295,40,22,96
ABO,2023,9,2,23,14.3,82.2,13.4,11.3,9.66,12.5,38.8,0,876.4,270,0.6,1.7,0,0,0,0,0,0,0,290,35,22,96
ABO,2023,9,3,0,14.5,80.6,13.3,11.2,9.58,12.5,38.8,0,876.6,297,0.6,1.7,0,0,0,0,0,0,0,291,0,22,96
ABO,2023,9,3,1,14,80.5,12.9,10.7,9.29,12,37.5,0,876.5,297,0.7,2.1,0,0,0,0,0,0,0,297,50,22,96
ABO,2023,9,3,2,14.4,77.9,12.8,10.6,9.21,12.1,37.8,0,876.8,307,0.8,1.7,0,0,0,0,0,0,0,304,74,22,96
ABO,2023,9,3,3,13.6,80.4,12.5,10.3,8.99,11.6,36.4,0,877,270,0.6,1.4,0,0,0,0,0,0,0,283,13,22,96
ABO,2023,9,3,4,13.3,83.1,12.7,10.5,9.14,11.6,36.4,0,877.2,270,0.5,1.5,0,0,0,0,0,0,0,290,31,22,96
ABO,2023,9,3,5,13.7,79.9,12.5,10.3,8.99,11.7,36.5,0,877.1,284,0.7,1.7,0,0,0,0,0,0,0,312,78,22,96
ABO,2023,9,3,6,13.7,79.4,12.4,10.2,8.92,11.6,36.3,0,877.5,270,0.8,1.7,37,0,37,21,22,22,20,314,81,22,96
ABO,2023,9,3,7,15.1,77,13.2,11.1,9.49,12.7,39.2,0,878.1,211,1,3.5,176,199,114,61,271,110,59,332,100,22,96
ABO,2023,9,3,8,17.3,70.1,13.8,11.8,9.93,13.9,42.5,0,878.3,171,0.9,2.2,347,366,177,93,455,255,92,326,94,22,96
ABO,2023,9,3,9,19.1,59.8,13.2,11.1,9.48,14.1,43.3,0,878.9,100,1.9,4.1,545,631,172,107,619,461,108,303,64,22,96
ABO,2023,9,3,10,20.2,58.1,13.7,11.7,9.85,14.8,45.3,0,878.7,92,2.4,4.7,656,649,207,128,545,577,130,311,71,22,96
ABO,2023,9,3,11,21.2,52.5,13.2,11.1,9.49,14.9,45.4,0,878.3,104,2.6,5.6,781,827,154,128,413,722,132,298,63,22,96
ABO,2023,9,3,12,22,53.7,14.2,12.2,10.22,15.7,48.1,0,878.7,50,3.8,7.6,833,921,118,128,181,779,212,307,61,22,96
ABO,2023,9,3,13,21.7,56.9,14.8,12.8,10.65,16,48.9,0,878.8,53,3.2,6.3,753,756,185,131,128,689,448,333,75,22,96
ABO,2023,9,3,14,22.2,56,15,13,10.8,16.2,49.8,0,878.6,45,3.1,5.7,721,928,90,109,105,652,646,304,58,22,96
ABO,2023,9,3,15,21.9,60,15.8,13.8,11.39,16.6,51,0,878.7,46,2.9,5.8,611,905,96,95,92,526,807,296,45,22,96
ABO,2023,9,3,16,21.5,61.1,15.7,13.7,11.32,16.4,50.4,0,878.4,47,2.6,5.4,394,671,109,74,73,299,709,324,68,22,96
ABO,2023,9,3,17,20.5,65,15.7,13.7,11.32,16.1,49.4,0,878.5,37,2.2,4.8,97,140,51,45,45,77,187,323,68,22,96
ABO,2023,9,3,18,19.2,68.6,15.3,13.3,11.03,15.4,47.3,0,878.2,346,1,3.2,19,0,19,14,14,14,14,340,84,22,96
ABO,2023,9,3,19,17.7,74.9,15.2,13.2,10.95,14.8,45.5,0,878.4,326,0.7,1.8,0,0,0,0,0,0,0,349,100,22,96
ABO,2023,9,3,20,16.6,78.3,14.8,12.8,10.66,14.2,43.7,0,878.6,315,0.7,1.7,0,0,0,0,0,0,0,346,100,22,96
ABO,2023,9,3,21,15.8,81.8,14.7,12.7,10.59,13.9,42.7,0,878.2,270,0.7,2,0,0,0,0,0,0,0,342,100,22,96
ABO,2023,9,3,22,15.6,81.2,14.4,12.4,10.37,13.6,41.9,0,877.8,270,0.4,1,0,0,0,0,0,0,0,339,100,22,96
ABO,2023,9,3,23,15.2,82.3,14.2,12.2,10.23,13.3,41.1,0,878,333,0.7,1.7,0,0,0,0,0,0,0,336,100,22,96
ABO,2023,9,4,0,15,81.2,13.8,11.8,9.93,13,40.2,0,878,304,0.7,1.6,0,0,0,0,0,0,0,332,100,22,96
ABO,2023,9,4,1,14.5,81.1,13.4,11.3,9.65,12.6,39,0,877.5,288,1,2.2,0,0,0,0,0,0,0,316,80,19,96
ABO,2023,9,4,2,14.2,78.9,12.8,10.6,9.21,12,37.6,0,877,315,0.9,2.2,0,0,0,0,0,0,0,315,75,19,96
ABO,2023,9,4,3,14,76.3,12.2,9.9,8.78,11.6,36.2,0,876.9,284,0.7,2.1,0,0,0,0,0,0,0,309,78,19,96
ABO,2023,9,4,4,14.2,72.8,11.8,9.4,8.49,11.4,35.7,0,876.6,315,0.8,2.3,0,0,0,0,0,0,0,332,100,19,96
ABO,2023,9,4,5,14,69.9,11.2,8.6,8.05,10.9,34.4,0,876.9,284,0.6,1.4,0,0,0,0,0,0,0,333,100,19,96
ABO,2023,9,4,6,14,69.9,11.2,8.6,8.05,10.9,34.4,0,876.9,304,0.6,1.4,31,0,31,17,17,17,16,323,88,19,96
ABO,2023,9,4,7,16.3,64.1,11.9,9.5,8.56,12.2,38,0,877,217,1.1,3.7,147,98,117,58,164,84,56,336,100,19,96
ABO,2023,9,4,8,19,54.8,12,9.7,8.63,13.4,41,0,877,194,1,2.7,282,207,183,91,296,191,87,336,94,19,96
ABO,2023,9,4,9,21.4,46,11.7,9.3,8.41,14,42.9,0,877,162,1,2.7,580,795,113,87,695,498,90,293,41,19,96
ABO,2023,9,4,10,23.2,39.3,11.2,8.6,8.05,14.3,43.8,0,876.8,103,1.6,3.7,724,913,94,100,594,654,103,272,19,19,96
ABO,2023,9,4,11,23.7,45.7,13.4,11.3,9.66,15.8,48.4,0,876.5,69,3.1,5.4,797,921,103,110,391,737,114,286,23,19,96
ABO,2023,9,4,12,23.4,46.8,13.5,11.4,9.73,15.8,48.3,0,876.5,73,3.3,5.5,827,945,96,112,162,770,189,275,23,19,96
ABO,2023,9,4,13,24,44.3,13.2,11.1,9.51,15.8,48.4,0,876.2,72,3.3,5.2,786,911,106,109,105,725,435,284,16,19,96
ABO,2023,9,4,14,24.1,49.2,14.8,12.8,10.69,16.7,51.5,0,876,83,2.5,5.1,701,892,99,98,94,631,623,270,6,19,96
ABO,2023,9,4,15,23.6,57.8,16.8,14.8,12.16,17.7,54.7,0,875.8,70,3,6,568,846,91,81,79,485,747,270,6,19,96
ABO,2023,9,4,16,23.1,61.9,17.5,15.4,12.69,17.9,55.5,0,875.6,68,2.5,4.6,407,798,71,60,58,310,796,270,0,19,96
ABO,2023,9,4,17,21.3,62.3,15.8,13.8,11.43,16.4,50.5,0,875.7,18,1.2,2.6,94,185,35,37,37,74,220,269,0,19,96
ABO,2023,9,4,18,20.1,63.7,15,13,10.84,15.5,47.7,0,875.6,263,1,2.6,15,0,15,12,12,12,12,281,6,19,96
ABO,2023,9,4,19,18.5,69.9,14.9,12.9,10.77,14.9,45.9,0,875.5,304,0.6,1.3,0,0,0,0,0,0,0,268,0,19,96
ABO,2023,9,4,20,18.2,63.2,13.2,11.1,9.52,13.8,42.4,0,875.2,307,0.7,1.8,0,0,0,0,0,0,0,265,0,19,96
ABO,2023,9,4,21,17.4,64.7,12.9,10.7,9.31,13.3,41.1,0,874.8,292,0.7,1.8,0,0,0,0,0,0,0,263,0,19,96
ABO,2023,9,4,22,17.4,63,12.5,10.3,9.02,13.1,40.3,0,874.5,284,0.6,1.6,0,0,0,0,0,0,0,260,0,19,96
ABO,2023,9,4,23,17.1,63.8,12.4,10.2,8.95,12.9,39.9,0,874.3,284,0.7,1.7,0,0,0,0,0,0,0,258,0,19,96
ABO,2023,9,5,0,17.3,61.8,12.2,9.9,8.81,12.8,39.7,0,874,297,0.7,1.8,0,0,0,0,0,0,0,255,0,19,96
ABO,2023,9,5,1,17.3,60.1,11.9,9.5,8.58,12.6,39.1,0,874.2,288,0.6,1.6,0,0,0,0,0,0,0,254,0,18,96
ABO,2023,9,5,2,16.8,61.6,11.8,9.4,8.51,12.4,38.4,0,873.8,315,0.7,1.6,0,0,0,0,0,0,0,254,0,18,96
ABO,2023,9,5,3,16.6,60.8,11.5,9,8.29,12.1,37.7,0,874,326,0.6,1.8,0,0,0,0,0,0,0,254,0,18,96
ABO,2023,9,5,4,16.5,59.5,11.2,8.6,8.07,11.9,37,0,874.2,284,0.6,1.7,0,0,0,0,0,0,0,254,0,18,96
ABO,2023,9,5,5,16.3,60.3,11.2,8.6,8.07,11.8,36.8,0,874.3,288,0.8,1.9,0,0,0,0,0,0,0,255,0,18,96
ABO,2023,9,5,6,16.2,61.5,11.3,8.8,8.14,11.8,36.9,0,874.8,270,0.6,1.3,21,0,21,16,16,16,16,266,13,18,96
ABO,2023,9,5,7,17.1,63,12.3,10,8.87,12.8,39.7,0,874.8,209,1.3,3.6,219,544,54,40,578,143,40,256,13,18,96
ABO,2023,9,5,8,19.4,57.1,12.9,10.7,9.31,14,43.1,0,875.1,180,1,2.4,427,780,82,61,769,335,62,258,6,18,96
ABO,2023,9,5,9,21.5,50.8,13,10.9,9.38,14.9,45.5,0,874.9,153,1.4,3.9,585,832,101,80,711,506,82,260,0,18,96
ABO,2023,9,5,10,23.4,45.3,13,10.9,9.39,15.5,47.4,0,874.5,121,1.4,3.7,711,881,107,94,583,645,98,262,0,18,96
ABO,2023,9,5,11,24.6,45.3,14,12,10.12,16.5,50.5,0,874.1,77,2.9,6.9,793,919,104,103,386,736,106,265,0,18,96
ABO,2023,9,5,12,23.9,49.8,14.8,12.8,10.71,16.7,51.3,0,874,60,4.4,8.1,819,931,102,105,157,764,185,267,0,18,96
ABO,2023,9,5,13,24.1,49.2,14.8,12.8,10.72,16.7,51.5,0,873.8,55,4.3,8.1,786,926,99,101,98,728,430,268,0,18,96
ABO,2023,9,5,14,24.6,48.1,14.9,12.9,10.8,17,52.2,0,873.3,48,3.2,5.9,700,905,94,91,88,633,622,267,0,18,96
ABO,2023,9,5,15,24.6,52.4,16.2,14.2,11.76,17.7,54.7,0,872.9,62,2.9,5,572,882,79,75,73,491,760,267,0,18,96
ABO,2023,9,5,16,24,52.9,15.8,13.8,11.47,17.3,53.3,0,872.9,54,3.1,6,406,815,67,56,54,312,806,266,0,18,96
ABO,2023,9,5,17,22,64.9,17.2,15.1,12.5,17.4,53.9,0,873.1,43,1.8,4.4,96,186,38,35,35,73,219,265,0,18,96
ABO,2023,9,5,18,20.4,70.7,16.9,14.9,12.27,16.8,51.7,0,873.4,257,1,2,17,0,17,11,12,12,11,264,23,18,96
ABO,2023,9,5,19,18.6,77.5,16.6,14.6,12.05,16,49.2,0,873.7,297,0.4,1.5,0,0,0,0,0,0,0,263,0,18,96
ABO,2023,9,5,20,18.2,77.5,16.2,14.2,11.75,15.6,48.1,0,873.7,297,0.6,1.5,0,0,0,0,0,0,0,262,0,18,96
ABO,2023,9,5,21,17.7,80,16.2,14.2,11.75,15.4,47.6,0,873.7,284,0.6,1.6,0,0,0,0,0,0,0,260,0,18,96
ABO,2023,9,5,22,17,82,15.9,13.9,11.53,15,46.3,0,873.8,315,0.7,1.5,0,0,0,0,0,0,0,258,0,18,96
ABO,2023,9,5,23,16.9,82,15.8,13.8,11.45,14.9,46,0,874,315,0.5,1.2,0,0,0,0,0,0,0,256,0,18,96
ABO,2023,9,6,0,16.5,81.4,15.3,13.3,11.08,14.5,44.6,0,874,288,0.6,1.6,0,0,0,0,0,0,0,255,0,18,96
ABO,2023,9,6,1,16.5,80.8,15.2,13.2,11.01,14.4,44.5,0,873.7,326,0.6,1.5,0,0,0,0,0,0,0,259,6,18,96
ABO,2023,9,6,2,16.6,79.3,15,13,10.87,14.3,44.2,0,873.6,292,0.6,1.5,0,0,0,0,0,0,0,272,16,18,96
ABO,2023,9,6,3,16.3,79.2,14.7,12.7,10.65,14,43.3,0,873.6,297,0.5,1.4,0,0,0,0,0,0,0,251,0,18,96
ABO,2023,9,6,4,16.2,80.3,14.8,12.8,10.72,14.1,43.4,0,873.8,315,0.5,1.2,0,0,0,0,0,0,0,250,0,18,96
ABO,2023,9,6,5,15.8,81.8,14.7,12.7,10.64,13.9,42.8,0,873.9,288,0.5,1.2,0,0,0,0,0,0,0,249,0,18,96
ABO,2023,9,6,6,15.8,80.7,14.5,12.5,10.49,13.7,42.4,0,874,284,0.4,1.1,18,0,18,14,15,15,14,248,13,18,96
ABO,2023,9,6,7,16.9,77.8,15,13,10.86,14.4,44.5,0,874.1,201,1,3.1,160,357,46,39,390,118,40,248,0,18,96
ABO,2023,9,6,8,19,70,15.4,13.4,11.16,15.4,47.4,0,874.1,167,1,2.1,429,795,79,61,780,344,63,252,0,18,96
ABO,2023,9,6,9,20.9,66.8,16.5,14.5,11.97,16.7,51.4,0,874,126,2.1,4.6,591,868,90,80,729,520,82,256,0,18,96
ABO,2023,9,6,10,21.9,65.3,17.2,15.1,12.49,17.4,53.8,0,873.8,74,3.5,6.3,720,926,89,94,591,663,97,259,0,18,96
ABO,2023,9,6,11,22.4,64.2,17.4,15.3,12.64,17.6,54.7,0,873.8,68,3.4,6.4,797,942,94,103,384,749,107,263,0,18,96
ABO,2023,9,6,12,22.6,65,17.8,15.7,12.94,18,55.6,0,873.5,69,3.6,6.6,809,908,114,107,160,763,191,267,0,18,96
ABO,2023,9,6,13,23.3,65.2,18.6,16.4,13.54,18.6,57.9,0,873.3,78,3,5.8,780,919,102,102,99,731,433,270,0,18,96
ABO,2023,9,6,14,23.2,67.7,19.2,16.9,13.98,18.9,58.9,0,873.2,60,3.6,7.1,704,938,80,91,87,645,632,283,6,18,96
ABO,2023,9,6,15,22.7,67.6,18.6,16.4,13.54,18.4,57.3,0,873.3,51,4,7.7,541,769,113,80,78,469,697,306,6,18,96
ABO,2023,9,6,16,22,68.8,18.2,16,13.24,17.9,55.8,0,873.4,48,2.9,5.6,285,297,154,78,80,203,361,299,26,18,96
ABO,2023,9,6,17,21.4,70.4,18,15.8,13.09,17.6,54.8,0,873.5,63,2,4.1,67,0,67,33,35,35,31,301,53,18,96
ABO,2023,9,6,18,20.9,74.5,18.4,16.2,13.38,17.7,55,0,873.6,80,1.2,2.1,10,0,10,5,5,5,5,288,31,18,96
ABO,2023,9,6,19,20.3,77.3,18.4,16.2,13.38,17.5,54.4,0,873.9,121,0.8,1.7,0,0,0,0,0,0,0,273,33,18,96
ABO,2023,9,6,20,19.3,81.2,18.2,16,13.23,17.1,53,0,874,191,0.7,1.7,0,0,0,0,0,0,0,269,0,18,96
ABO,2023,9,6,21,18.4,83.7,17.7,15.6,12.86,16.5,51.1,0,874,288,0.5,1.4,0,0,0,0,0,0,0,266,0,18,96
ABO,2023,9,6,22,17.5,84.7,16.9,14.9,12.26,15.8,48.7,0,874.1,270,0.5,2.3,0,0,0,0,0,0,0,263,0,18,96
ABO,2023,9,6,23,17.4,84.7,16.8,14.8,12.19,15.7,48.4,0,874,270,0.7,1.6,0,0,0,0,0,0,0,260,0,18,96
ABO,2023,9,7,0,16.9,85.2,16.4,14.4,11.9,15.3,47.1,0,873.9,297,0.5,1.4,0,0,0,0,0,0,0,256,0,18,96
ABO,2023,9,7,1,16.8,81.9,15.7,13.7,11.38,14.8,45.7,0,873.9,297,0.6,1.2,0,0,0,0,0,0,0,262,0,18,96
ABO,2023,9,7,2,16.3,81.9,15.2,13.2,11.01,14.3,44.3,0,873.6,288,0.6,1.4,0,0,0,0,0,0,0,254,0,18,96
ABO,2023,9,7,3,15.8,80.7,14.5,12.5,10.5,13.7,42.4,0,873.5,270,0.6,1.6,0,0,0,0,0,0,0,253,0,18,96
ABO,2023,9,7,4,15.9,77.6,14,12,10.13,13.5,41.6,0,873.6,315,0.6,1.7,0,0,0,0,0,0,0,252,0,18,96
ABO,2023,9,7,5,15.3,79.6,13.8,11.8,9.98,13.1,40.6,0,873.5,297,0.6,1.5,0,0,0,0,0,0,0,266,10,18,96
ABO,2023,9,7,6,15,79,13.5,11.4,9.76,12.8,39.8,0,873.9,281,0.6,1.7,18,0,18,14,14,14,14,265,0,18,96
ABO,2023,9,7,7,16.4,74.2,13.8,11.8,9.98,13.5,41.8,0,873.8,186,1,3.5,155,338,48,39,373,116,39,252,6,18,96
ABO,2023,9,7,8,18.9,67.3,14.7,12.7,10.64,15,46,0,873.9,180,1,2.2,422,791,76,59,772,344,61,257,0,18,96
ABO,2023,9,7,9,21.1,61.4,15.4,13.4,11.16,16.1,49.6,0,873.7,128,1.2,3,583,869,85,78,726,519,81,261,0,18,96
ABO,2023,9,7,10,22.7,59.5,16.4,14.4,11.9,17.2,53.1,0,873.7,84,2.8,5.1,702,884,102,93,577,652,97,265,0,18,96
ABO,2023,9,7,11,23,61.9,17.4,15.3,12.64,17.8,55.3,0,873.7,73,3.5,5.8,783,922,99,102,379,742,105,269,0,18,96
ABO,2023,9,7,12,23.5,64.4,18.7,16.4,13.61,18.7,58.3,0,873.6,81,3.3,6.2,806,931,97,104,152,768,184,274,0,18,96
ABO,2023,9,7,13,23.9,62.9,18.6,16.4,13.54,18.8,58.5,0,873.3,67,3.6,7.2,767,907,102,100,97,726,427,277,0,18,96
ABO,2023,9,7,14,23.9,64.1,19,16.7,13.84,19,59.3,0,873.2,58,3.7,6.8,682,891,93,90,87,631,616,277,0,18,96
ABO,2023,9,7,15,23.7,67,19.6,17.2,14.28,19.2,60.2,0,873.3,54,3.6,6.8,545,829,90,75,73,481,728,296,13,18,96
ABO,2023,9,7,16,22.6,68.9,18.9,16.6,13.75,18.5,57.7,0,873.8,46,3.1,6.2,341,534,114,66,67,264,564,331,50,18,96
ABO,2023,9,7,17,22,71,18.8,16.5,13.68,18.3,56.9,0,873.8,60,1.7,4.2,80,0,80,43,45,44,41,320,65,18,96
ABO,2023,9,7,18,21.5,74.1,19,16.7,13.82,18.2,56.7,0,873.9,135,0.8,2,8,0,8,4,4,4,4,288,60,18,96
ABO,2023,9,7,19,20.3,80.8,19.2,16.9,13.97,18,55.9,0,874.2,153,0.5,2.8,0,0,0,0,0,0,0,279,36,18,96
ABO,2023,9,7,20,19.8,80.8,18.7,16.4,13.59,17.5,54.4,0,874.3,207,0.7,2.8,0,0,0,0,0,0,0,276,0,18,96
ABO,2023,9,7,21,19.2,82.8,18.4,16.2,13.37,17.2,53.2,0,874.2,270,0.5,1.4,0,0,0,0,0,0,0,273,0,18,96
ABO,2023,9,7,22,18.9,82.2,17.9,15.8,13,16.8,52,0,874.2,307,0.6,1.7,0,0,0,0,0,0,0,270,0,18,96
ABO,2023,9,7,23,18.5,82.2,17.5,15.4,12.71,16.5,50.8,0,874.1,281,0.7,1.5,0,0,0,0,0,0,0,267,0,18,96
ABO,2023,9,8,0,17.4,84.2,16.7,14.7,12.12,15.6,48.2,0,874,270,0.4,1.1,0,0,0,0,0,0,0,264,0,18,96
ABO,2023,9,8,1,17.1,84.7,16.5,14.5,11.97,15.4,47.5,0,874,270,0.7,2,0,0,0,0,0,0,0,275,16,20,96
ABO,2023,9,8,2,17,84.7,16.4,14.4,11.9,15.3,47.2,0,873.8,270,0.5,1.2,0,0,0,0,0,0,0,261,30,20,96
ABO,2023,9,8,3,16.7,85.2,16.2,14.2,11.75,15.1,46.5,0,873.6,326,0.6,1.7,0,0,0,0,0,0,0,282,33,20,96
ABO,2023,9,8,4,16.5,84.1,15.8,13.8,11.46,14.8,45.6,0,873.7,333,0.6,1.5,0,0,0,0,0,0,0,278,33,20,96
ABO,2023,9,8,5,16.1,86.2,15.8,13.8,11.45,14.6,45.2,0,873.9,326,0.8,2.2,0,0,0,0,0,0,0,283,43,20,96
ABO,2023,9,8,6,15.7,85.1,15.2,13.2,11.01,14.1,43.6,0,874.1,288,0.6,1.8,17,0,17,14,14,14,14,283,33,20,96
ABO,2023,9,8,7,17,82.5,16,14,11.6,15.1,46.5,0,874.2,162,0.5,1.4,113,88,86,51,145,78,50,267,19,20,96
ABO,2023,9,8,8,19.5,75.2,17,15,12.34,16.5,50.9,0,874.2,180,0.8,2,294,257,178,88,343,214,85,287,36,20,96
ABO,2023,9,8,9,21.3,69.1,17.5,15.4,12.71,17.4,53.7,0,874.1,140,1.7,3.6,544,707,139,91,644,486,93,282,19,20,96
ABO,2023,9,8,10,22.8,64.7,17.9,15.8,13.01,18.1,56,0,873.9,73,3.2,7.7,700,884,102,100,578,663,103,294,6,20,96
ABO,2023,9,8,11,23,61.1,17.2,15.1,12.49,17.7,54.9,0,873.7,54,3.9,7.4,806,963,95,110,395,780,114,292,0,20,96
ABO,2023,9,8,12,23.7,64,18.8,16.5,13.68,18.8,58.6,0,873.6,58,3.9,7,770,815,153,117,173,738,208,314,20,20,96
ABO,2023,9,8,13,23.8,65.3,19.2,16.9,13.98,19.1,59.5,0,873.5,55,4,7.9,621,480,269,140,142,540,360,337,48,20,96
ABO,2023,9,8,14,23.9,64.9,19.2,16.9,13.98,19.1,59.6,0,873.2,47,3.9,7.7,439,203,306,149,154,317,300,348,71,20,96
ABO,2023,9,8,15,23.2,66.4,18.9,16.6,13.76,18.7,58.3,0,873.2,44,4.1,8,432,407,213,107,109,349,472,361,60,20,96
ABO,2023,9,8,16,22.2,67.9,18.2,16,13.24,18,56,0,873.3,33,2.6,5.9,265,245,167,82,85,187,327,354,71,20,96
ABO,2023,9,8,17,21.6,71.8,18.5,16.3,13.46,18,55.9,0,873.3,18,1.1,3.6,87,35,76,39,40,50,74,338,84,20,96
ABO,2023,9,8,18,20.9,73.6,18.2,16,13.24,17.6,54.6,0,873.4,326,0.8,1.7,7,0,7,4,4,4,3,315,69,20,96
ABO,2023,9,8,19,19.6,78.7,17.9,15.8,13.01,17.1,52.7,0,873.7,301,0.8,2.1,0,0,0,0,0,0,0,281,25,20,96
ABO,2023,9,8,20,18.9,81.2,17.7,15.6,12.86,16.7,51.6,0,873.6,236,0.6,1.4,0,0,0,0,0,0,0,273,25,20,96
ABO,2023,9,8,21,18.9,80.6,17.6,15.5,12.79,16.6,51.4,0,873.6,297,0.4,1,0,0,0,0,0,0,0,270,40,20,96
ABO,2023,9,8,22,18.4,81.1,17.2,15.1,12.5,16.2,50.2,0,873.3,315,0.6,1.5,0,0,0,0,0,0,0,267,26,20,96
ABO,2023,9,8,23,17.9,82.1,16.8,14.8,12.2,15.9,48.9,0,873.1,284,0.6,1.4,0,0,0,0,0,0,0,264,29,20,96
ABO,2023,9,9,0,17,84.7,16.4,14.4,11.91,15.3,47.2,0,873.2,270,0.5,1.5,0,0,0,0,0,0,0,272,33,20,96
ABO,2023,9,9,1,16.8,84.6,16.2,14.2,11.76,15.1,46.7,0,873.1,252,0.5,1.8,0,0,0,0,0,0,0,260,0,20,96
ABO,2023,9,9,2,16.5,86.3,16.2,14.2,11.76,15,46.4,0,873,297,0.4,1.2,0,0,0,0,0,0,0,259,16,20,96
ABO,2023,9,9,3,16.4,84.6,15.8,13.8,11.47,14.7,45.5,0,872.8,288,0.5,1.6,0,0,0,0,0,0,0,258,30,20,96
ABO,2023,9,9,4,16.4,83,15.5,13.5,11.24,14.6,45,0,872.9,307,0.5,1.3,0,0,0,0,0,0,0,263,36,20,96
ABO,2023,9,9,5,15.6,85.6,15.2,13.2,11.02,14.1,43.6,0,873,304,0.5,1.2,0,0,0,0,0,0,0,281,36,20,96
ABO,2023,9,9,6,15.4,85.6,15,13,10.87,13.9,43,0,873.3,288,0.4,1.1,17,0,17,13,14,14,13,262,23,20,96
ABO,2023,9,9,7,16.5,81.4,15.3,13.3,11.09,14.5,44.7,0,873.6,194,0.8,2.3,153,347,46,39,380,121,40,257,0,20,96
ABO,2023,9,9,8,18.5,70.3,15,13,10.87,15,46.2,0,873.5,175,1.1,2.1,417,805,72,61,783,356,63,260,0,20,96
ABO,2023,9,9,9,20.5,67.1,16.2,14.2,11.75,16.4,50.5,0,873.6,138,1.5,3.8,568,828,100,83,709,523,85,262,0,20,96
ABO,2023,9,9,10,22.4,64.2,17.4,15.3,12.64,17.6,54.7,0,873.6,82,2.9,5.1,696,886,102,98,579,666,101,265,0,20,96
ABO,2023,9,9,11,23.2,62.7,17.8,15.7,12.94,18.1,56.3,0,873.3,75,3.2,6,788,962,82,106,379,770,110,267,6,20,96
ABO,2023,9,9,12,24,57.5,17.2,15.1,12.5,18,56,0,873,73,3.5,6.4,792,895,118,112,164,774,197,290,19,20,96
ABO,2023,9,9,13,23.9,60.5,18,15.8,13.09,18.4,57.4,0,873,53,4.3,8.5,750,868,120,109,105,725,426,316,29,20,96
ABO,2023,9,9,14,23.9,62.9,18.6,16.4,13.54,18.8,58.5,0,873.2,50,4.5,7.9,363,110,291,142,149,236,219,347,61,20,96
ABO,2023,9,9,15,23.2,65.6,18.7,16.4,13.61,18.6,58,0,873.2,46,3.6,7,308,135,238,116,121,204,238,367,64,20,96
ABO,2023,9,9,16,22.4,67.1,18.2,16,13.24,18.1,56.2,0,873.3,43,2.5,5.1,314,487,125,70,71,244,539,338,53,20,96
ABO,2023,9,9,17,21.5,72.3,18.5,16.3,13.46,18,55.8,0,873.6,76,1.1,3.6,95,96,67,36,38,62,134,323,59,20,96
ABO,2023,9,9,18,20.6,74.9,18.2,16,13.23,17.5,54.3,0,873.8,270,0.8,1.8,1,0,1,1,1,1,1,302,70,20,96
ABO,2023,9,9,19,19.5,78.7,17.8,15.7,12.93,17,52.4,0,874.2,284,0.7,1.5,0,0,0,0,0,0,0,273,40,20,96
ABO,2023,9,9,20,18.8,80.6,17.5,15.4,12.7,16.5,51.1,0,874.3,248,0.8,2.6,0,0,0,0,0,0,0,269,10,20,96
ABO,2023,9,9,21,18.1,82.1,17,15,12.34,16.1,49.5,0,874.2,284,0.6,1.8,0,0,0,0,0,0,0,266,0,20,96
ABO,2023,9,9,22,17.4,83.6,16.6,14.6,12.04,15.6,48,0,874.1,288,0.7,1.7,0,0,0,0,0,0,0,263,0,20,96
ABO,2023,9,9,23,17.4,83.1,16.5,14.5,11.97,15.5,47.8,0,874.1,297,0.6,1.5,0,0,0,0,0,0,0,260,0,20,96
ABO,2023,9,10,0,16.7,84.1,16,14,11.6,15,46.2,0,874,288,0.5,1.2,0,0,0,0,0,0,0,256,0,20,96
ABO,2023,9,10,1,16.8,82.5,15.8,13.8,11.45,14.9,45.9,0,873.8,297,0.6,1.7,0,0,0,0,0,0,0,254,0,20,96
ABO,2023,9,10,2,16.8,80.9,15.5,13.5,11.23,14.7,45.3,0,873.7,297,0.5,1.4,0,0,0,0,0,0,0,254,0,20,96
ABO,2023,9,10,3,16.5,81.4,15.3,13.3,11.09,14.5,44.7,0,873.7,315,0.6,1.7,0,0,0,0,0,0,0,253,10,20,96
ABO,2023,9,10,4,16.6,79.3,15,13,10.87,14.3,44.2,0,873.7,315,0.6,1.3,0,0,0,0,0,0,0,253,23,20,96
ABO,2023,9,10,5,15.8,82.3,14.8,12.8,10.72,13.9,43,0,873.8,297,0.6,1.3,0,0,0,0,0,0,0,276,36,20,96
ABO,2023,9,10,6,15.5,82.3,14.5,12.5,10.49,13.6,42.1,0,874,270,0.5,1.1,17,0,17,13,13,13,13,258,19,20,96
ABO,2023,9,10,7,16.9,77.8,15,13,10.86,14.4,44.5,0,874.2,207,0.8,3,154,355,45,39,387,124,40,253,0,20,96
ABO,2023,9,10,8,19,69.5,15.3,13.3,11.08,15.3,47.2,0,874.3,166,0.9,2.7,415,804,74,63,785,362,64,256,0,20,96
ABO,2023,9,10,9,21,65.1,16.2,14.2,11.74,16.5,50.9,0,874.3,128,1.8,5.4,562,810,107,85,701,525,88,259,0,20,96
ABO,2023,9,10,10,22.8,51.2,14.2,12.2,10.27,16,49.1,0,874.1,96,3,5,699,906,94,99,584,679,103,262,0,20,96
ABO,2023,9,10,11,23.5,51,14.8,12.8,10.72,16.6,50.9,0,873.7,78,2.6,4.8,800,964,96,111,394,792,115,265,0,20,96
ABO,2023,9,10,12,24.2,51.9,15.7,13.7,11.38,17.3,53.3,0,873.5,59,3.6,6.5,791,876,135,117,167,779,207,268,29,20,96
ABO,2023,9,10,13,23.7,55.3,16.2,14.2,11.76,17.4,53.8,0,873.3,55,3.7,7.7,729,811,147,113,110,708,443,290,26,20,96
ABO,2023,9,10,14,24.3,57.2,17.4,15.3,12.65,18.2,56.6,0,873.2,54,3.9,6.7,673,845,124,103,100,646,614,292,25,20,96
ABO,2023,9,10,15,23.6,57.8,16.8,14.8,12.2,17.7,54.8,0,873.3,45,3.7,7.5,429,435,189,103,105,358,461,318,43,20,96
ABO,2023,9,10,16,22.7,59.5,16.4,14.4,11.91,17.2,53.1,0,873.2,33,2.5,5.4,355,668,100,63,62,297,702,331,45,20,96
ABO,2023,9,10,17,21.6,65.7,16.9,14.9,12.27,17.2,52.9,0,873.4,297,1.1,3.4,111,176,61,34,35,74,208,324,55,20,96
ABO,2023,9,10,18,20.8,69,16.9,14.9,12.27,16.9,52.1,0,873.5,286,0.9,2.2,5,0,5,3,3,3,3,324,63,20,96
ABO,2023,9,10,19,19.5,73.3,16.6,14.6,12.04,16.3,50.2,0,873.9,236,0.8,1.9,0,0,0,0,0,0,0,281,41,20,96
ABO,2023,9,10,20,18.8,74.6,16.2,14.2,11.75,15.8,48.7,0,873.8,284,0.7,1.5,0,0,0,0,0,0,0,270,0,20,96
ABO,2023,9,10,21,18.2,76,15.9,13.9,11.53,15.4,47.5,0,873.7,270,0.6,1.3,0,0,0,0,0,0,0,267,0,20,96
ABO,2023,9,10,22,17.6,78.4,15.8,13.8,11.46,15.2,46.7,0,873.5,284,0.5,1.6,0,0,0,0,0,0,0,264,0,20,96
ABO,2023,9,10,23,17.2,78.3,15.4,13.4,11.17,14.8,45.6,0,873.2,297,0.6,1.5,0,0,0,0,0,0,0,261,0,20,96
ABO,2023,9,11,0,17.3,76.8,15.2,13.2,11.02,14.7,45.3,0,873,315,0.6,1.5,0,0,0,0,0,0,0,258,0,20,96
ABO,2023,9,11,1,16.8,77.8,14.9,12.9,10.81,14.3,44.2,0,872.6,304,0.5,1.5,0,0,0,0,0,0,0,256,0,21,96
ABO,2023,9,11,2,16.6,78.3,14.8,12.8,10.73,14.2,43.9,0,872.6,297,0.5,1.9,0,0,0,0,0,0,0,255,0,21,96
ABO,2023,9,11,3,16.1,80.3,14.7,12.7,10.66,14,43.2,0,872.4,297,0.5,1.4,0,0,0,0,0,0,0,255,13,21,96
ABO,2023,9,11,4,16.3,79.8,14.8,12.8,10.74,14.1,43.6,0,872,297,0.7,2.2,0,0,0,0,0,0,0,254,36,21,96
ABO,2023,9,11,5,15.8,80.2,14.4,12.4,10.45,13.7,42.3,0,871.8,288,0.6,1.8,0,0,0,0,0,0,0,264,40,21,96
ABO,2023,9,11,6,15.7,81.3,14.5,12.5,10.52,13.7,42.4,0,871.9,288,0.6,1.6,17,0,17,13,13,13,13,253,6,21,96
ABO,2023,9,11,7,16.9,76.8,14.8,12.8,10.74,14.3,44.2,0,871.9,194,0.8,3.4,151,355,44,40,387,126,41,254,0,21,96
ABO,2023,9,11,8,19,68.2,15,13,10.89,15.2,46.7,0,871.8,180,0.9,2,405,768,82,65,761,360,67,256,0,21,96
ABO,2023,9,11,9,21.1,62.6,15.7,13.7,11.41,16.3,50.2,0,871.8,139,1.2,3.3,564,835,97,87,714,538,89,259,0,21,96
ABO,2023,9,11,10,22.9,52.9,14.8,12.8,10.75,16.4,50.4,0,871.5,83,2.7,5.1,694,905,94,102,586,686,106,283,23,21,96
ABO,2023,9,11,11,23.5,51.4,14.9,12.9,10.82,16.6,51.2,0,871.2,62,3.4,7,783,960,86,112,384,787,117,293,36,21,96
ABO,2023,9,11,12,23.9,51.2,15.2,13.2,11.05,16.9,52.2,0,870.8,59,3.8,6.8,799,934,105,117,160,805,204,280,33,21,96
ABO,2023,9,11,13,24,56.8,16.9,14.9,12.31,17.9,55.5,0,870.7,56,4.1,7.4,625,507,262,140,141,568,384,306,48,21,96
ABO,2023,9,11,14,23.9,57.5,17,15,12.39,17.9,55.6,0,870.5,51,4,7.7,493,396,235,130,132,416,384,325,55,21,96
ABO,2023,9,11,15,23.1,56.6,16,14,11.65,17.1,52.9,0,870.3,47,2.8,6.5,149,22,138,70,73,85,88,345,71,21,96
ABO,2023,9,11,16,22.2,60.5,16.2,14.2,11.8,16.9,52.3,0,870.3,49,2.2,4.8,275,432,121,69,70,214,488,321,54,21,96
ABO,2023,9,11,17,21.3,66,16.7,14.7,12.17,16.9,52.3,0,870.2,261,1.1,2.1,32,0,32,36,35,36,36,306,26,21,96
ABO,2023,9,11,18,20,70.2,16.4,14.4,11.95,16.3,50.4,0,870.2,301,0.7,1.9,10,0,10,7,8,8,7,276,13,21,96
ABO,2023,9,11,19,18.7,73.2,15.8,13.8,11.5,15.5,48,0,870.5,284,0.5,1.6,0,0,0,0,0,0,0,287,34,21,96
ABO,2023,9,11,20,17.7,75.9,15.4,13.4,11.2,15,46.2,0,870.5,243,0.7,2,0,0,0,0,0,0,0,322,84,21,96
ABO,2023,9,11,21,17.2,77.3,15.2,13.2,11.05,14.7,45.3,0,870.5,360,0.6,2.5,0,0,0,0,0,0,0,290,39,21,96
ABO,2023,9,11,22,17.4,74.9,14.9,12.9,10.84,14.5,44.9,0,870.2,297,0.8,2.2,0,0,0,0,0,0,0,298,50,21,96
ABO,2023,9,11,23,17.2,74.8,14.7,12.7,10.69,14.4,44.4,0,870,304,0.8,2.3,0,0,0,0,0,0,0,301,63,21,96
ABO,2023,9,12,0,16.4,76.2,14.2,12.2,10.32,13.8,42.6,0,870.1,270,0.7,2.3,0,0,0,0,0,0,0,265,6,21,96
ABO,2023,9,12,1,17.2,70.5,13.8,11.8,10.02,13.8,42.7,0,870.1,338,0.8,2.2,0,0,0,0,0,0,0,260,0,21,96
ABO,2023,9,12,2,16.9,70,13.5,11.4,9.8,13.5,41.8,0,870,304,0.6,1.6,0,0,0,0,0,0,0,261,0,21,96
ABO,2023,9,12,3,16.1,71.3,13,10.9,9.44,12.9,40.1,0,869.9,292,0.7,1.6,0,0,0,0,0,0,0,286,26,21,96
ABO,2023,9,12,4,15.5,75,13.2,11.1,9.59,12.8,39.8,0,869.5,270,0.7,1.9,0,0,0,0,0,0,0,311,68,21,96
ABO,2023,9,12,5,15.9,73.1,13.2,11.1,9.59,13,40.2,0,869.6,277,1,2.3,0,0,0,0,0,0,0,334,88,21,96
ABO,2023,9,12,6,15.9,72.2,13,10.9,9.44,12.9,39.9,0,869.5,297,0.6,1.2,12,0,12,8,8,8,8,322,88,21,96
ABO,2023,9,12,7,17.1,71.5,13.9,11.9,10.1,13.9,42.8,0,869.7,207,0.7,2.1,106,64,86,48,115,70,46,331,88,21,96
ABO,2023,9,12,8,18.5,69.4,14.8,12.8,10.77,14.9,45.9,0,869.7,219,0.9,2.3,253,185,176,89,276,179,86,329,94,21,96
ABO,2023,9,12,9,20,62,14.5,12.5,10.55,15.2,46.9,0,869.6,203,0.8,1.9,259,88,208,105,186,172,100,347,100,21,96
ABO,2023,9,12,10,21.6,53.6,13.8,11.8,10.03,15.4,47.2,0,869.6,81,1.6,4.9,421,194,291,146,286,315,141,350,100,21,96
ABO,2023,9,12,11,20.7,60.9,14.9,12.9,10.84,15.7,48.3,0,869.7,81,1.6,4.4,153,3,150,76,82,82,72,354,100,21,96
ABO,2023,9,12,12,21.2,60.3,15.2,13.2,11.07,16,49.4,0,869.5,77,2,4.2,434,230,265,145,150,334,199,349,90,21,96
ABO,2023,9,12,13,23.1,52.6,14.9,12.9,10.85,16.5,50.8,0,869.2,66,2.7,6.3,767,941,99,114,109,780,458,315,44,21,96
ABO,2023,9,12,14,21.7,63.2,16.4,14.4,11.96,16.9,52.2,0,869.5,52,4,8.6,271,230,121,76,77,224,204,346,88,21,96
ABO,2023,9,12,15,18,69.8,14.4,12.4,10.46,14.5,44.6,22.1,870.6,5,3.9,19.8,90,16,82,42,44,52,55,345,100,21,96
ABO,2023,9,12,16,14.2,85.5,13.8,11.8,10.02,12.7,39.6,1.6,870.7,247,1.8,4.1,222,365,88,51,51,184,405,335,81,21,96
ABO,2023,9,12,17,14.3,90.1,14.7,12.7,10.69,13.3,41.4,0,869.9,236,1.4,3.4,52,0,52,35,36,36,34,342,94,21,96
ABO,2023,9,12,18,14.9,87.2,14.8,12.8,10.76,13.6,42.2,0.7,870.2,302,2,4.9,8,0,8,4,4,4,4,345,100,21,96
ABO,2023,9,12,19,14.5,87.2,14.4,12.4,10.45,13.2,41,14.5,871.4,283,2.8,12.8,0,0,0,0,0,0,0,343,100,21,96
ABO,2023,9,12,20,13.9,90.1,14.3,12.3,10.37,12.9,40.2,1.9,871.9,243,1.3,3.3,0,0,0,0,0,0,0,346,100,21,96
ABO,2023,9,12,21,13.9,89.5,14.2,12.2,10.29,12.9,40,2.8,872.5,252,1.7,5.3,0,0,0,0,0,0,0,343,100,21,96
ABO,2023,9,12,22,13.4,92.4,14.2,12.2,10.3,12.7,39.5,3.8,872.1,326,1.4,4.2,0,0,0,0,0,0,0,341,100,21,96
ABO,2023,9,12,23,13.1,91.8,13.8,11.8,10.01,12.3,38.4,0,871.3,270,1.3,2.8,0,0,0,0,0,0,0,322,80,21,96
ABO,2023,9,13,0,12.5,91.2,13.2,11.1,9.57,11.7,36.7,0,870.7,281,0.8,2.3,0,0,0,0,0,0,0,295,59,21,96
ABO,2023,9,13,1,12,91.1,12.8,10.6,9.28,11.2,35.5,0.1,870.3,243,0.8,2,0,0,0,0,0,0,0,302,53,22,96
ABO,2023,9,13,2,12,91.1,12.8,10.6,9.28,11.2,35.5,0,870.3,236,0.6,2.1,0,0,0,0,0,0,0,321,94,22,96
ABO,2023,9,13,3,12.7,90,13.2,11.1,9.57,11.7,36.9,0,870.7,231,0.9,2.7,0,0,0,0,0,0,0,325,94,22,96
ABO,2023,9,13,4,12.9,90,13.4,11.3,9.73,11.9,37.5,0,870.3,256,0.9,2.3,0,0,0,0,0,0,0,324,94,22,96
ABO,2023,9,13,5,12.7,90,13.2,11.1,9.58,11.7,36.9,0.2,870.3,217,1.2,4.7,0,0,0,0,0,0,0,317,78,22,96
ABO,2023,9,13,6,12.7,90,13.2,11.1,9.57,11.7,36.9,0,870.7,207,0.8,1.9,13,0,13,7,8,8,7,328,100,22,96
ABO,2023,9,13,7,13.1,91.8,13.8,11.8,10.02,12.3,38.5,0.4,870.7,270,0.9,2.2,27,0,27,14,15,15,13,333,100,22,96
ABO,2023,9,13,8,13.8,88.9,14,12,10.16,12.7,39.5,0,871.2,203,1,2.8,91,1,91,46,50,49,44,335,100,22,96
ABO,2023,9,13,9,14.1,88.9,14.3,12.3,10.38,13,40.4,0.1,871.5,180,1,2.4,157,2,156,79,85,84,75,337,100,22,96
ABO,2023,9,13,10,14.2,91.9,14.9,12.9,10.82,13.4,41.6,0,871.5,84,1.1,2.2,243,18,231,118,135,137,112,340,100,22,96
ABO,2023,9,13,11,15,83.3,14.2,12.2,10.3,13.3,41.1,0,871.6,83,1,2.1,138,0,138,70,74,73,67,342,100,22,96
ABO,2023,9,13,12,14.8,87.2,14.7,12.7,10.67,13.5,41.8,0,871.8,74,1.6,3.5,113,1,112,57,60,60,54,344,100,22,96
ABO,2023,9,13,13,15.3,82.8,14.4,12.4,10.45,13.5,41.8,0,871.7,70,2.5,4.7,148,0,148,75,79,79,72,345,100,22,96
ABO,2023,9,13,14,14.8,85.5,14.4,12.4,10.45,13.3,41.3,0.4,871.7,90,1.8,4.5,46,0,46,23,24,24,22,344,100,22,96
ABO,2023,9,13,15,14.3,84.9,13.8,11.8,10,12.8,39.7,3.2,871.9,259,1.4,5.3,85,14,78,40,42,49,52,342,100,22,96
ABO,2023,9,13,16,14.1,88.3,14.2,12.2,10.3,12.9,40.2,0,871.9,342,0.9,1.8,137,21,129,66,69,77,83,341,100,22,96
ABO,2023,9,13,17,13.9,91.3,14.5,12.5,10.52,13,40.5,0.2,872.1,63,0.9,2.2,31,0,31,16,17,16,15,340,100,22,96
ABO,2023,9,13,18,13.5,94.9,14.7,12.7,10.66,13,40.5,0,872.8,84,1,2.2,1,0,1,1,1,1,1,338,100,22,96
ABO,2023,9,13,19,13.3,93,14.2,12.2,10.28,12.6,39.3,0.1,873,47,1.7,3.8,0,0,0,0,0,0,0,337,100,22,96
ABO,2023,9,13,20,13.1,91.8,13.8,11.8,9.99,12.3,38.4,0.4,873.3,27,2.4,4.6,0,0,0,0,0,0,0,336,100,22,96
ABO,2023,9,13,21,12.8,94.9,14,12,10.13,12.3,38.4,0.3,873.7,69,1,3.4,0,0,0,0,0,0,0,334,100,22,96
ABO,2023,9,13,22,12.7,94.3,13.8,11.8,9.98,12.2,38,0.1,873.7,180,0.6,1.1,0,0,0,0,0,0,0,333,100,22,96
ABO,2023,9,13,23,12.6,94.2,13.7,11.7,9.91,12.1,37.7,0.1,873.5,214,0.8,1.3,0,0,0,0,0,0,0,332,100,22,96
ABO,2023,9,14,0,12.6,94.9,13.8,11.8,9.98,12.1,37.9,0,873.6,153,0.5,1.1,0,0,0,0,0,0,0,331,100,22,96
ABO,2023,9,14,1,12.5,92.4,13.4,11.3,9.69,11.8,37,0,873.4,180,0.6,1.7,0,0,0,0,0,0,0,330,100,21,96
ABO,2023,9,14,2,12.3,93,13.3,11.2,9.62,11.6,36.6,0,873.2,198,0.7,1.2,0,0,0,0,0,0,0,329,100,21,96
ABO,2023,9,14,3,12.3,92.4,13.2,11.1,9.55,11.6,36.5,0,873,191,0.6,1.3,0,0,0,0,0,0,0,325,100,21,96
ABO,2023,9,14,4,12.2,93.6,13.3,11.2,9.62,11.6,36.5,0,872.9,180,0.6,1.5,0,0,0,0,0,0,0,316,75,21,96
ABO,2023,9,14,5,12,91.7,12.9,10.7,9.33,11.2,35.6,0,872.6,207,0.7,1.6,0,0,0,0,0,0,0,324,81,21,96
ABO,2023,9,14,6,11.4,94.2,12.7,10.5,9.18,10.9,34.6,0,873,34,0.7,1.5,20,0,20,13,13,13,12,308,61,21,96
ABO,2023,9,14,7,11.5,93.6,12.7,10.5,9.18,10.9,34.7,0,873.2,101,0.7,1.6,85,6,83,43,51,46,41,311,94,21,96
ABO,2023,9,14,8,11.9,93.6,13,10.9,9.4,11.3,35.7,0,873.4,171,0.6,1.6,152,13,146,75,91,84,71,330,100,21,96
ABO,2023,9,14,9,13.1,86.5,13,10.9,9.4,11.8,36.9,0,873.3,198,0.7,2.2,277,72,236,120,187,176,114,334,100,21,96
ABO,2023,9,14,10,14.6,77.4,12.9,10.7,9.33,12.2,38.3,0,873.2,117,0.9,2.8,467,265,292,148,335,376,144,338,88,21,96
ABO,2023,9,14,11,15.5,78.1,13.7,11.7,9.92,13.2,40.7,0,872.9,72,2.9,4.5,485,212,333,168,277,373,162,341,100,21,96
ABO,2023,9,14,12,15.9,72.2,13,10.9,9.41,12.9,39.8,0,872.6,73,2.4,4.2,496,225,331,168,199,386,207,345,94,21,96
ABO,2023,9,14,13,16.9,68.6,13.2,11.1,9.56,13.3,41.2,0,872.3,77,2.7,4.9,485,227,327,164,170,377,289,347,100,21,96
ABO,2023,9,14,14,16.4,74.7,13.9,11.9,10.07,13.6,42,0,872.1,74,2.6,5,344,157,243,123,127,257,232,341,88,21,96
ABO,2023,9,14,15,15.8,79.7,14.3,12.3,10.37,13.6,42.1,0,872.1,58,3.4,5.9,235,73,199,101,106,150,164,345,100,21,96
ABO,2023,9,14,16,15.2,83.9,14.5,12.5,10.52,13.5,41.9,0,872.2,47,2.7,6,70,0,70,35,37,37,34,343,100,21,96
ABO,2023,9,14,17,15,85,14.5,12.5,10.52,13.4,41.7,0,872.2,54,1.8,3.9,26,0,26,17,17,17,16,342,100,21,96
ABO,2023,9,14,18,14.5,88.9,14.7,12.7,10.66,13.4,41.5,0.6,872.2,63,1.5,3,8,0,8,6,6,6,5,336,94,21,96
ABO,2023,9,14,19,14.2,91.9,14.9,12.9,10.81,13.4,41.6,0,872.4,90,1.1,2.3,0,0,0,0,0,0,0,325,81,21,96
ABO,2023,9,14,20,14.1,92.5,14.9,12.9,10.81,13.4,41.5,0,872.2,121,0.6,1.5,0,0,0,0,0,0,0,313,75,21,96
ABO,2023,9,14,21,14,94.9,15.2,13.2,11.04,13.5,42,0,871.9,135,0.7,1.7,0,0,0,0,0,0,0,305,70,21,96
ABO,2023,9,14,22,14.1,92.5,14.9,12.9,10.81,13.4,41.5,0,872,225,0.6,1.6,0,0,0,0,0,0,0,300,64,21,96
ABO,2023,9,14,23,13.9,93.1,14.8,12.8,10.75,13.2,41.1,0,871.5,180,0.7,1.4,0,0,0,0,0,0,0,319,74,21,96
ABO,2023,9,15,0,13.5,90.6,14,12,10.16,12.6,39.2,0,871,270,0.6,1.5,0,0,0,0,0,0,0,328,100,21,96
ABO,2023,9,15,1,13.3,90,13.7,11.7,9.94,12.3,38.5,0.1,871.1,252,0.7,2.3,0,0,0,0,0,0,0,327,100,22,96
ABO,2023,9,15,2,13.3,90.6,13.8,11.8,10.01,12.4,38.7,0.4,870.9,315,0.9,2.7,0,0,0,0,0,0,0,326,100,22,96
ABO,2023,9,15,3,13.1,88.8,13.4,11.3,9.72,12,37.7,0.7,870.8,262,1.1,2.5,0,0,0,0,0,0,0,326,100,22,96
ABO,2023,9,15,4,12.7,87.6,12.9,10.7,9.36,11.5,36.4,0.1,870.5,281,1.1,2.5,0,0,0,0,0,0,0,326,100,22,96
ABO,2023,9,15,5,12.7,86.5,12.7,10.5,9.2,11.4,36,0,870.9,0,1.4,4.4,0,0,0,0,0,0,0,325,100,22,96
ABO,2023,9,15,6,12.3,92.4,13.2,11.1,9.57,11.6,36.5,0.3,871.3,214,0.7,2,19,0,19,10,11,11,10,325,100,22,96
ABO,2023,9,15,7,12.9,88.8,13.2,11.1,9.57,11.8,37.1,0,871.1,198,0.6,1.6,42,0,42,22,23,23,21,326,100,22,96
ABO,2023,9,15,8,13.3,90.6,13.8,11.8,10.01,12.4,38.6,0.6,871.6,63,1.1,2.6,81,0,81,41,43,43,39,330,100,22,96
ABO,2023,9,15,9,14.2,81.6,13.2,11.1,9.57,12.3,38.5,0.1,871.4,162,0.8,2.5,415,439,166,103,426,372,102,325,88,22,96
ABO,2023,9,15,10,16,69.8,12.7,10.5,9.2,12.7,39.4,0,871.2,158,1.2,3.7,340,89,283,143,217,223,137,333,94,22,96
ABO,2023,9,15,11,17.3,64.7,12.8,10.6,9.28,13.2,40.9,0,871.1,90,1,2.4,413,169,292,151,226,307,145,337,88,22,96
ABO,2023,9,15,12,18.5,65.4,13.9,11.9,10.09,14.4,44.2,0,870.7,72,2.6,4.6,597,470,256,147,180,549,212,341,71,22,96
ABO,2023,9,15,13,18,61.5,12.7,10.5,9.21,13.4,41.4,0,870.3,66,2.9,5.4,238,49,204,103,108,152,126,348,88,22,96
ABO,2023,9,15,14,18.2,62.4,13,10.9,9.44,13.7,42.2,0,870,90,2.1,5.6,204,61,168,85,89,135,132,342,88,22,96
ABO,2023,9,15,15,18.5,65.9,14,12,10.18,14.4,44.4,0,869.6,83,2.6,5.7,259,155,183,96,99,187,229,345,75,22,96
ABO,2023,9,15,16,18.4,65,13.7,11.7,9.96,14.2,43.7,0,869.6,69,1.5,3.4,267,387,124,70,71,224,441,329,68,22,96
ABO,2023,9,15,17,17.1,71.9,14,12,10.18,13.9,43,0,869.7,45,1,2.4,30,0,30,32,32,32,32,312,45,22,96
ABO,2023,9,15,18,15.6,79.1,14,12,10.18,13.4,41.4,0,869.7,207,0.8,1.7,7,0,7,5,5,5,4,309,65,22,96
ABO,2023,9,15,19,14.6,83.3,13.8,11.8,10.02,12.9,40,0,870.2,333,0.6,1.5,0,0,0,0,0,0,0,302,45,22,96
ABO,2023,9,15,20,13.5,85.4,13.2,11.1,9.58,12.1,37.8,0,870.2,307,0.7,1.8,0,0,0,0,0,0,0,286,0,22,96
ABO,2023,9,15,21,13.3,84.2,12.9,10.7,9.36,11.7,37,0,870,304,0.8,2.8,0,0,0,0,0,0,0,283,0,22,96
ABO,2023,9,15,22,12.5,85.9,12.4,10.2,9,11.1,35.3,0,869.8,256,0.7,2,0,0,0,0,0,0,0,306,38,22,96
ABO,2023,9,15,23,12.8,83.1,12.3,10,8.92,11.1,35.4,0,869.9,225,0.8,2.8,0,0,0,0,0,0,0,324,90,22,96
ABO,2023,9,16,0,13.1,80.9,12.2,9.9,8.85,11.2,35.5,0,870.1,259,1.3,3.2,0,0,0,0,0,0,0,317,78,22,96
ABO,2023,9,16,1,13.4,78.3,12,9.7,8.7,11.2,35.4,0,870,259,1.1,3.2,0,0,0,0,0,0,0,300,63,21,96
ABO,2023,9,16,2,13.1,74.1,11.2,8.6,8.11,10.5,33.7,0,869.7,270,0.9,2.7,0,0,0,0,0,0,0,288,43,21,96
ABO,2023,9,16,3,12.1,76,10.7,8,7.75,9.8,31.7,0,869.6,288,1,2.8,0,0,0,0,0,0,0,305,68,21,96
ABO,2023,9,16,4,12.6,73.5,10.7,8,7.75,10,32.2,0,869.3,278,1,2.2,0,0,0,0,0,0,0,317,90,21,96
ABO,2023,9,16,5,13.2,71.2,10.8,8.1,7.83,10.3,33,0,868.8,284,0.8,2,0,0,0,0,0,0,0,325,100,21,96
ABO,2023,9,16,6,13.2,71.7,10.9,8.2,7.9,10.3,33.2,0,868.9,270,1.1,3.5,18,0,18,10,10,10,9,325,94,21,96
ABO,2023,9,16,7,14.5,67.7,11.2,8.6,8.12,11.1,35.1,0,869,252,1.1,2.9,105,50,91,49,102,67,47,327,94,21,96
ABO,2023,9,16,8,16.1,64,11.7,9.3,8.49,12.1,37.7,0,869.2,214,1,2.5,330,512,112,73,528,301,73,313,71,21,96
ABO,2023,9,16,9,18.2,54.2,11.3,8.8,8.19,12.6,39.1,0,869.2,169,1.2,3.2,536,822,92,84,695,549,87,272,6,21,96
ABO,2023,9,16,10,20.6,44.5,10.8,8.1,7.83,13.1,40.6,0,869,131,1.3,3.2,657,865,102,101,566,688,105,267,6,21,96
ABO,2023,9,16,11,21.7,43,11.2,8.6,8.12,13.8,42.5,0,868.9,69,2.9,7.3,718,811,148,121,387,741,124,298,41,21,96
ABO,2023,9,16,12,21.4,46,11.7,9.3,8.49,14,43.1,0,869.1,49,3.9,7.8,497,250,317,162,203,399,197,339,81,21,96
ABO,2023,9,16,13,19.5,58.3,13.2,11.1,9.59,14.3,43.9,0,869.6,51,3.4,7.5,214,33,190,96,100,132,108,351,100,21,96
ABO,2023,9,16,14,18.5,65.9,14,12,10.17,14.4,44.4,0.4,870.1,23,1.8,4.1,69,0,69,35,37,36,33,350,100,21,96
ABO,2023,9,16,15,18,73.5,15.2,13.2,11.06,14.9,46.1,0.1,870.1,67,1.7,4.3,79,0,79,40,42,41,38,348,100,21,96
ABO,2023,9,16,16,17.8,72.5,14.8,12.8,10.76,14.6,45.2,0,870.1,61,1.4,4.6,74,0,74,38,40,39,36,342,94,21,96
ABO,2023,9,16,17,17.3,72,14.2,12.2,10.32,14.1,43.5,0,870,351,1.1,2.3,32,0,32,27,28,28,27,331,78,21,96
ABO,2023,9,16,18,16.3,78.2,14.5,12.5,10.54,13.9,43.1,0,870,288,0.7,1.7,4,0,4,2,2,2,2,339,81,21,96
ABO,2023,9,16,19,15.1,82.8,14.2,12.2,10.32,13.3,41.3,0,870.4,333,0.8,2,0,0,0,0,0,0,0,329,81,21,96
ABO,2023,9,16,20,14.7,82.8,13.8,11.8,10.02,12.9,40.1,0,870.7,219,1.1,2.9,0,0,0,0,0,0,0,340,100,21,96
ABO,2023,9,16,21,15.1,82.8,14.2,12.2,10.31,13.3,41.3,0,870.7,225,0.7,2.1,0,0,0,0,0,0,0,338,94,21,96
ABO,2023,9,16,22,14.7,82.8,13.8,11.8,10.02,12.9,40.1,0,870.5,233,1.2,4.1,0,0,0,0,0,0,0,307,41,21,96
ABO,2023,9,16,23,14.2,81.6,13.2,11.1,9.57,12.3,38.5,0,870.7,288,0.7,2.4,0,0,0,0,0,0,0,322,74,21,96
ABO,2023,9,17,0,14.1,82.1,13.2,11.1,9.57,12.3,38.4,0,870.8,284,0.8,2,0,0,0,0,0,0,0,327,94,21,96
ABO,2023,9,17,1,14,80.5,12.9,10.7,9.35,12,37.7,0,870.8,284,0.7,1.6,0,0,0,0,0,0,0,330,100,20,96
ABO,2023,9,17,2,13.8,81,12.8,10.6,9.28,11.9,37.3,0,870.9,297,0.7,1.6,0,0,0,0,0,0,0,327,94,20,96
ABO,2023,9,17,3,14,80,12.8,10.6,9.28,12,37.5,0,870.7,297,0.7,1.6,0,0,0,0,0,0,0,326,94,20,96
ABO,2023,9,17,4,13.3,80.4,12.3,10,8.91,11.3,35.9,0,870.7,270,0.5,1.7,0,0,0,0,0,0,0,323,88,20,96
ABO,2023,9,17,5,13.1,81.5,12.3,10,8.91,11.3,35.7,0,870.8,297,0.6,1.6,0,0,0,0,0,0,0,328,100,20,96
ABO,2023,9,17,6,13.2,80.9,12.3,10,8.91,11.3,35.8,0,870.9,270,0.6,1.5,15,0,15,8,8,8,7,324,88,20,96
ABO,2023,9,17,7,14.4,77.9,12.8,10.6,9.28,12.1,37.9,0,871,219,1,3.5,139,226,78,44,270,108,43,314,71,20,96
ABO,2023,9,17,8,16.8,69.5,13.3,11.2,9.65,13.4,41.3,0,870.9,198,1.1,3.1,326,474,135,73,522,297,72,314,71,20,96
ABO,2023,9,17,9,18.5,57.7,12.3,10,8.91,13.3,41.2,0,870.9,193,1.1,2.7,362,239,235,117,331,284,113,334,88,20,96
ABO,2023,9,17,10,20,50.4,11.8,9.4,8.55,13.6,41.8,0,870.7,130,1.1,3.6,561,534,222,119,465,539,119,324,75,20,96
ABO,2023,9,17,11,21.6,49.2,12.7,10.5,9.21,14.7,45.1,0,870.4,81,2.8,5.1,698,778,155,112,375,729,115,320,63,20,96
ABO,2023,9,17,12,22.2,45.6,12.2,9.9,8.84,14.6,44.8,0,870.2,81,2.7,5.7,750,903,103,109,137,800,211,313,46,20,96
ABO,2023,9,17,13,23.4,44.1,12.7,10.5,9.22,15.3,47,0,869.6,79,2.8,6.4,711,879,109,105,102,754,439,308,36,20,96
ABO,2023,9,17,14,22.7,44.2,12.2,9.9,8.85,14.8,45.3,0,869.7,77,2.2,6.9,536,565,199,118,119,506,502,340,75,20,96
ABO,2023,9,17,15,20.9,56,13.8,11.8,10.03,15.1,46.5,0,869.7,53,2.2,5.4,199,68,165,83,86,129,141,354,100,20,96
ABO,2023,9,17,16,20.4,59.3,14.2,12.2,10.33,15.2,46.7,0,869.4,106,0.9,2,233,352,121,66,67,188,408,321,70,20,96
ABO,2023,9,17,17,19.5,61.5,13.9,11.9,10.11,14.7,45.3,0,869.1,309,0.9,2.4,26,0,26,28,28,28,28,280,6,20,96
ABO,2023,9,17,18,17.8,65.7,13.4,11.3,9.74,13.8,42.6,0,868.7,297,1,2.4,5,0,5,3,3,3,3,275,0,20,96
ABO,2023,9,17,19,16.6,69,13,10.9,9.45,13.1,40.6,0,868.7,270,1.3,4.8,0,0,0,0,0,0,0,269,0,20,96
ABO,2023,9,17,20,16,70.3,12.8,10.6,9.3,12.7,39.6,0,868.9,270,1.5,4.6,0,0,0,0,0,0,0,285,31,20,96
ABO,2023,9,17,21,16.4,67.2,12.5,10.3,9.08,12.7,39.5,0,868.7,270,1.6,5.6,0,0,0,0,0,0,0,285,25,20,96
ABO,2023,9,17,22,16.2,64,11.8,9.4,8.57,12.2,38,0,868.3,261,1.4,5.6,0,0,0,0,0,0,0,302,58,20,96
ABO,2023,9,17,23,17.1,57.3,11.2,8.6,8.13,12.1,37.8,0,867.8,333,1.9,5.5,0,0,0,0,0,0,0,307,49,20,96
ABO,2023,9,18,0,17.4,55.5,11,8.4,7.99,12.1,37.7,0,867.7,342,1.6,4.1,0,0,0,0,0,0,0,297,29,20,96
ABO,2023,9,18,1,16.8,57.6,11,8.4,7.99,11.9,37.1,0,867.1,277,1.4,4,0,0,0,0,0,0,0,291,45,20,96
ABO,2023,9,18,2,15.7,62.6,11.2,8.6,8.14,11.5,36.4,0,866.7,293,1.8,4.7,0,0,0,0,0,0,0,330,94,20,96
ABO,2023,9,18,3,15.9,63.5,11.5,9,8.35,11.8,37.1,0,867.7,34,2.4,6.7,0,0,0,0,0,0,0,326,94,20,96
ABO,2023,9,18,4,14.8,75.9,12.8,10.6,9.32,12.3,38.4,0,867.4,270,1.9,4.3,0,0,0,0,0,0,0,336,94,20,96
ABO,2023,9,18,5,14.4,78.4,12.9,10.7,9.39,12.2,38.2,0,867.1,360,1.1,2.9,0,0,0,0,0,0,0,336,100,20,96
ABO,2023,9,18,6,14.8,78.5,13.2,11.1,9.62,12.6,39.2,0,866.8,239,1,2.4,2,0,2,1,1,1,1,337,100,20,96
ABO,2023,9,18,7,14.9,81.7,13.8,11.8,10.05,13,40.4,0,867.7,41,2.4,5.4,32,0,32,16,17,17,15,338,100,20,96
ABO,2023,9,18,8,14.1,91.3,14.7,12.7,10.71,13.2,41.2,0,868.1,50,2.7,6.6,36,0,36,18,19,19,17,340,100,20,96
ABO,2023,9,18,9,13.5,93.1,14.4,12.4,10.48,12.8,40,8.7,868.8,29,1.9,6.5,34,0,34,17,18,18,16,341,100,20,96
ABO,2023,9,18,10,13.2,92.4,14,12,10.18,12.5,39,3.7,869.7,54,2.1,8.2,40,0,40,20,21,21,19,343,100,20,96
ABO,2023,9,18,11,13.5,80.4,12.4,10.2,9,11.5,36.3,2.5,869.7,203,2.7,10.3,62,0,62,31,33,32,29,345,100,20,96
ABO,2023,9,18,12,13.9,80.5,12.8,10.6,9.29,11.9,37.4,0.8,869.9,225,2.6,8.3,142,1,142,71,75,75,67,347,100,20,96
ABO,2023,9,18,13,13.8,77.3,12.2,9.9,8.85,11.5,36.2,1.6,869.8,244,3.7,9.2,81,0,81,40,42,42,38,347,100,20,96
ABO,2023,9,18,14,13.3,77.2,11.8,9.4,8.55,11,35,3.3,869.9,215,4.3,10,64,0,64,32,34,33,30,346,100,20,96
ABO,2023,9,18,15,13.1,75.6,11.4,8.9,8.27,10.7,34,1.7,869.3,216,3.9,10.6,90,4,89,44,47,48,45,345,100,20,96
ABO,2023,9,18,16,12.8,80.3,11.9,9.5,8.64,10.9,34.7,0.4,868.3,227,2.8,8.4,127,38,115,59,61,76,95,344,100,20,96
ABO,2023,9,18,17,13.6,70.8,11,8.4,7.99,10.6,33.9,0,866.9,235,3.7,8.4,38,0,38,19,20,20,18,342,100,20,96
ABO,2023,9,18,18,13.2,73.6,11.2,8.6,8.14,10.6,33.8,0,867.1,236,1.9,7.3,3,0,3,2,2,2,2,341,100,20,96
ABO,2023,9,18,19,13.2,71.2,10.8,8.1,7.84,10.3,33.1,0,867.8,250,3.2,7.3,0,0,0,0,0,0,0,339,100,20,96
ABO,2023,9,18,20,12.2,76.5,10.9,8.2,7.91,9.9,32.2,0,868.3,262,1.3,3.9,0,0,0,0,0,0,0,336,100,20,96
ABO,2023,9,18,21,14.2,63.6,10.3,7.4,7.46,10.3,33.1,0,868.9,260,2.6,6.8,0,0,0,0,0,0,0,334,100,20,96
ABO,2023,9,18,22,14.5,62.4,10.3,7.4,7.46,10.5,33.4,0,868.7,267,2.2,5.2,0,0,0,0,0,0,0,325,88,20,96
ABO,2023,9,18,23,13,73.6,11,8.4,7.97,10.4,33.2,1.4,869.7,279,1.7,7.1,0,0,0,0,0,0,0,325,94,20,96
ABO,2023,9,19,0,11.4,90.5,12.2,9.9,8.84,10.5,33.8,4,870.4,14,2,5.6,0,0,0,0,0,0,0,325,100,20,96
ABO,2023,9,19,1,11,90.5,11.9,9.5,8.62,10.1,32.8,0.4,870.1,225,1.3,4.3,0,0,0,0,0,0,0,318,88,21,96
ABO,2023,9,19,2,11.6,83.5,11.4,8.9,8.26,10.1,32.5,0.6,870,279,2.9,5.9,0,0,0,0,0,0,0,313,94,21,96
ABO,2023,9,19,3,11.2,86.3,11.5,9,8.33,9.9,32.3,0.1,869.9,252,2.2,4.7,0,0,0,0,0,0,0,312,88,21,96
ABO,2023,9,19,4,11.7,83.5,11.5,9,8.33,10.1,32.8,0.2,870,264,2.1,4.5,0,0,0,0,0,0,0,313,94,21,96
ABO,2023,9,19,5,10.7,93.5,12,9.7,8.7,10.1,32.7,0,869.8,270,1.2,4.3,0,0,0,0,0,0,0,321,100,21,96
ABO,2023,9,19,6,11.8,84.6,11.7,9.3,8.48,10.4,33.2,0,870.2,258,2.5,5.1,12,0,12,8,9,9,8,315,88,21,96
ABO,2023,9,19,7,11.8,85.8,11.9,9.5,8.62,10.5,33.6,0,870.6,351,1.8,4.5,126,166,78,44,212,100,43,308,71,21,96
ABO,2023,9,19,8,11.3,91.7,12.3,10,8.91,10.5,33.8,0,871.1,96,1.1,2.9,225,140,170,85,227,160,82,321,81,21,96
ABO,2023,9,19,9,12.6,87.6,12.8,10.6,9.28,11.4,36.1,0,871.1,84,1.2,3.2,415,375,216,110,429,372,108,330,81,21,96
ABO,2023,9,19,10,14.6,78.5,13,10.9,9.42,12.4,38.5,0,871,82,3,5.2,514,411,257,132,414,471,130,314,65,21,96
ABO,2023,9,19,11,16.1,75.6,13.8,11.8,10.01,13.4,41.5,0,871,79,3.5,6.2,584,449,272,144,327,548,142,311,58,21,96
ABO,2023,9,19,12,17,74.3,14.4,12.4,10.46,14.1,43.6,0,870.7,75,4.1,8.3,719,804,151,119,143,768,242,313,53,21,96
ABO,2023,9,19,13,16.4,74.7,13.9,11.9,10.09,13.6,42,0,870.6,54,4.3,7.8,448,185,323,161,166,340,260,314,68,21,96
ABO,2023,9,19,14,15.7,75.6,13.5,11.4,9.8,13.1,40.6,0,870.4,69,3.2,7.2,398,200,280,140,145,306,291,303,64,21,96
ABO,2023,9,19,15,15.5,78.6,13.8,11.8,10.02,13.2,40.9,0,870.3,70,2.8,4.9,324,240,212,107,111,257,325,300,61,21,96
ABO,2023,9,19,16,14.6,81.1,13.5,11.4,9.8,12.6,39.5,0,870.3,72,2,4.3,215,298,109,64,64,198,356,279,41,21,96
ABO,2023,9,19,17,13.7,84.3,13.2,11.1,9.58,12.1,38,0,870.4,101,0.7,1.5,27,0,27,28,28,28,28,280,19,21,96
ABO,2023,9,19,18,13,88.8,13.3,11.2,9.65,11.9,37.4,0,870.6,194,0.7,1.6,4,0,4,2,2,2,2,276,6,21,96
ABO,2023,9,19,19,13.3,86.5,13.2,11.1,9.57,12,37.5,0,870.7,212,1,2.1,0,0,0,0,0,0,0,278,0,21,96
ABO,2023,9,19,20,12.6,87.6,12.8,10.6,9.28,11.4,36.1,0,870.6,270,0.8,1.8,0,0,0,0,0,0,0,279,6,21,96
ABO,2023,9,19,21,11.7,88.7,12.2,9.9,8.84,10.6,34,0,871,270,0.7,1.9,0,0,0,0,0,0,0,302,30,21,96
ABO,2023,9,19,22,11.9,87.5,12.2,9.9,8.84,10.7,34.3,0,870.8,225,0.5,1.2,0,0,0,0,0,0,0,300,33,21,96
ABO,2023,9,19,23,12.5,86.4,12.5,10.3,9.06,11.2,35.4,0,870.5,198,0.8,2.7,0,0,0,0,0,0,0,296,26,21,96
ABO,2023,9,20,0,12.8,87,12.9,10.7,9.36,11.5,36.5,0,870.2,207,0.9,2.3,0,0,0,0,0,0,0,282,0,21,96
ABO,2023,9,20,1,12.4,84.7,12.2,9.9,8.85,10.9,34.8,0,869.8,270,0.7,1.7,0,0,0,0,0,0,0,267,0,21,96
ABO,2023,9,20,2,11.1,85.7,11.3,8.8,8.19,9.8,31.8,0,869.5,288,0.6,1.2,0,0,0,0,0,0,0,267,30,21,96
ABO,2023,9,20,3,10.1,88,10.9,8.2,7.9,9,30,0,869.3,252,0.7,1.8,0,0,0,0,0,0,0,267,33,21,96
ABO,2023,9,20,4,9.8,89.1,10.8,8.1,7.83,8.9,29.6,0,869.2,270,0.8,2.3,0,0,0,0,0,0,0,267,33,21,96
ABO,2023,9,20,5,9.2,89.7,10.4,7.6,7.54,8.3,28.2,0,868.6,270,0.7,2.1,0,0,0,0,0,0,0,267,6,21,96
ABO,2023,9,20,6,9.7,89.1,10.7,8,7.76,8.8,29.3,0,868.3,297,0.7,1.7,11,0,11,8,8,8,8,267,0,21,96
ABO,2023,9,20,7,10.5,85.7,10.9,8.2,7.91,9.2,30.5,0,868.3,202,1,3.8,135,346,42,36,373,138,37,275,16,21,96
ABO,2023,9,20,8,12.5,80.8,11.7,9.3,8.5,10.6,34,0,868.2,185,1.3,2.9,349,635,107,67,654,352,68,301,48,21,96
ABO,2023,9,20,9,15,69.6,11.9,9.5,8.64,11.7,36.9,0,868.2,169,1.2,2.7,371,300,215,113,366,315,110,313,75,21,96
ABO,2023,9,20,10,17.2,56.9,11.2,8.6,8.13,12.1,37.9,0,867.9,127,1.7,3.9,644,851,113,101,561,701,105,291,53,21,96
ABO,2023,9,20,11,18.3,55.7,11.7,9.3,8.5,12.9,40,0,867.5,76,3.2,6.6,735,922,103,110,375,813,114,280,43,21,96
ABO,2023,9,20,12,18.1,58.7,12.2,9.9,8.87,13.1,40.7,0,867.4,63,3.7,6.9,740,904,105,112,134,818,222,303,35,21,96
ABO,2023,9,20,13,18.2,58.4,12.2,9.9,8.88,13.2,40.8,0,866.9,59,3.9,7.6,645,697,176,118,117,678,407,318,61,21,96
ABO,2023,9,20,14,17.5,68.8,13.7,11.7,9.99,13.9,42.9,0,866.4,54,3.4,7.2,406,239,263,133,137,331,307,329,78,21,96
ABO,2023,9,20,15,17,73.8,14.3,12.3,10.44,14.1,43.5,0,866.1,51,2.8,6.2,208,52,183,93,97,130,136,327,71,21,96
ABO,2023,9,20,16,16.8,73.3,14,12,10.22,13.8,42.8,0,865.8,60,2.3,4.2,113,39,98,50,52,72,86,336,88,21,96
ABO,2023,9,20,17,16,76.6,13.9,11.9,10.15,13.5,41.8,0,865.5,75,1.7,3.6,41,0,41,21,22,22,20,339,100,21,96
ABO,2023,9,20,18,15.4,79.6,13.9,11.9,10.16,13.2,41.2,0,865.1,202,0.8,1.5,0,0,0,0,0,0,0,337,100,21,96
ABO,2023,9,20,19,14.5,83.8,13.8,11.8,10.08,12.8,40.1,0,865.2,217,0.9,3.2,0,0,0,0,0,0,0,335,100,21,96
ABO,2023,9,20,20,14.3,84.4,13.7,11.7,10.01,12.7,39.7,0,865.3,180,0.7,2.7,0,0,0,0,0,0,0,335,100,21,96
ABO,2023,9,20,21,14.3,84.9,13.8,11.8,10.09,12.8,39.9,0,864.9,225,0.7,2.3,0,0,0,0,0,0,0,334,100,21,96
ABO,2023,9,20,22,14.1,86,13.8,11.8,10.09,12.7,39.7,0,864.6,219,0.9,2.6,0,0,0,0,0,0,0,333,100,21,96
ABO,2023,9,20,23,13.8,87.7,13.8,11.8,10.09,12.6,39.4,0,864.2,243,0.7,2.7,0,0,0,0,0,0,0,332,100,21,96
ABO,2023,9,21,0,13.6,86.5,13.5,11.4,9.88,12.3,38.6,0,863.7,252,0.6,2.1,0,0,0,0,0,0,0,332,100,21,96
ABO,2023,9,21,1,13.5,83.2,12.9,10.7,9.44,11.8,37.4,0,863,270,0.8,2,0,0,0,0,0,0,0,331,100,21,96
ABO,2023,9,21,2,13.4,83.1,12.8,10.6,9.37,11.7,37.1,0,862.3,256,0.9,2.8,0,0,0,0,0,0,0,322,100,21,96
ABO,2023,9,21,3,13.5,82.1,12.7,10.5,9.3,11.7,37.1,0,861.9,297,0.7,1.8,0,0,0,0,0,0,0,325,88,21,96
ABO,2023,9,21,4,13.1,84.2,12.7,10.5,9.31,11.6,36.7,0,861.5,248,1,3,0,0,0,0,0,0,0,330,100,21,96
ABO,2023,9,21,5,12.8,84.8,12.5,10.3,9.16,11.3,36,0,860.9,243,0.8,1.9,0,0,0,0,0,0,0,329,100,21,96
ABO,2023,9,21,6,13,83.1,12.4,10.2,9.09,11.3,36,0,861,207,0.8,2.5,11,0,11,6,6,6,6,327,94,21,96
ABO,2023,9,21,7,13.2,84.2,12.8,10.6,9.39,11.6,37,0,860.7,239,1,2.6,61,9,58,30,40,34,28,330,100,21,96
ABO,2023,9,21,8,14.1,80,12.9,10.7,9.47,12.1,38.1,0,860.1,214,0.9,2.4,281,386,141,76,447,254,75,313,68,21,96
ABO,2023,9,21,9,15.2,74.5,12.9,10.7,9.47,12.5,39.2,0,860.2,162,1,3.1,437,483,187,101,500,427,101,322,71,21,96
ABO,2023,9,21,10,16.8,68.2,13,10.9,9.55,13.2,41.1,0,859.8,81,2,4.6,342,108,277,140,225,237,134,329,88,21,96
ABO,2023,9,21,11,17.1,65.5,12.8,10.6,9.41,13.1,41,0,859.2,67,2.5,5,345,86,287,145,195,232,139,342,100,21,96
ABO,2023,9,21,12,17.4,69.2,13.7,11.7,10.09,13.9,43,0,858.4,74,2.8,5.9,354,111,277,140,167,253,152,345,100,21,96
ABO,2023,9,21,13,17.7,65.2,13.2,11.1,9.72,13.6,42.4,0,857.9,62,2.6,5.4,206,11,199,101,106,115,102,336,94,21,96
ABO,2023,9,21,14,17.7,65.7,13.3,11.2,9.8,13.7,42.6,0,857.8,62,2.8,7,97,1,97,49,52,52,47,340,100,21,96
ABO,2023,9,21,15,17.2,73.9,14.5,12.5,10.69,14.2,44.4,0,857.8,63,2.7,6.9,235,157,157,81,83,188,215,333,88,21,96
ABO,2023,9,21,16,16.8,74.8,14.3,12.3,10.55,14,43.6,0,857,53,1.6,3.3,58,7,55,28,29,33,33,341,100,21,96
ABO,2023,9,21,17,16.2,78.2,14.4,12.4,10.63,13.8,43.2,0,857.2,90,1.2,4.6,8,0,8,4,4,4,4,340,100,21,96
ABO,2023,9,21,18,15.4,85.6,15,13,11.07,13.9,43.5,0,857.8,53,2.4,6.2,1,0,1,0,0,0,0,338,100,21,96
ABO,2023,9,21,19,15.1,87.3,15,13,11.07,13.8,43.2,0,858,51,1.6,4.1,0,0,0,0,0,0,0,336,100,21,96
ABO,2023,9,21,20,14.6,88.4,14.7,12.7,10.84,13.4,42.1,0.1,858.2,32,2.7,8.1,0,0,0,0,0,0,0,334,100,21,96
ABO,2023,9,21,21,12.5,93,13.5,11.4,9.93,11.8,37.6,1.9,859.1,45,2.8,9.2,0,0,0,0,0,0,0,332,100,21,96
ABO,2023,9,21,22,11.6,95.5,13,10.9,9.56,11.2,35.8,3.1,858.8,48,1.9,4.7,0,0,0,0,0,0,0,330,100,21,96
ABO,2023,9,21,23,11.1,94.8,12.5,10.3,9.19,10.6,34.3,1.7,858.8,58,1.7,4.2,0,0,0,0,0,0,0,328,100,21,96
ABO,2023,9,22,0,10.8,96.1,12.4,10.2,9.11,10.4,33.8,0.6,859,62,2.1,4.6,0,0,0,0,0,0,0,326,100,21,96
ABO,2023,9,22,1,10.6,96.1,12.3,10,9.04,10.3,33.4,1.9,859,82,1.7,4,0,0,0,0,0,0,0,324,100,22,96
ABO,2023,9,22,2,10.8,88,11.4,8.9,8.36,9.7,31.9,2.8,859.2,247,1.9,8.1,0,0,0,0,0,0,0,323,100,22,96
ABO,2023,9,22,3,10.2,82.2,10.2,7.3,7.48,8.6,29.1,1.4,858.8,251,3.2,6.6,0,0,0,0,0,0,0,320,94,22,96
ABO,2023,9,22,4,9.8,81,9.8,6.7,7.18,8.1,27.9,0.3,859.1,246,3.4,6.5,0,0,0,0,0,0,0,315,94,22,96
ABO,2023,9,22,5,9.4,80.4,9.5,6.2,6.95,7.7,27,0.6,859.3,248,3.4,6.8,0,0,0,0,0,0,0,313,88,22,96
ABO,2023,9,22,6,9.3,78.7,9.2,5.8,6.73,7.4,26.3,0,859.6,257,2.5,8.9,6,0,6,3,3,3,3,305,88,22,96
ABO,2023,9,22,7,9.7,80.4,9.7,6.5,7.1,8,27.6,0,859.3,266,1.9,5.5,60,18,55,31,51,38,30,307,88,22,96
ABO,2023,9,22,8,9.7,89.7,10.8,8.1,7.92,8.8,29.7,0,859.3,45,1.6,3.9,215,359,64,44,356,223,44,304,74,22,96
ABO,2023,9,22,9,10.5,85.1,10.8,8.1,7.91,9.2,30.5,0,860,57,2.5,5.8,202,186,115,65,220,171,63,314,90,22,96
ABO,2023,9,22,10,10.8,83.4,10.8,8.1,7.91,9.3,30.8,0,860,71,2.6,5.7,371,187,251,132,245,295,127,318,94,22,96
ABO,2023,9,22,11,12.4,75,10.8,8.1,7.91,10,32.4,0,859.7,85,2.7,4.8,609,537,244,137,344,617,136,301,55,22,96
ABO,2023,9,22,12,13.1,75.1,11.3,8.8,8.28,10.6,34.1,0,859.7,66,3.7,6.9,369,142,271,138,166,282,153,321,88,22,96
ABO,2023,9,22,13,12.6,76.6,11.2,8.6,8.21,10.3,33.4,0,860,52,4,7,135,1,134,69,72,72,65,327,100,22,96
ABO,2023,9,22,14,11.6,80.7,11,8.4,8.06,9.8,32,0,860.3,50,3.6,6.8,60,0,60,31,32,32,29,324,100,22,96
ABO,2023,9,22,15,11.3,81.2,10.9,8.2,7.98,9.5,31.5,0,860.6,56,2.4,5.5,22,0,22,11,12,12,11,321,100,22,96
ABO,2023,9,22,16,11.1,81.7,10.8,8.1,7.9,9.4,31.1,0,860.6,105,1.5,3.7,23,0,23,12,13,12,11,316,94,22,96
ABO,2023,9,22,17,11.3,80.7,10.8,8.1,7.9,9.5,31.3,0,861.1,75,1.2,2.6,8,0,8,4,4,4,4,312,94,22,96
ABO,2023,9,22,18,10.8,85.1,11,8.4,8.04,9.4,31.1,0,861.5,150,1,2.8,2,0,2,1,1,1,1,308,100,22,96
ABO,2023,9,22,19,10.1,87.4,10.8,8.1,7.89,9,30,0.4,862.3,197,1.2,3.8,0,0,0,0,0,0,0,305,94,22,96
ABO,2023,9,22,20,8.5,89,9.9,6.8,7.21,7.6,26.7,1,863.4,63,2.4,5.7,0,0,0,0,0,0,0,303,94,22,96
ABO,2023,9,22,21,7.7,95.3,10,7,7.28,7.3,26,0.2,863.9,90,1,2.8,0,0,0,0,0,0,0,301,100,22,96
ABO,2023,9,22,22,7.8,93.4,9.9,6.8,7.21,7.3,26,0,864.4,56,1.4,3,0,0,0,0,0,0,0,298,100,22,96
ABO,2023,9,22,23,7.6,94,9.8,6.7,7.13,7.1,25.6,0,864.6,53,1.6,3.1,0,0,0,0,0,0,0,296,100,22,96
ABO,2023,9,23,0,7.4,92.1,9.5,6.2,6.91,6.8,24.8,1.1,864.9,31,1.2,2.9,0,0,0,0,0,0,0,295,100,22,96
ABO,2023,9,23,1,7,87.1,8.7,5,6.32,6,22.9,0.9,865.4,8,1.6,4.9,0,0,0,0,0,0,0,296,100,22,96
ABO,2023,9,23,2,6.6,94.6,9.2,5.8,6.68,6.2,23.4,1.2,865.6,48,1.5,4.4,0,0,0,0,0,0,0,293,100,22,96
ABO,2023,9,23,3,6.2,89.5,8.5,4.6,6.17,5.4,21.7,0.4,866,170,1.2,3.1,0,0,0,0,0,0,0,290,100,22,96
ABO,2023,9,23,4,5.9,90.7,8.4,4.5,6.09,5.2,21.2,0.3,866.4,189,1.4,2.8,0,0,0,0,0,0,0,287,100,22,96
ABO,2023,9,23,5,5.9,88.2,8.2,4.1,5.94,5,20.8,0.2,866.6,193,1.4,3,0,0,0,0,0,0,0,284,100,22,96
ABO,2023,9,23,6,5.8,92,8.5,4.6,6.16,5.2,21.3,0.4,867.4,90,1,2.3,7,0,7,3,4,3,3,281,100,22,96
ABO,2023,9,23,7,6,93.3,8.7,5,6.3,5.5,21.8,0.2,867.9,144,1,1.9,101,82,81,42,127,72,40,280,100,22,96
ABO,2023,9,23,8,6.6,85.2,8.3,4.3,6,5.4,21.7,0.1,868.6,151,1.2,2.3,100,3,99,51,56,54,48,280,100,22,96
ABO,2023,9,23,9,7.3,85.3,8.7,5,6.29,6.1,23.1,0,869.2,87,1.8,3.8,257,64,224,115,175,167,110,283,100,22,96
ABO,2023,9,23,10,9,78.7,9,5.5,6.51,7.2,25.4,0,869.3,90,3.1,5.7,462,293,284,145,353,404,141,287,94,22,96
ABO,2023,9,23,11,9.3,75,8.8,5.1,6.36,7.1,25.4,0.1,869.6,70,2.9,7.1,194,0,194,100,105,104,95,292,100,22,96
ABO,2023,9,23,12,9.4,69.4,8.2,4.1,5.92,6.7,24.3,0,869.8,58,1.7,4.4,380,127,293,150,156,281,193,297,100,22,96
ABO,2023,9,23,13,10.1,63.1,7.8,3.4,5.63,6.7,24.3,0,870,43,2.6,6.2,327,74,277,142,148,219,174,299,100,22,96
ABO,2023,9,23,14,9.6,65.2,7.8,3.4,5.63,6.5,23.8,0,870.2,135,1.9,4.3,289,64,253,130,136,186,175,295,100,22,96
ABO,2023,9,23,15,9.8,66.7,8.1,3.9,5.84,6.8,24.6,0,870.7,190,1.6,3.2,196,33,180,93,97,119,118,292,100,22,96
ABO,2023,9,23,16,9.8,67.6,8.2,4.1,5.91,6.9,24.7,0,871.1,60,1.7,4,97,5,95,49,51,53,51,288,100,22,96
ABO,2023,9,23,17,9.3,69.9,8.2,4.1,5.91,6.6,24.2,0,871.8,41,1.3,3.9,38,0,38,20,21,21,19,284,100,22,96
ABO,2023,9,23,18,8.3,76.9,8.4,4.5,6.05,6.4,23.5,0,872.4,346,0.6,1.8,0,0,0,0,0,0,0,281,100,22,96
ABO,2023,9,23,19,7.6,81.3,8.5,4.6,6.12,6.1,23,0,873,278,1,2,0,0,0,0,0,0,0,275,100,22,96
ABO,2023,9,23,20,6.6,85.2,8.3,4.3,5.97,5.4,21.6,0,873.4,304,0.6,1.6,0,0,0,0,0,0,0,270,55,22,96
ABO,2023,9,23,21,5.8,88.8,8.2,4.1,5.89,5,20.6,0,873.8,225,0.4,1.2,0,0,0,0,0,0,0,266,34,22,96
ABO,2023,9,23,22,5.5,87.5,7.9,3.6,5.67,4.6,19.8,0,874.1,214,0.5,1.2,0,0,0,0,0,0,0,262,81,22,96
ABO,2023,9,23,23,6.1,87,8.2,4.1,5.89,5.1,20.9,0,874,211,0.8,2.2,0,0,0,0,0,0,0,258,80,22,96
ABO,2023,9,24,0,6.2,87.6,8.3,4.3,5.96,5.2,21.2,0,873.9,270,1,2.2,0,0,0,0,0,0,0,254,84,22,96
ABO,2023,9,24,1,5.9,88.2,8.2,4.1,5.89,5,20.7,0,874.1,243,0.5,1.2,0,0,0,0,0,0,0,235,33,21,96
ABO,2023,9,24,2,6.2,88.8,8.4,4.5,6.03,5.3,21.4,0,874.2,214,0.7,2.1,0,0,0,0,0,0,0,243,43,21,96
ABO,2023,9,24,3,6,90.1,8.4,4.5,6.04,5.2,21.2,0,874,243,0.6,1.9,0,0,0,0,0,0,0,245,43,21,96
ABO,2023,9,24,4,5.3,87.5,7.8,3.4,5.6,4.4,19.4,0,874.2,284,0.6,1.6,0,0,0,0,0,0,0,242,45,21,96
ABO,2023,9,24,5,4.5,90,7.6,3,5.45,3.8,18.2,0,874.4,270,0.7,2.4,0,0,0,0,0,0,0,239,33,21,96
ABO,2023,9,24,6,3.9,89.3,7.2,2.3,5.16,3.1,16.8,0,874.7,214,0.6,1.8,10,0,10,7,7,7,7,236,43,21,96
ABO,2023,9,24,7,4,88.7,7.2,2.3,5.16,3.2,16.9,0,875,180,0.6,1.8,132,344,46,36,372,146,36,230,33,21,96
ABO,2023,9,24,8,6.3,79.4,7.6,3,5.45,4.7,20,0,875,180,1.2,3.8,375,812,73,60,781,427,62,229,0,21,96
ABO,2023,9,24,9,8.9,64.1,7.3,2.5,5.23,5.7,22.1,0,875,156,1.1,2.9,534,868,95,83,722,612,86,232,0,21,96
ABO,2023,9,24,10,11.3,49.4,6.6,1.1,4.73,6.3,23.3,0,874.6,132,1.7,4,661,923,100,99,581,763,103,238,0,21,96
ABO,2023,9,24,11,12.5,51.2,7.4,2.7,5.31,7.5,26,0,874.6,95,2.7,5.1,743,974,92,109,371,863,113,232,0,21,96
ABO,2023,9,24,12,13.3,55.2,8.4,4.5,6.03,8.6,28.6,0,874.4,75,3.3,6.1,752,945,108,112,135,869,232,206,0,21,96
ABO,2023,9,24,13,13.7,53.7,8.4,4.5,6.04,8.8,29,0,874.1,75,3.2,5.9,709,925,109,106,103,818,471,216,0,21,96
ABO,2023,9,24,14,14,52.7,8.4,4.5,6.04,8.9,29.3,0,873.9,70,2.9,5.9,613,897,100,93,90,707,649,206,0,21,96
ABO,2023,9,24,15,13.8,55.7,8.8,5.1,6.33,9.1,29.9,0,873.8,67,2.6,5.1,471,840,89,74,72,540,755,206,0,21,96
ABO,2023,9,24,16,13,58.3,8.7,5,6.26,8.7,28.9,0,873.8,90,1.5,3.8,253,599,56,50,49,293,605,236,0,21,96
ABO,2023,9,24,17,11.2,69.3,9.2,5.8,6.61,8.3,27.9,0,874.3,288,0.7,1.7,24,0,24,24,24,24,24,245,6,21,96
ABO,2023,9,24,18,9.5,77.7,9.2,5.8,6.62,7.5,26.2,0,874.2,304,0.7,2,0,0,0,0,0,0,0,261,0,21,96
ABO,2023,9,24,19,8.2,80.8,8.8,5.1,6.33,6.6,24.1,0,874.1,281,0.6,1.8,0,0,0,0,0,0,0,252,0,21,96
ABO,2023,9,24,20,7.6,83.6,8.7,5,6.25,6.3,23.4,0,874,243,0.7,1.8,0,0,0,0,0,0,0,248,0,21,96
ABO,2023,9,24,21,7.3,79,8.1,3.9,5.82,5.6,22,0,874,315,0.7,1.7,0,0,0,0,0,0,0,245,0,21,96
ABO,2023,9,24,22,6.5,76.6,7.4,2.7,5.31,4.7,19.9,0,874.2,292,0.6,1.8,0,0,0,0,0,0,0,246,0,21,96
ABO,2023,9,24,23,6.3,73.4,7,1.9,5.02,4.2,18.9,0,873.9,281,0.7,1.9,0,0,0,0,0,0,0,255,0,21,96
ABO,2023,9,25,0,6.5,68.3,6.6,1.1,4.73,4,18.4,0,874.1,292,0.7,1.5,0,0,0,0,0,0,0,247,0,21,96
ABO,2023,9,25,1,5.8,71.7,6.6,1.1,4.73,3.6,17.7,0,874,281,0.6,1.7,0,0,0,0,0,0,0,231,0,20,96
ABO,2023,9,25,2,6,66.3,6.2,0.2,4.45,3.4,17.2,0,873.6,281,0.7,1.8,0,0,0,0,0,0,0,230,0,20,96
ABO,2023,9,25,3,6,62.1,5.8,-0.7,4.16,3,16.5,0,873.5,279,0.8,2.5,0,0,0,0,0,0,0,229,0,20,96
ABO,2023,9,25,4,6.3,53.3,5.1,-2.5,3.65,2.5,15.5,0,873.3,292,0.8,2.5,0,0,0,0,0,0,0,228,0,20,96
ABO,2023,9,25,5,6.2,51.7,4.9,-3,3.51,2.3,15,0,873.4,323,0.8,2,0,0,0,0,0,0,0,228,0,20,96
ABO,2023,9,25,6,7,47.8,4.8,-3.3,3.44,2.6,15.7,0,873.9,307,0.8,2.2,9,0,9,7,7,7,7,226,6,20,96
ABO,2023,9,25,7,6.1,53.2,5,-2.7,3.58,2.3,15.1,0,873.7,252,0.7,3,88,190,37,35,219,102,35,225,13,20,96
ABO,2023,9,25,8,9.9,47.6,5.8,-0.7,4.16,5,20.4,0,873.6,188,0.9,3.8,370,789,79,58,764,425,60,230,13,20,96
ABO,2023,9,25,9,12.3,44,6.3,0.4,4.51,6.5,23.8,0,874.3,107,1.3,3.2,523,823,109,81,696,599,83,236,0,20,96
ABO,2023,9,25,10,14,35,5.6,-1.2,4.01,6.7,24.2,0,874.1,112,1.3,3,656,912,105,96,574,760,99,203,0,20,96
ABO,2023,9,25,11,15.9,32.6,5.9,-0.5,4.23,7.8,26.7,0,874.3,72,2.6,5,738,972,94,104,365,863,108,210,0,20,96
ABO,2023,9,25,12,16.4,36.5,6.8,1.5,4.87,8.7,28.8,0,874.6,74,2.3,4.2,749,950,106,107,129,872,228,223,6,20,96
ABO,2023,9,25,13,16.8,35.6,6.8,1.5,4.87,8.9,29.2,0,874.7,69,2.7,4.7,707,944,100,101,97,824,467,219,0,20,96
ABO,2023,9,25,14,17,37.7,7.3,2.5,5.24,9.3,30.4,0,874.6,72,2.1,4.3,611,917,91,88,85,712,652,215,0,20,96
ABO,2023,9,25,15,17.4,33.3,6.6,1.1,4.73,9,29.5,0,874.6,71,2.1,3.7,462,828,89,71,69,534,742,213,0,20,96
ABO,2023,9,25,16,15.5,41.5,7.3,2.5,5.23,8.7,28.8,0,874.8,39,1.2,2.9,183,397,48,47,46,218,411,214,0,20,96
ABO,2023,9,25,17,13.2,48.9,7.4,2.7,5.31,7.8,26.7,0,874.9,281,0.7,1.6,24,0,24,23,23,23,22,215,0,20,96
ABO,2023,9,25,18,11.2,54.2,7.2,2.3,5.16,6.7,24.3,0,874.9,292,0.7,1.6,0,0,0,0,0,0,0,216,0,20,96
ABO,2023,9,25,19,11,48.6,6.4,0.6,4.58,6,22.6,0,874.9,284,0.5,1.4,0,0,0,0,0,0,0,252,0,20,96
ABO,2023,9,25,20,10.6,49.2,6.3,0.4,4.51,5.7,22,0,875.1,292,0.6,1.9,0,0,0,0,0,0,0,250,0,20,96
ABO,2023,9,25,21,10.9,48.2,6.3,0.4,4.51,5.8,22.3,0,875.3,315,0.6,1.8,0,0,0,0,0,0,0,249,0,20,96
ABO,2023,9,25,22,10,52,6.4,0.6,4.58,5.5,21.6,0,874.8,284,0.7,1.9,0,0,0,0,0,0,0,247,0,20,96
ABO,2023,9,25,23,10.5,50.3,6.4,0.6,4.58,5.7,22.1,0,874.8,307,0.7,2.1,0,0,0,0,0,0,0,245,0,20,96
ABO,2023,9,26,0,10.3,50.9,6.4,0.6,4.58,5.6,21.9,0,874.8,297,0.7,1.6,0,0,0,0,0,0,0,243,0,20,96
ABO,2023,9,26,1,10.3,50.9,6.4,0.6,4.59,5.6,21.9,0,874.6,315,0.9,2.4,0,0,0,0,0,0,0,242,6,20,96
ABO,2023,9,26,2,10.2,53.2,6.6,1.1,4.73,5.8,22.2,0,874.5,284,0.7,1.6,0,0,0,0,0,0,0,243,0,20,96
ABO,2023,9,26,3,10.6,51.8,6.6,1.1,4.73,6,22.6,0,874.4,315,0.6,1.7,0,0,0,0,0,0,0,243,0,20,96
ABO,2023,9,26,4,10.3,52.8,6.6,1.1,4.73,5.8,22.3,0,874.1,307,0.7,1.8,0,0,0,0,0,0,0,243,6,20,96
ABO,2023,9,26,5,10.2,53.2,6.6,1.1,4.73,5.8,22.2,0,873.8,281,0.8,1.8,0,0,0,0,0,0,0,244,0,20,96
ABO,2023,9,26,6,10.4,52.5,6.6,1.1,4.73,5.9,22.4,0,874,297,0.8,1.8,9,0,9,7,7,7,6,249,6,20,96
ABO,2023,9,26,7,10.1,55.9,6.9,1.7,4.95,6,22.6,0,874.4,342,0.6,1.5,83,182,35,33,207,96,33,247,6,20,96
ABO,2023,9,26,8,12.2,51.5,7.3,2.5,5.24,7.3,25.5,0,874.6,191,1.1,3,350,731,85,57,714,403,58,254,0,20,96
ABO,2023,9,26,9,14.8,43.5,7.3,2.5,5.24,8.4,28.1,0,874.6,159,0.9,2.1,509,818,100,77,680,591,79,218,0,20,96
ABO,2023,9,26,10,17.7,31.5,6.4,0.6,4.59,8.9,29.4,0,874.4,131,1.2,2.9,641,919,90,90,561,754,94,222,0,20,96
ABO,2023,9,26,11,19.6,29,6.6,1.1,4.73,9.8,31.7,0,874.2,105,1.8,4.8,717,956,88,99,351,846,103,227,0,20,96
ABO,2023,9,26,12,19.8,36.5,8.4,4.5,6.03,11.2,35.2,0,874.2,69,3.4,5.1,715,885,120,104,126,832,226,241,13,20,96
ABO,2023,9,26,13,19.2,38.1,8.5,4.6,6.11,11,34.8,0,874.2,69,3.5,7.1,680,902,105,97,94,796,454,237,6,20,96
ABO,2023,9,26,14,19.3,33.9,7.6,3,5.46,10.4,33.2,0,874.1,74,2.6,4.5,591,897,88,84,81,696,633,234,0,20,96
ABO,2023,9,26,15,19.6,30.7,7,1.9,5.02,10.1,32.5,0,874.1,77,1.8,3.2,449,832,79,66,65,529,735,235,0,20,96
ABO,2023,9,26,16,18.2,37.8,7.9,3.6,5.67,10.2,32.7,0,874.2,45,1,2.5,175,390,45,44,43,212,400,235,0,20,96
ABO,2023,9,26,17,15.5,52.4,9.2,5.8,6.61,10.1,32.3,0,874.7,304,0.7,2.4,25,0,25,21,21,21,21,242,0,20,96
ABO,2023,9,26,18,13.5,56.8,8.8,5.1,6.32,9,29.5,0,875.3,291,1,2.3,0,0,0,0,0,0,0,236,0,20,96
ABO,2023,9,26,19,12.3,61.4,8.8,5.1,6.32,8.4,28.3,0,875.5,279,0.7,1.7,0,0,0,0,0,0,0,241,6,20,96
ABO,2023,9,26,20,11.7,63.4,8.7,5,6.24,8.1,27.5,0,875.5,284,0.6,1.5,0,0,0,0,0,0,0,239,0,20,96
ABO,2023,9,26,21,12.2,56.8,8.1,3.9,5.81,7.9,26.9,0,875.4,281,0.7,1.7,0,0,0,0,0,0,0,239,0,20,96
ABO,2023,9,26,22,11.8,58.4,8.1,3.9,5.81,7.7,26.5,0,875.2,292,0.7,2,0,0,0,0,0,0,0,262,0,20,96
ABO,2023,9,26,23,11.4,59.9,8.1,3.9,5.81,7.5,26.1,0,874.8,270,0.9,2,0,0,0,0,0,0,0,259,0,20,96
ABO,2023,9,27,0,11.6,60,8.2,4.1,5.89,7.7,26.5,0,874.6,284,0.6,1.8,0,0,0,0,0,0,0,259,6,20,96
ABO,2023,9,27,1,12,58.4,8.2,4.1,5.89,7.9,26.9,0,874.3,270,0.7,3,0,0,0,0,0,0,0,271,38,19,96
ABO,2023,9,27,2,11.9,59.6,8.3,4.3,5.96,7.9,27,0,874.4,307,1,2.5,0,0,0,0,0,0,0,278,60,19,96
ABO,2023,9,27,3,11.6,61.7,8.4,4.5,6.03,7.9,26.9,0,874.4,297,0.8,1.8,0,0,0,0,0,0,0,269,45,19,96
ABO,2023,9,27,4,11.3,62.9,8.4,4.5,6.03,7.7,26.6,0,874.3,297,0.7,1.8,0,0,0,0,0,0,0,254,36,19,96
ABO,2023,9,27,5,11.6,61.7,8.4,4.5,6.03,7.9,26.9,0,874.6,297,0.9,2.2,0,0,0,0,0,0,0,251,6,19,96
ABO,2023,9,27,6,11.6,61.7,8.4,4.5,6.03,7.9,26.9,0,874.7,297,0.6,1.5,9,0,9,6,6,6,6,250,13,19,96
ABO,2023,9,27,7,11,66.5,8.7,5,6.25,7.8,26.8,0,874.4,284,0.7,2.5,82,181,35,32,205,96,32,254,6,19,96
ABO,2023,9,27,8,13.7,58.8,9.2,5.8,6.62,9.4,30.5,0,874.1,202,1.3,3.7,349,753,77,54,724,412,55,239,13,19,96
ABO,2023,9,27,9,16.7,46.9,8.9,5.3,6.4,10.4,33,0,873.7,187,1,2.6,506,834,94,74,685,597,76,225,0,19,96
ABO,2023,9,27,10,19,38.6,8.5,4.6,6.11,11,34.6,0,873.4,131,1.2,3.3,630,893,98,89,552,745,92,242,13,19,96
ABO,2023,9,27,11,19.9,40.5,9.4,6.1,6.77,12,37.2,0,873.1,74,2.7,4.4,701,916,103,98,349,829,101,233,25,19,96
ABO,2023,9,27,12,19.8,39.1,9,5.5,6.48,11.7,36.4,0,873,71,3.6,5.9,718,924,102,99,122,849,217,273,40,19,96
ABO,2023,9,27,13,19.9,38.3,8.9,5.3,6.41,11.6,36.3,0,872.8,69,2.9,4.9,674,904,102,94,91,797,450,258,16,19,96
ABO,2023,9,27,14,19.7,39.4,9,5.5,6.48,11.6,36.3,0,872.4,75,2.3,4.2,581,888,88,82,79,692,628,254,13,19,96
ABO,2023,9,27,15,19.7,41.3,9.5,6.2,6.85,11.9,37.2,0,872.5,71,2.2,4.2,443,838,77,64,62,531,738,278,33,19,96
ABO,2023,9,27,16,18,47.9,9.9,6.8,7.14,11.6,36.2,0,872.6,90,1.4,3.3,164,304,65,47,47,184,332,296,50,19,96
ABO,2023,9,27,17,16.4,57.9,10.8,8.1,7.79,11.6,36.2,0,873.2,279,0.8,1.9,42,0,42,23,24,24,22,311,65,19,96
ABO,2023,9,27,18,15,62.9,10.7,8,7.71,11,34.6,0,873.5,304,0.6,1.8,0,0,0,0,0,0,0,275,33,19,96
ABO,2023,9,27,19,14,64.4,10.3,7.4,7.42,10.3,32.8,0,873.3,270,0.9,2,0,0,0,0,0,0,0,276,31,19,96
ABO,2023,9,27,20,14.1,64,10.3,7.4,7.42,10.3,32.9,0,873.2,297,0.7,1.7,0,0,0,0,0,0,0,273,29,19,96
ABO,2023,9,27,21,14.3,62.7,10.2,7.3,7.35,10.3,32.9,0,873.6,342,0.6,1.4,0,0,0,0,0,0,0,283,46,19,96
ABO,2023,9,27,22,13.6,64.3,10,7,7.2,9.9,31.9,0,873.5,323,0.9,1.9,0,0,0,0,0,0,0,288,61,19,96
ABO,2023,9,27,23,13.6,63,9.8,6.7,7.06,9.8,31.5,0,873.3,261,1.1,3,0,0,0,0,0,0,0,321,100,19,96
ABO,2023,9,28,0,14,59.3,9.5,6.2,6.84,9.7,31.4,0,873.3,243,0.9,2.9,0,0,0,0,0,0,0,322,100,19,96
ABO,2023,9,28,1,14.4,57.4,9.4,6.1,6.77,9.8,31.6,0,873.5,333,0.8,2.3,0,0,0,0,0,0,0,319,100,20,96
ABO,2023,9,28,2,14.3,56.6,9.2,5.8,6.62,9.6,31.1,0,873.4,18,0.7,2.4,0,0,0,0,0,0,0,316,94,20,96
ABO,2023,9,28,3,14,58.1,9.3,5.9,6.7,9.5,31,0,873.3,248,0.8,2.6,0,0,0,0,0,0,0,310,88,20,96
ABO,2023,9,28,4,14,57.7,9.2,5.8,6.62,9.5,30.8,0,873.2,39,0.9,2.3,0,0,0,0,0,0,0,315,94,20,96
ABO,2023,9,28,5,14.2,58.2,9.4,6.1,6.76,9.7,31.4,0,873.7,315,0.8,1.6,0,0,0,0,0,0,0,310,90,20,96
ABO,2023,9,28,6,13.9,58.5,9.3,5.9,6.69,9.5,30.9,0,873.8,292,0.7,1.5,8,0,8,5,5,5,4,302,84,20,96
ABO,2023,9,28,7,13.4,61.7,9.5,6.2,6.83,9.4,30.7,0,874.1,315,0.7,1.7,89,175,44,33,202,98,33,290,54,20,96
ABO,2023,9,28,8,14.9,57.9,9.8,6.7,7.05,10.3,32.8,0,874.1,188,0.9,3.5,316,617,101,59,624,361,59,271,41,20,96
ABO,2023,9,28,9,17,48.6,9.4,6.1,6.76,10.8,34.2,0,874.1,174,1.1,2.2,481,755,110,76,637,565,78,291,50,20,96
ABO,2023,9,28,10,19.2,41.7,9.3,5.9,6.69,11.6,36.3,0,873.9,107,1.9,4,600,813,121,91,530,707,94,274,39,20,96
ABO,2023,9,28,11,20.6,34.2,8.3,4.3,5.96,11.5,35.9,0,873.9,79,2.3,4.8,672,811,147,105,361,783,107,293,59,20,96
ABO,2023,9,28,12,20.3,34.4,8.2,4.1,5.89,11.3,35.4,0,873.8,60,3.1,6.4,670,781,154,106,136,778,230,314,71,20,96
ABO,2023,9,28,13,20.5,34,8.2,4.1,5.9,11.3,35.6,0,873.4,61,3,5.4,650,852,117,96,93,771,444,283,41,20,96
ABO,2023,9,28,14,20.7,36,8.8,5.1,6.33,11.8,36.9,0,873.3,87,2.3,4.9,575,903,79,81,78,698,631,245,13,20,96
ABO,2023,9,28,15,20.2,39.8,9.4,6.1,6.77,12.1,37.5,0,873.2,72,2.3,3.8,430,818,77,64,62,523,722,245,6,20,96
ABO,2023,9,28,16,18.9,47.2,10.3,7.4,7.42,12.2,37.8,0,873.2,75,1.6,3.2,168,379,46,42,42,208,388,269,19,20,96
ABO,2023,9,28,17,16.8,54.6,10.4,7.6,7.5,11.5,35.9,0,873.4,309,0.8,1.7,24,0,24,19,19,19,19,257,13,20,96
ABO,2023,9,28,18,15,60,10.2,7.3,7.35,10.6,33.7,0,873.5,301,0.7,1.8,0,0,0,0,0,0,0,245,0,20,96
ABO,2023,9,28,19,13.8,61.4,9.7,6.5,6.98,9.7,31.5,0,874.2,292,0.6,1.6,0,0,0,0,0,0,0,245,0,20,96
ABO,2023,9,28,20,13.3,62.1,9.5,6.2,6.83,9.4,30.6,0,874.4,284,0.6,1.4,0,0,0,0,0,0,0,245,0,20,96
ABO,2023,9,28,21,13.3,60.8,9.3,5.9,6.69,9.2,30.3,0,874.4,307,0.7,1.8,0,0,0,0,0,0,0,244,0,20,96
ABO,2023,9,28,22,13.2,60.8,9.2,5.8,6.61,9.2,30,0,874.6,284,0.8,1.9,0,0,0,0,0,0,0,243,0,20,96
ABO,2023,9,28,23,13.2,60.8,9.2,5.8,6.61,9.2,30,0,874.5,315,0.6,1.5,0,0,0,0,0,0,0,269,0,20,96
ABO,2023,9,29,0,13.7,58.8,9.2,5.8,6.61,9.4,30.5,0,874.7,284,0.6,1.4,0,0,0,0,0,0,0,276,0,20,96
ABO,2023,9,29,1,13.3,60.4,9.2,5.8,6.61,9.2,30.1,0,874.7,315,0.8,2.1,0,0,0,0,0,0,0,276,0,20,96
ABO,2023,9,29,2,13.2,60.8,9.2,5.8,6.61,9.2,30,0,874.6,304,0.9,2,0,0,0,0,0,0,0,277,0,20,96
ABO,2023,9,29,3,13.4,60,9.2,5.8,6.61,9.2,30.2,0,874.6,315,0.8,2.7,0,0,0,0,0,0,0,278,0,20,96
ABO,2023,9,29,4,13.4,57.9,8.9,5.3,6.39,9,29.6,0,874.7,329,0.7,1.9,0,0,0,0,0,0,0,279,0,20,96
ABO,2023,9,29,5,13.2,57.9,8.8,5.1,6.32,8.8,29.2,0,874.9,315,1,2,0,0,0,0,0,0,0,279,0,20,96
ABO,2023,9,29,6,14.2,52.4,8.5,4.6,6.1,9,29.7,0,875.6,18,1,2.8,8,0,8,5,5,5,5,292,35,20,96
ABO,2023,9,29,7,14.6,54.4,9,5.5,6.46,9.6,31,0,876,253,1.8,4.5,89,168,47,34,198,98,34,287,36,20,96
ABO,2023,9,29,8,16.9,47.9,9.2,5.8,6.6,10.7,33.7,0,876.3,232,2.6,6.6,334,726,80,54,703,407,55,258,29,20,96
ABO,2023,9,29,9,19.7,41,9.4,6.1,6.74,11.9,36.9,0,876.3,180,1.6,6.2,420,565,145,86,512,461,86,292,56,20,96
ABO,2023,9,29,10,21.5,38.3,9.8,6.7,7.04,12.8,39.5,0,876.1,162,3,5.7,599,866,91,86,527,726,89,263,10,20,96
ABO,2023,9,29,11,21.6,39.6,10.2,7.3,7.33,13.1,40.3,0,876,100,2.6,6.2,678,929,80,93,328,827,97,258,6,20,96
ABO,2023,9,29,12,21.4,42.4,10.8,8.1,7.77,13.4,41.3,0,875.7,71,3,7,683,887,101,97,117,825,211,278,13,20,96
ABO,2023,9,29,13,21,47.4,11.8,9.4,8.5,13.9,42.7,0,875.7,61,3.4,6.2,621,795,124,96,94,734,410,300,40,20,96
ABO,2023,9,29,14,20.2,51.5,12.2,9.9,8.79,13.9,42.6,0,875.9,67,3.1,7.1,287,130,218,107,111,217,204,325,71,20,96
ABO,2023,9,29,15,20.1,54,12.7,10.5,9.15,14.2,43.4,0,875.9,71,2.4,4.6,198,89,161,79,83,140,158,324,71,20,96
ABO,2023,9,29,16,19.1,58.2,12.9,10.7,9.29,13.9,42.8,0,876.2,80,1.3,3.3,137,161,84,43,44,124,194,319,68,20,96
ABO,2023,9,29,17,18.3,65.8,13.8,11.8,9.95,14.2,43.6,0,876.7,130,0.9,1.8,24,0,24,15,16,16,15,329,81,20,96
ABO,2023,9,29,18,17.6,69.2,13.9,11.9,10.01,14,43.1,0,877.2,198,0.8,2.1,0,0,0,0,0,0,0,324,75,20,96
ABO,2023,9,29,19,16.8,72.3,13.8,11.8,9.94,13.7,42.1,0,877.4,214,0.7,1.3,0,0,0,0,0,0,0,321,75,20,96
ABO,2023,9,29,20,16.1,75.6,13.8,11.8,9.94,13.4,41.3,0,877.4,27,0.7,2.2,0,0,0,0,0,0,0,301,64,20,96
ABO,2023,9,29,21,14.7,80.6,13.5,11.4,9.71,12.7,39.3,0,877.9,74,1.9,7,0,0,0,0,0,0,0,297,54,20,96
ABO,2023,9,29,22,14,82.7,13.2,11.1,9.49,12.2,38.1,0,878.1,45,0.7,1.8,0,0,0,0,0,0,0,291,45,20,96
ABO,2023,9,29,23,13.7,82.1,12.9,10.7,9.28,11.9,37.2,0,877.9,243,0.8,1.9,0,0,0,0,0,0,0,286,48,20,96
ABO,2023,9,30,0,13.3,83.7,12.8,10.6,9.2,11.7,36.6,0,878.1,45,0.8,1.6,0,0,0,0,0,0,0,259,0,20,96
ABO,2023,9,30,1,13.1,84.2,12.7,10.5,9.13,11.6,36.2,0,877.5,214,0.8,2,0,0,0,0,0,0,0,281,0,20,96
ABO,2023,9,30,2,12.2,85.8,12.2,9.9,8.77,10.9,34.4,0,877.5,207,0.6,1.8,0,0,0,0,0,0,0,285,0,20,96
ABO,2023,9,30,3,11.8,85.2,11.8,9.4,8.48,10.4,33.3,0,877.2,225,0.7,1.7,0,0,0,0,0,0,0,282,0,20,96
ABO,2023,9,30,4,11.9,85.2,11.9,9.5,8.56,10.5,33.5,0,877.1,252,0.7,1.7,0,0,0,0,0,0,0,279,0,20,96
ABO,2023,9,30,5,11.9,86.4,12,9.7,8.63,10.6,33.7,0,876.8,243,0.9,2.3,0,0,0,0,0,0,0,276,0,20,96
ABO,2023,9,30,6,12.2,85.8,12.2,9.9,8.77,10.9,34.4,0,877.3,217,0.9,2.4,5,0,5,3,3,3,3,288,31,20,96
ABO,2023,9,30,7,12.6,85.3,12.4,10.2,8.91,11.2,35.2,0,877.8,207,0.9,1.9,82,110,55,31,140,75,30,308,68,20,96
ABO,2023,9,30,8,13.6,79.9,12.4,10.2,8.91,11.6,36.2,0,878.3,180,1,2.3,232,256,147,73,320,211,71,307,63,20,96
ABO,2023,9,30,9,14.5,75.9,12.5,10.3,8.99,12,37.3,0,877.8,138,1.5,3.7,442,628,134,83,547,509,83,273,31,20,96
ABO,2023,9,30,10,15.9,70.8,12.8,10.6,9.21,12.7,39.3,0,877.1,122,1.5,3.7,605,887,90,87,537,746,90,247,0,20,96
ABO,2023,9,30,11,17.4,69.6,13.8,11.8,9.94,13.9,42.7,0,877.6,61,3.8,8.4,684,938,85,96,336,845,100,248,0,20,96
ABO,2023,9,30,12,17.4,71.5,14.2,12.2,10.24,14.1,43.4,0,876.8,70,2.8,5.8,687,894,104,99,118,839,218,261,19,20,96
ABO,2023,9,30,13,18.3,68.5,14.4,12.4,10.38,14.6,44.7,0,877,59,3.4,7.8,650,904,92,93,90,800,443,278,29,20,96
ABO,2023,9,30,14,17.4,72.9,14.5,12.5,10.45,14.3,44,0,877.3,54,4.3,8,420,402,197,106,107,425,363,303,61,20,96
ABO,2023,9,30,15,16.9,74.8,14.4,12.4,10.38,14.1,43.3,0,877.2,59,2.8,6.1,242,124,188,93,97,182,200,320,81,20,96
ABO,2023,9,30,16,16,78.2,14.2,12.2,10.23,13.6,42,0,877.5,56,3,6.3,94,13,90,45,47,53,55,318,94,20,96
ABO,2023,9,30,17,15.1,81.7,14,12,10.08,13.2,40.7,0,877.5,72,1.4,3.3,21,0,21,11,11,11,10,317,81,20,96
ABO,2023,9,30,18,14.7,83.3,13.9,11.9,10.01,13,40.1,0,878,70,1.3,2.2,0,0,0,0,0,0,0,285,38,20,96
ABO,2023,9,30,19,14.4,84.4,13.8,11.8,9.93,12.8,39.6,0,878.3,97,0.9,2,0,0,0,0,0,0,0,284,40,20,96
ABO,2023,9,30,20,14.2,85.5,13.8,11.8,9.93,12.7,39.4,0,877.9,201,0.9,2.8,0,0,0,0,0,0,0,248,0,20,96
ABO,2023,9,30,21,12.8,86.5,12.8,10.6,9.2,11.5,36.1,0,877.8,207,1,3.6,0,0,0,0,0,0,0,254,0,20,96
ABO,2023,9,30,22,11.8,80.7,11.2,8.6,8.03,10,32.1,0,878.5,284,0.7,1.6,0,0,0,0,0,0,0,280,6,20,96
ABO,2023,9,30,23,11,81.7,10.7,8,7.67,9.3,30.4,0,878.4,304,0.9,1.9,0,0,0,0,0,0,0,290,29,20,96
ABO,2023,10,1,0,10.2,77.3,9.6,6.4,6.87,8.1,27.6,0,878.4,297,0.6,1.5,0,0,0,0,0,0,0,272,0,20,96
ABO,2023,10,1,1,10,67.7,8.3,4.3,5.93,7,25,0,878.2,292,0.7,1.8,0,0,0,0,0,0,0,269,0,20,96
ABO,2023,10,1,2,9.9,65.8,8,3.8,5.72,6.8,24.4,0,878,288,0.7,1.7,0,0,0,0,0,0,0,267,0,20,96
ABO,2023,10,1,3,10.3,62.2,7.8,3.4,5.58,6.8,24.4,0,877.9,270,0.8,2.6,0,0,0,0,0,0,0,266,36,20,96
ABO,2023,10,1,4,9.7,61.6,7.4,2.7,5.29,6.2,23.1,0,877.8,301,0.9,2,0,0,0,0,0,0,0,264,19,20,96
ABO,2023,10,1,5,10.2,49.1,6.1,0,4.35,5.4,21.2,0,877.9,300,1,1.8,0,0,0,0,0,0,0,262,0,20,96
ABO,2023,10,1,6,9.8,46.2,5.6,-1.2,3.99,4.7,19.9,0,877.9,301,0.7,2.5,5,0,5,3,3,3,3,260,0,20,96
ABO,2023,10,1,7,10.3,44,5.5,-1.4,3.92,4.9,20.2,0,877.9,284,0.6,1.7,29,0,29,30,30,30,30,261,0,20,96
ABO,2023,10,1,8,13.1,39.1,5.9,-0.5,4.21,6.5,23.8,0,878,198,0.9,3.4,324,719,78,52,691,410,53,237,0,20,96
ABO,2023,10,1,9,16.7,34.3,6.5,0.9,4.64,8.6,28.5,0,878.1,198,1,2.2,480,811,94,72,662,598,74,231,0,20,96
ABO,2023,10,1,10,18.2,29.2,6.1,0,4.35,8.9,29.3,0,878.3,105,1.4,2.8,601,870,100,87,534,744,89,236,0,20,96
ABO,2023,10,1,11,19.9,21.1,4.9,-3,3.49,8.6,28.9,0,878.4,103,1.5,4,674,908,99,95,336,835,98,240,0,20,96
ABO,2023,10,1,12,20.7,23.4,5.7,-0.9,4.06,9.6,31.1,0,878.3,82,1.6,3.4,673,848,125,100,121,819,221,260,13,20,96
ABO,2023,10,1,13,21.7,22.4,5.8,-0.7,4.14,10,32.3,0,877.9,81,1.9,3.3,644,891,100,92,89,797,446,257,6,20,96
ABO,2023,10,1,14,21.3,27.7,7,1.9,5,10.8,34.1,0,877.8,77,1.9,3.4,548,855,93,80,77,684,612,247,0,20,96
ABO,2023,10,1,15,20.4,33.5,8,3.8,5.72,11.2,35,0,877.7,80,1.8,3.4,406,772,85,63,61,511,690,247,0,20,96
ABO,2023,10,1,16,18.9,35.2,7.7,3.2,5.51,10.4,33,0,877.7,270,0.9,2,209,532,56,41,40,270,535,247,0,20,96
ABO,2023,10,1,17,17,34.1,6.6,1.1,4.71,8.8,29,0,877.9,330,0.9,1.8,20,0,20,16,16,16,15,246,0,20,96
ABO,2023,10,1,18,15,41.1,7,1.9,5,8.3,27.7,0,878,292,0.7,1.9,0,0,0,0,0,0,0,246,0,20,96
ABO,2023,10,1,19,14.8,38.7,6.5,0.9,4.64,7.8,26.6,0,878.2,297,0.7,1.8,0,0,0,0,0,0,0,257,6,20,96
ABO,2023,10,1,20,14.4,39.8,6.5,0.9,4.64,7.6,26.2,0,878,309,0.8,1.9,0,0,0,0,0,0,0,263,23,20,96
ABO,2023,10,1,21,15.1,38,6.5,0.9,4.64,7.9,26.9,0,878.2,301,0.7,1.7,0,0,0,0,0,0,0,305,75,20,96
ABO,2023,10,1,22,15,39.4,6.7,1.3,4.78,8,27.2,0,878.2,292,0.6,1.7,0,0,0,0,0,0,0,304,78,20,96
ABO,2023,10,1,23,14.6,40.4,6.7,1.3,4.78,7.9,26.8,0,878,297,0.7,1.5,0,0,0,0,0,0,0,291,61,20,96
ABO,2023,10,2,0,14.5,41.8,6.9,1.7,4.93,8,27,0,877.8,270,0.7,1.9,0,0,0,0,0,0,0,306,75,20,96
ABO,2023,10,2,1,14.7,41.9,7,1.9,5,8.1,27.4,0,877.9,304,0.6,1.6,0,0,0,0,0,0,0,303,66,19,96
ABO,2023,10,2,2,14.5,43.1,7.1,2.1,5.07,8.1,27.4,0,877.8,297,0.7,1.5,0,0,0,0,0,0,0,296,68,19,96
ABO,2023,10,2,3,13.5,46.6,7.2,2.3,5.15,7.8,26.6,0,877.6,281,0.6,1.5,0,0,0,0,0,0,0,279,48,19,96
ABO,2023,10,2,4,13.9,46.1,7.3,2.5,5.22,8,27.2,0,877.4,297,0.7,2.1,0,0,0,0,0,0,0,283,53,19,96
ABO,2023,10,2,5,14.1,44.8,7.2,2.3,5.15,8,27.2,0,877.4,292,0.8,1.7,0,0,0,0,0,0,0,280,41,19,96
ABO,2023,10,2,6,13.6,45.6,7.1,2.1,5.07,7.7,26.5,0,877.8,292,0.7,1.6,5,0,5,3,3,3,3,278,29,19,96
ABO,2023,10,2,7,13.5,48.6,7.5,2.9,5.36,8,27.1,0,878.1,281,0.7,1.7,29,0,29,29,29,29,29,249,25,19,96
ABO,2023,10,2,8,14.9,46.7,7.9,3.6,5.65,8.9,29.3,0,878,204,1.1,3.8,325,748,71,51,710,423,52,227,6,19,96
ABO,2023,10,2,9,18.5,38.5,8.2,4.1,5.87,10.6,33.5,0,877.8,209,1.1,2.6,473,793,98,72,652,593,74,231,0,19,96
ABO,2023,10,2,10,21,31.8,7.9,3.6,5.65,11.3,35.5,0,877.6,146,1.3,3.5,595,864,101,86,529,745,89,237,0,19,96
ABO,2023,10,2,11,21.9,28.8,7.6,3,5.44,11.4,35.8,0,877.3,74,1.9,3.2,674,927,91,93,332,847,96,245,0,19,96
ABO,2023,10,2,12,22.5,30.9,8.4,4.5,6.02,12.2,37.9,0,877,69,2.7,4.1,665,838,128,99,120,815,222,266,13,19,96
ABO,2023,10,2,13,22.3,31.9,8.6,4.8,6.16,12.3,38.1,0,876.8,68,3,4.7,638,891,99,90,87,799,445,263,6,19,96
ABO,2023,10,2,14,22.3,31.5,8.5,4.6,6.09,12.2,37.9,0,876.5,72,2.7,4.7,542,855,91,78,76,685,610,251,0,19,96
ABO,2023,10,2,15,21.9,36.6,9.6,6.4,6.89,12.8,39.5,0,876.4,72,2,3.6,398,762,86,62,60,507,682,267,19,19,96
ABO,2023,10,2,16,20.4,43.9,10.5,7.7,7.54,12.9,39.7,0,876.5,56,1,2.6,203,519,57,40,40,266,522,273,29,19,96
ABO,2023,10,2,17,18.1,49.2,10.2,7.3,7.33,11.8,36.8,0,876.2,302,1,2.2,20,0,20,15,15,15,14,255,19,19,96
ABO,2023,10,2,18,16.7,53.1,10.1,7.1,7.25,11.2,35.1,0,876.5,277,1.1,3.2,0,0,0,0,0,0,0,249,0,19,96
ABO,2023,10,2,19,15.9,55.5,10,7,7.18,10.8,34.2,0,876.4,326,0.7,2.1,0,0,0,0,0,0,0,248,0,19,96
ABO,2023,10,2,20,16.2,57.1,10.5,7.7,7.54,11.3,35.4,0,876.2,281,0.7,1.8,0,0,0,0,0,0,0,246,0,19,96
ABO,2023,10,2,21,16.1,56.3,10.3,7.4,7.4,11.1,34.9,0,875.9,281,0.7,2.2,0,0,0,0,0,0,0,243,0,19,96
ABO,2023,10,2,22,16.2,53.3,9.8,6.7,7.04,10.8,34.1,0,875.8,297,0.8,3,0,0,0,0,0,0,0,241,0,19,96
ABO,2023,10,2,23,16.3,51.9,9.6,6.4,6.9,10.7,33.8,0,875.6,292,0.7,1.8,0,0,0,0,0,0,0,239,0,19,96
ABO,2023,10,3,0,15.9,52.5,9.5,6.2,6.82,10.5,33.2,0,875.6,278,0.8,1.9,0,0,0,0,0,0,0,236,0,19,96
ABO,2023,10,3,1,15.7,52.8,9.4,6.1,6.75,10.3,32.9,0,875.1,278,1,2.3,0,0,0,0,0,0,0,234,0,20,96
ABO,2023,10,3,2,15.2,53.8,9.3,5.9,6.68,10,32.2,0,874.8,281,0.8,2,0,0,0,0,0,0,0,234,6,20,96
ABO,2023,10,3,3,15.6,51,9,5.5,6.47,10,32,0,874.5,342,0.7,2.5,0,0,0,0,0,0,0,233,16,20,96
ABO,2023,10,3,4,15,51.2,8.7,5,6.25,9.5,30.9,0,874.4,14,0.9,2.3,0,0,0,0,0,0,0,271,0,20,96
ABO,2023,10,3,5,16.8,41.9,8,3.8,5.75,9.8,31.4,0,874.1,243,3.5,6,0,0,0,0,0,0,0,277,6,20,96
ABO,2023,10,3,6,17.7,36.1,7.3,2.5,5.24,9.6,31.1,0,874.4,241,3.7,6.4,5,0,5,3,3,3,3,298,48,20,96
ABO,2023,10,3,7,17.1,39.4,7.7,3.2,5.52,9.6,31.2,0,874.8,243,3.3,6.1,55,0,55,32,34,33,31,299,68,20,96
ABO,2023,10,3,8,17.6,45.2,9.1,5.6,6.54,10.9,34.3,0,874.9,225,2.1,5.4,300,611,91,55,597,375,55,303,68,20,96
ABO,2023,10,3,9,21.7,37.8,9.8,6.7,7.05,12.9,39.7,0,874.9,208,2.1,5.5,413,589,130,80,505,486,80,288,50,20,96
ABO,2023,10,3,10,22,35.6,9.4,6.1,6.75,12.7,39.3,0,875,156,2.1,7.8,570,802,117,87,512,711,89,303,39,20,96
ABO,2023,10,3,11,22.9,31.5,8.8,5.1,6.32,12.6,39.1,0,875,131,3.9,9.8,630,798,131,97,319,774,100,308,56,20,96
ABO,2023,10,3,12,24.3,28.7,8.7,5,6.25,13.1,40.4,0,874.5,182,4.2,9,629,814,112,94,113,782,201,303,35,20,96
ABO,2023,10,3,13,24.2,28.5,8.6,4.8,6.18,13,40.1,0,874.6,217,5.1,12.5,586,735,143,96,95,711,404,317,53,20,96
ABO,2023,10,3,14,22.6,33.2,9.1,5.6,6.54,12.7,39.4,0,875,218,5.5,13.2,269,106,215,105,110,197,182,349,100,20,96
ABO,2023,10,3,15,19.1,55.5,12.3,10,8.85,13.6,41.7,0,876.3,64,3.4,7.3,69,1,69,34,36,36,33,346,100,20,96
ABO,2023,10,3,16,18.3,60,12.6,10.4,9.07,13.5,41.4,0,876.9,58,2,5.1,69,20,65,32,34,42,51,344,100,20,96
ABO,2023,10,3,17,16.1,80.3,14.7,12.7,10.6,14,43,3,877.1,50,2.8,6,7,0,7,4,4,4,4,341,100,20,96
ABO,2023,10,3,18,14.9,87.8,14.9,12.9,10.74,13.6,42.1,5.1,878,284,1.3,3.8,0,0,0,0,0,0,0,334,100,20,96
ABO,2023,10,3,19,14.3,82.2,13.4,11.3,9.64,12.5,38.7,0,878.3,282,1.8,4.8,0,0,0,0,0,0,0,323,81,20,96
ABO,2023,10,3,20,13.5,89.4,13.8,11.8,9.92,12.5,38.6,0,879.1,36,2.3,7.3,0,0,0,0,0,0,0,335,100,20,96
ABO,2023,10,3,21,12.4,93,13.4,11.3,9.63,11.7,36.8,1,879.3,45,3,6.3,0,0,0,0,0,0,0,328,100,20,96
ABO,2023,10,3,22,11.9,92.4,12.9,10.7,9.26,11.2,35.3,0,879.6,36,2.8,7.1,0,0,0,0,0,0,0,321,81,20,96
ABO,2023,10,3,23,11.6,91.7,12.5,10.3,8.97,10.8,34.3,1.1,879.3,38,2.5,6.6,0,0,0,0,0,0,0,304,81,20,96
ABO,2023,10,4,0,11.3,90.5,12.1,9.8,8.68,10.4,33.2,0.1,879,58,1.5,3.2,0,0,0,0,0,0,0,289,60,20,96
ABO,2023,10,4,1,11,92.9,12.2,9.9,8.76,10.4,33.1,0,878.9,103,1.1,3.1,0,0,0,0,0,0,0,293,55,21,96
ABO,2023,10,4,2,10.9,92.9,12.1,9.8,8.69,10.3,32.9,0,878.3,90,0.8,1.7,0,0,0,0,0,0,0,289,55,21,96
ABO,2023,10,4,3,10.7,93.5,12,9.7,8.62,10.1,32.5,0,878.1,61,1.3,2.3,0,0,0,0,0,0,0,272,34,21,96
ABO,2023,10,4,4,9.9,93.5,11.4,8.9,8.18,9.3,30.5,0,878.4,66,1.8,4,0,0,0,0,0,0,0,269,43,21,96
ABO,2023,10,4,5,9.8,94.1,11.4,8.9,8.18,9.3,30.4,0,878.6,90,1.4,2.7,0,0,0,0,0,0,0,266,63,21,96
ABO,2023,10,4,6,9.8,94.8,11.5,9,8.25,9.3,30.6,0,878.9,113,0.9,1.8,5,0,5,3,3,3,3,273,80,21,96
ABO,2023,10,4,7,10,93.5,11.5,9,8.25,9.4,30.8,0.1,878.8,76,1,2.1,52,0,52,28,29,29,27,277,68,21,96
ABO,2023,10,4,8,10.6,91,11.6,9.2,8.32,9.8,31.6,0,878.8,99,0.9,2,210,182,149,74,251,183,72,281,53,21,96
ABO,2023,10,4,9,11.8,84.6,11.7,9.3,8.39,10.4,33,0,878.7,131,1.3,3.1,397,502,157,90,459,450,89,276,38,21,96
ABO,2023,10,4,10,13.5,67.5,10.4,7.6,7.45,10.2,32.4,0,878.4,106,2.1,4.5,605,899,99,91,544,783,94,249,25,21,96
ABO,2023,10,4,11,14.7,67.7,11.3,8.8,8.11,11.3,35.3,0,878.4,78,2.7,5.9,605,674,190,115,349,714,116,281,50,21,96
ABO,2023,10,4,12,15.5,63.5,11.2,8.6,8.04,11.5,35.9,0,877.9,72,2.5,6.2,599,647,191,115,142,704,224,298,65,21,96
ABO,2023,10,4,13,15.6,62.6,11.1,8.5,7.97,11.5,35.8,0,877.5,69,3.2,5.7,527,496,230,120,121,577,363,319,84,21,96
ABO,2023,10,4,14,15.1,66.4,11.4,8.9,8.19,11.5,35.9,0,877.6,55,3.5,6.1,393,311,230,115,118,381,338,335,100,21,96
ABO,2023,10,4,15,14,72.8,11.6,9.2,8.33,11.2,35.1,0,877.6,46,3.5,6.1,217,92,180,90,94,157,168,333,100,21,96
ABO,2023,10,4,16,13.3,74.2,11.3,8.8,8.11,10.7,33.9,0,877.8,52,2,4.4,79,4,78,40,42,43,41,331,100,21,96
ABO,2023,10,4,17,12.8,77.1,11.4,8.9,8.18,10.5,33.5,0,877.8,61,1.5,3.3,17,0,17,9,9,9,8,313,88,21,96
ABO,2023,10,4,18,12,81.3,11.4,8.9,8.19,10.2,32.7,0,877.7,166,0.6,1.7,0,0,0,0,0,0,0,319,88,21,96
ABO,2023,10,4,19,11,84.6,11.1,8.5,7.96,9.6,31.1,0,878.1,342,0.7,1.8,0,0,0,0,0,0,0,292,70,21,96
ABO,2023,10,4,20,10.3,83.9,10.5,7.7,7.53,8.9,29.3,0,878,90,0.6,1.6,0,0,0,0,0,0,0,295,88,21,96
ABO,2023,10,4,21,9.5,86.1,10.2,7.3,7.31,8.3,28,0,877.9,45,0.5,1.1,0,0,0,0,0,0,0,290,68,21,96
ABO,2023,10,4,22,8.6,87.8,9.8,6.7,7.02,7.6,26.3,0,877.8,27,0.8,3.1,0,0,0,0,0,0,0,285,74,21,96
ABO,2023,10,4,23,8.5,84.8,9.4,6.1,6.73,7.2,25.5,0,877.6,333,0.9,3.3,0,0,0,0,0,0,0,278,81,21,96
ABO,2023,10,5,0,7.7,83,8.7,5,6.23,6.3,23.4,0,877,297,0.6,1.5,0,0,0,0,0,0,0,284,94,21,96
ABO,2023,10,5,1,7.5,81.3,8.4,4.5,6.01,6,22.6,0,877.3,315,0.5,1.3,0,0,0,0,0,0,0,278,71,21,96
ABO,2023,10,5,2,7.7,79,8.3,4.3,5.94,6,22.7,0,877.5,297,0.5,1.2,0,0,0,0,0,0,0,274,50,21,96
ABO,2023,10,5,3,7.5,77.9,8.1,3.9,5.8,5.7,22.1,0,876.7,236,0.8,2.2,0,0,0,0,0,0,0,274,48,21,96
ABO,2023,10,5,4,7.5,79,8.2,4.1,5.87,5.8,22.3,0,876.4,284,0.7,1.6,0,0,0,0,0,0,0,283,84,21,96
ABO,2023,10,5,5,7.1,77.3,7.8,3.4,5.59,5.3,21.2,0,876.4,292,0.6,1.7,0,0,0,0,0,0,0,279,81,21,96
ABO,2023,10,5,6,7.4,73.6,7.6,3,5.44,5.2,21.1,0,877,349,0.6,1.4,5,0,5,3,3,3,3,281,78,21,96
ABO,2023,10,5,7,8.2,69.7,7.6,3,5.44,5.6,21.9,0,876.6,214,0.8,3.5,34,0,34,29,29,29,29,279,65,21,96
ABO,2023,10,5,8,9.1,67.5,7.8,3.4,5.58,6.2,23.2,0,877.3,225,0.6,1.9,260,580,61,52,550,359,53,281,36,21,96
ABO,2023,10,5,9,11.6,62.1,8.5,4.6,6.08,7.9,27,0,878.2,156,1.1,2.6,460,797,95,73,651,606,75,290,40,21,96
ABO,2023,10,5,10,13.6,57.2,8.9,5.3,6.37,9.1,29.8,0,878,146,1,2.5,552,732,144,94,493,689,96,287,60,21,96
ABO,2023,10,5,11,15.6,46.2,8.2,4.1,5.87,9.4,30.5,0,877.4,106,1.8,4.1,657,917,95,96,331,856,100,275,20,21,96
ABO,2023,10,5,12,17,45.3,8.8,5.1,6.3,10.4,33,0,877.6,77,2.9,5,666,903,102,98,118,863,220,269,22,21,96
ABO,2023,10,5,13,16.8,49.2,9.4,6.1,6.74,10.8,33.9,0,877.3,70,2.9,5.5,623,892,98,93,89,812,449,274,19,21,96
ABO,2023,10,5,14,16.9,51,9.8,6.7,7.03,11.1,34.8,0,877.2,70,2.8,5,526,853,91,80,77,694,613,257,0,21,96
ABO,2023,10,5,15,16.2,59.1,10.9,8.2,7.83,11.5,36.1,0,877,64,2.8,6.3,379,740,86,63,62,506,663,262,29,21,96
ABO,2023,10,5,16,14.2,74.8,12.1,9.8,8.7,11.6,36.3,0,877.5,55,2.7,6.9,168,323,78,46,46,202,350,291,56,21,96
ABO,2023,10,5,17,13.5,78.3,12.1,9.8,8.7,11.3,35.5,0,877.5,211,1,2.7,22,0,22,11,12,12,11,311,94,21,96
ABO,2023,10,5,18,12.4,77.6,11.2,8.6,8.04,10.2,32.8,0,877.7,315,0.8,1.9,0,0,0,0,0,0,0,307,81,21,96
ABO,2023,10,5,19,10.9,80.6,10.5,7.7,7.53,9.1,29.9,0,877.9,270,0.6,1.4,0,0,0,0,0,0,0,314,88,21,96
ABO,2023,10,5,20,10.5,82.2,10.4,7.6,7.46,8.9,29.3,0,878,270,0.7,1.8,0,0,0,0,0,0,0,317,100,21,96
ABO,2023,10,5,21,10,83.9,10.3,7.4,7.38,8.6,28.6,0,878,256,0.6,1.6,0,0,0,0,0,0,0,311,100,21,96
ABO,2023,10,5,22,10,83.3,10.2,7.3,7.31,8.5,28.5,0,878,284,0.4,1.1,0,0,0,0,0,0,0,306,100,21,96
ABO,2023,10,5,23,9.7,75.1,9,5.5,6.44,7.5,26,0,877.7,297,0.6,1.7,0,0,0,0,0,0,0,300,100,21,96
ABO,2023,10,6,0,10,62.6,7.7,3.2,5.51,6.6,23.9,0,877.5,315,0.7,1.9,0,0,0,0,0,0,0,288,88,21,96
ABO,2023,10,6,1,9.9,52.3,6.4,0.6,4.57,5.4,21.4,0,878.1,22,1.1,3.4,0,0,0,0,0,0,0,271,34,20,96
ABO,2023,10,6,2,9.6,62.1,7.4,2.7,5.29,6.2,23,0,878.1,246,1.5,4.6,0,0,0,0,0,0,0,269,38,20,96
ABO,2023,10,6,3,8.9,63.2,7.2,2.3,5.15,5.7,21.9,0,877.5,270,1.1,3.8,0,0,0,0,0,0,0,272,46,20,96
ABO,2023,10,6,4,9.1,53.6,6.2,0.2,4.43,4.9,20.3,0,877.5,323,0.6,1.6,0,0,0,0,0,0,0,263,6,20,96
ABO,2023,10,6,5,9.7,45.8,5.5,-1.4,3.92,4.6,19.6,0,877.7,256,0.6,1.6,0,0,0,0,0,0,0,264,0,20,96
ABO,2023,10,6,6,8.7,49.8,5.6,-1.2,3.99,4.2,18.8,0,877.7,281,0.7,2,4,0,4,2,3,3,2,263,6,20,96
ABO,2023,10,6,7,9.2,47.4,5.5,-1.4,3.92,4.4,19.1,0,877.9,288,0.8,1.8,27,0,27,27,27,27,27,263,13,20,96
ABO,2023,10,6,8,11.2,43.6,5.8,-0.7,4.14,5.6,21.7,0,878.1,207,1,3.7,256,580,59,50,546,360,51,265,6,20,96
ABO,2023,10,6,9,14.9,36.1,6.1,0,4.35,7.5,26,0,878.2,194,0.9,1.9,454,782,99,72,639,603,74,217,6,20,96
ABO,2023,10,6,10,16.7,31,5.9,-0.5,4.21,8.1,27.4,0,878.1,106,1.6,2.8,580,872,97,87,523,765,89,236,19,20,96
ABO,2023,10,6,11,17.8,24.6,5,-2.7,3.56,7.8,26.9,0,877.8,108,1.3,3,638,852,120,97,333,825,100,280,53,20,96
ABO,2023,10,6,12,18.9,27,5.9,-0.5,4.21,9,29.7,0,877.8,75,2.5,4.6,643,827,130,100,121,823,226,283,58,20,96
ABO,2023,10,6,13,17.5,37.1,7.4,2.7,5.29,9.6,31,0,877.9,81,2.1,5.2,587,752,148,98,96,739,428,301,68,20,96
ABO,2023,10,6,14,18.3,29.1,6.1,0,4.35,8.9,29.4,0,877.4,131,1.1,3,477,647,152,91,90,587,523,312,75,20,96
ABO,2023,10,6,15,17.5,41.5,8.3,4.3,5.94,10.3,32.6,0,877.6,75,1.7,3.2,288,329,163,82,84,299,372,309,81,20,96
ABO,2023,10,6,16,16.3,47.4,8.8,5.1,6.3,10.1,32.3,0,878,112,1.3,3.2,142,164,99,50,52,134,207,307,71,20,96
ABO,2023,10,6,17,14.7,50.4,8.4,4.5,6.01,9.2,30,0,878.2,304,0.8,1.9,19,0,19,11,12,12,11,314,84,20,96
ABO,2023,10,6,18,12.8,46.7,6.9,1.7,4.93,7.2,25.3,0,878.3,292,0.7,1.8,0,0,0,0,0,0,0,322,88,20,96
ABO,2023,10,6,19,12,49.3,6.9,1.7,4.92,6.9,24.5,0,878.6,288,0.7,1.6,0,0,0,0,0,0,0,316,78,20,96
ABO,2023,10,6,20,12.3,45.6,6.5,0.9,4.64,6.7,24.1,0,878.7,288,0.7,1.5,0,0,0,0,0,0,0,299,71,20,96
ABO,2023,10,6,21,12.2,46.6,6.6,1.1,4.71,6.7,24.1,0,878.8,292,0.6,1.7,0,0,0,0,0,0,0,311,78,20,96
ABO,2023,10,6,22,12.3,49,7,1.9,4.99,7.1,25,0,878.8,281,0.7,1.6,0,0,0,0,0,0,0,277,40,20,96
ABO,2023,10,6,23,12.1,53.3,7.5,2.9,5.36,7.4,25.7,0,878.6,292,0.7,1.6,0,0,0,0,0,0,0,254,25,20,96
ABO,2023,10,7,0,12.4,50.1,7.2,2.3,5.14,7.3,25.4,0,878.5,326,0.7,1.9,0,0,0,0,0,0,0,247,25,20,96
ABO,2023,10,7,1,11.7,49.5,6.8,1.5,4.85,6.6,24,0,878.2,292,0.6,1.7,0,0,0,0,0,0,0,245,0,20,96
ABO,2023,10,7,2,11.2,47.3,6.3,0.4,4.5,6,22.6,0,878,309,0.7,1.8,0,0,0,0,0,0,0,244,0,20,96
ABO,2023,10,7,3,11,46.5,6.1,0,4.35,5.7,22,0,877.9,288,0.7,2.2,0,0,0,0,0,0,0,242,20,20,96
ABO,2023,10,7,4,10.4,46.7,5.9,-0.5,4.21,5.3,21.1,0,877.8,284,0.6,1.6,0,0,0,0,0,0,0,241,10,20,96
ABO,2023,10,7,5,10.5,41.9,5.3,-1.9,3.78,4.8,20.1,0,877.9,304,1,2.1,0,0,0,0,0,0,0,240,0,20,96
ABO,2023,10,7,6,10.3,40.6,5.1,-2.5,3.63,4.5,19.5,0,878.2,293,0.9,2.1,4,0,4,2,2,2,2,238,0,20,96
ABO,2023,10,7,7,10.8,41.6,5.4,-1.7,3.85,5,20.5,0,878.9,286,0.8,1.8,27,0,27,27,27,27,27,246,13,20,96
ABO,2023,10,7,8,11.1,42.4,5.6,-1.2,3.99,5.4,21.2,0,879.3,209,1.2,4.1,253,562,64,50,534,356,51,229,0,20,96
ABO,2023,10,7,9,15.3,33.9,5.9,-0.5,4.2,7.5,26,0,879.3,211,1.2,3.4,456,809,93,70,652,618,72,219,0,20,96
ABO,2023,10,7,10,18,24.3,5,-2.7,3.56,7.9,27.1,0,879.4,169,1.3,3.1,570,847,105,86,518,755,88,230,0,20,96
ABO,2023,10,7,11,18.5,27.7,5.9,-0.5,4.2,8.8,29.3,0,879.6,81,2.2,4,646,916,93,92,322,859,96,241,0,20,96
ABO,2023,10,7,12,19.7,24.4,5.6,-1.2,3.99,9.1,29.9,0,879.4,90,1.7,3.3,654,895,104,96,114,861,216,270,16,20,96
ABO,2023,10,7,13,20.4,22.5,5.4,-1.7,3.84,9.2,30.3,0,879.4,77,2.1,4.1,406,375,184,102,104,436,247,318,75,20,96
ABO,2023,10,7,14,19.1,34,7.5,2.9,5.35,10.3,32.8,0,879.8,66,2.7,5.5,321,295,182,95,98,318,308,320,81,20,96
ABO,2023,10,7,15,18.5,36.1,7.7,3.2,5.49,10.2,32.5,0,879.8,164,1,2.9,369,772,76,58,56,517,683,267,16,20,96
ABO,2023,10,7,16,17.6,36.3,7.3,2.5,5.2,9.6,30.9,0,879.8,292,1.2,2.2,177,496,52,36,36,259,495,239,0,20,96
ABO,2023,10,7,17,15.6,37.9,6.7,1.3,4.77,8.3,27.8,0,880,297,0.8,1.9,17,0,17,11,11,11,11,249,19,20,96
ABO,2023,10,7,18,13.9,46.1,7.3,2.5,5.2,8,27.1,0,880.2,270,0.8,1.6,0,0,0,0,0,0,0,239,0,20,96
ABO,2023,10,7,19,13.9,47.4,7.5,2.9,5.34,8.2,27.5,0,880.4,270,0.6,1.5,0,0,0,0,0,0,0,239,0,20,96
ABO,2023,10,7,20,13.7,50.4,7.9,3.6,5.63,8.4,28,0,880.6,270,0.6,1.5,0,0,0,0,0,0,0,238,0,20,96
ABO,2023,10,7,21,14.2,49.5,8,3.8,5.7,8.7,28.7,0,880.7,292,0.7,1.6,0,0,0,0,0,0,0,236,0,20,96
ABO,2023,10,7,22,14,51.2,8.2,4.1,5.85,8.7,28.8,0,880.6,297,0.8,1.9,0,0,0,0,0,0,0,265,0,20,96
ABO,2023,10,7,23,13.7,53,8.3,4.3,5.92,8.7,28.7,0,880.4,292,0.7,1.8,0,0,0,0,0,0,0,273,0,20,96
ABO,2023,10,8,0,13.8,53.4,8.4,4.5,5.99,8.8,29,0,880.3,292,0.6,1.6,0,0,0,0,0,0,0,271,0,20,96
ABO,2023,10,8,1,14.1,52.7,8.5,4.6,6.07,9,29.5,0,880.1,297,0.8,1.8,0,0,0,0,0,0,0,270,0,20,96
ABO,2023,10,8,2,13.8,55.3,8.7,5,6.21,9,29.6,0,879.8,301,0.7,1.7,0,0,0,0,0,0,0,270,0,20,96
ABO,2023,10,8,3,13.8,55.3,8.7,5,6.21,9,29.6,0,879.7,301,0.8,1.7,0,0,0,0,0,0,0,269,36,20,96
ABO,2023,10,8,4,13.7,56,8.8,5.1,6.28,9,29.6,0,879.7,297,0.8,2,0,0,0,0,0,0,0,269,6,20,96
ABO,2023,10,8,5,14.2,53.9,8.7,5,6.21,9.2,30,0,879.4,292,0.7,2,0,0,0,0,0,0,0,268,0,20,96
ABO,2023,10,8,6,14.1,54.2,8.7,5,6.21,9.2,29.9,0,879.4,292,0.7,1.9,4,0,4,2,2,2,2,271,0,20,96
ABO,2023,10,8,7,14.1,54.6,8.8,5.1,6.28,9.2,30.1,0,879.8,292,0.7,1.8,29,0,29,27,27,27,26,260,19,20,96
ABO,2023,10,8,8,15.2,53.8,9.3,5.9,6.64,10,32.1,0,880.1,225,0.8,3.1,243,546,62,49,516,348,49,232,0,20,96
ABO,2023,10,8,9,18.1,47.3,9.8,6.7,7,11.6,35.9,0,880.4,180,0.7,1.8,443,801,87,68,640,611,70,235,0,20,96
ABO,2023,10,8,10,20,39.7,9.3,5.9,6.64,11.9,37,0,880.4,139,1.2,2.7,560,854,96,83,511,755,86,240,0,20,96
ABO,2023,10,8,11,21.9,35.1,9.2,5.8,6.57,12.6,38.7,0,880.5,107,1.9,4.5,632,898,94,91,318,848,94,249,0,20,96
ABO,2023,10,8,12,22.4,33.6,9.1,5.6,6.5,12.7,39,0,880.3,80,3.1,6.3,634,859,111,95,114,839,216,269,13,20,96
ABO,2023,10,8,13,22.9,35.1,9.8,6.7,7,13.3,40.8,0,880.1,47,2.7,6.9,597,873,97,88,85,802,438,266,6,20,96
ABO,2023,10,8,14,22.8,32.8,9.1,5.6,6.5,12.8,39.5,0,879.8,39,3.4,6.4,496,810,97,76,74,673,587,259,0,20,96
ABO,2023,10,8,15,22.1,34,9,5.5,6.43,12.5,38.6,0,879.8,42,2.6,6.2,364,767,77,58,56,516,680,259,0,20,96
ABO,2023,10,8,16,20,41.4,9.7,6.5,6.93,12.2,37.7,0,879.8,180,1.2,3.6,172,481,53,36,36,255,482,242,0,20,96
ABO,2023,10,8,17,17.6,48.8,9.8,6.7,7,11.4,35.4,0,880.2,307,1.1,2.2,13,0,13,9,9,9,9,242,0,20,96
ABO,2023,10,8,18,16.2,52.2,9.6,6.4,6.86,10.7,33.6,0,880.4,281,0.6,1.8,0,0,0,0,0,0,0,241,0,20,96
ABO,2023,10,8,19,15.5,53.8,9.5,6.2,6.78,10.3,32.7,0,880.4,293,0.8,1.6,0,0,0,0,0,0,0,251,16,20,96
ABO,2023,10,8,20,14.9,54.8,9.3,5.9,6.64,9.9,31.8,0,880.2,284,0.5,1.3,0,0,0,0,0,0,0,289,66,20,96
ABO,2023,10,8,21,15.2,52.3,9,5.5,6.43,9.9,31.5,0,880.1,292,0.7,1.6,0,0,0,0,0,0,0,288,68,20,96
ABO,2023,10,8,22,15.3,48.8,8.5,4.6,6.07,9.5,30.7,0,879.9,297,0.7,1.7,0,0,0,0,0,0,0,265,45,20,96
ABO,2023,10,8,23,14.9,47.3,8,3.8,5.71,9,29.4,0,879.6,292,0.7,1.8,0,0,0,0,0,0,0,227,0,20,96
ABO,2023,10,9,0,14.8,46.3,7.8,3.4,5.57,8.8,29,0,879.4,297,0.7,1.6,0,0,0,0,0,0,0,265,0,20,96
ABO,2023,10,9,1,15,44.1,7.5,2.9,5.35,8.7,28.6,0,879.1,279,0.8,1.7,0,0,0,0,0,0,0,263,0,22,96
ABO,2023,10,9,2,14.8,42.8,7.2,2.3,5.14,8.3,27.9,0,878.8,293,0.9,2,0,0,0,0,0,0,0,263,0,22,96
ABO,2023,10,9,3,14.8,42.8,7.2,2.3,5.14,8.3,27.9,0,878.6,288,0.7,2,0,0,0,0,0,0,0,273,45,22,96
ABO,2023,10,9,4,14.7,43.7,7.3,2.5,5.21,8.4,28,0,878.5,304,0.9,2,0,0,0,0,0,0,0,266,20,22,96
ABO,2023,10,9,5,14.1,46.1,7.4,2.7,5.29,8.2,27.5,0,878.3,279,0.7,1.8,0,0,0,0,0,0,0,262,0,22,96
ABO,2023,10,9,6,14.4,44.6,7.3,2.5,5.21,8.2,27.6,0,878.4,288,0.8,1.8,3,0,3,2,2,2,2,265,6,22,96
ABO,2023,10,9,7,14.7,47.3,7.9,3.6,5.64,8.8,29,0,878.6,292,0.7,1.8,27,0,27,27,27,27,27,239,13,22,96
ABO,2023,10,9,8,15.7,49.3,8.8,5.1,6.29,9.9,31.7,0,878.7,207,1,3.7,177,381,52,53,378,263,54,224,19,22,96
ABO,2023,10,9,9,19.3,41.5,9.3,5.9,6.65,11.6,36.3,0,878.8,197,1.3,3.2,445,812,87,74,652,627,76,231,0,22,96
ABO,2023,10,9,10,20.7,38,9.3,5.9,6.65,12.2,37.7,0,878.8,102,1.6,3.2,557,839,105,91,515,760,94,245,13,22,96
ABO,2023,10,9,11,21.3,35.2,8.9,5.3,6.36,12.1,37.6,0,878.7,75,2,3.4,626,875,106,100,327,849,104,254,26,22,96
ABO,2023,10,9,12,22.4,29.2,7.9,3.6,5.64,11.8,36.9,0,878.4,85,2.5,5.7,634,863,113,103,122,855,226,274,19,22,96
ABO,2023,10,9,13,22.7,30.7,8.5,4.6,6.08,12.3,38.3,0,878,57,2.9,5.8,605,912,88,94,91,837,454,272,13,22,96
ABO,2023,10,9,14,22.1,32.3,8.6,4.8,6.15,12.2,37.9,0,877.7,62,2.4,4.8,464,662,136,92,91,601,511,300,53,22,96
ABO,2023,10,9,15,21.6,36.7,9.5,6.2,6.81,12.6,39,0,877.4,96,2.1,4.6,253,254,156,81,83,258,297,302,60,22,96
ABO,2023,10,9,16,19.9,43.1,10,7,7.17,12.4,38.2,0,877.5,315,1,2.3,141,297,74,43,44,180,325,278,35,22,96
ABO,2023,10,9,17,17.6,48.8,9.8,6.7,7.02,11.4,35.5,0,877.6,286,1.1,2.1,12,0,12,9,9,9,9,253,0,22,96
ABO,2023,10,9,18,15.8,52.5,9.4,6.1,6.73,10.4,32.9,0,877.7,284,0.8,2.1,0,0,0,0,0,0,0,240,0,22,96
ABO,2023,10,9,19,15.5,49.5,8.7,5,6.23,9.8,31.3,0,877.7,315,0.8,2.2,0,0,0,0,0,0,0,239,0,22,96
ABO,2023,10,9,20,16,46.7,8.5,4.6,6.08,9.8,31.5,0,877.7,265,1.2,4.4,0,0,0,0,0,0,0,252,29,22,96
ABO,2023,10,9,21,15.5,47.2,8.3,4.3,5.94,9.4,30.6,0,877.8,277,0.9,2.9,0,0,0,0,0,0,0,294,68,22,96
ABO,2023,10,9,22,14.8,50,8.4,4.5,6.01,9.2,30.1,0,877.8,279,0.8,2.7,0,0,0,0,0,0,0,314,74,22,96
ABO,2023,10,9,23,15.2,50.5,8.7,5,6.23,9.6,31,0,877.8,323,0.7,1.6,0,0,0,0,0,0,0,317,94,22,96
ABO,2023,10,10,0,15.1,51.9,8.9,5.3,6.37,9.7,31.3,0,877.7,315,0.8,1.7,0,0,0,0,0,0,0,299,63,22,96
ABO,2023,10,10,1,14.8,54,9.1,5.6,6.52,9.7,31.4,0,877.7,315,0.7,1.8,0,0,0,0,0,0,0,241,6,21,96
ABO,2023,10,10,2,14.7,54,9,5.5,6.45,9.6,31.1,0,876.8,256,1.3,2.9,0,0,0,0,0,0,0,239,0,21,96
ABO,2023,10,10,3,14.2,54.3,8.8,5.1,6.31,9.3,30.2,0,876.9,297,0.7,2.3,0,0,0,0,0,0,0,269,0,21,96
ABO,2023,10,10,4,14,52,8.3,4.3,5.94,8.8,29.1,0,876.8,288,0.8,2.3,0,0,0,0,0,0,0,268,0,21,96
ABO,2023,10,10,5,13.9,48.4,7.7,3.2,5.51,8.3,27.9,0,876.5,307,0.7,2.1,0,0,0,0,0,0,0,266,0,21,96
ABO,2023,10,10,6,13.9,48.4,7.7,3.2,5.51,8.3,27.9,0,876.5,321,0.8,2.2,3,0,3,2,2,2,2,265,6,21,96
ABO,2023,10,10,7,14,50.5,8.1,3.9,5.8,8.6,28.7,0,876.6,297,0.8,1.8,27,0,27,25,26,25,25,264,25,21,96
ABO,2023,10,10,8,14.6,50.7,8.4,4.5,6.02,9.2,29.9,0,876.7,225,0.9,3,170,352,57,51,354,248,52,254,35,21,96
ABO,2023,10,10,9,17.4,45.8,9.1,5.6,6.52,10.8,34,0,876.6,201,0.9,1.9,420,735,104,76,608,580,77,271,41,21,96
ABO,2023,10,10,10,19.9,33.1,7.7,3.2,5.51,10.7,34,0,876.5,94,1.5,3.1,539,792,114,91,487,731,93,263,41,21,96
ABO,2023,10,10,11,20.9,34.1,8.4,4.5,6.02,11.6,36.3,0,876.5,67,3.2,6.7,623,895,97,96,321,859,99,243,29,21,96
ABO,2023,10,10,12,21.2,34.2,8.6,4.8,6.17,11.9,37,0,876.2,58,3.2,6.1,629,873,107,98,118,859,221,272,23,21,96
ABO,2023,10,10,13,21.1,38.4,9.6,6.4,6.89,12.5,38.7,0,875.9,56,3.3,7.1,592,862,108,94,91,814,449,293,48,21,96
ABO,2023,10,10,14,21,38.9,9.7,6.5,6.97,12.5,38.8,0,875.7,75,2.5,5.1,480,777,105,81,79,663,574,289,48,21,96
ABO,2023,10,10,15,19.7,43.7,10,7,7.18,12.3,38,0,875.8,65,2.3,6.2,287,409,136,74,75,343,418,312,68,21,96
ABO,2023,10,10,16,18.7,48.4,10.4,7.6,7.47,12.2,37.8,0,875.9,135,0.9,2.1,141,314,71,41,42,188,339,301,50,21,96
ABO,2023,10,10,17,16.5,56.4,10.6,7.8,7.62,11.5,35.9,0,876.1,301,0.7,1.9,12,0,12,9,9,9,8,290,54,21,96
ABO,2023,10,10,18,14.9,59.1,10,7,7.18,10.4,33.1,0,876.2,284,0.6,1.4,0,0,0,0,0,0,0,314,71,21,96
ABO,2023,10,10,19,14.1,60.2,9.7,6.5,6.96,9.9,31.8,0,876.2,284,0.6,2.1,0,0,0,0,0,0,0,267,36,21,96
ABO,2023,10,10,20,14,60.1,9.6,6.4,6.89,9.8,31.5,0,876.1,292,0.6,1.7,0,0,0,0,0,0,0,258,29,21,96
ABO,2023,10,10,21,13.4,60.4,9.3,5.9,6.67,9.3,30.3,0,876,304,0.7,1.8,0,0,0,0,0,0,0,274,50,21,96
ABO,2023,10,10,22,13.7,56.8,8.9,5.3,6.39,9.1,29.9,0,875.9,281,0.7,1.8,0,0,0,0,0,0,0,243,29,21,96
ABO,2023,10,10,23,13.1,53.6,8.1,3.9,5.81,8.3,27.8,0,875.5,284,0.7,2.2,0,0,0,0,0,0,0,249,0,21,96
ABO,2023,10,11,0,13.9,41.7,6.6,1.1,4.73,7.5,25.9,0,875.3,281,0.8,1.9,0,0,0,0,0,0,0,267,6,21,96
ABO,2023,10,11,1,14.2,36.4,5.9,-0.5,4.22,7,24.9,0,875.4,346,0.6,1.5,0,0,0,0,0,0,0,276,23,20,96
ABO,2023,10,11,2,13.5,37.5,5.8,-0.7,4.15,6.6,24.1,0,875,307,0.7,1.9,0,0,0,0,0,0,0,264,0,20,96
ABO,2023,10,11,3,13.7,35.7,5.6,-1.2,4.01,6.6,23.9,0,874.8,297,0.8,2,0,0,0,0,0,0,0,263,30,20,96
ABO,2023,10,11,4,13.2,37.7,5.7,-0.9,4.08,6.4,23.6,0,874.7,315,0.8,2.4,0,0,0,0,0,0,0,262,0,20,96
ABO,2023,10,11,5,13.1,39.9,6,-0.2,4.29,6.6,24,0,875,288,0.8,2.2,0,0,0,0,0,0,0,261,0,20,96
ABO,2023,10,11,6,13.3,41.2,6.3,0.4,4.51,6.9,24.8,0,875,315,1,2.9,0,0,0,0,0,0,0,260,0,20,96
ABO,2023,10,11,7,13.1,46.5,7,1.9,5.01,7.4,25.8,0,875.3,270,1.2,4,27,0,27,24,24,24,24,261,6,20,96
ABO,2023,10,11,8,14.8,42.8,7.2,2.3,5.16,8.3,27.9,0,875.4,211,1.3,3.6,168,378,48,48,367,258,49,222,0,20,96
ABO,2023,10,11,9,18.5,37.1,7.9,3.6,5.66,10.4,33,0,875.3,214,1.2,3.3,434,800,89,68,637,623,70,224,0,20,96
ABO,2023,10,11,10,19.8,34.7,8,3.8,5.74,10.9,34.5,0,875.3,74,2,3.9,544,821,110,85,502,751,87,229,0,20,96
ABO,2023,10,11,11,21,31.8,7.9,3.6,5.67,11.3,35.5,0,875.1,81,2,5,623,902,97,92,317,865,95,236,0,20,96
ABO,2023,10,11,12,21.2,28.2,7.1,2.1,5.09,10.8,34.3,0,874.6,61,3,5.3,635,904,99,94,110,880,219,255,13,20,96
ABO,2023,10,11,13,21.4,29.5,7.5,2.9,5.38,11.2,35.2,0,874.1,68,3.2,5.3,594,905,90,87,84,833,447,252,6,20,96
ABO,2023,10,11,14,21.2,33,8.3,4.3,5.96,11.7,36.5,0,873.9,69,2.7,4.7,487,819,97,76,74,689,594,239,0,20,96
ABO,2023,10,11,15,20.6,36.2,8.8,5.1,6.33,11.8,36.8,0,873.8,69,2.6,5.2,349,760,78,57,56,521,675,233,0,20,96
ABO,2023,10,11,16,18.4,44.8,9.5,6.2,6.83,11.4,35.8,0,874.2,72,1.1,3.4,163,491,50,34,34,261,488,229,0,20,96
ABO,2023,10,11,17,16.5,46.8,8.8,5.1,6.32,10.2,32.6,0,874.4,286,0.9,2.7,11,0,11,8,8,8,7,228,6,20,96
ABO,2023,10,11,18,15.8,44.1,7.9,3.6,5.67,9.3,30.2,0,874.6,246,1.4,5.1,0,0,0,0,0,0,0,228,0,20,96
ABO,2023,10,11,19,16.7,35.3,6.7,1.3,4.8,8.7,28.9,0,874.7,235,1.8,5.4,0,0,0,0,0,0,0,227,0,20,96
ABO,2023,10,11,20,16.9,32.7,6.3,0.4,4.51,8.5,28.4,0,874.7,247,2.7,6.4,0,0,0,0,0,0,0,224,0,20,96
ABO,2023,10,11,21,16.8,30.3,5.8,-0.7,4.15,8.1,27.4,0,874.9,246,4.2,7.5,0,0,0,0,0,0,0,221,0,20,96
ABO,2023,10,11,22,17.4,26.7,5.3,-1.9,3.79,7.9,27.1,0,874.7,247,4.2,7.1,0,0,0,0,0,0,0,239,10,20,96
ABO,2023,10,11,23,16.5,28.7,5.4,-1.7,3.86,7.6,26.4,0,874.5,243,2.9,6.5,0,0,0,0,0,0,0,256,0,20,96
ABO,2023,10,12,0,15.2,33.1,5.7,-0.9,4.08,7.3,25.6,0,874.4,234,1.5,6.4,0,0,0,0,0,0,0,254,0,20,96
ABO,2023,10,12,1,15.3,33.4,5.8,-0.7,4.15,7.4,25.9,0,874.2,245,3,5.9,0,0,0,0,0,0,0,252,0,20,96
ABO,2023,10,12,2,16.1,31.7,5.8,-0.7,4.16,7.8,26.7,0,873.8,254,3.3,5.6,0,0,0,0,0,0,0,251,0,20,96
ABO,2023,10,12,3,15.7,34.8,6.2,0.2,4.44,7.9,27,0,873.9,249,3.4,5.8,0,0,0,0,0,0,0,251,0,20,96
ABO,2023,10,12,4,15.6,34.5,6.1,0,4.37,7.8,26.7,0,873.6,241,3.8,7.1,0,0,0,0,0,0,0,256,13,20,96
ABO,2023,10,12,5,16,31.5,5.7,-0.9,4.08,7.7,26.4,0,873.7,245,4.2,7.4,0,0,0,0,0,0,0,271,54,20,96
ABO,2023,10,12,6,15.2,33.6,5.8,-0.7,4.16,7.4,25.8,0,873.8,249,3.4,6.2,0,0,0,0,0,0,0,286,88,20,96
ABO,2023,10,12,7,15.4,36,6.3,0.4,4.51,7.9,26.9,0,874.3,242,2.5,5.8,46,0,46,24,25,25,23,293,94,20,96
ABO,2023,10,12,8,15.9,37.7,6.8,1.5,4.87,8.5,28.3,0,874.9,240,2.9,5.6,171,378,52,48,370,263,49,269,28,20,96
ABO,2023,10,12,9,18.8,34.2,7.4,2.7,5.31,10.1,32.4,0,874.6,182,2.7,7.5,384,600,133,77,527,506,77,253,48,20,96
ABO,2023,10,12,10,20.5,30.3,7.3,2.5,5.24,10.7,33.9,0,874.6,196,3,9.3,525,790,110,82,479,728,84,256,30,20,96
ABO,2023,10,12,11,21.7,27.8,7.2,2.3,5.16,11.1,34.9,0,874.6,203,3.9,8.2,634,883,123,95,332,875,98,271,45,20,96
ABO,2023,10,12,12,21.7,24.6,6.4,0.6,4.59,10.4,33.5,0,873.9,170,3.9,8.2,621,866,112,93,110,858,221,267,33,20,96
ABO,2023,10,12,13,22.1,22.6,6,-0.2,4.3,10.3,33.2,0,873.5,156,4.1,9.9,573,841,110,87,85,797,437,294,48,20,96
ABO,2023,10,12,14,20.5,32.8,7.9,3.6,5.68,11.1,35,0,873.6,163,2.7,5.9,315,238,198,99,102,307,256,323,94,20,96
ABO,2023,10,12,15,18,49.6,10.2,7.3,7.35,11.8,36.7,0,873.6,76,1.3,3.5,98,9,94,47,49,56,52,333,100,20,96
ABO,2023,10,12,16,17.6,50.1,10.1,7.1,7.27,11.5,36.1,0,873.7,166,0.7,2.1,49,0,49,25,26,26,24,330,100,20,96
ABO,2023,10,12,17,16.1,51.8,9.5,6.2,6.83,10.5,33.5,0,874.1,279,0.8,2.5,11,0,11,6,6,6,5,309,81,20,96
ABO,2023,10,12,18,14.5,51,8.4,4.5,6.03,9.1,29.8,0,874.4,259,0.8,2.8,0,0,0,0,0,0,0,325,100,20,96
ABO,2023,10,12,19,14.7,45.3,7.6,3,5.45,8.6,28.6,0,874.3,243,1.8,4.8,0,0,0,0,0,0,0,323,100,20,96
ABO,2023,10,12,20,15.6,40.1,7.1,2.1,5.09,8.6,28.6,0,874.4,234,3.3,5.9,0,0,0,0,0,0,0,321,100,20,96
ABO,2023,10,12,21,15.5,39.8,7,1.9,5.02,8.5,28.3,0,874.4,246,3.3,5.6,0,0,0,0,0,0,0,319,100,20,96
ABO,2023,10,12,22,14.7,41.9,7,1.9,5.02,8.1,27.5,0,874,245,1.8,4.8,0,0,0,0,0,0,0,316,100,20,96
ABO,2023,10,12,23,14.1,39.1,6.3,0.4,4.52,7.3,25.6,0,874.2,323,1.1,3.5,0,0,0,0,0,0,0,307,81,20,96
ABO,2023,10,13,0,12.9,41.7,6.2,0.2,4.44,6.7,24.2,0,874,315,0.7,1.7,0,0,0,0,0,0,0,290,55,20,96
ABO,2023,10,13,1,13.3,39.4,6,-0.2,4.3,6.7,24.2,0,873.7,293,0.9,1.7,0,0,0,0,0,0,0,295,71,20,96
ABO,2023,10,13,2,12.4,41.8,6,-0.2,4.3,6.3,23.3,0,873.4,304,0.7,1.9,0,0,0,0,0,0,0,288,68,20,96
ABO,2023,10,13,3,13,37.4,5.6,-1.2,4.02,6.2,23.2,0,873,301,0.9,2.6,0,0,0,0,0,0,0,271,35,20,96
ABO,2023,10,13,4,13,36,5.4,-1.7,3.87,6.1,22.8,0,872.7,270,1.1,4.2,0,0,0,0,0,0,0,262,6,20,96
ABO,2023,10,13,5,12.9,34.2,5.1,-2.5,3.66,5.8,22.2,0,872.3,293,1.1,2.5,0,0,0,0,0,0,0,260,0,20,96
ABO,2023,10,13,6,12.9,34.2,5.1,-2.5,3.66,5.8,22.2,0,872.3,252,0.8,2.9,0,0,0,0,0,0,0,259,10,20,96
ABO,2023,10,13,7,12.3,39.1,5.6,-1.2,4.02,5.9,22.5,0,872.6,297,0.8,2,25,0,25,22,22,22,22,260,13,20,96
ABO,2023,10,13,8,12.9,41.7,6.2,0.2,4.45,6.7,24.2,0,872.5,231,0.9,3.1,165,372,50,45,360,257,46,242,6,20,96
ABO,2023,10,13,9,16.4,37.6,7,1.9,5.03,8.8,29.2,0,872.3,194,0.7,2,414,758,95,66,608,602,67,224,0,20,96
ABO,2023,10,13,10,18.7,30.7,6.6,1.1,4.74,9.5,30.8,0,871.9,119,1.4,3.5,527,800,112,81,487,739,83,230,0,20,96
ABO,2023,10,13,11,20.3,24.7,5.9,-0.5,4.24,9.5,31.2,0,871.3,74,2.6,4.4,609,901,93,87,307,864,90,237,0,20,96
ABO,2023,10,13,12,21.3,23.3,5.9,-0.5,4.24,9.9,32.2,0,870.8,83,2.7,4.9,621,903,95,88,105,878,213,257,13,20,96
ABO,2023,10,13,13,21.2,23.9,6,-0.2,4.32,10,32.3,0,870.3,67,2.7,5.5,578,898,89,82,79,829,440,253,0,20,96
ABO,2023,10,13,14,20.7,29.1,7.1,2.1,5.12,10.6,33.8,0,869.9,77,2.7,5.1,475,830,89,71,69,693,592,240,0,20,96
ABO,2023,10,13,15,19.7,35.7,8.2,4.1,5.92,11,34.8,0,869.6,73,2.2,4.1,338,771,72,53,51,525,675,233,0,20,96
ABO,2023,10,13,16,17.8,41.6,8.5,4.6,6.14,10.5,33.5,0,869.7,243,1.4,3.2,122,324,45,32,32,191,327,229,0,20,96
ABO,2023,10,13,17,15.3,48.8,8.5,4.6,6.14,9.5,30.9,0,869.5,270,0.9,2.8,11,0,11,7,7,7,6,236,0,20,96
ABO,2023,10,13,18,13.6,51.9,8.1,3.9,5.85,8.5,28.4,0,869.7,270,1.1,2.9,0,0,0,0,0,0,0,230,0,20,96
ABO,2023,10,13,19,14.7,42.5,7.1,2.1,5.12,8.2,27.7,0,869.4,242,2,5.6,0,0,0,0,0,0,0,231,0,20,96
ABO,2023,10,13,20,15.1,39.7,6.8,1.5,4.9,8.1,27.6,0,869.5,238,2.5,5.9,0,0,0,0,0,0,0,232,0,20,96
ABO,2023,10,13,21,16,35.9,6.5,0.9,4.69,8.3,27.9,0,869.4,248,3.3,6.3,0,0,0,0,0,0,0,269,13,20,96
ABO,2023,10,13,22,16.6,32.8,6.2,0.2,4.47,8.3,28,0,869.2,238,4.4,7.9,0,0,0,0,0,0,0,293,51,20,96
ABO,2023,10,13,23,16.7,31.7,6,-0.2,4.32,8.2,27.7,0,869.2,234,4.2,7.1,0,0,0,0,0,0,0,280,25,20,96
ABO,2023,10,14,0,17.7,30.2,6.1,0,4.4,8.7,28.9,0,869.1,227,4.8,11.6,0,0,0,0,0,0,0,299,66,20,96
ABO,2023,10,14,1,17.8,30.9,6.3,0.4,4.54,8.9,29.4,0,868.9,220,5.2,12,0,0,0,0,0,0,0,311,94,19,96
ABO,2023,10,14,2,17.2,37.8,7.4,2.7,5.34,9.5,30.8,0,869.1,250,3.7,8.1,0,0,0,0,0,0,0,317,100,19,96
ABO,2023,10,14,3,15.8,47.3,8.5,4.6,6.15,9.7,31.4,0,868.7,204,4.8,9.6,0,0,0,0,0,0,0,318,100,19,96
ABO,2023,10,14,4,15.4,50.9,8.9,5.3,6.44,9.8,31.8,0,868.1,202,4.8,10.9,0,0,0,0,0,0,0,319,100,19,96
ABO,2023,10,14,5,14.5,59.9,9.9,6.8,7.17,10.2,32.7,0,868.4,205,4.8,9.6,0,0,0,0,0,0,0,318,100,19,96
ABO,2023,10,14,6,14,65.8,10.5,7.7,7.61,10.4,33.3,0.1,868.2,208,4.6,9.2,0,0,0,0,0,0,0,321,100,19,96
ABO,2023,10,14,7,14.2,66.2,10.7,8,7.76,10.6,33.9,0.1,868.8,212,4.3,8.6,20,0,20,11,12,11,11,317,100,19,96
ABO,2023,10,14,8,13.1,76.2,11.5,9,8.33,10.7,34.2,1.4,869.7,228,3.4,7.6,42,0,42,21,22,22,20,324,100,19,96
ABO,2023,10,14,9,14.4,58.6,9.6,6.4,6.95,9.9,32,0,869.3,212,7.9,20.6,380,648,111,68,537,535,68,319,61,19,96
ABO,2023,10,14,10,16.8,42.2,8.1,3.9,5.85,9.8,31.7,0,869.1,218,8.3,17.6,445,525,178,93,394,554,93,309,65,19,96
ABO,2023,10,14,11,15.8,49.6,8.9,5.3,6.43,10,32.2,0,869.2,223,5.9,12.7,49,0,49,24,25,25,23,331,100,19,96
ABO,2023,10,14,12,14.2,60.6,9.8,6.7,7.09,10,32.2,0.1,869,201,4.1,8.5,35,0,35,17,18,18,16,333,100,19,96
ABO,2023,10,14,13,13.4,68.8,10.6,7.8,7.68,10.2,32.9,0.7,868.9,210,4.3,10,25,0,25,13,13,13,12,333,100,19,96
ABO,2023,10,14,14,12.7,77.1,11.3,8.8,8.2,10.5,33.5,1.8,868.9,220,3.9,7.9,44,0,44,22,23,23,20,331,100,19,96
ABO,2023,10,14,15,13.3,71.2,10.9,8.2,7.9,10.4,33.3,0.8,869,226,3.7,9.4,66,1,66,32,34,34,31,329,100,19,96
ABO,2023,10,14,16,12.1,78.6,11.1,8.5,8.05,10,32.5,0.7,869.2,249,3,6.5,19,0,19,10,10,10,9,326,100,19,96
ABO,2023,10,14,17,11,88.6,11.6,9.2,8.41,10,32.3,1.8,869.5,11,1.8,5,1,0,1,0,0,0,0,322,100,19,96
ABO,2023,10,14,18,10.4,92.9,11.7,9.3,8.48,9.8,31.8,2.1,870,51,2.1,4.6,0,0,0,0,0,0,0,318,100,19,96
ABO,2023,10,14,19,9.3,92.8,10.9,8.2,7.89,8.7,29.2,0.9,870.5,44,3.3,7.6,0,0,0,0,0,0,0,313,100,19,96
ABO,2023,10,14,20,8.8,94.7,10.7,8,7.74,8.4,28.3,0.8,870.7,52,2,4.7,0,0,0,0,0,0,0,305,100,19,96
ABO,2023,10,14,21,8.4,95.3,10.5,7.7,7.59,8,27.5,0,870.6,49,2.2,4.5,0,0,0,0,0,0,0,303,100,19,96
ABO,2023,10,14,22,8.2,96,10.4,7.6,7.52,7.9,27.2,0.1,870.2,43,2.2,4.5,0,0,0,0,0,0,0,294,100,19,96
ABO,2023,10,14,23,7.8,94.7,10,7,7.24,7.4,26,0.1,869.4,41,2.9,5.2,0,0,0,0,0,0,0,285,100,19,96
ABO,2023,10,15,0,7.1,94,9.5,6.2,6.87,6.6,24.4,0.7,869.6,48,2.6,5.5,0,0,0,0,0,0,0,280,100,19,96
ABO,2023,10,15,1,6.2,93.9,8.9,5.3,6.43,5.7,22.4,0.1,869.5,50,2.5,4.9,0,0,0,0,0,0,0,275,100,19,96
ABO,2023,10,15,2,5.9,94.6,8.8,5.1,6.36,5.5,21.9,0.3,869.5,57,1.8,3.8,0,0,0,0,0,0,0,274,100,19,96
ABO,2023,10,15,3,5.5,93.9,8.5,4.6,6.14,5,20.9,0,869.5,48,2.6,5.3,0,0,0,0,0,0,0,271,100,19,96
ABO,2023,10,15,4,4.9,93.2,8.1,3.9,5.85,4.4,19.6,0.7,869.7,48,2.8,5.4,0,0,0,0,0,0,0,269,100,19,96
ABO,2023,10,15,5,4.5,92.6,7.8,3.4,5.63,4,18.6,0.4,869.7,42,2.8,5.6,0,0,0,0,0,0,0,266,100,19,96
ABO,2023,10,15,6,4.2,93.2,7.7,3.2,5.55,3.7,18.1,0.9,869.9,51,2.1,4.7,0,0,0,0,0,0,0,263,100,19,96
ABO,2023,10,15,7,4.1,91.9,7.5,2.9,5.41,3.5,17.7,0.5,870.3,54,1.5,3.5,41,0,41,21,22,22,20,261,94,19,96
ABO,2023,10,15,8,4.2,91.2,7.5,2.9,5.4,3.6,17.8,0.5,870.9,60,1.8,4.1,85,0,85,42,45,44,40,260,100,19,96
ABO,2023,10,15,9,4.1,91.9,7.5,2.9,5.4,3.5,17.7,0.4,871.2,63,1.9,4.3,105,2,105,52,56,55,49,258,100,19,96
ABO,2023,10,15,10,4.2,91.9,7.6,3,5.47,3.6,17.9,0.6,871.3,94,1.8,3.8,143,2,142,70,75,75,66,258,100,19,96
ABO,2023,10,15,11,5.4,82.7,7.4,2.7,5.33,4.1,18.8,0,870.9,107,1.5,3.4,365,190,257,125,195,324,120,263,100,19,96
ABO,2023,10,15,12,7.5,73.1,7.6,3,5.48,5.3,21.3,0,870.4,92,2.5,5.8,416,245,276,133,157,391,185,268,100,19,96
ABO,2023,10,15,13,7.9,67.7,7.2,2.3,5.19,5.2,21,0,870.4,75,3,5.9,475,507,207,105,106,576,361,268,81,19,96
ABO,2023,10,15,14,7.7,70.6,7.4,2.7,5.33,5.2,21.1,0,870.7,85,2.6,5.2,347,327,194,96,98,378,319,259,88,19,96
ABO,2023,10,15,15,6.9,71.4,7.1,2.1,5.11,4.6,19.8,0,870.9,38,3.2,6,150,38,138,68,71,96,98,250,100,19,96
ABO,2023,10,15,16,5.9,77.6,7.2,2.3,5.18,4.2,18.9,0,871.1,52,2,4.9,56,10,54,27,28,33,34,245,100,19,96
ABO,2023,10,15,17,5.5,83.3,7.5,2.9,5.4,4.2,19.1,0,870.9,59,1.9,4,2,0,2,1,1,1,1,243,100,19,96
ABO,2023,10,15,18,5.1,87.5,7.7,3.2,5.55,4.2,19,0,871.2,73,1.7,3.6,0,0,0,0,0,0,0,240,100,19,96
ABO,2023,10,15,19,5,88.1,7.7,3.2,5.55,4.1,18.9,0,871.1,73,1.9,5.1,0,0,0,0,0,0,0,238,100,19,96
ABO,2023,10,15,20,4.8,88.1,7.6,3,5.47,3.9,18.5,0,871.1,139,1.1,3.2,0,0,0,0,0,0,0,236,100,19,96
ABO,2023,10,15,21,4.8,87.5,7.5,2.9,5.4,3.9,18.4,0,871,108,0.9,2,0,0,0,0,0,0,0,233,100,19,96
ABO,2023,10,15,22,4.7,88.1,7.5,2.9,5.41,3.8,18.3,0,870.4,106,0.9,1.8,0,0,0,0,0,0,0,231,100,19,96
ABO,2023,10,15,23,4.5,85.6,7.2,2.3,5.19,3.5,17.5,0,869.7,225,0.7,1.9,0,0,0,0,0,0,0,229,100,19,96
ABO,2023,10,16,0,3.6,83.7,6.6,1.1,4.76,2.5,15.5,0,869.2,300,0.9,2.3,0,0,0,0,0,0,0,226,100,19,96
ABO,2023,10,16,1,2.8,88.5,6.6,1.1,4.76,2,14.7,0,868.9,45,0.5,1.8,0,0,0,0,0,0,0,225,100,19,96
ABO,2023,10,16,2,2.3,88.5,6.4,0.6,4.62,1.5,13.9,0,868.4,214,0.6,2,0,0,0,0,0,0,0,226,100,19,96
ABO,2023,10,16,3,2.2,87.9,6.3,0.4,4.55,1.4,13.6,0,867.8,243,0.5,1.4,0,0,0,0,0,0,0,226,100,19,96
ABO,2023,10,16,4,1.9,87.2,6.1,0,4.4,1.1,12.9,0,867.6,270,0.5,1.9,0,0,0,0,0,0,0,227,100,19,96
ABO,2023,10,16,5,1.7,87.2,6,-0.2,4.33,0.9,12.5,0,867.6,270,0.6,1.9,0,0,0,0,0,0,0,227,100,19,96
ABO,2023,10,16,6,1.7,84,5.8,-0.7,4.19,0.7,12.2,0,867.3,0,0.7,2.4,0,0,0,0,0,0,0,228,100,19,96
ABO,2023,10,16,7,1.6,83.4,5.7,-0.9,4.11,0.5,11.9,0,867.6,207,0.5,2,44,0,44,23,25,24,22,231,100,19,96
ABO,2023,10,16,8,2,82.3,5.8,-0.7,4.19,0.8,12.5,0,867.7,211,0.7,1.8,133,145,85,54,177,149,53,234,81,19,96
ABO,2023,10,16,9,3.3,80.1,6.2,0.2,4.48,1.9,14.5,0,867.8,191,0.8,2,258,155,194,94,223,223,90,244,100,19,96
ABO,2023,10,16,10,5,70,6.1,0,4.4,2.8,16.1,0,867.6,162,0.8,2,412,424,193,101,323,483,99,250,88,19,96
ABO,2023,10,16,11,8.1,59.1,6.4,0.6,4.62,4.6,19.8,0,867.4,114,1.3,3,559,729,153,94,312,765,95,267,71,19,96
ABO,2023,10,16,12,8.9,56,6.4,0.6,4.63,5,20.6,0,867.1,94,1.7,3,431,304,259,126,156,439,177,293,94,19,96
ABO,2023,10,16,13,10,55.5,6.8,1.5,4.92,5.8,22.4,0,866.6,114,1.2,3.3,385,279,239,117,120,386,260,293,90,19,96
ABO,2023,10,16,14,10.3,62.2,7.8,3.4,5.65,6.8,24.6,0,866.6,70,2.4,3.9,440,722,117,73,72,636,542,277,41,19,96
ABO,2023,10,16,15,9.4,62.9,7.4,2.7,5.36,6.1,22.9,0,866.6,79,1.6,3.1,322,762,70,50,49,525,662,267,23,19,96
ABO,2023,10,16,16,8.5,65,7.2,2.3,5.21,5.5,21.6,0,866.8,121,0.8,1.8,116,321,46,26,26,186,316,274,78,19,96
ABO,2023,10,16,17,7,75.1,7.5,2.9,5.43,5,20.7,0,867.4,180,0.7,2.3,1,0,1,0,0,0,0,279,100,19,96
ABO,2023,10,16,18,6.4,71.9,6.9,1.7,4.99,4.2,18.9,0,867.5,270,0.7,2.5,0,0,0,0,0,0,0,275,88,19,96
ABO,2023,10,16,19,6.3,71.3,6.8,1.5,4.91,4,18.7,0,867.5,259,0.6,1.6,0,0,0,0,0,0,0,270,100,19,96
ABO,2023,10,16,20,6.3,65.9,6.3,0.4,4.55,3.6,17.8,0,867.5,281,0.6,1.9,0,0,0,0,0,0,0,268,81,19,96
ABO,2023,10,16,21,6.2,65.4,6.2,0.2,4.48,3.5,17.5,0,867.7,279,0.8,1.8,0,0,0,0,0,0,0,261,88,19,96
ABO,2023,10,16,22,6.1,65.8,6.2,0.2,4.48,3.4,17.4,0,867.6,292,0.8,2.7,0,0,0,0,0,0,0,262,81,19,96
ABO,2023,10,16,23,5.8,67.2,6.2,0.2,4.48,3.3,17.1,0,867.4,284,0.6,1.8,0,0,0,0,0,0,0,261,100,19,96
ABO,2023,10,17,0,6.3,65.9,6.3,0.4,4.55,3.6,17.8,0,867.4,323,0.9,2.7,0,0,0,0,0,0,0,259,100,19,96
ABO,2023,10,17,1,5.6,69.2,6.3,0.4,4.55,3.2,17,0,867.1,288,0.7,1.7,0,0,0,0,0,0,0,239,0,20,96
ABO,2023,10,17,2,6,65.3,6.1,0,4.41,3.3,17.1,0,866.7,270,0.8,2,0,0,0,0,0,0,0,238,0,20,96
ABO,2023,10,17,3,5.1,67.1,5.9,-0.5,4.26,2.6,15.8,0,866.8,288,0.8,1.9,0,0,0,0,0,0,0,237,0,20,96
ABO,2023,10,17,4,5.5,64.3,5.8,-0.7,4.19,2.7,16,0,866.9,288,0.8,1.9,0,0,0,0,0,0,0,239,0,20,96
ABO,2023,10,17,5,5.5,66.7,6,-0.2,4.34,2.9,16.4,0,866.5,281,0.6,1.6,0,0,0,0,0,0,0,239,0,20,96
ABO,2023,10,17,6,5.4,67.1,6,-0.2,4.34,2.9,16.3,0,866.7,301,0.8,2.5,0,0,0,0,0,0,0,235,6,20,96
ABO,2023,10,17,7,5.7,66.7,6.1,0,4.41,3.1,16.8,0,866.9,270,0.6,1.9,28,0,28,21,21,21,20,247,45,20,96
ABO,2023,10,17,8,6.5,65,6.3,0.4,4.55,3.7,18,0,866.8,239,0.7,3.1,59,0,59,50,50,50,49,256,64,20,96
ABO,2023,10,17,9,9.7,54.2,6.5,0.9,4.7,5.5,21.6,0,866.7,188,0.8,1.8,404,797,83,62,619,632,64,263,36,20,96
ABO,2023,10,17,10,11.9,43.9,6.1,0,4.41,6.2,23.1,0,866.8,115,1.6,3.3,514,838,96,77,486,768,79,272,16,20,96
ABO,2023,10,17,11,13,41.4,6.2,0.2,4.48,6.7,24.4,0,866.4,72,2.4,4.3,582,878,98,85,303,859,88,285,41,20,96
ABO,2023,10,17,12,13,42,6.3,0.4,4.56,6.8,24.6,0,866.4,72,3,4.9,522,596,187,102,126,679,212,315,94,20,96
ABO,2023,10,17,13,12.5,44,6.4,0.6,4.63,6.7,24.2,0,866.4,78,2.4,4.6,493,643,158,92,91,668,384,300,81,20,96
ABO,2023,10,17,14,12.9,42.9,6.4,0.6,4.63,6.8,24.7,0,866,79,1.7,2.8,371,455,171,86,87,467,404,302,81,20,96
ABO,2023,10,17,15,12.5,44,6.4,0.6,4.63,6.7,24.3,0,865.8,80,1.2,3.1,211,233,129,65,67,231,253,310,94,20,96
ABO,2023,10,17,16,11.8,51.4,7.1,2.1,5.15,6.9,24.8,0,865.4,108,0.7,2,63,13,61,30,32,38,40,309,100,20,96
ABO,2023,10,17,17,10.4,61,7.7,3.2,5.59,6.7,24.5,0,865.1,281,0.8,2.1,2,0,2,1,1,1,1,306,100,20,96
ABO,2023,10,17,18,9.3,64.2,7.5,2.9,5.44,6.1,23,0,865.3,270,0.8,2,0,0,0,0,0,0,0,303,100,20,96
ABO,2023,10,17,19,8.7,67.4,7.6,3,5.51,5.9,22.6,0,865,270,0.7,2.3,0,0,0,0,0,0,0,301,100,20,96
ABO,2023,10,17,20,8.9,66.5,7.6,3,5.51,6,22.8,0,865,270,0.8,2.3,0,0,0,0,0,0,0,299,100,20,96
ABO,2023,10,17,21,9.1,66.5,7.7,3.2,5.59,6.1,23.2,0,864.7,284,0.7,1.5,0,0,0,0,0,0,0,298,100,20,96
ABO,2023,10,17,22,9.5,65.7,7.8,3.4,5.66,6.4,23.8,0,864.5,270,0.6,1.4,0,0,0,0,0,0,0,296,100,20,96
ABO,2023,10,17,23,9.3,66.6,7.8,3.4,5.66,6.3,23.6,0,864.3,259,0.8,2.2,0,0,0,0,0,0,0,299,100,20,96
ABO,2023,10,18,0,8.9,66.5,7.6,3,5.52,6,22.8,0,863.8,297,0.9,2.3,0,0,0,0,0,0,0,299,100,20,96
ABO,2023,10,18,1,8.9,65.1,7.4,2.7,5.38,5.8,22.5,0,863.6,297,0.7,2.5,0,0,0,0,0,0,0,298,94,20,96
ABO,2023,10,18,2,8.8,65.5,7.4,2.7,5.38,5.8,22.4,0,863.2,326,0.6,1.9,0,0,0,0,0,0,0,297,100,20,96
ABO,2023,10,18,3,9.3,64.7,7.6,3,5.53,6.1,23.3,0,862.9,284,0.6,1.5,0,0,0,0,0,0,0,296,100,20,96
ABO,2023,10,18,4,9.6,65.2,7.8,3.4,5.68,6.5,23.9,0,862.7,270,0.7,1.9,0,0,0,0,0,0,0,280,50,20,96
ABO,2023,10,18,5,9,69.9,8,3.8,5.83,6.4,23.7,0,862.1,288,0.8,2.4,0,0,0,0,0,0,0,285,81,20,96
ABO,2023,10,18,6,9.3,71.9,8.4,4.5,6.12,6.8,24.8,0,861.7,270,0.9,2.3,0,0,0,0,0,0,0,285,74,20,96
ABO,2023,10,18,7,9.6,72,8.6,4.8,6.27,7.1,25.4,0,861.5,288,0.6,2.1,29,0,29,20,21,21,20,278,54,20,96
ABO,2023,10,18,8,11.1,71.3,9.4,6.1,6.86,8.4,28.5,0,861.4,248,0.9,2.7,76,0,76,50,52,51,49,294,73,20,96
ABO,2023,10,18,9,13.7,62.6,9.8,6.7,7.16,9.8,31.9,0,861.1,202,1.2,2.9,244,232,156,79,263,255,76,300,84,20,96
ABO,2023,10,18,10,14.1,64.9,10.4,7.6,7.61,10.4,33.4,0,860.9,191,0.7,1.9,236,53,210,104,143,158,99,313,100,20,96
ABO,2023,10,18,11,15.2,56,9.7,6.5,7.09,10.3,33.2,0,860.4,189,0.9,2.1,271,84,224,111,145,202,106,320,100,20,96
ABO,2023,10,18,12,16.3,51.2,9.5,6.2,6.95,10.6,34,0,859.7,97,1.1,2.4,143,24,130,64,73,92,61,326,100,20,96
ABO,2023,10,18,13,15.7,56.6,10.1,7.1,7.39,10.8,34.5,0,859.8,158,1,2.6,62,0,61,31,32,32,29,328,100,20,96
ABO,2023,10,18,14,15.3,65.2,11.3,8.8,8.29,11.5,36.4,0,858.9,180,1,2.6,233,192,151,75,78,238,212,326,100,20,96
ABO,2023,10,18,15,15.7,60.6,10.8,8.1,7.92,11.3,35.8,0,858.5,216,1,3.1,146,135,97,49,50,149,156,324,100,20,96
ABO,2023,10,18,16,15.1,66.4,11.4,8.9,8.37,11.5,36.4,0,858.2,315,0.7,1.9,52,12,50,29,30,36,39,317,84,20,96
ABO,2023,10,18,17,13.8,63.9,10.1,7.1,7.41,10,32.6,0,858.1,286,1,2.6,5,0,5,3,3,3,2,320,94,20,96
ABO,2023,10,18,18,12.8,66.9,9.9,6.8,7.26,9.5,31.2,0,858,252,1,3.7,0,0,0,0,0,0,0,315,94,20,96
ABO,2023,10,18,19,12.7,67.3,9.9,6.8,7.26,9.4,31.1,0,857.9,297,0.8,1.7,0,0,0,0,0,0,0,316,100,20,96
ABO,2023,10,18,20,12.8,66.9,9.9,6.8,7.26,9.5,31.2,0,857.8,288,0.6,1.5,0,0,0,0,0,0,0,316,100,20,96
ABO,2023,10,18,21,13.1,65.1,9.8,6.7,7.19,9.5,31.3,0,857.9,281,0.9,2.3,0,0,0,0,0,0,0,315,100,20,96
ABO,2023,10,18,22,13,66,9.9,6.8,7.26,9.6,31.4,0,858,284,1,2.6,0,0,0,0,0,0,0,315,100,20,96
ABO,2023,10,18,23,12.4,73,10.5,7.7,7.71,9.8,31.9,0,857.8,297,1.3,2.9,0,0,0,0,0,0,0,314,100,20,96
ABO,2023,10,19,0,12.1,75,10.6,7.8,7.79,9.7,31.8,0,857.1,243,1,3.7,0,0,0,0,0,0,0,313,100,20,96
ABO,2023,10,19,1,12.2,71,10.1,7.1,7.42,9.4,31,0,856.5,270,1.4,2.7,0,0,0,0,0,0,0,313,100,20,96
ABO,2023,10,19,2,12.1,71.5,10.1,7.1,7.43,9.3,30.9,0,855.9,225,0.9,2.4,0,0,0,0,0,0,0,312,100,20,96
ABO,2023,10,19,3,11.7,75.9,10.4,7.6,7.65,9.4,31.1,0,855.7,338,1,2.3,0,0,0,0,0,0,0,312,100,20,96
ABO,2023,10,19,4,10.9,83.4,10.9,8.2,8.03,9.4,31.2,0.2,855.4,263,1.3,2.1,0,0,0,0,0,0,0,311,100,20,96
ABO,2023,10,19,5,10.6,85.1,10.9,8.2,8.04,9.2,30.9,0,854.6,233,1,3.6,0,0,0,0,0,0,0,311,100,20,96
ABO,2023,10,19,6,10.7,82.2,10.6,7.8,7.82,9.1,30.5,0,854,207,0.7,2.1,0,0,0,0,0,0,0,310,100,20,96
ABO,2023,10,19,7,11.1,79,10.4,7.6,7.67,9.1,30.5,0,853.9,270,0.7,2.8,8,0,8,4,4,4,4,311,100,20,96
ABO,2023,10,19,8,12,77,10.8,8.1,7.97,9.8,32.2,0,853.5,217,0.7,2.4,71,0,71,39,40,40,37,308,81,20,96
ABO,2023,10,19,9,13.7,65.7,10.3,7.4,7.6,10.1,33,0,852.8,180,0.7,2,260,445,95,57,388,372,56,302,56,20,96
ABO,2023,10,19,10,14.4,63.6,10.4,7.6,7.68,10.5,33.9,0,852.2,53,1.2,2.4,123,4,121,61,66,67,57,318,94,20,96
ABO,2023,10,19,11,14.3,64.5,10.5,7.7,7.76,10.5,34,0,852.2,51,1.4,3.2,247,63,213,105,130,175,100,324,100,20,96
ABO,2023,10,19,12,14.9,66,11.2,8.6,8.29,11.2,35.9,0,851.9,68,1.8,3.4,478,538,183,103,117,615,217,313,71,20,96
ABO,2023,10,19,13,15.6,57.7,10.2,7.3,7.54,10.9,34.8,0,851.1,63,2.5,5.9,347,263,209,106,109,361,219,314,81,20,96
ABO,2023,10,19,14,15.1,66.4,11.4,8.9,8.46,11.5,36.6,0,849.7,63,3.5,7,373,563,124,75,75,525,426,310,78,20,96
ABO,2023,10,19,15,14,71.8,11.5,9,8.54,11.1,35.6,0,849.5,90,1.2,4.1,68,1,68,34,36,36,33,326,100,20,96
ABO,2023,10,19,16,13.9,72.3,11.5,9,8.54,11,35.5,0,849.1,196,1,2.3,7,0,7,3,4,4,3,324,100,20,96
ABO,2023,10,19,17,13.3,74.7,11.4,8.9,8.46,10.8,34.7,0,849.2,217,0.9,2.9,0,0,0,0,0,0,0,320,94,20,96
ABO,2023,10,19,18,12.6,79.8,11.6,9.2,8.62,10.6,34.4,0,849.1,315,1,3,0,0,0,0,0,0,0,321,100,20,96
ABO,2023,10,19,19,12.2,78.6,11.2,8.6,8.33,10.1,33.3,0,848,281,1.2,3.8,0,0,0,0,0,0,0,320,100,20,96
ABO,2023,10,19,20,11.9,79.1,11,8.4,8.18,9.9,32.6,0,847,281,1.2,3.7,0,0,0,0,0,0,0,319,100,20,96
ABO,2023,10,19,21,12.1,75,10.6,7.8,7.89,9.7,32.1,0,846.7,286,1.6,4,0,0,0,0,0,0,0,319,100,20,96
ABO,2023,10,19,22,11.7,76.4,10.5,7.7,7.82,9.5,31.5,0,845.6,301,1.6,3.6,0,0,0,0,0,0,0,318,100,20,96
ABO,2023,10,19,23,12.2,71,10.1,7.1,7.53,9.4,31.3,0,844.6,261,1.9,5.1,0,0,0,0,0,0,0,317,100,20,96
ABO,2023,10,20,0,12.1,71.5,10.1,7.1,7.54,9.3,31.2,0,843.6,270,1.3,3.7,0,0,0,0,0,0,0,317,100,20,96
ABO,2023,10,20,1,12.5,67.7,9.8,6.7,7.32,9.3,31,0,842.2,279,2.2,5.1,0,0,0,0,0,0,0,316,100,20,96
ABO,2023,10,20,2,12.6,65.9,9.6,6.4,7.19,9.2,30.8,0,840.3,329,2.4,6.1,0,0,0,0,0,0,0,316,100,20,96
ABO,2023,10,20,3,13.3,60.4,9.2,5.8,6.9,9.2,30.8,0,838.4,360,2.8,7.6,0,0,0,0,0,0,0,316,100,20,96
ABO,2023,10,20,4,15.5,49.9,8.8,5.1,6.61,9.8,32.3,0,836.8,227,5.4,23.2,0,0,0,0,0,0,0,316,100,20,96
ABO,2023,10,20,5,19.3,35.8,8,3.8,6.01,10.8,34.7,0,835.6,220,10.4,20.5,0,0,0,0,0,0,0,316,100,20,96
ABO,2023,10,20,6,19.4,35.6,8,3.8,6.01,10.8,34.8,0,835.6,214,8.1,24.2,0,0,0,0,0,0,0,316,100,20,96
ABO,2023,10,20,7,10.8,85.7,11.1,8.5,8.34,9.5,31.9,0.3,838.6,54,2.8,8.7,6,0,6,3,3,3,3,316,100,20,96
ABO,2023,10,20,8,10.4,91,11.5,9,8.64,9.6,32.2,2.4,839.7,80,2,5.6,18,0,18,9,10,10,9,317,100,20,96
ABO,2023,10,20,9,10.9,90.5,11.8,9.4,8.86,10,33.3,0.5,839.9,201,1.3,2.9,30,0,30,15,16,15,14,318,100,20,96
ABO,2023,10,20,10,11.2,90.5,12,9.7,9,10.3,34,0.8,840.9,59,1.4,3.2,56,0,56,28,30,29,27,318,100,20,96
ABO,2023,10,20,11,11.5,82.3,11.2,8.6,8.39,9.8,32.7,0.4,841.8,225,2.2,8.2,77,2,76,38,41,41,36,319,100,20,96
ABO,2023,10,20,12,11.3,80.7,10.8,8.1,8.08,9.5,31.7,0.3,841.7,252,2.3,5.5,32,0,32,16,17,17,15,319,100,20,96
ABO,2023,10,20,13,10.1,89.8,11.1,8.5,8.3,9.2,31.1,0.4,842.5,95,1.9,6.6,27,0,27,14,14,14,13,318,100,20,96
ABO,2023,10,20,14,9.8,77.7,9.4,6.1,7.02,7.8,27.5,0.6,842.7,239,2.8,8.8,30,0,30,15,16,15,14,316,100,20,96
ABO,2023,10,20,15,10.1,76.2,9.4,6.1,7.02,7.9,27.8,0.5,842.5,237,3.8,8.4,36,1,36,18,19,19,18,313,100,20,96
ABO,2023,10,20,16,9.6,84.4,10.1,7.1,7.54,8.2,28.6,0,842.9,346,2.1,5.7,6,0,6,3,3,3,3,310,100,20,96
ABO,2023,10,20,17,9.2,86.1,10,7,7.46,8,28,0,843.5,0,1.2,3.6,0,0,0,0,0,0,0,298,70,20,96
ABO,2023,10,20,18,8.5,89,9.9,6.8,7.38,7.6,27.1,0,844.1,90,1.3,4.8,0,0,0,0,0,0,0,304,88,20,96
ABO,2023,10,20,19,9.2,80.9,9.4,6.1,7,7.5,26.9,0,844.7,187,2.7,16,0,0,0,0,0,0,0,294,75,20,96
ABO,2023,10,20,20,13.5,47.3,7.3,2.5,5.42,7.8,27.2,0,845.7,226,8.5,18.9,0,0,0,0,0,0,0,298,94,20,96
ABO,2023,10,20,21,13.3,47.2,7.2,2.3,5.34,7.7,26.8,0,846.5,232,6.9,12.6,0,0,0,0,0,0,0,299,100,20,96
ABO,2023,10,20,22,13.4,46.2,7.1,2.1,5.26,7.6,26.7,0,847.2,237,5.1,12.6,0,0,0,0,0,0,0,298,100,20,96
ABO,2023,10,20,23,13.2,45.5,6.9,1.7,5.1,7.4,26.2,0,848.1,215,5.1,13.6,0,0,0,0,0,0,0,297,94,20,96
ABO,2023,10,21,0,12.1,52.6,7.4,2.7,5.47,7.3,26,0,848.7,215,3.8,8.2,0,0,0,0,0,0,0,294,94,20,96
ABO,2023,10,21,1,12.1,53.7,7.6,3,5.61,7.4,26.3,0,849.5,209,4.5,9.3,0,0,0,0,0,0,0,292,100,21,96
ABO,2023,10,21,2,12.3,53,7.6,3,5.61,7.5,26.5,0,849.8,214,3.3,6.8,0,0,0,0,0,0,0,296,100,21,96
ABO,2023,10,21,3,11.6,58.7,8,3.8,5.9,7.5,26.5,0,851.3,204,4.1,9.3,0,0,0,0,0,0,0,295,100,21,96
ABO,2023,10,21,4,10.1,70.6,8.7,5,6.42,7.4,26.3,0,851.7,262,3.3,8.1,0,0,0,0,0,0,0,288,94,21,96
ABO,2023,10,21,5,8.4,85.4,9.4,6.1,6.94,7.2,25.9,0,851.9,45,0.8,1.9,0,0,0,0,0,0,0,274,55,21,96
ABO,2023,10,21,6,7.7,88.4,9.3,5.9,6.86,6.8,25,0,852.7,45,1,2.3,0,0,0,0,0,0,0,273,50,21,96
ABO,2023,10,21,7,8.1,86,9.3,5.9,6.85,6.9,25.4,0,853.5,30,1.5,3.2,21,0,21,13,14,14,13,277,84,21,96
ABO,2023,10,21,8,8.7,84.3,9.5,6.2,7,7.4,26.3,0,854,54,1.6,4.4,84,0,84,47,49,48,45,285,84,21,96
ABO,2023,10,21,9,9,85.5,9.8,6.7,7.22,7.8,27.2,0,854.4,106,0.9,2.5,262,351,119,67,304,341,66,286,84,21,96
ABO,2023,10,21,10,10.2,74.1,9.2,5.8,6.77,7.8,27.3,0,854.9,79,2.3,5.1,439,591,156,88,407,615,88,279,48,21,96
ABO,2023,10,21,11,11.2,74.3,9.9,6.8,7.29,8.8,29.6,0,854.8,74,3.3,6.1,463,660,115,85,265,675,86,294,66,21,96
ABO,2023,10,21,12,10.2,79.4,9.9,6.8,7.29,8.3,28.6,0,855.1,68,3.3,6.6,104,14,97,48,54,65,46,304,100,21,96
ABO,2023,10,21,13,9.8,82.7,10,7,7.36,8.3,28.4,0.5,855.3,50,2.6,5.5,88,0,87,44,46,46,42,308,100,21,96
ABO,2023,10,21,14,8.9,90.3,10.3,7.4,7.58,8.1,28,1,855.8,49,2.3,4.9,27,0,27,14,14,14,13,302,100,21,96
ABO,2023,10,21,15,8.8,92.2,10.4,7.6,7.65,8.1,28.1,0.5,856.3,72,2,4.3,15,0,15,8,8,8,7,296,100,21,96
ABO,2023,10,21,16,8.3,90.3,9.9,6.8,7.27,7.5,26.6,1.6,857.1,104,1.4,4.4,6,0,6,3,3,3,3,288,100,21,96
ABO,2023,10,21,17,7.6,83.6,8.7,5,6.37,6.3,23.7,0.2,857.6,294,1.3,3.8,3,0,3,1,1,1,1,279,100,21,96
ABO,2023,10,21,18,7.3,88.3,9,5.5,6.59,6.4,23.9,0,858.1,270,0.9,2.6,0,0,0,0,0,0,0,274,100,21,96
ABO,2023,10,21,19,7,88.9,8.9,5.3,6.52,6.1,23.4,0.1,858.6,27,0.9,2.8,0,0,0,0,0,0,0,275,100,21,96
ABO,2023,10,21,20,6.3,91.4,8.7,5,6.36,5.6,22.3,0,859.3,225,0.9,2.7,0,0,0,0,0,0,0,267,94,21,96
ABO,2023,10,21,21,6.1,89.5,8.4,4.5,6.14,5.3,21.5,0,859.9,27,1.1,2.7,0,0,0,0,0,0,0,249,43,21,96
ABO,2023,10,21,22,5.4,90,8.1,3.9,5.91,4.7,20.3,0,860.3,243,0.6,2.2,0,0,0,0,0,0,0,238,29,21,96
ABO,2023,10,21,23,5.4,86.9,7.8,3.4,5.69,4.4,19.7,0,860.5,261,0.8,2,0,0,0,0,0,0,0,238,33,21,96
ABO,2023,10,22,0,5,86.9,7.6,3,5.54,4,18.9,0,860.7,277,1.1,3.2,0,0,0,0,0,0,0,235,10,21,96
ABO,2023,10,22,1,4.6,86.2,7.3,2.5,5.32,3.6,18,0,861,233,0.9,3.1,0,0,0,0,0,0,0,232,33,22,96
ABO,2023,10,22,2,4.8,85,7.3,2.5,5.32,3.7,18.2,0,861.3,236,1,2.4,0,0,0,0,0,0,0,237,45,22,96
ABO,2023,10,22,3,4.8,86.2,7.4,2.7,5.39,3.8,18.3,0,861.3,233,1.1,4.1,0,0,0,0,0,0,0,234,13,22,96
ABO,2023,10,22,4,4.6,83.8,7.1,2.1,5.17,3.4,17.6,0,862,281,1,3.3,0,0,0,0,0,0,0,229,0,22,96
ABO,2023,10,22,5,4.1,85.6,7,1.9,5.09,3.1,16.9,0,862.3,261,0.9,2.1,0,0,0,0,0,0,0,228,0,22,96
ABO,2023,10,22,6,3.9,86.8,7,1.9,5.09,3,16.7,0,862.7,270,0.8,2.2,0,0,0,0,0,0,0,227,0,22,96
ABO,2023,10,22,7,4.1,86.8,7.1,2.1,5.16,3.2,17,0,863.4,225,0.7,2,21,0,21,17,18,17,17,228,0,22,96
ABO,2023,10,22,8,5,83.8,7.3,2.5,5.3,3.8,18.3,0,863.6,240,1.2,4,40,0,40,45,45,45,46,232,13,22,96
ABO,2023,10,22,9,6.8,76.7,7.6,3,5.52,4.9,20.7,0,864,190,1.3,2.9,359,653,111,71,533,562,71,236,19,22,96
ABO,2023,10,22,10,8.7,70.3,7.9,3.6,5.74,6.1,23.2,0,863.8,156,1.3,3.2,509,885,90,80,504,822,83,249,39,22,96
ABO,2023,10,22,11,10,64.4,7.9,3.6,5.74,6.7,24.5,0,863.9,113,1.8,4.2,576,899,103,91,313,903,94,258,41,22,96
ABO,2023,10,22,12,10.8,64.1,8.3,4.3,6.03,7.4,26.1,0,863.8,67,3.3,6.5,530,713,149,98,114,774,218,264,41,22,96
ABO,2023,10,22,13,10.6,70.7,9,5.5,6.55,7.9,27.2,0,863.9,58,3.7,6.9,456,566,173,98,98,628,358,273,59,22,96
ABO,2023,10,22,14,10.3,70.1,8.8,5.1,6.4,7.6,26.5,0,864.2,64,2.7,5.9,344,434,159,86,87,455,373,276,78,22,96
ABO,2023,10,22,15,9.6,73.5,8.8,5.1,6.4,7.2,25.8,0,864.5,57,2.6,4.6,161,108,127,65,67,145,153,279,94,22,96
ABO,2023,10,22,16,9,74.9,8.6,4.8,6.25,6.8,24.8,0,864.8,49,2,4,42,1,42,22,23,23,21,272,100,22,96
ABO,2023,10,22,17,8.4,79.7,8.8,5.1,6.39,6.7,24.5,0,865.1,81,1.4,3.3,1,0,1,1,1,1,1,274,100,22,96
ABO,2023,10,22,18,8.2,80.2,8.7,5,6.32,6.5,24.1,0,865.4,143,0.6,1.3,0,0,0,0,0,0,0,274,100,22,96
ABO,2023,10,22,19,8.1,80.8,8.7,5,6.32,6.5,24,0,865.4,135,0.6,1.7,0,0,0,0,0,0,0,263,81,22,96
ABO,2023,10,22,20,8.1,79.6,8.6,4.8,6.24,6.4,23.8,0,865.9,217,1.1,2,0,0,0,0,0,0,0,270,100,22,96
ABO,2023,10,22,21,7.3,84.1,8.6,4.8,6.24,6,23,0,865.8,188,0.8,2.1,0,0,0,0,0,0,0,274,100,22,96
ABO,2023,10,22,22,6.8,84.1,8.3,4.3,6.02,5.5,22,0,865.3,233,0.9,2.8,0,0,0,0,0,0,0,274,100,22,96
ABO,2023,10,22,23,6.8,81.7,8.1,3.9,5.88,5.4,21.6,0,865.3,231,1.1,2.9,0,0,0,0,0,0,0,274,100,22,96
ABO,2023,10,23,0,6.8,82.9,8.2,4.1,5.95,5.4,21.8,0,865.4,225,0.9,3.5,0,0,0,0,0,0,0,270,84,22,96
ABO,2023,10,23,1,6.7,81.7,8,3.8,5.8,5.3,21.3,0,865.5,243,0.7,1.9,0,0,0,0,0,0,0,276,100,23,96
ABO,2023,10,23,2,6.9,80.6,8,3.8,5.81,5.4,21.5,0,865,248,1,3,0,0,0,0,0,0,0,279,100,23,96
ABO,2023,10,23,3,7.2,79,8,3.8,5.81,5.5,21.8,0,864.9,270,0.9,3.1,0,0,0,0,0,0,0,285,100,23,96
ABO,2023,10,23,4,7.4,77.9,8,3.8,5.81,5.6,22,0,864.5,243,1.1,3.1,0,0,0,0,0,0,0,289,100,23,96
ABO,2023,10,23,5,8,73.7,7.9,3.6,5.74,5.8,22.5,0,864.3,231,1.1,4.6,0,0,0,0,0,0,0,292,100,23,96
ABO,2023,10,23,6,8.1,74.3,8,3.8,5.82,5.9,22.8,0,863.7,261,1,3.1,0,0,0,0,0,0,0,295,100,23,96
ABO,2023,10,23,7,7.9,75.3,8,3.8,5.81,5.8,22.6,0,863.9,243,1,3.1,10,0,10,5,6,6,5,295,94,23,96
ABO,2023,10,23,8,8.5,72.8,8.1,3.9,5.89,6.2,23.3,0,864,135,1.1,3.5,61,0,61,32,33,33,30,295,100,23,96
ABO,2023,10,23,9,10.1,64,7.9,3.6,5.74,6.8,24.6,0,863.5,180,1.1,3.4,207,278,96,55,247,280,54,287,78,23,96
ABO,2023,10,23,10,11.9,54,7.5,2.9,5.45,7.3,25.7,0,863.6,155,1.7,3.6,56,0,56,29,31,30,28,300,94,23,96
ABO,2023,10,23,11,12.4,50.8,7.3,2.5,5.31,7.4,25.9,0,862.7,69,1.3,3.5,221,45,198,102,121,152,97,309,100,23,96
ABO,2023,10,23,12,12.7,50.5,7.4,2.7,5.39,7.6,26.4,0,861.6,106,1.4,4.7,403,343,222,118,125,468,209,312,88,23,96
ABO,2023,10,23,13,16,42.9,7.8,3.4,5.69,9.3,30.5,0,860.4,167,3.2,11.7,410,436,197,107,108,524,322,305,88,23,96
ABO,2023,10,23,14,19.2,29.3,6.5,0.9,4.74,9.6,31.3,0,860,197,6.7,15.3,303,335,169,91,93,371,325,296,75,23,96
ABO,2023,10,23,15,18.9,29.9,6.5,0.9,4.74,9.5,31,0,860.2,170,5.7,12.7,211,309,115,62,63,281,313,290,60,23,96
ABO,2023,10,23,16,18.1,31.4,6.5,0.9,4.74,9.2,30.2,0,860.2,164,5.8,13.8,41,7,39,21,22,26,26,300,94,23,96
ABO,2023,10,23,17,18,29.6,6.1,0,4.44,8.8,29.4,0,860.3,182,5.5,14,2,0,2,1,1,1,1,292,69,23,96
ABO,2023,10,23,18,18.3,27.2,5.7,-0.9,4.15,8.6,28.9,0,860.4,210,7.1,18.2,0,0,0,0,0,0,0,291,88,23,96
ABO,2023,10,23,19,17.7,29.1,5.9,-0.5,4.29,8.5,28.7,0,861.3,225,6.9,17.6,0,0,0,0,0,0,0,281,70,23,96
ABO,2023,10,23,20,12.6,55,8,3.8,5.82,8,27.4,0,862.3,180,2.6,9.6,0,0,0,0,0,0,0,294,100,23,96
ABO,2023,10,23,21,9,84.3,9.7,6.5,7.08,7.7,26.9,0,862.3,14,2,4.7,0,0,0,0,0,0,0,295,100,23,96
ABO,2023,10,23,22,9.7,79.9,9.6,6.4,7,7.9,27.4,0,862.3,31,1.6,4.5,0,0,0,0,0,0,0,296,100,23,96
ABO,2023,10,23,23,10.9,67.4,8.8,5.1,6.42,7.8,27.1,0,861.8,360,1.8,5.3,0,0,0,0,0,0,0,297,100,23,96
ABO,2023,10,24,0,11.1,63.8,8.4,4.5,6.12,7.6,26.6,0,861.7,333,1.4,5,0,0,0,0,0,0,0,298,100,23,96
ABO,2023,10,24,1,10.6,65,8.3,4.3,6.05,7.3,25.9,0,861,277,1,2.8,0,0,0,0,0,0,0,299,100,24,96
ABO,2023,10,24,2,10.2,64.9,8.1,3.9,5.91,7,25.1,0,860.9,261,1.3,3.6,0,0,0,0,0,0,0,300,100,24,96
ABO,2023,10,24,3,9.8,67.6,8.2,4.1,5.98,6.9,24.9,0,860.4,281,0.9,2.8,0,0,0,0,0,0,0,301,100,24,96
ABO,2023,10,24,4,9.9,67.2,8.2,4.1,5.98,6.9,25,0,860.4,243,0.9,2.6,0,0,0,0,0,0,0,302,100,24,96
ABO,2023,10,24,5,10.1,68.6,8.5,4.6,6.21,7.2,25.8,0,859.4,297,0.9,2.3,0,0,0,0,0,0,0,303,100,24,96
ABO,2023,10,24,6,10.2,68.2,8.5,4.6,6.21,7.3,25.9,0,859.4,292,1.1,2.4,0,0,0,0,0,0,0,304,100,24,96
ABO,2023,10,24,7,10.1,73.1,9,5.5,6.58,7.7,26.7,0,860,297,1,2.8,4,0,4,2,2,2,2,305,100,24,96
ABO,2023,10,24,8,8.6,84.9,9.5,6.2,6.95,7.3,26.1,0.2,860.3,76,1.4,4,17,0,17,9,9,9,8,307,100,24,96
ABO,2023,10,24,9,8.4,89,9.8,6.7,7.17,7.5,26.5,1,860,180,0.5,1.4,30,0,30,16,16,16,15,308,100,24,96
ABO,2023,10,24,10,9,87.9,10.1,7.1,7.4,8,27.7,0.2,859.4,135,0.5,1.5,60,0,60,31,33,33,30,310,100,24,96
ABO,2023,10,24,11,8.9,92.2,10.5,7.7,7.69,8.2,28.3,0.2,859.3,69,1.5,3.3,48,0,48,25,27,26,24,311,100,24,96
ABO,2023,10,24,12,8.5,94.1,10.4,7.6,7.62,8,27.7,0.7,858.9,63,1.9,4.4,69,0,69,36,38,38,35,313,100,24,96
ABO,2023,10,24,13,8,94,10.1,7.1,7.4,7.5,26.6,2.2,859.2,90,1.3,3.2,44,0,44,23,24,24,22,312,100,24,96
ABO,2023,10,24,14,8,92.1,9.9,6.8,7.25,7.4,26.3,1.7,859.3,55,1.6,3.5,22,0,22,11,12,12,11,309,100,24,96
ABO,2023,10,24,15,8,94,10.1,7.1,7.4,7.5,26.6,0.2,859.3,65,1.5,3.5,16,0,16,8,9,9,8,305,100,24,96
ABO,2023,10,24,16,8.1,91.5,9.9,6.8,7.26,7.4,26.4,0,858.4,68,1.4,2.9,30,3,30,16,16,18,18,296,84,24,96
ABO,2023,10,24,17,7.6,92.7,9.7,6.5,7.11,7,25.5,0,858.6,63,1,2.8,2,0,2,1,1,1,1,273,19,24,96
ABO,2023,10,24,18,7.4,92.1,9.5,6.2,6.96,6.8,24.9,0,859,90,0.7,2,0,0,0,0,0,0,0,255,0,24,96
ABO,2023,10,24,19,7.4,91.4,9.4,6.1,6.88,6.7,24.7,0,859.2,135,0.5,1.4,0,0,0,0,0,0,0,252,30,24,96
ABO,2023,10,24,20,7.3,92.1,9.4,6.1,6.88,6.7,24.6,0,859,166,0.5,1.6,0,0,0,0,0,0,0,250,29,24,96
ABO,2023,10,24,21,7.4,91.4,9.4,6.1,6.88,6.7,24.7,0,859.5,153,0.6,1.5,0,0,0,0,0,0,0,266,50,24,96
ABO,2023,10,24,22,7.4,91.4,9.4,6.1,6.88,6.7,24.7,0,859.5,108,0.9,1.7,0,0,0,0,0,0,0,251,33,24,96
ABO,2023,10,24,23,7.2,92.7,9.4,6.1,6.88,6.6,24.5,0,859.2,63,0.6,1.4,0,0,0,0,0,0,0,258,45,24,96
ABO,2023,10,25,0,6.7,90.8,8.9,5.3,6.51,6,23.1,0,858.9,225,0.7,2.4,0,0,0,0,0,0,0,263,69,24,96
ABO,2023,10,25,1,7,81.8,8.2,4.1,6,5.5,22.1,0,858.6,259,2.3,6.6,0,0,0,0,0,0,0,252,44,24,96
ABO,2023,10,25,2,5.7,90.7,8.3,4.3,6.07,5,21,0,858.3,14,1.1,2.7,0,0,0,0,0,0,0,239,6,24,96
ABO,2023,10,25,3,5,91.9,8,3.8,5.85,4.4,19.7,0,857.9,225,0.8,1.9,0,0,0,0,0,0,0,238,0,24,96
ABO,2023,10,25,4,4.2,89.9,7.4,2.7,5.41,3.5,17.8,0,857.7,214,1,2.9,0,0,0,0,0,0,0,253,56,24,96
ABO,2023,10,25,5,4.7,88.7,7.6,3,5.56,3.9,18.7,0,857.1,233,0.7,2,0,0,0,0,0,0,0,269,100,24,96
ABO,2023,10,25,6,5.5,86.3,7.8,3.4,5.72,4.5,19.9,0,856.6,230,0.9,2.6,0,0,0,0,0,0,0,260,66,24,96
ABO,2023,10,25,7,5.9,84,7.8,3.4,5.72,4.7,20.3,0,856.7,236,1,2.7,21,0,21,13,13,13,13,255,56,24,96
ABO,2023,10,25,8,7.1,80.1,8.1,3.9,5.94,5.5,22.1,0,856.5,277,1.3,5.4,39,0,39,47,47,47,48,259,48,24,96
ABO,2023,10,25,9,9.4,68,8,3.8,5.87,6.5,24.2,0,856,333,1.2,3.3,270,463,107,67,405,415,66,270,64,24,96
ABO,2023,10,25,10,12.4,52.6,7.6,3,5.57,7.6,26.5,0,855.6,232,3.7,9.5,203,120,146,78,144,197,75,284,88,24,96
ABO,2023,10,25,11,13.9,42.9,6.8,1.5,4.99,7.6,26.6,0,855.2,239,6,12.4,365,296,212,118,205,414,116,286,68,24,96
ABO,2023,10,25,12,14.1,41.1,6.6,1.1,4.84,7.6,26.4,0,854.9,247,7.1,13.9,259,191,159,86,110,283,100,304,84,24,96
ABO,2023,10,25,13,12.9,49.9,7.4,2.7,5.43,7.7,26.7,0,855.1,234,6.7,14.4,133,14,126,66,69,82,71,314,100,24,96
ABO,2023,10,25,14,12.4,52.3,7.5,2.9,5.5,7.5,26.4,0,855.1,237,5.6,11.1,107,11,103,54,57,66,59,312,100,24,96
ABO,2023,10,25,15,11.2,60.3,8,3.8,5.87,7.4,26.1,0.1,855.3,238,6.8,12.3,54,12,51,27,28,37,36,310,100,24,96
ABO,2023,10,25,16,11.5,59.5,8.1,3.9,5.95,7.5,26.6,0,855.1,224,6.1,13.6,13,0,13,7,7,7,7,308,100,24,96
ABO,2023,10,25,17,11.8,54.8,7.6,3,5.58,7.3,25.9,0.1,855.2,227,5.2,12,0,0,0,0,0,0,0,307,100,24,96
ABO,2023,10,25,18,10.4,65.9,8.3,4.3,6.09,7.2,25.8,0.4,855.5,229,6.3,15.1,0,0,0,0,0,0,0,303,100,24,96
ABO,2023,10,25,19,9.4,74,8.7,5,6.39,7.1,25.5,1.9,856,226,6.1,11.5,0,0,0,0,0,0,0,304,100,24,96
ABO,2023,10,25,20,8.4,79.7,8.8,5.1,6.45,6.7,24.7,1.5,856.9,228,4,10.6,0,0,0,0,0,0,0,300,94,24,96
ABO,2023,10,25,21,8.1,78.5,8.5,4.6,6.23,6.3,23.8,0.4,857.2,240,3.4,7.8,0,0,0,0,0,0,0,301,100,24,96
ABO,2023,10,25,22,7.6,77.4,8.1,3.9,5.94,5.7,22.6,0.1,856.8,266,3.1,6.8,0,0,0,0,0,0,0,294,78,24,96
ABO,2023,10,25,23,7.5,77.4,8,3.8,5.87,5.6,22.3,0,856.1,261,3.4,7.8,0,0,0,0,0,0,0,288,71,24,96
ABO,2023,10,26,0,7.7,79,8.3,4.3,6.09,6,23,0,855.8,242,2.3,5.6,0,0,0,0,0,0,0,301,94,24,96
ABO,2023,10,26,1,9.2,73.9,8.6,4.8,6.32,6.9,25.1,0,855.3,233,3.6,7.8,0,0,0,0,0,0,0,300,100,25,96
ABO,2023,10,26,2,10.4,69.2,8.7,5,6.39,7.6,26.6,1.2,855.4,211,5.4,14,0,0,0,0,0,0,0,301,100,25,96
ABO,2023,10,26,3,9.4,77.1,9.1,5.6,6.69,7.4,26.3,1.8,854.8,230,5,9.7,0,0,0,0,0,0,0,298,100,25,96
ABO,2023,10,26,4,9.8,73.5,8.9,5.3,6.55,7.4,26.3,0.3,854.4,259,5.5,10.9,0,0,0,0,0,0,0,298,100,25,96
ABO,2023,10,26,5,9.8,76.7,9.3,5.9,6.84,7.7,27.1,0.8,854.4,229,5.6,9.7,0,0,0,0,0,0,0,299,100,25,96
ABO,2023,10,26,6,11.4,62.5,8.4,4.5,6.18,7.8,27,0,854.4,223,6.1,12.4,0,0,0,0,0,0,0,301,100,25,96
ABO,2023,10,26,7,11.2,67.9,9,5.5,6.62,8.1,27.9,0.1,854.6,227,6.2,13.2,6,0,6,3,3,3,3,303,100,25,96
ABO,2023,10,26,8,11.4,67,9,5.5,6.62,8.2,28.1,0,854.8,241,5.1,11.3,25,0,25,13,14,14,13,306,100,25,96
ABO,2023,10,26,9,12.3,59.3,8.5,4.6,6.25,8.2,28.1,0,854.9,216,5.1,13,57,0,57,30,32,31,29,309,100,25,96
ABO,2023,10,26,10,14.1,45.5,7.3,2.5,5.36,8.1,27.7,0,854.6,219,3.9,12.1,130,30,117,62,83,93,60,310,94,25,96
ABO,2023,10,26,11,13.8,45.1,7.1,2.1,5.21,7.8,27,0,854.6,229,6.5,14.4,105,0,105,56,58,58,53,315,100,25,96
ABO,2023,10,26,12,13.1,51.7,7.8,3.4,5.74,8,27.7,0,853.5,205,5,12.2,158,8,154,82,87,93,79,318,100,25,96
ABO,2023,10,26,13,12.8,55.4,8.2,4.1,6.04,8.2,28.1,0,852.4,222,4.2,9.1,154,15,146,78,81,96,82,319,100,25,96
ABO,2023,10,26,14,12,60.5,8.5,4.6,6.27,8.1,27.9,0,852.2,34,2.8,7.5,35,0,35,19,19,19,18,318,100,25,96
ABO,2023,10,26,15,10.4,73.1,9.2,5.8,6.79,7.9,27.5,0.3,852.5,61,2.3,7.9,14,0,14,8,8,8,7,317,100,25,96
ABO,2023,10,26,16,9.5,81.5,9.7,6.5,7.16,7.9,27.6,0.9,852.1,225,0.5,1.6,6,0,6,3,3,3,3,316,100,25,96
ABO,2023,10,26,17,8.8,90.3,10.2,7.3,7.53,8,27.8,0.3,852.2,360,0.5,1.4,0,0,0,0,0,0,0,316,100,25,96
ABO,2023,10,26,18,8.4,91.5,10.1,7.1,7.46,7.7,27.2,0.3,851.7,56,0.8,2.2,0,0,0,0,0,0,0,315,100,25,96
ABO,2023,10,26,19,8,94,10.1,7.1,7.47,7.5,26.8,0.4,851,90,0.8,1.6,0,0,0,0,0,0,0,314,100,25,96
ABO,2023,10,26,20,7.9,94,10,7,7.41,7.4,26.6,0.6,849.7,56,1,2.6,0,0,0,0,0,0,0,312,100,25,96
ABO,2023,10,26,21,7.6,94.7,9.9,6.8,7.34,7.2,26.1,0,849,129,0.7,2,0,0,0,0,0,0,0,310,100,25,96
ABO,2023,10,26,22,7.9,92.7,9.9,6.8,7.33,7.3,26.4,0.8,849.6,230,0.9,2.7,0,0,0,0,0,0,0,308,100,25,96
ABO,2023,10,26,23,8.2,90.3,9.8,6.7,7.25,7.4,26.5,3,850.4,234,2,5.2,0,0,0,0,0,0,0,307,100,25,96
ABO,2023,10,27,0,8.4,79.1,8.7,5,6.43,6.6,24.6,1.6,850.6,224,4,11.1,0,0,0,0,0,0,0,305,94,25,96
ABO,2023,10,27,1,7.9,80.7,8.6,4.8,6.35,6.3,23.9,2.5,850.9,222,4,8.4,0,0,0,0,0,0,0,303,88,24,96
ABO,2023,10,27,2,7.8,78.5,8.3,4.3,6.13,6,23.3,1.1,850.3,215,4.1,8.8,0,0,0,0,0,0,0,296,88,24,96
ABO,2023,10,27,3,7.5,80.1,8.3,4.3,6.13,5.9,23,1.6,850,218,5.2,11.2,0,0,0,0,0,0,0,297,100,24,96
ABO,2023,10,27,4,7.1,80.1,8.1,3.9,5.97,5.5,22.1,3.7,851.8,229,3.1,9.1,0,0,0,0,0,0,0,291,100,24,96
ABO,2023,10,27,5,5.7,82.2,7.5,2.9,5.52,4.3,19.6,2.4,852.3,232,5.6,11,0,0,0,0,0,0,0,278,88,24,96
ABO,2023,10,27,6,6.3,77.7,7.4,2.7,5.45,4.6,20,0.3,852.7,233,4.5,9.5,0,0,0,0,0,0,0,270,81,24,96
ABO,2023,10,27,7,6.3,74.5,7.1,2.1,5.22,4.3,19.4,0.1,853,217,4,9,20,0,20,15,15,15,14,258,50,24,96
ABO,2023,10,27,8,6.8,68.9,6.8,1.5,5,4.3,19.4,0,853.2,208,6,13.5,46,0,46,48,48,48,48,259,45,24,96
ABO,2023,10,27,9,8.3,57.4,6.3,0.4,4.62,4.6,20,0,853.8,223,8.1,16.7,190,144,137,73,183,195,70,268,68,24,96
ABO,2023,10,27,10,9.7,58.2,7,1.9,5.14,5.9,22.7,0,854.6,224,6.4,15.3,318,253,202,108,249,354,106,271,71,24,96
ABO,2023,10,27,11,10.3,53.6,6.7,1.3,4.92,5.9,22.7,0,854.3,228,8.1,15.4,509,769,124,97,292,815,99,267,41,24,96
ABO,2023,10,27,12,11.1,49.4,6.5,0.9,4.77,6.1,23.2,0,854,226,6.1,12,539,867,98,94,109,894,221,257,19,24,96
ABO,2023,10,27,13,11.6,42.5,5.8,-0.7,4.25,5.8,22.4,0,853.9,223,5.5,11.9,497,869,88,87,84,848,433,257,25,24,96
ABO,2023,10,27,14,11.9,43.2,6,-0.2,4.4,6.1,23.1,0,854,216,3.3,7.7,401,800,90,74,72,709,577,262,36,24,96
ABO,2023,10,27,15,11,50.4,6.6,1.1,4.84,6.2,23.3,0,854.2,193,3.3,7.8,259,686,70,51,50,506,598,254,25,24,96
ABO,2023,10,27,16,9.4,56.1,6.6,1.1,4.84,5.4,21.6,0,854.1,186,3.3,7.3,63,115,42,27,27,92,128,249,40,24,96
ABO,2023,10,27,17,8.2,57.8,6.3,0.4,4.62,4.5,19.9,0,853.9,260,3.2,6.4,0,0,0,0,0,0,0,239,0,24,96
ABO,2023,10,27,18,6.6,65.5,6.4,0.6,4.7,3.8,18.4,0,854,270,1.4,4.7,0,0,0,0,0,0,0,247,31,24,96
ABO,2023,10,27,19,6.5,65,6.3,0.4,4.62,3.7,18.1,0,854,270,1.2,2.8,0,0,0,0,0,0,0,260,94,24,96
ABO,2023,10,27,20,6.9,64.1,6.4,0.6,4.69,4,18.7,0.1,855.1,238,1.8,10.1,0,0,0,0,0,0,0,260,94,24,96
ABO,2023,10,27,21,5.2,81.5,7.2,2.3,5.27,3.8,18.4,4.4,856.8,219,4.3,15.4,0,0,0,0,0,0,0,258,88,24,96
ABO,2023,10,27,22,6.6,65.5,6.4,0.6,4.68,3.8,18.4,0,857.5,217,6.6,15.8,0,0,0,0,0,0,0,253,88,24,96
ABO,2023,10,27,23,6.4,65.4,6.3,0.4,4.6,3.6,18,0,857.9,221,6.5,15.1,0,0,0,0,0,0,0,243,46,24,96
ABO,2023,10,28,0,6.2,64.4,6.1,0,4.46,3.4,17.4,0,857.4,219,5.7,12.7,0,0,0,0,0,0,0,247,71,24,96
ABO,2023,10,28,1,6.3,60.8,5.8,-0.7,4.24,3.2,17,0,856.9,212,4.5,10.5,0,0,0,0,0,0,0,239,51,23,96
ABO,2023,10,28,2,7.2,53.1,5.4,-1.7,3.95,3.3,17.1,0,856.8,202,5.4,11.9,0,0,0,0,0,0,0,239,54,23,96
ABO,2023,10,28,3,7,57.9,5.8,-0.7,4.24,3.5,17.7,0,856.8,221,4.8,8.8,0,0,0,0,0,0,0,243,74,23,96
ABO,2023,10,28,4,7.3,56.8,5.8,-0.7,4.24,3.7,18,0,857.1,206,6.7,15.8,0,0,0,0,0,0,0,243,88,23,96
ABO,2023,10,28,5,6.8,59.6,5.9,-0.5,4.31,3.5,17.7,0,856.7,196,4.9,11.1,0,0,0,0,0,0,0,235,39,23,96
ABO,2023,10,28,6,7.5,53.2,5.5,-1.4,4.02,3.5,17.6,0,857.2,169,5.1,11.8,0,0,0,0,0,0,0,233,20,23,96
ABO,2023,10,28,7,6.8,56.6,5.6,-1.2,4.09,3.2,17.1,0,856.9,217,2.9,7,16,0,16,13,13,13,13,230,13,23,96
ABO,2023,10,28,8,6.7,55,5.4,-1.7,3.94,3,16.6,0,857.5,201,1.9,5.3,30,0,30,42,41,41,42,230,6,23,96
ABO,2023,10,28,9,8.9,44.6,5.1,-2.5,3.72,3.9,18.3,0,857.8,209,3.9,8,348,761,82,64,586,638,66,249,23,23,96
ABO,2023,10,28,10,11.3,41.2,5.5,-1.4,4.01,5.4,21.5,0,858,215,4,9.4,410,596,148,90,408,628,91,257,53,23,96
ABO,2023,10,28,11,12,39.3,5.5,-1.4,4.01,5.7,22.2,0,858.1,216,3.6,9.6,432,543,161,102,241,622,102,265,56,23,96
ABO,2023,10,28,12,13.3,36.1,5.5,-1.4,4.02,6.3,23.5,0,857.5,228,4.8,9,480,651,153,103,119,725,212,275,63,23,96
ABO,2023,10,28,13,13.9,34,5.4,-1.7,3.94,6.5,23.9,0,857.1,220,5.5,11.6,465,753,111,89,87,761,385,275,49,23,96
ABO,2023,10,28,14,12.9,35.7,5.3,-1.9,3.87,6,22.7,0,857.9,228,5.5,13.3,329,530,126,78,79,512,419,273,64,23,96
ABO,2023,10,28,15,13.3,36.6,5.6,-1.2,4.09,6.4,23.7,0,857.5,234,4.2,8.2,205,471,82,51,51,362,431,261,45,23,96
ABO,2023,10,28,16,12.2,36.6,5.2,-2.2,3.79,5.5,21.8,0,857.5,229,4.9,10.7,65,145,40,24,25,106,152,260,60,23,96
ABO,2023,10,28,17,9.3,57.3,6.7,1.3,4.89,5.4,21.7,0,858.3,169,1.3,5.8,0,0,0,0,0,0,0,265,94,23,96
ABO,2023,10,28,18,9,55.6,6.4,0.6,4.67,5,20.8,0,858.4,225,1.9,6.4,0,0,0,0,0,0,0,262,90,23,96
ABO,2023,10,28,19,9.9,48.3,5.9,-0.5,4.3,5,20.8,0,858.4,222,4.2,10.1,0,0,0,0,0,0,0,260,94,23,96
ABO,2023,10,28,20,12.5,33.8,4.9,-3,3.57,5.4,21.6,0,858.2,234,5.1,12.1,0,0,0,0,0,0,0,258,88,23,96
ABO,2023,10,28,21,13.5,31,4.8,-3.3,3.5,5.8,22.4,0,858,239,7.1,14.9,0,0,0,0,0,0,0,253,73,23,96
ABO,2023,10,28,22,13.5,30.3,4.7,-3.6,3.43,5.7,22.2,0,857.7,229,6.7,13.3,0,0,0,0,0,0,0,256,88,23,96
ABO,2023,10,28,23,12.5,33.8,4.9,-3,3.57,5.4,21.6,0,857.6,243,5.3,8.7,0,0,0,0,0,0,0,255,88,23,96
ABO,2023,10,29,0,10.6,41.6,5.3,-1.9,3.87,4.9,20.4,0,857.5,243,3.4,9.1,0,0,0,0,0,0,0,253,84,23,96
ABO,2023,10,29,1,10.5,41.9,5.3,-1.9,3.87,4.8,20.3,0,857.5,278,2.3,6.8,0,0,0,0,0,0,0,248,78,23,96
ABO,2023,10,29,2,9,48,5.5,-1.4,4.01,4.3,19.1,0,857.9,342,1.5,3.8,0,0,0,0,0,0,0,241,50,23,96
ABO,2023,10,29,3,7.7,53.3,5.6,-1.2,4.09,3.7,18,0,857.6,257,1.4,3,0,0,0,0,0,0,0,245,60,23,96
ABO,2023,10,29,4,7.5,54,5.6,-1.2,4.09,3.6,17.8,0,857.3,264,1.4,4.1,0,0,0,0,0,0,0,240,48,23,96
ABO,2023,10,29,5,10.5,38.6,4.9,-3,3.58,4.5,19.6,0,856.7,250,4,10.8,0,0,0,0,0,0,0,247,69,23,96
ABO,2023,10,29,6,11.5,34.5,4.7,-3.6,3.43,4.8,20.2,0,856.8,248,6,10.5,0,0,0,0,0,0,0,254,100,23,96
ABO,2023,10,29,7,12.3,32.7,4.7,-3.6,3.43,5.1,21,0,857.3,243,6.9,14,19,0,19,13,13,13,12,249,68,23,96
ABO,2023,10,29,8,13.3,31.4,4.8,-3.3,3.5,5.7,22.2,0,857.5,230,6.8,14.7,36,0,36,43,42,42,43,249,48,23,96
ABO,2023,10,29,9,14.8,28.5,4.8,-3.3,3.5,6.4,23.7,0,857.8,227,7,13,183,154,126,76,187,208,74,263,73,23,96
ABO,2023,10,29,10,16.7,28,5.3,-1.9,3.86,7.6,26.6,0,858.4,223,7.9,14,171,25,160,84,103,110,80,277,94,23,96
ABO,2023,10,29,11,16.6,28.1,5.3,-1.9,3.87,7.6,26.5,0,857.9,221,8.8,18.1,309,167,227,118,186,295,114,292,88,23,96
ABO,2023,10,29,12,16.8,26.2,5,-2.7,3.65,7.4,26.1,0,857.5,220,8.8,17.2,291,120,231,121,131,250,148,303,94,23,96
ABO,2023,10,29,13,16.6,29.2,5.5,-1.4,4.01,7.7,26.9,0,857.7,215,7.9,14.5,250,84,211,110,115,198,147,316,100,23,96
ABO,2023,10,29,14,16.5,29.8,5.6,-1.2,4.09,7.8,26.9,0,857.5,215,8.2,15.1,151,61,126,66,69,125,103,310,100,23,96
ABO,2023,10,29,15,15.9,32.1,5.8,-0.7,4.23,7.7,26.7,0,857.8,216,6.9,15.4,50,0,50,26,27,27,25,304,100,23,96
ABO,2023,10,29,16,15.8,30.7,5.5,-1.4,4.02,7.4,26,0,857.4,219,7.6,14.9,10,0,10,5,5,5,5,299,100,23,96
ABO,2023,10,29,17,16.1,27.8,5.1,-2.5,3.72,7.2,25.6,0,858.1,233,9.3,17.3,0,0,0,0,0,0,0,294,100,23,96
ABO,2023,10,29,18,15.1,31.4,5.4,-1.7,3.94,7,25.1,0,858.6,236,7.6,16.3,0,0,0,0,0,0,0,289,100,23,96
ABO,2023,10,29,19,14.5,34.7,5.7,-0.9,4.16,7,25.1,0,858.9,236,7.6,19.9,0,0,0,0,0,0,0,285,100,23,96
ABO,2023,10,29,20,14.9,31.8,5.4,-1.7,3.93,6.9,24.9,0,859.3,240,8.5,15.9,0,0,0,0,0,0,0,280,100,23,96
ABO,2023,10,29,21,14.7,32.3,5.4,-1.7,3.93,6.8,24.7,0,859.6,234,6.2,13.5,0,0,0,0,0,0,0,272,88,23,96
ABO,2023,10,29,22,14.4,33.6,5.5,-1.4,4.01,6.8,24.6,0,859.5,226,5.9,12.2,0,0,0,0,0,0,0,268,88,23,96
ABO,2023,10,29,23,14.7,30.4,5.1,-2.5,3.71,6.6,24.2,0,859.3,229,7.9,15.3,0,0,0,0,0,0,0,251,34,23,96
ABO,2023,10,30,0,14.6,30.1,5,-2.7,3.64,6.5,23.9,0,859.4,234,8.2,15.3,0,0,0,0,0,0,0,255,53,23,96
ABO,2023,10,30,1,14.6,29.5,4.9,-3,3.57,6.4,23.7,0,859.7,230,7.2,14.5,0,0,0,0,0,0,0,263,100,23,96
ABO,2023,10,30,2,14.4,29.9,4.9,-3,3.57,6.3,23.5,0,859.1,245,6.7,12.4,0,0,0,0,0,0,0,263,100,23,96
ABO,2023,10,30,3,13.2,33,5,-2.7,3.65,5.8,22.5,0,858.2,235,5.3,12.4,0,0,0,0,0,0,0,248,39,23,96
ABO,2023,10,30,4,10.9,42.3,5.5,-1.4,4.01,5.2,21.1,0,858.8,29,2.2,5.7,0,0,0,0,0,0,0,243,13,23,96
ABO,2023,10,30,5,10,46.6,5.7,-0.9,4.16,4.9,20.5,0,858.5,14,1.8,4.6,0,0,0,0,0,0,0,243,0,23,96
ABO,2023,10,30,6,10.7,40.4,5.2,-2.2,3.79,4.8,20.3,0,858,261,3,10.1,0,0,0,0,0,0,0,253,60,23,96
ABO,2023,10,30,7,15.2,25.5,4.4,-4.4,3.21,6.2,23.4,0,858,215,7.3,16.9,19,0,19,12,12,12,12,252,58,23,96
ABO,2023,10,30,8,15.9,25.9,4.7,-3.6,3.43,6.8,24.7,0,857.8,216,7.3,15.6,66,0,66,38,40,39,37,273,88,23,96
ABO,2023,10,30,9,16.8,26.6,5.1,-2.5,3.72,7.5,26.3,0,857.3,205,7.4,18.2,80,6,78,41,47,47,39,286,100,23,96
ABO,2023,10,30,10,16.1,33.4,6.1,0,4.46,8,27.5,0,857.5,204,5,14.3,65,0,65,34,35,35,32,299,100,23,96
ABO,2023,10,30,11,15.4,39.5,6.9,1.7,5.05,8.3,28.3,0,856.5,239,5.3,9.6,91,0,91,48,50,49,45,309,100,23,96
ABO,2023,10,30,12,14.2,44.5,7.2,2.3,5.28,8.1,27.6,0,855.4,232,4.1,14.2,73,0,73,38,40,40,36,318,100,23,96
ABO,2023,10,30,13,12.3,54.5,7.8,3.4,5.73,7.7,26.8,0,854.7,60,2.9,8.1,61,0,61,32,33,33,30,322,100,23,96
ABO,2023,10,30,14,12.2,57.6,8.2,4.1,6.03,7.9,27.5,0,854.1,72,2,6.7,68,8,65,34,35,42,37,319,100,23,96
ABO,2023,10,30,15,10.6,67.3,8.6,4.8,6.32,7.6,26.6,0,854.7,59,2.2,6.7,11,0,11,6,6,6,6,317,100,23,96
ABO,2023,10,30,16,9.9,73,8.9,5.3,6.54,7.5,26.4,0.1,854.9,153,1,2.5,5,0,5,3,3,3,3,315,100,23,96
ABO,2023,10,30,17,8.7,86,9.7,6.5,7.14,7.5,26.7,2.2,854.6,59,1.1,3.9,0,0,0,0,0,0,0,314,100,23,96
ABO,2023,10,30,18,7.7,92.1,9.7,6.5,7.14,7.1,25.7,2.7,855.2,98,1.4,4.1,0,0,0,0,0,0,0,312,100,23,96
ABO,2023,10,30,19,7.5,87.1,9,5.5,6.61,6.5,24.2,4.6,855.6,227,1.8,5.3,0,0,0,0,0,0,0,310,100,23,96
ABO,2023,10,30,20,6.2,81.1,7.7,3.2,5.64,4.7,20.4,3.5,856.3,248,4.2,7.8,0,0,0,0,0,0,0,305,100,23,96
ABO,2023,10,30,21,6.2,81.1,7.7,3.2,5.64,4.7,20.4,1.2,856.7,246,3.8,9.8,0,0,0,0,0,0,0,300,94,23,96
ABO,2023,10,30,22,6.9,75.6,7.5,2.9,5.5,4.9,20.7,0.1,856.3,277,4.7,8.9,0,0,0,0,0,0,0,299,100,23,96
ABO,2023,10,30,23,6.9,77.3,7.7,3.2,5.65,5.1,21.1,0,855.9,267,3.7,8,0,0,0,0,0,0,0,292,100,23,96
ABO,2023,10,31,0,5.9,87,8.1,3.9,5.94,4.9,20.8,0,856.8,29,1.7,4.1,0,0,0,0,0,0,0,283,100,23,96
ABO,2023,10,31,1,5.4,94.6,8.5,4.6,6.23,5,21.1,0,856.9,81,1,2.8,0,0,0,0,0,0,0,276,100,25,96
ABO,2023,10,31,2,6.1,84,7.9,3.6,5.79,4.9,20.7,0,857,238,2.2,7.9,0,0,0,0,0,0,0,274,100,25,96
ABO,2023,10,31,3,6.5,73.4,7.1,2.1,5.19,4.4,19.6,0,857.3,242,3.4,7.9,0,0,0,0,0,0,0,272,100,25,96
ABO,2023,10,31,4,6,74.9,7,1.9,5.12,4.1,18.9,0,858.2,238,2.5,7.6,0,0,0,0,0,0,0,270,100,25,96
ABO,2023,10,31,5,5.8,68.2,6.3,0.4,4.6,3.3,17.4,0,858.5,231,3,6.5,0,0,0,0,0,0,0,268,100,25,96
ABO,2023,10,31,6,5.7,66.7,6.1,0,4.45,3.1,16.9,0,858.5,235,3.3,7.2,0,0,0,0,0,0,0,265,100,25,96
ABO,2023,10,31,7,5.3,70.6,6.3,0.4,4.59,3.1,16.8,0,859.4,243,3.5,8.1,3,0,3,2,2,2,2,264,100,25,96
ABO,2023,10,31,8,5.9,71.2,6.6,1.1,4.81,3.7,18,0,859.8,243,3.7,7.1,59,0,59,35,37,36,34,264,100,25,96
ABO,2023,10,31,9,7.2,61,6.2,0.2,4.52,4,18.6,0,859.8,198,3.9,7.8,184,170,128,79,204,215,78,265,94,25,96
ABO,2023,10,31,10,8.4,55.4,6.1,0,4.44,4.5,19.6,0,859.9,207,4.8,10.8,225,95,183,98,153,195,94,267,100,25,96
ABO,2023,10,31,11,9.2,54.8,6.4,0.6,4.66,5.1,21,0,860.3,201,5.3,12.1,148,41,128,69,89,113,66,260,94,25,96
ABO,2023,10,31,12,8.3,61.3,6.7,1.3,4.88,5,20.6,0,860.7,209,5.3,11.9,55,0,55,29,31,30,28,270,100,25,96
ABO,2023,10,31,13,6.5,74.5,7.2,2.3,5.24,4.5,19.7,1.4,861.5,198,5.6,14.7,38,0,38,20,21,21,19,271,100,25,96
ABO,2023,10,31,14,6.9,71.4,7.1,2.1,5.16,4.6,19.9,0.3,862.4,203,5.4,12,27,0,27,15,15,15,14,268,100,25,96
ABO,2023,10,31,15,6.7,73.5,7.2,2.3,5.23,4.6,19.9,0.8,863.5,199,4.8,11.3,12,0,12,6,6,6,6,265,100,25,96
ABO,2023,10,31,16,6.6,74.5,7.3,2.4,5.27,4.6,19.9,0.2,864.3,215,3.8,10.1,26,18,23,12,13,23,28,260,88,25,96
ABO,2023,10,31,17,6.5,74.6,7.2,2.3,5.23,4.5,19.6,0,865,236,4,10.3,0,0,0,0,0,0,0,247,63,25,96
ABO,2023,10,31,18,6.3,73.1,7,1.9,5.07,4.2,19.1,0,865.3,225,3.9,8.5,0,0,0,0,0,0,0,239,54,25,96
ABO,2023,10,31,19,6.1,72.5,6.8,1.5,4.92,3.9,18.4,0,865.5,218,4.2,8.7,0,0,0,0,0,0,0,233,6,25,96
ABO,2023,10,31,20,5.5,72.8,6.6,1,4.76,3.4,17.4,0,864.4,257,3.6,7.6,0,0,0,0,0,0,0,227,30,25,96
ABO,2023,10,31,21,4.9,72.9,6.3,0.4,4.59,2.8,16.4,0,862.4,240,4.3,8.8,0,0,0,0,0,0,0,227,0,25,96
ABO,2023,10,31,22,4.2,73.3,6.1,-0.1,4.42,2.3,15.3,0,860.3,249,1.4,6,0,0,0,0,0,0,0,230,0,25,96
ABO,2023,10,31,23,3.5,73.8,5.8,-0.7,4.26,1.7,14.2,0,857.2,297,0.9,2.4,0,0,0,0,0,0,0,228,0,25,96
ABO,2012,11,1,0,2.9,74,5.6,-1.3,4.11,1.1,13.2,0,854,270,0.4,1.3,0,0,0,0,0,0,0,265,100,25,96
ABO,2012,11,1,1,2.4,74.2,5.4,-1.7,3.98,0.7,12.3,0,850.8,207,0.4,1.3,0,0,0,0,0,0,0,261,94,25,96
ABO,2012,11,1,2,2,74.4,5.3,-2.1,3.89,0.3,11.7,0,848.7,252,0.4,1.4,0,0,0,0,0,0,0,256,94,25,96
ABO,2012,11,1,3,1.7,74.2,5.1,-2.4,3.8,0,11.2,0,846.6,236,0.6,3.1,0,0,0,0,0,0,0,254,94,25,96
ABO,2012,11,1,4,1.5,74,5.1,-2.7,3.74,-0.2,10.8,0,845.5,270,0.6,3.3,0,0,0,0,0,0,0,244,94,25,96
ABO,2012,11,1,5,1.4,74.3,5,-2.7,3.73,-0.3,10.7,0,845.5,0,0.4,2.7,0,0,0,0,0,0,0,245,88,25,96
ABO,2012,11,1,6,1.3,74.8,5.1,-2.7,3.74,-0.3,10.7,0,845.7,63,0.5,2,13,0,13,7,8,8,7,243,88,25,96
ABO,2012,11,1,7,1.4,75.1,5.1,-2.5,3.76,-0.2,10.8,0,845.9,270,0.4,1.5,26,0,26,14,15,15,13,247,100,25,96
ABO,2012,11,1,8,1.4,75.2,5.1,-2.5,3.77,-0.2,10.8,0,846.1,219,0.7,1.8,127,14,122,65,78,80,63,251,100,25,96
ABO,2012,11,1,9,3,66.8,5.1,-2.6,3.77,0.7,12.5,0,845.8,202,0.6,1.4,216,59,191,102,140,162,98,252,100,25,96
ABO,2012,11,1,10,4.5,60.5,5.1,-2.5,3.77,1.6,14,0,845.8,135,1.1,2.5,310,167,231,123,186,302,119,253,100,25,96
ABO,2012,11,1,11,5.4,57.8,5.2,-2.2,3.85,2.1,15.1,0,845.7,112,1.1,3.2,351,245,233,125,139,387,180,255,94,25,96
ABO,2012,11,1,12,6.1,56.5,5.3,-1.9,3.92,2.6,16,0,845.8,100,1.2,4.4,272,142,208,111,115,258,178,254,94,25,96
ABO,2012,11,1,13,7.3,49.2,5,-2.6,3.7,3,16.6,0,846.3,194,2.5,8.8,109,18,102,54,57,72,64,258,100,25,96
ABO,2012,11,1,14,8,39.9,4.3,-4.8,3.17,2.7,16,0,847.5,207,4,10.5,23,0,23,12,13,13,12,259,100,25,96
ABO,2012,11,1,15,6.6,51.2,5,-2.8,3.69,2.6,15.9,0,848,222,3.9,8.5,21,0,21,12,12,12,11,259,94,25,96
ABO,2012,11,1,16,5.7,58.7,5.4,-1.7,3.99,2.5,15.7,0,847.7,242,2.3,5.1,0,0,0,0,0,0,0,262,94,25,96
ABO,2012,11,1,17,5.5,61.3,5.5,-1.3,4.06,2.5,15.7,0,847.9,237,2,10.3,0,0,0,0,0,0,0,263,100,25,96
ABO,2012,11,1,18,7.4,52.3,5.4,-1.7,3.98,3.4,17.4,0,849.2,244,5.1,10.6,0,0,0,0,0,0,0,263,100,25,96
ABO,2012,11,1,19,5,73.3,6.4,0.6,4.72,3,16.9,1,849.9,233,4.9,9.9,0,0,0,0,0,0,0,262,100,25,96
ABO,2012,11,1,20,5.1,72.8,6.4,0.6,4.72,3,16.9,0,850.6,232,5,10.9,0,0,0,0,0,0,0,260,100,25,96
ABO,2012,11,1,21,5.8,64.8,5.9,-0.3,4.34,3.1,16.7,0,851,218,5.5,13.5,0,0,0,0,0,0,0,259,100,25,96
ABO,2012,11,1,22,6.2,57.4,5.4,-1.6,3.97,2.8,16.2,0,851.2,215,5.4,16.5,0,0,0,0,0,0,0,258,100,25,96
ABO,2012,11,1,23,5.2,65.3,5.7,-0.8,4.19,2.6,15.7,0.4,852.4,208,5.2,15.1,0,0,0,0,0,0,0,256,100,25,96
ABO,2012,11,2,0,4,75.5,6.1,0.1,4.48,2.3,15.2,0.5,852.8,203,4.5,12.7,0,0,0,0,0,0,0,255,100,30,96
ABO,2012,11,2,1,4.7,62.3,5.3,-1.9,3.89,1.9,14.5,0,853.6,211,4.5,12.9,0,0,0,0,0,0,0,253,100,30,96
ABO,2012,11,2,2,4.7,57.3,4.9,-3,3.59,1.5,13.7,0,854.3,211,4.7,11.9,0,0,0,0,0,0,0,251,100,30,96
ABO,2012,11,2,3,4.6,56.2,4.8,-3.4,3.51,1.3,13.4,0,854.4,203,4.2,11.2,0,0,0,0,0,0,0,249,100,30,96
ABO,2012,11,2,4,5.1,49.4,4.3,-4.6,3.15,1.2,13,0,854.5,210,5.5,17.1,0,0,0,0,0,0,0,247,100,30,96
ABO,2012,11,2,5,4.1,60.8,5,-2.8,3.66,1.2,13.3,0,855.6,199,5.3,15.4,0,0,0,0,0,0,0,245,94,30,96
ABO,2012,11,2,6,3.9,61.7,5,-2.8,3.65,1.1,13.1,0,856.4,198,4.9,10,1,0,1,1,1,1,1,244,94,30,96
ABO,2012,11,2,7,4.2,58.6,4.8,-3.2,3.5,1.2,13,0,857.3,196,4.7,11.7,55,0,55,40,41,40,39,241,88,30,96
ABO,2012,11,2,8,4.6,57.5,4.9,-3.1,3.57,1.4,13.6,0,857.9,202,3.7,10.1,194,157,139,85,196,221,83,233,63,30,96
ABO,2012,11,2,9,6.2,49.8,4.7,-3.5,3.43,2.1,14.8,0,858,205,4.2,8.1,408,635,136,106,404,682,107,234,40,30,96
ABO,2012,11,2,10,7.4,43.2,4.5,-4.3,3.28,2.5,15.7,0,857.6,223,4.3,9.1,543,794,169,128,343,911,131,239,39,30,96
ABO,2012,11,2,11,8.8,36.3,4.1,-5.3,2.99,2.9,16.4,0,856.8,209,4.6,9,521,730,171,130,160,849,231,243,50,30,96
ABO,2012,11,2,12,9.5,34.2,4.1,-5.5,2.99,3.2,17.1,0,856.5,198,5.4,9.1,478,806,121,108,106,849,438,246,45,30,96
ABO,2012,11,2,13,9.9,33,4.1,-5.6,2.99,3.4,17.5,0,856.4,208,5,9.5,380,775,99,86,84,724,571,254,40,30,96
ABO,2012,11,2,14,9.7,33.7,4.1,-5.5,2.99,3.3,17.3,0,856,213,6.3,14.2,75,19,70,40,41,55,54,258,90,30,96
ABO,2012,11,2,15,9.6,34.3,4.1,-5.4,2.99,3.3,17.2,0,856.2,226,6.2,16.6,20,0,20,12,12,12,12,260,100,30,96
ABO,2012,11,2,16,9.7,34.6,4.2,-5.2,3.06,3.4,17.5,0,856.9,230,6.9,16,0,0,0,0,0,0,0,262,100,30,96
ABO,2012,11,2,17,9.4,38.1,4.5,-4.2,3.28,3.6,17.7,0,857.4,246,6.9,12.6,0,0,0,0,0,0,0,265,100,30,96
ABO,2012,11,2,18,8.9,43.2,4.9,-2.9,3.57,3.7,17.9,0,858.3,242,5.8,12.9,0,0,0,0,0,0,0,266,100,30,96
ABO,2012,11,2,19,8.4,48.7,5.4,-1.8,3.94,3.8,18.3,0.1,858.8,248,6.3,11.6,0,0,0,0,0,0,0,267,100,30,96
ABO,2012,11,2,20,9.3,44.9,5.2,-2,3.79,4.2,18.9,0,858.8,248,5.7,12.9,0,0,0,0,0,0,0,259,78,30,96
ABO,2012,11,2,21,9.7,43.5,5.2,-2.1,3.79,4.4,19.3,0,859.4,244,5.8,11.1,0,0,0,0,0,0,0,254,59,30,96
ABO,2012,11,2,22,9.7,43,5.2,-2.3,3.79,4.3,19.3,0,859.3,244,6.3,12.3,0,0,0,0,0,0,0,249,44,30,96
ABO,2012,11,2,23,9.4,46.1,5.4,-1.6,3.93,4.4,19.3,0,860,229,5.1,11.6,0,0,0,0,0,0,0,260,71,30,96
ABO,2012,11,3,0,9.5,45.5,5.4,-1.7,3.93,4.4,19.4,0,860.1,231,5.8,11.7,0,0,0,0,0,0,0,266,73,31,96
ABO,2012,11,3,1,9.7,45.2,5.4,-1.6,3.93,4.5,19.6,0,860.1,243,5.6,10.8,0,0,0,0,0,0,0,267,100,31,96
ABO,2012,11,3,2,9.9,44.2,5.4,-1.7,3.93,4.6,19.8,0,860.1,245,6.3,12,0,0,0,0,0,0,0,264,100,31,96
ABO,2012,11,3,3,9.5,46.5,5.5,-1.4,4,4.5,19.6,0,860.4,246,5.2,10.4,0,0,0,0,0,0,0,256,81,31,96
ABO,2012,11,3,4,9.5,46.3,5.5,-1.4,4,4.5,19.6,0,859.7,238,5.5,10.7,0,0,0,0,0,0,0,252,69,31,96
ABO,2012,11,3,5,10.1,42,5.2,-2.2,3.79,4.5,19.7,0,859.7,247,4.6,10.9,0,0,0,0,0,0,0,251,40,31,96
ABO,2012,11,3,6,9.9,42.3,5.1,-2.3,3.71,4.4,19.3,0,859.5,255,4.2,12.3,6,0,6,4,4,4,4,246,69,31,96
ABO,2012,11,3,7,10.8,37.7,4.9,-3,3.57,4.6,19.8,0,859.4,239,7.6,15.7,35,0,35,33,33,33,33,247,81,31,96
ABO,2012,11,3,8,11.2,36.2,4.8,-3.2,3.49,4.7,20.1,0,859.3,237,6.3,12.8,151,163,100,86,203,217,86,250,54,31,96
ABO,2012,11,3,9,12.3,36.2,5.2,-2.3,3.79,5.6,21.9,0,859,223,5.1,10.8,338,430,156,106,319,507,106,253,69,31,96
ABO,2012,11,3,10,13.6,32.3,5,-2.6,3.64,6,22.9,0,859,225,4.5,9.2,352,368,180,120,227,483,119,260,75,31,96
ABO,2012,11,3,11,14.3,29.7,4.8,-3.2,3.5,6.2,23.2,0,858,221,3.9,8.9,266,133,203,119,123,263,152,276,94,31,96
ABO,2012,11,3,12,14.6,25.6,4.3,-4.9,3.13,5.8,22.6,0,858.2,235,3.7,9.9,359,427,176,117,118,521,322,282,84,31,96
ABO,2012,11,3,13,12.7,39.6,5.7,-0.7,4.16,6.3,23.3,0,858.2,167,3.4,10.3,214,269,115,76,77,307,240,269,54,31,96
ABO,2012,11,3,14,10.2,54.7,6.8,1.5,4.97,5.9,22.8,0,858.6,65,2.2,6.8,63,156,34,22,22,121,155,276,90,31,96
ABO,2012,11,3,15,9.3,60.4,7.1,2,5.19,5.7,22.4,0,858.5,72,1.3,4.1,47,125,28,20,20,91,128,271,48,31,96
ABO,2012,11,3,16,7.9,67,7.1,2.2,5.19,5.1,21,0,858.7,27,0.5,2.4,0,0,0,0,0,0,0,264,63,31,96
ABO,2012,11,3,17,7.1,68.4,6.9,1.7,5.04,4.5,19.8,0,859.1,252,0.7,2.7,0,0,0,0,0,0,0,258,45,31,96
ABO,2012,11,3,18,6.4,67.4,6.5,0.8,4.74,3.8,18.3,0,859.3,270,0.9,2.6,0,0,0,0,0,0,0,262,46,31,96
ABO,2012,11,3,19,6.7,62.8,6.2,0.1,4.52,3.7,18.1,0,859,279,0.9,3.5,0,0,0,0,0,0,0,275,100,31,96
ABO,2012,11,3,20,7.8,56.4,6,-0.3,4.38,4.1,18.8,0,858.5,166,0.8,7.3,0,0,0,0,0,0,0,278,100,31,96
ABO,2012,11,3,21,11.1,37.3,4.9,-2.9,3.57,4.8,20.2,0,858.7,231,4,10.2,0,0,0,0,0,0,0,274,100,31,96
ABO,2012,11,3,22,10.4,41.6,5.2,-2.1,3.79,4.7,20,0,858.6,200,2.3,8.2,0,0,0,0,0,0,0,279,100,31,96
ABO,2012,11,3,23,7.6,57.8,6.1,-0.2,4.45,4,18.8,0,858.6,180,0.6,2.9,0,0,0,0,0,0,0,263,94,31,96
ABO,2012,11,4,0,7.5,58.5,6.1,-0.1,4.45,4,18.7,0,858.6,243,0.9,2.7,0,0,0,0,0,0,0,264,75,32,96
ABO,2012,11,4,1,7.5,59.4,6.2,0.1,4.53,4.1,18.9,0,858.4,263,1.1,3,0,0,0,0,0,0,0,258,50,32,96
ABO,2012,11,4,2,6.8,64.6,6.4,0.6,4.67,3.9,18.6,0,858.1,207,0.7,3,0,0,0,0,0,0,0,268,69,32,96
ABO,2012,11,4,3,7,61.4,6.1,0.1,4.46,3.8,18.2,0,857.7,360,0.7,3.5,0,0,0,0,0,0,0,277,100,32,96
ABO,2012,11,4,4,6.6,61.9,6,-0.2,4.38,3.5,17.6,0,857.4,68,0.7,4.6,0,0,0,0,0,0,0,272,100,32,96
ABO,2012,11,4,5,6.9,59.1,5.9,-0.5,4.31,3.5,17.8,0,857,60,0.9,3.9,0,0,0,0,0,0,0,270,100,32,96
ABO,2012,11,4,6,7.6,56.7,5.9,-0.4,4.31,3.9,18.5,0,857,68,1.2,5.7,7,0,7,6,6,6,6,277,94,32,96
ABO,2012,11,4,7,7,58.4,5.8,-0.6,4.24,3.6,17.7,0,857.3,315,0.5,3.7,57,0,57,36,37,37,35,282,94,32,96
ABO,2012,11,4,8,7.9,57.5,6.1,0,4.46,4.2,19.1,0,856.9,232,1.2,12.3,118,92,86,85,145,165,85,273,59,32,96
ABO,2012,11,4,9,14,35.9,5.7,-0.9,4.16,6.8,24.6,0,857,247,5.1,11.5,362,528,150,108,386,587,108,291,78,32,96
ABO,2012,11,4,10,14.8,33.4,5.6,-1.1,4.09,7.1,25.2,0,856.3,231,5.1,11.7,203,238,96,70,148,292,69,293,88,32,96
ABO,2012,11,4,11,14.4,33.9,5.6,-1.3,4.1,6.8,24.8,0,855.9,232,5.2,9.3,183,43,163,95,99,143,105,299,100,32,96
ABO,2012,11,4,12,15.3,33.2,5.8,-0.8,4.25,7.4,26.1,0,855,248,4.8,10.6,135,46,114,67,69,116,84,295,88,32,96
ABO,2012,11,4,13,12,48,6.5,1.3,4.77,6.7,24.1,0,854.9,231,4.3,13.4,57,0,57,33,34,34,31,308,100,32,96
ABO,2012,11,4,14,8.6,68.1,7.6,3.1,5.58,5.9,22.7,0,855.2,85,1.5,6.2,49,9,47,27,28,34,34,303,100,32,96
ABO,2012,11,4,15,8.8,71.1,8,3.9,5.88,6.3,23.6,0,854.4,180,0.7,2.2,3,0,3,2,2,2,2,305,100,32,96
ABO,2012,11,4,16,8.2,77.9,8.5,4.6,6.25,6.4,24,0.4,854.2,202,0.7,2.3,0,0,0,0,0,0,0,303,100,32,96
ABO,2012,11,4,17,6.9,93.6,9.3,5.9,6.85,6.4,24.1,1.1,854.1,67,0.8,2.7,0,0,0,0,0,0,0,306,100,32,96
ABO,2012,11,4,18,5.4,98.3,8.8,5.2,6.47,5.3,21.7,1,854.4,45,2.9,7.4,0,0,0,0,0,0,0,304,100,32,96
ABO,2012,11,4,19,4.6,97.7,8.3,4.3,6.09,4.5,19.9,3.5,855.5,48,2.5,5.2,0,0,0,0,0,0,0,302,100,32,96
ABO,2012,11,4,20,4.4,96.7,8.1,3.9,5.95,4.2,19.3,2.9,855.5,42,1.4,4.8,0,0,0,0,0,0,0,299,100,32,96
ABO,2012,11,4,21,3.7,92.2,7.3,2.6,5.35,3.2,17.1,1.3,855.4,204,1.4,3.7,0,0,0,0,0,0,0,293,100,32,96
ABO,2012,11,4,22,3.3,95.4,7.4,2.6,5.43,3,16.9,1.1,854.6,63,0.7,1.7,0,0,0,0,0,0,0,279,88,32,96
ABO,2012,11,4,23,3,96.3,7.3,2.5,5.35,2.8,16.4,1.6,855.4,45,2.1,5.6,0,0,0,0,0,0,0,284,100,32,96
ABO,2012,11,5,0,1.2,96.9,6.5,0.8,4.76,1,13.1,1.5,856.1,62,1.9,5.7,0,0,0,0,0,0,0,284,100,31,96
ABO,2012,11,5,1,0.4,98.1,6.2,0.1,4.54,0.3,11.7,1.2,856.3,202,0.5,1.4,0,0,0,0,0,0,0,268,88,31,96
ABO,2012,11,5,2,0.7,96.7,6.2,0.2,4.54,0.5,12,0.2,856,217,0.6,2.1,0,0,0,0,0,0,0,268,100,31,96
ABO,2012,11,5,3,1.8,92,6.4,0.6,4.69,1.3,13.5,0,855.3,237,2.1,6.6,0,0,0,0,0,0,0,261,100,31,96
ABO,2012,11,5,4,3,82.7,6.3,0.4,4.62,1.8,14.6,0,855.1,261,3.8,6.7,0,0,0,0,0,0,0,246,78,31,96
ABO,2012,11,5,5,1.6,94.8,6.5,0.9,4.76,1.3,13.5,0,855.9,51,1.5,4.6,0,0,0,0,0,0,0,241,100,31,96
ABO,2012,11,5,6,1.3,98.2,6.6,1,4.83,1.2,13.4,0,856.3,166,0.6,1.7,12,0,12,11,11,11,10,231,74,31,96
ABO,2012,11,5,7,1.6,95.2,6.5,0.9,4.75,1.3,13.5,0,856.8,211,0.8,2,50,0,50,33,34,34,32,233,74,31,96
ABO,2012,11,5,8,2.3,87.6,6.3,0.5,4.61,1.5,13.8,0,856.9,259,1.1,4.7,108,0,108,64,67,66,62,236,68,31,96
ABO,2012,11,5,9,3.8,64.9,5.2,-2.2,3.8,1.3,13.3,0,857.1,213,3.8,8.7,263,187,189,112,223,294,110,236,43,31,96
ABO,2012,11,5,10,4.8,52.2,4.5,-4.2,3.28,1.2,13,0,857.5,192,5.5,11,527,849,141,122,353,948,126,244,35,31,96
ABO,2012,11,5,11,6,47.8,4.5,-4.2,3.28,1.8,14.3,0,857.6,194,5,10.5,464,675,151,120,138,786,242,245,56,31,96
ABO,2012,11,5,12,5.1,52.1,4.6,-3.9,3.35,1.4,13.5,0,857.9,205,3.9,8.4,27,0,27,16,16,16,15,250,100,31,96
ABO,2012,11,5,13,5,53,4.6,-3.8,3.35,1.4,13.4,0,858.1,201,3.7,9.5,24,0,24,14,14,14,13,249,100,31,96
ABO,2012,11,5,14,5.1,54.7,4.8,-3.3,3.5,1.6,13.9,0,858.5,197,3.8,11.4,37,0,37,21,22,22,21,244,100,31,96
ABO,2012,11,5,15,4.6,59.7,5,-2.6,3.64,1.6,13.7,0,859.2,200,4.9,11.5,16,0,16,11,11,11,11,238,94,31,96
ABO,2012,11,5,16,4.1,62.9,5.1,-2.3,3.71,1.4,13.4,0,860.1,197,4.8,10.1,0,0,0,0,0,0,0,237,88,31,96
ABO,2012,11,5,17,3.1,72.5,5.6,-1.4,4.07,1.2,13.3,0.1,861.1,214,4,9.2,0,0,0,0,0,0,0,232,94,31,96
ABO,2012,11,5,18,3.5,62.8,4.9,-2.9,3.56,0.9,12.4,0,862.1,198,5.4,10.6,0,0,0,0,0,0,0,224,100,31,96
ABO,2012,11,5,19,3.4,59.4,4.6,-3.8,3.34,0.5,11.8,0,862.5,212,4.4,8.6,0,0,0,0,0,0,0,227,94,31,96
ABO,2012,11,5,20,2.9,62.1,4.7,-3.6,3.4,0.3,11.4,0,863.4,207,4.5,10.1,0,0,0,0,0,0,0,231,100,31,96
ABO,2012,11,5,21,3.1,55.4,4.2,-5,3.04,0,10.7,0,863.2,232,4.3,9.4,0,0,0,0,0,0,0,219,80,31,96
ABO,2012,11,5,22,2.7,57.2,4.3,-4.9,3.12,-0.2,10.5,0,862.9,238,3.3,8.7,0,0,0,0,0,0,0,221,94,31,96
ABO,2012,11,5,23,2.2,63,4.5,-4.1,3.26,-0.3,10.4,0,862.9,234,2.2,5,0,0,0,0,0,0,0,225,100,31,96
ABO,2012,11,6,0,2.3,64.2,4.6,-3.8,3.33,-0.1,10.6,0,863.1,225,2.8,6.7,0,0,0,0,0,0,0,223,100,31,96
ABO,2012,11,6,1,1,82.6,5.4,-1.6,3.91,-0.1,10.8,0.1,863.4,240,3.6,7.1,0,0,0,0,0,0,0,223,100,31,96
ABO,2012,11,6,2,0.8,86.4,5.6,-1.2,4.06,0,10.9,0.1,863.2,234,2.4,6.5,0,0,0,0,0,0,0,221,100,31,96
ABO,2012,11,6,3,1.1,83.1,5.5,-1.4,3.99,0.1,11.1,0.2,863.1,252,2,5.4,0,0,0,0,0,0,0,221,100,31,96
ABO,2012,11,6,4,0.2,95.5,6,-0.4,4.35,-0.1,11.1,0.9,863.5,315,0.8,2.7,0,0,0,0,0,0,0,221,100,31,96
ABO,2012,11,6,5,0.3,95.1,5.9,-0.4,4.28,0,11,0.1,863.4,31,1.2,3.3,0,0,0,0,0,0,0,222,100,31,96
ABO,2012,11,6,6,-0.3,99.3,6,-0.4,4.35,-0.3,10.5,1.1,864.2,162,0.6,1.6,8,0,8,7,7,7,7,222,100,31,96
ABO,2012,11,6,7,-0.1,98.2,6,-0.3,4.34,-0.2,10.7,2,865,34,0.6,2.1,8,0,8,4,5,5,4,225,100,31,96
ABO,2012,11,6,8,-0.7,98.2,5.7,-0.9,4.12,-0.8,9.6,2.2,865.7,59,1.8,3.9,54,0,54,32,33,33,30,227,100,31,96
ABO,2012,11,6,9,-1.1,99,5.6,-1.2,4.05,-1.1,9,1.8,866.6,113,0.8,2.7,55,1,54,31,33,33,30,228,100,31,96
ABO,2012,11,6,10,-0.7,97.4,5.6,-1.1,4.04,-0.9,9.4,0.1,867.3,77,0.9,3.3,29,0,29,16,17,17,16,231,100,31,96
ABO,2012,11,6,11,-0.5,97.3,5.7,-0.9,4.12,-0.7,9.8,0.1,867.2,90,1.3,3.6,83,0,83,47,49,49,46,233,94,31,96
ABO,2012,11,6,12,-0.1,93,5.6,-1.1,4.04,-0.5,10,0,867.6,106,0.8,2.5,48,0,48,27,29,28,26,233,100,31,96
ABO,2012,11,6,13,0.1,94.1,5.8,-0.7,4.18,-0.2,10.5,0,868.1,90,1,2.8,21,0,21,12,13,13,12,231,100,31,96
ABO,2012,11,6,14,-0.2,94.1,5.7,-1,4.11,-0.5,10,0,868.6,180,0.5,2.1,23,0,23,13,13,13,12,229,100,31,96
ABO,2012,11,6,15,0.2,94.6,5.9,-0.6,4.25,-0.1,10.8,0,869.1,96,1,2.5,3,0,3,2,2,2,2,225,100,31,96
ABO,2012,11,6,16,-0.3,96.9,5.8,-0.7,4.18,-0.5,10.1,0.2,869.7,135,0.5,1.6,0,0,0,0,0,0,0,225,100,31,96
ABO,2012,11,6,17,-0.6,98.5,5.8,-0.8,4.17,-0.7,9.8,0,870.3,146,0.5,1.6,0,0,0,0,0,0,0,217,94,31,96
ABO,2012,11,6,18,-0.6,91.2,5.4,-1.9,3.88,-1.1,9.1,0,871,215,1.7,4.1,0,0,0,0,0,0,0,212,94,31,96
ABO,2012,11,6,19,-0.9,89.9,5.1,-2.3,3.66,-1.5,8.2,0,871.5,135,0.7,3.1,0,0,0,0,0,0,0,211,100,31,96
ABO,2012,11,6,20,-1.7,90.6,4.9,-3,3.51,-2.2,7,0,872.1,236,0.4,1.3,0,0,0,0,0,0,0,209,100,31,96
ABO,2012,11,6,21,-2.7,90.5,4.5,-4,3.23,-3.2,5.3,0,872.4,252,0.4,2,0,0,0,0,0,0,0,213,100,31,96
ABO,2012,11,6,22,-3.3,91.8,4.4,-4.4,3.15,-3.7,4.5,0,873,225,0.3,1.2,0,0,0,0,0,0,0,214,100,31,96
ABO,2012,11,6,23,-3.8,91.6,4.2,-5,3.01,-4.2,3.6,0,873.5,270,0.3,1.2,0,0,0,0,0,0,0,213,100,31,96
ABO,2012,11,7,0,-3.8,91.7,4.3,-4.9,3.08,-4.2,3.8,0,873.8,225,0.2,1,0,0,0,0,0,0,0,212,43,37,96
ABO,2012,11,7,1,-3.7,90.7,4.2,-5,3,-4.2,3.7,0,874.1,270,0.2,1.1,0,0,0,0,0,0,0,207,88,37,96
ABO,2012,11,7,2,-3.1,88.5,4.3,-4.7,3.07,-3.7,4.5,0,874.2,225,0.4,1.5,0,0,0,0,0,0,0,205,100,37,96
ABO,2012,11,7,3,-2.5,88.8,4.5,-4.1,3.22,-3.1,5.5,0,874.8,180,0.4,1.8,0,0,0,0,0,0,0,208,88,37,96
ABO,2012,11,7,4,-2.2,88.8,4.6,-3.8,3.29,-2.8,6,0,875.1,207,0.5,1.5,0,0,0,0,0,0,0,210,75,37,96
ABO,2012,11,7,5,-2.1,87.6,4.6,-3.9,3.28,-2.8,6.1,0,875.6,180,0.3,1.5,0,0,0,0,0,0,0,218,100,37,96
ABO,2012,11,7,6,-2,87.4,4.6,-3.8,3.28,-2.7,6.2,0,876.4,202,0.7,1.9,10,0,10,7,7,7,6,215,88,37,96
ABO,2012,11,7,7,-1.7,86.8,4.7,-3.6,3.35,-2.4,6.6,0,877.1,180,0.4,1.6,9,0,9,6,6,6,5,217,94,37,96
ABO,2012,11,7,8,-0.8,80.8,4.7,-3.7,3.35,-1.9,7.5,0,877.3,189,0.6,1.8,88,0,88,56,58,57,54,223,90,37,96
ABO,2012,11,7,9,0.2,70,4.3,-4.6,3.06,-1.6,7.8,0,877.5,207,0.7,1.3,228,159,167,107,201,259,105,227,80,37,96
ABO,2012,11,7,10,1,72,4.8,-3.5,3.42,-0.8,9.5,0,877.5,169,0.6,1.5,190,32,175,108,120,144,104,225,88,37,96
ABO,2012,11,7,11,2.1,63.5,4.5,-4.1,3.21,-0.3,10.1,0,877.6,103,1,2.3,296,183,212,136,140,331,178,231,54,37,96
ABO,2012,11,7,12,2.8,62.9,4.7,-3.6,3.35,0.2,11.2,0,877.6,108,1.1,2.9,381,535,157,122,120,637,356,232,23,37,96
ABO,2012,11,7,13,2.8,61.6,4.6,-3.8,3.28,0.2,11,0,877.3,151,1.1,2.5,302,527,125,97,95,548,438,230,13,37,96
ABO,2012,11,7,14,2.2,69.6,5,-2.8,3.57,0.2,11.1,0,877.3,167,0.9,1.9,214,647,67,61,60,510,566,231,0,37,96
ABO,2012,11,7,15,1,79,5.2,-2.2,3.71,-0.3,10.3,0,877,194,0.5,1.6,40,119,24,21,21,90,123,230,0,37,96
ABO,2012,11,7,16,0.2,80,4.9,-2.8,3.5,-1,8.9,0,876.9,236,0.4,1.5,0,0,0,0,0,0,0,224,0,37,96
ABO,2012,11,7,17,-0.6,81.9,4.8,-3.3,3.42,-1.6,7.9,0,877,252,0.4,1.7,0,0,0,0,0,0,0,225,0,37,96
ABO,2012,11,7,18,-0.6,81.8,4.8,-3.3,3.42,-1.6,7.9,0,876.6,243,0.4,1.1,0,0,0,0,0,0,0,222,0,37,96
ABO,2012,11,7,19,-0.5,81.8,4.8,-3.2,3.43,-1.5,8,0,876.4,243,0.4,1.3,0,0,0,0,0,0,0,220,0,37,96
ABO,2012,11,7,20,0,83.2,5.1,-2.5,3.64,-1,9.1,0,876,252,0.3,1.9,0,0,0,0,0,0,0,218,0,37,96
ABO,2012,11,7,21,1.2,81.5,5.4,-1.6,3.86,0,10.8,0,875.6,288,0.4,2.4,0,0,0,0,0,0,0,215,0,37,96
ABO,2012,11,7,22,1.2,83.1,5.5,-1.3,3.93,0.2,11,0,875.4,297,0.4,1.2,0,0,0,0,0,0,0,213,0,37,96
ABO,2012,11,7,23,1.4,82.5,5.6,-1.2,4.01,0.3,11.4,0,875.3,297,0.3,1.6,0,0,0,0,0,0,0,211,0,37,96
ABO,2012,11,8,0,1.2,83.5,5.6,-1.3,4.01,0.2,11.2,0,875.1,326,0.5,2.1,0,0,0,0,0,0,0,210,19,39,96
ABO,2012,11,8,1,1.1,83.4,5.5,-1.4,3.94,0.1,10.9,0,874.4,243,0.5,2.5,0,0,0,0,0,0,0,208,23,39,96
ABO,2012,11,8,2,1.2,82.8,5.5,-1.4,3.94,0.1,11,0,874,214,0.6,3.3,0,0,0,0,0,0,0,210,40,39,96
ABO,2012,11,8,3,1.9,79,5.5,-1.3,3.94,0.6,11.8,0,873.7,243,0.4,2.2,0,0,0,0,0,0,0,213,48,39,96
ABO,2012,11,8,4,1.7,80.3,5.5,-1.3,3.94,0.4,11.6,0,873.5,252,0.4,1.3,0,0,0,0,0,0,0,216,69,39,96
ABO,2012,11,8,5,2.3,77.1,5.5,-1.3,3.95,0.8,12.2,0,872.6,270,0.3,1.3,0,0,0,0,0,0,0,218,81,39,96
ABO,2012,11,8,6,3.3,70.5,5.4,-1.5,3.87,1.3,13,0,872.8,360,0.7,1.9,8,0,8,5,5,5,5,220,78,39,96
ABO,2012,11,8,7,2.7,75.6,5.6,-1.2,4.01,1,12.8,0,873.3,236,0.6,2.4,45,0,45,28,29,29,27,233,100,39,96
ABO,2012,11,8,8,4,73.8,6,-0.2,4.3,2.1,14.8,0,873.1,243,0.8,3.1,84,0,84,55,57,56,54,236,94,39,96
ABO,2012,11,8,9,5.3,73,6.5,0.9,4.67,3.3,17,0,872.7,196,0.9,3.1,160,50,141,89,120,140,87,242,94,39,96
ABO,2012,11,8,10,6.7,70.6,6.9,1.7,4.96,4.3,19.2,0,872.1,194,0.5,3,377,445,179,140,253,582,140,244,78,39,96
ABO,2012,11,8,11,7,72.2,7.3,2.3,5.25,4.7,20.2,0,871.4,150,0.8,2.5,503,842,124,140,158,958,266,253,68,39,96
ABO,2012,11,8,12,6.9,69.7,6.9,1.8,4.97,4.5,19.4,0,870.6,111,1,2.6,367,477,171,132,131,590,350,255,78,39,96
ABO,2012,11,8,13,6.9,68.7,6.8,1.6,4.9,4.4,19.2,0,870.3,135,0.8,2.1,225,249,139,98,99,317,249,259,100,39,96
ABO,2012,11,8,14,5.6,71.5,6.5,0.9,4.68,3.4,17.4,0,870,124,0.6,3.4,39,5,37,23,24,28,27,258,100,39,96
ABO,2012,11,8,15,5.3,77.1,6.9,1.6,4.97,3.6,17.8,0,869.7,230,0.8,2.4,9,0,9,6,6,6,6,260,100,39,96
ABO,2012,11,8,16,4.1,82.8,6.8,1.4,4.9,2.9,16.4,0,870.5,90,1.2,3.9,0,0,0,0,0,0,0,260,100,39,96
ABO,2012,11,8,17,3.8,83.4,6.7,1.3,4.82,2.7,15.9,0,870.6,198,1,2.7,0,0,0,0,0,0,0,260,100,39,96
ABO,2012,11,8,18,4,81.7,6.6,1.2,4.75,2.7,15.9,0,870.5,225,0.4,1.7,0,0,0,0,0,0,0,259,100,39,96
ABO,2012,11,8,19,4.2,78.7,6.5,0.8,4.68,2.7,15.9,0,870.4,239,0.8,3,0,0,0,0,0,0,0,256,88,39,96
ABO,2012,11,8,20,4.5,75.6,6.4,0.6,4.61,2.7,16.1,0,870.5,270,1,2.2,0,0,0,0,0,0,0,255,81,39,96
ABO,2012,11,8,21,4.5,75.7,6.3,0.6,4.53,2.7,15.9,0,870.7,243,0.6,2.6,0,0,0,0,0,0,0,261,100,39,96
ABO,2012,11,8,22,4.7,72.7,6.2,0.2,4.46,2.7,15.9,0,871.1,270,0.9,3.2,0,0,0,0,0,0,0,256,78,39,96
ABO,2012,11,8,23,4.6,74.2,6.3,0.4,4.53,2.7,16,0,870.8,27,0.9,2.5,0,0,0,0,0,0,0,265,100,39,96
ABO,2012,11,9,0,4.1,79.1,6.5,0.8,4.68,2.6,15.8,0,870.3,219,0.8,2.6,0,0,0,0,0,0,0,261,88,37,96
ABO,2012,11,9,1,4.2,83.8,6.9,1.7,4.98,3,16.7,0.1,869.3,247,1.5,4.6,0,0,0,0,0,0,0,251,74,37,96
ABO,2012,11,9,2,4.2,85.6,7,2,5.05,3.2,16.9,0,868.9,207,0.5,2.2,0,0,0,0,0,0,0,232,23,37,96
ABO,2012,11,9,3,4.3,84.5,7,1.9,5.05,3.2,17,0,869,236,0.6,2.2,0,0,0,0,0,0,0,233,6,37,96
ABO,2012,11,9,4,4.4,81.9,6.9,1.6,4.98,3.1,16.9,0,869,236,0.5,1.6,0,0,0,0,0,0,0,235,34,37,96
ABO,2012,11,9,5,3.8,86.2,6.9,1.7,4.98,2.8,16.3,0,868.7,225,0.8,2.9,0,0,0,0,0,0,0,231,29,37,96
ABO,2012,11,9,6,3.8,84.5,6.8,1.4,4.91,2.7,16.1,0,868.7,225,0.5,1.8,9,0,9,8,8,8,8,233,41,37,96
ABO,2012,11,9,7,3.5,86.2,6.8,1.4,4.91,2.5,15.8,0,868.5,297,0.3,1.5,49,0,49,45,45,45,45,239,39,37,96
ABO,2012,11,9,8,4.6,82.9,7,2,5.05,3.4,17.3,0,868.4,252,0.4,1.2,48,0,48,96,93,94,98,249,48,37,96
ABO,2012,11,9,9,6.8,75,7.4,2.7,5.35,4.8,20.3,0,868.2,207,0.9,1.8,429,854,100,113,514,876,116,252,54,37,96
ABO,2012,11,9,10,8.8,66,7.5,2.8,5.42,5.8,22.5,0,867.5,174,1,2.1,361,404,182,134,229,539,134,258,48,37,96
ABO,2012,11,9,11,10.2,59.2,7.4,2.6,5.36,6.4,23.7,0,866.8,142,1.1,2.7,524,894,126,137,150,1009,283,275,56,37,96
ABO,2012,11,9,12,10.3,59.4,7.4,2.7,5.36,6.5,23.9,0,866.3,100,1.2,2.8,407,644,147,123,121,733,413,280,63,37,96
ABO,2012,11,9,13,10.6,61.2,7.8,3.4,5.65,6.9,24.9,0,866.1,130,1,2.4,323,645,109,95,93,644,498,280,64,37,96
ABO,2012,11,9,14,10.1,66.5,8.2,4.2,5.95,7,25.1,0,865.8,189,0.7,2.1,135,217,82,56,56,220,220,274,69,37,96
ABO,2012,11,9,15,9.3,70.8,8.3,4.3,6.02,6.7,24.5,0,865.2,198,0.7,2.4,27,38,22,14,15,37,47,282,78,37,96
ABO,2012,11,9,16,8.6,73,8.2,4,5.95,6.3,23.6,0,864.9,225,0.7,2.2,0,0,0,0,0,0,0,293,100,37,96
ABO,2012,11,9,17,7.7,75.6,7.9,3.7,5.74,5.7,22.2,0,864.7,252,0.6,3,0,0,0,0,0,0,0,299,100,37,96
ABO,2012,11,9,18,8,73.5,7.9,3.6,5.74,5.8,22.5,0,864.7,225,0.6,2.9,0,0,0,0,0,0,0,297,100,37,96
ABO,2012,11,9,19,10,64.8,7.9,3.7,5.74,6.8,24.5,0,864.7,259,3.2,7.5,0,0,0,0,0,0,0,294,100,37,96
ABO,2012,11,9,20,9.9,65.2,7.9,3.7,5.73,6.7,24.4,0.1,864.9,236,4,7.8,0,0,0,0,0,0,0,291,100,37,96
ABO,2012,11,9,21,8.1,77.1,8.3,4.3,6.03,6.2,23.3,0,865,222,1.3,4.2,0,0,0,0,0,0,0,299,100,37,96
ABO,2012,11,9,22,7.7,80.7,8.5,4.6,6.18,6.1,23.3,0.1,864.3,243,0.6,3,0,0,0,0,0,0,0,297,100,37,96
ABO,2012,11,9,23,7.8,77,8.1,4,5.89,5.9,22.6,0,863.7,194,0.5,2.8,0,0,0,0,0,0,0,294,94,37,96
ABO,2012,11,10,0,7.3,78.3,8,3.8,5.82,5.5,22,0,862.9,252,0.7,3,0,0,0,0,0,0,0,294,94,37,96
ABO,2012,11,10,1,6.2,81.9,7.8,3.3,5.67,4.8,20.5,0,862.8,63,0.6,2.5,0,0,0,0,0,0,0,299,100,37,96
ABO,2012,11,10,2,6.9,78.9,7.9,3.5,5.75,5.2,21.4,0,862.2,239,0.7,3.6,0,0,0,0,0,0,0,299,100,37,96
ABO,2012,11,10,3,6.6,87.8,8.6,4.7,6.27,5.6,22.4,0.7,861.6,270,0.9,3,0,0,0,0,0,0,0,298,100,37,96
ABO,2012,11,10,4,6.5,92.5,8.9,5.4,6.49,5.9,22.8,0.5,861.6,198,0.6,2.6,0,0,0,0,0,0,0,298,100,37,96
ABO,2012,11,10,5,6.3,94,9,5.4,6.57,5.8,22.8,0.3,861,360,0.8,2.8,0,0,0,0,0,0,0,297,100,37,96
ABO,2012,11,10,6,6.1,94.3,8.9,5.3,6.51,5.7,22.5,0,859.5,270,0.5,2.5,1,0,1,0,0,0,0,297,100,37,96
ABO,2012,11,10,7,6.6,90,8.8,5.1,6.44,5.8,22.8,0,859,297,1,3.5,7,0,7,4,4,4,4,297,100,37,96
ABO,2012,11,10,8,6.7,91,8.9,5.3,6.51,6,23.1,0,858.9,31,0.9,4.1,28,0,28,17,17,17,16,298,100,37,96
ABO,2012,11,10,9,7.7,85.3,9,5.4,6.58,6.5,24.3,0,859.2,231,0.8,2.6,66,0,66,40,42,41,39,298,100,37,96
ABO,2012,11,10,10,8.1,86.6,9.3,6,6.81,7,25.3,0,859.3,45,0.5,2.8,40,0,40,25,25,25,24,298,100,37,96
ABO,2012,11,10,11,7.2,97.4,9.9,6.8,7.26,7,25.5,0,858.4,124,0.6,2.4,71,0,71,43,45,44,42,298,100,37,96
ABO,2012,11,10,12,8.6,82.7,9.2,5.8,6.74,7.1,25.6,0,857.6,315,0.6,2.6,97,4,96,58,60,64,58,297,100,37,96
ABO,2012,11,10,13,8.9,77.5,8.8,5.2,6.45,7,25.2,0,857.4,56,0.5,2.4,53,0,53,32,33,33,31,297,100,37,96
ABO,2012,11,10,14,8.8,78.9,9,5.3,6.6,7,25.4,0,857.4,90,0.5,3.6,24,0,24,15,15,15,14,296,100,37,96
ABO,2012,11,10,15,8.6,78.1,8.7,5,6.37,6.7,24.7,0,857.6,288,1,2.5,6,0,6,4,4,4,4,295,100,37,96
ABO,2012,11,10,16,7.8,80.2,8.5,4.6,6.23,6.2,23.5,0,857.2,252,0.7,2.2,0,0,0,0,0,0,0,294,100,37,96
ABO,2012,11,10,17,7.5,81.3,8.4,4.5,6.15,6,23,0,857.3,288,1,4.8,0,0,0,0,0,0,0,294,100,37,96
ABO,2012,11,10,18,5.9,99.9,9.3,5.9,6.82,5.9,23,0.1,857.6,62,2,5.8,0,0,0,0,0,0,0,293,100,37,96
ABO,2012,11,10,19,6.1,99.1,9.3,6,6.81,6,23.2,0.8,858.3,50,0.9,2.5,0,0,0,0,0,0,0,292,100,37,96
ABO,2012,11,10,20,6,98.8,9.3,5.8,6.81,5.9,23.1,2.2,859,72,0.7,2.2,0,0,0,0,0,0,0,291,100,37,96
ABO,2012,11,10,21,5.8,95.7,8.8,5.2,6.44,5.5,22,1.8,859.3,72,0.4,1.5,0,0,0,0,0,0,0,290,100,37,96
ABO,2012,11,10,22,5.2,95.2,8.4,4.5,6.14,4.9,20.6,1,859,162,0.4,1.5,0,0,0,0,0,0,0,289,100,37,96
ABO,2012,11,10,23,4.9,95.7,8.3,4.3,6.07,4.6,20.1,0.3,858.7,202,0.6,1.8,0,0,0,0,0,0,0,288,100,37,96
ABO,2012,11,11,0,4.8,95.9,8.2,4.2,6,4.5,19.9,0.1,858.5,211,0.7,1.7,0,0,0,0,0,0,0,287,100,38,96
ABO,2012,11,11,1,4.8,95.3,8.1,4.1,5.93,4.5,19.7,0,858.4,202,0.7,1.5,0,0,0,0,0,0,0,287,100,38,96
ABO,2012,11,11,2,4.7,96.2,8.2,4.1,6,4.4,19.8,0.3,857.9,198,0.4,1.3,0,0,0,0,0,0,0,287,100,38,96
ABO,2012,11,11,3,4.5,96.6,8.1,4,5.93,4.3,19.4,0.3,858,214,0.5,1.2,0,0,0,0,0,0,0,287,100,38,96
ABO,2012,11,11,4,4.5,96.2,8.1,3.9,5.93,4.2,19.4,1.6,858.4,198,0.7,1.8,0,0,0,0,0,0,0,288,100,38,96
ABO,2012,11,11,5,4.3,92.9,7.7,3.3,5.63,3.8,18.4,2,858.5,360,0.4,1.4,0,0,0,0,0,0,0,288,100,38,96
ABO,2012,11,11,6,3.7,91.3,7.3,2.4,5.33,3.1,17.1,1.5,859,45,0.8,2.3,6,0,6,4,4,4,4,287,94,38,96
ABO,2012,11,11,7,3,93.5,7,2.1,5.11,2.6,15.8,1.5,859.3,225,0.8,2.2,10,0,10,6,6,6,6,287,100,38,96
ABO,2012,11,11,8,2.3,93.2,6.7,1.3,4.88,1.8,14.5,1.3,860.1,209,1.1,2,47,0,47,29,30,30,28,286,100,38,96
ABO,2012,11,11,9,1.8,94.7,6.6,1,4.81,1.4,13.8,1.9,860.4,166,0.5,1.6,32,0,32,19,20,20,19,285,100,38,96
ABO,2012,11,11,10,1.8,95.3,6.6,1.1,4.8,1.5,13.8,3.2,861.9,146,0.7,2.3,43,0,43,26,27,27,25,281,100,38,96
ABO,2012,11,11,11,2.2,93.3,6.7,1.2,4.87,1.8,14.4,1.5,861.7,201,0.9,2.4,409,559,166,135,137,693,262,264,68,38,96
ABO,2012,11,11,12,4.2,86,7.1,2.1,5.17,3.2,17.2,0,861.7,167,1,2.6,224,247,120,88,89,330,173,272,84,38,96
ABO,2012,11,11,13,5.2,87.6,7.7,3.3,5.6,4.3,19.3,0,862.4,65,1.5,4.4,28,0,28,17,18,18,17,276,100,38,96
ABO,2012,11,11,14,4.1,91.1,7.5,2.8,5.45,3.5,17.8,0,863.3,55,2.8,5.5,20,0,20,12,13,13,12,275,94,38,96
ABO,2012,11,11,15,3.8,91.8,7.4,2.6,5.37,3.2,17.3,0,863.9,53,1.3,4.1,3,0,3,2,2,2,2,278,100,38,96
ABO,2012,11,11,16,3.8,91.8,7.4,2.6,5.37,3.2,17.3,0,864.9,180,0.5,1.6,0,0,0,0,0,0,0,277,100,38,96
ABO,2012,11,11,17,3.8,94,7.5,2.9,5.43,3.4,17.4,0,866.1,201,0.9,2.1,0,0,0,0,0,0,0,266,70,38,96
ABO,2012,11,11,18,3.8,93.6,7.5,2.9,5.43,3.4,17.4,0,866.7,189,0.6,1.6,0,0,0,0,0,0,0,245,35,38,96
ABO,2012,11,11,19,3.8,94.6,7.6,3,5.5,3.4,17.6,0,867.6,180,0.4,1.1,0,0,0,0,0,0,0,240,36,38,96
ABO,2012,11,11,20,3.8,97.5,7.8,3.4,5.64,3.6,17.9,0,868.4,76,0.5,1.5,0,0,0,0,0,0,0,240,0,38,96
ABO,2012,11,11,21,3.6,99.3,7.8,3.5,5.63,3.6,17.7,0,868.9,90,0.5,1.5,0,0,0,0,0,0,0,242,23,38,96
ABO,2012,11,11,22,3.5,97.7,7.7,3.2,5.56,3.4,17.4,0,869.2,346,0.6,1.9,0,0,0,0,0,0,0,237,20,38,96
ABO,2012,11,11,23,3.6,96.5,7.7,3.1,5.56,3.4,17.5,0,869.5,180,0.4,1.4,0,0,0,0,0,0,0,238,6,38,96
ABO,2012,11,12,0,3.6,95.7,7.6,3,5.48,3.3,17.4,0,869.6,198,0.6,1.6,0,0,0,0,0,0,0,243,100,40,96
ABO,2012,11,12,1,3.6,92.8,7.3,2.5,5.26,3.1,16.8,0,870.1,196,0.8,2.4,0,0,0,0,0,0,0,239,100,40,96
ABO,2012,11,12,2,3.7,85.7,6.8,1.5,4.9,2.7,16,0,870.1,235,2.1,4.5,0,0,0,0,0,0,0,238,100,40,96
ABO,2012,11,12,3,2.9,89.8,6.7,1.4,4.82,2.2,15,0,870.5,225,1,3.8,0,0,0,0,0,0,0,236,100,40,96
ABO,2012,11,12,4,2.7,92.1,6.8,1.5,4.9,2.2,15,0,870.5,207,0.6,2,0,0,0,0,0,0,0,237,100,40,96
ABO,2012,11,12,5,2.5,93.7,6.9,1.6,4.97,2.1,14.9,0,870.6,194,0.5,1.9,0,0,0,0,0,0,0,232,100,40,96
ABO,2012,11,12,6,2.6,93.9,6.9,1.7,4.97,2.2,15,0,871.1,194,0.5,2.5,5,0,5,5,5,5,5,238,100,40,96
ABO,2012,11,12,7,2.9,91.6,6.9,1.7,4.96,2.4,15.3,0,871.9,211,0.7,2.1,60,0,60,43,44,44,42,236,94,40,96
ABO,2012,11,12,8,3.2,94.3,7.3,2.4,5.25,2.8,16.4,0,872.1,90,0.8,1.8,118,0,118,81,83,83,79,231,36,40,96
ABO,2012,11,12,9,3.9,86.4,7,1.8,5.03,2.9,16.5,0,872.6,108,0.6,1.5,131,14,126,80,88,95,77,232,88,40,96
ABO,2012,11,12,10,4.6,88.4,7.5,2.9,5.39,3.8,18.1,0,872.7,73,1.4,3.2,161,14,155,98,106,115,95,234,90,40,96
ABO,2012,11,12,11,4.7,90.1,7.7,3.2,5.54,4,18.6,0,872.8,60,1.6,3.2,125,3,124,78,81,83,76,236,100,40,96
ABO,2012,11,12,12,4.7,89.1,7.6,3.1,5.46,3.9,18.4,0,872.7,75,1.2,2.6,112,2,111,70,72,74,69,237,100,40,96
ABO,2012,11,12,13,4.8,90.9,7.8,3.4,5.61,4.1,18.9,0,872.9,63,1.6,2.8,70,0,70,44,46,45,43,236,100,40,96
ABO,2012,11,12,14,4.4,96,8,3.8,5.75,4.1,18.8,0,873.5,67,1.4,3.3,33,0,33,21,22,21,20,239,100,40,96
ABO,2012,11,12,15,3.9,96.7,7.8,3.4,5.61,3.7,18,0,873.3,68,1.1,2.6,15,0,15,12,12,12,12,238,100,40,96
ABO,2012,11,12,16,3.8,96.8,7.8,3.3,5.6,3.6,17.9,0,873.8,90,0.8,2.3,0,0,0,0,0,0,0,232,100,40,96
ABO,2012,11,12,17,3.7,97.1,7.7,3.3,5.53,3.5,17.6,0,874.1,67,0.9,1.7,0,0,0,0,0,0,0,231,100,40,96
ABO,2012,11,12,18,3.7,98.4,7.9,3.5,5.67,3.6,17.9,0,874.6,74,0.7,1.7,0,0,0,0,0,0,0,235,100,40,96
ABO,2012,11,12,19,3.5,99.3,7.8,3.4,5.59,3.5,17.5,0,875,63,0.7,2.1,0,0,0,0,0,0,0,232,100,40,96
ABO,2012,11,12,20,3.3,98.4,7.6,3.1,5.45,3.2,17,0,875.4,63,0.7,2.1,0,0,0,0,0,0,0,229,100,40,96
ABO,2012,11,12,21,3.3,98.4,7.6,3.1,5.45,3.2,17,0,875.4,117,0.5,1.3,0,0,0,0,0,0,0,227,100,40,96
ABO,2012,11,12,22,3.2,97.6,7.5,2.9,5.37,3.1,16.7,0,875.6,124,0.4,1.1,0,0,0,0,0,0,0,224,100,40,96
ABO,2012,11,12,23,3,83.9,6.4,0.6,4.58,1.9,14.5,0,875.3,194,1,3.4,0,0,0,0,0,0,0,221,100,40,96
ABO,2012,11,13,0,2.2,82.7,5.9,-0.4,4.22,1.1,12.8,0,875.5,189,0.6,2.1,0,0,0,0,0,0,0,229,0,37,96
ABO,2012,11,13,1,1.8,87.3,6.1,-0.1,4.36,1,12.7,0,875.5,189,0.6,1.8,0,0,0,0,0,0,0,229,0,37,96
ABO,2012,11,13,2,1.7,88.5,6.1,0,4.36,1,12.6,0,875.8,162,0.5,1.5,0,0,0,0,0,0,0,226,0,37,96
ABO,2012,11,13,3,1.9,83.7,5.9,-0.6,4.22,0.8,12.5,0,875.8,217,1.2,3.5,0,0,0,0,0,0,0,223,0,37,96
ABO,2012,11,13,4,1.3,81.9,5.5,-1.4,3.93,0.2,11.1,0,875.8,245,1.5,3.3,0,0,0,0,0,0,0,221,0,37,96
ABO,2012,11,13,5,-0.2,89.7,5.4,-1.7,3.86,-0.8,9.4,0,876.2,225,0.3,0.9,0,0,0,0,0,0,0,218,13,37,96
ABO,2012,11,13,6,-0.7,91.7,5.3,-1.9,3.78,-1.2,8.7,0,876.7,233,0.6,1.3,5,0,5,5,5,5,5,217,33,37,96
ABO,2012,11,13,7,-1,92.4,5.3,-2.1,3.78,-1.4,8.4,0,877.1,225,0.5,1.4,45,0,45,45,45,45,45,214,33,37,96
ABO,2012,11,13,8,-1,91.2,5.2,-2.2,3.71,-1.5,8.2,0,877.1,207,0.5,1.4,36,0,36,83,80,81,85,210,19,37,96
ABO,2012,11,13,9,0.6,85.6,5.5,-1.5,3.92,-0.3,10.4,0,877.1,180,0.7,2,297,540,92,106,343,603,109,214,13,37,96
ABO,2012,11,13,10,3.4,75,5.9,-0.6,4.21,1.7,14,0,876.9,151,1.1,2.5,469,901,90,120,323,974,125,218,10,37,96
ABO,2012,11,13,11,4.8,64.9,5.6,-1.2,4,2.2,14.8,0,876.5,110,1.2,3,463,814,114,125,139,918,243,223,36,37,96
ABO,2012,11,13,12,5.8,62.9,5.8,-0.7,4.15,2.9,16.2,0,876,105,1.2,3,359,504,162,120,119,614,345,229,55,37,96
ABO,2012,11,13,13,5.9,71.2,6.6,1.1,4.72,3.7,17.8,0,876,74,1.8,3.5,291,556,119,94,93,570,449,230,53,37,96
ABO,2012,11,13,14,5,77.4,6.7,1.4,4.8,3.3,17,0,875.8,101,1.3,3.3,174,522,72,57,56,425,466,224,33,37,96
ABO,2012,11,13,15,3.7,79.9,6.4,0.6,4.58,2.3,15.2,0,875.4,180,0.8,2.1,17,0,17,18,18,18,18,221,19,37,96
ABO,2012,11,13,16,2.9,76.2,5.7,-0.9,4.08,1.3,13.1,0,875.4,180,0.3,2.3,0,0,0,0,0,0,0,216,0,37,96
ABO,2012,11,13,17,2.3,73.1,5.3,-2,3.79,0.5,11.8,0,875.4,180,0.3,1.3,0,0,0,0,0,0,0,214,0,37,96
ABO,2012,11,13,18,2.5,66.1,4.8,-3.2,3.43,0.2,11.1,0,875.2,225,0.5,2.6,0,0,0,0,0,0,0,212,0,37,96
ABO,2012,11,13,19,2.5,60.4,4.4,-4.4,3.14,-0.2,10.4,0,875.5,360,0.6,1.8,0,0,0,0,0,0,0,211,0,37,96
ABO,2012,11,13,20,2.2,58.7,4.2,-5,3,-0.6,9.7,0,875.8,243,0.3,1.6,0,0,0,0,0,0,0,212,0,37,96
ABO,2012,11,13,21,2.4,54.2,3.9,-5.9,2.78,-0.7,9.4,0,875.7,315,0.3,1.8,0,0,0,0,0,0,0,211,0,37,96
ABO,2012,11,13,22,2.8,51.1,3.8,-6.3,2.71,-0.6,9.6,0,875.6,315,0.5,2.3,0,0,0,0,0,0,0,211,0,37,96
ABO,2012,11,13,23,3.5,46.8,3.7,-6.8,2.64,-0.3,10.1,0,875.5,315,0.4,1.7,0,0,0,0,0,0,0,208,0,37,96
ABO,2012,11,14,0,3.6,46,3.6,-6.9,2.57,-0.3,10,0,875.5,315,0.6,1.6,0,0,0,0,0,0,0,205,0,30,96
ABO,2012,11,14,1,4.4,42,3.5,-7.4,2.5,0,10.7,0,875.4,256,0.5,1.4,0,0,0,0,0,0,0,201,0,30,96
ABO,2012,11,14,2,4.8,40.1,3.4,-7.6,2.43,0.2,10.9,0,875.4,288,0.4,1.4,0,0,0,0,0,0,0,199,0,30,96
ABO,2012,11,14,3,4.4,43.1,3.6,-7,2.57,0.1,10.9,0,874.8,304,0.4,1.6,0,0,0,0,0,0,0,197,0,30,96
ABO,2012,11,14,4,4.8,41.1,3.6,-7.3,2.57,0.3,11.3,0,874.5,270,0.3,1.7,0,0,0,0,0,0,0,195,0,30,96
ABO,2012,11,14,5,4.7,42.9,3.7,-6.8,2.64,0.3,11.3,0,874.3,297,0.5,2,0,0,0,0,0,0,0,193,0,30,96
ABO,2012,11,14,6,5.3,41.4,3.7,-6.7,2.64,0.7,11.9,0,874.7,360,0.5,1.9,5,0,5,3,3,3,3,196,0,30,96
ABO,2012,11,14,7,4.9,45.9,4,-5.8,2.86,0.7,12.1,0,874.9,288,0.4,2.3,26,0,26,35,34,34,35,201,0,30,96
ABO,2012,11,14,8,5.6,44.4,4.1,-5.6,2.93,1.2,13,0,875,297,0.6,2,33,0,33,68,66,66,70,207,10,30,96
ABO,2012,11,14,9,7.9,41.4,4.4,-4.4,3.15,2.7,15.8,0,874.6,231,1.3,3.6,280,478,102,91,317,537,93,217,43,30,96
ABO,2012,11,14,10,10.3,36.1,4.5,-4.1,3.22,4,18.5,0,874.3,150,0.8,2.6,444,823,101,100,290,891,103,218,0,30,96
ABO,2012,11,14,11,11.4,32.1,4.3,-4.7,3.08,4.4,19.2,0,873.7,117,1.2,2.4,470,912,84,100,113,972,219,225,0,30,96
ABO,2012,11,14,12,11.6,34.4,4.7,-3.6,3.37,4.8,20.1,0,873.4,85,1.1,2.5,421,872,82,91,88,892,423,230,0,30,96
ABO,2012,11,14,13,11.1,32.7,4.3,-4.7,3.08,4.2,18.9,0,873.2,117,1,2.2,311,735,82,73,71,691,512,225,0,30,96
ABO,2012,11,14,14,10.4,38.5,4.9,-3.1,3.51,4.4,19.3,0,873.3,180,0.9,2,178,595,60,46,45,468,502,223,0,30,96
ABO,2012,11,14,15,8.4,44.6,4.9,-3,3.51,3.4,17.3,0,873.4,270,0.7,1.6,11,0,11,11,11,11,11,222,0,30,96
ABO,2012,11,14,16,7,48.4,4.8,-3.1,3.44,2.7,15.7,0,873.5,281,0.5,1.4,0,0,0,0,0,0,0,220,0,30,96
ABO,2012,11,14,17,6.3,48.5,4.6,-3.8,3.29,2.1,14.6,0,873.5,284,0.5,1.4,0,0,0,0,0,0,0,218,6,30,96
ABO,2012,11,14,18,5.9,49.4,4.6,-3.9,3.29,1.8,14.2,0,873.4,256,0.4,1.5,0,0,0,0,0,0,0,216,6,30,96
ABO,2012,11,14,19,5.8,52.2,4.8,-3.2,3.44,2,14.4,0,873.2,256,0.5,1.5,0,0,0,0,0,0,0,212,0,30,96
ABO,2012,11,14,20,5.7,55.7,5.1,-2.5,3.65,2.2,14.9,0,873.1,270,0.4,1.7,0,0,0,0,0,0,0,210,0,30,96
ABO,2012,11,14,21,6,56.7,5.3,-1.9,3.8,2.6,15.6,0,873.1,284,0.5,1.6,0,0,0,0,0,0,0,212,10,30,96
ABO,2012,11,14,22,5.8,57.4,5.3,-2,3.8,2.4,15.4,0,873,288,0.4,1.6,0,0,0,0,0,0,0,211,10,30,96
ABO,2012,11,14,23,5.4,57.8,5.1,-2.2,3.66,2.1,14.6,0,872.9,284,0.5,1.5,0,0,0,0,0,0,0,210,26,30,96
ABO,2012,11,15,0,5.3,55.4,4.9,-2.9,3.51,1.9,14.1,0,872.6,288,0.4,1.4,0,0,0,0,0,0,0,204,0,28,96
ABO,2012,11,15,1,5.3,52.8,4.7,-3.5,3.37,1.7,13.8,0,872.4,270,0.4,1.2,0,0,0,0,0,0,0,203,0,28,96
ABO,2012,11,15,2,5.1,51.4,4.5,-4.1,3.23,1.4,13.2,0,872.3,281,0.6,1.4,0,0,0,0,0,0,0,203,0,28,96
ABO,2012,11,15,3,4.7,50.9,4.3,-4.6,3.08,1,12.4,0,871.9,284,0.4,1.5,0,0,0,0,0,0,0,203,0,28,96
ABO,2012,11,15,4,4.6,48.7,4.1,-5.3,2.94,0.7,12,0,871.9,281,0.5,1.6,0,0,0,0,0,0,0,204,0,28,96
ABO,2012,11,15,5,4.3,50.9,4.2,-5,3.01,0.6,11.9,0,871.9,270,0.5,1.4,0,0,0,0,0,0,0,204,6,28,96
ABO,2012,11,15,6,3.6,53.4,4.2,-5,3.01,0.2,11.1,0,871.9,270,0.4,1.5,4,0,4,3,3,3,3,205,25,28,96
ABO,2012,11,15,7,3.7,52.3,4.2,-5.2,3.01,0.2,11.2,0,872,284,0.5,1.4,27,0,27,32,32,32,32,208,0,28,96
ABO,2012,11,15,8,4.4,50.2,4.2,-5,3.01,0.7,12,0,871.7,270,0.4,1.4,31,0,31,59,57,58,60,210,0,28,96
ABO,2012,11,15,9,7,40,4,-5.7,2.87,1.9,14.2,0,871.5,211,1.2,3,298,606,74,80,344,631,82,213,0,28,96
ABO,2012,11,15,10,9.2,38.5,4.5,-4.2,3.23,3.5,17.4,0,871,174,1,2.1,447,876,87,91,289,925,94,216,0,28,96
ABO,2012,11,15,11,10.1,30.2,3.8,-6.6,2.73,3.2,17,0,870.7,103,1.5,2.9,459,896,83,92,106,951,208,218,0,28,96
ABO,2012,11,15,12,10,32.9,4,-5.6,2.87,3.4,17.3,0,870.3,78,1.9,3.3,406,820,91,85,83,847,402,219,0,28,96
ABO,2012,11,15,13,10.1,34.7,4.3,-4.8,3.09,3.7,17.9,0,870,74,1.9,3,311,757,80,68,66,704,522,217,0,28,96
ABO,2012,11,15,14,8.7,44.6,5,-2.7,3.6,3.7,17.8,0,869.7,122,1.1,2.7,180,637,57,43,42,493,528,215,0,28,96
ABO,2012,11,15,15,6.7,52.2,5.1,-2.4,3.67,2.8,15.9,0,870,135,0.4,1.6,11,0,11,10,10,10,10,214,0,28,96
ABO,2012,11,15,16,5.4,56.8,5.1,-2.5,3.67,2,14.6,0,870,307,0.5,1.4,0,0,0,0,0,0,0,212,0,28,96
ABO,2012,11,15,17,4.3,57.5,4.8,-3.3,3.45,1.2,13,0,870,252,0.4,1.6,0,0,0,0,0,0,0,210,0,28,96
ABO,2012,11,15,18,4.1,56.8,4.6,-3.7,3.31,0.9,12.4,0,869.9,252,0.3,1.7,0,0,0,0,0,0,0,208,0,28,96
ABO,2012,11,15,19,4.3,54.1,4.5,-4.2,3.24,0.9,12.4,0,869.5,270,0.4,1.7,0,0,0,0,0,0,0,207,0,28,96
ABO,2012,11,15,20,4.6,51.7,4.4,-4.5,3.16,1,12.5,0,869.6,288,0.4,1.5,0,0,0,0,0,0,0,205,0,28,96
ABO,2012,11,15,21,4,54.8,4.4,-4.3,3.16,0.7,11.9,0,869.6,270,0.4,1.3,0,0,0,0,0,0,0,203,0,28,96
ABO,2012,11,15,22,4.4,52.2,4.4,-4.5,3.16,0.8,12.3,0,869.3,256,0.5,1.8,0,0,0,0,0,0,0,202,0,28,96
ABO,2012,11,15,23,4.1,52.1,4.3,-4.8,3.09,0.6,11.9,0,869.4,270,0.4,1.5,0,0,0,0,0,0,0,200,0,28,96
ABO,2012,11,16,0,4,51.1,4.2,-5.2,3.02,0.4,11.6,0,869.3,342,0.6,2,0,0,0,0,0,0,0,199,0,26,96
ABO,2012,11,16,1,3.6,52.7,4.2,-5.1,3.02,0.2,11.2,0,869.4,270,0.3,1,0,0,0,0,0,0,0,199,0,26,96
ABO,2012,11,16,2,3.3,54,4.2,-5.1,3.02,0,10.9,0,868.9,252,0.4,1.1,0,0,0,0,0,0,0,199,0,26,96
ABO,2012,11,16,3,3.4,52.4,4.1,-5.4,2.95,0,10.8,0,868.5,270,0.3,1.7,0,0,0,0,0,0,0,199,0,26,96
ABO,2012,11,16,4,4.3,46.4,3.8,-6.2,2.73,0.3,11.2,0,868.6,333,0.5,1.7,0,0,0,0,0,0,0,199,0,26,96
ABO,2012,11,16,5,3.9,47.8,3.9,-6.2,2.81,0.1,10.9,0,868.6,252,0.4,1.3,0,0,0,0,0,0,0,198,25,26,96
ABO,2012,11,16,6,3.6,47.4,3.8,-6.5,2.73,-0.2,10.5,0,868.5,270,0.3,1.5,4,0,4,3,3,3,3,200,29,26,96
ABO,2012,11,16,7,3.9,46.3,3.8,-6.6,2.73,-0.1,10.8,0,868.7,252,0.5,1.6,27,0,27,30,29,30,30,203,13,26,96
ABO,2012,11,16,8,4.1,45.6,3.7,-6.6,2.66,0.1,10.8,0,868.8,252,0.4,1.5,29,0,29,55,54,54,56,206,0,26,96
ABO,2012,11,16,9,6.3,37.1,3.5,-7.3,2.52,1.1,12.6,0,868.8,217,1,1.9,293,597,75,73,335,619,75,209,0,26,96
ABO,2012,11,16,10,9.2,31.3,3.6,-6.9,2.59,2.7,15.8,0,868.2,186,0.9,1.9,442,882,82,83,280,923,86,213,0,26,96
ABO,2012,11,16,11,10.4,28.6,3.6,-7,2.59,3.3,17,0,867.9,110,1.3,3.1,455,896,82,85,99,945,199,216,0,26,96
ABO,2012,11,16,12,10.4,29,3.7,-6.9,2.66,3.3,17.2,0,867.7,119,1.1,2.8,398,801,93,79,77,826,389,217,0,26,96
ABO,2012,11,16,13,9.9,38.3,4.7,-3.6,3.39,4,18.5,0,867.6,85,1.2,2.9,307,761,77,62,61,702,514,215,0,26,96
ABO,2012,11,16,14,8.3,44.5,4.9,-3.1,3.53,3.4,17.2,0,867.4,130,0.8,2.3,177,633,54,39,38,490,518,213,0,26,96
ABO,2012,11,16,15,6.8,47.4,4.7,-3.6,3.39,2.4,15.3,0,867.3,198,0.7,2,11,0,11,10,10,10,10,210,0,26,96
ABO,2012,11,16,16,5.6,50,4.6,-4,3.32,1.7,13.9,0,867.2,270,0.4,1.5,0,0,0,0,0,0,0,208,6,26,96
ABO,2012,11,16,17,5.1,50.2,4.4,-4.4,3.17,1.3,13.1,0,867,256,0.4,1.6,0,0,0,0,0,0,0,205,0,26,96
ABO,2012,11,16,18,4.8,49.1,4.2,-5,3.03,0.9,12.4,0,866.9,288,0.4,1.2,0,0,0,0,0,0,0,203,0,26,96
ABO,2012,11,16,19,5.3,44.5,4,-5.8,2.88,0.9,12.6,0,866.9,0,0.3,1.2,0,0,0,0,0,0,0,202,0,26,96
ABO,2012,11,16,20,5,44.7,3.9,-6,2.81,0.7,12.1,0,866.8,270,0.4,1.3,0,0,0,0,0,0,0,201,0,26,96
ABO,2012,11,16,21,4.6,45,3.8,-6.3,2.74,0.4,11.5,0,866.8,288,0.5,1.5,0,0,0,0,0,0,0,200,0,26,96
ABO,2012,11,16,22,4.7,43.3,3.7,-6.7,2.67,0.4,11.4,0,866.3,288,0.5,1.4,0,0,0,0,0,0,0,198,0,26,96
ABO,2012,11,16,23,5,41.7,3.6,-6.9,2.6,0.5,11.5,0,866.2,270,0.3,1.3,0,0,0,0,0,0,0,198,19,26,96
ABO,2012,11,17,0,4.5,43,3.6,-7,2.6,0.2,11,0,865.9,315,0.5,1.4,0,0,0,0,0,0,0,196,0,25,96
ABO,2012,11,17,1,4.2,43.6,3.6,-7.1,2.6,0,10.7,0,865.7,288,0.4,1.2,0,0,0,0,0,0,0,196,0,25,96
ABO,2012,11,17,2,3.8,44.9,3.6,-7.1,2.6,-0.3,10.3,0,865.3,297,0.3,1.4,0,0,0,0,0,0,0,196,0,25,96
ABO,2012,11,17,3,3.7,45.4,3.6,-7,2.6,-0.3,10.2,0,865.1,326,0.3,1.1,0,0,0,0,0,0,0,195,0,25,96
ABO,2012,11,17,4,3.4,46.7,3.6,-6.9,2.6,-0.4,9.9,0,865,315,0.2,1.1,0,0,0,0,0,0,0,195,0,25,96
ABO,2012,11,17,5,3,48.2,3.7,-6.9,2.67,-0.7,9.7,0,864.7,252,0.4,1.6,0,0,0,0,0,0,0,196,16,25,96
ABO,2012,11,17,6,3,48.2,3.6,-6.9,2.6,-0.7,9.5,0,864.8,360,0.4,1.5,4,0,4,2,2,2,2,199,48,25,96
ABO,2012,11,17,7,3.2,48.1,3.7,-6.7,2.67,-0.5,9.9,0,864.8,360,0.3,2.3,28,0,28,29,29,29,29,203,29,25,96
ABO,2012,11,17,8,3.8,47.8,3.8,-6.2,2.75,0,10.7,0,864.7,243,0.5,2.1,32,0,32,54,53,53,55,207,29,25,96
ABO,2012,11,17,9,5.2,43.1,3.8,-6.3,2.75,0.8,12.1,0,864.7,135,0.4,1.9,300,630,73,72,346,645,74,212,43,25,96
ABO,2012,11,17,10,4.9,47,4.1,-5.5,2.96,0.8,12.3,0,864.5,117,1,2.6,407,717,117,86,261,788,87,216,41,25,96
ABO,2012,11,17,11,6.7,43.3,4.3,-4.9,3.11,2,14.5,0,864,141,1.3,2.9,423,765,107,86,101,835,183,220,44,25,96
ABO,2012,11,17,12,8,41.5,4.5,-4.3,3.26,2.8,16.2,0,863.7,138,1.5,3,389,771,99,78,76,802,378,222,45,25,96
ABO,2012,11,17,13,8.1,41,4.4,-4.3,3.19,2.9,16.1,0,863.5,103,1.4,3.1,284,615,96,65,64,596,431,223,63,25,96
ABO,2012,11,17,14,6.8,49,4.8,-3.2,3.48,2.5,15.6,0,863.5,124,0.7,2.4,103,165,68,37,38,166,162,225,81,25,96
ABO,2012,11,17,15,5.8,54.4,5,-2.7,3.62,2.2,14.9,0,863.5,189,0.7,2.2,1,0,1,1,1,1,1,223,81,25,96
ABO,2012,11,17,16,4.6,58.8,5,-2.8,3.62,1.5,13.7,0,863.6,270,0.4,1.6,0,0,0,0,0,0,0,216,43,25,96
ABO,2012,11,17,17,3.6,59.2,4.7,-3.6,3.4,0.7,12.1,0,863.5,270,0.5,1.6,0,0,0,0,0,0,0,216,56,25,96
ABO,2012,11,17,18,3,60.7,4.6,-3.8,3.33,0.3,11.3,0,863.5,270,0.3,1.6,0,0,0,0,0,0,0,212,45,25,96
ABO,2012,11,17,19,3.2,58.5,4.5,-4.1,3.26,0.3,11.4,0,863.4,288,0.4,1.3,0,0,0,0,0,0,0,216,61,25,96
ABO,2012,11,17,20,3.1,58.2,4.4,-4.3,3.19,0.2,11.1,0,863.6,326,0.4,1.3,0,0,0,0,0,0,0,215,68,25,96
ABO,2012,11,17,21,3.1,57.2,4.4,-4.5,3.18,0.1,11.1,0,863.7,284,0.4,1.5,0,0,0,0,0,0,0,217,71,25,96
ABO,2012,11,17,22,2.8,58.1,4.3,-4.6,3.11,-0.1,10.6,0,863.5,270,0.4,1.2,0,0,0,0,0,0,0,218,84,25,96
ABO,2012,11,17,23,2.2,60.9,4.4,-4.6,3.19,-0.4,10.2,0,863.5,281,0.5,1.7,0,0,0,0,0,0,0,219,88,25,96
ABO,2012,11,18,0,2.2,61.9,4.4,-4.3,3.19,-0.3,10.2,0,863.3,288,0.4,1.2,0,0,0,0,0,0,0,223,94,26,96
ABO,2012,11,18,1,2.4,60.8,4.4,-4.4,3.19,-0.3,10.4,0,863.1,297,0.4,1.3,0,0,0,0,0,0,0,222,100,26,96
ABO,2012,11,18,2,2.3,61.2,4.4,-4.4,3.19,-0.3,10.3,0,862.9,270,0.4,1.4,0,0,0,0,0,0,0,222,100,26,96
ABO,2012,11,18,3,2.5,60,4.4,-4.5,3.19,-0.2,10.5,0,862.7,284,0.4,1.4,0,0,0,0,0,0,0,221,94,26,96
ABO,2012,11,18,4,2.4,59.4,4.3,-4.7,3.12,-0.3,10.2,0,862.8,270,0.3,1.1,0,0,0,0,0,0,0,222,100,26,96
ABO,2012,11,18,5,2.7,57.1,4.3,-4.9,3.12,-0.2,10.5,0,862.7,270,0.5,1.4,0,0,0,0,0,0,0,216,70,26,96
ABO,2012,11,18,6,2.1,57.8,4.1,-5.3,2.97,-0.7,9.5,0,863,243,0.4,1.4,3,0,3,2,2,2,2,212,50,26,96
ABO,2012,11,18,7,2.5,54.5,4,-5.7,2.9,-0.6,9.7,0,863.4,288,0.3,1.4,46,0,46,27,28,28,26,220,74,26,96
ABO,2012,11,18,8,3.3,55.6,4.3,-4.7,3.11,0.2,11.1,0,863.5,45,0.3,1.3,82,0,82,47,49,48,45,226,100,26,96
ABO,2012,11,18,9,5,50.3,4.4,-4.5,3.18,1.2,13,0,863.8,135,0.5,1.7,260,363,131,83,262,430,82,226,68,26,96
ABO,2012,11,18,10,7,43.1,4.3,-4.7,3.11,2.2,14.8,0,863.9,132,1.2,2.5,312,325,182,101,202,442,100,236,100,26,96
ABO,2012,11,18,11,7.7,46,4.8,-3.2,3.48,3,16.5,0,863.5,108,1.6,3.4,370,527,155,94,111,636,188,240,84,26,96
ABO,2012,11,18,12,8.4,45.2,5,-2.8,3.62,3.5,17.5,0,863.5,100,1.7,4.1,367,695,109,79,78,738,361,231,31,26,96
ABO,2012,11,18,13,8.3,46.1,5,-2.6,3.62,3.5,17.4,0,863.4,115,1.7,3.3,292,740,73,60,58,683,495,230,25,26,96
ABO,2012,11,18,14,7,47.2,4.7,-3.5,3.4,2.6,15.6,0,863.5,176,1.3,3,156,517,58,38,38,412,427,228,29,26,96
ABO,2012,11,18,15,6,53.4,5,-2.7,3.62,2.3,15.1,0,863.7,248,0.7,1.6,11,0,11,9,9,9,9,225,13,26,96
ABO,2012,11,18,16,3.9,63.3,5.1,-2.4,3.69,1.3,13.2,0,864,284,0.5,1.4,0,0,0,0,0,0,0,217,0,26,96
ABO,2012,11,18,17,3.2,65,5,-2.7,3.62,0.8,12.3,0,864.2,270,0.4,1.6,0,0,0,0,0,0,0,215,0,26,96
ABO,2012,11,18,18,2.4,69.1,5,-2.7,3.62,0.3,11.5,0,864.7,270,0.4,1.2,0,0,0,0,0,0,0,213,0,26,96
ABO,2012,11,18,19,2.2,70.4,5.1,-2.6,3.69,0.2,11.4,0,865,333,0.3,1.2,0,0,0,0,0,0,0,211,0,26,96
ABO,2012,11,18,20,2.3,70.7,5.1,-2.5,3.69,0.3,11.5,0,865.2,270,0.4,1.3,0,0,0,0,0,0,0,213,29,26,96
ABO,2012,11,18,21,1.9,72.1,5,-2.6,3.62,0.1,10.9,0,865.2,284,0.4,1.3,0,0,0,0,0,0,0,207,26,26,96
ABO,2012,11,18,22,1.4,74.3,5,-2.7,3.62,-0.2,10.4,0,865.1,288,0.4,1.4,0,0,0,0,0,0,0,205,10,26,96
ABO,2012,11,18,23,1.6,73.8,5,-2.6,3.62,-0.1,10.6,0,865.2,259,0.5,1.9,0,0,0,0,0,0,0,206,43,26,96
ABO,2012,11,19,0,1,75.7,4.9,-2.8,3.54,-0.5,9.8,0,865,252,0.4,1.2,0,0,0,0,0,0,0,203,41,27,96
ABO,2012,11,19,1,1.5,73.8,5,-2.7,3.62,-0.2,10.5,0,864.8,284,0.5,1.6,0,0,0,0,0,0,0,202,46,27,96
ABO,2012,11,19,2,1.3,75.2,5,-2.6,3.62,-0.3,10.3,0,864.5,304,0.5,1.4,0,0,0,0,0,0,0,198,20,27,96
ABO,2012,11,19,3,1.3,75.6,5.1,-2.5,3.69,-0.2,10.5,0,864.4,297,0.4,1.1,0,0,0,0,0,0,0,197,0,27,96
ABO,2012,11,19,4,1.5,73,5,-2.8,3.62,-0.2,10.5,0,864.7,288,0.4,1.5,0,0,0,0,0,0,0,197,0,27,96
ABO,2012,11,19,5,1.1,72.8,4.8,-3.2,3.47,-0.6,9.8,0,864.9,270,0.4,1.3,0,0,0,0,0,0,0,196,40,27,96
ABO,2012,11,19,6,0.8,74.1,4.8,-3.3,3.47,-0.8,9.5,0,865,270,0.4,1.2,3,0,3,2,2,2,2,198,40,27,96
ABO,2012,11,19,7,0.9,73.7,4.8,-3.3,3.47,-0.8,9.6,0,864.8,252,0.4,1.3,25,0,25,27,27,27,27,202,13,27,96
ABO,2012,11,19,8,1.1,72.6,4.8,-3.3,3.47,-0.6,9.8,0,865,252,0.5,2.1,33,0,33,53,52,53,55,205,0,27,96
ABO,2012,11,19,9,3.4,60.2,4.7,-3.6,3.4,0.6,11.9,0,865.1,225,1,3.2,286,620,67,72,341,637,74,209,0,27,96
ABO,2012,11,19,10,5.5,50.4,4.6,-4,3.33,1.6,13.9,0,865.1,117,1.1,2.8,423,864,81,82,277,908,85,213,0,27,96
ABO,2012,11,19,11,6.2,48,4.5,-4,3.25,2,14.4,0,865,99,1.4,3.2,439,873,86,85,99,931,196,218,6,27,96
ABO,2012,11,19,12,6.7,48,4.7,-3.5,3.4,2.4,15.3,0,865.1,82,1.4,3.1,377,760,97,78,77,795,373,218,6,27,96
ABO,2012,11,19,13,6.2,50.9,4.9,-3.2,3.54,2.2,15.1,0,865.1,73,1.7,2.9,286,695,82,62,61,656,475,218,0,27,96
ABO,2012,11,19,14,5.2,56.5,5,-2.7,3.61,1.9,14.3,0,865.5,90,1.3,3.1,166,625,52,38,37,485,508,217,0,27,96
ABO,2012,11,19,15,3.4,62.7,4.9,-3,3.54,0.8,12.3,0,865.7,194,0.8,2.4,10,0,10,9,9,9,9,216,13,27,96
ABO,2012,11,19,16,2.5,65,4.7,-3.4,3.39,0.1,11,0,865.9,270,0.3,1.5,0,0,0,0,0,0,0,214,0,27,96
ABO,2012,11,19,17,2.4,64,4.6,-3.7,3.32,0,10.7,0,866.1,270,0.4,1.4,0,0,0,0,0,0,0,212,0,27,96
ABO,2012,11,19,18,2.1,64.8,4.6,-3.8,3.32,-0.2,10.4,0,866.5,243,0.3,1.4,0,0,0,0,0,0,0,208,0,27,96
ABO,2012,11,19,19,2.2,65.2,4.7,-3.6,3.39,-0.1,10.7,0,866.6,270,0.4,1.4,0,0,0,0,0,0,0,207,0,27,96
ABO,2012,11,19,20,2.4,63.7,4.6,-3.8,3.32,-0.1,10.7,0,866.8,270,0.3,1.3,0,0,0,0,0,0,0,206,0,27,96
ABO,2012,11,19,21,2.3,63.3,4.5,-3.9,3.24,-0.1,10.4,0,867.1,288,0.4,1.4,0,0,0,0,0,0,0,205,0,27,96
ABO,2012,11,19,22,2.2,62.3,4.4,-4.3,3.17,-0.3,10.1,0,867,284,0.4,1.3,0,0,0,0,0,0,0,204,0,27,96
ABO,2012,11,19,23,2.2,61.7,4.4,-4.4,3.17,-0.4,10.1,0,867.2,288,0.4,1.3,0,0,0,0,0,0,0,206,0,27,96
ABO,2012,11,20,0,1.8,61.6,4.3,-4.8,3.1,-0.7,9.6,0,866.9,288,0.5,1.6,0,0,0,0,0,0,0,202,0,25,96
ABO,2012,11,20,1,2.2,57,4.1,-5.4,2.95,-0.7,9.6,0,867.4,333,0.5,1.6,0,0,0,0,0,0,0,201,0,25,96
ABO,2012,11,20,2,2,56,3.9,-5.8,2.81,-0.9,9,0,867.1,270,0.4,1.4,0,0,0,0,0,0,0,200,0,25,96
ABO,2012,11,20,3,1.9,53.6,3.8,-6.5,2.74,-1.2,8.7,0,867.1,270,0.4,1.4,0,0,0,0,0,0,0,199,0,25,96
ABO,2012,11,20,4,2.1,50.3,3.6,-7.1,2.59,-1.2,8.6,0,867.2,288,0.5,1.6,0,0,0,0,0,0,0,198,0,25,96
ABO,2012,11,20,5,1.9,50.4,3.5,-7.3,2.52,-1.4,8.2,0,867.3,297,0.4,1.7,0,0,0,0,0,0,0,197,0,25,96
ABO,2012,11,20,6,2.1,48.2,3.4,-7.7,2.45,-1.4,8.2,0,867.2,284,0.5,1.7,0,0,0,0,0,0,0,198,0,25,96
ABO,2012,11,20,7,2.3,45.7,3.3,-8.2,2.37,-1.4,8.2,0,867.8,256,0.5,1.9,25,0,25,26,26,26,26,202,6,25,96
ABO,2012,11,20,8,3.1,41.4,3.2,-8.7,2.3,-1.1,8.9,0,867.7,259,0.5,1.4,28,0,28,49,48,49,50,206,0,25,96
ABO,2012,11,20,9,5,37.9,3.3,-8.2,2.37,0.1,11,0,867.9,217,1,2.6,279,603,69,67,330,617,69,210,0,25,96
ABO,2012,11,20,10,7.4,35.6,3.7,-6.8,2.66,1.8,14.1,0,867.9,173,0.8,1.9,413,832,87,77,269,879,80,214,0,25,96
ABO,2012,11,20,11,8.6,27.6,3.1,-9,2.23,1.9,14.2,0,867.5,100,1.3,2.8,431,881,78,78,93,928,186,219,0,25,96
ABO,2012,11,20,12,8.2,32.9,3.6,-7.1,2.59,2.1,14.8,0,867.3,96,1.1,2.6,381,814,83,72,70,832,377,220,0,25,96
ABO,2012,11,20,13,8.7,34.6,3.9,-6,2.81,2.7,15.8,0,867.3,111,1.1,2.7,291,762,70,57,55,702,500,217,0,25,96
ABO,2012,11,20,14,7.6,36.9,3.8,-6.2,2.74,2.1,14.5,0,867.3,180,0.8,1.7,158,578,56,36,36,452,474,215,0,25,96
ABO,2012,11,20,15,6.2,42.1,4,-5.7,2.88,1.5,13.5,0,867.3,225,0.4,1.5,9,0,9,8,8,8,8,213,0,25,96
ABO,2012,11,20,16,4.7,45.4,3.9,-6.1,2.81,0.5,11.8,0,867.6,297,0.4,1.6,0,0,0,0,0,0,0,211,0,25,96
ABO,2012,11,20,17,4.4,44.3,3.7,-6.7,2.66,0.2,11.1,0,867.9,270,0.5,1.6,0,0,0,0,0,0,0,209,0,25,96
ABO,2012,11,20,18,4.2,44.3,3.7,-6.9,2.66,0,10.9,0,867.8,288,0.5,1.6,0,0,0,0,0,0,0,207,0,25,96
ABO,2012,11,20,19,4.1,45.1,3.7,-6.7,2.66,0,10.8,0,867.9,270,0.3,1.4,0,0,0,0,0,0,0,206,0,25,96
ABO,2012,11,20,20,3.9,46.2,3.7,-6.6,2.66,-0.1,10.6,0,867.8,270,0.4,1.8,0,0,0,0,0,0,0,205,0,25,96
ABO,2012,11,20,21,4.1,45.7,3.7,-6.6,2.66,0.1,10.8,0,867.5,252,0.4,1.8,0,0,0,0,0,0,0,204,0,25,96
ABO,2012,11,20,22,4.3,45.2,3.8,-6.5,2.74,0.2,11.2,0,867.3,270,0.3,1.5,0,0,0,0,0,0,0,203,0,25,96
ABO,2012,11,20,23,4.4,45.4,3.8,-6.4,2.74,0.3,11.3,0,867.3,315,0.4,1.7,0,0,0,0,0,0,0,202,10,25,96
ABO,2012,11,21,0,4.5,45.4,3.8,-6.3,2.74,0.4,11.4,0,867,315,0.4,1.8,0,0,0,0,0,0,0,202,0,25,96
ABO,2012,11,21,1,4.1,47.4,3.9,-6.1,2.81,0.2,11.2,0,867.1,270,0.5,1.4,0,0,0,0,0,0,0,201,0,25,96
ABO,2012,11,21,2,4.3,47,3.9,-6,2.81,0.3,11.4,0,866.7,256,0.5,1.7,0,0,0,0,0,0,0,201,0,25,96
ABO,2012,11,21,3,4.4,47.1,3.9,-5.9,2.81,0.4,11.5,0,866.3,288,0.4,1.4,0,0,0,0,0,0,0,201,0,25,96
ABO,2012,11,21,4,4.2,47,3.9,-6.1,2.81,0.3,11.3,0,866.2,270,0.5,1.4,0,0,0,0,0,0,0,201,0,25,96
ABO,2012,11,21,5,5.1,43.3,3.8,-6.3,2.74,0.7,12,0,866.6,270,0.4,1.7,0,0,0,0,0,0,0,200,0,25,96
ABO,2012,11,21,6,5.2,43.1,3.8,-6.3,2.74,0.8,12.1,0,866.9,288,0.4,1.6,0,0,0,0,0,0,0,202,0,25,96
ABO,2012,11,21,7,4.6,46.1,3.9,-6,2.81,0.5,11.7,0,867.2,270,0.4,1.5,24,0,24,24,24,24,24,208,0,25,96
ABO,2012,11,21,8,5.5,44.3,4,-5.7,2.88,1.1,12.8,0,867.1,270,0.4,1.4,28,0,28,49,47,48,50,212,0,25,96
ABO,2012,11,21,9,7.5,38.4,4,-5.7,2.88,2.2,14.8,0,867.6,198,0.7,2.3,272,577,73,67,320,597,69,218,0,25,96
ABO,2012,11,21,10,9.7,37.3,4.5,-4.2,3.24,3.7,17.9,0,867.5,180,0.8,1.7,399,797,90,77,265,848,79,226,23,25,96
ABO,2012,11,21,11,11.1,32.9,4.3,-4.6,3.1,4.3,19,0,867.4,122,1.1,3.1,344,498,146,91,113,596,154,241,75,25,96
ABO,2012,11,21,12,10.4,35.2,4.5,-4.3,3.24,4,18.6,0,868,68,1.7,3.6,217,158,158,86,89,249,148,252,100,25,96
ABO,2012,11,21,13,8.4,41.6,4.6,-3.9,3.31,3.1,16.8,0,868.2,101,0.7,2.3,86,2,85,46,48,49,45,254,100,25,96
ABO,2012,11,21,14,7.8,43.6,4.6,-3.8,3.31,2.9,16.2,0,868.6,104,0.5,1.9,39,2,39,21,22,23,21,257,100,25,96
ABO,2012,11,21,15,7,47.3,4.7,-3.4,3.38,2.6,15.5,0,869.2,236,0.9,1.8,6,0,6,3,3,3,3,259,100,25,96
ABO,2012,11,21,16,5.8,53.8,5,-2.8,3.6,2.2,14.8,0,869.6,27,0.9,2,0,0,0,0,0,0,0,262,100,25,96
ABO,2012,11,21,17,5.4,56.3,5.1,-2.6,3.67,2,14.6,0,870.5,259,0.7,1.7,0,0,0,0,0,0,0,264,100,25,96
ABO,2012,11,21,18,4.9,61,5.3,-2,3.81,2,14.5,0,871,243,0.4,1.6,0,0,0,0,0,0,0,265,100,25,96
ABO,2012,11,21,19,4.6,64.1,5.5,-1.6,3.95,1.9,14.5,0,871,207,0.5,2.1,0,0,0,0,0,0,0,265,100,25,96
ABO,2012,11,21,20,5,63.5,5.6,-1.3,4.02,2.3,15.1,0,871,247,1,3.2,0,0,0,0,0,0,0,265,100,25,96
ABO,2012,11,21,21,5.2,63,5.6,-1.3,4.03,2.4,15.3,0,870.9,63,0.5,1.7,0,0,0,0,0,0,0,266,100,25,96
ABO,2012,11,21,22,3.8,71.9,5.8,-0.8,4.17,1.8,14.2,0,871.7,104,0.8,2.9,0,0,0,0,0,0,0,266,100,25,96
ABO,2012,11,21,23,3.9,70.5,5.7,-1,4.09,1.8,14.2,0,872.2,180,0.4,1.9,0,0,0,0,0,0,0,267,100,25,96
ABO,2012,11,22,0,3.7,73.3,5.8,-0.6,4.16,1.8,14.1,0,872.2,207,0.7,1.9,0,0,0,0,0,0,0,267,100,26,96
ABO,2012,11,22,1,3.3,77.1,6,-0.3,4.31,1.7,14.1,0,872.1,219,0.7,1.8,0,0,0,0,0,0,0,265,100,26,96
ABO,2012,11,22,2,2.9,80.1,6,-0.2,4.31,1.5,13.7,0,871.9,207,0.3,1.5,0,0,0,0,0,0,0,264,100,26,96
ABO,2012,11,22,3,2.5,83,6.1,-0.1,4.38,1.4,13.5,0,871.6,135,0.5,1.6,0,0,0,0,0,0,0,263,100,26,96
ABO,2012,11,22,4,2.8,81,6,-0.1,4.31,1.5,13.6,0,871.5,217,0.6,2.4,0,0,0,0,0,0,0,263,100,26,96
ABO,2012,11,22,5,3,80.3,6.1,-0.1,4.38,1.6,14,0,871.6,211,0.7,2,0,0,0,0,0,0,0,262,100,26,96
ABO,2012,11,22,6,2.9,82.2,6.2,0.2,4.46,1.7,14.1,0,871.8,153,0.3,0.8,0,0,0,0,0,0,0,262,94,26,96
ABO,2012,11,22,7,2.9,82.1,6.2,0.2,4.45,1.7,14.1,0,872.1,211,0.8,1.7,29,0,29,18,18,18,17,261,94,26,96
ABO,2012,11,22,8,3.5,79.4,6.2,0.3,4.45,2.1,14.7,0,872.2,18,0.6,1.8,82,0,82,57,59,58,56,260,88,26,96
ABO,2012,11,22,9,3.5,79.5,6.2,0.3,4.45,2.1,14.7,0,872.2,360,0.3,1.2,148,26,138,75,91,103,72,264,100,26,96
ABO,2012,11,22,10,3.4,80.9,6.3,0.4,4.53,2.1,14.7,0,872.1,225,0.3,1.4,279,281,171,96,187,386,93,265,94,26,96
ABO,2012,11,22,11,3.8,79.9,6.4,0.7,4.6,2.4,15.3,0,871.8,180,0.5,2.6,288,266,183,100,111,384,153,266,94,26,96
ABO,2012,11,22,12,5.8,71.6,6.6,1.1,4.75,3.6,17.7,0,871.1,72,2.2,3.6,150,63,127,68,71,136,89,262,94,26,96
ABO,2012,11,22,13,5.3,73.7,6.6,1,4.75,3.3,17.2,0,870.7,70,1.5,3.6,189,235,122,68,69,279,211,256,81,26,96
ABO,2012,11,22,14,5,77.3,6.7,1.4,4.82,3.3,17.1,0,870.8,75,1.2,2.4,88,127,63,34,35,134,128,260,88,26,96
ABO,2012,11,22,15,4.1,83.3,6.8,1.5,4.89,2.9,16.4,0,871,63,1.1,2.5,7,0,7,4,4,4,4,255,100,26,96
ABO,2012,11,22,16,2.7,93.3,6.9,1.7,4.97,2.2,15.1,0,870.9,180,0.6,1.6,0,0,0,0,0,0,0,253,71,26,96
ABO,2012,11,22,17,1.9,87.6,6.1,0.1,4.39,1.1,12.9,0,870.4,214,0.8,2.1,0,0,0,0,0,0,0,245,71,26,96
ABO,2012,11,22,18,1.4,86.7,5.8,-0.6,4.17,0.6,11.8,0,870.2,198,0.4,1.9,0,0,0,0,0,0,0,231,16,26,96
ABO,2012,11,22,19,1.6,85,5.8,-0.6,4.17,0.7,12,0,869.9,270,0.5,3.4,0,0,0,0,0,0,0,224,0,26,96
ABO,2012,11,22,20,1.8,82.3,5.7,-0.9,4.1,0.7,12.1,0,870.2,233,0.5,3.4,0,0,0,0,0,0,0,223,0,26,96
ABO,2012,11,22,21,1.8,80.6,5.6,-1.2,4.03,0.5,11.9,0,870.5,360,0.4,1.8,0,0,0,0,0,0,0,221,0,26,96
ABO,2012,11,22,22,1.6,80.1,5.5,-1.5,3.95,0.3,11.5,0,870.7,315,0.4,1.6,0,0,0,0,0,0,0,219,0,26,96
ABO,2012,11,22,23,1.5,79.7,5.4,-1.6,3.88,0.2,11.2,0,870.3,207,0.4,2.6,0,0,0,0,0,0,0,219,6,26,96
ABO,2012,11,23,0,0.5,84.1,5.3,-1.9,3.81,-0.5,10,0,870,217,0.6,2.8,0,0,0,0,0,0,0,221,19,26,96
ABO,2012,11,23,1,0.9,80.3,5.2,-2.1,3.74,-0.3,10.2,0,870.5,53,1.2,3.2,0,0,0,0,0,0,0,218,25,26,96
ABO,2012,11,23,2,0,82.5,5.1,-2.6,3.67,-1,9.1,0,870.1,216,0.9,3.1,0,0,0,0,0,0,0,221,45,26,96
ABO,2012,11,23,3,0.4,80.1,5.1,-2.6,3.67,-0.8,9.6,0,869.6,225,0.7,3.6,0,0,0,0,0,0,0,224,90,26,96
ABO,2012,11,23,4,0.6,78.7,5.1,-2.7,3.67,-0.7,9.8,0,869.4,243,0.3,1.6,0,0,0,0,0,0,0,222,100,26,96
ABO,2012,11,23,5,1.1,80.3,5.3,-1.9,3.81,-0.1,10.6,0,869.6,252,0.6,1.8,0,0,0,0,0,0,0,218,100,26,96
ABO,2012,11,23,6,1.6,72.2,5,-2.9,3.6,-0.2,10.6,0,869.8,288,0.4,1.6,0,0,0,0,0,0,0,218,100,26,96
ABO,2012,11,23,7,2,68.5,4.8,-3.2,3.45,-0.1,10.6,0,869.9,225,0.4,1.6,32,0,32,18,18,18,17,223,100,26,96
ABO,2012,11,23,8,2.2,64,4.6,-3.9,3.3,-0.2,10.5,0,870.4,180,0.4,2.7,94,0,94,58,60,60,56,227,94,26,96
ABO,2012,11,23,9,3.7,56,4.4,-4.3,3.16,0.5,11.6,0,870.7,225,0.7,1.7,209,170,152,85,173,254,82,234,100,26,96
ABO,2012,11,23,10,5.6,47.8,4.3,-4.6,3.09,1.5,13.4,0,870.4,189,0.6,1.6,326,446,155,91,210,548,91,238,84,26,96
ABO,2012,11,23,11,6.9,48.3,4.8,-3.3,3.45,2.6,15.6,0,870.3,128,1.1,2.7,372,615,132,86,104,709,184,240,64,26,96
ABO,2012,11,23,12,7.2,49.5,5,-2.7,3.59,2.9,16.3,0,870.1,101,1,2.9,278,323,162,90,91,418,228,247,88,26,96
ABO,2012,11,23,13,7.2,51.1,5.2,-2.2,3.74,3.1,16.6,0,869.9,85,1.3,2.8,199,279,122,68,70,316,242,247,88,26,96
ABO,2012,11,23,14,5.8,62,5.7,-0.9,4.1,2.8,16.1,0,870.4,90,0.9,2.5,61,32,54,29,31,55,51,250,100,26,96
ABO,2012,11,23,15,4.7,66.9,5.7,-0.9,4.1,2.2,15,0,870.4,202,0.6,1.7,2,0,2,1,1,1,1,251,100,26,96
ABO,2012,11,23,16,4.2,65,5.3,-1.8,3.81,1.6,13.8,0,870.9,225,0.5,2.1,0,0,0,0,0,0,0,251,100,26,96
ABO,2012,11,23,17,3.8,63.8,5.1,-2.4,3.66,1.2,13,0,871.5,79,0.6,1.5,0,0,0,0,0,0,0,252,100,26,96
ABO,2012,11,23,18,3.7,63.4,5,-2.6,3.59,1.1,12.7,0,871.6,218,1.2,3.1,0,0,0,0,0,0,0,252,100,26,96
ABO,2012,11,23,19,4.3,58.7,4.9,-3.1,3.52,1.2,13.1,0,871.1,236,0.7,2.5,0,0,0,0,0,0,0,252,100,26,96
ABO,2012,11,23,20,4.3,56.3,4.7,-3.6,3.37,1.1,12.8,0,871.2,231,0.7,2.9,0,0,0,0,0,0,0,251,100,26,96
ABO,2012,11,23,21,4,53.5,4.3,-4.6,3.09,0.6,11.7,0,871.2,63,0.6,2.3,0,0,0,0,0,0,0,251,100,26,96
ABO,2012,11,23,22,4.2,52.3,4.3,-4.7,3.09,0.7,11.9,0,871.1,270,0.6,1.9,0,0,0,0,0,0,0,251,100,26,96
ABO,2012,11,23,23,4.1,50.3,4.1,-5.3,2.94,0.4,11.5,0,870.7,225,0.5,3.1,0,0,0,0,0,0,0,251,100,26,96
ABO,2012,11,24,0,4.2,44.8,3.7,-6.7,2.66,0.1,10.9,0,869.8,211,0.8,3.3,0,0,0,0,0,0,0,240,74,26,96
ABO,2012,11,24,1,4.6,35.5,3,-9.3,2.15,-0.4,10,0,869.5,315,0.9,2.8,0,0,0,0,0,0,0,236,59,26,96
ABO,2012,11,24,2,4.7,35.9,3.1,-9.1,2.23,-0.3,10.3,0,869.6,63,0.7,2.4,0,0,0,0,0,0,0,235,94,26,96
ABO,2012,11,24,3,2.9,51.5,3.9,-6.1,2.8,-0.5,9.9,0,870.5,203,1,2.1,0,0,0,0,0,0,0,239,100,26,96
ABO,2012,11,24,4,3,55.5,4.2,-5,3.02,-0.1,10.6,0,870.4,252,0.3,1.4,0,0,0,0,0,0,0,237,100,26,96
ABO,2012,11,24,5,3,60.1,4.6,-4,3.31,0.2,11.3,0,870.2,252,0.4,1.3,0,0,0,0,0,0,0,239,100,26,96
ABO,2012,11,24,6,2.7,64,4.8,-3.4,3.45,0.2,11.3,0,870.5,270,0.4,1.4,0,0,0,0,0,0,0,233,100,26,96
ABO,2012,11,24,7,2.9,65.2,4.9,-3,3.52,0.5,11.7,0,870.3,270,0.3,1.3,35,0,35,22,23,23,21,236,78,26,96
ABO,2012,11,24,8,3,68,5.2,-2.3,3.74,0.8,12.4,0,869.9,239,0.7,3.6,90,0,90,55,57,57,54,246,88,26,96
ABO,2012,11,24,9,4.8,61.3,5.3,-2,3.81,1.9,14.4,0,869.7,187,0.8,2.1,173,129,130,79,148,208,78,248,78,26,96
ABO,2012,11,24,10,7.1,52.2,5.3,-2,3.81,3.1,16.7,0,869.5,140,0.8,2.5,228,163,167,91,149,263,88,255,88,26,96
ABO,2012,11,24,11,7.7,46.6,4.9,-3,3.53,3.1,16.6,0,868.8,150,0.8,2.3,149,26,139,75,80,105,75,265,100,26,96
ABO,2012,11,24,12,8.2,44.6,4.9,-3.1,3.53,3.3,17.1,0,868.4,108,1,2.6,102,3,100,54,57,59,53,267,100,26,96
ABO,2012,11,24,13,8.3,43.3,4.7,-3.4,3.39,3.3,16.9,0,868.3,112,0.6,1.7,131,125,99,54,56,164,134,264,88,26,96
ABO,2012,11,24,14,7.9,50.4,5.4,-1.8,3.89,3.6,17.7,0,868.3,63,1.2,2.4,29,0,29,15,16,16,15,262,100,26,96
ABO,2012,11,24,15,7,57.5,5.8,-0.8,4.18,3.5,17.5,0,867.9,180,0.5,1.7,1,0,1,1,1,1,1,261,100,26,96
ABO,2012,11,24,16,6.2,59.5,5.6,-1.1,4.04,3,16.4,0,867.2,225,0.6,1.6,0,0,0,0,0,0,0,260,100,26,96
ABO,2012,11,24,17,5.7,59.3,5.4,-1.6,3.9,2.5,15.5,0,867,243,0.8,2.6,0,0,0,0,0,0,0,257,100,26,96
ABO,2012,11,24,18,5.7,57.6,5.3,-2,3.82,2.4,15.3,0,867.2,45,0.7,2.4,0,0,0,0,0,0,0,256,100,26,96
ABO,2012,11,24,19,5.8,57.4,5.3,-2,3.82,2.4,15.4,0,867.4,248,0.6,2.2,0,0,0,0,0,0,0,250,94,26,96
ABO,2012,11,24,20,5.3,58.2,5.2,-2.2,3.75,2.1,14.7,0,867.6,207,0.5,2.2,0,0,0,0,0,0,0,241,38,26,96
ABO,2012,11,24,21,4.6,57.5,4.9,-3.1,3.53,1.4,13.5,0,867.5,288,0.4,1.6,0,0,0,0,0,0,0,238,69,26,96
ABO,2012,11,24,22,5.3,54.8,4.9,-3,3.53,1.8,14.2,0,868.4,270,0.9,3.5,0,0,0,0,0,0,0,239,100,26,96
ABO,2012,11,24,23,5.8,52.4,4.8,-3.2,3.46,2,14.5,0,868.2,207,0.4,2,0,0,0,0,0,0,0,237,88,26,96
ABO,2012,11,25,0,5.8,52,4.8,-3.3,3.46,2,14.5,0,868.3,360,0.7,2.3,0,0,0,0,0,0,0,231,46,24,96
ABO,2012,11,25,1,5.4,51.6,4.7,-3.8,3.38,1.6,13.9,0,868.7,252,0.6,2.3,0,0,0,0,0,0,0,227,13,24,96
ABO,2012,11,25,2,7.6,40.7,4.2,-4.9,3.02,2.4,15.2,0,869,234,2.4,7.5,0,0,0,0,0,0,0,224,0,24,96
ABO,2012,11,25,3,9.5,38.4,4.6,-4,3.31,3.7,17.9,0,868.8,196,4.3,9.4,0,0,0,0,0,0,0,224,0,24,96
ABO,2012,11,25,4,8.5,45,5,-2.7,3.6,3.6,17.6,0,868.5,227,2.9,6.6,0,0,0,0,0,0,0,229,38,24,96
ABO,2012,11,25,5,7.9,50.4,5.4,-1.8,3.89,3.6,17.7,0,868.6,278,1.8,4.9,0,0,0,0,0,0,0,232,51,24,96
ABO,2012,11,25,6,8.4,50.9,5.6,-1.2,4.04,4,18.6,0,868.3,279,2,5.1,0,0,0,0,0,0,0,229,48,24,96
ABO,2012,11,25,7,8.2,54.1,5.9,-0.5,4.25,4.2,18.9,0,868.8,263,1.8,4.4,23,0,23,21,21,21,21,240,33,24,96
ABO,2012,11,25,8,9,54.2,6.2,0.3,4.47,4.9,20.3,0,868.8,261,2.3,6.8,70,0,70,49,50,50,48,246,56,24,96
ABO,2012,11,25,9,10,56.2,6.9,1.7,4.98,5.9,22.6,0,868.7,185,3.8,9.3,113,146,67,48,124,183,48,256,78,24,96
ABO,2012,11,25,10,9.7,55.9,6.7,1.3,4.83,5.6,21.9,0,869.1,189,2.9,8.1,58,0,58,30,32,32,29,271,100,24,96
ABO,2012,11,25,11,8.7,57,6.4,0.7,4.61,4.9,20.3,0,869.1,113,1.2,5.6,75,1,74,39,41,42,37,282,100,24,96
ABO,2012,11,25,12,7.6,69.4,7.2,2.4,5.2,5.1,20.7,0,868.8,54,2.6,4.9,343,634,122,78,77,690,335,281,64,24,96
ABO,2012,11,25,13,7.8,70.9,7.5,2.9,5.42,5.4,21.5,0,868,59,2.1,4.5,231,452,109,63,63,460,342,272,63,24,96
ABO,2012,11,25,14,7.1,73.4,7.4,2.7,5.35,5,20.6,0,868.2,62,1.6,4.2,47,60,34,18,19,67,61,276,94,24,96
ABO,2012,11,25,15,6.6,78.8,7.7,3.2,5.56,4.9,20.6,0,868.5,63,1.3,4,4,0,4,2,2,2,2,279,100,24,96
ABO,2012,11,25,16,6.2,82.3,7.8,3.4,5.64,4.8,20.4,0,868.4,225,0.8,2.5,0,0,0,0,0,0,0,283,100,24,96
ABO,2012,11,25,17,5.7,82.8,7.6,3,5.5,4.4,19.5,0,867.8,135,1.7,3.7,0,0,0,0,0,0,0,283,100,24,96
ABO,2012,11,25,18,5.7,82.4,7.5,2.9,5.42,4.3,19.3,0,867.5,270,0.6,3.2,0,0,0,0,0,0,0,283,100,24,96
ABO,2012,11,25,19,5.4,83.4,7.5,2.8,5.42,4.1,19,0,867.6,270,0.4,2.3,0,0,0,0,0,0,0,284,100,24,96
ABO,2012,11,25,20,5.4,85.3,7.6,3.1,5.5,4.3,19.2,0,867.1,252,1.2,3.3,0,0,0,0,0,0,0,285,100,24,96
ABO,2012,11,25,21,5.4,87.8,7.9,3.5,5.72,4.5,19.8,0.1,866.7,219,1,2.9,0,0,0,0,0,0,0,286,100,24,96
ABO,2012,11,25,22,5.3,89.2,8,3.7,5.8,4.5,19.9,0,866.2,225,0.9,2.8,0,0,0,0,0,0,0,284,100,24,96
ABO,2012,11,25,23,5.4,88.1,7.9,3.6,5.73,4.5,19.8,0,865.7,252,0.5,2.2,0,0,0,0,0,0,0,276,94,24,96
ABO,2012,11,26,0,5.4,87.6,7.8,3.5,5.66,4.5,19.6,0,865,225,0.6,2.9,0,0,0,0,0,0,0,288,100,24,96
ABO,2012,11,26,1,5.1,87.9,7.7,3.3,5.59,4.2,19.1,0,864.4,180,0.3,1.3,0,0,0,0,0,0,0,288,100,24,96
ABO,2012,11,26,2,5.2,86.3,7.6,3.1,5.52,4.2,19.1,0,863.6,304,0.8,2.5,0,0,0,0,0,0,0,278,100,24,96
ABO,2012,11,26,3,4.5,88.8,7.5,2.8,5.45,3.7,18.2,0,863.1,34,0.7,2.1,0,0,0,0,0,0,0,278,100,24,96
ABO,2012,11,26,4,4,91.4,7.4,2.7,5.38,3.4,17.5,0,862.9,243,0.4,3.1,0,0,0,0,0,0,0,286,100,24,96
ABO,2012,11,26,5,4.4,88.9,7.4,2.7,5.38,3.6,17.9,0,863.2,225,0.6,1.8,0,0,0,0,0,0,0,277,100,24,96
ABO,2012,11,26,6,5,85.7,7.5,2.8,5.45,3.9,18.7,0,863.3,259,0.9,2.4,0,0,0,0,0,0,0,282,100,24,96
ABO,2012,11,26,7,5,86.6,7.6,3,5.53,4,18.9,0,862.9,214,0.7,2.3,4,0,4,2,2,2,2,276,100,24,96
ABO,2012,11,26,8,5.8,82.8,7.6,3.1,5.53,4.5,19.7,0,862.9,207,0.7,2.2,9,0,9,5,5,5,5,283,100,24,96
ABO,2012,11,26,9,6.7,78.9,7.7,3.3,5.6,5,20.8,0,862.6,191,0.7,2.8,14,0,14,8,8,8,7,281,100,24,96
ABO,2012,11,26,10,8.3,69.2,7.6,3,5.53,5.7,22.3,0,861.8,174,1,2.4,17,0,17,9,9,9,9,286,100,24,96
ABO,2012,11,26,11,9,65.4,7.5,2.9,5.47,6,22.8,0,860.9,120,0.9,3.2,34,0,34,18,19,19,17,295,100,24,96
ABO,2012,11,26,12,9.1,63.1,7.3,2.5,5.33,5.8,22.5,0,859.7,90,0.8,2.7,16,0,16,8,9,9,8,289,100,24,96
ABO,2012,11,26,13,9.1,67.5,7.8,3.4,5.7,6.2,23.5,0,858.9,74,1.5,3.3,12,0,12,6,7,7,6,285,100,24,96
ABO,2012,11,26,14,8.5,72.3,8,3.8,5.85,6.1,23.3,0,858.5,83,0.9,2.8,6,0,6,3,3,3,3,293,100,24,96
ABO,2012,11,26,15,7.7,76.7,8,3.9,5.85,5.8,22.4,0,858.5,72,0.8,3,1,0,1,0,0,0,0,288,100,24,96
ABO,2012,11,26,16,5.4,94.4,8.4,4.6,6.14,5,20.8,0,859,67,1.3,4.7,0,0,0,0,0,0,0,283,94,24,96
ABO,2012,11,26,17,5,97,8.5,4.6,6.21,4.8,20.6,0,859.4,135,0.7,2,0,0,0,0,0,0,0,275,100,24,96
ABO,2012,11,26,18,5.1,94.7,8.3,4.3,6.07,4.7,20.3,0,858.7,90,0.5,1.7,0,0,0,0,0,0,0,271,100,24,96
ABO,2012,11,26,19,5.1,94.3,8.3,4.3,6.07,4.7,20.4,0,858.5,207,0.6,1.6,0,0,0,0,0,0,0,267,100,24,96
ABO,2012,11,26,20,4.8,96.9,8.3,4.4,6.07,4.6,20,0,858.8,50,1,3.4,0,0,0,0,0,0,0,277,88,24,96
ABO,2012,11,26,21,4.3,100,8.3,4.3,6.07,4.3,19.5,0,858.7,35,1.9,4.2,0,0,0,0,0,0,0,269,75,24,96
ABO,2012,11,26,22,3.6,98.5,7.8,3.4,5.7,3.5,17.9,0.3,858.6,40,3,5.7,0,0,0,0,0,0,0,267,94,24,96
ABO,2012,11,26,23,3.1,97.4,7.4,2.7,5.41,2.9,16.7,0.3,858.2,39,2.7,5.2,0,0,0,0,0,0,0,271,94,24,96
ABO,2012,11,27,0,2.7,97.6,7.2,2.4,5.27,2.6,15.9,0.2,857.5,41,2.3,4.9,0,0,0,0,0,0,0,277,94,25,96
ABO,2012,11,27,1,2.2,97.8,7,1.9,5.12,2.1,15,0.1,857.3,45,2.1,4.5,0,0,0,0,0,0,0,276,100,25,96
ABO,2012,11,27,2,1.8,98.5,6.8,1.6,4.98,1.7,14.2,0.1,856.8,51,2.1,5.2,0,0,0,0,0,0,0,275,100,25,96
ABO,2012,11,27,3,1.5,99.7,6.8,1.5,4.98,1.5,13.9,0,856.6,77,1,3.2,0,0,0,0,0,0,0,274,100,25,96
ABO,2012,11,27,4,1.6,99.3,6.8,1.5,4.98,1.6,14.1,0.1,856.4,135,0.5,1.2,0,0,0,0,0,0,0,273,100,25,96
ABO,2012,11,27,5,1.5,99.1,6.8,1.4,4.98,1.5,13.9,0.1,856.6,112,0.5,1.5,0,0,0,0,0,0,0,272,100,25,96
ABO,2012,11,27,6,1.5,98.5,6.7,1.3,4.9,1.4,13.8,0.2,856.4,121,0.7,1.7,0,0,0,0,0,0,0,271,100,25,96
ABO,2012,11,27,7,1.2,100,6.7,1.2,4.9,1.2,13.5,0,856.5,68,1.1,2.8,3,0,3,2,2,2,2,270,100,25,96
ABO,2012,11,27,8,1.1,100,6.6,1.1,4.83,1.1,13.2,0,856.5,72,1.3,3.1,12,0,12,6,7,7,6,270,100,25,96
ABO,2012,11,27,9,0.9,99.3,6.4,0.8,4.68,0.9,12.6,0.2,856.4,83,0.8,2.2,31,0,31,16,17,17,15,270,100,25,96
ABO,2012,11,27,10,0.9,98.3,6.4,0.7,4.68,0.8,12.6,0.2,856.3,99,0.6,1.7,64,0,64,34,36,35,33,269,100,25,96
ABO,2012,11,27,11,0.8,98.9,6.4,0.6,4.69,0.7,12.5,0.4,855.8,69,0.9,2.4,111,4,110,58,61,65,56,267,100,25,96
ABO,2012,11,27,12,1.1,97.9,6.5,0.8,4.76,1,13,0,855.2,90,0.6,2,103,8,100,53,56,64,54,269,100,25,96
ABO,2012,11,27,13,0.9,98.9,6.5,0.7,4.77,0.8,12.8,0,854.9,75,1.6,3.6,20,0,20,11,11,11,10,268,100,25,96
ABO,2012,11,27,14,0.9,98.6,6.4,0.7,4.69,0.8,12.6,0,854.7,83,0.9,2.2,14,0,14,8,8,8,7,268,100,25,96
ABO,2012,11,27,15,0.9,99,6.5,0.8,4.77,0.9,12.8,0.1,854.8,37,0.9,2.1,4,0,4,2,2,2,2,267,100,25,96
ABO,2012,11,27,16,0.2,99.8,6.2,0.2,4.54,0.2,11.5,0.8,854.9,63,0.8,2.2,0,0,0,0,0,0,0,267,100,25,96
ABO,2012,11,27,17,0,99.5,6.1,-0.1,4.47,0,11.2,0.6,854.8,153,0.4,1.1,0,0,0,0,0,0,0,266,100,25,96
ABO,2012,11,27,18,-0.3,99.7,6,-0.3,4.4,-0.3,10.7,0.7,854.7,69,0.9,2.1,0,0,0,0,0,0,0,266,100,25,96
ABO,2012,11,27,19,-0.5,99.2,5.9,-0.6,4.32,-0.5,10.3,0.6,854.6,194,0.4,1.3,0,0,0,0,0,0,0,266,100,25,96
ABO,2012,11,27,20,-0.3,98.9,5.9,-0.5,4.33,-0.4,10.5,0.4,854.2,198,0.4,0.9,0,0,0,0,0,0,0,266,100,25,96
ABO,2012,11,27,21,-0.1,97.3,5.9,-0.5,4.33,-0.3,10.7,0.1,853.9,217,0.5,1.5,0,0,0,0,0,0,0,266,100,25,96
ABO,2012,11,27,22,0.2,96.9,6,-0.2,4.4,0,11.2,0,853.4,297,0.8,1.9,0,0,0,0,0,0,0,266,100,25,96
ABO,2012,11,27,23,-0.1,98.7,6,-0.3,4.41,-0.2,10.9,0,853.1,90,0.8,2.5,0,0,0,0,0,0,0,266,100,25,96
ABO,2012,11,28,0,-0.6,100,5.9,-0.6,4.33,-0.6,10.2,0,852.7,135,0.6,1.6,0,0,0,0,0,0,0,266,100,25,96
ABO,2012,11,28,1,-0.4,100,5.9,-0.4,4.33,-0.4,10.4,0,852.5,180,0.4,1.2,0,0,0,0,0,0,0,266,100,25,96
ABO,2012,11,28,2,-0.6,100,5.9,-0.6,4.34,-0.6,10.2,0.2,851.7,72,1.1,2.5,0,0,0,0,0,0,0,266,100,25,96
ABO,2012,11,28,3,-0.6,99,5.8,-0.7,4.27,-0.6,10,0.2,851.4,198,0.4,1.3,0,0,0,0,0,0,0,267,100,25,96
ABO,2012,11,28,4,-0.5,99,5.9,-0.6,4.34,-0.5,10.3,0,850.8,135,0.3,1.1,0,0,0,0,0,0,0,267,100,25,96
ABO,2012,11,28,5,-0.4,98.9,5.9,-0.6,4.35,-0.5,10.4,0.1,850.5,124,0.5,1.2,0,0,0,0,0,0,0,267,100,25,96
ABO,2012,11,28,6,-0.5,99.7,5.9,-0.5,4.35,-0.5,10.3,0.1,850.3,59,1.3,3,0,0,0,0,0,0,0,267,100,25,96
ABO,2012,11,28,7,-0.7,100,5.8,-0.7,4.27,-0.7,10,0.1,850.1,79,1.6,3.5,4,0,4,2,2,2,2,267,100,25,96
ABO,2012,11,28,8,-0.8,100,5.8,-0.8,4.27,-0.8,9.9,0,849.7,82,1.5,3.2,10,0,10,6,6,6,5,268,100,25,96
ABO,2012,11,28,9,-0.7,100,5.8,-0.7,4.28,-0.7,10,0.5,849.5,86,1.6,3.1,32,0,32,17,18,18,16,269,100,25,96
ABO,2012,11,28,10,-0.5,99.9,5.9,-0.5,4.35,-0.5,10.4,0.4,848.6,74,1.9,3.8,26,0,26,14,15,14,13,269,100,25,96
ABO,2012,11,28,11,-0.4,99.7,5.9,-0.4,4.36,-0.4,10.5,0.3,848,80,1.8,3.4,31,0,31,16,17,17,16,270,100,25,96
ABO,2012,11,28,12,-0.2,98.3,5.9,-0.4,4.36,-0.3,10.7,0.1,847.1,65,1.9,4.9,29,0,29,16,16,16,15,270,100,25,96
ABO,2012,11,28,13,-0.3,99.3,6,-0.4,4.44,-0.3,10.8,0.1,846.7,77,1.9,3.9,12,0,12,7,7,7,6,268,100,25,96
ABO,2012,11,28,14,-0.3,99.7,6,-0.3,4.44,-0.3,10.8,0,846.1,72,2,4.7,6,0,6,3,3,3,3,266,100,25,96
ABO,2012,11,28,15,-0.3,99,5.9,-0.4,4.37,-0.3,10.6,0,845.8,36,2.7,5.7,1,0,1,0,0,0,0,265,100,25,96
ABO,2012,11,28,16,-0.5,99.2,5.9,-0.6,4.37,-0.5,10.4,0.1,845.6,37,2.9,6.4,0,0,0,0,0,0,0,264,100,25,96
ABO,2012,11,28,17,-0.7,96.3,5.6,-1.2,4.15,-0.9,9.6,0,845.5,29,3.3,7.4,0,0,0,0,0,0,0,262,100,25,96
ABO,2012,11,28,18,-0.9,96.7,5.5,-1.4,4.07,-1.1,9.2,0.1,845.4,38,3.4,6.7,0,0,0,0,0,0,0,261,100,25,96
ABO,2012,11,28,19,-1.1,97.1,5.5,-1.5,4.08,-1.3,9,0.6,845,51,2.6,5.9,0,0,0,0,0,0,0,259,100,25,96
ABO,2012,11,28,20,-1.3,97.5,5.4,-1.6,4,-1.4,8.7,0.1,845.3,42,2.5,6.2,0,0,0,0,0,0,0,258,100,25,96
ABO,2012,11,28,21,-1.4,95.9,5.3,-2,3.92,-1.6,8.4,0.1,845.2,22,3,6.8,0,0,0,0,0,0,0,257,100,25,96
ABO,2012,11,28,22,-1.5,96.8,5.3,-1.9,3.92,-1.7,8.3,0.5,845.2,47,2.3,6,0,0,0,0,0,0,0,255,100,25,96
ABO,2012,11,28,23,-1.7,97.9,5.3,-2,3.92,-1.8,8.1,1.6,845.4,69,2,5.3,0,0,0,0,0,0,0,254,100,25,96
ABO,2012,11,29,0,-1.9,97.8,5.2,-2.2,3.85,-2,7.7,1.7,845.3,74,1.8,4.4,0,0,0,0,0,0,0,252,100,23,96
ABO,2012,11,29,1,-2,98.8,5.2,-2.2,3.85,-2.1,7.6,1.9,845.7,82,1.4,3,0,0,0,0,0,0,0,250,100,23,96
ABO,2012,11,29,2,-2.1,98.7,5.2,-2.3,3.85,-2.2,7.5,1.7,846,90,1.2,3,0,0,0,0,0,0,0,248,100,23,96
ABO,2012,11,29,3,-2.3,98.6,5.1,-2.5,3.77,-2.4,7.1,1.5,846.4,63,1.3,4,0,0,0,0,0,0,0,245,100,23,96
ABO,2012,11,29,4,-2.3,98,5.1,-2.6,3.77,-2.4,7.1,1,847.1,59,1.2,3.8,0,0,0,0,0,0,0,243,100,23,96
ABO,2012,11,29,5,-2.3,97.6,5.1,-2.6,3.77,-2.4,7.1,0.8,847.5,61,1.3,3.5,0,0,0,0,0,0,0,240,100,23,96
ABO,2012,11,29,6,-2.3,97.8,5,-2.6,3.69,-2.4,6.9,0.6,848.1,65,1.7,4.5,0,0,0,0,0,0,0,238,100,23,96
ABO,2012,11,29,7,-2.5,93.7,4.8,-3.4,3.54,-2.8,6.3,0.4,848.9,42,2.4,5.8,22,0,22,12,12,12,11,237,100,23,96
ABO,2012,11,29,8,-2.7,94.9,4.8,-3.4,3.53,-3,6.1,0.5,849.7,47,1.8,5.1,68,0,68,36,38,37,34,236,100,23,96
ABO,2012,11,29,9,-2.6,90.5,4.6,-3.9,3.38,-3.1,5.8,0.3,850.2,34,2.7,5.9,51,0,51,27,28,28,25,234,100,23,96
ABO,2012,11,29,10,-2.7,89.6,4.5,-4.2,3.31,-3.2,5.5,0.2,850.4,34,2.7,6.3,89,0,89,46,49,48,44,233,100,23,96
ABO,2012,11,29,11,-2.7,90.6,4.6,-4,3.38,-3.2,5.7,0.1,850.5,38,2.3,5.6,27,0,27,14,15,15,13,231,100,23,96
ABO,2012,11,29,12,-2.7,91.6,4.6,-3.9,3.38,-3.1,5.7,0.3,850.5,42,2.7,5.5,18,0,18,9,10,10,9,229,100,23,96
ABO,2012,11,29,13,-2.8,92.7,4.6,-3.8,3.38,-3.2,5.6,0.5,850.8,39,2.7,5.6,12,0,12,6,7,7,6,227,100,23,96
ABO,2012,11,29,14,-2.8,89.2,4.4,-4.3,3.23,-3.3,5.2,0.2,851.2,31,3.3,7.1,16,0,16,8,9,9,8,224,100,23,96
ABO,2012,11,29,15,-3.2,92.8,4.5,-4.2,3.3,-3.6,5,0.2,851.5,42,2.5,6.1,1,0,1,0,0,0,0,222,100,23,96
ABO,2012,11,29,16,-3.5,91.9,4.4,-4.6,3.23,-3.9,4.5,0.3,851.7,35,3.3,7.1,0,0,0,0,0,0,0,219,100,23,96
ABO,2012,11,29,17,-3.6,92.7,4.4,-4.6,3.23,-4,4.4,0,851.7,45,2.5,6.1,0,0,0,0,0,0,0,217,100,23,96
ABO,2012,11,29,18,-3.8,90.7,4.2,-5.1,3.08,-4.3,3.8,0,851.8,29,3.1,7.6,0,0,0,0,0,0,0,215,100,23,96
ABO,2012,11,29,19,-4,90.5,4.1,-5.3,3.01,-4.5,3.4,0,851.9,32,2.7,6.1,0,0,0,0,0,0,0,213,100,23,96
ABO,2012,11,29,20,-4.4,89.5,4,-5.9,2.93,-4.9,2.9,0,852.3,34,3.1,8.2,0,0,0,0,0,0,0,211,100,23,96
ABO,2012,11,29,21,-4.8,86.1,3.7,-6.8,2.71,-5.5,1.9,0,852.4,29,3.2,6.6,0,0,0,0,0,0,0,209,100,23,96
ABO,2012,11,29,22,-5.1,92,3.9,-6.2,2.86,-5.5,2,0,852.4,66,1.1,3.5,0,0,0,0,0,0,0,208,100,23,96
ABO,2012,11,29,23,-5.1,93.6,3.9,-6,2.86,-5.4,2,0,852.2,86,1.3,4.1,0,0,0,0,0,0,0,206,100,23,96
ABO,2012,11,30,0,-5.4,93,3.8,-6.4,2.79,-5.7,1.5,0,852.1,59,1.4,3.6,0,0,0,0,0,0,0,205,100,23,96
ABO,2012,11,30,1,-5.4,92,3.8,-6.5,2.79,-5.8,1.5,0,852.2,81,1.3,2.8,0,0,0,0,0,0,0,203,100,23,96
ABO,2012,11,30,2,-5.5,91.9,3.7,-6.6,2.71,-5.9,1.2,0,852,79,0.8,2.3,0,0,0,0,0,0,0,202,100,23,96
ABO,2012,11,30,3,-5.6,91.8,3.7,-6.7,2.71,-6,1.1,0,852.1,82,0.8,2,0,0,0,0,0,0,0,201,100,23,96
ABO,2012,11,30,4,-5.5,92.6,3.8,-6.5,2.79,-5.8,1.4,0,852.1,65,1.5,3.9,0,0,0,0,0,0,0,200,100,23,96
ABO,2012,11,30,5,-5.8,92,3.6,-6.9,2.64,-6.2,0.7,0,852.5,25,1.9,4.5,0,0,0,0,0,0,0,198,100,23,96
ABO,2012,11,30,6,-5.7,91.6,3.7,-6.8,2.71,-6.1,1,0,852.6,43,1.9,4.7,0,0,0,0,0,0,0,198,100,23,96
ABO,2012,11,30,7,-5.9,93.3,3.7,-6.8,2.71,-6.2,0.8,0,853,65,2.1,4.9,5,0,5,2,3,3,2,199,100,23,96
ABO,2012,11,30,8,-5.9,93.2,3.7,-6.8,2.71,-6.2,0.8,0,853.4,69,1.8,4.7,14,0,14,7,8,7,7,200,100,23,96
ABO,2012,11,30,9,-5.9,94.7,3.7,-6.6,2.71,-6.1,0.8,3.3,853.8,101,1.5,2.5,49,0,49,25,27,26,24,198,100,23,96
ABO,2012,11,30,10,-6,96.3,3.8,-6.5,2.78,-6.2,0.9,0,853.8,81,1.3,2.8,51,0,51,26,28,28,25,196,100,23,96
ABO,2012,11,30,11,-5.4,91.2,3.7,-6.6,2.71,-5.8,1.3,0,853.8,85,1.2,3.1,66,0,66,34,36,35,32,197,100,23,96
ABO,2012,11,30,12,-5.3,90.2,3.7,-6.6,2.71,-5.7,1.4,0,853.9,119,1,2.3,48,0,48,25,26,26,24,197,100,23,96
ABO,2012,11,30,13,-5.4,91.6,3.7,-6.5,2.71,-5.8,1.3,0,854.1,130,0.8,2.1,18,0,18,9,10,9,9,196,100,23,96
ABO,2012,11,30,14,-5.7,92.6,3.7,-6.7,2.71,-6,1,0,854.3,135,0.7,1.5,11,0,11,6,6,6,5,196,100,23,96
ABO,2012,11,30,15,-5.7,88.5,3.6,-7.3,2.63,-6.2,0.8,0,854.8,194,0.5,1.3,1,0,1,1,1,1,1,200,100,23,96
ABO,2012,11,30,16,-5.8,83,3.3,-8.2,2.43,-6.5,0.2,0,855.2,207,0.8,2.2,0,0,0,0,0,0,0,201,100,23,96
ABO,2012,11,30,17,-5.8,78.9,3.2,-8.9,2.31,-6.7,-0.1,0,855.5,202,0.6,1.9,0,0,0,0,0,0,0,200,100,23,96
ABO,2012,11,30,18,-5.8,77.5,3.1,-9.1,2.26,-6.8,-0.2,0,855.7,202,0.6,2,0,0,0,0,0,0,0,199,100,23,96
ABO,2012,11,30,19,-5.9,76.1,3,-9.4,2.2,-6.9,-0.4,0,856,201,0.9,2.4,0,0,0,0,0,0,0,197,100,23,96
ABO,2012,11,30,20,-5.6,75.2,3,-9.4,2.19,-6.8,-0.2,0,857.1,198,1,3.2,0,0,0,0,0,0,0,194,100,23,96
ABO,2012,11,30,21,-5,72,3,-9.4,2.18,-6.3,0.4,0,859.2,171,0.7,2.5,0,0,0,0,0,0,0,192,100,23,96
ABO,2012,11,30,22,-4.3,69.4,3,-9.4,2.18,-5.9,1,0,861.2,174,1,3.3,0,0,0,0,0,0,0,189,100,23,96
ABO,2012,11,30,23,-3.3,65,3,-9.3,2.18,-5.3,2.1,0,864.1,188,0.8,2.7,0,0,0,0,0,0,0,187,100,23,96
ABO,1994,12,1,0,-2.3,60.8,3,-9.3,2.18,-4.6,3.1,0,867,342,0.4,2,0,0,0,0,0,0,0,195,25,30,96
ABO,1994,12,1,1,-1.3,56.2,3,-9.3,2.18,-4,4.1,0,869.9,360,0.6,2.2,0,0,0,0,0,0,0,193,0,30,96
ABO,1994,12,1,2,-0.7,53.2,3,-9.3,2.17,-3.6,4.6,0,871.9,225,0.1,1.1,0,0,0,0,0,0,0,192,0,30,96
ABO,1994,12,1,3,-0.1,50,3,-9.3,2.16,-3.2,5.3,0,873.8,34,0.4,2,0,0,0,0,0,0,0,193,33,30,96
ABO,1994,12,1,4,0.1,48.3,3,-9.5,2.13,-3,5.4,0,874.8,270,0.2,1.6,0,0,0,0,0,0,0,193,45,30,96
ABO,1994,12,1,5,0.2,48.2,3,-9.5,2.13,-3,5.4,0,874.9,0,0.1,1,0,0,0,0,0,0,0,192,50,30,96
ABO,1994,12,1,6,0.1,48.4,3,-9.5,2.12,-3,5.4,0,874.9,270,0.2,1.4,0,0,0,0,0,0,0,191,20,30,96
ABO,1994,12,1,7,0.8,46.9,3,-9.2,2.16,-2.5,6.2,0,875.1,315,0.3,1.4,38,0,38,27,28,28,27,196,55,30,96
ABO,1994,12,1,8,1.5,46.4,3.1,-8.7,2.21,-2,7,0,875.2,270,0.2,1.5,68,0,68,59,59,59,58,200,75,30,96
ABO,1994,12,1,9,3.9,40.1,3.2,-8.4,2.28,-0.5,9.6,0,875.4,217,0.5,2.6,187,215,117,85,184,299,84,204,75,30,96
ABO,1994,12,1,10,5.3,43.7,3.9,-6,2.78,0.9,12.3,0,875.5,124,0.4,1.6,313,424,161,100,230,540,99,208,75,30,96
ABO,1994,12,1,11,5.5,44.6,4,-5.6,2.86,1.1,12.7,0,875.2,162,0.4,1.2,308,386,165,102,103,508,166,212,88,30,96
ABO,1994,12,1,12,6.7,34.8,3.4,-7.7,2.43,1.2,12.8,0,874.9,135,0.5,1.7,265,313,161,95,97,414,232,215,88,30,96
ABO,1994,12,1,13,6.2,44.9,4.3,-4.9,3.07,1.7,13.9,0,874.8,146,0.3,1.4,193,289,121,72,73,331,253,215,75,30,96
ABO,1994,12,1,14,4.7,50.4,4.3,-4.7,3.07,0.9,12.4,0,875.1,135,0.3,1.3,94,196,67,39,40,185,188,217,88,30,96
ABO,1994,12,1,15,3.8,51.6,4.2,-5.2,3,0.3,11.3,0,875.2,198,0.4,1.5,9,0,9,6,6,6,6,219,100,30,96
ABO,1994,12,1,16,3.3,48,3.7,-6.6,2.64,-0.4,9.9,0,875.3,270,0.1,0.9,0,0,0,0,0,0,0,220,100,30,96
ABO,1994,12,1,17,2.7,46,3.4,-7.7,2.43,-1,8.8,0,875.4,297,0.3,1.5,0,0,0,0,0,0,0,214,55,30,96
ABO,1994,12,1,18,1.9,47.4,3.3,-8.1,2.35,-1.6,7.8,0,875.6,225,0.1,0.9,0,0,0,0,0,0,0,219,88,30,96
ABO,1994,12,1,19,2.6,45.3,3.3,-8,2.35,-1.2,8.5,0,875.8,297,0.3,1.3,0,0,0,0,0,0,0,222,100,30,96
ABO,1994,12,1,20,3.2,46.2,3.6,-7.2,2.57,-0.6,9.6,0,875.7,270,0.1,0.9,0,0,0,0,0,0,0,223,100,30,96
ABO,1994,12,1,21,3.4,47.4,3.7,-6.7,2.64,-0.4,10,0,875.8,270,0.2,1.1,0,0,0,0,0,0,0,224,100,30,96
ABO,1994,12,1,22,3.3,50.1,3.9,-6.1,2.78,-0.3,10.3,0,876.1,297,0.3,1.4,0,0,0,0,0,0,0,224,100,30,96
ABO,1994,12,1,23,3.2,50.1,3.8,-6.2,2.71,-0.3,10,0,875.8,243,0.2,1,0,0,0,0,0,0,0,225,100,30,96
ABO,1994,12,2,0,2.7,52.7,3.9,-6,2.78,-0.6,9.7,0,875.8,315,0.1,1,0,0,0,0,0,0,0,225,100,31,96
ABO,1994,12,2,1,3,51.8,3.9,-5.9,2.78,-0.4,10,0,875.8,315,0.2,1.2,0,0,0,0,0,0,0,225,100,31,96
ABO,1994,12,2,2,3.1,51.7,3.9,-5.9,2.78,-0.3,10.1,0,875.7,315,0.2,1.1,0,0,0,0,0,0,0,222,88,31,96
ABO,1994,12,2,3,3,52.2,4,-5.8,2.85,-0.3,10.1,0,875.7,270,0.3,1.4,0,0,0,0,0,0,0,224,100,31,96
ABO,1994,12,2,4,3,54,4.1,-5.4,2.93,-0.2,10.3,0,875.4,360,0.1,1.2,0,0,0,0,0,0,0,223,100,31,96
ABO,1994,12,2,5,3.3,52.5,4.1,-5.5,2.93,-0.1,10.6,0,875.7,333,0.3,1.5,0,0,0,0,0,0,0,222,100,31,96
ABO,1994,12,2,6,3.1,53.2,4.1,-5.5,2.92,-0.2,10.4,0,876.3,45,0.4,1.9,0,0,0,0,0,0,0,219,75,31,96
ABO,1994,12,2,7,2.5,54.8,4,-5.7,2.85,-0.6,9.6,0,876.4,252,0.5,1.9,27,0,27,24,24,24,24,215,33,31,96
ABO,1994,12,2,8,2.5,55.7,4.1,-5.4,2.92,-0.5,9.8,0,876.7,270,0.3,1.5,65,0,65,57,58,58,57,215,20,31,96
ABO,1994,12,2,9,4.1,50.5,4.1,-5.2,2.92,0.5,11.4,0,876.8,189,0.7,3,166,83,139,82,123,167,79,220,33,31,96
ABO,1994,12,2,10,7.2,43.7,4.4,-4.3,3.14,2.4,15.1,0,876.8,180,1.1,2.8,197,78,170,98,127,183,95,223,40,31,96
ABO,1994,12,2,11,8.1,37.7,4.1,-5.5,2.92,2.5,15.5,0,876.7,119,1.3,3.3,287,313,173,105,106,437,175,227,45,31,96
ABO,1994,12,2,12,7.7,38.6,4.1,-5.5,2.92,2.3,15.1,0,876.8,62,1.9,3.8,206,127,164,95,98,228,148,228,45,31,96
ABO,1994,12,2,13,7,41.9,4.2,-5.1,2.99,2.1,14.5,0,877,62,2.4,5.3,196,313,118,72,72,352,266,223,20,31,96
ABO,1994,12,2,14,5.3,49.9,4.5,-4.3,3.21,1.4,13.4,0,877.5,105,1.1,3.8,105,310,63,39,39,266,273,222,25,31,96
ABO,1994,12,2,15,3.4,59.7,4.7,-3.7,3.35,0.5,11.8,0,877.6,243,0.4,1.4,7,0,7,4,4,4,4,220,25,31,96
ABO,1994,12,2,16,2.3,64,4.6,-3.8,3.28,-0.1,10.5,0,877.7,270,0.3,1.5,0,0,0,0,0,0,0,218,25,31,96
ABO,1994,12,2,17,1.6,66.1,4.5,-4,3.2,-0.6,9.6,0,877.9,270,0.2,1.3,0,0,0,0,0,0,0,217,25,31,96
ABO,1994,12,2,18,1.9,65.8,4.6,-3.8,3.28,-0.3,10.1,0,877.8,270,0.2,1,0,0,0,0,0,0,0,215,25,31,96
ABO,1994,12,2,19,1.4,68.1,4.6,-3.8,3.28,-0.6,9.6,0,878.1,270,0.2,1.1,0,0,0,0,0,0,0,213,20,31,96
ABO,1994,12,2,20,1.6,65.8,4.5,-4.1,3.2,-0.6,9.6,0,878.1,297,0.3,1.2,0,0,0,0,0,0,0,209,0,31,96
ABO,1994,12,2,21,1.4,66.3,4.5,-4.2,3.2,-0.8,9.4,0,878.3,270,0.1,1.3,0,0,0,0,0,0,0,208,0,31,96
ABO,1994,12,2,22,1.4,66.2,4.5,-4.2,3.2,-0.8,9.4,0,878.6,288,0.4,1.6,0,0,0,0,0,0,0,209,13,31,96
ABO,1994,12,2,23,1.2,67.1,4.5,-4.2,3.2,-0.9,9.2,0,878.6,270,0.2,1.9,0,0,0,0,0,0,0,215,55,31,96
ABO,1994,12,3,0,1.7,64.4,4.4,-4.3,3.13,-0.6,9.5,0,878.6,270,0.4,1.9,0,0,0,0,0,0,0,207,13,36,96
ABO,1994,12,3,1,1.2,65.1,4.3,-4.6,3.06,-1,8.8,0,878.6,288,0.3,1.4,0,0,0,0,0,0,0,206,0,36,96
ABO,1994,12,3,2,0.9,65.3,4.3,-4.9,3.06,-1.3,8.5,0,878.2,270,0.3,1.3,0,0,0,0,0,0,0,208,13,36,96
ABO,1994,12,3,3,1.2,63.5,4.2,-4.9,2.99,-1.1,8.7,0,878,297,0.3,1.3,0,0,0,0,0,0,0,213,33,36,96
ABO,1994,12,3,4,1.2,62.5,4.2,-5.2,2.99,-1.2,8.7,0,877.7,270,0.4,1.4,0,0,0,0,0,0,0,209,13,36,96
ABO,1994,12,3,5,1,62.7,4.1,-5.3,2.92,-1.4,8.3,0,877.7,288,0.3,1.2,0,0,0,0,0,0,0,208,0,36,96
ABO,1994,12,3,6,1.1,61.2,4,-5.5,2.85,-1.4,8.2,0,877.4,315,0.2,2.2,0,0,0,0,0,0,0,211,13,36,96
ABO,1994,12,3,7,1.5,58.2,4,-5.8,2.85,-1.2,8.6,0,878.1,326,0.7,2.9,34,0,34,28,28,28,28,219,33,36,96
ABO,1994,12,3,8,2.3,56.1,4.1,-5.5,2.92,-0.7,9.6,0,878.2,270,0.4,2.6,67,0,67,62,63,63,62,222,25,36,96
ABO,1994,12,3,9,3.7,52.3,4.2,-5.2,2.99,0.2,11.2,0,878.4,231,0.6,2.4,184,176,128,93,175,269,92,226,25,36,96
ABO,1994,12,3,10,6.5,44.8,4.3,-4.6,3.06,1.9,14.2,0,877.7,164,0.7,2.2,341,602,127,102,258,712,104,228,13,36,96
ABO,1994,12,3,11,8.1,35.3,3.8,-6.3,2.71,2.3,14.9,0,877.5,107,1.1,3.1,315,429,159,111,110,562,191,237,33,36,96
ABO,1994,12,3,12,7.7,39.1,4.1,-5.3,2.92,2.4,15.1,0,877.1,90,1.6,3.4,288,460,135,98,97,556,276,245,58,36,96
ABO,1994,12,3,13,7,40.6,4,-5.5,2.85,1.9,14.2,0,877.1,79,1,3.1,207,389,110,75,76,423,314,241,45,36,96
ABO,1994,12,3,14,6,45.1,4.2,-5,2.99,1.6,13.5,0,877.2,124,1,3.3,103,288,66,43,43,253,263,240,50,36,96
ABO,1994,12,3,15,4.2,53.5,4.4,-4.4,3.14,0.8,12.1,0,877.2,297,0.4,1.3,8,0,8,6,6,6,6,234,30,36,96
ABO,1994,12,3,16,2.8,57.3,4.3,-4.8,3.06,-0.1,10.5,0,877.6,270,0.2,1.3,0,0,0,0,0,0,0,231,25,36,96
ABO,1994,12,3,17,2.6,54.9,4,-5.5,2.85,-0.5,9.7,0,877.7,239,0.7,3.1,0,0,0,0,0,0,0,231,33,36,96
ABO,1994,12,3,18,4.2,48.6,4,-5.7,2.85,0.4,11.3,0,877.5,240,2.1,5.8,0,0,0,0,0,0,0,239,70,36,96
ABO,1994,12,3,19,5.4,46.3,4.1,-5.2,2.92,1.2,12.7,0,878.2,251,2.2,6.6,0,0,0,0,0,0,0,247,100,36,96
ABO,1994,12,3,20,6.2,45.7,4.3,-4.6,3.06,1.8,13.9,0,878.3,253,2.2,5.2,0,0,0,0,0,0,0,244,88,36,96
ABO,1994,12,3,21,6,47.5,4.4,-4.3,3.13,1.8,13.9,0,877.6,239,2.8,6,0,0,0,0,0,0,0,244,88,36,96
ABO,1994,12,3,22,5.8,48.7,4.5,-4.2,3.2,1.7,13.9,0,878.2,234,2.3,5.8,0,0,0,0,0,0,0,237,58,36,96
ABO,1994,12,3,23,5.9,51.4,4.8,-3.3,3.42,2,14.5,0,877.9,247,2.1,5.3,0,0,0,0,0,0,0,242,80,36,96
ABO,1994,12,4,0,6.4,50.4,4.8,-3.1,3.42,2.4,15,0,878.1,236,2.3,6.2,0,0,0,0,0,0,0,248,100,37,96
ABO,1994,12,4,1,7.2,49.4,5,-2.7,3.56,2.9,16.2,0,878,242,2.1,5.8,0,0,0,0,0,0,0,251,100,37,96
ABO,1994,12,4,2,7.3,49.7,5.1,-2.5,3.63,3,16.5,0,878.1,250,2.1,5.5,0,0,0,0,0,0,0,254,100,37,96
ABO,1994,12,4,3,7.5,50.3,5.2,-2.2,3.71,3.2,16.8,0,877.9,234,2.7,5.7,0,0,0,0,0,0,0,257,100,37,96
ABO,1994,12,4,4,7.5,49.9,5.2,-2.3,3.71,3.2,16.9,0,877.4,231,2.3,5.2,0,0,0,0,0,0,0,261,100,37,96
ABO,1994,12,4,5,6.8,53.7,5.3,-1.9,3.78,3,16.3,0,877.6,230,1.2,4.7,0,0,0,0,0,0,0,264,100,37,96
ABO,1994,12,4,6,6.7,55.7,5.4,-1.5,3.85,3.1,16.4,0,877.8,270,0.5,2.9,0,0,0,0,0,0,0,267,100,37,96
ABO,1994,12,4,7,7.8,52.6,5.6,-1.3,3.99,3.7,17.9,0,877.8,236,2.5,6.7,12,0,12,7,7,7,7,271,100,37,96
ABO,1994,12,4,8,6.4,60,5.8,-0.8,4.14,3.2,16.8,0,877.8,360,0.8,2.7,71,0,71,46,47,47,44,276,100,37,96
ABO,1994,12,4,9,6.8,57,5.6,-1.1,3.99,3.3,16.9,0,878,180,0.5,3.1,158,122,119,75,134,199,74,280,100,37,96
ABO,1994,12,4,10,7.3,57.3,5.9,-0.6,4.21,3.7,17.9,0,877.7,63,0.5,1.9,69,0,69,42,44,44,41,284,100,37,96
ABO,1994,12,4,11,7.4,54.1,5.6,-1.3,4,3.5,17.5,0,877.3,135,0.3,1.7,34,0,34,21,22,21,20,289,100,37,96
ABO,1994,12,4,12,8.7,54.4,6.1,0,4.36,4.6,19.7,0,876.9,188,1,7.6,83,0,83,50,52,52,49,292,100,37,96
ABO,1994,12,4,13,6.7,66.7,6.6,1,4.72,4,18.6,0.2,877.1,252,0.3,2.2,29,0,29,18,18,18,17,291,100,37,96
ABO,1994,12,4,14,7.9,72.5,7.7,3.3,5.51,5.6,21.8,0.6,877.1,222,1.7,8.6,24,0,24,15,15,15,14,291,100,37,96
ABO,1994,12,4,15,8.5,66.7,7.4,2.7,5.29,5.6,21.9,0,876.8,265,1.2,5,7,0,7,5,5,5,5,291,100,37,96
ABO,1994,12,4,16,8.4,66.3,7.3,2.5,5.23,5.5,21.6,0,876.3,247,1.5,6.4,0,0,0,0,0,0,0,290,100,37,96
ABO,1994,12,4,17,6.7,78.5,7.7,3.2,5.52,5,20.6,0,876.1,297,0.9,3.5,0,0,0,0,0,0,0,285,88,37,96
ABO,1994,12,4,18,6.2,78.5,7.5,2.7,5.37,4.5,19.7,0,876.5,45,0.7,4.2,0,0,0,0,0,0,0,279,75,37,96
ABO,1994,12,4,19,6.2,76.2,7.2,2.3,5.16,4.3,19.2,0,875.5,231,0.7,2.1,0,0,0,0,0,0,0,261,38,37,96
ABO,1994,12,4,20,7.2,68.7,7,1.8,5.02,4.6,19.8,0,874.9,238,1,3.7,0,0,0,0,0,0,0,267,58,37,96
ABO,1994,12,4,21,6.4,71.3,6.9,1.6,4.95,4.1,18.8,0,874.6,90,0.8,3.2,0,0,0,0,0,0,0,281,100,37,96
ABO,1994,12,4,22,5.9,75.9,7,2,5.02,4,18.5,0,874.5,239,0.8,1.8,0,0,0,0,0,0,0,278,100,37,96
ABO,1994,12,4,23,5.8,76.5,7,2,5.02,4,18.4,0,873.7,270,0.2,1.9,0,0,0,0,0,0,0,276,100,37,96
ABO,1994,12,5,0,5.6,77,7,1.9,5.03,3.9,18.2,0,872.5,243,0.5,1.8,0,0,0,0,0,0,0,274,100,37,96
ABO,1994,12,5,1,5.6,76.5,6.9,1.8,4.96,3.8,18.1,0,872.1,270,0.3,2,0,0,0,0,0,0,0,275,100,37,96
ABO,1994,12,5,2,6,74.3,7,1.8,5.04,4,18.7,0,871.3,288,0.4,1.8,0,0,0,0,0,0,0,276,100,37,96
ABO,1994,12,5,3,5.9,75.1,7,1.8,5.04,4,18.6,0,871.3,315,0.4,2.9,0,0,0,0,0,0,0,276,100,37,96
ABO,1994,12,5,4,10.7,49.8,6.4,0.7,4.6,5.9,22.4,0,871.2,221,5.8,17.4,0,0,0,0,0,0,0,277,100,37,96
ABO,1994,12,5,5,10.9,48,6.3,0.3,4.53,5.8,22.4,0,871.6,219,5.3,13.5,0,0,0,0,0,0,0,277,100,37,96
ABO,1994,12,5,6,9.3,55.3,6.5,0.8,4.68,5.2,21.1,0,871,210,5.7,11.2,0,0,0,0,0,0,0,279,100,37,96
ABO,1994,12,5,7,9.5,54.6,6.5,0.8,4.68,5.3,21.3,0,871.2,227,4.1,9.1,28,0,28,23,23,23,23,281,100,37,96
ABO,1994,12,5,8,9.1,58.9,6.8,1.5,4.89,5.4,21.4,0,872.2,203,4.5,9.5,15,0,15,9,10,9,9,284,100,37,96
ABO,1994,12,5,9,7.2,72.7,7.4,2.6,5.32,5,20.6,2.3,873.4,202,3.7,9.4,51,0,51,31,32,32,30,286,100,37,96
ABO,1994,12,5,10,6,76.6,7.2,2.2,5.17,4.2,19,2,873.3,201,4.3,9.8,33,0,33,20,21,20,19,289,100,37,96
ABO,1994,12,5,11,6.1,75.5,7.1,2.1,5.1,4.2,18.9,1.1,872.8,218,4,8.3,61,0,61,37,39,38,36,291,100,37,96
ABO,1994,12,5,12,6.9,74.9,7.5,2.8,5.39,4.9,20.5,0,872.7,236,3.3,7.4,28,0,28,17,18,18,17,292,100,37,96
ABO,1994,12,5,13,5.6,90.9,8.3,4.2,5.97,4.9,20.6,0.2,873.1,34,2.5,6.6,20,0,20,12,12,12,12,288,100,37,96
ABO,1994,12,5,14,5.1,94.6,8.3,4.3,5.97,4.7,20.1,1.4,873.3,47,2.1,5.6,23,3,22,14,14,16,16,283,100,37,96
ABO,1994,12,5,15,4.8,93.9,8.1,3.9,5.82,4.4,19.4,0.8,873.1,63,0.5,2.4,2,0,2,1,1,1,1,274,88,37,96
ABO,1994,12,5,16,4.8,92.3,7.9,3.7,5.68,4.3,19.1,0.1,873.2,180,0.1,1,0,0,0,0,0,0,0,266,75,37,96
ABO,1994,12,5,17,4.9,91.3,7.9,3.6,5.68,4.3,19.2,0.1,873.3,225,0.6,5.8,0,0,0,0,0,0,0,254,45,37,96
ABO,1994,12,5,18,5.2,81.3,7.2,2.3,5.17,3.8,18.2,0,873.3,249,2.4,6.9,0,0,0,0,0,0,0,245,25,37,96
ABO,1994,12,5,19,5.2,76.8,6.8,1.5,4.88,3.5,17.5,0,873.7,253,2.9,6.5,0,0,0,0,0,0,0,243,25,37,96
ABO,1994,12,5,20,4.3,76.8,6.4,0.6,4.59,2.6,15.8,0,873.3,257,2.7,5.5,0,0,0,0,0,0,0,244,33,37,96
ABO,1994,12,5,21,3.5,71.8,5.6,-1.1,4.01,1.5,13.6,0,873.2,247,3.3,7,0,0,0,0,0,0,0,240,25,37,96
ABO,1994,12,5,22,5.1,61.2,5.4,-1.7,3.87,2.2,14.8,0,873.2,246,4,6.8,0,0,0,0,0,0,0,231,0,37,96
ABO,1994,12,5,23,5.7,57.7,5.3,-2,3.8,2.4,15.3,0,872.9,250,3.4,6.9,0,0,0,0,0,0,0,248,68,37,96
ABO,1994,12,6,0,5.8,62.2,5.7,-0.9,4.09,2.8,16.1,0,873.4,226,3.3,7.5,0,0,0,0,0,0,0,255,100,36,96
ABO,1994,12,6,1,4.8,73,6.3,0.4,4.52,2.8,16.1,1,874.1,231,3.5,7.1,0,0,0,0,0,0,0,250,88,36,96
ABO,1994,12,6,2,4.5,76.2,6.4,0.7,4.59,2.8,16,0.2,873.7,235,4.2,8.8,0,0,0,0,0,0,0,242,58,36,96
ABO,1994,12,6,3,5.6,69,6.3,0.4,4.52,3.2,17,0,873.9,214,4.4,9.5,0,0,0,0,0,0,0,252,100,36,96
ABO,1994,12,6,4,5.4,68,6.1,0,4.37,3,16.4,0,873.9,225,4.2,9.7,0,0,0,0,0,0,0,242,68,36,96
ABO,1994,12,6,5,6.2,60.9,5.8,-0.8,4.15,3.1,16.7,0,874.1,212,4.1,12.4,0,0,0,0,0,0,0,240,63,36,96
ABO,1994,12,6,6,5.7,64.3,5.9,-0.5,4.22,2.9,16.3,0.3,875,202,4.6,10.7,0,0,0,0,0,0,0,243,75,36,96
ABO,1994,12,6,7,3.7,88.4,7,2,5.01,2.9,16.3,0.8,876.1,32,1.6,6.1,29,0,29,19,20,20,19,244,80,36,96
ABO,1994,12,6,8,3,92.8,7,2,5.01,2.5,15.5,0.3,876.8,45,2.5,5.4,20,0,20,12,13,12,12,248,100,36,96
ABO,1994,12,6,9,2.5,91.1,6.7,1.2,4.79,1.9,14.5,0.4,877.1,38,2.4,4.7,24,0,24,14,15,15,14,248,100,36,96
ABO,1994,12,6,10,2,91,6.4,0.7,4.57,1.4,13.4,0.4,877.6,40,2.5,6,37,0,37,22,23,23,21,247,100,36,96
ABO,1994,12,6,11,1.4,90.9,6.1,0.1,4.35,0.8,12.3,0.1,877.6,80,1.2,4,31,0,31,19,20,20,18,247,100,36,96
ABO,1994,12,6,12,1.8,90.2,6.3,0.4,4.5,1.2,13.1,0,877.2,77,0.9,2.5,53,0,53,32,33,33,31,245,100,36,96
ABO,1994,12,6,13,1.7,91.5,6.3,0.5,4.5,1.2,13,0,877.2,63,0.9,2.4,76,20,71,43,45,64,54,239,88,36,96
ABO,1994,12,6,14,1.8,91.1,6.3,0.5,4.5,1.2,13.1,0,876.7,56,1.1,2.6,62,110,43,28,28,116,107,238,100,36,96
ABO,1994,12,6,15,1.6,91.7,6.3,0.4,4.5,1.1,12.9,0,877.2,45,0.9,2.9,1,0,1,1,1,1,1,235,100,36,96
ABO,1994,12,6,16,1.3,91,6.1,0,4.36,0.7,12.2,0,877.3,79,0.6,1.9,0,0,0,0,0,0,0,231,100,36,96
ABO,1994,12,6,17,1.2,90.2,6,-0.2,4.28,0.6,11.9,0,877.6,162,0.3,1.3,0,0,0,0,0,0,0,225,80,36,96
ABO,1994,12,6,18,1.3,89.1,6,-0.3,4.28,0.6,12,0,877.7,153,0.3,1.1,0,0,0,0,0,0,0,216,50,36,96
ABO,1994,12,6,19,0.9,87.3,5.7,-1,4.07,0.1,11.1,0,877.2,216,1,4,0,0,0,0,0,0,0,209,33,36,96
ABO,1994,12,6,20,-0.1,83.7,5.1,-2.5,3.64,-1.1,9,0,876.7,215,1.3,3.2,0,0,0,0,0,0,0,205,40,36,96
ABO,1994,12,6,21,-1.1,87.8,5,-2.9,3.57,-1.8,7.8,0,875.8,0,0.4,2.8,0,0,0,0,0,0,0,201,45,36,96
ABO,1994,12,6,22,-2.1,85.3,4.5,-4.2,3.21,-2.9,5.9,0,875.5,315,0.2,1.4,0,0,0,0,0,0,0,196,50,36,96
ABO,1994,12,6,23,-2.7,83.9,4.2,-5,3,-3.5,4.7,0,874.9,270,0.1,1.1,0,0,0,0,0,0,0,192,60,36,96
ABO,1994,12,7,0,-3.1,78.5,3.8,-6.3,2.72,-4.2,3.6,0,874.2,315,0.3,1.6,0,0,0,0,0,0,0,184,13,35,96
ABO,1994,12,7,1,-2.7,68,3.4,-7.8,2.43,-4.4,3.3,0,874,270,0.1,1.3,0,0,0,0,0,0,0,185,33,35,96
ABO,1994,12,7,2,-2.6,60.5,3.1,-9.2,2.22,-4.7,2.9,0,872.8,288,0.3,1.4,0,0,0,0,0,0,0,185,33,35,96
ABO,1994,12,7,3,-1.5,49.6,2.7,-10.7,1.93,-4.3,3.3,0,872.3,297,0.3,2.2,0,0,0,0,0,0,0,185,38,35,96
ABO,1994,12,7,4,-1.1,46.3,2.6,-11.2,1.86,-4.2,3.5,0,872.1,360,0.4,1.6,0,0,0,0,0,0,0,182,13,35,96
ABO,1994,12,7,5,-1.1,46,2.6,-11.2,1.86,-4.2,3.5,0,871.9,270,0.3,1.8,0,0,0,0,0,0,0,184,50,35,96
ABO,1994,12,7,6,-1,45.7,2.6,-11.2,1.86,-4.1,3.6,0,871.7,270,0.3,1.6,0,0,0,0,0,0,0,186,68,35,96
ABO,1994,12,7,7,-0.8,45.8,2.7,-11,1.93,-4,4,0,871.8,243,0.5,3.1,24,0,24,17,17,17,17,191,75,35,96
ABO,1994,12,7,8,0.5,42.8,2.7,-10.7,1.93,-3.1,5.3,0,871.3,225,0.6,2,70,0,70,44,45,45,42,197,88,35,96
ABO,1994,12,7,9,2.1,44.6,3.2,-8.7,2.29,-1.7,7.8,0,871.3,360,0.3,1.7,150,92,122,75,121,169,73,204,100,35,96
ABO,1994,12,7,10,4.2,42.4,3.5,-7.4,2.51,-0.1,10.5,0,870.5,225,0.6,2,227,149,176,109,161,269,106,209,100,35,96
ABO,1994,12,7,11,4.9,42.9,3.7,-6.6,2.66,0.5,11.6,0,870.2,198,0.4,1.5,167,32,156,95,98,130,99,215,100,35,96
ABO,1994,12,7,12,5.1,45.4,4,-5.7,2.87,0.9,12.3,0,869.8,180,0.1,0.9,153,49,136,83,85,136,99,220,100,35,96
ABO,1994,12,7,13,5.3,42.3,3.8,-6.5,2.73,0.7,12.2,0,869.5,207,0.3,1.3,66,7,65,39,40,47,41,221,100,35,96
ABO,1994,12,7,14,5.4,39,3.5,-7.4,2.51,0.6,11.7,0,869.2,243,0.3,1.4,46,167,28,18,18,136,147,220,88,35,96
ABO,1994,12,7,15,4.2,42.1,3.5,-7.5,2.51,-0.1,10.5,0,869.3,315,0.4,2.3,1,0,1,1,1,1,1,221,88,35,96
ABO,1994,12,7,16,3.6,39.9,3.2,-8.8,2.3,-0.8,9.4,0,869.5,360,0.6,2,0,0,0,0,0,0,0,221,88,35,96
ABO,1994,12,7,17,2.8,43,3.2,-8.5,2.3,-1.2,8.5,0,869.8,27,0.2,1.2,0,0,0,0,0,0,0,222,88,35,96
ABO,1994,12,7,18,1.8,46.3,3.2,-8.5,2.29,-1.8,7.5,0,871.1,270,0.4,2.8,0,0,0,0,0,0,0,225,100,35,96
ABO,1994,12,7,19,3.3,39.8,3.1,-9.1,2.22,-1.1,8.9,0,871,227,2.3,6.8,0,0,0,0,0,0,0,225,88,35,96
ABO,1994,12,7,20,4.5,37,3.1,-8.9,2.22,-0.3,10.1,0,870.6,238,3.7,8.1,0,0,0,0,0,0,0,230,100,35,96
ABO,1994,12,7,21,4.6,40.4,3.4,-7.7,2.44,0,10.7,0,870.5,249,2.6,6.3,0,0,0,0,0,0,0,232,100,35,96
ABO,1994,12,7,22,3.2,47.4,3.7,-6.9,2.65,-0.5,9.8,0,871,243,0.7,4.1,0,0,0,0,0,0,0,234,100,35,96
ABO,1994,12,7,23,2.3,50.9,3.7,-6.8,2.65,-1,8.9,0,872.1,51,2.2,8.2,0,0,0,0,0,0,0,233,88,35,96
ABO,1994,12,8,0,0.2,73.2,4.5,-4,3.22,-1.4,8.2,0,872.8,54,1.5,6.4,0,0,0,0,0,0,0,234,88,36,96
ABO,1994,12,8,1,-0.3,78.4,4.7,-3.6,3.37,-1.6,8.1,0,872.4,270,0.3,1.5,0,0,0,0,0,0,0,235,100,36,96
ABO,1994,12,8,2,0.2,76.8,4.7,-3.4,3.37,-1.2,8.6,0,872.4,214,0.4,1.3,0,0,0,0,0,0,0,232,100,36,96
ABO,1994,12,8,3,0,82.5,5,-2.6,3.59,-1,8.9,0.2,872,90,0.2,1.6,0,0,0,0,0,0,0,228,88,36,96
ABO,1994,12,8,4,-0.3,83.3,5,-2.8,3.59,-1.3,8.6,0.1,871.6,225,0.4,1.6,0,0,0,0,0,0,0,212,20,36,96
ABO,1994,12,8,5,-0.5,84.3,5,-2.8,3.59,-1.4,8.4,0,871.6,225,0.4,2.1,0,0,0,0,0,0,0,207,0,36,96
ABO,1994,12,8,6,-0.8,86.2,5,-2.8,3.59,-1.6,8.1,0,871.3,270,0.2,1.5,0,0,0,0,0,0,0,209,13,36,96
ABO,1994,12,8,7,-1.2,85.4,4.8,-3.3,3.45,-2,7.4,0,871.1,207,0.4,1.6,4,0,4,3,3,3,2,224,80,36,96
ABO,1994,12,8,8,-0.8,84.7,4.9,-3,3.52,-1.7,8,0,871.3,214,0.4,1.7,72,0,72,44,45,45,43,227,80,36,96
ABO,1994,12,8,9,0.2,82,5.1,-2.5,3.66,-0.9,9.3,0,871.4,211,0.6,1.9,94,0,94,57,59,59,55,234,100,36,96
ABO,1994,12,8,10,2.8,76.2,5.7,-1,4.1,1.2,13.1,0,870.2,135,0.7,2.9,122,53,103,64,79,121,62,237,100,36,96
ABO,1994,12,8,11,4.1,71.7,5.9,-0.5,4.24,2.1,14.7,0,870.7,105,1.3,4.2,242,181,178,111,113,308,145,240,100,36,96
ABO,1994,12,8,12,4.1,71.2,5.8,-0.6,4.17,2,14.6,0,870,86,1.6,4.5,222,193,160,100,102,300,181,243,100,36,96
ABO,1994,12,8,13,4,71.1,5.8,-0.8,4.18,1.9,14.5,0,869.7,129,0.8,2.3,97,15,93,56,58,71,62,243,100,36,96
ABO,1994,12,8,14,3.7,74.3,5.9,-0.4,4.25,1.9,14.4,0,869.7,68,0.7,2.4,26,0,26,16,16,17,16,243,100,36,96
ABO,1994,12,8,15,2.7,79.3,5.9,-0.5,4.24,1.3,13.3,0,870.6,56,0.5,1.9,13,0,13,9,9,9,9,241,88,36,96
ABO,1994,12,8,16,2,78,5.4,-1.4,3.88,0.6,11.7,0,870.8,243,0.5,5.5,0,0,0,0,0,0,0,244,100,36,96
ABO,1994,12,8,17,4.8,47.9,4.1,-5.3,2.94,0.8,12.2,0,870.7,248,3.2,6.1,0,0,0,0,0,0,0,244,100,36,96
ABO,1994,12,8,18,6.5,36.8,3.6,-7.2,2.59,1.2,13,0,869.7,249,3.7,8.4,0,0,0,0,0,0,0,241,88,36,96
ABO,1994,12,8,19,7,35.6,3.5,-7.2,2.51,1.5,13.3,0,869.7,258,3.5,7.2,0,0,0,0,0,0,0,242,100,36,96
ABO,1994,12,8,20,4.9,43.3,3.7,-6.5,2.66,0.5,11.6,0,869.6,238,3,6.8,0,0,0,0,0,0,0,238,88,36,96
ABO,1994,12,8,21,5.7,38.2,3.5,-7.4,2.51,0.7,12,0,869.4,238,2.8,6.1,0,0,0,0,0,0,0,224,33,36,96
ABO,1994,12,8,22,5.8,37.2,3.4,-7.7,2.44,0.7,11.9,0,869.5,245,1.9,5.4,0,0,0,0,0,0,0,227,55,36,96
ABO,1994,12,8,23,5.7,37.3,3.4,-7.7,2.44,0.6,11.8,0,869.4,270,0.9,5.1,0,0,0,0,0,0,0,233,88,36,96
ABO,1994,12,9,0,6.5,35.9,3.5,-7.5,2.51,1.1,12.8,0,869.4,191,2.7,9.1,0,0,0,0,0,0,0,236,100,36,96
ABO,1994,12,9,1,6.5,36.4,3.5,-7.3,2.51,1.2,12.8,0,869.7,198,5.1,10.6,0,0,0,0,0,0,0,241,100,36,96
ABO,1994,12,9,2,6.8,37.4,3.7,-6.7,2.66,1.5,13.5,0,869.8,234,5.7,10.4,0,0,0,0,0,0,0,246,100,36,96
ABO,1994,12,9,3,6.6,42.3,4.1,-5.3,2.95,1.8,14,0,870,226,4.7,8.8,0,0,0,0,0,0,0,251,100,36,96
ABO,1994,12,9,4,5.9,55.4,5.1,-2.3,3.67,2.4,15.1,0.2,870.2,208,4.7,11.3,0,0,0,0,0,0,0,257,100,36,96
ABO,1994,12,9,5,5.3,67.3,6,-0.3,4.32,2.8,16.2,1.8,870.2,208,5.1,12.3,0,0,0,0,0,0,0,263,100,36,96
ABO,1994,12,9,6,4.9,74.7,6.5,0.8,4.68,3,16.7,1.8,870.4,212,3.6,8.5,0,0,0,0,0,0,0,268,100,36,96
ABO,1994,12,9,7,4.7,78.2,6.7,1.2,4.83,3.1,16.8,1.3,870.1,203,3.6,8.1,4,0,4,3,3,3,3,271,100,36,96
ABO,1994,12,9,8,5.2,77.1,6.8,1.5,4.9,3.5,17.5,1.3,870.1,189,4.6,9.9,13,0,13,8,8,8,8,274,100,36,96
ABO,1994,12,9,9,5.4,77.3,6.9,1.8,4.97,3.7,17.9,0.2,870.3,183,3.9,9.8,62,0,62,38,39,39,36,277,100,36,96
ABO,1994,12,9,10,5.5,75.5,6.8,1.5,4.9,3.6,17.8,0.1,870.1,173,5.1,12.8,34,0,34,21,21,21,20,280,100,36,96
ABO,1994,12,9,11,5.5,77.1,6.9,1.8,4.97,3.8,18,0.5,869.6,181,4.2,9.4,38,0,38,23,24,24,22,283,100,36,96
ABO,1994,12,9,12,5.8,75.3,7,1.8,5.05,3.9,18.5,0.1,868.6,182,3.4,7.9,31,0,31,19,20,19,18,285,100,36,96
ABO,1994,12,9,13,5.3,79.1,7.1,2,5.13,3.7,18.2,0.6,868.2,240,2,4.4,18,0,18,11,11,11,10,286,100,36,96
ABO,1994,12,9,14,4.9,89.4,7.8,3.3,5.64,4.1,19.1,0.6,867.4,90,0.1,1.5,9,0,9,5,5,5,5,287,100,36,96
ABO,1994,12,9,15,4.7,90.7,7.8,3.3,5.65,4,18.9,0.2,866.9,180,0.2,1,1,0,1,1,1,1,1,288,100,36,96
ABO,1994,12,9,16,4.7,91.2,7.8,3.4,5.65,4.1,18.9,0.7,866.3,225,0.8,5.2,0,0,0,0,0,0,0,289,100,36,96
ABO,1994,12,9,17,5.7,79,7.2,2.3,5.22,4.1,18.8,2.6,865.9,241,4.6,7.6,0,0,0,0,0,0,0,290,100,36,96
ABO,1994,12,9,18,5.8,80.6,7.4,2.7,5.36,4.3,19.3,3.4,865.8,242,4.5,7.3,0,0,0,0,0,0,0,290,100,36,96
ABO,1994,12,9,19,5.9,79.6,7.4,2.6,5.36,4.3,19.4,3.4,865.7,248,4.6,8.2,0,0,0,0,0,0,0,290,100,36,96
ABO,1994,12,9,20,6.3,77.8,7.4,2.7,5.36,4.6,19.8,0.3,866.4,220,5,11.8,0,0,0,0,0,0,0,290,100,36,96
ABO,1994,12,9,21,7,73.5,7.4,2.6,5.36,4.9,20.5,0.9,866.8,199,5.5,15.2,0,0,0,0,0,0,0,290,100,36,96
ABO,1994,12,9,22,6.7,73.5,7.2,2.3,5.21,4.6,19.8,1.1,867.3,206,5.1,12.4,0,0,0,0,0,0,0,289,100,36,96
ABO,1994,12,9,23,6.3,75.2,7.2,2.2,5.2,4.3,19.4,2.3,868,192,6.1,16.6,0,0,0,0,0,0,0,289,100,36,96
ABO,1994,12,10,0,5.9,75.1,7,1.8,5.05,4,18.6,0.9,868.6,193,5.8,14.1,0,0,0,0,0,0,0,288,100,38,96
ABO,1994,12,10,1,5.4,77.1,6.9,1.7,4.97,3.7,17.9,1.2,869.8,203,5.2,12.8,0,0,0,0,0,0,0,285,100,38,96
ABO,1994,12,10,2,5,79.8,7,1.8,5.04,3.5,17.7,1.2,870.8,226,3.1,10.4,0,0,0,0,0,0,0,282,100,38,96
ABO,1994,12,10,3,4.9,81.1,7,1.9,5.03,3.5,17.5,1.2,871.9,253,2.7,6.4,0,0,0,0,0,0,0,275,88,38,96
ABO,1994,12,10,4,4.6,83.1,7,2,5.03,3.4,17.2,0.5,872.9,243,2.8,6.2,0,0,0,0,0,0,0,276,100,38,96
ABO,1994,12,10,5,4.3,86.6,7.2,2.3,5.17,3.4,17.3,0.3,873.7,227,1.9,5.7,0,0,0,0,0,0,0,273,100,38,96
ABO,1994,12,10,6,4,92.2,7.5,2.9,5.38,3.5,17.5,0.2,874.9,34,0.7,3.1,0,0,0,0,0,0,0,267,88,38,96
ABO,1994,12,10,7,4.1,92.1,7.5,2.9,5.37,3.5,17.6,0.2,875.6,225,0.3,1.6,18,0,18,12,12,12,11,272,100,38,96
ABO,1994,12,10,8,4.4,87.3,7.3,2.5,5.22,3.5,17.5,0.4,876.5,218,1.2,3.5,53,0,53,38,38,38,37,266,80,38,96
ABO,1994,12,10,9,4.9,84.6,7.3,2.5,5.22,3.8,18,0,876.8,225,1.4,4.9,98,0,97,61,63,63,59,273,100,38,96
ABO,1994,12,10,10,6,79.7,7.5,2.8,5.36,4.5,19.5,0,877.2,218,1.7,5.7,39,0,39,24,25,24,23,274,100,38,96
ABO,1994,12,10,11,6.7,82.4,8.1,3.9,5.8,5.3,21.3,0,877.4,78,1.8,4.1,41,0,41,25,26,26,24,274,100,38,96
ABO,1994,12,10,12,6.9,84.1,8.4,4.4,6.01,5.6,22,0,877.7,66,2.8,5.7,35,0,35,22,22,22,21,275,100,38,96
ABO,1994,12,10,13,6.1,84.3,7.9,3.7,5.65,4.9,20.3,0,877.9,72,2.1,5.6,46,0,46,28,29,30,28,276,100,38,96
ABO,1994,12,10,14,5.6,84.7,7.7,3.2,5.5,4.4,19.4,0,878.8,117,0.8,2.5,14,0,14,9,9,9,8,277,100,38,96
ABO,1994,12,10,15,4.8,85.9,7.4,2.6,5.28,3.8,18.1,0,879,146,0.8,2,2,0,2,1,1,1,1,275,88,38,96
ABO,1994,12,10,16,4.2,84.3,7,1.8,4.99,3.1,16.7,0,879.5,180,0.4,2,0,0,0,0,0,0,0,281,100,38,96
ABO,1994,12,10,17,4.1,85,7,1.8,4.99,3,16.6,0,880.2,180,0.6,2.3,0,0,0,0,0,0,0,278,88,38,96
ABO,1994,12,10,18,4,83.9,6.8,1.5,4.84,2.8,16.2,0,880,207,1.2,3.2,0,0,0,0,0,0,0,279,88,38,96
ABO,1994,12,10,19,4.1,84.3,6.9,1.7,4.91,3,16.4,0,880.7,135,0.2,1.8,0,0,0,0,0,0,0,285,100,38,96
ABO,1994,12,10,20,4,80.6,6.6,1,4.7,2.6,15.8,0,880.5,225,0.7,4.1,0,0,0,0,0,0,0,281,88,38,96
ABO,1994,12,10,21,4.4,75.5,6.3,0.5,4.48,2.6,15.6,0,881,72,0.8,2.4,0,0,0,0,0,0,0,287,100,38,96
ABO,1994,12,10,22,3.8,84.8,6.8,1.5,4.83,2.7,15.9,0,882.3,135,0.6,1.8,0,0,0,0,0,0,0,288,100,38,96
ABO,1994,12,10,23,4.1,84.7,7,1.8,4.97,3,16.6,0,882.4,210,0.8,2.9,0,0,0,0,0,0,0,289,100,38,96
ABO,1994,12,11,0,4.6,82.3,7,1.8,4.98,3.3,17.1,0,881.6,180,0.6,4.4,0,0,0,0,0,0,0,279,75,60,96
ABO,1994,12,11,1,6.4,78,7.5,2.8,5.34,4.7,19.8,0,881.6,219,2.3,7,0,0,0,0,0,0,0,288,100,60,96
ABO,1994,12,11,2,4.5,84.4,7.1,2.1,5.05,3.4,17.2,0,882.2,90,0.9,4.4,0,0,0,0,0,0,0,275,68,60,96
ABO,1994,12,11,3,4.8,82.3,7.1,2,5.05,3.5,17.5,0,882.1,225,0.8,3.2,0,0,0,0,0,0,0,279,80,60,96
ABO,1994,12,11,4,6,82.8,7.8,3.3,5.55,4.7,20,0,882,233,1,3.6,0,0,0,0,0,0,0,286,100,60,96
ABO,1994,12,11,5,6.7,82.9,8.2,4,5.84,5.3,21.4,0,882,248,0.6,2.9,0,0,0,0,0,0,0,285,100,60,96
ABO,1994,12,11,6,6.5,83.8,8.1,4,5.76,5.3,21,0,882.5,90,0.5,2.5,0,0,0,0,0,0,0,284,100,60,96
ABO,1994,12,11,7,6.8,80.8,8,3.7,5.69,5.3,21.1,0,883,225,0.4,2.5,16,0,16,20,20,20,20,283,100,60,96
ABO,1994,12,11,8,7.7,77.6,8.1,4,5.75,5.8,22.2,0,883.6,270,0.1,1.3,74,0,74,79,79,79,79,273,75,60,96
ABO,1994,12,11,9,8.3,75.1,8.2,4.2,5.83,6.2,23,0,883.8,207,0.8,3.4,150,112,116,123,175,235,124,270,68,60,96
ABO,1994,12,11,10,9.8,71.1,8.6,4.8,6.11,7.2,25.2,0,883.7,146,0.4,1.6,289,376,162,150,264,541,152,277,88,60,96
ABO,1994,12,11,11,11,63.2,8.3,4.3,5.9,7.5,25.9,0,883.3,146,0.5,2.3,337,574,138,156,177,741,232,256,20,60,96
ABO,1994,12,11,12,12.1,55,7.8,3.3,5.55,7.6,26.2,0,882.7,156,1.8,5.1,277,404,150,141,139,549,308,260,33,60,96
ABO,1994,12,11,13,11,57,7.5,2.8,5.33,6.8,24.5,0,882.6,165,2.5,5.1,246,663,83,106,103,690,483,245,0,60,96
ABO,1994,12,11,14,9.3,72.7,8.5,4.7,6.05,6.9,24.6,0,883,79,1.2,3.2,125,458,61,61,60,408,396,248,25,60,96
ABO,1994,12,11,15,7.6,75.2,7.8,3.5,5.55,5.6,21.6,0,882.6,252,0.3,1.3,18,0,18,16,16,16,16,244,20,60,96
ABO,1994,12,11,16,6.2,77.9,7.4,2.6,5.26,4.5,19.4,0,883,315,0.2,1.3,0,0,0,0,0,0,0,235,0,60,96
ABO,1994,12,11,17,5.4,78,7,1.9,4.97,3.7,17.9,0,882.9,270,0.3,1.8,0,0,0,0,0,0,0,235,13,60,96
ABO,1994,12,11,18,5.3,78.8,7,1.9,4.97,3.7,17.8,0,883.1,315,0.1,1,0,0,0,0,0,0,0,229,0,60,96
ABO,1994,12,11,19,4.7,79.5,6.8,1.5,4.83,3.2,16.8,0,883,270,0.1,1.1,0,0,0,0,0,0,0,234,33,60,96
ABO,1994,12,11,20,4.1,77,6.3,0.4,4.47,2.4,15.3,0,882.3,270,0.5,2.1,0,0,0,0,0,0,0,228,13,60,96
ABO,1994,12,11,21,4.7,66.6,5.7,-1,4.04,2.2,14.9,0,882.4,360,0.1,1.5,0,0,0,0,0,0,0,228,25,60,96
ABO,1994,12,11,22,4.9,60.2,5.2,-2.2,3.69,1.9,14.2,0,882,243,0.2,1.8,0,0,0,0,0,0,0,223,13,60,96
ABO,1994,12,11,23,5.2,49.9,4.4,-4.4,3.12,1.3,13,0,882.1,333,0.4,1.6,0,0,0,0,0,0,0,225,33,60,96
ABO,1994,12,12,0,4.6,50,4.3,-4.9,3.05,0.8,12.3,0,881.9,360,0.3,2.1,0,0,0,0,0,0,0,225,45,56,96
ABO,1994,12,12,1,4.6,46.3,3.9,-5.9,2.76,0.5,11.5,0,881.5,315,0.2,1.9,0,0,0,0,0,0,0,224,38,56,96
ABO,1994,12,12,2,4.7,43.2,3.7,-6.7,2.62,0.4,11.3,0,881.7,56,0.4,2.3,0,0,0,0,0,0,0,223,40,56,96
ABO,1994,12,12,3,4.5,42.8,3.6,-7,2.55,0.2,10.9,0,881,225,0.4,3.3,0,0,0,0,0,0,0,223,40,56,96
ABO,1994,12,12,4,5,39.6,3.5,-7.6,2.48,0.3,11.2,0,881,270,0.2,1.1,0,0,0,0,0,0,0,223,40,56,96
ABO,1994,12,12,5,5.1,38.2,3.4,-8,2.41,0.2,11.2,0,881,270,0.2,1.3,0,0,0,0,0,0,0,222,40,56,96
ABO,1994,12,12,6,5.2,38,3.4,-7.9,2.41,0.3,11.3,0,881.4,315,0.5,1.5,0,0,0,0,0,0,0,222,40,56,96
ABO,1994,12,12,7,5.2,38.3,3.4,-7.8,2.41,0.3,11.3,0,881.3,288,0.3,1.4,19,0,19,24,23,23,24,224,33,56,96
ABO,1994,12,12,8,5.8,36.4,3.3,-8,2.34,0.6,11.7,0,881.5,333,0.2,1.3,50,0,50,78,77,77,80,226,33,56,96
ABO,1994,12,12,9,6.9,35.7,3.6,-7.2,2.55,1.4,13.3,0,881.9,225,0.6,2.3,175,219,109,120,220,336,122,229,33,56,96
ABO,1994,12,12,10,8.8,38.3,4.4,-4.6,3.12,3.1,16.7,0,881.3,180,0.6,2.3,304,432,159,146,276,594,148,231,33,56,96
ABO,1994,12,12,11,11.5,29.8,4.1,-5.5,2.91,4.2,18.9,0,880.9,180,0.6,2.3,316,431,166,151,178,606,205,234,33,56,96
ABO,1994,12,12,12,12.3,33.1,4.7,-3.5,3.34,5.2,20.8,0,880.7,130,0.9,2.3,282,412,152,137,135,555,304,237,38,56,96
ABO,1994,12,12,13,9.9,42.6,5.2,-2.2,3.69,4.4,19.2,0,880.8,108,0.8,3.1,221,458,110,104,102,518,375,230,33,56,96
ABO,1994,12,12,14,8.6,44.3,4.9,-2.9,3.48,3.6,17.4,0,881,194,0.7,2.1,126,478,60,58,57,420,407,227,45,56,96
ABO,1994,12,12,15,7.9,44.7,4.7,-3.4,3.34,3.1,16.3,0,881.2,270,0.4,1.7,18,0,18,15,15,15,15,224,58,56,96
ABO,1994,12,12,16,6.6,42.5,4.1,-5.2,2.91,1.8,13.9,0,881.1,270,0.3,1.4,0,0,0,0,0,0,0,218,40,56,96
ABO,1994,12,12,17,6.5,38.8,3.8,-6.5,2.69,1.4,13.3,0,880.9,297,0.2,1.3,0,0,0,0,0,0,0,214,40,56,96
ABO,1994,12,12,18,6.8,36.1,3.6,-7.2,2.55,1.4,13.2,0,880.9,288,0.4,1.7,0,0,0,0,0,0,0,210,40,56,96
ABO,1994,12,12,19,6.6,33.9,3.3,-8.2,2.34,1,12.5,0,880.7,288,0.3,1.5,0,0,0,0,0,0,0,208,45,56,96
ABO,1994,12,12,20,6.8,30.9,3.1,-9.2,2.2,0.9,12.3,0,880.8,315,0.5,1.5,0,0,0,0,0,0,0,207,68,56,96
ABO,1994,12,12,21,6.3,30.9,3,-9.6,2.13,0.5,11.7,0,880.5,288,0.3,1.4,0,0,0,0,0,0,0,205,68,56,96
ABO,1994,12,12,22,6.5,28.4,2.8,-10.5,1.99,0.4,11.5,0,880.1,297,0.3,1.5,0,0,0,0,0,0,0,203,88,56,96
ABO,1994,12,12,23,6.4,26.6,2.5,-11.4,1.77,0.2,10.9,0,879.8,297,0.4,1.7,0,0,0,0,0,0,0,200,60,56,96
ABO,1994,12,13,0,6.4,25.5,2.5,-11.9,1.77,0.1,10.9,0,879.5,297,0.3,1.6,0,0,0,0,0,0,0,198,60,46,96
ABO,1994,12,13,1,6.3,24.7,2.4,-12.4,1.7,-0.1,10.6,0,879.7,315,0.3,1.4,0,0,0,0,0,0,0,198,58,46,96
ABO,1994,12,13,2,6.1,24.9,2.4,-12.5,1.7,-0.2,10.4,0,879.4,304,0.4,1.3,0,0,0,0,0,0,0,197,30,46,96
ABO,1994,12,13,3,5.3,27.5,2.5,-11.9,1.77,-0.5,9.8,0,879.2,297,0.3,1.2,0,0,0,0,0,0,0,196,0,46,96
ABO,1994,12,13,4,5.3,27,2.4,-12.2,1.7,-0.6,9.6,0,878.9,270,0.4,1.4,0,0,0,0,0,0,0,196,43,46,96
ABO,1994,12,13,5,5,27.1,2.4,-12.4,1.7,-0.8,9.3,0,878.6,270,0.3,1.3,0,0,0,0,0,0,0,195,25,46,96
ABO,1994,12,13,6,5.3,25.2,2.3,-13,1.63,-0.8,9.4,0,878.6,297,0.3,2,0,0,0,0,0,0,0,195,0,46,96
ABO,1994,12,13,7,5.7,24.5,2.3,-13,1.63,-0.5,9.8,0,878.6,326,0.5,2,15,0,15,17,17,17,17,200,33,46,96
ABO,1994,12,13,8,6.2,23.8,2.2,-13,1.56,-0.3,10.1,0,878.5,333,0.5,2.7,72,0,72,68,68,68,67,205,38,46,96
ABO,1994,12,13,9,7.3,23.3,2.4,-12.3,1.7,0.5,11.6,0,878.5,202,0.9,3.9,167,166,118,104,183,270,105,209,40,46,96
ABO,1994,12,13,10,9.5,27.3,3.3,-8.4,2.35,2.5,15.4,0,878.2,117,0.5,2.4,253,237,174,126,205,377,125,214,45,46,96
ABO,1994,12,13,11,10.9,26.5,3.5,-7.6,2.49,3.4,17.2,0,877.6,135,0.7,2.1,283,307,176,131,151,461,174,218,60,46,96
ABO,1994,12,13,12,10.9,22.6,3,-9.6,2.14,2.9,16.3,0,876.7,127,1,2.3,269,367,154,118,118,492,269,221,60,46,96
ABO,1994,12,13,13,11.1,26.2,3.5,-7.6,2.5,3.5,17.4,0,876,153,0.8,2,194,311,119,89,90,375,276,218,55,46,96
ABO,1994,12,13,14,11.1,25.5,3.4,-7.9,2.43,3.4,17.3,0,875.3,198,1,4,111,384,60,48,47,337,330,216,60,46,96
ABO,1994,12,13,15,11.5,19.1,2.6,-11.2,1.85,2.8,16.2,0,875.2,238,3.6,5.7,7,0,7,6,6,6,6,211,30,46,96
ABO,1994,12,13,16,10.1,18.7,2.3,-12.7,1.64,1.8,14.3,0,874.8,246,2.8,5.6,0,0,0,0,0,0,0,206,0,46,96
ABO,1994,12,13,17,6.8,28.5,2.8,-10.2,2,0.6,11.8,0,874.8,68,0.6,2.3,0,0,0,0,0,0,0,205,33,46,96
ABO,1994,12,13,18,6.3,30.2,2.9,-9.9,2.07,0.4,11.5,0,874.6,252,0.4,1.5,0,0,0,0,0,0,0,203,40,46,96
ABO,1994,12,13,19,6,29.6,2.8,-10.4,2,0.2,11,0,874.3,225,0.5,2.5,0,0,0,0,0,0,0,204,40,46,96
ABO,1994,12,13,20,5.7,29.9,2.7,-10.5,1.93,0,10.6,0,873.9,217,0.8,3.6,0,0,0,0,0,0,0,204,40,46,96
ABO,1994,12,13,21,8,22.7,2.4,-12,1.71,0.9,12.3,0,873.4,243,2.4,6.2,0,0,0,0,0,0,0,206,55,46,96
ABO,1994,12,13,22,9.6,19.4,2.3,-12.6,1.64,1.6,13.8,0,873.4,238,2.3,6.8,0,0,0,0,0,0,0,207,63,46,96
ABO,1994,12,13,23,9.3,22.7,2.7,-10.9,1.93,1.8,14.2,0,873.4,241,3.1,6.5,0,0,0,0,0,0,0,210,100,46,96
ABO,1994,12,14,0,8.4,26.5,2.9,-9.7,2.07,1.6,13.6,0,873.2,234,1.9,6.4,0,0,0,0,0,0,0,208,45,51,96
ABO,1994,12,14,1,8.7,22.3,2.5,-11.6,1.79,1.3,13.2,0,872.9,248,3,6.5,0,0,0,0,0,0,0,216,100,51,96
ABO,1994,12,14,2,8.7,26.1,2.9,-9.7,2.08,1.8,14,0,872.1,237,4.8,7.6,0,0,0,0,0,0,0,220,100,51,96
ABO,1994,12,14,3,10,30.7,3.8,-6.5,2.72,3.2,16.9,0,871.3,218,4.1,8.8,0,0,0,0,0,0,0,224,100,51,96
ABO,1994,12,14,4,5.3,50.8,4.2,-4.1,3.01,1.5,12.9,0,872.1,206,3.4,8.8,0,0,0,0,0,0,0,228,100,51,96
ABO,1994,12,14,5,-1.8,76.4,4.1,-5.4,2.93,-3.1,5.5,0,874.7,201,2.9,8.1,0,0,0,0,0,0,0,232,100,51,96
ABO,1994,12,14,6,-0.8,71.2,4.1,-5.4,2.93,-2.5,6.5,0,874,200,2.4,7.1,0,0,0,0,0,0,0,232,80,51,96
ABO,1994,12,14,7,-0.4,71.4,4.3,-4.9,3.08,-2.1,7.3,0,873.7,198,2,6.1,14,0,14,17,17,17,17,234,80,51,96
ABO,1994,12,14,8,0.4,69.2,4.4,-4.6,3.15,-1.5,8.3,0,873.9,198,1.5,5.1,61,0,61,69,69,69,70,240,100,51,96
ABO,1994,12,14,9,2.4,60.6,4.4,-4.4,3.15,-0.3,10.3,0,872.8,200,1.1,4.1,167,192,110,108,197,298,109,242,100,51,96
ABO,1994,12,14,10,3.6,60.2,4.8,-3.4,3.44,0.8,12.2,0,872.4,210,0.8,3.3,284,379,158,132,248,527,133,245,100,51,96
ABO,1994,12,14,11,3.3,65.4,5.1,-2.6,3.66,0.9,12.5,0,872.5,220,0.8,3,295,379,165,137,162,538,183,245,88,51,96
ABO,1994,12,14,12,2.6,74.6,5.5,-1.4,3.95,0.9,12.5,0,872.5,232,1.3,3.8,268,382,148,124,123,511,277,249,100,51,96
ABO,1994,12,14,13,3.1,77.5,5.9,-0.4,4.24,1.6,13.7,0,872.1,234,1.9,5.1,203,369,113,94,94,432,311,249,100,51,96
ABO,1994,12,14,14,2.5,82.8,6.1,-0.1,4.38,1.4,13.5,0,872.5,237,2.6,6.5,119,431,59,52,52,380,366,248,100,51,96
ABO,1994,12,14,15,2.1,85.4,6.1,-0.1,4.38,1.1,13.1,0,872.3,238,3.3,7.8,18,0,18,14,15,15,14,248,100,51,96
ABO,1994,12,14,16,1.9,85.4,6,-0.3,4.31,1,12.7,0,872.3,238,4,9.1,0,0,0,0,0,0,0,247,100,51,96
ABO,1994,12,14,17,1.5,90,6.1,0,4.38,0.9,12.5,0.1,872.4,240,4.5,10,0,0,0,0,0,0,0,247,100,51,96
ABO,1994,12,14,18,1.2,92.5,6.2,0.1,4.45,0.7,12.3,0,872.5,246,4.2,9.7,0,0,0,0,0,0,0,246,100,51,96
ABO,1994,12,14,19,0.6,94.5,6,-0.2,4.31,0.3,11.4,0,872.5,251,3.8,9,0,0,0,0,0,0,0,242,100,51,96
ABO,1994,12,14,20,0.1,94.4,5.8,-0.7,4.16,-0.2,10.5,0.5,872.5,261,3.3,8.3,0,0,0,0,0,0,0,238,100,51,96
ABO,1994,12,14,21,-0.1,94.1,5.7,-0.9,4.09,-0.4,10.1,0.3,872.5,273,2.9,7.5,0,0,0,0,0,0,0,232,88,51,96
ABO,1994,12,14,22,-0.4,96.4,5.7,-0.9,4.09,-0.6,9.8,0,872.6,292,2.4,6.7,0,0,0,0,0,0,0,230,100,51,96
ABO,1994,12,14,23,-0.6,97.5,5.7,-0.9,4.09,-0.7,9.6,0.2,872.6,311,2,6,0,0,0,0,0,0,0,226,100,51,96
ABO,1994,12,15,0,-0.8,93.9,5.4,-1.7,3.87,-1.2,8.9,0.1,872.5,315,1.7,5.4,0,0,0,0,0,0,0,215,60,50,96
ABO,1994,12,15,1,-1,96,5.5,-1.6,3.95,-1.2,8.8,0.1,872.5,315,1.5,4.8,0,0,0,0,0,0,0,212,60,50,96
ABO,1994,12,15,2,-1,97.5,5.6,-1.3,4.02,-1.1,9,0,872.3,318,1.3,4.3,0,0,0,0,0,0,0,208,55,50,96
ABO,1994,12,15,3,-1.3,98.7,5.5,-1.5,3.95,-1.4,8.5,0,872,318,1.2,3.8,0,0,0,0,0,0,0,204,55,50,96
ABO,1994,12,15,4,-1.5,98.5,5.4,-1.7,3.88,-1.6,8.1,0,872,319,1,3.3,0,0,0,0,0,0,0,203,75,50,96
ABO,1994,12,15,5,-1.8,92.8,5,-2.8,3.59,-2.2,7.1,0,872.2,328,1,3,0,0,0,0,0,0,0,201,88,50,96
ABO,1994,12,15,6,-2.4,87.2,4.5,-4.2,3.23,-3.1,5.6,0,872.4,360,1.1,2.8,0,0,0,0,0,0,0,199,88,50,96
ABO,1994,12,15,7,-2.5,84.7,4.3,-4.7,3.08,-3.3,5.1,0,872.2,35,1.3,2.8,14,0,14,17,17,17,17,199,75,50,96
ABO,1994,12,15,8,-3.5,86.2,4.1,-5.5,2.94,-4.2,3.8,0,872.3,49,1.6,2.9,63,0,63,70,70,70,70,202,80,50,96
ABO,1994,12,15,9,-3.7,83.1,3.9,-6.1,2.79,-4.5,3.2,0,872.3,57,1.8,2.9,171,193,114,110,200,301,110,202,68,50,96
ABO,1994,12,15,10,-1.9,80.6,4.3,-4.8,3.08,-3,5.8,0,871.9,60,2.1,3.2,291,384,163,133,254,535,134,203,60,50,96
ABO,1994,12,15,11,-1,77.9,4.4,-4.4,3.16,-2.3,6.9,0,871.6,61,2.5,4,303,384,170,139,165,548,186,205,55,50,96
ABO,1994,12,15,12,-0.2,74.6,4.5,-4.2,3.23,-1.7,7.9,0,870.9,270,3,6,274,386,153,126,125,519,282,207,60,50,96
ABO,1994,12,15,13,0.2,73.2,4.5,-4,3.23,-1.4,8.3,0,871.3,250,3.5,8,211,400,114,95,94,461,331,209,75,50,96
ABO,1994,12,15,14,-0.6,82.6,4.8,-3.2,3.44,-1.6,8,0,871.5,247,3.2,7.8,123,447,62,53,53,395,380,209,68,50,96
ABO,1994,12,15,15,-1.3,90.2,5,-2.7,3.59,-1.8,7.6,0,872.2,243,2.8,7.1,17,0,17,14,14,14,14,210,68,50,96
ABO,1994,12,15,16,-2.2,95.2,5,-2.9,3.58,-2.5,6.7,0,872.8,239,2.4,6.3,0,0,0,0,0,0,0,207,45,50,96
ABO,1994,12,15,17,-2.4,96.4,4.9,-2.9,3.51,-2.6,6.3,0,873.4,229,2,5.5,0,0,0,0,0,0,0,208,50,50,96
ABO,1994,12,15,18,-2.4,90.7,4.7,-3.7,3.37,-2.9,6,0,873.1,222,1.7,4.9,0,0,0,0,0,0,0,210,60,50,96
ABO,1994,12,15,19,-3.1,84.8,4.1,-5.3,2.94,-3.9,4.2,0,872.9,219,1.5,4.4,0,0,0,0,0,0,0,205,50,50,96
ABO,1994,12,15,20,-3.4,86.8,4.1,-5.3,2.93,-4.1,3.9,0,873.4,209,1.3,4,0,0,0,0,0,0,0,204,55,50,96
ABO,1994,12,15,21,-3.3,87.2,4.2,-5.1,3,-3.9,4.1,0,874.2,198,1.2,3.5,0,0,0,0,0,0,0,202,68,50,96
ABO,1994,12,15,22,-3.3,88,4.2,-5,3,-3.9,4.1,0,874.5,187,1,3.1,0,0,0,0,0,0,0,201,75,50,96
ABO,1994,12,15,23,-4,86.1,3.9,-6,2.79,-4.7,2.9,0,873.8,180,1,3,0,0,0,0,0,0,0,196,60,50,96
ABO,1994,12,16,0,-4.1,83.9,3.8,-6.4,2.72,-4.9,2.6,0,873.5,174,1.1,3.3,0,0,0,0,0,0,0,188,0,45,96
ABO,1994,12,16,1,-4.8,86.2,3.7,-6.7,2.64,-5.4,1.7,0,874.5,176,1.4,3.8,0,0,0,0,0,0,0,188,0,45,96
ABO,1994,12,16,2,-4.9,88.7,3.7,-6.5,2.64,-5.4,1.6,0,874.3,172,1.7,4.4,0,0,0,0,0,0,0,188,0,45,96
ABO,1994,12,16,3,-4.9,83.2,3.5,-7.3,2.5,-5.7,1.3,0,874.7,171,2,5,0,0,0,0,0,0,0,187,0,45,96
ABO,1994,12,16,4,-4.7,79.3,3.4,-7.7,2.43,-5.7,1.3,0,874.5,169,2.2,5.6,0,0,0,0,0,0,0,187,0,45,96
ABO,1994,12,16,5,-4.3,66.4,3,-9.6,2.14,-5.9,1,0,874.6,170,2.5,6,0,0,0,0,0,0,0,188,20,45,96
ABO,1994,12,16,6,-3.9,58.2,2.7,-10.9,1.92,-6,0.8,0,875.2,175,2.4,5.9,0,0,0,0,0,0,0,187,0,45,96
ABO,1994,12,16,7,-3.6,52.9,2.5,-11.8,1.78,-6,0.8,0,875.2,180,2.4,5.6,16,0,16,18,17,18,18,191,13,45,96
ABO,1994,12,16,8,-3.4,48.8,2.3,-12.6,1.64,-6,0.6,0,875.9,186,2.3,5.4,55,0,55,64,63,64,64,196,40,45,96
ABO,1994,12,16,9,-2.5,43,2.2,-13.4,1.57,-5.6,1.4,0,876.5,196,2.2,5.1,61,0,61,97,95,96,99,196,13,45,96
ABO,1994,12,16,10,-0.2,48.8,3,-9.7,2.14,-3.3,5.1,0,875.7,202,2.1,4.8,319,576,130,119,289,695,121,200,20,45,96
ABO,1994,12,16,11,0.5,44.3,2.8,-10.2,1.99,-3,5.5,0,876.2,209,2,4.5,308,482,142,123,156,616,147,202,13,45,96
ABO,1994,12,16,12,0.3,53.2,3.3,-8.1,2.35,-2.6,6.2,0,876,210,1.8,4.1,262,343,154,116,116,468,254,207,45,45,96
ABO,1994,12,16,13,1.2,43.6,2.9,-9.8,2.07,-2.5,6.4,0,876.4,208,1.6,3.7,207,390,112,87,87,445,316,206,38,45,96
ABO,1994,12,16,14,0.1,59.8,3.7,-6.8,2.64,-2.3,6.7,0,876.9,203,1.4,3.4,112,401,59,47,46,351,338,205,25,45,96
ABO,1994,12,16,15,-0.9,56.1,3.2,-8.5,2.28,-3.4,4.8,0,876.3,202,1.2,3,7,0,7,6,6,6,6,203,13,45,96
ABO,1994,12,16,16,-2,56.3,3,-9.5,2.13,-4.4,3.3,0,877.5,193,1.1,2.7,0,0,0,0,0,0,0,205,33,45,96
ABO,1994,12,16,17,-2,64.2,3.4,-7.9,2.42,-4,4,0,878.3,193,1,2.5,0,0,0,0,0,0,0,206,50,45,96
ABO,1994,12,16,18,-1.5,63.1,3.5,-7.6,2.49,-3.6,4.7,0,878.1,193,1,2.5,0,0,0,0,0,0,0,204,38,45,96
ABO,1994,12,16,19,-1.3,63.5,3.5,-7.3,2.49,-3.3,4.9,0,877.3,191,1.1,2.7,0,0,0,0,0,0,0,206,58,45,96
ABO,1994,12,16,20,-1.8,56.3,3,-9.3,2.13,-4.2,3.5,0,877.6,197,1.2,2.9,0,0,0,0,0,0,0,206,63,45,96
ABO,1994,12,16,21,-2,49.5,2.6,-11.2,1.85,-4.8,2.6,0,877.6,200,1.3,3.1,0,0,0,0,0,0,0,205,68,45,96
ABO,1994,12,16,22,-1.5,45.5,2.5,-11.7,1.78,-4.6,2.9,0,877.8,198,1.4,3.3,0,0,0,0,0,0,0,207,88,45,96
ABO,1994,12,16,23,-1.7,46.8,2.5,-11.6,1.78,-4.7,2.7,0,877.9,201,1.5,3.5,0,0,0,0,0,0,0,204,75,45,96
ABO,1994,12,17,0,-1.7,46.4,2.5,-11.7,1.78,-4.7,2.7,0,877.9,198,1.4,3.4,0,0,0,0,0,0,0,201,58,48,96
ABO,1994,12,17,1,-2,47.4,2.5,-11.7,1.78,-4.9,2.4,0,877.8,195,1.3,3.3,0,0,0,0,0,0,0,195,13,48,96
ABO,1994,12,17,2,-2.1,58.3,3.1,-9.2,2.21,-4.4,3.4,0,877.5,190,1.2,3.2,0,0,0,0,0,0,0,198,40,48,96
ABO,1994,12,17,3,-2,63.2,3.3,-8.1,2.35,-4,3.8,0,877.2,186,1.1,3.1,0,0,0,0,0,0,0,198,45,48,96
ABO,1994,12,17,4,-2.3,66,3.4,-7.8,2.42,-4.1,3.7,0,876.8,186,1,3,0,0,0,0,0,0,0,194,13,48,96
ABO,1994,12,17,5,-2.6,72.8,3.7,-6.8,2.64,-4,3.9,0,876.9,180,1,3,0,0,0,0,0,0,0,197,45,48,96
ABO,1994,12,17,6,-2.3,72.9,3.8,-6.5,2.71,-3.7,4.4,0,876.9,173,0.9,2.9,0,0,0,0,0,0,0,197,40,48,96
ABO,1994,12,17,7,-2.5,74.7,3.8,-6.4,2.71,-3.8,4.2,0,876.5,164,0.9,2.9,17,0,17,19,19,19,19,201,50,48,96
ABO,1994,12,17,8,-1.9,73.6,3.9,-6,2.78,-3.3,5,0,876.2,146,0.9,2.9,51,0,51,66,65,65,67,201,33,48,96
ABO,1994,12,17,9,-1.2,68.4,3.8,-6.3,2.71,-3,5.5,0,876.3,140,1,3,89,0,89,104,103,104,105,204,40,48,96
ABO,1994,12,17,10,1,59.9,3.9,-5.9,2.78,-1.5,7.9,0,876.1,126,1,3,280,358,162,128,241,503,128,207,45,48,96
ABO,1994,12,17,11,1.9,54.7,3.8,-6.2,2.71,-1.1,8.7,0,875.5,122,1,3,334,582,134,130,155,725,202,205,13,48,96
ABO,1994,12,17,12,3,51.7,3.9,-6,2.79,-0.4,10,0,874.8,124,0.9,2.9,336,770,94,116,112,861,385,205,0,48,96
ABO,1994,12,17,13,2.9,50.5,3.8,-6.4,2.72,-0.6,9.7,0,874.2,135,0.8,2.8,208,396,112,91,91,454,323,206,25,48,96
ABO,1994,12,17,14,1.6,52.6,3.6,-7,2.57,-1.5,8,0,874.1,146,0.7,2.7,122,453,59,51,50,397,379,206,40,48,96
ABO,1994,12,17,15,-0.2,58.8,3.5,-7.3,2.5,-2.7,6,0,873.9,180,0.6,2.6,16,0,16,13,13,13,13,204,33,48,96
ABO,1994,12,17,16,-1,62.2,3.5,-7.3,2.5,-3.2,5.2,0,873.8,198,0.5,2.5,0,0,0,0,0,0,0,200,13,48,96
ABO,1994,12,17,17,-1.2,60.7,3.4,-7.8,2.43,-3.4,4.8,0,873.3,225,0.5,2.5,0,0,0,0,0,0,0,197,0,48,96
ABO,1994,12,17,18,-1,57.5,3.3,-8.3,2.36,-3.4,4.9,0,873.1,225,0.5,2.6,0,0,0,0,0,0,0,197,13,48,96
ABO,1994,12,17,19,-0.5,51.3,3,-9.3,2.15,-3.4,4.8,0,872.7,207,0.6,2.7,0,0,0,0,0,0,0,196,13,48,96
ABO,1994,12,17,20,-0.4,46.4,2.8,-10.5,2,-3.6,4.6,0,872.1,202,0.6,2.9,0,0,0,0,0,0,0,194,0,48,96
ABO,1994,12,17,21,-0.1,41.3,2.5,-11.7,1.79,-3.7,4.3,0,871.7,189,0.7,3.1,0,0,0,0,0,0,0,196,25,48,96
ABO,1994,12,17,22,0.2,36.2,2.2,-13,1.58,-3.8,4.1,0,871,188,0.8,3.2,0,0,0,0,0,0,0,193,0,48,96
ABO,1994,12,17,23,0.6,30.1,1.9,-14.9,1.36,-3.9,4,0,870.6,193,1,3.5,0,0,0,0,0,0,0,194,13,48,96
ABO,1994,12,18,0,-0.9,35.3,2,-14.3,1.43,-4.7,2.6,0,870.7,202,1.3,3.7,0,0,0,0,0,0,0,192,0,49,96
ABO,1994,12,18,1,-2.5,42.3,2.2,-13.6,1.58,-5.6,1.4,0,870.5,210,1.6,4,0,0,0,0,0,0,0,194,25,49,96
ABO,1994,12,18,2,-1.7,37.2,2,-14.4,1.43,-5.2,1.8,0,870.1,216,2,4.3,0,0,0,0,0,0,0,193,25,49,96
ABO,1994,12,18,3,-1.4,33.5,1.9,-15.4,1.36,-5.2,2,0,869.6,219,2.4,4.5,0,0,0,0,0,0,0,191,0,49,96
ABO,1994,12,18,4,-1.3,33,1.8,-15.5,1.29,-5.2,1.9,0,869.3,222,2.7,4.8,0,0,0,0,0,0,0,192,25,49,96
ABO,1994,12,18,5,-0.8,31.3,1.8,-15.7,1.29,-4.9,2.4,0,869,225,3,5,0,0,0,0,0,0,0,190,0,49,96
ABO,1994,12,18,6,-0.7,31.9,1.9,-15.4,1.36,-4.8,2.7,0,869.2,228,2.9,4.8,0,0,0,0,0,0,0,190,0,49,96
ABO,1994,12,18,7,-0.2,31.5,1.9,-15.1,1.36,-4.4,3.2,0,869,232,2.7,4.5,16,0,16,18,18,18,19,194,13,49,96
ABO,1994,12,18,8,0.4,30.4,1.9,-15,1.36,-4,3.8,0,869.1,234,2.5,4.3,37,0,37,65,64,64,67,196,0,49,96
ABO,1994,12,18,9,1.3,31.7,2.1,-13.7,1.51,-3.2,5.1,0,868.7,241,2.3,4,86,0,86,105,104,104,106,202,40,49,96
ABO,1994,12,18,10,3.6,34.3,2.7,-10.7,1.94,-1.2,8.5,0,868,245,2.1,3.7,321,579,129,126,274,710,129,204,20,49,96
ABO,1994,12,18,11,4.3,32,2.7,-10.9,1.94,-0.9,9.2,0,867.3,251,2,3.5,374,797,101,129,160,928,203,205,0,49,96
ABO,1994,12,18,12,2.3,39.5,2.9,-10.1,2.09,-1.9,7.5,0,867.2,259,1.9,3.3,268,368,153,122,122,499,267,209,25,49,96
ABO,1994,12,18,13,2.1,38.2,2.7,-10.7,1.94,-2.1,7,0,867,270,1.8,3.3,228,542,99,92,90,576,405,207,13,49,96
ABO,1994,12,18,14,1.4,40.9,2.8,-10.4,2.02,-2.5,6.4,0,866.8,274,1.7,3.2,125,504,54,50,50,436,411,207,25,49,96
ABO,1994,12,18,15,0.5,42.8,2.7,-10.7,1.94,-3.1,5.3,0,866.6,283,1.7,3.1,14,0,14,11,12,12,11,207,43,49,96
ABO,1994,12,18,16,-0.2,45.2,2.7,-10.6,1.94,-3.5,4.6,0,867,295,1.6,3.1,0,0,0,0,0,0,0,201,0,49,96
ABO,1994,12,18,17,-1.2,49.7,2.8,-10.4,2.02,-4.1,3.8,0,866.7,300,1.5,3,0,0,0,0,0,0,0,205,43,49,96
ABO,1994,12,18,18,-1,51.8,2.9,-9.7,2.09,-3.8,4.2,0,867,297,1.2,2.8,0,0,0,0,0,0,0,209,75,49,96
ABO,1994,12,18,19,-1,50.2,2.9,-10.1,2.09,-3.9,4.2,0,866.7,284,0.9,2.5,0,0,0,0,0,0,0,212,80,49,96
ABO,1994,12,18,20,-0.6,49.8,2.9,-9.8,2.09,-3.6,4.6,0,867,270,0.8,2.5,0,0,0,0,0,0,0,217,100,49,96
ABO,1994,12,18,21,-0.9,51.2,2.9,-9.7,2.09,-3.7,4.3,0,867.5,231,0.9,2.9,0,0,0,0,0,0,0,218,88,49,96
ABO,1994,12,18,22,-1,55.3,3.1,-8.8,2.23,-3.6,4.5,0,867.5,209,1.2,3.4,0,0,0,0,0,0,0,216,63,49,96
ABO,1994,12,18,23,-1.2,56.5,3.2,-8.7,2.3,-3.7,4.5,0,867.1,201,1.5,4,0,0,0,0,0,0,0,215,45,49,96
ABO,1994,12,19,0,-0.5,59.8,3.5,-7.3,2.52,-2.9,5.8,0,866.5,212,1.7,4.2,0,0,0,0,0,0,0,222,75,50,96
ABO,1994,12,19,1,1,58.3,3.8,-6.3,2.74,-1.7,7.8,0,866.2,223,1.8,4.4,0,0,0,0,0,0,0,228,100,50,96
ABO,1994,12,19,2,1.4,59.8,4,-5.5,2.89,-1.2,8.6,0,865.5,229,2,4.5,0,0,0,0,0,0,0,229,100,50,96
ABO,1994,12,19,3,0.6,63.4,4,-5.5,2.89,-1.7,7.8,0,865.4,219,1.7,4,0,0,0,0,0,0,0,230,100,50,96
ABO,1994,12,19,4,-0.1,62.3,3.8,-6.4,2.74,-2.3,6.7,0,865.7,197,1.3,3.5,0,0,0,0,0,0,0,231,100,50,96
ABO,1994,12,19,5,0.3,57.1,3.6,-7.2,2.6,-2.3,6.8,0,866,167,1,3,0,0,0,0,0,0,0,232,100,50,96
ABO,1994,12,19,6,-0.1,60.9,3.7,-6.7,2.67,-2.4,6.5,0,866.2,180,0.7,2.7,0,0,0,0,0,0,0,234,100,50,96
ABO,1994,12,19,7,-0.1,61.8,3.8,-6.5,2.74,-2.4,6.7,0,866.6,198,0.6,2.5,13,0,13,15,15,15,15,235,100,50,96
ABO,1994,12,19,8,-0.6,74.2,4.3,-4.6,3.1,-2.1,7.1,0,866.9,243,0.5,2.5,68,0,68,65,65,65,65,236,100,50,96
ABO,1994,12,19,9,-1.1,90,5.1,-2.5,3.68,-1.6,8.1,0.4,867,225,0.6,2.7,89,0,89,104,103,103,105,238,100,50,96
ABO,1994,12,19,10,-0.7,85.9,5,-2.8,3.61,-1.5,8.3,0.4,866.7,207,0.8,3.1,277,370,156,128,244,513,129,239,100,50,96
ABO,1994,12,19,11,-0.6,88,5.2,-2.3,3.75,-1.3,8.8,0.7,866.7,198,1,3.5,290,371,163,134,160,527,177,241,100,50,96
ABO,1994,12,19,12,-0.5,89.1,5.2,-2.1,3.76,-1.1,8.9,0.9,866.3,191,1.1,3.6,264,370,148,121,121,498,267,242,100,50,96
ABO,1994,12,19,13,-0.3,88.8,5.3,-1.9,3.83,-0.9,9.2,0.8,866,185,1.2,3.8,200,363,112,92,92,425,303,241,100,50,96
ABO,1994,12,19,14,-0.4,90.4,5.4,-1.8,3.9,-1,9.3,0.5,866.1,180,1.3,3.9,117,418,59,51,51,371,353,241,100,50,96
ABO,1994,12,19,15,-0.5,91.2,5.4,-1.8,3.9,-1,9.2,0.3,866.1,180,1.4,3.9,14,0,14,12,12,12,12,241,100,50,96
ABO,1994,12,19,16,-0.8,92.2,5.3,-1.9,3.83,-1.2,8.7,0.3,866.4,180,1.4,4,0,0,0,0,0,0,0,241,100,50,96
ABO,1994,12,19,17,-0.9,93,5.3,-1.9,3.83,-1.3,8.6,0.4,866.4,180,1.5,4,0,0,0,0,0,0,0,241,100,50,96
ABO,1994,12,19,18,-0.9,92.6,5.3,-1.9,3.83,-1.3,8.6,0.4,866.4,188,1.3,3.6,0,0,0,0,0,0,0,240,100,50,96
ABO,1994,12,19,19,-1.2,93.7,5.3,-2.1,3.83,-1.6,8.3,0.5,866.5,201,1.2,3.2,0,0,0,0,0,0,0,239,100,50,96
ABO,1994,12,19,20,-1.1,91.3,5.2,-2.3,3.76,-1.6,8.3,0.3,866.2,212,1,2.8,0,0,0,0,0,0,0,238,100,50,96
ABO,1994,12,19,21,-1.2,91.8,5.2,-2.4,3.76,-1.7,8.2,0.4,866.2,222,0.9,2.5,0,0,0,0,0,0,0,237,100,50,96
ABO,1994,12,19,22,-1.2,91.9,5.2,-2.3,3.76,-1.6,8.2,1.3,866.3,238,1,3,0,0,0,0,0,0,0,235,100,50,96
ABO,1994,12,19,23,-1.2,92.8,5.2,-2.2,3.76,-1.6,8.2,0.9,865.9,21,1.5,5,0,0,0,0,0,0,0,234,100,50,96
ABO,1994,12,20,0,-1.6,91.2,5,-2.8,3.61,-2.1,7.4,0.9,865.8,16,1.7,5,0,0,0,0,0,0,0,233,100,50,97
ABO,1994,12,20,1,-1.9,91.3,4.9,-3.1,3.54,-2.4,6.9,1,865.9,9,1.8,4.4,0,0,0,0,0,0,0,231,100,50,97
ABO,1994,12,20,2,-2.2,89.3,4.6,-3.7,3.32,-2.8,6.1,1.1,865.9,360,2,4,0,0,0,0,0,0,0,230,100,50,97
ABO,1994,12,20,3,-2.5,91.7,4.7,-3.7,3.4,-2.9,5.9,0.6,865.7,343,1.8,4.1,0,0,0,0,0,0,0,228,100,50,97
ABO,1994,12,20,4,-2.6,91,4.6,-3.9,3.32,-3.1,5.7,0.5,865.4,308,1.6,4.3,0,0,0,0,0,0,0,226,100,50,97
ABO,1994,12,20,5,-2.5,89.3,4.6,-4,3.32,-3.1,5.8,0.7,865.5,279,1.5,4.5,0,0,0,0,0,0,0,225,100,50,97
ABO,1994,12,20,6,-2.5,90.1,4.6,-3.9,3.32,-3,5.8,0.5,865.4,270,1.3,4.3,0,0,0,0,0,0,0,224,100,50,97
ABO,1994,12,20,7,-2.6,90.3,4.6,-4,3.32,-3.1,5.7,0.2,865.4,257,1.2,4.1,13,0,13,16,15,15,16,222,88,50,97
ABO,1994,12,20,8,-2.6,89.5,4.5,-4.1,3.25,-3.1,5.5,0.4,865.6,236,1.1,3.9,70,0,70,65,65,65,64,225,100,50,97
ABO,1994,12,20,9,-2.3,90,4.6,-3.7,3.32,-2.8,6,0.1,866,207,1,3.7,98,0,98,104,104,104,105,225,100,50,97
ABO,1994,12,20,10,-2.1,90.7,4.8,-3.4,3.47,-2.6,6.5,0.1,866.1,188,0.9,3.5,265,311,163,128,229,455,129,225,100,50,97
ABO,1994,12,20,11,-2.1,88.3,4.6,-3.8,3.32,-2.7,6.2,0,865.7,180,1,3.5,277,311,171,134,159,467,169,226,100,50,97
ABO,1994,12,20,12,-2,85.6,4.5,-4.1,3.25,-2.8,6.1,0,865.5,198,1.3,3.9,248,293,157,122,122,424,239,226,100,50,97
ABO,1994,12,20,13,-1.9,83.8,4.5,-4.3,3.25,-2.8,6.2,0,865.3,225,1.7,4.5,197,333,115,93,93,401,286,225,100,50,97
ABO,1994,12,20,14,-2.1,85.7,4.5,-4.2,3.25,-2.9,6,0,865.6,234,2.2,5.2,105,299,61,50,49,284,262,225,100,50,97
ABO,1994,12,20,15,-2.7,88.8,4.5,-4.3,3.25,-3.3,5.4,0.2,865.7,243,2.7,5.8,13,0,13,11,11,11,11,224,100,50,97
ABO,1994,12,20,16,-2.9,90,4.4,-4.3,3.18,-3.4,5,0.2,866,248,3.1,6.5,0,0,0,0,0,0,0,223,100,50,97
ABO,1994,12,20,17,-2.9,89.5,4.4,-4.4,3.18,-3.4,5,0.3,866.3,250,3.5,7,0,0,0,0,0,0,0,223,100,50,97
ABO,1994,12,20,18,-2.9,90.1,4.4,-4.3,3.18,-3.4,5,0.3,866.3,248,3.5,7,0,0,0,0,0,0,0,222,100,50,97
ABO,1994,12,20,19,-2.8,88.2,4.4,-4.5,3.17,-3.4,5.1,0.4,866.4,245,3.4,6.8,0,0,0,0,0,0,0,221,100,50,97
ABO,1994,12,20,20,-3,86,4.2,-5,3.03,-3.7,4.5,0.3,866.3,242,3.3,6.6,0,0,0,0,0,0,0,220,100,50,97
ABO,1994,12,20,21,-3.3,86.2,4.1,-5.3,2.96,-4,4,0.4,866.5,236,3.2,6.4,0,0,0,0,0,0,0,219,100,50,97
ABO,1994,12,20,22,-3.3,87.9,4.2,-5,3.03,-3.9,4.2,0.7,866.4,232,3.1,6.2,0,0,0,0,0,0,0,218,100,50,97
ABO,1994,12,20,23,-3.3,86.8,4.1,-5.2,2.96,-4,4,0.9,866.3,229,3,6,0,0,0,0,0,0,0,217,100,50,97
ABO,1994,12,21,0,-3.5,85.4,4,-5.6,2.89,-4.2,3.6,0.8,866.3,230,2.6,5.6,0,0,0,0,0,0,0,216,100,49,97
ABO,1994,12,21,1,-3.8,85.8,4,-5.8,2.88,-4.5,3.3,0.3,866.4,233,2.3,5.2,0,0,0,0,0,0,0,213,100,49,97
ABO,1994,12,21,2,-3.7,86.3,4,-5.6,2.89,-4.4,3.4,0.3,866,234,1.9,4.9,0,0,0,0,0,0,0,211,100,49,97
ABO,1994,12,21,3,-4,88.5,4,-5.6,2.89,-4.5,3.1,0.2,865.7,238,1.5,4.5,0,0,0,0,0,0,0,209,100,49,97
ABO,1994,12,21,4,-4,88.6,4,-5.6,2.89,-4.5,3.1,0.5,865.7,246,1.2,4.2,0,0,0,0,0,0,0,207,100,49,97
ABO,1994,12,21,5,-4.2,88.1,4,-5.9,2.89,-4.8,2.9,0.1,865.9,252,1,4,0,0,0,0,0,0,0,205,100,49,97
ABO,1994,12,21,6,-4.4,87.5,3.9,-6.2,2.81,-5,2.6,0,865.9,270,1,4.1,0,0,0,0,0,0,0,203,100,49,97
ABO,1994,12,21,7,-4.7,89.8,3.9,-6.1,2.81,-5.2,2.3,0.1,866,342,1.2,4.4,13,0,13,15,15,15,15,202,100,49,97
ABO,1994,12,21,8,-4.6,86.9,3.8,-6.4,2.74,-5.2,2.2,0,866.1,18,1.4,4.7,71,0,71,65,66,65,65,201,100,49,97
ABO,1994,12,21,9,-4.7,88.9,3.8,-6.2,2.74,-5.2,2.1,0.1,866.1,34,1.7,5,108,0,108,105,105,105,105,201,100,49,97
ABO,1994,12,21,10,-4.6,87.7,3.8,-6.3,2.74,-5.2,2.2,0,865.4,37,1.8,5.3,255,258,170,130,216,402,129,200,100,49,97
ABO,1994,12,21,11,-4.5,86.8,3.8,-6.4,2.74,-5.1,2.3,0,864.9,41,2,5.5,268,259,180,136,158,416,167,199,100,49,97
ABO,1994,12,21,12,-4.5,86.6,3.8,-6.4,2.75,-5.1,2.3,0,864.5,42,1.8,5.2,245,260,164,125,125,394,229,198,100,49,97
ABO,1994,12,21,13,-4.7,85.4,3.7,-6.8,2.68,-5.4,1.9,0,863.9,45,1.5,4.7,189,266,124,95,95,343,251,197,100,49,97
ABO,1994,12,21,14,-4.7,85.3,3.7,-6.8,2.68,-5.4,1.9,0,863.8,45,1.2,4.3,103,251,67,52,52,248,233,196,100,49,97
ABO,1994,12,21,15,-5.1,87.7,3.7,-6.8,2.68,-5.7,1.5,0,863.8,72,0.9,3.8,12,0,12,10,10,10,10,195,100,49,97
ABO,1994,12,21,16,-5.4,89.9,3.7,-6.8,2.68,-5.9,1.2,0,863.7,180,0.7,3.3,0,0,0,0,0,0,0,194,100,49,97
ABO,1994,12,21,17,-5.6,89.2,3.6,-7.1,2.6,-6.1,0.8,0,863.5,207,0.5,3,0,0,0,0,0,0,0,193,100,49,97
ABO,1994,12,21,18,-5.8,88.7,3.5,-7.4,2.53,-6.3,0.4,0,863.3,217,0.5,2.8,0,0,0,0,0,0,0,191,100,49,97
ABO,1994,12,21,19,-5.9,87.7,3.5,-7.6,2.53,-6.4,0.3,0,863,233,0.6,2.7,0,0,0,0,0,0,0,190,100,49,97
ABO,1994,12,21,20,-5.9,89,3.5,-7.4,2.53,-6.4,0.3,0.1,862.5,248,0.7,2.7,0,0,0,0,0,0,0,188,100,49,97
ABO,1994,12,21,21,-6,87.6,3.4,-7.7,2.46,-6.5,0.1,0,861.9,262,0.8,2.6,0,0,0,0,0,0,0,187,100,49,97
ABO,1994,12,21,22,-6.3,88.3,3.4,-7.9,2.46,-6.8,-0.2,0,862,270,0.9,2.5,0,0,0,0,0,0,0,185,100,49,97
ABO,1994,12,21,23,-6.3,86.8,3.3,-8.1,2.39,-6.9,-0.4,0,861.8,270,1,2.5,0,0,0,0,0,0,0,184,100,49,97
ABO,1994,12,22,0,-6.3,81,3.1,-9,2.25,-7.1,-0.8,0,861.6,220,0.8,2.3,0,0,0,0,0,0,0,183,100,50,97
ABO,1994,12,22,1,-6.4,87.6,3.3,-8.1,2.39,-6.9,-0.5,0.1,861.5,270,0.7,2,0,0,0,0,0,0,0,183,100,50,97
ABO,1994,12,22,2,-6.5,83.4,3.1,-8.8,2.25,-7.2,-1,0.4,861.5,270,0.5,1.9,0,0,0,0,0,0,0,183,100,50,97
ABO,1994,12,22,3,-6.7,83.6,3.1,-9,2.25,-7.4,-1.2,0.3,861.3,270,0.4,1.7,0,0,0,0,0,0,0,184,100,50,97
ABO,1994,12,22,4,-6.9,83.1,3,-9.3,2.17,-7.6,-1.6,0.4,861.1,243,0.5,2,0,0,0,0,0,0,0,184,100,50,97
ABO,1994,12,22,5,-6.9,83.3,3,-9.2,2.17,-7.6,-1.6,0.2,861.4,122,1,3,0,0,0,0,0,0,0,184,100,50,97
ABO,1994,12,22,6,-7,86.1,3.2,-8.9,2.32,-7.6,-1.3,0,861.6,84,1.5,3.8,0,0,0,0,0,0,0,185,100,50,97
ABO,1994,12,22,7,-7.2,87,3.1,-9,2.25,-7.7,-1.7,0.1,861.6,42,2,4.7,13,0,13,15,15,15,15,187,100,50,97
ABO,1994,12,22,8,-6.9,87.1,3.2,-8.7,2.32,-7.4,-1.2,1.5,861.9,29,2.5,5.5,70,0,70,65,65,65,65,189,100,50,97
ABO,1994,12,22,9,-6.4,85.7,3.2,-8.4,2.32,-7,-0.7,1.1,862.6,32,2.7,5.9,117,0,117,104,104,104,103,191,100,50,97
ABO,1994,12,22,10,-6.2,85.3,3.3,-8.3,2.39,-6.8,-0.3,0.7,862.5,36,2.9,6.2,235,197,171,128,195,336,127,193,100,50,97
ABO,1994,12,22,11,-6.1,88,3.4,-7.8,2.46,-6.6,0,0.3,862.8,41,3,6.5,287,339,171,136,162,498,175,195,100,50,97
ABO,1994,12,22,12,-5.7,84.4,3.4,-7.9,2.46,-6.4,0.4,0.1,862.9,45,3.1,6.6,262,341,155,124,124,474,258,197,100,50,97
ABO,1994,12,22,13,-5.7,85.2,3.4,-7.8,2.46,-6.4,0.4,0.1,863.2,45,2.8,6.2,189,275,120,94,94,351,250,197,100,50,97
ABO,1994,12,22,14,-5.7,85.9,3.4,-7.7,2.46,-6.3,0.4,0.2,864,45,2.9,6.1,94,189,66,50,51,199,186,196,100,50,97
ABO,1994,12,22,15,-5.9,86.8,3.4,-7.7,2.46,-6.5,0.1,0.1,864.4,46,2.8,5.8,14,0,14,12,12,12,11,196,100,50,97
ABO,1994,12,22,16,-5.9,86.3,3.4,-7.8,2.46,-6.5,0.1,0,864.6,40,2.7,5.4,0,0,0,0,0,0,0,196,100,50,97
ABO,1994,12,22,17,-5.9,87.2,3.4,-7.7,2.45,-6.5,0.1,0,864.9,36,2.8,6.1,0,0,0,0,0,0,0,196,100,50,97
ABO,1994,12,22,18,-5.9,87.6,3.5,-7.6,2.53,-6.4,0.3,0.1,865.3,45,2.1,4.8,0,0,0,0,0,0,0,195,100,50,97
ABO,1994,12,22,19,-5.8,87.1,3.5,-7.6,2.53,-6.4,0.4,0,865.5,36,2.9,7.2,0,0,0,0,0,0,0,193,100,50,97
ABO,1994,12,22,20,-5.8,87.1,3.5,-7.6,2.52,-6.4,0.4,0,865.8,32,3,6.5,0,0,0,0,0,0,0,191,100,50,97
ABO,1994,12,22,21,-5.8,87.5,3.5,-7.5,2.52,-6.3,0.4,0,865.8,36,2.3,5.8,0,0,0,0,0,0,0,189,100,50,97
ABO,1994,12,22,22,-5.8,87.7,3.5,-7.5,2.52,-6.3,0.4,0.1,866.1,32,3,7.1,0,0,0,0,0,0,0,188,100,50,97
ABO,1994,12,22,23,-5.8,87.5,3.5,-7.5,2.52,-6.3,0.4,0,866.4,31,2.9,5.6,0,0,0,0,0,0,0,186,100,50,97
ABO,1994,12,23,0,-5.9,88.1,3.5,-7.5,2.52,-6.4,0.3,0,866.5,34,2.3,5.7,0,0,0,0,0,0,0,184,100,50,97
ABO,1994,12,23,1,-6,88.1,3.5,-7.6,2.52,-6.5,0.2,0,866.8,39,2.3,4.9,0,0,0,0,0,0,0,184,100,50,97
ABO,1994,12,23,2,-6.2,88.3,3.4,-7.8,2.45,-6.7,-0.2,0,867.2,49,2.1,3.9,0,0,0,0,0,0,0,184,100,50,97
ABO,1994,12,23,3,-6.4,89.1,3.4,-7.9,2.45,-6.9,-0.4,0,867.1,53,0.6,2.8,0,0,0,0,0,0,0,183,100,50,97
ABO,1994,12,23,4,-7.2,80.3,2.9,-10,2.09,-8,-2.1,0,867.1,297,0.5,1.9,0,0,0,0,0,0,0,183,100,50,97
ABO,1994,12,23,5,-8.3,79.3,2.6,-11.2,1.87,-9.1,-3.7,0,867.7,360,0.2,1.3,0,0,0,0,0,0,0,182,100,50,97
ABO,1994,12,23,6,-8.1,82.9,2.8,-10.5,2.01,-8.8,-3.2,0,868.5,225,0.1,0.8,0,0,0,0,0,0,0,183,100,50,97
ABO,1994,12,23,7,-7.6,81.1,2.8,-10.3,2.01,-8.4,-2.7,0,868.6,198,0.3,2.3,13,0,13,15,15,15,15,184,88,50,97
ABO,1994,12,23,8,-7.2,81.4,2.9,-9.8,2.08,-7.9,-2.1,0,868.9,214,0.4,1.7,68,0,68,65,65,65,65,188,100,50,97
ABO,1994,12,23,9,-7.1,79.1,2.8,-10.1,2.01,-7.9,-2.2,0,869.9,90,0.5,1.6,117,0,117,103,104,104,103,190,100,50,97
ABO,1994,12,23,10,-6.5,76.8,2.9,-9.9,2.08,-7.5,-1.4,0,869.5,193,0.9,2.2,233,189,171,127,193,328,126,193,100,50,97
ABO,1994,12,23,11,-5.8,74.2,2.9,-9.6,2.08,-6.9,-0.7,0,869.3,131,1.1,2.5,264,256,177,135,152,410,172,196,100,50,97
ABO,1994,12,23,12,-6.1,75.2,2.9,-9.8,2.08,-7.2,-1,0,869,120,0.9,2.5,260,325,158,125,124,459,252,197,100,50,97
ABO,1994,12,23,13,-6.4,75.3,2.9,-10,2.08,-7.4,-1.3,0,869.1,127,0.5,1.4,172,189,125,93,94,271,204,196,100,50,97
ABO,1994,12,23,14,-6.3,75.9,2.9,-9.8,2.08,-7.3,-1.2,0,869.3,143,0.5,2,99,237,67,52,52,235,223,195,100,50,97
ABO,1994,12,23,15,-6.5,78,3,-9.7,2.15,-7.4,-1.2,0,869.2,174,0.9,2.1,13,0,13,11,12,12,11,194,100,50,97
ABO,1994,12,23,16,-7.2,80.4,2.9,-10,2.08,-8,-2.1,0,869.4,189,0.7,2.3,0,0,0,0,0,0,0,193,100,50,97
ABO,1994,12,23,17,-7.5,79.6,2.8,-10.4,2.01,-8.3,-2.6,0,869.3,211,0.6,2.2,0,0,0,0,0,0,0,192,100,50,97
ABO,1994,12,23,18,-8.4,81.2,2.6,-11,1.87,-9.1,-3.8,0,869.5,225,0.3,1.5,0,0,0,0,0,0,0,191,100,50,97
ABO,1994,12,23,19,-8.7,71.8,2.3,-12.9,1.65,-9.7,-4.7,0,869.5,207,0.4,1.8,0,0,0,0,0,0,0,189,100,50,97
ABO,1994,12,23,20,-9,70,2.2,-13.5,1.58,-10.1,-5.2,0,869,212,0.9,2.9,0,0,0,0,0,0,0,187,100,50,97
ABO,1994,12,23,21,-10.2,62.9,1.8,-15.9,1.29,-11.4,-7.1,0,869,207,0.3,1.5,0,0,0,0,0,0,0,184,100,50,97
ABO,1994,12,23,22,-10.4,62,1.7,-16.3,1.22,-11.7,-7.5,0,869.1,225,1,2.5,0,0,0,0,0,0,0,182,100,50,97
ABO,1994,12,23,23,-10.1,57.6,1.6,-16.9,1.15,-11.5,-7.3,0,869,214,1.1,2.8,0,0,0,0,0,0,0,180,100,50,97
ABO,1994,12,24,0,-10.4,62.3,1.8,-16.2,1.29,-11.6,-7.3,0,869,203,0.8,2.6,0,0,0,0,0,0,0,178,100,50,97
ABO,1994,12,24,1,-9.8,64.5,1.9,-15.2,1.36,-11,-6.5,0,868.8,211,1.1,4.3,0,0,0,0,0,0,0,177,100,50,97
ABO,1994,12,24,2,-9.7,58.7,1.7,-16.3,1.22,-11.1,-6.8,0,868.3,212,1.3,2.8,0,0,0,0,0,0,0,177,100,50,97
ABO,1994,12,24,3,-10.3,58.2,1.6,-16.9,1.15,-11.7,-7.5,0,868.2,212,1,2.2,0,0,0,0,0,0,0,176,100,50,97
ABO,1994,12,24,4,-11.1,58.1,1.5,-17.7,1.08,-12.4,-8.5,0,867.7,210,0.8,2.2,0,0,0,0,0,0,0,175,100,50,97
ABO,1994,12,24,5,-11.1,53.8,1.4,-18.6,1,-12.6,-8.7,0,868,220,0.9,2.9,0,0,0,0,0,0,0,175,100,50,97
ABO,1994,12,24,6,-11.5,52.1,1.3,-19.4,0.93,-13,-9.3,0,868.1,217,0.5,2.2,0,0,0,0,0,0,0,175,100,50,97
ABO,1994,12,24,7,-11.9,47.1,1.2,-20.9,0.86,-13.5,-9.9,0,867.6,211,0.6,2,14,0,14,16,15,16,16,178,88,50,97
ABO,1994,12,24,8,-12,49.1,1.2,-20.5,0.86,-13.5,-10,0,868.1,0,0.3,2.1,66,0,66,65,65,65,65,180,75,50,97
ABO,1994,12,24,9,-11.5,54,1.4,-19,1,-12.9,-9.1,0,868.4,198,1,3.3,112,0,112,105,105,105,105,185,88,50,97
ABO,1994,12,24,10,-9.8,68,2,-14.6,1.44,-10.9,-6.3,0,868.2,117,0.8,2.4,244,226,171,130,207,368,129,190,100,50,97
ABO,1994,12,24,11,-8.8,76.7,2.4,-12.1,1.73,-9.6,-4.6,0,867.4,164,0.9,2.9,258,229,180,137,156,384,163,193,88,50,97
ABO,1994,12,24,12,-7.8,77,2.6,-11.1,1.87,-8.7,-3.2,0,867.2,135,0.9,2.4,254,308,158,125,125,441,250,197,100,50,97
ABO,1994,12,24,13,-7.1,79.7,2.9,-10,2.09,-7.9,-2,0,867.5,98,1.1,5.1,181,230,125,95,96,310,229,196,100,50,97
ABO,1994,12,24,14,-7.4,86.2,3,-9.3,2.16,-7.9,-2.1,0,867.7,111,1.2,3.4,106,291,66,53,53,277,264,193,88,50,97
ABO,1994,12,24,15,-8.3,73.5,2.4,-12.2,1.72,-9.3,-4.1,0,868,108,0.3,1.8,15,0,15,13,13,13,12,194,100,50,97
ABO,1994,12,24,16,-8.6,65.3,2.1,-13.9,1.51,-9.9,-4.9,0,867.8,207,0.6,2.3,0,0,0,0,0,0,0,193,100,50,97
ABO,1994,12,24,17,-7.6,79.1,2.8,-10.6,2.01,-8.4,-2.7,0,867.4,217,0.5,4.2,0,0,0,0,0,0,0,192,100,50,97
ABO,1994,12,24,18,-6,83.5,3.3,-8.3,2.38,-6.7,-0.2,0,867.3,360,0.2,1.2,0,0,0,0,0,0,0,191,100,50,97
ABO,1994,12,24,19,-6.3,84.5,3.3,-8.5,2.37,-7,-0.5,0,867.6,45,0.5,2.6,0,0,0,0,0,0,0,189,100,50,97
ABO,1994,12,24,20,-9.4,81,2.4,-12,1.73,-10.1,-5.2,0,867.6,225,0.4,1.5,0,0,0,0,0,0,0,188,100,50,97
ABO,1994,12,24,21,-10.1,90.3,2.6,-11.4,1.87,-10.4,-5.6,0,868,72,0.5,2.5,0,0,0,0,0,0,0,187,100,50,97
ABO,1994,12,24,22,-10,90.4,2.6,-11.3,1.87,-10.3,-5.5,0,867.2,203,0.8,1.9,0,0,0,0,0,0,0,185,100,50,97
ABO,1994,12,24,23,-10.3,80.1,2.3,-13.1,1.65,-11,-6.3,0,867.9,53,0.8,3.7,0,0,0,0,0,0,0,184,100,50,97
ABO,1994,12,25,0,-10.8,87.9,2.4,-12.4,1.73,-11.2,-6.6,0,867.3,225,0.3,1.8,0,0,0,0,0,0,0,182,100,52,97
ABO,1994,12,25,1,-10.1,68,1.9,-14.9,1.37,-11.2,-6.8,0,867.2,214,0.4,3,0,0,0,0,0,0,0,181,100,52,97
ABO,1994,12,25,2,-9,84.4,2.6,-11.1,1.87,-9.6,-4.4,0,867.5,53,0.7,4.5,0,0,0,0,0,0,0,180,100,52,97
ABO,1994,12,25,3,-10.9,66.1,1.8,-16,1.29,-12,-7.8,0,867.2,225,0.3,2,0,0,0,0,0,0,0,178,100,52,97
ABO,1994,12,25,4,-11.5,61,1.6,-17.5,1.15,-12.7,-8.8,0,867.1,0,0.2,1.5,0,0,0,0,0,0,0,177,100,52,97
ABO,1994,12,25,5,-10.2,62.5,1.8,-16,1.29,-11.5,-7.1,0,867,225,0.3,1.7,0,0,0,0,0,0,0,176,100,52,97
ABO,1994,12,25,6,-8.5,83,2.7,-10.9,1.94,-9.1,-3.8,0,867,225,0.3,2.7,0,0,0,0,0,0,0,172,68,52,97
ABO,1994,12,25,7,-7.7,82.2,2.8,-10.2,2.02,-8.4,-2.8,0,867,315,0.2,0.9,14,0,14,16,16,16,16,175,63,52,97
ABO,1994,12,25,8,-8.6,81.6,2.6,-11.2,1.87,-9.3,-4,0,867.2,0,0.1,0.8,54,0,54,68,67,67,68,179,60,52,97
ABO,1994,12,25,9,-9,69.2,2.2,-13.6,1.58,-10.1,-5.2,0,867.3,225,0.3,1.2,96,0,96,109,108,108,110,182,55,52,97
ABO,1994,12,25,10,-8.7,86.3,2.7,-10.6,1.94,-9.2,-4,0,867.2,153,0.2,1.6,248,232,173,134,214,380,134,187,75,52,97
ABO,1994,12,25,11,-8.5,85.1,2.8,-10.5,2.02,-9,-3.6,0,866.9,146,0.4,1.5,261,230,182,141,162,390,167,192,88,52,97
ABO,1994,12,25,12,-7.1,82.1,2.9,-9.6,2.09,-7.8,-2,0,866.6,129,0.6,2.1,238,226,167,129,130,365,219,195,100,52,97
ABO,1994,12,25,13,-7.2,85.5,3,-9.2,2.16,-7.8,-1.9,0,866.7,81,1.2,3.1,184,230,127,99,100,315,233,195,100,52,97
ABO,1994,12,25,14,-7.9,88.8,3,-9.4,2.16,-8.3,-2.6,0,866.7,135,0.5,1.5,108,284,68,55,55,275,261,194,100,52,97
ABO,1994,12,25,15,-8.7,78.8,2.5,-11.7,1.8,-9.5,-4.3,0,866.9,180,0.2,1,14,0,14,13,13,13,13,193,100,52,97
ABO,1994,12,25,16,-6.8,77.4,2.9,-10.1,2.09,-7.7,-1.7,0,866.6,225,0.8,2.8,0,0,0,0,0,0,0,192,100,52,97
ABO,1994,12,25,17,-6.6,83.2,3.1,-9,2.23,-7.3,-1.1,0,866.4,225,0.3,2,0,0,0,0,0,0,0,186,50,52,97
ABO,1994,12,25,18,-8.2,80.4,2.7,-11,1.94,-9,-3.4,0,866.4,225,0.2,1.2,0,0,0,0,0,0,0,183,25,52,97
ABO,1994,12,25,19,-8.6,82.6,2.7,-11,1.94,-9.2,-3.9,0,866.7,225,0.2,1.5,0,0,0,0,0,0,0,179,0,52,97
ABO,1994,12,25,20,-11.2,64.2,1.7,-16.6,1.22,-12.3,-8.3,0,866.9,180,0.1,0.8,0,0,0,0,0,0,0,177,0,52,97
ABO,1994,12,25,21,-10.7,48.3,1.3,-19.5,0.93,-12.4,-8.5,0,866.2,236,0.4,2.1,0,0,0,0,0,0,0,177,13,52,97
ABO,1994,12,25,22,-10.9,81.6,2.2,-13.4,1.58,-11.5,-7.1,0,867.3,72,0.7,3.9,0,0,0,0,0,0,0,176,20,52,97
ABO,1994,12,25,23,-10.7,58.4,1.6,-17.3,1.15,-12.1,-7.9,0,866.5,225,0.6,2.2,0,0,0,0,0,0,0,179,70,52,97
ABO,1994,12,26,0,-10.4,56.7,1.6,-17.3,1.15,-11.8,-7.6,0,866.4,225,0.2,1.2,0,0,0,0,0,0,0,174,33,73,97
ABO,1994,12,26,1,-7.8,71.9,2.5,-12,1.8,-8.9,-3.4,0,866.2,233,0.6,2.8,0,0,0,0,0,0,0,175,25,73,97
ABO,1994,12,26,2,-6.6,81.7,3,-9.2,2.16,-7.4,-1.3,0,865.8,270,0.1,1.1,0,0,0,0,0,0,0,174,13,73,97
ABO,1994,12,26,3,-8.1,80.8,2.7,-10.8,1.94,-8.8,-3.3,0,866.4,63,0.3,1.7,0,0,0,0,0,0,0,180,58,73,97
ABO,1994,12,26,4,-10,53.5,1.6,-17.7,1.15,-11.6,-7.2,0,866.7,217,0.5,1.7,0,0,0,0,0,0,0,186,100,73,97
ABO,1994,12,26,5,-8.8,56.1,1.8,-16,1.29,-10.4,-5.7,0,866.6,230,0.7,2.5,0,0,0,0,0,0,0,186,88,73,97
ABO,1994,12,26,6,-5.9,87.2,3.4,-7.7,2.45,-6.5,0.1,0,867,217,0.5,3.4,0,0,0,0,0,0,0,185,70,73,97
ABO,1994,12,26,7,-5.3,81.1,3.4,-8,2.45,-6.1,0.7,0,866.8,225,0.3,1.8,15,0,15,21,21,21,21,188,55,73,97
ABO,1994,12,26,8,-4.8,81.6,3.5,-7.5,2.52,-5.7,1.4,0,867.3,45,0.4,1.6,70,0,70,86,85,85,87,195,88,73,97
ABO,1994,12,26,9,-4,80.7,3.7,-6.8,2.67,-4.9,2.6,0,867.2,207,0.6,2.2,118,0,118,138,137,137,139,196,63,73,97
ABO,1994,12,26,10,-3.7,83.2,3.9,-6.1,2.81,-4.5,3.3,0,867.6,72,0.6,3.3,252,225,179,170,247,407,171,203,88,73,97
ABO,1994,12,26,11,-4.3,84.1,3.7,-6.6,2.67,-5.1,2.3,0,867.1,180,0.3,1.8,266,227,188,180,198,424,208,206,75,73,97
ABO,1994,12,26,12,-2.8,78.3,3.9,-6,2.81,-3.9,4.2,0,866.5,146,0.4,1.6,293,431,156,172,168,611,339,202,25,73,97
ABO,1994,12,26,13,-2.1,74.3,3.9,-6,2.81,-3.5,4.9,0,866.5,158,0.6,2.3,211,340,124,130,128,447,322,203,33,73,97
ABO,1994,12,26,14,-1.9,72.7,3.9,-6.1,2.81,-3.4,5.1,0,866.6,198,0.7,2.8,111,288,70,71,70,294,280,204,40,73,97
ABO,1994,12,26,15,-2.3,75.6,3.9,-6,2.81,-3.6,4.7,0,866.5,214,0.4,2.3,15,0,15,17,16,17,17,211,88,73,97
ABO,1994,12,26,16,-2.6,76.9,3.9,-6.1,2.81,-3.8,4.4,0,866.6,0,0.2,1.3,0,0,0,0,0,0,0,211,88,73,97
ABO,1994,12,26,17,-1.6,69.5,3.8,-6.4,2.74,-3.3,5.2,0,866.5,248,1.9,6.3,0,0,0,0,0,0,0,205,50,73,97
ABO,1994,12,26,18,-0.1,60.7,3.7,-6.8,2.67,-2.5,6.5,0,866.3,254,3.7,7,0,0,0,0,0,0,0,201,20,73,97
ABO,1994,12,26,19,-0.1,69.9,4.2,-4.9,3.03,-1.9,7.4,0,867,248,2.8,5.7,0,0,0,0,0,0,0,206,40,73,97
ABO,1994,12,26,20,-2,83.7,4.4,-4.4,3.17,-2.9,5.9,0,867.6,288,1.1,7.5,0,0,0,0,0,0,0,217,88,73,97
ABO,1994,12,26,21,0,76.1,4.6,-3.7,3.32,-1.4,8.3,0.1,867,250,2.4,6.5,0,0,0,0,0,0,0,218,80,73,97
ABO,1994,12,26,22,0.6,76.5,4.9,-3,3.54,-0.8,9.4,0.1,867,245,2.3,6.9,0,0,0,0,0,0,0,218,68,73,97
ABO,1994,12,26,23,1,79,5.2,-2.2,3.76,-0.3,10.4,0.2,866.5,253,2.3,5.7,0,0,0,0,0,0,0,223,80,73,97
ABO,1994,12,27,0,2.4,68.4,5,-2.8,3.61,0.3,11.4,0,866,201,4.7,11,0,0,0,0,0,0,0,230,100,73,97
ABO,1994,12,27,1,3,63.2,4.8,-3.3,3.47,0.5,11.7,0,865.9,197,3.7,8.5,0,0,0,0,0,0,0,231,100,73,97
ABO,1994,12,27,2,3.1,63,4.8,-3.2,3.47,0.5,11.8,0,866.1,194,3.8,7.7,0,0,0,0,0,0,0,232,100,73,97
ABO,1994,12,27,3,2.5,67.8,5,-2.8,3.61,0.3,11.5,0,865.8,207,3.5,8.8,0,0,0,0,0,0,0,230,88,73,97
ABO,1994,12,27,4,2.6,66.5,4.9,-3,3.54,0.3,11.5,0,865.3,207,4,7.8,0,0,0,0,0,0,0,229,80,73,97
ABO,1994,12,27,5,3.1,62.6,4.8,-3.3,3.47,0.5,11.8,0,865,192,3.9,10.6,0,0,0,0,0,0,0,224,58,73,97
ABO,1994,12,27,6,3.4,58.8,4.6,-3.9,3.33,0.5,11.7,0,864.9,195,3.9,10.3,0,0,0,0,0,0,0,228,68,73,97
ABO,1994,12,27,7,3.6,60.2,4.7,-3.4,3.4,0.8,12.1,0,865.5,199,4.3,10.6,20,0,20,26,25,25,26,229,60,73,97
ABO,1994,12,27,8,3.3,65.8,5.1,-2.5,3.69,0.9,12.5,0,865.9,206,4.6,12.2,68,0,68,83,82,82,84,239,88,73,97
ABO,1994,12,27,9,3.4,67.4,5.3,-2.1,3.83,1.1,13,0,866,215,4.1,10.3,116,0,116,134,133,133,135,245,100,73,97
ABO,1994,12,27,10,3.6,66.5,5.3,-2,3.83,1.2,13.2,0,865.5,223,4.3,10.7,247,221,174,166,242,398,168,245,88,73,97
ABO,1994,12,27,11,4.4,62.7,5.3,-2.1,3.83,1.6,14,0,865.1,216,4.1,11.5,260,219,184,176,194,410,202,251,100,73,97
ABO,1994,12,27,12,4.4,63.9,5.4,-1.8,3.91,1.8,14.2,0,864.5,207,3.5,10,238,218,169,161,160,386,247,253,100,73,97
ABO,1994,12,27,13,4.7,61,5.2,-2.2,3.76,1.8,14.2,0,864.5,202,5.1,12.2,185,224,129,124,123,334,255,251,88,73,97
ABO,1994,12,27,14,4.7,60.8,5.2,-2.2,3.76,1.8,14.2,0,864.3,198,4.6,11.8,108,270,70,70,69,279,266,256,100,73,97
ABO,1994,12,27,15,4.6,61.5,5.2,-2.2,3.76,1.7,14.1,0,864.3,203,5.5,14.4,16,0,16,17,17,17,17,251,80,73,97
ABO,1994,12,27,16,4.4,62.8,5.3,-2.1,3.84,1.6,14,0,863.9,200,6.2,14.8,0,0,0,0,0,0,0,249,70,73,97
ABO,1994,12,27,17,4.7,58.5,5,-2.7,3.62,1.6,13.8,0,864.2,203,5.8,12.5,0,0,0,0,0,0,0,259,100,73,97
ABO,1994,12,27,18,4.4,60.2,5,-2.6,3.62,1.5,13.5,0,864.6,198,7,12.5,0,0,0,0,0,0,0,251,68,73,97
ABO,1994,12,27,19,4.3,60.8,5.1,-2.6,3.69,1.4,13.6,0,864.9,192,6.2,12,0,0,0,0,0,0,0,263,100,73,97
ABO,1994,12,27,20,4.1,61.2,5,-2.7,3.62,1.3,13.2,0,864.9,216,3.9,7.9,0,0,0,0,0,0,0,256,75,73,97
ABO,1994,12,27,21,4.2,61.3,5.1,-2.6,3.69,1.4,13.5,0,865.1,197,4.5,10.5,0,0,0,0,0,0,0,266,100,73,97
ABO,1994,12,27,22,4.1,66,5.4,-1.7,3.91,1.6,13.9,0,865.3,203,4.1,9.2,0,0,0,0,0,0,0,268,100,73,97
ABO,1994,12,27,23,3.9,72.9,5.9,-0.5,4.27,2,14.6,0.6,865.7,203,4,8.9,0,0,0,0,0,0,0,269,100,73,97
ABO,1994,12,28,0,3.8,75.9,6.1,-0.1,4.41,2.1,14.9,1.6,865.5,222,3.8,9.4,0,0,0,0,0,0,0,271,100,74,97
ABO,1994,12,28,1,4.1,77.6,6.3,0.5,4.56,2.5,15.5,1.9,865.7,230,4.5,10.5,0,0,0,0,0,0,0,273,100,74,97
ABO,1994,12,28,2,4.6,76.8,6.5,0.9,4.7,2.9,16.4,1.5,865.9,232,5.1,11.9,0,0,0,0,0,0,0,275,100,74,97
ABO,1994,12,28,3,4.4,79.1,6.6,1.1,4.78,2.9,16.4,1.5,866,230,4.9,9.6,0,0,0,0,0,0,0,277,100,74,97
ABO,1994,12,28,4,4.6,78.6,6.6,1.2,4.78,3,16.6,1.7,866,233,5.3,11.2,0,0,0,0,0,0,0,279,100,74,97
ABO,1994,12,28,5,4.5,80.9,6.8,1.5,4.92,3.1,16.9,1.8,866.5,229,5.2,10.6,0,0,0,0,0,0,0,281,100,74,97
ABO,1994,12,28,6,4.7,78.7,6.7,1.3,4.84,3.1,16.9,1.5,867.2,225,4.6,8.7,0,0,0,0,0,0,0,282,100,74,97
ABO,1994,12,28,7,4.7,80.9,6.9,1.7,4.99,3.3,17.2,1.4,867.6,235,4.4,8.5,15,0,15,20,20,20,21,284,100,74,97
ABO,1994,12,28,8,5.1,79.4,7,1.8,5.06,3.6,17.8,0.7,868,247,4,8.2,67,0,67,82,81,82,83,285,100,74,97
ABO,1994,12,28,9,5.2,78.4,6.9,1.8,4.98,3.6,17.7,0.9,868.7,249,4.3,8.2,115,0,115,133,132,132,134,286,100,74,97
ABO,1994,12,28,10,5.2,80,7.1,2,5.12,3.7,18.1,0.9,868.9,247,4.4,6.7,267,317,164,170,279,496,172,282,88,74,97
ABO,1994,12,28,11,5.5,79.8,7.2,2.3,5.2,4,18.6,0.6,868.8,249,3.4,6.9,258,219,182,176,193,410,202,284,88,74,97
ABO,1994,12,28,12,5.4,80,7.2,2.2,5.2,3.9,18.5,0.5,868.9,242,3.4,6.2,259,318,159,165,163,488,293,279,75,74,97
ABO,1994,12,28,13,5.3,79.4,7.1,2,5.12,3.7,18.2,0.2,868.9,236,3.4,8.2,206,329,121,128,126,435,313,268,50,74,97
ABO,1994,12,28,14,5.2,79.1,7,1.9,5.05,3.6,17.9,0.2,869,241,3.7,8.9,134,452,66,77,75,429,401,263,38,74,97
ABO,1994,12,28,15,5.4,76.1,6.9,1.5,4.98,3.6,17.9,0,869.5,263,2.5,7.1,16,0,16,17,17,17,17,288,100,74,97
ABO,1994,12,28,16,5.2,76.6,6.7,1.4,4.83,3.4,17.3,0,869.8,256,2.9,6.3,0,0,0,0,0,0,0,288,100,74,97
ABO,1994,12,28,17,5,76,6.7,1.1,4.83,3.2,17.1,0,870.1,249,3.1,6.5,0,0,0,0,0,0,0,282,88,74,97
ABO,1994,12,28,18,5,76.5,6.7,1.2,4.83,3.2,17.1,0,869.5,262,3,6.9,0,0,0,0,0,0,0,271,63,74,97
ABO,1994,12,28,19,4,83.8,6.8,1.5,4.9,2.8,16.3,0,870,27,1,2.9,0,0,0,0,0,0,0,252,20,74,97
ABO,1994,12,28,20,3.3,88.1,6.8,1.5,4.9,2.5,15.6,0,869.5,270,0.5,2.6,0,0,0,0,0,0,0,251,25,74,97
ABO,1994,12,28,21,3.3,88.3,6.8,1.6,4.9,2.5,15.6,0,869.2,270,0.5,2,0,0,0,0,0,0,0,249,25,74,97
ABO,1994,12,28,22,3.1,86.8,6.6,1.1,4.76,2.2,15,0,868.9,225,0.5,1.9,0,0,0,0,0,0,0,246,25,74,97
ABO,1994,12,28,23,2.8,87.3,6.5,0.9,4.69,1.9,14.5,0,868.7,37,0.8,4.1,0,0,0,0,0,0,0,251,45,74,97
ABO,1994,12,29,0,2.4,85.6,6.2,0.2,4.47,1.4,13.6,0,868.5,239,0.7,3.3,0,0,0,0,0,0,0,264,88,62,97
ABO,1994,12,29,1,2.2,86.8,6.2,0.2,4.47,1.3,13.4,0,868.2,248,0.6,2.4,0,0,0,0,0,0,0,248,58,62,97
ABO,1994,12,29,2,2,87.3,6.2,0.1,4.48,1.2,13.2,0,867.6,270,0.3,1.6,0,0,0,0,0,0,0,237,38,62,97
ABO,1994,12,29,3,2,86.9,6.1,0.1,4.41,1.2,13,0,867,236,0.4,3.9,0,0,0,0,0,0,0,230,25,62,97
ABO,1994,12,29,4,2,85.8,6,-0.1,4.33,1.1,12.8,0,866.9,270,0.2,0.9,0,0,0,0,0,0,0,226,25,62,97
ABO,1994,12,29,5,1.7,85.6,5.9,-0.4,4.26,0.8,12.4,0,866.5,243,0.4,3,0,0,0,0,0,0,0,219,13,62,97
ABO,1994,12,29,6,1.8,85.2,5.9,-0.4,4.27,0.9,12.5,0,866.3,225,0.2,2.4,0,0,0,0,0,0,0,219,25,62,97
ABO,1994,12,29,7,1.7,83.5,5.8,-0.8,4.19,0.6,12.2,0,866.5,270,0.2,1.6,15,0,15,18,18,18,18,222,33,62,97
ABO,1994,12,29,8,2.4,81.5,5.9,-0.4,4.26,1.2,13.1,0,866.5,225,0.4,2.8,67,0,67,75,74,74,75,228,58,62,97
ABO,1994,12,29,9,3.3,80.6,6.2,0.3,4.49,2,14.5,0,866,225,0.3,2.1,98,0,98,123,121,122,124,229,60,62,97
ABO,1994,12,29,10,4.3,80.5,6.7,1.2,4.85,2.9,16.5,0,865.7,198,0.4,2.8,251,231,175,151,231,394,151,229,58,62,97
ABO,1994,12,29,11,5.7,71.6,6.5,1,4.71,3.5,17.5,0,864.8,149,0.6,2,292,332,178,162,196,516,190,228,50,62,97
ABO,1994,12,29,12,6.5,66.6,6.4,0.7,4.64,3.8,18.2,0,864.1,173,0.8,2.2,245,230,171,147,147,387,238,233,75,62,97
ABO,1994,12,29,13,6.8,64.7,6.4,0.6,4.65,3.9,18.5,0,863.2,198,0.6,2.5,209,346,124,115,114,433,318,231,55,62,97
ABO,1994,12,29,14,5.8,66.9,6.2,0.1,4.5,3.2,17.1,0,862.8,135,0.4,3,128,403,65,66,65,382,351,235,68,62,97
ABO,1994,12,29,15,4.5,69.7,5.9,-0.5,4.28,2.3,15.2,0,863,225,0.2,2,20,0,20,19,19,19,19,229,33,62,97
ABO,1994,12,29,16,3.9,68,5.5,-1.5,3.99,1.6,13.9,0,862.7,297,0.5,2.3,0,0,0,0,0,0,0,246,100,62,97
ABO,1994,12,29,17,2,76.7,5.4,-1.7,3.92,0.5,11.8,0,863.1,315,0.6,2.3,0,0,0,0,0,0,0,244,88,62,97
ABO,1994,12,29,18,4.6,60.3,4.9,-2.4,3.56,1.6,13.5,0,861.8,243,2.3,6.7,0,0,0,0,0,0,0,249,100,62,97
ABO,1994,12,29,19,8.8,35.3,4,-5.7,2.9,2.8,16.1,0,861,247,4,7.3,0,0,0,0,0,0,0,252,100,62,97
ABO,1994,12,29,20,6.7,50.4,4.8,-2.9,3.49,2.6,15.5,0,861,241,2.9,12.7,0,0,0,0,0,0,0,254,100,62,97
ABO,1994,12,29,21,9.5,37.3,4.4,-4.3,3.19,3.6,17.6,0,861.9,222,4.6,11.3,0,0,0,0,0,0,0,257,100,62,97
ABO,1994,12,29,22,8.1,47.4,5.1,-2.4,3.71,3.5,17.5,0,860.8,243,5.2,12.4,0,0,0,0,0,0,0,260,100,62,97
ABO,1994,12,29,23,5.6,64.5,5.7,-0.6,4.13,2.8,16,1.8,863.3,285,3.2,11.6,0,0,0,0,0,0,0,264,100,62,97
ABO,1994,12,30,0,2.1,86.1,6.1,0,4.44,1.2,13.2,1.5,861.3,90,0.4,2.2,0,0,0,0,0,0,0,266,100,64,97
ABO,1994,12,30,1,4.8,72.5,6.2,0.3,4.52,2.8,16.1,1.2,859.9,240,5.2,10.1,0,0,0,0,0,0,0,266,100,64,97
ABO,1994,12,30,2,5,73.2,6.4,0.6,4.67,3,16.7,0.7,859.6,232,4.1,10.2,0,0,0,0,0,0,0,265,100,64,97
ABO,1994,12,30,3,4.3,78.6,6.6,0.9,4.82,2.8,16.4,1.9,858.8,201,4.4,10.5,0,0,0,0,0,0,0,264,100,64,97
ABO,1994,12,30,4,4.6,76.9,6.5,0.9,4.75,2.9,16.5,0.5,857.1,221,2.9,6.5,0,0,0,0,0,0,0,264,100,64,97
ABO,1994,12,30,5,4.2,79.6,6.6,1,4.82,2.7,16.3,1.3,858.8,216,2.7,11.2,0,0,0,0,0,0,0,263,100,64,97
ABO,1994,12,30,6,2.9,88.9,6.7,1.3,4.89,2.2,15.2,1.5,858.5,180,1.8,10.3,0,0,0,0,0,0,0,263,100,64,97
ABO,1994,12,30,7,4,78.1,6.4,0.5,4.67,2.4,15.7,2.3,858.7,205,4.3,12.4,15,0,15,18,18,18,18,263,100,64,97
ABO,1994,12,30,8,3.9,76.5,6.1,0.2,4.45,2.3,15.1,1.9,858.8,202,5.3,14.5,48,0,48,76,75,75,78,262,100,64,97
ABO,1994,12,30,9,2.4,83,6,-0.2,4.37,1.3,13.3,3.1,859.3,202,3.5,8.6,113,0,113,120,120,120,120,262,100,64,97
ABO,1994,12,30,10,1.4,87.9,6,-0.4,4.38,0.6,12.3,1.2,858.2,220,0.9,3,243,219,171,150,226,379,150,262,100,64,97
ABO,1994,12,30,11,1.7,86.5,6,-0.3,4.38,0.8,12.7,1.9,857.7,208,2.1,9.5,146,110,108,93,113,211,93,262,100,64,97
ABO,1994,12,30,12,2.8,76.3,5.7,-0.9,4.17,1.2,13.2,0.4,856.8,203,4.9,11.9,163,212,93,90,88,309,158,262,100,64,97
ABO,1994,12,30,13,3.5,72.4,5.7,-1,4.17,1.6,14,0.1,856.1,215,5,12.5,115,224,63,62,62,261,198,262,100,64,97
ABO,1994,12,30,14,3.2,72.5,5.6,-1.3,4.1,1.3,13.5,0,855,223,5.5,11.8,131,437,65,68,67,407,381,262,100,64,97
ABO,1994,12,30,15,3.8,69.6,5.5,-1.2,4.03,1.6,13.9,0,854.1,222,4.3,9.6,15,0,15,16,16,16,16,262,100,64,97
ABO,1994,12,30,16,4.1,68.7,5.6,-1.1,4.11,1.8,14.4,0,854.1,214,4.6,10.2,0,0,0,0,0,0,0,262,100,64,97
ABO,1994,12,30,17,3.4,77.6,6,-0.1,4.4,1.9,14.4,1,853.9,189,4.4,11.1,0,0,0,0,0,0,0,262,100,64,97
ABO,1994,12,30,18,3.7,75.9,6,-0.1,4.4,2,14.7,0.5,853.3,197,4.8,15.5,0,0,0,0,0,0,0,261,100,64,97
ABO,1994,12,30,19,2.3,85.5,6.2,0.1,4.55,1.3,13.7,1.1,854,163,2.1,9.7,0,0,0,0,0,0,0,258,100,64,97
ABO,1994,12,30,20,2.8,78.7,5.9,-0.5,4.33,1.4,13.6,1.6,854.2,201,3.5,16.2,0,0,0,0,0,0,0,256,100,64,97
ABO,1994,12,30,21,2,84.5,6,-0.3,4.4,1,13,1.8,854.3,196,2.2,9.3,0,0,0,0,0,0,0,253,100,64,97
ABO,1994,12,30,22,-0.4,91.2,5.4,-1.7,3.95,-0.9,9.5,1.3,854.7,55,2.9,7.7,0,0,0,0,0,0,0,250,100,64,97
ABO,1994,12,30,23,-0.9,91.5,5.3,-2.1,3.88,-1.4,8.8,1.1,854.7,72,1.1,4.3,0,0,0,0,0,0,0,248,100,64,97
ABO,1994,12,31,0,-0.9,91.2,5.2,-2.2,3.81,-1.4,8.6,0.5,854.3,117,0.5,2.7,0,0,0,0,0,0,0,248,100,67,97
ABO,1994,12,31,1,-0.8,91.2,5.3,-2.1,3.88,-1.3,8.9,2.6,853.9,90,0.6,2.6,0,0,0,0,0,0,0,247,100,67,97
ABO,1994,12,31,2,0.7,81.9,5.2,-2,3.81,-0.4,10.2,0.8,853.6,211,3,9.9,0,0,0,0,0,0,0,247,100,67,97
ABO,1994,12,31,3,0.4,81.8,5.1,-2.3,3.74,-0.7,9.7,0.2,854,193,2.2,11.7,0,0,0,0,0,0,0,247,100,67,97
ABO,1994,12,31,4,0.3,84.1,5.3,-2.1,3.88,-0.7,10,0.9,854.3,189,2.7,10.9,0,0,0,0,0,0,0,246,100,67,97
ABO,1994,12,31,5,-0.4,82.2,4.9,-3.1,3.59,-1.4,8.5,1.9,854.9,197,4.5,14.2,0,0,0,0,0,0,0,246,100,67,97
ABO,1994,12,31,6,0.1,74,4.6,-4,3.36,-1.5,8.5,0.3,856.1,212,2.1,8.1,0,0,0,0,0,0,0,246,100,67,97
ABO,1994,12,31,7,-0.2,69.9,4.2,-5,3.07,-2,7.4,0,856.4,206,3.3,8.7,39,0,33,29,30,30,29,246,100,67,97
ABO,1994,12,31,8,0,65.8,4,-5.6,2.92,-2,7.3,0,856.2,207,4.1,8.3,116,0,85,65,66,66,64,245,100,67,97
ABO,1994,12,31,9,0.4,63.8,4,-5.6,2.92,-1.8,7.7,0.1,856.1,207,4.5,10,174,20,137,95,106,116,93,245,100,67,97
ABO,1994,12,31,10,0.5,63.1,4,-5.7,2.92,-1.8,7.8,0,855.4,232,4.6,10.2,198,62,169,113,134,181,111,243,90,67,97
ABO,1994,12,31,11,1,57.9,3.8,-6.3,2.78,-1.7,7.9,0,854.7,238,4.4,9.7,162,30,161,107,109,141,109,242,85,67,97
ABO,1994,12,31,12,1.2,52.8,3.5,-7.4,2.56,-1.8,7.6,0,853.9,195,4.6,9.3,123,9,127,83,85,94,85,240,78,67,97
ABO,1994,12,31,13,1.2,53.4,3.6,-7.2,2.64,-1.8,7.8,0,853,207,4.6,8.8,67,52,114,76,78,125,108,242,85,67,97
ABO,1994,12,31,14,1.1,57.3,3.8,-6.4,2.78,-1.6,8.1,0,852.5,216,5.2,12,19,3,44,29,30,32,30,243,90,67,97
ABO,1994,12,31,15,0.7,62.5,4,-5.6,2.93,-1.6,8,0,852.5,239,4.6,8.4,0,0,0,0,0,0,0,243,100,67,97
ABO,1994,12,31,16,0.8,61.5,4,-5.7,2.91,-1.6,8.1,0,851.8,245,4.1,8,0,0,0,0,0,0,0,243,100,67,97
ABO,1994,12,31,17,0.7,63.2,4,-5.5,2.97,-1.6,8.1,0,851.3,246,4.8,8.6,0,0,0,0,0,0,0,243,100,67,97
ABO,1994,12,31,18,0.7,65,4.2,-5.1,3.08,-1.5,8.4,0,851,246,5.6,9.9,0,0,0,0,0,0,0,242,100,67,97
ABO,1994,12,31,19,0.7,67.5,4.3,-4.7,3.2,-1.3,8.7,0,850.7,252,4.2,8.4,0,0,0,0,0,0,0,242,100,67,97
ABO,1994,12,31,20,0.5,68.6,4.4,-4.7,3.22,-1.4,8.5,0,851.1,243,4.6,8.9,0,0,0,0,0,0,0,242,100,67,97
ABO,1994,12,31,21,0.1,67.1,4.2,-5.5,3.11,-1.9,7.9,0,852.1,224,4.1,7.4,0,0,0,0,0,0,0,242,100,67,97
ABO,1994,12,31,22,-0.2,65.5,4.1,-6.2,2.99,-2.2,7.3,0.3,853,194,3,7.8,0,0,0,0,0,0,0,241,100,67,97
ABO,1994,12,31,23,-0.5,61.1,3.7,-7.6,2.73,-2.8,6.3,1.2,854.6,217,2.2,7.3,0,0,0,0,0,0,0,241,100,67,97
